	mean	var	dispersion	gene	proba	pred
0	3.0845224781407095	0.921899289312956	0.2988790958231755	STMN1	0.2696208	False
1	3.0845224781407095	0.921899289312956	0.2988790958231755	MIR3917	0.2696208	False
2	3.0845224781407095	0.921899289312956	0.2988790958231755	PAFAH2	0.2696208	False
3	3.0845224781407095	0.921899289312956	0.2988790958231755	EXTL1	0.2696208	False
4	3.0845224781407095	0.921899289312956	0.2988790958231755	SLC30A2	0.2696208	False
5	3.0845224781407095	0.921899289312956	0.2988790958231755	TRIM63	0.2696208	False
6	3.176977239940796	1.172482355404937	0.36905595062644725	PDIK1L	0.26962188	False
7	3.176977239940796	1.172482355404937	0.36905595062644725	FAM110D	0.26962188	False
8	3.176977239940796	1.172482355404937	0.36905595062644725	ZNF593	0.26962188	False
9	3.176977239940796	1.172482355404937	0.36905595062644725	CNKSR1	0.26962188	False
10	3.176977239940796	1.172482355404937	0.36905595062644725	CATSPER4	0.26962188	False
11	3.176977239940796	1.172482355404937	0.36905595062644725	CEP85	0.26962188	False
12	3.176977239940796	1.172482355404937	0.36905595062644725	SH3BGRL3	0.26962188	False
13	3.176977239940796	1.172482355404937	0.36905595062644725	UBXN11	0.26962188	False
14	3.176977239940796	1.172482355404937	0.36905595062644725	CD52	0.26962188	False
15	3.176977239940796	1.172482355404937	0.36905595062644725	CRYBG2	0.26962188	False
16	3.176977239940796	1.172482355404937	0.36905595062644725	ZNF683	0.26962188	False
17	3.176977239940796	1.172482355404937	0.36905595062644725	LIN28A	0.26962188	False
18	3.176977239940796	1.172482355404937	0.36905595062644725	DHDDS	0.26962188	False
19	3.176977239940796	1.172482355404937	0.36905595062644725	LOC101928324	0.26962188	False
20	3.176977239940796	1.172482355404937	0.36905595062644725	HMGN2	0.26962188	False
21	3.176977239940796	1.172482355404937	0.36905595062644725	RPS6KA1	0.26962188	False
22	3.176977239940796	1.172482355404937	0.36905595062644725	MIR1976	0.26962188	False
23	3.176977239940796	1.172482355404937	0.36905595062644725	ARID1A	0.26962188	False
24	3.176977239940796	1.172482355404937	0.36905595062644725	PIGV	0.26962188	False
25	3.176977239940796	1.172482355404937	0.36905595062644725	ZDHHC18	0.26962188	False
26	3.176977239940796	1.172482355404937	0.36905595062644725	SFN	0.26962188	False
27	3.176977239940796	1.172482355404937	0.36905595062644725	GPN2	0.26962188	False
28	3.0769979465029285	1.0704723155204012	0.34789503734866484	GPATCH3	0.26962128	False
29	3.0769979465029285	1.0704723155204012	0.34789503734866484	NUDC	0.26962128	False
30	3.0769979465029285	1.0704723155204012	0.34789503734866484	NR0B2	0.26962128	False
31	3.0769979465029285	1.0704723155204012	0.34789503734866484	KDF1	0.26962128	False
32	3.0769979465029285	1.0704723155204012	0.34789503734866484	TRNP1	0.26962128	False
33	3.0769979465029285	1.0704723155204012	0.34789503734866484	TENT5B	0.26962128	False
34	3.0769979465029285	1.0704723155204012	0.34789503734866484	SLC9A1	0.26962128	False
35	3.152192974799739	1.186809493047924	0.37650280377371975	WDTC1	0.2696218	False
36	3.152192974799739	1.186809493047924	0.37650280377371975	TMEM222	0.2696218	False
37	3.152192974799739	1.186809493047924	0.37650280377371975	ACTG1P20	0.2696218	False
38	3.152192974799739	1.186809493047924	0.37650280377371975	SYTL1	0.2696218	False
39	3.152192974799739	1.186809493047924	0.37650280377371975	MAP3K6	0.2696218	False
40	3.152192974799739	1.186809493047924	0.37650280377371975	FCN3	0.2696218	False
41	3.152192974799739	1.186809493047924	0.37650280377371975	CD164L2	0.2696218	False
42	3.152192974799739	1.186809493047924	0.37650280377371975	GPR3	0.2696218	False
43	3.152192974799739	1.186809493047924	0.37650280377371975	WASF2	0.2696218	False
44	3.152192974799739	1.186809493047924	0.37650280377371975	AHDC1	0.2696218	False
45	3.152192974799739	1.186809493047924	0.37650280377371975	FGR	0.2696218	False
46	3.152192974799739	1.186809493047924	0.37650280377371975	IFI6	0.2696218	False
47	3.152192974799739	1.186809493047924	0.37650280377371975	FAM76A	0.2696218	False
48	3.152192974799739	1.186809493047924	0.37650280377371975	STX12	0.2696218	False
49	3.152192974799739	1.186809493047924	0.37650280377371975	PPP1R8	0.2696218	False
50	3.152192974799739	1.186809493047924	0.37650280377371975	SCARNA1	0.2696218	False
51	3.152192974799739	1.186809493047924	0.37650280377371975	THEMIS2	0.2696218	False
52	3.5529292085846538	2.254971394439516	0.6346795171125312	AGL	0.2696313	False
53	3.5529292085846538	2.254971394439516	0.6346795171125312	SLC35A3	0.2696313	False
54	3.5529292085846538	2.254971394439516	0.6346795171125312	MFSD14A	0.2696313	False
55	3.5529292085846538	2.254971394439516	0.6346795171125312	SASS6	0.2696313	False
56	3.7547962911646886	2.721691922696927	0.7248574121321224	TRMT13	0.26963556	False
57	3.7547962911646886	2.721691922696927	0.7248574121321224	LRRC39	0.26963556	False
58	3.7547962911646886	2.721691922696927	0.7248574121321224	DBT	0.26963556	False
59	3.7547962911646886	2.721691922696927	0.7248574121321224	RTCA-AS1	0.26963556	False
60	3.7547962911646886	2.721691922696927	0.7248574121321224	RTCA	0.26963556	False
61	3.7547962911646886	2.721691922696927	0.7248574121321224	MIR553	0.26963556	False
62	3.7547962911646886	2.721691922696927	0.7248574121321224	CDC14A	0.26963556	False
63	3.7547962911646886	2.721691922696927	0.7248574121321224	GPR88	0.26963556	False
64	3.7547962911646886	2.721691922696927	0.7248574121321224	LINC01349	0.26963556	False
65	3.7547962911646886	2.721691922696927	0.7248574121321224	VCAM1	0.26963556	False
66	3.7547962911646886	2.721691922696927	0.7248574121321224	EXTL2	0.26963556	False
67	3.6512334270635076	2.644668316920053	0.724321895531894	SLC30A7	0.26963475	False
68	3.6512334270635076	2.644668316920053	0.724321895531894	DPH5	0.26963475	False
69	3.6512334270635076	2.644668316920053	0.724321895531894	LOC102606465	0.26963475	False
70	3.766923063925627	3.237818747837682	0.8595393887507358	LOC101928370	0.2696396	False
71	3.766923063925627	3.237818747837682	0.8595393887507358	S1PR1	0.2696396	False
72	3.766923063925627	3.237818747837682	0.8595393887507358	LINC01307	0.2696396	False
73	3.4776625973219684	1.8029314029115884	0.5184319503277763	SLC25A24	0.26962644	False
74	3.4776625973219684	1.8029314029115884	0.5184319503277763	NBPF4	0.26962644	False
75	3.4776625973219684	1.8029314029115884	0.5184319503277763	NBPF6	0.26962644	False
76	3.4776625973219684	1.8029314029115884	0.5184319503277763	FAM102B	0.26962644	False
77	3.4776625973219684	1.8029314029115884	0.5184319503277763	HENMT1	0.26962644	False
78	3.4776625973219684	1.8029314029115884	0.5184319503277763	PRPF38B	0.26962644	False
79	3.4776625973219684	1.8029314029115884	0.5184319503277763	FNDC7	0.26962644	False
80	3.4776625973219684	1.8029314029115884	0.5184319503277763	STXBP3	0.26962644	False
81	3.3834672190488804	1.5276712434394766	0.4515105791002512	AKNAD1	0.26962465	False
82	3.4776625973219684	1.8029314029115884	0.5184319503277763	SPATA42	0.26962644	False
83	3.3834672190488804	1.5276712434394766	0.4515105791002512	GPSM2	0.26962465	False
84	3.3834672190488804	1.5276712434394766	0.4515105791002512	CLCC1	0.26962465	False
85	3.3834672190488804	1.5276712434394766	0.4515105791002512	WDR47	0.26962465	False
86	3.3834672190488804	1.5276712434394766	0.4515105791002512	TAF13	0.26962465	False
87	3.485341515298464	1.6141563920293995	0.4631271813520325	SCARNA2	0.2696257	False
88	3.485341515298464	1.6141563920293995	0.4631271813520325	C1orf194	0.2696257	False
89	3.485341515298464	1.6141563920293995	0.4631271813520325	KIAA1324	0.2696257	False
90	3.485341515298464	1.6141563920293995	0.4631271813520325	SARS	0.2696257	False
91	3.485341515298464	1.6141563920293995	0.4631271813520325	CELSR2	0.2696257	False
92	3.485341515298464	1.6141563920293995	0.4631271813520325	PSRC1	0.2696257	False
93	3.485341515298464	1.6141563920293995	0.4631271813520325	MYBPHL	0.2696257	False
94	3.485341515298464	1.6141563920293995	0.4631271813520325	SORT1	0.2696257	False
95	3.485341515298464	1.6141563920293995	0.4631271813520325	PSMA5	0.2696257	False
96	3.485341515298464	1.6141563920293995	0.4631271813520325	SYPL2	0.2696257	False
97	3.485341515298464	1.6141563920293995	0.4631271813520325	ATXN7L2	0.2696257	False
98	3.485341515298464	1.6141563920293995	0.4631271813520325	CYB561D1	0.2696257	False
99	3.485341515298464	1.6141563920293995	0.4631271813520325	AMIGO1	0.2696257	False
100	3.485341515298464	1.6141563920293995	0.4631271813520325	GPR61	0.2696257	False
101	3.485341515298464	1.6141563920293995	0.4631271813520325	GNAI3	0.2696257	False
102	3.485341515298464	1.6141563920293995	0.4631271813520325	MIR197	0.2696257	False
103	3.485341515298464	1.6141563920293995	0.4631271813520325	GNAT2	0.2696257	False
104	3.485341515298464	1.6141563920293995	0.4631271813520325	AMPD2	0.2696257	False
105	3.485341515298464	1.6141563920293995	0.4631271813520325	GSTM4	0.2696257	False
106	3.485341515298464	1.6141563920293995	0.4631271813520325	GSTM2	0.2696257	False
107	3.485341515298464	1.6141563920293995	0.4631271813520325	GSTM1	0.2696257	False
108	3.485341515298464	1.6141563920293995	0.4631271813520325	GSTM5	0.2696257	False
109	3.485341515298464	1.6141563920293995	0.4631271813520325	GSTM3	0.2696257	False
110	3.485341515298464	1.6141563920293995	0.4631271813520325	EPS8L3	0.2696257	False
111	3.3660319688308338	1.3665089367109566	0.40597027876286135	CSF1	0.26962426	False
112	3.3660319688308338	1.3665089367109566	0.40597027876286135	AHCYL1	0.26962426	False
113	3.3660319688308338	1.3665089367109566	0.40597027876286135	STRIP1	0.26962426	False
114	3.3660319688308338	1.3665089367109566	0.40597027876286135	ALX3	0.26962426	False
115	3.3660319688308338	1.3665089367109566	0.40597027876286135	LINC01397	0.26962426	False
116	3.3695980983890057	1.4936049849435094	0.44325908946161774	UBL4B	0.2696251	False
117	3.3695980983890057	1.4936049849435094	0.44325908946161774	SLC6A17	0.2696251	False
118	3.3695980983890057	1.4936049849435094	0.44325908946161774	LINC02586	0.2696251	False
119	3.3695980983890057	1.4936049849435094	0.44325908946161774	KCNC4	0.2696251	False
120	3.3695980983890057	1.4936049849435094	0.44325908946161774	RBM15-AS1	0.2696251	False
121	3.3695980983890057	1.4936049849435094	0.44325908946161774	RBM15	0.2696251	False
122	3.3695980983890057	1.4936049849435094	0.44325908946161774	SLC16A4	0.2696251	False
123	3.3695980983890057	1.4936049849435094	0.44325908946161774	LAMTOR5-AS1	0.2696251	False
124	3.3695980983890057	1.4936049849435094	0.44325908946161774	LAMTOR5	0.2696251	False
125	3.3695980983890057	1.4936049849435094	0.44325908946161774	PROK1	0.2696251	False
126	3.3695980983890057	1.4936049849435094	0.44325908946161774	CYMP-AS1	0.2696251	False
127	3.3695980983890057	1.4936049849435094	0.44325908946161774	KCNA10	0.2696251	False
128	3.3695980983890057	1.4936049849435094	0.44325908946161774	KCNA2	0.2696251	False
129	3.3695980983890057	1.4936049849435094	0.44325908946161774	KCNA3	0.2696251	False
130	3.3695980983890057	1.4936049849435094	0.44325908946161774	CD53	0.2696251	False
131	3.3085809136830275	1.3048308673739457	0.39437780166646774	LRIF1	0.26962388	False
132	3.3070103009699805	1.4512385379282375	0.43883701768409195	DRAM2	0.2696244	False
133	3.3070103009699805	1.4512385379282375	0.43883701768409195	CEPT1	0.2696244	False
134	3.3070103009699805	1.4512385379282375	0.43883701768409195	DENND2D	0.2696244	False
135	3.3070103009699805	1.4512385379282375	0.43883701768409195	CHI3L2	0.2696244	False
136	3.3070103009699805	1.4512385379282375	0.43883701768409195	CHIA	0.2696244	False
137	3.3070103009699805	1.4512385379282375	0.43883701768409195	PIFO	0.2696244	False
138	3.3070103009699805	1.4512385379282375	0.43883701768409195	OVGP1	0.2696244	False
139	3.3070103009699805	1.4512385379282375	0.43883701768409195	WDR77	0.2696244	False
140	3.3070103009699805	1.4512385379282375	0.43883701768409195	ATP5PB	0.2696244	False
141	3.3070103009699805	1.4512385379282375	0.43883701768409195	C1orf162	0.2696244	False
142	3.3070103009699805	1.4512385379282375	0.43883701768409195	TMIGD3	0.2696244	False
143	3.3070103009699805	1.4512385379282375	0.43883701768409195	ADORA3	0.2696244	False
144	3.3070103009699805	1.4512385379282375	0.43883701768409195	RAP1A	0.2696244	False
145	3.3070103009699805	1.4512385379282375	0.43883701768409195	LINC01160	0.2696244	False
146	3.3070103009699805	1.4512385379282375	0.43883701768409195	INKA2	0.2696244	False
147	3.3070103009699805	1.4512385379282375	0.43883701768409195	INKA2-AS1	0.2696244	False
148	3.3070103009699805	1.4512385379282375	0.43883701768409195	LOC101928718	0.2696244	False
149	3.3070103009699805	1.4512385379282375	0.43883701768409195	DDX20	0.2696244	False
150	3.243512741196768	1.264319912272147	0.38979958247540203	KCND3	0.2696232	False
151	3.3070103009699805	1.4512385379282375	0.43883701768409195	KCND3-IT1	0.2696244	False
152	3.243512741196768	1.264319912272147	0.38979958247540203	KCND3-AS1	0.2696232	False
153	3.243512741196768	1.264319912272147	0.38979958247540203	LINC01750	0.2696232	False
154	3.279917243621531	1.4598164360537087	0.44507721616837126	CTTNBP2NL	0.26962435	False
155	3.279917243621531	1.4598164360537087	0.44507721616837126	WNT2B	0.26962435	False
156	3.279917243621531	1.4598164360537087	0.44507721616837126	ST7L	0.26962435	False
157	3.279917243621531	1.4598164360537087	0.44507721616837126	CAPZA1	0.26962435	False
158	3.279917243621531	1.4598164360537087	0.44507721616837126	MOV10	0.26962435	False
159	3.279917243621531	1.4598164360537087	0.44507721616837126	RHOC	0.26962435	False
160	3.279917243621531	1.4598164360537087	0.44507721616837126	PPM1J	0.26962435	False
161	3.279917243621531	1.4598164360537087	0.44507721616837126	FAM19A3	0.26962435	False
162	3.279917243621531	1.4598164360537087	0.44507721616837126	LINC01356	0.26962435	False
163	3.4012653487496505	1.609087603448403	0.4730849958648256	BOLA1	0.26962498	False
164	3.4012653487496505	1.609087603448403	0.4730849958648256	SV2A	0.26962498	False
165	3.4012653487496505	1.609087603448403	0.4730849958648256	SF3B4	0.26962498	False
166	3.4012653487496505	1.609087603448403	0.4730849958648256	MTMR11	0.26962498	False
167	3.4012653487496505	1.609087603448403	0.4730849958648256	OTUD7B	0.26962498	False
168	3.4012653487496505	1.609087603448403	0.4730849958648256	VPS45	0.26962498	False
169	3.8063906066499995	2.454842373691305	0.6449265530979779	PLEKHO1	0.26963162	False
170	3.8063906066499995	2.454842373691305	0.6449265530979779	LOC105371433	0.26963162	False
171	3.8063906066499995	2.454842373691305	0.6449265530979779	ANP32E	0.26963162	False
172	3.8063906066499995	2.454842373691305	0.6449265530979779	CA14	0.26963162	False
173	3.8063906066499995	2.454842373691305	0.6449265530979779	APH1A	0.26963162	False
174	3.8063906066499995	2.454842373691305	0.6449265530979779	C1orf54	0.26963162	False
175	3.8063906066499995	2.454842373691305	0.6449265530979779	CIART	0.26963162	False
176	3.8063906066499995	2.454842373691305	0.6449265530979779	MRPS21	0.26963162	False
177	3.8063906066499995	2.454842373691305	0.6449265530979779	PRPF3	0.26963162	False
178	3.8063906066499995	2.454842373691305	0.6449265530979779	RPRD2	0.26963162	False
179	3.8063906066499995	2.454842373691305	0.6449265530979779	TARS2	0.26963162	False
180	3.8063906066499995	2.454842373691305	0.6449265530979779	ECM1	0.26963162	False
181	3.8063906066499995	2.454842373691305	0.6449265530979779	FALEC	0.26963162	False
182	3.8063906066499995	2.454842373691305	0.6449265530979779	ADAMTSL4	0.26963162	False
183	3.8063906066499995	2.454842373691305	0.6449265530979779	MIR4257	0.26963162	False
184	3.8063906066499995	2.454842373691305	0.6449265530979779	ADAMTSL4-AS1	0.26963162	False
185	3.8063906066499995	2.454842373691305	0.6449265530979779	MCL1	0.26963162	False
186	3.8063906066499995	2.454842373691305	0.6449265530979779	ENSA	0.26963162	False
187	3.8063906066499995	2.454842373691305	0.6449265530979779	GOLPH3L	0.26963162	False
188	3.8063906066499995	2.454842373691305	0.6449265530979779	HORMAD1	0.26963162	False
189	3.8063906066499995	2.454842373691305	0.6449265530979779	CTSS	0.26963162	False
190	3.8063906066499995	2.454842373691305	0.6449265530979779	CTSK	0.26963162	False
191	3.8063906066499995	2.454842373691305	0.6449265530979779	ARNT	0.26963162	False
192	3.6825243182712133	2.086369622381591	0.5665596319431916	SETDB1	0.26962858	False
193	3.6825243182712133	2.086369622381591	0.5665596319431916	CERS2	0.26962858	False
194	3.6825243182712133	2.086369622381591	0.5665596319431916	ANXA9	0.26962858	False
195	3.6825243182712133	2.086369622381591	0.5665596319431916	MINDY1	0.26962858	False
196	3.6825243182712133	2.086369622381591	0.5665596319431916	PRUNE1	0.26962858	False
197	3.6825243182712133	2.086369622381591	0.5665596319431916	BNIPL	0.26962858	False
198	3.6825243182712133	2.086369622381591	0.5665596319431916	C1orf56	0.26962858	False
199	3.6825243182712133	2.086369622381591	0.5665596319431916	CDC42SE1	0.26962858	False
200	3.6825243182712133	2.086369622381591	0.5665596319431916	MLLT11	0.26962858	False
201	3.6825243182712133	2.086369622381591	0.5665596319431916	GABPB2	0.26962858	False
202	3.8140643752789005	2.385661620653768	0.6254906540425968	SEMA6C	0.2696316	False
203	3.8140643752789005	2.385661620653768	0.6254906540425968	TNFAIP8L2	0.2696316	False
204	3.8140643752789005	2.385661620653768	0.6254906540425968	TNFAIP8L2-SCNM1	0.2696316	False
205	3.8140643752789005	2.385661620653768	0.6254906540425968	LYSMD1	0.2696316	False
206	3.8140643752789005	2.385661620653768	0.6254906540425968	SCNM1	0.2696316	False
207	3.8140643752789005	2.385661620653768	0.6254906540425968	TMOD4	0.2696316	False
208	3.8140643752789005	2.385661620653768	0.6254906540425968	VPS72	0.2696316	False
209	3.8140643752789005	2.385661620653768	0.6254906540425968	PIP5K1A	0.2696316	False
210	3.8140643752789005	2.385661620653768	0.6254906540425968	PSMD4	0.2696316	False
211	3.8140643752789005	2.385661620653768	0.6254906540425968	ZNF687	0.2696316	False
212	3.8140643752789005	2.385661620653768	0.6254906540425968	PI4KB	0.2696316	False
213	3.8140643752789005	2.385661620653768	0.6254906540425968	RFX5	0.2696316	False
214	3.8140643752789005	2.385661620653768	0.6254906540425968	GBAT2	0.2696316	False
215	3.8140643752789005	2.385661620653768	0.6254906540425968	SELENBP1	0.2696316	False
216	3.8140643752789005	2.385661620653768	0.6254906540425968	PSMB4	0.2696316	False
217	3.8140643752789005	2.385661620653768	0.6254906540425968	POGZ	0.2696316	False
218	3.8140643752789005	2.385661620653768	0.6254906540425968	CGN	0.2696316	False
219	3.8140643752789005	2.385661620653768	0.6254906540425968	TUFT1	0.2696316	False
220	3.8140643752789005	2.385661620653768	0.6254906540425968	MIR554	0.2696316	False
221	3.8140643752789005	2.385661620653768	0.6254906540425968	SNX27	0.2696316	False
222	3.8140643752789005	2.385661620653768	0.6254906540425968	CELF3	0.2696316	False
223	3.8140643752789005	2.385661620653768	0.6254906540425968	RIIAD1	0.2696316	False
224	3.8140643752789005	2.385661620653768	0.6254906540425968	MRPL9	0.2696316	False
225	3.8140643752789005	2.385661620653768	0.6254906540425968	OAZ3	0.2696316	False
226	3.8140643752789005	2.385661620653768	0.6254906540425968	TDRKH	0.2696316	False
227	3.8140643752789005	2.385661620653768	0.6254906540425968	LINGO4	0.2696316	False
228	3.8140643752789005	2.385661620653768	0.6254906540425968	RORC	0.2696316	False
229	3.8140643752789005	2.385661620653768	0.6254906540425968	C2CD4D	0.2696316	False
230	3.8140643752789005	2.385661620653768	0.6254906540425968	C2CD4D-AS1	0.2696316	False
231	3.8140643752789005	2.385661620653768	0.6254906540425968	THEM5	0.2696316	False
232	3.627608883349824	1.9130658125050908	0.5273627543712812	THEM4	0.26962712	False
233	3.627608883349824	1.9130658125050908	0.5273627543712812	S100A10	0.26962712	False
234	3.627608883349824	1.9130658125050908	0.5273627543712812	NBPF18P	0.26962712	False
235	3.627608883349824	1.9130658125050908	0.5273627543712812	S100A11	0.26962712	False
236	3.627608883349824	1.9130658125050908	0.5273627543712812	TCHHL1	0.26962712	False
237	3.5418762962466332	1.9385199141450868	0.5473144040065314	TCHH	0.2696269	False
238	3.5418762962466332	1.9385199141450868	0.5473144040065314	RPTN	0.2696269	False
239	3.5418762962466332	1.9385199141450868	0.5473144040065314	FLG-AS1	0.2696269	False
240	3.5418762962466332	1.9385199141450868	0.5473144040065314	HRNR	0.2696269	False
241	3.5418762962466332	1.9385199141450868	0.5473144040065314	FLG	0.2696269	False
242	3.5418762962466332	1.9385199141450868	0.5473144040065314	FLG2	0.2696269	False
243	3.5418762962466332	1.9385199141450868	0.5473144040065314	CRNN	0.2696269	False
244	3.5418762962466332	1.9385199141450868	0.5473144040065314	LCE5A	0.2696269	False
245	3.5418762962466332	1.9385199141450868	0.5473144040065314	CRCT1	0.2696269	False
246	3.5418762962466332	1.9385199141450868	0.5473144040065314	LCE3E	0.2696269	False
247	3.5418762962466332	1.9385199141450868	0.5473144040065314	LCE3D	0.2696269	False
248	3.5418762962466332	1.9385199141450868	0.5473144040065314	LCE3C	0.2696269	False
249	3.5418762962466332	1.9385199141450868	0.5473144040065314	LCE3B	0.2696269	False
250	3.5418762962466332	1.9385199141450868	0.5473144040065314	LCE3A	0.2696269	False
251	3.5418762962466332	1.9385199141450868	0.5473144040065314	LCE2D	0.2696269	False
252	3.5418762962466332	1.9385199141450868	0.5473144040065314	LCE2C	0.2696269	False
253	3.5418762962466332	1.9385199141450868	0.5473144040065314	LCE2B	0.2696269	False
254	3.5418762962466332	1.9385199141450868	0.5473144040065314	LCE2A	0.2696269	False
255	3.5418762962466332	1.9385199141450868	0.5473144040065314	LCE4A	0.2696269	False
256	3.5418762962466332	1.9385199141450868	0.5473144040065314	C1orf68	0.2696269	False
257	3.5418762962466332	1.9385199141450868	0.5473144040065314	LCE1F	0.2696269	False
258	3.5418762962466332	1.9385199141450868	0.5473144040065314	LCE1E	0.2696269	False
259	3.5418762962466332	1.9385199141450868	0.5473144040065314	LCE1D	0.2696269	False
260	3.5418762962466332	1.9385199141450868	0.5473144040065314	LCE1C	0.2696269	False
261	3.5418762962466332	1.9385199141450868	0.5473144040065314	LCE1B	0.2696269	False
262	3.5418762962466332	1.9385199141450868	0.5473144040065314	LCE1A	0.2696269	False
263	3.5418762962466332	1.9385199141450868	0.5473144040065314	LCE6A	0.2696269	False
264	3.5418762962466332	1.9385199141450868	0.5473144040065314	SMCP	0.2696269	False
265	3.528196025922336	1.635752078999108	0.46362278824105074	IVL	0.26962486	False
266	3.528196025922336	1.635752078999108	0.46362278824105074	SPRR4	0.26962486	False
267	3.528196025922336	1.635752078999108	0.46362278824105074	SPRR3	0.26962486	False
268	3.528196025922336	1.635752078999108	0.46362278824105074	SPRR1B	0.26962486	False
269	3.528196025922336	1.635752078999108	0.46362278824105074	SPRR2D	0.26962486	False
270	3.528196025922336	1.635752078999108	0.46362278824105074	SPRR2A	0.26962486	False
271	3.528196025922336	1.635752078999108	0.46362278824105074	SPRR2E	0.26962486	False
272	3.4133500503485803	1.612354733708923	0.4723672374429529	SPRR2F	0.2696249	False
273	3.4133500503485803	1.612354733708923	0.4723672374429529	SPRR2G	0.2696249	False
274	3.4133500503485803	1.612354733708923	0.4723672374429529	LOC101928009	0.2696249	False
275	3.4133500503485803	1.612354733708923	0.4723672374429529	LELP1	0.2696249	False
276	3.4133500503485803	1.612354733708923	0.4723672374429529	PRR9	0.2696249	False
277	3.4133500503485803	1.612354733708923	0.4723672374429529	LOR	0.2696249	False
278	3.4133500503485803	1.612354733708923	0.4723672374429529	PGLYRP3	0.2696249	False
279	3.4133500503485803	1.612354733708923	0.4723672374429529	PGLYRP4	0.2696249	False
280	3.4133500503485803	1.612354733708923	0.4723672374429529	S100A9	0.2696249	False
281	3.4133500503485803	1.612354733708923	0.4723672374429529	S100A12	0.2696249	False
282	3.4133500503485803	1.612354733708923	0.4723672374429529	S100A8	0.2696249	False
283	3.4133500503485803	1.612354733708923	0.4723672374429529	S100A7A	0.2696249	False
284	3.4133500503485803	1.612354733708923	0.4723672374429529	S100A7L2	0.2696249	False
285	3.4133500503485803	1.612354733708923	0.4723672374429529	S100A7	0.2696249	False
286	3.4133500503485803	1.612354733708923	0.4723672374429529	S100A6	0.2696249	False
287	3.4133500503485803	1.612354733708923	0.4723672374429529	S100A5	0.2696249	False
288	3.4133500503485803	1.612354733708923	0.4723672374429529	S100A4	0.2696249	False
289	3.4133500503485803	1.612354733708923	0.4723672374429529	S100A3	0.2696249	False
290	3.4133500503485803	1.612354733708923	0.4723672374429529	S100A2	0.2696249	False
291	3.4133500503485803	1.612354733708923	0.4723672374429529	S100A16	0.2696249	False
292	3.4133500503485803	1.612354733708923	0.4723672374429529	S100A14	0.2696249	False
293	3.4133500503485803	1.612354733708923	0.4723672374429529	S100A13	0.2696249	False
294	3.4133500503485803	1.612354733708923	0.4723672374429529	S100A1	0.2696249	False
295	3.4133500503485803	1.612354733708923	0.4723672374429529	CHTOP	0.2696249	False
296	3.4133500503485803	1.612354733708923	0.4723672374429529	SNAPIN	0.2696249	False
297	3.4133500503485803	1.612354733708923	0.4723672374429529	ILF2	0.2696249	False
298	3.4133500503485803	1.612354733708923	0.4723672374429529	NPR1	0.2696249	False
299	3.4133500503485803	1.612354733708923	0.4723672374429529	MIR8083	0.2696249	False
300	3.4133500503485803	1.612354733708923	0.4723672374429529	INTS3	0.2696249	False
301	3.4133500503485803	1.612354733708923	0.4723672374429529	SLC27A3	0.2696249	False
302	3.350753079584533	1.294354676390311	0.38628769284032144	GATAD2B	0.26962292	False
303	3.350753079584533	1.294354676390311	0.38628769284032144	DENND4B	0.26962292	False
304	3.350753079584533	1.294354676390311	0.38628769284032144	CRTC2	0.26962292	False
305	3.350753079584533	1.294354676390311	0.38628769284032144	SLC39A1	0.26962292	False
306	3.350753079584533	1.294354676390311	0.38628769284032144	MIR6737	0.26962292	False
307	3.350753079584533	1.294354676390311	0.38628769284032144	CREB3L4	0.26962292	False
308	3.350753079584533	1.294354676390311	0.38628769284032144	JTB	0.26962292	False
309	3.350753079584533	1.294354676390311	0.38628769284032144	RAB13	0.26962292	False
310	3.350753079584533	1.294354676390311	0.38628769284032144	RPS27	0.26962292	False
311	3.350753079584533	1.294354676390311	0.38628769284032144	NUP210L	0.26962292	False
312	3.3641445167703927	1.3607472380758219	0.40448536954712955	MIR5698	0.2696232	False
313	3.3641445167703927	1.3607472380758219	0.40448536954712955	TPM3	0.2696232	False
314	3.3641445167703927	1.3607472380758219	0.40448536954712955	MIR190B	0.2696232	False
315	3.3641445167703927	1.3607472380758219	0.40448536954712955	C1orf189	0.2696232	False
316	3.3641445167703927	1.3607472380758219	0.40448536954712955	C1orf43	0.2696232	False
317	3.3641445167703927	1.3607472380758219	0.40448536954712955	UBAP2L	0.2696232	False
318	3.3641445167703927	1.3607472380758219	0.40448536954712955	HAX1	0.2696232	False
319	3.3641445167703927	1.3607472380758219	0.40448536954712955	AQP10	0.2696232	False
320	3.3641445167703927	1.3607472380758219	0.40448536954712955	ATP8B2	0.2696232	False
321	3.3641445167703927	1.3607472380758219	0.40448536954712955	IL6R	0.2696232	False
322	3.3641445167703927	1.3607472380758219	0.40448536954712955	SHE	0.2696232	False
323	3.3641445167703927	1.3607472380758219	0.40448536954712955	TDRD10	0.2696232	False
324	3.3641445167703927	1.3607472380758219	0.40448536954712955	UBE2Q1	0.2696232	False
325	3.3641445167703927	1.3607472380758219	0.40448536954712955	UBE2Q1-AS1	0.2696232	False
326	3.3641445167703927	1.3607472380758219	0.40448536954712955	CHRNB2	0.2696232	False
327	3.3641445167703927	1.3607472380758219	0.40448536954712955	ADAR	0.2696232	False
328	3.3641445167703927	1.3607472380758219	0.40448536954712955	KCNN3	0.2696232	False
329	3.2975357906300062	1.1185115633297766	0.339196185984711	PMVK	0.26962242	False
330	3.2975357906300062	1.1185115633297766	0.339196185984711	PBXIP1	0.26962242	False
331	3.2975357906300062	1.1185115633297766	0.339196185984711	PYGO2	0.26962242	False
332	3.2975357906300062	1.1185115633297766	0.339196185984711	SHC1	0.26962242	False
333	3.2975357906300062	1.1185115633297766	0.339196185984711	CKS1B	0.26962242	False
334	3.2975357906300062	1.1185115633297766	0.339196185984711	MIR4258	0.26962242	False
335	3.2975357906300062	1.1185115633297766	0.339196185984711	FLAD1	0.26962242	False
336	3.2975357906300062	1.1185115633297766	0.339196185984711	LENEP	0.26962242	False
337	3.2975357906300062	1.1185115633297766	0.339196185984711	ZBTB7B	0.26962242	False
338	3.2975357906300062	1.1185115633297766	0.339196185984711	DCST2	0.26962242	False
339	3.2975357906300062	1.1185115633297766	0.339196185984711	DCST1	0.26962242	False
340	3.2975357906300062	1.1185115633297766	0.339196185984711	DCST1-AS1	0.26962242	False
341	3.2975357906300062	1.1185115633297766	0.339196185984711	ADAM15	0.26962242	False
342	3.2975357906300062	1.1185115633297766	0.339196185984711	EFNA4	0.26962242	False
343	3.2975357906300062	1.1185115633297766	0.339196185984711	EFNA3	0.26962242	False
344	3.3737406364097478	1.2104134538773772	0.35877489834709686	EFNA1	0.26962274	False
345	3.3737406364097478	1.2104134538773772	0.35877489834709686	SLC50A1	0.26962274	False
346	3.3737406364097478	1.2104134538773772	0.35877489834709686	DPM3	0.26962274	False
347	3.3737406364097478	1.2104134538773772	0.35877489834709686	KRTCAP2	0.26962274	False
348	3.3737406364097478	1.2104134538773772	0.35877489834709686	TRIM46	0.26962274	False
349	3.3737406364097478	1.2104134538773772	0.35877489834709686	MUC1	0.26962274	False
350	3.3737406364097478	1.2104134538773772	0.35877489834709686	MIR92B	0.26962274	False
351	3.3737406364097478	1.2104134538773772	0.35877489834709686	THBS3	0.26962274	False
352	3.3737406364097478	1.2104134538773772	0.35877489834709686	MTX1	0.26962274	False
353	3.3737406364097478	1.2104134538773772	0.35877489834709686	GBA	0.26962274	False
354	3.3737406364097478	1.2104134538773772	0.35877489834709686	FAM189B	0.26962274	False
355	3.3737406364097478	1.2104134538773772	0.35877489834709686	SCAMP3	0.26962274	False
356	3.3737406364097478	1.2104134538773772	0.35877489834709686	CLK2	0.26962274	False
357	3.3737406364097478	1.2104134538773772	0.35877489834709686	HCN3	0.26962274	False
358	3.3737406364097478	1.2104134538773772	0.35877489834709686	PKLR	0.26962274	False
359	3.3737406364097478	1.2104134538773772	0.35877489834709686	FDPS	0.26962274	False
360	3.3737406364097478	1.2104134538773772	0.35877489834709686	RUSC1-AS1	0.26962274	False
361	3.3737406364097478	1.2104134538773772	0.35877489834709686	RUSC1	0.26962274	False
362	3.3737406364097478	1.2104134538773772	0.35877489834709686	ASH1L	0.26962274	False
363	3.3737406364097478	1.2104134538773772	0.35877489834709686	MIR555	0.26962274	False
364	3.3737406364097478	1.2104134538773772	0.35877489834709686	MSTO2P	0.26962274	False
365	3.3737406364097478	1.2104134538773772	0.35877489834709686	MSTO1	0.26962274	False
366	3.3737406364097478	1.2104134538773772	0.35877489834709686	YY1AP1	0.26962274	False
367	3.3737406364097478	1.2104134538773772	0.35877489834709686	DAP3	0.26962274	False
368	3.3737406364097478	1.2104134538773772	0.35877489834709686	GON4L	0.26962274	False
369	3.3737406364097478	1.2104134538773772	0.35877489834709686	SYT11	0.26962274	False
370	3.269139325312136	1.1692971879127543	0.3576773797492128	RIT1	0.2696224	False
371	3.269139325312136	1.1692971879127543	0.3576773797492128	KHDC4	0.2696224	False
372	3.269139325312136	1.1692971879127543	0.3576773797492128	SNORA80E	0.2696224	False
373	3.269139325312136	1.1692971879127543	0.3576773797492128	SCARNA4	0.2696224	False
374	3.269139325312136	1.1692971879127543	0.3576773797492128	RXFP4	0.2696224	False
375	3.269139325312136	1.1692971879127543	0.3576773797492128	ARHGEF2	0.2696224	False
376	3.269139325312136	1.1692971879127543	0.3576773797492128	MIR6738	0.2696224	False
377	3.269139325312136	1.1692971879127543	0.3576773797492128	SSR2	0.2696224	False
378	3.269139325312136	1.1692971879127543	0.3576773797492128	UBQLN4	0.2696224	False
379	3.269139325312136	1.1692971879127543	0.3576773797492128	LAMTOR2	0.2696224	False
380	3.269139325312136	1.1692971879127543	0.3576773797492128	RAB25	0.2696224	False
381	3.269139325312136	1.1692971879127543	0.3576773797492128	MEX3A	0.2696224	False
382	3.269139325312136	1.1692971879127543	0.3576773797492128	LMNA	0.2696224	False
383	3.240795212212228	1.4322635028050976	0.4419481667363386	SEMA4A	0.2696237	False
384	3.240795212212228	1.4322635028050976	0.4419481667363386	SLC25A44	0.2696237	False
385	3.240795212212228	1.4322635028050976	0.4419481667363386	PMF1-BGLAP	0.2696237	False
386	3.240795212212228	1.4322635028050976	0.4419481667363386	PMF1	0.2696237	False
387	3.240795212212228	1.4322635028050976	0.4419481667363386	BGLAP	0.2696237	False
388	3.240795212212228	1.4322635028050976	0.4419481667363386	PAQR6	0.2696237	False
389	3.240795212212228	1.4322635028050976	0.4419481667363386	SMG5	0.2696237	False
390	3.240795212212228	1.4322635028050976	0.4419481667363386	TMEM79	0.2696237	False
391	3.240795212212228	1.4322635028050976	0.4419481667363386	GLMP	0.2696237	False
392	3.240795212212228	1.4322635028050976	0.4419481667363386	VHLL	0.2696237	False
393	3.240795212212228	1.4322635028050976	0.4419481667363386	CCT3	0.2696237	False
394	3.240795212212228	1.4322635028050976	0.4419481667363386	TSACC	0.2696237	False
395	3.240795212212228	1.4322635028050976	0.4419481667363386	RHBG	0.2696237	False
396	3.240795212212228	1.4322635028050976	0.4419481667363386	C1orf61	0.2696237	False
397	3.240795212212228	1.4322635028050976	0.4419481667363386	MEF2D	0.2696237	False
398	3.240795212212228	1.4322635028050976	0.4419481667363386	IQGAP3	0.2696237	False
399	3.240795212212228	1.4322635028050976	0.4419481667363386	TTC24	0.2696237	False
400	3.240795212212228	1.4322635028050976	0.4419481667363386	NAXE	0.2696237	False
401	3.240795212212228	1.4322635028050976	0.4419481667363386	GPATCH4	0.2696237	False
402	3.240795212212228	1.4322635028050976	0.4419481667363386	HAPLN2	0.2696237	False
403	3.240795212212228	1.4322635028050976	0.4419481667363386	BCAN	0.2696237	False
404	3.240795212212228	1.4322635028050976	0.4419481667363386	NES	0.2696237	False
405	3.240795212212228	1.4322635028050976	0.4419481667363386	CRABP2	0.2696237	False
406	3.240795212212228	1.4322635028050976	0.4419481667363386	ISG20L2	0.2696237	False
407	3.240795212212228	1.4322635028050976	0.4419481667363386	RRNAD1	0.2696237	False
408	3.240795212212228	1.4322635028050976	0.4419481667363386	MRPL24	0.2696237	False
409	3.240795212212228	1.4322635028050976	0.4419481667363386	HDGF	0.2696237	False
410	3.240795212212228	1.4322635028050976	0.4419481667363386	PRCC	0.2696237	False
411	3.240795212212228	1.4322635028050976	0.4419481667363386	SH2D2A	0.2696237	False
412	3.240795212212228	1.4322635028050976	0.4419481667363386	NTRK1	0.2696237	False
413	3.240795212212228	1.4322635028050976	0.4419481667363386	INSRR	0.2696237	False
414	3.0843185213756064	1.3281364123782589	0.43060935606154904	PEAR1	0.26962262	False
415	3.0843185213756064	1.3281364123782589	0.43060935606154904	LRRC71	0.26962262	False
416	3.0843185213756064	1.3281364123782589	0.43060935606154904	ARHGEF11	0.26962262	False
417	3.0843185213756064	1.3281364123782589	0.43060935606154904	MIR765	0.26962262	False
418	3.0843185213756064	1.3281364123782589	0.43060935606154904	ETV3L	0.26962262	False
419	3.1278297511458715	1.3471551261864692	0.43069963308998604	KIRREL1	0.26962292	False
420	3.3249922776495007	1.524357936598796	0.45845457953255553	PYHIN1	0.2696242	False
421	3.3249922776495007	1.524357936598796	0.45845457953255553	IFI16	0.2696242	False
422	3.3249922776495007	1.524357936598796	0.45845457953255553	AIM2	0.2696242	False
423	3.5085998163545917	1.9894151931046846	0.5670111432576177	CADM3	0.26962778	False
424	3.5085998163545917	1.9894151931046846	0.5670111432576177	CADM3-AS1	0.26962778	False
425	3.5085998163545917	1.9894151931046846	0.5670111432576177	ACKR1	0.26962778	False
426	3.5085998163545917	1.9894151931046846	0.5670111432576177	FCER1A	0.26962778	False
427	3.5085998163545917	1.9894151931046846	0.5670111432576177	OR10J3	0.26962778	False
428	3.5085998163545917	1.9894151931046846	0.5670111432576177	OR10J1	0.26962778	False
429	3.5085998163545917	1.9894151931046846	0.5670111432576177	OR10J5	0.26962778	False
430	3.5085998163545917	1.9894151931046846	0.5670111432576177	APCS	0.26962778	False
431	3.5085998163545917	1.9894151931046846	0.5670111432576177	CRP	0.26962778	False
432	3.5085998163545917	1.9894151931046846	0.5670111432576177	DUSP23	0.26962778	False
433	3.5085998163545917	1.9894151931046846	0.5670111432576177	FCRL6	0.26962778	False
434	3.5085998163545917	1.9894151931046846	0.5670111432576177	SLAMF8	0.26962778	False
435	3.5085998163545917	1.9894151931046846	0.5670111432576177	SNHG28	0.26962778	False
436	3.5085998163545917	1.9894151931046846	0.5670111432576177	VSIG8	0.26962778	False
437	3.5623294731316326	1.809824147721803	0.5080451320890295	CFAP45	0.26962718	False
438	3.5623294731316326	1.809824147721803	0.5080451320890295	MIR4259	0.26962718	False
439	3.5623294731316326	1.809824147721803	0.5080451320890295	TAGLN2	0.26962718	False
440	3.5623294731316326	1.809824147721803	0.5080451320890295	IGSF9	0.26962718	False
441	3.5623294731316326	1.809824147721803	0.5080451320890295	SLAMF9	0.26962718	False
442	3.5623294731316326	1.809824147721803	0.5080451320890295	LINC01133	0.26962718	False
443	3.5623294731316326	1.809824147721803	0.5080451320890295	PIGM	0.26962718	False
444	3.5623294731316326	1.809824147721803	0.5080451320890295	KCNJ10	0.26962718	False
445	3.5623294731316326	1.809824147721803	0.5080451320890295	KCNJ9	0.26962718	False
446	3.5623294731316326	1.809824147721803	0.5080451320890295	IGSF8	0.26962718	False
447	3.890643025334001	2.2279832795211822	0.5726516837997276	ATP1A2	0.26963213	False
448	3.890643025334001	2.2279832795211822	0.5726516837997276	ATP1A4	0.26963213	False
449	3.890643025334001	2.2279832795211822	0.5726516837997276	CASQ1	0.26963213	False
450	3.890643025334001	2.2279832795211822	0.5726516837997276	LOC729867	0.26963213	False
451	3.890643025334001	2.2279832795211822	0.5726516837997276	PEA15	0.26963213	False
452	3.890643025334001	2.2279832795211822	0.5726516837997276	DCAF8	0.26963213	False
453	3.890643025334001	2.2279832795211822	0.5726516837997276	PEX19	0.26963213	False
454	3.890643025334001	2.2279832795211822	0.5726516837997276	COPA	0.26963213	False
455	3.890643025334001	2.2279832795211822	0.5726516837997276	NCSTN	0.26963213	False
456	3.890643025334001	2.2279832795211822	0.5726516837997276	NHLH1	0.26963213	False
457	3.890643025334001	2.2279832795211822	0.5726516837997276	VANGL2	0.26963213	False
458	3.890643025334001	2.2279832795211822	0.5726516837997276	SLAMF6	0.26963213	False
459	3.890643025334001	2.2279832795211822	0.5726516837997276	CD84	0.26963213	False
460	3.890643025334001	2.2279832795211822	0.5726516837997276	SLAMF1	0.26963213	False
461	3.890643025334001	2.2279832795211822	0.5726516837997276	CD48	0.26963213	False
462	3.890643025334001	2.2279832795211822	0.5726516837997276	SLAMF7	0.26963213	False
463	3.890643025334001	2.2279832795211822	0.5726516837997276	LY9	0.26963213	False
464	3.890643025334001	2.2279832795211822	0.5726516837997276	CD244	0.26963213	False
465	3.890643025334001	2.2279832795211822	0.5726516837997276	ITLN1	0.26963213	False
466	3.7567698977068225	1.7639556363523972	0.46954050537647696	LOC101928372	0.2696285	False
467	3.7567698977068225	1.7639556363523972	0.46954050537647696	ITLN2	0.2696285	False
468	3.7567698977068225	1.7639556363523972	0.46954050537647696	F11R	0.2696285	False
469	3.7567698977068225	1.7639556363523972	0.46954050537647696	TSTD1	0.2696285	False
470	3.7567698977068225	1.7639556363523972	0.46954050537647696	USF1	0.2696285	False
471	3.7567698977068225	1.7639556363523972	0.46954050537647696	ARHGAP30	0.2696285	False
472	3.7567698977068225	1.7639556363523972	0.46954050537647696	NECTIN4	0.2696285	False
473	3.7567698977068225	1.7639556363523972	0.46954050537647696	KLHDC9	0.2696285	False
474	3.8479508683762513	1.7741719518535095	0.46106928402705155	PFDN2	0.26962912	False
475	3.8479508683762513	1.7741719518535095	0.46106928402705155	NIT1	0.26962912	False
476	3.8479508683762513	1.7741719518535095	0.46106928402705155	DEDD	0.26962912	False
477	3.8479508683762513	1.7741719518535095	0.46106928402705155	UFC1	0.26962912	False
478	3.8479508683762513	1.7741719518535095	0.46106928402705155	USP21	0.26962912	False
479	3.8479508683762513	1.7741719518535095	0.46106928402705155	PPOX	0.26962912	False
480	3.8479508683762513	1.7741719518535095	0.46106928402705155	B4GALT3	0.26962912	False
481	3.8479508683762513	1.7741719518535095	0.46106928402705155	ADAMTS4	0.26962912	False
482	3.8479508683762513	1.7741719518535095	0.46106928402705155	NDUFS2	0.26962912	False
483	3.8479508683762513	1.7741719518535095	0.46106928402705155	FCER1G	0.26962912	False
484	3.8479508683762513	1.7741719518535095	0.46106928402705155	APOA2	0.26962912	False
485	3.8479508683762513	1.7741719518535095	0.46106928402705155	TOMM40L	0.26962912	False
486	3.8479508683762513	1.7741719518535095	0.46106928402705155	MIR5187	0.26962912	False
487	3.8479508683762513	1.7741719518535095	0.46106928402705155	NR1I3	0.26962912	False
488	3.8479508683762513	1.7741719518535095	0.46106928402705155	PCP4L1	0.26962912	False
489	3.8479508683762513	1.7741719518535095	0.46106928402705155	MPZ	0.26962912	False
490	3.8479508683762513	1.7741719518535095	0.46106928402705155	SDHC	0.26962912	False
491	3.8479508683762513	1.7741719518535095	0.46106928402705155	CFAP126	0.26962912	False
492	3.8479508683762513	1.7741719518535095	0.46106928402705155	FCGR2A	0.26962912	False
493	3.8479508683762513	1.7741719518535095	0.46106928402705155	HSPA6	0.26962912	False
494	3.8479508683762513	1.7741719518535095	0.46106928402705155	FCGR3A	0.26962912	False
495	3.8479508683762513	1.7741719518535095	0.46106928402705155	FCGR2C	0.26962912	False
496	3.8479508683762513	1.7741719518535095	0.46106928402705155	FCGR3B	0.26962912	False
497	3.8479508683762513	1.7741719518535095	0.46106928402705155	FCGR2B	0.26962912	False
498	3.8479508683762513	1.7741719518535095	0.46106928402705155	FCRLA	0.26962912	False
499	3.8479508683762513	1.7741719518535095	0.46106928402705155	FCRLB	0.26962912	False
500	3.8479508683762513	1.7741719518535095	0.46106928402705155	DUSP12	0.26962912	False
501	3.38610319631726	1.2304277393530767	0.36337573547412705	ATF6	0.2696237	False
502	3.38610319631726	1.2304277393530767	0.36337573547412705	OLFML2B	0.2696237	False
503	3.38610319631726	1.2304277393530767	0.36337573547412705	NOS1AP	0.2696237	False
504	3.4484895995915013	1.5854803652590892	0.45976080816566794	LINC01363	0.26962635	False
505	3.4484895995915013	1.5854803652590892	0.45976080816566794	POU2F1	0.26962635	False
506	3.4484895995915013	1.5854803652590892	0.45976080816566794	CD247	0.26962635	False
507	3.4484895995915013	1.5854803652590892	0.45976080816566794	CREG1	0.26962635	False
508	3.4484895995915013	1.5854803652590892	0.45976080816566794	RCSD1	0.26962635	False
509	3.4484895995915013	1.5854803652590892	0.45976080816566794	MPZL1	0.26962635	False
510	3.398743401023402	1.3844124157586946	0.40733066678167923	ADCY10	0.26962495	False
511	3.398743401023402	1.3844124157586946	0.40733066678167923	MPC2	0.26962495	False
512	3.398743401023402	1.3844124157586946	0.40733066678167923	DCAF6	0.26962495	False
513	3.398743401023402	1.3844124157586946	0.40733066678167923	MIR1255B2	0.26962495	False
514	3.398743401023402	1.3844124157586946	0.40733066678167923	GPR161	0.26962495	False
515	3.5762874267881037	1.6988226142505793	0.47502407147859127	TIPRL	0.26962772	False
516	3.5762874267881037	1.6988226142505793	0.47502407147859127	SFT2D2	0.26962772	False
517	3.5762874267881037	1.6988226142505793	0.47502407147859127	TBX19	0.26962772	False
518	3.5762874267881037	1.6988226142505793	0.47502407147859127	MIR557	0.26962772	False
519	3.5762874267881037	1.6988226142505793	0.47502407147859127	LOC100505918	0.26962772	False
520	3.5762874267881037	1.6988226142505793	0.47502407147859127	LOC101928565	0.26962772	False
521	3.5762874267881037	1.6988226142505793	0.47502407147859127	XCL2	0.26962772	False
522	3.5762874267881037	1.6988226142505793	0.47502407147859127	XCL1	0.26962772	False
523	3.5762874267881037	1.6988226142505793	0.47502407147859127	DPT	0.26962772	False
524	3.5762874267881037	1.6988226142505793	0.47502407147859127	LINC00626	0.26962772	False
525	3.4978529598409827	1.5458953448364947	0.4419554974394273	LINC00970	0.26962647	False
526	3.613043327733062	1.8719897014475622	0.5181199148868519	ATP1B1	0.26962817	False
527	3.613043327733062	1.8719897014475622	0.5181199148868519	NME7	0.26962817	False
528	3.613043327733062	1.8719897014475622	0.5181199148868519	BLZF1	0.26962817	False
529	3.613043327733062	1.8719897014475622	0.5181199148868519	CCDC181	0.26962817	False
530	3.613043327733062	1.8719897014475622	0.5181199148868519	SLC19A2	0.26962817	False
531	3.613043327733062	1.8719897014475622	0.5181199148868519	F5	0.26962817	False
532	3.613043327733062	1.8719897014475622	0.5181199148868519	SELP	0.26962817	False
533	3.613043327733062	1.8719897014475622	0.5181199148868519	C1orf112	0.26962817	False
534	3.613043327733062	1.8719897014475622	0.5181199148868519	SELL	0.26962817	False
535	3.613043327733062	1.8719897014475622	0.5181199148868519	SELE	0.26962817	False
536	3.613043327733062	1.8719897014475622	0.5181199148868519	METTL18	0.26962817	False
537	3.613043327733062	1.8719897014475622	0.5181199148868519	SCYL3	0.26962817	False
538	3.5389391996152346	1.558169699530364	0.4402928707279779	KIFAP3	0.2696265	False
539	3.4989730250547963	1.7266346004973288	0.49346896593187894	METTL11B	0.26962712	False
540	3.4989730250547963	1.7266346004973288	0.49346896593187894	MIR3119-2	0.26962712	False
541	3.4989730250547963	1.7266346004973288	0.49346896593187894	LINC01142	0.26962712	False
542	3.4989730250547963	1.7266346004973288	0.49346896593187894	GORAB-AS1	0.26962712	False
543	3.4989730250547963	1.7266346004973288	0.49346896593187894	GORAB	0.26962712	False
544	3.4989730250547963	1.7266346004973288	0.49346896593187894	PRRX1	0.26962712	False
545	3.5108331477194876	1.595656859104597	0.45449521294997425	MROH9	0.26962635	False
546	3.5108331477194876	1.595656859104597	0.45449521294997425	FMO3	0.26962635	False
547	3.5979009950163965	1.9205212438663959	0.5337893528828588	MIR1295A	0.26962817	False
548	3.5979009950163965	1.9205212438663959	0.5337893528828588	FMO2	0.26962817	False
549	3.5979009950163965	1.9205212438663959	0.5337893528828588	FMO1	0.26962817	False
550	3.5979009950163965	1.9205212438663959	0.5337893528828588	FMO4	0.26962817	False
551	3.5979009950163965	1.9205212438663959	0.5337893528828588	PRRC2C	0.26962817	False
552	3.5979009950163965	1.9205212438663959	0.5337893528828588	MYOC	0.26962817	False
553	3.5979009950163965	1.9205212438663959	0.5337893528828588	VAMP4	0.26962817	False
554	3.5979009950163965	1.9205212438663959	0.5337893528828588	EEF1AKNMT	0.26962817	False
555	3.6925610497726824	1.8529536470540917	0.5018071799159993	DNM3	0.26962912	False
556	3.5979009950163965	1.9205212438663959	0.5337893528828588	DNM3-IT1	0.26962817	False
557	3.853621786992805	2.269048476081047	0.5888093335313301	DNM3OS	0.26963246	False
558	3.853621786992805	2.269048476081047	0.5888093335313301	MIR214	0.26963246	False
559	3.853621786992805	2.269048476081047	0.5888093335313301	MIR199A2	0.26963246	False
560	3.853621786992805	2.269048476081047	0.5888093335313301	PIGC	0.26963246	False
561	3.853621786992805	2.269048476081047	0.5888093335313301	C1orf105	0.26963246	False
562	3.853621786992805	2.269048476081047	0.5888093335313301	SUCO	0.26963246	False
563	3.853621786992805	2.269048476081047	0.5888093335313301	FASLG	0.26963246	False
564	3.617312482345885	1.8970879367960691	0.5244467947004062	TNFSF18	0.2696289	False
565	3.6981088698237863	2.233875247353517	0.6040588111349898	TNFSF4	0.26963055	False
566	3.6981088698237863	2.233875247353517	0.6040588111349898	LOC101928673	0.26963055	False
567	3.6981088698237863	2.233875247353517	0.6040588111349898	PRDX6	0.26963055	False
568	3.6981088698237863	2.233875247353517	0.6040588111349898	SLC9C2	0.26963055	False
569	3.6981088698237863	2.233875247353517	0.6040588111349898	ANKRD45	0.26963055	False
570	3.6981088698237863	2.233875247353517	0.6040588111349898	TEX50	0.26963055	False
571	3.6981088698237863	2.233875247353517	0.6040588111349898	KLHL20	0.26963055	False
572	3.6981088698237863	2.233875247353517	0.6040588111349898	CENPL	0.26963055	False
573	3.6981088698237863	2.233875247353517	0.6040588111349898	DARS2	0.26963055	False
574	3.6981088698237863	2.233875247353517	0.6040588111349898	GAS5-AS1	0.26963055	False
575	3.6981088698237863	2.233875247353517	0.6040588111349898	GAS5	0.26963055	False
576	3.414261246831145	1.7984417368208672	0.5267440323994078	ZBTB37	0.26962668	False
577	3.414261246831145	1.7984417368208672	0.5267440323994078	SERPINC1	0.26962668	False
578	3.414261246831145	1.7984417368208672	0.5267440323994078	RC3H1	0.26962668	False
579	3.372223388299824	1.8722034995126942	0.5551837123271375	LOC102724601	0.26962745	False
580	3.372223388299824	1.8722034995126942	0.5551837123271375	GPR52	0.26962745	False
581	3.3107767189606854	2.124334283134485	0.6416422681023785	RGL1	0.2696279	False
582	3.3107767189606854	2.124334283134485	0.6416422681023785	COLGALT2	0.2696279	False
583	3.3107767189606854	2.124334283134485	0.6416422681023785	TSEN15	0.2696279	False
584	3.470580916382674	2.5300956876622616	0.7290121592379802	C1orf21	0.26963103	False
585	3.470580916382674	2.5300956876622616	0.7290121592379802	EDEM3	0.26963103	False
586	3.527212709149873	2.435588233020794	0.6905135680370742	FAM129A	0.2696309	False
587	3.527212709149873	2.435588233020794	0.6905135680370742	RNF2	0.2696309	False
588	3.7498930475414274	2.8724007016093402	0.765995367119229	TRMT1L	0.2696359	False
589	3.7498930475414274	2.8724007016093402	0.765995367119229	SWT1	0.2696359	False
590	3.7498930475414274	2.8724007016093402	0.765995367119229	IVNS1ABP	0.2696359	False
591	3.7498930475414274	2.8724007016093402	0.765995367119229	GS1-279B7.1	0.2696359	False
592	3.7498930475414274	2.8724007016093402	0.765995367119229	LINC01350	0.2696359	False
593	3.620885044419946	2.7104635613382024	0.7485638257185848	HMCN1	0.26963398	False
594	3.7396138141977002	3.308521232800686	0.8847227005739626	PRG4	0.26963922	False
595	3.7396138141977002	3.308521232800686	0.8847227005739626	TPR	0.26963922	False
596	3.7396138141977002	3.308521232800686	0.8847227005739626	ODR4	0.26963922	False
597	3.7396138141977002	3.308521232800686	0.8847227005739626	OCLM	0.26963922	False
598	3.7396138141977002	3.308521232800686	0.8847227005739626	LOC102724919	0.26963922	False
599	3.7396138141977002	3.308521232800686	0.8847227005739626	PDC	0.26963922	False
600	3.7396138141977002	3.308521232800686	0.8847227005739626	PTGS2	0.26963922	False
601	3.7396138141977002	3.308521232800686	0.8847227005739626	PACERR	0.26963922	False
602	4.711392967945313	6.7663056809426605	1.436158207769605	RGS18	0.26972008	False
603	4.711392967945313	6.7663056809426605	1.436158207769605	RGS21	0.26972008	False
604	4.711392967945313	6.7663056809426605	1.436158207769605	RGS1	0.26972008	False
605	4.711392967945313	6.7663056809426605	1.436158207769605	RGS13	0.26972008	False
606	4.711392967945313	6.7663056809426605	1.436158207769605	RGS2	0.26972008	False
607	4.638106727670276	6.216861590662396	1.3403877822762242	LINC01032	0.26970136	False
608	4.638106727670276	6.216861590662396	1.3403877822762242	UCHL5	0.26970136	False
609	4.638106727670276	6.216861590662396	1.3403877822762242	TROVE2	0.26970136	False
610	4.638106727670276	6.216861590662396	1.3403877822762242	GLRX2	0.26970136	False
611	4.961856549419992	7.612217114466253	1.5341469546023192	CDC73	0.26977012	False
612	4.961856549419992	7.612217114466253	1.5341469546023192	MIR1278	0.26977012	False
613	4.961856549419992	7.612217114466253	1.5341469546023192	B3GALT2	0.26977012	False
614	4.961856549419992	7.612217114466253	1.5341469546023192	LINC01031	0.26977012	False
615	4.205371479968679	4.602575352774732	1.0944515543271365	KCNT2	0.26966077	False
616	4.205371479968679	4.602575352774732	1.0944515543271365	MIR4735	0.26966077	False
617	4.205371479968679	4.602575352774732	1.0944515543271365	CFH	0.26966077	False
618	4.205371479968679	4.602575352774732	1.0944515543271365	CFHR3	0.26966077	False
619	4.29430071199256	4.233539389755792	0.9858507062472169	CFHR2	0.26965594	False
620	4.205371479968679	4.602575352774732	1.0944515543271365	CFHR1	0.26966077	False
621	4.29430071199256	4.233539389755792	0.9858507062472169	CFHR4	0.26965594	False
622	4.29430071199256	4.233539389755792	0.9858507062472169	CFHR5	0.26965594	False
623	4.29430071199256	4.233539389755792	0.9858507062472169	F13B	0.26965594	False
624	4.29430071199256	4.233539389755792	0.9858507062472169	ASPM	0.26965594	False
625	4.829970757123201	6.117907497319709	1.2666551838428979	ZBTB41	0.2697015	False
626	4.829970757123201	6.117907497319709	1.2666551838428979	CRB1	0.2697015	False
627	4.829970757123201	6.117907497319709	1.2666551838428979	DENND1B	0.2697015	False
628	4.438181403125388	4.407021798172253	0.9929791952777792	C1orf53	0.26966268	False
629	4.438181403125388	4.407021798172253	0.9929791952777792	LHX9	0.26966268	False
630	4.658978861266661	5.007114505853843	1.0747235939363187	NEK7	0.26967603	False
631	4.658978861266661	5.007114505853843	1.0747235939363187	ATP6V1G3	0.26967603	False
632	4.658978861266661	5.007114505853843	1.0747235939363187	PTPRC	0.26967603	False
633	4.153990664185233	3.396357324633659	0.8176131337791109	MIR181A1HG	0.2696448	False
634	4.658978861266661	5.007114505853843	1.0747235939363187	MIR181B1	0.26967603	False
635	4.658978861266661	5.007114505853843	1.0747235939363187	MIR181A1	0.26967603	False
636	4.153990664185233	3.396357324633659	0.8176131337791109	LINC01222	0.2696448	False
637	4.153990664185233	3.396357324633659	0.8176131337791109	LINC01221	0.2696448	False
638	3.4774692648909893	2.092033072391582	0.6015964234430587	NR5A2	0.2696292	False
639	3.2673098263912665	1.8271806622050628	0.5592309145114586	TOMM20	0.26962563	False
640	3.2673098263912665	1.8271806622050628	0.5592309145114586	SNORA14B	0.26962563	False
641	3.2673098263912665	1.8271806622050628	0.5592309145114586	RBM34	0.26962563	False
642	3.2673098263912665	1.8271806622050628	0.5592309145114586	ARID4B	0.26962563	False
643	3.2673098263912665	1.8271806622050628	0.5592309145114586	MIR4753	0.26962563	False
644	3.2673098263912665	1.8271806622050628	0.5592309145114586	GGPS1	0.26962563	False
645	3.2673098263912665	1.8271806622050628	0.5592309145114586	TBCE	0.26962563	False
646	3.2673098263912665	1.8271806622050628	0.5592309145114586	B3GALNT2	0.26962563	False
647	3.2673098263912665	1.8271806622050628	0.5592309145114586	GNG4	0.26962563	False
648	3.2673098263912665	1.8271806622050628	0.5592309145114586	LYST	0.26962563	False
649	3.2673098263912665	1.8271806622050628	0.5592309145114586	MIR1537	0.26962563	False
650	3.2906977661234333	1.5792653432705146	0.4799180768068375	ZFP36L2	0.26962534	False
651	3.2906977661234333	1.5792653432705146	0.4799180768068375	LINC01126	0.26962534	False
652	3.2906977661234333	1.5792653432705146	0.4799180768068375	THADA	0.26962534	False
653	3.2906977661234333	1.5792653432705146	0.4799180768068375	PLEKHH2	0.26962534	False
654	3.2906977661234333	1.5792653432705146	0.4799180768068375	C1GALT1C1L	0.26962534	False
655	3.2906977661234333	1.5792653432705146	0.4799180768068375	DYNC2LI1	0.26962534	False
656	3.2906977661234333	1.5792653432705146	0.4799180768068375	ABCG5	0.26962534	False
657	3.2906977661234333	1.5792653432705146	0.4799180768068375	ABCG8	0.26962534	False
658	3.4400558180884997	2.4009874834246534	0.6979501526689719	CLHC1	0.26963025	False
659	3.4400558180884997	2.4009874834246534	0.6979501526689719	RPS27A	0.26963025	False
660	3.4400558180884997	2.4009874834246534	0.6979501526689719	MTIF2	0.26963025	False
661	3.4400558180884997	2.4009874834246534	0.6979501526689719	CCDC88A	0.26963025	False
662	3.4400558180884997	2.4009874834246534	0.6979501526689719	CFAP36	0.26963025	False
663	3.4400558180884997	2.4009874834246534	0.6979501526689719	PPP4R3B	0.26963025	False
664	3.4400558180884997	2.4009874834246534	0.6979501526689719	PNPT1	0.26963025	False
665	3.255694293943287	1.600874643229559	0.49171528365170447	COMMD1	0.26962438	False
666	3.371387866088185	1.7104846807725649	0.5073532766662167	B3GNT2	0.26962546	False
667	3.371387866088185	1.7104846807725649	0.5073532766662167	MIR5192	0.26962546	False
668	3.371387866088185	1.7104846807725649	0.5073532766662167	TMEM17	0.26962546	False
669	3.3622653146927437	1.560213416186478	0.4640363773104135	EHBP1	0.26962483	False
670	3.3622653146927437	1.560213416186478	0.4640363773104135	LOC100132215	0.26962483	False
671	3.3622653146927437	1.560213416186478	0.4640363773104135	OTX1	0.26962483	False
672	3.492351111681017	1.8326414081022462	0.5247586366595648	WDPCP	0.26962698	False
673	3.492351111681017	1.8326414081022462	0.5247586366595648	MDH1	0.26962698	False
674	3.492351111681017	1.8326414081022462	0.5247586366595648	UGP2	0.26962698	False
675	3.391141630795892	1.6350654285824087	0.4821578119102808	VPS54	0.26962507	False
676	3.391141630795892	1.6350654285824087	0.4821578119102808	PELI1	0.26962507	False
677	3.4701015986920147	1.9874557902266718	0.5727370607753397	LOC100507006	0.26962826	False
678	3.4701015986920147	1.9874557902266718	0.5727370607753397	LINC00309	0.26962826	False
679	3.4701015986920147	1.9874557902266718	0.5727370607753397	MIR4433B	0.26962826	False
680	3.4701015986920147	1.9874557902266718	0.5727370607753397	LGALSL	0.26962826	False
681	3.4701015986920147	1.9874557902266718	0.5727370607753397	AFTPH	0.26962826	False
682	3.4701015986920147	1.9874557902266718	0.5727370607753397	LINC02579	0.26962826	False
683	3.4701015986920147	1.9874557902266718	0.5727370607753397	SERTAD2	0.26962826	False
684	3.4701015986920147	1.9874557902266718	0.5727370607753397	LINC01800	0.26962826	False
685	3.2346024379917386	1.6714678876638476	0.5167460050211329	LINC02245	0.26962465	False
686	3.2346024379917386	1.6714678876638476	0.5167460050211329	SLC1A4	0.26962465	False
687	3.2346024379917386	1.6714678876638476	0.5167460050211329	CEP68	0.26962465	False
688	3.2346024379917386	1.6714678876638476	0.5167460050211329	RAB1A	0.26962465	False
689	3.2279236874250694	1.8189774467150235	0.5635131505125608	C1D	0.26962593	False
690	3.522178545696825	2.412146467844584	0.6848450288789567	WDR92	0.26963007	False
691	3.522178545696825	2.412146467844584	0.6848450288789567	PNO1	0.26963007	False
692	3.522178545696825	2.412146467844584	0.6848450288789567	PPP3R1	0.26963007	False
693	3.522178545696825	2.412146467844584	0.6848450288789567	CNRIP1	0.26963007	False
694	3.522178545696825	2.412146467844584	0.6848450288789567	PLEK	0.26963007	False
695	3.522178545696825	2.412146467844584	0.6848450288789567	FBXO48	0.26963007	False
696	3.522178545696825	2.412146467844584	0.6848450288789567	APLF	0.26963007	False
697	3.522178545696825	2.412146467844584	0.6848450288789567	PROKR1	0.26963007	False
698	3.522178545696825	2.412146467844584	0.6848450288789567	ARHGAP25	0.26963007	False
699	3.522178545696825	2.412146467844584	0.6848450288789567	BMP10	0.26963007	False
700	3.3984893217389036	2.244020638961897	0.6602994526443591	GKN2	0.26962808	False
701	3.3984893217389036	2.244020638961897	0.6602994526443591	GKN1	0.26962808	False
702	3.3984893217389036	2.244020638961897	0.6602994526443591	ANTXR1	0.26962808	False
703	3.571377403765848	2.793019518536465	0.7820566696735435	MIR3126	0.26963192	False
704	3.571377403765848	2.793019518536465	0.7820566696735435	GFPT1	0.26963192	False
705	3.571377403765848	2.793019518536465	0.7820566696735435	NFU1	0.26963192	False
706	3.571377403765848	2.793019518536465	0.7820566696735435	AAK1	0.26963192	False
707	3.571377403765848	2.793019518536465	0.7820566696735435	SNORA36C	0.26963192	False
708	3.571377403765848	2.793019518536465	0.7820566696735435	ANXA4	0.26963192	False
709	3.571377403765848	2.793019518536465	0.7820566696735435	GMCL1	0.26963192	False
710	3.3377956137707376	2.372439544286568	0.7107803529067502	SNRNP27	0.2696277	False
711	3.3377956137707376	2.372439544286568	0.7107803529067502	MXD1	0.2696277	False
712	3.3377956137707376	2.372439544286568	0.7107803529067502	ASPRV1	0.2696277	False
713	3.3377956137707376	2.372439544286568	0.7107803529067502	PCBP1-AS1	0.2696277	False
714	3.3377956137707376	2.372439544286568	0.7107803529067502	PCBP1	0.2696277	False
715	3.3200912197543966	2.7042762556483115	0.8145186612819512	LINC01816	0.26962954	False
716	3.3200912197543966	2.7042762556483115	0.8145186612819512	C2orf42	0.26962954	False
717	3.3200912197543966	2.7042762556483115	0.8145186612819512	TIA1	0.26962954	False
718	3.3200912197543966	2.7042762556483115	0.8145186612819512	MIR1285-2	0.26962954	False
719	3.3200912197543966	2.7042762556483115	0.8145186612819512	PCYOX1	0.26962954	False
720	3.3200912197543966	2.7042762556483115	0.8145186612819512	SNRPG	0.26962954	False
721	3.3200912197543966	2.7042762556483115	0.8145186612819512	FAM136A	0.26962954	False
722	3.3200912197543966	2.7042762556483115	0.8145186612819512	TGFA	0.26962954	False
723	3.3200912197543966	2.7042762556483115	0.8145186612819512	TGFA-IT1	0.26962954	False
724	3.3200912197543966	2.7042762556483115	0.8145186612819512	ADD2	0.26962954	False
725	3.3200912197543966	2.7042762556483115	0.8145186612819512	FIGLA	0.26962954	False
726	3.3200912197543966	2.7042762556483115	0.8145186612819512	CLEC4F	0.26962954	False
727	3.3200912197543966	2.7042762556483115	0.8145186612819512	CD207	0.26962954	False
728	3.3200912197543966	2.7042762556483115	0.8145186612819512	LINC01143	0.26962954	False
729	3.345424080432229	1.6123403710097752	0.48195395628331245	BOLA3	0.26962554	False
730	3.345424080432229	1.6123403710097752	0.48195395628331245	BOLA3-AS1	0.26962554	False
731	3.345424080432229	1.6123403710097752	0.48195395628331245	MOB1A	0.26962554	False
732	3.345424080432229	1.6123403710097752	0.48195395628331245	MTHFD2	0.26962554	False
733	3.345424080432229	1.6123403710097752	0.48195395628331245	SLC4A5	0.26962554	False
734	3.345424080432229	1.6123403710097752	0.48195395628331245	DCTN1	0.26962554	False
735	3.345424080432229	1.6123403710097752	0.48195395628331245	DCTN1-AS1	0.26962554	False
736	3.345424080432229	1.6123403710097752	0.48195395628331245	C2orf81	0.26962554	False
737	3.345424080432229	1.6123403710097752	0.48195395628331245	WDR54	0.26962554	False
738	3.345424080432229	1.6123403710097752	0.48195395628331245	RTKN	0.26962554	False
739	3.345424080432229	1.6123403710097752	0.48195395628331245	INO80B	0.26962554	False
740	3.345424080432229	1.6123403710097752	0.48195395628331245	INO80B-WBP1	0.26962554	False
741	3.345424080432229	1.6123403710097752	0.48195395628331245	WBP1	0.26962554	False
742	3.345424080432229	1.6123403710097752	0.48195395628331245	MOGS	0.26962554	False
743	3.345424080432229	1.6123403710097752	0.48195395628331245	MRPL53	0.26962554	False
744	3.345424080432229	1.6123403710097752	0.48195395628331245	CCDC142	0.26962554	False
745	3.345424080432229	1.6123403710097752	0.48195395628331245	TTC31	0.26962554	False
746	3.345424080432229	1.6123403710097752	0.48195395628331245	LBX2	0.26962554	False
747	3.345424080432229	1.6123403710097752	0.48195395628331245	LBX2-AS1	0.26962554	False
748	3.345424080432229	1.6123403710097752	0.48195395628331245	PCGF1	0.26962554	False
749	3.345424080432229	1.6123403710097752	0.48195395628331245	TLX2	0.26962554	False
750	3.345424080432229	1.6123403710097752	0.48195395628331245	DQX1	0.26962554	False
751	3.345424080432229	1.6123403710097752	0.48195395628331245	AUP1	0.26962554	False
752	3.345424080432229	1.6123403710097752	0.48195395628331245	HTRA2	0.26962554	False
753	3.345424080432229	1.6123403710097752	0.48195395628331245	LOXL3	0.26962554	False
754	3.345424080432229	1.6123403710097752	0.48195395628331245	DOK1	0.26962554	False
755	3.345424080432229	1.6123403710097752	0.48195395628331245	M1AP	0.26962554	False
756	3.345424080432229	1.6123403710097752	0.48195395628331245	SEMA4F	0.26962554	False
757	3.345424080432229	1.6123403710097752	0.48195395628331245	HK2	0.26962554	False
758	3.80860668230161	3.1241420388088863	0.8202847653780071	LOC101928386	0.26963848	False
759	3.80860668230161	3.1241420388088863	0.8202847653780071	GTDC1	0.26963848	False
760	4.001926867404035	3.691969681021764	0.9225480133315546	ZEB2	0.2696471	False
761	4.001926867404035	3.691969681021764	0.9225480133315546	ZEB2-AS1	0.2696471	False
762	4.001926867404035	3.691969681021764	0.9225480133315546	LINC01412	0.2696471	False
763	3.626192654383192	2.666253386670654	0.7352762637825645	TANK	0.26963446	False
764	3.626192654383192	2.666253386670654	0.7352762637825645	LOC101929512	0.26963446	False
765	3.626192654383192	2.666253386670654	0.7352762637825645	LINC01806	0.26963446	False
766	3.626192654383192	2.666253386670654	0.7352762637825645	PSMD14	0.26963446	False
767	3.626192654383192	2.666253386670654	0.7352762637825645	TBR1	0.26963446	False
768	3.5901569704454674	2.729709246160268	0.760331447519289	GULP1	0.26963508	False
769	3.5901569704454674	2.729709246160268	0.760331447519289	MIR561	0.26963508	False
770	3.5901569704454674	2.729709246160268	0.760331447519289	DIRC1	0.26963508	False
771	3.620919852680018	2.4274897137957407	0.6704069166289439	COL3A1	0.26963282	False
772	3.620919852680018	2.4274897137957407	0.6704069166289439	MIR1245A	0.26963282	False
773	3.620919852680018	2.4274897137957407	0.6704069166289439	COL5A2	0.26963282	False
774	3.9127841878869822	2.9716688420753954	0.7594768071479514	MIR3129	0.26963922	False
775	3.9127841878869822	2.9716688420753954	0.7594768071479514	WDR75	0.26963922	False
776	3.9127841878869822	2.9716688420753954	0.7594768071479514	SLC40A1	0.26963922	False
777	3.9127841878869822	2.9716688420753954	0.7594768071479514	ASNSD1	0.26963922	False
778	3.9127841878869822	2.9716688420753954	0.7594768071479514	ANKAR	0.26963922	False
779	3.9127841878869822	2.9716688420753954	0.7594768071479514	OSGEPL1	0.26963922	False
780	3.9127841878869822	2.9716688420753954	0.7594768071479514	OSGEPL1-AS1	0.26963922	False
781	3.9127841878869822	2.9716688420753954	0.7594768071479514	ORMDL1	0.26963922	False
782	3.9127841878869822	2.9716688420753954	0.7594768071479514	PMS1	0.26963922	False
783	3.873096809961024	2.7534763372650426	0.7109237058530308	C2orf88	0.26963732	False
784	3.873096809961024	2.7534763372650426	0.7109237058530308	MSTN	0.26963732	False
785	4.067846389187998	3.255154569049317	0.8002157057113197	HIBCH	0.26964268	False
786	4.067846389187998	3.255154569049317	0.8002157057113197	INPP1	0.26964268	False
787	4.067846389187998	3.255154569049317	0.8002157057113197	MFSD6	0.26964268	False
788	4.067846389187998	3.255154569049317	0.8002157057113197	NEMP2	0.26964268	False
789	4.067846389187998	3.255154569049317	0.8002157057113197	NAB1	0.26964268	False
790	4.073349637177986	3.152438285951789	0.7739179217956346	GLS	0.26964176	False
791	4.073349637177986	3.152438285951789	0.7739179217956346	STAT1	0.26964176	False
792	4.073349637177986	3.152438285951789	0.7739179217956346	STAT4	0.26964176	False
793	4.188132302664659	3.796891658490543	0.9065835040776546	MYO1B	0.26964876	False
794	4.188132302664659	3.796891658490543	0.9065835040776546	NABP1	0.26964876	False
795	4.188132302664659	3.796891658490543	0.9065835040776546	CAVIN2	0.26964876	False
796	3.7247481744543007	2.7628104933969797	0.7417442371930953	TMEFF2	0.26963514	False
797	3.674207836026511	2.917342704101857	0.7940059012167452	PCGEM1	0.26963592	False
798	3.816142548003097	2.732778286486496	0.7161101169861955	SLC39A10	0.26963583	False
799	3.78814818726045	2.4562112395358624	0.6483936525493131	DNAH7	0.2696338	False
800	3.987649979034867	2.660358366281883	0.6671494188980375	STK17B	0.26963723	False
801	3.987649979034867	2.660358366281883	0.6671494188980375	HECW2	0.26963723	False
802	3.987649979034867	2.660358366281883	0.6671494188980375	HECW2-AS1	0.26963723	False
803	3.987649979034867	2.660358366281883	0.6671494188980375	CCDC150	0.26963723	False
804	3.987649979034867	2.660358366281883	0.6671494188980375	GTF3C3	0.26963723	False
805	3.987649979034867	2.660358366281883	0.6671494188980375	C2orf66	0.26963723	False
806	3.8238506494282416	2.225671797193473	0.5820498762226148	PGAP1	0.26963234	False
807	3.8238506494282416	2.225671797193473	0.5820498762226148	ANKRD44	0.26963234	False
808	3.907237399205501	2.6250516071516246	0.6718433867584814	ANKRD44-IT1	0.26963526	False
809	3.907237399205501	2.6250516071516246	0.6718433867584814	SF3B1	0.26963526	False
810	3.907237399205501	2.6250516071516246	0.6718433867584814	COQ10B	0.26963526	False
811	3.907237399205501	2.6250516071516246	0.6718433867584814	HSPD1	0.26963526	False
812	3.907237399205501	2.6250516071516246	0.6718433867584814	HSPE1	0.26963526	False
813	3.907237399205501	2.6250516071516246	0.6718433867584814	HSPE1-MOB4	0.26963526	False
814	3.907237399205501	2.6250516071516246	0.6718433867584814	MOB4	0.26963526	False
815	3.907237399205501	2.6250516071516246	0.6718433867584814	RFTN2	0.26963526	False
816	3.907237399205501	2.6250516071516246	0.6718433867584814	MARS2	0.26963526	False
817	3.907237399205501	2.6250516071516246	0.6718433867584814	BOLL	0.26963526	False
818	3.637526495072467	2.0021272061607376	0.5504089685320219	PLCL1	0.26962933	False
819	3.532530066776821	2.090947298353752	0.5919121023254561	LINC01923	0.26962864	False
820	3.36279863523781	2.077618032865681	0.6178240977901301	SATB2	0.26962835	False
821	3.36279863523781	2.077618032865681	0.6178240977901301	SATB2-AS1	0.26962835	False
822	3.36279863523781	2.077618032865681	0.6178240977901301	LINC01877	0.26962835	False
823	3.36279863523781	2.077618032865681	0.6178240977901301	FTCDNL1	0.26962835	False
824	3.3341979383819766	1.8509329159637635	0.5551358828030427	C2orf69	0.2696267	False
825	3.3341979383819766	1.8509329159637635	0.5551358828030427	TYW5	0.2696267	False
826	3.3341979383819766	1.8509329159637635	0.5551358828030427	MAIP1	0.2696267	False
827	3.3879367779983336	2.0653943452206747	0.6096319030017303	SPATS2L	0.26962784	False
828	3.3879367779983336	2.0653943452206747	0.6096319030017303	KCTD18	0.26962784	False
829	3.3879367779983336	2.0653943452206747	0.6096319030017303	SGO2	0.26962784	False
830	3.3879367779983336	2.0653943452206747	0.6096319030017303	AOX1	0.26962784	False
831	3.3879367779983336	2.0653943452206747	0.6096319030017303	LINC01792	0.26962784	False
832	3.3879367779983336	2.0653943452206747	0.6096319030017303	LOC101927795	0.26962784	False
833	3.3879367779983336	2.0653943452206747	0.6096319030017303	BZW1	0.26962784	False
834	3.3879367779983336	2.0653943452206747	0.6096319030017303	CLK1	0.26962784	False
835	3.3879367779983336	2.0653943452206747	0.6096319030017303	PPIL3	0.26962784	False
836	3.37806809947503	1.6872816471649588	0.499481241194389	CFLAR	0.26962608	False
837	3.37806809947503	1.6872816471649588	0.499481241194389	CFLAR-AS1	0.26962608	False
838	3.37806809947503	1.6872816471649588	0.499481241194389	CASP10	0.26962608	False
839	3.37806809947503	1.6872816471649588	0.499481241194389	CASP8	0.26962608	False
840	3.37806809947503	1.6872816471649588	0.499481241194389	ALS2CR12	0.26962608	False
841	3.37806809947503	1.6872816471649588	0.499481241194389	TRAK2	0.26962608	False
842	3.37806809947503	1.6872816471649588	0.499481241194389	STRADB	0.26962608	False
843	3.37806809947503	1.6872816471649588	0.499481241194389	C2CD6	0.26962608	False
844	3.37806809947503	1.6872816471649588	0.499481241194389	TMEM237	0.26962608	False
845	3.37806809947503	1.6872816471649588	0.499481241194389	MPP4	0.26962608	False
846	3.37806809947503	1.6872816471649588	0.499481241194389	ALS2	0.26962608	False
847	3.37806809947503	1.6872816471649588	0.499481241194389	CDK15	0.26962608	False
848	3.37720497291608	2.1403613191089166	0.6337670755177176	GALNT15	0.26962864	False
849	3.37720497291608	2.1403613191089166	0.6337670755177176	DPH3	0.26962864	False
850	3.37720497291608	2.1403613191089166	0.6337670755177176	OXNAD1	0.26962864	False
851	3.37720497291608	2.1403613191089166	0.6337670755177176	RFTN1	0.26962864	False
852	3.37720497291608	2.1403613191089166	0.6337670755177176	LINC00690	0.26962864	False
853	3.37720497291608	2.1403613191089166	0.6337670755177176	DAZL	0.26962864	False
854	3.3279043088399782	2.0010365327987616	0.6012902857463084	PLCL2	0.2696264	False
855	3.3279043088399782	2.0010365327987616	0.6012902857463084	MIR3714	0.2696264	False
856	3.073003519246976	1.1407780686952564	0.3712257605792779	CDC25A	0.269622	False
857	3.073003519246976	1.1407780686952564	0.3712257605792779	MIR4443	0.269622	False
858	3.073003519246976	1.1407780686952564	0.3712257605792779	CAMP	0.269622	False
859	3.073003519246976	1.1407780686952564	0.3712257605792779	ZNF589	0.269622	False
860	3.073003519246976	1.1407780686952564	0.3712257605792779	NME6	0.269622	False
861	3.073003519246976	1.1407780686952564	0.3712257605792779	SPINK8	0.269622	False
862	3.073003519246976	1.1407780686952564	0.3712257605792779	MIR2115	0.269622	False
863	3.073003519246976	1.1407780686952564	0.3712257605792779	FBXW12	0.269622	False
864	3.073003519246976	1.1407780686952564	0.3712257605792779	PLXNB1	0.269622	False
865	3.073003519246976	1.1407780686952564	0.3712257605792779	CCDC51	0.269622	False
866	3.073003519246976	1.1407780686952564	0.3712257605792779	TMA7	0.269622	False
867	3.073003519246976	1.1407780686952564	0.3712257605792779	ATRIP	0.269622	False
868	3.073003519246976	1.1407780686952564	0.3712257605792779	TREX1	0.269622	False
869	3.073003519246976	1.1407780686952564	0.3712257605792779	SHISA5	0.269622	False
870	3.073003519246976	1.1407780686952564	0.3712257605792779	PFKFB4	0.269622	False
871	3.073003519246976	1.1407780686952564	0.3712257605792779	MIR6823	0.269622	False
872	3.073003519246976	1.1407780686952564	0.3712257605792779	UCN2	0.269622	False
873	3.073003519246976	1.1407780686952564	0.3712257605792779	COL7A1	0.269622	False
874	3.073003519246976	1.1407780686952564	0.3712257605792779	MIR711	0.269622	False
875	3.073003519246976	1.1407780686952564	0.3712257605792779	UQCRC1	0.269622	False
876	3.073003519246976	1.1407780686952564	0.3712257605792779	TMEM89	0.269622	False
877	3.073003519246976	1.1407780686952564	0.3712257605792779	SLC26A6	0.269622	False
878	3.073003519246976	1.1407780686952564	0.3712257605792779	MIR6824	0.269622	False
879	3.073003519246976	1.1407780686952564	0.3712257605792779	CELSR3	0.269622	False
880	3.073003519246976	1.1407780686952564	0.3712257605792779	MIR4793	0.269622	False
881	3.073003519246976	1.1407780686952564	0.3712257605792779	LINC02585	0.269622	False
882	3.073003519246976	1.1407780686952564	0.3712257605792779	NCKIPSD	0.269622	False
883	3.073003519246976	1.1407780686952564	0.3712257605792779	IP6K2	0.269622	False
884	3.073003519246976	1.1407780686952564	0.3712257605792779	PRKAR2A	0.269622	False
885	3.073003519246976	1.1407780686952564	0.3712257605792779	PRKAR2A-AS1	0.269622	False
886	3.073003519246976	1.1407780686952564	0.3712257605792779	SLC25A20	0.269622	False
887	3.077483966050621	0.9851824051496804	0.3201259262494157	ARIH2OS	0.2696213	False
888	3.077483966050621	0.9851824051496804	0.3201259262494157	ARIH2	0.2696213	False
889	3.077483966050621	0.9851824051496804	0.3201259262494157	P4HTM	0.2696213	False
890	3.077483966050621	0.9851824051496804	0.3201259262494157	WDR6	0.2696213	False
891	3.077483966050621	0.9851824051496804	0.3201259262494157	DALRD3	0.2696213	False
892	3.077483966050621	0.9851824051496804	0.3201259262494157	MIR425	0.2696213	False
893	3.077483966050621	0.9851824051496804	0.3201259262494157	NDUFAF3	0.2696213	False
894	3.077483966050621	0.9851824051496804	0.3201259262494157	MIR191	0.2696213	False
895	3.077483966050621	0.9851824051496804	0.3201259262494157	IMPDH2	0.2696213	False
896	3.077483966050621	0.9851824051496804	0.3201259262494157	QRICH1	0.2696213	False
897	3.077483966050621	0.9851824051496804	0.3201259262494157	QARS	0.2696213	False
898	3.077483966050621	0.9851824051496804	0.3201259262494157	MIR6890	0.2696213	False
899	3.1379331357241615	1.0600332751321375	0.33781257575697404	USP19	0.2696215	False
900	3.1379331357241615	1.0600332751321375	0.33781257575697404	LAMB2	0.2696215	False
901	3.1379331357241615	1.0600332751321375	0.33781257575697404	CCDC71	0.2696215	False
902	3.1379331357241615	1.0600332751321375	0.33781257575697404	KLHDC8B	0.2696215	False
903	3.1379331357241615	1.0600332751321375	0.33781257575697404	C3orf84	0.2696215	False
904	3.1379331357241615	1.0600332751321375	0.33781257575697404	CCDC36	0.2696215	False
905	3.1379331357241615	1.0600332751321375	0.33781257575697404	C3orf62	0.2696215	False
906	3.1379331357241615	1.0600332751321375	0.33781257575697404	MIR4271	0.2696215	False
907	3.1379331357241615	1.0600332751321375	0.33781257575697404	USP4	0.2696215	False
908	3.1379331357241615	1.0600332751321375	0.33781257575697404	GPX1	0.2696215	False
909	3.1379331357241615	1.0600332751321375	0.33781257575697404	RHOA	0.2696215	False
910	3.1379331357241615	1.0600332751321375	0.33781257575697404	TCTA	0.2696215	False
911	3.1379331357241615	1.0600332751321375	0.33781257575697404	AMT	0.2696215	False
912	3.1379331357241615	1.0600332751321375	0.33781257575697404	NICN1	0.2696215	False
913	3.1379331357241615	1.0600332751321375	0.33781257575697404	DAG1	0.2696215	False
914	3.1379331357241615	1.0600332751321375	0.33781257575697404	BSN-DT	0.2696215	False
915	3.1379331357241615	1.0600332751321375	0.33781257575697404	BSN	0.2696215	False
916	3.1379331357241615	1.0600332751321375	0.33781257575697404	APEH	0.2696215	False
917	3.1379331357241615	1.0600332751321375	0.33781257575697404	MST1	0.2696215	False
918	3.1379331357241615	1.0600332751321375	0.33781257575697404	RNF123	0.2696215	False
919	3.1379331357241615	1.0600332751321375	0.33781257575697404	AMIGO3	0.2696215	False
920	3.1379331357241615	1.0600332751321375	0.33781257575697404	GMPPB	0.2696215	False
921	3.1379331357241615	1.0600332751321375	0.33781257575697404	IP6K1	0.2696215	False
922	3.1379331357241615	1.0600332751321375	0.33781257575697404	CDHR4	0.2696215	False
923	3.1379331357241615	1.0600332751321375	0.33781257575697404	INKA1	0.2696215	False
924	3.1379331357241615	1.0600332751321375	0.33781257575697404	UBA7	0.2696215	False
925	3.1379331357241615	1.0600332751321375	0.33781257575697404	MIR5193	0.2696215	False
926	3.1379331357241615	1.0600332751321375	0.33781257575697404	TRAIP	0.2696215	False
927	3.1379331357241615	1.0600332751321375	0.33781257575697404	CAMKV	0.2696215	False
928	3.0892239890213262	0.9689198666841585	0.3136450675404456	MST1R	0.2696209	False
929	3.0892239890213262	0.9689198666841585	0.3136450675404456	MON1A	0.2696209	False
930	3.0892239890213262	0.9689198666841585	0.3136450675404456	RBM6	0.2696209	False
931	3.0892239890213262	0.9689198666841585	0.3136450675404456	RBM5	0.2696209	False
932	3.0892239890213262	0.9689198666841585	0.3136450675404456	RBM5-AS1	0.2696209	False
933	3.1690503403890724	1.1452613882492837	0.3613894590606841	SEMA3F-AS1	0.269622	False
934	3.1690503403890724	1.1452613882492837	0.3613894590606841	SEMA3F	0.269622	False
935	3.1690503403890724	1.1452613882492837	0.3613894590606841	GNAT1	0.269622	False
936	3.1690503403890724	1.1452613882492837	0.3613894590606841	SLC38A3	0.269622	False
937	3.1690503403890724	1.1452613882492837	0.3613894590606841	GNAI2	0.269622	False
938	3.1690503403890724	1.1452613882492837	0.3613894590606841	MIR5787	0.269622	False
939	3.1690503403890724	1.1452613882492837	0.3613894590606841	SEMA3B-AS1	0.269622	False
940	3.1690503403890724	1.1452613882492837	0.3613894590606841	SEMA3B	0.269622	False
941	3.1690503403890724	1.1452613882492837	0.3613894590606841	MIR6872	0.269622	False
942	3.1690503403890724	1.1452613882492837	0.3613894590606841	LSMEM2	0.269622	False
943	3.1690503403890724	1.1452613882492837	0.3613894590606841	IFRD2	0.269622	False
944	3.1690503403890724	1.1452613882492837	0.3613894590606841	HYAL3	0.269622	False
945	3.1690503403890724	1.1452613882492837	0.3613894590606841	NAA80	0.269622	False
946	3.1690503403890724	1.1452613882492837	0.3613894590606841	HYAL1	0.269622	False
947	3.1690503403890724	1.1452613882492837	0.3613894590606841	HYAL2	0.269622	False
948	3.1690503403890724	1.1452613882492837	0.3613894590606841	TUSC2	0.269622	False
949	3.1690503403890724	1.1452613882492837	0.3613894590606841	RASSF1	0.269622	False
950	3.1690503403890724	1.1452613882492837	0.3613894590606841	RASSF1-AS1	0.269622	False
951	3.1690503403890724	1.1452613882492837	0.3613894590606841	ZMYND10	0.269622	False
952	3.1690503403890724	1.1452613882492837	0.3613894590606841	NPRL2	0.269622	False
953	3.1690503403890724	1.1452613882492837	0.3613894590606841	CYB561D2	0.269622	False
954	3.1690503403890724	1.1452613882492837	0.3613894590606841	TMEM115	0.269622	False
955	3.1690503403890724	1.1452613882492837	0.3613894590606841	CACNA2D2	0.269622	False
956	3.1690503403890724	1.1452613882492837	0.3613894590606841	C3orf18	0.269622	False
957	3.1690503403890724	1.1452613882492837	0.3613894590606841	HEMK1	0.269622	False
958	3.1690503403890724	1.1452613882492837	0.3613894590606841	CISH	0.269622	False
959	3.1690503403890724	1.1452613882492837	0.3613894590606841	MAPKAPK3	0.269622	False
960	3.1690503403890724	1.1452613882492837	0.3613894590606841	MIR4787	0.269622	False
961	3.0656623543450348	1.0200702289175212	0.33274056664190427	DOCK3	0.26962128	False
962	3.4502387776685035	1.8530896165843118	0.5370902525872531	TMEM30CP	0.26962763	False
963	3.4502387776685035	1.8530896165843118	0.5370902525872531	TBC1D23	0.26962763	False
964	3.4502387776685035	1.8530896165843118	0.5370902525872531	NIT2	0.26962763	False
965	3.4502387776685035	1.8530896165843118	0.5370902525872531	TOMM70	0.26962763	False
966	3.4502387776685035	1.8530896165843118	0.5370902525872531	LNP1	0.26962763	False
967	3.4502387776685035	1.8530896165843118	0.5370902525872531	TMEM45A	0.26962763	False
968	3.4502387776685035	1.8530896165843118	0.5370902525872531	ADGRG7	0.26962763	False
969	3.4502387776685035	1.8530896165843118	0.5370902525872531	TFG	0.26962763	False
970	3.490839370054467	1.837978463169537	0.5265147628780351	ABI3BP	0.26962793	False
971	3.6977552216785243	2.2628263182930177	0.6119459462938306	IMPG2	0.26963207	False
972	3.6977552216785243	2.2628263182930177	0.6119459462938306	SENP7	0.26963207	False
973	3.6977552216785243	2.2628263182930177	0.6119459462938306	TRMT10C	0.26963207	False
974	3.6977552216785243	2.2628263182930177	0.6119459462938306	PCNP	0.26963207	False
975	3.6977552216785243	2.2628263182930177	0.6119459462938306	ZBTB11	0.26963207	False
976	3.6977552216785243	2.2628263182930177	0.6119459462938306	ZBTB11-AS1	0.26963207	False
977	3.6977552216785243	2.2628263182930177	0.6119459462938306	RPL24	0.26963207	False
978	3.6977552216785243	2.2628263182930177	0.6119459462938306	CEP97	0.26963207	False
979	3.6977552216785243	2.2628263182930177	0.6119459462938306	NXPE3	0.26963207	False
980	3.6977552216785243	2.2628263182930177	0.6119459462938306	NFKBIZ	0.26963207	False
981	3.4791157451577455	2.1248298612768446	0.6107384798088985	LINC02085	0.26962972	False
982	3.4791157451577455	2.1248298612768446	0.6107384798088985	ZPLD1	0.26962972	False
983	3.535765277202674	2.221642950088083	0.6283343988958846	CD96	0.26963028	False
984	3.535765277202674	2.221642950088083	0.6283343988958846	ZBED2	0.26963028	False
985	3.535765277202674	2.221642950088083	0.6283343988958846	PLCXD2	0.26963028	False
986	3.535765277202674	2.221642950088083	0.6283343988958846	PLCXD2-AS1	0.26963028	False
987	3.546000278522848	2.0192949829375886	0.569457085259667	PHLDB2	0.26962918	False
988	3.546000278522848	2.0192949829375886	0.569457085259667	ABHD10	0.26962918	False
989	3.546000278522848	2.0192949829375886	0.569457085259667	TAGLN3	0.26962918	False
990	3.546000278522848	2.0192949829375886	0.569457085259667	TMPRSS7	0.26962918	False
991	3.546000278522848	2.0192949829375886	0.569457085259667	C3orf52	0.26962918	False
992	3.80507404289057	2.4743869467733917	0.6502861492003172	MIR567	0.26963365	False
993	3.80507404289057	2.4743869467733917	0.6502861492003172	GCSAM	0.26963365	False
994	3.80507404289057	2.4743869467733917	0.6502861492003172	SLC9C1	0.26963365	False
995	3.80507404289057	2.4743869467733917	0.6502861492003172	CD200	0.26963365	False
996	3.80507404289057	2.4743869467733917	0.6502861492003172	BTLA	0.26963365	False
997	3.80507404289057	2.4743869467733917	0.6502861492003172	ATG3	0.26963365	False
998	3.80507404289057	2.4743869467733917	0.6502861492003172	SLC35A5	0.26963365	False
999	3.80507404289057	2.4743869467733917	0.6502861492003172	CCDC80	0.26963365	False
1000	3.80507404289057	2.4743869467733917	0.6502861492003172	LINC02042	0.26963365	False
1001	3.80507404289057	2.4743869467733917	0.6502861492003172	CD200R1L	0.26963365	False
1002	3.754778516497733	2.114903373738369	0.5632564915469485	CD200R1	0.2696311	False
1003	3.754778516497733	2.114903373738369	0.5632564915469485	GTPBP8	0.2696311	False
1004	3.754778516497733	2.114903373738369	0.5632564915469485	NEPRO	0.2696311	False
1005	3.8170413635955196	2.1746945119027985	0.5697330221892886	LINC02044	0.2696323	False
1006	3.8170413635955196	2.1746945119027985	0.5697330221892886	BOC	0.2696323	False
1007	3.8170413635955196	2.1746945119027985	0.5697330221892886	CFAP44	0.2696323	False
1008	3.8170413635955196	2.1746945119027985	0.5697330221892886	CFAP44-AS1	0.2696323	False
1009	3.8170413635955196	2.1746945119027985	0.5697330221892886	MIR8076	0.2696323	False
1010	3.8170413635955196	2.1746945119027985	0.5697330221892886	SPICE1	0.2696323	False
1011	3.8170413635955196	2.1746945119027985	0.5697330221892886	SIDT1	0.2696323	False
1012	3.8170413635955196	2.1746945119027985	0.5697330221892886	MIR4446	0.2696323	False
1013	3.8170413635955196	2.1746945119027985	0.5697330221892886	USF3	0.2696323	False
1014	3.8170413635955196	2.1746945119027985	0.5697330221892886	NAA50	0.2696323	False
1015	3.8170413635955196	2.1746945119027985	0.5697330221892886	ATP6V1A	0.2696323	False
1016	3.7173285869095203	1.950475397606415	0.5246981406150012	GRAMD1C	0.2696302	False
1017	3.7173285869095203	1.950475397606415	0.5246981406150012	ZDHHC23	0.2696302	False
1018	3.7173285869095203	1.950475397606415	0.5246981406150012	CCDC191	0.2696302	False
1019	3.7173285869095203	1.950475397606415	0.5246981406150012	QTRT2	0.2696302	False
1020	3.751899285154937	2.3036480135885022	0.6139951631173308	DRD3	0.26963207	False
1021	3.751899285154937	2.3036480135885022	0.6139951631173308	ZNF80	0.26963207	False
1022	3.751899285154937	2.3036480135885022	0.6139951631173308	TIGIT	0.26963207	False
1023	3.751899285154937	2.3036480135885022	0.6139951631173308	MIR568	0.26963207	False
1024	3.4843969117843265	1.8671372751745354	0.5358566553826936	ZBTB20	0.26962736	False
1025	3.751899285154937	2.3036480135885022	0.6139951631173308	ZBTB20-AS1	0.26963207	False
1026	3.751899285154937	2.3036480135885022	0.6139951631173308	ZBTB20-AS5	0.26963207	False
1027	3.751899285154937	2.3036480135885022	0.6139951631173308	MIR4796	0.26963207	False
1028	3.751899285154937	2.3036480135885022	0.6139951631173308	ZBTB20-AS3	0.26963207	False
1029	3.358038302898597	1.7011003187770866	0.5065756150871561	GPR156	0.2696258	False
1030	3.358038302898597	1.7011003187770866	0.5065756150871561	LRRC58	0.2696258	False
1031	3.358038302898597	1.7011003187770866	0.5065756150871561	FSTL1	0.2696258	False
1032	3.358038302898597	1.7011003187770866	0.5065756150871561	NDUFB4	0.2696258	False
1033	3.358038302898597	1.7011003187770866	0.5065756150871561	HGD	0.2696258	False
1034	3.358038302898597	1.7011003187770866	0.5065756150871561	RABL3	0.2696258	False
1035	3.358038302898597	1.7011003187770866	0.5065756150871561	GTF2E1	0.2696258	False
1036	3.290426592479358	1.685354515526918	0.512199396691902	POLQ	0.2696255	False
1037	3.290426592479358	1.685354515526918	0.512199396691902	ARGFX	0.2696255	False
1038	3.290426592479358	1.685354515526918	0.512199396691902	FBXO40	0.2696255	False
1039	3.290426592479358	1.685354515526918	0.512199396691902	HCLS1	0.2696255	False
1040	3.290426592479358	1.685354515526918	0.512199396691902	GOLGB1	0.2696255	False
1041	3.290426592479358	1.685354515526918	0.512199396691902	IQCB1	0.2696255	False
1042	3.290426592479358	1.685354515526918	0.512199396691902	EAF2	0.2696255	False
1043	3.4736195069665894	2.6743306997655156	0.7698974209472156	EIF5A2	0.2696316	False
1044	3.4736195069665894	2.6743306997655156	0.7698974209472156	SLC2A2	0.2696316	False
1045	3.4736195069665894	2.6743306997655156	0.7698974209472156	TNIK	0.2696316	False
1046	3.59183539833066	3.3197648695009905	0.9242530632232989	MIR569	0.26963744	False
1047	3.59183539833066	3.3197648695009905	0.9242530632232989	PLD1	0.26963744	False
1048	3.556577413282104	2.8310707934639265	0.7960098894210036	TMEM212	0.26963362	False
1049	3.556577413282104	2.8310707934639265	0.7960098894210036	TMEM212-AS1	0.26963362	False
1050	3.556577413282104	2.8310707934639265	0.7960098894210036	FNDC3B	0.26963362	False
1051	3.713408067131638	3.2781242482850743	0.8827805048684586	GHSR	0.2696389	False
1052	3.713408067131638	3.2781242482850743	0.8827805048684586	TNFSF10	0.2696389	False
1053	3.713408067131638	3.2781242482850743	0.8827805048684586	NCEH1	0.2696389	False
1054	3.713408067131638	3.2781242482850743	0.8827805048684586	ECT2	0.2696389	False
1055	3.7775314000428093	3.233001425492671	0.8558503115172075	LOC439933	0.26964024	False
1056	3.7775314000428093	3.233001425492671	0.8558503115172075	DTHD1	0.26964024	False
1057	3.571503522311095	2.6233021380459958	0.73450918406164	LINC02616	0.2696337	False
1058	3.487081511676318	2.4380604478767154	0.6991693310618039	MIR4801	0.26963088	False
1059	3.487081511676318	2.4380604478767154	0.6991693310618039	NWD2	0.26963088	False
1060	3.487081511676318	2.4380604478767154	0.6991693310618039	C4orf19	0.26963088	False
1061	3.487081511676318	2.4380604478767154	0.6991693310618039	RELL1	0.26963088	False
1062	3.487081511676318	2.4380604478767154	0.6991693310618039	PGM2	0.26963088	False
1063	3.3773617791332318	2.117115059237803	0.6268546864947174	TBC1D1	0.26962778	False
1064	3.3773617791332318	2.117115059237803	0.6268546864947174	PTTG2	0.26962778	False
1065	3.4038000445966548	2.18458289400865	0.6418070584012581	LINC01258	0.2696285	False
1066	3.4038000445966548	2.18458289400865	0.6418070584012581	KLF3-AS1	0.2696285	False
1067	3.4038000445966548	2.18458289400865	0.6418070584012581	KLF3	0.2696285	False
1068	3.4038000445966548	2.18458289400865	0.6418070584012581	TLR10	0.2696285	False
1069	3.4038000445966548	2.18458289400865	0.6418070584012581	TLR1	0.2696285	False
1070	3.4038000445966548	2.18458289400865	0.6418070584012581	TLR6	0.2696285	False
1071	3.4038000445966548	2.18458289400865	0.6418070584012581	MIR574	0.2696285	False
1072	3.8293589420007637	3.126542810921608	0.816466374209374	TEC	0.2696389	False
1073	3.8293589420007637	3.126542810921608	0.816466374209374	SLAIN2	0.2696389	False
1074	3.8293589420007637	3.126542810921608	0.816466374209374	SLC10A4	0.2696389	False
1075	3.8293589420007637	3.126542810921608	0.816466374209374	ZAR1	0.2696389	False
1076	3.8293589420007637	3.126542810921608	0.816466374209374	FRYL	0.2696389	False
1077	3.8293589420007637	3.126542810921608	0.816466374209374	OCIAD1	0.2696389	False
1078	3.8293589420007637	3.126542810921608	0.816466374209374	OCIAD2	0.2696389	False
1079	3.8293589420007637	3.126542810921608	0.816466374209374	CWH43	0.2696389	False
1080	3.497942719584879	2.3922477460357645	0.6839013493965008	LOC101928942	0.26963052	False
1081	3.4561176386728327	2.018938898698398	0.5841638247804786	RASGEF1B	0.26962808	False
1082	3.597783123878149	2.153944188206895	0.5986865005595723	HNRNPD	0.26962978	False
1083	3.597783123878149	2.153944188206895	0.5986865005595723	HNRNPDL	0.26962978	False
1084	3.597783123878149	2.153944188206895	0.5986865005595723	ENOPH1	0.26962978	False
1085	3.597783123878149	2.153944188206895	0.5986865005595723	TMEM150C	0.26962978	False
1086	3.597783123878149	2.153944188206895	0.5986865005595723	LINC00575	0.26962978	False
1087	3.597783123878149	2.153944188206895	0.5986865005595723	SCD5	0.26962978	False
1088	3.597783123878149	2.153944188206895	0.5986865005595723	MIR575	0.26962978	False
1089	3.457590568207101	1.8830416342097467	0.5446109355817045	SEC31A	0.2696276	False
1090	3.457590568207101	1.8830416342097467	0.5446109355817045	THAP9-AS1	0.2696276	False
1091	3.457590568207101	1.8830416342097467	0.5446109355817045	THAP9	0.2696276	False
1092	3.457590568207101	1.8830416342097467	0.5446109355817045	LIN54	0.2696276	False
1093	3.457590568207101	1.8830416342097467	0.5446109355817045	COPS4	0.2696276	False
1094	3.457590568207101	1.8830416342097467	0.5446109355817045	PLAC8	0.2696276	False
1095	3.5401853545940085	2.1024243921365375	0.5938741002383604	COQ2	0.2696286	False
1096	3.5401853545940085	2.1024243921365375	0.5938741002383604	HPSE	0.2696286	False
1097	3.5401853545940085	2.1024243921365375	0.5938741002383604	HELQ	0.2696286	False
1098	3.5401853545940085	2.1024243921365375	0.5938741002383604	MRPS18C	0.2696286	False
1099	3.5401853545940085	2.1024243921365375	0.5938741002383604	ABRAXAS1	0.2696286	False
1100	3.5401853545940085	2.1024243921365375	0.5938741002383604	GPAT3	0.2696286	False
1101	3.4596701938624728	2.436842559423696	0.704356896141923	PPM1K	0.2696304	False
1102	3.4596701938624728	2.436842559423696	0.704356896141923	LOC105369192	0.2696304	False
1103	3.4596701938624728	2.436842559423696	0.704356896141923	HERC6	0.2696304	False
1104	3.4596701938624728	2.436842559423696	0.704356896141923	HERC5	0.2696304	False
1105	3.4596701938624728	2.436842559423696	0.704356896141923	PIGY	0.2696304	False
1106	3.4596701938624728	2.436842559423696	0.704356896141923	HERC3	0.2696304	False
1107	3.4596701938624728	2.436842559423696	0.704356896141923	PIGY-DT	0.2696304	False
1108	3.4596701938624728	2.436842559423696	0.704356896141923	NAP1L5	0.2696304	False
1109	3.4596701938624728	2.436842559423696	0.704356896141923	FAM13A-AS1	0.2696304	False
1110	3.688257537188456	2.637468267380429	0.715098726373365	RAP1GDS1	0.26963398	False
1111	3.688257537188456	2.637468267380429	0.715098726373365	TSPAN5	0.26963398	False
1112	3.621467927116053	2.2379497461030278	0.6179675731341389	EIF4E	0.26963034	False
1113	3.621467927116053	2.2379497461030278	0.6179675731341389	METAP1	0.26963034	False
1114	3.621467927116053	2.2379497461030278	0.6179675731341389	MIR3684	0.26963034	False
1115	3.621467927116053	2.2379497461030278	0.6179675731341389	ADH5	0.26963034	False
1116	3.621467927116053	2.2379497461030278	0.6179675731341389	LOC100507053	0.26963034	False
1117	3.6760137355563245	2.4253801216791917	0.6597853806202215	ADH4	0.26963243	False
1118	3.6760137355563245	2.4253801216791917	0.6597853806202215	ADH6	0.26963243	False
1119	3.6760137355563245	2.4253801216791917	0.6597853806202215	ADH1A	0.26963243	False
1120	3.6760137355563245	2.4253801216791917	0.6597853806202215	ADH1B	0.26963243	False
1121	3.6760137355563245	2.4253801216791917	0.6597853806202215	ADH1C	0.26963243	False
1122	3.6760137355563245	2.4253801216791917	0.6597853806202215	ADH7	0.26963243	False
1123	3.6760137355563245	2.4253801216791917	0.6597853806202215	C4orf17	0.26963243	False
1124	3.6760137355563245	2.4253801216791917	0.6597853806202215	TRMT10A	0.26963243	False
1125	3.6760137355563245	2.4253801216791917	0.6597853806202215	MTTP	0.26963243	False
1126	3.6760137355563245	2.4253801216791917	0.6597853806202215	DAPP1	0.26963243	False
1127	3.6760137355563245	2.4253801216791917	0.6597853806202215	LAMTOR3	0.26963243	False
1128	3.674497587924507	2.1509765177091578	0.5853797604270872	DNAJB14	0.26963007	False
1129	3.674497587924507	2.1509765177091578	0.5853797604270872	H2AFZ	0.26963007	False
1130	3.674497587924507	2.1509765177091578	0.5853797604270872	LOC256880	0.26963007	False
1131	3.7351269383801737	2.398709182035761	0.6422028545771508	DDIT4L	0.26963294	False
1132	3.7351269383801737	2.398709182035761	0.6422028545771508	LOC101929353	0.26963294	False
1133	3.7351269383801737	2.398709182035761	0.6422028545771508	EMCN	0.26963294	False
1134	3.7351269383801737	2.398709182035761	0.6422028545771508	LINC01216	0.26963294	False
1135	3.7734811857091226	2.2375736848105987	0.5929733248133601	PPP3CA	0.2696321	False
1136	3.923186497873386	2.7422095525998906	0.6989750688850354	MIR8066	0.2696365	False
1137	3.923186497873386	2.7422095525998906	0.6989750688850354	MIR1255A	0.2696365	False
1138	3.923186497873386	2.7422095525998906	0.6989750688850354	FLJ20021	0.2696365	False
1139	3.855607464772917	2.507196504166234	0.6502727591108396	BANK1	0.2696347	False
1140	4.0194705147079475	2.9059068148924654	0.7229576145064985	SLC39A8	0.26964003	False
1141	4.0194705147079475	2.9059068148924654	0.7229576145064985	NFKB1	0.26964003	False
1142	4.0194705147079475	2.9059068148924654	0.7229576145064985	MANBA	0.26964003	False
1143	4.0194705147079475	2.9059068148924654	0.7229576145064985	UBE2D3	0.26964003	False
1144	4.0194705147079475	2.9059068148924654	0.7229576145064985	LOC105377348	0.26964003	False
1145	4.0194705147079475	2.9059068148924654	0.7229576145064985	CISD2	0.26964003	False
1146	3.737353680401262	2.332043819603989	0.6239826409347505	SLC9B1	0.2696328	False
1147	3.737353680401262	2.332043819603989	0.6239826409347505	SLC9B2	0.2696328	False
1148	3.737353680401262	2.332043819603989	0.6239826409347505	BDH2	0.2696328	False
1149	3.7283245299916885	2.6234115617857663	0.7036435644703962	CENPE	0.26963532	False
1150	3.7283245299916885	2.6234115617857663	0.7036435644703962	LINC02428	0.26963532	False
1151	3.7283245299916885	2.6234115617857663	0.7036435644703962	TACR3	0.26963532	False
1152	3.5284521088651437	3.014083355778154	0.8542225493738028	FYB1	0.26963475	False
1153	3.5284521088651437	3.014083355778154	0.8542225493738028	C9	0.26963475	False
1154	3.5284521088651437	3.014083355778154	0.8542225493738028	DAB2	0.26963475	False
1155	3.5284521088651437	3.014083355778154	0.8542225493738028	LINC02104	0.26963475	False
1156	3.490538251012901	2.6695315012912286	0.7647907885027678	LINC00603	0.26963183	False
1157	3.719174716311409	3.1140452259414575	0.8372946859108289	PTGER4	0.26963723	False
1158	3.719174716311409	3.1140452259414575	0.8372946859108289	TTC33	0.26963723	False
1159	3.719174716311409	3.1140452259414575	0.8372946859108289	PRKAA1	0.26963723	False
1160	3.719174716311409	3.1140452259414575	0.8372946859108289	RPL37	0.26963723	False
1161	3.719174716311409	3.1140452259414575	0.8372946859108289	SNORD72	0.26963723	False
1162	3.719174716311409	3.1140452259414575	0.8372946859108289	CARD6	0.26963723	False
1163	3.6632938929098615	2.616980677481893	0.7143791227198396	C7	0.26963305	False
1164	3.6632938929098615	2.616980677481893	0.7143791227198396	MROH2B	0.26963305	False
1165	3.8389581117396556	2.861565793498455	0.7454016715492925	C6	0.2696364	False
1166	3.8389581117396556	2.861565793498455	0.7454016715492925	PLCXD3	0.2696364	False
1167	3.8389581117396556	2.861565793498455	0.7454016715492925	OXCT1	0.2696364	False
1168	3.8389581117396556	2.861565793498455	0.7454016715492925	OXCT1-AS1	0.2696364	False
1169	3.741142162431227	2.364211313391986	0.6319490708301698	C5orf51	0.26963162	False
1170	3.741142162431227	2.364211313391986	0.6319490708301698	FBXO4	0.26963162	False
1171	3.69465191649698	2.3671942487488975	0.6407083271306683	GHR	0.2696318	False
1172	3.69465191649698	2.3671942487488975	0.6407083271306683	CCDC152	0.2696318	False
1173	3.69465191649698	2.3671942487488975	0.6407083271306683	SELENOP	0.2696318	False
1174	3.683686433829915	2.1876892878257546	0.593885860570174	LOC648987	0.26963052	False
1175	3.683686433829915	2.1876892878257546	0.593885860570174	ANXA2R	0.26963052	False
1176	3.683686433829915	2.1876892878257546	0.593885860570174	LOC153684	0.26963052	False
1177	3.683686433829915	2.1876892878257546	0.593885860570174	LOC100506639	0.26963052	False
1178	3.7922022893084115	2.482314078278633	0.6545837718829434	ZNF131	0.26963422	False
1179	3.7922022893084115	2.482314078278633	0.6545837718829434	NIM1K	0.26963422	False
1180	3.7922022893084115	2.482314078278633	0.6545837718829434	HMGCS1	0.26963422	False
1181	3.7922022893084115	2.482314078278633	0.6545837718829434	CCL28	0.26963422	False
1182	3.7922022893084115	2.482314078278633	0.6545837718829434	TMEM267	0.26963422	False
1183	3.7922022893084115	2.482314078278633	0.6545837718829434	C5orf34	0.26963422	False
1184	3.7922022893084115	2.482314078278633	0.6545837718829434	PAIP1	0.26963422	False
1185	3.7922022893084115	2.482314078278633	0.6545837718829434	NNT-AS1	0.26963422	False
1186	3.7922022893084115	2.482314078278633	0.6545837718829434	NNT	0.26963422	False
1187	3.802760879967114	2.6386538059219604	0.6938784449535988	FGF10	0.2696346	False
1188	3.802760879967114	2.6386538059219604	0.6938784449535988	FGF10-AS1	0.2696346	False
1189	3.802760879967114	2.6386538059219604	0.6938784449535988	LINC02224	0.2696346	False
1190	3.802760879967114	2.6386538059219604	0.6938784449535988	MRPS30-DT	0.2696346	False
1191	3.802760879967114	2.6386538059219604	0.6938784449535988	MRPS30	0.2696346	False
1192	3.8786140312787967	2.957662144021503	0.7625564493320695	HCN1	0.26963842	False
1193	3.784874494865641	3.2575394102067308	0.8606730327850329	MIR4280	0.2696406	False
1194	3.784874494865641	3.2575394102067308	0.8606730327850329	LINC01949	0.2696406	False
1195	3.784874494865641	3.2575394102067308	0.8606730327850329	RASA1	0.2696406	False
1196	3.784874494865641	3.2575394102067308	0.8606730327850329	CCNH	0.2696406	False
1197	3.5981609291538006	2.4205075594757215	0.6727068652943674	TMEM161B	0.26963243	False
1198	3.5981609291538006	2.4205075594757215	0.6727068652943674	TMEM161B-AS1	0.26963243	False
1199	3.5981609291538006	2.4205075594757215	0.6727068652943674	LINC02060	0.26963243	False
1200	3.5981609291538006	2.4205075594757215	0.6727068652943674	LINC00461	0.26963243	False
1201	3.5981609291538006	2.4205075594757215	0.6727068652943674	MIR9-2	0.26963243	False
1202	3.5293556123158307	2.1022568408433884	0.5956489149201847	MEF2C	0.26963	False
1203	3.5293556123158307	2.1022568408433884	0.5956489149201847	MEF2C-AS1	0.26963	False
1204	3.597328103050242	2.3714691738955365	0.6592307140081893	MIR3660	0.26963127	False
1205	3.7365276538663372	2.7544783677589013	0.7371759619947494	LINC01339	0.26963493	False
1206	3.7365276538663372	2.7544783677589013	0.7371759619947494	CETN3	0.26963493	False
1207	3.7365276538663372	2.7544783677589013	0.7371759619947494	LOC731157	0.26963493	False
1208	3.7365276538663372	2.7544783677589013	0.7371759619947494	MBLAC2	0.26963493	False
1209	3.7365276538663372	2.7544783677589013	0.7371759619947494	POLR3G	0.26963493	False
1210	3.7365276538663372	2.7544783677589013	0.7371759619947494	LYSMD3	0.26963493	False
1211	3.580761394888244	2.384092325937979	0.6658059733724276	ADGRV1	0.26963142	False
1212	3.7397714070104073	2.9022376406159767	0.7760468019985319	LUCAT1	0.26963645	False
1213	3.7397714070104073	2.9022376406159767	0.7760468019985319	ARRDC3	0.26963645	False
1214	3.7397714070104073	2.9022376406159767	0.7760468019985319	ARRDC3-AS1	0.26963645	False
1215	3.4746301087476685	2.2854211766312984	0.657745171457981	MCTP1	0.2696301	False
1216	3.7027533594612976	2.552299775682891	0.6892978083893272	FAM81B	0.26963398	False
1217	3.7027533594612976	2.552299775682891	0.6892978083893272	TTC37	0.26963398	False
1218	3.7027533594612976	2.552299775682891	0.6892978083893272	ARSK	0.26963398	False
1219	3.7027533594612976	2.552299775682891	0.6892978083893272	GPR150	0.26963398	False
1220	3.7027533594612976	2.552299775682891	0.6892978083893272	RFESD	0.26963398	False
1221	3.7027533594612976	2.552299775682891	0.6892978083893272	SPATA9	0.26963398	False
1222	3.7027533594612976	2.552299775682891	0.6892978083893272	RHOBTB3	0.26963398	False
1223	3.7027533594612976	2.552299775682891	0.6892978083893272	GLRX	0.26963398	False
1224	3.7027533594612976	2.552299775682891	0.6892978083893272	LINC01554	0.26963398	False
1225	3.5455700408540083	2.0641821804578027	0.5821862653037904	ELL2	0.26962933	False
1226	3.5455700408540083	2.0641821804578027	0.5821862653037904	LOC101929710	0.26962933	False
1227	3.5455700408540083	2.0641821804578027	0.5821862653037904	MIR583	0.26962933	False
1228	3.6811914440902886	2.260559626141106	0.6140836901515033	PCSK1	0.26963127	False
1229	3.6811914440902886	2.260559626141106	0.6140836901515033	CAST	0.26963127	False
1230	3.6811914440902886	2.260559626141106	0.6140836901515033	ERAP1	0.26963127	False
1231	3.42163439006965	1.8633379072690988	0.5445753972653896	ERAP2	0.26962698	False
1232	3.42163439006965	1.8633379072690988	0.5445753972653896	LNPEP	0.26962698	False
1233	3.42163439006965	1.8633379072690988	0.5445753972653896	LIX1	0.26962698	False
1234	3.86616414627903	3.2983503986560896	0.8531325297790499	FAM174A	0.2696425	False
1235	3.7129459852144198	2.682728065642763	0.7225335559218584	ST8SIA4	0.26963538	False
1236	3.86616414627903	3.2983503986560896	0.8531325297790499	MIR548P	0.2696425	False
1237	3.915033185636742	3.5839290472766026	0.9154275014641315	SLCO4C1	0.26964495	False
1238	3.915033185636742	3.5839290472766026	0.9154275014641315	SLCO6A1	0.26964495	False
1239	3.915033185636742	3.5839290472766026	0.9154275014641315	LINC00492	0.26964495	False
1240	3.915033185636742	3.5839290472766026	0.9154275014641315	LINC00491	0.26964495	False
1241	3.817387325271329	3.221321620501401	0.843855062643516	PAM	0.2696407	False
1242	3.817387325271329	3.221321620501401	0.843855062643516	GIN1	0.2696407	False
1243	3.916871549200711	3.8979003277497153	0.9951565372484918	PPIP5K2	0.26964837	False
1244	3.916871549200711	3.8979003277497153	0.9951565372484918	C5orf30	0.26964837	False
1245	3.916871549200711	3.8979003277497153	0.9951565372484918	LINC02115	0.26964837	False
1246	3.916871549200711	3.8979003277497153	0.9951565372484918	NUDT12	0.26964837	False
1247	3.6578123620862213	2.7886374780669017	0.7623784934874055	LINC01023	0.26963574	False
1248	3.5126065975145484	2.27635979737539	0.6480542964834427	FER	0.26963055	False
1249	3.5690361158693427	2.3530867982134067	0.6593059643612611	PJA2	0.2696315	False
1250	3.5690361158693427	2.3530867982134067	0.6593059643612611	MAN2A1	0.2696315	False
1251	3.5690361158693427	2.3530867982134067	0.6593059643612611	LINC01848	0.2696315	False
1252	3.3353441242231554	1.8707306118979323	0.5608808393447706	CHSY3	0.26962802	False
1253	3.8577171560583152	2.462102120577422	0.6382277447974217	HINT1	0.26963398	False
1254	3.8577171560583152	2.462102120577422	0.6382277447974217	LYRM7	0.26963398	False
1255	3.8577171560583152	2.462102120577422	0.6382277447974217	CDC42SE2	0.26963398	False
1256	3.8577171560583152	2.462102120577422	0.6382277447974217	RAPGEF6	0.26963398	False
1257	3.8577171560583152	2.462102120577422	0.6382277447974217	FNIP1	0.26963398	False
1258	3.6457728820315705	1.93720232065778	0.5313557326089642	MEIKIN	0.2696288	False
1259	3.6457728820315705	1.93720232065778	0.5313557326089642	ACSL6	0.2696288	False
1260	3.6457728820315705	1.93720232065778	0.5313557326089642	IL3	0.2696288	False
1261	3.6457728820315705	1.93720232065778	0.5313557326089642	CSF2	0.2696288	False
1262	3.6466900621896174	2.012609637876181	0.5519003818678603	P4HA2-AS1	0.26962903	False
1263	3.6466900621896174	2.012609637876181	0.5519003818678603	P4HA2	0.26962903	False
1264	3.6466900621896174	2.012609637876181	0.5519003818678603	PDLIM4	0.26962903	False
1265	3.6466900621896174	2.012609637876181	0.5519003818678603	SLC22A4	0.26962903	False
1266	3.6466900621896174	2.012609637876181	0.5519003818678603	MIR3936HG	0.26962903	False
1267	3.6466900621896174	2.012609637876181	0.5519003818678603	MIR3936	0.26962903	False
1268	3.6466900621896174	2.012609637876181	0.5519003818678603	SLC22A5	0.26962903	False
1269	3.6466900621896174	2.012609637876181	0.5519003818678603	C5orf56	0.26962903	False
1270	3.6466900621896174	2.012609637876181	0.5519003818678603	IRF1	0.26962903	False
1271	3.6466900621896174	2.012609637876181	0.5519003818678603	IL5	0.26962903	False
1272	3.6466900621896174	2.012609637876181	0.5519003818678603	RAD50	0.26962903	False
1273	3.6466900621896174	2.012609637876181	0.5519003818678603	TH2LCRR	0.26962903	False
1274	3.6466900621896174	2.012609637876181	0.5519003818678603	IL13	0.26962903	False
1275	3.6466900621896174	2.012609637876181	0.5519003818678603	IL4	0.26962903	False
1276	3.6466900621896174	2.012609637876181	0.5519003818678603	KIF3A	0.26962903	False
1277	3.6466900621896174	2.012609637876181	0.5519003818678603	CCNI2	0.26962903	False
1278	3.6466900621896174	2.012609637876181	0.5519003818678603	SEPT8	0.26962903	False
1279	3.6466900621896174	2.012609637876181	0.5519003818678603	SOWAHA	0.26962903	False
1280	3.6466900621896174	2.012609637876181	0.5519003818678603	SHROOM1	0.26962903	False
1281	3.6466900621896174	2.012609637876181	0.5519003818678603	GDF9	0.26962903	False
1282	3.6466900621896174	2.012609637876181	0.5519003818678603	UQCRQ	0.26962903	False
1283	3.6466900621896174	2.012609637876181	0.5519003818678603	LEAP2	0.26962903	False
1284	3.340002190553061	1.609248260948494	0.48181054057393397	AFF4	0.26962492	False
1285	3.340002190553061	1.609248260948494	0.48181054057393397	ZCCHC10	0.26962492	False
1286	3.340002190553061	1.609248260948494	0.48181054057393397	HSPA4	0.26962492	False
1287	3.2214358332819026	1.2702299952372267	0.3943055398198493	NME5	0.2696229	False
1288	3.2214358332819026	1.2702299952372267	0.3943055398198493	BRD8	0.2696229	False
1289	3.2214358332819026	1.2702299952372267	0.3943055398198493	KIF20A	0.2696229	False
1290	3.2214358332819026	1.2702299952372267	0.3943055398198493	CDC23	0.2696229	False
1291	3.2214358332819026	1.2702299952372267	0.3943055398198493	GFRA3	0.2696229	False
1292	3.2214358332819026	1.2702299952372267	0.3943055398198493	CDC25C	0.2696229	False
1293	3.2214358332819026	1.2702299952372267	0.3943055398198493	FAM53C	0.2696229	False
1294	3.2214358332819026	1.2702299952372267	0.3943055398198493	KDM3B	0.2696229	False
1295	3.2214358332819026	1.2702299952372267	0.3943055398198493	REEP2	0.2696229	False
1296	3.2214358332819026	1.2702299952372267	0.3943055398198493	EGR1	0.2696229	False
1297	3.2214358332819026	1.2702299952372267	0.3943055398198493	ETF1	0.2696229	False
1298	3.2214358332819026	1.2702299952372267	0.3943055398198493	HSPA9	0.2696229	False
1299	3.2214358332819026	1.2702299952372267	0.3943055398198493	SNORD63	0.2696229	False
1300	3.1947457527366807	1.1383778887158553	0.35632816406147466	CTNNA1	0.26962245	False
1301	3.2214358332819026	1.2702299952372267	0.3943055398198493	LOC105379194	0.2696229	False
1302	3.2214358332819026	1.2702299952372267	0.3943055398198493	LRRTM2	0.2696229	False
1303	3.1947457527366807	1.1383778887158553	0.35632816406147466	SIL1	0.26962245	False
1304	3.30554567089456	1.2150577147862116	0.36758158433109406	MATR3	0.26962322	False
1305	3.30554567089456	1.2150577147862116	0.36758158433109406	SNHG4	0.26962322	False
1306	3.30554567089456	1.2150577147862116	0.36758158433109406	SNORA74A	0.26962322	False
1307	3.30554567089456	1.2150577147862116	0.36758158433109406	PAIP2	0.26962322	False
1308	3.30554567089456	1.2150577147862116	0.36758158433109406	SLC23A1	0.26962322	False
1309	3.30554567089456	1.2150577147862116	0.36758158433109406	MZB1	0.26962322	False
1310	3.30554567089456	1.2150577147862116	0.36758158433109406	PROB1	0.26962322	False
1311	3.30554567089456	1.2150577147862116	0.36758158433109406	SPATA24	0.26962322	False
1312	3.30554567089456	1.2150577147862116	0.36758158433109406	DNAJC18	0.26962322	False
1313	3.30554567089456	1.2150577147862116	0.36758158433109406	ECSCR	0.26962322	False
1314	3.30554567089456	1.2150577147862116	0.36758158433109406	TMEM173	0.26962322	False
1315	3.30554567089456	1.2150577147862116	0.36758158433109406	UBE2D2	0.26962322	False
1316	3.30554567089456	1.2150577147862116	0.36758158433109406	CXXC5	0.26962322	False
1317	3.30554567089456	1.2150577147862116	0.36758158433109406	PSD2-AS1	0.26962322	False
1318	3.30554567089456	1.2150577147862116	0.36758158433109406	PSD2	0.26962322	False
1319	3.262675927678878	1.1141627951152044	0.34148742314957353	NRG2	0.2696224	False
1320	3.262675927678878	1.1141627951152044	0.34148742314957353	MALINC1	0.2696224	False
1321	3.3683658992517955	1.2919332249662199	0.3835489562619052	PURA	0.26962402	False
1322	3.3683658992517955	1.2919332249662199	0.3835489562619052	IGIP	0.26962402	False
1323	3.3683658992517955	1.2919332249662199	0.3835489562619052	LOC101929719	0.26962402	False
1324	3.3683658992517955	1.2919332249662199	0.3835489562619052	CYSTM1	0.26962402	False
1325	3.3683658992517955	1.2919332249662199	0.3835489562619052	PFDN1	0.26962402	False
1326	3.3683658992517955	1.2919332249662199	0.3835489562619052	HBEGF	0.26962402	False
1327	3.3683658992517955	1.2919332249662199	0.3835489562619052	SLC4A9	0.26962402	False
1328	3.3683658992517955	1.2919332249662199	0.3835489562619052	ANKHD1	0.26962402	False
1329	3.3683658992517955	1.2919332249662199	0.3835489562619052	ANKHD1-EIF4EBP3	0.26962402	False
1330	3.3683658992517955	1.2919332249662199	0.3835489562619052	SRA1	0.26962402	False
1331	3.3683658992517955	1.2919332249662199	0.3835489562619052	EIF4EBP3	0.26962402	False
1332	3.3683658992517955	1.2919332249662199	0.3835489562619052	APBB3	0.26962402	False
1333	3.3683658992517955	1.2919332249662199	0.3835489562619052	MIR6831	0.26962402	False
1334	3.3683658992517955	1.2919332249662199	0.3835489562619052	SLC35A4	0.26962402	False
1335	3.3683658992517955	1.2919332249662199	0.3835489562619052	CD14	0.26962402	False
1336	3.3683658992517955	1.2919332249662199	0.3835489562619052	NDUFA2	0.26962402	False
1337	3.3683658992517955	1.2919332249662199	0.3835489562619052	TMCO6	0.26962402	False
1338	3.3683658992517955	1.2919332249662199	0.3835489562619052	IK	0.26962402	False
1339	3.3683658992517955	1.2919332249662199	0.3835489562619052	MIR3655	0.26962402	False
1340	3.3683658992517955	1.2919332249662199	0.3835489562619052	WDR55	0.26962402	False
1341	3.3683658992517955	1.2919332249662199	0.3835489562619052	DND1	0.26962402	False
1342	3.3683658992517955	1.2919332249662199	0.3835489562619052	HARS	0.26962402	False
1343	3.3683658992517955	1.2919332249662199	0.3835489562619052	HARS2	0.26962402	False
1344	3.3683658992517955	1.2919332249662199	0.3835489562619052	ZMAT2	0.26962402	False
1345	3.3683658992517955	1.2919332249662199	0.3835489562619052	VTRNA1-1	0.26962402	False
1346	3.3683658992517955	1.2919332249662199	0.3835489562619052	VTRNA1-2	0.26962402	False
1347	3.3683658992517955	1.2919332249662199	0.3835489562619052	VTRNA1-3	0.26962402	False
1348	3.295719615542728	1.2328537760121787	0.3740772637933147	PCDHA1	0.2696237	False
1349	3.295719615542728	1.2328537760121787	0.3740772637933147	PCDHA2	0.2696237	False
1350	3.295719615542728	1.2328537760121787	0.3740772637933147	PCDHA3	0.2696237	False
1351	3.295719615542728	1.2328537760121787	0.3740772637933147	PCDHA4	0.2696237	False
1352	3.295719615542728	1.2328537760121787	0.3740772637933147	PCDHA5	0.2696237	False
1353	3.295719615542728	1.2328537760121787	0.3740772637933147	PCDHA6	0.2696237	False
1354	3.295719615542728	1.2328537760121787	0.3740772637933147	PCDHA7	0.2696237	False
1355	3.295719615542728	1.2328537760121787	0.3740772637933147	PCDHA8	0.2696237	False
1356	3.295719615542728	1.2328537760121787	0.3740772637933147	PCDHA9	0.2696237	False
1357	3.295719615542728	1.2328537760121787	0.3740772637933147	PCDHA10	0.2696237	False
1358	3.295719615542728	1.2328537760121787	0.3740772637933147	PCDHA11	0.2696237	False
1359	3.295719615542728	1.2328537760121787	0.3740772637933147	PCDHA12	0.2696237	False
1360	3.295719615542728	1.2328537760121787	0.3740772637933147	PCDHA13	0.2696237	False
1361	3.295719615542728	1.2328537760121787	0.3740772637933147	PCDHAC1	0.2696237	False
1362	3.295719615542728	1.2328537760121787	0.3740772637933147	PCDHAC2	0.2696237	False
1363	3.295719615542728	1.2328537760121787	0.3740772637933147	LOC101926905	0.2696237	False
1364	3.295719615542728	1.2328537760121787	0.3740772637933147	PCDHB1	0.2696237	False
1365	3.295719615542728	1.2328537760121787	0.3740772637933147	PCDHB2	0.2696237	False
1366	3.2931316538743785	1.514342964187935	0.4598488986634671	PCDHB3	0.269625	False
1367	3.2931316538743785	1.514342964187935	0.4598488986634671	PCDHB4	0.269625	False
1368	3.2931316538743785	1.514342964187935	0.4598488986634671	PCDHB5	0.269625	False
1369	3.2931316538743785	1.514342964187935	0.4598488986634671	PCDHB6	0.269625	False
1370	3.2931316538743785	1.514342964187935	0.4598488986634671	PCDHB7	0.269625	False
1371	3.2931316538743785	1.514342964187935	0.4598488986634671	PCDHB8	0.269625	False
1372	3.2931316538743785	1.514342964187935	0.4598488986634671	PCDHB16	0.269625	False
1373	3.2931316538743785	1.514342964187935	0.4598488986634671	PCDHB9	0.269625	False
1374	3.2931316538743785	1.514342964187935	0.4598488986634671	PCDHB10	0.269625	False
1375	3.2931316538743785	1.514342964187935	0.4598488986634671	PCDHB11	0.269625	False
1376	3.2931316538743785	1.514342964187935	0.4598488986634671	PCDHB12	0.269625	False
1377	3.2931316538743785	1.514342964187935	0.4598488986634671	PCDHB13	0.269625	False
1378	3.2931316538743785	1.514342964187935	0.4598488986634671	PCDHB14	0.269625	False
1379	3.2931316538743785	1.514342964187935	0.4598488986634671	PCDHB15	0.269625	False
1380	3.2931316538743785	1.514342964187935	0.4598488986634671	SLC25A2	0.269625	False
1381	3.2931316538743785	1.514342964187935	0.4598488986634671	TAF7	0.269625	False
1382	3.2931316538743785	1.514342964187935	0.4598488986634671	PCDHGA1	0.269625	False
1383	3.2931316538743785	1.514342964187935	0.4598488986634671	PCDHGA2	0.269625	False
1384	3.2931316538743785	1.514342964187935	0.4598488986634671	PCDHGA3	0.269625	False
1385	3.2931316538743785	1.514342964187935	0.4598488986634671	PCDHGB1	0.269625	False
1386	3.2931316538743785	1.514342964187935	0.4598488986634671	PCDHGA4	0.269625	False
1387	3.2931316538743785	1.514342964187935	0.4598488986634671	PCDHGB2	0.269625	False
1388	3.2931316538743785	1.514342964187935	0.4598488986634671	PCDHGA5	0.269625	False
1389	3.2931316538743785	1.514342964187935	0.4598488986634671	PCDHGB3	0.269625	False
1390	3.2931316538743785	1.514342964187935	0.4598488986634671	PCDHGA6	0.269625	False
1391	3.2931316538743785	1.514342964187935	0.4598488986634671	PCDHGA7	0.269625	False
1392	3.2931316538743785	1.514342964187935	0.4598488986634671	PCDHGB4	0.269625	False
1393	3.2931316538743785	1.514342964187935	0.4598488986634671	PCDHGA8	0.269625	False
1394	3.2931316538743785	1.514342964187935	0.4598488986634671	PCDHGB5	0.269625	False
1395	3.2931316538743785	1.514342964187935	0.4598488986634671	PCDHGA9	0.269625	False
1396	3.2931316538743785	1.514342964187935	0.4598488986634671	PCDHGB6	0.269625	False
1397	3.2931316538743785	1.514342964187935	0.4598488986634671	PCDHGA10	0.269625	False
1398	3.2931316538743785	1.514342964187935	0.4598488986634671	PCDHGB7	0.269625	False
1399	3.2931316538743785	1.514342964187935	0.4598488986634671	PCDHGA11	0.269625	False
1400	3.2931316538743785	1.514342964187935	0.4598488986634671	PCDHGA12	0.269625	False
1401	3.2931316538743785	1.514342964187935	0.4598488986634671	PCDHGC3	0.269625	False
1402	3.2931316538743785	1.514342964187935	0.4598488986634671	PCDHGC4	0.269625	False
1403	3.2931316538743785	1.514342964187935	0.4598488986634671	PCDHGC5	0.269625	False
1404	3.2931316538743785	1.514342964187935	0.4598488986634671	DIAPH1	0.269625	False
1405	3.2931316538743785	1.514342964187935	0.4598488986634671	LOC100505658	0.269625	False
1406	3.2931316538743785	1.514342964187935	0.4598488986634671	HDAC3	0.269625	False
1407	3.2931316538743785	1.514342964187935	0.4598488986634671	RELL2	0.269625	False
1408	3.2931316538743785	1.514342964187935	0.4598488986634671	FCHSD1	0.269625	False
1409	3.2931316538743785	1.514342964187935	0.4598488986634671	ARAP3	0.269625	False
1410	3.2931316538743785	1.514342964187935	0.4598488986634671	PCDH1	0.269625	False
1411	3.2566838415472645	1.4557854952668137	0.44701468306335923	DELE1	0.2696248	False
1412	3.2566838415472645	1.4557854952668137	0.44701468306335923	PCDH12	0.2696248	False
1413	3.2566838415472645	1.4557854952668137	0.44701468306335923	RNF14	0.2696248	False
1414	3.2566838415472645	1.4557854952668137	0.44701468306335923	GNPDA1	0.2696248	False
1415	3.337994667859735	1.9277767131536525	0.5775254022169274	NDFIP1	0.26962727	False
1416	3.337994667859735	1.9277767131536525	0.5775254022169274	SPRY4	0.26962727	False
1417	3.337994667859735	1.9277767131536525	0.5775254022169274	SPRY4-IT1	0.26962727	False
1418	3.337994667859735	1.9277767131536525	0.5775254022169274	SPRY4-AS1	0.26962727	False
1419	3.337994667859735	1.9277767131536525	0.5775254022169274	FGF1	0.26962727	False
1420	3.337994667859735	1.9277767131536525	0.5775254022169274	LINC01844	0.26962727	False
1421	3.337994667859735	1.9277767131536525	0.5775254022169274	ARHGAP26-AS1	0.26962727	False
1422	3.5380963514643318	2.454772435317541	0.6938116409129362	NRSN1	0.2696304	False
1423	3.5380963514643318	2.454772435317541	0.6938116409129362	DCDC2	0.2696304	False
1424	3.5380963514643318	2.454772435317541	0.6938116409129362	KAAG1	0.2696304	False
1425	3.5380963514643318	2.454772435317541	0.6938116409129362	MRS2	0.2696304	False
1426	3.5380963514643318	2.454772435317541	0.6938116409129362	GPLD1	0.2696304	False
1427	3.5380963514643318	2.454772435317541	0.6938116409129362	ALDH5A1	0.2696304	False
1428	3.5380963514643318	2.454772435317541	0.6938116409129362	KIAA0319	0.2696304	False
1429	3.5380963514643318	2.454772435317541	0.6938116409129362	TDP2	0.2696304	False
1430	3.5380963514643318	2.454772435317541	0.6938116409129362	ACOT13	0.2696304	False
1431	3.5380963514643318	2.454772435317541	0.6938116409129362	C6orf62	0.2696304	False
1432	3.5380963514643318	2.454772435317541	0.6938116409129362	GMNN	0.2696304	False
1433	3.5380963514643318	2.454772435317541	0.6938116409129362	ARMH2	0.2696304	False
1434	3.826849090002734	2.2854534538823326	0.5972154637225844	RIPOR2	0.2696321	False
1435	4.258540223742996	2.912401363896298	0.6838966431873869	LOC101928663	0.26964188	False
1436	4.258540223742996	2.912401363896298	0.6838966431873869	CARMIL1	0.26964188	False
1437	4.258540223742996	2.912401363896298	0.6838966431873869	SCGN	0.26964188	False
1438	4.258540223742996	2.912401363896298	0.6838966431873869	HIST1H2AA	0.26964188	False
1439	4.258540223742996	2.912401363896298	0.6838966431873869	HIST1H2BA	0.26964188	False
1440	4.258540223742996	2.912401363896298	0.6838966431873869	SLC17A4	0.26964188	False
1441	4.258540223742996	2.912401363896298	0.6838966431873869	SLC17A1	0.26964188	False
1442	4.258540223742996	2.912401363896298	0.6838966431873869	SLC17A3	0.26964188	False
1443	4.440787097697046	2.86279842678118	0.6446601387996741	SLC17A2	0.26964346	False
1444	4.440787097697046	2.86279842678118	0.6446601387996741	TRIM38	0.26964346	False
1445	4.440787097697046	2.86279842678118	0.6446601387996741	HIST1H1A	0.26964346	False
1446	4.440787097697046	2.86279842678118	0.6446601387996741	HIST1H3A	0.26964346	False
1447	4.440787097697046	2.86279842678118	0.6446601387996741	HIST1H4A	0.26964346	False
1448	4.440787097697046	2.86279842678118	0.6446601387996741	HIST1H4B	0.26964346	False
1449	4.440787097697046	2.86279842678118	0.6446601387996741	HIST1H3B	0.26964346	False
1450	4.440787097697046	2.86279842678118	0.6446601387996741	HIST1H2AB	0.26964346	False
1451	4.440787097697046	2.86279842678118	0.6446601387996741	HIST1H2BB	0.26964346	False
1452	4.440787097697046	2.86279842678118	0.6446601387996741	HIST1H3C	0.26964346	False
1453	4.440787097697046	2.86279842678118	0.6446601387996741	HIST1H1C	0.26964346	False
1454	4.440787097697046	2.86279842678118	0.6446601387996741	HFE	0.26964346	False
1455	5.006449990884655	3.8018061118336384	0.7593816214594501	HIST1H4C	0.26966196	False
1456	5.006449990884655	3.8018061118336384	0.7593816214594501	HIST1H1T	0.26966196	False
1457	5.006449990884655	3.8018061118336384	0.7593816214594501	HIST1H2BC	0.26966196	False
1458	5.006449990884655	3.8018061118336384	0.7593816214594501	HIST1H1E	0.26966196	False
1459	5.006449990884655	3.8018061118336384	0.7593816214594501	HIST1H2BD	0.26966196	False
1460	5.006449990884655	3.8018061118336384	0.7593816214594501	HIST1H2BE	0.26966196	False
1461	5.006449990884655	3.8018061118336384	0.7593816214594501	HIST1H4D	0.26966196	False
1462	5.006449990884655	3.8018061118336384	0.7593816214594501	HIST1H3D	0.26966196	False
1463	5.006449990884655	3.8018061118336384	0.7593816214594501	HIST1H2AD	0.26966196	False
1464	5.006449990884655	3.8018061118336384	0.7593816214594501	HIST1H2BF	0.26966196	False
1465	5.006449990884655	3.8018061118336384	0.7593816214594501	HIST1H4E	0.26966196	False
1466	5.006449990884655	3.8018061118336384	0.7593816214594501	HIST1H2BG	0.26966196	False
1467	5.006449990884655	3.8018061118336384	0.7593816214594501	HIST1H2AE	0.26966196	False
1468	5.006449990884655	3.8018061118336384	0.7593816214594501	HIST1H3E	0.26966196	False
1469	5.006449990884655	3.8018061118336384	0.7593816214594501	HIST1H1D	0.26966196	False
1470	5.006449990884655	3.8018061118336384	0.7593816214594501	HIST1H4F	0.26966196	False
1471	5.006449990884655	3.8018061118336384	0.7593816214594501	HIST1H4G	0.26966196	False
1472	5.006449990884655	3.8018061118336384	0.7593816214594501	HIST1H3F	0.26966196	False
1473	5.006449990884655	3.8018061118336384	0.7593816214594501	HIST1H2BH	0.26966196	False
1474	5.006449990884655	3.8018061118336384	0.7593816214594501	HIST1H3G	0.26966196	False
1475	5.006449990884655	3.8018061118336384	0.7593816214594501	HIST1H2BI	0.26966196	False
1476	5.006449990884655	3.8018061118336384	0.7593816214594501	HIST1H4H	0.26966196	False
1477	5.006449990884655	3.8018061118336384	0.7593816214594501	BTN3A2	0.26966196	False
1478	5.006449990884655	3.8018061118336384	0.7593816214594501	BTN2A2	0.26966196	False
1479	5.006449990884655	3.8018061118336384	0.7593816214594501	BTN3A1	0.26966196	False
1480	5.006449990884655	3.8018061118336384	0.7593816214594501	BTN3A3	0.26966196	False
1481	5.006449990884655	3.8018061118336384	0.7593816214594501	BTN2A1	0.26966196	False
1482	5.006449990884655	3.8018061118336384	0.7593816214594501	BTN1A1	0.26966196	False
1483	5.006449990884655	3.8018061118336384	0.7593816214594501	HCG11	0.26966196	False
1484	5.006449990884655	3.8018061118336384	0.7593816214594501	HMGN4	0.26966196	False
1485	5.006449990884655	3.8018061118336384	0.7593816214594501	ABT1	0.26966196	False
1486	5.006449990884655	3.8018061118336384	0.7593816214594501	ZNF322	0.26966196	False
1487	4.649437727734093	2.8408424718873104	0.6110077472253397	LINC00240	0.26964518	False
1488	4.645526619716286	2.9424182995269885	0.6333874586013436	HIST1H2BJ	0.26964596	False
1489	4.645526619716286	2.9424182995269885	0.6333874586013436	HIST1H2AG	0.26964596	False
1490	4.645526619716286	2.9424182995269885	0.6333874586013436	HIST1H4I	0.26964596	False
1491	4.645526619716286	2.9424182995269885	0.6333874586013436	HIST1H2BK	0.26964596	False
1492	4.645526619716286	2.9424182995269885	0.6333874586013436	HIST1H2AH	0.26964596	False
1493	4.645526619716286	2.9424182995269885	0.6333874586013436	MIR3143	0.26964596	False
1494	4.645526619716286	2.9424182995269885	0.6333874586013436	PRSS16	0.26964596	False
1495	4.645526619716286	2.9424182995269885	0.6333874586013436	POM121L2	0.26964596	False
1496	4.645526619716286	2.9424182995269885	0.6333874586013436	ZNF391	0.26964596	False
1497	4.645526619716286	2.9424182995269885	0.6333874586013436	ZNF184	0.26964596	False
1498	4.645526619716286	2.9424182995269885	0.6333874586013436	LINC01012	0.26964596	False
1499	4.645526619716286	2.9424182995269885	0.6333874586013436	HIST1H2BL	0.26964596	False
1500	4.645526619716286	2.9424182995269885	0.6333874586013436	HIST1H2AI	0.26964596	False
1501	4.645526619716286	2.9424182995269885	0.6333874586013436	HIST1H3H	0.26964596	False
1502	4.645526619716286	2.9424182995269885	0.6333874586013436	HIST1H2AJ	0.26964596	False
1503	4.645526619716286	2.9424182995269885	0.6333874586013436	HIST1H2BM	0.26964596	False
1504	4.645526619716286	2.9424182995269885	0.6333874586013436	HIST1H4J	0.26964596	False
1505	4.645526619716286	2.9424182995269885	0.6333874586013436	HIST1H4K	0.26964596	False
1506	4.645526619716286	2.9424182995269885	0.6333874586013436	HIST1H2BN	0.26964596	False
1507	4.645526619716286	2.9424182995269885	0.6333874586013436	HIST1H2AK	0.26964596	False
1508	4.645526619716286	2.9424182995269885	0.6333874586013436	HIST1H2AL	0.26964596	False
1509	4.645526619716286	2.9424182995269885	0.6333874586013436	HIST1H1B	0.26964596	False
1510	4.645526619716286	2.9424182995269885	0.6333874586013436	HIST1H3I	0.26964596	False
1511	4.645526619716286	2.9424182995269885	0.6333874586013436	HIST1H4L	0.26964596	False
1512	4.645526619716286	2.9424182995269885	0.6333874586013436	HIST1H3J	0.26964596	False
1513	4.645526619716286	2.9424182995269885	0.6333874586013436	HIST1H2AM	0.26964596	False
1514	4.645526619716286	2.9424182995269885	0.6333874586013436	HIST1H2BO	0.26964596	False
1515	4.538598362949755	2.4715147186175264	0.5445546225886407	OR2B2	0.26964003	False
1516	4.538598362949755	2.4715147186175264	0.5445546225886407	OR2B6	0.26964003	False
1517	4.538598362949755	2.4715147186175264	0.5445546225886407	ZNF165	0.26964003	False
1518	4.361150353038964	2.3793203179234497	0.5455717242734998	ZSCAN16-AS1	0.26963788	False
1519	4.361150353038964	2.3793203179234497	0.5455717242734998	ZSCAN16	0.26963788	False
1520	4.361150353038964	2.3793203179234497	0.5455717242734998	ZKSCAN8	0.26963788	False
1521	4.361150353038964	2.3793203179234497	0.5455717242734998	ZSCAN9	0.26963788	False
1522	4.361150353038964	2.3793203179234497	0.5455717242734998	ZKSCAN4	0.26963788	False
1523	4.361150353038964	2.3793203179234497	0.5455717242734998	NKAPL	0.26963788	False
1524	4.361150353038964	2.3793203179234497	0.5455717242734998	ZSCAN26	0.26963788	False
1525	4.361150353038964	2.3793203179234497	0.5455717242734998	PGBD1	0.26963788	False
1526	4.361150353038964	2.3793203179234497	0.5455717242734998	ZSCAN31	0.26963788	False
1527	4.361150353038964	2.3793203179234497	0.5455717242734998	ZKSCAN3	0.26963788	False
1528	4.361150353038964	2.3793203179234497	0.5455717242734998	ZSCAN12	0.26963788	False
1529	4.361150353038964	2.3793203179234497	0.5455717242734998	ZSCAN23	0.26963788	False
1530	4.361150353038964	2.3793203179234497	0.5455717242734998	GPX6	0.26963788	False
1531	4.361150353038964	2.3793203179234497	0.5455717242734998	GPX5	0.26963788	False
1532	4.361150353038964	2.3793203179234497	0.5455717242734998	ZBED9	0.26963788	False
1533	4.361150353038964	2.3793203179234497	0.5455717242734998	LINC00533	0.26963788	False
1534	4.361150353038964	2.3793203179234497	0.5455717242734998	LINC01623	0.26963788	False
1535	4.361150353038964	2.3793203179234497	0.5455717242734998	HCG14	0.26963788	False
1536	4.294236713983385	2.162458428041894	0.5035722462621237	TRIM27	0.26963574	False
1537	4.294236713983385	2.162458428041894	0.5035722462621237	ZNF311	0.26963574	False
1538	4.294236713983385	2.162458428041894	0.5035722462621237	LOC100129636	0.26963574	False
1539	4.294236713983385	2.162458428041894	0.5035722462621237	OR2W1	0.26963574	False
1540	4.294236713983385	2.162458428041894	0.5035722462621237	OR2B3	0.26963574	False
1541	4.091002940829603	2.1518484461042013	0.5259953310294697	OR2J3	0.2696327	False
1542	4.091002940829603	2.1518484461042013	0.5259953310294697	OR2J2	0.2696327	False
1543	4.091002940829603	2.1518484461042013	0.5259953310294697	LOC101929006	0.2696327	False
1544	4.091002940829603	2.1518484461042013	0.5259953310294697	OR14J1	0.2696327	False
1545	4.091002940829603	2.1518484461042013	0.5259953310294697	OR5V1	0.2696327	False
1546	4.091002940829603	2.1518484461042013	0.5259953310294697	OR12D3	0.2696327	False
1547	4.091002940829603	2.1518484461042013	0.5259953310294697	OR12D2	0.2696327	False
1548	4.091002940829603	2.1518484461042013	0.5259953310294697	OR11A1	0.2696327	False
1549	4.091002940829603	2.1518484461042013	0.5259953310294697	OR10C1	0.2696327	False
1550	4.091002940829603	2.1518484461042013	0.5259953310294697	OR2H1	0.2696327	False
1551	4.091002940829603	2.1518484461042013	0.5259953310294697	MAS1L	0.2696327	False
1552	4.091002940829603	2.1518484461042013	0.5259953310294697	LINC01015	0.2696327	False
1553	4.091002940829603	2.1518484461042013	0.5259953310294697	UBD	0.2696327	False
1554	4.091002940829603	2.1518484461042013	0.5259953310294697	GABBR1	0.2696327	False
1555	4.091002940829603	2.1518484461042013	0.5259953310294697	SNORD32B	0.2696327	False
1556	4.091002940829603	2.1518484461042013	0.5259953310294697	OR2H2	0.2696327	False
1557	4.091002940829603	2.1518484461042013	0.5259953310294697	MOG	0.2696327	False
1558	4.091002940829603	2.1518484461042013	0.5259953310294697	ZFP57	0.2696327	False
1559	4.091002940829603	2.1518484461042013	0.5259953310294697	HLA-F	0.2696327	False
1560	4.091002940829603	2.1518484461042013	0.5259953310294697	HLA-F-AS1	0.2696327	False
1561	4.091002940829603	2.1518484461042013	0.5259953310294697	HLA-G	0.2696327	False
1562	4.173694785751532	2.0801408660688288	0.4983931439285325	HLA-A	0.2696326	False
1563	4.173694785751532	2.0801408660688288	0.4983931439285325	HCG9	0.2696326	False
1564	4.173694785751532	2.0801408660688288	0.4983931439285325	ZNRD1ASP	0.2696326	False
1565	4.173694785751532	2.0801408660688288	0.4983931439285325	ZNRD1	0.2696326	False
1566	4.173694785751532	2.0801408660688288	0.4983931439285325	PPP1R11	0.2696326	False
1567	4.173694785751532	2.0801408660688288	0.4983931439285325	RNF39	0.2696326	False
1568	4.3924552780245625	2.3736574165737143	0.5403942137895208	TRIM31	0.26963672	False
1569	4.3924552780245625	2.3736574165737143	0.5403942137895208	TRIM31-AS1	0.26963672	False
1570	4.3924552780245625	2.3736574165737143	0.5403942137895208	TRIM40	0.26963672	False
1571	4.3924552780245625	2.3736574165737143	0.5403942137895208	TRIM10	0.26963672	False
1572	4.3924552780245625	2.3736574165737143	0.5403942137895208	TRIM15	0.26963672	False
1573	4.3924552780245625	2.3736574165737143	0.5403942137895208	TRIM26	0.26963672	False
1574	4.3924552780245625	2.3736574165737143	0.5403942137895208	HCG17	0.26963672	False
1575	4.3924552780245625	2.3736574165737143	0.5403942137895208	HCG18	0.26963672	False
1576	4.3924552780245625	2.3736574165737143	0.5403942137895208	TRIM39	0.26963672	False
1577	4.3924552780245625	2.3736574165737143	0.5403942137895208	TRIM39-RPP21	0.26963672	False
1578	4.3924552780245625	2.3736574165737143	0.5403942137895208	RPP21	0.26963672	False
1579	4.3924552780245625	2.3736574165737143	0.5403942137895208	HLA-E	0.26963672	False
1580	4.3924552780245625	2.3736574165737143	0.5403942137895208	GNL1	0.26963672	False
1581	4.3924552780245625	2.3736574165737143	0.5403942137895208	PRR3	0.26963672	False
1582	4.3924552780245625	2.3736574165737143	0.5403942137895208	ABCF1	0.26963672	False
1583	4.3924552780245625	2.3736574165737143	0.5403942137895208	MIR877	0.26963672	False
1584	4.3924552780245625	2.3736574165737143	0.5403942137895208	PPP1R10	0.26963672	False
1585	4.3924552780245625	2.3736574165737143	0.5403942137895208	MRPS18B	0.26963672	False
1586	4.3924552780245625	2.3736574165737143	0.5403942137895208	ATAT1	0.26963672	False
1587	4.3924552780245625	2.3736574165737143	0.5403942137895208	C6orf136	0.26963672	False
1588	4.3924552780245625	2.3736574165737143	0.5403942137895208	DHX16	0.26963672	False
1589	4.3924552780245625	2.3736574165737143	0.5403942137895208	PPP1R18	0.26963672	False
1590	4.3924552780245625	2.3736574165737143	0.5403942137895208	NRM	0.26963672	False
1591	4.3924552780245625	2.3736574165737143	0.5403942137895208	MDC1	0.26963672	False
1592	4.3924552780245625	2.3736574165737143	0.5403942137895208	MDC1-AS1	0.26963672	False
1593	4.3924552780245625	2.3736574165737143	0.5403942137895208	TUBB	0.26963672	False
1594	4.3924552780245625	2.3736574165737143	0.5403942137895208	FLOT1	0.26963672	False
1595	4.3924552780245625	2.3736574165737143	0.5403942137895208	IER3	0.26963672	False
1596	4.3924552780245625	2.3736574165737143	0.5403942137895208	LINC00243	0.26963672	False
1597	4.3924552780245625	2.3736574165737143	0.5403942137895208	LINC02570	0.26963672	False
1598	4.263215265179481	2.055432449053197	0.4821319875262418	DDR1	0.26963398	False
1599	4.3924552780245625	2.3736574165737143	0.5403942137895208	MIR4640	0.26963672	False
1600	4.263215265179481	2.055432449053197	0.4821319875262418	GTF2H4	0.26963398	False
1601	4.263215265179481	2.055432449053197	0.4821319875262418	VARS2	0.26963398	False
1602	4.263215265179481	2.055432449053197	0.4821319875262418	SFTA2	0.26963398	False
1603	4.263215265179481	2.055432449053197	0.4821319875262418	MUCL3	0.26963398	False
1604	4.263215265179481	2.055432449053197	0.4821319875262418	MUC21	0.26963398	False
1605	4.263215265179481	2.055432449053197	0.4821319875262418	MUC22	0.26963398	False
1606	4.263215265179481	2.055432449053197	0.4821319875262418	HCG22	0.26963398	False
1607	4.2954254203023945	2.266120927916403	0.5275661212054917	C6orf15	0.26963425	False
1608	4.2954254203023945	2.266120927916403	0.5275661212054917	PSORS1C1	0.26963425	False
1609	4.2954254203023945	2.266120927916403	0.5275661212054917	CDSN	0.26963425	False
1610	4.2954254203023945	2.266120927916403	0.5275661212054917	PSORS1C2	0.26963425	False
1611	4.2954254203023945	2.266120927916403	0.5275661212054917	CCHCR1	0.26963425	False
1612	4.2954254203023945	2.266120927916403	0.5275661212054917	TCF19	0.26963425	False
1613	4.2954254203023945	2.266120927916403	0.5275661212054917	POU5F1	0.26963425	False
1614	4.2954254203023945	2.266120927916403	0.5275661212054917	PSORS1C3	0.26963425	False
1615	4.2954254203023945	2.266120927916403	0.5275661212054917	HCG27	0.26963425	False
1616	4.2954254203023945	2.266120927916403	0.5275661212054917	HLA-C	0.26963425	False
1617	4.2954254203023945	2.266120927916403	0.5275661212054917	HLA-B	0.26963425	False
1618	4.2954254203023945	2.266120927916403	0.5275661212054917	MIR6891	0.26963425	False
1619	4.2954254203023945	2.266120927916403	0.5275661212054917	MICA	0.26963425	False
1620	4.2954254203023945	2.266120927916403	0.5275661212054917	HCP5	0.26963425	False
1621	4.2954254203023945	2.266120927916403	0.5275661212054917	MICB	0.26963425	False
1622	4.2954254203023945	2.266120927916403	0.5275661212054917	MCCD1	0.26963425	False
1623	4.2954254203023945	2.266120927916403	0.5275661212054917	DDX39B	0.26963425	False
1624	4.2954254203023945	2.266120927916403	0.5275661212054917	ATP6V1G2-DDX39B	0.26963425	False
1625	4.2954254203023945	2.266120927916403	0.5275661212054917	SNORD117	0.26963425	False
1626	4.2954254203023945	2.266120927916403	0.5275661212054917	SNORD84	0.26963425	False
1627	4.2954254203023945	2.266120927916403	0.5275661212054917	ATP6V1G2	0.26963425	False
1628	4.2954254203023945	2.266120927916403	0.5275661212054917	DDX39B-AS1	0.26963425	False
1629	4.2954254203023945	2.266120927916403	0.5275661212054917	NFKBIL1	0.26963425	False
1630	4.2954254203023945	2.266120927916403	0.5275661212054917	LTA	0.26963425	False
1631	4.2954254203023945	2.266120927916403	0.5275661212054917	TNF	0.26963425	False
1632	4.2954254203023945	2.266120927916403	0.5275661212054917	LTB	0.26963425	False
1633	4.2954254203023945	2.266120927916403	0.5275661212054917	LST1	0.26963425	False
1634	4.2954254203023945	2.266120927916403	0.5275661212054917	NCR3	0.26963425	False
1635	4.2954254203023945	2.266120927916403	0.5275661212054917	AIF1	0.26963425	False
1636	4.2954254203023945	2.266120927916403	0.5275661212054917	PRRC2A	0.26963425	False
1637	4.2954254203023945	2.266120927916403	0.5275661212054917	SNORA38	0.26963425	False
1638	4.2954254203023945	2.266120927916403	0.5275661212054917	MIR6832	0.26963425	False
1639	4.2954254203023945	2.266120927916403	0.5275661212054917	BAG6	0.26963425	False
1640	4.2954254203023945	2.266120927916403	0.5275661212054917	APOM	0.26963425	False
1641	4.2954254203023945	2.266120927916403	0.5275661212054917	C6orf47	0.26963425	False
1642	4.2954254203023945	2.266120927916403	0.5275661212054917	GPANK1	0.26963425	False
1643	4.2954254203023945	2.266120927916403	0.5275661212054917	CSNK2B	0.26963425	False
1644	4.2954254203023945	2.266120927916403	0.5275661212054917	LY6G5B	0.26963425	False
1645	4.2954254203023945	2.266120927916403	0.5275661212054917	LY6G5C	0.26963425	False
1646	4.2954254203023945	2.266120927916403	0.5275661212054917	ABHD16A	0.26963425	False
1647	4.2954254203023945	2.266120927916403	0.5275661212054917	MIR4646	0.26963425	False
1648	4.2954254203023945	2.266120927916403	0.5275661212054917	LY6G6F	0.26963425	False
1649	4.2954254203023945	2.266120927916403	0.5275661212054917	LY6G6E	0.26963425	False
1650	4.2954254203023945	2.266120927916403	0.5275661212054917	LY6G6D	0.26963425	False
1651	4.2954254203023945	2.266120927916403	0.5275661212054917	MPIG6B	0.26963425	False
1652	4.2954254203023945	2.266120927916403	0.5275661212054917	LY6G6C	0.26963425	False
1653	4.2954254203023945	2.266120927916403	0.5275661212054917	DDAH2	0.26963425	False
1654	4.2954254203023945	2.266120927916403	0.5275661212054917	CLIC1	0.26963425	False
1655	4.2954254203023945	2.266120927916403	0.5275661212054917	MSH5	0.26963425	False
1656	4.2954254203023945	2.266120927916403	0.5275661212054917	MSH5-SAPCD1	0.26963425	False
1657	4.2954254203023945	2.266120927916403	0.5275661212054917	SAPCD1	0.26963425	False
1658	4.2954254203023945	2.266120927916403	0.5275661212054917	SAPCD1-AS1	0.26963425	False
1659	4.2954254203023945	2.266120927916403	0.5275661212054917	VWA7	0.26963425	False
1660	4.2954254203023945	2.266120927916403	0.5275661212054917	VARS	0.26963425	False
1661	4.2954254203023945	2.266120927916403	0.5275661212054917	LSM2	0.26963425	False
1662	4.2954254203023945	2.266120927916403	0.5275661212054917	HSPA1L	0.26963425	False
1663	4.2954254203023945	2.266120927916403	0.5275661212054917	HSPA1A	0.26963425	False
1664	4.2954254203023945	2.266120927916403	0.5275661212054917	HSPA1B	0.26963425	False
1665	4.2954254203023945	2.266120927916403	0.5275661212054917	C6orf48	0.26963425	False
1666	4.2954254203023945	2.266120927916403	0.5275661212054917	SNORD48	0.26963425	False
1667	4.2954254203023945	2.266120927916403	0.5275661212054917	SNORD52	0.26963425	False
1668	4.2954254203023945	2.266120927916403	0.5275661212054917	NEU1	0.26963425	False
1669	4.2954254203023945	2.266120927916403	0.5275661212054917	SLC44A4	0.26963425	False
1670	4.2954254203023945	2.266120927916403	0.5275661212054917	EHMT2	0.26963425	False
1671	4.043613445925869	1.828868864573381	0.4522857807825455	C2	0.26962927	False
1672	4.043613445925869	1.828868864573381	0.4522857807825455	ZBTB12	0.26962927	False
1673	4.043613445925869	1.828868864573381	0.4522857807825455	CFB	0.26962927	False
1674	4.043613445925869	1.828868864573381	0.4522857807825455	C2-AS1	0.26962927	False
1675	4.043613445925869	1.828868864573381	0.4522857807825455	NELFE	0.26962927	False
1676	4.043613445925869	1.828868864573381	0.4522857807825455	MIR1236	0.26962927	False
1677	4.043613445925869	1.828868864573381	0.4522857807825455	SKIV2L	0.26962927	False
1678	4.043613445925869	1.828868864573381	0.4522857807825455	DXO	0.26962927	False
1679	4.043613445925869	1.828868864573381	0.4522857807825455	STK19	0.26962927	False
1680	4.043613445925869	1.828868864573381	0.4522857807825455	C4B	0.26962927	False
1681	4.043613445925869	1.828868864573381	0.4522857807825455	C4A	0.26962927	False
1682	4.043613445925869	1.828868864573381	0.4522857807825455	CYP21A2	0.26962927	False
1683	4.043613445925869	1.828868864573381	0.4522857807825455	TNXB	0.26962927	False
1684	4.043613445925869	1.828868864573381	0.4522857807825455	ATF6B	0.26962927	False
1685	3.990071923821302	1.8686499168986683	0.468324870472274	FKBPL	0.2696289	False
1686	3.990071923821302	1.8686499168986683	0.468324870472274	PRRT1	0.2696289	False
1687	3.990071923821302	1.8686499168986683	0.468324870472274	LOC100507547	0.2696289	False
1688	3.990071923821302	1.8686499168986683	0.468324870472274	PPT2	0.2696289	False
1689	3.990071923821302	1.8686499168986683	0.468324870472274	PPT2-EGFL8	0.2696289	False
1690	3.990071923821302	1.8686499168986683	0.468324870472274	EGFL8	0.2696289	False
1691	3.990071923821302	1.8686499168986683	0.468324870472274	AGPAT1	0.2696289	False
1692	3.990071923821302	1.8686499168986683	0.468324870472274	MIR6721	0.2696289	False
1693	3.990071923821302	1.8686499168986683	0.468324870472274	RNF5	0.2696289	False
1694	3.990071923821302	1.8686499168986683	0.468324870472274	MIR6833	0.2696289	False
1695	3.990071923821302	1.8686499168986683	0.468324870472274	AGER	0.2696289	False
1696	3.990071923821302	1.8686499168986683	0.468324870472274	PBX2	0.2696289	False
1697	3.990071923821302	1.8686499168986683	0.468324870472274	GPSM3	0.2696289	False
1698	3.990071923821302	1.8686499168986683	0.468324870472274	NOTCH4	0.2696289	False
1699	3.990071923821302	1.8686499168986683	0.468324870472274	TSBP1	0.2696289	False
1700	3.990071923821302	1.8686499168986683	0.468324870472274	HCG23	0.2696289	False
1701	3.990071923821302	1.8686499168986683	0.468324870472274	BTNL2	0.2696289	False
1702	3.990071923821302	1.8686499168986683	0.468324870472274	HLA-DRA	0.2696289	False
1703	3.990071923821302	1.8686499168986683	0.468324870472274	HLA-DRB5	0.2696289	False
1704	3.990071923821302	1.8686499168986683	0.468324870472274	HLA-DRB1	0.2696289	False
1705	3.990071923821302	1.8686499168986683	0.468324870472274	HLA-DQA1	0.2696289	False
1706	3.990071923821302	1.8686499168986683	0.468324870472274	HLA-DQB1	0.2696289	False
1707	3.990071923821302	1.8686499168986683	0.468324870472274	HLA-DQB1-AS1	0.2696289	False
1708	3.990071923821302	1.8686499168986683	0.468324870472274	HLA-DQA2	0.2696289	False
1709	3.990071923821302	1.8686499168986683	0.468324870472274	MIR3135B	0.2696289	False
1710	3.990071923821302	1.8686499168986683	0.468324870472274	HLA-DQB2	0.2696289	False
1711	3.990071923821302	1.8686499168986683	0.468324870472274	HLA-DOB	0.2696289	False
1712	3.990071923821302	1.8686499168986683	0.468324870472274	TAP2	0.2696289	False
1713	3.990071923821302	1.8686499168986683	0.468324870472274	PSMB8	0.2696289	False
1714	3.990071923821302	1.8686499168986683	0.468324870472274	PSMB8-AS1	0.2696289	False
1715	3.990071923821302	1.8686499168986683	0.468324870472274	PSMB9	0.2696289	False
1716	3.990071923821302	1.8686499168986683	0.468324870472274	TAP1	0.2696289	False
1717	3.6655304729905662	1.4427220692076888	0.3935916178676935	HLA-DMB	0.26962483	False
1718	3.6655304729905662	1.4427220692076888	0.3935916178676935	HLA-DMA	0.26962483	False
1719	3.6655304729905662	1.4427220692076888	0.3935916178676935	BRD2	0.26962483	False
1720	3.6655304729905662	1.4427220692076888	0.3935916178676935	HLA-DOA	0.26962483	False
1721	3.6655304729905662	1.4427220692076888	0.3935916178676935	HLA-DPA1	0.26962483	False
1722	3.6655304729905662	1.4427220692076888	0.3935916178676935	HLA-DPB1	0.26962483	False
1723	3.427700548615141	1.355765850125144	0.39553217409055763	COL11A2	0.26962322	False
1724	3.427700548615141	1.355765850125144	0.39553217409055763	RXRB	0.26962322	False
1725	3.427700548615141	1.355765850125144	0.39553217409055763	SLC39A7	0.26962322	False
1726	3.427700548615141	1.355765850125144	0.39553217409055763	HSD17B8	0.26962322	False
1727	3.427700548615141	1.355765850125144	0.39553217409055763	MIR219A1	0.26962322	False
1728	3.427700548615141	1.355765850125144	0.39553217409055763	RING1	0.26962322	False
1729	3.427700548615141	1.355765850125144	0.39553217409055763	HCG25	0.26962322	False
1730	3.427700548615141	1.355765850125144	0.39553217409055763	VPS52	0.26962322	False
1731	3.427700548615141	1.355765850125144	0.39553217409055763	RPS18	0.26962322	False
1732	3.427700548615141	1.355765850125144	0.39553217409055763	B3GALT4	0.26962322	False
1733	3.427700548615141	1.355765850125144	0.39553217409055763	WDR46	0.26962322	False
1734	3.427700548615141	1.355765850125144	0.39553217409055763	MIR6873	0.26962322	False
1735	3.427700548615141	1.355765850125144	0.39553217409055763	PFDN6	0.26962322	False
1736	3.427700548615141	1.355765850125144	0.39553217409055763	MIR6834	0.26962322	False
1737	3.427700548615141	1.355765850125144	0.39553217409055763	RGL2	0.26962322	False
1738	3.427700548615141	1.355765850125144	0.39553217409055763	TAPBP	0.26962322	False
1739	3.427700548615141	1.355765850125144	0.39553217409055763	ZBTB22	0.26962322	False
1740	3.427700548615141	1.355765850125144	0.39553217409055763	DAXX	0.26962322	False
1741	3.427700548615141	1.355765850125144	0.39553217409055763	KIFC1	0.26962322	False
1742	3.427700548615141	1.355765850125144	0.39553217409055763	PHF1	0.26962322	False
1743	3.427700548615141	1.355765850125144	0.39553217409055763	CUTA	0.26962322	False
1744	3.427700548615141	1.355765850125144	0.39553217409055763	SYNGAP1	0.26962322	False
1745	3.427700548615141	1.355765850125144	0.39553217409055763	MIR5004	0.26962322	False
1746	3.427700548615141	1.355765850125144	0.39553217409055763	ZBTB9	0.26962322	False
1747	3.427700548615141	1.355765850125144	0.39553217409055763	BAK1	0.26962322	False
1748	3.427700548615141	1.355765850125144	0.39553217409055763	LINC00336	0.26962322	False
1749	3.427700548615141	1.355765850125144	0.39553217409055763	ITPR3	0.26962322	False
1750	3.427700548615141	1.355765850125144	0.39553217409055763	UQCC2	0.26962322	False
1751	3.427700548615141	1.355765850125144	0.39553217409055763	MIR3934	0.26962322	False
1752	3.427700548615141	1.355765850125144	0.39553217409055763	IP6K3	0.26962322	False
1753	3.427700548615141	1.355765850125144	0.39553217409055763	LEMD2	0.26962322	False
1754	3.427700548615141	1.355765850125144	0.39553217409055763	MLN	0.26962322	False
1755	3.427700548615141	1.355765850125144	0.39553217409055763	LINC01016	0.26962322	False
1756	3.427700548615141	1.355765850125144	0.39553217409055763	MIR7159	0.26962322	False
1757	3.2130529083077386	1.1394423214731233	0.3546291810280985	MIR1275	0.2696218	False
1758	3.2130529083077386	1.1394423214731233	0.3546291810280985	GRM4	0.2696218	False
1759	3.268467823187017	1.9038211192977355	0.5824812182000794	PDSS2	0.26962546	False
1760	3.268467823187017	1.9038211192977355	0.5824812182000794	SOBP	0.26962546	False
1761	3.268467823187017	1.9038211192977355	0.5824812182000794	SCML4	0.26962546	False
1762	3.2677231734085797	1.7968636274790755	0.5498824509068672	SEC63	0.26962507	False
1763	3.2677231734085797	1.7968636274790755	0.5498824509068672	OSTM1	0.26962507	False
1764	3.3875651500386614	2.0226251938377047	0.5970734448648526	NR2E1	0.2696272	False
1765	3.3875651500386614	2.0226251938377047	0.5970734448648526	SNX3	0.2696272	False
1766	3.3875651500386614	2.0226251938377047	0.5970734448648526	AFG1L	0.2696272	False
1767	3.3875651500386614	2.0226251938377047	0.5970734448648526	FOXO3	0.2696272	False
1768	3.3875651500386614	2.0226251938377047	0.5970734448648526	LINC00222	0.2696272	False
1769	3.4101324685837993	1.7950033714798663	0.5263735025007157	ARMC2	0.26962608	False
1770	3.4101324685837993	1.7950033714798663	0.5263735025007157	ARMC2-AS1	0.26962608	False
1771	3.4101324685837993	1.7950033714798663	0.5263735025007157	SESN1	0.26962608	False
1772	3.4101324685837993	1.7950033714798663	0.5263735025007157	CEP57L1	0.26962608	False
1773	3.514132499480701	2.0067941028270755	0.5710638694254211	CD164	0.26962778	False
1774	3.514132499480701	2.0067941028270755	0.5710638694254211	PPIL6	0.26962778	False
1775	3.514132499480701	2.0067941028270755	0.5710638694254211	SMPD2	0.26962778	False
1776	3.514132499480701	2.0067941028270755	0.5710638694254211	MICAL1	0.26962778	False
1777	3.514132499480701	2.0067941028270755	0.5710638694254211	ZBTB24	0.26962778	False
1778	3.514132499480701	2.0067941028270755	0.5710638694254211	AK9	0.26962778	False
1779	3.514132499480701	2.0067941028270755	0.5710638694254211	FIG4	0.26962778	False
1780	3.489979387212348	1.843776701165458	0.5283059000065301	GPR6	0.26962736	False
1781	3.489979387212348	1.843776701165458	0.5283059000065301	WASF1	0.26962736	False
1782	3.610195982505338	2.2381426703146485	0.6199504628448074	CDC40	0.26963016	False
1783	3.610195982505338	2.2381426703146485	0.6199504628448074	METTL24	0.26963016	False
1784	3.610195982505338	2.2381426703146485	0.6199504628448074	DDO	0.26963016	False
1785	3.610195982505338	2.2381426703146485	0.6199504628448074	SLC22A16	0.26963016	False
1786	3.610195982505338	2.2381426703146485	0.6199504628448074	CDK19	0.26963016	False
1787	3.610195982505338	2.2381426703146485	0.6199504628448074	AMD1	0.26963016	False
1788	3.4809081160015114	1.837103470080228	0.5277655740567184	GTF3C6	0.26962784	False
1789	3.4809081160015114	1.837103470080228	0.5277655740567184	RPF2	0.26962784	False
1790	3.4809081160015114	1.837103470080228	0.5277655740567184	SLC16A10	0.26962784	False
1791	3.56172596773279	2.0191346813386644	0.5668978185382243	MFSD4B	0.2696296	False
1792	3.56172596773279	2.0191346813386644	0.5668978185382243	REV3L	0.2696296	False
1793	3.56172596773279	2.0191346813386644	0.5668978185382243	TRAF3IP2-AS1	0.2696296	False
1794	3.56172596773279	2.0191346813386644	0.5668978185382243	TRAF3IP2	0.2696296	False
1795	3.56172596773279	2.0191346813386644	0.5668978185382243	FYN	0.2696296	False
1796	3.2848752943895163	1.6696311421148133	0.5082783949109121	WISP3	0.26962608	False
1797	3.2848752943895163	1.6696311421148133	0.5082783949109121	TUBE1	0.26962608	False
1798	3.2848752943895163	1.6696311421148133	0.5082783949109121	FAM229B	0.26962608	False
1799	3.542524521682873	2.103800141938296	0.5938703117117415	NT5DC1	0.26963016	False
1800	3.542524521682873	2.103800141938296	0.5938703117117415	COL10A1	0.26963016	False
1801	3.542524521682873	2.103800141938296	0.5938703117117415	TSPYL4	0.26963016	False
1802	3.542524521682873	2.103800141938296	0.5938703117117415	DSE	0.26963016	False
1803	3.542524521682873	2.103800141938296	0.5938703117117415	TSPYL1	0.26963016	False
1804	3.542524521682873	2.103800141938296	0.5938703117117415	CALHM6	0.26963016	False
1805	3.542524521682873	2.103800141938296	0.5938703117117415	TRAPPC3L	0.26963016	False
1806	3.542524521682873	2.103800141938296	0.5938703117117415	CALHM5	0.26963016	False
1807	3.542524521682873	2.103800141938296	0.5938703117117415	CALHM4	0.26963016	False
1808	3.542524521682873	2.103800141938296	0.5938703117117415	RWDD1	0.26963016	False
1809	3.542524521682873	2.103800141938296	0.5938703117117415	RSPH4A	0.26963016	False
1810	3.542524521682873	2.103800141938296	0.5938703117117415	ZUP1	0.26963016	False
1811	3.542524521682873	2.103800141938296	0.5938703117117415	KPNA5	0.26963016	False
1812	3.542524521682873	2.103800141938296	0.5938703117117415	FAM162B	0.26963016	False
1813	3.542524521682873	2.103800141938296	0.5938703117117415	GPRC6A	0.26963016	False
1814	3.4615745885276334	1.833922053393032	0.52979417501822	VGLL2	0.26962736	False
1815	3.4615745885276334	1.833922053393032	0.52979417501822	ROS1	0.26962736	False
1816	3.4615745885276334	1.833922053393032	0.52979417501822	GOPC	0.26962736	False
1817	3.4615745885276334	1.833922053393032	0.52979417501822	DCBLD1	0.26962736	False
1818	3.4615745885276334	1.833922053393032	0.52979417501822	NUS1	0.26962736	False
1819	3.3820988451968232	1.745721119099736	0.5161650203035809	SLC35F1	0.2696264	False
1820	3.5093979214447764	2.112147595182422	0.6018546891692682	CEP85L	0.26962945	False
1821	3.5093979214447764	2.112147595182422	0.6018546891692682	PLN	0.26962945	False
1822	3.3896899553530817	2.5536787062429016	0.7533664553036981	MYB	0.26962978	False
1823	3.3896899553530817	2.5536787062429016	0.7533664553036981	MIR548A2	0.26962978	False
1824	3.3896899553530817	2.5536787062429016	0.7533664553036981	AHI1	0.26962978	False
1825	3.3896899553530817	2.5536787062429016	0.7533664553036981	LINC00271	0.26962978	False
1826	3.3363691232000967	2.1326266999336725	0.6392058615768965	PDE7B	0.2696272	False
1827	3.524598390242362	2.409070371168192	0.683502091426234	MTFR2	0.26962999	False
1828	3.524598390242362	2.409070371168192	0.683502091426234	BCLAF1	0.26962999	False
1829	3.524598390242362	2.409070371168192	0.683502091426234	MAP7	0.26962999	False
1830	3.524598390242362	2.409070371168192	0.683502091426234	MAP3K5	0.26962999	False
1831	3.524598390242362	2.409070371168192	0.683502091426234	LOC101928461	0.26962999	False
1832	3.4418330757771396	2.0014777273864723	0.5815150483248098	PEX7	0.2696276	False
1833	3.4418330757771396	2.0014777273864723	0.5815150483248098	SLC35D3	0.2696276	False
1834	3.4418330757771396	2.0014777273864723	0.5815150483248098	NHEG1	0.2696276	False
1835	3.4418330757771396	2.0014777273864723	0.5815150483248098	IL20RA	0.2696276	False
1836	3.531010144378084	2.0828652827999394	0.5898780228984004	IL22RA2	0.26962897	False
1837	3.531010144378084	2.0828652827999394	0.5898780228984004	IFNGR1	0.26962897	False
1838	3.531010144378084	2.0828652827999394	0.5898780228984004	OLIG3	0.26962897	False
1839	3.531010144378084	2.0828652827999394	0.5898780228984004	LOC102723649	0.26962897	False
1840	3.531010144378084	2.0828652827999394	0.5898780228984004	LINC02539	0.26962897	False
1841	3.531010144378084	2.0828652827999394	0.5898780228984004	LOC100130476	0.26962897	False
1842	3.531010144378084	2.0828652827999394	0.5898780228984004	TNFAIP3	0.26962897	False
1843	3.3695217254412597	1.840602107782084	0.5462502567900926	PERP	0.26962683	False
1844	3.480915886017415	1.7945298999741364	0.5155338303871783	NMBR	0.26962802	False
1845	3.587051630909684	2.0391846980477126	0.5684849028868233	VTA1	0.26963025	False
1846	3.587051630909684	2.0391846980477126	0.5684849028868233	ADGRG6	0.26963025	False
1847	3.587051630909684	2.0391846980477126	0.5684849028868233	LOC153910	0.26963025	False
1848	3.4687541055045115	1.716404504124335	0.4948187308522676	HIVEP2	0.26962712	False
1849	3.4687541055045115	1.716404504124335	0.4948187308522676	LINC01277	0.26962712	False
1850	3.4687541055045115	1.716404504124335	0.4948187308522676	AIG1	0.26962712	False
1851	3.481801429358405	1.8835551001013398	0.5409714305414667	ADAT2	0.26962787	False
1852	3.481801429358405	1.8835551001013398	0.5409714305414667	PEX3	0.26962787	False
1853	3.481801429358405	1.8835551001013398	0.5409714305414667	FUCA2	0.26962787	False
1854	3.481801429358405	1.8835551001013398	0.5409714305414667	PHACTR2	0.26962787	False
1855	3.481801429358405	1.8835551001013398	0.5409714305414667	PHACTR2-AS1	0.26962787	False
1856	3.481801429358405	1.8835551001013398	0.5409714305414667	LTV1	0.26962787	False
1857	3.40224072213141	1.7372378476475072	0.5106157939815544	ZC2HC1B	0.2696262	False
1858	3.40224072213141	1.7372378476475072	0.5106157939815544	PLAGL1	0.2696262	False
1859	3.40224072213141	1.7372378476475072	0.5106157939815544	HYMAI	0.2696262	False
1860	3.40224072213141	1.7372378476475072	0.5106157939815544	SF3B5	0.2696262	False
1861	3.4705284964570544	1.9633850023842572	0.5657308402419432	STX11	0.2696284	False
1862	3.4705284964570544	1.9633850023842572	0.5657308402419432	UTRN	0.2696284	False
1863	3.3764119493874984	1.8070507899905357	0.5351985531026051	C1GALT1	0.26962644	False
1864	3.3764119493874984	1.8070507899905357	0.5351985531026051	LOC101927354	0.26962644	False
1865	3.3764119493874984	1.8070507899905357	0.5351985531026051	COL28A1	0.26962644	False
1866	3.3764119493874984	1.8070507899905357	0.5351985531026051	LOC101927391	0.26962644	False
1867	3.3764119493874984	1.8070507899905357	0.5351985531026051	MIOS	0.26962644	False
1868	3.3764119493874984	1.8070507899905357	0.5351985531026051	RPA3	0.26962644	False
1869	3.2695221985899288	1.6602814028519586	0.5078055146920246	UMAD1	0.26962584	False
1870	3.2695221985899288	1.6602814028519586	0.5078055146920246	LOC100505921	0.26962584	False
1871	3.2695221985899288	1.6602814028519586	0.5078055146920246	GLCCI1	0.26962584	False
1872	3.463626134621472	2.1574312599497376	0.6228822557910154	ICA1	0.26962993	False
1873	3.463626134621472	2.1574312599497376	0.6228822557910154	LOC100505938	0.26962993	False
1874	3.463626134621472	2.1574312599497376	0.6228822557910154	NXPH1	0.26962993	False
1875	3.362170846095995	2.4241028998376564	0.7209933732702543	EEPD1	0.26962897	False
1876	3.362170846095995	2.4241028998376564	0.7209933732702543	KIAA0895	0.26962897	False
1877	3.362170846095995	2.4241028998376564	0.7209933732702543	ANLN	0.26962897	False
1878	3.362170846095995	2.4241028998376564	0.7209933732702543	AOAH	0.26962897	False
1879	3.362170846095995	2.4241028998376564	0.7209933732702543	AOAH-IT1	0.26962897	False
1880	3.267602489488251	2.0674500511094243	0.6327116158591292	ELMO1	0.2696266	False
1881	3.267602489488251	2.0674500511094243	0.6327116158591292	MIR1200	0.2696266	False
1882	3.267602489488251	2.0674500511094243	0.6327116158591292	ELMO1-AS1	0.2696266	False
1883	3.3255069574106706	2.2817267420085185	0.6861289936332392	GPR141	0.26962802	False
1884	3.46532935157314	2.1998433080743864	0.6348150738040912	CYP51A1	0.2696292	False
1885	3.46532935157314	2.1998433080743864	0.6348150738040912	CYP51A1-AS1	0.2696292	False
1886	3.46532935157314	2.1998433080743864	0.6348150738040912	LRRD1	0.2696292	False
1887	3.46532935157314	2.1998433080743864	0.6348150738040912	KRIT1	0.2696292	False
1888	3.46532935157314	2.1998433080743864	0.6348150738040912	MIR1285-1	0.2696292	False
1889	3.46532935157314	2.1998433080743864	0.6348150738040912	ANKIB1	0.2696292	False
1890	3.46532935157314	2.1998433080743864	0.6348150738040912	GATAD1	0.2696292	False
1891	3.46532935157314	2.1998433080743864	0.6348150738040912	ERVW-1	0.2696292	False
1892	3.46532935157314	2.1998433080743864	0.6348150738040912	PEX1	0.2696292	False
1893	3.46532935157314	2.1998433080743864	0.6348150738040912	RBM48	0.2696292	False
1894	3.46532935157314	2.1998433080743864	0.6348150738040912	FAM133B	0.2696292	False
1895	3.46532935157314	2.1998433080743864	0.6348150738040912	CDK6	0.2696292	False
1896	3.428408188898593	3.881645222179734	1.1322004289771421	SRPK2	0.2696392	False
1897	3.428408188898593	3.881645222179734	1.1322004289771421	PUS7	0.2696392	False
1898	3.428408188898593	3.881645222179734	1.1322004289771421	RINT1	0.2696392	False
1899	3.428408188898593	3.881645222179734	1.1322004289771421	EFCAB10	0.2696392	False
1900	3.428408188898593	3.881645222179734	1.1322004289771421	ATXN7L1	0.2696392	False
1901	3.4363819739176886	3.512461114695019	1.0221393143587572	CDHR3	0.26963568	False
1902	3.4363819739176886	3.512461114695019	1.0221393143587572	SYPL1	0.26963568	False
1903	3.5848733937726647	3.8691915147546836	1.0793105054911876	NAMPT	0.2696398	False
1904	3.5848733937726647	3.8691915147546836	1.0793105054911876	CCDC71L	0.2696398	False
1905	3.571506682256994	3.1166604548667185	0.8726458416975892	PIK3CG	0.26963443	False
1906	3.571506682256994	3.1166604548667185	0.8726458416975892	PRKAR2B	0.26963443	False
1907	3.7204940296067397	3.293417589133426	0.8852097498142051	HBP1	0.26963675	False
1908	3.7204940296067397	3.293417589133426	0.8852097498142051	COG5	0.26963675	False
1909	3.7204940296067397	3.293417589133426	0.8852097498142051	GPR22	0.26963675	False
1910	3.7204940296067397	3.293417589133426	0.8852097498142051	DUS4L	0.26963675	False
1911	3.7204940296067397	3.293417589133426	0.8852097498142051	BCAP29	0.26963675	False
1912	3.7204940296067397	3.293417589133426	0.8852097498142051	SLC26A4-AS1	0.26963675	False
1913	3.7204940296067397	3.293417589133426	0.8852097498142051	SLC26A4	0.26963675	False
1914	3.7204940296067397	3.293417589133426	0.8852097498142051	CBLL1	0.26963675	False
1915	3.7204940296067397	3.293417589133426	0.8852097498142051	SLC26A3	0.26963675	False
1916	3.5135642253758506	2.7259089909373246	0.7758244381161783	DLD	0.26963198	False
1917	3.5135642253758506	2.7259089909373246	0.7758244381161783	LAMB1	0.26963198	False
1918	3.5135642253758506	2.7259089909373246	0.7758244381161783	LAMB4	0.26963198	False
1919	3.586734383174053	2.9246374642733937	0.815403972480744	NRCAM	0.26963326	False
1920	3.586734383174053	2.9246374642733937	0.815403972480744	PNPLA8	0.26963326	False
1921	3.586734383174053	2.9246374642733937	0.815403972480744	THAP5	0.26963326	False
1922	3.586734383174053	2.9246374642733937	0.815403972480744	DNAJB9	0.26963326	False
1923	3.586734383174053	2.9246374642733937	0.815403972480744	C7orf66	0.26963326	False
1924	3.9393927445814514	4.054700326740086	1.0292703951179374	KCND2	0.26964894	False
1925	3.9393927445814514	4.054700326740086	1.0292703951179374	TSPAN12	0.26964894	False
1926	3.6888451284978885	3.0102035132394587	0.8160287050232506	ING3	0.26963547	False
1927	3.6888451284978885	3.0102035132394587	0.8160287050232506	CPED1	0.26963547	False
1928	3.4130160295726224	1.5656361923684794	0.4587251213597518	FBXO43	0.26962635	False
1929	3.4130160295726224	1.5656361923684794	0.4587251213597518	POLR2K	0.26962635	False
1930	3.4130160295726224	1.5656361923684794	0.4587251213597518	SPAG1	0.26962635	False
1931	3.4130160295726224	1.5656361923684794	0.4587251213597518	RNF19A	0.26962635	False
1932	3.4130160295726224	1.5656361923684794	0.4587251213597518	MIR4471	0.26962635	False
1933	3.4130160295726224	1.5656361923684794	0.4587251213597518	ANKRD46	0.26962635	False
1934	3.4130160295726224	1.5656361923684794	0.4587251213597518	SNX31	0.26962635	False
1935	3.4130160295726224	1.5656361923684794	0.4587251213597518	PABPC1	0.26962635	False
1936	3.4130160295726224	1.5656361923684794	0.4587251213597518	MIR7705	0.26962635	False
1937	3.2966811352872014	1.3219563545035056	0.4009961231474511	YWHAZ	0.26962405	False
1938	3.2966811352872014	1.3219563545035056	0.4009961231474511	FLJ42969	0.26962405	False
1939	3.315063099366617	1.4311702330987297	0.43171734298878717	ZNF706	0.26962432	False
1940	3.315063099366617	1.4311702330987297	0.43171734298878717	GRHL2	0.26962432	False
1941	3.3167128874394796	1.3582382526705048	0.409513364214975	NCALD	0.26962432	False
1942	3.443069298129006	1.6085730472371915	0.46719159794759413	MIR5680	0.2696261	False
1943	3.443069298129006	1.6085730472371915	0.46719159794759413	RRM2B	0.2696261	False
1944	3.443069298129006	1.6085730472371915	0.46719159794759413	UBR5-AS1	0.2696261	False
1945	3.443069298129006	1.6085730472371915	0.46719159794759413	UBR5	0.2696261	False
1946	3.443069298129006	1.6085730472371915	0.46719159794759413	ODF1	0.2696261	False
1947	3.443069298129006	1.6085730472371915	0.46719159794759413	KLF10	0.2696261	False
1948	3.443069298129006	1.6085730472371915	0.46719159794759413	AZIN1	0.2696261	False
1949	3.302528134079517	1.538130680599968	0.465743399648184	FAM83A	0.2696246	False
1950	3.302528134079517	1.538130680599968	0.465743399648184	FAM83A-AS1	0.2696246	False
1951	3.302528134079517	1.538130680599968	0.465743399648184	MIR4663	0.2696246	False
1952	3.302528134079517	1.538130680599968	0.465743399648184	C8orf76	0.2696246	False
1953	3.302528134079517	1.538130680599968	0.465743399648184	ZHX1-C8orf76	0.2696246	False
1954	3.302528134079517	1.538130680599968	0.465743399648184	ZHX1	0.2696246	False
1955	3.302528134079517	1.538130680599968	0.465743399648184	ATAD2	0.2696246	False
1956	3.302528134079517	1.538130680599968	0.465743399648184	MIR548AA1	0.2696246	False
1957	3.302528134079517	1.538130680599968	0.465743399648184	WDYHV1	0.2696246	False
1958	3.302528134079517	1.538130680599968	0.465743399648184	FBXO32	0.2696246	False
1959	3.302528134079517	1.538130680599968	0.465743399648184	KLHL38	0.2696246	False
1960	3.302528134079517	1.538130680599968	0.465743399648184	ANXA13	0.2696246	False
1961	3.302528134079517	1.538130680599968	0.465743399648184	FAM91A1	0.2696246	False
1962	3.358369122585144	1.5480396078433074	0.46094980966585525	LOC101927588	0.269625	False
1963	3.358369122585144	1.5480396078433074	0.46094980966585525	TMEM65	0.269625	False
1964	3.358369122585144	1.5480396078433074	0.46094980966585525	TRMT12	0.269625	False
1965	3.358369122585144	1.5480396078433074	0.46094980966585525	RNF139-AS1	0.269625	False
1966	3.358369122585144	1.5480396078433074	0.46094980966585525	RNF139	0.269625	False
1967	3.358369122585144	1.5480396078433074	0.46094980966585525	TATDN1	0.269625	False
1968	3.358369122585144	1.5480396078433074	0.46094980966585525	NDUFB9	0.269625	False
1969	3.358369122585144	1.5480396078433074	0.46094980966585525	MTSS1	0.269625	False
1970	3.358369122585144	1.5480396078433074	0.46094980966585525	MIR4662B	0.269625	False
1971	3.4021238183951055	2.567301778296626	0.7546173847099155	ACO1	0.26963073	False
1972	3.4021238183951055	2.567301778296626	0.7546173847099155	DDX58	0.26963073	False
1973	3.4021238183951055	2.567301778296626	0.7546173847099155	TOPORS	0.26963073	False
1974	3.4021238183951055	2.567301778296626	0.7546173847099155	SMIM27	0.26963073	False
1975	3.4021238183951055	2.567301778296626	0.7546173847099155	NDUFB6	0.26963073	False
1976	3.4021238183951055	2.567301778296626	0.7546173847099155	TAF1L	0.26963073	False
1977	3.4021238183951055	2.567301778296626	0.7546173847099155	TMEM215	0.26963073	False
1978	3.386969617652774	1.938456571137307	0.5723277117793248	APTX	0.26962727	False
1979	3.386969617652774	1.938456571137307	0.5723277117793248	DNAJA1	0.26962727	False
1980	3.386969617652774	1.938456571137307	0.5723277117793248	SMU1	0.26962727	False
1981	3.6249557336441853	1.8293115676499587	0.5046438362465031	B4GALT1	0.2696276	False
1982	3.6249557336441853	1.8293115676499587	0.5046438362465031	B4GALT1-AS1	0.2696276	False
1983	3.6249557336441853	1.8293115676499587	0.5046438362465031	SPINK4	0.2696276	False
1984	3.6249557336441853	1.8293115676499587	0.5046438362465031	BAG1	0.2696276	False
1985	3.6249557336441853	1.8293115676499587	0.5046438362465031	CHMP5	0.2696276	False
1986	3.6249557336441853	1.8293115676499587	0.5046438362465031	NFX1	0.2696276	False
1987	3.6249557336441853	1.8293115676499587	0.5046438362465031	AQP7	0.2696276	False
1988	3.6249557336441853	1.8293115676499587	0.5046438362465031	AQP3	0.2696276	False
1989	3.6249557336441853	1.8293115676499587	0.5046438362465031	NOL6	0.2696276	False
1990	3.6249557336441853	1.8293115676499587	0.5046438362465031	MIR6851	0.2696276	False
1991	3.6249557336441853	1.8293115676499587	0.5046438362465031	ANKRD18B	0.2696276	False
1992	3.6249557336441853	1.8293115676499587	0.5046438362465031	PTENP1-AS	0.2696276	False
1993	3.6249557336441853	1.8293115676499587	0.5046438362465031	LINC01251	0.2696276	False
1994	3.6249557336441853	1.8293115676499587	0.5046438362465031	PRSS3	0.2696276	False
1995	3.549544151290268	1.4768491199754734	0.41606726301421976	UBE2R2	0.2696254	False
1996	3.549544151290268	1.4768491199754734	0.41606726301421976	UBAP2	0.2696254	False
1997	3.549544151290268	1.4768491199754734	0.41606726301421976	SNORD121B	0.2696254	False
1998	3.549544151290268	1.4768491199754734	0.41606726301421976	SNORD121A	0.2696254	False
1999	3.549544151290268	1.4768491199754734	0.41606726301421976	DCAF12	0.2696254	False
2000	3.612149327667875	1.3780280213169078	0.3814980767161719	UBAP1	0.26962483	False
2001	3.612149327667875	1.3780280213169078	0.3814980767161719	KIF24	0.26962483	False
2002	3.612149327667875	1.3780280213169078	0.3814980767161719	NUDT2	0.26962483	False
2003	3.612149327667875	1.3780280213169078	0.3814980767161719	MYORG	0.26962483	False
2004	3.612149327667875	1.3780280213169078	0.3814980767161719	C9orf24	0.26962483	False
2005	3.612149327667875	1.3780280213169078	0.3814980767161719	FAM219A	0.26962483	False
2006	3.612149327667875	1.3780280213169078	0.3814980767161719	DNAI1	0.26962483	False
2007	3.612149327667875	1.3780280213169078	0.3814980767161719	ENHO	0.26962483	False
2008	3.612149327667875	1.3780280213169078	0.3814980767161719	CNTFR	0.26962483	False
2009	3.612149327667875	1.3780280213169078	0.3814980767161719	CNTFR-AS1	0.26962483	False
2010	3.612149327667875	1.3780280213169078	0.3814980767161719	RPP25L	0.26962483	False
2011	3.612149327667875	1.3780280213169078	0.3814980767161719	DCTN3	0.26962483	False
2012	3.612149327667875	1.3780280213169078	0.3814980767161719	ARID3C	0.26962483	False
2013	3.612149327667875	1.3780280213169078	0.3814980767161719	SIGMAR1	0.26962483	False
2014	3.612149327667875	1.3780280213169078	0.3814980767161719	GALT	0.26962483	False
2015	3.612149327667875	1.3780280213169078	0.3814980767161719	IL11RA	0.26962483	False
2016	3.612149327667875	1.3780280213169078	0.3814980767161719	CCL27	0.26962483	False
2017	3.612149327667875	1.3780280213169078	0.3814980767161719	LOC730098	0.26962483	False
2018	3.612149327667875	1.3780280213169078	0.3814980767161719	CCL19	0.26962483	False
2019	3.612149327667875	1.3780280213169078	0.3814980767161719	CCL21	0.26962483	False
2020	3.612149327667875	1.3780280213169078	0.3814980767161719	FAM205A	0.26962483	False
2021	3.612149327667875	1.3780280213169078	0.3814980767161719	FAM205C	0.26962483	False
2022	3.513035604883939	1.1673559295989493	0.3322926553821579	PHF24	0.26962352	False
2023	3.513035604883939	1.1673559295989493	0.3322926553821579	DNAJB5-DT	0.26962352	False
2024	3.513035604883939	1.1673559295989493	0.3322926553821579	DNAJB5	0.26962352	False
2025	3.513035604883939	1.1673559295989493	0.3322926553821579	C9orf131	0.26962352	False
2026	3.513035604883939	1.1673559295989493	0.3322926553821579	VCP	0.26962352	False
2027	3.513035604883939	1.1673559295989493	0.3322926553821579	FANCG	0.26962352	False
2028	3.513035604883939	1.1673559295989493	0.3322926553821579	PIGO	0.26962352	False
2029	3.513035604883939	1.1673559295989493	0.3322926553821579	STOML2	0.26962352	False
2030	3.503465592919564	1.2076699551090397	0.3447072400396103	FAM214B	0.2696239	False
2031	3.503465592919564	1.2076699551090397	0.3447072400396103	UNC13B	0.2696239	False
2032	3.503465592919564	1.2076699551090397	0.3447072400396103	RUSC2	0.2696239	False
2033	3.503465592919564	1.2076699551090397	0.3447072400396103	FAM166B	0.2696239	False
2034	3.503465592919564	1.2076699551090397	0.3447072400396103	TESK1	0.2696239	False
2035	3.503465592919564	1.2076699551090397	0.3447072400396103	MIR4667	0.2696239	False
2036	3.503465592919564	1.2076699551090397	0.3447072400396103	CD72	0.2696239	False
2037	3.503465592919564	1.2076699551090397	0.3447072400396103	LOC101926948	0.2696239	False
2038	3.503465592919564	1.2076699551090397	0.3447072400396103	SIT1	0.2696239	False
2039	3.503465592919564	1.2076699551090397	0.3447072400396103	RMRP	0.2696239	False
2040	3.503465592919564	1.2076699551090397	0.3447072400396103	CCDC107	0.2696239	False
2041	3.503465592919564	1.2076699551090397	0.3447072400396103	ARHGEF39	0.2696239	False
2042	3.503465592919564	1.2076699551090397	0.3447072400396103	CA9	0.2696239	False
2043	3.503465592919564	1.2076699551090397	0.3447072400396103	TPM2	0.2696239	False
2044	3.503465592919564	1.2076699551090397	0.3447072400396103	TLN1	0.2696239	False
2045	3.503465592919564	1.2076699551090397	0.3447072400396103	MIR6852	0.2696239	False
2046	3.503465592919564	1.2076699551090397	0.3447072400396103	CREB3	0.2696239	False
2047	3.503465592919564	1.2076699551090397	0.3447072400396103	MIR6853	0.2696239	False
2048	3.503465592919564	1.2076699551090397	0.3447072400396103	GBA2	0.2696239	False
2049	3.503465592919564	1.2076699551090397	0.3447072400396103	RGP1	0.2696239	False
2050	3.503465592919564	1.2076699551090397	0.3447072400396103	MSMP	0.2696239	False
2051	3.503465592919564	1.2076699551090397	0.3447072400396103	NPR2	0.2696239	False
2052	3.503465592919564	1.2076699551090397	0.3447072400396103	SPAG8	0.2696239	False
2053	3.503465592919564	1.2076699551090397	0.3447072400396103	HINT2	0.2696239	False
2054	3.503465592919564	1.2076699551090397	0.3447072400396103	TMEM8B	0.2696239	False
2055	3.503465592919564	1.2076699551090397	0.3447072400396103	FAM221B	0.2696239	False
2056	3.503465592919564	1.2076699551090397	0.3447072400396103	LINC00950	0.2696239	False
2057	3.503465592919564	1.2076699551090397	0.3447072400396103	OR13J1	0.2696239	False
2058	3.2375347832165815	0.9900974149759447	0.30581830969311014	HRCT1	0.26962188	False
2059	3.2375347832165815	0.9900974149759447	0.30581830969311014	SPAAR	0.26962188	False
2060	3.2375347832165815	0.9900974149759447	0.30581830969311014	OR2S2	0.26962188	False
2061	3.2375347832165815	0.9900974149759447	0.30581830969311014	RECK	0.26962188	False
2062	3.0514154106359963	1.2905203045042686	0.4229251448380441	GARNL3	0.269622	False
2063	3.0514154106359963	1.2905203045042686	0.4229251448380441	SLC2A8	0.269622	False
2064	3.0514154106359963	1.2905203045042686	0.4229251448380441	ZNF79	0.269622	False
2065	3.0514154106359963	1.2905203045042686	0.4229251448380441	RPL12	0.269622	False
2066	3.0514154106359963	1.2905203045042686	0.4229251448380441	SNORA65	0.269622	False
2067	3.0514154106359963	1.2905203045042686	0.4229251448380441	LRSAM1	0.269622	False
2068	3.0514154106359963	1.2905203045042686	0.4229251448380441	FAM129B	0.269622	False
2069	3.0514154106359963	1.2905203045042686	0.4229251448380441	STXBP1	0.269622	False
2070	3.0514154106359963	1.2905203045042686	0.4229251448380441	MIR3911	0.269622	False
2071	3.0514154106359963	1.2905203045042686	0.4229251448380441	CFAP157	0.269622	False
2072	3.0514154106359963	1.2905203045042686	0.4229251448380441	PTRH1	0.269622	False
2073	3.0514154106359963	1.2905203045042686	0.4229251448380441	TTC16	0.269622	False
2074	3.0514154106359963	1.2905203045042686	0.4229251448380441	TOR2A	0.269622	False
2075	3.0514154106359963	1.2905203045042686	0.4229251448380441	SH2D3C	0.269622	False
2076	3.0514154106359963	1.2905203045042686	0.4229251448380441	CDK9	0.269622	False
2077	3.0514154106359963	1.2905203045042686	0.4229251448380441	MIR3960	0.269622	False
2078	3.0514154106359963	1.2905203045042686	0.4229251448380441	FPGS	0.269622	False
2079	3.0514154106359963	1.2905203045042686	0.4229251448380441	ENG	0.269622	False
2080	3.0514154106359963	1.2905203045042686	0.4229251448380441	AK1	0.269622	False
2081	3.0514154106359963	1.2905203045042686	0.4229251448380441	MIR4672	0.269622	False
2082	3.1144482888733718	1.3255804117217973	0.42562286760629314	SLC25A25-AS1	0.26962188	False
2083	3.1144482888733718	1.3255804117217973	0.42562286760629314	PTGES2	0.26962188	False
2084	3.1144482888733718	1.3255804117217973	0.42562286760629314	PTGES2-AS1	0.26962188	False
2085	3.1144482888733718	1.3255804117217973	0.42562286760629314	LCN2	0.26962188	False
2086	3.1144482888733718	1.3255804117217973	0.42562286760629314	C9orf16	0.26962188	False
2087	3.1144482888733718	1.3255804117217973	0.42562286760629314	CIZ1	0.26962188	False
2088	3.1144482888733718	1.3255804117217973	0.42562286760629314	DNM1	0.26962188	False
2089	3.1144482888733718	1.3255804117217973	0.42562286760629314	MIR199B	0.26962188	False
2090	3.1144482888733718	1.3255804117217973	0.42562286760629314	MIR3154	0.26962188	False
2091	3.1144482888733718	1.3255804117217973	0.42562286760629314	GOLGA2	0.26962188	False
2092	3.1144482888733718	1.3255804117217973	0.42562286760629314	SWI5	0.26962188	False
2093	3.1144482888733718	1.3255804117217973	0.42562286760629314	TRUB2	0.26962188	False
2094	3.1144482888733718	1.3255804117217973	0.42562286760629314	COQ4	0.26962188	False
2095	3.1144482888733718	1.3255804117217973	0.42562286760629314	SLC27A4	0.26962188	False
2096	3.1144482888733718	1.3255804117217973	0.42562286760629314	URM1	0.26962188	False
2097	3.1144482888733718	1.3255804117217973	0.42562286760629314	MIR219A2	0.26962188	False
2098	3.1144482888733718	1.3255804117217973	0.42562286760629314	CERCAM	0.26962188	False
2099	3.1144482888733718	1.3255804117217973	0.42562286760629314	ODF2	0.26962188	False
2100	3.1144482888733718	1.3255804117217973	0.42562286760629314	GLE1	0.26962188	False
2101	3.1144482888733718	1.3255804117217973	0.42562286760629314	SPTAN1	0.26962188	False
2102	3.1144482888733718	1.3255804117217973	0.42562286760629314	WDR34	0.26962188	False
2103	3.1144482888733718	1.3255804117217973	0.42562286760629314	SET	0.26962188	False
2104	3.1144482888733718	1.3255804117217973	0.42562286760629314	PKN3	0.26962188	False
2105	3.1144482888733718	1.3255804117217973	0.42562286760629314	ZDHHC12	0.26962188	False
2106	3.1144482888733718	1.3255804117217973	0.42562286760629314	LOC100506100	0.26962188	False
2107	3.1144482888733718	1.3255804117217973	0.42562286760629314	ZER1	0.26962188	False
2108	3.1144482888733718	1.3255804117217973	0.42562286760629314	TBC1D13	0.26962188	False
2109	3.1144482888733718	1.3255804117217973	0.42562286760629314	ENDOG	0.26962188	False
2110	3.1144482888733718	1.3255804117217973	0.42562286760629314	SPOUT1	0.26962188	False
2111	3.1144482888733718	1.3255804117217973	0.42562286760629314	KYAT1	0.26962188	False
2112	3.008016765331753	1.3051700589111401	0.4338972022874325	PTPA	0.2696224	False
2113	3.008016765331753	1.3051700589111401	0.4338972022874325	IER5L	0.2696224	False
2114	3.008016765331753	1.3051700589111401	0.4338972022874325	LOC101929331	0.2696224	False
2115	3.008016765331753	1.3051700589111401	0.4338972022874325	C9orf106	0.2696224	False
2116	3.008016765331753	1.3051700589111401	0.4338972022874325	LINC01503	0.2696224	False
2117	3.008016765331753	1.3051700589111401	0.4338972022874325	LINC00963	0.2696224	False
2118	3.008016765331753	1.3051700589111401	0.4338972022874325	NTMT1	0.2696224	False
2119	3.008016765331753	1.3051700589111401	0.4338972022874325	C9orf50	0.2696224	False
2120	3.008016765331753	1.3051700589111401	0.4338972022874325	ASB6	0.2696224	False
2121	3.008016765331753	1.3051700589111401	0.4338972022874325	PRRX2	0.2696224	False
2122	3.008016765331753	1.3051700589111401	0.4338972022874325	PRRX2-AS1	0.2696224	False
2123	3.008016765331753	1.3051700589111401	0.4338972022874325	PTGES	0.2696224	False
2124	3.008016765331753	1.3051700589111401	0.4338972022874325	TOR1B	0.2696224	False
2125	3.008016765331753	1.3051700589111401	0.4338972022874325	TOR1A	0.2696224	False
2126	3.008016765331753	1.3051700589111401	0.4338972022874325	C9orf78	0.2696224	False
2127	3.008016765331753	1.3051700589111401	0.4338972022874325	USP20	0.2696224	False
2128	3.008016765331753	1.3051700589111401	0.4338972022874325	MIR6855	0.2696224	False
2129	3.254964084772468	1.4155163483146123	0.4348792525658732	ANAPC16	0.2696233	False
2130	3.254964084772468	1.4155163483146123	0.4348792525658732	DDIT4	0.2696233	False
2131	3.254964084772468	1.4155163483146123	0.4348792525658732	DNAJB12	0.2696233	False
2132	3.254964084772468	1.4155163483146123	0.4348792525658732	MICU1	0.2696233	False
2133	3.254964084772468	1.4155163483146123	0.4348792525658732	MCU	0.2696233	False
2134	3.254964084772468	1.4155163483146123	0.4348792525658732	MIR4676	0.2696233	False
2135	3.308216375180054	1.3345411618461454	0.4034020180356284	OIT3	0.2696235	False
2136	3.308216375180054	1.3345411618461454	0.4034020180356284	PLA2G12B	0.2696235	False
2137	3.308216375180054	1.3345411618461454	0.4034020180356284	P4HA1	0.2696235	False
2138	3.642617460074582	1.7743773601425972	0.48711603114818075	NUDT13	0.26962793	False
2139	3.642617460074582	1.7743773601425972	0.48711603114818075	ECD	0.26962793	False
2140	3.642617460074582	1.7743773601425972	0.48711603114818075	FAM149B1	0.26962793	False
2141	3.642617460074582	1.7743773601425972	0.48711603114818075	DNAJC9	0.26962793	False
2142	3.642617460074582	1.7743773601425972	0.48711603114818075	DNAJC9-AS1	0.26962793	False
2143	3.642617460074582	1.7743773601425972	0.48711603114818075	MRPS16	0.26962793	False
2144	3.642617460074582	1.7743773601425972	0.48711603114818075	CFAP70	0.26962793	False
2145	3.642617460074582	1.7743773601425972	0.48711603114818075	ANXA7	0.26962793	False
2146	3.642617460074582	1.7743773601425972	0.48711603114818075	MSS51	0.26962793	False
2147	3.642617460074582	1.7743773601425972	0.48711603114818075	PPP3CB	0.26962793	False
2148	3.642617460074582	1.7743773601425972	0.48711603114818075	PPP3CB-AS1	0.26962793	False
2149	3.642617460074582	1.7743773601425972	0.48711603114818075	USP54	0.26962793	False
2150	3.642617460074582	1.7743773601425972	0.48711603114818075	MYOZ1	0.26962793	False
2151	3.642617460074582	1.7743773601425972	0.48711603114818075	SYNPO2L	0.26962793	False
2152	3.642617460074582	1.7743773601425972	0.48711603114818075	AGAP5	0.26962793	False
2153	3.642617460074582	1.7743773601425972	0.48711603114818075	BMS1P4	0.26962793	False
2154	3.642617460074582	1.7743773601425972	0.48711603114818075	SEC24C	0.26962793	False
2155	3.642617460074582	1.7743773601425972	0.48711603114818075	FUT11	0.26962793	False
2156	3.642617460074582	1.7743773601425972	0.48711603114818075	CHCHD1	0.26962793	False
2157	3.642617460074582	1.7743773601425972	0.48711603114818075	ZSWIM8	0.26962793	False
2158	3.642617460074582	1.7743773601425972	0.48711603114818075	ZSWIM8-AS1	0.26962793	False
2159	3.642617460074582	1.7743773601425972	0.48711603114818075	NDST2	0.26962793	False
2160	3.642617460074582	1.7743773601425972	0.48711603114818075	CAMK2G	0.26962793	False
2161	3.3842408578601173	1.4499139918159758	0.428431087713056	PLAU	0.26962474	False
2162	3.3842408578601173	1.4499139918159758	0.428431087713056	C10orf55	0.26962474	False
2163	3.3842408578601173	1.4499139918159758	0.428431087713056	VCL	0.26962474	False
2164	3.579368702987551	1.8084799658797768	0.5052510975944762	AP3M1	0.26962745	False
2165	3.579368702987551	1.8084799658797768	0.5052510975944762	ADK	0.26962745	False
2166	3.579368702987551	1.8084799658797768	0.5052510975944762	LOC102723439	0.26962745	False
2167	3.3212820734717456	2.384610128046794	0.717978803153613	RNLS	0.2696281	False
2168	3.3212820734717456	2.384610128046794	0.717978803153613	LIPJ	0.2696281	False
2169	3.3212820734717456	2.384610128046794	0.717978803153613	LIPF	0.2696281	False
2170	3.3212820734717456	2.384610128046794	0.717978803153613	LIPK	0.2696281	False
2171	3.3212820734717456	2.384610128046794	0.717978803153613	LIPN	0.2696281	False
2172	3.3212820734717456	2.384610128046794	0.717978803153613	LIPM	0.2696281	False
2173	3.3212820734717456	2.384610128046794	0.717978803153613	ANKRD22	0.2696281	False
2174	3.439450524093017	2.573537133734267	0.7482407773296605	CH25H	0.26963046	False
2175	3.439450524093017	2.573537133734267	0.7482407773296605	LIPA	0.26963046	False
2176	3.439450524093017	2.573537133734267	0.7482407773296605	IFIT2	0.26963046	False
2177	3.439450524093017	2.573537133734267	0.7482407773296605	IFIT3	0.26963046	False
2178	3.439450524093017	2.573537133734267	0.7482407773296605	IFIT1B	0.26963046	False
2179	3.439450524093017	2.573537133734267	0.7482407773296605	IFIT1	0.26963046	False
2180	3.439450524093017	2.573537133734267	0.7482407773296605	IFIT5	0.26963046	False
2181	3.439450524093017	2.573537133734267	0.7482407773296605	SLC16A12	0.26963046	False
2182	3.439450524093017	2.573537133734267	0.7482407773296605	SLC16A12-AS1	0.26963046	False
2183	3.439450524093017	2.573537133734267	0.7482407773296605	PANK1	0.26963046	False
2184	3.439450524093017	2.573537133734267	0.7482407773296605	MIR107	0.26963046	False
2185	3.439450524093017	2.573537133734267	0.7482407773296605	FLJ37201	0.26963046	False
2186	3.439450524093017	2.573537133734267	0.7482407773296605	KIF20B	0.26963046	False
2187	3.439450524093017	2.573537133734267	0.7482407773296605	LINC00865	0.26963046	False
2188	3.2089669164608443	1.1626201521239026	0.3623035644774273	LDB1	0.26962203	False
2189	3.2089669164608443	1.1626201521239026	0.3623035644774273	PPRC1	0.26962203	False
2190	3.2089669164608443	1.1626201521239026	0.3623035644774273	NOLC1	0.26962203	False
2191	3.2089669164608443	1.1626201521239026	0.3623035644774273	ELOVL3	0.26962203	False
2192	3.2089669164608443	1.1626201521239026	0.3623035644774273	PITX3	0.26962203	False
2193	3.2089669164608443	1.1626201521239026	0.3623035644774273	GBF1	0.26962203	False
2194	3.2089669164608443	1.1626201521239026	0.3623035644774273	NFKB2	0.26962203	False
2195	3.2089669164608443	1.1626201521239026	0.3623035644774273	PSD	0.26962203	False
2196	3.2089669164608443	1.1626201521239026	0.3623035644774273	FBXL15	0.26962203	False
2197	3.2089669164608443	1.1626201521239026	0.3623035644774273	CUEDC2	0.26962203	False
2198	3.2089669164608443	1.1626201521239026	0.3623035644774273	MIR146B	0.26962203	False
2199	3.2089669164608443	1.1626201521239026	0.3623035644774273	RPARP-AS1	0.26962203	False
2200	3.2089669164608443	1.1626201521239026	0.3623035644774273	C10orf95	0.26962203	False
2201	3.2089669164608443	1.1626201521239026	0.3623035644774273	MFSD13A	0.26962203	False
2202	3.2089669164608443	1.1626201521239026	0.3623035644774273	ACTR1A	0.26962203	False
2203	3.2089669164608443	1.1626201521239026	0.3623035644774273	SUFU	0.26962203	False
2204	3.2089669164608443	1.1626201521239026	0.3623035644774273	TRIM8	0.26962203	False
2205	3.2089669164608443	1.1626201521239026	0.3623035644774273	ARL3	0.26962203	False
2206	3.2089669164608443	1.1626201521239026	0.3623035644774273	SFXN2	0.26962203	False
2207	3.2089669164608443	1.1626201521239026	0.3623035644774273	WBP1L	0.26962203	False
2208	3.2089669164608443	1.1626201521239026	0.3623035644774273	CYP17A1	0.26962203	False
2209	3.2089669164608443	1.1626201521239026	0.3623035644774273	BORCS7	0.26962203	False
2210	3.0812698589263032	1.0914237550781427	0.3542123231810859	BORCS7-ASMT	0.2696218	False
2211	3.0812698589263032	1.0914237550781427	0.3542123231810859	AS3MT	0.2696218	False
2212	3.0812698589263032	1.0914237550781427	0.3542123231810859	CNNM2	0.2696218	False
2213	3.0812698589263032	1.0914237550781427	0.3542123231810859	NT5C2	0.2696218	False
2214	3.416031594455297	1.9703654837651827	0.5767995492089022	MXI1	0.26962712	False
2215	3.416031594455297	1.9703654837651827	0.5767995492089022	SMNDC1	0.26962712	False
2216	3.416031594455297	1.9703654837651827	0.5767995492089022	DUSP5	0.26962712	False
2217	3.416031594455297	1.9703654837651827	0.5767995492089022	SMC3	0.26962712	False
2218	3.416031594455297	1.9703654837651827	0.5767995492089022	RBM20	0.26962712	False
2219	3.416031594455297	1.9703654837651827	0.5767995492089022	MIR4680	0.26962712	False
2220	3.340892675739301	2.1183286541725272	0.6340606717346182	OR5AK2	0.26962802	False
2221	3.340892675739301	2.1183286541725272	0.6340606717346182	LRRC55	0.26962802	False
2222	3.340892675739301	2.1183286541725272	0.6340606717346182	APLNR	0.26962802	False
2223	3.340892675739301	2.1183286541725272	0.6340606717346182	TNKS1BP1	0.26962802	False
2224	3.340892675739301	2.1183286541725272	0.6340606717346182	SSRP1	0.26962802	False
2225	3.340892675739301	2.1183286541725272	0.6340606717346182	P2RX3	0.26962802	False
2226	3.340892675739301	2.1183286541725272	0.6340606717346182	PRG3	0.26962802	False
2227	3.340892675739301	2.1183286541725272	0.6340606717346182	PRG2	0.26962802	False
2228	3.340892675739301	2.1183286541725272	0.6340606717346182	SLC43A3	0.26962802	False
2229	3.340892675739301	2.1183286541725272	0.6340606717346182	RTN4RL2	0.26962802	False
2230	3.340892675739301	2.1183286541725272	0.6340606717346182	SLC43A1	0.26962802	False
2231	3.340892675739301	2.1183286541725272	0.6340606717346182	TIMM10	0.26962802	False
2232	3.340892675739301	2.1183286541725272	0.6340606717346182	SMTNL1	0.26962802	False
2233	3.340892675739301	2.1183286541725272	0.6340606717346182	UBE2L6	0.26962802	False
2234	3.340892675739301	2.1183286541725272	0.6340606717346182	SERPING1	0.26962802	False
2235	3.340892675739301	2.1183286541725272	0.6340606717346182	MIR130A	0.26962802	False
2236	3.340892675739301	2.1183286541725272	0.6340606717346182	YPEL4	0.26962802	False
2237	3.340892675739301	2.1183286541725272	0.6340606717346182	CLP1	0.26962802	False
2238	3.340892675739301	2.1183286541725272	0.6340606717346182	ZDHHC5	0.26962802	False
2239	3.340892675739301	2.1183286541725272	0.6340606717346182	MED19	0.26962802	False
2240	3.340892675739301	2.1183286541725272	0.6340606717346182	TMX2	0.26962802	False
2241	3.340892675739301	2.1183286541725272	0.6340606717346182	TMX2-CTNND1	0.26962802	False
2242	3.340892675739301	2.1183286541725272	0.6340606717346182	SELENOH	0.26962802	False
2243	3.340892675739301	2.1183286541725272	0.6340606717346182	CTNND1	0.26962802	False
2244	3.340892675739301	2.1183286541725272	0.6340606717346182	BTBD18	0.26962802	False
2245	3.3203707994076352	2.010142841191253	0.60539709647786	OR9I1	0.26962718	False
2246	3.3203707994076352	2.010142841191253	0.60539709647786	OR9Q2	0.26962718	False
2247	3.3203707994076352	2.010142841191253	0.60539709647786	OR1S2	0.26962718	False
2248	3.3203707994076352	2.010142841191253	0.60539709647786	OR1S1	0.26962718	False
2249	3.3203707994076352	2.010142841191253	0.60539709647786	OR10Q1	0.26962718	False
2250	3.3203707994076352	2.010142841191253	0.60539709647786	OR10W1	0.26962718	False
2251	3.3203707994076352	2.010142841191253	0.60539709647786	OR5B17	0.26962718	False
2252	3.3203707994076352	2.010142841191253	0.60539709647786	OR5B3	0.26962718	False
2253	3.3203707994076352	2.010142841191253	0.60539709647786	OR5B2	0.26962718	False
2254	3.3203707994076352	2.010142841191253	0.60539709647786	OR5B12	0.26962718	False
2255	3.3203707994076352	2.010142841191253	0.60539709647786	OR5B21	0.26962718	False
2256	3.3203707994076352	2.010142841191253	0.60539709647786	LPXN	0.26962718	False
2257	3.3203707994076352	2.010142841191253	0.60539709647786	ZFP91	0.26962718	False
2258	3.3203707994076352	2.010142841191253	0.60539709647786	ZFP91-CNTF	0.26962718	False
2259	3.3203707994076352	2.010142841191253	0.60539709647786	CNTF	0.26962718	False
2260	3.3203707994076352	2.010142841191253	0.60539709647786	GLYAT	0.26962718	False
2261	3.1145559447036306	0.9240693665840284	0.29669377689472176	INCENP	0.26962116	False
2262	3.1145559447036306	0.9240693665840284	0.29669377689472176	SCGB1D1	0.26962116	False
2263	3.1145559447036306	0.9240693665840284	0.29669377689472176	SCGB2A1	0.26962116	False
2264	3.1145559447036306	0.9240693665840284	0.29669377689472176	SCGB1D2	0.26962116	False
2265	3.1145559447036306	0.9240693665840284	0.29669377689472176	SCGB2A2	0.26962116	False
2266	3.1145559447036306	0.9240693665840284	0.29669377689472176	SCGB1D4	0.26962116	False
2267	3.1145559447036306	0.9240693665840284	0.29669377689472176	ASRGL1	0.26962116	False
2268	3.1145559447036306	0.9240693665840284	0.29669377689472176	SCGB1A1	0.26962116	False
2269	3.1145559447036306	0.9240693665840284	0.29669377689472176	AHNAK	0.26962116	False
2270	3.1145559447036306	0.9240693665840284	0.29669377689472176	EEF1G	0.26962116	False
2271	3.1145559447036306	0.9240693665840284	0.29669377689472176	MIR6747	0.26962116	False
2272	3.1145559447036306	0.9240693665840284	0.29669377689472176	TUT1	0.26962116	False
2273	3.1145559447036306	0.9240693665840284	0.29669377689472176	MTA2	0.26962116	False
2274	3.1145559447036306	0.9240693665840284	0.29669377689472176	EML3	0.26962116	False
2275	3.1145559447036306	0.9240693665840284	0.29669377689472176	ROM1	0.26962116	False
2276	3.1145559447036306	0.9240693665840284	0.29669377689472176	B3GAT3	0.26962116	False
2277	3.1145559447036306	0.9240693665840284	0.29669377689472176	GANAB	0.26962116	False
2278	3.1145559447036306	0.9240693665840284	0.29669377689472176	INTS5	0.26962116	False
2279	3.1145559447036306	0.9240693665840284	0.29669377689472176	C11orf98	0.26962116	False
2280	3.1145559447036306	0.9240693665840284	0.29669377689472176	LBHD1	0.26962116	False
2281	3.1145559447036306	0.9240693665840284	0.29669377689472176	CSKMT	0.26962116	False
2282	3.1145559447036306	0.9240693665840284	0.29669377689472176	SNORA57	0.26962116	False
2283	3.1145559447036306	0.9240693665840284	0.29669377689472176	UQCC3	0.26962116	False
2284	3.1145559447036306	0.9240693665840284	0.29669377689472176	UBXN1	0.26962116	False
2285	3.1145559447036306	0.9240693665840284	0.29669377689472176	LRRN4CL	0.26962116	False
2286	3.1145559447036306	0.9240693665840284	0.29669377689472176	BSCL2	0.26962116	False
2287	3.1145559447036306	0.9240693665840284	0.29669377689472176	HNRNPUL2-BSCL2	0.26962116	False
2288	3.1145559447036306	0.9240693665840284	0.29669377689472176	GNG3	0.26962116	False
2289	3.1145559447036306	0.9240693665840284	0.29669377689472176	HNRNPUL2	0.26962116	False
2290	3.1145559447036306	0.9240693665840284	0.29669377689472176	TTC9C	0.26962116	False
2291	3.1145559447036306	0.9240693665840284	0.29669377689472176	ZBTB3	0.26962116	False
2292	3.1145559447036306	0.9240693665840284	0.29669377689472176	POLR2G	0.26962116	False
2293	3.1145559447036306	0.9240693665840284	0.29669377689472176	TAF6L	0.26962116	False
2294	3.1145559447036306	0.9240693665840284	0.29669377689472176	TMEM223	0.26962116	False
2295	3.1145559447036306	0.9240693665840284	0.29669377689472176	TMEM179B	0.26962116	False
2296	3.1145559447036306	0.9240693665840284	0.29669377689472176	MIR6748	0.26962116	False
2297	3.1145559447036306	0.9240693665840284	0.29669377689472176	NXF1	0.26962116	False
2298	3.1145559447036306	0.9240693665840284	0.29669377689472176	MIR6514	0.26962116	False
2299	3.1145559447036306	0.9240693665840284	0.29669377689472176	STX5	0.26962116	False
2300	3.1145559447036306	0.9240693665840284	0.29669377689472176	LOC105369332	0.26962116	False
2301	3.1145559447036306	0.9240693665840284	0.29669377689472176	WDR74	0.26962116	False
2302	3.1145559447036306	0.9240693665840284	0.29669377689472176	SNHG1	0.26962116	False
2303	3.1145559447036306	0.9240693665840284	0.29669377689472176	SNORD22	0.26962116	False
2304	3.1145559447036306	0.9240693665840284	0.29669377689472176	SNORD30	0.26962116	False
2305	3.1145559447036306	0.9240693665840284	0.29669377689472176	SNORD28	0.26962116	False
2306	3.1145559447036306	0.9240693665840284	0.29669377689472176	SNORD27	0.26962116	False
2307	3.1145559447036306	0.9240693665840284	0.29669377689472176	SNORD26	0.26962116	False
2308	3.1145559447036306	0.9240693665840284	0.29669377689472176	SNORD25	0.26962116	False
2309	3.1145559447036306	0.9240693665840284	0.29669377689472176	SLC3A2	0.26962116	False
2310	3.22224691596904	0.9095967999300973	0.2822864987230659	CHRM1	0.26962125	False
2311	3.22224691596904	0.9095967999300973	0.2822864987230659	SLC22A6	0.26962125	False
2312	3.22224691596904	0.9095967999300973	0.2822864987230659	SLC22A8	0.26962125	False
2313	3.22224691596904	0.9095967999300973	0.2822864987230659	SLC22A24	0.26962125	False
2314	3.3565018018335895	1.0841294352004702	0.3229938487172067	SLC22A10	0.2696219	False
2315	3.3565018018335895	1.0841294352004702	0.3229938487172067	SLC22A25	0.2696219	False
2316	3.3565018018335895	1.0841294352004702	0.3229938487172067	SLC22A9	0.2696219	False
2317	3.3565018018335895	1.0841294352004702	0.3229938487172067	HRASLS5	0.2696219	False
2318	3.3565018018335895	1.0841294352004702	0.3229938487172067	LGALS12	0.2696219	False
2319	3.3565018018335895	1.0841294352004702	0.3229938487172067	RARRES3	0.2696219	False
2320	3.3565018018335895	1.0841294352004702	0.3229938487172067	HRASLS2	0.2696219	False
2321	3.3565018018335895	1.0841294352004702	0.3229938487172067	PLA2G16	0.2696219	False
2322	3.3565018018335895	1.0841294352004702	0.3229938487172067	ATL3	0.2696219	False
2323	3.3565018018335895	1.0841294352004702	0.3229938487172067	RTN3	0.2696219	False
2324	3.3565018018335895	1.0841294352004702	0.3229938487172067	C11orf95	0.2696219	False
2325	3.3565018018335895	1.0841294352004702	0.3229938487172067	SPINDOC	0.2696219	False
2326	3.5357596503465163	1.1804168341950947	0.3338509827950013	MARK2	0.26962292	False
2327	3.5357596503465163	1.1804168341950947	0.3338509827950013	RCOR2	0.26962292	False
2328	3.5357596503465163	1.1804168341950947	0.3338509827950013	NAA40	0.26962292	False
2329	3.5357596503465163	1.1804168341950947	0.3338509827950013	COX8A	0.26962292	False
2330	3.5357596503465163	1.1804168341950947	0.3338509827950013	OTUB1	0.26962292	False
2331	3.5357596503465163	1.1804168341950947	0.3338509827950013	MACROD1	0.26962292	False
2332	3.768384068145328	1.5525153175507145	0.41198436504239083	FLRT1	0.2696256	False
2333	3.768384068145328	1.5525153175507145	0.41198436504239083	STIP1	0.2696256	False
2334	3.768384068145328	1.5525153175507145	0.41198436504239083	FERMT3	0.2696256	False
2335	3.768384068145328	1.5525153175507145	0.41198436504239083	TRPT1	0.2696256	False
2336	3.768384068145328	1.5525153175507145	0.41198436504239083	NUDT22	0.2696256	False
2337	3.768384068145328	1.5525153175507145	0.41198436504239083	DNAJC4	0.2696256	False
2338	3.768384068145328	1.5525153175507145	0.41198436504239083	VEGFB	0.2696256	False
2339	3.768384068145328	1.5525153175507145	0.41198436504239083	FKBP2	0.2696256	False
2340	3.768384068145328	1.5525153175507145	0.41198436504239083	PPP1R14B	0.2696256	False
2341	3.768384068145328	1.5525153175507145	0.41198436504239083	LOC105369340	0.2696256	False
2342	3.768384068145328	1.5525153175507145	0.41198436504239083	PLCB3	0.2696256	False
2343	3.768384068145328	1.5525153175507145	0.41198436504239083	BAD	0.2696256	False
2344	3.768384068145328	1.5525153175507145	0.41198436504239083	GPR137	0.2696256	False
2345	3.768384068145328	1.5525153175507145	0.41198436504239083	KCNK4	0.2696256	False
2346	3.768384068145328	1.5525153175507145	0.41198436504239083	KCNK4-TEX40	0.2696256	False
2347	3.768384068145328	1.5525153175507145	0.41198436504239083	CATSPERZ	0.2696256	False
2348	3.768384068145328	1.5525153175507145	0.41198436504239083	ESRRA	0.2696256	False
2349	3.768384068145328	1.5525153175507145	0.41198436504239083	TRMT112	0.2696256	False
2350	3.768384068145328	1.5525153175507145	0.41198436504239083	PRDX5	0.2696256	False
2351	3.768384068145328	1.5525153175507145	0.41198436504239083	CCDC88B	0.2696256	False
2352	3.768384068145328	1.5525153175507145	0.41198436504239083	MIR7155	0.2696256	False
2353	3.768384068145328	1.5525153175507145	0.41198436504239083	RPS6KA4	0.2696256	False
2354	3.768384068145328	1.5525153175507145	0.41198436504239083	MIR1237	0.2696256	False
2355	3.768384068145328	1.5525153175507145	0.41198436504239083	LOC100996455	0.2696256	False
2356	3.768384068145328	1.5525153175507145	0.41198436504239083	SLC22A11	0.2696256	False
2357	3.768384068145328	1.5525153175507145	0.41198436504239083	SLC22A12	0.2696256	False
2358	3.768384068145328	1.5525153175507145	0.41198436504239083	NRXN2	0.2696256	False
2359	3.768384068145328	1.5525153175507145	0.41198436504239083	RASGRP2	0.2696256	False
2360	3.768384068145328	1.5525153175507145	0.41198436504239083	PYGM	0.2696256	False
2361	3.768384068145328	1.5525153175507145	0.41198436504239083	SF1	0.2696256	False
2362	3.768384068145328	1.5525153175507145	0.41198436504239083	MAP4K2	0.2696256	False
2363	3.768384068145328	1.5525153175507145	0.41198436504239083	MEN1	0.2696256	False
2364	3.768384068145328	1.5525153175507145	0.41198436504239083	CDC42BPG	0.2696256	False
2365	3.768384068145328	1.5525153175507145	0.41198436504239083	EHD1	0.2696256	False
2366	3.768384068145328	1.5525153175507145	0.41198436504239083	MIR194-2HG	0.2696256	False
2367	3.768384068145328	1.5525153175507145	0.41198436504239083	MIR192	0.2696256	False
2368	3.768384068145328	1.5525153175507145	0.41198436504239083	MIR194-2	0.2696256	False
2369	3.8331687171086597	1.48754546391158	0.388072003528618	ATG2A	0.26962575	False
2370	3.768384068145328	1.5525153175507145	0.41198436504239083	MIR6750	0.2696256	False
2371	3.8331687171086597	1.48754546391158	0.388072003528618	MIR6749	0.26962575	False
2372	3.8331687171086597	1.48754546391158	0.388072003528618	PPP2R5B	0.26962575	False
2373	3.8331687171086597	1.48754546391158	0.388072003528618	GPHA2	0.26962575	False
2374	3.8331687171086597	1.48754546391158	0.388072003528618	MAJIN	0.26962575	False
2375	3.8331687171086597	1.48754546391158	0.388072003528618	BATF2	0.26962575	False
2376	3.8331687171086597	1.48754546391158	0.388072003528618	ARL2	0.26962575	False
2377	3.8331687171086597	1.48754546391158	0.388072003528618	ARL2-SNX15	0.26962575	False
2378	3.8331687171086597	1.48754546391158	0.388072003528618	MIR6879	0.26962575	False
2379	3.8331687171086597	1.48754546391158	0.388072003528618	SNX15	0.26962575	False
2380	3.8331687171086597	1.48754546391158	0.388072003528618	SAC3D1	0.26962575	False
2381	3.8331687171086597	1.48754546391158	0.388072003528618	NAALADL1	0.26962575	False
2382	3.8331687171086597	1.48754546391158	0.388072003528618	CDCA5	0.26962575	False
2383	3.8331687171086597	1.48754546391158	0.388072003528618	ZFPL1	0.26962575	False
2384	3.8331687171086597	1.48754546391158	0.388072003528618	TMEM262	0.26962575	False
2385	3.8331687171086597	1.48754546391158	0.388072003528618	VPS51	0.26962575	False
2386	4.025734211235531	1.861983070905019	0.46252012010836674	TM7SF2	0.26962903	False
2387	4.025734211235531	1.861983070905019	0.46252012010836674	ZNHIT2	0.26962903	False
2388	4.025734211235531	1.861983070905019	0.46252012010836674	FAU	0.26962903	False
2389	4.025734211235531	1.861983070905019	0.46252012010836674	SYVN1	0.26962903	False
2390	4.025734211235531	1.861983070905019	0.46252012010836674	MRPL49	0.26962903	False
2391	4.025734211235531	1.861983070905019	0.46252012010836674	MIR6751	0.26962903	False
2392	4.025734211235531	1.861983070905019	0.46252012010836674	SPDYC	0.26962903	False
2393	4.025734211235531	1.861983070905019	0.46252012010836674	CAPN1	0.26962903	False
2394	4.025734211235531	1.861983070905019	0.46252012010836674	POLA2	0.26962903	False
2395	4.025734211235531	1.861983070905019	0.46252012010836674	CDC42EP2	0.26962903	False
2396	4.025734211235531	1.861983070905019	0.46252012010836674	DPF2	0.26962903	False
2397	4.025734211235531	1.861983070905019	0.46252012010836674	TIGD3	0.26962903	False
2398	4.025734211235531	1.861983070905019	0.46252012010836674	SLC25A45	0.26962903	False
2399	4.025734211235531	1.861983070905019	0.46252012010836674	FRMD8	0.26962903	False
2400	4.025734211235531	1.861983070905019	0.46252012010836674	NEAT1	0.26962903	False
2401	4.025734211235531	1.861983070905019	0.46252012010836674	MIR612	0.26962903	False
2402	4.025734211235531	1.861983070905019	0.46252012010836674	MALAT1	0.26962903	False
2403	4.025734211235531	1.861983070905019	0.46252012010836674	SCYL1	0.26962903	False
2404	4.025734211235531	1.861983070905019	0.46252012010836674	LTBP3	0.26962903	False
2405	4.025734211235531	1.861983070905019	0.46252012010836674	SSSCA1-AS1	0.26962903	False
2406	4.025734211235531	1.861983070905019	0.46252012010836674	SSSCA1	0.26962903	False
2407	4.025734211235531	1.861983070905019	0.46252012010836674	FAM89B	0.26962903	False
2408	4.025734211235531	1.861983070905019	0.46252012010836674	EHBP1L1	0.26962903	False
2409	4.025734211235531	1.861983070905019	0.46252012010836674	SIPA1	0.26962903	False
2410	4.025734211235531	1.861983070905019	0.46252012010836674	KCNK7	0.26962903	False
2411	4.025734211235531	1.861983070905019	0.46252012010836674	MAP3K11	0.26962903	False
2412	4.025734211235531	1.861983070905019	0.46252012010836674	PCNX3	0.26962903	False
2413	4.025734211235531	1.861983070905019	0.46252012010836674	MIR4690	0.26962903	False
2414	4.025734211235531	1.861983070905019	0.46252012010836674	MIR4489	0.26962903	False
2415	4.025734211235531	1.861983070905019	0.46252012010836674	RELA	0.26962903	False
2416	4.025734211235531	1.861983070905019	0.46252012010836674	KAT5	0.26962903	False
2417	4.025734211235531	1.861983070905019	0.46252012010836674	RNASEH2C	0.26962903	False
2418	4.025734211235531	1.861983070905019	0.46252012010836674	AP5B1	0.26962903	False
2419	4.025734211235531	1.861983070905019	0.46252012010836674	OVOL1	0.26962903	False
2420	4.025734211235531	1.861983070905019	0.46252012010836674	OVOL1-AS1	0.26962903	False
2421	4.025734211235531	1.861983070905019	0.46252012010836674	CFL1	0.26962903	False
2422	4.025734211235531	1.861983070905019	0.46252012010836674	SNX32	0.26962903	False
2423	4.025734211235531	1.861983070905019	0.46252012010836674	MUS81	0.26962903	False
2424	4.025734211235531	1.861983070905019	0.46252012010836674	EFEMP2	0.26962903	False
2425	4.025734211235531	1.861983070905019	0.46252012010836674	CTSW	0.26962903	False
2426	4.025734211235531	1.861983070905019	0.46252012010836674	FIBP	0.26962903	False
2427	4.025734211235531	1.861983070905019	0.46252012010836674	CCDC85B	0.26962903	False
2428	3.7648458865148946	1.4273487849540687	0.37912542185766884	FOSL1	0.26962522	False
2429	3.7648458865148946	1.4273487849540687	0.37912542185766884	C11orf68	0.26962522	False
2430	3.7648458865148946	1.4273487849540687	0.37912542185766884	DRAP1	0.26962522	False
2431	3.7648458865148946	1.4273487849540687	0.37912542185766884	TSGA10IP	0.26962522	False
2432	3.7648458865148946	1.4273487849540687	0.37912542185766884	SART1	0.26962522	False
2433	3.7648458865148946	1.4273487849540687	0.37912542185766884	EIF1AD	0.26962522	False
2434	3.7648458865148946	1.4273487849540687	0.37912542185766884	BANF1	0.26962522	False
2435	3.7648458865148946	1.4273487849540687	0.37912542185766884	CST6	0.26962522	False
2436	3.7648458865148946	1.4273487849540687	0.37912542185766884	CATSPER1	0.26962522	False
2437	3.7648458865148946	1.4273487849540687	0.37912542185766884	GAL3ST3	0.26962522	False
2438	3.7648458865148946	1.4273487849540687	0.37912542185766884	SF3B2	0.26962522	False
2439	3.7648458865148946	1.4273487849540687	0.37912542185766884	PACS1	0.26962522	False
2440	3.788074534573103	1.5031957581245838	0.3968231734632398	KLC2	0.26962557	False
2441	3.788074534573103	1.5031957581245838	0.3968231734632398	RAB1B	0.26962557	False
2442	3.788074534573103	1.5031957581245838	0.3968231734632398	CNIH2	0.26962557	False
2443	3.788074534573103	1.5031957581245838	0.3968231734632398	YIF1A	0.26962557	False
2444	3.788074534573103	1.5031957581245838	0.3968231734632398	TMEM151A	0.26962557	False
2445	3.788074534573103	1.5031957581245838	0.3968231734632398	CD248	0.26962557	False
2446	3.788074534573103	1.5031957581245838	0.3968231734632398	RIN1	0.26962557	False
2447	3.788074534573103	1.5031957581245838	0.3968231734632398	BRMS1	0.26962557	False
2448	3.788074534573103	1.5031957581245838	0.3968231734632398	B4GAT1	0.26962557	False
2449	3.788074534573103	1.5031957581245838	0.3968231734632398	SLC29A2	0.26962557	False
2450	3.788074534573103	1.5031957581245838	0.3968231734632398	NPAS4	0.26962557	False
2451	3.788074534573103	1.5031957581245838	0.3968231734632398	MRPL11	0.26962557	False
2452	3.788074534573103	1.5031957581245838	0.3968231734632398	PELI3	0.26962557	False
2453	3.788074534573103	1.5031957581245838	0.3968231734632398	LOC101928069	0.26962557	False
2454	3.788074534573103	1.5031957581245838	0.3968231734632398	DPP3	0.26962557	False
2455	3.788074534573103	1.5031957581245838	0.3968231734632398	BBS1	0.26962557	False
2456	3.788074534573103	1.5031957581245838	0.3968231734632398	ZDHHC24	0.26962557	False
2457	3.788074534573103	1.5031957581245838	0.3968231734632398	ACTN3	0.26962557	False
2458	3.788074534573103	1.5031957581245838	0.3968231734632398	CTSF	0.26962557	False
2459	3.788074534573103	1.5031957581245838	0.3968231734632398	CCDC87	0.26962557	False
2460	3.788074534573103	1.5031957581245838	0.3968231734632398	CCS	0.26962557	False
2461	3.788074534573103	1.5031957581245838	0.3968231734632398	RBM14	0.26962557	False
2462	3.788074534573103	1.5031957581245838	0.3968231734632398	RBM14-RBM4	0.26962557	False
2463	3.788074534573103	1.5031957581245838	0.3968231734632398	RBM4	0.26962557	False
2464	3.788074534573103	1.5031957581245838	0.3968231734632398	RBM4B	0.26962557	False
2465	3.788074534573103	1.5031957581245838	0.3968231734632398	SPTBN2	0.26962557	False
2466	3.788074534573103	1.5031957581245838	0.3968231734632398	C11orf80	0.26962557	False
2467	3.788074534573103	1.5031957581245838	0.3968231734632398	RCE1	0.26962557	False
2468	3.4133243063476	1.07535213053337	0.3150454026690601	PC	0.2696224	False
2469	3.788074534573103	1.5031957581245838	0.3968231734632398	LRFN4	0.26962557	False
2470	3.4133243063476	1.07535213053337	0.3150454026690601	MIR3163	0.2696224	False
2471	3.4133243063476	1.07535213053337	0.3150454026690601	C11orf86	0.2696224	False
2472	3.4133243063476	1.07535213053337	0.3150454026690601	SYT12	0.2696224	False
2473	3.4133243063476	1.07535213053337	0.3150454026690601	RHOD	0.2696224	False
2474	3.21851334888796	1.0460928695958884	0.32502362308279	KDM2A	0.26962155	False
2475	3.21851334888796	1.0460928695958884	0.32502362308279	GRK2	0.26962155	False
2476	3.21851334888796	1.0460928695958884	0.32502362308279	ANKRD13D	0.26962155	False
2477	3.21851334888796	1.0460928695958884	0.32502362308279	SSH3	0.26962155	False
2478	3.21851334888796	1.0460928695958884	0.32502362308279	LOC100130987	0.26962155	False
2479	3.21851334888796	1.0460928695958884	0.32502362308279	POLD4	0.26962155	False
2480	3.21851334888796	1.0460928695958884	0.32502362308279	CLCF1	0.26962155	False
2481	3.21851334888796	1.0460928695958884	0.32502362308279	RAD9A	0.26962155	False
2482	3.21851334888796	1.0460928695958884	0.32502362308279	PPP1CA	0.26962155	False
2483	3.21851334888796	1.0460928695958884	0.32502362308279	TBC1D10C	0.26962155	False
2484	3.21851334888796	1.0460928695958884	0.32502362308279	CARNS1	0.26962155	False
2485	3.21851334888796	1.0460928695958884	0.32502362308279	RPS6KB2	0.26962155	False
2486	3.21851334888796	1.0460928695958884	0.32502362308279	PTPRCAP	0.26962155	False
2487	3.21851334888796	1.0460928695958884	0.32502362308279	CORO1B	0.26962155	False
2488	3.21851334888796	1.0460928695958884	0.32502362308279	GPR152	0.26962155	False
2489	3.21851334888796	1.0460928695958884	0.32502362308279	CABP4	0.26962155	False
2490	3.21851334888796	1.0460928695958884	0.32502362308279	TMEM134	0.26962155	False
2491	3.21851334888796	1.0460928695958884	0.32502362308279	AIP	0.26962155	False
2492	3.21851334888796	1.0460928695958884	0.32502362308279	MIR6752	0.26962155	False
2493	3.21851334888796	1.0460928695958884	0.32502362308279	PITPNM1	0.26962155	False
2494	3.21851334888796	1.0460928695958884	0.32502362308279	CDK2AP2	0.26962155	False
2495	3.21851334888796	1.0460928695958884	0.32502362308279	CABP2	0.26962155	False
2496	3.21851334888796	1.0460928695958884	0.32502362308279	GSTP1	0.26962155	False
2497	3.21851334888796	1.0460928695958884	0.32502362308279	C11orf72	0.26962155	False
2498	3.21851334888796	1.0460928695958884	0.32502362308279	NDUFV1	0.26962155	False
2499	3.21851334888796	1.0460928695958884	0.32502362308279	NUDT8	0.26962155	False
2500	3.21851334888796	1.0460928695958884	0.32502362308279	TBX10	0.26962155	False
2501	3.21851334888796	1.0460928695958884	0.32502362308279	ACY3	0.26962155	False
2502	3.21851334888796	1.0460928695958884	0.32502362308279	ALDH3B2	0.26962155	False
2503	3.21851334888796	1.0460928695958884	0.32502362308279	UNC93B1	0.26962155	False
2504	3.21851334888796	1.0460928695958884	0.32502362308279	ALDH3B1	0.26962155	False
2505	3.21851334888796	1.0460928695958884	0.32502362308279	NDUFS8	0.26962155	False
2506	3.21851334888796	1.0460928695958884	0.32502362308279	MIR7113	0.26962155	False
2507	3.21851334888796	1.0460928695958884	0.32502362308279	MIR4691	0.26962155	False
2508	3.21851334888796	1.0460928695958884	0.32502362308279	TCIRG1	0.26962155	False
2509	3.21851334888796	1.0460928695958884	0.32502362308279	MIR6753	0.26962155	False
2510	3.21851334888796	1.0460928695958884	0.32502362308279	CHKA	0.26962155	False
2511	3.38183587396239	2.4791741397159557	0.7330852921644555	LOC100133315	0.2696297	False
2512	3.38183587396239	2.4791741397159557	0.7330852921644555	RNF121	0.2696297	False
2513	3.38183587396239	2.4791741397159557	0.7330852921644555	IL18BP	0.2696297	False
2514	3.38183587396239	2.4791741397159557	0.7330852921644555	NUMA1	0.2696297	False
2515	3.38183587396239	2.4791741397159557	0.7330852921644555	LOC100128494	0.2696297	False
2516	3.38183587396239	2.4791741397159557	0.7330852921644555	MIR3165	0.2696297	False
2517	3.38183587396239	2.4791741397159557	0.7330852921644555	LRTOMT	0.2696297	False
2518	3.38183587396239	2.4791741397159557	0.7330852921644555	LAMTOR1	0.2696297	False
2519	3.38183587396239	2.4791741397159557	0.7330852921644555	ANAPC15	0.2696297	False
2520	3.38183587396239	2.4791741397159557	0.7330852921644555	FOLR3	0.2696297	False
2521	3.38183587396239	2.4791741397159557	0.7330852921644555	FOLR1	0.2696297	False
2522	3.38183587396239	2.4791741397159557	0.7330852921644555	FOLR2	0.2696297	False
2523	3.38183587396239	2.4791741397159557	0.7330852921644555	INPPL1	0.2696297	False
2524	3.38183587396239	2.4791741397159557	0.7330852921644555	PHOX2A	0.2696297	False
2525	3.38183587396239	2.4791741397159557	0.7330852921644555	CLPB	0.2696297	False
2526	3.38183587396239	2.4791741397159557	0.7330852921644555	LINC01537	0.2696297	False
2527	3.38183587396239	2.4791741397159557	0.7330852921644555	PDE2A	0.2696297	False
2528	3.38183587396239	2.4791741397159557	0.7330852921644555	MIR139	0.2696297	False
2529	3.38183587396239	2.4791741397159557	0.7330852921644555	ARAP1	0.2696297	False
2530	3.38183587396239	2.4791741397159557	0.7330852921644555	STARD10	0.2696297	False
2531	3.38183587396239	2.4791741397159557	0.7330852921644555	MIR4692	0.2696297	False
2532	3.38183587396239	2.4791741397159557	0.7330852921644555	ATG16L2	0.2696297	False
2533	3.210955069031703	1.868495599363188	0.5819127204189289	FCHSD2	0.26962537	False
2534	3.210955069031703	1.868495599363188	0.5819127204189289	P2RY2	0.26962537	False
2535	3.210955069031703	1.868495599363188	0.5819127204189289	P2RY6	0.26962537	False
2536	3.210955069031703	1.868495599363188	0.5819127204189289	ARHGEF17	0.26962537	False
2537	3.210955069031703	1.868495599363188	0.5819127204189289	RELT	0.26962537	False
2538	3.210955069031703	1.868495599363188	0.5819127204189289	FAM168A	0.26962537	False
2539	3.210955069031703	1.868495599363188	0.5819127204189289	PLEKHB1	0.26962537	False
2540	3.210955069031703	1.868495599363188	0.5819127204189289	RAB6A	0.26962537	False
2541	3.210955069031703	1.868495599363188	0.5819127204189289	MRPL48	0.26962537	False
2542	3.210955069031703	1.868495599363188	0.5819127204189289	COA4	0.26962537	False
2543	3.561895625941632	2.5143511265651752	0.7059025279272395	LOC101929295	0.2696313	False
2544	3.561895625941632	2.5143511265651752	0.7059025279272395	LOC100129203	0.2696313	False
2545	3.561895625941632	2.5143511265651752	0.7059025279272395	SESN3	0.2696313	False
2546	3.561895625941632	2.5143511265651752	0.7059025279272395	FAM76B	0.2696313	False
2547	3.561895625941632	2.5143511265651752	0.7059025279272395	CEP57	0.2696313	False
2548	3.4556134409959807	2.4054506925130235	0.6960994722313969	MTMR2	0.26963013	False
2549	3.4556134409959807	2.4054506925130235	0.6960994722313969	MAML2	0.26963013	False
2550	3.5785013648185267	2.9033302809843926	0.8113257436557179	MIR1260B	0.2696348	False
2551	3.5785013648185267	2.9033302809843926	0.8113257436557179	CCDC82	0.2696348	False
2552	3.5785013648185267	2.9033302809843926	0.8113257436557179	JRKL	0.2696348	False
2553	3.5785013648185267	2.9033302809843926	0.8113257436557179	JRKL-AS1	0.2696348	False
2554	3.5785013648185267	2.9033302809843926	0.8113257436557179	LOC105369443	0.2696348	False
2555	3.340690315301376	1.5601716535703232	0.4670207371285699	CD9	0.26962468	False
2556	3.340690315301376	1.5601716535703232	0.4670207371285699	PLEKHG6	0.26962468	False
2557	3.340690315301376	1.5601716535703232	0.4670207371285699	TNFRSF1A	0.26962468	False
2558	3.340690315301376	1.5601716535703232	0.4670207371285699	SCNN1A	0.26962468	False
2559	3.340690315301376	1.5601716535703232	0.4670207371285699	LTBR	0.26962468	False
2560	3.340690315301376	1.5601716535703232	0.4670207371285699	CD27-AS1	0.26962468	False
2561	3.340690315301376	1.5601716535703232	0.4670207371285699	CD27	0.26962468	False
2562	3.340690315301376	1.5601716535703232	0.4670207371285699	TAPBPL	0.26962468	False
2563	3.340690315301376	1.5601716535703232	0.4670207371285699	VAMP1	0.26962468	False
2564	3.340690315301376	1.5601716535703232	0.4670207371285699	MRPL51	0.26962468	False
2565	3.340690315301376	1.5601716535703232	0.4670207371285699	NCAPD2	0.26962468	False
2566	3.340690315301376	1.5601716535703232	0.4670207371285699	SCARNA10	0.26962468	False
2567	3.340690315301376	1.5601716535703232	0.4670207371285699	GAPDH	0.26962468	False
2568	3.340690315301376	1.5601716535703232	0.4670207371285699	IFFO1	0.26962468	False
2569	3.340690315301376	1.5601716535703232	0.4670207371285699	NOP2	0.26962468	False
2570	3.340690315301376	1.5601716535703232	0.4670207371285699	CHD4	0.26962468	False
2571	3.340690315301376	1.5601716535703232	0.4670207371285699	SCARNA11	0.26962468	False
2572	3.340690315301376	1.5601716535703232	0.4670207371285699	LPAR5	0.26962468	False
2573	3.340690315301376	1.5601716535703232	0.4670207371285699	ACRBP	0.26962468	False
2574	3.340690315301376	1.5601716535703232	0.4670207371285699	ING4	0.26962468	False
2575	3.340690315301376	1.5601716535703232	0.4670207371285699	ZNF384	0.26962468	False
2576	3.340690315301376	1.5601716535703232	0.4670207371285699	PIANP	0.26962468	False
2577	3.340690315301376	1.5601716535703232	0.4670207371285699	COPS7A	0.26962468	False
2578	3.340690315301376	1.5601716535703232	0.4670207371285699	MLF2	0.26962468	False
2579	3.340690315301376	1.5601716535703232	0.4670207371285699	PTMS	0.26962468	False
2580	3.340690315301376	1.5601716535703232	0.4670207371285699	LAG3	0.26962468	False
2581	3.340690315301376	1.5601716535703232	0.4670207371285699	CD4	0.26962468	False
2582	3.340690315301376	1.5601716535703232	0.4670207371285699	GPR162	0.26962468	False
2583	3.340690315301376	1.5601716535703232	0.4670207371285699	P3H3	0.26962468	False
2584	3.340690315301376	1.5601716535703232	0.4670207371285699	GNB3	0.26962468	False
2585	3.340690315301376	1.5601716535703232	0.4670207371285699	CDCA3	0.26962468	False
2586	3.340690315301376	1.5601716535703232	0.4670207371285699	USP5	0.26962468	False
2587	3.340690315301376	1.5601716535703232	0.4670207371285699	TPI1	0.26962468	False
2588	3.340690315301376	1.5601716535703232	0.4670207371285699	SPSB2	0.26962468	False
2589	3.3160956998301945	1.4930808943983278	0.4502526553967617	LRRC23	0.26962364	False
2590	3.340690315301376	1.5601716535703232	0.4670207371285699	LOC105369632	0.26962468	False
2591	3.3160956998301945	1.4930808943983278	0.4502526553967617	ENO2	0.26962364	False
2592	3.3160956998301945	1.4930808943983278	0.4502526553967617	ATN1	0.26962364	False
2593	3.3160956998301945	1.4930808943983278	0.4502526553967617	C12orf57	0.26962364	False
2594	3.3160956998301945	1.4930808943983278	0.4502526553967617	RNU7-1	0.26962364	False
2595	3.3160956998301945	1.4930808943983278	0.4502526553967617	PTPN6	0.26962364	False
2596	3.3160956998301945	1.4930808943983278	0.4502526553967617	MIR200CHG	0.26962364	False
2597	3.3160956998301945	1.4930808943983278	0.4502526553967617	MIR200C	0.26962364	False
2598	3.3160956998301945	1.4930808943983278	0.4502526553967617	MIR141	0.26962364	False
2599	3.3160956998301945	1.4930808943983278	0.4502526553967617	PHB2	0.26962364	False
2600	3.3160956998301945	1.4930808943983278	0.4502526553967617	SCARNA12	0.26962364	False
2601	3.3160956998301945	1.4930808943983278	0.4502526553967617	EMG1	0.26962364	False
2602	3.3160956998301945	1.4930808943983278	0.4502526553967617	LPCAT3	0.26962364	False
2603	3.3160956998301945	1.4930808943983278	0.4502526553967617	C1S	0.26962364	False
2604	3.3160956998301945	1.4930808943983278	0.4502526553967617	C1R	0.26962364	False
2605	3.3160956998301945	1.4930808943983278	0.4502526553967617	C1RL	0.26962364	False
2606	3.423034944841251	1.852740151676031	0.5412565695445901	C1RL-AS1	0.26962602	False
2607	3.423034944841251	1.852740151676031	0.5412565695445901	RBP5	0.26962602	False
2608	3.423034944841251	1.852740151676031	0.5412565695445901	CLSTN3	0.26962602	False
2609	3.423034944841251	1.852740151676031	0.5412565695445901	PEX5	0.26962602	False
2610	3.423034944841251	1.852740151676031	0.5412565695445901	ACSM4	0.26962602	False
2611	3.423034944841251	1.852740151676031	0.5412565695445901	CD163L1	0.26962602	False
2612	3.423034944841251	1.852740151676031	0.5412565695445901	CD163	0.26962602	False
2613	3.423034944841251	1.852740151676031	0.5412565695445901	APOBEC1	0.26962602	False
2614	3.423034944841251	1.852740151676031	0.5412565695445901	GDF3	0.26962602	False
2615	3.423034944841251	1.852740151676031	0.5412565695445901	DPPA3	0.26962602	False
2616	3.423034944841251	1.852740151676031	0.5412565695445901	CLEC4C	0.26962602	False
2617	3.423034944841251	1.852740151676031	0.5412565695445901	NANOGNB	0.26962602	False
2618	3.423034944841251	1.852740151676031	0.5412565695445901	NANOG	0.26962602	False
2619	3.423034944841251	1.852740151676031	0.5412565695445901	SLC2A14	0.26962602	False
2620	3.502383564140918	1.8158605763558773	0.5184642238924166	SLC2A3	0.26962635	False
2621	3.502383564140918	1.8158605763558773	0.5184642238924166	FOXJ2	0.26962635	False
2622	3.502383564140918	1.8158605763558773	0.5184642238924166	C3AR1	0.26962635	False
2623	3.502383564140918	1.8158605763558773	0.5184642238924166	NECAP1	0.26962635	False
2624	3.6827082867183814	2.3514243981274157	0.6385041157367212	CLEC4A	0.26963055	False
2625	3.6827082867183814	2.3514243981274157	0.6385041157367212	ZNF705A	0.26963055	False
2626	3.6827082867183814	2.3514243981274157	0.6385041157367212	FAM66C	0.26963055	False
2627	3.6827082867183814	2.3514243981274157	0.6385041157367212	FAM90A1	0.26963055	False
2628	3.6827082867183814	2.3514243981274157	0.6385041157367212	LINC02449	0.26963055	False
2629	3.6827082867183814	2.3514243981274157	0.6385041157367212	LINC00937	0.26963055	False
2630	3.6827082867183814	2.3514243981274157	0.6385041157367212	CLEC6A	0.26963055	False
2631	3.6827082867183814	2.3514243981274157	0.6385041157367212	CLEC4D	0.26963055	False
2632	3.6827082867183814	2.3514243981274157	0.6385041157367212	CLEC4E	0.26963055	False
2633	3.6827082867183814	2.3514243981274157	0.6385041157367212	AICDA	0.26963055	False
2634	3.6827082867183814	2.3514243981274157	0.6385041157367212	MFAP5	0.26963055	False
2635	3.6827082867183814	2.3514243981274157	0.6385041157367212	RIMKLB	0.26963055	False
2636	3.6827082867183814	2.3514243981274157	0.6385041157367212	A2ML1	0.26963055	False
2637	3.651670897632677	2.1902561772419613	0.5997956110069698	PHC1	0.26962912	False
2638	3.651670897632677	2.1902561772419613	0.5997956110069698	M6PR	0.26962912	False
2639	3.651670897632677	2.1902561772419613	0.5997956110069698	KLRG1	0.26962912	False
2640	3.651670897632677	2.1902561772419613	0.5997956110069698	LINC00612	0.26962912	False
2641	3.651670897632677	2.1902561772419613	0.5997956110069698	A2M-AS1	0.26962912	False
2642	3.651670897632677	2.1902561772419613	0.5997956110069698	A2M	0.26962912	False
2643	3.7692281145536106	2.5536574153529767	0.6775014240960596	PZP	0.2696322	False
2644	3.7692281145536106	2.5536574153529767	0.6775014240960596	LINC00987	0.2696322	False
2645	3.7692281145536106	2.5536574153529767	0.6775014240960596	LINC02367	0.2696322	False
2646	3.7692281145536106	2.5536574153529767	0.6775014240960596	KLRB1	0.2696322	False
2647	3.7692281145536106	2.5536574153529767	0.6775014240960596	LOC374443	0.2696322	False
2648	3.7692281145536106	2.5536574153529767	0.6775014240960596	CLEC2D	0.2696322	False
2649	3.7692281145536106	2.5536574153529767	0.6775014240960596	CLECL1	0.2696322	False
2650	3.7692281145536106	2.5536574153529767	0.6775014240960596	CD69	0.2696322	False
2651	3.7692281145536106	2.5536574153529767	0.6775014240960596	KLRF1	0.2696322	False
2652	3.7692281145536106	2.5536574153529767	0.6775014240960596	CLEC2B	0.2696322	False
2653	3.7692281145536106	2.5536574153529767	0.6775014240960596	KLRF2	0.2696322	False
2654	3.6071719825281052	2.209762250019596	0.6126024100660908	CLEC2A	0.26962897	False
2655	3.6071719825281052	2.209762250019596	0.6126024100660908	LINC02470	0.26962897	False
2656	3.6071719825281052	2.209762250019596	0.6126024100660908	CLEC12A-AS1	0.26962897	False
2657	3.6071719825281052	2.209762250019596	0.6126024100660908	CLEC12A	0.26962897	False
2658	3.6071719825281052	2.209762250019596	0.6126024100660908	CLEC1B	0.26962897	False
2659	3.6071719825281052	2.209762250019596	0.6126024100660908	CLEC12B	0.26962897	False
2660	3.6071719825281052	2.209762250019596	0.6126024100660908	LOC102724020	0.26962897	False
2661	3.6071719825281052	2.209762250019596	0.6126024100660908	CLEC9A	0.26962897	False
2662	3.6071719825281052	2.209762250019596	0.6126024100660908	CLEC1A	0.26962897	False
2663	3.694241127815361	2.4719984696164974	0.6691491930518209	CLEC7A	0.26963156	False
2664	3.694241127815361	2.4719984696164974	0.6691491930518209	OLR1	0.26963156	False
2665	3.694241127815361	2.4719984696164974	0.6691491930518209	TMEM52B	0.26963156	False
2666	3.694241127815361	2.4719984696164974	0.6691491930518209	GABARAPL1	0.26963156	False
2667	3.694241127815361	2.4719984696164974	0.6691491930518209	KLRD1	0.26963156	False
2668	3.694241127815361	2.4719984696164974	0.6691491930518209	LOC101928100	0.26963156	False
2669	3.694241127815361	2.4719984696164974	0.6691491930518209	KLRK1	0.26963156	False
2670	3.694241127815361	2.4719984696164974	0.6691491930518209	KLRC4-KLRK1	0.26963156	False
2671	3.694241127815361	2.4719984696164974	0.6691491930518209	KLRC4	0.26963156	False
2672	3.694241127815361	2.4719984696164974	0.6691491930518209	KLRC3	0.26963156	False
2673	3.694241127815361	2.4719984696164974	0.6691491930518209	KLRC2	0.26963156	False
2674	3.694241127815361	2.4719984696164974	0.6691491930518209	KLRC1	0.26963156	False
2675	3.694241127815361	2.4719984696164974	0.6691491930518209	MAGOHB	0.26963156	False
2676	3.694241127815361	2.4719984696164974	0.6691491930518209	STYK1	0.26963156	False
2677	3.694241127815361	2.4719984696164974	0.6691491930518209	YBX3	0.26963156	False
2678	3.694241127815361	2.4719984696164974	0.6691491930518209	LINC02366	0.26963156	False
2679	3.694241127815361	2.4719984696164974	0.6691491930518209	TAS2R7	0.26963156	False
2680	3.694241127815361	2.4719984696164974	0.6691491930518209	TAS2R8	0.26963156	False
2681	3.694241127815361	2.4719984696164974	0.6691491930518209	TAS2R9	0.26963156	False
2682	3.4118276800807426	1.905113123713944	0.5583849192726107	PRH1	0.26962635	False
2683	3.694241127815361	2.4719984696164974	0.6691491930518209	TAS2R10	0.26963156	False
2684	3.694241127815361	2.4719984696164974	0.6691491930518209	PRR4	0.26963156	False
2685	3.4118276800807426	1.905113123713944	0.5583849192726107	PRH1-PRR4	0.26962635	False
2686	3.4118276800807426	1.905113123713944	0.5583849192726107	TAS2R13	0.26962635	False
2687	3.4118276800807426	1.905113123713944	0.5583849192726107	PRH2	0.26962635	False
2688	3.4118276800807426	1.905113123713944	0.5583849192726107	TAS2R14	0.26962635	False
2689	3.4118276800807426	1.905113123713944	0.5583849192726107	PRH1-TAS2R14	0.26962635	False
2690	3.4118276800807426	1.905113123713944	0.5583849192726107	TAS2R50	0.26962635	False
2691	3.4118276800807426	1.905113123713944	0.5583849192726107	TAS2R20	0.26962635	False
2692	3.4118276800807426	1.905113123713944	0.5583849192726107	TAS2R19	0.26962635	False
2693	3.4118276800807426	1.905113123713944	0.5583849192726107	TAS2R31	0.26962635	False
2694	3.4118276800807426	1.905113123713944	0.5583849192726107	TAS2R46	0.26962635	False
2695	3.4118276800807426	1.905113123713944	0.5583849192726107	TAS2R43	0.26962635	False
2696	3.2693081666960677	1.6473229849615394	0.5038751016935514	BCL2L14	0.26962572	False
2697	3.4275535777580477	2.3154591433324305	0.6755428006604539	ATF7IP	0.26963028	False
2698	3.4275535777580477	2.3154591433324305	0.6755428006604539	PLBD1	0.26963028	False
2699	3.4275535777580477	2.3154591433324305	0.6755428006604539	PLBD1-AS1	0.26963028	False
2700	3.4275535777580477	2.3154591433324305	0.6755428006604539	GUCY2C	0.26963028	False
2701	3.4275535777580477	2.3154591433324305	0.6755428006604539	HIST4H4	0.26963028	False
2702	3.4275535777580477	2.3154591433324305	0.6755428006604539	H2AFJ	0.26963028	False
2703	3.4275535777580477	2.3154591433324305	0.6755428006604539	WBP11	0.26963028	False
2704	3.4275535777580477	2.3154591433324305	0.6755428006604539	SMCO3	0.26963028	False
2705	3.4275535777580477	2.3154591433324305	0.6755428006604539	ART4	0.26963028	False
2706	3.4275535777580477	2.3154591433324305	0.6755428006604539	MGP	0.26963028	False
2707	3.3745575066758815	1.8536458676619185	0.5493004235354869	ANO6	0.26962736	False
2708	3.3745575066758815	1.8536458676619185	0.5493004235354869	LINC00938	0.26962736	False
2709	3.311648144864193	1.5706377710974342	0.47427676564408816	ARID2	0.26962498	False
2710	3.311648144864193	1.5706377710974342	0.47427676564408816	SCAF11	0.26962498	False
2711	3.3845306175522114	1.6922817518678188	0.5000048583078633	SLC38A1	0.2696261	False
2712	3.3845306175522114	1.6922817518678188	0.5000048583078633	SLC38A2	0.2696261	False
2713	3.3845306175522114	1.6922817518678188	0.5000048583078633	LOC100288798	0.2696261	False
2714	3.3845306175522114	1.6922817518678188	0.5000048583078633	SLC38A4	0.2696261	False
2715	3.283514006864065	1.3667618542706237	0.4162497408000875	AMIGO2	0.2696238	False
2716	3.283514006864065	1.3667618542706237	0.4162497408000875	PCED1B	0.2696238	False
2717	3.3170474186655934	1.448267708812415	0.4366135077426885	MIR4698	0.26962388	False
2718	3.3170474186655934	1.448267708812415	0.4366135077426885	PCED1B-AS1	0.26962388	False
2719	3.3170474186655934	1.448267708812415	0.4366135077426885	MIR4494	0.26962388	False
2720	3.3170474186655934	1.448267708812415	0.4366135077426885	RPAP3	0.26962388	False
2721	3.3170474186655934	1.448267708812415	0.4366135077426885	ENDOU	0.26962388	False
2722	3.3170474186655934	1.448267708812415	0.4366135077426885	RAPGEF3	0.26962388	False
2723	3.3170474186655934	1.448267708812415	0.4366135077426885	SLC48A1	0.26962388	False
2724	3.3170474186655934	1.448267708812415	0.4366135077426885	HDAC7	0.26962388	False
2725	3.290043110696778	1.2132161618875386	0.3687538798330819	VDR	0.26962256	False
2726	3.290043110696778	1.2132161618875386	0.3687538798330819	TMEM106C	0.26962256	False
2727	3.290043110696778	1.2132161618875386	0.3687538798330819	COL2A1	0.26962256	False
2728	3.290043110696778	1.2132161618875386	0.3687538798330819	SENP1	0.26962256	False
2729	3.343455520409222	1.2769645650327663	0.3819295807101009	PFKM	0.26962346	False
2730	3.343455520409222	1.2769645650327663	0.3819295807101009	MIR6505	0.26962346	False
2731	3.343455520409222	1.2769645650327663	0.3819295807101009	ASB8	0.26962346	False
2732	3.343455520409222	1.2769645650327663	0.3819295807101009	CCDC184	0.26962346	False
2733	3.343455520409222	1.2769645650327663	0.3819295807101009	OR10AD1	0.26962346	False
2734	3.343455520409222	1.2769645650327663	0.3819295807101009	H1FNT	0.26962346	False
2735	3.343455520409222	1.2769645650327663	0.3819295807101009	ZNF641	0.26962346	False
2736	3.343455520409222	1.2769645650327663	0.3819295807101009	ANP32D	0.26962346	False
2737	3.343455520409222	1.2769645650327663	0.3819295807101009	C12orf54	0.26962346	False
2738	3.343455520409222	1.2769645650327663	0.3819295807101009	OR8S1	0.26962346	False
2739	3.343455520409222	1.2769645650327663	0.3819295807101009	LALBA	0.26962346	False
2740	3.343455520409222	1.2769645650327663	0.3819295807101009	KANSL2	0.26962346	False
2741	3.343455520409222	1.2769645650327663	0.3819295807101009	SNORA2C	0.26962346	False
2742	3.343455520409222	1.2769645650327663	0.3819295807101009	SNORA2A	0.26962346	False
2743	3.343455520409222	1.2769645650327663	0.3819295807101009	SNORA2B	0.26962346	False
2744	3.343455520409222	1.2769645650327663	0.3819295807101009	CCNT1	0.26962346	False
2745	3.343455520409222	1.2769645650327663	0.3819295807101009	TEX49	0.26962346	False
2746	3.343455520409222	1.2769645650327663	0.3819295807101009	ADCY6	0.26962346	False
2747	3.343455520409222	1.2769645650327663	0.3819295807101009	MIR4701	0.26962346	False
2748	3.343455520409222	1.2769645650327663	0.3819295807101009	LOC100506125	0.26962346	False
2749	3.343455520409222	1.2769645650327663	0.3819295807101009	CACNB3	0.26962346	False
2750	3.343455520409222	1.2769645650327663	0.3819295807101009	DDX23	0.26962346	False
2751	3.343455520409222	1.2769645650327663	0.3819295807101009	RND1	0.26962346	False
2752	3.291081417509089	1.1702655483470796	0.355586933255761	ARF3	0.26962256	False
2753	3.291081417509089	1.1702655483470796	0.355586933255761	CCDC65	0.26962256	False
2754	3.291081417509089	1.1702655483470796	0.355586933255761	FKBP11	0.26962256	False
2755	3.291081417509089	1.1702655483470796	0.355586933255761	WNT10B	0.26962256	False
2756	3.291081417509089	1.1702655483470796	0.355586933255761	WNT1	0.26962256	False
2757	3.291081417509089	1.1702655483470796	0.355586933255761	DDN	0.26962256	False
2758	3.291081417509089	1.1702655483470796	0.355586933255761	PRKAG1	0.26962256	False
2759	3.291081417509089	1.1702655483470796	0.355586933255761	KMT2D	0.26962256	False
2760	3.291081417509089	1.1702655483470796	0.355586933255761	RHEBL1	0.26962256	False
2761	3.291081417509089	1.1702655483470796	0.355586933255761	DHH	0.26962256	False
2762	3.291081417509089	1.1702655483470796	0.355586933255761	LMBR1L	0.26962256	False
2763	3.287891611142687	1.3282529340686333	0.40398318775691244	TUBA1B	0.26962262	False
2764	3.287891611142687	1.3282529340686333	0.40398318775691244	TUBA1A	0.26962262	False
2765	3.287891611142687	1.3282529340686333	0.40398318775691244	TUBA1C	0.26962262	False
2766	3.287891611142687	1.3282529340686333	0.40398318775691244	LOC101927267	0.26962262	False
2767	3.287891611142687	1.3282529340686333	0.40398318775691244	PRPH	0.26962262	False
2768	3.287891611142687	1.3282529340686333	0.40398318775691244	TROAP	0.26962262	False
2769	3.287891611142687	1.3282529340686333	0.40398318775691244	C1QL4	0.26962262	False
2770	3.287891611142687	1.3282529340686333	0.40398318775691244	DNAJC22	0.26962262	False
2771	3.287891611142687	1.3282529340686333	0.40398318775691244	SPATS2	0.26962262	False
2772	3.287891611142687	1.3282529340686333	0.40398318775691244	KCNH3	0.26962262	False
2773	3.287891611142687	1.3282529340686333	0.40398318775691244	MCRS1	0.26962262	False
2774	3.287891611142687	1.3282529340686333	0.40398318775691244	PRPF40B	0.26962262	False
2775	3.287891611142687	1.3282529340686333	0.40398318775691244	FAM186B	0.26962262	False
2776	3.287891611142687	1.3282529340686333	0.40398318775691244	FMNL3	0.26962262	False
2777	3.287891611142687	1.3282529340686333	0.40398318775691244	TMBIM6	0.26962262	False
2778	3.287891611142687	1.3282529340686333	0.40398318775691244	NCKAP5L	0.26962262	False
2779	3.287891611142687	1.3282529340686333	0.40398318775691244	BCDIN3D-AS1	0.26962262	False
2780	3.287891611142687	1.3282529340686333	0.40398318775691244	BCDIN3D	0.26962262	False
2781	3.1087815766865323	1.198575074516498	0.38554496189275184	FAIM2	0.26962152	False
2782	3.1087815766865323	1.198575074516498	0.38554496189275184	LINC02396	0.26962152	False
2783	3.1087815766865323	1.198575074516498	0.38554496189275184	LINC02395	0.26962152	False
2784	3.1087815766865323	1.198575074516498	0.38554496189275184	AQP2	0.26962152	False
2785	3.1087815766865323	1.198575074516498	0.38554496189275184	LOC101927318	0.26962152	False
2786	3.1087815766865323	1.198575074516498	0.38554496189275184	AQP5	0.26962152	False
2787	3.1087815766865323	1.198575074516498	0.38554496189275184	AQP6	0.26962152	False
2788	3.1087815766865323	1.198575074516498	0.38554496189275184	RACGAP1	0.26962152	False
2789	3.1087815766865323	1.198575074516498	0.38554496189275184	ASIC1	0.26962152	False
2790	3.1087815766865323	1.198575074516498	0.38554496189275184	SMARCD1	0.26962152	False
2791	3.1151530357833432	1.3716172801560826	0.4403049430960533	GPD1	0.26962268	False
2792	3.1151530357833432	1.3716172801560826	0.4403049430960533	COX14	0.26962268	False
2793	3.1151530357833432	1.3716172801560826	0.4403049430960533	CERS5	0.26962268	False
2794	3.1151530357833432	1.3716172801560826	0.4403049430960533	LIMA1	0.26962268	False
2795	3.1151530357833432	1.3716172801560826	0.4403049430960533	MIR1293	0.26962268	False
2796	3.1151530357833432	1.3716172801560826	0.4403049430960533	FAM186A	0.26962268	False
2797	3.1151530357833432	1.3716172801560826	0.4403049430960533	LARP4	0.26962268	False
2798	3.1151530357833432	1.3716172801560826	0.4403049430960533	DIP2B	0.26962268	False
2799	3.1151530357833432	1.3716172801560826	0.4403049430960533	ATF1	0.26962268	False
2800	3.1151530357833432	1.3716172801560826	0.4403049430960533	TMPRSS12	0.26962268	False
2801	3.0525231956894774	1.1897531735924765	0.38976056767481676	METTL7A	0.2696218	False
2802	3.0525231956894774	1.1897531735924765	0.38976056767481676	HIGD1C	0.2696218	False
2803	3.0525231956894774	1.1897531735924765	0.38976056767481676	SLC11A2	0.2696218	False
2804	3.0525231956894774	1.1897531735924765	0.38976056767481676	LETMD1	0.2696218	False
2805	3.0525231956894774	1.1897531735924765	0.38976056767481676	CSRNP2	0.2696218	False
2806	3.0525231956894774	1.1897531735924765	0.38976056767481676	TFCP2	0.2696218	False
2807	3.1385008846475526	1.1105982246942772	0.3538626451013396	KRT8	0.26962188	False
2808	3.1385008846475526	1.1105982246942772	0.3538626451013396	KRT18	0.26962188	False
2809	3.1385008846475526	1.1105982246942772	0.3538626451013396	EIF4B	0.26962188	False
2810	3.1385008846475526	1.1105982246942772	0.3538626451013396	LOC283335	0.26962188	False
2811	3.1385008846475526	1.1105982246942772	0.3538626451013396	TNS2	0.26962188	False
2812	3.1385008846475526	1.1105982246942772	0.3538626451013396	MIR6757	0.26962188	False
2813	3.1385008846475526	1.1105982246942772	0.3538626451013396	SPRYD3	0.26962188	False
2814	3.1385008846475526	1.1105982246942772	0.3538626451013396	IGFBP6	0.26962188	False
2815	3.351983092317591	1.2209382472918207	0.36424355781808343	SOAT2	0.2696232	False
2816	3.351983092317591	1.2209382472918207	0.36424355781808343	CSAD	0.2696232	False
2817	3.351983092317591	1.2209382472918207	0.36424355781808343	ZNF740	0.2696232	False
2818	3.351983092317591	1.2209382472918207	0.36424355781808343	ITGB7	0.2696232	False
2819	3.351983092317591	1.2209382472918207	0.36424355781808343	RARG	0.2696232	False
2820	3.351983092317591	1.2209382472918207	0.36424355781808343	MFSD5	0.2696232	False
2821	3.351983092317591	1.2209382472918207	0.36424355781808343	ESPL1	0.2696232	False
2822	3.351983092317591	1.2209382472918207	0.36424355781808343	PFDN5	0.2696232	False
2823	3.351983092317591	1.2209382472918207	0.36424355781808343	C12orf10	0.2696232	False
2824	3.351983092317591	1.2209382472918207	0.36424355781808343	AAAS	0.2696232	False
2825	3.351983092317591	1.2209382472918207	0.36424355781808343	SP7	0.2696232	False
2826	3.351983092317591	1.2209382472918207	0.36424355781808343	SP1	0.2696232	False
2827	3.351983092317591	1.2209382472918207	0.36424355781808343	AMHR2	0.2696232	False
2828	3.351983092317591	1.2209382472918207	0.36424355781808343	PRR13	0.2696232	False
2829	3.351983092317591	1.2209382472918207	0.36424355781808343	PCBP2	0.2696232	False
2830	3.351983092317591	1.2209382472918207	0.36424355781808343	PCBP2-OT1	0.2696232	False
2831	3.351983092317591	1.2209382472918207	0.36424355781808343	MAP3K12	0.2696232	False
2832	3.351983092317591	1.2209382472918207	0.36424355781808343	TARBP2	0.2696232	False
2833	3.351983092317591	1.2209382472918207	0.36424355781808343	NPFF	0.2696232	False
2834	3.351983092317591	1.2209382472918207	0.36424355781808343	ATF7	0.2696232	False
2835	3.351983092317591	1.2209382472918207	0.36424355781808343	LOC100652999	0.2696232	False
2836	3.351983092317591	1.2209382472918207	0.36424355781808343	ATP5MC2	0.2696232	False
2837	3.351983092317591	1.2209382472918207	0.36424355781808343	CALCOCO1	0.2696232	False
2838	3.351983092317591	1.2209382472918207	0.36424355781808343	CISTR	0.2696232	False
2839	3.492706942419222	1.0868715774368003	0.31118315832246124	HOXC13-AS	0.26962328	False
2840	3.492706942419222	1.0868715774368003	0.31118315832246124	HOXC13	0.26962328	False
2841	3.492706942419222	1.0868715774368003	0.31118315832246124	HOXC12	0.26962328	False
2842	3.492706942419222	1.0868715774368003	0.31118315832246124	HOTAIR	0.26962328	False
2843	3.492706942419222	1.0868715774368003	0.31118315832246124	HOXC11	0.26962328	False
2844	3.492706942419222	1.0868715774368003	0.31118315832246124	HOXC-AS3	0.26962328	False
2845	3.492706942419222	1.0868715774368003	0.31118315832246124	HOXC10	0.26962328	False
2846	3.492706942419222	1.0868715774368003	0.31118315832246124	HOXC5	0.26962328	False
2847	3.492706942419222	1.0868715774368003	0.31118315832246124	HOXC6	0.26962328	False
2848	3.492706942419222	1.0868715774368003	0.31118315832246124	MIR196A2	0.26962328	False
2849	3.492706942419222	1.0868715774368003	0.31118315832246124	HOXC9	0.26962328	False
2850	3.492706942419222	1.0868715774368003	0.31118315832246124	HOXC-AS2	0.26962328	False
2851	3.492706942419222	1.0868715774368003	0.31118315832246124	HOXC-AS1	0.26962328	False
2852	3.492706942419222	1.0868715774368003	0.31118315832246124	HOXC8	0.26962328	False
2853	3.492706942419222	1.0868715774368003	0.31118315832246124	HOXC4	0.26962328	False
2854	3.492706942419222	1.0868715774368003	0.31118315832246124	MIR615	0.26962328	False
2855	3.492706942419222	1.0868715774368003	0.31118315832246124	FLJ12825	0.26962328	False
2856	3.6883419864911255	1.3209040197735564	0.3581294859889573	SMUG1	0.26962546	False
2857	3.6883419864911255	1.3209040197735564	0.3581294859889573	LINC02381	0.26962546	False
2858	3.6883419864911255	1.3209040197735564	0.3581294859889573	CBX5	0.26962546	False
2859	3.6883419864911255	1.3209040197735564	0.3581294859889573	MIR3198-2	0.26962546	False
2860	3.6883419864911255	1.3209040197735564	0.3581294859889573	HNRNPA1	0.26962546	False
2861	3.6883419864911255	1.3209040197735564	0.3581294859889573	NFE2	0.26962546	False
2862	3.6883419864911255	1.3209040197735564	0.3581294859889573	COPZ1	0.26962546	False
2863	3.6883419864911255	1.3209040197735564	0.3581294859889573	MIR148B	0.26962546	False
2864	3.6883419864911255	1.3209040197735564	0.3581294859889573	LOC102724050	0.26962546	False
2865	3.6883419864911255	1.3209040197735564	0.3581294859889573	GPR84	0.26962546	False
2866	3.6883419864911255	1.3209040197735564	0.3581294859889573	ZNF385A	0.26962546	False
2867	3.6883419864911255	1.3209040197735564	0.3581294859889573	ITGA5	0.26962546	False
2868	3.6883419864911255	1.3209040197735564	0.3581294859889573	GTSF1	0.26962546	False
2869	3.6883419864911255	1.3209040197735564	0.3581294859889573	NCKAP1L	0.26962546	False
2870	3.6883419864911255	1.3209040197735564	0.3581294859889573	PDE1B	0.26962546	False
2871	3.6883419864911255	1.3209040197735564	0.3581294859889573	PPP1R1A	0.26962546	False
2872	3.6883419864911255	1.3209040197735564	0.3581294859889573	LACRT	0.26962546	False
2873	3.6883419864911255	1.3209040197735564	0.3581294859889573	DCD	0.26962546	False
2874	3.6883419864911255	1.3209040197735564	0.3581294859889573	MUCL1	0.26962546	False
2875	3.8230588934819347	1.3005469657430266	0.34018491526781713	TESPA1	0.2696267	False
2876	3.8230588934819347	1.3005469657430266	0.34018491526781713	NEUROD4	0.2696267	False
2877	4.164691563510306	1.7681368842522576	0.4245541013755032	OR9K2	0.2696316	False
2878	4.164691563510306	1.7681368842522576	0.4245541013755032	OR10A7	0.2696316	False
2879	4.164691563510306	1.7681368842522576	0.4245541013755032	OR6C74	0.2696316	False
2880	4.164691563510306	1.7681368842522576	0.4245541013755032	OR6C6	0.2696316	False
2881	4.164691563510306	1.7681368842522576	0.4245541013755032	OR6C1	0.2696316	False
2882	4.164691563510306	1.7681368842522576	0.4245541013755032	OR6C3	0.2696316	False
2883	4.164691563510306	1.7681368842522576	0.4245541013755032	OR6C75	0.2696316	False
2884	4.164691563510306	1.7681368842522576	0.4245541013755032	OR6C65	0.2696316	False
2885	4.164691563510306	1.7681368842522576	0.4245541013755032	OR6C76	0.2696316	False
2886	4.164691563510306	1.7681368842522576	0.4245541013755032	OR6C2	0.2696316	False
2887	4.164691563510306	1.7681368842522576	0.4245541013755032	OR6C70	0.2696316	False
2888	4.164691563510306	1.7681368842522576	0.4245541013755032	OR6C68	0.2696316	False
2889	4.164691563510306	1.7681368842522576	0.4245541013755032	OR6C4	0.2696316	False
2890	4.164691563510306	1.7681368842522576	0.4245541013755032	OR2AP1	0.2696316	False
2891	4.164691563510306	1.7681368842522576	0.4245541013755032	OR10P1	0.2696316	False
2892	4.164691563510306	1.7681368842522576	0.4245541013755032	METTL7B	0.2696316	False
2893	4.164691563510306	1.7681368842522576	0.4245541013755032	ITGA7	0.2696316	False
2894	4.164691563510306	1.7681368842522576	0.4245541013755032	BLOC1S1-RDH5	0.2696316	False
2895	4.164691563510306	1.7681368842522576	0.4245541013755032	BLOC1S1	0.2696316	False
2896	4.164691563510306	1.7681368842522576	0.4245541013755032	RDH5	0.2696316	False
2897	4.164691563510306	1.7681368842522576	0.4245541013755032	CD63	0.2696316	False
2898	4.164691563510306	1.7681368842522576	0.4245541013755032	GDF11	0.2696316	False
2899	4.164691563510306	1.7681368842522576	0.4245541013755032	SARNP	0.2696316	False
2900	4.164691563510306	1.7681368842522576	0.4245541013755032	DNAJC14	0.2696316	False
2901	4.164691563510306	1.7681368842522576	0.4245541013755032	ORMDL2	0.2696316	False
2902	4.164691563510306	1.7681368842522576	0.4245541013755032	MMP19	0.2696316	False
2903	4.116895319000391	1.5934649670022207	0.38705501197662817	PYM1	0.26963004	False
2904	4.116895319000391	1.5934649670022207	0.38705501197662817	DGKA	0.26963004	False
2905	4.116895319000391	1.5934649670022207	0.38705501197662817	PMEL	0.26963004	False
2906	4.116895319000391	1.5934649670022207	0.38705501197662817	CDK2	0.26963004	False
2907	4.116895319000391	1.5934649670022207	0.38705501197662817	RAB5B	0.26963004	False
2908	4.116895319000391	1.5934649670022207	0.38705501197662817	SUOX	0.26963004	False
2909	4.116895319000391	1.5934649670022207	0.38705501197662817	IKZF4	0.26963004	False
2910	4.116895319000391	1.5934649670022207	0.38705501197662817	RPS26	0.26963004	False
2911	4.116895319000391	1.5934649670022207	0.38705501197662817	ERBB3	0.26963004	False
2912	4.186163072331927	1.8454431309077786	0.44084358373544286	PA2G4	0.26963174	False
2913	4.186163072331927	1.8454431309077786	0.44084358373544286	RPL41	0.26963174	False
2914	4.186163072331927	1.8454431309077786	0.44084358373544286	ZC3H10	0.26963174	False
2915	4.186163072331927	1.8454431309077786	0.44084358373544286	ESYT1	0.26963174	False
2916	4.186163072331927	1.8454431309077786	0.44084358373544286	MYL6B	0.26963174	False
2917	4.186163072331927	1.8454431309077786	0.44084358373544286	MYL6	0.26963174	False
2918	4.186163072331927	1.8454431309077786	0.44084358373544286	SMARCC2	0.26963174	False
2919	4.186163072331927	1.8454431309077786	0.44084358373544286	RNF41	0.26963174	False
2920	4.186163072331927	1.8454431309077786	0.44084358373544286	NABP2	0.26963174	False
2921	4.186163072331927	1.8454431309077786	0.44084358373544286	SLC39A5	0.26963174	False
2922	4.186163072331927	1.8454431309077786	0.44084358373544286	ANKRD52	0.26963174	False
2923	4.186163072331927	1.8454431309077786	0.44084358373544286	COQ10A	0.26963174	False
2924	4.186163072331927	1.8454431309077786	0.44084358373544286	CS	0.26963174	False
2925	4.186163072331927	1.8454431309077786	0.44084358373544286	CNPY2	0.26963174	False
2926	4.186163072331927	1.8454431309077786	0.44084358373544286	PAN2	0.26963174	False
2927	4.186163072331927	1.8454431309077786	0.44084358373544286	IL23A	0.26963174	False
2928	4.186163072331927	1.8454431309077786	0.44084358373544286	STAT2	0.26963174	False
2929	4.186163072331927	1.8454431309077786	0.44084358373544286	APOF	0.26963174	False
2930	4.186163072331927	1.8454431309077786	0.44084358373544286	TIMELESS	0.26963174	False
2931	4.186163072331927	1.8454431309077786	0.44084358373544286	MIP	0.26963174	False
2932	4.186163072331927	1.8454431309077786	0.44084358373544286	SPRYD4	0.26963174	False
2933	4.186163072331927	1.8454431309077786	0.44084358373544286	GLS2	0.26963174	False
2934	4.186163072331927	1.8454431309077786	0.44084358373544286	RBMS2	0.26963174	False
2935	4.186163072331927	1.8454431309077786	0.44084358373544286	BAZ2A	0.26963174	False
2936	4.186163072331927	1.8454431309077786	0.44084358373544286	ATP5F1B	0.26963174	False
2937	4.186163072331927	1.8454431309077786	0.44084358373544286	SNORD59A	0.26963174	False
2938	4.186163072331927	1.8454431309077786	0.44084358373544286	PTGES3	0.26963174	False
2939	4.186163072331927	1.8454431309077786	0.44084358373544286	NACA	0.26963174	False
2940	4.186163072331927	1.8454431309077786	0.44084358373544286	PRIM1	0.26963174	False
2941	4.186163072331927	1.8454431309077786	0.44084358373544286	HSD17B6	0.26963174	False
2942	4.08250092567245	1.7966460730908396	0.44008467010816527	SDR9C7	0.269631	False
2943	4.08250092567245	1.7966460730908396	0.44008467010816527	RDH16	0.269631	False
2944	4.08250092567245	1.7966460730908396	0.44008467010816527	GPR182	0.269631	False
2945	4.08250092567245	1.7966460730908396	0.44008467010816527	ZBTB39	0.269631	False
2946	4.08250092567245	1.7966460730908396	0.44008467010816527	TAC3	0.269631	False
2947	4.08250092567245	1.7966460730908396	0.44008467010816527	MYO1A	0.269631	False
2948	4.08250092567245	1.7966460730908396	0.44008467010816527	NEMP1	0.269631	False
2949	4.08250092567245	1.7966460730908396	0.44008467010816527	NAB2	0.269631	False
2950	4.08250092567245	1.7966460730908396	0.44008467010816527	STAT6	0.269631	False
2951	4.130599374569369	2.0785228652066916	0.5032012734043919	LRP1	0.26963326	False
2952	4.130599374569369	2.0785228652066916	0.5032012734043919	LRP1-AS	0.26963326	False
2953	4.130599374569369	2.0785228652066916	0.5032012734043919	MIR1228	0.26963326	False
2954	4.130599374569369	2.0785228652066916	0.5032012734043919	NXPH4	0.26963326	False
2955	4.130599374569369	2.0785228652066916	0.5032012734043919	SHMT2	0.26963326	False
2956	4.130599374569369	2.0785228652066916	0.5032012734043919	NDUFA4L2	0.26963326	False
2957	4.130599374569369	2.0785228652066916	0.5032012734043919	STAC3	0.26963326	False
2958	4.130599374569369	2.0785228652066916	0.5032012734043919	R3HDM2	0.26963326	False
2959	4.130599374569369	2.0785228652066916	0.5032012734043919	INHBC	0.26963326	False
2960	4.130599374569369	2.0785228652066916	0.5032012734043919	INHBE	0.26963326	False
2961	4.130599374569369	2.0785228652066916	0.5032012734043919	GLI1	0.26963326	False
2962	4.130599374569369	2.0785228652066916	0.5032012734043919	ARHGAP9	0.26963326	False
2963	4.130599374569369	2.0785228652066916	0.5032012734043919	MARS	0.26963326	False
2964	4.130599374569369	2.0785228652066916	0.5032012734043919	MIR6758	0.26963326	False
2965	4.130599374569369	2.0785228652066916	0.5032012734043919	DDIT3	0.26963326	False
2966	4.130599374569369	2.0785228652066916	0.5032012734043919	MIR616	0.26963326	False
2967	4.130599374569369	2.0785228652066916	0.5032012734043919	MBD6	0.26963326	False
2968	4.130599374569369	2.0785228652066916	0.5032012734043919	DCTN2	0.26963326	False
2969	4.130599374569369	2.0785228652066916	0.5032012734043919	KIF5A	0.26963326	False
2970	4.130599374569369	2.0785228652066916	0.5032012734043919	PIP4K2C	0.26963326	False
2971	4.130599374569369	2.0785228652066916	0.5032012734043919	DTX3	0.26963326	False
2972	4.130599374569369	2.0785228652066916	0.5032012734043919	ARHGEF25	0.26963326	False
2973	4.130599374569369	2.0785228652066916	0.5032012734043919	SLC26A10	0.26963326	False
2974	4.130599374569369	2.0785228652066916	0.5032012734043919	B4GALNT1	0.26963326	False
2975	4.130599374569369	2.0785228652066916	0.5032012734043919	OS9	0.26963326	False
2976	4.130599374569369	2.0785228652066916	0.5032012734043919	AGAP2	0.26963326	False
2977	4.130599374569369	2.0785228652066916	0.5032012734043919	AGAP2-AS1	0.26963326	False
2978	4.130599374569369	2.0785228652066916	0.5032012734043919	TSPAN31	0.26963326	False
2979	4.130599374569369	2.0785228652066916	0.5032012734043919	CDK4	0.26963326	False
2980	4.130599374569369	2.0785228652066916	0.5032012734043919	MARCH9	0.26963326	False
2981	4.130599374569369	2.0785228652066916	0.5032012734043919	CYP27B1	0.26963326	False
2982	4.130599374569369	2.0785228652066916	0.5032012734043919	METTL1	0.26963326	False
2983	4.130599374569369	2.0785228652066916	0.5032012734043919	EEF1AKMT3	0.26963326	False
2984	4.130599374569369	2.0785228652066916	0.5032012734043919	TSFM	0.26963326	False
2985	4.130599374569369	2.0785228652066916	0.5032012734043919	AVIL	0.26963326	False
2986	4.130599374569369	2.0785228652066916	0.5032012734043919	CTDSP2	0.26963326	False
2987	4.130599374569369	2.0785228652066916	0.5032012734043919	MIR26A2	0.26963326	False
2988	3.6151532807992397	1.6919627216924398	0.4680196357589518	GIHCG	0.2696269	False
2989	3.6151532807992397	1.6919627216924398	0.4680196357589518	ATP23	0.2696269	False
2990	3.6151532807992397	1.6919627216924398	0.4680196357589518	LINC02403	0.2696269	False
2991	3.4270349515161853	1.7979978041893951	0.5246511429344853	LOC100506869	0.26962683	False
2992	3.4270349515161853	1.7979978041893951	0.5246511429344853	LINC02388	0.26962683	False
2993	3.2672712168890294	1.8169178902007181	0.5560964393799905	LRIG3	0.26962635	False
2994	3.3432198080088997	1.8241808635363677	0.5456359343069289	LOC102724421	0.26962698	False
2995	3.5184401221267407	2.10285869641835	0.5976678935628057	CAND1	0.26962882	False
2996	3.5184401221267407	2.10285869641835	0.5976678935628057	LINC02408	0.26962882	False
2997	3.5184401221267407	2.10285869641835	0.5976678935628057	DYRK2	0.26962882	False
2998	3.5184401221267407	2.10285869641835	0.5976678935628057	LINC02421	0.26962882	False
2999	3.4375984858789783	1.8293092322868685	0.5321474394992126	LINC01479	0.26962683	False
3000	3.4375984858789783	1.8293092322868685	0.5321474394992126	IFNG-AS1	0.26962683	False
3001	3.6376703638376724	2.119462521894416	0.5826428207910581	IFNG	0.2696299	False
3002	3.6376703638376724	2.119462521894416	0.5826428207910581	IL26	0.2696299	False
3003	3.6376703638376724	2.119462521894416	0.5826428207910581	IL22	0.2696299	False
3004	3.6376703638376724	2.119462521894416	0.5826428207910581	MDM1	0.2696299	False
3005	3.6376703638376724	2.119462521894416	0.5826428207910581	LINC02384	0.2696299	False
3006	3.6376703638376724	2.119462521894416	0.5826428207910581	RAP1B	0.2696299	False
3007	3.6376703638376724	2.119462521894416	0.5826428207910581	SNORA70G	0.2696299	False
3008	3.6376703638376724	2.119462521894416	0.5826428207910581	LOC100507250	0.2696299	False
3009	3.6376703638376724	2.119462521894416	0.5826428207910581	NUP107	0.2696299	False
3010	3.6376703638376724	2.119462521894416	0.5826428207910581	SLC35E3	0.2696299	False
3011	3.6376703638376724	2.119462521894416	0.5826428207910581	MDM2	0.2696299	False
3012	3.4404518621381244	1.6894123993786792	0.4910437544470587	CPM	0.26962635	False
3013	3.4251577308253998	1.7278121312823613	0.5044474640489011	CPSF6	0.2696264	False
3014	3.4251577308253998	1.7278121312823613	0.5044474640489011	LYZ	0.2696264	False
3015	3.4251577308253998	1.7278121312823613	0.5044474640489011	YEATS4	0.2696264	False
3016	3.4251577308253998	1.7278121312823613	0.5044474640489011	FRS2	0.2696264	False
3017	3.4251577308253998	1.7278121312823613	0.5044474640489011	MIR3913-1	0.2696264	False
3018	3.4251577308253998	1.7278121312823613	0.5044474640489011	CCT2	0.2696264	False
3019	3.4251577308253998	1.7278121312823613	0.5044474640489011	LRRC10	0.2696264	False
3020	3.4251577308253998	1.7278121312823613	0.5044474640489011	BEST3	0.2696264	False
3021	3.4251577308253998	1.7278121312823613	0.5044474640489011	LOC101928002	0.2696264	False
3022	3.4251577308253998	1.7278121312823613	0.5044474640489011	RAB3IP	0.2696264	False
3023	3.676818185341934	2.87421101893632	0.7817114891333758	CAPS2	0.26963547	False
3024	3.676818185341934	2.87421101893632	0.7817114891333758	GLIPR1L1	0.26963547	False
3025	3.676818185341934	2.87421101893632	0.7817114891333758	GLIPR1L2	0.26963547	False
3026	3.676818185341934	2.87421101893632	0.7817114891333758	GLIPR1	0.26963547	False
3027	3.676818185341934	2.87421101893632	0.7817114891333758	KRR1	0.26963547	False
3028	3.703916641855728	3.137047695328057	0.846954183546728	C12orf50	0.26963863	False
3029	3.703916641855728	3.137047695328057	0.846954183546728	C12orf29	0.26963863	False
3030	3.703916641855728	3.137047695328057	0.846954183546728	CEP290	0.26963863	False
3031	3.961444098855759	3.801138145771467	0.9595334557085898	TMTC3	0.26964656	False
3032	3.961444098855759	3.801138145771467	0.9595334557085898	KITLG	0.26964656	False
3033	3.944514856989824	3.5588791337973817	0.9022349421478078	LINC02458	0.26964387	False
3034	4.188349905744032	4.230733316224904	1.010119357607335	DUSP6	0.26965427	False
3035	4.188349905744032	4.230733316224904	1.010119357607335	POC1B	0.26965427	False
3036	4.188349905744032	4.230733316224904	1.010119357607335	GALNT4	0.26965427	False
3037	4.188349905744032	4.230733316224904	1.010119357607335	POC1B-GALNT4	0.26965427	False
3038	4.188349905744032	4.230733316224904	1.010119357607335	ATP2B1	0.26965427	False
3039	4.188349905744032	4.230733316224904	1.010119357607335	ATP2B1-AS1	0.26965427	False
3040	3.9978015452750304	3.2950044813490096	0.82420411419455	LINC02399	0.26964247	False
3041	3.9808574244139514	3.4964847862055133	0.8783245450495515	LINC02392	0.26964286	False
3042	3.830796134666372	2.885232237669763	0.7531677845135553	CCER1	0.26963606	False
3043	3.830796134666372	2.885232237669763	0.7531677845135553	LINC00615	0.26963606	False
3044	3.830796134666372	2.885232237669763	0.7531677845135553	EPYC	0.26963606	False
3045	3.830796134666372	2.885232237669763	0.7531677845135553	KERA	0.26963606	False
3046	3.825901830742812	3.037755708161701	0.7939972959452308	LUM	0.2696385	False
3047	3.825901830742812	3.037755708161701	0.7939972959452308	DCN	0.2696385	False
3048	3.6867783891078103	2.5084902155026914	0.6804016815639788	LINC01619	0.26963374	False
3049	3.647566069198714	2.619180438759459	0.7180625077299374	BTG1	0.2696334	False
3050	3.647566069198714	2.619180438759459	0.7180625077299374	LOC101928617	0.2696334	False
3051	3.647566069198714	2.619180438759459	0.7180625077299374	CLLU1OS	0.2696334	False
3052	3.647566069198714	2.619180438759459	0.7180625077299374	CLLU1	0.2696334	False
3053	3.647566069198714	2.619180438759459	0.7180625077299374	C12orf74	0.2696334	False
3054	3.647566069198714	2.619180438759459	0.7180625077299374	PLEKHG7	0.2696334	False
3055	3.431445171786104	2.175759395289853	0.634065032767913	EEA1	0.26962927	False
3056	3.431445171786104	2.175759395289853	0.634065032767913	LOC643339	0.26962927	False
3057	3.3365994931580047	2.2504292568313455	0.6744679010609609	LINC02412	0.26962826	False
3058	3.3365994931580047	2.2504292568313455	0.6744679010609609	NUDT4	0.26962826	False
3059	3.3365994931580047	2.2504292568313455	0.6744679010609609	UBE2N	0.26962826	False
3060	3.3365994931580047	2.2504292568313455	0.6744679010609609	MRPL42	0.26962826	False
3061	3.3365994931580047	2.2504292568313455	0.6744679010609609	SOCS2-AS1	0.26962826	False
3062	3.3365994931580047	2.2504292568313455	0.6744679010609609	SOCS2	0.26962826	False
3063	3.3365994931580047	2.2504292568313455	0.6744679010609609	CRADD	0.26962826	False
3064	3.3365994931580047	2.2504292568313455	0.6744679010609609	LOC101928731	0.26962826	False
3065	3.526726566353905	2.2998349046616307	0.6521160235678003	LINC00562	0.26962927	False
3066	3.526726566353905	2.2998349046616307	0.6521160235678003	SUCLA2	0.26962927	False
3067	3.526726566353905	2.2998349046616307	0.6521160235678003	NUDT15	0.26962927	False
3068	3.526726566353905	2.2998349046616307	0.6521160235678003	MED4	0.26962927	False
3069	3.526726566353905	2.2998349046616307	0.6521160235678003	MED4-AS1	0.26962927	False
3070	3.7658066643996246	2.884471891176665	0.7659638819074985	ITM2B	0.2696346	False
3071	3.7658066643996246	2.884471891176665	0.7659638819074985	RB1-DT	0.2696346	False
3072	3.7658066643996246	2.884471891176665	0.7659638819074985	RB1	0.2696346	False
3073	3.7658066643996246	2.884471891176665	0.7659638819074985	LPAR6	0.2696346	False
3074	3.7658066643996246	2.884471891176665	0.7659638819074985	RCBTB2	0.2696346	False
3075	3.7658066643996246	2.884471891176665	0.7659638819074985	LINC00462	0.2696346	False
3076	3.7658066643996246	2.884471891176665	0.7659638819074985	CYSLTR2	0.2696346	False
3077	3.678516923486246	2.4182795403293644	0.6574061206268653	FNDC3A	0.26963106	False
3078	3.7648748047441383	2.4918176248727315	0.6618593589706566	MLNR	0.26963314	False
3079	3.7648748047441383	2.4918176248727315	0.6618593589706566	CDADC1	0.26963314	False
3080	3.7648748047441383	2.4918176248727315	0.6618593589706566	CAB39L	0.26963314	False
3081	3.7648748047441383	2.4918176248727315	0.6618593589706566	SETDB2	0.26963314	False
3082	3.7648748047441383	2.4918176248727315	0.6618593589706566	SETDB2-PHF11	0.26963314	False
3083	3.7648748047441383	2.4918176248727315	0.6618593589706566	PHF11	0.26963314	False
3084	3.7648748047441383	2.4918176248727315	0.6618593589706566	RCBTB1	0.26963314	False
3085	3.7648748047441383	2.4918176248727315	0.6618593589706566	ARL11	0.26963314	False
3086	3.7648748047441383	2.4918176248727315	0.6618593589706566	EBPL	0.26963314	False
3087	3.7648748047441383	2.4918176248727315	0.6618593589706566	KPNA3	0.26963314	False
3088	3.588334682838319	1.9681544719578086	0.5484868736940189	SPRYD7	0.26962835	False
3089	3.588334682838319	1.9681544719578086	0.5484868736940189	DLEU2	0.26962835	False
3090	3.588334682838319	1.9681544719578086	0.5484868736940189	TRIM13	0.26962835	False
3091	3.588334682838319	1.9681544719578086	0.5484868736940189	MIR3613	0.26962835	False
3092	3.588334682838319	1.9681544719578086	0.5484868736940189	KCNRG	0.26962835	False
3093	3.588334682838319	1.9681544719578086	0.5484868736940189	MIR16-1	0.26962835	False
3094	3.588334682838319	1.9681544719578086	0.5484868736940189	MIR15A	0.26962835	False
3095	3.588334682838319	1.9681544719578086	0.5484868736940189	DLEU1	0.26962835	False
3096	3.6497947764499754	2.143431322363849	0.5872744780594726	DLEU1-AS1	0.26962933	False
3097	3.6497947764499754	2.143431322363849	0.5872744780594726	DLEU7	0.26962933	False
3098	3.6497947764499754	2.143431322363849	0.5872744780594726	DLEU7-AS1	0.26962933	False
3099	3.4124666426655903	1.8812579397024376	0.5512897668159842	RNASEH2B-AS1	0.26962608	False
3100	3.4124666426655903	1.8812579397024376	0.5512897668159842	RNASEH2B	0.26962608	False
3101	3.4124666426655903	1.8812579397024376	0.5512897668159842	C13orf42	0.26962608	False
3102	4.0063152014351875	4.305502766130196	1.0746789879607652	MZT1	0.26965696	False
3103	4.0063152014351875	4.305502766130196	1.0746789879607652	BORA	0.26965696	False
3104	4.0063152014351875	4.305502766130196	1.0746789879607652	DIS3	0.26965696	False
3105	3.830779211912076	3.4734115844958535	0.9067115049844264	PIBF1	0.2696455	False
3106	3.830779211912076	3.4734115844958535	0.9067115049844264	KLF5	0.2696455	False
3107	4.501745052818868	3.428341033293367	0.7615582386538382	OR4K5	0.26964846	False
3108	4.501745052818868	3.428341033293367	0.7615582386538382	OR4K1	0.26964846	False
3109	4.501745052818868	3.428341033293367	0.7615582386538382	OR4K15	0.26964846	False
3110	4.501745052818868	3.428341033293367	0.7615582386538382	OR4K14	0.26964846	False
3111	4.501745052818868	3.428341033293367	0.7615582386538382	OR4K13	0.26964846	False
3112	4.501745052818868	3.428341033293367	0.7615582386538382	OR4L1	0.26964846	False
3113	4.501745052818868	3.428341033293367	0.7615582386538382	OR4K17	0.26964846	False
3114	4.501745052818868	3.428341033293367	0.7615582386538382	OR4N5	0.26964846	False
3115	4.501745052818868	3.428341033293367	0.7615582386538382	OR11G2	0.26964846	False
3116	4.501745052818868	3.428341033293367	0.7615582386538382	OR11H6	0.26964846	False
3117	4.501745052818868	3.428341033293367	0.7615582386538382	OR11H4	0.26964846	False
3118	4.501745052818868	3.428341033293367	0.7615582386538382	TTC5	0.26964846	False
3119	4.501745052818868	3.428341033293367	0.7615582386538382	CCNB1IP1	0.26964846	False
3120	4.501745052818868	3.428341033293367	0.7615582386538382	SNORD126	0.26964846	False
3121	4.501745052818868	3.428341033293367	0.7615582386538382	RPPH1	0.26964846	False
3122	4.501745052818868	3.428341033293367	0.7615582386538382	PARP2	0.26964846	False
3123	4.501745052818868	3.428341033293367	0.7615582386538382	TEP1	0.26964846	False
3124	4.501745052818868	3.428341033293367	0.7615582386538382	KLHL33	0.26964846	False
3125	4.501745052818868	3.428341033293367	0.7615582386538382	OSGEP	0.26964846	False
3126	4.501745052818868	3.428341033293367	0.7615582386538382	APEX1	0.26964846	False
3127	4.501745052818868	3.428341033293367	0.7615582386538382	PIP4P1	0.26964846	False
3128	4.501745052818868	3.428341033293367	0.7615582386538382	PNP	0.26964846	False
3129	4.501745052818868	3.428341033293367	0.7615582386538382	RNASE10	0.26964846	False
3130	4.501745052818868	3.428341033293367	0.7615582386538382	RNASE9	0.26964846	False
3131	4.501745052818868	3.428341033293367	0.7615582386538382	RNASE11	0.26964846	False
3132	4.501745052818868	3.428341033293367	0.7615582386538382	LOC254028	0.26964846	False
3133	4.501745052818868	3.428341033293367	0.7615582386538382	RNASE12	0.26964846	False
3134	4.501745052818868	3.428341033293367	0.7615582386538382	OR6S1	0.26964846	False
3135	4.501745052818868	3.428341033293367	0.7615582386538382	RNASE4	0.26964846	False
3136	4.501745052818868	3.428341033293367	0.7615582386538382	ANG	0.26964846	False
3137	4.501745052818868	3.428341033293367	0.7615582386538382	EDDM3A	0.26964846	False
3138	4.501745052818868	3.428341033293367	0.7615582386538382	EDDM3B	0.26964846	False
3139	4.501745052818868	3.428341033293367	0.7615582386538382	RNASE6	0.26964846	False
3140	4.501745052818868	3.428341033293367	0.7615582386538382	RNASE1	0.26964846	False
3141	4.501745052818868	3.428341033293367	0.7615582386538382	RNASE3	0.26964846	False
3142	4.399912250975098	2.8679064588868033	0.6518099214935991	ECRP	0.2696416	False
3143	4.399912250975098	2.8679064588868033	0.6518099214935991	RNASE2	0.2696416	False
3144	4.399912250975098	2.8679064588868033	0.6518099214935991	METTL17	0.2696416	False
3145	4.399912250975098	2.8679064588868033	0.6518099214935991	LOC101929718	0.2696416	False
3146	4.399912250975098	2.8679064588868033	0.6518099214935991	SLC39A2	0.2696416	False
3147	4.399912250975098	2.8679064588868033	0.6518099214935991	NDRG2	0.2696416	False
3148	4.399912250975098	2.8679064588868033	0.6518099214935991	MIR6717	0.2696416	False
3149	4.399912250975098	2.8679064588868033	0.6518099214935991	TPPP2	0.2696416	False
3150	4.399912250975098	2.8679064588868033	0.6518099214935991	RNASE13	0.2696416	False
3151	4.399912250975098	2.8679064588868033	0.6518099214935991	RNASE7	0.2696416	False
3152	4.399912250975098	2.8679064588868033	0.6518099214935991	RNASE8	0.2696416	False
3153	4.399912250975098	2.8679064588868033	0.6518099214935991	ARHGEF40	0.2696416	False
3154	4.399912250975098	2.8679064588868033	0.6518099214935991	ZNF219	0.2696416	False
3155	4.399912250975098	2.8679064588868033	0.6518099214935991	TMEM253	0.2696416	False
3156	4.399912250975098	2.8679064588868033	0.6518099214935991	OR5AU1	0.2696416	False
3157	4.399912250975098	2.8679064588868033	0.6518099214935991	LINC00641	0.2696416	False
3158	4.399912250975098	2.8679064588868033	0.6518099214935991	HNRNPC	0.2696416	False
3159	4.399912250975098	2.8679064588868033	0.6518099214935991	RPGRIP1	0.2696416	False
3160	4.399912250975098	2.8679064588868033	0.6518099214935991	SUPT16H	0.2696416	False
3161	4.399912250975098	2.8679064588868033	0.6518099214935991	CHD8	0.2696416	False
3162	4.399912250975098	2.8679064588868033	0.6518099214935991	SNORD9	0.2696416	False
3163	4.399912250975098	2.8679064588868033	0.6518099214935991	SNORD8	0.2696416	False
3164	4.399912250975098	2.8679064588868033	0.6518099214935991	RAB2B	0.2696416	False
3165	4.399912250975098	2.8679064588868033	0.6518099214935991	TOX4	0.2696416	False
3166	4.399912250975098	2.8679064588868033	0.6518099214935991	METTL3	0.2696416	False
3167	4.399912250975098	2.8679064588868033	0.6518099214935991	SALL2	0.2696416	False
3168	4.399912250975098	2.8679064588868033	0.6518099214935991	OR10G3	0.2696416	False
3169	4.399912250975098	2.8679064588868033	0.6518099214935991	OR10G2	0.2696416	False
3170	4.399912250975098	2.8679064588868033	0.6518099214935991	OR4E2	0.2696416	False
3171	4.315512274182989	2.3931196305627958	0.5545389465995344	DAD1	0.2696366	False
3172	4.315512274182989	2.3931196305627958	0.5545389465995344	ABHD4	0.2696366	False
3173	4.315512274182989	2.3931196305627958	0.5545389465995344	OXA1L	0.2696366	False
3174	4.315512274182989	2.3931196305627958	0.5545389465995344	SLC7A7	0.2696366	False
3175	4.315512274182989	2.3931196305627958	0.5545389465995344	MRPL52	0.2696366	False
3176	4.315512274182989	2.3931196305627958	0.5545389465995344	MMP14	0.2696366	False
3177	4.315512274182989	2.3931196305627958	0.5545389465995344	LRP10	0.2696366	False
3178	4.315512274182989	2.3931196305627958	0.5545389465995344	REM2	0.2696366	False
3179	4.299593312032575	2.3063934613467367	0.5364213063808169	RBM23	0.2696364	False
3180	4.299593312032575	2.3063934613467367	0.5364213063808169	PRMT5-AS1	0.2696364	False
3181	4.299593312032575	2.3063934613467367	0.5364213063808169	PRMT5	0.2696364	False
3182	4.299593312032575	2.3063934613467367	0.5364213063808169	LOC101926933	0.2696364	False
3183	4.299593312032575	2.3063934613467367	0.5364213063808169	HAUS4	0.2696364	False
3184	4.299593312032575	2.3063934613467367	0.5364213063808169	MIR4707	0.2696364	False
3185	4.299593312032575	2.3063934613467367	0.5364213063808169	AJUBA	0.2696364	False
3186	4.299593312032575	2.3063934613467367	0.5364213063808169	C14orf93	0.2696364	False
3187	4.299593312032575	2.3063934613467367	0.5364213063808169	PSMB5	0.2696364	False
3188	4.299593312032575	2.3063934613467367	0.5364213063808169	PSMB11	0.2696364	False
3189	4.299593312032575	2.3063934613467367	0.5364213063808169	CDH24	0.2696364	False
3190	4.299593312032575	2.3063934613467367	0.5364213063808169	ACIN1	0.2696364	False
3191	4.299593312032575	2.3063934613467367	0.5364213063808169	C14orf119	0.2696364	False
3192	4.300271119060051	2.4112265622614553	0.5607150097058295	CEBPE	0.26963696	False
3193	4.300271119060051	2.4112265622614553	0.5607150097058295	SLC7A8	0.26963696	False
3194	4.300271119060051	2.4112265622614553	0.5607150097058295	RNF212B	0.26963696	False
3195	4.300271119060051	2.4112265622614553	0.5607150097058295	HOMEZ	0.26963696	False
3196	4.300271119060051	2.4112265622614553	0.5607150097058295	PPP1R3E	0.26963696	False
3197	4.300271119060051	2.4112265622614553	0.5607150097058295	BCL2L2-PABPN1	0.26963696	False
3198	4.300271119060051	2.4112265622614553	0.5607150097058295	BCL2L2	0.26963696	False
3199	4.300271119060051	2.4112265622614553	0.5607150097058295	PABPN1	0.26963696	False
3200	4.300271119060051	2.4112265622614553	0.5607150097058295	SLC22A17	0.26963696	False
3201	4.300271119060051	2.4112265622614553	0.5607150097058295	EFS	0.26963696	False
3202	4.300271119060051	2.4112265622614553	0.5607150097058295	IL25	0.26963696	False
3203	4.300271119060051	2.4112265622614553	0.5607150097058295	CMTM5	0.26963696	False
3204	4.300271119060051	2.4112265622614553	0.5607150097058295	MYH6	0.26963696	False
3205	4.300271119060051	2.4112265622614553	0.5607150097058295	MIR208A	0.26963696	False
3206	4.300271119060051	2.4112265622614553	0.5607150097058295	MYH7	0.26963696	False
3207	4.300271119060051	2.4112265622614553	0.5607150097058295	MIR208B	0.26963696	False
3208	4.300271119060051	2.4112265622614553	0.5607150097058295	NGDN	0.26963696	False
3209	4.300271119060051	2.4112265622614553	0.5607150097058295	THTPA	0.26963696	False
3210	4.300271119060051	2.4112265622614553	0.5607150097058295	ZFHX2	0.26963696	False
3211	4.300271119060051	2.4112265622614553	0.5607150097058295	AP1G2	0.26963696	False
3212	4.300271119060051	2.4112265622614553	0.5607150097058295	LOC102724814	0.26963696	False
3213	4.300271119060051	2.4112265622614553	0.5607150097058295	JPH4	0.26963696	False
3214	4.300271119060051	2.4112265622614553	0.5607150097058295	DHRS2	0.26963696	False
3215	4.2254369478961555	2.2804519248952864	0.5396961197186301	DHRS4-AS1	0.26963556	False
3216	4.2254369478961555	2.2804519248952864	0.5396961197186301	DHRS4	0.26963556	False
3217	4.2254369478961555	2.2804519248952864	0.5396961197186301	DHRS4L2	0.26963556	False
3218	4.2254369478961555	2.2804519248952864	0.5396961197186301	CARMIL3	0.26963556	False
3219	4.2254369478961555	2.2804519248952864	0.5396961197186301	CPNE6	0.26963556	False
3220	4.2254369478961555	2.2804519248952864	0.5396961197186301	NRL	0.26963556	False
3221	4.2254369478961555	2.2804519248952864	0.5396961197186301	PCK2	0.26963556	False
3222	4.237259663217491	2.528490182434531	0.5967276927547474	DCAF11	0.2696378	False
3223	4.237259663217491	2.528490182434531	0.5967276927547474	FITM1	0.2696378	False
3224	4.237259663217491	2.528490182434531	0.5967276927547474	PSME1	0.2696378	False
3225	4.237259663217491	2.528490182434531	0.5967276927547474	EMC9	0.2696378	False
3226	4.237259663217491	2.528490182434531	0.5967276927547474	PSME2	0.2696378	False
3227	4.237259663217491	2.528490182434531	0.5967276927547474	MIR7703	0.2696378	False
3228	4.237259663217491	2.528490182434531	0.5967276927547474	RNF31	0.2696378	False
3229	4.237259663217491	2.528490182434531	0.5967276927547474	IRF9	0.2696378	False
3230	4.237259663217491	2.528490182434531	0.5967276927547474	REC8	0.2696378	False
3231	4.237259663217491	2.528490182434531	0.5967276927547474	IPO4	0.2696378	False
3232	4.237259663217491	2.528490182434531	0.5967276927547474	TM9SF1	0.2696378	False
3233	4.237259663217491	2.528490182434531	0.5967276927547474	TSSK4	0.2696378	False
3234	4.237259663217491	2.528490182434531	0.5967276927547474	CHMP4A	0.2696378	False
3235	4.237259663217491	2.528490182434531	0.5967276927547474	MDP1	0.2696378	False
3236	4.237259663217491	2.528490182434531	0.5967276927547474	NEDD8-MDP1	0.2696378	False
3237	4.237259663217491	2.528490182434531	0.5967276927547474	NEDD8	0.2696378	False
3238	4.237259663217491	2.528490182434531	0.5967276927547474	GMPR2	0.2696378	False
3239	4.237259663217491	2.528490182434531	0.5967276927547474	TINF2	0.2696378	False
3240	4.237259663217491	2.528490182434531	0.5967276927547474	TGM1	0.2696378	False
3241	4.237259663217491	2.528490182434531	0.5967276927547474	RABGGTA	0.2696378	False
3242	4.237259663217491	2.528490182434531	0.5967276927547474	DHRS1	0.2696378	False
3243	4.237259663217491	2.528490182434531	0.5967276927547474	NOP9	0.2696378	False
3244	4.237259663217491	2.528490182434531	0.5967276927547474	CIDEB	0.2696378	False
3245	4.237259663217491	2.528490182434531	0.5967276927547474	LTB4R2	0.2696378	False
3246	4.237259663217491	2.528490182434531	0.5967276927547474	LTB4R	0.2696378	False
3247	4.237259663217491	2.528490182434531	0.5967276927547474	ADCY4	0.2696378	False
3248	4.237259663217491	2.528490182434531	0.5967276927547474	RIPK3	0.2696378	False
3249	4.237259663217491	2.528490182434531	0.5967276927547474	NFATC4	0.2696378	False
3250	4.237259663217491	2.528490182434531	0.5967276927547474	NYNRIN	0.2696378	False
3251	4.237259663217491	2.528490182434531	0.5967276927547474	CBLN3	0.2696378	False
3252	4.237259663217491	2.528490182434531	0.5967276927547474	KHNYN	0.2696378	False
3253	4.237259663217491	2.528490182434531	0.5967276927547474	SDR39U1	0.2696378	False
3254	4.237259663217491	2.528490182434531	0.5967276927547474	CMA1	0.2696378	False
3255	4.237259663217491	2.528490182434531	0.5967276927547474	CTSG	0.2696378	False
3256	4.237259663217491	2.528490182434531	0.5967276927547474	GZMH	0.2696378	False
3257	4.237259663217491	2.528490182434531	0.5967276927547474	GZMB	0.2696378	False
3258	3.646933167856663	1.8980128503600195	0.5204408095790523	STXBP6	0.26962897	False
3259	3.7336946323594744	2.572576575149745	0.6890163305947783	RPS29	0.2696335	False
3260	3.7336946323594744	2.572576575149745	0.6890163305947783	RN7SL1	0.2696335	False
3261	3.7336946323594744	2.572576575149745	0.6890163305947783	LRR1	0.2696335	False
3262	3.7336946323594744	2.572576575149745	0.6890163305947783	RPL36AL	0.2696335	False
3263	3.7336946323594744	2.572576575149745	0.6890163305947783	MGAT2	0.2696335	False
3264	3.7336946323594744	2.572576575149745	0.6890163305947783	DNAAF2	0.2696335	False
3265	3.7336946323594744	2.572576575149745	0.6890163305947783	POLE2	0.2696335	False
3266	3.7336946323594744	2.572576575149745	0.6890163305947783	KLHDC1	0.2696335	False
3267	3.7336946323594744	2.572576575149745	0.6890163305947783	KLHDC2	0.2696335	False
3268	3.7336946323594744	2.572576575149745	0.6890163305947783	NEMF	0.2696335	False
3269	3.7336946323594744	2.572576575149745	0.6890163305947783	RN7SL2	0.2696335	False
3270	3.7336946323594744	2.572576575149745	0.6890163305947783	ARF6	0.2696335	False
3271	3.739574173058072	2.307336117885377	0.6170050415121279	LINC01599	0.26963103	False
3272	3.739574173058072	2.307336117885377	0.6170050415121279	MIR6076	0.26963103	False
3273	3.739574173058072	2.307336117885377	0.6170050415121279	LINC01588	0.26963103	False
3274	3.838912129296329	2.5129365028779405	0.6545959944487088	VCPKMT	0.26963323	False
3275	3.838912129296329	2.5129365028779405	0.6545959944487088	SOS2	0.26963323	False
3276	3.838912129296329	2.5129365028779405	0.6545959944487088	L2HGDH	0.26963323	False
3277	3.838912129296329	2.5129365028779405	0.6545959944487088	MIR4504	0.26963323	False
3278	3.838912129296329	2.5129365028779405	0.6545959944487088	DMAC2L	0.26963323	False
3279	3.838912129296329	2.5129365028779405	0.6545959944487088	CDKL1	0.26963323	False
3280	3.838912129296329	2.5129365028779405	0.6545959944487088	MAP4K5	0.26963323	False
3281	3.838912129296329	2.5129365028779405	0.6545959944487088	ATL1	0.26963323	False
3282	3.838912129296329	2.5129365028779405	0.6545959944487088	SAV1	0.26963323	False
3283	3.838912129296329	2.5129365028779405	0.6545959944487088	NIN	0.26963323	False
3284	3.838912129296329	2.5129365028779405	0.6545959944487088	LOC105370489	0.26963323	False
3285	3.6920468360837266	2.2315836191377745	0.6044299322878817	PYGL	0.26963106	False
3286	3.6920468360837266	2.2315836191377745	0.6044299322878817	ABHD12B	0.26963106	False
3287	3.6920468360837266	2.2315836191377745	0.6044299322878817	TRIM9	0.26963106	False
3288	3.6888311822757935	2.3498090268986283	0.6370063878740402	TMX1	0.26963118	False
3289	3.6888311822757935	2.3498090268986283	0.6370063878740402	LINC00640	0.26963118	False
3290	3.6888311822757935	2.3498090268986283	0.6370063878740402	FRMD6-AS2	0.26963118	False
3291	3.6888311822757935	2.3498090268986283	0.6370063878740402	FRMD6	0.26963118	False
3292	3.6888311822757935	2.3498090268986283	0.6370063878740402	FRMD6-AS1	0.26963118	False
3293	3.571754470775204	2.022735649964323	0.5663143047806738	GNG2	0.26962876	False
3294	3.571754470775204	2.022735649964323	0.5663143047806738	LOC102723604	0.26962876	False
3295	3.571754470775204	2.022735649964323	0.5663143047806738	RTRAF	0.26962876	False
3296	3.571754470775204	2.022735649964323	0.5663143047806738	NID2	0.26962876	False
3297	3.5846217236514213	2.179938811925919	0.6081363613746549	PTGDR	0.26962936	False
3298	3.5846217236514213	2.179938811925919	0.6081363613746549	PTGER2	0.26962936	False
3299	3.5846217236514213	2.179938811925919	0.6081363613746549	TXNDC16	0.26962936	False
3300	3.5846217236514213	2.179938811925919	0.6081363613746549	GPR137C	0.26962936	False
3301	3.5846217236514213	2.179938811925919	0.6081363613746549	ERO1A	0.26962936	False
3302	3.5846217236514213	2.179938811925919	0.6081363613746549	PSMC6	0.26962936	False
3303	3.5846217236514213	2.179938811925919	0.6081363613746549	STYX	0.26962936	False
3304	3.5846217236514213	2.179938811925919	0.6081363613746549	GNPNAT1	0.26962936	False
3305	3.388755925753892	1.8488451834305624	0.545582279732717	FERMT2	0.26962602	False
3306	3.388755925753892	1.8488451834305624	0.545582279732717	DDHD1	0.26962602	False
3307	3.3024720059425667	1.8567270139234962	0.56222339222935	LOC101927620	0.26962644	False
3308	3.4718147103895647	2.347617581754394	0.6761932238863557	DHRS7	0.26962927	False
3309	3.4718147103895647	2.347617581754394	0.6761932238863557	PPM1A	0.26962927	False
3310	3.4718147103895647	2.347617581754394	0.6761932238863557	C14orf39	0.26962927	False
3311	3.4718147103895647	2.347617581754394	0.6761932238863557	SIX6	0.26962927	False
3312	3.4718147103895647	2.347617581754394	0.6761932238863557	SIX1	0.26962927	False
3313	3.4718147103895647	2.347617581754394	0.6761932238863557	SIX4	0.26962927	False
3314	3.4424067590057343	2.1573607086494846	0.6267012760783075	MNAT1	0.26962826	False
3315	3.4424067590057343	2.1573607086494846	0.6267012760783075	TRMT5	0.26962826	False
3316	3.4424067590057343	2.1573607086494846	0.6267012760783075	SLC38A6	0.26962826	False
3317	3.62771593249367	2.726862274806887	0.7516746971233932	PRKCH	0.26963425	False
3318	3.62771593249367	2.726862274806887	0.7516746971233932	TMEM30B	0.26963425	False
3319	3.62771593249367	2.726862274806887	0.7516746971233932	LINC01303	0.26963425	False
3320	3.62771593249367	2.726862274806887	0.7516746971233932	FLJ22447	0.26963425	False
3321	3.62771593249367	2.726862274806887	0.7516746971233932	HIF1A-AS1	0.26963425	False
3322	3.62771593249367	2.726862274806887	0.7516746971233932	HIF1A	0.26963425	False
3323	3.62771593249367	2.726862274806887	0.7516746971233932	SNAPC1	0.26963425	False
3324	3.4442533434211713	2.0187309386547034	0.5861156939894269	SYT16	0.26962817	False
3325	3.452035136754313	2.139821506681493	0.6198724583937477	LINC00643	0.26962912	False
3326	3.452035136754313	2.139821506681493	0.6198724583937477	LINC00644	0.26962912	False
3327	3.3548993571841637	1.692448392832213	0.5044706897713677	KCNH5	0.26962593	False
3328	3.363904043617121	1.7387005560953452	0.5168698433578874	RHOJ	0.26962712	False
3329	3.363904043617121	1.7387005560953452	0.5168698433578874	GPHB5	0.26962712	False
3330	3.363904043617121	1.7387005560953452	0.5168698433578874	PPP2R5E	0.26962712	False
3331	3.363904043617121	1.7387005560953452	0.5168698433578874	WDR89	0.26962712	False
3332	3.363904043617121	1.7387005560953452	0.5168698433578874	SGPP1	0.26962712	False
3333	3.2285624928011707	1.9103939053085646	0.591716564126676	RAD51B	0.26962546	False
3334	3.370849078500211	2.374220536315544	0.7043390199397191	ZFP36L1	0.26962903	False
3335	3.2559672682910414	2.204358144096137	0.6770209779329684	ACTN1	0.26962745	False
3336	3.2559672682910414	2.204358144096137	0.6770209779329684	ACTN1-AS1	0.26962745	False
3337	3.2559672682910414	2.204358144096137	0.6770209779329684	DCAF5	0.26962745	False
3338	3.2922801805689184	2.632340097988938	0.7995492344561208	EXD2	0.2696304	False
3339	3.2922801805689184	2.632340097988938	0.7995492344561208	GALNT16	0.2696304	False
3340	3.2922801805689184	2.632340097988938	0.7995492344561208	ERH	0.2696304	False
3341	3.2922801805689184	2.632340097988938	0.7995492344561208	SLC39A9	0.2696304	False
3342	3.2922801805689184	2.632340097988938	0.7995492344561208	PLEKHD1	0.2696304	False
3343	3.2922801805689184	2.632340097988938	0.7995492344561208	CCDC177	0.2696304	False
3344	3.2922801805689184	2.632340097988938	0.7995492344561208	SUSD6	0.2696304	False
3345	3.2922801805689184	2.632340097988938	0.7995492344561208	SRSF5	0.2696304	False
3346	3.2922801805689184	2.632340097988938	0.7995492344561208	SLC10A1	0.2696304	False
3347	3.178870389473206	1.7743273350329776	0.5581628432881828	VSX2	0.2696243	False
3348	3.178870389473206	1.7743273350329776	0.5581628432881828	ABCD4	0.2696243	False
3349	3.178870389473206	1.7743273350329776	0.5581628432881828	VRTN	0.2696243	False
3350	3.178870389473206	1.7743273350329776	0.5581628432881828	SYNDIG1L	0.2696243	False
3351	3.178870389473206	1.7743273350329776	0.5581628432881828	NPC2	0.2696243	False
3352	3.178870389473206	1.7743273350329776	0.5581628432881828	MIR4709	0.2696243	False
3353	3.178870389473206	1.7743273350329776	0.5581628432881828	ISCA2	0.2696243	False
3354	3.178870389473206	1.7743273350329776	0.5581628432881828	LTBP2	0.2696243	False
3355	3.178870389473206	1.7743273350329776	0.5581628432881828	AREL1	0.2696243	False
3356	3.178870389473206	1.7743273350329776	0.5581628432881828	FCF1	0.2696243	False
3357	3.178870389473206	1.7743273350329776	0.5581628432881828	YLPM1	0.2696243	False
3358	3.178870389473206	1.7743273350329776	0.5581628432881828	PROX2	0.2696243	False
3359	3.129416269238435	1.6781306588844593	0.5362439875385591	DLST	0.2696233	False
3360	3.129416269238435	1.6781306588844593	0.5362439875385591	RPS6KL1	0.2696233	False
3361	3.129416269238435	1.6781306588844593	0.5362439875385591	PGF	0.2696233	False
3362	3.129416269238435	1.6781306588844593	0.5362439875385591	EIF2B2	0.2696233	False
3363	3.129416269238435	1.6781306588844593	0.5362439875385591	MLH3	0.2696233	False
3364	3.129416269238435	1.6781306588844593	0.5362439875385591	ACYP1	0.2696233	False
3365	3.129416269238435	1.6781306588844593	0.5362439875385591	ZC2HC1C	0.2696233	False
3366	3.129416269238435	1.6781306588844593	0.5362439875385591	NEK9	0.2696233	False
3367	3.247619622238738	2.1926791482392534	0.6751650141612754	TMED10	0.269626	False
3368	3.247619622238738	2.1926791482392534	0.6751650141612754	FOS	0.269626	False
3369	3.247619622238738	2.1926791482392534	0.6751650141612754	LINC01220	0.269626	False
3370	3.247619622238738	2.1926791482392534	0.6751650141612754	JDP2	0.269626	False
3371	3.247619622238738	2.1926791482392534	0.6751650141612754	BATF	0.269626	False
3372	3.247619622238738	2.1926791482392534	0.6751650141612754	LOC102724153	0.269626	False
3373	3.247619622238738	2.1926791482392534	0.6751650141612754	FLVCR2	0.269626	False
3374	3.247619622238738	2.1926791482392534	0.6751650141612754	ERG28	0.269626	False
3375	3.233995506354722	2.793047009674159	0.8636520997589174	PSMC1	0.26962963	False
3376	3.233995506354722	2.793047009674159	0.8636520997589174	NRDE2	0.26962963	False
3377	3.233995506354722	2.793047009674159	0.8636520997589174	CALM1	0.26962963	False
3378	3.233995506354722	2.793047009674159	0.8636520997589174	LINC00642	0.26962963	False
3379	3.233995506354722	2.793047009674159	0.8636520997589174	TTC7B	0.26962963	False
3380	3.233995506354722	2.793047009674159	0.8636520997589174	LOC101928909	0.26962963	False
3381	3.233995506354722	2.793047009674159	0.8636520997589174	LOC105370622	0.26962963	False
3382	3.173739375116979	2.528081709874085	0.7965624807427371	RPS6KA5	0.26962778	False
3383	3.173739375116979	2.528081709874085	0.7965624807427371	DGLUCY	0.26962778	False
3384	3.24026769298269	2.586548936408578	0.7982516203862282	SNORA11B	0.26962888	False
3385	3.24026769298269	2.586548936408578	0.7982516203862282	GPR68	0.26962888	False
3386	3.24026769298269	2.586548936408578	0.7982516203862282	CCDC88C	0.26962888	False
3387	3.24026769298269	2.586548936408578	0.7982516203862282	PPP4R3A	0.26962888	False
3388	3.24026769298269	2.586548936408578	0.7982516203862282	CATSPERB	0.26962888	False
3389	3.24026769298269	2.586548936408578	0.7982516203862282	TC2N	0.26962888	False
3390	3.3013183721003894	1.2798670895906765	0.3876836297907221	BUB1B	0.26962298	False
3391	3.3013183721003894	1.2798670895906765	0.3876836297907221	BUB1B-PAK6	0.26962298	False
3392	3.3013183721003894	1.2798670895906765	0.3876836297907221	PAK6	0.26962298	False
3393	3.3013183721003894	1.2798670895906765	0.3876836297907221	C15orf56	0.26962298	False
3394	3.3013183721003894	1.2798670895906765	0.3876836297907221	PLCB2	0.26962298	False
3395	3.3013183721003894	1.2798670895906765	0.3876836297907221	ANKRD63	0.26962298	False
3396	3.3013183721003894	1.2798670895906765	0.3876836297907221	CCDC9B	0.26962298	False
3397	3.3013183721003894	1.2798670895906765	0.3876836297907221	PHGR1	0.26962298	False
3398	3.3013183721003894	1.2798670895906765	0.3876836297907221	DISP2	0.26962298	False
3399	3.3013183721003894	1.2798670895906765	0.3876836297907221	KNSTRN	0.26962298	False
3400	3.3013183721003894	1.2798670895906765	0.3876836297907221	IVD	0.26962298	False
3401	3.3013183721003894	1.2798670895906765	0.3876836297907221	BAHD1	0.26962298	False
3402	3.3013183721003894	1.2798670895906765	0.3876836297907221	CHST14	0.26962298	False
3403	3.3013183721003894	1.2798670895906765	0.3876836297907221	CCDC32	0.26962298	False
3404	3.3013183721003894	1.2798670895906765	0.3876836297907221	RPUSD2	0.26962298	False
3405	3.3013183721003894	1.2798670895906765	0.3876836297907221	KNL1	0.26962298	False
3406	3.3013183721003894	1.2798670895906765	0.3876836297907221	RAD51-AS1	0.26962298	False
3407	3.3013183721003894	1.2798670895906765	0.3876836297907221	RAD51	0.26962298	False
3408	3.3013183721003894	1.2798670895906765	0.3876836297907221	RMDN3	0.26962298	False
3409	3.3013183721003894	1.2798670895906765	0.3876836297907221	GCHFR	0.26962298	False
3410	3.3013183721003894	1.2798670895906765	0.3876836297907221	DNAJC17	0.26962298	False
3411	3.3013183721003894	1.2798670895906765	0.3876836297907221	C15orf62	0.26962298	False
3412	3.3013183721003894	1.2798670895906765	0.3876836297907221	ZFYVE19	0.26962298	False
3413	3.3013183721003894	1.2798670895906765	0.3876836297907221	PPP1R14D	0.26962298	False
3414	3.3013183721003894	1.2798670895906765	0.3876836297907221	SPINT1	0.26962298	False
3415	3.3013183721003894	1.2798670895906765	0.3876836297907221	RHOV	0.26962298	False
3416	3.1600667609863504	1.0590349558926402	0.33513056400178204	VPS18	0.26962188	False
3417	3.1600667609863504	1.0590349558926402	0.33513056400178204	DLL4	0.26962188	False
3418	3.1600667609863504	1.0590349558926402	0.33513056400178204	CHAC1	0.26962188	False
3419	3.1600667609863504	1.0590349558926402	0.33513056400178204	INO80	0.26962188	False
3420	3.1909061105907606	0.9973764783915637	0.31256841907106775	TTBK2	0.26962215	False
3421	3.1909061105907606	0.9973764783915637	0.31256841907106775	UBR1	0.26962215	False
3422	3.27772920766861	1.2557031124875588	0.3831015416251295	TMEM62	0.26962388	False
3423	3.27772920766861	1.2557031124875588	0.3831015416251295	EPB42	0.26962388	False
3424	3.27772920766861	1.2557031124875588	0.3831015416251295	CCNDBP1	0.26962388	False
3425	3.27772920766861	1.2557031124875588	0.3831015416251295	TGM5	0.26962388	False
3426	3.27772920766861	1.2557031124875588	0.3831015416251295	TGM7	0.26962388	False
3427	3.27772920766861	1.2557031124875588	0.3831015416251295	LCMT2	0.26962388	False
3428	3.27772920766861	1.2557031124875588	0.3831015416251295	ADAL	0.26962388	False
3429	3.27772920766861	1.2557031124875588	0.3831015416251295	ZSCAN29	0.26962388	False
3430	3.27772920766861	1.2557031124875588	0.3831015416251295	TUBGCP4	0.26962388	False
3431	3.27772920766861	1.2557031124875588	0.3831015416251295	TP53BP1	0.26962388	False
3432	3.27772920766861	1.2557031124875588	0.3831015416251295	MAP1A	0.26962388	False
3433	3.27772920766861	1.2557031124875588	0.3831015416251295	PPIP5K1	0.26962388	False
3434	3.27772920766861	1.2557031124875588	0.3831015416251295	CKMT1B	0.26962388	False
3435	3.27772920766861	1.2557031124875588	0.3831015416251295	STRC	0.26962388	False
3436	3.27772920766861	1.2557031124875588	0.3831015416251295	CATSPER2	0.26962388	False
3437	3.27772920766861	1.2557031124875588	0.3831015416251295	CKMT1A	0.26962388	False
3438	3.27772920766861	1.2557031124875588	0.3831015416251295	PDIA3	0.26962388	False
3439	3.27772920766861	1.2557031124875588	0.3831015416251295	ELL3	0.26962388	False
3440	3.27772920766861	1.2557031124875588	0.3831015416251295	SERF2	0.26962388	False
3441	3.27772920766861	1.2557031124875588	0.3831015416251295	SERF2-C15ORF63	0.26962388	False
3442	3.27772920766861	1.2557031124875588	0.3831015416251295	MIR1282	0.26962388	False
3443	3.27772920766861	1.2557031124875588	0.3831015416251295	SERINC4	0.26962388	False
3444	3.27772920766861	1.2557031124875588	0.3831015416251295	HYPK	0.26962388	False
3445	3.27772920766861	1.2557031124875588	0.3831015416251295	MFAP1	0.26962388	False
3446	3.27772920766861	1.2557031124875588	0.3831015416251295	WDR76	0.26962388	False
3447	3.239327988056936	1.2409234518690033	0.3830805205413464	FRMD5	0.26962316	False
3448	3.3699768752257917	1.6210500718714824	0.48102706098328063	CASC4	0.26962543	False
3449	3.3699768752257917	1.6210500718714824	0.48102706098328063	CTDSPL2	0.26962543	False
3450	3.3699768752257917	1.6210500718714824	0.48102706098328063	EIF3J-DT	0.26962543	False
3451	3.3699768752257917	1.6210500718714824	0.48102706098328063	EIF3J	0.26962543	False
3452	3.3699768752257917	1.6210500718714824	0.48102706098328063	SPG11	0.26962543	False
3453	3.3699768752257917	1.6210500718714824	0.48102706098328063	PATL2	0.26962543	False
3454	3.3699768752257917	1.6210500718714824	0.48102706098328063	B2M	0.26962543	False
3455	3.3699768752257917	1.6210500718714824	0.48102706098328063	TRIM69	0.26962543	False
3456	3.3699768752257917	1.6210500718714824	0.48102706098328063	LOC100419583	0.26962543	False
3457	3.22008959723468	1.6546215110054043	0.5138433143060198	LACTB	0.269624	False
3458	3.22008959723468	1.6546215110054043	0.5138433143060198	RPS27L	0.269624	False
3459	3.22008959723468	1.6546215110054043	0.5138433143060198	RAB8B	0.269624	False
3460	3.22008959723468	1.6546215110054043	0.5138433143060198	APH1B	0.269624	False
3461	3.22008959723468	1.6546215110054043	0.5138433143060198	CA12	0.269624	False
3462	3.22008959723468	1.6546215110054043	0.5138433143060198	LINC02568	0.269624	False
3463	3.22008959723468	1.6546215110054043	0.5138433143060198	USP3	0.269624	False
3464	3.22008959723468	1.6546215110054043	0.5138433143060198	USP3-AS1	0.269624	False
3465	3.22008959723468	1.6546215110054043	0.5138433143060198	FBXL22	0.269624	False
3466	3.22008959723468	1.6546215110054043	0.5138433143060198	HERC1	0.269624	False
3467	3.22008959723468	1.6546215110054043	0.5138433143060198	MIR422A	0.269624	False
3468	3.2960750875316425	1.520882696946174	0.46142234523095443	SNX22	0.26962376	False
3469	3.2960750875316425	1.520882696946174	0.46142234523095443	PPIB	0.26962376	False
3470	3.2960750875316425	1.520882696946174	0.46142234523095443	CSNK1G1	0.26962376	False
3471	3.2960750875316425	1.520882696946174	0.46142234523095443	PCLAF	0.26962376	False
3472	3.2960750875316425	1.520882696946174	0.46142234523095443	TRIP4	0.26962376	False
3473	3.2960750875316425	1.520882696946174	0.46142234523095443	ZNF609	0.26962376	False
3474	3.2960750875316425	1.520882696946174	0.46142234523095443	OAZ2	0.26962376	False
3475	3.2960750875316425	1.520882696946174	0.46142234523095443	RBPMS2	0.26962376	False
3476	3.2960750875316425	1.520882696946174	0.46142234523095443	MIR1272	0.26962376	False
3477	3.2960750875316425	1.520882696946174	0.46142234523095443	PIF1	0.26962376	False
3478	3.2230411164880715	1.2775875802141987	0.3963919584142007	LMF1	0.26962265	False
3479	3.2230411164880715	1.2775875802141987	0.3963919584142007	LMF1-AS1	0.26962265	False
3480	3.2230411164880715	1.2775875802141987	0.3963919584142007	SOX8	0.26962265	False
3481	3.2230411164880715	1.2775875802141987	0.3963919584142007	SSTR5-AS1	0.26962265	False
3482	3.2230411164880715	1.2775875802141987	0.3963919584142007	SSTR5	0.26962265	False
3483	3.2230411164880715	1.2775875802141987	0.3963919584142007	C1QTNF8	0.26962265	False
3484	3.2230411164880715	1.2775875802141987	0.3963919584142007	CACNA1H	0.26962265	False
3485	3.2230411164880715	1.2775875802141987	0.3963919584142007	TPSG1	0.26962265	False
3486	3.2230411164880715	1.2775875802141987	0.3963919584142007	TPSB2	0.26962265	False
3487	3.2230411164880715	1.2775875802141987	0.3963919584142007	TPSAB1	0.26962265	False
3488	3.2230411164880715	1.2775875802141987	0.3963919584142007	TPSD1	0.26962265	False
3489	3.2230411164880715	1.2775875802141987	0.3963919584142007	UBE2I	0.26962265	False
3490	3.2230411164880715	1.2775875802141987	0.3963919584142007	BAIAP3	0.26962265	False
3491	3.2230411164880715	1.2775875802141987	0.3963919584142007	TSR3	0.26962265	False
3492	3.2230411164880715	1.2775875802141987	0.3963919584142007	GNPTG	0.26962265	False
3493	3.2230411164880715	1.2775875802141987	0.3963919584142007	UNKL	0.26962265	False
3494	3.2230411164880715	1.2775875802141987	0.3963919584142007	C16orf91	0.26962265	False
3495	3.2230411164880715	1.2775875802141987	0.3963919584142007	CCDC154	0.26962265	False
3496	3.2230411164880715	1.2775875802141987	0.3963919584142007	CLCN7	0.26962265	False
3497	3.2230411164880715	1.2775875802141987	0.3963919584142007	PTX4	0.26962265	False
3498	3.2230411164880715	1.2775875802141987	0.3963919584142007	TELO2	0.26962265	False
3499	3.2230411164880715	1.2775875802141987	0.3963919584142007	IFT140	0.26962265	False
3500	3.2230411164880715	1.2775875802141987	0.3963919584142007	TMEM204	0.26962265	False
3501	3.2230411164880715	1.2775875802141987	0.3963919584142007	LOC105371046	0.26962265	False
3502	3.2230411164880715	1.2775875802141987	0.3963919584142007	CRAMP1	0.26962265	False
3503	3.2230411164880715	1.2775875802141987	0.3963919584142007	JPT2	0.26962265	False
3504	3.2230411164880715	1.2775875802141987	0.3963919584142007	MAPK8IP3	0.26962265	False
3505	3.2230411164880715	1.2775875802141987	0.3963919584142007	MIR3177	0.26962265	False
3506	3.2230411164880715	1.2775875802141987	0.3963919584142007	NME3	0.26962265	False
3507	3.2230411164880715	1.2775875802141987	0.3963919584142007	MRPS34	0.26962265	False
3508	3.2230411164880715	1.2775875802141987	0.3963919584142007	EME2	0.26962265	False
3509	3.2230411164880715	1.2775875802141987	0.3963919584142007	SPSB3	0.26962265	False
3510	3.2230411164880715	1.2775875802141987	0.3963919584142007	NUBP2	0.26962265	False
3511	3.2230411164880715	1.2775875802141987	0.3963919584142007	IGFALS	0.26962265	False
3512	3.2230411164880715	1.2775875802141987	0.3963919584142007	HAGH	0.26962265	False
3513	3.2230411164880715	1.2775875802141987	0.3963919584142007	FAHD1	0.26962265	False
3514	3.2230411164880715	1.2775875802141987	0.3963919584142007	MEIOB	0.26962265	False
3515	3.2230411164880715	1.2775875802141987	0.3963919584142007	LINC00254	0.26962265	False
3516	3.240352777145415	1.1360807345079882	0.35060402759875336	HS3ST6	0.2696222	False
3517	3.240352777145415	1.1360807345079882	0.35060402759875336	MSRB1	0.2696222	False
3518	3.240352777145415	1.1360807345079882	0.35060402759875336	RPL3L	0.2696222	False
3519	3.240352777145415	1.1360807345079882	0.35060402759875336	NDUFB10	0.2696222	False
3520	3.240352777145415	1.1360807345079882	0.35060402759875336	RPS2	0.2696222	False
3521	3.240352777145415	1.1360807345079882	0.35060402759875336	SNORA10	0.2696222	False
3522	3.240352777145415	1.1360807345079882	0.35060402759875336	SNORA64	0.2696222	False
3523	3.240352777145415	1.1360807345079882	0.35060402759875336	SNHG9	0.2696222	False
3524	3.240352777145415	1.1360807345079882	0.35060402759875336	SNORA78	0.2696222	False
3525	3.240352777145415	1.1360807345079882	0.35060402759875336	RNF151	0.2696222	False
3526	3.240352777145415	1.1360807345079882	0.35060402759875336	TBL3	0.2696222	False
3527	3.240352777145415	1.1360807345079882	0.35060402759875336	NOXO1	0.2696222	False
3528	3.240352777145415	1.1360807345079882	0.35060402759875336	GFER	0.2696222	False
3529	3.240352777145415	1.1360807345079882	0.35060402759875336	SYNGR3	0.2696222	False
3530	3.240352777145415	1.1360807345079882	0.35060402759875336	ZNF598	0.2696222	False
3531	3.240352777145415	1.1360807345079882	0.35060402759875336	NPW	0.2696222	False
3532	3.240352777145415	1.1360807345079882	0.35060402759875336	SLC9A3R2	0.2696222	False
3533	3.240352777145415	1.1360807345079882	0.35060402759875336	NTHL1	0.2696222	False
3534	3.240352777145415	1.1360807345079882	0.35060402759875336	TSC2	0.2696222	False
3535	3.240352777145415	1.1360807345079882	0.35060402759875336	PKD1	0.2696222	False
3536	3.240352777145415	1.1360807345079882	0.35060402759875336	MIR1225	0.2696222	False
3537	3.240352777145415	1.1360807345079882	0.35060402759875336	LOC105371049	0.2696222	False
3538	3.240352777145415	1.1360807345079882	0.35060402759875336	MIR4516	0.2696222	False
3539	3.240352777145415	1.1360807345079882	0.35060402759875336	MIR3180-5	0.2696222	False
3540	3.240352777145415	1.1360807345079882	0.35060402759875336	RAB26	0.2696222	False
3541	3.240352777145415	1.1360807345079882	0.35060402759875336	SNHG19	0.2696222	False
3542	3.240352777145415	1.1360807345079882	0.35060402759875336	SNORD60	0.2696222	False
3543	3.240352777145415	1.1360807345079882	0.35060402759875336	TRAF7	0.2696222	False
3544	3.240352777145415	1.1360807345079882	0.35060402759875336	CASKIN1	0.2696222	False
3545	3.240352777145415	1.1360807345079882	0.35060402759875336	MLST8	0.2696222	False
3546	3.240352777145415	1.1360807345079882	0.35060402759875336	BRICD5	0.2696222	False
3547	3.240352777145415	1.1360807345079882	0.35060402759875336	PGP	0.2696222	False
3548	3.240352777145415	1.1360807345079882	0.35060402759875336	E4F1	0.2696222	False
3549	3.240352777145415	1.1360807345079882	0.35060402759875336	DNASE1L2	0.2696222	False
3550	3.240352777145415	1.1360807345079882	0.35060402759875336	ECI1	0.2696222	False
3551	3.240352777145415	1.1360807345079882	0.35060402759875336	RNPS1	0.2696222	False
3552	3.240352777145415	1.1360807345079882	0.35060402759875336	LOC106660606	0.2696222	False
3553	3.240352777145415	1.1360807345079882	0.35060402759875336	MIR3677	0.2696222	False
3554	3.240352777145415	1.1360807345079882	0.35060402759875336	MIR940	0.2696222	False
3555	3.240352777145415	1.1360807345079882	0.35060402759875336	MIR4717	0.2696222	False
3556	3.240352777145415	1.1360807345079882	0.35060402759875336	ABCA3	0.2696222	False
3557	3.240352777145415	1.1360807345079882	0.35060402759875336	CCNF	0.2696222	False
3558	3.240352777145415	1.1360807345079882	0.35060402759875336	TEDC2	0.2696222	False
3559	3.240352777145415	1.1360807345079882	0.35060402759875336	MIR6768	0.2696222	False
3560	3.240352777145415	1.1360807345079882	0.35060402759875336	LOC729652	0.2696222	False
3561	3.240352777145415	1.1360807345079882	0.35060402759875336	NTN3	0.2696222	False
3562	3.240352777145415	1.1360807345079882	0.35060402759875336	TBC1D24	0.2696222	False
3563	3.240352777145415	1.1360807345079882	0.35060402759875336	ATP6V0C	0.2696222	False
3564	3.240352777145415	1.1360807345079882	0.35060402759875336	AMDHD2	0.2696222	False
3565	3.240352777145415	1.1360807345079882	0.35060402759875336	CEMP1	0.2696222	False
3566	3.240352777145415	1.1360807345079882	0.35060402759875336	MIR3178	0.2696222	False
3567	3.240352777145415	1.1360807345079882	0.35060402759875336	PDPK1	0.2696222	False
3568	3.240352777145415	1.1360807345079882	0.35060402759875336	ERVK13-1	0.2696222	False
3569	3.240352777145415	1.1360807345079882	0.35060402759875336	KCTD5	0.2696222	False
3570	3.240352777145415	1.1360807345079882	0.35060402759875336	PRSS27	0.2696222	False
3571	3.240352777145415	1.1360807345079882	0.35060402759875336	SRRM2-AS1	0.2696222	False
3572	3.240352777145415	1.1360807345079882	0.35060402759875336	SRRM2	0.2696222	False
3573	3.240352777145415	1.1360807345079882	0.35060402759875336	ELOB	0.2696222	False
3574	3.240352777145415	1.1360807345079882	0.35060402759875336	PRSS33	0.2696222	False
3575	3.240352777145415	1.1360807345079882	0.35060402759875336	PRSS21	0.2696222	False
3576	3.240352777145415	1.1360807345079882	0.35060402759875336	ZG16B	0.2696222	False
3577	3.240352777145415	1.1360807345079882	0.35060402759875336	PRSS22	0.2696222	False
3578	3.240352777145415	1.1360807345079882	0.35060402759875336	FLYWCH2	0.2696222	False
3579	3.061884493524162	1.0833654764760796	0.3538231042899824	FLYWCH1	0.2696215	False
3580	3.061884493524162	1.0833654764760796	0.3538231042899824	KREMEN2	0.2696215	False
3581	3.061884493524162	1.0833654764760796	0.3538231042899824	PKMYT1	0.2696215	False
3582	3.061884493524162	1.0833654764760796	0.3538231042899824	PAQR4	0.2696215	False
3583	3.061884493524162	1.0833654764760796	0.3538231042899824	LOC101929613	0.2696215	False
3584	3.061884493524162	1.0833654764760796	0.3538231042899824	LINC00514	0.2696215	False
3585	3.061884493524162	1.0833654764760796	0.3538231042899824	CLDN9	0.2696215	False
3586	3.061884493524162	1.0833654764760796	0.3538231042899824	CLDN6	0.2696215	False
3587	3.061884493524162	1.0833654764760796	0.3538231042899824	TNFRSF12A	0.2696215	False
3588	3.061884493524162	1.0833654764760796	0.3538231042899824	HCFC1R1	0.2696215	False
3589	3.061884493524162	1.0833654764760796	0.3538231042899824	THOC6	0.2696215	False
3590	3.061884493524162	1.0833654764760796	0.3538231042899824	BICDL2	0.2696215	False
3591	3.061884493524162	1.0833654764760796	0.3538231042899824	LOC100128770	0.2696215	False
3592	3.061884493524162	1.0833654764760796	0.3538231042899824	MMP25	0.2696215	False
3593	3.061884493524162	1.0833654764760796	0.3538231042899824	MMP25-AS1	0.2696215	False
3594	3.061884493524162	1.0833654764760796	0.3538231042899824	IL32	0.2696215	False
3595	3.061884493524162	1.0833654764760796	0.3538231042899824	ZSCAN10	0.2696215	False
3596	3.061884493524162	1.0833654764760796	0.3538231042899824	ZNF205-AS1	0.2696215	False
3597	3.061884493524162	1.0833654764760796	0.3538231042899824	ZNF205	0.2696215	False
3598	3.061884493524162	1.0833654764760796	0.3538231042899824	ZNF213-AS1	0.2696215	False
3599	3.061884493524162	1.0833654764760796	0.3538231042899824	ZNF213	0.2696215	False
3600	3.061884493524162	1.0833654764760796	0.3538231042899824	OR1F1	0.2696215	False
3601	3.061884493524162	1.0833654764760796	0.3538231042899824	ZNF200	0.2696215	False
3602	3.061884493524162	1.0833654764760796	0.3538231042899824	MEFV	0.2696215	False
3603	3.061884493524162	1.0833654764760796	0.3538231042899824	LINC00921	0.2696215	False
3604	3.061884493524162	1.0833654764760796	0.3538231042899824	ZNF263	0.2696215	False
3605	3.061884493524162	1.0833654764760796	0.3538231042899824	TIGD7	0.2696215	False
3606	3.061884493524162	1.0833654764760796	0.3538231042899824	ZNF75A	0.2696215	False
3607	3.061884493524162	1.0833654764760796	0.3538231042899824	OR2C1	0.2696215	False
3608	3.061884493524162	1.0833654764760796	0.3538231042899824	NAA60	0.2696215	False
3609	3.061884493524162	1.0833654764760796	0.3538231042899824	MTRNR2L4	0.2696215	False
3610	3.061884493524162	1.0833654764760796	0.3538231042899824	ZSCAN32	0.2696215	False
3611	3.061884493524162	1.0833654764760796	0.3538231042899824	ZNF174	0.2696215	False
3612	3.061884493524162	1.0833654764760796	0.3538231042899824	ZNF597	0.2696215	False
3613	3.061884493524162	1.0833654764760796	0.3538231042899824	CLUAP1	0.2696215	False
3614	3.061884493524162	1.0833654764760796	0.3538231042899824	MIR6126	0.2696215	False
3615	3.061884493524162	1.0833654764760796	0.3538231042899824	C16orf90	0.2696215	False
3616	3.061884493524162	1.0833654764760796	0.3538231042899824	NLRC3	0.2696215	False
3617	3.061884493524162	1.0833654764760796	0.3538231042899824	SLX4	0.2696215	False
3618	3.061884493524162	1.0833654764760796	0.3538231042899824	DNASE1	0.2696215	False
3619	3.061884493524162	1.0833654764760796	0.3538231042899824	TRAP1	0.2696215	False
3620	3.061884493524162	1.0833654764760796	0.3538231042899824	CREBBP	0.2696215	False
3621	3.0909976829999684	0.9961419438079969	0.3222719801074685	SNX29P2	0.26962036	False
3622	3.0909976829999684	0.9961419438079969	0.3222719801074685	NPIPB11	0.26962036	False
3623	3.0909976829999684	0.9961419438079969	0.3222719801074685	BOLA2-SMG1P6	0.26962036	False
3624	3.203073698601796	0.9404331815927369	0.293603354179223	BOLA2	0.2696208	False
3625	3.203073698601796	0.9404331815927369	0.293603354179223	SLX1A	0.2696208	False
3626	3.203073698601796	0.9404331815927369	0.293603354179223	SLX1A-SULT1A3	0.2696208	False
3627	3.203073698601796	0.9404331815927369	0.293603354179223	SULT1A4	0.2696208	False
3628	3.203073698601796	0.9404331815927369	0.293603354179223	LOC388242	0.2696208	False
3629	3.0909976829999684	0.9961419438079969	0.3222719801074685	SPN	0.26962036	False
3630	3.0909976829999684	0.9961419438079969	0.3222719801074685	QPRT	0.26962036	False
3631	3.0909976829999684	0.9961419438079969	0.3222719801074685	C16orf54	0.26962036	False
3632	3.0909976829999684	0.9961419438079969	0.3222719801074685	ZG16	0.26962036	False
3633	3.0909976829999684	0.9961419438079969	0.3222719801074685	KIF22	0.26962036	False
3634	3.0909976829999684	0.9961419438079969	0.3222719801074685	MAZ	0.26962036	False
3635	3.0909976829999684	0.9961419438079969	0.3222719801074685	PRRT2	0.26962036	False
3636	3.0909976829999684	0.9961419438079969	0.3222719801074685	PAGR1	0.26962036	False
3637	3.0909976829999684	0.9961419438079969	0.3222719801074685	MVP	0.26962036	False
3638	3.0909976829999684	0.9961419438079969	0.3222719801074685	CDIPT	0.26962036	False
3639	3.0909976829999684	0.9961419438079969	0.3222719801074685	CDIPTOSP	0.26962036	False
3640	3.0909976829999684	0.9961419438079969	0.3222719801074685	SEZ6L2	0.26962036	False
3641	3.203073698601796	0.9404331815927369	0.293603354179223	ASPHD1	0.2696208	False
3642	3.203073698601796	0.9404331815927369	0.293603354179223	KCTD13	0.2696208	False
3643	3.203073698601796	0.9404331815927369	0.293603354179223	TMEM219	0.2696208	False
3644	3.203073698601796	0.9404331815927369	0.293603354179223	TAOK2	0.2696208	False
3645	3.203073698601796	0.9404331815927369	0.293603354179223	HIRIP3	0.2696208	False
3646	3.203073698601796	0.9404331815927369	0.293603354179223	INO80E	0.2696208	False
3647	3.203073698601796	0.9404331815927369	0.293603354179223	DOC2A	0.2696208	False
3648	3.203073698601796	0.9404331815927369	0.293603354179223	C16orf92	0.2696208	False
3649	3.203073698601796	0.9404331815927369	0.293603354179223	FAM57B	0.2696208	False
3650	3.203073698601796	0.9404331815927369	0.293603354179223	ALDOA	0.2696208	False
3651	3.203073698601796	0.9404331815927369	0.293603354179223	PPP4C	0.2696208	False
3652	3.203073698601796	0.9404331815927369	0.293603354179223	TBX6	0.2696208	False
3653	3.203073698601796	0.9404331815927369	0.293603354179223	YPEL3	0.2696208	False
3654	3.203073698601796	0.9404331815927369	0.293603354179223	LOC101928595	0.2696208	False
3655	3.5193763908896547	1.1119897193015686	0.31596214664055056	GDPD3	0.26962292	False
3656	3.5193763908896547	1.1119897193015686	0.31596214664055056	MAPK3	0.26962292	False
3657	3.5193763908896547	1.1119897193015686	0.31596214664055056	CORO1A	0.26962292	False
3658	3.5193763908896547	1.1119897193015686	0.31596214664055056	NPIPB13	0.26962292	False
3659	3.5193763908896547	1.1119897193015686	0.31596214664055056	CD2BP2	0.26962292	False
3660	3.5193763908896547	1.1119897193015686	0.31596214664055056	TBC1D10B	0.26962292	False
3661	3.5193763908896547	1.1119897193015686	0.31596214664055056	MYLPF	0.26962292	False
3662	3.5193763908896547	1.1119897193015686	0.31596214664055056	SEPT1	0.26962292	False
3663	3.5193763908896547	1.1119897193015686	0.31596214664055056	ZNF48	0.26962292	False
3664	3.5193763908896547	1.1119897193015686	0.31596214664055056	ZNF771	0.26962292	False
3665	3.5193763908896547	1.1119897193015686	0.31596214664055056	DCTPP1	0.26962292	False
3666	3.5193763908896547	1.1119897193015686	0.31596214664055056	SEPHS2	0.26962292	False
3667	3.5193763908896547	1.1119897193015686	0.31596214664055056	ITGAL	0.26962292	False
3668	3.5193763908896547	1.1119897193015686	0.31596214664055056	MIR4518	0.26962292	False
3669	3.5193763908896547	1.1119897193015686	0.31596214664055056	ZNF768	0.26962292	False
3670	3.5193763908896547	1.1119897193015686	0.31596214664055056	ZNF747	0.26962292	False
3671	3.5193763908896547	1.1119897193015686	0.31596214664055056	ZNF764	0.26962292	False
3672	3.5193763908896547	1.1119897193015686	0.31596214664055056	ZNF688	0.26962292	False
3673	3.5193763908896547	1.1119897193015686	0.31596214664055056	ZNF785	0.26962292	False
3674	3.5193763908896547	1.1119897193015686	0.31596214664055056	ZNF689	0.26962292	False
3675	3.5193763908896547	1.1119897193015686	0.31596214664055056	PRR14	0.26962292	False
3676	3.5193763908896547	1.1119897193015686	0.31596214664055056	FBRS	0.26962292	False
3677	3.5193763908896547	1.1119897193015686	0.31596214664055056	LOC730183	0.26962292	False
3678	3.5193763908896547	1.1119897193015686	0.31596214664055056	SRCAP	0.26962292	False
3679	3.5193763908896547	1.1119897193015686	0.31596214664055056	SNORA30	0.26962292	False
3680	3.5193763908896547	1.1119897193015686	0.31596214664055056	TMEM265	0.26962292	False
3681	3.5193763908896547	1.1119897193015686	0.31596214664055056	PHKG2	0.26962292	False
3682	3.5193763908896547	1.1119897193015686	0.31596214664055056	CCDC189	0.26962292	False
3683	3.5193763908896547	1.1119897193015686	0.31596214664055056	RNF40	0.26962292	False
3684	3.5193763908896547	1.1119897193015686	0.31596214664055056	ZNF629	0.26962292	False
3685	3.5193763908896547	1.1119897193015686	0.31596214664055056	BCL7C	0.26962292	False
3686	3.5193763908896547	1.1119897193015686	0.31596214664055056	MIR762HG	0.26962292	False
3687	3.5193763908896547	1.1119897193015686	0.31596214664055056	MIR4519	0.26962292	False
3688	3.5193763908896547	1.1119897193015686	0.31596214664055056	MIR762	0.26962292	False
3689	3.5193763908896547	1.1119897193015686	0.31596214664055056	CTF1	0.26962292	False
3690	3.5193763908896547	1.1119897193015686	0.31596214664055056	FBXL19-AS1	0.26962292	False
3691	3.5193763908896547	1.1119897193015686	0.31596214664055056	FBXL19	0.26962292	False
3692	3.5193763908896547	1.1119897193015686	0.31596214664055056	ORAI3	0.26962292	False
3693	3.5193763908896547	1.1119897193015686	0.31596214664055056	SETD1A	0.26962292	False
3694	3.5193763908896547	1.1119897193015686	0.31596214664055056	HSD3B7	0.26962292	False
3695	3.5193763908896547	1.1119897193015686	0.31596214664055056	STX1B	0.26962292	False
3696	3.5193763908896547	1.1119897193015686	0.31596214664055056	STX4	0.26962292	False
3697	3.5193763908896547	1.1119897193015686	0.31596214664055056	ZNF668	0.26962292	False
3698	3.5193763908896547	1.1119897193015686	0.31596214664055056	ZNF646	0.26962292	False
3699	3.5193763908896547	1.1119897193015686	0.31596214664055056	PRSS53	0.26962292	False
3700	3.5193763908896547	1.1119897193015686	0.31596214664055056	VKORC1	0.26962292	False
3701	3.625001915599886	1.2951535197580626	0.3572835407850352	BCKDK	0.26962426	False
3702	3.625001915599886	1.2951535197580626	0.3572835407850352	KAT8	0.26962426	False
3703	3.625001915599886	1.2951535197580626	0.3572835407850352	PRSS8	0.26962426	False
3704	3.625001915599886	1.2951535197580626	0.3572835407850352	PRSS36	0.26962426	False
3705	3.625001915599886	1.2951535197580626	0.3572835407850352	FUS	0.26962426	False
3706	3.625001915599886	1.2951535197580626	0.3572835407850352	PYCARD	0.26962426	False
3707	3.625001915599886	1.2951535197580626	0.3572835407850352	PYCARD-AS1	0.26962426	False
3708	3.625001915599886	1.2951535197580626	0.3572835407850352	TRIM72	0.26962426	False
3709	3.625001915599886	1.2951535197580626	0.3572835407850352	PYDC1	0.26962426	False
3710	3.625001915599886	1.2951535197580626	0.3572835407850352	ITGAM	0.26962426	False
3711	3.625001915599886	1.2951535197580626	0.3572835407850352	ITGAX	0.26962426	False
3712	3.625001915599886	1.2951535197580626	0.3572835407850352	ITGAD	0.26962426	False
3713	3.625001915599886	1.2951535197580626	0.3572835407850352	COX6A2	0.26962426	False
3714	3.625001915599886	1.2951535197580626	0.3572835407850352	ZNF843	0.26962426	False
3715	3.625001915599886	1.2951535197580626	0.3572835407850352	ARMC5	0.26962426	False
3716	3.625001915599886	1.2951535197580626	0.3572835407850352	TGFB1I1	0.26962426	False
3717	3.625001915599886	1.2951535197580626	0.3572835407850352	SLC5A2	0.26962426	False
3718	3.625001915599886	1.2951535197580626	0.3572835407850352	C16orf58	0.26962426	False
3719	3.625001915599886	1.2951535197580626	0.3572835407850352	AHSP	0.26962426	False
3720	3.625001915599886	1.2951535197580626	0.3572835407850352	ZNF720	0.26962426	False
3721	3.625001915599886	1.2951535197580626	0.3572835407850352	ZNF267	0.26962426	False
3722	3.7033014520095198	1.4069696355772103	0.379923064273838	TP53TG3D	0.26962623	False
3723	3.073323858764582	1.2098342379125924	0.39365660552250514	ALOX12-AS1	0.26962137	False
3724	3.073323858764582	1.2098342379125924	0.39365660552250514	MIR497HG	0.26962137	False
3725	3.073323858764582	1.2098342379125924	0.39365660552250514	ALOX12	0.26962137	False
3726	3.073323858764582	1.2098342379125924	0.39365660552250514	RNASEK	0.26962137	False
3727	3.073323858764582	1.2098342379125924	0.39365660552250514	RNASEK-C17orf49	0.26962137	False
3728	3.073323858764582	1.2098342379125924	0.39365660552250514	C17orf49	0.26962137	False
3729	3.073323858764582	1.2098342379125924	0.39365660552250514	MIR497	0.26962137	False
3730	3.073323858764582	1.2098342379125924	0.39365660552250514	MIR195	0.26962137	False
3731	3.073323858764582	1.2098342379125924	0.39365660552250514	BCL6B	0.26962137	False
3732	3.073323858764582	1.2098342379125924	0.39365660552250514	SLC16A13	0.26962137	False
3733	3.073323858764582	1.2098342379125924	0.39365660552250514	SLC16A11	0.26962137	False
3734	3.073323858764582	1.2098342379125924	0.39365660552250514	CLEC10A	0.26962137	False
3735	3.285921903995163	1.4936344855956665	0.45455568611647235	ASGR2	0.26962364	False
3736	3.285921903995163	1.4936344855956665	0.45455568611647235	ASGR1	0.26962364	False
3737	3.285921903995163	1.4936344855956665	0.45455568611647235	DLG4	0.26962364	False
3738	3.285921903995163	1.4936344855956665	0.45455568611647235	ACADVL	0.26962364	False
3739	3.285921903995163	1.4936344855956665	0.45455568611647235	MIR324	0.26962364	False
3740	3.285921903995163	1.4936344855956665	0.45455568611647235	DVL2	0.26962364	False
3741	3.285921903995163	1.4936344855956665	0.45455568611647235	PHF23	0.26962364	False
3742	3.285921903995163	1.4936344855956665	0.45455568611647235	GABARAP	0.26962364	False
3743	3.285921903995163	1.4936344855956665	0.45455568611647235	CTDNEP1	0.26962364	False
3744	3.285921903995163	1.4936344855956665	0.45455568611647235	CLDN7	0.26962364	False
3745	3.285921903995163	1.4936344855956665	0.45455568611647235	ELP5	0.26962364	False
3746	3.285921903995163	1.4936344855956665	0.45455568611647235	SLC2A4	0.26962364	False
3747	3.285921903995163	1.4936344855956665	0.45455568611647235	YBX2	0.26962364	False
3748	3.285921903995163	1.4936344855956665	0.45455568611647235	EIF5A	0.26962364	False
3749	3.285921903995163	1.4936344855956665	0.45455568611647235	GPS2	0.26962364	False
3750	3.285921903995163	1.4936344855956665	0.45455568611647235	NEURL4	0.26962364	False
3751	3.285921903995163	1.4936344855956665	0.45455568611647235	ACAP1	0.26962364	False
3752	3.285921903995163	1.4936344855956665	0.45455568611647235	KCTD11	0.26962364	False
3753	3.285921903995163	1.4936344855956665	0.45455568611647235	TMEM95	0.26962364	False
3754	3.285921903995163	1.4936344855956665	0.45455568611647235	TNK1	0.26962364	False
3755	3.285921903995163	1.4936344855956665	0.45455568611647235	PLSCR3	0.26962364	False
3756	3.285921903995163	1.4936344855956665	0.45455568611647235	TMEM256-PLSCR3	0.26962364	False
3757	3.285921903995163	1.4936344855956665	0.45455568611647235	TMEM256	0.26962364	False
3758	3.285921903995163	1.4936344855956665	0.45455568611647235	NLGN2	0.26962364	False
3759	3.285921903995163	1.4936344855956665	0.45455568611647235	FGF11	0.26962364	False
3760	3.285921903995163	1.4936344855956665	0.45455568611647235	SPEM1	0.26962364	False
3761	3.285921903995163	1.4936344855956665	0.45455568611647235	SPEM2	0.26962364	False
3762	3.285921903995163	1.4936344855956665	0.45455568611647235	TMEM102	0.26962364	False
3763	3.285921903995163	1.4936344855956665	0.45455568611647235	CHRNB1	0.26962364	False
3764	3.285921903995163	1.4936344855956665	0.45455568611647235	ZBTB4	0.26962364	False
3765	3.285921903995163	1.4936344855956665	0.45455568611647235	SLC35G6	0.26962364	False
3766	3.285921903995163	1.4936344855956665	0.45455568611647235	POLR2A	0.26962364	False
3767	3.285921903995163	1.4936344855956665	0.45455568611647235	TNFSF12	0.26962364	False
3768	3.285921903995163	1.4936344855956665	0.45455568611647235	TNFSF12-TNFSF13	0.26962364	False
3769	3.285921903995163	1.4936344855956665	0.45455568611647235	TNFSF13	0.26962364	False
3770	3.285921903995163	1.4936344855956665	0.45455568611647235	SENP3	0.26962364	False
3771	3.285921903995163	1.4936344855956665	0.45455568611647235	SENP3-EIF4A1	0.26962364	False
3772	3.285921903995163	1.4936344855956665	0.45455568611647235	EIF4A1	0.26962364	False
3773	3.285921903995163	1.4936344855956665	0.45455568611647235	CD68	0.26962364	False
3774	3.285921903995163	1.4936344855956665	0.45455568611647235	SNORA48	0.26962364	False
3775	3.285921903995163	1.4936344855956665	0.45455568611647235	SNORD10	0.26962364	False
3776	3.285921903995163	1.4936344855956665	0.45455568611647235	SNORA67	0.26962364	False
3777	3.285921903995163	1.4936344855956665	0.45455568611647235	MPDU1	0.26962364	False
3778	3.285921903995163	1.4936344855956665	0.45455568611647235	SOX15	0.26962364	False
3779	3.285921903995163	1.4936344855956665	0.45455568611647235	FXR2	0.26962364	False
3780	3.285921903995163	1.4936344855956665	0.45455568611647235	SHBG	0.26962364	False
3781	3.285921903995163	1.4936344855956665	0.45455568611647235	SAT2	0.26962364	False
3782	3.285921903995163	1.4936344855956665	0.45455568611647235	ATP1B2	0.26962364	False
3783	3.285921903995163	1.4936344855956665	0.45455568611647235	TP53	0.26962364	False
3784	3.285921903995163	1.4936344855956665	0.45455568611647235	WRAP53	0.26962364	False
3785	3.285921903995163	1.4936344855956665	0.45455568611647235	EFNB3	0.26962364	False
3786	3.285921903995163	1.4936344855956665	0.45455568611647235	DNAH2	0.26962364	False
3787	3.285921903995163	1.4936344855956665	0.45455568611647235	KDM6B	0.26962364	False
3788	3.285921903995163	1.4936344855956665	0.45455568611647235	TMEM88	0.26962364	False
3789	3.285921903995163	1.4936344855956665	0.45455568611647235	NAA38	0.26962364	False
3790	3.285921903995163	1.4936344855956665	0.45455568611647235	CYB5D1	0.26962364	False
3791	3.085428071644393	1.4371211556345451	0.4657769107768002	CHD3	0.26962203	False
3792	3.085428071644393	1.4371211556345451	0.4657769107768002	SCARNA21	0.26962203	False
3793	3.085428071644393	1.4371211556345451	0.4657769107768002	RNF227	0.26962203	False
3794	3.085428071644393	1.4371211556345451	0.4657769107768002	KCNAB3	0.26962203	False
3795	3.085428071644393	1.4371211556345451	0.4657769107768002	TRAPPC1	0.26962203	False
3796	3.085428071644393	1.4371211556345451	0.4657769107768002	CNTROB	0.26962203	False
3797	3.085428071644393	1.4371211556345451	0.4657769107768002	GUCY2D	0.26962203	False
3798	3.085428071644393	1.4371211556345451	0.4657769107768002	ALOX15B	0.26962203	False
3799	3.085428071644393	1.4371211556345451	0.4657769107768002	ALOX12B	0.26962203	False
3800	3.085428071644393	1.4371211556345451	0.4657769107768002	MIR4314	0.26962203	False
3801	3.085428071644393	1.4371211556345451	0.4657769107768002	ALOXE3	0.26962203	False
3802	3.125624876055268	1.6084897170883643	0.5146138071176276	HES7	0.26962283	False
3803	3.125624876055268	1.6084897170883643	0.5146138071176276	PER1	0.26962283	False
3804	3.125624876055268	1.6084897170883643	0.5146138071176276	MIR6883	0.26962283	False
3805	3.125624876055268	1.6084897170883643	0.5146138071176276	VAMP2	0.26962283	False
3806	3.125624876055268	1.6084897170883643	0.5146138071176276	TMEM107	0.26962283	False
3807	3.125624876055268	1.6084897170883643	0.5146138071176276	SNORD118	0.26962283	False
3808	3.125624876055268	1.6084897170883643	0.5146138071176276	BORCS6	0.26962283	False
3809	3.125624876055268	1.6084897170883643	0.5146138071176276	AURKB	0.26962283	False
3810	3.125624876055268	1.6084897170883643	0.5146138071176276	LINC00324	0.26962283	False
3811	3.125624876055268	1.6084897170883643	0.5146138071176276	CTC1	0.26962283	False
3812	3.125624876055268	1.6084897170883643	0.5146138071176276	PFAS	0.26962283	False
3813	3.125624876055268	1.6084897170883643	0.5146138071176276	SLC25A35	0.26962283	False
3814	3.125624876055268	1.6084897170883643	0.5146138071176276	RANGRF	0.26962283	False
3815	3.125624876055268	1.6084897170883643	0.5146138071176276	ARHGEF15	0.26962283	False
3816	3.125624876055268	1.6084897170883643	0.5146138071176276	ODF4	0.26962283	False
3817	3.125624876055268	1.6084897170883643	0.5146138071176276	KRBA2	0.26962283	False
3818	3.125624876055268	1.6084897170883643	0.5146138071176276	RPL26	0.26962283	False
3819	3.125624876055268	1.6084897170883643	0.5146138071176276	RNF222	0.26962283	False
3820	3.125624876055268	1.6084897170883643	0.5146138071176276	NDEL1	0.26962283	False
3821	3.125624876055268	1.6084897170883643	0.5146138071176276	MYH10	0.26962283	False
3822	3.125624876055268	1.6084897170883643	0.5146138071176276	CCDC42	0.26962283	False
3823	3.125624876055268	1.6084897170883643	0.5146138071176276	SPDYE4	0.26962283	False
3824	3.125624876055268	1.6084897170883643	0.5146138071176276	MFSD6L	0.26962283	False
3825	3.125624876055268	1.6084897170883643	0.5146138071176276	PIK3R6	0.26962283	False
3826	3.3400914076565615	1.995402124424895	0.597409436116267	MIR4522	0.26962626	False
3827	3.3400914076565615	1.995402124424895	0.597409436116267	WSB1	0.26962626	False
3828	3.3400914076565615	1.995402124424895	0.597409436116267	KSR1	0.26962626	False
3829	3.3400914076565615	1.995402124424895	0.597409436116267	LGALS9	0.26962626	False
3830	3.3400914076565615	1.995402124424895	0.597409436116267	NOS2	0.26962626	False
3831	3.3400914076565615	1.995402124424895	0.597409436116267	LYRM9	0.26962626	False
3832	3.411710357004448	1.7311270694752385	0.5074073963873076	NLK	0.26962507	False
3833	3.411710357004448	1.7311270694752385	0.5074073963873076	TMEM97	0.26962507	False
3834	3.411710357004448	1.7311270694752385	0.5074073963873076	IFT20	0.26962507	False
3835	3.411710357004448	1.7311270694752385	0.5074073963873076	TNFAIP1	0.26962507	False
3836	3.411710357004448	1.7311270694752385	0.5074073963873076	POLDIP2	0.26962507	False
3837	3.411710357004448	1.7311270694752385	0.5074073963873076	TMEM199	0.26962507	False
3838	3.411710357004448	1.7311270694752385	0.5074073963873076	MIR4723	0.26962507	False
3839	3.411710357004448	1.7311270694752385	0.5074073963873076	SEBOX	0.26962507	False
3840	3.411710357004448	1.7311270694752385	0.5074073963873076	SARM1	0.26962507	False
3841	3.411710357004448	1.7311270694752385	0.5074073963873076	VTN	0.26962507	False
3842	3.411710357004448	1.7311270694752385	0.5074073963873076	SLC46A1	0.26962507	False
3843	3.411710357004448	1.7311270694752385	0.5074073963873076	SGK494	0.26962507	False
3844	3.411710357004448	1.7311270694752385	0.5074073963873076	SLC13A2	0.26962507	False
3845	3.411710357004448	1.7311270694752385	0.5074073963873076	FOXN1	0.26962507	False
3846	3.411710357004448	1.7311270694752385	0.5074073963873076	UNC119	0.26962507	False
3847	3.411710357004448	1.7311270694752385	0.5074073963873076	PIGS	0.26962507	False
3848	3.411710357004448	1.7311270694752385	0.5074073963873076	ALDOC	0.26962507	False
3849	3.411710357004448	1.7311270694752385	0.5074073963873076	SPAG5	0.26962507	False
3850	3.411710357004448	1.7311270694752385	0.5074073963873076	SPAG5-AS1	0.26962507	False
3851	3.411710357004448	1.7311270694752385	0.5074073963873076	KIAA0100	0.26962507	False
3852	3.411710357004448	1.7311270694752385	0.5074073963873076	SDF2	0.26962507	False
3853	3.411710357004448	1.7311270694752385	0.5074073963873076	SUPT6H	0.26962507	False
3854	3.411710357004448	1.7311270694752385	0.5074073963873076	PROCA1	0.26962507	False
3855	3.411710357004448	1.7311270694752385	0.5074073963873076	RAB34	0.26962507	False
3856	3.411710357004448	1.7311270694752385	0.5074073963873076	RPL23A	0.26962507	False
3857	3.411710357004448	1.7311270694752385	0.5074073963873076	SNORD42B	0.26962507	False
3858	3.411710357004448	1.7311270694752385	0.5074073963873076	SNORD4A	0.26962507	False
3859	3.411710357004448	1.7311270694752385	0.5074073963873076	SNORD42A	0.26962507	False
3860	3.411710357004448	1.7311270694752385	0.5074073963873076	SNORD4B	0.26962507	False
3861	3.411710357004448	1.7311270694752385	0.5074073963873076	TLCD1	0.26962507	False
3862	3.411710357004448	1.7311270694752385	0.5074073963873076	NEK8	0.26962507	False
3863	3.411710357004448	1.7311270694752385	0.5074073963873076	TRAF4	0.26962507	False
3864	3.411710357004448	1.7311270694752385	0.5074073963873076	FAM222B	0.26962507	False
3865	3.411710357004448	1.7311270694752385	0.5074073963873076	ERAL1	0.26962507	False
3866	3.411710357004448	1.7311270694752385	0.5074073963873076	MIR144	0.26962507	False
3867	3.411710357004448	1.7311270694752385	0.5074073963873076	MIR451A	0.26962507	False
3868	3.411710357004448	1.7311270694752385	0.5074073963873076	MIR4732	0.26962507	False
3869	3.411710357004448	1.7311270694752385	0.5074073963873076	FLOT2	0.26962507	False
3870	3.25735328132262	1.4307188173581087	0.43922740144943007	DHRS13	0.26962352	False
3871	3.25735328132262	1.4307188173581087	0.43922740144943007	PHF12	0.26962352	False
3872	3.25735328132262	1.4307188173581087	0.43922740144943007	LOC101927018	0.26962352	False
3873	3.25735328132262	1.4307188173581087	0.43922740144943007	PIPOX	0.26962352	False
3874	3.25735328132262	1.4307188173581087	0.43922740144943007	SEZ6	0.26962352	False
3875	3.25735328132262	1.4307188173581087	0.43922740144943007	MYO18A	0.26962352	False
3876	3.25735328132262	1.4307188173581087	0.43922740144943007	TIAF1	0.26962352	False
3877	3.25735328132262	1.4307188173581087	0.43922740144943007	CRYBA1	0.26962352	False
3878	3.25735328132262	1.4307188173581087	0.43922740144943007	NUFIP2	0.26962352	False
3879	3.25735328132262	1.4307188173581087	0.43922740144943007	TAOK1	0.26962352	False
3880	3.25735328132262	1.4307188173581087	0.43922740144943007	MIR4523	0.26962352	False
3881	3.25735328132262	1.4307188173581087	0.43922740144943007	ABHD15	0.26962352	False
3882	3.25735328132262	1.4307188173581087	0.43922740144943007	TP53I13	0.26962352	False
3883	3.25735328132262	1.4307188173581087	0.43922740144943007	GIT1	0.26962352	False
3884	3.25735328132262	1.4307188173581087	0.43922740144943007	ANKRD13B	0.26962352	False
3885	3.25735328132262	1.4307188173581087	0.43922740144943007	CORO6	0.26962352	False
3886	3.139659563583405	1.2996097567845764	0.413933335912791	SSH2	0.26962233	False
3887	3.139659563583405	1.2996097567845764	0.413933335912791	EFCAB5	0.26962233	False
3888	3.1479305802885746	1.584085899234248	0.5032150038991752	NSRP1	0.26962364	False
3889	3.1479305802885746	1.584085899234248	0.5032150038991752	MIR3184	0.26962364	False
3890	3.1479305802885746	1.584085899234248	0.5032150038991752	MIR423	0.26962364	False
3891	3.1479305802885746	1.584085899234248	0.5032150038991752	SLC6A4	0.26962364	False
3892	3.1479305802885746	1.584085899234248	0.5032150038991752	BLMH	0.26962364	False
3893	3.1479305802885746	1.584085899234248	0.5032150038991752	TMIGD1	0.26962364	False
3894	3.1479305802885746	1.584085899234248	0.5032150038991752	CPD	0.26962364	False
3895	3.1479305802885746	1.584085899234248	0.5032150038991752	GOSR1	0.26962364	False
3896	3.1479305802885746	1.584085899234248	0.5032150038991752	TBC1D29P	0.26962364	False
3897	3.1479305802885746	1.584085899234248	0.5032150038991752	SMURF2P1-LRRC37BP1	0.26962364	False
3898	3.1479305802885746	1.584085899234248	0.5032150038991752	CRLF3	0.26962364	False
3899	3.1479305802885746	1.584085899234248	0.5032150038991752	ATAD5	0.26962364	False
3900	3.182912990685291	1.2568132906162304	0.3948625973422021	CDC27	0.26962247	False
3901	3.182912990685291	1.2568132906162304	0.3948625973422021	MYL4	0.26962247	False
3902	3.182912990685291	1.2568132906162304	0.3948625973422021	ITGB3	0.26962247	False
3903	3.182912990685291	1.2568132906162304	0.3948625973422021	THCAT158	0.26962247	False
3904	3.182912990685291	1.2568132906162304	0.3948625973422021	EFCAB13	0.26962247	False
3905	3.182912990685291	1.2568132906162304	0.3948625973422021	NPEPPS	0.26962247	False
3906	3.182912990685291	1.2568132906162304	0.3948625973422021	KPNB1	0.26962247	False
3907	3.182912990685291	1.2568132906162304	0.3948625973422021	TBKBP1	0.26962247	False
3908	3.182912990685291	1.2568132906162304	0.3948625973422021	TBX21	0.26962247	False
3909	3.182912990685291	1.2568132906162304	0.3948625973422021	OSBPL7	0.26962247	False
3910	3.182912990685291	1.2568132906162304	0.3948625973422021	MRPL10	0.26962247	False
3911	3.182912990685291	1.2568132906162304	0.3948625973422021	LRRC46	0.26962247	False
3912	3.182912990685291	1.2568132906162304	0.3948625973422021	SCRN2	0.26962247	False
3913	3.182912990685291	1.2568132906162304	0.3948625973422021	SP6	0.26962247	False
3914	3.182912990685291	1.2568132906162304	0.3948625973422021	LOC102724532	0.26962247	False
3915	3.1704719263801566	1.3383508972445883	0.4221298684617695	SNX11	0.26962245	False
3916	3.1704719263801566	1.3383508972445883	0.4221298684617695	SKAP1	0.26962245	False
3917	3.1704719263801566	1.3383508972445883	0.4221298684617695	MIR1203	0.26962245	False
3918	3.1704719263801566	1.3383508972445883	0.4221298684617695	THRA1/BTR	0.26962245	False
3919	3.1704719263801566	1.3383508972445883	0.4221298684617695	LOC101927166	0.26962245	False
3920	3.1704719263801566	1.3383508972445883	0.4221298684617695	HOXB1	0.26962245	False
3921	3.1704719263801566	1.3383508972445883	0.4221298684617695	HOXB2	0.26962245	False
3922	3.1704719263801566	1.3383508972445883	0.4221298684617695	HOXB-AS1	0.26962245	False
3923	3.1704719263801566	1.3383508972445883	0.4221298684617695	HOXB3	0.26962245	False
3924	3.1704719263801566	1.3383508972445883	0.4221298684617695	HOXB-AS3	0.26962245	False
3925	3.1704719263801566	1.3383508972445883	0.4221298684617695	HOXB6	0.26962245	False
3926	3.1704719263801566	1.3383508972445883	0.4221298684617695	HOXB4	0.26962245	False
3927	3.1704719263801566	1.3383508972445883	0.4221298684617695	MIR10A	0.26962245	False
3928	3.1704719263801566	1.3383508972445883	0.4221298684617695	HOXB5	0.26962245	False
3929	3.1704719263801566	1.3383508972445883	0.4221298684617695	HOXB7	0.26962245	False
3930	3.1704719263801566	1.3383508972445883	0.4221298684617695	HOXB8	0.26962245	False
3931	3.1704719263801566	1.3383508972445883	0.4221298684617695	HOXB9	0.26962245	False
3932	3.1704719263801566	1.3383508972445883	0.4221298684617695	MIR196A1	0.26962245	False
3933	3.1704719263801566	1.3383508972445883	0.4221298684617695	PRAC1	0.26962245	False
3934	3.1704719263801566	1.3383508972445883	0.4221298684617695	PRAC2	0.26962245	False
3935	3.1704719263801566	1.3383508972445883	0.4221298684617695	MIR3185	0.26962245	False
3936	3.1704719263801566	1.3383508972445883	0.4221298684617695	HOXB13	0.26962245	False
3937	3.1704719263801566	1.3383508972445883	0.4221298684617695	TTLL6	0.26962245	False
3938	3.1704719263801566	1.3383508972445883	0.4221298684617695	CALCOCO2	0.26962245	False
3939	3.1704719263801566	1.3383508972445883	0.4221298684617695	ATP5MC1	0.26962245	False
3940	3.3293806851047694	1.5173276501386959	0.45573870748005146	OR4D1	0.26962435	False
3941	3.3293806851047694	1.5173276501386959	0.45573870748005146	OR4D2	0.26962435	False
3942	3.3293806851047694	1.5173276501386959	0.45573870748005146	EPX	0.26962435	False
3943	3.3293806851047694	1.5173276501386959	0.45573870748005146	MKS1	0.26962435	False
3944	3.3293806851047694	1.5173276501386959	0.45573870748005146	LPO	0.26962435	False
3945	3.3293806851047694	1.5173276501386959	0.45573870748005146	MPO	0.26962435	False
3946	3.3293806851047694	1.5173276501386959	0.45573870748005146	TSPOAP1	0.26962435	False
3947	3.3293806851047694	1.5173276501386959	0.45573870748005146	TSPOAP1-AS1	0.26962435	False
3948	3.3293806851047694	1.5173276501386959	0.45573870748005146	MIR142	0.26962435	False
3949	3.3293806851047694	1.5173276501386959	0.45573870748005146	MIR4736	0.26962435	False
3950	3.3293806851047694	1.5173276501386959	0.45573870748005146	SUPT4H1	0.26962435	False
3951	3.3293806851047694	1.5173276501386959	0.45573870748005146	RNF43	0.26962435	False
3952	3.3293806851047694	1.5173276501386959	0.45573870748005146	HSF5	0.26962435	False
3953	3.3293806851047694	1.5173276501386959	0.45573870748005146	MTMR4	0.26962435	False
3954	3.3293806851047694	1.5173276501386959	0.45573870748005146	SEPT4-AS1	0.26962435	False
3955	3.3293806851047694	1.5173276501386959	0.45573870748005146	SEPT4	0.26962435	False
3956	3.3293806851047694	1.5173276501386959	0.45573870748005146	C17orf47	0.26962435	False
3957	3.3293806851047694	1.5173276501386959	0.45573870748005146	TEX14	0.26962435	False
3958	3.3293806851047694	1.5173276501386959	0.45573870748005146	RAD51C	0.26962435	False
3959	3.263074228628301	1.433121386644914	0.4391936211783191	PPM1E	0.26962352	False
3960	3.263074228628301	1.433121386644914	0.4391936211783191	TRIM37	0.26962352	False
3961	3.468805806167903	1.8366320461987617	0.5294709905446526	SKA2	0.26962608	False
3962	3.468805806167903	1.8366320461987617	0.5294709905446526	MIR454	0.26962608	False
3963	3.468805806167903	1.8366320461987617	0.5294709905446526	MIR301A	0.26962608	False
3964	3.468805806167903	1.8366320461987617	0.5294709905446526	PRR11	0.26962608	False
3965	3.468805806167903	1.8366320461987617	0.5294709905446526	SMG8	0.26962608	False
3966	3.468805806167903	1.8366320461987617	0.5294709905446526	GDPD1	0.26962608	False
3967	3.468805806167903	1.8366320461987617	0.5294709905446526	YPEL2	0.26962608	False
3968	3.468805806167903	1.8366320461987617	0.5294709905446526	MIR4729	0.26962608	False
3969	3.468805806167903	1.8366320461987617	0.5294709905446526	LINC01476	0.26962608	False
3970	3.468805806167903	1.8366320461987617	0.5294709905446526	DHX40	0.26962608	False
3971	3.468805806167903	1.8366320461987617	0.5294709905446526	CLTC	0.26962608	False
3972	3.468805806167903	1.8366320461987617	0.5294709905446526	PTRH2	0.26962608	False
3973	3.468805806167903	1.8366320461987617	0.5294709905446526	VMP1	0.26962608	False
3974	3.468805806167903	1.8366320461987617	0.5294709905446526	MIR21	0.26962608	False
3975	3.468805806167903	1.8366320461987617	0.5294709905446526	TUBD1	0.26962608	False
3976	3.2024386702670924	1.5131660563786695	0.4725043044313686	RPS6KB1	0.2696238	False
3977	3.2024386702670924	1.5131660563786695	0.4725043044313686	RNFT1-DT	0.2696238	False
3978	3.2024386702670924	1.5131660563786695	0.4725043044313686	RNFT1	0.2696238	False
3979	3.2024386702670924	1.5131660563786695	0.4725043044313686	TBC1D3P1-DHX40P1	0.2696238	False
3980	3.2024386702670924	1.5131660563786695	0.4725043044313686	MIR4737	0.2696238	False
3981	3.2024386702670924	1.5131660563786695	0.4725043044313686	HEATR6	0.2696238	False
3982	3.2024386702670924	1.5131660563786695	0.4725043044313686	WFDC21P	0.2696238	False
3983	3.2474952964242134	1.7946450657338782	0.5526243772269493	CA4	0.26962537	False
3984	3.2474952964242134	1.7946450657338782	0.5526243772269493	USP32	0.26962537	False
3985	3.2474952964242134	1.7946450657338782	0.5526243772269493	SCARNA20	0.26962537	False
3986	3.2474952964242134	1.7946450657338782	0.5526243772269493	C17orf64	0.26962537	False
3987	3.2474952964242134	1.7946450657338782	0.5526243772269493	APPBP2	0.26962537	False
3988	3.2474952964242134	1.7946450657338782	0.5526243772269493	LINC01999	0.26962537	False
3989	3.2474952964242134	1.7946450657338782	0.5526243772269493	PPM1D	0.26962537	False
3990	3.2941013108909325	1.5520306606618643	0.4711545013902737	CYB561	0.26962408	False
3991	3.2941013108909325	1.5520306606618643	0.4711545013902737	ACE	0.26962408	False
3992	3.2941013108909325	1.5520306606618643	0.4711545013902737	KCNH6	0.26962408	False
3993	3.2941013108909325	1.5520306606618643	0.4711545013902737	DCAF7	0.26962408	False
3994	3.2941013108909325	1.5520306606618643	0.4711545013902737	TACO1	0.26962408	False
3995	3.2941013108909325	1.5520306606618643	0.4711545013902737	MAP3K3	0.26962408	False
3996	3.2941013108909325	1.5520306606618643	0.4711545013902737	LIMD2	0.26962408	False
3997	3.2941013108909325	1.5520306606618643	0.4711545013902737	LOC729683	0.26962408	False
3998	3.2941013108909325	1.5520306606618643	0.4711545013902737	STRADA	0.26962408	False
3999	3.2941013108909325	1.5520306606618643	0.4711545013902737	CCDC47	0.26962408	False
4000	3.2941013108909325	1.5520306606618643	0.4711545013902737	DDX42	0.26962408	False
4001	3.2941013108909325	1.5520306606618643	0.4711545013902737	FTSJ3	0.26962408	False
4002	3.2941013108909325	1.5520306606618643	0.4711545013902737	PSMC5	0.26962408	False
4003	3.2941013108909325	1.5520306606618643	0.4711545013902737	SMARCD2	0.26962408	False
4004	3.2941013108909325	1.5520306606618643	0.4711545013902737	CSH2	0.26962408	False
4005	3.2941013108909325	1.5520306606618643	0.4711545013902737	GH2	0.26962408	False
4006	3.2941013108909325	1.5520306606618643	0.4711545013902737	CSH1	0.26962408	False
4007	3.244050271725744	1.5287971086990764	0.47126184264888077	SNHG25	0.26962373	False
4008	3.244050271725744	1.5287971086990764	0.47126184264888077	SNORD104	0.26962373	False
4009	3.244050271725744	1.5287971086990764	0.47126184264888077	SNORA50C	0.26962373	False
4010	3.244050271725744	1.5287971086990764	0.47126184264888077	TEX2	0.26962373	False
4011	3.244050271725744	1.5287971086990764	0.47126184264888077	PECAM1	0.26962373	False
4012	3.244050271725744	1.5287971086990764	0.47126184264888077	MILR1	0.26962373	False
4013	3.244050271725744	1.5287971086990764	0.47126184264888077	POLG2	0.26962373	False
4014	3.244050271725744	1.5287971086990764	0.47126184264888077	DDX5	0.26962373	False
4015	3.244050271725744	1.5287971086990764	0.47126184264888077	MIR3064	0.26962373	False
4016	3.244050271725744	1.5287971086990764	0.47126184264888077	MIR5047	0.26962373	False
4017	3.244050271725744	1.5287971086990764	0.47126184264888077	CEP95	0.26962373	False
4018	3.244050271725744	1.5287971086990764	0.47126184264888077	SMURF2	0.26962373	False
4019	3.244050271725744	1.5287971086990764	0.47126184264888077	ARHGAP27P1	0.26962373	False
4020	3.244050271725744	1.5287971086990764	0.47126184264888077	MIR6080	0.26962373	False
4021	3.4245609922034945	1.8904851651499661	0.5520372303059947	AMZ2	0.26962674	False
4022	3.4245609922034945	1.8904851651499661	0.5520372303059947	ARSG	0.26962674	False
4023	3.4245609922034945	1.8904851651499661	0.5520372303059947	SLC16A6	0.26962674	False
4024	3.4245609922034945	1.8904851651499661	0.5520372303059947	PRKAR1A	0.26962674	False
4025	3.4245609922034945	1.8904851651499661	0.5520372303059947	WIPI1	0.26962674	False
4026	3.4245609922034945	1.8904851651499661	0.5520372303059947	MIR635	0.26962674	False
4027	3.4245609922034945	1.8904851651499661	0.5520372303059947	FAM20A	0.26962674	False
4028	3.4245609922034945	1.8904851651499661	0.5520372303059947	LINC01482	0.26962674	False
4029	3.541651158901331	3.0089840210059284	0.8495992083927759	ADCYAP1	0.26963407	False
4030	3.541651158901331	3.0089840210059284	0.8495992083927759	LINC00470	0.26963407	False
4031	3.4507828281291406	2.4479244381514795	0.7093823517948343	METTL4	0.2696309	False
4032	3.4507828281291406	2.4479244381514795	0.7093823517948343	NDC80	0.2696309	False
4033	3.4507828281291406	2.4479244381514795	0.7093823517948343	SMCHD1	0.2696309	False
4034	3.8899110567105772	1.5298722518950836	0.39329234771470284	R3HDM4	0.26962674	False
4035	3.8899110567105772	1.5298722518950836	0.39329234771470284	KISS1R	0.26962674	False
4036	3.8899110567105772	1.5298722518950836	0.39329234771470284	ARID3A	0.26962674	False
4037	3.8899110567105772	1.5298722518950836	0.39329234771470284	WDR18	0.26962674	False
4038	3.8899110567105772	1.5298722518950836	0.39329234771470284	GRIN3B	0.26962674	False
4039	3.8899110567105772	1.5298722518950836	0.39329234771470284	TMEM259	0.26962674	False
4040	3.8899110567105772	1.5298722518950836	0.39329234771470284	CNN2	0.26962674	False
4041	3.8899110567105772	1.5298722518950836	0.39329234771470284	ABCA7	0.26962674	False
4042	3.8899110567105772	1.5298722518950836	0.39329234771470284	ARHGAP45	0.26962674	False
4043	3.8899110567105772	1.5298722518950836	0.39329234771470284	POLR2E	0.26962674	False
4044	3.8899110567105772	1.5298722518950836	0.39329234771470284	GPX4	0.26962674	False
4045	3.8899110567105772	1.5298722518950836	0.39329234771470284	SBNO2	0.26962674	False
4046	3.8899110567105772	1.5298722518950836	0.39329234771470284	STK11	0.26962674	False
4047	3.8899110567105772	1.5298722518950836	0.39329234771470284	CBARP	0.26962674	False
4048	3.8899110567105772	1.5298722518950836	0.39329234771470284	ATP5F1D	0.26962674	False
4049	3.8899110567105772	1.5298722518950836	0.39329234771470284	MIDN	0.26962674	False
4050	3.8899110567105772	1.5298722518950836	0.39329234771470284	CIRBP	0.26962674	False
4051	3.8899110567105772	1.5298722518950836	0.39329234771470284	CIRBP-AS1	0.26962674	False
4052	3.8899110567105772	1.5298722518950836	0.39329234771470284	C19orf24	0.26962674	False
4053	3.8899110567105772	1.5298722518950836	0.39329234771470284	MUM1	0.26962674	False
4054	3.8899110567105772	1.5298722518950836	0.39329234771470284	EFNA2	0.26962674	False
4055	3.8899110567105772	1.5298722518950836	0.39329234771470284	NDUFS7	0.26962674	False
4056	3.8899110567105772	1.5298722518950836	0.39329234771470284	GAMT	0.26962674	False
4057	3.8899110567105772	1.5298722518950836	0.39329234771470284	DAZAP1	0.26962674	False
4058	3.8899110567105772	1.5298722518950836	0.39329234771470284	RPS15	0.26962674	False
4059	3.8899110567105772	1.5298722518950836	0.39329234771470284	APC2	0.26962674	False
4060	3.8899110567105772	1.5298722518950836	0.39329234771470284	C19orf25	0.26962674	False
4061	3.8899110567105772	1.5298722518950836	0.39329234771470284	PCSK4	0.26962674	False
4062	3.8899110567105772	1.5298722518950836	0.39329234771470284	REEP6	0.26962674	False
4063	3.8899110567105772	1.5298722518950836	0.39329234771470284	ADAMTSL5	0.26962674	False
4064	3.8899110567105772	1.5298722518950836	0.39329234771470284	PLK5	0.26962674	False
4065	3.8899110567105772	1.5298722518950836	0.39329234771470284	MEX3D	0.26962674	False
4066	3.8899110567105772	1.5298722518950836	0.39329234771470284	MBD3	0.26962674	False
4067	3.8899110567105772	1.5298722518950836	0.39329234771470284	UQCR11	0.26962674	False
4068	3.8899110567105772	1.5298722518950836	0.39329234771470284	TCF3	0.26962674	False
4069	3.8899110567105772	1.5298722518950836	0.39329234771470284	ONECUT3	0.26962674	False
4070	3.8899110567105772	1.5298722518950836	0.39329234771470284	ATP8B3	0.26962674	False
4071	3.8899110567105772	1.5298722518950836	0.39329234771470284	REXO1	0.26962674	False
4072	3.8899110567105772	1.5298722518950836	0.39329234771470284	MIR1909	0.26962674	False
4073	3.8899110567105772	1.5298722518950836	0.39329234771470284	LOC100288123	0.26962674	False
4074	3.8899110567105772	1.5298722518950836	0.39329234771470284	KLF16	0.26962674	False
4075	3.8899110567105772	1.5298722518950836	0.39329234771470284	ABHD17A	0.26962674	False
4076	3.7075640650665616	1.216283837108332	0.328054705397652	SCAMP4	0.269624	False
4077	3.7075640650665616	1.216283837108332	0.328054705397652	ADAT3	0.269624	False
4078	3.7075640650665616	1.216283837108332	0.328054705397652	CSNK1G2	0.269624	False
4079	3.7075640650665616	1.216283837108332	0.328054705397652	CSNK1G2-AS1	0.269624	False
4080	3.7075640650665616	1.216283837108332	0.328054705397652	BTBD2	0.269624	False
4081	3.7075640650665616	1.216283837108332	0.328054705397652	MKNK2	0.269624	False
4082	3.7075640650665616	1.216283837108332	0.328054705397652	MOB3A	0.269624	False
4083	3.7075640650665616	1.216283837108332	0.328054705397652	IZUMO4	0.269624	False
4084	3.7075640650665616	1.216283837108332	0.328054705397652	AP3D1	0.269624	False
4085	3.7075640650665616	1.216283837108332	0.328054705397652	DOT1L	0.269624	False
4086	3.7075640650665616	1.216283837108332	0.328054705397652	PLEKHJ1	0.269624	False
4087	3.7075640650665616	1.216283837108332	0.328054705397652	MIR1227	0.269624	False
4088	3.7075640650665616	1.216283837108332	0.328054705397652	MIR6789	0.269624	False
4089	3.7075640650665616	1.216283837108332	0.328054705397652	SF3A2	0.269624	False
4090	3.7075640650665616	1.216283837108332	0.328054705397652	AMH	0.269624	False
4091	3.7075640650665616	1.216283837108332	0.328054705397652	MIR4321	0.269624	False
4092	3.7075640650665616	1.216283837108332	0.328054705397652	JSRP1	0.269624	False
4093	3.7075640650665616	1.216283837108332	0.328054705397652	OAZ1	0.269624	False
4094	3.7075640650665616	1.216283837108332	0.328054705397652	SPPL2B	0.269624	False
4095	3.7075640650665616	1.216283837108332	0.328054705397652	PEAK3	0.269624	False
4096	3.7075640650665616	1.216283837108332	0.328054705397652	LSM7	0.269624	False
4097	3.7075640650665616	1.216283837108332	0.328054705397652	TMPRSS9	0.269624	False
4098	3.7075640650665616	1.216283837108332	0.328054705397652	TIMM13	0.269624	False
4099	3.7075640650665616	1.216283837108332	0.328054705397652	LMNB2	0.269624	False
4100	3.7075640650665616	1.216283837108332	0.328054705397652	MIR7108	0.269624	False
4101	3.7075640650665616	1.216283837108332	0.328054705397652	LINC01775	0.269624	False
4102	3.7075640650665616	1.216283837108332	0.328054705397652	GADD45B	0.269624	False
4103	3.7075640650665616	1.216283837108332	0.328054705397652	GNG7	0.269624	False
4104	3.7075640650665616	1.216283837108332	0.328054705397652	MIR7850	0.269624	False
4105	3.7075640650665616	1.216283837108332	0.328054705397652	DIRAS1	0.269624	False
4106	3.7075640650665616	1.216283837108332	0.328054705397652	SLC39A3	0.269624	False
4107	3.7075640650665616	1.216283837108332	0.328054705397652	SGTA	0.269624	False
4108	3.7075640650665616	1.216283837108332	0.328054705397652	THOP1	0.269624	False
4109	3.7075640650665616	1.216283837108332	0.328054705397652	ZNF554	0.269624	False
4110	3.7075640650665616	1.216283837108332	0.328054705397652	ZNF555	0.269624	False
4111	3.7075640650665616	1.216283837108332	0.328054705397652	ZNF556	0.269624	False
4112	3.485552440892455	0.9884826396595359	0.2835942526822063	ZNF57	0.2696221	False
4113	3.485552440892455	0.9884826396595359	0.2835942526822063	ZNF77	0.2696221	False
4114	3.485552440892455	0.9884826396595359	0.2835942526822063	TLE6	0.2696221	False
4115	3.485552440892455	0.9884826396595359	0.2835942526822063	TLE2	0.2696221	False
4116	3.485552440892455	0.9884826396595359	0.2835942526822063	AES	0.2696221	False
4117	3.485552440892455	0.9884826396595359	0.2835942526822063	GNA11	0.2696221	False
4118	3.485552440892455	0.9884826396595359	0.2835942526822063	GNA15	0.2696221	False
4119	3.485552440892455	0.9884826396595359	0.2835942526822063	LOC100996351	0.2696221	False
4120	3.485552440892455	0.9884826396595359	0.2835942526822063	S1PR4	0.2696221	False
4121	3.485552440892455	0.9884826396595359	0.2835942526822063	NCLN	0.2696221	False
4122	3.485552440892455	0.9884826396595359	0.2835942526822063	CELF5	0.2696221	False
4123	3.485552440892455	0.9884826396595359	0.2835942526822063	NFIC	0.2696221	False
4124	3.485552440892455	0.9884826396595359	0.2835942526822063	SMIM24	0.2696221	False
4125	3.485552440892455	0.9884826396595359	0.2835942526822063	DOHH	0.2696221	False
4126	3.485552440892455	0.9884826396595359	0.2835942526822063	FZR1	0.2696221	False
4127	3.485552440892455	0.9884826396595359	0.2835942526822063	MFSD12	0.2696221	False
4128	3.485552440892455	0.9884826396595359	0.2835942526822063	C19orf71	0.2696221	False
4129	3.485552440892455	0.9884826396595359	0.2835942526822063	HMG20B	0.2696221	False
4130	3.485552440892455	0.9884826396595359	0.2835942526822063	GIPC3	0.2696221	False
4131	3.485552440892455	0.9884826396595359	0.2835942526822063	TBXA2R	0.2696221	False
4132	3.485552440892455	0.9884826396595359	0.2835942526822063	CACTIN-AS1	0.2696221	False
4133	3.485552440892455	0.9884826396595359	0.2835942526822063	CACTIN	0.2696221	False
4134	3.485552440892455	0.9884826396595359	0.2835942526822063	PIP5K1C	0.2696221	False
4135	3.485552440892455	0.9884826396595359	0.2835942526822063	TJP3	0.2696221	False
4136	3.485552440892455	0.9884826396595359	0.2835942526822063	APBA3	0.2696221	False
4137	3.485552440892455	0.9884826396595359	0.2835942526822063	MRPL54	0.2696221	False
4138	3.485552440892455	0.9884826396595359	0.2835942526822063	RAX2	0.2696221	False
4139	3.485552440892455	0.9884826396595359	0.2835942526822063	MATK	0.2696221	False
4140	3.485552440892455	0.9884826396595359	0.2835942526822063	ZFR2	0.2696221	False
4141	3.3897617171788506	0.8319380162457477	0.24542669534250716	ATCAY	0.2696214	False
4142	3.3897617171788506	0.8319380162457477	0.24542669534250716	NMRK2	0.2696214	False
4143	3.3897617171788506	0.8319380162457477	0.24542669534250716	DAPK3	0.2696214	False
4144	3.3897617171788506	0.8319380162457477	0.24542669534250716	MIR637	0.2696214	False
4145	3.3897617171788506	0.8319380162457477	0.24542669534250716	EEF2	0.2696214	False
4146	3.3897617171788506	0.8319380162457477	0.24542669534250716	SNORD37	0.2696214	False
4147	3.3897617171788506	0.8319380162457477	0.24542669534250716	PIAS4	0.2696214	False
4148	3.3897617171788506	0.8319380162457477	0.24542669534250716	ZBTB7A	0.2696214	False
4149	3.3897617171788506	0.8319380162457477	0.24542669534250716	MAP2K2	0.2696214	False
4150	3.269868004470346	0.864607479608305	0.26441663040412366	CREB3L3	0.26962104	False
4151	3.269868004470346	0.864607479608305	0.26441663040412366	SIRT6	0.26962104	False
4152	3.269868004470346	0.864607479608305	0.26441663040412366	ANKRD24	0.26962104	False
4153	3.269868004470346	0.864607479608305	0.26441663040412366	EBI3	0.26962104	False
4154	3.269868004470346	0.864607479608305	0.26441663040412366	YJU2	0.26962104	False
4155	3.269868004470346	0.864607479608305	0.26441663040412366	SHD	0.26962104	False
4156	3.269868004470346	0.864607479608305	0.26441663040412366	TMIGD2	0.26962104	False
4157	3.269868004470346	0.864607479608305	0.26441663040412366	FSD1	0.26962104	False
4158	3.269868004470346	0.864607479608305	0.26441663040412366	STAP2	0.26962104	False
4159	3.269868004470346	0.864607479608305	0.26441663040412366	MPND	0.26962104	False
4160	3.269868004470346	0.864607479608305	0.26441663040412366	SH3GL1	0.26962104	False
4161	3.269868004470346	0.864607479608305	0.26441663040412366	CHAF1A	0.26962104	False
4162	3.269868004470346	0.864607479608305	0.26441663040412366	UBXN6	0.26962104	False
4163	3.269868004470346	0.864607479608305	0.26441663040412366	MIR4746	0.26962104	False
4164	3.269868004470346	0.864607479608305	0.26441663040412366	HDGFL2	0.26962104	False
4165	3.269868004470346	0.864607479608305	0.26441663040412366	PLIN4	0.26962104	False
4166	3.269868004470346	0.864607479608305	0.26441663040412366	PLIN5	0.26962104	False
4167	3.269868004470346	0.864607479608305	0.26441663040412366	LRG1	0.26962104	False
4168	3.269868004470346	0.864607479608305	0.26441663040412366	SEMA6B	0.26962104	False
4169	3.269868004470346	0.864607479608305	0.26441663040412366	TNFAIP8L1	0.26962104	False
4170	3.269868004470346	0.864607479608305	0.26441663040412366	MYDGF	0.26962104	False
4171	3.269868004470346	0.864607479608305	0.26441663040412366	DPP9	0.26962104	False
4172	3.269868004470346	0.864607479608305	0.26441663040412366	DPP9-AS1	0.26962104	False
4173	3.269868004470346	0.864607479608305	0.26441663040412366	MIR7-3HG	0.26962104	False
4174	3.269868004470346	0.864607479608305	0.26441663040412366	MIR7-3	0.26962104	False
4175	3.269868004470346	0.864607479608305	0.26441663040412366	FEM1A	0.26962104	False
4176	3.269868004470346	0.864607479608305	0.26441663040412366	TICAM1	0.26962104	False
4177	3.269868004470346	0.864607479608305	0.26441663040412366	PLIN3	0.26962104	False
4178	3.1467354524900335	0.7091486850815181	0.2253601218749939	ARRDC5	0.2696201	False
4179	3.1467354524900335	0.7091486850815181	0.2253601218749939	UHRF1	0.2696201	False
4180	3.1467354524900335	0.7091486850815181	0.2253601218749939	MIR4747	0.2696201	False
4181	3.1467354524900335	0.7091486850815181	0.2253601218749939	KDM4B	0.2696201	False
4182	3.064348768488693	0.7954435634162218	0.2595799706599738	PTPRS	0.26962015	False
4183	3.064348768488693	0.7954435634162218	0.2595799706599738	ZNRF4	0.26962015	False
4184	3.064348768488693	0.7954435634162218	0.2595799706599738	TINCR	0.26962015	False
4185	3.064348768488693	0.7954435634162218	0.2595799706599738	SAFB2	0.26962015	False
4186	3.064348768488693	0.7954435634162218	0.2595799706599738	SAFB	0.26962015	False
4187	3.064348768488693	0.7954435634162218	0.2595799706599738	RPL36	0.26962015	False
4188	3.064348768488693	0.7954435634162218	0.2595799706599738	C19orf70	0.26962015	False
4189	3.064348768488693	0.7954435634162218	0.2595799706599738	HSD11B1L	0.26962015	False
4190	3.064348768488693	0.7954435634162218	0.2595799706599738	LONP1	0.26962015	False
4191	3.064348768488693	0.7954435634162218	0.2595799706599738	CATSPERD	0.26962015	False
4192	3.064348768488693	0.7954435634162218	0.2595799706599738	PRR22	0.26962015	False
4193	3.064348768488693	0.7954435634162218	0.2595799706599738	DUS3L	0.26962015	False
4194	3.064348768488693	0.7954435634162218	0.2595799706599738	NRTN	0.26962015	False
4195	3.064348768488693	0.7954435634162218	0.2595799706599738	FUT6	0.26962015	False
4196	3.064348768488693	0.7954435634162218	0.2595799706599738	FUT3	0.26962015	False
4197	3.064348768488693	0.7954435634162218	0.2595799706599738	LOC101928844	0.26962015	False
4198	3.0121586907492945	0.7183115181609424	0.2384706756542955	FUT5	0.26962006	False
4199	3.0121586907492945	0.7183115181609424	0.2384706756542955	NDUFA11	0.26962006	False
4200	3.0121586907492945	0.7183115181609424	0.2384706756542955	CAPS	0.26962006	False
4201	3.0121586907492945	0.7183115181609424	0.2384706756542955	VMAC	0.26962006	False
4202	3.0121586907492945	0.7183115181609424	0.2384706756542955	RANBP3	0.26962006	False
4203	3.0121586907492945	0.7183115181609424	0.2384706756542955	LOC100128568	0.26962006	False
4204	3.0121586907492945	0.7183115181609424	0.2384706756542955	RFX2	0.26962006	False
4205	3.029496175331055	0.8139717981085638	0.26868223328244184	ACSBG2	0.26962048	False
4206	3.029496175331055	0.8139717981085638	0.26868223328244184	MLLT1	0.26962048	False
4207	3.029496175331055	0.8139717981085638	0.26868223328244184	ACER1	0.26962048	False
4208	3.029496175331055	0.8139717981085638	0.26868223328244184	CLPP	0.26962048	False
4209	3.029496175331055	0.8139717981085638	0.26868223328244184	ALKBH7	0.26962048	False
4210	3.029496175331055	0.8139717981085638	0.26868223328244184	PSPN	0.26962048	False
4211	3.029496175331055	0.8139717981085638	0.26868223328244184	GTF2F1	0.26962048	False
4212	3.029496175331055	0.8139717981085638	0.26868223328244184	MIR6885	0.26962048	False
4213	3.029496175331055	0.8139717981085638	0.26868223328244184	MIR6790	0.26962048	False
4214	3.029496175331055	0.8139717981085638	0.26868223328244184	KHSRP	0.26962048	False
4215	3.029496175331055	0.8139717981085638	0.26868223328244184	MIR3940	0.26962048	False
4216	3.029496175331055	0.8139717981085638	0.26868223328244184	SLC25A41	0.26962048	False
4217	3.029496175331055	0.8139717981085638	0.26868223328244184	SLC25A23	0.26962048	False
4218	3.029496175331055	0.8139717981085638	0.26868223328244184	CRB3	0.26962048	False
4219	3.029496175331055	0.8139717981085638	0.26868223328244184	DENND1C	0.26962048	False
4220	3.029496175331055	0.8139717981085638	0.26868223328244184	TUBB4A	0.26962048	False
4221	3.029496175331055	0.8139717981085638	0.26868223328244184	TNFSF9	0.26962048	False
4222	3.029496175331055	0.8139717981085638	0.26868223328244184	CD70	0.26962048	False
4223	3.029496175331055	0.8139717981085638	0.26868223328244184	TNFSF14	0.26962048	False
4224	3.029496175331055	0.8139717981085638	0.26868223328244184	C3	0.26962048	False
4225	3.029496175331055	0.8139717981085638	0.26868223328244184	GPR108	0.26962048	False
4226	3.029496175331055	0.8139717981085638	0.26868223328244184	MIR6791	0.26962048	False
4227	3.029496175331055	0.8139717981085638	0.26868223328244184	TRIP10	0.26962048	False
4228	3.029496175331055	0.8139717981085638	0.26868223328244184	SH2D3A	0.26962048	False
4229	3.029496175331055	0.8139717981085638	0.26868223328244184	VAV1	0.26962048	False
4230	3.089542915904142	0.7343517134249236	0.23768943607958218	MUC16	0.26962015	False
4231	3.089542915904142	0.7343517134249236	0.23768943607958218	OR1M1	0.26962015	False
4232	3.174486821091948	0.8459629866270256	0.26648810793803657	OR7G2	0.2696206	False
4233	3.174486821091948	0.8459629866270256	0.26648810793803657	OR7G1	0.2696206	False
4234	3.174486821091948	0.8459629866270256	0.26648810793803657	OR7G3	0.2696206	False
4235	3.174486821091948	0.8459629866270256	0.26648810793803657	ZNF317	0.2696206	False
4236	3.174486821091948	0.8459629866270256	0.26648810793803657	OR7D2	0.2696206	False
4237	3.174486821091948	0.8459629866270256	0.26648810793803657	OR7D4	0.2696206	False
4238	3.174486821091948	0.8459629866270256	0.26648810793803657	OR7E24	0.2696206	False
4239	3.174486821091948	0.8459629866270256	0.26648810793803657	ZNF699	0.2696206	False
4240	3.174486821091948	0.8459629866270256	0.26648810793803657	ZNF559	0.2696206	False
4241	3.174486821091948	0.8459629866270256	0.26648810793803657	ZNF559-ZNF177	0.2696206	False
4242	3.174486821091948	0.8459629866270256	0.26648810793803657	ZNF177	0.2696206	False
4243	3.174486821091948	0.8459629866270256	0.26648810793803657	ZNF266	0.2696206	False
4244	3.174486821091948	0.8459629866270256	0.26648810793803657	ZNF560	0.2696206	False
4245	3.174486821091948	0.8459629866270256	0.26648810793803657	ZNF426	0.2696206	False
4246	3.174486821091948	0.8459629866270256	0.26648810793803657	ZNF426-DT	0.2696206	False
4247	3.174486821091948	0.8459629866270256	0.26648810793803657	ZNF121	0.2696206	False
4248	3.174486821091948	0.8459629866270256	0.26648810793803657	ZNF561	0.2696206	False
4249	3.174486821091948	0.8459629866270256	0.26648810793803657	ZNF561-AS1	0.2696206	False
4250	3.174486821091948	0.8459629866270256	0.26648810793803657	ZNF562	0.2696206	False
4251	3.174486821091948	0.8459629866270256	0.26648810793803657	ZNF846	0.2696206	False
4252	3.174486821091948	0.8459629866270256	0.26648810793803657	FBXL12	0.2696206	False
4253	3.174486821091948	0.8459629866270256	0.26648810793803657	UBL5	0.2696206	False
4254	3.174486821091948	0.8459629866270256	0.26648810793803657	PIN1	0.2696206	False
4255	3.28356980930987	0.771884638511273	0.23507483724657133	OLFM2	0.26962122	False
4256	3.28356980930987	0.771884638511273	0.23507483724657133	COL5A3	0.26962122	False
4257	3.28356980930987	0.771884638511273	0.23507483724657133	RDH8	0.26962122	False
4258	3.28356980930987	0.771884638511273	0.23507483724657133	MIR5589	0.26962122	False
4259	3.28356980930987	0.771884638511273	0.23507483724657133	C19orf66	0.26962122	False
4260	3.28356980930987	0.771884638511273	0.23507483724657133	ANGPTL6	0.26962122	False
4261	3.490655833272745	0.886222412660869	0.2538842140246094	PPAN-P2RY11	0.26962227	False
4262	3.490655833272745	0.886222412660869	0.2538842140246094	PPAN	0.26962227	False
4263	3.490655833272745	0.886222412660869	0.2538842140246094	SNORD105	0.26962227	False
4264	3.490655833272745	0.886222412660869	0.2538842140246094	SNORD105B	0.26962227	False
4265	3.490655833272745	0.886222412660869	0.2538842140246094	P2RY11	0.26962227	False
4266	3.490655833272745	0.886222412660869	0.2538842140246094	EIF3G	0.26962227	False
4267	3.490655833272745	0.886222412660869	0.2538842140246094	DNMT1	0.26962227	False
4268	3.490655833272745	0.886222412660869	0.2538842140246094	S1PR2	0.26962227	False
4269	3.490655833272745	0.886222412660869	0.2538842140246094	MIR4322	0.26962227	False
4270	3.490655833272745	0.886222412660869	0.2538842140246094	MRPL4	0.26962227	False
4271	3.490655833272745	0.886222412660869	0.2538842140246094	ICAM1	0.26962227	False
4272	3.490655833272745	0.886222412660869	0.2538842140246094	ICAM4	0.26962227	False
4273	3.490655833272745	0.886222412660869	0.2538842140246094	ICAM5	0.26962227	False
4274	3.490655833272745	0.886222412660869	0.2538842140246094	ZGLP1	0.26962227	False
4275	3.490655833272745	0.886222412660869	0.2538842140246094	FDX2	0.26962227	False
4276	3.490655833272745	0.886222412660869	0.2538842140246094	RAVER1	0.26962227	False
4277	3.490655833272745	0.886222412660869	0.2538842140246094	ICAM3	0.26962227	False
4278	3.490655833272745	0.886222412660869	0.2538842140246094	TYK2	0.26962227	False
4279	3.490655833272745	0.886222412660869	0.2538842140246094	CDC37	0.26962227	False
4280	3.490655833272745	0.886222412660869	0.2538842140246094	MIR1181	0.26962227	False
4281	3.490655833272745	0.886222412660869	0.2538842140246094	PDE4A	0.26962227	False
4282	3.490655833272745	0.886222412660869	0.2538842140246094	KEAP1	0.26962227	False
4283	3.490655833272745	0.886222412660869	0.2538842140246094	S1PR5	0.26962227	False
4284	3.490655833272745	0.886222412660869	0.2538842140246094	ATG4D	0.26962227	False
4285	3.490655833272745	0.886222412660869	0.2538842140246094	MIR1238	0.26962227	False
4286	3.490655833272745	0.886222412660869	0.2538842140246094	KRI1	0.26962227	False
4287	3.490655833272745	0.886222412660869	0.2538842140246094	CDKN2D	0.26962227	False
4288	3.490655833272745	0.886222412660869	0.2538842140246094	AP1M2	0.26962227	False
4289	3.490655833272745	0.886222412660869	0.2538842140246094	SLC44A2	0.26962227	False
4290	3.490655833272745	0.886222412660869	0.2538842140246094	ILF3-DT	0.26962227	False
4291	3.490655833272745	0.886222412660869	0.2538842140246094	ILF3	0.26962227	False
4292	3.490655833272745	0.886222412660869	0.2538842140246094	QTRT1	0.26962227	False
4293	3.490655833272745	0.886222412660869	0.2538842140246094	DNM2	0.26962227	False
4294	3.490655833272745	0.886222412660869	0.2538842140246094	MIR638	0.26962227	False
4295	3.490655833272745	0.886222412660869	0.2538842140246094	MIR4748	0.26962227	False
4296	3.490655833272745	0.886222412660869	0.2538842140246094	MIR199A1	0.26962227	False
4297	3.490655833272745	0.886222412660869	0.2538842140246094	MIR6793	0.26962227	False
4298	3.490655833272745	0.886222412660869	0.2538842140246094	TMED1	0.26962227	False
4299	3.490655833272745	0.886222412660869	0.2538842140246094	C19orf38	0.26962227	False
4300	3.4267549087830775	0.7886402177857501	0.23014199695589407	CARM1	0.26962155	False
4301	3.4267549087830775	0.7886402177857501	0.23014199695589407	YIPF2	0.26962155	False
4302	3.4267549087830775	0.7886402177857501	0.23014199695589407	TIMM29	0.26962155	False
4303	3.4267549087830775	0.7886402177857501	0.23014199695589407	SMARCA4	0.26962155	False
4304	3.4267549087830775	0.7886402177857501	0.23014199695589407	LDLR	0.26962155	False
4305	3.5095284841738663	0.8801385792799769	0.2507854212464553	MIR6886	0.26962233	False
4306	3.5095284841738663	0.8801385792799769	0.2507854212464553	SPC24	0.26962233	False
4307	3.5095284841738663	0.8801385792799769	0.2507854212464553	KANK2	0.26962233	False
4308	3.5095284841738663	0.8801385792799769	0.2507854212464553	DOCK6	0.26962233	False
4309	3.5095284841738663	0.8801385792799769	0.2507854212464553	LOC105372273	0.26962233	False
4310	3.5095284841738663	0.8801385792799769	0.2507854212464553	ANGPTL8	0.26962233	False
4311	3.5095284841738663	0.8801385792799769	0.2507854212464553	TSPAN16	0.26962233	False
4312	3.5095284841738663	0.8801385792799769	0.2507854212464553	RAB3D	0.26962233	False
4313	3.5095284841738663	0.8801385792799769	0.2507854212464553	TMEM205	0.26962233	False
4314	3.5095284841738663	0.8801385792799769	0.2507854212464553	CCDC159	0.26962233	False
4315	3.5095284841738663	0.8801385792799769	0.2507854212464553	PLPPR2	0.26962233	False
4316	3.5095284841738663	0.8801385792799769	0.2507854212464553	SWSAP1	0.26962233	False
4317	3.5095284841738663	0.8801385792799769	0.2507854212464553	EPOR	0.26962233	False
4318	3.5095284841738663	0.8801385792799769	0.2507854212464553	RGL3	0.26962233	False
4319	3.5095284841738663	0.8801385792799769	0.2507854212464553	CCDC151	0.26962233	False
4320	3.5095284841738663	0.8801385792799769	0.2507854212464553	PRKCSH	0.26962233	False
4321	3.5095284841738663	0.8801385792799769	0.2507854212464553	ELAVL3	0.26962233	False
4322	3.5095284841738663	0.8801385792799769	0.2507854212464553	ZNF653	0.26962233	False
4323	3.5095284841738663	0.8801385792799769	0.2507854212464553	MIR7974	0.26962233	False
4324	3.5095284841738663	0.8801385792799769	0.2507854212464553	ECSIT	0.26962233	False
4325	3.5095284841738663	0.8801385792799769	0.2507854212464553	CNN1	0.26962233	False
4326	3.5095284841738663	0.8801385792799769	0.2507854212464553	ELOF1	0.26962233	False
4327	3.5095284841738663	0.8801385792799769	0.2507854212464553	ZNF627	0.26962233	False
4328	3.5095284841738663	0.8801385792799769	0.2507854212464553	ACP5	0.26962233	False
4329	3.5095284841738663	0.8801385792799769	0.2507854212464553	ZNF833P	0.26962233	False
4330	3.5095284841738663	0.8801385792799769	0.2507854212464553	ZNF823	0.26962233	False
4331	3.5095284841738663	0.8801385792799769	0.2507854212464553	ZNF441	0.26962233	False
4332	3.5095284841738663	0.8801385792799769	0.2507854212464553	ZNF491	0.26962233	False
4333	3.5095284841738663	0.8801385792799769	0.2507854212464553	ZNF440	0.26962233	False
4334	3.5095284841738663	0.8801385792799769	0.2507854212464553	ZNF439	0.26962233	False
4335	3.4708321833075684	0.8932641015438945	0.25736309172189603	ZNF69	0.26962203	False
4336	3.4708321833075684	0.8932641015438945	0.25736309172189603	ZNF700	0.26962203	False
4337	3.4708321833075684	0.8932641015438945	0.25736309172189603	ZNF763	0.26962203	False
4338	3.4708321833075684	0.8932641015438945	0.25736309172189603	ZNF433-AS1	0.26962203	False
4339	3.4708321833075684	0.8932641015438945	0.25736309172189603	ZNF433	0.26962203	False
4340	3.4708321833075684	0.8932641015438945	0.25736309172189603	ZNF878	0.26962203	False
4341	3.4708321833075684	0.8932641015438945	0.25736309172189603	ZNF844	0.26962203	False
4342	3.4708321833075684	0.8932641015438945	0.25736309172189603	ZNF788P	0.26962203	False
4343	3.4708321833075684	0.8932641015438945	0.25736309172189603	ZNF20	0.26962203	False
4344	3.4837752058736426	1.018088688700736	0.29223719342862287	ZNF625-ZNF20	0.2696225	False
4345	3.4837752058736426	1.018088688700736	0.29223719342862287	ZNF625	0.2696225	False
4346	3.4837752058736426	1.018088688700736	0.29223719342862287	ZNF136	0.2696225	False
4347	3.4837752058736426	1.018088688700736	0.29223719342862287	LOC100289333	0.2696225	False
4348	3.4837752058736426	1.018088688700736	0.29223719342862287	ZNF44	0.2696225	False
4349	3.4837752058736426	1.018088688700736	0.29223719342862287	ZNF563	0.2696225	False
4350	3.4837752058736426	1.018088688700736	0.29223719342862287	ZNF442	0.2696225	False
4351	3.4837752058736426	1.018088688700736	0.29223719342862287	ZNF799	0.2696225	False
4352	3.4837752058736426	1.018088688700736	0.29223719342862287	ZNF443	0.2696225	False
4353	3.4837752058736426	1.018088688700736	0.29223719342862287	ZNF709	0.2696225	False
4354	3.4837752058736426	1.018088688700736	0.29223719342862287	ZNF564	0.2696225	False
4355	3.4837752058736426	1.018088688700736	0.29223719342862287	ZNF490	0.2696225	False
4356	3.4837752058736426	1.018088688700736	0.29223719342862287	ZNF791	0.2696225	False
4357	3.4837752058736426	1.018088688700736	0.29223719342862287	MAN2B1	0.2696225	False
4358	3.4837752058736426	1.018088688700736	0.29223719342862287	WDR83	0.2696225	False
4359	3.4837752058736426	1.018088688700736	0.29223719342862287	WDR83OS	0.2696225	False
4360	3.4837752058736426	1.018088688700736	0.29223719342862287	DHPS	0.2696225	False
4361	3.4837752058736426	1.018088688700736	0.29223719342862287	FBXW9	0.2696225	False
4362	3.4837752058736426	1.018088688700736	0.29223719342862287	TNPO2	0.2696225	False
4363	3.4837752058736426	1.018088688700736	0.29223719342862287	SNORD41	0.2696225	False
4364	3.4837752058736426	1.018088688700736	0.29223719342862287	TRIR	0.2696225	False
4365	3.4837752058736426	1.018088688700736	0.29223719342862287	ASNA1	0.2696225	False
4366	3.4837752058736426	1.018088688700736	0.29223719342862287	BEST2	0.2696225	False
4367	3.4837752058736426	1.018088688700736	0.29223719342862287	HOOK2	0.2696225	False
4368	3.4837752058736426	1.018088688700736	0.29223719342862287	MIR5684	0.2696225	False
4369	3.4837752058736426	1.018088688700736	0.29223719342862287	JUNB	0.2696225	False
4370	3.4837752058736426	1.018088688700736	0.29223719342862287	PRDX2	0.2696225	False
4371	3.4837752058736426	1.018088688700736	0.29223719342862287	RNASEH2A	0.2696225	False
4372	3.4837752058736426	1.018088688700736	0.29223719342862287	RTBDN	0.2696225	False
4373	3.4837752058736426	1.018088688700736	0.29223719342862287	MAST1	0.2696225	False
4374	3.4837752058736426	1.018088688700736	0.29223719342862287	MIR6794	0.2696225	False
4375	3.4837752058736426	1.018088688700736	0.29223719342862287	DNASE2	0.2696225	False
4376	3.4837752058736426	1.018088688700736	0.29223719342862287	KLF1	0.2696225	False
4377	3.3325203977317868	0.9691011352087938	0.29080126137214135	GCDH	0.26962173	False
4378	3.3325203977317868	0.9691011352087938	0.29080126137214135	SYCE2	0.26962173	False
4379	3.3325203977317868	0.9691011352087938	0.29080126137214135	MIR5695	0.26962173	False
4380	3.3325203977317868	0.9691011352087938	0.29080126137214135	FARSA	0.26962173	False
4381	3.3325203977317868	0.9691011352087938	0.29080126137214135	CALR	0.26962173	False
4382	3.3325203977317868	0.9691011352087938	0.29080126137214135	MIR6515	0.26962173	False
4383	3.3325203977317868	0.9691011352087938	0.29080126137214135	RAD23A	0.26962173	False
4384	3.3325203977317868	0.9691011352087938	0.29080126137214135	GADD45GIP1	0.26962173	False
4385	3.3325203977317868	0.9691011352087938	0.29080126137214135	DAND5	0.26962173	False
4386	3.3325203977317868	0.9691011352087938	0.29080126137214135	NFIX	0.26962173	False
4387	3.3325203977317868	0.9691011352087938	0.29080126137214135	LYL1	0.26962173	False
4388	3.238280948555807	1.2075819405270642	0.372908329978477	TRMT1	0.26962212	False
4389	3.238280948555807	1.2075819405270642	0.372908329978477	NACC1	0.26962212	False
4390	3.238280948555807	1.2075819405270642	0.372908329978477	STX10	0.26962212	False
4391	3.238280948555807	1.2075819405270642	0.372908329978477	IER2	0.26962212	False
4392	3.238280948555807	1.2075819405270642	0.372908329978477	CACNA1A	0.26962212	False
4393	3.238280948555807	1.2075819405270642	0.372908329978477	CCDC130	0.26962212	False
4394	3.238280948555807	1.2075819405270642	0.372908329978477	MRI1	0.26962212	False
4395	3.238280948555807	1.2075819405270642	0.372908329978477	C19orf53	0.26962212	False
4396	3.238280948555807	1.2075819405270642	0.372908329978477	ZSWIM4	0.26962212	False
4397	3.238280948555807	1.2075819405270642	0.372908329978477	LOC284454	0.26962212	False
4398	3.238280948555807	1.2075819405270642	0.372908329978477	MIR24-2	0.26962212	False
4399	3.238280948555807	1.2075819405270642	0.372908329978477	MIR27A	0.26962212	False
4400	3.238280948555807	1.2075819405270642	0.372908329978477	MIR23A	0.26962212	False
4401	3.238280948555807	1.2075819405270642	0.372908329978477	NANOS3	0.26962212	False
4402	3.238280948555807	1.2075819405270642	0.372908329978477	MIR181C	0.26962212	False
4403	3.238280948555807	1.2075819405270642	0.372908329978477	MIR181D	0.26962212	False
4404	3.1543291300283367	1.0724901985402906	0.34000579975326034	C19orf57	0.26962104	False
4405	3.1543291300283367	1.0724901985402906	0.34000579975326034	CC2D1A	0.26962104	False
4406	3.1543291300283367	1.0724901985402906	0.34000579975326034	PODNL1	0.26962104	False
4407	3.1543291300283367	1.0724901985402906	0.34000579975326034	DCAF15	0.26962104	False
4408	3.1543291300283367	1.0724901985402906	0.34000579975326034	RFX1	0.26962104	False
4409	3.1543291300283367	1.0724901985402906	0.34000579975326034	RLN3	0.26962104	False
4410	3.1543291300283367	1.0724901985402906	0.34000579975326034	IL27RA	0.26962104	False
4411	3.1543291300283367	1.0724901985402906	0.34000579975326034	PALM3	0.26962104	False
4412	3.1543291300283367	1.0724901985402906	0.34000579975326034	MISP3	0.26962104	False
4413	3.1543291300283367	1.0724901985402906	0.34000579975326034	MIR1199	0.26962104	False
4414	3.1543291300283367	1.0724901985402906	0.34000579975326034	C19orf67	0.26962104	False
4415	3.1543291300283367	1.0724901985402906	0.34000579975326034	SAMD1	0.26962104	False
4416	3.1543291300283367	1.0724901985402906	0.34000579975326034	PRKACA	0.26962104	False
4417	3.127842884513161	1.278985201887159	0.40890327587097747	ASF1B	0.2696218	False
4418	3.127842884513161	1.278985201887159	0.40890327587097747	LOC100507373	0.2696218	False
4419	3.127842884513161	1.278985201887159	0.40890327587097747	ADGRL1	0.2696218	False
4420	3.127842884513161	1.278985201887159	0.40890327587097747	LINC01841	0.2696218	False
4421	3.127842884513161	1.278985201887159	0.40890327587097747	LINC01842	0.2696218	False
4422	3.127842884513161	1.278985201887159	0.40890327587097747	ADGRE5	0.2696218	False
4423	3.127842884513161	1.278985201887159	0.40890327587097747	DDX39A	0.2696218	False
4424	3.127842884513161	1.278985201887159	0.40890327587097747	PKN1	0.2696218	False
4425	3.127842884513161	1.278985201887159	0.40890327587097747	PTGER1	0.2696218	False
4426	3.127842884513161	1.278985201887159	0.40890327587097747	GIPC1	0.2696218	False
4427	3.127842884513161	1.278985201887159	0.40890327587097747	DNAJB1	0.2696218	False
4428	3.127842884513161	1.278985201887159	0.40890327587097747	TECR	0.2696218	False
4429	3.127842884513161	1.278985201887159	0.40890327587097747	MIR639	0.2696218	False
4430	3.127842884513161	1.278985201887159	0.40890327587097747	NDUFB7	0.2696218	False
4431	3.127842884513161	1.278985201887159	0.40890327587097747	CLEC17A	0.2696218	False
4432	3.127842884513161	1.278985201887159	0.40890327587097747	ADGRE3	0.2696218	False
4433	3.127842884513161	1.278985201887159	0.40890327587097747	ZNF333	0.2696218	False
4434	3.127842884513161	1.278985201887159	0.40890327587097747	ADGRE2	0.2696218	False
4435	3.127842884513161	1.278985201887159	0.40890327587097747	OR7C1	0.2696218	False
4436	3.127842884513161	1.278985201887159	0.40890327587097747	OR7A5	0.2696218	False
4437	3.127842884513161	1.278985201887159	0.40890327587097747	OR7A10	0.2696218	False
4438	3.127842884513161	1.278985201887159	0.40890327587097747	OR7A17	0.2696218	False
4439	3.055738489782076	1.1459641799477513	0.37502037029008894	OR7C2	0.26962116	False
4440	3.055738489782076	1.1459641799477513	0.37502037029008894	SLC1A6	0.26962116	False
4441	3.055738489782076	1.1459641799477513	0.37502037029008894	CCDC105	0.26962116	False
4442	3.055738489782076	1.1459641799477513	0.37502037029008894	CASP14	0.26962116	False
4443	3.055738489782076	1.1459641799477513	0.37502037029008894	OR1I1	0.26962116	False
4444	3.1262499203424627	1.1277467242570196	0.36073466709068525	CYP4F11	0.26962128	False
4445	3.1262499203424627	1.1277467242570196	0.36073466709068525	OR10H4	0.26962128	False
4446	3.1262499203424627	1.1277467242570196	0.36073466709068525	LINC00661	0.26962128	False
4447	3.1262499203424627	1.1277467242570196	0.36073466709068525	LINC00905	0.26962128	False
4448	3.1262499203424627	1.1277467242570196	0.36073466709068525	TPM4	0.26962128	False
4449	3.218834660357359	1.3473661495198137	0.41858818227408656	RAB8A	0.26962236	False
4450	3.218834660357359	1.3473661495198137	0.41858818227408656	HSH2D	0.26962236	False
4451	3.218834660357359	1.3473661495198137	0.41858818227408656	CIB3	0.26962236	False
4452	3.218834660357359	1.3473661495198137	0.41858818227408656	FAM32A	0.26962236	False
4453	3.218834660357359	1.3473661495198137	0.41858818227408656	AP1M1	0.26962236	False
4454	3.218834660357359	1.3473661495198137	0.41858818227408656	KLF2	0.26962236	False
4455	3.218834660357359	1.3473661495198137	0.41858818227408656	EPS15L1	0.26962236	False
4456	3.218834660357359	1.3473661495198137	0.41858818227408656	CALR3	0.26962236	False
4457	3.218834660357359	1.3473661495198137	0.41858818227408656	MED26	0.26962236	False
4458	3.218834660357359	1.3473661495198137	0.41858818227408656	C19orf44	0.26962236	False
4459	3.218834660357359	1.3473661495198137	0.41858818227408656	CHERP	0.26962236	False
4460	3.218834660357359	1.3473661495198137	0.41858818227408656	SLC35E1	0.26962236	False
4461	3.218834660357359	1.3473661495198137	0.41858818227408656	SMIM7	0.26962236	False
4462	3.218834660357359	1.3473661495198137	0.41858818227408656	TMEM38A	0.26962236	False
4463	3.218834660357359	1.3473661495198137	0.41858818227408656	NWD1	0.26962236	False
4464	3.218834660357359	1.3473661495198137	0.41858818227408656	SIN3B	0.26962236	False
4465	3.218834660357359	1.3473661495198137	0.41858818227408656	F2RL3	0.26962236	False
4466	3.3530033993167736	1.198958905475188	0.3575775991517021	CPAMD8	0.26962188	False
4467	3.3530033993167736	1.198958905475188	0.3575775991517021	HAUS8	0.26962188	False
4468	3.3530033993167736	1.198958905475188	0.3575775991517021	MYO9B	0.26962188	False
4469	3.514475561286218	1.4248799186178662	0.4054317333469784	USE1	0.2696238	False
4470	3.514475561286218	1.4248799186178662	0.4054317333469784	OCEL1	0.2696238	False
4471	3.514475561286218	1.4248799186178662	0.4054317333469784	NR2F6	0.2696238	False
4472	3.514475561286218	1.4248799186178662	0.4054317333469784	USHBP1	0.2696238	False
4473	3.514475561286218	1.4248799186178662	0.4054317333469784	BABAM1	0.2696238	False
4474	3.514475561286218	1.4248799186178662	0.4054317333469784	ANKLE1	0.2696238	False
4475	3.514475561286218	1.4248799186178662	0.4054317333469784	ABHD8	0.2696238	False
4476	3.514475561286218	1.4248799186178662	0.4054317333469784	MRPL34	0.2696238	False
4477	3.514475561286218	1.4248799186178662	0.4054317333469784	DDA1	0.2696238	False
4478	3.514475561286218	1.4248799186178662	0.4054317333469784	ANO8	0.2696238	False
4479	3.514475561286218	1.4248799186178662	0.4054317333469784	GTPBP3	0.2696238	False
4480	3.514475561286218	1.4248799186178662	0.4054317333469784	PLVAP	0.2696238	False
4481	3.514475561286218	1.4248799186178662	0.4054317333469784	BST2	0.2696238	False
4482	3.514475561286218	1.4248799186178662	0.4054317333469784	BISPR	0.2696238	False
4483	3.514475561286218	1.4248799186178662	0.4054317333469784	MVB12A	0.2696238	False
4484	3.514475561286218	1.4248799186178662	0.4054317333469784	TMEM221	0.2696238	False
4485	3.514475561286218	1.4248799186178662	0.4054317333469784	NXNL1	0.2696238	False
4486	3.514475561286218	1.4248799186178662	0.4054317333469784	SLC27A1	0.2696238	False
4487	3.514475561286218	1.4248799186178662	0.4054317333469784	PGLS	0.2696238	False
4488	3.514475561286218	1.4248799186178662	0.4054317333469784	FAM129C	0.2696238	False
4489	3.514475561286218	1.4248799186178662	0.4054317333469784	COLGALT1	0.2696238	False
4490	3.514475561286218	1.4248799186178662	0.4054317333469784	UNC13A	0.2696238	False
4491	3.514475561286218	1.4248799186178662	0.4054317333469784	MAP1S	0.2696238	False
4492	3.514475561286218	1.4248799186178662	0.4054317333469784	FCHO1	0.2696238	False
4493	3.514475561286218	1.4248799186178662	0.4054317333469784	B3GNT3	0.2696238	False
4494	3.514475561286218	1.4248799186178662	0.4054317333469784	INSL3	0.2696238	False
4495	3.514475561286218	1.4248799186178662	0.4054317333469784	JAK3	0.2696238	False
4496	3.514475561286218	1.4248799186178662	0.4054317333469784	RPL18A	0.2696238	False
4497	3.514475561286218	1.4248799186178662	0.4054317333469784	SNORA68	0.2696238	False
4498	3.514475561286218	1.4248799186178662	0.4054317333469784	SLC5A5	0.2696238	False
4499	3.4482535102896312	1.1130173087079858	0.322777111771721	CCDC124	0.26962268	False
4500	3.4482535102896312	1.1130173087079858	0.322777111771721	KCNN1	0.26962268	False
4501	3.4482535102896312	1.1130173087079858	0.322777111771721	ARRDC2	0.26962268	False
4502	3.4482535102896312	1.1130173087079858	0.322777111771721	IL12RB1	0.26962268	False
4503	3.4482535102896312	1.1130173087079858	0.322777111771721	MAST3	0.26962268	False
4504	3.6417114722382453	1.187176898210902	0.3259942220192549	PIK3R2	0.2696242	False
4505	3.6417114722382453	1.187176898210902	0.3259942220192549	IFI30	0.2696242	False
4506	3.6417114722382453	1.187176898210902	0.3259942220192549	MPV17L2	0.2696242	False
4507	3.6417114722382453	1.187176898210902	0.3259942220192549	RAB3A	0.2696242	False
4508	3.6417114722382453	1.187176898210902	0.3259942220192549	LOC102725254	0.2696242	False
4509	3.6417114722382453	1.187176898210902	0.3259942220192549	PDE4C	0.2696242	False
4510	3.6417114722382453	1.187176898210902	0.3259942220192549	LOC729966	0.2696242	False
4511	3.6417114722382453	1.187176898210902	0.3259942220192549	IQCN	0.2696242	False
4512	3.6417114722382453	1.187176898210902	0.3259942220192549	JUND	0.2696242	False
4513	3.6417114722382453	1.187176898210902	0.3259942220192549	MIR3188	0.2696242	False
4514	3.6417114722382453	1.187176898210902	0.3259942220192549	LSM4	0.2696242	False
4515	3.6417114722382453	1.187176898210902	0.3259942220192549	PGPEP1	0.2696242	False
4516	3.6417114722382453	1.187176898210902	0.3259942220192549	GDF15	0.2696242	False
4517	3.6417114722382453	1.187176898210902	0.3259942220192549	MIR3189	0.2696242	False
4518	3.6417114722382453	1.187176898210902	0.3259942220192549	LRRC25	0.2696242	False
4519	3.6417114722382453	1.187176898210902	0.3259942220192549	SSBP4	0.2696242	False
4520	3.6417114722382453	1.187176898210902	0.3259942220192549	ISYNA1	0.2696242	False
4521	3.6417114722382453	1.187176898210902	0.3259942220192549	ELL	0.2696242	False
4522	3.6417114722382453	1.187176898210902	0.3259942220192549	FKBP8	0.2696242	False
4523	3.6417114722382453	1.187176898210902	0.3259942220192549	KXD1	0.2696242	False
4524	3.6417114722382453	1.187176898210902	0.3259942220192549	UBA52	0.2696242	False
4525	3.6417114722382453	1.187176898210902	0.3259942220192549	CRLF1	0.2696242	False
4526	3.6417114722382453	1.187176898210902	0.3259942220192549	REX1BD	0.2696242	False
4527	3.6417114722382453	1.187176898210902	0.3259942220192549	TMEM59L	0.2696242	False
4528	3.6417114722382453	1.187176898210902	0.3259942220192549	KLHL26	0.2696242	False
4529	3.6417114722382453	1.187176898210902	0.3259942220192549	CRTC1	0.2696242	False
4530	3.6417114722382453	1.187176898210902	0.3259942220192549	COMP	0.2696242	False
4531	3.6417114722382453	1.187176898210902	0.3259942220192549	UPF1	0.2696242	False
4532	3.6417114722382453	1.187176898210902	0.3259942220192549	GDF1	0.2696242	False
4533	3.6417114722382453	1.187176898210902	0.3259942220192549	CERS1	0.2696242	False
4534	3.5573107062778524	1.0787580728689004	0.3032510123350022	COPE	0.26962355	False
4535	3.5573107062778524	1.0787580728689004	0.3032510123350022	HOMER3	0.26962355	False
4536	3.5573107062778524	1.0787580728689004	0.3032510123350022	DDX49	0.26962355	False
4537	3.5573107062778524	1.0787580728689004	0.3032510123350022	HOMER3-AS1	0.26962355	False
4538	3.5573107062778524	1.0787580728689004	0.3032510123350022	SUGP2	0.26962355	False
4539	3.5573107062778524	1.0787580728689004	0.3032510123350022	ARMC6	0.26962355	False
4540	3.5573107062778524	1.0787580728689004	0.3032510123350022	SLC25A42	0.26962355	False
4541	3.5326176410287293	1.1503725864973378	0.3256431075745687	TMEM161A	0.2696239	False
4542	3.5326176410287293	1.1503725864973378	0.3256431075745687	BORCS8-MEF2B	0.2696239	False
4543	3.5326176410287293	1.1503725864973378	0.3256431075745687	MEF2B	0.2696239	False
4544	3.5326176410287293	1.1503725864973378	0.3256431075745687	BORCS8	0.2696239	False
4545	3.5326176410287293	1.1503725864973378	0.3256431075745687	RFXANK	0.2696239	False
4546	3.5326176410287293	1.1503725864973378	0.3256431075745687	NR2C2AP	0.2696239	False
4547	3.5326176410287293	1.1503725864973378	0.3256431075745687	NCAN	0.2696239	False
4548	3.5326176410287293	1.1503725864973378	0.3256431075745687	HAPLN4	0.2696239	False
4549	3.5326176410287293	1.1503725864973378	0.3256431075745687	TM6SF2	0.2696239	False
4550	3.5326176410287293	1.1503725864973378	0.3256431075745687	SUGP1	0.2696239	False
4551	3.5326176410287293	1.1503725864973378	0.3256431075745687	MAU2	0.2696239	False
4552	3.5326176410287293	1.1503725864973378	0.3256431075745687	GATAD2A	0.2696239	False
4553	3.5326176410287293	1.1503725864973378	0.3256431075745687	MIR640	0.2696239	False
4554	3.5326176410287293	1.1503725864973378	0.3256431075745687	TSSK6	0.2696239	False
4555	3.5326176410287293	1.1503725864973378	0.3256431075745687	NDUFA13	0.2696239	False
4556	3.5326176410287293	1.1503725864973378	0.3256431075745687	YJEFN3	0.2696239	False
4557	3.5326176410287293	1.1503725864973378	0.3256431075745687	CILP2	0.2696239	False
4558	3.5326176410287293	1.1503725864973378	0.3256431075745687	PBX4	0.2696239	False
4559	3.5326176410287293	1.1503725864973378	0.3256431075745687	LPAR2	0.2696239	False
4560	3.5326176410287293	1.1503725864973378	0.3256431075745687	GMIP	0.2696239	False
4561	3.5326176410287293	1.1503725864973378	0.3256431075745687	ATP13A1	0.2696239	False
4562	3.5326176410287293	1.1503725864973378	0.3256431075745687	ZNF101	0.2696239	False
4563	3.5326176410287293	1.1503725864973378	0.3256431075745687	ZNF14	0.2696239	False
4564	3.5326176410287293	1.1503725864973378	0.3256431075745687	LINC00663	0.2696239	False
4565	3.5326176410287293	1.1503725864973378	0.3256431075745687	ZNF506	0.2696239	False
4566	3.5326176410287293	1.1503725864973378	0.3256431075745687	ZNF253	0.2696239	False
4567	3.232129234308332	0.9752793381438708	0.3017451554199931	ZNF93	0.26962212	False
4568	3.232129234308332	0.9752793381438708	0.3017451554199931	ZNF682	0.26962212	False
4569	3.232129234308332	0.9752793381438708	0.3017451554199931	ZNF90	0.26962212	False
4570	3.1607465307784475	1.3667633830072445	0.4324179018146798	FXYD3	0.26962388	False
4571	3.1607465307784475	1.3667633830072445	0.4324179018146798	MIR6887	0.26962388	False
4572	3.1607465307784475	1.3667633830072445	0.4324179018146798	LGI4	0.26962388	False
4573	3.1607465307784475	1.3667633830072445	0.4324179018146798	FXYD1	0.26962388	False
4574	3.1607465307784475	1.3667633830072445	0.4324179018146798	FXYD7	0.26962388	False
4575	3.1607465307784475	1.3667633830072445	0.4324179018146798	FXYD5	0.26962388	False
4576	3.1607465307784475	1.3667633830072445	0.4324179018146798	FAM187B	0.26962388	False
4577	3.1607465307784475	1.3667633830072445	0.4324179018146798	LSR	0.26962388	False
4578	3.1607465307784475	1.3667633830072445	0.4324179018146798	USF2	0.26962388	False
4579	3.1607465307784475	1.3667633830072445	0.4324179018146798	HAMP	0.26962388	False
4580	3.1607465307784475	1.3667633830072445	0.4324179018146798	MAG	0.26962388	False
4581	3.1607465307784475	1.3667633830072445	0.4324179018146798	CD22	0.26962388	False
4582	3.1607465307784475	1.3667633830072445	0.4324179018146798	MIR5196	0.26962388	False
4583	3.1607465307784475	1.3667633830072445	0.4324179018146798	FFAR1	0.26962388	False
4584	3.1607465307784475	1.3667633830072445	0.4324179018146798	FFAR3	0.26962388	False
4585	3.1607465307784475	1.3667633830072445	0.4324179018146798	LINC01531	0.26962388	False
4586	3.1607465307784475	1.3667633830072445	0.4324179018146798	FFAR2	0.26962388	False
4587	3.1607465307784475	1.3667633830072445	0.4324179018146798	KRTDAP	0.26962388	False
4588	3.1607465307784475	1.3667633830072445	0.4324179018146798	DMKN	0.26962388	False
4589	3.1607465307784475	1.3667633830072445	0.4324179018146798	SBSN	0.26962388	False
4590	3.1607465307784475	1.3667633830072445	0.4324179018146798	GAPDHS	0.26962388	False
4591	3.1607465307784475	1.3667633830072445	0.4324179018146798	TMEM147-AS1	0.26962388	False
4592	3.1607465307784475	1.3667633830072445	0.4324179018146798	TMEM147	0.26962388	False
4593	3.1607465307784475	1.3667633830072445	0.4324179018146798	ATP4A	0.26962388	False
4594	3.1607465307784475	1.3667633830072445	0.4324179018146798	LINC01766	0.26962388	False
4595	3.1607465307784475	1.3667633830072445	0.4324179018146798	HAUS5	0.26962388	False
4596	3.1607465307784475	1.3667633830072445	0.4324179018146798	RBM42	0.26962388	False
4597	3.1607465307784475	1.3667633830072445	0.4324179018146798	ETV2	0.26962388	False
4598	3.1607465307784475	1.3667633830072445	0.4324179018146798	COX6B1	0.26962388	False
4599	3.1607465307784475	1.3667633830072445	0.4324179018146798	UPK1A	0.26962388	False
4600	3.1607465307784475	1.3667633830072445	0.4324179018146798	UPK1A-AS1	0.26962388	False
4601	3.1607465307784475	1.3667633830072445	0.4324179018146798	ZBTB32	0.26962388	False
4602	3.1607465307784475	1.3667633830072445	0.4324179018146798	KMT2B	0.26962388	False
4603	3.1607465307784475	1.3667633830072445	0.4324179018146798	IGFLR1	0.26962388	False
4604	3.1607465307784475	1.3667633830072445	0.4324179018146798	U2AF1L4	0.26962388	False
4605	3.1607465307784475	1.3667633830072445	0.4324179018146798	PSENEN	0.26962388	False
4606	3.1607465307784475	1.3667633830072445	0.4324179018146798	LIN37	0.26962388	False
4607	3.1607465307784475	1.3667633830072445	0.4324179018146798	HSPB6	0.26962388	False
4608	3.1607465307784475	1.3667633830072445	0.4324179018146798	PROSER3	0.26962388	False
4609	3.1607465307784475	1.3667633830072445	0.4324179018146798	ARHGAP33	0.26962388	False
4610	3.1607465307784475	1.3667633830072445	0.4324179018146798	LINC01529	0.26962388	False
4611	3.1607465307784475	1.3667633830072445	0.4324179018146798	PRODH2	0.26962388	False
4612	3.1607465307784475	1.3667633830072445	0.4324179018146798	NPHS1	0.26962388	False
4613	3.1607465307784475	1.3667633830072445	0.4324179018146798	KIRREL2	0.26962388	False
4614	3.1607465307784475	1.3667633830072445	0.4324179018146798	APLP1	0.26962388	False
4615	3.1302854550018115	1.0417815055342046	0.332807189794645	NFKBID	0.26962203	False
4616	3.1302854550018115	1.0417815055342046	0.332807189794645	HCST	0.26962203	False
4617	3.1302854550018115	1.0417815055342046	0.332807189794645	TYROBP	0.26962203	False
4618	3.1302854550018115	1.0417815055342046	0.332807189794645	LRFN3	0.26962203	False
4619	3.1302854550018115	1.0417815055342046	0.332807189794645	SDHAF1	0.26962203	False
4620	3.1302854550018115	1.0417815055342046	0.332807189794645	SYNE4	0.26962203	False
4621	3.1302854550018115	1.0417815055342046	0.332807189794645	ALKBH6	0.26962203	False
4622	3.1302854550018115	1.0417815055342046	0.332807189794645	LOC101927572	0.26962203	False
4623	3.1302854550018115	1.0417815055342046	0.332807189794645	CLIP3	0.26962203	False
4624	3.1302854550018115	1.0417815055342046	0.332807189794645	THAP8	0.26962203	False
4625	3.1302854550018115	1.0417815055342046	0.332807189794645	WDR62	0.26962203	False
4626	3.2985157962221328	1.1341537096430065	0.34383758626894534	OVOL3	0.2696226	False
4627	3.2985157962221328	1.1341537096430065	0.34383758626894534	POLR2I	0.2696226	False
4628	3.2985157962221328	1.1341537096430065	0.34383758626894534	TBCB	0.2696226	False
4629	3.2985157962221328	1.1341537096430065	0.34383758626894534	CAPNS1	0.2696226	False
4630	3.2985157962221328	1.1341537096430065	0.34383758626894534	COX7A1	0.2696226	False
4631	3.2985157962221328	1.1341537096430065	0.34383758626894534	ZNF565	0.2696226	False
4632	3.2985157962221328	1.1341537096430065	0.34383758626894534	ZNF146	0.2696226	False
4633	3.2985157962221328	1.1341537096430065	0.34383758626894534	LOC100134317	0.2696226	False
4634	3.2985157962221328	1.1341537096430065	0.34383758626894534	LINC00665	0.2696226	False
4635	3.2985157962221328	1.1341537096430065	0.34383758626894534	ZFP14	0.2696226	False
4636	3.2985157962221328	1.1341537096430065	0.34383758626894534	ZFP82	0.2696226	False
4637	3.2985157962221328	1.1341537096430065	0.34383758626894534	ZNF566	0.2696226	False
4638	3.2985157962221328	1.1341537096430065	0.34383758626894534	LOC728752	0.2696226	False
4639	3.2985157962221328	1.1341537096430065	0.34383758626894534	ZNF260	0.2696226	False
4640	3.2985157962221328	1.1341537096430065	0.34383758626894534	ZNF529	0.2696226	False
4641	3.2985157962221328	1.1341537096430065	0.34383758626894534	ZNF529-AS1	0.2696226	False
4642	3.2985157962221328	1.1341537096430065	0.34383758626894534	ZNF382	0.2696226	False
4643	3.2985157962221328	1.1341537096430065	0.34383758626894534	ZNF461	0.2696226	False
4644	3.2985157962221328	1.1341537096430065	0.34383758626894534	LINC01534	0.2696226	False
4645	3.2985157962221328	1.1341537096430065	0.34383758626894534	ZNF567	0.2696226	False
4646	3.2985157962221328	1.1341537096430065	0.34383758626894534	ZNF850	0.2696226	False
4647	3.2985157962221328	1.1341537096430065	0.34383758626894534	LOC728485	0.2696226	False
4648	3.2985157962221328	1.1341537096430065	0.34383758626894534	ZNF790-AS1	0.2696226	False
4649	3.2985157962221328	1.1341537096430065	0.34383758626894534	ZNF790	0.2696226	False
4650	3.212085766036429	0.9240533026457763	0.2876801461581199	ZNF345	0.2696215	False
4651	3.212085766036429	0.9240533026457763	0.2876801461581199	ZNF829	0.2696215	False
4652	3.212085766036429	0.9240533026457763	0.2876801461581199	ZNF568	0.2696215	False
4653	3.212085766036429	0.9240533026457763	0.2876801461581199	ZNF420	0.2696215	False
4654	3.212085766036429	0.9240533026457763	0.2876801461581199	ZNF585A	0.2696215	False
4655	3.2426449263908714	0.951567697569315	0.2934541768125161	ZNF585B	0.2696218	False
4656	3.2426449263908714	0.951567697569315	0.2934541768125161	ZNF383	0.2696218	False
4657	3.2426449263908714	0.951567697569315	0.2934541768125161	LINC01535	0.2696218	False
4658	3.2426449263908714	0.951567697569315	0.2934541768125161	LOC284412	0.2696218	False
4659	3.2426449263908714	0.951567697569315	0.2934541768125161	HKR1	0.2696218	False
4660	3.2426449263908714	0.951567697569315	0.2934541768125161	ZNF527	0.2696218	False
4661	3.2426449263908714	0.951567697569315	0.2934541768125161	ZNF569	0.2696218	False
4662	3.2426449263908714	0.951567697569315	0.2934541768125161	ZNF570	0.2696218	False
4663	3.2426449263908714	0.951567697569315	0.2934541768125161	ZNF793-AS1	0.2696218	False
4664	3.2426449263908714	0.951567697569315	0.2934541768125161	ZNF793	0.2696218	False
4665	3.2426449263908714	0.951567697569315	0.2934541768125161	ZNF571-AS1	0.2696218	False
4666	3.2426449263908714	0.951567697569315	0.2934541768125161	ZNF540	0.2696218	False
4667	3.2426449263908714	0.951567697569315	0.2934541768125161	ZNF571	0.2696218	False
4668	3.2426449263908714	0.951567697569315	0.2934541768125161	ZFP30	0.2696218	False
4669	3.2426449263908714	0.951567697569315	0.2934541768125161	ZNF781	0.2696218	False
4670	3.2426449263908714	0.951567697569315	0.2934541768125161	ZNF607	0.2696218	False
4671	3.2426449263908714	0.951567697569315	0.2934541768125161	ZNF573	0.2696218	False
4672	3.2426449263908714	0.951567697569315	0.2934541768125161	LOC644554	0.2696218	False
4673	3.2426449263908714	0.951567697569315	0.2934541768125161	LOC100631378	0.2696218	False
4674	3.2805673264174553	0.8175755817600692	0.24921774205832345	WDR87	0.26962125	False
4675	3.2805673264174553	0.8175755817600692	0.24921774205832345	SIPA1L3	0.26962125	False
4676	3.2849847839312574	0.9043979983408832	0.27531269026414124	DPF1	0.26962164	False
4677	3.2849847839312574	0.9043979983408832	0.27531269026414124	SPINT2	0.26962164	False
4678	3.2849847839312574	0.9043979983408832	0.27531269026414124	PPP1R14A	0.26962164	False
4679	3.2849847839312574	0.9043979983408832	0.27531269026414124	C19orf33	0.26962164	False
4680	3.2849847839312574	0.9043979983408832	0.27531269026414124	YIF1B	0.26962164	False
4681	3.2849847839312574	0.9043979983408832	0.27531269026414124	KCNK6	0.26962164	False
4682	3.2849847839312574	0.9043979983408832	0.27531269026414124	CATSPERG	0.26962164	False
4683	3.2849847839312574	0.9043979983408832	0.27531269026414124	PSMD8	0.26962164	False
4684	3.2849847839312574	0.9043979983408832	0.27531269026414124	GGN	0.26962164	False
4685	3.2849847839312574	0.9043979983408832	0.27531269026414124	SPRED3	0.26962164	False
4686	3.2849847839312574	0.9043979983408832	0.27531269026414124	FAM98C	0.26962164	False
4687	3.2849847839312574	0.9043979983408832	0.27531269026414124	RASGRP4	0.26962164	False
4688	3.2849847839312574	0.9043979983408832	0.27531269026414124	RYR1	0.26962164	False
4689	3.2849847839312574	0.9043979983408832	0.27531269026414124	MAP4K1	0.26962164	False
4690	3.2849847839312574	0.9043979983408832	0.27531269026414124	LOC105372397	0.26962164	False
4691	3.2849847839312574	0.9043979983408832	0.27531269026414124	EIF3K	0.26962164	False
4692	3.2849847839312574	0.9043979983408832	0.27531269026414124	ACTN4	0.26962164	False
4693	3.2849847839312574	0.9043979983408832	0.27531269026414124	CAPN12	0.26962164	False
4694	3.2849847839312574	0.9043979983408832	0.27531269026414124	LGALS7	0.26962164	False
4695	3.2849847839312574	0.9043979983408832	0.27531269026414124	LGALS7B	0.26962164	False
4696	3.2849847839312574	0.9043979983408832	0.27531269026414124	LGALS4	0.26962164	False
4697	3.2849847839312574	0.9043979983408832	0.27531269026414124	ECH1	0.26962164	False
4698	3.2849847839312574	0.9043979983408832	0.27531269026414124	HNRNPL	0.26962164	False
4699	3.2849847839312574	0.9043979983408832	0.27531269026414124	RINL	0.26962164	False
4700	3.2849847839312574	0.9043979983408832	0.27531269026414124	SIRT2	0.26962164	False
4701	3.3081764036621677	0.8458421119870895	0.25568228799732023	NFKBIB	0.2696214	False
4702	3.3081764036621677	0.8458421119870895	0.25568228799732023	CCER2	0.2696214	False
4703	3.3081764036621677	0.8458421119870895	0.25568228799732023	SARS2	0.2696214	False
4704	3.3081764036621677	0.8458421119870895	0.25568228799732023	MRPS12	0.2696214	False
4705	3.3081764036621677	0.8458421119870895	0.25568228799732023	FBXO17	0.2696214	False
4706	3.3081764036621677	0.8458421119870895	0.25568228799732023	FBXO27	0.2696214	False
4707	3.3081764036621677	0.8458421119870895	0.25568228799732023	ACP7	0.2696214	False
4708	3.3824230811731297	0.9853778870168309	0.2913230732434191	PAK4	0.26962197	False
4709	3.3824230811731297	0.9853778870168309	0.2913230732434191	NCCRP1	0.26962197	False
4710	3.3824230811731297	0.9853778870168309	0.2913230732434191	SYCN	0.26962197	False
4711	3.3824230811731297	0.9853778870168309	0.2913230732434191	IFNL3	0.26962197	False
4712	3.3824230811731297	0.9853778870168309	0.2913230732434191	IFNL4	0.26962197	False
4713	3.3824230811731297	0.9853778870168309	0.2913230732434191	IFNL2	0.26962197	False
4714	3.3824230811731297	0.9853778870168309	0.2913230732434191	IFNL1	0.26962197	False
4715	3.3824230811731297	0.9853778870168309	0.2913230732434191	LRFN1	0.26962197	False
4716	3.3824230811731297	0.9853778870168309	0.2913230732434191	GMFG	0.26962197	False
4717	3.3824230811731297	0.9853778870168309	0.2913230732434191	SAMD4B	0.26962197	False
4718	3.3824230811731297	0.9853778870168309	0.2913230732434191	PAF1	0.26962197	False
4719	3.3824230811731297	0.9853778870168309	0.2913230732434191	MED29	0.26962197	False
4720	3.3824230811731297	0.9853778870168309	0.2913230732434191	ZFP36	0.26962197	False
4721	3.3824230811731297	0.9853778870168309	0.2913230732434191	MIR4530	0.26962197	False
4722	3.3824230811731297	0.9853778870168309	0.2913230732434191	PLEKHG2	0.26962197	False
4723	3.3824230811731297	0.9853778870168309	0.2913230732434191	RPS16	0.26962197	False
4724	3.3824230811731297	0.9853778870168309	0.2913230732434191	SUPT5H	0.26962197	False
4725	3.3824230811731297	0.9853778870168309	0.2913230732434191	TIMM50	0.26962197	False
4726	3.3824230811731297	0.9853778870168309	0.2913230732434191	DLL3	0.26962197	False
4727	3.3824230811731297	0.9853778870168309	0.2913230732434191	SELENOV	0.26962197	False
4728	3.3824230811731297	0.9853778870168309	0.2913230732434191	EID2B	0.26962197	False
4729	3.3824230811731297	0.9853778870168309	0.2913230732434191	EID2	0.26962197	False
4730	3.3824230811731297	0.9853778870168309	0.2913230732434191	LGALS13	0.26962197	False
4731	3.3824230811731297	0.9853778870168309	0.2913230732434191	LGALS16	0.26962197	False
4732	3.3824230811731297	0.9853778870168309	0.2913230732434191	LGALS17A	0.26962197	False
4733	3.3824230811731297	0.9853778870168309	0.2913230732434191	LGALS14	0.26962197	False
4734	3.3824230811731297	0.9853778870168309	0.2913230732434191	CLC	0.26962197	False
4735	3.3824230811731297	0.9853778870168309	0.2913230732434191	LEUTX	0.26962197	False
4736	3.3824230811731297	0.9853778870168309	0.2913230732434191	DYRK1B	0.26962197	False
4737	3.3824230811731297	0.9853778870168309	0.2913230732434191	MIR6719	0.26962197	False
4738	3.3824230811731297	0.9853778870168309	0.2913230732434191	FBL	0.26962197	False
4739	3.3984629229499803	1.0289805763681643	0.3027782264209534	FCGBP	0.2696222	False
4740	3.3984629229499803	1.0289805763681643	0.3027782264209534	PSMC4	0.2696222	False
4741	3.3984629229499803	1.0289805763681643	0.3027782264209534	ZNF546	0.2696222	False
4742	3.3984629229499803	1.0289805763681643	0.3027782264209534	ZNF780B	0.2696222	False
4743	3.3984629229499803	1.0289805763681643	0.3027782264209534	ZNF780A	0.2696222	False
4744	3.5433612818274787	1.2747006969083685	0.35974336104134014	MAP3K10	0.26962394	False
4745	3.5433612818274787	1.2747006969083685	0.35974336104134014	TTC9B	0.26962394	False
4746	3.5433612818274787	1.2747006969083685	0.35974336104134014	CNTD2	0.26962394	False
4747	3.5433612818274787	1.2747006969083685	0.35974336104134014	AKT2	0.26962394	False
4748	3.5433612818274787	1.2747006969083685	0.35974336104134014	MIR641	0.26962394	False
4749	3.5433612818274787	1.2747006969083685	0.35974336104134014	C19orf47	0.26962394	False
4750	3.5433612818274787	1.2747006969083685	0.35974336104134014	PLD3	0.26962394	False
4751	3.5433612818274787	1.2747006969083685	0.35974336104134014	MIR6796	0.26962394	False
4752	3.5433612818274787	1.2747006969083685	0.35974336104134014	HIPK4	0.26962394	False
4753	3.5433612818274787	1.2747006969083685	0.35974336104134014	PRX	0.26962394	False
4754	3.5433612818274787	1.2747006969083685	0.35974336104134014	SERTAD1	0.26962394	False
4755	3.5433612818274787	1.2747006969083685	0.35974336104134014	SERTAD3	0.26962394	False
4756	3.5433612818274787	1.2747006969083685	0.35974336104134014	BLVRB	0.26962394	False
4757	3.5433612818274787	1.2747006969083685	0.35974336104134014	SPTBN4	0.26962394	False
4758	3.5433612818274787	1.2747006969083685	0.35974336104134014	SHKBP1	0.26962394	False
4759	3.5433612818274787	1.2747006969083685	0.35974336104134014	LTBP4	0.26962394	False
4760	3.5433612818274787	1.2747006969083685	0.35974336104134014	NUMBL	0.26962394	False
4761	3.5433612818274787	1.2747006969083685	0.35974336104134014	COQ8B	0.26962394	False
4762	3.5433612818274787	1.2747006969083685	0.35974336104134014	ITPKC	0.26962394	False
4763	3.5433612818274787	1.2747006969083685	0.35974336104134014	C19orf54	0.26962394	False
4764	3.5433612818274787	1.2747006969083685	0.35974336104134014	SNRPA	0.26962394	False
4765	3.5433612818274787	1.2747006969083685	0.35974336104134014	MIA	0.26962394	False
4766	3.5433612818274787	1.2747006969083685	0.35974336104134014	MIA-RAB4B	0.26962394	False
4767	3.5433612818274787	1.2747006969083685	0.35974336104134014	RAB4B	0.26962394	False
4768	3.5433612818274787	1.2747006969083685	0.35974336104134014	RAB4B-EGLN2	0.26962394	False
4769	3.5433612818274787	1.2747006969083685	0.35974336104134014	EGLN2	0.26962394	False
4770	3.5433612818274787	1.2747006969083685	0.35974336104134014	CYP2G1P	0.26962394	False
4771	3.5433612818274787	1.2747006969083685	0.35974336104134014	CYP2A6	0.26962394	False
4772	3.5433612818274787	1.2747006969083685	0.35974336104134014	CYP2A7	0.26962394	False
4773	3.4291773844531637	1.2897646854473275	0.37611489312122615	CYP2B6	0.26962337	False
4774	3.4291773844531637	1.2897646854473275	0.37611489312122615	CYP2A13	0.26962337	False
4775	3.432317742986146	1.5672816509734677	0.4566248722677753	CYP2F1	0.26962408	False
4776	3.432317742986146	1.5672816509734677	0.4566248722677753	CYP2S1	0.26962408	False
4777	3.432317742986146	1.5672816509734677	0.4566248722677753	AXL	0.26962408	False
4778	3.432317742986146	1.5672816509734677	0.4566248722677753	HNRNPUL1	0.26962408	False
4779	3.432317742986146	1.5672816509734677	0.4566248722677753	TGFB1	0.26962408	False
4780	3.432317742986146	1.5672816509734677	0.4566248722677753	CCDC97	0.26962408	False
4781	3.432317742986146	1.5672816509734677	0.4566248722677753	BCKDHA	0.26962408	False
4782	3.432317742986146	1.5672816509734677	0.4566248722677753	TMEM91	0.26962408	False
4783	3.432317742986146	1.5672816509734677	0.4566248722677753	B9D2	0.26962408	False
4784	3.432317742986146	1.5672816509734677	0.4566248722677753	EXOSC5	0.26962408	False
4785	3.432317742986146	1.5672816509734677	0.4566248722677753	B3GNT8	0.26962408	False
4786	3.432317742986146	1.5672816509734677	0.4566248722677753	DMAC2	0.26962408	False
4787	3.432317742986146	1.5672816509734677	0.4566248722677753	ERICH4	0.26962408	False
4788	3.432317742986146	1.5672816509734677	0.4566248722677753	PCAT19	0.26962408	False
4789	3.432317742986146	1.5672816509734677	0.4566248722677753	LINC01480	0.26962408	False
4790	3.432317742986146	1.5672816509734677	0.4566248722677753	CEACAM21	0.26962408	False
4791	3.432317742986146	1.5672816509734677	0.4566248722677753	CEACAM4	0.26962408	False
4792	3.432317742986146	1.5672816509734677	0.4566248722677753	CEACAM7	0.26962408	False
4793	3.432317742986146	1.5672816509734677	0.4566248722677753	CEACAM5	0.26962408	False
4794	3.432317742986146	1.5672816509734677	0.4566248722677753	CEACAM6	0.26962408	False
4795	3.432317742986146	1.5672816509734677	0.4566248722677753	CEACAM3	0.26962408	False
4796	3.432317742986146	1.5672816509734677	0.4566248722677753	LYPD4	0.26962408	False
4797	3.432317742986146	1.5672816509734677	0.4566248722677753	DMRTC2	0.26962408	False
4798	3.432317742986146	1.5672816509734677	0.4566248722677753	RPS19	0.26962408	False
4799	3.432317742986146	1.5672816509734677	0.4566248722677753	MIR6797	0.26962408	False
4800	3.432317742986146	1.5672816509734677	0.4566248722677753	CD79A	0.26962408	False
4801	3.376462046150763	1.5017086946332672	0.44475805565332693	ARHGEF1	0.26962364	False
4802	3.376462046150763	1.5017086946332672	0.44475805565332693	RABAC1	0.26962364	False
4803	3.376462046150763	1.5017086946332672	0.44475805565332693	ATP1A3	0.26962364	False
4804	3.376462046150763	1.5017086946332672	0.44475805565332693	GRIK5	0.26962364	False
4805	3.376462046150763	1.5017086946332672	0.44475805565332693	ZNF574	0.26962364	False
4806	3.376462046150763	1.5017086946332672	0.44475805565332693	POU2F2	0.26962364	False
4807	3.3803257986193436	1.7134773693855208	0.5068971073987518	LOC100505622	0.2696248	False
4808	3.3803257986193436	1.7134773693855208	0.5068971073987518	MIR4323	0.2696248	False
4809	3.3803257986193436	1.7134773693855208	0.5068971073987518	DEDD2	0.2696248	False
4810	3.3803257986193436	1.7134773693855208	0.5068971073987518	ZNF526	0.2696248	False
4811	3.3803257986193436	1.7134773693855208	0.5068971073987518	GSK3A	0.2696248	False
4812	3.3803257986193436	1.7134773693855208	0.5068971073987518	ERF	0.2696248	False
4813	3.3803257986193436	1.7134773693855208	0.5068971073987518	CIC	0.2696248	False
4814	3.3803257986193436	1.7134773693855208	0.5068971073987518	PAFAH1B3	0.2696248	False
4815	3.3803257986193436	1.7134773693855208	0.5068971073987518	PRR19	0.2696248	False
4816	3.3803257986193436	1.7134773693855208	0.5068971073987518	TMEM145	0.2696248	False
4817	3.3803257986193436	1.7134773693855208	0.5068971073987518	MEGF8	0.2696248	False
4818	3.3803257986193436	1.7134773693855208	0.5068971073987518	MIR8077	0.2696248	False
4819	3.3803257986193436	1.7134773693855208	0.5068971073987518	CNFN	0.2696248	False
4820	3.3803257986193436	1.7134773693855208	0.5068971073987518	LOC101930071	0.2696248	False
4821	3.3803257986193436	1.7134773693855208	0.5068971073987518	LIPE-AS1	0.2696248	False
4822	3.3803257986193436	1.7134773693855208	0.5068971073987518	LIPE	0.2696248	False
4823	3.3803257986193436	1.7134773693855208	0.5068971073987518	CXCL17	0.2696248	False
4824	3.3803257986193436	1.7134773693855208	0.5068971073987518	CEACAM1	0.2696248	False
4825	3.3803257986193436	1.7134773693855208	0.5068971073987518	CEACAM8	0.2696248	False
4826	3.3803257986193436	1.7134773693855208	0.5068971073987518	PSG3	0.2696248	False
4827	3.3803257986193436	1.7134773693855208	0.5068971073987518	PSG8	0.2696248	False
4828	3.3803257986193436	1.7134773693855208	0.5068971073987518	PSG8-AS1	0.2696248	False
4829	3.3803257986193436	1.7134773693855208	0.5068971073987518	PSG1	0.2696248	False
4830	3.3553328115767265	1.4805777791379213	0.44126107968472233	PSG6	0.26962328	False
4831	3.3553328115767265	1.4805777791379213	0.44126107968472233	PSG7	0.26962328	False
4832	3.3553328115767265	1.4805777791379213	0.44126107968472233	PSG11	0.26962328	False
4833	3.3553328115767265	1.4805777791379213	0.44126107968472233	PSG2	0.26962328	False
4834	3.335026340869214	1.6504450103140216	0.49488215133073377	PSG5	0.26962405	False
4835	3.335026340869214	1.6504450103140216	0.49488215133073377	PSG4	0.26962405	False
4836	3.335026340869214	1.6504450103140216	0.49488215133073377	LOC284344	0.26962405	False
4837	3.335026340869214	1.6504450103140216	0.49488215133073377	PSG9	0.26962405	False
4838	3.335026340869214	1.6504450103140216	0.49488215133073377	CD177	0.26962405	False
4839	3.335026340869214	1.6504450103140216	0.49488215133073377	TEX101	0.26962405	False
4840	3.335026340869214	1.6504450103140216	0.49488215133073377	LYPD3	0.26962405	False
4841	3.335026340869214	1.6504450103140216	0.49488215133073377	PHLDB3	0.26962405	False
4842	3.335026340869214	1.6504450103140216	0.49488215133073377	ETHE1	0.26962405	False
4843	3.335026340869214	1.6504450103140216	0.49488215133073377	ZNF575	0.26962405	False
4844	3.335026340869214	1.6504450103140216	0.49488215133073377	XRCC1	0.26962405	False
4845	3.335026340869214	1.6504450103140216	0.49488215133073377	PINLYP	0.26962405	False
4846	3.335026340869214	1.6504450103140216	0.49488215133073377	IRGQ	0.26962405	False
4847	3.335026340869214	1.6504450103140216	0.49488215133073377	ZNF576	0.26962405	False
4848	3.335026340869214	1.6504450103140216	0.49488215133073377	ZNF428	0.26962405	False
4849	3.335026340869214	1.6504450103140216	0.49488215133073377	SRRM5	0.26962405	False
4850	3.335026340869214	1.6504450103140216	0.49488215133073377	CADM4	0.26962405	False
4851	3.335026340869214	1.6504450103140216	0.49488215133073377	PLAUR	0.26962405	False
4852	3.335026340869214	1.6504450103140216	0.49488215133073377	IRGC	0.26962405	False
4853	3.335026340869214	1.6504450103140216	0.49488215133073377	SMG9	0.26962405	False
4854	3.335026340869214	1.6504450103140216	0.49488215133073377	KCNN4	0.26962405	False
4855	3.335026340869214	1.6504450103140216	0.49488215133073377	LYPD5	0.26962405	False
4856	3.335026340869214	1.6504450103140216	0.49488215133073377	ZNF283	0.26962405	False
4857	3.335026340869214	1.6504450103140216	0.49488215133073377	ZNF404	0.26962405	False
4858	3.2958443213342727	1.3637099151556629	0.41376648354664564	LOC100505715	0.2696226	False
4859	3.2958443213342727	1.3637099151556629	0.41376648354664564	ZNF45	0.2696226	False
4860	3.2958443213342727	1.3637099151556629	0.41376648354664564	ZNF221	0.2696226	False
4861	3.2958443213342727	1.3637099151556629	0.41376648354664564	ZNF155	0.2696226	False
4862	3.2958443213342727	1.3637099151556629	0.41376648354664564	LOC101928063	0.2696226	False
4863	3.2958443213342727	1.3637099151556629	0.41376648354664564	ZNF230	0.2696226	False
4864	3.2958443213342727	1.3637099151556629	0.41376648354664564	ZNF222	0.2696226	False
4865	3.2958443213342727	1.3637099151556629	0.41376648354664564	ZNF284	0.2696226	False
4866	3.2958443213342727	1.3637099151556629	0.41376648354664564	ZNF223	0.2696226	False
4867	3.2958443213342727	1.3637099151556629	0.41376648354664564	ZNF224	0.2696226	False
4868	3.3622814552710247	1.3754986525515256	0.40909682037331113	LOC100379224	0.269623	False
4869	3.3622814552710247	1.3754986525515256	0.40909682037331113	ZNF225	0.269623	False
4870	3.3622814552710247	1.3754986525515256	0.40909682037331113	ZNF234	0.269623	False
4871	3.3622814552710247	1.3754986525515256	0.40909682037331113	ZNF226	0.269623	False
4872	3.3622814552710247	1.3754986525515256	0.40909682037331113	ZNF227	0.269623	False
4873	3.3622814552710247	1.3754986525515256	0.40909682037331113	ZNF235	0.269623	False
4874	3.3622814552710247	1.3754986525515256	0.40909682037331113	ZNF233	0.269623	False
4875	3.3622814552710247	1.3754986525515256	0.40909682037331113	ZNF112	0.269623	False
4876	3.3622814552710247	1.3754986525515256	0.40909682037331113	ZNF285	0.269623	False
4877	3.3622814552710247	1.3754986525515256	0.40909682037331113	ZNF229	0.269623	False
4878	3.3622814552710247	1.3754986525515256	0.40909682037331113	ZNF180	0.269623	False
4879	3.3622814552710247	1.3754986525515256	0.40909682037331113	CEACAM20	0.269623	False
4880	3.3622814552710247	1.3754986525515256	0.40909682037331113	IGSF23	0.269623	False
4881	3.3622814552710247	1.3754986525515256	0.40909682037331113	PVR	0.269623	False
4882	3.3622814552710247	1.3754986525515256	0.40909682037331113	CEACAM19	0.269623	False
4883	3.3622814552710247	1.3754986525515256	0.40909682037331113	CEACAM16	0.269623	False
4884	3.3622814552710247	1.3754986525515256	0.40909682037331113	BCL3	0.269623	False
4885	3.3622814552710247	1.3754986525515256	0.40909682037331113	MIR8085	0.269623	False
4886	3.3622814552710247	1.3754986525515256	0.40909682037331113	CBLC	0.269623	False
4887	3.3622814552710247	1.3754986525515256	0.40909682037331113	BCAM	0.269623	False
4888	3.3622814552710247	1.3754986525515256	0.40909682037331113	NECTIN2	0.269623	False
4889	3.3627816438221263	1.1607797402100424	0.3451843929095271	TOMM40	0.26962242	False
4890	3.3627816438221263	1.1607797402100424	0.3451843929095271	APOE	0.26962242	False
4891	3.3627816438221263	1.1607797402100424	0.3451843929095271	APOC1	0.26962242	False
4892	3.3627816438221263	1.1607797402100424	0.3451843929095271	APOC4	0.26962242	False
4893	3.3627816438221263	1.1607797402100424	0.3451843929095271	APOC4-APOC2	0.26962242	False
4894	3.3627816438221263	1.1607797402100424	0.3451843929095271	APOC2	0.26962242	False
4895	3.3627816438221263	1.1607797402100424	0.3451843929095271	CLPTM1	0.26962242	False
4896	3.3627816438221263	1.1607797402100424	0.3451843929095271	RELB	0.26962242	False
4897	3.3627816438221263	1.1607797402100424	0.3451843929095271	CLASRP	0.26962242	False
4898	3.3627816438221263	1.1607797402100424	0.3451843929095271	ZNF296	0.26962242	False
4899	3.3627816438221263	1.1607797402100424	0.3451843929095271	GEMIN7-AS1	0.26962242	False
4900	3.3627816438221263	1.1607797402100424	0.3451843929095271	GEMIN7	0.26962242	False
4901	3.3627816438221263	1.1607797402100424	0.3451843929095271	MARK4	0.26962242	False
4902	3.3627816438221263	1.1607797402100424	0.3451843929095271	PPP1R37	0.26962242	False
4903	3.4110359216186654	1.2235463834725042	0.3587022862227394	NKPD1	0.26962316	False
4904	3.4110359216186654	1.2235463834725042	0.3587022862227394	TRAPPC6A	0.26962316	False
4905	3.4110359216186654	1.2235463834725042	0.3587022862227394	BLOC1S3	0.26962316	False
4906	3.4110359216186654	1.2235463834725042	0.3587022862227394	EXOC3L2	0.26962316	False
4907	3.4110359216186654	1.2235463834725042	0.3587022862227394	CKM	0.26962316	False
4908	3.4110359216186654	1.2235463834725042	0.3587022862227394	KLC3	0.26962316	False
4909	3.4110359216186654	1.2235463834725042	0.3587022862227394	ERCC2	0.26962316	False
4910	3.4110359216186654	1.2235463834725042	0.3587022862227394	PPP1R13L	0.26962316	False
4911	3.4110359216186654	1.2235463834725042	0.3587022862227394	CD3EAP	0.26962316	False
4912	3.4110359216186654	1.2235463834725042	0.3587022862227394	ERCC1	0.26962316	False
4913	3.4110359216186654	1.2235463834725042	0.3587022862227394	MIR6088	0.26962316	False
4914	3.4110359216186654	1.2235463834725042	0.3587022862227394	FOSB	0.26962316	False
4915	3.4110359216186654	1.2235463834725042	0.3587022862227394	RTN2	0.26962316	False
4916	3.4110359216186654	1.2235463834725042	0.3587022862227394	PPM1N	0.26962316	False
4917	3.4110359216186654	1.2235463834725042	0.3587022862227394	VASP	0.26962316	False
4918	3.4110359216186654	1.2235463834725042	0.3587022862227394	OPA3	0.26962316	False
4919	3.4110359216186654	1.2235463834725042	0.3587022862227394	GPR4	0.26962316	False
4920	3.4110359216186654	1.2235463834725042	0.3587022862227394	EML2	0.26962316	False
4921	3.4110359216186654	1.2235463834725042	0.3587022862227394	MIR330	0.26962316	False
4922	3.4110359216186654	1.2235463834725042	0.3587022862227394	EML2-AS1	0.26962316	False
4923	3.4110359216186654	1.2235463834725042	0.3587022862227394	GIPR	0.26962316	False
4924	3.4110359216186654	1.2235463834725042	0.3587022862227394	MIR642A	0.26962316	False
4925	3.4110359216186654	1.2235463834725042	0.3587022862227394	SNRPD2	0.26962316	False
4926	3.4110359216186654	1.2235463834725042	0.3587022862227394	QPCTL	0.26962316	False
4927	3.4110359216186654	1.2235463834725042	0.3587022862227394	FBXO46	0.26962316	False
4928	3.4110359216186654	1.2235463834725042	0.3587022862227394	BHMG1	0.26962316	False
4929	3.4110359216186654	1.2235463834725042	0.3587022862227394	SIX5	0.26962316	False
4930	3.4110359216186654	1.2235463834725042	0.3587022862227394	DMPK	0.26962316	False
4931	3.4110359216186654	1.2235463834725042	0.3587022862227394	DMWD	0.26962316	False
4932	3.4110359216186654	1.2235463834725042	0.3587022862227394	RSPH6A	0.26962316	False
4933	3.4110359216186654	1.2235463834725042	0.3587022862227394	SYMPK	0.26962316	False
4934	3.4110359216186654	1.2235463834725042	0.3587022862227394	FOXA3	0.26962316	False
4935	3.4110359216186654	1.2235463834725042	0.3587022862227394	IRF2BP1	0.26962316	False
4936	3.3802320697886983	1.0418463502456843	0.30821740304677103	MYPOP	0.26962215	False
4937	3.3802320697886983	1.0418463502456843	0.30821740304677103	NANOS2	0.26962215	False
4938	3.3802320697886983	1.0418463502456843	0.30821740304677103	NOVA2	0.26962215	False
4939	3.3802320697886983	1.0418463502456843	0.30821740304677103	CCDC61	0.26962215	False
4940	3.3802320697886983	1.0418463502456843	0.30821740304677103	MIR769	0.26962215	False
4941	3.3802320697886983	1.0418463502456843	0.30821740304677103	PGLYRP1	0.26962215	False
4942	3.3802320697886983	1.0418463502456843	0.30821740304677103	IGFL4	0.26962215	False
4943	3.3802320697886983	1.0418463502456843	0.30821740304677103	LOC400706	0.26962215	False
4944	3.376899351464451	1.0623706522482994	0.3145994421739528	IGFL3	0.2696219	False
4945	3.376899351464451	1.0623706522482994	0.3145994421739528	IGFL2	0.2696219	False
4946	3.376899351464451	1.0623706522482994	0.3145994421739528	IGFL2-AS1	0.2696219	False
4947	3.376899351464451	1.0623706522482994	0.3145994421739528	LOC93429	0.2696219	False
4948	3.376899351464451	1.0623706522482994	0.3145994421739528	IGFL1	0.2696219	False
4949	3.376899351464451	1.0623706522482994	0.3145994421739528	HIF3A	0.2696219	False
4950	3.376899351464451	1.0623706522482994	0.3145994421739528	PPP5C	0.2696219	False
4951	3.376899351464451	1.0623706522482994	0.3145994421739528	CCDC8	0.2696219	False
4952	3.376899351464451	1.0623706522482994	0.3145994421739528	PNMA8A	0.2696219	False
4953	3.376899351464451	1.0623706522482994	0.3145994421739528	PPP5D1	0.2696219	False
4954	3.376899351464451	1.0623706522482994	0.3145994421739528	PNMA8B	0.2696219	False
4955	3.376899351464451	1.0623706522482994	0.3145994421739528	CALM3	0.2696219	False
4956	3.376899351464451	1.0623706522482994	0.3145994421739528	PTGIR	0.2696219	False
4957	3.376899351464451	1.0623706522482994	0.3145994421739528	GNG8	0.2696219	False
4958	3.376899351464451	1.0623706522482994	0.3145994421739528	DACT3	0.2696219	False
4959	3.376899351464451	1.0623706522482994	0.3145994421739528	DACT3-AS1	0.2696219	False
4960	3.376899351464451	1.0623706522482994	0.3145994421739528	PRKD2	0.2696219	False
4961	3.376899351464451	1.0623706522482994	0.3145994421739528	MIR320E	0.2696219	False
4962	3.376899351464451	1.0623706522482994	0.3145994421739528	STRN4	0.2696219	False
4963	3.376899351464451	1.0623706522482994	0.3145994421739528	FKRP	0.2696219	False
4964	3.376899351464451	1.0623706522482994	0.3145994421739528	SLC1A5	0.2696219	False
4965	3.376899351464451	1.0623706522482994	0.3145994421739528	AP2S1	0.2696219	False
4966	3.555160345381725	0.9970556643758858	0.28045307876790854	ARHGAP35	0.26962292	False
4967	3.555160345381725	0.9970556643758858	0.28045307876790854	NPAS1	0.26962292	False
4968	3.555160345381725	0.9970556643758858	0.28045307876790854	TMEM160	0.26962292	False
4969	3.555160345381725	0.9970556643758858	0.28045307876790854	ZC3H4	0.26962292	False
4970	3.6619074145577066	1.0980785615898854	0.29986518971630355	SAE1	0.26962367	False
4971	3.6619074145577066	1.0980785615898854	0.29986518971630355	BBC3	0.26962367	False
4972	3.6619074145577066	1.0980785615898854	0.29986518971630355	MIR3190	0.26962367	False
4973	3.6619074145577066	1.0980785615898854	0.29986518971630355	CCDC9	0.26962367	False
4974	3.6619074145577066	1.0980785615898854	0.29986518971630355	INAFM1	0.26962367	False
4975	3.6619074145577066	1.0980785615898854	0.29986518971630355	C5AR1	0.26962367	False
4976	3.6619074145577066	1.0980785615898854	0.29986518971630355	C5AR2	0.26962367	False
4977	3.6619074145577066	1.0980785615898854	0.29986518971630355	DHX34	0.26962367	False
4978	3.6619074145577066	1.0980785615898854	0.29986518971630355	MEIS3	0.26962367	False
4979	3.6619074145577066	1.0980785615898854	0.29986518971630355	SLC8A2	0.26962367	False
4980	3.6619074145577066	1.0980785615898854	0.29986518971630355	KPTN	0.26962367	False
4981	3.6619074145577066	1.0980785615898854	0.29986518971630355	NAPA-AS1	0.26962367	False
4982	3.6619074145577066	1.0980785615898854	0.29986518971630355	NAPA	0.26962367	False
4983	3.6619074145577066	1.0980785615898854	0.29986518971630355	ZNF541	0.26962367	False
4984	3.6619074145577066	1.0980785615898854	0.29986518971630355	BICRA	0.26962367	False
4985	3.6619074145577066	1.0980785615898854	0.29986518971630355	EHD2	0.26962367	False
4986	3.6619074145577066	1.0980785615898854	0.29986518971630355	NOP53	0.26962367	False
4987	3.6619074145577066	1.0980785615898854	0.29986518971630355	SNORD23	0.26962367	False
4988	3.6619074145577066	1.0980785615898854	0.29986518971630355	NOP53-AS1	0.26962367	False
4989	3.6619074145577066	1.0980785615898854	0.29986518971630355	SELENOW	0.26962367	False
4990	3.6619074145577066	1.0980785615898854	0.29986518971630355	TPRX1	0.26962367	False
4991	3.6619074145577066	1.0980785615898854	0.29986518971630355	CRX	0.26962367	False
4992	3.6619074145577066	1.0980785615898854	0.29986518971630355	SULT2A1	0.26962367	False
4993	3.6771558581832107	1.0201143003028565	0.2774193805336468	BSPH1	0.26962373	False
4994	3.6771558581832107	1.0201143003028565	0.2774193805336468	ELSPBP1	0.26962373	False
4995	3.6771558581832107	1.0201143003028565	0.2774193805336468	CABP5	0.26962373	False
4996	3.6771558581832107	1.0201143003028565	0.2774193805336468	PLA2G4C	0.26962373	False
4997	3.6771558581832107	1.0201143003028565	0.2774193805336468	PLA2G4C-AS1	0.26962373	False
4998	3.7836197469380792	1.2063704020984374	0.3188402859654967	LIG1	0.26962498	False
4999	3.7836197469380792	1.2063704020984374	0.3188402859654967	ZSWIM9	0.26962498	False
5000	3.7836197469380792	1.2063704020984374	0.3188402859654967	ZNF114	0.26962498	False
5001	3.7836197469380792	1.2063704020984374	0.3188402859654967	CARD8	0.26962498	False
5002	3.7836197469380792	1.2063704020984374	0.3188402859654967	CARD8-AS1	0.26962498	False
5003	3.7836197469380792	1.2063704020984374	0.3188402859654967	CCDC114	0.26962498	False
5004	3.7836197469380792	1.2063704020984374	0.3188402859654967	EMP3	0.26962498	False
5005	3.7836197469380792	1.2063704020984374	0.3188402859654967	TMEM143	0.26962498	False
5006	3.7836197469380792	1.2063704020984374	0.3188402859654967	SYNGR4	0.26962498	False
5007	3.7836197469380792	1.2063704020984374	0.3188402859654967	KDELR1	0.26962498	False
5008	3.7836197469380792	1.2063704020984374	0.3188402859654967	GRIN2D	0.26962498	False
5009	3.7836197469380792	1.2063704020984374	0.3188402859654967	GRWD1	0.26962498	False
5010	3.7836197469380792	1.2063704020984374	0.3188402859654967	KCNJ14	0.26962498	False
5011	3.7836197469380792	1.2063704020984374	0.3188402859654967	CYTH2	0.26962498	False
5012	3.7836197469380792	1.2063704020984374	0.3188402859654967	LMTK3	0.26962498	False
5013	3.7836197469380792	1.2063704020984374	0.3188402859654967	SULT2B1	0.26962498	False
5014	3.7836197469380792	1.2063704020984374	0.3188402859654967	FAM83E	0.26962498	False
5015	3.7836197469380792	1.2063704020984374	0.3188402859654967	SPACA4	0.26962498	False
5016	3.7836197469380792	1.2063704020984374	0.3188402859654967	RPL18	0.26962498	False
5017	3.7836197469380792	1.2063704020984374	0.3188402859654967	SPHK2	0.26962498	False
5018	3.7836197469380792	1.2063704020984374	0.3188402859654967	DBP	0.26962498	False
5019	3.7836197469380792	1.2063704020984374	0.3188402859654967	CA11	0.26962498	False
5020	3.7836197469380792	1.2063704020984374	0.3188402859654967	NTN5	0.26962498	False
5021	3.7836197469380792	1.2063704020984374	0.3188402859654967	FUT2	0.26962498	False
5022	3.7836197469380792	1.2063704020984374	0.3188402859654967	MAMSTR	0.26962498	False
5023	3.7836197469380792	1.2063704020984374	0.3188402859654967	RASIP1	0.26962498	False
5024	3.7836197469380792	1.2063704020984374	0.3188402859654967	IZUMO1	0.26962498	False
5025	3.7836197469380792	1.2063704020984374	0.3188402859654967	FUT1	0.26962498	False
5026	3.7836197469380792	1.2063704020984374	0.3188402859654967	FGF21	0.26962498	False
5027	3.7836197469380792	1.2063704020984374	0.3188402859654967	BCAT2	0.26962498	False
5028	3.7836197469380792	1.2063704020984374	0.3188402859654967	HSD17B14	0.26962498	False
5029	3.7836197469380792	1.2063704020984374	0.3188402859654967	PLEKHA4	0.26962498	False
5030	3.7836197469380792	1.2063704020984374	0.3188402859654967	PPP1R15A	0.26962498	False
5031	3.7836197469380792	1.2063704020984374	0.3188402859654967	TULP2	0.26962498	False
5032	3.618772580541441	1.063840922845686	0.29397838608761484	NUCB1	0.26962322	False
5033	3.618772580541441	1.063840922845686	0.29397838608761484	NUCB1-AS1	0.26962322	False
5034	3.618772580541441	1.063840922845686	0.29397838608761484	DHDH	0.26962322	False
5035	3.618772580541441	1.063840922845686	0.29397838608761484	BAX	0.26962322	False
5036	3.618772580541441	1.063840922845686	0.29397838608761484	FTL	0.26962322	False
5037	3.618772580541441	1.063840922845686	0.29397838608761484	GYS1	0.26962322	False
5038	3.618772580541441	1.063840922845686	0.29397838608761484	RUVBL2	0.26962322	False
5039	3.618772580541441	1.063840922845686	0.29397838608761484	MIR6798	0.26962322	False
5040	3.618772580541441	1.063840922845686	0.29397838608761484	LHB	0.26962322	False
5041	3.618772580541441	1.063840922845686	0.29397838608761484	LOC101059948	0.26962322	False
5042	3.618772580541441	1.063840922845686	0.29397838608761484	CGB3	0.26962322	False
5043	3.618772580541441	1.063840922845686	0.29397838608761484	CGB2	0.26962322	False
5044	3.618772580541441	1.063840922845686	0.29397838608761484	CGB1	0.26962322	False
5045	3.618772580541441	1.063840922845686	0.29397838608761484	CGB5	0.26962322	False
5046	3.618772580541441	1.063840922845686	0.29397838608761484	CGB8	0.26962322	False
5047	3.618772580541441	1.063840922845686	0.29397838608761484	CGB7	0.26962322	False
5048	3.618772580541441	1.063840922845686	0.29397838608761484	NTF4	0.26962322	False
5049	3.618772580541441	1.063840922845686	0.29397838608761484	KCNA7	0.26962322	False
5050	3.618772580541441	1.063840922845686	0.29397838608761484	SNRNP70	0.26962322	False
5051	3.738384144526704	1.2937942890942706	0.34608382634740464	LIN7B	0.26962483	False
5052	3.738384144526704	1.2937942890942706	0.34608382634740464	C19orf73	0.26962483	False
5053	3.738384144526704	1.2937942890942706	0.34608382634740464	PPFIA3	0.26962483	False
5054	3.738384144526704	1.2937942890942706	0.34608382634740464	HRC	0.26962483	False
5055	3.738384144526704	1.2937942890942706	0.34608382634740464	TRPM4	0.26962483	False
5056	3.738384144526704	1.2937942890942706	0.34608382634740464	SLC6A16	0.26962483	False
5057	3.738384144526704	1.2937942890942706	0.34608382634740464	MIR4324	0.26962483	False
5058	3.738384144526704	1.2937942890942706	0.34608382634740464	CD37	0.26962483	False
5059	3.738384144526704	1.2937942890942706	0.34608382634740464	TEAD2	0.26962483	False
5060	3.738384144526704	1.2937942890942706	0.34608382634740464	DKKL1	0.26962483	False
5061	3.738384144526704	1.2937942890942706	0.34608382634740464	LOC101928295	0.26962483	False
5062	3.738384144526704	1.2937942890942706	0.34608382634740464	CCDC155	0.26962483	False
5063	3.738384144526704	1.2937942890942706	0.34608382634740464	PTH2	0.26962483	False
5064	3.738384144526704	1.2937942890942706	0.34608382634740464	GFY	0.26962483	False
5065	3.738384144526704	1.2937942890942706	0.34608382634740464	SLC17A7	0.26962483	False
5066	3.738384144526704	1.2937942890942706	0.34608382634740464	PIH1D1	0.26962483	False
5067	3.738384144526704	1.2937942890942706	0.34608382634740464	ALDH16A1	0.26962483	False
5068	3.738384144526704	1.2937942890942706	0.34608382634740464	FLT3LG	0.26962483	False
5069	3.738384144526704	1.2937942890942706	0.34608382634740464	RPL13A	0.26962483	False
5070	3.738384144526704	1.2937942890942706	0.34608382634740464	SNORD32A	0.26962483	False
5071	3.738384144526704	1.2937942890942706	0.34608382634740464	SNORD33	0.26962483	False
5072	3.738384144526704	1.2937942890942706	0.34608382634740464	SNORD34	0.26962483	False
5073	3.738384144526704	1.2937942890942706	0.34608382634740464	SNORD35A	0.26962483	False
5074	3.738384144526704	1.2937942890942706	0.34608382634740464	RPS11	0.26962483	False
5075	3.738384144526704	1.2937942890942706	0.34608382634740464	SNORD35B	0.26962483	False
5076	3.738384144526704	1.2937942890942706	0.34608382634740464	MIR150	0.26962483	False
5077	3.738384144526704	1.2937942890942706	0.34608382634740464	FCGRT	0.26962483	False
5078	3.738384144526704	1.2937942890942706	0.34608382634740464	RCN3	0.26962483	False
5079	3.738384144526704	1.2937942890942706	0.34608382634740464	NOSIP	0.26962483	False
5080	3.738384144526704	1.2937942890942706	0.34608382634740464	PRRG2	0.26962483	False
5081	3.738384144526704	1.2937942890942706	0.34608382634740464	PRR12	0.26962483	False
5082	3.738384144526704	1.2937942890942706	0.34608382634740464	RRAS	0.26962483	False
5083	3.738384144526704	1.2937942890942706	0.34608382634740464	SCAF1	0.26962483	False
5084	3.738384144526704	1.2937942890942706	0.34608382634740464	IRF3	0.26962483	False
5085	3.738384144526704	1.2937942890942706	0.34608382634740464	BCL2L12	0.26962483	False
5086	3.738384144526704	1.2937942890942706	0.34608382634740464	PRMT1	0.26962483	False
5087	3.738384144526704	1.2937942890942706	0.34608382634740464	MIR5088	0.26962483	False
5088	3.738384144526704	1.2937942890942706	0.34608382634740464	ADM5	0.26962483	False
5089	3.738384144526704	1.2937942890942706	0.34608382634740464	CPT1C	0.26962483	False
5090	3.738384144526704	1.2937942890942706	0.34608382634740464	TSKS	0.26962483	False
5091	3.738384144526704	1.2937942890942706	0.34608382634740464	AP2A1	0.26962483	False
5092	3.738384144526704	1.2937942890942706	0.34608382634740464	MIR6799	0.26962483	False
5093	3.738384144526704	1.2937942890942706	0.34608382634740464	FUZ	0.26962483	False
5094	3.738384144526704	1.2937942890942706	0.34608382634740464	MED25	0.26962483	False
5095	3.738384144526704	1.2937942890942706	0.34608382634740464	MIR6800	0.26962483	False
5096	3.738384144526704	1.2937942890942706	0.34608382634740464	PTOV1-AS1	0.26962483	False
5097	3.738384144526704	1.2937942890942706	0.34608382634740464	PTOV1	0.26962483	False
5098	3.738384144526704	1.2937942890942706	0.34608382634740464	MIR4749	0.26962483	False
5099	3.738384144526704	1.2937942890942706	0.34608382634740464	PTOV1-AS2	0.26962483	False
5100	3.738384144526704	1.2937942890942706	0.34608382634740464	PNKP	0.26962483	False
5101	3.738384144526704	1.2937942890942706	0.34608382634740464	AKT1S1	0.26962483	False
5102	3.738384144526704	1.2937942890942706	0.34608382634740464	TBC1D17	0.26962483	False
5103	3.738384144526704	1.2937942890942706	0.34608382634740464	MIR4750	0.26962483	False
5104	3.42416943338044	1.025066083831576	0.2993619631782066	IL4I1	0.26962215	False
5105	3.42416943338044	1.025066083831576	0.2993619631782066	NUP62	0.26962215	False
5106	3.42416943338044	1.025066083831576	0.2993619631782066	ATF5	0.26962215	False
5107	3.42416943338044	1.025066083831576	0.2993619631782066	MIR4751	0.26962215	False
5108	3.42416943338044	1.025066083831576	0.2993619631782066	SIGLEC11	0.26962215	False
5109	3.42416943338044	1.025066083831576	0.2993619631782066	VRK3	0.26962215	False
5110	3.42416943338044	1.025066083831576	0.2993619631782066	ZNF473	0.26962215	False
5111	3.42416943338044	1.025066083831576	0.2993619631782066	LOC400710	0.26962215	False
5112	3.1802926941349066	0.9880920118816816	0.3106921616692451	IZUMO2	0.2696215	False
5113	3.1802926941349066	0.9880920118816816	0.3106921616692451	MYH14	0.2696215	False
5114	3.1802926941349066	0.9880920118816816	0.3106921616692451	KCNC3	0.2696215	False
5115	3.1802926941349066	0.9880920118816816	0.3106921616692451	NR1H2	0.2696215	False
5116	3.1802926941349066	0.9880920118816816	0.3106921616692451	NAPSA	0.2696215	False
5117	3.1802926941349066	0.9880920118816816	0.3106921616692451	POLD1	0.2696215	False
5118	3.1802926941349066	0.9880920118816816	0.3106921616692451	SPIB	0.2696215	False
5119	3.1802926941349066	0.9880920118816816	0.3106921616692451	MYBPC2	0.2696215	False
5120	3.1802926941349066	0.9880920118816816	0.3106921616692451	FAM71E1	0.2696215	False
5121	3.1802926941349066	0.9880920118816816	0.3106921616692451	EMC10	0.2696215	False
5122	3.1802926941349066	0.9880920118816816	0.3106921616692451	JOSD2	0.2696215	False
5123	3.1802926941349066	0.9880920118816816	0.3106921616692451	ASPDH	0.2696215	False
5124	3.1802926941349066	0.9880920118816816	0.3106921616692451	LRRC4B	0.2696215	False
5125	3.1802926941349066	0.9880920118816816	0.3106921616692451	SYT3	0.2696215	False
5126	3.1802926941349066	0.9880920118816816	0.3106921616692451	C19orf81	0.2696215	False
5127	3.1802926941349066	0.9880920118816816	0.3106921616692451	SHANK1	0.2696215	False
5128	3.1802926941349066	0.9880920118816816	0.3106921616692451	CLEC11A	0.2696215	False
5129	3.1802926941349066	0.9880920118816816	0.3106921616692451	GPR32	0.2696215	False
5130	3.1802926941349066	0.9880920118816816	0.3106921616692451	LOC105372440	0.2696215	False
5131	3.1802926941349066	0.9880920118816816	0.3106921616692451	ACP4	0.2696215	False
5132	3.1802926941349066	0.9880920118816816	0.3106921616692451	C19orf48	0.2696215	False
5133	3.1802926941349066	0.9880920118816816	0.3106921616692451	SNORD88B	0.2696215	False
5134	3.1802926941349066	0.9880920118816816	0.3106921616692451	SNORD88A	0.2696215	False
5135	3.1802926941349066	0.9880920118816816	0.3106921616692451	SNORD88C	0.2696215	False
5136	3.1802926941349066	0.9880920118816816	0.3106921616692451	LINC01869	0.2696215	False
5137	3.1802926941349066	0.9880920118816816	0.3106921616692451	KLK1	0.2696215	False
5138	3.1802926941349066	0.9880920118816816	0.3106921616692451	KLK15	0.2696215	False
5139	3.1802926941349066	0.9880920118816816	0.3106921616692451	LOC105372441	0.2696215	False
5140	3.1802926941349066	0.9880920118816816	0.3106921616692451	KLK3	0.2696215	False
5141	3.1802926941349066	0.9880920118816816	0.3106921616692451	KLK2	0.2696215	False
5142	3.1468387895476173	0.9433286195345737	0.29977024011140546	KLK4	0.26962116	False
5143	3.1468387895476173	0.9433286195345737	0.29977024011140546	KLK5	0.26962116	False
5144	3.1468387895476173	0.9433286195345737	0.29977024011140546	KLK6	0.26962116	False
5145	3.1468387895476173	0.9433286195345737	0.29977024011140546	KLK7	0.26962116	False
5146	3.1468387895476173	0.9433286195345737	0.29977024011140546	KLK8	0.26962116	False
5147	3.1468387895476173	0.9433286195345737	0.29977024011140546	KLK9	0.26962116	False
5148	3.1468387895476173	0.9433286195345737	0.29977024011140546	KLK10	0.26962116	False
5149	3.1468387895476173	0.9433286195345737	0.29977024011140546	KLK11	0.26962116	False
5150	3.1468387895476173	0.9433286195345737	0.29977024011140546	KLK12	0.26962116	False
5151	3.1468387895476173	0.9433286195345737	0.29977024011140546	KLK13	0.26962116	False
5152	3.1468387895476173	0.9433286195345737	0.29977024011140546	KLK14	0.26962116	False
5153	3.1468387895476173	0.9433286195345737	0.29977024011140546	CTU1	0.26962116	False
5154	3.2156459128961363	1.2617095787980472	0.39236583037269246	ZNF415	0.26962236	False
5155	3.2156459128961363	1.2617095787980472	0.39236583037269246	ZNF347	0.26962236	False
5156	3.2156459128961363	1.2617095787980472	0.39236583037269246	ZNF665	0.26962236	False
5157	3.2156459128961363	1.2617095787980472	0.39236583037269246	ZNF677	0.26962236	False
5158	3.2156459128961363	1.2617095787980472	0.39236583037269246	VN1R2	0.26962236	False
5159	3.2156459128961363	1.2617095787980472	0.39236583037269246	VN1R4	0.26962236	False
5160	3.2156459128961363	1.2617095787980472	0.39236583037269246	BIRC8	0.26962236	False
5161	3.2156459128961363	1.2617095787980472	0.39236583037269246	ZNF845	0.26962236	False
5162	3.2156459128961363	1.2617095787980472	0.39236583037269246	ZNF525	0.26962236	False
5163	3.2156459128961363	1.2617095787980472	0.39236583037269246	ZNF765	0.26962236	False
5164	3.2156459128961363	1.2617095787980472	0.39236583037269246	ZNF761	0.26962236	False
5165	3.2156459128961363	1.2617095787980472	0.39236583037269246	ZNF813	0.26962236	False
5166	3.2156459128961363	1.2617095787980472	0.39236583037269246	ZNF331	0.26962236	False
5167	3.2156459128961363	1.2617095787980472	0.39236583037269246	DPRX	0.26962236	False
5168	3.2156459128961363	1.2617095787980472	0.39236583037269246	MIR512-2	0.26962236	False
5169	3.2156459128961363	1.2617095787980472	0.39236583037269246	MIR1323	0.26962236	False
5170	3.2156459128961363	1.2617095787980472	0.39236583037269246	MIR498	0.26962236	False
5171	3.2156459128961363	1.2617095787980472	0.39236583037269246	MIR520E	0.26962236	False
5172	3.2156459128961363	1.2617095787980472	0.39236583037269246	MIR515-1	0.26962236	False
5173	3.2156459128961363	1.2617095787980472	0.39236583037269246	MIR519E	0.26962236	False
5174	3.2156459128961363	1.2617095787980472	0.39236583037269246	MIR520F	0.26962236	False
5175	3.2156459128961363	1.2617095787980472	0.39236583037269246	MIR519C	0.26962236	False
5176	3.2156459128961363	1.2617095787980472	0.39236583037269246	MIR1283-1	0.26962236	False
5177	3.2156459128961363	1.2617095787980472	0.39236583037269246	MIR520A	0.26962236	False
5178	3.2156459128961363	1.2617095787980472	0.39236583037269246	MIR526B	0.26962236	False
5179	3.2156459128961363	1.2617095787980472	0.39236583037269246	MIR519B	0.26962236	False
5180	3.2156459128961363	1.2617095787980472	0.39236583037269246	MIR525	0.26962236	False
5181	3.2156459128961363	1.2617095787980472	0.39236583037269246	MIR523	0.26962236	False
5182	3.2156459128961363	1.2617095787980472	0.39236583037269246	MIR518F	0.26962236	False
5183	3.2156459128961363	1.2617095787980472	0.39236583037269246	MIR520B	0.26962236	False
5184	3.2156459128961363	1.2617095787980472	0.39236583037269246	MIR518B	0.26962236	False
5185	3.2156459128961363	1.2617095787980472	0.39236583037269246	MIR526A1	0.26962236	False
5186	3.2156459128961363	1.2617095787980472	0.39236583037269246	MIR520C	0.26962236	False
5187	3.2156459128961363	1.2617095787980472	0.39236583037269246	MIR518C	0.26962236	False
5188	3.2156459128961363	1.2617095787980472	0.39236583037269246	MIR524	0.26962236	False
5189	3.2156459128961363	1.2617095787980472	0.39236583037269246	MIR517A	0.26962236	False
5190	3.2156459128961363	1.2617095787980472	0.39236583037269246	MIR519D	0.26962236	False
5191	3.2156459128961363	1.2617095787980472	0.39236583037269246	MIR521-2	0.26962236	False
5192	3.2156459128961363	1.2617095787980472	0.39236583037269246	MIR520D	0.26962236	False
5193	3.2156459128961363	1.2617095787980472	0.39236583037269246	MIR517B	0.26962236	False
5194	3.2156459128961363	1.2617095787980472	0.39236583037269246	MIR520G	0.26962236	False
5195	3.2156459128961363	1.2617095787980472	0.39236583037269246	MIR516B2	0.26962236	False
5196	3.2156459128961363	1.2617095787980472	0.39236583037269246	MIR526A2	0.26962236	False
5197	3.2156459128961363	1.2617095787980472	0.39236583037269246	MIR518E	0.26962236	False
5198	3.2156459128961363	1.2617095787980472	0.39236583037269246	MIR518A1	0.26962236	False
5199	3.2156459128961363	1.2617095787980472	0.39236583037269246	MIR518D	0.26962236	False
5200	3.2156459128961363	1.2617095787980472	0.39236583037269246	MIR516B1	0.26962236	False
5201	3.2156459128961363	1.2617095787980472	0.39236583037269246	MIR518A2	0.26962236	False
5202	3.2156459128961363	1.2617095787980472	0.39236583037269246	MIR517C	0.26962236	False
5203	3.2156459128961363	1.2617095787980472	0.39236583037269246	MIR520H	0.26962236	False
5204	3.2156459128961363	1.2617095787980472	0.39236583037269246	MIR521-1	0.26962236	False
5205	3.2156459128961363	1.2617095787980472	0.39236583037269246	MIR522	0.26962236	False
5206	3.2156459128961363	1.2617095787980472	0.39236583037269246	MIR519A1	0.26962236	False
5207	3.2156459128961363	1.2617095787980472	0.39236583037269246	MIR527	0.26962236	False
5208	3.2156459128961363	1.2617095787980472	0.39236583037269246	MIR516A1	0.26962236	False
5209	3.2156459128961363	1.2617095787980472	0.39236583037269246	MIR1283-2	0.26962236	False
5210	3.2156459128961363	1.2617095787980472	0.39236583037269246	MIR516A2	0.26962236	False
5211	3.2156459128961363	1.2617095787980472	0.39236583037269246	MIR519A2	0.26962236	False
5212	3.2156459128961363	1.2617095787980472	0.39236583037269246	MIR371A	0.26962236	False
5213	3.2156459128961363	1.2617095787980472	0.39236583037269246	MIR372	0.26962236	False
5214	3.2156459128961363	1.2617095787980472	0.39236583037269246	MIR373	0.26962236	False
5215	3.2156459128961363	1.2617095787980472	0.39236583037269246	NLRP12	0.26962236	False
5216	3.2156459128961363	1.2617095787980472	0.39236583037269246	MYADM	0.26962236	False
5217	3.0506522776212743	1.5216665910223692	0.4988004048133859	IL2RB	0.26962328	False
5218	3.0506522776212743	1.5216665910223692	0.4988004048133859	C1QTNF6	0.26962328	False
5219	3.0506522776212743	1.5216665910223692	0.4988004048133859	SSTR3	0.26962328	False
5220	3.0506522776212743	1.5216665910223692	0.4988004048133859	RAC2	0.26962328	False
5221	3.0506522776212743	1.5216665910223692	0.4988004048133859	CYTH4	0.26962328	False
5222	3.0506522776212743	1.5216665910223692	0.4988004048133859	ELFN2	0.26962328	False
5223	3.0506522776212743	1.5216665910223692	0.4988004048133859	LOC100506271	0.26962328	False
5224	3.0506522776212743	1.5216665910223692	0.4988004048133859	MFNG	0.26962328	False
5225	3.0506522776212743	1.5216665910223692	0.4988004048133859	CARD10	0.26962328	False
5226	3.0506522776212743	1.5216665910223692	0.4988004048133859	CDC42EP1	0.26962328	False
5227	3.0506522776212743	1.5216665910223692	0.4988004048133859	LGALS2	0.26962328	False
5228	3.0506522776212743	1.5216665910223692	0.4988004048133859	GGA1	0.26962328	False
5229	3.0506522776212743	1.5216665910223692	0.4988004048133859	SH3BP1	0.26962328	False
5230	3.0506522776212743	1.5216665910223692	0.4988004048133859	LOC101927051	0.26962328	False
5231	3.0506522776212743	1.5216665910223692	0.4988004048133859	PDXP	0.26962328	False
5232	3.0506522776212743	1.5216665910223692	0.4988004048133859	LGALS1	0.26962328	False
5233	3.0506522776212743	1.5216665910223692	0.4988004048133859	NOL12	0.26962328	False
5234	3.0506522776212743	1.5216665910223692	0.4988004048133859	TRIOBP	0.26962328	False
5235	3.0506522776212743	1.5216665910223692	0.4988004048133859	H1F0	0.26962328	False
5236	3.0506522776212743	1.5216665910223692	0.4988004048133859	GCAT	0.26962328	False
5237	3.0506522776212743	1.5216665910223692	0.4988004048133859	GALR3	0.26962328	False
5238	3.0506522776212743	1.5216665910223692	0.4988004048133859	ANKRD54	0.26962328	False
5239	3.0506522776212743	1.5216665910223692	0.4988004048133859	MIR658	0.26962328	False
5240	3.0506522776212743	1.5216665910223692	0.4988004048133859	MIR659	0.26962328	False
5241	3.0506522776212743	1.5216665910223692	0.4988004048133859	EIF3L	0.26962328	False
5242	3.056401036056808	1.5345611330349687	0.5020810799798612	PLA2G6	0.26962283	False
5243	3.056401036056808	1.5345611330349687	0.5020810799798612	MAFF	0.26962283	False
5244	3.056401036056808	1.5345611330349687	0.5020810799798612	TMEM184B	0.26962283	False
5245	3.056401036056808	1.5345611330349687	0.5020810799798612	CSNK1E	0.26962283	False
5246	3.056401036056808	1.5345611330349687	0.5020810799798612	TPTEP2-CSNK1E	0.26962283	False
5247	3.056401036056808	1.5345611330349687	0.5020810799798612	KCNJ4	0.26962283	False
5248	3.056401036056808	1.5345611330349687	0.5020810799798612	KDELR3	0.26962283	False
5249	3.056401036056808	1.5345611330349687	0.5020810799798612	DDX17	0.26962283	False
5250	3.056401036056808	1.5345611330349687	0.5020810799798612	DMC1	0.26962283	False
5251	3.056401036056808	1.5345611330349687	0.5020810799798612	FAM227A	0.26962283	False
5252	3.056401036056808	1.5345611330349687	0.5020810799798612	CBY1	0.26962283	False
5253	3.056401036056808	1.5345611330349687	0.5020810799798612	TOMM22	0.26962283	False
5254	3.056401036056808	1.5345611330349687	0.5020810799798612	JOSD1	0.26962283	False
5255	3.056401036056808	1.5345611330349687	0.5020810799798612	GTPBP1	0.26962283	False
5256	3.056401036056808	1.5345611330349687	0.5020810799798612	SUN2	0.26962283	False
5257	3.056401036056808	1.5345611330349687	0.5020810799798612	DNAL4	0.26962283	False
5258	3.056401036056808	1.5345611330349687	0.5020810799798612	NPTXR	0.26962283	False
5259	3.056401036056808	1.5345611330349687	0.5020810799798612	CBX6	0.26962283	False
5260	3.0324232795744672	1.2596946181902875	0.41540856999589365	APOBEC3A	0.26962197	False
5261	3.0324232795744672	1.2596946181902875	0.41540856999589365	APOBEC3A_B	0.26962197	False
5262	3.0324232795744672	1.2596946181902875	0.41540856999589365	APOBEC3B	0.26962197	False
5263	3.0324232795744672	1.2596946181902875	0.41540856999589365	APOBEC3B-AS1	0.26962197	False
5264	3.0324232795744672	1.2596946181902875	0.41540856999589365	APOBEC3C	0.26962197	False
5265	3.0324232795744672	1.2596946181902875	0.41540856999589365	APOBEC3D	0.26962197	False
5266	3.0324232795744672	1.2596946181902875	0.41540856999589365	APOBEC3F	0.26962197	False
5267	3.0324232795744672	1.2596946181902875	0.41540856999589365	APOBEC3G	0.26962197	False
5268	3.0324232795744672	1.2596946181902875	0.41540856999589365	APOBEC3H	0.26962197	False
5269	3.040489588310794	1.329228682222625	0.4371758704035244	GRAP2	0.26962197	False
5270	3.040489588310794	1.329228682222625	0.4371758704035244	FAM83F	0.26962197	False
5271	3.040489588310794	1.329228682222625	0.4371758704035244	TNRC6B	0.26962197	False
5272	3.0789962406990514	1.4914793825301957	0.4844044181721937	ADSL	0.2696229	False
5273	3.0789962406990514	1.4914793825301957	0.4844044181721937	SGSM3	0.2696229	False
5274	3.0789962406990514	1.4914793825301957	0.4844044181721937	MRTFA	0.2696229	False
5275	3.0789962406990514	1.4914793825301957	0.4844044181721937	MRTFA-AS1	0.2696229	False
5276	3.0789962406990514	1.4914793825301957	0.4844044181721937	MCHR1	0.2696229	False
5277	3.0789962406990514	1.4914793825301957	0.4844044181721937	SLC25A17	0.2696229	False
5278	3.0789962406990514	1.4914793825301957	0.4844044181721937	MIR4766	0.2696229	False
5279	3.0789962406990514	1.4914793825301957	0.4844044181721937	ST13	0.2696229	False
5280	3.0789962406990514	1.4914793825301957	0.4844044181721937	DNAJB7	0.2696229	False
