
           ___      .______        ______  __    __  .______      
          /   \     |   _  \      /      ||  |  |  | |   _  \     
         /  ^  \    |  |_)  |    |  ,----'|  |__|  | |  |_)  |    
        /  /_\  \   |      /     |  |     |   __   | |      /     
       /  _____  \  |  |\  \\___ |  `----.|  |  |  | |  |\  \\___.
      /__/     \__\ | _| `._____| \______||__|  |__| | _| `._____|
    
Logging With ArchR!

Start Time : 2026-08-17 17:42:01.073758

------- ArchR Info

ArchRThreads = 19
ArchRGenome = Hg38

------- System Info

Computer OS = unix
Total Cores = 80

------- Session Info

R version 4.3.0 (2023-04-21)
Platform: x86_64-conda-linux-gnu (64-bit)
Running under: Red Hat Enterprise Linux 8.10 (Ootpa)

Matrix products: default
BLAS/LAPACK: /research_jude/rgs01_jude/groups/cab/projects/automapper/common/szhang37/Anaconda/miniconda3/envs/jwen_scRNA_singCellaR/lib/libopenblasp-r0.3.30.so;  LAPACK version 3.12.0

Random number generation:
 RNG:     L'Ecuyer-CMRG 
 Normal:  Inversion 
 Sample:  Rejection 
 
locale:
 [1] LC_CTYPE=en_US.UTF-8       LC_NUMERIC=C              
 [3] LC_TIME=en_US.UTF-8        LC_COLLATE=en_US.UTF-8    
 [5] LC_MONETARY=en_US.UTF-8    LC_MESSAGES=en_US.UTF-8   
 [7] LC_PAPER=en_US.UTF-8       LC_NAME=C                 
 [9] LC_ADDRESS=C               LC_TELEPHONE=C            
[11] LC_MEASUREMENT=en_US.UTF-8 LC_IDENTIFICATION=C       

time zone: America/Chicago
tzcode source: system (glibc)

attached base packages:
 [1] parallel  stats4    grid      stats     graphics  grDevices utils    
 [8] datasets  methods   base     

other attached packages:
 [1] BSgenome.Hsapiens.UCSC.hg38_1.4.5       
 [2] BSgenome_1.70.1                         
 [3] rtracklayer_1.62.0                      
 [4] BiocIO_1.12.0                           
 [5] Biostrings_2.70.1                       
 [6] XVector_0.42.0                          
 [7] org.Hs.eg.db_3.18.0                     
 [8] TxDb.Hsapiens.UCSC.hg38.knownGene_3.18.0
 [9] GenomicFeatures_1.54.1                  
[10] AnnotationDbi_1.64.1                    
[11] fs_1.6.6                                
[12] qs2_0.1.5                               
[13] snow_0.4-4                              
[14] doFuture_1.1.2                          
[15] doParallel_1.0.17                       
[16] iterators_1.0.14                        
[17] foreach_1.5.2                           
[18] BiocParallel_1.36.0                     
[19] future_1.67.0                           
[20] rhdf5_2.46.1                            
[21] SummarizedExperiment_1.32.0             
[22] Biobase_2.62.0                          
[23] RcppArmadillo_14.6.3-1                  
[24] Rcpp_1.1.0                              
[25] Matrix_1.6-5                            
[26] GenomicRanges_1.54.1                    
[27] GenomeInfoDb_1.38.1                     
[28] IRanges_2.36.0                          
[29] S4Vectors_0.40.2                        
[30] BiocGenerics_0.48.1                     
[31] sparseMatrixStats_1.14.0                
[32] MatrixGenerics_1.14.0                   
[33] matrixStats_1.5.0                       
[34] data.table_1.17.8                       
[35] stringr_1.5.1                           
[36] plyr_1.8.9                              
[37] magrittr_2.0.3                          
[38] ggplot2_3.5.2                           
[39] gtable_0.3.6                            
[40] gtools_3.9.5                            
[41] gridExtra_2.3                           
[42] devtools_2.4.5                          
[43] usethis_3.1.0                           
[44] ArchR_1.0.3                             
[45] gplots_3.2.0                            
[46] Seurat_5.3.0                            
[47] SeuratObject_5.1.0                      
[48] sp_2.2-0                                

loaded via a namespace (and not attached):
  [1] RcppAnnoy_0.0.22         splines_4.3.0            later_1.4.2             
  [4] filelock_1.0.3           bitops_1.0-9             tibble_3.3.0            
  [7] polyclip_1.10-7          XML_3.99-0.15            fastDummies_1.7.5       
 [10] lifecycle_1.0.4          globals_0.18.0           lattice_0.22-7          
 [13] MASS_7.3-60.0.1          plotly_4.11.0            yaml_2.3.10             
 [16] remotes_2.5.0            httpuv_1.6.16            sctransform_0.4.2       
 [19] spam_2.11-1              sessioninfo_1.2.3        pkgbuild_1.4.8          
 [22] spatstat.sparse_3.1-0    reticulate_1.43.0        DBI_1.2.3               
 [25] cowplot_1.2.0            pbapply_1.7-4            RColorBrewer_1.1-3      
 [28] abind_1.4-5              pkgload_1.4.0            zlibbioc_1.48.0         
 [31] Rtsne_0.17               purrr_1.1.0              RCurl_1.98-1.12         
 [34] rappdirs_0.3.3           GenomeInfoDbData_1.2.11  ggrepel_0.9.6           
 [37] irlba_2.3.5.1            listenv_0.9.1            spatstat.utils_3.1-5    
 [40] goftest_1.2-3            RSpectra_0.16-2          spatstat.random_3.4-1   
 [43] fitdistrplus_1.2-4       parallelly_1.45.1        codetools_0.2-20        
 [46] DelayedArray_0.28.0      xml2_1.5.1               tidyselect_1.2.1        
 [49] farver_2.1.2             BiocFileCache_2.10.1     spatstat.explore_3.5-2  
 [52] GenomicAlignments_1.38.0 jsonlite_2.0.0           ellipsis_0.3.2          
 [55] progressr_0.15.1         ggridges_0.5.6           survival_3.8-3          
 [58] progress_1.2.3           tools_4.3.0              ica_1.0-3               
 [61] glue_1.8.0               SparseArray_1.2.2        dplyr_1.1.4             
 [64] withr_3.0.2              fastmap_1.2.0            rhdf5filters_1.14.1     
 [67] caTools_1.18.3           digest_0.6.37            R6_2.6.1                
 [70] mime_0.13                colorspace_2.1-1         scattermore_1.2         
 [73] tensor_1.5.1             biomaRt_2.58.0           RSQLite_2.4.3           
 [76] dichromat_2.0-0.1        spatstat.data_3.1-8      tidyr_1.3.1             
 [79] generics_0.1.4           prettyunits_1.2.0        httr_1.4.7              
 [82] htmlwidgets_1.6.4        S4Arrays_1.2.0           uwot_0.2.3              
 [85] pkgconfig_2.0.3          blob_1.2.4               lmtest_0.9-40           
 [88] htmltools_0.5.8.1        profvis_0.4.0            dotCall64_1.2           
 [91] scales_1.4.0             png_0.1-8                spatstat.univar_3.1-4   
 [94] rjson_0.2.23             reshape2_1.4.4           curl_7.0.0              
 [97] nlme_3.1-168             zoo_1.8-14               cachem_1.1.0            
[100] KernSmooth_2.23-26       miniUI_0.1.2             restfulr_0.0.15         
[103] pillar_1.11.0            vctrs_0.6.5              RANN_2.6.2              
[106] urlchecker_1.0.1         promises_1.3.3           stringfish_0.17.0       
[109] dbplyr_2.5.0             xtable_1.8-4             cluster_2.1.8.1         
[112] Rsamtools_2.18.0         cli_3.6.5                compiler_4.3.0          
[115] rlang_1.1.6              crayon_1.5.3             future.apply_1.20.0     
[118] stringi_1.7.12           viridisLite_0.4.2        deldir_2.0-4            
[121] lazyeval_0.2.2           spatstat.geom_3.5-0      RcppHNSW_0.6.0          
[124] hms_1.1.3                patchwork_1.3.1          bit64_4.6.0-1           
[127] Rhdf5lib_1.24.0          KEGGREST_1.42.0          shiny_1.11.1            
[130] ROCR_1.0-11              igraph_1.5.1             memoise_2.0.1           
[133] RcppParallel_5.1.9       bit_4.6.0               


------- Log Info


2026-08-17 17:42:01.277908 : createArrowFiles Input-Parameters, Class = list

createArrowFiles Input-Parameters$inputFiles: length = 11
                                                                                                                                                  X__24t 
     "/research_jude/rgs01_jude/groups/cab/projects/automapper/common/szhang37/projects/szhang_dev/test_ASoC_w_WASP/atac_bams/24t/outs/fragments.tsv.gz" 
                                                                                                                                              X__pt1_pre 
 "/research_jude/rgs01_jude/groups/cab/projects/automapper/common/szhang37/projects/szhang_dev/test_ASoC_w_WASP/atac_bams/pt1_pre/outs/fragments.tsv.gz" 
                                                                                                                                             X__pt11_pre 
"/research_jude/rgs01_jude/groups/cab/projects/automapper/common/szhang37/projects/szhang_dev/test_ASoC_w_WASP/atac_bams/pt11_pre/outs/fragments.tsv.gz" 
                                                                                                                                              X__pt12pre 
 "/research_jude/rgs01_jude/groups/cab/projects/automapper/common/szhang37/projects/szhang_dev/test_ASoC_w_WASP/atac_bams/pt12pre/outs/fragments.tsv.gz" 
                                                                                                                                              X__pt14pre 
 "/research_jude/rgs01_jude/groups/cab/projects/automapper/common/szhang37/projects/szhang_dev/test_ASoC_w_WASP/atac_bams/pt14pre/outs/fragments.tsv.gz" 
                                                                                                                                              X__pt16pre 
 "/research_jude/rgs01_jude/groups/cab/projects/automapper/common/szhang37/projects/szhang_dev/test_ASoC_w_WASP/atac_bams/pt16pre/outs/fragments.tsv.gz" 


createArrowFiles Input-Parameters$sampleNames: length = 11
[1] "X__24t"      "X__pt1_pre"  "X__pt11_pre" "X__pt12pre"  "X__pt14pre" 
[6] "X__pt16pre" 


createArrowFiles Input-Parameters$outputNames: length = 11
[1] "atac_arrow_files/X__24t"      "atac_arrow_files/X__pt1_pre" 
[3] "atac_arrow_files/X__pt11_pre" "atac_arrow_files/X__pt12pre" 
[5] "atac_arrow_files/X__pt14pre"  "atac_arrow_files/X__pt16pre" 


createArrowFiles Input-Parameters$minTSS: length = 1
[1] 1


createArrowFiles Input-Parameters$minFrags: length = 1
[1] 1000


createArrowFiles Input-Parameters$maxFrags: length = 1
[1] 1e+07


createArrowFiles Input-Parameters$minFragSize: length = 1
[1] 10


createArrowFiles Input-Parameters$maxFragSize: length = 1
[1] 2000


createArrowFiles Input-Parameters$QCDir: length = 1
[1] "QualityControl"


createArrowFiles Input-Parameters$nucLength: length = 1
[1] 147


createArrowFiles Input-Parameters$promoterRegion: length = 2
[1] 2000  100


createArrowFiles Input-Parameters$excludeChr: length = 3
[1] "chrM" "chrX" "chrY"


createArrowFiles Input-Parameters$nChunk: length = 1
[1] 5


createArrowFiles Input-Parameters$bcTag: length = 1
[1] "qname"


createArrowFiles Input-Parameters$gsubExpression: length = 0
NULL


createArrowFiles Input-Parameters$bamFlag: length = 0
NULL


createArrowFiles Input-Parameters$offsetPlus: length = 1
[1] 4


createArrowFiles Input-Parameters$offsetMinus: length = 1
[1] -5


createArrowFiles Input-Parameters$addTileMat: length = 1
[1] TRUE


createArrowFiles Input-Parameters$addGeneScoreMat: length = 1
[1] TRUE


createArrowFiles Input-Parameters$force: length = 1
[1] TRUE


createArrowFiles Input-Parameters$threads: length = 1
[1] 18


createArrowFiles Input-Parameters$parallelParam: length = 0
NULL


createArrowFiles Input-Parameters$subThreading: length = 1
[1] TRUE


createArrowFiles Input-Parameters$verbose: length = 1
[1] TRUE


createArrowFiles Input-Parameters$cleanTmp: length = 1
[1] TRUE


createArrowFiles Input-Parameters$logFile: length = 1
[1] "ArchRLogs/ArchR-createArrows-140e042cbd3e7-Date-2026-08-17_Time-17-42-01.066881.log"


createArrowFiles Input-Parameters$filterFrags: length = 1
[1] 1000


createArrowFiles Input-Parameters$filterTSS: length = 1
[1] 1



2026-08-17 17:42:01.291697 : Cleaning Temporary Files
2026-08-17 17:42:02.048762 : Batch Execution w/ safelapply!, 0 mins elapsed.

###########
2026-08-17 17:42:02.079383 : Creating Arrow File atac_arrow_files/X__24t.arrow (X__24t : 1 of 11)
###########


2026-08-17 17:42:02.080863 : validBC, Class = character

validBC: length = 9873
[1] "AAACAAGCAAGCGAAG-1" "AAACAAGCAATTGAGT-1" "AAACAAGCACATGCAA-1"
[4] "AAACAAGCACTTAGCT-1" "AAACAAGCAGCACTAA-1" "AAACAAGCATTTCATG-1"



###########
2026-08-17 17:42:02.100066 : Creating Arrow File atac_arrow_files/X__pt24pre.arrow (X__pt24pre : 2 of 11)
###########


2026-08-17 17:42:02.101543 : validBC, Class = character

validBC: length = 20082
[1] "AAACGAAAGCCTGTAT-1" "AAACGAAAGGATCCTT-1" "AAACGAAAGGATTTGA-1"
[4] "AAACGAAAGGCGTAGT-1" "AAACGAAAGGCTCAGA-1" "AAACGAAAGGTCACTT-1"



###########
2026-08-17 17:42:02.120461 : Creating Arrow File atac_arrow_files/X__pt12pre.arrow (X__pt12pre : 3 of 11)
###########


2026-08-17 17:42:02.121995 : validBC, Class = character

validBC: length = 8362
[1] "AAACGAAAGAAAGGGT-1" "AAACGAAAGCAGGACT-1" "AAACGAAAGCGATACG-1"
[4] "AAACGAAAGCTTACCA-1" "AAACGAAAGGCGTCCT-1" "AAACGAAAGGTCTTTG-1"



2026-08-17 17:42:02.133633 : (X__24t : 1 of 11) Determining Arrow Method to use!

###########
2026-08-17 17:42:02.141222 : Creating Arrow File atac_arrow_files/X__pt14pre.arrow (X__pt14pre : 4 of 11)
###########

2026-08-17 17:42:02.142079 : (X__24t : 1 of 11) Reading In Fragments from inputFiles (readMethod = tabix), 0.002 mins elapsed.

2026-08-17 17:42:02.142787 : validBC, Class = character

validBC: length = 20001
[1] "AAACGAAAGATGAGGA-1" "AAACGAAAGATGCGAC-1" "AAACGAAAGGCATGCA-1"
[4] "AAACGAAAGGTTCGAG-1" "AAACGAAAGTAATGTG-1" "AAACGAAAGTTAGAGT-1"


2026-08-17 17:42:02.150433 : (X__24t : 1 of 11) Tabix Bed To Temporary File, 0.002 mins elapsed.

2026-08-17 17:42:02.15096 : (X__pt24pre : 2 of 11) Determining Arrow Method to use!
2026-08-17 17:42:02.159297 : (X__pt24pre : 2 of 11) Reading In Fragments from inputFiles (readMethod = tabix), 0.002 mins elapsed.

###########
2026-08-17 17:42:02.16271 : Creating Arrow File atac_arrow_files/X__pt17pre.arrow (X__pt17pre : 5 of 11)
###########


2026-08-17 17:42:02.16428 : validBC, Class = character

validBC: length = 20020
[1] "AAACGAAAGCCTATAC-1" "AAACGAAAGGAGAACA-1" "AAACGAAAGGCAGTGT-1"
[4] "AAACGAAAGGGAGTTC-1" "AAACGAAAGGTCGGTA-1" "AAACGAAAGTCTCGAT-1"


2026-08-17 17:42:02.167991 : (X__pt24pre : 2 of 11) Tabix Bed To Temporary File, 0.002 mins elapsed.

2026-08-17 17:42:02.171921 : (X__pt12pre : 3 of 11) Determining Arrow Method to use!
2026-08-17 17:42:02.180432 : (X__pt12pre : 3 of 11) Reading In Fragments from inputFiles (readMethod = tabix), 0.002 mins elapsed.

###########
2026-08-17 17:42:02.184405 : Creating Arrow File atac_arrow_files/X__pt1_pre.arrow (X__pt1_pre : 6 of 11)
###########


2026-08-17 17:42:02.185987 : validBC, Class = character

validBC: length = 7547
[1] "AAACGAAAGACACGGT-1" "AAACGAAAGAGAGTAG-1" "AAACGAAAGATGGCAC-1"
[4] "AAACGAAAGGTCTTTG-1" "AAACGAAAGTACCACT-1" "AAACGAAAGTATAGTG-1"


2026-08-17 17:42:02.188827 : (X__pt12pre : 3 of 11) Tabix Bed To Temporary File, 0.002 mins elapsed.

2026-08-17 17:42:02.192127 : (X__pt14pre : 4 of 11) Determining Arrow Method to use!
2026-08-17 17:42:02.200466 : (X__pt14pre : 4 of 11) Reading In Fragments from inputFiles (readMethod = tabix), 0.003 mins elapsed.

###########
2026-08-17 17:42:02.206177 : Creating Arrow File atac_arrow_files/X__pt6_pre.arrow (X__pt6_pre : 7 of 11)
###########


2026-08-17 17:42:02.207764 : validBC, Class = character

validBC: length = 4955
[1] "AAACGAAAGTGATAAC-1" "AAACGAACAAGTCCTA-1" "AAACGAACATCACAAC-1"
[4] "AAACGAAGTAAAGCTA-1" "AAACGAAGTGAGTAAT-1" "AAACGAAGTGCAAGAC-1"
2026-08-17 17:42:02.20892 : (X__pt14pre : 4 of 11) Tabix Bed To Temporary File, 0.003 mins elapsed.



2026-08-17 17:42:02.214775 : (X__pt17pre : 5 of 11) Determining Arrow Method to use!
2026-08-17 17:42:02.223109 : (X__pt17pre : 5 of 11) Reading In Fragments from inputFiles (readMethod = tabix), 0.003 mins elapsed.

###########
2026-08-17 17:42:02.228032 : Creating Arrow File atac_arrow_files/X__pt5_pre.arrow (X__pt5_pre : 8 of 11)
###########


2026-08-17 17:42:02.229591 : validBC, Class = character

validBC: length = 5952
[1] "AAACGAAAGAACGTCG-1" "AAACGAAAGAAGCCGT-1" "AAACGAAAGAGCTACG-1"
[4] "AAACGAACAGCTGATT-1" "AAACGAAGTCCCGTGA-1" "AAACGAAGTGATAGAT-1"


2026-08-17 17:42:02.231635 : (X__pt17pre : 5 of 11) Tabix Bed To Temporary File, 0.003 mins elapsed.

2026-08-17 17:42:02.237067 : (X__pt1_pre : 6 of 11) Checking if completed file exists!

###########
2026-08-17 17:42:02.249835 : Creating Arrow File atac_arrow_files/X__pt16pre.arrow (X__pt16pre : 9 of 11)
###########


2026-08-17 17:42:02.251437 : validBC, Class = character

validBC: length = 13792
[1] "AAACGAAAGAATCAGT-1" "AAACGAAAGACGAAAG-1" "AAACGAAAGAGTTTGA-1"
[4] "AAACGAAAGGCAAGGG-1" "AAACGAAAGGCGTCCT-1" "AAACGAAAGTAGGAAG-1"



2026-08-17 17:42:02.259463 : (X__pt6_pre : 7 of 11) Checking if completed file exists!

###########
2026-08-17 17:42:02.271742 : Creating Arrow File atac_arrow_files/X__pt9_pre.arrow (X__pt9_pre : 10 of 11)
###########

2026-08-17 17:42:02.271953 : (X__pt1_pre : 6 of 11) Arrow Exists! Overriding since not completed!, 0.004 mins elapsed.

2026-08-17 17:42:02.273369 : validBC, Class = character

validBC: length = 2526
[1] "AAACGAACAACGCACC-1" "AAACGAAGTGCATTCA-1" "AAACGAATCCGCTCTA-1"
[4] "AAACTCGAGTCGCGTC-1" "AAACTCGCAGCAAACG-1" "AAACTCGGTGTACGCC-1"


2026-08-17 17:42:02.289861 : (X__pt6_pre : 7 of 11) Arrow Exists! Overriding since not completed!, 0.004 mins elapsed.

###########
2026-08-17 17:42:02.293556 : Creating Arrow File atac_arrow_files/X__pt11_pre.arrow (X__pt11_pre : 11 of 11)
###########


2026-08-17 17:42:02.295148 : validBC, Class = character

validBC: length = 2392
[1] "AAACGAACATGGCCGT-1" "AAACGAATCGGATAAA-1" "AAACTCGAGTTCCAGT-1"
[4] "AAACTCGCACCTGTGG-1" "AAACTCGGTACCGGCT-1" "AAACTCGGTACGGAGT-1"



2026-08-17 17:42:26.20026 : (X__pt1_pre : 6 of 11) Determining Arrow Method to use!

2026-08-17 17:42:26.200908 : (X__pt11_pre : 11 of 11) Checking if completed file exists!

2026-08-17 17:42:26.200959 : (X__pt16pre : 9 of 11) Checking if completed file exists!

2026-08-17 17:42:26.200983 : (X__pt5_pre : 8 of 11) Checking if completed file exists!

2026-08-17 17:42:26.201065 : (X__pt9_pre : 10 of 11) Checking if completed file exists!
2026-08-17 17:42:26.208796 : (X__pt1_pre : 6 of 11) Reading In Fragments from inputFiles (readMethod = tabix), 0.403 mins elapsed.
2026-08-17 17:42:26.218076 : (X__pt1_pre : 6 of 11) Tabix Bed To Temporary File, 0.403 mins elapsed.

2026-08-17 17:42:26.268269 : tileChromSizes, Class = GRanges

2026-08-17 17:42:26.270113 : tileChromSizes, Class = GRanges

2026-08-17 17:42:26.27013 : tileChromSizes, Class = GRanges

2026-08-17 17:42:26.270149 : tileChromSizes, Class = GRanges

2026-08-17 17:42:26.27022 : tileChromSizes, Class = GRanges
GRanges object with 120 ranges and 1 metadata column:
GRanges object with 120 ranges and 1 metadata columnGRanges object with 120 ranges and 1 metadata columnGRanges object with 120 ranges and 1 metadata column:
:
:
GRanges object with 120 ranges and 1 metadata column:
2026-08-17 17:42:26.283171 : (X__pt16pre : 9 of 11) Arrow Exists! Overriding since not completed!, 0.404 mins elapsed.
        seqnames              ranges strand |     chunkName
           <Rle>           <IRanges>  <Rle> |   <character>
    [1]     chr1          1-49791284      * |   chr1#chunk1
    [2]     chr1   49791285-99582568      * |   chr1#chunk2
    [3]     chr1  99582569-149373853      * |   chr1#chunk3
    [4]     chr1 149373854-199165137      * |   chr1#chunk4
    [5]     chr1 199165138-248956422      * |   chr1#chunk5
    ...      ...                 ...    ... .           ...
  [116]     chrY          1-11445483      * | chrY#chunk116
  [117]     chrY   11445484-22890966      * | chrY#chunk117
  [118]     chrY   22890967-34336449      * | chrY#chunk118
  [119]     chrY   34336450-45781932                             seqnames seqnames seqnames              ranges              ranges      * seqnames strand | strand              ranges | strand |              ranges     chunkName     chunkName
        |
        strand chrY#chunk119    <Rle>
  [120]     chunkName           <IRanges>
            chrY  <Rle>    <Rle> |   45781933-57227415 |           <IRanges>    <Rle>  <Rle>           <IRanges> |     chunkName  <Rle>   <character>
       
    [1]      * |    <Rle>   <character>   <character>     chr1 |           <IRanges> chrY#chunk120
    [1]
          1-49791284
2026-08-17 17:42:26.290547 : tileChromSizes, Class = GRanges
  -------
      *  <Rle> |     chr1 |          1-49791284   chr1#chunk1      *   <character>
    [1]  seqinfo: 
    [2] |
    [1]     chr1     chr1     chr124 sequences from an unspecified genome; no seqlengths   chr1#chunk1          1-49791284
      *   49791285-99582568
    [2] |      *     chr1 |   49791285-99582568   chr1#chunk2          1-49791284
    [3]      *   chr1#chunk1

    [2]     chr1      *  99582569-149373853 |     chr1      *   49791285-99582568 |      *   chr1#chunk2 | |   chr1#chunk3   chr1#chunk2   chr1#chunk1
    [3]
    [3]
    [2]
    [4]     chr1     chr1     chr1     chr1 149373854-199165137  99582569-149373853      *   49791285-99582568      *  99582569-149373853      * | | |   chr1#chunk4   chr1#chunk2   chr1#chunk3
    [3]      *     chr1 |  99582569-149373853   chr1#chunk3
    [5]
    [4]      *     chr1     chr1 | 149373854-199165137 199165138-248956422   chr1#chunk3      *
    [4]      *
    [4]     chr1     chr1 | 149373854-199165137 | 149373854-199165137   chr1#chunk5      *      *
    ... |      ...   chr1#chunk4 |
    [5]   chr1#chunk4   chr1#chunk4
    [5]
    [5]     chr1 199165138-248956422      *                 ... |     chr1    ...     chr1 .   chr1#chunk5 199165138-248956422           ... 199165138-248956422
    ...
  [116]      *GRanges object with 120 ranges and 1 metadata column      * |:
 |     chrY   chr1#chunk5      ...          1-11445483   chr1#chunk5
    ...                 ...      ...    ...      *
    ...                 ... .    ...           ... .      ...
  [116]           ...     chrY
  [116] |          1-11445483                 ...     chrY chrY#chunk116    ...      * .
  [117] |           ... chrY#chunk116
  [116]     chrY
  [117]     chrY   11445484-22890966     chrY          1-11445483      *          1-11445483      *   11445484-22890966      * | | chrY#chunk116 chrY#chunk117
  [117]      *
  [118] |     chrY     chrY |   22890967-34336449   11445484-22890966 chrY#chunk116      *      * chrY#chunk117 |
  [117]
  [118]     chrY chrY#chunk117 |     chrY   11445484-22890966 chrY#chunk118
  [118]
  [119]   22890967-34336449      *     chrY      *   34336450-45781932 |     chrY |   22890967-34336449      * chrY#chunk117 chrY#chunk118 |      * chrY#chunk119
  [119]
  [118]     chrY     chrY
  [120] |   34336450-45781932     chrY2026-08-17 17:42:26.296474 : (X__pt5_pre : 8 of 11) Arrow Exists! Overriding since not completed!, 0.404 mins elapsed.
      * chrY#chunk118   22890967-34336449   45781933-57227415 |
  [119]      *      * chrY#chunk119     chrY
  [120] |     chrY   34336450-45781932 chrY#chunk118 |      *
  [119] |     chrY chrY#chunk119 chrY#chunk120
  [120]
   34336450-45781932  -------
   45781933-57227415      *     chrY |   45781933-57227415      *      * chrY#chunk119 |
  [120] |     chrY  seqinfo:  chrY#chunk120   45781933-5722741524 sequences from an unspecified genome; no seqlengths
      *
 chrY#chunk120 |
  -------
 chrY#chunk120
  -------
  -------

  seqinfo: 24 sequences from an unspecified genome; no seqlengths
  seqinfo: 24 sequences from an unspecified genome; no seqlengths  seqinfo: 24 sequences from an unspecified genome; no seqlengths




2026-08-17 17:42:26.304636 : (X__pt9_pre : 10 of 11) Arrow Exists! Overriding since force = TRUE!, 0.404 mins elapsed.
        seqnames              ranges strand |     chunkName
           <Rle>           <IRanges>  <Rle> |   <character>
    [1]     chr1          1-49791284      * |   chr1#chunk1
    [2]     chr1   49791285-99582568      * |   chr1#chunk2
    [3]     chr1  99582569-149373853      * |   chr1#chunk3
    [4]     chr1 149373854-199165137      * |   chr1#chunk4
    [5]     chr1 199165138-248956422      * |   chr1#chunk5
    ...      ...                 ...    ... .           ...
  [116]     chrY          1-11445483      * | chrY#chunk116
  [117]     chrY   11445484-22890966      * | chrY#chunk117
  [118]     chrY   22890967-34336449      * | chrY#chunk118
  [119]     chrY   34336450-45781932      * | chrY#chunk119
  [120]     chrY   45781933-57227415      * | chrY#chunk120
  -------
  seqinfo: 24 sequences from an unspecified genome; no seqlengths

2026-08-17 17:42:26.319271 : (X__pt11_pre : 11 of 11) Arrow Exists! Overriding since force = TRUE!, 0.405 mins elapsed.

2026-08-17 17:42:26.38932 : (X__pt6_pre : 7 of 11) Determining Arrow Method to use!
2026-08-17 17:42:26.397648 : (X__pt6_pre : 7 of 11) Reading In Fragments from inputFiles (readMethod = tabix), 0.406 mins elapsed.
2026-08-17 17:42:26.406809 : (X__pt6_pre : 7 of 11) Tabix Bed To Temporary File, 0.406 mins elapsed.

2026-08-17 17:42:26.437715 : (X__pt16pre : 9 of 11) Determining Arrow Method to use!

2026-08-17 17:42:26.441115 : (X__pt5_pre : 8 of 11) Determining Arrow Method to use!

2026-08-17 17:42:26.441231 : (X__pt9_pre : 10 of 11) Determining Arrow Method to use!

2026-08-17 17:42:26.444549 : (X__pt11_pre : 11 of 11) Determining Arrow Method to use!
2026-08-17 17:42:26.446298 : (X__pt16pre : 9 of 11) Reading In Fragments from inputFiles (readMethod = tabix), 0.407 mins elapsed.
2026-08-17 17:42:26.449276 : (X__pt9_pre : 10 of 11) Reading In Fragments from inputFiles (readMethod = tabix), 0.407 mins elapsed.
2026-08-17 17:42:26.449303 : (X__pt5_pre : 8 of 11) Reading In Fragments from inputFiles (readMethod = tabix), 0.407 mins elapsed.
2026-08-17 17:42:26.452866 : (X__pt11_pre : 11 of 11) Reading In Fragments from inputFiles (readMethod = tabix), 0.407 mins elapsed.
2026-08-17 17:42:26.455311 : (X__pt16pre : 9 of 11) Tabix Bed To Temporary File, 0.407 mins elapsed.
2026-08-17 17:42:26.457363 : (X__pt5_pre : 8 of 11) Tabix Bed To Temporary File, 0.407 mins elapsed.
2026-08-17 17:42:26.45743 : (X__pt9_pre : 10 of 11) Tabix Bed To Temporary File, 0.407 mins elapsed.
2026-08-17 17:42:26.461214 : (X__pt11_pre : 11 of 11) Tabix Bed To Temporary File, 0.407 mins elapsed.

2026-08-17 17:42:26.485672 : tileChromSizes, Class = GRanges
GRanges object with 120 ranges and 1 metadata column:
        seqnames              ranges strand |     chunkName
           <Rle>           <IRanges>  <Rle> |   <character>
    [1]     chr1          1-49791284      * |   chr1#chunk1
    [2]     chr1   49791285-99582568      * |   chr1#chunk2
    [3]     chr1  99582569-149373853      * |   chr1#chunk3
    [4]     chr1 149373854-199165137      * |   chr1#chunk4
    [5]     chr1 199165138-248956422      * |   chr1#chunk5
    ...      ...                 ...    ... .           ...
  [116]     chrY          1-11445483      * | chrY#chunk116
  [117]     chrY   11445484-22890966      * | chrY#chunk117
  [118]     chrY   22890967-34336449      * | chrY#chunk118
  [119]     chrY   34336450-45781932      * | chrY#chunk119
  [120]     chrY   45781933-57227415      * | chrY#chunk120
  -------
  seqinfo: 24 sequences from an unspecified genome; no seqlengths


2026-08-17 17:42:27.522141 : tileChromSizes, Class = GRanges

2026-08-17 17:42:27.522232 : tileChromSizes, Class = GRanges

2026-08-17 17:42:27.522311 : tileChromSizes, Class = GRanges

2026-08-17 17:42:27.52262 : tileChromSizes, Class = GRanges
GRanges object with 120 ranges and 1 metadata column:
GRanges object with 120 ranges and 1 metadata column:
GRanges object with 120 ranges and 1 metadata column:
GRanges object with 120 ranges and 1 metadata column:
        seqnames              ranges strand |     chunkName
           <Rle>           <IRanges>  <Rle> |   <character>
    [1]     chr1          1-49791284      * |   chr1#chunk1
    [2]     chr1          49791285-99582568      * seqnames |              ranges   chr1#chunk2
    [3] strand     chr1 |  99582569-149373853      *     chunkName |
          chr1#chunk3    <Rle>
    [4]           <IRanges>     chr1  <Rle> 149373854-199165137 |      *   <character> |
    [1]   chr1#chunk4     chr1
    [5]          1-49791284     chr1      * 199165138-248956422 |      *   chr1#chunk1 |
    [2]   chr1#chunk5
    ...      ...                 ...     chr1    ...   49791285-99582568 .      *           ... |       
  [116]   chr1#chunk2            chrY seqnames seqnames              ranges          1-11445483 strand      *
    [3] |     chr1 |              ranges chrY#chunk116  99582569-149373853     chunkName
  [117]
            chrY strand    <Rle>   11445484-22890966           <IRanges>      *      * | |  <Rle>     chunkName |   chr1#chunk3 |
          <character>
    [4]    <Rle>     chr1 chrY#chunk117
    [1]
  [118] 149373854-199165137     chrY           <IRanges>      *     chr1 |  <Rle>   22890967-34336449   chr1#chunk4 |          1-49791284
    [5]      *      *   <character> |     chr1
    [1] chrY#chunk118 199165138-248956422     chr1
  [119] |          1-49791284      *      *   chr1#chunk1 |     chrY
    [2]   34336450-45781932 |      *   chr1#chunk1 |   chr1#chunk5     chr1 chrY#chunk119
    [2]   49791285-99582568
  [120]     chr1      *
    ...   49791285-99582568     chrY |      ...   45781933-57227415   chr1#chunk2      *                 ...
    [3] |      *     chr1 |    ... chrY#chunk120   chr1#chunk2 .
  99582569-149373853           ...      *  -------

  [116] |     chrY
    [3]   chr1#chunk3     chr1
    [4]  99582569-149373853      *     chr1 | 149373854-199165137   chr1#chunk3  seqinfo:       *
    [4] |          1-11445483   chr1#chunk424 sequences from an unspecified genome; no seqlengths      *     chr1
    [5] |     chr1 149373854-199165137 chrY#chunk116
 199165138-248956422      *
  [117] |     chrY      * |   chr1#chunk4   chr1#chunk5
    [5]   11445484-22890966
    ...      ...     chr1      * 199165138-248956422                 ...      *
 | |    ... .   chr1#chunk5           ... chrY#chunk117
  [116]
  [118]
    ...     chrY     chrY          1-11445483      ...      * |   22890967-34336449 chrY#chunk116                 ...      *
  [117]    ... | .     chrY chrY#chunk118   11445484-22890966      * | chrY#chunk117
  [119]           ...     chrY
  [116]   34336450-45781932
  [118]      *     chrY |     chrY chrY#chunk119   22890967-34336449
  [120]          1-11445483      *      *     chrY | | chrY#chunk116   45781933-57227415
  [117]      *     chrY | chrY#chunk118   11445484-22890966 chrY#chunk120
      *
  [119]     chrY  -------
   34336450-45781932 |      * chrY#chunk117 |
  [118] chrY#chunk119     chrY
  [120]   22890967-34336449     chrY      *   45781933-57227415 |      * chrY#chunk118 |
  [119] chrY#chunk120     chrY
   34336450-45781932      * |  seqinfo:  chrY#chunk119  -------
24 sequences from an unspecified genome; no seqlengths
  [120]
     chrY   45781933-57227415      * | chrY#chunk120
  -------
  seqinfo: 24 sequences from an unspecified genome; no seqlengths

  seqinfo: 24 sequences from an unspecified genome; no seqlengths



2026-08-17 17:42:54.294624 : (X__pt11_pre : 11 of 11) .tabixToTmp Fragments-Chunk-(1 of 120)-chr1:1-49791284, Class = data.table
 
2026-08-17 17:42:54.294624 : (X__pt11_pre : 11 of 11) .tabixToTmp Fragments-Chunk-(1 of 120)-chr1:1-49791284, Class = data.frame
(X__pt11_pre : 11 of 11) .tabixToTmp Fragments-Chunk-(1 of 120)-chr1:1-49791284: nRows = 4070341, nCols = 3
      V2    V3                 V4
   <num> <int>             <char>
1: 10078 10202 TCCAGAATCGTTCAGA-1
2: 10085 10285 GCATGATTCGGTACTA-1
3: 10085 10309 AATGGAAGTAGTAACA-1
4: 10086 10303 ATGTCGACATAGGCGA-1
5: 10092 10307 CGTGGCAAGGCACTAG-1
6: 10103 10306 GCGATTAAGACCATAA-1



2026-08-17 17:42:54.310267 : (X__pt11_pre : 11 of 11) .tabixToTmp Barcodes-Chunk-(1 of 120)-chr1:1-49791284, Class = character

(X__pt11_pre : 11 of 11) .tabixToTmp Barcodes-Chunk-(1 of 120)-chr1:1-49791284: length = 134414
[1] "TCCAGAATCGTTCAGA-1" "GCATGATTCGGTACTA-1" "AATGGAAGTAGTAACA-1"
[4] "ATGTCGACATAGGCGA-1" "CGTGGCAAGGCACTAG-1" "GCGATTAAGACCATAA-1"



2026-08-17 17:43:10.665751 : (X__pt9_pre : 10 of 11) .tabixToTmp Fragments-Chunk-(1 of 120)-chr1:1-49791284, Class = data.table
 
2026-08-17 17:43:10.665751 : (X__pt9_pre : 10 of 11) .tabixToTmp Fragments-Chunk-(1 of 120)-chr1:1-49791284, Class = data.frame
(X__pt9_pre : 10 of 11) .tabixToTmp Fragments-Chunk-(1 of 120)-chr1:1-49791284: nRows = 5687119, nCols = 3
      V2    V3                 V4
   <num> <int>             <char>
1: 10085 10261 CTGTATTTCCAGAATC-1
2: 10086 10309 GTTATGGTCGGCATAT-1
3: 10126 10279 TTGGTCCGTGCACTTA-1
4: 10144 10210 GAGGTCCAGGTTAGTA-1
5: 10152 10192 ACTCGGGAGGGTCCCT-1
6: 10152 10192 TGCATGAAGAGGAACA-1



2026-08-17 17:43:10.680309 : (X__pt9_pre : 10 of 11) .tabixToTmp Barcodes-Chunk-(1 of 120)-chr1:1-49791284, Class = character

(X__pt9_pre : 10 of 11) .tabixToTmp Barcodes-Chunk-(1 of 120)-chr1:1-49791284: length = 256366
[1] "CTGTATTTCCAGAATC-1" "GTTATGGTCGGCATAT-1" "TTGGTCCGTGCACTTA-1"
[4] "GAGGTCCAGGTTAGTA-1" "ACTCGGGAGGGTCCCT-1" "TGCATGAAGAGGAACA-1"



2026-08-17 17:43:13.696449 : (X__pt16pre : 9 of 11) .tabixToTmp Fragments-Chunk-(1 of 120)-chr1:1-49791284, Class = data.table
 
2026-08-17 17:43:13.696449 : (X__pt16pre : 9 of 11) .tabixToTmp Fragments-Chunk-(1 of 120)-chr1:1-49791284, Class = data.frame
(X__pt16pre : 9 of 11) .tabixToTmp Fragments-Chunk-(1 of 120)-chr1:1-49791284: nRows = 6101704, nCols = 3
      V2    V3                 V4
   <num> <int>             <char>
1: 10068 10198 TGCTCGTAGCATTCCA-1
2: 10073 10198 CGGACCATCTTGTGCC-1
3: 10073 10308 GCGAGAAGTCATAGCT-1
4: 10074 10214 TCGGGACCAATGCATC-1
5: 10079 10278 CACGTTCAGGGTGTTG-1
6: 10080 10405 CACAACAAGGATGTCG-1



2026-08-17 17:43:13.71112 : (X__pt16pre : 9 of 11) .tabixToTmp Barcodes-Chunk-(1 of 120)-chr1:1-49791284, Class = character

(X__pt16pre : 9 of 11) .tabixToTmp Barcodes-Chunk-(1 of 120)-chr1:1-49791284: length = 218131
[1] "TGCTCGTAGCATTCCA-1" "CGGACCATCTTGTGCC-1" "GCGAGAAGTCATAGCT-1"
[4] "TCGGGACCAATGCATC-1" "CACGTTCAGGGTGTTG-1" "CACAACAAGGATGTCG-1"



2026-08-17 17:43:14.544289 : (X__pt6_pre : 7 of 11) .tabixToTmp Fragments-Chunk-(1 of 120)-chr1:1-49791284, Class = data.table
 
2026-08-17 17:43:14.544289 : (X__pt6_pre : 7 of 11) .tabixToTmp Fragments-Chunk-(1 of 120)-chr1:1-49791284, Class = data.frame
(X__pt6_pre : 7 of 11) .tabixToTmp Fragments-Chunk-(1 of 120)-chr1:1-49791284: nRows = 7218621, nCols = 3
      V2    V3                 V4
   <num> <int>             <char>
1: 10074 10214 GCGTAGCCATTGTTCT-1
2: 10146 10204 GCATGATGTCTAACCA-1
3: 10152 10185 ATTGTGGCACGTTACA-1
4: 10152 10185 GAACTTGGTAAACGTA-1
5: 10152 10185 GTTACTTTCGGGAATG-1
6: 10152 10216 CAACCAAGTCAGGCTC-1



2026-08-17 17:43:14.850249 : (X__pt5_pre : 8 of 11) .tabixToTmp Fragments-Chunk-(1 of 120)-chr1:1-49791284, Class = data.table
 
2026-08-17 17:43:14.850249 : (X__pt5_pre : 8 of 11) .tabixToTmp Fragments-Chunk-(1 of 120)-chr1:1-49791284, Class = data.frame
(X__pt5_pre : 8 of 11) .tabixToTmp Fragments-Chunk-(1 of 120)-chr1:1-49791284: nRows = 7092300, nCols = 3
      V2    V3                 V4
   <num> <int>             <char>
1: 10072 10314 TTACCCGGTCAACTAC-1
2: 10074 10193 GACTAGTCACAGGAAC-1
3: 10127 10285 AACGGGAAGTTGGAAT-1
4: 10132 10278 TCGCCTAAGTCCGATT-1
5: 10133 10279 GCACCTTCAAGGCGTA-1
6: 10151 10198 AAGGTTCAGGATTGAT-1



2026-08-17 17:43:14.559386 : (X__pt6_pre : 7 of 11) .tabixToTmp Barcodes-Chunk-(1 of 120)-chr1:1-49791284, Class = character

(X__pt6_pre : 7 of 11) .tabixToTmp Barcodes-Chunk-(1 of 120)-chr1:1-49791284: length = 123383
[1] "GCGTAGCCATTGTTCT-1" "GCATGATGTCTAACCA-1" "ATTGTGGCACGTTACA-1"
[4] "GAACTTGGTAAACGTA-1" "GTTACTTTCGGGAATG-1" "CAACCAAGTCAGGCTC-1"



2026-08-17 17:43:14.865129 : (X__pt5_pre : 8 of 11) .tabixToTmp Barcodes-Chunk-(1 of 120)-chr1:1-49791284, Class = character

(X__pt5_pre : 8 of 11) .tabixToTmp Barcodes-Chunk-(1 of 120)-chr1:1-49791284: length = 119480
[1] "TTACCCGGTCAACTAC-1" "GACTAGTCACAGGAAC-1" "AACGGGAAGTTGGAAT-1"
[4] "TCGCCTAAGTCCGATT-1" "GCACCTTCAAGGCGTA-1" "AAGGTTCAGGATTGAT-1"



2026-08-17 17:43:21.227783 : (X__pt1_pre : 6 of 11) .tabixToTmp Fragments-Chunk-(1 of 120)-chr1:1-49791284, Class = data.table
 
2026-08-17 17:43:21.227783 : (X__pt1_pre : 6 of 11) .tabixToTmp Fragments-Chunk-(1 of 120)-chr1:1-49791284, Class = data.frame
(X__pt1_pre : 6 of 11) .tabixToTmp Fragments-Chunk-(1 of 120)-chr1:1-49791284: nRows = 8022434, nCols = 3
      V2    V3                 V4
   <num> <int>             <char>
1: 10086 10301 GTGACATAGTGAAGGA-1
2: 10092 10285 GCAAAGGAGGTACTCT-1
3: 10098 10284 AAGGAGCGTATGCTAC-1
4: 10103 10285 GGTGCTGCATTAGCAC-1
5: 10127 10283 GCCCGAAGTGAATACA-1
6: 10144 10204 GCACCTTGTCCGAGCT-1



2026-08-17 17:43:21.242495 : (X__pt1_pre : 6 of 11) .tabixToTmp Barcodes-Chunk-(1 of 120)-chr1:1-49791284, Class = character

(X__pt1_pre : 6 of 11) .tabixToTmp Barcodes-Chunk-(1 of 120)-chr1:1-49791284: length = 132478
[1] "GTGACATAGTGAAGGA-1" "GCAAAGGAGGTACTCT-1" "AAGGAGCGTATGCTAC-1"
[4] "GGTGCTGCATTAGCAC-1" "GCCCGAAGTGAATACA-1" "GCACCTTGTCCGAGCT-1"



2026-08-17 17:43:34.95402 : (X__pt14pre : 4 of 11) .tabixToTmp Fragments-Chunk-(1 of 120)-chr1:1-49791284, Class = data.table
 
2026-08-17 17:43:34.95402 : (X__pt14pre : 4 of 11) .tabixToTmp Fragments-Chunk-(1 of 120)-chr1:1-49791284, Class = data.frame
(X__pt14pre : 4 of 11) .tabixToTmp Fragments-Chunk-(1 of 120)-chr1:1-49791284: nRows = 9649131, nCols = 3
      V2    V3                 V4
   <num> <int>             <char>
1: 10080 10309 GTTCAAGTCGCTATTT-1
2: 10086 10340 GCGATCGCATCGCTAA-1
3: 10091 10285 CAGCTAATCGTAGCGC-1
4: 10091 10285 CTTGTCGGTGCACCCA-1
5: 10098 10309 AATGGAACACCGAAAG-1
6: 10103 10599 TTACTCACATAGAATG-1



2026-08-17 17:43:34.968537 : (X__pt14pre : 4 of 11) .tabixToTmp Barcodes-Chunk-(1 of 120)-chr1:1-49791284, Class = character

(X__pt14pre : 4 of 11) .tabixToTmp Barcodes-Chunk-(1 of 120)-chr1:1-49791284: length = 196676
[1] "GTTCAAGTCGCTATTT-1" "GCGATCGCATCGCTAA-1" "CAGCTAATCGTAGCGC-1"
[4] "CTTGTCGGTGCACCCA-1" "AATGGAACACCGAAAG-1" "TTACTCACATAGAATG-1"



2026-08-17 17:43:38.007059 : (X__pt17pre : 5 of 11) .tabixToTmp Fragments-Chunk-(1 of 120)-chr1:1-49791284, Class = data.table
 
2026-08-17 17:43:38.007059 : (X__pt17pre : 5 of 11) .tabixToTmp Fragments-Chunk-(1 of 120)-chr1:1-49791284, Class = data.frame
(X__pt17pre : 5 of 11) .tabixToTmp Fragments-Chunk-(1 of 120)-chr1:1-49791284: nRows = 9589130, nCols = 3
      V2    V3                 V4
   <num> <int>             <char>
1: 10078 10334 TGTGTCCGTTGTGACT-1
2: 10080 10309 CGTTCCAGTTGCAGAG-1
3: 10085 10308 TTAGCGACAGCAATGG-1
4: 10086 10279 ACTTCCGTCACTAGGT-1
5: 10086 10309 TTCGGTCCATCCTGGG-1
6: 10091 10309 ACCAAACTCCAGGGAA-1



2026-08-17 17:43:38.02174 : (X__pt17pre : 5 of 11) .tabixToTmp Barcodes-Chunk-(1 of 120)-chr1:1-49791284, Class = character

(X__pt17pre : 5 of 11) .tabixToTmp Barcodes-Chunk-(1 of 120)-chr1:1-49791284: length = 199429
[1] "TGTGTCCGTTGTGACT-1" "CGTTCCAGTTGCAGAG-1" "TTAGCGACAGCAATGG-1"
[4] "ACTTCCGTCACTAGGT-1" "TTCGGTCCATCCTGGG-1" "ACCAAACTCCAGGGAA-1"



2026-08-17 17:43:43.514 : (X__pt12pre : 3 of 11) .tabixToTmp Fragments-Chunk-(1 of 120)-chr1:1-49791284, Class = data.table
 
2026-08-17 17:43:43.514 : (X__pt12pre : 3 of 11) .tabixToTmp Fragments-Chunk-(1 of 120)-chr1:1-49791284, Class = data.frame
(X__pt12pre : 3 of 11) .tabixToTmp Fragments-Chunk-(1 of 120)-chr1:1-49791284: nRows = 10799380, nCols = 3
      V2    V3                 V4
   <num> <int>             <char>
1: 10073 10198 GTAATCGCATCGGCCA-1
2: 10097 10278 GATTGACAGGGCTTCC-1
3: 10103 10278 TCTAGTTGTTAGGAGC-1
4: 10132 10279 TTGTTGTCACGTTAGT-1
5: 10133 10308 AGGACGATCTCTATTG-1
6: 10145 10285 GAGATTCTCTTGCGCT-1



2026-08-17 17:43:43.529218 : (X__pt12pre : 3 of 11) .tabixToTmp Barcodes-Chunk-(1 of 120)-chr1:1-49791284, Class = character

(X__pt12pre : 3 of 11) .tabixToTmp Barcodes-Chunk-(1 of 120)-chr1:1-49791284: length = 136156
[1] "GTAATCGCATCGGCCA-1" "GATTGACAGGGCTTCC-1" "TCTAGTTGTTAGGAGC-1"
[4] "TTGTTGTCACGTTAGT-1" "AGGACGATCTCTATTG-1" "GAGATTCTCTTGCGCT-1"



2026-08-17 17:44:07.856184 : (X__24t : 1 of 11) .tabixToTmp Fragments-Chunk-(1 of 120)-chr1:1-49791284, Class = data.table
 
2026-08-17 17:44:07.856184 : (X__24t : 1 of 11) .tabixToTmp Fragments-Chunk-(1 of 120)-chr1:1-49791284, Class = data.frame
(X__24t : 1 of 11) .tabixToTmp Fragments-Chunk-(1 of 120)-chr1:1-49791284: nRows = 15084994, nCols = 3
      V2    V3                 V4
   <num> <int>             <char>
1: 10067 10192 CCTGATTCACAGCACG-1
2: 10068 10192 ACACCGGCAGCCTAAA-1
3: 10068 10202 GGGAAGCCAATGAGCC-1
4: 10074 10431 GAGTTAGGTACTGATC-1
5: 10079 10308 CCCACCTTCGCTTGAC-1
6: 10085 10279 GTCCATCAGTATAGCA-1



2026-08-17 17:44:07.870733 : (X__24t : 1 of 11) .tabixToTmp Barcodes-Chunk-(1 of 120)-chr1:1-49791284, Class = character

(X__24t : 1 of 11) .tabixToTmp Barcodes-Chunk-(1 of 120)-chr1:1-49791284: length = 240169
[1] "CCTGATTCACAGCACG-1" "ACACCGGCAGCCTAAA-1" "GGGAAGCCAATGAGCC-1"
[4] "GAGTTAGGTACTGATC-1" "CCCACCTTCGCTTGAC-1" "GTCCATCAGTATAGCA-1"



2026-08-17 17:44:21.064459 : (X__pt24pre : 2 of 11) .tabixToTmp Fragments-Chunk-(1 of 120)-chr1:1-49791284, Class = data.table
 
2026-08-17 17:44:21.064459 : (X__pt24pre : 2 of 11) .tabixToTmp Fragments-Chunk-(1 of 120)-chr1:1-49791284, Class = data.frame
(X__pt24pre : 2 of 11) .tabixToTmp Fragments-Chunk-(1 of 120)-chr1:1-49791284: nRows = 16336841, nCols = 3
      V2    V3                 V4
   <num> <int>             <char>
1: 10074 10204 TTCATTGCAATGGCAG-1
2: 10074 10274 GAACTTGCATGGTAAA-1
3: 10079 10308 GTGTCAACAGCTGATT-1
4: 10086 10283 TTCGGTCTCTGACATG-1
5: 10086 10345 GCGTAGCTCTCGCGTT-1
6: 10133 10284 GCGGGTTAGCGCCTAC-1



2026-08-17 17:44:21.07956 : (X__pt24pre : 2 of 11) .tabixToTmp Barcodes-Chunk-(1 of 120)-chr1:1-49791284, Class = character

(X__pt24pre : 2 of 11) .tabixToTmp Barcodes-Chunk-(1 of 120)-chr1:1-49791284: length = 228923
[1] "TTCATTGCAATGGCAG-1" "GAACTTGCATGGTAAA-1" "GTGTCAACAGCTGATT-1"
[4] "TTCGGTCTCTGACATG-1" "GCGTAGCTCTCGCGTT-1" "GCGGGTTAGCGCCTAC-1"


2026-08-17 17:45:00.905817 : (X__pt11_pre : 11 of 11) Reading TabixFile 8 Percent, 2.981 mins elapsed.
2026-08-17 17:45:55.086894 : (X__pt9_pre : 10 of 11) Reading TabixFile 8 Percent, 3.884 mins elapsed.
2026-08-17 17:46:30.761673 : (X__pt6_pre : 7 of 11) Reading TabixFile 8 Percent, 4.479 mins elapsed.
2026-08-17 17:46:34.19684 : (X__pt5_pre : 8 of 11) Reading TabixFile 8 Percent, 4.536 mins elapsed.
2026-08-17 17:46:54.797688 : (X__pt11_pre : 11 of 11) Reading TabixFile 17 Percent, 4.879 mins elapsed.
2026-08-17 17:47:02.883919 : (X__pt16pre : 9 of 11) Reading TabixFile 8 Percent, 5.014 mins elapsed.
2026-08-17 17:47:28.371616 : (X__pt1_pre : 6 of 11) Reading TabixFile 8 Percent, 5.439 mins elapsed.
2026-08-17 17:48:02.321472 : (X__pt17pre : 5 of 11) Reading TabixFile 8 Percent, 6.005 mins elapsed.
2026-08-17 17:48:11.571406 : (X__pt14pre : 4 of 11) Reading TabixFile 8 Percent, 6.159 mins elapsed.
2026-08-17 17:48:28.932169 : (X__pt9_pre : 10 of 11) Reading TabixFile 17 Percent, 6.448 mins elapsed.
2026-08-17 17:48:30.589664 : (X__pt11_pre : 11 of 11) Reading TabixFile 25 Percent, 6.476 mins elapsed.
2026-08-17 17:48:47.558269 : (X__pt12pre : 3 of 11) Reading TabixFile 8 Percent, 6.758 mins elapsed.
2026-08-17 17:49:22.223082 : (X__pt5_pre : 8 of 11) Reading TabixFile 17 Percent, 7.336 mins elapsed.
2026-08-17 17:49:45.317107 : (X__pt6_pre : 7 of 11) Reading TabixFile 17 Percent, 7.721 mins elapsed.
2026-08-17 17:49:54.942176 : (X__pt11_pre : 11 of 11) Reading TabixFile 33 Percent, 7.882 mins elapsed.
2026-08-17 17:50:01.939884 : (X__pt16pre : 9 of 11) Reading TabixFile 17 Percent, 7.998 mins elapsed.
2026-08-17 17:50:33.772213 : (X__pt9_pre : 10 of 11) Reading TabixFile 25 Percent, 8.529 mins elapsed.
2026-08-17 17:51:08.307704 : (X__pt11_pre : 11 of 11) Reading TabixFile 42 Percent, 9.104 mins elapsed.
2026-08-17 17:51:27.797802 : (X__pt1_pre : 6 of 11) Reading TabixFile 17 Percent, 9.429 mins elapsed.
2026-08-17 17:51:43.061434 : (X__pt5_pre : 8 of 11) Reading TabixFile 25 Percent, 9.684 mins elapsed.
2026-08-17 17:52:17.3024 : (X__pt17pre : 5 of 11) Reading TabixFile 17 Percent, 10.254 mins elapsed.
2026-08-17 17:52:24.609941 : (X__pt9_pre : 10 of 11) Reading TabixFile 33 Percent, 10.376 mins elapsed.
2026-08-17 17:52:25.689464 : (X__pt11_pre : 11 of 11) Reading TabixFile 50 Percent, 10.394 mins elapsed.
2026-08-17 17:52:31.105089 : (X__pt14pre : 4 of 11) Reading TabixFile 17 Percent, 10.484 mins elapsed.
2026-08-17 17:52:31.873851 : (X__pt24pre : 2 of 11) Reading TabixFile 8 Percent, 10.497 mins elapsed.
2026-08-17 17:52:39.674843 : (X__pt16pre : 9 of 11) Reading TabixFile 25 Percent, 10.627 mins elapsed.
2026-08-17 17:52:41.881669 : (X__pt6_pre : 7 of 11) Reading TabixFile 25 Percent, 10.664 mins elapsed.
2026-08-17 17:52:51.492932 : (X__24t : 1 of 11) Reading TabixFile 8 Percent, 10.824 mins elapsed.
2026-08-17 17:53:21.619961 : (X__pt11_pre : 11 of 11) Reading TabixFile 58 Percent, 11.326 mins elapsed.
2026-08-17 17:53:46.302737 : (X__pt5_pre : 8 of 11) Reading TabixFile 33 Percent, 11.738 mins elapsed.
2026-08-17 17:54:00.19829 : (X__pt9_pre : 10 of 11) Reading TabixFile 42 Percent, 11.969 mins elapsed.
2026-08-17 17:54:05.437183 : (X__pt12pre : 3 of 11) Reading TabixFile 17 Percent, 12.056 mins elapsed.
2026-08-17 17:54:15.425117 : (X__pt11_pre : 11 of 11) Reading TabixFile 67 Percent, 12.223 mins elapsed.
2026-08-17 17:54:55.459786 : (X__pt1_pre : 6 of 11) Reading TabixFile 25 Percent, 12.89 mins elapsed.
2026-08-17 17:54:56.973368 : (X__pt6_pre : 7 of 11) Reading TabixFile 33 Percent, 12.915 mins elapsed.
2026-08-17 17:54:58.288982 : (X__pt16pre : 9 of 11) Reading TabixFile 33 Percent, 12.937 mins elapsed.
2026-08-17 17:55:07.057585 : (X__pt11_pre : 11 of 11) Reading TabixFile 75 Percent, 13.083 mins elapsed.
2026-08-17 17:55:37.485108 : (X__pt5_pre : 8 of 11) Reading TabixFile 42 Percent, 13.591 mins elapsed.
2026-08-17 17:55:38.790723 : (X__pt9_pre : 10 of 11) Reading TabixFile 50 Percent, 13.612 mins elapsed.
2026-08-17 17:55:52.905767 : (X__pt11_pre : 11 of 11) Reading TabixFile 83 Percent, 13.848 mins elapsed.
2026-08-17 17:56:00.753226 : (X__pt17pre : 5 of 11) Reading TabixFile 25 Percent, 13.978 mins elapsed.
2026-08-17 17:56:15.787803 : (X__pt14pre : 4 of 11) Reading TabixFile 25 Percent, 14.229 mins elapsed.
2026-08-17 17:56:21.733716 : (X__pt11_pre : 11 of 11) Reading TabixFile 92 Percent, 14.328 mins elapsed.
2026-08-17 17:56:49.910903 : (X__pt9_pre : 10 of 11) Reading TabixFile 58 Percent, 14.798 mins elapsed.
2026-08-17 17:56:52.835126 : (X__pt11_pre : 11 of 11) Reading TabixFile 100 Percent, 14.846 mins elapsed.
2026-08-17 17:56:54.285995 : (X__pt11_pre : 11 of 11) Successful creation of Temporary File, 14.871 mins elapsed.
2026-08-17 17:56:54.288635 : (X__pt11_pre : 11 of 11) Creating ArrowFile From Temporary File, 14.871 mins elapsed.

2026-08-17 17:56:56.25062 : (X__pt11_pre : 11 of 11) chunkChrNames, Class = data.frame
(X__pt11_pre : 11 of 11) chunkChrNames: nRows = 118, nCols = 1
     chunkNames
1   chr1#chunk1
2   chr1#chunk2
3   chr1#chunk3
4   chr1#chunk4
5   chr1#chunk5
6 chr10#chunk46


2026-08-17 17:56:56.272818 : (X__pt11_pre : 11 of 11) Counting Unique Barcodes From Temporary File, 14.904 mins elapsed.

2026-08-17 17:56:57.087498 : (X__pt11_pre : 11 of 11) BarcodeFrequencyTable, Class = data.table
 
2026-08-17 17:56:57.087498 : (X__pt11_pre : 11 of 11) BarcodeFrequencyTable, Class = data.frame
(X__pt11_pre : 11 of 11) BarcodeFrequencyTable: nRows = 2392, nCols = 2
            values.V1     V1
               <char>  <int>
1: CACATGAAGAACGTTA-1 213370
2: ACAGAAAAGCTCGGCT-1 210737
3: CTGCTCAGTTATAGAG-1 183128
4: AAATGAGAGTGCACAG-1 181710
5: ACTATTCCACGCTAAT-1 181183
6: ACTCGGGTCCAGGCCA-1 180746



2026-08-17 17:56:57.136126 : (X__pt11_pre : 11 of 11) BarcodesMinMaxFrags, Class = data.frame
(X__pt11_pre : 11 of 11) BarcodesMinMaxFrags: nRows = 2392, nCols = 1
                  bc
1 CACATGAAGAACGTTA-1
2 ACAGAAAAGCTCGGCT-1
3 CTGCTCAGTTATAGAG-1
4 AAATGAGAGTGCACAG-1
5 ACTATTCCACGCTAAT-1
6 ACTCGGGTCCAGGCCA-1



2026-08-17 17:56:58.518592 : (X__pt11_pre : 11 of 11) Unique Chromosomes, Class = data.frame
(X__pt11_pre : 11 of 11) Unique Chromosomes: nRows = 24, nCols = 1
   chr
1 chr1
2 chr2
3 chr3
4 chr4
5 chr5
6 chr6


2026-08-17 17:56:58.520386 : (X__pt11_pre : 11 of 11) Adding Chromosome 1 of 24, 14.941 mins elapsed.

2026-08-17 17:57:01.747604 : (X__pt11_pre : 11 of 11) .tmpToArrow Fragments-Chr-(1 of 24)-chr1, Class = IRanges

(X__pt11_pre : 11 of 11) .tmpToArrow Fragments-Chr-(1 of 24)-chr1: length = 4809623
IRanges object with 6 ranges and 1 metadata column:
          start       end     width |                 RG
      <integer> <integer> <integer> |              <Rle>
  [1]    131387    131455        69 | CACATGAAGAACGTTA-1
  [2]    778006    778061        56 | CACATGAAGAACGTTA-1
  [3]    789263    789466       204 | CACATGAAGAACGTTA-1
  [4]    918330    918428        99 | CACATGAAGAACGTTA-1
  [5]    919807    920020       214 | CACATGAAGAACGTTA-1
  [6]    975728    975985       258 | CACATGAAGAACGTTA-1



2026-08-17 17:57:01.755061 : (X__pt11_pre : 11 of 11) .tmpToArrow Barcodes-Chr-(1 of 24)-chr1, Class = data.frame
(X__pt11_pre : 11 of 11) .tmpToArrow Barcodes-Chr-(1 of 24)-chr1: nRows = 2392, nCols = 1
                  bc
1 CACATGAAGAACGTTA-1
2 ACAGAAAAGCTCGGCT-1
3 CTGCTCAGTTATAGAG-1
4 AAATGAGAGTGCACAG-1
5 ACTATTCCACGCTAAT-1
6 ACTCGGGTCCAGGCCA-1


2026-08-17 17:57:03.195455 : (X__pt16pre : 9 of 11) Reading TabixFile 42 Percent, 15.019 mins elapsed.
2026-08-17 17:57:03.396669 : (X__pt11_pre : 11 of 11) Adding Chromosome 2 of 24, 15.022 mins elapsed.
2026-08-17 17:57:08.086232 : (X__pt11_pre : 11 of 11) Adding Chromosome 3 of 24, 15.101 mins elapsed.
2026-08-17 17:57:12.212478 : (X__pt11_pre : 11 of 11) Adding Chromosome 4 of 24, 15.169 mins elapsed.
2026-08-17 17:57:15.729189 : (X__pt11_pre : 11 of 11) Adding Chromosome 5 of 24, 15.228 mins elapsed.
2026-08-17 17:57:19.381313 : (X__pt11_pre : 11 of 11) Adding Chromosome 6 of 24, 15.289 mins elapsed.
2026-08-17 17:57:20.816445 : (X__pt6_pre : 7 of 11) Reading TabixFile 42 Percent, 15.313 mins elapsed.
2026-08-17 17:57:23.104175 : (X__pt11_pre : 11 of 11) Adding Chromosome 7 of 24, 15.351 mins elapsed.
2026-08-17 17:57:26.619751 : (X__pt11_pre : 11 of 11) Adding Chromosome 8 of 24, 15.41 mins elapsed.
2026-08-17 17:57:29.88694 : (X__pt11_pre : 11 of 11) Adding Chromosome 9 of 24, 15.464 mins elapsed.
2026-08-17 17:57:32.953735 : (X__pt11_pre : 11 of 11) Adding Chromosome 10 of 24, 15.515 mins elapsed.
2026-08-17 17:57:35.232947 : (X__pt5_pre : 8 of 11) Reading TabixFile 50 Percent, 15.553 mins elapsed.
2026-08-17 17:57:36.235538 : (X__pt11_pre : 11 of 11) Adding Chromosome 11 of 24, 15.57 mins elapsed.
2026-08-17 17:57:39.618055 : (X__pt11_pre : 11 of 11) Adding Chromosome 12 of 24, 15.626 mins elapsed.
2026-08-17 17:57:42.938377 : (X__pt11_pre : 11 of 11) Adding Chromosome 13 of 24, 15.682 mins elapsed.
2026-08-17 17:57:45.490957 : (X__pt11_pre : 11 of 11) Adding Chromosome 14 of 24, 15.724 mins elapsed.
2026-08-17 17:57:48.264725 : (X__pt11_pre : 11 of 11) Adding Chromosome 15 of 24, 15.77 mins elapsed.
2026-08-17 17:57:50.860652 : (X__pt11_pre : 11 of 11) Adding Chromosome 16 of 24, 15.814 mins elapsed.
2026-08-17 17:57:53.753384 : (X__pt11_pre : 11 of 11) Adding Chromosome 17 of 24, 15.862 mins elapsed.
2026-08-17 17:57:56.760516 : (X__pt9_pre : 10 of 11) Reading TabixFile 67 Percent, 15.912 mins elapsed.
2026-08-17 17:57:56.795664 : (X__pt11_pre : 11 of 11) Adding Chromosome 18 of 24, 15.912 mins elapsed.
2026-08-17 17:57:59.209373 : (X__pt11_pre : 11 of 11) Adding Chromosome 19 of 24, 15.953 mins elapsed.
2026-08-17 17:58:02.257493 : (X__pt11_pre : 11 of 11) Adding Chromosome 20 of 24, 16.003 mins elapsed.
2026-08-17 17:58:04.70281 : (X__pt11_pre : 11 of 11) Adding Chromosome 21 of 24, 16.044 mins elapsed.
2026-08-17 17:58:04.789658 : (X__pt1_pre : 6 of 11) Reading TabixFile 33 Percent, 16.046 mins elapsed.
2026-08-17 17:58:06.73673 : (X__pt11_pre : 11 of 11) Adding Chromosome 22 of 24, 16.078 mins elapsed.
2026-08-17 17:58:08.909537 : (X__pt11_pre : 11 of 11) Adding Chromosome 23 of 24, 16.114 mins elapsed.
2026-08-17 17:58:11.34763 : (X__pt11_pre : 11 of 11) Adding Chromosome 24 of 24, 16.155 mins elapsed.
2026-08-17 17:58:13.016779 : (X__pt11_pre : 11 of 11) Successful creation of Arrow File, 16.183 mins elapsed.
2026-08-17 17:58:14.340839 : (X__pt11_pre : 11 of 11) Adding Fragment Summary, 16.205 mins elapsed.
2026-08-17 17:58:26.019975 : (X__pt11_pre : 11 of 11) Plotting Fragment Size Distribution, 16.4 mins elapsed.
2026-08-17 17:58:27.963637 : (X__pt11_pre : 11 of 11) Computing TSS Enrichment Scores, 16.432 mins elapsed.
2026-08-17 17:58:49.901405 : (X__pt12pre : 3 of 11) Reading TabixFile 25 Percent, 16.798 mins elapsed.
2026-08-17 17:58:51.949998 : (X__pt5_pre : 8 of 11) Reading TabixFile 58 Percent, 16.832 mins elapsed.
2026-08-17 17:59:00.882162 : (X__pt9_pre : 10 of 11) Reading TabixFile 75 Percent, 16.981 mins elapsed.
2026-08-17 17:59:12.761882 : (X__pt16pre : 9 of 11) Reading TabixFile 50 Percent, 17.179 mins elapsed.
2026-08-17 17:59:16.627799 : (X__pt17pre : 5 of 11) Reading TabixFile 33 Percent, 17.243 mins elapsed.
2026-08-17 17:59:21.226938 : (X__pt14pre : 4 of 11) Reading TabixFile 33 Percent, 17.32 mins elapsed.
2026-08-17 17:59:37.414094 : (X__pt6_pre : 7 of 11) Reading TabixFile 50 Percent, 17.589 mins elapsed.
2026-08-17 17:59:54.44262 : (X__pt9_pre : 10 of 11) Reading TabixFile 83 Percent, 17.873 mins elapsed.
2026-08-17 18:00:11.686575 : (X__pt5_pre : 8 of 11) Reading TabixFile 67 Percent, 18.161 mins elapsed.
2026-08-17 18:00:28.403782 : (X__pt9_pre : 10 of 11) Reading TabixFile 92 Percent, 18.439 mins elapsed.
2026-08-17 18:00:31.030744 : (X__pt11_pre : 11 of 11) Computed TSS Scores!, 2.051 mins elapsed.
2026-08-17 18:00:31.041816 : (X__pt11_pre : 11 of 11) CellStats : Number of Cells Pass Filter = 2388 , 18.483 mins elapsed.
2026-08-17 18:00:31.044895 : (X__pt11_pre : 11 of 11) CellStats : Median Frags = 13148.5 , 18.483 mins elapsed.
2026-08-17 18:00:31.047389 : (X__pt11_pre : 11 of 11) CellStats : Median TSS Enrichment = 18.0315 , 18.483 mins elapsed.
2026-08-17 18:00:31.047872 : (X__pt11_pre : 11 of 11) Plotting TSS Enrichment Scores, 18.483 mins elapsed.
2026-08-17 18:00:33.309762 : (X__pt11_pre : 11 of 11) Adding Metadata to Fragments, 18.521 mins elapsed.
2026-08-17 18:00:35.060156 : (X__pt11_pre : 11 of 11) Adding Additional Feature Counts!, 18.55 mins elapsed.
2026-08-17 18:00:35.826043 : (X__pt16pre : 9 of 11) Reading TabixFile 58 Percent, 18.563 mins elapsed.
2026-08-17 18:00:43.312351 : (X__pt1_pre : 6 of 11) Reading TabixFile 42 Percent, 18.688 mins elapsed.
2026-08-17 18:00:55.077045 : (X__pt6_pre : 7 of 11) Reading TabixFile 58 Percent, 18.884 mins elapsed.
2026-08-17 18:01:06.870071 : (X__pt9_pre : 10 of 11) Reading TabixFile 100 Percent, 19.08 mins elapsed.
2026-08-17 18:01:08.289824 : (X__pt9_pre : 10 of 11) Successful creation of Temporary File, 19.104 mins elapsed.
2026-08-17 18:01:08.292424 : (X__pt9_pre : 10 of 11) Creating ArrowFile From Temporary File, 19.104 mins elapsed.

2026-08-17 18:01:09.078404 : (X__pt9_pre : 10 of 11) chunkChrNames, Class = data.frame
(X__pt9_pre : 10 of 11) chunkChrNames: nRows = 118, nCols = 1
     chunkNames
1   chr1#chunk1
2   chr1#chunk2
3   chr1#chunk3
4   chr1#chunk4
5   chr1#chunk5
6 chr10#chunk46


2026-08-17 18:01:09.081293 : (X__pt9_pre : 10 of 11) Counting Unique Barcodes From Temporary File, 19.117 mins elapsed.

2026-08-17 18:01:09.885268 : (X__pt9_pre : 10 of 11) BarcodeFrequencyTable, Class = data.table
 
2026-08-17 18:01:09.885268 : (X__pt9_pre : 10 of 11) BarcodeFrequencyTable, Class = data.frame
(X__pt9_pre : 10 of 11) BarcodeFrequencyTable: nRows = 2526, nCols = 2
            values.V1     V1
               <char>  <int>
1: CGCTGGACATGATTGC-1 488516
2: GGAGAACAGAGCTCCC-1 327502
3: GCACGGTGTCCCGTGA-1 285157
4: TGTGGCGAGTGAATAC-1 269930
5: GGGTCTGTCGCTCGGA-1 224540
6: GAACCGCTCCGTACGG-1 212004



2026-08-17 18:01:09.961843 : (X__pt9_pre : 10 of 11) BarcodesMinMaxFrags, Class = data.frame
(X__pt9_pre : 10 of 11) BarcodesMinMaxFrags: nRows = 2526, nCols = 1
                  bc
1 CGCTGGACATGATTGC-1
2 GGAGAACAGAGCTCCC-1
3 GCACGGTGTCCCGTGA-1
4 TGTGGCGAGTGAATAC-1
5 GGGTCTGTCGCTCGGA-1
6 GAACCGCTCCGTACGG-1



2026-08-17 18:01:11.257238 : (X__pt9_pre : 10 of 11) Unique Chromosomes, Class = data.frame
(X__pt9_pre : 10 of 11) Unique Chromosomes: nRows = 24, nCols = 1
   chr
1 chr1
2 chr2
3 chr3
4 chr4
5 chr5
6 chr6


2026-08-17 18:01:11.259012 : (X__pt9_pre : 10 of 11) Adding Chromosome 1 of 24, 19.154 mins elapsed.

2026-08-17 18:01:13.834291 : (X__pt9_pre : 10 of 11) .tmpToArrow Fragments-Chr-(1 of 24)-chr1, Class = IRanges

(X__pt9_pre : 10 of 11) .tmpToArrow Fragments-Chr-(1 of 24)-chr1: length = 4089258
IRanges object with 6 ranges and 1 metadata column:
          start       end     width |                 RG
      <integer> <integer> <integer> |              <Rle>
  [1]    127764    127796        33 | CGCTGGACATGATTGC-1
  [2]    131405    131458        54 | CGCTGGACATGATTGC-1
  [3]    456420    456720       301 | CGCTGGACATGATTGC-1
  [4]    596779    596918       140 | CGCTGGACATGATTGC-1
  [5]    616141    616199        59 | CGCTGGACATGATTGC-1
  [6]    629906    629955        50 | CGCTGGACATGATTGC-1



2026-08-17 18:01:13.841965 : (X__pt9_pre : 10 of 11) .tmpToArrow Barcodes-Chr-(1 of 24)-chr1, Class = data.frame
(X__pt9_pre : 10 of 11) .tmpToArrow Barcodes-Chr-(1 of 24)-chr1: nRows = 2526, nCols = 1
                  bc
1 CGCTGGACATGATTGC-1
2 GGAGAACAGAGCTCCC-1
3 GCACGGTGTCCCGTGA-1
4 TGTGGCGAGTGAATAC-1
5 GGGTCTGTCGCTCGGA-1
6 GAACCGCTCCGTACGG-1


2026-08-17 18:01:13.948195 : (X__pt24pre : 2 of 11) Reading TabixFile 17 Percent, 19.198 mins elapsed.
2026-08-17 18:01:15.267739 : (X__pt9_pre : 10 of 11) Adding Chromosome 2 of 24, 19.22 mins elapsed.
2026-08-17 18:01:19.168575 : (X__pt9_pre : 10 of 11) Adding Chromosome 3 of 24, 19.285 mins elapsed.
2026-08-17 18:01:22.559514 : (X__pt9_pre : 10 of 11) Adding Chromosome 4 of 24, 19.342 mins elapsed.
2026-08-17 18:01:25.835747 : (X__pt9_pre : 10 of 11) Adding Chromosome 5 of 24, 19.396 mins elapsed.
2026-08-17 18:01:29.015118 : (X__pt9_pre : 10 of 11) Adding Chromosome 6 of 24, 19.449 mins elapsed.
2026-08-17 18:01:31.285487 : (X__pt5_pre : 8 of 11) Reading TabixFile 75 Percent, 19.487 mins elapsed.
2026-08-17 18:01:32.148034 : (X__pt9_pre : 10 of 11) Adding Chromosome 7 of 24, 19.502 mins elapsed.
2026-08-17 18:01:35.334359 : (X__pt9_pre : 10 of 11) Adding Chromosome 8 of 24, 19.555 mins elapsed.
2026-08-17 18:01:38.158969 : (X__pt9_pre : 10 of 11) Adding Chromosome 9 of 24, 19.602 mins elapsed.
2026-08-17 18:01:40.927735 : (X__pt9_pre : 10 of 11) Adding Chromosome 10 of 24, 19.648 mins elapsed.
2026-08-17 18:01:43.639663 : (X__pt9_pre : 10 of 11) Adding Chromosome 11 of 24, 19.693 mins elapsed.
2026-08-17 18:01:46.459385 : (X__pt9_pre : 10 of 11) Adding Chromosome 12 of 24, 19.74 mins elapsed.
2026-08-17 18:01:49.397311 : (X__pt9_pre : 10 of 11) Adding Chromosome 13 of 24, 19.789 mins elapsed.
2026-08-17 18:01:51.784758 : (X__pt9_pre : 10 of 11) Adding Chromosome 14 of 24, 19.829 mins elapsed.
2026-08-17 18:01:54.19072 : (X__pt9_pre : 10 of 11) Adding Chromosome 15 of 24, 19.869 mins elapsed.
2026-08-17 18:01:56.524492 : (X__pt9_pre : 10 of 11) Adding Chromosome 16 of 24, 19.908 mins elapsed.
2026-08-17 18:01:58.690137 : (X__pt16pre : 9 of 11) Reading TabixFile 67 Percent, 19.944 mins elapsed.
2026-08-17 18:01:58.948303 : (X__pt9_pre : 10 of 11) Adding Chromosome 17 of 24, 19.948 mins elapsed.
2026-08-17 18:02:01.380939 : (X__pt9_pre : 10 of 11) Adding Chromosome 18 of 24, 19.989 mins elapsed.
2026-08-17 18:02:03.602418 : (X__pt9_pre : 10 of 11) Adding Chromosome 19 of 24, 20.026 mins elapsed.
2026-08-17 18:02:05.887594 : (X__pt9_pre : 10 of 11) Adding Chromosome 20 of 24, 20.064 mins elapsed.
2026-08-17 18:02:07.444617 : (X__24t : 1 of 11) Reading TabixFile 17 Percent, 20.09 mins elapsed.
2026-08-17 18:02:08.136579 : (X__pt9_pre : 10 of 11) Adding Chromosome 21 of 24, 20.101 mins elapsed.
2026-08-17 18:02:08.676371 : (X__pt17pre : 5 of 11) Reading TabixFile 42 Percent, 20.11 mins elapsed.
2026-08-17 18:02:09.482803 : (X__pt14pre : 4 of 11) Reading TabixFile 42 Percent, 20.124 mins elapsed.
2026-08-17 18:02:10.009456 : (X__pt9_pre : 10 of 11) Adding Chromosome 22 of 24, 20.133 mins elapsed.
2026-08-17 18:02:11.920208 : (X__pt9_pre : 10 of 11) Adding Chromosome 23 of 24, 20.165 mins elapsed.
2026-08-17 18:02:14.105224 : (X__pt9_pre : 10 of 11) Adding Chromosome 24 of 24, 20.201 mins elapsed.
2026-08-17 18:02:15.669322 : (X__pt9_pre : 10 of 11) Successful creation of Arrow File, 20.227 mins elapsed.
2026-08-17 18:02:16.951544 : (X__pt9_pre : 10 of 11) Adding Fragment Summary, 20.248 mins elapsed.
2026-08-17 18:02:22.072993 : (X__pt6_pre : 7 of 11) Reading TabixFile 67 Percent, 20.334 mins elapsed.
2026-08-17 18:02:24.192827 : (X__pt9_pre : 10 of 11) Plotting Fragment Size Distribution, 20.369 mins elapsed.
2026-08-17 18:02:25.809539 : (X__pt9_pre : 10 of 11) Computing TSS Enrichment Scores, 20.396 mins elapsed.
2026-08-17 18:02:34.196597 : (X__pt11_pre : 11 of 11) Finished Adding Additional Feature Counts!, 20.536 mins elapsed.

2026-08-17 18:02:34.197248 : (X__pt11_pre : 11 of 11) Metadata, Class = DFrame
DataFrame with 2392 rows and 12 columns
                  cellNames    nFrags nMonoFrags  nDiFrags nMultiFrags
                <character> <numeric>  <numeric> <numeric>   <numeric>
1    X__pt11_pre#CACATGAA..    213369     142523     58802       12044
2    X__pt11_pre#ACAGAAAA..    210735      43325    134656       32754
3    X__pt11_pre#CTGCTCAG..    183128     140409     36549        6170
4    X__pt11_pre#AAATGAGA..    181710      38828    122266       20616
5    X__pt11_pre#ACTATTCC..    181183     145818     31644        3721
...                     ...       ...        ...       ...         ...
2388 X__pt11_pre#ATATTCCG..      1607       1068       474          65
2389 X__pt11_pre#GCCTAGGA..      1597       1340       219          38
2390 X__pt11_pre#GAACCTAC..      1536       1073       383          80
2391 X__pt11_pre#AAGATAGG..      1522       1079       389          54
2392 X__pt11_pre#ATCCTCGT..      1358       1168       172          18
     TSSEnrichment ReadsInTSS      Keep ReadsInPromoter PromoterRatio
         <numeric>  <numeric> <numeric>       <numeric>     <numeric>
1            1.754       6358         1           13130     0.0307683
2            1.658       5441         1           11022     0.0261513
3            1.537       4341         1           10052     0.0274453
4            1.814       6181         1           11716     0.0322382
5            2.721      11642         1           19821     0.0546988
...            ...        ...       ...             ...           ...
2388        19.082       1060         1            1041      0.323895
2389        30.716       2001         1            1701      0.532561
2390        28.452       1638         1            1329      0.432617
2391        22.211       1346         1            1096      0.360053
2392        24.387       1601         1            1312      0.483063
     ReadsInBlacklist BlacklistRatio
            <numeric>      <numeric>
1                2642     0.00619115
2                3413     0.00809785
3                2652     0.00724084
4                2277     0.00626548
5                2384     0.00657898
...               ...            ...
2388               32     0.00995644
2389               20     0.00626174
2390               24     0.00781250
2391               12     0.00394218
2392               18     0.00662739

2026-08-17 18:02:34.259724 : (X__pt11_pre : 11 of 11) Removing Fragments from Filtered Cells, 20.537 mins elapsed.
2026-08-17 18:02:34.263196 : (X__pt11_pre : 11 of 11) Creating Filtered Arrow File, 20.537 mins elapsed.

2026-08-17 18:02:35.722364 : (X__pt11_pre : 11 of 11) .filterCellsFromArrow Fragments-Chr-(1 of 24)-chr1, Class = GRanges
GRanges object with 4785811 ranges and 1 metadata column:
            seqnames              ranges strand |                     RG
               <Rle>           <IRanges>  <Rle> |                  <Rle>
        [1]     chr1       131387-131455      * | X__pt11_pre#CACATGAA..
        [2]     chr1       778006-778061      * | X__pt11_pre#CACATGAA..
        [3]     chr1       789263-789466      * | X__pt11_pre#CACATGAA..
        [4]     chr1       918330-918428      * | X__pt11_pre#CACATGAA..
        [5]     chr1       919807-920020      * | X__pt11_pre#CACATGAA..
        ...      ...                 ...    ... .                    ...
  [4785807]     chr1 231612832-231612941      * | X__pt11_pre#ATCCTCGT..
  [4785808]     chr1 235328537-235328588      * | X__pt11_pre#ATCCTCGT..
  [4785809]     chr1 236282080-236282132      * | X__pt11_pre#ATCCTCGT..
  [4785810]     chr1 244048101-244048127      * | X__pt11_pre#ATCCTCGT..
  [4785811]     chr1 248838155-248838222      * | X__pt11_pre#ATCCTCGT..
  -------
  seqinfo: 1 sequence from an unspecified genome; no seqlengths


2026-08-17 18:02:35.732922 : (X__pt11_pre : 11 of 11) .filterCellsFromArrow Barcodes-Chr-(1 of 24)-chr1, Class = data.frame
(X__pt11_pre : 11 of 11) .filterCellsFromArrow Barcodes-Chr-(1 of 24)-chr1: nRows = 2388, nCols = 1
                              bc
1 X__pt11_pre#CACATGAAGAACGTTA-1
2 X__pt11_pre#ACAGAAAAGCTCGGCT-1
3 X__pt11_pre#CTGCTCAGTTATAGAG-1
4 X__pt11_pre#AAATGAGAGTGCACAG-1
5 X__pt11_pre#ACTATTCCACGCTAAT-1
6 X__pt11_pre#ACTCGGGTCCAGGCCA-1


2026-08-17 18:02:37.024305 : (X__pt5_pre : 8 of 11) Reading TabixFile 83 Percent, 20.583 mins elapsed.
2026-08-17 18:02:41.242234 : (X__pt12pre : 3 of 11) Reading TabixFile 33 Percent, 20.653 mins elapsed.
2026-08-17 18:03:16.47212 : (X__pt1_pre : 6 of 11) Reading TabixFile 50 Percent, 21.24 mins elapsed.
2026-08-17 18:03:16.565666 : (X__pt5_pre : 8 of 11) Reading TabixFile 92 Percent, 21.242 mins elapsed.
2026-08-17 18:03:20.876289 : (X__pt16pre : 9 of 11) Reading TabixFile 75 Percent, 21.314 mins elapsed.
2026-08-17 18:03:25.692992 : (X__pt11_pre : 11 of 11) Finished Constructing Filtered Arrow File!, 21.394 mins elapsed.
2026-08-17 18:03:25.779676 : (X__pt11_pre : 11 of 11) Adding TileMatrix!, 21.396 mins elapsed.

2026-08-17 18:03:27.265038 : X__pt11_pre .addTileMat FeatureDF, Class = DFrame
DataFrame with 5750013 rows and 3 columns
           seqnames       idx     start
        <character> <integer> <numeric>
1              chr1         1         0
2              chr1         2       500
3              chr1         3      1000
4              chr1         4      1500
5              chr1         5      2000
...             ...       ...       ...
5750009       chr22    101633  50816000
5750010       chr22    101634  50816500
5750011       chr22    101635  50817000
5750012       chr22    101636  50817500
5750013       chr22    101637  50818000

2026-08-17 18:03:34.754933 : Adding TileMatrix to X__pt11_pre for Chr (1 of 22)!, 0.149 mins elapsed.

2026-08-17 18:03:36.812674 : NTiles_TileMatrix_1_chr1, Class = numeric

NTiles_TileMatrix_1_chr1: length = 1
  chr1 
497913 



2026-08-17 18:03:36.813929 : NCells_TileMatrix_1_chr1, Class = integer

NCells_TileMatrix_1_chr1: length = 1
[1] 2388



2026-08-17 18:03:36.815363 : MinTile_TileMatrix_1_chr1, Class = numeric

MinTile_TileMatrix_1_chr1: length = 1
[1] 21



2026-08-17 18:03:36.824109 : MaxTile_TileMatrix_1_chr1, Class = numeric

MaxTile_TileMatrix_1_chr1: length = 1
[1] 497893



2026-08-17 18:03:36.851995 : MinCell_TileMatrix_1_chr1, Class = integer

MinCell_TileMatrix_1_chr1: length = 1
[1] 1



2026-08-17 18:03:36.85336 : MaxCell_TileMatrix_1_chr1, Class = integer

MaxCell_TileMatrix_1_chr1: length = 1
[1] 2388


2026-08-17 18:03:37.954314 : (X__pt6_pre : 7 of 11) Reading TabixFile 75 Percent, 21.598 mins elapsed.
2026-08-17 18:03:46.85162 : Adding TileMatrix to X__pt11_pre for Chr (2 of 22)!, 0.351 mins elapsed.

2026-08-17 18:03:47.547888 : NTiles_TileMatrix_2_chr2, Class = numeric

NTiles_TileMatrix_2_chr2: length = 1
  chr2 
484388 



2026-08-17 18:03:47.549291 : NCells_TileMatrix_2_chr2, Class = integer

NCells_TileMatrix_2_chr2: length = 1
[1] 2388



2026-08-17 18:03:47.550288 : MinTile_TileMatrix_2_chr2, Class = numeric

MinTile_TileMatrix_2_chr2: length = 1
[1] 21



2026-08-17 18:03:47.558584 : MaxTile_TileMatrix_2_chr2, Class = numeric

MaxTile_TileMatrix_2_chr2: length = 1
[1] 484367



2026-08-17 18:03:47.585042 : MinCell_TileMatrix_2_chr2, Class = integer

MinCell_TileMatrix_2_chr2: length = 1
[1] 1



2026-08-17 18:03:47.586195 : MaxCell_TileMatrix_2_chr2, Class = integer

MaxCell_TileMatrix_2_chr2: length = 1
[1] 2388


2026-08-17 18:03:55.497101 : Adding TileMatrix to X__pt11_pre for Chr (3 of 22)!, 0.495 mins elapsed.

2026-08-17 18:03:56.100935 : NTiles_TileMatrix_3_chr3, Class = numeric

NTiles_TileMatrix_3_chr3: length = 1
  chr3 
396592 



2026-08-17 18:03:56.102188 : NCells_TileMatrix_3_chr3, Class = integer

NCells_TileMatrix_3_chr3: length = 1
[1] 2388



2026-08-17 18:03:56.103165 : MinTile_TileMatrix_3_chr3, Class = numeric

MinTile_TileMatrix_3_chr3: length = 1
[1] 21



2026-08-17 18:03:56.110046 : MaxTile_TileMatrix_3_chr3, Class = numeric

MaxTile_TileMatrix_3_chr3: length = 1
[1] 396380



2026-08-17 18:03:56.131582 : MinCell_TileMatrix_3_chr3, Class = integer

MinCell_TileMatrix_3_chr3: length = 1
[1] 1



2026-08-17 18:03:56.132646 : MaxCell_TileMatrix_3_chr3, Class = integer

MaxCell_TileMatrix_3_chr3: length = 1
[1] 2388


2026-08-17 18:04:00.761616 : (X__pt5_pre : 8 of 11) Reading TabixFile 100 Percent, 21.979 mins elapsed.
2026-08-17 18:04:02.139597 : (X__pt5_pre : 8 of 11) Successful creation of Temporary File, 22.002 mins elapsed.
2026-08-17 18:04:02.142206 : (X__pt5_pre : 8 of 11) Creating ArrowFile From Temporary File, 22.002 mins elapsed.
2026-08-17 18:04:03.229981 : Adding TileMatrix to X__pt11_pre for Chr (4 of 22)!, 0.624 mins elapsed.

2026-08-17 18:04:04.133142 : NTiles_TileMatrix_4_chr4, Class = numeric

NTiles_TileMatrix_4_chr4: length = 1
  chr4 
380430 



2026-08-17 18:04:04.134386 : NCells_TileMatrix_4_chr4, Class = integer

NCells_TileMatrix_4_chr4: length = 1
[1] 2388



2026-08-17 18:04:04.13537 : MinTile_TileMatrix_4_chr4, Class = numeric

MinTile_TileMatrix_4_chr4: length = 1
[1] 21



2026-08-17 18:04:04.141518 : MaxTile_TileMatrix_4_chr4, Class = numeric

MaxTile_TileMatrix_4_chr4: length = 1
[1] 380408



2026-08-17 18:04:04.159811 : MinCell_TileMatrix_4_chr4, Class = integer

MinCell_TileMatrix_4_chr4: length = 1
[1] 1



2026-08-17 18:04:04.160883 : MaxCell_TileMatrix_4_chr4, Class = integer

MaxCell_TileMatrix_4_chr4: length = 1
[1] 2388



2026-08-17 18:04:04.811661 : (X__pt5_pre : 8 of 11) chunkChrNames, Class = data.frame
(X__pt5_pre : 8 of 11) chunkChrNames: nRows = 118, nCols = 1
     chunkNames
1   chr1#chunk1
2   chr1#chunk2
3   chr1#chunk3
4   chr1#chunk4
5   chr1#chunk5
6 chr10#chunk46


2026-08-17 18:04:04.814456 : (X__pt5_pre : 8 of 11) Counting Unique Barcodes From Temporary File, 22.046 mins elapsed.

2026-08-17 18:04:05.989392 : (X__pt5_pre : 8 of 11) BarcodeFrequencyTable, Class = data.table
 
2026-08-17 18:04:05.989392 : (X__pt5_pre : 8 of 11) BarcodeFrequencyTable, Class = data.frame
(X__pt5_pre : 8 of 11) BarcodeFrequencyTable: nRows = 5952, nCols = 2
            values.V1    V1
               <char> <int>
1: TCACAGATCCGGCTGA-1 32886
2: GAGGTCCAGCTCCGGT-1 29172
3: TAAGCCAGTGAATGGC-1 28197
4: CGGACCACACCTGAAT-1 27976
5: TGCTTCGGTGTCGTCG-1 26986
6: ATCGAGTTCAACTTGG-1 25346



2026-08-17 18:04:06.022071 : (X__pt5_pre : 8 of 11) BarcodesMinMaxFrags, Class = data.frame
(X__pt5_pre : 8 of 11) BarcodesMinMaxFrags: nRows = 5952, nCols = 1
                  bc
1 TCACAGATCCGGCTGA-1
2 GAGGTCCAGCTCCGGT-1
3 TAAGCCAGTGAATGGC-1
4 CGGACCACACCTGAAT-1
5 TGCTTCGGTGTCGTCG-1
6 ATCGAGTTCAACTTGG-1



2026-08-17 18:04:07.351063 : (X__pt5_pre : 8 of 11) Unique Chromosomes, Class = data.frame
(X__pt5_pre : 8 of 11) Unique Chromosomes: nRows = 24, nCols = 1
   chr
1 chr1
2 chr2
3 chr3
4 chr4
5 chr5
6 chr6


2026-08-17 18:04:07.352906 : (X__pt5_pre : 8 of 11) Adding Chromosome 1 of 24, 22.088 mins elapsed.
2026-08-17 18:04:10.729491 : Adding TileMatrix to X__pt11_pre for Chr (5 of 22)!, 0.749 mins elapsed.

2026-08-17 18:04:10.931131 : (X__pt5_pre : 8 of 11) .tmpToArrow Fragments-Chr-(1 of 24)-chr1, Class = IRanges

(X__pt5_pre : 8 of 11) .tmpToArrow Fragments-Chr-(1 of 24)-chr1: length = 5564598
IRanges object with 6 ranges and 1 metadata column:
          start       end     width |                 RG
      <integer> <integer> <integer> |              <Rle>
  [1]    634012    634039        28 | TCACAGATCCGGCTGA-1
  [2]    778868    778901        34 | TCACAGATCCGGCTGA-1
  [3]    867868    868236       369 | TCACAGATCCGGCTGA-1
  [4]    869974    870127       154 | TCACAGATCCGGCTGA-1
  [5]    900990    901166       177 | TCACAGATCCGGCTGA-1
  [6]    901416    901440        25 | TCACAGATCCGGCTGA-1



2026-08-17 18:04:10.938796 : (X__pt5_pre : 8 of 11) .tmpToArrow Barcodes-Chr-(1 of 24)-chr1, Class = data.frame
(X__pt5_pre : 8 of 11) .tmpToArrow Barcodes-Chr-(1 of 24)-chr1: nRows = 5952, nCols = 1
                  bc
1 TCACAGATCCGGCTGA-1
2 GAGGTCCAGCTCCGGT-1
3 TAAGCCAGTGAATGGC-1
4 CGGACCACACCTGAAT-1
5 TGCTTCGGTGTCGTCG-1
6 ATCGAGTTCAACTTGG-1



2026-08-17 18:04:11.337516 : NTiles_TileMatrix_5_chr5, Class = numeric

NTiles_TileMatrix_5_chr5: length = 1
  chr5 
363077 



2026-08-17 18:04:11.338775 : NCells_TileMatrix_5_chr5, Class = integer

NCells_TileMatrix_5_chr5: length = 1
[1] 2388



2026-08-17 18:04:11.339752 : MinTile_TileMatrix_5_chr5, Class = numeric

MinTile_TileMatrix_5_chr5: length = 1
[1] 24



2026-08-17 18:04:11.345984 : MaxTile_TileMatrix_5_chr5, Class = numeric

MaxTile_TileMatrix_5_chr5: length = 1
[1] 362956



2026-08-17 18:04:11.364746 : MinCell_TileMatrix_5_chr5, Class = integer

MinCell_TileMatrix_5_chr5: length = 1
[1] 1



2026-08-17 18:04:11.365769 : MaxCell_TileMatrix_5_chr5, Class = integer

MaxCell_TileMatrix_5_chr5: length = 1
[1] 2388


2026-08-17 18:04:12.404179 : (X__pt5_pre : 8 of 11) Adding Chromosome 2 of 24, 22.173 mins elapsed.
2026-08-17 18:04:16.745405 : (X__pt5_pre : 8 of 11) Adding Chromosome 3 of 24, 22.245 mins elapsed.
2026-08-17 18:04:17.992844 : Adding TileMatrix to X__pt11_pre for Chr (6 of 22)!, 0.87 mins elapsed.
2026-08-17 18:04:18.304684 : (X__pt9_pre : 10 of 11) Computed TSS Scores!, 1.875 mins elapsed.
2026-08-17 18:04:18.315623 : (X__pt9_pre : 10 of 11) CellStats : Number of Cells Pass Filter = 2526 , 22.271 mins elapsed.
2026-08-17 18:04:18.318663 : (X__pt9_pre : 10 of 11) CellStats : Median Frags = 10638 , 22.271 mins elapsed.
2026-08-17 18:04:18.321171 : (X__pt9_pre : 10 of 11) CellStats : Median TSS Enrichment = 4.0655 , 22.271 mins elapsed.
2026-08-17 18:04:18.321658 : (X__pt9_pre : 10 of 11) Plotting TSS Enrichment Scores, 22.271 mins elapsed.

2026-08-17 18:04:18.646834 : NTiles_TileMatrix_6_chr6, Class = numeric

NTiles_TileMatrix_6_chr6: length = 1
  chr6 
341612 



2026-08-17 18:04:18.648117 : NCells_TileMatrix_6_chr6, Class = integer

NCells_TileMatrix_6_chr6: length = 1
[1] 2388



2026-08-17 18:04:18.6491 : MinTile_TileMatrix_6_chr6, Class = numeric

MinTile_TileMatrix_6_chr6: length = 1
[1] 143



2026-08-17 18:04:18.655445 : MaxTile_TileMatrix_6_chr6, Class = numeric

MaxTile_TileMatrix_6_chr6: length = 1
[1] 341485



2026-08-17 18:04:18.674963 : MinCell_TileMatrix_6_chr6, Class = integer

MinCell_TileMatrix_6_chr6: length = 1
[1] 1



2026-08-17 18:04:18.676062 : MaxCell_TileMatrix_6_chr6, Class = integer

MaxCell_TileMatrix_6_chr6: length = 1
[1] 2388


2026-08-17 18:04:19.355081 : (X__pt9_pre : 10 of 11) Adding Metadata to Fragments, 22.288 mins elapsed.
2026-08-17 18:04:20.6609 : (X__pt5_pre : 8 of 11) Adding Chromosome 4 of 24, 22.31 mins elapsed.
2026-08-17 18:04:20.765405 : (X__pt9_pre : 10 of 11) Adding Additional Feature Counts!, 22.312 mins elapsed.
2026-08-17 18:04:23.891766 : (X__pt5_pre : 8 of 11) Adding Chromosome 5 of 24, 22.364 mins elapsed.
2026-08-17 18:04:25.239156 : Adding TileMatrix to X__pt11_pre for Chr (7 of 22)!, 0.991 mins elapsed.

2026-08-17 18:04:25.712901 : NTiles_TileMatrix_7_chr7, Class = numeric

NTiles_TileMatrix_7_chr7: length = 1
  chr7 
318692 



2026-08-17 18:04:25.714123 : NCells_TileMatrix_7_chr7, Class = integer

NCells_TileMatrix_7_chr7: length = 1
[1] 2388



2026-08-17 18:04:25.715101 : MinTile_TileMatrix_7_chr7, Class = numeric

MinTile_TileMatrix_7_chr7: length = 1
[1] 21



2026-08-17 18:04:25.720891 : MaxTile_TileMatrix_7_chr7, Class = numeric

MaxTile_TileMatrix_7_chr7: length = 1
[1] 318672



2026-08-17 18:04:25.740551 : MinCell_TileMatrix_7_chr7, Class = integer

MinCell_TileMatrix_7_chr7: length = 1
[1] 1



2026-08-17 18:04:25.741621 : MaxCell_TileMatrix_7_chr7, Class = integer

MaxCell_TileMatrix_7_chr7: length = 1
[1] 2388


2026-08-17 18:04:27.287053 : (X__pt5_pre : 8 of 11) Adding Chromosome 6 of 24, 22.421 mins elapsed.
2026-08-17 18:04:30.821116 : (X__pt5_pre : 8 of 11) Adding Chromosome 7 of 24, 22.48 mins elapsed.
2026-08-17 18:04:32.110563 : Adding TileMatrix to X__pt11_pre for Chr (8 of 22)!, 1.105 mins elapsed.

2026-08-17 18:04:32.518282 : NTiles_TileMatrix_8_chr8, Class = numeric

NTiles_TileMatrix_8_chr8: length = 1
  chr8 
290278 



2026-08-17 18:04:32.519536 : NCells_TileMatrix_8_chr8, Class = integer

NCells_TileMatrix_8_chr8: length = 1
[1] 2388



2026-08-17 18:04:32.520528 : MinTile_TileMatrix_8_chr8, Class = numeric

MinTile_TileMatrix_8_chr8: length = 1
[1] 124



2026-08-17 18:04:32.525826 : MaxTile_TileMatrix_8_chr8, Class = numeric

MaxTile_TileMatrix_8_chr8: length = 1
[1] 290157



2026-08-17 18:04:32.543202 : MinCell_TileMatrix_8_chr8, Class = integer

MinCell_TileMatrix_8_chr8: length = 1
[1] 1



2026-08-17 18:04:32.54428 : MaxCell_TileMatrix_8_chr8, Class = integer

MaxCell_TileMatrix_8_chr8: length = 1
[1] 2388


2026-08-17 18:04:32.707841 : (X__pt16pre : 9 of 11) Reading TabixFile 83 Percent, 22.511 mins elapsed.
2026-08-17 18:04:34.185076 : (X__pt5_pre : 8 of 11) Adding Chromosome 8 of 24, 22.536 mins elapsed.
2026-08-17 18:04:37.24623 : (X__pt5_pre : 8 of 11) Adding Chromosome 9 of 24, 22.587 mins elapsed.
2026-08-17 18:04:38.636389 : Adding TileMatrix to X__pt11_pre for Chr (9 of 22)!, 1.214 mins elapsed.

2026-08-17 18:04:38.982211 : NTiles_TileMatrix_9_chr9, Class = numeric

NTiles_TileMatrix_9_chr9: length = 1
  chr9 
276790 



2026-08-17 18:04:38.983474 : NCells_TileMatrix_9_chr9, Class = integer

NCells_TileMatrix_9_chr9: length = 1
[1] 2388



2026-08-17 18:04:38.984465 : MinTile_TileMatrix_9_chr9, Class = numeric

MinTile_TileMatrix_9_chr9: length = 1
[1] 21



2026-08-17 18:04:38.989266 : MaxTile_TileMatrix_9_chr9, Class = numeric

MaxTile_TileMatrix_9_chr9: length = 1
[1] 276563



2026-08-17 18:04:39.003159 : MinCell_TileMatrix_9_chr9, Class = integer

MinCell_TileMatrix_9_chr9: length = 1
[1] 1



2026-08-17 18:04:39.004255 : MaxCell_TileMatrix_9_chr9, Class = integer

MaxCell_TileMatrix_9_chr9: length = 1
[1] 2388


2026-08-17 18:04:40.197625 : (X__pt5_pre : 8 of 11) Adding Chromosome 10 of 24, 22.636 mins elapsed.
2026-08-17 18:04:43.334109 : (X__pt5_pre : 8 of 11) Adding Chromosome 11 of 24, 22.688 mins elapsed.
2026-08-17 18:04:44.879164 : Adding TileMatrix to X__pt11_pre for Chr (10 of 22)!, 1.318 mins elapsed.

2026-08-17 18:04:45.264666 : NTiles_TileMatrix_10_chr10, Class = numeric

NTiles_TileMatrix_10_chr10: length = 1
 chr10 
267595 



2026-08-17 18:04:45.266085 : NCells_TileMatrix_10_chr10, Class = integer

NCells_TileMatrix_10_chr10: length = 1
[1] 2388



2026-08-17 18:04:45.267065 : MinTile_TileMatrix_10_chr10, Class = numeric

MinTile_TileMatrix_10_chr10: length = 1
[1] 21



2026-08-17 18:04:45.27217 : MaxTile_TileMatrix_10_chr10, Class = numeric

MaxTile_TileMatrix_10_chr10: length = 1
[1] 267575



2026-08-17 18:04:45.287791 : MinCell_TileMatrix_10_chr10, Class = integer

MinCell_TileMatrix_10_chr10: length = 1
[1] 1



2026-08-17 18:04:45.288881 : MaxCell_TileMatrix_10_chr10, Class = integer

MaxCell_TileMatrix_10_chr10: length = 1
[1] 2388


2026-08-17 18:04:47.695841 : (X__pt5_pre : 8 of 11) Adding Chromosome 12 of 24, 22.761 mins elapsed.
2026-08-17 18:04:51.000579 : (X__pt5_pre : 8 of 11) Adding Chromosome 13 of 24, 22.816 mins elapsed.
2026-08-17 18:04:51.360276 : Adding TileMatrix to X__pt11_pre for Chr (11 of 22)!, 1.426 mins elapsed.

2026-08-17 18:04:51.835476 : NTiles_TileMatrix_11_chr11, Class = numeric

NTiles_TileMatrix_11_chr11: length = 1
 chr11 
270174 



2026-08-17 18:04:51.836765 : NCells_TileMatrix_11_chr11, Class = integer

NCells_TileMatrix_11_chr11: length = 1
[1] 2388



2026-08-17 18:04:51.837797 : MinTile_TileMatrix_11_chr11, Class = numeric

MinTile_TileMatrix_11_chr11: length = 1
[1] 208



2026-08-17 18:04:51.843436 : MaxTile_TileMatrix_11_chr11, Class = numeric

MaxTile_TileMatrix_11_chr11: length = 1
[1] 270154



2026-08-17 18:04:51.860381 : MinCell_TileMatrix_11_chr11, Class = integer

MinCell_TileMatrix_11_chr11: length = 1
[1] 1



2026-08-17 18:04:51.861526 : MaxCell_TileMatrix_11_chr11, Class = integer

MaxCell_TileMatrix_11_chr11: length = 1
[1] 2388


2026-08-17 18:04:53.33466 : (X__pt5_pre : 8 of 11) Adding Chromosome 14 of 24, 22.855 mins elapsed.
2026-08-17 18:04:54.603027 : (X__pt1_pre : 6 of 11) Reading TabixFile 58 Percent, 22.876 mins elapsed.
2026-08-17 18:04:56.007624 : (X__pt5_pre : 8 of 11) Adding Chromosome 15 of 24, 22.899 mins elapsed.
2026-08-17 18:04:57.098834 : (X__pt6_pre : 7 of 11) Reading TabixFile 83 Percent, 22.917 mins elapsed.
2026-08-17 18:04:58.17784 : Adding TileMatrix to X__pt11_pre for Chr (12 of 22)!, 1.54 mins elapsed.
2026-08-17 18:04:58.576537 : (X__pt5_pre : 8 of 11) Adding Chromosome 16 of 24, 22.942 mins elapsed.

2026-08-17 18:04:58.682631 : NTiles_TileMatrix_12_chr12, Class = numeric

NTiles_TileMatrix_12_chr12: length = 1
 chr12 
266551 



2026-08-17 18:04:58.683845 : NCells_TileMatrix_12_chr12, Class = integer

NCells_TileMatrix_12_chr12: length = 1
[1] 2388



2026-08-17 18:04:58.684814 : MinTile_TileMatrix_12_chr12, Class = numeric

MinTile_TileMatrix_12_chr12: length = 1
[1] 21



2026-08-17 18:04:58.690538 : MaxTile_TileMatrix_12_chr12, Class = numeric

MaxTile_TileMatrix_12_chr12: length = 1
[1] 266530



2026-08-17 18:04:58.706932 : MinCell_TileMatrix_12_chr12, Class = integer

MinCell_TileMatrix_12_chr12: length = 1
[1] 1



2026-08-17 18:04:58.70801 : MaxCell_TileMatrix_12_chr12, Class = integer

MaxCell_TileMatrix_12_chr12: length = 1
[1] 2388


2026-08-17 18:05:01.373377 : (X__pt5_pre : 8 of 11) Adding Chromosome 17 of 24, 22.989 mins elapsed.
2026-08-17 18:05:04.754708 : (X__pt5_pre : 8 of 11) Adding Chromosome 18 of 24, 23.045 mins elapsed.
2026-08-17 18:05:04.974931 : Adding TileMatrix to X__pt11_pre for Chr (13 of 22)!, 1.653 mins elapsed.

2026-08-17 18:05:05.384058 : NTiles_TileMatrix_13_chr13, Class = numeric

NTiles_TileMatrix_13_chr13: length = 1
 chr13 
228729 



2026-08-17 18:05:05.385325 : NCells_TileMatrix_13_chr13, Class = integer

NCells_TileMatrix_13_chr13: length = 1
[1] 2388



2026-08-17 18:05:05.386323 : MinTile_TileMatrix_13_chr13, Class = numeric

MinTile_TileMatrix_13_chr13: length = 1
[1] 35309



2026-08-17 18:05:05.389948 : MaxTile_TileMatrix_13_chr13, Class = numeric

MaxTile_TileMatrix_13_chr13: length = 1
[1] 228709



2026-08-17 18:05:05.400032 : MinCell_TileMatrix_13_chr13, Class = integer

MinCell_TileMatrix_13_chr13: length = 1
[1] 1



2026-08-17 18:05:05.401021 : MaxCell_TileMatrix_13_chr13, Class = integer

MaxCell_TileMatrix_13_chr13: length = 1
[1] 2388


2026-08-17 18:05:07.075439 : (X__pt5_pre : 8 of 11) Adding Chromosome 19 of 24, 23.084 mins elapsed.
2026-08-17 18:05:10.270735 : (X__pt5_pre : 8 of 11) Adding Chromosome 20 of 24, 23.137 mins elapsed.
2026-08-17 18:05:10.731902 : Adding TileMatrix to X__pt11_pre for Chr (14 of 22)!, 1.749 mins elapsed.

2026-08-17 18:05:10.999262 : NTiles_TileMatrix_14_chr14, Class = numeric

NTiles_TileMatrix_14_chr14: length = 1
 chr14 
214088 



2026-08-17 18:05:11.000526 : NCells_TileMatrix_14_chr14, Class = integer

NCells_TileMatrix_14_chr14: length = 1
[1] 2388



2026-08-17 18:05:11.001503 : MinTile_TileMatrix_14_chr14, Class = numeric

MinTile_TileMatrix_14_chr14: length = 1
[1] 32046



2026-08-17 18:05:11.005572 : MaxTile_TileMatrix_14_chr14, Class = numeric

MaxTile_TileMatrix_14_chr14: length = 1
[1] 213768



2026-08-17 18:05:11.017458 : MinCell_TileMatrix_14_chr14, Class = integer

MinCell_TileMatrix_14_chr14: length = 1
[1] 1



2026-08-17 18:05:11.018558 : MaxCell_TileMatrix_14_chr14, Class = integer

MaxCell_TileMatrix_14_chr14: length = 1
[1] 2388


2026-08-17 18:05:11.788147 : (X__pt14pre : 4 of 11) Reading TabixFile 50 Percent, 23.162 mins elapsed.
2026-08-17 18:05:12.77051 : (X__pt5_pre : 8 of 11) Adding Chromosome 21 of 24, 23.179 mins elapsed.
2026-08-17 18:05:13.141145 : (X__pt17pre : 5 of 11) Reading TabixFile 50 Percent, 23.185 mins elapsed.
2026-08-17 18:05:13.269921 : (X__pt16pre : 9 of 11) Reading TabixFile 92 Percent, 23.187 mins elapsed.
2026-08-17 18:05:15.01203 : (X__pt5_pre : 8 of 11) Adding Chromosome 22 of 24, 23.216 mins elapsed.
2026-08-17 18:05:16.71428 : Adding TileMatrix to X__pt11_pre for Chr (15 of 22)!, 1.849 mins elapsed.

2026-08-17 18:05:17.0059 : NTiles_TileMatrix_15_chr15, Class = numeric

NTiles_TileMatrix_15_chr15: length = 1
 chr15 
203983 



2026-08-17 18:05:17.00722 : NCells_TileMatrix_15_chr15, Class = integer

NCells_TileMatrix_15_chr15: length = 1
[1] 2388



2026-08-17 18:05:17.008267 : MinTile_TileMatrix_15_chr15, Class = numeric

MinTile_TileMatrix_15_chr15: length = 1
[1] 34020



2026-08-17 18:05:17.01207 : MaxTile_TileMatrix_15_chr15, Class = numeric

MaxTile_TileMatrix_15_chr15: length = 1
[1] 203963



2026-08-17 18:05:17.022549 : MinCell_TileMatrix_15_chr15, Class = integer

MinCell_TileMatrix_15_chr15: length = 1
[1] 1



2026-08-17 18:05:17.023629 : MaxCell_TileMatrix_15_chr15, Class = integer

MaxCell_TileMatrix_15_chr15: length = 1
[1] 2388


2026-08-17 18:05:17.212904 : (X__pt5_pre : 8 of 11) Adding Chromosome 23 of 24, 23.253 mins elapsed.
2026-08-17 18:05:19.667691 : (X__pt5_pre : 8 of 11) Adding Chromosome 24 of 24, 23.294 mins elapsed.
2026-08-17 18:05:21.26252 : (X__pt5_pre : 8 of 11) Successful creation of Arrow File, 23.32 mins elapsed.
2026-08-17 18:05:22.341755 : Adding TileMatrix to X__pt11_pre for Chr (16 of 22)!, 1.942 mins elapsed.
2026-08-17 18:05:22.528527 : (X__pt5_pre : 8 of 11) Adding Fragment Summary, 23.341 mins elapsed.

2026-08-17 18:05:22.658969 : NTiles_TileMatrix_16_chr16, Class = numeric

NTiles_TileMatrix_16_chr16: length = 1
 chr16 
180677 



2026-08-17 18:05:22.660252 : NCells_TileMatrix_16_chr16, Class = integer

NCells_TileMatrix_16_chr16: length = 1
[1] 2388



2026-08-17 18:05:22.66127 : MinTile_TileMatrix_16_chr16, Class = numeric

MinTile_TileMatrix_16_chr16: length = 1
[1] 21



2026-08-17 18:05:22.665549 : MaxTile_TileMatrix_16_chr16, Class = numeric

MaxTile_TileMatrix_16_chr16: length = 1
[1] 180450



2026-08-17 18:05:22.677571 : MinCell_TileMatrix_16_chr16, Class = integer

MinCell_TileMatrix_16_chr16: length = 1
[1] 1



2026-08-17 18:05:22.678629 : MaxCell_TileMatrix_16_chr16, Class = integer

MaxCell_TileMatrix_16_chr16: length = 1
[1] 2388


2026-08-17 18:05:28.097094 : Adding TileMatrix to X__pt11_pre for Chr (17 of 22)!, 2.038 mins elapsed.

2026-08-17 18:05:28.422748 : NTiles_TileMatrix_17_chr17, Class = numeric

NTiles_TileMatrix_17_chr17: length = 1
 chr17 
166515 



2026-08-17 18:05:28.423991 : NCells_TileMatrix_17_chr17, Class = integer

NCells_TileMatrix_17_chr17: length = 1
[1] 2388



2026-08-17 18:05:28.424974 : MinTile_TileMatrix_17_chr17, Class = numeric

MinTile_TileMatrix_17_chr17: length = 1
[1] 138



2026-08-17 18:05:28.429558 : MaxTile_TileMatrix_17_chr17, Class = numeric

MaxTile_TileMatrix_17_chr17: length = 1
[1] 166495



2026-08-17 18:05:28.442909 : MinCell_TileMatrix_17_chr17, Class = integer

MinCell_TileMatrix_17_chr17: length = 1
[1] 1



2026-08-17 18:05:28.443946 : MaxCell_TileMatrix_17_chr17, Class = integer

MaxCell_TileMatrix_17_chr17: length = 1
[1] 2388


2026-08-17 18:05:31.477995 : (X__pt5_pre : 8 of 11) Plotting Fragment Size Distribution, 23.491 mins elapsed.
2026-08-17 18:05:33.104101 : (X__pt5_pre : 8 of 11) Computing TSS Enrichment Scores, 23.518 mins elapsed.
2026-08-17 18:05:34.224248 : Adding TileMatrix to X__pt11_pre for Chr (18 of 22)!, 2.14 mins elapsed.

2026-08-17 18:05:34.462017 : NTiles_TileMatrix_18_chr18, Class = numeric

NTiles_TileMatrix_18_chr18: length = 1
 chr18 
160747 



2026-08-17 18:05:34.463282 : NCells_TileMatrix_18_chr18, Class = integer

NCells_TileMatrix_18_chr18: length = 1
[1] 2388



2026-08-17 18:05:34.464282 : MinTile_TileMatrix_18_chr18, Class = numeric

MinTile_TileMatrix_18_chr18: length = 1
[1] 21



2026-08-17 18:05:34.467424 : MaxTile_TileMatrix_18_chr18, Class = numeric

MaxTile_TileMatrix_18_chr18: length = 1
[1] 160527



2026-08-17 18:05:34.475565 : MinCell_TileMatrix_18_chr18, Class = integer

MinCell_TileMatrix_18_chr18: length = 1
[1] 1



2026-08-17 18:05:34.47658 : MaxCell_TileMatrix_18_chr18, Class = integer

MaxCell_TileMatrix_18_chr18: length = 1
[1] 2388


2026-08-17 18:05:37.902179 : (X__pt6_pre : 7 of 11) Reading TabixFile 92 Percent, 23.598 mins elapsed.
2026-08-17 18:05:39.584095 : Adding TileMatrix to X__pt11_pre for Chr (19 of 22)!, 2.23 mins elapsed.

2026-08-17 18:05:39.848947 : NTiles_TileMatrix_19_chr19, Class = numeric

NTiles_TileMatrix_19_chr19: length = 1
 chr19 
117236 



2026-08-17 18:05:39.850229 : NCells_TileMatrix_19_chr19, Class = integer

NCells_TileMatrix_19_chr19: length = 1
[1] 2388



2026-08-17 18:05:39.851232 : MinTile_TileMatrix_19_chr19, Class = numeric

MinTile_TileMatrix_19_chr19: length = 1
[1] 162



2026-08-17 18:05:39.855956 : MaxTile_TileMatrix_19_chr19, Class = numeric

MaxTile_TileMatrix_19_chr19: length = 1
[1] 117216



2026-08-17 18:05:39.869932 : MinCell_TileMatrix_19_chr19, Class = integer

MinCell_TileMatrix_19_chr19: length = 1
[1] 1



2026-08-17 18:05:39.871037 : MaxCell_TileMatrix_19_chr19, Class = integer

MaxCell_TileMatrix_19_chr19: length = 1
[1] 2388


2026-08-17 18:05:45.534671 : Adding TileMatrix to X__pt11_pre for Chr (20 of 22)!, 2.329 mins elapsed.

2026-08-17 18:05:45.839025 : NTiles_TileMatrix_20_chr20, Class = numeric

NTiles_TileMatrix_20_chr20: length = 1
 chr20 
128889 



2026-08-17 18:05:45.840327 : NCells_TileMatrix_20_chr20, Class = integer

NCells_TileMatrix_20_chr20: length = 1
[1] 2388



2026-08-17 18:05:45.841367 : MinTile_TileMatrix_20_chr20, Class = numeric

MinTile_TileMatrix_20_chr20: length = 1
[1] 121



2026-08-17 18:05:45.844682 : MaxTile_TileMatrix_20_chr20, Class = numeric

MaxTile_TileMatrix_20_chr20: length = 1
[1] 128668



2026-08-17 18:05:45.853624 : MinCell_TileMatrix_20_chr20, Class = integer

MinCell_TileMatrix_20_chr20: length = 1
[1] 1



2026-08-17 18:05:45.854677 : MaxCell_TileMatrix_20_chr20, Class = integer

MaxCell_TileMatrix_20_chr20: length = 1
[1] 2388


2026-08-17 18:05:50.884627 : Adding TileMatrix to X__pt11_pre for Chr (21 of 22)!, 2.418 mins elapsed.

2026-08-17 18:05:50.989826 : NTiles_TileMatrix_21_chr21, Class = numeric

NTiles_TileMatrix_21_chr21: length = 1
chr21 
93420 



2026-08-17 18:05:50.991076 : NCells_TileMatrix_21_chr21, Class = integer

NCells_TileMatrix_21_chr21: length = 1
[1] 2388



2026-08-17 18:05:50.992069 : MinTile_TileMatrix_21_chr21, Class = numeric

MinTile_TileMatrix_21_chr21: length = 1
[1] 10067



2026-08-17 18:05:50.994242 : MaxTile_TileMatrix_21_chr21, Class = numeric

MaxTile_TileMatrix_21_chr21: length = 1
[1] 93396



2026-08-17 18:05:50.998971 : MinCell_TileMatrix_21_chr21, Class = integer

MinCell_TileMatrix_21_chr21: length = 1
[1] 1



2026-08-17 18:05:50.999962 : MaxCell_TileMatrix_21_chr21, Class = integer

MaxCell_TileMatrix_21_chr21: length = 1
[1] 2388


2026-08-17 18:05:55.67454 : Adding TileMatrix to X__pt11_pre for Chr (22 of 22)!, 2.498 mins elapsed.

2026-08-17 18:05:55.892937 : NTiles_TileMatrix_22_chr22, Class = numeric

NTiles_TileMatrix_22_chr22: length = 1
 chr22 
101637 



2026-08-17 18:05:55.894264 : NCells_TileMatrix_22_chr22, Class = integer

NCells_TileMatrix_22_chr22: length = 1
[1] 2388



2026-08-17 18:05:55.895289 : MinTile_TileMatrix_22_chr22, Class = numeric

MinTile_TileMatrix_22_chr22: length = 1
[1] 21046



2026-08-17 18:05:55.898053 : MaxTile_TileMatrix_22_chr22, Class = numeric

MaxTile_TileMatrix_22_chr22: length = 1
[1] 101617



2026-08-17 18:05:55.90467 : MinCell_TileMatrix_22_chr22, Class = integer

MinCell_TileMatrix_22_chr22: length = 1
[1] 1



2026-08-17 18:05:55.905703 : MaxCell_TileMatrix_22_chr22, Class = integer

MaxCell_TileMatrix_22_chr22: length = 1
[1] 2388


2026-08-17 18:05:59.93826 : (X__pt16pre : 9 of 11) Reading TabixFile 100 Percent, 23.965 mins elapsed.
2026-08-17 18:06:01.428913 : (X__pt16pre : 9 of 11) Successful creation of Temporary File, 23.99 mins elapsed.
2026-08-17 18:06:01.431555 : (X__pt16pre : 9 of 11) Creating ArrowFile From Temporary File, 23.99 mins elapsed.
2026-08-17 18:06:02.05279 : (X__pt11_pre : 11 of 11) Finished Adding TileMatrix!, 24 mins elapsed.
2026-08-17 18:06:02.05416 : (X__pt11_pre : 11 of 11) Adding GeneScoreMatrix!, 24 mins elapsed.


2026-08-17 18:06:02.228465 : X__pt11_pre .addGeneScoreMat geneRegions, Class = GRanges
GRanges object with 31344 ranges and 5 metadata columns:
          seqnames            ranges strand |     gene_id       symbol
             <Rle>         <IRanges>  <Rle> | <character>  <character>
      [1]     chr1        6869-14409      + |   100287102      DDX11L1
      [2]     chr1       14404-34570      - |      653635       WASH7P
      [3]     chr1       17369-22436      - |   102466751    MIR6859-1
      [4]     chr1       24554-31109      + |   107985730  MIR1302-2HG
      [5]     chr1       25366-30503      + |   100302278    MIR1302-2
      ...      ...               ...    ... .         ...          ...
  [31340]    chr22 50667714-50733212      + |       85358       SHANK3
  [31341]    chr22 50733196-50745339      + |          49          ACR
  [31342]    chr22 50735825-50743139      - |   105373100 LOC105373100
  [31343]    chr22 50751948-50801309      + |      284942    RPL23AP82
  [31344]    chr22 50767501-50788667      - |       11158       RABL2B
          geneStart   geneEnd geneWeight
          <integer> <integer>  <numeric>
      [1]     11869     14409    3.67937
      [2]     29570     14404    2.00189
      [3]     17436     17369    4.98680
      [4]     29554     31109    4.08192
      [5]     30366     30503    4.93248
      ...       ...       ...        ...
  [31340]  50672714  50733212    1.30848
  [31341]  50738196  50745339    2.66379
  [31342]  50738139  50735825    3.76215
  [31343]  50756948  50801309    1.40932
  [31344]  50783667  50767501    1.95456
  -------
  seqinfo: 22 sequences from hg38 genome

2026-08-17 18:06:02.376246 : Creating Temp GeneScoreMatrix for X__pt11_pre, Chr (1 of 22)!, 0 mins elapsed.
2026-08-17 18:06:02.430912 : (X__pt12pre : 3 of 11) Reading TabixFile 42 Percent, 24.006 mins elapsed.

2026-08-17 18:06:03.677157 : (X__pt16pre : 9 of 11) chunkChrNames, Class = data.frame
(X__pt16pre : 9 of 11) chunkChrNames: nRows = 118, nCols = 1
     chunkNames
1   chr1#chunk1
2   chr1#chunk2
3   chr1#chunk3
4   chr1#chunk4
5   chr1#chunk5
6 chr10#chunk46


2026-08-17 18:06:03.680158 : (X__pt16pre : 9 of 11) Counting Unique Barcodes From Temporary File, 24.027 mins elapsed.

2026-08-17 18:06:06.686381 : (X__pt16pre : 9 of 11) BarcodeFrequencyTable, Class = data.table
 
2026-08-17 18:06:06.686381 : (X__pt16pre : 9 of 11) BarcodeFrequencyTable, Class = data.frame
(X__pt16pre : 9 of 11) BarcodeFrequencyTable: nRows = 13792, nCols = 2
            values.V1     V1
               <char>  <int>
1: GCCTAGGTCTGGCCAG-1 142965
2: AGATTCGTCGGAAAGC-1 138924
3: CGCGCAACAGGCTACC-1 136291
4: CCACGTTGTCTCGGGT-1 134664
5: TTGAGCAGTAGGTAAT-1 133415
6: TATTGCTGTTCCGCGA-1 126257



2026-08-17 18:06:06.704113 : (X__pt16pre : 9 of 11) BarcodesMinMaxFrags, Class = data.frame
(X__pt16pre : 9 of 11) BarcodesMinMaxFrags: nRows = 13778, nCols = 1
                  bc
1 GCCTAGGTCTGGCCAG-1
2 AGATTCGTCGGAAAGC-1
3 CGCGCAACAGGCTACC-1
4 CCACGTTGTCTCGGGT-1
5 TTGAGCAGTAGGTAAT-1
6 TATTGCTGTTCCGCGA-1



2026-08-17 18:06:08.170529 : (X__pt16pre : 9 of 11) Unique Chromosomes, Class = data.frame
(X__pt16pre : 9 of 11) Unique Chromosomes: nRows = 24, nCols = 1
   chr
1 chr1
2 chr2
3 chr3
4 chr4
5 chr5
6 chr6


2026-08-17 18:06:08.172406 : (X__pt16pre : 9 of 11) Adding Chromosome 1 of 24, 24.102 mins elapsed.
2026-08-17 18:06:08.44029 : (X__pt9_pre : 10 of 11) Finished Adding Additional Feature Counts!, 24.107 mins elapsed.

2026-08-17 18:06:08.440862 : (X__pt9_pre : 10 of 11) Metadata, Class = DFrame
DataFrame with 2526 rows and 12 columns
                  cellNames    nFrags nMonoFrags  nDiFrags nMultiFrags
                <character> <numeric>  <numeric> <numeric>   <numeric>
1    X__pt9_pre#CGCTGGACA..    488514     230510    231524       26480
2    X__pt9_pre#GGAGAACAG..    327498     213976    101989       11533
3    X__pt9_pre#GCACGGTGT..    285153     174768     97435       12950
4    X__pt9_pre#TGTGGCGAG..    269929     175461     84272       10196
5    X__pt9_pre#GGGTCTGTC..    224539     143824     72496        8219
...                     ...       ...        ...       ...         ...
2522 X__pt9_pre#GGAATCTTC..      4168       2203      1851         114
2523 X__pt9_pre#TGGGTGCCA..      4153       2386      1647         120
2524 X__pt9_pre#TACCTCGAG..      4083       2411      1574          98
2525 X__pt9_pre#GCGCCAACA..      3989       2261      1618         110
2526 X__pt9_pre#TCACCACTC..      3904       2230      1544         130
     TSSEnrichment ReadsInTSS      Keep ReadsInPromoter PromoterRatio
         <numeric>  <numeric> <numeric>       <numeric>     <numeric>
1            1.852      18189         1           35752     0.0365926
2            1.576       8910         1           19754     0.0301590
3            3.024      19320         1           31372     0.0550091
4            1.660       7767         1           16654     0.0308489
5            2.502      12880         1           21532     0.0479471
...            ...        ...       ...             ...           ...
2522         3.539        336         1             462     0.0554223
2523         5.080        431         1             516     0.0621238
2524         3.665        459         1             569     0.0696792
2525         5.650        408         1             493     0.0617949
2526         4.362        467         1             588     0.0753074
     ReadsInBlacklist BlacklistRatio
            <numeric>      <numeric>
1                6547     0.00670093
2                5392     0.00823211
3                5285     0.00926695
4                4565     0.00845593
5                3456     0.00769577
...               ...            ...
2522              106     0.01271593
2523               84     0.01011317
2524               72     0.00881705
2525               90     0.01128102
2526               70     0.00896516

2026-08-17 18:06:08.502375 : (X__pt9_pre : 10 of 11) Removing Fragments from Filtered Cells, 24.108 mins elapsed.
2026-08-17 18:06:08.505624 : (X__pt9_pre : 10 of 11) Creating Filtered Arrow File, 24.108 mins elapsed.

2026-08-17 18:06:09.617021 : (X__pt9_pre : 10 of 11) .filterCellsFromArrow Fragments-Chr-(1 of 24)-chr1, Class = GRanges
GRanges object with 4089258 ranges and 1 metadata column:
            seqnames              ranges strand |                     RG
               <Rle>           <IRanges>  <Rle> |                  <Rle>
        [1]     chr1       127764-127796      * | X__pt9_pre#CGCTGGACA..
        [2]     chr1       131405-131458      * | X__pt9_pre#CGCTGGACA..
        [3]     chr1       456420-456720      * | X__pt9_pre#CGCTGGACA..
        [4]     chr1       596779-596918      * | X__pt9_pre#CGCTGGACA..
        [5]     chr1       616141-616199      * | X__pt9_pre#CGCTGGACA..
        ...      ...                 ...    ... .                    ...
  [4089254]     chr1 246651197-246651251      * | X__pt9_pre#TCACCACTC..
  [4089255]     chr1 246831714-246831791      * | X__pt9_pre#TCACCACTC..
  [4089256]     chr1 246841170-246841342      * | X__pt9_pre#TCACCACTC..
  [4089257]     chr1 247879595-247879636      * | X__pt9_pre#TCACCACTC..
  [4089258]     chr1 248889532-248889751      * | X__pt9_pre#TCACCACTC..
  -------
  seqinfo: 1 sequence from an unspecified genome; no seqlengths


2026-08-17 18:06:09.627784 : (X__pt9_pre : 10 of 11) .filterCellsFromArrow Barcodes-Chr-(1 of 24)-chr1, Class = data.frame
(X__pt9_pre : 10 of 11) .filterCellsFromArrow Barcodes-Chr-(1 of 24)-chr1: nRows = 2526, nCols = 1
                             bc
1 X__pt9_pre#CGCTGGACATGATTGC-1
2 X__pt9_pre#GGAGAACAGAGCTCCC-1
3 X__pt9_pre#GCACGGTGTCCCGTGA-1
4 X__pt9_pre#TGTGGCGAGTGAATAC-1
5 X__pt9_pre#GGGTCTGTCGCTCGGA-1
6 X__pt9_pre#GAACCGCTCCGTACGG-1


2026-08-17 18:06:10.283282 : Creating Temp GeneScoreMatrix for X__pt11_pre, Chr (2 of 22)!, 0.132 mins elapsed.
2026-08-17 18:06:18.136049 : Creating Temp GeneScoreMatrix for X__pt11_pre, Chr (3 of 22)!, 0.263 mins elapsed.
2026-08-17 18:06:22.561687 : (X__pt6_pre : 7 of 11) Reading TabixFile 100 Percent, 24.342 mins elapsed.
2026-08-17 18:06:24.056393 : (X__pt6_pre : 7 of 11) Successful creation of Temporary File, 24.367 mins elapsed.
2026-08-17 18:06:24.059136 : (X__pt6_pre : 7 of 11) Creating ArrowFile From Temporary File, 24.367 mins elapsed.
2026-08-17 18:06:24.951318 : Creating Temp GeneScoreMatrix for X__pt11_pre, Chr (4 of 22)!, 0.376 mins elapsed.

2026-08-17 18:06:27.74032 : (X__pt6_pre : 7 of 11) chunkChrNames, Class = data.frame
(X__pt6_pre : 7 of 11) chunkChrNames: nRows = 118, nCols = 1
     chunkNames
1   chr1#chunk1
2   chr1#chunk2
3   chr1#chunk3
4   chr1#chunk4
5   chr1#chunk5
6 chr10#chunk46


2026-08-17 18:06:27.743466 : (X__pt6_pre : 7 of 11) Counting Unique Barcodes From Temporary File, 24.428 mins elapsed.

2026-08-17 18:06:28.758833 : (X__pt16pre : 9 of 11) .tmpToArrow Fragments-Chr-(1 of 24)-chr1, Class = IRanges

(X__pt16pre : 9 of 11) .tmpToArrow Fragments-Chr-(1 of 24)-chr1: length = 19989491
IRanges object with 6 ranges and 1 metadata column:
          start       end     width |                 RG
      <integer> <integer> <integer> |              <Rle>
  [1]     69415     69472        58 | GCCTAGGTCTGGCCAG-1
  [2]    597050    597168       119 | GCCTAGGTCTGGCCAG-1
  [3]    629919    629980        62 | GCCTAGGTCTGGCCAG-1
  [4]    634001    634045        45 | GCCTAGGTCTGGCCAG-1
  [5]    634019    634039        21 | GCCTAGGTCTGGCCAG-1
  [6]    646233    646270        38 | GCCTAGGTCTGGCCAG-1



2026-08-17 18:06:28.766362 : (X__pt16pre : 9 of 11) .tmpToArrow Barcodes-Chr-(1 of 24)-chr1, Class = data.frame
(X__pt16pre : 9 of 11) .tmpToArrow Barcodes-Chr-(1 of 24)-chr1: nRows = 13778, nCols = 1
                  bc
1 GCCTAGGTCTGGCCAG-1
2 AGATTCGTCGGAAAGC-1
3 CGCGCAACAGGCTACC-1
4 CCACGTTGTCTCGGGT-1
5 TTGAGCAGTAGGTAAT-1
6 TATTGCTGTTCCGCGA-1



2026-08-17 18:06:29.191556 : (X__pt6_pre : 7 of 11) BarcodeFrequencyTable, Class = data.table
 
2026-08-17 18:06:29.191556 : (X__pt6_pre : 7 of 11) BarcodeFrequencyTable, Class = data.frame
(X__pt6_pre : 7 of 11) BarcodeFrequencyTable: nRows = 4955, nCols = 2
            values.V1     V1
               <char>  <int>
1: GGTAGGAAGCCATCAT-1 452138
2: GCGCCAATCAGAATGA-1 354617
3: GTTGGTACAAGCCTTA-1 348363
4: TTGAGTGGTCAGCTTA-1 340700
5: TGACAACCAAGCAACG-1 334094
6: CGCGCAACAAGAAACT-1 318284



2026-08-17 18:06:29.206305 : (X__pt6_pre : 7 of 11) BarcodesMinMaxFrags, Class = data.frame
(X__pt6_pre : 7 of 11) BarcodesMinMaxFrags: nRows = 4755, nCols = 1
                  bc
1 GGTAGGAAGCCATCAT-1
2 GCGCCAATCAGAATGA-1
3 GTTGGTACAAGCCTTA-1
4 TTGAGTGGTCAGCTTA-1
5 TGACAACCAAGCAACG-1
6 CGCGCAACAAGAAACT-1



2026-08-17 18:06:30.590167 : (X__pt6_pre : 7 of 11) Unique Chromosomes, Class = data.frame
(X__pt6_pre : 7 of 11) Unique Chromosomes: nRows = 24, nCols = 1
   chr
1 chr1
2 chr2
3 chr3
4 chr4
5 chr5
6 chr6


2026-08-17 18:06:30.592082 : (X__pt6_pre : 7 of 11) Adding Chromosome 1 of 24, 24.476 mins elapsed.
2026-08-17 18:06:30.77456 : (X__pt16pre : 9 of 11) Adding Chromosome 2 of 24, 24.479 mins elapsed.
2026-08-17 18:06:32.466968 : Creating Temp GeneScoreMatrix for X__pt11_pre, Chr (5 of 22)!, 0.502 mins elapsed.
2026-08-17 18:06:32.977107 : (X__pt1_pre : 6 of 11) Reading TabixFile 67 Percent, 24.515 mins elapsed.

2026-08-17 18:06:38.571764 : (X__pt6_pre : 7 of 11) .tmpToArrow Fragments-Chr-(1 of 24)-chr1, Class = IRanges

(X__pt6_pre : 7 of 11) .tmpToArrow Fragments-Chr-(1 of 24)-chr1: length = 9923294
IRanges object with 6 ranges and 1 metadata column:
          start       end     width |                 RG
      <integer> <integer> <integer> |              <Rle>
  [1]     88290     88511       222 | GGTAGGAAGCCATCAT-1
  [2]    629937    629973        37 | GGTAGGAAGCCATCAT-1
  [3]    633986    634038        53 | GGTAGGAAGCCATCAT-1
  [4]    633990    634033        44 | GGTAGGAAGCCATCAT-1
  [5]    633993    634030        38 | GGTAGGAAGCCATCAT-1
  [6]    633993    634071        79 | GGTAGGAAGCCATCAT-1



2026-08-17 18:06:38.579561 : (X__pt6_pre : 7 of 11) .tmpToArrow Barcodes-Chr-(1 of 24)-chr1, Class = data.frame
(X__pt6_pre : 7 of 11) .tmpToArrow Barcodes-Chr-(1 of 24)-chr1: nRows = 4755, nCols = 1
                  bc
1 GGTAGGAAGCCATCAT-1
2 GCGCCAATCAGAATGA-1
3 GTTGGTACAAGCCTTA-1
4 TTGAGTGGTCAGCTTA-1
5 TGACAACCAAGCAACG-1
6 CGCGCAACAAGAAACT-1


2026-08-17 18:06:38.879884 : Creating Temp GeneScoreMatrix for X__pt11_pre, Chr (6 of 22)!, 0.608 mins elapsed.
2026-08-17 18:06:40.277655 : (X__pt6_pre : 7 of 11) Adding Chromosome 2 of 24, 24.637 mins elapsed.
2026-08-17 18:06:45.221038 : Creating Temp GeneScoreMatrix for X__pt11_pre, Chr (7 of 22)!, 0.714 mins elapsed.
2026-08-17 18:06:47.869847 : (X__pt6_pre : 7 of 11) Adding Chromosome 3 of 24, 24.764 mins elapsed.
2026-08-17 18:06:49.796778 : (X__pt16pre : 9 of 11) Adding Chromosome 3 of 24, 24.796 mins elapsed.
2026-08-17 18:06:51.723557 : Creating Temp GeneScoreMatrix for X__pt11_pre, Chr (8 of 22)!, 0.822 mins elapsed.
2026-08-17 18:06:53.509648 : (X__pt9_pre : 10 of 11) Finished Constructing Filtered Arrow File!, 24.858 mins elapsed.
2026-08-17 18:06:53.8093 : (X__pt9_pre : 10 of 11) Adding TileMatrix!, 24.863 mins elapsed.

2026-08-17 18:06:55.129591 : X__pt9_pre .addTileMat FeatureDF, Class = DFrame
DataFrame with 5750013 rows and 3 columns
           seqnames       idx     start
        <character> <integer> <numeric>
1              chr1         1         0
2              chr1         2       500
3              chr1         3      1000
4              chr1         4      1500
5              chr1         5      2000
...             ...       ...       ...
5750009       chr22    101633  50816000
5750010       chr22    101634  50816500
5750011       chr22    101635  50817000
5750012       chr22    101636  50817500
5750013       chr22    101637  50818000

2026-08-17 18:06:55.136362 : (X__pt6_pre : 7 of 11) Adding Chromosome 4 of 24, 24.885 mins elapsed.
2026-08-17 18:06:57.641495 : Creating Temp GeneScoreMatrix for X__pt11_pre, Chr (9 of 22)!, 0.921 mins elapsed.
2026-08-17 18:07:00.164777 : (X__pt6_pre : 7 of 11) Adding Chromosome 5 of 24, 24.969 mins elapsed.
2026-08-17 18:07:02.633416 : Adding TileMatrix to X__pt9_pre for Chr (1 of 22)!, 0.147 mins elapsed.
2026-08-17 18:07:03.256209 : Creating Temp GeneScoreMatrix for X__pt11_pre, Chr (10 of 22)!, 1.015 mins elapsed.

2026-08-17 18:07:03.275299 : NTiles_TileMatrix_1_chr1, Class = numeric

NTiles_TileMatrix_1_chr1: length = 1
  chr1 
497913 



2026-08-17 18:07:03.27675 : NCells_TileMatrix_1_chr1, Class = integer

NCells_TileMatrix_1_chr1: length = 1
[1] 2526



2026-08-17 18:07:03.278318 : MinTile_TileMatrix_1_chr1, Class = numeric

MinTile_TileMatrix_1_chr1: length = 1
[1] 21



2026-08-17 18:07:03.285646 : MaxTile_TileMatrix_1_chr1, Class = numeric

MaxTile_TileMatrix_1_chr1: length = 1
[1] 497892



2026-08-17 18:07:03.311825 : MinCell_TileMatrix_1_chr1, Class = integer

MinCell_TileMatrix_1_chr1: length = 1
[1] 1



2026-08-17 18:07:03.313344 : MaxCell_TileMatrix_1_chr1, Class = integer

MaxCell_TileMatrix_1_chr1: length = 1
[1] 2526


2026-08-17 18:07:05.788342 : (X__pt6_pre : 7 of 11) Adding Chromosome 6 of 24, 25.062 mins elapsed.
2026-08-17 18:07:05.79717 : (X__pt16pre : 9 of 11) Adding Chromosome 4 of 24, 25.062 mins elapsed.
2026-08-17 18:07:09.10868 : Creating Temp GeneScoreMatrix for X__pt11_pre, Chr (11 of 22)!, 1.112 mins elapsed.
2026-08-17 18:07:11.169314 : (X__pt14pre : 4 of 11) Reading TabixFile 58 Percent, 25.152 mins elapsed.
2026-08-17 18:07:11.445186 : (X__pt17pre : 5 of 11) Reading TabixFile 58 Percent, 25.157 mins elapsed.
2026-08-17 18:07:12.22431 : Adding TileMatrix to X__pt9_pre for Chr (2 of 22)!, 0.307 mins elapsed.
2026-08-17 18:07:12.736145 : (X__pt6_pre : 7 of 11) Adding Chromosome 7 of 24, 25.178 mins elapsed.

2026-08-17 18:07:12.840096 : NTiles_TileMatrix_2_chr2, Class = numeric

NTiles_TileMatrix_2_chr2: length = 1
  chr2 
484388 



2026-08-17 18:07:12.841365 : NCells_TileMatrix_2_chr2, Class = integer

NCells_TileMatrix_2_chr2: length = 1
[1] 2526



2026-08-17 18:07:12.84237 : MinTile_TileMatrix_2_chr2, Class = numeric

MinTile_TileMatrix_2_chr2: length = 1
[1] 21



2026-08-17 18:07:12.849025 : MaxTile_TileMatrix_2_chr2, Class = numeric

MaxTile_TileMatrix_2_chr2: length = 1
[1] 484367



2026-08-17 18:07:12.870594 : MinCell_TileMatrix_2_chr2, Class = integer

MinCell_TileMatrix_2_chr2: length = 1
[1] 1



2026-08-17 18:07:12.871677 : MaxCell_TileMatrix_2_chr2, Class = integer

MaxCell_TileMatrix_2_chr2: length = 1
[1] 2526


2026-08-17 18:07:15.220738 : Creating Temp GeneScoreMatrix for X__pt11_pre, Chr (12 of 22)!, 1.214 mins elapsed.
2026-08-17 18:07:17.284148 : (X__pt16pre : 9 of 11) Adding Chromosome 5 of 24, 25.254 mins elapsed.
2026-08-17 18:07:18.093837 : (X__pt6_pre : 7 of 11) Adding Chromosome 8 of 24, 25.267 mins elapsed.
2026-08-17 18:07:20.029064 : Adding TileMatrix to X__pt9_pre for Chr (3 of 22)!, 0.437 mins elapsed.

2026-08-17 18:07:20.511624 : NTiles_TileMatrix_3_chr3, Class = numeric

NTiles_TileMatrix_3_chr3: length = 1
  chr3 
396592 



2026-08-17 18:07:20.512886 : NCells_TileMatrix_3_chr3, Class = integer

NCells_TileMatrix_3_chr3: length = 1
[1] 2526



2026-08-17 18:07:20.513882 : MinTile_TileMatrix_3_chr3, Class = numeric

MinTile_TileMatrix_3_chr3: length = 1
[1] 21



2026-08-17 18:07:20.51932 : MaxTile_TileMatrix_3_chr3, Class = numeric

MaxTile_TileMatrix_3_chr3: length = 1
[1] 396466



2026-08-17 18:07:20.536761 : MinCell_TileMatrix_3_chr3, Class = integer

MinCell_TileMatrix_3_chr3: length = 1
[1] 1



2026-08-17 18:07:20.537847 : MaxCell_TileMatrix_3_chr3, Class = integer

MaxCell_TileMatrix_3_chr3: length = 1
[1] 2526


2026-08-17 18:07:21.223876 : Creating Temp GeneScoreMatrix for X__pt11_pre, Chr (13 of 22)!, 1.314 mins elapsed.
2026-08-17 18:07:23.636117 : (X__pt6_pre : 7 of 11) Adding Chromosome 9 of 24, 25.36 mins elapsed.
2026-08-17 18:07:26.404014 : Creating Temp GeneScoreMatrix for X__pt11_pre, Chr (14 of 22)!, 1.4 mins elapsed.
2026-08-17 18:07:26.854673 : Adding TileMatrix to X__pt9_pre for Chr (4 of 22)!, 0.55 mins elapsed.

2026-08-17 18:07:27.241456 : NTiles_TileMatrix_4_chr4, Class = numeric

NTiles_TileMatrix_4_chr4: length = 1
  chr4 
380430 



2026-08-17 18:07:27.242742 : NCells_TileMatrix_4_chr4, Class = integer

NCells_TileMatrix_4_chr4: length = 1
[1] 2526



2026-08-17 18:07:27.243745 : MinTile_TileMatrix_4_chr4, Class = numeric

MinTile_TileMatrix_4_chr4: length = 1
[1] 21



2026-08-17 18:07:27.249173 : MaxTile_TileMatrix_4_chr4, Class = numeric

MaxTile_TileMatrix_4_chr4: length = 1
[1] 380408



2026-08-17 18:07:27.265504 : MinCell_TileMatrix_4_chr4, Class = integer

MinCell_TileMatrix_4_chr4: length = 1
[1] 1



2026-08-17 18:07:27.266623 : MaxCell_TileMatrix_4_chr4, Class = integer

MaxCell_TileMatrix_4_chr4: length = 1
[1] 2526


2026-08-17 18:07:28.380354 : (X__pt6_pre : 7 of 11) Adding Chromosome 10 of 24, 25.439 mins elapsed.
2026-08-17 18:07:29.666697 : (X__pt16pre : 9 of 11) Adding Chromosome 6 of 24, 25.46 mins elapsed.
2026-08-17 18:07:31.76007 : Creating Temp GeneScoreMatrix for X__pt11_pre, Chr (15 of 22)!, 1.49 mins elapsed.
2026-08-17 18:07:33.368309 : Adding TileMatrix to X__pt9_pre for Chr (5 of 22)!, 0.659 mins elapsed.

2026-08-17 18:07:33.683483 : NTiles_TileMatrix_5_chr5, Class = numeric

NTiles_TileMatrix_5_chr5: length = 1
  chr5 
363077 



2026-08-17 18:07:33.684763 : NCells_TileMatrix_5_chr5, Class = integer

NCells_TileMatrix_5_chr5: length = 1
[1] 2526



2026-08-17 18:07:33.685773 : MinTile_TileMatrix_5_chr5, Class = numeric

MinTile_TileMatrix_5_chr5: length = 1
[1] 21



2026-08-17 18:07:33.691279 : MaxTile_TileMatrix_5_chr5, Class = numeric

MaxTile_TileMatrix_5_chr5: length = 1
[1] 362920



2026-08-17 18:07:33.707713 : MinCell_TileMatrix_5_chr5, Class = integer

MinCell_TileMatrix_5_chr5: length = 1
[1] 1



2026-08-17 18:07:33.708834 : MaxCell_TileMatrix_5_chr5, Class = integer

MaxCell_TileMatrix_5_chr5: length = 1
[1] 2526


2026-08-17 18:07:34.276888 : (X__pt6_pre : 7 of 11) Adding Chromosome 11 of 24, 25.537 mins elapsed.
2026-08-17 18:07:36.754349 : (X__pt5_pre : 8 of 11) Computed TSS Scores!, 2.061 mins elapsed.
2026-08-17 18:07:36.766187 : (X__pt5_pre : 8 of 11) CellStats : Number of Cells Pass Filter = 5952 , 25.579 mins elapsed.
2026-08-17 18:07:36.769353 : (X__pt5_pre : 8 of 11) CellStats : Median Frags = 9073 , 25.579 mins elapsed.
2026-08-17 18:07:36.772138 : (X__pt5_pre : 8 of 11) CellStats : Median TSS Enrichment = 16.905 , 25.579 mins elapsed.
2026-08-17 18:07:36.772635 : (X__pt5_pre : 8 of 11) Plotting TSS Enrichment Scores, 25.579 mins elapsed.
2026-08-17 18:07:36.931443 : Creating Temp GeneScoreMatrix for X__pt11_pre, Chr (16 of 22)!, 1.576 mins elapsed.
2026-08-17 18:07:38.226481 : (X__pt5_pre : 8 of 11) Adding Metadata to Fragments, 25.603 mins elapsed.
2026-08-17 18:07:39.791313 : (X__pt6_pre : 7 of 11) Adding Chromosome 12 of 24, 25.629 mins elapsed.
2026-08-17 18:07:39.795837 : Adding TileMatrix to X__pt9_pre for Chr (6 of 22)!, 0.766 mins elapsed.
2026-08-17 18:07:39.826334 : (X__pt5_pre : 8 of 11) Adding Additional Feature Counts!, 25.63 mins elapsed.

2026-08-17 18:07:40.173083 : NTiles_TileMatrix_6_chr6, Class = numeric

NTiles_TileMatrix_6_chr6: length = 1
  chr6 
341612 



2026-08-17 18:07:40.174401 : NCells_TileMatrix_6_chr6, Class = integer

NCells_TileMatrix_6_chr6: length = 1
[1] 2526



2026-08-17 18:07:40.175468 : MinTile_TileMatrix_6_chr6, Class = numeric

MinTile_TileMatrix_6_chr6: length = 1
[1] 130



2026-08-17 18:07:40.180855 : MaxTile_TileMatrix_6_chr6, Class = numeric

MaxTile_TileMatrix_6_chr6: length = 1
[1] 341479



2026-08-17 18:07:40.196624 : MinCell_TileMatrix_6_chr6, Class = integer

MinCell_TileMatrix_6_chr6: length = 1
[1] 1



2026-08-17 18:07:40.197747 : MaxCell_TileMatrix_6_chr6, Class = integer

MaxCell_TileMatrix_6_chr6: length = 1
[1] 2526


2026-08-17 18:07:42.220337 : Creating Temp GeneScoreMatrix for X__pt11_pre, Chr (17 of 22)!, 1.664 mins elapsed.
2026-08-17 18:07:42.808527 : (X__pt16pre : 9 of 11) Adding Chromosome 7 of 24, 25.679 mins elapsed.
2026-08-17 18:07:44.854858 : (X__pt6_pre : 7 of 11) Adding Chromosome 13 of 24, 25.713 mins elapsed.
2026-08-17 18:07:46.32133 : Adding TileMatrix to X__pt9_pre for Chr (7 of 22)!, 0.875 mins elapsed.

2026-08-17 18:07:46.707121 : NTiles_TileMatrix_7_chr7, Class = numeric

NTiles_TileMatrix_7_chr7: length = 1
  chr7 
318692 



2026-08-17 18:07:46.708372 : NCells_TileMatrix_7_chr7, Class = integer

NCells_TileMatrix_7_chr7: length = 1
[1] 2526



2026-08-17 18:07:46.709357 : MinTile_TileMatrix_7_chr7, Class = numeric

MinTile_TileMatrix_7_chr7: length = 1
[1] 48



2026-08-17 18:07:46.714252 : MaxTile_TileMatrix_7_chr7, Class = numeric

MaxTile_TileMatrix_7_chr7: length = 1
[1] 318672



2026-08-17 18:07:46.728829 : MinCell_TileMatrix_7_chr7, Class = integer

MinCell_TileMatrix_7_chr7: length = 1
[1] 1



2026-08-17 18:07:46.729888 : MaxCell_TileMatrix_7_chr7, Class = integer

MaxCell_TileMatrix_7_chr7: length = 1
[1] 2526


2026-08-17 18:07:47.729073 : Creating Temp GeneScoreMatrix for X__pt11_pre, Chr (18 of 22)!, 1.756 mins elapsed.
2026-08-17 18:07:48.379431 : (X__pt6_pre : 7 of 11) Adding Chromosome 14 of 24, 25.772 mins elapsed.
2026-08-17 18:07:52.009136 : (X__pt6_pre : 7 of 11) Adding Chromosome 15 of 24, 25.833 mins elapsed.
2026-08-17 18:07:52.742352 : Creating Temp GeneScoreMatrix for X__pt11_pre, Chr (19 of 22)!, 1.839 mins elapsed.
2026-08-17 18:07:52.909328 : Adding TileMatrix to X__pt9_pre for Chr (8 of 22)!, 0.985 mins elapsed.

2026-08-17 18:07:53.224719 : NTiles_TileMatrix_8_chr8, Class = numeric

NTiles_TileMatrix_8_chr8: length = 1
  chr8 
290278 



2026-08-17 18:07:53.225975 : NCells_TileMatrix_8_chr8, Class = integer

NCells_TileMatrix_8_chr8: length = 1
[1] 2526



2026-08-17 18:07:53.226998 : MinTile_TileMatrix_8_chr8, Class = numeric

MinTile_TileMatrix_8_chr8: length = 1
[1] 143



2026-08-17 18:07:53.23185 : MaxTile_TileMatrix_8_chr8, Class = numeric

MaxTile_TileMatrix_8_chr8: length = 1
[1] 290151



2026-08-17 18:07:53.245948 : MinCell_TileMatrix_8_chr8, Class = integer

MinCell_TileMatrix_8_chr8: length = 1
[1] 1



2026-08-17 18:07:53.247096 : MaxCell_TileMatrix_8_chr8, Class = integer

MaxCell_TileMatrix_8_chr8: length = 1
[1] 2526


2026-08-17 18:07:55.465953 : (X__pt16pre : 9 of 11) Adding Chromosome 8 of 24, 25.89 mins elapsed.
2026-08-17 18:07:55.796887 : (X__pt6_pre : 7 of 11) Adding Chromosome 16 of 24, 25.896 mins elapsed.
2026-08-17 18:07:58.05707 : Creating Temp GeneScoreMatrix for X__pt11_pre, Chr (20 of 22)!, 1.928 mins elapsed.
2026-08-17 18:07:59.020571 : Adding TileMatrix to X__pt9_pre for Chr (9 of 22)!, 1.087 mins elapsed.

2026-08-17 18:07:59.430231 : NTiles_TileMatrix_9_chr9, Class = numeric

NTiles_TileMatrix_9_chr9: length = 1
  chr9 
276790 



2026-08-17 18:07:59.431471 : NCells_TileMatrix_9_chr9, Class = integer

NCells_TileMatrix_9_chr9: length = 1
[1] 2526



2026-08-17 18:07:59.432451 : MinTile_TileMatrix_9_chr9, Class = numeric

MinTile_TileMatrix_9_chr9: length = 1
[1] 21



2026-08-17 18:07:59.436332 : MaxTile_TileMatrix_9_chr9, Class = numeric

MaxTile_TileMatrix_9_chr9: length = 1
[1] 276620



2026-08-17 18:07:59.448597 : MinCell_TileMatrix_9_chr9, Class = integer

MinCell_TileMatrix_9_chr9: length = 1
[1] 1



2026-08-17 18:07:59.449633 : MaxCell_TileMatrix_9_chr9, Class = integer

MaxCell_TileMatrix_9_chr9: length = 1
[1] 2526


2026-08-17 18:08:00.03687 : (X__pt6_pre : 7 of 11) Adding Chromosome 17 of 24, 25.966 mins elapsed.
2026-08-17 18:08:03.068781 : Creating Temp GeneScoreMatrix for X__pt11_pre, Chr (21 of 22)!, 2.012 mins elapsed.
2026-08-17 18:08:04.134641 : (X__pt6_pre : 7 of 11) Adding Chromosome 18 of 24, 26.035 mins elapsed.
2026-08-17 18:08:04.694288 : Adding TileMatrix to X__pt9_pre for Chr (10 of 22)!, 1.181 mins elapsed.

2026-08-17 18:08:05.057699 : NTiles_TileMatrix_10_chr10, Class = numeric

NTiles_TileMatrix_10_chr10: length = 1
 chr10 
267595 



2026-08-17 18:08:05.058959 : NCells_TileMatrix_10_chr10, Class = integer

NCells_TileMatrix_10_chr10: length = 1
[1] 2526



2026-08-17 18:08:05.059963 : MinTile_TileMatrix_10_chr10, Class = numeric

MinTile_TileMatrix_10_chr10: length = 1
[1] 21



2026-08-17 18:08:05.064335 : MaxTile_TileMatrix_10_chr10, Class = numeric

MaxTile_TileMatrix_10_chr10: length = 1
[1] 267575



2026-08-17 18:08:05.077246 : MinCell_TileMatrix_10_chr10, Class = integer

MinCell_TileMatrix_10_chr10: length = 1
[1] 1



2026-08-17 18:08:05.078317 : MaxCell_TileMatrix_10_chr10, Class = integer

MaxCell_TileMatrix_10_chr10: length = 1
[1] 2526


2026-08-17 18:08:07.021714 : (X__pt16pre : 9 of 11) Adding Chromosome 9 of 24, 26.083 mins elapsed.
2026-08-17 18:08:07.225821 : (X__pt6_pre : 7 of 11) Adding Chromosome 19 of 24, 26.086 mins elapsed.
2026-08-17 18:08:07.698462 : Creating Temp GeneScoreMatrix for X__pt11_pre, Chr (22 of 22)!, 2.089 mins elapsed.
2026-08-17 18:08:10.643833 : Adding TileMatrix to X__pt9_pre for Chr (11 of 22)!, 1.28 mins elapsed.

2026-08-17 18:08:10.949174 : NTiles_TileMatrix_11_chr11, Class = numeric

NTiles_TileMatrix_11_chr11: length = 1
 chr11 
270174 



2026-08-17 18:08:10.950407 : NCells_TileMatrix_11_chr11, Class = integer

NCells_TileMatrix_11_chr11: length = 1
[1] 2526



2026-08-17 18:08:10.951398 : MinTile_TileMatrix_11_chr11, Class = numeric

MinTile_TileMatrix_11_chr11: length = 1
[1] 227



2026-08-17 18:08:10.955871 : MaxTile_TileMatrix_11_chr11, Class = numeric

MaxTile_TileMatrix_11_chr11: length = 1
[1] 270154



2026-08-17 18:08:10.96904 : MinCell_TileMatrix_11_chr11, Class = integer

MinCell_TileMatrix_11_chr11: length = 1
[1] 1



2026-08-17 18:08:10.970073 : MaxCell_TileMatrix_11_chr11, Class = integer

MaxCell_TileMatrix_11_chr11: length = 1
[1] 2526


2026-08-17 18:08:11.20617 : (X__pt1_pre : 6 of 11) Reading TabixFile 75 Percent, 26.153 mins elapsed.
2026-08-17 18:08:11.403616 : (X__pt6_pre : 7 of 11) Adding Chromosome 20 of 24, 26.156 mins elapsed.

2026-08-17 18:08:12.91438 : X__pt11_pre .addGeneScoreMat FeatureDF, Class = data.frame
X__pt11_pre .addGeneScoreMat FeatureDF: nRows = 31344, nCols = 6
  seqnames start   end strand        name idx
1     chr1 11869 14409      1     DDX11L1   1
2     chr1 29570 14404      2      WASH7P   2
3     chr1 17436 17369      2   MIR6859-1   3
4     chr1 29554 31109      1 MIR1302-2HG   4
5     chr1 30366 30503      1   MIR1302-2   5
6     chr1 36081 34554      2     FAM138A   6


2026-08-17 18:08:14.506557 : Adding GeneScoreMatrix to X__pt11_pre for Chr (1 of 22)!, 2.202 mins elapsed.
2026-08-17 18:08:15.028097 : (X__pt6_pre : 7 of 11) Adding Chromosome 21 of 24, 26.216 mins elapsed.
2026-08-17 18:08:15.331084 : (X__pt16pre : 9 of 11) Adding Chromosome 10 of 24, 26.221 mins elapsed.
2026-08-17 18:08:16.731868 : Adding TileMatrix to X__pt9_pre for Chr (12 of 22)!, 1.382 mins elapsed.

2026-08-17 18:08:17.028284 : NTiles_TileMatrix_12_chr12, Class = numeric

NTiles_TileMatrix_12_chr12: length = 1
 chr12 
266551 



2026-08-17 18:08:17.02955 : NCells_TileMatrix_12_chr12, Class = integer

NCells_TileMatrix_12_chr12: length = 1
[1] 2526



2026-08-17 18:08:17.030541 : MinTile_TileMatrix_12_chr12, Class = numeric

MinTile_TileMatrix_12_chr12: length = 1
[1] 21



2026-08-17 18:08:17.034811 : MaxTile_TileMatrix_12_chr12, Class = numeric

MaxTile_TileMatrix_12_chr12: length = 1
[1] 266530



2026-08-17 18:08:17.047285 : MinCell_TileMatrix_12_chr12, Class = integer

MinCell_TileMatrix_12_chr12: length = 1
[1] 1



2026-08-17 18:08:17.04834 : MaxCell_TileMatrix_12_chr12, Class = integer

MaxCell_TileMatrix_12_chr12: length = 1
[1] 2526


2026-08-17 18:08:17.165341 : Adding GeneScoreMatrix to X__pt11_pre for Chr (2 of 22)!, 2.246 mins elapsed.
2026-08-17 18:08:17.38716 : (X__pt6_pre : 7 of 11) Adding Chromosome 22 of 24, 26.256 mins elapsed.
2026-08-17 18:08:19.4952 : Adding GeneScoreMatrix to X__pt11_pre for Chr (3 of 22)!, 2.285 mins elapsed.
2026-08-17 18:08:20.251132 : (X__pt6_pre : 7 of 11) Adding Chromosome 23 of 24, 26.303 mins elapsed.
2026-08-17 18:08:22.668557 : Adding TileMatrix to X__pt9_pre for Chr (13 of 22)!, 1.481 mins elapsed.
2026-08-17 18:08:22.961229 : Adding GeneScoreMatrix to X__pt11_pre for Chr (4 of 22)!, 2.343 mins elapsed.

2026-08-17 18:08:22.979162 : NTiles_TileMatrix_13_chr13, Class = numeric

NTiles_TileMatrix_13_chr13: length = 1
 chr13 
228729 



2026-08-17 18:08:22.980433 : NCells_TileMatrix_13_chr13, Class = integer

NCells_TileMatrix_13_chr13: length = 1
[1] 2526



2026-08-17 18:08:22.981453 : MinTile_TileMatrix_13_chr13, Class = numeric

MinTile_TileMatrix_13_chr13: length = 1
[1] 32842



2026-08-17 18:08:22.984878 : MaxTile_TileMatrix_13_chr13, Class = numeric

MaxTile_TileMatrix_13_chr13: length = 1
[1] 228709



2026-08-17 18:08:22.99425 : MinCell_TileMatrix_13_chr13, Class = integer

MinCell_TileMatrix_13_chr13: length = 1
[1] 1



2026-08-17 18:08:22.995358 : MaxCell_TileMatrix_13_chr13, Class = integer

MaxCell_TileMatrix_13_chr13: length = 1
[1] 2526


2026-08-17 18:08:23.505462 : (X__pt6_pre : 7 of 11) Adding Chromosome 24 of 24, 26.358 mins elapsed.
2026-08-17 18:08:24.95675 : Adding GeneScoreMatrix to X__pt11_pre for Chr (5 of 22)!, 2.376 mins elapsed.
2026-08-17 18:08:25.280391 : (X__pt6_pre : 7 of 11) Successful creation of Arrow File, 26.387 mins elapsed.
2026-08-17 18:08:25.941513 : (X__pt16pre : 9 of 11) Adding Chromosome 11 of 24, 26.398 mins elapsed.
2026-08-17 18:08:26.629647 : (X__pt6_pre : 7 of 11) Adding Fragment Summary, 26.41 mins elapsed.
2026-08-17 18:08:27.003297 : Adding GeneScoreMatrix to X__pt11_pre for Chr (6 of 22)!, 2.41 mins elapsed.
2026-08-17 18:08:28.084828 : Adding TileMatrix to X__pt9_pre for Chr (14 of 22)!, 1.571 mins elapsed.

2026-08-17 18:08:28.293264 : NTiles_TileMatrix_14_chr14, Class = numeric

NTiles_TileMatrix_14_chr14: length = 1
 chr14 
214088 



2026-08-17 18:08:28.294485 : NCells_TileMatrix_14_chr14, Class = integer

NCells_TileMatrix_14_chr14: length = 1
[1] 2526



2026-08-17 18:08:28.295457 : MinTile_TileMatrix_14_chr14, Class = numeric

MinTile_TileMatrix_14_chr14: length = 1
[1] 32046



2026-08-17 18:08:28.298733 : MaxTile_TileMatrix_14_chr14, Class = numeric

MaxTile_TileMatrix_14_chr14: length = 1
[1] 213768



2026-08-17 18:08:28.307868 : MinCell_TileMatrix_14_chr14, Class = integer

MinCell_TileMatrix_14_chr14: length = 1
[1] 1



2026-08-17 18:08:28.30893 : MaxCell_TileMatrix_14_chr14, Class = integer

MaxCell_TileMatrix_14_chr14: length = 1
[1] 2526


2026-08-17 18:08:30.371392 : Adding GeneScoreMatrix to X__pt11_pre for Chr (7 of 22)!, 2.467 mins elapsed.
2026-08-17 18:08:32.357426 : Adding GeneScoreMatrix to X__pt11_pre for Chr (8 of 22)!, 2.5 mins elapsed.
2026-08-17 18:08:33.277325 : Adding TileMatrix to X__pt9_pre for Chr (15 of 22)!, 1.657 mins elapsed.

2026-08-17 18:08:33.440667 : NTiles_TileMatrix_15_chr15, Class = numeric

NTiles_TileMatrix_15_chr15: length = 1
 chr15 
203983 



2026-08-17 18:08:33.441972 : NCells_TileMatrix_15_chr15, Class = integer

NCells_TileMatrix_15_chr15: length = 1
[1] 2526



2026-08-17 18:08:33.443023 : MinTile_TileMatrix_15_chr15, Class = numeric

MinTile_TileMatrix_15_chr15: length = 1
[1] 34020



2026-08-17 18:08:33.446281 : MaxTile_TileMatrix_15_chr15, Class = numeric

MaxTile_TileMatrix_15_chr15: length = 1
[1] 203963



2026-08-17 18:08:33.454938 : MinCell_TileMatrix_15_chr15, Class = integer

MinCell_TileMatrix_15_chr15: length = 1
[1] 1



2026-08-17 18:08:33.455931 : MaxCell_TileMatrix_15_chr15, Class = integer

MaxCell_TileMatrix_15_chr15: length = 1
[1] 2526


2026-08-17 18:08:34.242656 : Adding GeneScoreMatrix to X__pt11_pre for Chr (9 of 22)!, 2.531 mins elapsed.
2026-08-17 18:08:36.588171 : (X__pt24pre : 2 of 11) Reading TabixFile 25 Percent, 26.576 mins elapsed.
2026-08-17 18:08:37.485061 : Adding GeneScoreMatrix to X__pt11_pre for Chr (10 of 22)!, 2.585 mins elapsed.
2026-08-17 18:08:38.433043 : (X__pt16pre : 9 of 11) Adding Chromosome 12 of 24, 26.606 mins elapsed.
2026-08-17 18:08:38.459274 : Adding TileMatrix to X__pt9_pre for Chr (16 of 22)!, 1.744 mins elapsed.

2026-08-17 18:08:38.626962 : NTiles_TileMatrix_16_chr16, Class = numeric

NTiles_TileMatrix_16_chr16: length = 1
 chr16 
180677 



2026-08-17 18:08:38.628172 : NCells_TileMatrix_16_chr16, Class = integer

NCells_TileMatrix_16_chr16: length = 1
[1] 2526



2026-08-17 18:08:38.629154 : MinTile_TileMatrix_16_chr16, Class = numeric

MinTile_TileMatrix_16_chr16: length = 1
[1] 21



2026-08-17 18:08:38.63249 : MaxTile_TileMatrix_16_chr16, Class = numeric

MaxTile_TileMatrix_16_chr16: length = 1
[1] 180457



2026-08-17 18:08:38.64127 : MinCell_TileMatrix_16_chr16, Class = integer

MinCell_TileMatrix_16_chr16: length = 1
[1] 1



2026-08-17 18:08:38.642283 : MaxCell_TileMatrix_16_chr16, Class = integer

MaxCell_TileMatrix_16_chr16: length = 1
[1] 2526


2026-08-17 18:08:39.393114 : Adding GeneScoreMatrix to X__pt11_pre for Chr (11 of 22)!, 2.617 mins elapsed.
2026-08-17 18:08:41.492388 : Adding GeneScoreMatrix to X__pt11_pre for Chr (12 of 22)!, 2.652 mins elapsed.
2026-08-17 18:08:43.551421 : Adding TileMatrix to X__pt9_pre for Chr (17 of 22)!, 1.829 mins elapsed.

2026-08-17 18:08:43.775696 : NTiles_TileMatrix_17_chr17, Class = numeric

NTiles_TileMatrix_17_chr17: length = 1
 chr17 
166515 



2026-08-17 18:08:43.776946 : NCells_TileMatrix_17_chr17, Class = integer

NCells_TileMatrix_17_chr17: length = 1
[1] 2526



2026-08-17 18:08:43.777954 : MinTile_TileMatrix_17_chr17, Class = numeric

MinTile_TileMatrix_17_chr17: length = 1
[1] 126



2026-08-17 18:08:43.781384 : MaxTile_TileMatrix_17_chr17, Class = numeric

MaxTile_TileMatrix_17_chr17: length = 1
[1] 166495



2026-08-17 18:08:43.790884 : MinCell_TileMatrix_17_chr17, Class = integer

MinCell_TileMatrix_17_chr17: length = 1
[1] 1



2026-08-17 18:08:43.79191 : MaxCell_TileMatrix_17_chr17, Class = integer

MaxCell_TileMatrix_17_chr17: length = 1
[1] 2526


2026-08-17 18:08:44.814105 : Adding GeneScoreMatrix to X__pt11_pre for Chr (13 of 22)!, 2.707 mins elapsed.
2026-08-17 18:08:46.513004 : Adding GeneScoreMatrix to X__pt11_pre for Chr (14 of 22)!, 2.736 mins elapsed.
2026-08-17 18:08:48.381252 : Adding GeneScoreMatrix to X__pt11_pre for Chr (15 of 22)!, 2.767 mins elapsed.
2026-08-17 18:08:48.878303 : Adding TileMatrix to X__pt9_pre for Chr (18 of 22)!, 1.917 mins elapsed.
2026-08-17 18:08:49.014653 : (X__pt16pre : 9 of 11) Adding Chromosome 13 of 24, 26.783 mins elapsed.

2026-08-17 18:08:49.021912 : NTiles_TileMatrix_18_chr18, Class = numeric

NTiles_TileMatrix_18_chr18: length = 1
 chr18 
160747 



2026-08-17 18:08:49.023109 : NCells_TileMatrix_18_chr18, Class = integer

NCells_TileMatrix_18_chr18: length = 1
[1] 2526



2026-08-17 18:08:49.024088 : MinTile_TileMatrix_18_chr18, Class = numeric

MinTile_TileMatrix_18_chr18: length = 1
[1] 21



2026-08-17 18:08:49.026852 : MaxTile_TileMatrix_18_chr18, Class = numeric

MaxTile_TileMatrix_18_chr18: length = 1
[1] 160527



2026-08-17 18:08:49.033929 : MinCell_TileMatrix_18_chr18, Class = integer

MinCell_TileMatrix_18_chr18: length = 1
[1] 1



2026-08-17 18:08:49.034948 : MaxCell_TileMatrix_18_chr18, Class = integer

MaxCell_TileMatrix_18_chr18: length = 1
[1] 2526


2026-08-17 18:08:51.38569 : (X__pt6_pre : 7 of 11) Plotting Fragment Size Distribution, 26.822 mins elapsed.
2026-08-17 18:08:51.507193 : Adding GeneScoreMatrix to X__pt11_pre for Chr (16 of 22)!, 2.819 mins elapsed.
2026-08-17 18:08:53.069286 : (X__pt6_pre : 7 of 11) Computing TSS Enrichment Scores, 26.85 mins elapsed.
2026-08-17 18:08:53.428652 : Adding GeneScoreMatrix to X__pt11_pre for Chr (17 of 22)!, 2.851 mins elapsed.
2026-08-17 18:08:53.753422 : Adding TileMatrix to X__pt9_pre for Chr (19 of 22)!, 1.999 mins elapsed.

2026-08-17 18:08:54.084067 : NTiles_TileMatrix_19_chr19, Class = numeric

NTiles_TileMatrix_19_chr19: length = 1
 chr19 
117236 



2026-08-17 18:08:54.085318 : NCells_TileMatrix_19_chr19, Class = integer

NCells_TileMatrix_19_chr19: length = 1
[1] 2526



2026-08-17 18:08:54.0863 : MinTile_TileMatrix_19_chr19, Class = numeric

MinTile_TileMatrix_19_chr19: length = 1
[1] 165



2026-08-17 18:08:54.089253 : MaxTile_TileMatrix_19_chr19, Class = numeric

MaxTile_TileMatrix_19_chr19: length = 1
[1] 117216



2026-08-17 18:08:54.097811 : MinCell_TileMatrix_19_chr19, Class = integer

MinCell_TileMatrix_19_chr19: length = 1
[1] 1



2026-08-17 18:08:54.098827 : MaxCell_TileMatrix_19_chr19, Class = integer

MaxCell_TileMatrix_19_chr19: length = 1
[1] 2526


2026-08-17 18:08:55.541291 : Adding GeneScoreMatrix to X__pt11_pre for Chr (18 of 22)!, 2.886 mins elapsed.
2026-08-17 18:08:56.90392 : (X__pt16pre : 9 of 11) Adding Chromosome 14 of 24, 26.914 mins elapsed.
2026-08-17 18:08:58.470618 : Adding GeneScoreMatrix to X__pt11_pre for Chr (19 of 22)!, 2.935 mins elapsed.
2026-08-17 18:08:58.89005 : Adding TileMatrix to X__pt9_pre for Chr (20 of 22)!, 2.084 mins elapsed.

2026-08-17 18:08:59.136767 : NTiles_TileMatrix_20_chr20, Class = numeric

NTiles_TileMatrix_20_chr20: length = 1
 chr20 
128889 



2026-08-17 18:08:59.138032 : NCells_TileMatrix_20_chr20, Class = integer

NCells_TileMatrix_20_chr20: length = 1
[1] 2526



2026-08-17 18:08:59.139038 : MinTile_TileMatrix_20_chr20, Class = numeric

MinTile_TileMatrix_20_chr20: length = 1
[1] 121



2026-08-17 18:08:59.141891 : MaxTile_TileMatrix_20_chr20, Class = numeric

MaxTile_TileMatrix_20_chr20: length = 1
[1] 128668



2026-08-17 18:08:59.149496 : MinCell_TileMatrix_20_chr20, Class = integer

MinCell_TileMatrix_20_chr20: length = 1
[1] 1



2026-08-17 18:08:59.150514 : MaxCell_TileMatrix_20_chr20, Class = integer

MaxCell_TileMatrix_20_chr20: length = 1
[1] 2526


2026-08-17 18:09:00.687095 : Adding GeneScoreMatrix to X__pt11_pre for Chr (20 of 22)!, 2.972 mins elapsed.
2026-08-17 18:09:02.436661 : Adding GeneScoreMatrix to X__pt11_pre for Chr (21 of 22)!, 3.001 mins elapsed.
2026-08-17 18:09:03.433537 : (X__pt16pre : 9 of 11) Adding Chromosome 15 of 24, 27.023 mins elapsed.
2026-08-17 18:09:03.88286 : Adding TileMatrix to X__pt9_pre for Chr (21 of 22)!, 2.168 mins elapsed.

2026-08-17 18:09:04.111541 : NTiles_TileMatrix_21_chr21, Class = numeric

NTiles_TileMatrix_21_chr21: length = 1
chr21 
93420 



2026-08-17 18:09:04.112774 : NCells_TileMatrix_21_chr21, Class = integer

NCells_TileMatrix_21_chr21: length = 1
[1] 2526



2026-08-17 18:09:04.113757 : MinTile_TileMatrix_21_chr21, Class = numeric

MinTile_TileMatrix_21_chr21: length = 1
[1] 10069



2026-08-17 18:09:04.115661 : MaxTile_TileMatrix_21_chr21, Class = numeric

MaxTile_TileMatrix_21_chr21: length = 1
[1] 93396



2026-08-17 18:09:04.119503 : MinCell_TileMatrix_21_chr21, Class = integer

MinCell_TileMatrix_21_chr21: length = 1
[1] 1



2026-08-17 18:09:04.120503 : MaxCell_TileMatrix_21_chr21, Class = integer

MaxCell_TileMatrix_21_chr21: length = 1
[1] 2526


2026-08-17 18:09:05.319318 : Adding GeneScoreMatrix to X__pt11_pre for Chr (22 of 22)!, 3.049 mins elapsed.
2026-08-17 18:09:08.418388 : Adding TileMatrix to X__pt9_pre for Chr (22 of 22)!, 2.243 mins elapsed.

2026-08-17 18:09:08.671746 : NTiles_TileMatrix_22_chr22, Class = numeric

NTiles_TileMatrix_22_chr22: length = 1
 chr22 
101637 



2026-08-17 18:09:08.67305 : NCells_TileMatrix_22_chr22, Class = integer

NCells_TileMatrix_22_chr22: length = 1
[1] 2526



2026-08-17 18:09:08.674093 : MinTile_TileMatrix_22_chr22, Class = numeric

MinTile_TileMatrix_22_chr22: length = 1
[1] 21037



2026-08-17 18:09:08.676315 : MaxTile_TileMatrix_22_chr22, Class = numeric

MaxTile_TileMatrix_22_chr22: length = 1
[1] 101617



2026-08-17 18:09:08.681127 : MinCell_TileMatrix_22_chr22, Class = integer

MinCell_TileMatrix_22_chr22: length = 1
[1] 1



2026-08-17 18:09:08.682156 : MaxCell_TileMatrix_22_chr22, Class = integer

MaxCell_TileMatrix_22_chr22: length = 1
[1] 2526


2026-08-17 18:09:09.627668 : (X__pt11_pre : 11 of 11) Finished Adding GeneScoreMatrix!, 27.126 mins elapsed.
2026-08-17 18:09:09.629264 : (X__pt11_pre : 11 of 11) Finished Creating Arrow File, 27.126 mins elapsed.
2026-08-17 18:09:09.74404 : (X__pt16pre : 9 of 11) Adding Chromosome 16 of 24, 27.128 mins elapsed.
2026-08-17 18:09:10.027653 : (X__pt14pre : 4 of 11) Reading TabixFile 67 Percent, 27.133 mins elapsed.
2026-08-17 18:09:10.957397 : (X__pt17pre : 5 of 11) Reading TabixFile 67 Percent, 27.148 mins elapsed.
2026-08-17 18:09:14.66179 : (X__pt9_pre : 10 of 11) Finished Adding TileMatrix!, 27.21 mins elapsed.
2026-08-17 18:09:14.663318 : (X__pt9_pre : 10 of 11) Adding GeneScoreMatrix!, 27.21 mins elapsed.


2026-08-17 18:09:14.915774 : X__pt9_pre .addGeneScoreMat geneRegions, Class = GRanges
GRanges object with 31344 ranges and 5 metadata columns:
          seqnames            ranges strand |     gene_id       symbol
             <Rle>         <IRanges>  <Rle> | <character>  <character>
      [1]     chr1        6869-14409      + |   100287102      DDX11L1
      [2]     chr1       14404-34570      - |      653635       WASH7P
      [3]     chr1       17369-22436      - |   102466751    MIR6859-1
      [4]     chr1       24554-31109      + |   107985730  MIR1302-2HG
      [5]     chr1       25366-30503      + |   100302278    MIR1302-2
      ...      ...               ...    ... .         ...          ...
  [31340]    chr22 50667714-50733212      + |       85358       SHANK3
  [31341]    chr22 50733196-50745339      + |          49          ACR
  [31342]    chr22 50735825-50743139      - |   105373100 LOC105373100
  [31343]    chr22 50751948-50801309      + |      284942    RPL23AP82
  [31344]    chr22 50767501-50788667      - |       11158       RABL2B
          geneStart   geneEnd geneWeight
          <integer> <integer>  <numeric>
      [1]     11869     14409    3.67937
      [2]     29570     14404    2.00189
      [3]     17436     17369    4.98680
      [4]     29554     31109    4.08192
      [5]     30366     30503    4.93248
      ...       ...       ...        ...
  [31340]  50672714  50733212    1.30848
  [31341]  50738196  50745339    2.66379
  [31342]  50738139  50735825    3.76215
  [31343]  50756948  50801309    1.40932
  [31344]  50783667  50767501    1.95456
  -------
  seqinfo: 22 sequences from hg38 genome

2026-08-17 18:09:15.070801 : Creating Temp GeneScoreMatrix for X__pt9_pre, Chr (1 of 22)!, 0 mins elapsed.
2026-08-17 18:09:16.707003 : (X__pt16pre : 9 of 11) Adding Chromosome 17 of 24, 27.244 mins elapsed.
2026-08-17 18:09:23.449121 : Creating Temp GeneScoreMatrix for X__pt9_pre, Chr (2 of 22)!, 0.14 mins elapsed.
2026-08-17 18:09:24.512976 : (X__pt16pre : 9 of 11) Adding Chromosome 18 of 24, 27.374 mins elapsed.
2026-08-17 18:09:29.819712 : (X__pt16pre : 9 of 11) Adding Chromosome 19 of 24, 27.463 mins elapsed.
2026-08-17 18:09:31.007134 : Creating Temp GeneScoreMatrix for X__pt9_pre, Chr (3 of 22)!, 0.266 mins elapsed.
2026-08-17 18:09:33.647386 : (X__pt1_pre : 6 of 11) Reading TabixFile 83 Percent, 27.527 mins elapsed.
2026-08-17 18:09:36.072267 : (X__pt12pre : 3 of 11) Reading TabixFile 50 Percent, 27.567 mins elapsed.
2026-08-17 18:09:36.961209 : (X__pt16pre : 9 of 11) Adding Chromosome 20 of 24, 27.582 mins elapsed.
2026-08-17 18:09:37.218042 : Creating Temp GeneScoreMatrix for X__pt9_pre, Chr (4 of 22)!, 0.369 mins elapsed.
2026-08-17 18:09:40.130378 : (X__pt5_pre : 8 of 11) Finished Adding Additional Feature Counts!, 27.635 mins elapsed.

2026-08-17 18:09:40.130977 : (X__pt5_pre : 8 of 11) Metadata, Class = DFrame
DataFrame with 5952 rows and 12 columns
                  cellNames    nFrags nMonoFrags  nDiFrags nMultiFrags
                <character> <numeric>  <numeric> <numeric>   <numeric>
1    X__pt5_pre#TCACAGATC..     32886      14783     15944        2159
2    X__pt5_pre#GAGGTCCAG..     29172      13605     12544        3023
3    X__pt5_pre#TAAGCCAGT..     28196      15734     10789        1673
4    X__pt5_pre#CGGACCACA..     27976      16583     10122        1271
5    X__pt5_pre#TGCTTCGGT..     26986      17265      8671        1050
...                     ...       ...        ...       ...         ...
5948 X__pt5_pre#CCTTAATGT..      2523       1473       934         116
5949 X__pt5_pre#AGGCGTCCA..      2475       1521       860          94
5950 X__pt5_pre#CAACCAATC..      2454       1573       764         117
5951 X__pt5_pre#TGATTTCAG..      2363       1542       679         142
5952 X__pt5_pre#CTCAGAACA..      2330       1551       685          94
     TSSEnrichment ReadsInTSS      Keep ReadsInPromoter PromoterRatio
         <numeric>  <numeric> <numeric>       <numeric>     <numeric>
1           15.296      17650         1           15655      0.238019
2           14.832      15565         1           13890      0.238071
3           17.625      15122         1           13087      0.232072
4           19.919      17201         1           14913      0.266532
5           10.970      11318         1           11810      0.218817
...            ...        ...       ...             ...           ...
5948        22.127       1732         1            1483      0.293896
5949        20.218       1991         1            1627      0.328687
5950        22.369       1943         1            1601      0.326202
5951        16.295       1547         1            1410      0.298350
5952        17.746       1631         1            1466      0.314592
     ReadsInBlacklist BlacklistRatio
            <numeric>      <numeric>
1                 404     0.00614243
2                 385     0.00659879
3                 301     0.00533764
4                 357     0.00638047
5                 349     0.00646632
...               ...            ...
5948               32     0.00634166
5949               24     0.00484848
5950               42     0.00855746
5951               24     0.00507829
5952               30     0.00643777

2026-08-17 18:09:40.246214 : (X__pt5_pre : 8 of 11) Removing Fragments from Filtered Cells, 27.637 mins elapsed.
2026-08-17 18:09:40.249769 : (X__pt5_pre : 8 of 11) Creating Filtered Arrow File, 27.637 mins elapsed.

2026-08-17 18:09:41.720923 : (X__pt5_pre : 8 of 11) .filterCellsFromArrow Fragments-Chr-(1 of 24)-chr1, Class = GRanges
GRanges object with 5564598 ranges and 1 metadata column:
            seqnames              ranges strand |                     RG
               <Rle>           <IRanges>  <Rle> |                  <Rle>
        [1]     chr1       634012-634039      * | X__pt5_pre#TCACAGATC..
        [2]     chr1       778868-778901      * | X__pt5_pre#TCACAGATC..
        [3]     chr1       867868-868236      * | X__pt5_pre#TCACAGATC..
        [4]     chr1       869974-870127      * | X__pt5_pre#TCACAGATC..
        [5]     chr1       900990-901166      * | X__pt5_pre#TCACAGATC..
        ...      ...                 ...    ... .                    ...
  [5564594]     chr1 245845515-245845699      * | X__pt5_pre#CTCAGAACA..
  [5564595]     chr1 247715973-247716201      * | X__pt5_pre#CTCAGAACA..
  [5564596]     chr1 247725143-247725316      * | X__pt5_pre#CTCAGAACA..
  [5564597]     chr1 248838991-248839046      * | X__pt5_pre#CTCAGAACA..
  [5564598]     chr1 248854581-248854899      * | X__pt5_pre#CTCAGAACA..
  -------
  seqinfo: 1 sequence from an unspecified genome; no seqlengths


2026-08-17 18:09:41.732714 : (X__pt5_pre : 8 of 11) .filterCellsFromArrow Barcodes-Chr-(1 of 24)-chr1, Class = data.frame
(X__pt5_pre : 8 of 11) .filterCellsFromArrow Barcodes-Chr-(1 of 24)-chr1: nRows = 5952, nCols = 1
                             bc
1 X__pt5_pre#TCACAGATCCGGCTGA-1
2 X__pt5_pre#GAGGTCCAGCTCCGGT-1
3 X__pt5_pre#TAAGCCAGTGAATGGC-1
4 X__pt5_pre#CGGACCACACCTGAAT-1
5 X__pt5_pre#TGCTTCGGTGTCGTCG-1
6 X__pt5_pre#ATCGAGTTCAACTTGG-1


2026-08-17 18:09:43.529078 : Creating Temp GeneScoreMatrix for X__pt9_pre, Chr (5 of 22)!, 0.474 mins elapsed.
2026-08-17 18:09:44.165901 : (X__pt16pre : 9 of 11) Adding Chromosome 21 of 24, 27.702 mins elapsed.
2026-08-17 18:09:47.893664 : (X__pt16pre : 9 of 11) Adding Chromosome 22 of 24, 27.764 mins elapsed.
2026-08-17 18:09:49.476923 : Creating Temp GeneScoreMatrix for X__pt9_pre, Chr (6 of 22)!, 0.573 mins elapsed.
2026-08-17 18:09:52.035568 : (X__pt16pre : 9 of 11) Adding Chromosome 23 of 24, 27.833 mins elapsed.
2026-08-17 18:09:55.224599 : Creating Temp GeneScoreMatrix for X__pt9_pre, Chr (7 of 22)!, 0.669 mins elapsed.
2026-08-17 18:09:57.657087 : (X__pt16pre : 9 of 11) Adding Chromosome 24 of 24, 27.927 mins elapsed.
2026-08-17 18:09:59.933227 : (X__pt16pre : 9 of 11) Successful creation of Arrow File, 27.965 mins elapsed.
2026-08-17 18:10:01.07925 : Creating Temp GeneScoreMatrix for X__pt9_pre, Chr (8 of 22)!, 0.767 mins elapsed.
2026-08-17 18:10:01.283198 : (X__pt16pre : 9 of 11) Adding Fragment Summary, 27.987 mins elapsed.
2026-08-17 18:10:06.925692 : Creating Temp GeneScoreMatrix for X__pt9_pre, Chr (9 of 22)!, 0.864 mins elapsed.
2026-08-17 18:10:12.202406 : Creating Temp GeneScoreMatrix for X__pt9_pre, Chr (10 of 22)!, 0.952 mins elapsed.
2026-08-17 18:10:13.29203 : (X__24t : 1 of 11) Reading TabixFile 25 Percent, 28.187 mins elapsed.
2026-08-17 18:10:17.631844 : Creating Temp GeneScoreMatrix for X__pt9_pre, Chr (11 of 22)!, 1.043 mins elapsed.
2026-08-17 18:10:19.867532 : (X__pt1_pre : 6 of 11) Reading TabixFile 92 Percent, 28.297 mins elapsed.
2026-08-17 18:10:23.181635 : Creating Temp GeneScoreMatrix for X__pt9_pre, Chr (12 of 22)!, 1.135 mins elapsed.
2026-08-17 18:10:28.541471 : Creating Temp GeneScoreMatrix for X__pt9_pre, Chr (13 of 22)!, 1.225 mins elapsed.
2026-08-17 18:10:30.501518 : (X__pt5_pre : 8 of 11) Finished Constructing Filtered Arrow File!, 28.474 mins elapsed.
2026-08-17 18:10:30.602695 : (X__pt5_pre : 8 of 11) Adding TileMatrix!, 28.476 mins elapsed.

2026-08-17 18:10:31.874879 : X__pt5_pre .addTileMat FeatureDF, Class = DFrame
DataFrame with 5750013 rows and 3 columns
           seqnames       idx     start
        <character> <integer> <numeric>
1              chr1         1         0
2              chr1         2       500
3              chr1         3      1000
4              chr1         4      1500
5              chr1         5      2000
...             ...       ...       ...
5750009       chr22    101633  50816000
5750010       chr22    101634  50816500
5750011       chr22    101635  50817000
5750012       chr22    101636  50817500
5750013       chr22    101637  50818000

2026-08-17 18:10:33.367869 : Creating Temp GeneScoreMatrix for X__pt9_pre, Chr (14 of 22)!, 1.305 mins elapsed.
2026-08-17 18:10:38.093247 : Creating Temp GeneScoreMatrix for X__pt9_pre, Chr (15 of 22)!, 1.384 mins elapsed.
2026-08-17 18:10:39.352834 : Adding TileMatrix to X__pt5_pre for Chr (1 of 22)!, 0.146 mins elapsed.

2026-08-17 18:10:40.218997 : NTiles_TileMatrix_1_chr1, Class = numeric

NTiles_TileMatrix_1_chr1: length = 1
  chr1 
497913 



2026-08-17 18:10:40.220245 : NCells_TileMatrix_1_chr1, Class = integer

NCells_TileMatrix_1_chr1: length = 1
[1] 5952



2026-08-17 18:10:40.221672 : MinTile_TileMatrix_1_chr1, Class = numeric

MinTile_TileMatrix_1_chr1: length = 1
[1] 21



2026-08-17 18:10:40.231194 : MaxTile_TileMatrix_1_chr1, Class = numeric

MaxTile_TileMatrix_1_chr1: length = 1
[1] 497892



2026-08-17 18:10:40.266033 : MinCell_TileMatrix_1_chr1, Class = integer

MinCell_TileMatrix_1_chr1: length = 1
[1] 1



2026-08-17 18:10:40.267447 : MaxCell_TileMatrix_1_chr1, Class = integer

MaxCell_TileMatrix_1_chr1: length = 1
[1] 5952


2026-08-17 18:10:42.864257 : Creating Temp GeneScoreMatrix for X__pt9_pre, Chr (16 of 22)!, 1.463 mins elapsed.
2026-08-17 18:10:47.66093 : Creating Temp GeneScoreMatrix for X__pt9_pre, Chr (17 of 22)!, 1.543 mins elapsed.
2026-08-17 18:10:49.408375 : Adding TileMatrix to X__pt5_pre for Chr (2 of 22)!, 0.313 mins elapsed.

2026-08-17 18:10:49.884412 : NTiles_TileMatrix_2_chr2, Class = numeric

NTiles_TileMatrix_2_chr2: length = 1
  chr2 
484388 



2026-08-17 18:10:49.885849 : NCells_TileMatrix_2_chr2, Class = integer

NCells_TileMatrix_2_chr2: length = 1
[1] 5952



2026-08-17 18:10:49.886885 : MinTile_TileMatrix_2_chr2, Class = numeric

MinTile_TileMatrix_2_chr2: length = 1
[1] 21



2026-08-17 18:10:49.894707 : MaxTile_TileMatrix_2_chr2, Class = numeric

MaxTile_TileMatrix_2_chr2: length = 1
[1] 484367



2026-08-17 18:10:49.919412 : MinCell_TileMatrix_2_chr2, Class = integer

MinCell_TileMatrix_2_chr2: length = 1
[1] 1



2026-08-17 18:10:49.920516 : MaxCell_TileMatrix_2_chr2, Class = integer

MaxCell_TileMatrix_2_chr2: length = 1
[1] 5952


2026-08-17 18:10:52.766759 : Creating Temp GeneScoreMatrix for X__pt9_pre, Chr (18 of 22)!, 1.628 mins elapsed.
2026-08-17 18:10:56.873853 : (X__pt16pre : 9 of 11) Plotting Fragment Size Distribution, 28.914 mins elapsed.
2026-08-17 18:10:57.396568 : Creating Temp GeneScoreMatrix for X__pt9_pre, Chr (19 of 22)!, 1.705 mins elapsed.
2026-08-17 18:10:58.134601 : Adding TileMatrix to X__pt5_pre for Chr (3 of 22)!, 0.459 mins elapsed.
2026-08-17 18:10:58.541613 : (X__pt16pre : 9 of 11) Computing TSS Enrichment Scores, 28.942 mins elapsed.

2026-08-17 18:10:58.576438 : NTiles_TileMatrix_3_chr3, Class = numeric

NTiles_TileMatrix_3_chr3: length = 1
  chr3 
396592 



2026-08-17 18:10:58.577873 : NCells_TileMatrix_3_chr3, Class = integer

NCells_TileMatrix_3_chr3: length = 1
[1] 5952



2026-08-17 18:10:58.578899 : MinTile_TileMatrix_3_chr3, Class = numeric

MinTile_TileMatrix_3_chr3: length = 1
[1] 21



2026-08-17 18:10:58.585815 : MaxTile_TileMatrix_3_chr3, Class = numeric

MaxTile_TileMatrix_3_chr3: length = 1
[1] 396442



2026-08-17 18:10:58.607236 : MinCell_TileMatrix_3_chr3, Class = integer

MinCell_TileMatrix_3_chr3: length = 1
[1] 1



2026-08-17 18:10:58.608361 : MaxCell_TileMatrix_3_chr3, Class = integer

MaxCell_TileMatrix_3_chr3: length = 1
[1] 5952


2026-08-17 18:11:01.426264 : (X__pt17pre : 5 of 11) Reading TabixFile 75 Percent, 28.99 mins elapsed.
2026-08-17 18:11:02.127875 : Creating Temp GeneScoreMatrix for X__pt9_pre, Chr (20 of 22)!, 1.784 mins elapsed.
2026-08-17 18:11:05.578766 : Adding TileMatrix to X__pt5_pre for Chr (4 of 22)!, 0.583 mins elapsed.

2026-08-17 18:11:05.868661 : NTiles_TileMatrix_4_chr4, Class = numeric

NTiles_TileMatrix_4_chr4: length = 1
  chr4 
380430 



2026-08-17 18:11:05.869872 : NCells_TileMatrix_4_chr4, Class = integer

NCells_TileMatrix_4_chr4: length = 1
[1] 5952



2026-08-17 18:11:05.87085 : MinTile_TileMatrix_4_chr4, Class = numeric

MinTile_TileMatrix_4_chr4: length = 1
[1] 21



2026-08-17 18:11:05.875424 : MaxTile_TileMatrix_4_chr4, Class = numeric

MaxTile_TileMatrix_4_chr4: length = 1
[1] 380410



2026-08-17 18:11:05.894168 : MinCell_TileMatrix_4_chr4, Class = integer

MinCell_TileMatrix_4_chr4: length = 1
[1] 1



2026-08-17 18:11:05.895244 : MaxCell_TileMatrix_4_chr4, Class = integer

MaxCell_TileMatrix_4_chr4: length = 1
[1] 5952


2026-08-17 18:11:06.811775 : Creating Temp GeneScoreMatrix for X__pt9_pre, Chr (21 of 22)!, 1.862 mins elapsed.
2026-08-17 18:11:08.994561 : (X__pt14pre : 4 of 11) Reading TabixFile 75 Percent, 29.116 mins elapsed.
2026-08-17 18:11:10.98267 : (X__pt1_pre : 6 of 11) Reading TabixFile 100 Percent, 29.149 mins elapsed.
2026-08-17 18:11:10.982678 : Creating Temp GeneScoreMatrix for X__pt9_pre, Chr (22 of 22)!, 1.932 mins elapsed.
2026-08-17 18:11:11.844373 : Adding TileMatrix to X__pt5_pre for Chr (5 of 22)!, 0.687 mins elapsed.

2026-08-17 18:11:12.396959 : NTiles_TileMatrix_5_chr5, Class = numeric

NTiles_TileMatrix_5_chr5: length = 1
  chr5 
363077 



2026-08-17 18:11:12.398232 : NCells_TileMatrix_5_chr5, Class = integer

NCells_TileMatrix_5_chr5: length = 1
[1] 5952



2026-08-17 18:11:12.399256 : MinTile_TileMatrix_5_chr5, Class = numeric

MinTile_TileMatrix_5_chr5: length = 1
[1] 24



2026-08-17 18:11:12.405019 : MaxTile_TileMatrix_5_chr5, Class = numeric

MaxTile_TileMatrix_5_chr5: length = 1
[1] 362956



2026-08-17 18:11:12.424073 : MinCell_TileMatrix_5_chr5, Class = integer

MinCell_TileMatrix_5_chr5: length = 1
[1] 1



2026-08-17 18:11:12.425175 : MaxCell_TileMatrix_5_chr5, Class = integer

MaxCell_TileMatrix_5_chr5: length = 1
[1] 5952


2026-08-17 18:11:12.474279 : (X__pt1_pre : 6 of 11) Successful creation of Temporary File, 29.174 mins elapsed.
2026-08-17 18:11:12.476868 : (X__pt1_pre : 6 of 11) Creating ArrowFile From Temporary File, 29.174 mins elapsed.

2026-08-17 18:11:14.882604 : (X__pt1_pre : 6 of 11) chunkChrNames, Class = data.frame
(X__pt1_pre : 6 of 11) chunkChrNames: nRows = 118, nCols = 1
     chunkNames
1   chr1#chunk1
2   chr1#chunk2
3   chr1#chunk3
4   chr1#chunk4
5   chr1#chunk5
6 chr10#chunk46


2026-08-17 18:11:14.885337 : (X__pt1_pre : 6 of 11) Counting Unique Barcodes From Temporary File, 29.214 mins elapsed.
2026-08-17 18:11:15.791296 : (X__pt6_pre : 7 of 11) Computed TSS Scores!, 2.379 mins elapsed.
2026-08-17 18:11:15.802639 : (X__pt6_pre : 7 of 11) CellStats : Number of Cells Pass Filter = 4755 , 29.229 mins elapsed.
2026-08-17 18:11:15.805553 : (X__pt6_pre : 7 of 11) CellStats : Median Frags = 8453 , 29.229 mins elapsed.
2026-08-17 18:11:15.808274 : (X__pt6_pre : 7 of 11) CellStats : Median TSS Enrichment = 5.308 , 29.229 mins elapsed.
2026-08-17 18:11:15.808771 : (X__pt6_pre : 7 of 11) Plotting TSS Enrichment Scores, 29.229 mins elapsed.

2026-08-17 18:11:16.074785 : X__pt9_pre .addGeneScoreMat FeatureDF, Class = data.frame
X__pt9_pre .addGeneScoreMat FeatureDF: nRows = 31344, nCols = 6
  seqnames start   end strand        name idx
1     chr1 11869 14409      1     DDX11L1   1
2     chr1 29570 14404      2      WASH7P   2
3     chr1 17436 17369      2   MIR6859-1   3
4     chr1 29554 31109      1 MIR1302-2HG   4
5     chr1 30366 30503      1   MIR1302-2   5
6     chr1 36081 34554      2     FAM138A   6



2026-08-17 18:11:16.482169 : (X__pt1_pre : 6 of 11) BarcodeFrequencyTable, Class = data.table
 
2026-08-17 18:11:16.482169 : (X__pt1_pre : 6 of 11) BarcodeFrequencyTable, Class = data.frame
(X__pt1_pre : 6 of 11) BarcodeFrequencyTable: nRows = 7547, nCols = 2
            values.V1    V1
               <char> <int>
1: TTAACGGAGAGTGGAA-1 37113
2: TCAGTTTTCCAATAGC-1 33977
3: CTGGCAGAGTAACTCC-1 33954
4: ATATTCCTCTAGCTGA-1 32418
5: GTTACTTCAATGGCAG-1 31280
6: CGGACTGAGCGTGTTT-1 31225



2026-08-17 18:11:16.494311 : (X__pt1_pre : 6 of 11) BarcodesMinMaxFrags, Class = data.frame
(X__pt1_pre : 6 of 11) BarcodesMinMaxFrags: nRows = 7547, nCols = 1
                  bc
1 TTAACGGAGAGTGGAA-1
2 TCAGTTTTCCAATAGC-1
3 CTGGCAGAGTAACTCC-1
4 ATATTCCTCTAGCTGA-1
5 GTTACTTCAATGGCAG-1
6 CGGACTGAGCGTGTTT-1


2026-08-17 18:11:17.656378 : (X__pt6_pre : 7 of 11) Adding Metadata to Fragments, 29.26 mins elapsed.
2026-08-17 18:11:17.76914 : Adding GeneScoreMatrix to X__pt9_pre for Chr (1 of 22)!, 2.045 mins elapsed.

2026-08-17 18:11:17.902746 : (X__pt1_pre : 6 of 11) Unique Chromosomes, Class = data.frame
(X__pt1_pre : 6 of 11) Unique Chromosomes: nRows = 24, nCols = 1
   chr
1 chr1
2 chr2
3 chr3
4 chr4
5 chr5
6 chr6


2026-08-17 18:11:17.904549 : (X__pt1_pre : 6 of 11) Adding Chromosome 1 of 24, 29.264 mins elapsed.
2026-08-17 18:11:19.337992 : (X__pt6_pre : 7 of 11) Adding Additional Feature Counts!, 29.288 mins elapsed.
2026-08-17 18:11:19.603597 : Adding TileMatrix to X__pt5_pre for Chr (6 of 22)!, 0.816 mins elapsed.

2026-08-17 18:11:20.103199 : NTiles_TileMatrix_6_chr6, Class = numeric

NTiles_TileMatrix_6_chr6: length = 1
  chr6 
341612 



2026-08-17 18:11:20.104477 : NCells_TileMatrix_6_chr6, Class = integer

NCells_TileMatrix_6_chr6: length = 1
[1] 5952



2026-08-17 18:11:20.105472 : MinTile_TileMatrix_6_chr6, Class = numeric

MinTile_TileMatrix_6_chr6: length = 1
[1] 237



2026-08-17 18:11:20.111209 : MaxTile_TileMatrix_6_chr6, Class = numeric

MaxTile_TileMatrix_6_chr6: length = 1
[1] 341461



2026-08-17 18:11:20.131564 : MinCell_TileMatrix_6_chr6, Class = integer

MinCell_TileMatrix_6_chr6: length = 1
[1] 1



2026-08-17 18:11:20.132635 : MaxCell_TileMatrix_6_chr6, Class = integer

MaxCell_TileMatrix_6_chr6: length = 1
[1] 5952


2026-08-17 18:11:20.68952 : Adding GeneScoreMatrix to X__pt9_pre for Chr (2 of 22)!, 2.094 mins elapsed.
2026-08-17 18:11:23.680092 : Adding GeneScoreMatrix to X__pt9_pre for Chr (3 of 22)!, 2.143 mins elapsed.

2026-08-17 18:11:25.299954 : (X__pt1_pre : 6 of 11) .tmpToArrow Fragments-Chr-(1 of 24)-chr1, Class = IRanges

(X__pt1_pre : 6 of 11) .tmpToArrow Fragments-Chr-(1 of 24)-chr1: length = 8958964
IRanges object with 6 ranges and 1 metadata column:
          start       end     width |                 RG
      <integer> <integer> <integer> |              <Rle>
  [1]     55547     55675       129 | TTAACGGAGAGTGGAA-1
  [2]    634015    634068        54 | TTAACGGAGAGTGGAA-1
  [3]    634020    634067        48 | TTAACGGAGAGTGGAA-1
  [4]    876273    876305        33 | TTAACGGAGAGTGGAA-1
  [5]    921229    921290        62 | TTAACGGAGAGTGGAA-1
  [6]    966927    967002        76 | TTAACGGAGAGTGGAA-1



2026-08-17 18:11:25.307881 : (X__pt1_pre : 6 of 11) .tmpToArrow Barcodes-Chr-(1 of 24)-chr1, Class = data.frame
(X__pt1_pre : 6 of 11) .tmpToArrow Barcodes-Chr-(1 of 24)-chr1: nRows = 7547, nCols = 1
                  bc
1 TTAACGGAGAGTGGAA-1
2 TCAGTTTTCCAATAGC-1
3 CTGGCAGAGTAACTCC-1
4 ATATTCCTCTAGCTGA-1
5 GTTACTTCAATGGCAG-1
6 CGGACTGAGCGTGTTT-1


2026-08-17 18:11:26.673822 : Adding TileMatrix to X__pt5_pre for Chr (7 of 22)!, 0.934 mins elapsed.
2026-08-17 18:11:26.93002 : (X__pt1_pre : 6 of 11) Adding Chromosome 2 of 24, 29.415 mins elapsed.

2026-08-17 18:11:27.192899 : NTiles_TileMatrix_7_chr7, Class = numeric

NTiles_TileMatrix_7_chr7: length = 1
  chr7 
318692 



2026-08-17 18:11:27.194232 : NCells_TileMatrix_7_chr7, Class = integer

NCells_TileMatrix_7_chr7: length = 1
[1] 5952



2026-08-17 18:11:27.195242 : MinTile_TileMatrix_7_chr7, Class = numeric

MinTile_TileMatrix_7_chr7: length = 1
[1] 21



2026-08-17 18:11:27.200749 : MaxTile_TileMatrix_7_chr7, Class = numeric

MaxTile_TileMatrix_7_chr7: length = 1
[1] 318672



2026-08-17 18:11:27.217386 : MinCell_TileMatrix_7_chr7, Class = integer

MinCell_TileMatrix_7_chr7: length = 1
[1] 1



2026-08-17 18:11:27.218464 : MaxCell_TileMatrix_7_chr7, Class = integer

MaxCell_TileMatrix_7_chr7: length = 1
[1] 5952


2026-08-17 18:11:27.717106 : Adding GeneScoreMatrix to X__pt9_pre for Chr (4 of 22)!, 2.211 mins elapsed.
2026-08-17 18:11:30.404523 : Adding GeneScoreMatrix to X__pt9_pre for Chr (5 of 22)!, 2.256 mins elapsed.
2026-08-17 18:11:32.812459 : Adding GeneScoreMatrix to X__pt9_pre for Chr (6 of 22)!, 2.296 mins elapsed.
2026-08-17 18:11:33.639958 : Adding TileMatrix to X__pt5_pre for Chr (8 of 22)!, 1.05 mins elapsed.
2026-08-17 18:11:33.757839 : (X__pt1_pre : 6 of 11) Adding Chromosome 3 of 24, 29.529 mins elapsed.

2026-08-17 18:11:34.103046 : NTiles_TileMatrix_8_chr8, Class = numeric

NTiles_TileMatrix_8_chr8: length = 1
  chr8 
290278 



2026-08-17 18:11:34.104457 : NCells_TileMatrix_8_chr8, Class = integer

NCells_TileMatrix_8_chr8: length = 1
[1] 5952



2026-08-17 18:11:34.105462 : MinTile_TileMatrix_8_chr8, Class = numeric

MinTile_TileMatrix_8_chr8: length = 1
[1] 143



2026-08-17 18:11:34.110085 : MaxTile_TileMatrix_8_chr8, Class = numeric

MaxTile_TileMatrix_8_chr8: length = 1
[1] 290154



2026-08-17 18:11:34.124444 : MinCell_TileMatrix_8_chr8, Class = integer

MinCell_TileMatrix_8_chr8: length = 1
[1] 1



2026-08-17 18:11:34.125531 : MaxCell_TileMatrix_8_chr8, Class = integer

MaxCell_TileMatrix_8_chr8: length = 1
[1] 5952


2026-08-17 18:11:36.654374 : Adding GeneScoreMatrix to X__pt9_pre for Chr (7 of 22)!, 2.36 mins elapsed.
2026-08-17 18:11:38.93069 : Adding GeneScoreMatrix to X__pt9_pre for Chr (8 of 22)!, 2.398 mins elapsed.
2026-08-17 18:11:39.524935 : (X__pt1_pre : 6 of 11) Adding Chromosome 4 of 24, 29.625 mins elapsed.
2026-08-17 18:11:40.114041 : Adding TileMatrix to X__pt5_pre for Chr (9 of 22)!, 1.158 mins elapsed.

2026-08-17 18:11:40.425482 : NTiles_TileMatrix_9_chr9, Class = numeric

NTiles_TileMatrix_9_chr9: length = 1
  chr9 
276790 



2026-08-17 18:11:40.426729 : NCells_TileMatrix_9_chr9, Class = integer

NCells_TileMatrix_9_chr9: length = 1
[1] 5952



2026-08-17 18:11:40.427699 : MinTile_TileMatrix_9_chr9, Class = numeric

MinTile_TileMatrix_9_chr9: length = 1
[1] 21



2026-08-17 18:11:40.432369 : MaxTile_TileMatrix_9_chr9, Class = numeric

MaxTile_TileMatrix_9_chr9: length = 1
[1] 276517



2026-08-17 18:11:40.446254 : MinCell_TileMatrix_9_chr9, Class = integer

MinCell_TileMatrix_9_chr9: length = 1
[1] 1



2026-08-17 18:11:40.447325 : MaxCell_TileMatrix_9_chr9, Class = integer

MaxCell_TileMatrix_9_chr9: length = 1
[1] 5952


2026-08-17 18:11:41.153421 : Adding GeneScoreMatrix to X__pt9_pre for Chr (9 of 22)!, 2.435 mins elapsed.
2026-08-17 18:11:44.034251 : (X__pt1_pre : 6 of 11) Adding Chromosome 5 of 24, 29.7 mins elapsed.
2026-08-17 18:11:44.388595 : Adding GeneScoreMatrix to X__pt9_pre for Chr (10 of 22)!, 2.489 mins elapsed.
2026-08-17 18:11:46.321615 : Adding TileMatrix to X__pt5_pre for Chr (10 of 22)!, 1.262 mins elapsed.

2026-08-17 18:11:46.667665 : NTiles_TileMatrix_10_chr10, Class = numeric

NTiles_TileMatrix_10_chr10: length = 1
 chr10 
267595 



2026-08-17 18:11:46.668983 : NCells_TileMatrix_10_chr10, Class = integer

NCells_TileMatrix_10_chr10: length = 1
[1] 5952



2026-08-17 18:11:46.670025 : MinTile_TileMatrix_10_chr10, Class = numeric

MinTile_TileMatrix_10_chr10: length = 1
[1] 23



2026-08-17 18:11:46.675232 : MaxTile_TileMatrix_10_chr10, Class = numeric

MaxTile_TileMatrix_10_chr10: length = 1
[1] 267575



2026-08-17 18:11:46.690668 : MinCell_TileMatrix_10_chr10, Class = integer

MinCell_TileMatrix_10_chr10: length = 1
[1] 1
2026-08-17 18:11:46.690975 : Adding GeneScoreMatrix to X__pt9_pre for Chr (11 of 22)!, 2.527 mins elapsed.



2026-08-17 18:11:46.691766 : MaxCell_TileMatrix_10_chr10, Class = integer

MaxCell_TileMatrix_10_chr10: length = 1
[1] 5952


2026-08-17 18:11:49.076066 : Adding GeneScoreMatrix to X__pt9_pre for Chr (12 of 22)!, 2.567 mins elapsed.
2026-08-17 18:11:49.542799 : (X__pt1_pre : 6 of 11) Adding Chromosome 6 of 24, 29.792 mins elapsed.
2026-08-17 18:11:51.173944 : (X__pt12pre : 3 of 11) Reading TabixFile 58 Percent, 29.819 mins elapsed.
2026-08-17 18:11:52.724998 : Adding TileMatrix to X__pt5_pre for Chr (11 of 22)!, 1.368 mins elapsed.
2026-08-17 18:11:52.94319 : Adding GeneScoreMatrix to X__pt9_pre for Chr (13 of 22)!, 2.631 mins elapsed.

2026-08-17 18:11:53.282767 : NTiles_TileMatrix_11_chr11, Class = numeric

NTiles_TileMatrix_11_chr11: length = 1
 chr11 
270174 



2026-08-17 18:11:53.283999 : NCells_TileMatrix_11_chr11, Class = integer

NCells_TileMatrix_11_chr11: length = 1
[1] 5952



2026-08-17 18:11:53.284988 : MinTile_TileMatrix_11_chr11, Class = numeric

MinTile_TileMatrix_11_chr11: length = 1
[1] 227



2026-08-17 18:11:53.290159 : MaxTile_TileMatrix_11_chr11, Class = numeric

MaxTile_TileMatrix_11_chr11: length = 1
[1] 270154



2026-08-17 18:11:53.307674 : MinCell_TileMatrix_11_chr11, Class = integer

MinCell_TileMatrix_11_chr11: length = 1
[1] 1



2026-08-17 18:11:53.308785 : MaxCell_TileMatrix_11_chr11, Class = integer

MaxCell_TileMatrix_11_chr11: length = 1
[1] 5952


2026-08-17 18:11:54.590789 : (X__pt1_pre : 6 of 11) Adding Chromosome 7 of 24, 29.876 mins elapsed.
2026-08-17 18:11:54.777305 : Adding GeneScoreMatrix to X__pt9_pre for Chr (14 of 22)!, 2.662 mins elapsed.
2026-08-17 18:11:56.856145 : Adding GeneScoreMatrix to X__pt9_pre for Chr (15 of 22)!, 2.696 mins elapsed.
2026-08-17 18:11:59.528071 : Adding TileMatrix to X__pt5_pre for Chr (12 of 22)!, 1.482 mins elapsed.
2026-08-17 18:11:59.537579 : (X__pt1_pre : 6 of 11) Adding Chromosome 8 of 24, 29.958 mins elapsed.

2026-08-17 18:11:59.818222 : NTiles_TileMatrix_12_chr12, Class = numeric

NTiles_TileMatrix_12_chr12: length = 1
 chr12 
266551 



2026-08-17 18:11:59.8195 : NCells_TileMatrix_12_chr12, Class = integer

NCells_TileMatrix_12_chr12: length = 1
[1] 5952



2026-08-17 18:11:59.820486 : MinTile_TileMatrix_12_chr12, Class = numeric

MinTile_TileMatrix_12_chr12: length = 1
[1] 21



2026-08-17 18:11:59.825527 : MaxTile_TileMatrix_12_chr12, Class = numeric

MaxTile_TileMatrix_12_chr12: length = 1
[1] 266530



2026-08-17 18:11:59.840971 : MinCell_TileMatrix_12_chr12, Class = integer

MinCell_TileMatrix_12_chr12: length = 1
[1] 1



2026-08-17 18:11:59.842026 : MaxCell_TileMatrix_12_chr12, Class = integer

MaxCell_TileMatrix_12_chr12: length = 1
[1] 5952


2026-08-17 18:12:00.179647 : Adding GeneScoreMatrix to X__pt9_pre for Chr (16 of 22)!, 2.752 mins elapsed.
2026-08-17 18:12:02.233999 : Adding GeneScoreMatrix to X__pt9_pre for Chr (17 of 22)!, 2.786 mins elapsed.
2026-08-17 18:12:04.361812 : Adding GeneScoreMatrix to X__pt9_pre for Chr (18 of 22)!, 2.822 mins elapsed.
2026-08-17 18:12:05.269926 : (X__pt1_pre : 6 of 11) Adding Chromosome 9 of 24, 30.054 mins elapsed.
2026-08-17 18:12:06.038506 : Adding TileMatrix to X__pt5_pre for Chr (13 of 22)!, 1.59 mins elapsed.

2026-08-17 18:12:06.517954 : NTiles_TileMatrix_13_chr13, Class = numeric

NTiles_TileMatrix_13_chr13: length = 1
 chr13 
228729 



2026-08-17 18:12:06.519229 : NCells_TileMatrix_13_chr13, Class = integer

NCells_TileMatrix_13_chr13: length = 1
[1] 5952



2026-08-17 18:12:06.520236 : MinTile_TileMatrix_13_chr13, Class = numeric

MinTile_TileMatrix_13_chr13: length = 1
[1] 36343



2026-08-17 18:12:06.523289 : MaxTile_TileMatrix_13_chr13, Class = numeric

MaxTile_TileMatrix_13_chr13: length = 1
[1] 228709



2026-08-17 18:12:06.531119 : MinCell_TileMatrix_13_chr13, Class = integer

MinCell_TileMatrix_13_chr13: length = 1
[1] 1



2026-08-17 18:12:06.532135 : MaxCell_TileMatrix_13_chr13, Class = integer

MaxCell_TileMatrix_13_chr13: length = 1
[1] 5952


2026-08-17 18:12:07.809944 : Adding GeneScoreMatrix to X__pt9_pre for Chr (19 of 22)!, 2.879 mins elapsed.
2026-08-17 18:12:09.952855 : Adding GeneScoreMatrix to X__pt9_pre for Chr (20 of 22)!, 2.915 mins elapsed.
2026-08-17 18:12:10.06147 : (X__pt1_pre : 6 of 11) Adding Chromosome 10 of 24, 30.134 mins elapsed.
2026-08-17 18:12:11.410352 : Adding TileMatrix to X__pt5_pre for Chr (14 of 22)!, 1.68 mins elapsed.

2026-08-17 18:12:11.711531 : NTiles_TileMatrix_14_chr14, Class = numeric

NTiles_TileMatrix_14_chr14: length = 1
 chr14 
214088 



2026-08-17 18:12:11.712806 : NCells_TileMatrix_14_chr14, Class = integer

NCells_TileMatrix_14_chr14: length = 1
[1] 5952



2026-08-17 18:12:11.713807 : MinTile_TileMatrix_14_chr14, Class = numeric

MinTile_TileMatrix_14_chr14: length = 1
[1] 32071



2026-08-17 18:12:11.717786 : MaxTile_TileMatrix_14_chr14, Class = numeric

MaxTile_TileMatrix_14_chr14: length = 1
[1] 213768



2026-08-17 18:12:11.729016 : MinCell_TileMatrix_14_chr14, Class = integer

MinCell_TileMatrix_14_chr14: length = 1
[1] 1



2026-08-17 18:12:11.730116 : MaxCell_TileMatrix_14_chr14, Class = integer

MaxCell_TileMatrix_14_chr14: length = 1
[1] 5952


2026-08-17 18:12:11.980267 : Adding GeneScoreMatrix to X__pt9_pre for Chr (21 of 22)!, 2.948 mins elapsed.
2026-08-17 18:12:14.209106 : (X__pt1_pre : 6 of 11) Adding Chromosome 11 of 24, 30.203 mins elapsed.
2026-08-17 18:12:14.864621 : Adding GeneScoreMatrix to X__pt9_pre for Chr (22 of 22)!, 2.997 mins elapsed.
2026-08-17 18:12:16.997145 : Adding TileMatrix to X__pt5_pre for Chr (15 of 22)!, 1.773 mins elapsed.

2026-08-17 18:12:17.224339 : NTiles_TileMatrix_15_chr15, Class = numeric

NTiles_TileMatrix_15_chr15: length = 1
 chr15 
203983 



2026-08-17 18:12:17.225599 : NCells_TileMatrix_15_chr15, Class = integer

NCells_TileMatrix_15_chr15: length = 1
[1] 5952



2026-08-17 18:12:17.226573 : MinTile_TileMatrix_15_chr15, Class = numeric

MinTile_TileMatrix_15_chr15: length = 1
[1] 34020



2026-08-17 18:12:17.230132 : MaxTile_TileMatrix_15_chr15, Class = numeric

MaxTile_TileMatrix_15_chr15: length = 1
[1] 203963



2026-08-17 18:12:17.240407 : MinCell_TileMatrix_15_chr15, Class = integer

MinCell_TileMatrix_15_chr15: length = 1
[1] 1



2026-08-17 18:12:17.241427 : MaxCell_TileMatrix_15_chr15, Class = integer

MaxCell_TileMatrix_15_chr15: length = 1
[1] 5952


2026-08-17 18:12:19.099202 : (X__pt1_pre : 6 of 11) Adding Chromosome 12 of 24, 30.284 mins elapsed.
2026-08-17 18:12:19.223689 : (X__pt9_pre : 10 of 11) Finished Adding GeneScoreMatrix!, 30.286 mins elapsed.
2026-08-17 18:12:19.225333 : (X__pt9_pre : 10 of 11) Finished Creating Arrow File, 30.286 mins elapsed.
2026-08-17 18:12:22.433298 : Adding TileMatrix to X__pt5_pre for Chr (16 of 22)!, 1.864 mins elapsed.

2026-08-17 18:12:22.676719 : NTiles_TileMatrix_16_chr16, Class = numeric

NTiles_TileMatrix_16_chr16: length = 1
 chr16 
180677 



2026-08-17 18:12:22.677944 : NCells_TileMatrix_16_chr16, Class = integer

NCells_TileMatrix_16_chr16: length = 1
[1] 5952



2026-08-17 18:12:22.678914 : MinTile_TileMatrix_16_chr16, Class = numeric

MinTile_TileMatrix_16_chr16: length = 1
[1] 21



2026-08-17 18:12:22.682959 : MaxTile_TileMatrix_16_chr16, Class = numeric

MaxTile_TileMatrix_16_chr16: length = 1
[1] 180454



2026-08-17 18:12:22.695907 : MinCell_TileMatrix_16_chr16, Class = integer

MinCell_TileMatrix_16_chr16: length = 1
[1] 1



2026-08-17 18:12:22.696925 : MaxCell_TileMatrix_16_chr16, Class = integer

MaxCell_TileMatrix_16_chr16: length = 1
[1] 5952


2026-08-17 18:12:23.751034 : (X__pt1_pre : 6 of 11) Adding Chromosome 13 of 24, 30.362 mins elapsed.
2026-08-17 18:12:26.808173 : (X__pt1_pre : 6 of 11) Adding Chromosome 14 of 24, 30.413 mins elapsed.
2026-08-17 18:12:28.096066 : Adding TileMatrix to X__pt5_pre for Chr (17 of 22)!, 1.958 mins elapsed.

2026-08-17 18:12:28.749359 : NTiles_TileMatrix_17_chr17, Class = numeric

NTiles_TileMatrix_17_chr17: length = 1
 chr17 
166515 



2026-08-17 18:12:28.750592 : NCells_TileMatrix_17_chr17, Class = integer

NCells_TileMatrix_17_chr17: length = 1
[1] 5952



2026-08-17 18:12:28.751561 : MinTile_TileMatrix_17_chr17, Class = numeric

MinTile_TileMatrix_17_chr17: length = 1
[1] 146



2026-08-17 18:12:28.756718 : MaxTile_TileMatrix_17_chr17, Class = numeric

MaxTile_TileMatrix_17_chr17: length = 1
[1] 166495



2026-08-17 18:12:28.773167 : MinCell_TileMatrix_17_chr17, Class = integer

MinCell_TileMatrix_17_chr17: length = 1
[1] 1



2026-08-17 18:12:28.774211 : MaxCell_TileMatrix_17_chr17, Class = integer

MaxCell_TileMatrix_17_chr17: length = 1
[1] 5952


2026-08-17 18:12:30.525832 : (X__pt1_pre : 6 of 11) Adding Chromosome 15 of 24, 30.475 mins elapsed.
2026-08-17 18:12:34.071787 : (X__pt1_pre : 6 of 11) Adding Chromosome 16 of 24, 30.534 mins elapsed.
2026-08-17 18:12:34.758288 : Adding TileMatrix to X__pt5_pre for Chr (18 of 22)!, 2.069 mins elapsed.

2026-08-17 18:12:34.93113 : NTiles_TileMatrix_18_chr18, Class = numeric

NTiles_TileMatrix_18_chr18: length = 1
 chr18 
160747 



2026-08-17 18:12:34.932372 : NCells_TileMatrix_18_chr18, Class = integer

NCells_TileMatrix_18_chr18: length = 1
[1] 5952



2026-08-17 18:12:34.93336 : MinTile_TileMatrix_18_chr18, Class = numeric

MinTile_TileMatrix_18_chr18: length = 1
[1] 20



2026-08-17 18:12:34.936242 : MaxTile_TileMatrix_18_chr18, Class = numeric

MaxTile_TileMatrix_18_chr18: length = 1
[1] 160527



2026-08-17 18:12:34.943308 : MinCell_TileMatrix_18_chr18, Class = integer

MinCell_TileMatrix_18_chr18: length = 1
[1] 1



2026-08-17 18:12:34.944317 : MaxCell_TileMatrix_18_chr18, Class = integer

MaxCell_TileMatrix_18_chr18: length = 1
[1] 5952


2026-08-17 18:12:37.694282 : (X__pt1_pre : 6 of 11) Adding Chromosome 17 of 24, 30.594 mins elapsed.
2026-08-17 18:12:39.575402 : Adding TileMatrix to X__pt5_pre for Chr (19 of 22)!, 2.149 mins elapsed.

2026-08-17 18:12:39.850677 : NTiles_TileMatrix_19_chr19, Class = numeric

NTiles_TileMatrix_19_chr19: length = 1
 chr19 
117236 



2026-08-17 18:12:39.851891 : NCells_TileMatrix_19_chr19, Class = integer

NCells_TileMatrix_19_chr19: length = 1
[1] 5952



2026-08-17 18:12:39.852859 : MinTile_TileMatrix_19_chr19, Class = numeric

MinTile_TileMatrix_19_chr19: length = 1
[1] 179



2026-08-17 18:12:39.857521 : MaxTile_TileMatrix_19_chr19, Class = numeric

MaxTile_TileMatrix_19_chr19: length = 1
[1] 117216



2026-08-17 18:12:39.871869 : MinCell_TileMatrix_19_chr19, Class = integer

MinCell_TileMatrix_19_chr19: length = 1
[1] 1



2026-08-17 18:12:39.872884 : MaxCell_TileMatrix_19_chr19, Class = integer

MaxCell_TileMatrix_19_chr19: length = 1
[1] 5952


2026-08-17 18:12:42.167196 : (X__pt1_pre : 6 of 11) Adding Chromosome 18 of 24, 30.669 mins elapsed.
2026-08-17 18:12:43.887591 : (X__pt17pre : 5 of 11) Reading TabixFile 83 Percent, 30.697 mins elapsed.
2026-08-17 18:12:45.178943 : (X__pt1_pre : 6 of 11) Adding Chromosome 19 of 24, 30.719 mins elapsed.
2026-08-17 18:12:45.598154 : Adding TileMatrix to X__pt5_pre for Chr (20 of 22)!, 2.25 mins elapsed.

2026-08-17 18:12:45.968508 : NTiles_TileMatrix_20_chr20, Class = numeric

NTiles_TileMatrix_20_chr20: length = 1
 chr20 
128889 



2026-08-17 18:12:45.96977 : NCells_TileMatrix_20_chr20, Class = integer

NCells_TileMatrix_20_chr20: length = 1
[1] 5952



2026-08-17 18:12:45.970762 : MinTile_TileMatrix_20_chr20, Class = numeric

MinTile_TileMatrix_20_chr20: length = 1
[1] 121



2026-08-17 18:12:45.974046 : MaxTile_TileMatrix_20_chr20, Class = numeric

MaxTile_TileMatrix_20_chr20: length = 1
[1] 128668



2026-08-17 18:12:45.982665 : MinCell_TileMatrix_20_chr20, Class = integer

MinCell_TileMatrix_20_chr20: length = 1
[1] 1



2026-08-17 18:12:45.983677 : MaxCell_TileMatrix_20_chr20, Class = integer

MaxCell_TileMatrix_20_chr20: length = 1
[1] 5952


2026-08-17 18:12:49.651296 : (X__pt1_pre : 6 of 11) Adding Chromosome 20 of 24, 30.793 mins elapsed.
2026-08-17 18:12:50.835032 : Adding TileMatrix to X__pt5_pre for Chr (21 of 22)!, 2.337 mins elapsed.

2026-08-17 18:12:50.958638 : NTiles_TileMatrix_21_chr21, Class = numeric

NTiles_TileMatrix_21_chr21: length = 1
chr21 
93420 



2026-08-17 18:12:50.959906 : NCells_TileMatrix_21_chr21, Class = integer

NCells_TileMatrix_21_chr21: length = 1
[1] 5952



2026-08-17 18:12:50.96091 : MinTile_TileMatrix_21_chr21, Class = numeric

MinTile_TileMatrix_21_chr21: length = 1
[1] 10062



2026-08-17 18:12:50.962892 : MaxTile_TileMatrix_21_chr21, Class = numeric

MaxTile_TileMatrix_21_chr21: length = 1
[1] 93400



2026-08-17 18:12:50.967195 : MinCell_TileMatrix_21_chr21, Class = integer

MinCell_TileMatrix_21_chr21: length = 1
[1] 1



2026-08-17 18:12:50.968206 : MaxCell_TileMatrix_21_chr21, Class = integer

MaxCell_TileMatrix_21_chr21: length = 1
[1] 5952


2026-08-17 18:12:53.065686 : (X__pt1_pre : 6 of 11) Adding Chromosome 21 of 24, 30.85 mins elapsed.
2026-08-17 18:12:55.30265 : Adding TileMatrix to X__pt5_pre for Chr (22 of 22)!, 2.411 mins elapsed.
2026-08-17 18:12:55.594464 : (X__pt1_pre : 6 of 11) Adding Chromosome 22 of 24, 30.892 mins elapsed.

2026-08-17 18:12:55.632647 : NTiles_TileMatrix_22_chr22, Class = numeric

NTiles_TileMatrix_22_chr22: length = 1
 chr22 
101637 



2026-08-17 18:12:55.633858 : NCells_TileMatrix_22_chr22, Class = integer

NCells_TileMatrix_22_chr22: length = 1
[1] 5952



2026-08-17 18:12:55.63482 : MinTile_TileMatrix_22_chr22, Class = numeric

MinTile_TileMatrix_22_chr22: length = 1
[1] 21041



2026-08-17 18:12:55.637487 : MaxTile_TileMatrix_22_chr22, Class = numeric

MaxTile_TileMatrix_22_chr22: length = 1
[1] 101617



2026-08-17 18:12:55.644244 : MinCell_TileMatrix_22_chr22, Class = integer

MinCell_TileMatrix_22_chr22: length = 1
[1] 1



2026-08-17 18:12:55.645244 : MaxCell_TileMatrix_22_chr22, Class = integer

MaxCell_TileMatrix_22_chr22: length = 1
[1] 5952


2026-08-17 18:12:58.309683 : (X__pt1_pre : 6 of 11) Adding Chromosome 23 of 24, 30.938 mins elapsed.
2026-08-17 18:13:01.249131 : (X__pt1_pre : 6 of 11) Adding Chromosome 24 of 24, 30.987 mins elapsed.
2026-08-17 18:13:01.465785 : (X__pt5_pre : 8 of 11) Finished Adding TileMatrix!, 30.99 mins elapsed.
2026-08-17 18:13:01.467128 : (X__pt5_pre : 8 of 11) Adding GeneScoreMatrix!, 30.99 mins elapsed.


2026-08-17 18:13:01.809331 : X__pt5_pre .addGeneScoreMat geneRegions, Class = GRanges
GRanges object with 31344 ranges and 5 metadata columns:
          seqnames            ranges strand |     gene_id       symbol
             <Rle>         <IRanges>  <Rle> | <character>  <character>
      [1]     chr1        6869-14409      + |   100287102      DDX11L1
      [2]     chr1       14404-34570      - |      653635       WASH7P
      [3]     chr1       17369-22436      - |   102466751    MIR6859-1
      [4]     chr1       24554-31109      + |   107985730  MIR1302-2HG
      [5]     chr1       25366-30503      + |   100302278    MIR1302-2
      ...      ...               ...    ... .         ...          ...
  [31340]    chr22 50667714-50733212      + |       85358       SHANK3
  [31341]    chr22 50733196-50745339      + |          49          ACR
  [31342]    chr22 50735825-50743139      - |   105373100 LOC105373100
  [31343]    chr22 50751948-50801309      + |      284942    RPL23AP82
  [31344]    chr22 50767501-50788667      - |       11158       RABL2B
          geneStart   geneEnd geneWeight
          <integer> <integer>  <numeric>
      [1]     11869     14409    3.67937
      [2]     29570     14404    2.00189
      [3]     17436     17369    4.98680
      [4]     29554     31109    4.08192
      [5]     30366     30503    4.93248
      ...       ...       ...        ...
  [31340]  50672714  50733212    1.30848
  [31341]  50738196  50745339    2.66379
  [31342]  50738139  50735825    3.76215
  [31343]  50756948  50801309    1.40932
  [31344]  50783667  50767501    1.95456
  -------
  seqinfo: 22 sequences from hg38 genome

2026-08-17 18:13:01.960591 : Creating Temp GeneScoreMatrix for X__pt5_pre, Chr (1 of 22)!, 0 mins elapsed.
2026-08-17 18:13:02.983115 : (X__pt1_pre : 6 of 11) Successful creation of Arrow File, 31.016 mins elapsed.
2026-08-17 18:13:04.111423 : (X__pt14pre : 4 of 11) Reading TabixFile 83 Percent, 31.034 mins elapsed.
2026-08-17 18:13:04.329504 : (X__pt1_pre : 6 of 11) Adding Fragment Summary, 31.038 mins elapsed.
2026-08-17 18:13:09.653796 : Creating Temp GeneScoreMatrix for X__pt5_pre, Chr (2 of 22)!, 0.128 mins elapsed.
2026-08-17 18:13:16.659187 : Creating Temp GeneScoreMatrix for X__pt5_pre, Chr (3 of 22)!, 0.245 mins elapsed.
2026-08-17 18:13:22.998704 : Creating Temp GeneScoreMatrix for X__pt5_pre, Chr (4 of 22)!, 0.351 mins elapsed.
2026-08-17 18:13:23.442231 : (X__pt1_pre : 6 of 11) Plotting Fragment Size Distribution, 31.357 mins elapsed.
2026-08-17 18:13:25.08797 : (X__pt1_pre : 6 of 11) Computing TSS Enrichment Scores, 31.384 mins elapsed.
2026-08-17 18:13:28.619153 : Creating Temp GeneScoreMatrix for X__pt5_pre, Chr (5 of 22)!, 0.444 mins elapsed.
2026-08-17 18:13:34.797936 : (X__pt6_pre : 7 of 11) Finished Adding Additional Feature Counts!, 31.546 mins elapsed.

2026-08-17 18:13:34.798527 : (X__pt6_pre : 7 of 11) Metadata, Class = DFrame
DataFrame with 4755 rows and 12 columns
                  cellNames    nFrags nMonoFrags  nDiFrags nMultiFrags
                <character> <numeric>  <numeric> <numeric>   <numeric>
1    X__pt6_pre#GGTAGGAAG..    452133     245507    194693       11933
2    X__pt6_pre#GCGCCAATC..    354613     189486    153532       11595
3    X__pt6_pre#GTTGGTACA..    348361     190644    148689        9028
4    X__pt6_pre#TTGAGTGGT..    340698     180268    150846        9584
5    X__pt6_pre#TGACAACCA..    334092     172846    152204        9042
...                     ...       ...        ...       ...         ...
4751 X__pt6_pre#TGCTATTTC..      1006        548       439          19
4752 X__pt6_pre#ACTGCGGAG..      1004        517       455          32
4753 X__pt6_pre#GTAGTACCA..      1003        523       456          24
4754 X__pt6_pre#GCTCAGGTC..      1001        530       449          22
4755 X__pt6_pre#TGGCGCATC..      1000        511       456          33
     TSSEnrichment ReadsInTSS      Keep ReadsInPromoter PromoterRatio
         <numeric>  <numeric> <numeric>       <numeric>     <numeric>
1           10.514     137559         1          135521      0.149869
2           11.137     114927         1          110752      0.156159
3            9.858      89926         1           89010      0.127755
4           11.064     110040         1          106254      0.155936
5           10.404      92774         1           90761      0.135832
...            ...        ...       ...             ...           ...
4751        12.815        343         1             286      0.142147
4752        11.184        305         1             318      0.158367
4753         7.669        244         1             228      0.113659
4754         7.828        253         1             297      0.148352
4755         8.395        301         1             317      0.158500
     ReadsInBlacklist BlacklistRatio
            <numeric>      <numeric>
1                5557     0.00614532
2                4284     0.00604039
3                4390     0.00630093
4                4173     0.00612419
5                3977     0.00595195
...               ...            ...
4751               20     0.00994036
4752               12     0.00597610
4753               10     0.00498504
4754               20     0.00999001
4755                6     0.00300000

2026-08-17 18:13:34.896703 : (X__pt6_pre : 7 of 11) Removing Fragments from Filtered Cells, 31.547 mins elapsed.
2026-08-17 18:13:34.896784 : Creating Temp GeneScoreMatrix for X__pt5_pre, Chr (6 of 22)!, 0.549 mins elapsed.
2026-08-17 18:13:34.900427 : (X__pt6_pre : 7 of 11) Creating Filtered Arrow File, 31.548 mins elapsed.
2026-08-17 18:13:38.95031 : (X__pt17pre : 5 of 11) Reading TabixFile 92 Percent, 31.615 mins elapsed.

2026-08-17 18:13:39.245379 : (X__pt6_pre : 7 of 11) .filterCellsFromArrow Fragments-Chr-(1 of 24)-chr1, Class = GRanges
GRanges object with 9923294 ranges and 1 metadata column:
            seqnames              ranges strand |                     RG
               <Rle>           <IRanges>  <Rle> |                  <Rle>
        [1]     chr1         88290-88511      * | X__pt6_pre#GGTAGGAAG..
        [2]     chr1       629937-629973      * | X__pt6_pre#GGTAGGAAG..
        [3]     chr1       633986-634038      * | X__pt6_pre#GGTAGGAAG..
        [4]     chr1       633990-634033      * | X__pt6_pre#GGTAGGAAG..
        [5]     chr1       633993-634030      * | X__pt6_pre#GGTAGGAAG..
        ...      ...                 ...    ... .                    ...
  [9923290]     chr1 235122694-235123053      * | X__pt6_pre#TGGCGCATC..
  [9923291]     chr1 238240470-238240510      * | X__pt6_pre#TGGCGCATC..
  [9923292]     chr1 242913528-242913557      * | X__pt6_pre#TGGCGCATC..
  [9923293]     chr1 243510239-243510371      * | X__pt6_pre#TGGCGCATC..
  [9923294]     chr1 243861645-243861822      * | X__pt6_pre#TGGCGCATC..
  -------
  seqinfo: 1 sequence from an unspecified genome; no seqlengths


2026-08-17 18:13:39.256463 : (X__pt6_pre : 7 of 11) .filterCellsFromArrow Barcodes-Chr-(1 of 24)-chr1, Class = data.frame
(X__pt6_pre : 7 of 11) .filterCellsFromArrow Barcodes-Chr-(1 of 24)-chr1: nRows = 4755, nCols = 1
                             bc
1 X__pt6_pre#GGTAGGAAGCCATCAT-1
2 X__pt6_pre#GCGCCAATCAGAATGA-1
3 X__pt6_pre#GTTGGTACAAGCCTTA-1
4 X__pt6_pre#TTGAGTGGTCAGCTTA-1
5 X__pt6_pre#TGACAACCAAGCAACG-1
6 X__pt6_pre#CGCGCAACAAGAAACT-1


2026-08-17 18:13:41.360328 : Creating Temp GeneScoreMatrix for X__pt5_pre, Chr (7 of 22)!, 0.657 mins elapsed.
2026-08-17 18:13:47.533023 : Creating Temp GeneScoreMatrix for X__pt5_pre, Chr (8 of 22)!, 0.76 mins elapsed.
2026-08-17 18:13:53.096751 : Creating Temp GeneScoreMatrix for X__pt5_pre, Chr (9 of 22)!, 0.852 mins elapsed.
2026-08-17 18:13:58.475577 : Creating Temp GeneScoreMatrix for X__pt5_pre, Chr (10 of 22)!, 0.942 mins elapsed.
2026-08-17 18:14:00.783649 : (X__pt12pre : 3 of 11) Reading TabixFile 67 Percent, 31.979 mins elapsed.
2026-08-17 18:14:01.718381 : (X__pt16pre : 9 of 11) Computed TSS Scores!, 3.053 mins elapsed.
2026-08-17 18:14:01.729836 : (X__pt16pre : 9 of 11) CellStats : Number of Cells Pass Filter = 13778 , 31.995 mins elapsed.
2026-08-17 18:14:01.733152 : (X__pt16pre : 9 of 11) CellStats : Median Frags = 12811 , 31.995 mins elapsed.
2026-08-17 18:14:01.736507 : (X__pt16pre : 9 of 11) CellStats : Median TSS Enrichment = 4.98 , 31.995 mins elapsed.
2026-08-17 18:14:01.736984 : (X__pt16pre : 9 of 11) Plotting TSS Enrichment Scores, 31.995 mins elapsed.
2026-08-17 18:14:01.870417 : (X__pt14pre : 4 of 11) Reading TabixFile 92 Percent, 31.997 mins elapsed.
2026-08-17 18:14:03.916653 : (X__pt16pre : 9 of 11) Adding Metadata to Fragments, 32.031 mins elapsed.
2026-08-17 18:14:04.367336 : Creating Temp GeneScoreMatrix for X__pt5_pre, Chr (11 of 22)!, 1.04 mins elapsed.
2026-08-17 18:14:05.419216 : (X__pt16pre : 9 of 11) Adding Additional Feature Counts!, 32.056 mins elapsed.
2026-08-17 18:14:10.10811 : Creating Temp GeneScoreMatrix for X__pt5_pre, Chr (12 of 22)!, 1.136 mins elapsed.
2026-08-17 18:14:16.225965 : Creating Temp GeneScoreMatrix for X__pt5_pre, Chr (13 of 22)!, 1.238 mins elapsed.
2026-08-17 18:14:21.252403 : Creating Temp GeneScoreMatrix for X__pt5_pre, Chr (14 of 22)!, 1.322 mins elapsed.
2026-08-17 18:14:27.337278 : Creating Temp GeneScoreMatrix for X__pt5_pre, Chr (15 of 22)!, 1.423 mins elapsed.
2026-08-17 18:14:32.336169 : Creating Temp GeneScoreMatrix for X__pt5_pre, Chr (16 of 22)!, 1.506 mins elapsed.
2026-08-17 18:14:37.45567 : Creating Temp GeneScoreMatrix for X__pt5_pre, Chr (17 of 22)!, 1.592 mins elapsed.
2026-08-17 18:14:43.112121 : Creating Temp GeneScoreMatrix for X__pt5_pre, Chr (18 of 22)!, 1.686 mins elapsed.
2026-08-17 18:14:44.467255 : (X__pt6_pre : 7 of 11) Finished Constructing Filtered Arrow File!, 32.707 mins elapsed.
2026-08-17 18:14:44.561214 : (X__pt6_pre : 7 of 11) Adding TileMatrix!, 32.709 mins elapsed.

2026-08-17 18:14:45.832677 : X__pt6_pre .addTileMat FeatureDF, Class = DFrame
DataFrame with 5750013 rows and 3 columns
           seqnames       idx     start
        <character> <integer> <numeric>
1              chr1         1         0
2              chr1         2       500
3              chr1         3      1000
4              chr1         4      1500
5              chr1         5      2000
...             ...       ...       ...
5750009       chr22    101633  50816000
5750010       chr22    101634  50816500
5750011       chr22    101635  50817000
5750012       chr22    101636  50817500
5750013       chr22    101637  50818000

2026-08-17 18:14:47.868774 : Creating Temp GeneScoreMatrix for X__pt5_pre, Chr (19 of 22)!, 1.765 mins elapsed.
2026-08-17 18:14:53.03091 : Creating Temp GeneScoreMatrix for X__pt5_pre, Chr (20 of 22)!, 1.851 mins elapsed.
2026-08-17 18:14:53.352078 : Adding TileMatrix to X__pt6_pre for Chr (1 of 22)!, 0.146 mins elapsed.

2026-08-17 18:14:54.812936 : NTiles_TileMatrix_1_chr1, Class = numeric

NTiles_TileMatrix_1_chr1: length = 1
  chr1 
497913 



2026-08-17 18:14:54.814254 : NCells_TileMatrix_1_chr1, Class = integer

NCells_TileMatrix_1_chr1: length = 1
[1] 4755



2026-08-17 18:14:54.815754 : MinTile_TileMatrix_1_chr1, Class = numeric

MinTile_TileMatrix_1_chr1: length = 1
[1] 21



2026-08-17 18:14:54.833187 : MaxTile_TileMatrix_1_chr1, Class = numeric

MaxTile_TileMatrix_1_chr1: length = 1
[1] 497893



2026-08-17 18:14:54.896419 : MinCell_TileMatrix_1_chr1, Class = integer

MinCell_TileMatrix_1_chr1: length = 1
[1] 1



2026-08-17 18:14:54.897971 : MaxCell_TileMatrix_1_chr1, Class = integer

MaxCell_TileMatrix_1_chr1: length = 1
[1] 4755


2026-08-17 18:14:57.824215 : Creating Temp GeneScoreMatrix for X__pt5_pre, Chr (21 of 22)!, 1.931 mins elapsed.
2026-08-17 18:15:02.115023 : Creating Temp GeneScoreMatrix for X__pt5_pre, Chr (22 of 22)!, 2.003 mins elapsed.
2026-08-17 18:15:04.670461 : (X__pt17pre : 5 of 11) Reading TabixFile 100 Percent, 33.044 mins elapsed.
2026-08-17 18:15:08.436012 : (X__pt17pre : 5 of 11) Successful creation of Temporary File, 33.106 mins elapsed.
2026-08-17 18:15:08.43863 : (X__pt17pre : 5 of 11) Creating ArrowFile From Temporary File, 33.107 mins elapsed.

2026-08-17 18:15:08.902765 : X__pt5_pre .addGeneScoreMat FeatureDF, Class = data.frame
X__pt5_pre .addGeneScoreMat FeatureDF: nRows = 31344, nCols = 6
  seqnames start   end strand        name idx
1     chr1 11869 14409      1     DDX11L1   1
2     chr1 29570 14404      2      WASH7P   2
3     chr1 17436 17369      2   MIR6859-1   3
4     chr1 29554 31109      1 MIR1302-2HG   4
5     chr1 30366 30503      1   MIR1302-2   5
6     chr1 36081 34554      2     FAM138A   6


2026-08-17 18:15:10.626838 : Adding GeneScoreMatrix to X__pt5_pre for Chr (1 of 22)!, 2.144 mins elapsed.
2026-08-17 18:15:11.97091 : Adding TileMatrix to X__pt6_pre for Chr (2 of 22)!, 0.457 mins elapsed.

2026-08-17 18:15:13.001742 : (X__pt17pre : 5 of 11) chunkChrNames, Class = data.frame
(X__pt17pre : 5 of 11) chunkChrNames: nRows = 118, nCols = 1
     chunkNames
1   chr1#chunk1
2   chr1#chunk2
3   chr1#chunk3
4   chr1#chunk4
5   chr1#chunk5
6 chr10#chunk46


2026-08-17 18:15:13.004599 : (X__pt17pre : 5 of 11) Counting Unique Barcodes From Temporary File, 33.183 mins elapsed.

2026-08-17 18:15:13.225661 : NTiles_TileMatrix_2_chr2, Class = numeric

NTiles_TileMatrix_2_chr2: length = 1
  chr2 
484388 



2026-08-17 18:15:13.22694 : NCells_TileMatrix_2_chr2, Class = integer

NCells_TileMatrix_2_chr2: length = 1
[1] 4755



2026-08-17 18:15:13.227918 : MinTile_TileMatrix_2_chr2, Class = numeric

MinTile_TileMatrix_2_chr2: length = 1
[1] 21



2026-08-17 18:15:13.24172 : MaxTile_TileMatrix_2_chr2, Class = numeric

MaxTile_TileMatrix_2_chr2: length = 1
[1] 484367



2026-08-17 18:15:13.2868 : MinCell_TileMatrix_2_chr2, Class = integer

MinCell_TileMatrix_2_chr2: length = 1
[1] 1



2026-08-17 18:15:13.28791 : MaxCell_TileMatrix_2_chr2, Class = integer

MaxCell_TileMatrix_2_chr2: length = 1
[1] 4755


2026-08-17 18:15:15.191241 : Adding GeneScoreMatrix to X__pt5_pre for Chr (2 of 22)!, 2.221 mins elapsed.

2026-08-17 18:15:16.84497 : (X__pt17pre : 5 of 11) BarcodeFrequencyTable, Class = data.table
 
2026-08-17 18:15:16.84497 : (X__pt17pre : 5 of 11) BarcodeFrequencyTable, Class = data.frame
(X__pt17pre : 5 of 11) BarcodeFrequencyTable: nRows = 20020, nCols = 2
            values.V1    V1
               <char> <int>
1: CTCTACGCATACAACC-1 45267
2: AAATGAGCAATCAGGG-1 43045
3: GGTTGCGTCACTGGTA-1 42465
4: TGGGTTACAGGTGGTA-1 41685
5: CCACAGGTCGCGTTCT-1 37833
6: ACGTGGCAGTCAGCCC-1 37813



2026-08-17 18:15:16.859225 : (X__pt17pre : 5 of 11) BarcodesMinMaxFrags, Class = data.frame
(X__pt17pre : 5 of 11) BarcodesMinMaxFrags: nRows = 20020, nCols = 1
                  bc
1 CTCTACGCATACAACC-1
2 AAATGAGCAATCAGGG-1
3 GGTTGCGTCACTGGTA-1
4 TGGGTTACAGGTGGTA-1
5 CCACAGGTCGCGTTCT-1
6 ACGTGGCAGTCAGCCC-1



2026-08-17 18:15:18.316604 : (X__pt17pre : 5 of 11) Unique Chromosomes, Class = data.frame
(X__pt17pre : 5 of 11) Unique Chromosomes: nRows = 24, nCols = 1
   chr
1 chr1
2 chr2
3 chr3
4 chr4
5 chr5
6 chr6


2026-08-17 18:15:18.318475 : (X__pt17pre : 5 of 11) Adding Chromosome 1 of 24, 33.271 mins elapsed.
2026-08-17 18:15:18.660257 : Adding GeneScoreMatrix to X__pt5_pre for Chr (3 of 22)!, 2.278 mins elapsed.
2026-08-17 18:15:18.717991 : (X__pt24pre : 2 of 11) Reading TabixFile 33 Percent, 33.278 mins elapsed.
2026-08-17 18:15:23.035551 : Adding GeneScoreMatrix to X__pt5_pre for Chr (4 of 22)!, 2.351 mins elapsed.
2026-08-17 18:15:25.622496 : Adding TileMatrix to X__pt6_pre for Chr (3 of 22)!, 0.684 mins elapsed.
2026-08-17 18:15:25.635117 : Adding GeneScoreMatrix to X__pt5_pre for Chr (5 of 22)!, 2.395 mins elapsed.

2026-08-17 18:15:27.131266 : NTiles_TileMatrix_3_chr3, Class = numeric

NTiles_TileMatrix_3_chr3: length = 1
  chr3 
396592 



2026-08-17 18:15:27.132583 : NCells_TileMatrix_3_chr3, Class = integer

NCells_TileMatrix_3_chr3: length = 1
[1] 4755



2026-08-17 18:15:27.13359 : MinTile_TileMatrix_3_chr3, Class = numeric

MinTile_TileMatrix_3_chr3: length = 1
[1] 21



2026-08-17 18:15:27.14737 : MaxTile_TileMatrix_3_chr3, Class = numeric

MaxTile_TileMatrix_3_chr3: length = 1
[1] 396441



2026-08-17 18:15:27.19229 : MinCell_TileMatrix_3_chr3, Class = integer

MinCell_TileMatrix_3_chr3: length = 1
[1] 1



2026-08-17 18:15:27.19346 : MaxCell_TileMatrix_3_chr3, Class = integer

MaxCell_TileMatrix_3_chr3: length = 1
[1] 4755


2026-08-17 18:15:28.732572 : Adding GeneScoreMatrix to X__pt5_pre for Chr (6 of 22)!, 2.446 mins elapsed.
2026-08-17 18:15:33.182047 : Adding GeneScoreMatrix to X__pt5_pre for Chr (7 of 22)!, 2.52 mins elapsed.
2026-08-17 18:15:34.735753 : (X__pt14pre : 4 of 11) Reading TabixFile 100 Percent, 33.545 mins elapsed.
2026-08-17 18:15:36.132699 : Adding GeneScoreMatrix to X__pt5_pre for Chr (8 of 22)!, 2.57 mins elapsed.
2026-08-17 18:15:36.161603 : (X__pt14pre : 4 of 11) Successful creation of Temporary File, 33.569 mins elapsed.
2026-08-17 18:15:36.164105 : (X__pt14pre : 4 of 11) Creating ArrowFile From Temporary File, 33.569 mins elapsed.

2026-08-17 18:15:36.318 : (X__pt17pre : 5 of 11) .tmpToArrow Fragments-Chr-(1 of 24)-chr1, Class = IRanges

(X__pt17pre : 5 of 11) .tmpToArrow Fragments-Chr-(1 of 24)-chr1: length = 17061935
IRanges object with 6 ranges and 1 metadata column:
          start       end     width |                 RG
      <integer> <integer> <integer> |              <Rle>
  [1]    634414    634442        29 | CTCTACGCATACAACC-1
  [2]    884972    885147       176 | CTCTACGCATACAACC-1
  [3]    917129    917308       180 | CTCTACGCATACAACC-1
  [4]   1019394   1019484        91 | CTCTACGCATACAACC-1
  [5]   1260136   1260212        77 | CTCTACGCATACAACC-1
  [6]   1264709   1264914       206 | CTCTACGCATACAACC-1



2026-08-17 18:15:36.325393 : (X__pt17pre : 5 of 11) .tmpToArrow Barcodes-Chr-(1 of 24)-chr1, Class = data.frame
(X__pt17pre : 5 of 11) .tmpToArrow Barcodes-Chr-(1 of 24)-chr1: nRows = 20020, nCols = 1
                  bc
1 CTCTACGCATACAACC-1
2 AAATGAGCAATCAGGG-1
3 GGTTGCGTCACTGGTA-1
4 TGGGTTACAGGTGGTA-1
5 CCACAGGTCGCGTTCT-1
6 ACGTGGCAGTCAGCCC-1


2026-08-17 18:15:37.682921 : Adding TileMatrix to X__pt6_pre for Chr (4 of 22)!, 0.885 mins elapsed.
2026-08-17 18:15:38.546171 : (X__pt17pre : 5 of 11) Adding Chromosome 2 of 24, 33.608 mins elapsed.

2026-08-17 18:15:38.609852 : NTiles_TileMatrix_4_chr4, Class = numeric

NTiles_TileMatrix_4_chr4: length = 1
  chr4 
380430 



2026-08-17 18:15:38.61126 : NCells_TileMatrix_4_chr4, Class = integer

NCells_TileMatrix_4_chr4: length = 1
[1] 4755



2026-08-17 18:15:38.612286 : MinTile_TileMatrix_4_chr4, Class = numeric

MinTile_TileMatrix_4_chr4: length = 1
[1] 21



2026-08-17 18:15:38.621217 : MaxTile_TileMatrix_4_chr4, Class = numeric

MaxTile_TileMatrix_4_chr4: length = 1
[1] 380408



2026-08-17 18:15:38.649631 : MinCell_TileMatrix_4_chr4, Class = integer

MinCell_TileMatrix_4_chr4: length = 1
[1] 1



2026-08-17 18:15:38.650774 : MaxCell_TileMatrix_4_chr4, Class = integer

MaxCell_TileMatrix_4_chr4: length = 1
[1] 4755


2026-08-17 18:15:39.163527 : Adding GeneScoreMatrix to X__pt5_pre for Chr (9 of 22)!, 2.62 mins elapsed.

2026-08-17 18:15:41.594713 : (X__pt14pre : 4 of 11) chunkChrNames, Class = data.frame
(X__pt14pre : 4 of 11) chunkChrNames: nRows = 118, nCols = 1
     chunkNames
1   chr1#chunk1
2   chr1#chunk2
3   chr1#chunk3
4   chr1#chunk4
5   chr1#chunk5
6 chr10#chunk46


2026-08-17 18:15:41.597566 : (X__pt14pre : 4 of 11) Counting Unique Barcodes From Temporary File, 33.659 mins elapsed.
2026-08-17 18:15:42.911614 : Adding GeneScoreMatrix to X__pt5_pre for Chr (10 of 22)!, 2.683 mins elapsed.

2026-08-17 18:15:45.281201 : (X__pt14pre : 4 of 11) BarcodeFrequencyTable, Class = data.table
 
2026-08-17 18:15:45.281201 : (X__pt14pre : 4 of 11) BarcodeFrequencyTable, Class = data.frame
(X__pt14pre : 4 of 11) BarcodeFrequencyTable: nRows = 20001, nCols = 2
            values.V1     V1
               <char>  <int>
1: GCCCGAACATAGAATG-1 119855
2: CACAGATCAGTGCTCG-1 113459
3: GCAGATTTCCACCTAC-1 104267
4: GCAACCGAGACCCTAT-1 100582
5: CACATGAAGATTAGAC-1  99759
6: CGTGGCATCCCTAAAG-1  98742



2026-08-17 18:15:45.294668 : (X__pt14pre : 4 of 11) BarcodesMinMaxFrags, Class = data.frame
(X__pt14pre : 4 of 11) BarcodesMinMaxFrags: nRows = 20001, nCols = 1
                  bc
1 GCCCGAACATAGAATG-1
2 CACAGATCAGTGCTCG-1
3 GCAGATTTCCACCTAC-1
4 GCAACCGAGACCCTAT-1
5 CACATGAAGATTAGAC-1
6 CGTGGCATCCCTAAAG-1


2026-08-17 18:15:45.582309 : Adding GeneScoreMatrix to X__pt5_pre for Chr (11 of 22)!, 2.727 mins elapsed.

2026-08-17 18:15:46.648566 : (X__pt14pre : 4 of 11) Unique Chromosomes, Class = data.frame
(X__pt14pre : 4 of 11) Unique Chromosomes: nRows = 24, nCols = 1
   chr
1 chr1
2 chr2
3 chr3
4 chr4
5 chr5
6 chr6


2026-08-17 18:15:46.650391 : (X__pt14pre : 4 of 11) Adding Chromosome 1 of 24, 33.743 mins elapsed.
2026-08-17 18:15:46.962656 : Adding TileMatrix to X__pt6_pre for Chr (5 of 22)!, 1.04 mins elapsed.

2026-08-17 18:15:48.226579 : NTiles_TileMatrix_5_chr5, Class = numeric

NTiles_TileMatrix_5_chr5: length = 1
  chr5 
363077 



2026-08-17 18:15:48.22788 : NCells_TileMatrix_5_chr5, Class = integer

NCells_TileMatrix_5_chr5: length = 1
[1] 4755



2026-08-17 18:15:48.228876 : MinTile_TileMatrix_5_chr5, Class = numeric

MinTile_TileMatrix_5_chr5: length = 1
[1] 21



2026-08-17 18:15:48.239352 : MaxTile_TileMatrix_5_chr5, Class = numeric

MaxTile_TileMatrix_5_chr5: length = 1
[1] 362953



2026-08-17 18:15:48.277697 : MinCell_TileMatrix_5_chr5, Class = integer

MinCell_TileMatrix_5_chr5: length = 1
[1] 1



2026-08-17 18:15:48.278878 : MaxCell_TileMatrix_5_chr5, Class = integer

MaxCell_TileMatrix_5_chr5: length = 1
[1] 4755


2026-08-17 18:15:48.708443 : Adding GeneScoreMatrix to X__pt5_pre for Chr (12 of 22)!, 2.779 mins elapsed.
2026-08-17 18:15:50.103183 : (X__pt1_pre : 6 of 11) Computed TSS Scores!, 2.417 mins elapsed.
2026-08-17 18:15:50.114768 : (X__pt1_pre : 6 of 11) CellStats : Number of Cells Pass Filter = 7547 , 33.801 mins elapsed.
2026-08-17 18:15:50.117857 : (X__pt1_pre : 6 of 11) CellStats : Median Frags = 12554 , 33.801 mins elapsed.
2026-08-17 18:15:50.120743 : (X__pt1_pre : 6 of 11) CellStats : Median TSS Enrichment = 14.828 , 33.801 mins elapsed.
2026-08-17 18:15:50.121225 : (X__pt1_pre : 6 of 11) Plotting TSS Enrichment Scores, 33.801 mins elapsed.
2026-08-17 18:15:51.696231 : (X__pt1_pre : 6 of 11) Adding Metadata to Fragments, 33.827 mins elapsed.
2026-08-17 18:15:52.93211 : Adding GeneScoreMatrix to X__pt5_pre for Chr (13 of 22)!, 2.85 mins elapsed.
2026-08-17 18:15:53.18549 : (X__pt1_pre : 6 of 11) Adding Additional Feature Counts!, 33.852 mins elapsed.
2026-08-17 18:15:54.856855 : (X__pt17pre : 5 of 11) Adding Chromosome 3 of 24, 33.88 mins elapsed.
2026-08-17 18:15:54.981022 : Adding GeneScoreMatrix to X__pt5_pre for Chr (14 of 22)!, 2.884 mins elapsed.
2026-08-17 18:15:57.344714 : Adding TileMatrix to X__pt6_pre for Chr (6 of 22)!, 1.213 mins elapsed.
2026-08-17 18:15:57.390896 : Adding GeneScoreMatrix to X__pt5_pre for Chr (15 of 22)!, 2.924 mins elapsed.

2026-08-17 18:15:58.454093 : NTiles_TileMatrix_6_chr6, Class = numeric

NTiles_TileMatrix_6_chr6: length = 1
  chr6 
341612 



2026-08-17 18:15:58.455385 : NCells_TileMatrix_6_chr6, Class = integer

NCells_TileMatrix_6_chr6: length = 1
[1] 4755



2026-08-17 18:15:58.456345 : MinTile_TileMatrix_6_chr6, Class = numeric

MinTile_TileMatrix_6_chr6: length = 1
[1] 180



2026-08-17 18:15:58.469237 : MaxTile_TileMatrix_6_chr6, Class = numeric

MaxTile_TileMatrix_6_chr6: length = 1
[1] 341485



2026-08-17 18:15:58.516602 : MinCell_TileMatrix_6_chr6, Class = integer

MinCell_TileMatrix_6_chr6: length = 1
[1] 1



2026-08-17 18:15:58.517775 : MaxCell_TileMatrix_6_chr6, Class = integer

MaxCell_TileMatrix_6_chr6: length = 1
[1] 4755


2026-08-17 18:16:00.987203 : Adding GeneScoreMatrix to X__pt5_pre for Chr (16 of 22)!, 2.984 mins elapsed.
2026-08-17 18:16:04.040004 : (X__pt12pre : 3 of 11) Reading TabixFile 75 Percent, 34.033 mins elapsed.
2026-08-17 18:16:05.18376 : Adding GeneScoreMatrix to X__pt5_pre for Chr (17 of 22)!, 3.054 mins elapsed.
2026-08-17 18:16:08.517961 : Adding GeneScoreMatrix to X__pt5_pre for Chr (18 of 22)!, 3.109 mins elapsed.
2026-08-17 18:16:08.530825 : (X__pt17pre : 5 of 11) Adding Chromosome 4 of 24, 34.108 mins elapsed.
2026-08-17 18:16:08.64594 : Adding TileMatrix to X__pt6_pre for Chr (7 of 22)!, 1.401 mins elapsed.

2026-08-17 18:16:09.532804 : NTiles_TileMatrix_7_chr7, Class = numeric

NTiles_TileMatrix_7_chr7: length = 1
  chr7 
318692 



2026-08-17 18:16:09.534146 : NCells_TileMatrix_7_chr7, Class = integer

NCells_TileMatrix_7_chr7: length = 1
[1] 4755



2026-08-17 18:16:09.535167 : MinTile_TileMatrix_7_chr7, Class = numeric

MinTile_TileMatrix_7_chr7: length = 1
[1] 21



2026-08-17 18:16:09.544186 : MaxTile_TileMatrix_7_chr7, Class = numeric

MaxTile_TileMatrix_7_chr7: length = 1
[1] 318672



2026-08-17 18:16:09.572998 : MinCell_TileMatrix_7_chr7, Class = integer

MinCell_TileMatrix_7_chr7: length = 1
[1] 1



2026-08-17 18:16:09.574108 : MaxCell_TileMatrix_7_chr7, Class = integer

MaxCell_TileMatrix_7_chr7: length = 1
[1] 4755


2026-08-17 18:16:11.614353 : Adding GeneScoreMatrix to X__pt5_pre for Chr (19 of 22)!, 3.161 mins elapsed.

2026-08-17 18:16:14.605489 : (X__pt14pre : 4 of 11) .tmpToArrow Fragments-Chr-(1 of 24)-chr1, Class = IRanges

(X__pt14pre : 4 of 11) .tmpToArrow Fragments-Chr-(1 of 24)-chr1: length = 28241350
IRanges object with 6 ranges and 1 metadata column:
          start       end     width |                 RG
      <integer> <integer> <integer> |              <Rle>
  [1]    777953    778141       189 | GCCCGAACATAGAATG-1
  [2]    832123    832214        92 | GCCCGAACATAGAATG-1
  [3]    861764    861830        67 | GCCCGAACATAGAATG-1
  [4]    863701    863804       104 | GCCCGAACATAGAATG-1
  [5]    897992    898062        71 | GCCCGAACATAGAATG-1
  [6]    906318    906343        26 | GCCCGAACATAGAATG-1



2026-08-17 18:16:14.612913 : (X__pt14pre : 4 of 11) .tmpToArrow Barcodes-Chr-(1 of 24)-chr1, Class = data.frame
(X__pt14pre : 4 of 11) .tmpToArrow Barcodes-Chr-(1 of 24)-chr1: nRows = 20001, nCols = 1
                  bc
1 GCCCGAACATAGAATG-1
2 CACAGATCAGTGCTCG-1
3 GCAGATTTCCACCTAC-1
4 GCAACCGAGACCCTAT-1
5 CACATGAAGATTAGAC-1
6 CGTGGCATCCCTAAAG-1


2026-08-17 18:16:14.948462 : Adding GeneScoreMatrix to X__pt5_pre for Chr (20 of 22)!, 3.216 mins elapsed.
2026-08-17 18:16:17.511118 : (X__pt14pre : 4 of 11) Adding Chromosome 2 of 24, 34.258 mins elapsed.
2026-08-17 18:16:17.925684 : Adding GeneScoreMatrix to X__pt5_pre for Chr (21 of 22)!, 3.266 mins elapsed.
2026-08-17 18:16:18.281916 : (X__pt17pre : 5 of 11) Adding Chromosome 5 of 24, 34.271 mins elapsed.
2026-08-17 18:16:18.850627 : Adding TileMatrix to X__pt6_pre for Chr (8 of 22)!, 1.571 mins elapsed.

2026-08-17 18:16:19.807824 : NTiles_TileMatrix_8_chr8, Class = numeric

NTiles_TileMatrix_8_chr8: length = 1
  chr8 
290278 



2026-08-17 18:16:19.809118 : NCells_TileMatrix_8_chr8, Class = integer

NCells_TileMatrix_8_chr8: length = 1
[1] 4755



2026-08-17 18:16:19.810113 : MinTile_TileMatrix_8_chr8, Class = numeric

MinTile_TileMatrix_8_chr8: length = 1
[1] 123



2026-08-17 18:16:19.820156 : MaxTile_TileMatrix_8_chr8, Class = numeric

MaxTile_TileMatrix_8_chr8: length = 1
[1] 290153



2026-08-17 18:16:19.855867 : MinCell_TileMatrix_8_chr8, Class = integer

MinCell_TileMatrix_8_chr8: length = 1
[1] 1



2026-08-17 18:16:19.857017 : MaxCell_TileMatrix_8_chr8, Class = integer

MaxCell_TileMatrix_8_chr8: length = 1
[1] 4755


2026-08-17 18:16:20.86391 : Adding GeneScoreMatrix to X__pt5_pre for Chr (22 of 22)!, 3.315 mins elapsed.
2026-08-17 18:16:25.246691 : (X__pt5_pre : 8 of 11) Finished Adding GeneScoreMatrix!, 34.387 mins elapsed.
2026-08-17 18:16:25.248312 : (X__pt5_pre : 8 of 11) Finished Creating Arrow File, 34.387 mins elapsed.
2026-08-17 18:16:27.878793 : (X__pt17pre : 5 of 11) Adding Chromosome 6 of 24, 34.431 mins elapsed.
2026-08-17 18:16:28.745597 : Adding TileMatrix to X__pt6_pre for Chr (9 of 22)!, 1.736 mins elapsed.

2026-08-17 18:16:29.64291 : NTiles_TileMatrix_9_chr9, Class = numeric

NTiles_TileMatrix_9_chr9: length = 1
  chr9 
276790 



2026-08-17 18:16:29.644236 : NCells_TileMatrix_9_chr9, Class = integer

NCells_TileMatrix_9_chr9: length = 1
[1] 4755



2026-08-17 18:16:29.645276 : MinTile_TileMatrix_9_chr9, Class = numeric

MinTile_TileMatrix_9_chr9: length = 1
[1] 21



2026-08-17 18:16:29.653219 : MaxTile_TileMatrix_9_chr9, Class = numeric

MaxTile_TileMatrix_9_chr9: length = 1
[1] 276621



2026-08-17 18:16:29.678131 : MinCell_TileMatrix_9_chr9, Class = integer

MinCell_TileMatrix_9_chr9: length = 1
[1] 1



2026-08-17 18:16:29.67921 : MaxCell_TileMatrix_9_chr9, Class = integer

MaxCell_TileMatrix_9_chr9: length = 1
[1] 4755


2026-08-17 18:16:36.992378 : Adding TileMatrix to X__pt6_pre for Chr (10 of 22)!, 1.874 mins elapsed.
2026-08-17 18:16:37.703432 : (X__pt17pre : 5 of 11) Adding Chromosome 7 of 24, 34.594 mins elapsed.

2026-08-17 18:16:38.329056 : NTiles_TileMatrix_10_chr10, Class = numeric

NTiles_TileMatrix_10_chr10: length = 1
 chr10 
267595 



2026-08-17 18:16:38.330338 : NCells_TileMatrix_10_chr10, Class = integer

NCells_TileMatrix_10_chr10: length = 1
[1] 4755



2026-08-17 18:16:38.331336 : MinTile_TileMatrix_10_chr10, Class = numeric

MinTile_TileMatrix_10_chr10: length = 1
[1] 21



2026-08-17 18:16:38.342491 : MaxTile_TileMatrix_10_chr10, Class = numeric

MaxTile_TileMatrix_10_chr10: length = 1
[1] 267575



2026-08-17 18:16:38.385106 : MinCell_TileMatrix_10_chr10, Class = integer

MinCell_TileMatrix_10_chr10: length = 1
[1] 1



2026-08-17 18:16:38.386269 : MaxCell_TileMatrix_10_chr10, Class = integer

MaxCell_TileMatrix_10_chr10: length = 1
[1] 4755


2026-08-17 18:16:39.39678 : (X__pt14pre : 4 of 11) Adding Chromosome 3 of 24, 34.622 mins elapsed.
2026-08-17 18:16:46.466863 : (X__pt17pre : 5 of 11) Adding Chromosome 8 of 24, 34.74 mins elapsed.
2026-08-17 18:16:48.544032 : Adding TileMatrix to X__pt6_pre for Chr (11 of 22)!, 2.066 mins elapsed.

2026-08-17 18:16:49.330268 : NTiles_TileMatrix_11_chr11, Class = numeric

NTiles_TileMatrix_11_chr11: length = 1
 chr11 
270174 



2026-08-17 18:16:49.331549 : NCells_TileMatrix_11_chr11, Class = integer

NCells_TileMatrix_11_chr11: length = 1
[1] 4755



2026-08-17 18:16:49.332534 : MinTile_TileMatrix_11_chr11, Class = numeric

MinTile_TileMatrix_11_chr11: length = 1
[1] 204



2026-08-17 18:16:49.342448 : MaxTile_TileMatrix_11_chr11, Class = numeric

MaxTile_TileMatrix_11_chr11: length = 1
[1] 270154



2026-08-17 18:16:49.374242 : MinCell_TileMatrix_11_chr11, Class = integer

MinCell_TileMatrix_11_chr11: length = 1
[1] 1



2026-08-17 18:16:49.375362 : MaxCell_TileMatrix_11_chr11, Class = integer

MaxCell_TileMatrix_11_chr11: length = 1
[1] 4755


2026-08-17 18:16:56.129802 : (X__pt17pre : 5 of 11) Adding Chromosome 9 of 24, 34.901 mins elapsed.
2026-08-17 18:16:56.289589 : (X__pt14pre : 4 of 11) Adding Chromosome 4 of 24, 34.904 mins elapsed.
2026-08-17 18:16:57.44934 : Adding TileMatrix to X__pt6_pre for Chr (12 of 22)!, 2.214 mins elapsed.

2026-08-17 18:16:58.349553 : NTiles_TileMatrix_12_chr12, Class = numeric

NTiles_TileMatrix_12_chr12: length = 1
 chr12 
266551 



2026-08-17 18:16:58.350839 : NCells_TileMatrix_12_chr12, Class = integer

NCells_TileMatrix_12_chr12: length = 1
[1] 4755



2026-08-17 18:16:58.351823 : MinTile_TileMatrix_12_chr12, Class = numeric

MinTile_TileMatrix_12_chr12: length = 1
[1] 21



2026-08-17 18:16:58.360673 : MaxTile_TileMatrix_12_chr12, Class = numeric

MaxTile_TileMatrix_12_chr12: length = 1
[1] 266530



2026-08-17 18:16:58.389794 : MinCell_TileMatrix_12_chr12, Class = integer

MinCell_TileMatrix_12_chr12: length = 1
[1] 1



2026-08-17 18:16:58.390863 : MaxCell_TileMatrix_12_chr12, Class = integer

MaxCell_TileMatrix_12_chr12: length = 1
[1] 4755


2026-08-17 18:17:00.187966 : (X__24t : 1 of 11) Reading TabixFile 33 Percent, 34.969 mins elapsed.
2026-08-17 18:17:04.380175 : (X__pt17pre : 5 of 11) Adding Chromosome 10 of 24, 35.039 mins elapsed.
2026-08-17 18:17:04.937646 : (X__pt16pre : 9 of 11) Finished Adding Additional Feature Counts!, 35.048 mins elapsed.

2026-08-17 18:17:04.938244 : (X__pt16pre : 9 of 11) Metadata, Class = DFrame
DataFrame with 13778 rows and 12 columns
                   cellNames    nFrags nMonoFrags  nDiFrags nMultiFrags
                 <character> <numeric>  <numeric> <numeric>   <numeric>
1     X__pt16pre#GCCTAGGTC..    142965      93982     38820       10163
2     X__pt16pre#AGATTCGTC..    138921      86461     43115        9345
3     X__pt16pre#CGCGCAACA..    136291     102226     32609        1456
4     X__pt16pre#CCACGTTGT..    134662      93256     36339        5067
5     X__pt16pre#TTGAGCAGT..    133413      96966     33917        2530
...                      ...       ...        ...       ...         ...
13774 X__pt16pre#AAGGAGCAG..      1296        918       359          19
13775 X__pt16pre#GAGCGCTGT..      1163        596       514          53
13776 X__pt16pre#CCCTAACCA..      1162        745       396          21
13777 X__pt16pre#TTAGGTGGT..      1061        653       402           6
13778 X__pt16pre#CAGCCTTGT..      1060        918       126          16
      TSSEnrichment ReadsInTSS      Keep ReadsInPromoter PromoterRatio
          <numeric>  <numeric> <numeric>       <numeric>     <numeric>
1             2.116       6654         1           12986     0.0454167
2             3.897      13155         1           18752     0.0674916
3             1.545       4001         1            9542     0.0350060
4             1.765       4781         1           10331     0.0383590
5             3.953      12165         1           17183     0.0643978
...             ...        ...       ...             ...           ...
13774         7.632        185         1             268      0.103395
13775         9.872        344         1             322      0.138435
13776        14.802        598         1             580      0.249570
13777         9.602        257         1             274      0.129123
13778         8.115        209         1             192      0.090566
      ReadsInBlacklist BlacklistRatio
             <numeric>      <numeric>
1                 2222     0.00777113
2                 2648     0.00953060
3                 2323     0.00852221
4                 1784     0.00662399
5                 1910     0.00715822
...                ...            ...
13774               10     0.00385802
13775               16     0.00687876
13776                8     0.00344234
13777               18     0.00848256
13778               22     0.01037736

2026-08-17 18:17:05.177185 : (X__pt16pre : 9 of 11) Removing Fragments from Filtered Cells, 35.052 mins elapsed.
2026-08-17 18:17:05.180845 : (X__pt16pre : 9 of 11) Creating Filtered Arrow File, 35.052 mins elapsed.
2026-08-17 18:17:06.080397 : Adding TileMatrix to X__pt6_pre for Chr (13 of 22)!, 2.358 mins elapsed.

2026-08-17 18:17:06.835474 : NTiles_TileMatrix_13_chr13, Class = numeric

NTiles_TileMatrix_13_chr13: length = 1
 chr13 
228729 



2026-08-17 18:17:06.836761 : NCells_TileMatrix_13_chr13, Class = integer

NCells_TileMatrix_13_chr13: length = 1
[1] 4755



2026-08-17 18:17:06.837752 : MinTile_TileMatrix_13_chr13, Class = numeric

MinTile_TileMatrix_13_chr13: length = 1
[1] 32761



2026-08-17 18:17:06.842979 : MaxTile_TileMatrix_13_chr13, Class = numeric

MaxTile_TileMatrix_13_chr13: length = 1
[1] 228709



2026-08-17 18:17:06.858599 : MinCell_TileMatrix_13_chr13, Class = integer

MinCell_TileMatrix_13_chr13: length = 1
[1] 1



2026-08-17 18:17:06.859664 : MaxCell_TileMatrix_13_chr13, Class = integer

MaxCell_TileMatrix_13_chr13: length = 1
[1] 4755


2026-08-17 18:17:10.355205 : (X__pt14pre : 4 of 11) Adding Chromosome 5 of 24, 35.138 mins elapsed.
2026-08-17 18:17:12.950491 : Adding TileMatrix to X__pt6_pre for Chr (14 of 22)!, 2.473 mins elapsed.
2026-08-17 18:17:12.997847 : (X__pt17pre : 5 of 11) Adding Chromosome 11 of 24, 35.183 mins elapsed.

2026-08-17 18:17:13.671207 : NTiles_TileMatrix_14_chr14, Class = numeric

NTiles_TileMatrix_14_chr14: length = 1
 chr14 
214088 



2026-08-17 18:17:13.672513 : NCells_TileMatrix_14_chr14, Class = integer

NCells_TileMatrix_14_chr14: length = 1
[1] 4755



2026-08-17 18:17:13.673545 : MinTile_TileMatrix_14_chr14, Class = numeric

MinTile_TileMatrix_14_chr14: length = 1
[1] 32046



2026-08-17 18:17:13.679671 : MaxTile_TileMatrix_14_chr14, Class = numeric

MaxTile_TileMatrix_14_chr14: length = 1
[1] 213768



2026-08-17 18:17:13.698289 : MinCell_TileMatrix_14_chr14, Class = integer

MinCell_TileMatrix_14_chr14: length = 1
[1] 1



2026-08-17 18:17:13.699361 : MaxCell_TileMatrix_14_chr14, Class = integer

MaxCell_TileMatrix_14_chr14: length = 1
[1] 4755



2026-08-17 18:17:16.498405 : (X__pt16pre : 9 of 11) .filterCellsFromArrow Fragments-Chr-(1 of 24)-chr1, Class = GRanges
GRanges object with 19989491 ranges and 1 metadata column:
             seqnames              ranges strand |                     RG
                <Rle>           <IRanges>  <Rle> |                  <Rle>
         [1]     chr1         69415-69472      * | X__pt16pre#GCCTAGGTC..
         [2]     chr1       597050-597168      * | X__pt16pre#GCCTAGGTC..
         [3]     chr1       629919-629980      * | X__pt16pre#GCCTAGGTC..
         [4]     chr1       634001-634045      * | X__pt16pre#GCCTAGGTC..
         [5]     chr1       634019-634039      * | X__pt16pre#GCCTAGGTC..
         ...      ...                 ...    ... .                    ...
  [19989487]     chr1 240910176-240910208      * | X__pt16pre#CAGCCTTGT..
  [19989488]     chr1 241441909-241441958      * | X__pt16pre#CAGCCTTGT..
  [19989489]     chr1 242221767-242221820      * | X__pt16pre#CAGCCTTGT..
  [19989490]     chr1 243268923-243269010      * | X__pt16pre#CAGCCTTGT..
  [19989491]     chr1 248357278-248357316      * | X__pt16pre#CAGCCTTGT..
  -------
  seqinfo: 1 sequence from an unspecified genome; no seqlengths


2026-08-17 18:17:16.509077 : (X__pt16pre : 9 of 11) .filterCellsFromArrow Barcodes-Chr-(1 of 24)-chr1, Class = data.frame
(X__pt16pre : 9 of 11) .filterCellsFromArrow Barcodes-Chr-(1 of 24)-chr1: nRows = 13778, nCols = 1
                             bc
1 X__pt16pre#GCCTAGGTCTGGCCAG-1
2 X__pt16pre#AGATTCGTCGGAAAGC-1
3 X__pt16pre#CGCGCAACAGGCTACC-1
4 X__pt16pre#CCACGTTGTCTCGGGT-1
5 X__pt16pre#TTGAGCAGTAGGTAAT-1
6 X__pt16pre#TATTGCTGTTCCGCGA-1


2026-08-17 18:17:20.076983 : Adding TileMatrix to X__pt6_pre for Chr (15 of 22)!, 2.592 mins elapsed.

2026-08-17 18:17:20.654741 : NTiles_TileMatrix_15_chr15, Class = numeric

NTiles_TileMatrix_15_chr15: length = 1
 chr15 
203983 



2026-08-17 18:17:20.656089 : NCells_TileMatrix_15_chr15, Class = integer

NCells_TileMatrix_15_chr15: length = 1
[1] 4755



2026-08-17 18:17:20.657074 : MinTile_TileMatrix_15_chr15, Class = numeric

MinTile_TileMatrix_15_chr15: length = 1
[1] 34019



2026-08-17 18:17:20.663442 : MaxTile_TileMatrix_15_chr15, Class = numeric

MaxTile_TileMatrix_15_chr15: length = 1
[1] 203963



2026-08-17 18:17:20.683271 : MinCell_TileMatrix_15_chr15, Class = integer

MinCell_TileMatrix_15_chr15: length = 1
[1] 1



2026-08-17 18:17:20.68432 : MaxCell_TileMatrix_15_chr15, Class = integer

MaxCell_TileMatrix_15_chr15: length = 1
[1] 4755


2026-08-17 18:17:22.615893 : (X__pt17pre : 5 of 11) Adding Chromosome 12 of 24, 35.343 mins elapsed.
2026-08-17 18:17:27.367996 : Adding TileMatrix to X__pt6_pre for Chr (16 of 22)!, 2.713 mins elapsed.

2026-08-17 18:17:28.222544 : NTiles_TileMatrix_16_chr16, Class = numeric

NTiles_TileMatrix_16_chr16: length = 1
 chr16 
180677 



2026-08-17 18:17:28.223816 : NCells_TileMatrix_16_chr16, Class = integer

NCells_TileMatrix_16_chr16: length = 1
[1] 4755



2026-08-17 18:17:28.224782 : MinTile_TileMatrix_16_chr16, Class = numeric

MinTile_TileMatrix_16_chr16: length = 1
[1] 21



2026-08-17 18:17:28.231851 : MaxTile_TileMatrix_16_chr16, Class = numeric

MaxTile_TileMatrix_16_chr16: length = 1
[1] 180457



2026-08-17 18:17:28.253307 : MinCell_TileMatrix_16_chr16, Class = integer

MinCell_TileMatrix_16_chr16: length = 1
[1] 1



2026-08-17 18:17:28.254363 : MaxCell_TileMatrix_16_chr16, Class = integer

MaxCell_TileMatrix_16_chr16: length = 1
[1] 4755


2026-08-17 18:17:29.46113 : (X__pt14pre : 4 of 11) Adding Chromosome 6 of 24, 35.457 mins elapsed.
2026-08-17 18:17:31.798029 : (X__pt17pre : 5 of 11) Adding Chromosome 13 of 24, 35.496 mins elapsed.
2026-08-17 18:17:35.117904 : Adding TileMatrix to X__pt6_pre for Chr (17 of 22)!, 2.842 mins elapsed.

2026-08-17 18:17:35.912178 : NTiles_TileMatrix_17_chr17, Class = numeric

NTiles_TileMatrix_17_chr17: length = 1
 chr17 
166515 



2026-08-17 18:17:35.913457 : NCells_TileMatrix_17_chr17, Class = integer

NCells_TileMatrix_17_chr17: length = 1
[1] 4755



2026-08-17 18:17:35.914432 : MinTile_TileMatrix_17_chr17, Class = numeric

MinTile_TileMatrix_17_chr17: length = 1
[1] 138



2026-08-17 18:17:35.92159 : MaxTile_TileMatrix_17_chr17, Class = numeric

MaxTile_TileMatrix_17_chr17: length = 1
[1] 166495



2026-08-17 18:17:35.944565 : MinCell_TileMatrix_17_chr17, Class = integer

MinCell_TileMatrix_17_chr17: length = 1
[1] 1



2026-08-17 18:17:35.945657 : MaxCell_TileMatrix_17_chr17, Class = integer

MaxCell_TileMatrix_17_chr17: length = 1
[1] 4755


2026-08-17 18:17:37.495804 : (X__pt17pre : 5 of 11) Adding Chromosome 14 of 24, 35.591 mins elapsed.
2026-08-17 18:17:42.974377 : Adding TileMatrix to X__pt6_pre for Chr (18 of 22)!, 2.973 mins elapsed.

2026-08-17 18:17:43.454174 : NTiles_TileMatrix_18_chr18, Class = numeric

NTiles_TileMatrix_18_chr18: length = 1
 chr18 
160747 



2026-08-17 18:17:43.455523 : NCells_TileMatrix_18_chr18, Class = integer

NCells_TileMatrix_18_chr18: length = 1
[1] 4755



2026-08-17 18:17:43.456543 : MinTile_TileMatrix_18_chr18, Class = numeric

MinTile_TileMatrix_18_chr18: length = 1
[1] 21



2026-08-17 18:17:43.461249 : MaxTile_TileMatrix_18_chr18, Class = numeric

MaxTile_TileMatrix_18_chr18: length = 1
[1] 160527



2026-08-17 18:17:43.474706 : MinCell_TileMatrix_18_chr18, Class = integer

MinCell_TileMatrix_18_chr18: length = 1
[1] 1



2026-08-17 18:17:43.475721 : MaxCell_TileMatrix_18_chr18, Class = integer

MaxCell_TileMatrix_18_chr18: length = 1
[1] 4755


2026-08-17 18:17:43.729408 : (X__pt17pre : 5 of 11) Adding Chromosome 15 of 24, 35.695 mins elapsed.
2026-08-17 18:17:44.181766 : (X__pt12pre : 3 of 11) Reading TabixFile 83 Percent, 35.702 mins elapsed.
2026-08-17 18:17:49.243405 : Adding TileMatrix to X__pt6_pre for Chr (19 of 22)!, 3.078 mins elapsed.

2026-08-17 18:17:49.914106 : NTiles_TileMatrix_19_chr19, Class = numeric

NTiles_TileMatrix_19_chr19: length = 1
 chr19 
117236 



2026-08-17 18:17:49.915379 : NCells_TileMatrix_19_chr19, Class = integer

NCells_TileMatrix_19_chr19: length = 1
[1] 4755



2026-08-17 18:17:49.916355 : MinTile_TileMatrix_19_chr19, Class = numeric

MinTile_TileMatrix_19_chr19: length = 1
[1] 165



2026-08-17 18:17:49.923875 : MaxTile_TileMatrix_19_chr19, Class = numeric

MaxTile_TileMatrix_19_chr19: length = 1
[1] 117216



2026-08-17 18:17:49.947662 : MinCell_TileMatrix_19_chr19, Class = integer

MinCell_TileMatrix_19_chr19: length = 1
[1] 1



2026-08-17 18:17:49.948707 : MaxCell_TileMatrix_19_chr19, Class = integer

MaxCell_TileMatrix_19_chr19: length = 1
[1] 4755


2026-08-17 18:17:51.041835 : (X__pt14pre : 4 of 11) Adding Chromosome 7 of 24, 35.817 mins elapsed.
2026-08-17 18:17:51.197876 : (X__pt17pre : 5 of 11) Adding Chromosome 16 of 24, 35.819 mins elapsed.
2026-08-17 18:17:56.732389 : Adding TileMatrix to X__pt6_pre for Chr (20 of 22)!, 3.203 mins elapsed.

2026-08-17 18:17:57.153561 : NTiles_TileMatrix_20_chr20, Class = numeric

NTiles_TileMatrix_20_chr20: length = 1
 chr20 
128889 



2026-08-17 18:17:57.154831 : NCells_TileMatrix_20_chr20, Class = integer

NCells_TileMatrix_20_chr20: length = 1
[1] 4755



2026-08-17 18:17:57.155792 : MinTile_TileMatrix_20_chr20, Class = numeric

MinTile_TileMatrix_20_chr20: length = 1
[1] 121



2026-08-17 18:17:57.1615 : MaxTile_TileMatrix_20_chr20, Class = numeric

MaxTile_TileMatrix_20_chr20: length = 1
[1] 128669



2026-08-17 18:17:57.178896 : MinCell_TileMatrix_20_chr20, Class = integer

MinCell_TileMatrix_20_chr20: length = 1
[1] 1



2026-08-17 18:17:57.179904 : MaxCell_TileMatrix_20_chr20, Class = integer

MaxCell_TileMatrix_20_chr20: length = 1
[1] 4755


2026-08-17 18:17:57.998733 : (X__pt17pre : 5 of 11) Adding Chromosome 17 of 24, 35.933 mins elapsed.
2026-08-17 18:18:03.36795 : Adding TileMatrix to X__pt6_pre for Chr (21 of 22)!, 3.313 mins elapsed.

2026-08-17 18:18:03.665717 : NTiles_TileMatrix_21_chr21, Class = numeric

NTiles_TileMatrix_21_chr21: length = 1
chr21 
93420 



2026-08-17 18:18:03.667029 : NCells_TileMatrix_21_chr21, Class = integer

NCells_TileMatrix_21_chr21: length = 1
[1] 4755



2026-08-17 18:18:03.668048 : MinTile_TileMatrix_21_chr21, Class = numeric

MinTile_TileMatrix_21_chr21: length = 1
[1] 10067



2026-08-17 18:18:03.670947 : MaxTile_TileMatrix_21_chr21, Class = numeric

MaxTile_TileMatrix_21_chr21: length = 1
[1] 93400



2026-08-17 18:18:03.678351 : MinCell_TileMatrix_21_chr21, Class = integer

MinCell_TileMatrix_21_chr21: length = 1
[1] 1



2026-08-17 18:18:03.679372 : MaxCell_TileMatrix_21_chr21, Class = integer

MaxCell_TileMatrix_21_chr21: length = 1
[1] 4755


2026-08-17 18:18:04.273901 : (X__pt14pre : 4 of 11) Adding Chromosome 8 of 24, 36.037 mins elapsed.
2026-08-17 18:18:05.750213 : (X__pt17pre : 5 of 11) Adding Chromosome 18 of 24, 36.062 mins elapsed.
2026-08-17 18:18:08.743045 : Adding TileMatrix to X__pt6_pre for Chr (22 of 22)!, 3.403 mins elapsed.
2026-08-17 18:18:08.850949 : (X__pt1_pre : 6 of 11) Finished Adding Additional Feature Counts!, 36.113 mins elapsed.

2026-08-17 18:18:08.851518 : (X__pt1_pre : 6 of 11) Metadata, Class = DFrame
DataFrame with 7547 rows and 12 columns
                  cellNames    nFrags nMonoFrags  nDiFrags nMultiFrags
                <character> <numeric>  <numeric> <numeric>   <numeric>
1    X__pt1_pre#TTAACGGAG..     37113      25935     10102        1076
2    X__pt1_pre#TCAGTTTTC..     33977      22950     10588         439
3    X__pt1_pre#CTGGCAGAG..     33954      21115     11731        1108
4    X__pt1_pre#ATATTCCTC..     32418      21365      9963        1090
5    X__pt1_pre#GTTACTTCA..     31280      18232     11756        1292
...                     ...       ...        ...       ...         ...
7543 X__pt1_pre#GCGCATGTC..      2822       1883       851          88
7544 X__pt1_pre#TCACAAGCA..      2773       1866       813          94
7545 X__pt1_pre#TGCTTTAAG..      2747       1652      1007          88
7546 X__pt1_pre#CTCGCTATC..      2720       1632       995          93
7547 X__pt1_pre#AGCTGGCCA..      2584       1564       850         170
     TSSEnrichment ReadsInTSS      Keep ReadsInPromoter PromoterRatio
         <numeric>  <numeric> <numeric>       <numeric>     <numeric>
1           15.976      20154         1           17873      0.240792
2           13.614      16762         1           15047      0.221429
3           12.859      14436         1           13815      0.203437
4           14.348      15020         1           13440      0.207292
5           10.520      10179         1           10538      0.168446
...            ...        ...       ...             ...           ...
7543        19.855       2226         1            1637      0.290043
7544        19.214       2222         1            1909      0.344212
7545        17.452       2168         1            1671      0.304150
7546        19.648       1915         1            1538      0.282721
7547        20.155       2341         1            1866      0.361068
     ReadsInBlacklist BlacklistRatio
            <numeric>      <numeric>
1                 448     0.00603562
2                 450     0.00662213
3                 380     0.00559581
4                 344     0.00530569
5                 322     0.00514706
...               ...            ...
7543               46     0.00815025
7544               36     0.00649116
7545               38     0.00691664
7546               26     0.00477941
7547               32     0.00619195

2026-08-17 18:18:08.991765 : (X__pt1_pre : 6 of 11) Removing Fragments from Filtered Cells, 36.116 mins elapsed.
2026-08-17 18:18:08.995337 : (X__pt1_pre : 6 of 11) Creating Filtered Arrow File, 36.116 mins elapsed.

2026-08-17 18:18:09.070154 : NTiles_TileMatrix_22_chr22, Class = numeric

NTiles_TileMatrix_22_chr22: length = 1
 chr22 
101637 



2026-08-17 18:18:09.071507 : NCells_TileMatrix_22_chr22, Class = integer

NCells_TileMatrix_22_chr22: length = 1
[1] 4755



2026-08-17 18:18:09.072541 : MinTile_TileMatrix_22_chr22, Class = numeric

MinTile_TileMatrix_22_chr22: length = 1
[1] 21041



2026-08-17 18:18:09.076966 : MaxTile_TileMatrix_22_chr22, Class = numeric

MaxTile_TileMatrix_22_chr22: length = 1
[1] 101617



2026-08-17 18:18:09.089471 : MinCell_TileMatrix_22_chr22, Class = integer

MinCell_TileMatrix_22_chr22: length = 1
[1] 1



2026-08-17 18:18:09.090523 : MaxCell_TileMatrix_22_chr22, Class = integer

MaxCell_TileMatrix_22_chr22: length = 1
[1] 4755


2026-08-17 18:18:10.611079 : (X__pt17pre : 5 of 11) Adding Chromosome 19 of 24, 36.143 mins elapsed.

2026-08-17 18:18:11.492386 : (X__pt1_pre : 6 of 11) .filterCellsFromArrow Fragments-Chr-(1 of 24)-chr1, Class = GRanges
GRanges object with 8958964 ranges and 1 metadata column:
            seqnames              ranges strand |                     RG
               <Rle>           <IRanges>  <Rle> |                  <Rle>
        [1]     chr1         55547-55675      * | X__pt1_pre#TTAACGGAG..
        [2]     chr1       634015-634068      * | X__pt1_pre#TTAACGGAG..
        [3]     chr1       634020-634067      * | X__pt1_pre#TTAACGGAG..
        [4]     chr1       876273-876305      * | X__pt1_pre#TTAACGGAG..
        [5]     chr1       921229-921290      * | X__pt1_pre#TTAACGGAG..
        ...      ...                 ...    ... .                    ...
  [8958960]     chr1 246617351-246617532      * | X__pt1_pre#AGCTGGCCA..
  [8958961]     chr1 248825713-248825889      * | X__pt1_pre#AGCTGGCCA..
  [8958962]     chr1 248825918-248825988      * | X__pt1_pre#AGCTGGCCA..
  [8958963]     chr1 248863359-248863422      * | X__pt1_pre#AGCTGGCCA..
  [8958964]     chr1 248925142-248925239      * | X__pt1_pre#AGCTGGCCA..
  -------
  seqinfo: 1 sequence from an unspecified genome; no seqlengths


2026-08-17 18:18:11.502928 : (X__pt1_pre : 6 of 11) .filterCellsFromArrow Barcodes-Chr-(1 of 24)-chr1, Class = data.frame
(X__pt1_pre : 6 of 11) .filterCellsFromArrow Barcodes-Chr-(1 of 24)-chr1: nRows = 7547, nCols = 1
                             bc
1 X__pt1_pre#TTAACGGAGAGTGGAA-1
2 X__pt1_pre#TCAGTTTTCCAATAGC-1
3 X__pt1_pre#CTGGCAGAGTAACTCC-1
4 X__pt1_pre#ATATTCCTCTAGCTGA-1
5 X__pt1_pre#GTTACTTCAATGGCAG-1
6 X__pt1_pre#CGGACTGAGCGTGTTT-1


2026-08-17 18:18:15.938737 : (X__pt6_pre : 7 of 11) Finished Adding TileMatrix!, 36.232 mins elapsed.
2026-08-17 18:18:15.940221 : (X__pt6_pre : 7 of 11) Adding GeneScoreMatrix!, 36.232 mins elapsed.


2026-08-17 18:18:16.158491 : X__pt6_pre .addGeneScoreMat geneRegions, Class = GRanges
GRanges object with 31344 ranges and 5 metadata columns:
          seqnames            ranges strand |     gene_id       symbol
             <Rle>         <IRanges>  <Rle> | <character>  <character>
      [1]     chr1        6869-14409      + |   100287102      DDX11L1
      [2]     chr1       14404-34570      - |      653635       WASH7P
      [3]     chr1       17369-22436      - |   102466751    MIR6859-1
      [4]     chr1       24554-31109      + |   107985730  MIR1302-2HG
      [5]     chr1       25366-30503      + |   100302278    MIR1302-2
      ...      ...               ...    ... .         ...          ...
  [31340]    chr22 50667714-50733212      + |       85358       SHANK3
  [31341]    chr22 50733196-50745339      + |          49          ACR
  [31342]    chr22 50735825-50743139      - |   105373100 LOC105373100
  [31343]    chr22 50751948-50801309      + |      284942    RPL23AP82
  [31344]    chr22 50767501-50788667      - |       11158       RABL2B
          geneStart   geneEnd geneWeight
          <integer> <integer>  <numeric>
      [1]     11869     14409    3.67937
      [2]     29570     14404    2.00189
      [3]     17436     17369    4.98680
      [4]     29554     31109    4.08192
      [5]     30366     30503    4.93248
      ...       ...       ...        ...
  [31340]  50672714  50733212    1.30848
  [31341]  50738196  50745339    2.66379
  [31342]  50738139  50735825    3.76215
  [31343]  50756948  50801309    1.40932
  [31344]  50783667  50767501    1.95456
  -------
  seqinfo: 22 sequences from hg38 genome

2026-08-17 18:18:16.311732 : Creating Temp GeneScoreMatrix for X__pt6_pre, Chr (1 of 22)!, 0 mins elapsed.
2026-08-17 18:18:17.992949 : (X__pt14pre : 4 of 11) Adding Chromosome 9 of 24, 36.266 mins elapsed.
2026-08-17 18:18:18.17812 : (X__pt17pre : 5 of 11) Adding Chromosome 20 of 24, 36.269 mins elapsed.
2026-08-17 18:18:24.559049 : (X__pt17pre : 5 of 11) Adding Chromosome 21 of 24, 36.375 mins elapsed.
2026-08-17 18:18:28.13467 : (X__pt17pre : 5 of 11) Adding Chromosome 22 of 24, 36.435 mins elapsed.
2026-08-17 18:18:29.314036 : Creating Temp GeneScoreMatrix for X__pt6_pre, Chr (2 of 22)!, 0.217 mins elapsed.
2026-08-17 18:18:32.327659 : (X__pt14pre : 4 of 11) Adding Chromosome 10 of 24, 36.505 mins elapsed.
2026-08-17 18:18:32.374075 : (X__pt17pre : 5 of 11) Adding Chromosome 23 of 24, 36.505 mins elapsed.
2026-08-17 18:18:38.717177 : (X__pt17pre : 5 of 11) Adding Chromosome 24 of 24, 36.611 mins elapsed.
2026-08-17 18:18:40.823342 : (X__pt17pre : 5 of 11) Successful creation of Arrow File, 36.646 mins elapsed.
2026-08-17 18:18:41.555292 : Creating Temp GeneScoreMatrix for X__pt6_pre, Chr (3 of 22)!, 0.421 mins elapsed.
2026-08-17 18:18:42.162681 : (X__pt17pre : 5 of 11) Adding Fragment Summary, 36.669 mins elapsed.
2026-08-17 18:18:45.070308 : (X__pt12pre : 3 of 11) Reading TabixFile 92 Percent, 36.717 mins elapsed.
2026-08-17 18:18:48.995667 : (X__pt14pre : 4 of 11) Adding Chromosome 11 of 24, 36.782 mins elapsed.
2026-08-17 18:18:51.372229 : Creating Temp GeneScoreMatrix for X__pt6_pre, Chr (4 of 22)!, 0.584 mins elapsed.
2026-08-17 18:18:59.171348 : Creating Temp GeneScoreMatrix for X__pt6_pre, Chr (5 of 22)!, 0.714 mins elapsed.
2026-08-17 18:19:04.797783 : (X__pt16pre : 9 of 11) Finished Constructing Filtered Arrow File!, 37.046 mins elapsed.
2026-08-17 18:19:04.918544 : (X__pt16pre : 9 of 11) Adding TileMatrix!, 37.048 mins elapsed.
2026-08-17 18:19:05.185596 : (X__pt14pre : 4 of 11) Adding Chromosome 12 of 24, 37.052 mins elapsed.

2026-08-17 18:19:06.211488 : X__pt16pre .addTileMat FeatureDF, Class = DFrame
DataFrame with 5750013 rows and 3 columns
           seqnames       idx     start
        <character> <integer> <numeric>
1              chr1         1         0
2              chr1         2       500
3              chr1         3      1000
4              chr1         4      1500
5              chr1         5      2000
...             ...       ...       ...
5750009       chr22    101633  50816000
5750010       chr22    101634  50816500
5750011       chr22    101635  50817000
5750012       chr22    101636  50817500
5750013       chr22    101637  50818000

2026-08-17 18:19:07.521006 : Creating Temp GeneScoreMatrix for X__pt6_pre, Chr (6 of 22)!, 0.853 mins elapsed.
2026-08-17 18:19:13.863467 : (X__pt1_pre : 6 of 11) Finished Constructing Filtered Arrow File!, 37.197 mins elapsed.
2026-08-17 18:19:13.959173 : (X__pt1_pre : 6 of 11) Adding TileMatrix!, 37.199 mins elapsed.

2026-08-17 18:19:15.275825 : X__pt1_pre .addTileMat FeatureDF, Class = DFrame
DataFrame with 5750013 rows and 3 columns
           seqnames       idx     start
        <character> <integer> <numeric>
1              chr1         1         0
2              chr1         2       500
3              chr1         3      1000
4              chr1         4      1500
5              chr1         5      2000
...             ...       ...       ...
5750009       chr22    101633  50816000
5750010       chr22    101634  50816500
5750011       chr22    101635  50817000
5750012       chr22    101636  50817500
5750013       chr22    101637  50818000

2026-08-17 18:19:15.561348 : Adding TileMatrix to X__pt16pre for Chr (1 of 22)!, 0.177 mins elapsed.
2026-08-17 18:19:17.093525 : Creating Temp GeneScoreMatrix for X__pt6_pre, Chr (7 of 22)!, 1.013 mins elapsed.
2026-08-17 18:19:20.088727 : (X__pt14pre : 4 of 11) Adding Chromosome 13 of 24, 37.301 mins elapsed.

2026-08-17 18:19:20.090164 : NTiles_TileMatrix_1_chr1, Class = numeric

NTiles_TileMatrix_1_chr1: length = 1
  chr1 
497913 



2026-08-17 18:19:20.091375 : NCells_TileMatrix_1_chr1, Class = integer

NCells_TileMatrix_1_chr1: length = 1
[1] 13778



2026-08-17 18:19:20.09281 : MinTile_TileMatrix_1_chr1, Class = numeric

MinTile_TileMatrix_1_chr1: length = 1
[1] 21



2026-08-17 18:19:20.124261 : MaxTile_TileMatrix_1_chr1, Class = numeric

MaxTile_TileMatrix_1_chr1: length = 1
[1] 497893



2026-08-17 18:19:20.242853 : MinCell_TileMatrix_1_chr1, Class = integer

MinCell_TileMatrix_1_chr1: length = 1
[1] 1



2026-08-17 18:19:20.244327 : MaxCell_TileMatrix_1_chr1, Class = integer

MaxCell_TileMatrix_1_chr1: length = 1
[1] 13778


2026-08-17 18:19:22.78239 : Adding TileMatrix to X__pt1_pre for Chr (1 of 22)!, 0.147 mins elapsed.

2026-08-17 18:19:24.207906 : NTiles_TileMatrix_1_chr1, Class = numeric

NTiles_TileMatrix_1_chr1: length = 1
  chr1 
497913 



2026-08-17 18:19:24.209179 : NCells_TileMatrix_1_chr1, Class = integer

NCells_TileMatrix_1_chr1: length = 1
[1] 7547



2026-08-17 18:19:24.210638 : MinTile_TileMatrix_1_chr1, Class = numeric

MinTile_TileMatrix_1_chr1: length = 1
[1] 21



2026-08-17 18:19:24.226116 : MaxTile_TileMatrix_1_chr1, Class = numeric

MaxTile_TileMatrix_1_chr1: length = 1
[1] 497893



2026-08-17 18:19:24.277405 : MinCell_TileMatrix_1_chr1, Class = integer

MinCell_TileMatrix_1_chr1: length = 1
[1] 1



2026-08-17 18:19:24.278826 : MaxCell_TileMatrix_1_chr1, Class = integer

MaxCell_TileMatrix_1_chr1: length = 1
[1] 7547


2026-08-17 18:19:24.645327 : Creating Temp GeneScoreMatrix for X__pt6_pre, Chr (8 of 22)!, 1.139 mins elapsed.
2026-08-17 18:19:26.343417 : (X__pt17pre : 5 of 11) Plotting Fragment Size Distribution, 37.405 mins elapsed.
2026-08-17 18:19:27.341289 : (X__pt14pre : 4 of 11) Adding Chromosome 14 of 24, 37.422 mins elapsed.
2026-08-17 18:19:28.743449 : (X__pt17pre : 5 of 11) Computing TSS Enrichment Scores, 37.445 mins elapsed.
2026-08-17 18:19:32.728512 : Creating Temp GeneScoreMatrix for X__pt6_pre, Chr (9 of 22)!, 1.274 mins elapsed.
2026-08-17 18:19:35.779466 : (X__pt14pre : 4 of 11) Adding Chromosome 15 of 24, 37.562 mins elapsed.
2026-08-17 18:19:37.869189 : Adding TileMatrix to X__pt1_pre for Chr (2 of 22)!, 0.398 mins elapsed.

2026-08-17 18:19:38.729864 : NTiles_TileMatrix_2_chr2, Class = numeric

NTiles_TileMatrix_2_chr2: length = 1
  chr2 
484388 



2026-08-17 18:19:38.73128 : NCells_TileMatrix_2_chr2, Class = integer

NCells_TileMatrix_2_chr2: length = 1
[1] 7547



2026-08-17 18:19:38.732264 : MinTile_TileMatrix_2_chr2, Class = numeric

MinTile_TileMatrix_2_chr2: length = 1
[1] 21



2026-08-17 18:19:38.744775 : MaxTile_TileMatrix_2_chr2, Class = numeric

MaxTile_TileMatrix_2_chr2: length = 1
[1] 484367



2026-08-17 18:19:38.789234 : MinCell_TileMatrix_2_chr2, Class = integer

MinCell_TileMatrix_2_chr2: length = 1
[1] 1



2026-08-17 18:19:38.790363 : MaxCell_TileMatrix_2_chr2, Class = integer

MaxCell_TileMatrix_2_chr2: length = 1
[1] 7547


2026-08-17 18:19:39.77669 : Creating Temp GeneScoreMatrix for X__pt6_pre, Chr (10 of 22)!, 1.391 mins elapsed.
2026-08-17 18:19:43.438701 : (X__pt14pre : 4 of 11) Adding Chromosome 16 of 24, 37.69 mins elapsed.
2026-08-17 18:19:46.002766 : Adding TileMatrix to X__pt16pre for Chr (2 of 22)!, 0.684 mins elapsed.

2026-08-17 18:19:48.143505 : NTiles_TileMatrix_2_chr2, Class = numeric

NTiles_TileMatrix_2_chr2: length = 1
  chr2 
484388 



2026-08-17 18:19:48.144803 : NCells_TileMatrix_2_chr2, Class = integer

NCells_TileMatrix_2_chr2: length = 1
[1] 13778



2026-08-17 18:19:48.145811 : MinTile_TileMatrix_2_chr2, Class = numeric

MinTile_TileMatrix_2_chr2: length = 1
[1] 21


2026-08-17 18:19:48.177699 : Creating Temp GeneScoreMatrix for X__pt6_pre, Chr (11 of 22)!, 1.531 mins elapsed.

2026-08-17 18:19:48.174221 : MaxTile_TileMatrix_2_chr2, Class = numeric

MaxTile_TileMatrix_2_chr2: length = 1
[1] 484367



2026-08-17 18:19:48.281984 : MinCell_TileMatrix_2_chr2, Class = integer

MinCell_TileMatrix_2_chr2: length = 1
[1] 1



2026-08-17 18:19:48.283126 : MaxCell_TileMatrix_2_chr2, Class = integer

MaxCell_TileMatrix_2_chr2: length = 1
[1] 13778


2026-08-17 18:19:49.072552 : Adding TileMatrix to X__pt1_pre for Chr (3 of 22)!, 0.585 mins elapsed.

2026-08-17 18:19:49.707469 : NTiles_TileMatrix_3_chr3, Class = numeric

NTiles_TileMatrix_3_chr3: length = 1
  chr3 
396592 



2026-08-17 18:19:49.708754 : NCells_TileMatrix_3_chr3, Class = integer

NCells_TileMatrix_3_chr3: length = 1
[1] 7547



2026-08-17 18:19:49.709739 : MinTile_TileMatrix_3_chr3, Class = numeric

MinTile_TileMatrix_3_chr3: length = 1
[1] 21



2026-08-17 18:19:49.720431 : MaxTile_TileMatrix_3_chr3, Class = numeric

MaxTile_TileMatrix_3_chr3: length = 1
[1] 396466



2026-08-17 18:19:49.754965 : MinCell_TileMatrix_3_chr3, Class = integer

MinCell_TileMatrix_3_chr3: length = 1
[1] 1



2026-08-17 18:19:49.756117 : MaxCell_TileMatrix_3_chr3, Class = integer

MaxCell_TileMatrix_3_chr3: length = 1
[1] 7547


2026-08-17 18:19:53.323285 : (X__pt14pre : 4 of 11) Adding Chromosome 17 of 24, 37.855 mins elapsed.
2026-08-17 18:19:56.879736 : Creating Temp GeneScoreMatrix for X__pt6_pre, Chr (12 of 22)!, 1.676 mins elapsed.
2026-08-17 18:19:58.807587 : Adding TileMatrix to X__pt1_pre for Chr (4 of 22)!, 0.747 mins elapsed.

2026-08-17 18:19:59.31239 : NTiles_TileMatrix_4_chr4, Class = numeric

NTiles_TileMatrix_4_chr4: length = 1
  chr4 
380430 



2026-08-17 18:19:59.313591 : NCells_TileMatrix_4_chr4, Class = integer

NCells_TileMatrix_4_chr4: length = 1
[1] 7547



2026-08-17 18:19:59.314554 : MinTile_TileMatrix_4_chr4, Class = numeric

MinTile_TileMatrix_4_chr4: length = 1
[1] 21



2026-08-17 18:19:59.322184 : MaxTile_TileMatrix_4_chr4, Class = numeric

MaxTile_TileMatrix_4_chr4: length = 1
[1] 380408



2026-08-17 18:19:59.346593 : MinCell_TileMatrix_4_chr4, Class = integer

MinCell_TileMatrix_4_chr4: length = 1
[1] 1



2026-08-17 18:19:59.347629 : MaxCell_TileMatrix_4_chr4, Class = integer

MaxCell_TileMatrix_4_chr4: length = 1
[1] 7547


2026-08-17 18:20:04.201369 : Creating Temp GeneScoreMatrix for X__pt6_pre, Chr (13 of 22)!, 1.798 mins elapsed.
2026-08-17 18:20:04.36612 : (X__pt14pre : 4 of 11) Adding Chromosome 18 of 24, 38.039 mins elapsed.
2026-08-17 18:20:06.166283 : Adding TileMatrix to X__pt16pre for Chr (3 of 22)!, 1.02 mins elapsed.
2026-08-17 18:20:06.758024 : Adding TileMatrix to X__pt1_pre for Chr (5 of 22)!, 0.88 mins elapsed.

2026-08-17 18:20:07.384738 : NTiles_TileMatrix_5_chr5, Class = numeric

NTiles_TileMatrix_5_chr5: length = 1
  chr5 
363077 



2026-08-17 18:20:07.386044 : NCells_TileMatrix_5_chr5, Class = integer

NCells_TileMatrix_5_chr5: length = 1
[1] 7547



2026-08-17 18:20:07.387071 : MinTile_TileMatrix_5_chr5, Class = numeric

MinTile_TileMatrix_5_chr5: length = 1
[1] 21



2026-08-17 18:20:07.397604 : MaxTile_TileMatrix_5_chr5, Class = numeric

MaxTile_TileMatrix_5_chr5: length = 1
[1] 362920



2026-08-17 18:20:07.435033 : MinCell_TileMatrix_5_chr5, Class = integer

MinCell_TileMatrix_5_chr5: length = 1
[1] 1



2026-08-17 18:20:07.436173 : MaxCell_TileMatrix_5_chr5, Class = integer

MaxCell_TileMatrix_5_chr5: length = 1
[1] 7547



2026-08-17 18:20:07.954135 : NTiles_TileMatrix_3_chr3, Class = numeric

NTiles_TileMatrix_3_chr3: length = 1
  chr3 
396592 



2026-08-17 18:20:07.955443 : NCells_TileMatrix_3_chr3, Class = integer

NCells_TileMatrix_3_chr3: length = 1
[1] 13778



2026-08-17 18:20:07.956459 : MinTile_TileMatrix_3_chr3, Class = numeric

MinTile_TileMatrix_3_chr3: length = 1
[1] 21



2026-08-17 18:20:07.979637 : MaxTile_TileMatrix_3_chr3, Class = numeric

MaxTile_TileMatrix_3_chr3: length = 1
[1] 396466



2026-08-17 18:20:08.062508 : MinCell_TileMatrix_3_chr3, Class = integer

MinCell_TileMatrix_3_chr3: length = 1
[1] 1



2026-08-17 18:20:08.063637 : MaxCell_TileMatrix_3_chr3, Class = integer

MaxCell_TileMatrix_3_chr3: length = 1
[1] 13778


2026-08-17 18:20:10.155007 : Creating Temp GeneScoreMatrix for X__pt6_pre, Chr (14 of 22)!, 1.897 mins elapsed.
2026-08-17 18:20:11.478723 : (X__pt14pre : 4 of 11) Adding Chromosome 19 of 24, 38.157 mins elapsed.
2026-08-17 18:20:16.372455 : Adding TileMatrix to X__pt1_pre for Chr (6 of 22)!, 1.04 mins elapsed.
2026-08-17 18:20:16.598092 : Creating Temp GeneScoreMatrix for X__pt6_pre, Chr (15 of 22)!, 2.005 mins elapsed.

2026-08-17 18:20:17.08781 : NTiles_TileMatrix_6_chr6, Class = numeric

NTiles_TileMatrix_6_chr6: length = 1
  chr6 
341612 



2026-08-17 18:20:17.089088 : NCells_TileMatrix_6_chr6, Class = integer

NCells_TileMatrix_6_chr6: length = 1
[1] 7547



2026-08-17 18:20:17.090091 : MinTile_TileMatrix_6_chr6, Class = numeric

MinTile_TileMatrix_6_chr6: length = 1
[1] 143



2026-08-17 18:20:17.099032 : MaxTile_TileMatrix_6_chr6, Class = numeric

MaxTile_TileMatrix_6_chr6: length = 1
[1] 341485



2026-08-17 18:20:17.12686 : MinCell_TileMatrix_6_chr6, Class = integer

MinCell_TileMatrix_6_chr6: length = 1
[1] 1



2026-08-17 18:20:17.127943 : MaxCell_TileMatrix_6_chr6, Class = integer

MaxCell_TileMatrix_6_chr6: length = 1
[1] 7547


2026-08-17 18:20:22.737216 : (X__pt14pre : 4 of 11) Adding Chromosome 20 of 24, 38.345 mins elapsed.
2026-08-17 18:20:22.738558 : Creating Temp GeneScoreMatrix for X__pt6_pre, Chr (16 of 22)!, 2.107 mins elapsed.
2026-08-17 18:20:22.831531 : Adding TileMatrix to X__pt16pre for Chr (4 of 22)!, 1.298 mins elapsed.

2026-08-17 18:20:24.444218 : NTiles_TileMatrix_4_chr4, Class = numeric

NTiles_TileMatrix_4_chr4: length = 1
  chr4 
380430 



2026-08-17 18:20:24.445507 : NCells_TileMatrix_4_chr4, Class = integer

NCells_TileMatrix_4_chr4: length = 1
[1] 13778



2026-08-17 18:20:24.446534 : MinTile_TileMatrix_4_chr4, Class = numeric

MinTile_TileMatrix_4_chr4: length = 1
[1] 21



2026-08-17 18:20:24.465785 : MaxTile_TileMatrix_4_chr4, Class = numeric

MaxTile_TileMatrix_4_chr4: length = 1
[1] 380410



2026-08-17 18:20:24.536177 : MinCell_TileMatrix_4_chr4, Class = integer

MinCell_TileMatrix_4_chr4: length = 1
[1] 1



2026-08-17 18:20:24.537311 : MaxCell_TileMatrix_4_chr4, Class = integer

MaxCell_TileMatrix_4_chr4: length = 1
[1] 13778


2026-08-17 18:20:25.119013 : Adding TileMatrix to X__pt1_pre for Chr (7 of 22)!, 1.186 mins elapsed.

2026-08-17 18:20:25.708047 : NTiles_TileMatrix_7_chr7, Class = numeric

NTiles_TileMatrix_7_chr7: length = 1
  chr7 
318692 



2026-08-17 18:20:25.709319 : NCells_TileMatrix_7_chr7, Class = integer

NCells_TileMatrix_7_chr7: length = 1
[1] 7547



2026-08-17 18:20:25.710339 : MinTile_TileMatrix_7_chr7, Class = numeric

MinTile_TileMatrix_7_chr7: length = 1
[1] 21



2026-08-17 18:20:25.71891 : MaxTile_TileMatrix_7_chr7, Class = numeric

MaxTile_TileMatrix_7_chr7: length = 1
[1] 318672



2026-08-17 18:20:25.746621 : MinCell_TileMatrix_7_chr7, Class = integer

MinCell_TileMatrix_7_chr7: length = 1
[1] 1



2026-08-17 18:20:25.747805 : MaxCell_TileMatrix_7_chr7, Class = integer

MaxCell_TileMatrix_7_chr7: length = 1
[1] 7547


2026-08-17 18:20:29.421245 : Creating Temp GeneScoreMatrix for X__pt6_pre, Chr (17 of 22)!, 2.218 mins elapsed.
2026-08-17 18:20:30.864136 : (X__pt14pre : 4 of 11) Adding Chromosome 21 of 24, 38.48 mins elapsed.
2026-08-17 18:20:33.425115 : Adding TileMatrix to X__pt1_pre for Chr (8 of 22)!, 1.324 mins elapsed.

2026-08-17 18:20:34.423594 : NTiles_TileMatrix_8_chr8, Class = numeric

NTiles_TileMatrix_8_chr8: length = 1
  chr8 
290278 



2026-08-17 18:20:34.424881 : NCells_TileMatrix_8_chr8, Class = integer

NCells_TileMatrix_8_chr8: length = 1
[1] 7547



2026-08-17 18:20:34.4259 : MinTile_TileMatrix_8_chr8, Class = numeric

MinTile_TileMatrix_8_chr8: length = 1
[1] 123



2026-08-17 18:20:34.437091 : MaxTile_TileMatrix_8_chr8, Class = numeric

MaxTile_TileMatrix_8_chr8: length = 1
[1] 290157



2026-08-17 18:20:34.476479 : MinCell_TileMatrix_8_chr8, Class = integer

MinCell_TileMatrix_8_chr8: length = 1
[1] 1



2026-08-17 18:20:34.477587 : MaxCell_TileMatrix_8_chr8, Class = integer

MaxCell_TileMatrix_8_chr8: length = 1
[1] 7547


2026-08-17 18:20:35.565675 : (X__pt14pre : 4 of 11) Adding Chromosome 22 of 24, 38.559 mins elapsed.
2026-08-17 18:20:36.075929 : Creating Temp GeneScoreMatrix for X__pt6_pre, Chr (18 of 22)!, 2.329 mins elapsed.
2026-08-17 18:20:38.009238 : Adding TileMatrix to X__pt16pre for Chr (5 of 22)!, 1.551 mins elapsed.

2026-08-17 18:20:39.768174 : NTiles_TileMatrix_5_chr5, Class = numeric

NTiles_TileMatrix_5_chr5: length = 1
  chr5 
363077 



2026-08-17 18:20:39.769377 : NCells_TileMatrix_5_chr5, Class = integer

NCells_TileMatrix_5_chr5: length = 1
[1] 13778



2026-08-17 18:20:39.770353 : MinTile_TileMatrix_5_chr5, Class = numeric

MinTile_TileMatrix_5_chr5: length = 1
[1] 21



2026-08-17 18:20:39.790346 : MaxTile_TileMatrix_5_chr5, Class = numeric

MaxTile_TileMatrix_5_chr5: length = 1
[1] 362956



2026-08-17 18:20:39.867079 : MinCell_TileMatrix_5_chr5, Class = integer

MinCell_TileMatrix_5_chr5: length = 1
[1] 1



2026-08-17 18:20:39.868204 : MaxCell_TileMatrix_5_chr5, Class = integer

MaxCell_TileMatrix_5_chr5: length = 1
[1] 13778


2026-08-17 18:20:40.95384 : (X__pt12pre : 3 of 11) Reading TabixFile 100 Percent, 38.648 mins elapsed.
2026-08-17 18:20:41.003848 : (X__pt14pre : 4 of 11) Adding Chromosome 23 of 24, 38.649 mins elapsed.
2026-08-17 18:20:41.76984 : Creating Temp GeneScoreMatrix for X__pt6_pre, Chr (19 of 22)!, 2.424 mins elapsed.
2026-08-17 18:20:42.553921 : (X__pt12pre : 3 of 11) Successful creation of Temporary File, 38.675 mins elapsed.
2026-08-17 18:20:42.55677 : (X__pt12pre : 3 of 11) Creating ArrowFile From Temporary File, 38.675 mins elapsed.
2026-08-17 18:20:43.701664 : Adding TileMatrix to X__pt1_pre for Chr (9 of 22)!, 1.495 mins elapsed.

2026-08-17 18:20:44.427986 : NTiles_TileMatrix_9_chr9, Class = numeric

NTiles_TileMatrix_9_chr9: length = 1
  chr9 
276790 



2026-08-17 18:20:44.429222 : NCells_TileMatrix_9_chr9, Class = integer

NCells_TileMatrix_9_chr9: length = 1
[1] 7547



2026-08-17 18:20:44.430198 : MinTile_TileMatrix_9_chr9, Class = numeric

MinTile_TileMatrix_9_chr9: length = 1
[1] 21



2026-08-17 18:20:44.437419 : MaxTile_TileMatrix_9_chr9, Class = numeric

MaxTile_TileMatrix_9_chr9: length = 1
[1] 276517



2026-08-17 18:20:44.45959 : MinCell_TileMatrix_9_chr9, Class = integer

MinCell_TileMatrix_9_chr9: length = 1
[1] 1



2026-08-17 18:20:44.46067 : MaxCell_TileMatrix_9_chr9, Class = integer

MaxCell_TileMatrix_9_chr9: length = 1
[1] 7547



2026-08-17 18:20:46.731861 : (X__pt12pre : 3 of 11) chunkChrNames, Class = data.frame
(X__pt12pre : 3 of 11) chunkChrNames: nRows = 118, nCols = 1
     chunkNames
1   chr1#chunk1
2   chr1#chunk2
3   chr1#chunk3
4   chr1#chunk4
5   chr1#chunk5
6 chr10#chunk46


2026-08-17 18:20:46.734709 : (X__pt12pre : 3 of 11) Counting Unique Barcodes From Temporary File, 38.745 mins elapsed.
2026-08-17 18:20:48.836135 : Creating Temp GeneScoreMatrix for X__pt6_pre, Chr (20 of 22)!, 2.542 mins elapsed.

2026-08-17 18:20:49.092144 : (X__pt12pre : 3 of 11) BarcodeFrequencyTable, Class = data.table
 
2026-08-17 18:20:49.092144 : (X__pt12pre : 3 of 11) BarcodeFrequencyTable, Class = data.frame
(X__pt12pre : 3 of 11) BarcodeFrequencyTable: nRows = 8362, nCols = 2
            values.V1    V1
               <char> <int>
1: GCATTGAAGAGGCAGG-1 35280
2: CGCGCAATCGGCATAT-1 33965
3: TACGCAAGTCTGGGAA-1 33757
4: GGAGAACAGTTGGAAT-1 33455
5: CTAACTTTCCACGAGC-1 32141
6: CACCACTAGAGATTAC-1 31857



2026-08-17 18:20:49.105886 : (X__pt12pre : 3 of 11) BarcodesMinMaxFrags, Class = data.frame
(X__pt12pre : 3 of 11) BarcodesMinMaxFrags: nRows = 8362, nCols = 1
                  bc
1 GCATTGAAGAGGCAGG-1
2 CGCGCAATCGGCATAT-1
3 TACGCAAGTCTGGGAA-1
4 GGAGAACAGTTGGAAT-1
5 CTAACTTTCCACGAGC-1
6 CACCACTAGAGATTAC-1



2026-08-17 18:20:50.60096 : (X__pt12pre : 3 of 11) Unique Chromosomes, Class = data.frame
(X__pt12pre : 3 of 11) Unique Chromosomes: nRows = 24, nCols = 1
   chr
1 chr1
2 chr2
3 chr3
4 chr4
5 chr5
6 chr6


2026-08-17 18:20:50.602915 : (X__pt12pre : 3 of 11) Adding Chromosome 1 of 24, 38.809 mins elapsed.
2026-08-17 18:20:51.587686 : Adding TileMatrix to X__pt1_pre for Chr (10 of 22)!, 1.627 mins elapsed.

2026-08-17 18:20:52.04408 : NTiles_TileMatrix_10_chr10, Class = numeric

NTiles_TileMatrix_10_chr10: length = 1
 chr10 
267595 



2026-08-17 18:20:52.045298 : NCells_TileMatrix_10_chr10, Class = integer

NCells_TileMatrix_10_chr10: length = 1
[1] 7547



2026-08-17 18:20:52.04626 : MinTile_TileMatrix_10_chr10, Class = numeric

MinTile_TileMatrix_10_chr10: length = 1
[1] 21



2026-08-17 18:20:52.05355 : MaxTile_TileMatrix_10_chr10, Class = numeric

MaxTile_TileMatrix_10_chr10: length = 1
[1] 267575



2026-08-17 18:20:52.075908 : MinCell_TileMatrix_10_chr10, Class = integer

MinCell_TileMatrix_10_chr10: length = 1
[1] 1



2026-08-17 18:20:52.077044 : MaxCell_TileMatrix_10_chr10, Class = integer

MaxCell_TileMatrix_10_chr10: length = 1
[1] 7547


2026-08-17 18:20:53.2558 : (X__pt14pre : 4 of 11) Adding Chromosome 24 of 24, 38.853 mins elapsed.
2026-08-17 18:20:54.943841 : Creating Temp GeneScoreMatrix for X__pt6_pre, Chr (21 of 22)!, 2.644 mins elapsed.
2026-08-17 18:20:55.377306 : Adding TileMatrix to X__pt16pre for Chr (6 of 22)!, 1.841 mins elapsed.
2026-08-17 18:20:55.50131 : (X__pt14pre : 4 of 11) Successful creation of Arrow File, 38.891 mins elapsed.

2026-08-17 18:20:56.201419 : (X__pt12pre : 3 of 11) .tmpToArrow Fragments-Chr-(1 of 24)-chr1, Class = IRanges

(X__pt12pre : 3 of 11) .tmpToArrow Fragments-Chr-(1 of 24)-chr1: length = 8083754
IRanges object with 6 ranges and 1 metadata column:
          start       end     width |                 RG
      <integer> <integer> <integer> |              <Rle>
  [1]    827078    827316       239 | GCATTGAAGAGGCAGG-1
  [2]    844876    844919        44 | GCATTGAAGAGGCAGG-1
  [3]    928056    928274       219 | GCATTGAAGAGGCAGG-1
  [4]    950227    950386       160 | GCATTGAAGAGGCAGG-1
  [5]    957383    957415        33 | GCATTGAAGAGGCAGG-1
  [6]   1003961   1004110       150 | GCATTGAAGAGGCAGG-1



2026-08-17 18:20:56.209238 : (X__pt12pre : 3 of 11) .tmpToArrow Barcodes-Chr-(1 of 24)-chr1, Class = data.frame
(X__pt12pre : 3 of 11) .tmpToArrow Barcodes-Chr-(1 of 24)-chr1: nRows = 8362, nCols = 1
                  bc
1 GCATTGAAGAGGCAGG-1
2 CGCGCAATCGGCATAT-1
3 TACGCAAGTCTGGGAA-1
4 GGAGAACAGTTGGAAT-1
5 CTAACTTTCCACGAGC-1
6 CACCACTAGAGATTAC-1


2026-08-17 18:20:56.772238 : (X__pt14pre : 4 of 11) Adding Fragment Summary, 38.912 mins elapsed.

2026-08-17 18:20:56.990055 : NTiles_TileMatrix_6_chr6, Class = numeric

NTiles_TileMatrix_6_chr6: length = 1
  chr6 
341612 



2026-08-17 18:20:56.99137 : NCells_TileMatrix_6_chr6, Class = integer

NCells_TileMatrix_6_chr6: length = 1
[1] 13778



2026-08-17 18:20:56.992378 : MinTile_TileMatrix_6_chr6, Class = numeric

MinTile_TileMatrix_6_chr6: length = 1
[1] 128



2026-08-17 18:20:57.01277 : MaxTile_TileMatrix_6_chr6, Class = numeric

MaxTile_TileMatrix_6_chr6: length = 1
[1] 341485



2026-08-17 18:20:57.085186 : MinCell_TileMatrix_6_chr6, Class = integer

MinCell_TileMatrix_6_chr6: length = 1
[1] 1



2026-08-17 18:20:57.086326 : MaxCell_TileMatrix_6_chr6, Class = integer

MaxCell_TileMatrix_6_chr6: length = 1
[1] 13778


2026-08-17 18:20:57.92831 : (X__pt12pre : 3 of 11) Adding Chromosome 2 of 24, 38.931 mins elapsed.
2026-08-17 18:20:59.156854 : Adding TileMatrix to X__pt1_pre for Chr (11 of 22)!, 1.753 mins elapsed.

2026-08-17 18:20:59.728846 : NTiles_TileMatrix_11_chr11, Class = numeric

NTiles_TileMatrix_11_chr11: length = 1
 chr11 
270174 



2026-08-17 18:20:59.730106 : NCells_TileMatrix_11_chr11, Class = integer

NCells_TileMatrix_11_chr11: length = 1
[1] 7547



2026-08-17 18:20:59.731124 : MinTile_TileMatrix_11_chr11, Class = numeric

MinTile_TileMatrix_11_chr11: length = 1
[1] 258



2026-08-17 18:20:59.739665 : MaxTile_TileMatrix_11_chr11, Class = numeric

MaxTile_TileMatrix_11_chr11: length = 1
[1] 270154



2026-08-17 18:20:59.766772 : MinCell_TileMatrix_11_chr11, Class = integer

MinCell_TileMatrix_11_chr11: length = 1
[1] 1



2026-08-17 18:20:59.767891 : MaxCell_TileMatrix_11_chr11, Class = integer

MaxCell_TileMatrix_11_chr11: length = 1
[1] 7547


2026-08-17 18:20:59.973251 : Creating Temp GeneScoreMatrix for X__pt6_pre, Chr (22 of 22)!, 2.728 mins elapsed.
2026-08-17 18:21:02.073283 : (X__pt24pre : 2 of 11) Reading TabixFile 42 Percent, 39 mins elapsed.
2026-08-17 18:21:04.469065 : (X__pt12pre : 3 of 11) Adding Chromosome 3 of 24, 39.04 mins elapsed.

2026-08-17 18:21:05.863976 : X__pt6_pre .addGeneScoreMat FeatureDF, Class = data.frame
X__pt6_pre .addGeneScoreMat FeatureDF: nRows = 31344, nCols = 6
  seqnames start   end strand        name idx
1     chr1 11869 14409      1     DDX11L1   1
2     chr1 29570 14404      2      WASH7P   2
3     chr1 17436 17369      2   MIR6859-1   3
4     chr1 29554 31109      1 MIR1302-2HG   4
5     chr1 30366 30503      1   MIR1302-2   5
6     chr1 36081 34554      2     FAM138A   6


2026-08-17 18:21:07.466944 : Adding TileMatrix to X__pt1_pre for Chr (12 of 22)!, 1.892 mins elapsed.
2026-08-17 18:21:07.486428 : Adding GeneScoreMatrix to X__pt6_pre for Chr (1 of 22)!, 2.853 mins elapsed.

2026-08-17 18:21:08.358672 : NTiles_TileMatrix_12_chr12, Class = numeric

NTiles_TileMatrix_12_chr12: length = 1
 chr12 
266551 



2026-08-17 18:21:08.359875 : NCells_TileMatrix_12_chr12, Class = integer

NCells_TileMatrix_12_chr12: length = 1
[1] 7547



2026-08-17 18:21:08.360854 : MinTile_TileMatrix_12_chr12, Class = numeric

MinTile_TileMatrix_12_chr12: length = 1
[1] 21



2026-08-17 18:21:08.369167 : MaxTile_TileMatrix_12_chr12, Class = numeric

MaxTile_TileMatrix_12_chr12: length = 1
[1] 266530



2026-08-17 18:21:08.395312 : MinCell_TileMatrix_12_chr12, Class = integer

MinCell_TileMatrix_12_chr12: length = 1
[1] 1



2026-08-17 18:21:08.396389 : MaxCell_TileMatrix_12_chr12, Class = integer

MaxCell_TileMatrix_12_chr12: length = 1
[1] 7547


2026-08-17 18:21:10.050566 : (X__pt12pre : 3 of 11) Adding Chromosome 4 of 24, 39.133 mins elapsed.
2026-08-17 18:21:11.092723 : Adding TileMatrix to X__pt16pre for Chr (7 of 22)!, 2.103 mins elapsed.
2026-08-17 18:21:11.288453 : Adding GeneScoreMatrix to X__pt6_pre for Chr (2 of 22)!, 2.916 mins elapsed.

2026-08-17 18:21:12.752937 : NTiles_TileMatrix_7_chr7, Class = numeric

NTiles_TileMatrix_7_chr7: length = 1
  chr7 
318692 



2026-08-17 18:21:12.754202 : NCells_TileMatrix_7_chr7, Class = integer

NCells_TileMatrix_7_chr7: length = 1
[1] 13778



2026-08-17 18:21:12.755229 : MinTile_TileMatrix_7_chr7, Class = numeric

MinTile_TileMatrix_7_chr7: length = 1
[1] 21



2026-08-17 18:21:12.774357 : MaxTile_TileMatrix_7_chr7, Class = numeric

MaxTile_TileMatrix_7_chr7: length = 1
[1] 318672



2026-08-17 18:21:12.842737 : MinCell_TileMatrix_7_chr7, Class = integer

MinCell_TileMatrix_7_chr7: length = 1
[1] 1



2026-08-17 18:21:12.843871 : MaxCell_TileMatrix_7_chr7, Class = integer

MaxCell_TileMatrix_7_chr7: length = 1
[1] 13778


2026-08-17 18:21:14.51681 : Adding GeneScoreMatrix to X__pt6_pre for Chr (3 of 22)!, 2.97 mins elapsed.
2026-08-17 18:21:15.078992 : (X__pt12pre : 3 of 11) Adding Chromosome 5 of 24, 39.217 mins elapsed.
2026-08-17 18:21:16.09438 : Adding TileMatrix to X__pt1_pre for Chr (13 of 22)!, 2.035 mins elapsed.

2026-08-17 18:21:16.820022 : NTiles_TileMatrix_13_chr13, Class = numeric

NTiles_TileMatrix_13_chr13: length = 1
 chr13 
228729 



2026-08-17 18:21:16.821269 : NCells_TileMatrix_13_chr13, Class = integer

NCells_TileMatrix_13_chr13: length = 1
[1] 7547



2026-08-17 18:21:16.822254 : MinTile_TileMatrix_13_chr13, Class = numeric

MinTile_TileMatrix_13_chr13: length = 1
[1] 36345



2026-08-17 18:21:16.826529 : MaxTile_TileMatrix_13_chr13, Class = numeric

MaxTile_TileMatrix_13_chr13: length = 1
[1] 228709



2026-08-17 18:21:16.83917 : MinCell_TileMatrix_13_chr13, Class = integer

MinCell_TileMatrix_13_chr13: length = 1
[1] 1



2026-08-17 18:21:16.840241 : MaxCell_TileMatrix_13_chr13, Class = integer

MaxCell_TileMatrix_13_chr13: length = 1
[1] 7547


2026-08-17 18:21:18.989503 : Adding GeneScoreMatrix to X__pt6_pre for Chr (4 of 22)!, 3.045 mins elapsed.
2026-08-17 18:21:20.101031 : (X__pt12pre : 3 of 11) Adding Chromosome 6 of 24, 39.301 mins elapsed.
2026-08-17 18:21:21.537745 : Adding GeneScoreMatrix to X__pt6_pre for Chr (5 of 22)!, 3.087 mins elapsed.
2026-08-17 18:21:22.500689 : Adding TileMatrix to X__pt1_pre for Chr (14 of 22)!, 2.142 mins elapsed.

2026-08-17 18:21:22.920384 : NTiles_TileMatrix_14_chr14, Class = numeric

NTiles_TileMatrix_14_chr14: length = 1
 chr14 
214088 



2026-08-17 18:21:22.921646 : NCells_TileMatrix_14_chr14, Class = integer

NCells_TileMatrix_14_chr14: length = 1
[1] 7547



2026-08-17 18:21:22.922633 : MinTile_TileMatrix_14_chr14, Class = numeric

MinTile_TileMatrix_14_chr14: length = 1
[1] 32046



2026-08-17 18:21:22.928879 : MaxTile_TileMatrix_14_chr14, Class = numeric

MaxTile_TileMatrix_14_chr14: length = 1
[1] 213768



2026-08-17 18:21:22.947602 : MinCell_TileMatrix_14_chr14, Class = integer

MinCell_TileMatrix_14_chr14: length = 1
[1] 1



2026-08-17 18:21:22.948732 : MaxCell_TileMatrix_14_chr14, Class = integer

MaxCell_TileMatrix_14_chr14: length = 1
[1] 7547


2026-08-17 18:21:24.329389 : Adding GeneScoreMatrix to X__pt6_pre for Chr (6 of 22)!, 3.134 mins elapsed.
2026-08-17 18:21:25.496312 : (X__pt12pre : 3 of 11) Adding Chromosome 7 of 24, 39.391 mins elapsed.
2026-08-17 18:21:26.134164 : Adding TileMatrix to X__pt16pre for Chr (8 of 22)!, 2.353 mins elapsed.

2026-08-17 18:21:27.598819 : NTiles_TileMatrix_8_chr8, Class = numeric

NTiles_TileMatrix_8_chr8: length = 1
  chr8 
290278 



2026-08-17 18:21:27.600119 : NCells_TileMatrix_8_chr8, Class = integer

NCells_TileMatrix_8_chr8: length = 1
[1] 13778



2026-08-17 18:21:27.601154 : MinTile_TileMatrix_8_chr8, Class = numeric

MinTile_TileMatrix_8_chr8: length = 1
[1] 143



2026-08-17 18:21:27.619345 : MaxTile_TileMatrix_8_chr8, Class = numeric

MaxTile_TileMatrix_8_chr8: length = 1
[1] 290153



2026-08-17 18:21:27.685067 : MinCell_TileMatrix_8_chr8, Class = integer

MinCell_TileMatrix_8_chr8: length = 1
[1] 1



2026-08-17 18:21:27.686251 : MaxCell_TileMatrix_8_chr8, Class = integer

MaxCell_TileMatrix_8_chr8: length = 1
[1] 13778


2026-08-17 18:21:28.643155 : Adding GeneScoreMatrix to X__pt6_pre for Chr (7 of 22)!, 3.206 mins elapsed.
2026-08-17 18:21:29.555613 : Adding TileMatrix to X__pt1_pre for Chr (15 of 22)!, 2.26 mins elapsed.

2026-08-17 18:21:30.049454 : NTiles_TileMatrix_15_chr15, Class = numeric

NTiles_TileMatrix_15_chr15: length = 1
 chr15 
203983 



2026-08-17 18:21:30.050737 : NCells_TileMatrix_15_chr15, Class = integer

NCells_TileMatrix_15_chr15: length = 1
[1] 7547



2026-08-17 18:21:30.051731 : MinTile_TileMatrix_15_chr15, Class = numeric

MinTile_TileMatrix_15_chr15: length = 1
[1] 34020



2026-08-17 18:21:30.057285 : MaxTile_TileMatrix_15_chr15, Class = numeric

MaxTile_TileMatrix_15_chr15: length = 1
[1] 203963



2026-08-17 18:21:30.075179 : MinCell_TileMatrix_15_chr15, Class = integer

MinCell_TileMatrix_15_chr15: length = 1
[1] 1



2026-08-17 18:21:30.076216 : MaxCell_TileMatrix_15_chr15, Class = integer

MaxCell_TileMatrix_15_chr15: length = 1
[1] 7547


2026-08-17 18:21:30.3392 : (X__pt12pre : 3 of 11) Adding Chromosome 8 of 24, 39.472 mins elapsed.
2026-08-17 18:21:31.3873 : Adding GeneScoreMatrix to X__pt6_pre for Chr (8 of 22)!, 3.251 mins elapsed.
2026-08-17 18:21:34.048211 : Adding GeneScoreMatrix to X__pt6_pre for Chr (9 of 22)!, 3.296 mins elapsed.
2026-08-17 18:21:35.534324 : (X__pt12pre : 3 of 11) Adding Chromosome 9 of 24, 39.558 mins elapsed.
2026-08-17 18:21:36.540453 : Adding TileMatrix to X__pt1_pre for Chr (16 of 22)!, 2.376 mins elapsed.

2026-08-17 18:21:37.07074 : NTiles_TileMatrix_16_chr16, Class = numeric

NTiles_TileMatrix_16_chr16: length = 1
 chr16 
180677 



2026-08-17 18:21:37.071998 : NCells_TileMatrix_16_chr16, Class = integer

NCells_TileMatrix_16_chr16: length = 1
[1] 7547



2026-08-17 18:21:37.072994 : MinTile_TileMatrix_16_chr16, Class = numeric

MinTile_TileMatrix_16_chr16: length = 1
[1] 21



2026-08-17 18:21:37.079147 : MaxTile_TileMatrix_16_chr16, Class = numeric

MaxTile_TileMatrix_16_chr16: length = 1
[1] 180453



2026-08-17 18:21:37.097626 : MinCell_TileMatrix_16_chr16, Class = integer

MinCell_TileMatrix_16_chr16: length = 1
[1] 1



2026-08-17 18:21:37.098746 : MaxCell_TileMatrix_16_chr16, Class = integer

MaxCell_TileMatrix_16_chr16: length = 1
[1] 7547


2026-08-17 18:21:37.889835 : Adding GeneScoreMatrix to X__pt6_pre for Chr (10 of 22)!, 3.36 mins elapsed.
2026-08-17 18:21:39.796471 : (X__pt12pre : 3 of 11) Adding Chromosome 10 of 24, 39.629 mins elapsed.
2026-08-17 18:21:40.468434 : Adding TileMatrix to X__pt16pre for Chr (9 of 22)!, 2.592 mins elapsed.
2026-08-17 18:21:40.603717 : Adding GeneScoreMatrix to X__pt6_pre for Chr (11 of 22)!, 3.405 mins elapsed.

2026-08-17 18:21:41.857223 : NTiles_TileMatrix_9_chr9, Class = numeric

NTiles_TileMatrix_9_chr9: length = 1
  chr9 
276790 



2026-08-17 18:21:41.858505 : NCells_TileMatrix_9_chr9, Class = integer

NCells_TileMatrix_9_chr9: length = 1
[1] 13778



2026-08-17 18:21:41.859533 : MinTile_TileMatrix_9_chr9, Class = numeric

MinTile_TileMatrix_9_chr9: length = 1
[1] 21



2026-08-17 18:21:41.874875 : MaxTile_TileMatrix_9_chr9, Class = numeric

MaxTile_TileMatrix_9_chr9: length = 1
[1] 276637



2026-08-17 18:21:41.929705 : MinCell_TileMatrix_9_chr9, Class = integer

MinCell_TileMatrix_9_chr9: length = 1
[1] 1



2026-08-17 18:21:41.930851 : MaxCell_TileMatrix_9_chr9, Class = integer

MaxCell_TileMatrix_9_chr9: length = 1
[1] 13778


2026-08-17 18:21:43.523472 : Adding GeneScoreMatrix to X__pt6_pre for Chr (12 of 22)!, 3.454 mins elapsed.
2026-08-17 18:21:43.627248 : Adding TileMatrix to X__pt1_pre for Chr (17 of 22)!, 2.494 mins elapsed.

2026-08-17 18:21:44.178075 : NTiles_TileMatrix_17_chr17, Class = numeric

NTiles_TileMatrix_17_chr17: length = 1
 chr17 
166515 



2026-08-17 18:21:44.179325 : NCells_TileMatrix_17_chr17, Class = integer

NCells_TileMatrix_17_chr17: length = 1
[1] 7547



2026-08-17 18:21:44.180284 : MinTile_TileMatrix_17_chr17, Class = numeric

MinTile_TileMatrix_17_chr17: length = 1
[1] 146



2026-08-17 18:21:44.188324 : MaxTile_TileMatrix_17_chr17, Class = numeric

MaxTile_TileMatrix_17_chr17: length = 1
[1] 166495



2026-08-17 18:21:44.2138 : MinCell_TileMatrix_17_chr17, Class = integer

MinCell_TileMatrix_17_chr17: length = 1
[1] 1



2026-08-17 18:21:44.214929 : MaxCell_TileMatrix_17_chr17, Class = integer

MaxCell_TileMatrix_17_chr17: length = 1
[1] 7547


2026-08-17 18:21:44.420199 : (X__pt12pre : 3 of 11) Adding Chromosome 11 of 24, 39.706 mins elapsed.
2026-08-17 18:21:47.550035 : Adding GeneScoreMatrix to X__pt6_pre for Chr (13 of 22)!, 3.521 mins elapsed.
2026-08-17 18:21:49.593566 : Adding GeneScoreMatrix to X__pt6_pre for Chr (14 of 22)!, 3.555 mins elapsed.
2026-08-17 18:21:49.682055 : (X__pt12pre : 3 of 11) Adding Chromosome 12 of 24, 39.794 mins elapsed.
2026-08-17 18:21:51.691753 : Adding TileMatrix to X__pt1_pre for Chr (18 of 22)!, 2.629 mins elapsed.
2026-08-17 18:21:51.785573 : Adding GeneScoreMatrix to X__pt6_pre for Chr (15 of 22)!, 3.591 mins elapsed.

2026-08-17 18:21:52.083658 : NTiles_TileMatrix_18_chr18, Class = numeric

NTiles_TileMatrix_18_chr18: length = 1
 chr18 
160747 



2026-08-17 18:21:52.084926 : NCells_TileMatrix_18_chr18, Class = integer

NCells_TileMatrix_18_chr18: length = 1
[1] 7547



2026-08-17 18:21:52.085928 : MinTile_TileMatrix_18_chr18, Class = numeric

MinTile_TileMatrix_18_chr18: length = 1
[1] 21



2026-08-17 18:21:52.090124 : MaxTile_TileMatrix_18_chr18, Class = numeric

MaxTile_TileMatrix_18_chr18: length = 1
[1] 160527



2026-08-17 18:21:52.102293 : MinCell_TileMatrix_18_chr18, Class = integer

MinCell_TileMatrix_18_chr18: length = 1
[1] 1



2026-08-17 18:21:52.103371 : MaxCell_TileMatrix_18_chr18, Class = integer

MaxCell_TileMatrix_18_chr18: length = 1
[1] 7547


2026-08-17 18:21:52.92329 : Adding TileMatrix to X__pt16pre for Chr (10 of 22)!, 2.8 mins elapsed.

2026-08-17 18:21:54.309149 : NTiles_TileMatrix_10_chr10, Class = numeric

NTiles_TileMatrix_10_chr10: length = 1
 chr10 
267595 



2026-08-17 18:21:54.310425 : NCells_TileMatrix_10_chr10, Class = integer

NCells_TileMatrix_10_chr10: length = 1
[1] 13778



2026-08-17 18:21:54.311423 : MinTile_TileMatrix_10_chr10, Class = numeric

MinTile_TileMatrix_10_chr10: length = 1
[1] 21



2026-08-17 18:21:54.328784 : MaxTile_TileMatrix_10_chr10, Class = numeric

MaxTile_TileMatrix_10_chr10: length = 1
[1] 267575



2026-08-17 18:21:54.391003 : MinCell_TileMatrix_10_chr10, Class = integer

MinCell_TileMatrix_10_chr10: length = 1
[1] 1



2026-08-17 18:21:54.392164 : MaxCell_TileMatrix_10_chr10, Class = integer

MaxCell_TileMatrix_10_chr10: length = 1
[1] 13778


2026-08-17 18:21:54.760685 : (X__pt12pre : 3 of 11) Adding Chromosome 13 of 24, 39.879 mins elapsed.
2026-08-17 18:21:55.958723 : Adding GeneScoreMatrix to X__pt6_pre for Chr (16 of 22)!, 3.661 mins elapsed.
2026-08-17 18:21:57.698671 : Adding TileMatrix to X__pt1_pre for Chr (19 of 22)!, 2.729 mins elapsed.
2026-08-17 18:21:58.004855 : (X__pt12pre : 3 of 11) Adding Chromosome 14 of 24, 39.933 mins elapsed.

2026-08-17 18:21:58.357874 : NTiles_TileMatrix_19_chr19, Class = numeric

NTiles_TileMatrix_19_chr19: length = 1
 chr19 
117236 



2026-08-17 18:21:58.359149 : NCells_TileMatrix_19_chr19, Class = integer

NCells_TileMatrix_19_chr19: length = 1
[1] 7547



2026-08-17 18:21:58.360161 : MinTile_TileMatrix_19_chr19, Class = numeric

MinTile_TileMatrix_19_chr19: length = 1
[1] 179



2026-08-17 18:21:58.368114 : MaxTile_TileMatrix_19_chr19, Class = numeric

MaxTile_TileMatrix_19_chr19: length = 1
[1] 117216



2026-08-17 18:21:58.393003 : MinCell_TileMatrix_19_chr19, Class = integer

MinCell_TileMatrix_19_chr19: length = 1
[1] 1



2026-08-17 18:21:58.394119 : MaxCell_TileMatrix_19_chr19, Class = integer

MaxCell_TileMatrix_19_chr19: length = 1
[1] 7547


2026-08-17 18:21:58.406797 : Adding GeneScoreMatrix to X__pt6_pre for Chr (17 of 22)!, 3.702 mins elapsed.
2026-08-17 18:22:01.015047 : Adding GeneScoreMatrix to X__pt6_pre for Chr (18 of 22)!, 3.745 mins elapsed.
2026-08-17 18:22:01.757323 : (X__pt12pre : 3 of 11) Adding Chromosome 15 of 24, 39.995 mins elapsed.
2026-08-17 18:22:04.290329 : Adding GeneScoreMatrix to X__pt6_pre for Chr (19 of 22)!, 3.8 mins elapsed.
2026-08-17 18:22:05.228873 : (X__pt12pre : 3 of 11) Adding Chromosome 16 of 24, 40.053 mins elapsed.
2026-08-17 18:22:06.508808 : (X__pt14pre : 4 of 11) Plotting Fragment Size Distribution, 40.074 mins elapsed.
2026-08-17 18:22:06.658327 : Adding TileMatrix to X__pt16pre for Chr (11 of 22)!, 3.029 mins elapsed.
2026-08-17 18:22:06.736635 : Adding TileMatrix to X__pt1_pre for Chr (20 of 22)!, 2.879 mins elapsed.
2026-08-17 18:22:06.898492 : Adding GeneScoreMatrix to X__pt6_pre for Chr (20 of 22)!, 3.843 mins elapsed.

2026-08-17 18:22:07.058136 : NTiles_TileMatrix_20_chr20, Class = numeric

NTiles_TileMatrix_20_chr20: length = 1
 chr20 
128889 



2026-08-17 18:22:07.059402 : NCells_TileMatrix_20_chr20, Class = integer

NCells_TileMatrix_20_chr20: length = 1
[1] 7547



2026-08-17 18:22:07.060396 : MinTile_TileMatrix_20_chr20, Class = numeric

MinTile_TileMatrix_20_chr20: length = 1
[1] 120



2026-08-17 18:22:07.065326 : MaxTile_TileMatrix_20_chr20, Class = numeric

MaxTile_TileMatrix_20_chr20: length = 1
[1] 128669



2026-08-17 18:22:07.079858 : MinCell_TileMatrix_20_chr20, Class = integer

MinCell_TileMatrix_20_chr20: length = 1
[1] 1



2026-08-17 18:22:07.080967 : MaxCell_TileMatrix_20_chr20, Class = integer

MaxCell_TileMatrix_20_chr20: length = 1
[1] 7547



2026-08-17 18:22:08.075097 : NTiles_TileMatrix_11_chr11, Class = numeric

NTiles_TileMatrix_11_chr11: length = 1
 chr11 
270174 



2026-08-17 18:22:08.076481 : NCells_TileMatrix_11_chr11, Class = integer

NCells_TileMatrix_11_chr11: length = 1
[1] 13778



2026-08-17 18:22:08.077487 : MinTile_TileMatrix_11_chr11, Class = numeric

MinTile_TileMatrix_11_chr11: length = 1
[1] 227



2026-08-17 18:22:08.095899 : MaxTile_TileMatrix_11_chr11, Class = numeric

MaxTile_TileMatrix_11_chr11: length = 1
[1] 270154



2026-08-17 18:22:08.162163 : MinCell_TileMatrix_11_chr11, Class = integer

MinCell_TileMatrix_11_chr11: length = 1
[1] 1



2026-08-17 18:22:08.163364 : MaxCell_TileMatrix_11_chr11, Class = integer

MaxCell_TileMatrix_11_chr11: length = 1
[1] 13778


2026-08-17 18:22:08.426503 : (X__pt14pre : 4 of 11) Computing TSS Enrichment Scores, 40.106 mins elapsed.
2026-08-17 18:22:08.985729 : Adding GeneScoreMatrix to X__pt6_pre for Chr (21 of 22)!, 3.878 mins elapsed.
2026-08-17 18:22:09.273382 : (X__pt12pre : 3 of 11) Adding Chromosome 17 of 24, 40.12 mins elapsed.
2026-08-17 18:22:12.065871 : Adding GeneScoreMatrix to X__pt6_pre for Chr (22 of 22)!, 3.929 mins elapsed.
2026-08-17 18:22:12.945915 : Adding TileMatrix to X__pt1_pre for Chr (21 of 22)!, 2.983 mins elapsed.

2026-08-17 18:22:13.246192 : NTiles_TileMatrix_21_chr21, Class = numeric

NTiles_TileMatrix_21_chr21: length = 1
chr21 
93420 



2026-08-17 18:22:13.24745 : NCells_TileMatrix_21_chr21, Class = integer

NCells_TileMatrix_21_chr21: length = 1
[1] 7547



2026-08-17 18:22:13.248458 : MinTile_TileMatrix_21_chr21, Class = numeric

MinTile_TileMatrix_21_chr21: length = 1
[1] 10068



2026-08-17 18:22:13.251238 : MaxTile_TileMatrix_21_chr21, Class = numeric

MaxTile_TileMatrix_21_chr21: length = 1
[1] 93399



2026-08-17 18:22:13.258955 : MinCell_TileMatrix_21_chr21, Class = integer

MinCell_TileMatrix_21_chr21: length = 1
[1] 1



2026-08-17 18:22:13.260017 : MaxCell_TileMatrix_21_chr21, Class = integer

MaxCell_TileMatrix_21_chr21: length = 1
[1] 7547


2026-08-17 18:22:13.938253 : (X__pt12pre : 3 of 11) Adding Chromosome 18 of 24, 40.198 mins elapsed.
2026-08-17 18:22:16.741144 : (X__pt6_pre : 7 of 11) Finished Adding GeneScoreMatrix!, 40.245 mins elapsed.
2026-08-17 18:22:16.7428 : (X__pt6_pre : 7 of 11) Finished Creating Arrow File, 40.245 mins elapsed.
2026-08-17 18:22:16.926859 : (X__pt12pre : 3 of 11) Adding Chromosome 19 of 24, 40.248 mins elapsed.
2026-08-17 18:22:18.126349 : Adding TileMatrix to X__pt1_pre for Chr (22 of 22)!, 3.069 mins elapsed.

2026-08-17 18:22:18.552279 : NTiles_TileMatrix_22_chr22, Class = numeric

NTiles_TileMatrix_22_chr22: length = 1
 chr22 
101637 



2026-08-17 18:22:18.553522 : NCells_TileMatrix_22_chr22, Class = integer

NCells_TileMatrix_22_chr22: length = 1
[1] 7547



2026-08-17 18:22:18.554511 : MinTile_TileMatrix_22_chr22, Class = numeric

MinTile_TileMatrix_22_chr22: length = 1
[1] 21030



2026-08-17 18:22:18.558499 : MaxTile_TileMatrix_22_chr22, Class = numeric

MaxTile_TileMatrix_22_chr22: length = 1
[1] 101617



2026-08-17 18:22:18.569799 : MinCell_TileMatrix_22_chr22, Class = integer

MinCell_TileMatrix_22_chr22: length = 1
[1] 1



2026-08-17 18:22:18.570831 : MaxCell_TileMatrix_22_chr22, Class = integer

MaxCell_TileMatrix_22_chr22: length = 1
[1] 7547


2026-08-17 18:22:21.097209 : (X__pt12pre : 3 of 11) Adding Chromosome 20 of 24, 40.317 mins elapsed.
2026-08-17 18:22:22.139799 : Adding TileMatrix to X__pt16pre for Chr (12 of 22)!, 3.287 mins elapsed.

2026-08-17 18:22:23.998867 : NTiles_TileMatrix_12_chr12, Class = numeric

NTiles_TileMatrix_12_chr12: length = 1
 chr12 
266551 



2026-08-17 18:22:24.000147 : NCells_TileMatrix_12_chr12, Class = integer

NCells_TileMatrix_12_chr12: length = 1
[1] 13778



2026-08-17 18:22:24.001151 : MinTile_TileMatrix_12_chr12, Class = numeric

MinTile_TileMatrix_12_chr12: length = 1
[1] 21



2026-08-17 18:22:24.018381 : MaxTile_TileMatrix_12_chr12, Class = numeric

MaxTile_TileMatrix_12_chr12: length = 1
[1] 266530



2026-08-17 18:22:24.080291 : MinCell_TileMatrix_12_chr12, Class = integer

MinCell_TileMatrix_12_chr12: length = 1
[1] 1



2026-08-17 18:22:24.081477 : MaxCell_TileMatrix_12_chr12, Class = integer

MaxCell_TileMatrix_12_chr12: length = 1
[1] 13778


2026-08-17 18:22:24.177716 : (X__pt12pre : 3 of 11) Adding Chromosome 21 of 24, 40.369 mins elapsed.
2026-08-17 18:22:25.299266 : (X__pt1_pre : 6 of 11) Finished Adding TileMatrix!, 40.388 mins elapsed.
2026-08-17 18:22:25.300695 : (X__pt1_pre : 6 of 11) Adding GeneScoreMatrix!, 40.388 mins elapsed.


2026-08-17 18:22:25.478776 : X__pt1_pre .addGeneScoreMat geneRegions, Class = GRanges
GRanges object with 31344 ranges and 5 metadata columns:
          seqnames            ranges strand |     gene_id       symbol
             <Rle>         <IRanges>  <Rle> | <character>  <character>
      [1]     chr1        6869-14409      + |   100287102      DDX11L1
      [2]     chr1       14404-34570      - |      653635       WASH7P
      [3]     chr1       17369-22436      - |   102466751    MIR6859-1
      [4]     chr1       24554-31109      + |   107985730  MIR1302-2HG
      [5]     chr1       25366-30503      + |   100302278    MIR1302-2
      ...      ...               ...    ... .         ...          ...
  [31340]    chr22 50667714-50733212      + |       85358       SHANK3
  [31341]    chr22 50733196-50745339      + |          49          ACR
  [31342]    chr22 50735825-50743139      - |   105373100 LOC105373100
  [31343]    chr22 50751948-50801309      + |      284942    RPL23AP82
  [31344]    chr22 50767501-50788667      - |       11158       RABL2B
          geneStart   geneEnd geneWeight
          <integer> <integer>  <numeric>
      [1]     11869     14409    3.67937
      [2]     29570     14404    2.00189
      [3]     17436     17369    4.98680
      [4]     29554     31109    4.08192
      [5]     30366     30503    4.93248
      ...       ...       ...        ...
  [31340]  50672714  50733212    1.30848
  [31341]  50738196  50745339    2.66379
  [31342]  50738139  50735825    3.76215
  [31343]  50756948  50801309    1.40932
  [31344]  50783667  50767501    1.95456
  -------
  seqinfo: 22 sequences from hg38 genome

2026-08-17 18:22:25.630922 : Creating Temp GeneScoreMatrix for X__pt1_pre, Chr (1 of 22)!, 0 mins elapsed.
2026-08-17 18:22:26.650734 : (X__pt12pre : 3 of 11) Adding Chromosome 22 of 24, 40.41 mins elapsed.
2026-08-17 18:22:29.294581 : (X__pt12pre : 3 of 11) Adding Chromosome 23 of 24, 40.454 mins elapsed.
2026-08-17 18:22:33.224864 : (X__pt12pre : 3 of 11) Adding Chromosome 24 of 24, 40.52 mins elapsed.
2026-08-17 18:22:34.571844 : (X__pt17pre : 5 of 11) Computed TSS Scores!, 3.097 mins elapsed.
2026-08-17 18:22:34.583393 : (X__pt17pre : 5 of 11) CellStats : Number of Cells Pass Filter = 20020 , 40.542 mins elapsed.
2026-08-17 18:22:34.58693 : (X__pt17pre : 5 of 11) CellStats : Median Frags = 8161.5 , 40.542 mins elapsed.
2026-08-17 18:22:34.590751 : (X__pt17pre : 5 of 11) CellStats : Median TSS Enrichment = 14.787 , 40.542 mins elapsed.
2026-08-17 18:22:34.591225 : (X__pt17pre : 5 of 11) Plotting TSS Enrichment Scores, 40.542 mins elapsed.
2026-08-17 18:22:34.921375 : (X__pt12pre : 3 of 11) Successful creation of Arrow File, 40.548 mins elapsed.
2026-08-17 18:22:36.347252 : Adding TileMatrix to X__pt16pre for Chr (13 of 22)!, 3.524 mins elapsed.
2026-08-17 18:22:36.354527 : (X__pt12pre : 3 of 11) Adding Fragment Summary, 40.572 mins elapsed.

2026-08-17 18:22:37.090624 : NTiles_TileMatrix_13_chr13, Class = numeric

NTiles_TileMatrix_13_chr13: length = 1
 chr13 
228729 



2026-08-17 18:22:37.091923 : NCells_TileMatrix_13_chr13, Class = integer

NCells_TileMatrix_13_chr13: length = 1
[1] 13778



2026-08-17 18:22:37.092927 : MinTile_TileMatrix_13_chr13, Class = numeric

MinTile_TileMatrix_13_chr13: length = 1
[1] 33310



2026-08-17 18:22:37.103993 : MaxTile_TileMatrix_13_chr13, Class = numeric

MaxTile_TileMatrix_13_chr13: length = 1
[1] 228709



2026-08-17 18:22:37.143478 : MinCell_TileMatrix_13_chr13, Class = integer

MinCell_TileMatrix_13_chr13: length = 1
[1] 1



2026-08-17 18:22:37.144658 : MaxCell_TileMatrix_13_chr13, Class = integer

MaxCell_TileMatrix_13_chr13: length = 1
[1] 13778


2026-08-17 18:22:37.676745 : (X__24t : 1 of 11) Reading TabixFile 42 Percent, 40.594 mins elapsed.
2026-08-17 18:22:37.708981 : (X__pt17pre : 5 of 11) Adding Metadata to Fragments, 40.594 mins elapsed.
2026-08-17 18:22:37.993046 : Creating Temp GeneScoreMatrix for X__pt1_pre, Chr (2 of 22)!, 0.206 mins elapsed.
2026-08-17 18:22:39.201504 : (X__pt17pre : 5 of 11) Adding Additional Feature Counts!, 40.619 mins elapsed.
2026-08-17 18:22:46.042948 : Adding TileMatrix to X__pt16pre for Chr (14 of 22)!, 3.685 mins elapsed.

2026-08-17 18:22:46.867707 : NTiles_TileMatrix_14_chr14, Class = numeric

NTiles_TileMatrix_14_chr14: length = 1
 chr14 
214088 



2026-08-17 18:22:46.869001 : NCells_TileMatrix_14_chr14, Class = integer

NCells_TileMatrix_14_chr14: length = 1
[1] 13778



2026-08-17 18:22:46.87002 : MinTile_TileMatrix_14_chr14, Class = numeric

MinTile_TileMatrix_14_chr14: length = 1
[1] 32046



2026-08-17 18:22:46.881402 : MaxTile_TileMatrix_14_chr14, Class = numeric

MaxTile_TileMatrix_14_chr14: length = 1
[1] 213768



2026-08-17 18:22:46.921577 : MinCell_TileMatrix_14_chr14, Class = integer

MinCell_TileMatrix_14_chr14: length = 1
[1] 1



2026-08-17 18:22:46.922718 : MaxCell_TileMatrix_14_chr14, Class = integer

MaxCell_TileMatrix_14_chr14: length = 1
[1] 13778


2026-08-17 18:22:47.81285 : Creating Temp GeneScoreMatrix for X__pt1_pre, Chr (3 of 22)!, 0.37 mins elapsed.
2026-08-17 18:22:53.315757 : (X__pt12pre : 3 of 11) Plotting Fragment Size Distribution, 40.854 mins elapsed.
2026-08-17 18:22:55.172424 : (X__pt12pre : 3 of 11) Computing TSS Enrichment Scores, 40.885 mins elapsed.
2026-08-17 18:22:55.806376 : Adding TileMatrix to X__pt16pre for Chr (15 of 22)!, 3.848 mins elapsed.

2026-08-17 18:22:56.568099 : NTiles_TileMatrix_15_chr15, Class = numeric

NTiles_TileMatrix_15_chr15: length = 1
 chr15 
203983 



2026-08-17 18:22:56.56939 : NCells_TileMatrix_15_chr15, Class = integer

NCells_TileMatrix_15_chr15: length = 1
[1] 13778



2026-08-17 18:22:56.570397 : MinTile_TileMatrix_15_chr15, Class = numeric

MinTile_TileMatrix_15_chr15: length = 1
[1] 34019



2026-08-17 18:22:56.581782 : MaxTile_TileMatrix_15_chr15, Class = numeric

MaxTile_TileMatrix_15_chr15: length = 1
[1] 203963



2026-08-17 18:22:56.623015 : MinCell_TileMatrix_15_chr15, Class = integer

MinCell_TileMatrix_15_chr15: length = 1
[1] 1



2026-08-17 18:22:56.624188 : MaxCell_TileMatrix_15_chr15, Class = integer

MaxCell_TileMatrix_15_chr15: length = 1
[1] 13778


2026-08-17 18:22:57.307822 : Creating Temp GeneScoreMatrix for X__pt1_pre, Chr (4 of 22)!, 0.528 mins elapsed.
2026-08-17 18:23:05.235744 : Creating Temp GeneScoreMatrix for X__pt1_pre, Chr (5 of 22)!, 0.66 mins elapsed.
2026-08-17 18:23:05.488244 : Adding TileMatrix to X__pt16pre for Chr (16 of 22)!, 4.009 mins elapsed.

2026-08-17 18:23:06.350472 : NTiles_TileMatrix_16_chr16, Class = numeric

NTiles_TileMatrix_16_chr16: length = 1
 chr16 
180677 



2026-08-17 18:23:06.351741 : NCells_TileMatrix_16_chr16, Class = integer

NCells_TileMatrix_16_chr16: length = 1
[1] 13778



2026-08-17 18:23:06.352734 : MinTile_TileMatrix_16_chr16, Class = numeric

MinTile_TileMatrix_16_chr16: length = 1
[1] 20



2026-08-17 18:23:06.364938 : MaxTile_TileMatrix_16_chr16, Class = numeric

MaxTile_TileMatrix_16_chr16: length = 1
[1] 180457



2026-08-17 18:23:06.409831 : MinCell_TileMatrix_16_chr16, Class = integer

MinCell_TileMatrix_16_chr16: length = 1
[1] 1



2026-08-17 18:23:06.410981 : MaxCell_TileMatrix_16_chr16, Class = integer

MaxCell_TileMatrix_16_chr16: length = 1
[1] 13778


2026-08-17 18:23:13.41896 : Creating Temp GeneScoreMatrix for X__pt1_pre, Chr (6 of 22)!, 0.796 mins elapsed.
2026-08-17 18:23:15.557669 : Adding TileMatrix to X__pt16pre for Chr (17 of 22)!, 4.177 mins elapsed.

2026-08-17 18:23:16.700628 : NTiles_TileMatrix_17_chr17, Class = numeric

NTiles_TileMatrix_17_chr17: length = 1
 chr17 
166515 



2026-08-17 18:23:16.701869 : NCells_TileMatrix_17_chr17, Class = integer

NCells_TileMatrix_17_chr17: length = 1
[1] 13778



2026-08-17 18:23:16.702838 : MinTile_TileMatrix_17_chr17, Class = numeric

MinTile_TileMatrix_17_chr17: length = 1
[1] 126



2026-08-17 18:23:16.717137 : MaxTile_TileMatrix_17_chr17, Class = numeric

MaxTile_TileMatrix_17_chr17: length = 1
[1] 166495



2026-08-17 18:23:16.769022 : MinCell_TileMatrix_17_chr17, Class = integer

MinCell_TileMatrix_17_chr17: length = 1
[1] 1



2026-08-17 18:23:16.770108 : MaxCell_TileMatrix_17_chr17, Class = integer

MaxCell_TileMatrix_17_chr17: length = 1
[1] 13778


2026-08-17 18:23:22.251128 : Creating Temp GeneScoreMatrix for X__pt1_pre, Chr (7 of 22)!, 0.944 mins elapsed.
2026-08-17 18:23:26.866112 : Adding TileMatrix to X__pt16pre for Chr (18 of 22)!, 4.365 mins elapsed.

2026-08-17 18:23:27.543906 : NTiles_TileMatrix_18_chr18, Class = numeric

NTiles_TileMatrix_18_chr18: length = 1
 chr18 
160747 



2026-08-17 18:23:27.545223 : NCells_TileMatrix_18_chr18, Class = integer

NCells_TileMatrix_18_chr18: length = 1
[1] 13778



2026-08-17 18:23:27.54624 : MinTile_TileMatrix_18_chr18, Class = numeric

MinTile_TileMatrix_18_chr18: length = 1
[1] 21



2026-08-17 18:23:27.555357 : MaxTile_TileMatrix_18_chr18, Class = numeric

MaxTile_TileMatrix_18_chr18: length = 1
[1] 160527



2026-08-17 18:23:27.587265 : MinCell_TileMatrix_18_chr18, Class = integer

MinCell_TileMatrix_18_chr18: length = 1
[1] 1



2026-08-17 18:23:27.5884 : MaxCell_TileMatrix_18_chr18, Class = integer

MaxCell_TileMatrix_18_chr18: length = 1
[1] 13778


2026-08-17 18:23:29.838522 : Creating Temp GeneScoreMatrix for X__pt1_pre, Chr (8 of 22)!, 1.07 mins elapsed.
2026-08-17 18:23:35.409084 : Adding TileMatrix to X__pt16pre for Chr (19 of 22)!, 4.508 mins elapsed.

2026-08-17 18:23:36.313054 : NTiles_TileMatrix_19_chr19, Class = numeric

NTiles_TileMatrix_19_chr19: length = 1
 chr19 
117236 



2026-08-17 18:23:36.314314 : NCells_TileMatrix_19_chr19, Class = integer

NCells_TileMatrix_19_chr19: length = 1
[1] 13778



2026-08-17 18:23:36.31528 : MinTile_TileMatrix_19_chr19, Class = numeric

MinTile_TileMatrix_19_chr19: length = 1
[1] 162



2026-08-17 18:23:36.328664 : MaxTile_TileMatrix_19_chr19, Class = numeric

MaxTile_TileMatrix_19_chr19: length = 1
[1] 117216



2026-08-17 18:23:36.375952 : MinCell_TileMatrix_19_chr19, Class = integer

MinCell_TileMatrix_19_chr19: length = 1
[1] 1



2026-08-17 18:23:36.377081 : MaxCell_TileMatrix_19_chr19, Class = integer

MaxCell_TileMatrix_19_chr19: length = 1
[1] 13778


2026-08-17 18:23:38.15216 : Creating Temp GeneScoreMatrix for X__pt1_pre, Chr (9 of 22)!, 1.209 mins elapsed.
2026-08-17 18:23:44.866782 : Creating Temp GeneScoreMatrix for X__pt1_pre, Chr (10 of 22)!, 1.321 mins elapsed.
2026-08-17 18:23:45.597618 : Adding TileMatrix to X__pt16pre for Chr (20 of 22)!, 4.678 mins elapsed.

2026-08-17 18:23:46.524198 : NTiles_TileMatrix_20_chr20, Class = numeric

NTiles_TileMatrix_20_chr20: length = 1
 chr20 
128889 



2026-08-17 18:23:46.525501 : NCells_TileMatrix_20_chr20, Class = integer

NCells_TileMatrix_20_chr20: length = 1
[1] 13778



2026-08-17 18:23:46.526525 : MinTile_TileMatrix_20_chr20, Class = numeric

MinTile_TileMatrix_20_chr20: length = 1
[1] 121



2026-08-17 18:23:46.536787 : MaxTile_TileMatrix_20_chr20, Class = numeric

MaxTile_TileMatrix_20_chr20: length = 1
[1] 128669



2026-08-17 18:23:46.572617 : MinCell_TileMatrix_20_chr20, Class = integer

MinCell_TileMatrix_20_chr20: length = 1
[1] 1



2026-08-17 18:23:46.573771 : MaxCell_TileMatrix_20_chr20, Class = integer

MaxCell_TileMatrix_20_chr20: length = 1
[1] 13778


2026-08-17 18:23:51.825983 : Creating Temp GeneScoreMatrix for X__pt1_pre, Chr (11 of 22)!, 1.437 mins elapsed.
2026-08-17 18:23:54.792908 : Adding TileMatrix to X__pt16pre for Chr (21 of 22)!, 4.831 mins elapsed.

2026-08-17 18:23:55.105524 : NTiles_TileMatrix_21_chr21, Class = numeric

NTiles_TileMatrix_21_chr21: length = 1
chr21 
93420 



2026-08-17 18:23:55.106809 : NCells_TileMatrix_21_chr21, Class = integer

NCells_TileMatrix_21_chr21: length = 1
[1] 13778



2026-08-17 18:23:55.107821 : MinTile_TileMatrix_21_chr21, Class = numeric

MinTile_TileMatrix_21_chr21: length = 1
[1] 10055



2026-08-17 18:23:55.112756 : MaxTile_TileMatrix_21_chr21, Class = numeric

MaxTile_TileMatrix_21_chr21: length = 1
[1] 93400



2026-08-17 18:23:55.127279 : MinCell_TileMatrix_21_chr21, Class = integer

MinCell_TileMatrix_21_chr21: length = 1
[1] 1



2026-08-17 18:23:55.128339 : MaxCell_TileMatrix_21_chr21, Class = integer

MaxCell_TileMatrix_21_chr21: length = 1
[1] 13778


2026-08-17 18:23:59.244525 : Creating Temp GeneScoreMatrix for X__pt1_pre, Chr (12 of 22)!, 1.56 mins elapsed.
2026-08-17 18:24:00.896155 : Adding TileMatrix to X__pt16pre for Chr (22 of 22)!, 4.933 mins elapsed.

2026-08-17 18:24:01.359544 : NTiles_TileMatrix_22_chr22, Class = numeric

NTiles_TileMatrix_22_chr22: length = 1
 chr22 
101637 



2026-08-17 18:24:01.360791 : NCells_TileMatrix_22_chr22, Class = integer

NCells_TileMatrix_22_chr22: length = 1
[1] 13778



2026-08-17 18:24:01.36179 : MinTile_TileMatrix_22_chr22, Class = numeric

MinTile_TileMatrix_22_chr22: length = 1
[1] 21039



2026-08-17 18:24:01.368923 : MaxTile_TileMatrix_22_chr22, Class = numeric

MaxTile_TileMatrix_22_chr22: length = 1
[1] 101617



2026-08-17 18:24:01.391256 : MinCell_TileMatrix_22_chr22, Class = integer

MinCell_TileMatrix_22_chr22: length = 1
[1] 1



2026-08-17 18:24:01.392351 : MaxCell_TileMatrix_22_chr22, Class = integer

MaxCell_TileMatrix_22_chr22: length = 1
[1] 13778


2026-08-17 18:24:06.831227 : Creating Temp GeneScoreMatrix for X__pt1_pre, Chr (13 of 22)!, 1.687 mins elapsed.
2026-08-17 18:24:09.290151 : (X__pt16pre : 9 of 11) Finished Adding TileMatrix!, 42.121 mins elapsed.
2026-08-17 18:24:09.291579 : (X__pt16pre : 9 of 11) Adding GeneScoreMatrix!, 42.121 mins elapsed.


2026-08-17 18:24:09.475938 : X__pt16pre .addGeneScoreMat geneRegions, Class = GRanges
GRanges object with 31344 ranges and 5 metadata columns:
          seqnames            ranges strand |     gene_id       symbol
             <Rle>         <IRanges>  <Rle> | <character>  <character>
      [1]     chr1        6869-14409      + |   100287102      DDX11L1
      [2]     chr1       14404-34570      - |      653635       WASH7P
      [3]     chr1       17369-22436      - |   102466751    MIR6859-1
      [4]     chr1       24554-31109      + |   107985730  MIR1302-2HG
      [5]     chr1       25366-30503      + |   100302278    MIR1302-2
      ...      ...               ...    ... .         ...          ...
  [31340]    chr22 50667714-50733212      + |       85358       SHANK3
  [31341]    chr22 50733196-50745339      + |          49          ACR
  [31342]    chr22 50735825-50743139      - |   105373100 LOC105373100
  [31343]    chr22 50751948-50801309      + |      284942    RPL23AP82
  [31344]    chr22 50767501-50788667      - |       11158       RABL2B
          geneStart   geneEnd geneWeight
          <integer> <integer>  <numeric>
      [1]     11869     14409    3.67937
      [2]     29570     14404    2.00189
      [3]     17436     17369    4.98680
      [4]     29554     31109    4.08192
      [5]     30366     30503    4.93248
      ...       ...       ...        ...
  [31340]  50672714  50733212    1.30848
  [31341]  50738196  50745339    2.66379
  [31342]  50738139  50735825    3.76215
  [31343]  50756948  50801309    1.40932
  [31344]  50783667  50767501    1.95456
  -------
  seqinfo: 22 sequences from hg38 genome

2026-08-17 18:24:09.627272 : Creating Temp GeneScoreMatrix for X__pt16pre, Chr (1 of 22)!, 0 mins elapsed.
2026-08-17 18:24:12.403391 : Creating Temp GeneScoreMatrix for X__pt1_pre, Chr (14 of 22)!, 1.78 mins elapsed.
2026-08-17 18:24:18.500652 : Creating Temp GeneScoreMatrix for X__pt1_pre, Chr (15 of 22)!, 1.881 mins elapsed.
2026-08-17 18:24:26.323921 : Creating Temp GeneScoreMatrix for X__pt1_pre, Chr (16 of 22)!, 2.012 mins elapsed.
2026-08-17 18:24:32.598121 : Creating Temp GeneScoreMatrix for X__pt1_pre, Chr (17 of 22)!, 2.116 mins elapsed.
2026-08-17 18:24:33.568887 : Creating Temp GeneScoreMatrix for X__pt16pre, Chr (2 of 22)!, 0.399 mins elapsed.
2026-08-17 18:24:39.921461 : Creating Temp GeneScoreMatrix for X__pt1_pre, Chr (18 of 22)!, 2.238 mins elapsed.
2026-08-17 18:24:45.729082 : Creating Temp GeneScoreMatrix for X__pt1_pre, Chr (19 of 22)!, 2.335 mins elapsed.
2026-08-17 18:24:52.435416 : Creating Temp GeneScoreMatrix for X__pt1_pre, Chr (20 of 22)!, 2.447 mins elapsed.
2026-08-17 18:24:54.327589 : Creating Temp GeneScoreMatrix for X__pt16pre, Chr (3 of 22)!, 0.745 mins elapsed.
2026-08-17 18:24:58.473277 : Creating Temp GeneScoreMatrix for X__pt1_pre, Chr (21 of 22)!, 2.547 mins elapsed.
2026-08-17 18:25:03.201156 : Creating Temp GeneScoreMatrix for X__pt1_pre, Chr (22 of 22)!, 2.626 mins elapsed.

2026-08-17 18:25:09.054446 : X__pt1_pre .addGeneScoreMat FeatureDF, Class = data.frame
X__pt1_pre .addGeneScoreMat FeatureDF: nRows = 31344, nCols = 6
  seqnames start   end strand        name idx
1     chr1 11869 14409      1     DDX11L1   1
2     chr1 29570 14404      2      WASH7P   2
3     chr1 17436 17369      2   MIR6859-1   3
4     chr1 29554 31109      1 MIR1302-2HG   4
5     chr1 30366 30503      1   MIR1302-2   5
6     chr1 36081 34554      2     FAM138A   6


2026-08-17 18:25:10.283913 : Creating Temp GeneScoreMatrix for X__pt16pre, Chr (4 of 22)!, 1.011 mins elapsed.
2026-08-17 18:25:10.696248 : Adding GeneScoreMatrix to X__pt1_pre for Chr (1 of 22)!, 2.751 mins elapsed.
2026-08-17 18:25:16.611705 : (X__pt12pre : 3 of 11) Computed TSS Scores!, 2.357 mins elapsed.
2026-08-17 18:25:16.622837 : (X__pt12pre : 3 of 11) CellStats : Number of Cells Pass Filter = 8362 , 43.243 mins elapsed.
2026-08-17 18:25:16.625953 : (X__pt12pre : 3 of 11) CellStats : Median Frags = 10301 , 43.243 mins elapsed.
2026-08-17 18:25:16.628783 : (X__pt12pre : 3 of 11) CellStats : Median TSS Enrichment = 13.3975 , 43.243 mins elapsed.
2026-08-17 18:25:16.629241 : (X__pt12pre : 3 of 11) Plotting TSS Enrichment Scores, 43.243 mins elapsed.
2026-08-17 18:25:17.338391 : Adding GeneScoreMatrix to X__pt1_pre for Chr (2 of 22)!, 2.862 mins elapsed.
2026-08-17 18:25:20.810184 : (X__pt12pre : 3 of 11) Adding Metadata to Fragments, 43.313 mins elapsed.
2026-08-17 18:25:22.110125 : Adding GeneScoreMatrix to X__pt1_pre for Chr (3 of 22)!, 2.941 mins elapsed.
2026-08-17 18:25:22.554447 : (X__pt12pre : 3 of 11) Adding Additional Feature Counts!, 43.342 mins elapsed.
2026-08-17 18:25:22.893928 : Creating Temp GeneScoreMatrix for X__pt16pre, Chr (5 of 22)!, 1.221 mins elapsed.
2026-08-17 18:25:24.804222 : (X__pt17pre : 5 of 11) Finished Adding Additional Feature Counts!, 43.379 mins elapsed.

2026-08-17 18:25:24.80483 : (X__pt17pre : 5 of 11) Metadata, Class = DFrame
DataFrame with 20020 rows and 12 columns
                   cellNames    nFrags nMonoFrags  nDiFrags nMultiFrags
                 <character> <numeric>  <numeric> <numeric>   <numeric>
1     X__pt17pre#CTCTACGCA..     45267      23852     20161        1254
2     X__pt17pre#AAATGAGCA..     43044      25779     15796        1469
3     X__pt17pre#GGTTGCGTC..     42465      26929     14151        1385
4     X__pt17pre#TGGGTTACA..     41685      26273     14045        1367
5     X__pt17pre#CCACAGGTC..     37833      23620     12940        1273
...                      ...       ...        ...       ...         ...
20016 X__pt17pre#GGGACCTCA..      1556       1092       424          40
20017 X__pt17pre#AGGCCTGCA..      1522       1116       386          20
20018 X__pt17pre#ACTGTCCTC..      1521       1120       383          18
20019 X__pt17pre#TAGCGGCCA..      1495       1033       441          21
20020 X__pt17pre#GTGCTGGCA..      1421        958       399          64
      TSSEnrichment ReadsInTSS      Keep ReadsInPromoter PromoterRatio
          <numeric>  <numeric> <numeric>       <numeric>     <numeric>
1            12.264      15130         1           13897      0.153500
2            17.773      26855         1           22943      0.266506
3             9.542      10461         1           10303      0.121312
4            17.446      26078         1           23262      0.279021
5            16.369      23534         1           20583      0.272024
...             ...        ...       ...             ...           ...
20016        14.026        850         1             851      0.273458
20017        20.095        822         1             818      0.268725
20018        28.124       1122         1             940      0.309007
20019        27.202       1044         1             831      0.277926
20020        14.251        950         1             899      0.316327
      ReadsInBlacklist BlacklistRatio
             <numeric>      <numeric>
1                  660     0.00729008
2                  453     0.00526206
3                  424     0.00499235
4                  468     0.00561353
5                  420     0.00555071
...                ...            ...
20016               12     0.00385604
20017               12     0.00394218
20018               29     0.00953320
20019               16     0.00535117
20020               12     0.00422238

2026-08-17 18:25:25.24409 : (X__pt17pre : 5 of 11) Removing Fragments from Filtered Cells, 43.387 mins elapsed.
2026-08-17 18:25:25.24809 : (X__pt17pre : 5 of 11) Creating Filtered Arrow File, 43.387 mins elapsed.
2026-08-17 18:25:29.228083 : Adding GeneScoreMatrix to X__pt1_pre for Chr (4 of 22)!, 3.06 mins elapsed.
2026-08-17 18:25:32.579149 : Adding GeneScoreMatrix to X__pt1_pre for Chr (5 of 22)!, 3.116 mins elapsed.

2026-08-17 18:25:33.139625 : (X__pt17pre : 5 of 11) .filterCellsFromArrow Fragments-Chr-(1 of 24)-chr1, Class = GRanges
GRanges object with 17061935 ranges and 1 metadata column:
             seqnames              ranges strand |                     RG
                <Rle>           <IRanges>  <Rle> |                  <Rle>
         [1]     chr1       634414-634442      * | X__pt17pre#CTCTACGCA..
         [2]     chr1       884972-885147      * | X__pt17pre#CTCTACGCA..
         [3]     chr1       917129-917308      * | X__pt17pre#CTCTACGCA..
         [4]     chr1     1019394-1019484      * | X__pt17pre#CTCTACGCA..
         [5]     chr1     1260136-1260212      * | X__pt17pre#CTCTACGCA..
         ...      ...                 ...    ... .                    ...
  [17061931]     chr1 238251047-238251098      * | X__pt17pre#GTGCTGGCA..
  [17061932]     chr1 239548061-239548289      * | X__pt17pre#GTGCTGGCA..
  [17061933]     chr1 240705635-240705830      * | X__pt17pre#GTGCTGGCA..
  [17061934]     chr1 244065574-244065651      * | X__pt17pre#GTGCTGGCA..
  [17061935]     chr1 246566376-246566403      * | X__pt17pre#GTGCTGGCA..
  -------
  seqinfo: 1 sequence from an unspecified genome; no seqlengths


2026-08-17 18:25:33.150238 : (X__pt17pre : 5 of 11) .filterCellsFromArrow Barcodes-Chr-(1 of 24)-chr1, Class = data.frame
(X__pt17pre : 5 of 11) .filterCellsFromArrow Barcodes-Chr-(1 of 24)-chr1: nRows = 20020, nCols = 1
                             bc
1 X__pt17pre#CTCTACGCATACAACC-1
2 X__pt17pre#AAATGAGCAATCAGGG-1
3 X__pt17pre#GGTTGCGTCACTGGTA-1
4 X__pt17pre#TGGGTTACAGGTGGTA-1
5 X__pt17pre#CCACAGGTCGCGTTCT-1
6 X__pt17pre#ACGTGGCAGTCAGCCC-1


2026-08-17 18:25:36.593093 : Adding GeneScoreMatrix to X__pt1_pre for Chr (6 of 22)!, 3.183 mins elapsed.
2026-08-17 18:25:39.10016 : Creating Temp GeneScoreMatrix for X__pt16pre, Chr (6 of 22)!, 1.491 mins elapsed.
2026-08-17 18:25:41.043683 : (X__pt14pre : 4 of 11) Computed TSS Scores!, 3.544 mins elapsed.
2026-08-17 18:25:41.055055 : (X__pt14pre : 4 of 11) CellStats : Number of Cells Pass Filter = 20001 , 43.65 mins elapsed.
2026-08-17 18:25:41.058295 : (X__pt14pre : 4 of 11) CellStats : Median Frags = 13962 , 43.65 mins elapsed.
2026-08-17 18:25:41.061795 : (X__pt14pre : 4 of 11) CellStats : Median TSS Enrichment = 6.063 , 43.65 mins elapsed.
2026-08-17 18:25:41.062254 : (X__pt14pre : 4 of 11) Plotting TSS Enrichment Scores, 43.65 mins elapsed.
2026-08-17 18:25:41.87729 : Adding GeneScoreMatrix to X__pt1_pre for Chr (7 of 22)!, 3.271 mins elapsed.
2026-08-17 18:25:43.635765 : (X__pt14pre : 4 of 11) Adding Metadata to Fragments, 43.693 mins elapsed.
2026-08-17 18:25:45.027024 : (X__pt14pre : 4 of 11) Adding Additional Feature Counts!, 43.716 mins elapsed.
2026-08-17 18:25:45.528782 : Adding GeneScoreMatrix to X__pt1_pre for Chr (8 of 22)!, 3.332 mins elapsed.
2026-08-17 18:25:49.312811 : Adding GeneScoreMatrix to X__pt1_pre for Chr (9 of 22)!, 3.395 mins elapsed.
2026-08-17 18:25:53.901422 : Adding GeneScoreMatrix to X__pt1_pre for Chr (10 of 22)!, 3.471 mins elapsed.
2026-08-17 18:25:54.486155 : Creating Temp GeneScoreMatrix for X__pt16pre, Chr (7 of 22)!, 1.748 mins elapsed.
2026-08-17 18:25:57.109214 : Adding GeneScoreMatrix to X__pt1_pre for Chr (11 of 22)!, 3.525 mins elapsed.
2026-08-17 18:26:01.173017 : Adding GeneScoreMatrix to X__pt1_pre for Chr (12 of 22)!, 3.592 mins elapsed.
2026-08-17 18:26:06.301166 : Adding GeneScoreMatrix to X__pt1_pre for Chr (13 of 22)!, 3.678 mins elapsed.
2026-08-17 18:26:08.771518 : Adding GeneScoreMatrix to X__pt1_pre for Chr (14 of 22)!, 3.719 mins elapsed.
2026-08-17 18:26:10.920665 : Creating Temp GeneScoreMatrix for X__pt16pre, Chr (8 of 22)!, 2.022 mins elapsed.
2026-08-17 18:26:11.835321 : Adding GeneScoreMatrix to X__pt1_pre for Chr (15 of 22)!, 3.77 mins elapsed.
2026-08-17 18:26:16.117368 : Adding GeneScoreMatrix to X__pt1_pre for Chr (16 of 22)!, 3.841 mins elapsed.
2026-08-17 18:26:19.327303 : Adding GeneScoreMatrix to X__pt1_pre for Chr (17 of 22)!, 3.895 mins elapsed.
2026-08-17 18:26:23.407875 : Adding GeneScoreMatrix to X__pt1_pre for Chr (18 of 22)!, 3.963 mins elapsed.
2026-08-17 18:26:24.126771 : Creating Temp GeneScoreMatrix for X__pt16pre, Chr (9 of 22)!, 2.242 mins elapsed.
2026-08-17 18:26:27.077176 : Adding GeneScoreMatrix to X__pt1_pre for Chr (19 of 22)!, 4.024 mins elapsed.
2026-08-17 18:26:31.076155 : Adding GeneScoreMatrix to X__pt1_pre for Chr (20 of 22)!, 4.091 mins elapsed.
2026-08-17 18:26:33.864185 : Adding GeneScoreMatrix to X__pt1_pre for Chr (21 of 22)!, 4.137 mins elapsed.
2026-08-17 18:26:35.857491 : Creating Temp GeneScoreMatrix for X__pt16pre, Chr (10 of 22)!, 2.437 mins elapsed.
2026-08-17 18:26:37.178671 : Adding GeneScoreMatrix to X__pt1_pre for Chr (22 of 22)!, 4.192 mins elapsed.
2026-08-17 18:26:42.30806 : (X__pt1_pre : 6 of 11) Finished Adding GeneScoreMatrix!, 44.671 mins elapsed.
2026-08-17 18:26:42.309967 : (X__pt1_pre : 6 of 11) Finished Creating Arrow File, 44.671 mins elapsed.
2026-08-17 18:26:51.513145 : Creating Temp GeneScoreMatrix for X__pt16pre, Chr (11 of 22)!, 2.698 mins elapsed.
2026-08-17 18:27:00.475893 : (X__pt24pre : 2 of 11) Reading TabixFile 50 Percent, 44.974 mins elapsed.
2026-08-17 18:27:04.114844 : Creating Temp GeneScoreMatrix for X__pt16pre, Chr (12 of 22)!, 2.908 mins elapsed.
2026-08-17 18:27:04.619246 : (X__pt17pre : 5 of 11) Finished Constructing Filtered Arrow File!, 45.043 mins elapsed.
2026-08-17 18:27:04.750811 : (X__pt17pre : 5 of 11) Adding TileMatrix!, 45.045 mins elapsed.

2026-08-17 18:27:06.049071 : X__pt17pre .addTileMat FeatureDF, Class = DFrame
DataFrame with 5750013 rows and 3 columns
           seqnames       idx     start
        <character> <integer> <numeric>
1              chr1         1         0
2              chr1         2       500
3              chr1         3      1000
4              chr1         4      1500
5              chr1         5      2000
...             ...       ...       ...
5750009       chr22    101633  50816000
5750010       chr22    101634  50816500
5750011       chr22    101635  50817000
5750012       chr22    101636  50817500
5750013       chr22    101637  50818000

2026-08-17 18:27:13.455517 : Adding TileMatrix to X__pt17pre for Chr (1 of 22)!, 0.145 mins elapsed.

2026-08-17 18:27:17.471792 : NTiles_TileMatrix_1_chr1, Class = numeric

NTiles_TileMatrix_1_chr1: length = 1
  chr1 
497913 



2026-08-17 18:27:17.473022 : NCells_TileMatrix_1_chr1, Class = integer

NCells_TileMatrix_1_chr1: length = 1
[1] 20020



2026-08-17 18:27:17.474434 : MinTile_TileMatrix_1_chr1, Class = numeric

MinTile_TileMatrix_1_chr1: length = 1
[1] 21



2026-08-17 18:27:17.501244 : MaxTile_TileMatrix_1_chr1, Class = numeric

MaxTile_TileMatrix_1_chr1: length = 1
[1] 497893



2026-08-17 18:27:17.604729 : MinCell_TileMatrix_1_chr1, Class = integer

MinCell_TileMatrix_1_chr1: length = 1
[1] 1



2026-08-17 18:27:17.606279 : MaxCell_TileMatrix_1_chr1, Class = integer

MaxCell_TileMatrix_1_chr1: length = 1
[1] 20020


2026-08-17 18:27:18.895694 : Creating Temp GeneScoreMatrix for X__pt16pre, Chr (13 of 22)!, 3.154 mins elapsed.
2026-08-17 18:27:26.961387 : Creating Temp GeneScoreMatrix for X__pt16pre, Chr (14 of 22)!, 3.289 mins elapsed.
2026-08-17 18:27:35.158458 : Creating Temp GeneScoreMatrix for X__pt16pre, Chr (15 of 22)!, 3.426 mins elapsed.
2026-08-17 18:27:37.8601 : (X__pt12pre : 3 of 11) Finished Adding Additional Feature Counts!, 45.597 mins elapsed.

2026-08-17 18:27:37.860678 : (X__pt12pre : 3 of 11) Metadata, Class = DFrame
DataFrame with 8362 rows and 12 columns
                  cellNames    nFrags nMonoFrags  nDiFrags nMultiFrags
                <character> <numeric>  <numeric> <numeric>   <numeric>
1    X__pt12pre#GCATTGAAG..     35279      10503     23244        1532
2    X__pt12pre#CGCGCAATC..     33965       6211     25833        1921
3    X__pt12pre#TACGCAAGT..     33756      18573     13840        1343
4    X__pt12pre#GGAGAACAG..     33455      10020     21574        1861
5    X__pt12pre#CTAACTTTC..     32141       6634     24043        1464
...                     ...       ...        ...       ...         ...
8358 X__pt12pre#TTTGCGCAG..      3260       1709      1421         130
8359 X__pt12pre#CTGTTCGCA..      3254       1540      1530         184
8360 X__pt12pre#CACATGAGT..      3177       1621      1369         187
8361 X__pt12pre#GGAGTAGTC..      3141       1704      1324         113
8362 X__pt12pre#AGCCTCTGT..      3087       1495      1351         241
     TSSEnrichment ReadsInTSS      Keep ReadsInPromoter PromoterRatio
         <numeric>  <numeric> <numeric>       <numeric>     <numeric>
1            9.947       7299         1            7234     0.1025256
2            1.947        946         1            1855     0.0273075
3            5.706       5181         1            6337     0.0938648
4            6.742       4586         1            4999     0.0747123
5            2.118        950         1            1670     0.0259793
...            ...        ...       ...             ...           ...
8358        19.752       2394         1            2044      0.313497
8359        14.980       1460         1            1434      0.220344
8360        14.217       1558         1            1407      0.221435
8361        18.581       1689         1            1625      0.258676
8362        19.577       2175         1            1813      0.293651
     ReadsInBlacklist BlacklistRatio
            <numeric>      <numeric>
1                 403     0.00571161
2                 441     0.00649198
3                 330     0.00488802
4                 363     0.00542520
5                 459     0.00714041
...               ...            ...
8358               60     0.00920245
8359               36     0.00553165
8360               38     0.00598048
8361               35     0.00557147
8362               36     0.00583090

2026-08-17 18:27:38.007924 : (X__pt12pre : 3 of 11) Removing Fragments from Filtered Cells, 45.599 mins elapsed.
2026-08-17 18:27:38.011575 : (X__pt12pre : 3 of 11) Creating Filtered Arrow File, 45.599 mins elapsed.
2026-08-17 18:27:39.471206 : Adding TileMatrix to X__pt17pre for Chr (2 of 22)!, 0.578 mins elapsed.

2026-08-17 18:27:40.279669 : (X__pt12pre : 3 of 11) .filterCellsFromArrow Fragments-Chr-(1 of 24)-chr1, Class = GRanges
GRanges object with 8083754 ranges and 1 metadata column:
            seqnames              ranges strand |                     RG
               <Rle>           <IRanges>  <Rle> |                  <Rle>
        [1]     chr1       827078-827316      * | X__pt12pre#GCATTGAAG..
        [2]     chr1       844876-844919      * | X__pt12pre#GCATTGAAG..
        [3]     chr1       928056-928274      * | X__pt12pre#GCATTGAAG..
        [4]     chr1       950227-950386      * | X__pt12pre#GCATTGAAG..
        [5]     chr1       957383-957415      * | X__pt12pre#GCATTGAAG..
        ...      ...                 ...    ... .                    ...
  [8083750]     chr1 244048339-244048422      * | X__pt12pre#AGCCTCTGT..
  [8083751]     chr1 244638313-244638442      * | X__pt12pre#AGCCTCTGT..
  [8083752]     chr1 244936786-244936989      * | X__pt12pre#AGCCTCTGT..
  [8083753]     chr1 247579502-247579868      * | X__pt12pre#AGCCTCTGT..
  [8083754]     chr1 248873875-248874184      * | X__pt12pre#AGCCTCTGT..
  -------
  seqinfo: 1 sequence from an unspecified genome; no seqlengths


2026-08-17 18:27:40.290448 : (X__pt12pre : 3 of 11) .filterCellsFromArrow Barcodes-Chr-(1 of 24)-chr1, Class = data.frame
(X__pt12pre : 3 of 11) .filterCellsFromArrow Barcodes-Chr-(1 of 24)-chr1: nRows = 8362, nCols = 1
                             bc
1 X__pt12pre#GCATTGAAGAGGCAGG-1
2 X__pt12pre#CGCGCAATCGGCATAT-1
3 X__pt12pre#TACGCAAGTCTGGGAA-1
4 X__pt12pre#GGAGAACAGTTGGAAT-1
5 X__pt12pre#CTAACTTTCCACGAGC-1
6 X__pt12pre#CACCACTAGAGATTAC-1



2026-08-17 18:27:41.583268 : NTiles_TileMatrix_2_chr2, Class = numeric

NTiles_TileMatrix_2_chr2: length = 1
  chr2 
484388 



2026-08-17 18:27:41.58448 : NCells_TileMatrix_2_chr2, Class = integer

NCells_TileMatrix_2_chr2: length = 1
[1] 20020



2026-08-17 18:27:41.585437 : MinTile_TileMatrix_2_chr2, Class = numeric

MinTile_TileMatrix_2_chr2: length = 1
[1] 21



2026-08-17 18:27:41.609144 : MaxTile_TileMatrix_2_chr2, Class = numeric

MaxTile_TileMatrix_2_chr2: length = 1
[1] 484367



2026-08-17 18:27:41.689936 : MinCell_TileMatrix_2_chr2, Class = integer

MinCell_TileMatrix_2_chr2: length = 1
[1] 1



2026-08-17 18:27:41.691041 : MaxCell_TileMatrix_2_chr2, Class = integer

MaxCell_TileMatrix_2_chr2: length = 1
[1] 20020


2026-08-17 18:27:43.338775 : Creating Temp GeneScoreMatrix for X__pt16pre, Chr (16 of 22)!, 3.562 mins elapsed.
2026-08-17 18:27:53.220544 : Creating Temp GeneScoreMatrix for X__pt16pre, Chr (17 of 22)!, 3.727 mins elapsed.
2026-08-17 18:27:57.163141 : Adding TileMatrix to X__pt17pre for Chr (3 of 22)!, 0.873 mins elapsed.

2026-08-17 18:27:58.794124 : NTiles_TileMatrix_3_chr3, Class = numeric

NTiles_TileMatrix_3_chr3: length = 1
  chr3 
396592 



2026-08-17 18:27:58.795393 : NCells_TileMatrix_3_chr3, Class = integer

NCells_TileMatrix_3_chr3: length = 1
[1] 20020



2026-08-17 18:27:58.796383 : MinTile_TileMatrix_3_chr3, Class = numeric

MinTile_TileMatrix_3_chr3: length = 1
[1] 20



2026-08-17 18:27:58.816328 : MaxTile_TileMatrix_3_chr3, Class = numeric

MaxTile_TileMatrix_3_chr3: length = 1
[1] 396466



2026-08-17 18:27:58.890717 : MinCell_TileMatrix_3_chr3, Class = integer

MinCell_TileMatrix_3_chr3: length = 1
[1] 1



2026-08-17 18:27:58.89187 : MaxCell_TileMatrix_3_chr3, Class = integer

MaxCell_TileMatrix_3_chr3: length = 1
[1] 20020


2026-08-17 18:28:03.56103 : Creating Temp GeneScoreMatrix for X__pt16pre, Chr (18 of 22)!, 3.899 mins elapsed.
2026-08-17 18:28:10.718445 : Creating Temp GeneScoreMatrix for X__pt16pre, Chr (19 of 22)!, 4.018 mins elapsed.
2026-08-17 18:28:13.462777 : Adding TileMatrix to X__pt17pre for Chr (4 of 22)!, 1.145 mins elapsed.

2026-08-17 18:28:14.753526 : NTiles_TileMatrix_4_chr4, Class = numeric

NTiles_TileMatrix_4_chr4: length = 1
  chr4 
380430 



2026-08-17 18:28:14.754835 : NCells_TileMatrix_4_chr4, Class = integer

NCells_TileMatrix_4_chr4: length = 1
[1] 20020



2026-08-17 18:28:14.755868 : MinTile_TileMatrix_4_chr4, Class = numeric

MinTile_TileMatrix_4_chr4: length = 1
[1] 21



2026-08-17 18:28:14.77083 : MaxTile_TileMatrix_4_chr4, Class = numeric

MaxTile_TileMatrix_4_chr4: length = 1
[1] 380410



2026-08-17 18:28:14.826083 : MinCell_TileMatrix_4_chr4, Class = integer

MinCell_TileMatrix_4_chr4: length = 1
[1] 1



2026-08-17 18:28:14.827233 : MaxCell_TileMatrix_4_chr4, Class = integer

MaxCell_TileMatrix_4_chr4: length = 1
[1] 20020


2026-08-17 18:28:18.839846 : Creating Temp GeneScoreMatrix for X__pt16pre, Chr (20 of 22)!, 4.154 mins elapsed.
2026-08-17 18:28:25.930442 : Adding TileMatrix to X__pt17pre for Chr (5 of 22)!, 1.353 mins elapsed.
2026-08-17 18:28:26.035187 : Creating Temp GeneScoreMatrix for X__pt16pre, Chr (21 of 22)!, 4.273 mins elapsed.

2026-08-17 18:28:27.253285 : NTiles_TileMatrix_5_chr5, Class = numeric

NTiles_TileMatrix_5_chr5: length = 1
  chr5 
363077 



2026-08-17 18:28:27.254557 : NCells_TileMatrix_5_chr5, Class = integer

NCells_TileMatrix_5_chr5: length = 1
[1] 20020



2026-08-17 18:28:27.255551 : MinTile_TileMatrix_5_chr5, Class = numeric

MinTile_TileMatrix_5_chr5: length = 1
[1] 21



2026-08-17 18:28:27.272836 : MaxTile_TileMatrix_5_chr5, Class = numeric

MaxTile_TileMatrix_5_chr5: length = 1
[1] 362921



2026-08-17 18:28:27.336139 : MinCell_TileMatrix_5_chr5, Class = integer

MinCell_TileMatrix_5_chr5: length = 1
[1] 1



2026-08-17 18:28:27.337273 : MaxCell_TileMatrix_5_chr5, Class = integer

MaxCell_TileMatrix_5_chr5: length = 1
[1] 20020


2026-08-17 18:28:29.575038 : (X__24t : 1 of 11) Reading TabixFile 50 Percent, 46.459 mins elapsed.
2026-08-17 18:28:31.529405 : Creating Temp GeneScoreMatrix for X__pt16pre, Chr (22 of 22)!, 4.365 mins elapsed.

2026-08-17 18:28:38.307709 : X__pt16pre .addGeneScoreMat FeatureDF, Class = data.frame
X__pt16pre .addGeneScoreMat FeatureDF: nRows = 31344, nCols = 6
  seqnames start   end strand        name idx
1     chr1 11869 14409      1     DDX11L1   1
2     chr1 29570 14404      2      WASH7P   2
3     chr1 17436 17369      2   MIR6859-1   3
4     chr1 29554 31109      1 MIR1302-2HG   4
5     chr1 30366 30503      1   MIR1302-2   5
6     chr1 36081 34554      2     FAM138A   6


2026-08-17 18:28:39.77163 : Adding TileMatrix to X__pt17pre for Chr (6 of 22)!, 1.583 mins elapsed.
2026-08-17 18:28:39.956419 : Adding GeneScoreMatrix to X__pt16pre for Chr (1 of 22)!, 4.505 mins elapsed.
2026-08-17 18:28:41.002074 : (X__pt12pre : 3 of 11) Finished Constructing Filtered Arrow File!, 46.649 mins elapsed.
2026-08-17 18:28:41.102911 : (X__pt12pre : 3 of 11) Adding TileMatrix!, 46.651 mins elapsed.

2026-08-17 18:28:41.202074 : NTiles_TileMatrix_6_chr6, Class = numeric

NTiles_TileMatrix_6_chr6: length = 1
  chr6 
341612 



2026-08-17 18:28:41.203339 : NCells_TileMatrix_6_chr6, Class = integer

NCells_TileMatrix_6_chr6: length = 1
[1] 20020



2026-08-17 18:28:41.204323 : MinTile_TileMatrix_6_chr6, Class = numeric

MinTile_TileMatrix_6_chr6: length = 1
[1] 128



2026-08-17 18:28:41.221915 : MaxTile_TileMatrix_6_chr6, Class = numeric

MaxTile_TileMatrix_6_chr6: length = 1
[1] 341485



2026-08-17 18:28:41.285146 : MinCell_TileMatrix_6_chr6, Class = integer

MinCell_TileMatrix_6_chr6: length = 1
[1] 1



2026-08-17 18:28:41.286288 : MaxCell_TileMatrix_6_chr6, Class = integer

MaxCell_TileMatrix_6_chr6: length = 1
[1] 20020



2026-08-17 18:28:42.447825 : X__pt12pre .addTileMat FeatureDF, Class = DFrame
DataFrame with 5750013 rows and 3 columns
           seqnames       idx     start
        <character> <integer> <numeric>
1              chr1         1         0
2              chr1         2       500
3              chr1         3      1000
4              chr1         4      1500
5              chr1         5      2000
...             ...       ...       ...
5750009       chr22    101633  50816000
5750010       chr22    101634  50816500
5750011       chr22    101635  50817000
5750012       chr22    101636  50817500
5750013       chr22    101637  50818000

2026-08-17 18:28:48.487366 : Adding GeneScoreMatrix to X__pt16pre for Chr (2 of 22)!, 4.648 mins elapsed.
2026-08-17 18:28:49.809692 : Adding TileMatrix to X__pt12pre for Chr (1 of 22)!, 0.145 mins elapsed.

2026-08-17 18:28:50.895893 : NTiles_TileMatrix_1_chr1, Class = numeric

NTiles_TileMatrix_1_chr1: length = 1
  chr1 
497913 



2026-08-17 18:28:50.897208 : NCells_TileMatrix_1_chr1, Class = integer

NCells_TileMatrix_1_chr1: length = 1
[1] 8362



2026-08-17 18:28:50.898699 : MinTile_TileMatrix_1_chr1, Class = numeric

MinTile_TileMatrix_1_chr1: length = 1
[1] 21



2026-08-17 18:28:50.912546 : MaxTile_TileMatrix_1_chr1, Class = numeric

MaxTile_TileMatrix_1_chr1: length = 1
[1] 497893



2026-08-17 18:28:50.958025 : MinCell_TileMatrix_1_chr1, Class = integer

MinCell_TileMatrix_1_chr1: length = 1
[1] 1



2026-08-17 18:28:50.959559 : MaxCell_TileMatrix_1_chr1, Class = integer

MaxCell_TileMatrix_1_chr1: length = 1
[1] 8362


2026-08-17 18:28:53.318823 : Adding TileMatrix to X__pt17pre for Chr (7 of 22)!, 1.809 mins elapsed.

2026-08-17 18:28:54.464313 : NTiles_TileMatrix_7_chr7, Class = numeric

NTiles_TileMatrix_7_chr7: length = 1
  chr7 
318692 



2026-08-17 18:28:54.465563 : NCells_TileMatrix_7_chr7, Class = integer

NCells_TileMatrix_7_chr7: length = 1
[1] 20020



2026-08-17 18:28:54.466554 : MinTile_TileMatrix_7_chr7, Class = numeric

MinTile_TileMatrix_7_chr7: length = 1
[1] 21



2026-08-17 18:28:54.482623 : MaxTile_TileMatrix_7_chr7, Class = numeric

MaxTile_TileMatrix_7_chr7: length = 1
[1] 318672



2026-08-17 18:28:54.540207 : MinCell_TileMatrix_7_chr7, Class = integer

MinCell_TileMatrix_7_chr7: length = 1
[1] 1



2026-08-17 18:28:54.541327 : MaxCell_TileMatrix_7_chr7, Class = integer

MaxCell_TileMatrix_7_chr7: length = 1
[1] 20020


2026-08-17 18:28:55.405333 : Adding GeneScoreMatrix to X__pt16pre for Chr (3 of 22)!, 4.763 mins elapsed.
2026-08-17 18:29:02.420955 : Adding GeneScoreMatrix to X__pt16pre for Chr (4 of 22)!, 4.88 mins elapsed.
2026-08-17 18:29:02.805193 : Adding TileMatrix to X__pt12pre for Chr (2 of 22)!, 0.361 mins elapsed.

2026-08-17 18:29:03.567086 : NTiles_TileMatrix_2_chr2, Class = numeric

NTiles_TileMatrix_2_chr2: length = 1
  chr2 
484388 



2026-08-17 18:29:03.568465 : NCells_TileMatrix_2_chr2, Class = integer

NCells_TileMatrix_2_chr2: length = 1
[1] 8362



2026-08-17 18:29:03.569474 : MinTile_TileMatrix_2_chr2, Class = numeric

MinTile_TileMatrix_2_chr2: length = 1
[1] 21



2026-08-17 18:29:03.581276 : MaxTile_TileMatrix_2_chr2, Class = numeric

MaxTile_TileMatrix_2_chr2: length = 1
[1] 484367



2026-08-17 18:29:03.624347 : MinCell_TileMatrix_2_chr2, Class = integer

MinCell_TileMatrix_2_chr2: length = 1
[1] 1



2026-08-17 18:29:03.625537 : MaxCell_TileMatrix_2_chr2, Class = integer

MaxCell_TileMatrix_2_chr2: length = 1
[1] 8362


2026-08-17 18:29:03.818574 : (X__pt14pre : 4 of 11) Finished Adding Additional Feature Counts!, 47.03 mins elapsed.

2026-08-17 18:29:03.819129 : (X__pt14pre : 4 of 11) Metadata, Class = DFrame
DataFrame with 20001 rows and 12 columns
                   cellNames    nFrags nMonoFrags  nDiFrags nMultiFrags
                 <character> <numeric>  <numeric> <numeric>   <numeric>
1     X__pt14pre#GCCCGAACA..    119854      93290     24244        2320
2     X__pt14pre#CACAGATCA..    113458      61864     47949        3645
3     X__pt14pre#GCAGATTTC..    104266      82387     20501        1378
4     X__pt14pre#GCAACCGAG..    100579      57147     39037        4395
5     X__pt14pre#CACATGAAG..     99759      61964     36480        1315
...                      ...       ...        ...       ...         ...
19997 X__pt14pre#TTACTTGCA..      2895       1306      1362         227
19998 X__pt14pre#TTACGTTAG..      2892       1330      1296         266
19999 X__pt14pre#GAAACAACA..      2830       1284      1306         240
20000 X__pt14pre#TGTGACACA..      2763       1528      1040         195
20001 X__pt14pre#CCCACATAG..      2702       1460      1039         203
      TSSEnrichment ReadsInTSS      Keep ReadsInPromoter PromoterRatio
          <numeric>  <numeric> <numeric>       <numeric>     <numeric>
1             5.571      16576         1           19595     0.0817453
2            12.668      53642         1           52464     0.2312045
3             2.298       5285         1            9632     0.0461896
4             6.197      16143         1           19072     0.0948110
5             3.169       7298         1           11173     0.0560000
...             ...        ...       ...             ...           ...
19997        22.348       2291         1            1906      0.329188
19998        10.355       1004         1            1096      0.189488
19999        17.483       1598         1            1448      0.255830
20000        14.637       1397         1            1443      0.261129
20001        15.541       1499         1            1285      0.237787
      ReadsInBlacklist BlacklistRatio
             <numeric>      <numeric>
1                 1486     0.00619921
2                 1287     0.00567170
3                 1381     0.00662248
4                 1231     0.00611957
5                 1266     0.00634529
...                ...            ...
19997               50     0.00863558
19998               30     0.00518672
19999               18     0.00318021
20000               36     0.00651466
20001               14     0.00259067

2026-08-17 18:29:04.154058 : (X__pt14pre : 4 of 11) Removing Fragments from Filtered Cells, 47.035 mins elapsed.
2026-08-17 18:29:04.158002 : (X__pt14pre : 4 of 11) Creating Filtered Arrow File, 47.035 mins elapsed.
2026-08-17 18:29:05.741578 : Adding TileMatrix to X__pt17pre for Chr (8 of 22)!, 2.016 mins elapsed.

2026-08-17 18:29:06.717862 : NTiles_TileMatrix_8_chr8, Class = numeric

NTiles_TileMatrix_8_chr8: length = 1
  chr8 
290278 



2026-08-17 18:29:06.719104 : NCells_TileMatrix_8_chr8, Class = integer

NCells_TileMatrix_8_chr8: length = 1
[1] 20020



2026-08-17 18:29:06.720078 : MinTile_TileMatrix_8_chr8, Class = numeric

MinTile_TileMatrix_8_chr8: length = 1
[1] 121



2026-08-17 18:29:06.734457 : MaxTile_TileMatrix_8_chr8, Class = numeric

MaxTile_TileMatrix_8_chr8: length = 1
[1] 290151



2026-08-17 18:29:06.787137 : MinCell_TileMatrix_8_chr8, Class = integer

MinCell_TileMatrix_8_chr8: length = 1
[1] 1



2026-08-17 18:29:06.788295 : MaxCell_TileMatrix_8_chr8, Class = integer

MaxCell_TileMatrix_8_chr8: length = 1
[1] 20020


2026-08-17 18:29:07.100518 : Adding GeneScoreMatrix to X__pt16pre for Chr (5 of 22)!, 4.958 mins elapsed.
2026-08-17 18:29:14.459398 : Adding GeneScoreMatrix to X__pt16pre for Chr (6 of 22)!, 5.081 mins elapsed.
2026-08-17 18:29:16.03573 : Adding TileMatrix to X__pt12pre for Chr (3 of 22)!, 0.582 mins elapsed.

2026-08-17 18:29:16.650153 : (X__pt14pre : 4 of 11) .filterCellsFromArrow Fragments-Chr-(1 of 24)-chr1, Class = GRanges
GRanges object with 28241350 ranges and 1 metadata column:
             seqnames              ranges strand |                     RG
                <Rle>           <IRanges>  <Rle> |                  <Rle>
         [1]     chr1       777953-778141      * | X__pt14pre#GCCCGAACA..
         [2]     chr1       832123-832214      * | X__pt14pre#GCCCGAACA..
         [3]     chr1       861764-861830      * | X__pt14pre#GCCCGAACA..
         [4]     chr1       863701-863804      * | X__pt14pre#GCCCGAACA..
         [5]     chr1       897992-898062      * | X__pt14pre#GCCCGAACA..
         ...      ...                 ...    ... .                    ...
  [28241346]     chr1 247237024-247237248      * | X__pt14pre#CCCACATAG..
  [28241347]     chr1 247238661-247238799      * | X__pt14pre#CCCACATAG..
  [28241348]     chr1 247878223-247878345      * | X__pt14pre#CCCACATAG..
  [28241349]     chr1 248826095-248826264      * | X__pt14pre#CCCACATAG..
  [28241350]     chr1 248873761-248873889      * | X__pt14pre#CCCACATAG..
  -------
  seqinfo: 1 sequence from an unspecified genome; no seqlengths


2026-08-17 18:29:16.660151 : (X__pt14pre : 4 of 11) .filterCellsFromArrow Barcodes-Chr-(1 of 24)-chr1, Class = data.frame
(X__pt14pre : 4 of 11) .filterCellsFromArrow Barcodes-Chr-(1 of 24)-chr1: nRows = 20001, nCols = 1
                             bc
1 X__pt14pre#GCCCGAACATAGAATG-1
2 X__pt14pre#CACAGATCAGTGCTCG-1
3 X__pt14pre#GCAGATTTCCACCTAC-1
4 X__pt14pre#GCAACCGAGACCCTAT-1
5 X__pt14pre#CACATGAAGATTAGAC-1
6 X__pt14pre#CGTGGCATCCCTAAAG-1



2026-08-17 18:29:16.802073 : NTiles_TileMatrix_3_chr3, Class = numeric

NTiles_TileMatrix_3_chr3: length = 1
  chr3 
396592 



2026-08-17 18:29:16.803352 : NCells_TileMatrix_3_chr3, Class = integer

NCells_TileMatrix_3_chr3: length = 1
[1] 8362



2026-08-17 18:29:16.804312 : MinTile_TileMatrix_3_chr3, Class = numeric

MinTile_TileMatrix_3_chr3: length = 1
[1] 21



2026-08-17 18:29:16.814443 : MaxTile_TileMatrix_3_chr3, Class = numeric

MaxTile_TileMatrix_3_chr3: length = 1
[1] 396441



2026-08-17 18:29:16.847212 : MinCell_TileMatrix_3_chr3, Class = integer

MinCell_TileMatrix_3_chr3: length = 1
[1] 1



2026-08-17 18:29:16.84836 : MaxCell_TileMatrix_3_chr3, Class = integer

MaxCell_TileMatrix_3_chr3: length = 1
[1] 8362


2026-08-17 18:29:17.470229 : Adding TileMatrix to X__pt17pre for Chr (9 of 22)!, 2.212 mins elapsed.

2026-08-17 18:29:18.35414 : NTiles_TileMatrix_9_chr9, Class = numeric

NTiles_TileMatrix_9_chr9: length = 1
  chr9 
276790 



2026-08-17 18:29:18.35537 : NCells_TileMatrix_9_chr9, Class = integer

NCells_TileMatrix_9_chr9: length = 1
[1] 20020



2026-08-17 18:29:18.356333 : MinTile_TileMatrix_9_chr9, Class = numeric

MinTile_TileMatrix_9_chr9: length = 1
[1] 21



2026-08-17 18:29:18.369605 : MaxTile_TileMatrix_9_chr9, Class = numeric

MaxTile_TileMatrix_9_chr9: length = 1
[1] 276637



2026-08-17 18:29:18.41748 : MinCell_TileMatrix_9_chr9, Class = integer

MinCell_TileMatrix_9_chr9: length = 1
[1] 1



2026-08-17 18:29:18.418643 : MaxCell_TileMatrix_9_chr9, Class = integer

MaxCell_TileMatrix_9_chr9: length = 1
[1] 20020


2026-08-17 18:29:21.163514 : Adding GeneScoreMatrix to X__pt16pre for Chr (7 of 22)!, 5.192 mins elapsed.
2026-08-17 18:29:26.170861 : Adding GeneScoreMatrix to X__pt16pre for Chr (8 of 22)!, 5.276 mins elapsed.
2026-08-17 18:29:27.474763 : Adding TileMatrix to X__pt12pre for Chr (4 of 22)!, 0.773 mins elapsed.
2026-08-17 18:29:28.247274 : Adding TileMatrix to X__pt17pre for Chr (10 of 22)!, 2.391 mins elapsed.

2026-08-17 18:29:28.403947 : NTiles_TileMatrix_4_chr4, Class = numeric

NTiles_TileMatrix_4_chr4: length = 1
  chr4 
380430 



2026-08-17 18:29:28.405228 : NCells_TileMatrix_4_chr4, Class = integer

NCells_TileMatrix_4_chr4: length = 1
[1] 8362



2026-08-17 18:29:28.406229 : MinTile_TileMatrix_4_chr4, Class = numeric

MinTile_TileMatrix_4_chr4: length = 1
[1] 21



2026-08-17 18:29:28.414423 : MaxTile_TileMatrix_4_chr4, Class = numeric

MaxTile_TileMatrix_4_chr4: length = 1
[1] 380410



2026-08-17 18:29:28.440694 : MinCell_TileMatrix_4_chr4, Class = integer

MinCell_TileMatrix_4_chr4: length = 1
[1] 1



2026-08-17 18:29:28.441785 : MaxCell_TileMatrix_4_chr4, Class = integer

MaxCell_TileMatrix_4_chr4: length = 1
[1] 8362



2026-08-17 18:29:29.651966 : NTiles_TileMatrix_10_chr10, Class = numeric

NTiles_TileMatrix_10_chr10: length = 1
 chr10 
267595 



2026-08-17 18:29:29.653195 : NCells_TileMatrix_10_chr10, Class = integer

NCells_TileMatrix_10_chr10: length = 1
[1] 20020



2026-08-17 18:29:29.654181 : MinTile_TileMatrix_10_chr10, Class = numeric

MinTile_TileMatrix_10_chr10: length = 1
[1] 23



2026-08-17 18:29:29.668789 : MaxTile_TileMatrix_10_chr10, Class = numeric

MaxTile_TileMatrix_10_chr10: length = 1
[1] 267575



2026-08-17 18:29:29.720847 : MinCell_TileMatrix_10_chr10, Class = integer

MinCell_TileMatrix_10_chr10: length = 1
[1] 1



2026-08-17 18:29:29.722005 : MaxCell_TileMatrix_10_chr10, Class = integer

MaxCell_TileMatrix_10_chr10: length = 1
[1] 20020


2026-08-17 18:29:30.91838 : Adding GeneScoreMatrix to X__pt16pre for Chr (9 of 22)!, 5.355 mins elapsed.
2026-08-17 18:29:36.856051 : Adding GeneScoreMatrix to X__pt16pre for Chr (10 of 22)!, 5.454 mins elapsed.
2026-08-17 18:29:36.954948 : Adding TileMatrix to X__pt12pre for Chr (5 of 22)!, 0.931 mins elapsed.

2026-08-17 18:29:37.599136 : NTiles_TileMatrix_5_chr5, Class = numeric

NTiles_TileMatrix_5_chr5: length = 1
  chr5 
363077 



2026-08-17 18:29:37.600455 : NCells_TileMatrix_5_chr5, Class = integer

NCells_TileMatrix_5_chr5: length = 1
[1] 8362



2026-08-17 18:29:37.601447 : MinTile_TileMatrix_5_chr5, Class = numeric

MinTile_TileMatrix_5_chr5: length = 1
[1] 21



2026-08-17 18:29:37.610329 : MaxTile_TileMatrix_5_chr5, Class = numeric

MaxTile_TileMatrix_5_chr5: length = 1
[1] 362956



2026-08-17 18:29:37.638476 : MinCell_TileMatrix_5_chr5, Class = integer

MinCell_TileMatrix_5_chr5: length = 1
[1] 1



2026-08-17 18:29:37.639617 : MaxCell_TileMatrix_5_chr5, Class = integer

MaxCell_TileMatrix_5_chr5: length = 1
[1] 8362


2026-08-17 18:29:40.328954 : Adding TileMatrix to X__pt17pre for Chr (11 of 22)!, 2.593 mins elapsed.
2026-08-17 18:29:41.379564 : Adding GeneScoreMatrix to X__pt16pre for Chr (11 of 22)!, 5.529 mins elapsed.

2026-08-17 18:29:41.764144 : NTiles_TileMatrix_11_chr11, Class = numeric

NTiles_TileMatrix_11_chr11: length = 1
 chr11 
270174 



2026-08-17 18:29:41.765362 : NCells_TileMatrix_11_chr11, Class = integer

NCells_TileMatrix_11_chr11: length = 1
[1] 20020



2026-08-17 18:29:41.766333 : MinTile_TileMatrix_11_chr11, Class = numeric

MinTile_TileMatrix_11_chr11: length = 1
[1] 208



2026-08-17 18:29:41.783417 : MaxTile_TileMatrix_11_chr11, Class = numeric

MaxTile_TileMatrix_11_chr11: length = 1
[1] 270154



2026-08-17 18:29:41.84496 : MinCell_TileMatrix_11_chr11, Class = integer

MinCell_TileMatrix_11_chr11: length = 1
[1] 1



2026-08-17 18:29:41.846073 : MaxCell_TileMatrix_11_chr11, Class = integer

MaxCell_TileMatrix_11_chr11: length = 1
[1] 20020


2026-08-17 18:29:46.097526 : Adding TileMatrix to X__pt12pre for Chr (6 of 22)!, 1.083 mins elapsed.
2026-08-17 18:29:46.773555 : Adding GeneScoreMatrix to X__pt16pre for Chr (12 of 22)!, 5.619 mins elapsed.

2026-08-17 18:29:46.83831 : NTiles_TileMatrix_6_chr6, Class = numeric

NTiles_TileMatrix_6_chr6: length = 1
  chr6 
341612 



2026-08-17 18:29:46.839636 : NCells_TileMatrix_6_chr6, Class = integer

NCells_TileMatrix_6_chr6: length = 1
[1] 8362



2026-08-17 18:29:46.840632 : MinTile_TileMatrix_6_chr6, Class = numeric

MinTile_TileMatrix_6_chr6: length = 1
[1] 275



2026-08-17 18:29:46.849933 : MaxTile_TileMatrix_6_chr6, Class = numeric

MaxTile_TileMatrix_6_chr6: length = 1
[1] 341479



2026-08-17 18:29:46.879229 : MinCell_TileMatrix_6_chr6, Class = integer

MinCell_TileMatrix_6_chr6: length = 1
[1] 1



2026-08-17 18:29:46.880295 : MaxCell_TileMatrix_6_chr6, Class = integer

MaxCell_TileMatrix_6_chr6: length = 1
[1] 8362


2026-08-17 18:29:53.15122 : Adding GeneScoreMatrix to X__pt16pre for Chr (13 of 22)!, 5.725 mins elapsed.
2026-08-17 18:29:53.607721 : Adding TileMatrix to X__pt17pre for Chr (12 of 22)!, 2.814 mins elapsed.

2026-08-17 18:29:54.950896 : NTiles_TileMatrix_12_chr12, Class = numeric

NTiles_TileMatrix_12_chr12: length = 1
 chr12 
266551 



2026-08-17 18:29:54.952131 : NCells_TileMatrix_12_chr12, Class = integer

NCells_TileMatrix_12_chr12: length = 1
[1] 20020



2026-08-17 18:29:54.953079 : MinTile_TileMatrix_12_chr12, Class = numeric

MinTile_TileMatrix_12_chr12: length = 1
[1] 21



2026-08-17 18:29:54.967691 : MaxTile_TileMatrix_12_chr12, Class = numeric

MaxTile_TileMatrix_12_chr12: length = 1
[1] 266530



2026-08-17 18:29:55.02271 : MinCell_TileMatrix_12_chr12, Class = integer

MinCell_TileMatrix_12_chr12: length = 1
[1] 1



2026-08-17 18:29:55.023892 : MaxCell_TileMatrix_12_chr12, Class = integer

MaxCell_TileMatrix_12_chr12: length = 1
[1] 20020


2026-08-17 18:29:55.267897 : Adding TileMatrix to X__pt12pre for Chr (7 of 22)!, 1.236 mins elapsed.

2026-08-17 18:29:55.856512 : NTiles_TileMatrix_7_chr7, Class = numeric

NTiles_TileMatrix_7_chr7: length = 1
  chr7 
318692 



2026-08-17 18:29:55.857938 : NCells_TileMatrix_7_chr7, Class = integer

NCells_TileMatrix_7_chr7: length = 1
[1] 8362



2026-08-17 18:29:55.858933 : MinTile_TileMatrix_7_chr7, Class = numeric

MinTile_TileMatrix_7_chr7: length = 1
[1] 21



2026-08-17 18:29:55.867173 : MaxTile_TileMatrix_7_chr7, Class = numeric

MaxTile_TileMatrix_7_chr7: length = 1
[1] 318672



2026-08-17 18:29:55.893662 : MinCell_TileMatrix_7_chr7, Class = integer

MinCell_TileMatrix_7_chr7: length = 1
[1] 1



2026-08-17 18:29:55.894751 : MaxCell_TileMatrix_7_chr7, Class = integer

MaxCell_TileMatrix_7_chr7: length = 1
[1] 8362


2026-08-17 18:29:57.141139 : Adding GeneScoreMatrix to X__pt16pre for Chr (14 of 22)!, 5.792 mins elapsed.
2026-08-17 18:30:00.770518 : Adding GeneScoreMatrix to X__pt16pre for Chr (15 of 22)!, 5.852 mins elapsed.
2026-08-17 18:30:04.020859 : Adding TileMatrix to X__pt12pre for Chr (8 of 22)!, 1.382 mins elapsed.

2026-08-17 18:30:04.716427 : NTiles_TileMatrix_8_chr8, Class = numeric

NTiles_TileMatrix_8_chr8: length = 1
  chr8 
290278 



2026-08-17 18:30:04.717784 : NCells_TileMatrix_8_chr8, Class = integer

NCells_TileMatrix_8_chr8: length = 1
[1] 8362



2026-08-17 18:30:04.718803 : MinTile_TileMatrix_8_chr8, Class = numeric

MinTile_TileMatrix_8_chr8: length = 1
[1] 123



2026-08-17 18:30:04.726959 : MaxTile_TileMatrix_8_chr8, Class = numeric

MaxTile_TileMatrix_8_chr8: length = 1
[1] 290152



2026-08-17 18:30:04.752415 : MinCell_TileMatrix_8_chr8, Class = integer

MinCell_TileMatrix_8_chr8: length = 1
[1] 1



2026-08-17 18:30:04.753562 : MaxCell_TileMatrix_8_chr8, Class = integer

MaxCell_TileMatrix_8_chr8: length = 1
[1] 8362


2026-08-17 18:30:05.778059 : Adding GeneScoreMatrix to X__pt16pre for Chr (16 of 22)!, 5.936 mins elapsed.
2026-08-17 18:30:05.908442 : Adding TileMatrix to X__pt17pre for Chr (13 of 22)!, 3.019 mins elapsed.

2026-08-17 18:30:06.665735 : NTiles_TileMatrix_13_chr13, Class = numeric

NTiles_TileMatrix_13_chr13: length = 1
 chr13 
228729 



2026-08-17 18:30:06.666974 : NCells_TileMatrix_13_chr13, Class = integer

NCells_TileMatrix_13_chr13: length = 1
[1] 20020



2026-08-17 18:30:06.667938 : MinTile_TileMatrix_13_chr13, Class = numeric

MinTile_TileMatrix_13_chr13: length = 1
[1] 36343



2026-08-17 18:30:06.676244 : MaxTile_TileMatrix_13_chr13, Class = numeric

MaxTile_TileMatrix_13_chr13: length = 1
[1] 228709



2026-08-17 18:30:06.70215 : MinCell_TileMatrix_13_chr13, Class = integer

MinCell_TileMatrix_13_chr13: length = 1
[1] 1



2026-08-17 18:30:06.7032 : MaxCell_TileMatrix_13_chr13, Class = integer

MaxCell_TileMatrix_13_chr13: length = 1
[1] 20020


2026-08-17 18:30:09.840914 : Adding GeneScoreMatrix to X__pt16pre for Chr (17 of 22)!, 6.004 mins elapsed.
2026-08-17 18:30:13.12266 : Adding TileMatrix to X__pt12pre for Chr (9 of 22)!, 1.533 mins elapsed.

2026-08-17 18:30:13.606744 : NTiles_TileMatrix_9_chr9, Class = numeric

NTiles_TileMatrix_9_chr9: length = 1
  chr9 
276790 



2026-08-17 18:30:13.608084 : NCells_TileMatrix_9_chr9, Class = integer

NCells_TileMatrix_9_chr9: length = 1
[1] 8362



2026-08-17 18:30:13.609096 : MinTile_TileMatrix_9_chr9, Class = numeric

MinTile_TileMatrix_9_chr9: length = 1
[1] 21



2026-08-17 18:30:13.615999 : MaxTile_TileMatrix_9_chr9, Class = numeric

MaxTile_TileMatrix_9_chr9: length = 1
[1] 276625



2026-08-17 18:30:13.637712 : MinCell_TileMatrix_9_chr9, Class = integer

MinCell_TileMatrix_9_chr9: length = 1
[1] 1



2026-08-17 18:30:13.638809 : MaxCell_TileMatrix_9_chr9, Class = integer

MaxCell_TileMatrix_9_chr9: length = 1
[1] 8362


2026-08-17 18:30:14.260916 : Adding TileMatrix to X__pt17pre for Chr (14 of 22)!, 3.158 mins elapsed.
2026-08-17 18:30:14.626954 : Adding GeneScoreMatrix to X__pt16pre for Chr (18 of 22)!, 6.083 mins elapsed.

2026-08-17 18:30:14.972918 : NTiles_TileMatrix_14_chr14, Class = numeric

NTiles_TileMatrix_14_chr14: length = 1
 chr14 
214088 



2026-08-17 18:30:14.974107 : NCells_TileMatrix_14_chr14, Class = integer

NCells_TileMatrix_14_chr14: length = 1
[1] 20020



2026-08-17 18:30:14.975049 : MinTile_TileMatrix_14_chr14, Class = numeric

MinTile_TileMatrix_14_chr14: length = 1
[1] 32046



2026-08-17 18:30:14.985908 : MaxTile_TileMatrix_14_chr14, Class = numeric

MaxTile_TileMatrix_14_chr14: length = 1
[1] 213768



2026-08-17 18:30:15.020359 : MinCell_TileMatrix_14_chr14, Class = integer

MinCell_TileMatrix_14_chr14: length = 1
[1] 1



2026-08-17 18:30:15.021436 : MaxCell_TileMatrix_14_chr14, Class = integer

MaxCell_TileMatrix_14_chr14: length = 1
[1] 20020


2026-08-17 18:30:18.789224 : Adding GeneScoreMatrix to X__pt16pre for Chr (19 of 22)!, 6.153 mins elapsed.
2026-08-17 18:30:21.135171 : Adding TileMatrix to X__pt12pre for Chr (10 of 22)!, 1.667 mins elapsed.

2026-08-17 18:30:21.625255 : NTiles_TileMatrix_10_chr10, Class = numeric

NTiles_TileMatrix_10_chr10: length = 1
 chr10 
267595 



2026-08-17 18:30:21.626575 : NCells_TileMatrix_10_chr10, Class = integer

NCells_TileMatrix_10_chr10: length = 1
[1] 8362



2026-08-17 18:30:21.627578 : MinTile_TileMatrix_10_chr10, Class = numeric

MinTile_TileMatrix_10_chr10: length = 1
[1] 21



2026-08-17 18:30:21.635172 : MaxTile_TileMatrix_10_chr10, Class = numeric

MaxTile_TileMatrix_10_chr10: length = 1
[1] 267575



2026-08-17 18:30:21.659262 : MinCell_TileMatrix_10_chr10, Class = integer

MinCell_TileMatrix_10_chr10: length = 1
[1] 1



2026-08-17 18:30:21.660277 : MaxCell_TileMatrix_10_chr10, Class = integer

MaxCell_TileMatrix_10_chr10: length = 1
[1] 8362


2026-08-17 18:30:23.426714 : Adding TileMatrix to X__pt17pre for Chr (15 of 22)!, 3.311 mins elapsed.

2026-08-17 18:30:24.141546 : NTiles_TileMatrix_15_chr15, Class = numeric

NTiles_TileMatrix_15_chr15: length = 1
 chr15 
203983 



2026-08-17 18:30:24.142815 : NCells_TileMatrix_15_chr15, Class = integer

NCells_TileMatrix_15_chr15: length = 1
[1] 20020



2026-08-17 18:30:24.143777 : MinTile_TileMatrix_15_chr15, Class = numeric

MinTile_TileMatrix_15_chr15: length = 1
[1] 34020


2026-08-17 18:30:24.182753 : Adding GeneScoreMatrix to X__pt16pre for Chr (20 of 22)!, 6.243 mins elapsed.

2026-08-17 18:30:24.154149 : MaxTile_TileMatrix_15_chr15, Class = numeric

MaxTile_TileMatrix_15_chr15: length = 1
[1] 203963



2026-08-17 18:30:24.186433 : MinCell_TileMatrix_15_chr15, Class = integer

MinCell_TileMatrix_15_chr15: length = 1
[1] 1



2026-08-17 18:30:24.187543 : MaxCell_TileMatrix_15_chr15, Class = integer

MaxCell_TileMatrix_15_chr15: length = 1
[1] 20020


2026-08-17 18:30:27.529363 : Adding GeneScoreMatrix to X__pt16pre for Chr (21 of 22)!, 6.298 mins elapsed.
2026-08-17 18:30:29.573857 : Adding TileMatrix to X__pt12pre for Chr (11 of 22)!, 1.808 mins elapsed.

2026-08-17 18:30:30.526991 : NTiles_TileMatrix_11_chr11, Class = numeric

NTiles_TileMatrix_11_chr11: length = 1
 chr11 
270174 



2026-08-17 18:30:30.528323 : NCells_TileMatrix_11_chr11, Class = integer

NCells_TileMatrix_11_chr11: length = 1
[1] 8362



2026-08-17 18:30:30.529359 : MinTile_TileMatrix_11_chr11, Class = numeric

MinTile_TileMatrix_11_chr11: length = 1
[1] 214



2026-08-17 18:30:30.538173 : MaxTile_TileMatrix_11_chr11, Class = numeric

MaxTile_TileMatrix_11_chr11: length = 1
[1] 270154



2026-08-17 18:30:30.569662 : MinCell_TileMatrix_11_chr11, Class = integer

MinCell_TileMatrix_11_chr11: length = 1
[1] 1



2026-08-17 18:30:30.570775 : MaxCell_TileMatrix_11_chr11, Class = integer

MaxCell_TileMatrix_11_chr11: length = 1
[1] 8362


2026-08-17 18:30:31.133941 : Adding GeneScoreMatrix to X__pt16pre for Chr (22 of 22)!, 6.358 mins elapsed.
2026-08-17 18:30:32.346857 : Adding TileMatrix to X__pt17pre for Chr (16 of 22)!, 3.46 mins elapsed.

2026-08-17 18:30:33.174451 : NTiles_TileMatrix_16_chr16, Class = numeric

NTiles_TileMatrix_16_chr16: length = 1
 chr16 
180677 



2026-08-17 18:30:33.175728 : NCells_TileMatrix_16_chr16, Class = integer

NCells_TileMatrix_16_chr16: length = 1
[1] 20020



2026-08-17 18:30:33.176702 : MinTile_TileMatrix_16_chr16, Class = numeric

MinTile_TileMatrix_16_chr16: length = 1
[1] 21



2026-08-17 18:30:33.188376 : MaxTile_TileMatrix_16_chr16, Class = numeric

MaxTile_TileMatrix_16_chr16: length = 1
[1] 180450



2026-08-17 18:30:33.231181 : MinCell_TileMatrix_16_chr16, Class = integer

MinCell_TileMatrix_16_chr16: length = 1
[1] 1



2026-08-17 18:30:33.232337 : MaxCell_TileMatrix_16_chr16, Class = integer

MaxCell_TileMatrix_16_chr16: length = 1
[1] 20020


2026-08-17 18:30:36.546043 : (X__pt16pre : 9 of 11) Finished Adding GeneScoreMatrix!, 48.575 mins elapsed.
2026-08-17 18:30:36.547838 : (X__pt16pre : 9 of 11) Finished Creating Arrow File, 48.575 mins elapsed.
2026-08-17 18:30:38.852536 : Adding TileMatrix to X__pt12pre for Chr (12 of 22)!, 1.962 mins elapsed.

2026-08-17 18:30:39.446211 : NTiles_TileMatrix_12_chr12, Class = numeric

NTiles_TileMatrix_12_chr12: length = 1
 chr12 
266551 



2026-08-17 18:30:39.447505 : NCells_TileMatrix_12_chr12, Class = integer

NCells_TileMatrix_12_chr12: length = 1
[1] 8362



2026-08-17 18:30:39.448474 : MinTile_TileMatrix_12_chr12, Class = numeric

MinTile_TileMatrix_12_chr12: length = 1
[1] 21



2026-08-17 18:30:39.456631 : MaxTile_TileMatrix_12_chr12, Class = numeric

MaxTile_TileMatrix_12_chr12: length = 1
[1] 266530



2026-08-17 18:30:39.482921 : MinCell_TileMatrix_12_chr12, Class = integer

MinCell_TileMatrix_12_chr12: length = 1
[1] 1



2026-08-17 18:30:39.484061 : MaxCell_TileMatrix_12_chr12, Class = integer

MaxCell_TileMatrix_12_chr12: length = 1
[1] 8362


2026-08-17 18:30:42.301065 : Adding TileMatrix to X__pt17pre for Chr (17 of 22)!, 3.625 mins elapsed.

2026-08-17 18:30:43.28156 : NTiles_TileMatrix_17_chr17, Class = numeric

NTiles_TileMatrix_17_chr17: length = 1
 chr17 
166515 



2026-08-17 18:30:43.282804 : NCells_TileMatrix_17_chr17, Class = integer

NCells_TileMatrix_17_chr17: length = 1
[1] 20020



2026-08-17 18:30:43.28378 : MinTile_TileMatrix_17_chr17, Class = numeric

MinTile_TileMatrix_17_chr17: length = 1
[1] 126



2026-08-17 18:30:43.296716 : MaxTile_TileMatrix_17_chr17, Class = numeric

MaxTile_TileMatrix_17_chr17: length = 1
[1] 166495



2026-08-17 18:30:43.344366 : MinCell_TileMatrix_17_chr17, Class = integer

MinCell_TileMatrix_17_chr17: length = 1
[1] 1



2026-08-17 18:30:43.345554 : MaxCell_TileMatrix_17_chr17, Class = integer

MaxCell_TileMatrix_17_chr17: length = 1
[1] 20020


2026-08-17 18:30:47.340553 : Adding TileMatrix to X__pt12pre for Chr (13 of 22)!, 2.104 mins elapsed.

2026-08-17 18:30:47.807006 : NTiles_TileMatrix_13_chr13, Class = numeric

NTiles_TileMatrix_13_chr13: length = 1
 chr13 
228729 



2026-08-17 18:30:47.808295 : NCells_TileMatrix_13_chr13, Class = integer

NCells_TileMatrix_13_chr13: length = 1
[1] 8362



2026-08-17 18:30:47.809296 : MinTile_TileMatrix_13_chr13, Class = numeric

MinTile_TileMatrix_13_chr13: length = 1
[1] 35088



2026-08-17 18:30:47.814121 : MaxTile_TileMatrix_13_chr13, Class = numeric

MaxTile_TileMatrix_13_chr13: length = 1
[1] 228709



2026-08-17 18:30:47.828845 : MinCell_TileMatrix_13_chr13, Class = integer

MinCell_TileMatrix_13_chr13: length = 1
[1] 1



2026-08-17 18:30:47.829859 : MaxCell_TileMatrix_13_chr13, Class = integer

MaxCell_TileMatrix_13_chr13: length = 1
[1] 8362


2026-08-17 18:30:53.171424 : Adding TileMatrix to X__pt17pre for Chr (18 of 22)!, 3.807 mins elapsed.

2026-08-17 18:30:53.777099 : NTiles_TileMatrix_18_chr18, Class = numeric

NTiles_TileMatrix_18_chr18: length = 1
 chr18 
160747 



2026-08-17 18:30:53.778316 : NCells_TileMatrix_18_chr18, Class = integer

NCells_TileMatrix_18_chr18: length = 1
[1] 20020



2026-08-17 18:30:53.779279 : MinTile_TileMatrix_18_chr18, Class = numeric

MinTile_TileMatrix_18_chr18: length = 1
[1] 21



2026-08-17 18:30:53.786237 : MaxTile_TileMatrix_18_chr18, Class = numeric

MaxTile_TileMatrix_18_chr18: length = 1
[1] 160527



2026-08-17 18:30:53.80849 : MinCell_TileMatrix_18_chr18, Class = integer

MinCell_TileMatrix_18_chr18: length = 1
[1] 1



2026-08-17 18:30:53.809529 : MaxCell_TileMatrix_18_chr18, Class = integer

MaxCell_TileMatrix_18_chr18: length = 1
[1] 20020


2026-08-17 18:30:53.904131 : Adding TileMatrix to X__pt12pre for Chr (14 of 22)!, 2.213 mins elapsed.

2026-08-17 18:30:54.233777 : NTiles_TileMatrix_14_chr14, Class = numeric

NTiles_TileMatrix_14_chr14: length = 1
 chr14 
214088 



2026-08-17 18:30:54.235087 : NCells_TileMatrix_14_chr14, Class = integer

NCells_TileMatrix_14_chr14: length = 1
[1] 8362



2026-08-17 18:30:54.236078 : MinTile_TileMatrix_14_chr14, Class = numeric

MinTile_TileMatrix_14_chr14: length = 1
[1] 32047



2026-08-17 18:30:54.241726 : MaxTile_TileMatrix_14_chr14, Class = numeric

MaxTile_TileMatrix_14_chr14: length = 1
[1] 213768



2026-08-17 18:30:54.259094 : MinCell_TileMatrix_14_chr14, Class = integer

MinCell_TileMatrix_14_chr14: length = 1
[1] 1



2026-08-17 18:30:54.260138 : MaxCell_TileMatrix_14_chr14, Class = integer

MaxCell_TileMatrix_14_chr14: length = 1
[1] 8362


2026-08-17 18:31:00.536887 : Adding TileMatrix to X__pt17pre for Chr (19 of 22)!, 3.929 mins elapsed.
2026-08-17 18:31:00.708411 : Adding TileMatrix to X__pt12pre for Chr (15 of 22)!, 2.326 mins elapsed.

2026-08-17 18:31:01.071252 : NTiles_TileMatrix_15_chr15, Class = numeric

NTiles_TileMatrix_15_chr15: length = 1
 chr15 
203983 



2026-08-17 18:31:01.072573 : NCells_TileMatrix_15_chr15, Class = integer

NCells_TileMatrix_15_chr15: length = 1
[1] 8362



2026-08-17 18:31:01.073566 : MinTile_TileMatrix_15_chr15, Class = numeric

MinTile_TileMatrix_15_chr15: length = 1
[1] 34019



2026-08-17 18:31:01.078944 : MaxTile_TileMatrix_15_chr15, Class = numeric

MaxTile_TileMatrix_15_chr15: length = 1
[1] 203963



2026-08-17 18:31:01.095262 : MinCell_TileMatrix_15_chr15, Class = integer

MinCell_TileMatrix_15_chr15: length = 1
[1] 1



2026-08-17 18:31:01.096304 : MaxCell_TileMatrix_15_chr15, Class = integer

MaxCell_TileMatrix_15_chr15: length = 1
[1] 8362



2026-08-17 18:31:01.446921 : NTiles_TileMatrix_19_chr19, Class = numeric

NTiles_TileMatrix_19_chr19: length = 1
 chr19 
117236 



2026-08-17 18:31:01.448107 : NCells_TileMatrix_19_chr19, Class = integer

NCells_TileMatrix_19_chr19: length = 1
[1] 20020



2026-08-17 18:31:01.44905 : MinTile_TileMatrix_19_chr19, Class = numeric

MinTile_TileMatrix_19_chr19: length = 1
[1] 162



2026-08-17 18:31:01.461867 : MaxTile_TileMatrix_19_chr19, Class = numeric

MaxTile_TileMatrix_19_chr19: length = 1
[1] 117216



2026-08-17 18:31:01.510593 : MinCell_TileMatrix_19_chr19, Class = integer

MinCell_TileMatrix_19_chr19: length = 1
[1] 1



2026-08-17 18:31:01.511713 : MaxCell_TileMatrix_19_chr19, Class = integer

MaxCell_TileMatrix_19_chr19: length = 1
[1] 20020


2026-08-17 18:31:07.504102 : Adding TileMatrix to X__pt12pre for Chr (16 of 22)!, 2.44 mins elapsed.

2026-08-17 18:31:07.884238 : NTiles_TileMatrix_16_chr16, Class = numeric

NTiles_TileMatrix_16_chr16: length = 1
 chr16 
180677 



2026-08-17 18:31:07.885567 : NCells_TileMatrix_16_chr16, Class = integer

NCells_TileMatrix_16_chr16: length = 1
[1] 8362



2026-08-17 18:31:07.886553 : MinTile_TileMatrix_16_chr16, Class = numeric

MinTile_TileMatrix_16_chr16: length = 1
[1] 21



2026-08-17 18:31:07.89253 : MaxTile_TileMatrix_16_chr16, Class = numeric

MaxTile_TileMatrix_16_chr16: length = 1
[1] 180450



2026-08-17 18:31:07.910841 : MinCell_TileMatrix_16_chr16, Class = integer

MinCell_TileMatrix_16_chr16: length = 1
[1] 1



2026-08-17 18:31:07.911901 : MaxCell_TileMatrix_16_chr16, Class = integer

MaxCell_TileMatrix_16_chr16: length = 1
[1] 8362


2026-08-17 18:31:12.414148 : Adding TileMatrix to X__pt17pre for Chr (20 of 22)!, 4.127 mins elapsed.

2026-08-17 18:31:13.188586 : NTiles_TileMatrix_20_chr20, Class = numeric

NTiles_TileMatrix_20_chr20: length = 1
 chr20 
128889 



2026-08-17 18:31:13.189801 : NCells_TileMatrix_20_chr20, Class = integer

NCells_TileMatrix_20_chr20: length = 1
[1] 20020



2026-08-17 18:31:13.190742 : MinTile_TileMatrix_20_chr20, Class = numeric

MinTile_TileMatrix_20_chr20: length = 1
[1] 121



2026-08-17 18:31:13.199711 : MaxTile_TileMatrix_20_chr20, Class = numeric

MaxTile_TileMatrix_20_chr20: length = 1
[1] 128669



2026-08-17 18:31:13.229026 : MinCell_TileMatrix_20_chr20, Class = integer

MinCell_TileMatrix_20_chr20: length = 1
[1] 1



2026-08-17 18:31:13.230072 : MaxCell_TileMatrix_20_chr20, Class = integer

MaxCell_TileMatrix_20_chr20: length = 1
[1] 20020


2026-08-17 18:31:14.574135 : Adding TileMatrix to X__pt12pre for Chr (17 of 22)!, 2.558 mins elapsed.

2026-08-17 18:31:15.262577 : NTiles_TileMatrix_17_chr17, Class = numeric

NTiles_TileMatrix_17_chr17: length = 1
 chr17 
166515 



2026-08-17 18:31:15.263885 : NCells_TileMatrix_17_chr17, Class = integer

NCells_TileMatrix_17_chr17: length = 1
[1] 8362



2026-08-17 18:31:15.264852 : MinTile_TileMatrix_17_chr17, Class = numeric

MinTile_TileMatrix_17_chr17: length = 1
[1] 206



2026-08-17 18:31:15.271801 : MaxTile_TileMatrix_17_chr17, Class = numeric

MaxTile_TileMatrix_17_chr17: length = 1
[1] 166495



2026-08-17 18:31:15.293768 : MinCell_TileMatrix_17_chr17, Class = integer

MinCell_TileMatrix_17_chr17: length = 1
[1] 1



2026-08-17 18:31:15.294864 : MaxCell_TileMatrix_17_chr17, Class = integer

MaxCell_TileMatrix_17_chr17: length = 1
[1] 8362


2026-08-17 18:31:15.550374 : (X__pt24pre : 2 of 11) Reading TabixFile 58 Percent, 49.225 mins elapsed.
2026-08-17 18:31:20.804569 : Adding TileMatrix to X__pt17pre for Chr (21 of 22)!, 4.267 mins elapsed.

2026-08-17 18:31:21.28665 : NTiles_TileMatrix_21_chr21, Class = numeric

NTiles_TileMatrix_21_chr21: length = 1
chr21 
93420 



2026-08-17 18:31:21.28788 : NCells_TileMatrix_21_chr21, Class = integer

NCells_TileMatrix_21_chr21: length = 1
[1] 20020



2026-08-17 18:31:21.288853 : MinTile_TileMatrix_21_chr21, Class = numeric

MinTile_TileMatrix_21_chr21: length = 1
[1] 10068



2026-08-17 18:31:21.293179 : MaxTile_TileMatrix_21_chr21, Class = numeric

MaxTile_TileMatrix_21_chr21: length = 1
[1] 93400



2026-08-17 18:31:21.305218 : MinCell_TileMatrix_21_chr21, Class = integer

MinCell_TileMatrix_21_chr21: length = 1
[1] 1



2026-08-17 18:31:21.306243 : MaxCell_TileMatrix_21_chr21, Class = integer

MaxCell_TileMatrix_21_chr21: length = 1
[1] 20020


2026-08-17 18:31:22.569103 : Adding TileMatrix to X__pt12pre for Chr (18 of 22)!, 2.691 mins elapsed.

2026-08-17 18:31:22.879965 : NTiles_TileMatrix_18_chr18, Class = numeric

NTiles_TileMatrix_18_chr18: length = 1
 chr18 
160747 



2026-08-17 18:31:22.881266 : NCells_TileMatrix_18_chr18, Class = integer

NCells_TileMatrix_18_chr18: length = 1
[1] 8362



2026-08-17 18:31:22.88226 : MinTile_TileMatrix_18_chr18, Class = numeric

MinTile_TileMatrix_18_chr18: length = 1
[1] 21



2026-08-17 18:31:22.886306 : MaxTile_TileMatrix_18_chr18, Class = numeric

MaxTile_TileMatrix_18_chr18: length = 1
[1] 160527



2026-08-17 18:31:22.898074 : MinCell_TileMatrix_18_chr18, Class = integer

MinCell_TileMatrix_18_chr18: length = 1
[1] 1



2026-08-17 18:31:22.899084 : MaxCell_TileMatrix_18_chr18, Class = integer

MaxCell_TileMatrix_18_chr18: length = 1
[1] 8362


2026-08-17 18:31:26.663326 : Adding TileMatrix to X__pt17pre for Chr (22 of 22)!, 4.365 mins elapsed.

2026-08-17 18:31:27.102021 : NTiles_TileMatrix_22_chr22, Class = numeric

NTiles_TileMatrix_22_chr22: length = 1
 chr22 
101637 



2026-08-17 18:31:27.10324 : NCells_TileMatrix_22_chr22, Class = integer

NCells_TileMatrix_22_chr22: length = 1
[1] 20020



2026-08-17 18:31:27.104206 : MinTile_TileMatrix_22_chr22, Class = numeric

MinTile_TileMatrix_22_chr22: length = 1
[1] 21039



2026-08-17 18:31:27.110928 : MaxTile_TileMatrix_22_chr22, Class = numeric

MaxTile_TileMatrix_22_chr22: length = 1
[1] 101617



2026-08-17 18:31:27.133049 : MinCell_TileMatrix_22_chr22, Class = integer

MinCell_TileMatrix_22_chr22: length = 1
[1] 1



2026-08-17 18:31:27.134127 : MaxCell_TileMatrix_22_chr22, Class = integer

MaxCell_TileMatrix_22_chr22: length = 1
[1] 20020


2026-08-17 18:31:28.6645 : Adding TileMatrix to X__pt12pre for Chr (19 of 22)!, 2.792 mins elapsed.

2026-08-17 18:31:29.079552 : NTiles_TileMatrix_19_chr19, Class = numeric

NTiles_TileMatrix_19_chr19: length = 1
 chr19 
117236 



2026-08-17 18:31:29.080834 : NCells_TileMatrix_19_chr19, Class = integer

NCells_TileMatrix_19_chr19: length = 1
[1] 8362



2026-08-17 18:31:29.081792 : MinTile_TileMatrix_19_chr19, Class = numeric

MinTile_TileMatrix_19_chr19: length = 1
[1] 165



2026-08-17 18:31:29.088562 : MaxTile_TileMatrix_19_chr19, Class = numeric

MaxTile_TileMatrix_19_chr19: length = 1
[1] 117216



2026-08-17 18:31:29.109812 : MinCell_TileMatrix_19_chr19, Class = integer

MinCell_TileMatrix_19_chr19: length = 1
[1] 1



2026-08-17 18:31:29.110884 : MaxCell_TileMatrix_19_chr19, Class = integer

MaxCell_TileMatrix_19_chr19: length = 1
[1] 8362


2026-08-17 18:31:34.945381 : (X__pt17pre : 5 of 11) Finished Adding TileMatrix!, 49.548 mins elapsed.
2026-08-17 18:31:34.946774 : (X__pt17pre : 5 of 11) Adding GeneScoreMatrix!, 49.548 mins elapsed.


2026-08-17 18:31:35.131223 : X__pt17pre .addGeneScoreMat geneRegions, Class = GRanges
GRanges object with 31344 ranges and 5 metadata columns:
          seqnames            ranges strand |     gene_id       symbol
             <Rle>         <IRanges>  <Rle> | <character>  <character>
      [1]     chr1        6869-14409      + |   100287102      DDX11L1
      [2]     chr1       14404-34570      - |      653635       WASH7P
      [3]     chr1       17369-22436      - |   102466751    MIR6859-1
      [4]     chr1       24554-31109      + |   107985730  MIR1302-2HG
      [5]     chr1       25366-30503      + |   100302278    MIR1302-2
      ...      ...               ...    ... .         ...          ...
  [31340]    chr22 50667714-50733212      + |       85358       SHANK3
  [31341]    chr22 50733196-50745339      + |          49          ACR
  [31342]    chr22 50735825-50743139      - |   105373100 LOC105373100
  [31343]    chr22 50751948-50801309      + |      284942    RPL23AP82
  [31344]    chr22 50767501-50788667      - |       11158       RABL2B
          geneStart   geneEnd geneWeight
          <integer> <integer>  <numeric>
      [1]     11869     14409    3.67937
      [2]     29570     14404    2.00189
      [3]     17436     17369    4.98680
      [4]     29554     31109    4.08192
      [5]     30366     30503    4.93248
      ...       ...       ...        ...
  [31340]  50672714  50733212    1.30848
  [31341]  50738196  50745339    2.66379
  [31342]  50738139  50735825    3.76215
  [31343]  50756948  50801309    1.40932
  [31344]  50783667  50767501    1.95456
  -------
  seqinfo: 22 sequences from hg38 genome

2026-08-17 18:31:35.274777 : Creating Temp GeneScoreMatrix for X__pt17pre, Chr (1 of 22)!, 0 mins elapsed.
2026-08-17 18:31:36.173748 : Adding TileMatrix to X__pt12pre for Chr (20 of 22)!, 2.918 mins elapsed.

2026-08-17 18:31:36.562621 : NTiles_TileMatrix_20_chr20, Class = numeric

NTiles_TileMatrix_20_chr20: length = 1
 chr20 
128889 



2026-08-17 18:31:36.563896 : NCells_TileMatrix_20_chr20, Class = integer

NCells_TileMatrix_20_chr20: length = 1
[1] 8362



2026-08-17 18:31:36.564882 : MinTile_TileMatrix_20_chr20, Class = numeric

MinTile_TileMatrix_20_chr20: length = 1
[1] 121



2026-08-17 18:31:36.569639 : MaxTile_TileMatrix_20_chr20, Class = numeric

MaxTile_TileMatrix_20_chr20: length = 1
[1] 128668



2026-08-17 18:31:36.583265 : MinCell_TileMatrix_20_chr20, Class = integer

MinCell_TileMatrix_20_chr20: length = 1
[1] 1



2026-08-17 18:31:36.584298 : MaxCell_TileMatrix_20_chr20, Class = integer

MaxCell_TileMatrix_20_chr20: length = 1
[1] 8362


2026-08-17 18:31:40.429526 : (X__pt14pre : 4 of 11) Finished Constructing Filtered Arrow File!, 49.64 mins elapsed.
2026-08-17 18:31:40.557977 : (X__pt14pre : 4 of 11) Adding TileMatrix!, 49.642 mins elapsed.

2026-08-17 18:31:41.96669 : X__pt14pre .addTileMat FeatureDF, Class = DFrame
DataFrame with 5750013 rows and 3 columns
           seqnames       idx     start
        <character> <integer> <numeric>
1              chr1         1         0
2              chr1         2       500
3              chr1         3      1000
4              chr1         4      1500
5              chr1         5      2000
...             ...       ...       ...
5750009       chr22    101633  50816000
5750010       chr22    101634  50816500
5750011       chr22    101635  50817000
5750012       chr22    101636  50817500
5750013       chr22    101637  50818000

2026-08-17 18:31:42.580417 : Adding TileMatrix to X__pt12pre for Chr (21 of 22)!, 3.024 mins elapsed.

2026-08-17 18:31:42.730849 : NTiles_TileMatrix_21_chr21, Class = numeric

NTiles_TileMatrix_21_chr21: length = 1
chr21 
93420 



2026-08-17 18:31:42.732129 : NCells_TileMatrix_21_chr21, Class = integer

NCells_TileMatrix_21_chr21: length = 1
[1] 8362



2026-08-17 18:31:42.73309 : MinTile_TileMatrix_21_chr21, Class = numeric

MinTile_TileMatrix_21_chr21: length = 1
[1] 10067



2026-08-17 18:31:42.735763 : MaxTile_TileMatrix_21_chr21, Class = numeric

MaxTile_TileMatrix_21_chr21: length = 1
[1] 93400



2026-08-17 18:31:42.742347 : MinCell_TileMatrix_21_chr21, Class = integer

MinCell_TileMatrix_21_chr21: length = 1
[1] 1



2026-08-17 18:31:42.743358 : MaxCell_TileMatrix_21_chr21, Class = integer

MaxCell_TileMatrix_21_chr21: length = 1
[1] 8362


2026-08-17 18:31:47.815755 : Adding TileMatrix to X__pt12pre for Chr (22 of 22)!, 3.112 mins elapsed.

2026-08-17 18:31:48.029349 : NTiles_TileMatrix_22_chr22, Class = numeric

NTiles_TileMatrix_22_chr22: length = 1
 chr22 
101637 



2026-08-17 18:31:48.030643 : NCells_TileMatrix_22_chr22, Class = integer

NCells_TileMatrix_22_chr22: length = 1
[1] 8362



2026-08-17 18:31:48.03163 : MinTile_TileMatrix_22_chr22, Class = numeric

MinTile_TileMatrix_22_chr22: length = 1
[1] 21046



2026-08-17 18:31:48.035307 : MaxTile_TileMatrix_22_chr22, Class = numeric

MaxTile_TileMatrix_22_chr22: length = 1
[1] 101617



2026-08-17 18:31:48.045477 : MinCell_TileMatrix_22_chr22, Class = integer

MinCell_TileMatrix_22_chr22: length = 1
[1] 1



2026-08-17 18:31:48.046511 : MaxCell_TileMatrix_22_chr22, Class = integer

MaxCell_TileMatrix_22_chr22: length = 1
[1] 8362


2026-08-17 18:31:49.266932 : Adding TileMatrix to X__pt14pre for Chr (1 of 22)!, 0.145 mins elapsed.
2026-08-17 18:31:53.318995 : Creating Temp GeneScoreMatrix for X__pt17pre, Chr (2 of 22)!, 0.301 mins elapsed.
2026-08-17 18:31:54.821438 : (X__pt12pre : 3 of 11) Finished Adding TileMatrix!, 49.88 mins elapsed.
2026-08-17 18:31:54.822911 : (X__pt12pre : 3 of 11) Adding GeneScoreMatrix!, 49.88 mins elapsed.


2026-08-17 18:31:55.004385 : X__pt12pre .addGeneScoreMat geneRegions, Class = GRanges
GRanges object with 31344 ranges and 5 metadata columns:
          seqnames            ranges strand |     gene_id       symbol
             <Rle>         <IRanges>  <Rle> | <character>  <character>
      [1]     chr1        6869-14409      + |   100287102      DDX11L1
      [2]     chr1       14404-34570      - |      653635       WASH7P
      [3]     chr1       17369-22436      - |   102466751    MIR6859-1
      [4]     chr1       24554-31109      + |   107985730  MIR1302-2HG
      [5]     chr1       25366-30503      + |   100302278    MIR1302-2
      ...      ...               ...    ... .         ...          ...
  [31340]    chr22 50667714-50733212      + |       85358       SHANK3
  [31341]    chr22 50733196-50745339      + |          49          ACR
  [31342]    chr22 50735825-50743139      - |   105373100 LOC105373100
  [31343]    chr22 50751948-50801309      + |      284942    RPL23AP82
  [31344]    chr22 50767501-50788667      - |       11158       RABL2B
          geneStart   geneEnd geneWeight
          <integer> <integer>  <numeric>
      [1]     11869     14409    3.67937
      [2]     29570     14404    2.00189
      [3]     17436     17369    4.98680
      [4]     29554     31109    4.08192
      [5]     30366     30503    4.93248
      ...       ...       ...        ...
  [31340]  50672714  50733212    1.30848
  [31341]  50738196  50745339    2.66379
  [31342]  50738139  50735825    3.76215
  [31343]  50756948  50801309    1.40932
  [31344]  50783667  50767501    1.95456
  -------
  seqinfo: 22 sequences from hg38 genome

2026-08-17 18:31:55.151843 : Creating Temp GeneScoreMatrix for X__pt12pre, Chr (1 of 22)!, 0 mins elapsed.

2026-08-17 18:31:56.494455 : NTiles_TileMatrix_1_chr1, Class = numeric

NTiles_TileMatrix_1_chr1: length = 1
  chr1 
497913 



2026-08-17 18:31:56.495646 : NCells_TileMatrix_1_chr1, Class = integer

NCells_TileMatrix_1_chr1: length = 1
[1] 20001



2026-08-17 18:31:56.497041 : MinTile_TileMatrix_1_chr1, Class = numeric

MinTile_TileMatrix_1_chr1: length = 1
[1] 21



2026-08-17 18:31:56.538685 : MaxTile_TileMatrix_1_chr1, Class = numeric

MaxTile_TileMatrix_1_chr1: length = 1
[1] 497893



2026-08-17 18:31:56.697315 : MinCell_TileMatrix_1_chr1, Class = integer

MinCell_TileMatrix_1_chr1: length = 1
[1] 1



2026-08-17 18:31:56.698767 : MaxCell_TileMatrix_1_chr1, Class = integer

MaxCell_TileMatrix_1_chr1: length = 1
[1] 20001


2026-08-17 18:32:05.426888 : Creating Temp GeneScoreMatrix for X__pt12pre, Chr (2 of 22)!, 0.171 mins elapsed.
2026-08-17 18:32:09.524188 : Creating Temp GeneScoreMatrix for X__pt17pre, Chr (3 of 22)!, 0.571 mins elapsed.
2026-08-17 18:32:14.947686 : Creating Temp GeneScoreMatrix for X__pt12pre, Chr (3 of 22)!, 0.33 mins elapsed.
2026-08-17 18:32:22.644542 : Creating Temp GeneScoreMatrix for X__pt17pre, Chr (4 of 22)!, 0.79 mins elapsed.
2026-08-17 18:32:23.394076 : Creating Temp GeneScoreMatrix for X__pt12pre, Chr (4 of 22)!, 0.471 mins elapsed.
2026-08-17 18:32:25.988739 : Adding TileMatrix to X__pt14pre for Chr (2 of 22)!, 0.757 mins elapsed.

2026-08-17 18:32:28.835633 : NTiles_TileMatrix_2_chr2, Class = numeric

NTiles_TileMatrix_2_chr2: length = 1
  chr2 
484388 



2026-08-17 18:32:28.836877 : NCells_TileMatrix_2_chr2, Class = integer

NCells_TileMatrix_2_chr2: length = 1
[1] 20001



2026-08-17 18:32:28.837841 : MinTile_TileMatrix_2_chr2, Class = numeric

MinTile_TileMatrix_2_chr2: length = 1
[1] 21



2026-08-17 18:32:28.874545 : MaxTile_TileMatrix_2_chr2, Class = numeric

MaxTile_TileMatrix_2_chr2: length = 1
[1] 484367



2026-08-17 18:32:29.018455 : MinCell_TileMatrix_2_chr2, Class = integer

MinCell_TileMatrix_2_chr2: length = 1
[1] 1



2026-08-17 18:32:29.019622 : MaxCell_TileMatrix_2_chr2, Class = integer

MaxCell_TileMatrix_2_chr2: length = 1
[1] 20001


2026-08-17 18:32:30.817374 : Creating Temp GeneScoreMatrix for X__pt12pre, Chr (5 of 22)!, 0.594 mins elapsed.
2026-08-17 18:32:32.715665 : Creating Temp GeneScoreMatrix for X__pt17pre, Chr (5 of 22)!, 0.957 mins elapsed.
2026-08-17 18:32:37.686878 : (X__24t : 1 of 11) Reading TabixFile 58 Percent, 50.594 mins elapsed.
2026-08-17 18:32:38.549664 : Creating Temp GeneScoreMatrix for X__pt12pre, Chr (6 of 22)!, 0.723 mins elapsed.
2026-08-17 18:32:46.444151 : Creating Temp GeneScoreMatrix for X__pt12pre, Chr (7 of 22)!, 0.855 mins elapsed.
2026-08-17 18:32:47.705036 : Creating Temp GeneScoreMatrix for X__pt17pre, Chr (6 of 22)!, 1.207 mins elapsed.
2026-08-17 18:32:53.358457 : Adding TileMatrix to X__pt14pre for Chr (3 of 22)!, 1.213 mins elapsed.
2026-08-17 18:32:53.797341 : Creating Temp GeneScoreMatrix for X__pt12pre, Chr (8 of 22)!, 0.977 mins elapsed.

2026-08-17 18:32:55.848524 : NTiles_TileMatrix_3_chr3, Class = numeric

NTiles_TileMatrix_3_chr3: length = 1
  chr3 
396592 



2026-08-17 18:32:55.849763 : NCells_TileMatrix_3_chr3, Class = integer

NCells_TileMatrix_3_chr3: length = 1
[1] 20001



2026-08-17 18:32:55.850714 : MinTile_TileMatrix_3_chr3, Class = numeric

MinTile_TileMatrix_3_chr3: length = 1
[1] 21



2026-08-17 18:32:55.88283 : MaxTile_TileMatrix_3_chr3, Class = numeric

MaxTile_TileMatrix_3_chr3: length = 1
[1] 396466



2026-08-17 18:32:56.111691 : MinCell_TileMatrix_3_chr3, Class = integer

MinCell_TileMatrix_3_chr3: length = 1
[1] 1



2026-08-17 18:32:56.112833 : MaxCell_TileMatrix_3_chr3, Class = integer

MaxCell_TileMatrix_3_chr3: length = 1
[1] 20001


2026-08-17 18:32:58.404835 : Creating Temp GeneScoreMatrix for X__pt17pre, Chr (7 of 22)!, 1.386 mins elapsed.
2026-08-17 18:33:00.965829 : Creating Temp GeneScoreMatrix for X__pt12pre, Chr (9 of 22)!, 1.097 mins elapsed.
2026-08-17 18:33:07.872249 : Creating Temp GeneScoreMatrix for X__pt12pre, Chr (10 of 22)!, 1.212 mins elapsed.
2026-08-17 18:33:12.208556 : Creating Temp GeneScoreMatrix for X__pt17pre, Chr (8 of 22)!, 1.616 mins elapsed.
2026-08-17 18:33:15.227662 : Creating Temp GeneScoreMatrix for X__pt12pre, Chr (11 of 22)!, 1.335 mins elapsed.
2026-08-17 18:33:15.549365 : Adding TileMatrix to X__pt14pre for Chr (4 of 22)!, 1.583 mins elapsed.

2026-08-17 18:33:17.396519 : NTiles_TileMatrix_4_chr4, Class = numeric

NTiles_TileMatrix_4_chr4: length = 1
  chr4 
380430 



2026-08-17 18:33:17.397788 : NCells_TileMatrix_4_chr4, Class = integer

NCells_TileMatrix_4_chr4: length = 1
[1] 20001



2026-08-17 18:33:17.39877 : MinTile_TileMatrix_4_chr4, Class = numeric

MinTile_TileMatrix_4_chr4: length = 1
[1] 21



2026-08-17 18:33:17.421125 : MaxTile_TileMatrix_4_chr4, Class = numeric

MaxTile_TileMatrix_4_chr4: length = 1
[1] 380410



2026-08-17 18:33:17.618688 : MinCell_TileMatrix_4_chr4, Class = integer

MinCell_TileMatrix_4_chr4: length = 1
[1] 1



2026-08-17 18:33:17.619825 : MaxCell_TileMatrix_4_chr4, Class = integer

MaxCell_TileMatrix_4_chr4: length = 1
[1] 20001


2026-08-17 18:33:22.7063 : Creating Temp GeneScoreMatrix for X__pt12pre, Chr (12 of 22)!, 1.459 mins elapsed.
2026-08-17 18:33:22.875319 : Creating Temp GeneScoreMatrix for X__pt17pre, Chr (9 of 22)!, 1.793 mins elapsed.
2026-08-17 18:33:29.950126 : Creating Temp GeneScoreMatrix for X__pt12pre, Chr (13 of 22)!, 1.58 mins elapsed.
2026-08-17 18:33:32.976085 : Creating Temp GeneScoreMatrix for X__pt17pre, Chr (10 of 22)!, 1.962 mins elapsed.
2026-08-17 18:33:33.609485 : Adding TileMatrix to X__pt14pre for Chr (5 of 22)!, 1.884 mins elapsed.

2026-08-17 18:33:35.785605 : NTiles_TileMatrix_5_chr5, Class = numeric

NTiles_TileMatrix_5_chr5: length = 1
  chr5 
363077 



2026-08-17 18:33:35.786821 : NCells_TileMatrix_5_chr5, Class = integer

NCells_TileMatrix_5_chr5: length = 1
[1] 20001



2026-08-17 18:33:35.787766 : MinTile_TileMatrix_5_chr5, Class = numeric

MinTile_TileMatrix_5_chr5: length = 1
[1] 21



2026-08-17 18:33:35.814811 : MaxTile_TileMatrix_5_chr5, Class = numeric

MaxTile_TileMatrix_5_chr5: length = 1
[1] 362956



2026-08-17 18:33:35.91605 : MinCell_TileMatrix_5_chr5, Class = integer

MinCell_TileMatrix_5_chr5: length = 1
[1] 1



2026-08-17 18:33:35.917171 : MaxCell_TileMatrix_5_chr5, Class = integer

MaxCell_TileMatrix_5_chr5: length = 1
[1] 20001


2026-08-17 18:33:36.242667 : Creating Temp GeneScoreMatrix for X__pt12pre, Chr (14 of 22)!, 1.685 mins elapsed.
2026-08-17 18:33:42.590904 : Creating Temp GeneScoreMatrix for X__pt12pre, Chr (15 of 22)!, 1.791 mins elapsed.
2026-08-17 18:33:43.494621 : Creating Temp GeneScoreMatrix for X__pt17pre, Chr (11 of 22)!, 2.137 mins elapsed.
2026-08-17 18:33:48.602467 : Creating Temp GeneScoreMatrix for X__pt12pre, Chr (16 of 22)!, 1.891 mins elapsed.
2026-08-17 18:33:54.938738 : Creating Temp GeneScoreMatrix for X__pt12pre, Chr (17 of 22)!, 1.996 mins elapsed.
2026-08-17 18:33:55.089101 : Creating Temp GeneScoreMatrix for X__pt17pre, Chr (12 of 22)!, 2.33 mins elapsed.
2026-08-17 18:33:55.312354 : Adding TileMatrix to X__pt14pre for Chr (6 of 22)!, 2.246 mins elapsed.

2026-08-17 18:33:57.706406 : NTiles_TileMatrix_6_chr6, Class = numeric

NTiles_TileMatrix_6_chr6: length = 1
  chr6 
341612 



2026-08-17 18:33:57.70767 : NCells_TileMatrix_6_chr6, Class = integer

NCells_TileMatrix_6_chr6: length = 1
[1] 20001



2026-08-17 18:33:57.70867 : MinTile_TileMatrix_6_chr6, Class = numeric

MinTile_TileMatrix_6_chr6: length = 1
[1] 221



2026-08-17 18:33:57.736508 : MaxTile_TileMatrix_6_chr6, Class = numeric

MaxTile_TileMatrix_6_chr6: length = 1
[1] 341479



2026-08-17 18:33:57.842555 : MinCell_TileMatrix_6_chr6, Class = integer

MinCell_TileMatrix_6_chr6: length = 1
[1] 1



2026-08-17 18:33:57.843686 : MaxCell_TileMatrix_6_chr6, Class = integer

MaxCell_TileMatrix_6_chr6: length = 1
[1] 20001


2026-08-17 18:34:01.37706 : Creating Temp GeneScoreMatrix for X__pt12pre, Chr (18 of 22)!, 2.104 mins elapsed.
2026-08-17 18:34:05.16591 : Creating Temp GeneScoreMatrix for X__pt17pre, Chr (13 of 22)!, 2.498 mins elapsed.
2026-08-17 18:34:06.815241 : Creating Temp GeneScoreMatrix for X__pt12pre, Chr (19 of 22)!, 2.194 mins elapsed.
2026-08-17 18:34:11.896903 : Creating Temp GeneScoreMatrix for X__pt17pre, Chr (14 of 22)!, 2.61 mins elapsed.
2026-08-17 18:34:13.29556 : Creating Temp GeneScoreMatrix for X__pt12pre, Chr (20 of 22)!, 2.302 mins elapsed.
2026-08-17 18:34:16.989691 : Adding TileMatrix to X__pt14pre for Chr (7 of 22)!, 2.607 mins elapsed.

2026-08-17 18:34:18.742294 : NTiles_TileMatrix_7_chr7, Class = numeric

NTiles_TileMatrix_7_chr7: length = 1
  chr7 
318692 



2026-08-17 18:34:18.743543 : NCells_TileMatrix_7_chr7, Class = integer

NCells_TileMatrix_7_chr7: length = 1
[1] 20001



2026-08-17 18:34:18.744482 : MinTile_TileMatrix_7_chr7, Class = numeric

MinTile_TileMatrix_7_chr7: length = 1
[1] 21



2026-08-17 18:34:18.767264 : MaxTile_TileMatrix_7_chr7, Class = numeric

MaxTile_TileMatrix_7_chr7: length = 1
[1] 318672



2026-08-17 18:34:18.967411 : MinCell_TileMatrix_7_chr7, Class = integer

MinCell_TileMatrix_7_chr7: length = 1
[1] 1



2026-08-17 18:34:18.968545 : MaxCell_TileMatrix_7_chr7, Class = integer

MaxCell_TileMatrix_7_chr7: length = 1
[1] 20001


2026-08-17 18:34:19.111882 : Creating Temp GeneScoreMatrix for X__pt12pre, Chr (21 of 22)!, 2.399 mins elapsed.
2026-08-17 18:34:20.318411 : Creating Temp GeneScoreMatrix for X__pt17pre, Chr (15 of 22)!, 2.751 mins elapsed.
2026-08-17 18:34:23.98057 : Creating Temp GeneScoreMatrix for X__pt12pre, Chr (22 of 22)!, 2.48 mins elapsed.
2026-08-17 18:34:27.51322 : Creating Temp GeneScoreMatrix for X__pt17pre, Chr (16 of 22)!, 2.871 mins elapsed.

2026-08-17 18:34:29.662498 : X__pt12pre .addGeneScoreMat FeatureDF, Class = data.frame
X__pt12pre .addGeneScoreMat FeatureDF: nRows = 31344, nCols = 6
  seqnames start   end strand        name idx
1     chr1 11869 14409      1     DDX11L1   1
2     chr1 29570 14404      2      WASH7P   2
3     chr1 17436 17369      2   MIR6859-1   3
4     chr1 29554 31109      1 MIR1302-2HG   4
5     chr1 30366 30503      1   MIR1302-2   5
6     chr1 36081 34554      2     FAM138A   6


2026-08-17 18:34:31.338235 : Adding GeneScoreMatrix to X__pt12pre for Chr (1 of 22)!, 2.603 mins elapsed.
2026-08-17 18:34:34.628927 : Adding TileMatrix to X__pt14pre for Chr (8 of 22)!, 2.901 mins elapsed.
2026-08-17 18:34:35.208933 : Creating Temp GeneScoreMatrix for X__pt17pre, Chr (17 of 22)!, 2.999 mins elapsed.

2026-08-17 18:34:36.152793 : NTiles_TileMatrix_8_chr8, Class = numeric

NTiles_TileMatrix_8_chr8: length = 1
  chr8 
290278 



2026-08-17 18:34:36.154029 : NCells_TileMatrix_8_chr8, Class = integer

NCells_TileMatrix_8_chr8: length = 1
[1] 20001



2026-08-17 18:34:36.154998 : MinTile_TileMatrix_8_chr8, Class = numeric

MinTile_TileMatrix_8_chr8: length = 1
[1] 124



2026-08-17 18:34:36.175425 : MaxTile_TileMatrix_8_chr8, Class = numeric

MaxTile_TileMatrix_8_chr8: length = 1
[1] 290153



2026-08-17 18:34:36.255922 : MinCell_TileMatrix_8_chr8, Class = integer

MinCell_TileMatrix_8_chr8: length = 1
[1] 1



2026-08-17 18:34:36.257027 : MaxCell_TileMatrix_8_chr8, Class = integer

MaxCell_TileMatrix_8_chr8: length = 1
[1] 20001


2026-08-17 18:34:36.436278 : Adding GeneScoreMatrix to X__pt12pre for Chr (2 of 22)!, 2.688 mins elapsed.
2026-08-17 18:34:40.668021 : Adding GeneScoreMatrix to X__pt12pre for Chr (3 of 22)!, 2.759 mins elapsed.
2026-08-17 18:34:43.912582 : Creating Temp GeneScoreMatrix for X__pt17pre, Chr (18 of 22)!, 3.144 mins elapsed.
2026-08-17 18:34:45.805732 : Adding GeneScoreMatrix to X__pt12pre for Chr (4 of 22)!, 2.844 mins elapsed.
2026-08-17 18:34:48.915735 : Adding GeneScoreMatrix to X__pt12pre for Chr (5 of 22)!, 2.896 mins elapsed.
2026-08-17 18:34:50.009696 : Creating Temp GeneScoreMatrix for X__pt17pre, Chr (19 of 22)!, 3.246 mins elapsed.
2026-08-17 18:34:50.953509 : Adding TileMatrix to X__pt14pre for Chr (9 of 22)!, 3.173 mins elapsed.
2026-08-17 18:34:52.33609 : Adding GeneScoreMatrix to X__pt12pre for Chr (6 of 22)!, 2.953 mins elapsed.

2026-08-17 18:34:52.551201 : NTiles_TileMatrix_9_chr9, Class = numeric

NTiles_TileMatrix_9_chr9: length = 1
  chr9 
276790 



2026-08-17 18:34:52.552428 : NCells_TileMatrix_9_chr9, Class = integer

NCells_TileMatrix_9_chr9: length = 1
[1] 20001



2026-08-17 18:34:52.553395 : MinTile_TileMatrix_9_chr9, Class = numeric

MinTile_TileMatrix_9_chr9: length = 1
[1] 21



2026-08-17 18:34:52.57212 : MaxTile_TileMatrix_9_chr9, Class = numeric

MaxTile_TileMatrix_9_chr9: length = 1
[1] 276620



2026-08-17 18:34:52.646835 : MinCell_TileMatrix_9_chr9, Class = integer

MinCell_TileMatrix_9_chr9: length = 1
[1] 1



2026-08-17 18:34:52.647972 : MaxCell_TileMatrix_9_chr9, Class = integer

MaxCell_TileMatrix_9_chr9: length = 1
[1] 20001


2026-08-17 18:34:57.356293 : Adding GeneScoreMatrix to X__pt12pre for Chr (7 of 22)!, 3.037 mins elapsed.
2026-08-17 18:34:58.573154 : Creating Temp GeneScoreMatrix for X__pt17pre, Chr (20 of 22)!, 3.388 mins elapsed.
2026-08-17 18:35:00.758799 : Adding GeneScoreMatrix to X__pt12pre for Chr (8 of 22)!, 3.093 mins elapsed.
2026-08-17 18:35:04.030217 : Adding GeneScoreMatrix to X__pt12pre for Chr (9 of 22)!, 3.148 mins elapsed.
2026-08-17 18:35:05.677809 : Creating Temp GeneScoreMatrix for X__pt17pre, Chr (21 of 22)!, 3.507 mins elapsed.
2026-08-17 18:35:06.921402 : Adding TileMatrix to X__pt14pre for Chr (10 of 22)!, 3.439 mins elapsed.
2026-08-17 18:35:08.305688 : (X__pt24pre : 2 of 11) Reading TabixFile 67 Percent, 53.104 mins elapsed.
2026-08-17 18:35:08.59427 : Adding GeneScoreMatrix to X__pt12pre for Chr (10 of 22)!, 3.224 mins elapsed.

2026-08-17 18:35:08.699417 : NTiles_TileMatrix_10_chr10, Class = numeric

NTiles_TileMatrix_10_chr10: length = 1
 chr10 
267595 



2026-08-17 18:35:08.700678 : NCells_TileMatrix_10_chr10, Class = integer

NCells_TileMatrix_10_chr10: length = 1
[1] 20001



2026-08-17 18:35:08.701676 : MinTile_TileMatrix_10_chr10, Class = numeric

MinTile_TileMatrix_10_chr10: length = 1
[1] 22



2026-08-17 18:35:08.726548 : MaxTile_TileMatrix_10_chr10, Class = numeric

MaxTile_TileMatrix_10_chr10: length = 1
[1] 267575



2026-08-17 18:35:08.814888 : MinCell_TileMatrix_10_chr10, Class = integer

MinCell_TileMatrix_10_chr10: length = 1
[1] 1



2026-08-17 18:35:08.816042 : MaxCell_TileMatrix_10_chr10, Class = integer

MaxCell_TileMatrix_10_chr10: length = 1
[1] 20001


2026-08-17 18:35:10.716629 : Creating Temp GeneScoreMatrix for X__pt17pre, Chr (22 of 22)!, 3.591 mins elapsed.
2026-08-17 18:35:11.720463 : Adding GeneScoreMatrix to X__pt12pre for Chr (11 of 22)!, 3.276 mins elapsed.
2026-08-17 18:35:16.217229 : Adding GeneScoreMatrix to X__pt12pre for Chr (12 of 22)!, 3.351 mins elapsed.

2026-08-17 18:35:17.69391 : X__pt17pre .addGeneScoreMat FeatureDF, Class = data.frame
X__pt17pre .addGeneScoreMat FeatureDF: nRows = 31344, nCols = 6
  seqnames start   end strand        name idx
1     chr1 11869 14409      1     DDX11L1   1
2     chr1 29570 14404      2      WASH7P   2
3     chr1 17436 17369      2   MIR6859-1   3
4     chr1 29554 31109      1 MIR1302-2HG   4
5     chr1 30366 30503      1   MIR1302-2   5
6     chr1 36081 34554      2     FAM138A   6


2026-08-17 18:35:19.274277 : Adding GeneScoreMatrix to X__pt17pre for Chr (1 of 22)!, 3.733 mins elapsed.
2026-08-17 18:35:21.064938 : Adding GeneScoreMatrix to X__pt12pre for Chr (13 of 22)!, 3.432 mins elapsed.
2026-08-17 18:35:23.574199 : Adding GeneScoreMatrix to X__pt12pre for Chr (14 of 22)!, 3.474 mins elapsed.
2026-08-17 18:35:23.715021 : Adding TileMatrix to X__pt14pre for Chr (11 of 22)!, 3.719 mins elapsed.

2026-08-17 18:35:25.545869 : NTiles_TileMatrix_11_chr11, Class = numeric

NTiles_TileMatrix_11_chr11: length = 1
 chr11 
270174 



2026-08-17 18:35:25.547143 : NCells_TileMatrix_11_chr11, Class = integer

NCells_TileMatrix_11_chr11: length = 1
[1] 20001



2026-08-17 18:35:25.548102 : MinTile_TileMatrix_11_chr11, Class = numeric

MinTile_TileMatrix_11_chr11: length = 1
[1] 227



2026-08-17 18:35:25.572525 : MaxTile_TileMatrix_11_chr11, Class = numeric

MaxTile_TileMatrix_11_chr11: length = 1
[1] 270154



2026-08-17 18:35:25.778453 : MinCell_TileMatrix_11_chr11, Class = integer

MinCell_TileMatrix_11_chr11: length = 1
[1] 1



2026-08-17 18:35:25.779653 : MaxCell_TileMatrix_11_chr11, Class = integer

MaxCell_TileMatrix_11_chr11: length = 1
[1] 20001


2026-08-17 18:35:26.442863 : Adding GeneScoreMatrix to X__pt12pre for Chr (15 of 22)!, 3.522 mins elapsed.
2026-08-17 18:35:28.996561 : Adding GeneScoreMatrix to X__pt17pre for Chr (2 of 22)!, 3.895 mins elapsed.
2026-08-17 18:35:30.533175 : Adding GeneScoreMatrix to X__pt12pre for Chr (16 of 22)!, 3.59 mins elapsed.
2026-08-17 18:35:33.640945 : Adding GeneScoreMatrix to X__pt12pre for Chr (17 of 22)!, 3.641 mins elapsed.
2026-08-17 18:35:36.609378 : Adding GeneScoreMatrix to X__pt17pre for Chr (3 of 22)!, 4.022 mins elapsed.
2026-08-17 18:35:37.21979 : Adding GeneScoreMatrix to X__pt12pre for Chr (18 of 22)!, 3.701 mins elapsed.
2026-08-17 18:35:40.782182 : Adding GeneScoreMatrix to X__pt12pre for Chr (19 of 22)!, 3.761 mins elapsed.
2026-08-17 18:35:41.20604 : Adding TileMatrix to X__pt14pre for Chr (12 of 22)!, 4.011 mins elapsed.

2026-08-17 18:35:43.109049 : NTiles_TileMatrix_12_chr12, Class = numeric

NTiles_TileMatrix_12_chr12: length = 1
 chr12 
266551 



2026-08-17 18:35:43.110298 : NCells_TileMatrix_12_chr12, Class = integer

NCells_TileMatrix_12_chr12: length = 1
[1] 20001



2026-08-17 18:35:43.111289 : MinTile_TileMatrix_12_chr12, Class = numeric

MinTile_TileMatrix_12_chr12: length = 1
[1] 21



2026-08-17 18:35:43.134799 : MaxTile_TileMatrix_12_chr12, Class = numeric

MaxTile_TileMatrix_12_chr12: length = 1
[1] 266530



2026-08-17 18:35:43.337915 : MinCell_TileMatrix_12_chr12, Class = integer

MinCell_TileMatrix_12_chr12: length = 1
[1] 1



2026-08-17 18:35:43.339074 : MaxCell_TileMatrix_12_chr12, Class = integer

MaxCell_TileMatrix_12_chr12: length = 1
[1] 20001


2026-08-17 18:35:44.459484 : Adding GeneScoreMatrix to X__pt12pre for Chr (20 of 22)!, 3.822 mins elapsed.
2026-08-17 18:35:44.770591 : Adding GeneScoreMatrix to X__pt17pre for Chr (4 of 22)!, 4.158 mins elapsed.
2026-08-17 18:35:46.998631 : Adding GeneScoreMatrix to X__pt12pre for Chr (21 of 22)!, 3.864 mins elapsed.
2026-08-17 18:35:49.797404 : Adding GeneScoreMatrix to X__pt17pre for Chr (5 of 22)!, 4.242 mins elapsed.
2026-08-17 18:35:50.287556 : Adding GeneScoreMatrix to X__pt12pre for Chr (22 of 22)!, 3.919 mins elapsed.
2026-08-17 18:35:55.327931 : (X__pt12pre : 3 of 11) Finished Adding GeneScoreMatrix!, 53.888 mins elapsed.
2026-08-17 18:35:55.329745 : (X__pt12pre : 3 of 11) Finished Creating Arrow File, 53.888 mins elapsed.
2026-08-17 18:35:55.829865 : Adding GeneScoreMatrix to X__pt17pre for Chr (6 of 22)!, 4.343 mins elapsed.
2026-08-17 18:35:58.414929 : Adding TileMatrix to X__pt14pre for Chr (13 of 22)!, 4.297 mins elapsed.

2026-08-17 18:35:59.626359 : NTiles_TileMatrix_13_chr13, Class = numeric

NTiles_TileMatrix_13_chr13: length = 1
 chr13 
228729 



2026-08-17 18:35:59.627604 : NCells_TileMatrix_13_chr13, Class = integer

NCells_TileMatrix_13_chr13: length = 1
[1] 20001



2026-08-17 18:35:59.628577 : MinTile_TileMatrix_13_chr13, Class = numeric

MinTile_TileMatrix_13_chr13: length = 1
[1] 34114



2026-08-17 18:35:59.641695 : MaxTile_TileMatrix_13_chr13, Class = numeric

MaxTile_TileMatrix_13_chr13: length = 1
[1] 228709



2026-08-17 18:35:59.692176 : MinCell_TileMatrix_13_chr13, Class = integer

MinCell_TileMatrix_13_chr13: length = 1
[1] 1



2026-08-17 18:35:59.693342 : MaxCell_TileMatrix_13_chr13, Class = integer

MaxCell_TileMatrix_13_chr13: length = 1
[1] 20001


2026-08-17 18:36:00.081405 : (X__24t : 1 of 11) Reading TabixFile 67 Percent, 53.967 mins elapsed.
2026-08-17 18:36:03.382343 : Adding GeneScoreMatrix to X__pt17pre for Chr (7 of 22)!, 4.468 mins elapsed.
2026-08-17 18:36:09.003684 : Adding GeneScoreMatrix to X__pt17pre for Chr (8 of 22)!, 4.562 mins elapsed.
2026-08-17 18:36:09.328443 : Adding TileMatrix to X__pt14pre for Chr (14 of 22)!, 4.479 mins elapsed.

2026-08-17 18:36:10.507848 : NTiles_TileMatrix_14_chr14, Class = numeric

NTiles_TileMatrix_14_chr14: length = 1
 chr14 
214088 



2026-08-17 18:36:10.509089 : NCells_TileMatrix_14_chr14, Class = integer

NCells_TileMatrix_14_chr14: length = 1
[1] 20001



2026-08-17 18:36:10.510059 : MinTile_TileMatrix_14_chr14, Class = numeric

MinTile_TileMatrix_14_chr14: length = 1
[1] 32046



2026-08-17 18:36:10.525941 : MaxTile_TileMatrix_14_chr14, Class = numeric

MaxTile_TileMatrix_14_chr14: length = 1
[1] 213768



2026-08-17 18:36:10.583627 : MinCell_TileMatrix_14_chr14, Class = integer

MinCell_TileMatrix_14_chr14: length = 1
[1] 1



2026-08-17 18:36:10.584768 : MaxCell_TileMatrix_14_chr14, Class = integer

MaxCell_TileMatrix_14_chr14: length = 1
[1] 20001


2026-08-17 18:36:14.12185 : Adding GeneScoreMatrix to X__pt17pre for Chr (9 of 22)!, 4.647 mins elapsed.
2026-08-17 18:36:20.210997 : Adding GeneScoreMatrix to X__pt17pre for Chr (10 of 22)!, 4.749 mins elapsed.
2026-08-17 18:36:21.671949 : Adding TileMatrix to X__pt14pre for Chr (15 of 22)!, 4.685 mins elapsed.

2026-08-17 18:36:22.755389 : NTiles_TileMatrix_15_chr15, Class = numeric

NTiles_TileMatrix_15_chr15: length = 1
 chr15 
203983 



2026-08-17 18:36:22.75662 : NCells_TileMatrix_15_chr15, Class = integer

NCells_TileMatrix_15_chr15: length = 1
[1] 20001



2026-08-17 18:36:22.757583 : MinTile_TileMatrix_15_chr15, Class = numeric

MinTile_TileMatrix_15_chr15: length = 1
[1] 34019



2026-08-17 18:36:22.775665 : MaxTile_TileMatrix_15_chr15, Class = numeric

MaxTile_TileMatrix_15_chr15: length = 1
[1] 203963



2026-08-17 18:36:22.828739 : MinCell_TileMatrix_15_chr15, Class = integer

MinCell_TileMatrix_15_chr15: length = 1
[1] 1



2026-08-17 18:36:22.829914 : MaxCell_TileMatrix_15_chr15, Class = integer

MaxCell_TileMatrix_15_chr15: length = 1
[1] 20001


2026-08-17 18:36:25.212368 : Adding GeneScoreMatrix to X__pt17pre for Chr (11 of 22)!, 4.832 mins elapsed.
2026-08-17 18:36:32.555494 : Adding GeneScoreMatrix to X__pt17pre for Chr (12 of 22)!, 4.955 mins elapsed.
2026-08-17 18:36:33.474595 : Adding TileMatrix to X__pt14pre for Chr (16 of 22)!, 4.882 mins elapsed.

2026-08-17 18:36:34.750079 : NTiles_TileMatrix_16_chr16, Class = numeric

NTiles_TileMatrix_16_chr16: length = 1
 chr16 
180677 



2026-08-17 18:36:34.751279 : NCells_TileMatrix_16_chr16, Class = integer

NCells_TileMatrix_16_chr16: length = 1
[1] 20001



2026-08-17 18:36:34.752218 : MinTile_TileMatrix_16_chr16, Class = numeric

MinTile_TileMatrix_16_chr16: length = 1
[1] 20



2026-08-17 18:36:34.767916 : MaxTile_TileMatrix_16_chr16, Class = numeric

MaxTile_TileMatrix_16_chr16: length = 1
[1] 180457



2026-08-17 18:36:34.828968 : MinCell_TileMatrix_16_chr16, Class = integer

MinCell_TileMatrix_16_chr16: length = 1
[1] 1



2026-08-17 18:36:34.830108 : MaxCell_TileMatrix_16_chr16, Class = integer

MaxCell_TileMatrix_16_chr16: length = 1
[1] 20001


2026-08-17 18:36:40.267786 : Adding GeneScoreMatrix to X__pt17pre for Chr (13 of 22)!, 5.083 mins elapsed.
2026-08-17 18:36:43.756919 : Adding GeneScoreMatrix to X__pt17pre for Chr (14 of 22)!, 5.141 mins elapsed.
2026-08-17 18:36:47.270698 : Adding TileMatrix to X__pt14pre for Chr (17 of 22)!, 5.112 mins elapsed.
2026-08-17 18:36:48.120657 : Adding GeneScoreMatrix to X__pt17pre for Chr (15 of 22)!, 5.214 mins elapsed.

2026-08-17 18:36:48.922452 : NTiles_TileMatrix_17_chr17, Class = numeric

NTiles_TileMatrix_17_chr17: length = 1
 chr17 
166515 



2026-08-17 18:36:48.923703 : NCells_TileMatrix_17_chr17, Class = integer

NCells_TileMatrix_17_chr17: length = 1
[1] 20001



2026-08-17 18:36:48.924676 : MinTile_TileMatrix_17_chr17, Class = numeric

MinTile_TileMatrix_17_chr17: length = 1
[1] 126



2026-08-17 18:36:48.942446 : MaxTile_TileMatrix_17_chr17, Class = numeric

MaxTile_TileMatrix_17_chr17: length = 1
[1] 166495



2026-08-17 18:36:49.012903 : MinCell_TileMatrix_17_chr17, Class = integer

MinCell_TileMatrix_17_chr17: length = 1
[1] 1



2026-08-17 18:36:49.014053 : MaxCell_TileMatrix_17_chr17, Class = integer

MaxCell_TileMatrix_17_chr17: length = 1
[1] 20001


2026-08-17 18:36:53.554411 : Adding GeneScoreMatrix to X__pt17pre for Chr (16 of 22)!, 5.305 mins elapsed.
2026-08-17 18:36:58.40827 : Adding GeneScoreMatrix to X__pt17pre for Chr (17 of 22)!, 5.386 mins elapsed.
2026-08-17 18:37:01.828882 : Adding TileMatrix to X__pt14pre for Chr (18 of 22)!, 5.354 mins elapsed.

2026-08-17 18:37:02.775931 : NTiles_TileMatrix_18_chr18, Class = numeric

NTiles_TileMatrix_18_chr18: length = 1
 chr18 
160747 



2026-08-17 18:37:02.777174 : NCells_TileMatrix_18_chr18, Class = integer

NCells_TileMatrix_18_chr18: length = 1
[1] 20001



2026-08-17 18:37:02.778174 : MinTile_TileMatrix_18_chr18, Class = numeric

MinTile_TileMatrix_18_chr18: length = 1
[1] 21



2026-08-17 18:37:02.78946 : MaxTile_TileMatrix_18_chr18, Class = numeric

MaxTile_TileMatrix_18_chr18: length = 1
[1] 160527



2026-08-17 18:37:02.83334 : MinCell_TileMatrix_18_chr18, Class = integer

MinCell_TileMatrix_18_chr18: length = 1
[1] 1



2026-08-17 18:37:02.834484 : MaxCell_TileMatrix_18_chr18, Class = integer

MaxCell_TileMatrix_18_chr18: length = 1
[1] 20001


2026-08-17 18:37:04.20799 : Adding GeneScoreMatrix to X__pt17pre for Chr (18 of 22)!, 5.482 mins elapsed.
2026-08-17 18:37:09.186324 : Adding GeneScoreMatrix to X__pt17pre for Chr (19 of 22)!, 5.565 mins elapsed.
2026-08-17 18:37:12.007283 : Adding TileMatrix to X__pt14pre for Chr (19 of 22)!, 5.524 mins elapsed.

2026-08-17 18:37:13.755331 : NTiles_TileMatrix_19_chr19, Class = numeric

NTiles_TileMatrix_19_chr19: length = 1
 chr19 
117236 



2026-08-17 18:37:13.756554 : NCells_TileMatrix_19_chr19, Class = integer

NCells_TileMatrix_19_chr19: length = 1
[1] 20001



2026-08-17 18:37:13.757515 : MinTile_TileMatrix_19_chr19, Class = numeric

MinTile_TileMatrix_19_chr19: length = 1
[1] 162



2026-08-17 18:37:13.775438 : MaxTile_TileMatrix_19_chr19, Class = numeric

MaxTile_TileMatrix_19_chr19: length = 1
[1] 117216



2026-08-17 18:37:13.841249 : MinCell_TileMatrix_19_chr19, Class = integer

MinCell_TileMatrix_19_chr19: length = 1
[1] 1



2026-08-17 18:37:13.842339 : MaxCell_TileMatrix_19_chr19, Class = integer

MaxCell_TileMatrix_19_chr19: length = 1
[1] 20001


2026-08-17 18:37:15.274566 : Adding GeneScoreMatrix to X__pt17pre for Chr (20 of 22)!, 5.667 mins elapsed.
2026-08-17 18:37:19.137984 : Adding GeneScoreMatrix to X__pt17pre for Chr (21 of 22)!, 5.731 mins elapsed.
2026-08-17 18:37:22.853786 : Adding GeneScoreMatrix to X__pt17pre for Chr (22 of 22)!, 5.793 mins elapsed.
2026-08-17 18:37:26.235246 : Adding TileMatrix to X__pt14pre for Chr (20 of 22)!, 5.761 mins elapsed.

2026-08-17 18:37:27.291015 : NTiles_TileMatrix_20_chr20, Class = numeric

NTiles_TileMatrix_20_chr20: length = 1
 chr20 
128889 



2026-08-17 18:37:27.292295 : NCells_TileMatrix_20_chr20, Class = integer

NCells_TileMatrix_20_chr20: length = 1
[1] 20001



2026-08-17 18:37:27.293276 : MinTile_TileMatrix_20_chr20, Class = numeric

MinTile_TileMatrix_20_chr20: length = 1
[1] 120



2026-08-17 18:37:27.307652 : MaxTile_TileMatrix_20_chr20, Class = numeric

MaxTile_TileMatrix_20_chr20: length = 1
[1] 128669



2026-08-17 18:37:27.361038 : MinCell_TileMatrix_20_chr20, Class = integer

MinCell_TileMatrix_20_chr20: length = 1
[1] 1



2026-08-17 18:37:27.362192 : MaxCell_TileMatrix_20_chr20, Class = integer

MaxCell_TileMatrix_20_chr20: length = 1
[1] 20001


2026-08-17 18:37:28.678884 : (X__pt17pre : 5 of 11) Finished Adding GeneScoreMatrix!, 55.444 mins elapsed.
2026-08-17 18:37:28.68046 : (X__pt17pre : 5 of 11) Finished Creating Arrow File, 55.444 mins elapsed.
2026-08-17 18:37:37.712408 : Adding TileMatrix to X__pt14pre for Chr (21 of 22)!, 5.952 mins elapsed.

2026-08-17 18:37:38.318233 : NTiles_TileMatrix_21_chr21, Class = numeric

NTiles_TileMatrix_21_chr21: length = 1
chr21 
93420 



2026-08-17 18:37:38.319466 : NCells_TileMatrix_21_chr21, Class = integer

NCells_TileMatrix_21_chr21: length = 1
[1] 20001



2026-08-17 18:37:38.320417 : MinTile_TileMatrix_21_chr21, Class = numeric

MinTile_TileMatrix_21_chr21: length = 1
[1] 10063



2026-08-17 18:37:38.327009 : MaxTile_TileMatrix_21_chr21, Class = numeric

MaxTile_TileMatrix_21_chr21: length = 1
[1] 93400



2026-08-17 18:37:38.348945 : MinCell_TileMatrix_21_chr21, Class = integer

MinCell_TileMatrix_21_chr21: length = 1
[1] 1



2026-08-17 18:37:38.350033 : MaxCell_TileMatrix_21_chr21, Class = integer

MaxCell_TileMatrix_21_chr21: length = 1
[1] 20001


2026-08-17 18:37:44.664547 : Adding TileMatrix to X__pt14pre for Chr (22 of 22)!, 6.068 mins elapsed.

2026-08-17 18:37:45.37525 : NTiles_TileMatrix_22_chr22, Class = numeric

NTiles_TileMatrix_22_chr22: length = 1
 chr22 
101637 



2026-08-17 18:37:45.376466 : NCells_TileMatrix_22_chr22, Class = integer

NCells_TileMatrix_22_chr22: length = 1
[1] 20001



2026-08-17 18:37:45.377406 : MinTile_TileMatrix_22_chr22, Class = numeric

MinTile_TileMatrix_22_chr22: length = 1
[1] 21039



2026-08-17 18:37:45.386981 : MaxTile_TileMatrix_22_chr22, Class = numeric

MaxTile_TileMatrix_22_chr22: length = 1
[1] 101617



2026-08-17 18:37:45.418836 : MinCell_TileMatrix_22_chr22, Class = integer

MinCell_TileMatrix_22_chr22: length = 1
[1] 1



2026-08-17 18:37:45.419894 : MaxCell_TileMatrix_22_chr22, Class = integer

MaxCell_TileMatrix_22_chr22: length = 1
[1] 20001


2026-08-17 18:37:54.062817 : (X__pt14pre : 4 of 11) Finished Adding TileMatrix!, 55.867 mins elapsed.
2026-08-17 18:37:54.064224 : (X__pt14pre : 4 of 11) Adding GeneScoreMatrix!, 55.867 mins elapsed.


2026-08-17 18:37:54.34235 : X__pt14pre .addGeneScoreMat geneRegions, Class = GRanges
GRanges object with 31344 ranges and 5 metadata columns:
          seqnames            ranges strand |     gene_id       symbol
             <Rle>         <IRanges>  <Rle> | <character>  <character>
      [1]     chr1        6869-14409      + |   100287102      DDX11L1
      [2]     chr1       14404-34570      - |      653635       WASH7P
      [3]     chr1       17369-22436      - |   102466751    MIR6859-1
      [4]     chr1       24554-31109      + |   107985730  MIR1302-2HG
      [5]     chr1       25366-30503      + |   100302278    MIR1302-2
      ...      ...               ...    ... .         ...          ...
  [31340]    chr22 50667714-50733212      + |       85358       SHANK3
  [31341]    chr22 50733196-50745339      + |          49          ACR
  [31342]    chr22 50735825-50743139      - |   105373100 LOC105373100
  [31343]    chr22 50751948-50801309      + |      284942    RPL23AP82
  [31344]    chr22 50767501-50788667      - |       11158       RABL2B
          geneStart   geneEnd geneWeight
          <integer> <integer>  <numeric>
      [1]     11869     14409    3.67937
      [2]     29570     14404    2.00189
      [3]     17436     17369    4.98680
      [4]     29554     31109    4.08192
      [5]     30366     30503    4.93248
      ...       ...       ...        ...
  [31340]  50672714  50733212    1.30848
  [31341]  50738196  50745339    2.66379
  [31342]  50738139  50735825    3.76215
  [31343]  50756948  50801309    1.40932
  [31344]  50783667  50767501    1.95456
  -------
  seqinfo: 22 sequences from hg38 genome

2026-08-17 18:37:54.482478 : Creating Temp GeneScoreMatrix for X__pt14pre, Chr (1 of 22)!, 0 mins elapsed.
2026-08-17 18:38:25.248231 : Creating Temp GeneScoreMatrix for X__pt14pre, Chr (2 of 22)!, 0.513 mins elapsed.
2026-08-17 18:38:33.788677 : (X__pt24pre : 2 of 11) Reading TabixFile 75 Percent, 56.529 mins elapsed.
2026-08-17 18:38:48.344035 : Creating Temp GeneScoreMatrix for X__pt14pre, Chr (3 of 22)!, 0.898 mins elapsed.
2026-08-17 18:39:07.793446 : Creating Temp GeneScoreMatrix for X__pt14pre, Chr (4 of 22)!, 1.222 mins elapsed.
2026-08-17 18:39:12.141946 : (X__24t : 1 of 11) Reading TabixFile 75 Percent, 57.168 mins elapsed.
2026-08-17 18:39:23.707595 : Creating Temp GeneScoreMatrix for X__pt14pre, Chr (5 of 22)!, 1.487 mins elapsed.
2026-08-17 18:39:41.976234 : Creating Temp GeneScoreMatrix for X__pt14pre, Chr (6 of 22)!, 1.792 mins elapsed.
2026-08-17 18:40:00.72799 : Creating Temp GeneScoreMatrix for X__pt14pre, Chr (7 of 22)!, 2.104 mins elapsed.
2026-08-17 18:40:17.279431 : Creating Temp GeneScoreMatrix for X__pt14pre, Chr (8 of 22)!, 2.38 mins elapsed.
2026-08-17 18:40:31.398036 : Creating Temp GeneScoreMatrix for X__pt14pre, Chr (9 of 22)!, 2.615 mins elapsed.
2026-08-17 18:40:44.831362 : Creating Temp GeneScoreMatrix for X__pt14pre, Chr (10 of 22)!, 2.839 mins elapsed.
2026-08-17 18:41:02.293225 : Creating Temp GeneScoreMatrix for X__pt14pre, Chr (11 of 22)!, 3.13 mins elapsed.
2026-08-17 18:41:09.56165 : (X__pt24pre : 2 of 11) Reading TabixFile 83 Percent, 59.125 mins elapsed.
2026-08-17 18:41:19.597345 : Creating Temp GeneScoreMatrix for X__pt14pre, Chr (12 of 22)!, 3.419 mins elapsed.
2026-08-17 18:41:25.546635 : (X__24t : 1 of 11) Reading TabixFile 83 Percent, 59.392 mins elapsed.
2026-08-17 18:41:36.36218 : Creating Temp GeneScoreMatrix for X__pt14pre, Chr (13 of 22)!, 3.698 mins elapsed.
2026-08-17 18:41:45.268569 : Creating Temp GeneScoreMatrix for X__pt14pre, Chr (14 of 22)!, 3.846 mins elapsed.
2026-08-17 18:41:56.210894 : Creating Temp GeneScoreMatrix for X__pt14pre, Chr (15 of 22)!, 4.029 mins elapsed.
2026-08-17 18:42:06.9579 : Creating Temp GeneScoreMatrix for X__pt14pre, Chr (16 of 22)!, 4.208 mins elapsed.
2026-08-17 18:42:17.979553 : Creating Temp GeneScoreMatrix for X__pt14pre, Chr (17 of 22)!, 4.392 mins elapsed.
2026-08-17 18:42:30.449829 : Creating Temp GeneScoreMatrix for X__pt14pre, Chr (18 of 22)!, 4.599 mins elapsed.
2026-08-17 18:42:34.889877 : (X__pt24pre : 2 of 11) Reading TabixFile 92 Percent, 60.547 mins elapsed.
2026-08-17 18:42:38.627175 : Creating Temp GeneScoreMatrix for X__pt14pre, Chr (19 of 22)!, 4.736 mins elapsed.
2026-08-17 18:42:44.002015 : (X__24t : 1 of 11) Reading TabixFile 92 Percent, 60.699 mins elapsed.
2026-08-17 18:42:50.353235 : Creating Temp GeneScoreMatrix for X__pt14pre, Chr (20 of 22)!, 4.931 mins elapsed.
2026-08-17 18:42:59.500342 : Creating Temp GeneScoreMatrix for X__pt14pre, Chr (21 of 22)!, 5.084 mins elapsed.
2026-08-17 18:43:05.482626 : Creating Temp GeneScoreMatrix for X__pt14pre, Chr (22 of 22)!, 5.183 mins elapsed.

2026-08-17 18:43:12.723303 : X__pt14pre .addGeneScoreMat FeatureDF, Class = data.frame
X__pt14pre .addGeneScoreMat FeatureDF: nRows = 31344, nCols = 6
  seqnames start   end strand        name idx
1     chr1 11869 14409      1     DDX11L1   1
2     chr1 29570 14404      2      WASH7P   2
3     chr1 17436 17369      2   MIR6859-1   3
4     chr1 29554 31109      1 MIR1302-2HG   4
5     chr1 30366 30503      1   MIR1302-2   5
6     chr1 36081 34554      2     FAM138A   6


2026-08-17 18:43:14.275361 : Adding GeneScoreMatrix to X__pt14pre for Chr (1 of 22)!, 5.33 mins elapsed.
2026-08-17 18:43:25.987173 : Adding GeneScoreMatrix to X__pt14pre for Chr (2 of 22)!, 5.525 mins elapsed.
2026-08-17 18:43:35.651222 : Adding GeneScoreMatrix to X__pt14pre for Chr (3 of 22)!, 5.686 mins elapsed.
2026-08-17 18:43:45.044014 : Adding GeneScoreMatrix to X__pt14pre for Chr (4 of 22)!, 5.843 mins elapsed.
2026-08-17 18:43:51.270432 : Adding GeneScoreMatrix to X__pt14pre for Chr (5 of 22)!, 5.946 mins elapsed.
2026-08-17 18:43:58.253978 : Adding GeneScoreMatrix to X__pt14pre for Chr (6 of 22)!, 6.063 mins elapsed.
2026-08-17 18:44:06.962039 : Adding GeneScoreMatrix to X__pt14pre for Chr (7 of 22)!, 6.208 mins elapsed.
2026-08-17 18:44:13.44015 : Adding GeneScoreMatrix to X__pt14pre for Chr (8 of 22)!, 6.316 mins elapsed.
2026-08-17 18:44:17.023095 : (X__pt24pre : 2 of 11) Reading TabixFile 100 Percent, 62.25 mins elapsed.
2026-08-17 18:44:18.679665 : (X__pt24pre : 2 of 11) Successful creation of Temporary File, 62.277 mins elapsed.
2026-08-17 18:44:18.68231 : (X__pt24pre : 2 of 11) Creating ArrowFile From Temporary File, 62.277 mins elapsed.
2026-08-17 18:44:19.205045 : Adding GeneScoreMatrix to X__pt14pre for Chr (9 of 22)!, 6.412 mins elapsed.
2026-08-17 18:44:22.601342 : (X__24t : 1 of 11) Reading TabixFile 100 Percent, 62.343 mins elapsed.

2026-08-17 18:44:23.850346 : (X__pt24pre : 2 of 11) chunkChrNames, Class = data.frame
(X__pt24pre : 2 of 11) chunkChrNames: nRows = 118, nCols = 1
     chunkNames
1   chr1#chunk1
2   chr1#chunk2
3   chr1#chunk3
4   chr1#chunk4
5   chr1#chunk5
6 chr10#chunk46


2026-08-17 18:44:23.853153 : (X__pt24pre : 2 of 11) Counting Unique Barcodes From Temporary File, 62.363 mins elapsed.
2026-08-17 18:44:24.043482 : (X__24t : 1 of 11) Successful creation of Temporary File, 62.367 mins elapsed.
2026-08-17 18:44:24.045974 : (X__24t : 1 of 11) Creating ArrowFile From Temporary File, 62.367 mins elapsed.
2026-08-17 18:44:25.871133 : Adding GeneScoreMatrix to X__pt14pre for Chr (10 of 22)!, 6.523 mins elapsed.

2026-08-17 18:44:26.915866 : (X__pt24pre : 2 of 11) BarcodeFrequencyTable, Class = data.table
 
2026-08-17 18:44:26.915866 : (X__pt24pre : 2 of 11) BarcodeFrequencyTable, Class = data.frame
(X__pt24pre : 2 of 11) BarcodeFrequencyTable: nRows = 20082, nCols = 2
            values.V1    V1
               <char> <int>
1: TTCGATTAGACCCATT-1 67742
2: TCAAAGCGTGCAAGAC-1 66380
3: TACATGGCAATGGCAG-1 61758
4: CGCAATATCGGTACTA-1 56540
5: ATAGTCGGTGGTGGTA-1 52911
6: CCTAAAGCAACTCAAC-1 50859



2026-08-17 18:44:26.972015 : (X__pt24pre : 2 of 11) BarcodesMinMaxFrags, Class = data.frame
(X__pt24pre : 2 of 11) BarcodesMinMaxFrags: nRows = 20082, nCols = 1
                  bc
1 TTCGATTAGACCCATT-1
2 TCAAAGCGTGCAAGAC-1
3 TACATGGCAATGGCAG-1
4 CGCAATATCGGTACTA-1
5 ATAGTCGGTGGTGGTA-1
6 CCTAAAGCAACTCAAC-1



2026-08-17 18:44:27.931558 : (X__24t : 1 of 11) chunkChrNames, Class = data.frame
(X__24t : 1 of 11) chunkChrNames: nRows = 118, nCols = 1
     chunkNames
1   chr1#chunk1
2   chr1#chunk2
3   chr1#chunk3
4   chr1#chunk4
5   chr1#chunk5
6 chr10#chunk46


2026-08-17 18:44:27.93417 : (X__24t : 1 of 11) Counting Unique Barcodes From Temporary File, 62.431 mins elapsed.

2026-08-17 18:44:28.479959 : (X__pt24pre : 2 of 11) Unique Chromosomes, Class = data.frame
(X__pt24pre : 2 of 11) Unique Chromosomes: nRows = 24, nCols = 1
   chr
1 chr1
2 chr2
3 chr3
4 chr4
5 chr5
6 chr6


2026-08-17 18:44:28.481796 : (X__pt24pre : 2 of 11) Adding Chromosome 1 of 24, 62.441 mins elapsed.

2026-08-17 18:44:30.220729 : (X__24t : 1 of 11) BarcodeFrequencyTable, Class = data.table
 
2026-08-17 18:44:30.220729 : (X__24t : 1 of 11) BarcodeFrequencyTable, Class = data.frame
(X__24t : 1 of 11) BarcodeFrequencyTable: nRows = 9873, nCols = 2
            values.V1     V1
               <char>  <int>
1: GCTTCATCACACAAGC-1 326450
2: ACCCTTAAGATATTCC-1 306755
3: TGAATCTTCTCACAGC-1 269971
4: CCCAAGCGTAGCTGTT-1 226298
5: GAAACCGTCTTAAGGA-1 172815
6: GAGAGGAGTTAACGGA-1 171422



2026-08-17 18:44:30.234616 : (X__24t : 1 of 11) BarcodesMinMaxFrags, Class = data.frame
(X__24t : 1 of 11) BarcodesMinMaxFrags: nRows = 9873, nCols = 1
                  bc
1 GCTTCATCACACAAGC-1
2 ACCCTTAAGATATTCC-1
3 TGAATCTTCTCACAGC-1
4 CCCAAGCGTAGCTGTT-1
5 GAAACCGTCTTAAGGA-1
6 GAGAGGAGTTAACGGA-1



2026-08-17 18:44:31.572251 : (X__24t : 1 of 11) Unique Chromosomes, Class = data.frame
(X__24t : 1 of 11) Unique Chromosomes: nRows = 24, nCols = 1
   chr
1 chr1
2 chr2
3 chr3
4 chr4
5 chr5
6 chr6


2026-08-17 18:44:31.573934 : (X__24t : 1 of 11) Adding Chromosome 1 of 24, 62.492 mins elapsed.
2026-08-17 18:44:31.75995 : Adding GeneScoreMatrix to X__pt14pre for Chr (11 of 22)!, 6.621 mins elapsed.
2026-08-17 18:44:38.946494 : Adding GeneScoreMatrix to X__pt14pre for Chr (12 of 22)!, 6.741 mins elapsed.

2026-08-17 18:44:42.113317 : (X__24t : 1 of 11) .tmpToArrow Fragments-Chr-(1 of 24)-chr1, Class = IRanges

(X__24t : 1 of 11) .tmpToArrow Fragments-Chr-(1 of 24)-chr1: length = 14810206
IRanges object with 6 ranges and 1 metadata column:
          start       end     width |                 RG
      <integer> <integer> <integer> |              <Rle>
  [1]    191531    191814       284 | GCTTCATCACACAAGC-1
  [2]    770365    770536       172 | GCTTCATCACACAAGC-1
  [3]    827495    827586        92 | GCTTCATCACACAAGC-1
  [4]    858426    858788       363 | GCTTCATCACACAAGC-1
  [5]    859685    859977       293 | GCTTCATCACACAAGC-1
  [6]    869938    870495       558 | GCTTCATCACACAAGC-1



2026-08-17 18:44:42.12015 : (X__24t : 1 of 11) .tmpToArrow Barcodes-Chr-(1 of 24)-chr1, Class = data.frame
(X__24t : 1 of 11) .tmpToArrow Barcodes-Chr-(1 of 24)-chr1: nRows = 9873, nCols = 1
                  bc
1 GCTTCATCACACAAGC-1
2 ACCCTTAAGATATTCC-1
3 TGAATCTTCTCACAGC-1
4 CCCAAGCGTAGCTGTT-1
5 GAAACCGTCTTAAGGA-1
6 GAGAGGAGTTAACGGA-1


2026-08-17 18:44:43.80191 : (X__24t : 1 of 11) Adding Chromosome 2 of 24, 62.696 mins elapsed.
2026-08-17 18:44:46.854671 : Adding GeneScoreMatrix to X__pt14pre for Chr (13 of 22)!, 6.873 mins elapsed.

2026-08-17 18:44:48.831139 : (X__pt24pre : 2 of 11) .tmpToArrow Fragments-Chr-(1 of 24)-chr1, Class = IRanges

(X__pt24pre : 2 of 11) .tmpToArrow Fragments-Chr-(1 of 24)-chr1: length = 24181081
IRanges object with 6 ranges and 1 metadata column:
          start       end     width |                 RG
      <integer> <integer> <integer> |              <Rle>
  [1]    115571    115753       183 | TTCGATTAGACCCATT-1
  [2]    823248    823434       187 | TTCGATTAGACCCATT-1
  [3]    855630    855790       161 | TTCGATTAGACCCATT-1
  [4]    913922    914108       187 | TTCGATTAGACCCATT-1
  [5]    914024    914109        86 | TTCGATTAGACCCATT-1
  [6]    915514    915733       220 | TTCGATTAGACCCATT-1



2026-08-17 18:44:48.838653 : (X__pt24pre : 2 of 11) .tmpToArrow Barcodes-Chr-(1 of 24)-chr1, Class = data.frame
(X__pt24pre : 2 of 11) .tmpToArrow Barcodes-Chr-(1 of 24)-chr1: nRows = 20082, nCols = 1
                  bc
1 TTCGATTAGACCCATT-1
2 TCAAAGCGTGCAAGAC-1
3 TACATGGCAATGGCAG-1
4 CGCAATATCGGTACTA-1
5 ATAGTCGGTGGTGGTA-1
6 CCTAAAGCAACTCAAC-1


2026-08-17 18:44:50.79012 : Adding GeneScoreMatrix to X__pt14pre for Chr (14 of 22)!, 6.938 mins elapsed.
2026-08-17 18:44:52.230395 : (X__pt24pre : 2 of 11) Adding Chromosome 2 of 24, 62.836 mins elapsed.
2026-08-17 18:44:55.625246 : Adding GeneScoreMatrix to X__pt14pre for Chr (15 of 22)!, 7.019 mins elapsed.
2026-08-17 18:44:57.123828 : (X__24t : 1 of 11) Adding Chromosome 3 of 24, 62.918 mins elapsed.
2026-08-17 18:45:01.437567 : Adding GeneScoreMatrix to X__pt14pre for Chr (16 of 22)!, 7.116 mins elapsed.
2026-08-17 18:45:06.586138 : Adding GeneScoreMatrix to X__pt14pre for Chr (17 of 22)!, 7.202 mins elapsed.
2026-08-17 18:45:07.038719 : (X__24t : 1 of 11) Adding Chromosome 4 of 24, 63.083 mins elapsed.
2026-08-17 18:45:13.107695 : Adding GeneScoreMatrix to X__pt14pre for Chr (18 of 22)!, 7.31 mins elapsed.
2026-08-17 18:45:13.823571 : (X__pt24pre : 2 of 11) Adding Chromosome 3 of 24, 63.196 mins elapsed.
2026-08-17 18:45:15.529943 : (X__24t : 1 of 11) Adding Chromosome 5 of 24, 63.225 mins elapsed.
2026-08-17 18:45:17.965878 : Adding GeneScoreMatrix to X__pt14pre for Chr (19 of 22)!, 7.391 mins elapsed.
2026-08-17 18:45:24.565354 : Adding GeneScoreMatrix to X__pt14pre for Chr (20 of 22)!, 7.501 mins elapsed.
2026-08-17 18:45:25.363401 : (X__24t : 1 of 11) Adding Chromosome 6 of 24, 63.389 mins elapsed.
2026-08-17 18:45:28.979201 : Adding GeneScoreMatrix to X__pt14pre for Chr (21 of 22)!, 7.575 mins elapsed.
2026-08-17 18:45:31.207797 : (X__pt24pre : 2 of 11) Adding Chromosome 4 of 24, 63.486 mins elapsed.
2026-08-17 18:45:32.974063 : Adding GeneScoreMatrix to X__pt14pre for Chr (22 of 22)!, 7.642 mins elapsed.
2026-08-17 18:45:33.710809 : (X__24t : 1 of 11) Adding Chromosome 7 of 24, 63.528 mins elapsed.
2026-08-17 18:45:38.92312 : (X__pt14pre : 4 of 11) Finished Adding GeneScoreMatrix!, 63.615 mins elapsed.
2026-08-17 18:45:38.92458 : (X__pt14pre : 4 of 11) Finished Creating Arrow File, 63.615 mins elapsed.
2026-08-17 18:45:41.731896 : (X__24t : 1 of 11) Adding Chromosome 8 of 24, 63.661 mins elapsed.
2026-08-17 18:45:46.749296 : (X__pt24pre : 2 of 11) Adding Chromosome 5 of 24, 63.745 mins elapsed.
2026-08-17 18:45:49.456861 : (X__24t : 1 of 11) Adding Chromosome 9 of 24, 63.79 mins elapsed.
2026-08-17 18:45:55.68276 : (X__24t : 1 of 11) Adding Chromosome 10 of 24, 63.894 mins elapsed.
2026-08-17 18:46:02.488662 : (X__24t : 1 of 11) Adding Chromosome 11 of 24, 64.007 mins elapsed.
2026-08-17 18:46:03.298838 : (X__pt24pre : 2 of 11) Adding Chromosome 6 of 24, 64.021 mins elapsed.
2026-08-17 18:46:10.765384 : (X__24t : 1 of 11) Adding Chromosome 12 of 24, 64.145 mins elapsed.
2026-08-17 18:46:18.110767 : (X__24t : 1 of 11) Adding Chromosome 13 of 24, 64.268 mins elapsed.
2026-08-17 18:46:18.850166 : (X__pt24pre : 2 of 11) Adding Chromosome 7 of 24, 64.28 mins elapsed.
2026-08-17 18:46:23.245951 : (X__24t : 1 of 11) Adding Chromosome 14 of 24, 64.353 mins elapsed.
2026-08-17 18:46:28.221252 : (X__24t : 1 of 11) Adding Chromosome 15 of 24, 64.436 mins elapsed.
2026-08-17 18:46:32.599183 : (X__24t : 1 of 11) Adding Chromosome 16 of 24, 64.509 mins elapsed.
2026-08-17 18:46:32.774133 : (X__pt24pre : 2 of 11) Adding Chromosome 8 of 24, 64.512 mins elapsed.
2026-08-17 18:46:37.817739 : (X__24t : 1 of 11) Adding Chromosome 17 of 24, 64.596 mins elapsed.
2026-08-17 18:46:42.909814 : (X__24t : 1 of 11) Adding Chromosome 18 of 24, 64.681 mins elapsed.
2026-08-17 18:46:45.815687 : (X__pt24pre : 2 of 11) Adding Chromosome 9 of 24, 64.729 mins elapsed.
2026-08-17 18:46:47.154061 : (X__24t : 1 of 11) Adding Chromosome 19 of 24, 64.752 mins elapsed.
2026-08-17 18:46:51.404884 : (X__24t : 1 of 11) Adding Chromosome 20 of 24, 64.823 mins elapsed.
2026-08-17 18:46:55.344878 : (X__24t : 1 of 11) Adding Chromosome 21 of 24, 64.888 mins elapsed.
2026-08-17 18:46:56.079839 : (X__pt24pre : 2 of 11) Adding Chromosome 10 of 24, 64.901 mins elapsed.
2026-08-17 18:46:57.959244 : (X__24t : 1 of 11) Adding Chromosome 22 of 24, 64.932 mins elapsed.
2026-08-17 18:47:00.760132 : (X__24t : 1 of 11) Adding Chromosome 23 of 24, 64.979 mins elapsed.
2026-08-17 18:47:04.751927 : (X__24t : 1 of 11) Adding Chromosome 24 of 24, 65.045 mins elapsed.
2026-08-17 18:47:06.430593 : (X__24t : 1 of 11) Successful creation of Arrow File, 65.073 mins elapsed.
2026-08-17 18:47:07.674804 : (X__24t : 1 of 11) Adding Fragment Summary, 65.094 mins elapsed.
2026-08-17 18:47:07.792494 : (X__pt24pre : 2 of 11) Adding Chromosome 11 of 24, 65.096 mins elapsed.
2026-08-17 18:47:20.678015 : (X__pt24pre : 2 of 11) Adding Chromosome 12 of 24, 65.311 mins elapsed.
2026-08-17 18:47:31.714766 : (X__pt24pre : 2 of 11) Adding Chromosome 13 of 24, 65.494 mins elapsed.
2026-08-17 18:47:39.543441 : (X__pt24pre : 2 of 11) Adding Chromosome 14 of 24, 65.625 mins elapsed.
2026-08-17 18:47:47.508011 : (X__pt24pre : 2 of 11) Adding Chromosome 15 of 24, 65.758 mins elapsed.
2026-08-17 18:47:49.580891 : (X__24t : 1 of 11) Plotting Fragment Size Distribution, 65.792 mins elapsed.
2026-08-17 18:47:51.147819 : (X__24t : 1 of 11) Computing TSS Enrichment Scores, 65.818 mins elapsed.
2026-08-17 18:47:54.979446 : (X__pt24pre : 2 of 11) Adding Chromosome 16 of 24, 65.882 mins elapsed.
2026-08-17 18:48:04.547569 : (X__pt24pre : 2 of 11) Adding Chromosome 17 of 24, 66.042 mins elapsed.
2026-08-17 18:48:12.99662 : (X__pt24pre : 2 of 11) Adding Chromosome 18 of 24, 66.182 mins elapsed.
2026-08-17 18:48:19.923699 : (X__pt24pre : 2 of 11) Adding Chromosome 19 of 24, 66.298 mins elapsed.
2026-08-17 18:48:26.219843 : (X__pt24pre : 2 of 11) Adding Chromosome 20 of 24, 66.403 mins elapsed.
2026-08-17 18:48:33.072112 : (X__pt24pre : 2 of 11) Adding Chromosome 21 of 24, 66.517 mins elapsed.
2026-08-17 18:48:37.200799 : (X__pt24pre : 2 of 11) Adding Chromosome 22 of 24, 66.586 mins elapsed.
2026-08-17 18:48:41.919423 : (X__pt24pre : 2 of 11) Adding Chromosome 23 of 24, 66.665 mins elapsed.
2026-08-17 18:48:48.184475 : (X__pt24pre : 2 of 11) Adding Chromosome 24 of 24, 66.769 mins elapsed.
2026-08-17 18:48:50.480835 : (X__pt24pre : 2 of 11) Successful creation of Arrow File, 66.807 mins elapsed.
2026-08-17 18:48:51.862551 : (X__pt24pre : 2 of 11) Adding Fragment Summary, 66.83 mins elapsed.
2026-08-17 18:49:57.433253 : (X__pt24pre : 2 of 11) Plotting Fragment Size Distribution, 67.923 mins elapsed.
2026-08-17 18:49:59.113659 : (X__pt24pre : 2 of 11) Computing TSS Enrichment Scores, 67.951 mins elapsed.
2026-08-17 18:50:19.097902 : (X__24t : 1 of 11) Computed TSS Scores!, 2.466 mins elapsed.
2026-08-17 18:50:19.108208 : (X__24t : 1 of 11) CellStats : Number of Cells Pass Filter = 9873 , 68.284 mins elapsed.
2026-08-17 18:50:19.110975 : (X__24t : 1 of 11) CellStats : Median Frags = 14535 , 68.284 mins elapsed.
2026-08-17 18:50:19.1137 : (X__24t : 1 of 11) CellStats : Median TSS Enrichment = 5.676 , 68.284 mins elapsed.
2026-08-17 18:50:19.114153 : (X__24t : 1 of 11) Plotting TSS Enrichment Scores, 68.284 mins elapsed.
2026-08-17 18:50:21.422855 : (X__24t : 1 of 11) Adding Metadata to Fragments, 68.323 mins elapsed.
2026-08-17 18:50:22.760511 : (X__24t : 1 of 11) Adding Additional Feature Counts!, 68.345 mins elapsed.
2026-08-17 18:52:40.153569 : (X__24t : 1 of 11) Finished Adding Additional Feature Counts!, 70.635 mins elapsed.

2026-08-17 18:52:40.154099 : (X__24t : 1 of 11) Metadata, Class = DFrame
DataFrame with 9873 rows and 12 columns
                  cellNames    nFrags nMonoFrags  nDiFrags nMultiFrags
                <character> <numeric>  <numeric> <numeric>   <numeric>
1    X__24t#GCTTCATCACACA..    326431      68751    135514      122166
2    X__24t#ACCCTTAAGATAT..    306736      50546    124038      132152
3    X__24t#TGAATCTTCTCAC..    269943      38496    103555      127892
4    X__24t#CCCAAGCGTAGCT..    226289      39175     87396       99718
5    X__24t#GAAACCGTCTTAA..    172808      26649     67657       78502
...                     ...       ...        ...       ...         ...
9869 X__24t#TAACTACTCCAAA..      1509        700       612         197
9870 X__24t#CACAAGGTCGACA..      1477        758       515         204
9871 X__24t#CAAAGGAAGCCCT..      1409        663       579         167
9872 X__24t#GAGGGTGAGGAAC..      1393        714       519         160
9873 X__24t#CAGTTAAAGAGGA..      1223        635       438         150
     TSSEnrichment ReadsInTSS      Keep ReadsInPromoter PromoterRatio
         <numeric>  <numeric> <numeric>       <numeric>     <numeric>
1            2.092       9736         1           18036     0.0276261
2            1.234       4899         1           13403     0.0218478
3            1.393       5082         1           12847     0.0237958
4            1.660       4909         1           10865     0.0240069
5            1.222       2850         1            7686     0.0222386
...            ...        ...       ...             ...           ...
9869        15.718        762         1             780      0.258449
9870        11.350        854         1             869      0.294177
9871        18.184        955         1             861      0.305536
9872        21.140        790         1             758      0.272075
9873        17.175        850         1             829      0.338921
     ReadsInBlacklist BlacklistRatio
            <numeric>      <numeric>
1                3967     0.00607632
2                3969     0.00646973
3                3709     0.00686997
4                1638     0.00361927
5                2566     0.00742442
...               ...            ...
9869               26     0.00861498
9870               12     0.00406229
9871               14     0.00496806
9872               22     0.00789663
9873               18     0.00735895

2026-08-17 18:52:40.313467 : (X__24t : 1 of 11) Removing Fragments from Filtered Cells, 70.638 mins elapsed.
2026-08-17 18:52:40.316115 : (X__24t : 1 of 11) Creating Filtered Arrow File, 70.638 mins elapsed.

2026-08-17 18:52:45.382451 : (X__24t : 1 of 11) .filterCellsFromArrow Fragments-Chr-(1 of 24)-chr1, Class = GRanges
GRanges object with 14810206 ranges and 1 metadata column:
             seqnames              ranges strand |                     RG
                <Rle>           <IRanges>  <Rle> |                  <Rle>
         [1]     chr1       191531-191814      * | X__24t#GCTTCATCACACA..
         [2]     chr1       770365-770536      * | X__24t#GCTTCATCACACA..
         [3]     chr1       827495-827586      * | X__24t#GCTTCATCACACA..
         [4]     chr1       858426-858788      * | X__24t#GCTTCATCACACA..
         [5]     chr1       859685-859977      * | X__24t#GCTTCATCACACA..
         ...      ...                 ...    ... .                    ...
  [14810202]     chr1 234600219-234600251      * | X__24t#CAGTTAAAGAGGA..
  [14810203]     chr1 234612886-234613111      * | X__24t#CAGTTAAAGAGGA..
  [14810204]     chr1 234724335-234724383      * | X__24t#CAGTTAAAGAGGA..
  [14810205]     chr1 244461316-244461346      * | X__24t#CAGTTAAAGAGGA..
  [14810206]     chr1 244835609-244835680      * | X__24t#CAGTTAAAGAGGA..
  -------
  seqinfo: 1 sequence from an unspecified genome; no seqlengths


2026-08-17 18:52:45.392025 : (X__24t : 1 of 11) .filterCellsFromArrow Barcodes-Chr-(1 of 24)-chr1, Class = data.frame
(X__24t : 1 of 11) .filterCellsFromArrow Barcodes-Chr-(1 of 24)-chr1: nRows = 9873, nCols = 1
                         bc
1 X__24t#GCTTCATCACACAAGC-1
2 X__24t#ACCCTTAAGATATTCC-1
3 X__24t#TGAATCTTCTCACAGC-1
4 X__24t#CCCAAGCGTAGCTGTT-1
5 X__24t#GAAACCGTCTTAAGGA-1
6 X__24t#GAGAGGAGTTAACGGA-1


2026-08-17 18:53:21.045973 : (X__pt24pre : 2 of 11) Computed TSS Scores!, 3.365 mins elapsed.
2026-08-17 18:53:21.057029 : (X__pt24pre : 2 of 11) CellStats : Number of Cells Pass Filter = 19940 , 71.317 mins elapsed.
2026-08-17 18:53:21.060418 : (X__pt24pre : 2 of 11) CellStats : Median Frags = 13040 , 71.317 mins elapsed.
2026-08-17 18:53:21.064005 : (X__pt24pre : 2 of 11) CellStats : Median TSS Enrichment = 1.471 , 71.317 mins elapsed.
2026-08-17 18:53:21.06446 : (X__pt24pre : 2 of 11) Plotting TSS Enrichment Scores, 71.317 mins elapsed.
2026-08-17 18:53:23.729209 : (X__pt24pre : 2 of 11) Adding Metadata to Fragments, 71.361 mins elapsed.
2026-08-17 18:53:25.242453 : (X__pt24pre : 2 of 11) Adding Additional Feature Counts!, 71.387 mins elapsed.
2026-08-17 18:54:00.369233 : (X__24t : 1 of 11) Finished Constructing Filtered Arrow File!, 71.972 mins elapsed.
2026-08-17 18:54:00.465542 : (X__24t : 1 of 11) Adding TileMatrix!, 71.974 mins elapsed.

2026-08-17 18:54:01.670802 : X__24t .addTileMat FeatureDF, Class = DFrame
DataFrame with 5750013 rows and 3 columns
           seqnames       idx     start
        <character> <integer> <numeric>
1              chr1         1         0
2              chr1         2       500
3              chr1         3      1000
4              chr1         4      1500
5              chr1         5      2000
...             ...       ...       ...
5750009       chr22    101633  50816000
5750010       chr22    101634  50816500
5750011       chr22    101635  50817000
5750012       chr22    101636  50817500
5750013       chr22    101637  50818000

2026-08-17 18:54:08.602925 : Adding TileMatrix to X__24t for Chr (1 of 22)!, 0.135 mins elapsed.

2026-08-17 18:54:11.775678 : NTiles_TileMatrix_1_chr1, Class = numeric

NTiles_TileMatrix_1_chr1: length = 1
  chr1 
497913 



2026-08-17 18:54:11.77683 : NCells_TileMatrix_1_chr1, Class = integer

NCells_TileMatrix_1_chr1: length = 1
[1] 9873



2026-08-17 18:54:11.778177 : MinTile_TileMatrix_1_chr1, Class = numeric

MinTile_TileMatrix_1_chr1: length = 1
[1] 21



2026-08-17 18:54:11.799793 : MaxTile_TileMatrix_1_chr1, Class = numeric

MaxTile_TileMatrix_1_chr1: length = 1
[1] 497893



2026-08-17 18:54:11.875544 : MinCell_TileMatrix_1_chr1, Class = integer

MinCell_TileMatrix_1_chr1: length = 1
[1] 1



2026-08-17 18:54:11.876794 : MaxCell_TileMatrix_1_chr1, Class = integer

MaxCell_TileMatrix_1_chr1: length = 1
[1] 9873


2026-08-17 18:54:34.671576 : Adding TileMatrix to X__24t for Chr (2 of 22)!, 0.57 mins elapsed.

2026-08-17 18:54:36.173267 : NTiles_TileMatrix_2_chr2, Class = numeric

NTiles_TileMatrix_2_chr2: length = 1
  chr2 
484388 



2026-08-17 18:54:36.174452 : NCells_TileMatrix_2_chr2, Class = integer

NCells_TileMatrix_2_chr2: length = 1
[1] 9873



2026-08-17 18:54:36.175404 : MinTile_TileMatrix_2_chr2, Class = numeric

MinTile_TileMatrix_2_chr2: length = 1
[1] 21



2026-08-17 18:54:36.196053 : MaxTile_TileMatrix_2_chr2, Class = numeric

MaxTile_TileMatrix_2_chr2: length = 1
[1] 484367



2026-08-17 18:54:36.43747 : MinCell_TileMatrix_2_chr2, Class = integer

MinCell_TileMatrix_2_chr2: length = 1
[1] 1



2026-08-17 18:54:36.438507 : MaxCell_TileMatrix_2_chr2, Class = integer

MaxCell_TileMatrix_2_chr2: length = 1
[1] 9873


2026-08-17 18:54:52.90227 : Adding TileMatrix to X__24t for Chr (3 of 22)!, 0.874 mins elapsed.

2026-08-17 18:54:54.104367 : NTiles_TileMatrix_3_chr3, Class = numeric

NTiles_TileMatrix_3_chr3: length = 1
  chr3 
396592 



2026-08-17 18:54:54.105559 : NCells_TileMatrix_3_chr3, Class = integer

NCells_TileMatrix_3_chr3: length = 1
[1] 9873



2026-08-17 18:54:54.106503 : MinTile_TileMatrix_3_chr3, Class = numeric

MinTile_TileMatrix_3_chr3: length = 1
[1] 21



2026-08-17 18:54:54.12376 : MaxTile_TileMatrix_3_chr3, Class = numeric

MaxTile_TileMatrix_3_chr3: length = 1
[1] 396441



2026-08-17 18:54:54.192462 : MinCell_TileMatrix_3_chr3, Class = integer

MinCell_TileMatrix_3_chr3: length = 1
[1] 1



2026-08-17 18:54:54.19354 : MaxCell_TileMatrix_3_chr3, Class = integer

MaxCell_TileMatrix_3_chr3: length = 1
[1] 9873


2026-08-17 18:55:09.687438 : Adding TileMatrix to X__24t for Chr (4 of 22)!, 1.153 mins elapsed.

2026-08-17 18:55:10.77457 : NTiles_TileMatrix_4_chr4, Class = numeric

NTiles_TileMatrix_4_chr4: length = 1
  chr4 
380430 



2026-08-17 18:55:10.775738 : NCells_TileMatrix_4_chr4, Class = integer

NCells_TileMatrix_4_chr4: length = 1
[1] 9873



2026-08-17 18:55:10.776668 : MinTile_TileMatrix_4_chr4, Class = numeric

MinTile_TileMatrix_4_chr4: length = 1
[1] 21



2026-08-17 18:55:10.79251 : MaxTile_TileMatrix_4_chr4, Class = numeric

MaxTile_TileMatrix_4_chr4: length = 1
[1] 380410



2026-08-17 18:55:10.847558 : MinCell_TileMatrix_4_chr4, Class = integer

MinCell_TileMatrix_4_chr4: length = 1
[1] 1



2026-08-17 18:55:10.848564 : MaxCell_TileMatrix_4_chr4, Class = integer

MaxCell_TileMatrix_4_chr4: length = 1
[1] 9873


2026-08-17 18:55:23.948159 : Adding TileMatrix to X__24t for Chr (5 of 22)!, 1.391 mins elapsed.

2026-08-17 18:55:25.053869 : NTiles_TileMatrix_5_chr5, Class = numeric

NTiles_TileMatrix_5_chr5: length = 1
  chr5 
363077 



2026-08-17 18:55:25.055017 : NCells_TileMatrix_5_chr5, Class = integer

NCells_TileMatrix_5_chr5: length = 1
[1] 9873



2026-08-17 18:55:25.055935 : MinTile_TileMatrix_5_chr5, Class = numeric

MinTile_TileMatrix_5_chr5: length = 1
[1] 21



2026-08-17 18:55:25.072299 : MaxTile_TileMatrix_5_chr5, Class = numeric

MaxTile_TileMatrix_5_chr5: length = 1
[1] 362957



2026-08-17 18:55:25.134631 : MinCell_TileMatrix_5_chr5, Class = integer

MinCell_TileMatrix_5_chr5: length = 1
[1] 1



2026-08-17 18:55:25.135638 : MaxCell_TileMatrix_5_chr5, Class = integer

MaxCell_TileMatrix_5_chr5: length = 1
[1] 9873


2026-08-17 18:55:38.292131 : Adding TileMatrix to X__24t for Chr (6 of 22)!, 1.63 mins elapsed.

2026-08-17 18:55:39.499529 : NTiles_TileMatrix_6_chr6, Class = numeric

NTiles_TileMatrix_6_chr6: length = 1
  chr6 
341612 



2026-08-17 18:55:39.500679 : NCells_TileMatrix_6_chr6, Class = integer

NCells_TileMatrix_6_chr6: length = 1
[1] 9873



2026-08-17 18:55:39.501587 : MinTile_TileMatrix_6_chr6, Class = numeric

MinTile_TileMatrix_6_chr6: length = 1
[1] 127



2026-08-17 18:55:39.517476 : MaxTile_TileMatrix_6_chr6, Class = numeric

MaxTile_TileMatrix_6_chr6: length = 1
[1] 341484



2026-08-17 18:55:39.572774 : MinCell_TileMatrix_6_chr6, Class = integer

MinCell_TileMatrix_6_chr6: length = 1
[1] 1



2026-08-17 18:55:39.573768 : MaxCell_TileMatrix_6_chr6, Class = integer

MaxCell_TileMatrix_6_chr6: length = 1
[1] 9873


2026-08-17 18:55:52.395292 : Adding TileMatrix to X__24t for Chr (7 of 22)!, 1.865 mins elapsed.

2026-08-17 18:55:53.454737 : NTiles_TileMatrix_7_chr7, Class = numeric

NTiles_TileMatrix_7_chr7: length = 1
  chr7 
318692 



2026-08-17 18:55:53.456063 : NCells_TileMatrix_7_chr7, Class = integer

NCells_TileMatrix_7_chr7: length = 1
[1] 9873



2026-08-17 18:55:53.457011 : MinTile_TileMatrix_7_chr7, Class = numeric

MinTile_TileMatrix_7_chr7: length = 1
[1] 21



2026-08-17 18:55:53.47134 : MaxTile_TileMatrix_7_chr7, Class = numeric

MaxTile_TileMatrix_7_chr7: length = 1
[1] 318672



2026-08-17 18:55:53.521462 : MinCell_TileMatrix_7_chr7, Class = integer

MinCell_TileMatrix_7_chr7: length = 1
[1] 1



2026-08-17 18:55:53.52248 : MaxCell_TileMatrix_7_chr7, Class = integer

MaxCell_TileMatrix_7_chr7: length = 1
[1] 9873


2026-08-17 18:56:05.958141 : Adding TileMatrix to X__24t for Chr (8 of 22)!, 2.091 mins elapsed.

2026-08-17 18:56:07.098814 : NTiles_TileMatrix_8_chr8, Class = numeric

NTiles_TileMatrix_8_chr8: length = 1
  chr8 
290278 



2026-08-17 18:56:07.099989 : NCells_TileMatrix_8_chr8, Class = integer

NCells_TileMatrix_8_chr8: length = 1
[1] 9873



2026-08-17 18:56:07.100932 : MinTile_TileMatrix_8_chr8, Class = numeric

MinTile_TileMatrix_8_chr8: length = 1
[1] 124



2026-08-17 18:56:07.114592 : MaxTile_TileMatrix_8_chr8, Class = numeric

MaxTile_TileMatrix_8_chr8: length = 1
[1] 290158



2026-08-17 18:56:07.163393 : MinCell_TileMatrix_8_chr8, Class = integer

MinCell_TileMatrix_8_chr8: length = 1
[1] 1



2026-08-17 18:56:07.164423 : MaxCell_TileMatrix_8_chr8, Class = integer

MaxCell_TileMatrix_8_chr8: length = 1
[1] 9873


2026-08-17 18:56:19.141577 : Adding TileMatrix to X__24t for Chr (9 of 22)!, 2.311 mins elapsed.

2026-08-17 18:56:19.966797 : NTiles_TileMatrix_9_chr9, Class = numeric

NTiles_TileMatrix_9_chr9: length = 1
  chr9 
276790 



2026-08-17 18:56:19.967942 : NCells_TileMatrix_9_chr9, Class = integer

NCells_TileMatrix_9_chr9: length = 1
[1] 9873



2026-08-17 18:56:19.968906 : MinTile_TileMatrix_9_chr9, Class = numeric

MinTile_TileMatrix_9_chr9: length = 1
[1] 21



2026-08-17 18:56:19.980292 : MaxTile_TileMatrix_9_chr9, Class = numeric

MaxTile_TileMatrix_9_chr9: length = 1
[1] 276620



2026-08-17 18:56:20.018378 : MinCell_TileMatrix_9_chr9, Class = integer

MinCell_TileMatrix_9_chr9: length = 1
[1] 1



2026-08-17 18:56:20.019371 : MaxCell_TileMatrix_9_chr9, Class = integer

MaxCell_TileMatrix_9_chr9: length = 1
[1] 9873


2026-08-17 18:56:29.605957 : Adding TileMatrix to X__24t for Chr (10 of 22)!, 2.485 mins elapsed.

2026-08-17 18:56:30.558741 : NTiles_TileMatrix_10_chr10, Class = numeric

NTiles_TileMatrix_10_chr10: length = 1
 chr10 
267595 



2026-08-17 18:56:30.55989 : NCells_TileMatrix_10_chr10, Class = integer

NCells_TileMatrix_10_chr10: length = 1
[1] 9873



2026-08-17 18:56:30.560819 : MinTile_TileMatrix_10_chr10, Class = numeric

MinTile_TileMatrix_10_chr10: length = 1
[1] 21



2026-08-17 18:56:30.573304 : MaxTile_TileMatrix_10_chr10, Class = numeric

MaxTile_TileMatrix_10_chr10: length = 1
[1] 267575



2026-08-17 18:56:30.61673 : MinCell_TileMatrix_10_chr10, Class = integer

MinCell_TileMatrix_10_chr10: length = 1
[1] 1



2026-08-17 18:56:30.617722 : MaxCell_TileMatrix_10_chr10, Class = integer

MaxCell_TileMatrix_10_chr10: length = 1
[1] 9873


2026-08-17 18:56:33.894205 : (X__pt24pre : 2 of 11) Finished Adding Additional Feature Counts!, 74.531 mins elapsed.

2026-08-17 18:56:33.894784 : (X__pt24pre : 2 of 11) Metadata, Class = DFrame
DataFrame with 20082 rows and 12 columns
                   cellNames    nFrags nMonoFrags  nDiFrags nMultiFrags
                 <character> <numeric>  <numeric> <numeric>   <numeric>
1     X__pt24pre#TTCGATTAG..     67742      12314     50800        4628
2     X__pt24pre#TCAAAGCGT..     66380      20734     40818        4828
3     X__pt24pre#TACATGGCA..     61758      19696     36953        5109
4     X__pt24pre#CGCAATATC..     56539      26591     26085        3863
5     X__pt24pre#ATAGTCGGT..     52911      12953     36341        3617
...                      ...       ...        ...       ...         ...
20078 X__pt24pre#TAACAGCAG..      3398       1358      1808         232
20079 X__pt24pre#TTTGAGGTC..      3066       1566      1382         118
20080 X__pt24pre#TCACAGATC..      3015       1216      1535         264
20081 X__pt24pre#TTTGGTTTC..      2958       1014      1643         301
20082 X__pt24pre#CACATGAGT..      1767        727       874         166
      TSSEnrichment ReadsInTSS      Keep ReadsInPromoter PromoterRatio
          <numeric>  <numeric> <numeric>       <numeric>     <numeric>
1             1.762       2248         1            4732     0.0349266
2             1.383       1574         1            3708     0.0279301
3             1.894       2156         1            4199     0.0339956
4             1.352       1404         1            3510     0.0310405
5             1.303       1175         1            2798     0.0264406
...             ...        ...       ...             ...           ...
20078         6.137        657         1             710      0.104473
20079        15.408       1136         1            1013      0.165199
20080         9.950       1005         1             928      0.153897
20081        12.813        770         1             787      0.133029
20082        11.753        736         1             675      0.191002
      ReadsInBlacklist BlacklistRatio
             <numeric>      <numeric>
1                  559     0.00412595
2                  800     0.00602591
3                  682     0.00552155
4                  774     0.00684483
5                  659     0.00622744
...                ...            ...
20078               46     0.00676869
20079               42     0.00684932
20080               42     0.00696517
20081               46     0.00777552
20082               29     0.00820600

2026-08-17 18:56:34.214671 : (X__pt24pre : 2 of 11) Removing Fragments from Filtered Cells, 74.536 mins elapsed.
2026-08-17 18:56:34.218776 : (X__pt24pre : 2 of 11) Creating Filtered Arrow File, 74.536 mins elapsed.
2026-08-17 18:56:41.197872 : Adding TileMatrix to X__24t for Chr (11 of 22)!, 2.679 mins elapsed.

2026-08-17 18:56:42.240598 : NTiles_TileMatrix_11_chr11, Class = numeric

NTiles_TileMatrix_11_chr11: length = 1
 chr11 
270174 



2026-08-17 18:56:42.241745 : NCells_TileMatrix_11_chr11, Class = integer

NCells_TileMatrix_11_chr11: length = 1
[1] 9873



2026-08-17 18:56:42.242661 : MinTile_TileMatrix_11_chr11, Class = numeric

MinTile_TileMatrix_11_chr11: length = 1
[1] 227



2026-08-17 18:56:42.255632 : MaxTile_TileMatrix_11_chr11, Class = numeric

MaxTile_TileMatrix_11_chr11: length = 1
[1] 270154



2026-08-17 18:56:42.307451 : MinCell_TileMatrix_11_chr11, Class = integer

MinCell_TileMatrix_11_chr11: length = 1
[1] 1



2026-08-17 18:56:42.30844 : MaxCell_TileMatrix_11_chr11, Class = integer

MaxCell_TileMatrix_11_chr11: length = 1
[1] 9873



2026-08-17 18:56:45.715087 : (X__pt24pre : 2 of 11) .filterCellsFromArrow Fragments-Chr-(1 of 24)-chr1, Class = GRanges
GRanges object with 24016750 ranges and 1 metadata column:
             seqnames              ranges strand |                     RG
                <Rle>           <IRanges>  <Rle> |                  <Rle>
         [1]     chr1       115571-115753      * | X__pt24pre#TTCGATTAG..
         [2]     chr1       823248-823434      * | X__pt24pre#TTCGATTAG..
         [3]     chr1       855630-855790      * | X__pt24pre#TTCGATTAG..
         [4]     chr1       913922-914108      * | X__pt24pre#TTCGATTAG..
         [5]     chr1       914024-914109      * | X__pt24pre#TTCGATTAG..
         ...      ...                 ...    ... .                    ...
  [24016746]     chr1 239142982-239143189      * | X__pt24pre#CACATGAGT..
  [24016747]     chr1 243596405-243596531      * | X__pt24pre#CACATGAGT..
  [24016748]     chr1 246566008-246566268      * | X__pt24pre#CACATGAGT..
  [24016749]     chr1 246639188-246639348      * | X__pt24pre#CACATGAGT..
  [24016750]     chr1 247203705-247203846      * | X__pt24pre#CACATGAGT..
  -------
  seqinfo: 1 sequence from an unspecified genome; no seqlengths


2026-08-17 18:56:45.72547 : (X__pt24pre : 2 of 11) .filterCellsFromArrow Barcodes-Chr-(1 of 24)-chr1, Class = data.frame
(X__pt24pre : 2 of 11) .filterCellsFromArrow Barcodes-Chr-(1 of 24)-chr1: nRows = 19940, nCols = 1
                             bc
1 X__pt24pre#TTCGATTAGACCCATT-1
2 X__pt24pre#TCAAAGCGTGCAAGAC-1
3 X__pt24pre#TACATGGCAATGGCAG-1
4 X__pt24pre#CGCAATATCGGTACTA-1
5 X__pt24pre#ATAGTCGGTGGTGGTA-1
6 X__pt24pre#CCTAAAGCAACTCAAC-1


2026-08-17 18:56:53.475341 : Adding TileMatrix to X__24t for Chr (12 of 22)!, 2.883 mins elapsed.

2026-08-17 18:56:54.442437 : NTiles_TileMatrix_12_chr12, Class = numeric

NTiles_TileMatrix_12_chr12: length = 1
 chr12 
266551 



2026-08-17 18:56:54.443592 : NCells_TileMatrix_12_chr12, Class = integer

NCells_TileMatrix_12_chr12: length = 1
[1] 9873



2026-08-17 18:56:54.444532 : MinTile_TileMatrix_12_chr12, Class = numeric

MinTile_TileMatrix_12_chr12: length = 1
[1] 21



2026-08-17 18:56:54.457416 : MaxTile_TileMatrix_12_chr12, Class = numeric

MaxTile_TileMatrix_12_chr12: length = 1
[1] 266530



2026-08-17 18:56:54.50193 : MinCell_TileMatrix_12_chr12, Class = integer

MinCell_TileMatrix_12_chr12: length = 1
[1] 1



2026-08-17 18:56:54.502915 : MaxCell_TileMatrix_12_chr12, Class = integer

MaxCell_TileMatrix_12_chr12: length = 1
[1] 9873


2026-08-17 18:57:05.289647 : Adding TileMatrix to X__24t for Chr (13 of 22)!, 3.08 mins elapsed.

2026-08-17 18:57:06.544287 : NTiles_TileMatrix_13_chr13, Class = numeric

NTiles_TileMatrix_13_chr13: length = 1
 chr13 
228729 



2026-08-17 18:57:06.545444 : NCells_TileMatrix_13_chr13, Class = integer

NCells_TileMatrix_13_chr13: length = 1
[1] 9873



2026-08-17 18:57:06.546376 : MinTile_TileMatrix_13_chr13, Class = numeric

MinTile_TileMatrix_13_chr13: length = 1
[1] 32471



2026-08-17 18:57:06.554712 : MaxTile_TileMatrix_13_chr13, Class = numeric

MaxTile_TileMatrix_13_chr13: length = 1
[1] 228709



2026-08-17 18:57:06.584499 : MinCell_TileMatrix_13_chr13, Class = integer

MinCell_TileMatrix_13_chr13: length = 1
[1] 1



2026-08-17 18:57:06.585485 : MaxCell_TileMatrix_13_chr13, Class = integer

MaxCell_TileMatrix_13_chr13: length = 1
[1] 9873


2026-08-17 18:57:14.906344 : Adding TileMatrix to X__24t for Chr (14 of 22)!, 3.24 mins elapsed.

2026-08-17 18:57:15.994282 : NTiles_TileMatrix_14_chr14, Class = numeric

NTiles_TileMatrix_14_chr14: length = 1
 chr14 
214088 



2026-08-17 18:57:15.995462 : NCells_TileMatrix_14_chr14, Class = integer

NCells_TileMatrix_14_chr14: length = 1
[1] 9873



2026-08-17 18:57:15.996414 : MinTile_TileMatrix_14_chr14, Class = numeric

MinTile_TileMatrix_14_chr14: length = 1
[1] 32046



2026-08-17 18:57:16.004613 : MaxTile_TileMatrix_14_chr14, Class = numeric

MaxTile_TileMatrix_14_chr14: length = 1
[1] 213768



2026-08-17 18:57:16.033028 : MinCell_TileMatrix_14_chr14, Class = integer

MinCell_TileMatrix_14_chr14: length = 1
[1] 1



2026-08-17 18:57:16.034031 : MaxCell_TileMatrix_14_chr14, Class = integer

MaxCell_TileMatrix_14_chr14: length = 1
[1] 9873


2026-08-17 18:57:24.114369 : Adding TileMatrix to X__24t for Chr (15 of 22)!, 3.394 mins elapsed.

2026-08-17 18:57:24.840439 : NTiles_TileMatrix_15_chr15, Class = numeric

NTiles_TileMatrix_15_chr15: length = 1
 chr15 
203983 



2026-08-17 18:57:24.841574 : NCells_TileMatrix_15_chr15, Class = integer

NCells_TileMatrix_15_chr15: length = 1
[1] 9873



2026-08-17 18:57:24.842509 : MinTile_TileMatrix_15_chr15, Class = numeric

MinTile_TileMatrix_15_chr15: length = 1
[1] 34007



2026-08-17 18:57:24.850327 : MaxTile_TileMatrix_15_chr15, Class = numeric

MaxTile_TileMatrix_15_chr15: length = 1
[1] 203963



2026-08-17 18:57:24.877001 : MinCell_TileMatrix_15_chr15, Class = integer

MinCell_TileMatrix_15_chr15: length = 1
[1] 1



2026-08-17 18:57:24.877988 : MaxCell_TileMatrix_15_chr15, Class = integer

MaxCell_TileMatrix_15_chr15: length = 1
[1] 9873


2026-08-17 18:57:32.576682 : Adding TileMatrix to X__24t for Chr (16 of 22)!, 3.535 mins elapsed.

2026-08-17 18:57:33.295111 : NTiles_TileMatrix_16_chr16, Class = numeric

NTiles_TileMatrix_16_chr16: length = 1
 chr16 
180677 



2026-08-17 18:57:33.296267 : NCells_TileMatrix_16_chr16, Class = integer

NCells_TileMatrix_16_chr16: length = 1
[1] 9873



2026-08-17 18:57:33.297204 : MinTile_TileMatrix_16_chr16, Class = numeric

MinTile_TileMatrix_16_chr16: length = 1
[1] 21



2026-08-17 18:57:33.305072 : MaxTile_TileMatrix_16_chr16, Class = numeric

MaxTile_TileMatrix_16_chr16: length = 1
[1] 180450



2026-08-17 18:57:33.335006 : MinCell_TileMatrix_16_chr16, Class = integer

MinCell_TileMatrix_16_chr16: length = 1
[1] 1



2026-08-17 18:57:33.335999 : MaxCell_TileMatrix_16_chr16, Class = integer

MaxCell_TileMatrix_16_chr16: length = 1
[1] 9873


2026-08-17 18:57:41.182051 : Adding TileMatrix to X__24t for Chr (17 of 22)!, 3.678 mins elapsed.

2026-08-17 18:57:41.844729 : NTiles_TileMatrix_17_chr17, Class = numeric

NTiles_TileMatrix_17_chr17: length = 1
 chr17 
166515 



2026-08-17 18:57:41.845892 : NCells_TileMatrix_17_chr17, Class = integer

NCells_TileMatrix_17_chr17: length = 1
[1] 9873



2026-08-17 18:57:41.846826 : MinTile_TileMatrix_17_chr17, Class = numeric

MinTile_TileMatrix_17_chr17: length = 1
[1] 145



2026-08-17 18:57:41.855627 : MaxTile_TileMatrix_17_chr17, Class = numeric

MaxTile_TileMatrix_17_chr17: length = 1
[1] 166495



2026-08-17 18:57:41.886068 : MinCell_TileMatrix_17_chr17, Class = integer

MinCell_TileMatrix_17_chr17: length = 1
[1] 1



2026-08-17 18:57:41.887076 : MaxCell_TileMatrix_17_chr17, Class = integer

MaxCell_TileMatrix_17_chr17: length = 1
[1] 9873


2026-08-17 18:57:50.190883 : Adding TileMatrix to X__24t for Chr (18 of 22)!, 3.828 mins elapsed.

2026-08-17 18:57:50.702086 : NTiles_TileMatrix_18_chr18, Class = numeric

NTiles_TileMatrix_18_chr18: length = 1
 chr18 
160747 



2026-08-17 18:57:50.703242 : NCells_TileMatrix_18_chr18, Class = integer

NCells_TileMatrix_18_chr18: length = 1
[1] 9873



2026-08-17 18:57:50.70418 : MinTile_TileMatrix_18_chr18, Class = numeric

MinTile_TileMatrix_18_chr18: length = 1
[1] 21



2026-08-17 18:57:50.71147 : MaxTile_TileMatrix_18_chr18, Class = numeric

MaxTile_TileMatrix_18_chr18: length = 1
[1] 160527



2026-08-17 18:57:50.734628 : MinCell_TileMatrix_18_chr18, Class = integer

MinCell_TileMatrix_18_chr18: length = 1
[1] 1



2026-08-17 18:57:50.735617 : MaxCell_TileMatrix_18_chr18, Class = integer

MaxCell_TileMatrix_18_chr18: length = 1
[1] 9873


2026-08-17 18:57:57.755596 : Adding TileMatrix to X__24t for Chr (19 of 22)!, 3.955 mins elapsed.

2026-08-17 18:57:58.536264 : NTiles_TileMatrix_19_chr19, Class = numeric

NTiles_TileMatrix_19_chr19: length = 1
 chr19 
117236 



2026-08-17 18:57:58.53741 : NCells_TileMatrix_19_chr19, Class = integer

NCells_TileMatrix_19_chr19: length = 1
[1] 9873



2026-08-17 18:57:58.538342 : MinTile_TileMatrix_19_chr19, Class = numeric

MinTile_TileMatrix_19_chr19: length = 1
[1] 164



2026-08-17 18:57:58.545539 : MaxTile_TileMatrix_19_chr19, Class = numeric

MaxTile_TileMatrix_19_chr19: length = 1
[1] 117216



2026-08-17 18:57:58.5695 : MinCell_TileMatrix_19_chr19, Class = integer

MinCell_TileMatrix_19_chr19: length = 1
[1] 1



2026-08-17 18:57:58.57049 : MaxCell_TileMatrix_19_chr19, Class = integer

MaxCell_TileMatrix_19_chr19: length = 1
[1] 9873


2026-08-17 18:58:05.94226 : Adding TileMatrix to X__24t for Chr (20 of 22)!, 4.091 mins elapsed.

2026-08-17 18:58:06.487086 : NTiles_TileMatrix_20_chr20, Class = numeric

NTiles_TileMatrix_20_chr20: length = 1
 chr20 
128889 



2026-08-17 18:58:06.488238 : NCells_TileMatrix_20_chr20, Class = integer

NCells_TileMatrix_20_chr20: length = 1
[1] 9873



2026-08-17 18:58:06.489171 : MinTile_TileMatrix_20_chr20, Class = numeric

MinTile_TileMatrix_20_chr20: length = 1
[1] 121



2026-08-17 18:58:06.495987 : MaxTile_TileMatrix_20_chr20, Class = numeric

MaxTile_TileMatrix_20_chr20: length = 1
[1] 128669



2026-08-17 18:58:06.518021 : MinCell_TileMatrix_20_chr20, Class = integer

MinCell_TileMatrix_20_chr20: length = 1
[1] 1



2026-08-17 18:58:06.519014 : MaxCell_TileMatrix_20_chr20, Class = integer

MaxCell_TileMatrix_20_chr20: length = 1
[1] 9873


2026-08-17 18:58:13.713268 : Adding TileMatrix to X__24t for Chr (21 of 22)!, 4.221 mins elapsed.

2026-08-17 18:58:14.433479 : NTiles_TileMatrix_21_chr21, Class = numeric

NTiles_TileMatrix_21_chr21: length = 1
chr21 
93420 



2026-08-17 18:58:14.434602 : NCells_TileMatrix_21_chr21, Class = integer

NCells_TileMatrix_21_chr21: length = 1
[1] 9873



2026-08-17 18:58:14.435526 : MinTile_TileMatrix_21_chr21, Class = numeric

MinTile_TileMatrix_21_chr21: length = 1
[1] 10067



2026-08-17 18:58:14.439306 : MaxTile_TileMatrix_21_chr21, Class = numeric

MaxTile_TileMatrix_21_chr21: length = 1
[1] 93393



2026-08-17 18:58:14.450889 : MinCell_TileMatrix_21_chr21, Class = integer

MinCell_TileMatrix_21_chr21: length = 1
[1] 1



2026-08-17 18:58:14.451857 : MaxCell_TileMatrix_21_chr21, Class = integer

MaxCell_TileMatrix_21_chr21: length = 1
[1] 9873


2026-08-17 18:58:19.66581 : Adding TileMatrix to X__24t for Chr (22 of 22)!, 4.32 mins elapsed.

2026-08-17 18:58:20.170086 : NTiles_TileMatrix_22_chr22, Class = numeric

NTiles_TileMatrix_22_chr22: length = 1
 chr22 
101637 



2026-08-17 18:58:20.17124 : NCells_TileMatrix_22_chr22, Class = integer

NCells_TileMatrix_22_chr22: length = 1
[1] 9873



2026-08-17 18:58:20.172176 : MinTile_TileMatrix_22_chr22, Class = numeric

MinTile_TileMatrix_22_chr22: length = 1
[1] 21033



2026-08-17 18:58:20.176591 : MaxTile_TileMatrix_22_chr22, Class = numeric

MaxTile_TileMatrix_22_chr22: length = 1
[1] 101617



2026-08-17 18:58:20.189858 : MinCell_TileMatrix_22_chr22, Class = integer

MinCell_TileMatrix_22_chr22: length = 1
[1] 1



2026-08-17 18:58:20.190864 : MaxCell_TileMatrix_22_chr22, Class = integer

MaxCell_TileMatrix_22_chr22: length = 1
[1] 9873


2026-08-17 18:58:26.902807 : (X__24t : 1 of 11) Finished Adding TileMatrix!, 76.414 mins elapsed.
2026-08-17 18:58:26.9041 : (X__24t : 1 of 11) Adding GeneScoreMatrix!, 76.414 mins elapsed.


2026-08-17 18:58:27.065997 : X__24t .addGeneScoreMat geneRegions, Class = GRanges
GRanges object with 31344 ranges and 5 metadata columns:
          seqnames            ranges strand |     gene_id       symbol
             <Rle>         <IRanges>  <Rle> | <character>  <character>
      [1]     chr1        6869-14409      + |   100287102      DDX11L1
      [2]     chr1       14404-34570      - |      653635       WASH7P
      [3]     chr1       17369-22436      - |   102466751    MIR6859-1
      [4]     chr1       24554-31109      + |   107985730  MIR1302-2HG
      [5]     chr1       25366-30503      + |   100302278    MIR1302-2
      ...      ...               ...    ... .         ...          ...
  [31340]    chr22 50667714-50733212      + |       85358       SHANK3
  [31341]    chr22 50733196-50745339      + |          49          ACR
  [31342]    chr22 50735825-50743139      - |   105373100 LOC105373100
  [31343]    chr22 50751948-50801309      + |      284942    RPL23AP82
  [31344]    chr22 50767501-50788667      - |       11158       RABL2B
          geneStart   geneEnd geneWeight
          <integer> <integer>  <numeric>
      [1]     11869     14409    3.67937
      [2]     29570     14404    2.00189
      [3]     17436     17369    4.98680
      [4]     29554     31109    4.08192
      [5]     30366     30503    4.93248
      ...       ...       ...        ...
  [31340]  50672714  50733212    1.30848
  [31341]  50738196  50745339    2.66379
  [31342]  50738139  50735825    3.76215
  [31343]  50756948  50801309    1.40932
  [31344]  50783667  50767501    1.95456
  -------
  seqinfo: 22 sequences from hg38 genome

2026-08-17 18:58:27.205292 : Creating Temp GeneScoreMatrix for X__24t, Chr (1 of 22)!, 0 mins elapsed.
2026-08-17 18:58:43.975518 : Creating Temp GeneScoreMatrix for X__24t, Chr (2 of 22)!, 0.28 mins elapsed.
2026-08-17 18:59:01.246777 : Creating Temp GeneScoreMatrix for X__24t, Chr (3 of 22)!, 0.567 mins elapsed.
2026-08-17 18:59:02.661924 : (X__pt24pre : 2 of 11) Finished Constructing Filtered Arrow File!, 77.01 mins elapsed.
2026-08-17 18:59:02.791934 : (X__pt24pre : 2 of 11) Adding TileMatrix!, 77.012 mins elapsed.

2026-08-17 18:59:04.092654 : X__pt24pre .addTileMat FeatureDF, Class = DFrame
DataFrame with 5750013 rows and 3 columns
           seqnames       idx     start
        <character> <integer> <numeric>
1              chr1         1         0
2              chr1         2       500
3              chr1         3      1000
4              chr1         4      1500
5              chr1         5      2000
...             ...       ...       ...
5750009       chr22    101633  50816000
5750010       chr22    101634  50816500
5750011       chr22    101635  50817000
5750012       chr22    101636  50817500
5750013       chr22    101637  50818000

2026-08-17 18:59:11.496962 : Adding TileMatrix to X__pt24pre for Chr (1 of 22)!, 0.145 mins elapsed.
2026-08-17 18:59:15.116067 : Creating Temp GeneScoreMatrix for X__24t, Chr (4 of 22)!, 0.799 mins elapsed.

2026-08-17 18:59:17.94173 : NTiles_TileMatrix_1_chr1, Class = numeric

NTiles_TileMatrix_1_chr1: length = 1
  chr1 
497913 



2026-08-17 18:59:17.943041 : NCells_TileMatrix_1_chr1, Class = integer

NCells_TileMatrix_1_chr1: length = 1
[1] 19940



2026-08-17 18:59:17.944506 : MinTile_TileMatrix_1_chr1, Class = numeric

MinTile_TileMatrix_1_chr1: length = 1
[1] 21



2026-08-17 18:59:17.981524 : MaxTile_TileMatrix_1_chr1, Class = numeric

MaxTile_TileMatrix_1_chr1: length = 1
[1] 497893



2026-08-17 18:59:18.124471 : MinCell_TileMatrix_1_chr1, Class = integer

MinCell_TileMatrix_1_chr1: length = 1
[1] 1



2026-08-17 18:59:18.125989 : MaxCell_TileMatrix_1_chr1, Class = integer

MaxCell_TileMatrix_1_chr1: length = 1
[1] 19940


2026-08-17 18:59:27.57526 : Creating Temp GeneScoreMatrix for X__24t, Chr (5 of 22)!, 1.006 mins elapsed.
2026-08-17 18:59:39.929142 : Creating Temp GeneScoreMatrix for X__24t, Chr (6 of 22)!, 1.212 mins elapsed.
2026-08-17 18:59:47.90354 : Adding TileMatrix to X__pt24pre for Chr (2 of 22)!, 0.752 mins elapsed.

2026-08-17 18:59:50.823874 : NTiles_TileMatrix_2_chr2, Class = numeric

NTiles_TileMatrix_2_chr2: length = 1
  chr2 
484388 



2026-08-17 18:59:50.825205 : NCells_TileMatrix_2_chr2, Class = integer

NCells_TileMatrix_2_chr2: length = 1
[1] 19940



2026-08-17 18:59:50.826178 : MinTile_TileMatrix_2_chr2, Class = numeric

MinTile_TileMatrix_2_chr2: length = 1
[1] 21



2026-08-17 18:59:50.862645 : MaxTile_TileMatrix_2_chr2, Class = numeric

MaxTile_TileMatrix_2_chr2: length = 1
[1] 484367



2026-08-17 18:59:50.991167 : MinCell_TileMatrix_2_chr2, Class = integer

MinCell_TileMatrix_2_chr2: length = 1
[1] 1



2026-08-17 18:59:50.99229 : MaxCell_TileMatrix_2_chr2, Class = integer

MaxCell_TileMatrix_2_chr2: length = 1
[1] 19940


2026-08-17 18:59:52.031683 : Creating Temp GeneScoreMatrix for X__24t, Chr (7 of 22)!, 1.414 mins elapsed.
2026-08-17 19:00:03.966695 : Creating Temp GeneScoreMatrix for X__24t, Chr (8 of 22)!, 1.613 mins elapsed.
2026-08-17 19:00:15.40085 : Creating Temp GeneScoreMatrix for X__24t, Chr (9 of 22)!, 1.803 mins elapsed.
2026-08-17 19:00:17.053017 : Adding TileMatrix to X__pt24pre for Chr (3 of 22)!, 1.237 mins elapsed.

2026-08-17 19:00:19.173573 : NTiles_TileMatrix_3_chr3, Class = numeric

NTiles_TileMatrix_3_chr3: length = 1
  chr3 
396592 



2026-08-17 19:00:19.174875 : NCells_TileMatrix_3_chr3, Class = integer

NCells_TileMatrix_3_chr3: length = 1
[1] 19940



2026-08-17 19:00:19.175829 : MinTile_TileMatrix_3_chr3, Class = numeric

MinTile_TileMatrix_3_chr3: length = 1
[1] 21



2026-08-17 19:00:19.206926 : MaxTile_TileMatrix_3_chr3, Class = numeric

MaxTile_TileMatrix_3_chr3: length = 1
[1] 396466



2026-08-17 19:00:19.502975 : MinCell_TileMatrix_3_chr3, Class = integer

MinCell_TileMatrix_3_chr3: length = 1
[1] 1



2026-08-17 19:00:19.504146 : MaxCell_TileMatrix_3_chr3, Class = integer

MaxCell_TileMatrix_3_chr3: length = 1
[1] 19940


2026-08-17 19:00:24.216101 : Creating Temp GeneScoreMatrix for X__24t, Chr (10 of 22)!, 1.95 mins elapsed.
2026-08-17 19:00:33.852721 : Creating Temp GeneScoreMatrix for X__24t, Chr (11 of 22)!, 2.111 mins elapsed.
2026-08-17 19:00:41.469497 : Adding TileMatrix to X__pt24pre for Chr (4 of 22)!, 1.644 mins elapsed.

2026-08-17 19:00:43.230224 : NTiles_TileMatrix_4_chr4, Class = numeric

NTiles_TileMatrix_4_chr4: length = 1
  chr4 
380430 



2026-08-17 19:00:43.231601 : NCells_TileMatrix_4_chr4, Class = integer

NCells_TileMatrix_4_chr4: length = 1
[1] 19940



2026-08-17 19:00:43.232576 : MinTile_TileMatrix_4_chr4, Class = numeric

MinTile_TileMatrix_4_chr4: length = 1
[1] 21



2026-08-17 19:00:43.258623 : MaxTile_TileMatrix_4_chr4, Class = numeric

MaxTile_TileMatrix_4_chr4: length = 1
[1] 380408



2026-08-17 19:00:43.356103 : MinCell_TileMatrix_4_chr4, Class = integer

MinCell_TileMatrix_4_chr4: length = 1
[1] 1



2026-08-17 19:00:43.357298 : MaxCell_TileMatrix_4_chr4, Class = integer

MaxCell_TileMatrix_4_chr4: length = 1
[1] 19940


2026-08-17 19:00:45.409599 : Creating Temp GeneScoreMatrix for X__24t, Chr (12 of 22)!, 2.303 mins elapsed.
2026-08-17 19:00:56.8064 : Creating Temp GeneScoreMatrix for X__24t, Chr (13 of 22)!, 2.493 mins elapsed.
2026-08-17 19:01:01.810487 : Adding TileMatrix to X__pt24pre for Chr (5 of 22)!, 1.983 mins elapsed.

2026-08-17 19:01:03.709968 : NTiles_TileMatrix_5_chr5, Class = numeric

NTiles_TileMatrix_5_chr5: length = 1
  chr5 
363077 



2026-08-17 19:01:03.711269 : NCells_TileMatrix_5_chr5, Class = integer

NCells_TileMatrix_5_chr5: length = 1
[1] 19940



2026-08-17 19:01:03.712269 : MinTile_TileMatrix_5_chr5, Class = numeric

MinTile_TileMatrix_5_chr5: length = 1
[1] 21



2026-08-17 19:01:03.739079 : MaxTile_TileMatrix_5_chr5, Class = numeric

MaxTile_TileMatrix_5_chr5: length = 1
[1] 362956



2026-08-17 19:01:03.83945 : MinCell_TileMatrix_5_chr5, Class = integer

MinCell_TileMatrix_5_chr5: length = 1
[1] 1



2026-08-17 19:01:03.840664 : MaxCell_TileMatrix_5_chr5, Class = integer

MaxCell_TileMatrix_5_chr5: length = 1
[1] 19940


2026-08-17 19:01:04.000056 : Creating Temp GeneScoreMatrix for X__24t, Chr (14 of 22)!, 2.613 mins elapsed.
2026-08-17 19:01:11.124917 : Creating Temp GeneScoreMatrix for X__24t, Chr (15 of 22)!, 2.732 mins elapsed.
2026-08-17 19:01:18.084867 : Creating Temp GeneScoreMatrix for X__24t, Chr (16 of 22)!, 2.848 mins elapsed.
2026-08-17 19:01:23.885423 : Adding TileMatrix to X__pt24pre for Chr (6 of 22)!, 2.351 mins elapsed.
2026-08-17 19:01:24.874359 : Creating Temp GeneScoreMatrix for X__24t, Chr (17 of 22)!, 2.961 mins elapsed.

2026-08-17 19:01:25.829498 : NTiles_TileMatrix_6_chr6, Class = numeric

NTiles_TileMatrix_6_chr6: length = 1
  chr6 
341612 



2026-08-17 19:01:25.830796 : NCells_TileMatrix_6_chr6, Class = integer

NCells_TileMatrix_6_chr6: length = 1
[1] 19940



2026-08-17 19:01:25.831751 : MinTile_TileMatrix_6_chr6, Class = numeric

MinTile_TileMatrix_6_chr6: length = 1
[1] 182



2026-08-17 19:01:25.857181 : MaxTile_TileMatrix_6_chr6, Class = numeric

MaxTile_TileMatrix_6_chr6: length = 1
[1] 341480



2026-08-17 19:01:25.952524 : MinCell_TileMatrix_6_chr6, Class = integer

MinCell_TileMatrix_6_chr6: length = 1
[1] 1



2026-08-17 19:01:25.953723 : MaxCell_TileMatrix_6_chr6, Class = integer

MaxCell_TileMatrix_6_chr6: length = 1
[1] 19940


2026-08-17 19:01:32.68513 : Creating Temp GeneScoreMatrix for X__24t, Chr (18 of 22)!, 3.091 mins elapsed.
2026-08-17 19:01:39.824159 : Creating Temp GeneScoreMatrix for X__24t, Chr (19 of 22)!, 3.21 mins elapsed.
2026-08-17 19:01:43.791964 : Adding TileMatrix to X__pt24pre for Chr (7 of 22)!, 2.683 mins elapsed.

2026-08-17 19:01:45.823509 : NTiles_TileMatrix_7_chr7, Class = numeric

NTiles_TileMatrix_7_chr7: length = 1
  chr7 
318692 



2026-08-17 19:01:45.824836 : NCells_TileMatrix_7_chr7, Class = integer

NCells_TileMatrix_7_chr7: length = 1
[1] 19940



2026-08-17 19:01:45.825782 : MinTile_TileMatrix_7_chr7, Class = numeric

MinTile_TileMatrix_7_chr7: length = 1
[1] 21



2026-08-17 19:01:45.850197 : MaxTile_TileMatrix_7_chr7, Class = numeric

MaxTile_TileMatrix_7_chr7: length = 1
[1] 318672



2026-08-17 19:01:45.940119 : MinCell_TileMatrix_7_chr7, Class = integer

MinCell_TileMatrix_7_chr7: length = 1
[1] 1



2026-08-17 19:01:45.941308 : MaxCell_TileMatrix_7_chr7, Class = integer

MaxCell_TileMatrix_7_chr7: length = 1
[1] 19940


2026-08-17 19:01:46.28917 : Creating Temp GeneScoreMatrix for X__24t, Chr (20 of 22)!, 3.318 mins elapsed.
2026-08-17 19:01:52.635957 : Creating Temp GeneScoreMatrix for X__24t, Chr (21 of 22)!, 3.424 mins elapsed.
2026-08-17 19:01:57.458 : Creating Temp GeneScoreMatrix for X__24t, Chr (22 of 22)!, 3.504 mins elapsed.
2026-08-17 19:02:02.682799 : Adding TileMatrix to X__pt24pre for Chr (8 of 22)!, 2.998 mins elapsed.

2026-08-17 19:02:03.080944 : X__24t .addGeneScoreMat FeatureDF, Class = data.frame
X__24t .addGeneScoreMat FeatureDF: nRows = 31344, nCols = 6
  seqnames start   end strand        name idx
1     chr1 11869 14409      1     DDX11L1   1
2     chr1 29570 14404      2      WASH7P   2
3     chr1 17436 17369      2   MIR6859-1   3
4     chr1 29554 31109      1 MIR1302-2HG   4
5     chr1 30366 30503      1   MIR1302-2   5
6     chr1 36081 34554      2     FAM138A   6



2026-08-17 19:02:04.179381 : NTiles_TileMatrix_8_chr8, Class = numeric

NTiles_TileMatrix_8_chr8: length = 1
  chr8 
290278 



2026-08-17 19:02:04.180694 : NCells_TileMatrix_8_chr8, Class = integer

NCells_TileMatrix_8_chr8: length = 1
[1] 19940



2026-08-17 19:02:04.181658 : MinTile_TileMatrix_8_chr8, Class = numeric

MinTile_TileMatrix_8_chr8: length = 1
[1] 121



2026-08-17 19:02:04.206795 : MaxTile_TileMatrix_8_chr8, Class = numeric

MaxTile_TileMatrix_8_chr8: length = 1
[1] 290158



2026-08-17 19:02:04.292418 : MinCell_TileMatrix_8_chr8, Class = integer

MinCell_TileMatrix_8_chr8: length = 1
[1] 1



2026-08-17 19:02:04.293622 : MaxCell_TileMatrix_8_chr8, Class = integer

MaxCell_TileMatrix_8_chr8: length = 1
[1] 19940


2026-08-17 19:02:04.584645 : Adding GeneScoreMatrix to X__24t for Chr (1 of 22)!, 3.623 mins elapsed.
2026-08-17 19:02:11.846269 : Adding GeneScoreMatrix to X__24t for Chr (2 of 22)!, 3.744 mins elapsed.
2026-08-17 19:02:18.037855 : Adding GeneScoreMatrix to X__24t for Chr (3 of 22)!, 3.847 mins elapsed.
2026-08-17 19:02:20.649575 : Adding TileMatrix to X__pt24pre for Chr (9 of 22)!, 3.297 mins elapsed.

2026-08-17 19:02:22.137997 : NTiles_TileMatrix_9_chr9, Class = numeric

NTiles_TileMatrix_9_chr9: length = 1
  chr9 
276790 



2026-08-17 19:02:22.13931 : NCells_TileMatrix_9_chr9, Class = integer

NCells_TileMatrix_9_chr9: length = 1
[1] 19940



2026-08-17 19:02:22.14028 : MinTile_TileMatrix_9_chr9, Class = numeric

MinTile_TileMatrix_9_chr9: length = 1
[1] 21



2026-08-17 19:02:22.15955 : MaxTile_TileMatrix_9_chr9, Class = numeric

MaxTile_TileMatrix_9_chr9: length = 1
[1] 276637



2026-08-17 19:02:22.223215 : MinCell_TileMatrix_9_chr9, Class = integer

MinCell_TileMatrix_9_chr9: length = 1
[1] 1



2026-08-17 19:02:22.224304 : MaxCell_TileMatrix_9_chr9, Class = integer

MaxCell_TileMatrix_9_chr9: length = 1
[1] 19940


2026-08-17 19:02:24.611422 : Adding GeneScoreMatrix to X__24t for Chr (4 of 22)!, 3.957 mins elapsed.
2026-08-17 19:02:29.270733 : Adding GeneScoreMatrix to X__24t for Chr (5 of 22)!, 4.034 mins elapsed.
2026-08-17 19:02:34.065784 : Adding GeneScoreMatrix to X__24t for Chr (6 of 22)!, 4.114 mins elapsed.
2026-08-17 19:02:35.949276 : Adding TileMatrix to X__pt24pre for Chr (10 of 22)!, 3.552 mins elapsed.

2026-08-17 19:02:37.722944 : NTiles_TileMatrix_10_chr10, Class = numeric

NTiles_TileMatrix_10_chr10: length = 1
 chr10 
267595 



2026-08-17 19:02:37.724254 : NCells_TileMatrix_10_chr10, Class = integer

NCells_TileMatrix_10_chr10: length = 1
[1] 19940



2026-08-17 19:02:37.725211 : MinTile_TileMatrix_10_chr10, Class = numeric

MinTile_TileMatrix_10_chr10: length = 1
[1] 23



2026-08-17 19:02:37.747775 : MaxTile_TileMatrix_10_chr10, Class = numeric

MaxTile_TileMatrix_10_chr10: length = 1
[1] 267575



2026-08-17 19:02:37.831893 : MinCell_TileMatrix_10_chr10, Class = integer

MinCell_TileMatrix_10_chr10: length = 1
[1] 1



2026-08-17 19:02:37.83309 : MaxCell_TileMatrix_10_chr10, Class = integer

MaxCell_TileMatrix_10_chr10: length = 1
[1] 19940


2026-08-17 19:02:40.056003 : Adding GeneScoreMatrix to X__24t for Chr (7 of 22)!, 4.214 mins elapsed.
2026-08-17 19:02:44.424186 : Adding GeneScoreMatrix to X__24t for Chr (8 of 22)!, 4.287 mins elapsed.
2026-08-17 19:02:48.557046 : Adding GeneScoreMatrix to X__24t for Chr (9 of 22)!, 4.356 mins elapsed.
2026-08-17 19:02:54.334465 : Adding TileMatrix to X__pt24pre for Chr (11 of 22)!, 3.859 mins elapsed.
2026-08-17 19:02:54.973129 : Adding GeneScoreMatrix to X__24t for Chr (10 of 22)!, 4.463 mins elapsed.

2026-08-17 19:02:55.760722 : NTiles_TileMatrix_11_chr11, Class = numeric

NTiles_TileMatrix_11_chr11: length = 1
 chr11 
270174 



2026-08-17 19:02:55.762034 : NCells_TileMatrix_11_chr11, Class = integer

NCells_TileMatrix_11_chr11: length = 1
[1] 19940



2026-08-17 19:02:55.76299 : MinTile_TileMatrix_11_chr11, Class = numeric

MinTile_TileMatrix_11_chr11: length = 1
[1] 204



2026-08-17 19:02:55.785561 : MaxTile_TileMatrix_11_chr11, Class = numeric

MaxTile_TileMatrix_11_chr11: length = 1
[1] 270154



2026-08-17 19:02:56.049206 : MinCell_TileMatrix_11_chr11, Class = integer

MinCell_TileMatrix_11_chr11: length = 1
[1] 1



2026-08-17 19:02:56.050384 : MaxCell_TileMatrix_11_chr11, Class = integer

MaxCell_TileMatrix_11_chr11: length = 1
[1] 19940


2026-08-17 19:02:58.931072 : Adding GeneScoreMatrix to X__24t for Chr (11 of 22)!, 4.529 mins elapsed.
2026-08-17 19:03:04.428639 : Adding GeneScoreMatrix to X__24t for Chr (12 of 22)!, 4.62 mins elapsed.
2026-08-17 19:03:10.141014 : Adding GeneScoreMatrix to X__24t for Chr (13 of 22)!, 4.716 mins elapsed.
2026-08-17 19:03:12.162337 : Adding TileMatrix to X__pt24pre for Chr (12 of 22)!, 4.156 mins elapsed.
2026-08-17 19:03:13.427587 : Adding GeneScoreMatrix to X__24t for Chr (14 of 22)!, 4.77 mins elapsed.

2026-08-17 19:03:13.759478 : NTiles_TileMatrix_12_chr12, Class = numeric

NTiles_TileMatrix_12_chr12: length = 1
 chr12 
266551 



2026-08-17 19:03:13.760765 : NCells_TileMatrix_12_chr12, Class = integer

NCells_TileMatrix_12_chr12: length = 1
[1] 19940



2026-08-17 19:03:13.761705 : MinTile_TileMatrix_12_chr12, Class = numeric

MinTile_TileMatrix_12_chr12: length = 1
[1] 21



2026-08-17 19:03:13.783189 : MaxTile_TileMatrix_12_chr12, Class = numeric

MaxTile_TileMatrix_12_chr12: length = 1
[1] 266530



2026-08-17 19:03:13.856213 : MinCell_TileMatrix_12_chr12, Class = integer

MinCell_TileMatrix_12_chr12: length = 1
[1] 1



2026-08-17 19:03:13.857376 : MaxCell_TileMatrix_12_chr12, Class = integer

MaxCell_TileMatrix_12_chr12: length = 1
[1] 19940


2026-08-17 19:03:16.868211 : Adding GeneScoreMatrix to X__24t for Chr (15 of 22)!, 4.828 mins elapsed.
2026-08-17 19:03:21.303922 : Adding GeneScoreMatrix to X__24t for Chr (16 of 22)!, 4.902 mins elapsed.
2026-08-17 19:03:24.88877 : Adding GeneScoreMatrix to X__24t for Chr (17 of 22)!, 4.961 mins elapsed.
2026-08-17 19:03:29.150694 : Adding GeneScoreMatrix to X__24t for Chr (18 of 22)!, 5.032 mins elapsed.
2026-08-17 19:03:30.33505 : Adding TileMatrix to X__pt24pre for Chr (13 of 22)!, 4.459 mins elapsed.

2026-08-17 19:03:31.649833 : NTiles_TileMatrix_13_chr13, Class = numeric

NTiles_TileMatrix_13_chr13: length = 1
 chr13 
228729 



2026-08-17 19:03:31.651293 : NCells_TileMatrix_13_chr13, Class = integer

NCells_TileMatrix_13_chr13: length = 1
[1] 19940



2026-08-17 19:03:31.652269 : MinTile_TileMatrix_13_chr13, Class = numeric

MinTile_TileMatrix_13_chr13: length = 1
[1] 33013



2026-08-17 19:03:31.666402 : MaxTile_TileMatrix_13_chr13, Class = numeric

MaxTile_TileMatrix_13_chr13: length = 1
[1] 228709



2026-08-17 19:03:31.713976 : MinCell_TileMatrix_13_chr13, Class = integer

MinCell_TileMatrix_13_chr13: length = 1
[1] 1



2026-08-17 19:03:31.715075 : MaxCell_TileMatrix_13_chr13, Class = integer

MaxCell_TileMatrix_13_chr13: length = 1
[1] 19940


2026-08-17 19:03:33.758443 : Adding GeneScoreMatrix to X__24t for Chr (19 of 22)!, 5.109 mins elapsed.
2026-08-17 19:03:37.701379 : Adding GeneScoreMatrix to X__24t for Chr (20 of 22)!, 5.175 mins elapsed.
2026-08-17 19:03:40.64004 : Adding GeneScoreMatrix to X__24t for Chr (21 of 22)!, 5.224 mins elapsed.
2026-08-17 19:03:43.163435 : Adding TileMatrix to X__pt24pre for Chr (14 of 22)!, 4.673 mins elapsed.
2026-08-17 19:03:43.82796 : Adding GeneScoreMatrix to X__24t for Chr (22 of 22)!, 5.277 mins elapsed.

2026-08-17 19:03:44.481253 : NTiles_TileMatrix_14_chr14, Class = numeric

NTiles_TileMatrix_14_chr14: length = 1
 chr14 
214088 



2026-08-17 19:03:44.482595 : NCells_TileMatrix_14_chr14, Class = integer

NCells_TileMatrix_14_chr14: length = 1
[1] 19940



2026-08-17 19:03:44.483557 : MinTile_TileMatrix_14_chr14, Class = numeric

MinTile_TileMatrix_14_chr14: length = 1
[1] 32046



2026-08-17 19:03:44.498478 : MaxTile_TileMatrix_14_chr14, Class = numeric

MaxTile_TileMatrix_14_chr14: length = 1
[1] 213768



2026-08-17 19:03:44.548233 : MinCell_TileMatrix_14_chr14, Class = integer

MinCell_TileMatrix_14_chr14: length = 1
[1] 1



2026-08-17 19:03:44.54933 : MaxCell_TileMatrix_14_chr14, Class = integer

MaxCell_TileMatrix_14_chr14: length = 1
[1] 19940


2026-08-17 19:03:48.694945 : (X__24t : 1 of 11) Finished Adding GeneScoreMatrix!, 81.777 mins elapsed.
2026-08-17 19:03:48.696429 : (X__24t : 1 of 11) Finished Creating Arrow File, 81.777 mins elapsed.
2026-08-17 19:03:56.040961 : Adding TileMatrix to X__pt24pre for Chr (15 of 22)!, 4.887 mins elapsed.

2026-08-17 19:03:56.980451 : NTiles_TileMatrix_15_chr15, Class = numeric

NTiles_TileMatrix_15_chr15: length = 1
 chr15 
203983 



2026-08-17 19:03:56.981808 : NCells_TileMatrix_15_chr15, Class = integer

NCells_TileMatrix_15_chr15: length = 1
[1] 19940



2026-08-17 19:03:56.982814 : MinTile_TileMatrix_15_chr15, Class = numeric

MinTile_TileMatrix_15_chr15: length = 1
[1] 34016



2026-08-17 19:03:56.997328 : MaxTile_TileMatrix_15_chr15, Class = numeric

MaxTile_TileMatrix_15_chr15: length = 1
[1] 203963



2026-08-17 19:03:57.046299 : MinCell_TileMatrix_15_chr15, Class = integer

MinCell_TileMatrix_15_chr15: length = 1
[1] 1



2026-08-17 19:03:57.047385 : MaxCell_TileMatrix_15_chr15, Class = integer

MaxCell_TileMatrix_15_chr15: length = 1
[1] 19940


2026-08-17 19:04:08.428802 : Adding TileMatrix to X__pt24pre for Chr (16 of 22)!, 5.094 mins elapsed.

2026-08-17 19:04:09.419254 : NTiles_TileMatrix_16_chr16, Class = numeric

NTiles_TileMatrix_16_chr16: length = 1
 chr16 
180677 



2026-08-17 19:04:09.420564 : NCells_TileMatrix_16_chr16, Class = integer

NCells_TileMatrix_16_chr16: length = 1
[1] 19940



2026-08-17 19:04:09.421522 : MinTile_TileMatrix_16_chr16, Class = numeric

MinTile_TileMatrix_16_chr16: length = 1
[1] 20



2026-08-17 19:04:09.436712 : MaxTile_TileMatrix_16_chr16, Class = numeric

MaxTile_TileMatrix_16_chr16: length = 1
[1] 180453



2026-08-17 19:04:09.492624 : MinCell_TileMatrix_16_chr16, Class = integer

MinCell_TileMatrix_16_chr16: length = 1
[1] 1



2026-08-17 19:04:09.493716 : MaxCell_TileMatrix_16_chr16, Class = integer

MaxCell_TileMatrix_16_chr16: length = 1
[1] 19940


2026-08-17 19:04:21.040989 : Adding TileMatrix to X__pt24pre for Chr (17 of 22)!, 5.304 mins elapsed.

2026-08-17 19:04:22.048218 : NTiles_TileMatrix_17_chr17, Class = numeric

NTiles_TileMatrix_17_chr17: length = 1
 chr17 
166515 



2026-08-17 19:04:22.049491 : NCells_TileMatrix_17_chr17, Class = integer

NCells_TileMatrix_17_chr17: length = 1
[1] 19940



2026-08-17 19:04:22.050439 : MinTile_TileMatrix_17_chr17, Class = numeric

MinTile_TileMatrix_17_chr17: length = 1
[1] 126



2026-08-17 19:04:22.065975 : MaxTile_TileMatrix_17_chr17, Class = numeric

MaxTile_TileMatrix_17_chr17: length = 1
[1] 166495



2026-08-17 19:04:22.117146 : MinCell_TileMatrix_17_chr17, Class = integer

MinCell_TileMatrix_17_chr17: length = 1
[1] 1



2026-08-17 19:04:22.118242 : MaxCell_TileMatrix_17_chr17, Class = integer

MaxCell_TileMatrix_17_chr17: length = 1
[1] 19940


2026-08-17 19:04:34.019112 : Adding TileMatrix to X__pt24pre for Chr (18 of 22)!, 5.52 mins elapsed.

2026-08-17 19:04:35.025391 : NTiles_TileMatrix_18_chr18, Class = numeric

NTiles_TileMatrix_18_chr18: length = 1
 chr18 
160747 



2026-08-17 19:04:35.026701 : NCells_TileMatrix_18_chr18, Class = integer

NCells_TileMatrix_18_chr18: length = 1
[1] 19940



2026-08-17 19:04:35.027661 : MinTile_TileMatrix_18_chr18, Class = numeric

MinTile_TileMatrix_18_chr18: length = 1
[1] 21



2026-08-17 19:04:35.040198 : MaxTile_TileMatrix_18_chr18, Class = numeric

MaxTile_TileMatrix_18_chr18: length = 1
[1] 160527



2026-08-17 19:04:35.081629 : MinCell_TileMatrix_18_chr18, Class = integer

MinCell_TileMatrix_18_chr18: length = 1
[1] 1



2026-08-17 19:04:35.082711 : MaxCell_TileMatrix_18_chr18, Class = integer

MaxCell_TileMatrix_18_chr18: length = 1
[1] 19940


2026-08-17 19:04:44.989515 : Adding TileMatrix to X__pt24pre for Chr (19 of 22)!, 5.703 mins elapsed.

2026-08-17 19:04:45.943699 : NTiles_TileMatrix_19_chr19, Class = numeric

NTiles_TileMatrix_19_chr19: length = 1
 chr19 
117236 



2026-08-17 19:04:45.94508 : NCells_TileMatrix_19_chr19, Class = integer

NCells_TileMatrix_19_chr19: length = 1
[1] 19940



2026-08-17 19:04:45.94605 : MinTile_TileMatrix_19_chr19, Class = numeric

MinTile_TileMatrix_19_chr19: length = 1
[1] 162



2026-08-17 19:04:45.957864 : MaxTile_TileMatrix_19_chr19, Class = numeric

MaxTile_TileMatrix_19_chr19: length = 1
[1] 117216



2026-08-17 19:04:45.997145 : MinCell_TileMatrix_19_chr19, Class = integer

MinCell_TileMatrix_19_chr19: length = 1
[1] 1



2026-08-17 19:04:45.99823 : MaxCell_TileMatrix_19_chr19, Class = integer

MaxCell_TileMatrix_19_chr19: length = 1
[1] 19940


2026-08-17 19:04:55.494301 : Adding TileMatrix to X__pt24pre for Chr (20 of 22)!, 5.878 mins elapsed.

2026-08-17 19:04:56.61743 : NTiles_TileMatrix_20_chr20, Class = numeric

NTiles_TileMatrix_20_chr20: length = 1
 chr20 
128889 



2026-08-17 19:04:56.618708 : NCells_TileMatrix_20_chr20, Class = integer

NCells_TileMatrix_20_chr20: length = 1
[1] 19940



2026-08-17 19:04:56.619672 : MinTile_TileMatrix_20_chr20, Class = numeric

MinTile_TileMatrix_20_chr20: length = 1
[1] 120



2026-08-17 19:04:56.632084 : MaxTile_TileMatrix_20_chr20, Class = numeric

MaxTile_TileMatrix_20_chr20: length = 1
[1] 128669



2026-08-17 19:04:56.673146 : MinCell_TileMatrix_20_chr20, Class = integer

MinCell_TileMatrix_20_chr20: length = 1
[1] 1



2026-08-17 19:04:56.674246 : MaxCell_TileMatrix_20_chr20, Class = integer

MaxCell_TileMatrix_20_chr20: length = 1
[1] 19940


2026-08-17 19:05:06.452705 : Adding TileMatrix to X__pt24pre for Chr (21 of 22)!, 6.061 mins elapsed.

2026-08-17 19:05:06.97278 : NTiles_TileMatrix_21_chr21, Class = numeric

NTiles_TileMatrix_21_chr21: length = 1
chr21 
93420 



2026-08-17 19:05:06.974061 : NCells_TileMatrix_21_chr21, Class = integer

NCells_TileMatrix_21_chr21: length = 1
[1] 19940



2026-08-17 19:05:06.975008 : MinTile_TileMatrix_21_chr21, Class = numeric

MinTile_TileMatrix_21_chr21: length = 1
[1] 10062



2026-08-17 19:05:06.981261 : MaxTile_TileMatrix_21_chr21, Class = numeric

MaxTile_TileMatrix_21_chr21: length = 1
[1] 93400



2026-08-17 19:05:07.000841 : MinCell_TileMatrix_21_chr21, Class = integer

MinCell_TileMatrix_21_chr21: length = 1
[1] 1



2026-08-17 19:05:07.001908 : MaxCell_TileMatrix_21_chr21, Class = integer

MaxCell_TileMatrix_21_chr21: length = 1
[1] 19940


2026-08-17 19:05:13.625805 : Adding TileMatrix to X__pt24pre for Chr (22 of 22)!, 6.18 mins elapsed.

2026-08-17 19:05:14.299002 : NTiles_TileMatrix_22_chr22, Class = numeric

NTiles_TileMatrix_22_chr22: length = 1
 chr22 
101637 



2026-08-17 19:05:14.300278 : NCells_TileMatrix_22_chr22, Class = integer

NCells_TileMatrix_22_chr22: length = 1
[1] 19940



2026-08-17 19:05:14.301236 : MinTile_TileMatrix_22_chr22, Class = numeric

MinTile_TileMatrix_22_chr22: length = 1
[1] 21030



2026-08-17 19:05:14.30932 : MaxTile_TileMatrix_22_chr22, Class = numeric

MaxTile_TileMatrix_22_chr22: length = 1
[1] 101617



2026-08-17 19:05:14.335109 : MinCell_TileMatrix_22_chr22, Class = integer

MinCell_TileMatrix_22_chr22: length = 1
[1] 1



2026-08-17 19:05:14.336196 : MaxCell_TileMatrix_22_chr22, Class = integer

MaxCell_TileMatrix_22_chr22: length = 1
[1] 19940


2026-08-17 19:05:23.196105 : (X__pt24pre : 2 of 11) Finished Adding TileMatrix!, 83.352 mins elapsed.
2026-08-17 19:05:23.197554 : (X__pt24pre : 2 of 11) Adding GeneScoreMatrix!, 83.352 mins elapsed.


2026-08-17 19:05:23.485288 : X__pt24pre .addGeneScoreMat geneRegions, Class = GRanges
GRanges object with 31344 ranges and 5 metadata columns:
          seqnames            ranges strand |     gene_id       symbol
             <Rle>         <IRanges>  <Rle> | <character>  <character>
      [1]     chr1        6869-14409      + |   100287102      DDX11L1
      [2]     chr1       14404-34570      - |      653635       WASH7P
      [3]     chr1       17369-22436      - |   102466751    MIR6859-1
      [4]     chr1       24554-31109      + |   107985730  MIR1302-2HG
      [5]     chr1       25366-30503      + |   100302278    MIR1302-2
      ...      ...               ...    ... .         ...          ...
  [31340]    chr22 50667714-50733212      + |       85358       SHANK3
  [31341]    chr22 50733196-50745339      + |          49          ACR
  [31342]    chr22 50735825-50743139      - |   105373100 LOC105373100
  [31343]    chr22 50751948-50801309      + |      284942    RPL23AP82
  [31344]    chr22 50767501-50788667      - |       11158       RABL2B
          geneStart   geneEnd geneWeight
          <integer> <integer>  <numeric>
      [1]     11869     14409    3.67937
      [2]     29570     14404    2.00189
      [3]     17436     17369    4.98680
      [4]     29554     31109    4.08192
      [5]     30366     30503    4.93248
      ...       ...       ...        ...
  [31340]  50672714  50733212    1.30848
  [31341]  50738196  50745339    2.66379
  [31342]  50738139  50735825    3.76215
  [31343]  50756948  50801309    1.40932
  [31344]  50783667  50767501    1.95456
  -------
  seqinfo: 22 sequences from hg38 genome

2026-08-17 19:05:23.630352 : Creating Temp GeneScoreMatrix for X__pt24pre, Chr (1 of 22)!, 0 mins elapsed.
2026-08-17 19:05:53.058569 : Creating Temp GeneScoreMatrix for X__pt24pre, Chr (2 of 22)!, 0.49 mins elapsed.
2026-08-17 19:06:17.747348 : Creating Temp GeneScoreMatrix for X__pt24pre, Chr (3 of 22)!, 0.902 mins elapsed.
2026-08-17 19:06:40.040937 : Creating Temp GeneScoreMatrix for X__pt24pre, Chr (4 of 22)!, 1.274 mins elapsed.
2026-08-17 19:06:57.847005 : Creating Temp GeneScoreMatrix for X__pt24pre, Chr (5 of 22)!, 1.57 mins elapsed.
2026-08-17 19:07:19.22297 : Creating Temp GeneScoreMatrix for X__pt24pre, Chr (6 of 22)!, 1.927 mins elapsed.
2026-08-17 19:07:38.24521 : Creating Temp GeneScoreMatrix for X__pt24pre, Chr (7 of 22)!, 2.244 mins elapsed.
2026-08-17 19:07:54.350311 : Creating Temp GeneScoreMatrix for X__pt24pre, Chr (8 of 22)!, 2.512 mins elapsed.
2026-08-17 19:08:09.580674 : Creating Temp GeneScoreMatrix for X__pt24pre, Chr (9 of 22)!, 2.766 mins elapsed.
2026-08-17 19:08:23.009995 : Creating Temp GeneScoreMatrix for X__pt24pre, Chr (10 of 22)!, 2.99 mins elapsed.
2026-08-17 19:08:40.004796 : Creating Temp GeneScoreMatrix for X__pt24pre, Chr (11 of 22)!, 3.273 mins elapsed.
2026-08-17 19:08:55.332707 : Creating Temp GeneScoreMatrix for X__pt24pre, Chr (12 of 22)!, 3.528 mins elapsed.
2026-08-17 19:09:10.272026 : Creating Temp GeneScoreMatrix for X__pt24pre, Chr (13 of 22)!, 3.777 mins elapsed.
2026-08-17 19:09:20.641365 : Creating Temp GeneScoreMatrix for X__pt24pre, Chr (14 of 22)!, 3.95 mins elapsed.
2026-08-17 19:09:32.462228 : Creating Temp GeneScoreMatrix for X__pt24pre, Chr (15 of 22)!, 4.147 mins elapsed.
2026-08-17 19:09:42.808333 : Creating Temp GeneScoreMatrix for X__pt24pre, Chr (16 of 22)!, 4.32 mins elapsed.
2026-08-17 19:09:54.501177 : Creating Temp GeneScoreMatrix for X__pt24pre, Chr (17 of 22)!, 4.515 mins elapsed.
2026-08-17 19:10:08.937252 : Creating Temp GeneScoreMatrix for X__pt24pre, Chr (18 of 22)!, 4.755 mins elapsed.
2026-08-17 19:10:19.62621 : Creating Temp GeneScoreMatrix for X__pt24pre, Chr (19 of 22)!, 4.933 mins elapsed.
2026-08-17 19:10:28.350654 : Creating Temp GeneScoreMatrix for X__pt24pre, Chr (20 of 22)!, 5.079 mins elapsed.
2026-08-17 19:10:36.97067 : Creating Temp GeneScoreMatrix for X__pt24pre, Chr (21 of 22)!, 5.222 mins elapsed.
2026-08-17 19:10:42.903742 : Creating Temp GeneScoreMatrix for X__pt24pre, Chr (22 of 22)!, 5.321 mins elapsed.

2026-08-17 19:10:50.182693 : X__pt24pre .addGeneScoreMat FeatureDF, Class = data.frame
X__pt24pre .addGeneScoreMat FeatureDF: nRows = 31344, nCols = 6
  seqnames start   end strand        name idx
1     chr1 11869 14409      1     DDX11L1   1
2     chr1 29570 14404      2      WASH7P   2
3     chr1 17436 17369      2   MIR6859-1   3
4     chr1 29554 31109      1 MIR1302-2HG   4
5     chr1 30366 30503      1   MIR1302-2   5
6     chr1 36081 34554      2     FAM138A   6


2026-08-17 19:10:51.877379 : Adding GeneScoreMatrix to X__pt24pre for Chr (1 of 22)!, 5.471 mins elapsed.
2026-08-17 19:11:03.050699 : Adding GeneScoreMatrix to X__pt24pre for Chr (2 of 22)!, 5.657 mins elapsed.
2026-08-17 19:11:14.284358 : Adding GeneScoreMatrix to X__pt24pre for Chr (3 of 22)!, 5.844 mins elapsed.
2026-08-17 19:11:24.001177 : Adding GeneScoreMatrix to X__pt24pre for Chr (4 of 22)!, 6.006 mins elapsed.
2026-08-17 19:11:30.996062 : Adding GeneScoreMatrix to X__pt24pre for Chr (5 of 22)!, 6.123 mins elapsed.
2026-08-17 19:11:39.410424 : Adding GeneScoreMatrix to X__pt24pre for Chr (6 of 22)!, 6.263 mins elapsed.
2026-08-17 19:11:48.188898 : Adding GeneScoreMatrix to X__pt24pre for Chr (7 of 22)!, 6.409 mins elapsed.
2026-08-17 19:11:55.536052 : Adding GeneScoreMatrix to X__pt24pre for Chr (8 of 22)!, 6.532 mins elapsed.
2026-08-17 19:12:02.257391 : Adding GeneScoreMatrix to X__pt24pre for Chr (9 of 22)!, 6.644 mins elapsed.
2026-08-17 19:12:09.429511 : Adding GeneScoreMatrix to X__pt24pre for Chr (10 of 22)!, 6.763 mins elapsed.
2026-08-17 19:12:16.267926 : Adding GeneScoreMatrix to X__pt24pre for Chr (11 of 22)!, 6.877 mins elapsed.
2026-08-17 19:12:23.482047 : Adding GeneScoreMatrix to X__pt24pre for Chr (12 of 22)!, 6.998 mins elapsed.
2026-08-17 19:12:31.746997 : Adding GeneScoreMatrix to X__pt24pre for Chr (13 of 22)!, 7.135 mins elapsed.
2026-08-17 19:12:36.225922 : Adding GeneScoreMatrix to X__pt24pre for Chr (14 of 22)!, 7.21 mins elapsed.
2026-08-17 19:12:41.22164 : Adding GeneScoreMatrix to X__pt24pre for Chr (15 of 22)!, 7.293 mins elapsed.
2026-08-17 19:12:47.54428 : Adding GeneScoreMatrix to X__pt24pre for Chr (16 of 22)!, 7.399 mins elapsed.
2026-08-17 19:12:53.726464 : Adding GeneScoreMatrix to X__pt24pre for Chr (17 of 22)!, 7.502 mins elapsed.
2026-08-17 19:12:59.73673 : Adding GeneScoreMatrix to X__pt24pre for Chr (18 of 22)!, 7.602 mins elapsed.
2026-08-17 19:13:04.98155 : Adding GeneScoreMatrix to X__pt24pre for Chr (19 of 22)!, 7.689 mins elapsed.
2026-08-17 19:13:09.917714 : Adding GeneScoreMatrix to X__pt24pre for Chr (20 of 22)!, 7.771 mins elapsed.
2026-08-17 19:13:14.64231 : Adding GeneScoreMatrix to X__pt24pre for Chr (21 of 22)!, 7.85 mins elapsed.
2026-08-17 19:13:19.153105 : Adding GeneScoreMatrix to X__pt24pre for Chr (22 of 22)!, 7.925 mins elapsed.
2026-08-17 19:13:25.184437 : (X__pt24pre : 2 of 11) Finished Adding GeneScoreMatrix!, 91.386 mins elapsed.
2026-08-17 19:13:25.201762 : (X__pt24pre : 2 of 11) Finished Creating Arrow File, 91.386 mins elapsed.

------- Completed

End Time : 2026-08-17 19:13:25.253707
Elapsed Time Minutes = 91.4025682290395
Elapsed Time Hours = 1.52338323712349

-------



