
           ___      .______        ______  __    __  .______      
          /   \     |   _  \      /      ||  |  |  | |   _  \     
         /  ^  \    |  |_)  |    |  ,----'|  |__|  | |  |_)  |    
        /  /_\  \   |      /     |  |     |   __   | |      /     
       /  _____  \  |  |\  \\___ |  `----.|  |  |  | |  |\  \\___.
      /__/     \__\ | _| `._____| \______||__|  |__| | _| `._____|
    
Logging With ArchR!

Start Time : 2026-07-22 12:10:26.322569

------- ArchR Info

ArchRThreads = 19
ArchRGenome = Hg38

------- System Info

Computer OS = unix
Total Cores = 80

------- Session Info

R version 4.3.0 (2023-04-21)
Platform: x86_64-conda-linux-gnu (64-bit)
Running under: Red Hat Enterprise Linux 8.10 (Ootpa)

Matrix products: default
BLAS/LAPACK: /research_jude/rgs01_jude/groups/cab/projects/automapper/common/szhang37/Anaconda/miniconda3/envs/jwen_scRNA_singCellaR/lib/libopenblasp-r0.3.30.so;  LAPACK version 3.12.0

Random number generation:
 RNG:     L'Ecuyer-CMRG 
 Normal:  Inversion 
 Sample:  Rejection 
 
locale:
[1] C

time zone: America/Chicago
tzcode source: system (glibc)

attached base packages:
 [1] parallel  stats4    grid      stats     graphics  grDevices utils    
 [8] datasets  methods   base     

other attached packages:
 [1] dplyr_1.1.4                             
 [2] motifbreakR_2.16.0                      
 [3] MotifDb_1.44.0                          
 [4] JASPAR2020_0.99.10                      
 [5] TFBSTools_1.40.0                        
 [6] motifmatchr_1.24.0                      
 [7] ChIPseeker_1.38.0                       
 [8] BSgenome.Hsapiens.UCSC.hg38_1.4.5       
 [9] BSgenome_1.70.1                         
[10] rtracklayer_1.62.0                      
[11] BiocIO_1.12.0                           
[12] Biostrings_2.70.1                       
[13] XVector_0.42.0                          
[14] org.Hs.eg.db_3.18.0                     
[15] TxDb.Hsapiens.UCSC.hg38.knownGene_3.18.0
[16] GenomicFeatures_1.54.1                  
[17] AnnotationDbi_1.64.1                    
[18] fs_1.6.6                                
[19] qs2_0.1.5                               
[20] snow_0.4-4                              
[21] doFuture_1.1.2                          
[22] doParallel_1.0.17                       
[23] iterators_1.0.14                        
[24] foreach_1.5.2                           
[25] BiocParallel_1.36.0                     
[26] future_1.67.0                           
[27] rhdf5_2.46.1                            
[28] SummarizedExperiment_1.32.0             
[29] Biobase_2.62.0                          
[30] RcppArmadillo_14.6.3-1                  
[31] Rcpp_1.1.0                              
[32] Matrix_1.6-5                            
[33] GenomicRanges_1.54.1                    
[34] GenomeInfoDb_1.38.1                     
[35] IRanges_2.36.0                          
[36] S4Vectors_0.40.2                        
[37] BiocGenerics_0.48.1                     
[38] sparseMatrixStats_1.14.0                
[39] MatrixGenerics_1.14.0                   
[40] matrixStats_1.5.0                       
[41] data.table_1.17.8                       
[42] stringr_1.5.1                           
[43] plyr_1.8.9                              
[44] magrittr_2.0.3                          
[45] ggplot2_3.5.2                           
[46] gtable_0.3.6                            
[47] gtools_3.9.5                            
[48] gridExtra_2.3                           
[49] devtools_2.4.5                          
[50] usethis_3.1.0                           
[51] ArchR_1.0.3                             
[52] gplots_3.2.0                            
[53] Seurat_5.3.0                            
[54] SeuratObject_5.1.0                      
[55] sp_2.2-0                                

loaded via a namespace (and not attached):
  [1] R.methodsS3_1.8.2                      
  [2] dichromat_2.0-0.1                      
  [3] progress_1.2.3                         
  [4] urlchecker_1.0.1                       
  [5] nnet_7.3-20                            
  [6] poweRlaw_1.0.0                         
  [7] goftest_1.2-3                          
  [8] vctrs_0.6.5                            
  [9] spatstat.random_3.4-1                  
 [10] digest_0.6.37                          
 [11] png_0.1-8                              
 [12] ggrepel_0.9.6                          
 [13] deldir_2.0-4                           
 [14] parallelly_1.45.1                      
 [15] MASS_7.3-60.0.1                        
 [16] reshape2_1.4.4                         
 [17] httpuv_1.6.16                          
 [18] qvalue_2.34.0                          
 [19] withr_3.0.2                            
 [20] xfun_0.53                              
 [21] ggfun_0.2.0                            
 [22] ellipsis_0.3.2                         
 [23] survival_3.8-3                         
 [24] memoise_2.0.1                          
 [25] profvis_0.4.0                          
 [26] systemfonts_1.2.3                      
 [27] tidytree_0.4.6                         
 [28] zoo_1.8-14                             
 [29] pbapply_1.7-4                          
 [30] R.oo_1.27.1                            
 [31] Formula_1.2-5                          
 [32] prettyunits_1.2.0                      
 [33] KEGGREST_1.42.0                        
 [34] promises_1.3.3                         
 [35] httr_1.4.7                             
 [36] restfulr_0.0.15                        
 [37] globals_0.18.0                         
 [38] fitdistrplus_1.2-4                     
 [39] rhdf5filters_1.14.1                    
 [40] rstudioapi_0.17.1                      
 [41] stringfish_0.17.0                      
 [42] miniUI_0.1.2                           
 [43] generics_0.1.4                         
 [44] DOSE_3.28.1                            
 [45] base64enc_0.1-3                        
 [46] curl_7.0.0                             
 [47] zlibbioc_1.48.0                        
 [48] ggraph_2.2.1                           
 [49] polyclip_1.10-7                        
 [50] GenomeInfoDbData_1.2.11                
 [51] SparseArray_1.2.2                      
 [52] ade4_1.7-22                            
 [53] xtable_1.8-4                           
 [54] evaluate_1.0.4                         
 [55] S4Arrays_1.2.0                         
 [56] BiocFileCache_2.10.1                   
 [57] hms_1.1.3                              
 [58] irlba_2.3.5.1                          
 [59] colorspace_2.1-1                       
 [60] filelock_1.0.3                         
 [61] ROCR_1.0-11                            
 [62] reticulate_1.43.0                      
 [63] spatstat.data_3.1-8                    
 [64] lmtest_0.9-40                          
 [65] readr_2.1.5                            
 [66] later_1.4.2                            
 [67] viridis_0.6.5                          
 [68] ggtree_3.10.0                          
 [69] lattice_0.22-7                         
 [70] spatstat.geom_3.5-0                    
 [71] future.apply_1.20.0                    
 [72] scattermore_1.2                        
 [73] XML_3.99-0.15                          
 [74] shadowtext_0.1.6                       
 [75] cowplot_1.2.0                          
 [76] RcppAnnoy_0.0.22                       
 [77] Hmisc_5.2-3                            
 [78] pillar_1.11.0                          
 [79] nlme_3.1-168                           
 [80] caTools_1.18.3                         
 [81] compiler_4.3.0                         
 [82] RSpectra_0.16-2                        
 [83] stringi_1.7.12                         
 [84] tensor_1.5.1                           
 [85] GenomicAlignments_1.38.0               
 [86] crayon_1.5.3                           
 [87] abind_1.4-5                            
 [88] gridGraphics_0.5-1                     
 [89] graphlayouts_1.2.2                     
 [90] bit_4.6.0                              
 [91] fastmatch_1.1-6                        
 [92] codetools_0.2-20                       
 [93] TxDb.Hsapiens.UCSC.hg19.knownGene_3.2.2
 [94] biovizBase_1.50.0                      
 [95] plotly_4.11.0                          
 [96] mime_0.13                              
 [97] splines_4.3.0                          
 [98] fastDummies_1.7.5                      
 [99] dbplyr_2.5.0                           
[100] HDO.db_0.99.1                          
[101] interp_1.1-6                           
[102] knitr_1.50                             
[103] blob_1.2.4                             
[104] seqLogo_1.68.0                         
[105] AnnotationFilter_1.26.0                
[106] checkmate_2.3.3                        
[107] listenv_0.9.1                          
[108] pkgbuild_1.4.8                         
[109] Gviz_1.46.1                            
[110] ggplotify_0.1.3                        
[111] tibble_3.3.0                           
[112] tzdb_0.5.0                             
[113] tweenr_2.0.3                           
[114] pkgconfig_2.0.3                        
[115] tools_4.3.0                            
[116] cachem_1.1.0                           
[117] RSQLite_2.4.3                          
[118] viridisLite_0.4.2                      
[119] DBI_1.2.3                              
[120] splitstackshape_1.4.8                  
[121] rmarkdown_2.29                         
[122] fastmap_1.2.0                          
[123] scales_1.4.0                           
[124] ica_1.0-3                              
[125] Rsamtools_2.18.0                       
[126] patchwork_1.3.1                        
[127] VariantAnnotation_1.48.1               
[128] dotCall64_1.2                          
[129] rpart_4.1.24                           
[130] RANN_2.6.2                             
[131] farver_2.1.2                           
[132] tidygraph_1.3.0                        
[133] scatterpie_0.2.6                       
[134] yaml_2.3.10                            
[135] latticeExtra_0.6-30                    
[136] foreign_0.8-90                         
[137] cli_3.6.5                              
[138] purrr_1.1.0                            
[139] lifecycle_1.0.4                        
[140] uwot_0.2.3                             
[141] backports_1.5.0                        
[142] sessioninfo_1.2.3                      
[143] annotate_1.80.0                        
[144] rjson_0.2.23                           
[145] ggridges_0.5.6                         
[146] progressr_0.15.1                       
[147] ape_5.8-1                              
[148] jsonlite_2.0.0                         
[149] RcppHNSW_0.6.0                         
[150] bitops_1.0-9                           
[151] bit64_4.6.0-1                          
[152] Rtsne_0.17                             
[153] yulab.utils_0.2.1                      
[154] spatstat.utils_3.1-5                   
[155] RcppParallel_5.1.9                     
[156] CNEr_1.38.0                            
[157] GOSemSim_2.28.0                        
[158] spatstat.univar_3.1-4                  
[159] R.utils_2.13.0                         
[160] lazyeval_0.2.2                         
[161] shiny_1.11.1                           
[162] htmltools_0.5.8.1                      
[163] enrichplot_1.22.0                      
[164] GO.db_3.18.0                           
[165] sctransform_0.4.2                      
[166] rappdirs_0.3.3                         
[167] ensembldb_2.26.0                       
[168] glue_1.8.0                             
[169] TFMPvalue_0.0.9                        
[170] spam_2.11-1                            
[171] RCurl_1.98-1.12                        
[172] treeio_1.26.0                          
[173] motifStack_1.46.0                      
[174] jpeg_0.1-10                            
[175] boot_1.3-31                            
[176] igraph_1.5.1                           
[177] R6_2.6.1                               
[178] tidyr_1.3.1                            
[179] ggiraph_0.8.12                         
[180] cluster_2.1.8.1                        
[181] pkgload_1.4.0                          
[182] Rhdf5lib_1.24.0                        
[183] aplot_0.2.9                            
[184] DirichletMultinomial_1.44.0            
[185] ProtGenerics_1.34.0                    
[186] DelayedArray_0.28.0                    
[187] tidyselect_1.2.1                       
[188] plotrix_3.8-4                          
[189] htmlTable_2.4.3                        
[190] ggforce_0.5.0                          
[191] xml2_1.5.1                             
[192] KernSmooth_2.23-26                     
[193] S7_0.2.0                               
[194] htmlwidgets_1.6.4                      
[195] fgsea_1.28.0                           
[196] RColorBrewer_1.1-3                     
[197] biomaRt_2.58.0                         
[198] rlang_1.1.6                            
[199] spatstat.sparse_3.1-0                  
[200] spatstat.explore_3.5-2                 
[201] uuid_1.2-1                             
[202] remotes_2.5.0                          


------- Log Info


2026-07-22 12:10:26.854247 : addGroupCoverages Input-Parameters, Class = list

addGroupCoverages Input-Parameters$ArchRProj: length = 1

addGroupCoverages Input-Parameters$groupBy: length = 1
[1] "celltype"


addGroupCoverages Input-Parameters$useLabels: length = 1
[1] TRUE


addGroupCoverages Input-Parameters$sampleLabels: length = 1
[1] "Sample"


addGroupCoverages Input-Parameters$minCells: length = 1
[1] 40


addGroupCoverages Input-Parameters$maxCells: length = 1
[1] 5000


addGroupCoverages Input-Parameters$maxFragments: length = 1
[1] 2.5e+07


addGroupCoverages Input-Parameters$minReplicates: length = 1
[1] 2


addGroupCoverages Input-Parameters$maxReplicates: length = 1
[1] 5


addGroupCoverages Input-Parameters$sampleRatio: length = 1
[1] 0.8


addGroupCoverages Input-Parameters$excludeChr: length = 3
[1] "chrM" "chrX" "chrY"


addGroupCoverages Input-Parameters$kmerLength: length = 1
[1] 6


addGroupCoverages Input-Parameters$threads: length = 1
[1] 19


addGroupCoverages Input-Parameters$returnGroups: length = 1
[1] FALSE


addGroupCoverages Input-Parameters$parallelParam: length = 0
NULL


addGroupCoverages Input-Parameters$force: length = 1
[1] TRUE


addGroupCoverages Input-Parameters$verbose: length = 1
[1] TRUE


addGroupCoverages Input-Parameters$logFile: length = 1
[1] "ArchRLogs/ArchR-addGroupCoverages-26d50451e8289c-Date-2026-07-22_Time-12-10-24.965737.log"



2026-07-22 12:10:27.221247 : B/Plasma cell (1 of 9) : CellGroups N = 5

2026-07-22 12:10:27.338928 : Cycling (2 of 9) : CellGroups N = 5

2026-07-22 12:10:27.45314 : Endothelial (3 of 9) : CellGroups N = 5

2026-07-22 12:10:27.556678 : Fibroblast/HSC (4 of 9) : CellGroups N = 5

2026-07-22 12:10:27.753686 : Hepatocyte (5 of 9) : CellGroups N = 5

2026-07-22 12:10:27.879452 : Macrophage (6 of 9) : CellGroups N = 5

2026-07-22 12:10:27.983864 : Monocyte (7 of 9) : CellGroups N = 5

2026-07-22 12:10:28.095372 : T cell (8 of 9) : CellGroups N = 5

2026-07-22 12:10:28.204788 : T/NK cell (9 of 9) : CellGroups N = 5
2026-07-22 12:10:45.296021 : Batch Execution w/ safelapply!, 0.337 mins elapsed.
2026-07-22 12:10:45.354815 : Group B/Plasma cell._.X__pt26pre (1 of 45) : Creating Group Coverage File : B.Plasma.cell._.X__pt26pre.insertions.coverage.h5, 0.338 mins elapsed.

2026-07-22 12:10:45.355696 : Group B/Plasma cell._.X__pt26pre (1 of 45) : cellGroupi, Class = character

Group B/Plasma cell._.X__pt26pre (1 of 45) : cellGroupi: length = 776
[1] "X__pt26pre#AAACAGCCATGTGGGA-1" "X__pt26pre#AAACATGCACTGACTA-1"
[3] "X__pt26pre#AAACCGAAGGTTTGAC-1" "X__pt26pre#AAACCGCGTTACAAAC-1"
[5] "X__pt26pre#AAACGCGCAGAAATTG-1" "X__pt26pre#AAACGGATCTAAGTCA-1"



2026-07-22 12:10:45.357178 : Number of Cells = 776

2026-07-22 12:10:45.370621 : Coverage File Exists!

2026-07-22 12:10:45.37443 : Added Coverage Group

2026-07-22 12:10:45.376674 : Added Metadata Group

2026-07-22 12:10:45.393234 : Added ArrowCoverage Class

2026-07-22 12:10:45.395509 : Added Coverage/Info

2026-07-22 12:10:45.404564 : Added Coverage/Info/CellNames
2026-07-22 12:10:45.404885 : Group B/Plasma cell._.X__pt26pre (1 of 45) : Processed Fragments Chr (1 of 22), 0.339 mins elapsed.
2026-07-22 12:10:48.457966 : Group B/Plasma cell._.X__pt26pre (1 of 45) : Processed Fragments Chr (2 of 22), 0.39 mins elapsed.
2026-07-22 12:10:50.725123 : Group B/Plasma cell._.X__pt26pre (1 of 45) : Processed Fragments Chr (3 of 22), 0.428 mins elapsed.
2026-07-22 12:10:52.918733 : Group B/Plasma cell._.X__pt26pre (1 of 45) : Processed Fragments Chr (4 of 22), 0.464 mins elapsed.
2026-07-22 12:10:55.112538 : Group B/Plasma cell._.X__pt26pre (1 of 45) : Processed Fragments Chr (5 of 22), 0.501 mins elapsed.
2026-07-22 12:10:57.181381 : Group B/Plasma cell._.X__pt26pre (1 of 45) : Processed Fragments Chr (6 of 22), 0.535 mins elapsed.
2026-07-22 12:10:59.468496 : Group B/Plasma cell._.X__pt26pre (1 of 45) : Processed Fragments Chr (7 of 22), 0.573 mins elapsed.
2026-07-22 12:11:01.808528 : Group B/Plasma cell._.X__pt26pre (1 of 45) : Processed Fragments Chr (8 of 22), 0.612 mins elapsed.
2026-07-22 12:11:04.030637 : Group B/Plasma cell._.X__pt26pre (1 of 45) : Processed Fragments Chr (9 of 22), 0.649 mins elapsed.
2026-07-22 12:11:06.257893 : Group B/Plasma cell._.X__pt26pre (1 of 45) : Processed Fragments Chr (10 of 22), 0.687 mins elapsed.
2026-07-22 12:11:08.390503 : Group B/Plasma cell._.X__pt26pre (1 of 45) : Processed Fragments Chr (11 of 22), 0.722 mins elapsed.
2026-07-22 12:11:10.543206 : Group B/Plasma cell._.X__pt26pre (1 of 45) : Processed Fragments Chr (12 of 22), 0.758 mins elapsed.
2026-07-22 12:11:12.975775 : Group B/Plasma cell._.X__pt26pre (1 of 45) : Processed Fragments Chr (13 of 22), 0.799 mins elapsed.
2026-07-22 12:11:15.052626 : Group B/Plasma cell._.X__pt26pre (1 of 45) : Processed Fragments Chr (14 of 22), 0.833 mins elapsed.
2026-07-22 12:11:17.125727 : Group B/Plasma cell._.X__pt26pre (1 of 45) : Processed Fragments Chr (15 of 22), 0.868 mins elapsed.
2026-07-22 12:11:19.159075 : Group B/Plasma cell._.X__pt26pre (1 of 45) : Processed Fragments Chr (16 of 22), 0.902 mins elapsed.
2026-07-22 12:11:21.441298 : Group B/Plasma cell._.X__pt26pre (1 of 45) : Processed Fragments Chr (17 of 22), 0.94 mins elapsed.
2026-07-22 12:11:23.64001 : Group B/Plasma cell._.X__pt26pre (1 of 45) : Processed Fragments Chr (18 of 22), 0.976 mins elapsed.
2026-07-22 12:11:26.055681 : Group B/Plasma cell._.X__pt26pre (1 of 45) : Processed Fragments Chr (19 of 22), 1.017 mins elapsed.
2026-07-22 12:11:28.278784 : Group B/Plasma cell._.X__pt26pre (1 of 45) : Processed Fragments Chr (20 of 22), 1.054 mins elapsed.
2026-07-22 12:11:30.56153 : Group B/Plasma cell._.X__pt26pre (1 of 45) : Processed Fragments Chr (21 of 22), 1.092 mins elapsed.
2026-07-22 12:11:32.805368 : Group B/Plasma cell._.X__pt26pre (1 of 45) : Processed Fragments Chr (22 of 22), 1.129 mins elapsed.
2026-07-22 12:11:35.269867 : Group B/Plasma cell._.X__18t (2 of 45) : Creating Group Coverage File : B.Plasma.cell._.X__18t.insertions.coverage.h5, 1.17 mins elapsed.

2026-07-22 12:11:35.270604 : Group B/Plasma cell._.X__18t (2 of 45) : cellGroupi, Class = character

Group B/Plasma cell._.X__18t (2 of 45) : cellGroupi: length = 402
[1] "X__18t#AAAGCAAGTTTGCGAA-1" "X__18t#AAAGGACGTTACTTCA-1"
[3] "X__18t#AACAAAGGTGGTTATG-1" "X__18t#AACATTGTCCTCATCA-1"
[5] "X__18t#AACCTAATCAAGTGTC-1" "X__18t#AACCTAATCTATTGTC-1"



2026-07-22 12:11:35.272 : Number of Cells = 402

2026-07-22 12:11:35.275463 : Coverage File Exists!

2026-07-22 12:11:35.277617 : Added Coverage Group

2026-07-22 12:11:35.279742 : Added Metadata Group

2026-07-22 12:11:35.28721 : Added ArrowCoverage Class

2026-07-22 12:11:35.289301 : Added Coverage/Info

2026-07-22 12:11:35.296307 : Added Coverage/Info/CellNames
2026-07-22 12:11:35.296595 : Group B/Plasma cell._.X__18t (2 of 45) : Processed Fragments Chr (1 of 22), 1.171 mins elapsed.
2026-07-22 12:11:38.748145 : Group B/Plasma cell._.X__18t (2 of 45) : Processed Fragments Chr (2 of 22), 1.228 mins elapsed.
2026-07-22 12:11:41.124 : Group B/Plasma cell._.X__18t (2 of 45) : Processed Fragments Chr (3 of 22), 1.268 mins elapsed.
2026-07-22 12:11:43.567103 : Group B/Plasma cell._.X__18t (2 of 45) : Processed Fragments Chr (4 of 22), 1.308 mins elapsed.
2026-07-22 12:11:45.977685 : Group B/Plasma cell._.X__18t (2 of 45) : Processed Fragments Chr (5 of 22), 1.349 mins elapsed.
2026-07-22 12:11:48.168264 : Group B/Plasma cell._.X__18t (2 of 45) : Processed Fragments Chr (6 of 22), 1.385 mins elapsed.
2026-07-22 12:11:50.939196 : Group B/Plasma cell._.X__18t (2 of 45) : Processed Fragments Chr (7 of 22), 1.431 mins elapsed.
2026-07-22 12:11:53.211353 : Group B/Plasma cell._.X__18t (2 of 45) : Processed Fragments Chr (8 of 22), 1.469 mins elapsed.
2026-07-22 12:11:55.633913 : Group B/Plasma cell._.X__18t (2 of 45) : Processed Fragments Chr (9 of 22), 1.51 mins elapsed.
2026-07-22 12:11:58.015442 : Group B/Plasma cell._.X__18t (2 of 45) : Processed Fragments Chr (10 of 22), 1.549 mins elapsed.
2026-07-22 12:12:00.32088 : Group B/Plasma cell._.X__18t (2 of 45) : Processed Fragments Chr (11 of 22), 1.588 mins elapsed.
2026-07-22 12:12:03.078305 : Group B/Plasma cell._.X__18t (2 of 45) : Processed Fragments Chr (12 of 22), 1.634 mins elapsed.
2026-07-22 12:12:05.876972 : Group B/Plasma cell._.X__18t (2 of 45) : Processed Fragments Chr (13 of 22), 1.68 mins elapsed.
2026-07-22 12:12:08.118855 : Group B/Plasma cell._.X__18t (2 of 45) : Processed Fragments Chr (14 of 22), 1.718 mins elapsed.
2026-07-22 12:12:10.226899 : Group B/Plasma cell._.X__18t (2 of 45) : Processed Fragments Chr (15 of 22), 1.753 mins elapsed.
2026-07-22 12:12:12.340987 : Group B/Plasma cell._.X__18t (2 of 45) : Processed Fragments Chr (16 of 22), 1.788 mins elapsed.
2026-07-22 12:12:15.005555 : Group B/Plasma cell._.X__18t (2 of 45) : Processed Fragments Chr (17 of 22), 1.832 mins elapsed.
2026-07-22 12:12:17.548234 : Group B/Plasma cell._.X__18t (2 of 45) : Processed Fragments Chr (18 of 22), 1.875 mins elapsed.
2026-07-22 12:12:20.223284 : Group B/Plasma cell._.X__18t (2 of 45) : Processed Fragments Chr (19 of 22), 1.919 mins elapsed.
2026-07-22 12:12:22.891732 : Group B/Plasma cell._.X__18t (2 of 45) : Processed Fragments Chr (20 of 22), 1.964 mins elapsed.
2026-07-22 12:12:25.380911 : Group B/Plasma cell._.X__18t (2 of 45) : Processed Fragments Chr (21 of 22), 2.005 mins elapsed.
2026-07-22 12:12:27.816423 : Group B/Plasma cell._.X__18t (2 of 45) : Processed Fragments Chr (22 of 22), 2.046 mins elapsed.
2026-07-22 12:12:31.556608 : Group B/Plasma cell._.X__13t (3 of 45) : Creating Group Coverage File : B.Plasma.cell._.X__13t.insertions.coverage.h5, 2.108 mins elapsed.

2026-07-22 12:12:31.55731 : Group B/Plasma cell._.X__13t (3 of 45) : cellGroupi, Class = character

Group B/Plasma cell._.X__13t (3 of 45) : cellGroupi: length = 342
[1] "X__13t#AAACAGCCAGCACGAA-1" "X__13t#AAACCAACAAGCGATG-1"
[3] "X__13t#AAACCGCGTCAAAGGG-1" "X__13t#AAACCGCGTGCTTAGA-1"
[5] "X__13t#AAACCGGCACGAACAG-1" "X__13t#AAAGCCCGTTACAAAC-1"



2026-07-22 12:12:31.558726 : Number of Cells = 342

2026-07-22 12:12:32.998382 : Coverage File Exists!

2026-07-22 12:12:33.000625 : Added Coverage Group

2026-07-22 12:12:33.002722 : Added Metadata Group

2026-07-22 12:12:33.010076 : Added ArrowCoverage Class

2026-07-22 12:12:33.012166 : Added Coverage/Info

2026-07-22 12:12:33.019042 : Added Coverage/Info/CellNames
2026-07-22 12:12:33.019331 : Group B/Plasma cell._.X__13t (3 of 45) : Processed Fragments Chr (1 of 22), 2.133 mins elapsed.
2026-07-22 12:12:38.677793 : Group B/Plasma cell._.X__13t (3 of 45) : Processed Fragments Chr (2 of 22), 2.227 mins elapsed.
2026-07-22 12:12:41.368196 : Group B/Plasma cell._.X__13t (3 of 45) : Processed Fragments Chr (3 of 22), 2.272 mins elapsed.
2026-07-22 12:12:44.374407 : Group B/Plasma cell._.X__13t (3 of 45) : Processed Fragments Chr (4 of 22), 2.322 mins elapsed.
2026-07-22 12:12:47.112401 : Group B/Plasma cell._.X__13t (3 of 45) : Processed Fragments Chr (5 of 22), 2.367 mins elapsed.
2026-07-22 12:12:49.544468 : Group B/Plasma cell._.X__13t (3 of 45) : Processed Fragments Chr (6 of 22), 2.408 mins elapsed.
2026-07-22 12:12:51.91197 : Group B/Plasma cell._.X__13t (3 of 45) : Processed Fragments Chr (7 of 22), 2.447 mins elapsed.
2026-07-22 12:12:54.330581 : Group B/Plasma cell._.X__13t (3 of 45) : Processed Fragments Chr (8 of 22), 2.488 mins elapsed.
2026-07-22 12:12:56.804814 : Group B/Plasma cell._.X__13t (3 of 45) : Processed Fragments Chr (9 of 22), 2.529 mins elapsed.
2026-07-22 12:12:59.847726 : Group B/Plasma cell._.X__13t (3 of 45) : Processed Fragments Chr (10 of 22), 2.58 mins elapsed.
2026-07-22 12:13:02.340489 : Group B/Plasma cell._.X__13t (3 of 45) : Processed Fragments Chr (11 of 22), 2.621 mins elapsed.
2026-07-22 12:13:05.06065 : Group B/Plasma cell._.X__13t (3 of 45) : Processed Fragments Chr (12 of 22), 2.667 mins elapsed.
2026-07-22 12:13:08.286071 : Group B/Plasma cell._.X__13t (3 of 45) : Processed Fragments Chr (13 of 22), 2.72 mins elapsed.
2026-07-22 12:13:10.785523 : Group B/Plasma cell._.X__13t (3 of 45) : Processed Fragments Chr (14 of 22), 2.762 mins elapsed.
2026-07-22 12:13:12.93337 : Group B/Plasma cell._.X__13t (3 of 45) : Processed Fragments Chr (15 of 22), 2.798 mins elapsed.
2026-07-22 12:13:15.154464 : Group B/Plasma cell._.X__13t (3 of 45) : Processed Fragments Chr (16 of 22), 2.835 mins elapsed.
2026-07-22 12:13:18.171319 : Group B/Plasma cell._.X__13t (3 of 45) : Processed Fragments Chr (17 of 22), 2.885 mins elapsed.
2026-07-22 12:13:20.961023 : Group B/Plasma cell._.X__13t (3 of 45) : Processed Fragments Chr (18 of 22), 2.932 mins elapsed.
2026-07-22 12:13:24.364486 : Group B/Plasma cell._.X__13t (3 of 45) : Processed Fragments Chr (19 of 22), 2.988 mins elapsed.
2026-07-22 12:13:27.728013 : Group B/Plasma cell._.X__13t (3 of 45) : Processed Fragments Chr (20 of 22), 3.044 mins elapsed.
2026-07-22 12:13:30.94155 : Group B/Plasma cell._.X__13t (3 of 45) : Processed Fragments Chr (21 of 22), 3.098 mins elapsed.
2026-07-22 12:13:33.560754 : Group B/Plasma cell._.X__13t (3 of 45) : Processed Fragments Chr (22 of 22), 3.142 mins elapsed.
2026-07-22 12:13:36.143953 : Group B/Plasma cell._.X__3t (4 of 45) : Creating Group Coverage File : B.Plasma.cell._.X__3t.insertions.coverage.h5, 3.185 mins elapsed.

2026-07-22 12:13:36.144645 : Group B/Plasma cell._.X__3t (4 of 45) : cellGroupi, Class = character

Group B/Plasma cell._.X__3t (4 of 45) : cellGroupi: length = 266
[1] "X__3t#AAACCGGCAGAGGGAG-1" "X__3t#AAAGCACCATGTCAGC-1"
[3] "X__3t#AAAGCTTGTTAAGCCA-1" "X__3t#AACATTGTCGAAGCGG-1"
[5] "X__3t#AACCTTAAGGCATGAA-1" "X__3t#AACCTTGCATCACAGC-1"



2026-07-22 12:13:36.146049 : Number of Cells = 266

2026-07-22 12:13:36.149535 : Coverage File Exists!

2026-07-22 12:13:36.151712 : Added Coverage Group

2026-07-22 12:13:36.153793 : Added Metadata Group

2026-07-22 12:13:36.161324 : Added ArrowCoverage Class

2026-07-22 12:13:36.163408 : Added Coverage/Info

2026-07-22 12:13:36.170099 : Added Coverage/Info/CellNames
2026-07-22 12:13:36.170379 : Group B/Plasma cell._.X__3t (4 of 45) : Processed Fragments Chr (1 of 22), 3.185 mins elapsed.
2026-07-22 12:13:40.620135 : Group B/Plasma cell._.X__3t (4 of 45) : Processed Fragments Chr (2 of 22), 3.259 mins elapsed.
2026-07-22 12:13:43.282849 : Group B/Plasma cell._.X__3t (4 of 45) : Processed Fragments Chr (3 of 22), 3.304 mins elapsed.
2026-07-22 12:13:45.94115 : Group B/Plasma cell._.X__3t (4 of 45) : Processed Fragments Chr (4 of 22), 3.348 mins elapsed.
2026-07-22 12:13:48.462282 : Group B/Plasma cell._.X__3t (4 of 45) : Processed Fragments Chr (5 of 22), 3.39 mins elapsed.
2026-07-22 12:13:50.710437 : Group B/Plasma cell._.X__3t (4 of 45) : Processed Fragments Chr (6 of 22), 3.427 mins elapsed.
2026-07-22 12:13:53.04546 : Group B/Plasma cell._.X__3t (4 of 45) : Processed Fragments Chr (7 of 22), 3.466 mins elapsed.
2026-07-22 12:13:55.313297 : Group B/Plasma cell._.X__3t (4 of 45) : Processed Fragments Chr (8 of 22), 3.504 mins elapsed.
2026-07-22 12:13:57.697446 : Group B/Plasma cell._.X__3t (4 of 45) : Processed Fragments Chr (9 of 22), 3.544 mins elapsed.
2026-07-22 12:14:00.516075 : Group B/Plasma cell._.X__3t (4 of 45) : Processed Fragments Chr (10 of 22), 3.591 mins elapsed.
2026-07-22 12:14:02.915086 : Group B/Plasma cell._.X__3t (4 of 45) : Processed Fragments Chr (11 of 22), 3.631 mins elapsed.
2026-07-22 12:14:05.468406 : Group B/Plasma cell._.X__3t (4 of 45) : Processed Fragments Chr (12 of 22), 3.673 mins elapsed.
2026-07-22 12:14:08.484621 : Group B/Plasma cell._.X__3t (4 of 45) : Processed Fragments Chr (13 of 22), 3.724 mins elapsed.
2026-07-22 12:14:10.761567 : Group B/Plasma cell._.X__3t (4 of 45) : Processed Fragments Chr (14 of 22), 3.762 mins elapsed.
2026-07-22 12:14:12.817662 : Group B/Plasma cell._.X__3t (4 of 45) : Processed Fragments Chr (15 of 22), 3.796 mins elapsed.
2026-07-22 12:14:14.985723 : Group B/Plasma cell._.X__3t (4 of 45) : Processed Fragments Chr (16 of 22), 3.832 mins elapsed.
2026-07-22 12:14:17.749757 : Group B/Plasma cell._.X__3t (4 of 45) : Processed Fragments Chr (17 of 22), 3.878 mins elapsed.
2026-07-22 12:14:20.331189 : Group B/Plasma cell._.X__3t (4 of 45) : Processed Fragments Chr (18 of 22), 3.921 mins elapsed.
2026-07-22 12:14:23.148001 : Group B/Plasma cell._.X__3t (4 of 45) : Processed Fragments Chr (19 of 22), 3.968 mins elapsed.
2026-07-22 12:14:25.842861 : Group B/Plasma cell._.X__3t (4 of 45) : Processed Fragments Chr (20 of 22), 4.013 mins elapsed.
2026-07-22 12:14:28.618936 : Group B/Plasma cell._.X__3t (4 of 45) : Processed Fragments Chr (21 of 22), 4.059 mins elapsed.
2026-07-22 12:14:31.192193 : Group B/Plasma cell._.X__3t (4 of 45) : Processed Fragments Chr (22 of 22), 4.102 mins elapsed.
2026-07-22 12:14:33.680754 : Group B/Plasma cell._.X__22t (5 of 45) : Creating Group Coverage File : B.Plasma.cell._.X__22t.insertions.coverage.h5, 4.144 mins elapsed.

2026-07-22 12:14:33.681428 : Group B/Plasma cell._.X__22t (5 of 45) : cellGroupi, Class = character

Group B/Plasma cell._.X__22t (5 of 45) : cellGroupi: length = 262
[1] "X__22t#AAAGCCCGTGCTGTAA-1" "X__22t#AAATGCCTCACAAGCT-1"
[3] "X__22t#AACATTGTCCAGGTCA-1" "X__22t#AACGACAAGGTCGAGG-1"
[5] "X__22t#AACGCTAGTCATCATC-1" "X__22t#AACTTAGTCTCAATGA-1"



2026-07-22 12:14:33.682822 : Number of Cells = 262

2026-07-22 12:14:33.687014 : Coverage File Exists!

2026-07-22 12:14:33.689188 : Added Coverage Group

2026-07-22 12:14:33.691285 : Added Metadata Group

2026-07-22 12:14:33.699201 : Added ArrowCoverage Class

2026-07-22 12:14:33.701277 : Added Coverage/Info

2026-07-22 12:14:33.707934 : Added Coverage/Info/CellNames
2026-07-22 12:14:33.708214 : Group B/Plasma cell._.X__22t (5 of 45) : Processed Fragments Chr (1 of 22), 4.144 mins elapsed.
2026-07-22 12:14:37.841364 : Group B/Plasma cell._.X__22t (5 of 45) : Processed Fragments Chr (2 of 22), 4.213 mins elapsed.
2026-07-22 12:14:40.144452 : Group B/Plasma cell._.X__22t (5 of 45) : Processed Fragments Chr (3 of 22), 4.251 mins elapsed.
2026-07-22 12:14:42.704806 : Group B/Plasma cell._.X__22t (5 of 45) : Processed Fragments Chr (4 of 22), 4.294 mins elapsed.
2026-07-22 12:14:45.145844 : Group B/Plasma cell._.X__22t (5 of 45) : Processed Fragments Chr (5 of 22), 4.335 mins elapsed.
2026-07-22 12:14:47.309812 : Group B/Plasma cell._.X__22t (5 of 45) : Processed Fragments Chr (6 of 22), 4.371 mins elapsed.
2026-07-22 12:14:49.528613 : Group B/Plasma cell._.X__22t (5 of 45) : Processed Fragments Chr (7 of 22), 4.408 mins elapsed.
2026-07-22 12:14:51.693482 : Group B/Plasma cell._.X__22t (5 of 45) : Processed Fragments Chr (8 of 22), 4.444 mins elapsed.
2026-07-22 12:14:54.081927 : Group B/Plasma cell._.X__22t (5 of 45) : Processed Fragments Chr (9 of 22), 4.484 mins elapsed.
2026-07-22 12:14:56.41904 : Group B/Plasma cell._.X__22t (5 of 45) : Processed Fragments Chr (10 of 22), 4.523 mins elapsed.
2026-07-22 12:14:58.511526 : Group B/Plasma cell._.X__22t (5 of 45) : Processed Fragments Chr (11 of 22), 4.557 mins elapsed.
2026-07-22 12:15:01.006264 : Group B/Plasma cell._.X__22t (5 of 45) : Processed Fragments Chr (12 of 22), 4.599 mins elapsed.
2026-07-22 12:15:04.434994 : Group B/Plasma cell._.X__22t (5 of 45) : Processed Fragments Chr (13 of 22), 4.656 mins elapsed.
2026-07-22 12:15:06.698741 : Group B/Plasma cell._.X__22t (5 of 45) : Processed Fragments Chr (14 of 22), 4.694 mins elapsed.
2026-07-22 12:15:08.723009 : Group B/Plasma cell._.X__22t (5 of 45) : Processed Fragments Chr (15 of 22), 4.728 mins elapsed.
2026-07-22 12:15:10.821049 : Group B/Plasma cell._.X__22t (5 of 45) : Processed Fragments Chr (16 of 22), 4.763 mins elapsed.
2026-07-22 12:15:13.30927 : Group B/Plasma cell._.X__22t (5 of 45) : Processed Fragments Chr (17 of 22), 4.804 mins elapsed.
2026-07-22 12:15:15.738154 : Group B/Plasma cell._.X__22t (5 of 45) : Processed Fragments Chr (18 of 22), 4.845 mins elapsed.
2026-07-22 12:15:18.117043 : Group B/Plasma cell._.X__22t (5 of 45) : Processed Fragments Chr (19 of 22), 4.884 mins elapsed.
2026-07-22 12:15:20.784694 : Group B/Plasma cell._.X__22t (5 of 45) : Processed Fragments Chr (20 of 22), 4.929 mins elapsed.
2026-07-22 12:15:23.741534 : Group B/Plasma cell._.X__22t (5 of 45) : Processed Fragments Chr (21 of 22), 4.978 mins elapsed.
2026-07-22 12:15:26.043285 : Group B/Plasma cell._.X__22t (5 of 45) : Processed Fragments Chr (22 of 22), 5.016 mins elapsed.
2026-07-22 12:15:28.357301 : Group Cycling._.X__17t (6 of 45) : Creating Group Coverage File : Cycling._.X__17t.insertions.coverage.h5, 5.055 mins elapsed.

2026-07-22 12:15:28.358929 : Group Cycling._.X__17t (6 of 45) : cellGroupi, Class = character

Group Cycling._.X__17t (6 of 45) : cellGroupi: length = 1615
[1] "X__17t#ATGATGACATGTTGTG-1" "X__17t#GATAAGCCAAGATTCT-1"
[3] "X__17t#GTACCGGGTCATAGAT-1" "X__17t#TGGGCCTAGGAACGGT-1"
[5] "X__17t#AAGTGTTGTTGCCTCA-1" "X__17t#CTAATCCGTACGATTG-1"



2026-07-22 12:15:28.360331 : Number of Cells = 1615

2026-07-22 12:15:28.364733 : Coverage File Exists!

2026-07-22 12:15:28.366931 : Added Coverage Group

2026-07-22 12:15:28.369028 : Added Metadata Group

2026-07-22 12:15:28.376581 : Added ArrowCoverage Class

2026-07-22 12:15:28.378664 : Added Coverage/Info

2026-07-22 12:15:28.390185 : Added Coverage/Info/CellNames
2026-07-22 12:15:28.390468 : Group Cycling._.X__17t (6 of 45) : Processed Fragments Chr (1 of 22), 5.055 mins elapsed.
2026-07-22 12:15:36.14283 : Group Cycling._.X__17t (6 of 45) : Processed Fragments Chr (2 of 22), 5.185 mins elapsed.
2026-07-22 12:15:39.072923 : Group Cycling._.X__17t (6 of 45) : Processed Fragments Chr (3 of 22), 5.233 mins elapsed.
2026-07-22 12:15:42.57623 : Group Cycling._.X__17t (6 of 45) : Processed Fragments Chr (4 of 22), 5.292 mins elapsed.
2026-07-22 12:15:45.937718 : Group Cycling._.X__17t (6 of 45) : Processed Fragments Chr (5 of 22), 5.348 mins elapsed.
2026-07-22 12:15:48.395545 : Group Cycling._.X__17t (6 of 45) : Processed Fragments Chr (6 of 22), 5.389 mins elapsed.
2026-07-22 12:15:50.987608 : Group Cycling._.X__17t (6 of 45) : Processed Fragments Chr (7 of 22), 5.432 mins elapsed.
2026-07-22 12:15:54.037459 : Group Cycling._.X__17t (6 of 45) : Processed Fragments Chr (8 of 22), 5.483 mins elapsed.
2026-07-22 12:15:56.943101 : Group Cycling._.X__17t (6 of 45) : Processed Fragments Chr (9 of 22), 5.531 mins elapsed.
2026-07-22 12:16:00.67321 : Group Cycling._.X__17t (6 of 45) : Processed Fragments Chr (10 of 22), 5.594 mins elapsed.
2026-07-22 12:16:03.390655 : Group Cycling._.X__17t (6 of 45) : Processed Fragments Chr (11 of 22), 5.639 mins elapsed.
2026-07-22 12:16:06.966852 : Group Cycling._.X__17t (6 of 45) : Processed Fragments Chr (12 of 22), 5.698 mins elapsed.
2026-07-22 12:16:11.269654 : Group Cycling._.X__17t (6 of 45) : Processed Fragments Chr (13 of 22), 5.77 mins elapsed.
2026-07-22 12:16:13.89158 : Group Cycling._.X__17t (6 of 45) : Processed Fragments Chr (14 of 22), 5.814 mins elapsed.
2026-07-22 12:16:16.093108 : Group Cycling._.X__17t (6 of 45) : Processed Fragments Chr (15 of 22), 5.85 mins elapsed.
2026-07-22 12:16:18.64799 : Group Cycling._.X__17t (6 of 45) : Processed Fragments Chr (16 of 22), 5.893 mins elapsed.
2026-07-22 12:16:22.645099 : Group Cycling._.X__17t (6 of 45) : Processed Fragments Chr (17 of 22), 5.96 mins elapsed.
2026-07-22 12:16:25.704541 : Group Cycling._.X__17t (6 of 45) : Processed Fragments Chr (18 of 22), 6.011 mins elapsed.
2026-07-22 12:16:29.006742 : Group Cycling._.X__17t (6 of 45) : Processed Fragments Chr (19 of 22), 6.066 mins elapsed.
2026-07-22 12:16:32.514694 : Group Cycling._.X__17t (6 of 45) : Processed Fragments Chr (20 of 22), 6.124 mins elapsed.
2026-07-22 12:16:35.820334 : Group Cycling._.X__17t (6 of 45) : Processed Fragments Chr (21 of 22), 6.179 mins elapsed.
2026-07-22 12:16:38.814049 : Group Cycling._.X__17t (6 of 45) : Processed Fragments Chr (22 of 22), 6.229 mins elapsed.
2026-07-22 12:16:43.360724 : Group Cycling._.X__1t (7 of 45) : Creating Group Coverage File : Cycling._.X__1t.insertions.coverage.h5, 6.305 mins elapsed.

2026-07-22 12:16:43.361817 : Group Cycling._.X__1t (7 of 45) : cellGroupi, Class = character

Group Cycling._.X__1t (7 of 45) : cellGroupi: length = 1385
[1] "X__1t#AAACATGCACCTATAG-1" "X__1t#AAACCAACATCGCTCC-1"
[3] "X__1t#AAACCGGCAACGTGCT-1" "X__1t#AAACCGGCATGGTTAT-1"
[5] "X__1t#AAACCGGCATTAGGCC-1" "X__1t#AAAGCACCAAGCCAGA-1"



2026-07-22 12:16:43.363214 : Number of Cells = 1385

2026-07-22 12:16:43.367643 : Coverage File Exists!

2026-07-22 12:16:43.369842 : Added Coverage Group

2026-07-22 12:16:43.371964 : Added Metadata Group

2026-07-22 12:16:43.379503 : Added ArrowCoverage Class

2026-07-22 12:16:43.381628 : Added Coverage/Info

2026-07-22 12:16:43.391469 : Added Coverage/Info/CellNames
2026-07-22 12:16:43.391769 : Group Cycling._.X__1t (7 of 45) : Processed Fragments Chr (1 of 22), 6.305 mins elapsed.
2026-07-22 12:16:48.561766 : Group Cycling._.X__1t (7 of 45) : Processed Fragments Chr (2 of 22), 6.392 mins elapsed.
2026-07-22 12:16:51.528764 : Group Cycling._.X__1t (7 of 45) : Processed Fragments Chr (3 of 22), 6.441 mins elapsed.
2026-07-22 12:16:54.939453 : Group Cycling._.X__1t (7 of 45) : Processed Fragments Chr (4 of 22), 6.498 mins elapsed.
2026-07-22 12:16:57.865277 : Group Cycling._.X__1t (7 of 45) : Processed Fragments Chr (5 of 22), 6.547 mins elapsed.
2026-07-22 12:17:00.153757 : Group Cycling._.X__1t (7 of 45) : Processed Fragments Chr (6 of 22), 6.585 mins elapsed.
2026-07-22 12:17:02.989978 : Group Cycling._.X__1t (7 of 45) : Processed Fragments Chr (7 of 22), 6.632 mins elapsed.
2026-07-22 12:17:05.654078 : Group Cycling._.X__1t (7 of 45) : Processed Fragments Chr (8 of 22), 6.677 mins elapsed.
2026-07-22 12:17:08.693208 : Group Cycling._.X__1t (7 of 45) : Processed Fragments Chr (9 of 22), 6.727 mins elapsed.
2026-07-22 12:17:11.617776 : Group Cycling._.X__1t (7 of 45) : Processed Fragments Chr (10 of 22), 6.776 mins elapsed.
2026-07-22 12:17:13.882198 : Group Cycling._.X__1t (7 of 45) : Processed Fragments Chr (11 of 22), 6.814 mins elapsed.
2026-07-22 12:17:16.77795 : Group Cycling._.X__1t (7 of 45) : Processed Fragments Chr (12 of 22), 6.862 mins elapsed.
2026-07-22 12:17:20.526411 : Group Cycling._.X__1t (7 of 45) : Processed Fragments Chr (13 of 22), 6.924 mins elapsed.
2026-07-22 12:17:23.16191 : Group Cycling._.X__1t (7 of 45) : Processed Fragments Chr (14 of 22), 6.968 mins elapsed.
2026-07-22 12:17:25.335621 : Group Cycling._.X__1t (7 of 45) : Processed Fragments Chr (15 of 22), 7.005 mins elapsed.
2026-07-22 12:17:27.534317 : Group Cycling._.X__1t (7 of 45) : Processed Fragments Chr (16 of 22), 7.041 mins elapsed.
2026-07-22 12:17:30.882267 : Group Cycling._.X__1t (7 of 45) : Processed Fragments Chr (17 of 22), 7.097 mins elapsed.
2026-07-22 12:17:33.785058 : Group Cycling._.X__1t (7 of 45) : Processed Fragments Chr (18 of 22), 7.145 mins elapsed.
2026-07-22 12:17:36.779891 : Group Cycling._.X__1t (7 of 45) : Processed Fragments Chr (19 of 22), 7.195 mins elapsed.
2026-07-22 12:17:40.101467 : Group Cycling._.X__1t (7 of 45) : Processed Fragments Chr (20 of 22), 7.251 mins elapsed.
2026-07-22 12:17:43.144083 : Group Cycling._.X__1t (7 of 45) : Processed Fragments Chr (21 of 22), 7.301 mins elapsed.
2026-07-22 12:17:45.917225 : Group Cycling._.X__1t (7 of 45) : Processed Fragments Chr (22 of 22), 7.348 mins elapsed.
2026-07-22 12:17:49.231094 : Group Cycling._.X__13t (8 of 45) : Creating Group Coverage File : Cycling._.X__13t.insertions.coverage.h5, 7.403 mins elapsed.

2026-07-22 12:17:49.232396 : Group Cycling._.X__13t (8 of 45) : cellGroupi, Class = character

Group Cycling._.X__13t (8 of 45) : cellGroupi: length = 1206
[1] "X__13t#ACACGGACATGAAGTA-1" "X__13t#TATTACCTCGATCAGT-1"
[3] "X__13t#CATAGACTCTAGCTTT-1" "X__13t#CTGATCACAATCCTAG-1"
[5] "X__13t#GGCAATCGTTATCCTA-1" "X__13t#GGGCATGAGGAGTAAT-1"



2026-07-22 12:17:49.233831 : Number of Cells = 1206

2026-07-22 12:17:49.237423 : Coverage File Exists!

2026-07-22 12:17:49.239596 : Added Coverage Group

2026-07-22 12:17:49.241702 : Added Metadata Group

2026-07-22 12:17:49.249092 : Added ArrowCoverage Class

2026-07-22 12:17:49.251179 : Added Coverage/Info

2026-07-22 12:17:49.261275 : Added Coverage/Info/CellNames
2026-07-22 12:17:49.261559 : Group Cycling._.X__13t (8 of 45) : Processed Fragments Chr (1 of 22), 7.403 mins elapsed.
2026-07-22 12:17:57.524291 : Group Cycling._.X__13t (8 of 45) : Processed Fragments Chr (2 of 22), 7.541 mins elapsed.
2026-07-22 12:18:01.143891 : Group Cycling._.X__13t (8 of 45) : Processed Fragments Chr (3 of 22), 7.601 mins elapsed.
2026-07-22 12:18:04.720393 : Group Cycling._.X__13t (8 of 45) : Processed Fragments Chr (4 of 22), 7.661 mins elapsed.
2026-07-22 12:18:08.196409 : Group Cycling._.X__13t (8 of 45) : Processed Fragments Chr (5 of 22), 7.719 mins elapsed.
2026-07-22 12:18:10.978675 : Group Cycling._.X__13t (8 of 45) : Processed Fragments Chr (6 of 22), 7.765 mins elapsed.
2026-07-22 12:18:13.733827 : Group Cycling._.X__13t (8 of 45) : Processed Fragments Chr (7 of 22), 7.811 mins elapsed.
2026-07-22 12:18:16.84492 : Group Cycling._.X__13t (8 of 45) : Processed Fragments Chr (8 of 22), 7.863 mins elapsed.
2026-07-22 12:18:20.081017 : Group Cycling._.X__13t (8 of 45) : Processed Fragments Chr (9 of 22), 7.917 mins elapsed.
2026-07-22 12:18:24.261888 : Group Cycling._.X__13t (8 of 45) : Processed Fragments Chr (10 of 22), 7.987 mins elapsed.
2026-07-22 12:18:27.015209 : Group Cycling._.X__13t (8 of 45) : Processed Fragments Chr (11 of 22), 8.033 mins elapsed.
2026-07-22 12:18:30.185051 : Group Cycling._.X__13t (8 of 45) : Processed Fragments Chr (12 of 22), 8.085 mins elapsed.
2026-07-22 12:18:34.738625 : Group Cycling._.X__13t (8 of 45) : Processed Fragments Chr (13 of 22), 8.161 mins elapsed.
2026-07-22 12:18:37.732271 : Group Cycling._.X__13t (8 of 45) : Processed Fragments Chr (14 of 22), 8.211 mins elapsed.
2026-07-22 12:18:40.2193 : Group Cycling._.X__13t (8 of 45) : Processed Fragments Chr (15 of 22), 8.253 mins elapsed.
2026-07-22 12:18:42.738375 : Group Cycling._.X__13t (8 of 45) : Processed Fragments Chr (16 of 22), 8.295 mins elapsed.
2026-07-22 12:18:46.804284 : Group Cycling._.X__13t (8 of 45) : Processed Fragments Chr (17 of 22), 8.362 mins elapsed.
2026-07-22 12:18:50.216498 : Group Cycling._.X__13t (8 of 45) : Processed Fragments Chr (18 of 22), 8.419 mins elapsed.
2026-07-22 12:18:55.018059 : Group Cycling._.X__13t (8 of 45) : Processed Fragments Chr (19 of 22), 8.499 mins elapsed.
2026-07-22 12:18:59.787925 : Group Cycling._.X__13t (8 of 45) : Processed Fragments Chr (20 of 22), 8.579 mins elapsed.
2026-07-22 12:19:04.242386 : Group Cycling._.X__13t (8 of 45) : Processed Fragments Chr (21 of 22), 8.653 mins elapsed.
2026-07-22 12:19:07.632793 : Group Cycling._.X__13t (8 of 45) : Processed Fragments Chr (22 of 22), 8.709 mins elapsed.
2026-07-22 12:19:10.816115 : Group Cycling._.X__pt29pre (9 of 45) : Creating Group Coverage File : Cycling._.X__pt29pre.insertions.coverage.h5, 8.763 mins elapsed.

2026-07-22 12:19:10.817174 : Group Cycling._.X__pt29pre (9 of 45) : cellGroupi, Class = character

Group Cycling._.X__pt29pre (9 of 45) : cellGroupi: length = 1290
[1] "X__pt29pre#AAACCGAAGCAGCTCA-1" "X__pt29pre#AAACCGAAGCGCAATT-1"
[3] "X__pt29pre#AAACCGCGTTCACTGT-1" "X__pt29pre#AAACCGCGTTGCTGGG-1"
[5] "X__pt29pre#AAACCGGCAGCCAGTT-1" "X__pt29pre#AAACGTACAGGATTAA-1"



2026-07-22 12:19:10.818595 : Number of Cells = 1290

2026-07-22 12:19:10.822041 : Coverage File Exists!

2026-07-22 12:19:10.824201 : Added Coverage Group

2026-07-22 12:19:10.826293 : Added Metadata Group

2026-07-22 12:19:10.833611 : Added ArrowCoverage Class

2026-07-22 12:19:10.835678 : Added Coverage/Info

2026-07-22 12:19:10.845191 : Added Coverage/Info/CellNames
2026-07-22 12:19:10.845472 : Group Cycling._.X__pt29pre (9 of 45) : Processed Fragments Chr (1 of 22), 8.763 mins elapsed.
2026-07-22 12:19:16.709272 : Group Cycling._.X__pt29pre (9 of 45) : Processed Fragments Chr (2 of 22), 8.861 mins elapsed.
2026-07-22 12:19:19.747814 : Group Cycling._.X__pt29pre (9 of 45) : Processed Fragments Chr (3 of 22), 8.911 mins elapsed.
2026-07-22 12:19:22.993484 : Group Cycling._.X__pt29pre (9 of 45) : Processed Fragments Chr (4 of 22), 8.966 mins elapsed.
2026-07-22 12:19:25.839304 : Group Cycling._.X__pt29pre (9 of 45) : Processed Fragments Chr (5 of 22), 9.013 mins elapsed.
2026-07-22 12:19:28.195935 : Group Cycling._.X__pt29pre (9 of 45) : Processed Fragments Chr (6 of 22), 9.052 mins elapsed.
2026-07-22 12:19:30.628051 : Group Cycling._.X__pt29pre (9 of 45) : Processed Fragments Chr (7 of 22), 9.093 mins elapsed.
2026-07-22 12:19:33.120946 : Group Cycling._.X__pt29pre (9 of 45) : Processed Fragments Chr (8 of 22), 9.134 mins elapsed.
2026-07-22 12:19:35.631557 : Group Cycling._.X__pt29pre (9 of 45) : Processed Fragments Chr (9 of 22), 9.176 mins elapsed.
2026-07-22 12:19:38.540287 : Group Cycling._.X__pt29pre (9 of 45) : Processed Fragments Chr (10 of 22), 9.225 mins elapsed.
2026-07-22 12:19:41.118681 : Group Cycling._.X__pt29pre (9 of 45) : Processed Fragments Chr (11 of 22), 9.268 mins elapsed.
2026-07-22 12:19:43.728101 : Group Cycling._.X__pt29pre (9 of 45) : Processed Fragments Chr (12 of 22), 9.311 mins elapsed.
2026-07-22 12:19:47.351137 : Group Cycling._.X__pt29pre (9 of 45) : Processed Fragments Chr (13 of 22), 9.371 mins elapsed.
2026-07-22 12:19:49.81816 : Group Cycling._.X__pt29pre (9 of 45) : Processed Fragments Chr (14 of 22), 9.413 mins elapsed.
2026-07-22 12:19:51.895721 : Group Cycling._.X__pt29pre (9 of 45) : Processed Fragments Chr (15 of 22), 9.447 mins elapsed.
2026-07-22 12:19:54.108837 : Group Cycling._.X__pt29pre (9 of 45) : Processed Fragments Chr (16 of 22), 9.484 mins elapsed.
2026-07-22 12:19:57.418652 : Group Cycling._.X__pt29pre (9 of 45) : Processed Fragments Chr (17 of 22), 9.539 mins elapsed.
2026-07-22 12:20:00.481156 : Group Cycling._.X__pt29pre (9 of 45) : Processed Fragments Chr (18 of 22), 9.59 mins elapsed.
2026-07-22 12:20:03.867887 : Group Cycling._.X__pt29pre (9 of 45) : Processed Fragments Chr (19 of 22), 9.647 mins elapsed.
2026-07-22 12:20:06.959321 : Group Cycling._.X__pt29pre (9 of 45) : Processed Fragments Chr (20 of 22), 9.698 mins elapsed.
2026-07-22 12:20:10.099012 : Group Cycling._.X__pt29pre (9 of 45) : Processed Fragments Chr (21 of 22), 9.751 mins elapsed.
2026-07-22 12:20:13.051649 : Group Cycling._.X__pt29pre (9 of 45) : Processed Fragments Chr (22 of 22), 9.8 mins elapsed.
2026-07-22 12:20:15.670092 : Group Cycling._.X__18t (10 of 45) : Creating Group Coverage File : Cycling._.X__18t.insertions.coverage.h5, 9.843 mins elapsed.

2026-07-22 12:20:15.671011 : Group Cycling._.X__18t (10 of 45) : cellGroupi, Class = character

Group Cycling._.X__18t (10 of 45) : cellGroupi: length = 905
[1] "X__18t#AAACCAACATCCTAGA-1" "X__18t#AAACCGAAGACTAAGG-1"
[3] "X__18t#AAACCGCGTAGACAAA-1" "X__18t#AAACCGGCAACATAAG-1"
[5] "X__18t#AAAGCACCAGGACACA-1" "X__18t#AAAGCCGCATTGCGGT-1"



2026-07-22 12:20:15.672439 : Number of Cells = 905

2026-07-22 12:20:15.675864 : Coverage File Exists!

2026-07-22 12:20:15.678058 : Added Coverage Group

2026-07-22 12:20:15.680149 : Added Metadata Group

2026-07-22 12:20:15.687912 : Added ArrowCoverage Class

2026-07-22 12:20:15.689988 : Added Coverage/Info

2026-07-22 12:20:15.698381 : Added Coverage/Info/CellNames
2026-07-22 12:20:15.69867 : Group Cycling._.X__18t (10 of 45) : Processed Fragments Chr (1 of 22), 9.844 mins elapsed.
2026-07-22 12:20:21.430917 : Group Cycling._.X__18t (10 of 45) : Processed Fragments Chr (2 of 22), 9.939 mins elapsed.
2026-07-22 12:20:24.197808 : Group Cycling._.X__18t (10 of 45) : Processed Fragments Chr (3 of 22), 9.986 mins elapsed.
2026-07-22 12:20:27.224366 : Group Cycling._.X__18t (10 of 45) : Processed Fragments Chr (4 of 22), 10.036 mins elapsed.
2026-07-22 12:20:30.169578 : Group Cycling._.X__18t (10 of 45) : Processed Fragments Chr (5 of 22), 10.085 mins elapsed.
2026-07-22 12:20:32.642356 : Group Cycling._.X__18t (10 of 45) : Processed Fragments Chr (6 of 22), 10.126 mins elapsed.
2026-07-22 12:20:35.228251 : Group Cycling._.X__18t (10 of 45) : Processed Fragments Chr (7 of 22), 10.169 mins elapsed.
2026-07-22 12:20:37.967254 : Group Cycling._.X__18t (10 of 45) : Processed Fragments Chr (8 of 22), 10.215 mins elapsed.
2026-07-22 12:20:40.635785 : Group Cycling._.X__18t (10 of 45) : Processed Fragments Chr (9 of 22), 10.26 mins elapsed.
2026-07-22 12:20:43.462027 : Group Cycling._.X__18t (10 of 45) : Processed Fragments Chr (10 of 22), 10.307 mins elapsed.
2026-07-22 12:20:45.846605 : Group Cycling._.X__18t (10 of 45) : Processed Fragments Chr (11 of 22), 10.346 mins elapsed.
2026-07-22 12:20:48.647709 : Group Cycling._.X__18t (10 of 45) : Processed Fragments Chr (12 of 22), 10.393 mins elapsed.
2026-07-22 12:20:52.811662 : Group Cycling._.X__18t (10 of 45) : Processed Fragments Chr (13 of 22), 10.462 mins elapsed.
2026-07-22 12:20:55.393496 : Group Cycling._.X__18t (10 of 45) : Processed Fragments Chr (14 of 22), 10.506 mins elapsed.
2026-07-22 12:20:57.756254 : Group Cycling._.X__18t (10 of 45) : Processed Fragments Chr (15 of 22), 10.545 mins elapsed.
2026-07-22 12:21:00.064968 : Group Cycling._.X__18t (10 of 45) : Processed Fragments Chr (16 of 22), 10.583 mins elapsed.
2026-07-22 12:21:03.380324 : Group Cycling._.X__18t (10 of 45) : Processed Fragments Chr (17 of 22), 10.639 mins elapsed.
2026-07-22 12:21:06.327625 : Group Cycling._.X__18t (10 of 45) : Processed Fragments Chr (18 of 22), 10.688 mins elapsed.
2026-07-22 12:21:09.430119 : Group Cycling._.X__18t (10 of 45) : Processed Fragments Chr (19 of 22), 10.739 mins elapsed.
2026-07-22 12:21:12.546382 : Group Cycling._.X__18t (10 of 45) : Processed Fragments Chr (20 of 22), 10.791 mins elapsed.
2026-07-22 12:21:15.568642 : Group Cycling._.X__18t (10 of 45) : Processed Fragments Chr (21 of 22), 10.842 mins elapsed.
2026-07-22 12:21:18.553553 : Group Cycling._.X__18t (10 of 45) : Processed Fragments Chr (22 of 22), 10.892 mins elapsed.
2026-07-22 12:21:21.372681 : Group Endothelial._.X__22t (11 of 45) : Creating Group Coverage File : Endothelial._.X__22t.insertions.coverage.h5, 10.938 mins elapsed.

2026-07-22 12:21:21.375701 : Group Endothelial._.X__22t (11 of 45) : cellGroupi, Class = character

Group Endothelial._.X__22t (11 of 45) : cellGroupi: length = 3536
[1] "X__22t#CACATAATCGCGCTAA-1" "X__22t#TGCAAGCGTCCTAGTT-1"
[3] "X__22t#AAAGGACGTAACGAGG-1" "X__22t#ATGGCCGGTTAAGTGT-1"
[5] "X__22t#CAACTAATCATAACTG-1" "X__22t#TCTAATCTCGAAGTAG-1"



2026-07-22 12:21:21.377103 : Number of Cells = 3536

2026-07-22 12:21:21.381283 : Coverage File Exists!

2026-07-22 12:21:21.383471 : Added Coverage Group

2026-07-22 12:21:21.385571 : Added Metadata Group

2026-07-22 12:21:21.393021 : Added ArrowCoverage Class

2026-07-22 12:21:21.395109 : Added Coverage/Info

2026-07-22 12:21:21.413845 : Added Coverage/Info/CellNames
2026-07-22 12:21:21.414124 : Group Endothelial._.X__22t (11 of 45) : Processed Fragments Chr (1 of 22), 10.939 mins elapsed.
2026-07-22 12:21:26.785083 : Group Endothelial._.X__22t (11 of 45) : Processed Fragments Chr (2 of 22), 11.029 mins elapsed.
2026-07-22 12:21:30.115669 : Group Endothelial._.X__22t (11 of 45) : Processed Fragments Chr (3 of 22), 11.084 mins elapsed.
2026-07-22 12:21:33.632567 : Group Endothelial._.X__22t (11 of 45) : Processed Fragments Chr (4 of 22), 11.143 mins elapsed.
2026-07-22 12:21:37.553521 : Group Endothelial._.X__22t (11 of 45) : Processed Fragments Chr (5 of 22), 11.208 mins elapsed.
2026-07-22 12:21:40.300312 : Group Endothelial._.X__22t (11 of 45) : Processed Fragments Chr (6 of 22), 11.254 mins elapsed.
2026-07-22 12:21:43.23344 : Group Endothelial._.X__22t (11 of 45) : Processed Fragments Chr (7 of 22), 11.303 mins elapsed.
2026-07-22 12:21:46.033794 : Group Endothelial._.X__22t (11 of 45) : Processed Fragments Chr (8 of 22), 11.35 mins elapsed.
2026-07-22 12:21:49.213412 : Group Endothelial._.X__22t (11 of 45) : Processed Fragments Chr (9 of 22), 11.403 mins elapsed.
2026-07-22 12:21:52.451123 : Group Endothelial._.X__22t (11 of 45) : Processed Fragments Chr (10 of 22), 11.456 mins elapsed.
2026-07-22 12:21:55.221007 : Group Endothelial._.X__22t (11 of 45) : Processed Fragments Chr (11 of 22), 11.503 mins elapsed.
2026-07-22 12:21:58.796885 : Group Endothelial._.X__22t (11 of 45) : Processed Fragments Chr (12 of 22), 11.562 mins elapsed.
2026-07-22 12:22:03.264429 : Group Endothelial._.X__22t (11 of 45) : Processed Fragments Chr (13 of 22), 11.637 mins elapsed.
2026-07-22 12:22:05.991406 : Group Endothelial._.X__22t (11 of 45) : Processed Fragments Chr (14 of 22), 11.682 mins elapsed.
2026-07-22 12:22:08.234068 : Group Endothelial._.X__22t (11 of 45) : Processed Fragments Chr (15 of 22), 11.72 mins elapsed.
2026-07-22 12:22:10.728691 : Group Endothelial._.X__22t (11 of 45) : Processed Fragments Chr (16 of 22), 11.761 mins elapsed.
2026-07-22 12:22:14.9526 : Group Endothelial._.X__22t (11 of 45) : Processed Fragments Chr (17 of 22), 11.831 mins elapsed.
2026-07-22 12:22:18.473833 : Group Endothelial._.X__22t (11 of 45) : Processed Fragments Chr (18 of 22), 11.89 mins elapsed.
2026-07-22 12:22:22.066369 : Group Endothelial._.X__22t (11 of 45) : Processed Fragments Chr (19 of 22), 11.95 mins elapsed.
2026-07-22 12:22:25.657959 : Group Endothelial._.X__22t (11 of 45) : Processed Fragments Chr (20 of 22), 12.01 mins elapsed.
2026-07-22 12:22:29.146369 : Group Endothelial._.X__22t (11 of 45) : Processed Fragments Chr (21 of 22), 12.068 mins elapsed.
2026-07-22 12:22:32.437218 : Group Endothelial._.X__22t (11 of 45) : Processed Fragments Chr (22 of 22), 12.123 mins elapsed.
2026-07-22 12:22:35.948545 : Group Endothelial._.X__3t (12 of 45) : Creating Group Coverage File : Endothelial._.X__3t.insertions.coverage.h5, 12.181 mins elapsed.

2026-07-22 12:22:35.951224 : Group Endothelial._.X__3t (12 of 45) : cellGroupi, Class = character

Group Endothelial._.X__3t (12 of 45) : cellGroupi: length = 3132
[1] "X__3t#CGTTTGTGTTAAGGCC-1" "X__3t#CCATTATTCATCCTGC-1"
[3] "X__3t#CGTTATTTCAGGCCTA-1" "X__3t#CATCCTTCATGGCCTG-1"
[5] "X__3t#CGCTAATAGATACTTG-1" "X__3t#CAACCGGGTCATTGTC-1"



2026-07-22 12:22:35.952625 : Number of Cells = 3132

2026-07-22 12:22:35.956761 : Coverage File Exists!

2026-07-22 12:22:35.959022 : Added Coverage Group

2026-07-22 12:22:35.961225 : Added Metadata Group

2026-07-22 12:22:35.969783 : Added ArrowCoverage Class

2026-07-22 12:22:35.971883 : Added Coverage/Info

2026-07-22 12:22:35.989086 : Added Coverage/Info/CellNames
2026-07-22 12:22:35.989379 : Group Endothelial._.X__3t (12 of 45) : Processed Fragments Chr (1 of 22), 12.182 mins elapsed.
2026-07-22 12:22:42.153996 : Group Endothelial._.X__3t (12 of 45) : Processed Fragments Chr (2 of 22), 12.285 mins elapsed.
2026-07-22 12:22:45.609642 : Group Endothelial._.X__3t (12 of 45) : Processed Fragments Chr (3 of 22), 12.342 mins elapsed.
2026-07-22 12:22:49.140448 : Group Endothelial._.X__3t (12 of 45) : Processed Fragments Chr (4 of 22), 12.401 mins elapsed.
2026-07-22 12:22:52.565708 : Group Endothelial._.X__3t (12 of 45) : Processed Fragments Chr (5 of 22), 12.458 mins elapsed.
2026-07-22 12:22:55.576018 : Group Endothelial._.X__3t (12 of 45) : Processed Fragments Chr (6 of 22), 12.509 mins elapsed.
2026-07-22 12:22:58.649522 : Group Endothelial._.X__3t (12 of 45) : Processed Fragments Chr (7 of 22), 12.56 mins elapsed.
2026-07-22 12:23:01.677123 : Group Endothelial._.X__3t (12 of 45) : Processed Fragments Chr (8 of 22), 12.61 mins elapsed.
2026-07-22 12:23:04.783262 : Group Endothelial._.X__3t (12 of 45) : Processed Fragments Chr (9 of 22), 12.662 mins elapsed.
2026-07-22 12:23:08.372722 : Group Endothelial._.X__3t (12 of 45) : Processed Fragments Chr (10 of 22), 12.722 mins elapsed.
2026-07-22 12:23:11.037946 : Group Endothelial._.X__3t (12 of 45) : Processed Fragments Chr (11 of 22), 12.766 mins elapsed.
2026-07-22 12:23:14.407079 : Group Endothelial._.X__3t (12 of 45) : Processed Fragments Chr (12 of 22), 12.822 mins elapsed.
2026-07-22 12:23:19.220135 : Group Endothelial._.X__3t (12 of 45) : Processed Fragments Chr (13 of 22), 12.903 mins elapsed.
2026-07-22 12:23:22.021425 : Group Endothelial._.X__3t (12 of 45) : Processed Fragments Chr (14 of 22), 12.949 mins elapsed.
2026-07-22 12:23:24.306897 : Group Endothelial._.X__3t (12 of 45) : Processed Fragments Chr (15 of 22), 12.987 mins elapsed.
2026-07-22 12:23:26.845014 : Group Endothelial._.X__3t (12 of 45) : Processed Fragments Chr (16 of 22), 13.03 mins elapsed.
2026-07-22 12:23:31.055581 : Group Endothelial._.X__3t (12 of 45) : Processed Fragments Chr (17 of 22), 13.1 mins elapsed.
2026-07-22 12:23:34.893622 : Group Endothelial._.X__3t (12 of 45) : Processed Fragments Chr (18 of 22), 13.164 mins elapsed.
2026-07-22 12:23:38.714691 : Group Endothelial._.X__3t (12 of 45) : Processed Fragments Chr (19 of 22), 13.228 mins elapsed.
2026-07-22 12:23:43.029569 : Group Endothelial._.X__3t (12 of 45) : Processed Fragments Chr (20 of 22), 13.299 mins elapsed.
2026-07-22 12:23:46.675555 : Group Endothelial._.X__3t (12 of 45) : Processed Fragments Chr (21 of 22), 13.36 mins elapsed.
2026-07-22 12:23:50.164809 : Group Endothelial._.X__3t (12 of 45) : Processed Fragments Chr (22 of 22), 13.418 mins elapsed.
2026-07-22 12:23:53.554954 : Group Endothelial._.X__15t (13 of 45) : Creating Group Coverage File : Endothelial._.X__15t.insertions.coverage.h5, 13.475 mins elapsed.

2026-07-22 12:23:53.557515 : Group Endothelial._.X__15t (13 of 45) : cellGroupi, Class = character

Group Endothelial._.X__15t (13 of 45) : cellGroupi: length = 2882
[1] "X__15t#TGACCTTGTCCTAGTT-1" "X__15t#GCTAGCCAGTCCTTTG-1"
[3] "X__15t#AAATGGCCAATCCCTT-1" "X__15t#CATCAGCCATGAAGTA-1"
[5] "X__15t#CTTGCATGTCATAAGT-1" "X__15t#AAGCCACGTGGTTCCC-1"



2026-07-22 12:23:53.558974 : Number of Cells = 2882

2026-07-22 12:23:53.563272 : Coverage File Exists!

2026-07-22 12:23:53.56545 : Added Coverage Group

2026-07-22 12:23:53.567532 : Added Metadata Group

2026-07-22 12:23:53.576081 : Added ArrowCoverage Class

2026-07-22 12:23:53.57817 : Added Coverage/Info

2026-07-22 12:23:53.594431 : Added Coverage/Info/CellNames
2026-07-22 12:23:53.594723 : Group Endothelial._.X__15t (13 of 45) : Processed Fragments Chr (1 of 22), 13.476 mins elapsed.
2026-07-22 12:24:02.601244 : Group Endothelial._.X__15t (13 of 45) : Processed Fragments Chr (2 of 22), 13.626 mins elapsed.
2026-07-22 12:24:05.952561 : Group Endothelial._.X__15t (13 of 45) : Processed Fragments Chr (3 of 22), 13.681 mins elapsed.
2026-07-22 12:24:09.316736 : Group Endothelial._.X__15t (13 of 45) : Processed Fragments Chr (4 of 22), 13.738 mins elapsed.
2026-07-22 12:24:12.563159 : Group Endothelial._.X__15t (13 of 45) : Processed Fragments Chr (5 of 22), 13.792 mins elapsed.
2026-07-22 12:24:15.240058 : Group Endothelial._.X__15t (13 of 45) : Processed Fragments Chr (6 of 22), 13.836 mins elapsed.
2026-07-22 12:24:18.309469 : Group Endothelial._.X__15t (13 of 45) : Processed Fragments Chr (7 of 22), 13.887 mins elapsed.
2026-07-22 12:24:21.133413 : Group Endothelial._.X__15t (13 of 45) : Processed Fragments Chr (8 of 22), 13.935 mins elapsed.
2026-07-22 12:24:24.078677 : Group Endothelial._.X__15t (13 of 45) : Processed Fragments Chr (9 of 22), 13.984 mins elapsed.
2026-07-22 12:24:27.434848 : Group Endothelial._.X__15t (13 of 45) : Processed Fragments Chr (10 of 22), 14.04 mins elapsed.
2026-07-22 12:24:29.976036 : Group Endothelial._.X__15t (13 of 45) : Processed Fragments Chr (11 of 22), 14.082 mins elapsed.
2026-07-22 12:24:32.97878 : Group Endothelial._.X__15t (13 of 45) : Processed Fragments Chr (12 of 22), 14.132 mins elapsed.
2026-07-22 12:24:38.19182 : Group Endothelial._.X__15t (13 of 45) : Processed Fragments Chr (13 of 22), 14.219 mins elapsed.
2026-07-22 12:24:40.959471 : Group Endothelial._.X__15t (13 of 45) : Processed Fragments Chr (14 of 22), 14.265 mins elapsed.
2026-07-22 12:24:43.213122 : Group Endothelial._.X__15t (13 of 45) : Processed Fragments Chr (15 of 22), 14.302 mins elapsed.
2026-07-22 12:24:45.665436 : Group Endothelial._.X__15t (13 of 45) : Processed Fragments Chr (16 of 22), 14.343 mins elapsed.
2026-07-22 12:24:49.564284 : Group Endothelial._.X__15t (13 of 45) : Processed Fragments Chr (17 of 22), 14.408 mins elapsed.
2026-07-22 12:24:52.950601 : Group Endothelial._.X__15t (13 of 45) : Processed Fragments Chr (18 of 22), 14.465 mins elapsed.
2026-07-22 12:24:57.003465 : Group Endothelial._.X__15t (13 of 45) : Processed Fragments Chr (19 of 22), 14.532 mins elapsed.
2026-07-22 12:25:00.602279 : Group Endothelial._.X__15t (13 of 45) : Processed Fragments Chr (20 of 22), 14.592 mins elapsed.
2026-07-22 12:25:04.077381 : Group Endothelial._.X__15t (13 of 45) : Processed Fragments Chr (21 of 22), 14.65 mins elapsed.
2026-07-22 12:25:07.309418 : Group Endothelial._.X__15t (13 of 45) : Processed Fragments Chr (22 of 22), 14.704 mins elapsed.
2026-07-22 12:25:10.794603 : Group Endothelial._.X__11t (14 of 45) : Creating Group Coverage File : Endothelial._.X__11t.insertions.coverage.h5, 14.762 mins elapsed.

2026-07-22 12:25:10.797082 : Group Endothelial._.X__11t (14 of 45) : cellGroupi, Class = character

Group Endothelial._.X__11t (14 of 45) : cellGroupi: length = 2995
[1] "X__11t#GAGGTGAGTCGTTATC-1" "X__11t#AGTAACCTCTGGTCCT-1"
[3] "X__11t#TGCTTGTGTAGTTACG-1" "X__11t#AGATGCTTCTAAGTCA-1"
[5] "X__11t#CCACACAAGGAGCACG-1" "X__11t#CGTAATGGTGAGACTC-1"



2026-07-22 12:25:10.798481 : Number of Cells = 2995

2026-07-22 12:25:10.801927 : Coverage File Exists!

2026-07-22 12:25:10.804091 : Added Coverage Group

2026-07-22 12:25:10.806186 : Added Metadata Group

2026-07-22 12:25:10.814851 : Added ArrowCoverage Class

2026-07-22 12:25:10.816932 : Added Coverage/Info

2026-07-22 12:25:10.833563 : Added Coverage/Info/CellNames
2026-07-22 12:25:10.833859 : Group Endothelial._.X__11t (14 of 45) : Processed Fragments Chr (1 of 22), 14.763 mins elapsed.
2026-07-22 12:25:19.624947 : Group Endothelial._.X__11t (14 of 45) : Processed Fragments Chr (2 of 22), 14.909 mins elapsed.
2026-07-22 12:25:22.837494 : Group Endothelial._.X__11t (14 of 45) : Processed Fragments Chr (3 of 22), 14.963 mins elapsed.
2026-07-22 12:25:26.450105 : Group Endothelial._.X__11t (14 of 45) : Processed Fragments Chr (4 of 22), 15.023 mins elapsed.
2026-07-22 12:25:29.647135 : Group Endothelial._.X__11t (14 of 45) : Processed Fragments Chr (5 of 22), 15.076 mins elapsed.
2026-07-22 12:25:32.23531 : Group Endothelial._.X__11t (14 of 45) : Processed Fragments Chr (6 of 22), 15.12 mins elapsed.
2026-07-22 12:25:34.954642 : Group Endothelial._.X__11t (14 of 45) : Processed Fragments Chr (7 of 22), 15.165 mins elapsed.
2026-07-22 12:25:37.805104 : Group Endothelial._.X__11t (14 of 45) : Processed Fragments Chr (8 of 22), 15.212 mins elapsed.
2026-07-22 12:25:40.758964 : Group Endothelial._.X__11t (14 of 45) : Processed Fragments Chr (9 of 22), 15.262 mins elapsed.
2026-07-22 12:25:43.909979 : Group Endothelial._.X__11t (14 of 45) : Processed Fragments Chr (10 of 22), 15.314 mins elapsed.
2026-07-22 12:25:46.513857 : Group Endothelial._.X__11t (14 of 45) : Processed Fragments Chr (11 of 22), 15.358 mins elapsed.
2026-07-22 12:25:49.554027 : Group Endothelial._.X__11t (14 of 45) : Processed Fragments Chr (12 of 22), 15.408 mins elapsed.
2026-07-22 12:25:53.618848 : Group Endothelial._.X__11t (14 of 45) : Processed Fragments Chr (13 of 22), 15.476 mins elapsed.
2026-07-22 12:25:56.750842 : Group Endothelial._.X__11t (14 of 45) : Processed Fragments Chr (14 of 22), 15.528 mins elapsed.
2026-07-22 12:25:59.018981 : Group Endothelial._.X__11t (14 of 45) : Processed Fragments Chr (15 of 22), 15.566 mins elapsed.
2026-07-22 12:26:01.465884 : Group Endothelial._.X__11t (14 of 45) : Processed Fragments Chr (16 of 22), 15.607 mins elapsed.
2026-07-22 12:26:05.20021 : Group Endothelial._.X__11t (14 of 45) : Processed Fragments Chr (17 of 22), 15.669 mins elapsed.
2026-07-22 12:26:08.729319 : Group Endothelial._.X__11t (14 of 45) : Processed Fragments Chr (18 of 22), 15.728 mins elapsed.
2026-07-22 12:26:12.417755 : Group Endothelial._.X__11t (14 of 45) : Processed Fragments Chr (19 of 22), 15.789 mins elapsed.
2026-07-22 12:26:16.291558 : Group Endothelial._.X__11t (14 of 45) : Processed Fragments Chr (20 of 22), 15.854 mins elapsed.
2026-07-22 12:26:19.706824 : Group Endothelial._.X__11t (14 of 45) : Processed Fragments Chr (21 of 22), 15.911 mins elapsed.
2026-07-22 12:26:22.938319 : Group Endothelial._.X__11t (14 of 45) : Processed Fragments Chr (22 of 22), 15.965 mins elapsed.
2026-07-22 12:26:26.060423 : Group Endothelial._.X__16t (15 of 45) : Creating Group Coverage File : Endothelial._.X__16t.insertions.coverage.h5, 16.017 mins elapsed.

2026-07-22 12:26:26.062277 : Group Endothelial._.X__16t (15 of 45) : cellGroupi, Class = character

Group Endothelial._.X__16t (15 of 45) : cellGroupi: length = 2047
[1] "X__16t#ATCCTTAGTTAGGTGC-1" "X__16t#ACTTGTAAGAACCTGT-1"
[3] "X__16t#GTGATGAAGTCTATGA-1" "X__16t#CCGCCAACAGCATTAT-1"
[5] "X__16t#ACATCATCAACAGGAT-1" "X__16t#GTCTCACTCACCATTT-1"



2026-07-22 12:26:26.063698 : Number of Cells = 2047

2026-07-22 12:26:26.067087 : Coverage File Exists!

2026-07-22 12:26:26.069278 : Added Coverage Group

2026-07-22 12:26:26.071376 : Added Metadata Group

2026-07-22 12:26:26.079153 : Added ArrowCoverage Class

2026-07-22 12:26:26.081219 : Added Coverage/Info

2026-07-22 12:26:26.094338 : Added Coverage/Info/CellNames
2026-07-22 12:26:26.094627 : Group Endothelial._.X__16t (15 of 45) : Processed Fragments Chr (1 of 22), 16.017 mins elapsed.
2026-07-22 12:26:35.082677 : Group Endothelial._.X__16t (15 of 45) : Processed Fragments Chr (2 of 22), 16.167 mins elapsed.
2026-07-22 12:26:38.450015 : Group Endothelial._.X__16t (15 of 45) : Processed Fragments Chr (3 of 22), 16.223 mins elapsed.
2026-07-22 12:26:41.890893 : Group Endothelial._.X__16t (15 of 45) : Processed Fragments Chr (4 of 22), 16.28 mins elapsed.
2026-07-22 12:26:45.159509 : Group Endothelial._.X__16t (15 of 45) : Processed Fragments Chr (5 of 22), 16.335 mins elapsed.
2026-07-22 12:26:47.870627 : Group Endothelial._.X__16t (15 of 45) : Processed Fragments Chr (6 of 22), 16.38 mins elapsed.
2026-07-22 12:26:50.634668 : Group Endothelial._.X__16t (15 of 45) : Processed Fragments Chr (7 of 22), 16.426 mins elapsed.
2026-07-22 12:26:53.812711 : Group Endothelial._.X__16t (15 of 45) : Processed Fragments Chr (8 of 22), 16.479 mins elapsed.
2026-07-22 12:26:56.686077 : Group Endothelial._.X__16t (15 of 45) : Processed Fragments Chr (9 of 22), 16.527 mins elapsed.
2026-07-22 12:27:00.045277 : Group Endothelial._.X__16t (15 of 45) : Processed Fragments Chr (10 of 22), 16.583 mins elapsed.
2026-07-22 12:27:02.656445 : Group Endothelial._.X__16t (15 of 45) : Processed Fragments Chr (11 of 22), 16.627 mins elapsed.
2026-07-22 12:27:05.546595 : Group Endothelial._.X__16t (15 of 45) : Processed Fragments Chr (12 of 22), 16.675 mins elapsed.
2026-07-22 12:27:09.906504 : Group Endothelial._.X__16t (15 of 45) : Processed Fragments Chr (13 of 22), 16.747 mins elapsed.
2026-07-22 12:27:12.598037 : Group Endothelial._.X__16t (15 of 45) : Processed Fragments Chr (14 of 22), 16.792 mins elapsed.
2026-07-22 12:27:14.879211 : Group Endothelial._.X__16t (15 of 45) : Processed Fragments Chr (15 of 22), 16.83 mins elapsed.
2026-07-22 12:27:17.519179 : Group Endothelial._.X__16t (15 of 45) : Processed Fragments Chr (16 of 22), 16.874 mins elapsed.
2026-07-22 12:27:21.295182 : Group Endothelial._.X__16t (15 of 45) : Processed Fragments Chr (17 of 22), 16.937 mins elapsed.
2026-07-22 12:27:24.94369 : Group Endothelial._.X__16t (15 of 45) : Processed Fragments Chr (18 of 22), 16.998 mins elapsed.
2026-07-22 12:27:28.437658 : Group Endothelial._.X__16t (15 of 45) : Processed Fragments Chr (19 of 22), 17.056 mins elapsed.
2026-07-22 12:27:31.874922 : Group Endothelial._.X__16t (15 of 45) : Processed Fragments Chr (20 of 22), 17.114 mins elapsed.
2026-07-22 12:27:35.382719 : Group Endothelial._.X__16t (15 of 45) : Processed Fragments Chr (21 of 22), 17.172 mins elapsed.
2026-07-22 12:27:38.793364 : Group Endothelial._.X__16t (15 of 45) : Processed Fragments Chr (22 of 22), 17.229 mins elapsed.
2026-07-22 12:27:42.661369 : Group Fibroblast/HSC._.X__22t (16 of 45) : Creating Group Coverage File : Fibroblast.HSC._.X__22t.insertions.coverage.h5, 17.293 mins elapsed.

2026-07-22 12:27:42.662365 : Group Fibroblast/HSC._.X__22t (16 of 45) : cellGroupi, Class = character

Group Fibroblast/HSC._.X__22t (16 of 45) : cellGroupi: length = 1193
[1] "X__22t#AAACATGCAGGAACCA-1" "X__22t#AAACCAACAGGTATTT-1"
[3] "X__22t#AAACCAACAGTTATCG-1" "X__22t#AAACCGAAGGCCCAGT-1"
[5] "X__22t#AAACGGATCCAGGAAA-1" "X__22t#AAACGGATCTACTAAG-1"



2026-07-22 12:27:42.663774 : Number of Cells = 1193

2026-07-22 12:27:42.667257 : Coverage File Exists!

2026-07-22 12:27:42.669426 : Added Coverage Group

2026-07-22 12:27:42.671516 : Added Metadata Group

2026-07-22 12:27:42.679278 : Added ArrowCoverage Class

2026-07-22 12:27:42.681363 : Added Coverage/Info

2026-07-22 12:27:42.690544 : Added Coverage/Info/CellNames
2026-07-22 12:27:42.690832 : Group Fibroblast/HSC._.X__22t (16 of 45) : Processed Fragments Chr (1 of 22), 17.294 mins elapsed.
2026-07-22 12:27:47.346505 : Group Fibroblast/HSC._.X__22t (16 of 45) : Processed Fragments Chr (2 of 22), 17.371 mins elapsed.
2026-07-22 12:27:50.188359 : Group Fibroblast/HSC._.X__22t (16 of 45) : Processed Fragments Chr (3 of 22), 17.419 mins elapsed.
2026-07-22 12:27:53.2162 : Group Fibroblast/HSC._.X__22t (16 of 45) : Processed Fragments Chr (4 of 22), 17.469 mins elapsed.
2026-07-22 12:27:56.39173 : Group Fibroblast/HSC._.X__22t (16 of 45) : Processed Fragments Chr (5 of 22), 17.522 mins elapsed.
2026-07-22 12:27:58.853489 : Group Fibroblast/HSC._.X__22t (16 of 45) : Processed Fragments Chr (6 of 22), 17.563 mins elapsed.
2026-07-22 12:28:01.447263 : Group Fibroblast/HSC._.X__22t (16 of 45) : Processed Fragments Chr (7 of 22), 17.606 mins elapsed.
2026-07-22 12:28:04.00048 : Group Fibroblast/HSC._.X__22t (16 of 45) : Processed Fragments Chr (8 of 22), 17.649 mins elapsed.
2026-07-22 12:28:06.655353 : Group Fibroblast/HSC._.X__22t (16 of 45) : Processed Fragments Chr (9 of 22), 17.693 mins elapsed.
2026-07-22 12:28:09.55449 : Group Fibroblast/HSC._.X__22t (16 of 45) : Processed Fragments Chr (10 of 22), 17.742 mins elapsed.
2026-07-22 12:28:11.878621 : Group Fibroblast/HSC._.X__22t (16 of 45) : Processed Fragments Chr (11 of 22), 17.78 mins elapsed.
2026-07-22 12:28:14.997468 : Group Fibroblast/HSC._.X__22t (16 of 45) : Processed Fragments Chr (12 of 22), 17.832 mins elapsed.
2026-07-22 12:28:18.654124 : Group Fibroblast/HSC._.X__22t (16 of 45) : Processed Fragments Chr (13 of 22), 17.893 mins elapsed.
2026-07-22 12:28:21.201116 : Group Fibroblast/HSC._.X__22t (16 of 45) : Processed Fragments Chr (14 of 22), 17.936 mins elapsed.
2026-07-22 12:28:23.346719 : Group Fibroblast/HSC._.X__22t (16 of 45) : Processed Fragments Chr (15 of 22), 17.971 mins elapsed.
2026-07-22 12:28:25.672866 : Group Fibroblast/HSC._.X__22t (16 of 45) : Processed Fragments Chr (16 of 22), 18.01 mins elapsed.
2026-07-22 12:28:29.468939 : Group Fibroblast/HSC._.X__22t (16 of 45) : Processed Fragments Chr (17 of 22), 18.073 mins elapsed.
2026-07-22 12:28:32.424878 : Group Fibroblast/HSC._.X__22t (16 of 45) : Processed Fragments Chr (18 of 22), 18.123 mins elapsed.
2026-07-22 12:28:35.707244 : Group Fibroblast/HSC._.X__22t (16 of 45) : Processed Fragments Chr (19 of 22), 18.177 mins elapsed.
2026-07-22 12:28:38.774103 : Group Fibroblast/HSC._.X__22t (16 of 45) : Processed Fragments Chr (20 of 22), 18.229 mins elapsed.
2026-07-22 12:28:41.751054 : Group Fibroblast/HSC._.X__22t (16 of 45) : Processed Fragments Chr (21 of 22), 18.278 mins elapsed.
2026-07-22 12:28:44.571391 : Group Fibroblast/HSC._.X__22t (16 of 45) : Processed Fragments Chr (22 of 22), 18.325 mins elapsed.
2026-07-22 12:28:47.795539 : Group Fibroblast/HSC._.X__3t (17 of 45) : Creating Group Coverage File : Fibroblast.HSC._.X__3t.insertions.coverage.h5, 18.379 mins elapsed.

2026-07-22 12:28:47.796299 : Group Fibroblast/HSC._.X__3t (17 of 45) : cellGroupi, Class = character

Group Fibroblast/HSC._.X__3t (17 of 45) : cellGroupi: length = 559
[1] "X__3t#AAACAGCCATTTAAGC-1" "X__3t#AAACGCGCAAGCTAAA-1"
[3] "X__3t#AAACGTACAGCAAGAT-1" "X__3t#AAAGCCGCATATAACC-1"
[5] "X__3t#AAATGGCCAACAGGAT-1" "X__3t#AACAAGCCACCTAAGC-1"



2026-07-22 12:28:47.797693 : Number of Cells = 559

2026-07-22 12:28:47.801065 : Coverage File Exists!

2026-07-22 12:28:47.803241 : Added Coverage Group

2026-07-22 12:28:47.805348 : Added Metadata Group

2026-07-22 12:28:47.812674 : Added ArrowCoverage Class

2026-07-22 12:28:47.814744 : Added Coverage/Info

2026-07-22 12:28:47.822095 : Added Coverage/Info/CellNames
2026-07-22 12:28:47.822375 : Group Fibroblast/HSC._.X__3t (17 of 45) : Processed Fragments Chr (1 of 22), 18.379 mins elapsed.
2026-07-22 12:28:52.185997 : Group Fibroblast/HSC._.X__3t (17 of 45) : Processed Fragments Chr (2 of 22), 18.452 mins elapsed.
2026-07-22 12:28:55.071709 : Group Fibroblast/HSC._.X__3t (17 of 45) : Processed Fragments Chr (3 of 22), 18.5 mins elapsed.
2026-07-22 12:28:57.865287 : Group Fibroblast/HSC._.X__3t (17 of 45) : Processed Fragments Chr (4 of 22), 18.547 mins elapsed.
2026-07-22 12:29:00.641977 : Group Fibroblast/HSC._.X__3t (17 of 45) : Processed Fragments Chr (5 of 22), 18.593 mins elapsed.
2026-07-22 12:29:02.965744 : Group Fibroblast/HSC._.X__3t (17 of 45) : Processed Fragments Chr (6 of 22), 18.632 mins elapsed.
2026-07-22 12:29:05.403023 : Group Fibroblast/HSC._.X__3t (17 of 45) : Processed Fragments Chr (7 of 22), 18.672 mins elapsed.
2026-07-22 12:29:07.837506 : Group Fibroblast/HSC._.X__3t (17 of 45) : Processed Fragments Chr (8 of 22), 18.713 mins elapsed.
2026-07-22 12:29:10.31843 : Group Fibroblast/HSC._.X__3t (17 of 45) : Processed Fragments Chr (9 of 22), 18.754 mins elapsed.
2026-07-22 12:29:13.180442 : Group Fibroblast/HSC._.X__3t (17 of 45) : Processed Fragments Chr (10 of 22), 18.802 mins elapsed.
2026-07-22 12:29:15.569495 : Group Fibroblast/HSC._.X__3t (17 of 45) : Processed Fragments Chr (11 of 22), 18.842 mins elapsed.
2026-07-22 12:29:18.209778 : Group Fibroblast/HSC._.X__3t (17 of 45) : Processed Fragments Chr (12 of 22), 18.886 mins elapsed.
2026-07-22 12:29:21.561493 : Group Fibroblast/HSC._.X__3t (17 of 45) : Processed Fragments Chr (13 of 22), 18.942 mins elapsed.
2026-07-22 12:29:23.996234 : Group Fibroblast/HSC._.X__3t (17 of 45) : Processed Fragments Chr (14 of 22), 18.982 mins elapsed.
2026-07-22 12:29:26.13789 : Group Fibroblast/HSC._.X__3t (17 of 45) : Processed Fragments Chr (15 of 22), 19.018 mins elapsed.
2026-07-22 12:29:28.392009 : Group Fibroblast/HSC._.X__3t (17 of 45) : Processed Fragments Chr (16 of 22), 19.055 mins elapsed.
2026-07-22 12:29:31.531667 : Group Fibroblast/HSC._.X__3t (17 of 45) : Processed Fragments Chr (17 of 22), 19.108 mins elapsed.
2026-07-22 12:29:34.409096 : Group Fibroblast/HSC._.X__3t (17 of 45) : Processed Fragments Chr (18 of 22), 19.156 mins elapsed.
2026-07-22 12:29:37.394232 : Group Fibroblast/HSC._.X__3t (17 of 45) : Processed Fragments Chr (19 of 22), 19.206 mins elapsed.
2026-07-22 12:29:42.226671 : Group Fibroblast/HSC._.X__3t (17 of 45) : Processed Fragments Chr (20 of 22), 19.286 mins elapsed.
2026-07-22 12:29:44.957817 : Group Fibroblast/HSC._.X__3t (17 of 45) : Processed Fragments Chr (21 of 22), 19.332 mins elapsed.
2026-07-22 12:29:47.627188 : Group Fibroblast/HSC._.X__3t (17 of 45) : Processed Fragments Chr (22 of 22), 19.376 mins elapsed.
2026-07-22 12:29:50.216056 : Group Fibroblast/HSC._.X__11t (18 of 45) : Creating Group Coverage File : Fibroblast.HSC._.X__11t.insertions.coverage.h5, 19.419 mins elapsed.

2026-07-22 12:29:50.216801 : Group Fibroblast/HSC._.X__11t (18 of 45) : cellGroupi, Class = character

Group Fibroblast/HSC._.X__11t (18 of 45) : cellGroupi: length = 541
[1] "X__11t#AAACAGCCAAACCTAT-1" "X__11t#AAACAGCCAGGAACTG-1"
[3] "X__11t#AAACCAACACAGCCTG-1" "X__11t#AAAGCAAGTAAATTGC-1"
[5] "X__11t#AAAGCGGGTCCGGTTC-1" "X__11t#AAAGCTTGTTTGCGAA-1"



2026-07-22 12:29:50.21818 : Number of Cells = 541

2026-07-22 12:29:50.221567 : Coverage File Exists!

2026-07-22 12:29:50.223755 : Added Coverage Group

2026-07-22 12:29:50.22586 : Added Metadata Group

2026-07-22 12:29:50.233963 : Added ArrowCoverage Class

2026-07-22 12:29:50.236043 : Added Coverage/Info

2026-07-22 12:29:50.243562 : Added Coverage/Info/CellNames
2026-07-22 12:29:50.243849 : Group Fibroblast/HSC._.X__11t (18 of 45) : Processed Fragments Chr (1 of 22), 19.42 mins elapsed.
2026-07-22 12:29:53.760082 : Group Fibroblast/HSC._.X__11t (18 of 45) : Processed Fragments Chr (2 of 22), 19.478 mins elapsed.
2026-07-22 12:29:56.123902 : Group Fibroblast/HSC._.X__11t (18 of 45) : Processed Fragments Chr (3 of 22), 19.518 mins elapsed.
2026-07-22 12:29:58.464484 : Group Fibroblast/HSC._.X__11t (18 of 45) : Processed Fragments Chr (4 of 22), 19.557 mins elapsed.
2026-07-22 12:30:00.784152 : Group Fibroblast/HSC._.X__11t (18 of 45) : Processed Fragments Chr (5 of 22), 19.595 mins elapsed.
2026-07-22 12:30:02.950858 : Group Fibroblast/HSC._.X__11t (18 of 45) : Processed Fragments Chr (6 of 22), 19.631 mins elapsed.
2026-07-22 12:30:05.121281 : Group Fibroblast/HSC._.X__11t (18 of 45) : Processed Fragments Chr (7 of 22), 19.668 mins elapsed.
2026-07-22 12:30:07.466237 : Group Fibroblast/HSC._.X__11t (18 of 45) : Processed Fragments Chr (8 of 22), 19.707 mins elapsed.
2026-07-22 12:30:09.636979 : Group Fibroblast/HSC._.X__11t (18 of 45) : Processed Fragments Chr (9 of 22), 19.743 mins elapsed.
2026-07-22 12:30:12.124791 : Group Fibroblast/HSC._.X__11t (18 of 45) : Processed Fragments Chr (10 of 22), 19.784 mins elapsed.
2026-07-22 12:30:14.304596 : Group Fibroblast/HSC._.X__11t (18 of 45) : Processed Fragments Chr (11 of 22), 19.821 mins elapsed.
2026-07-22 12:30:16.682789 : Group Fibroblast/HSC._.X__11t (18 of 45) : Processed Fragments Chr (12 of 22), 19.86 mins elapsed.
2026-07-22 12:30:19.304278 : Group Fibroblast/HSC._.X__11t (18 of 45) : Processed Fragments Chr (13 of 22), 19.904 mins elapsed.
2026-07-22 12:30:21.488606 : Group Fibroblast/HSC._.X__11t (18 of 45) : Processed Fragments Chr (14 of 22), 19.94 mins elapsed.
2026-07-22 12:30:23.481282 : Group Fibroblast/HSC._.X__11t (18 of 45) : Processed Fragments Chr (15 of 22), 19.974 mins elapsed.
2026-07-22 12:30:25.537721 : Group Fibroblast/HSC._.X__11t (18 of 45) : Processed Fragments Chr (16 of 22), 20.008 mins elapsed.
2026-07-22 12:30:27.989108 : Group Fibroblast/HSC._.X__11t (18 of 45) : Processed Fragments Chr (17 of 22), 20.049 mins elapsed.
2026-07-22 12:30:30.639667 : Group Fibroblast/HSC._.X__11t (18 of 45) : Processed Fragments Chr (18 of 22), 20.093 mins elapsed.
2026-07-22 12:30:33.040974 : Group Fibroblast/HSC._.X__11t (18 of 45) : Processed Fragments Chr (19 of 22), 20.133 mins elapsed.
2026-07-22 12:30:35.438335 : Group Fibroblast/HSC._.X__11t (18 of 45) : Processed Fragments Chr (20 of 22), 20.173 mins elapsed.
2026-07-22 12:30:37.880984 : Group Fibroblast/HSC._.X__11t (18 of 45) : Processed Fragments Chr (21 of 22), 20.214 mins elapsed.
2026-07-22 12:30:40.141956 : Group Fibroblast/HSC._.X__11t (18 of 45) : Processed Fragments Chr (22 of 22), 20.251 mins elapsed.
2026-07-22 12:30:42.389111 : Group Fibroblast/HSC._.X__13t (19 of 45) : Creating Group Coverage File : Fibroblast.HSC._.X__13t.insertions.coverage.h5, 20.289 mins elapsed.

2026-07-22 12:30:42.389815 : Group Fibroblast/HSC._.X__13t (19 of 45) : cellGroupi, Class = character

Group Fibroblast/HSC._.X__13t (19 of 45) : cellGroupi: length = 372
[1] "X__13t#AAAGCACCAGGCTAAG-1" "X__13t#AAAGCCCGTACCGAAC-1"
[3] "X__13t#AAAGCTTGTCATAAGT-1" "X__13t#AAAGGTTAGCACAGAA-1"
[5] "X__13t#AAAGGTTAGGCAAGTA-1" "X__13t#AACCTCACACGGTTTA-1"



2026-07-22 12:30:42.391217 : Number of Cells = 372

2026-07-22 12:30:42.39522 : Coverage File Exists!

2026-07-22 12:30:42.397395 : Added Coverage Group

2026-07-22 12:30:42.399482 : Added Metadata Group

2026-07-22 12:30:42.407022 : Added ArrowCoverage Class

2026-07-22 12:30:42.409099 : Added Coverage/Info

2026-07-22 12:30:42.416002 : Added Coverage/Info/CellNames
2026-07-22 12:30:42.416275 : Group Fibroblast/HSC._.X__13t (19 of 45) : Processed Fragments Chr (1 of 22), 20.289 mins elapsed.
2026-07-22 12:30:49.277791 : Group Fibroblast/HSC._.X__13t (19 of 45) : Processed Fragments Chr (2 of 22), 20.404 mins elapsed.
2026-07-22 12:30:52.284566 : Group Fibroblast/HSC._.X__13t (19 of 45) : Processed Fragments Chr (3 of 22), 20.454 mins elapsed.
2026-07-22 12:30:55.18206 : Group Fibroblast/HSC._.X__13t (19 of 45) : Processed Fragments Chr (4 of 22), 20.502 mins elapsed.
2026-07-22 12:30:58.066978 : Group Fibroblast/HSC._.X__13t (19 of 45) : Processed Fragments Chr (5 of 22), 20.55 mins elapsed.
2026-07-22 12:31:00.498126 : Group Fibroblast/HSC._.X__13t (19 of 45) : Processed Fragments Chr (6 of 22), 20.591 mins elapsed.
2026-07-22 12:31:02.90431 : Group Fibroblast/HSC._.X__13t (19 of 45) : Processed Fragments Chr (7 of 22), 20.631 mins elapsed.
2026-07-22 12:31:05.563112 : Group Fibroblast/HSC._.X__13t (19 of 45) : Processed Fragments Chr (8 of 22), 20.675 mins elapsed.
2026-07-22 12:31:08.424197 : Group Fibroblast/HSC._.X__13t (19 of 45) : Processed Fragments Chr (9 of 22), 20.723 mins elapsed.
2026-07-22 12:31:11.992724 : Group Fibroblast/HSC._.X__13t (19 of 45) : Processed Fragments Chr (10 of 22), 20.782 mins elapsed.
2026-07-22 12:31:14.475124 : Group Fibroblast/HSC._.X__13t (19 of 45) : Processed Fragments Chr (11 of 22), 20.824 mins elapsed.
2026-07-22 12:31:17.186497 : Group Fibroblast/HSC._.X__13t (19 of 45) : Processed Fragments Chr (12 of 22), 20.869 mins elapsed.
2026-07-22 12:31:20.649722 : Group Fibroblast/HSC._.X__13t (19 of 45) : Processed Fragments Chr (13 of 22), 20.926 mins elapsed.
2026-07-22 12:31:23.140239 : Group Fibroblast/HSC._.X__13t (19 of 45) : Processed Fragments Chr (14 of 22), 20.968 mins elapsed.
2026-07-22 12:31:25.290066 : Group Fibroblast/HSC._.X__13t (19 of 45) : Processed Fragments Chr (15 of 22), 21.004 mins elapsed.
2026-07-22 12:31:27.543985 : Group Fibroblast/HSC._.X__13t (19 of 45) : Processed Fragments Chr (16 of 22), 21.041 mins elapsed.
2026-07-22 12:31:30.882406 : Group Fibroblast/HSC._.X__13t (19 of 45) : Processed Fragments Chr (17 of 22), 21.097 mins elapsed.
2026-07-22 12:31:33.814118 : Group Fibroblast/HSC._.X__13t (19 of 45) : Processed Fragments Chr (18 of 22), 21.146 mins elapsed.
2026-07-22 12:31:37.305601 : Group Fibroblast/HSC._.X__13t (19 of 45) : Processed Fragments Chr (19 of 22), 21.204 mins elapsed.
2026-07-22 12:31:41.129384 : Group Fibroblast/HSC._.X__13t (19 of 45) : Processed Fragments Chr (20 of 22), 21.268 mins elapsed.
2026-07-22 12:31:44.490277 : Group Fibroblast/HSC._.X__13t (19 of 45) : Processed Fragments Chr (21 of 22), 21.324 mins elapsed.
2026-07-22 12:31:47.437683 : Group Fibroblast/HSC._.X__13t (19 of 45) : Processed Fragments Chr (22 of 22), 21.373 mins elapsed.
2026-07-22 12:31:50.214342 : Group Fibroblast/HSC._.X__15t (20 of 45) : Creating Group Coverage File : Fibroblast.HSC._.X__15t.insertions.coverage.h5, 21.419 mins elapsed.

2026-07-22 12:31:50.215019 : Group Fibroblast/HSC._.X__15t (20 of 45) : cellGroupi, Class = character

Group Fibroblast/HSC._.X__15t (20 of 45) : cellGroupi: length = 317
[1] "X__15t#AAACCAACATAGACCC-1" "X__15t#AAACCGAAGAGGAGTC-1"
[3] "X__15t#AAACCGGCATCATGTG-1" "X__15t#AAAGCAAGTTGCAATG-1"
[5] "X__15t#AAAGCCGCAGTAGGTG-1" "X__15t#AAAGCTTGTTAACGGC-1"



2026-07-22 12:31:50.216429 : Number of Cells = 317

2026-07-22 12:31:50.220047 : Coverage File Exists!

2026-07-22 12:31:50.222229 : Added Coverage Group

2026-07-22 12:31:50.224328 : Added Metadata Group

2026-07-22 12:31:50.232092 : Added ArrowCoverage Class

2026-07-22 12:31:50.234176 : Added Coverage/Info

2026-07-22 12:31:50.240928 : Added Coverage/Info/CellNames
2026-07-22 12:31:50.241204 : Group Fibroblast/HSC._.X__15t (20 of 45) : Processed Fragments Chr (1 of 22), 21.42 mins elapsed.
2026-07-22 12:31:54.114331 : Group Fibroblast/HSC._.X__15t (20 of 45) : Processed Fragments Chr (2 of 22), 21.484 mins elapsed.
2026-07-22 12:31:56.52357 : Group Fibroblast/HSC._.X__15t (20 of 45) : Processed Fragments Chr (3 of 22), 21.524 mins elapsed.
2026-07-22 12:31:58.959073 : Group Fibroblast/HSC._.X__15t (20 of 45) : Processed Fragments Chr (4 of 22), 21.565 mins elapsed.
2026-07-22 12:32:01.335926 : Group Fibroblast/HSC._.X__15t (20 of 45) : Processed Fragments Chr (5 of 22), 21.605 mins elapsed.
2026-07-22 12:32:03.512008 : Group Fibroblast/HSC._.X__15t (20 of 45) : Processed Fragments Chr (6 of 22), 21.641 mins elapsed.
2026-07-22 12:32:05.716264 : Group Fibroblast/HSC._.X__15t (20 of 45) : Processed Fragments Chr (7 of 22), 21.678 mins elapsed.
2026-07-22 12:32:07.909525 : Group Fibroblast/HSC._.X__15t (20 of 45) : Processed Fragments Chr (8 of 22), 21.714 mins elapsed.
2026-07-22 12:32:10.246048 : Group Fibroblast/HSC._.X__15t (20 of 45) : Processed Fragments Chr (9 of 22), 21.753 mins elapsed.
2026-07-22 12:32:12.782092 : Group Fibroblast/HSC._.X__15t (20 of 45) : Processed Fragments Chr (10 of 22), 21.795 mins elapsed.
2026-07-22 12:32:14.961408 : Group Fibroblast/HSC._.X__15t (20 of 45) : Processed Fragments Chr (11 of 22), 21.832 mins elapsed.
2026-07-22 12:32:17.297696 : Group Fibroblast/HSC._.X__15t (20 of 45) : Processed Fragments Chr (12 of 22), 21.871 mins elapsed.
2026-07-22 12:32:20.059554 : Group Fibroblast/HSC._.X__15t (20 of 45) : Processed Fragments Chr (13 of 22), 21.917 mins elapsed.
2026-07-22 12:32:22.284599 : Group Fibroblast/HSC._.X__15t (20 of 45) : Processed Fragments Chr (14 of 22), 21.954 mins elapsed.
2026-07-22 12:32:24.312673 : Group Fibroblast/HSC._.X__15t (20 of 45) : Processed Fragments Chr (15 of 22), 21.987 mins elapsed.
2026-07-22 12:32:26.406785 : Group Fibroblast/HSC._.X__15t (20 of 45) : Processed Fragments Chr (16 of 22), 22.022 mins elapsed.
2026-07-22 12:32:29.143592 : Group Fibroblast/HSC._.X__15t (20 of 45) : Processed Fragments Chr (17 of 22), 22.068 mins elapsed.
2026-07-22 12:32:31.77354 : Group Fibroblast/HSC._.X__15t (20 of 45) : Processed Fragments Chr (18 of 22), 22.112 mins elapsed.
2026-07-22 12:32:34.363259 : Group Fibroblast/HSC._.X__15t (20 of 45) : Processed Fragments Chr (19 of 22), 22.155 mins elapsed.
2026-07-22 12:32:36.912546 : Group Fibroblast/HSC._.X__15t (20 of 45) : Processed Fragments Chr (20 of 22), 22.197 mins elapsed.
2026-07-22 12:32:39.429065 : Group Fibroblast/HSC._.X__15t (20 of 45) : Processed Fragments Chr (21 of 22), 22.239 mins elapsed.
2026-07-22 12:32:41.876618 : Group Fibroblast/HSC._.X__15t (20 of 45) : Processed Fragments Chr (22 of 22), 22.28 mins elapsed.
2026-07-22 12:32:44.172931 : Group Hepatocyte._.X__17t (21 of 45) : Creating Group Coverage File : Hepatocyte._.X__17t.insertions.coverage.h5, 22.318 mins elapsed.

2026-07-22 12:32:44.1757 : Group Hepatocyte._.X__17t (21 of 45) : cellGroupi, Class = character

Group Hepatocyte._.X__17t (21 of 45) : cellGroupi: length = 3489
[1] "X__17t#AGTTACTCATTAAGCT-1" "X__17t#GCCCTCATCCGTTATT-1"
[3] "X__17t#TTGTTCCCAACGTGCT-1" "X__17t#GAGTGATCACAGAAAC-1"
[5] "X__17t#TGTTTGTTCCCTGGTT-1" "X__17t#TGCATTAAGTATGTGC-1"



2026-07-22 12:32:44.177105 : Number of Cells = 3489

2026-07-22 12:32:44.180997 : Coverage File Exists!

2026-07-22 12:32:44.18318 : Added Coverage Group

2026-07-22 12:32:44.185273 : Added Metadata Group

2026-07-22 12:32:44.193048 : Added ArrowCoverage Class

2026-07-22 12:32:44.195189 : Added Coverage/Info

2026-07-22 12:32:44.213634 : Added Coverage/Info/CellNames
2026-07-22 12:32:44.213913 : Group Hepatocyte._.X__17t (21 of 45) : Processed Fragments Chr (1 of 22), 22.319 mins elapsed.
2026-07-22 12:32:54.47275 : Group Hepatocyte._.X__17t (21 of 45) : Processed Fragments Chr (2 of 22), 22.49 mins elapsed.
2026-07-22 12:32:57.535196 : Group Hepatocyte._.X__17t (21 of 45) : Processed Fragments Chr (3 of 22), 22.541 mins elapsed.
2026-07-22 12:33:00.884167 : Group Hepatocyte._.X__17t (21 of 45) : Processed Fragments Chr (4 of 22), 22.597 mins elapsed.
2026-07-22 12:33:04.24549 : Group Hepatocyte._.X__17t (21 of 45) : Processed Fragments Chr (5 of 22), 22.653 mins elapsed.
2026-07-22 12:33:06.647975 : Group Hepatocyte._.X__17t (21 of 45) : Processed Fragments Chr (6 of 22), 22.693 mins elapsed.
2026-07-22 12:33:09.241302 : Group Hepatocyte._.X__17t (21 of 45) : Processed Fragments Chr (7 of 22), 22.736 mins elapsed.
2026-07-22 12:33:12.546848 : Group Hepatocyte._.X__17t (21 of 45) : Processed Fragments Chr (8 of 22), 22.791 mins elapsed.
2026-07-22 12:33:15.572454 : Group Hepatocyte._.X__17t (21 of 45) : Processed Fragments Chr (9 of 22), 22.842 mins elapsed.
2026-07-22 12:33:19.332873 : Group Hepatocyte._.X__17t (21 of 45) : Processed Fragments Chr (10 of 22), 22.904 mins elapsed.
2026-07-22 12:33:21.899025 : Group Hepatocyte._.X__17t (21 of 45) : Processed Fragments Chr (11 of 22), 22.947 mins elapsed.
2026-07-22 12:33:25.710621 : Group Hepatocyte._.X__17t (21 of 45) : Processed Fragments Chr (12 of 22), 23.011 mins elapsed.
2026-07-22 12:33:29.918238 : Group Hepatocyte._.X__17t (21 of 45) : Processed Fragments Chr (13 of 22), 23.081 mins elapsed.
2026-07-22 12:33:32.892483 : Group Hepatocyte._.X__17t (21 of 45) : Processed Fragments Chr (14 of 22), 23.13 mins elapsed.
2026-07-22 12:33:35.133783 : Group Hepatocyte._.X__17t (21 of 45) : Processed Fragments Chr (15 of 22), 23.168 mins elapsed.
2026-07-22 12:33:37.734582 : Group Hepatocyte._.X__17t (21 of 45) : Processed Fragments Chr (16 of 22), 23.211 mins elapsed.
2026-07-22 12:33:41.469753 : Group Hepatocyte._.X__17t (21 of 45) : Processed Fragments Chr (17 of 22), 23.273 mins elapsed.
2026-07-22 12:33:44.568545 : Group Hepatocyte._.X__17t (21 of 45) : Processed Fragments Chr (18 of 22), 23.325 mins elapsed.
2026-07-22 12:33:47.83739 : Group Hepatocyte._.X__17t (21 of 45) : Processed Fragments Chr (19 of 22), 23.38 mins elapsed.
2026-07-22 12:33:51.720522 : Group Hepatocyte._.X__17t (21 of 45) : Processed Fragments Chr (20 of 22), 23.444 mins elapsed.
2026-07-22 12:33:55.141129 : Group Hepatocyte._.X__17t (21 of 45) : Processed Fragments Chr (21 of 22), 23.501 mins elapsed.
2026-07-22 12:33:58.218554 : Group Hepatocyte._.X__17t (21 of 45) : Processed Fragments Chr (22 of 22), 23.553 mins elapsed.
2026-07-22 12:34:01.478967 : Group Hepatocyte._.X__13t (22 of 45) : Creating Group Coverage File : Hepatocyte._.X__13t.insertions.coverage.h5, 23.607 mins elapsed.

2026-07-22 12:34:01.481336 : Group Hepatocyte._.X__13t (22 of 45) : cellGroupi, Class = character

Group Hepatocyte._.X__13t (22 of 45) : cellGroupi: length = 2629
[1] "X__13t#GTTTCTAGTTAATCGG-1" "X__13t#CGCATTTGTATGTGGC-1"
[3] "X__13t#GATGCGACAATACTGT-1" "X__13t#CCACAATAGGTGAGAC-1"
[5] "X__13t#CTCCATCAGTAGCGGG-1" "X__13t#ATGAAGTAGGAGTAAT-1"



2026-07-22 12:34:01.482754 : Number of Cells = 2629

2026-07-22 12:34:01.486431 : Coverage File Exists!

2026-07-22 12:34:01.488608 : Added Coverage Group

2026-07-22 12:34:01.490715 : Added Metadata Group

2026-07-22 12:34:01.4987 : Added ArrowCoverage Class

2026-07-22 12:34:01.500778 : Added Coverage/Info

2026-07-22 12:34:01.516136 : Added Coverage/Info/CellNames
2026-07-22 12:34:01.51642 : Group Hepatocyte._.X__13t (22 of 45) : Processed Fragments Chr (1 of 22), 23.608 mins elapsed.
2026-07-22 12:34:09.747507 : Group Hepatocyte._.X__13t (22 of 45) : Processed Fragments Chr (2 of 22), 23.745 mins elapsed.
2026-07-22 12:34:13.284905 : Group Hepatocyte._.X__13t (22 of 45) : Processed Fragments Chr (3 of 22), 23.804 mins elapsed.
2026-07-22 12:34:16.91515 : Group Hepatocyte._.X__13t (22 of 45) : Processed Fragments Chr (4 of 22), 23.864 mins elapsed.
2026-07-22 12:34:20.437938 : Group Hepatocyte._.X__13t (22 of 45) : Processed Fragments Chr (5 of 22), 23.923 mins elapsed.
2026-07-22 12:34:23.27152 : Group Hepatocyte._.X__13t (22 of 45) : Processed Fragments Chr (6 of 22), 23.97 mins elapsed.
2026-07-22 12:34:26.068418 : Group Hepatocyte._.X__13t (22 of 45) : Processed Fragments Chr (7 of 22), 24.017 mins elapsed.
2026-07-22 12:34:29.179773 : Group Hepatocyte._.X__13t (22 of 45) : Processed Fragments Chr (8 of 22), 24.069 mins elapsed.
2026-07-22 12:34:32.37092 : Group Hepatocyte._.X__13t (22 of 45) : Processed Fragments Chr (9 of 22), 24.122 mins elapsed.
2026-07-22 12:34:36.494137 : Group Hepatocyte._.X__13t (22 of 45) : Processed Fragments Chr (10 of 22), 24.191 mins elapsed.
2026-07-22 12:34:39.316968 : Group Hepatocyte._.X__13t (22 of 45) : Processed Fragments Chr (11 of 22), 24.238 mins elapsed.
2026-07-22 12:34:42.521712 : Group Hepatocyte._.X__13t (22 of 45) : Processed Fragments Chr (12 of 22), 24.291 mins elapsed.
2026-07-22 12:34:47.265294 : Group Hepatocyte._.X__13t (22 of 45) : Processed Fragments Chr (13 of 22), 24.37 mins elapsed.
2026-07-22 12:34:50.30472 : Group Hepatocyte._.X__13t (22 of 45) : Processed Fragments Chr (14 of 22), 24.421 mins elapsed.
2026-07-22 12:34:53.050793 : Group Hepatocyte._.X__13t (22 of 45) : Processed Fragments Chr (15 of 22), 24.466 mins elapsed.
2026-07-22 12:34:55.606394 : Group Hepatocyte._.X__13t (22 of 45) : Processed Fragments Chr (16 of 22), 24.509 mins elapsed.
2026-07-22 12:34:59.767955 : Group Hepatocyte._.X__13t (22 of 45) : Processed Fragments Chr (17 of 22), 24.578 mins elapsed.
2026-07-22 12:35:03.31098 : Group Hepatocyte._.X__13t (22 of 45) : Processed Fragments Chr (18 of 22), 24.637 mins elapsed.
2026-07-22 12:35:07.986681 : Group Hepatocyte._.X__13t (22 of 45) : Processed Fragments Chr (19 of 22), 24.715 mins elapsed.
2026-07-22 12:35:12.758224 : Group Hepatocyte._.X__13t (22 of 45) : Processed Fragments Chr (20 of 22), 24.795 mins elapsed.
2026-07-22 12:35:17.181532 : Group Hepatocyte._.X__13t (22 of 45) : Processed Fragments Chr (21 of 22), 24.869 mins elapsed.
2026-07-22 12:35:20.562629 : Group Hepatocyte._.X__13t (22 of 45) : Processed Fragments Chr (22 of 22), 24.925 mins elapsed.
2026-07-22 12:35:23.811358 : Group Hepatocyte._.X__1t (23 of 45) : Creating Group Coverage File : Hepatocyte._.X__1t.insertions.coverage.h5, 24.979 mins elapsed.

2026-07-22 12:35:23.814677 : Group Hepatocyte._.X__1t (23 of 45) : cellGroupi, Class = character

Group Hepatocyte._.X__1t (23 of 45) : cellGroupi: length = 4154
[1] "X__1t#TCGTTACGTTATAGCG-1" "X__1t#GATTTGCAGTATGTGC-1"
[3] "X__1t#GGTTACCCAGGCTAGA-1" "X__1t#TTATGACCAGCACGTT-1"
[5] "X__1t#GCGCCTTGTTAGGCGT-1" "X__1t#AGAGATTAGTTATGGC-1"



2026-07-22 12:35:23.816087 : Number of Cells = 4154

2026-07-22 12:35:23.820376 : Coverage File Exists!

2026-07-22 12:35:23.822561 : Added Coverage Group

2026-07-22 12:35:23.824671 : Added Metadata Group

2026-07-22 12:35:23.83216 : Added ArrowCoverage Class

2026-07-22 12:35:23.834228 : Added Coverage/Info

2026-07-22 12:35:23.855091 : Added Coverage/Info/CellNames
2026-07-22 12:35:23.855376 : Group Hepatocyte._.X__1t (23 of 45) : Processed Fragments Chr (1 of 22), 24.98 mins elapsed.
2026-07-22 12:35:33.898859 : Group Hepatocyte._.X__1t (23 of 45) : Processed Fragments Chr (2 of 22), 25.147 mins elapsed.
2026-07-22 12:35:37.569474 : Group Hepatocyte._.X__1t (23 of 45) : Processed Fragments Chr (3 of 22), 25.208 mins elapsed.
2026-07-22 12:35:41.30197 : Group Hepatocyte._.X__1t (23 of 45) : Processed Fragments Chr (4 of 22), 25.271 mins elapsed.
2026-07-22 12:35:44.898933 : Group Hepatocyte._.X__1t (23 of 45) : Processed Fragments Chr (5 of 22), 25.331 mins elapsed.
2026-07-22 12:35:47.344667 : Group Hepatocyte._.X__1t (23 of 45) : Processed Fragments Chr (6 of 22), 25.371 mins elapsed.
2026-07-22 12:35:50.30876 : Group Hepatocyte._.X__1t (23 of 45) : Processed Fragments Chr (7 of 22), 25.421 mins elapsed.
2026-07-22 12:35:53.339569 : Group Hepatocyte._.X__1t (23 of 45) : Processed Fragments Chr (8 of 22), 25.471 mins elapsed.
2026-07-22 12:35:56.895094 : Group Hepatocyte._.X__1t (23 of 45) : Processed Fragments Chr (9 of 22), 25.531 mins elapsed.
2026-07-22 12:36:00.353418 : Group Hepatocyte._.X__1t (23 of 45) : Processed Fragments Chr (10 of 22), 25.588 mins elapsed.
2026-07-22 12:36:02.713246 : Group Hepatocyte._.X__1t (23 of 45) : Processed Fragments Chr (11 of 22), 25.628 mins elapsed.
2026-07-22 12:36:06.237549 : Group Hepatocyte._.X__1t (23 of 45) : Processed Fragments Chr (12 of 22), 25.686 mins elapsed.
2026-07-22 12:36:10.694614 : Group Hepatocyte._.X__1t (23 of 45) : Processed Fragments Chr (13 of 22), 25.761 mins elapsed.
2026-07-22 12:36:13.837414 : Group Hepatocyte._.X__1t (23 of 45) : Processed Fragments Chr (14 of 22), 25.813 mins elapsed.
2026-07-22 12:36:16.151809 : Group Hepatocyte._.X__1t (23 of 45) : Processed Fragments Chr (15 of 22), 25.851 mins elapsed.
2026-07-22 12:36:18.507529 : Group Hepatocyte._.X__1t (23 of 45) : Processed Fragments Chr (16 of 22), 25.891 mins elapsed.
2026-07-22 12:36:24.651007 : Group Hepatocyte._.X__1t (23 of 45) : Processed Fragments Chr (17 of 22), 25.993 mins elapsed.
2026-07-22 12:36:28.098235 : Group Hepatocyte._.X__1t (23 of 45) : Processed Fragments Chr (18 of 22), 26.051 mins elapsed.
2026-07-22 12:36:31.780463 : Group Hepatocyte._.X__1t (23 of 45) : Processed Fragments Chr (19 of 22), 26.112 mins elapsed.
2026-07-22 12:36:35.79593 : Group Hepatocyte._.X__1t (23 of 45) : Processed Fragments Chr (20 of 22), 26.179 mins elapsed.
2026-07-22 12:36:39.487971 : Group Hepatocyte._.X__1t (23 of 45) : Processed Fragments Chr (21 of 22), 26.24 mins elapsed.
2026-07-22 12:36:42.718561 : Group Hepatocyte._.X__1t (23 of 45) : Processed Fragments Chr (22 of 22), 26.294 mins elapsed.
2026-07-22 12:36:45.952321 : Group Hepatocyte._.X__pt29pre (24 of 45) : Creating Group Coverage File : Hepatocyte._.X__pt29pre.insertions.coverage.h5, 26.348 mins elapsed.

2026-07-22 12:36:45.95546 : Group Hepatocyte._.X__pt29pre (24 of 45) : cellGroupi, Class = character

Group Hepatocyte._.X__pt29pre (24 of 45) : cellGroupi: length = 3889
[1] "X__pt29pre#TGGCTATAGCACTTGG-1" "X__pt29pre#ATGAAGCCAACTCGCG-1"
[3] "X__pt29pre#CTATGAGGTATTGGAT-1" "X__pt29pre#GGGCCTAGTAATCGCA-1"
[5] "X__pt29pre#AAGCGGGTCCGGTATG-1" "X__pt29pre#AATGGCGCACTGGCCA-1"



2026-07-22 12:36:45.956892 : Number of Cells = 3889

2026-07-22 12:36:45.960815 : Coverage File Exists!

2026-07-22 12:36:45.963011 : Added Coverage Group

2026-07-22 12:36:45.965116 : Added Metadata Group

2026-07-22 12:36:45.972593 : Added ArrowCoverage Class

2026-07-22 12:36:45.974686 : Added Coverage/Info

2026-07-22 12:36:45.994888 : Added Coverage/Info/CellNames
2026-07-22 12:36:45.995185 : Group Hepatocyte._.X__pt29pre (24 of 45) : Processed Fragments Chr (1 of 22), 26.349 mins elapsed.
2026-07-22 12:36:53.815133 : Group Hepatocyte._.X__pt29pre (24 of 45) : Processed Fragments Chr (2 of 22), 26.479 mins elapsed.
2026-07-22 12:36:57.437641 : Group Hepatocyte._.X__pt29pre (24 of 45) : Processed Fragments Chr (3 of 22), 26.54 mins elapsed.
2026-07-22 12:37:00.786991 : Group Hepatocyte._.X__pt29pre (24 of 45) : Processed Fragments Chr (4 of 22), 26.595 mins elapsed.
2026-07-22 12:37:04.115114 : Group Hepatocyte._.X__pt29pre (24 of 45) : Processed Fragments Chr (5 of 22), 26.651 mins elapsed.
2026-07-22 12:37:06.852269 : Group Hepatocyte._.X__pt29pre (24 of 45) : Processed Fragments Chr (6 of 22), 26.696 mins elapsed.
2026-07-22 12:37:09.533574 : Group Hepatocyte._.X__pt29pre (24 of 45) : Processed Fragments Chr (7 of 22), 26.741 mins elapsed.
2026-07-22 12:37:12.237083 : Group Hepatocyte._.X__pt29pre (24 of 45) : Processed Fragments Chr (8 of 22), 26.786 mins elapsed.
2026-07-22 12:37:15.075348 : Group Hepatocyte._.X__pt29pre (24 of 45) : Processed Fragments Chr (9 of 22), 26.834 mins elapsed.
2026-07-22 12:37:18.463579 : Group Hepatocyte._.X__pt29pre (24 of 45) : Processed Fragments Chr (10 of 22), 26.89 mins elapsed.
2026-07-22 12:37:21.029513 : Group Hepatocyte._.X__pt29pre (24 of 45) : Processed Fragments Chr (11 of 22), 26.933 mins elapsed.
2026-07-22 12:37:23.913383 : Group Hepatocyte._.X__pt29pre (24 of 45) : Processed Fragments Chr (12 of 22), 26.981 mins elapsed.
2026-07-22 12:37:28.286057 : Group Hepatocyte._.X__pt29pre (24 of 45) : Processed Fragments Chr (13 of 22), 27.054 mins elapsed.
2026-07-22 12:37:31.003177 : Group Hepatocyte._.X__pt29pre (24 of 45) : Processed Fragments Chr (14 of 22), 27.099 mins elapsed.
2026-07-22 12:37:33.259634 : Group Hepatocyte._.X__pt29pre (24 of 45) : Processed Fragments Chr (15 of 22), 27.137 mins elapsed.
2026-07-22 12:37:35.886267 : Group Hepatocyte._.X__pt29pre (24 of 45) : Processed Fragments Chr (16 of 22), 27.18 mins elapsed.
2026-07-22 12:37:39.74087 : Group Hepatocyte._.X__pt29pre (24 of 45) : Processed Fragments Chr (17 of 22), 27.245 mins elapsed.
2026-07-22 12:37:43.262151 : Group Hepatocyte._.X__pt29pre (24 of 45) : Processed Fragments Chr (18 of 22), 27.303 mins elapsed.
2026-07-22 12:37:46.96661 : Group Hepatocyte._.X__pt29pre (24 of 45) : Processed Fragments Chr (19 of 22), 27.365 mins elapsed.
2026-07-22 12:37:50.724091 : Group Hepatocyte._.X__pt29pre (24 of 45) : Processed Fragments Chr (20 of 22), 27.428 mins elapsed.
2026-07-22 12:37:54.603028 : Group Hepatocyte._.X__pt29pre (24 of 45) : Processed Fragments Chr (21 of 22), 27.492 mins elapsed.
2026-07-22 12:37:58.043352 : Group Hepatocyte._.X__pt29pre (24 of 45) : Processed Fragments Chr (22 of 22), 27.55 mins elapsed.
2026-07-22 12:38:01.094005 : Group Hepatocyte._.X__20t (25 of 45) : Creating Group Coverage File : Hepatocyte._.X__20t.insertions.coverage.h5, 27.6 mins elapsed.

2026-07-22 12:38:01.095738 : Group Hepatocyte._.X__20t (25 of 45) : cellGroupi, Class = character

Group Hepatocyte._.X__20t (25 of 45) : cellGroupi: length = 1925
[1] "X__20t#CATAATGTCCGGTTGA-1" "X__20t#CGCACAATCTACCTCA-1"
[3] "X__20t#ATCAAGCTCTTCAATC-1" "X__20t#TACGCACCACAGCCAT-1"
[5] "X__20t#CACTGACCAAAGCCTC-1" "X__20t#TCACCTCAGTATGTGC-1"



2026-07-22 12:38:01.097132 : Number of Cells = 1925

2026-07-22 12:38:01.100834 : Coverage File Exists!

2026-07-22 12:38:01.104188 : Added Coverage Group

2026-07-22 12:38:01.106294 : Added Metadata Group

2026-07-22 12:38:01.113964 : Added ArrowCoverage Class

2026-07-22 12:38:01.116061 : Added Coverage/Info

2026-07-22 12:38:01.12868 : Added Coverage/Info/CellNames
2026-07-22 12:38:01.128963 : Group Hepatocyte._.X__20t (25 of 45) : Processed Fragments Chr (1 of 22), 27.601 mins elapsed.
2026-07-22 12:38:13.202271 : Group Hepatocyte._.X__20t (25 of 45) : Processed Fragments Chr (2 of 22), 27.802 mins elapsed.
2026-07-22 12:38:16.957324 : Group Hepatocyte._.X__20t (25 of 45) : Processed Fragments Chr (3 of 22), 27.865 mins elapsed.
2026-07-22 12:38:20.703476 : Group Hepatocyte._.X__20t (25 of 45) : Processed Fragments Chr (4 of 22), 27.927 mins elapsed.
2026-07-22 12:38:24.110123 : Group Hepatocyte._.X__20t (25 of 45) : Processed Fragments Chr (5 of 22), 27.984 mins elapsed.
2026-07-22 12:38:26.756543 : Group Hepatocyte._.X__20t (25 of 45) : Processed Fragments Chr (6 of 22), 28.028 mins elapsed.
2026-07-22 12:38:29.693989 : Group Hepatocyte._.X__20t (25 of 45) : Processed Fragments Chr (7 of 22), 28.077 mins elapsed.
2026-07-22 12:38:32.595791 : Group Hepatocyte._.X__20t (25 of 45) : Processed Fragments Chr (8 of 22), 28.126 mins elapsed.
2026-07-22 12:38:35.600652 : Group Hepatocyte._.X__20t (25 of 45) : Processed Fragments Chr (9 of 22), 28.176 mins elapsed.
2026-07-22 12:38:39.394938 : Group Hepatocyte._.X__20t (25 of 45) : Processed Fragments Chr (10 of 22), 28.239 mins elapsed.
2026-07-22 12:38:41.974166 : Group Hepatocyte._.X__20t (25 of 45) : Processed Fragments Chr (11 of 22), 28.282 mins elapsed.
2026-07-22 12:38:45.320338 : Group Hepatocyte._.X__20t (25 of 45) : Processed Fragments Chr (12 of 22), 28.338 mins elapsed.
2026-07-22 12:38:50.428823 : Group Hepatocyte._.X__20t (25 of 45) : Processed Fragments Chr (13 of 22), 28.423 mins elapsed.
2026-07-22 12:38:53.157307 : Group Hepatocyte._.X__20t (25 of 45) : Processed Fragments Chr (14 of 22), 28.468 mins elapsed.
2026-07-22 12:38:55.388396 : Group Hepatocyte._.X__20t (25 of 45) : Processed Fragments Chr (15 of 22), 28.505 mins elapsed.
2026-07-22 12:38:58.143718 : Group Hepatocyte._.X__20t (25 of 45) : Processed Fragments Chr (16 of 22), 28.551 mins elapsed.
2026-07-22 12:39:02.003471 : Group Hepatocyte._.X__20t (25 of 45) : Processed Fragments Chr (17 of 22), 28.616 mins elapsed.
2026-07-22 12:39:05.498704 : Group Hepatocyte._.X__20t (25 of 45) : Processed Fragments Chr (18 of 22), 28.674 mins elapsed.
2026-07-22 12:39:09.534611 : Group Hepatocyte._.X__20t (25 of 45) : Processed Fragments Chr (19 of 22), 28.741 mins elapsed.
2026-07-22 12:39:13.226033 : Group Hepatocyte._.X__20t (25 of 45) : Processed Fragments Chr (20 of 22), 28.803 mins elapsed.
2026-07-22 12:39:16.766565 : Group Hepatocyte._.X__20t (25 of 45) : Processed Fragments Chr (21 of 22), 28.862 mins elapsed.
2026-07-22 12:39:21.740685 : Group Hepatocyte._.X__20t (25 of 45) : Processed Fragments Chr (22 of 22), 28.945 mins elapsed.
2026-07-22 12:39:25.584359 : Group Macrophage._.X__13t (26 of 45) : Creating Group Coverage File : Macrophage._.X__13t.insertions.coverage.h5, 29.009 mins elapsed.

2026-07-22 12:39:25.587185 : Group Macrophage._.X__13t (26 of 45) : cellGroupi, Class = character

Group Macrophage._.X__13t (26 of 45) : cellGroupi: length = 3448
[1] "X__13t#AATTACCCATCCCGCT-1" "X__13t#GTCTATCGTTAGCCAA-1"
[3] "X__13t#AATGCAACAATCCTGA-1" "X__13t#GTTTGCTGTATTTGGG-1"
[5] "X__13t#CTAATCGCAACAGCCT-1" "X__13t#GCAGGACCAGCCAGTT-1"



2026-07-22 12:39:25.5886 : Number of Cells = 3448

2026-07-22 12:39:25.592301 : Coverage File Exists!

2026-07-22 12:39:25.594484 : Added Coverage Group

2026-07-22 12:39:25.596583 : Added Metadata Group

2026-07-22 12:39:25.605364 : Added ArrowCoverage Class

2026-07-22 12:39:25.607448 : Added Coverage/Info

2026-07-22 12:39:25.625849 : Added Coverage/Info/CellNames
2026-07-22 12:39:25.626132 : Group Macrophage._.X__13t (26 of 45) : Processed Fragments Chr (1 of 22), 29.009 mins elapsed.
2026-07-22 12:39:32.792746 : Group Macrophage._.X__13t (26 of 45) : Processed Fragments Chr (2 of 22), 29.129 mins elapsed.
2026-07-22 12:39:36.339708 : Group Macrophage._.X__13t (26 of 45) : Processed Fragments Chr (3 of 22), 29.188 mins elapsed.
2026-07-22 12:39:40.292673 : Group Macrophage._.X__13t (26 of 45) : Processed Fragments Chr (4 of 22), 29.254 mins elapsed.
2026-07-22 12:39:44.042536 : Group Macrophage._.X__13t (26 of 45) : Processed Fragments Chr (5 of 22), 29.316 mins elapsed.
2026-07-22 12:39:46.920995 : Group Macrophage._.X__13t (26 of 45) : Processed Fragments Chr (6 of 22), 29.364 mins elapsed.
2026-07-22 12:39:49.908065 : Group Macrophage._.X__13t (26 of 45) : Processed Fragments Chr (7 of 22), 29.414 mins elapsed.
2026-07-22 12:39:52.908558 : Group Macrophage._.X__13t (26 of 45) : Processed Fragments Chr (8 of 22), 29.464 mins elapsed.
2026-07-22 12:39:56.052972 : Group Macrophage._.X__13t (26 of 45) : Processed Fragments Chr (9 of 22), 29.516 mins elapsed.
2026-07-22 12:40:00.248036 : Group Macrophage._.X__13t (26 of 45) : Processed Fragments Chr (10 of 22), 29.586 mins elapsed.
2026-07-22 12:40:03.127123 : Group Macrophage._.X__13t (26 of 45) : Processed Fragments Chr (11 of 22), 29.634 mins elapsed.
2026-07-22 12:40:06.81867 : Group Macrophage._.X__13t (26 of 45) : Processed Fragments Chr (12 of 22), 29.696 mins elapsed.
2026-07-22 12:40:11.75656 : Group Macrophage._.X__13t (26 of 45) : Processed Fragments Chr (13 of 22), 29.778 mins elapsed.
2026-07-22 12:40:14.662771 : Group Macrophage._.X__13t (26 of 45) : Processed Fragments Chr (14 of 22), 29.827 mins elapsed.
2026-07-22 12:40:17.040162 : Group Macrophage._.X__13t (26 of 45) : Processed Fragments Chr (15 of 22), 29.866 mins elapsed.
2026-07-22 12:40:19.816336 : Group Macrophage._.X__13t (26 of 45) : Processed Fragments Chr (16 of 22), 29.913 mins elapsed.
2026-07-22 12:40:24.105857 : Group Macrophage._.X__13t (26 of 45) : Processed Fragments Chr (17 of 22), 29.984 mins elapsed.
2026-07-22 12:40:27.858627 : Group Macrophage._.X__13t (26 of 45) : Processed Fragments Chr (18 of 22), 30.047 mins elapsed.
2026-07-22 12:40:32.27272 : Group Macrophage._.X__13t (26 of 45) : Processed Fragments Chr (19 of 22), 30.12 mins elapsed.
2026-07-22 12:40:36.593238 : Group Macrophage._.X__13t (26 of 45) : Processed Fragments Chr (20 of 22), 30.192 mins elapsed.
2026-07-22 12:40:40.906684 : Group Macrophage._.X__13t (26 of 45) : Processed Fragments Chr (21 of 22), 30.264 mins elapsed.
2026-07-22 12:40:44.481672 : Group Macrophage._.X__13t (26 of 45) : Processed Fragments Chr (22 of 22), 30.324 mins elapsed.
2026-07-22 12:40:48.061717 : Group Macrophage._.X__22t (27 of 45) : Creating Group Coverage File : Macrophage._.X__22t.insertions.coverage.h5, 30.383 mins elapsed.

2026-07-22 12:40:48.064838 : Group Macrophage._.X__22t (27 of 45) : cellGroupi, Class = character

Group Macrophage._.X__22t (27 of 45) : cellGroupi: length = 3701
[1] "X__22t#AAAGCAAGTGGAGCAA-1" "X__22t#GGTTTGTAGTCTATGA-1"
[3] "X__22t#CCACTTGGTTCCATTA-1" "X__22t#GTGCTCAAGGGATTAG-1"
[5] "X__22t#TCACATAAGAGCAAGC-1" "X__22t#TCGGTAAGTTCATCTA-1"



2026-07-22 12:40:48.066256 : Number of Cells = 3701

2026-07-22 12:40:48.070189 : Coverage File Exists!

2026-07-22 12:40:48.072379 : Added Coverage Group

2026-07-22 12:40:48.074475 : Added Metadata Group

2026-07-22 12:40:48.082367 : Added ArrowCoverage Class

2026-07-22 12:40:48.08446 : Added Coverage/Info

2026-07-22 12:40:48.103683 : Added Coverage/Info/CellNames
2026-07-22 12:40:48.103969 : Group Macrophage._.X__22t (27 of 45) : Processed Fragments Chr (1 of 22), 30.384 mins elapsed.
2026-07-22 12:40:55.689997 : Group Macrophage._.X__22t (27 of 45) : Processed Fragments Chr (2 of 22), 30.51 mins elapsed.
2026-07-22 12:40:59.102365 : Group Macrophage._.X__22t (27 of 45) : Processed Fragments Chr (3 of 22), 30.567 mins elapsed.
2026-07-22 12:41:02.756184 : Group Macrophage._.X__22t (27 of 45) : Processed Fragments Chr (4 of 22), 30.628 mins elapsed.
2026-07-22 12:41:06.258435 : Group Macrophage._.X__22t (27 of 45) : Processed Fragments Chr (5 of 22), 30.687 mins elapsed.
2026-07-22 12:41:08.954775 : Group Macrophage._.X__22t (27 of 45) : Processed Fragments Chr (6 of 22), 30.732 mins elapsed.
2026-07-22 12:41:11.878383 : Group Macrophage._.X__22t (27 of 45) : Processed Fragments Chr (7 of 22), 30.78 mins elapsed.
2026-07-22 12:41:14.69449 : Group Macrophage._.X__22t (27 of 45) : Processed Fragments Chr (8 of 22), 30.827 mins elapsed.
2026-07-22 12:41:17.67706 : Group Macrophage._.X__22t (27 of 45) : Processed Fragments Chr (9 of 22), 30.877 mins elapsed.
2026-07-22 12:41:21.381158 : Group Macrophage._.X__22t (27 of 45) : Processed Fragments Chr (10 of 22), 30.939 mins elapsed.
2026-07-22 12:41:24.104863 : Group Macrophage._.X__22t (27 of 45) : Processed Fragments Chr (11 of 22), 30.984 mins elapsed.
2026-07-22 12:41:27.610129 : Group Macrophage._.X__22t (27 of 45) : Processed Fragments Chr (12 of 22), 31.042 mins elapsed.
2026-07-22 12:41:32.237205 : Group Macrophage._.X__22t (27 of 45) : Processed Fragments Chr (13 of 22), 31.12 mins elapsed.
2026-07-22 12:41:34.947844 : Group Macrophage._.X__22t (27 of 45) : Processed Fragments Chr (14 of 22), 31.165 mins elapsed.
2026-07-22 12:41:37.194909 : Group Macrophage._.X__22t (27 of 45) : Processed Fragments Chr (15 of 22), 31.202 mins elapsed.
2026-07-22 12:41:39.745903 : Group Macrophage._.X__22t (27 of 45) : Processed Fragments Chr (16 of 22), 31.245 mins elapsed.
2026-07-22 12:41:43.793062 : Group Macrophage._.X__22t (27 of 45) : Processed Fragments Chr (17 of 22), 31.312 mins elapsed.
2026-07-22 12:41:47.340757 : Group Macrophage._.X__22t (27 of 45) : Processed Fragments Chr (18 of 22), 31.371 mins elapsed.
2026-07-22 12:41:50.880177 : Group Macrophage._.X__22t (27 of 45) : Processed Fragments Chr (19 of 22), 31.43 mins elapsed.
2026-07-22 12:41:54.507953 : Group Macrophage._.X__22t (27 of 45) : Processed Fragments Chr (20 of 22), 31.491 mins elapsed.
2026-07-22 12:41:57.902422 : Group Macrophage._.X__22t (27 of 45) : Processed Fragments Chr (21 of 22), 31.547 mins elapsed.
2026-07-22 12:42:01.463353 : Group Macrophage._.X__22t (27 of 45) : Processed Fragments Chr (22 of 22), 31.607 mins elapsed.
2026-07-22 12:42:04.671453 : Group Macrophage._.X__18t (28 of 45) : Creating Group Coverage File : Macrophage._.X__18t.insertions.coverage.h5, 31.66 mins elapsed.

2026-07-22 12:42:04.67347 : Group Macrophage._.X__18t (28 of 45) : cellGroupi, Class = character

Group Macrophage._.X__18t (28 of 45) : cellGroupi: length = 2288
[1] "X__18t#TGCAGGCTCCTTCAAT-1" "X__18t#CCTCAGTTCCTAGTAA-1"
[3] "X__18t#CGGCAATGTGCTTACT-1" "X__18t#TCTAACTTCTAGCGTG-1"
[5] "X__18t#TGTCAGTAGTCCTTTG-1" "X__18t#GTTTGCTGTCATGAGC-1"



2026-07-22 12:42:04.674865 : Number of Cells = 2288

2026-07-22 12:42:04.678615 : Coverage File Exists!

2026-07-22 12:42:04.680828 : Added Coverage Group

2026-07-22 12:42:04.682929 : Added Metadata Group

2026-07-22 12:42:04.691392 : Added ArrowCoverage Class

2026-07-22 12:42:04.6935 : Added Coverage/Info

2026-07-22 12:42:04.707609 : Added Coverage/Info/CellNames
2026-07-22 12:42:04.707899 : Group Macrophage._.X__18t (28 of 45) : Processed Fragments Chr (1 of 22), 31.661 mins elapsed.
2026-07-22 12:42:17.127857 : Group Macrophage._.X__18t (28 of 45) : Processed Fragments Chr (2 of 22), 31.868 mins elapsed.
2026-07-22 12:42:20.37801 : Group Macrophage._.X__18t (28 of 45) : Processed Fragments Chr (3 of 22), 31.922 mins elapsed.
2026-07-22 12:42:23.789983 : Group Macrophage._.X__18t (28 of 45) : Processed Fragments Chr (4 of 22), 31.979 mins elapsed.
2026-07-22 12:42:27.465014 : Group Macrophage._.X__18t (28 of 45) : Processed Fragments Chr (5 of 22), 32.04 mins elapsed.
2026-07-22 12:42:30.281967 : Group Macrophage._.X__18t (28 of 45) : Processed Fragments Chr (6 of 22), 32.087 mins elapsed.
2026-07-22 12:42:33.200091 : Group Macrophage._.X__18t (28 of 45) : Processed Fragments Chr (7 of 22), 32.136 mins elapsed.
2026-07-22 12:42:36.014374 : Group Macrophage._.X__18t (28 of 45) : Processed Fragments Chr (8 of 22), 32.183 mins elapsed.
2026-07-22 12:42:39.272557 : Group Macrophage._.X__18t (28 of 45) : Processed Fragments Chr (9 of 22), 32.237 mins elapsed.
2026-07-22 12:42:42.582416 : Group Macrophage._.X__18t (28 of 45) : Processed Fragments Chr (10 of 22), 32.292 mins elapsed.
2026-07-22 12:42:45.26558 : Group Macrophage._.X__18t (28 of 45) : Processed Fragments Chr (11 of 22), 32.337 mins elapsed.
2026-07-22 12:42:48.641604 : Group Macrophage._.X__18t (28 of 45) : Processed Fragments Chr (12 of 22), 32.393 mins elapsed.
2026-07-22 12:42:53.029395 : Group Macrophage._.X__18t (28 of 45) : Processed Fragments Chr (13 of 22), 32.466 mins elapsed.
2026-07-22 12:42:55.92806 : Group Macrophage._.X__18t (28 of 45) : Processed Fragments Chr (14 of 22), 32.514 mins elapsed.
2026-07-22 12:42:58.200765 : Group Macrophage._.X__18t (28 of 45) : Processed Fragments Chr (15 of 22), 32.552 mins elapsed.
2026-07-22 12:43:00.63541 : Group Macrophage._.X__18t (28 of 45) : Processed Fragments Chr (16 of 22), 32.593 mins elapsed.
2026-07-22 12:43:04.780026 : Group Macrophage._.X__18t (28 of 45) : Processed Fragments Chr (17 of 22), 32.662 mins elapsed.
2026-07-22 12:43:08.205806 : Group Macrophage._.X__18t (28 of 45) : Processed Fragments Chr (18 of 22), 32.719 mins elapsed.
2026-07-22 12:43:11.708067 : Group Macrophage._.X__18t (28 of 45) : Processed Fragments Chr (19 of 22), 32.777 mins elapsed.
2026-07-22 12:43:15.367033 : Group Macrophage._.X__18t (28 of 45) : Processed Fragments Chr (20 of 22), 32.838 mins elapsed.
2026-07-22 12:43:18.730459 : Group Macrophage._.X__18t (28 of 45) : Processed Fragments Chr (21 of 22), 32.894 mins elapsed.
2026-07-22 12:43:21.935276 : Group Macrophage._.X__18t (28 of 45) : Processed Fragments Chr (22 of 22), 32.948 mins elapsed.
2026-07-22 12:43:25.384572 : Group Macrophage._.X__15t (29 of 45) : Creating Group Coverage File : Macrophage._.X__15t.insertions.coverage.h5, 33.005 mins elapsed.

2026-07-22 12:43:25.386694 : Group Macrophage._.X__15t (29 of 45) : cellGroupi, Class = character

Group Macrophage._.X__15t (29 of 45) : cellGroupi: length = 2363
[1] "X__15t#ATCTTTGGTAACGGGA-1" "X__15t#TGTGCTGAGCCAAATC-1"
[3] "X__15t#CAATGTGGTCTTTATG-1" "X__15t#GGTCCATCACTTGTTC-1"
[5] "X__15t#CGGTTCCGTTTGCGAA-1" "X__15t#AAGCTCCCATGAAGTA-1"



2026-07-22 12:43:25.388099 : Number of Cells = 2363

2026-07-22 12:43:26.675977 : Coverage File Exists!

2026-07-22 12:43:26.678253 : Added Coverage Group

2026-07-22 12:43:26.680474 : Added Metadata Group

2026-07-22 12:43:26.688481 : Added ArrowCoverage Class

2026-07-22 12:43:26.690595 : Added Coverage/Info

2026-07-22 12:43:26.704949 : Added Coverage/Info/CellNames
2026-07-22 12:43:26.705231 : Group Macrophage._.X__15t (29 of 45) : Processed Fragments Chr (1 of 22), 33.027 mins elapsed.
2026-07-22 12:43:34.275907 : Group Macrophage._.X__15t (29 of 45) : Processed Fragments Chr (2 of 22), 33.154 mins elapsed.
2026-07-22 12:43:37.586971 : Group Macrophage._.X__15t (29 of 45) : Processed Fragments Chr (3 of 22), 33.209 mins elapsed.
2026-07-22 12:43:41.059053 : Group Macrophage._.X__15t (29 of 45) : Processed Fragments Chr (4 of 22), 33.267 mins elapsed.
2026-07-22 12:43:44.690379 : Group Macrophage._.X__15t (29 of 45) : Processed Fragments Chr (5 of 22), 33.327 mins elapsed.
2026-07-22 12:43:47.605948 : Group Macrophage._.X__15t (29 of 45) : Processed Fragments Chr (6 of 22), 33.376 mins elapsed.
2026-07-22 12:43:50.50298 : Group Macrophage._.X__15t (29 of 45) : Processed Fragments Chr (7 of 22), 33.424 mins elapsed.
2026-07-22 12:43:53.341069 : Group Macrophage._.X__15t (29 of 45) : Processed Fragments Chr (8 of 22), 33.471 mins elapsed.
2026-07-22 12:43:56.283744 : Group Macrophage._.X__15t (29 of 45) : Processed Fragments Chr (9 of 22), 33.52 mins elapsed.
2026-07-22 12:43:59.483203 : Group Macrophage._.X__15t (29 of 45) : Processed Fragments Chr (10 of 22), 33.574 mins elapsed.
2026-07-22 12:44:02.041734 : Group Macrophage._.X__15t (29 of 45) : Processed Fragments Chr (11 of 22), 33.616 mins elapsed.
2026-07-22 12:44:05.074244 : Group Macrophage._.X__15t (29 of 45) : Processed Fragments Chr (12 of 22), 33.667 mins elapsed.
2026-07-22 12:44:09.690979 : Group Macrophage._.X__15t (29 of 45) : Processed Fragments Chr (13 of 22), 33.744 mins elapsed.
2026-07-22 12:44:12.464272 : Group Macrophage._.X__15t (29 of 45) : Processed Fragments Chr (14 of 22), 33.79 mins elapsed.
2026-07-22 12:44:14.715768 : Group Macrophage._.X__15t (29 of 45) : Processed Fragments Chr (15 of 22), 33.828 mins elapsed.
2026-07-22 12:44:17.197625 : Group Macrophage._.X__15t (29 of 45) : Processed Fragments Chr (16 of 22), 33.869 mins elapsed.
2026-07-22 12:44:21.045117 : Group Macrophage._.X__15t (29 of 45) : Processed Fragments Chr (17 of 22), 33.933 mins elapsed.
2026-07-22 12:44:24.676529 : Group Macrophage._.X__15t (29 of 45) : Processed Fragments Chr (18 of 22), 33.994 mins elapsed.
2026-07-22 12:44:28.368694 : Group Macrophage._.X__15t (29 of 45) : Processed Fragments Chr (19 of 22), 34.055 mins elapsed.
2026-07-22 12:44:32.014012 : Group Macrophage._.X__15t (29 of 45) : Processed Fragments Chr (20 of 22), 34.116 mins elapsed.
2026-07-22 12:44:35.604744 : Group Macrophage._.X__15t (29 of 45) : Processed Fragments Chr (21 of 22), 34.176 mins elapsed.
2026-07-22 12:44:38.809613 : Group Macrophage._.X__15t (29 of 45) : Processed Fragments Chr (22 of 22), 34.229 mins elapsed.
2026-07-22 12:44:41.931332 : Group Macrophage._.X__12t (30 of 45) : Creating Group Coverage File : Macrophage._.X__12t.insertions.coverage.h5, 34.281 mins elapsed.

2026-07-22 12:44:41.932386 : Group Macrophage._.X__12t (30 of 45) : cellGroupi, Class = character

Group Macrophage._.X__12t (30 of 45) : cellGroupi: length = 1351
[1] "X__12t#AAACCAACAATCTCTC-1" "X__12t#AAACCAACAATTGACT-1"
[3] "X__12t#AAACGGATCGAGGTGG-1" "X__12t#AAACGTACAGGCTAGA-1"
[5] "X__12t#AAAGCACCAAATTGCT-1" "X__12t#AAAGCCCGTTAGTACG-1"



2026-07-22 12:44:41.933802 : Number of Cells = 1351

2026-07-22 12:44:41.937294 : Coverage File Exists!

2026-07-22 12:44:41.939484 : Added Coverage Group

2026-07-22 12:44:41.941595 : Added Metadata Group

2026-07-22 12:44:41.949305 : Added ArrowCoverage Class

2026-07-22 12:44:41.951387 : Added Coverage/Info

2026-07-22 12:44:41.960983 : Added Coverage/Info/CellNames
2026-07-22 12:44:41.961262 : Group Macrophage._.X__12t (30 of 45) : Processed Fragments Chr (1 of 22), 34.282 mins elapsed.
2026-07-22 12:44:50.196946 : Group Macrophage._.X__12t (30 of 45) : Processed Fragments Chr (2 of 22), 34.419 mins elapsed.
2026-07-22 12:44:52.782359 : Group Macrophage._.X__12t (30 of 45) : Processed Fragments Chr (3 of 22), 34.462 mins elapsed.
2026-07-22 12:44:55.405309 : Group Macrophage._.X__12t (30 of 45) : Processed Fragments Chr (4 of 22), 34.506 mins elapsed.
2026-07-22 12:44:57.943845 : Group Macrophage._.X__12t (30 of 45) : Processed Fragments Chr (5 of 22), 34.548 mins elapsed.
2026-07-22 12:45:00.203092 : Group Macrophage._.X__12t (30 of 45) : Processed Fragments Chr (6 of 22), 34.586 mins elapsed.
2026-07-22 12:45:02.565002 : Group Macrophage._.X__12t (30 of 45) : Processed Fragments Chr (7 of 22), 34.625 mins elapsed.
2026-07-22 12:45:05.062793 : Group Macrophage._.X__12t (30 of 45) : Processed Fragments Chr (8 of 22), 34.667 mins elapsed.
2026-07-22 12:45:07.652223 : Group Macrophage._.X__12t (30 of 45) : Processed Fragments Chr (9 of 22), 34.71 mins elapsed.
2026-07-22 12:45:10.259162 : Group Macrophage._.X__12t (30 of 45) : Processed Fragments Chr (10 of 22), 34.753 mins elapsed.
2026-07-22 12:45:12.458328 : Group Macrophage._.X__12t (30 of 45) : Processed Fragments Chr (11 of 22), 34.79 mins elapsed.
2026-07-22 12:45:14.936059 : Group Macrophage._.X__12t (30 of 45) : Processed Fragments Chr (12 of 22), 34.831 mins elapsed.
2026-07-22 12:45:17.978614 : Group Macrophage._.X__12t (30 of 45) : Processed Fragments Chr (13 of 22), 34.882 mins elapsed.
2026-07-22 12:45:20.259079 : Group Macrophage._.X__12t (30 of 45) : Processed Fragments Chr (14 of 22), 34.92 mins elapsed.
2026-07-22 12:45:22.298018 : Group Macrophage._.X__12t (30 of 45) : Processed Fragments Chr (15 of 22), 34.954 mins elapsed.
2026-07-22 12:45:24.571545 : Group Macrophage._.X__12t (30 of 45) : Processed Fragments Chr (16 of 22), 34.992 mins elapsed.
2026-07-22 12:45:27.527446 : Group Macrophage._.X__12t (30 of 45) : Processed Fragments Chr (17 of 22), 35.041 mins elapsed.
2026-07-22 12:45:30.132456 : Group Macrophage._.X__12t (30 of 45) : Processed Fragments Chr (18 of 22), 35.084 mins elapsed.
2026-07-22 12:45:32.972336 : Group Macrophage._.X__12t (30 of 45) : Processed Fragments Chr (19 of 22), 35.132 mins elapsed.
2026-07-22 12:45:35.634998 : Group Macrophage._.X__12t (30 of 45) : Processed Fragments Chr (20 of 22), 35.176 mins elapsed.
2026-07-22 12:45:38.186579 : Group Macrophage._.X__12t (30 of 45) : Processed Fragments Chr (21 of 22), 35.219 mins elapsed.
2026-07-22 12:45:40.689927 : Group Macrophage._.X__12t (30 of 45) : Processed Fragments Chr (22 of 22), 35.26 mins elapsed.
2026-07-22 12:45:43.409302 : Group Monocyte._.X__15t (31 of 45) : Creating Group Coverage File : Monocyte._.X__15t.insertions.coverage.h5, 35.306 mins elapsed.

2026-07-22 12:45:43.41007 : Group Monocyte._.X__15t (31 of 45) : cellGroupi, Class = character

Group Monocyte._.X__15t (31 of 45) : cellGroupi: length = 571
[1] "X__15t#AAACATGCAGCATGTC-1" "X__15t#AAACATGCAGCCGCTA-1"
[3] "X__15t#AAACGCGCACAGAAAC-1" "X__15t#AAATGGCCATAGACCC-1"
[5] "X__15t#AACAAGCCAGTAAAGC-1" "X__15t#AACAGATAGCCTGACA-1"



2026-07-22 12:45:43.411469 : Number of Cells = 571

2026-07-22 12:45:43.414988 : Coverage File Exists!

2026-07-22 12:45:43.41717 : Added Coverage Group

2026-07-22 12:45:43.419243 : Added Metadata Group

2026-07-22 12:45:43.426928 : Added ArrowCoverage Class

2026-07-22 12:45:43.42902 : Added Coverage/Info

2026-07-22 12:45:43.43644 : Added Coverage/Info/CellNames
2026-07-22 12:45:43.436725 : Group Monocyte._.X__15t (31 of 45) : Processed Fragments Chr (1 of 22), 35.306 mins elapsed.
2026-07-22 12:45:46.879045 : Group Monocyte._.X__15t (31 of 45) : Processed Fragments Chr (2 of 22), 35.364 mins elapsed.
2026-07-22 12:45:49.347359 : Group Monocyte._.X__15t (31 of 45) : Processed Fragments Chr (3 of 22), 35.405 mins elapsed.
2026-07-22 12:45:51.826649 : Group Monocyte._.X__15t (31 of 45) : Processed Fragments Chr (4 of 22), 35.446 mins elapsed.
2026-07-22 12:45:54.233873 : Group Monocyte._.X__15t (31 of 45) : Processed Fragments Chr (5 of 22), 35.486 mins elapsed.
2026-07-22 12:45:56.429374 : Group Monocyte._.X__15t (31 of 45) : Processed Fragments Chr (6 of 22), 35.523 mins elapsed.
2026-07-22 12:45:58.674021 : Group Monocyte._.X__15t (31 of 45) : Processed Fragments Chr (7 of 22), 35.56 mins elapsed.
2026-07-22 12:46:00.973686 : Group Monocyte._.X__15t (31 of 45) : Processed Fragments Chr (8 of 22), 35.599 mins elapsed.
2026-07-22 12:46:03.476292 : Group Monocyte._.X__15t (31 of 45) : Processed Fragments Chr (9 of 22), 35.64 mins elapsed.
2026-07-22 12:46:05.977696 : Group Monocyte._.X__15t (31 of 45) : Processed Fragments Chr (10 of 22), 35.682 mins elapsed.
2026-07-22 12:46:08.187428 : Group Monocyte._.X__15t (31 of 45) : Processed Fragments Chr (11 of 22), 35.719 mins elapsed.
2026-07-22 12:46:10.793439 : Group Monocyte._.X__15t (31 of 45) : Processed Fragments Chr (12 of 22), 35.762 mins elapsed.
2026-07-22 12:46:13.617953 : Group Monocyte._.X__15t (31 of 45) : Processed Fragments Chr (13 of 22), 35.809 mins elapsed.
2026-07-22 12:46:15.87797 : Group Monocyte._.X__15t (31 of 45) : Processed Fragments Chr (14 of 22), 35.847 mins elapsed.
2026-07-22 12:46:17.895075 : Group Monocyte._.X__15t (31 of 45) : Processed Fragments Chr (15 of 22), 35.881 mins elapsed.
2026-07-22 12:46:20.15643 : Group Monocyte._.X__15t (31 of 45) : Processed Fragments Chr (16 of 22), 35.918 mins elapsed.
2026-07-22 12:46:23.163287 : Group Monocyte._.X__15t (31 of 45) : Processed Fragments Chr (17 of 22), 35.968 mins elapsed.
2026-07-22 12:46:25.7189 : Group Monocyte._.X__15t (31 of 45) : Processed Fragments Chr (18 of 22), 36.011 mins elapsed.
2026-07-22 12:46:28.261008 : Group Monocyte._.X__15t (31 of 45) : Processed Fragments Chr (19 of 22), 36.053 mins elapsed.
2026-07-22 12:46:30.776331 : Group Monocyte._.X__15t (31 of 45) : Processed Fragments Chr (20 of 22), 36.095 mins elapsed.
2026-07-22 12:46:33.239212 : Group Monocyte._.X__15t (31 of 45) : Processed Fragments Chr (21 of 22), 36.136 mins elapsed.
2026-07-22 12:46:35.693975 : Group Monocyte._.X__15t (31 of 45) : Processed Fragments Chr (22 of 22), 36.177 mins elapsed.
2026-07-22 12:46:38.081638 : Group Monocyte._.X__22t (32 of 45) : Creating Group Coverage File : Monocyte._.X__22t.insertions.coverage.h5, 36.217 mins elapsed.

2026-07-22 12:46:38.082407 : Group Monocyte._.X__22t (32 of 45) : cellGroupi, Class = character

Group Monocyte._.X__22t (32 of 45) : cellGroupi: length = 396
[1] "X__22t#AAACGTACAATGCCTA-1" "X__22t#AAACGTACACAGGATG-1"
[3] "X__22t#AAAGCAAGTCATAACG-1" "X__22t#AAAGGCTCACATTGCA-1"
[5] "X__22t#AAATCCGGTGACATGC-1" "X__22t#AAATCCGGTTGCTTCG-1"



2026-07-22 12:46:38.083932 : Number of Cells = 396

2026-07-22 12:46:38.087903 : Coverage File Exists!

2026-07-22 12:46:38.09009 : Added Coverage Group

2026-07-22 12:46:38.092169 : Added Metadata Group

2026-07-22 12:46:38.099558 : Added ArrowCoverage Class

2026-07-22 12:46:38.101638 : Added Coverage/Info

2026-07-22 12:46:38.108577 : Added Coverage/Info/CellNames
2026-07-22 12:46:38.108869 : Group Monocyte._.X__22t (32 of 45) : Processed Fragments Chr (1 of 22), 36.217 mins elapsed.
2026-07-22 12:46:41.732815 : Group Monocyte._.X__22t (32 of 45) : Processed Fragments Chr (2 of 22), 36.278 mins elapsed.
2026-07-22 12:46:44.130638 : Group Monocyte._.X__22t (32 of 45) : Processed Fragments Chr (3 of 22), 36.318 mins elapsed.
2026-07-22 12:46:46.567283 : Group Monocyte._.X__22t (32 of 45) : Processed Fragments Chr (4 of 22), 36.358 mins elapsed.
2026-07-22 12:46:49.080168 : Group Monocyte._.X__22t (32 of 45) : Processed Fragments Chr (5 of 22), 36.4 mins elapsed.
2026-07-22 12:46:51.219063 : Group Monocyte._.X__22t (32 of 45) : Processed Fragments Chr (6 of 22), 36.436 mins elapsed.
2026-07-22 12:46:53.43716 : Group Monocyte._.X__22t (32 of 45) : Processed Fragments Chr (7 of 22), 36.473 mins elapsed.
2026-07-22 12:46:55.633749 : Group Monocyte._.X__22t (32 of 45) : Processed Fragments Chr (8 of 22), 36.51 mins elapsed.
2026-07-22 12:46:58.069195 : Group Monocyte._.X__22t (32 of 45) : Processed Fragments Chr (9 of 22), 36.55 mins elapsed.
2026-07-22 12:47:00.664284 : Group Monocyte._.X__22t (32 of 45) : Processed Fragments Chr (10 of 22), 36.593 mins elapsed.
2026-07-22 12:47:02.837075 : Group Monocyte._.X__22t (32 of 45) : Processed Fragments Chr (11 of 22), 36.63 mins elapsed.
2026-07-22 12:47:05.475004 : Group Monocyte._.X__22t (32 of 45) : Processed Fragments Chr (12 of 22), 36.674 mins elapsed.
2026-07-22 12:47:08.197846 : Group Monocyte._.X__22t (32 of 45) : Processed Fragments Chr (13 of 22), 36.719 mins elapsed.
2026-07-22 12:47:10.362181 : Group Monocyte._.X__22t (32 of 45) : Processed Fragments Chr (14 of 22), 36.755 mins elapsed.
2026-07-22 12:47:12.388466 : Group Monocyte._.X__22t (32 of 45) : Processed Fragments Chr (15 of 22), 36.789 mins elapsed.
2026-07-22 12:47:14.491035 : Group Monocyte._.X__22t (32 of 45) : Processed Fragments Chr (16 of 22), 36.824 mins elapsed.
2026-07-22 12:47:17.101923 : Group Monocyte._.X__22t (32 of 45) : Processed Fragments Chr (17 of 22), 36.867 mins elapsed.
2026-07-22 12:47:19.745405 : Group Monocyte._.X__22t (32 of 45) : Processed Fragments Chr (18 of 22), 36.911 mins elapsed.
2026-07-22 12:47:22.322755 : Group Monocyte._.X__22t (32 of 45) : Processed Fragments Chr (19 of 22), 36.954 mins elapsed.
2026-07-22 12:47:25.056395 : Group Monocyte._.X__22t (32 of 45) : Processed Fragments Chr (20 of 22), 37 mins elapsed.
2026-07-22 12:47:27.450475 : Group Monocyte._.X__22t (32 of 45) : Processed Fragments Chr (21 of 22), 37.04 mins elapsed.
2026-07-22 12:47:29.839253 : Group Monocyte._.X__22t (32 of 45) : Processed Fragments Chr (22 of 22), 37.08 mins elapsed.
2026-07-22 12:47:32.162201 : Group Monocyte._.X__18t (33 of 45) : Creating Group Coverage File : Monocyte._.X__18t.insertions.coverage.h5, 37.118 mins elapsed.

2026-07-22 12:47:32.16293 : Group Monocyte._.X__18t (33 of 45) : cellGroupi, Class = character

Group Monocyte._.X__18t (33 of 45) : cellGroupi: length = 355
[1] "X__18t#AAACATGCACGTGCTG-1" "X__18t#AAATCCGGTCCGGTTC-1"
[3] "X__18t#AACAGCAAGGTCCGTA-1" "X__18t#AAGGATCCAGTACCGT-1"
[5] "X__18t#AAGGATGTCGAGGTGG-1" "X__18t#AAGGTCAAGTTCCTCA-1"



2026-07-22 12:47:32.164329 : Number of Cells = 355

2026-07-22 12:47:32.180011 : Coverage File Exists!

2026-07-22 12:47:32.182175 : Added Coverage Group

2026-07-22 12:47:32.184264 : Added Metadata Group

2026-07-22 12:47:32.192314 : Added ArrowCoverage Class

2026-07-22 12:47:32.194398 : Added Coverage/Info

2026-07-22 12:47:32.201238 : Added Coverage/Info/CellNames
2026-07-22 12:47:32.201526 : Group Monocyte._.X__18t (33 of 45) : Processed Fragments Chr (1 of 22), 37.119 mins elapsed.
2026-07-22 12:47:37.077578 : Group Monocyte._.X__18t (33 of 45) : Processed Fragments Chr (2 of 22), 37.2 mins elapsed.
2026-07-22 12:47:39.71855 : Group Monocyte._.X__18t (33 of 45) : Processed Fragments Chr (3 of 22), 37.244 mins elapsed.
2026-07-22 12:47:42.21621 : Group Monocyte._.X__18t (33 of 45) : Processed Fragments Chr (4 of 22), 37.286 mins elapsed.
2026-07-22 12:47:44.672485 : Group Monocyte._.X__18t (33 of 45) : Processed Fragments Chr (5 of 22), 37.327 mins elapsed.
2026-07-22 12:47:46.874264 : Group Monocyte._.X__18t (33 of 45) : Processed Fragments Chr (6 of 22), 37.364 mins elapsed.
2026-07-22 12:47:49.140165 : Group Monocyte._.X__18t (33 of 45) : Processed Fragments Chr (7 of 22), 37.401 mins elapsed.
2026-07-22 12:47:51.466365 : Group Monocyte._.X__18t (33 of 45) : Processed Fragments Chr (8 of 22), 37.44 mins elapsed.
2026-07-22 12:47:53.729393 : Group Monocyte._.X__18t (33 of 45) : Processed Fragments Chr (9 of 22), 37.478 mins elapsed.
2026-07-22 12:47:56.225065 : Group Monocyte._.X__18t (33 of 45) : Processed Fragments Chr (10 of 22), 37.519 mins elapsed.
2026-07-22 12:47:58.633962 : Group Monocyte._.X__18t (33 of 45) : Processed Fragments Chr (11 of 22), 37.56 mins elapsed.
2026-07-22 12:48:01.093425 : Group Monocyte._.X__18t (33 of 45) : Processed Fragments Chr (12 of 22), 37.601 mins elapsed.
2026-07-22 12:48:04.015785 : Group Monocyte._.X__18t (33 of 45) : Processed Fragments Chr (13 of 22), 37.649 mins elapsed.
2026-07-22 12:48:06.226234 : Group Monocyte._.X__18t (33 of 45) : Processed Fragments Chr (14 of 22), 37.686 mins elapsed.
2026-07-22 12:48:08.251125 : Group Monocyte._.X__18t (33 of 45) : Processed Fragments Chr (15 of 22), 37.72 mins elapsed.
2026-07-22 12:48:10.362072 : Group Monocyte._.X__18t (33 of 45) : Processed Fragments Chr (16 of 22), 37.755 mins elapsed.
2026-07-22 12:48:13.04496 : Group Monocyte._.X__18t (33 of 45) : Processed Fragments Chr (17 of 22), 37.8 mins elapsed.
2026-07-22 12:48:15.970221 : Group Monocyte._.X__18t (33 of 45) : Processed Fragments Chr (18 of 22), 37.848 mins elapsed.
2026-07-22 12:48:18.683694 : Group Monocyte._.X__18t (33 of 45) : Processed Fragments Chr (19 of 22), 37.894 mins elapsed.
2026-07-22 12:48:21.367286 : Group Monocyte._.X__18t (33 of 45) : Processed Fragments Chr (20 of 22), 37.938 mins elapsed.
2026-07-22 12:48:23.902871 : Group Monocyte._.X__18t (33 of 45) : Processed Fragments Chr (21 of 22), 37.981 mins elapsed.
2026-07-22 12:48:26.327937 : Group Monocyte._.X__18t (33 of 45) : Processed Fragments Chr (22 of 22), 38.021 mins elapsed.
2026-07-22 12:48:29.947248 : Group Monocyte._.X__3t (34 of 45) : Creating Group Coverage File : Monocyte._.X__3t.insertions.coverage.h5, 38.081 mins elapsed.

2026-07-22 12:48:29.947972 : Group Monocyte._.X__3t (34 of 45) : cellGroupi, Class = character

Group Monocyte._.X__3t (34 of 45) : cellGroupi: length = 345
[1] "X__3t#AAACATGCAGGCTTGT-1" "X__3t#AAACCGGCAGCATGTC-1"
[3] "X__3t#AAAGCACCAAGCCACT-1" "X__3t#AAAGCCGCAAAGGTAC-1"
[5] "X__3t#AAAGCCGCATCCCGCT-1" "X__3t#AAAGCTTGTTCACCCA-1"



2026-07-22 12:48:29.94937 : Number of Cells = 345

2026-07-22 12:48:29.952794 : Coverage File Exists!

2026-07-22 12:48:29.954959 : Added Coverage Group

2026-07-22 12:48:29.957036 : Added Metadata Group

2026-07-22 12:48:29.964444 : Added ArrowCoverage Class

2026-07-22 12:48:29.966515 : Added Coverage/Info

2026-07-22 12:48:29.973322 : Added Coverage/Info/CellNames
2026-07-22 12:48:29.973609 : Group Monocyte._.X__3t (34 of 45) : Processed Fragments Chr (1 of 22), 38.082 mins elapsed.
2026-07-22 12:48:39.693467 : Group Monocyte._.X__3t (34 of 45) : Processed Fragments Chr (2 of 22), 38.244 mins elapsed.
2026-07-22 12:48:42.170114 : Group Monocyte._.X__3t (34 of 45) : Processed Fragments Chr (3 of 22), 38.285 mins elapsed.
2026-07-22 12:48:45.006602 : Group Monocyte._.X__3t (34 of 45) : Processed Fragments Chr (4 of 22), 38.332 mins elapsed.
2026-07-22 12:48:47.605473 : Group Monocyte._.X__3t (34 of 45) : Processed Fragments Chr (5 of 22), 38.376 mins elapsed.
2026-07-22 12:48:49.872411 : Group Monocyte._.X__3t (34 of 45) : Processed Fragments Chr (6 of 22), 38.413 mins elapsed.
2026-07-22 12:48:52.237809 : Group Monocyte._.X__3t (34 of 45) : Processed Fragments Chr (7 of 22), 38.453 mins elapsed.
2026-07-22 12:48:54.533844 : Group Monocyte._.X__3t (34 of 45) : Processed Fragments Chr (8 of 22), 38.491 mins elapsed.
2026-07-22 12:48:56.945336 : Group Monocyte._.X__3t (34 of 45) : Processed Fragments Chr (9 of 22), 38.531 mins elapsed.
2026-07-22 12:48:59.430538 : Group Monocyte._.X__3t (34 of 45) : Processed Fragments Chr (10 of 22), 38.573 mins elapsed.
2026-07-22 12:49:01.633852 : Group Monocyte._.X__3t (34 of 45) : Processed Fragments Chr (11 of 22), 38.61 mins elapsed.
2026-07-22 12:49:04.30667 : Group Monocyte._.X__3t (34 of 45) : Processed Fragments Chr (12 of 22), 38.654 mins elapsed.
2026-07-22 12:49:07.470073 : Group Monocyte._.X__3t (34 of 45) : Processed Fragments Chr (13 of 22), 38.707 mins elapsed.
2026-07-22 12:49:09.819616 : Group Monocyte._.X__3t (34 of 45) : Processed Fragments Chr (14 of 22), 38.746 mins elapsed.
2026-07-22 12:49:11.893742 : Group Monocyte._.X__3t (34 of 45) : Processed Fragments Chr (15 of 22), 38.781 mins elapsed.
2026-07-22 12:49:14.077899 : Group Monocyte._.X__3t (34 of 45) : Processed Fragments Chr (16 of 22), 38.817 mins elapsed.
2026-07-22 12:49:16.904166 : Group Monocyte._.X__3t (34 of 45) : Processed Fragments Chr (17 of 22), 38.864 mins elapsed.
2026-07-22 12:49:19.504943 : Group Monocyte._.X__3t (34 of 45) : Processed Fragments Chr (18 of 22), 38.907 mins elapsed.
2026-07-22 12:49:22.191219 : Group Monocyte._.X__3t (34 of 45) : Processed Fragments Chr (19 of 22), 38.952 mins elapsed.
2026-07-22 12:49:25.140005 : Group Monocyte._.X__3t (34 of 45) : Processed Fragments Chr (20 of 22), 39.001 mins elapsed.
2026-07-22 12:49:27.769864 : Group Monocyte._.X__3t (34 of 45) : Processed Fragments Chr (21 of 22), 39.045 mins elapsed.
2026-07-22 12:49:30.350806 : Group Monocyte._.X__3t (34 of 45) : Processed Fragments Chr (22 of 22), 39.088 mins elapsed.
2026-07-22 12:49:33.292706 : Group Monocyte._.X__13t (35 of 45) : Creating Group Coverage File : Monocyte._.X__13t.insertions.coverage.h5, 39.137 mins elapsed.

2026-07-22 12:49:33.293413 : Group Monocyte._.X__13t (35 of 45) : cellGroupi, Class = character

Group Monocyte._.X__13t (35 of 45) : cellGroupi: length = 335
[1] "X__13t#AAACCGCGTCACCAAA-1" "X__13t#AAACCGGCAATGCCTA-1"
[3] "X__13t#AAACGTACACAATACT-1" "X__13t#AAAGGCTCATCGTTCT-1"
[5] "X__13t#AAATGCCTCCAGCACA-1" "X__13t#AACCTTAAGCCTGTTC-1"



2026-07-22 12:49:33.294815 : Number of Cells = 335

2026-07-22 12:49:33.298391 : Coverage File Exists!

2026-07-22 12:49:33.300565 : Added Coverage Group

2026-07-22 12:49:33.302665 : Added Metadata Group

2026-07-22 12:49:33.310164 : Added ArrowCoverage Class

2026-07-22 12:49:33.312264 : Added Coverage/Info

2026-07-22 12:49:33.319125 : Added Coverage/Info/CellNames
2026-07-22 12:49:33.319405 : Group Monocyte._.X__13t (35 of 45) : Processed Fragments Chr (1 of 22), 39.138 mins elapsed.
2026-07-22 12:49:38.75365 : Group Monocyte._.X__13t (35 of 45) : Processed Fragments Chr (2 of 22), 39.228 mins elapsed.
2026-07-22 12:49:41.376224 : Group Monocyte._.X__13t (35 of 45) : Processed Fragments Chr (3 of 22), 39.272 mins elapsed.
2026-07-22 12:49:44.372015 : Group Monocyte._.X__13t (35 of 45) : Processed Fragments Chr (4 of 22), 39.322 mins elapsed.
2026-07-22 12:49:47.078887 : Group Monocyte._.X__13t (35 of 45) : Processed Fragments Chr (5 of 22), 39.367 mins elapsed.
2026-07-22 12:49:49.494125 : Group Monocyte._.X__13t (35 of 45) : Processed Fragments Chr (6 of 22), 39.407 mins elapsed.
2026-07-22 12:49:51.846246 : Group Monocyte._.X__13t (35 of 45) : Processed Fragments Chr (7 of 22), 39.446 mins elapsed.
2026-07-22 12:49:54.252927 : Group Monocyte._.X__13t (35 of 45) : Processed Fragments Chr (8 of 22), 39.486 mins elapsed.
2026-07-22 12:49:56.700978 : Group Monocyte._.X__13t (35 of 45) : Processed Fragments Chr (9 of 22), 39.527 mins elapsed.
2026-07-22 12:49:59.674939 : Group Monocyte._.X__13t (35 of 45) : Processed Fragments Chr (10 of 22), 39.577 mins elapsed.
2026-07-22 12:50:02.08827 : Group Monocyte._.X__13t (35 of 45) : Processed Fragments Chr (11 of 22), 39.617 mins elapsed.
2026-07-22 12:50:04.930893 : Group Monocyte._.X__13t (35 of 45) : Processed Fragments Chr (12 of 22), 39.664 mins elapsed.
2026-07-22 12:50:08.117248 : Group Monocyte._.X__13t (35 of 45) : Processed Fragments Chr (13 of 22), 39.718 mins elapsed.
2026-07-22 12:50:10.506467 : Group Monocyte._.X__13t (35 of 45) : Processed Fragments Chr (14 of 22), 39.757 mins elapsed.
2026-07-22 12:50:12.645596 : Group Monocyte._.X__13t (35 of 45) : Processed Fragments Chr (15 of 22), 39.793 mins elapsed.
2026-07-22 12:50:14.857749 : Group Monocyte._.X__13t (35 of 45) : Processed Fragments Chr (16 of 22), 39.83 mins elapsed.
2026-07-22 12:50:17.828824 : Group Monocyte._.X__13t (35 of 45) : Processed Fragments Chr (17 of 22), 39.879 mins elapsed.
2026-07-22 12:50:20.535451 : Group Monocyte._.X__13t (35 of 45) : Processed Fragments Chr (18 of 22), 39.925 mins elapsed.
2026-07-22 12:50:24.01269 : Group Monocyte._.X__13t (35 of 45) : Processed Fragments Chr (19 of 22), 39.982 mins elapsed.
2026-07-22 12:50:27.204352 : Group Monocyte._.X__13t (35 of 45) : Processed Fragments Chr (20 of 22), 40.036 mins elapsed.
2026-07-22 12:50:30.362878 : Group Monocyte._.X__13t (35 of 45) : Processed Fragments Chr (21 of 22), 40.088 mins elapsed.
2026-07-22 12:50:32.957427 : Group Monocyte._.X__13t (35 of 45) : Processed Fragments Chr (22 of 22), 40.132 mins elapsed.
2026-07-22 12:50:35.59961 : Group T cell._.X__18t (36 of 45) : Creating Group Coverage File : T.cell._.X__18t.insertions.coverage.h5, 40.176 mins elapsed.

2026-07-22 12:50:35.60095 : Group T cell._.X__18t (36 of 45) : cellGroupi, Class = character

Group T cell._.X__18t (36 of 45) : cellGroupi: length = 2161
[1] "X__18t#AAACATGCAAGGTCCT-1" "X__18t#AAACCAACAACACTTG-1"
[3] "X__18t#AAACCAACATGGCCTG-1" "X__18t#AAACCGAAGTTGGGCC-1"
[5] "X__18t#AAACCGCGTGACATGC-1" "X__18t#AAACCGGCAAAGCGCA-1"



2026-07-22 12:50:35.602361 : Number of Cells = 2161

2026-07-22 12:50:35.606221 : Coverage File Exists!

2026-07-22 12:50:35.608387 : Added Coverage Group

2026-07-22 12:50:35.610472 : Added Metadata Group

2026-07-22 12:50:35.617902 : Added ArrowCoverage Class

2026-07-22 12:50:35.61999 : Added Coverage/Info

2026-07-22 12:50:35.631782 : Added Coverage/Info/CellNames
2026-07-22 12:50:35.632078 : Group T cell._.X__18t (36 of 45) : Processed Fragments Chr (1 of 22), 40.176 mins elapsed.
2026-07-22 12:50:40.539364 : Group T cell._.X__18t (36 of 45) : Processed Fragments Chr (2 of 22), 40.258 mins elapsed.
2026-07-22 12:50:43.753528 : Group T cell._.X__18t (36 of 45) : Processed Fragments Chr (3 of 22), 40.312 mins elapsed.
2026-07-22 12:50:46.902348 : Group T cell._.X__18t (36 of 45) : Processed Fragments Chr (4 of 22), 40.364 mins elapsed.
2026-07-22 12:50:50.001135 : Group T cell._.X__18t (36 of 45) : Processed Fragments Chr (5 of 22), 40.416 mins elapsed.
2026-07-22 12:50:52.509115 : Group T cell._.X__18t (36 of 45) : Processed Fragments Chr (6 of 22), 40.457 mins elapsed.
2026-07-22 12:50:55.194391 : Group T cell._.X__18t (36 of 45) : Processed Fragments Chr (7 of 22), 40.502 mins elapsed.
2026-07-22 12:50:57.788632 : Group T cell._.X__18t (36 of 45) : Processed Fragments Chr (8 of 22), 40.545 mins elapsed.
2026-07-22 12:51:00.668407 : Group T cell._.X__18t (36 of 45) : Processed Fragments Chr (9 of 22), 40.593 mins elapsed.
2026-07-22 12:51:04.133366 : Group T cell._.X__18t (36 of 45) : Processed Fragments Chr (10 of 22), 40.651 mins elapsed.
2026-07-22 12:51:06.571383 : Group T cell._.X__18t (36 of 45) : Processed Fragments Chr (11 of 22), 40.692 mins elapsed.
2026-07-22 12:51:09.600504 : Group T cell._.X__18t (36 of 45) : Processed Fragments Chr (12 of 22), 40.742 mins elapsed.
2026-07-22 12:51:13.443988 : Group T cell._.X__18t (36 of 45) : Processed Fragments Chr (13 of 22), 40.806 mins elapsed.
2026-07-22 12:51:15.942742 : Group T cell._.X__18t (36 of 45) : Processed Fragments Chr (14 of 22), 40.848 mins elapsed.
2026-07-22 12:51:18.101859 : Group T cell._.X__18t (36 of 45) : Processed Fragments Chr (15 of 22), 40.884 mins elapsed.
2026-07-22 12:51:20.613413 : Group T cell._.X__18t (36 of 45) : Processed Fragments Chr (16 of 22), 40.926 mins elapsed.
2026-07-22 12:51:24.19178 : Group T cell._.X__18t (36 of 45) : Processed Fragments Chr (17 of 22), 40.985 mins elapsed.
2026-07-22 12:51:27.205632 : Group T cell._.X__18t (36 of 45) : Processed Fragments Chr (18 of 22), 41.036 mins elapsed.
2026-07-22 12:51:30.424404 : Group T cell._.X__18t (36 of 45) : Processed Fragments Chr (19 of 22), 41.089 mins elapsed.
2026-07-22 12:51:33.928676 : Group T cell._.X__18t (36 of 45) : Processed Fragments Chr (20 of 22), 41.148 mins elapsed.
2026-07-22 12:51:36.979916 : Group T cell._.X__18t (36 of 45) : Processed Fragments Chr (21 of 22), 41.199 mins elapsed.
2026-07-22 12:51:40.067375 : Group T cell._.X__18t (36 of 45) : Processed Fragments Chr (22 of 22), 41.25 mins elapsed.
2026-07-22 12:51:43.10115 : Group T cell._.X__pt26pre (37 of 45) : Creating Group Coverage File : T.cell._.X__pt26pre.insertions.coverage.h5, 41.3 mins elapsed.

2026-07-22 12:51:43.102657 : Group T cell._.X__pt26pre (37 of 45) : cellGroupi, Class = character

Group T cell._.X__pt26pre (37 of 45) : cellGroupi: length = 1464
[1] "X__pt26pre#AAACAGCCATGCATAT-1" "X__pt26pre#AAACATGCAGCTCAAC-1"
[3] "X__pt26pre#AAACATGCATGCTATG-1" "X__pt26pre#AAACCAACAGCCAGAA-1"
[5] "X__pt26pre#AAACCGAAGTCCTGAG-1" "X__pt26pre#AAACCGAAGTTTCCTG-1"



2026-07-22 12:51:43.104063 : Number of Cells = 1464

2026-07-22 12:51:43.107981 : Coverage File Exists!

2026-07-22 12:51:43.110217 : Added Coverage Group

2026-07-22 12:51:43.112341 : Added Metadata Group

2026-07-22 12:51:43.120342 : Added ArrowCoverage Class

2026-07-22 12:51:43.122441 : Added Coverage/Info

2026-07-22 12:51:43.132571 : Added Coverage/Info/CellNames
2026-07-22 12:51:43.132867 : Group T cell._.X__pt26pre (37 of 45) : Processed Fragments Chr (1 of 22), 41.301 mins elapsed.
2026-07-22 12:51:50.918811 : Group T cell._.X__pt26pre (37 of 45) : Processed Fragments Chr (2 of 22), 41.431 mins elapsed.
2026-07-22 12:51:53.245793 : Group T cell._.X__pt26pre (37 of 45) : Processed Fragments Chr (3 of 22), 41.47 mins elapsed.
2026-07-22 12:51:55.565517 : Group T cell._.X__pt26pre (37 of 45) : Processed Fragments Chr (4 of 22), 41.508 mins elapsed.
2026-07-22 12:51:57.897476 : Group T cell._.X__pt26pre (37 of 45) : Processed Fragments Chr (5 of 22), 41.547 mins elapsed.
2026-07-22 12:52:00.03954 : Group T cell._.X__pt26pre (37 of 45) : Processed Fragments Chr (6 of 22), 41.583 mins elapsed.
2026-07-22 12:52:02.288294 : Group T cell._.X__pt26pre (37 of 45) : Processed Fragments Chr (7 of 22), 41.62 mins elapsed.
2026-07-22 12:52:04.681753 : Group T cell._.X__pt26pre (37 of 45) : Processed Fragments Chr (8 of 22), 41.66 mins elapsed.
2026-07-22 12:52:07.070605 : Group T cell._.X__pt26pre (37 of 45) : Processed Fragments Chr (9 of 22), 41.7 mins elapsed.
2026-07-22 12:52:09.42875 : Group T cell._.X__pt26pre (37 of 45) : Processed Fragments Chr (10 of 22), 41.739 mins elapsed.
2026-07-22 12:52:11.524729 : Group T cell._.X__pt26pre (37 of 45) : Processed Fragments Chr (11 of 22), 41.774 mins elapsed.
2026-07-22 12:52:13.756896 : Group T cell._.X__pt26pre (37 of 45) : Processed Fragments Chr (12 of 22), 41.812 mins elapsed.
2026-07-22 12:52:16.386132 : Group T cell._.X__pt26pre (37 of 45) : Processed Fragments Chr (13 of 22), 41.855 mins elapsed.
2026-07-22 12:52:18.499672 : Group T cell._.X__pt26pre (37 of 45) : Processed Fragments Chr (14 of 22), 41.891 mins elapsed.
2026-07-22 12:52:20.561869 : Group T cell._.X__pt26pre (37 of 45) : Processed Fragments Chr (15 of 22), 41.925 mins elapsed.
2026-07-22 12:52:22.858649 : Group T cell._.X__pt26pre (37 of 45) : Processed Fragments Chr (16 of 22), 41.963 mins elapsed.
2026-07-22 12:52:25.363339 : Group T cell._.X__pt26pre (37 of 45) : Processed Fragments Chr (17 of 22), 42.005 mins elapsed.
2026-07-22 12:52:27.723653 : Group T cell._.X__pt26pre (37 of 45) : Processed Fragments Chr (18 of 22), 42.044 mins elapsed.
2026-07-22 12:52:30.235597 : Group T cell._.X__pt26pre (37 of 45) : Processed Fragments Chr (19 of 22), 42.086 mins elapsed.
2026-07-22 12:52:32.688794 : Group T cell._.X__pt26pre (37 of 45) : Processed Fragments Chr (20 of 22), 42.127 mins elapsed.
2026-07-22 12:52:35.012717 : Group T cell._.X__pt26pre (37 of 45) : Processed Fragments Chr (21 of 22), 42.166 mins elapsed.
2026-07-22 12:52:37.323908 : Group T cell._.X__pt26pre (37 of 45) : Processed Fragments Chr (22 of 22), 42.204 mins elapsed.
2026-07-22 12:52:39.761099 : Group T cell._.X__pt20pre (38 of 45) : Creating Group Coverage File : T.cell._.X__pt20pre.insertions.coverage.h5, 42.245 mins elapsed.

2026-07-22 12:52:39.762166 : Group T cell._.X__pt20pre (38 of 45) : cellGroupi, Class = character

Group T cell._.X__pt20pre (38 of 45) : cellGroupi: length = 1438
[1] "X__pt20pre#AAACAGCCATCATGTG-1" "X__pt20pre#AAACAGCCATTAGGCC-1"
[3] "X__pt20pre#AAACCAACACGGTACT-1" "X__pt20pre#AAACCAACATTAAGCT-1"
[5] "X__pt20pre#AAACCGAAGCGGGCAA-1" "X__pt20pre#AAACCGAAGCGGTTAT-1"



2026-07-22 12:52:39.763595 : Number of Cells = 1438

2026-07-22 12:52:39.766996 : Coverage File Exists!

2026-07-22 12:52:39.769172 : Added Coverage Group

2026-07-22 12:52:39.771267 : Added Metadata Group

2026-07-22 12:52:39.778825 : Added ArrowCoverage Class

2026-07-22 12:52:39.780906 : Added Coverage/Info

2026-07-22 12:52:39.79533 : Added Coverage/Info/CellNames
2026-07-22 12:52:39.795645 : Group T cell._.X__pt20pre (38 of 45) : Processed Fragments Chr (1 of 22), 42.246 mins elapsed.
2026-07-22 12:52:47.324779 : Group T cell._.X__pt20pre (38 of 45) : Processed Fragments Chr (2 of 22), 42.371 mins elapsed.
2026-07-22 12:52:49.90788 : Group T cell._.X__pt20pre (38 of 45) : Processed Fragments Chr (3 of 22), 42.414 mins elapsed.
2026-07-22 12:52:52.55964 : Group T cell._.X__pt20pre (38 of 45) : Processed Fragments Chr (4 of 22), 42.458 mins elapsed.
2026-07-22 12:52:55.424985 : Group T cell._.X__pt20pre (38 of 45) : Processed Fragments Chr (5 of 22), 42.506 mins elapsed.
2026-07-22 12:52:57.673576 : Group T cell._.X__pt20pre (38 of 45) : Processed Fragments Chr (6 of 22), 42.544 mins elapsed.
2026-07-22 12:53:00.044439 : Group T cell._.X__pt20pre (38 of 45) : Processed Fragments Chr (7 of 22), 42.583 mins elapsed.
2026-07-22 12:53:02.704309 : Group T cell._.X__pt20pre (38 of 45) : Processed Fragments Chr (8 of 22), 42.627 mins elapsed.
2026-07-22 12:53:05.232092 : Group T cell._.X__pt20pre (38 of 45) : Processed Fragments Chr (9 of 22), 42.669 mins elapsed.
2026-07-22 12:53:07.837256 : Group T cell._.X__pt20pre (38 of 45) : Processed Fragments Chr (10 of 22), 42.713 mins elapsed.
2026-07-22 12:53:10.088103 : Group T cell._.X__pt20pre (38 of 45) : Processed Fragments Chr (11 of 22), 42.75 mins elapsed.
2026-07-22 12:53:12.681394 : Group T cell._.X__pt20pre (38 of 45) : Processed Fragments Chr (12 of 22), 42.794 mins elapsed.
2026-07-22 12:53:15.821083 : Group T cell._.X__pt20pre (38 of 45) : Processed Fragments Chr (13 of 22), 42.846 mins elapsed.
2026-07-22 12:53:18.093004 : Group T cell._.X__pt20pre (38 of 45) : Processed Fragments Chr (14 of 22), 42.884 mins elapsed.
2026-07-22 12:53:20.375943 : Group T cell._.X__pt20pre (38 of 45) : Processed Fragments Chr (15 of 22), 42.922 mins elapsed.
2026-07-22 12:53:22.647174 : Group T cell._.X__pt20pre (38 of 45) : Processed Fragments Chr (16 of 22), 42.96 mins elapsed.
2026-07-22 12:53:25.482306 : Group T cell._.X__pt20pre (38 of 45) : Processed Fragments Chr (17 of 22), 43.007 mins elapsed.
2026-07-22 12:53:28.781012 : Group T cell._.X__pt20pre (38 of 45) : Processed Fragments Chr (18 of 22), 43.062 mins elapsed.
2026-07-22 12:53:31.416981 : Group T cell._.X__pt20pre (38 of 45) : Processed Fragments Chr (19 of 22), 43.106 mins elapsed.
2026-07-22 12:53:34.126312 : Group T cell._.X__pt20pre (38 of 45) : Processed Fragments Chr (20 of 22), 43.151 mins elapsed.
2026-07-22 12:53:36.760788 : Group T cell._.X__pt20pre (38 of 45) : Processed Fragments Chr (21 of 22), 43.195 mins elapsed.
2026-07-22 12:53:39.538583 : Group T cell._.X__pt20pre (38 of 45) : Processed Fragments Chr (22 of 22), 43.241 mins elapsed.
2026-07-22 12:53:42.121372 : Group T cell._.X__11t (39 of 45) : Creating Group Coverage File : T.cell._.X__11t.insertions.coverage.h5, 43.284 mins elapsed.

2026-07-22 12:53:42.122387 : Group T cell._.X__11t (39 of 45) : cellGroupi, Class = character

Group T cell._.X__11t (39 of 45) : cellGroupi: length = 1146
[1] "X__11t#AAACAGCCAACTGGCT-1" "X__11t#AAACAGCCATGCATAT-1"
[3] "X__11t#AAACAGCCATGCTCCC-1" "X__11t#AAACCGCGTAGGTTGC-1"
[5] "X__11t#AAACCGCGTTACCGGG-1" "X__11t#AAACCGCGTTATGTGG-1"



2026-07-22 12:53:42.123796 : Number of Cells = 1146

2026-07-22 12:53:42.127648 : Coverage File Exists!

2026-07-22 12:53:42.12987 : Added Coverage Group

2026-07-22 12:53:42.131991 : Added Metadata Group

2026-07-22 12:53:42.139482 : Added ArrowCoverage Class

2026-07-22 12:53:42.141641 : Added Coverage/Info

2026-07-22 12:53:42.15082 : Added Coverage/Info/CellNames
2026-07-22 12:53:42.151112 : Group T cell._.X__11t (39 of 45) : Processed Fragments Chr (1 of 22), 43.285 mins elapsed.
2026-07-22 12:53:49.998939 : Group T cell._.X__11t (39 of 45) : Processed Fragments Chr (2 of 22), 43.416 mins elapsed.
2026-07-22 12:53:52.419816 : Group T cell._.X__11t (39 of 45) : Processed Fragments Chr (3 of 22), 43.456 mins elapsed.
2026-07-22 12:53:54.864836 : Group T cell._.X__11t (39 of 45) : Processed Fragments Chr (4 of 22), 43.497 mins elapsed.
2026-07-22 12:53:57.295597 : Group T cell._.X__11t (39 of 45) : Processed Fragments Chr (5 of 22), 43.537 mins elapsed.
2026-07-22 12:53:59.489876 : Group T cell._.X__11t (39 of 45) : Processed Fragments Chr (6 of 22), 43.574 mins elapsed.
2026-07-22 12:54:02.023461 : Group T cell._.X__11t (39 of 45) : Processed Fragments Chr (7 of 22), 43.616 mins elapsed.
2026-07-22 12:54:04.358287 : Group T cell._.X__11t (39 of 45) : Processed Fragments Chr (8 of 22), 43.655 mins elapsed.
2026-07-22 12:54:06.713458 : Group T cell._.X__11t (39 of 45) : Processed Fragments Chr (9 of 22), 43.694 mins elapsed.
2026-07-22 12:54:09.146835 : Group T cell._.X__11t (39 of 45) : Processed Fragments Chr (10 of 22), 43.735 mins elapsed.
2026-07-22 12:54:11.301561 : Group T cell._.X__11t (39 of 45) : Processed Fragments Chr (11 of 22), 43.771 mins elapsed.
2026-07-22 12:54:13.695266 : Group T cell._.X__11t (39 of 45) : Processed Fragments Chr (12 of 22), 43.811 mins elapsed.
2026-07-22 12:54:16.536898 : Group T cell._.X__11t (39 of 45) : Processed Fragments Chr (13 of 22), 43.858 mins elapsed.
2026-07-22 12:54:18.887293 : Group T cell._.X__11t (39 of 45) : Processed Fragments Chr (14 of 22), 43.897 mins elapsed.
2026-07-22 12:54:21.097094 : Group T cell._.X__11t (39 of 45) : Processed Fragments Chr (15 of 22), 43.934 mins elapsed.
2026-07-22 12:54:23.262036 : Group T cell._.X__11t (39 of 45) : Processed Fragments Chr (16 of 22), 43.97 mins elapsed.
2026-07-22 12:54:25.968887 : Group T cell._.X__11t (39 of 45) : Processed Fragments Chr (17 of 22), 44.015 mins elapsed.
2026-07-22 12:54:28.438007 : Group T cell._.X__11t (39 of 45) : Processed Fragments Chr (18 of 22), 44.056 mins elapsed.
2026-07-22 12:54:31.015701 : Group T cell._.X__11t (39 of 45) : Processed Fragments Chr (19 of 22), 44.099 mins elapsed.
2026-07-22 12:54:34.136776 : Group T cell._.X__11t (39 of 45) : Processed Fragments Chr (20 of 22), 44.151 mins elapsed.
2026-07-22 12:54:36.845968 : Group T cell._.X__11t (39 of 45) : Processed Fragments Chr (21 of 22), 44.196 mins elapsed.
2026-07-22 12:54:39.5332 : Group T cell._.X__11t (39 of 45) : Processed Fragments Chr (22 of 22), 44.241 mins elapsed.
2026-07-22 12:54:41.964523 : Group T cell._.X__22t (40 of 45) : Creating Group Coverage File : T.cell._.X__22t.insertions.coverage.h5, 44.282 mins elapsed.

2026-07-22 12:54:41.965513 : Group T cell._.X__22t (40 of 45) : cellGroupi, Class = character

Group T cell._.X__22t (40 of 45) : cellGroupi: length = 1065
[1] "X__22t#AAACAGCCACAGGATG-1" "X__22t#AAACAGCCAGGCTACT-1"
[3] "X__22t#AAACATGCAGTTATCG-1" "X__22t#AAACATGCATACTCCT-1"
[5] "X__22t#AAACCAACAACTAGAA-1" "X__22t#AAAGCACCAAGTTATC-1"



2026-07-22 12:54:41.96693 : Number of Cells = 1065

2026-07-22 12:54:41.970465 : Coverage File Exists!

2026-07-22 12:54:41.972669 : Added Coverage Group

2026-07-22 12:54:41.974784 : Added Metadata Group

2026-07-22 12:54:41.983673 : Added ArrowCoverage Class

2026-07-22 12:54:41.985789 : Added Coverage/Info

2026-07-22 12:54:41.994695 : Added Coverage/Info/CellNames
2026-07-22 12:54:41.994978 : Group T cell._.X__22t (40 of 45) : Processed Fragments Chr (1 of 22), 44.282 mins elapsed.
2026-07-22 12:54:46.095972 : Group T cell._.X__22t (40 of 45) : Processed Fragments Chr (2 of 22), 44.351 mins elapsed.
2026-07-22 12:54:48.630524 : Group T cell._.X__22t (40 of 45) : Processed Fragments Chr (3 of 22), 44.393 mins elapsed.
2026-07-22 12:54:51.255433 : Group T cell._.X__22t (40 of 45) : Processed Fragments Chr (4 of 22), 44.437 mins elapsed.
2026-07-22 12:54:53.767707 : Group T cell._.X__22t (40 of 45) : Processed Fragments Chr (5 of 22), 44.478 mins elapsed.
2026-07-22 12:54:55.993126 : Group T cell._.X__22t (40 of 45) : Processed Fragments Chr (6 of 22), 44.515 mins elapsed.
2026-07-22 12:54:58.597123 : Group T cell._.X__22t (40 of 45) : Processed Fragments Chr (7 of 22), 44.559 mins elapsed.
2026-07-22 12:55:01.007798 : Group T cell._.X__22t (40 of 45) : Processed Fragments Chr (8 of 22), 44.599 mins elapsed.
2026-07-22 12:55:03.409221 : Group T cell._.X__22t (40 of 45) : Processed Fragments Chr (9 of 22), 44.639 mins elapsed.
2026-07-22 12:55:06.051475 : Group T cell._.X__22t (40 of 45) : Processed Fragments Chr (10 of 22), 44.683 mins elapsed.
2026-07-22 12:55:08.298533 : Group T cell._.X__22t (40 of 45) : Processed Fragments Chr (11 of 22), 44.721 mins elapsed.
2026-07-22 12:55:10.838233 : Group T cell._.X__22t (40 of 45) : Processed Fragments Chr (12 of 22), 44.763 mins elapsed.
2026-07-22 12:55:13.841931 : Group T cell._.X__22t (40 of 45) : Processed Fragments Chr (13 of 22), 44.813 mins elapsed.
2026-07-22 12:55:16.162428 : Group T cell._.X__22t (40 of 45) : Processed Fragments Chr (14 of 22), 44.852 mins elapsed.
2026-07-22 12:55:18.455764 : Group T cell._.X__22t (40 of 45) : Processed Fragments Chr (15 of 22), 44.89 mins elapsed.
2026-07-22 12:55:20.667631 : Group T cell._.X__22t (40 of 45) : Processed Fragments Chr (16 of 22), 44.927 mins elapsed.
2026-07-22 12:55:23.537475 : Group T cell._.X__22t (40 of 45) : Processed Fragments Chr (17 of 22), 44.975 mins elapsed.
2026-07-22 12:55:26.188763 : Group T cell._.X__22t (40 of 45) : Processed Fragments Chr (18 of 22), 45.019 mins elapsed.
2026-07-22 12:55:28.773577 : Group T cell._.X__22t (40 of 45) : Processed Fragments Chr (19 of 22), 45.062 mins elapsed.
2026-07-22 12:55:31.482646 : Group T cell._.X__22t (40 of 45) : Processed Fragments Chr (20 of 22), 45.107 mins elapsed.
2026-07-22 12:55:34.038327 : Group T cell._.X__22t (40 of 45) : Processed Fragments Chr (21 of 22), 45.15 mins elapsed.
2026-07-22 12:55:36.672943 : Group T cell._.X__22t (40 of 45) : Processed Fragments Chr (22 of 22), 45.193 mins elapsed.
2026-07-22 12:55:41.666351 : Group T/NK cell._.X__18t (41 of 45) : Creating Group Coverage File : T.NK.cell._.X__18t.insertions.coverage.h5, 45.277 mins elapsed.

2026-07-22 12:55:41.669355 : Group T/NK cell._.X__18t (41 of 45) : cellGroupi, Class = character

Group T/NK cell._.X__18t (41 of 45) : cellGroupi: length = 3405
[1] "X__18t#GCTGGATGTCGTTATC-1" "X__18t#AGTTGGCGTAGCTGCG-1"
[3] "X__18t#GCCCAAATCTCACAAA-1" "X__18t#AATCCCTGTTCGGGAT-1"
[5] "X__18t#TGAGTTTCATTCCTGT-1" "X__18t#TCAGGTTAGGACCGCT-1"



2026-07-22 12:55:41.670847 : Number of Cells = 3405

2026-07-22 12:55:41.674526 : Coverage File Exists!

2026-07-22 12:55:41.676849 : Added Coverage Group

2026-07-22 12:55:41.679073 : Added Metadata Group

2026-07-22 12:55:41.686748 : Added ArrowCoverage Class

2026-07-22 12:55:41.68885 : Added Coverage/Info

2026-07-22 12:55:41.707141 : Added Coverage/Info/CellNames
2026-07-22 12:55:41.707443 : Group T/NK cell._.X__18t (41 of 45) : Processed Fragments Chr (1 of 22), 45.277 mins elapsed.
2026-07-22 12:55:47.732729 : Group T/NK cell._.X__18t (41 of 45) : Processed Fragments Chr (2 of 22), 45.378 mins elapsed.
2026-07-22 12:55:50.996117 : Group T/NK cell._.X__18t (41 of 45) : Processed Fragments Chr (3 of 22), 45.432 mins elapsed.
2026-07-22 12:55:54.432031 : Group T/NK cell._.X__18t (41 of 45) : Processed Fragments Chr (4 of 22), 45.489 mins elapsed.
2026-07-22 12:55:57.859356 : Group T/NK cell._.X__18t (41 of 45) : Processed Fragments Chr (5 of 22), 45.547 mins elapsed.
2026-07-22 12:56:00.78243 : Group T/NK cell._.X__18t (41 of 45) : Processed Fragments Chr (6 of 22), 45.595 mins elapsed.
2026-07-22 12:56:03.742639 : Group T/NK cell._.X__18t (41 of 45) : Processed Fragments Chr (7 of 22), 45.645 mins elapsed.
2026-07-22 12:56:06.639392 : Group T/NK cell._.X__18t (41 of 45) : Processed Fragments Chr (8 of 22), 45.693 mins elapsed.
2026-07-22 12:56:09.75845 : Group T/NK cell._.X__18t (41 of 45) : Processed Fragments Chr (9 of 22), 45.745 mins elapsed.
2026-07-22 12:56:13.038576 : Group T/NK cell._.X__18t (41 of 45) : Processed Fragments Chr (10 of 22), 45.8 mins elapsed.
2026-07-22 12:56:15.555855 : Group T/NK cell._.X__18t (41 of 45) : Processed Fragments Chr (11 of 22), 45.842 mins elapsed.
2026-07-22 12:56:19.054913 : Group T/NK cell._.X__18t (41 of 45) : Processed Fragments Chr (12 of 22), 45.9 mins elapsed.
2026-07-22 12:56:23.609043 : Group T/NK cell._.X__18t (41 of 45) : Processed Fragments Chr (13 of 22), 45.976 mins elapsed.
2026-07-22 12:56:26.333402 : Group T/NK cell._.X__18t (41 of 45) : Processed Fragments Chr (14 of 22), 46.021 mins elapsed.
2026-07-22 12:56:28.574106 : Group T/NK cell._.X__18t (41 of 45) : Processed Fragments Chr (15 of 22), 46.059 mins elapsed.
2026-07-22 12:56:31.050545 : Group T/NK cell._.X__18t (41 of 45) : Processed Fragments Chr (16 of 22), 46.1 mins elapsed.
2026-07-22 12:56:35.044855 : Group T/NK cell._.X__18t (41 of 45) : Processed Fragments Chr (17 of 22), 46.166 mins elapsed.
2026-07-22 12:56:38.694364 : Group T/NK cell._.X__18t (41 of 45) : Processed Fragments Chr (18 of 22), 46.227 mins elapsed.
2026-07-22 12:56:42.629205 : Group T/NK cell._.X__18t (41 of 45) : Processed Fragments Chr (19 of 22), 46.293 mins elapsed.
2026-07-22 12:56:46.356995 : Group T/NK cell._.X__18t (41 of 45) : Processed Fragments Chr (20 of 22), 46.355 mins elapsed.
2026-07-22 12:56:49.747922 : Group T/NK cell._.X__18t (41 of 45) : Processed Fragments Chr (21 of 22), 46.411 mins elapsed.
2026-07-22 12:56:53.011655 : Group T/NK cell._.X__18t (41 of 45) : Processed Fragments Chr (22 of 22), 46.466 mins elapsed.
2026-07-22 12:56:56.297839 : Group T/NK cell._.X__3t (42 of 45) : Creating Group Coverage File : T.NK.cell._.X__3t.insertions.coverage.h5, 46.521 mins elapsed.

2026-07-22 12:56:56.29897 : Group T/NK cell._.X__3t (42 of 45) : cellGroupi, Class = character

Group T/NK cell._.X__3t (42 of 45) : cellGroupi: length = 1522
[1] "X__3t#AAACATGCAAGCTAAA-1" "X__3t#AAACCGAAGTCACTCC-1"
[3] "X__3t#AAACCGCGTGGAAACG-1" "X__3t#AAACGCGCAACATAAG-1"
[5] "X__3t#AAACGGATCACATTGA-1" "X__3t#AAACGGATCACCTGTC-1"



2026-07-22 12:56:56.300461 : Number of Cells = 1522

2026-07-22 12:56:56.30455 : Coverage File Exists!

2026-07-22 12:56:56.306739 : Added Coverage Group

2026-07-22 12:56:56.308846 : Added Metadata Group

2026-07-22 12:56:56.316676 : Added ArrowCoverage Class

2026-07-22 12:56:56.318748 : Added Coverage/Info

2026-07-22 12:56:56.328866 : Added Coverage/Info/CellNames
2026-07-22 12:56:56.329148 : Group T/NK cell._.X__3t (42 of 45) : Processed Fragments Chr (1 of 22), 46.521 mins elapsed.
2026-07-22 12:57:01.3645 : Group T/NK cell._.X__3t (42 of 45) : Processed Fragments Chr (2 of 22), 46.605 mins elapsed.
2026-07-22 12:57:04.367991 : Group T/NK cell._.X__3t (42 of 45) : Processed Fragments Chr (3 of 22), 46.655 mins elapsed.
2026-07-22 12:57:07.54834 : Group T/NK cell._.X__3t (42 of 45) : Processed Fragments Chr (4 of 22), 46.708 mins elapsed.
2026-07-22 12:57:10.537499 : Group T/NK cell._.X__3t (42 of 45) : Processed Fragments Chr (5 of 22), 46.758 mins elapsed.
2026-07-22 12:57:13.050019 : Group T/NK cell._.X__3t (42 of 45) : Processed Fragments Chr (6 of 22), 46.8 mins elapsed.
2026-07-22 12:57:15.710123 : Group T/NK cell._.X__3t (42 of 45) : Processed Fragments Chr (7 of 22), 46.844 mins elapsed.
2026-07-22 12:57:18.606796 : Group T/NK cell._.X__3t (42 of 45) : Processed Fragments Chr (8 of 22), 46.892 mins elapsed.
2026-07-22 12:57:21.380465 : Group T/NK cell._.X__3t (42 of 45) : Processed Fragments Chr (9 of 22), 46.939 mins elapsed.
2026-07-22 12:57:24.408461 : Group T/NK cell._.X__3t (42 of 45) : Processed Fragments Chr (10 of 22), 46.989 mins elapsed.
2026-07-22 12:57:26.866547 : Group T/NK cell._.X__3t (42 of 45) : Processed Fragments Chr (11 of 22), 47.03 mins elapsed.
2026-07-22 12:57:29.75791 : Group T/NK cell._.X__3t (42 of 45) : Processed Fragments Chr (12 of 22), 47.078 mins elapsed.
2026-07-22 12:57:33.57372 : Group T/NK cell._.X__3t (42 of 45) : Processed Fragments Chr (13 of 22), 47.142 mins elapsed.
2026-07-22 12:57:36.245805 : Group T/NK cell._.X__3t (42 of 45) : Processed Fragments Chr (14 of 22), 47.186 mins elapsed.
2026-07-22 12:57:38.532934 : Group T/NK cell._.X__3t (42 of 45) : Processed Fragments Chr (15 of 22), 47.224 mins elapsed.
2026-07-22 12:57:40.943353 : Group T/NK cell._.X__3t (42 of 45) : Processed Fragments Chr (16 of 22), 47.265 mins elapsed.
2026-07-22 12:57:44.425616 : Group T/NK cell._.X__3t (42 of 45) : Processed Fragments Chr (17 of 22), 47.323 mins elapsed.
2026-07-22 12:57:47.629651 : Group T/NK cell._.X__3t (42 of 45) : Processed Fragments Chr (18 of 22), 47.376 mins elapsed.
2026-07-22 12:57:50.813271 : Group T/NK cell._.X__3t (42 of 45) : Processed Fragments Chr (19 of 22), 47.429 mins elapsed.
2026-07-22 12:57:54.114564 : Group T/NK cell._.X__3t (42 of 45) : Processed Fragments Chr (20 of 22), 47.484 mins elapsed.
2026-07-22 12:57:57.817955 : Group T/NK cell._.X__3t (42 of 45) : Processed Fragments Chr (21 of 22), 47.546 mins elapsed.
2026-07-22 12:58:00.941988 : Group T/NK cell._.X__3t (42 of 45) : Processed Fragments Chr (22 of 22), 47.598 mins elapsed.
2026-07-22 12:58:03.876565 : Group T/NK cell._.X__11t (43 of 45) : Creating Group Coverage File : T.NK.cell._.X__11t.insertions.coverage.h5, 47.647 mins elapsed.

2026-07-22 12:58:03.877536 : Group T/NK cell._.X__11t (43 of 45) : cellGroupi, Class = character

Group T/NK cell._.X__11t (43 of 45) : cellGroupi: length = 1097
[1] "X__11t#AAACAGCCAGGCCTTG-1" "X__11t#AAACATGCACAGGATG-1"
[3] "X__11t#AAACATGCAGGCTTGT-1" "X__11t#AAACGTACATATTGAC-1"
[5] "X__11t#AAAGCCGCATGATTGT-1" "X__11t#AAAGCGGGTCAATAGT-1"



2026-07-22 12:58:03.878955 : Number of Cells = 1097

2026-07-22 12:58:03.882325 : Coverage File Exists!

2026-07-22 12:58:03.884495 : Added Coverage Group

2026-07-22 12:58:03.886606 : Added Metadata Group

2026-07-22 12:58:03.895361 : Added ArrowCoverage Class

2026-07-22 12:58:03.897461 : Added Coverage/Info

2026-07-22 12:58:03.906444 : Added Coverage/Info/CellNames
2026-07-22 12:58:03.906737 : Group T/NK cell._.X__11t (43 of 45) : Processed Fragments Chr (1 of 22), 47.647 mins elapsed.
2026-07-22 12:58:07.349172 : Group T/NK cell._.X__11t (43 of 45) : Processed Fragments Chr (2 of 22), 47.705 mins elapsed.
2026-07-22 12:58:09.727858 : Group T/NK cell._.X__11t (43 of 45) : Processed Fragments Chr (3 of 22), 47.744 mins elapsed.
2026-07-22 12:58:12.135868 : Group T/NK cell._.X__11t (43 of 45) : Processed Fragments Chr (4 of 22), 47.785 mins elapsed.
2026-07-22 12:58:14.815449 : Group T/NK cell._.X__11t (43 of 45) : Processed Fragments Chr (5 of 22), 47.829 mins elapsed.
2026-07-22 12:58:17.171389 : Group T/NK cell._.X__11t (43 of 45) : Processed Fragments Chr (6 of 22), 47.868 mins elapsed.
2026-07-22 12:58:19.47052 : Group T/NK cell._.X__11t (43 of 45) : Processed Fragments Chr (7 of 22), 47.907 mins elapsed.
2026-07-22 12:58:21.740168 : Group T/NK cell._.X__11t (43 of 45) : Processed Fragments Chr (8 of 22), 47.945 mins elapsed.
2026-07-22 12:58:24.028603 : Group T/NK cell._.X__11t (43 of 45) : Processed Fragments Chr (9 of 22), 47.983 mins elapsed.
2026-07-22 12:58:26.431306 : Group T/NK cell._.X__11t (43 of 45) : Processed Fragments Chr (10 of 22), 48.023 mins elapsed.
2026-07-22 12:58:28.560457 : Group T/NK cell._.X__11t (43 of 45) : Processed Fragments Chr (11 of 22), 48.058 mins elapsed.
2026-07-22 12:58:30.921844 : Group T/NK cell._.X__11t (43 of 45) : Processed Fragments Chr (12 of 22), 48.098 mins elapsed.
2026-07-22 12:58:33.974531 : Group T/NK cell._.X__11t (43 of 45) : Processed Fragments Chr (13 of 22), 48.149 mins elapsed.
2026-07-22 12:58:36.274418 : Group T/NK cell._.X__11t (43 of 45) : Processed Fragments Chr (14 of 22), 48.187 mins elapsed.
2026-07-22 12:58:38.32253 : Group T/NK cell._.X__11t (43 of 45) : Processed Fragments Chr (15 of 22), 48.221 mins elapsed.
2026-07-22 12:58:40.440959 : Group T/NK cell._.X__11t (43 of 45) : Processed Fragments Chr (16 of 22), 48.256 mins elapsed.
2026-07-22 12:58:43.145636 : Group T/NK cell._.X__11t (43 of 45) : Processed Fragments Chr (17 of 22), 48.301 mins elapsed.
2026-07-22 12:58:45.636107 : Group T/NK cell._.X__11t (43 of 45) : Processed Fragments Chr (18 of 22), 48.343 mins elapsed.
2026-07-22 12:58:48.102262 : Group T/NK cell._.X__11t (43 of 45) : Processed Fragments Chr (19 of 22), 48.384 mins elapsed.
2026-07-22 12:58:50.782854 : Group T/NK cell._.X__11t (43 of 45) : Processed Fragments Chr (20 of 22), 48.429 mins elapsed.
2026-07-22 12:58:53.498772 : Group T/NK cell._.X__11t (43 of 45) : Processed Fragments Chr (21 of 22), 48.474 mins elapsed.
2026-07-22 12:58:56.232759 : Group T/NK cell._.X__11t (43 of 45) : Processed Fragments Chr (22 of 22), 48.519 mins elapsed.
2026-07-22 12:58:58.857819 : Group T/NK cell._.X__13t (44 of 45) : Creating Group Coverage File : T.NK.cell._.X__13t.insertions.coverage.h5, 48.563 mins elapsed.

2026-07-22 12:58:58.858758 : Group T/NK cell._.X__13t (44 of 45) : cellGroupi, Class = character

Group T/NK cell._.X__13t (44 of 45) : cellGroupi: length = 873
[1] "X__13t#AAACAGCCACTCAACA-1" "X__13t#AAACCGGCATCATGGC-1"
[3] "X__13t#AAACGGATCGCTTGCT-1" "X__13t#AAAGCAAGTGATCATG-1"
[5] "X__13t#AAAGCCCGTTGCACAA-1" "X__13t#AAAGCCGCAACACCTA-1"



2026-07-22 12:58:58.860217 : Number of Cells = 873

2026-07-22 12:58:58.865551 : Coverage File Exists!

2026-07-22 12:58:58.867766 : Added Coverage Group

2026-07-22 12:58:58.869904 : Added Metadata Group

2026-07-22 12:58:58.877788 : Added ArrowCoverage Class

2026-07-22 12:58:58.879954 : Added Coverage/Info

2026-07-22 12:58:58.88831 : Added Coverage/Info/CellNames
2026-07-22 12:58:58.888606 : Group T/NK cell._.X__13t (44 of 45) : Processed Fragments Chr (1 of 22), 48.564 mins elapsed.
2026-07-22 12:59:05.365634 : Group T/NK cell._.X__13t (44 of 45) : Processed Fragments Chr (2 of 22), 48.672 mins elapsed.
2026-07-22 12:59:08.281967 : Group T/NK cell._.X__13t (44 of 45) : Processed Fragments Chr (3 of 22), 48.72 mins elapsed.
2026-07-22 12:59:11.330039 : Group T/NK cell._.X__13t (44 of 45) : Processed Fragments Chr (4 of 22), 48.771 mins elapsed.
2026-07-22 12:59:14.516842 : Group T/NK cell._.X__13t (44 of 45) : Processed Fragments Chr (5 of 22), 48.824 mins elapsed.
2026-07-22 12:59:17.058536 : Group T/NK cell._.X__13t (44 of 45) : Processed Fragments Chr (6 of 22), 48.867 mins elapsed.
2026-07-22 12:59:19.660507 : Group T/NK cell._.X__13t (44 of 45) : Processed Fragments Chr (7 of 22), 48.91 mins elapsed.
2026-07-22 12:59:22.265119 : Group T/NK cell._.X__13t (44 of 45) : Processed Fragments Chr (8 of 22), 48.953 mins elapsed.
2026-07-22 12:59:24.931823 : Group T/NK cell._.X__13t (44 of 45) : Processed Fragments Chr (9 of 22), 48.998 mins elapsed.
2026-07-22 12:59:28.294623 : Group T/NK cell._.X__13t (44 of 45) : Processed Fragments Chr (10 of 22), 49.054 mins elapsed.
2026-07-22 12:59:30.987068 : Group T/NK cell._.X__13t (44 of 45) : Processed Fragments Chr (11 of 22), 49.099 mins elapsed.
2026-07-22 12:59:34.065493 : Group T/NK cell._.X__13t (44 of 45) : Processed Fragments Chr (12 of 22), 49.15 mins elapsed.
2026-07-22 12:59:37.899608 : Group T/NK cell._.X__13t (44 of 45) : Processed Fragments Chr (13 of 22), 49.214 mins elapsed.
2026-07-22 12:59:40.51756 : Group T/NK cell._.X__13t (44 of 45) : Processed Fragments Chr (14 of 22), 49.258 mins elapsed.
2026-07-22 12:59:42.7065 : Group T/NK cell._.X__13t (44 of 45) : Processed Fragments Chr (15 of 22), 49.294 mins elapsed.
2026-07-22 12:59:45.042309 : Group T/NK cell._.X__13t (44 of 45) : Processed Fragments Chr (16 of 22), 49.333 mins elapsed.
2026-07-22 12:59:48.44828 : Group T/NK cell._.X__13t (44 of 45) : Processed Fragments Chr (17 of 22), 49.39 mins elapsed.
2026-07-22 12:59:51.526771 : Group T/NK cell._.X__13t (44 of 45) : Processed Fragments Chr (18 of 22), 49.441 mins elapsed.
2026-07-22 12:59:55.330249 : Group T/NK cell._.X__13t (44 of 45) : Processed Fragments Chr (19 of 22), 49.504 mins elapsed.
2026-07-22 12:59:58.887276 : Group T/NK cell._.X__13t (44 of 45) : Processed Fragments Chr (20 of 22), 49.564 mins elapsed.
2026-07-22 13:00:02.541818 : Group T/NK cell._.X__13t (44 of 45) : Processed Fragments Chr (21 of 22), 49.625 mins elapsed.
2026-07-22 13:00:05.385693 : Group T/NK cell._.X__13t (44 of 45) : Processed Fragments Chr (22 of 22), 49.672 mins elapsed.
2026-07-22 13:00:08.167001 : Group T/NK cell._.X__12t (45 of 45) : Creating Group Coverage File : T.NK.cell._.X__12t.insertions.coverage.h5, 49.718 mins elapsed.

2026-07-22 13:00:08.167818 : Group T/NK cell._.X__12t (45 of 45) : cellGroupi, Class = character

Group T/NK cell._.X__12t (45 of 45) : cellGroupi: length = 670
[1] "X__12t#AAACCGCGTAGCCATA-1" "X__12t#AAACCGGCAGGCTAAG-1"
[3] "X__12t#AAAGCACCAGTTGCGT-1" "X__12t#AAAGCACCATGAATCT-1"
[5] "X__12t#AAAGGTTAGCTTTGGG-1" "X__12t#AAATCCGGTAATCGGC-1"



2026-07-22 13:00:08.169225 : Number of Cells = 670

2026-07-22 13:00:08.172784 : Coverage File Exists!

2026-07-22 13:00:08.174941 : Added Coverage Group

2026-07-22 13:00:08.177037 : Added Metadata Group

2026-07-22 13:00:08.185583 : Added ArrowCoverage Class

2026-07-22 13:00:08.187665 : Added Coverage/Info

2026-07-22 13:00:08.195352 : Added Coverage/Info/CellNames
2026-07-22 13:00:08.195639 : Group T/NK cell._.X__12t (45 of 45) : Processed Fragments Chr (1 of 22), 49.719 mins elapsed.
2026-07-22 13:00:11.074767 : Group T/NK cell._.X__12t (45 of 45) : Processed Fragments Chr (2 of 22), 49.767 mins elapsed.
2026-07-22 13:00:13.545549 : Group T/NK cell._.X__12t (45 of 45) : Processed Fragments Chr (3 of 22), 49.808 mins elapsed.
2026-07-22 13:00:15.845926 : Group T/NK cell._.X__12t (45 of 45) : Processed Fragments Chr (4 of 22), 49.846 mins elapsed.
2026-07-22 13:00:18.087974 : Group T/NK cell._.X__12t (45 of 45) : Processed Fragments Chr (5 of 22), 49.884 mins elapsed.
2026-07-22 13:00:20.170229 : Group T/NK cell._.X__12t (45 of 45) : Processed Fragments Chr (6 of 22), 49.918 mins elapsed.
2026-07-22 13:00:22.296915 : Group T/NK cell._.X__12t (45 of 45) : Processed Fragments Chr (7 of 22), 49.954 mins elapsed.
2026-07-22 13:00:24.402931 : Group T/NK cell._.X__12t (45 of 45) : Processed Fragments Chr (8 of 22), 49.989 mins elapsed.
2026-07-22 13:00:30.294188 : Group T/NK cell._.X__12t (45 of 45) : Processed Fragments Chr (9 of 22), 50.087 mins elapsed.
2026-07-22 13:00:32.500785 : Group T/NK cell._.X__12t (45 of 45) : Processed Fragments Chr (10 of 22), 50.124 mins elapsed.
2026-07-22 13:00:34.61202 : Group T/NK cell._.X__12t (45 of 45) : Processed Fragments Chr (11 of 22), 50.159 mins elapsed.
2026-07-22 13:00:37.074959 : Group T/NK cell._.X__12t (45 of 45) : Processed Fragments Chr (12 of 22), 50.2 mins elapsed.
2026-07-22 13:00:39.593077 : Group T/NK cell._.X__12t (45 of 45) : Processed Fragments Chr (13 of 22), 50.242 mins elapsed.
2026-07-22 13:00:41.709782 : Group T/NK cell._.X__12t (45 of 45) : Processed Fragments Chr (14 of 22), 50.277 mins elapsed.
2026-07-22 13:00:43.687634 : Group T/NK cell._.X__12t (45 of 45) : Processed Fragments Chr (15 of 22), 50.31 mins elapsed.
2026-07-22 13:00:45.721599 : Group T/NK cell._.X__12t (45 of 45) : Processed Fragments Chr (16 of 22), 50.344 mins elapsed.
2026-07-22 13:00:50.933529 : Group T/NK cell._.X__12t (45 of 45) : Processed Fragments Chr (17 of 22), 50.431 mins elapsed.
2026-07-22 13:00:53.166367 : Group T/NK cell._.X__12t (45 of 45) : Processed Fragments Chr (18 of 22), 50.468 mins elapsed.
2026-07-22 13:00:55.607428 : Group T/NK cell._.X__12t (45 of 45) : Processed Fragments Chr (19 of 22), 50.509 mins elapsed.
2026-07-22 13:00:58.160941 : Group T/NK cell._.X__12t (45 of 45) : Processed Fragments Chr (20 of 22), 50.552 mins elapsed.
2026-07-22 13:01:00.500687 : Group T/NK cell._.X__12t (45 of 45) : Processed Fragments Chr (21 of 22), 50.591 mins elapsed.
2026-07-22 13:01:02.811069 : Group T/NK cell._.X__12t (45 of 45) : Processed Fragments Chr (22 of 22), 50.629 mins elapsed.

2026-07-22 13:01:05.039706 : kmerBias-Parameters, Class = list

kmerBias-Parameters$: length = 1
                       
1 function (name)      
2 .Internal(args(name))


kmerBias-Parameters$genome: length = 1
[1] "BSgenome.Hsapiens.UCSC.hg38"


kmerBias-Parameters$kmerLength: length = 1
[1] 6


kmerBias-Parameters$threads: length = 1
[1] 19


kmerBias-Parameters$verbose: length = 1
[1] FALSE


kmerBias-Parameters$tstart: length = 0
NULL


kmerBias-Parameters$logFile: length = 1
[1] "ArchRLogs/ArchR-addGroupCoverages-26d50451e8289c-Date-2026-07-22_Time-12-10-24.965737.log"



2026-07-22 13:01:11.942658 : Kmer Bias chr1 (1 of 22)

2026-07-22 13:01:12.06063 : Kmer Bias chr10 (2 of 22)

2026-07-22 13:01:12.197405 : Kmer Bias chr11 (3 of 22)

2026-07-22 13:01:12.303151 : Kmer Bias chr12 (4 of 22)

2026-07-22 13:01:12.438695 : Kmer Bias chr13 (5 of 22)

2026-07-22 13:01:12.586017 : Kmer Bias chr14 (6 of 22)

2026-07-22 13:01:12.946737 : Kmer Bias chr15 (7 of 22)

2026-07-22 13:01:13.45368 : Kmer Bias chr16 (8 of 22)

2026-07-22 13:01:14.058723 : Kmer Bias chr17 (9 of 22)

2026-07-22 13:01:14.642705 : Kmer Bias chr18 (10 of 22)

2026-07-22 13:01:15.41759 : Kmer Bias chr19 (11 of 22)

2026-07-22 13:01:16.252583 : Kmer Bias chr2 (12 of 22)

2026-07-22 13:01:17.09969 : Kmer Bias chr20 (13 of 22)

2026-07-22 13:01:17.237384 : Coverage File chr10 (1 of 45)

2026-07-22 13:01:17.27802 : Coverage File chr11 (1 of 45)

2026-07-22 13:01:17.396582 : Coverage File chr14 (1 of 45)

2026-07-22 13:01:17.506368 : Coverage File chr13 (1 of 45)

2026-07-22 13:01:17.681809 : Coverage File chr12 (1 of 45)

2026-07-22 13:01:17.786344 : Coverage File chr17 (1 of 45)

2026-07-22 13:01:18.026646 : Kmer Bias chr21 (14 of 22)

2026-07-22 13:01:18.033786 : Coverage File chr15 (1 of 45)

2026-07-22 13:01:18.242242 : Coverage File chr16 (1 of 45)

2026-07-22 13:01:19.103717 : Kmer Bias chr22 (15 of 22)

2026-07-22 13:01:19.26868 : Coverage File chr19 (1 of 45)

2026-07-22 13:01:19.548399 : Coverage File chr18 (1 of 45)

2026-07-22 13:01:20.187668 : Kmer Bias chr3 (16 of 22)

2026-07-22 13:01:21.166307 : Coverage File chr21 (1 of 45)

2026-07-22 13:01:21.299669 : Kmer Bias chr4 (17 of 22)

2026-07-22 13:01:21.997087 : Coverage File chr20 (1 of 45)

2026-07-22 13:01:22.587763 : Kmer Bias chr5 (18 of 22)

2026-07-22 13:01:23.418772 : Coverage File chr22 (1 of 45)

2026-07-22 13:01:23.707427 : Coverage File chr1 (1 of 45)

2026-07-22 13:01:23.824846 : Kmer Bias chr6 (19 of 22)

2026-07-22 13:01:31.58401 : Coverage File chr2 (1 of 45)

2026-07-22 13:01:34.031825 : Coverage File chr3 (1 of 45)

2026-07-22 13:01:35.844097 : Coverage File chr5 (1 of 45)

2026-07-22 13:01:36.479071 : Coverage File chr4 (1 of 45)

2026-07-22 13:01:37.585128 : Coverage File chr6 (1 of 45)

2026-07-22 13:01:42.10995 : Coverage File chr10 (2 of 45)

2026-07-22 13:01:42.395305 : Coverage File chr11 (2 of 45)

2026-07-22 13:01:42.706272 : Coverage File chr17 (2 of 45)

2026-07-22 13:01:43.021293 : Coverage File chr12 (2 of 45)

2026-07-22 13:01:44.667264 : Coverage File chr13 (2 of 45)

2026-07-22 13:01:44.87503 : Coverage File chr14 (2 of 45)

2026-07-22 13:01:45.262738 : Coverage File chr21 (2 of 45)

2026-07-22 13:01:45.519631 : Coverage File chr15 (2 of 45)

2026-07-22 13:01:46.123779 : Coverage File chr16 (2 of 45)

2026-07-22 13:01:47.021786 : Coverage File chr18 (2 of 45)

2026-07-22 13:01:47.670092 : Coverage File chr19 (2 of 45)

2026-07-22 13:01:49.687322 : Coverage File chr20 (2 of 45)

2026-07-22 13:01:50.731295 : Coverage File chr22 (2 of 45)

2026-07-22 13:01:52.31768 : Coverage File chr1 (2 of 45)

2026-07-22 13:01:59.310392 : Coverage File chr2 (2 of 45)

2026-07-22 13:02:01.186531 : Coverage File chr3 (2 of 45)

2026-07-22 13:02:02.059377 : Coverage File chr10 (3 of 45)

2026-07-22 13:02:02.392309 : Coverage File chr5 (2 of 45)

2026-07-22 13:02:02.63811 : Coverage File chr11 (3 of 45)

2026-07-22 13:02:03.188295 : Coverage File chr17 (3 of 45)

2026-07-22 13:02:03.218184 : Coverage File chr12 (3 of 45)

2026-07-22 13:02:03.502289 : Coverage File chr21 (3 of 45)

2026-07-22 13:02:05.765831 : Coverage File chr13 (3 of 45)

2026-07-22 13:02:05.889733 : Coverage File chr4 (2 of 45)

2026-07-22 13:02:06.532776 : Coverage File chr14 (3 of 45)

2026-07-22 13:02:06.940173 : Coverage File chr15 (3 of 45)

2026-07-22 13:02:07.276926 : Coverage File chr6 (2 of 45)

2026-07-22 13:02:07.950523 : Coverage File chr16 (3 of 45)

2026-07-22 13:02:08.049289 : Coverage File chr18 (3 of 45)

2026-07-22 13:02:10.34675 : Coverage File chr19 (3 of 45)

2026-07-22 13:02:10.958303 : Coverage File chr20 (3 of 45)

2026-07-22 13:02:11.857396 : Coverage File chr22 (3 of 45)

2026-07-22 13:02:14.407359 : Coverage File chr1 (3 of 45)

2026-07-22 13:02:20.838242 : Coverage File chr2 (3 of 45)

2026-07-22 13:02:21.782822 : Coverage File chr10 (4 of 45)

2026-07-22 13:02:22.005018 : Coverage File chr3 (3 of 45)

2026-07-22 13:02:22.034411 : Coverage File chr21 (4 of 45)

2026-07-22 13:02:22.494136 : Coverage File chr11 (4 of 45)

2026-07-22 13:02:22.794614 : Coverage File chr5 (3 of 45)

2026-07-22 13:02:22.958438 : Coverage File chr12 (4 of 45)

2026-07-22 13:02:23.466519 : Coverage File chr17 (4 of 45)

2026-07-22 13:02:26.846473 : Coverage File chr13 (4 of 45)

2026-07-22 13:02:27.783872 : Coverage File chr14 (4 of 45)

2026-07-22 13:02:28.144233 : Coverage File chr15 (4 of 45)

2026-07-22 13:02:28.195206 : Coverage File chr4 (3 of 45)

2026-07-22 13:02:28.872108 : Coverage File chr18 (4 of 45)

2026-07-22 13:02:29.304743 : Coverage File chr16 (4 of 45)

2026-07-22 13:02:29.937222 : Coverage File chr6 (3 of 45)

2026-07-22 13:02:31.876143 : Coverage File chr20 (4 of 45)

2026-07-22 13:02:32.081766 : Coverage File chr19 (4 of 45)

2026-07-22 13:02:32.559647 : Coverage File chr22 (4 of 45)

2026-07-22 13:02:37.193982 : Coverage File chr1 (4 of 45)

2026-07-22 13:02:40.152125 : Coverage File chr21 (5 of 45)

2026-07-22 13:02:41.478227 : Coverage File chr10 (5 of 45)

2026-07-22 13:02:41.599441 : Coverage File chr2 (4 of 45)

2026-07-22 13:02:42.198337 : Coverage File chr3 (4 of 45)

2026-07-22 13:02:42.487229 : Coverage File chr11 (5 of 45)

2026-07-22 13:02:42.858116 : Coverage File chr12 (5 of 45)

2026-07-22 13:02:42.874431 : Coverage File chr17 (5 of 45)

2026-07-22 13:02:43.030581 : Coverage File chr5 (4 of 45)

2026-07-22 13:02:47.649777 : Coverage File chr13 (5 of 45)

2026-07-22 13:02:48.598194 : Coverage File chr14 (5 of 45)

2026-07-22 13:02:48.870223 : Coverage File chr15 (5 of 45)

2026-07-22 13:02:49.320418 : Coverage File chr18 (5 of 45)

2026-07-22 13:02:49.895317 : Coverage File chr4 (4 of 45)

2026-07-22 13:02:50.154537 : Coverage File chr16 (5 of 45)

2026-07-22 13:02:52.457698 : Coverage File chr20 (5 of 45)

2026-07-22 13:02:52.636665 : Coverage File chr6 (4 of 45)

2026-07-22 13:02:52.790996 : Coverage File chr22 (5 of 45)

2026-07-22 13:02:53.363605 : Coverage File chr19 (5 of 45)

2026-07-22 13:02:57.921231 : Coverage File chr1 (5 of 45)

2026-07-22 13:02:58.455915 : Coverage File chr21 (6 of 45)

2026-07-22 13:03:00.466701 : Coverage File chr10 (6 of 45)

2026-07-22 13:03:01.662948 : Coverage File chr11 (6 of 45)

2026-07-22 13:03:01.882888 : Coverage File chr17 (6 of 45)

2026-07-22 13:03:01.985391 : Coverage File chr12 (6 of 45)

2026-07-22 13:03:02.115857 : Coverage File chr2 (5 of 45)

2026-07-22 13:03:02.162837 : Coverage File chr3 (5 of 45)

2026-07-22 13:03:03.1858 : Coverage File chr5 (5 of 45)

2026-07-22 13:03:08.343928 : Coverage File chr13 (6 of 45)

2026-07-22 13:03:09.523792 : Coverage File chr14 (6 of 45)

2026-07-22 13:03:09.698324 : Coverage File chr15 (6 of 45)

2026-07-22 13:03:09.788153 : Coverage File chr18 (6 of 45)

2026-07-22 13:03:11.149951 : Coverage File chr16 (6 of 45)

2026-07-22 13:03:12.036174 : Coverage File chr4 (5 of 45)

2026-07-22 13:03:13.115039 : Coverage File chr20 (6 of 45)

2026-07-22 13:03:13.363942 : Coverage File chr22 (6 of 45)

2026-07-22 13:03:14.401311 : Coverage File chr19 (6 of 45)

2026-07-22 13:03:14.746415 : Coverage File chr6 (5 of 45)

2026-07-22 13:03:17.921415 : Coverage File chr1 (6 of 45)

2026-07-22 13:03:19.590641 : Coverage File chr21 (7 of 45)

2026-07-22 13:03:21.720289 : Coverage File chr2 (6 of 45)

2026-07-22 13:03:21.922721 : Coverage File chr3 (6 of 45)

2026-07-22 13:03:22.275213 : Coverage File chr5 (6 of 45)

2026-07-22 13:03:28.751547 : Coverage File chr10 (7 of 45)

2026-07-22 13:03:33.069512 : Coverage File chr4 (6 of 45)

2026-07-22 13:03:33.258881 : Coverage File chr11 (7 of 45)

2026-07-22 13:03:33.889042 : Coverage File chr13 (7 of 45)

2026-07-22 13:03:34.540241 : Coverage File chr12 (7 of 45)

2026-07-22 13:03:36.405043 : Coverage File chr6 (6 of 45)

2026-07-22 13:03:36.520574 : Coverage File chr18 (7 of 45)

2026-07-22 13:03:37.693677 : Coverage File chr14 (7 of 45)

2026-07-22 13:03:38.182596 : Coverage File chr17 (7 of 45)

2026-07-22 13:03:39.21285 : Coverage File chr21 (8 of 45)

2026-07-22 13:03:40.787596 : Coverage File chr22 (7 of 45)

2026-07-22 13:03:41.861649 : Coverage File chr20 (7 of 45)

2026-07-22 13:03:42.506894 : Coverage File chr16 (7 of 45)

2026-07-22 13:03:43.196293 : Coverage File chr15 (7 of 45)

2026-07-22 13:03:52.614528 : Coverage File chr19 (7 of 45)

2026-07-22 13:03:53.304506 : Coverage File chr10 (8 of 45)

2026-07-22 13:03:54.056527 : Coverage File chr5 (7 of 45)

2026-07-22 13:03:56.010287 : Coverage File chr13 (8 of 45)

2026-07-22 13:03:57.59731 : Coverage File chr3 (7 of 45)

2026-07-22 13:03:58.501498 : Coverage File chr18 (8 of 45)

2026-07-22 13:03:58.725989 : Coverage File chr11 (8 of 45)

2026-07-22 13:03:59.262375 : Coverage File chr12 (8 of 45)

2026-07-22 13:03:59.588087 : Coverage File chr21 (9 of 45)

2026-07-22 13:04:01.365888 : Coverage File chr2 (7 of 45)

2026-07-22 13:04:02.412993 : Coverage File chr17 (8 of 45)

2026-07-22 13:04:02.77852 : Coverage File chr22 (8 of 45)

2026-07-22 13:04:02.917225 : Coverage File chr14 (8 of 45)

2026-07-22 13:04:05.368571 : Coverage File chr4 (7 of 45)

2026-07-22 13:04:06.09977 : Coverage File chr20 (8 of 45)

2026-07-22 13:04:07.578057 : Coverage File chr1 (7 of 45)

2026-07-22 13:04:08.698918 : Coverage File chr15 (8 of 45)

2026-07-22 13:04:08.733904 : Coverage File chr16 (8 of 45)

2026-07-22 13:04:14.79672 : Coverage File chr6 (7 of 45)

2026-07-22 13:04:18.722159 : Coverage File chr21 (10 of 45)

2026-07-22 13:04:19.190575 : Coverage File chr5 (8 of 45)

2026-07-22 13:04:19.519704 : Coverage File chr19 (8 of 45)

2026-07-22 13:04:20.00306 : Coverage File chr10 (9 of 45)

2026-07-22 13:04:23.119954 : Coverage File chr13 (9 of 45)

2026-07-22 13:04:23.749223 : Coverage File chr18 (9 of 45)

2026-07-22 13:04:24.585305 : Coverage File chr3 (8 of 45)

2026-07-22 13:04:25.891859 : Coverage File chr12 (9 of 45)

2026-07-22 13:04:26.400741 : Coverage File chr22 (9 of 45)

2026-07-22 13:04:26.410266 : Coverage File chr11 (9 of 45)

2026-07-22 13:04:28.186509 : Coverage File chr14 (9 of 45)

2026-07-22 13:04:29.318136 : Coverage File chr2 (8 of 45)

2026-07-22 13:04:31.609133 : Coverage File chr20 (9 of 45)

2026-07-22 13:04:32.31029 : Coverage File chr4 (8 of 45)

2026-07-22 13:04:32.75267 : Coverage File chr1 (8 of 45)

2026-07-22 13:04:33.151294 : Coverage File chr17 (9 of 45)

2026-07-22 13:04:35.302472 : Coverage File chr15 (9 of 45)

2026-07-22 13:04:35.477987 : Coverage File chr16 (9 of 45)

2026-07-22 13:04:38.030196 : Coverage File chr21 (11 of 45)

2026-07-22 13:04:42.773641 : Coverage File chr6 (8 of 45)

2026-07-22 13:04:45.732604 : Coverage File chr10 (10 of 45)

2026-07-22 13:04:46.716232 : Coverage File chr13 (10 of 45)

2026-07-22 13:04:46.755413 : Coverage File chr18 (10 of 45)

2026-07-22 13:04:46.872169 : Coverage File chr19 (9 of 45)

2026-07-22 13:04:48.834426 : Coverage File chr22 (10 of 45)

2026-07-22 13:04:50.796317 : Coverage File chr12 (10 of 45)

2026-07-22 13:04:51.982947 : Coverage File chr11 (10 of 45)

2026-07-22 13:04:52.269536 : Coverage File chr14 (10 of 45)

2026-07-22 13:04:54.753603 : Coverage File chr3 (9 of 45)

2026-07-22 13:04:55.939151 : Coverage File chr20 (10 of 45)

2026-07-22 13:04:56.92199 : Coverage File chr5 (9 of 45)

2026-07-22 13:04:57.189438 : Coverage File chr17 (10 of 45)

2026-07-22 13:04:58.67697 : Coverage File chr21 (12 of 45)

2026-07-22 13:05:00.041649 : Coverage File chr15 (10 of 45)

2026-07-22 13:05:00.475477 : Coverage File chr16 (10 of 45)

2026-07-22 13:05:01.809189 : Coverage File chr4 (9 of 45)

2026-07-22 13:05:02.540927 : Coverage File chr2 (9 of 45)

2026-07-22 13:05:09.248689 : Coverage File chr10 (11 of 45)

2026-07-22 13:05:09.881189 : Coverage File chr18 (11 of 45)

2026-07-22 13:05:10.887075 : Coverage File chr13 (11 of 45)

2026-07-22 13:05:11.247322 : Coverage File chr22 (11 of 45)

2026-07-22 13:05:11.602309 : Coverage File chr19 (10 of 45)

2026-07-22 13:05:15.139157 : Coverage File chr12 (11 of 45)

2026-07-22 13:05:16.437207 : Coverage File chr11 (11 of 45)

2026-07-22 13:05:17.463042 : Coverage File chr14 (11 of 45)

2026-07-22 13:05:19.035695 : Coverage File chr21 (13 of 45)

2026-07-22 13:05:19.830729 : Coverage File chr20 (11 of 45)

2026-07-22 13:05:20.815265 : Coverage File chr17 (11 of 45)

2026-07-22 13:05:21.815532 : Coverage File chr1 (9 of 45)

2026-07-22 13:05:22.577496 : Coverage File chr3 (10 of 45)

2026-07-22 13:05:22.706996 : Coverage File chr6 (9 of 45)

2026-07-22 13:05:23.402636 : Coverage File chr5 (10 of 45)

2026-07-22 13:05:24.726677 : Coverage File chr15 (11 of 45)

2026-07-22 13:05:25.114861 : Coverage File chr16 (11 of 45)

2026-07-22 13:05:29.912249 : Coverage File chr4 (10 of 45)

2026-07-22 13:05:32.25193 : Coverage File chr2 (10 of 45)

2026-07-22 13:05:35.350029 : Coverage File chr18 (12 of 45)

2026-07-22 13:05:35.839668 : Coverage File chr22 (12 of 45)

2026-07-22 13:05:37.285249 : Coverage File chr19 (11 of 45)

2026-07-22 13:05:37.4156 : Coverage File chr13 (12 of 45)

2026-07-22 13:05:38.601459 : Coverage File chr10 (12 of 45)

2026-07-22 13:05:39.305578 : Coverage File chr21 (14 of 45)

2026-07-22 13:05:43.836558 : Coverage File chr12 (12 of 45)

2026-07-22 13:05:46.018906 : Coverage File chr14 (12 of 45)

2026-07-22 13:05:46.365084 : Coverage File chr11 (12 of 45)

2026-07-22 13:05:46.629499 : Coverage File chr20 (12 of 45)

2026-07-22 13:05:48.021347 : Coverage File chr17 (12 of 45)

2026-07-22 13:05:48.563228 : Coverage File chr5 (11 of 45)

2026-07-22 13:05:49.446954 : Coverage File chr3 (11 of 45)

2026-07-22 13:05:51.718558 : Coverage File chr15 (12 of 45)

2026-07-22 13:05:52.220776 : Coverage File chr6 (10 of 45)

2026-07-22 13:05:53.363261 : Coverage File chr1 (10 of 45)

2026-07-22 13:05:53.875666 : Coverage File chr16 (12 of 45)

2026-07-22 13:05:56.623464 : Coverage File chr4 (11 of 45)

2026-07-22 13:05:59.364673 : Coverage File chr21 (15 of 45)

2026-07-22 13:05:59.962374 : Coverage File chr22 (13 of 45)

2026-07-22 13:06:00.865679 : Coverage File chr18 (13 of 45)

2026-07-22 13:06:01.049294 : Coverage File chr2 (11 of 45)

2026-07-22 13:06:04.001331 : Coverage File chr13 (13 of 45)

2026-07-22 13:06:07.04601 : Coverage File chr10 (13 of 45)

2026-07-22 13:06:07.189067 : Coverage File chr19 (12 of 45)

2026-07-22 13:06:12.254005 : Coverage File chr20 (13 of 45)

2026-07-22 13:06:12.443031 : Coverage File chr12 (13 of 45)

2026-07-22 13:06:13.643825 : Coverage File chr14 (13 of 45)

2026-07-22 13:06:14.802684 : Coverage File chr17 (13 of 45)

2026-07-22 13:06:15.547345 : Coverage File chr11 (13 of 45)

2026-07-22 13:06:18.385038 : Coverage File chr15 (13 of 45)

2026-07-22 13:06:18.676648 : Coverage File chr5 (12 of 45)

2026-07-22 13:06:19.885821 : Coverage File chr21 (16 of 45)

2026-07-22 13:06:21.089677 : Coverage File chr6 (11 of 45)

2026-07-22 13:06:21.837804 : Coverage File chr16 (13 of 45)

2026-07-22 13:06:22.744277 : Coverage File chr3 (12 of 45)

2026-07-22 13:06:24.135839 : Coverage File chr22 (14 of 45)

2026-07-22 13:06:25.117644 : Coverage File chr1 (11 of 45)

2026-07-22 13:06:26.393237 : Coverage File chr18 (14 of 45)

2026-07-22 13:06:29.726286 : Coverage File chr4 (12 of 45)

2026-07-22 13:06:30.844137 : Coverage File chr13 (14 of 45)

2026-07-22 13:06:35.61212 : Coverage File chr10 (14 of 45)

2026-07-22 13:06:36.436949 : Coverage File chr19 (13 of 45)

2026-07-22 13:06:36.491537 : Coverage File chr2 (12 of 45)

2026-07-22 13:06:38.407067 : Coverage File chr20 (14 of 45)

2026-07-22 13:06:39.173546 : Coverage File chr21 (17 of 45)

2026-07-22 13:06:40.642186 : Coverage File chr12 (14 of 45)

2026-07-22 13:06:41.39363 : Coverage File chr17 (14 of 45)

2026-07-22 13:06:41.411556 : Coverage File chr14 (14 of 45)

2026-07-22 13:06:44.50633 : Coverage File chr11 (14 of 45)

2026-07-22 13:06:45.763906 : Coverage File chr15 (14 of 45)

2026-07-22 13:06:48.728155 : Coverage File chr22 (15 of 45)

2026-07-22 13:06:49.000187 : Coverage File chr5 (13 of 45)

2026-07-22 13:06:50.365595 : Coverage File chr16 (14 of 45)

2026-07-22 13:06:51.858069 : Coverage File chr18 (15 of 45)

2026-07-22 13:06:54.553964 : Coverage File chr6 (12 of 45)

2026-07-22 13:06:55.565582 : Coverage File chr3 (13 of 45)

2026-07-22 13:06:57.328923 : Coverage File chr13 (15 of 45)

2026-07-22 13:06:57.968847 : Coverage File chr21 (18 of 45)

2026-07-22 13:07:03.147409 : Coverage File chr1 (12 of 45)

2026-07-22 13:07:03.555726 : Coverage File chr10 (15 of 45)

2026-07-22 13:07:03.676059 : Coverage File chr4 (13 of 45)

2026-07-22 13:07:04.638714 : Coverage File chr20 (15 of 45)

2026-07-22 13:07:05.02564 : Coverage File chr19 (14 of 45)

2026-07-22 13:07:08.631096 : Coverage File chr17 (15 of 45)

2026-07-22 13:07:08.780353 : Coverage File chr14 (15 of 45)

2026-07-22 13:07:09.053602 : Coverage File chr12 (15 of 45)

2026-07-22 13:07:12.001516 : Coverage File chr2 (13 of 45)

2026-07-22 13:07:12.598947 : Coverage File chr15 (15 of 45)

2026-07-22 13:07:12.875645 : Coverage File chr22 (16 of 45)

2026-07-22 13:07:13.45604 : Coverage File chr11 (15 of 45)

2026-07-22 13:07:16.386347 : Coverage File chr21 (19 of 45)

2026-07-22 13:07:17.22195 : Coverage File chr18 (16 of 45)

2026-07-22 13:07:18.180242 : Coverage File chr16 (15 of 45)

2026-07-22 13:07:18.982382 : Coverage File chr5 (14 of 45)

2026-07-22 13:07:23.937104 : Coverage File chr13 (16 of 45)

2026-07-22 13:07:27.892911 : Coverage File chr3 (14 of 45)

2026-07-22 13:07:28.037698 : Coverage File chr6 (13 of 45)

2026-07-22 13:07:30.729633 : Coverage File chr20 (16 of 45)

2026-07-22 13:07:32.576931 : Coverage File chr10 (16 of 45)

2026-07-22 13:07:34.642283 : Coverage File chr19 (15 of 45)

2026-07-22 13:07:35.352094 : Coverage File chr21 (20 of 45)

2026-07-22 13:07:35.598136 : Coverage File chr17 (16 of 45)

2026-07-22 13:07:35.613118 : Coverage File chr22 (17 of 45)

2026-07-22 13:07:36.235402 : Coverage File chr14 (16 of 45)

2026-07-22 13:07:36.289689 : Coverage File chr4 (14 of 45)

2026-07-22 13:07:37.885378 : Coverage File chr12 (16 of 45)

2026-07-22 13:07:39.667037 : Coverage File chr15 (16 of 45)

2026-07-22 13:07:40.079084 : Coverage File chr18 (17 of 45)

2026-07-22 13:07:40.51612 : Coverage File chr1 (13 of 45)

2026-07-22 13:07:42.550639 : Coverage File chr11 (16 of 45)

2026-07-22 13:07:46.005409 : Coverage File chr16 (16 of 45)

2026-07-22 13:07:47.444843 : Coverage File chr13 (17 of 45)

2026-07-22 13:07:48.029709 : Coverage File chr2 (14 of 45)

2026-07-22 13:07:48.937312 : Coverage File chr5 (15 of 45)

2026-07-22 13:07:53.655 : Coverage File chr21 (21 of 45)

2026-07-22 13:07:54.356947 : Coverage File chr20 (17 of 45)

2026-07-22 13:07:56.864968 : Coverage File chr10 (17 of 45)

2026-07-22 13:07:56.990374 : Coverage File chr22 (18 of 45)

2026-07-22 13:07:59.469274 : Coverage File chr17 (17 of 45)

2026-07-22 13:08:00.181671 : Coverage File chr3 (15 of 45)

2026-07-22 13:08:00.794785 : Coverage File chr14 (17 of 45)

2026-07-22 13:08:01.573099 : Coverage File chr6 (14 of 45)

2026-07-22 13:08:01.920459 : Coverage File chr18 (18 of 45)

2026-07-22 13:08:02.310602 : Coverage File chr12 (17 of 45)

2026-07-22 13:08:02.942049 : Coverage File chr19 (16 of 45)

2026-07-22 13:08:04.21818 : Coverage File chr15 (17 of 45)

2026-07-22 13:08:07.488005 : Coverage File chr11 (17 of 45)

2026-07-22 13:08:08.836107 : Coverage File chr4 (15 of 45)

2026-07-22 13:08:09.626293 : Coverage File chr13 (18 of 45)

2026-07-22 13:08:11.274091 : Coverage File chr16 (17 of 45)

2026-07-22 13:08:13.486534 : Coverage File chr21 (22 of 45)

2026-07-22 13:08:16.464336 : Coverage File chr20 (18 of 45)

2026-07-22 13:08:18.015814 : Coverage File chr10 (18 of 45)

2026-07-22 13:08:18.143916 : Coverage File chr22 (19 of 45)

2026-07-22 13:08:18.281145 : Coverage File chr1 (14 of 45)

2026-07-22 13:08:19.339017 : Coverage File chr5 (16 of 45)

2026-07-22 13:08:20.244148 : Coverage File chr17 (18 of 45)

2026-07-22 13:08:23.137398 : Coverage File chr2 (15 of 45)

2026-07-22 13:08:23.163876 : Coverage File chr18 (19 of 45)

2026-07-22 13:08:23.438257 : Coverage File chr12 (18 of 45)

2026-07-22 13:08:23.513583 : Coverage File chr14 (18 of 45)

2026-07-22 13:08:26.431992 : Coverage File chr15 (18 of 45)

2026-07-22 13:08:29.074727 : Coverage File chr11 (18 of 45)

2026-07-22 13:08:29.41771 : Coverage File chr19 (17 of 45)

2026-07-22 13:08:30.870642 : Coverage File chr13 (19 of 45)

2026-07-22 13:08:32.441782 : Coverage File chr3 (16 of 45)

2026-07-22 13:08:33.466625 : Coverage File chr21 (23 of 45)

2026-07-22 13:08:33.992112 : Coverage File chr16 (18 of 45)

2026-07-22 13:08:35.11484 : Coverage File chr6 (15 of 45)

2026-07-22 13:08:37.749653 : Coverage File chr20 (19 of 45)

2026-07-22 13:08:37.980721 : Coverage File chr10 (19 of 45)

2026-07-22 13:08:39.178335 : Coverage File chr22 (20 of 45)

2026-07-22 13:08:40.022695 : Coverage File chr17 (19 of 45)

2026-07-22 13:08:41.672038 : Coverage File chr4 (16 of 45)

2026-07-22 13:08:43.830982 : Coverage File chr12 (19 of 45)

2026-07-22 13:08:44.336425 : Coverage File chr5 (17 of 45)

2026-07-22 13:08:44.565917 : Coverage File chr18 (20 of 45)

2026-07-22 13:08:44.942363 : Coverage File chr14 (19 of 45)

2026-07-22 13:08:47.69203 : Coverage File chr15 (19 of 45)

2026-07-22 13:08:49.56347 : Coverage File chr11 (19 of 45)

2026-07-22 13:08:52.343693 : Coverage File chr13 (20 of 45)

2026-07-22 13:08:52.353551 : Coverage File chr19 (18 of 45)

2026-07-22 13:08:53.876732 : Coverage File chr21 (24 of 45)

2026-07-22 13:08:55.423263 : Coverage File chr16 (19 of 45)

2026-07-22 13:08:56.013647 : Coverage File chr1 (15 of 45)

2026-07-22 13:08:58.792329 : Coverage File chr10 (20 of 45)

2026-07-22 13:08:59.16785 : Coverage File chr3 (17 of 45)

2026-07-22 13:08:59.178702 : Coverage File chr2 (16 of 45)

2026-07-22 13:08:59.30555 : Coverage File chr20 (20 of 45)

2026-07-22 13:08:59.838155 : Coverage File chr22 (21 of 45)

2026-07-22 13:09:01.364735 : Coverage File chr17 (20 of 45)

2026-07-22 13:09:04.509557 : Coverage File chr12 (20 of 45)

2026-07-22 13:09:05.444236 : Coverage File chr18 (21 of 45)

2026-07-22 13:09:06.425598 : Coverage File chr5 (18 of 45)

2026-07-22 13:09:06.645072 : Coverage File chr14 (20 of 45)

2026-07-22 13:09:08.548724 : Coverage File chr4 (17 of 45)

2026-07-22 13:09:08.625392 : Coverage File chr6 (16 of 45)

2026-07-22 13:09:09.49028 : Coverage File chr15 (20 of 45)

2026-07-22 13:09:10.351142 : Coverage File chr11 (20 of 45)

2026-07-22 13:09:13.399353 : Coverage File chr13 (21 of 45)

2026-07-22 13:09:13.845483 : Coverage File chr21 (25 of 45)

2026-07-22 13:09:14.060567 : Coverage File chr19 (19 of 45)

2026-07-22 13:09:17.368828 : Coverage File chr16 (20 of 45)

2026-07-22 13:09:18.719701 : Coverage File chr10 (21 of 45)

2026-07-22 13:09:20.221658 : Coverage File chr20 (21 of 45)

2026-07-22 13:09:20.9485 : Coverage File chr17 (21 of 45)

2026-07-22 13:09:21.709598 : Coverage File chr3 (18 of 45)

2026-07-22 13:09:24.247133 : Coverage File chr12 (21 of 45)

2026-07-22 13:09:24.511067 : Coverage File chr22 (22 of 45)

2026-07-22 13:09:26.933728 : Coverage File chr5 (19 of 45)

2026-07-22 13:09:27.676669 : Coverage File chr2 (17 of 45)

2026-07-22 13:09:27.850404 : Coverage File chr14 (21 of 45)

2026-07-22 13:09:29.529201 : Coverage File chr18 (22 of 45)

2026-07-22 13:09:30.268135 : Coverage File chr11 (21 of 45)

2026-07-22 13:09:30.65441 : Coverage File chr15 (21 of 45)

2026-07-22 13:09:32.565234 : Coverage File chr4 (18 of 45)

2026-07-22 13:09:33.556913 : Coverage File chr1 (16 of 45)

2026-07-22 13:09:33.683619 : Coverage File chr21 (26 of 45)

2026-07-22 13:09:36.502662 : Coverage File chr19 (20 of 45)

2026-07-22 13:09:36.810316 : Coverage File chr6 (17 of 45)

2026-07-22 13:09:37.233578 : Coverage File chr13 (22 of 45)

2026-07-22 13:09:38.885767 : Coverage File chr16 (21 of 45)

2026-07-22 13:09:42.625676 : Coverage File chr3 (19 of 45)

2026-07-22 13:09:43.718711 : Coverage File chr10 (22 of 45)

2026-07-22 13:09:45.853878 : Coverage File chr20 (22 of 45)

2026-07-22 13:09:48.338317 : Coverage File chr22 (23 of 45)

2026-07-22 13:09:49.181871 : Coverage File chr5 (20 of 45)

2026-07-22 13:09:50.434523 : Coverage File chr17 (22 of 45)

2026-07-22 13:09:51.351743 : Coverage File chr2 (18 of 45)

2026-07-22 13:09:51.957488 : Coverage File chr12 (22 of 45)

2026-07-22 13:09:53.371061 : Coverage File chr14 (22 of 45)

2026-07-22 13:09:53.787033 : Coverage File chr21 (27 of 45)

2026-07-22 13:09:54.618466 : Coverage File chr18 (23 of 45)

2026-07-22 13:09:55.268519 : Coverage File chr4 (19 of 45)

2026-07-22 13:09:57.648611 : Coverage File chr11 (22 of 45)

2026-07-22 13:09:58.178176 : Coverage File chr19 (21 of 45)

2026-07-22 13:09:59.747394 : Coverage File chr15 (22 of 45)

2026-07-22 13:10:01.382346 : Coverage File chr6 (18 of 45)

2026-07-22 13:10:02.939218 : Coverage File chr13 (23 of 45)

2026-07-22 13:10:03.709438 : Coverage File chr1 (17 of 45)

2026-07-22 13:10:04.187651 : Coverage File chr3 (20 of 45)

2026-07-22 13:10:06.24612 : Coverage File chr16 (22 of 45)

2026-07-22 13:10:09.205214 : Coverage File chr5 (21 of 45)

2026-07-22 13:10:10.548239 : Coverage File chr10 (23 of 45)

2026-07-22 13:10:11.126704 : Coverage File chr20 (23 of 45)

2026-07-22 13:10:11.182158 : Coverage File chr22 (24 of 45)

2026-07-22 13:10:12.960158 : Coverage File chr2 (19 of 45)

2026-07-22 13:10:14.218791 : Coverage File chr21 (28 of 45)

2026-07-22 13:10:17.640596 : Coverage File chr18 (24 of 45)

2026-07-22 13:10:18.20536 : Coverage File chr4 (20 of 45)

2026-07-22 13:10:18.955899 : Coverage File chr14 (23 of 45)

2026-07-22 13:10:18.90742 : Coverage File chr12 (23 of 45)

2026-07-22 13:10:20.057508 : Coverage File chr17 (23 of 45)

2026-07-22 13:10:24.178736 : Coverage File chr6 (19 of 45)

2026-07-22 13:10:24.937934 : Coverage File chr3 (21 of 45)

2026-07-22 13:10:25.126748 : Coverage File chr11 (23 of 45)

2026-07-22 13:10:26.082196 : Coverage File chr15 (23 of 45)

2026-07-22 13:10:26.530357 : Coverage File chr13 (24 of 45)

2026-07-22 13:10:28.034702 : Coverage File chr1 (18 of 45)

2026-07-22 13:10:29.920729 : Coverage File chr19 (22 of 45)

2026-07-22 13:10:32.949335 : Coverage File chr16 (23 of 45)

2026-07-22 13:10:34.488503 : Coverage File chr21 (29 of 45)

2026-07-22 13:10:34.786624 : Coverage File chr22 (25 of 45)

2026-07-22 13:10:35.795045 : Coverage File chr2 (20 of 45)

2026-07-22 13:10:37.074922 : Coverage File chr5 (22 of 45)

2026-07-22 13:10:37.946317 : Coverage File chr20 (24 of 45)

2026-07-22 13:10:38.92466 : Coverage File chr10 (24 of 45)

2026-07-22 13:10:40.22868 : Coverage File chr4 (21 of 45)

2026-07-22 13:10:42.761132 : Coverage File chr18 (25 of 45)

2026-07-22 13:10:47.030982 : Coverage File chr14 (24 of 45)

2026-07-22 13:10:47.663254 : Coverage File chr17 (24 of 45)

2026-07-22 13:10:47.957441 : Coverage File chr12 (24 of 45)

2026-07-22 13:10:48.641955 : Coverage File chr6 (20 of 45)

2026-07-22 13:10:50.250316 : Coverage File chr1 (19 of 45)

2026-07-22 13:10:52.822285 : Coverage File chr13 (25 of 45)

2026-07-22 13:10:53.808453 : Coverage File chr15 (24 of 45)

2026-07-22 13:10:54.736688 : Coverage File chr21 (30 of 45)

2026-07-22 13:10:54.835113 : Coverage File chr3 (22 of 45)

2026-07-22 13:10:55.514606 : Coverage File chr11 (24 of 45)

2026-07-22 13:10:56.881604 : Coverage File chr2 (21 of 45)

2026-07-22 13:10:57.425564 : Coverage File chr19 (23 of 45)

2026-07-22 13:10:58.950399 : Coverage File chr22 (26 of 45)

2026-07-22 13:11:02.877846 : Coverage File chr16 (24 of 45)

2026-07-22 13:11:04.342685 : Coverage File chr20 (25 of 45)

2026-07-22 13:11:06.925355 : Coverage File chr18 (26 of 45)

2026-07-22 13:11:07.703515 : Coverage File chr10 (25 of 45)

2026-07-22 13:11:08.792748 : Coverage File chr4 (22 of 45)

2026-07-22 13:11:10.450523 : Coverage File chr5 (23 of 45)

2026-07-22 13:11:11.246712 : Coverage File chr6 (21 of 45)

2026-07-22 13:11:13.446613 : Coverage File chr17 (25 of 45)

2026-07-22 13:11:13.769374 : Coverage File chr21 (31 of 45)

2026-07-22 13:11:14.128548 : Coverage File chr14 (25 of 45)

2026-07-22 13:11:15.995373 : Coverage File chr1 (20 of 45)

2026-07-22 13:11:16.028018 : Coverage File chr12 (25 of 45)

2026-07-22 13:11:17.659276 : Coverage File chr13 (26 of 45)

2026-07-22 13:11:21.026303 : Coverage File chr15 (25 of 45)

2026-07-22 13:11:23.204167 : Coverage File chr22 (27 of 45)

2026-07-22 13:11:24.271166 : Coverage File chr11 (25 of 45)

2026-07-22 13:11:24.707137 : Coverage File chr3 (23 of 45)

2026-07-22 13:11:28.404106 : Coverage File chr19 (24 of 45)

2026-07-22 13:11:29.510413 : Coverage File chr20 (26 of 45)

2026-07-22 13:11:29.799092 : Coverage File chr2 (22 of 45)

2026-07-22 13:11:30.419958 : Coverage File chr16 (25 of 45)

2026-07-22 13:11:31.496926 : Coverage File chr18 (27 of 45)

2026-07-22 13:11:32.445033 : Coverage File chr21 (32 of 45)

2026-07-22 13:11:35.633468 : Coverage File chr10 (26 of 45)

2026-07-22 13:11:37.355946 : Coverage File chr1 (21 of 45)

2026-07-22 13:11:38.663656 : Coverage File chr4 (23 of 45)

2026-07-22 13:11:40.358089 : Coverage File chr5 (24 of 45)

2026-07-22 13:11:40.641155 : Coverage File chr17 (26 of 45)

2026-07-22 13:11:40.808876 : Coverage File chr14 (26 of 45)

2026-07-22 13:11:42.913829 : Coverage File chr12 (26 of 45)

2026-07-22 13:11:42.924892 : Coverage File chr13 (27 of 45)

2026-07-22 13:11:43.410985 : Coverage File chr6 (22 of 45)

2026-07-22 13:11:46.899537 : Coverage File chr15 (26 of 45)

2026-07-22 13:11:47.361712 : Coverage File chr22 (28 of 45)

2026-07-22 13:11:50.744265 : Coverage File chr21 (33 of 45)

2026-07-22 13:11:51.647303 : Coverage File chr11 (26 of 45)

2026-07-22 13:11:54.908413 : Coverage File chr19 (25 of 45)

2026-07-22 13:11:55.347846 : Coverage File chr20 (27 of 45)

2026-07-22 13:11:56.288296 : Coverage File chr18 (28 of 45)

2026-07-22 13:11:57.273289 : Coverage File chr3 (24 of 45)

2026-07-22 13:11:57.729817 : Coverage File chr16 (26 of 45)

2026-07-22 13:12:03.298099 : Coverage File chr10 (27 of 45)

2026-07-22 13:12:03.438251 : Coverage File chr2 (23 of 45)

2026-07-22 13:12:07.661347 : Coverage File chr14 (27 of 45)

2026-07-22 13:12:08.661549 : Coverage File chr13 (28 of 45)

2026-07-22 13:12:08.842881 : Coverage File chr17 (27 of 45)

2026-07-22 13:12:09.091484 : Coverage File chr21 (34 of 45)

2026-07-22 13:12:09.95718 : Coverage File chr4 (24 of 45)

2026-07-22 13:12:10.765316 : Coverage File chr12 (27 of 45)

2026-07-22 13:12:11.249765 : Coverage File chr5 (25 of 45)

2026-07-22 13:12:11.435144 : Coverage File chr22 (29 of 45)

2026-07-22 13:12:13.841864 : Coverage File chr15 (27 of 45)

2026-07-22 13:12:19.680005 : Coverage File chr6 (23 of 45)

2026-07-22 13:12:20.09368 : Coverage File chr11 (27 of 45)

2026-07-22 13:12:20.869367 : Coverage File chr1 (22 of 45)

2026-07-22 13:12:21.184394 : Coverage File chr18 (29 of 45)

2026-07-22 13:12:21.319963 : Coverage File chr20 (28 of 45)

2026-07-22 13:12:23.596414 : Coverage File chr19 (26 of 45)

2026-07-22 13:12:25.68685 : Coverage File chr16 (27 of 45)

2026-07-22 13:12:27.351779 : Coverage File chr21 (35 of 45)

2026-07-22 13:12:29.882626 : Coverage File chr3 (25 of 45)

2026-07-22 13:12:31.219876 : Coverage File chr10 (28 of 45)

2026-07-22 13:12:34.626455 : Coverage File chr13 (29 of 45)

2026-07-22 13:12:35.138056 : Coverage File chr14 (28 of 45)

2026-07-22 13:12:35.589509 : Coverage File chr22 (30 of 45)

2026-07-22 13:12:36.397911 : Coverage File chr17 (28 of 45)

2026-07-22 13:12:38.221412 : Coverage File chr2 (24 of 45)

2026-07-22 13:12:39.2572 : Coverage File chr12 (28 of 45)

2026-07-22 13:12:41.028033 : Coverage File chr15 (28 of 45)

2026-07-22 13:12:41.634636 : Coverage File chr5 (26 of 45)

2026-07-22 13:12:42.794785 : Coverage File chr4 (25 of 45)

2026-07-22 13:12:45.753967 : Coverage File chr21 (36 of 45)

2026-07-22 13:12:46.713935 : Coverage File chr18 (30 of 45)

2026-07-22 13:12:47.466987 : Coverage File chr20 (29 of 45)

2026-07-22 13:12:49.354141 : Coverage File chr11 (28 of 45)

2026-07-22 13:12:53.208737 : Coverage File chr6 (24 of 45)

2026-07-22 13:12:53.585508 : Coverage File chr19 (27 of 45)

2026-07-22 13:12:54.139341 : Coverage File chr16 (28 of 45)

2026-07-22 13:12:57.525192 : Coverage File chr22 (31 of 45)

2026-07-22 13:12:59.365741 : Coverage File chr3 (26 of 45)

2026-07-22 13:12:59.549339 : Coverage File chr10 (29 of 45)

2026-07-22 13:13:01.025071 : Coverage File chr13 (30 of 45)

2026-07-22 13:13:02.65535 : Coverage File chr14 (29 of 45)

2026-07-22 13:13:04.193238 : Coverage File chr17 (29 of 45)

2026-07-22 13:13:05.450657 : Coverage File chr21 (37 of 45)

2026-07-22 13:13:07.536755 : Coverage File chr1 (23 of 45)

2026-07-22 13:13:07.712134 : Coverage File chr12 (29 of 45)

2026-07-22 13:13:08.056835 : Coverage File chr15 (29 of 45)

2026-07-22 13:13:09.131446 : Coverage File chr18 (31 of 45)

2026-07-22 13:13:11.520431 : Coverage File chr5 (27 of 45)

2026-07-22 13:13:12.378098 : Coverage File chr4 (26 of 45)

2026-07-22 13:13:13.425037 : Coverage File chr20 (30 of 45)

2026-07-22 13:13:15.414268 : Coverage File chr2 (25 of 45)

2026-07-22 13:13:18.09912 : Coverage File chr11 (29 of 45)

2026-07-22 13:13:18.436301 : Coverage File chr22 (32 of 45)

2026-07-22 13:13:22.106946 : Coverage File chr16 (29 of 45)

2026-07-22 13:13:23.684748 : Coverage File chr19 (28 of 45)

2026-07-22 13:13:23.818545 : Coverage File chr13 (31 of 45)

2026-07-22 13:13:23.992758 : Coverage File chr21 (38 of 45)

2026-07-22 13:13:26.934536 : Coverage File chr6 (25 of 45)

2026-07-22 13:13:27.753075 : Coverage File chr10 (30 of 45)

2026-07-22 13:13:29.944809 : Coverage File chr14 (30 of 45)

2026-07-22 13:13:30.221002 : Coverage File chr18 (32 of 45)

2026-07-22 13:13:30.293937 : Coverage File chr3 (27 of 45)

2026-07-22 13:13:30.651645 : Coverage File chr17 (30 of 45)

2026-07-22 13:13:35.069544 : Coverage File chr15 (30 of 45)

2026-07-22 13:13:35.788123 : Coverage File chr12 (30 of 45)

2026-07-22 13:13:36.289002 : Coverage File chr20 (31 of 45)

2026-07-22 13:13:38.843357 : Coverage File chr22 (33 of 45)

2026-07-22 13:13:39.093408 : Coverage File chr1 (24 of 45)

2026-07-22 13:13:40.591142 : Coverage File chr5 (28 of 45)

2026-07-22 13:13:42.633344 : Coverage File chr4 (27 of 45)

2026-07-22 13:13:42.961266 : Coverage File chr21 (39 of 45)

2026-07-22 13:13:45.188504 : Coverage File chr13 (32 of 45)

2026-07-22 13:13:46.713356 : Coverage File chr11 (30 of 45)

2026-07-22 13:13:49.995609 : Coverage File chr16 (30 of 45)

2026-07-22 13:13:50.653521 : Coverage File chr10 (31 of 45)

2026-07-22 13:13:50.81497 : Coverage File chr2 (26 of 45)

2026-07-22 13:13:50.817594 : Coverage File chr18 (33 of 45)

2026-07-22 13:13:53.201132 : Coverage File chr17 (31 of 45)

2026-07-22 13:13:53.464314 : Coverage File chr14 (31 of 45)

2026-07-22 13:13:53.727717 : Coverage File chr19 (29 of 45)

2026-07-22 13:13:57.727185 : Coverage File chr20 (32 of 45)

2026-07-22 13:13:58.020997 : Coverage File chr6 (26 of 45)

2026-07-22 13:13:58.609604 : Coverage File chr15 (31 of 45)

2026-07-22 13:13:58.727974 : Coverage File chr12 (31 of 45)

2026-07-22 13:13:59.665585 : Coverage File chr22 (34 of 45)

2026-07-22 13:14:01.619912 : Coverage File chr3 (28 of 45)

2026-07-22 13:14:01.870731 : Coverage File chr21 (40 of 45)

2026-07-22 13:14:06.077034 : Coverage File chr13 (33 of 45)

2026-07-22 13:14:09.513721 : Coverage File chr5 (29 of 45)

2026-07-22 13:14:10.320203 : Coverage File chr11 (31 of 45)

2026-07-22 13:14:11.195692 : Coverage File chr10 (32 of 45)

2026-07-22 13:14:11.750509 : Coverage File chr18 (34 of 45)

2026-07-22 13:14:13.233835 : Coverage File chr17 (32 of 45)

2026-07-22 13:14:14.200391 : Coverage File chr16 (31 of 45)

2026-07-22 13:14:14.259151 : Coverage File chr4 (28 of 45)

2026-07-22 13:14:15.262604 : Coverage File chr14 (32 of 45)

2026-07-22 13:14:17.495948 : Coverage File chr1 (25 of 45)

2026-07-22 13:14:18.510669 : Coverage File chr20 (33 of 45)

2026-07-22 13:14:19.322137 : Coverage File chr12 (32 of 45)

2026-07-22 13:14:20.189029 : Coverage File chr22 (35 of 45)

2026-07-22 13:14:20.343607 : Coverage File chr15 (32 of 45)

2026-07-22 13:14:20.55693 : Coverage File chr21 (41 of 45)

2026-07-22 13:14:21.987382 : Coverage File chr19 (30 of 45)

2026-07-22 13:14:25.285863 : Coverage File chr2 (27 of 45)

2026-07-22 13:14:26.89818 : Coverage File chr13 (34 of 45)

2026-07-22 13:14:30.497711 : Coverage File chr10 (33 of 45)

2026-07-22 13:14:30.655292 : Coverage File chr11 (32 of 45)

2026-07-22 13:14:32.141071 : Coverage File chr6 (27 of 45)

2026-07-22 13:14:32.380528 : Coverage File chr18 (35 of 45)

2026-07-22 13:14:32.57621 : Coverage File chr17 (33 of 45)

2026-07-22 13:14:33.277883 : Coverage File chr3 (29 of 45)

2026-07-22 13:14:35.796438 : Coverage File chr16 (32 of 45)

2026-07-22 13:14:36.147698 : Coverage File chr14 (33 of 45)

2026-07-22 13:14:38.539284 : Coverage File chr12 (33 of 45)

2026-07-22 13:14:39.504272 : Coverage File chr20 (34 of 45)

2026-07-22 13:14:39.756734 : Coverage File chr5 (30 of 45)

2026-07-22 13:14:40.653725 : Coverage File chr21 (42 of 45)

2026-07-22 13:14:40.724407 : Coverage File chr22 (36 of 45)

2026-07-22 13:14:41.106523 : Coverage File chr15 (33 of 45)

2026-07-22 13:14:45.210974 : Coverage File chr4 (29 of 45)

2026-07-22 13:14:46.353341 : Coverage File chr19 (31 of 45)

2026-07-22 13:14:47.623101 : Coverage File chr13 (35 of 45)

2026-07-22 13:14:50.01335 : Coverage File chr11 (33 of 45)

2026-07-22 13:14:50.088024 : Coverage File chr10 (34 of 45)

2026-07-22 13:14:52.168806 : Coverage File chr17 (34 of 45)

2026-07-22 13:14:52.891218 : Coverage File chr18 (36 of 45)

2026-07-22 13:14:56.646294 : Coverage File chr16 (33 of 45)

2026-07-22 13:14:57.263365 : Coverage File chr14 (34 of 45)

2026-07-22 13:14:58.212346 : Coverage File chr12 (34 of 45)

2026-07-22 13:14:59.898214 : Coverage File chr21 (43 of 45)

2026-07-22 13:15:00.281767 : Coverage File chr20 (35 of 45)

2026-07-22 13:15:00.332581 : Coverage File chr2 (28 of 45)

2026-07-22 13:15:01.313859 : Coverage File chr1 (26 of 45)

2026-07-22 13:15:02.252469 : Coverage File chr15 (34 of 45)

2026-07-22 13:15:03.435966 : Coverage File chr5 (31 of 45)

2026-07-22 13:15:03.664834 : Coverage File chr22 (37 of 45)

2026-07-22 13:15:05.125096 : Coverage File chr3 (30 of 45)

2026-07-22 13:15:05.301018 : Coverage File chr6 (28 of 45)

2026-07-22 13:15:08.180199 : Coverage File chr19 (32 of 45)

2026-07-22 13:15:08.327849 : Coverage File chr13 (36 of 45)

2026-07-22 13:15:09.420919 : Coverage File chr10 (35 of 45)

2026-07-22 13:15:09.735641 : Coverage File chr11 (34 of 45)

2026-07-22 13:15:11.415068 : Coverage File chr17 (35 of 45)

2026-07-22 13:15:16.218715 : Coverage File chr18 (37 of 45)

2026-07-22 13:15:17.57164 : Coverage File chr4 (30 of 45)

2026-07-22 13:15:17.804241 : Coverage File chr12 (35 of 45)

2026-07-22 13:15:18.023172 : Coverage File chr16 (34 of 45)

2026-07-22 13:15:18.291032 : Coverage File chr14 (35 of 45)

2026-07-22 13:15:18.755939 : Coverage File chr21 (44 of 45)

2026-07-22 13:15:20.976492 : Coverage File chr20 (36 of 45)

2026-07-22 13:15:23.158298 : Coverage File chr15 (35 of 45)

2026-07-22 13:15:24.05415 : Coverage File chr5 (32 of 45)

2026-07-22 13:15:24.846715 : Coverage File chr22 (38 of 45)

2026-07-22 13:15:28.848097 : Coverage File chr10 (36 of 45)

2026-07-22 13:15:29.526059 : Coverage File chr11 (35 of 45)

2026-07-22 13:15:29.534173 : Coverage File chr19 (33 of 45)

2026-07-22 13:15:30.011701 : Coverage File chr3 (31 of 45)

2026-07-22 13:15:30.937931 : Coverage File chr17 (36 of 45)

2026-07-22 13:15:32.725273 : Coverage File chr13 (37 of 45)

2026-07-22 13:15:35.129109 : Coverage File chr2 (29 of 45)

2026-07-22 13:15:37.398819 : Coverage File chr12 (36 of 45)

2026-07-22 13:15:37.781714 : Coverage File chr21 (45 of 45)

2026-07-22 13:15:37.919852 : Coverage File chr18 (38 of 45)

2026-07-22 13:15:38.747207 : Coverage File chr6 (29 of 45)

2026-07-22 13:15:39.371585 : Coverage File chr14 (36 of 45)

2026-07-22 13:15:39.399707 : Coverage File chr16 (35 of 45)

2026-07-22 13:15:40.770624 : Coverage File chr1 (27 of 45)

2026-07-22 13:15:43.523871 : Coverage File chr4 (31 of 45)

2026-07-22 13:15:43.712129 : Coverage File chr5 (33 of 45)

2026-07-22 13:15:44.280721 : Coverage File chr15 (36 of 45)

2026-07-22 13:15:45.253459 : Coverage File chr20 (37 of 45)

2026-07-22 13:15:47.305037 : Coverage File chr22 (39 of 45)

2026-07-22 13:15:48.955887 : Coverage File chr11 (36 of 45)

2026-07-22 13:15:51.253729 : Coverage File chr19 (34 of 45)

2026-07-22 13:15:51.274426 : Coverage File chr3 (32 of 45)

2026-07-22 13:15:53.916955 : Coverage File chr10 (37 of 45)

2026-07-22 13:15:54.452359 : Coverage File chr13 (38 of 45)

2026-07-22 13:15:55.858704 : Coverage File chr17 (37 of 45)

2026-07-22 13:15:57.91178 : Kmer Bias chr7 (20 of 22)

2026-07-22 13:16:00.348065 : Coverage File chr18 (39 of 45)

2026-07-22 13:16:00.400661 : Coverage File chr16 (36 of 45)

2026-07-22 13:16:02.95102 : Coverage File chr12 (37 of 45)

2026-07-22 13:16:03.763193 : Coverage File chr5 (34 of 45)

2026-07-22 13:16:04.716542 : Coverage File chr14 (37 of 45)

2026-07-22 13:16:06.123049 : Coverage File chr4 (32 of 45)

2026-07-22 13:16:06.63828 : Coverage File chr20 (38 of 45)

2026-07-22 13:16:08.48067 : Coverage File chr22 (40 of 45)

2026-07-22 13:16:08.974112 : Coverage File chr15 (37 of 45)

2026-07-22 13:16:09.69502 : Coverage File chr7 (1 of 45)

2026-07-22 13:16:11.129558 : Coverage File chr3 (33 of 45)

2026-07-22 13:16:11.592926 : Coverage File chr2 (30 of 45)

2026-07-22 13:16:12.070351 : Coverage File chr6 (30 of 45)

2026-07-22 13:16:12.603953 : Coverage File chr19 (35 of 45)

2026-07-22 13:16:14.723901 : Coverage File chr11 (37 of 45)

2026-07-22 13:16:14.783967 : Coverage File chr10 (38 of 45)

2026-07-22 13:16:16.311332 : Coverage File chr17 (38 of 45)

2026-07-22 13:16:17.370229 : Coverage File chr13 (39 of 45)

2026-07-22 13:16:19.045854 : Coverage File chr1 (28 of 45)

2026-07-22 13:16:21.970088 : Coverage File chr18 (40 of 45)

2026-07-22 13:16:23.394481 : Coverage File chr5 (35 of 45)

2026-07-22 13:16:23.713877 : Coverage File chr12 (38 of 45)

2026-07-22 13:16:26.323292 : Coverage File chr16 (37 of 45)

2026-07-22 13:16:26.696369 : Coverage File chr14 (38 of 45)

2026-07-22 13:16:27.427909 : Coverage File chr4 (33 of 45)

2026-07-22 13:16:29.591752 : Coverage File chr22 (41 of 45)

2026-07-22 13:16:29.719236 : Coverage File chr20 (39 of 45)

2026-07-22 13:16:30.783723 : Coverage File chr15 (38 of 45)

2026-07-22 13:16:31.373625 : Coverage File chr3 (34 of 45)

2026-07-22 13:16:33.802297 : Coverage File chr19 (36 of 45)

2026-07-22 13:16:35.614496 : Coverage File chr11 (38 of 45)

2026-07-22 13:16:36.178896 : Coverage File chr7 (2 of 45)

2026-07-22 13:16:38.001654 : Coverage File chr10 (39 of 45)

2026-07-22 13:16:38.060579 : Coverage File chr2 (31 of 45)

2026-07-22 13:16:38.695838 : Coverage File chr6 (31 of 45)

2026-07-22 13:16:39.450678 : Coverage File chr13 (40 of 45)

2026-07-22 13:16:39.619084 : Coverage File chr17 (39 of 45)

2026-07-22 13:16:42.867734 : Coverage File chr5 (36 of 45)

2026-07-22 13:16:43.089243 : Coverage File chr18 (41 of 45)

2026-07-22 13:16:47.614927 : Coverage File chr12 (39 of 45)

2026-07-22 13:16:48.426905 : Coverage File chr16 (38 of 45)

2026-07-22 13:16:49.103312 : Coverage File chr4 (34 of 45)

2026-07-22 13:16:50.78063 : Coverage File chr14 (39 of 45)

2026-07-22 13:16:51.554871 : Coverage File chr3 (35 of 45)

2026-07-22 13:16:51.803139 : Coverage File chr20 (40 of 45)

2026-07-22 13:16:54.013154 : Coverage File chr22 (42 of 45)

2026-07-22 13:16:54.563815 : Coverage File chr15 (39 of 45)

2026-07-22 13:16:56.543699 : Coverage File chr7 (3 of 45)

2026-07-22 13:16:57.211215 : Coverage File chr1 (29 of 45)

2026-07-22 13:16:59.619852 : Coverage File chr10 (40 of 45)

2026-07-22 13:16:59.886016 : Coverage File chr11 (39 of 45)

2026-07-22 13:17:00.004063 : Coverage File chr2 (32 of 45)

2026-07-22 13:17:01.065066 : Coverage File chr17 (40 of 45)

2026-07-22 13:17:01.40727 : Coverage File chr13 (41 of 45)

2026-07-22 13:17:01.573268 : Coverage File chr19 (37 of 45)

2026-07-22 13:17:01.865023 : Coverage File chr6 (32 of 45)

2026-07-22 13:17:08.156669 : Coverage File chr18 (42 of 45)

2026-07-22 13:17:09.145838 : Coverage File chr5 (37 of 45)

2026-07-22 13:17:09.379675 : Coverage File chr12 (40 of 45)

2026-07-22 13:17:11.181635 : Coverage File chr4 (35 of 45)

2026-07-22 13:17:11.277005 : Coverage File chr3 (36 of 45)

2026-07-22 13:17:13.344711 : Coverage File chr16 (39 of 45)

2026-07-22 13:17:13.473873 : Coverage File chr20 (41 of 45)

2026-07-22 13:17:13.722392 : Coverage File chr14 (40 of 45)

2026-07-22 13:17:16.496659 : Coverage File chr22 (43 of 45)

2026-07-22 13:17:16.841368 : Coverage File chr15 (40 of 45)

2026-07-22 13:17:16.891759 : Coverage File chr7 (4 of 45)

2026-07-22 13:17:20.32329 : Coverage File chr2 (33 of 45)

2026-07-22 13:17:20.363159 : Coverage File chr10 (41 of 45)

2026-07-22 13:17:21.436199 : Coverage File chr11 (40 of 45)

2026-07-22 13:17:21.697881 : Coverage File chr17 (41 of 45)

2026-07-22 13:17:23.641615 : Coverage File chr6 (33 of 45)

2026-07-22 13:17:23.92744 : Coverage File chr19 (38 of 45)

2026-07-22 13:17:27.100405 : Coverage File chr13 (42 of 45)

2026-07-22 13:17:30.205923 : Coverage File chr12 (41 of 45)

2026-07-22 13:17:30.592673 : Coverage File chr5 (38 of 45)

2026-07-22 13:17:30.977032 : Coverage File chr18 (43 of 45)

2026-07-22 13:17:32.30343 : Coverage File chr4 (36 of 45)

2026-07-22 13:17:34.76792 : Coverage File chr1 (30 of 45)

2026-07-22 13:17:35.828381 : Coverage File chr14 (41 of 45)

2026-07-22 13:17:35.894652 : Coverage File chr16 (40 of 45)

2026-07-22 13:17:37.090282 : Coverage File chr7 (5 of 45)

2026-07-22 13:17:37.710744 : Coverage File chr22 (44 of 45)

2026-07-22 13:17:38.64803 : Coverage File chr15 (41 of 45)

2026-07-22 13:17:39.039296 : Coverage File chr3 (37 of 45)

2026-07-22 13:17:39.181401 : Coverage File chr20 (42 of 45)

2026-07-22 13:17:41.193421 : Coverage File chr2 (34 of 45)

2026-07-22 13:17:42.42902 : Coverage File chr11 (41 of 45)

2026-07-22 13:17:45.809948 : Coverage File chr6 (34 of 45)

2026-07-22 13:17:47.881137 : Coverage File chr10 (42 of 45)

2026-07-22 13:17:48.754554 : Coverage File chr17 (42 of 45)

2026-07-22 13:17:49.717222 : Coverage File chr19 (39 of 45)

2026-07-22 13:17:50.586573 : Coverage File chr13 (43 of 45)

2026-07-22 13:17:52.488106 : Coverage File chr18 (44 of 45)

2026-07-22 13:17:54.839184 : Coverage File chr5 (39 of 45)

2026-07-22 13:17:56.13123 : Coverage File chr7 (6 of 45)

2026-07-22 13:17:58.262995 : Coverage File chr16 (41 of 45)

2026-07-22 13:17:58.463227 : Coverage File chr12 (42 of 45)

2026-07-22 13:17:59.332314 : Coverage File chr22 (45 of 45)

2026-07-22 13:18:00.401782 : Coverage File chr4 (37 of 45)

2026-07-22 13:18:00.89175 : Coverage File chr3 (38 of 45)

2026-07-22 13:18:01.68076 : Coverage File chr2 (35 of 45)

2026-07-22 13:18:02.517892 : Coverage File chr20 (43 of 45)

2026-07-22 13:18:02.630856 : Coverage File chr1 (31 of 45)

2026-07-22 13:18:03.448597 : Coverage File chr14 (42 of 45)

2026-07-22 13:18:05.530367 : Coverage File chr15 (42 of 45)

2026-07-22 13:18:07.844616 : Coverage File chr6 (35 of 45)

2026-07-22 13:18:11.433479 : Coverage File chr11 (42 of 45)

2026-07-22 13:18:11.984362 : Coverage File chr10 (43 of 45)

2026-07-22 13:18:12.350514 : Coverage File chr17 (43 of 45)

2026-07-22 13:18:12.510244 : Coverage File chr13 (44 of 45)

2026-07-22 13:18:13.130912 : Coverage File chr19 (40 of 45)

2026-07-22 13:18:14.567335 : Coverage File chr18 (45 of 45)

2026-07-22 13:18:16.718596 : Coverage File chr5 (40 of 45)

2026-07-22 13:18:21.725834 : Coverage File chr2 (36 of 45)

2026-07-22 13:18:22.061791 : Kmer Bias chr8 (21 of 22)

2026-07-22 13:18:22.912632 : Coverage File chr12 (43 of 45)

2026-07-22 13:18:23.862489 : Coverage File chr4 (38 of 45)

2026-07-22 13:18:24.440722 : Coverage File chr20 (44 of 45)

2026-07-22 13:18:25.189452 : Coverage File chr1 (32 of 45)

2026-07-22 13:18:26.412023 : Coverage File chr16 (42 of 45)

2026-07-22 13:18:26.911164 : Coverage File chr3 (39 of 45)

2026-07-22 13:18:27.649965 : Coverage File chr14 (43 of 45)

2026-07-22 13:18:29.086998 : Coverage File chr6 (36 of 45)

2026-07-22 13:18:29.111684 : Coverage File chr15 (43 of 45)

2026-07-22 13:18:29.635542 : Coverage File chr7 (7 of 45)

2026-07-22 13:18:33.810628 : Coverage File chr8 (1 of 45)

2026-07-22 13:18:34.105741 : Coverage File chr13 (45 of 45)

2026-07-22 13:18:34.323097 : Coverage File chr10 (44 of 45)

2026-07-22 13:18:34.697255 : Coverage File chr17 (44 of 45)

2026-07-22 13:18:34.990404 : Coverage File chr19 (41 of 45)

2026-07-22 13:18:35.942773 : Kmer Bias chr9 (22 of 22)

2026-07-22 13:18:37.300251 : Coverage File chr11 (43 of 45)

2026-07-22 13:18:39.911435 : Coverage File chr5 (41 of 45)

2026-07-22 13:18:44.711273 : Coverage File chr20 (45 of 45)

2026-07-22 13:18:46.113606 : Coverage File chr9 (1 of 45)

2026-07-22 13:18:46.578209 : Coverage File chr12 (44 of 45)

2026-07-22 13:18:47.758689 : Coverage File chr4 (39 of 45)

2026-07-22 13:18:47.862102 : Coverage File chr1 (33 of 45)

2026-07-22 13:18:48.041228 : Coverage File chr14 (44 of 45)

2026-07-22 13:18:49.156724 : Coverage File chr16 (43 of 45)

2026-07-22 13:18:49.230546 : Coverage File chr15 (44 of 45)

2026-07-22 13:18:52.394265 : Coverage File chr3 (40 of 45)

2026-07-22 13:18:55.607512 : Coverage File chr2 (37 of 45)

2026-07-22 13:18:56.1289 : Coverage File chr6 (37 of 45)

2026-07-22 13:18:57.243023 : Coverage File chr7 (8 of 45)

2026-07-22 13:18:58.655845 : Coverage File chr10 (45 of 45)

2026-07-22 13:19:00.111104 : Coverage File chr17 (45 of 45)

2026-07-22 13:19:00.869027 : Coverage File chr11 (44 of 45)

2026-07-22 13:19:01.409721 : Coverage File chr19 (42 of 45)

2026-07-22 13:19:03.041514 : Coverage File chr8 (2 of 45)

2026-07-22 13:19:06.763123 : Coverage File chr14 (45 of 45)

2026-07-22 13:19:07.361846 : Coverage File chr16 (44 of 45)

2026-07-22 13:19:07.508822 : Coverage File chr4 (40 of 45)

2026-07-22 13:19:07.703037 : Coverage File chr15 (45 of 45)

2026-07-22 13:19:09.460324 : Coverage File chr9 (2 of 45)

2026-07-22 13:19:11.141792 : Coverage File chr12 (45 of 45)

2026-07-22 13:19:11.895906 : Coverage File chr1 (34 of 45)

2026-07-22 13:19:12.295978 : Coverage File chr5 (42 of 45)

2026-07-22 13:19:13.857233 : Coverage File chr6 (38 of 45)

2026-07-22 13:19:16.343036 : Coverage File chr3 (41 of 45)

2026-07-22 13:19:19.860207 : Coverage File chr19 (43 of 45)

2026-07-22 13:19:20.966791 : Coverage File chr2 (38 of 45)

2026-07-22 13:19:24.088824 : Coverage File chr4 (41 of 45)

2026-07-22 13:19:24.099645 : Coverage File chr16 (45 of 45)

2026-07-22 13:19:24.664603 : Coverage File chr8 (3 of 45)

2026-07-22 13:19:25.079212 : Coverage File chr11 (45 of 45)

2026-07-22 13:19:25.292722 : Coverage File chr9 (3 of 45)

2026-07-22 13:19:30.830083 : Coverage File chr6 (39 of 45)

2026-07-22 13:19:32.17944 : Coverage File chr1 (35 of 45)

2026-07-22 13:19:33.331738 : Coverage File chr19 (44 of 45)

2026-07-22 13:19:33.759298 : Coverage File chr7 (9 of 45)

2026-07-22 13:19:35.752131 : Coverage File chr5 (43 of 45)

2026-07-22 13:19:36.418656 : Coverage File chr9 (4 of 45)

2026-07-22 13:19:39.500221 : Coverage File chr4 (42 of 45)

2026-07-22 13:19:40.78533 : Coverage File chr8 (4 of 45)

2026-07-22 13:19:42.488146 : Coverage File chr6 (40 of 45)

2026-07-22 13:19:43.206243 : Coverage File chr2 (39 of 45)

2026-07-22 13:19:43.385035 : Coverage File chr3 (42 of 45)

2026-07-22 13:19:43.891827 : Coverage File chr19 (45 of 45)

2026-07-22 13:19:45.278585 : Coverage File chr9 (5 of 45)

2026-07-22 13:19:47.263598 : Coverage File chr1 (36 of 45)

2026-07-22 13:19:50.655509 : Coverage File chr4 (43 of 45)

2026-07-22 13:19:51.262869 : Coverage File chr5 (44 of 45)

2026-07-22 13:19:51.971337 : Coverage File chr6 (41 of 45)

2026-07-22 13:19:53.577585 : Coverage File chr7 (10 of 45)

2026-07-22 13:19:53.698555 : Coverage File chr9 (6 of 45)

2026-07-22 13:19:53.978396 : Coverage File chr8 (5 of 45)

2026-07-22 13:19:58.434952 : Coverage File chr4 (44 of 45)

2026-07-22 13:19:59.350934 : Coverage File chr2 (40 of 45)

2026-07-22 13:20:00.7552 : Coverage File chr3 (43 of 45)

2026-07-22 13:20:02.281384 : Coverage File chr6 (42 of 45)

2026-07-22 13:20:04.340023 : Coverage File chr9 (7 of 45)

2026-07-22 13:20:06.140619 : Coverage File chr4 (45 of 45)

2026-07-22 13:20:06.42274 : Coverage File chr8 (6 of 45)

2026-07-22 13:20:06.655361 : Coverage File chr1 (37 of 45)

2026-07-22 13:20:07.008308 : Coverage File chr5 (45 of 45)

2026-07-22 13:20:09.820671 : Coverage File chr7 (11 of 45)

2026-07-22 13:20:10.016732 : Coverage File chr3 (44 of 45)

2026-07-22 13:20:14.12133 : Coverage File chr1 (38 of 45)

2026-07-22 13:20:14.234052 : Coverage File chr2 (41 of 45)

2026-07-22 13:20:16.297294 : Coverage File chr3 (45 of 45)

2026-07-22 13:20:17.484471 : Coverage File chr6 (43 of 45)

2026-07-22 13:20:20.147602 : Coverage File chr9 (8 of 45)

2026-07-22 13:20:20.575038 : Coverage File chr1 (39 of 45)

2026-07-22 13:20:23.838716 : Coverage File chr1 (40 of 45)

2026-07-22 13:20:24.431788 : Coverage File chr8 (7 of 45)

2026-07-22 13:20:26.354218 : Coverage File chr1 (41 of 45)

2026-07-22 13:20:27.407347 : Coverage File chr7 (12 of 45)

2026-07-22 13:20:28.428978 : Coverage File chr6 (44 of 45)

2026-07-22 13:20:31.085295 : Coverage File chr9 (9 of 45)

2026-07-22 13:20:31.33803 : Coverage File chr2 (42 of 45)

2026-07-22 13:20:32.860107 : Coverage File chr8 (8 of 45)

2026-07-22 13:20:36.376525 : Coverage File chr6 (45 of 45)

2026-07-22 13:20:37.294033 : Coverage File chr7 (13 of 45)

2026-07-22 13:20:38.605779 : Coverage File chr9 (10 of 45)

2026-07-22 13:20:39.010355 : Coverage File chr1 (42 of 45)

2026-07-22 13:20:40.776495 : Coverage File chr2 (43 of 45)

2026-07-22 13:20:41.405344 : Coverage File chr8 (9 of 45)

2026-07-22 13:20:45.513755 : Coverage File chr9 (11 of 45)

2026-07-22 13:20:45.927261 : Coverage File chr7 (14 of 45)

2026-07-22 13:20:48.570237 : Coverage File chr2 (44 of 45)

2026-07-22 13:20:48.926984 : Coverage File chr1 (43 of 45)

2026-07-22 13:20:50.121219 : Coverage File chr8 (10 of 45)

2026-07-22 13:20:51.289614 : Coverage File chr9 (12 of 45)

2026-07-22 13:20:52.558661 : Coverage File chr7 (15 of 45)

2026-07-22 13:20:56.791222 : Coverage File chr2 (45 of 45)

2026-07-22 13:20:56.91527 : Coverage File chr1 (44 of 45)

2026-07-22 13:20:57.004991 : Coverage File chr9 (13 of 45)

2026-07-22 13:20:58.094095 : Coverage File chr8 (11 of 45)

2026-07-22 13:20:59.201999 : Coverage File chr7 (16 of 45)

2026-07-22 13:21:02.636523 : Coverage File chr9 (14 of 45)

2026-07-22 13:21:04.770416 : Coverage File chr7 (17 of 45)

2026-07-22 13:21:05.928046 : Coverage File chr1 (45 of 45)

2026-07-22 13:21:06.549712 : Coverage File chr8 (12 of 45)

2026-07-22 13:21:08.347242 : Coverage File chr9 (15 of 45)

2026-07-22 13:21:09.629424 : Coverage File chr7 (18 of 45)

2026-07-22 13:21:12.020988 : Coverage File chr8 (13 of 45)

2026-07-22 13:21:13.050476 : Coverage File chr7 (19 of 45)

2026-07-22 13:21:13.645265 : Coverage File chr9 (16 of 45)

2026-07-22 13:21:15.814141 : Coverage File chr8 (14 of 45)

2026-07-22 13:21:17.29822 : Coverage File chr9 (17 of 45)

2026-07-22 13:21:17.853215 : Coverage File chr7 (20 of 45)

2026-07-22 13:21:19.486822 : Coverage File chr9 (18 of 45)

2026-07-22 13:21:21.579262 : Coverage File chr9 (19 of 45)

2026-07-22 13:21:21.824156 : Coverage File chr8 (15 of 45)

2026-07-22 13:21:22.20416 : Coverage File chr7 (21 of 45)

2026-07-22 13:21:23.772389 : Coverage File chr9 (20 of 45)

2026-07-22 13:21:25.839026 : Coverage File chr9 (21 of 45)

2026-07-22 13:21:27.237177 : Coverage File chr7 (22 of 45)

2026-07-22 13:21:27.618499 : Coverage File chr8 (16 of 45)

2026-07-22 13:21:29.462507 : Coverage File chr9 (22 of 45)

2026-07-22 13:21:31.128318 : Coverage File chr8 (17 of 45)

2026-07-22 13:21:33.354609 : Coverage File chr8 (18 of 45)

2026-07-22 13:21:34.23401 : Coverage File chr7 (23 of 45)

2026-07-22 13:21:34.790544 : Coverage File chr9 (23 of 45)

2026-07-22 13:21:35.507066 : Coverage File chr8 (19 of 45)

2026-07-22 13:21:37.69334 : Coverage File chr8 (20 of 45)

2026-07-22 13:21:39.779908 : Coverage File chr8 (21 of 45)

2026-07-22 13:21:40.318607 : Coverage File chr7 (24 of 45)

2026-07-22 13:21:40.531878 : Coverage File chr9 (24 of 45)

2026-07-22 13:21:42.792859 : Coverage File chr8 (22 of 45)

2026-07-22 13:21:45.048071 : Coverage File chr7 (25 of 45)

2026-07-22 13:21:45.87396 : Coverage File chr9 (25 of 45)

2026-07-22 13:21:46.774607 : Coverage File chr8 (23 of 45)

2026-07-22 13:21:49.253746 : Coverage File chr9 (26 of 45)

2026-07-22 13:21:50.12864 : Coverage File chr7 (26 of 45)

2026-07-22 13:21:51.324021 : Coverage File chr8 (24 of 45)

2026-07-22 13:21:53.170095 : Coverage File chr9 (27 of 45)

2026-07-22 13:21:55.466723 : Coverage File chr8 (25 of 45)

2026-07-22 13:21:56.291657 : Coverage File chr7 (27 of 45)

2026-07-22 13:21:57.255862 : Coverage File chr9 (28 of 45)

2026-07-22 13:22:00.430889 : Coverage File chr8 (26 of 45)

2026-07-22 13:22:01.755034 : Coverage File chr9 (29 of 45)

2026-07-22 13:22:02.571786 : Coverage File chr7 (28 of 45)

2026-07-22 13:22:04.049964 : Coverage File chr8 (27 of 45)

2026-07-22 13:22:06.960737 : Coverage File chr8 (28 of 45)

2026-07-22 13:22:07.546969 : Coverage File chr9 (30 of 45)

2026-07-22 13:22:07.968225 : Coverage File chr7 (29 of 45)

2026-07-22 13:22:10.371217 : Coverage File chr8 (29 of 45)

2026-07-22 13:22:12.380468 : Coverage File chr9 (31 of 45)

2026-07-22 13:22:13.392716 : Coverage File chr8 (30 of 45)

2026-07-22 13:22:14.461687 : Coverage File chr7 (30 of 45)

2026-07-22 13:22:15.81463 : Coverage File chr8 (31 of 45)

2026-07-22 13:22:16.735116 : Coverage File chr9 (32 of 45)

2026-07-22 13:22:17.945611 : Coverage File chr8 (32 of 45)

2026-07-22 13:22:19.62394 : Coverage File chr7 (31 of 45)

2026-07-22 13:22:19.992318 : Coverage File chr8 (33 of 45)

2026-07-22 13:22:20.926926 : Coverage File chr9 (33 of 45)

2026-07-22 13:22:22.085276 : Coverage File chr8 (34 of 45)

2026-07-22 13:22:24.09466 : Coverage File chr7 (32 of 45)

2026-07-22 13:22:24.159652 : Coverage File chr8 (35 of 45)

2026-07-22 13:22:25.179566 : Coverage File chr9 (34 of 45)

2026-07-22 13:22:26.16874 : Coverage File chr8 (36 of 45)

2026-07-22 13:22:27.790751 : Coverage File chr9 (35 of 45)

2026-07-22 13:22:28.360698 : Coverage File chr7 (33 of 45)

2026-07-22 13:22:29.796518 : Coverage File chr9 (36 of 45)

2026-07-22 13:22:31.466909 : Coverage File chr8 (37 of 45)

2026-07-22 13:22:32.385065 : Coverage File chr9 (37 of 45)

2026-07-22 13:22:32.734188 : Coverage File chr7 (34 of 45)

2026-07-22 13:22:34.52644 : Coverage File chr9 (38 of 45)

2026-07-22 13:22:36.051241 : Coverage File chr8 (38 of 45)

2026-07-22 13:22:37.008855 : Coverage File chr9 (39 of 45)

2026-07-22 13:22:37.119403 : Coverage File chr7 (35 of 45)

2026-07-22 13:22:39.209085 : Coverage File chr9 (40 of 45)

2026-07-22 13:22:41.056479 : Coverage File chr8 (39 of 45)

2026-07-22 13:22:41.376782 : Coverage File chr7 (36 of 45)

2026-07-22 13:22:41.401223 : Coverage File chr9 (41 of 45)

2026-07-22 13:22:44.218012 : Coverage File chr9 (42 of 45)

2026-07-22 13:22:45.601637 : Coverage File chr8 (40 of 45)

2026-07-22 13:22:46.72193 : Coverage File chr9 (43 of 45)

2026-07-22 13:22:47.107024 : Coverage File chr7 (37 of 45)

2026-07-22 13:22:48.899343 : Coverage File chr9 (44 of 45)

2026-07-22 13:22:50.079051 : Coverage File chr8 (41 of 45)

2026-07-22 13:22:51.192193 : Coverage File chr9 (45 of 45)

2026-07-22 13:22:51.610936 : Coverage File chr7 (38 of 45)

2026-07-22 13:22:54.825756 : Coverage File chr8 (42 of 45)

2026-07-22 13:22:55.222289 : Coverage File chr7 (39 of 45)

2026-07-22 13:22:57.350337 : Coverage File chr8 (43 of 45)

2026-07-22 13:22:57.54803 : Coverage File chr7 (40 of 45)

2026-07-22 13:22:59.55535 : Coverage File chr8 (44 of 45)

2026-07-22 13:22:59.789396 : Coverage File chr7 (41 of 45)

2026-07-22 13:23:01.831793 : Coverage File chr8 (45 of 45)

2026-07-22 13:23:02.827234 : Coverage File chr7 (42 of 45)

2026-07-22 13:23:05.413368 : Coverage File chr7 (43 of 45)

2026-07-22 13:23:07.596266 : Coverage File chr7 (44 of 45)

2026-07-22 13:23:09.998095 : Coverage File chr7 (45 of 45)

2026-07-22 13:23:12.082308 : Completed Kmer Bias Calculation

2026-07-22 13:23:19.055348 : Adding Kmer Bias (1 of 45)

2026-07-22 13:23:19.126401 : Adding Kmer Bias (2 of 45)

2026-07-22 13:23:19.272576 : Adding Kmer Bias (3 of 45)

2026-07-22 13:23:19.309928 : Adding Kmer Bias (4 of 45)

2026-07-22 13:23:19.409835 : Adding Kmer Bias (5 of 45)

2026-07-22 13:23:19.456413 : Adding Kmer Bias (6 of 45)

2026-07-22 13:23:19.491406 : Adding Kmer Bias (7 of 45)

2026-07-22 13:23:19.526294 : Adding Kmer Bias (8 of 45)

2026-07-22 13:23:19.561174 : Adding Kmer Bias (9 of 45)

2026-07-22 13:23:19.596112 : Adding Kmer Bias (10 of 45)

2026-07-22 13:23:19.631016 : Adding Kmer Bias (11 of 45)

2026-07-22 13:23:19.666126 : Adding Kmer Bias (12 of 45)

2026-07-22 13:23:19.700965 : Adding Kmer Bias (13 of 45)

2026-07-22 13:23:19.735941 : Adding Kmer Bias (14 of 45)

2026-07-22 13:23:19.771927 : Adding Kmer Bias (15 of 45)

2026-07-22 13:23:19.807902 : Adding Kmer Bias (16 of 45)

2026-07-22 13:23:19.842727 : Adding Kmer Bias (17 of 45)

2026-07-22 13:23:19.877388 : Adding Kmer Bias (18 of 45)

2026-07-22 13:23:19.912152 : Adding Kmer Bias (19 of 45)

2026-07-22 13:23:19.946852 : Adding Kmer Bias (20 of 45)

2026-07-22 13:23:19.981614 : Adding Kmer Bias (21 of 45)

2026-07-22 13:23:20.042928 : Adding Kmer Bias (22 of 45)

2026-07-22 13:23:20.077894 : Adding Kmer Bias (23 of 45)

2026-07-22 13:23:20.113609 : Adding Kmer Bias (24 of 45)

2026-07-22 13:23:20.148437 : Adding Kmer Bias (25 of 45)

2026-07-22 13:23:20.183146 : Adding Kmer Bias (26 of 45)

2026-07-22 13:23:20.218336 : Adding Kmer Bias (27 of 45)

2026-07-22 13:23:20.253865 : Adding Kmer Bias (28 of 45)

2026-07-22 13:23:20.289087 : Adding Kmer Bias (29 of 45)

2026-07-22 13:23:20.32437 : Adding Kmer Bias (30 of 45)

2026-07-22 13:23:20.360264 : Adding Kmer Bias (31 of 45)

2026-07-22 13:23:20.414865 : Adding Kmer Bias (32 of 45)

2026-07-22 13:23:20.451852 : Adding Kmer Bias (33 of 45)

2026-07-22 13:23:20.583326 : Adding Kmer Bias (34 of 45)

2026-07-22 13:23:20.618165 : Adding Kmer Bias (35 of 45)

2026-07-22 13:23:20.688833 : Adding Kmer Bias (36 of 45)

2026-07-22 13:23:20.723389 : Adding Kmer Bias (37 of 45)

2026-07-22 13:23:20.757466 : Adding Kmer Bias (38 of 45)

2026-07-22 13:23:20.79077 : Adding Kmer Bias (39 of 45)

2026-07-22 13:23:20.824033 : Adding Kmer Bias (40 of 45)

2026-07-22 13:23:20.857216 : Adding Kmer Bias (41 of 45)

2026-07-22 13:23:20.890536 : Adding Kmer Bias (42 of 45)

2026-07-22 13:23:20.923784 : Adding Kmer Bias (43 of 45)

2026-07-22 13:23:20.957112 : Adding Kmer Bias (44 of 45)

2026-07-22 13:23:20.991248 : Adding Kmer Bias (45 of 45)

------- Completed

End Time : 2026-07-22 13:23:21.043251
Elapsed Time Minutes = 72.9119990309079
Elapsed Time Hours = 1.21520012921757

-------



