
           ___      .______        ______  __    __  .______      
          /   \     |   _  \      /      ||  |  |  | |   _  \     
         /  ^  \    |  |_)  |    |  ,----'|  |__|  | |  |_)  |    
        /  /_\  \   |      /     |  |     |   __   | |      /     
       /  _____  \  |  |\  \\___ |  `----.|  |  |  | |  |\  \\___.
      /__/     \__\ | _| `._____| \______||__|  |__| | _| `._____|
    
Logging With ArchR!

Start Time : 2026-07-20 22:44:36.722546

------- ArchR Info

ArchRThreads = 16
ArchRGenome = Hg38

------- System Info

Computer OS = unix
Total Cores = 80

------- Session Info

R version 4.3.0 (2023-04-21)
Platform: x86_64-conda-linux-gnu (64-bit)
Running under: Red Hat Enterprise Linux 8.10 (Ootpa)

Matrix products: default
BLAS/LAPACK: /research_jude/rgs01_jude/groups/cab/projects/automapper/common/szhang37/Anaconda/miniconda3/envs/jwen_scRNA_singCellaR/lib/libopenblasp-r0.3.30.so;  LAPACK version 3.12.0

Random number generation:
 RNG:     L'Ecuyer-CMRG 
 Normal:  Inversion 
 Sample:  Rejection 
 
locale:
 [1] LC_CTYPE=en_US.UTF-8       LC_NUMERIC=C               LC_TIME=en_US.UTF-8        LC_COLLATE=en_US.UTF-8     LC_MONETARY=en_US.UTF-8    LC_MESSAGES=en_US.UTF-8    LC_PAPER=en_US.UTF-8      
 [8] LC_NAME=C                  LC_ADDRESS=C               LC_TELEPHONE=C             LC_MEASUREMENT=en_US.UTF-8 LC_IDENTIFICATION=C       

time zone: America/Chicago
tzcode source: system (glibc)

attached base packages:
 [1] parallel  stats4    grid      stats     graphics  grDevices utils     datasets  methods   base     

other attached packages:
 [1] BSgenome.Hsapiens.UCSC.hg38_1.4.5        BSgenome_1.70.1                          rtracklayer_1.62.0                       BiocIO_1.12.0                            Biostrings_2.70.1                       
 [6] XVector_0.42.0                           org.Hs.eg.db_3.18.0                      TxDb.Hsapiens.UCSC.hg38.knownGene_3.18.0 GenomicFeatures_1.54.1                   AnnotationDbi_1.64.1                    
[11] fs_1.6.6                                 qs2_0.1.5                                snow_0.4-4                               doFuture_1.1.2                           doParallel_1.0.17                       
[16] iterators_1.0.14                         foreach_1.5.2                            BiocParallel_1.36.0                      future_1.67.0                            rhdf5_2.46.1                            
[21] SummarizedExperiment_1.32.0              Biobase_2.62.0                           RcppArmadillo_14.6.3-1                   Rcpp_1.1.0                               Matrix_1.6-5                            
[26] GenomicRanges_1.54.1                     GenomeInfoDb_1.38.1                      IRanges_2.36.0                           S4Vectors_0.40.2                         BiocGenerics_0.48.1                     
[31] sparseMatrixStats_1.14.0                 MatrixGenerics_1.14.0                    matrixStats_1.5.0                        data.table_1.17.8                        stringr_1.5.1                           
[36] plyr_1.8.9                               magrittr_2.0.3                           gtable_0.3.6                             gtools_3.9.5                             gridExtra_2.3                           
[41] devtools_2.4.5                           usethis_3.1.0                            ArchR_1.0.3                              gplots_3.2.0                             Seurat_5.3.0                            
[46] SeuratObject_5.1.0                       sp_2.2-0                                 ggplot2_3.5.2                           

loaded via a namespace (and not attached):
  [1] RcppAnnoy_0.0.22         splines_4.3.0            later_1.4.2              filelock_1.0.3           bitops_1.0-9             tibble_3.3.0             polyclip_1.10-7          XML_3.99-0.15           
  [9] fastDummies_1.7.5        lifecycle_1.0.4          globals_0.18.0           lattice_0.22-7           MASS_7.3-60.0.1          plotly_4.11.0            yaml_2.3.10              remotes_2.5.0           
 [17] httpuv_1.6.16            sctransform_0.4.2        spam_2.11-1              sessioninfo_1.2.3        pkgbuild_1.4.8           spatstat.sparse_3.1-0    reticulate_1.43.0        DBI_1.2.3               
 [25] cowplot_1.2.0            pbapply_1.7-4            RColorBrewer_1.1-3       abind_1.4-5              pkgload_1.4.0            zlibbioc_1.48.0          Rtsne_0.17               purrr_1.1.0             
 [33] RCurl_1.98-1.12          rappdirs_0.3.3           GenomeInfoDbData_1.2.11  ggrepel_0.9.6            irlba_2.3.5.1            listenv_0.9.1            spatstat.utils_3.1-5     goftest_1.2-3           
 [41] RSpectra_0.16-2          spatstat.random_3.4-1    fitdistrplus_1.2-4       parallelly_1.45.1        codetools_0.2-20         DelayedArray_0.28.0      xml2_1.5.1               tidyselect_1.2.1        
 [49] farver_2.1.2             BiocFileCache_2.10.1     spatstat.explore_3.5-2   GenomicAlignments_1.38.0 jsonlite_2.0.0           ellipsis_0.3.2           progressr_0.15.1         ggridges_0.5.6          
 [57] survival_3.8-3           progress_1.2.3           tools_4.3.0              ica_1.0-3                glue_1.8.0               SparseArray_1.2.2        dplyr_1.1.4              withr_3.0.2             
 [65] fastmap_1.2.0            rhdf5filters_1.14.1      caTools_1.18.3           digest_0.6.37            R6_2.6.1                 mime_0.13                colorspace_2.1-1         scattermore_1.2         
 [73] Cairo_1.6-1              tensor_1.5.1             biomaRt_2.58.0           RSQLite_2.4.3            dichromat_2.0-0.1        spatstat.data_3.1-8      tidyr_1.3.1              generics_0.1.4          
 [81] prettyunits_1.2.0        httr_1.4.7               htmlwidgets_1.6.4        S4Arrays_1.2.0           uwot_0.2.3               pkgconfig_2.0.3          blob_1.2.4               lmtest_0.9-40           
 [89] htmltools_0.5.8.1        profvis_0.4.0            dotCall64_1.2            scales_1.4.0             png_0.1-8                spatstat.univar_3.1-4    rjson_0.2.23             reshape2_1.4.4          
 [97] curl_7.0.0               nlme_3.1-168             zoo_1.8-14               cachem_1.1.0             KernSmooth_2.23-26       miniUI_0.1.2             restfulr_0.0.15          pillar_1.11.0           
[105] vctrs_0.6.5              RANN_2.6.2               urlchecker_1.0.1         promises_1.3.3           stringfish_0.17.0        dbplyr_2.5.0             xtable_1.8-4             cluster_2.1.8.1         
[113] Rsamtools_2.18.0         cli_3.6.5                compiler_4.3.0           rlang_1.1.6              crayon_1.5.3             future.apply_1.20.0      stringi_1.7.12           viridisLite_0.4.2       
[121] deldir_2.0-4             lazyeval_0.2.2           spatstat.geom_3.5-0      RcppHNSW_0.6.0           hms_1.1.3                patchwork_1.3.1          bit64_4.6.0-1            Rhdf5lib_1.24.0         
[129] KEGGREST_1.42.0          shiny_1.11.1             ROCR_1.0-11              igraph_1.5.1             memoise_2.0.1            RcppParallel_5.1.9       bit_4.6.0               


------- Log Info


2026-07-20 22:44:36.876896 : addGroupCoverages Input-Parameters, Class = list

addGroupCoverages Input-Parameters$ArchRProj: length = 1

addGroupCoverages Input-Parameters$groupBy: length = 1
[1] "celltype"


addGroupCoverages Input-Parameters$useLabels: length = 1
[1] TRUE


addGroupCoverages Input-Parameters$sampleLabels: length = 1
[1] "Sample"


addGroupCoverages Input-Parameters$minCells: length = 1
[1] 40


addGroupCoverages Input-Parameters$maxCells: length = 1
[1] 5000


addGroupCoverages Input-Parameters$maxFragments: length = 1
[1] 2.5e+07


addGroupCoverages Input-Parameters$minReplicates: length = 1
[1] 2


addGroupCoverages Input-Parameters$maxReplicates: length = 1
[1] 5


addGroupCoverages Input-Parameters$sampleRatio: length = 1
[1] 0.8


addGroupCoverages Input-Parameters$excludeChr: length = 3
[1] "chrM" "chrX" "chrY"


addGroupCoverages Input-Parameters$kmerLength: length = 1
[1] 6


addGroupCoverages Input-Parameters$threads: length = 1
[1] 16


addGroupCoverages Input-Parameters$returnGroups: length = 1
[1] FALSE


addGroupCoverages Input-Parameters$parallelParam: length = 0
NULL


addGroupCoverages Input-Parameters$force: length = 1
[1] TRUE


addGroupCoverages Input-Parameters$verbose: length = 1
[1] TRUE


addGroupCoverages Input-Parameters$logFile: length = 1
[1] "ArchRLogs/ArchR-addGroupCoverages-151c42bfa1c06-Date-2026-07-20_Time-22-44-36.015438.log"



2026-07-20 22:44:37.154462 : B/Plasma cell (1 of 9) : CellGroups N = 5

2026-07-20 22:44:37.259972 : Cycling (2 of 9) : CellGroups N = 5

2026-07-20 22:44:37.354728 : Endothelial (3 of 9) : CellGroups N = 5

2026-07-20 22:44:37.439263 : Fibroblast/HSC (4 of 9) : CellGroups N = 5

2026-07-20 22:44:37.596221 : Hepatocyte (5 of 9) : CellGroups N = 5

2026-07-20 22:44:37.701232 : Macrophage (6 of 9) : CellGroups N = 5

2026-07-20 22:44:37.786485 : Monocyte (7 of 9) : CellGroups N = 5

2026-07-20 22:44:37.875076 : T cell (8 of 9) : CellGroups N = 5

2026-07-20 22:44:37.960422 : T/NK cell (9 of 9) : CellGroups N = 5
2026-07-20 22:44:56.809089 : Batch Execution w/ safelapply!, 0.347 mins elapsed.
2026-07-20 22:44:56.9324 : Group B/Plasma cell._.X__pt26pre (1 of 45) : Creating Group Coverage File : B.Plasma.cell._.X__pt26pre.insertions.coverage.h5, 0.349 mins elapsed.

2026-07-20 22:44:56.935034 : Group B/Plasma cell._.X__pt26pre (1 of 45) : cellGroupi, Class = character

Group B/Plasma cell._.X__pt26pre (1 of 45) : cellGroupi: length = 776
[1] "X__pt26pre#AAACAGCCATGTGGGA-1" "X__pt26pre#AAACATGCACTGACTA-1" "X__pt26pre#AAACCGAAGGTTTGAC-1" "X__pt26pre#AAACCGCGTTACAAAC-1" "X__pt26pre#AAACGCGCAGAAATTG-1" "X__pt26pre#AAACGGATCTAAGTCA-1"



2026-07-20 22:44:56.937748 : Number of Cells = 776

2026-07-20 22:44:56.946683 : Coverage File Exists!

2026-07-20 22:44:56.951327 : Added Coverage Group

2026-07-20 22:44:56.954432 : Added Metadata Group

2026-07-20 22:44:56.971093 : Added ArrowCoverage Class

2026-07-20 22:44:56.9742 : Added Coverage/Info

2026-07-20 22:44:56.985174 : Added Coverage/Info/CellNames
2026-07-20 22:44:56.985726 : Group B/Plasma cell._.X__pt26pre (1 of 45) : Processed Fragments Chr (1 of 22), 0.349 mins elapsed.
2026-07-20 22:44:57.03881 : Group B/Plasma cell._.X__18t (2 of 45) : Creating Group Coverage File : B.Plasma.cell._.X__18t.insertions.coverage.h5, 0.35 mins elapsed.

2026-07-20 22:44:57.041816 : Group B/Plasma cell._.X__18t (2 of 45) : cellGroupi, Class = character

Group B/Plasma cell._.X__18t (2 of 45) : cellGroupi: length = 402
[1] "X__18t#AAAGCAAGTTTGCGAA-1" "X__18t#AAAGGACGTTACTTCA-1" "X__18t#AACAAAGGTGGTTATG-1" "X__18t#AACATTGTCCTCATCA-1" "X__18t#AACCTAATCAAGTGTC-1" "X__18t#AACCTAATCTATTGTC-1"



2026-07-20 22:44:57.045823 : Number of Cells = 402

2026-07-20 22:44:57.055928 : Coverage File Exists!

2026-07-20 22:44:57.061053 : Added Coverage Group

2026-07-20 22:44:57.064395 : Added Metadata Group

2026-07-20 22:44:57.083451 : Added ArrowCoverage Class

2026-07-20 22:44:57.086759 : Added Coverage/Info

2026-07-20 22:44:57.097585 : Added Coverage/Info/CellNames
2026-07-20 22:44:57.098225 : Group B/Plasma cell._.X__18t (2 of 45) : Processed Fragments Chr (1 of 22), 0.351 mins elapsed.
2026-07-20 22:44:57.146134 : Group B/Plasma cell._.X__13t (3 of 45) : Creating Group Coverage File : B.Plasma.cell._.X__13t.insertions.coverage.h5, 0.352 mins elapsed.

2026-07-20 22:44:57.149024 : Group B/Plasma cell._.X__13t (3 of 45) : cellGroupi, Class = character

Group B/Plasma cell._.X__13t (3 of 45) : cellGroupi: length = 342
[1] "X__13t#AAACAGCCAGCACGAA-1" "X__13t#AAACCAACAAGCGATG-1" "X__13t#AAACCGCGTCAAAGGG-1" "X__13t#AAACCGCGTGCTTAGA-1" "X__13t#AAACCGGCACGAACAG-1" "X__13t#AAAGCCCGTTACAAAC-1"



2026-07-20 22:44:57.152282 : Number of Cells = 342

2026-07-20 22:44:57.524242 : Coverage File Exists!
2026-07-20 22:44:57.524349 : Group B/Plasma cell._.X__22t (5 of 45) : Creating Group Coverage File : B.Plasma.cell._.X__22t.insertions.coverage.h5, 0.358 mins elapsed.
2026-07-20 22:44:57.524369 : Group Cycling._.X__17t (6 of 45) : Creating Group Coverage File : Cycling._.X__17t.insertions.coverage.h5, 0.358 mins elapsed.
2026-07-20 22:44:57.524927 : Group B/Plasma cell._.X__3t (4 of 45) : Creating Group Coverage File : B.Plasma.cell._.X__3t.insertions.coverage.h5, 0.358 mins elapsed.

2026-07-20 22:44:57.526962 : Group B/Plasma cell._.X__22t (5 of 45) : cellGroupi, Class = character

2026-07-20 22:44:57.527617 : Group B/Plasma cell._.X__3t (4 of 45) : cellGroupi, Class = character

Group B/Plasma cell._.X__22t (5 of 45) : cellGroupi: length = 262

Group B/Plasma cell._.X__3t (4 of 45) : cellGroupi: length = 266
[1] "X__22t#AAAGCCCGTGCTGTAA-1" "X__22t#AAATGCCTCACAAGCT-1" "X__22t#AACATTGTCCAGGTCA-1" "X__22t#AACGACAAGGTCGAGG-1" "X__22t#AACGCTAGTCATCATC-1" "X__22t#AACTTAGTCTCAATGA-1"

[1] "X__3t#AAACCGGCAGAGGGAG-1" "X__3t#AAAGCACCATGTCAGC-1" "X__3t#AAAGCTTGTTAAGCCA-1" "X__3t#AACATTGTCGAAGCGG-1"
 "X__3t#AACCTTAAGGCATGAA-1" "X__3t#AACCTTGCATCACAGC-1"



2026-07-20 22:44:57.529581 : Added Coverage Group

2026-07-20 22:44:57.530974 : Number of Cells = 262

2026-07-20 22:44:57.53105 : Number of Cells = 266

2026-07-20 22:44:57.531403 : Group Cycling._.X__17t (6 of 45) : cellGroupi, Class = character

Group Cycling._.X__17t (6 of 45) : cellGroupi: length = 1615
[1] "X__17t#ATGATGACATGTTGTG-1" "X__17t#GATAAGCCAAGATTCT-1" "X__17t#GTACCGGGTCATAGAT-1" "X__17t#TGGGCCTAGGAACGGT-1" "X__17t#AAGTGTTGTTGCCTCA-1" "X__17t#CTAATCCGTACGATTG-1"



2026-07-20 22:44:57.533028 : Added Metadata Group

2026-07-20 22:44:57.534383 : Number of Cells = 1615

2026-07-20 22:44:57.541689 : Coverage File Exists!

2026-07-20 22:44:57.542442 : Coverage File Exists!

2026-07-20 22:44:57.543784 : Coverage File Exists!

2026-07-20 22:44:57.547389 : Added Coverage Group

2026-07-20 22:44:57.547485 : Added Coverage Group

2026-07-20 22:44:57.548414 : Added Coverage Group

2026-07-20 22:44:57.551224 : Added Metadata Group

2026-07-20 22:44:57.551252 : Added Metadata Group

2026-07-20 22:44:57.551292 : Added ArrowCoverage Class

2026-07-20 22:44:57.551795 : Added Metadata Group

2026-07-20 22:44:57.554857 : Added Coverage/Info

2026-07-20 22:44:57.565959 : Added Coverage/Info/CellNames
2026-07-20 22:44:57.566592 : Group B/Plasma cell._.X__13t (3 of 45) : Processed Fragments Chr (1 of 22), 0.359 mins elapsed.

2026-07-20 22:44:57.568891 : Added ArrowCoverage Class

2026-07-20 22:44:57.570109 : Added ArrowCoverage Class

2026-07-20 22:44:57.570198 : Added ArrowCoverage Class

2026-07-20 22:44:57.572605 : Added Coverage/Info

2026-07-20 22:44:57.573957 : Added Coverage/Info

2026-07-20 22:44:57.573995 : Added Coverage/Info

2026-07-20 22:44:57.58474 : Added Coverage/Info/CellNames

2026-07-20 22:44:57.584725 : Added Coverage/Info/CellNames
2026-07-20 22:44:57.585397 : Group B/Plasma cell._.X__3t (4 of 45) : Processed Fragments Chr (1 of 22), 0.359 mins elapsed.
2026-07-20 22:44:57.585396 : Group B/Plasma cell._.X__22t (5 of 45) : Processed Fragments Chr (1 of 22), 0.359 mins elapsed.

2026-07-20 22:44:57.58934 : Added Coverage/Info/CellNames
2026-07-20 22:44:57.58995 : Group Cycling._.X__17t (6 of 45) : Processed Fragments Chr (1 of 22), 0.36 mins elapsed.
2026-07-20 22:44:57.597598 : Group Cycling._.X__1t (7 of 45) : Creating Group Coverage File : Cycling._.X__1t.insertions.coverage.h5, 0.36 mins elapsed.

2026-07-20 22:44:57.601732 : Group Cycling._.X__1t (7 of 45) : cellGroupi, Class = character

Group Cycling._.X__1t (7 of 45) : cellGroupi: length = 1385
[1] "X__1t#AAACATGCACCTATAG-1" "X__1t#AAACCAACATCGCTCC-1" "X__1t#AAACCGGCAACGTGCT-1" "X__1t#AAACCGGCATGGTTAT-1" "X__1t#AAACCGGCATTAGGCC-1" "X__1t#AAAGCACCAAGCCAGA-1"



2026-07-20 22:44:57.604654 : Number of Cells = 1385

2026-07-20 22:44:57.613649 : Coverage File Exists!

2026-07-20 22:44:57.618596 : Added Coverage Group

2026-07-20 22:44:57.621967 : Added Metadata Group

2026-07-20 22:44:57.639003 : Added ArrowCoverage Class

2026-07-20 22:44:57.642271 : Added Coverage/Info

2026-07-20 22:44:57.655906 : Added Coverage/Info/CellNames
2026-07-20 22:44:57.656465 : Group Cycling._.X__1t (7 of 45) : Processed Fragments Chr (1 of 22), 0.361 mins elapsed.
2026-07-20 22:44:57.713367 : Group Cycling._.X__13t (8 of 45) : Creating Group Coverage File : Cycling._.X__13t.insertions.coverage.h5, 0.362 mins elapsed.

2026-07-20 22:44:57.719346 : Group Cycling._.X__13t (8 of 45) : cellGroupi, Class = character

Group Cycling._.X__13t (8 of 45) : cellGroupi: length = 1206
[1] "X__13t#ACACGGACATGAAGTA-1" "X__13t#TATTACCTCGATCAGT-1" "X__13t#CATAGACTCTAGCTTT-1" "X__13t#CTGATCACAATCCTAG-1" "X__13t#GGCAATCGTTATCCTA-1" "X__13t#GGGCATGAGGAGTAAT-1"



2026-07-20 22:44:57.722453 : Number of Cells = 1206

2026-07-20 22:44:57.731854 : Coverage File Exists!

2026-07-20 22:44:57.736665 : Added Coverage Group

2026-07-20 22:44:57.739882 : Added Metadata Group

2026-07-20 22:44:57.756529 : Added ArrowCoverage Class

2026-07-20 22:44:57.759653 : Added Coverage/Info

2026-07-20 22:44:57.773521 : Added Coverage/Info/CellNames
2026-07-20 22:44:57.774099 : Group Cycling._.X__13t (8 of 45) : Processed Fragments Chr (1 of 22), 0.363 mins elapsed.
2026-07-20 22:44:57.825938 : Group Cycling._.X__pt29pre (9 of 45) : Creating Group Coverage File : Cycling._.X__pt29pre.insertions.coverage.h5, 0.363 mins elapsed.

2026-07-20 22:44:57.829595 : Group Cycling._.X__pt29pre (9 of 45) : cellGroupi, Class = character

Group Cycling._.X__pt29pre (9 of 45) : cellGroupi: length = 1290
[1] "X__pt29pre#AAACCGAAGCAGCTCA-1" "X__pt29pre#AAACCGAAGCGCAATT-1" "X__pt29pre#AAACCGCGTTCACTGT-1" "X__pt29pre#AAACCGCGTTGCTGGG-1" "X__pt29pre#AAACCGGCAGCCAGTT-1" "X__pt29pre#AAACGTACAGGATTAA-1"



2026-07-20 22:44:57.832403 : Number of Cells = 1290

2026-07-20 22:44:57.84171 : Coverage File Exists!

2026-07-20 22:44:57.846719 : Added Coverage Group

2026-07-20 22:44:57.850081 : Added Metadata Group

2026-07-20 22:44:57.86726 : Added ArrowCoverage Class

2026-07-20 22:44:57.870467 : Added Coverage/Info

2026-07-20 22:44:57.883726 : Added Coverage/Info/CellNames
2026-07-20 22:44:57.88432 : Group Cycling._.X__pt29pre (9 of 45) : Processed Fragments Chr (1 of 22), 0.364 mins elapsed.
2026-07-20 22:44:57.949292 : Group Cycling._.X__18t (10 of 45) : Creating Group Coverage File : Cycling._.X__18t.insertions.coverage.h5, 0.365 mins elapsed.

2026-07-20 22:44:57.952654 : Group Cycling._.X__18t (10 of 45) : cellGroupi, Class = character

Group Cycling._.X__18t (10 of 45) : cellGroupi: length = 905
[1] "X__18t#AAACCAACATCCTAGA-1" "X__18t#AAACCGAAGACTAAGG-1" "X__18t#AAACCGCGTAGACAAA-1" "X__18t#AAACCGGCAACATAAG-1" "X__18t#AAAGCACCAGGACACA-1" "X__18t#AAAGCCGCATTGCGGT-1"



2026-07-20 22:44:57.955617 : Number of Cells = 905

2026-07-20 22:44:57.964907 : Coverage File Exists!

2026-07-20 22:44:57.969855 : Added Coverage Group

2026-07-20 22:44:57.973239 : Added Metadata Group

2026-07-20 22:44:57.989896 : Added ArrowCoverage Class

2026-07-20 22:44:57.993234 : Added Coverage/Info

2026-07-20 22:44:58.005398 : Added Coverage/Info/CellNames
2026-07-20 22:44:58.005968 : Group Cycling._.X__18t (10 of 45) : Processed Fragments Chr (1 of 22), 0.366 mins elapsed.
2026-07-20 22:44:58.063681 : Group Endothelial._.X__22t (11 of 45) : Creating Group Coverage File : Endothelial._.X__22t.insertions.coverage.h5, 0.367 mins elapsed.

2026-07-20 22:44:58.077763 : Group Endothelial._.X__22t (11 of 45) : cellGroupi, Class = character

Group Endothelial._.X__22t (11 of 45) : cellGroupi: length = 3536
[1] "X__22t#CACATAATCGCGCTAA-1" "X__22t#TGCAAGCGTCCTAGTT-1" "X__22t#AAAGGACGTAACGAGG-1" "X__22t#ATGGCCGGTTAAGTGT-1" "X__22t#CAACTAATCATAACTG-1" "X__22t#TCTAATCTCGAAGTAG-1"



2026-07-20 22:44:58.080707 : Number of Cells = 3536

2026-07-20 22:44:58.08996 : Coverage File Exists!

2026-07-20 22:44:58.094583 : Added Coverage Group

2026-07-20 22:44:58.097903 : Added Metadata Group

2026-07-20 22:44:58.114846 : Added ArrowCoverage Class

2026-07-20 22:44:58.118019 : Added Coverage/Info

2026-07-20 22:44:58.140336 : Added Coverage/Info/CellNames
2026-07-20 22:44:58.140897 : Group Endothelial._.X__22t (11 of 45) : Processed Fragments Chr (1 of 22), 0.369 mins elapsed.
2026-07-20 22:44:58.175551 : Group Endothelial._.X__3t (12 of 45) : Creating Group Coverage File : Endothelial._.X__3t.insertions.coverage.h5, 0.369 mins elapsed.

2026-07-20 22:44:58.187686 : Group Endothelial._.X__3t (12 of 45) : cellGroupi, Class = character

Group Endothelial._.X__3t (12 of 45) : cellGroupi: length = 3132
[1] "X__3t#CGTTTGTGTTAAGGCC-1" "X__3t#CCATTATTCATCCTGC-1" "X__3t#CGTTATTTCAGGCCTA-1" "X__3t#CATCCTTCATGGCCTG-1" "X__3t#CGCTAATAGATACTTG-1" "X__3t#CAACCGGGTCATTGTC-1"



2026-07-20 22:44:58.190748 : Number of Cells = 3132

2026-07-20 22:44:58.200242 : Coverage File Exists!

2026-07-20 22:44:58.205114 : Added Coverage Group

2026-07-20 22:44:58.208558 : Added Metadata Group

2026-07-20 22:44:58.230486 : Added ArrowCoverage Class

2026-07-20 22:44:58.234499 : Added Coverage/Info

2026-07-20 22:44:58.258216 : Added Coverage/Info/CellNames
2026-07-20 22:44:58.258868 : Group Endothelial._.X__3t (12 of 45) : Processed Fragments Chr (1 of 22), 0.371 mins elapsed.
2026-07-20 22:44:58.292566 : Group Endothelial._.X__15t (13 of 45) : Creating Group Coverage File : Endothelial._.X__15t.insertions.coverage.h5, 0.371 mins elapsed.

2026-07-20 22:44:58.305054 : Group Endothelial._.X__15t (13 of 45) : cellGroupi, Class = character

Group Endothelial._.X__15t (13 of 45) : cellGroupi: length = 2882
[1] "X__15t#TGACCTTGTCCTAGTT-1" "X__15t#GCTAGCCAGTCCTTTG-1" "X__15t#AAATGGCCAATCCCTT-1" "X__15t#CATCAGCCATGAAGTA-1" "X__15t#CTTGCATGTCATAAGT-1" "X__15t#AAGCCACGTGGTTCCC-1"



2026-07-20 22:44:58.308363 : Number of Cells = 2882

2026-07-20 22:44:58.318459 : Coverage File Exists!

2026-07-20 22:44:58.323619 : Added Coverage Group

2026-07-20 22:44:58.327364 : Added Metadata Group

2026-07-20 22:44:58.345136 : Added ArrowCoverage Class

2026-07-20 22:44:58.348598 : Added Coverage/Info

2026-07-20 22:44:58.369598 : Added Coverage/Info/CellNames
2026-07-20 22:44:58.370182 : Group Endothelial._.X__15t (13 of 45) : Processed Fragments Chr (1 of 22), 0.373 mins elapsed.
2026-07-20 22:44:58.410541 : Group Endothelial._.X__11t (14 of 45) : Creating Group Coverage File : Endothelial._.X__11t.insertions.coverage.h5, 0.373 mins elapsed.

2026-07-20 22:44:58.422368 : Group Endothelial._.X__11t (14 of 45) : cellGroupi, Class = character

Group Endothelial._.X__11t (14 of 45) : cellGroupi: length = 2995
[1] "X__11t#GAGGTGAGTCGTTATC-1" "X__11t#AGTAACCTCTGGTCCT-1" "X__11t#TGCTTGTGTAGTTACG-1" "X__11t#AGATGCTTCTAAGTCA-1" "X__11t#CCACACAAGGAGCACG-1" "X__11t#CGTAATGGTGAGACTC-1"



2026-07-20 22:44:58.425437 : Number of Cells = 2995

2026-07-20 22:44:58.436574 : Coverage File Exists!

2026-07-20 22:44:58.44185 : Added Coverage Group

2026-07-20 22:44:58.445456 : Added Metadata Group

2026-07-20 22:44:58.464734 : Added ArrowCoverage Class

2026-07-20 22:44:58.468446 : Added Coverage/Info

2026-07-20 22:44:58.489917 : Added Coverage/Info/CellNames
2026-07-20 22:44:58.490507 : Group Endothelial._.X__11t (14 of 45) : Processed Fragments Chr (1 of 22), 0.375 mins elapsed.
2026-07-20 22:44:58.528133 : Group Endothelial._.X__16t (15 of 45) : Creating Group Coverage File : Endothelial._.X__16t.insertions.coverage.h5, 0.375 mins elapsed.

2026-07-20 22:44:58.536633 : Group Endothelial._.X__16t (15 of 45) : cellGroupi, Class = character

Group Endothelial._.X__16t (15 of 45) : cellGroupi: length = 2047
[1] "X__16t#ATCCTTAGTTAGGTGC-1" "X__16t#ACTTGTAAGAACCTGT-1" "X__16t#GTGATGAAGTCTATGA-1" "X__16t#CCGCCAACAGCATTAT-1" "X__16t#ACATCATCAACAGGAT-1" "X__16t#GTCTCACTCACCATTT-1"



2026-07-20 22:44:58.539831 : Number of Cells = 2047

2026-07-20 22:44:58.54966 : Coverage File Exists!

2026-07-20 22:44:58.554815 : Added Coverage Group

2026-07-20 22:44:58.55857 : Added Metadata Group

2026-07-20 22:44:58.577116 : Added ArrowCoverage Class

2026-07-20 22:44:58.581106 : Added Coverage/Info

2026-07-20 22:44:58.600179 : Added Coverage/Info/CellNames
2026-07-20 22:44:58.60092 : Group Endothelial._.X__16t (15 of 45) : Processed Fragments Chr (1 of 22), 0.376 mins elapsed.
2026-07-20 22:44:58.643349 : Group Fibroblast/HSC._.X__22t (16 of 45) : Creating Group Coverage File : Fibroblast.HSC._.X__22t.insertions.coverage.h5, 0.377 mins elapsed.

2026-07-20 22:44:58.646936 : Group Fibroblast/HSC._.X__22t (16 of 45) : cellGroupi, Class = character

Group Fibroblast/HSC._.X__22t (16 of 45) : cellGroupi: length = 1193
[1] "X__22t#AAACATGCAGGAACCA-1" "X__22t#AAACCAACAGGTATTT-1" "X__22t#AAACCAACAGTTATCG-1" "X__22t#AAACCGAAGGCCCAGT-1" "X__22t#AAACGGATCCAGGAAA-1" "X__22t#AAACGGATCTACTAAG-1"



2026-07-20 22:44:58.649677 : Number of Cells = 1193

2026-07-20 22:44:58.658593 : Coverage File Exists!

2026-07-20 22:44:58.663284 : Added Coverage Group

2026-07-20 22:44:58.666378 : Added Metadata Group

2026-07-20 22:44:58.683481 : Added ArrowCoverage Class

2026-07-20 22:44:58.686686 : Added Coverage/Info

2026-07-20 22:44:58.699507 : Added Coverage/Info/CellNames
2026-07-20 22:44:58.700076 : Group Fibroblast/HSC._.X__22t (16 of 45) : Processed Fragments Chr (1 of 22), 0.378 mins elapsed.
2026-07-20 22:45:00.877087 : Group B/Plasma cell._.X__pt26pre (1 of 45) : Processed Fragments Chr (2 of 22), 0.414 mins elapsed.
2026-07-20 22:45:04.58653 : Group B/Plasma cell._.X__3t (4 of 45) : Processed Fragments Chr (2 of 22), 0.476 mins elapsed.
2026-07-20 22:45:04.619784 : Group Cycling._.X__18t (10 of 45) : Processed Fragments Chr (2 of 22), 0.477 mins elapsed.
2026-07-20 22:45:04.728054 : Group Cycling._.X__pt29pre (9 of 45) : Processed Fragments Chr (2 of 22), 0.478 mins elapsed.
2026-07-20 22:45:05.495719 : Group B/Plasma cell._.X__13t (3 of 45) : Processed Fragments Chr (2 of 22), 0.491 mins elapsed.
2026-07-20 22:45:05.692021 : Group B/Plasma cell._.X__18t (2 of 45) : Processed Fragments Chr (2 of 22), 0.495 mins elapsed.
2026-07-20 22:45:05.749136 : Group Cycling._.X__1t (7 of 45) : Processed Fragments Chr (2 of 22), 0.496 mins elapsed.
2026-07-20 22:45:06.2585 : Group B/Plasma cell._.X__22t (5 of 45) : Processed Fragments Chr (2 of 22), 0.504 mins elapsed.
2026-07-20 22:45:06.352391 : Group Cycling._.X__17t (6 of 45) : Processed Fragments Chr (2 of 22), 0.506 mins elapsed.
2026-07-20 22:45:06.363545 : Group Fibroblast/HSC._.X__22t (16 of 45) : Processed Fragments Chr (2 of 22), 0.506 mins elapsed.
2026-07-20 22:45:06.403748 : Group Endothelial._.X__15t (13 of 45) : Processed Fragments Chr (2 of 22), 0.506 mins elapsed.
2026-07-20 22:45:06.413293 : Group B/Plasma cell._.X__pt26pre (1 of 45) : Processed Fragments Chr (3 of 22), 0.507 mins elapsed.
2026-07-20 22:45:06.419441 : Group Endothelial._.X__3t (12 of 45) : Processed Fragments Chr (2 of 22), 0.507 mins elapsed.
2026-07-20 22:45:06.593889 : Group Endothelial._.X__16t (15 of 45) : Processed Fragments Chr (2 of 22), 0.51 mins elapsed.
2026-07-20 22:45:06.912091 : Group Endothelial._.X__11t (14 of 45) : Processed Fragments Chr (2 of 22), 0.515 mins elapsed.
2026-07-20 22:45:07.16686 : Group Endothelial._.X__22t (11 of 45) : Processed Fragments Chr (2 of 22), 0.519 mins elapsed.
2026-07-20 22:45:08.454893 : Group B/Plasma cell._.X__3t (4 of 45) : Processed Fragments Chr (3 of 22), 0.541 mins elapsed.
2026-07-20 22:45:09.17201 : Group Cycling._.X__13t (8 of 45) : Processed Fragments Chr (2 of 22), 0.553 mins elapsed.
2026-07-20 22:45:09.373161 : Group B/Plasma cell._.X__13t (3 of 45) : Processed Fragments Chr (3 of 22), 0.556 mins elapsed.
2026-07-20 22:45:09.400394 : Group B/Plasma cell._.X__pt26pre (1 of 45) : Processed Fragments Chr (4 of 22), 0.556 mins elapsed.
2026-07-20 22:45:09.520604 : Group Cycling._.X__pt29pre (9 of 45) : Processed Fragments Chr (3 of 22), 0.558 mins elapsed.
2026-07-20 22:45:09.528761 : Group Cycling._.X__18t (10 of 45) : Processed Fragments Chr (3 of 22), 0.559 mins elapsed.
2026-07-20 22:45:10.278481 : Group B/Plasma cell._.X__18t (2 of 45) : Processed Fragments Chr (3 of 22), 0.571 mins elapsed.
2026-07-20 22:45:10.86198 : Group Endothelial._.X__3t (12 of 45) : Processed Fragments Chr (3 of 22), 0.581 mins elapsed.
2026-07-20 22:45:10.915997 : Group B/Plasma cell._.X__22t (5 of 45) : Processed Fragments Chr (3 of 22), 0.582 mins elapsed.
2026-07-20 22:45:11.02161 : Group Cycling._.X__17t (6 of 45) : Processed Fragments Chr (3 of 22), 0.583 mins elapsed.
2026-07-20 22:45:11.229352 : Group Endothelial._.X__22t (11 of 45) : Processed Fragments Chr (3 of 22), 0.587 mins elapsed.
2026-07-20 22:45:11.44542 : Group Fibroblast/HSC._.X__22t (16 of 45) : Processed Fragments Chr (3 of 22), 0.59 mins elapsed.
2026-07-20 22:45:11.470707 : Group Cycling._.X__1t (7 of 45) : Processed Fragments Chr (3 of 22), 0.591 mins elapsed.
2026-07-20 22:45:11.855632 : Group Endothelial._.X__15t (13 of 45) : Processed Fragments Chr (3 of 22), 0.597 mins elapsed.
2026-07-20 22:45:12.202216 : Group Endothelial._.X__16t (15 of 45) : Processed Fragments Chr (3 of 22), 0.603 mins elapsed.
2026-07-20 22:45:12.481957 : Group Endothelial._.X__11t (14 of 45) : Processed Fragments Chr (3 of 22), 0.608 mins elapsed.
2026-07-20 22:45:12.489259 : Group B/Plasma cell._.X__3t (4 of 45) : Processed Fragments Chr (4 of 22), 0.608 mins elapsed.
2026-07-20 22:45:14.243565 : Group B/Plasma cell._.X__pt26pre (1 of 45) : Processed Fragments Chr (5 of 22), 0.637 mins elapsed.
2026-07-20 22:45:15.128394 : Group Endothelial._.X__3t (12 of 45) : Processed Fragments Chr (4 of 22), 0.652 mins elapsed.
2026-07-20 22:45:15.269767 : Group B/Plasma cell._.X__3t (4 of 45) : Processed Fragments Chr (5 of 22), 0.654 mins elapsed.
2026-07-20 22:45:15.809356 : Group B/Plasma cell._.X__18t (2 of 45) : Processed Fragments Chr (4 of 22), 0.663 mins elapsed.
2026-07-20 22:45:15.841996 : Group Cycling._.X__13t (8 of 45) : Processed Fragments Chr (3 of 22), 0.664 mins elapsed.
2026-07-20 22:45:15.872424 : Group B/Plasma cell._.X__13t (3 of 45) : Processed Fragments Chr (4 of 22), 0.664 mins elapsed.
2026-07-20 22:45:16.371935 : Group B/Plasma cell._.X__22t (5 of 45) : Processed Fragments Chr (4 of 22), 0.673 mins elapsed.
2026-07-20 22:45:16.424688 : Group Cycling._.X__18t (10 of 45) : Processed Fragments Chr (4 of 22), 0.673 mins elapsed.
2026-07-20 22:45:16.457172 : Group Cycling._.X__pt29pre (9 of 45) : Processed Fragments Chr (4 of 22), 0.674 mins elapsed.
2026-07-20 22:45:16.904409 : Group Endothelial._.X__22t (11 of 45) : Processed Fragments Chr (4 of 22), 0.681 mins elapsed.
2026-07-20 22:45:17.184621 : Group Fibroblast/HSC._.X__22t (16 of 45) : Processed Fragments Chr (4 of 22), 0.686 mins elapsed.
2026-07-20 22:45:17.541564 : Group Endothelial._.X__11t (14 of 45) : Processed Fragments Chr (4 of 22), 0.692 mins elapsed.
2026-07-20 22:45:17.630206 : Group Endothelial._.X__15t (13 of 45) : Processed Fragments Chr (4 of 22), 0.694 mins elapsed.
2026-07-20 22:45:17.702766 : Group Endothelial._.X__16t (15 of 45) : Processed Fragments Chr (4 of 22), 0.695 mins elapsed.
2026-07-20 22:45:17.994566 : Group B/Plasma cell._.X__pt26pre (1 of 45) : Processed Fragments Chr (6 of 22), 0.7 mins elapsed.
2026-07-20 22:45:18.173803 : Group Cycling._.X__17t (6 of 45) : Processed Fragments Chr (4 of 22), 0.703 mins elapsed.
2026-07-20 22:45:18.256463 : Group Cycling._.X__1t (7 of 45) : Processed Fragments Chr (4 of 22), 0.704 mins elapsed.
2026-07-20 22:45:18.808275 : Group B/Plasma cell._.X__18t (2 of 45) : Processed Fragments Chr (5 of 22), 0.713 mins elapsed.
2026-07-20 22:45:18.979436 : Group B/Plasma cell._.X__3t (4 of 45) : Processed Fragments Chr (6 of 22), 0.716 mins elapsed.
2026-07-20 22:45:19.727986 : Group Cycling._.X__18t (10 of 45) : Processed Fragments Chr (5 of 22), 0.728 mins elapsed.
2026-07-20 22:45:20.181373 : Group B/Plasma cell._.X__13t (3 of 45) : Processed Fragments Chr (5 of 22), 0.736 mins elapsed.
2026-07-20 22:45:20.51202 : Group Fibroblast/HSC._.X__22t (16 of 45) : Processed Fragments Chr (5 of 22), 0.742 mins elapsed.
2026-07-20 22:45:20.756555 : Group Cycling._.X__pt29pre (9 of 45) : Processed Fragments Chr (5 of 22), 0.746 mins elapsed.
2026-07-20 22:45:20.983055 : Group Endothelial._.X__3t (12 of 45) : Processed Fragments Chr (5 of 22), 0.749 mins elapsed.
2026-07-20 22:45:21.08916 : Group Cycling._.X__13t (8 of 45) : Processed Fragments Chr (4 of 22), 0.751 mins elapsed.
2026-07-20 22:45:21.113416 : Group B/Plasma cell._.X__22t (5 of 45) : Processed Fragments Chr (5 of 22), 0.752 mins elapsed.
2026-07-20 22:45:21.252804 : Group Endothelial._.X__22t (11 of 45) : Processed Fragments Chr (5 of 22), 0.754 mins elapsed.
2026-07-20 22:45:21.508875 : Group Endothelial._.X__11t (14 of 45) : Processed Fragments Chr (5 of 22), 0.758 mins elapsed.
2026-07-20 22:45:21.559022 : Group B/Plasma cell._.X__18t (2 of 45) : Processed Fragments Chr (6 of 22), 0.759 mins elapsed.
2026-07-20 22:45:21.745482 : Group Endothelial._.X__15t (13 of 45) : Processed Fragments Chr (5 of 22), 0.762 mins elapsed.
2026-07-20 22:45:21.918345 : Group B/Plasma cell._.X__pt26pre (1 of 45) : Processed Fragments Chr (7 of 22), 0.765 mins elapsed.
2026-07-20 22:45:22.219081 : Group Endothelial._.X__16t (15 of 45) : Processed Fragments Chr (5 of 22), 0.77 mins elapsed.
2026-07-20 22:45:22.309589 : Group B/Plasma cell._.X__3t (4 of 45) : Processed Fragments Chr (7 of 22), 0.772 mins elapsed.
2026-07-20 22:45:22.453141 : Group Cycling._.X__18t (10 of 45) : Processed Fragments Chr (6 of 22), 0.774 mins elapsed.
2026-07-20 22:45:22.886322 : Group Cycling._.X__1t (7 of 45) : Processed Fragments Chr (5 of 22), 0.781 mins elapsed.
2026-07-20 22:45:23.255097 : Group Cycling._.X__17t (6 of 45) : Processed Fragments Chr (5 of 22), 0.787 mins elapsed.
2026-07-20 22:45:23.9356 : Group B/Plasma cell._.X__13t (3 of 45) : Processed Fragments Chr (6 of 22), 0.799 mins elapsed.
2026-07-20 22:45:24.063839 : Group B/Plasma cell._.X__18t (2 of 45) : Processed Fragments Chr (7 of 22), 0.801 mins elapsed.
2026-07-20 22:45:24.136416 : Group Fibroblast/HSC._.X__22t (16 of 45) : Processed Fragments Chr (6 of 22), 0.802 mins elapsed.
2026-07-20 22:45:24.244659 : Group B/Plasma cell._.X__22t (5 of 45) : Processed Fragments Chr (6 of 22), 0.804 mins elapsed.
2026-07-20 22:45:24.451958 : Group Endothelial._.X__3t (12 of 45) : Processed Fragments Chr (6 of 22), 0.807 mins elapsed.
2026-07-20 22:45:24.765293 : Group Cycling._.X__pt29pre (9 of 45) : Processed Fragments Chr (6 of 22), 0.812 mins elapsed.
2026-07-20 22:45:25.055237 : Group Endothelial._.X__15t (13 of 45) : Processed Fragments Chr (6 of 22), 0.817 mins elapsed.
2026-07-20 22:45:25.089995 : Group B/Plasma cell._.X__3t (4 of 45) : Processed Fragments Chr (8 of 22), 0.818 mins elapsed.
2026-07-20 22:45:25.334626 : Group Cycling._.X__18t (10 of 45) : Processed Fragments Chr (7 of 22), 0.822 mins elapsed.
2026-07-20 22:45:25.45934 : Group B/Plasma cell._.X__pt26pre (1 of 45) : Processed Fragments Chr (8 of 22), 0.824 mins elapsed.
2026-07-20 22:45:25.4751 : Group Endothelial._.X__22t (11 of 45) : Processed Fragments Chr (6 of 22), 0.824 mins elapsed.
2026-07-20 22:45:25.627953 : Group Endothelial._.X__11t (14 of 45) : Processed Fragments Chr (6 of 22), 0.827 mins elapsed.
2026-07-20 22:45:25.900278 : Group Cycling._.X__13t (8 of 45) : Processed Fragments Chr (5 of 22), 0.831 mins elapsed.
2026-07-20 22:45:26.461257 : Group B/Plasma cell._.X__18t (2 of 45) : Processed Fragments Chr (8 of 22), 0.841 mins elapsed.
2026-07-20 22:45:26.624571 : Group Cycling._.X__1t (7 of 45) : Processed Fragments Chr (6 of 22), 0.843 mins elapsed.
2026-07-20 22:45:27.009794 : Group Endothelial._.X__16t (15 of 45) : Processed Fragments Chr (6 of 22), 0.85 mins elapsed.
2026-07-20 22:45:28.017138 : Group Cycling._.X__17t (6 of 45) : Processed Fragments Chr (6 of 22), 0.867 mins elapsed.
2026-07-20 22:45:28.029036 : Group B/Plasma cell._.X__13t (3 of 45) : Processed Fragments Chr (7 of 22), 0.867 mins elapsed.
2026-07-20 22:45:28.129657 : Group B/Plasma cell._.X__22t (5 of 45) : Processed Fragments Chr (7 of 22), 0.869 mins elapsed.
2026-07-20 22:45:28.149276 : Group Cycling._.X__18t (10 of 45) : Processed Fragments Chr (8 of 22), 0.869 mins elapsed.
2026-07-20 22:45:28.177405 : Group B/Plasma cell._.X__3t (4 of 45) : Processed Fragments Chr (9 of 22), 0.869 mins elapsed.
2026-07-20 22:45:28.269216 : Group Fibroblast/HSC._.X__22t (16 of 45) : Processed Fragments Chr (7 of 22), 0.871 mins elapsed.
2026-07-20 22:45:28.354862 : Group Endothelial._.X__15t (13 of 45) : Processed Fragments Chr (7 of 22), 0.872 mins elapsed.
2026-07-20 22:45:28.587799 : Group Endothelial._.X__3t (12 of 45) : Processed Fragments Chr (7 of 22), 0.876 mins elapsed.
2026-07-20 22:45:28.643456 : Group Cycling._.X__pt29pre (9 of 45) : Processed Fragments Chr (7 of 22), 0.877 mins elapsed.
2026-07-20 22:45:28.710661 : Group Endothelial._.X__22t (11 of 45) : Processed Fragments Chr (7 of 22), 0.878 mins elapsed.
2026-07-20 22:45:28.809834 : Group B/Plasma cell._.X__18t (2 of 45) : Processed Fragments Chr (9 of 22), 0.88 mins elapsed.
2026-07-20 22:45:28.978035 : Group B/Plasma cell._.X__pt26pre (1 of 45) : Processed Fragments Chr (9 of 22), 0.883 mins elapsed.
2026-07-20 22:45:29.268732 : Group Endothelial._.X__11t (14 of 45) : Processed Fragments Chr (7 of 22), 0.888 mins elapsed.
2026-07-20 22:45:30.335143 : Group Cycling._.X__13t (8 of 45) : Processed Fragments Chr (6 of 22), 0.905 mins elapsed.
2026-07-20 22:45:30.742677 : Group Cycling._.X__1t (7 of 45) : Processed Fragments Chr (7 of 22), 0.912 mins elapsed.
2026-07-20 22:45:31.352655 : Group Endothelial._.X__15t (13 of 45) : Processed Fragments Chr (8 of 22), 0.922 mins elapsed.
2026-07-20 22:45:31.591311 : Group B/Plasma cell._.X__18t (2 of 45) : Processed Fragments Chr (10 of 22), 0.926 mins elapsed.
2026-07-20 22:45:31.727234 : Group Cycling._.X__18t (10 of 45) : Processed Fragments Chr (9 of 22), 0.928 mins elapsed.
2026-07-20 22:45:32.103885 : Group Endothelial._.X__16t (15 of 45) : Processed Fragments Chr (7 of 22), 0.935 mins elapsed.
2026-07-20 22:45:32.781336 : Group B/Plasma cell._.X__pt26pre (1 of 45) : Processed Fragments Chr (10 of 22), 0.946 mins elapsed.
2026-07-20 22:45:33.031454 : Group Endothelial._.X__22t (11 of 45) : Processed Fragments Chr (8 of 22), 0.95 mins elapsed.
2026-07-20 22:45:33.316118 : Group B/Plasma cell._.X__22t (5 of 45) : Processed Fragments Chr (8 of 22), 0.955 mins elapsed.
2026-07-20 22:45:33.487454 : Group B/Plasma cell._.X__13t (3 of 45) : Processed Fragments Chr (8 of 22), 0.958 mins elapsed.
2026-07-20 22:45:33.670957 : Group Endothelial._.X__11t (14 of 45) : Processed Fragments Chr (8 of 22), 0.961 mins elapsed.
2026-07-20 22:45:33.937944 : Group Endothelial._.X__3t (12 of 45) : Processed Fragments Chr (8 of 22), 0.965 mins elapsed.
2026-07-20 22:45:33.945466 : Group Fibroblast/HSC._.X__22t (16 of 45) : Processed Fragments Chr (8 of 22), 0.965 mins elapsed.
2026-07-20 22:45:34.107886 : Group Cycling._.X__pt29pre (9 of 45) : Processed Fragments Chr (8 of 22), 0.968 mins elapsed.
2026-07-20 22:45:34.125829 : Group Cycling._.X__17t (6 of 45) : Processed Fragments Chr (7 of 22), 0.968 mins elapsed.
2026-07-20 22:45:34.389852 : Group B/Plasma cell._.X__3t (4 of 45) : Processed Fragments Chr (10 of 22), 0.973 mins elapsed.
2026-07-20 22:45:34.417838 : Group Cycling._.X__13t (8 of 45) : Processed Fragments Chr (7 of 22), 0.973 mins elapsed.
2026-07-20 22:45:34.579026 : Group B/Plasma cell._.X__18t (2 of 45) : Processed Fragments Chr (11 of 22), 0.976 mins elapsed.
2026-07-20 22:45:34.700078 : Group Endothelial._.X__15t (13 of 45) : Processed Fragments Chr (9 of 22), 0.978 mins elapsed.
2026-07-20 22:45:35.127698 : Group Cycling._.X__1t (7 of 45) : Processed Fragments Chr (8 of 22), 0.985 mins elapsed.
2026-07-20 22:45:35.82068 : Group Endothelial._.X__16t (15 of 45) : Processed Fragments Chr (8 of 22), 0.997 mins elapsed.
2026-07-20 22:45:36.000259 : Group B/Plasma cell._.X__pt26pre (1 of 45) : Processed Fragments Chr (11 of 22), 1 mins elapsed.
2026-07-20 22:45:36.208637 : Group Cycling._.X__18t (10 of 45) : Processed Fragments Chr (10 of 22), 1.003 mins elapsed.
2026-07-20 22:45:37.452793 : Group B/Plasma cell._.X__3t (4 of 45) : Processed Fragments Chr (11 of 22), 1.024 mins elapsed.
2026-07-20 22:45:37.699552 : Group B/Plasma cell._.X__22t (5 of 45) : Processed Fragments Chr (9 of 22), 1.028 mins elapsed.
2026-07-20 22:45:37.715583 : Group B/Plasma cell._.X__13t (3 of 45) : Processed Fragments Chr (9 of 22), 1.028 mins elapsed.
2026-07-20 22:45:37.955716 : Group Endothelial._.X__11t (14 of 45) : Processed Fragments Chr (9 of 22), 1.032 mins elapsed.
2026-07-20 22:45:38.054464 : Group Fibroblast/HSC._.X__22t (16 of 45) : Processed Fragments Chr (9 of 22), 1.034 mins elapsed.
2026-07-20 22:45:38.606001 : Group Cycling._.X__pt29pre (9 of 45) : Processed Fragments Chr (9 of 22), 1.043 mins elapsed.
2026-07-20 22:45:38.618505 : Group Cycling._.X__13t (8 of 45) : Processed Fragments Chr (8 of 22), 1.043 mins elapsed.
2026-07-20 22:45:38.639957 : Group Endothelial._.X__3t (12 of 45) : Processed Fragments Chr (9 of 22), 1.044 mins elapsed.
2026-07-20 22:45:38.675183 : Group Endothelial._.X__22t (11 of 45) : Processed Fragments Chr (9 of 22), 1.044 mins elapsed.
2026-07-20 22:45:39.086507 : Group Cycling._.X__17t (6 of 45) : Processed Fragments Chr (8 of 22), 1.051 mins elapsed.
2026-07-20 22:45:39.347188 : Group Cycling._.X__18t (10 of 45) : Processed Fragments Chr (11 of 22), 1.055 mins elapsed.
2026-07-20 22:45:39.398996 : Group B/Plasma cell._.X__18t (2 of 45) : Processed Fragments Chr (12 of 22), 1.056 mins elapsed.
2026-07-20 22:45:39.66596 : Group B/Plasma cell._.X__pt26pre (1 of 45) : Processed Fragments Chr (12 of 22), 1.061 mins elapsed.
2026-07-20 22:45:39.693524 : Group Endothelial._.X__15t (13 of 45) : Processed Fragments Chr (10 of 22), 1.061 mins elapsed.
2026-07-20 22:45:40.111191 : Group Endothelial._.X__16t (15 of 45) : Processed Fragments Chr (9 of 22), 1.068 mins elapsed.
2026-07-20 22:45:40.874041 : Group B/Plasma cell._.X__3t (4 of 45) : Processed Fragments Chr (12 of 22), 1.081 mins elapsed.
2026-07-20 22:45:41.192869 : Group Cycling._.X__1t (7 of 45) : Processed Fragments Chr (9 of 22), 1.086 mins elapsed.
2026-07-20 22:45:41.327963 : Group B/Plasma cell._.X__22t (5 of 45) : Processed Fragments Chr (10 of 22), 1.088 mins elapsed.
2026-07-20 22:45:41.448374 : Group Fibroblast/HSC._.X__22t (16 of 45) : Processed Fragments Chr (10 of 22), 1.091 mins elapsed.
2026-07-20 22:45:41.881892 : Group Endothelial._.X__11t (14 of 45) : Processed Fragments Chr (10 of 22), 1.098 mins elapsed.
2026-07-20 22:45:42.216293 : Group B/Plasma cell._.X__13t (3 of 45) : Processed Fragments Chr (10 of 22), 1.103 mins elapsed.
2026-07-20 22:45:42.607536 : Group Endothelial._.X__22t (11 of 45) : Processed Fragments Chr (10 of 22), 1.11 mins elapsed.
2026-07-20 22:45:42.619832 : Group Endothelial._.X__3t (12 of 45) : Processed Fragments Chr (10 of 22), 1.11 mins elapsed.
2026-07-20 22:45:42.651797 : Group Cycling._.X__13t (8 of 45) : Processed Fragments Chr (9 of 22), 1.111 mins elapsed.
2026-07-20 22:45:42.685327 : Group Cycling._.X__pt29pre (9 of 45) : Processed Fragments Chr (10 of 22), 1.111 mins elapsed.
2026-07-20 22:45:43.025345 : Group Endothelial._.X__15t (13 of 45) : Processed Fragments Chr (11 of 22), 1.117 mins elapsed.
2026-07-20 22:45:43.440829 : Group B/Plasma cell._.X__18t (2 of 45) : Processed Fragments Chr (13 of 22), 1.124 mins elapsed.
2026-07-20 22:45:43.560875 : Group Cycling._.X__17t (6 of 45) : Processed Fragments Chr (9 of 22), 1.126 mins elapsed.
2026-07-20 22:45:43.765945 : Group B/Plasma cell._.X__pt26pre (1 of 45) : Processed Fragments Chr (13 of 22), 1.129 mins elapsed.
2026-07-20 22:45:43.806669 : Group Cycling._.X__18t (10 of 45) : Processed Fragments Chr (12 of 22), 1.13 mins elapsed.
2026-07-20 22:45:44.256897 : Group B/Plasma cell._.X__3t (4 of 45) : Processed Fragments Chr (13 of 22), 1.137 mins elapsed.
2026-07-20 22:45:44.546727 : Group Endothelial._.X__16t (15 of 45) : Processed Fragments Chr (10 of 22), 1.142 mins elapsed.
2026-07-20 22:45:44.914987 : Group Fibroblast/HSC._.X__22t (16 of 45) : Processed Fragments Chr (11 of 22), 1.148 mins elapsed.
2026-07-20 22:45:45.057948 : Group B/Plasma cell._.X__22t (5 of 45) : Processed Fragments Chr (11 of 22), 1.151 mins elapsed.
2026-07-20 22:45:45.416697 : Group Endothelial._.X__3t (12 of 45) : Processed Fragments Chr (11 of 22), 1.157 mins elapsed.
2026-07-20 22:45:46.166034 : Group Endothelial._.X__11t (14 of 45) : Processed Fragments Chr (11 of 22), 1.169 mins elapsed.
2026-07-20 22:45:46.465699 : Group Endothelial._.X__22t (11 of 45) : Processed Fragments Chr (11 of 22), 1.174 mins elapsed.
2026-07-20 22:45:46.683362 : Group B/Plasma cell._.X__pt26pre (1 of 45) : Processed Fragments Chr (14 of 22), 1.178 mins elapsed.
2026-07-20 22:45:47.02218 : Group Cycling._.X__pt29pre (9 of 45) : Processed Fragments Chr (11 of 22), 1.183 mins elapsed.
2026-07-20 22:45:47.233845 : Group B/Plasma cell._.X__18t (2 of 45) : Processed Fragments Chr (14 of 22), 1.187 mins elapsed.
2026-07-20 22:45:47.378967 : Group Cycling._.X__1t (7 of 45) : Processed Fragments Chr (10 of 22), 1.189 mins elapsed.
2026-07-20 22:45:47.415824 : Group B/Plasma cell._.X__3t (4 of 45) : Processed Fragments Chr (14 of 22), 1.19 mins elapsed.
2026-07-20 22:45:48.010541 : Group B/Plasma cell._.X__13t (3 of 45) : Processed Fragments Chr (11 of 22), 1.2 mins elapsed.
2026-07-20 22:45:48.046394 : Group Endothelial._.X__16t (15 of 45) : Processed Fragments Chr (11 of 22), 1.2 mins elapsed.
2026-07-20 22:45:48.171079 : Group Endothelial._.X__15t (13 of 45) : Processed Fragments Chr (12 of 22), 1.203 mins elapsed.
2026-07-20 22:45:48.948581 : Group Cycling._.X__17t (6 of 45) : Processed Fragments Chr (10 of 22), 1.216 mins elapsed.
2026-07-20 22:45:48.996363 : Group Cycling._.X__18t (10 of 45) : Processed Fragments Chr (13 of 22), 1.216 mins elapsed.
2026-07-20 22:45:49.185169 : Group Endothelial._.X__3t (12 of 45) : Processed Fragments Chr (12 of 22), 1.219 mins elapsed.
2026-07-20 22:45:49.472281 : Group B/Plasma cell._.X__22t (5 of 45) : Processed Fragments Chr (12 of 22), 1.224 mins elapsed.
2026-07-20 22:45:49.549096 : Group Fibroblast/HSC._.X__22t (16 of 45) : Processed Fragments Chr (12 of 22), 1.226 mins elapsed.
2026-07-20 22:45:49.872875 : Group B/Plasma cell._.X__pt26pre (1 of 45) : Processed Fragments Chr (15 of 22), 1.231 mins elapsed.
2026-07-20 22:45:49.910471 : Group B/Plasma cell._.X__3t (4 of 45) : Processed Fragments Chr (15 of 22), 1.232 mins elapsed.
2026-07-20 22:45:50.073145 : Group Endothelial._.X__11t (14 of 45) : Processed Fragments Chr (12 of 22), 1.234 mins elapsed.
2026-07-20 22:45:50.262495 : Group B/Plasma cell._.X__18t (2 of 45) : Processed Fragments Chr (15 of 22), 1.237 mins elapsed.
2026-07-20 22:45:50.33631 : Group Cycling._.X__13t (8 of 45) : Processed Fragments Chr (10 of 22), 1.239 mins elapsed.
2026-07-20 22:45:50.509995 : Group Endothelial._.X__22t (11 of 45) : Processed Fragments Chr (12 of 22), 1.242 mins elapsed.
2026-07-20 22:45:50.780198 : Group Cycling._.X__pt29pre (9 of 45) : Processed Fragments Chr (12 of 22), 1.246 mins elapsed.
2026-07-20 22:45:51.21046 : Group Cycling._.X__1t (7 of 45) : Processed Fragments Chr (11 of 22), 1.253 mins elapsed.
2026-07-20 22:45:51.77754 : Group Cycling._.X__18t (10 of 45) : Processed Fragments Chr (14 of 22), 1.263 mins elapsed.
2026-07-20 22:45:52.228456 : Group B/Plasma cell._.X__13t (3 of 45) : Processed Fragments Chr (12 of 22), 1.27 mins elapsed.
2026-07-20 22:45:52.268169 : Group Endothelial._.X__16t (15 of 45) : Processed Fragments Chr (12 of 22), 1.271 mins elapsed.
2026-07-20 22:45:52.374034 : Group B/Plasma cell._.X__3t (4 of 45) : Processed Fragments Chr (16 of 22), 1.273 mins elapsed.
2026-07-20 22:45:52.520346 : Group Cycling._.X__17t (6 of 45) : Processed Fragments Chr (11 of 22), 1.275 mins elapsed.
2026-07-20 22:45:53.405432 : Group B/Plasma cell._.X__18t (2 of 45) : Processed Fragments Chr (16 of 22), 1.29 mins elapsed.
2026-07-20 22:45:53.461288 : Group B/Plasma cell._.X__pt26pre (1 of 45) : Processed Fragments Chr (16 of 22), 1.291 mins elapsed.
2026-07-20 22:45:53.575628 : Group B/Plasma cell._.X__22t (5 of 45) : Processed Fragments Chr (13 of 22), 1.293 mins elapsed.
2026-07-20 22:45:53.937864 : Group Cycling._.X__13t (8 of 45) : Processed Fragments Chr (11 of 22), 1.299 mins elapsed.
2026-07-20 22:45:54.043759 : Group Cycling._.X__18t (10 of 45) : Processed Fragments Chr (15 of 22), 1.3 mins elapsed.
2026-07-20 22:45:54.140649 : Group Fibroblast/HSC._.X__22t (16 of 45) : Processed Fragments Chr (13 of 22), 1.302 mins elapsed.
2026-07-20 22:45:54.41356 : Group Endothelial._.X__15t (13 of 45) : Processed Fragments Chr (13 of 22), 1.307 mins elapsed.
2026-07-20 22:45:54.457732 : Group Endothelial._.X__3t (12 of 45) : Processed Fragments Chr (13 of 22), 1.307 mins elapsed.
2026-07-20 22:45:55.047387 : Group Cycling._.X__pt29pre (9 of 45) : Processed Fragments Chr (13 of 22), 1.317 mins elapsed.
2026-07-20 22:45:55.668794 : Group Endothelial._.X__22t (11 of 45) : Processed Fragments Chr (13 of 22), 1.328 mins elapsed.
2026-07-20 22:45:55.767113 : Group Cycling._.X__1t (7 of 45) : Processed Fragments Chr (12 of 22), 1.329 mins elapsed.
2026-07-20 22:45:55.784759 : Group B/Plasma cell._.X__3t (4 of 45) : Processed Fragments Chr (17 of 22), 1.329 mins elapsed.
2026-07-20 22:45:55.884113 : Group Endothelial._.X__11t (14 of 45) : Processed Fragments Chr (13 of 22), 1.331 mins elapsed.
2026-07-20 22:45:56.466842 : Group B/Plasma cell._.X__13t (3 of 45) : Processed Fragments Chr (13 of 22), 1.341 mins elapsed.
2026-07-20 22:45:56.642276 : Group Cycling._.X__18t (10 of 45) : Processed Fragments Chr (16 of 22), 1.344 mins elapsed.
2026-07-20 22:45:57.108701 : Group B/Plasma cell._.X__pt26pre (1 of 45) : Processed Fragments Chr (17 of 22), 1.352 mins elapsed.
2026-07-20 22:45:57.396202 : Group B/Plasma cell._.X__18t (2 of 45) : Processed Fragments Chr (17 of 22), 1.356 mins elapsed.
2026-07-20 22:45:57.513893 : Group Endothelial._.X__3t (12 of 45) : Processed Fragments Chr (14 of 22), 1.358 mins elapsed.
2026-07-20 22:45:57.963154 : Group B/Plasma cell._.X__22t (5 of 45) : Processed Fragments Chr (14 of 22), 1.366 mins elapsed.
2026-07-20 22:45:57.973606 : Group Fibroblast/HSC._.X__22t (16 of 45) : Processed Fragments Chr (14 of 22), 1.366 mins elapsed.
2026-07-20 22:45:58.113691 : Group Cycling._.X__17t (6 of 45) : Processed Fragments Chr (12 of 22), 1.368 mins elapsed.
2026-07-20 22:45:58.381185 : Group Cycling._.X__pt29pre (9 of 45) : Processed Fragments Chr (14 of 22), 1.373 mins elapsed.
2026-07-20 22:45:58.48637 : Group B/Plasma cell._.X__3t (4 of 45) : Processed Fragments Chr (18 of 22), 1.374 mins elapsed.
2026-07-20 22:45:58.886112 : Group Endothelial._.X__22t (11 of 45) : Processed Fragments Chr (14 of 22), 1.381 mins elapsed.
2026-07-20 22:45:59.062382 : Group Endothelial._.X__16t (15 of 45) : Processed Fragments Chr (13 of 22), 1.384 mins elapsed.
2026-07-20 22:45:59.202197 : Group Cycling._.X__13t (8 of 45) : Processed Fragments Chr (12 of 22), 1.386 mins elapsed.
2026-07-20 22:45:59.26955 : Group Endothelial._.X__15t (13 of 45) : Processed Fragments Chr (14 of 22), 1.388 mins elapsed.
2026-07-20 22:45:59.559334 : Group B/Plasma cell._.X__13t (3 of 45) : Processed Fragments Chr (14 of 22), 1.392 mins elapsed.
2026-07-20 22:46:00.047133 : Group Endothelial._.X__3t (12 of 45) : Processed Fragments Chr (15 of 22), 1.4 mins elapsed.
2026-07-20 22:46:00.148905 : Group B/Plasma cell._.X__18t (2 of 45) : Processed Fragments Chr (18 of 22), 1.402 mins elapsed.
2026-07-20 22:46:00.32198 : Group Endothelial._.X__11t (14 of 45) : Processed Fragments Chr (14 of 22), 1.405 mins elapsed.
2026-07-20 22:46:00.476485 : Group B/Plasma cell._.X__pt26pre (1 of 45) : Processed Fragments Chr (18 of 22), 1.408 mins elapsed.
2026-07-20 22:46:00.527512 : Group Cycling._.X__1t (7 of 45) : Processed Fragments Chr (13 of 22), 1.408 mins elapsed.
2026-07-20 22:46:01.230023 : Group Cycling._.X__pt29pre (9 of 45) : Processed Fragments Chr (15 of 22), 1.42 mins elapsed.
2026-07-20 22:46:01.238087 : Group Cycling._.X__18t (10 of 45) : Processed Fragments Chr (17 of 22), 1.42 mins elapsed.
2026-07-20 22:46:01.287698 : Group B/Plasma cell._.X__3t (4 of 45) : Processed Fragments Chr (19 of 22), 1.421 mins elapsed.
2026-07-20 22:46:01.294108 : Group B/Plasma cell._.X__22t (5 of 45) : Processed Fragments Chr (15 of 22), 1.421 mins elapsed.
2026-07-20 22:46:01.671513 : Group B/Plasma cell._.X__13t (3 of 45) : Processed Fragments Chr (15 of 22), 1.428 mins elapsed.
2026-07-20 22:46:01.696682 : Group Endothelial._.X__22t (11 of 45) : Processed Fragments Chr (15 of 22), 1.428 mins elapsed.
2026-07-20 22:46:02.12045 : Group Fibroblast/HSC._.X__22t (16 of 45) : Processed Fragments Chr (15 of 22), 1.435 mins elapsed.
2026-07-20 22:46:02.887326 : Group Endothelial._.X__3t (12 of 45) : Processed Fragments Chr (16 of 22), 1.448 mins elapsed.
2026-07-20 22:46:02.88885 : Group Cycling._.X__17t (6 of 45) : Processed Fragments Chr (13 of 22), 1.448 mins elapsed.
2026-07-20 22:46:03.009453 : Group Endothelial._.X__11t (14 of 45) : Processed Fragments Chr (15 of 22), 1.45 mins elapsed.
2026-07-20 22:46:03.399612 : Group Endothelial._.X__15t (13 of 45) : Processed Fragments Chr (15 of 22), 1.456 mins elapsed.
2026-07-20 22:46:03.479413 : Group Endothelial._.X__16t (15 of 45) : Processed Fragments Chr (14 of 22), 1.458 mins elapsed.
2026-07-20 22:46:04.063815 : Group B/Plasma cell._.X__3t (4 of 45) : Processed Fragments Chr (20 of 22), 1.467 mins elapsed.
2026-07-20 22:46:04.181887 : Group B/Plasma cell._.X__18t (2 of 45) : Processed Fragments Chr (19 of 22), 1.469 mins elapsed.
2026-07-20 22:46:04.458799 : Group Cycling._.X__18t (10 of 45) : Processed Fragments Chr (18 of 22), 1.474 mins elapsed.
2026-07-20 22:46:04.846148 : Group B/Plasma cell._.X__13t (3 of 45) : Processed Fragments Chr (16 of 22), 1.48 mins elapsed.
2026-07-20 22:46:04.872517 : Group Cycling._.X__13t (8 of 45) : Processed Fragments Chr (13 of 22), 1.481 mins elapsed.
2026-07-20 22:46:04.879358 : Group B/Plasma cell._.X__pt26pre (1 of 45) : Processed Fragments Chr (19 of 22), 1.481 mins elapsed.
2026-07-20 22:46:05.216377 : Group Cycling._.X__pt29pre (9 of 45) : Processed Fragments Chr (16 of 22), 1.487 mins elapsed.
2026-07-20 22:46:05.42458 : Group B/Plasma cell._.X__22t (5 of 45) : Processed Fragments Chr (16 of 22), 1.49 mins elapsed.
2026-07-20 22:46:05.585139 : Group Cycling._.X__1t (7 of 45) : Processed Fragments Chr (14 of 22), 1.493 mins elapsed.
2026-07-20 22:46:06.00075 : Group Endothelial._.X__22t (11 of 45) : Processed Fragments Chr (16 of 22), 1.5 mins elapsed.
2026-07-20 22:46:06.572851 : Group Fibroblast/HSC._.X__22t (16 of 45) : Processed Fragments Chr (16 of 22), 1.509 mins elapsed.
2026-07-20 22:46:06.803357 : Group B/Plasma cell._.X__3t (4 of 45) : Processed Fragments Chr (21 of 22), 1.513 mins elapsed.
2026-07-20 22:46:06.803768 : Group Cycling._.X__17t (6 of 45) : Processed Fragments Chr (14 of 22), 1.513 mins elapsed.
2026-07-20 22:46:06.934598 : Group Endothelial._.X__11t (14 of 45) : Processed Fragments Chr (16 of 22), 1.515 mins elapsed.
2026-07-20 22:46:07.085288 : Group Endothelial._.X__16t (15 of 45) : Processed Fragments Chr (15 of 22), 1.518 mins elapsed.
2026-07-20 22:46:07.614769 : Group Endothelial._.X__15t (13 of 45) : Processed Fragments Chr (16 of 22), 1.527 mins elapsed.
2026-07-20 22:46:08.187929 : Group Cycling._.X__18t (10 of 45) : Processed Fragments Chr (19 of 22), 1.536 mins elapsed.
2026-07-20 22:46:08.488303 : Group Endothelial._.X__3t (12 of 45) : Processed Fragments Chr (17 of 22), 1.541 mins elapsed.
2026-07-20 22:46:08.50056 : Group B/Plasma cell._.X__18t (2 of 45) : Processed Fragments Chr (20 of 22), 1.541 mins elapsed.
2026-07-20 22:46:08.582361 : Group B/Plasma cell._.X__pt26pre (1 of 45) : Processed Fragments Chr (20 of 22), 1.543 mins elapsed.
2026-07-20 22:46:08.719227 : Group B/Plasma cell._.X__13t (3 of 45) : Processed Fragments Chr (17 of 22), 1.545 mins elapsed.
2026-07-20 22:46:08.873403 : Group B/Plasma cell._.X__22t (5 of 45) : Processed Fragments Chr (17 of 22), 1.548 mins elapsed.
2026-07-20 22:46:08.975079 : Group Cycling._.X__1t (7 of 45) : Processed Fragments Chr (15 of 22), 1.549 mins elapsed.
2026-07-20 22:46:09.025299 : Group Cycling._.X__13t (8 of 45) : Processed Fragments Chr (14 of 22), 1.55 mins elapsed.
2026-07-20 22:46:09.340466 : Group Cycling._.X__pt29pre (9 of 45) : Processed Fragments Chr (17 of 22), 1.555 mins elapsed.
2026-07-20 22:46:09.460365 : Group Cycling._.X__17t (6 of 45) : Processed Fragments Chr (15 of 22), 1.557 mins elapsed.
2026-07-20 22:46:10.28256 : Group Endothelial._.X__22t (11 of 45) : Processed Fragments Chr (17 of 22), 1.571 mins elapsed.
2026-07-20 22:46:10.514802 : Group B/Plasma cell._.X__3t (4 of 45) : Processed Fragments Chr (22 of 22), 1.575 mins elapsed.
2026-07-20 22:46:10.801017 : Group Fibroblast/HSC._.X__22t (16 of 45) : Processed Fragments Chr (17 of 22), 1.58 mins elapsed.
2026-07-20 22:46:11.013629 : Group Endothelial._.X__16t (15 of 45) : Processed Fragments Chr (16 of 22), 1.583 mins elapsed.
2026-07-20 22:46:11.553125 : Group B/Plasma cell._.X__22t (5 of 45) : Processed Fragments Chr (18 of 22), 1.592 mins elapsed.
2026-07-20 22:46:11.79006 : Group Cycling._.X__13t (8 of 45) : Processed Fragments Chr (15 of 22), 1.596 mins elapsed.
2026-07-20 22:46:11.95742 : Group B/Plasma cell._.X__13t (3 of 45) : Processed Fragments Chr (18 of 22), 1.599 mins elapsed.
2026-07-20 22:46:12.014786 : Group Endothelial._.X__11t (14 of 45) : Processed Fragments Chr (17 of 22), 1.6 mins elapsed.
2026-07-20 22:46:12.546585 : Group B/Plasma cell._.X__pt26pre (1 of 45) : Processed Fragments Chr (21 of 22), 1.609 mins elapsed.
2026-07-20 22:46:12.694535 : Group Cycling._.X__1t (7 of 45) : Processed Fragments Chr (16 of 22), 1.611 mins elapsed.
2026-07-20 22:46:13.166849 : Group Cycling._.X__17t (6 of 45) : Processed Fragments Chr (16 of 22), 1.619 mins elapsed.
2026-07-20 22:46:13.278362 : Group Endothelial._.X__15t (13 of 45) : Processed Fragments Chr (17 of 22), 1.621 mins elapsed.
2026-07-20 22:46:13.539151 : Group Endothelial._.X__3t (12 of 45) : Processed Fragments Chr (18 of 22), 1.625 mins elapsed.
2026-07-20 22:46:13.774455 : Group Fibroblast/HSC._.X__3t (17 of 45) : Creating Group Coverage File : Fibroblast.HSC._.X__3t.insertions.coverage.h5, 1.629 mins elapsed.

2026-07-20 22:46:13.777093 : Group Fibroblast/HSC._.X__3t (17 of 45) : cellGroupi, Class = character

Group Fibroblast/HSC._.X__3t (17 of 45) : cellGroupi: length = 559
[1] "X__3t#AAACAGCCATTTAAGC-1" "X__3t#AAACGCGCAAGCTAAA-1" "X__3t#AAACGTACAGCAAGAT-1" "X__3t#AAAGCCGCATATAACC-1" "X__3t#AAATGGCCAACAGGAT-1" "X__3t#AACAAGCCACCTAAGC-1"



2026-07-20 22:46:13.780114 : Number of Cells = 559

2026-07-20 22:46:13.819846 : Coverage File Exists!

2026-07-20 22:46:13.825362 : Added Coverage Group

2026-07-20 22:46:13.829111 : Added Metadata Group

2026-07-20 22:46:13.848531 : Added ArrowCoverage Class

2026-07-20 22:46:13.852507 : Added Coverage/Info
2026-07-20 22:46:13.858688 : Group B/Plasma cell._.X__18t (2 of 45) : Processed Fragments Chr (21 of 22), 1.631 mins elapsed.
2026-07-20 22:46:13.870632 : Group Cycling._.X__pt29pre (9 of 45) : Processed Fragments Chr (18 of 22), 1.631 mins elapsed.

2026-07-20 22:46:14.122515 : Added Coverage/Info/CellNames
2026-07-20 22:46:14.12363 : Group Fibroblast/HSC._.X__3t (17 of 45) : Processed Fragments Chr (1 of 22), 1.635 mins elapsed.
2026-07-20 22:46:14.137957 : Group Fibroblast/HSC._.X__22t (16 of 45) : Processed Fragments Chr (18 of 22), 1.635 mins elapsed.
2026-07-20 22:46:14.29275 : Group B/Plasma cell._.X__22t (5 of 45) : Processed Fragments Chr (19 of 22), 1.638 mins elapsed.
2026-07-20 22:46:14.619691 : Group Endothelial._.X__22t (11 of 45) : Processed Fragments Chr (18 of 22), 1.643 mins elapsed.
2026-07-20 22:46:14.681396 : Group Cycling._.X__13t (8 of 45) : Processed Fragments Chr (16 of 22), 1.644 mins elapsed.
2026-07-20 22:46:14.864302 : Group Cycling._.X__18t (10 of 45) : Processed Fragments Chr (20 of 22), 1.647 mins elapsed.
2026-07-20 22:46:15.242034 : Group B/Plasma cell._.X__pt26pre (1 of 45) : Processed Fragments Chr (22 of 22), 1.654 mins elapsed.
2026-07-20 22:46:15.291654 : Group B/Plasma cell._.X__13t (3 of 45) : Processed Fragments Chr (19 of 22), 1.655 mins elapsed.
2026-07-20 22:46:16.434126 : Group Cycling._.X__1t (7 of 45) : Processed Fragments Chr (17 of 22), 1.674 mins elapsed.
2026-07-20 22:46:16.609225 : Group Endothelial._.X__11t (14 of 45) : Processed Fragments Chr (18 of 22), 1.677 mins elapsed.
2026-07-20 22:46:16.646235 : Group Endothelial._.X__16t (15 of 45) : Processed Fragments Chr (17 of 22), 1.677 mins elapsed.
2026-07-20 22:46:17.093789 : Group Cycling._.X__17t (6 of 45) : Processed Fragments Chr (17 of 22), 1.685 mins elapsed.
2026-07-20 22:46:17.172641 : Group B/Plasma cell._.X__18t (2 of 45) : Processed Fragments Chr (22 of 22), 1.686 mins elapsed.
2026-07-20 22:46:17.677915 : Group B/Plasma cell._.X__22t (5 of 45) : Processed Fragments Chr (20 of 22), 1.694 mins elapsed.
2026-07-20 22:46:17.927273 : Group Cycling._.X__pt29pre (9 of 45) : Processed Fragments Chr (19 of 22), 1.698 mins elapsed.
2026-07-20 22:46:18.11439 : Group Fibroblast/HSC._.X__11t (18 of 45) : Creating Group Coverage File : Fibroblast.HSC._.X__11t.insertions.coverage.h5, 1.702 mins elapsed.

2026-07-20 22:46:18.116941 : Group Fibroblast/HSC._.X__11t (18 of 45) : cellGroupi, Class = character

Group Fibroblast/HSC._.X__11t (18 of 45) : cellGroupi: length = 541
[1] "X__11t#AAACAGCCAAACCTAT-1" "X__11t#AAACAGCCAGGAACTG-1" "X__11t#AAACCAACACAGCCTG-1" "X__11t#AAAGCAAGTAAATTGC-1" "X__11t#AAAGCGGGTCCGGTTC-1" "X__11t#AAAGCTTGTTTGCGAA-1"



2026-07-20 22:46:18.120083 : Number of Cells = 541

2026-07-20 22:46:18.130362 : Coverage File Exists!

2026-07-20 22:46:18.135786 : Added Coverage Group

2026-07-20 22:46:18.139508 : Added Metadata Group

2026-07-20 22:46:18.157584 : Added ArrowCoverage Class

2026-07-20 22:46:18.161131 : Added Coverage/Info
2026-07-20 22:46:18.256414 : Group Endothelial._.X__15t (13 of 45) : Processed Fragments Chr (18 of 22), 1.704 mins elapsed.
2026-07-20 22:46:18.333973 : Group Fibroblast/HSC._.X__22t (16 of 45) : Processed Fragments Chr (19 of 22), 1.705 mins elapsed.

2026-07-20 22:46:18.438377 : Added Coverage/Info/CellNames
2026-07-20 22:46:18.439139 : Group Fibroblast/HSC._.X__11t (18 of 45) : Processed Fragments Chr (1 of 22), 1.707 mins elapsed.
2026-07-20 22:46:18.559791 : Group B/Plasma cell._.X__13t (3 of 45) : Processed Fragments Chr (20 of 22), 1.709 mins elapsed.
2026-07-20 22:46:18.642565 : Group Cycling._.X__18t (10 of 45) : Processed Fragments Chr (21 of 22), 1.71 mins elapsed.
2026-07-20 22:46:18.956966 : Group Endothelial._.X__3t (12 of 45) : Processed Fragments Chr (19 of 22), 1.716 mins elapsed.
2026-07-20 22:46:19.001477 : Group Fibroblast/HSC._.X__3t (17 of 45) : Processed Fragments Chr (2 of 22), 1.716 mins elapsed.
2026-07-20 22:46:19.571895 : Group Endothelial._.X__22t (11 of 45) : Processed Fragments Chr (19 of 22), 1.726 mins elapsed.
2026-07-20 22:46:19.64631 : Group Cycling._.X__13t (8 of 45) : Processed Fragments Chr (17 of 22), 1.727 mins elapsed.
2026-07-20 22:46:20.319511 : Group Cycling._.X__1t (7 of 45) : Processed Fragments Chr (18 of 22), 1.738 mins elapsed.
2026-07-20 22:46:20.811238 : Group Fibroblast/HSC._.X__13t (19 of 45) : Creating Group Coverage File : Fibroblast.HSC._.X__13t.insertions.coverage.h5, 1.747 mins elapsed.

2026-07-20 22:46:20.813363 : Group Fibroblast/HSC._.X__13t (19 of 45) : cellGroupi, Class = character

Group Fibroblast/HSC._.X__13t (19 of 45) : cellGroupi: length = 372
[1] "X__13t#AAAGCACCAGGCTAAG-1" "X__13t#AAAGCCCGTACCGAAC-1" "X__13t#AAAGCTTGTCATAAGT-1" "X__13t#AAAGGTTAGCACAGAA-1" "X__13t#AAAGGTTAGGCAAGTA-1" "X__13t#AACCTCACACGGTTTA-1"



2026-07-20 22:46:20.816339 : Number of Cells = 372

2026-07-20 22:46:20.826395 : Coverage File Exists!

2026-07-20 22:46:20.831329 : Added Coverage Group

2026-07-20 22:46:20.834671 : Added Metadata Group

2026-07-20 22:46:20.852037 : Added ArrowCoverage Class

2026-07-20 22:46:20.855234 : Added Coverage/Info
2026-07-20 22:46:20.915577 : Group B/Plasma cell._.X__22t (5 of 45) : Processed Fragments Chr (21 of 22), 1.748 mins elapsed.
2026-07-20 22:46:20.999652 : Group Cycling._.X__17t (6 of 45) : Processed Fragments Chr (18 of 22), 1.75 mins elapsed.

2026-07-20 22:46:21.128113 : Added Coverage/Info/CellNames
2026-07-20 22:46:21.128835 : Group Fibroblast/HSC._.X__13t (19 of 45) : Processed Fragments Chr (1 of 22), 1.752 mins elapsed.
2026-07-20 22:46:21.226406 : Group Endothelial._.X__11t (14 of 45) : Processed Fragments Chr (19 of 22), 1.753 mins elapsed.
2026-07-20 22:46:21.553355 : Group Cycling._.X__pt29pre (9 of 45) : Processed Fragments Chr (20 of 22), 1.759 mins elapsed.
2026-07-20 22:46:21.796737 : Group Fibroblast/HSC._.X__22t (16 of 45) : Processed Fragments Chr (20 of 22), 1.763 mins elapsed.
2026-07-20 22:46:22.212526 : Group B/Plasma cell._.X__13t (3 of 45) : Processed Fragments Chr (21 of 22), 1.77 mins elapsed.
2026-07-20 22:46:22.27731 : Group Endothelial._.X__16t (15 of 45) : Processed Fragments Chr (18 of 22), 1.771 mins elapsed.
2026-07-20 22:46:22.52406 : Group Fibroblast/HSC._.X__11t (18 of 45) : Processed Fragments Chr (2 of 22), 1.775 mins elapsed.
2026-07-20 22:46:22.907115 : Group Endothelial._.X__15t (13 of 45) : Processed Fragments Chr (19 of 22), 1.781 mins elapsed.
2026-07-20 22:46:23.061009 : Group Cycling._.X__18t (10 of 45) : Processed Fragments Chr (22 of 22), 1.784 mins elapsed.
2026-07-20 22:46:23.314513 : Group Cycling._.X__13t (8 of 45) : Processed Fragments Chr (18 of 22), 1.788 mins elapsed.
2026-07-20 22:46:23.520431 : Group B/Plasma cell._.X__22t (5 of 45) : Processed Fragments Chr (22 of 22), 1.792 mins elapsed.
2026-07-20 22:46:24.104634 : Group Endothelial._.X__22t (11 of 45) : Processed Fragments Chr (20 of 22), 1.801 mins elapsed.
2026-07-20 22:46:24.182883 : Group Cycling._.X__1t (7 of 45) : Processed Fragments Chr (19 of 22), 1.803 mins elapsed.
2026-07-20 22:46:24.570427 : Group Fibroblast/HSC._.X__3t (17 of 45) : Processed Fragments Chr (3 of 22), 1.809 mins elapsed.
2026-07-20 22:46:24.664632 : Group Cycling._.X__17t (6 of 45) : Processed Fragments Chr (19 of 22), 1.811 mins elapsed.
2026-07-20 22:46:24.972793 : Group B/Plasma cell._.X__13t (3 of 45) : Processed Fragments Chr (22 of 22), 1.816 mins elapsed.
2026-07-20 22:46:25.023221 : Group Fibroblast/HSC._.X__11t (18 of 45) : Processed Fragments Chr (3 of 22), 1.817 mins elapsed.
2026-07-20 22:46:25.041418 : Group Fibroblast/HSC._.X__22t (16 of 45) : Processed Fragments Chr (21 of 22), 1.817 mins elapsed.
2026-07-20 22:46:25.26775 : Group Endothelial._.X__3t (12 of 45) : Processed Fragments Chr (20 of 22), 1.821 mins elapsed.
2026-07-20 22:46:26.013697 : Group Endothelial._.X__11t (14 of 45) : Processed Fragments Chr (20 of 22), 1.833 mins elapsed.
2026-07-20 22:46:26.134799 : Group Cycling._.X__pt29pre (9 of 45) : Processed Fragments Chr (21 of 22), 1.835 mins elapsed.
2026-07-20 22:46:26.170954 : Group Fibroblast/HSC._.X__15t (20 of 45) : Creating Group Coverage File : Fibroblast.HSC._.X__15t.insertions.coverage.h5, 1.836 mins elapsed.

2026-07-20 22:46:26.172934 : Group Fibroblast/HSC._.X__15t (20 of 45) : cellGroupi, Class = character

Group Fibroblast/HSC._.X__15t (20 of 45) : cellGroupi: length = 317
[1] "X__15t#AAACCAACATAGACCC-1" "X__15t#AAACCGAAGAGGAGTC-1" "X__15t#AAACCGGCATCATGTG-1" "X__15t#AAAGCAAGTTGCAATG-1" "X__15t#AAAGCCGCAGTAGGTG-1" "X__15t#AAAGCTTGTTAACGGC-1"



2026-07-20 22:46:26.176159 : Number of Cells = 317

2026-07-20 22:46:26.18671 : Coverage File Exists!

2026-07-20 22:46:26.191989 : Added Coverage Group

2026-07-20 22:46:26.195397 : Added Metadata Group

2026-07-20 22:46:26.213959 : Added ArrowCoverage Class

2026-07-20 22:46:26.217731 : Added Coverage/Info

2026-07-20 22:46:26.494608 : Added Coverage/Info/CellNames
2026-07-20 22:46:26.495408 : Group Fibroblast/HSC._.X__15t (20 of 45) : Processed Fragments Chr (1 of 22), 1.841 mins elapsed.
2026-07-20 22:46:27.222082 : Group Endothelial._.X__15t (13 of 45) : Processed Fragments Chr (20 of 22), 1.853 mins elapsed.
2026-07-20 22:46:27.551644 : Group Hepatocyte._.X__17t (21 of 45) : Creating Group Coverage File : Hepatocyte._.X__17t.insertions.coverage.h5, 1.859 mins elapsed.

2026-07-20 22:46:27.565549 : Group Hepatocyte._.X__17t (21 of 45) : cellGroupi, Class = character

Group Hepatocyte._.X__17t (21 of 45) : cellGroupi: length = 3489
[1] "X__17t#AGTTACTCATTAAGCT-1" "X__17t#GCCCTCATCCGTTATT-1" "X__17t#TTGTTCCCAACGTGCT-1" "X__17t#GAGTGATCACAGAAAC-1" "X__17t#TGTTTGTTCCCTGGTT-1" "X__17t#TGCATTAAGTATGTGC-1"



2026-07-20 22:46:27.569039 : Number of Cells = 3489

2026-07-20 22:46:27.579742 : Coverage File Exists!

2026-07-20 22:46:27.585044 : Added Coverage Group

2026-07-20 22:46:27.588446 : Added Metadata Group
2026-07-20 22:46:27.5939 : Group Fibroblast/HSC._.X__13t (19 of 45) : Processed Fragments Chr (2 of 22), 1.86 mins elapsed.

2026-07-20 22:46:27.605722 : Added ArrowCoverage Class

2026-07-20 22:46:27.609099 : Added Coverage/Info
2026-07-20 22:46:27.697873 : Group Endothelial._.X__16t (15 of 45) : Processed Fragments Chr (19 of 22), 1.861 mins elapsed.

2026-07-20 22:46:27.8932 : Added Coverage/Info/CellNames
2026-07-20 22:46:27.893972 : Group Hepatocyte._.X__17t (21 of 45) : Processed Fragments Chr (1 of 22), 1.865 mins elapsed.
2026-07-20 22:46:28.188567 : Group Hepatocyte._.X__13t (22 of 45) : Creating Group Coverage File : Hepatocyte._.X__13t.insertions.coverage.h5, 1.869 mins elapsed.

2026-07-20 22:46:28.199204 : Group Hepatocyte._.X__13t (22 of 45) : cellGroupi, Class = character

Group Hepatocyte._.X__13t (22 of 45) : cellGroupi: length = 2629
[1] "X__13t#GTTTCTAGTTAATCGG-1" "X__13t#CGCATTTGTATGTGGC-1" "X__13t#GATGCGACAATACTGT-1" "X__13t#CCACAATAGGTGAGAC-1" "X__13t#CTCCATCAGTAGCGGG-1" "X__13t#ATGAAGTAGGAGTAAT-1"



2026-07-20 22:46:28.202305 : Number of Cells = 2629

2026-07-20 22:46:28.212258 : Coverage File Exists!

2026-07-20 22:46:28.219981 : Added Coverage Group

2026-07-20 22:46:28.224166 : Added Metadata Group

2026-07-20 22:46:28.243764 : Added ArrowCoverage Class

2026-07-20 22:46:28.247906 : Added Coverage/Info
2026-07-20 22:46:28.262725 : Group Cycling._.X__13t (8 of 45) : Processed Fragments Chr (19 of 22), 1.871 mins elapsed.
2026-07-20 22:46:28.447166 : Group Fibroblast/HSC._.X__11t (18 of 45) : Processed Fragments Chr (4 of 22), 1.874 mins elapsed.

2026-07-20 22:46:28.504646 : Added Coverage/Info/CellNames
2026-07-20 22:46:28.505417 : Group Hepatocyte._.X__13t (22 of 45) : Processed Fragments Chr (1 of 22), 1.875 mins elapsed.
2026-07-20 22:46:28.54045 : Group Endothelial._.X__22t (11 of 45) : Processed Fragments Chr (21 of 22), 1.875 mins elapsed.
2026-07-20 22:46:28.644032 : Group Cycling._.X__17t (6 of 45) : Processed Fragments Chr (20 of 22), 1.877 mins elapsed.
2026-07-20 22:46:28.844217 : Group Fibroblast/HSC._.X__22t (16 of 45) : Processed Fragments Chr (22 of 22), 1.88 mins elapsed.
2026-07-20 22:46:29.212806 : Group Cycling._.X__1t (7 of 45) : Processed Fragments Chr (20 of 22), 1.887 mins elapsed.
2026-07-20 22:46:29.424701 : Group Fibroblast/HSC._.X__3t (17 of 45) : Processed Fragments Chr (4 of 22), 1.89 mins elapsed.
2026-07-20 22:46:29.810467 : Group Endothelial._.X__3t (12 of 45) : Processed Fragments Chr (21 of 22), 1.897 mins elapsed.
2026-07-20 22:46:30.171553 : Group Cycling._.X__pt29pre (9 of 45) : Processed Fragments Chr (22 of 22), 1.903 mins elapsed.
2026-07-20 22:46:30.238469 : Group Endothelial._.X__11t (14 of 45) : Processed Fragments Chr (21 of 22), 1.904 mins elapsed.
2026-07-20 22:46:30.955932 : Group Endothelial._.X__15t (13 of 45) : Processed Fragments Chr (21 of 22), 1.916 mins elapsed.
2026-07-20 22:46:31.008233 : Group Fibroblast/HSC._.X__15t (20 of 45) : Processed Fragments Chr (2 of 22), 1.916 mins elapsed.
2026-07-20 22:46:32.036124 : Group Fibroblast/HSC._.X__11t (18 of 45) : Processed Fragments Chr (5 of 22), 1.934 mins elapsed.
2026-07-20 22:46:32.36644 : Group Fibroblast/HSC._.X__13t (19 of 45) : Processed Fragments Chr (3 of 22), 1.939 mins elapsed.
2026-07-20 22:46:32.400181 : Group Cycling._.X__17t (6 of 45) : Processed Fragments Chr (21 of 22), 1.94 mins elapsed.
2026-07-20 22:46:33.170178 : Group Cycling._.X__1t (7 of 45) : Processed Fragments Chr (21 of 22), 1.953 mins elapsed.
2026-07-20 22:46:33.428714 : Group Endothelial._.X__22t (11 of 45) : Processed Fragments Chr (22 of 22), 1.957 mins elapsed.
2026-07-20 22:46:33.51893 : Group Hepatocyte._.X__1t (23 of 45) : Creating Group Coverage File : Hepatocyte._.X__1t.insertions.coverage.h5, 1.958 mins elapsed.

2026-07-20 22:46:33.535191 : Group Hepatocyte._.X__1t (23 of 45) : cellGroupi, Class = character

Group Hepatocyte._.X__1t (23 of 45) : cellGroupi: length = 4154
[1] "X__1t#TCGTTACGTTATAGCG-1" "X__1t#GATTTGCAGTATGTGC-1" "X__1t#GGTTACCCAGGCTAGA-1" "X__1t#TTATGACCAGCACGTT-1" "X__1t#GCGCCTTGTTAGGCGT-1" "X__1t#AGAGATTAGTTATGGC-1"



2026-07-20 22:46:33.538453 : Number of Cells = 4154

2026-07-20 22:46:33.550385 : Coverage File Exists!

2026-07-20 22:46:33.555426 : Added Coverage Group

2026-07-20 22:46:33.558731 : Added Metadata Group

2026-07-20 22:46:33.576174 : Added ArrowCoverage Class
2026-07-20 22:46:33.673694 : Group Hepatocyte._.X__pt29pre (24 of 45) : Creating Group Coverage File : Hepatocyte._.X__pt29pre.insertions.coverage.h5, 1.961 mins elapsed.

2026-07-20 22:46:33.692224 : Group Hepatocyte._.X__pt29pre (24 of 45) : cellGroupi, Class = character

Group Hepatocyte._.X__pt29pre (24 of 45) : cellGroupi: length = 3889
[1] "X__pt29pre#TGGCTATAGCACTTGG-1" "X__pt29pre#ATGAAGCCAACTCGCG-1" "X__pt29pre#CTATGAGGTATTGGAT-1" "X__pt29pre#GGGCCTAGTAATCGCA-1" "X__pt29pre#AAGCGGGTCCGGTATG-1" "X__pt29pre#AATGGCGCACTGGCCA-1"



2026-07-20 22:46:33.695528 : Number of Cells = 3889

2026-07-20 22:46:33.705686 : Coverage File Exists!

2026-07-20 22:46:33.710718 : Added Coverage Group

2026-07-20 22:46:33.713968 : Added Metadata Group

2026-07-20 22:46:33.73345 : Added ArrowCoverage Class

2026-07-20 22:46:33.833751 : Added Coverage/Info

2026-07-20 22:46:33.862396 : Added Coverage/Info/CellNames
2026-07-20 22:46:33.863122 : Group Hepatocyte._.X__1t (23 of 45) : Processed Fragments Chr (1 of 22), 1.964 mins elapsed.
2026-07-20 22:46:33.925799 : Group Cycling._.X__13t (8 of 45) : Processed Fragments Chr (20 of 22), 1.965 mins elapsed.
2026-07-20 22:46:33.95666 : Group Endothelial._.X__3t (12 of 45) : Processed Fragments Chr (22 of 22), 1.966 mins elapsed.

2026-07-20 22:46:34.001912 : Added Coverage/Info

2026-07-20 22:46:34.030493 : Added Coverage/Info/CellNames
2026-07-20 22:46:34.031279 : Group Hepatocyte._.X__pt29pre (24 of 45) : Processed Fragments Chr (1 of 22), 1.967 mins elapsed.
2026-07-20 22:46:34.054371 : Group Endothelial._.X__16t (15 of 45) : Processed Fragments Chr (20 of 22), 1.967 mins elapsed.
2026-07-20 22:46:34.175478 : Group Fibroblast/HSC._.X__3t (17 of 45) : Processed Fragments Chr (5 of 22), 1.969 mins elapsed.
2026-07-20 22:46:34.604495 : Group Fibroblast/HSC._.X__11t (18 of 45) : Processed Fragments Chr (6 of 22), 1.976 mins elapsed.
2026-07-20 22:46:34.875517 : Group Endothelial._.X__11t (14 of 45) : Processed Fragments Chr (22 of 22), 1.981 mins elapsed.
2026-07-20 22:46:35.114789 : Group Fibroblast/HSC._.X__15t (20 of 45) : Processed Fragments Chr (3 of 22), 1.985 mins elapsed.
2026-07-20 22:46:35.566726 : Group Cycling._.X__17t (6 of 45) : Processed Fragments Chr (22 of 22), 1.992 mins elapsed.
2026-07-20 22:46:35.691207 : Group Endothelial._.X__15t (13 of 45) : Processed Fragments Chr (22 of 22), 1.995 mins elapsed.
2026-07-20 22:46:36.347995 : Group Cycling._.X__1t (7 of 45) : Processed Fragments Chr (22 of 22), 2.005 mins elapsed.
2026-07-20 22:46:37.075935 : Group Fibroblast/HSC._.X__13t (19 of 45) : Processed Fragments Chr (4 of 22), 2.018 mins elapsed.
2026-07-20 22:46:37.294391 : Group Hepatocyte._.X__20t (25 of 45) : Creating Group Coverage File : Hepatocyte._.X__20t.insertions.coverage.h5, 2.021 mins elapsed.

2026-07-20 22:46:37.30318 : Group Hepatocyte._.X__20t (25 of 45) : cellGroupi, Class = character

Group Hepatocyte._.X__20t (25 of 45) : cellGroupi: length = 1925
[1] "X__20t#CATAATGTCCGGTTGA-1" "X__20t#CGCACAATCTACCTCA-1" "X__20t#ATCAAGCTCTTCAATC-1" "X__20t#TACGCACCACAGCCAT-1" "X__20t#CACTGACCAAAGCCTC-1" "X__20t#TCACCTCAGTATGTGC-1"



2026-07-20 22:46:37.306663 : Number of Cells = 1925

2026-07-20 22:46:37.317306 : Coverage File Exists!

2026-07-20 22:46:37.322624 : Added Coverage Group

2026-07-20 22:46:37.326257 : Added Metadata Group
2026-07-20 22:46:37.556404 : Group Fibroblast/HSC._.X__3t (17 of 45) : Processed Fragments Chr (6 of 22), 2.026 mins elapsed.

2026-07-20 22:46:37.34466 : Added ArrowCoverage Class

2026-07-20 22:46:37.607076 : Added Coverage/Info

2026-07-20 22:46:37.625078 : Added Coverage/Info/CellNames
2026-07-20 22:46:37.625682 : Group Hepatocyte._.X__20t (25 of 45) : Processed Fragments Chr (1 of 22), 2.027 mins elapsed.
2026-07-20 22:46:37.711649 : Group Hepatocyte._.X__17t (21 of 45) : Processed Fragments Chr (2 of 22), 2.028 mins elapsed.
2026-07-20 22:46:38.072856 : Group Hepatocyte._.X__13t (22 of 45) : Processed Fragments Chr (2 of 22), 2.034 mins elapsed.
2026-07-20 22:46:38.528287 : Group Cycling._.X__13t (8 of 45) : Processed Fragments Chr (21 of 22), 2.042 mins elapsed.
2026-07-20 22:46:39.047502 : Group Endothelial._.X__16t (15 of 45) : Processed Fragments Chr (21 of 22), 2.05 mins elapsed.
2026-07-20 22:46:39.294468 : Group Macrophage._.X__13t (26 of 45) : Creating Group Coverage File : Macrophage._.X__13t.insertions.coverage.h5, 2.055 mins elapsed.

2026-07-20 22:46:39.309363 : Group Macrophage._.X__13t (26 of 45) : cellGroupi, Class = character

Group Macrophage._.X__13t (26 of 45) : cellGroupi: length = 3448
[1] "X__13t#AATTACCCATCCCGCT-1" "X__13t#GTCTATCGTTAGCCAA-1" "X__13t#AATGCAACAATCCTGA-1" "X__13t#GTTTGCTGTATTTGGG-1" "X__13t#CTAATCGCAACAGCCT-1" "X__13t#GCAGGACCAGCCAGTT-1"



2026-07-20 22:46:39.312986 : Number of Cells = 3448

2026-07-20 22:46:39.323873 : Coverage File Exists!

2026-07-20 22:46:39.329271 : Added Coverage Group

2026-07-20 22:46:39.33288 : Added Metadata Group
2026-07-20 22:46:39.367033 : Group Fibroblast/HSC._.X__11t (18 of 45) : Processed Fragments Chr (7 of 22), 2.056 mins elapsed.
2026-07-20 22:46:39.588566 : Group Macrophage._.X__22t (27 of 45) : Creating Group Coverage File : Macrophage._.X__22t.insertions.coverage.h5, 2.059 mins elapsed.

2026-07-20 22:46:39.603606 : Group Macrophage._.X__22t (27 of 45) : cellGroupi, Class = character

Group Macrophage._.X__22t (27 of 45) : cellGroupi: length = 3701
[1] "X__22t#AAAGCAAGTGGAGCAA-1" "X__22t#GGTTTGTAGTCTATGA-1" "X__22t#CCACTTGGTTCCATTA-1" "X__22t#GTGCTCAAGGGATTAG-1" "X__22t#TCACATAAGAGCAAGC-1" "X__22t#TCGGTAAGTTCATCTA-1"



2026-07-20 22:46:39.60698 : Number of Cells = 3701

2026-07-20 22:46:39.617216 : Added ArrowCoverage Class

2026-07-20 22:46:39.617433 : Coverage File Exists!

2026-07-20 22:46:39.621354 : Added Coverage/Info

2026-07-20 22:46:39.622436 : Added Coverage Group

2026-07-20 22:46:39.625708 : Added Metadata Group

2026-07-20 22:46:39.644801 : Added Coverage/Info/CellNames
2026-07-20 22:46:39.645423 : Group Macrophage._.X__13t (26 of 45) : Processed Fragments Chr (1 of 22), 2.06 mins elapsed.
2026-07-20 22:46:39.772026 : Group Macrophage._.X__18t (28 of 45) : Creating Group Coverage File : Macrophage._.X__18t.insertions.coverage.h5, 2.063 mins elapsed.

2026-07-20 22:46:39.782248 : Group Macrophage._.X__18t (28 of 45) : cellGroupi, Class = character

Group Macrophage._.X__18t (28 of 45) : cellGroupi: length = 2288
[1] "X__18t#TGCAGGCTCCTTCAAT-1" "X__18t#CCTCAGTTCCTAGTAA-1" "X__18t#CGGCAATGTGCTTACT-1" "X__18t#TCTAACTTCTAGCGTG-1" "X__18t#TGTCAGTAGTCCTTTG-1" "X__18t#GTTTGCTGTCATGAGC-1"



2026-07-20 22:46:39.785578 : Number of Cells = 2288

2026-07-20 22:46:39.796667 : Coverage File Exists!

2026-07-20 22:46:39.802001 : Added Coverage Group

2026-07-20 22:46:39.805486 : Added Metadata Group

2026-07-20 22:46:39.903217 : Added ArrowCoverage Class

2026-07-20 22:46:39.907429 : Added Coverage/Info

2026-07-20 22:46:39.932984 : Added Coverage/Info/CellNames
2026-07-20 22:46:39.933721 : Group Macrophage._.X__22t (27 of 45) : Processed Fragments Chr (1 of 22), 2.065 mins elapsed.

2026-07-20 22:46:40.095648 : Added ArrowCoverage Class

2026-07-20 22:46:40.099864 : Added Coverage/Info

2026-07-20 22:46:40.119164 : Added Coverage/Info/CellNames
2026-07-20 22:46:40.119764 : Group Macrophage._.X__18t (28 of 45) : Processed Fragments Chr (1 of 22), 2.068 mins elapsed.
2026-07-20 22:46:40.19158 : Group Macrophage._.X__15t (29 of 45) : Creating Group Coverage File : Macrophage._.X__15t.insertions.coverage.h5, 2.07 mins elapsed.

2026-07-20 22:46:40.201488 : Group Macrophage._.X__15t (29 of 45) : cellGroupi, Class = character

Group Macrophage._.X__15t (29 of 45) : cellGroupi: length = 2363
[1] "X__15t#ATCTTTGGTAACGGGA-1" "X__15t#TGTGCTGAGCCAAATC-1" "X__15t#CAATGTGGTCTTTATG-1" "X__15t#GGTCCATCACTTGTTC-1" "X__15t#CGGTTCCGTTTGCGAA-1" "X__15t#AAGCTCCCATGAAGTA-1"



2026-07-20 22:46:40.204656 : Number of Cells = 2363

2026-07-20 22:46:40.215407 : Coverage File Exists!

2026-07-20 22:46:40.220801 : Added Coverage Group

2026-07-20 22:46:40.224345 : Added Metadata Group
2026-07-20 22:46:40.319088 : Group Fibroblast/HSC._.X__15t (20 of 45) : Processed Fragments Chr (4 of 22), 2.072 mins elapsed.
2026-07-20 22:46:40.361523 : Group Macrophage._.X__12t (30 of 45) : Creating Group Coverage File : Macrophage._.X__12t.insertions.coverage.h5, 2.072 mins elapsed.

2026-07-20 22:46:40.365204 : Group Macrophage._.X__12t (30 of 45) : cellGroupi, Class = character

Group Macrophage._.X__12t (30 of 45) : cellGroupi: length = 1351
[1] "X__12t#AAACCAACAATCTCTC-1" "X__12t#AAACCAACAATTGACT-1" "X__12t#AAACGGATCGAGGTGG-1" "X__12t#AAACGTACAGGCTAGA-1" "X__12t#AAAGCACCAAATTGCT-1" "X__12t#AAAGCCCGTTAGTACG-1"


2026-07-20 22:46:40.35997 : Group Hepatocyte._.X__1t (23 of 45) : Processed Fragments Chr (2 of 22), 2.072 mins elapsed.

2026-07-20 22:46:40.368453 : Number of Cells = 1351

2026-07-20 22:46:40.378486 : Coverage File Exists!

2026-07-20 22:46:40.383557 : Added Coverage Group

2026-07-20 22:46:40.387077 : Added Metadata Group

2026-07-20 22:46:40.518452 : Added ArrowCoverage Class

2026-07-20 22:46:40.522573 : Added Coverage/Info

2026-07-20 22:46:40.542558 : Added Coverage/Info/CellNames
2026-07-20 22:46:40.543226 : Group Macrophage._.X__15t (29 of 45) : Processed Fragments Chr (1 of 22), 2.075 mins elapsed.

2026-07-20 22:46:40.647292 : Added ArrowCoverage Class

2026-07-20 22:46:40.651053 : Added Coverage/Info

2026-07-20 22:46:40.664931 : Added Coverage/Info/CellNames
2026-07-20 22:46:40.665534 : Group Macrophage._.X__12t (30 of 45) : Processed Fragments Chr (1 of 22), 2.077 mins elapsed.
2026-07-20 22:46:41.39096 : Group Hepatocyte._.X__pt29pre (24 of 45) : Processed Fragments Chr (2 of 22), 2.09 mins elapsed.
2026-07-20 22:46:42.131465 : Group Hepatocyte._.X__17t (21 of 45) : Processed Fragments Chr (3 of 22), 2.102 mins elapsed.
2026-07-20 22:46:42.175859 : Group Fibroblast/HSC._.X__3t (17 of 45) : Processed Fragments Chr (7 of 22), 2.103 mins elapsed.
2026-07-20 22:46:42.79288 : Group Cycling._.X__13t (8 of 45) : Processed Fragments Chr (22 of 22), 2.113 mins elapsed.
2026-07-20 22:46:42.857345 : Group Endothelial._.X__16t (15 of 45) : Processed Fragments Chr (22 of 22), 2.114 mins elapsed.
2026-07-20 22:46:43.087986 : Group Fibroblast/HSC._.X__11t (18 of 45) : Processed Fragments Chr (8 of 22), 2.118 mins elapsed.
2026-07-20 22:46:43.569859 : Group Fibroblast/HSC._.X__13t (19 of 45) : Processed Fragments Chr (5 of 22), 2.126 mins elapsed.
2026-07-20 22:46:44.426093 : Group Fibroblast/HSC._.X__15t (20 of 45) : Processed Fragments Chr (5 of 22), 2.14 mins elapsed.
2026-07-20 22:46:44.952493 : Group Hepatocyte._.X__13t (22 of 45) : Processed Fragments Chr (3 of 22), 2.149 mins elapsed.
2026-07-20 22:46:45.637754 : Group Hepatocyte._.X__1t (23 of 45) : Processed Fragments Chr (3 of 22), 2.16 mins elapsed.
2026-07-20 22:46:46.278967 : Group Fibroblast/HSC._.X__3t (17 of 45) : Processed Fragments Chr (8 of 22), 2.171 mins elapsed.
2026-07-20 22:46:46.290172 : Group Fibroblast/HSC._.X__11t (18 of 45) : Processed Fragments Chr (9 of 22), 2.171 mins elapsed.
2026-07-20 22:46:46.615219 : Group Fibroblast/HSC._.X__13t (19 of 45) : Processed Fragments Chr (6 of 22), 2.177 mins elapsed.
2026-07-20 22:46:46.804142 : Group Monocyte._.X__15t (31 of 45) : Creating Group Coverage File : Monocyte._.X__15t.insertions.coverage.h5, 2.18 mins elapsed.

2026-07-20 22:46:46.807109 : Group Monocyte._.X__15t (31 of 45) : cellGroupi, Class = character

Group Monocyte._.X__15t (31 of 45) : cellGroupi: length = 571
[1] "X__15t#AAACATGCAGCATGTC-1" "X__15t#AAACATGCAGCCGCTA-1" "X__15t#AAACGCGCACAGAAAC-1" "X__15t#AAATGGCCATAGACCC-1" "X__15t#AACAAGCCAGTAAAGC-1" "X__15t#AACAGATAGCCTGACA-1"



2026-07-20 22:46:46.810195 : Number of Cells = 571

2026-07-20 22:46:46.820021 : Coverage File Exists!

2026-07-20 22:46:46.824923 : Added Coverage Group

2026-07-20 22:46:46.82822 : Added Metadata Group

2026-07-20 22:46:47.107016 : Added ArrowCoverage Class

2026-07-20 22:46:47.110954 : Added Coverage/Info

2026-07-20 22:46:47.122804 : Added Coverage/Info/CellNames
2026-07-20 22:46:47.123393 : Group Monocyte._.X__15t (31 of 45) : Processed Fragments Chr (1 of 22), 2.185 mins elapsed.
2026-07-20 22:46:47.191537 : Group Monocyte._.X__22t (32 of 45) : Creating Group Coverage File : Monocyte._.X__22t.insertions.coverage.h5, 2.186 mins elapsed.

2026-07-20 22:46:47.194581 : Group Monocyte._.X__22t (32 of 45) : cellGroupi, Class = character

Group Monocyte._.X__22t (32 of 45) : cellGroupi: length = 396
[1] "X__22t#AAACGTACAATGCCTA-1" "X__22t#AAACGTACACAGGATG-1" "X__22t#AAAGCAAGTCATAACG-1" "X__22t#AAAGGCTCACATTGCA-1" "X__22t#AAATCCGGTGACATGC-1" "X__22t#AAATCCGGTTGCTTCG-1"



2026-07-20 22:46:47.1979 : Number of Cells = 396

2026-07-20 22:46:47.208402 : Coverage File Exists!

2026-07-20 22:46:47.213968 : Added Coverage Group

2026-07-20 22:46:47.217749 : Added Metadata Group
2026-07-20 22:46:47.321978 : Group Hepatocyte._.X__17t (21 of 45) : Processed Fragments Chr (4 of 22), 2.188 mins elapsed.

2026-07-20 22:46:47.489183 : Added ArrowCoverage Class

2026-07-20 22:46:47.492909 : Added Coverage/Info
2026-07-20 22:46:47.500959 : Group Macrophage._.X__15t (29 of 45) : Processed Fragments Chr (2 of 22), 2.191 mins elapsed.

2026-07-20 22:46:47.504151 : Added Coverage/Info/CellNames
2026-07-20 22:46:47.504734 : Group Monocyte._.X__22t (32 of 45) : Processed Fragments Chr (1 of 22), 2.191 mins elapsed.
2026-07-20 22:46:47.552108 : Group Hepatocyte._.X__pt29pre (24 of 45) : Processed Fragments Chr (3 of 22), 2.192 mins elapsed.
2026-07-20 22:46:48.051933 : Group Macrophage._.X__22t (27 of 45) : Processed Fragments Chr (2 of 22), 2.201 mins elapsed.
2026-07-20 22:46:48.469267 : Group Fibroblast/HSC._.X__15t (20 of 45) : Processed Fragments Chr (6 of 22), 2.208 mins elapsed.
2026-07-20 22:46:48.865704 : Group Macrophage._.X__13t (26 of 45) : Processed Fragments Chr (2 of 22), 2.214 mins elapsed.
2026-07-20 22:46:49.11052 : Group Fibroblast/HSC._.X__11t (18 of 45) : Processed Fragments Chr (10 of 22), 2.218 mins elapsed.
2026-07-20 22:46:49.150557 : Group Hepatocyte._.X__13t (22 of 45) : Processed Fragments Chr (4 of 22), 2.219 mins elapsed.
2026-07-20 22:46:49.250158 : Group Macrophage._.X__18t (28 of 45) : Processed Fragments Chr (2 of 22), 2.221 mins elapsed.
2026-07-20 22:46:49.411805 : Group Macrophage._.X__12t (30 of 45) : Processed Fragments Chr (2 of 22), 2.223 mins elapsed.
2026-07-20 22:46:49.783375 : Group Fibroblast/HSC._.X__13t (19 of 45) : Processed Fragments Chr (7 of 22), 2.229 mins elapsed.
2026-07-20 22:46:50.59361 : Group Fibroblast/HSC._.X__3t (17 of 45) : Processed Fragments Chr (9 of 22), 2.243 mins elapsed.
2026-07-20 22:46:51.021347 : Group Fibroblast/HSC._.X__15t (20 of 45) : Processed Fragments Chr (7 of 22), 2.25 mins elapsed.
2026-07-20 22:46:51.188572 : Group Hepatocyte._.X__1t (23 of 45) : Processed Fragments Chr (4 of 22), 2.253 mins elapsed.
2026-07-20 22:46:51.272748 : Group Hepatocyte._.X__20t (25 of 45) : Processed Fragments Chr (2 of 22), 2.254 mins elapsed.
2026-07-20 22:46:52.031076 : Group Fibroblast/HSC._.X__11t (18 of 45) : Processed Fragments Chr (11 of 22), 2.267 mins elapsed.
2026-07-20 22:46:52.042414 : Group Monocyte._.X__15t (31 of 45) : Processed Fragments Chr (2 of 22), 2.267 mins elapsed.
2026-07-20 22:46:52.651639 : Group Fibroblast/HSC._.X__13t (19 of 45) : Processed Fragments Chr (8 of 22), 2.277 mins elapsed.
2026-07-20 22:46:52.694991 : Group Hepatocyte._.X__17t (21 of 45) : Processed Fragments Chr (5 of 22), 2.278 mins elapsed.
2026-07-20 22:46:53.115112 : Group Hepatocyte._.X__13t (22 of 45) : Processed Fragments Chr (5 of 22), 2.285 mins elapsed.
2026-07-20 22:46:53.141087 : Group Macrophage._.X__15t (29 of 45) : Processed Fragments Chr (3 of 22), 2.285 mins elapsed.
2026-07-20 22:46:53.269459 : Group Hepatocyte._.X__pt29pre (24 of 45) : Processed Fragments Chr (4 of 22), 2.288 mins elapsed.
2026-07-20 22:46:53.809867 : Group Fibroblast/HSC._.X__15t (20 of 45) : Processed Fragments Chr (8 of 22), 2.297 mins elapsed.
2026-07-20 22:46:53.936816 : Group Macrophage._.X__22t (27 of 45) : Processed Fragments Chr (3 of 22), 2.299 mins elapsed.
2026-07-20 22:46:54.062377 : Group Macrophage._.X__18t (28 of 45) : Processed Fragments Chr (3 of 22), 2.301 mins elapsed.
2026-07-20 22:46:54.28446 : Group Monocyte._.X__22t (32 of 45) : Processed Fragments Chr (2 of 22), 2.304 mins elapsed.
2026-07-20 22:46:54.423722 : Group Macrophage._.X__13t (26 of 45) : Processed Fragments Chr (3 of 22), 2.307 mins elapsed.
2026-07-20 22:46:54.516262 : Group Fibroblast/HSC._.X__11t (18 of 45) : Processed Fragments Chr (12 of 22), 2.308 mins elapsed.
2026-07-20 22:46:54.638834 : Group Macrophage._.X__12t (30 of 45) : Processed Fragments Chr (3 of 22), 2.31 mins elapsed.
2026-07-20 22:46:54.879272 : Group Fibroblast/HSC._.X__3t (17 of 45) : Processed Fragments Chr (10 of 22), 2.314 mins elapsed.
2026-07-20 22:46:55.775802 : Group Fibroblast/HSC._.X__13t (19 of 45) : Processed Fragments Chr (9 of 22), 2.329 mins elapsed.
2026-07-20 22:46:56.113451 : Group Hepatocyte._.X__13t (22 of 45) : Processed Fragments Chr (6 of 22), 2.335 mins elapsed.
2026-07-20 22:46:56.258408 : Group Monocyte._.X__15t (31 of 45) : Processed Fragments Chr (3 of 22), 2.337 mins elapsed.
2026-07-20 22:46:56.277353 : Group Fibroblast/HSC._.X__15t (20 of 45) : Processed Fragments Chr (9 of 22), 2.338 mins elapsed.
2026-07-20 22:46:56.5767 : Group Hepatocyte._.X__17t (21 of 45) : Processed Fragments Chr (6 of 22), 2.343 mins elapsed.
2026-07-20 22:46:56.684659 : Group Hepatocyte._.X__1t (23 of 45) : Processed Fragments Chr (5 of 22), 2.344 mins elapsed.
2026-07-20 22:46:57.616824 : Group Hepatocyte._.X__20t (25 of 45) : Processed Fragments Chr (3 of 22), 2.36 mins elapsed.
2026-07-20 22:46:57.805743 : Group Monocyte._.X__22t (32 of 45) : Processed Fragments Chr (3 of 22), 2.363 mins elapsed.
2026-07-20 22:46:58.17368 : Group Macrophage._.X__15t (29 of 45) : Processed Fragments Chr (4 of 22), 2.369 mins elapsed.
2026-07-20 22:46:58.524814 : Group Macrophage._.X__18t (28 of 45) : Processed Fragments Chr (4 of 22), 2.375 mins elapsed.
2026-07-20 22:46:58.531386 : Group Fibroblast/HSC._.X__11t (18 of 45) : Processed Fragments Chr (13 of 22), 2.375 mins elapsed.
2026-07-20 22:46:58.72618 : Group Hepatocyte._.X__pt29pre (24 of 45) : Processed Fragments Chr (5 of 22), 2.378 mins elapsed.
2026-07-20 22:46:58.793875 : Group Macrophage._.X__12t (30 of 45) : Processed Fragments Chr (4 of 22), 2.38 mins elapsed.
2026-07-20 22:46:59.06959 : Group Hepatocyte._.X__13t (22 of 45) : Processed Fragments Chr (7 of 22), 2.384 mins elapsed.
2026-07-20 22:46:59.18014 : Group Fibroblast/HSC._.X__13t (19 of 45) : Processed Fragments Chr (10 of 22), 2.386 mins elapsed.
2026-07-20 22:46:59.186079 : Group Macrophage._.X__22t (27 of 45) : Processed Fragments Chr (4 of 22), 2.386 mins elapsed.
2026-07-20 22:46:59.991266 : Group Macrophage._.X__13t (26 of 45) : Processed Fragments Chr (4 of 22), 2.4 mins elapsed.
2026-07-20 22:47:00.417317 : Group Fibroblast/HSC._.X__3t (17 of 45) : Processed Fragments Chr (11 of 22), 2.407 mins elapsed.
2026-07-20 22:47:00.615753 : Group Hepatocyte._.X__1t (23 of 45) : Processed Fragments Chr (6 of 22), 2.41 mins elapsed.
2026-07-20 22:47:00.795719 : Group Fibroblast/HSC._.X__15t (20 of 45) : Processed Fragments Chr (10 of 22), 2.413 mins elapsed.
2026-07-20 22:47:01.478229 : Group Hepatocyte._.X__17t (21 of 45) : Processed Fragments Chr (7 of 22), 2.424 mins elapsed.
2026-07-20 22:47:01.780935 : Group Monocyte._.X__22t (32 of 45) : Processed Fragments Chr (4 of 22), 2.429 mins elapsed.
2026-07-20 22:47:02.089028 : Group Monocyte._.X__15t (31 of 45) : Processed Fragments Chr (4 of 22), 2.435 mins elapsed.
2026-07-20 22:47:02.495916 : Group Macrophage._.X__18t (28 of 45) : Processed Fragments Chr (5 of 22), 2.441 mins elapsed.
2026-07-20 22:47:02.540713 : Group Fibroblast/HSC._.X__11t (18 of 45) : Processed Fragments Chr (14 of 22), 2.442 mins elapsed.
2026-07-20 22:47:02.543161 : Group Macrophage._.X__15t (29 of 45) : Processed Fragments Chr (5 of 22), 2.442 mins elapsed.
2026-07-20 22:47:02.606685 : Group Macrophage._.X__12t (30 of 45) : Processed Fragments Chr (5 of 22), 2.443 mins elapsed.
2026-07-20 22:47:02.818639 : Group Fibroblast/HSC._.X__13t (19 of 45) : Processed Fragments Chr (11 of 22), 2.447 mins elapsed.
2026-07-20 22:47:02.986094 : Group Hepatocyte._.X__pt29pre (24 of 45) : Processed Fragments Chr (6 of 22), 2.449 mins elapsed.
2026-07-20 22:47:02.988746 : Group Hepatocyte._.X__20t (25 of 45) : Processed Fragments Chr (4 of 22), 2.45 mins elapsed.
2026-07-20 22:47:03.413215 : Group Hepatocyte._.X__13t (22 of 45) : Processed Fragments Chr (8 of 22), 2.457 mins elapsed.
2026-07-20 22:47:03.81056 : Group Fibroblast/HSC._.X__15t (20 of 45) : Processed Fragments Chr (11 of 22), 2.463 mins elapsed.
2026-07-20 22:47:04.07848 : Group Macrophage._.X__22t (27 of 45) : Processed Fragments Chr (5 of 22), 2.468 mins elapsed.
2026-07-20 22:47:04.460567 : Group Fibroblast/HSC._.X__3t (17 of 45) : Processed Fragments Chr (12 of 22), 2.474 mins elapsed.
2026-07-20 22:47:04.639715 : Group Hepatocyte._.X__1t (23 of 45) : Processed Fragments Chr (7 of 22), 2.477 mins elapsed.
2026-07-20 22:47:04.673906 : Group Monocyte._.X__22t (32 of 45) : Processed Fragments Chr (5 of 22), 2.478 mins elapsed.
2026-07-20 22:47:05.131401 : Group Macrophage._.X__13t (26 of 45) : Processed Fragments Chr (5 of 22), 2.485 mins elapsed.
2026-07-20 22:47:05.39244 : Group Monocyte._.X__15t (31 of 45) : Processed Fragments Chr (5 of 22), 2.49 mins elapsed.
2026-07-20 22:47:05.596539 : Group Macrophage._.X__15t (29 of 45) : Processed Fragments Chr (6 of 22), 2.493 mins elapsed.
2026-07-20 22:47:06.031032 : Group Hepatocyte._.X__17t (21 of 45) : Processed Fragments Chr (8 of 22), 2.5 mins elapsed.
2026-07-20 22:47:06.312863 : Group Fibroblast/HSC._.X__13t (19 of 45) : Processed Fragments Chr (12 of 22), 2.505 mins elapsed.
2026-07-20 22:47:06.857868 : Group Hepatocyte._.X__13t (22 of 45) : Processed Fragments Chr (9 of 22), 2.514 mins elapsed.
2026-07-20 22:47:07.085674 : Group Monocyte._.X__22t (32 of 45) : Processed Fragments Chr (6 of 22), 2.518 mins elapsed.
2026-07-20 22:47:07.26918 : Group Macrophage._.X__18t (28 of 45) : Processed Fragments Chr (6 of 22), 2.521 mins elapsed.
2026-07-20 22:47:07.283355 : Group Fibroblast/HSC._.X__15t (20 of 45) : Processed Fragments Chr (12 of 22), 2.521 mins elapsed.
2026-07-20 22:47:07.604509 : Group Macrophage._.X__12t (30 of 45) : Processed Fragments Chr (6 of 22), 2.526 mins elapsed.
2026-07-20 22:47:07.612337 : Group Fibroblast/HSC._.X__11t (18 of 45) : Processed Fragments Chr (15 of 22), 2.527 mins elapsed.
2026-07-20 22:47:07.68375 : Group Hepatocyte._.X__pt29pre (24 of 45) : Processed Fragments Chr (7 of 22), 2.528 mins elapsed.
2026-07-20 22:47:08.344739 : Group Macrophage._.X__22t (27 of 45) : Processed Fragments Chr (6 of 22), 2.539 mins elapsed.
2026-07-20 22:47:08.645828 : Group Macrophage._.X__13t (26 of 45) : Processed Fragments Chr (6 of 22), 2.544 mins elapsed.
2026-07-20 22:47:08.711098 : Group Hepatocyte._.X__20t (25 of 45) : Processed Fragments Chr (5 of 22), 2.545 mins elapsed.
2026-07-20 22:47:08.904924 : Group Macrophage._.X__15t (29 of 45) : Processed Fragments Chr (7 of 22), 2.548 mins elapsed.
2026-07-20 22:47:09.049107 : Group Hepatocyte._.X__1t (23 of 45) : Processed Fragments Chr (8 of 22), 2.551 mins elapsed.
2026-07-20 22:47:09.250505 : Group Fibroblast/HSC._.X__3t (17 of 45) : Processed Fragments Chr (13 of 22), 2.554 mins elapsed.
2026-07-20 22:47:09.252784 : Group Monocyte._.X__15t (31 of 45) : Processed Fragments Chr (6 of 22), 2.554 mins elapsed.
2026-07-20 22:47:09.814832 : Group Hepatocyte._.X__17t (21 of 45) : Processed Fragments Chr (9 of 22), 2.563 mins elapsed.
2026-07-20 22:47:10.948745 : Group Fibroblast/HSC._.X__13t (19 of 45) : Processed Fragments Chr (13 of 22), 2.582 mins elapsed.
2026-07-20 22:47:11.150913 : Group Fibroblast/HSC._.X__15t (20 of 45) : Processed Fragments Chr (13 of 22), 2.586 mins elapsed.
2026-07-20 22:47:11.340456 : Group Hepatocyte._.X__13t (22 of 45) : Processed Fragments Chr (10 of 22), 2.589 mins elapsed.
2026-07-20 22:47:11.520018 : Group Monocyte._.X__22t (32 of 45) : Processed Fragments Chr (7 of 22), 2.592 mins elapsed.
2026-07-20 22:47:11.85182 : Group Macrophage._.X__15t (29 of 45) : Processed Fragments Chr (8 of 22), 2.597 mins elapsed.
2026-07-20 22:47:11.969342 : Group Fibroblast/HSC._.X__11t (18 of 45) : Processed Fragments Chr (16 of 22), 2.599 mins elapsed.
2026-07-20 22:47:12.117148 : Group Macrophage._.X__12t (30 of 45) : Processed Fragments Chr (7 of 22), 2.602 mins elapsed.
2026-07-20 22:47:12.193691 : Group Fibroblast/HSC._.X__3t (17 of 45) : Processed Fragments Chr (14 of 22), 2.603 mins elapsed.
2026-07-20 22:47:12.442454 : Group Hepatocyte._.X__pt29pre (24 of 45) : Processed Fragments Chr (8 of 22), 2.607 mins elapsed.
2026-07-20 22:47:12.4627 : Group Monocyte._.X__15t (31 of 45) : Processed Fragments Chr (7 of 22), 2.607 mins elapsed.
2026-07-20 22:47:12.609631 : Group Macrophage._.X__13t (26 of 45) : Processed Fragments Chr (7 of 22), 2.61 mins elapsed.
2026-07-20 22:47:12.865848 : Group Macrophage._.X__22t (27 of 45) : Processed Fragments Chr (7 of 22), 2.614 mins elapsed.
2026-07-20 22:47:13.453442 : Group Hepatocyte._.X__20t (25 of 45) : Processed Fragments Chr (6 of 22), 2.624 mins elapsed.
2026-07-20 22:47:13.943404 : Group Macrophage._.X__18t (28 of 45) : Processed Fragments Chr (7 of 22), 2.632 mins elapsed.
2026-07-20 22:47:14.3539 : Group Fibroblast/HSC._.X__15t (20 of 45) : Processed Fragments Chr (14 of 22), 2.639 mins elapsed.
2026-07-20 22:47:14.370625 : Group Hepatocyte._.X__13t (22 of 45) : Processed Fragments Chr (11 of 22), 2.639 mins elapsed.
2026-07-20 22:47:14.388835 : Group Hepatocyte._.X__17t (21 of 45) : Processed Fragments Chr (10 of 22), 2.64 mins elapsed.
2026-07-20 22:47:14.43735 : Group Hepatocyte._.X__1t (23 of 45) : Processed Fragments Chr (9 of 22), 2.64 mins elapsed.
2026-07-20 22:47:14.502804 : Group Monocyte._.X__22t (32 of 45) : Processed Fragments Chr (8 of 22), 2.641 mins elapsed.
2026-07-20 22:47:14.541238 : Group Fibroblast/HSC._.X__3t (17 of 45) : Processed Fragments Chr (15 of 22), 2.642 mins elapsed.
2026-07-20 22:47:14.71315 : Group Macrophage._.X__15t (29 of 45) : Processed Fragments Chr (9 of 22), 2.645 mins elapsed.
2026-07-20 22:47:15.197392 : Group Monocyte._.X__15t (31 of 45) : Processed Fragments Chr (8 of 22), 2.653 mins elapsed.
2026-07-20 22:47:15.225436 : Group Fibroblast/HSC._.X__13t (19 of 45) : Processed Fragments Chr (14 of 22), 2.653 mins elapsed.
2026-07-20 22:47:15.387036 : Group Macrophage._.X__12t (30 of 45) : Processed Fragments Chr (8 of 22), 2.656 mins elapsed.
2026-07-20 22:47:15.894848 : Group Macrophage._.X__13t (26 of 45) : Processed Fragments Chr (8 of 22), 2.665 mins elapsed.
2026-07-20 22:47:16.047881 : Group Fibroblast/HSC._.X__11t (18 of 45) : Processed Fragments Chr (17 of 22), 2.667 mins elapsed.
2026-07-20 22:47:16.430393 : Group Hepatocyte._.X__pt29pre (24 of 45) : Processed Fragments Chr (9 of 22), 2.674 mins elapsed.
2026-07-20 22:47:16.549726 : Group Macrophage._.X__22t (27 of 45) : Processed Fragments Chr (8 of 22), 2.676 mins elapsed.
2026-07-20 22:47:16.989638 : Group Fibroblast/HSC._.X__15t (20 of 45) : Processed Fragments Chr (15 of 22), 2.683 mins elapsed.
2026-07-20 22:47:17.280202 : Group Hepatocyte._.X__20t (25 of 45) : Processed Fragments Chr (7 of 22), 2.688 mins elapsed.
2026-07-20 22:47:17.705756 : Group Hepatocyte._.X__13t (22 of 45) : Processed Fragments Chr (12 of 22), 2.695 mins elapsed.
2026-07-20 22:47:18.219334 : Group Fibroblast/HSC._.X__13t (19 of 45) : Processed Fragments Chr (15 of 22), 2.703 mins elapsed.
2026-07-20 22:47:18.526609 : Group Fibroblast/HSC._.X__3t (17 of 45) : Processed Fragments Chr (16 of 22), 2.708 mins elapsed.
2026-07-20 22:47:18.581608 : Group Macrophage._.X__15t (29 of 45) : Processed Fragments Chr (10 of 22), 2.709 mins elapsed.
2026-07-20 22:47:18.588923 : Group Monocyte._.X__22t (32 of 45) : Processed Fragments Chr (9 of 22), 2.71 mins elapsed.
2026-07-20 22:47:18.935069 : Group Hepatocyte._.X__17t (21 of 45) : Processed Fragments Chr (11 of 22), 2.715 mins elapsed.
2026-07-20 22:47:18.958454 : Group Monocyte._.X__15t (31 of 45) : Processed Fragments Chr (9 of 22), 2.716 mins elapsed.
2026-07-20 22:47:19.531306 : Group Macrophage._.X__12t (30 of 45) : Processed Fragments Chr (9 of 22), 2.725 mins elapsed.
2026-07-20 22:47:19.659867 : Group Macrophage._.X__18t (28 of 45) : Processed Fragments Chr (8 of 22), 2.727 mins elapsed.
2026-07-20 22:47:20.302552 : Group Fibroblast/HSC._.X__11t (18 of 45) : Processed Fragments Chr (18 of 22), 2.738 mins elapsed.
2026-07-20 22:47:20.544872 : Group Fibroblast/HSC._.X__13t (19 of 45) : Processed Fragments Chr (16 of 22), 2.742 mins elapsed.
2026-07-20 22:47:20.592383 : Group Fibroblast/HSC._.X__15t (20 of 45) : Processed Fragments Chr (16 of 22), 2.743 mins elapsed.
2026-07-20 22:47:20.759587 : Group Hepatocyte._.X__1t (23 of 45) : Processed Fragments Chr (10 of 22), 2.746 mins elapsed.
2026-07-20 22:47:20.767324 : Group Hepatocyte._.X__20t (25 of 45) : Processed Fragments Chr (8 of 22), 2.746 mins elapsed.
2026-07-20 22:47:20.834933 : Group Macrophage._.X__13t (26 of 45) : Processed Fragments Chr (9 of 22), 2.747 mins elapsed.
2026-07-20 22:47:21.169346 : Group Monocyte._.X__22t (32 of 45) : Processed Fragments Chr (10 of 22), 2.753 mins elapsed.
2026-07-20 22:47:21.33087 : Group Macrophage._.X__22t (27 of 45) : Processed Fragments Chr (9 of 22), 2.755 mins elapsed.
2026-07-20 22:47:21.664445 : Group Macrophage._.X__15t (29 of 45) : Processed Fragments Chr (11 of 22), 2.761 mins elapsed.
2026-07-20 22:47:21.830812 : Group Hepatocyte._.X__pt29pre (24 of 45) : Processed Fragments Chr (10 of 22), 2.764 mins elapsed.
2026-07-20 22:47:22.311089 : Group Monocyte._.X__15t (31 of 45) : Processed Fragments Chr (10 of 22), 2.772 mins elapsed.
2026-07-20 22:47:22.368317 : Group Macrophage._.X__12t (30 of 45) : Processed Fragments Chr (10 of 22), 2.773 mins elapsed.
2026-07-20 22:47:22.887797 : Group Hepatocyte._.X__13t (22 of 45) : Processed Fragments Chr (13 of 22), 2.781 mins elapsed.
2026-07-20 22:47:23.134283 : Group Hepatocyte._.X__17t (21 of 45) : Processed Fragments Chr (12 of 22), 2.785 mins elapsed.
2026-07-20 22:47:23.404994 : Group Fibroblast/HSC._.X__3t (17 of 45) : Processed Fragments Chr (17 of 22), 2.79 mins elapsed.
2026-07-20 22:47:23.50692 : Group Fibroblast/HSC._.X__11t (18 of 45) : Processed Fragments Chr (19 of 22), 2.791 mins elapsed.
2026-07-20 22:47:23.999617 : Group Fibroblast/HSC._.X__13t (19 of 45) : Processed Fragments Chr (17 of 22), 2.8 mins elapsed.
2026-07-20 22:47:24.077833 : Group Monocyte._.X__22t (32 of 45) : Processed Fragments Chr (11 of 22), 2.801 mins elapsed.
2026-07-20 22:47:24.490194 : Group Macrophage._.X__18t (28 of 45) : Processed Fragments Chr (9 of 22), 2.808 mins elapsed.
2026-07-20 22:47:24.491309 : Group Hepatocyte._.X__20t (25 of 45) : Processed Fragments Chr (9 of 22), 2.808 mins elapsed.
2026-07-20 22:47:24.620621 : Group Hepatocyte._.X__1t (23 of 45) : Processed Fragments Chr (11 of 22), 2.81 mins elapsed.
2026-07-20 22:47:24.775066 : Group Macrophage._.X__12t (30 of 45) : Processed Fragments Chr (11 of 22), 2.813 mins elapsed.
2026-07-20 22:47:24.848935 : Group Macrophage._.X__15t (29 of 45) : Processed Fragments Chr (12 of 22), 2.814 mins elapsed.
2026-07-20 22:47:25.018264 : Group Fibroblast/HSC._.X__15t (20 of 45) : Processed Fragments Chr (17 of 22), 2.817 mins elapsed.
2026-07-20 22:47:25.107827 : Group Hepatocyte._.X__pt29pre (24 of 45) : Processed Fragments Chr (11 of 22), 2.818 mins elapsed.
2026-07-20 22:47:25.613726 : Group Monocyte._.X__15t (31 of 45) : Processed Fragments Chr (11 of 22), 2.827 mins elapsed.
2026-07-20 22:47:25.938931 : Group Hepatocyte._.X__13t (22 of 45) : Processed Fragments Chr (14 of 22), 2.832 mins elapsed.
2026-07-20 22:47:26.057506 : Group Macrophage._.X__22t (27 of 45) : Processed Fragments Chr (10 of 22), 2.834 mins elapsed.
2026-07-20 22:47:26.457516 : Group Macrophage._.X__13t (26 of 45) : Processed Fragments Chr (10 of 22), 2.841 mins elapsed.
2026-07-20 22:47:26.522341 : Group Monocyte._.X__22t (32 of 45) : Processed Fragments Chr (12 of 22), 2.842 mins elapsed.
2026-07-20 22:47:26.820652 : Group Fibroblast/HSC._.X__13t (19 of 45) : Processed Fragments Chr (18 of 22), 2.847 mins elapsed.
2026-07-20 22:47:27.325763 : Group Macrophage._.X__12t (30 of 45) : Processed Fragments Chr (12 of 22), 2.855 mins elapsed.
2026-07-20 22:47:28.205372 : Group Fibroblast/HSC._.X__11t (18 of 45) : Processed Fragments Chr (20 of 22), 2.87 mins elapsed.
2026-07-20 22:47:28.63931 : Group Fibroblast/HSC._.X__15t (20 of 45) : Processed Fragments Chr (18 of 22), 2.877 mins elapsed.
2026-07-20 22:47:28.708652 : Group Hepatocyte._.X__20t (25 of 45) : Processed Fragments Chr (10 of 22), 2.878 mins elapsed.
2026-07-20 22:47:28.836247 : Group Hepatocyte._.X__pt29pre (24 of 45) : Processed Fragments Chr (12 of 22), 2.88 mins elapsed.
2026-07-20 22:47:28.960617 : Group Monocyte._.X__15t (31 of 45) : Processed Fragments Chr (12 of 22), 2.882 mins elapsed.
2026-07-20 22:47:29.007615 : Group Fibroblast/HSC._.X__3t (17 of 45) : Processed Fragments Chr (18 of 22), 2.883 mins elapsed.
2026-07-20 22:47:29.515051 : Group Hepatocyte._.X__17t (21 of 45) : Processed Fragments Chr (13 of 22), 2.892 mins elapsed.
2026-07-20 22:47:29.740829 : Group Hepatocyte._.X__1t (23 of 45) : Processed Fragments Chr (12 of 22), 2.895 mins elapsed.
2026-07-20 22:47:29.876283 : Group Macrophage._.X__18t (28 of 45) : Processed Fragments Chr (10 of 22), 2.898 mins elapsed.
2026-07-20 22:47:29.916953 : Group Monocyte._.X__22t (32 of 45) : Processed Fragments Chr (13 of 22), 2.898 mins elapsed.
2026-07-20 22:47:30.214605 : Group Hepatocyte._.X__13t (22 of 45) : Processed Fragments Chr (15 of 22), 2.903 mins elapsed.
2026-07-20 22:47:30.367145 : Group Macrophage._.X__15t (29 of 45) : Processed Fragments Chr (13 of 22), 2.906 mins elapsed.
2026-07-20 22:47:30.374027 : Group Macrophage._.X__22t (27 of 45) : Processed Fragments Chr (11 of 22), 2.906 mins elapsed.
2026-07-20 22:47:30.628408 : Group Macrophage._.X__12t (30 of 45) : Processed Fragments Chr (13 of 22), 2.91 mins elapsed.
2026-07-20 22:47:30.865324 : Group Macrophage._.X__13t (26 of 45) : Processed Fragments Chr (11 of 22), 2.914 mins elapsed.
2026-07-20 22:47:31.266287 : Group Fibroblast/HSC._.X__13t (19 of 45) : Processed Fragments Chr (19 of 22), 2.921 mins elapsed.
2026-07-20 22:47:31.827096 : Group Fibroblast/HSC._.X__15t (20 of 45) : Processed Fragments Chr (19 of 22), 2.93 mins elapsed.
2026-07-20 22:47:31.941026 : Group Fibroblast/HSC._.X__11t (18 of 45) : Processed Fragments Chr (21 of 22), 2.932 mins elapsed.
2026-07-20 22:47:32.418703 : Group Monocyte._.X__22t (32 of 45) : Processed Fragments Chr (14 of 22), 2.94 mins elapsed.
2026-07-20 22:47:32.764205 : Group Monocyte._.X__15t (31 of 45) : Processed Fragments Chr (13 of 22), 2.946 mins elapsed.
2026-07-20 22:47:32.818508 : Group Hepatocyte._.X__20t (25 of 45) : Processed Fragments Chr (11 of 22), 2.947 mins elapsed.
2026-07-20 22:47:33.066393 : Group Fibroblast/HSC._.X__3t (17 of 45) : Processed Fragments Chr (19 of 22), 2.951 mins elapsed.
2026-07-20 22:47:33.081682 : Group Hepatocyte._.X__17t (21 of 45) : Processed Fragments Chr (14 of 22), 2.951 mins elapsed.
2026-07-20 22:47:33.239036 : Group Macrophage._.X__12t (30 of 45) : Processed Fragments Chr (14 of 22), 2.954 mins elapsed.
2026-07-20 22:47:33.710872 : Group Macrophage._.X__15t (29 of 45) : Processed Fragments Chr (14 of 22), 2.962 mins elapsed.
2026-07-20 22:47:33.844258 : Group Macrophage._.X__18t (28 of 45) : Processed Fragments Chr (11 of 22), 2.964 mins elapsed.
2026-07-20 22:47:34.097336 : Group Hepatocyte._.X__pt29pre (24 of 45) : Processed Fragments Chr (13 of 22), 2.968 mins elapsed.
2026-07-20 22:47:34.220338 : Group Macrophage._.X__22t (27 of 45) : Processed Fragments Chr (12 of 22), 2.97 mins elapsed.
2026-07-20 22:47:34.508826 : Group Monocyte._.X__22t (32 of 45) : Processed Fragments Chr (15 of 22), 2.975 mins elapsed.
2026-07-20 22:47:34.681931 : Group Hepatocyte._.X__13t (22 of 45) : Processed Fragments Chr (16 of 22), 2.978 mins elapsed.
2026-07-20 22:47:34.781162 : Group Fibroblast/HSC._.X__13t (19 of 45) : Processed Fragments Chr (20 of 22), 2.979 mins elapsed.
2026-07-20 22:47:35.299289 : Group Macrophage._.X__12t (30 of 45) : Processed Fragments Chr (15 of 22), 2.988 mins elapsed.
2026-07-20 22:47:35.410326 : Group Fibroblast/HSC._.X__15t (20 of 45) : Processed Fragments Chr (20 of 22), 2.99 mins elapsed.
2026-07-20 22:47:35.831233 : Group Macrophage._.X__13t (26 of 45) : Processed Fragments Chr (12 of 22), 2.997 mins elapsed.
2026-07-20 22:47:35.851457 : Group Hepatocyte._.X__17t (21 of 45) : Processed Fragments Chr (15 of 22), 2.997 mins elapsed.
2026-07-20 22:47:35.95295 : Group Monocyte._.X__15t (31 of 45) : Processed Fragments Chr (14 of 22), 2.999 mins elapsed.
2026-07-20 22:47:36.098548 : Group Macrophage._.X__15t (29 of 45) : Processed Fragments Chr (15 of 22), 3.001 mins elapsed.
2026-07-20 22:47:36.122502 : Group Fibroblast/HSC._.X__11t (18 of 45) : Processed Fragments Chr (22 of 22), 3.002 mins elapsed.
2026-07-20 22:47:36.411771 : Group Hepatocyte._.X__1t (23 of 45) : Processed Fragments Chr (13 of 22), 3.007 mins elapsed.
2026-07-20 22:47:36.516248 : Group Monocyte._.X__22t (32 of 45) : Processed Fragments Chr (16 of 22), 3.008 mins elapsed.
2026-07-20 22:47:36.97409 : Group Fibroblast/HSC._.X__3t (17 of 45) : Processed Fragments Chr (20 of 22), 3.016 mins elapsed.
2026-07-20 22:47:37.531856 : Group Hepatocyte._.X__20t (25 of 45) : Processed Fragments Chr (12 of 22), 3.025 mins elapsed.
2026-07-20 22:47:37.591474 : Group Macrophage._.X__12t (30 of 45) : Processed Fragments Chr (16 of 22), 3.026 mins elapsed.
2026-07-20 22:47:38.43621 : Group Macrophage._.X__15t (29 of 45) : Processed Fragments Chr (16 of 22), 3.04 mins elapsed.
2026-07-20 22:47:38.511529 : Group Fibroblast/HSC._.X__15t (20 of 45) : Processed Fragments Chr (21 of 22), 3.042 mins elapsed.
2026-07-20 22:47:38.73098 : Group Macrophage._.X__18t (28 of 45) : Processed Fragments Chr (12 of 22), 3.045 mins elapsed.
2026-07-20 22:47:38.876768 : Group Monocyte._.X__15t (31 of 45) : Processed Fragments Chr (15 of 22), 3.048 mins elapsed.
2026-07-20 22:47:38.882257 : Group Hepatocyte._.X__pt29pre (24 of 45) : Processed Fragments Chr (14 of 22), 3.048 mins elapsed.
2026-07-20 22:47:39.054359 : Group Fibroblast/HSC._.X__13t (19 of 45) : Processed Fragments Chr (21 of 22), 3.051 mins elapsed.
2026-07-20 22:47:39.106921 : Group Monocyte._.X__22t (32 of 45) : Processed Fragments Chr (17 of 22), 3.051 mins elapsed.
2026-07-20 22:47:39.453819 : Group Monocyte._.X__18t (33 of 45) : Creating Group Coverage File : Monocyte._.X__18t.insertions.coverage.h5, 3.057 mins elapsed.

2026-07-20 22:47:39.456276 : Group Monocyte._.X__18t (33 of 45) : cellGroupi, Class = character

Group Monocyte._.X__18t (33 of 45) : cellGroupi: length = 355
[1] "X__18t#AAACATGCACGTGCTG-1" "X__18t#AAATCCGGTCCGGTTC-1" "X__18t#AACAGCAAGGTCCGTA-1" "X__18t#AAGGATCCAGTACCGT-1" "X__18t#AAGGATGTCGAGGTGG-1" "X__18t#AAGGTCAAGTTCCTCA-1"



2026-07-20 22:47:39.459312 : Number of Cells = 355

2026-07-20 22:47:39.477844 : Coverage File Exists!

2026-07-20 22:47:39.482696 : Added Coverage Group

2026-07-20 22:47:39.486091 : Added Metadata Group

2026-07-20 22:47:39.74671 : Added ArrowCoverage Class

2026-07-20 22:47:39.75016 : Added Coverage/Info

2026-07-20 22:47:39.760601 : Added Coverage/Info/CellNames
2026-07-20 22:47:39.761191 : Group Monocyte._.X__18t (33 of 45) : Processed Fragments Chr (1 of 22), 3.062 mins elapsed.
2026-07-20 22:47:39.787902 : Group Macrophage._.X__22t (27 of 45) : Processed Fragments Chr (13 of 22), 3.063 mins elapsed.
2026-07-20 22:47:40.058012 : Group Hepatocyte._.X__17t (21 of 45) : Processed Fragments Chr (16 of 22), 3.067 mins elapsed.
2026-07-20 22:47:40.480462 : Group Macrophage._.X__12t (30 of 45) : Processed Fragments Chr (17 of 22), 3.074 mins elapsed.
2026-07-20 22:47:40.519145 : Group Hepatocyte._.X__13t (22 of 45) : Processed Fragments Chr (17 of 22), 3.075 mins elapsed.
2026-07-20 22:47:40.594769 : Group Hepatocyte._.X__1t (23 of 45) : Processed Fragments Chr (14 of 22), 3.076 mins elapsed.
2026-07-20 22:47:40.680166 : Group Fibroblast/HSC._.X__3t (17 of 45) : Processed Fragments Chr (21 of 22), 3.078 mins elapsed.
2026-07-20 22:47:41.759559 : Group Macrophage._.X__13t (26 of 45) : Processed Fragments Chr (13 of 22), 3.096 mins elapsed.
2026-07-20 22:47:42.377339 : Group Monocyte._.X__22t (32 of 45) : Processed Fragments Chr (18 of 22), 3.106 mins elapsed.
2026-07-20 22:47:42.834544 : Group Macrophage._.X__22t (27 of 45) : Processed Fragments Chr (14 of 22), 3.114 mins elapsed.
2026-07-20 22:47:42.97219 : Group Hepatocyte._.X__pt29pre (24 of 45) : Processed Fragments Chr (15 of 22), 3.116 mins elapsed.
2026-07-20 22:47:43.341018 : Group Fibroblast/HSC._.X__13t (19 of 45) : Processed Fragments Chr (22 of 22), 3.122 mins elapsed.
2026-07-20 22:47:43.380322 : Group Macrophage._.X__12t (30 of 45) : Processed Fragments Chr (18 of 22), 3.123 mins elapsed.
2026-07-20 22:47:43.493196 : Group Hepatocyte._.X__1t (23 of 45) : Processed Fragments Chr (15 of 22), 3.125 mins elapsed.
2026-07-20 22:47:43.831184 : Group Monocyte._.X__15t (31 of 45) : Processed Fragments Chr (16 of 22), 3.13 mins elapsed.
2026-07-20 22:47:43.849554 : Group Fibroblast/HSC._.X__15t (20 of 45) : Processed Fragments Chr (22 of 22), 3.131 mins elapsed.
2026-07-20 22:47:44.086472 : Group Macrophage._.X__15t (29 of 45) : Processed Fragments Chr (17 of 22), 3.134 mins elapsed.
2026-07-20 22:47:44.225668 : Group Fibroblast/HSC._.X__3t (17 of 45) : Processed Fragments Chr (22 of 22), 3.137 mins elapsed.
2026-07-20 22:47:44.300522 : Group Hepatocyte._.X__20t (25 of 45) : Processed Fragments Chr (13 of 22), 3.138 mins elapsed.
2026-07-20 22:47:44.537143 : Group Hepatocyte._.X__13t (22 of 45) : Processed Fragments Chr (18 of 22), 3.142 mins elapsed.
2026-07-20 22:47:44.717146 : Group Hepatocyte._.X__17t (21 of 45) : Processed Fragments Chr (17 of 22), 3.145 mins elapsed.
2026-07-20 22:47:44.980373 : Group Monocyte._.X__22t (32 of 45) : Processed Fragments Chr (19 of 22), 3.149 mins elapsed.
2026-07-20 22:47:45.288576 : Group Monocyte._.X__18t (33 of 45) : Processed Fragments Chr (2 of 22), 3.155 mins elapsed.
2026-07-20 22:47:45.399285 : Group Macrophage._.X__13t (26 of 45) : Processed Fragments Chr (14 of 22), 3.156 mins elapsed.
2026-07-20 22:47:45.415163 : Group Macrophage._.X__18t (28 of 45) : Processed Fragments Chr (13 of 22), 3.157 mins elapsed.
2026-07-20 22:47:45.521334 : Group Macrophage._.X__22t (27 of 45) : Processed Fragments Chr (15 of 22), 3.158 mins elapsed.
2026-07-20 22:47:46.06542 : Group Macrophage._.X__12t (30 of 45) : Processed Fragments Chr (19 of 22), 3.167 mins elapsed.
2026-07-20 22:47:46.225204 : Group Hepatocyte._.X__1t (23 of 45) : Processed Fragments Chr (16 of 22), 3.17 mins elapsed.
2026-07-20 22:47:46.67678 : Group Hepatocyte._.X__pt29pre (24 of 45) : Processed Fragments Chr (16 of 22), 3.178 mins elapsed.
2026-07-20 22:47:47.241322 : Group Monocyte._.X__3t (34 of 45) : Creating Group Coverage File : Monocyte._.X__3t.insertions.coverage.h5, 3.187 mins elapsed.

2026-07-20 22:47:47.244282 : Group Monocyte._.X__3t (34 of 45) : cellGroupi, Class = character

Group Monocyte._.X__3t (34 of 45) : cellGroupi: length = 345
[1] "X__3t#AAACATGCAGGCTTGT-1" "X__3t#AAACCGGCAGCATGTC-1" "X__3t#AAAGCACCAAGCCACT-1" "X__3t#AAAGCCGCAAAGGTAC-1" "X__3t#AAAGCCGCATCCCGCT-1" "X__3t#AAAGCTTGTTCACCCA-1"



2026-07-20 22:47:47.247571 : Number of Cells = 345

2026-07-20 22:47:47.260366 : Coverage File Exists!

2026-07-20 22:47:47.265658 : Added Coverage Group
2026-07-20 22:47:47.408037 : Group Monocyte._.X__13t (35 of 45) : Creating Group Coverage File : Monocyte._.X__13t.insertions.coverage.h5, 3.19 mins elapsed.

2026-07-20 22:47:47.41104 : Group Monocyte._.X__13t (35 of 45) : cellGroupi, Class = character

Group Monocyte._.X__13t (35 of 45) : cellGroupi: length = 335
[1] "X__13t#AAACCGCGTCACCAAA-1" "X__13t#AAACCGGCAATGCCTA-1" "X__13t#AAACGTACACAATACT-1" "X__13t#AAAGGCTCATCGTTCT-1" "X__13t#AAATGCCTCCAGCACA-1" "X__13t#AACCTTAAGCCTGTTC-1"



2026-07-20 22:47:47.414712 : Number of Cells = 335

2026-07-20 22:47:47.425555 : Coverage File Exists!

2026-07-20 22:47:47.431298 : Added Coverage Group

2026-07-20 22:47:47.539816 : Added Metadata Group

2026-07-20 22:47:47.561418 : Added ArrowCoverage Class

2026-07-20 22:47:47.565205 : Added Coverage/Info

2026-07-20 22:47:47.5767 : Added Coverage/Info/CellNames
2026-07-20 22:47:47.577409 : Group Monocyte._.X__3t (34 of 45) : Processed Fragments Chr (1 of 22), 3.193 mins elapsed.
2026-07-20 22:47:47.667259 : Group Hepatocyte._.X__20t (25 of 45) : Processed Fragments Chr (14 of 22), 3.194 mins elapsed.

2026-07-20 22:47:47.700161 : Added Metadata Group

2026-07-20 22:47:47.718493 : Added ArrowCoverage Class

2026-07-20 22:47:47.722111 : Added Coverage/Info

2026-07-20 22:47:47.73332 : Added Coverage/Info/CellNames
2026-07-20 22:47:47.733989 : Group Monocyte._.X__13t (35 of 45) : Processed Fragments Chr (1 of 22), 3.195 mins elapsed.
2026-07-20 22:47:47.838369 : Group Monocyte._.X__22t (32 of 45) : Processed Fragments Chr (20 of 22), 3.197 mins elapsed.
2026-07-20 22:47:48.015104 : Group Macrophage._.X__15t (29 of 45) : Processed Fragments Chr (18 of 22), 3.2 mins elapsed.
2026-07-20 22:47:48.286788 : Group T cell._.X__18t (36 of 45) : Creating Group Coverage File : T.cell._.X__18t.insertions.coverage.h5, 3.204 mins elapsed.

2026-07-20 22:47:48.291923 : Group T cell._.X__18t (36 of 45) : cellGroupi, Class = character

Group T cell._.X__18t (36 of 45) : cellGroupi: length = 2161
[1] "X__18t#AAACATGCAAGGTCCT-1" "X__18t#AAACCAACAACACTTG-1" "X__18t#AAACCAACATGGCCTG-1" "X__18t#AAACCGAAGTTGGGCC-1" "X__18t#AAACCGCGTGACATGC-1" "X__18t#AAACCGGCAAAGCGCA-1"



2026-07-20 22:47:48.295266 : Number of Cells = 2161

2026-07-20 22:47:48.305448 : Coverage File Exists!

2026-07-20 22:47:48.310578 : Added Coverage Group
2026-07-20 22:47:48.374886 : Group Macrophage._.X__22t (27 of 45) : Processed Fragments Chr (16 of 22), 3.206 mins elapsed.
2026-07-20 22:47:48.478098 : Group Hepatocyte._.X__17t (21 of 45) : Processed Fragments Chr (18 of 22), 3.208 mins elapsed.

2026-07-20 22:47:48.575686 : Added Metadata Group

2026-07-20 22:47:48.594612 : Added ArrowCoverage Class

2026-07-20 22:47:48.598304 : Added Coverage/Info

2026-07-20 22:47:48.614927 : Added Coverage/Info/CellNames
2026-07-20 22:47:48.615618 : Group T cell._.X__18t (36 of 45) : Processed Fragments Chr (1 of 22), 3.21 mins elapsed.
2026-07-20 22:47:48.616472 : Group Monocyte._.X__15t (31 of 45) : Processed Fragments Chr (17 of 22), 3.21 mins elapsed.
2026-07-20 22:47:48.651527 : Group Macrophage._.X__13t (26 of 45) : Processed Fragments Chr (15 of 22), 3.211 mins elapsed.
2026-07-20 22:47:48.88811 : Group Macrophage._.X__12t (30 of 45) : Processed Fragments Chr (20 of 22), 3.215 mins elapsed.
2026-07-20 22:47:49.699675 : Group Hepatocyte._.X__13t (22 of 45) : Processed Fragments Chr (19 of 22), 3.228 mins elapsed.
2026-07-20 22:47:49.79582 : Group Monocyte._.X__18t (33 of 45) : Processed Fragments Chr (3 of 22), 3.23 mins elapsed.
2026-07-20 22:47:50.361591 : Group Monocyte._.X__22t (32 of 45) : Processed Fragments Chr (21 of 22), 3.239 mins elapsed.
2026-07-20 22:47:50.429043 : Group Macrophage._.X__18t (28 of 45) : Processed Fragments Chr (14 of 22), 3.24 mins elapsed.
2026-07-20 22:47:50.461779 : Group Hepatocyte._.X__20t (25 of 45) : Processed Fragments Chr (15 of 22), 3.241 mins elapsed.
2026-07-20 22:47:51.363896 : Group Hepatocyte._.X__1t (23 of 45) : Processed Fragments Chr (17 of 22), 3.256 mins elapsed.
2026-07-20 22:47:51.776493 : Group Macrophage._.X__13t (26 of 45) : Processed Fragments Chr (16 of 22), 3.263 mins elapsed.
2026-07-20 22:47:51.845436 : Group Macrophage._.X__12t (30 of 45) : Processed Fragments Chr (21 of 22), 3.264 mins elapsed.
2026-07-20 22:47:51.901414 : Group Macrophage._.X__15t (29 of 45) : Processed Fragments Chr (19 of 22), 3.265 mins elapsed.
2026-07-20 22:47:52.381241 : Group Hepatocyte._.X__pt29pre (24 of 45) : Processed Fragments Chr (17 of 22), 3.273 mins elapsed.
2026-07-20 22:47:52.467619 : Group Monocyte._.X__15t (31 of 45) : Processed Fragments Chr (18 of 22), 3.274 mins elapsed.
2026-07-20 22:47:52.501023 : Group Hepatocyte._.X__17t (21 of 45) : Processed Fragments Chr (19 of 22), 3.275 mins elapsed.
2026-07-20 22:47:52.823275 : Group Monocyte._.X__3t (34 of 45) : Processed Fragments Chr (2 of 22), 3.28 mins elapsed.
2026-07-20 22:47:53.390542 : Group Macrophage._.X__18t (28 of 45) : Processed Fragments Chr (15 of 22), 3.29 mins elapsed.
2026-07-20 22:47:53.410727 : Group Macrophage._.X__22t (27 of 45) : Processed Fragments Chr (17 of 22), 3.29 mins elapsed.
2026-07-20 22:47:53.549101 : Group Hepatocyte._.X__20t (25 of 45) : Processed Fragments Chr (16 of 22), 3.292 mins elapsed.
2026-07-20 22:47:53.574981 : Group Monocyte._.X__22t (32 of 45) : Processed Fragments Chr (22 of 22), 3.293 mins elapsed.
2026-07-20 22:47:53.585078 : Group Monocyte._.X__18t (33 of 45) : Processed Fragments Chr (4 of 22), 3.293 mins elapsed.
2026-07-20 22:47:54.3801 : Group Macrophage._.X__12t (30 of 45) : Processed Fragments Chr (22 of 22), 3.306 mins elapsed.
2026-07-20 22:47:54.389796 : Group Monocyte._.X__13t (35 of 45) : Processed Fragments Chr (2 of 22), 3.306 mins elapsed.
2026-07-20 22:47:54.507213 : Group Hepatocyte._.X__13t (22 of 45) : Processed Fragments Chr (20 of 22), 3.308 mins elapsed.
2026-07-20 22:47:55.246558 : Group Monocyte._.X__15t (31 of 45) : Processed Fragments Chr (19 of 22), 3.32 mins elapsed.
2026-07-20 22:47:55.582423 : Group T cell._.X__18t (36 of 45) : Processed Fragments Chr (2 of 22), 3.326 mins elapsed.
2026-07-20 22:47:55.954362 : Group Macrophage._.X__15t (29 of 45) : Processed Fragments Chr (20 of 22), 3.332 mins elapsed.
2026-07-20 22:47:56.099741 : Group Hepatocyte._.X__1t (23 of 45) : Processed Fragments Chr (18 of 22), 3.335 mins elapsed.
2026-07-20 22:47:56.586419 : Group Macrophage._.X__13t (26 of 45) : Processed Fragments Chr (17 of 22), 3.343 mins elapsed.
2026-07-20 22:47:56.820721 : Group Hepatocyte._.X__17t (21 of 45) : Processed Fragments Chr (20 of 22), 3.347 mins elapsed.
2026-07-20 22:47:57.289253 : Group Monocyte._.X__3t (34 of 45) : Processed Fragments Chr (3 of 22), 3.355 mins elapsed.
2026-07-20 22:47:57.516242 : Group Hepatocyte._.X__pt29pre (24 of 45) : Processed Fragments Chr (18 of 22), 3.358 mins elapsed.
2026-07-20 22:47:59.142213 : Group Monocyte._.X__15t (31 of 45) : Processed Fragments Chr (20 of 22), 3.385 mins elapsed.
2026-07-20 22:47:59.233123 : Group Hepatocyte._.X__20t (25 of 45) : Processed Fragments Chr (17 of 22), 3.387 mins elapsed.
2026-07-20 22:47:59.33731 : Group T cell._.X__pt20pre (38 of 45) : Creating Group Coverage File : T.cell._.X__pt20pre.insertions.coverage.h5, 3.389 mins elapsed.
2026-07-20 22:47:59.337506 : Group T cell._.X__pt26pre (37 of 45) : Creating Group Coverage File : T.cell._.X__pt26pre.insertions.coverage.h5, 3.389 mins elapsed.

2026-07-20 22:47:59.341512 : Group T cell._.X__pt20pre (38 of 45) : cellGroupi, Class = character

2026-07-20 22:47:59.342011 : Group T cell._.X__pt26pre (37 of 45) : cellGroupi, Class = character

Group T cell._.X__pt20pre (38 of 45) : cellGroupi: length = 1438

[1]Group T cell._.X__pt26pre (37 of 45) : cellGroupi: length = 1464
 "X__pt20pre#AAACAGCCATCATGTG-1" "X__pt20pre#AAACAGCCATTAGGCC-1" "X__pt20pre#AAACCAACACGGTACT-1" "X__pt20pre#AAACCAACATTAAGCT-1" "X__pt20pre#AAACCGAAGCGGGCAA-1" "X__pt20pre#AAACCGAAGCGGTTAT-1"


[1] "X__pt26pre#AAACAGCCATGCATAT-1" "X__pt26pre#AAACATGCAGCTCAAC-1" "X__pt26pre#AAACATGCATGCTATG-1" "X__pt26pre#AAACCAACAGCCAGAA-1" "X__pt26pre#AAACCGAAGTCCTGAG-1" "X__pt26pre#AAACCGAAGTTTCCTG-1"



2026-07-20 22:47:59.344944 : Number of Cells = 1438

2026-07-20 22:47:59.345533 : Number of Cells = 1464

2026-07-20 22:47:59.359069 : Coverage File Exists!

2026-07-20 22:47:59.359083 : Coverage File Exists!
2026-07-20 22:47:59.387112 : Group Macrophage._.X__15t (29 of 45) : Processed Fragments Chr (21 of 22), 3.389 mins elapsed.
2026-07-20 22:47:59.425556 : Group Macrophage._.X__18t (28 of 45) : Processed Fragments Chr (16 of 22), 3.39 mins elapsed.
2026-07-20 22:47:59.523222 : Group Monocyte._.X__18t (33 of 45) : Processed Fragments Chr (5 of 22), 3.392 mins elapsed.

2026-07-20 22:47:59.620973 : Added Coverage Group

2026-07-20 22:47:59.624043 : Added Coverage Group

2026-07-20 22:47:59.624576 : Added Metadata Group

2026-07-20 22:47:59.627957 : Added Metadata Group

2026-07-20 22:47:59.643279 : Added ArrowCoverage Class

2026-07-20 22:47:59.645432 : Added ArrowCoverage Class

2026-07-20 22:47:59.646534 : Added Coverage/Info

2026-07-20 22:47:59.648722 : Added Coverage/Info

2026-07-20 22:47:59.660723 : Added Coverage/Info/CellNames
2026-07-20 22:47:59.661316 : Group T cell._.X__pt20pre (38 of 45) : Processed Fragments Chr (1 of 22), 3.394 mins elapsed.

2026-07-20 22:47:59.6634 : Added Coverage/Info/CellNames
2026-07-20 22:47:59.664019 : Group T cell._.X__pt26pre (37 of 45) : Processed Fragments Chr (1 of 22), 3.394 mins elapsed.
2026-07-20 22:47:59.840075 : Group Macrophage._.X__22t (27 of 45) : Processed Fragments Chr (18 of 22), 3.397 mins elapsed.
2026-07-20 22:48:00.209312 : Group T cell._.X__18t (36 of 45) : Processed Fragments Chr (3 of 22), 3.403 mins elapsed.
2026-07-20 22:48:00.300304 : Group Monocyte._.X__13t (35 of 45) : Processed Fragments Chr (3 of 22), 3.405 mins elapsed.
2026-07-20 22:48:00.484801 : Group Macrophage._.X__13t (26 of 45) : Processed Fragments Chr (18 of 22), 3.408 mins elapsed.
2026-07-20 22:48:00.589366 : Group Hepatocyte._.X__17t (21 of 45) : Processed Fragments Chr (21 of 22), 3.41 mins elapsed.
2026-07-20 22:48:01.030708 : Group Hepatocyte._.X__1t (23 of 45) : Processed Fragments Chr (19 of 22), 3.417 mins elapsed.
2026-07-20 22:48:01.054353 : Group Monocyte._.X__3t (34 of 45) : Processed Fragments Chr (4 of 22), 3.417 mins elapsed.
2026-07-20 22:48:01.865526 : Group Hepatocyte._.X__13t (22 of 45) : Processed Fragments Chr (21 of 22), 3.431 mins elapsed.
2026-07-20 22:48:03.036694 : Group Hepatocyte._.X__pt29pre (24 of 45) : Processed Fragments Chr (19 of 22), 3.45 mins elapsed.
2026-07-20 22:48:03.38518 : Group Monocyte._.X__15t (31 of 45) : Processed Fragments Chr (21 of 22), 3.456 mins elapsed.
2026-07-20 22:48:03.491675 : Group Macrophage._.X__15t (29 of 45) : Processed Fragments Chr (22 of 22), 3.458 mins elapsed.
2026-07-20 22:48:03.661763 : Group Monocyte._.X__18t (33 of 45) : Processed Fragments Chr (6 of 22), 3.461 mins elapsed.
2026-07-20 22:48:03.844654 : Group Hepatocyte._.X__20t (25 of 45) : Processed Fragments Chr (18 of 22), 3.464 mins elapsed.
2026-07-20 22:48:04.628667 : Group T cell._.X__18t (36 of 45) : Processed Fragments Chr (4 of 22), 3.477 mins elapsed.
2026-07-20 22:48:04.767472 : Group Macrophage._.X__22t (27 of 45) : Processed Fragments Chr (19 of 22), 3.479 mins elapsed.
2026-07-20 22:48:04.983657 : Group Macrophage._.X__18t (28 of 45) : Processed Fragments Chr (17 of 22), 3.483 mins elapsed.
2026-07-20 22:48:05.034865 : Group Monocyte._.X__13t (35 of 45) : Processed Fragments Chr (4 of 22), 3.484 mins elapsed.
2026-07-20 22:48:05.231695 : Group Hepatocyte._.X__17t (21 of 45) : Processed Fragments Chr (22 of 22), 3.487 mins elapsed.
2026-07-20 22:48:05.313272 : Group Monocyte._.X__3t (34 of 45) : Processed Fragments Chr (5 of 22), 3.488 mins elapsed.
2026-07-20 22:48:05.760511 : Group Macrophage._.X__13t (26 of 45) : Processed Fragments Chr (19 of 22), 3.496 mins elapsed.
2026-07-20 22:48:05.882555 : Group Hepatocyte._.X__1t (23 of 45) : Processed Fragments Chr (20 of 22), 3.498 mins elapsed.
2026-07-20 22:48:06.444246 : Group Hepatocyte._.X__13t (22 of 45) : Processed Fragments Chr (22 of 22), 3.507 mins elapsed.
2026-07-20 22:48:06.849026 : Group Monocyte._.X__15t (31 of 45) : Processed Fragments Chr (22 of 22), 3.514 mins elapsed.
2026-07-20 22:48:07.052259 : Group Monocyte._.X__18t (33 of 45) : Processed Fragments Chr (7 of 22), 3.517 mins elapsed.
2026-07-20 22:48:07.5159 : Group T cell._.X__pt26pre (37 of 45) : Processed Fragments Chr (2 of 22), 3.525 mins elapsed.
2026-07-20 22:48:07.953979 : Group Hepatocyte._.X__pt29pre (24 of 45) : Processed Fragments Chr (20 of 22), 3.532 mins elapsed.
2026-07-20 22:48:08.126692 : Group T cell._.X__11t (39 of 45) : Creating Group Coverage File : T.cell._.X__11t.insertions.coverage.h5, 3.535 mins elapsed.

2026-07-20 22:48:08.130608 : Group T cell._.X__11t (39 of 45) : cellGroupi, Class = character

Group T cell._.X__11t (39 of 45) : cellGroupi: length = 1146
[1] "X__11t#AAACAGCCAACTGGCT-1" "X__11t#AAACAGCCATGCATAT-1" "X__11t#AAACAGCCATGCTCCC-1" "X__11t#AAACCGCGTAGGTTGC-1" "X__11t#AAACCGCGTTACCGGG-1" "X__11t#AAACCGCGTTATGTGG-1"



2026-07-20 22:48:08.134493 : Number of Cells = 1146
2026-07-20 22:48:08.188585 : Group T cell._.X__pt20pre (38 of 45) : Processed Fragments Chr (2 of 22), 3.536 mins elapsed.

2026-07-20 22:48:08.397219 : Coverage File Exists!

2026-07-20 22:48:08.402494 : Added Coverage Group

2026-07-20 22:48:08.405962 : Added Metadata Group
2026-07-20 22:48:08.40976 : Group Monocyte._.X__13t (35 of 45) : Processed Fragments Chr (5 of 22), 3.54 mins elapsed.

2026-07-20 22:48:08.422634 : Added ArrowCoverage Class

2026-07-20 22:48:08.425979 : Added Coverage/Info

2026-07-20 22:48:08.439866 : Added Coverage/Info/CellNames
2026-07-20 22:48:08.440458 : Group T cell._.X__11t (39 of 45) : Processed Fragments Chr (1 of 22), 3.54 mins elapsed.
2026-07-20 22:48:08.695927 : Group T cell._.X__18t (36 of 45) : Processed Fragments Chr (5 of 22), 3.545 mins elapsed.
2026-07-20 22:48:09.705853 : Group Macrophage._.X__18t (28 of 45) : Processed Fragments Chr (18 of 22), 3.561 mins elapsed.
2026-07-20 22:48:09.708703 : Group Hepatocyte._.X__20t (25 of 45) : Processed Fragments Chr (19 of 22), 3.562 mins elapsed.
2026-07-20 22:48:09.719621 : Group Macrophage._.X__22t (27 of 45) : Processed Fragments Chr (20 of 22), 3.562 mins elapsed.
2026-07-20 22:48:10.046311 : Group Monocyte._.X__3t (34 of 45) : Processed Fragments Chr (6 of 22), 3.567 mins elapsed.
2026-07-20 22:48:10.820698 : Group T cell._.X__22t (40 of 45) : Creating Group Coverage File : T.cell._.X__22t.insertions.coverage.h5, 3.58 mins elapsed.

2026-07-20 22:48:10.824345 : Group T cell._.X__22t (40 of 45) : cellGroupi, Class = character

Group T cell._.X__22t (40 of 45) : cellGroupi: length = 1065
[1] "X__22t#AAACAGCCACAGGATG-1" "X__22t#AAACAGCCAGGCTACT-1" "X__22t#AAACATGCAGTTATCG-1" "X__22t#AAACATGCATACTCCT-1" "X__22t#AAACCAACAACTAGAA-1" "X__22t#AAAGCACCAAGTTATC-1"



2026-07-20 22:48:10.827496 : Number of Cells = 1065
2026-07-20 22:48:10.833275 : Group Macrophage._.X__13t (26 of 45) : Processed Fragments Chr (20 of 22), 3.58 mins elapsed.
2026-07-20 22:48:11.07062 : Group T/NK cell._.X__18t (41 of 45) : Creating Group Coverage File : T.NK.cell._.X__18t.insertions.coverage.h5, 3.584 mins elapsed.

2026-07-20 22:48:11.084126 : Group T/NK cell._.X__18t (41 of 45) : cellGroupi, Class = character

Group T/NK cell._.X__18t (41 of 45) : cellGroupi: length = 3405
[1] "X__18t#GCTGGATGTCGTTATC-1" "X__18t#AGTTGGCGTAGCTGCG-1" "X__18t#GCCCAAATCTCACAAA-1" "X__18t#AATCCCTGTTCGGGAT-1" "X__18t#TGAGTTTCATTCCTGT-1" "X__18t#TCAGGTTAGGACCGCT-1"



2026-07-20 22:48:11.087218 : Number of Cells = 3405

2026-07-20 22:48:11.093412 : Coverage File Exists!

2026-07-20 22:48:11.098166 : Added Coverage Group

2026-07-20 22:48:11.101305 : Added Metadata Group

2026-07-20 22:48:11.116731 : Added ArrowCoverage Class

2026-07-20 22:48:11.119873 : Added Coverage/Info

2026-07-20 22:48:11.132249 : Added Coverage/Info/CellNames
2026-07-20 22:48:11.13284 : Group T cell._.X__22t (40 of 45) : Processed Fragments Chr (1 of 22), 3.585 mins elapsed.

2026-07-20 22:48:11.353026 : Coverage File Exists!

2026-07-20 22:48:11.358029 : Added Coverage Group

2026-07-20 22:48:11.362524 : Added Metadata Group

2026-07-20 22:48:11.380769 : Added ArrowCoverage Class

2026-07-20 22:48:11.384353 : Added Coverage/Info

2026-07-20 22:48:11.409467 : Added Coverage/Info/CellNames
2026-07-20 22:48:11.410127 : Group T/NK cell._.X__18t (41 of 45) : Processed Fragments Chr (1 of 22), 3.59 mins elapsed.
2026-07-20 22:48:11.468675 : Group T/NK cell._.X__3t (42 of 45) : Creating Group Coverage File : T.NK.cell._.X__3t.insertions.coverage.h5, 3.591 mins elapsed.

2026-07-20 22:48:11.473595 : Group T/NK cell._.X__3t (42 of 45) : cellGroupi, Class = character

Group T/NK cell._.X__3t (42 of 45) : cellGroupi: length = 1522
[1] "X__3t#AAACATGCAAGCTAAA-1" "X__3t#AAACCGAAGTCACTCC-1" "X__3t#AAACCGCGTGGAAACG-1" "X__3t#AAACGCGCAACATAAG-1" "X__3t#AAACGGATCACATTGA-1" "X__3t#AAACGGATCACCTGTC-1"



2026-07-20 22:48:11.476917 : Number of Cells = 1522
2026-07-20 22:48:11.678899 : Group T cell._.X__pt26pre (37 of 45) : Processed Fragments Chr (3 of 22), 3.594 mins elapsed.
2026-07-20 22:48:11.90638 : Group Monocyte._.X__18t (33 of 45) : Processed Fragments Chr (8 of 22), 3.598 mins elapsed.
2026-07-20 22:48:12.121411 : Group T cell._.X__pt20pre (38 of 45) : Processed Fragments Chr (3 of 22), 3.602 mins elapsed.

2026-07-20 22:48:12.223522 : Coverage File Exists!

2026-07-20 22:48:12.229155 : Added Coverage Group

2026-07-20 22:48:12.232829 : Added Metadata Group

2026-07-20 22:48:12.251552 : Added ArrowCoverage Class

2026-07-20 22:48:12.255307 : Added Coverage/Info

2026-07-20 22:48:12.271315 : Added Coverage/Info/CellNames
2026-07-20 22:48:12.272051 : Group T/NK cell._.X__3t (42 of 45) : Processed Fragments Chr (1 of 22), 3.604 mins elapsed.
2026-07-20 22:48:12.620321 : Group Hepatocyte._.X__1t (23 of 45) : Processed Fragments Chr (21 of 22), 3.61 mins elapsed.
2026-07-20 22:48:12.768427 : Group Monocyte._.X__13t (35 of 45) : Processed Fragments Chr (6 of 22), 3.613 mins elapsed.
2026-07-20 22:48:13.135225 : Group T cell._.X__18t (36 of 45) : Processed Fragments Chr (6 of 22), 3.619 mins elapsed.
2026-07-20 22:48:14.158631 : Group Macrophage._.X__22t (27 of 45) : Processed Fragments Chr (21 of 22), 3.636 mins elapsed.
2026-07-20 22:48:14.237827 : Group Monocyte._.X__3t (34 of 45) : Processed Fragments Chr (7 of 22), 3.637 mins elapsed.
2026-07-20 22:48:14.411364 : Group Monocyte._.X__18t (33 of 45) : Processed Fragments Chr (9 of 22), 3.64 mins elapsed.
2026-07-20 22:48:14.459265 : Group Hepatocyte._.X__20t (25 of 45) : Processed Fragments Chr (20 of 22), 3.641 mins elapsed.
2026-07-20 22:48:14.806277 : Group Hepatocyte._.X__pt29pre (24 of 45) : Processed Fragments Chr (21 of 22), 3.646 mins elapsed.
2026-07-20 22:48:15.298503 : Group Macrophage._.X__18t (28 of 45) : Processed Fragments Chr (19 of 22), 3.655 mins elapsed.
2026-07-20 22:48:15.403832 : Group T cell._.X__pt20pre (38 of 45) : Processed Fragments Chr (4 of 22), 3.656 mins elapsed.
2026-07-20 22:48:15.568047 : Group Macrophage._.X__13t (26 of 45) : Processed Fragments Chr (21 of 22), 3.659 mins elapsed.
2026-07-20 22:48:15.667737 : Group T cell._.X__11t (39 of 45) : Processed Fragments Chr (2 of 22), 3.661 mins elapsed.
2026-07-20 22:48:15.812575 : Group T cell._.X__22t (40 of 45) : Processed Fragments Chr (2 of 22), 3.663 mins elapsed.
2026-07-20 22:48:15.985983 : Group T cell._.X__pt26pre (37 of 45) : Processed Fragments Chr (4 of 22), 3.666 mins elapsed.
2026-07-20 22:48:16.441415 : Group Monocyte._.X__13t (35 of 45) : Processed Fragments Chr (7 of 22), 3.674 mins elapsed.
2026-07-20 22:48:17.209819 : Group T cell._.X__18t (36 of 45) : Processed Fragments Chr (7 of 22), 3.687 mins elapsed.
2026-07-20 22:48:17.361836 : Group Monocyte._.X__18t (33 of 45) : Processed Fragments Chr (10 of 22), 3.689 mins elapsed.
2026-07-20 22:48:17.833821 : Group T/NK cell._.X__3t (42 of 45) : Processed Fragments Chr (2 of 22), 3.697 mins elapsed.
2026-07-20 22:48:18.057004 : Group T/NK cell._.X__18t (41 of 45) : Processed Fragments Chr (2 of 22), 3.701 mins elapsed.
2026-07-20 22:48:18.24013 : Group Monocyte._.X__3t (34 of 45) : Processed Fragments Chr (8 of 22), 3.704 mins elapsed.
2026-07-20 22:48:18.269394 : Group Hepatocyte._.X__1t (23 of 45) : Processed Fragments Chr (22 of 22), 3.704 mins elapsed.
2026-07-20 22:48:18.410265 : Group Macrophage._.X__22t (27 of 45) : Processed Fragments Chr (22 of 22), 3.707 mins elapsed.
2026-07-20 22:48:19.005303 : Group T cell._.X__pt20pre (38 of 45) : Processed Fragments Chr (5 of 22), 3.716 mins elapsed.
2026-07-20 22:48:19.223739 : Group T cell._.X__22t (40 of 45) : Processed Fragments Chr (3 of 22), 3.72 mins elapsed.
2026-07-20 22:48:19.449879 : Group T cell._.X__11t (39 of 45) : Processed Fragments Chr (3 of 22), 3.724 mins elapsed.
2026-07-20 22:48:19.459524 : Group Hepatocyte._.X__pt29pre (24 of 45) : Processed Fragments Chr (22 of 22), 3.724 mins elapsed.
2026-07-20 22:48:19.489489 : Group Monocyte._.X__13t (35 of 45) : Processed Fragments Chr (8 of 22), 3.725 mins elapsed.
2026-07-20 22:48:19.743487 : Group Macrophage._.X__13t (26 of 45) : Processed Fragments Chr (22 of 22), 3.729 mins elapsed.
2026-07-20 22:48:19.859786 : Group Monocyte._.X__18t (33 of 45) : Processed Fragments Chr (11 of 22), 3.731 mins elapsed.
2026-07-20 22:48:19.884666 : Group T cell._.X__pt26pre (37 of 45) : Processed Fragments Chr (5 of 22), 3.731 mins elapsed.
2026-07-20 22:48:19.99887 : Group Hepatocyte._.X__20t (25 of 45) : Processed Fragments Chr (21 of 22), 3.733 mins elapsed.
2026-07-20 22:48:20.384608 : Group Macrophage._.X__18t (28 of 45) : Processed Fragments Chr (20 of 22), 3.739 mins elapsed.
2026-07-20 22:48:20.924757 : Group T cell._.X__18t (36 of 45) : Processed Fragments Chr (8 of 22), 3.748 mins elapsed.
2026-07-20 22:48:21.627521 : Group T/NK cell._.X__18t (41 of 45) : Processed Fragments Chr (3 of 22), 3.76 mins elapsed.
2026-07-20 22:48:21.766672 : Group T/NK cell._.X__3t (42 of 45) : Processed Fragments Chr (3 of 22), 3.762 mins elapsed.
2026-07-20 22:48:22.013499 : Group T/NK cell._.X__11t (43 of 45) : Creating Group Coverage File : T.NK.cell._.X__11t.insertions.coverage.h5, 3.767 mins elapsed.
2026-07-20 22:48:22.111525 : Group T cell._.X__11t (39 of 45) : Processed Fragments Chr (4 of 22), 3.768 mins elapsed.
2026-07-20 22:48:22.181631 : Group Monocyte._.X__3t (34 of 45) : Processed Fragments Chr (9 of 22), 3.769 mins elapsed.

2026-07-20 22:48:22.269048 : Group T/NK cell._.X__11t (43 of 45) : cellGroupi, Class = character

Group T/NK cell._.X__11t (43 of 45) : cellGroupi: length = 1097
[1] "X__11t#AAACAGCCAGGCCTTG-1" "X__11t#AAACATGCACAGGATG-1" "X__11t#AAACATGCAGGCTTGT-1" "X__11t#AAACGTACATATTGAC-1" "X__11t#AAAGCCGCATGATTGT-1" "X__11t#AAAGCGGGTCAATAGT-1"



2026-07-20 22:48:22.276402 : Number of Cells = 1097

2026-07-20 22:48:22.287868 : Coverage File Exists!

2026-07-20 22:48:22.292782 : Added Coverage Group

2026-07-20 22:48:22.296221 : Added Metadata Group

2026-07-20 22:48:22.313017 : Added ArrowCoverage Class

2026-07-20 22:48:22.316611 : Added Coverage/Info

2026-07-20 22:48:22.330855 : Added Coverage/Info/CellNames
2026-07-20 22:48:22.331571 : Group T/NK cell._.X__11t (43 of 45) : Processed Fragments Chr (1 of 22), 3.772 mins elapsed.
2026-07-20 22:48:22.198897 : Group T/NK cell._.X__13t (44 of 45) : Creating Group Coverage File : T.NK.cell._.X__13t.insertions.coverage.h5, 3.77 mins elapsed.

2026-07-20 22:48:22.458541 : Group T/NK cell._.X__13t (44 of 45) : cellGroupi, Class = character

Group T/NK cell._.X__13t (44 of 45) : cellGroupi: length = 873
[1] "X__13t#AAACAGCCACTCAACA-1" "X__13t#AAACCGGCATCATGGC-1" "X__13t#AAACGGATCGCTTGCT-1" "X__13t#AAAGCAAGTGATCATG-1" "X__13t#AAAGCCCGTTGCACAA-1" "X__13t#AAAGCCGCAACACCTA-1"



2026-07-20 22:48:22.461982 : Number of Cells = 873

2026-07-20 22:48:22.471521 : Coverage File Exists!

2026-07-20 22:48:22.47647 : Added Coverage Group

2026-07-20 22:48:22.479772 : Added Metadata Group

2026-07-20 22:48:22.496595 : Added ArrowCoverage Class

2026-07-20 22:48:22.500155 : Added Coverage/Info

2026-07-20 22:48:22.512534 : Added Coverage/Info/CellNames
2026-07-20 22:48:22.513196 : Group T/NK cell._.X__13t (44 of 45) : Processed Fragments Chr (1 of 22), 3.775 mins elapsed.
2026-07-20 22:48:22.569049 : Group T cell._.X__pt20pre (38 of 45) : Processed Fragments Chr (6 of 22), 3.776 mins elapsed.
2026-07-20 22:48:22.906427 : Group T cell._.X__22t (40 of 45) : Processed Fragments Chr (4 of 22), 3.781 mins elapsed.
2026-07-20 22:48:23.357286 : Group Monocyte._.X__13t (35 of 45) : Processed Fragments Chr (9 of 22), 3.789 mins elapsed.
2026-07-20 22:48:23.761589 : Group T/NK cell._.X__12t (45 of 45) : Creating Group Coverage File : T.NK.cell._.X__12t.insertions.coverage.h5, 3.791 mins elapsed.

2026-07-20 22:48:23.765371 : Group T/NK cell._.X__12t (45 of 45) : cellGroupi, Class = character

Group T/NK cell._.X__12t (45 of 45) : cellGroupi: length = 670
[1] "X__12t#AAACCGCGTAGCCATA-1" "X__12t#AAACCGGCAGGCTAAG-1" "X__12t#AAAGCACCAGTTGCGT-1" "X__12t#AAAGCACCATGAATCT-1" "X__12t#AAAGGTTAGCTTTGGG-1" "X__12t#AAATCCGGTAATCGGC-1"



2026-07-20 22:48:23.768612 : Number of Cells = 670

2026-07-20 22:48:23.778434 : Coverage File Exists!

2026-07-20 22:48:23.783162 : Added Coverage Group

2026-07-20 22:48:23.786342 : Added Metadata Group

2026-07-20 22:48:23.80263 : Added ArrowCoverage Class

2026-07-20 22:48:23.805994 : Added Coverage/Info

2026-07-20 22:48:23.817701 : Added Coverage/Info/CellNames
2026-07-20 22:48:23.818357 : Group T/NK cell._.X__12t (45 of 45) : Processed Fragments Chr (1 of 22), 3.797 mins elapsed.
2026-07-20 22:48:23.843283 : Group Monocyte._.X__18t (33 of 45) : Processed Fragments Chr (12 of 22), 3.797 mins elapsed.
2026-07-20 22:48:24.35042 : Group T cell._.X__18t (36 of 45) : Processed Fragments Chr (9 of 22), 3.806 mins elapsed.
2026-07-20 22:48:25.099499 : Group T cell._.X__pt26pre (37 of 45) : Processed Fragments Chr (6 of 22), 3.818 mins elapsed.
2026-07-20 22:48:25.840704 : Group Macrophage._.X__18t (28 of 45) : Processed Fragments Chr (21 of 22), 3.83 mins elapsed.
2026-07-20 22:48:25.999991 : Group T cell._.X__pt20pre (38 of 45) : Processed Fragments Chr (7 of 22), 3.833 mins elapsed.
2026-07-20 22:48:26.4365 : Group T cell._.X__11t (39 of 45) : Processed Fragments Chr (5 of 22), 3.84 mins elapsed.
2026-07-20 22:48:26.709932 : Group T/NK cell._.X__11t (43 of 45) : Processed Fragments Chr (2 of 22), 3.845 mins elapsed.
2026-07-20 22:48:26.86902 : Group Monocyte._.X__13t (35 of 45) : Processed Fragments Chr (10 of 22), 3.848 mins elapsed.
2026-07-20 22:48:26.982899 : Group Monocyte._.X__3t (34 of 45) : Processed Fragments Chr (10 of 22), 3.849 mins elapsed.
2026-07-20 22:48:27.208006 : Group T/NK cell._.X__18t (41 of 45) : Processed Fragments Chr (4 of 22), 3.853 mins elapsed.
2026-07-20 22:48:27.29723 : Group T/NK cell._.X__3t (42 of 45) : Processed Fragments Chr (4 of 22), 3.855 mins elapsed.
2026-07-20 22:48:27.661792 : Group Monocyte._.X__18t (33 of 45) : Processed Fragments Chr (13 of 22), 3.861 mins elapsed.
2026-07-20 22:48:27.742014 : Group T cell._.X__22t (40 of 45) : Processed Fragments Chr (5 of 22), 3.862 mins elapsed.
2026-07-20 22:48:27.901574 : Group Hepatocyte._.X__20t (25 of 45) : Processed Fragments Chr (22 of 22), 3.865 mins elapsed.
2026-07-20 22:48:28.348571 : Group T cell._.X__18t (36 of 45) : Processed Fragments Chr (10 of 22), 3.872 mins elapsed.
2026-07-20 22:48:28.627512 : Group T cell._.X__pt26pre (37 of 45) : Processed Fragments Chr (7 of 22), 3.877 mins elapsed.
2026-07-20 22:48:29.759519 : Group T/NK cell._.X__13t (44 of 45) : Processed Fragments Chr (2 of 22), 3.896 mins elapsed.
2026-07-20 22:48:29.856123 : Group T/NK cell._.X__12t (45 of 45) : Processed Fragments Chr (2 of 22), 3.897 mins elapsed.
2026-07-20 22:48:29.916033 : Group T cell._.X__pt20pre (38 of 45) : Processed Fragments Chr (8 of 22), 3.898 mins elapsed.
2026-07-20 22:48:30.110477 : Group T cell._.X__11t (39 of 45) : Processed Fragments Chr (6 of 22), 3.902 mins elapsed.
2026-07-20 22:48:30.129028 : Group T/NK cell._.X__11t (43 of 45) : Processed Fragments Chr (3 of 22), 3.902 mins elapsed.
2026-07-20 22:48:30.250768 : Group Monocyte._.X__18t (33 of 45) : Processed Fragments Chr (14 of 22), 3.904 mins elapsed.
2026-07-20 22:48:30.371437 : Group Monocyte._.X__13t (35 of 45) : Processed Fragments Chr (11 of 22), 3.906 mins elapsed.
2026-07-20 22:48:30.41217 : Group Macrophage._.X__18t (28 of 45) : Processed Fragments Chr (22 of 22), 3.907 mins elapsed.
2026-07-20 22:48:31.047181 : Group Monocyte._.X__3t (34 of 45) : Processed Fragments Chr (11 of 22), 3.917 mins elapsed.
2026-07-20 22:48:31.158784 : Group T cell._.X__18t (36 of 45) : Processed Fragments Chr (11 of 22), 3.919 mins elapsed.
2026-07-20 22:48:32.197364 : Group T cell._.X__pt26pre (37 of 45) : Processed Fragments Chr (8 of 22), 3.936 mins elapsed.
2026-07-20 22:48:32.222789 : Group T/NK cell._.X__18t (41 of 45) : Processed Fragments Chr (5 of 22), 3.937 mins elapsed.
2026-07-20 22:48:32.498675 : Group T/NK cell._.X__12t (45 of 45) : Processed Fragments Chr (3 of 22), 3.941 mins elapsed.
2026-07-20 22:48:32.636156 : Group T cell._.X__22t (40 of 45) : Processed Fragments Chr (6 of 22), 3.944 mins elapsed.
2026-07-20 22:48:33.056595 : Group Monocyte._.X__18t (33 of 45) : Processed Fragments Chr (15 of 22), 3.951 mins elapsed.
2026-07-20 22:48:33.454561 : Group T/NK cell._.X__3t (42 of 45) : Processed Fragments Chr (5 of 22), 3.957 mins elapsed.
2026-07-20 22:48:33.51528 : Group T cell._.X__pt20pre (38 of 45) : Processed Fragments Chr (9 of 22), 3.958 mins elapsed.
2026-07-20 22:48:33.630233 : Group Monocyte._.X__13t (35 of 45) : Processed Fragments Chr (12 of 22), 3.96 mins elapsed.
2026-07-20 22:48:33.656218 : Group T/NK cell._.X__13t (44 of 45) : Processed Fragments Chr (3 of 22), 3.961 mins elapsed.
2026-07-20 22:48:33.784968 : Group T cell._.X__11t (39 of 45) : Processed Fragments Chr (7 of 22), 3.963 mins elapsed.
2026-07-20 22:48:33.889511 : Group Monocyte._.X__3t (34 of 45) : Processed Fragments Chr (12 of 22), 3.965 mins elapsed.
2026-07-20 22:48:33.946689 : Group T/NK cell._.X__11t (43 of 45) : Processed Fragments Chr (4 of 22), 3.965 mins elapsed.
2026-07-20 22:48:34.832383 : Group T/NK cell._.X__12t (45 of 45) : Processed Fragments Chr (4 of 22), 3.98 mins elapsed.
2026-07-20 22:48:35.250815 : Group T cell._.X__18t (36 of 45) : Processed Fragments Chr (12 of 22), 3.987 mins elapsed.
2026-07-20 22:48:35.568718 : Group T/NK cell._.X__18t (41 of 45) : Processed Fragments Chr (6 of 22), 3.993 mins elapsed.
2026-07-20 22:48:35.791171 : Group Monocyte._.X__18t (33 of 45) : Processed Fragments Chr (16 of 22), 3.996 mins elapsed.
2026-07-20 22:48:35.806688 : Group T cell._.X__pt26pre (37 of 45) : Processed Fragments Chr (9 of 22), 3.996 mins elapsed.
2026-07-20 22:48:36.130669 : Group T/NK cell._.X__3t (42 of 45) : Processed Fragments Chr (6 of 22), 4.002 mins elapsed.
2026-07-20 22:48:37.061086 : Group Monocyte._.X__3t (34 of 45) : Processed Fragments Chr (13 of 22), 4.017 mins elapsed.
2026-07-20 22:48:37.077528 : Group T/NK cell._.X__12t (45 of 45) : Processed Fragments Chr (5 of 22), 4.018 mins elapsed.
2026-07-20 22:48:37.161541 : Group T cell._.X__22t (40 of 45) : Processed Fragments Chr (7 of 22), 4.019 mins elapsed.
2026-07-20 22:48:37.439795 : Group T cell._.X__pt20pre (38 of 45) : Processed Fragments Chr (10 of 22), 4.024 mins elapsed.
2026-07-20 22:48:37.482731 : Group T/NK cell._.X__13t (44 of 45) : Processed Fragments Chr (4 of 22), 4.024 mins elapsed.
2026-07-20 22:48:37.487045 : Group Monocyte._.X__13t (35 of 45) : Processed Fragments Chr (13 of 22), 4.024 mins elapsed.
2026-07-20 22:48:37.589159 : Group T cell._.X__11t (39 of 45) : Processed Fragments Chr (8 of 22), 4.026 mins elapsed.
2026-07-20 22:48:38.60465 : Group T/NK cell._.X__11t (43 of 45) : Processed Fragments Chr (5 of 22), 4.043 mins elapsed.
2026-07-20 22:48:38.768112 : Group Monocyte._.X__18t (33 of 45) : Processed Fragments Chr (17 of 22), 4.046 mins elapsed.
2026-07-20 22:48:39.103917 : Group T/NK cell._.X__12t (45 of 45) : Processed Fragments Chr (6 of 22), 4.051 mins elapsed.
2026-07-20 22:48:39.331622 : Group Monocyte._.X__3t (34 of 45) : Processed Fragments Chr (14 of 22), 4.055 mins elapsed.
2026-07-20 22:48:39.492395 : Group T/NK cell._.X__18t (41 of 45) : Processed Fragments Chr (7 of 22), 4.058 mins elapsed.
2026-07-20 22:48:40.265 : Group T cell._.X__pt26pre (37 of 45) : Processed Fragments Chr (10 of 22), 4.071 mins elapsed.
2026-07-20 22:48:40.36305 : Group T/NK cell._.X__3t (42 of 45) : Processed Fragments Chr (7 of 22), 4.072 mins elapsed.
2026-07-20 22:48:40.501517 : Group T cell._.X__18t (36 of 45) : Processed Fragments Chr (13 of 22), 4.075 mins elapsed.
2026-07-20 22:48:40.505145 : Group T cell._.X__pt20pre (38 of 45) : Processed Fragments Chr (11 of 22), 4.075 mins elapsed.
2026-07-20 22:48:40.546109 : Group T cell._.X__22t (40 of 45) : Processed Fragments Chr (8 of 22), 4.075 mins elapsed.
2026-07-20 22:48:40.796241 : Group T cell._.X__11t (39 of 45) : Processed Fragments Chr (9 of 22), 4.08 mins elapsed.
2026-07-20 22:48:41.159691 : Group T/NK cell._.X__12t (45 of 45) : Processed Fragments Chr (7 of 22), 4.086 mins elapsed.
2026-07-20 22:48:41.552991 : Group Monocyte._.X__3t (34 of 45) : Processed Fragments Chr (15 of 22), 4.092 mins elapsed.
2026-07-20 22:48:41.67653 : Group Monocyte._.X__18t (33 of 45) : Processed Fragments Chr (18 of 22), 4.094 mins elapsed.
2026-07-20 22:48:41.759007 : Group T/NK cell._.X__11t (43 of 45) : Processed Fragments Chr (6 of 22), 4.096 mins elapsed.
2026-07-20 22:48:42.047554 : Group Monocyte._.X__13t (35 of 45) : Processed Fragments Chr (14 of 22), 4.1 mins elapsed.
2026-07-20 22:48:42.982071 : Group T/NK cell._.X__18t (41 of 45) : Processed Fragments Chr (8 of 22), 4.116 mins elapsed.
2026-07-20 22:48:43.115842 : Group T/NK cell._.X__13t (44 of 45) : Processed Fragments Chr (5 of 22), 4.118 mins elapsed.
2026-07-20 22:48:43.151886 : Group T cell._.X__18t (36 of 45) : Processed Fragments Chr (14 of 22), 4.119 mins elapsed.
2026-07-20 22:48:43.153121 : Group T cell._.X__pt26pre (37 of 45) : Processed Fragments Chr (11 of 22), 4.119 mins elapsed.
2026-07-20 22:48:43.288245 : Group T/NK cell._.X__12t (45 of 45) : Processed Fragments Chr (8 of 22), 4.121 mins elapsed.
2026-07-20 22:48:43.509578 : Group T cell._.X__22t (40 of 45) : Processed Fragments Chr (9 of 22), 4.125 mins elapsed.
2026-07-20 22:48:43.889882 : Group T/NK cell._.X__3t (42 of 45) : Processed Fragments Chr (8 of 22), 4.131 mins elapsed.
2026-07-20 22:48:44.325567 : Group Monocyte._.X__18t (33 of 45) : Processed Fragments Chr (19 of 22), 4.138 mins elapsed.
2026-07-20 22:48:44.326275 : Group T cell._.X__11t (39 of 45) : Processed Fragments Chr (10 of 22), 4.138 mins elapsed.
2026-07-20 22:48:44.37285 : Group T cell._.X__pt20pre (38 of 45) : Processed Fragments Chr (12 of 22), 4.139 mins elapsed.
2026-07-20 22:48:44.493953 : Group Monocyte._.X__3t (34 of 45) : Processed Fragments Chr (16 of 22), 4.141 mins elapsed.
2026-07-20 22:48:45.358428 : Group T/NK cell._.X__11t (43 of 45) : Processed Fragments Chr (7 of 22), 4.156 mins elapsed.
2026-07-20 22:48:45.408736 : Group T/NK cell._.X__12t (45 of 45) : Processed Fragments Chr (9 of 22), 4.157 mins elapsed.
2026-07-20 22:48:45.451378 : Group T cell._.X__18t (36 of 45) : Processed Fragments Chr (15 of 22), 4.157 mins elapsed.
2026-07-20 22:48:45.74682 : Group Monocyte._.X__13t (35 of 45) : Processed Fragments Chr (15 of 22), 4.162 mins elapsed.
2026-07-20 22:48:46.146549 : Group T/NK cell._.X__18t (41 of 45) : Processed Fragments Chr (9 of 22), 4.169 mins elapsed.
2026-07-20 22:48:46.67033 : Group T cell._.X__pt26pre (37 of 45) : Processed Fragments Chr (12 of 22), 4.178 mins elapsed.
2026-07-20 22:48:46.863523 : Group T cell._.X__22t (40 of 45) : Processed Fragments Chr (10 of 22), 4.181 mins elapsed.
2026-07-20 22:48:46.981091 : Group T/NK cell._.X__13t (44 of 45) : Processed Fragments Chr (6 of 22), 4.183 mins elapsed.
2026-07-20 22:48:47.034402 : Group Monocyte._.X__18t (33 of 45) : Processed Fragments Chr (20 of 22), 4.184 mins elapsed.
2026-07-20 22:48:47.201362 : Group T cell._.X__11t (39 of 45) : Processed Fragments Chr (11 of 22), 4.186 mins elapsed.
2026-07-20 22:48:47.322886 : Group T/NK cell._.X__3t (42 of 45) : Processed Fragments Chr (9 of 22), 4.188 mins elapsed.
2026-07-20 22:48:47.65459 : Group T/NK cell._.X__12t (45 of 45) : Processed Fragments Chr (10 of 22), 4.194 mins elapsed.
2026-07-20 22:48:47.956385 : Group T cell._.X__18t (36 of 45) : Processed Fragments Chr (16 of 22), 4.199 mins elapsed.
2026-07-20 22:48:48.312319 : Group Monocyte._.X__3t (34 of 45) : Processed Fragments Chr (17 of 22), 4.205 mins elapsed.
2026-07-20 22:48:48.35642 : Group T/NK cell._.X__11t (43 of 45) : Processed Fragments Chr (8 of 22), 4.206 mins elapsed.
2026-07-20 22:48:48.958982 : Group T cell._.X__pt20pre (38 of 45) : Processed Fragments Chr (13 of 22), 4.216 mins elapsed.
2026-07-20 22:48:49.266823 : Group Monocyte._.X__13t (35 of 45) : Processed Fragments Chr (16 of 22), 4.221 mins elapsed.
2026-07-20 22:48:49.397457 : Group T cell._.X__22t (40 of 45) : Processed Fragments Chr (11 of 22), 4.223 mins elapsed.
2026-07-20 22:48:49.604636 : Group T/NK cell._.X__18t (41 of 45) : Processed Fragments Chr (10 of 22), 4.226 mins elapsed.
2026-07-20 22:48:49.619098 : Group Monocyte._.X__18t (33 of 45) : Processed Fragments Chr (21 of 22), 4.227 mins elapsed.
2026-07-20 22:48:49.672265 : Group T/NK cell._.X__12t (45 of 45) : Processed Fragments Chr (11 of 22), 4.228 mins elapsed.
2026-07-20 22:48:50.040349 : Group T cell._.X__11t (39 of 45) : Processed Fragments Chr (12 of 22), 4.234 mins elapsed.
2026-07-20 22:48:50.390529 : Group T cell._.X__pt26pre (37 of 45) : Processed Fragments Chr (13 of 22), 4.24 mins elapsed.
2026-07-20 22:48:50.549733 : Group T/NK cell._.X__13t (44 of 45) : Processed Fragments Chr (7 of 22), 4.242 mins elapsed.
2026-07-20 22:48:50.99121 : Group Monocyte._.X__3t (34 of 45) : Processed Fragments Chr (18 of 22), 4.25 mins elapsed.
2026-07-20 22:48:51.545186 : Group T cell._.X__18t (36 of 45) : Processed Fragments Chr (17 of 22), 4.259 mins elapsed.
2026-07-20 22:48:51.598964 : Group T/NK cell._.X__11t (43 of 45) : Processed Fragments Chr (9 of 22), 4.26 mins elapsed.
2026-07-20 22:48:51.870617 : Group T/NK cell._.X__3t (42 of 45) : Processed Fragments Chr (10 of 22), 4.264 mins elapsed.
2026-07-20 22:48:52.164699 : Group T/NK cell._.X__12t (45 of 45) : Processed Fragments Chr (12 of 22), 4.269 mins elapsed.
2026-07-20 22:48:52.274235 : Group Monocyte._.X__18t (33 of 45) : Processed Fragments Chr (22 of 22), 4.271 mins elapsed.
2026-07-20 22:48:52.284205 : Group T/NK cell._.X__18t (41 of 45) : Processed Fragments Chr (11 of 22), 4.271 mins elapsed.
2026-07-20 22:48:52.32983 : Group T cell._.X__22t (40 of 45) : Processed Fragments Chr (12 of 22), 4.272 mins elapsed.
2026-07-20 22:48:52.656471 : Group T cell._.X__pt20pre (38 of 45) : Processed Fragments Chr (14 of 22), 4.277 mins elapsed.
2026-07-20 22:48:53.141085 : Group Monocyte._.X__13t (35 of 45) : Processed Fragments Chr (17 of 22), 4.285 mins elapsed.
2026-07-20 22:48:53.921913 : Group T cell._.X__11t (39 of 45) : Processed Fragments Chr (13 of 22), 4.298 mins elapsed.
2026-07-20 22:48:53.991374 : Group T cell._.X__pt26pre (37 of 45) : Processed Fragments Chr (14 of 22), 4.3 mins elapsed.
2026-07-20 22:48:54.171036 : Group Monocyte._.X__3t (34 of 45) : Processed Fragments Chr (19 of 22), 4.303 mins elapsed.
2026-07-20 22:48:54.655784 : Group T/NK cell._.X__12t (45 of 45) : Processed Fragments Chr (13 of 22), 4.311 mins elapsed.
2026-07-20 22:48:54.86715 : Group T/NK cell._.X__11t (43 of 45) : Processed Fragments Chr (10 of 22), 4.314 mins elapsed.
2026-07-20 22:48:54.905672 : Group T cell._.X__18t (36 of 45) : Processed Fragments Chr (18 of 22), 4.315 mins elapsed.
2026-07-20 22:48:55.028813 : Group T/NK cell._.X__13t (44 of 45) : Processed Fragments Chr (8 of 22), 4.317 mins elapsed.
2026-07-20 22:48:55.403469 : Group T/NK cell._.X__3t (42 of 45) : Processed Fragments Chr (11 of 22), 4.323 mins elapsed.
2026-07-20 22:48:55.57751 : Group T cell._.X__pt20pre (38 of 45) : Processed Fragments Chr (15 of 22), 4.326 mins elapsed.
2026-07-20 22:48:55.82218 : Group T/NK cell._.X__18t (41 of 45) : Processed Fragments Chr (12 of 22), 4.33 mins elapsed.
2026-07-20 22:48:56.17979 : Group T cell._.X__22t (40 of 45) : Processed Fragments Chr (13 of 22), 4.336 mins elapsed.
2026-07-20 22:48:56.734802 : Group T/NK cell._.X__12t (45 of 45) : Processed Fragments Chr (14 of 22), 4.345 mins elapsed.
2026-07-20 22:48:56.777423 : Group Monocyte._.X__13t (35 of 45) : Processed Fragments Chr (18 of 22), 4.346 mins elapsed.
2026-07-20 22:48:56.942754 : Group Monocyte._.X__3t (34 of 45) : Processed Fragments Chr (20 of 22), 4.349 mins elapsed.
2026-07-20 22:48:56.986816 : Group T cell._.X__pt26pre (37 of 45) : Processed Fragments Chr (15 of 22), 4.349 mins elapsed.
2026-07-20 22:48:57.601341 : Group T cell._.X__11t (39 of 45) : Processed Fragments Chr (14 of 22), 4.36 mins elapsed.
2026-07-20 22:48:58.219144 : Group T/NK cell._.X__11t (43 of 45) : Processed Fragments Chr (11 of 22), 4.37 mins elapsed.
2026-07-20 22:48:58.299055 : Group T cell._.X__18t (36 of 45) : Processed Fragments Chr (19 of 22), 4.371 mins elapsed.
2026-07-20 22:48:58.608514 : Group T/NK cell._.X__12t (45 of 45) : Processed Fragments Chr (15 of 22), 4.377 mins elapsed.
2026-07-20 22:48:58.658088 : Group T/NK cell._.X__13t (44 of 45) : Processed Fragments Chr (9 of 22), 4.377 mins elapsed.
2026-07-20 22:48:58.77564 : Group T/NK cell._.X__3t (42 of 45) : Processed Fragments Chr (12 of 22), 4.379 mins elapsed.
2026-07-20 22:48:59.174109 : Group T cell._.X__pt20pre (38 of 45) : Processed Fragments Chr (16 of 22), 4.386 mins elapsed.
2026-07-20 22:48:59.666751 : Group Monocyte._.X__3t (34 of 45) : Processed Fragments Chr (21 of 22), 4.394 mins elapsed.
2026-07-20 22:48:59.779135 : Group T cell._.X__22t (40 of 45) : Processed Fragments Chr (14 of 22), 4.396 mins elapsed.
2026-07-20 22:49:00.256708 : Group T/NK cell._.X__18t (41 of 45) : Processed Fragments Chr (13 of 22), 4.404 mins elapsed.
2026-07-20 22:49:00.731982 : Group T cell._.X__11t (39 of 45) : Processed Fragments Chr (15 of 22), 4.412 mins elapsed.
2026-07-20 22:49:00.770283 : Group Monocyte._.X__13t (35 of 45) : Processed Fragments Chr (19 of 22), 4.413 mins elapsed.
2026-07-20 22:49:00.856403 : Group T/NK cell._.X__12t (45 of 45) : Processed Fragments Chr (16 of 22), 4.414 mins elapsed.
2026-07-20 22:49:00.929524 : Group T cell._.X__pt26pre (37 of 45) : Processed Fragments Chr (16 of 22), 4.415 mins elapsed.
2026-07-20 22:49:01.270075 : Group T/NK cell._.X__11t (43 of 45) : Processed Fragments Chr (12 of 22), 4.421 mins elapsed.
2026-07-20 22:49:01.723071 : Group T cell._.X__18t (36 of 45) : Processed Fragments Chr (20 of 22), 4.428 mins elapsed.
2026-07-20 22:49:02.087191 : Group T cell._.X__22t (40 of 45) : Processed Fragments Chr (15 of 22), 4.434 mins elapsed.
2026-07-20 22:49:02.310125 : Group Monocyte._.X__3t (34 of 45) : Processed Fragments Chr (22 of 22), 4.438 mins elapsed.
2026-07-20 22:49:03.332702 : Group T/NK cell._.X__18t (41 of 45) : Processed Fragments Chr (14 of 22), 4.455 mins elapsed.
2026-07-20 22:49:03.646917 : Group T/NK cell._.X__3t (42 of 45) : Processed Fragments Chr (13 of 22), 4.46 mins elapsed.
2026-07-20 22:49:03.820368 : Group T cell._.X__pt20pre (38 of 45) : Processed Fragments Chr (17 of 22), 4.463 mins elapsed.
2026-07-20 22:49:03.930115 : Group T/NK cell._.X__13t (44 of 45) : Processed Fragments Chr (10 of 22), 4.465 mins elapsed.
2026-07-20 22:49:04.013865 : Group T cell._.X__11t (39 of 45) : Processed Fragments Chr (16 of 22), 4.467 mins elapsed.
2026-07-20 22:49:04.352984 : Group T cell._.X__22t (40 of 45) : Processed Fragments Chr (16 of 22), 4.472 mins elapsed.
2026-07-20 22:49:04.429726 : Group T/NK cell._.X__12t (45 of 45) : Processed Fragments Chr (17 of 22), 4.474 mins elapsed.
2026-07-20 22:49:05.245389 : Group Monocyte._.X__13t (35 of 45) : Processed Fragments Chr (20 of 22), 4.487 mins elapsed.
2026-07-20 22:49:05.337198 : Group T cell._.X__18t (36 of 45) : Processed Fragments Chr (21 of 22), 4.489 mins elapsed.
2026-07-20 22:49:05.507549 : Group T/NK cell._.X__18t (41 of 45) : Processed Fragments Chr (15 of 22), 4.491 mins elapsed.
2026-07-20 22:49:05.513734 : Group T cell._.X__pt26pre (37 of 45) : Processed Fragments Chr (17 of 22), 4.492 mins elapsed.
2026-07-20 22:49:05.645179 : Group T/NK cell._.X__11t (43 of 45) : Processed Fragments Chr (13 of 22), 4.494 mins elapsed.
2026-07-20 22:49:06.668976 : Group T/NK cell._.X__12t (45 of 45) : Processed Fragments Chr (18 of 22), 4.511 mins elapsed.
2026-07-20 22:49:07.042138 : Group T cell._.X__11t (39 of 45) : Processed Fragments Chr (17 of 22), 4.517 mins elapsed.
2026-07-20 22:49:07.133723 : Group T/NK cell._.X__3t (42 of 45) : Processed Fragments Chr (14 of 22), 4.519 mins elapsed.
2026-07-20 22:49:07.257535 : Group T cell._.X__22t (40 of 45) : Processed Fragments Chr (17 of 22), 4.521 mins elapsed.
2026-07-20 22:49:07.596321 : Group T/NK cell._.X__13t (44 of 45) : Processed Fragments Chr (11 of 22), 4.526 mins elapsed.
2026-07-20 22:49:07.882935 : Group T/NK cell._.X__18t (41 of 45) : Processed Fragments Chr (16 of 22), 4.531 mins elapsed.
2026-07-20 22:49:08.002954 : Group T cell._.X__pt20pre (38 of 45) : Processed Fragments Chr (18 of 22), 4.533 mins elapsed.
2026-07-20 22:49:08.324964 : Group T cell._.X__18t (36 of 45) : Processed Fragments Chr (22 of 22), 4.538 mins elapsed.
2026-07-20 22:49:08.664807 : Group T/NK cell._.X__11t (43 of 45) : Processed Fragments Chr (14 of 22), 4.544 mins elapsed.
2026-07-20 22:49:08.888745 : Group T/NK cell._.X__12t (45 of 45) : Processed Fragments Chr (19 of 22), 4.548 mins elapsed.
2026-07-20 22:49:09.252962 : Group T cell._.X__pt26pre (37 of 45) : Processed Fragments Chr (18 of 22), 4.554 mins elapsed.
2026-07-20 22:49:09.703063 : Group T cell._.X__11t (39 of 45) : Processed Fragments Chr (18 of 22), 4.561 mins elapsed.
2026-07-20 22:49:09.779827 : Group Monocyte._.X__13t (35 of 45) : Processed Fragments Chr (21 of 22), 4.563 mins elapsed.
2026-07-20 22:49:09.825527 : Group T cell._.X__22t (40 of 45) : Processed Fragments Chr (18 of 22), 4.563 mins elapsed.
2026-07-20 22:49:11.042162 : Group T/NK cell._.X__3t (42 of 45) : Processed Fragments Chr (15 of 22), 4.584 mins elapsed.
2026-07-20 22:49:11.167896 : Group T/NK cell._.X__12t (45 of 45) : Processed Fragments Chr (20 of 22), 4.586 mins elapsed.
2026-07-20 22:49:11.661024 : Group T/NK cell._.X__11t (43 of 45) : Processed Fragments Chr (15 of 22), 4.594 mins elapsed.
2026-07-20 22:49:11.858135 : Group T/NK cell._.X__18t (41 of 45) : Processed Fragments Chr (17 of 22), 4.597 mins elapsed.
2026-07-20 22:49:11.914077 : Group T cell._.X__pt20pre (38 of 45) : Processed Fragments Chr (19 of 22), 4.598 mins elapsed.
2026-07-20 22:49:11.914402 : Group T/NK cell._.X__13t (44 of 45) : Processed Fragments Chr (12 of 22), 4.598 mins elapsed.
2026-07-20 22:49:12.476351 : Group T cell._.X__pt26pre (37 of 45) : Processed Fragments Chr (19 of 22), 4.608 mins elapsed.
2026-07-20 22:49:12.478013 : Group T cell._.X__22t (40 of 45) : Processed Fragments Chr (19 of 22), 4.608 mins elapsed.
2026-07-20 22:49:12.579524 : Group T cell._.X__11t (39 of 45) : Processed Fragments Chr (19 of 22), 4.609 mins elapsed.
2026-07-20 22:49:13.316135 : Group T/NK cell._.X__12t (45 of 45) : Processed Fragments Chr (21 of 22), 4.622 mins elapsed.
2026-07-20 22:49:13.381884 : Group Monocyte._.X__13t (35 of 45) : Processed Fragments Chr (22 of 22), 4.623 mins elapsed.
2026-07-20 22:49:14.165255 : Group T/NK cell._.X__3t (42 of 45) : Processed Fragments Chr (16 of 22), 4.636 mins elapsed.
2026-07-20 22:49:14.381174 : Group T/NK cell._.X__11t (43 of 45) : Processed Fragments Chr (16 of 22), 4.639 mins elapsed.
2026-07-20 22:49:15.306943 : Group T cell._.X__22t (40 of 45) : Processed Fragments Chr (20 of 22), 4.655 mins elapsed.
2026-07-20 22:49:15.552498 : Group T/NK cell._.X__18t (41 of 45) : Processed Fragments Chr (18 of 22), 4.659 mins elapsed.
2026-07-20 22:49:15.566688 : Group T cell._.X__11t (39 of 45) : Processed Fragments Chr (20 of 22), 4.659 mins elapsed.
2026-07-20 22:49:15.628522 : Group T/NK cell._.X__12t (45 of 45) : Processed Fragments Chr (22 of 22), 4.66 mins elapsed.
2026-07-20 22:49:15.762928 : Group T cell._.X__pt26pre (37 of 45) : Processed Fragments Chr (20 of 22), 4.662 mins elapsed.
2026-07-20 22:49:16.43365 : Group T cell._.X__pt20pre (38 of 45) : Processed Fragments Chr (20 of 22), 4.674 mins elapsed.
2026-07-20 22:49:16.506169 : Group T/NK cell._.X__13t (44 of 45) : Processed Fragments Chr (13 of 22), 4.675 mins elapsed.
2026-07-20 22:49:17.834791 : Group T cell._.X__22t (40 of 45) : Processed Fragments Chr (21 of 22), 4.697 mins elapsed.
2026-07-20 22:49:18.028272 : Group T/NK cell._.X__11t (43 of 45) : Processed Fragments Chr (17 of 22), 4.7 mins elapsed.
2026-07-20 22:49:18.089243 : Group T cell._.X__11t (39 of 45) : Processed Fragments Chr (21 of 22), 4.701 mins elapsed.
2026-07-20 22:49:19.053938 : Group T/NK cell._.X__18t (41 of 45) : Processed Fragments Chr (19 of 22), 4.717 mins elapsed.
2026-07-20 22:49:19.246752 : Group T cell._.X__pt26pre (37 of 45) : Processed Fragments Chr (21 of 22), 4.72 mins elapsed.
2026-07-20 22:49:19.333467 : Group T/NK cell._.X__3t (42 of 45) : Processed Fragments Chr (17 of 22), 4.722 mins elapsed.
2026-07-20 22:49:20.229048 : Group T cell._.X__22t (40 of 45) : Processed Fragments Chr (22 of 22), 4.737 mins elapsed.
2026-07-20 22:49:20.388117 : Group T/NK cell._.X__13t (44 of 45) : Processed Fragments Chr (14 of 22), 4.739 mins elapsed.
2026-07-20 22:49:20.492858 : Group T cell._.X__pt20pre (38 of 45) : Processed Fragments Chr (21 of 22), 4.741 mins elapsed.
2026-07-20 22:49:20.502519 : Group T cell._.X__11t (39 of 45) : Processed Fragments Chr (22 of 22), 4.741 mins elapsed.
2026-07-20 22:49:20.995394 : Group T/NK cell._.X__11t (43 of 45) : Processed Fragments Chr (18 of 22), 4.75 mins elapsed.
2026-07-20 22:49:22.646306 : Group T/NK cell._.X__18t (41 of 45) : Processed Fragments Chr (20 of 22), 4.777 mins elapsed.
2026-07-20 22:49:22.709965 : Group T cell._.X__pt26pre (37 of 45) : Processed Fragments Chr (22 of 22), 4.778 mins elapsed.
2026-07-20 22:49:23.599047 : Group T cell._.X__pt20pre (38 of 45) : Processed Fragments Chr (22 of 22), 4.793 mins elapsed.
2026-07-20 22:49:23.73385 : Group T/NK cell._.X__13t (44 of 45) : Processed Fragments Chr (15 of 22), 4.795 mins elapsed.
2026-07-20 22:49:23.918257 : Group T/NK cell._.X__3t (42 of 45) : Processed Fragments Chr (18 of 22), 4.798 mins elapsed.
2026-07-20 22:49:24.577628 : Group T/NK cell._.X__11t (43 of 45) : Processed Fragments Chr (19 of 22), 4.809 mins elapsed.
2026-07-20 22:49:25.942455 : Group T/NK cell._.X__18t (41 of 45) : Processed Fragments Chr (21 of 22), 4.832 mins elapsed.
2026-07-20 22:49:26.809996 : Group T/NK cell._.X__13t (44 of 45) : Processed Fragments Chr (16 of 22), 4.847 mins elapsed.
2026-07-20 22:49:27.882224 : Group T/NK cell._.X__11t (43 of 45) : Processed Fragments Chr (20 of 22), 4.864 mins elapsed.
2026-07-20 22:49:27.955851 : Group T/NK cell._.X__3t (42 of 45) : Processed Fragments Chr (19 of 22), 4.866 mins elapsed.
2026-07-20 22:49:28.970183 : Group T/NK cell._.X__18t (41 of 45) : Processed Fragments Chr (22 of 22), 4.883 mins elapsed.
2026-07-20 22:49:30.571297 : Group T/NK cell._.X__13t (44 of 45) : Processed Fragments Chr (17 of 22), 4.909 mins elapsed.
2026-07-20 22:49:30.8911 : Group T/NK cell._.X__11t (43 of 45) : Processed Fragments Chr (21 of 22), 4.915 mins elapsed.
2026-07-20 22:49:32.18818 : Group T/NK cell._.X__3t (42 of 45) : Processed Fragments Chr (20 of 22), 4.936 mins elapsed.
2026-07-20 22:49:33.437204 : Group T/NK cell._.X__11t (43 of 45) : Processed Fragments Chr (22 of 22), 4.957 mins elapsed.
2026-07-20 22:49:34.234697 : Group T/NK cell._.X__13t (44 of 45) : Processed Fragments Chr (18 of 22), 4.97 mins elapsed.
2026-07-20 22:49:35.701693 : Group T/NK cell._.X__3t (42 of 45) : Processed Fragments Chr (21 of 22), 4.995 mins elapsed.
2026-07-20 22:49:38.445881 : Group T/NK cell._.X__13t (44 of 45) : Processed Fragments Chr (19 of 22), 5.04 mins elapsed.
2026-07-20 22:49:38.814943 : Group T/NK cell._.X__3t (42 of 45) : Processed Fragments Chr (22 of 22), 5.047 mins elapsed.
2026-07-20 22:49:42.366014 : Group T/NK cell._.X__13t (44 of 45) : Processed Fragments Chr (20 of 22), 5.106 mins elapsed.
2026-07-20 22:49:45.751727 : Group T/NK cell._.X__13t (44 of 45) : Processed Fragments Chr (21 of 22), 5.162 mins elapsed.
2026-07-20 22:49:48.497505 : Group T/NK cell._.X__13t (44 of 45) : Processed Fragments Chr (22 of 22), 5.208 mins elapsed.

2026-07-20 22:49:51.408985 : kmerBias-Parameters, Class = list

kmerBias-Parameters$: length = 1
                       
1 function (name)      
2 .Internal(args(name))


kmerBias-Parameters$genome: length = 1
[1] "BSgenome.Hsapiens.UCSC.hg38"


kmerBias-Parameters$kmerLength: length = 1
[1] 6


kmerBias-Parameters$threads: length = 1
[1] 16


kmerBias-Parameters$verbose: length = 1
[1] FALSE


kmerBias-Parameters$tstart: length = 0
NULL


kmerBias-Parameters$logFile: length = 1
[1] "ArchRLogs/ArchR-addGroupCoverages-151c42bfa1c06-Date-2026-07-20_Time-22-44-36.015438.log"



2026-07-20 22:49:58.026475 : Kmer Bias chr1 (1 of 22)

2026-07-20 22:49:58.172989 : Kmer Bias chr10 (2 of 22)

2026-07-20 22:49:58.319331 : Kmer Bias chr11 (3 of 22)

2026-07-20 22:49:58.45862 : Kmer Bias chr12 (4 of 22)

2026-07-20 22:49:58.596315 : Kmer Bias chr13 (5 of 22)

2026-07-20 22:49:58.735141 : Kmer Bias chr14 (6 of 22)

2026-07-20 22:49:58.872463 : Kmer Bias chr15 (7 of 22)

2026-07-20 22:49:59.012102 : Kmer Bias chr16 (8 of 22)

2026-07-20 22:49:59.15109 : Kmer Bias chr17 (9 of 22)

2026-07-20 22:49:59.291304 : Kmer Bias chr18 (10 of 22)

2026-07-20 22:49:59.431707 : Kmer Bias chr19 (11 of 22)

2026-07-20 22:49:59.48415 : Coverage File chr13 (1 of 45)

2026-07-20 22:49:59.487914 : Coverage File chr10 (1 of 45)

2026-07-20 22:49:59.491462 : Coverage File chr11 (1 of 45)

2026-07-20 22:49:59.565435 : Coverage File chr12 (1 of 45)

2026-07-20 22:49:59.569849 : Kmer Bias chr2 (12 of 22)

2026-07-20 22:49:59.58147 : Coverage File chr14 (1 of 45)

2026-07-20 22:49:59.663599 : Coverage File chr15 (1 of 45)

2026-07-20 22:49:59.710557 : Kmer Bias chr20 (13 of 22)

2026-07-20 22:49:59.788536 : Coverage File chr16 (1 of 45)

2026-07-20 22:49:59.852008 : Kmer Bias chr21 (14 of 22)

2026-07-20 22:49:59.867654 : Coverage File chr17 (1 of 45)

2026-07-20 22:49:59.953902 : Coverage File chr19 (1 of 45)

2026-07-20 22:49:59.993826 : Kmer Bias chr22 (15 of 22)

2026-07-20 22:50:00.002321 : Coverage File chr18 (1 of 45)

2026-07-20 22:50:00.136304 : Kmer Bias chr3 (16 of 22)

2026-07-20 22:50:00.207838 : Coverage File chr1 (1 of 45)

2026-07-20 22:50:00.321925 : Coverage File chr20 (1 of 45)

2026-07-20 22:50:00.341543 : Coverage File chr21 (1 of 45)

2026-07-20 22:50:00.47983 : Coverage File chr22 (1 of 45)

2026-07-20 22:50:01.284791 : Coverage File chr2 (1 of 45)

2026-07-20 22:50:01.552994 : Coverage File chr3 (1 of 45)

2026-07-20 22:50:02.571202 : Coverage File chr11 (2 of 45)

2026-07-20 22:50:02.574998 : Coverage File chr12 (2 of 45)

2026-07-20 22:50:02.575073 : Coverage File chr15 (2 of 45)

2026-07-20 22:50:02.613408 : Coverage File chr10 (2 of 45)

2026-07-20 22:50:02.832038 : Coverage File chr16 (2 of 45)

2026-07-20 22:50:02.980476 : Coverage File chr13 (2 of 45)

2026-07-20 22:50:02.980112 : Coverage File chr17 (2 of 45)

2026-07-20 22:50:03.052092 : Coverage File chr18 (2 of 45)

2026-07-20 22:50:03.07566 : Coverage File chr19 (2 of 45)

2026-07-20 22:50:03.232065 : Coverage File chr20 (2 of 45)

2026-07-20 22:50:03.235888 : Coverage File chr21 (2 of 45)

2026-07-20 22:50:03.449548 : Coverage File chr22 (2 of 45)

2026-07-20 22:50:03.466278 : Coverage File chr14 (2 of 45)

2026-07-20 22:50:03.847736 : Coverage File chr1 (2 of 45)

2026-07-20 22:50:04.530754 : Coverage File chr15 (3 of 45)

2026-07-20 22:50:04.635702 : Coverage File chr10 (3 of 45)

2026-07-20 22:50:04.649905 : Coverage File chr11 (3 of 45)

2026-07-20 22:50:04.760121 : Coverage File chr3 (2 of 45)

2026-07-20 22:50:04.809572 : Coverage File chr2 (2 of 45)

2026-07-20 22:50:04.977046 : Coverage File chr18 (3 of 45)

2026-07-20 22:50:05.009577 : Coverage File chr16 (3 of 45)

2026-07-20 22:50:05.016334 : Coverage File chr12 (3 of 45)

2026-07-20 22:50:05.143866 : Coverage File chr19 (3 of 45)

2026-07-20 22:50:05.227843 : Coverage File chr20 (3 of 45)

2026-07-20 22:50:05.25454 : Coverage File chr13 (3 of 45)

2026-07-20 22:50:05.438362 : Coverage File chr21 (3 of 45)

2026-07-20 22:50:05.507832 : Coverage File chr22 (3 of 45)

2026-07-20 22:50:05.802485 : Coverage File chr17 (3 of 45)

2026-07-20 22:50:06.448277 : Coverage File chr14 (3 of 45)

2026-07-20 22:50:06.476153 : Coverage File chr15 (4 of 45)

2026-07-20 22:50:06.496748 : Coverage File chr10 (4 of 45)

2026-07-20 22:50:06.566603 : Coverage File chr11 (4 of 45)

2026-07-20 22:50:06.842697 : Coverage File chr1 (3 of 45)

2026-07-20 22:50:06.852638 : Coverage File chr3 (3 of 45)

2026-07-20 22:50:07.18102 : Coverage File chr13 (4 of 45)

2026-07-20 22:50:07.312183 : Coverage File chr18 (4 of 45)

2026-07-20 22:50:07.594833 : Coverage File chr12 (4 of 45)

2026-07-20 22:50:07.67697 : Coverage File chr2 (3 of 45)

2026-07-20 22:50:07.969979 : Coverage File chr16 (4 of 45)

2026-07-20 22:50:08.141531 : Coverage File chr20 (4 of 45)

2026-07-20 22:50:08.307408 : Coverage File chr21 (4 of 45)

2026-07-20 22:50:08.372933 : Coverage File chr15 (5 of 45)

2026-07-20 22:50:08.387162 : Coverage File chr14 (4 of 45)

2026-07-20 22:50:08.400313 : Coverage File chr10 (5 of 45)

2026-07-20 22:50:08.426887 : Coverage File chr22 (4 of 45)

2026-07-20 22:50:08.45303 : Coverage File chr11 (5 of 45)

2026-07-20 22:50:08.822424 : Coverage File chr19 (4 of 45)

2026-07-20 22:50:08.961326 : Coverage File chr3 (4 of 45)

2026-07-20 22:50:09.164113 : Coverage File chr13 (5 of 45)

2026-07-20 22:50:09.168211 : Coverage File chr18 (5 of 45)

2026-07-20 22:50:09.655667 : Coverage File chr1 (4 of 45)

2026-07-20 22:50:09.713486 : Coverage File chr12 (5 of 45)

2026-07-20 22:50:10.154373 : Coverage File chr17 (4 of 45)

2026-07-20 22:50:10.172679 : Coverage File chr10 (6 of 45)

2026-07-20 22:50:10.28412 : Coverage File chr15 (6 of 45)

2026-07-20 22:50:10.391454 : Coverage File chr14 (5 of 45)

2026-07-20 22:50:10.457222 : Coverage File chr20 (5 of 45)

2026-07-20 22:50:10.514198 : Coverage File chr11 (6 of 45)

2026-07-20 22:50:10.960334 : Coverage File chr3 (5 of 45)

2026-07-20 22:50:10.969264 : Coverage File chr18 (6 of 45)

2026-07-20 22:50:10.997796 : Coverage File chr21 (5 of 45)

2026-07-20 22:50:11.143356 : Coverage File chr19 (5 of 45)

2026-07-20 22:50:11.47109 : Coverage File chr2 (4 of 45)

2026-07-20 22:50:11.472935 : Coverage File chr13 (6 of 45)

2026-07-20 22:50:11.495488 : Coverage File chr16 (5 of 45)

2026-07-20 22:50:11.753591 : Coverage File chr12 (6 of 45)

2026-07-20 22:50:12.4317 : Coverage File chr20 (6 of 45)

2026-07-20 22:50:12.464687 : Coverage File chr14 (6 of 45)

2026-07-20 22:50:12.500145 : Coverage File chr22 (5 of 45)

2026-07-20 22:50:12.882589 : Coverage File chr3 (6 of 45)

2026-07-20 22:50:12.896322 : Coverage File chr17 (5 of 45)

2026-07-20 22:50:12.940884 : Coverage File chr21 (6 of 45)

2026-07-20 22:50:13.126125 : Coverage File chr1 (5 of 45)

2026-07-20 22:50:13.148429 : Coverage File chr10 (7 of 45)

2026-07-20 22:50:13.376472 : Coverage File chr15 (7 of 45)

2026-07-20 22:50:13.438442 : Coverage File chr18 (7 of 45)

2026-07-20 22:50:13.872141 : Coverage File chr13 (7 of 45)

2026-07-20 22:50:13.955626 : Coverage File chr19 (6 of 45)

2026-07-20 22:50:13.964665 : Coverage File chr16 (6 of 45)

2026-07-20 22:50:14.413103 : Coverage File chr2 (5 of 45)

2026-07-20 22:50:14.731617 : Coverage File chr22 (6 of 45)

2026-07-20 22:50:15.174617 : Coverage File chr14 (7 of 45)

2026-07-20 22:50:15.197103 : Coverage File chr12 (7 of 45)

2026-07-20 22:50:15.279572 : Coverage File chr11 (7 of 45)

2026-07-20 22:50:15.3036 : Coverage File chr17 (6 of 45)

2026-07-20 22:50:15.427173 : Coverage File chr18 (8 of 45)

2026-07-20 22:50:15.708913 : Coverage File chr10 (8 of 45)

2026-07-20 22:50:15.817348 : Coverage File chr15 (8 of 45)

2026-07-20 22:50:16.017271 : Coverage File chr13 (8 of 45)

2026-07-20 22:50:16.057583 : Coverage File chr21 (7 of 45)

2026-07-20 22:50:16.319858 : Coverage File chr20 (7 of 45)

2026-07-20 22:50:16.349671 : Coverage File chr1 (6 of 45)

2026-07-20 22:50:16.494231 : Coverage File chr3 (7 of 45)

2026-07-20 22:50:17.216146 : Coverage File chr2 (6 of 45)

2026-07-20 22:50:17.374564 : Coverage File chr16 (7 of 45)

2026-07-20 22:50:17.720837 : Coverage File chr18 (9 of 45)

2026-07-20 22:50:17.736768 : Coverage File chr12 (8 of 45)

2026-07-20 22:50:17.827086 : Coverage File chr19 (7 of 45)

2026-07-20 22:50:17.844052 : Coverage File chr14 (8 of 45)

2026-07-20 22:50:18.29847 : Coverage File chr22 (7 of 45)

2026-07-20 22:50:18.299307 : Coverage File chr15 (9 of 45)

2026-07-20 22:50:18.48859 : Coverage File chr10 (9 of 45)

2026-07-20 22:50:18.627837 : Coverage File chr13 (9 of 45)

2026-07-20 22:50:18.706232 : Coverage File chr11 (8 of 45)

2026-07-20 22:50:19.230873 : Coverage File chr21 (8 of 45)

2026-07-20 22:50:19.347902 : Coverage File chr3 (8 of 45)

2026-07-20 22:50:19.402524 : Coverage File chr20 (8 of 45)

2026-07-20 22:50:19.53163 : Coverage File chr17 (7 of 45)

2026-07-20 22:50:19.878522 : Coverage File chr18 (10 of 45)

2026-07-20 22:50:20.153136 : Coverage File chr14 (9 of 45)

2026-07-20 22:50:20.185035 : Coverage File chr16 (8 of 45)

2026-07-20 22:50:20.600016 : Coverage File chr12 (9 of 45)

2026-07-20 22:50:20.688645 : Coverage File chr15 (10 of 45)

2026-07-20 22:50:20.890765 : Coverage File chr22 (8 of 45)

2026-07-20 22:50:21.034159 : Coverage File chr13 (10 of 45)

2026-07-20 22:50:21.150076 : Coverage File chr10 (10 of 45)

2026-07-20 22:50:21.206156 : Coverage File chr19 (8 of 45)

2026-07-20 22:50:21.932532 : Coverage File chr18 (11 of 45)

2026-07-20 22:50:22.310889 : Coverage File chr14 (10 of 45)

2026-07-20 22:50:22.359885 : Coverage File chr2 (7 of 45)

2026-07-20 22:50:22.363278 : Coverage File chr20 (9 of 45)

2026-07-20 22:50:22.584304 : Coverage File chr3 (9 of 45)

2026-07-20 22:50:22.850691 : Coverage File chr1 (7 of 45)

2026-07-20 22:50:22.952844 : Coverage File chr15 (11 of 45)

2026-07-20 22:50:23.183986 : Coverage File chr12 (10 of 45)

2026-07-20 22:50:23.26184 : Coverage File chr17 (8 of 45)

2026-07-20 22:50:23.358613 : Coverage File chr13 (11 of 45)

2026-07-20 22:50:23.405435 : Coverage File chr11 (9 of 45)

2026-07-20 22:50:23.548988 : Coverage File chr10 (11 of 45)

2026-07-20 22:50:23.584566 : Coverage File chr21 (9 of 45)

2026-07-20 22:50:23.718554 : Coverage File chr22 (9 of 45)

2026-07-20 22:50:24.050394 : Coverage File chr16 (9 of 45)

2026-07-20 22:50:24.127669 : Coverage File chr19 (9 of 45)

2026-07-20 22:50:24.314636 : Coverage File chr18 (12 of 45)

2026-07-20 22:50:24.523389 : Coverage File chr14 (11 of 45)

2026-07-20 22:50:24.803676 : Coverage File chr20 (10 of 45)

2026-07-20 22:50:25.463378 : Coverage File chr15 (12 of 45)

2026-07-20 22:50:25.587975 : Coverage File chr3 (10 of 45)

2026-07-20 22:50:25.630674 : Coverage File chr1 (8 of 45)

2026-07-20 22:50:25.732991 : Coverage File chr12 (11 of 45)

2026-07-20 22:50:25.849108 : Coverage File chr13 (12 of 45)

2026-07-20 22:50:26.342903 : Coverage File chr21 (10 of 45)

2026-07-20 22:50:26.357219 : Coverage File chr2 (8 of 45)

2026-07-20 22:50:26.513943 : Coverage File chr10 (12 of 45)

2026-07-20 22:50:26.544228 : Coverage File chr16 (10 of 45)

2026-07-20 22:50:26.581995 : Coverage File chr19 (10 of 45)

2026-07-20 22:50:26.738453 : Coverage File chr18 (13 of 45)

2026-07-20 22:50:26.769297 : Coverage File chr22 (10 of 45)

2026-07-20 22:50:27.092859 : Coverage File chr20 (11 of 45)

2026-07-20 22:50:27.122072 : Coverage File chr11 (10 of 45)

2026-07-20 22:50:27.271068 : Coverage File chr14 (12 of 45)

2026-07-20 22:50:27.667074 : Coverage File chr17 (9 of 45)

2026-07-20 22:50:28.028068 : Coverage File chr15 (13 of 45)

2026-07-20 22:50:28.386759 : Coverage File chr13 (13 of 45)

2026-07-20 22:50:28.538085 : Coverage File chr3 (11 of 45)

2026-07-20 22:50:28.784335 : Coverage File chr12 (12 of 45)

2026-07-20 22:50:28.819235 : Coverage File chr16 (11 of 45)

2026-07-20 22:50:29.124971 : Coverage File chr18 (14 of 45)

2026-07-20 22:50:29.252699 : Coverage File chr21 (11 of 45)

2026-07-20 22:50:29.423759 : Coverage File chr10 (13 of 45)

2026-07-20 22:50:29.594003 : Coverage File chr22 (11 of 45)

2026-07-20 22:50:29.647166 : Coverage File chr20 (12 of 45)

2026-07-20 22:50:29.658136 : Coverage File chr19 (11 of 45)

2026-07-20 22:50:29.750736 : Coverage File chr14 (13 of 45)

2026-07-20 22:50:30.523694 : Coverage File chr11 (11 of 45)

2026-07-20 22:50:30.556998 : Coverage File chr15 (14 of 45)

2026-07-20 22:50:30.776471 : Coverage File chr2 (9 of 45)

2026-07-20 22:50:30.97895 : Coverage File chr1 (9 of 45)

2026-07-20 22:50:30.987712 : Coverage File chr13 (14 of 45)

2026-07-20 22:50:31.316299 : Coverage File chr17 (10 of 45)

2026-07-20 22:50:31.437935 : Coverage File chr18 (15 of 45)

2026-07-20 22:50:31.671489 : Coverage File chr16 (12 of 45)

2026-07-20 22:50:31.968163 : Coverage File chr12 (13 of 45)

2026-07-20 22:50:32.086177 : Coverage File chr3 (12 of 45)

2026-07-20 22:50:32.114412 : Coverage File chr20 (13 of 45)

2026-07-20 22:50:32.219755 : Coverage File chr21 (12 of 45)

2026-07-20 22:50:32.251789 : Coverage File chr14 (14 of 45)

2026-07-20 22:50:32.437013 : Coverage File chr10 (14 of 45)

2026-07-20 22:50:32.862418 : Coverage File chr22 (12 of 45)

2026-07-20 22:50:33.100084 : Coverage File chr15 (15 of 45)

2026-07-20 22:50:33.545178 : Coverage File chr13 (15 of 45)

2026-07-20 22:50:33.750797 : Coverage File chr18 (16 of 45)

2026-07-20 22:50:33.765689 : Coverage File chr19 (12 of 45)

2026-07-20 22:50:34.201905 : Coverage File chr11 (12 of 45)

2026-07-20 22:50:34.340136 : Coverage File chr2 (10 of 45)

2026-07-20 22:50:34.415318 : Coverage File chr16 (13 of 45)

2026-07-20 22:50:34.583979 : Coverage File chr1 (10 of 45)

2026-07-20 22:50:34.691521 : Coverage File chr20 (14 of 45)

2026-07-20 22:50:34.698047 : Coverage File chr14 (15 of 45)

2026-07-20 22:50:35.019744 : Coverage File chr12 (14 of 45)

2026-07-20 22:50:35.130589 : Coverage File chr21 (13 of 45)

2026-07-20 22:50:35.418992 : Coverage File chr10 (15 of 45)

2026-07-20 22:50:35.439177 : Coverage File chr17 (11 of 45)

2026-07-20 22:50:35.709851 : Coverage File chr15 (16 of 45)

2026-07-20 22:50:35.877479 : Coverage File chr18 (17 of 45)

2026-07-20 22:50:36.020734 : Coverage File chr22 (13 of 45)

2026-07-20 22:50:36.235409 : Coverage File chr13 (16 of 45)

2026-07-20 22:50:36.557691 : Coverage File chr3 (13 of 45)

2026-07-20 22:50:37.002716 : Coverage File chr19 (13 of 45)

2026-07-20 22:50:37.107854 : Coverage File chr20 (15 of 45)

2026-07-20 22:50:37.209987 : Coverage File chr14 (16 of 45)

2026-07-20 22:50:37.230291 : Coverage File chr16 (14 of 45)

2026-07-20 22:50:37.649534 : Coverage File chr2 (11 of 45)

2026-07-20 22:50:37.840116 : Coverage File chr18 (18 of 45)

2026-07-20 22:50:37.865829 : Coverage File chr21 (14 of 45)

2026-07-20 22:50:37.99512 : Coverage File chr15 (17 of 45)

2026-07-20 22:50:38.145892 : Coverage File chr1 (11 of 45)

2026-07-20 22:50:38.192568 : Coverage File chr12 (15 of 45)

2026-07-20 22:50:38.428377 : Coverage File chr10 (16 of 45)

2026-07-20 22:50:38.454016 : Coverage File chr13 (17 of 45)

2026-07-20 22:50:38.472811 : Coverage File chr11 (13 of 45)

2026-07-20 22:50:38.983974 : Coverage File chr22 (14 of 45)

2026-07-20 22:50:39.42072 : Coverage File chr14 (17 of 45)

2026-07-20 22:50:39.520908 : Coverage File chr17 (12 of 45)

2026-07-20 22:50:39.684392 : Coverage File chr20 (16 of 45)

2026-07-20 22:50:39.684817 : Coverage File chr18 (19 of 45)

2026-07-20 22:50:39.945415 : Coverage File chr16 (15 of 45)

2026-07-20 22:50:39.993304 : Coverage File chr15 (18 of 45)

2026-07-20 22:50:40.099677 : Coverage File chr19 (14 of 45)

2026-07-20 22:50:40.449203 : Coverage File chr21 (15 of 45)

2026-07-20 22:50:40.523885 : Coverage File chr13 (18 of 45)

2026-07-20 22:50:40.90701 : Coverage File chr10 (17 of 45)

2026-07-20 22:50:41.078806 : Coverage File chr3 (14 of 45)

2026-07-20 22:50:41.186093 : Coverage File chr12 (16 of 45)

2026-07-20 22:50:41.400094 : Coverage File chr14 (18 of 45)

2026-07-20 22:50:41.58057 : Coverage File chr18 (20 of 45)

2026-07-20 22:50:41.723907 : Coverage File chr2 (12 of 45)

2026-07-20 22:50:41.890079 : Coverage File chr20 (17 of 45)

2026-07-20 22:50:41.915179 : Coverage File chr22 (15 of 45)

2026-07-20 22:50:41.962095 : Coverage File chr15 (19 of 45)

2026-07-20 22:50:42.304981 : Coverage File chr1 (12 of 45)

2026-07-20 22:50:42.523384 : Coverage File chr13 (19 of 45)

2026-07-20 22:50:42.549539 : Coverage File chr16 (16 of 45)

2026-07-20 22:50:42.570059 : Coverage File chr11 (14 of 45)

2026-07-20 22:50:43.078947 : Coverage File chr10 (18 of 45)

2026-07-20 22:50:43.316805 : Coverage File chr14 (19 of 45)

2026-07-20 22:50:43.47031 : Coverage File chr19 (15 of 45)

2026-07-20 22:50:43.470414 : Coverage File chr21 (16 of 45)

2026-07-20 22:50:43.49911 : Coverage File chr18 (21 of 45)

2026-07-20 22:50:43.596135 : Coverage File chr17 (13 of 45)

2026-07-20 22:50:43.715675 : Coverage File chr12 (17 of 45)

2026-07-20 22:50:43.994237 : Coverage File chr20 (18 of 45)

2026-07-20 22:50:44.057397 : Coverage File chr15 (20 of 45)

2026-07-20 22:50:44.573008 : Coverage File chr13 (20 of 45)

2026-07-20 22:50:44.768244 : Coverage File chr22 (16 of 45)

2026-07-20 22:50:44.844609 : Coverage File chr16 (17 of 45)

2026-07-20 22:50:45.167335 : Coverage File chr10 (19 of 45)

2026-07-20 22:50:45.232968 : Coverage File chr14 (20 of 45)

2026-07-20 22:50:45.434619 : Coverage File chr3 (15 of 45)

2026-07-20 22:50:45.678184 : Coverage File chr2 (13 of 45)

2026-07-20 22:50:45.683846 : Coverage File chr18 (22 of 45)

2026-07-20 22:50:45.832732 : Coverage File chr12 (18 of 45)

2026-07-20 22:50:45.923582 : Coverage File chr15 (21 of 45)

2026-07-20 22:50:45.962834 : Coverage File chr20 (19 of 45)

2026-07-20 22:50:46.126397 : Coverage File chr19 (16 of 45)

2026-07-20 22:50:46.252354 : Coverage File chr21 (17 of 45)

2026-07-20 22:50:46.518575 : Coverage File chr1 (13 of 45)

2026-07-20 22:50:46.555511 : Coverage File chr13 (21 of 45)

2026-07-20 22:50:46.698761 : Coverage File chr11 (15 of 45)

2026-07-20 22:50:46.865796 : Coverage File chr16 (18 of 45)

2026-07-20 22:50:47.087593 : Coverage File chr17 (14 of 45)

2026-07-20 22:50:47.151635 : Coverage File chr14 (21 of 45)

2026-07-20 22:50:47.367385 : Coverage File chr10 (20 of 45)

2026-07-20 22:50:47.763009 : Coverage File chr22 (17 of 45)

2026-07-20 22:50:47.8955 : Coverage File chr12 (19 of 45)

2026-07-20 22:50:47.997723 : Coverage File chr20 (20 of 45)

2026-07-20 22:50:48.002925 : Coverage File chr18 (23 of 45)

2026-07-20 22:50:48.615413 : Coverage File chr19 (17 of 45)

2026-07-20 22:50:48.676223 : Coverage File chr15 (22 of 45)

2026-07-20 22:50:48.740944 : Coverage File chr21 (18 of 45)

2026-07-20 22:50:48.782561 : Coverage File chr16 (19 of 45)

2026-07-20 22:50:48.914886 : Coverage File chr13 (22 of 45)

2026-07-20 22:50:49.368182 : Coverage File chr10 (21 of 45)

2026-07-20 22:50:49.427326 : Coverage File chr14 (22 of 45)

2026-07-20 22:50:49.661383 : Coverage File chr2 (14 of 45)

2026-07-20 22:50:49.916202 : Coverage File chr20 (21 of 45)

2026-07-20 22:50:49.922962 : Coverage File chr12 (20 of 45)

2026-07-20 22:50:49.959712 : Coverage File chr22 (18 of 45)

2026-07-20 22:50:50.032096 : Coverage File chr3 (16 of 45)

2026-07-20 22:50:50.038323 : Coverage File chr18 (24 of 45)

2026-07-20 22:50:50.691016 : Coverage File chr1 (14 of 45)

2026-07-20 22:50:50.720387 : Coverage File chr16 (20 of 45)

2026-07-20 22:50:50.746483 : Coverage File chr19 (18 of 45)

2026-07-20 22:50:50.843251 : Coverage File chr17 (15 of 45)

2026-07-20 22:50:51.103912 : Coverage File chr11 (16 of 45)

2026-07-20 22:50:51.200244 : Coverage File chr15 (23 of 45)

2026-07-20 22:50:51.397364 : Coverage File chr13 (23 of 45)

2026-07-20 22:50:51.482413 : Coverage File chr21 (19 of 45)

2026-07-20 22:50:51.728657 : Coverage File chr14 (23 of 45)

2026-07-20 22:50:51.922644 : Coverage File chr12 (21 of 45)

2026-07-20 22:50:52.025135 : Coverage File chr10 (22 of 45)

2026-07-20 22:50:52.307989 : Coverage File chr20 (22 of 45)

2026-07-20 22:50:52.344337 : Coverage File chr18 (25 of 45)

2026-07-20 22:50:52.509287 : Coverage File chr22 (19 of 45)

2026-07-20 22:50:52.67594 : Coverage File chr16 (21 of 45)

2026-07-20 22:50:52.755949 : Coverage File chr19 (19 of 45)

2026-07-20 22:50:53.601805 : Coverage File chr2 (15 of 45)

2026-07-20 22:50:53.632876 : Coverage File chr21 (20 of 45)

2026-07-20 22:50:53.654073 : Coverage File chr13 (24 of 45)

2026-07-20 22:50:53.709399 : Coverage File chr3 (17 of 45)

2026-07-20 22:50:53.831543 : Coverage File chr15 (24 of 45)

2026-07-20 22:50:54.026196 : Coverage File chr17 (16 of 45)

2026-07-20 22:50:54.279517 : Coverage File chr14 (24 of 45)

2026-07-20 22:50:54.49443 : Coverage File chr18 (26 of 45)

2026-07-20 22:50:54.637445 : Coverage File chr20 (23 of 45)

2026-07-20 22:50:54.703166 : Coverage File chr11 (17 of 45)

2026-07-20 22:50:54.797758 : Coverage File chr19 (20 of 45)

2026-07-20 22:50:54.885962 : Coverage File chr1 (15 of 45)

2026-07-20 22:50:54.908512 : Coverage File chr12 (22 of 45)

2026-07-20 22:50:54.92481 : Coverage File chr10 (23 of 45)

2026-07-20 22:50:55.168048 : Coverage File chr16 (22 of 45)

2026-07-20 22:50:55.28389 : Coverage File chr22 (20 of 45)

2026-07-20 22:50:55.754314 : Coverage File chr21 (21 of 45)

2026-07-20 22:50:56.378417 : Coverage File chr15 (25 of 45)

2026-07-20 22:50:56.411453 : Coverage File chr13 (25 of 45)

2026-07-20 22:50:56.661477 : Coverage File chr14 (25 of 45)

2026-07-20 22:50:56.668266 : Coverage File chr18 (27 of 45)

2026-07-20 22:50:56.737692 : Coverage File chr19 (21 of 45)

2026-07-20 22:50:56.820762 : Coverage File chr17 (17 of 45)

2026-07-20 22:50:57.215508 : Coverage File chr20 (24 of 45)

2026-07-20 22:50:57.227741 : Coverage File chr3 (18 of 45)

2026-07-20 22:50:57.542525 : Coverage File chr11 (18 of 45)

2026-07-20 22:50:57.661894 : Coverage File chr2 (16 of 45)

2026-07-20 22:50:57.686871 : Coverage File chr12 (23 of 45)

2026-07-20 22:50:57.880205 : Coverage File chr16 (23 of 45)

2026-07-20 22:50:57.943025 : Coverage File chr10 (24 of 45)

2026-07-20 22:50:58.033185 : Coverage File chr22 (21 of 45)

2026-07-20 22:50:58.096078 : Coverage File chr21 (22 of 45)

2026-07-20 22:50:58.780212 : Coverage File chr13 (26 of 45)

2026-07-20 22:50:58.797908 : Coverage File chr15 (26 of 45)

2026-07-20 22:50:58.926121 : Coverage File chr18 (28 of 45)

2026-07-20 22:50:59.052469 : Coverage File chr14 (26 of 45)

2026-07-20 22:50:59.059041 : Coverage File chr17 (18 of 45)

2026-07-20 22:50:59.081163 : Coverage File chr1 (16 of 45)

2026-07-20 22:50:59.71106 : Coverage File chr3 (19 of 45)

2026-07-20 22:50:59.717637 : Coverage File chr20 (25 of 45)

2026-07-20 22:50:59.78863 : Coverage File chr19 (22 of 45)

2026-07-20 22:51:00.235873 : Coverage File chr11 (19 of 45)

2026-07-20 22:51:00.596361 : Coverage File chr21 (23 of 45)

2026-07-20 22:51:00.641187 : Coverage File chr16 (24 of 45)

2026-07-20 22:51:00.71965 : Coverage File chr2 (17 of 45)

2026-07-20 22:51:00.853756 : Coverage File chr12 (24 of 45)

2026-07-20 22:51:01.0739 : Coverage File chr10 (25 of 45)

2026-07-20 22:51:01.125629 : Coverage File chr18 (29 of 45)

2026-07-20 22:51:01.147249 : Coverage File chr17 (19 of 45)

2026-07-20 22:51:01.207261 : Coverage File chr22 (22 of 45)

2026-07-20 22:51:01.25385 : Coverage File chr13 (27 of 45)

2026-07-20 22:51:01.338587 : Coverage File chr15 (27 of 45)

2026-07-20 22:51:01.494651 : Coverage File chr14 (27 of 45)

2026-07-20 22:51:02.079772 : Coverage File chr20 (26 of 45)

2026-07-20 22:51:02.334958 : Coverage File chr3 (20 of 45)

2026-07-20 22:51:02.377998 : Coverage File chr1 (17 of 45)

2026-07-20 22:51:02.683632 : Coverage File chr19 (23 of 45)

2026-07-20 22:51:03.094936 : Coverage File chr21 (24 of 45)

2026-07-20 22:51:03.134784 : Coverage File chr16 (25 of 45)

2026-07-20 22:51:03.26899 : Coverage File chr11 (20 of 45)

2026-07-20 22:51:03.281265 : Coverage File chr2 (18 of 45)

2026-07-20 22:51:03.421952 : Coverage File chr17 (20 of 45)

2026-07-20 22:51:03.483569 : Coverage File chr18 (30 of 45)

2026-07-20 22:51:03.754689 : Coverage File chr13 (28 of 45)

2026-07-20 22:51:03.800698 : Coverage File chr22 (23 of 45)

2026-07-20 22:51:03.864705 : Coverage File chr15 (28 of 45)

2026-07-20 22:51:03.872046 : Coverage File chr12 (25 of 45)

2026-07-20 22:51:04.045491 : Coverage File chr10 (26 of 45)

2026-07-20 22:51:04.075864 : Coverage File chr14 (28 of 45)

2026-07-20 22:51:04.471603 : Coverage File chr20 (27 of 45)

2026-07-20 22:51:04.69266 : Coverage File chr3 (21 of 45)

2026-07-20 22:51:04.927307 : Coverage File chr1 (18 of 45)

2026-07-20 22:51:05.448191 : Coverage File chr17 (21 of 45)

2026-07-20 22:51:05.450511 : Coverage File chr18 (31 of 45)

2026-07-20 22:51:05.521417 : Coverage File chr16 (26 of 45)

2026-07-20 22:51:05.541207 : Coverage File chr2 (19 of 45)

2026-07-20 22:51:05.725351 : Coverage File chr19 (24 of 45)

2026-07-20 22:51:05.846968 : Coverage File chr21 (25 of 45)

2026-07-20 22:51:06.158782 : Coverage File chr22 (24 of 45)

2026-07-20 22:51:06.280696 : Coverage File chr11 (21 of 45)

2026-07-20 22:51:06.343827 : Coverage File chr13 (29 of 45)

2026-07-20 22:51:06.375248 : Coverage File chr15 (29 of 45)

2026-07-20 22:51:06.539636 : Coverage File chr14 (29 of 45)

2026-07-20 22:51:06.756173 : Coverage File chr12 (26 of 45)

2026-07-20 22:51:06.91925 : Coverage File chr20 (28 of 45)

2026-07-20 22:51:06.987475 : Coverage File chr10 (27 of 45)

2026-07-20 22:51:07.203072 : Coverage File chr1 (19 of 45)

2026-07-20 22:51:07.425405 : Coverage File chr18 (32 of 45)

2026-07-20 22:51:07.884687 : Coverage File chr2 (20 of 45)

2026-07-20 22:51:08.066533 : Coverage File chr16 (27 of 45)

2026-07-20 22:51:08.224827 : Coverage File chr21 (26 of 45)

2026-07-20 22:51:08.260294 : Coverage File chr19 (25 of 45)

2026-07-20 22:51:08.355711 : Coverage File chr3 (22 of 45)

2026-07-20 22:51:08.663917 : Coverage File chr17 (22 of 45)

2026-07-20 22:51:08.8212 : Coverage File chr22 (25 of 45)

2026-07-20 22:51:08.85272 : Coverage File chr13 (30 of 45)

2026-07-20 22:51:08.915353 : Coverage File chr15 (30 of 45)

2026-07-20 22:51:08.976228 : Coverage File chr14 (30 of 45)

2026-07-20 22:51:09.214506 : Coverage File chr18 (33 of 45)

2026-07-20 22:51:09.695619 : Coverage File chr12 (27 of 45)

2026-07-20 22:51:09.895497 : Coverage File chr20 (29 of 45)

2026-07-20 22:51:09.900351 : Coverage File chr1 (20 of 45)

2026-07-20 22:51:09.991977 : Coverage File chr10 (28 of 45)

2026-07-20 22:51:10.098723 : Coverage File chr2 (21 of 45)

2026-07-20 22:51:10.410327 : Coverage File chr21 (27 of 45)

2026-07-20 22:51:10.538532 : Coverage File chr11 (22 of 45)

2026-07-20 22:51:10.639262 : Coverage File chr16 (28 of 45)

2026-07-20 22:51:11.001506 : Coverage File chr13 (31 of 45)

2026-07-20 22:51:11.013088 : Coverage File chr19 (26 of 45)

2026-07-20 22:51:11.057149 : Coverage File chr18 (34 of 45)

2026-07-20 22:51:11.089862 : Coverage File chr15 (31 of 45)

2026-07-20 22:51:11.090543 : Coverage File chr22 (26 of 45)

2026-07-20 22:51:11.144152 : Coverage File chr14 (31 of 45)

2026-07-20 22:51:11.581529 : Coverage File chr3 (23 of 45)

2026-07-20 22:51:11.995604 : Coverage File chr17 (23 of 45)

2026-07-20 22:51:12.072972 : Coverage File chr1 (21 of 45)

2026-07-20 22:51:12.685215 : Coverage File chr12 (28 of 45)

2026-07-20 22:51:12.998784 : Coverage File chr15 (32 of 45)

2026-07-20 22:51:13.008108 : Coverage File chr10 (29 of 45)

2026-07-20 22:51:13.02808 : Coverage File chr18 (35 of 45)

2026-07-20 22:51:13.044552 : Coverage File chr13 (32 of 45)

2026-07-20 22:51:13.138932 : Coverage File chr21 (28 of 45)

2026-07-20 22:51:13.249532 : Coverage File chr16 (29 of 45)

2026-07-20 22:51:13.389353 : Coverage File chr14 (32 of 45)

2026-07-20 22:51:13.420869 : Coverage File chr20 (30 of 45)

2026-07-20 22:51:13.483916 : Coverage File chr22 (27 of 45)

2026-07-20 22:51:13.741015 : Coverage File chr2 (22 of 45)

2026-07-20 22:51:13.863535 : Coverage File chr19 (27 of 45)

2026-07-20 22:51:14.70089 : Coverage File chr11 (23 of 45)

2026-07-20 22:51:14.903541 : Coverage File chr15 (33 of 45)

2026-07-20 22:51:14.959613 : Coverage File chr13 (33 of 45)

2026-07-20 22:51:14.964262 : Coverage File chr17 (24 of 45)

2026-07-20 22:51:15.035244 : Coverage File chr3 (24 of 45)

2026-07-20 22:51:15.094055 : Coverage File chr18 (36 of 45)

2026-07-20 22:51:15.186197 : Coverage File chr14 (33 of 45)

2026-07-20 22:51:15.733993 : Coverage File chr12 (29 of 45)

2026-07-20 22:51:15.763875 : Coverage File chr16 (30 of 45)

2026-07-20 22:51:15.765162 : Coverage File chr22 (28 of 45)

2026-07-20 22:51:16.014431 : Coverage File chr21 (29 of 45)

2026-07-20 22:51:16.076795 : Coverage File chr10 (30 of 45)

2026-07-20 22:51:16.447293 : Coverage File chr20 (31 of 45)

2026-07-20 22:51:16.792357 : Coverage File chr15 (34 of 45)

2026-07-20 22:51:16.868531 : Coverage File chr19 (28 of 45)

2026-07-20 22:51:16.871709 : Coverage File chr13 (34 of 45)

2026-07-20 22:51:16.970317 : Coverage File chr1 (22 of 45)

2026-07-20 22:51:17.042527 : Coverage File chr14 (34 of 45)

2026-07-20 22:51:17.200417 : Coverage File chr18 (37 of 45)

2026-07-20 22:51:17.372418 : Coverage File chr2 (23 of 45)

2026-07-20 22:51:17.696187 : Coverage File chr17 (25 of 45)

2026-07-20 22:51:17.858767 : Coverage File chr16 (31 of 45)

2026-07-20 22:51:17.931889 : Coverage File chr22 (29 of 45)

2026-07-20 22:51:18.496249 : Coverage File chr3 (25 of 45)

2026-07-20 22:51:18.552676 : Coverage File chr10 (31 of 45)

2026-07-20 22:51:18.670966 : Coverage File chr15 (35 of 45)

2026-07-20 22:51:18.804025 : Coverage File chr13 (35 of 45)

2026-07-20 22:51:18.836764 : Coverage File chr12 (30 of 45)

2026-07-20 22:51:18.855551 : Coverage File chr14 (35 of 45)

2026-07-20 22:51:18.870912 : Coverage File chr11 (24 of 45)

2026-07-20 22:51:19.117992 : Coverage File chr18 (38 of 45)

2026-07-20 22:51:19.24709 : Coverage File chr21 (30 of 45)

2026-07-20 22:51:19.742526 : Coverage File chr16 (32 of 45)

2026-07-20 22:51:19.787014 : Coverage File chr19 (29 of 45)

2026-07-20 22:51:19.88372 : Coverage File chr20 (32 of 45)

2026-07-20 22:51:20.181074 : Coverage File chr22 (30 of 45)

2026-07-20 22:51:20.567619 : Coverage File chr17 (26 of 45)

2026-07-20 22:51:20.60458 : Coverage File chr15 (36 of 45)

2026-07-20 22:51:20.615242 : Coverage File chr10 (32 of 45)

2026-07-20 22:51:20.639509 : Coverage File chr14 (36 of 45)

2026-07-20 22:51:20.694947 : Coverage File chr13 (36 of 45)

2026-07-20 22:51:21.089014 : Coverage File chr18 (39 of 45)

2026-07-20 22:51:21.134015 : Coverage File chr12 (31 of 45)

2026-07-20 22:51:21.238182 : Coverage File chr2 (24 of 45)

2026-07-20 22:51:21.492322 : Coverage File chr3 (26 of 45)

2026-07-20 22:51:21.595204 : Coverage File chr16 (33 of 45)

2026-07-20 22:51:22.175005 : Coverage File chr22 (31 of 45)

2026-07-20 22:51:22.202145 : Coverage File chr1 (23 of 45)

2026-07-20 22:51:22.344086 : Coverage File chr21 (31 of 45)

2026-07-20 22:51:22.417737 : Coverage File chr19 (30 of 45)

2026-07-20 22:51:22.472178 : Coverage File chr10 (33 of 45)

2026-07-20 22:51:22.701956 : Coverage File chr11 (25 of 45)

2026-07-20 22:51:22.834731 : Coverage File chr20 (33 of 45)

2026-07-20 22:51:22.836743 : Coverage File chr15 (37 of 45)

2026-07-20 22:51:22.963794 : Coverage File chr14 (37 of 45)

2026-07-20 22:51:23.046078 : Coverage File chr18 (40 of 45)

2026-07-20 22:51:23.046631 : Coverage File chr13 (37 of 45)

2026-07-20 22:51:23.205443 : Coverage File chr12 (32 of 45)

2026-07-20 22:51:23.489585 : Coverage File chr16 (34 of 45)

2026-07-20 22:51:23.617929 : Coverage File chr17 (27 of 45)

2026-07-20 22:51:24.070207 : Coverage File chr22 (32 of 45)

2026-07-20 22:51:24.44231 : Coverage File chr10 (34 of 45)

2026-07-20 22:51:24.666563 : Coverage File chr19 (31 of 45)

2026-07-20 22:51:24.68723 : Coverage File chr3 (27 of 45)

2026-07-20 22:51:24.769047 : Coverage File chr15 (38 of 45)

2026-07-20 22:51:24.85533 : Coverage File chr14 (38 of 45)

2026-07-20 22:51:25.066506 : Coverage File chr13 (38 of 45)

2026-07-20 22:51:25.067833 : Coverage File chr12 (33 of 45)

2026-07-20 22:51:25.149167 : Coverage File chr21 (32 of 45)

2026-07-20 22:51:25.262109 : Coverage File chr2 (25 of 45)

2026-07-20 22:51:25.339924 : Coverage File chr16 (35 of 45)

2026-07-20 22:51:25.496268 : Coverage File chr18 (41 of 45)

2026-07-20 22:51:25.668329 : Coverage File chr1 (24 of 45)

2026-07-20 22:51:25.765399 : Coverage File chr20 (34 of 45)

2026-07-20 22:51:25.891465 : Coverage File chr22 (33 of 45)

2026-07-20 22:51:26.335887 : Coverage File chr10 (35 of 45)

2026-07-20 22:51:26.532986 : Coverage File chr17 (28 of 45)

2026-07-20 22:51:26.614009 : Coverage File chr11 (26 of 45)

2026-07-20 22:51:26.672103 : Coverage File chr19 (32 of 45)

2026-07-20 22:51:27.006416 : Coverage File chr14 (39 of 45)

2026-07-20 22:51:27.007426 : Coverage File chr15 (39 of 45)

2026-07-20 22:51:27.082889 : Coverage File chr12 (34 of 45)

2026-07-20 22:51:27.169006 : Coverage File chr16 (36 of 45)

2026-07-20 22:51:27.208764 : Coverage File chr13 (39 of 45)

2026-07-20 22:51:27.919268 : Coverage File chr21 (33 of 45)

2026-07-20 22:51:28.016413 : Coverage File chr3 (28 of 45)

2026-07-20 22:51:28.198261 : Coverage File chr10 (36 of 45)

2026-07-20 22:51:28.357881 : Coverage File chr20 (35 of 45)

2026-07-20 22:51:28.498662 : Coverage File chr22 (34 of 45)

2026-07-20 22:51:28.547567 : Coverage File chr19 (33 of 45)

2026-07-20 22:51:28.986616 : Coverage File chr12 (35 of 45)

2026-07-20 22:51:28.990136 : Coverage File chr14 (40 of 45)

2026-07-20 22:51:29.090616 : Coverage File chr15 (40 of 45)

2026-07-20 22:51:29.113495 : Coverage File chr18 (42 of 45)

2026-07-20 22:51:29.173024 : Coverage File chr2 (26 of 45)

2026-07-20 22:51:29.310658 : Coverage File chr13 (40 of 45)

2026-07-20 22:51:29.506401 : Coverage File chr17 (29 of 45)

2026-07-20 22:51:29.562573 : Coverage File chr16 (37 of 45)

2026-07-20 22:51:29.87877 : Coverage File chr1 (25 of 45)

2026-07-20 22:51:30.089658 : Coverage File chr21 (34 of 45)

2026-07-20 22:51:30.267923 : Coverage File chr20 (36 of 45)

2026-07-20 22:51:30.299307 : Coverage File chr11 (27 of 45)

2026-07-20 22:51:30.458886 : Coverage File chr19 (34 of 45)

2026-07-20 22:51:30.806106 : Coverage File chr10 (37 of 45)

2026-07-20 22:51:30.854773 : Coverage File chr12 (36 of 45)

2026-07-20 22:51:30.897665 : Coverage File chr14 (41 of 45)

2026-07-20 22:51:31.245857 : Coverage File chr3 (29 of 45)

2026-07-20 22:51:31.330288 : Coverage File chr13 (41 of 45)

2026-07-20 22:51:31.400285 : Coverage File chr22 (35 of 45)

2026-07-20 22:51:31.4833 : Coverage File chr15 (41 of 45)

2026-07-20 22:51:31.522761 : Coverage File chr16 (38 of 45)

2026-07-20 22:51:32.28559 : Coverage File chr21 (35 of 45)

2026-07-20 22:51:32.413439 : Coverage File chr19 (35 of 45)

2026-07-20 22:51:32.599836 : Coverage File chr20 (37 of 45)

2026-07-20 22:51:32.772605 : Coverage File chr18 (43 of 45)

2026-07-20 22:51:32.842639 : Coverage File chr17 (30 of 45)

2026-07-20 22:51:32.852802 : Coverage File chr10 (38 of 45)

2026-07-20 22:51:32.994685 : Coverage File chr2 (27 of 45)

2026-07-20 22:51:33.445422 : Coverage File chr12 (37 of 45)

2026-07-20 22:51:33.44545 : Coverage File chr14 (42 of 45)

2026-07-20 22:51:33.681172 : Coverage File chr22 (36 of 45)

2026-07-20 22:51:33.800279 : Coverage File chr13 (42 of 45)

2026-07-20 22:51:33.826241 : Coverage File chr16 (39 of 45)

2026-07-20 22:51:34.182972 : Coverage File chr15 (42 of 45)

2026-07-20 22:51:34.246609 : Coverage File chr11 (28 of 45)

2026-07-20 22:51:34.315644 : Coverage File chr19 (36 of 45)

2026-07-20 22:51:34.403744 : Coverage File chr21 (36 of 45)

2026-07-20 22:51:34.579302 : Coverage File chr20 (38 of 45)

2026-07-20 22:51:34.636323 : Coverage File chr3 (30 of 45)

2026-07-20 22:51:34.783489 : Coverage File chr1 (26 of 45)

2026-07-20 22:51:35.304437 : Coverage File chr10 (39 of 45)

2026-07-20 22:51:35.575233 : Coverage File chr12 (38 of 45)

2026-07-20 22:51:35.586333 : Coverage File chr14 (43 of 45)

2026-07-20 22:51:35.691922 : Coverage File chr18 (44 of 45)

2026-07-20 22:51:35.835718 : Coverage File chr17 (31 of 45)

2026-07-20 22:51:36.005884 : Coverage File chr13 (43 of 45)

2026-07-20 22:51:36.37224 : Coverage File chr16 (40 of 45)

2026-07-20 22:51:36.685196 : Coverage File chr20 (39 of 45)

2026-07-20 22:51:36.68772 : Coverage File chr21 (37 of 45)

2026-07-20 22:51:36.809055 : Coverage File chr2 (28 of 45)

2026-07-20 22:51:36.843251 : Coverage File chr22 (37 of 45)

2026-07-20 22:51:36.875142 : Coverage File chr19 (37 of 45)

2026-07-20 22:51:37.109632 : Coverage File chr3 (31 of 45)

2026-07-20 22:51:37.443907 : Coverage File chr10 (40 of 45)

2026-07-20 22:51:37.509823 : Coverage File chr15 (43 of 45)

2026-07-20 22:51:37.540323 : Coverage File chr14 (44 of 45)

2026-07-20 22:51:37.718553 : Coverage File chr11 (29 of 45)

2026-07-20 22:51:37.902174 : Coverage File chr17 (32 of 45)

2026-07-20 22:51:38.068155 : Coverage File chr13 (44 of 45)

2026-07-20 22:51:38.523544 : Coverage File chr12 (39 of 45)

2026-07-20 22:51:38.705673 : Coverage File chr20 (40 of 45)

2026-07-20 22:51:38.866697 : Coverage File chr21 (38 of 45)

2026-07-20 22:51:38.871349 : Coverage File chr19 (38 of 45)

2026-07-20 22:51:39.046815 : Coverage File chr16 (41 of 45)

2026-07-20 22:51:39.094131 : Coverage File chr18 (45 of 45)

2026-07-20 22:51:39.176797 : Coverage File chr3 (32 of 45)

2026-07-20 22:51:39.188395 : Coverage File chr1 (27 of 45)

2026-07-20 22:51:39.486384 : Coverage File chr10 (41 of 45)

2026-07-20 22:51:39.547079 : Coverage File chr14 (45 of 45)

2026-07-20 22:51:39.673419 : Coverage File chr22 (38 of 45)

2026-07-20 22:51:39.914105 : Coverage File chr17 (33 of 45)

2026-07-20 22:51:40.202845 : Coverage File chr13 (45 of 45)

2026-07-20 22:51:40.662451 : Coverage File chr15 (44 of 45)

2026-07-20 22:51:40.69037 : Coverage File chr2 (29 of 45)

2026-07-20 22:51:40.83364 : Coverage File chr20 (41 of 45)

2026-07-20 22:51:40.835228 : Coverage File chr12 (40 of 45)

2026-07-20 22:51:41.08251 : Coverage File chr3 (33 of 45)

2026-07-20 22:51:41.1175 : Coverage File chr21 (39 of 45)

2026-07-20 22:51:41.249768 : Coverage File chr19 (39 of 45)

2026-07-20 22:51:41.353234 : Coverage File chr11 (30 of 45)

2026-07-20 22:51:41.585467 : Kmer Bias chr4 (17 of 22)

2026-07-20 22:51:41.631797 : Coverage File chr16 (42 of 45)

2026-07-20 22:51:41.923913 : Coverage File chr22 (39 of 45)

2026-07-20 22:51:41.947091 : Coverage File chr17 (34 of 45)

2026-07-20 22:51:42.000727 : Kmer Bias chr5 (18 of 22)

2026-07-20 22:51:42.387515 : Kmer Bias chr6 (19 of 22)

2026-07-20 22:51:42.426839 : Coverage File chr10 (42 of 45)

2026-07-20 22:51:42.927465 : Coverage File chr12 (41 of 45)

2026-07-20 22:51:43.042091 : Coverage File chr3 (34 of 45)

2026-07-20 22:51:43.316928 : Coverage File chr4 (1 of 45)

2026-07-20 22:51:43.378845 : Coverage File chr20 (42 of 45)

2026-07-20 22:51:43.381808 : Coverage File chr21 (40 of 45)

2026-07-20 22:51:43.402544 : Coverage File chr19 (40 of 45)

2026-07-20 22:51:43.403902 : Coverage File chr5 (1 of 45)

2026-07-20 22:51:43.42927 : Coverage File chr1 (28 of 45)

2026-07-20 22:51:43.660597 : Coverage File chr6 (1 of 45)

2026-07-20 22:51:43.786524 : Coverage File chr16 (43 of 45)

2026-07-20 22:51:43.94247 : Coverage File chr17 (35 of 45)

2026-07-20 22:51:44.027719 : Coverage File chr15 (45 of 45)

2026-07-20 22:51:44.039229 : Coverage File chr22 (40 of 45)

2026-07-20 22:51:44.672689 : Coverage File chr2 (30 of 45)

2026-07-20 22:51:44.673035 : Coverage File chr11 (31 of 45)

2026-07-20 22:51:44.882055 : Coverage File chr10 (43 of 45)

2026-07-20 22:51:45.023072 : Coverage File chr3 (35 of 45)

2026-07-20 22:51:45.455087 : Coverage File chr19 (41 of 45)

2026-07-20 22:51:45.502277 : Coverage File chr20 (43 of 45)

2026-07-20 22:51:45.576716 : Coverage File chr21 (41 of 45)

2026-07-20 22:51:45.93566 : Coverage File chr17 (36 of 45)

2026-07-20 22:51:46.032505 : Coverage File chr16 (44 of 45)

2026-07-20 22:51:46.069881 : Coverage File chr12 (42 of 45)

2026-07-20 22:51:46.168428 : Coverage File chr22 (41 of 45)

2026-07-20 22:51:46.881016 : Coverage File chr4 (2 of 45)

2026-07-20 22:51:46.899822 : Coverage File chr3 (36 of 45)

2026-07-20 22:51:46.914034 : Coverage File chr6 (2 of 45)

2026-07-20 22:51:46.980445 : Coverage File chr10 (44 of 45)

2026-07-20 22:51:47.002993 : Coverage File chr5 (2 of 45)

2026-07-20 22:51:47.332211 : Coverage File chr11 (32 of 45)

2026-07-20 22:51:47.472548 : Coverage File chr20 (44 of 45)

2026-07-20 22:51:47.521238 : Coverage File chr2 (31 of 45)

2026-07-20 22:51:47.562468 : Kmer Bias chr7 (20 of 22)

2026-07-20 22:51:47.749182 : Coverage File chr1 (29 of 45)

2026-07-20 22:51:47.824322 : Coverage File chr21 (42 of 45)

2026-07-20 22:51:48.348187 : Coverage File chr19 (42 of 45)

2026-07-20 22:51:48.48921 : Coverage File chr17 (37 of 45)

2026-07-20 22:51:48.5716 : Coverage File chr22 (42 of 45)

2026-07-20 22:51:48.605421 : Coverage File chr12 (43 of 45)

2026-07-20 22:51:48.789853 : Coverage File chr7 (1 of 45)

2026-07-20 22:51:48.888733 : Coverage File chr16 (45 of 45)

2026-07-20 22:51:49.1683 : Coverage File chr10 (45 of 45)

2026-07-20 22:51:49.351811 : Coverage File chr4 (3 of 45)

2026-07-20 22:51:49.462262 : Coverage File chr20 (45 of 45)

2026-07-20 22:51:49.720741 : Coverage File chr3 (37 of 45)

2026-07-20 22:51:49.789458 : Coverage File chr2 (32 of 45)

2026-07-20 22:51:49.946192 : Coverage File chr21 (43 of 45)

2026-07-20 22:51:50.262112 : Coverage File chr5 (3 of 45)

2026-07-20 22:51:50.59469 : Coverage File chr17 (38 of 45)

2026-07-20 22:51:50.746406 : Coverage File chr19 (43 of 45)

2026-07-20 22:51:50.768148 : Coverage File chr11 (33 of 45)

2026-07-20 22:51:50.809647 : Coverage File chr12 (44 of 45)

2026-07-20 22:51:50.860088 : Coverage File chr22 (43 of 45)

2026-07-20 22:51:50.868232 : Coverage File chr6 (3 of 45)

2026-07-20 22:51:51.360195 : Kmer Bias chr8 (21 of 22)

2026-07-20 22:51:51.556175 : Kmer Bias chr9 (22 of 22)

2026-07-20 22:51:51.746538 : Coverage File chr4 (4 of 45)

2026-07-20 22:51:51.823894 : Coverage File chr2 (33 of 45)

2026-07-20 22:51:51.858096 : Coverage File chr3 (38 of 45)

2026-07-20 22:51:51.886004 : Coverage File chr1 (30 of 45)

2026-07-20 22:51:51.982128 : Coverage File chr21 (44 of 45)

2026-07-20 22:51:52.090364 : Coverage File chr7 (2 of 45)

2026-07-20 22:51:52.46562 : Coverage File chr8 (1 of 45)

2026-07-20 22:51:52.766009 : Coverage File chr9 (1 of 45)

2026-07-20 22:51:52.818419 : Coverage File chr19 (44 of 45)

2026-07-20 22:51:52.959419 : Coverage File chr17 (39 of 45)

2026-07-20 22:51:52.97574 : Coverage File chr11 (34 of 45)

2026-07-20 22:51:53.009707 : Coverage File chr22 (44 of 45)

2026-07-20 22:51:53.1218 : Coverage File chr12 (45 of 45)

2026-07-20 22:51:53.663871 : Coverage File chr5 (4 of 45)

2026-07-20 22:51:53.873692 : Coverage File chr2 (34 of 45)

2026-07-20 22:51:54.034534 : Coverage File chr6 (4 of 45)

2026-07-20 22:51:54.139315 : Coverage File chr7 (3 of 45)

2026-07-20 22:51:54.376934 : Coverage File chr3 (39 of 45)

2026-07-20 22:51:54.927817 : Coverage File chr1 (31 of 45)

2026-07-20 22:51:55.0154 : Coverage File chr19 (45 of 45)

2026-07-20 22:51:55.110443 : Coverage File chr17 (40 of 45)

2026-07-20 22:51:55.200914 : Coverage File chr21 (45 of 45)

2026-07-20 22:51:55.217512 : Coverage File chr22 (45 of 45)

2026-07-20 22:51:55.518397 : Coverage File chr11 (35 of 45)

2026-07-20 22:51:55.533385 : Coverage File chr4 (5 of 45)

2026-07-20 22:51:55.893656 : Coverage File chr2 (35 of 45)

2026-07-20 22:51:55.948109 : Coverage File chr8 (2 of 45)

2026-07-20 22:51:56.102324 : Coverage File chr7 (4 of 45)

2026-07-20 22:51:56.219177 : Coverage File chr9 (2 of 45)

2026-07-20 22:51:56.617219 : Coverage File chr3 (40 of 45)

2026-07-20 22:51:56.850168 : Coverage File chr5 (5 of 45)

2026-07-20 22:51:56.971343 : Coverage File chr6 (5 of 45)

2026-07-20 22:51:57.188948 : Coverage File chr17 (41 of 45)

2026-07-20 22:51:57.194394 : Coverage File chr1 (32 of 45)

2026-07-20 22:51:57.851957 : Coverage File chr2 (36 of 45)

2026-07-20 22:51:57.919861 : Coverage File chr7 (5 of 45)

2026-07-20 22:51:57.97449 : Coverage File chr4 (6 of 45)

2026-07-20 22:51:58.68018 : Coverage File chr3 (41 of 45)

2026-07-20 22:51:58.845245 : Coverage File chr11 (36 of 45)

2026-07-20 22:51:58.906029 : Coverage File chr8 (3 of 45)

2026-07-20 22:51:59.182115 : Coverage File chr1 (33 of 45)

2026-07-20 22:51:59.374679 : Coverage File chr6 (6 of 45)

2026-07-20 22:51:59.641347 : Coverage File chr9 (3 of 45)

2026-07-20 22:51:59.698885 : Coverage File chr5 (6 of 45)

2026-07-20 22:51:59.746409 : Coverage File chr7 (6 of 45)

2026-07-20 22:52:00.096148 : Coverage File chr17 (42 of 45)

2026-07-20 22:52:01.066374 : Coverage File chr2 (37 of 45)

2026-07-20 22:52:01.234122 : Coverage File chr1 (34 of 45)

2026-07-20 22:52:01.473979 : Coverage File chr4 (7 of 45)

2026-07-20 22:52:01.656719 : Coverage File chr9 (4 of 45)

2026-07-20 22:52:01.977936 : Coverage File chr11 (37 of 45)

2026-07-20 22:52:02.022995 : Coverage File chr3 (42 of 45)

2026-07-20 22:52:02.419037 : Coverage File chr17 (43 of 45)

2026-07-20 22:52:02.475239 : Coverage File chr8 (4 of 45)

2026-07-20 22:52:02.896427 : Coverage File chr7 (7 of 45)

2026-07-20 22:52:02.985176 : Coverage File chr6 (7 of 45)

2026-07-20 22:52:03.22193 : Coverage File chr1 (35 of 45)

2026-07-20 22:52:03.330529 : Coverage File chr2 (38 of 45)

2026-07-20 22:52:03.52215 : Coverage File chr9 (5 of 45)

2026-07-20 22:52:04.213273 : Coverage File chr5 (7 of 45)

2026-07-20 22:52:04.62422 : Coverage File chr4 (8 of 45)

2026-07-20 22:52:04.715143 : Coverage File chr3 (43 of 45)

2026-07-20 22:52:04.75356 : Coverage File chr17 (44 of 45)

2026-07-20 22:52:04.814887 : Coverage File chr11 (38 of 45)

2026-07-20 22:52:05.243881 : Coverage File chr1 (36 of 45)

2026-07-20 22:52:05.350238 : Coverage File chr9 (6 of 45)

2026-07-20 22:52:05.400409 : Coverage File chr8 (5 of 45)

2026-07-20 22:52:05.446633 : Coverage File chr7 (8 of 45)

2026-07-20 22:52:06.195411 : Coverage File chr2 (39 of 45)

2026-07-20 22:52:06.508967 : Coverage File chr6 (8 of 45)

2026-07-20 22:52:06.80496 : Coverage File chr3 (44 of 45)

2026-07-20 22:52:07.493351 : Coverage File chr5 (8 of 45)

2026-07-20 22:52:07.744439 : Coverage File chr17 (45 of 45)

2026-07-20 22:52:07.761793 : Coverage File chr4 (9 of 45)

2026-07-20 22:52:07.976622 : Coverage File chr8 (6 of 45)

2026-07-20 22:52:08.313856 : Coverage File chr11 (39 of 45)

2026-07-20 22:52:08.525691 : Coverage File chr9 (7 of 45)

2026-07-20 22:52:08.563061 : Coverage File chr2 (40 of 45)

2026-07-20 22:52:08.698359 : Coverage File chr1 (37 of 45)

2026-07-20 22:52:08.881592 : Coverage File chr7 (9 of 45)

2026-07-20 22:52:09.084962 : Coverage File chr3 (45 of 45)

2026-07-20 22:52:10.507905 : Coverage File chr6 (9 of 45)

2026-07-20 22:52:10.588888 : Coverage File chr4 (10 of 45)

2026-07-20 22:52:10.791446 : Coverage File chr2 (41 of 45)

2026-07-20 22:52:10.907341 : Coverage File chr9 (8 of 45)

2026-07-20 22:52:10.992946 : Coverage File chr1 (38 of 45)

2026-07-20 22:52:11.038486 : Coverage File chr8 (7 of 45)

2026-07-20 22:52:11.098872 : Coverage File chr11 (40 of 45)

2026-07-20 22:52:12.156235 : Coverage File chr7 (10 of 45)

2026-07-20 22:52:12.519969 : Coverage File chr5 (9 of 45)

2026-07-20 22:52:13.316953 : Coverage File chr4 (11 of 45)

2026-07-20 22:52:13.430642 : Coverage File chr8 (8 of 45)

2026-07-20 22:52:13.470779 : Coverage File chr9 (9 of 45)

2026-07-20 22:52:13.643 : Coverage File chr6 (10 of 45)

2026-07-20 22:52:13.866843 : Coverage File chr11 (41 of 45)

2026-07-20 22:52:14.005561 : Coverage File chr1 (39 of 45)

2026-07-20 22:52:14.511075 : Coverage File chr2 (42 of 45)

2026-07-20 22:52:14.858857 : Coverage File chr7 (11 of 45)

2026-07-20 22:52:15.762397 : Coverage File chr9 (10 of 45)

2026-07-20 22:52:15.946999 : Coverage File chr8 (9 of 45)

2026-07-20 22:52:16.412044 : Coverage File chr5 (10 of 45)

2026-07-20 22:52:16.511081 : Coverage File chr1 (40 of 45)

2026-07-20 22:52:16.616715 : Coverage File chr4 (12 of 45)

2026-07-20 22:52:16.859454 : Coverage File chr6 (11 of 45)

2026-07-20 22:52:17.442253 : Coverage File chr2 (43 of 45)

2026-07-20 22:52:17.52227 : Coverage File chr11 (42 of 45)

2026-07-20 22:52:18.149871 : Coverage File chr9 (11 of 45)

2026-07-20 22:52:18.259255 : Coverage File chr7 (12 of 45)

2026-07-20 22:52:18.543959 : Coverage File chr8 (10 of 45)

2026-07-20 22:52:18.830115 : Coverage File chr1 (41 of 45)

2026-07-20 22:52:19.778499 : Coverage File chr5 (11 of 45)

2026-07-20 22:52:19.779263 : Coverage File chr2 (44 of 45)

2026-07-20 22:52:20.194875 : Coverage File chr6 (12 of 45)

2026-07-20 22:52:20.309187 : Coverage File chr4 (13 of 45)

2026-07-20 22:52:20.555553 : Coverage File chr11 (43 of 45)

2026-07-20 22:52:20.849377 : Coverage File chr8 (11 of 45)

2026-07-20 22:52:20.995461 : Coverage File chr9 (12 of 45)

2026-07-20 22:52:21.349059 : Coverage File chr7 (13 of 45)

2026-07-20 22:52:22.22693 : Coverage File chr2 (45 of 45)

2026-07-20 22:52:22.874139 : Coverage File chr1 (42 of 45)

2026-07-20 22:52:23.22162 : Coverage File chr11 (44 of 45)

2026-07-20 22:52:23.571555 : Coverage File chr6 (13 of 45)

2026-07-20 22:52:23.598623 : Coverage File chr8 (12 of 45)

2026-07-20 22:52:23.810816 : Coverage File chr9 (13 of 45)

2026-07-20 22:52:23.991005 : Coverage File chr5 (12 of 45)

2026-07-20 22:52:24.326818 : Coverage File chr4 (14 of 45)

2026-07-20 22:52:24.640855 : Coverage File chr7 (14 of 45)

2026-07-20 22:52:26.015127 : Coverage File chr1 (43 of 45)

2026-07-20 22:52:26.514581 : Coverage File chr8 (13 of 45)

2026-07-20 22:52:26.539472 : Coverage File chr11 (45 of 45)

2026-07-20 22:52:26.587693 : Coverage File chr9 (14 of 45)

2026-07-20 22:52:26.783293 : Coverage File chr6 (14 of 45)

2026-07-20 22:52:27.935495 : Coverage File chr4 (15 of 45)

2026-07-20 22:52:28.038471 : Coverage File chr7 (15 of 45)

2026-07-20 22:52:28.171975 : Coverage File chr5 (13 of 45)

2026-07-20 22:52:28.482377 : Coverage File chr1 (44 of 45)

2026-07-20 22:52:29.255429 : Coverage File chr8 (14 of 45)

2026-07-20 22:52:29.367339 : Coverage File chr9 (15 of 45)

2026-07-20 22:52:30.079281 : Coverage File chr6 (15 of 45)

2026-07-20 22:52:31.081047 : Coverage File chr4 (16 of 45)

2026-07-20 22:52:31.147051 : Coverage File chr7 (16 of 45)

2026-07-20 22:52:31.532954 : Coverage File chr1 (45 of 45)

2026-07-20 22:52:31.869011 : Coverage File chr8 (15 of 45)

2026-07-20 22:52:32.160992 : Coverage File chr5 (14 of 45)

2026-07-20 22:52:32.178008 : Coverage File chr9 (16 of 45)

2026-07-20 22:52:33.25653 : Coverage File chr6 (16 of 45)

2026-07-20 22:52:33.594387 : Coverage File chr4 (17 of 45)

2026-07-20 22:52:33.610728 : Coverage File chr7 (17 of 45)

2026-07-20 22:52:34.559106 : Coverage File chr8 (16 of 45)

2026-07-20 22:52:35.429109 : Coverage File chr9 (17 of 45)

2026-07-20 22:52:35.729626 : Coverage File chr7 (18 of 45)

2026-07-20 22:52:35.801933 : Coverage File chr4 (18 of 45)

2026-07-20 22:52:35.812897 : Coverage File chr6 (17 of 45)

2026-07-20 22:52:36.1707 : Coverage File chr5 (15 of 45)

2026-07-20 22:52:36.751336 : Coverage File chr8 (17 of 45)

2026-07-20 22:52:37.641004 : Coverage File chr9 (18 of 45)

2026-07-20 22:52:37.724497 : Coverage File chr7 (19 of 45)

2026-07-20 22:52:37.763461 : Coverage File chr4 (19 of 45)

2026-07-20 22:52:38.004392 : Coverage File chr6 (18 of 45)

2026-07-20 22:52:38.703277 : Coverage File chr8 (18 of 45)

2026-07-20 22:52:39.796546 : Coverage File chr4 (20 of 45)

2026-07-20 22:52:39.908951 : Coverage File chr9 (19 of 45)

2026-07-20 22:52:39.970494 : Coverage File chr5 (16 of 45)

2026-07-20 22:52:39.986074 : Coverage File chr6 (19 of 45)

2026-07-20 22:52:39.998921 : Coverage File chr7 (20 of 45)

2026-07-20 22:52:40.515859 : Coverage File chr8 (19 of 45)

2026-07-20 22:52:41.778473 : Coverage File chr4 (21 of 45)

2026-07-20 22:52:41.888157 : Coverage File chr7 (21 of 45)

2026-07-20 22:52:42.144341 : Coverage File chr6 (20 of 45)

2026-07-20 22:52:42.353467 : Coverage File chr8 (20 of 45)

2026-07-20 22:52:42.521657 : Coverage File chr9 (20 of 45)

2026-07-20 22:52:42.704829 : Coverage File chr5 (17 of 45)

2026-07-20 22:52:44.060352 : Coverage File chr6 (21 of 45)

2026-07-20 22:52:44.110915 : Coverage File chr8 (21 of 45)

2026-07-20 22:52:44.353498 : Coverage File chr4 (22 of 45)

2026-07-20 22:52:44.648364 : Coverage File chr7 (22 of 45)

2026-07-20 22:52:45.260201 : Coverage File chr5 (18 of 45)

2026-07-20 22:52:45.385326 : Coverage File chr9 (21 of 45)

2026-07-20 22:52:46.413323 : Coverage File chr8 (22 of 45)

2026-07-20 22:52:46.989359 : Coverage File chr6 (22 of 45)

2026-07-20 22:52:47.062965 : Coverage File chr4 (23 of 45)

2026-07-20 22:52:47.279996 : Coverage File chr5 (19 of 45)

2026-07-20 22:52:48.020709 : Coverage File chr7 (23 of 45)

2026-07-20 22:52:48.450719 : Coverage File chr9 (22 of 45)

2026-07-20 22:52:48.897393 : Coverage File chr8 (23 of 45)

2026-07-20 22:52:49.523333 : Coverage File chr5 (20 of 45)

2026-07-20 22:52:49.878906 : Coverage File chr4 (24 of 45)

2026-07-20 22:52:50.395339 : Coverage File chr6 (23 of 45)

2026-07-20 22:52:50.977163 : Coverage File chr7 (24 of 45)

2026-07-20 22:52:51.232613 : Coverage File chr9 (23 of 45)

2026-07-20 22:52:51.343985 : Coverage File chr8 (24 of 45)

2026-07-20 22:52:51.47276 : Coverage File chr5 (21 of 45)

2026-07-20 22:52:52.844522 : Coverage File chr4 (25 of 45)

2026-07-20 22:52:53.478226 : Coverage File chr6 (24 of 45)

2026-07-20 22:52:54.109125 : Coverage File chr7 (25 of 45)

2026-07-20 22:52:54.146901 : Coverage File chr8 (25 of 45)

2026-07-20 22:52:54.462736 : Coverage File chr9 (24 of 45)

2026-07-20 22:52:54.563803 : Coverage File chr5 (22 of 45)

2026-07-20 22:52:55.583586 : Coverage File chr4 (26 of 45)

2026-07-20 22:52:56.661183 : Coverage File chr6 (25 of 45)

2026-07-20 22:52:56.867178 : Coverage File chr7 (26 of 45)

2026-07-20 22:52:57.66565 : Coverage File chr8 (26 of 45)

2026-07-20 22:52:58.134378 : Coverage File chr5 (23 of 45)

2026-07-20 22:52:58.148052 : Coverage File chr9 (25 of 45)

2026-07-20 22:52:58.344639 : Coverage File chr4 (27 of 45)

2026-07-20 22:52:59.533571 : Coverage File chr6 (26 of 45)

2026-07-20 22:52:59.73371 : Coverage File chr7 (27 of 45)

2026-07-20 22:53:00.245761 : Coverage File chr8 (27 of 45)

2026-07-20 22:53:01.150842 : Coverage File chr5 (24 of 45)

2026-07-20 22:53:01.240591 : Coverage File chr4 (28 of 45)

2026-07-20 22:53:01.560401 : Coverage File chr9 (26 of 45)

2026-07-20 22:53:02.682642 : Coverage File chr6 (27 of 45)

2026-07-20 22:53:02.912369 : Coverage File chr8 (28 of 45)

2026-07-20 22:53:03.372017 : Coverage File chr7 (28 of 45)

2026-07-20 22:53:04.06778 : Coverage File chr4 (29 of 45)

2026-07-20 22:53:04.303669 : Coverage File chr5 (25 of 45)

2026-07-20 22:53:04.658837 : Coverage File chr9 (27 of 45)

2026-07-20 22:53:05.511615 : Coverage File chr8 (29 of 45)

2026-07-20 22:53:05.778322 : Coverage File chr6 (28 of 45)

2026-07-20 22:53:07.114195 : Coverage File chr7 (29 of 45)

2026-07-20 22:53:07.158859 : Coverage File chr4 (30 of 45)

2026-07-20 22:53:07.528745 : Coverage File chr5 (26 of 45)

2026-07-20 22:53:07.85247 : Coverage File chr9 (28 of 45)

2026-07-20 22:53:08.422476 : Coverage File chr8 (30 of 45)

2026-07-20 22:53:08.818432 : Coverage File chr6 (29 of 45)

2026-07-20 22:53:09.460545 : Coverage File chr4 (31 of 45)

2026-07-20 22:53:10.433702 : Coverage File chr7 (30 of 45)

2026-07-20 22:53:10.437667 : Coverage File chr5 (27 of 45)

2026-07-20 22:53:10.495863 : Coverage File chr8 (31 of 45)

2026-07-20 22:53:10.69023 : Coverage File chr9 (29 of 45)

2026-07-20 22:53:11.361131 : Coverage File chr4 (32 of 45)

2026-07-20 22:53:11.965419 : Coverage File chr6 (30 of 45)

2026-07-20 22:53:12.305578 : Coverage File chr8 (32 of 45)

2026-07-20 22:53:13.204124 : Coverage File chr4 (33 of 45)

2026-07-20 22:53:13.24087 : Coverage File chr7 (31 of 45)

2026-07-20 22:53:13.299461 : Coverage File chr5 (28 of 45)

2026-07-20 22:53:13.66555 : Coverage File chr9 (30 of 45)

2026-07-20 22:53:14.022025 : Coverage File chr8 (33 of 45)

2026-07-20 22:53:14.290316 : Coverage File chr6 (31 of 45)

2026-07-20 22:53:15.055702 : Coverage File chr4 (34 of 45)

2026-07-20 22:53:15.774888 : Coverage File chr8 (34 of 45)

2026-07-20 22:53:15.84032 : Coverage File chr9 (31 of 45)

2026-07-20 22:53:15.961417 : Coverage File chr7 (32 of 45)

2026-07-20 22:53:16.258705 : Coverage File chr6 (32 of 45)

2026-07-20 22:53:16.406574 : Coverage File chr5 (29 of 45)

2026-07-20 22:53:16.949398 : Coverage File chr4 (35 of 45)

2026-07-20 22:53:17.499508 : Coverage File chr8 (35 of 45)

2026-07-20 22:53:17.84213 : Coverage File chr9 (32 of 45)

2026-07-20 22:53:18.071697 : Coverage File chr6 (33 of 45)

2026-07-20 22:53:18.763876 : Coverage File chr7 (33 of 45)

2026-07-20 22:53:18.949708 : Coverage File chr4 (36 of 45)

2026-07-20 22:53:19.219625 : Coverage File chr8 (36 of 45)

2026-07-20 22:53:19.369272 : Coverage File chr5 (30 of 45)

2026-07-20 22:53:19.627504 : Coverage File chr9 (33 of 45)

2026-07-20 22:53:20.017514 : Coverage File chr6 (34 of 45)

2026-07-20 22:53:21.410929 : Coverage File chr4 (37 of 45)

2026-07-20 22:53:21.465126 : Coverage File chr9 (34 of 45)

2026-07-20 22:53:21.524371 : Coverage File chr8 (37 of 45)

2026-07-20 22:53:21.595837 : Coverage File chr5 (31 of 45)

2026-07-20 22:53:21.811193 : Coverage File chr7 (34 of 45)

2026-07-20 22:53:21.875263 : Coverage File chr6 (35 of 45)

2026-07-20 22:53:23.275401 : Coverage File chr9 (35 of 45)

2026-07-20 22:53:23.464079 : Coverage File chr8 (38 of 45)

2026-07-20 22:53:23.466749 : Coverage File chr4 (38 of 45)

2026-07-20 22:53:23.550035 : Coverage File chr5 (32 of 45)

2026-07-20 22:53:23.72242 : Coverage File chr6 (36 of 45)

2026-07-20 22:53:24.366322 : Coverage File chr7 (35 of 45)

2026-07-20 22:53:25.042852 : Coverage File chr9 (36 of 45)

2026-07-20 22:53:25.349365 : Coverage File chr5 (33 of 45)

2026-07-20 22:53:25.619438 : Coverage File chr8 (39 of 45)

2026-07-20 22:53:25.715379 : Coverage File chr4 (39 of 45)

2026-07-20 22:53:26.388906 : Coverage File chr6 (37 of 45)

2026-07-20 22:53:26.702895 : Coverage File chr7 (36 of 45)

2026-07-20 22:53:27.20189 : Coverage File chr5 (34 of 45)

2026-07-20 22:53:27.308668 : Coverage File chr9 (37 of 45)

2026-07-20 22:53:27.59956 : Coverage File chr8 (40 of 45)

2026-07-20 22:53:27.780377 : Coverage File chr4 (40 of 45)

2026-07-20 22:53:28.492547 : Coverage File chr6 (38 of 45)

2026-07-20 22:53:29.049041 : Coverage File chr5 (35 of 45)

2026-07-20 22:53:29.209376 : Coverage File chr9 (38 of 45)

2026-07-20 22:53:29.464459 : Coverage File chr8 (41 of 45)

2026-07-20 22:53:29.811717 : Coverage File chr4 (41 of 45)

2026-07-20 22:53:30.474012 : Coverage File chr7 (37 of 45)

2026-07-20 22:53:30.86508 : Coverage File chr6 (39 of 45)

2026-07-20 22:53:30.867469 : Coverage File chr5 (36 of 45)

2026-07-20 22:53:31.400686 : Coverage File chr9 (39 of 45)

2026-07-20 22:53:32.11258 : Coverage File chr8 (42 of 45)

2026-07-20 22:53:32.641374 : Coverage File chr7 (38 of 45)

2026-07-20 22:53:32.850496 : Coverage File chr4 (42 of 45)

2026-07-20 22:53:33.080327 : Coverage File chr6 (40 of 45)

2026-07-20 22:53:33.42065 : Coverage File chr9 (40 of 45)

2026-07-20 22:53:33.431283 : Coverage File chr5 (37 of 45)

2026-07-20 22:53:34.42721 : Coverage File chr8 (43 of 45)

2026-07-20 22:53:35.082911 : Coverage File chr7 (39 of 45)

2026-07-20 22:53:35.106679 : Coverage File chr6 (41 of 45)

2026-07-20 22:53:35.295579 : Coverage File chr4 (43 of 45)

2026-07-20 22:53:35.31535 : Coverage File chr9 (41 of 45)

2026-07-20 22:53:35.47789 : Coverage File chr5 (38 of 45)

2026-07-20 22:53:36.435732 : Coverage File chr8 (44 of 45)

2026-07-20 22:53:37.288347 : Coverage File chr7 (40 of 45)

2026-07-20 22:53:37.369607 : Coverage File chr4 (44 of 45)

2026-07-20 22:53:37.720846 : Coverage File chr5 (39 of 45)

2026-07-20 22:53:38.001063 : Coverage File chr9 (42 of 45)

2026-07-20 22:53:38.216772 : Coverage File chr6 (42 of 45)

2026-07-20 22:53:38.449468 : Coverage File chr8 (45 of 45)

2026-07-20 22:53:39.377052 : Coverage File chr7 (41 of 45)

2026-07-20 22:53:39.534982 : Coverage File chr4 (45 of 45)

2026-07-20 22:53:39.810345 : Coverage File chr5 (40 of 45)

2026-07-20 22:53:40.24943 : Coverage File chr9 (43 of 45)

2026-07-20 22:53:40.700108 : Coverage File chr6 (43 of 45)

2026-07-20 22:53:41.792451 : Coverage File chr5 (41 of 45)

2026-07-20 22:53:42.201282 : Coverage File chr9 (44 of 45)

2026-07-20 22:53:42.286227 : Coverage File chr7 (42 of 45)

2026-07-20 22:53:42.795983 : Coverage File chr6 (44 of 45)

2026-07-20 22:53:44.401399 : Coverage File chr9 (45 of 45)

2026-07-20 22:53:44.589706 : Coverage File chr7 (43 of 45)

2026-07-20 22:53:44.733687 : Coverage File chr5 (42 of 45)

2026-07-20 22:53:45.067691 : Coverage File chr6 (45 of 45)

2026-07-20 22:53:46.654705 : Coverage File chr7 (44 of 45)

2026-07-20 22:53:47.189933 : Coverage File chr5 (43 of 45)

2026-07-20 22:53:48.827266 : Coverage File chr7 (45 of 45)

2026-07-20 22:53:49.208724 : Coverage File chr5 (44 of 45)

2026-07-20 22:53:51.690091 : Coverage File chr5 (45 of 45)

2026-07-20 22:53:53.596025 : Completed Kmer Bias Calculation

2026-07-20 22:54:03.717079 : Adding Kmer Bias (1 of 45)

2026-07-20 22:54:03.810416 : Adding Kmer Bias (2 of 45)

2026-07-20 22:54:03.852918 : Adding Kmer Bias (3 of 45)

2026-07-20 22:54:03.893479 : Adding Kmer Bias (4 of 45)

2026-07-20 22:54:03.935056 : Adding Kmer Bias (5 of 45)

2026-07-20 22:54:03.977104 : Adding Kmer Bias (6 of 45)

2026-07-20 22:54:04.017248 : Adding Kmer Bias (7 of 45)

2026-07-20 22:54:04.056726 : Adding Kmer Bias (8 of 45)

2026-07-20 22:54:04.104536 : Adding Kmer Bias (9 of 45)

2026-07-20 22:54:04.144506 : Adding Kmer Bias (10 of 45)

2026-07-20 22:54:04.185487 : Adding Kmer Bias (11 of 45)

2026-07-20 22:54:04.226871 : Adding Kmer Bias (12 of 45)

2026-07-20 22:54:04.269114 : Adding Kmer Bias (13 of 45)

2026-07-20 22:54:04.314043 : Adding Kmer Bias (14 of 45)

2026-07-20 22:54:04.358114 : Adding Kmer Bias (15 of 45)

2026-07-20 22:54:04.397896 : Adding Kmer Bias (16 of 45)

2026-07-20 22:54:04.442381 : Adding Kmer Bias (17 of 45)

2026-07-20 22:54:04.484534 : Adding Kmer Bias (18 of 45)

2026-07-20 22:54:04.525635 : Adding Kmer Bias (19 of 45)

2026-07-20 22:54:04.693107 : Adding Kmer Bias (20 of 45)

2026-07-20 22:54:04.731014 : Adding Kmer Bias (21 of 45)

2026-07-20 22:54:04.772423 : Adding Kmer Bias (22 of 45)

2026-07-20 22:54:04.822423 : Adding Kmer Bias (23 of 45)

2026-07-20 22:54:04.871549 : Adding Kmer Bias (24 of 45)

2026-07-20 22:54:04.92163 : Adding Kmer Bias (25 of 45)

2026-07-20 22:54:04.963446 : Adding Kmer Bias (26 of 45)

2026-07-20 22:54:05.011717 : Adding Kmer Bias (27 of 45)

2026-07-20 22:54:05.061597 : Adding Kmer Bias (28 of 45)

2026-07-20 22:54:05.103284 : Adding Kmer Bias (29 of 45)

2026-07-20 22:54:05.149166 : Adding Kmer Bias (30 of 45)

2026-07-20 22:54:05.198059 : Adding Kmer Bias (31 of 45)

2026-07-20 22:54:05.251013 : Adding Kmer Bias (32 of 45)

2026-07-20 22:54:05.302501 : Adding Kmer Bias (33 of 45)

2026-07-20 22:54:05.345671 : Adding Kmer Bias (34 of 45)

2026-07-20 22:54:05.391757 : Adding Kmer Bias (35 of 45)

2026-07-20 22:54:05.43335 : Adding Kmer Bias (36 of 45)

2026-07-20 22:54:05.477547 : Adding Kmer Bias (37 of 45)

2026-07-20 22:54:05.52181 : Adding Kmer Bias (38 of 45)

2026-07-20 22:54:05.568874 : Adding Kmer Bias (39 of 45)

2026-07-20 22:54:05.618782 : Adding Kmer Bias (40 of 45)

2026-07-20 22:54:05.659375 : Adding Kmer Bias (41 of 45)

2026-07-20 22:54:05.708174 : Adding Kmer Bias (42 of 45)

2026-07-20 22:54:05.764657 : Adding Kmer Bias (43 of 45)

2026-07-20 22:54:05.862731 : Adding Kmer Bias (44 of 45)

2026-07-20 22:54:05.906252 : Adding Kmer Bias (45 of 45)

------- Completed

End Time : 2026-07-20 22:54:05.992457
Elapsed Time Minutes = 9.4875094294548
Elapsed Time Hours = 0.158130440380838

-------



