
           ___      .______        ______  __    __  .______      
          /   \     |   _  \      /      ||  |  |  | |   _  \     
         /  ^  \    |  |_)  |    |  ,----'|  |__|  | |  |_)  |    
        /  /_\  \   |      /     |  |     |   __   | |      /     
       /  _____  \  |  |\  \\___ |  `----.|  |  |  | |  |\  \\___.
      /__/     \__\ | _| `._____| \______||__|  |__| | _| `._____|
    
Logging With ArchR!

Start Time : 2026-08-17 17:13:21.689954

------- ArchR Info

ArchRThreads = 19
ArchRGenome = Hg38

------- System Info

Computer OS = unix
Total Cores = 40

------- Session Info

R version 4.3.0 (2023-04-21)
Platform: x86_64-conda-linux-gnu (64-bit)
Running under: Red Hat Enterprise Linux 8.10 (Ootpa)

Matrix products: default
BLAS/LAPACK: /research_jude/rgs01_jude/groups/cab/projects/automapper/common/szhang37/Anaconda/miniconda3/envs/jwen_scRNA_singCellaR/lib/libopenblasp-r0.3.30.so;  LAPACK version 3.12.0

Random number generation:
 RNG:     L'Ecuyer-CMRG 
 Normal:  Inversion 
 Sample:  Rejection 
 
locale:
 [1] LC_CTYPE=en_US.UTF-8       LC_NUMERIC=C              
 [3] LC_TIME=en_US.UTF-8        LC_COLLATE=en_US.UTF-8    
 [5] LC_MONETARY=en_US.UTF-8    LC_MESSAGES=en_US.UTF-8   
 [7] LC_PAPER=en_US.UTF-8       LC_NAME=C                 
 [9] LC_ADDRESS=C               LC_TELEPHONE=C            
[11] LC_MEASUREMENT=en_US.UTF-8 LC_IDENTIFICATION=C       

time zone: America/Chicago
tzcode source: system (glibc)

attached base packages:
 [1] parallel  stats4    grid      stats     graphics  grDevices utils    
 [8] datasets  methods   base     

other attached packages:
 [1] BSgenome.Hsapiens.UCSC.hg38_1.4.5       
 [2] BSgenome_1.70.1                         
 [3] rtracklayer_1.62.0                      
 [4] BiocIO_1.12.0                           
 [5] Biostrings_2.70.1                       
 [6] XVector_0.42.0                          
 [7] org.Hs.eg.db_3.18.0                     
 [8] TxDb.Hsapiens.UCSC.hg38.knownGene_3.18.0
 [9] GenomicFeatures_1.54.1                  
[10] AnnotationDbi_1.64.1                    
[11] fs_1.6.6                                
[12] qs2_0.1.5                               
[13] snow_0.4-4                              
[14] doFuture_1.1.2                          
[15] doParallel_1.0.17                       
[16] iterators_1.0.14                        
[17] foreach_1.5.2                           
[18] BiocParallel_1.36.0                     
[19] future_1.67.0                           
[20] rhdf5_2.46.1                            
[21] SummarizedExperiment_1.32.0             
[22] Biobase_2.62.0                          
[23] RcppArmadillo_14.6.3-1                  
[24] Rcpp_1.1.0                              
[25] Matrix_1.6-5                            
[26] GenomicRanges_1.54.1                    
[27] GenomeInfoDb_1.38.1                     
[28] IRanges_2.36.0                          
[29] S4Vectors_0.40.2                        
[30] BiocGenerics_0.48.1                     
[31] sparseMatrixStats_1.14.0                
[32] MatrixGenerics_1.14.0                   
[33] matrixStats_1.5.0                       
[34] data.table_1.17.8                       
[35] stringr_1.5.1                           
[36] plyr_1.8.9                              
[37] magrittr_2.0.3                          
[38] ggplot2_3.5.2                           
[39] gtable_0.3.6                            
[40] gtools_3.9.5                            
[41] gridExtra_2.3                           
[42] devtools_2.4.5                          
[43] usethis_3.1.0                           
[44] ArchR_1.0.3                             
[45] gplots_3.2.0                            
[46] Seurat_5.3.0                            
[47] SeuratObject_5.1.0                      
[48] sp_2.2-0                                

loaded via a namespace (and not attached):
  [1] RcppAnnoy_0.0.22         splines_4.3.0            later_1.4.2             
  [4] filelock_1.0.3           bitops_1.0-9             tibble_3.3.0            
  [7] polyclip_1.10-7          XML_3.99-0.15            fastDummies_1.7.5       
 [10] lifecycle_1.0.4          globals_0.18.0           lattice_0.22-7          
 [13] MASS_7.3-60.0.1          plotly_4.11.0            yaml_2.3.10             
 [16] remotes_2.5.0            httpuv_1.6.16            sctransform_0.4.2       
 [19] spam_2.11-1              sessioninfo_1.2.3        pkgbuild_1.4.8          
 [22] spatstat.sparse_3.1-0    reticulate_1.43.0        DBI_1.2.3               
 [25] cowplot_1.2.0            pbapply_1.7-4            RColorBrewer_1.1-3      
 [28] abind_1.4-5              pkgload_1.4.0            zlibbioc_1.48.0         
 [31] Rtsne_0.17               purrr_1.1.0              RCurl_1.98-1.12         
 [34] rappdirs_0.3.3           GenomeInfoDbData_1.2.11  ggrepel_0.9.6           
 [37] irlba_2.3.5.1            listenv_0.9.1            spatstat.utils_3.1-5    
 [40] goftest_1.2-3            RSpectra_0.16-2          spatstat.random_3.4-1   
 [43] fitdistrplus_1.2-4       parallelly_1.45.1        codetools_0.2-20        
 [46] DelayedArray_0.28.0      xml2_1.5.1               tidyselect_1.2.1        
 [49] farver_2.1.2             BiocFileCache_2.10.1     spatstat.explore_3.5-2  
 [52] GenomicAlignments_1.38.0 jsonlite_2.0.0           ellipsis_0.3.2          
 [55] progressr_0.15.1         ggridges_0.5.6           survival_3.8-3          
 [58] progress_1.2.3           tools_4.3.0              ica_1.0-3               
 [61] glue_1.8.0               SparseArray_1.2.2        dplyr_1.1.4             
 [64] withr_3.0.2              fastmap_1.2.0            rhdf5filters_1.14.1     
 [67] caTools_1.18.3           digest_0.6.37            R6_2.6.1                
 [70] mime_0.13                colorspace_2.1-1         scattermore_1.2         
 [73] tensor_1.5.1             biomaRt_2.58.0           RSQLite_2.4.3           
 [76] dichromat_2.0-0.1        spatstat.data_3.1-8      tidyr_1.3.1             
 [79] generics_0.1.4           prettyunits_1.2.0        httr_1.4.7              
 [82] htmlwidgets_1.6.4        S4Arrays_1.2.0           uwot_0.2.3              
 [85] pkgconfig_2.0.3          blob_1.2.4               lmtest_0.9-40           
 [88] htmltools_0.5.8.1        profvis_0.4.0            dotCall64_1.2           
 [91] scales_1.4.0             png_0.1-8                spatstat.univar_3.1-4   
 [94] rjson_0.2.23             reshape2_1.4.4           curl_7.0.0              
 [97] nlme_3.1-168             zoo_1.8-14               cachem_1.1.0            
[100] KernSmooth_2.23-26       miniUI_0.1.2             restfulr_0.0.15         
[103] pillar_1.11.0            vctrs_0.6.5              RANN_2.6.2              
[106] urlchecker_1.0.1         promises_1.3.3           stringfish_0.17.0       
[109] dbplyr_2.5.0             xtable_1.8-4             cluster_2.1.8.1         
[112] Rsamtools_2.18.0         cli_3.6.5                compiler_4.3.0          
[115] rlang_1.1.6              crayon_1.5.3             future.apply_1.20.0     
[118] stringi_1.7.12           viridisLite_0.4.2        deldir_2.0-4            
[121] lazyeval_0.2.2           spatstat.geom_3.5-0      RcppHNSW_0.6.0          
[124] hms_1.1.3                patchwork_1.3.1          bit64_4.6.0-1           
[127] Rhdf5lib_1.24.0          KEGGREST_1.42.0          shiny_1.11.1            
[130] ROCR_1.0-11              igraph_1.5.1             memoise_2.0.1           
[133] RcppParallel_5.1.9       bit_4.6.0               


------- Log Info


2026-08-17 17:13:21.87182 : createArrowFiles Input-Parameters, Class = list

createArrowFiles Input-Parameters$inputFiles: length = 11
                                                                                                                                                  X__24t 
     "/research_jude/rgs01_jude/groups/cab/projects/automapper/common/szhang37/projects/szhang_dev/test_ASoC_w_WASP/atac_bams/24t/outs/fragments.tsv.gz" 
                                                                                                                                              X__pt1_pre 
 "/research_jude/rgs01_jude/groups/cab/projects/automapper/common/szhang37/projects/szhang_dev/test_ASoC_w_WASP/atac_bams/pt1_pre/outs/fragments.tsv.gz" 
                                                                                                                                             X__pt11_pre 
"/research_jude/rgs01_jude/groups/cab/projects/automapper/common/szhang37/projects/szhang_dev/test_ASoC_w_WASP/atac_bams/pt11_pre/outs/fragments.tsv.gz" 
                                                                                                                                              X__pt12pre 
 "/research_jude/rgs01_jude/groups/cab/projects/automapper/common/szhang37/projects/szhang_dev/test_ASoC_w_WASP/atac_bams/pt12pre/outs/fragments.tsv.gz" 
                                                                                                                                              X__pt14pre 
 "/research_jude/rgs01_jude/groups/cab/projects/automapper/common/szhang37/projects/szhang_dev/test_ASoC_w_WASP/atac_bams/pt14pre/outs/fragments.tsv.gz" 
                                                                                                                                              X__pt16pre 
 "/research_jude/rgs01_jude/groups/cab/projects/automapper/common/szhang37/projects/szhang_dev/test_ASoC_w_WASP/atac_bams/pt16pre/outs/fragments.tsv.gz" 


createArrowFiles Input-Parameters$sampleNames: length = 11
[1] "X__24t"      "X__pt1_pre"  "X__pt11_pre" "X__pt12pre"  "X__pt14pre" 
[6] "X__pt16pre" 


createArrowFiles Input-Parameters$outputNames: length = 11
[1] "atac_arrow_files/X__24t"      "atac_arrow_files/X__pt1_pre" 
[3] "atac_arrow_files/X__pt11_pre" "atac_arrow_files/X__pt12pre" 
[5] "atac_arrow_files/X__pt14pre"  "atac_arrow_files/X__pt16pre" 


createArrowFiles Input-Parameters$minTSS: length = 1
[1] 1


createArrowFiles Input-Parameters$minFrags: length = 1
[1] 1000


createArrowFiles Input-Parameters$maxFrags: length = 1
[1] 1e+07


createArrowFiles Input-Parameters$minFragSize: length = 1
[1] 10


createArrowFiles Input-Parameters$maxFragSize: length = 1
[1] 2000


createArrowFiles Input-Parameters$QCDir: length = 1
[1] "QualityControl"


createArrowFiles Input-Parameters$nucLength: length = 1
[1] 147


createArrowFiles Input-Parameters$promoterRegion: length = 2
[1] 2000  100


createArrowFiles Input-Parameters$excludeChr: length = 3
[1] "chrM" "chrX" "chrY"


createArrowFiles Input-Parameters$nChunk: length = 1
[1] 5


createArrowFiles Input-Parameters$bcTag: length = 1
[1] "qname"


createArrowFiles Input-Parameters$gsubExpression: length = 0
NULL


createArrowFiles Input-Parameters$bamFlag: length = 0
NULL


createArrowFiles Input-Parameters$offsetPlus: length = 1
[1] 4


createArrowFiles Input-Parameters$offsetMinus: length = 1
[1] -5


createArrowFiles Input-Parameters$addTileMat: length = 1
[1] TRUE


createArrowFiles Input-Parameters$addGeneScoreMat: length = 1
[1] TRUE


createArrowFiles Input-Parameters$force: length = 1
[1] TRUE


createArrowFiles Input-Parameters$threads: length = 1
[1] 18


createArrowFiles Input-Parameters$parallelParam: length = 0
NULL


createArrowFiles Input-Parameters$subThreading: length = 1
[1] TRUE


createArrowFiles Input-Parameters$verbose: length = 1
[1] TRUE


createArrowFiles Input-Parameters$cleanTmp: length = 1
[1] TRUE


createArrowFiles Input-Parameters$logFile: length = 1
[1] "ArchRLogs/ArchR-createArrows-162cc95c23a9d5-Date-2026-08-17_Time-17-13-21.681631.log"


createArrowFiles Input-Parameters$filterFrags: length = 1
[1] 1000


createArrowFiles Input-Parameters$filterTSS: length = 1
[1] 1



2026-08-17 17:13:21.885687 : Cleaning Temporary Files
2026-08-17 17:13:21.89737 : Batch Execution w/ safelapply!, 0 mins elapsed.

###########
2026-08-17 17:13:21.930154 : Creating Arrow File atac_arrow_files/X__24t.arrow (X__24t : 1 of 11)
###########


2026-08-17 17:13:21.931563 : validBC, Class = character

validBC: length = 9873
[1] "AAACAAGCAAGCGAAG-1" "AAACAAGCAATTGAGT-1" "AAACAAGCACATGCAA-1"
[4] "AAACAAGCACTTAGCT-1" "AAACAAGCAGCACTAA-1" "AAACAAGCATTTCATG-1"



###########
2026-08-17 17:13:21.953747 : Creating Arrow File atac_arrow_files/X__pt24pre.arrow (X__pt24pre : 2 of 11)
###########


2026-08-17 17:13:21.955517 : validBC, Class = character

validBC: length = 20082
[1] "AAACGAAAGCCTGTAT-1" "AAACGAAAGGATCCTT-1" "AAACGAAAGGATTTGA-1"
[4] "AAACGAAAGGCGTAGT-1" "AAACGAAAGGCTCAGA-1" "AAACGAAAGGTCACTT-1"



###########
2026-08-17 17:13:21.976623 : Creating Arrow File atac_arrow_files/X__pt12pre.arrow (X__pt12pre : 3 of 11)
###########


2026-08-17 17:13:21.9784 : validBC, Class = character

validBC: length = 8362
[1]
2026-08-17 17:13:21.97954 : (X__24t : 1 of 11) Determining Arrow Method to use!
 "AAACGAAAGAAAGGGT-1" "AAACGAAAGCAGGACT-1" "AAACGAAAGCGATACG-1"
[4] "AAACGAAAGCTTACCA-1" "AAACGAAAGGCGTCCT-1" "AAACGAAAGGTCTTTG-1"


2026-08-17 17:13:21.987532 : (X__24t : 1 of 11) Reading In Fragments from inputFiles (readMethod = tabix), 0.002 mins elapsed.
2026-08-17 17:13:21.994979 : (X__24t : 1 of 11) Tabix Bed To Temporary File, 0.002 mins elapsed.

###########
2026-08-17 17:13:22.000169 : Creating Arrow File atac_arrow_files/X__pt14pre.arrow (X__pt14pre : 4 of 11)
###########


2026-08-17 17:13:22.001968 : validBC, Class = character

validBC: length = 20001
[1] "AAACGAAAGATGAGGA-1" "AAACGAAAGATGCGAC-1" "AAACGAAAGGCATGCA-1"
[4] "AAACGAAAGGTTCGAG-1" "AAACGAAAGTAATGTG-1" "AAACGAAAGTTAGAGT-1"



2026-08-17 17:13:22.011123 : (X__pt24pre : 2 of 11) Determining Arrow Method to use!
2026-08-17 17:13:22.020196 : (X__pt24pre : 2 of 11) Reading In Fragments from inputFiles (readMethod = tabix), 0.002 mins elapsed.

###########
2026-08-17 17:13:22.023564 : Creating Arrow File atac_arrow_files/X__pt17pre.arrow (X__pt17pre : 5 of 11)
###########


2026-08-17 17:13:22.025283 : validBC, Class = character

validBC: length = 20020
[1] "AAACGAAAGCCTATAC-1" "AAACGAAAGGAGAACA-1" "AAACGAAAGGCAGTGT-1"
[4] "AAACGAAAGGGAGTTC-1" "AAACGAAAGGTCGGTA-1" "AAACGAAAGTCTCGAT-1"


2026-08-17 17:13:22.029002 : (X__pt24pre : 2 of 11) Tabix Bed To Temporary File, 0.002 mins elapsed.

2026-08-17 17:13:22.034829 : (X__pt12pre : 3 of 11) Determining Arrow Method to use!
2026-08-17 17:13:22.043709 : (X__pt12pre : 3 of 11) Reading In Fragments from inputFiles (readMethod = tabix), 0.002 mins elapsed.

###########
2026-08-17 17:13:22.048041 : Creating Arrow File atac_arrow_files/X__pt1_pre.arrow (X__pt1_pre : 6 of 11)
###########


2026-08-17 17:13:22.049835 : validBC, Class = character

validBC: length = 7547
[1] "AAACGAAAGACACGGT-1" "AAACGAAAGAGAGTAG-1" "AAACGAAAGATGGCAC-1"
[4] "AAACGAAAGGTCTTTG-1" "AAACGAAAGTACCACT-1" "AAACGAAAGTATAGTG-1"


2026-08-17 17:13:22.052076 : (X__pt12pre : 3 of 11) Tabix Bed To Temporary File, 0.003 mins elapsed.

2026-08-17 17:13:22.054676 : (X__pt14pre : 4 of 11) Determining Arrow Method to use!
2026-08-17 17:13:22.063929 : (X__pt14pre : 4 of 11) Reading In Fragments from inputFiles (readMethod = tabix), 0.003 mins elapsed.
2026-08-17 17:13:22.072348 : (X__pt14pre : 4 of 11) Tabix Bed To Temporary File, 0.003 mins elapsed.

###########
2026-08-17 17:13:22.072254 : Creating Arrow File atac_arrow_files/X__pt6_pre.arrow (X__pt6_pre : 7 of 11)
###########


2026-08-17 17:13:22.073884 : validBC, Class = character

2026-08-17 17:13:22.074096 : tileChromSizes, Class = GRanges

validBC: length = 4955
[1] "AAACGAAAGTGATAAC-1" "AAACGAACAAGTCCTA-1" "AAACGAACATCACAAC-1"
[4] "AAACGAAGTAAAGCTA-1" "AAACGAAGTGAGTAAT-1" "AAACGAAGTGCAAGAC-1"


GRanges object with 120 ranges and 1 metadata column:

2026-08-17 17:13:22.077206 : (X__pt17pre : 5 of 11) Determining Arrow Method to use!
2026-08-17 17:13:22.085947 : (X__pt17pre : 5 of 11) Reading In Fragments from inputFiles (readMethod = tabix), 0.003 mins elapsed.
        seqnames              ranges strand |     chunkName
           <Rle>           <IRanges>  <Rle>2026-08-17 17:13:22.094246 : (X__pt17pre : 5 of 11) Tabix Bed To Temporary File, 0.003 mins elapsed.
 |   <character>
    [1]     chr1          1-49791284      * |   chr1#chunk1
    [2]     chr1   49791285-99582568      * |   chr1#chunk2
    [3]     chr1  99582569-149373853      * |   chr1#chunk3
    [4]     chr1 149373854-199165137      * |   chr1#chunk4
    [5]     chr1 199165138-248956422      * |   chr1#chunk5
    ...      ...                 ...    ... .           ...
  [116]     chrY          1-11445483      * | chrY#chunk116
  [117]     chrY   11445484-22890966      * | chrY#chunk117
  [118]     chrY   22890967-34336449      * | chrY#chunk118
  [119]     chrY   34336450-45781932      * | chrY#chunk119
  [120]     chrY   45781933-57227415      * | chrY#chunk120
  -------
  seqinfo: 24 sequences from an unspecified genome; no seqlengths


###########
2026-08-17 17:13:22.097735 : Creating Arrow File atac_arrow_files/X__pt5_pre.arrow (X__pt5_pre : 8 of 11)
###########


2026-08-17 17:13:22.09954 : validBC, Class = character

validBC: length = 5952
[1] "AAACGAAAGAACGTCG-1" "AAACGAAAGAAGCCGT-1" "AAACGAAAGAGCTACG-1"
[4] "AAACGAACAGCTGATT-1" "AAACGAAGTCCCGTGA-1" "AAACGAAGTGATAGAT-1"



2026-08-17 17:13:22.107049 : (X__pt1_pre : 6 of 11) Determining Arrow Method to use!

2026-08-17 17:13:22.112441 : tileChromSizes, Class = GRanges
GRanges object with 120 ranges and 1 metadata column:
2026-08-17 17:13:22.116142 : (X__pt1_pre : 6 of 11) Reading In Fragments from inputFiles (readMethod = tabix), 0.004 mins elapsed.
2026-08-17 17:13:22.125181 : (X__pt1_pre : 6 of 11) Tabix Bed To Temporary File, 0.004 mins elapsed.

###########
2026-08-17 17:13:22.126015 : Creating Arrow File atac_arrow_files/X__pt16pre.arrow (X__pt16pre : 9 of 11)
###########


2026-08-17 17:13:22.127777 : validBC, Class = character

validBC: length = 13792
[1] "AAACGAAAGAATCAGT-1" "AAACGAAAGACGAAAG-1" "AAACGAAAGAGTTTGA-1"
[4] "AAACGAAAGGCAAGGG-1" "AAACGAAAGGCGTCCT-1" "AAACGAAAGTAGGAAG-1"



2026-08-17 17:13:22.131521 : (X__pt6_pre : 7 of 11) Determining Arrow Method to use!

2026-08-17 17:13:22.132321 : tileChromSizes, Class = GRanges
        seqnames              ranges strand |     chunkName
           <Rle>           <IRanges>  <Rle> |   <character>
    [1]     chr1          1-49791284      * |   chr1#chunk1
    [2]     chr1   49791285-99582568      * |   chr1#chunk2
    [3]     chr1  99582569-149373853      * |   chr1#chunk3
    [4]     chr1 149373854-199165137      * |   chr1#chunk4
    [5]     chr1 199165138-248956422      * |   chr1#chunk5
    ...      ...                 ...    ... .           ...
  [116]     chrY          1-11445483      * | chrY#chunk116
  [117]     chrY   11445484-22890966      * | chrY#chunk117
  [118]     chrY   22890967-34336449      * | chrY#chunk118
  [119]     chrY   34336450-45781932      * | chrY#chunk119
  [120]     chrY   45781933-57227415      * | chrY#chunk120
  -------
  seqinfo: 24 sequences from an unspecified genome; no seqlengths

GRanges object with 120 ranges and 1 metadata column:
2026-08-17 17:13:22.140702 : (X__pt6_pre : 7 of 11) Reading In Fragments from inputFiles (readMethod = tabix), 0.004 mins elapsed.

###########
2026-08-17 17:13:22.147597 : Creating Arrow File atac_arrow_files/X__pt9_pre.arrow (X__pt9_pre : 10 of 11)
###########


2026-08-17 17:13:22.149322 : validBC, Class = character
2026-08-17 17:13:22.149777 : (X__pt6_pre : 7 of 11) Tabix Bed To Temporary File, 0.004 mins elapsed.

validBC: length = 2526
[1] "AAACGAACAACGCACC-1" "AAACGAAGTGCATTCA-1" "AAACGAATCCGCTCTA-1"
[4] "AAACTCGAGTCGCGTC-1" "AAACTCGCAGCAAACG-1" "AAACTCGGTGTACGCC-1"



2026-08-17 17:13:22.153561 : tileChromSizes, Class = GRanges
        seqnames              ranges strand |     chunkName
           <Rle>           <IRanges>  <Rle> |   <character>
    [1]     chr1          1-49791284      * |   chr1#chunk1
    [2]     chr1   49791285-99582568      * |   chr1#chunk2
    [3]     chr1  99582569-149373853      * |   chr1#chunk3
    [4]     chr1 149373854-199165137      * |   chr1#chunk4
    [5]     chr1 199165138-248956422      * |   chr1#chunk5
    ...      ...                 ...    ... .           ...
  [116]     chrY          1-11445483      * | chrY#chunk116
  [117]     chrY   11445484-22890966      * | chrY#chunk117
  [118]     chrY   22890967-34336449      * | chrY#chunk118
  [119]     chrY   34336450-45781932      * | chrY#chunk119
  [120]     chrY   45781933-57227415      * | chrY#chunk120
  -------
  seqinfo: 24 sequences from an unspecified genome; no seqlengths


2026-08-17 17:13:22.155773 : (X__pt5_pre : 8 of 11) Determining Arrow Method to use!
GRanges object with 120 ranges and 1 metadata column:
2026-08-17 17:13:22.164384 : (X__pt5_pre : 8 of 11) Reading In Fragments from inputFiles (readMethod = tabix), 0.004 mins elapsed.

2026-08-17 17:13:22.172249 : tileChromSizes, Class = GRanges

###########
2026-08-17 17:13:22.172734 : Creating Arrow File atac_arrow_files/X__pt11_pre.arrow (X__pt11_pre : 11 of 11)
###########

2026-08-17 17:13:22.173743 : (X__pt5_pre : 8 of 11) Tabix Bed To Temporary File, 0.005 mins elapsed.

2026-08-17 17:13:22.174463 : validBC, Class = character
        seqnames              ranges strand |     chunkName
           <Rle>           <IRanges>  <Rle> |   <character>
    [1]     chr1          1-49791284      * |   chr1#chunk1
    [2]     chr1   49791285-99582568      * |   chr1#chunk2
    [3]     chr1  99582569-149373853      * |   chr1#chunk3
    [4]     chr1 149373854-199165137      * |   chr1#chunk4
    [5]     chr1 199165138-248956422      * |   chr1#chunk5
    ...
      ...GRanges object with 120 ranges and 1 metadata column                 ...:
    ... .           ...
  [116]     chrY          1-11445483      * | chrY#chunk116
  [117]     chrY   11445484-22890966      * | chrY#chunk117
  [118]     chrY   22890967-34336449      * | chrY#chunk118
  [119]     chrY   34336450-45781932      * | chrY#chunk119
  [120]     chrYvalidBC: length = 2392
   45781933-57227415      * | chrY#chunk120
  -------
  seqinfo: 24 sequences from an unspecified genome; no seqlengths

[1] "AAACGAACATGGCCGT-1" "AAACGAATCGGATAAA-1" "AAACTCGAGTTCCAGT-1"
[4] "AAACTCGCACCTGTGG-1" "AAACTCGGTACCGGCT-1" "AAACTCGGTACGGAGT-1"


        seqnames              ranges strand |     chunkName
           <Rle>           <IRanges>  <Rle> |   <character>
    [1]     chr1          1-49791284      * |   chr1#chunk1
    [2]     chr1   49791285-99582568      * |   chr1#chunk2
    [3]     chr1  99582569-149373853      * |   chr1#chunk3
    [4]     chr1 149373854-199165137      * |   chr1#chunk4
    [5]     chr1 199165138-248956422      * |   chr1#chunk5
    ...      ...                 ...    ... .           ...
  [116]     chrY          1-11445483      * | chrY#chunk116
  [117]     chrY   11445484-22890966      * | chrY#chunk117
  [118]     chrY   22890967-34336449      * | chrY#chunk118
  [119]     chrY   34336450-45781932      * | chrY#chunk119
  [120]     chrY   45781933-57227415      * | chrY#chunk120
  -------
  seqinfo: 24 sequences from an unspecified genome; no seqlengths


2026-08-17 17:13:22.207628 : tileChromSizes, Class = GRanges
GRanges object with 120 ranges and 1 metadata column:
        seqnames              ranges strand |     chunkName
           <Rle>           <IRanges>  <Rle> |   <character>
    [1]     chr1          1-49791284      * |   chr1#chunk1
    [2]     chr1   49791285-99582568      * |   chr1#chunk2
    [3]     chr1  99582569-149373853      * |   chr1#chunk3
    [4]     chr1 149373854-199165137      * |   chr1#chunk4
    [5]     chr1 199165138-248956422      * |   chr1#chunk5
    ...      ...                 ...    ... .           ...
  [116]     chrY          1-11445483      * | chrY#chunk116
  [117]     chrY   11445484-22890966      * | chrY#chunk117
  [118]     chrY   22890967-34336449      * | chrY#chunk118
  [119]     chrY   34336450-45781932      * | chrY#chunk119
  [120]     chrY   45781933-57227415      * | chrY#chunk120
  -------
  seqinfo: 24 sequences from an unspecified genome; no seqlengths


2026-08-17 17:13:22.229365 : tileChromSizes, Class = GRanges
GRanges object with 120 ranges and 1 metadata column:

2026-08-17 17:13:22.247886 : tileChromSizes, Class = GRanges
        seqnames              ranges strand |     chunkName
           <Rle>           <IRanges>  <Rle> |   <character>
    [1]     chr1          1-49791284      * |   chr1#chunk1
    [2]     chr1   49791285-99582568      * |   chr1#chunk2
    [3]     chr1  99582569-149373853      * |   chr1#chunk3
    [4]     chr1 149373854-199165137      * |   chr1#chunk4
    [5]     chr1 199165138-248956422      * |   chr1#chunk5
    ...      ...                 ...    ... .           ...
  [116]     chrY          1-11445483GRanges object with 120 ranges and 1 metadata column:
      * | chrY#chunk116
  [117]     chrY   11445484-22890966      * | chrY#chunk117
  [118]     chrY   22890967-34336449      * | chrY#chunk118
  [119]     chrY   34336450-45781932      * | chrY#chunk119
  [120]     chrY   45781933-57227415      * | chrY#chunk120
  -------
  seqinfo: 24 sequences from an unspecified genome; no seqlengths

        seqnames              ranges strand |     chunkName
           <Rle>           <IRanges>  <Rle> |   <character>
    [1]     chr1          1-49791284      * |   chr1#chunk1
    [2]     chr1   49791285-99582568      * |   chr1#chunk2
    [3]     chr1  99582569-149373853      * |   chr1#chunk3
    [4]     chr1 149373854-199165137      * |   chr1#chunk4
    [5]     chr1 199165138-248956422      * |   chr1#chunk5
    ...      ...                 ...    ... .           ...
  [116]     chrY          1-11445483      * | chrY#chunk116
  [117]     chrY   11445484-22890966      * | chrY#chunk117
  [118]     chrY   22890967-34336449      * | chrY#chunk118
  [119]     chrY   34336450-45781932      * | chrY#chunk119
  [120]     chrY   45781933-57227415      * | chrY#chunk120
  -------
  seqinfo: 24 sequences from an unspecified genome; no seqlengths


2026-08-17 17:13:25.723471 : (X__pt16pre : 9 of 11) Determining Arrow Method to use!

2026-08-17 17:13:25.723476 : (X__pt9_pre : 10 of 11) Determining Arrow Method to use!

2026-08-17 17:13:25.732202 : (X__pt11_pre : 11 of 11) Determining Arrow Method to use!
2026-08-17 17:13:25.732874 : (X__pt9_pre : 10 of 11) Reading In Fragments from inputFiles (readMethod = tabix), 0.064 mins elapsed.
2026-08-17 17:13:25.73287 : (X__pt16pre : 9 of 11) Reading In Fragments from inputFiles (readMethod = tabix), 0.064 mins elapsed.
2026-08-17 17:13:25.741623 : (X__pt11_pre : 11 of 11) Reading In Fragments from inputFiles (readMethod = tabix), 0.064 mins elapsed.
2026-08-17 17:13:25.7422 : (X__pt9_pre : 10 of 11) Tabix Bed To Temporary File, 0.064 mins elapsed.
2026-08-17 17:13:25.742294 : (X__pt16pre : 9 of 11) Tabix Bed To Temporary File, 0.064 mins elapsed.
2026-08-17 17:13:25.750784 : (X__pt11_pre : 11 of 11) Tabix Bed To Temporary File, 0.064 mins elapsed.

2026-08-17 17:13:25.833703 : tileChromSizes, Class = GRanges

2026-08-17 17:13:25.833702 : tileChromSizes, Class = GRanges
GRanges object with 120 ranges and 1 metadata column:
GRanges object with 120 ranges and 1 metadata column:

2026-08-17 17:13:25.846449 : tileChromSizes, Class = GRanges
GRanges object with 120 ranges and 1 metadata column:
               seqnames seqnames              ranges              ranges strand strand | |     chunkName     chunkName
       
           <Rle>    <Rle>           <IRanges>           <IRanges>  <Rle>  <Rle> | |   <character>   <character>
    [1]
    [1]     chr1     chr1          1-49791284          1-49791284      *      * | |   chr1#chunk1   chr1#chunk1
    [2]
    [2]     chr1     chr1   49791285-99582568   49791285-99582568      *      * | |   chr1#chunk2   chr1#chunk2
    [3]
    [3]     chr1     chr1  99582569-149373853  99582569-149373853      *      * | |   chr1#chunk3   chr1#chunk3
    [4]
    [4]     chr1     chr1 149373854-199165137 149373854-199165137      *      * | |   chr1#chunk4   chr1#chunk4
    [5]
    [5]     chr1     chr1 199165138-248956422 199165138-248956422      *      * | |   chr1#chunk5   chr1#chunk5
    ...
    ...      ...      ...                 ...                 ...    ...    ... . .           ...           ...
  [116]
  [116]     chrY     chrY          1-11445483          1-11445483      *      * | | chrY#chunk116 chrY#chunk116
  [117]
  [117]     chrY     chrY   11445484-22890966   11445484-22890966      *      * | | chrY#chunk117 chrY#chunk117
  [118]
  [118]     chrY     chrY   22890967-34336449   22890967-34336449      *      * | | chrY#chunk118 chrY#chunk118
  [119]
  [119]     chrY     chrY   34336450-45781932   34336450-45781932      *      * | | chrY#chunk119 chrY#chunk119
  [120]
  [120]     chrY     chrY   45781933-57227415   45781933-57227415      *      * | | chrY#chunk120 chrY#chunk120

  -------
  -------
  seqinfo: 24 sequences from an unspecified genome; no seqlengths  seqinfo: 
24 sequences from an unspecified genome; no seqlengths


        seqnames              ranges strand |     chunkName
           <Rle>           <IRanges>  <Rle> |   <character>
    [1]     chr1          1-49791284      * |   chr1#chunk1
    [2]     chr1   49791285-99582568      * |   chr1#chunk2
    [3]     chr1  99582569-149373853      * |   chr1#chunk3
    [4]     chr1 149373854-199165137      * |   chr1#chunk4
    [5]     chr1 199165138-248956422      * |   chr1#chunk5
    ...      ...                 ...    ... .           ...
  [116]     chrY          1-11445483      * | chrY#chunk116
  [117]     chrY   11445484-22890966      * | chrY#chunk117
  [118]     chrY   22890967-34336449      * | chrY#chunk118
  [119]     chrY   34336450-45781932      * | chrY#chunk119
  [120]     chrY   45781933-57227415      * | chrY#chunk120
  -------
  seqinfo: 24 sequences from an unspecified genome; no seqlengths


2026-08-17 17:13:50.109238 : (X__pt11_pre : 11 of 11) .tabixToTmp Fragments-Chunk-(1 of 120)-chr1:1-49791284, Class = data.table
 
2026-08-17 17:13:50.109238 : (X__pt11_pre : 11 of 11) .tabixToTmp Fragments-Chunk-(1 of 120)-chr1:1-49791284, Class = data.frame
(X__pt11_pre : 11 of 11) .tabixToTmp Fragments-Chunk-(1 of 120)-chr1:1-49791284: nRows = 4070341, nCols = 3
      V2    V3                 V4
   <num> <int>             <char>
1: 10078 10202 TCCAGAATCGTTCAGA-1
2: 10085 10285 GCATGATTCGGTACTA-1
3: 10085 10309 AATGGAAGTAGTAACA-1
4: 10086 10303 ATGTCGACATAGGCGA-1
5: 10092 10307 CGTGGCAAGGCACTAG-1
6: 10103 10306 GCGATTAAGACCATAA-1



2026-08-17 17:13:50.123954 : (X__pt11_pre : 11 of 11) .tabixToTmp Barcodes-Chunk-(1 of 120)-chr1:1-49791284, Class = character

(X__pt11_pre : 11 of 11) .tabixToTmp Barcodes-Chunk-(1 of 120)-chr1:1-49791284: length = 134414
[1] "TCCAGAATCGTTCAGA-1" "GCATGATTCGGTACTA-1" "AATGGAAGTAGTAACA-1"
[4] "ATGTCGACATAGGCGA-1" "CGTGGCAAGGCACTAG-1" "GCGATTAAGACCATAA-1"



2026-08-17 17:14:03.886111 : (X__pt9_pre : 10 of 11) .tabixToTmp Fragments-Chunk-(1 of 120)-chr1:1-49791284, Class = data.table
 
2026-08-17 17:14:03.886111 : (X__pt9_pre : 10 of 11) .tabixToTmp Fragments-Chunk-(1 of 120)-chr1:1-49791284, Class = data.frame
(X__pt9_pre : 10 of 11) .tabixToTmp Fragments-Chunk-(1 of 120)-chr1:1-49791284: nRows = 5687119, nCols = 3
      V2    V3                 V4
   <num> <int>             <char>
1: 10085 10261 CTGTATTTCCAGAATC-1
2: 10086 10309 GTTATGGTCGGCATAT-1
3: 10126 10279 TTGGTCCGTGCACTTA-1
4: 10144 10210 GAGGTCCAGGTTAGTA-1
5: 10152 10192 ACTCGGGAGGGTCCCT-1
6: 10152 10192 TGCATGAAGAGGAACA-1



2026-08-17 17:14:03.903904 : (X__pt9_pre : 10 of 11) .tabixToTmp Barcodes-Chunk-(1 of 120)-chr1:1-49791284, Class = character

(X__pt9_pre : 10 of 11) .tabixToTmp Barcodes-Chunk-(1 of 120)-chr1:1-49791284: length = 256366
[1] "CTGTATTTCCAGAATC-1" "GTTATGGTCGGCATAT-1" "TTGGTCCGTGCACTTA-1"
[4] "GAGGTCCAGGTTAGTA-1" "ACTCGGGAGGGTCCCT-1" "TGCATGAAGAGGAACA-1"



2026-08-17 17:14:04.386074 : (X__pt16pre : 9 of 11) .tabixToTmp Fragments-Chunk-(1 of 120)-chr1:1-49791284, Class = data.table
 
2026-08-17 17:14:04.386074 : (X__pt16pre : 9 of 11) .tabixToTmp Fragments-Chunk-(1 of 120)-chr1:1-49791284, Class = data.frame
(X__pt16pre : 9 of 11) .tabixToTmp Fragments-Chunk-(1 of 120)-chr1:1-49791284: nRows = 6101704, nCols = 3
      V2    V3                 V4
   <num> <int>             <char>
1: 10068 10198 TGCTCGTAGCATTCCA-1
2: 10073 10198 CGGACCATCTTGTGCC-1
3: 10073 10308 GCGAGAAGTCATAGCT-1
4: 10074 10214 TCGGGACCAATGCATC-1
5: 10079 10278 CACGTTCAGGGTGTTG-1
6: 10080 10405 CACAACAAGGATGTCG-1



2026-08-17 17:14:04.531428 : (X__pt6_pre : 7 of 11) .tabixToTmp Fragments-Chunk-(1 of 120)-chr1:1-49791284, Class = data.table
 
2026-08-17 17:14:04.531428 : (X__pt6_pre : 7 of 11) .tabixToTmp Fragments-Chunk-(1 of 120)-chr1:1-49791284, Class = data.frame
(X__pt6_pre : 7 of 11) .tabixToTmp Fragments-Chunk-(1 of 120)-chr1:1-49791284: nRows = 7218621, nCols = 3
      V2    V3                 V4
   <num> <int>             <char>
1: 10074 10214 GCGTAGCCATTGTTCT-1
2: 10146 10204 GCATGATGTCTAACCA-1
3: 10152 10185 ATTGTGGCACGTTACA-1
4: 10152 10185 GAACTTGGTAAACGTA-1
5: 10152 10185 GTTACTTTCGGGAATG-1
6: 10152 10216 CAACCAAGTCAGGCTC-1



2026-08-17 17:14:04.402704 : (X__pt16pre : 9 of 11) .tabixToTmp Barcodes-Chunk-(1 of 120)-chr1:1-49791284, Class = character

(X__pt16pre : 9 of 11) .tabixToTmp Barcodes-Chunk-(1 of 120)-chr1:1-49791284: length = 218131
[1] "TGCTCGTAGCATTCCA-1" "CGGACCATCTTGTGCC-1" "GCGAGAAGTCATAGCT-1"
[4] "TCGGGACCAATGCATC-1" "CACGTTCAGGGTGTTG-1" "CACAACAAGGATGTCG-1"



2026-08-17 17:14:04.545656 : (X__pt6_pre : 7 of 11) .tabixToTmp Barcodes-Chunk-(1 of 120)-chr1:1-49791284, Class = character

(X__pt6_pre : 7 of 11) .tabixToTmp Barcodes-Chunk-(1 of 120)-chr1:1-49791284: length = 123383
[1] "GCGTAGCCATTGTTCT-1" "GCATGATGTCTAACCA-1" "ATTGTGGCACGTTACA-1"
[4] "GAACTTGGTAAACGTA-1" "GTTACTTTCGGGAATG-1" "CAACCAAGTCAGGCTC-1"



2026-08-17 17:14:07.384078 : (X__pt5_pre : 8 of 11) .tabixToTmp Fragments-Chunk-(1 of 120)-chr1:1-49791284, Class = data.table
 
2026-08-17 17:14:07.384078 : (X__pt5_pre : 8 of 11) .tabixToTmp Fragments-Chunk-(1 of 120)-chr1:1-49791284, Class = data.frame
(X__pt5_pre : 8 of 11) .tabixToTmp Fragments-Chunk-(1 of 120)-chr1:1-49791284: nRows = 7092300, nCols = 3
      V2    V3                 V4
   <num> <int>             <char>
1: 10072 10314 TTACCCGGTCAACTAC-1
2: 10074 10193 GACTAGTCACAGGAAC-1
3: 10127 10285 AACGGGAAGTTGGAAT-1
4: 10132 10278 TCGCCTAAGTCCGATT-1
5: 10133 10279 GCACCTTCAAGGCGTA-1
6: 10151 10198 AAGGTTCAGGATTGAT-1



2026-08-17 17:14:07.398582 : (X__pt5_pre : 8 of 11) .tabixToTmp Barcodes-Chunk-(1 of 120)-chr1:1-49791284, Class = character

(X__pt5_pre : 8 of 11) .tabixToTmp Barcodes-Chunk-(1 of 120)-chr1:1-49791284: length = 119480
[1] "TTACCCGGTCAACTAC-1" "GACTAGTCACAGGAAC-1" "AACGGGAAGTTGGAAT-1"
[4] "TCGCCTAAGTCCGATT-1" "GCACCTTCAAGGCGTA-1" "AAGGTTCAGGATTGAT-1"



2026-08-17 17:14:13.083763 : (X__pt1_pre : 6 of 11) .tabixToTmp Fragments-Chunk-(1 of 120)-chr1:1-49791284, Class = data.table
 
2026-08-17 17:14:13.083763 : (X__pt1_pre : 6 of 11) .tabixToTmp Fragments-Chunk-(1 of 120)-chr1:1-49791284, Class = data.frame
(X__pt1_pre : 6 of 11) .tabixToTmp Fragments-Chunk-(1 of 120)-chr1:1-49791284: nRows = 8022434, nCols = 3
      V2    V3                 V4
   <num> <int>             <char>
1: 10086 10301 GTGACATAGTGAAGGA-1
2: 10092 10285 GCAAAGGAGGTACTCT-1
3: 10098 10284 AAGGAGCGTATGCTAC-1
4: 10103 10285 GGTGCTGCATTAGCAC-1
5: 10127 10283 GCCCGAAGTGAATACA-1
6: 10144 10204 GCACCTTGTCCGAGCT-1



2026-08-17 17:14:13.09889 : (X__pt1_pre : 6 of 11) .tabixToTmp Barcodes-Chunk-(1 of 120)-chr1:1-49791284, Class = character

(X__pt1_pre : 6 of 11) .tabixToTmp Barcodes-Chunk-(1 of 120)-chr1:1-49791284: length = 132478
[1] "GTGACATAGTGAAGGA-1" "GCAAAGGAGGTACTCT-1" "AAGGAGCGTATGCTAC-1"
[4] "GGTGCTGCATTAGCAC-1" "GCCCGAAGTGAATACA-1" "GCACCTTGTCCGAGCT-1"



2026-08-17 17:14:25.559189 : (X__pt17pre : 5 of 11) .tabixToTmp Fragments-Chunk-(1 of 120)-chr1:1-49791284, Class = data.table
 
2026-08-17 17:14:25.559189 : (X__pt17pre : 5 of 11) .tabixToTmp Fragments-Chunk-(1 of 120)-chr1:1-49791284, Class = data.frame
(X__pt17pre : 5 of 11) .tabixToTmp Fragments-Chunk-(1 of 120)-chr1:1-49791284: nRows = 9589130, nCols = 3
      V2    V3                 V4
   <num> <int>             <char>
1: 10078 10334 TGTGTCCGTTGTGACT-1
2: 10080 10309 CGTTCCAGTTGCAGAG-1
3: 10085 10308 TTAGCGACAGCAATGG-1
4: 10086 10279 ACTTCCGTCACTAGGT-1
5: 10086 10309 TTCGGTCCATCCTGGG-1
6: 10091 10309 ACCAAACTCCAGGGAA-1



2026-08-17 17:14:25.67505 : (X__pt14pre : 4 of 11) .tabixToTmp Fragments-Chunk-(1 of 120)-chr1:1-49791284, Class = data.table
 
2026-08-17 17:14:25.67505 : (X__pt14pre : 4 of 11) .tabixToTmp Fragments-Chunk-(1 of 120)-chr1:1-49791284, Class = data.frame
(X__pt14pre : 4 of 11) .tabixToTmp Fragments-Chunk-(1 of 120)-chr1:1-49791284: nRows = 9649131, nCols = 3
      V2    V3                 V4
   <num> <int>             <char>
1: 10080 10309 GTTCAAGTCGCTATTT-1
2: 10086 10340 GCGATCGCATCGCTAA-1
3: 10091 10285 CAGCTAATCGTAGCGC-1
4: 10091 10285 CTTGTCGGTGCACCCA-1
5: 10098 10309 AATGGAACACCGAAAG-1
6: 10103 10599 TTACTCACATAGAATG-1



2026-08-17 17:14:25.68952 : (X__pt14pre : 4 of 11) .tabixToTmp Barcodes-Chunk-(1 of 120)-chr1:1-49791284, Class = character

(X__pt14pre : 4 of 11) .tabixToTmp Barcodes-Chunk-(1 of 120)-chr1:1-49791284: length = 196676
[1] "GTTCAAGTCGCTATTT-1" "GCGATCGCATCGCTAA-1" "CAGCTAATCGTAGCGC-1"
[4] "CTTGTCGGTGCACCCA-1" "AATGGAACACCGAAAG-1" "TTACTCACATAGAATG-1"



2026-08-17 17:14:25.573959 : (X__pt17pre : 5 of 11) .tabixToTmp Barcodes-Chunk-(1 of 120)-chr1:1-49791284, Class = character

(X__pt17pre : 5 of 11) .tabixToTmp Barcodes-Chunk-(1 of 120)-chr1:1-49791284: length = 199429
[1] "TGTGTCCGTTGTGACT-1" "CGTTCCAGTTGCAGAG-1" "TTAGCGACAGCAATGG-1"
[4] "ACTTCCGTCACTAGGT-1" "TTCGGTCCATCCTGGG-1" "ACCAAACTCCAGGGAA-1"



2026-08-17 17:14:30.562073 : (X__pt12pre : 3 of 11) .tabixToTmp Fragments-Chunk-(1 of 120)-chr1:1-49791284, Class = data.table
 
2026-08-17 17:14:30.562073 : (X__pt12pre : 3 of 11) .tabixToTmp Fragments-Chunk-(1 of 120)-chr1:1-49791284, Class = data.frame
(X__pt12pre : 3 of 11) .tabixToTmp Fragments-Chunk-(1 of 120)-chr1:1-49791284: nRows = 10799380, nCols = 3
      V2    V3                 V4
   <num> <int>             <char>
1: 10073 10198 GTAATCGCATCGGCCA-1
2: 10097 10278 GATTGACAGGGCTTCC-1
3: 10103 10278 TCTAGTTGTTAGGAGC-1
4: 10132 10279 TTGTTGTCACGTTAGT-1
5: 10133 10308 AGGACGATCTCTATTG-1
6: 10145 10285 GAGATTCTCTTGCGCT-1



2026-08-17 17:14:30.577346 : (X__pt12pre : 3 of 11) .tabixToTmp Barcodes-Chunk-(1 of 120)-chr1:1-49791284, Class = character

(X__pt12pre : 3 of 11) .tabixToTmp Barcodes-Chunk-(1 of 120)-chr1:1-49791284: length = 136156
[1] "GTAATCGCATCGGCCA-1" "GATTGACAGGGCTTCC-1" "TCTAGTTGTTAGGAGC-1"
[4] "TTGTTGTCACGTTAGT-1" "AGGACGATCTCTATTG-1" "GAGATTCTCTTGCGCT-1"



2026-08-17 17:15:00.26003 : (X__24t : 1 of 11) .tabixToTmp Fragments-Chunk-(1 of 120)-chr1:1-49791284, Class = data.table
 
2026-08-17 17:15:00.26003 : (X__24t : 1 of 11) .tabixToTmp Fragments-Chunk-(1 of 120)-chr1:1-49791284, Class = data.frame
(X__24t : 1 of 11) .tabixToTmp Fragments-Chunk-(1 of 120)-chr1:1-49791284: nRows = 15084994, nCols = 3
      V2    V3                 V4
   <num> <int>             <char>
1: 10067 10192 CCTGATTCACAGCACG-1
2: 10068 10192 ACACCGGCAGCCTAAA-1
3: 10068 10202 GGGAAGCCAATGAGCC-1
4: 10074 10431 GAGTTAGGTACTGATC-1
5: 10079 10308 CCCACCTTCGCTTGAC-1
6: 10085 10279 GTCCATCAGTATAGCA-1



2026-08-17 17:15:00.273526 : (X__24t : 1 of 11) .tabixToTmp Barcodes-Chunk-(1 of 120)-chr1:1-49791284, Class = character

(X__24t : 1 of 11) .tabixToTmp Barcodes-Chunk-(1 of 120)-chr1:1-49791284: length = 240169
[1] "CCTGATTCACAGCACG-1" "ACACCGGCAGCCTAAA-1" "GGGAAGCCAATGAGCC-1"
[4] "GAGTTAGGTACTGATC-1" "CCCACCTTCGCTTGAC-1" "GTCCATCAGTATAGCA-1"



2026-08-17 17:15:06.409972 : (X__pt24pre : 2 of 11) .tabixToTmp Fragments-Chunk-(1 of 120)-chr1:1-49791284, Class = data.table
 
2026-08-17 17:15:06.409972 : (X__pt24pre : 2 of 11) .tabixToTmp Fragments-Chunk-(1 of 120)-chr1:1-49791284, Class = data.frame
(X__pt24pre : 2 of 11) .tabixToTmp Fragments-Chunk-(1 of 120)-chr1:1-49791284: nRows = 16336841, nCols = 3
      V2    V3                 V4
   <num> <int>             <char>
1: 10074 10204 TTCATTGCAATGGCAG-1
2: 10074 10274 GAACTTGCATGGTAAA-1
3: 10079 10308 GTGTCAACAGCTGATT-1
4: 10086 10283 TTCGGTCTCTGACATG-1
5: 10086 10345 GCGTAGCTCTCGCGTT-1
6: 10133 10284 GCGGGTTAGCGCCTAC-1



2026-08-17 17:15:06.424558 : (X__pt24pre : 2 of 11) .tabixToTmp Barcodes-Chunk-(1 of 120)-chr1:1-49791284, Class = character

(X__pt24pre : 2 of 11) .tabixToTmp Barcodes-Chunk-(1 of 120)-chr1:1-49791284: length = 228923
[1] "TTCATTGCAATGGCAG-1" "GAACTTGCATGGTAAA-1" "GTGTCAACAGCTGATT-1"
[4] "TTCGGTCTCTGACATG-1" "GCGTAGCTCTCGCGTT-1" "GCGGGTTAGCGCCTAC-1"


2026-08-17 17:15:47.004985 : (X__pt11_pre : 11 of 11) Reading TabixFile 8 Percent, 2.418 mins elapsed.
2026-08-17 17:16:52.254216 : (X__pt9_pre : 10 of 11) Reading TabixFile 8 Percent, 3.506 mins elapsed.
2026-08-17 17:17:03.595876 : (X__pt6_pre : 7 of 11) Reading TabixFile 8 Percent, 3.695 mins elapsed.
2026-08-17 17:17:16.70228 : (X__pt5_pre : 8 of 11) Reading TabixFile 8 Percent, 3.913 mins elapsed.
2026-08-17 17:17:21.83559 : (X__pt16pre : 9 of 11) Reading TabixFile 8 Percent, 3.999 mins elapsed.
2026-08-17 17:17:33.260786 : (X__pt11_pre : 11 of 11) Reading TabixFile 17 Percent, 4.189 mins elapsed.
2026-08-17 17:17:58.101615 : (X__pt1_pre : 6 of 11) Reading TabixFile 8 Percent, 4.603 mins elapsed.
2026-08-17 17:18:28.403438 : (X__pt17pre : 5 of 11) Reading TabixFile 8 Percent, 5.108 mins elapsed.
2026-08-17 17:18:44.393636 : (X__pt14pre : 4 of 11) Reading TabixFile 8 Percent, 5.375 mins elapsed.
2026-08-17 17:19:00.744988 : (X__pt11_pre : 11 of 11) Reading TabixFile 25 Percent, 5.647 mins elapsed.
2026-08-17 17:19:10.51389 : (X__pt12pre : 3 of 11) Reading TabixFile 8 Percent, 5.81 mins elapsed.
2026-08-17 17:19:23.118622 : (X__pt9_pre : 10 of 11) Reading TabixFile 17 Percent, 6.02 mins elapsed.
2026-08-17 17:20:00.50812 : (X__pt5_pre : 8 of 11) Reading TabixFile 17 Percent, 6.644 mins elapsed.
2026-08-17 17:20:02.157735 : (X__pt6_pre : 7 of 11) Reading TabixFile 17 Percent, 6.671 mins elapsed.
2026-08-17 17:20:14.873375 : (X__pt16pre : 9 of 11) Reading TabixFile 17 Percent, 6.883 mins elapsed.
2026-08-17 17:20:18.032608 : (X__pt11_pre : 11 of 11) Reading TabixFile 33 Percent, 6.936 mins elapsed.
2026-08-17 17:21:25.927908 : (X__pt11_pre : 11 of 11) Reading TabixFile 42 Percent, 8.067 mins elapsed.
2026-08-17 17:21:31.155442 : (X__pt9_pre : 10 of 11) Reading TabixFile 25 Percent, 8.154 mins elapsed.
2026-08-17 17:21:35.453779 : (X__pt1_pre : 6 of 11) Reading TabixFile 17 Percent, 8.226 mins elapsed.
2026-08-17 17:22:16.279812 : (X__pt5_pre : 8 of 11) Reading TabixFile 25 Percent, 8.906 mins elapsed.
2026-08-17 17:22:20.781484 : (X__pt17pre : 5 of 11) Reading TabixFile 17 Percent, 8.981 mins elapsed.
2026-08-17 17:22:37.565752 : (X__pt11_pre : 11 of 11) Reading TabixFile 50 Percent, 9.261 mins elapsed.
2026-08-17 17:22:37.806831 : (X__pt24pre : 2 of 11) Reading TabixFile 8 Percent, 9.265 mins elapsed.
2026-08-17 17:22:42.315075 : (X__pt16pre : 9 of 11) Reading TabixFile 25 Percent, 9.34 mins elapsed.
2026-08-17 17:22:42.367113 : (X__pt6_pre : 7 of 11) Reading TabixFile 25 Percent, 9.341 mins elapsed.
2026-08-17 17:22:48.180375 : (X__pt14pre : 4 of 11) Reading TabixFile 17 Percent, 9.438 mins elapsed.
2026-08-17 17:23:15.180045 : (X__pt9_pre : 10 of 11) Reading TabixFile 33 Percent, 9.888 mins elapsed.
2026-08-17 17:23:26.658077 : (X__24t : 1 of 11) Reading TabixFile 8 Percent, 10.079 mins elapsed.
2026-08-17 17:23:29.753933 : (X__pt11_pre : 11 of 11) Reading TabixFile 58 Percent, 10.131 mins elapsed.
2026-08-17 17:23:58.912153 : (X__pt12pre : 3 of 11) Reading TabixFile 17 Percent, 10.617 mins elapsed.
2026-08-17 17:24:17.01587 : (X__pt5_pre : 8 of 11) Reading TabixFile 33 Percent, 10.919 mins elapsed.
2026-08-17 17:24:19.492951 : (X__pt11_pre : 11 of 11) Reading TabixFile 67 Percent, 10.96 mins elapsed.
2026-08-17 17:24:43.441623 : (X__pt9_pre : 10 of 11) Reading TabixFile 42 Percent, 11.359 mins elapsed.
2026-08-17 17:24:45.90581 : (X__pt1_pre : 6 of 11) Reading TabixFile 25 Percent, 11.4 mins elapsed.
2026-08-17 17:24:46.131819 : (X__pt16pre : 9 of 11) Reading TabixFile 33 Percent, 11.404 mins elapsed.
2026-08-17 17:24:49.744666 : (X__pt6_pre : 7 of 11) Reading TabixFile 33 Percent, 11.464 mins elapsed.
2026-08-17 17:25:06.784716 : (X__pt11_pre : 11 of 11) Reading TabixFile 75 Percent, 11.748 mins elapsed.
2026-08-17 17:25:45.045876 : (X__pt17pre : 5 of 11) Reading TabixFile 25 Percent, 12.386 mins elapsed.
2026-08-17 17:25:48.567817 : (X__pt11_pre : 11 of 11) Reading TabixFile 83 Percent, 12.445 mins elapsed.
2026-08-17 17:26:05.366978 : (X__pt5_pre : 8 of 11) Reading TabixFile 42 Percent, 12.724 mins elapsed.
2026-08-17 17:26:14.546435 : (X__pt9_pre : 10 of 11) Reading TabixFile 50 Percent, 12.877 mins elapsed.
2026-08-17 17:26:15.159647 : (X__pt11_pre : 11 of 11) Reading TabixFile 92 Percent, 12.888 mins elapsed.
2026-08-17 17:26:20.038896 : (X__pt14pre : 4 of 11) Reading TabixFile 25 Percent, 12.969 mins elapsed.
2026-08-17 17:26:35.650543 : (X__pt16pre : 9 of 11) Reading TabixFile 42 Percent, 13.229 mins elapsed.
2026-08-17 17:26:43.149357 : (X__pt11_pre : 11 of 11) Reading TabixFile 100 Percent, 13.354 mins elapsed.
2026-08-17 17:26:44.379764 : (X__pt11_pre : 11 of 11) Successful creation of Temporary File, 13.375 mins elapsed.
2026-08-17 17:26:44.382472 : (X__pt11_pre : 11 of 11) Creating ArrowFile From Temporary File, 13.375 mins elapsed.

2026-08-17 17:26:46.309159 : (X__pt11_pre : 11 of 11) chunkChrNames, Class = data.frame
(X__pt11_pre : 11 of 11) chunkChrNames: nRows = 118, nCols = 1
     chunkNames
1   chr1#chunk1
2   chr1#chunk2
3   chr1#chunk3
4   chr1#chunk4
5   chr1#chunk5
6 chr10#chunk46


2026-08-17 17:26:46.31189 : (X__pt11_pre : 11 of 11) Counting Unique Barcodes From Temporary File, 13.407 mins elapsed.

2026-08-17 17:26:47.08511 : (X__pt11_pre : 11 of 11) BarcodeFrequencyTable, Class = data.table
 
2026-08-17 17:26:47.08511 : (X__pt11_pre : 11 of 11) BarcodeFrequencyTable, Class = data.frame
(X__pt11_pre : 11 of 11) BarcodeFrequencyTable: nRows = 2392, nCols = 2
            values.V1     V1
               <char>  <int>
1: CACATGAAGAACGTTA-1 213370
2: ACAGAAAAGCTCGGCT-1 210737
3: CTGCTCAGTTATAGAG-1 183128
4: AAATGAGAGTGCACAG-1 181710
5: ACTATTCCACGCTAAT-1 181183
6: ACTCGGGTCCAGGCCA-1 180746



2026-08-17 17:26:47.142513 : (X__pt11_pre : 11 of 11) BarcodesMinMaxFrags, Class = data.frame
(X__pt11_pre : 11 of 11) BarcodesMinMaxFrags: nRows = 2392, nCols = 1
                  bc
1 CACATGAAGAACGTTA-1
2 ACAGAAAAGCTCGGCT-1
3 CTGCTCAGTTATAGAG-1
4 AAATGAGAGTGCACAG-1
5 ACTATTCCACGCTAAT-1
6 ACTCGGGTCCAGGCCA-1



2026-08-17 17:26:48.282589 : (X__pt11_pre : 11 of 11) Unique Chromosomes, Class = data.frame
(X__pt11_pre : 11 of 11) Unique Chromosomes: nRows = 24, nCols = 1
   chr
1 chr1
2 chr2
3 chr3
4 chr4
5 chr5
6 chr6


2026-08-17 17:26:48.284433 : (X__pt11_pre : 11 of 11) Adding Chromosome 1 of 24, 13.44 mins elapsed.

2026-08-17 17:26:51.198136 : (X__pt11_pre : 11 of 11) .tmpToArrow Fragments-Chr-(1 of 24)-chr1, Class = IRanges

(X__pt11_pre : 11 of 11) .tmpToArrow Fragments-Chr-(1 of 24)-chr1: length = 4809623
IRanges object with 6 ranges and 1 metadata column:
          start       end     width |                 RG
      <integer> <integer> <integer> |              <Rle>
  [1]    131387    131455        69 | CACATGAAGAACGTTA-1
  [2]    778006    778061        56 | CACATGAAGAACGTTA-1
  [3]    789263    789466       204 | CACATGAAGAACGTTA-1
  [4]    918330    918428        99 | CACATGAAGAACGTTA-1
  [5]    919807    920020       214 | CACATGAAGAACGTTA-1
  [6]    975728    975985       258 | CACATGAAGAACGTTA-1



2026-08-17 17:26:51.205608 : (X__pt11_pre : 11 of 11) .tmpToArrow Barcodes-Chr-(1 of 24)-chr1, Class = data.frame
(X__pt11_pre : 11 of 11) .tmpToArrow Barcodes-Chr-(1 of 24)-chr1: nRows = 2392, nCols = 1
                  bc
1 CACATGAAGAACGTTA-1
2 ACAGAAAAGCTCGGCT-1
3 CTGCTCAGTTATAGAG-1
4 AAATGAGAGTGCACAG-1
5 ACTATTCCACGCTAAT-1
6 ACTCGGGTCCAGGCCA-1


2026-08-17 17:26:52.522146 : (X__pt11_pre : 11 of 11) Adding Chromosome 2 of 24, 13.51 mins elapsed.
2026-08-17 17:26:56.514009 : (X__pt11_pre : 11 of 11) Adding Chromosome 3 of 24, 13.577 mins elapsed.
2026-08-17 17:27:00.08633 : (X__pt11_pre : 11 of 11) Adding Chromosome 4 of 24, 13.636 mins elapsed.
2026-08-17 17:27:03.273821 : (X__pt11_pre : 11 of 11) Adding Chromosome 5 of 24, 13.69 mins elapsed.
2026-08-17 17:27:03.8376 : (X__pt6_pre : 7 of 11) Reading TabixFile 42 Percent, 13.699 mins elapsed.
2026-08-17 17:27:06.618949 : (X__pt11_pre : 11 of 11) Adding Chromosome 6 of 24, 13.745 mins elapsed.
2026-08-17 17:27:09.954097 : (X__pt11_pre : 11 of 11) Adding Chromosome 7 of 24, 13.801 mins elapsed.
2026-08-17 17:27:13.103419 : (X__pt11_pre : 11 of 11) Adding Chromosome 8 of 24, 13.853 mins elapsed.
2026-08-17 17:27:15.969489 : (X__pt11_pre : 11 of 11) Adding Chromosome 9 of 24, 13.901 mins elapsed.
2026-08-17 17:27:18.673828 : (X__pt11_pre : 11 of 11) Adding Chromosome 10 of 24, 13.946 mins elapsed.
2026-08-17 17:27:18.919245 : (X__pt9_pre : 10 of 11) Reading TabixFile 58 Percent, 13.95 mins elapsed.
2026-08-17 17:27:21.544369 : (X__pt11_pre : 11 of 11) Adding Chromosome 11 of 24, 13.994 mins elapsed.
2026-08-17 17:27:24.531741 : (X__pt11_pre : 11 of 11) Adding Chromosome 12 of 24, 14.044 mins elapsed.
2026-08-17 17:27:27.436715 : (X__pt11_pre : 11 of 11) Adding Chromosome 13 of 24, 14.092 mins elapsed.
2026-08-17 17:27:29.678997 : (X__pt11_pre : 11 of 11) Adding Chromosome 14 of 24, 14.13 mins elapsed.
2026-08-17 17:27:32.156346 : (X__pt11_pre : 11 of 11) Adding Chromosome 15 of 24, 14.171 mins elapsed.
2026-08-17 17:27:34.453027 : (X__pt11_pre : 11 of 11) Adding Chromosome 16 of 24, 14.209 mins elapsed.
2026-08-17 17:27:36.990232 : (X__pt11_pre : 11 of 11) Adding Chromosome 17 of 24, 14.252 mins elapsed.
2026-08-17 17:27:39.658327 : (X__pt11_pre : 11 of 11) Adding Chromosome 18 of 24, 14.296 mins elapsed.
2026-08-17 17:27:39.841431 : (X__pt1_pre : 6 of 11) Reading TabixFile 33 Percent, 14.299 mins elapsed.
2026-08-17 17:27:41.714881 : (X__pt11_pre : 11 of 11) Adding Chromosome 19 of 24, 14.33 mins elapsed.
2026-08-17 17:27:44.354944 : (X__pt11_pre : 11 of 11) Adding Chromosome 20 of 24, 14.374 mins elapsed.
2026-08-17 17:27:46.474313 : (X__pt11_pre : 11 of 11) Adding Chromosome 21 of 24, 14.41 mins elapsed.
2026-08-17 17:27:48.238061 : (X__pt11_pre : 11 of 11) Adding Chromosome 22 of 24, 14.439 mins elapsed.
2026-08-17 17:27:50.121877 : (X__pt11_pre : 11 of 11) Adding Chromosome 23 of 24, 14.47 mins elapsed.
2026-08-17 17:27:52.228148 : (X__pt11_pre : 11 of 11) Adding Chromosome 24 of 24, 14.506 mins elapsed.
2026-08-17 17:27:53.679471 : (X__pt11_pre : 11 of 11) Successful creation of Arrow File, 14.53 mins elapsed.
2026-08-17 17:27:54.782258 : (X__pt11_pre : 11 of 11) Adding Fragment Summary, 14.548 mins elapsed.
2026-08-17 17:27:59.819874 : (X__pt5_pre : 8 of 11) Reading TabixFile 50 Percent, 14.632 mins elapsed.
2026-08-17 17:28:04.857958 : (X__pt11_pre : 11 of 11) Plotting Fragment Size Distribution, 14.716 mins elapsed.
2026-08-17 17:28:06.84703 : (X__pt11_pre : 11 of 11) Computing TSS Enrichment Scores, 14.749 mins elapsed.
2026-08-17 17:28:15.343731 : (X__pt12pre : 3 of 11) Reading TabixFile 25 Percent, 14.891 mins elapsed.
2026-08-17 17:28:20.677271 : (X__pt9_pre : 10 of 11) Reading TabixFile 67 Percent, 14.98 mins elapsed.
2026-08-17 17:28:29.106937 : (X__pt16pre : 9 of 11) Reading TabixFile 50 Percent, 15.12 mins elapsed.
2026-08-17 17:28:43.915761 : (X__pt17pre : 5 of 11) Reading TabixFile 33 Percent, 15.367 mins elapsed.
2026-08-17 17:29:07.398613 : (X__pt6_pre : 7 of 11) Reading TabixFile 50 Percent, 15.758 mins elapsed.
2026-08-17 17:29:13.9044 : (X__pt5_pre : 8 of 11) Reading TabixFile 58 Percent, 15.867 mins elapsed.
2026-08-17 17:29:15.553954 : (X__pt14pre : 4 of 11) Reading TabixFile 33 Percent, 15.894 mins elapsed.
2026-08-17 17:29:21.08934 : (X__pt9_pre : 10 of 11) Reading TabixFile 75 Percent, 15.987 mins elapsed.
2026-08-17 17:29:43.686934 : (X__pt16pre : 9 of 11) Reading TabixFile 58 Percent, 16.363 mins elapsed.
2026-08-17 17:29:50.941322 : (X__pt11_pre : 11 of 11) Computed TSS Scores!, 1.735 mins elapsed.
2026-08-17 17:29:50.952315 : (X__pt11_pre : 11 of 11) CellStats : Number of Cells Pass Filter = 2388 , 16.484 mins elapsed.
2026-08-17 17:29:50.955278 : (X__pt11_pre : 11 of 11) CellStats : Median Frags = 13148.5 , 16.484 mins elapsed.
2026-08-17 17:29:50.957718 : (X__pt11_pre : 11 of 11) CellStats : Median TSS Enrichment = 18.0315 , 16.484 mins elapsed.
2026-08-17 17:29:50.958177 : (X__pt11_pre : 11 of 11) Plotting TSS Enrichment Scores, 16.484 mins elapsed.
2026-08-17 17:29:53.152009 : (X__pt11_pre : 11 of 11) Adding Metadata to Fragments, 16.521 mins elapsed.
2026-08-17 17:29:54.362053 : (X__pt11_pre : 11 of 11) Adding Additional Feature Counts!, 16.541 mins elapsed.
2026-08-17 17:30:03.71997 : (X__pt1_pre : 6 of 11) Reading TabixFile 42 Percent, 16.697 mins elapsed.
2026-08-17 17:30:09.184132 : (X__pt9_pre : 10 of 11) Reading TabixFile 83 Percent, 16.788 mins elapsed.
2026-08-17 17:30:32.42366 : (X__pt6_pre : 7 of 11) Reading TabixFile 58 Percent, 17.175 mins elapsed.
2026-08-17 17:30:36.411674 : (X__pt24pre : 2 of 11) Reading TabixFile 17 Percent, 17.242 mins elapsed.
2026-08-17 17:30:44.544648 : (X__pt5_pre : 8 of 11) Reading TabixFile 67 Percent, 17.377 mins elapsed.
2026-08-17 17:30:53.924192 : (X__pt9_pre : 10 of 11) Reading TabixFile 92 Percent, 17.534 mins elapsed.
2026-08-17 17:31:11.233665 : (X__pt16pre : 9 of 11) Reading TabixFile 67 Percent, 17.822 mins elapsed.
2026-08-17 17:31:25.631547 : (X__pt17pre : 5 of 11) Reading TabixFile 42 Percent, 18.062 mins elapsed.
2026-08-17 17:31:27.577093 : (X__pt9_pre : 10 of 11) Reading TabixFile 100 Percent, 18.095 mins elapsed.
2026-08-17 17:31:28.870414 : (X__pt9_pre : 10 of 11) Successful creation of Temporary File, 18.116 mins elapsed.
2026-08-17 17:31:28.873347 : (X__pt9_pre : 10 of 11) Creating ArrowFile From Temporary File, 18.116 mins elapsed.

2026-08-17 17:31:28.94361 : (X__pt9_pre : 10 of 11) chunkChrNames, Class = data.frame
(X__pt9_pre : 10 of 11) chunkChrNames: nRows = 118, nCols = 1
     chunkNames
1   chr1#chunk1
2   chr1#chunk2
3   chr1#chunk3
4   chr1#chunk4
5   chr1#chunk5
6 chr10#chunk46


2026-08-17 17:31:28.946527 : (X__pt9_pre : 10 of 11) Counting Unique Barcodes From Temporary File, 18.118 mins elapsed.

2026-08-17 17:31:29.824481 : (X__pt9_pre : 10 of 11) BarcodeFrequencyTable, Class = data.table
 
2026-08-17 17:31:29.824481 : (X__pt9_pre : 10 of 11) BarcodeFrequencyTable, Class = data.frame
(X__pt9_pre : 10 of 11) BarcodeFrequencyTable: nRows = 2526, nCols = 2
            values.V1     V1
               <char>  <int>
1: CGCTGGACATGATTGC-1 488516
2: GGAGAACAGAGCTCCC-1 327502
3: GCACGGTGTCCCGTGA-1 285157
4: TGTGGCGAGTGAATAC-1 269930
5: GGGTCTGTCGCTCGGA-1 224540
6: GAACCGCTCCGTACGG-1 212004



2026-08-17 17:31:29.854242 : (X__pt9_pre : 10 of 11) BarcodesMinMaxFrags, Class = data.frame
(X__pt9_pre : 10 of 11) BarcodesMinMaxFrags: nRows = 2526, nCols = 1
                  bc
1 CGCTGGACATGATTGC-1
2 GGAGAACAGAGCTCCC-1
3 GCACGGTGTCCCGTGA-1
4 TGTGGCGAGTGAATAC-1
5 GGGTCTGTCGCTCGGA-1
6 GAACCGCTCCGTACGG-1



2026-08-17 17:31:31.043585 : (X__pt9_pre : 10 of 11) Unique Chromosomes, Class = data.frame
(X__pt9_pre : 10 of 11) Unique Chromosomes: nRows = 24, nCols = 1
   chr
1 chr1
2 chr2
3 chr3
4 chr4
5 chr5
6 chr6


2026-08-17 17:31:31.045583 : (X__pt9_pre : 10 of 11) Adding Chromosome 1 of 24, 18.152 mins elapsed.

2026-08-17 17:31:33.670538 : (X__pt9_pre : 10 of 11) .tmpToArrow Fragments-Chr-(1 of 24)-chr1, Class = IRanges

(X__pt9_pre : 10 of 11) .tmpToArrow Fragments-Chr-(1 of 24)-chr1: length = 4089258
IRanges object with 6 ranges and 1 metadata column:
          start       end     width |                 RG
      <integer> <integer> <integer> |              <Rle>
  [1]    127764    127796        33 | CGCTGGACATGATTGC-1
  [2]    131405    131458        54 | CGCTGGACATGATTGC-1
  [3]    456420    456720       301 | CGCTGGACATGATTGC-1
  [4]    596779    596918       140 | CGCTGGACATGATTGC-1
  [5]    616141    616199        59 | CGCTGGACATGATTGC-1
  [6]    629906    629955        50 | CGCTGGACATGATTGC-1



2026-08-17 17:31:33.67882 : (X__pt9_pre : 10 of 11) .tmpToArrow Barcodes-Chr-(1 of 24)-chr1, Class = data.frame
(X__pt9_pre : 10 of 11) .tmpToArrow Barcodes-Chr-(1 of 24)-chr1: nRows = 2526, nCols = 1
                  bc
1 CGCTGGACATGATTGC-1
2 GGAGAACAGAGCTCCC-1
3 GCACGGTGTCCCGTGA-1
4 TGTGGCGAGTGAATAC-1
5 GGGTCTGTCGCTCGGA-1
6 GAACCGCTCCGTACGG-1


2026-08-17 17:31:34.959395 : (X__pt9_pre : 10 of 11) Adding Chromosome 2 of 24, 18.218 mins elapsed.
2026-08-17 17:31:38.669941 : (X__pt9_pre : 10 of 11) Adding Chromosome 3 of 24, 18.28 mins elapsed.
2026-08-17 17:31:42.067218 : (X__pt9_pre : 10 of 11) Adding Chromosome 4 of 24, 18.336 mins elapsed.
2026-08-17 17:31:45.273771 : (X__pt9_pre : 10 of 11) Adding Chromosome 5 of 24, 18.39 mins elapsed.
2026-08-17 17:31:46.276037 : (X__pt12pre : 3 of 11) Reading TabixFile 33 Percent, 18.406 mins elapsed.
2026-08-17 17:31:48.38549 : (X__pt9_pre : 10 of 11) Adding Chromosome 6 of 24, 18.441 mins elapsed.
2026-08-17 17:31:48.42039 : (X__pt11_pre : 11 of 11) Finished Adding Additional Feature Counts!, 18.442 mins elapsed.

2026-08-17 17:31:48.420967 : (X__pt11_pre : 11 of 11) Metadata, Class = DFrame
DataFrame with 2392 rows and 12 columns
                  cellNames    nFrags nMonoFrags  nDiFrags nMultiFrags
                <character> <numeric>  <numeric> <numeric>   <numeric>
1    X__pt11_pre#CACATGAA..    213369     142523     58802       12044
2    X__pt11_pre#ACAGAAAA..    210735      43325    134656       32754
3    X__pt11_pre#CTGCTCAG..    183128     140409     36549        6170
4    X__pt11_pre#AAATGAGA..    181710      38828    122266       20616
5    X__pt11_pre#ACTATTCC..    181183     145818     31644        3721
...                     ...       ...        ...       ...         ...
2388 X__pt11_pre#ATATTCCG..      1607       1068       474          65
2389 X__pt11_pre#GCCTAGGA..      1597       1340       219          38
2390 X__pt11_pre#GAACCTAC..      1536       1073       383          80
2391 X__pt11_pre#AAGATAGG..      1522       1079       389          54
2392 X__pt11_pre#ATCCTCGT..      1358       1168       172          18
     TSSEnrichment ReadsInTSS      Keep ReadsInPromoter PromoterRatio
         <numeric>  <numeric> <numeric>       <numeric>     <numeric>
1            1.754       6358         1           13130     0.0307683
2            1.658       5441         1           11022     0.0261513
3            1.537       4341         1           10052     0.0274453
4            1.814       6181         1           11716     0.0322382
5            2.721      11642         1           19821     0.0546988
...            ...        ...       ...             ...           ...
2388        19.082       1060         1            1041      0.323895
2389        30.716       2001         1            1701      0.532561
2390        28.452       1638         1            1329      0.432617
2391        22.211       1346         1            1096      0.360053
2392        24.387       1601         1            1312      0.483063
     ReadsInBlacklist BlacklistRatio
            <numeric>      <numeric>
1                2642     0.00619115
2                3413     0.00809785
3                2652     0.00724084
4                2277     0.00626548
5                2384     0.00657898
...               ...            ...
2388               32     0.00995644
2389               20     0.00626174
2390               24     0.00781250
2391               12     0.00394218
2392               18     0.00662739

2026-08-17 17:31:50.195333 : (X__pt6_pre : 7 of 11) Reading TabixFile 67 Percent, 18.472 mins elapsed.
2026-08-17 17:31:51.417453 : (X__pt9_pre : 10 of 11) Adding Chromosome 7 of 24, 18.492 mins elapsed.
2026-08-17 17:31:54.403211 : (X__pt9_pre : 10 of 11) Adding Chromosome 8 of 24, 18.542 mins elapsed.
2026-08-17 17:31:55.393113 : (X__pt14pre : 4 of 11) Reading TabixFile 42 Percent, 18.558 mins elapsed.
2026-08-17 17:31:57.130089 : (X__pt9_pre : 10 of 11) Adding Chromosome 9 of 24, 18.587 mins elapsed.
2026-08-17 17:31:59.634361 : (X__pt9_pre : 10 of 11) Adding Chromosome 10 of 24, 18.629 mins elapsed.
2026-08-17 17:32:00.986218 : (X__pt5_pre : 8 of 11) Reading TabixFile 75 Percent, 18.651 mins elapsed.
2026-08-17 17:32:02.30637 : (X__pt9_pre : 10 of 11) Adding Chromosome 11 of 24, 18.674 mins elapsed.
2026-08-17 17:32:04.085501 : (X__pt11_pre : 11 of 11) Removing Fragments from Filtered Cells, 18.703 mins elapsed.
2026-08-17 17:32:04.08889 : (X__pt11_pre : 11 of 11) Creating Filtered Arrow File, 18.703 mins elapsed.
2026-08-17 17:32:05.023729 : (X__pt9_pre : 10 of 11) Adding Chromosome 12 of 24, 18.719 mins elapsed.

2026-08-17 17:32:05.413244 : (X__pt11_pre : 11 of 11) .filterCellsFromArrow Fragments-Chr-(1 of 24)-chr1, Class = GRanges
GRanges object with 4785811 ranges and 1 metadata column:
            seqnames              ranges strand |                     RG
               <Rle>           <IRanges>  <Rle> |                  <Rle>
        [1]     chr1       131387-131455      * | X__pt11_pre#CACATGAA..
        [2]     chr1       778006-778061      * | X__pt11_pre#CACATGAA..
        [3]     chr1       789263-789466      * | X__pt11_pre#CACATGAA..
        [4]     chr1       918330-918428      * | X__pt11_pre#CACATGAA..
        [5]     chr1       919807-920020      * | X__pt11_pre#CACATGAA..
        ...      ...                 ...    ... .                    ...
  [4785807]     chr1 231612832-231612941      * | X__pt11_pre#ATCCTCGT..
  [4785808]     chr1 235328537-235328588      * | X__pt11_pre#ATCCTCGT..
  [4785809]     chr1 236282080-236282132      * | X__pt11_pre#ATCCTCGT..
  [4785810]     chr1 244048101-244048127      * | X__pt11_pre#ATCCTCGT..
  [4785811]     chr1 248838155-248838222      * | X__pt11_pre#ATCCTCGT..
  -------
  seqinfo: 1 sequence from an unspecified genome; no seqlengths


2026-08-17 17:32:05.423603 : (X__pt11_pre : 11 of 11) .filterCellsFromArrow Barcodes-Chr-(1 of 24)-chr1, Class = data.frame
(X__pt11_pre : 11 of 11) .filterCellsFromArrow Barcodes-Chr-(1 of 24)-chr1: nRows = 2388, nCols = 1
                              bc
1 X__pt11_pre#CACATGAAGAACGTTA-1
2 X__pt11_pre#ACAGAAAAGCTCGGCT-1
3 X__pt11_pre#CTGCTCAGTTATAGAG-1
4 X__pt11_pre#AAATGAGAGTGCACAG-1
5 X__pt11_pre#ACTATTCCACGCTAAT-1
6 X__pt11_pre#ACTCGGGTCCAGGCCA-1


2026-08-17 17:32:07.442993 : (X__pt9_pre : 10 of 11) Adding Chromosome 13 of 24, 18.759 mins elapsed.
2026-08-17 17:32:09.479209 : (X__pt9_pre : 10 of 11) Adding Chromosome 14 of 24, 18.793 mins elapsed.
2026-08-17 17:32:11.505922 : (X__pt9_pre : 10 of 11) Adding Chromosome 15 of 24, 18.827 mins elapsed.
2026-08-17 17:32:13.490439 : (X__pt9_pre : 10 of 11) Adding Chromosome 16 of 24, 18.86 mins elapsed.
2026-08-17 17:32:15.527839 : (X__pt9_pre : 10 of 11) Adding Chromosome 17 of 24, 18.894 mins elapsed.
2026-08-17 17:32:17.623765 : (X__pt9_pre : 10 of 11) Adding Chromosome 18 of 24, 18.929 mins elapsed.
2026-08-17 17:32:19.495908 : (X__pt9_pre : 10 of 11) Adding Chromosome 19 of 24, 18.96 mins elapsed.
2026-08-17 17:32:21.441345 : (X__pt9_pre : 10 of 11) Adding Chromosome 20 of 24, 18.992 mins elapsed.
2026-08-17 17:32:21.667581 : (X__24t : 1 of 11) Reading TabixFile 17 Percent, 18.996 mins elapsed.
2026-08-17 17:32:23.364723 : (X__pt9_pre : 10 of 11) Adding Chromosome 21 of 24, 19.024 mins elapsed.
2026-08-17 17:32:24.9443 : (X__pt9_pre : 10 of 11) Adding Chromosome 22 of 24, 19.051 mins elapsed.
2026-08-17 17:32:25.711847 : (X__pt16pre : 9 of 11) Reading TabixFile 75 Percent, 19.064 mins elapsed.
2026-08-17 17:32:26.579907 : (X__pt9_pre : 10 of 11) Adding Chromosome 23 of 24, 19.078 mins elapsed.
2026-08-17 17:32:28.455414 : (X__pt9_pre : 10 of 11) Adding Chromosome 24 of 24, 19.109 mins elapsed.
2026-08-17 17:32:30.284694 : (X__pt1_pre : 6 of 11) Reading TabixFile 50 Percent, 19.14 mins elapsed.
2026-08-17 17:32:54.031831 : (X__pt11_pre : 11 of 11) Finished Constructing Filtered Arrow File!, 19.536 mins elapsed.
2026-08-17 17:32:54.031183 : (X__pt9_pre : 10 of 11) Successful creation of Arrow File, 19.536 mins elapsed.
2026-08-17 17:32:54.119357 : (X__pt11_pre : 11 of 11) Adding TileMatrix!, 19.537 mins elapsed.
2026-08-17 17:32:55.193977 : (X__pt9_pre : 10 of 11) Adding Fragment Summary, 19.555 mins elapsed.

2026-08-17 17:32:55.417811 : X__pt11_pre .addTileMat FeatureDF, Class = DFrame
DataFrame with 5750013 rows and 3 columns
           seqnames       idx     start
        <character> <integer> <numeric>
1              chr1         1         0
2              chr1         2       500
3              chr1         3      1000
4              chr1         4      1500
5              chr1         5      2000
...             ...       ...       ...
5750009       chr22    101633  50816000
5750010       chr22    101634  50816500
5750011       chr22    101635  50817000
5750012       chr22    101636  50817500
5750013       chr22    101637  50818000

2026-08-17 17:32:58.125038 : (X__pt6_pre : 7 of 11) Reading TabixFile 75 Percent, 19.604 mins elapsed.
2026-08-17 17:33:02.319162 : (X__pt9_pre : 10 of 11) Plotting Fragment Size Distribution, 19.674 mins elapsed.
2026-08-17 17:33:02.846246 : Adding TileMatrix to X__pt11_pre for Chr (1 of 22)!, 0.145 mins elapsed.
2026-08-17 17:33:03.835018 : (X__pt9_pre : 10 of 11) Computing TSS Enrichment Scores, 19.699 mins elapsed.
2026-08-17 17:33:04.422659 : (X__pt5_pre : 8 of 11) Reading TabixFile 83 Percent, 19.709 mins elapsed.

2026-08-17 17:33:04.6814 : NTiles_TileMatrix_1_chr1, Class = numeric

NTiles_TileMatrix_1_chr1: length = 1
  chr1 
497913 



2026-08-17 17:33:04.682651 : NCells_TileMatrix_1_chr1, Class = integer

NCells_TileMatrix_1_chr1: length = 1
[1] 2388



2026-08-17 17:33:04.684148 : MinTile_TileMatrix_1_chr1, Class = numeric

MinTile_TileMatrix_1_chr1: length = 1
[1] 21



2026-08-17 17:33:04.691633 : MaxTile_TileMatrix_1_chr1, Class = numeric

MaxTile_TileMatrix_1_chr1: length = 1
[1] 497893



2026-08-17 17:33:04.715718 : MinCell_TileMatrix_1_chr1, Class = integer

MinCell_TileMatrix_1_chr1: length = 1
[1] 1



2026-08-17 17:33:04.717153 : MaxCell_TileMatrix_1_chr1, Class = integer

MaxCell_TileMatrix_1_chr1: length = 1
[1] 2388


2026-08-17 17:33:13.410342 : Adding TileMatrix to X__pt11_pre for Chr (2 of 22)!, 0.321 mins elapsed.

2026-08-17 17:33:13.819659 : NTiles_TileMatrix_2_chr2, Class = numeric

NTiles_TileMatrix_2_chr2: length = 1
  chr2 
484388 



2026-08-17 17:33:13.8209 : NCells_TileMatrix_2_chr2, Class = integer

NCells_TileMatrix_2_chr2: length = 1
[1] 2388



2026-08-17 17:33:13.821894 : MinTile_TileMatrix_2_chr2, Class = numeric

MinTile_TileMatrix_2_chr2: length = 1
[1] 21



2026-08-17 17:33:13.828768 : MaxTile_TileMatrix_2_chr2, Class = numeric

MaxTile_TileMatrix_2_chr2: length = 1
[1] 484367



2026-08-17 17:33:13.851152 : MinCell_TileMatrix_2_chr2, Class = integer

MinCell_TileMatrix_2_chr2: length = 1
[1] 1



2026-08-17 17:33:13.852242 : MaxCell_TileMatrix_2_chr2, Class = integer

MaxCell_TileMatrix_2_chr2: length = 1
[1] 2388


2026-08-17 17:33:20.661338 : Adding TileMatrix to X__pt11_pre for Chr (3 of 22)!, 0.442 mins elapsed.

2026-08-17 17:33:21.054966 : NTiles_TileMatrix_3_chr3, Class = numeric

NTiles_TileMatrix_3_chr3: length = 1
  chr3 
396592 



2026-08-17 17:33:21.056234 : NCells_TileMatrix_3_chr3, Class = integer

NCells_TileMatrix_3_chr3: length = 1
[1] 2388



2026-08-17 17:33:21.057256 : MinTile_TileMatrix_3_chr3, Class = numeric

MinTile_TileMatrix_3_chr3: length = 1
[1] 21



2026-08-17 17:33:21.063242 : MaxTile_TileMatrix_3_chr3, Class = numeric

MaxTile_TileMatrix_3_chr3: length = 1
[1] 396380



2026-08-17 17:33:21.082093 : MinCell_TileMatrix_3_chr3, Class = integer

MinCell_TileMatrix_3_chr3: length = 1
[1] 1



2026-08-17 17:33:21.083238 : MaxCell_TileMatrix_3_chr3, Class = integer

MaxCell_TileMatrix_3_chr3: length = 1
[1] 2388


2026-08-17 17:33:27.110317 : Adding TileMatrix to X__pt11_pre for Chr (4 of 22)!, 0.549 mins elapsed.

2026-08-17 17:33:27.390063 : NTiles_TileMatrix_4_chr4, Class = numeric

NTiles_TileMatrix_4_chr4: length = 1
  chr4 
380430 



2026-08-17 17:33:27.391358 : NCells_TileMatrix_4_chr4, Class = integer

NCells_TileMatrix_4_chr4: length = 1
[1] 2388



2026-08-17 17:33:27.392407 : MinTile_TileMatrix_4_chr4, Class = numeric

MinTile_TileMatrix_4_chr4: length = 1
[1] 21



2026-08-17 17:33:27.397714 : MaxTile_TileMatrix_4_chr4, Class = numeric

MaxTile_TileMatrix_4_chr4: length = 1
[1] 380408



2026-08-17 17:33:27.415519 : MinCell_TileMatrix_4_chr4, Class = integer

MinCell_TileMatrix_4_chr4: length = 1
[1] 1



2026-08-17 17:33:27.41668 : MaxCell_TileMatrix_4_chr4, Class = integer

MaxCell_TileMatrix_4_chr4: length = 1
[1] 2388


2026-08-17 17:33:30.244318 : (X__pt16pre : 9 of 11) Reading TabixFile 83 Percent, 20.139 mins elapsed.
2026-08-17 17:33:33.032033 : Adding TileMatrix to X__pt11_pre for Chr (5 of 22)!, 0.648 mins elapsed.

2026-08-17 17:33:33.329563 : NTiles_TileMatrix_5_chr5, Class = numeric

NTiles_TileMatrix_5_chr5: length = 1
  chr5 
363077 



2026-08-17 17:33:33.330817 : NCells_TileMatrix_5_chr5, Class = integer

NCells_TileMatrix_5_chr5: length = 1
[1] 2388



2026-08-17 17:33:33.331824 : MinTile_TileMatrix_5_chr5, Class = numeric

MinTile_TileMatrix_5_chr5: length = 1
[1] 24



2026-08-17 17:33:33.337261 : MaxTile_TileMatrix_5_chr5, Class = numeric

MaxTile_TileMatrix_5_chr5: length = 1
[1] 362956



2026-08-17 17:33:33.354427 : MinCell_TileMatrix_5_chr5, Class = integer

MinCell_TileMatrix_5_chr5: length = 1
[1] 1



2026-08-17 17:33:33.355578 : MaxCell_TileMatrix_5_chr5, Class = integer

MaxCell_TileMatrix_5_chr5: length = 1
[1] 2388


2026-08-17 17:33:39.089027 : Adding TileMatrix to X__pt11_pre for Chr (6 of 22)!, 0.749 mins elapsed.

2026-08-17 17:33:39.379126 : NTiles_TileMatrix_6_chr6, Class = numeric

NTiles_TileMatrix_6_chr6: length = 1
  chr6 
341612 



2026-08-17 17:33:39.380362 : NCells_TileMatrix_6_chr6, Class = integer

NCells_TileMatrix_6_chr6: length = 1
[1] 2388



2026-08-17 17:33:39.381358 : MinTile_TileMatrix_6_chr6, Class = numeric

MinTile_TileMatrix_6_chr6: length = 1
[1] 143



2026-08-17 17:33:39.386464 : MaxTile_TileMatrix_6_chr6, Class = numeric

MaxTile_TileMatrix_6_chr6: length = 1
[1] 341485



2026-08-17 17:33:39.402808 : MinCell_TileMatrix_6_chr6, Class = integer

MinCell_TileMatrix_6_chr6: length = 1
[1] 1



2026-08-17 17:33:39.403831 : MaxCell_TileMatrix_6_chr6, Class = integer

MaxCell_TileMatrix_6_chr6: length = 1
[1] 2388


2026-08-17 17:33:42.612589 : (X__pt5_pre : 8 of 11) Reading TabixFile 92 Percent, 20.345 mins elapsed.
2026-08-17 17:33:45.029788 : Adding TileMatrix to X__pt11_pre for Chr (7 of 22)!, 0.848 mins elapsed.

2026-08-17 17:33:45.303673 : NTiles_TileMatrix_7_chr7, Class = numeric

NTiles_TileMatrix_7_chr7: length = 1
  chr7 
318692 



2026-08-17 17:33:45.304894 : NCells_TileMatrix_7_chr7, Class = integer

NCells_TileMatrix_7_chr7: length = 1
[1] 2388



2026-08-17 17:33:45.305899 : MinTile_TileMatrix_7_chr7, Class = numeric

MinTile_TileMatrix_7_chr7: length = 1
[1] 21



2026-08-17 17:33:45.310923 : MaxTile_TileMatrix_7_chr7, Class = numeric

MaxTile_TileMatrix_7_chr7: length = 1
[1] 318672



2026-08-17 17:33:45.326191 : MinCell_TileMatrix_7_chr7, Class = integer

MinCell_TileMatrix_7_chr7: length = 1
[1] 1



2026-08-17 17:33:45.327281 : MaxCell_TileMatrix_7_chr7, Class = integer

MaxCell_TileMatrix_7_chr7: length = 1
[1] 2388


2026-08-17 17:33:50.827616 : Adding TileMatrix to X__pt11_pre for Chr (8 of 22)!, 0.944 mins elapsed.

2026-08-17 17:33:51.14201 : NTiles_TileMatrix_8_chr8, Class = numeric

NTiles_TileMatrix_8_chr8: length = 1
  chr8 
290278 



2026-08-17 17:33:51.1433 : NCells_TileMatrix_8_chr8, Class = integer

NCells_TileMatrix_8_chr8: length = 1
[1] 2388



2026-08-17 17:33:51.144394 : MinTile_TileMatrix_8_chr8, Class = numeric

MinTile_TileMatrix_8_chr8: length = 1
[1] 124



2026-08-17 17:33:51.148919 : MaxTile_TileMatrix_8_chr8, Class = numeric

MaxTile_TileMatrix_8_chr8: length = 1
[1] 290157



2026-08-17 17:33:51.162776 : MinCell_TileMatrix_8_chr8, Class = integer

MinCell_TileMatrix_8_chr8: length = 1
[1] 1



2026-08-17 17:33:51.16394 : MaxCell_TileMatrix_8_chr8, Class = integer

MaxCell_TileMatrix_8_chr8: length = 1
[1] 2388


2026-08-17 17:33:56.490244 : Adding TileMatrix to X__pt11_pre for Chr (9 of 22)!, 1.039 mins elapsed.

2026-08-17 17:33:57.002024 : NTiles_TileMatrix_9_chr9, Class = numeric

NTiles_TileMatrix_9_chr9: length = 1
  chr9 
276790 



2026-08-17 17:33:57.003273 : NCells_TileMatrix_9_chr9, Class = integer

NCells_TileMatrix_9_chr9: length = 1
[1] 2388



2026-08-17 17:33:57.0043 : MinTile_TileMatrix_9_chr9, Class = numeric

MinTile_TileMatrix_9_chr9: length = 1
[1] 21



2026-08-17 17:33:57.008406 : MaxTile_TileMatrix_9_chr9, Class = numeric

MaxTile_TileMatrix_9_chr9: length = 1
[1] 276563



2026-08-17 17:33:57.020453 : MinCell_TileMatrix_9_chr9, Class = integer

MinCell_TileMatrix_9_chr9: length = 1
[1] 1



2026-08-17 17:33:57.021506 : MaxCell_TileMatrix_9_chr9, Class = integer

MaxCell_TileMatrix_9_chr9: length = 1
[1] 2388


2026-08-17 17:34:00.037814 : (X__pt1_pre : 6 of 11) Reading TabixFile 58 Percent, 20.636 mins elapsed.
2026-08-17 17:34:02.140592 : Adding TileMatrix to X__pt11_pre for Chr (10 of 22)!, 1.133 mins elapsed.

2026-08-17 17:34:02.566368 : NTiles_TileMatrix_10_chr10, Class = numeric

NTiles_TileMatrix_10_chr10: length = 1
 chr10 
267595 



2026-08-17 17:34:02.567641 : NCells_TileMatrix_10_chr10, Class = integer

NCells_TileMatrix_10_chr10: length = 1
[1] 2388



2026-08-17 17:34:02.568675 : MinTile_TileMatrix_10_chr10, Class = numeric

MinTile_TileMatrix_10_chr10: length = 1
[1] 21



2026-08-17 17:34:02.573258 : MaxTile_TileMatrix_10_chr10, Class = numeric

MaxTile_TileMatrix_10_chr10: length = 1
[1] 267575



2026-08-17 17:34:02.586938 : MinCell_TileMatrix_10_chr10, Class = integer

MinCell_TileMatrix_10_chr10: length = 1
[1] 1



2026-08-17 17:34:02.588071 : MaxCell_TileMatrix_10_chr10, Class = integer

MaxCell_TileMatrix_10_chr10: length = 1
[1] 2388


2026-08-17 17:34:03.747511 : (X__pt16pre : 9 of 11) Reading TabixFile 92 Percent, 20.697 mins elapsed.
2026-08-17 17:34:07.797392 : Adding TileMatrix to X__pt11_pre for Chr (11 of 22)!, 1.227 mins elapsed.

2026-08-17 17:34:08.142148 : NTiles_TileMatrix_11_chr11, Class = numeric

NTiles_TileMatrix_11_chr11: length = 1
 chr11 
270174 



2026-08-17 17:34:08.143387 : NCells_TileMatrix_11_chr11, Class = integer

NCells_TileMatrix_11_chr11: length = 1
[1] 2388



2026-08-17 17:34:08.144384 : MinTile_TileMatrix_11_chr11, Class = numeric

MinTile_TileMatrix_11_chr11: length = 1
[1] 208



2026-08-17 17:34:08.149163 : MaxTile_TileMatrix_11_chr11, Class = numeric

MaxTile_TileMatrix_11_chr11: length = 1
[1] 270154



2026-08-17 17:34:08.16371 : MinCell_TileMatrix_11_chr11, Class = integer

MinCell_TileMatrix_11_chr11: length = 1
[1] 1



2026-08-17 17:34:08.164786 : MaxCell_TileMatrix_11_chr11, Class = integer

MaxCell_TileMatrix_11_chr11: length = 1
[1] 2388


2026-08-17 17:34:09.860564 : (X__pt6_pre : 7 of 11) Reading TabixFile 83 Percent, 20.799 mins elapsed.
2026-08-17 17:34:13.59167 : Adding TileMatrix to X__pt11_pre for Chr (12 of 22)!, 1.324 mins elapsed.

2026-08-17 17:34:14.142183 : NTiles_TileMatrix_12_chr12, Class = numeric

NTiles_TileMatrix_12_chr12: length = 1
 chr12 
266551 



2026-08-17 17:34:14.143544 : NCells_TileMatrix_12_chr12, Class = integer

NCells_TileMatrix_12_chr12: length = 1
[1] 2388



2026-08-17 17:34:14.144601 : MinTile_TileMatrix_12_chr12, Class = numeric

MinTile_TileMatrix_12_chr12: length = 1
[1] 21



2026-08-17 17:34:14.149407 : MaxTile_TileMatrix_12_chr12, Class = numeric

MaxTile_TileMatrix_12_chr12: length = 1
[1] 266530



2026-08-17 17:34:14.16358 : MinCell_TileMatrix_12_chr12, Class = integer

MinCell_TileMatrix_12_chr12: length = 1
[1] 1



2026-08-17 17:34:14.164654 : MaxCell_TileMatrix_12_chr12, Class = integer

MaxCell_TileMatrix_12_chr12: length = 1
[1] 2388


2026-08-17 17:34:15.391811 : (X__pt17pre : 5 of 11) Reading TabixFile 50 Percent, 20.892 mins elapsed.
2026-08-17 17:34:19.487783 : Adding TileMatrix to X__pt11_pre for Chr (13 of 22)!, 1.422 mins elapsed.

2026-08-17 17:34:19.731209 : NTiles_TileMatrix_13_chr13, Class = numeric

NTiles_TileMatrix_13_chr13: length = 1
 chr13 
228729 



2026-08-17 17:34:19.732426 : NCells_TileMatrix_13_chr13, Class = integer

NCells_TileMatrix_13_chr13: length = 1
[1] 2388



2026-08-17 17:34:19.733417 : MinTile_TileMatrix_13_chr13, Class = numeric

MinTile_TileMatrix_13_chr13: length = 1
[1] 35309



2026-08-17 17:34:19.736458 : MaxTile_TileMatrix_13_chr13, Class = numeric

MaxTile_TileMatrix_13_chr13: length = 1
[1] 228709



2026-08-17 17:34:19.744989 : MinCell_TileMatrix_13_chr13, Class = integer

MinCell_TileMatrix_13_chr13: length = 1
[1] 1



2026-08-17 17:34:19.746016 : MaxCell_TileMatrix_13_chr13, Class = integer

MaxCell_TileMatrix_13_chr13: length = 1
[1] 2388


2026-08-17 17:34:24.169163 : (X__pt5_pre : 8 of 11) Reading TabixFile 100 Percent, 21.038 mins elapsed.
2026-08-17 17:34:24.244125 : Adding TileMatrix to X__pt11_pre for Chr (14 of 22)!, 1.501 mins elapsed.

2026-08-17 17:34:24.424284 : NTiles_TileMatrix_14_chr14, Class = numeric

NTiles_TileMatrix_14_chr14: length = 1
 chr14 
214088 



2026-08-17 17:34:24.425538 : NCells_TileMatrix_14_chr14, Class = integer

NCells_TileMatrix_14_chr14: length = 1
[1] 2388



2026-08-17 17:34:24.426552 : MinTile_TileMatrix_14_chr14, Class = numeric

MinTile_TileMatrix_14_chr14: length = 1
[1] 32046



2026-08-17 17:34:24.429924 : MaxTile_TileMatrix_14_chr14, Class = numeric

MaxTile_TileMatrix_14_chr14: length = 1
[1] 213768



2026-08-17 17:34:24.439694 : MinCell_TileMatrix_14_chr14, Class = integer

MinCell_TileMatrix_14_chr14: length = 1
[1] 1



2026-08-17 17:34:24.440712 : MaxCell_TileMatrix_14_chr14, Class = integer

MaxCell_TileMatrix_14_chr14: length = 1
[1] 2388


2026-08-17 17:34:25.418403 : (X__pt5_pre : 8 of 11) Successful creation of Temporary File, 21.059 mins elapsed.
2026-08-17 17:34:25.421003 : (X__pt5_pre : 8 of 11) Creating ArrowFile From Temporary File, 21.059 mins elapsed.

2026-08-17 17:34:26.74811 : (X__pt5_pre : 8 of 11) chunkChrNames, Class = data.frame
(X__pt5_pre : 8 of 11) chunkChrNames: nRows = 118, nCols = 1
     chunkNames
1   chr1#chunk1
2   chr1#chunk2
3   chr1#chunk3
4   chr1#chunk4
5   chr1#chunk5
6 chr10#chunk46


2026-08-17 17:34:26.751023 : (X__pt5_pre : 8 of 11) Counting Unique Barcodes From Temporary File, 21.081 mins elapsed.

2026-08-17 17:34:27.906668 : (X__pt5_pre : 8 of 11) BarcodeFrequencyTable, Class = data.table
 
2026-08-17 17:34:27.906668 : (X__pt5_pre : 8 of 11) BarcodeFrequencyTable, Class = data.frame
(X__pt5_pre : 8 of 11) BarcodeFrequencyTable: nRows = 5952, nCols = 2
            values.V1    V1
               <char> <int>
1: TCACAGATCCGGCTGA-1 32886
2: GAGGTCCAGCTCCGGT-1 29172
3: TAAGCCAGTGAATGGC-1 28197
4: CGGACCACACCTGAAT-1 27976
5: TGCTTCGGTGTCGTCG-1 26986
6: ATCGAGTTCAACTTGG-1 25346



2026-08-17 17:34:27.921282 : (X__pt5_pre : 8 of 11) BarcodesMinMaxFrags, Class = data.frame
(X__pt5_pre : 8 of 11) BarcodesMinMaxFrags: nRows = 5952, nCols = 1
                  bc
1 TCACAGATCCGGCTGA-1
2 GAGGTCCAGCTCCGGT-1
3 TAAGCCAGTGAATGGC-1
4 CGGACCACACCTGAAT-1
5 TGCTTCGGTGTCGTCG-1
6 ATCGAGTTCAACTTGG-1



2026-08-17 17:34:29.114357 : (X__pt5_pre : 8 of 11) Unique Chromosomes, Class = data.frame
(X__pt5_pre : 8 of 11) Unique Chromosomes: nRows = 24, nCols = 1
   chr
1 chr1
2 chr2
3 chr3
4 chr4
5 chr5
6 chr6


2026-08-17 17:34:29.116206 : (X__pt5_pre : 8 of 11) Adding Chromosome 1 of 24, 21.12 mins elapsed.
2026-08-17 17:34:29.521405 : Adding TileMatrix to X__pt11_pre for Chr (15 of 22)!, 1.589 mins elapsed.

2026-08-17 17:34:29.74642 : NTiles_TileMatrix_15_chr15, Class = numeric

NTiles_TileMatrix_15_chr15: length = 1
 chr15 
203983 



2026-08-17 17:34:29.747644 : NCells_TileMatrix_15_chr15, Class = integer

NCells_TileMatrix_15_chr15: length = 1
[1] 2388



2026-08-17 17:34:29.748635 : MinTile_TileMatrix_15_chr15, Class = numeric

MinTile_TileMatrix_15_chr15: length = 1
[1] 34020



2026-08-17 17:34:29.751957 : MaxTile_TileMatrix_15_chr15, Class = numeric

MaxTile_TileMatrix_15_chr15: length = 1
[1] 203963



2026-08-17 17:34:29.761271 : MinCell_TileMatrix_15_chr15, Class = integer

MinCell_TileMatrix_15_chr15: length = 1
[1] 1



2026-08-17 17:34:29.762418 : MaxCell_TileMatrix_15_chr15, Class = integer

MaxCell_TileMatrix_15_chr15: length = 1
[1] 2388



2026-08-17 17:34:32.469657 : (X__pt5_pre : 8 of 11) .tmpToArrow Fragments-Chr-(1 of 24)-chr1, Class = IRanges

(X__pt5_pre : 8 of 11) .tmpToArrow Fragments-Chr-(1 of 24)-chr1: length = 5564598
IRanges object with 6 ranges and 1 metadata column:
          start       end     width |                 RG
      <integer> <integer> <integer> |              <Rle>
  [1]    634012    634039        28 | TCACAGATCCGGCTGA-1
  [2]    778868    778901        34 | TCACAGATCCGGCTGA-1
  [3]    867868    868236       369 | TCACAGATCCGGCTGA-1
  [4]    869974    870127       154 | TCACAGATCCGGCTGA-1
  [5]    900990    901166       177 | TCACAGATCCGGCTGA-1
  [6]    901416    901440        25 | TCACAGATCCGGCTGA-1



2026-08-17 17:34:32.476973 : (X__pt5_pre : 8 of 11) .tmpToArrow Barcodes-Chr-(1 of 24)-chr1, Class = data.frame
(X__pt5_pre : 8 of 11) .tmpToArrow Barcodes-Chr-(1 of 24)-chr1: nRows = 5952, nCols = 1
                  bc
1 TCACAGATCCGGCTGA-1
2 GAGGTCCAGCTCCGGT-1
3 TAAGCCAGTGAATGGC-1
4 CGGACCACACCTGAAT-1
5 TGCTTCGGTGTCGTCG-1
6 ATCGAGTTCAACTTGG-1


2026-08-17 17:34:33.770133 : (X__pt5_pre : 8 of 11) Adding Chromosome 2 of 24, 21.198 mins elapsed.
2026-08-17 17:34:34.26707 : Adding TileMatrix to X__pt11_pre for Chr (16 of 22)!, 1.668 mins elapsed.

2026-08-17 17:34:34.63468 : NTiles_TileMatrix_16_chr16, Class = numeric

NTiles_TileMatrix_16_chr16: length = 1
 chr16 
180677 



2026-08-17 17:34:34.635907 : NCells_TileMatrix_16_chr16, Class = integer

NCells_TileMatrix_16_chr16: length = 1
[1] 2388



2026-08-17 17:34:34.636874 : MinTile_TileMatrix_16_chr16, Class = numeric

MinTile_TileMatrix_16_chr16: length = 1
[1] 21



2026-08-17 17:34:34.640426 : MaxTile_TileMatrix_16_chr16, Class = numeric

MaxTile_TileMatrix_16_chr16: length = 1
[1] 180450



2026-08-17 17:34:34.650774 : MinCell_TileMatrix_16_chr16, Class = integer

MinCell_TileMatrix_16_chr16: length = 1
[1] 1



2026-08-17 17:34:34.651834 : MaxCell_TileMatrix_16_chr16, Class = integer

MaxCell_TileMatrix_16_chr16: length = 1
[1] 2388


2026-08-17 17:34:37.844158 : (X__pt5_pre : 8 of 11) Adding Chromosome 3 of 24, 21.266 mins elapsed.
2026-08-17 17:34:39.254436 : Adding TileMatrix to X__pt11_pre for Chr (17 of 22)!, 1.752 mins elapsed.

2026-08-17 17:34:39.518151 : NTiles_TileMatrix_17_chr17, Class = numeric

NTiles_TileMatrix_17_chr17: length = 1
 chr17 
166515 



2026-08-17 17:34:39.519421 : NCells_TileMatrix_17_chr17, Class = integer

NCells_TileMatrix_17_chr17: length = 1
[1] 2388



2026-08-17 17:34:39.520432 : MinTile_TileMatrix_17_chr17, Class = numeric

MinTile_TileMatrix_17_chr17: length = 1
[1] 138



2026-08-17 17:34:39.524475 : MaxTile_TileMatrix_17_chr17, Class = numeric

MaxTile_TileMatrix_17_chr17: length = 1
[1] 166495



2026-08-17 17:34:39.536268 : MinCell_TileMatrix_17_chr17, Class = integer

MinCell_TileMatrix_17_chr17: length = 1
[1] 1



2026-08-17 17:34:39.537323 : MaxCell_TileMatrix_17_chr17, Class = integer

MaxCell_TileMatrix_17_chr17: length = 1
[1] 2388


2026-08-17 17:34:41.296428 : (X__pt5_pre : 8 of 11) Adding Chromosome 4 of 24, 21.323 mins elapsed.
2026-08-17 17:34:44.113781 : (X__pt5_pre : 8 of 11) Adding Chromosome 5 of 24, 21.37 mins elapsed.
2026-08-17 17:34:44.441384 : (X__pt9_pre : 10 of 11) Computed TSS Scores!, 1.677 mins elapsed.
2026-08-17 17:34:44.453587 : (X__pt9_pre : 10 of 11) CellStats : Number of Cells Pass Filter = 2526 , 21.376 mins elapsed.
2026-08-17 17:34:44.45703 : (X__pt9_pre : 10 of 11) CellStats : Median Frags = 10638 , 21.376 mins elapsed.
2026-08-17 17:34:44.459805 : (X__pt9_pre : 10 of 11) CellStats : Median TSS Enrichment = 4.0655 , 21.376 mins elapsed.
2026-08-17 17:34:44.460333 : (X__pt9_pre : 10 of 11) Plotting TSS Enrichment Scores, 21.376 mins elapsed.
2026-08-17 17:34:44.549664 : Adding TileMatrix to X__pt11_pre for Chr (18 of 22)!, 1.84 mins elapsed.

2026-08-17 17:34:44.704115 : NTiles_TileMatrix_18_chr18, Class = numeric

NTiles_TileMatrix_18_chr18: length = 1
 chr18 
160747 



2026-08-17 17:34:44.705361 : NCells_TileMatrix_18_chr18, Class = integer

NCells_TileMatrix_18_chr18: length = 1
[1] 2388



2026-08-17 17:34:44.706362 : MinTile_TileMatrix_18_chr18, Class = numeric

MinTile_TileMatrix_18_chr18: length = 1
[1] 21



2026-08-17 17:34:44.709208 : MaxTile_TileMatrix_18_chr18, Class = numeric

MaxTile_TileMatrix_18_chr18: length = 1
[1] 160527



2026-08-17 17:34:44.716616 : MinCell_TileMatrix_18_chr18, Class = integer

MinCell_TileMatrix_18_chr18: length = 1
[1] 1



2026-08-17 17:34:44.717638 : MaxCell_TileMatrix_18_chr18, Class = integer

MaxCell_TileMatrix_18_chr18: length = 1
[1] 2388


2026-08-17 17:34:45.539386 : (X__pt9_pre : 10 of 11) Adding Metadata to Fragments, 21.394 mins elapsed.
2026-08-17 17:34:45.938799 : (X__pt16pre : 9 of 11) Reading TabixFile 100 Percent, 21.401 mins elapsed.
2026-08-17 17:34:46.850141 : (X__pt9_pre : 10 of 11) Adding Additional Feature Counts!, 21.416 mins elapsed.
2026-08-17 17:34:47.234766 : (X__pt16pre : 9 of 11) Successful creation of Temporary File, 21.422 mins elapsed.
2026-08-17 17:34:47.237566 : (X__pt16pre : 9 of 11) Creating ArrowFile From Temporary File, 21.422 mins elapsed.
2026-08-17 17:34:47.253507 : (X__pt14pre : 4 of 11) Reading TabixFile 50 Percent, 21.423 mins elapsed.
2026-08-17 17:34:47.286642 : (X__pt5_pre : 8 of 11) Adding Chromosome 6 of 24, 21.423 mins elapsed.
2026-08-17 17:34:47.594515 : (X__pt6_pre : 7 of 11) Reading TabixFile 92 Percent, 21.428 mins elapsed.

2026-08-17 17:34:48.101604 : (X__pt16pre : 9 of 11) chunkChrNames, Class = data.frame
(X__pt16pre : 9 of 11) chunkChrNames: nRows = 118, nCols = 1
     chunkNames
1   chr1#chunk1
2   chr1#chunk2
3   chr1#chunk3
4   chr1#chunk4
5   chr1#chunk5
6 chr10#chunk46


2026-08-17 17:34:48.104733 : (X__pt16pre : 9 of 11) Counting Unique Barcodes From Temporary File, 21.437 mins elapsed.
2026-08-17 17:34:49.075428 : Adding TileMatrix to X__pt11_pre for Chr (19 of 22)!, 1.915 mins elapsed.
2026-08-17 17:34:49.329177 : (X__pt12pre : 3 of 11) Reading TabixFile 42 Percent, 21.457 mins elapsed.

2026-08-17 17:34:49.690104 : NTiles_TileMatrix_19_chr19, Class = numeric

NTiles_TileMatrix_19_chr19: length = 1
 chr19 
117236 



2026-08-17 17:34:49.691383 : NCells_TileMatrix_19_chr19, Class = integer

NCells_TileMatrix_19_chr19: length = 1
[1] 2388



2026-08-17 17:34:49.692407 : MinTile_TileMatrix_19_chr19, Class = numeric

MinTile_TileMatrix_19_chr19: length = 1
[1] 162



2026-08-17 17:34:49.696411 : MaxTile_TileMatrix_19_chr19, Class = numeric

MaxTile_TileMatrix_19_chr19: length = 1
[1] 117216



2026-08-17 17:34:49.708038 : MinCell_TileMatrix_19_chr19, Class = integer

MinCell_TileMatrix_19_chr19: length = 1
[1] 1



2026-08-17 17:34:49.7091 : MaxCell_TileMatrix_19_chr19, Class = integer

MaxCell_TileMatrix_19_chr19: length = 1
[1] 2388



2026-08-17 17:34:50.209146 : (X__pt16pre : 9 of 11) BarcodeFrequencyTable, Class = data.table
 
2026-08-17 17:34:50.209146 : (X__pt16pre : 9 of 11) BarcodeFrequencyTable, Class = data.frame
(X__pt16pre : 9 of 11) BarcodeFrequencyTable: nRows = 13792, nCols = 2
            values.V1     V1
               <char>  <int>
1: GCCTAGGTCTGGCCAG-1 142965
2: AGATTCGTCGGAAAGC-1 138924
3: CGCGCAACAGGCTACC-1 136291
4: CCACGTTGTCTCGGGT-1 134664
5: TTGAGCAGTAGGTAAT-1 133415
6: TATTGCTGTTCCGCGA-1 126257



2026-08-17 17:34:50.225546 : (X__pt16pre : 9 of 11) BarcodesMinMaxFrags, Class = data.frame
(X__pt16pre : 9 of 11) BarcodesMinMaxFrags: nRows = 13778, nCols = 1
                  bc
1 GCCTAGGTCTGGCCAG-1
2 AGATTCGTCGGAAAGC-1
3 CGCGCAACAGGCTACC-1
4 CCACGTTGTCTCGGGT-1
5 TTGAGCAGTAGGTAAT-1
6 TATTGCTGTTCCGCGA-1


2026-08-17 17:34:50.573973 : (X__pt5_pre : 8 of 11) Adding Chromosome 7 of 24, 21.478 mins elapsed.

2026-08-17 17:34:51.470999 : (X__pt16pre : 9 of 11) Unique Chromosomes, Class = data.frame
(X__pt16pre : 9 of 11) Unique Chromosomes: nRows = 24, nCols = 1
   chr
1 chr1
2 chr2
3 chr3
4 chr4
5 chr5
6 chr6


2026-08-17 17:34:51.473005 : (X__pt16pre : 9 of 11) Adding Chromosome 1 of 24, 21.493 mins elapsed.
2026-08-17 17:34:53.703298 : (X__pt5_pre : 8 of 11) Adding Chromosome 8 of 24, 21.53 mins elapsed.
2026-08-17 17:34:54.546542 : Adding TileMatrix to X__pt11_pre for Chr (20 of 22)!, 2.006 mins elapsed.

2026-08-17 17:34:54.945026 : NTiles_TileMatrix_20_chr20, Class = numeric

NTiles_TileMatrix_20_chr20: length = 1
 chr20 
128889 



2026-08-17 17:34:54.946297 : NCells_TileMatrix_20_chr20, Class = integer

NCells_TileMatrix_20_chr20: length = 1
[1] 2388



2026-08-17 17:34:54.947349 : MinTile_TileMatrix_20_chr20, Class = numeric

MinTile_TileMatrix_20_chr20: length = 1
[1] 121



2026-08-17 17:34:54.950417 : MaxTile_TileMatrix_20_chr20, Class = numeric

MaxTile_TileMatrix_20_chr20: length = 1
[1] 128668



2026-08-17 17:34:54.958597 : MinCell_TileMatrix_20_chr20, Class = integer

MinCell_TileMatrix_20_chr20: length = 1
[1] 1



2026-08-17 17:34:54.95976 : MaxCell_TileMatrix_20_chr20, Class = integer

MaxCell_TileMatrix_20_chr20: length = 1
[1] 2388


2026-08-17 17:34:56.570299 : (X__pt5_pre : 8 of 11) Adding Chromosome 9 of 24, 21.578 mins elapsed.
2026-08-17 17:34:59.191609 : (X__pt5_pre : 8 of 11) Adding Chromosome 10 of 24, 21.622 mins elapsed.
2026-08-17 17:34:59.214774 : Adding TileMatrix to X__pt11_pre for Chr (21 of 22)!, 2.084 mins elapsed.

2026-08-17 17:34:59.326914 : NTiles_TileMatrix_21_chr21, Class = numeric

NTiles_TileMatrix_21_chr21: length = 1
chr21 
93420 



2026-08-17 17:34:59.328162 : NCells_TileMatrix_21_chr21, Class = integer

NCells_TileMatrix_21_chr21: length = 1
[1] 2388



2026-08-17 17:34:59.32913 : MinTile_TileMatrix_21_chr21, Class = numeric

MinTile_TileMatrix_21_chr21: length = 1
[1] 10067



2026-08-17 17:34:59.331031 : MaxTile_TileMatrix_21_chr21, Class = numeric

MaxTile_TileMatrix_21_chr21: length = 1
[1] 93396



2026-08-17 17:34:59.335141 : MinCell_TileMatrix_21_chr21, Class = integer

MinCell_TileMatrix_21_chr21: length = 1
[1] 1



2026-08-17 17:34:59.336164 : MaxCell_TileMatrix_21_chr21, Class = integer

MaxCell_TileMatrix_21_chr21: length = 1
[1] 2388


2026-08-17 17:35:02.108983 : (X__pt5_pre : 8 of 11) Adding Chromosome 11 of 24, 21.67 mins elapsed.
2026-08-17 17:35:03.230223 : Adding TileMatrix to X__pt11_pre for Chr (22 of 22)!, 2.151 mins elapsed.

2026-08-17 17:35:03.462026 : NTiles_TileMatrix_22_chr22, Class = numeric

NTiles_TileMatrix_22_chr22: length = 1
 chr22 
101637 



2026-08-17 17:35:03.463273 : NCells_TileMatrix_22_chr22, Class = integer

NCells_TileMatrix_22_chr22: length = 1
[1] 2388



2026-08-17 17:35:03.464284 : MinTile_TileMatrix_22_chr22, Class = numeric

MinTile_TileMatrix_22_chr22: length = 1
[1] 21046



2026-08-17 17:35:03.466781 : MaxTile_TileMatrix_22_chr22, Class = numeric

MaxTile_TileMatrix_22_chr22: length = 1
[1] 101617



2026-08-17 17:35:03.472698 : MinCell_TileMatrix_22_chr22, Class = integer

MinCell_TileMatrix_22_chr22: length = 1
[1] 1



2026-08-17 17:35:03.473706 : MaxCell_TileMatrix_22_chr22, Class = integer

MaxCell_TileMatrix_22_chr22: length = 1
[1] 2388


2026-08-17 17:35:05.127382 : (X__pt5_pre : 8 of 11) Adding Chromosome 12 of 24, 21.721 mins elapsed.
2026-08-17 17:35:08.120264 : (X__pt5_pre : 8 of 11) Adding Chromosome 13 of 24, 21.77 mins elapsed.
2026-08-17 17:35:08.697241 : (X__pt11_pre : 11 of 11) Finished Adding TileMatrix!, 21.78 mins elapsed.
2026-08-17 17:35:08.698636 : (X__pt11_pre : 11 of 11) Adding GeneScoreMatrix!, 21.78 mins elapsed.


2026-08-17 17:35:08.93945 : X__pt11_pre .addGeneScoreMat geneRegions, Class = GRanges
GRanges object with 31344 ranges and 5 metadata columns:
          seqnames            ranges strand |     gene_id       symbol
             <Rle>         <IRanges>  <Rle> | <character>  <character>
      [1]     chr1        6869-14409      + |   100287102      DDX11L1
      [2]     chr1       14404-34570      - |      653635       WASH7P
      [3]     chr1       17369-22436      - |   102466751    MIR6859-1
      [4]     chr1       24554-31109      + |   107985730  MIR1302-2HG
      [5]     chr1       25366-30503      + |   100302278    MIR1302-2
      ...      ...               ...    ... .         ...          ...
  [31340]    chr22 50667714-50733212      + |       85358       SHANK3
  [31341]    chr22 50733196-50745339      + |          49          ACR
  [31342]    chr22 50735825-50743139      - |   105373100 LOC105373100
  [31343]    chr22 50751948-50801309      + |      284942    RPL23AP82
  [31344]    chr22 50767501-50788667      - |       11158       RABL2B
          geneStart   geneEnd geneWeight
          <integer> <integer>  <numeric>
      [1]     11869     14409    3.67937
      [2]     29570     14404    2.00189
      [3]     17436     17369    4.98680
      [4]     29554     31109    4.08192
      [5]     30366     30503    4.93248
      ...       ...       ...        ...
  [31340]  50672714  50733212    1.30848
  [31341]  50738196  50745339    2.66379
  [31342]  50738139  50735825    3.76215
  [31343]  50756948  50801309    1.40932
  [31344]  50783667  50767501    1.95456
  -------
  seqinfo: 22 sequences from hg38 genome


2026-08-17 17:35:08.992144 : (X__pt16pre : 9 of 11) .tmpToArrow Fragments-Chr-(1 of 24)-chr1, Class = IRanges

(X__pt16pre : 9 of 11) .tmpToArrow Fragments-Chr-(1 of 24)-chr1: length = 19989491
IRanges object with 6 ranges and 1 metadata column:
          start       end     width |                 RG
      <integer> <integer> <integer> |              <Rle>
  [1]     69415     69472        58 | GCCTAGGTCTGGCCAG-1
  [2]    597050    597168       119 | GCCTAGGTCTGGCCAG-1
  [3]    629919    629980        62 | GCCTAGGTCTGGCCAG-1
  [4]    634001    634045        45 | GCCTAGGTCTGGCCAG-1
  [5]    634019    634039        21 | GCCTAGGTCTGGCCAG-1
  [6]    646233    646270        38 | GCCTAGGTCTGGCCAG-1



2026-08-17 17:35:08.999227 : (X__pt16pre : 9 of 11) .tmpToArrow Barcodes-Chr-(1 of 24)-chr1, Class = data.frame
(X__pt16pre : 9 of 11) .tmpToArrow Barcodes-Chr-(1 of 24)-chr1: nRows = 13778, nCols = 1
                  bc
1 GCCTAGGTCTGGCCAG-1
2 AGATTCGTCGGAAAGC-1
3 CGCGCAACAGGCTACC-1
4 CCACGTTGTCTCGGGT-1
5 TTGAGCAGTAGGTAAT-1
6 TATTGCTGTTCCGCGA-1


2026-08-17 17:35:09.093897 : Creating Temp GeneScoreMatrix for X__pt11_pre, Chr (1 of 22)!, 0 mins elapsed.
2026-08-17 17:35:10.278777 : (X__pt5_pre : 8 of 11) Adding Chromosome 14 of 24, 21.806 mins elapsed.
2026-08-17 17:35:10.501316 : (X__pt16pre : 9 of 11) Adding Chromosome 2 of 24, 21.81 mins elapsed.
2026-08-17 17:35:12.760056 : (X__pt5_pre : 8 of 11) Adding Chromosome 15 of 24, 21.848 mins elapsed.
2026-08-17 17:35:15.098702 : (X__pt5_pre : 8 of 11) Adding Chromosome 16 of 24, 21.887 mins elapsed.
2026-08-17 17:35:16.002867 : Creating Temp GeneScoreMatrix for X__pt11_pre, Chr (2 of 22)!, 0.115 mins elapsed.
2026-08-17 17:35:17.629975 : (X__pt5_pre : 8 of 11) Adding Chromosome 17 of 24, 21.929 mins elapsed.
2026-08-17 17:35:20.701355 : (X__pt5_pre : 8 of 11) Adding Chromosome 18 of 24, 21.98 mins elapsed.
2026-08-17 17:35:22.799459 : (X__pt5_pre : 8 of 11) Adding Chromosome 19 of 24, 22.015 mins elapsed.
2026-08-17 17:35:22.905921 : Creating Temp GeneScoreMatrix for X__pt11_pre, Chr (3 of 22)!, 0.23 mins elapsed.
2026-08-17 17:35:25.712684 : (X__pt5_pre : 8 of 11) Adding Chromosome 20 of 24, 22.064 mins elapsed.
2026-08-17 17:35:26.332706 : (X__pt16pre : 9 of 11) Adding Chromosome 3 of 24, 22.074 mins elapsed.
2026-08-17 17:35:28.017064 : (X__pt5_pre : 8 of 11) Adding Chromosome 21 of 24, 22.102 mins elapsed.
2026-08-17 17:35:28.155687 : (X__pt6_pre : 7 of 11) Reading TabixFile 100 Percent, 22.104 mins elapsed.
2026-08-17 17:35:29.026929 : Creating Temp GeneScoreMatrix for X__pt11_pre, Chr (4 of 22)!, 0.332 mins elapsed.
2026-08-17 17:35:29.402089 : (X__pt6_pre : 7 of 11) Successful creation of Temporary File, 22.125 mins elapsed.
2026-08-17 17:35:29.404724 : (X__pt6_pre : 7 of 11) Creating ArrowFile From Temporary File, 22.125 mins elapsed.

2026-08-17 17:35:29.500258 : (X__pt6_pre : 7 of 11) chunkChrNames, Class = data.frame
(X__pt6_pre : 7 of 11) chunkChrNames: nRows = 118, nCols = 1
     chunkNames
1   chr1#chunk1
2   chr1#chunk2
3   chr1#chunk3
4   chr1#chunk4
5   chr1#chunk5
6 chr10#chunk46


2026-08-17 17:35:29.503048 : (X__pt6_pre : 7 of 11) Counting Unique Barcodes From Temporary File, 22.127 mins elapsed.
2026-08-17 17:35:29.822573 : (X__pt5_pre : 8 of 11) Adding Chromosome 22 of 24, 22.132 mins elapsed.
2026-08-17 17:35:30.356731 : (X__pt1_pre : 6 of 11) Reading TabixFile 67 Percent, 22.141 mins elapsed.

2026-08-17 17:35:30.603671 : (X__pt6_pre : 7 of 11) BarcodeFrequencyTable, Class = data.table
 
2026-08-17 17:35:30.603671 : (X__pt6_pre : 7 of 11) BarcodeFrequencyTable, Class = data.frame
(X__pt6_pre : 7 of 11) BarcodeFrequencyTable: nRows = 4955, nCols = 2
            values.V1     V1
               <char>  <int>
1: GGTAGGAAGCCATCAT-1 452138
2: GCGCCAATCAGAATGA-1 354617
3: GTTGGTACAAGCCTTA-1 348363
4: TTGAGTGGTCAGCTTA-1 340700
5: TGACAACCAAGCAACG-1 334094
6: CGCGCAACAAGAAACT-1 318284



2026-08-17 17:35:30.618397 : (X__pt6_pre : 7 of 11) BarcodesMinMaxFrags, Class = data.frame
(X__pt6_pre : 7 of 11) BarcodesMinMaxFrags: nRows = 4755, nCols = 1
                  bc
1 GGTAGGAAGCCATCAT-1
2 GCGCCAATCAGAATGA-1
3 GTTGGTACAAGCCTTA-1
4 TTGAGTGGTCAGCTTA-1
5 TGACAACCAAGCAACG-1
6 CGCGCAACAAGAAACT-1



2026-08-17 17:35:31.768443 : (X__pt6_pre : 7 of 11) Unique Chromosomes, Class = data.frame
(X__pt6_pre : 7 of 11) Unique Chromosomes: nRows = 24, nCols = 1
   chr
1 chr1
2 chr2
3 chr3
4 chr4
5 chr5
6 chr6


2026-08-17 17:35:31.770299 : (X__pt6_pre : 7 of 11) Adding Chromosome 1 of 24, 22.165 mins elapsed.
2026-08-17 17:35:31.816703 : (X__pt5_pre : 8 of 11) Adding Chromosome 23 of 24, 22.165 mins elapsed.
2026-08-17 17:35:34.049393 : (X__pt5_pre : 8 of 11) Adding Chromosome 24 of 24, 22.203 mins elapsed.
2026-08-17 17:35:34.728045 : Creating Temp GeneScoreMatrix for X__pt11_pre, Chr (5 of 22)!, 0.427 mins elapsed.
2026-08-17 17:35:35.48677 : (X__pt5_pre : 8 of 11) Successful creation of Arrow File, 22.226 mins elapsed.
2026-08-17 17:35:36.620162 : (X__pt5_pre : 8 of 11) Adding Fragment Summary, 22.245 mins elapsed.

2026-08-17 17:35:39.015906 : (X__pt6_pre : 7 of 11) .tmpToArrow Fragments-Chr-(1 of 24)-chr1, Class = IRanges

(X__pt6_pre : 7 of 11) .tmpToArrow Fragments-Chr-(1 of 24)-chr1: length = 9923294
IRanges object with 6 ranges and 1 metadata column:
          start       end     width |                 RG
      <integer> <integer> <integer> |              <Rle>
  [1]     88290     88511       222 | GGTAGGAAGCCATCAT-1
  [2]    629937    629973        37 | GGTAGGAAGCCATCAT-1
  [3]    633986    634038        53 | GGTAGGAAGCCATCAT-1
  [4]    633990    634033        44 | GGTAGGAAGCCATCAT-1
  [5]    633993    634030        38 | GGTAGGAAGCCATCAT-1
  [6]    633993    634071        79 | GGTAGGAAGCCATCAT-1



2026-08-17 17:35:39.02339 : (X__pt6_pre : 7 of 11) .tmpToArrow Barcodes-Chr-(1 of 24)-chr1, Class = data.frame
(X__pt6_pre : 7 of 11) .tmpToArrow Barcodes-Chr-(1 of 24)-chr1: nRows = 4755, nCols = 1
                  bc
1 GGTAGGAAGCCATCAT-1
2 GCGCCAATCAGAATGA-1
3 GTTGGTACAAGCCTTA-1
4 TTGAGTGGTCAGCTTA-1
5 TGACAACCAAGCAACG-1
6 CGCGCAACAAGAAACT-1


2026-08-17 17:35:40.03406 : (X__pt16pre : 9 of 11) Adding Chromosome 4 of 24, 22.302 mins elapsed.
2026-08-17 17:35:40.386339 : (X__pt6_pre : 7 of 11) Adding Chromosome 2 of 24, 22.308 mins elapsed.
2026-08-17 17:35:40.551354 : Creating Temp GeneScoreMatrix for X__pt11_pre, Chr (6 of 22)!, 0.524 mins elapsed.
2026-08-17 17:35:44.87726 : (X__pt5_pre : 8 of 11) Plotting Fragment Size Distribution, 22.383 mins elapsed.
2026-08-17 17:35:46.195205 : Creating Temp GeneScoreMatrix for X__pt11_pre, Chr (7 of 22)!, 0.618 mins elapsed.
2026-08-17 17:35:46.332913 : (X__pt5_pre : 8 of 11) Computing TSS Enrichment Scores, 22.407 mins elapsed.
2026-08-17 17:35:46.864666 : (X__pt6_pre : 7 of 11) Adding Chromosome 3 of 24, 22.416 mins elapsed.
2026-08-17 17:35:51.180307 : (X__pt16pre : 9 of 11) Adding Chromosome 5 of 24, 22.488 mins elapsed.
2026-08-17 17:35:51.602206 : Creating Temp GeneScoreMatrix for X__pt11_pre, Chr (8 of 22)!, 0.708 mins elapsed.
2026-08-17 17:35:53.304823 : (X__pt6_pre : 7 of 11) Adding Chromosome 4 of 24, 22.523 mins elapsed.
2026-08-17 17:35:56.669272 : Creating Temp GeneScoreMatrix for X__pt11_pre, Chr (9 of 22)!, 0.793 mins elapsed.
2026-08-17 17:35:57.70953 : (X__pt6_pre : 7 of 11) Adding Chromosome 5 of 24, 22.597 mins elapsed.
2026-08-17 17:36:01.570716 : Creating Temp GeneScoreMatrix for X__pt11_pre, Chr (10 of 22)!, 0.875 mins elapsed.
2026-08-17 17:36:02.607311 : (X__pt6_pre : 7 of 11) Adding Chromosome 6 of 24, 22.679 mins elapsed.
2026-08-17 17:36:02.654795 : (X__pt16pre : 9 of 11) Adding Chromosome 6 of 24, 22.679 mins elapsed.
2026-08-17 17:36:04.384495 : (X__pt17pre : 5 of 11) Reading TabixFile 58 Percent, 22.708 mins elapsed.
2026-08-17 17:36:06.71062 : Creating Temp GeneScoreMatrix for X__pt11_pre, Chr (11 of 22)!, 0.96 mins elapsed.
2026-08-17 17:36:08.600983 : (X__pt6_pre : 7 of 11) Adding Chromosome 7 of 24, 22.778 mins elapsed.
2026-08-17 17:36:12.06093 : Creating Temp GeneScoreMatrix for X__pt11_pre, Chr (12 of 22)!, 1.049 mins elapsed.
2026-08-17 17:36:13.221114 : (X__pt6_pre : 7 of 11) Adding Chromosome 8 of 24, 22.855 mins elapsed.
2026-08-17 17:36:15.062064 : (X__pt16pre : 9 of 11) Adding Chromosome 7 of 24, 22.886 mins elapsed.
2026-08-17 17:36:17.344375 : Creating Temp GeneScoreMatrix for X__pt11_pre, Chr (13 of 22)!, 1.138 mins elapsed.
2026-08-17 17:36:18.045179 : (X__pt6_pre : 7 of 11) Adding Chromosome 9 of 24, 22.936 mins elapsed.
2026-08-17 17:36:22.114164 : Creating Temp GeneScoreMatrix for X__pt11_pre, Chr (14 of 22)!, 1.217 mins elapsed.
2026-08-17 17:36:22.355456 : (X__pt9_pre : 10 of 11) Finished Adding Additional Feature Counts!, 23.008 mins elapsed.

2026-08-17 17:36:22.355969 : (X__pt9_pre : 10 of 11) Metadata, Class = DFrame
DataFrame with 2526 rows and 12 columns
                  cellNames    nFrags nMonoFrags  nDiFrags nMultiFrags
                <character> <numeric>  <numeric> <numeric>   <numeric>
1    X__pt9_pre#CGCTGGACA..    488514     230510    231524       26480
2    X__pt9_pre#GGAGAACAG..    327498     213976    101989       11533
3    X__pt9_pre#GCACGGTGT..    285153     174768     97435       12950
4    X__pt9_pre#TGTGGCGAG..    269929     175461     84272       10196
5    X__pt9_pre#GGGTCTGTC..    224539     143824     72496        8219
...                     ...       ...        ...       ...         ...
2522 X__pt9_pre#GGAATCTTC..      4168       2203      1851         114
2523 X__pt9_pre#TGGGTGCCA..      4153       2386      1647         120
2524 X__pt9_pre#TACCTCGAG..      4083       2411      1574          98
2525 X__pt9_pre#GCGCCAACA..      3989       2261      1618         110
2526 X__pt9_pre#TCACCACTC..      3904       2230      1544         130
     TSSEnrichment ReadsInTSS      Keep ReadsInPromoter PromoterRatio
         <numeric>  <numeric> <numeric>       <numeric>     <numeric>
1            1.852      18189         1           35752     0.0365926
2            1.576       8910         1           19754     0.0301590
3            3.024      19320         1           31372     0.0550091
4            1.660       7767         1           16654     0.0308489
5            2.502      12880         1           21532     0.0479471
...            ...        ...       ...             ...           ...
2522         3.539        336         1             462     0.0554223
2523         5.080        431         1             516     0.0621238
2524         3.665        459         1             569     0.0696792
2525         5.650        408         1             493     0.0617949
2526         4.362        467         1             588     0.0753074
     ReadsInBlacklist BlacklistRatio
            <numeric>      <numeric>
1                6547     0.00670093
2                5392     0.00823211
3                5285     0.00926695
4                4565     0.00845593
5                3456     0.00769577
...               ...            ...
2522              106     0.01271593
2523               84     0.01011317
2524               72     0.00881705
2525               90     0.01128102
2526               70     0.00896516

2026-08-17 17:36:22.485674 : (X__pt9_pre : 10 of 11) Removing Fragments from Filtered Cells, 23.01 mins elapsed.
2026-08-17 17:36:22.488315 : (X__pt9_pre : 10 of 11) Creating Filtered Arrow File, 23.01 mins elapsed.
2026-08-17 17:36:22.493368 : (X__pt6_pre : 7 of 11) Adding Chromosome 10 of 24, 23.01 mins elapsed.

2026-08-17 17:36:23.558553 : (X__pt9_pre : 10 of 11) .filterCellsFromArrow Fragments-Chr-(1 of 24)-chr1, Class = GRanges
GRanges object with 4089258 ranges and 1 metadata column:
            seqnames              ranges strand |                     RG
               <Rle>           <IRanges>  <Rle> |                  <Rle>
        [1]     chr1       127764-127796      * | X__pt9_pre#CGCTGGACA..
        [2]     chr1       131405-131458      * | X__pt9_pre#CGCTGGACA..
        [3]     chr1       456420-456720      * | X__pt9_pre#CGCTGGACA..
        [4]     chr1       596779-596918      * | X__pt9_pre#CGCTGGACA..
        [5]     chr1       616141-616199      * | X__pt9_pre#CGCTGGACA..
        ...      ...                 ...    ... .                    ...
  [4089254]     chr1 246651197-246651251      * | X__pt9_pre#TCACCACTC..
  [4089255]     chr1 246831714-246831791      * | X__pt9_pre#TCACCACTC..
  [4089256]     chr1 246841170-246841342      * | X__pt9_pre#TCACCACTC..
  [4089257]     chr1 247879595-247879636      * | X__pt9_pre#TCACCACTC..
  [4089258]     chr1 248889532-248889751      * | X__pt9_pre#TCACCACTC..
  -------
  seqinfo: 1 sequence from an unspecified genome; no seqlengths


2026-08-17 17:36:23.568593 : (X__pt9_pre : 10 of 11) .filterCellsFromArrow Barcodes-Chr-(1 of 24)-chr1, Class = data.frame
(X__pt9_pre : 10 of 11) .filterCellsFromArrow Barcodes-Chr-(1 of 24)-chr1: nRows = 2526, nCols = 1
                             bc
1 X__pt9_pre#CGCTGGACATGATTGC-1
2 X__pt9_pre#GGAGAACAGAGCTCCC-1
3 X__pt9_pre#GCACGGTGTCCCGTGA-1
4 X__pt9_pre#TGTGGCGAGTGAATAC-1
5 X__pt9_pre#GGGTCTGTCGCTCGGA-1
6 X__pt9_pre#GAACCGCTCCGTACGG-1


2026-08-17 17:36:25.575765 : (X__pt16pre : 9 of 11) Adding Chromosome 8 of 24, 23.061 mins elapsed.
2026-08-17 17:36:26.668821 : Creating Temp GeneScoreMatrix for X__pt11_pre, Chr (15 of 22)!, 1.293 mins elapsed.
2026-08-17 17:36:27.935377 : (X__pt6_pre : 7 of 11) Adding Chromosome 11 of 24, 23.101 mins elapsed.
2026-08-17 17:36:31.284391 : Creating Temp GeneScoreMatrix for X__pt11_pre, Chr (16 of 22)!, 1.37 mins elapsed.
2026-08-17 17:36:33.20802 : (X__pt6_pre : 7 of 11) Adding Chromosome 12 of 24, 23.189 mins elapsed.
2026-08-17 17:36:35.267763 : (X__pt16pre : 9 of 11) Adding Chromosome 9 of 24, 23.223 mins elapsed.
2026-08-17 17:36:35.962398 : Creating Temp GeneScoreMatrix for X__pt11_pre, Chr (17 of 22)!, 1.448 mins elapsed.
2026-08-17 17:36:37.616115 : (X__pt6_pre : 7 of 11) Adding Chromosome 13 of 24, 23.262 mins elapsed.
2026-08-17 17:36:39.348643 : (X__pt14pre : 4 of 11) Reading TabixFile 58 Percent, 23.291 mins elapsed.
2026-08-17 17:36:40.758614 : Creating Temp GeneScoreMatrix for X__pt11_pre, Chr (18 of 22)!, 1.528 mins elapsed.
2026-08-17 17:36:40.824374 : (X__pt6_pre : 7 of 11) Adding Chromosome 14 of 24, 23.315 mins elapsed.
2026-08-17 17:36:42.351422 : (X__pt16pre : 9 of 11) Adding Chromosome 10 of 24, 23.341 mins elapsed.
2026-08-17 17:36:44.058351 : (X__pt6_pre : 7 of 11) Adding Chromosome 15 of 24, 23.369 mins elapsed.
2026-08-17 17:36:45.03863 : Creating Temp GeneScoreMatrix for X__pt11_pre, Chr (19 of 22)!, 1.599 mins elapsed.
2026-08-17 17:36:47.402465 : (X__pt6_pre : 7 of 11) Adding Chromosome 16 of 24, 23.425 mins elapsed.
2026-08-17 17:36:49.705562 : Creating Temp GeneScoreMatrix for X__pt11_pre, Chr (20 of 22)!, 1.677 mins elapsed.
2026-08-17 17:36:51.086784 : (X__pt6_pre : 7 of 11) Adding Chromosome 17 of 24, 23.487 mins elapsed.
2026-08-17 17:36:51.43292 : (X__pt16pre : 9 of 11) Adding Chromosome 11 of 24, 23.492 mins elapsed.
2026-08-17 17:36:53.981218 : Creating Temp GeneScoreMatrix for X__pt11_pre, Chr (21 of 22)!, 1.748 mins elapsed.
2026-08-17 17:36:54.92614 : (X__pt6_pre : 7 of 11) Adding Chromosome 18 of 24, 23.55 mins elapsed.
2026-08-17 17:36:57.5537 : (X__pt6_pre : 7 of 11) Adding Chromosome 19 of 24, 23.594 mins elapsed.
2026-08-17 17:36:58.197635 : Creating Temp GeneScoreMatrix for X__pt11_pre, Chr (22 of 22)!, 1.818 mins elapsed.
2026-08-17 17:37:00.973541 : (X__pt1_pre : 6 of 11) Reading TabixFile 75 Percent, 23.651 mins elapsed.
2026-08-17 17:37:01.237183 : (X__pt6_pre : 7 of 11) Adding Chromosome 20 of 24, 23.656 mins elapsed.
2026-08-17 17:37:01.58997 : (X__pt9_pre : 10 of 11) Finished Constructing Filtered Arrow File!, 23.662 mins elapsed.
2026-08-17 17:37:01.682485 : (X__pt9_pre : 10 of 11) Adding TileMatrix!, 23.663 mins elapsed.
2026-08-17 17:37:02.779034 : (X__pt16pre : 9 of 11) Adding Chromosome 12 of 24, 23.681 mins elapsed.

2026-08-17 17:37:02.892482 : X__pt9_pre .addTileMat FeatureDF, Class = DFrame
DataFrame with 5750013 rows and 3 columns
           seqnames       idx     start
        <character> <integer> <numeric>
1              chr1         1         0
2              chr1         2       500
3              chr1         3      1000
4              chr1         4      1500
5              chr1         5      2000
...             ...       ...       ...
5750009       chr22    101633  50816000
5750010       chr22    101634  50816500
5750011       chr22    101635  50817000
5750012       chr22    101636  50817500
5750013       chr22    101637  50818000


2026-08-17 17:37:03.292356 : X__pt11_pre .addGeneScoreMat FeatureDF, Class = data.frame
X__pt11_pre .addGeneScoreMat FeatureDF: nRows = 31344, nCols = 6
  seqnames start   end strand        name idx
1     chr1 11869 14409      1     DDX11L1   1
2     chr1 29570 14404      2      WASH7P   2
3     chr1 17436 17369      2   MIR6859-1   3
4     chr1 29554 31109      1 MIR1302-2HG   4
5     chr1 30366 30503      1   MIR1302-2   5
6     chr1 36081 34554      2     FAM138A   6


2026-08-17 17:37:04.671768 : Adding GeneScoreMatrix to X__pt11_pre for Chr (1 of 22)!, 1.926 mins elapsed.
2026-08-17 17:37:04.86692 : (X__pt6_pre : 7 of 11) Adding Chromosome 21 of 24, 23.716 mins elapsed.
2026-08-17 17:37:07.0166 : (X__pt6_pre : 7 of 11) Adding Chromosome 22 of 24, 23.752 mins elapsed.
2026-08-17 17:37:07.06531 : Adding GeneScoreMatrix to X__pt11_pre for Chr (2 of 22)!, 1.966 mins elapsed.
2026-08-17 17:37:09.500128 : (X__pt6_pre : 7 of 11) Adding Chromosome 23 of 24, 23.793 mins elapsed.
2026-08-17 17:37:10.039044 : Adding GeneScoreMatrix to X__pt11_pre for Chr (3 of 22)!, 2.016 mins elapsed.
2026-08-17 17:37:11.170985 : Adding TileMatrix to X__pt9_pre for Chr (1 of 22)!, 0.158 mins elapsed.

2026-08-17 17:37:11.718826 : NTiles_TileMatrix_1_chr1, Class = numeric

NTiles_TileMatrix_1_chr1: length = 1
  chr1 
497913 



2026-08-17 17:37:11.720311 : NCells_TileMatrix_1_chr1, Class = integer

NCells_TileMatrix_1_chr1: length = 1
[1] 2526



2026-08-17 17:37:11.722001 : MinTile_TileMatrix_1_chr1, Class = numeric

MinTile_TileMatrix_1_chr1: length = 1
[1] 21



2026-08-17 17:37:11.729062 : MaxTile_TileMatrix_1_chr1, Class = numeric

MaxTile_TileMatrix_1_chr1: length = 1
[1] 497892



2026-08-17 17:37:11.752025 : MinCell_TileMatrix_1_chr1, Class = integer

MinCell_TileMatrix_1_chr1: length = 1
[1] 1



2026-08-17 17:37:11.753692 : MaxCell_TileMatrix_1_chr1, Class = integer

MaxCell_TileMatrix_1_chr1: length = 1
[1] 2526


2026-08-17 17:37:12.370907 : (X__pt6_pre : 7 of 11) Adding Chromosome 24 of 24, 23.841 mins elapsed.
2026-08-17 17:37:13.012027 : Adding GeneScoreMatrix to X__pt11_pre for Chr (4 of 22)!, 2.065 mins elapsed.
2026-08-17 17:37:13.072653 : (X__pt16pre : 9 of 11) Adding Chromosome 13 of 24, 23.853 mins elapsed.
2026-08-17 17:37:13.975091 : (X__pt6_pre : 7 of 11) Successful creation of Arrow File, 23.868 mins elapsed.
2026-08-17 17:37:14.724419 : Adding GeneScoreMatrix to X__pt11_pre for Chr (5 of 22)!, 2.094 mins elapsed.
2026-08-17 17:37:15.116928 : (X__pt6_pre : 7 of 11) Adding Fragment Summary, 23.887 mins elapsed.
2026-08-17 17:37:16.492482 : Adding GeneScoreMatrix to X__pt11_pre for Chr (6 of 22)!, 2.123 mins elapsed.
2026-08-17 17:37:19.452075 : Adding GeneScoreMatrix to X__pt11_pre for Chr (7 of 22)!, 2.173 mins elapsed.
2026-08-17 17:37:20.006168 : Adding TileMatrix to X__pt9_pre for Chr (2 of 22)!, 0.305 mins elapsed.
2026-08-17 17:37:20.118 : (X__pt16pre : 9 of 11) Adding Chromosome 14 of 24, 23.97 mins elapsed.

2026-08-17 17:37:20.510531 : NTiles_TileMatrix_2_chr2, Class = numeric

NTiles_TileMatrix_2_chr2: length = 1
  chr2 
484388 



2026-08-17 17:37:20.51184 : NCells_TileMatrix_2_chr2, Class = integer

NCells_TileMatrix_2_chr2: length = 1
[1] 2526



2026-08-17 17:37:20.512929 : MinTile_TileMatrix_2_chr2, Class = numeric

MinTile_TileMatrix_2_chr2: length = 1
[1] 21



2026-08-17 17:37:20.519402 : MaxTile_TileMatrix_2_chr2, Class = numeric

MaxTile_TileMatrix_2_chr2: length = 1
[1] 484367



2026-08-17 17:37:20.540616 : MinCell_TileMatrix_2_chr2, Class = integer

MinCell_TileMatrix_2_chr2: length = 1
[1] 1



2026-08-17 17:37:20.541802 : MaxCell_TileMatrix_2_chr2, Class = integer

MaxCell_TileMatrix_2_chr2: length = 1
[1] 2526


2026-08-17 17:37:22.75396 : Adding GeneScoreMatrix to X__pt11_pre for Chr (8 of 22)!, 2.228 mins elapsed.
2026-08-17 17:37:24.404776 : Adding GeneScoreMatrix to X__pt11_pre for Chr (9 of 22)!, 2.255 mins elapsed.
2026-08-17 17:37:25.722516 : (X__pt24pre : 2 of 11) Reading TabixFile 25 Percent, 24.064 mins elapsed.
2026-08-17 17:37:26.070453 : (X__pt16pre : 9 of 11) Adding Chromosome 15 of 24, 24.07 mins elapsed.
2026-08-17 17:37:27.556935 : Adding TileMatrix to X__pt9_pre for Chr (3 of 22)!, 0.431 mins elapsed.
2026-08-17 17:37:27.71347 : Adding GeneScoreMatrix to X__pt11_pre for Chr (10 of 22)!, 2.31 mins elapsed.

2026-08-17 17:37:27.882194 : NTiles_TileMatrix_3_chr3, Class = numeric

NTiles_TileMatrix_3_chr3: length = 1
  chr3 
396592 



2026-08-17 17:37:27.883554 : NCells_TileMatrix_3_chr3, Class = integer

NCells_TileMatrix_3_chr3: length = 1
[1] 2526



2026-08-17 17:37:27.884671 : MinTile_TileMatrix_3_chr3, Class = numeric

MinTile_TileMatrix_3_chr3: length = 1
[1] 21



2026-08-17 17:37:27.890268 : MaxTile_TileMatrix_3_chr3, Class = numeric

MaxTile_TileMatrix_3_chr3: length = 1
[1] 396466



2026-08-17 17:37:27.907328 : MinCell_TileMatrix_3_chr3, Class = integer

MinCell_TileMatrix_3_chr3: length = 1
[1] 1



2026-08-17 17:37:27.908456 : MaxCell_TileMatrix_3_chr3, Class = integer

MaxCell_TileMatrix_3_chr3: length = 1
[1] 2526


2026-08-17 17:37:29.444928 : Adding GeneScoreMatrix to X__pt11_pre for Chr (11 of 22)!, 2.339 mins elapsed.
2026-08-17 17:37:31.314982 : Adding GeneScoreMatrix to X__pt11_pre for Chr (12 of 22)!, 2.37 mins elapsed.
2026-08-17 17:37:32.165704 : (X__pt16pre : 9 of 11) Adding Chromosome 16 of 24, 24.171 mins elapsed.
2026-08-17 17:37:33.70464 : Adding TileMatrix to X__pt9_pre for Chr (4 of 22)!, 0.533 mins elapsed.

2026-08-17 17:37:34.029921 : NTiles_TileMatrix_4_chr4, Class = numeric

NTiles_TileMatrix_4_chr4: length = 1
  chr4 
380430 



2026-08-17 17:37:34.031305 : NCells_TileMatrix_4_chr4, Class = integer

NCells_TileMatrix_4_chr4: length = 1
[1] 2526



2026-08-17 17:37:34.032376 : MinTile_TileMatrix_4_chr4, Class = numeric

MinTile_TileMatrix_4_chr4: length = 1
[1] 21



2026-08-17 17:37:34.037538 : MaxTile_TileMatrix_4_chr4, Class = numeric

MaxTile_TileMatrix_4_chr4: length = 1
[1] 380408



2026-08-17 17:37:34.052667 : MinCell_TileMatrix_4_chr4, Class = integer

MinCell_TileMatrix_4_chr4: length = 1
[1] 1



2026-08-17 17:37:34.053743 : MaxCell_TileMatrix_4_chr4, Class = integer

MaxCell_TileMatrix_4_chr4: length = 1
[1] 2526


2026-08-17 17:37:34.34688 : (X__pt6_pre : 7 of 11) Plotting Fragment Size Distribution, 24.208 mins elapsed.
2026-08-17 17:37:35.621837 : (X__pt5_pre : 8 of 11) Computed TSS Scores!, 1.821 mins elapsed.
2026-08-17 17:37:35.633245 : (X__pt5_pre : 8 of 11) CellStats : Number of Cells Pass Filter = 5952 , 24.229 mins elapsed.
2026-08-17 17:37:35.636355 : (X__pt5_pre : 8 of 11) CellStats : Median Frags = 9073 , 24.229 mins elapsed.
2026-08-17 17:37:35.639015 : (X__pt5_pre : 8 of 11) CellStats : Median TSS Enrichment = 16.905 , 24.229 mins elapsed.
2026-08-17 17:37:35.639503 : (X__pt5_pre : 8 of 11) Plotting TSS Enrichment Scores, 24.229 mins elapsed.
2026-08-17 17:37:35.739297 : Adding GeneScoreMatrix to X__pt11_pre for Chr (13 of 22)!, 2.444 mins elapsed.
2026-08-17 17:37:36.561934 : (X__pt6_pre : 7 of 11) Computing TSS Enrichment Scores, 24.244 mins elapsed.
2026-08-17 17:37:37.901827 : (X__pt5_pre : 8 of 11) Adding Metadata to Fragments, 24.267 mins elapsed.
2026-08-17 17:37:38.03106 : Adding GeneScoreMatrix to X__pt11_pre for Chr (14 of 22)!, 2.482 mins elapsed.
2026-08-17 17:37:38.101811 : (X__pt16pre : 9 of 11) Adding Chromosome 17 of 24, 24.27 mins elapsed.
2026-08-17 17:37:39.095318 : (X__pt5_pre : 8 of 11) Adding Additional Feature Counts!, 24.287 mins elapsed.
2026-08-17 17:37:39.291205 : Adding TileMatrix to X__pt9_pre for Chr (5 of 22)!, 0.626 mins elapsed.

2026-08-17 17:37:39.526419 : NTiles_TileMatrix_5_chr5, Class = numeric

NTiles_TileMatrix_5_chr5: length = 1
  chr5 
363077 



2026-08-17 17:37:39.527617 : NCells_TileMatrix_5_chr5, Class = integer

NCells_TileMatrix_5_chr5: length = 1
[1] 2526



2026-08-17 17:37:39.528572 : MinTile_TileMatrix_5_chr5, Class = numeric

MinTile_TileMatrix_5_chr5: length = 1
[1] 21



2026-08-17 17:37:39.532858 : MaxTile_TileMatrix_5_chr5, Class = numeric

MaxTile_TileMatrix_5_chr5: length = 1
[1] 362920



2026-08-17 17:37:39.546005 : MinCell_TileMatrix_5_chr5, Class = integer

MinCell_TileMatrix_5_chr5: length = 1
[1] 1



2026-08-17 17:37:39.54697 : MaxCell_TileMatrix_5_chr5, Class = integer

MaxCell_TileMatrix_5_chr5: length = 1
[1] 2526


2026-08-17 17:37:39.617393 : Adding GeneScoreMatrix to X__pt11_pre for Chr (15 of 22)!, 2.509 mins elapsed.
2026-08-17 17:37:42.27079 : Adding GeneScoreMatrix to X__pt11_pre for Chr (16 of 22)!, 2.553 mins elapsed.
2026-08-17 17:37:43.970547 : Adding GeneScoreMatrix to X__pt11_pre for Chr (17 of 22)!, 2.581 mins elapsed.
2026-08-17 17:37:44.395626 : (X__pt16pre : 9 of 11) Adding Chromosome 18 of 24, 24.375 mins elapsed.
2026-08-17 17:37:44.819638 : Adding TileMatrix to X__pt9_pre for Chr (6 of 22)!, 0.719 mins elapsed.

2026-08-17 17:37:45.04887 : NTiles_TileMatrix_6_chr6, Class = numeric

NTiles_TileMatrix_6_chr6: length = 1
  chr6 
341612 



2026-08-17 17:37:45.050032 : NCells_TileMatrix_6_chr6, Class = integer

NCells_TileMatrix_6_chr6: length = 1
[1] 2526



2026-08-17 17:37:45.050951 : MinTile_TileMatrix_6_chr6, Class = numeric

MinTile_TileMatrix_6_chr6: length = 1
[1] 130



2026-08-17 17:37:45.055148 : MaxTile_TileMatrix_6_chr6, Class = numeric

MaxTile_TileMatrix_6_chr6: length = 1
[1] 341479



2026-08-17 17:37:45.068102 : MinCell_TileMatrix_6_chr6, Class = integer

MinCell_TileMatrix_6_chr6: length = 1
[1] 1



2026-08-17 17:37:45.069107 : MaxCell_TileMatrix_6_chr6, Class = integer

MaxCell_TileMatrix_6_chr6: length = 1
[1] 2526


2026-08-17 17:37:46.615427 : Adding GeneScoreMatrix to X__pt11_pre for Chr (18 of 22)!, 2.625 mins elapsed.
2026-08-17 17:37:48.794478 : (X__pt16pre : 9 of 11) Adding Chromosome 19 of 24, 24.448 mins elapsed.
2026-08-17 17:37:49.705677 : Adding GeneScoreMatrix to X__pt11_pre for Chr (19 of 22)!, 2.677 mins elapsed.
2026-08-17 17:37:49.994549 : Adding TileMatrix to X__pt9_pre for Chr (7 of 22)!, 0.805 mins elapsed.

2026-08-17 17:37:50.287683 : NTiles_TileMatrix_7_chr7, Class = numeric

NTiles_TileMatrix_7_chr7: length = 1
  chr7 
318692 



2026-08-17 17:37:50.288867 : NCells_TileMatrix_7_chr7, Class = integer

NCells_TileMatrix_7_chr7: length = 1
[1] 2526



2026-08-17 17:37:50.289796 : MinTile_TileMatrix_7_chr7, Class = numeric

MinTile_TileMatrix_7_chr7: length = 1
[1] 48



2026-08-17 17:37:50.293772 : MaxTile_TileMatrix_7_chr7, Class = numeric

MaxTile_TileMatrix_7_chr7: length = 1
[1] 318672



2026-08-17 17:37:50.305522 : MinCell_TileMatrix_7_chr7, Class = integer

MinCell_TileMatrix_7_chr7: length = 1
[1] 1



2026-08-17 17:37:50.306472 : MaxCell_TileMatrix_7_chr7, Class = integer

MaxCell_TileMatrix_7_chr7: length = 1
[1] 2526


2026-08-17 17:37:51.642684 : Adding GeneScoreMatrix to X__pt11_pre for Chr (20 of 22)!, 2.709 mins elapsed.
2026-08-17 17:37:53.136667 : Adding GeneScoreMatrix to X__pt11_pre for Chr (21 of 22)!, 2.734 mins elapsed.
2026-08-17 17:37:54.613432 : (X__pt16pre : 9 of 11) Adding Chromosome 20 of 24, 24.545 mins elapsed.
2026-08-17 17:37:54.726007 : (X__pt17pre : 5 of 11) Reading TabixFile 67 Percent, 24.547 mins elapsed.
2026-08-17 17:37:55.367923 : Adding TileMatrix to X__pt9_pre for Chr (8 of 22)!, 0.894 mins elapsed.
2026-08-17 17:37:55.551053 : Adding GeneScoreMatrix to X__pt11_pre for Chr (22 of 22)!, 2.774 mins elapsed.

2026-08-17 17:37:55.571562 : NTiles_TileMatrix_8_chr8, Class = numeric

NTiles_TileMatrix_8_chr8: length = 1
  chr8 
290278 



2026-08-17 17:37:55.572778 : NCells_TileMatrix_8_chr8, Class = integer

NCells_TileMatrix_8_chr8: length = 1
[1] 2526



2026-08-17 17:37:55.573737 : MinTile_TileMatrix_8_chr8, Class = numeric

MinTile_TileMatrix_8_chr8: length = 1
[1] 143



2026-08-17 17:37:55.57753 : MaxTile_TileMatrix_8_chr8, Class = numeric

MaxTile_TileMatrix_8_chr8: length = 1
[1] 290151



2026-08-17 17:37:55.588503 : MinCell_TileMatrix_8_chr8, Class = integer

MinCell_TileMatrix_8_chr8: length = 1
[1] 1



2026-08-17 17:37:55.589463 : MaxCell_TileMatrix_8_chr8, Class = integer

MaxCell_TileMatrix_8_chr8: length = 1
[1] 2526


2026-08-17 17:37:59.178701 : (X__pt11_pre : 11 of 11) Finished Adding GeneScoreMatrix!, 24.621 mins elapsed.
2026-08-17 17:37:59.18021 : (X__pt11_pre : 11 of 11) Finished Creating Arrow File, 24.621 mins elapsed.
2026-08-17 17:38:00.364622 : (X__pt16pre : 9 of 11) Adding Chromosome 21 of 24, 24.641 mins elapsed.
2026-08-17 17:38:00.623157 : Adding TileMatrix to X__pt9_pre for Chr (9 of 22)!, 0.982 mins elapsed.

2026-08-17 17:38:00.836843 : NTiles_TileMatrix_9_chr9, Class = numeric

NTiles_TileMatrix_9_chr9: length = 1
  chr9 
276790 



2026-08-17 17:38:00.838068 : NCells_TileMatrix_9_chr9, Class = integer

NCells_TileMatrix_9_chr9: length = 1
[1] 2526



2026-08-17 17:38:00.839015 : MinTile_TileMatrix_9_chr9, Class = numeric

MinTile_TileMatrix_9_chr9: length = 1
[1] 21



2026-08-17 17:38:00.84234 : MaxTile_TileMatrix_9_chr9, Class = numeric

MaxTile_TileMatrix_9_chr9: length = 1
[1] 276620



2026-08-17 17:38:00.851976 : MinCell_TileMatrix_9_chr9, Class = integer

MinCell_TileMatrix_9_chr9: length = 1
[1] 1



2026-08-17 17:38:00.852981 : MaxCell_TileMatrix_9_chr9, Class = integer

MaxCell_TileMatrix_9_chr9: length = 1
[1] 2526


2026-08-17 17:38:03.192681 : (X__pt16pre : 9 of 11) Adding Chromosome 22 of 24, 24.688 mins elapsed.
2026-08-17 17:38:04.79118 : (X__pt12pre : 3 of 11) Reading TabixFile 50 Percent, 24.715 mins elapsed.
2026-08-17 17:38:05.219069 : Adding TileMatrix to X__pt9_pre for Chr (10 of 22)!, 1.059 mins elapsed.

2026-08-17 17:38:05.712388 : NTiles_TileMatrix_10_chr10, Class = numeric

NTiles_TileMatrix_10_chr10: length = 1
 chr10 
267595 



2026-08-17 17:38:05.713606 : NCells_TileMatrix_10_chr10, Class = integer

NCells_TileMatrix_10_chr10: length = 1
[1] 2526



2026-08-17 17:38:05.714584 : MinTile_TileMatrix_10_chr10, Class = numeric

MinTile_TileMatrix_10_chr10: length = 1
[1] 21



2026-08-17 17:38:05.718262 : MaxTile_TileMatrix_10_chr10, Class = numeric

MaxTile_TileMatrix_10_chr10: length = 1
[1] 267575



2026-08-17 17:38:05.728607 : MinCell_TileMatrix_10_chr10, Class = integer

MinCell_TileMatrix_10_chr10: length = 1
[1] 1



2026-08-17 17:38:05.729558 : MaxCell_TileMatrix_10_chr10, Class = integer

MaxCell_TileMatrix_10_chr10: length = 1
[1] 2526


2026-08-17 17:38:06.508716 : (X__pt16pre : 9 of 11) Adding Chromosome 23 of 24, 24.744 mins elapsed.
2026-08-17 17:38:10.549589 : Adding TileMatrix to X__pt9_pre for Chr (11 of 22)!, 1.147 mins elapsed.

2026-08-17 17:38:10.751926 : NTiles_TileMatrix_11_chr11, Class = numeric

NTiles_TileMatrix_11_chr11: length = 1
 chr11 
270174 



2026-08-17 17:38:10.753147 : NCells_TileMatrix_11_chr11, Class = integer

NCells_TileMatrix_11_chr11: length = 1
[1] 2526



2026-08-17 17:38:10.754108 : MinTile_TileMatrix_11_chr11, Class = numeric

MinTile_TileMatrix_11_chr11: length = 1
[1] 227



2026-08-17 17:38:10.757853 : MaxTile_TileMatrix_11_chr11, Class = numeric

MaxTile_TileMatrix_11_chr11: length = 1
[1] 270154



2026-08-17 17:38:10.768938 : MinCell_TileMatrix_11_chr11, Class = integer

MinCell_TileMatrix_11_chr11: length = 1
[1] 1



2026-08-17 17:38:10.769918 : MaxCell_TileMatrix_11_chr11, Class = integer

MaxCell_TileMatrix_11_chr11: length = 1
[1] 2526


2026-08-17 17:38:11.321528 : (X__pt16pre : 9 of 11) Adding Chromosome 24 of 24, 24.824 mins elapsed.
2026-08-17 17:38:13.237391 : (X__pt16pre : 9 of 11) Successful creation of Arrow File, 24.856 mins elapsed.
2026-08-17 17:38:14.389852 : (X__pt16pre : 9 of 11) Adding Fragment Summary, 24.875 mins elapsed.
2026-08-17 17:38:15.912246 : Adding TileMatrix to X__pt9_pre for Chr (12 of 22)!, 1.237 mins elapsed.

2026-08-17 17:38:16.140006 : NTiles_TileMatrix_12_chr12, Class = numeric

NTiles_TileMatrix_12_chr12: length = 1
 chr12 
266551 



2026-08-17 17:38:16.141393 : NCells_TileMatrix_12_chr12, Class = integer

NCells_TileMatrix_12_chr12: length = 1
[1] 2526



2026-08-17 17:38:16.142485 : MinTile_TileMatrix_12_chr12, Class = numeric

MinTile_TileMatrix_12_chr12: length = 1
[1] 21



2026-08-17 17:38:16.146831 : MaxTile_TileMatrix_12_chr12, Class = numeric

MaxTile_TileMatrix_12_chr12: length = 1
[1] 266530



2026-08-17 17:38:16.159124 : MinCell_TileMatrix_12_chr12, Class = integer

MinCell_TileMatrix_12_chr12: length = 1
[1] 1



2026-08-17 17:38:16.160247 : MaxCell_TileMatrix_12_chr12, Class = integer

MaxCell_TileMatrix_12_chr12: length = 1
[1] 2526


2026-08-17 17:38:16.998 : (X__pt1_pre : 6 of 11) Reading TabixFile 83 Percent, 24.918 mins elapsed.
2026-08-17 17:38:21.467307 : Adding TileMatrix to X__pt9_pre for Chr (13 of 22)!, 1.329 mins elapsed.

2026-08-17 17:38:21.629999 : NTiles_TileMatrix_13_chr13, Class = numeric

NTiles_TileMatrix_13_chr13: length = 1
 chr13 
228729 



2026-08-17 17:38:21.631404 : NCells_TileMatrix_13_chr13, Class = integer

NCells_TileMatrix_13_chr13: length = 1
[1] 2526



2026-08-17 17:38:21.632503 : MinTile_TileMatrix_13_chr13, Class = numeric

MinTile_TileMatrix_13_chr13: length = 1
[1] 32842



2026-08-17 17:38:21.635794 : MaxTile_TileMatrix_13_chr13, Class = numeric

MaxTile_TileMatrix_13_chr13: length = 1
[1] 228709



2026-08-17 17:38:21.644241 : MinCell_TileMatrix_13_chr13, Class = integer

MinCell_TileMatrix_13_chr13: length = 1
[1] 1



2026-08-17 17:38:21.645369 : MaxCell_TileMatrix_13_chr13, Class = integer

MaxCell_TileMatrix_13_chr13: length = 1
[1] 2526


2026-08-17 17:38:26.29925 : Adding TileMatrix to X__pt9_pre for Chr (14 of 22)!, 1.41 mins elapsed.

2026-08-17 17:38:26.468243 : NTiles_TileMatrix_14_chr14, Class = numeric

NTiles_TileMatrix_14_chr14: length = 1
 chr14 
214088 



2026-08-17 17:38:26.469636 : NCells_TileMatrix_14_chr14, Class = integer

NCells_TileMatrix_14_chr14: length = 1
[1] 2526



2026-08-17 17:38:26.470742 : MinTile_TileMatrix_14_chr14, Class = numeric

MinTile_TileMatrix_14_chr14: length = 1
[1] 32046



2026-08-17 17:38:26.474092 : MaxTile_TileMatrix_14_chr14, Class = numeric

MaxTile_TileMatrix_14_chr14: length = 1
[1] 213768



2026-08-17 17:38:26.4829 : MinCell_TileMatrix_14_chr14, Class = integer

MinCell_TileMatrix_14_chr14: length = 1
[1] 1



2026-08-17 17:38:26.484033 : MaxCell_TileMatrix_14_chr14, Class = integer

MaxCell_TileMatrix_14_chr14: length = 1
[1] 2526


2026-08-17 17:38:31.152643 : Adding TileMatrix to X__pt9_pre for Chr (15 of 22)!, 1.491 mins elapsed.

2026-08-17 17:38:31.36382 : NTiles_TileMatrix_15_chr15, Class = numeric

NTiles_TileMatrix_15_chr15: length = 1
 chr15 
203983 



2026-08-17 17:38:31.365194 : NCells_TileMatrix_15_chr15, Class = integer

NCells_TileMatrix_15_chr15: length = 1
[1] 2526



2026-08-17 17:38:31.366307 : MinTile_TileMatrix_15_chr15, Class = numeric

MinTile_TileMatrix_15_chr15: length = 1
[1] 34020



2026-08-17 17:38:31.369542 : MaxTile_TileMatrix_15_chr15, Class = numeric

MaxTile_TileMatrix_15_chr15: length = 1
[1] 203963



2026-08-17 17:38:31.377866 : MinCell_TileMatrix_15_chr15, Class = integer

MinCell_TileMatrix_15_chr15: length = 1
[1] 1



2026-08-17 17:38:31.378996 : MaxCell_TileMatrix_15_chr15, Class = integer

MaxCell_TileMatrix_15_chr15: length = 1
[1] 2526


2026-08-17 17:38:32.293967 : (X__pt14pre : 4 of 11) Reading TabixFile 67 Percent, 25.173 mins elapsed.
2026-08-17 17:38:36.025473 : Adding TileMatrix to X__pt9_pre for Chr (16 of 22)!, 1.572 mins elapsed.

2026-08-17 17:38:36.344876 : NTiles_TileMatrix_16_chr16, Class = numeric

NTiles_TileMatrix_16_chr16: length = 1
 chr16 
180677 



2026-08-17 17:38:36.346242 : NCells_TileMatrix_16_chr16, Class = integer

NCells_TileMatrix_16_chr16: length = 1
[1] 2526



2026-08-17 17:38:36.347363 : MinTile_TileMatrix_16_chr16, Class = numeric

MinTile_TileMatrix_16_chr16: length = 1
[1] 21



2026-08-17 17:38:36.350791 : MaxTile_TileMatrix_16_chr16, Class = numeric

MaxTile_TileMatrix_16_chr16: length = 1
[1] 180457



2026-08-17 17:38:36.359731 : MinCell_TileMatrix_16_chr16, Class = integer

MinCell_TileMatrix_16_chr16: length = 1
[1] 1



2026-08-17 17:38:36.360862 : MaxCell_TileMatrix_16_chr16, Class = integer

MaxCell_TileMatrix_16_chr16: length = 1
[1] 2526


2026-08-17 17:38:40.989146 : Adding TileMatrix to X__pt9_pre for Chr (17 of 22)!, 1.655 mins elapsed.

2026-08-17 17:38:41.172201 : NTiles_TileMatrix_17_chr17, Class = numeric

NTiles_TileMatrix_17_chr17: length = 1
 chr17 
166515 



2026-08-17 17:38:41.173607 : NCells_TileMatrix_17_chr17, Class = integer

NCells_TileMatrix_17_chr17: length = 1
[1] 2526



2026-08-17 17:38:41.1765 : MinTile_TileMatrix_17_chr17, Class = numeric

MinTile_TileMatrix_17_chr17: length = 1
[1] 126



2026-08-17 17:38:41.180077 : MaxTile_TileMatrix_17_chr17, Class = numeric

MaxTile_TileMatrix_17_chr17: length = 1
[1] 166495



2026-08-17 17:38:41.189447 : MinCell_TileMatrix_17_chr17, Class = integer

MinCell_TileMatrix_17_chr17: length = 1
[1] 1



2026-08-17 17:38:41.19061 : MaxCell_TileMatrix_17_chr17, Class = integer

MaxCell_TileMatrix_17_chr17: length = 1
[1] 2526


2026-08-17 17:38:45.886182 : Adding TileMatrix to X__pt9_pre for Chr (18 of 22)!, 1.736 mins elapsed.

2026-08-17 17:38:46.031442 : NTiles_TileMatrix_18_chr18, Class = numeric

NTiles_TileMatrix_18_chr18: length = 1
 chr18 
160747 



2026-08-17 17:38:46.032856 : NCells_TileMatrix_18_chr18, Class = integer

NCells_TileMatrix_18_chr18: length = 1
[1] 2526



2026-08-17 17:38:46.033987 : MinTile_TileMatrix_18_chr18, Class = numeric

MinTile_TileMatrix_18_chr18: length = 1
[1] 21



2026-08-17 17:38:46.036786 : MaxTile_TileMatrix_18_chr18, Class = numeric

MaxTile_TileMatrix_18_chr18: length = 1
[1] 160527



2026-08-17 17:38:46.045097 : MinCell_TileMatrix_18_chr18, Class = integer

MinCell_TileMatrix_18_chr18: length = 1
[1] 1



2026-08-17 17:38:46.046317 : MaxCell_TileMatrix_18_chr18, Class = integer

MaxCell_TileMatrix_18_chr18: length = 1
[1] 2526


2026-08-17 17:38:50.494964 : Adding TileMatrix to X__pt9_pre for Chr (19 of 22)!, 1.813 mins elapsed.

2026-08-17 17:38:50.655686 : NTiles_TileMatrix_19_chr19, Class = numeric

NTiles_TileMatrix_19_chr19: length = 1
 chr19 
117236 



2026-08-17 17:38:50.657068 : NCells_TileMatrix_19_chr19, Class = integer

NCells_TileMatrix_19_chr19: length = 1
[1] 2526



2026-08-17 17:38:50.658207 : MinTile_TileMatrix_19_chr19, Class = numeric

MinTile_TileMatrix_19_chr19: length = 1
[1] 165



2026-08-17 17:38:50.661123 : MaxTile_TileMatrix_19_chr19, Class = numeric

MaxTile_TileMatrix_19_chr19: length = 1
[1] 117216



2026-08-17 17:38:50.668755 : MinCell_TileMatrix_19_chr19, Class = integer

MinCell_TileMatrix_19_chr19: length = 1
[1] 1



2026-08-17 17:38:50.669901 : MaxCell_TileMatrix_19_chr19, Class = integer

MaxCell_TileMatrix_19_chr19: length = 1
[1] 2526


2026-08-17 17:38:54.727318 : Adding TileMatrix to X__pt9_pre for Chr (20 of 22)!, 1.884 mins elapsed.

2026-08-17 17:38:54.93178 : NTiles_TileMatrix_20_chr20, Class = numeric

NTiles_TileMatrix_20_chr20: length = 1
 chr20 
128889 



2026-08-17 17:38:54.932948 : NCells_TileMatrix_20_chr20, Class = integer

NCells_TileMatrix_20_chr20: length = 1
[1] 2526



2026-08-17 17:38:54.933889 : MinTile_TileMatrix_20_chr20, Class = numeric

MinTile_TileMatrix_20_chr20: length = 1
[1] 121



2026-08-17 17:38:54.936397 : MaxTile_TileMatrix_20_chr20, Class = numeric

MaxTile_TileMatrix_20_chr20: length = 1
[1] 128668



2026-08-17 17:38:54.942805 : MinCell_TileMatrix_20_chr20, Class = integer

MinCell_TileMatrix_20_chr20: length = 1
[1] 1



2026-08-17 17:38:54.943762 : MaxCell_TileMatrix_20_chr20, Class = integer

MaxCell_TileMatrix_20_chr20: length = 1
[1] 2526


2026-08-17 17:38:58.906907 : Adding TileMatrix to X__pt9_pre for Chr (21 of 22)!, 1.953 mins elapsed.

2026-08-17 17:38:59.012019 : NTiles_TileMatrix_21_chr21, Class = numeric

NTiles_TileMatrix_21_chr21: length = 1
chr21 
93420 



2026-08-17 17:38:59.013196 : NCells_TileMatrix_21_chr21, Class = integer

NCells_TileMatrix_21_chr21: length = 1
[1] 2526



2026-08-17 17:38:59.014133 : MinTile_TileMatrix_21_chr21, Class = numeric

MinTile_TileMatrix_21_chr21: length = 1
[1] 10069



2026-08-17 17:38:59.015799 : MaxTile_TileMatrix_21_chr21, Class = numeric

MaxTile_TileMatrix_21_chr21: length = 1
[1] 93396



2026-08-17 17:38:59.019262 : MinCell_TileMatrix_21_chr21, Class = integer

MinCell_TileMatrix_21_chr21: length = 1
[1] 1



2026-08-17 17:38:59.020207 : MaxCell_TileMatrix_21_chr21, Class = integer

MaxCell_TileMatrix_21_chr21: length = 1
[1] 2526


2026-08-17 17:38:59.384218 : (X__pt1_pre : 6 of 11) Reading TabixFile 92 Percent, 25.625 mins elapsed.
2026-08-17 17:39:02.530201 : (X__pt16pre : 9 of 11) Plotting Fragment Size Distribution, 25.677 mins elapsed.
2026-08-17 17:39:02.605139 : Adding TileMatrix to X__pt9_pre for Chr (22 of 22)!, 2.015 mins elapsed.

2026-08-17 17:39:02.739049 : NTiles_TileMatrix_22_chr22, Class = numeric

NTiles_TileMatrix_22_chr22: length = 1
 chr22 
101637 



2026-08-17 17:39:02.740194 : NCells_TileMatrix_22_chr22, Class = integer

NCells_TileMatrix_22_chr22: length = 1
[1] 2526



2026-08-17 17:39:02.741105 : MinTile_TileMatrix_22_chr22, Class = numeric

MinTile_TileMatrix_22_chr22: length = 1
[1] 21037



2026-08-17 17:39:02.742892 : MaxTile_TileMatrix_22_chr22, Class = numeric

MaxTile_TileMatrix_22_chr22: length = 1
[1] 101617



2026-08-17 17:39:02.746891 : MinCell_TileMatrix_22_chr22, Class = integer

MinCell_TileMatrix_22_chr22: length = 1
[1] 1



2026-08-17 17:39:02.747801 : MaxCell_TileMatrix_22_chr22, Class = integer

MaxCell_TileMatrix_22_chr22: length = 1
[1] 2526


2026-08-17 17:39:04.214161 : (X__pt16pre : 9 of 11) Computing TSS Enrichment Scores, 25.705 mins elapsed.
2026-08-17 17:39:07.454783 : (X__pt9_pre : 10 of 11) Finished Adding TileMatrix!, 25.759 mins elapsed.
2026-08-17 17:39:07.456156 : (X__pt9_pre : 10 of 11) Adding GeneScoreMatrix!, 25.759 mins elapsed.


2026-08-17 17:39:07.695483 : X__pt9_pre .addGeneScoreMat geneRegions, Class = GRanges
GRanges object with 31344 ranges and 5 metadata columns:
          seqnames            ranges strand |     gene_id       symbol
             <Rle>         <IRanges>  <Rle> | <character>  <character>
      [1]     chr1        6869-14409      + |   100287102      DDX11L1
      [2]     chr1       14404-34570      - |      653635       WASH7P
      [3]     chr1       17369-22436      - |   102466751    MIR6859-1
      [4]     chr1       24554-31109      + |   107985730  MIR1302-2HG
      [5]     chr1       25366-30503      + |   100302278    MIR1302-2
      ...      ...               ...    ... .         ...          ...
  [31340]    chr22 50667714-50733212      + |       85358       SHANK3
  [31341]    chr22 50733196-50745339      + |          49          ACR
  [31342]    chr22 50735825-50743139      - |   105373100 LOC105373100
  [31343]    chr22 50751948-50801309      + |      284942    RPL23AP82
  [31344]    chr22 50767501-50788667      - |       11158       RABL2B
          geneStart   geneEnd geneWeight
          <integer> <integer>  <numeric>
      [1]     11869     14409    3.67937
      [2]     29570     14404    2.00189
      [3]     17436     17369    4.98680
      [4]     29554     31109    4.08192
      [5]     30366     30503    4.93248
      ...       ...       ...        ...
  [31340]  50672714  50733212    1.30848
  [31341]  50738196  50745339    2.66379
  [31342]  50738139  50735825    3.76215
  [31343]  50756948  50801309    1.40932
  [31344]  50783667  50767501    1.95456
  -------
  seqinfo: 22 sequences from hg38 genome

2026-08-17 17:39:07.837088 : Creating Temp GeneScoreMatrix for X__pt9_pre, Chr (1 of 22)!, 0 mins elapsed.
2026-08-17 17:39:13.555016 : Creating Temp GeneScoreMatrix for X__pt9_pre, Chr (2 of 22)!, 0.095 mins elapsed.
2026-08-17 17:39:19.168456 : (X__pt5_pre : 8 of 11) Finished Adding Additional Feature Counts!, 25.955 mins elapsed.

2026-08-17 17:39:19.169035 : (X__pt5_pre : 8 of 11) Metadata, Class = DFrame
DataFrame with 5952 rows and 12 columns
                  cellNames    nFrags nMonoFrags  nDiFrags nMultiFrags
                <character> <numeric>  <numeric> <numeric>   <numeric>
1    X__pt5_pre#TCACAGATC..     32886      14783     15944        2159
2    X__pt5_pre#GAGGTCCAG..     29172      13605     12544        3023
3    X__pt5_pre#TAAGCCAGT..     28196      15734     10789        1673
4    X__pt5_pre#CGGACCACA..     27976      16583     10122        1271
5    X__pt5_pre#TGCTTCGGT..     26986      17265      8671        1050
...                     ...       ...        ...       ...         ...
5948 X__pt5_pre#CCTTAATGT..      2523       1473       934         116
5949 X__pt5_pre#AGGCGTCCA..      2475       1521       860          94
5950 X__pt5_pre#CAACCAATC..      2454       1573       764         117
5951 X__pt5_pre#TGATTTCAG..      2363       1542       679         142
5952 X__pt5_pre#CTCAGAACA..      2330       1551       685          94
     TSSEnrichment ReadsInTSS      Keep ReadsInPromoter PromoterRatio
         <numeric>  <numeric> <numeric>       <numeric>     <numeric>
1           15.296      17650         1           15655      0.238019
2           14.832      15565         1           13890      0.238071
3           17.625      15122         1           13087      0.232072
4           19.919      17201         1           14913      0.266532
5           10.970      11318         1           11810      0.218817
...            ...        ...       ...             ...           ...
5948        22.127       1732         1            1483      0.293896
5949        20.218       1991         1            1627      0.328687
5950        22.369       1943         1            1601      0.326202
5951        16.295       1547         1            1410      0.298350
5952        17.746       1631         1            1466      0.314592
     ReadsInBlacklist BlacklistRatio
            <numeric>      <numeric>
1                 404     0.00614243
2                 385     0.00659879
3                 301     0.00533764
4                 357     0.00638047
5                 349     0.00646632
...               ...            ...
5948               32     0.00634166
5949               24     0.00484848
5950               42     0.00855746
5951               24     0.00507829
5952               30     0.00643777

2026-08-17 17:39:19.281387 : (X__pt5_pre : 8 of 11) Removing Fragments from Filtered Cells, 25.956 mins elapsed.
2026-08-17 17:39:19.284753 : (X__pt5_pre : 8 of 11) Creating Filtered Arrow File, 25.956 mins elapsed.
2026-08-17 17:39:19.627861 : Creating Temp GeneScoreMatrix for X__pt9_pre, Chr (3 of 22)!, 0.197 mins elapsed.

2026-08-17 17:39:20.716005 : (X__pt5_pre : 8 of 11) .filterCellsFromArrow Fragments-Chr-(1 of 24)-chr1, Class = GRanges
GRanges object with 5564598 ranges and 1 metadata column:
            seqnames              ranges strand |                     RG
               <Rle>           <IRanges>  <Rle> |                  <Rle>
        [1]     chr1       634012-634039      * | X__pt5_pre#TCACAGATC..
        [2]     chr1       778868-778901      * | X__pt5_pre#TCACAGATC..
        [3]     chr1       867868-868236      * | X__pt5_pre#TCACAGATC..
        [4]     chr1       869974-870127      * | X__pt5_pre#TCACAGATC..
        [5]     chr1       900990-901166      * | X__pt5_pre#TCACAGATC..
        ...      ...                 ...    ... .                    ...
  [5564594]     chr1 245845515-245845699      * | X__pt5_pre#CTCAGAACA..
  [5564595]     chr1 247715973-247716201      * | X__pt5_pre#CTCAGAACA..
  [5564596]     chr1 247725143-247725316      * | X__pt5_pre#CTCAGAACA..
  [5564597]     chr1 248838991-248839046      * | X__pt5_pre#CTCAGAACA..
  [5564598]     chr1 248854581-248854899      * | X__pt5_pre#CTCAGAACA..
  -------
  seqinfo: 1 sequence from an unspecified genome; no seqlengths


2026-08-17 17:39:20.726455 : (X__pt5_pre : 8 of 11) .filterCellsFromArrow Barcodes-Chr-(1 of 24)-chr1, Class = data.frame
(X__pt5_pre : 8 of 11) .filterCellsFromArrow Barcodes-Chr-(1 of 24)-chr1: nRows = 5952, nCols = 1
                             bc
1 X__pt5_pre#TCACAGATCCGGCTGA-1
2 X__pt5_pre#GAGGTCCAGCTCCGGT-1
3 X__pt5_pre#TAAGCCAGTGAATGGC-1
4 X__pt5_pre#CGGACCACACCTGAAT-1
5 X__pt5_pre#TGCTTCGGTGTCGTCG-1
6 X__pt5_pre#ATCGAGTTCAACTTGG-1


2026-08-17 17:39:25.287177 : Creating Temp GeneScoreMatrix for X__pt9_pre, Chr (4 of 22)!, 0.291 mins elapsed.
2026-08-17 17:39:30.192827 : Creating Temp GeneScoreMatrix for X__pt9_pre, Chr (5 of 22)!, 0.373 mins elapsed.
2026-08-17 17:39:35.633269 : Creating Temp GeneScoreMatrix for X__pt9_pre, Chr (6 of 22)!, 0.463 mins elapsed.
2026-08-17 17:39:36.015755 : (X__pt6_pre : 7 of 11) Computed TSS Scores!, 1.991 mins elapsed.
2026-08-17 17:39:36.026983 : (X__pt6_pre : 7 of 11) CellStats : Number of Cells Pass Filter = 4755 , 26.235 mins elapsed.
2026-08-17 17:39:36.029884 : (X__pt6_pre : 7 of 11) CellStats : Median Frags = 8453 , 26.236 mins elapsed.
2026-08-17 17:39:36.0325 : (X__pt6_pre : 7 of 11) CellStats : Median TSS Enrichment = 5.308 , 26.236 mins elapsed.
2026-08-17 17:39:36.032974 : (X__pt6_pre : 7 of 11) Plotting TSS Enrichment Scores, 26.236 mins elapsed.
2026-08-17 17:39:37.279328 : (X__pt6_pre : 7 of 11) Adding Metadata to Fragments, 26.256 mins elapsed.
2026-08-17 17:39:37.392168 : (X__pt17pre : 5 of 11) Reading TabixFile 75 Percent, 26.258 mins elapsed.
2026-08-17 17:39:38.484515 : (X__pt6_pre : 7 of 11) Adding Additional Feature Counts!, 26.276 mins elapsed.
2026-08-17 17:39:40.979043 : Creating Temp GeneScoreMatrix for X__pt9_pre, Chr (7 of 22)!, 0.552 mins elapsed.
2026-08-17 17:39:46.769855 : (X__pt1_pre : 6 of 11) Reading TabixFile 100 Percent, 26.415 mins elapsed.
2026-08-17 17:39:46.792131 : Creating Temp GeneScoreMatrix for X__pt9_pre, Chr (8 of 22)!, 0.649 mins elapsed.
2026-08-17 17:39:48.03457 : (X__pt1_pre : 6 of 11) Successful creation of Temporary File, 26.436 mins elapsed.
2026-08-17 17:39:48.037089 : (X__pt1_pre : 6 of 11) Creating ArrowFile From Temporary File, 26.436 mins elapsed.

2026-08-17 17:39:48.115565 : (X__pt1_pre : 6 of 11) chunkChrNames, Class = data.frame
(X__pt1_pre : 6 of 11) chunkChrNames: nRows = 118, nCols = 1
     chunkNames
1   chr1#chunk1
2   chr1#chunk2
3   chr1#chunk3
4   chr1#chunk4
5   chr1#chunk5
6 chr10#chunk46


2026-08-17 17:39:48.118332 : (X__pt1_pre : 6 of 11) Counting Unique Barcodes From Temporary File, 26.437 mins elapsed.

2026-08-17 17:39:49.391926 : (X__pt1_pre : 6 of 11) BarcodeFrequencyTable, Class = data.table
 
2026-08-17 17:39:49.391926 : (X__pt1_pre : 6 of 11) BarcodeFrequencyTable, Class = data.frame
(X__pt1_pre : 6 of 11) BarcodeFrequencyTable: nRows = 7547, nCols = 2
            values.V1    V1
               <char> <int>
1: TTAACGGAGAGTGGAA-1 37113
2: TCAGTTTTCCAATAGC-1 33977
3: CTGGCAGAGTAACTCC-1 33954
4: ATATTCCTCTAGCTGA-1 32418
5: GTTACTTCAATGGCAG-1 31280
6: CGGACTGAGCGTGTTT-1 31225



2026-08-17 17:39:49.403818 : (X__pt1_pre : 6 of 11) BarcodesMinMaxFrags, Class = data.frame
(X__pt1_pre : 6 of 11) BarcodesMinMaxFrags: nRows = 7547, nCols = 1
                  bc
1 TTAACGGAGAGTGGAA-1
2 TCAGTTTTCCAATAGC-1
3 CTGGCAGAGTAACTCC-1
4 ATATTCCTCTAGCTGA-1
5 GTTACTTCAATGGCAG-1
6 CGGACTGAGCGTGTTT-1



2026-08-17 17:39:50.571087 : (X__pt1_pre : 6 of 11) Unique Chromosomes, Class = data.frame
(X__pt1_pre : 6 of 11) Unique Chromosomes: nRows = 24, nCols = 1
   chr
1 chr1
2 chr2
3 chr3
4 chr4
5 chr5
6 chr6


2026-08-17 17:39:50.572941 : (X__pt1_pre : 6 of 11) Adding Chromosome 1 of 24, 26.478 mins elapsed.
2026-08-17 17:39:52.023263 : Creating Temp GeneScoreMatrix for X__pt9_pre, Chr (9 of 22)!, 0.736 mins elapsed.
2026-08-17 17:39:56.762753 : Creating Temp GeneScoreMatrix for X__pt9_pre, Chr (10 of 22)!, 0.815 mins elapsed.

2026-08-17 17:39:57.121081 : (X__pt1_pre : 6 of 11) .tmpToArrow Fragments-Chr-(1 of 24)-chr1, Class = IRanges

(X__pt1_pre : 6 of 11) .tmpToArrow Fragments-Chr-(1 of 24)-chr1: length = 8958964
IRanges object with 6 ranges and 1 metadata column:
          start       end     width |                 RG
      <integer> <integer> <integer> |              <Rle>
  [1]     55547     55675       129 | TTAACGGAGAGTGGAA-1
  [2]    634015    634068        54 | TTAACGGAGAGTGGAA-1
  [3]    634020    634067        48 | TTAACGGAGAGTGGAA-1
  [4]    876273    876305        33 | TTAACGGAGAGTGGAA-1
  [5]    921229    921290        62 | TTAACGGAGAGTGGAA-1
  [6]    966927    967002        76 | TTAACGGAGAGTGGAA-1



2026-08-17 17:39:57.128701 : (X__pt1_pre : 6 of 11) .tmpToArrow Barcodes-Chr-(1 of 24)-chr1, Class = data.frame
(X__pt1_pre : 6 of 11) .tmpToArrow Barcodes-Chr-(1 of 24)-chr1: nRows = 7547, nCols = 1
                  bc
1 TTAACGGAGAGTGGAA-1
2 TCAGTTTTCCAATAGC-1
3 CTGGCAGAGTAACTCC-1
4 ATATTCCTCTAGCTGA-1
5 GTTACTTCAATGGCAG-1
6 CGGACTGAGCGTGTTT-1


2026-08-17 17:39:58.47001 : (X__pt1_pre : 6 of 11) Adding Chromosome 2 of 24, 26.61 mins elapsed.
2026-08-17 17:40:00.374699 : (X__pt5_pre : 8 of 11) Finished Constructing Filtered Arrow File!, 26.641 mins elapsed.
2026-08-17 17:40:00.471117 : (X__pt5_pre : 8 of 11) Adding TileMatrix!, 26.643 mins elapsed.

2026-08-17 17:40:01.61665 : X__pt5_pre .addTileMat FeatureDF, Class = DFrame
DataFrame with 5750013 rows and 3 columns
           seqnames       idx     start
        <character> <integer> <numeric>
1              chr1         1         0
2              chr1         2       500
3              chr1         3      1000
4              chr1         4      1500
5              chr1         5      2000
...             ...       ...       ...
5750009       chr22    101633  50816000
5750010       chr22    101634  50816500
5750011       chr22    101635  50817000
5750012       chr22    101636  50817500
5750013       chr22    101637  50818000

2026-08-17 17:40:01.923273 : Creating Temp GeneScoreMatrix for X__pt9_pre, Chr (11 of 22)!, 0.901 mins elapsed.
2026-08-17 17:40:04.366159 : (X__pt1_pre : 6 of 11) Adding Chromosome 3 of 24, 26.708 mins elapsed.
2026-08-17 17:40:06.768181 : (X__24t : 1 of 11) Reading TabixFile 25 Percent, 26.748 mins elapsed.
2026-08-17 17:40:06.853141 : Creating Temp GeneScoreMatrix for X__pt9_pre, Chr (12 of 22)!, 0.984 mins elapsed.
2026-08-17 17:40:08.423666 : (X__pt12pre : 3 of 11) Reading TabixFile 58 Percent, 26.775 mins elapsed.
2026-08-17 17:40:09.094672 : Adding TileMatrix to X__pt5_pre for Chr (1 of 22)!, 0.143 mins elapsed.
2026-08-17 17:40:09.101862 : (X__pt1_pre : 6 of 11) Adding Chromosome 4 of 24, 26.787 mins elapsed.

2026-08-17 17:40:09.85866 : NTiles_TileMatrix_1_chr1, Class = numeric

NTiles_TileMatrix_1_chr1: length = 1
  chr1 
497913 



2026-08-17 17:40:09.859942 : NCells_TileMatrix_1_chr1, Class = integer

NCells_TileMatrix_1_chr1: length = 1
[1] 5952



2026-08-17 17:40:09.861476 : MinTile_TileMatrix_1_chr1, Class = numeric

MinTile_TileMatrix_1_chr1: length = 1
[1] 21



2026-08-17 17:40:09.870032 : MaxTile_TileMatrix_1_chr1, Class = numeric

MaxTile_TileMatrix_1_chr1: length = 1
[1] 497892



2026-08-17 17:40:09.897408 : MinCell_TileMatrix_1_chr1, Class = integer

MinCell_TileMatrix_1_chr1: length = 1
[1] 1



2026-08-17 17:40:09.89887 : MaxCell_TileMatrix_1_chr1, Class = integer

MaxCell_TileMatrix_1_chr1: length = 1
[1] 5952


2026-08-17 17:40:11.903958 : Creating Temp GeneScoreMatrix for X__pt9_pre, Chr (13 of 22)!, 1.068 mins elapsed.
2026-08-17 17:40:12.902488 : (X__pt1_pre : 6 of 11) Adding Chromosome 5 of 24, 26.85 mins elapsed.
2026-08-17 17:40:15.73959 : Creating Temp GeneScoreMatrix for X__pt9_pre, Chr (14 of 22)!, 1.132 mins elapsed.
2026-08-17 17:40:17.568168 : (X__pt1_pre : 6 of 11) Adding Chromosome 6 of 24, 26.928 mins elapsed.
2026-08-17 17:40:18.274018 : Adding TileMatrix to X__pt5_pre for Chr (2 of 22)!, 0.296 mins elapsed.

2026-08-17 17:40:18.692427 : NTiles_TileMatrix_2_chr2, Class = numeric

NTiles_TileMatrix_2_chr2: length = 1
  chr2 
484388 



2026-08-17 17:40:18.693696 : NCells_TileMatrix_2_chr2, Class = integer

NCells_TileMatrix_2_chr2: length = 1
[1] 5952



2026-08-17 17:40:18.694705 : MinTile_TileMatrix_2_chr2, Class = numeric

MinTile_TileMatrix_2_chr2: length = 1
[1] 21



2026-08-17 17:40:18.701277 : MaxTile_TileMatrix_2_chr2, Class = numeric

MaxTile_TileMatrix_2_chr2: length = 1
[1] 484367



2026-08-17 17:40:18.724642 : MinCell_TileMatrix_2_chr2, Class = integer

MinCell_TileMatrix_2_chr2: length = 1
[1] 1



2026-08-17 17:40:18.725767 : MaxCell_TileMatrix_2_chr2, Class = integer

MaxCell_TileMatrix_2_chr2: length = 1
[1] 5952


2026-08-17 17:40:19.692724 : Creating Temp GeneScoreMatrix for X__pt9_pre, Chr (15 of 22)!, 1.198 mins elapsed.
2026-08-17 17:40:21.821544 : (X__pt1_pre : 6 of 11) Adding Chromosome 7 of 24, 26.999 mins elapsed.
2026-08-17 17:40:23.805732 : Creating Temp GeneScoreMatrix for X__pt9_pre, Chr (16 of 22)!, 1.266 mins elapsed.
2026-08-17 17:40:25.300794 : (X__pt14pre : 4 of 11) Reading TabixFile 75 Percent, 27.057 mins elapsed.
2026-08-17 17:40:25.592987 : Adding TileMatrix to X__pt5_pre for Chr (3 of 22)!, 0.418 mins elapsed.
2026-08-17 17:40:25.921059 : (X__pt1_pre : 6 of 11) Adding Chromosome 8 of 24, 27.067 mins elapsed.

2026-08-17 17:40:25.942511 : NTiles_TileMatrix_3_chr3, Class = numeric

NTiles_TileMatrix_3_chr3: length = 1
  chr3 
396592 



2026-08-17 17:40:25.943764 : NCells_TileMatrix_3_chr3, Class = integer

NCells_TileMatrix_3_chr3: length = 1
[1] 5952



2026-08-17 17:40:25.944761 : MinTile_TileMatrix_3_chr3, Class = numeric

MinTile_TileMatrix_3_chr3: length = 1
[1] 21



2026-08-17 17:40:25.950417 : MaxTile_TileMatrix_3_chr3, Class = numeric

MaxTile_TileMatrix_3_chr3: length = 1
[1] 396442



2026-08-17 17:40:25.968555 : MinCell_TileMatrix_3_chr3, Class = integer

MinCell_TileMatrix_3_chr3: length = 1
[1] 1



2026-08-17 17:40:25.969755 : MaxCell_TileMatrix_3_chr3, Class = integer

MaxCell_TileMatrix_3_chr3: length = 1
[1] 5952


2026-08-17 17:40:27.722829 : Creating Temp GeneScoreMatrix for X__pt9_pre, Chr (17 of 22)!, 1.331 mins elapsed.
2026-08-17 17:40:30.969824 : (X__pt1_pre : 6 of 11) Adding Chromosome 9 of 24, 27.151 mins elapsed.
2026-08-17 17:40:32.033294 : Adding TileMatrix to X__pt5_pre for Chr (4 of 22)!, 0.526 mins elapsed.
2026-08-17 17:40:32.045695 : Creating Temp GeneScoreMatrix for X__pt9_pre, Chr (18 of 22)!, 1.403 mins elapsed.

2026-08-17 17:40:32.267283 : NTiles_TileMatrix_4_chr4, Class = numeric

NTiles_TileMatrix_4_chr4: length = 1
  chr4 
380430 



2026-08-17 17:40:32.268551 : NCells_TileMatrix_4_chr4, Class = integer

NCells_TileMatrix_4_chr4: length = 1
[1] 5952



2026-08-17 17:40:32.269532 : MinTile_TileMatrix_4_chr4, Class = numeric

MinTile_TileMatrix_4_chr4: length = 1
[1] 21



2026-08-17 17:40:32.273612 : MaxTile_TileMatrix_4_chr4, Class = numeric

MaxTile_TileMatrix_4_chr4: length = 1
[1] 380410



2026-08-17 17:40:32.287157 : MinCell_TileMatrix_4_chr4, Class = integer

MinCell_TileMatrix_4_chr4: length = 1
[1] 1



2026-08-17 17:40:32.288256 : MaxCell_TileMatrix_4_chr4, Class = integer

MaxCell_TileMatrix_4_chr4: length = 1
[1] 5952


2026-08-17 17:40:34.566616 : (X__pt1_pre : 6 of 11) Adding Chromosome 10 of 24, 27.211 mins elapsed.
2026-08-17 17:40:35.755299 : Creating Temp GeneScoreMatrix for X__pt9_pre, Chr (19 of 22)!, 1.465 mins elapsed.
2026-08-17 17:40:37.791238 : Adding TileMatrix to X__pt5_pre for Chr (5 of 22)!, 0.622 mins elapsed.

2026-08-17 17:40:38.159785 : NTiles_TileMatrix_5_chr5, Class = numeric

NTiles_TileMatrix_5_chr5: length = 1
  chr5 
363077 



2026-08-17 17:40:38.16106 : NCells_TileMatrix_5_chr5, Class = integer

NCells_TileMatrix_5_chr5: length = 1
[1] 5952



2026-08-17 17:40:38.162065 : MinTile_TileMatrix_5_chr5, Class = numeric

MinTile_TileMatrix_5_chr5: length = 1
[1] 24



2026-08-17 17:40:38.167135 : MaxTile_TileMatrix_5_chr5, Class = numeric

MaxTile_TileMatrix_5_chr5: length = 1
[1] 362956



2026-08-17 17:40:38.182955 : MinCell_TileMatrix_5_chr5, Class = integer

MinCell_TileMatrix_5_chr5: length = 1
[1] 1



2026-08-17 17:40:38.184109 : MaxCell_TileMatrix_5_chr5, Class = integer

MaxCell_TileMatrix_5_chr5: length = 1
[1] 5952


2026-08-17 17:40:38.214734 : (X__pt1_pre : 6 of 11) Adding Chromosome 11 of 24, 27.272 mins elapsed.
2026-08-17 17:40:39.578713 : Creating Temp GeneScoreMatrix for X__pt9_pre, Chr (20 of 22)!, 1.529 mins elapsed.
2026-08-17 17:40:42.437604 : (X__pt1_pre : 6 of 11) Adding Chromosome 12 of 24, 27.342 mins elapsed.
2026-08-17 17:40:43.381067 : Creating Temp GeneScoreMatrix for X__pt9_pre, Chr (21 of 22)!, 1.592 mins elapsed.
2026-08-17 17:40:44.270824 : Adding TileMatrix to X__pt5_pre for Chr (6 of 22)!, 0.73 mins elapsed.

2026-08-17 17:40:44.653995 : NTiles_TileMatrix_6_chr6, Class = numeric

NTiles_TileMatrix_6_chr6: length = 1
  chr6 
341612 



2026-08-17 17:40:44.655267 : NCells_TileMatrix_6_chr6, Class = integer

NCells_TileMatrix_6_chr6: length = 1
[1] 5952



2026-08-17 17:40:44.656257 : MinTile_TileMatrix_6_chr6, Class = numeric

MinTile_TileMatrix_6_chr6: length = 1
[1] 237



2026-08-17 17:40:44.661475 : MaxTile_TileMatrix_6_chr6, Class = numeric

MaxTile_TileMatrix_6_chr6: length = 1
[1] 341461



2026-08-17 17:40:44.677701 : MinCell_TileMatrix_6_chr6, Class = integer

MinCell_TileMatrix_6_chr6: length = 1
[1] 1



2026-08-17 17:40:44.678804 : MaxCell_TileMatrix_6_chr6, Class = integer

MaxCell_TileMatrix_6_chr6: length = 1
[1] 5952


2026-08-17 17:40:46.883869 : (X__pt1_pre : 6 of 11) Adding Chromosome 13 of 24, 27.416 mins elapsed.
2026-08-17 17:40:46.938941 : Creating Temp GeneScoreMatrix for X__pt9_pre, Chr (22 of 22)!, 1.652 mins elapsed.
2026-08-17 17:40:49.642262 : (X__pt1_pre : 6 of 11) Adding Chromosome 14 of 24, 27.462 mins elapsed.
2026-08-17 17:40:50.701124 : Adding TileMatrix to X__pt5_pre for Chr (7 of 22)!, 0.837 mins elapsed.

2026-08-17 17:40:51.040306 : NTiles_TileMatrix_7_chr7, Class = numeric

NTiles_TileMatrix_7_chr7: length = 1
  chr7 
318692 



2026-08-17 17:40:51.041578 : NCells_TileMatrix_7_chr7, Class = integer

NCells_TileMatrix_7_chr7: length = 1
[1] 5952



2026-08-17 17:40:51.042566 : MinTile_TileMatrix_7_chr7, Class = numeric

MinTile_TileMatrix_7_chr7: length = 1
[1] 21



2026-08-17 17:40:51.047359 : MaxTile_TileMatrix_7_chr7, Class = numeric

MaxTile_TileMatrix_7_chr7: length = 1
[1] 318672



2026-08-17 17:40:51.062103 : MinCell_TileMatrix_7_chr7, Class = integer

MinCell_TileMatrix_7_chr7: length = 1
[1] 1



2026-08-17 17:40:51.063221 : MaxCell_TileMatrix_7_chr7, Class = integer

MaxCell_TileMatrix_7_chr7: length = 1
[1] 5952



2026-08-17 17:40:51.408061 : X__pt9_pre .addGeneScoreMat FeatureDF, Class = data.frame
X__pt9_pre .addGeneScoreMat FeatureDF: nRows = 31344, nCols = 6
  seqnames start   end strand        name idx
1     chr1 11869 14409      1     DDX11L1   1
2     chr1 29570 14404      2      WASH7P   2
3     chr1 17436 17369      2   MIR6859-1   3
4     chr1 29554 31109      1 MIR1302-2HG   4
5     chr1 30366 30503      1   MIR1302-2   5
6     chr1 36081 34554      2     FAM138A   6


2026-08-17 17:40:52.795358 : Adding GeneScoreMatrix to X__pt9_pre for Chr (1 of 22)!, 1.749 mins elapsed.
2026-08-17 17:40:53.118252 : (X__pt1_pre : 6 of 11) Adding Chromosome 15 of 24, 27.52 mins elapsed.
2026-08-17 17:40:56.275172 : (X__pt1_pre : 6 of 11) Adding Chromosome 16 of 24, 27.573 mins elapsed.
2026-08-17 17:40:56.548405 : Adding GeneScoreMatrix to X__pt9_pre for Chr (2 of 22)!, 1.812 mins elapsed.
2026-08-17 17:40:56.942319 : Adding TileMatrix to X__pt5_pre for Chr (8 of 22)!, 0.941 mins elapsed.

2026-08-17 17:40:57.336729 : NTiles_TileMatrix_8_chr8, Class = numeric

NTiles_TileMatrix_8_chr8: length = 1
  chr8 
290278 



2026-08-17 17:40:57.337993 : NCells_TileMatrix_8_chr8, Class = integer

NCells_TileMatrix_8_chr8: length = 1
[1] 5952



2026-08-17 17:40:57.33901 : MinTile_TileMatrix_8_chr8, Class = numeric

MinTile_TileMatrix_8_chr8: length = 1
[1] 143



2026-08-17 17:40:57.343055 : MaxTile_TileMatrix_8_chr8, Class = numeric

MaxTile_TileMatrix_8_chr8: length = 1
[1] 290154



2026-08-17 17:40:57.355525 : MinCell_TileMatrix_8_chr8, Class = integer

MinCell_TileMatrix_8_chr8: length = 1
[1] 1



2026-08-17 17:40:57.356611 : MaxCell_TileMatrix_8_chr8, Class = integer

MaxCell_TileMatrix_8_chr8: length = 1
[1] 5952


2026-08-17 17:40:58.973641 : Adding GeneScoreMatrix to X__pt9_pre for Chr (3 of 22)!, 1.852 mins elapsed.
2026-08-17 17:40:59.692089 : (X__pt1_pre : 6 of 11) Adding Chromosome 17 of 24, 27.63 mins elapsed.
2026-08-17 17:41:02.257407 : Adding GeneScoreMatrix to X__pt9_pre for Chr (4 of 22)!, 1.907 mins elapsed.
2026-08-17 17:41:02.595536 : Adding TileMatrix to X__pt5_pre for Chr (9 of 22)!, 1.035 mins elapsed.

2026-08-17 17:41:03.032991 : NTiles_TileMatrix_9_chr9, Class = numeric

NTiles_TileMatrix_9_chr9: length = 1
  chr9 
276790 



2026-08-17 17:41:03.034249 : NCells_TileMatrix_9_chr9, Class = integer

NCells_TileMatrix_9_chr9: length = 1
[1] 5952



2026-08-17 17:41:03.035249 : MinTile_TileMatrix_9_chr9, Class = numeric

MinTile_TileMatrix_9_chr9: length = 1
[1] 21



2026-08-17 17:41:03.03923 : MaxTile_TileMatrix_9_chr9, Class = numeric

MaxTile_TileMatrix_9_chr9: length = 1
[1] 276517



2026-08-17 17:41:03.051005 : MinCell_TileMatrix_9_chr9, Class = integer

MinCell_TileMatrix_9_chr9: length = 1
[1] 1



2026-08-17 17:41:03.052006 : MaxCell_TileMatrix_9_chr9, Class = integer

MaxCell_TileMatrix_9_chr9: length = 1
[1] 5952


2026-08-17 17:41:04.253082 : Adding GeneScoreMatrix to X__pt9_pre for Chr (5 of 22)!, 1.94 mins elapsed.
2026-08-17 17:41:04.536747 : (X__pt1_pre : 6 of 11) Adding Chromosome 18 of 24, 27.711 mins elapsed.
2026-08-17 17:41:06.318309 : Adding GeneScoreMatrix to X__pt9_pre for Chr (6 of 22)!, 1.975 mins elapsed.
2026-08-17 17:41:07.073348 : (X__pt1_pre : 6 of 11) Adding Chromosome 19 of 24, 27.753 mins elapsed.
2026-08-17 17:41:08.215951 : Adding TileMatrix to X__pt5_pre for Chr (10 of 22)!, 1.129 mins elapsed.

2026-08-17 17:41:08.776257 : NTiles_TileMatrix_10_chr10, Class = numeric

NTiles_TileMatrix_10_chr10: length = 1
 chr10 
267595 



2026-08-17 17:41:08.777557 : NCells_TileMatrix_10_chr10, Class = integer

NCells_TileMatrix_10_chr10: length = 1
[1] 5952



2026-08-17 17:41:08.778564 : MinTile_TileMatrix_10_chr10, Class = numeric

MinTile_TileMatrix_10_chr10: length = 1
[1] 23



2026-08-17 17:41:08.78297 : MaxTile_TileMatrix_10_chr10, Class = numeric

MaxTile_TileMatrix_10_chr10: length = 1
[1] 267575



2026-08-17 17:41:08.796136 : MinCell_TileMatrix_10_chr10, Class = integer

MinCell_TileMatrix_10_chr10: length = 1
[1] 1



2026-08-17 17:41:08.797217 : MaxCell_TileMatrix_10_chr10, Class = integer

MaxCell_TileMatrix_10_chr10: length = 1
[1] 5952


2026-08-17 17:41:09.575156 : Adding GeneScoreMatrix to X__pt9_pre for Chr (7 of 22)!, 2.029 mins elapsed.
2026-08-17 17:41:10.964461 : (X__pt1_pre : 6 of 11) Adding Chromosome 20 of 24, 27.818 mins elapsed.
2026-08-17 17:41:11.591286 : Adding GeneScoreMatrix to X__pt9_pre for Chr (8 of 22)!, 2.063 mins elapsed.
2026-08-17 17:41:13.495842 : (X__pt17pre : 5 of 11) Reading TabixFile 83 Percent, 27.86 mins elapsed.
2026-08-17 17:41:13.50453 : Adding GeneScoreMatrix to X__pt9_pre for Chr (9 of 22)!, 2.094 mins elapsed.
2026-08-17 17:41:13.902178 : (X__pt1_pre : 6 of 11) Adding Chromosome 21 of 24, 27.867 mins elapsed.
2026-08-17 17:41:14.174082 : Adding TileMatrix to X__pt5_pre for Chr (11 of 22)!, 1.228 mins elapsed.

2026-08-17 17:41:14.555419 : NTiles_TileMatrix_11_chr11, Class = numeric

NTiles_TileMatrix_11_chr11: length = 1
 chr11 
270174 



2026-08-17 17:41:14.556675 : NCells_TileMatrix_11_chr11, Class = integer

NCells_TileMatrix_11_chr11: length = 1
[1] 5952



2026-08-17 17:41:14.557703 : MinTile_TileMatrix_11_chr11, Class = numeric

MinTile_TileMatrix_11_chr11: length = 1
[1] 227



2026-08-17 17:41:14.562383 : MaxTile_TileMatrix_11_chr11, Class = numeric

MaxTile_TileMatrix_11_chr11: length = 1
[1] 270154



2026-08-17 17:41:14.576609 : MinCell_TileMatrix_11_chr11, Class = integer

MinCell_TileMatrix_11_chr11: length = 1
[1] 1



2026-08-17 17:41:14.577621 : MaxCell_TileMatrix_11_chr11, Class = integer

MaxCell_TileMatrix_11_chr11: length = 1
[1] 5952


2026-08-17 17:41:15.937811 : (X__pt1_pre : 6 of 11) Adding Chromosome 22 of 24, 27.901 mins elapsed.
2026-08-17 17:41:17.595394 : Adding GeneScoreMatrix to X__pt9_pre for Chr (10 of 22)!, 2.163 mins elapsed.
2026-08-17 17:41:18.641234 : (X__pt1_pre : 6 of 11) Adding Chromosome 23 of 24, 27.946 mins elapsed.
2026-08-17 17:41:19.461211 : Adding GeneScoreMatrix to X__pt9_pre for Chr (11 of 22)!, 2.194 mins elapsed.
2026-08-17 17:41:20.192822 : Adding TileMatrix to X__pt5_pre for Chr (12 of 22)!, 1.328 mins elapsed.

2026-08-17 17:41:20.656393 : NTiles_TileMatrix_12_chr12, Class = numeric

NTiles_TileMatrix_12_chr12: length = 1
 chr12 
266551 



2026-08-17 17:41:20.657663 : NCells_TileMatrix_12_chr12, Class = integer

NCells_TileMatrix_12_chr12: length = 1
[1] 5952



2026-08-17 17:41:20.658684 : MinTile_TileMatrix_12_chr12, Class = numeric

MinTile_TileMatrix_12_chr12: length = 1
[1] 21



2026-08-17 17:41:20.663299 : MaxTile_TileMatrix_12_chr12, Class = numeric

MaxTile_TileMatrix_12_chr12: length = 1
[1] 266530



2026-08-17 17:41:20.677483 : MinCell_TileMatrix_12_chr12, Class = integer

MinCell_TileMatrix_12_chr12: length = 1
[1] 1



2026-08-17 17:41:20.678575 : MaxCell_TileMatrix_12_chr12, Class = integer

MaxCell_TileMatrix_12_chr12: length = 1
[1] 5952


2026-08-17 17:41:21.186523 : (X__pt1_pre : 6 of 11) Adding Chromosome 24 of 24, 27.988 mins elapsed.
2026-08-17 17:41:21.475817 : Adding GeneScoreMatrix to X__pt9_pre for Chr (12 of 22)!, 2.227 mins elapsed.
2026-08-17 17:41:22.77026 : (X__pt1_pre : 6 of 11) Successful creation of Arrow File, 28.015 mins elapsed.
2026-08-17 17:41:23.909318 : (X__pt1_pre : 6 of 11) Adding Fragment Summary, 28.034 mins elapsed.
2026-08-17 17:41:24.326456 : Adding GeneScoreMatrix to X__pt9_pre for Chr (13 of 22)!, 2.275 mins elapsed.
2026-08-17 17:41:25.788172 : Adding GeneScoreMatrix to X__pt9_pre for Chr (14 of 22)!, 2.299 mins elapsed.
2026-08-17 17:41:26.220018 : Adding TileMatrix to X__pt5_pre for Chr (13 of 22)!, 1.429 mins elapsed.

2026-08-17 17:41:26.485642 : NTiles_TileMatrix_13_chr13, Class = numeric

NTiles_TileMatrix_13_chr13: length = 1
 chr13 
228729 



2026-08-17 17:41:26.486897 : NCells_TileMatrix_13_chr13, Class = integer

NCells_TileMatrix_13_chr13: length = 1
[1] 5952



2026-08-17 17:41:26.48788 : MinTile_TileMatrix_13_chr13, Class = numeric

MinTile_TileMatrix_13_chr13: length = 1
[1] 36343



2026-08-17 17:41:26.490563 : MaxTile_TileMatrix_13_chr13, Class = numeric

MaxTile_TileMatrix_13_chr13: length = 1
[1] 228709



2026-08-17 17:41:26.497891 : MinCell_TileMatrix_13_chr13, Class = integer

MinCell_TileMatrix_13_chr13: length = 1
[1] 1



2026-08-17 17:41:26.498992 : MaxCell_TileMatrix_13_chr13, Class = integer

MaxCell_TileMatrix_13_chr13: length = 1
[1] 5952


2026-08-17 17:41:27.323499 : Adding GeneScoreMatrix to X__pt9_pre for Chr (15 of 22)!, 2.325 mins elapsed.
2026-08-17 17:41:29.972411 : Adding GeneScoreMatrix to X__pt9_pre for Chr (16 of 22)!, 2.369 mins elapsed.
2026-08-17 17:41:30.921825 : Adding TileMatrix to X__pt5_pre for Chr (14 of 22)!, 1.507 mins elapsed.

2026-08-17 17:41:31.115457 : NTiles_TileMatrix_14_chr14, Class = numeric

NTiles_TileMatrix_14_chr14: length = 1
 chr14 
214088 



2026-08-17 17:41:31.116717 : NCells_TileMatrix_14_chr14, Class = integer

NCells_TileMatrix_14_chr14: length = 1
[1] 5952



2026-08-17 17:41:31.117719 : MinTile_TileMatrix_14_chr14, Class = numeric

MinTile_TileMatrix_14_chr14: length = 1
[1] 32071



2026-08-17 17:41:31.121212 : MaxTile_TileMatrix_14_chr14, Class = numeric

MaxTile_TileMatrix_14_chr14: length = 1
[1] 213768



2026-08-17 17:41:31.131354 : MinCell_TileMatrix_14_chr14, Class = integer

MinCell_TileMatrix_14_chr14: length = 1
[1] 1



2026-08-17 17:41:31.132448 : MaxCell_TileMatrix_14_chr14, Class = integer

MaxCell_TileMatrix_14_chr14: length = 1
[1] 5952


2026-08-17 17:41:31.54438 : (X__pt6_pre : 7 of 11) Finished Adding Additional Feature Counts!, 28.161 mins elapsed.

2026-08-17 17:41:31.544967 : (X__pt6_pre : 7 of 11) Metadata, Class = DFrame
DataFrame with 4755 rows and 12 columns
                  cellNames    nFrags nMonoFrags  nDiFrags nMultiFrags
                <character> <numeric>  <numeric> <numeric>   <numeric>
1    X__pt6_pre#GGTAGGAAG..    452133     245507    194693       11933
2    X__pt6_pre#GCGCCAATC..    354613     189486    153532       11595
3    X__pt6_pre#GTTGGTACA..    348361     190644    148689        9028
4    X__pt6_pre#TTGAGTGGT..    340698     180268    150846        9584
5    X__pt6_pre#TGACAACCA..    334092     172846    152204        9042
...                     ...       ...        ...       ...         ...
4751 X__pt6_pre#TGCTATTTC..      1006        548       439          19
4752 X__pt6_pre#ACTGCGGAG..      1004        517       455          32
4753 X__pt6_pre#GTAGTACCA..      1003        523       456          24
4754 X__pt6_pre#GCTCAGGTC..      1001        530       449          22
4755 X__pt6_pre#TGGCGCATC..      1000        511       456          33
     TSSEnrichment ReadsInTSS      Keep ReadsInPromoter PromoterRatio
         <numeric>  <numeric> <numeric>       <numeric>     <numeric>
1           10.514     137559         1          135521      0.149869
2           11.137     114927         1          110752      0.156159
3            9.858      89926         1           89010      0.127755
4           11.064     110040         1          106254      0.155936
5           10.404      92774         1           90761      0.135832
...            ...        ...       ...             ...           ...
4751        12.815        343         1             286      0.142147
4752        11.184        305         1             318      0.158367
4753         7.669        244         1             228      0.113659
4754         7.828        253         1             297      0.148352
4755         8.395        301         1             317      0.158500
     ReadsInBlacklist BlacklistRatio
            <numeric>      <numeric>
1                5557     0.00614532
2                4284     0.00604039
3                4390     0.00630093
4                4173     0.00612419
5                3977     0.00595195
...               ...            ...
4751               20     0.00994036
4752               12     0.00597610
4753               10     0.00498504
4754               20     0.00999001
4755                6     0.00300000

2026-08-17 17:41:31.568777 : Adding GeneScoreMatrix to X__pt9_pre for Chr (17 of 22)!, 2.396 mins elapsed.
2026-08-17 17:41:32.348962 : (X__pt6_pre : 7 of 11) Removing Fragments from Filtered Cells, 28.174 mins elapsed.
2026-08-17 17:41:32.352325 : (X__pt6_pre : 7 of 11) Creating Filtered Arrow File, 28.174 mins elapsed.
2026-08-17 17:41:33.919887 : Adding GeneScoreMatrix to X__pt9_pre for Chr (18 of 22)!, 2.435 mins elapsed.

2026-08-17 17:41:34.720013 : (X__pt6_pre : 7 of 11) .filterCellsFromArrow Fragments-Chr-(1 of 24)-chr1, Class = GRanges
GRanges object with 9923294 ranges and 1 metadata column:
            seqnames              ranges strand |                     RG
               <Rle>           <IRanges>  <Rle> |                  <Rle>
        [1]     chr1         88290-88511      * | X__pt6_pre#GGTAGGAAG..
        [2]     chr1       629937-629973      * | X__pt6_pre#GGTAGGAAG..
        [3]     chr1       633986-634038      * | X__pt6_pre#GGTAGGAAG..
        [4]     chr1       633990-634033      * | X__pt6_pre#GGTAGGAAG..
        [5]     chr1       633993-634030      * | X__pt6_pre#GGTAGGAAG..
        ...      ...                 ...    ... .                    ...
  [9923290]     chr1 235122694-235123053      * | X__pt6_pre#TGGCGCATC..
  [9923291]     chr1 238240470-238240510      * | X__pt6_pre#TGGCGCATC..
  [9923292]     chr1 242913528-242913557      * | X__pt6_pre#TGGCGCATC..
  [9923293]     chr1 243510239-243510371      * | X__pt6_pre#TGGCGCATC..
  [9923294]     chr1 243861645-243861822      * | X__pt6_pre#TGGCGCATC..
  -------
  seqinfo: 1 sequence from an unspecified genome; no seqlengths


2026-08-17 17:41:34.730922 : (X__pt6_pre : 7 of 11) .filterCellsFromArrow Barcodes-Chr-(1 of 24)-chr1, Class = data.frame
(X__pt6_pre : 7 of 11) .filterCellsFromArrow Barcodes-Chr-(1 of 24)-chr1: nRows = 4755, nCols = 1
                             bc
1 X__pt6_pre#GGTAGGAAGCCATCAT-1
2 X__pt6_pre#GCGCCAATCAGAATGA-1
3 X__pt6_pre#GTTGGTACAAGCCTTA-1
4 X__pt6_pre#TTGAGTGGTCAGCTTA-1
5 X__pt6_pre#TGACAACCAAGCAACG-1
6 X__pt6_pre#CGCGCAACAAGAAACT-1


2026-08-17 17:41:35.998851 : Adding TileMatrix to X__pt5_pre for Chr (15 of 22)!, 1.592 mins elapsed.

2026-08-17 17:41:36.17815 : NTiles_TileMatrix_15_chr15, Class = numeric

NTiles_TileMatrix_15_chr15: length = 1
 chr15 
203983 



2026-08-17 17:41:36.179421 : NCells_TileMatrix_15_chr15, Class = integer

NCells_TileMatrix_15_chr15: length = 1
[1] 5952



2026-08-17 17:41:36.180458 : MinTile_TileMatrix_15_chr15, Class = numeric

MinTile_TileMatrix_15_chr15: length = 1
[1] 34020



2026-08-17 17:41:36.1838 : MaxTile_TileMatrix_15_chr15, Class = numeric

MaxTile_TileMatrix_15_chr15: length = 1
[1] 203963



2026-08-17 17:41:36.193403 : MinCell_TileMatrix_15_chr15, Class = integer

MinCell_TileMatrix_15_chr15: length = 1
[1] 1



2026-08-17 17:41:36.194495 : MaxCell_TileMatrix_15_chr15, Class = integer

MaxCell_TileMatrix_15_chr15: length = 1
[1] 5952


2026-08-17 17:41:36.333642 : Adding GeneScoreMatrix to X__pt9_pre for Chr (19 of 22)!, 2.475 mins elapsed.
2026-08-17 17:41:37.985404 : Adding GeneScoreMatrix to X__pt9_pre for Chr (20 of 22)!, 2.502 mins elapsed.
2026-08-17 17:41:39.455077 : Adding GeneScoreMatrix to X__pt9_pre for Chr (21 of 22)!, 2.527 mins elapsed.
2026-08-17 17:41:39.986283 : (X__pt1_pre : 6 of 11) Plotting Fragment Size Distribution, 28.301 mins elapsed.
2026-08-17 17:41:40.881954 : Adding TileMatrix to X__pt5_pre for Chr (16 of 22)!, 1.673 mins elapsed.

2026-08-17 17:41:41.112707 : NTiles_TileMatrix_16_chr16, Class = numeric

NTiles_TileMatrix_16_chr16: length = 1
 chr16 
180677 



2026-08-17 17:41:41.114073 : NCells_TileMatrix_16_chr16, Class = integer

NCells_TileMatrix_16_chr16: length = 1
[1] 5952



2026-08-17 17:41:41.115069 : MinTile_TileMatrix_16_chr16, Class = numeric

MinTile_TileMatrix_16_chr16: length = 1
[1] 21



2026-08-17 17:41:41.118738 : MaxTile_TileMatrix_16_chr16, Class = numeric

MaxTile_TileMatrix_16_chr16: length = 1
[1] 180454



2026-08-17 17:41:41.129536 : MinCell_TileMatrix_16_chr16, Class = integer

MinCell_TileMatrix_16_chr16: length = 1
[1] 1



2026-08-17 17:41:41.130641 : MaxCell_TileMatrix_16_chr16, Class = integer

MaxCell_TileMatrix_16_chr16: length = 1
[1] 5952


2026-08-17 17:41:41.425709 : (X__pt1_pre : 6 of 11) Computing TSS Enrichment Scores, 28.325 mins elapsed.
2026-08-17 17:41:41.711057 : Adding GeneScoreMatrix to X__pt9_pre for Chr (22 of 22)!, 2.565 mins elapsed.
2026-08-17 17:41:45.006745 : (X__pt9_pre : 10 of 11) Finished Adding GeneScoreMatrix!, 28.385 mins elapsed.
2026-08-17 17:41:45.008335 : (X__pt9_pre : 10 of 11) Finished Creating Arrow File, 28.385 mins elapsed.
2026-08-17 17:41:45.320978 : (X__pt16pre : 9 of 11) Computed TSS Scores!, 2.685 mins elapsed.
2026-08-17 17:41:45.333718 : (X__pt16pre : 9 of 11) CellStats : Number of Cells Pass Filter = 13778 , 28.391 mins elapsed.
2026-08-17 17:41:45.337269 : (X__pt16pre : 9 of 11) CellStats : Median Frags = 12811 , 28.391 mins elapsed.
2026-08-17 17:41:45.340605 : (X__pt16pre : 9 of 11) CellStats : Median TSS Enrichment = 4.98 , 28.391 mins elapsed.
2026-08-17 17:41:45.341109 : (X__pt16pre : 9 of 11) Plotting TSS Enrichment Scores, 28.391 mins elapsed.
2026-08-17 17:41:46.150045 : Adding TileMatrix to X__pt5_pre for Chr (17 of 22)!, 1.761 mins elapsed.

2026-08-17 17:41:46.425114 : NTiles_TileMatrix_17_chr17, Class = numeric

NTiles_TileMatrix_17_chr17: length = 1
 chr17 
166515 



2026-08-17 17:41:46.426352 : NCells_TileMatrix_17_chr17, Class = integer

NCells_TileMatrix_17_chr17: length = 1
[1] 5952



2026-08-17 17:41:46.427327 : MinTile_TileMatrix_17_chr17, Class = numeric

MinTile_TileMatrix_17_chr17: length = 1
[1] 146



2026-08-17 17:41:46.432101 : MaxTile_TileMatrix_17_chr17, Class = numeric

MaxTile_TileMatrix_17_chr17: length = 1
[1] 166495



2026-08-17 17:41:46.446832 : MinCell_TileMatrix_17_chr17, Class = integer

MinCell_TileMatrix_17_chr17: length = 1
[1] 1



2026-08-17 17:41:46.447946 : MaxCell_TileMatrix_17_chr17, Class = integer

MaxCell_TileMatrix_17_chr17: length = 1
[1] 5952


2026-08-17 17:41:47.55595 : (X__pt16pre : 9 of 11) Adding Metadata to Fragments, 28.428 mins elapsed.
2026-08-17 17:41:48.837971 : (X__pt16pre : 9 of 11) Adding Additional Feature Counts!, 28.449 mins elapsed.
2026-08-17 17:41:52.071898 : Adding TileMatrix to X__pt5_pre for Chr (18 of 22)!, 1.86 mins elapsed.

2026-08-17 17:41:52.265909 : NTiles_TileMatrix_18_chr18, Class = numeric

NTiles_TileMatrix_18_chr18: length = 1
 chr18 
160747 



2026-08-17 17:41:52.267151 : NCells_TileMatrix_18_chr18, Class = integer

NCells_TileMatrix_18_chr18: length = 1
[1] 5952



2026-08-17 17:41:52.268134 : MinTile_TileMatrix_18_chr18, Class = numeric

MinTile_TileMatrix_18_chr18: length = 1
[1] 20



2026-08-17 17:41:52.270721 : MaxTile_TileMatrix_18_chr18, Class = numeric

MaxTile_TileMatrix_18_chr18: length = 1
[1] 160527



2026-08-17 17:41:52.27735 : MinCell_TileMatrix_18_chr18, Class = integer

MinCell_TileMatrix_18_chr18: length = 1
[1] 1



2026-08-17 17:41:52.278337 : MaxCell_TileMatrix_18_chr18, Class = integer

MaxCell_TileMatrix_18_chr18: length = 1
[1] 5952


2026-08-17 17:41:56.686965 : Adding TileMatrix to X__pt5_pre for Chr (19 of 22)!, 1.937 mins elapsed.

2026-08-17 17:41:57.108527 : NTiles_TileMatrix_19_chr19, Class = numeric

NTiles_TileMatrix_19_chr19: length = 1
 chr19 
117236 



2026-08-17 17:41:57.109795 : NCells_TileMatrix_19_chr19, Class = integer

NCells_TileMatrix_19_chr19: length = 1
[1] 5952



2026-08-17 17:41:57.110822 : MinTile_TileMatrix_19_chr19, Class = numeric

MinTile_TileMatrix_19_chr19: length = 1
[1] 179



2026-08-17 17:41:57.115339 : MaxTile_TileMatrix_19_chr19, Class = numeric

MaxTile_TileMatrix_19_chr19: length = 1
[1] 117216



2026-08-17 17:41:57.128561 : MinCell_TileMatrix_19_chr19, Class = integer

MinCell_TileMatrix_19_chr19: length = 1
[1] 1



2026-08-17 17:41:57.129626 : MaxCell_TileMatrix_19_chr19, Class = integer

MaxCell_TileMatrix_19_chr19: length = 1
[1] 5952


2026-08-17 17:42:02.421677 : Adding TileMatrix to X__pt5_pre for Chr (20 of 22)!, 2.032 mins elapsed.

************************************************************
2026-08-17 17:42:26.199327 : ERROR Found in .tabixToTmp for (X__pt12pre : 3 of 11) 
LogFile = ArchRLogs/ArchR-createArrows-162cc95c23a9d5-Date-2026-08-17_Time-17-13-21.681631.log


************************************************************
2026-08-17 17:42:26.199375 : ERROR Found in .tabixToTmp for (X__pt17pre : 5 of 11) 
LogFile = ArchRLogs/ArchR-createArrows-162cc95c23a9d5-Date-2026-08-17_Time-17-13-21.681631.log


************************************************************
2026-08-17 17:42:26.199368 : ERROR Found in .tabixToTmp for (X__24t : 1 of 11) 
LogFile = ArchRLogs/ArchR-createArrows-162cc95c23a9d5-Date-2026-08-17_Time-17-13-21.681631.log


************************************************************
2026-08-17 17:42:26.199424 : ERROR Found in .tabixToTmp for (X__pt14pre : 4 of 11) 
LogFile = ArchRLogs/ArchR-createArrows-162cc95c23a9d5-Date-2026-08-17_Time-17-13-21.681631.log


************************************************************
2026-08-17 17:42:26.199389 : ERROR Found in .tabixToTmp for (X__pt24pre : 2 of 11) 
LogFile = ArchRLogs/ArchR-createArrows-162cc95c23a9d5-Date-2026-08-17_Time-17-13-21.681631.log

<simpleError in <h5checktypeOrOpenLoc(file, native = FALSE): simpleErrorError in h5checktypeOrOpenLoc(). Cannot open file. File 'tmp/tmp-X__pt12pre-arrow-162da8507daeaf-Date-2026-08-17_Time-17-13-22.053502.arrow' does not exist.< in simpleErrorh5checktypeOrOpenLoc(file, native = FALSE)<: >
 in <simpleErrorsimpleErrorh5checktypeOrOpenLoc(file, native = FALSE)Error in h5checktypeOrOpenLoc(). Cannot open file. File 'tmp/tmp-X__pt17pre-arrow-162daa507daeaf-Date-2026-08-17_Time-17-13-22.095739.arrow' does not exist. in >
: h5checktypeOrOpenLoc(file, native = FALSE) in Error in h5checktypeOrOpenLoc(). Cannot open file. File 'tmp/tmp-X__24t-arrow-162da6507daeaf-Date-2026-08-17_Time-17-13-21.996195.arrow' does not exist.: >
h5checktypeOrOpenLoc(file, native = FALSE)Error in h5checktypeOrOpenLoc(). Cannot open file. File 'tmp/tmp-X__pt24pre-arrow-162da7507daeaf-Date-2026-08-17_Time-17-13-22.030469.arrow' does not exist.: >
Error in h5checktypeOrOpenLoc(). Cannot open file. File 'tmp/tmp-X__pt14pre-arrow-162da9507daeaf-Date-2026-08-17_Time-17-13-22.073943.arrow' does not exist.>

2026-08-17 17:42:26.200596 : errorList, Class = list

2026-08-17 17:42:26.200825 : errorList, Class = list

2026-08-17 17:42:26.200883 : errorList, Class = list

2026-08-17 17:42:26.200926 : errorList, Class = list

2026-08-17 17:42:26.200946 : errorList, Class = list

errorList$x: length = 1


errorList$x: length = 1


errorList$x: length = 1
errorList$x: length = 1
errorList$x: length = 1
[1] 79


[1] 109
[1] 32
[1] 36

[1] 98


errorList$tileChromSizes: length = 1





errorList$tileChromSizes: length = 1
errorList$tileChromSizes: length = 1
errorList$tileChromSizes: length = 1
errorList$tileChromSizes: length = 1

************************************************************
2026-08-17 17:42:26.203043 : ERROR Found in .fastTSSCounts for (X__pt1_pre : 6 of 11) 
LogFile = ArchRLogs/ArchR-createArrows-162cc95c23a9d5-Date-2026-08-17_Time-17-13-21.681631.log

<simpleError in H5Fopen(file, flags = flags, fapl = fapl, native = native): HDF5. File accessibility. Unable to open file.>

2026-08-17 17:42:26.203928 : errorList, Class = list

errorList$x: length = 1
GRanges object with 1 range and 1 metadata column:
[1] 5


errorList$chr: length = 1
GRanges object with 1 range and 1 metadata column:
GRanges object with 1 range and 1 metadata columnGRanges object with 1 range and 1 metadata column:
:
[1] "chr13"
GRanges object with 1 range and 1 metadata column:


errorList$fragments: length = 1
[1] "Error with Fragments!"


errorList$features: length = 1
[1] "Error with Features!"



************************************************************

      seqnames            ranges strand |     chunkName
         <Rle>         <IRanges>  <Rle> |   <character>
  [1]    chr16 54203008-72270676      * | chr16#chunk79
  -------
  seqinfo: 24 sequences from an unspecified genome; no seqlengths


      seqnames            ranges strand |      chunkName
         <Rle>              <IRanges>      seqnameserrorList$fragments: length = 1
            ranges seqnames  <Rle>     ranges strand strand      | | seqnames |    <character>            ranges    chunkName    chunkName strand
      |
          chunkName[1]
  [1]    <Rle> "Error with Fragments!"
       <IRanges>    chr22  <Rle>
 30491081-40654774 |      *    <Rle> |  <character> chr22#chunk109    <Rle>
  [1]
         <IRanges>         <IRanges>
     chr8  -------
  <Rle> |  <Rle> 1-29027727  <character>      *
  [1] |  seqinfo:      chr7 31869195-6373838924 sequences from an unspecified genome; no seqlengths      * chr8#chunk36 |

   <character> |

  [1] chr7#chunk32    chr20  -------


  -------

************************************************************

 25777667-38666500  seqinfo:       *24 sequences from an unspecified genome; no seqlengths |
 chr20#chunk98
  -------
  seqinfo: 24 sequences from an unspecified genome; no seqlengths

  seqinfo: 
24 sequences from an unspecified genome; no seqlengths
errorList$fragments: length = 1



[1] "Error with Fragments!"
errorList$fragments: length = 1



[1] "Error with Fragments!"
errorList$fragments: length = 1

errorList$fragments: length = 1


************************************************************


[1] "Error with Fragments!"[1] "Error with Fragments!"


************************************************************






************************************************************
2026-08-17 17:42:26.211725 : ERROR Found in .tabixToTmp for (X__pt12pre : 3 of 11) 
LogFile = ArchRLogs/ArchR-createArrows-162cc95c23a9d5-Date-2026-08-17_Time-17-13-21.681631.log


************************************************************


************************************************************

<simpleError in .logError(e, fn = ".tabixToTmp", info = prefix, errorList = errorList,     logFile = logFile): Exiting See Error Above>

2026-08-17 17:42:26.212427 : errorList, Class = list

************************************************************
2026-08-17 17:42:26.212557 : ERROR Found in .tabixToTmp for (X__pt17pre : 5 of 11) 
LogFile = ArchRLogs/ArchR-createArrows-162cc95c23a9d5-Date-2026-08-17_Time-17-13-21.681631.log



************************************************************
2026-08-17 17:42:26.212761 : ERROR Found in .tabixToTmp for (X__pt24pre : 2 of 11) 
LogFile = ArchRLogs/ArchR-createArrows-162cc95c23a9d5-Date-2026-08-17_Time-17-13-21.681631.log

<errorList$tabixFile: length = 1
simpleError in .logError(e, fn = ".tabixToTmp", info = prefix, errorList = errorList,     logFile = logFile): Exiting See Error Above>

************************************************************
2026-08-17 17:42:26.212963 : ERROR Found in .tabixToTmp for (X__24t : 1 of 11) 
LogFile = ArchRLogs/ArchR-createArrows-162cc95c23a9d5-Date-2026-08-17_Time-17-13-21.681631.log

<simpleError in                                                                                                                                              X__pt12pre .logError(e, fn = ".tabixToTmp", info = prefix, errorList = errorList, 
    logFile = logFile): "/research_jude/rgs01_jude/groups/cab/projects/automapper/common/szhang37/projects/szhang_dev/test_ASoC_w_WASP/atac_bams/pt12pre/outs/fragments.tsv.gz" Exiting See Error Above
************************************************************
2026-08-17 17:42:26.21304 : ERROR Found in .tabixToTmp for (X__pt14pre : 4 of 11) 
LogFile = ArchRLogs/ArchR-createArrows-162cc95c23a9d5-Date-2026-08-17_Time-17-13-21.681631.log


>
<simpleError in .logError(e, fn = ".tabixToTmp", info = prefix, errorList = errorList,     logFile = logFile)
: Exiting See Error Above>
<simpleError
2026-08-17 17:42:26.213409 : errorList, Class = list
 in .logError(e, fn = ".tabixToTmp", info = prefix, errorList = errorList,     logFile = logFile): Exiting See Error Above>

errorList$sampleName: length = 1

2026-08-17 17:42:26.213583 : errorList, Class = list
[1] "X__pt12pre"


2026-08-17 17:42:26.213768 : errorList, Class = list
errorList$tabixFile: length = 1



2026-08-17 17:42:26.213928 : errorList, Class = list
errorList$tabixFile: length = 1

                                                                                                                                             X__pt17pre 
"/research_jude/rgs01_jude/groups/cab/projects/automapper/common/szhang37/projects/szhang_dev/test_ASoC_w_WASP/atac_bams/pt17pre/outs/fragments.tsv.gz" 
errorList$validBC: length = 8362


                                                                                                                                             X__pt24pre 
errorList$tabixFile: length = 1
"/research_jude/rgs01_jude/groups/cab/projects/automapper/common/szhang37/projects/szhang_dev/test_ASoC_w_WASP/atac_bams/pt24pre/outs/fragments.tsv.gz" 
[1]


                                                                                                                                             X__24t 
"/research_jude/rgs01_jude/groups/cab/projects/automapper/common/szhang37/projects/szhang_dev/test_ASoC_w_WASP/atac_bams/24t/outs/fragments.tsv.gz"  "AAACGAAAGAAAGGGT-1"
 "AAACGAAAGCAGGACT-1"errorList$tabixFile: length = 1
errorList$sampleName: length = 1

 "AAACGAAAGCGATACG-1"

[4] "AAACGAAAGCTTACCA-1" "AAACGAAAGGCGTCCT-1" "AAACGAAAGGTCTTTG-1"
errorList$sampleName: length = 1
[1] "X__pt17pre"
                                                                                                                                             X__pt14pre 
"/research_jude/rgs01_jude/groups/cab/projects/automapper/common/szhang37/projects/szhang_dev/test_ASoC_w_WASP/atac_bams/pt14pre/outs/fragments.tsv.gz" 

[1]

 "X__pt24pre"

errorList$sampleName: length = 1




errorList$validBC: length = 20020
[1]
errorList$sampleName: length = 1
 "X__24t"
[1]errorList$validBC: length = 20082
 "AAACGAAAGCCTATAC-1" "AAACGAAAGGAGAACA-1" "AAACGAAAGGCAGTGT-1"

[1][1]errorList$chromSizes: length = 24
[4] "AAACGAAAGCCTGTAT-1" "AAACGAAAGGGAGTTC-1" "X__pt14pre" "AAACGAAAGGATCCTT-1"

 "AAACGAAAGGTCGGTA-1" "AAACGAAAGGATTTGA-1" "AAACGAAAGTCTCGAT-1"

[4] "AAACGAAAGGCGTAGT-1" "AAACGAAAGGCTCAGA-1" "AAACGAAAGGTCACTT-1"

errorList$validBC: length = 9873



[1] "AAACAAGCAAGCGAAG-1" "AAACAAGCAATTGAGT-1"

 "AAACAAGCACATGCAA-1"
[4]errorList$validBC: length = 20001
 "AAACAAGCACTTAGCT-1" "AAACAAGCAGCACTAA-1" "AAACAAGCATTTCATG-1"

[1] "AAACGAAAGATGAGGA-1" "AAACGAAAGATGCGAC-1" "AAACGAAAGGCATGCA-1"
[4] "AAACGAAAGGTTCGAG-1" "AAACGAAAGTAATGTG-1" "AAACGAAAGTTAGAGT-1"

errorList$chromSizes: length = 24
errorList$chromSizes: length = 24


errorList$chromSizes: length = 24
errorList$chromSizes: length = 24
GRanges object with 6 ranges and 0 metadata columns:
GRanges object with 6 ranges and 0 metadata columns:
GRanges object with 6 ranges and 0 metadata columns:
GRanges object with 6 ranges and 0 metadata columns:
GRanges object with 6 ranges and 0 metadata columns:
      seqnames      ranges strand
         <Rle>   <IRanges>  <Rle>
  [1]     chr1 1-248956422      *
  [2]     chr2 1-242193529      *
  [3]     chr3 1-198295559      *
  [4]     chr4 1-190214555      *
  [5]     chr5 1-181538259      *
  [6]     chr6 1-170805979      *
  -------
  seqinfo: 24 sequences from an unspecified genome


errorList$nChunk: length = 1
[1] 5


      seqnames      ranges strand
     errorList$threads: length = 1
    <Rle>   <IRanges>       <Rle> seqnames
  [1]      ranges     chr1 strand 1-248956422
           *    <Rle>
  [2]   <IRanges>     chr2  <Rle> 1-242193529
  [1]      *[1]     chr1
  [3]     chr3 1 1-198295559 1-248956422           *      *
  [4] seqnames
     chr4      ranges
  [2] strand     chr2
      1-190214555 1-242193529    <Rle>        <IRanges>      *

  [5] seqnames  <Rle>      ranges     chr5      * strand
  [3]
          chr3
  [1] 1-181538259    <Rle>      *     chr1   <IRanges>
  [6] 1-248956422
      *     chr6
  [2]  <Rle> 1-198295559
  [1] 1-170805979      *      *     chr1

  [4] 1-248956422  -------
     chr2      *     chr4 1-242193529errorList$gsubExpression: length = 0
 1-190214555  seqinfo:       *      *
  [2]24 sequences from an unspecified genome
  [5]

  [3]     chr2     chr3     chr5 1-242193529      *NULL
 1-181538259 1-198295559
  [3]
      *
  [4]      *     chr3     chr4 1-198295559 1-190214555
      *
  [6]

  [4]     chr4     chr6      *
  [5] 1-170805979 1-190214555     chr5 1-181538259      *      *errorList$nChunk: length = 1



  [5]     chr5      *  -------

  [6] 1-181538259errorList$prefix: length = 1
     chr6      *  seqinfo: [1]
  [6]     chr6 5 1-170805979
 1-17080597924 sequences from an unspecified genome
      *      *[1]
 "(X__pt12pre : 3 of 11)"

  -------

  -------


  seqinfo: 24 sequences from an unspecified genome
  seqinfo: 
24 sequences from an unspecified genomeerrorList$threads: length = 1




errorList$nChunk: length = 1
[1] 1errorList$verbose: length = 1




[1] 5
errorList$nChunk: length = 1
[1]
 TRUE

errorList$nChunk: length = 1


[1]
 5
errorList$gsubExpression: length = 0
errorList$threads: length = 1
[1]
 5

NULL

[1]
 1

errorList$threads: length = 1

errorList$tstart: length = 1

errorList$threads: length = 1

[1] 1

errorList$prefix: length = 1
errorList$gsubExpression: length = 0
[1] 1

[1]
 "(X__pt17pre : 5 of 11)"
NULL


errorList$gsubExpression: length = 0


errorList$gsubExpression: length = 0

NULL

errorList$verbose: length = 1
NULL

errorList$prefix: length = 1

[1][1] TRUE "2026-08-17 17:13:21 CDT"

[1]
 "(X__pt24pre : 2 of 11)"



errorList$prefix: length = 1


errorList$prefix: length = 1


[1]
************************************************************

 "(X__24t : 1 of 11)"
errorList$tstart: length = 1
errorList$verbose: length = 1
[1] "(X__pt14pre : 4 of 11)"


[1] TRUE



errorList$verbose: length = 1
errorList$verbose: length = 1
[1] TRUE
[1] TRUE



errorList$tstart: length = 1


errorList$tstart: length = 1
errorList$tstart: length = 1
[1] "2026-08-17 17:13:21 CDT"



************************************************************

[1] "2026-08-17 17:13:21 CDT"


[1] "2026-08-17 17:13:21 CDT"

************************************************************

[1] "2026-08-17 17:13:21 CDT"




************************************************************



************************************************************


************************************************************
2026-08-17 17:42:26.388402 : ERROR Found in .filterCellsFromArrow for (X__pt6_pre : 7 of 11) 
LogFile = ArchRLogs/ArchR-createArrows-162cc95c23a9d5-Date-2026-08-17_Time-17-13-21.681631.log

<simpleError in H5Fopen(file, flags = flags, fapl = fapl, native = native): HDF5. File accessibility. Unable to open file.>

2026-08-17 17:42:26.389378 : errorList, Class = list

errorList$x: length = 1
[1] 14


errorList$chromosome: length = 1
[1] "chr21"


errorList$fragments: length = 1
[1] "Error with Fragments!"



************************************************************


************************************************************
2026-08-17 17:42:26.445922 : ERROR Found in .addTileMat for X__pt5_pre 
LogFile = ArchRLogs/ArchR-createArrows-162cc95c23a9d5-Date-2026-08-17_Time-17-13-21.681631.log

<simpleError in H5Fopen(file, flags = flags, fapl = fapl, native = native): HDF5. File accessibility. Unable to open file.>

2026-08-17 17:42:26.446889 : errorList, Class = list

errorList$ArrowFile: length = 1
[1] "atac_arrow_files/X__pt5_pre.arrow"


errorList$chromLengths: length = 22
     chr1      chr2      chr3      chr4      chr5      chr6 
248956422 242193529 198295559 190214555 181538259 170805979 


errorList$chr: length = 1
   chr20 
64444167 


errorList$mat: length = 1
[1] "mat"



************************************************************


************************************************************
2026-08-17 17:42:26.450996 : ERROR Found in .addTileMat for (X__pt5_pre : 8 of 11) 
LogFile = ArchRLogs/ArchR-createArrows-162cc95c23a9d5-Date-2026-08-17_Time-17-13-21.681631.log

<simpleError in .logError(e, fn = ".addTileMat", info = sampleName, errorList = errorList,     logFile = logFile): Exiting See Error Above>

2026-08-17 17:42:26.451675 : errorList, Class = list

errorList$i: length = 1
[1] 1


errorList$ArrowFiles: length = 1
[1] "atac_arrow_files/X__pt5_pre.arrow"


errorList$cellNames: length = 5952
[1] "X__pt5_pre#TCACAGATCCGGCTGA-1" "X__pt5_pre#GAGGTCCAGCTCCGGT-1"
[3] "X__pt5_pre#TAAGCCAGTGAATGGC-1" "X__pt5_pre#CGGACCACACCTGAAT-1"
[5] "X__pt5_pre#TGCTTCGGTGTCGTCG-1" "X__pt5_pre#ATCGAGTTCAACTTGG-1"


errorList$chromLengths: length = 24
     chr1      chr2      chr3      chr4      chr5      chr6 
248956422 242193529 198295559 190214555 181538259 170805979 


errorList$blacklist: length = 636
GRanges object with 6 ranges and 1 metadata column:
      seqnames              ranges strand |             reason
         <Rle>           <IRanges>  <Rle> |        <character>
  [1]     chr1            1-792500      * | High Signal Region
  [2]     chr1   91386301-91388400      * |    Low Mappability
  [3]     chr1 103594401-103760600      * | High Signal Region
  [4]     chr1 121605201-124938900      * | High Signal Region
  [5]     chr1 125067601-125086000      * | High Signal Region
  [6]     chr1 125130201-143562200      * | High Signal Region
  -------
  seqinfo: 24 sequences from hg38 genome; no seqlengths


errorList$force: length = 1
[1] TRUE


errorList$excludeChr: length = 3
[1] "chrM" "chrX" "chrY"


errorList$logFile: length = 1
[1] "ArchRLogs/ArchR-createArrows-162cc95c23a9d5-Date-2026-08-17_Time-17-13-21.681631.log"



************************************************************


************************************************************
2026-08-17 17:42:26.650769 : ERROR Found in .fastFeatureCounts for (X__pt16pre : 9 of 11) 
LogFile = ArchRLogs/ArchR-createArrows-162cc95c23a9d5-Date-2026-08-17_Time-17-13-21.681631.log

<simpleError in h(simpleError(msg, call)): error in evaluating the argument 'values' in selecting a method for function 'Rle': HDF5. File accessibility. Unable to open file.>

2026-08-17 17:42:26.651659 : errorList, Class = list

errorList$x: length = 1
[1] 2


errorList$chr: length = 1
[1] "chr10"


errorList$fragments: length = 1
[1] "Error with Fragments!"


errorList$features: length = 1
[1] "Error with Features!"



************************************************************


2026-08-17 17:42:26.667414 : createArrowFiles has encountered an error, checking if any ArrowFiles completed..

------- Completed

End Time : 2026-08-17 17:42:26.678027
Elapsed Time Minutes = 29.0831193526586
Elapsed Time Hours = 0.484718837141991

-------



