	mean	var	dispersion	gene	proba	pred
0	3.245724065538815	1.012570614730818	0.31197064022838417	TRMT13	0.26962316	False
1	3.245724065538815	1.012570614730818	0.31197064022838417	LRRC39	0.26962316	False
2	3.245724065538815	1.012570614730818	0.31197064022838417	DBT	0.26962316	False
3	3.245724065538815	1.012570614730818	0.31197064022838417	RTCA-AS1	0.26962316	False
4	3.245724065538815	1.012570614730818	0.31197064022838417	RTCA	0.26962316	False
5	3.245724065538815	1.012570614730818	0.31197064022838417	MIR553	0.26962316	False
6	3.245724065538815	1.012570614730818	0.31197064022838417	CDC14A	0.26962316	False
7	3.245724065538815	1.012570614730818	0.31197064022838417	GPR88	0.26962316	False
8	3.245724065538815	1.012570614730818	0.31197064022838417	LINC01349	0.26962316	False
9	3.245724065538815	1.012570614730818	0.31197064022838417	VCAM1	0.26962316	False
10	3.245724065538815	1.012570614730818	0.31197064022838417	EXTL2	0.26962316	False
11	3.193403837943542	0.5720652061887548	0.17913963758406073	PLEKHO1	0.2696208	False
12	3.193403837943542	0.5720652061887548	0.17913963758406073	LOC105371433	0.2696208	False
13	3.193403837943542	0.5720652061887548	0.17913963758406073	ANP32E	0.2696208	False
14	3.193403837943542	0.5720652061887548	0.17913963758406073	CA14	0.2696208	False
15	3.193403837943542	0.5720652061887548	0.17913963758406073	APH1A	0.2696208	False
16	3.193403837943542	0.5720652061887548	0.17913963758406073	C1orf54	0.2696208	False
17	3.193403837943542	0.5720652061887548	0.17913963758406073	CIART	0.2696208	False
18	3.193403837943542	0.5720652061887548	0.17913963758406073	MRPS21	0.2696208	False
19	3.193403837943542	0.5720652061887548	0.17913963758406073	PRPF3	0.2696208	False
20	3.193403837943542	0.5720652061887548	0.17913963758406073	RPRD2	0.2696208	False
21	3.193403837943542	0.5720652061887548	0.17913963758406073	TARS2	0.2696208	False
22	3.193403837943542	0.5720652061887548	0.17913963758406073	ECM1	0.2696208	False
23	3.193403837943542	0.5720652061887548	0.17913963758406073	FALEC	0.2696208	False
24	3.193403837943542	0.5720652061887548	0.17913963758406073	ADAMTSL4	0.2696208	False
25	3.193403837943542	0.5720652061887548	0.17913963758406073	MIR4257	0.2696208	False
26	3.193403837943542	0.5720652061887548	0.17913963758406073	ADAMTSL4-AS1	0.2696208	False
27	3.193403837943542	0.5720652061887548	0.17913963758406073	MCL1	0.2696208	False
28	3.193403837943542	0.5720652061887548	0.17913963758406073	ENSA	0.2696208	False
29	3.193403837943542	0.5720652061887548	0.17913963758406073	GOLPH3L	0.2696208	False
30	3.193403837943542	0.5720652061887548	0.17913963758406073	HORMAD1	0.2696208	False
31	3.193403837943542	0.5720652061887548	0.17913963758406073	CTSS	0.2696208	False
32	3.193403837943542	0.5720652061887548	0.17913963758406073	CTSK	0.2696208	False
33	3.193403837943542	0.5720652061887548	0.17913963758406073	ARNT	0.2696208	False
34	3.104276934354782	0.47729247563788907	0.15375318817587819	SETDB1	0.2696201	False
35	3.104276934354782	0.47729247563788907	0.15375318817587819	CERS2	0.2696201	False
36	3.104276934354782	0.47729247563788907	0.15375318817587819	ANXA9	0.2696201	False
37	3.104276934354782	0.47729247563788907	0.15375318817587819	MINDY1	0.2696201	False
38	3.104276934354782	0.47729247563788907	0.15375318817587819	PRUNE1	0.2696201	False
39	3.104276934354782	0.47729247563788907	0.15375318817587819	BNIPL	0.2696201	False
40	3.104276934354782	0.47729247563788907	0.15375318817587819	C1orf56	0.2696201	False
41	3.104276934354782	0.47729247563788907	0.15375318817587819	CDC42SE1	0.2696201	False
42	3.104276934354782	0.47729247563788907	0.15375318817587819	MLLT11	0.2696201	False
43	3.104276934354782	0.47729247563788907	0.15375318817587819	GABPB2	0.2696201	False
44	3.266715189882846	0.6122691860542524	0.1874265586269889	SEMA6C	0.26962116	False
45	3.266715189882846	0.6122691860542524	0.1874265586269889	TNFAIP8L2	0.26962116	False
46	3.266715189882846	0.6122691860542524	0.1874265586269889	TNFAIP8L2-SCNM1	0.26962116	False
47	3.266715189882846	0.6122691860542524	0.1874265586269889	LYSMD1	0.26962116	False
48	3.266715189882846	0.6122691860542524	0.1874265586269889	SCNM1	0.26962116	False
49	3.266715189882846	0.6122691860542524	0.1874265586269889	TMOD4	0.26962116	False
50	3.266715189882846	0.6122691860542524	0.1874265586269889	VPS72	0.26962116	False
51	3.266715189882846	0.6122691860542524	0.1874265586269889	PIP5K1A	0.26962116	False
52	3.266715189882846	0.6122691860542524	0.1874265586269889	PSMD4	0.26962116	False
53	3.266715189882846	0.6122691860542524	0.1874265586269889	ZNF687	0.26962116	False
54	3.266715189882846	0.6122691860542524	0.1874265586269889	PI4KB	0.26962116	False
55	3.266715189882846	0.6122691860542524	0.1874265586269889	RFX5	0.26962116	False
56	3.266715189882846	0.6122691860542524	0.1874265586269889	GBAT2	0.26962116	False
57	3.266715189882846	0.6122691860542524	0.1874265586269889	SELENBP1	0.26962116	False
58	3.266715189882846	0.6122691860542524	0.1874265586269889	PSMB4	0.26962116	False
59	3.266715189882846	0.6122691860542524	0.1874265586269889	POGZ	0.26962116	False
60	3.266715189882846	0.6122691860542524	0.1874265586269889	CGN	0.26962116	False
61	3.266715189882846	0.6122691860542524	0.1874265586269889	TUFT1	0.26962116	False
62	3.266715189882846	0.6122691860542524	0.1874265586269889	MIR554	0.26962116	False
63	3.266715189882846	0.6122691860542524	0.1874265586269889	SNX27	0.26962116	False
64	3.266715189882846	0.6122691860542524	0.1874265586269889	CELF3	0.26962116	False
65	3.266715189882846	0.6122691860542524	0.1874265586269889	RIIAD1	0.26962116	False
66	3.266715189882846	0.6122691860542524	0.1874265586269889	MRPL9	0.26962116	False
67	3.266715189882846	0.6122691860542524	0.1874265586269889	OAZ3	0.26962116	False
68	3.266715189882846	0.6122691860542524	0.1874265586269889	TDRKH	0.26962116	False
69	3.266715189882846	0.6122691860542524	0.1874265586269889	LINGO4	0.26962116	False
70	3.266715189882846	0.6122691860542524	0.1874265586269889	RORC	0.26962116	False
71	3.266715189882846	0.6122691860542524	0.1874265586269889	C2CD4D	0.26962116	False
72	3.266715189882846	0.6122691860542524	0.1874265586269889	C2CD4D-AS1	0.26962116	False
73	3.266715189882846	0.6122691860542524	0.1874265586269889	THEM5	0.26962116	False
74	3.1147940455224465	0.46560516122085355	0.1494818451608916	THEM4	0.26961997	False
75	3.1147940455224465	0.46560516122085355	0.1494818451608916	S100A10	0.26961997	False
76	3.1147940455224465	0.46560516122085355	0.1494818451608916	NBPF18P	0.26961997	False
77	3.1147940455224465	0.46560516122085355	0.1494818451608916	S100A11	0.26961997	False
78	3.1147940455224465	0.46560516122085355	0.1494818451608916	TCHHL1	0.26961997	False
79	3.0518589675022594	0.4676463277199344	0.15323326952512206	TCHH	0.26961982	False
80	3.0518589675022594	0.4676463277199344	0.15323326952512206	RPTN	0.26961982	False
81	3.0518589675022594	0.4676463277199344	0.15323326952512206	FLG-AS1	0.26961982	False
82	3.0518589675022594	0.4676463277199344	0.15323326952512206	HRNR	0.26961982	False
83	3.0518589675022594	0.4676463277199344	0.15323326952512206	FLG	0.26961982	False
84	3.0518589675022594	0.4676463277199344	0.15323326952512206	FLG2	0.26961982	False
85	3.0518589675022594	0.4676463277199344	0.15323326952512206	CRNN	0.26961982	False
86	3.0518589675022594	0.4676463277199344	0.15323326952512206	LCE5A	0.26961982	False
87	3.0518589675022594	0.4676463277199344	0.15323326952512206	CRCT1	0.26961982	False
88	3.0518589675022594	0.4676463277199344	0.15323326952512206	LCE3E	0.26961982	False
89	3.0518589675022594	0.4676463277199344	0.15323326952512206	LCE3D	0.26961982	False
90	3.0518589675022594	0.4676463277199344	0.15323326952512206	LCE3C	0.26961982	False
91	3.0518589675022594	0.4676463277199344	0.15323326952512206	LCE3B	0.26961982	False
92	3.0518589675022594	0.4676463277199344	0.15323326952512206	LCE3A	0.26961982	False
93	3.0518589675022594	0.4676463277199344	0.15323326952512206	LCE2D	0.26961982	False
94	3.0518589675022594	0.4676463277199344	0.15323326952512206	LCE2C	0.26961982	False
95	3.0518589675022594	0.4676463277199344	0.15323326952512206	LCE2B	0.26961982	False
96	3.0518589675022594	0.4676463277199344	0.15323326952512206	LCE2A	0.26961982	False
97	3.0518589675022594	0.4676463277199344	0.15323326952512206	LCE4A	0.26961982	False
98	3.0518589675022594	0.4676463277199344	0.15323326952512206	C1orf68	0.26961982	False
99	3.0518589675022594	0.4676463277199344	0.15323326952512206	LCE1F	0.26961982	False
100	3.0518589675022594	0.4676463277199344	0.15323326952512206	LCE1E	0.26961982	False
101	3.0518589675022594	0.4676463277199344	0.15323326952512206	LCE1D	0.26961982	False
102	3.0518589675022594	0.4676463277199344	0.15323326952512206	LCE1C	0.26961982	False
103	3.0518589675022594	0.4676463277199344	0.15323326952512206	LCE1B	0.26961982	False
104	3.0518589675022594	0.4676463277199344	0.15323326952512206	LCE1A	0.26961982	False
105	3.0518589675022594	0.4676463277199344	0.15323326952512206	LCE6A	0.26961982	False
106	3.0518589675022594	0.4676463277199344	0.15323326952512206	SMCP	0.26961982	False
107	3.0740819923097713	0.4352923775837123	0.14160077013972125	IVL	0.26961973	False
108	3.0740819923097713	0.4352923775837123	0.14160077013972125	SPRR4	0.26961973	False
109	3.0740819923097713	0.4352923775837123	0.14160077013972125	SPRR3	0.26961973	False
110	3.0740819923097713	0.4352923775837123	0.14160077013972125	SPRR1B	0.26961973	False
111	3.0740819923097713	0.4352923775837123	0.14160077013972125	SPRR2D	0.26961973	False
112	3.0740819923097713	0.4352923775837123	0.14160077013972125	SPRR2A	0.26961973	False
113	3.0740819923097713	0.4352923775837123	0.14160077013972125	SPRR2E	0.26961973	False
114	3.0246417581606373	0.4750428236244345	0.15705754982147715	SPRR2F	0.2696198	False
115	3.0246417581606373	0.4750428236244345	0.15705754982147715	SPRR2G	0.2696198	False
116	3.0246417581606373	0.4750428236244345	0.15705754982147715	LOC101928009	0.2696198	False
117	3.0246417581606373	0.4750428236244345	0.15705754982147715	LELP1	0.2696198	False
118	3.0246417581606373	0.4750428236244345	0.15705754982147715	PRR9	0.2696198	False
119	3.0246417581606373	0.4750428236244345	0.15705754982147715	LOR	0.2696198	False
120	3.0246417581606373	0.4750428236244345	0.15705754982147715	PGLYRP3	0.2696198	False
121	3.0246417581606373	0.4750428236244345	0.15705754982147715	PGLYRP4	0.2696198	False
122	3.0246417581606373	0.4750428236244345	0.15705754982147715	S100A9	0.2696198	False
123	3.0246417581606373	0.4750428236244345	0.15705754982147715	S100A12	0.2696198	False
124	3.0246417581606373	0.4750428236244345	0.15705754982147715	S100A8	0.2696198	False
125	3.0246417581606373	0.4750428236244345	0.15705754982147715	S100A7A	0.2696198	False
126	3.0246417581606373	0.4750428236244345	0.15705754982147715	S100A7L2	0.2696198	False
127	3.0246417581606373	0.4750428236244345	0.15705754982147715	S100A7	0.2696198	False
128	3.0246417581606373	0.4750428236244345	0.15705754982147715	S100A6	0.2696198	False
129	3.0246417581606373	0.4750428236244345	0.15705754982147715	S100A5	0.2696198	False
130	3.0246417581606373	0.4750428236244345	0.15705754982147715	S100A4	0.2696198	False
131	3.0246417581606373	0.4750428236244345	0.15705754982147715	S100A3	0.2696198	False
132	3.0246417581606373	0.4750428236244345	0.15705754982147715	S100A2	0.2696198	False
133	3.0246417581606373	0.4750428236244345	0.15705754982147715	S100A16	0.2696198	False
134	3.0246417581606373	0.4750428236244345	0.15705754982147715	S100A14	0.2696198	False
135	3.0246417581606373	0.4750428236244345	0.15705754982147715	S100A13	0.2696198	False
136	3.0246417581606373	0.4750428236244345	0.15705754982147715	S100A1	0.2696198	False
137	3.0246417581606373	0.4750428236244345	0.15705754982147715	CHTOP	0.2696198	False
138	3.0246417581606373	0.4750428236244345	0.15705754982147715	SNAPIN	0.2696198	False
139	3.0246417581606373	0.4750428236244345	0.15705754982147715	ILF2	0.2696198	False
140	3.0246417581606373	0.4750428236244345	0.15705754982147715	NPR1	0.2696198	False
141	3.0246417581606373	0.4750428236244345	0.15705754982147715	MIR8083	0.2696198	False
142	3.0246417581606373	0.4750428236244345	0.15705754982147715	INTS3	0.2696198	False
143	3.0246417581606373	0.4750428236244345	0.15705754982147715	SLC27A3	0.2696198	False
144	3.038753140664554	0.4221790375862134	0.13893166639192212	GATAD2B	0.2696195	False
145	3.038753140664554	0.4221790375862134	0.13893166639192212	DENND4B	0.2696195	False
146	3.038753140664554	0.4221790375862134	0.13893166639192212	CRTC2	0.2696195	False
147	3.038753140664554	0.4221790375862134	0.13893166639192212	SLC39A1	0.2696195	False
148	3.038753140664554	0.4221790375862134	0.13893166639192212	MIR6737	0.2696195	False
149	3.038753140664554	0.4221790375862134	0.13893166639192212	CREB3L4	0.2696195	False
150	3.038753140664554	0.4221790375862134	0.13893166639192212	JTB	0.2696195	False
151	3.038753140664554	0.4221790375862134	0.13893166639192212	RAB13	0.2696195	False
152	3.038753140664554	0.4221790375862134	0.13893166639192212	RPS27	0.2696195	False
153	3.038753140664554	0.4221790375862134	0.13893166639192212	NUP210L	0.2696195	False
154	3.1053000254570655	0.49739856688514306	0.1601772977836277	MIR5698	0.26961994	False
155	3.1053000254570655	0.49739856688514306	0.1601772977836277	TPM3	0.26961994	False
156	3.1053000254570655	0.49739856688514306	0.1601772977836277	MIR190B	0.26961994	False
157	3.1053000254570655	0.49739856688514306	0.1601772977836277	C1orf189	0.26961994	False
158	3.1053000254570655	0.49739856688514306	0.1601772977836277	C1orf43	0.26961994	False
159	3.1053000254570655	0.49739856688514306	0.1601772977836277	UBAP2L	0.26961994	False
160	3.1053000254570655	0.49739856688514306	0.1601772977836277	HAX1	0.26961994	False
161	3.1053000254570655	0.49739856688514306	0.1601772977836277	AQP10	0.26961994	False
162	3.1053000254570655	0.49739856688514306	0.1601772977836277	ATP8B2	0.26961994	False
163	3.1053000254570655	0.49739856688514306	0.1601772977836277	IL6R	0.26961994	False
164	3.1053000254570655	0.49739856688514306	0.1601772977836277	SHE	0.26961994	False
165	3.1053000254570655	0.49739856688514306	0.1601772977836277	TDRD10	0.26961994	False
166	3.1053000254570655	0.49739856688514306	0.1601772977836277	UBE2Q1	0.26961994	False
167	3.1053000254570655	0.49739856688514306	0.1601772977836277	UBE2Q1-AS1	0.26961994	False
168	3.1053000254570655	0.49739856688514306	0.1601772977836277	CHRNB2	0.26961994	False
169	3.1053000254570655	0.49739856688514306	0.1601772977836277	ADAR	0.26961994	False
170	3.1053000254570655	0.49739856688514306	0.1601772977836277	KCNN3	0.26961994	False
171	3.060614605041437	0.4359849260096202	0.1424501226947904	PMVK	0.26961964	False
172	3.060614605041437	0.4359849260096202	0.1424501226947904	PBXIP1	0.26961964	False
173	3.060614605041437	0.4359849260096202	0.1424501226947904	PYGO2	0.26961964	False
174	3.060614605041437	0.4359849260096202	0.1424501226947904	SHC1	0.26961964	False
175	3.060614605041437	0.4359849260096202	0.1424501226947904	CKS1B	0.26961964	False
176	3.060614605041437	0.4359849260096202	0.1424501226947904	MIR4258	0.26961964	False
177	3.060614605041437	0.4359849260096202	0.1424501226947904	FLAD1	0.26961964	False
178	3.060614605041437	0.4359849260096202	0.1424501226947904	LENEP	0.26961964	False
179	3.060614605041437	0.4359849260096202	0.1424501226947904	ZBTB7B	0.26961964	False
180	3.060614605041437	0.4359849260096202	0.1424501226947904	DCST2	0.26961964	False
181	3.060614605041437	0.4359849260096202	0.1424501226947904	DCST1	0.26961964	False
182	3.060614605041437	0.4359849260096202	0.1424501226947904	DCST1-AS1	0.26961964	False
183	3.060614605041437	0.4359849260096202	0.1424501226947904	ADAM15	0.26961964	False
184	3.060614605041437	0.4359849260096202	0.1424501226947904	EFNA4	0.26961964	False
185	3.060614605041437	0.4359849260096202	0.1424501226947904	EFNA3	0.26961964	False
186	3.1774486446779577	0.5112968064188432	0.16091426285527408	EFNA1	0.26962027	False
187	3.1774486446779577	0.5112968064188432	0.16091426285527408	SLC50A1	0.26962027	False
188	3.1774486446779577	0.5112968064188432	0.16091426285527408	DPM3	0.26962027	False
189	3.1774486446779577	0.5112968064188432	0.16091426285527408	KRTCAP2	0.26962027	False
190	3.1774486446779577	0.5112968064188432	0.16091426285527408	TRIM46	0.26962027	False
191	3.1774486446779577	0.5112968064188432	0.16091426285527408	MUC1	0.26962027	False
192	3.1774486446779577	0.5112968064188432	0.16091426285527408	MIR92B	0.26962027	False
193	3.1774486446779577	0.5112968064188432	0.16091426285527408	THBS3	0.26962027	False
194	3.1774486446779577	0.5112968064188432	0.16091426285527408	MTX1	0.26962027	False
195	3.1774486446779577	0.5112968064188432	0.16091426285527408	GBA	0.26962027	False
196	3.1774486446779577	0.5112968064188432	0.16091426285527408	FAM189B	0.26962027	False
197	3.1774486446779577	0.5112968064188432	0.16091426285527408	SCAMP3	0.26962027	False
198	3.1774486446779577	0.5112968064188432	0.16091426285527408	CLK2	0.26962027	False
199	3.1774486446779577	0.5112968064188432	0.16091426285527408	HCN3	0.26962027	False
200	3.1774486446779577	0.5112968064188432	0.16091426285527408	PKLR	0.26962027	False
201	3.1774486446779577	0.5112968064188432	0.16091426285527408	FDPS	0.26962027	False
202	3.1774486446779577	0.5112968064188432	0.16091426285527408	RUSC1-AS1	0.26962027	False
203	3.1774486446779577	0.5112968064188432	0.16091426285527408	RUSC1	0.26962027	False
204	3.1774486446779577	0.5112968064188432	0.16091426285527408	ASH1L	0.26962027	False
205	3.1774486446779577	0.5112968064188432	0.16091426285527408	MIR555	0.26962027	False
206	3.1774486446779577	0.5112968064188432	0.16091426285527408	MSTO2P	0.26962027	False
207	3.1774486446779577	0.5112968064188432	0.16091426285527408	MSTO1	0.26962027	False
208	3.1774486446779577	0.5112968064188432	0.16091426285527408	YY1AP1	0.26962027	False
209	3.1774486446779577	0.5112968064188432	0.16091426285527408	DAP3	0.26962027	False
210	3.1774486446779577	0.5112968064188432	0.16091426285527408	GON4L	0.26962027	False
211	3.1774486446779577	0.5112968064188432	0.16091426285527408	SYT11	0.26962027	False
212	3.056021356955687	0.4380538483137375	0.14334122610651945	RIT1	0.26961967	False
213	3.056021356955687	0.4380538483137375	0.14334122610651945	KHDC4	0.26961967	False
214	3.056021356955687	0.4380538483137375	0.14334122610651945	SNORA80E	0.26961967	False
215	3.056021356955687	0.4380538483137375	0.14334122610651945	SCARNA4	0.26961967	False
216	3.056021356955687	0.4380538483137375	0.14334122610651945	RXFP4	0.26961967	False
217	3.056021356955687	0.4380538483137375	0.14334122610651945	ARHGEF2	0.26961967	False
218	3.056021356955687	0.4380538483137375	0.14334122610651945	MIR6738	0.26961967	False
219	3.056021356955687	0.4380538483137375	0.14334122610651945	SSR2	0.26961967	False
220	3.056021356955687	0.4380538483137375	0.14334122610651945	UBQLN4	0.26961967	False
221	3.056021356955687	0.4380538483137375	0.14334122610651945	LAMTOR2	0.26961967	False
222	3.056021356955687	0.4380538483137375	0.14334122610651945	RAB25	0.26961967	False
223	3.056021356955687	0.4380538483137375	0.14334122610651945	MEX3A	0.26961967	False
224	3.056021356955687	0.4380538483137375	0.14334122610651945	LMNA	0.26961967	False
225	3.0360810833120415	0.49725343138256706	0.16378134105697745	SEMA4A	0.2696199	False
226	3.0360810833120415	0.49725343138256706	0.16378134105697745	SLC25A44	0.2696199	False
227	3.0360810833120415	0.49725343138256706	0.16378134105697745	PMF1-BGLAP	0.2696199	False
228	3.0360810833120415	0.49725343138256706	0.16378134105697745	PMF1	0.2696199	False
229	3.0360810833120415	0.49725343138256706	0.16378134105697745	BGLAP	0.2696199	False
230	3.0360810833120415	0.49725343138256706	0.16378134105697745	PAQR6	0.2696199	False
231	3.0360810833120415	0.49725343138256706	0.16378134105697745	SMG5	0.2696199	False
232	3.0360810833120415	0.49725343138256706	0.16378134105697745	TMEM79	0.2696199	False
233	3.0360810833120415	0.49725343138256706	0.16378134105697745	GLMP	0.2696199	False
234	3.0360810833120415	0.49725343138256706	0.16378134105697745	VHLL	0.2696199	False
235	3.0360810833120415	0.49725343138256706	0.16378134105697745	CCT3	0.2696199	False
236	3.0360810833120415	0.49725343138256706	0.16378134105697745	TSACC	0.2696199	False
237	3.0360810833120415	0.49725343138256706	0.16378134105697745	RHBG	0.2696199	False
238	3.0360810833120415	0.49725343138256706	0.16378134105697745	C1orf61	0.2696199	False
239	3.0360810833120415	0.49725343138256706	0.16378134105697745	MEF2D	0.2696199	False
240	3.0360810833120415	0.49725343138256706	0.16378134105697745	IQGAP3	0.2696199	False
241	3.0360810833120415	0.49725343138256706	0.16378134105697745	TTC24	0.2696199	False
242	3.0360810833120415	0.49725343138256706	0.16378134105697745	NAXE	0.2696199	False
243	3.0360810833120415	0.49725343138256706	0.16378134105697745	GPATCH4	0.2696199	False
244	3.0360810833120415	0.49725343138256706	0.16378134105697745	HAPLN2	0.2696199	False
245	3.0360810833120415	0.49725343138256706	0.16378134105697745	BCAN	0.2696199	False
246	3.0360810833120415	0.49725343138256706	0.16378134105697745	NES	0.2696199	False
247	3.0360810833120415	0.49725343138256706	0.16378134105697745	CRABP2	0.2696199	False
248	3.0360810833120415	0.49725343138256706	0.16378134105697745	ISG20L2	0.2696199	False
249	3.0360810833120415	0.49725343138256706	0.16378134105697745	RRNAD1	0.2696199	False
250	3.0360810833120415	0.49725343138256706	0.16378134105697745	MRPL24	0.2696199	False
251	3.0360810833120415	0.49725343138256706	0.16378134105697745	HDGF	0.2696199	False
252	3.0360810833120415	0.49725343138256706	0.16378134105697745	PRCC	0.2696199	False
253	3.0360810833120415	0.49725343138256706	0.16378134105697745	SH2D2A	0.2696199	False
254	3.0360810833120415	0.49725343138256706	0.16378134105697745	NTRK1	0.2696199	False
255	3.0360810833120415	0.49725343138256706	0.16378134105697745	INSRR	0.2696199	False
256	3.098857422505975	0.7447257677459306	0.24032269517701396	ATP1A2	0.2696214	False
257	3.098857422505975	0.7447257677459306	0.24032269517701396	ATP1A4	0.2696214	False
258	3.098857422505975	0.7447257677459306	0.24032269517701396	CASQ1	0.2696214	False
259	3.098857422505975	0.7447257677459306	0.24032269517701396	LOC729867	0.2696214	False
260	3.098857422505975	0.7447257677459306	0.24032269517701396	PEA15	0.2696214	False
261	3.098857422505975	0.7447257677459306	0.24032269517701396	DCAF8	0.2696214	False
262	3.098857422505975	0.7447257677459306	0.24032269517701396	PEX19	0.2696214	False
263	3.098857422505975	0.7447257677459306	0.24032269517701396	COPA	0.2696214	False
264	3.098857422505975	0.7447257677459306	0.24032269517701396	NCSTN	0.2696214	False
265	3.098857422505975	0.7447257677459306	0.24032269517701396	NHLH1	0.2696214	False
266	3.098857422505975	0.7447257677459306	0.24032269517701396	VANGL2	0.2696214	False
267	3.098857422505975	0.7447257677459306	0.24032269517701396	SLAMF6	0.2696214	False
268	3.098857422505975	0.7447257677459306	0.24032269517701396	CD84	0.2696214	False
269	3.098857422505975	0.7447257677459306	0.24032269517701396	SLAMF1	0.2696214	False
270	3.098857422505975	0.7447257677459306	0.24032269517701396	CD48	0.2696214	False
271	3.098857422505975	0.7447257677459306	0.24032269517701396	SLAMF7	0.2696214	False
272	3.098857422505975	0.7447257677459306	0.24032269517701396	LY9	0.2696214	False
273	3.098857422505975	0.7447257677459306	0.24032269517701396	CD244	0.2696214	False
274	3.098857422505975	0.7447257677459306	0.24032269517701396	ITLN1	0.2696214	False
275	3.0241325417657037	0.6192665346820244	0.20477493169676106	LOC101928372	0.2696207	False
276	3.0241325417657037	0.6192665346820244	0.20477493169676106	ITLN2	0.2696207	False
277	3.0241325417657037	0.6192665346820244	0.20477493169676106	F11R	0.2696207	False
278	3.0241325417657037	0.6192665346820244	0.20477493169676106	TSTD1	0.2696207	False
279	3.0241325417657037	0.6192665346820244	0.20477493169676106	USF1	0.2696207	False
280	3.0241325417657037	0.6192665346820244	0.20477493169676106	ARHGAP30	0.2696207	False
281	3.0241325417657037	0.6192665346820244	0.20477493169676106	NECTIN4	0.2696207	False
282	3.0241325417657037	0.6192665346820244	0.20477493169676106	KLHDC9	0.2696207	False
283	3.130260844717411	0.7176448020197905	0.2292603835973858	PFDN2	0.2696214	False
284	3.130260844717411	0.7176448020197905	0.2292603835973858	NIT1	0.2696214	False
285	3.130260844717411	0.7176448020197905	0.2292603835973858	DEDD	0.2696214	False
286	3.130260844717411	0.7176448020197905	0.2292603835973858	UFC1	0.2696214	False
287	3.130260844717411	0.7176448020197905	0.2292603835973858	USP21	0.2696214	False
288	3.130260844717411	0.7176448020197905	0.2292603835973858	PPOX	0.2696214	False
289	3.130260844717411	0.7176448020197905	0.2292603835973858	B4GALT3	0.2696214	False
290	3.130260844717411	0.7176448020197905	0.2292603835973858	ADAMTS4	0.2696214	False
291	3.130260844717411	0.7176448020197905	0.2292603835973858	NDUFS2	0.2696214	False
292	3.130260844717411	0.7176448020197905	0.2292603835973858	FCER1G	0.2696214	False
293	3.130260844717411	0.7176448020197905	0.2292603835973858	APOA2	0.2696214	False
294	3.130260844717411	0.7176448020197905	0.2292603835973858	TOMM40L	0.2696214	False
295	3.130260844717411	0.7176448020197905	0.2292603835973858	MIR5187	0.2696214	False
296	3.130260844717411	0.7176448020197905	0.2292603835973858	NR1I3	0.2696214	False
297	3.130260844717411	0.7176448020197905	0.2292603835973858	PCP4L1	0.2696214	False
298	3.130260844717411	0.7176448020197905	0.2292603835973858	MPZ	0.2696214	False
299	3.130260844717411	0.7176448020197905	0.2292603835973858	SDHC	0.2696214	False
300	3.130260844717411	0.7176448020197905	0.2292603835973858	CFAP126	0.2696214	False
301	3.130260844717411	0.7176448020197905	0.2292603835973858	FCGR2A	0.2696214	False
302	3.130260844717411	0.7176448020197905	0.2292603835973858	HSPA6	0.2696214	False
303	3.130260844717411	0.7176448020197905	0.2292603835973858	FCGR3A	0.2696214	False
304	3.130260844717411	0.7176448020197905	0.2292603835973858	FCGR2C	0.2696214	False
305	3.130260844717411	0.7176448020197905	0.2292603835973858	FCGR3B	0.2696214	False
306	3.130260844717411	0.7176448020197905	0.2292603835973858	FCGR2B	0.2696214	False
307	3.130260844717411	0.7176448020197905	0.2292603835973858	FCRLA	0.2696214	False
308	3.130260844717411	0.7176448020197905	0.2292603835973858	FCRLB	0.2696214	False
309	3.130260844717411	0.7176448020197905	0.2292603835973858	DUSP12	0.2696214	False
310	3.551539443928123	1.8717966055757878	0.5270381014001966	RGS18	0.26962978	False
311	3.551539443928123	1.8717966055757878	0.5270381014001966	RGS21	0.26962978	False
312	3.551539443928123	1.8717966055757878	0.5270381014001966	RGS1	0.26962978	False
313	3.551539443928123	1.8717966055757878	0.5270381014001966	RGS13	0.26962978	False
314	3.551539443928123	1.8717966055757878	0.5270381014001966	RGS2	0.26962978	False
315	3.441287783920129	1.5699499131555916	0.4562100038512878	LINC01032	0.26962727	False
316	3.441287783920129	1.5699499131555916	0.4562100038512878	UCHL5	0.26962727	False
317	3.441287783920129	1.5699499131555916	0.4562100038512878	TROVE2	0.26962727	False
318	3.441287783920129	1.5699499131555916	0.4562100038512878	GLRX2	0.26962727	False
319	3.558104410785613	1.8630922194660908	0.5236193220801885	CDC73	0.2696299	False
320	3.558104410785613	1.8630922194660908	0.5236193220801885	MIR1278	0.2696299	False
321	3.558104410785613	1.8630922194660908	0.5236193220801885	B3GALT2	0.2696299	False
322	3.558104410785613	1.8630922194660908	0.5236193220801885	LINC01031	0.2696299	False
323	3.5723777051276957	1.5224957381182658	0.4261855446956003	KCNT2	0.2696276	False
324	3.5723777051276957	1.5224957381182658	0.4261855446956003	MIR4735	0.2696276	False
325	3.5723777051276957	1.5224957381182658	0.4261855446956003	CFH	0.2696276	False
326	3.5723777051276957	1.5224957381182658	0.4261855446956003	CFHR3	0.2696276	False
327	3.4723130465664567	1.3259254823769928	0.381856550545785	CFHR2	0.26962608	False
328	3.5723777051276957	1.5224957381182658	0.4261855446956003	CFHR1	0.2696276	False
329	3.4723130465664567	1.3259254823769928	0.381856550545785	CFHR4	0.26962608	False
330	3.4723130465664567	1.3259254823769928	0.381856550545785	CFHR5	0.26962608	False
331	3.4723130465664567	1.3259254823769928	0.381856550545785	F13B	0.26962608	False
332	3.4723130465664567	1.3259254823769928	0.381856550545785	ASPM	0.26962608	False
333	3.7310000542300816	1.8304201331196854	0.49059772353645964	ZBTB41	0.2696306	False
334	3.7310000542300816	1.8304201331196854	0.49059772353645964	CRB1	0.2696306	False
335	3.7310000542300816	1.8304201331196854	0.49059772353645964	DENND1B	0.2696306	False
336	3.4701977173761827	1.3385684382724587	0.3857326144760854	C1orf53	0.26962623	False
337	3.4701977173761827	1.3385684382724587	0.3857326144760854	LHX9	0.26962623	False
338	3.4867219392770306	1.5442054326642858	0.4428817266066464	NEK7	0.26962745	False
339	3.4867219392770306	1.5442054326642858	0.4428817266066464	ATP6V1G3	0.26962745	False
340	3.4867219392770306	1.5442054326642858	0.4428817266066464	PTPRC	0.26962745	False
341	3.210350356265912	1.0016083725917646	0.31199347779498304	MIR181A1HG	0.2696232	False
342	3.4867219392770306	1.5442054326642858	0.4428817266066464	MIR181B1	0.26962745	False
343	3.4867219392770306	1.5442054326642858	0.4428817266066464	MIR181A1	0.26962745	False
344	3.210350356265912	1.0016083725917646	0.31199347779498304	LINC01222	0.2696232	False
345	3.210350356265912	1.0016083725917646	0.31199347779498304	LINC01221	0.2696232	False
346	3.123082479108357	0.6837388527148235	0.21893077025299426	MIR4671	0.26962104	False
347	3.123082479108357	0.6837388527148235	0.21893077025299426	COA6-AS1	0.26962104	False
348	3.123082479108357	0.6837388527148235	0.21893077025299426	COA6	0.26962104	False
349	3.123082479108357	0.6837388527148235	0.21893077025299426	TARBP1	0.26962104	False
350	3.123082479108357	0.6837388527148235	0.21893077025299426	LINC01354	0.26962104	False
351	3.123082479108357	0.6837388527148235	0.21893077025299426	IRF2BP2	0.26962104	False
352	3.123082479108357	0.6837388527148235	0.21893077025299426	LINC00184	0.26962104	False
353	3.123082479108357	0.6837388527148235	0.21893077025299426	LOC101927787	0.26962104	False
354	3.123082479108357	0.6837388527148235	0.21893077025299426	LINC01132	0.26962104	False
355	2.9985047764008375	0.5425219933497062	0.18093084180472965	LOC101927851	0.2696201	False
356	3.107347742122645	0.6569446259840688	0.211416513536173	TOMM20	0.2696209	False
357	3.107347742122645	0.6569446259840688	0.211416513536173	SNORA14B	0.2696209	False
358	3.107347742122645	0.6569446259840688	0.211416513536173	RBM34	0.2696209	False
359	3.107347742122645	0.6569446259840688	0.211416513536173	ARID4B	0.2696209	False
360	3.107347742122645	0.6569446259840688	0.211416513536173	MIR4753	0.2696209	False
361	3.107347742122645	0.6569446259840688	0.211416513536173	GGPS1	0.2696209	False
362	3.107347742122645	0.6569446259840688	0.211416513536173	TBCE	0.2696209	False
363	3.107347742122645	0.6569446259840688	0.211416513536173	B3GALNT2	0.2696209	False
364	3.107347742122645	0.6569446259840688	0.211416513536173	GNG4	0.2696209	False
365	3.107347742122645	0.6569446259840688	0.211416513536173	LYST	0.2696209	False
366	3.107347742122645	0.6569446259840688	0.211416513536173	MIR1537	0.2696209	False
367	3.0141977622678873	0.6037289298467517	0.2002950627209361	ZFP36L2	0.26962027	False
368	3.0141977622678873	0.6037289298467517	0.2002950627209361	LINC01126	0.26962027	False
369	3.0141977622678873	0.6037289298467517	0.2002950627209361	THADA	0.26962027	False
370	3.0141977622678873	0.6037289298467517	0.2002950627209361	PLEKHH2	0.26962027	False
371	3.0141977622678873	0.6037289298467517	0.2002950627209361	C1GALT1C1L	0.26962027	False
372	3.0141977622678873	0.6037289298467517	0.2002950627209361	DYNC2LI1	0.26962027	False
373	3.0141977622678873	0.6037289298467517	0.2002950627209361	ABCG5	0.26962027	False
374	3.0141977622678873	0.6037289298467517	0.2002950627209361	ABCG8	0.26962027	False
375	2.9463151415154387	0.5344345581680163	0.1813908331249079	PPM1B	0.2696199	False
376	2.9463151415154387	0.5344345581680163	0.1813908331249079	SLC3A1	0.2696199	False
377	2.9463151415154387	0.5344345581680163	0.1813908331249079	PREPL	0.2696199	False
378	2.9463151415154387	0.5344345581680163	0.1813908331249079	CAMKMT	0.2696199	False
379	3.0342229331098407	0.5723440126517373	0.1886295190792489	B3GNT2	0.2696203	False
380	3.0342229331098407	0.5723440126517373	0.1886295190792489	MIR5192	0.2696203	False
381	3.0342229331098407	0.5723440126517373	0.1886295190792489	TMEM17	0.2696203	False
382	3.0000547434044	0.4902406616706394	0.1634105720065376	EHBP1	0.26961982	False
383	3.0000547434044	0.4902406616706394	0.1634105720065376	LOC100132215	0.26961982	False
384	3.0000547434044	0.4902406616706394	0.1634105720065376	OTX1	0.26961982	False
385	3.1285812728631206	0.6020210890462907	0.1924262266312651	WDPCP	0.2696207	False
386	3.1285812728631206	0.6020210890462907	0.1924262266312651	MDH1	0.2696207	False
387	3.1285812728631206	0.6020210890462907	0.1924262266312651	UGP2	0.2696207	False
388	3.06574796410952	0.5285046177827312	0.1723901064177143	VPS54	0.26962024	False
389	3.06574796410952	0.5285046177827312	0.1723901064177143	PELI1	0.26962024	False
390	3.1271361770528605	0.6581200712757449	0.21045456098300902	LOC100507006	0.269621	False
391	3.1271361770528605	0.6581200712757449	0.21045456098300902	LINC00309	0.269621	False
392	3.1271361770528605	0.6581200712757449	0.21045456098300902	MIR4433B	0.269621	False
393	3.1271361770528605	0.6581200712757449	0.21045456098300902	LGALSL	0.269621	False
394	3.1271361770528605	0.6581200712757449	0.21045456098300902	AFTPH	0.269621	False
395	3.1271361770528605	0.6581200712757449	0.21045456098300902	LINC02579	0.269621	False
396	3.1271361770528605	0.6581200712757449	0.21045456098300902	SERTAD2	0.269621	False
397	3.1271361770528605	0.6581200712757449	0.21045456098300902	LINC01800	0.269621	False
398	3.2331197976004953	1.0064376556656032	0.3112899362444116	GCG	0.26962322	False
399	3.2331197976004953	1.0064376556656032	0.3112899362444116	LOC101929532	0.26962322	False
400	3.2331197976004953	1.0064376556656032	0.3112899362444116	FAP	0.26962322	False
401	3.2331197976004953	1.0064376556656032	0.3112899362444116	IFIH1	0.26962322	False
402	3.2331197976004953	1.0064376556656032	0.3112899362444116	GCA	0.26962322	False
403	3.2331197976004953	1.0064376556656032	0.3112899362444116	KCNH7	0.26962322	False
404	3.2331197976004953	1.0064376556656032	0.3112899362444116	LOC101929570	0.26962322	False
405	3.156543825426887	0.819520940278692	0.2596260294811085	COL3A1	0.2696219	False
406	3.156543825426887	0.819520940278692	0.2596260294811085	MIR1245A	0.2696219	False
407	3.156543825426887	0.819520940278692	0.2596260294811085	COL5A2	0.2696219	False
408	3.319211547722599	1.0495298515157174	0.31619854186028856	MIR3129	0.2696236	False
409	3.319211547722599	1.0495298515157174	0.31619854186028856	WDR75	0.2696236	False
410	3.319211547722599	1.0495298515157174	0.31619854186028856	SLC40A1	0.2696236	False
411	3.319211547722599	1.0495298515157174	0.31619854186028856	ASNSD1	0.2696236	False
412	3.319211547722599	1.0495298515157174	0.31619854186028856	ANKAR	0.2696236	False
413	3.319211547722599	1.0495298515157174	0.31619854186028856	OSGEPL1	0.2696236	False
414	3.319211547722599	1.0495298515157174	0.31619854186028856	OSGEPL1-AS1	0.2696236	False
415	3.319211547722599	1.0495298515157174	0.31619854186028856	ORMDL1	0.2696236	False
416	3.319211547722599	1.0495298515157174	0.31619854186028856	PMS1	0.2696236	False
417	3.2583833637929023	0.932007236218185	0.28603363452398906	C2orf88	0.269623	False
418	3.2583833637929023	0.932007236218185	0.28603363452398906	MSTN	0.269623	False
419	3.3383663331681763	1.114998828714927	0.33399534905349076	HIBCH	0.26962405	False
420	3.3383663331681763	1.114998828714927	0.33399534905349076	INPP1	0.26962405	False
421	3.3383663331681763	1.114998828714927	0.33399534905349076	MFSD6	0.26962405	False
422	3.3383663331681763	1.114998828714927	0.33399534905349076	NEMP2	0.26962405	False
423	3.3383663331681763	1.114998828714927	0.33399534905349076	NAB1	0.26962405	False
424	3.3101897896760875	1.0500490427193307	0.3172171716541006	GLS	0.26962367	False
425	3.3101897896760875	1.0500490427193307	0.3172171716541006	STAT1	0.26962367	False
426	3.3101897896760875	1.0500490427193307	0.3172171716541006	STAT4	0.26962367	False
427	3.395309997879653	1.261661297079317	0.37158942714132603	MYO1B	0.26962498	False
428	3.395309997879653	1.261661297079317	0.37158942714132603	NABP1	0.26962498	False
429	3.395309997879653	1.261661297079317	0.37158942714132603	CAVIN2	0.26962498	False
430	3.1887323359990467	0.9726500282842764	0.30502717876429725	TMEFF2	0.26962262	False
431	2.830061040153919	0.32994410875870167	0.11658550966828508	MST1R	0.26961872	False
432	2.830061040153919	0.32994410875870167	0.11658550966828508	MON1A	0.26961872	False
433	2.830061040153919	0.32994410875870167	0.11658550966828508	RBM6	0.26961872	False
434	2.830061040153919	0.32994410875870167	0.11658550966828508	RBM5	0.26961872	False
435	2.830061040153919	0.32994410875870167	0.11658550966828508	RBM5-AS1	0.26961872	False
436	2.923800063748058	0.40847727839805287	0.13970766450918687	SEMA3F-AS1	0.26961917	False
437	2.923800063748058	0.40847727839805287	0.13970766450918687	SEMA3F	0.26961917	False
438	2.923800063748058	0.40847727839805287	0.13970766450918687	GNAT1	0.26961917	False
439	2.923800063748058	0.40847727839805287	0.13970766450918687	SLC38A3	0.26961917	False
440	2.923800063748058	0.40847727839805287	0.13970766450918687	GNAI2	0.26961917	False
441	2.923800063748058	0.40847727839805287	0.13970766450918687	MIR5787	0.26961917	False
442	2.923800063748058	0.40847727839805287	0.13970766450918687	SEMA3B-AS1	0.26961917	False
443	2.923800063748058	0.40847727839805287	0.13970766450918687	SEMA3B	0.26961917	False
444	2.923800063748058	0.40847727839805287	0.13970766450918687	MIR6872	0.26961917	False
445	2.923800063748058	0.40847727839805287	0.13970766450918687	LSMEM2	0.26961917	False
446	2.923800063748058	0.40847727839805287	0.13970766450918687	IFRD2	0.26961917	False
447	2.923800063748058	0.40847727839805287	0.13970766450918687	HYAL3	0.26961917	False
448	2.923800063748058	0.40847727839805287	0.13970766450918687	NAA80	0.26961917	False
449	2.923800063748058	0.40847727839805287	0.13970766450918687	HYAL1	0.26961917	False
450	2.923800063748058	0.40847727839805287	0.13970766450918687	HYAL2	0.26961917	False
451	2.923800063748058	0.40847727839805287	0.13970766450918687	TUSC2	0.26961917	False
452	2.923800063748058	0.40847727839805287	0.13970766450918687	RASSF1	0.26961917	False
453	2.923800063748058	0.40847727839805287	0.13970766450918687	RASSF1-AS1	0.26961917	False
454	2.923800063748058	0.40847727839805287	0.13970766450918687	ZMYND10	0.26961917	False
455	2.923800063748058	0.40847727839805287	0.13970766450918687	NPRL2	0.26961917	False
456	2.923800063748058	0.40847727839805287	0.13970766450918687	CYB561D2	0.26961917	False
457	2.923800063748058	0.40847727839805287	0.13970766450918687	TMEM115	0.26961917	False
458	2.923800063748058	0.40847727839805287	0.13970766450918687	CACNA2D2	0.26961917	False
459	2.923800063748058	0.40847727839805287	0.13970766450918687	C3orf18	0.26961917	False
460	2.923800063748058	0.40847727839805287	0.13970766450918687	HEMK1	0.26961917	False
461	2.923800063748058	0.40847727839805287	0.13970766450918687	CISH	0.26961917	False
462	2.923800063748058	0.40847727839805287	0.13970766450918687	MAPKAPK3	0.26961917	False
463	2.923800063748058	0.40847727839805287	0.13970766450918687	MIR4787	0.26961917	False
464	2.8676994391739083	0.3501675898040464	0.12210749321237038	DOCK3	0.2696188	False
465	2.8970723080378122	0.41267693158733726	0.1424461966111034	MANF	0.26961923	False
466	2.8970723080378122	0.41267693158733726	0.1424461966111034	RBM15B	0.26961923	False
467	2.8970723080378122	0.41267693158733726	0.1424461966111034	DCAF1	0.26961923	False
468	2.8970723080378122	0.41267693158733726	0.1424461966111034	RAD54L2	0.26961923	False
469	2.8970723080378122	0.41267693158733726	0.1424461966111034	TEX264	0.26961923	False
470	2.8970723080378122	0.41267693158733726	0.1424461966111034	GRM2	0.26961923	False
471	2.8970723080378122	0.41267693158733726	0.1424461966111034	IQCF6	0.26961923	False
472	2.8970723080378122	0.41267693158733726	0.1424461966111034	IQCF3	0.26961923	False
473	2.8970723080378122	0.41267693158733726	0.1424461966111034	IQCF2	0.26961923	False
474	2.8970723080378122	0.41267693158733726	0.1424461966111034	IQCF5-AS1	0.26961923	False
475	2.8970723080378122	0.41267693158733726	0.1424461966111034	IQCF5	0.26961923	False
476	3.152076217043727	0.8191873462961767	0.25988817842243583	LINC02032	0.2696218	False
477	3.2315536209443305	0.9274229904777332	0.2869898195304338	AGTR1	0.26962247	False
478	3.2315536209443305	0.9274229904777332	0.2869898195304338	CPB1	0.26962247	False
479	3.2315536209443305	0.9274229904777332	0.2869898195304338	CPA3	0.26962247	False
480	3.1704501203245625	0.7928131282336001	0.25006327119016114	GYG1	0.26962164	False
481	3.1704501203245625	0.7928131282336001	0.25006327119016114	HLTF	0.26962164	False
482	3.1704501203245625	0.7928131282336001	0.25006327119016114	HLTF-AS1	0.26962164	False
483	3.269706877801976	0.9188862601493523	0.281030164014905	HPS3	0.26962268	False
484	3.269706877801976	0.9188862601493523	0.281030164014905	CP	0.26962268	False
485	3.269706877801976	0.9188862601493523	0.281030164014905	TM4SF18	0.26962268	False
486	3.269706877801976	0.9188862601493523	0.281030164014905	TM4SF1	0.26962268	False
487	3.269706877801976	0.9188862601493523	0.281030164014905	TM4SF1-AS1	0.26962268	False
488	3.269706877801976	0.9188862601493523	0.281030164014905	TM4SF4	0.26962268	False
489	3.269706877801976	0.9188862601493523	0.281030164014905	WWTR1	0.26962268	False
490	3.269706877801976	0.9188862601493523	0.281030164014905	WWTR1-AS1	0.26962268	False
491	3.269706877801976	0.9188862601493523	0.281030164014905	COMMD2	0.26962268	False
492	3.1680852907496044	0.746812251220414	0.23572984395369917	ANKUB1	0.26962152	False
493	3.1680852907496044	0.746812251220414	0.23572984395369917	RNF13	0.26962152	False
494	3.1680852907496044	0.746812251220414	0.23572984395369917	PFN2	0.26962152	False
495	3.202478093188867	0.8184240527177872	0.25555961005898453	LINC01213	0.26962197	False
496	3.202478093188867	0.8184240527177872	0.25555961005898453	LINC01214	0.26962197	False
497	3.202478093188867	0.8184240527177872	0.25555961005898453	TSC22D2	0.26962197	False
498	3.202478093188867	0.8184240527177872	0.25555961005898453	SERP1	0.26962197	False
499	3.202478093188867	0.8184240527177872	0.25555961005898453	EIF2A	0.26962197	False
500	3.202478093188867	0.8184240527177872	0.25555961005898453	SELENOT	0.26962197	False
501	3.202478093188867	0.8184240527177872	0.25555961005898453	ERICH6	0.26962197	False
502	3.202478093188867	0.8184240527177872	0.25555961005898453	ERICH6-AS1	0.26962197	False
503	3.202478093188867	0.8184240527177872	0.25555961005898453	SIAH2	0.26962197	False
504	3.06030970068577	0.6614500924461246	0.21613828570941807	CLRN1-AS1	0.26962078	False
505	3.06030970068577	0.6614500924461246	0.21613828570941807	CLRN1	0.26962078	False
506	3.06030970068577	0.6614500924461246	0.21613828570941807	MED12L	0.26962078	False
507	3.0593054419710093	0.6591894947895085	0.21547031092286573	RPL39L	0.26962075	False
508	3.0593054419710093	0.6591894947895085	0.21547031092286573	LOC101929106	0.26962075	False
509	3.0593054419710093	0.6591894947895085	0.21547031092286573	RTP1	0.26962075	False
510	3.0593054419710093	0.6591894947895085	0.21547031092286573	MASP1	0.26962075	False
511	3.0593054419710093	0.6591894947895085	0.21547031092286573	RTP4	0.26962075	False
512	3.0593054419710093	0.6591894947895085	0.21547031092286573	SST	0.26962075	False
513	3.0593054419710093	0.6591894947895085	0.21547031092286573	RTP2	0.26962075	False
514	3.0593054419710093	0.6591894947895085	0.21547031092286573	LOC100131635	0.26962075	False
515	3.0593054419710093	0.6591894947895085	0.21547031092286573	BCL6	0.26962075	False
516	3.171344605798186	0.7951279045733238	0.25072264399131755	LPP-AS2	0.2696216	False
517	3.171344605798186	0.7951279045733238	0.25072264399131755	LPP	0.2696216	False
518	3.171344605798186	0.7951279045733238	0.25072264399131755	FLJ42393	0.2696216	False
519	3.171344605798186	0.7951279045733238	0.25072264399131755	LPP-AS1	0.2696216	False
520	3.171344605798186	0.7951279045733238	0.25072264399131755	MIR28	0.2696216	False
521	3.046217442950513	0.6544457324346448	0.21483881065324084	TPRG1-AS1	0.26962063	False
522	3.046217442950513	0.6544457324346448	0.21483881065324084	TPRG1	0.26962063	False
523	3.0201963522108017	0.612528765791562	0.20281090841765545	TBC1D1	0.26962057	False
524	3.0201963522108017	0.612528765791562	0.20281090841765545	PTTG2	0.26962057	False
525	3.1351486362206784	0.7318855844661227	0.2334452587065816	LINC01258	0.26962128	False
526	3.1351486362206784	0.7318855844661227	0.2334452587065816	KLF3-AS1	0.26962128	False
527	3.1351486362206784	0.7318855844661227	0.2334452587065816	KLF3	0.26962128	False
528	3.1351486362206784	0.7318855844661227	0.2334452587065816	TLR10	0.26962128	False
529	3.1351486362206784	0.7318855844661227	0.2334452587065816	TLR1	0.26962128	False
530	3.1351486362206784	0.7318855844661227	0.2334452587065816	TLR6	0.26962128	False
531	2.999805856464571	0.5686186437617321	0.18955181467372662	FAM114A1	0.26962024	False
532	3.1351486362206784	0.7318855844661227	0.2334452587065816	MIR574	0.26962128	False
533	2.999805856464571	0.5686186437617321	0.18955181467372662	TMEM156	0.26962024	False
534	2.999805856464571	0.5686186437617321	0.18955181467372662	KLHL5	0.26962024	False
535	3.031842828327419	0.6085837993967987	0.20073065586072517	WDR19	0.26962054	False
536	3.031842828327419	0.6085837993967987	0.20073065586072517	RFC1	0.26962054	False
537	3.031842828327419	0.6085837993967987	0.20073065586072517	KLB	0.26962054	False
538	3.031842828327419	0.6085837993967987	0.20073065586072517	MIR5591	0.26962054	False
539	3.031842828327419	0.6085837993967987	0.20073065586072517	RPL9	0.26962054	False
540	3.031842828327419	0.6085837993967987	0.20073065586072517	LIAS	0.26962054	False
541	3.031842828327419	0.6085837993967987	0.20073065586072517	UGDH	0.26962054	False
542	3.031842828327419	0.6085837993967987	0.20073065586072517	UGDH-AS1	0.26962054	False
543	3.031842828327419	0.6085837993967987	0.20073065586072517	SMIM14	0.26962054	False
544	3.031842828327419	0.6085837993967987	0.20073065586072517	UBE2K	0.26962054	False
545	3.2397450051027397	0.8923505842745766	0.275438524596561	UGT2A3	0.2696226	False
546	3.2397450051027397	0.8923505842745766	0.275438524596561	UGT2B11	0.2696226	False
547	3.2397450051027397	0.8923505842745766	0.275438524596561	UGT2B7	0.2696226	False
548	3.439852243302915	1.180384204876949	0.34314968242460175	UGT2B28	0.26962498	False
549	3.439852243302915	1.180384204876949	0.34314968242460175	UGT2B4	0.26962498	False
550	3.439852243302915	1.180384204876949	0.34314968242460175	UGT2A1	0.26962498	False
551	3.439852243302915	1.180384204876949	0.34314968242460175	UGT2A2	0.26962498	False
552	3.439852243302915	1.180384204876949	0.34314968242460175	SULT1B1	0.26962498	False
553	3.439852243302915	1.180384204876949	0.34314968242460175	SULT1E1	0.26962498	False
554	3.2767109812651363	0.9331652510215669	0.2847871711472314	CSN1S1	0.26962292	False
555	3.2767109812651363	0.9331652510215669	0.2847871711472314	CSN2	0.26962292	False
556	3.2767109812651363	0.9331652510215669	0.2847871711472314	STATH	0.26962292	False
557	3.2767109812651363	0.9331652510215669	0.2847871711472314	HTN3	0.26962292	False
558	3.2767109812651363	0.9331652510215669	0.2847871711472314	HTN1	0.26962292	False
559	3.362582153874023	1.0839856342721976	0.3223670336272202	CSN1S2BP	0.26962408	False
560	3.362582153874023	1.0839856342721976	0.3223670336272202	PRR27	0.26962408	False
561	3.362582153874023	1.0839856342721976	0.3223670336272202	ODAM	0.26962408	False
562	3.362582153874023	1.0839856342721976	0.3223670336272202	FDCSP	0.26962408	False
563	3.362582153874023	1.0839856342721976	0.3223670336272202	CSN3	0.26962408	False
564	3.362582153874023	1.0839856342721976	0.3223670336272202	CABS1	0.26962408	False
565	3.362582153874023	1.0839856342721976	0.3223670336272202	SMR3A	0.26962408	False
566	3.362582153874023	1.0839856342721976	0.3223670336272202	SMR3B	0.26962408	False
567	3.362582153874023	1.0839856342721976	0.3223670336272202	OPRPN	0.26962408	False
568	3.362582153874023	1.0839856342721976	0.3223670336272202	MUC7	0.26962408	False
569	3.362582153874023	1.0839856342721976	0.3223670336272202	AMTN	0.26962408	False
570	3.362582153874023	1.0839856342721976	0.3223670336272202	AMBN	0.26962408	False
571	3.362582153874023	1.0839856342721976	0.3223670336272202	ENAM	0.26962408	False
572	3.362582153874023	1.0839856342721976	0.3223670336272202	JCHAIN	0.26962408	False
573	3.362582153874023	1.0839856342721976	0.3223670336272202	UTP3	0.26962408	False
574	3.362582153874023	1.0839856342721976	0.3223670336272202	RUFY3	0.26962408	False
575	3.362582153874023	1.0839856342721976	0.3223670336272202	GRSF1	0.26962408	False
576	3.4014200490047646	1.1042758608308743	0.3246514235000111	RAP1GDS1	0.2696245	False
577	3.4014200490047646	1.1042758608308743	0.3246514235000111	TSPAN5	0.2696245	False
578	3.3233962840764337	0.9534397813659357	0.2868871780155146	EIF4E	0.26962322	False
579	3.3233962840764337	0.9534397813659357	0.2868871780155146	METAP1	0.26962322	False
580	3.3233962840764337	0.9534397813659357	0.2868871780155146	MIR3684	0.26962322	False
581	3.3233962840764337	0.9534397813659357	0.2868871780155146	ADH5	0.26962322	False
582	3.3233962840764337	0.9534397813659357	0.2868871780155146	LOC100507053	0.26962322	False
583	3.484584604382657	1.201937230016767	0.3449298457282563	ADH4	0.26962528	False
584	3.484584604382657	1.201937230016767	0.3449298457282563	ADH6	0.26962528	False
585	3.484584604382657	1.201937230016767	0.3449298457282563	ADH1A	0.26962528	False
586	3.484584604382657	1.201937230016767	0.3449298457282563	ADH1B	0.26962528	False
587	3.484584604382657	1.201937230016767	0.3449298457282563	ADH1C	0.26962528	False
588	3.484584604382657	1.201937230016767	0.3449298457282563	ADH7	0.26962528	False
589	3.484584604382657	1.201937230016767	0.3449298457282563	C4orf17	0.26962528	False
590	3.484584604382657	1.201937230016767	0.3449298457282563	TRMT10A	0.26962528	False
591	3.484584604382657	1.201937230016767	0.3449298457282563	MTTP	0.26962528	False
592	3.484584604382657	1.201937230016767	0.3449298457282563	DAPP1	0.26962528	False
593	3.484584604382657	1.201937230016767	0.3449298457282563	LAMTOR3	0.26962528	False
594	3.2945016928550577	0.8656170057233215	0.26274595869858747	DNAJB14	0.2696225	False
595	3.2945016928550577	0.8656170057233215	0.26274595869858747	H2AFZ	0.2696225	False
596	3.2945016928550577	0.8656170057233215	0.26274595869858747	LOC256880	0.2696225	False
597	3.2229302484550244	0.840951787575451	0.2609277032844809	DDIT4L	0.26962212	False
598	3.2229302484550244	0.840951787575451	0.2609277032844809	LOC101929353	0.26962212	False
599	3.2229302484550244	0.840951787575451	0.2609277032844809	EMCN	0.26962212	False
600	3.2229302484550244	0.840951787575451	0.2609277032844809	LINC01216	0.26962212	False
601	3.1718375192816253	0.7409429396739701	0.23360053444407922	PPP3CA	0.26962155	False
602	3.200256822367631	0.8605898563003909	0.26891274796617876	MIR8066	0.26962236	False
603	3.200256822367631	0.8605898563003909	0.26891274796617876	MIR1255A	0.26962236	False
604	3.200256822367631	0.8605898563003909	0.26891274796617876	FLJ20021	0.26962236	False
605	3.1594171722415267	0.7747111471883237	0.24520698120998238	BANK1	0.26962173	False
606	3.242448452333023	0.9570684497410379	0.29516843947122834	SLC39A8	0.269623	False
607	3.242448452333023	0.9570684497410379	0.29516843947122834	NFKB1	0.269623	False
608	3.242448452333023	0.9570684497410379	0.29516843947122834	MANBA	0.269623	False
609	3.242448452333023	0.9570684497410379	0.29516843947122834	UBE2D3	0.269623	False
610	3.242448452333023	0.9570684497410379	0.29516843947122834	LOC105377348	0.269623	False
611	3.242448452333023	0.9570684497410379	0.29516843947122834	CISD2	0.269623	False
612	3.105539514510958	0.7549895503311839	0.2431105921542509	SLC9B1	0.26962155	False
613	3.105539514510958	0.7549895503311839	0.2431105921542509	SLC9B2	0.26962155	False
614	3.105539514510958	0.7549895503311839	0.2431105921542509	BDH2	0.26962155	False
615	3.1680908015683165	0.8656254853581034	0.273232536431591	CENPE	0.26962227	False
616	3.1680908015683165	0.8656254853581034	0.273232536431591	LINC02428	0.26962227	False
617	3.1680908015683165	0.8656254853581034	0.273232536431591	TACR3	0.26962227	False
618	3.1312244423088194	0.7654236823172744	0.2444486801951784	C6	0.26962155	False
619	3.1312244423088194	0.7654236823172744	0.2444486801951784	PLCXD3	0.26962155	False
620	3.1312244423088194	0.7654236823172744	0.2444486801951784	OXCT1	0.26962155	False
621	3.1312244423088194	0.7654236823172744	0.2444486801951784	OXCT1-AS1	0.26962155	False
622	3.0692486664426992	0.6434039168788372	0.20962912647431434	C5orf51	0.26962087	False
623	3.0692486664426992	0.6434039168788372	0.20962912647431434	FBXO4	0.26962087	False
624	3.1195024428286495	0.7196153807122548	0.2306827431299378	GHR	0.26962137	False
625	3.1195024428286495	0.7196153807122548	0.2306827431299378	CCDC152	0.26962137	False
626	3.1195024428286495	0.7196153807122548	0.2306827431299378	SELENOP	0.26962137	False
627	3.079341961962023	0.6663588917935286	0.21639652238199414	LOC648987	0.269621	False
628	3.079341961962023	0.6663588917935286	0.21639652238199414	ANXA2R	0.269621	False
629	3.079341961962023	0.6663588917935286	0.21639652238199414	LOC153684	0.269621	False
630	3.079341961962023	0.6663588917935286	0.21639652238199414	LOC100506639	0.269621	False
631	3.167399478557989	0.8208948344716194	0.2591699720950088	ZNF131	0.26962197	False
632	3.167399478557989	0.8208948344716194	0.2591699720950088	NIM1K	0.26962197	False
633	3.167399478557989	0.8208948344716194	0.2591699720950088	HMGCS1	0.26962197	False
634	3.167399478557989	0.8208948344716194	0.2591699720950088	CCL28	0.26962197	False
635	3.167399478557989	0.8208948344716194	0.2591699720950088	TMEM267	0.26962197	False
636	3.167399478557989	0.8208948344716194	0.2591699720950088	C5orf34	0.26962197	False
637	3.167399478557989	0.8208948344716194	0.2591699720950088	PAIP1	0.26962197	False
638	3.167399478557989	0.8208948344716194	0.2591699720950088	NNT-AS1	0.26962197	False
639	3.167399478557989	0.8208948344716194	0.2591699720950088	NNT	0.26962197	False
640	3.229937245471089	0.9815200884086097	0.30388209237961655	LINC01339	0.26962295	False
641	3.229937245471089	0.9815200884086097	0.30388209237961655	CETN3	0.26962295	False
642	3.229937245471089	0.9815200884086097	0.30388209237961655	LOC731157	0.26962295	False
643	3.229937245471089	0.9815200884086097	0.30388209237961655	MBLAC2	0.26962295	False
644	3.229937245471089	0.9815200884086097	0.30388209237961655	POLR3G	0.26962295	False
645	3.229937245471089	0.9815200884086097	0.30388209237961655	LYSMD3	0.26962295	False
646	3.1242881937109157	0.8046695365603292	0.2575529165907618	ADGRV1	0.26962173	False
647	3.2188052628324018	0.9564234423264207	0.2971361620941342	LUCAT1	0.2696227	False
648	3.2188052628324018	0.9564234423264207	0.2971361620941342	ARRDC3	0.2696227	False
649	3.2188052628324018	0.9564234423264207	0.2971361620941342	ARRDC3-AS1	0.2696227	False
650	3.149652679407906	0.7897078168124534	0.25072853968168585	FAM172A	0.26962176	False
651	3.2509304262622005	0.9429899422348791	0.2900677094216052	KIAA0825	0.2696227	False
652	3.2509304262622005	0.9429899422348791	0.2900677094216052	SLF1	0.2696227	False
653	3.205836213806299	0.8245612529191633	0.2572062943727743	MCTP1	0.26962203	False
654	3.3544096245233095	1.0074287952229508	0.3003296877810846	FAM81B	0.26962352	False
655	3.3544096245233095	1.0074287952229508	0.3003296877810846	TTC37	0.26962352	False
656	3.3544096245233095	1.0074287952229508	0.3003296877810846	ARSK	0.26962352	False
657	3.3544096245233095	1.0074287952229508	0.3003296877810846	GPR150	0.26962352	False
658	3.3544096245233095	1.0074287952229508	0.3003296877810846	RFESD	0.26962352	False
659	3.3544096245233095	1.0074287952229508	0.3003296877810846	SPATA9	0.26962352	False
660	3.3544096245233095	1.0074287952229508	0.3003296877810846	RHOBTB3	0.26962352	False
661	3.3544096245233095	1.0074287952229508	0.3003296877810846	GLRX	0.26962352	False
662	3.3544096245233095	1.0074287952229508	0.3003296877810846	LINC01554	0.26962352	False
663	3.2171225954386946	0.7922421244452688	0.24625798394146578	ELL2	0.2696219	False
664	3.2171225954386946	0.7922421244452688	0.24625798394146578	LOC101929710	0.2696219	False
665	3.2171225954386946	0.7922421244452688	0.24625798394146578	MIR583	0.2696219	False
666	3.2761767527096537	0.8900937525545035	0.27168673113205094	PCSK1	0.26962265	False
667	3.2761767527096537	0.8900937525545035	0.27168673113205094	CAST	0.26962265	False
668	3.2761767527096537	0.8900937525545035	0.27168673113205094	ERAP1	0.26962265	False
669	3.442680232193641	0.9215635028209248	0.26768780155736793	HINT1	0.26962343	False
670	3.442680232193641	0.9215635028209248	0.26768780155736793	LYRM7	0.26962343	False
671	3.442680232193641	0.9215635028209248	0.26768780155736793	CDC42SE2	0.26962343	False
672	3.442680232193641	0.9215635028209248	0.26768780155736793	RAPGEF6	0.26962343	False
673	3.442680232193641	0.9215635028209248	0.26768780155736793	FNIP1	0.26962343	False
674	3.3638193865499075	0.7750546014752834	0.23040910120629754	MEIKIN	0.2696224	False
675	3.3638193865499075	0.7750546014752834	0.23040910120629754	ACSL6	0.2696224	False
676	3.3638193865499075	0.7750546014752834	0.23040910120629754	IL3	0.2696224	False
677	3.3638193865499075	0.7750546014752834	0.23040910120629754	CSF2	0.2696224	False
678	3.420018458114376	0.8574944345793966	0.25072801362954494	P4HA2-AS1	0.26962298	False
679	3.420018458114376	0.8574944345793966	0.25072801362954494	P4HA2	0.26962298	False
680	3.420018458114376	0.8574944345793966	0.25072801362954494	PDLIM4	0.26962298	False
681	3.420018458114376	0.8574944345793966	0.25072801362954494	SLC22A4	0.26962298	False
682	3.420018458114376	0.8574944345793966	0.25072801362954494	MIR3936HG	0.26962298	False
683	3.420018458114376	0.8574944345793966	0.25072801362954494	MIR3936	0.26962298	False
684	3.420018458114376	0.8574944345793966	0.25072801362954494	SLC22A5	0.26962298	False
685	3.420018458114376	0.8574944345793966	0.25072801362954494	C5orf56	0.26962298	False
686	3.420018458114376	0.8574944345793966	0.25072801362954494	IRF1	0.26962298	False
687	3.420018458114376	0.8574944345793966	0.25072801362954494	IL5	0.26962298	False
688	3.420018458114376	0.8574944345793966	0.25072801362954494	RAD50	0.26962298	False
689	3.420018458114376	0.8574944345793966	0.25072801362954494	TH2LCRR	0.26962298	False
690	3.420018458114376	0.8574944345793966	0.25072801362954494	IL13	0.26962298	False
691	3.420018458114376	0.8574944345793966	0.25072801362954494	IL4	0.26962298	False
692	3.420018458114376	0.8574944345793966	0.25072801362954494	KIF3A	0.26962298	False
693	3.420018458114376	0.8574944345793966	0.25072801362954494	CCNI2	0.26962298	False
694	3.420018458114376	0.8574944345793966	0.25072801362954494	SEPT8	0.26962298	False
695	3.420018458114376	0.8574944345793966	0.25072801362954494	SOWAHA	0.26962298	False
696	3.420018458114376	0.8574944345793966	0.25072801362954494	SHROOM1	0.26962298	False
697	3.420018458114376	0.8574944345793966	0.25072801362954494	GDF9	0.26962298	False
698	3.420018458114376	0.8574944345793966	0.25072801362954494	UQCRQ	0.26962298	False
699	3.420018458114376	0.8574944345793966	0.25072801362954494	LEAP2	0.26962298	False
700	3.2284938089041755	0.6608379505809238	0.204689242010728	AFF4	0.2696213	False
701	3.2284938089041755	0.6608379505809238	0.204689242010728	ZCCHC10	0.2696213	False
702	3.2284938089041755	0.6608379505809238	0.204689242010728	HSPA4	0.2696213	False
703	3.1624128521170363	0.6567753224715708	0.2076817143061827	FSTL4	0.26962093	False
704	3.1624128521170363	0.6567753224715708	0.2076817143061827	MIR1289-2	0.26962093	False
705	3.1168785044827776	0.5971639200035394	0.19159037451882782	WSPAR	0.2696206	False
706	3.1168785044827776	0.5971639200035394	0.19159037451882782	C5orf15	0.2696206	False
707	3.1168785044827776	0.5971639200035394	0.19159037451882782	VDAC1	0.2696206	False
708	3.118136300408689	0.6531672860967607	0.20947361602222173	TCF7	0.26962093	False
709	3.118136300408689	0.6531672860967607	0.20947361602222173	SKP1	0.26962093	False
710	3.118136300408689	0.6531672860967607	0.20947361602222173	PPP2CA	0.26962093	False
711	3.118136300408689	0.6531672860967607	0.20947361602222173	CDKL3	0.26962093	False
712	3.118136300408689	0.6531672860967607	0.20947361602222173	MIR3661	0.26962093	False
713	3.118136300408689	0.6531672860967607	0.20947361602222173	UBE2B	0.26962093	False
714	3.118136300408689	0.6531672860967607	0.20947361602222173	CDKN2AIPNL	0.26962093	False
715	3.118136300408689	0.6531672860967607	0.20947361602222173	LOC102546229	0.26962093	False
716	3.118136300408689	0.6531672860967607	0.20947361602222173	LINC01843	0.26962093	False
717	3.118136300408689	0.6531672860967607	0.20947361602222173	JADE2	0.26962093	False
718	3.118136300408689	0.6531672860967607	0.20947361602222173	SAR1B	0.26962093	False
719	3.118136300408689	0.6531672860967607	0.20947361602222173	SEC24A	0.26962093	False
720	3.118136300408689	0.6531672860967607	0.20947361602222173	CAMLG	0.26962093	False
721	3.118136300408689	0.6531672860967607	0.20947361602222173	DDX46	0.26962093	False
722	3.118136300408689	0.6531672860967607	0.20947361602222173	C5orf24	0.26962093	False
723	2.996034382381821	0.5355776753542155	0.17876219261824222	TXNDC15	0.26962006	False
724	2.996034382381821	0.5355776753542155	0.17876219261824222	PCBD2	0.26962006	False
725	2.996034382381821	0.5355776753542155	0.17876219261824222	CATSPER3	0.26962006	False
726	2.996034382381821	0.5355776753542155	0.17876219261824222	PITX1	0.26962006	False
727	2.996034382381821	0.5355776753542155	0.17876219261824222	C5orf66	0.26962006	False
728	2.996034382381821	0.5355776753542155	0.17876219261824222	C5orf66-AS1	0.26962006	False
729	2.963106351966752	0.4782375285811224	0.1613973552666086	PKD2L2	0.26961967	False
730	2.963106351966752	0.4782375285811224	0.1613973552666086	FAM13B	0.26961967	False
731	2.963106351966752	0.4782375285811224	0.1613973552666086	LOC100130172	0.26961967	False
732	2.963106351966752	0.4782375285811224	0.1613973552666086	WNT8A	0.26961967	False
733	3.145034371447789	0.6009205422741289	0.19106962637025188	NME5	0.26962063	False
734	3.145034371447789	0.6009205422741289	0.19106962637025188	BRD8	0.26962063	False
735	3.145034371447789	0.6009205422741289	0.19106962637025188	KIF20A	0.26962063	False
736	3.145034371447789	0.6009205422741289	0.19106962637025188	CDC23	0.26962063	False
737	3.145034371447789	0.6009205422741289	0.19106962637025188	GFRA3	0.26962063	False
738	3.145034371447789	0.6009205422741289	0.19106962637025188	CDC25C	0.26962063	False
739	3.145034371447789	0.6009205422741289	0.19106962637025188	FAM53C	0.26962063	False
740	3.145034371447789	0.6009205422741289	0.19106962637025188	KDM3B	0.26962063	False
741	3.145034371447789	0.6009205422741289	0.19106962637025188	REEP2	0.26962063	False
742	3.145034371447789	0.6009205422741289	0.19106962637025188	EGR1	0.26962063	False
743	3.145034371447789	0.6009205422741289	0.19106962637025188	ETF1	0.26962063	False
744	3.145034371447789	0.6009205422741289	0.19106962637025188	HSPA9	0.26962063	False
745	3.145034371447789	0.6009205422741289	0.19106962637025188	SNORD63	0.26962063	False
746	3.134282732713062	0.5350006006798699	0.17069315256596804	CTNNA1	0.26962027	False
747	3.145034371447789	0.6009205422741289	0.19106962637025188	LOC105379194	0.26962063	False
748	3.145034371447789	0.6009205422741289	0.19106962637025188	LRRTM2	0.26962063	False
749	3.134282732713062	0.5350006006798699	0.17069315256596804	SIL1	0.26962027	False
750	3.255037980583791	0.6178271591667529	0.1898064363156665	MATR3	0.26962107	False
751	3.255037980583791	0.6178271591667529	0.1898064363156665	SNHG4	0.26962107	False
752	3.255037980583791	0.6178271591667529	0.1898064363156665	SNORA74A	0.26962107	False
753	3.255037980583791	0.6178271591667529	0.1898064363156665	PAIP2	0.26962107	False
754	3.255037980583791	0.6178271591667529	0.1898064363156665	SLC23A1	0.26962107	False
755	3.255037980583791	0.6178271591667529	0.1898064363156665	MZB1	0.26962107	False
756	3.255037980583791	0.6178271591667529	0.1898064363156665	PROB1	0.26962107	False
757	3.255037980583791	0.6178271591667529	0.1898064363156665	SPATA24	0.26962107	False
758	3.255037980583791	0.6178271591667529	0.1898064363156665	DNAJC18	0.26962107	False
759	3.255037980583791	0.6178271591667529	0.1898064363156665	ECSCR	0.26962107	False
760	3.255037980583791	0.6178271591667529	0.1898064363156665	TMEM173	0.26962107	False
761	3.255037980583791	0.6178271591667529	0.1898064363156665	UBE2D2	0.26962107	False
762	3.255037980583791	0.6178271591667529	0.1898064363156665	CXXC5	0.26962107	False
763	3.255037980583791	0.6178271591667529	0.1898064363156665	PSD2-AS1	0.26962107	False
764	3.255037980583791	0.6178271591667529	0.1898064363156665	PSD2	0.26962107	False
765	3.2191922988534154	0.5556207062032764	0.1725963082109673	NRG2	0.2696206	False
766	3.2191922988534154	0.5556207062032764	0.1725963082109673	MALINC1	0.2696206	False
767	3.338451083536002	0.6658694690622304	0.19945461305275694	PURA	0.2696215	False
768	3.338451083536002	0.6658694690622304	0.19945461305275694	IGIP	0.2696215	False
769	3.338451083536002	0.6658694690622304	0.19945461305275694	LOC101929719	0.2696215	False
770	3.338451083536002	0.6658694690622304	0.19945461305275694	CYSTM1	0.2696215	False
771	3.338451083536002	0.6658694690622304	0.19945461305275694	PFDN1	0.2696215	False
772	3.338451083536002	0.6658694690622304	0.19945461305275694	HBEGF	0.2696215	False
773	3.338451083536002	0.6658694690622304	0.19945461305275694	SLC4A9	0.2696215	False
774	3.338451083536002	0.6658694690622304	0.19945461305275694	ANKHD1	0.2696215	False
775	3.338451083536002	0.6658694690622304	0.19945461305275694	ANKHD1-EIF4EBP3	0.2696215	False
776	3.338451083536002	0.6658694690622304	0.19945461305275694	SRA1	0.2696215	False
777	3.338451083536002	0.6658694690622304	0.19945461305275694	EIF4EBP3	0.2696215	False
778	3.338451083536002	0.6658694690622304	0.19945461305275694	APBB3	0.2696215	False
779	3.338451083536002	0.6658694690622304	0.19945461305275694	MIR6831	0.2696215	False
780	3.338451083536002	0.6658694690622304	0.19945461305275694	SLC35A4	0.2696215	False
781	3.338451083536002	0.6658694690622304	0.19945461305275694	CD14	0.2696215	False
782	3.338451083536002	0.6658694690622304	0.19945461305275694	NDUFA2	0.2696215	False
783	3.338451083536002	0.6658694690622304	0.19945461305275694	TMCO6	0.2696215	False
784	3.338451083536002	0.6658694690622304	0.19945461305275694	IK	0.2696215	False
785	3.338451083536002	0.6658694690622304	0.19945461305275694	MIR3655	0.2696215	False
786	3.338451083536002	0.6658694690622304	0.19945461305275694	WDR55	0.2696215	False
787	3.338451083536002	0.6658694690622304	0.19945461305275694	DND1	0.2696215	False
788	3.338451083536002	0.6658694690622304	0.19945461305275694	HARS	0.2696215	False
789	3.338451083536002	0.6658694690622304	0.19945461305275694	HARS2	0.2696215	False
790	3.338451083536002	0.6658694690622304	0.19945461305275694	ZMAT2	0.2696215	False
791	3.338451083536002	0.6658694690622304	0.19945461305275694	VTRNA1-1	0.2696215	False
792	3.338451083536002	0.6658694690622304	0.19945461305275694	VTRNA1-2	0.2696215	False
793	3.338451083536002	0.6658694690622304	0.19945461305275694	VTRNA1-3	0.2696215	False
794	3.2126577037520354	0.5557655471409509	0.17299245621215018	PCDHA1	0.26962063	False
795	3.2126577037520354	0.5557655471409509	0.17299245621215018	PCDHA2	0.26962063	False
796	3.2126577037520354	0.5557655471409509	0.17299245621215018	PCDHA3	0.26962063	False
797	3.2126577037520354	0.5557655471409509	0.17299245621215018	PCDHA4	0.26962063	False
798	3.2126577037520354	0.5557655471409509	0.17299245621215018	PCDHA5	0.26962063	False
799	3.2126577037520354	0.5557655471409509	0.17299245621215018	PCDHA6	0.26962063	False
800	3.2126577037520354	0.5557655471409509	0.17299245621215018	PCDHA7	0.26962063	False
801	3.2126577037520354	0.5557655471409509	0.17299245621215018	PCDHA8	0.26962063	False
802	3.2126577037520354	0.5557655471409509	0.17299245621215018	PCDHA9	0.26962063	False
803	3.2126577037520354	0.5557655471409509	0.17299245621215018	PCDHA10	0.26962063	False
804	3.2126577037520354	0.5557655471409509	0.17299245621215018	PCDHA11	0.26962063	False
805	3.2126577037520354	0.5557655471409509	0.17299245621215018	PCDHA12	0.26962063	False
806	3.2126577037520354	0.5557655471409509	0.17299245621215018	PCDHA13	0.26962063	False
807	3.2126577037520354	0.5557655471409509	0.17299245621215018	PCDHAC1	0.26962063	False
808	3.2126577037520354	0.5557655471409509	0.17299245621215018	PCDHAC2	0.26962063	False
809	3.2126577037520354	0.5557655471409509	0.17299245621215018	LOC101926905	0.26962063	False
810	3.2126577037520354	0.5557655471409509	0.17299245621215018	PCDHB1	0.26962063	False
811	3.2126577037520354	0.5557655471409509	0.17299245621215018	PCDHB2	0.26962063	False
812	3.164302914960425	0.6002356295467345	0.1896896870109673	PCDHB3	0.2696207	False
813	3.164302914960425	0.6002356295467345	0.1896896870109673	PCDHB4	0.2696207	False
814	3.164302914960425	0.6002356295467345	0.1896896870109673	PCDHB5	0.2696207	False
815	3.164302914960425	0.6002356295467345	0.1896896870109673	PCDHB6	0.2696207	False
816	3.164302914960425	0.6002356295467345	0.1896896870109673	PCDHB7	0.2696207	False
817	3.164302914960425	0.6002356295467345	0.1896896870109673	PCDHB8	0.2696207	False
818	3.164302914960425	0.6002356295467345	0.1896896870109673	PCDHB16	0.2696207	False
819	3.164302914960425	0.6002356295467345	0.1896896870109673	PCDHB9	0.2696207	False
820	3.164302914960425	0.6002356295467345	0.1896896870109673	PCDHB10	0.2696207	False
821	3.164302914960425	0.6002356295467345	0.1896896870109673	PCDHB11	0.2696207	False
822	3.164302914960425	0.6002356295467345	0.1896896870109673	PCDHB12	0.2696207	False
823	3.164302914960425	0.6002356295467345	0.1896896870109673	PCDHB13	0.2696207	False
824	3.164302914960425	0.6002356295467345	0.1896896870109673	PCDHB14	0.2696207	False
825	3.164302914960425	0.6002356295467345	0.1896896870109673	PCDHB15	0.2696207	False
826	3.164302914960425	0.6002356295467345	0.1896896870109673	SLC25A2	0.2696207	False
827	3.164302914960425	0.6002356295467345	0.1896896870109673	TAF7	0.2696207	False
828	3.164302914960425	0.6002356295467345	0.1896896870109673	PCDHGA1	0.2696207	False
829	3.164302914960425	0.6002356295467345	0.1896896870109673	PCDHGA2	0.2696207	False
830	3.164302914960425	0.6002356295467345	0.1896896870109673	PCDHGA3	0.2696207	False
831	3.164302914960425	0.6002356295467345	0.1896896870109673	PCDHGB1	0.2696207	False
832	3.164302914960425	0.6002356295467345	0.1896896870109673	PCDHGA4	0.2696207	False
833	3.164302914960425	0.6002356295467345	0.1896896870109673	PCDHGB2	0.2696207	False
834	3.164302914960425	0.6002356295467345	0.1896896870109673	PCDHGA5	0.2696207	False
835	3.164302914960425	0.6002356295467345	0.1896896870109673	PCDHGB3	0.2696207	False
836	3.164302914960425	0.6002356295467345	0.1896896870109673	PCDHGA6	0.2696207	False
837	3.164302914960425	0.6002356295467345	0.1896896870109673	PCDHGA7	0.2696207	False
838	3.164302914960425	0.6002356295467345	0.1896896870109673	PCDHGB4	0.2696207	False
839	3.164302914960425	0.6002356295467345	0.1896896870109673	PCDHGA8	0.2696207	False
840	3.164302914960425	0.6002356295467345	0.1896896870109673	PCDHGB5	0.2696207	False
841	3.164302914960425	0.6002356295467345	0.1896896870109673	PCDHGA9	0.2696207	False
842	3.164302914960425	0.6002356295467345	0.1896896870109673	PCDHGB6	0.2696207	False
843	3.164302914960425	0.6002356295467345	0.1896896870109673	PCDHGA10	0.2696207	False
844	3.164302914960425	0.6002356295467345	0.1896896870109673	PCDHGB7	0.2696207	False
845	3.164302914960425	0.6002356295467345	0.1896896870109673	PCDHGA11	0.2696207	False
846	3.164302914960425	0.6002356295467345	0.1896896870109673	PCDHGA12	0.2696207	False
847	3.164302914960425	0.6002356295467345	0.1896896870109673	PCDHGC3	0.2696207	False
848	3.164302914960425	0.6002356295467345	0.1896896870109673	PCDHGC4	0.2696207	False
849	3.164302914960425	0.6002356295467345	0.1896896870109673	PCDHGC5	0.2696207	False
850	3.164302914960425	0.6002356295467345	0.1896896870109673	DIAPH1	0.2696207	False
851	3.164302914960425	0.6002356295467345	0.1896896870109673	LOC100505658	0.2696207	False
852	3.164302914960425	0.6002356295467345	0.1896896870109673	HDAC3	0.2696207	False
853	3.164302914960425	0.6002356295467345	0.1896896870109673	RELL2	0.2696207	False
854	3.164302914960425	0.6002356295467345	0.1896896870109673	FCHSD1	0.2696207	False
855	3.164302914960425	0.6002356295467345	0.1896896870109673	ARAP3	0.2696207	False
856	3.164302914960425	0.6002356295467345	0.1896896870109673	PCDH1	0.2696207	False
857	3.0367891215496887	0.5131159445499414	0.16896660387406015	DELE1	0.26962	False
858	3.0367891215496887	0.5131159445499414	0.16896660387406015	PCDH12	0.26962	False
859	3.0367891215496887	0.5131159445499414	0.16896660387406015	RNF14	0.26962	False
860	3.0367891215496887	0.5131159445499414	0.16896660387406015	GNPDA1	0.26962	False
861	3.0374050799035617	0.6084283392942202	0.20031188573423273	NDFIP1	0.26962054	False
862	3.0374050799035617	0.6084283392942202	0.20031188573423273	SPRY4	0.26962054	False
863	3.0374050799035617	0.6084283392942202	0.20031188573423273	SPRY4-IT1	0.26962054	False
864	3.0374050799035617	0.6084283392942202	0.20031188573423273	SPRY4-AS1	0.26962054	False
865	3.0374050799035617	0.6084283392942202	0.20031188573423273	FGF1	0.26962054	False
866	3.0374050799035617	0.6084283392942202	0.20031188573423273	LINC01844	0.26962054	False
867	3.0374050799035617	0.6084283392942202	0.20031188573423273	ARHGAP26-AS1	0.26962054	False
868	3.1388953032237956	0.6666963348205845	0.21239839829504842	SPINK14	0.269621	False
869	3.1388953032237956	0.6666963348205845	0.21239839829504842	SPINK6	0.269621	False
870	3.1388953032237956	0.6666963348205845	0.21239839829504842	SPINK13	0.269621	False
871	3.1388953032237956	0.6666963348205845	0.21239839829504842	LOC102546294	0.269621	False
872	3.1388953032237956	0.6666963348205845	0.21239839829504842	SPINK7	0.269621	False
873	3.1388953032237956	0.6666963348205845	0.21239839829504842	SPINK9	0.269621	False
874	3.1388953032237956	0.6666963348205845	0.21239839829504842	FBXO38	0.269621	False
875	3.1388953032237956	0.6666963348205845	0.21239839829504842	HTR4	0.269621	False
876	3.1388953032237956	0.6666963348205845	0.21239839829504842	ADRB2	0.269621	False
877	3.141462929735437	0.6277815539292606	0.19983732673940233	SH3TC2	0.26962072	False
878	3.141462929735437	0.6277815539292606	0.19983732673940233	MIR584	0.26962072	False
879	3.141462929735437	0.6277815539292606	0.19983732673940233	SH3TC2-DT	0.26962072	False
880	3.2789389631908916	0.786275610343277	0.23979574465092046	ABLIM3	0.2696219	False
881	3.2789389631908916	0.786275610343277	0.23979574465092046	AFAP1L1	0.2696219	False
882	3.2789389631908916	0.786275610343277	0.23979574465092046	GRPEL2	0.2696219	False
883	3.2789389631908916	0.786275610343277	0.23979574465092046	GRPEL2-AS1	0.2696219	False
884	3.2789389631908916	0.786275610343277	0.23979574465092046	PCYOX1L	0.2696219	False
885	3.2789389631908916	0.786275610343277	0.23979574465092046	IL17B	0.2696219	False
886	3.2789389631908916	0.786275610343277	0.23979574465092046	CARMN	0.2696219	False
887	3.2789389631908916	0.786275610343277	0.23979574465092046	MIR143	0.2696219	False
888	3.2789389631908916	0.786275610343277	0.23979574465092046	MIR145	0.2696219	False
889	3.2789389631908916	0.786275610343277	0.23979574465092046	CSNK1A1	0.2696219	False
890	3.2789389631908916	0.786275610343277	0.23979574465092046	ARHGEF37	0.2696219	False
891	3.2789389631908916	0.786275610343277	0.23979574465092046	PPARGC1B	0.2696219	False
892	3.2789389631908916	0.786275610343277	0.23979574465092046	MIR378A	0.2696219	False
893	3.278579178207602	0.7551484573998647	0.23032796109341	PDE6A	0.26962188	False
894	3.278579178207602	0.7551484573998647	0.23032796109341	SLC26A2	0.26962188	False
895	3.278579178207602	0.7551484573998647	0.23032796109341	TIGD6	0.26962188	False
896	3.278579178207602	0.7551484573998647	0.23032796109341	HMGXB3	0.26962188	False
897	3.278579178207602	0.7551484573998647	0.23032796109341	CSF1R	0.26962188	False
898	3.420509209852051	0.9441725474406829	0.27603274527698807	PDGFRB	0.2696233	False
899	3.420509209852051	0.9441725474406829	0.27603274527698807	CDX1	0.2696233	False
900	3.420509209852051	0.9441725474406829	0.27603274527698807	SLC6A7	0.2696233	False
901	3.420509209852051	0.9441725474406829	0.27603274527698807	CAMK2A	0.2696233	False
902	3.420509209852051	0.9441725474406829	0.27603274527698807	ARSI	0.2696233	False
903	3.420509209852051	0.9441725474406829	0.27603274527698807	TCOF1	0.2696233	False
904	3.420509209852051	0.9441725474406829	0.27603274527698807	CD74	0.2696233	False
905	3.420509209852051	0.9441725474406829	0.27603274527698807	RPS14	0.2696233	False
906	3.420509209852051	0.9441725474406829	0.27603274527698807	NDST1-AS1	0.2696233	False
907	3.420509209852051	0.9441725474406829	0.27603274527698807	NDST1	0.2696233	False
908	3.420509209852051	0.9441725474406829	0.27603274527698807	SYNPO	0.2696233	False
909	3.420509209852051	0.9441725474406829	0.27603274527698807	MYOZ3	0.2696233	False
910	3.420509209852051	0.9441725474406829	0.27603274527698807	RBM22	0.2696233	False
911	3.420509209852051	0.9441725474406829	0.27603274527698807	DCTN4	0.2696233	False
912	3.420509209852051	0.9441725474406829	0.27603274527698807	SMIM3	0.2696233	False
913	3.420509209852051	0.9441725474406829	0.27603274527698807	IRGM	0.2696233	False
914	3.224030662804617	0.7185236484469554	0.22286501699146508	ZNF300	0.26962143	False
915	3.224030662804617	0.7185236484469554	0.22286501699146508	GPX3	0.26962143	False
916	3.224030662804617	0.7185236484469554	0.22286501699146508	TNIP1	0.26962143	False
917	3.182298499236153	0.7400981146950313	0.23256715700072667	ANXA6	0.26962143	False
918	3.182298499236153	0.7400981146950313	0.23256715700072667	CCDC69	0.26962143	False
919	3.182298499236153	0.7400981146950313	0.23256715700072667	GM2A	0.26962143	False
920	3.182298499236153	0.7400981146950313	0.23256715700072667	SLC36A3	0.26962143	False
921	3.182298499236153	0.7400981146950313	0.23256715700072667	SLC36A2	0.26962143	False
922	3.182298499236153	0.7400981146950313	0.23256715700072667	SLC36A1	0.26962143	False
923	3.182298499236153	0.7400981146950313	0.23256715700072667	FAT2	0.26962143	False
924	3.182298499236153	0.7400981146950313	0.23256715700072667	MIR6499	0.26962143	False
925	3.182298499236153	0.7400981146950313	0.23256715700072667	SPARC	0.26962143	False
926	3.182298499236153	0.7400981146950313	0.23256715700072667	CLMAT3	0.26962143	False
927	3.182298499236153	0.7400981146950313	0.23256715700072667	ATOX1	0.26962143	False
928	3.182298499236153	0.7400981146950313	0.23256715700072667	LOC100652758	0.26962143	False
929	3.182298499236153	0.7400981146950313	0.23256715700072667	G3BP1	0.26962143	False
930	2.9679650499082917	0.5300195834640545	0.17858012966845138	GLRA1	0.26961988	False
931	2.9679650499082917	0.5300195834640545	0.17858012966845138	LINC01933	0.26961988	False
932	3.0777860725056314	0.625751552774238	0.20331223094554213	RIPOR2	0.2696208	False
933	3.32820010817543	0.8812236308733645	0.26477483391359685	LOC101928663	0.26962292	False
934	3.32820010817543	0.8812236308733645	0.26477483391359685	CARMIL1	0.26962292	False
935	3.32820010817543	0.8812236308733645	0.26477483391359685	SCGN	0.26962292	False
936	3.32820010817543	0.8812236308733645	0.26477483391359685	HIST1H2AA	0.26962292	False
937	3.32820010817543	0.8812236308733645	0.26477483391359685	HIST1H2BA	0.26962292	False
938	3.32820010817543	0.8812236308733645	0.26477483391359685	SLC17A4	0.26962292	False
939	3.32820010817543	0.8812236308733645	0.26477483391359685	SLC17A1	0.26962292	False
940	3.32820010817543	0.8812236308733645	0.26477483391359685	SLC17A3	0.26962292	False
941	3.3927872001183648	0.9360844193278226	0.2759042533805731	SLC17A2	0.2696236	False
942	3.3927872001183648	0.9360844193278226	0.2759042533805731	TRIM38	0.2696236	False
943	3.3927872001183648	0.9360844193278226	0.2759042533805731	HIST1H1A	0.2696236	False
944	3.3927872001183648	0.9360844193278226	0.2759042533805731	HIST1H3A	0.2696236	False
945	3.3927872001183648	0.9360844193278226	0.2759042533805731	HIST1H4A	0.2696236	False
946	3.3927872001183648	0.9360844193278226	0.2759042533805731	HIST1H4B	0.2696236	False
947	3.3927872001183648	0.9360844193278226	0.2759042533805731	HIST1H3B	0.2696236	False
948	3.3927872001183648	0.9360844193278226	0.2759042533805731	HIST1H2AB	0.2696236	False
949	3.3927872001183648	0.9360844193278226	0.2759042533805731	HIST1H2BB	0.2696236	False
950	3.3927872001183648	0.9360844193278226	0.2759042533805731	HIST1H3C	0.2696236	False
951	3.3927872001183648	0.9360844193278226	0.2759042533805731	HIST1H1C	0.2696236	False
952	3.3927872001183648	0.9360844193278226	0.2759042533805731	HFE	0.2696236	False
953	3.6979675885222307	1.3887631876646422	0.37554769056794657	HIST1H4C	0.2696279	False
954	3.6979675885222307	1.3887631876646422	0.37554769056794657	HIST1H1T	0.2696279	False
955	3.6979675885222307	1.3887631876646422	0.37554769056794657	HIST1H2BC	0.2696279	False
956	3.6979675885222307	1.3887631876646422	0.37554769056794657	HIST1H1E	0.2696279	False
957	3.6979675885222307	1.3887631876646422	0.37554769056794657	HIST1H2BD	0.2696279	False
958	3.6979675885222307	1.3887631876646422	0.37554769056794657	HIST1H2BE	0.2696279	False
959	3.6979675885222307	1.3887631876646422	0.37554769056794657	HIST1H4D	0.2696279	False
960	3.6979675885222307	1.3887631876646422	0.37554769056794657	HIST1H3D	0.2696279	False
961	3.6979675885222307	1.3887631876646422	0.37554769056794657	HIST1H2AD	0.2696279	False
962	3.6979675885222307	1.3887631876646422	0.37554769056794657	HIST1H2BF	0.2696279	False
963	3.6979675885222307	1.3887631876646422	0.37554769056794657	HIST1H4E	0.2696279	False
964	3.6979675885222307	1.3887631876646422	0.37554769056794657	HIST1H2BG	0.2696279	False
965	3.6979675885222307	1.3887631876646422	0.37554769056794657	HIST1H2AE	0.2696279	False
966	3.6979675885222307	1.3887631876646422	0.37554769056794657	HIST1H3E	0.2696279	False
967	3.6979675885222307	1.3887631876646422	0.37554769056794657	HIST1H1D	0.2696279	False
968	3.6979675885222307	1.3887631876646422	0.37554769056794657	HIST1H4F	0.2696279	False
969	3.6979675885222307	1.3887631876646422	0.37554769056794657	HIST1H4G	0.2696279	False
970	3.6979675885222307	1.3887631876646422	0.37554769056794657	HIST1H3F	0.2696279	False
971	3.6979675885222307	1.3887631876646422	0.37554769056794657	HIST1H2BH	0.2696279	False
972	3.6979675885222307	1.3887631876646422	0.37554769056794657	HIST1H3G	0.2696279	False
973	3.6979675885222307	1.3887631876646422	0.37554769056794657	HIST1H2BI	0.2696279	False
974	3.6979675885222307	1.3887631876646422	0.37554769056794657	HIST1H4H	0.2696279	False
975	3.6979675885222307	1.3887631876646422	0.37554769056794657	BTN3A2	0.2696279	False
976	3.6979675885222307	1.3887631876646422	0.37554769056794657	BTN2A2	0.2696279	False
977	3.6979675885222307	1.3887631876646422	0.37554769056794657	BTN3A1	0.2696279	False
978	3.6979675885222307	1.3887631876646422	0.37554769056794657	BTN3A3	0.2696279	False
979	3.6979675885222307	1.3887631876646422	0.37554769056794657	BTN2A1	0.2696279	False
980	3.6979675885222307	1.3887631876646422	0.37554769056794657	BTN1A1	0.2696279	False
981	3.6979675885222307	1.3887631876646422	0.37554769056794657	HCG11	0.2696279	False
982	3.6979675885222307	1.3887631876646422	0.37554769056794657	HMGN4	0.2696279	False
983	3.6979675885222307	1.3887631876646422	0.37554769056794657	ABT1	0.2696279	False
984	3.6979675885222307	1.3887631876646422	0.37554769056794657	ZNF322	0.2696279	False
985	3.441227854257322	1.042442816642153	0.30292757724615443	LINC00240	0.2696244	False
986	3.4459379110414083	1.103325383454275	0.3201814460785904	HIST1H2BJ	0.2696248	False
987	3.4459379110414083	1.103325383454275	0.3201814460785904	HIST1H2AG	0.2696248	False
988	3.4459379110414083	1.103325383454275	0.3201814460785904	HIST1H4I	0.2696248	False
989	3.4459379110414083	1.103325383454275	0.3201814460785904	HIST1H2BK	0.2696248	False
990	3.4459379110414083	1.103325383454275	0.3201814460785904	HIST1H2AH	0.2696248	False
991	3.4459379110414083	1.103325383454275	0.3201814460785904	MIR3143	0.2696248	False
992	3.4459379110414083	1.103325383454275	0.3201814460785904	PRSS16	0.2696248	False
993	3.4459379110414083	1.103325383454275	0.3201814460785904	POM121L2	0.2696248	False
994	3.4459379110414083	1.103325383454275	0.3201814460785904	ZNF391	0.2696248	False
995	3.4459379110414083	1.103325383454275	0.3201814460785904	ZNF184	0.2696248	False
996	3.4459379110414083	1.103325383454275	0.3201814460785904	LINC01012	0.2696248	False
997	3.4459379110414083	1.103325383454275	0.3201814460785904	HIST1H2BL	0.2696248	False
998	3.4459379110414083	1.103325383454275	0.3201814460785904	HIST1H2AI	0.2696248	False
999	3.4459379110414083	1.103325383454275	0.3201814460785904	HIST1H3H	0.2696248	False
1000	3.4459379110414083	1.103325383454275	0.3201814460785904	HIST1H2AJ	0.2696248	False
1001	3.4459379110414083	1.103325383454275	0.3201814460785904	HIST1H2BM	0.2696248	False
1002	3.4459379110414083	1.103325383454275	0.3201814460785904	HIST1H4J	0.2696248	False
1003	3.4459379110414083	1.103325383454275	0.3201814460785904	HIST1H4K	0.2696248	False
1004	3.4459379110414083	1.103325383454275	0.3201814460785904	HIST1H2BN	0.2696248	False
1005	3.4459379110414083	1.103325383454275	0.3201814460785904	HIST1H2AK	0.2696248	False
1006	3.4459379110414083	1.103325383454275	0.3201814460785904	HIST1H2AL	0.2696248	False
1007	3.4459379110414083	1.103325383454275	0.3201814460785904	HIST1H1B	0.2696248	False
1008	3.4459379110414083	1.103325383454275	0.3201814460785904	HIST1H3I	0.2696248	False
1009	3.4459379110414083	1.103325383454275	0.3201814460785904	HIST1H4L	0.2696248	False
1010	3.4459379110414083	1.103325383454275	0.3201814460785904	HIST1H3J	0.2696248	False
1011	3.4459379110414083	1.103325383454275	0.3201814460785904	HIST1H2AM	0.2696248	False
1012	3.4459379110414083	1.103325383454275	0.3201814460785904	HIST1H2BO	0.2696248	False
1013	3.3616671127297892	0.8994038057607939	0.26754695679265134	OR2B2	0.2696233	False
1014	3.3616671127297892	0.8994038057607939	0.26754695679265134	OR2B6	0.2696233	False
1015	3.3616671127297892	0.8994038057607939	0.26754695679265134	ZNF165	0.2696233	False
1016	3.272432199258688	0.8143881727068436	0.24886326839447703	ZSCAN16-AS1	0.26962236	False
1017	3.272432199258688	0.8143881727068436	0.24886326839447703	ZSCAN16	0.26962236	False
1018	3.272432199258688	0.8143881727068436	0.24886326839447703	ZKSCAN8	0.26962236	False
1019	3.272432199258688	0.8143881727068436	0.24886326839447703	ZSCAN9	0.26962236	False
1020	3.272432199258688	0.8143881727068436	0.24886326839447703	ZKSCAN4	0.26962236	False
1021	3.272432199258688	0.8143881727068436	0.24886326839447703	NKAPL	0.26962236	False
1022	3.272432199258688	0.8143881727068436	0.24886326839447703	ZSCAN26	0.26962236	False
1023	3.272432199258688	0.8143881727068436	0.24886326839447703	PGBD1	0.26962236	False
1024	3.272432199258688	0.8143881727068436	0.24886326839447703	ZSCAN31	0.26962236	False
1025	3.272432199258688	0.8143881727068436	0.24886326839447703	ZKSCAN3	0.26962236	False
1026	3.272432199258688	0.8143881727068436	0.24886326839447703	ZSCAN12	0.26962236	False
1027	3.272432199258688	0.8143881727068436	0.24886326839447703	ZSCAN23	0.26962236	False
1028	3.272432199258688	0.8143881727068436	0.24886326839447703	GPX6	0.26962236	False
1029	3.272432199258688	0.8143881727068436	0.24886326839447703	GPX5	0.26962236	False
1030	3.272432199258688	0.8143881727068436	0.24886326839447703	ZBED9	0.26962236	False
1031	3.272432199258688	0.8143881727068436	0.24886326839447703	LINC00533	0.26962236	False
1032	3.272432199258688	0.8143881727068436	0.24886326839447703	LINC01623	0.26962236	False
1033	3.272432199258688	0.8143881727068436	0.24886326839447703	HCG14	0.26962236	False
1034	3.2872656831374587	0.7186793508789622	0.21862527101643772	TRIM27	0.26962197	False
1035	3.2872656831374587	0.7186793508789622	0.21862527101643772	ZNF311	0.26962197	False
1036	3.2872656831374587	0.7186793508789622	0.21862527101643772	LOC100129636	0.26962197	False
1037	3.2872656831374587	0.7186793508789622	0.21862527101643772	OR2W1	0.26962197	False
1038	3.2872656831374587	0.7186793508789622	0.21862527101643772	OR2B3	0.26962197	False
1039	3.1977895120898863	0.637292071208453	0.19929143828855594	OR2J3	0.26962113	False
1040	3.1977895120898863	0.637292071208453	0.19929143828855594	OR2J2	0.26962113	False
1041	3.1977895120898863	0.637292071208453	0.19929143828855594	LOC101929006	0.26962113	False
1042	3.1977895120898863	0.637292071208453	0.19929143828855594	OR14J1	0.26962113	False
1043	3.1977895120898863	0.637292071208453	0.19929143828855594	OR5V1	0.26962113	False
1044	3.1977895120898863	0.637292071208453	0.19929143828855594	OR12D3	0.26962113	False
1045	3.1977895120898863	0.637292071208453	0.19929143828855594	OR12D2	0.26962113	False
1046	3.1977895120898863	0.637292071208453	0.19929143828855594	OR11A1	0.26962113	False
1047	3.1977895120898863	0.637292071208453	0.19929143828855594	OR10C1	0.26962113	False
1048	3.1977895120898863	0.637292071208453	0.19929143828855594	OR2H1	0.26962113	False
1049	3.1977895120898863	0.637292071208453	0.19929143828855594	MAS1L	0.26962113	False
1050	3.1977895120898863	0.637292071208453	0.19929143828855594	LINC01015	0.26962113	False
1051	3.1977895120898863	0.637292071208453	0.19929143828855594	UBD	0.26962113	False
1052	3.1977895120898863	0.637292071208453	0.19929143828855594	GABBR1	0.26962113	False
1053	3.1977895120898863	0.637292071208453	0.19929143828855594	SNORD32B	0.26962113	False
1054	3.1977895120898863	0.637292071208453	0.19929143828855594	OR2H2	0.26962113	False
1055	3.1977895120898863	0.637292071208453	0.19929143828855594	MOG	0.26962113	False
1056	3.1977895120898863	0.637292071208453	0.19929143828855594	ZFP57	0.26962113	False
1057	3.1977895120898863	0.637292071208453	0.19929143828855594	HLA-F	0.26962113	False
1058	3.1977895120898863	0.637292071208453	0.19929143828855594	HLA-F-AS1	0.26962113	False
1059	3.1977895120898863	0.637292071208453	0.19929143828855594	HLA-G	0.26962113	False
1060	3.3072433048768612	0.6558199130715185	0.19829805448678253	HLA-A	0.26962158	False
1061	3.3072433048768612	0.6558199130715185	0.19829805448678253	HCG9	0.26962158	False
1062	3.3072433048768612	0.6558199130715185	0.19829805448678253	ZNRD1ASP	0.26962158	False
1063	3.3072433048768612	0.6558199130715185	0.19829805448678253	ZNRD1	0.26962158	False
1064	3.3072433048768612	0.6558199130715185	0.19829805448678253	PPP1R11	0.26962158	False
1065	3.3072433048768612	0.6558199130715185	0.19829805448678253	RNF39	0.26962158	False
1066	3.527768934350853	0.8434230528533986	0.23908114974332845	TRIM31	0.26962343	False
1067	3.527768934350853	0.8434230528533986	0.23908114974332845	TRIM31-AS1	0.26962343	False
1068	3.527768934350853	0.8434230528533986	0.23908114974332845	TRIM40	0.26962343	False
1069	3.527768934350853	0.8434230528533986	0.23908114974332845	TRIM10	0.26962343	False
1070	3.527768934350853	0.8434230528533986	0.23908114974332845	TRIM15	0.26962343	False
1071	3.527768934350853	0.8434230528533986	0.23908114974332845	TRIM26	0.26962343	False
1072	3.527768934350853	0.8434230528533986	0.23908114974332845	HCG17	0.26962343	False
1073	3.527768934350853	0.8434230528533986	0.23908114974332845	HCG18	0.26962343	False
1074	3.527768934350853	0.8434230528533986	0.23908114974332845	TRIM39	0.26962343	False
1075	3.527768934350853	0.8434230528533986	0.23908114974332845	TRIM39-RPP21	0.26962343	False
1076	3.527768934350853	0.8434230528533986	0.23908114974332845	RPP21	0.26962343	False
1077	3.527768934350853	0.8434230528533986	0.23908114974332845	HLA-E	0.26962343	False
1078	3.527768934350853	0.8434230528533986	0.23908114974332845	GNL1	0.26962343	False
1079	3.527768934350853	0.8434230528533986	0.23908114974332845	PRR3	0.26962343	False
1080	3.527768934350853	0.8434230528533986	0.23908114974332845	ABCF1	0.26962343	False
1081	3.527768934350853	0.8434230528533986	0.23908114974332845	MIR877	0.26962343	False
1082	3.527768934350853	0.8434230528533986	0.23908114974332845	PPP1R10	0.26962343	False
1083	3.527768934350853	0.8434230528533986	0.23908114974332845	MRPS18B	0.26962343	False
1084	3.527768934350853	0.8434230528533986	0.23908114974332845	ATAT1	0.26962343	False
1085	3.527768934350853	0.8434230528533986	0.23908114974332845	C6orf136	0.26962343	False
1086	3.527768934350853	0.8434230528533986	0.23908114974332845	DHX16	0.26962343	False
1087	3.527768934350853	0.8434230528533986	0.23908114974332845	PPP1R18	0.26962343	False
1088	3.527768934350853	0.8434230528533986	0.23908114974332845	NRM	0.26962343	False
1089	3.527768934350853	0.8434230528533986	0.23908114974332845	MDC1	0.26962343	False
1090	3.527768934350853	0.8434230528533986	0.23908114974332845	MDC1-AS1	0.26962343	False
1091	3.527768934350853	0.8434230528533986	0.23908114974332845	TUBB	0.26962343	False
1092	3.527768934350853	0.8434230528533986	0.23908114974332845	FLOT1	0.26962343	False
1093	3.527768934350853	0.8434230528533986	0.23908114974332845	IER3	0.26962343	False
1094	3.527768934350853	0.8434230528533986	0.23908114974332845	LINC00243	0.26962343	False
1095	3.527768934350853	0.8434230528533986	0.23908114974332845	LINC02570	0.26962343	False
1096	3.4598937051301073	0.7293754428207843	0.21080862736890252	DDR1	0.26962262	False
1097	3.527768934350853	0.8434230528533986	0.23908114974332845	MIR4640	0.26962343	False
1098	3.4598937051301073	0.7293754428207843	0.21080862736890252	GTF2H4	0.26962262	False
1099	3.4598937051301073	0.7293754428207843	0.21080862736890252	VARS2	0.26962262	False
1100	3.4598937051301073	0.7293754428207843	0.21080862736890252	SFTA2	0.26962262	False
1101	3.4598937051301073	0.7293754428207843	0.21080862736890252	MUCL3	0.26962262	False
1102	3.4598937051301073	0.7293754428207843	0.21080862736890252	MUC21	0.26962262	False
1103	3.4598937051301073	0.7293754428207843	0.21080862736890252	MUC22	0.26962262	False
1104	3.4598937051301073	0.7293754428207843	0.21080862736890252	HCG22	0.26962262	False
1105	3.5557095505815286	0.8038397066104297	0.22607012613810468	C6orf15	0.2696233	False
1106	3.5557095505815286	0.8038397066104297	0.22607012613810468	PSORS1C1	0.2696233	False
1107	3.5557095505815286	0.8038397066104297	0.22607012613810468	CDSN	0.2696233	False
1108	3.5557095505815286	0.8038397066104297	0.22607012613810468	PSORS1C2	0.2696233	False
1109	3.5557095505815286	0.8038397066104297	0.22607012613810468	CCHCR1	0.2696233	False
1110	3.5557095505815286	0.8038397066104297	0.22607012613810468	TCF19	0.2696233	False
1111	3.5557095505815286	0.8038397066104297	0.22607012613810468	POU5F1	0.2696233	False
1112	3.5557095505815286	0.8038397066104297	0.22607012613810468	PSORS1C3	0.2696233	False
1113	3.5557095505815286	0.8038397066104297	0.22607012613810468	HCG27	0.2696233	False
1114	3.5557095505815286	0.8038397066104297	0.22607012613810468	HLA-C	0.2696233	False
1115	3.5557095505815286	0.8038397066104297	0.22607012613810468	HLA-B	0.2696233	False
1116	3.5557095505815286	0.8038397066104297	0.22607012613810468	MIR6891	0.2696233	False
1117	3.5557095505815286	0.8038397066104297	0.22607012613810468	MICA	0.2696233	False
1118	3.5557095505815286	0.8038397066104297	0.22607012613810468	HCP5	0.2696233	False
1119	3.5557095505815286	0.8038397066104297	0.22607012613810468	MICB	0.2696233	False
1120	3.5557095505815286	0.8038397066104297	0.22607012613810468	MCCD1	0.2696233	False
1121	3.5557095505815286	0.8038397066104297	0.22607012613810468	DDX39B	0.2696233	False
1122	3.5557095505815286	0.8038397066104297	0.22607012613810468	ATP6V1G2-DDX39B	0.2696233	False
1123	3.5557095505815286	0.8038397066104297	0.22607012613810468	SNORD117	0.2696233	False
1124	3.5557095505815286	0.8038397066104297	0.22607012613810468	SNORD84	0.2696233	False
1125	3.5557095505815286	0.8038397066104297	0.22607012613810468	ATP6V1G2	0.2696233	False
1126	3.5557095505815286	0.8038397066104297	0.22607012613810468	DDX39B-AS1	0.2696233	False
1127	3.5557095505815286	0.8038397066104297	0.22607012613810468	NFKBIL1	0.2696233	False
1128	3.5557095505815286	0.8038397066104297	0.22607012613810468	LTA	0.2696233	False
1129	3.5557095505815286	0.8038397066104297	0.22607012613810468	TNF	0.2696233	False
1130	3.5557095505815286	0.8038397066104297	0.22607012613810468	LTB	0.2696233	False
1131	3.5557095505815286	0.8038397066104297	0.22607012613810468	LST1	0.2696233	False
1132	3.5557095505815286	0.8038397066104297	0.22607012613810468	NCR3	0.2696233	False
1133	3.5557095505815286	0.8038397066104297	0.22607012613810468	AIF1	0.2696233	False
1134	3.5557095505815286	0.8038397066104297	0.22607012613810468	PRRC2A	0.2696233	False
1135	3.5557095505815286	0.8038397066104297	0.22607012613810468	SNORA38	0.2696233	False
1136	3.5557095505815286	0.8038397066104297	0.22607012613810468	MIR6832	0.2696233	False
1137	3.5557095505815286	0.8038397066104297	0.22607012613810468	BAG6	0.2696233	False
1138	3.5557095505815286	0.8038397066104297	0.22607012613810468	APOM	0.2696233	False
1139	3.5557095505815286	0.8038397066104297	0.22607012613810468	C6orf47	0.2696233	False
1140	3.5557095505815286	0.8038397066104297	0.22607012613810468	GPANK1	0.2696233	False
1141	3.5557095505815286	0.8038397066104297	0.22607012613810468	CSNK2B	0.2696233	False
1142	3.5557095505815286	0.8038397066104297	0.22607012613810468	LY6G5B	0.2696233	False
1143	3.5557095505815286	0.8038397066104297	0.22607012613810468	LY6G5C	0.2696233	False
1144	3.5557095505815286	0.8038397066104297	0.22607012613810468	ABHD16A	0.2696233	False
1145	3.5557095505815286	0.8038397066104297	0.22607012613810468	MIR4646	0.2696233	False
1146	3.5557095505815286	0.8038397066104297	0.22607012613810468	LY6G6F	0.2696233	False
1147	3.5557095505815286	0.8038397066104297	0.22607012613810468	LY6G6E	0.2696233	False
1148	3.5557095505815286	0.8038397066104297	0.22607012613810468	LY6G6D	0.2696233	False
1149	3.5557095505815286	0.8038397066104297	0.22607012613810468	MPIG6B	0.2696233	False
1150	3.5557095505815286	0.8038397066104297	0.22607012613810468	LY6G6C	0.2696233	False
1151	3.5557095505815286	0.8038397066104297	0.22607012613810468	DDAH2	0.2696233	False
1152	3.5557095505815286	0.8038397066104297	0.22607012613810468	CLIC1	0.2696233	False
1153	3.5557095505815286	0.8038397066104297	0.22607012613810468	MSH5	0.2696233	False
1154	3.5557095505815286	0.8038397066104297	0.22607012613810468	MSH5-SAPCD1	0.2696233	False
1155	3.5557095505815286	0.8038397066104297	0.22607012613810468	SAPCD1	0.2696233	False
1156	3.5557095505815286	0.8038397066104297	0.22607012613810468	SAPCD1-AS1	0.2696233	False
1157	3.5557095505815286	0.8038397066104297	0.22607012613810468	VWA7	0.2696233	False
1158	3.5557095505815286	0.8038397066104297	0.22607012613810468	VARS	0.2696233	False
1159	3.5557095505815286	0.8038397066104297	0.22607012613810468	LSM2	0.2696233	False
1160	3.5557095505815286	0.8038397066104297	0.22607012613810468	HSPA1L	0.2696233	False
1161	3.5557095505815286	0.8038397066104297	0.22607012613810468	HSPA1A	0.2696233	False
1162	3.5557095505815286	0.8038397066104297	0.22607012613810468	HSPA1B	0.2696233	False
1163	3.5557095505815286	0.8038397066104297	0.22607012613810468	C6orf48	0.2696233	False
1164	3.5557095505815286	0.8038397066104297	0.22607012613810468	SNORD48	0.2696233	False
1165	3.5557095505815286	0.8038397066104297	0.22607012613810468	SNORD52	0.2696233	False
1166	3.5557095505815286	0.8038397066104297	0.22607012613810468	NEU1	0.2696233	False
1167	3.5557095505815286	0.8038397066104297	0.22607012613810468	SLC44A4	0.2696233	False
1168	3.5557095505815286	0.8038397066104297	0.22607012613810468	EHMT2	0.2696233	False
1169	3.343060715687422	0.6137813266388347	0.1835986178051286	C2	0.26962155	False
1170	3.343060715687422	0.6137813266388347	0.1835986178051286	ZBTB12	0.26962155	False
1171	3.343060715687422	0.6137813266388347	0.1835986178051286	CFB	0.26962155	False
1172	3.343060715687422	0.6137813266388347	0.1835986178051286	C2-AS1	0.26962155	False
1173	3.343060715687422	0.6137813266388347	0.1835986178051286	NELFE	0.26962155	False
1174	3.343060715687422	0.6137813266388347	0.1835986178051286	MIR1236	0.26962155	False
1175	3.343060715687422	0.6137813266388347	0.1835986178051286	SKIV2L	0.26962155	False
1176	3.343060715687422	0.6137813266388347	0.1835986178051286	DXO	0.26962155	False
1177	3.343060715687422	0.6137813266388347	0.1835986178051286	STK19	0.26962155	False
1178	3.343060715687422	0.6137813266388347	0.1835986178051286	C4B	0.26962155	False
1179	3.343060715687422	0.6137813266388347	0.1835986178051286	C4A	0.26962155	False
1180	3.343060715687422	0.6137813266388347	0.1835986178051286	CYP21A2	0.26962155	False
1181	3.343060715687422	0.6137813266388347	0.1835986178051286	TNXB	0.26962155	False
1182	3.343060715687422	0.6137813266388347	0.1835986178051286	ATF6B	0.26962155	False
1183	3.3155582229728826	0.6091449392757681	0.18372319178565974	FKBPL	0.26962128	False
1184	3.3155582229728826	0.6091449392757681	0.18372319178565974	PRRT1	0.26962128	False
1185	3.3155582229728826	0.6091449392757681	0.18372319178565974	LOC100507547	0.26962128	False
1186	3.3155582229728826	0.6091449392757681	0.18372319178565974	PPT2	0.26962128	False
1187	3.3155582229728826	0.6091449392757681	0.18372319178565974	PPT2-EGFL8	0.26962128	False
1188	3.3155582229728826	0.6091449392757681	0.18372319178565974	EGFL8	0.26962128	False
1189	3.3155582229728826	0.6091449392757681	0.18372319178565974	AGPAT1	0.26962128	False
1190	3.3155582229728826	0.6091449392757681	0.18372319178565974	MIR6721	0.26962128	False
1191	3.3155582229728826	0.6091449392757681	0.18372319178565974	RNF5	0.26962128	False
1192	3.3155582229728826	0.6091449392757681	0.18372319178565974	MIR6833	0.26962128	False
1193	3.3155582229728826	0.6091449392757681	0.18372319178565974	AGER	0.26962128	False
1194	3.3155582229728826	0.6091449392757681	0.18372319178565974	PBX2	0.26962128	False
1195	3.3155582229728826	0.6091449392757681	0.18372319178565974	GPSM3	0.26962128	False
1196	3.3155582229728826	0.6091449392757681	0.18372319178565974	NOTCH4	0.26962128	False
1197	3.3155582229728826	0.6091449392757681	0.18372319178565974	TSBP1	0.26962128	False
1198	3.3155582229728826	0.6091449392757681	0.18372319178565974	HCG23	0.26962128	False
1199	3.3155582229728826	0.6091449392757681	0.18372319178565974	BTNL2	0.26962128	False
1200	3.3155582229728826	0.6091449392757681	0.18372319178565974	HLA-DRA	0.26962128	False
1201	3.3155582229728826	0.6091449392757681	0.18372319178565974	HLA-DRB5	0.26962128	False
1202	3.3155582229728826	0.6091449392757681	0.18372319178565974	HLA-DRB1	0.26962128	False
1203	3.3155582229728826	0.6091449392757681	0.18372319178565974	HLA-DQA1	0.26962128	False
1204	3.3155582229728826	0.6091449392757681	0.18372319178565974	HLA-DQB1	0.26962128	False
1205	3.3155582229728826	0.6091449392757681	0.18372319178565974	HLA-DQB1-AS1	0.26962128	False
1206	3.3155582229728826	0.6091449392757681	0.18372319178565974	HLA-DQA2	0.26962128	False
1207	3.3155582229728826	0.6091449392757681	0.18372319178565974	MIR3135B	0.26962128	False
1208	3.3155582229728826	0.6091449392757681	0.18372319178565974	HLA-DQB2	0.26962128	False
1209	3.3155582229728826	0.6091449392757681	0.18372319178565974	HLA-DOB	0.26962128	False
1210	3.3155582229728826	0.6091449392757681	0.18372319178565974	TAP2	0.26962128	False
1211	3.3155582229728826	0.6091449392757681	0.18372319178565974	PSMB8	0.26962128	False
1212	3.3155582229728826	0.6091449392757681	0.18372319178565974	PSMB8-AS1	0.26962128	False
1213	3.3155582229728826	0.6091449392757681	0.18372319178565974	PSMB9	0.26962128	False
1214	3.3155582229728826	0.6091449392757681	0.18372319178565974	TAP1	0.26962128	False
1215	3.0962027910454224	0.45002196255983784	0.1453464107265046	HLA-DMB	0.26961982	False
1216	3.0962027910454224	0.45002196255983784	0.1453464107265046	HLA-DMA	0.26961982	False
1217	3.0962027910454224	0.45002196255983784	0.1453464107265046	BRD2	0.26961982	False
1218	3.0962027910454224	0.45002196255983784	0.1453464107265046	HLA-DOA	0.26961982	False
1219	3.0962027910454224	0.45002196255983784	0.1453464107265046	HLA-DPA1	0.26961982	False
1220	3.0962027910454224	0.45002196255983784	0.1453464107265046	HLA-DPB1	0.26961982	False
1221	2.9272508721322397	0.4274257814467743	0.14601610866903011	COL11A2	0.2696194	False
1222	2.9272508721322397	0.4274257814467743	0.14601610866903011	RXRB	0.2696194	False
1223	2.9272508721322397	0.4274257814467743	0.14601610866903011	SLC39A7	0.2696194	False
1224	2.9272508721322397	0.4274257814467743	0.14601610866903011	HSD17B8	0.2696194	False
1225	2.9272508721322397	0.4274257814467743	0.14601610866903011	MIR219A1	0.2696194	False
1226	2.9272508721322397	0.4274257814467743	0.14601610866903011	RING1	0.2696194	False
1227	2.9272508721322397	0.4274257814467743	0.14601610866903011	HCG25	0.2696194	False
1228	2.9272508721322397	0.4274257814467743	0.14601610866903011	VPS52	0.2696194	False
1229	2.9272508721322397	0.4274257814467743	0.14601610866903011	RPS18	0.2696194	False
1230	2.9272508721322397	0.4274257814467743	0.14601610866903011	B3GALT4	0.2696194	False
1231	2.9272508721322397	0.4274257814467743	0.14601610866903011	WDR46	0.2696194	False
1232	2.9272508721322397	0.4274257814467743	0.14601610866903011	MIR6873	0.2696194	False
1233	2.9272508721322397	0.4274257814467743	0.14601610866903011	PFDN6	0.2696194	False
1234	2.9272508721322397	0.4274257814467743	0.14601610866903011	MIR6834	0.2696194	False
1235	2.9272508721322397	0.4274257814467743	0.14601610866903011	RGL2	0.2696194	False
1236	2.9272508721322397	0.4274257814467743	0.14601610866903011	TAPBP	0.2696194	False
1237	2.9272508721322397	0.4274257814467743	0.14601610866903011	ZBTB22	0.2696194	False
1238	2.9272508721322397	0.4274257814467743	0.14601610866903011	DAXX	0.2696194	False
1239	2.9272508721322397	0.4274257814467743	0.14601610866903011	KIFC1	0.2696194	False
1240	2.9272508721322397	0.4274257814467743	0.14601610866903011	PHF1	0.2696194	False
1241	2.9272508721322397	0.4274257814467743	0.14601610866903011	CUTA	0.2696194	False
1242	2.9272508721322397	0.4274257814467743	0.14601610866903011	SYNGAP1	0.2696194	False
1243	2.9272508721322397	0.4274257814467743	0.14601610866903011	MIR5004	0.2696194	False
1244	2.9272508721322397	0.4274257814467743	0.14601610866903011	ZBTB9	0.2696194	False
1245	2.9272508721322397	0.4274257814467743	0.14601610866903011	BAK1	0.2696194	False
1246	2.9272508721322397	0.4274257814467743	0.14601610866903011	LINC00336	0.2696194	False
1247	2.9272508721322397	0.4274257814467743	0.14601610866903011	ITPR3	0.2696194	False
1248	2.9272508721322397	0.4274257814467743	0.14601610866903011	UQCC2	0.2696194	False
1249	2.9272508721322397	0.4274257814467743	0.14601610866903011	MIR3934	0.2696194	False
1250	2.9272508721322397	0.4274257814467743	0.14601610866903011	IP6K3	0.2696194	False
1251	2.9272508721322397	0.4274257814467743	0.14601610866903011	LEMD2	0.2696194	False
1252	2.9272508721322397	0.4274257814467743	0.14601610866903011	MLN	0.2696194	False
1253	2.9272508721322397	0.4274257814467743	0.14601610866903011	LINC01016	0.2696194	False
1254	2.9272508721322397	0.4274257814467743	0.14601610866903011	MIR7159	0.2696194	False
1255	3.028879857802809	0.6694281325767965	0.22101508280437665	CDC40	0.26962072	False
1256	3.028879857802809	0.6694281325767965	0.22101508280437665	METTL24	0.26962072	False
1257	3.028879857802809	0.6694281325767965	0.22101508280437665	DDO	0.26962072	False
1258	3.028879857802809	0.6694281325767965	0.22101508280437665	SLC22A16	0.26962072	False
1259	3.028879857802809	0.6694281325767965	0.22101508280437665	CDK19	0.26962072	False
1260	3.028879857802809	0.6694281325767965	0.22101508280437665	AMD1	0.26962072	False
1261	2.988592743070924	0.6117017054843731	0.20467884321228055	GTF3C6	0.26962045	False
1262	2.988592743070924	0.6117017054843731	0.20467884321228055	RPF2	0.26962045	False
1263	2.988592743070924	0.6117017054843731	0.20467884321228055	SLC16A10	0.26962045	False
1264	3.088094279918544	0.7688024635151075	0.24895692742107167	MFSD4B	0.2696214	False
1265	3.088094279918544	0.7688024635151075	0.24895692742107167	REV3L	0.2696214	False
1266	3.088094279918544	0.7688024635151075	0.24895692742107167	TRAF3IP2-AS1	0.2696214	False
1267	3.088094279918544	0.7688024635151075	0.24895692742107167	TRAF3IP2	0.2696214	False
1268	3.088094279918544	0.7688024635151075	0.24895692742107167	FYN	0.2696214	False
1269	3.105997736736722	0.7208107629187626	0.23207060146672012	MTFR2	0.26962116	False
1270	3.105997736736722	0.7208107629187626	0.23207060146672012	BCLAF1	0.26962116	False
1271	3.105997736736722	0.7208107629187626	0.23207060146672012	MAP7	0.26962116	False
1272	3.105997736736722	0.7208107629187626	0.23207060146672012	MAP3K5	0.26962116	False
1273	3.105997736736722	0.7208107629187626	0.23207060146672012	LOC101928461	0.26962116	False
1274	3.0089302965197735	0.5956047005931917	0.19794566237778505	PEX7	0.26962036	False
1275	3.0089302965197735	0.5956047005931917	0.19794566237778505	SLC35D3	0.26962036	False
1276	3.0089302965197735	0.5956047005931917	0.19794566237778505	NHEG1	0.26962036	False
1277	3.0089302965197735	0.5956047005931917	0.19794566237778505	IL20RA	0.26962036	False
1278	3.0647415101099886	0.6934987824650714	0.22628296062730027	IL22RA2	0.26962098	False
1279	3.0647415101099886	0.6934987824650714	0.22628296062730027	IFNGR1	0.26962098	False
1280	3.0647415101099886	0.6934987824650714	0.22628296062730027	OLIG3	0.26962098	False
1281	3.0647415101099886	0.6934987824650714	0.22628296062730027	LOC102723649	0.26962098	False
1282	3.0647415101099886	0.6934987824650714	0.22628296062730027	LINC02539	0.26962098	False
1283	3.0647415101099886	0.6934987824650714	0.22628296062730027	LOC100130476	0.26962098	False
1284	3.0647415101099886	0.6934987824650714	0.22628296062730027	TNFAIP3	0.26962098	False
1285	3.1520364546027775	0.8114334815116275	0.257431502838975	NMBR	0.2696217	False
1286	3.306008040779219	1.0368750460531142	0.31363355238807133	VTA1	0.26962355	False
1287	3.306008040779219	1.0368750460531142	0.31363355238807133	ADGRG6	0.26962355	False
1288	3.306008040779219	1.0368750460531142	0.31363355238807133	LOC153910	0.26962355	False
1289	3.19102832935665	0.8373659318227697	0.26241256591776885	HIVEP2	0.26962203	False
1290	3.19102832935665	0.8373659318227697	0.26241256591776885	LINC01277	0.26962203	False
1291	3.19102832935665	0.8373659318227697	0.26241256591776885	AIG1	0.26962203	False
1292	3.2100921249827454	0.8951942209913462	0.278868701002205	ADAT2	0.26962245	False
1293	3.2100921249827454	0.8951942209913462	0.278868701002205	PEX3	0.26962245	False
1294	3.2100921249827454	0.8951942209913462	0.278868701002205	FUCA2	0.26962245	False
1295	3.2100921249827454	0.8951942209913462	0.278868701002205	PHACTR2	0.26962245	False
1296	3.2100921249827454	0.8951942209913462	0.278868701002205	PHACTR2-AS1	0.26962245	False
1297	3.2100921249827454	0.8951942209913462	0.278868701002205	LTV1	0.26962245	False
1298	3.1043087740267428	0.7359442086950679	0.23707184506019374	ZC2HC1B	0.2696213	False
1299	3.1043087740267428	0.7359442086950679	0.23707184506019374	PLAGL1	0.2696213	False
1300	3.1043087740267428	0.7359442086950679	0.23707184506019374	HYMAI	0.2696213	False
1301	3.1043087740267428	0.7359442086950679	0.23707184506019374	SF3B5	0.2696213	False
1302	3.1272859472080956	0.8114916474936044	0.25948751127733255	STX11	0.26962164	False
1303	3.1272859472080956	0.8114916474936044	0.25948751127733255	UTRN	0.26962164	False
1304	3.1669996387872366	0.774263350868012	0.24447850937062518	LINC00251	0.26962164	False
1305	3.1669996387872366	0.774263350868012	0.24447850937062518	LINC01299	0.26962164	False
1306	3.1669996387872366	0.774263350868012	0.24447850937062518	ARMC1	0.26962164	False
1307	3.1669996387872366	0.774263350868012	0.24447850937062518	MTFR1	0.26962164	False
1308	3.1669996387872366	0.774263350868012	0.24447850937062518	PDE7A	0.26962164	False
1309	3.0918596712957203	0.6680853134998336	0.2160787954583514	DNAJC5B	0.26962093	False
1310	3.1749825874345414	0.7950236897778942	0.2504025354105301	TRIM55	0.26962182	False
1311	3.1749825874345414	0.7950236897778942	0.2504025354105301	CRH	0.26962182	False
1312	3.1749825874345414	0.7950236897778942	0.2504025354105301	LINC00967	0.26962182	False
1313	3.1749825874345414	0.7950236897778942	0.2504025354105301	RRS1-AS1	0.26962182	False
1314	3.1749825874345414	0.7950236897778942	0.2504025354105301	RRS1	0.26962182	False
1315	3.1749825874345414	0.7950236897778942	0.2504025354105301	ADHFE1	0.26962182	False
1316	3.1749825874345414	0.7950236897778942	0.2504025354105301	VXN	0.26962182	False
1317	3.1749825874345414	0.7950236897778942	0.2504025354105301	MYBL1	0.26962182	False
1318	3.1749825874345414	0.7950236897778942	0.2504025354105301	VCPIP1	0.26962182	False
1319	3.1749825874345414	0.7950236897778942	0.2504025354105301	C8orf44-SGK3	0.26962182	False
1320	3.1749825874345414	0.7950236897778942	0.2504025354105301	C8orf44	0.26962182	False
1321	3.1749825874345414	0.7950236897778942	0.2504025354105301	SGK3	0.26962182	False
1322	3.4620817379175466	1.35340663021954	0.39092278365259464	LINC01111	0.26962617	False
1323	3.4620817379175466	1.35340663021954	0.39092278365259464	ZFHX4-AS1	0.26962617	False
1324	3.4620817379175466	1.35340663021954	0.39092278365259464	ZFHX4	0.26962617	False
1325	3.3257995982497395	1.0729343930822388	0.32260945417363374	MIR3149	0.26962376	False
1326	3.3257995982497395	1.0729343930822388	0.32260945417363374	PEX2	0.26962376	False
1327	3.432877107591798	1.3059837467878201	0.3804341681499873	LOC102724874	0.2696256	False
1328	3.2837684586547815	1.0550538104763538	0.3212936063429283	PKIA-AS1	0.26962355	False
1329	3.2837684586547815	1.0550538104763538	0.3212936063429283	PKIA	0.26962355	False
1330	3.2837684586547815	1.0550538104763538	0.3212936063429283	ZC2HC1A	0.26962355	False
1331	3.2837684586547815	1.0550538104763538	0.3212936063429283	IL7	0.26962355	False
1332	3.135557202784263	0.7887066981370718	0.25153637683175684	MRPS28	0.26962164	False
1333	3.135557202784263	0.7887066981370718	0.25153637683175684	TPD52	0.26962164	False
1334	3.22041477894873	0.9003547058540451	0.2795772494088343	MIR5708	0.26962247	False
1335	3.22041477894873	0.9003547058540451	0.2795772494088343	ZBTB10	0.26962247	False
1336	3.22041477894873	0.9003547058540451	0.2795772494088343	ZNF704	0.26962247	False
1337	3.1754533632763104	0.7919259344817543	0.24938988039952684	PAG1	0.2696217	False
1338	3.2545527638368728	0.9273859380071715	0.2849503465766071	FABP5	0.26962283	False
1339	3.2545527638368728	0.9273859380071715	0.2849503465766071	PMP2	0.26962283	False
1340	3.2545527638368728	0.9273859380071715	0.2849503465766071	FABP9	0.26962283	False
1341	3.2545527638368728	0.9273859380071715	0.2849503465766071	FABP4	0.26962283	False
1342	3.2545527638368728	0.9273859380071715	0.2849503465766071	FABP12	0.26962283	False
1343	3.2545527638368728	0.9273859380071715	0.2849503465766071	IMPA1	0.26962283	False
1344	3.2545527638368728	0.9273859380071715	0.2849503465766071	SLC10A5	0.26962283	False
1345	3.2545527638368728	0.9273859380071715	0.2849503465766071	ZFAND1	0.26962283	False
1346	3.2545527638368728	0.9273859380071715	0.2849503465766071	CHMP4C	0.26962283	False
1347	3.2545527638368728	0.9273859380071715	0.2849503465766071	SNX16	0.26962283	False
1348	3.1481895105069935	0.7206884003693348	0.22892154298972717	GDF6	0.2696214	False
1349	3.1481895105069935	0.7206884003693348	0.22892154298972717	UQCRB	0.2696214	False
1350	3.1481895105069935	0.7206884003693348	0.22892154298972717	MTERF3	0.2696214	False
1351	3.1481895105069935	0.7206884003693348	0.22892154298972717	PTDSS1	0.2696214	False
1352	3.1481895105069935	0.7206884003693348	0.22892154298972717	LOC102724804	0.2696214	False
1353	3.1481895105069935	0.7206884003693348	0.22892154298972717	SDC2	0.2696214	False
1354	3.0908817906232295	0.6278743341729826	0.20313760819897975	MATN2	0.2696207	False
1355	3.0908817906232295	0.6278743341729826	0.20313760819897975	RPL30	0.2696207	False
1356	3.0908817906232295	0.6278743341729826	0.20313760819897975	SNORA72	0.2696207	False
1357	3.0908817906232295	0.6278743341729826	0.20313760819897975	ERICH5	0.2696207	False
1358	3.133599625473164	0.7042643102604318	0.22474610493805186	RIDA	0.26962113	False
1359	3.133599625473164	0.7042643102604318	0.22474610493805186	POP1	0.26962113	False
1360	3.133599625473164	0.7042643102604318	0.22474610493805186	NIPAL2	0.26962113	False
1361	3.0230627576761147	0.5594932236409524	0.18507496155026745	STK3	0.26962024	False
1362	3.133599625473164	0.7042643102604318	0.22474610493805186	KCNS2	0.26962113	False
1363	3.0230627576761147	0.5594932236409524	0.18507496155026745	OSR2	0.26962024	False
1364	3.0230627576761147	0.5594932236409524	0.18507496155026745	VPS13B	0.26962024	False
1365	3.049870085341586	0.6177530623836444	0.20255061530414528	MIR599	0.2696206	False
1366	3.049870085341586	0.6177530623836444	0.20255061530414528	MIR875	0.2696206	False
1367	3.049870085341586	0.6177530623836444	0.20255061530414528	COX6C	0.2696206	False
1368	3.1066660699614452	0.5960542491612774	0.1918629925902125	RGS22	0.26962066	False
1369	3.255768225202407	0.7636882712754751	0.23456469209444342	FBXO43	0.26962188	False
1370	3.255768225202407	0.7636882712754751	0.23456469209444342	POLR2K	0.26962188	False
1371	3.255768225202407	0.7636882712754751	0.23456469209444342	SPAG1	0.26962188	False
1372	3.255768225202407	0.7636882712754751	0.23456469209444342	RNF19A	0.26962188	False
1373	3.255768225202407	0.7636882712754751	0.23456469209444342	MIR4471	0.26962188	False
1374	3.255768225202407	0.7636882712754751	0.23456469209444342	ANKRD46	0.26962188	False
1375	3.255768225202407	0.7636882712754751	0.23456469209444342	SNX31	0.26962188	False
1376	3.255768225202407	0.7636882712754751	0.23456469209444342	PABPC1	0.26962188	False
1377	3.255768225202407	0.7636882712754751	0.23456469209444342	MIR7705	0.26962188	False
1378	3.1772872841108137	0.6463813724609486	0.20343812650918125	YWHAZ	0.2696211	False
1379	3.1772872841108137	0.6463813724609486	0.20343812650918125	FLJ42969	0.2696211	False
1380	3.1930518359882014	0.7028531156636767	0.22011954448780638	ZNF706	0.26962125	False
1381	3.1930518359882014	0.7028531156636767	0.22011954448780638	GRHL2	0.26962125	False
1382	3.206278930573839	0.6769615720420467	0.2111362070176747	NCALD	0.26962137	False
1383	3.359497221121468	0.8594654726415566	0.25583157718899663	MIR5680	0.2696227	False
1384	3.359497221121468	0.8594654726415566	0.25583157718899663	RRM2B	0.2696227	False
1385	3.359497221121468	0.8594654726415566	0.25583157718899663	UBR5-AS1	0.2696227	False
1386	3.359497221121468	0.8594654726415566	0.25583157718899663	UBR5	0.2696227	False
1387	3.359497221121468	0.8594654726415566	0.25583157718899663	ODF1	0.2696227	False
1388	3.359497221121468	0.8594654726415566	0.25583157718899663	KLF10	0.2696227	False
1389	3.359497221121468	0.8594654726415566	0.25583157718899663	AZIN1	0.2696227	False
1390	3.13771944839684	0.6597919686348237	0.21027755332680628	AZIN1-AS1	0.269621	False
1391	3.13771944839684	0.6597919686348237	0.21027755332680628	ATP6V1C1	0.269621	False
1392	3.0948331348571823	0.7271884945840993	0.23496856305232008	BAALC-AS2	0.26962122	False
1393	3.0948331348571823	0.7271884945840993	0.23496856305232008	BAALC	0.26962122	False
1394	3.0948331348571823	0.7271884945840993	0.23496856305232008	MIR3151	0.26962122	False
1395	3.0948331348571823	0.7271884945840993	0.23496856305232008	BAALC-AS1	0.26962122	False
1396	3.0948331348571823	0.7271884945840993	0.23496856305232008	FZD6	0.26962122	False
1397	3.0948331348571823	0.7271884945840993	0.23496856305232008	CTHRC1	0.26962122	False
1398	3.0948331348571823	0.7271884945840993	0.23496856305232008	SLC25A32	0.26962122	False
1399	3.0948331348571823	0.7271884945840993	0.23496856305232008	DCAF13	0.26962122	False
1400	3.3532998615483804	1.1156034857196273	0.3326882568755719	EIF3E	0.2696241	False
1401	3.3532998615483804	1.1156034857196273	0.3326882568755719	EMC2	0.2696241	False
1402	3.3532998615483804	1.1156034857196273	0.3326882568755719	TMEM74	0.2696241	False
1403	3.3148177851861376	1.0222217435255179	0.308379467521204	TRHR	0.26962352	False
1404	3.473712458400064	1.3399012884943908	0.38572602209899887	NUDCD1	0.26962593	False
1405	3.473712458400064	1.3399012884943908	0.38572602209899887	ENY2	0.26962593	False
1406	3.473712458400064	1.3399012884943908	0.38572602209899887	PKHD1L1	0.26962593	False
1407	3.473712458400064	1.3399012884943908	0.38572602209899887	EBAG9	0.26962593	False
1408	3.473712458400064	1.3399012884943908	0.38572602209899887	SYBU	0.26962593	False
1409	3.473712458400064	1.3399012884943908	0.38572602209899887	LOC100132813	0.26962593	False
1410	3.2097148677227003	0.8002776534621652	0.24932982724099848	SMILR	0.26962188	False
1411	3.2097148677227003	0.8002776534621652	0.24932982724099848	LINC01151	0.26962188	False
1412	3.281840546250353	0.7952908663534571	0.24233074555133763	ZHX2	0.26962212	False
1413	3.281840546250353	0.7952908663534571	0.24233074555133763	DERL1	0.26962212	False
1414	3.281840546250353	0.7952908663534571	0.24233074555133763	TBC1D31	0.26962212	False
1415	3.4707915018916293	1.015836523527417	0.2926815174503487	FAM83A	0.26962394	False
1416	3.4707915018916293	1.015836523527417	0.2926815174503487	FAM83A-AS1	0.26962394	False
1417	3.4707915018916293	1.015836523527417	0.2926815174503487	MIR4663	0.26962394	False
1418	3.4707915018916293	1.015836523527417	0.2926815174503487	C8orf76	0.26962394	False
1419	3.4707915018916293	1.015836523527417	0.2926815174503487	ZHX1-C8orf76	0.26962394	False
1420	3.4707915018916293	1.015836523527417	0.2926815174503487	ZHX1	0.26962394	False
1421	3.4707915018916293	1.015836523527417	0.2926815174503487	ATAD2	0.26962394	False
1422	3.4707915018916293	1.015836523527417	0.2926815174503487	MIR548AA1	0.26962394	False
1423	3.4707915018916293	1.015836523527417	0.2926815174503487	WDYHV1	0.26962394	False
1424	3.4707915018916293	1.015836523527417	0.2926815174503487	FBXO32	0.26962394	False
1425	3.4707915018916293	1.015836523527417	0.2926815174503487	KLHL38	0.26962394	False
1426	3.4707915018916293	1.015836523527417	0.2926815174503487	ANXA13	0.26962394	False
1427	3.4707915018916293	1.015836523527417	0.2926815174503487	FAM91A1	0.26962394	False
1428	3.3629363407119772	0.8565283396992486	0.2546965666075946	FER1L6	0.26962265	False
1429	3.3629363407119772	0.8565283396992486	0.2546965666075946	FER1L6-AS1	0.26962265	False
1430	3.3629363407119772	0.8565283396992486	0.2546965666075946	FER1L6-AS2	0.26962265	False
1431	3.4736706054151467	0.9792850787832117	0.2819165056285396	LOC101927588	0.26962382	False
1432	3.4736706054151467	0.9792850787832117	0.2819165056285396	TMEM65	0.26962382	False
1433	3.4736706054151467	0.9792850787832117	0.2819165056285396	TRMT12	0.26962382	False
1434	3.4736706054151467	0.9792850787832117	0.2819165056285396	RNF139-AS1	0.26962382	False
1435	3.4736706054151467	0.9792850787832117	0.2819165056285396	RNF139	0.26962382	False
1436	3.4736706054151467	0.9792850787832117	0.2819165056285396	TATDN1	0.26962382	False
1437	3.4736706054151467	0.9792850787832117	0.2819165056285396	NDUFB9	0.26962382	False
1438	3.4736706054151467	0.9792850787832117	0.2819165056285396	MTSS1	0.26962382	False
1439	3.4736706054151467	0.9792850787832117	0.2819165056285396	MIR4662B	0.26962382	False
1440	3.2906564310476822	0.7698336188743417	0.2339453039250413	LINC00964	0.2696219	False
1441	3.2906564310476822	0.7698336188743417	0.2339453039250413	ZNF572	0.2696219	False
1442	3.2906564310476822	0.7698336188743417	0.2339453039250413	LOC105375744	0.2696219	False
1443	3.2906564310476822	0.7698336188743417	0.2339453039250413	SQLE	0.2696219	False
1444	3.2906564310476822	0.7698336188743417	0.2339453039250413	WASHC5	0.2696219	False
1445	3.2906564310476822	0.7698336188743417	0.2339453039250413	NSMCE2	0.2696219	False
1446	3.279248147628596	0.8139855574595006	0.24822322703700792	TRIB1	0.26962218	False
1447	3.1250170718058476	0.6530757090318352	0.20898308522021725	LINC00861	0.2696208	False
1448	3.008908248821635	0.6335682162176294	0.2105641527839045	LOC101927657	0.2696204	False
1449	3.008908248821635	0.6335682162176294	0.2105641527839045	FAM84B	0.2696204	False
1450	2.9796561352157456	0.676979777681029	0.22720063891936695	LY6H	0.2696206	False
1451	2.9796561352157456	0.676979777681029	0.22720063891936695	GPIHBP1	0.2696206	False
1452	2.9796561352157456	0.676979777681029	0.22720063891936695	ZFP41	0.2696206	False
1453	2.9796561352157456	0.676979777681029	0.22720063891936695	GLI4	0.2696206	False
1454	2.9796561352157456	0.676979777681029	0.22720063891936695	MINCR	0.2696206	False
1455	2.9796561352157456	0.676979777681029	0.22720063891936695	ZNF696	0.2696206	False
1456	2.9796561352157456	0.676979777681029	0.22720063891936695	TOP1MT	0.2696206	False
1457	2.9796561352157456	0.676979777681029	0.22720063891936695	RHPN1-AS1	0.2696206	False
1458	2.9796561352157456	0.676979777681029	0.22720063891936695	RHPN1	0.2696206	False
1459	2.9796561352157456	0.676979777681029	0.22720063891936695	MAFA-AS1	0.2696206	False
1460	2.9796561352157456	0.676979777681029	0.22720063891936695	MAFA	0.2696206	False
1461	2.9796561352157456	0.676979777681029	0.22720063891936695	ZC3H3	0.2696206	False
1462	2.9796561352157456	0.676979777681029	0.22720063891936695	GSDMD	0.2696206	False
1463	2.9796561352157456	0.676979777681029	0.22720063891936695	MROH6	0.2696206	False
1464	2.9796561352157456	0.676979777681029	0.22720063891936695	NAPRT	0.2696206	False
1465	2.9796561352157456	0.676979777681029	0.22720063891936695	EEF1D	0.2696206	False
1466	2.9796561352157456	0.676979777681029	0.22720063891936695	TIGD5	0.2696206	False
1467	2.9796561352157456	0.676979777681029	0.22720063891936695	PYCR3	0.2696206	False
1468	2.9796561352157456	0.676979777681029	0.22720063891936695	TSTA3	0.2696206	False
1469	2.9796561352157456	0.676979777681029	0.22720063891936695	ZNF623	0.2696206	False
1470	2.9796561352157456	0.676979777681029	0.22720063891936695	ZNF707	0.2696206	False
1471	2.9796561352157456	0.676979777681029	0.22720063891936695	BREA2	0.2696206	False
1472	2.9796561352157456	0.676979777681029	0.22720063891936695	CCDC166	0.2696206	False
1473	2.9796561352157456	0.676979777681029	0.22720063891936695	LOC101928160	0.2696206	False
1474	2.9796561352157456	0.676979777681029	0.22720063891936695	MAPK15	0.2696206	False
1475	2.9796561352157456	0.676979777681029	0.22720063891936695	FAM83H	0.2696206	False
1476	2.9796561352157456	0.676979777681029	0.22720063891936695	MIR4664	0.2696206	False
1477	2.9796561352157456	0.676979777681029	0.22720063891936695	FAM83H-AS1	0.2696206	False
1478	2.9796561352157456	0.676979777681029	0.22720063891936695	SCRIB	0.2696206	False
1479	2.9796561352157456	0.676979777681029	0.22720063891936695	MIR937	0.2696206	False
1480	2.9796561352157456	0.676979777681029	0.22720063891936695	PUF60	0.2696206	False
1481	2.9796561352157456	0.676979777681029	0.22720063891936695	NRBP2	0.2696206	False
1482	2.9796561352157456	0.676979777681029	0.22720063891936695	MIR6845	0.2696206	False
1483	2.9796561352157456	0.676979777681029	0.22720063891936695	EPPK1	0.2696206	False
1484	2.9796561352157456	0.676979777681029	0.22720063891936695	PLEC	0.2696206	False
1485	2.9796561352157456	0.676979777681029	0.22720063891936695	MIR661	0.2696206	False
1486	2.9796561352157456	0.676979777681029	0.22720063891936695	PARP10	0.2696206	False
1487	2.9796561352157456	0.676979777681029	0.22720063891936695	GRINA	0.2696206	False
1488	2.9796561352157456	0.676979777681029	0.22720063891936695	SPATC1	0.2696206	False
1489	2.9796561352157456	0.676979777681029	0.22720063891936695	OPLAH	0.2696206	False
1490	2.9796561352157456	0.676979777681029	0.22720063891936695	MIR6846	0.2696206	False
1491	2.9796561352157456	0.676979777681029	0.22720063891936695	EXOSC4	0.2696206	False
1492	2.9796561352157456	0.676979777681029	0.22720063891936695	MIR6847	0.2696206	False
1493	2.9796561352157456	0.676979777681029	0.22720063891936695	GPAA1	0.2696206	False
1494	2.9796561352157456	0.676979777681029	0.22720063891936695	CYC1	0.2696206	False
1495	2.9796561352157456	0.676979777681029	0.22720063891936695	SHARPIN	0.2696206	False
1496	3.2645230135543293	0.8495483423962913	0.26023659164568874	MAF1	0.2696219	False
1497	3.2645230135543293	0.8495483423962913	0.26023659164568874	WDR97	0.2696219	False
1498	3.2645230135543293	0.8495483423962913	0.26023659164568874	HGH1	0.2696219	False
1499	3.2645230135543293	0.8495483423962913	0.26023659164568874	MROH1	0.2696219	False
1500	3.2645230135543293	0.8495483423962913	0.26023659164568874	BOP1	0.26962197	False
1501	3.2645230135543293	0.8495483423962913	0.26023659164568874	MIR7112	0.26962197	False
1502	3.2645230135543293	0.8495483423962913	0.26023659164568874	SCX	0.26962197	False
1503	3.2645230135543293	0.8495483423962913	0.26023659164568874	HSF1	0.26962197	False
1504	3.2645230135543293	0.8495483423962913	0.26023659164568874	DGAT1	0.26962197	False
1505	3.2645230135543293	0.8495483423962913	0.26023659164568874	MIR6848	0.26962197	False
1506	3.2645230135543293	0.8495483423962913	0.26023659164568874	SCRT1	0.2696219	False
1507	3.2645230135543293	0.8495483423962913	0.26023659164568874	TMEM249	0.2696219	False
1508	3.2645230135543293	0.8495483423962913	0.26023659164568874	SLC52A2	0.2696219	False
1509	3.2645230135543293	0.8495483423962913	0.26023659164568874	FBXL6	0.2696219	False
1510	3.2645230135543293	0.8495483423962913	0.26023659164568874	ADCK5	0.2696219	False
1511	3.2645230135543293	0.8495483423962913	0.26023659164568874	CPSF1	0.2696219	False
1512	3.2645230135543293	0.8495483423962913	0.26023659164568874	MIR939	0.26962197	False
1513	3.2645230135543293	0.8495483423962913	0.26023659164568874	MIR1234	0.26962197	False
1514	3.2645230135543293	0.8495483423962913	0.26023659164568874	MIR6849	0.26962197	False
1515	3.2645230135543293	0.8495483423962913	0.26023659164568874	SLC39A4	0.26962197	False
1516	3.2645230135543293	0.8495483423962913	0.26023659164568874	VPS28	0.26962197	False
1517	3.2645230135543293	0.8495483423962913	0.26023659164568874	TONSL	0.26962197	False
1518	3.2645230135543293	0.8495483423962913	0.26023659164568874	MIR6893	0.2696219	False
1519	3.2645230135543293	0.8495483423962913	0.26023659164568874	TONSL-AS1	0.2696219	False
1520	3.2645230135543293	0.8495483423962913	0.26023659164568874	CYHR1	0.2696219	False
1521	3.2645230135543293	0.8495483423962913	0.26023659164568874	KIFC2	0.2696219	False
1522	3.2645230135543293	0.8495483423962913	0.26023659164568874	FOXH1	0.2696219	False
1523	3.2645230135543293	0.8495483423962913	0.26023659164568874	PPP1R16A	0.2696219	False
1524	3.2645230135543293	0.8495483423962913	0.26023659164568874	GPT	0.26962197	False
1525	3.2645230135543293	0.8495483423962913	0.26023659164568874	MFSD3	0.26962197	False
1526	3.2645230135543293	0.8495483423962913	0.26023659164568874	RECQL4	0.26962197	False
1527	3.2645230135543293	0.8495483423962913	0.26023659164568874	LRRC14	0.26962197	False
1528	3.2645230135543293	0.8495483423962913	0.26023659164568874	LRRC24	0.26962197	False
1529	3.2645230135543293	0.8495483423962913	0.26023659164568874	C8orf82	0.26962197	False
1530	3.2645230135543293	0.8495483423962913	0.26023659164568874	ARHGAP39	0.2696219	False
1531	3.2645230135543293	0.8495483423962913	0.26023659164568874	ZNF251	0.2696219	False
1532	3.2645230135543293	0.8495483423962913	0.26023659164568874	ZNF34	0.2696219	False
1533	3.2645230135543293	0.8495483423962913	0.26023659164568874	RPL8	0.2696219	False
1534	3.2645230135543293	0.8495483423962913	0.26023659164568874	MIR6850	0.2696219	False
1535	3.2645230135543293	0.8495483423962913	0.26023659164568874	ZNF517	0.2696219	False
1536	3.2645230135543293	0.8495483423962913	0.26023659164568874	ZNF7	0.26962197	False
1537	3.2645230135543293	0.8495483423962913	0.26023659164568874	COMMD5	0.26962197	False
1538	3.2645230135543293	0.8495483423962913	0.26023659164568874	ZNF250	0.26962197	False
1539	3.2645230135543293	0.8495483423962913	0.26023659164568874	ZNF16	0.26962197	False
1540	3.2645230135543293	0.8495483423962913	0.26023659164568874	ZNF252P-AS1	0.26962197	False
1541	3.2645230135543293	0.8495483423962913	0.26023659164568874	C8orf33	0.26962197	False
1542	2.996405203692773	0.5227631141544741	0.17446342487665562	APTX	0.2696199	False
1543	2.996405203692773	0.5227631141544741	0.17446342487665562	DNAJA1	0.2696199	False
1544	2.996405203692773	0.5227631141544741	0.17446342487665562	SMU1	0.2696199	False
1545	3.161247964669757	0.6151748477515998	0.19459873272417108	B4GALT1	0.2696208	False
1546	3.161247964669757	0.6151748477515998	0.19459873272417108	B4GALT1-AS1	0.2696208	False
1547	3.161247964669757	0.6151748477515998	0.19459873272417108	SPINK4	0.2696208	False
1548	3.161247964669757	0.6151748477515998	0.19459873272417108	BAG1	0.2696208	False
1549	3.161247964669757	0.6151748477515998	0.19459873272417108	CHMP5	0.2696208	False
1550	3.161247964669757	0.6151748477515998	0.19459873272417108	NFX1	0.2696208	False
1551	3.161247964669757	0.6151748477515998	0.19459873272417108	AQP7	0.2696208	False
1552	3.161247964669757	0.6151748477515998	0.19459873272417108	AQP3	0.2696208	False
1553	3.161247964669757	0.6151748477515998	0.19459873272417108	NOL6	0.2696208	False
1554	3.161247964669757	0.6151748477515998	0.19459873272417108	MIR6851	0.2696208	False
1555	3.161247964669757	0.6151748477515998	0.19459873272417108	ANKRD18B	0.2696208	False
1556	3.161247964669757	0.6151748477515998	0.19459873272417108	PTENP1-AS	0.2696208	False
1557	3.161247964669757	0.6151748477515998	0.19459873272417108	LINC01251	0.2696208	False
1558	3.161247964669757	0.6151748477515998	0.19459873272417108	PRSS3	0.2696208	False
1559	3.11759282538634	0.5160540020603822	0.16552963487027256	UBE2R2	0.2696202	False
1560	3.11759282538634	0.5160540020603822	0.16552963487027256	UBAP2	0.2696202	False
1561	3.11759282538634	0.5160540020603822	0.16552963487027256	SNORD121B	0.2696202	False
1562	3.11759282538634	0.5160540020603822	0.16552963487027256	SNORD121A	0.2696202	False
1563	3.11759282538634	0.5160540020603822	0.16552963487027256	DCAF12	0.2696202	False
1564	3.22670654821108	0.593754621897358	0.18401258776585733	UBAP1	0.26962087	False
1565	3.22670654821108	0.593754621897358	0.18401258776585733	KIF24	0.26962087	False
1566	3.22670654821108	0.593754621897358	0.18401258776585733	NUDT2	0.26962087	False
1567	3.22670654821108	0.593754621897358	0.18401258776585733	MYORG	0.26962087	False
1568	3.22670654821108	0.593754621897358	0.18401258776585733	C9orf24	0.26962087	False
1569	3.22670654821108	0.593754621897358	0.18401258776585733	FAM219A	0.26962087	False
1570	3.22670654821108	0.593754621897358	0.18401258776585733	DNAI1	0.26962087	False
1571	3.22670654821108	0.593754621897358	0.18401258776585733	ENHO	0.26962087	False
1572	3.22670654821108	0.593754621897358	0.18401258776585733	CNTFR	0.26962087	False
1573	3.22670654821108	0.593754621897358	0.18401258776585733	CNTFR-AS1	0.26962087	False
1574	3.22670654821108	0.593754621897358	0.18401258776585733	RPP25L	0.26962087	False
1575	3.22670654821108	0.593754621897358	0.18401258776585733	DCTN3	0.26962087	False
1576	3.22670654821108	0.593754621897358	0.18401258776585733	ARID3C	0.26962087	False
1577	3.22670654821108	0.593754621897358	0.18401258776585733	SIGMAR1	0.26962087	False
1578	3.22670654821108	0.593754621897358	0.18401258776585733	GALT	0.26962087	False
1579	3.22670654821108	0.593754621897358	0.18401258776585733	IL11RA	0.26962087	False
1580	3.22670654821108	0.593754621897358	0.18401258776585733	CCL27	0.26962087	False
1581	3.22670654821108	0.593754621897358	0.18401258776585733	LOC730098	0.26962087	False
1582	3.22670654821108	0.593754621897358	0.18401258776585733	CCL19	0.26962087	False
1583	3.22670654821108	0.593754621897358	0.18401258776585733	CCL21	0.26962087	False
1584	3.22670654821108	0.593754621897358	0.18401258776585733	FAM205A	0.26962087	False
1585	3.22670654821108	0.593754621897358	0.18401258776585733	FAM205C	0.26962087	False
1586	3.1327995116412777	0.4889372810395537	0.15607040259764304	PHF24	0.2696201	False
1587	3.1327995116412777	0.4889372810395537	0.15607040259764304	DNAJB5-DT	0.2696201	False
1588	3.1327995116412777	0.4889372810395537	0.15607040259764304	DNAJB5	0.2696201	False
1589	3.1327995116412777	0.4889372810395537	0.15607040259764304	C9orf131	0.2696201	False
1590	3.1327995116412777	0.4889372810395537	0.15607040259764304	VCP	0.2696201	False
1591	3.1327995116412777	0.4889372810395537	0.15607040259764304	FANCG	0.2696201	False
1592	3.1327995116412777	0.4889372810395537	0.15607040259764304	PIGO	0.2696201	False
1593	3.1327995116412777	0.4889372810395537	0.15607040259764304	STOML2	0.2696201	False
1594	3.1440361915532486	0.5298055357983396	0.16851127134659338	FAM214B	0.26962027	False
1595	3.1440361915532486	0.5298055357983396	0.16851127134659338	UNC13B	0.26962027	False
1596	3.1440361915532486	0.5298055357983396	0.16851127134659338	RUSC2	0.26962027	False
1597	3.1440361915532486	0.5298055357983396	0.16851127134659338	FAM166B	0.26962027	False
1598	3.1440361915532486	0.5298055357983396	0.16851127134659338	TESK1	0.26962027	False
1599	3.1440361915532486	0.5298055357983396	0.16851127134659338	MIR4667	0.26962027	False
1600	3.1440361915532486	0.5298055357983396	0.16851127134659338	CD72	0.26962027	False
1601	3.1440361915532486	0.5298055357983396	0.16851127134659338	LOC101926948	0.26962027	False
1602	3.1440361915532486	0.5298055357983396	0.16851127134659338	SIT1	0.26962027	False
1603	3.1440361915532486	0.5298055357983396	0.16851127134659338	RMRP	0.26962027	False
1604	3.1440361915532486	0.5298055357983396	0.16851127134659338	CCDC107	0.26962027	False
1605	3.1440361915532486	0.5298055357983396	0.16851127134659338	ARHGEF39	0.26962027	False
1606	3.1440361915532486	0.5298055357983396	0.16851127134659338	CA9	0.26962027	False
1607	3.1440361915532486	0.5298055357983396	0.16851127134659338	TPM2	0.26962027	False
1608	3.1440361915532486	0.5298055357983396	0.16851127134659338	TLN1	0.26962027	False
1609	3.1440361915532486	0.5298055357983396	0.16851127134659338	MIR6852	0.26962027	False
1610	3.1440361915532486	0.5298055357983396	0.16851127134659338	CREB3	0.26962027	False
1611	3.1440361915532486	0.5298055357983396	0.16851127134659338	MIR6853	0.26962027	False
1612	3.1440361915532486	0.5298055357983396	0.16851127134659338	GBA2	0.26962027	False
1613	3.1440361915532486	0.5298055357983396	0.16851127134659338	RGP1	0.26962027	False
1614	3.1440361915532486	0.5298055357983396	0.16851127134659338	MSMP	0.26962027	False
1615	3.1440361915532486	0.5298055357983396	0.16851127134659338	NPR2	0.26962027	False
1616	3.1440361915532486	0.5298055357983396	0.16851127134659338	SPAG8	0.26962027	False
1617	3.1440361915532486	0.5298055357983396	0.16851127134659338	HINT2	0.26962027	False
1618	3.1440361915532486	0.5298055357983396	0.16851127134659338	TMEM8B	0.26962027	False
1619	3.1440361915532486	0.5298055357983396	0.16851127134659338	FAM221B	0.26962027	False
1620	3.1440361915532486	0.5298055357983396	0.16851127134659338	LINC00950	0.26962027	False
1621	3.1440361915532486	0.5298055357983396	0.16851127134659338	OR13J1	0.26962027	False
1622	2.9417966739318655	0.40970215167937096	0.13926936396042033	HRCT1	0.26961935	False
1623	2.9417966739318655	0.40970215167937096	0.13926936396042033	SPAAR	0.26961935	False
1624	2.9417966739318655	0.40970215167937096	0.13926936396042033	OR2S2	0.26961935	False
1625	2.9417966739318655	0.40970215167937096	0.13926936396042033	RECK	0.26961935	False
1626	2.8638244797931423	0.37289852838137605	0.13020998005028261	SLC25A25-AS1	0.26961893	False
1627	2.8638244797931423	0.37289852838137605	0.13020998005028261	PTGES2	0.26961893	False
1628	2.8638244797931423	0.37289852838137605	0.13020998005028261	PTGES2-AS1	0.26961893	False
1629	2.8638244797931423	0.37289852838137605	0.13020998005028261	LCN2	0.26961893	False
1630	2.8638244797931423	0.37289852838137605	0.13020998005028261	C9orf16	0.26961893	False
1631	2.8638244797931423	0.37289852838137605	0.13020998005028261	CIZ1	0.26961893	False
1632	2.8638244797931423	0.37289852838137605	0.13020998005028261	DNM1	0.26961893	False
1633	2.8638244797931423	0.37289852838137605	0.13020998005028261	MIR199B	0.26961893	False
1634	2.8638244797931423	0.37289852838137605	0.13020998005028261	MIR3154	0.26961893	False
1635	2.8638244797931423	0.37289852838137605	0.13020998005028261	GOLGA2	0.26961893	False
1636	2.8638244797931423	0.37289852838137605	0.13020998005028261	SWI5	0.26961893	False
1637	2.8638244797931423	0.37289852838137605	0.13020998005028261	TRUB2	0.26961893	False
1638	2.8638244797931423	0.37289852838137605	0.13020998005028261	COQ4	0.26961893	False
1639	2.8638244797931423	0.37289852838137605	0.13020998005028261	SLC27A4	0.26961893	False
1640	2.8638244797931423	0.37289852838137605	0.13020998005028261	URM1	0.26961893	False
1641	2.8638244797931423	0.37289852838137605	0.13020998005028261	MIR219A2	0.26961893	False
1642	2.8638244797931423	0.37289852838137605	0.13020998005028261	CERCAM	0.26961893	False
1643	2.8638244797931423	0.37289852838137605	0.13020998005028261	ODF2	0.26961893	False
1644	2.8638244797931423	0.37289852838137605	0.13020998005028261	GLE1	0.26961893	False
1645	2.8638244797931423	0.37289852838137605	0.13020998005028261	SPTAN1	0.26961893	False
1646	2.8638244797931423	0.37289852838137605	0.13020998005028261	WDR34	0.26961893	False
1647	2.8638244797931423	0.37289852838137605	0.13020998005028261	SET	0.26961893	False
1648	2.8638244797931423	0.37289852838137605	0.13020998005028261	PKN3	0.26961893	False
1649	2.8638244797931423	0.37289852838137605	0.13020998005028261	ZDHHC12	0.26961893	False
1650	2.8638244797931423	0.37289852838137605	0.13020998005028261	LOC100506100	0.26961893	False
1651	2.8638244797931423	0.37289852838137605	0.13020998005028261	ZER1	0.26961893	False
1652	2.8638244797931423	0.37289852838137605	0.13020998005028261	TBC1D13	0.26961893	False
1653	2.8638244797931423	0.37289852838137605	0.13020998005028261	ENDOG	0.26961893	False
1654	2.8638244797931423	0.37289852838137605	0.13020998005028261	SPOUT1	0.26961893	False
1655	2.8638244797931423	0.37289852838137605	0.13020998005028261	KYAT1	0.26961893	False
1656	2.944928618037375	0.46139455027595755	0.15667427300273593	LDB1	0.26961964	False
1657	2.944928618037375	0.46139455027595755	0.15667427300273593	PPRC1	0.26961964	False
1658	2.944928618037375	0.46139455027595755	0.15667427300273593	NOLC1	0.26961964	False
1659	2.944928618037375	0.46139455027595755	0.15667427300273593	ELOVL3	0.26961964	False
1660	2.944928618037375	0.46139455027595755	0.15667427300273593	PITX3	0.26961964	False
1661	2.944928618037375	0.46139455027595755	0.15667427300273593	GBF1	0.26961964	False
1662	2.944928618037375	0.46139455027595755	0.15667427300273593	NFKB2	0.26961964	False
1663	2.944928618037375	0.46139455027595755	0.15667427300273593	PSD	0.26961964	False
1664	2.944928618037375	0.46139455027595755	0.15667427300273593	FBXL15	0.26961964	False
1665	2.944928618037375	0.46139455027595755	0.15667427300273593	CUEDC2	0.26961964	False
1666	2.944928618037375	0.46139455027595755	0.15667427300273593	MIR146B	0.26961964	False
1667	2.944928618037375	0.46139455027595755	0.15667427300273593	RPARP-AS1	0.26961964	False
1668	2.944928618037375	0.46139455027595755	0.15667427300273593	C10orf95	0.26961964	False
1669	2.944928618037375	0.46139455027595755	0.15667427300273593	MFSD13A	0.26961964	False
1670	2.944928618037375	0.46139455027595755	0.15667427300273593	ACTR1A	0.26961964	False
1671	2.944928618037375	0.46139455027595755	0.15667427300273593	SUFU	0.26961964	False
1672	2.944928618037375	0.46139455027595755	0.15667427300273593	TRIM8	0.26961964	False
1673	2.944928618037375	0.46139455027595755	0.15667427300273593	ARL3	0.26961964	False
1674	2.944928618037375	0.46139455027595755	0.15667427300273593	SFXN2	0.26961964	False
1675	2.944928618037375	0.46139455027595755	0.15667427300273593	WBP1L	0.26961964	False
1676	2.944928618037375	0.46139455027595755	0.15667427300273593	CYP17A1	0.26961964	False
1677	2.944928618037375	0.46139455027595755	0.15667427300273593	BORCS7	0.26961964	False
1678	3.37360806837591	1.0921593907611387	0.32373629912703983	TRIM48	0.26962402	False
1679	3.37360806837591	1.0921593907611387	0.32373629912703983	OR4A16	0.26962402	False
1680	3.37360806837591	1.0921593907611387	0.32373629912703983	OR4A15	0.26962402	False
1681	3.37360806837591	1.0921593907611387	0.32373629912703983	OR4C15	0.26962402	False
1682	3.37360806837591	1.0921593907611387	0.32373629912703983	OR4C16	0.26962402	False
1683	3.37360806837591	1.0921593907611387	0.32373629912703983	OR4C11	0.26962402	False
1684	3.37360806837591	1.0921593907611387	0.32373629912703983	OR4P4	0.26962402	False
1685	3.37360806837591	1.0921593907611387	0.32373629912703983	OR4S2	0.26962402	False
1686	3.37360806837591	1.0921593907611387	0.32373629912703983	OR4C6	0.26962402	False
1687	3.37360806837591	1.0921593907611387	0.32373629912703983	OR5D13	0.26962402	False
1688	3.37360806837591	1.0921593907611387	0.32373629912703983	OR5D14	0.26962402	False
1689	3.37360806837591	1.0921593907611387	0.32373629912703983	OR5L1	0.26962402	False
1690	3.37360806837591	1.0921593907611387	0.32373629912703983	OR5D18	0.26962402	False
1691	3.37360806837591	1.0921593907611387	0.32373629912703983	OR5L2	0.26962402	False
1692	3.37360806837591	1.0921593907611387	0.32373629912703983	OR5D16	0.26962402	False
1693	3.37360806837591	1.0921593907611387	0.32373629912703983	TRIM51	0.26962402	False
1694	3.3793514402945712	1.0531664220706587	0.3116474982486155	OR5W2	0.2696239	False
1695	3.3793514402945712	1.0531664220706587	0.3116474982486155	OR5I1	0.2696239	False
1696	3.3793514402945712	1.0531664220706587	0.3116474982486155	OR10AG1	0.2696239	False
1697	3.3793514402945712	1.0531664220706587	0.3116474982486155	OR5F1	0.2696239	False
1698	3.3793514402945712	1.0531664220706587	0.3116474982486155	OR5AS1	0.2696239	False
1699	3.3793514402945712	1.0531664220706587	0.3116474982486155	OR8I2	0.2696239	False
1700	3.3793514402945712	1.0531664220706587	0.3116474982486155	OR8H2	0.2696239	False
1701	3.3793514402945712	1.0531664220706587	0.3116474982486155	OR8H3	0.2696239	False
1702	3.3793514402945712	1.0531664220706587	0.3116474982486155	OR8J3	0.2696239	False
1703	3.3793514402945712	1.0531664220706587	0.3116474982486155	OR8K5	0.2696239	False
1704	3.3793514402945712	1.0531664220706587	0.3116474982486155	OR5J2	0.2696239	False
1705	3.3793514402945712	1.0531664220706587	0.3116474982486155	OR5T2	0.2696239	False
1706	3.3793514402945712	1.0531664220706587	0.3116474982486155	OR5T3	0.2696239	False
1707	3.3793514402945712	1.0531664220706587	0.3116474982486155	OR5T1	0.2696239	False
1708	3.3793514402945712	1.0531664220706587	0.3116474982486155	OR8H1	0.2696239	False
1709	3.3793514402945712	1.0531664220706587	0.3116474982486155	OR8K3	0.2696239	False
1710	3.3793514402945712	1.0531664220706587	0.3116474982486155	OR8K1	0.2696239	False
1711	3.3793514402945712	1.0531664220706587	0.3116474982486155	OR8J1	0.2696239	False
1712	3.3793514402945712	1.0531664220706587	0.3116474982486155	OR8U1	0.2696239	False
1713	3.3793514402945712	1.0531664220706587	0.3116474982486155	OR5R1	0.2696239	False
1714	3.3793514402945712	1.0531664220706587	0.3116474982486155	OR5M9	0.2696239	False
1715	3.3793514402945712	1.0531664220706587	0.3116474982486155	OR5M3	0.2696239	False
1716	3.3793514402945712	1.0531664220706587	0.3116474982486155	OR5M8	0.2696239	False
1717	3.3793514402945712	1.0531664220706587	0.3116474982486155	OR5M11	0.2696239	False
1718	3.3793514402945712	1.0531664220706587	0.3116474982486155	OR5M10	0.2696239	False
1719	3.3793514402945712	1.0531664220706587	0.3116474982486155	OR5M1	0.2696239	False
1720	3.3793514402945712	1.0531664220706587	0.3116474982486155	OR5AP2	0.2696239	False
1721	3.3793514402945712	1.0531664220706587	0.3116474982486155	OR5AR1	0.2696239	False
1722	3.3793514402945712	1.0531664220706587	0.3116474982486155	OR9G1	0.2696239	False
1723	3.3793514402945712	1.0531664220706587	0.3116474982486155	OR9G4	0.2696239	False
1724	3.3793514402945712	1.0531664220706587	0.3116474982486155	MIR6128	0.2696239	False
1725	3.3793514402945712	1.0531664220706587	0.3116474982486155	LOC101927120	0.2696239	False
1726	3.39749742778145	1.0011644538716034	0.294677030712385	OR5AK2	0.2696238	False
1727	3.39749742778145	1.0011644538716034	0.294677030712385	LRRC55	0.2696238	False
1728	3.39749742778145	1.0011644538716034	0.294677030712385	APLNR	0.2696238	False
1729	3.39749742778145	1.0011644538716034	0.294677030712385	TNKS1BP1	0.2696238	False
1730	3.39749742778145	1.0011644538716034	0.294677030712385	SSRP1	0.2696238	False
1731	3.39749742778145	1.0011644538716034	0.294677030712385	P2RX3	0.2696238	False
1732	3.39749742778145	1.0011644538716034	0.294677030712385	PRG3	0.2696238	False
1733	3.39749742778145	1.0011644538716034	0.294677030712385	PRG2	0.2696238	False
1734	3.39749742778145	1.0011644538716034	0.294677030712385	SLC43A3	0.2696238	False
1735	3.39749742778145	1.0011644538716034	0.294677030712385	RTN4RL2	0.2696238	False
1736	3.39749742778145	1.0011644538716034	0.294677030712385	SLC43A1	0.2696238	False
1737	3.39749742778145	1.0011644538716034	0.294677030712385	TIMM10	0.2696238	False
1738	3.39749742778145	1.0011644538716034	0.294677030712385	SMTNL1	0.2696238	False
1739	3.39749742778145	1.0011644538716034	0.294677030712385	UBE2L6	0.2696238	False
1740	3.39749742778145	1.0011644538716034	0.294677030712385	SERPING1	0.2696238	False
1741	3.39749742778145	1.0011644538716034	0.294677030712385	MIR130A	0.2696238	False
1742	3.39749742778145	1.0011644538716034	0.294677030712385	YPEL4	0.2696238	False
1743	3.39749742778145	1.0011644538716034	0.294677030712385	CLP1	0.2696238	False
1744	3.39749742778145	1.0011644538716034	0.294677030712385	ZDHHC5	0.2696238	False
1745	3.39749742778145	1.0011644538716034	0.294677030712385	MED19	0.2696238	False
1746	3.39749742778145	1.0011644538716034	0.294677030712385	TMX2	0.2696238	False
1747	3.39749742778145	1.0011644538716034	0.294677030712385	TMX2-CTNND1	0.2696238	False
1748	3.39749742778145	1.0011644538716034	0.294677030712385	SELENOH	0.2696238	False
1749	3.39749742778145	1.0011644538716034	0.294677030712385	CTNND1	0.2696238	False
1750	3.39749742778145	1.0011644538716034	0.294677030712385	BTBD18	0.2696238	False
1751	3.159979698497789	0.6938472362969178	0.21957332087505604	OR9Q1	0.26962128	False
1752	3.159979698497789	0.6938472362969178	0.21957332087505604	OR6Q1	0.26962128	False
1753	3.1676750561489593	0.712320699502256	0.2248717708969323	OR9I1	0.2696214	False
1754	3.1676750561489593	0.712320699502256	0.2248717708969323	OR9Q2	0.2696214	False
1755	3.1676750561489593	0.712320699502256	0.2248717708969323	OR1S2	0.2696214	False
1756	3.1676750561489593	0.712320699502256	0.2248717708969323	OR1S1	0.2696214	False
1757	3.1676750561489593	0.712320699502256	0.2248717708969323	OR10Q1	0.2696214	False
1758	3.1676750561489593	0.712320699502256	0.2248717708969323	OR10W1	0.2696214	False
1759	3.1676750561489593	0.712320699502256	0.2248717708969323	OR5B17	0.2696214	False
1760	3.1676750561489593	0.712320699502256	0.2248717708969323	OR5B3	0.2696214	False
1761	3.1676750561489593	0.712320699502256	0.2248717708969323	OR5B2	0.2696214	False
1762	3.1676750561489593	0.712320699502256	0.2248717708969323	OR5B12	0.2696214	False
1763	3.1676750561489593	0.712320699502256	0.2248717708969323	OR5B21	0.2696214	False
1764	3.1676750561489593	0.712320699502256	0.2248717708969323	LPXN	0.2696214	False
1765	3.1676750561489593	0.712320699502256	0.2248717708969323	ZFP91	0.2696214	False
1766	3.1676750561489593	0.712320699502256	0.2248717708969323	ZFP91-CNTF	0.2696214	False
1767	3.1676750561489593	0.712320699502256	0.2248717708969323	CNTF	0.2696214	False
1768	3.1676750561489593	0.712320699502256	0.2248717708969323	GLYAT	0.2696214	False
1769	2.9583220444483542	0.5079142042565843	0.1716899636433248	GLYATL2	0.26961982	False
1770	2.9583220444483542	0.5079142042565843	0.1716899636433248	GLYATL1	0.26961982	False
1771	2.9583220444483542	0.5079142042565843	0.1716899636433248	LOC283194	0.26961982	False
1772	2.9418632257087944	0.36830443839619803	0.12519427659913082	CHRM1	0.2696191	False
1773	2.9418632257087944	0.36830443839619803	0.12519427659913082	SLC22A6	0.2696191	False
1774	2.9418632257087944	0.36830443839619803	0.12519427659913082	SLC22A8	0.2696191	False
1775	2.9418632257087944	0.36830443839619803	0.12519427659913082	SLC22A24	0.2696191	False
1776	3.0660732376660595	0.4215641437785107	0.13749317485299586	SLC22A10	0.26961955	False
1777	3.0660732376660595	0.4215641437785107	0.13749317485299586	SLC22A25	0.26961955	False
1778	3.0660732376660595	0.4215641437785107	0.13749317485299586	SLC22A9	0.26961955	False
1779	3.0660732376660595	0.4215641437785107	0.13749317485299586	HRASLS5	0.26961955	False
1780	3.0660732376660595	0.4215641437785107	0.13749317485299586	LGALS12	0.26961955	False
1781	3.0660732376660595	0.4215641437785107	0.13749317485299586	RARRES3	0.26961955	False
1782	3.0660732376660595	0.4215641437785107	0.13749317485299586	HRASLS2	0.26961955	False
1783	3.0660732376660595	0.4215641437785107	0.13749317485299586	PLA2G16	0.26961955	False
1784	3.0660732376660595	0.4215641437785107	0.13749317485299586	ATL3	0.26961955	False
1785	3.0660732376660595	0.4215641437785107	0.13749317485299586	RTN3	0.26961955	False
1786	3.0660732376660595	0.4215641437785107	0.13749317485299586	C11orf95	0.26961955	False
1787	3.0660732376660595	0.4215641437785107	0.13749317485299586	SPINDOC	0.26961955	False
1788	3.1885045166471757	0.43999083964113334	0.1379928544381675	MARK2	0.2696199	False
1789	3.1885045166471757	0.43999083964113334	0.1379928544381675	RCOR2	0.2696199	False
1790	3.1885045166471757	0.43999083964113334	0.1379928544381675	NAA40	0.2696199	False
1791	3.1885045166471757	0.43999083964113334	0.1379928544381675	COX8A	0.2696199	False
1792	3.1885045166471757	0.43999083964113334	0.1379928544381675	OTUB1	0.2696199	False
1793	3.1885045166471757	0.43999083964113334	0.1379928544381675	MACROD1	0.2696199	False
1794	3.383148309546215	0.57273285545616	0.16928990486171777	FLRT1	0.26962113	False
1795	3.383148309546215	0.57273285545616	0.16928990486171777	STIP1	0.26962113	False
1796	3.383148309546215	0.57273285545616	0.16928990486171777	FERMT3	0.26962113	False
1797	3.383148309546215	0.57273285545616	0.16928990486171777	TRPT1	0.26962113	False
1798	3.383148309546215	0.57273285545616	0.16928990486171777	NUDT22	0.26962113	False
1799	3.383148309546215	0.57273285545616	0.16928990486171777	DNAJC4	0.26962113	False
1800	3.383148309546215	0.57273285545616	0.16928990486171777	VEGFB	0.26962113	False
1801	3.383148309546215	0.57273285545616	0.16928990486171777	FKBP2	0.26962113	False
1802	3.383148309546215	0.57273285545616	0.16928990486171777	PPP1R14B	0.26962113	False
1803	3.383148309546215	0.57273285545616	0.16928990486171777	LOC105369340	0.26962113	False
1804	3.383148309546215	0.57273285545616	0.16928990486171777	PLCB3	0.26962113	False
1805	3.383148309546215	0.57273285545616	0.16928990486171777	BAD	0.26962113	False
1806	3.383148309546215	0.57273285545616	0.16928990486171777	GPR137	0.26962113	False
1807	3.383148309546215	0.57273285545616	0.16928990486171777	KCNK4	0.26962113	False
1808	3.383148309546215	0.57273285545616	0.16928990486171777	KCNK4-TEX40	0.26962113	False
1809	3.383148309546215	0.57273285545616	0.16928990486171777	CATSPERZ	0.26962113	False
1810	3.383148309546215	0.57273285545616	0.16928990486171777	ESRRA	0.26962113	False
1811	3.383148309546215	0.57273285545616	0.16928990486171777	TRMT112	0.26962113	False
1812	3.383148309546215	0.57273285545616	0.16928990486171777	PRDX5	0.26962113	False
1813	3.383148309546215	0.57273285545616	0.16928990486171777	CCDC88B	0.26962113	False
1814	3.383148309546215	0.57273285545616	0.16928990486171777	MIR7155	0.26962113	False
1815	3.383148309546215	0.57273285545616	0.16928990486171777	RPS6KA4	0.26962113	False
1816	3.383148309546215	0.57273285545616	0.16928990486171777	MIR1237	0.26962113	False
1817	3.383148309546215	0.57273285545616	0.16928990486171777	LOC100996455	0.26962113	False
1818	3.383148309546215	0.57273285545616	0.16928990486171777	SLC22A11	0.26962113	False
1819	3.383148309546215	0.57273285545616	0.16928990486171777	SLC22A12	0.26962113	False
1820	3.383148309546215	0.57273285545616	0.16928990486171777	NRXN2	0.26962113	False
1821	3.383148309546215	0.57273285545616	0.16928990486171777	RASGRP2	0.26962113	False
1822	3.383148309546215	0.57273285545616	0.16928990486171777	PYGM	0.26962113	False
1823	3.383148309546215	0.57273285545616	0.16928990486171777	SF1	0.26962113	False
1824	3.383148309546215	0.57273285545616	0.16928990486171777	MAP4K2	0.26962113	False
1825	3.383148309546215	0.57273285545616	0.16928990486171777	MEN1	0.26962113	False
1826	3.383148309546215	0.57273285545616	0.16928990486171777	CDC42BPG	0.26962113	False
1827	3.383148309546215	0.57273285545616	0.16928990486171777	EHD1	0.26962113	False
1828	3.383148309546215	0.57273285545616	0.16928990486171777	MIR194-2HG	0.26962113	False
1829	3.383148309546215	0.57273285545616	0.16928990486171777	MIR192	0.26962113	False
1830	3.383148309546215	0.57273285545616	0.16928990486171777	MIR194-2	0.26962113	False
1831	3.3883377738842992	0.5459334643657463	0.16112132284258746	ATG2A	0.2696211	False
1832	3.383148309546215	0.57273285545616	0.16928990486171777	MIR6750	0.26962113	False
1833	3.3883377738842992	0.5459334643657463	0.16112132284258746	MIR6749	0.2696211	False
1834	3.3883377738842992	0.5459334643657463	0.16112132284258746	PPP2R5B	0.2696211	False
1835	3.3883377738842992	0.5459334643657463	0.16112132284258746	GPHA2	0.2696211	False
1836	3.3883377738842992	0.5459334643657463	0.16112132284258746	MAJIN	0.2696211	False
1837	3.3883377738842992	0.5459334643657463	0.16112132284258746	BATF2	0.2696211	False
1838	3.3883377738842992	0.5459334643657463	0.16112132284258746	ARL2	0.2696211	False
1839	3.3883377738842992	0.5459334643657463	0.16112132284258746	ARL2-SNX15	0.2696211	False
1840	3.3883377738842992	0.5459334643657463	0.16112132284258746	MIR6879	0.2696211	False
1841	3.3883377738842992	0.5459334643657463	0.16112132284258746	SNX15	0.2696211	False
1842	3.3883377738842992	0.5459334643657463	0.16112132284258746	SAC3D1	0.2696211	False
1843	3.3883377738842992	0.5459334643657463	0.16112132284258746	NAALADL1	0.2696211	False
1844	3.3883377738842992	0.5459334643657463	0.16112132284258746	CDCA5	0.2696211	False
1845	3.3883377738842992	0.5459334643657463	0.16112132284258746	ZFPL1	0.2696211	False
1846	3.3883377738842992	0.5459334643657463	0.16112132284258746	TMEM262	0.2696211	False
1847	3.3883377738842992	0.5459334643657463	0.16112132284258746	VPS51	0.2696211	False
1848	3.5266773319825506	0.6807346229607768	0.19302435660539896	TM7SF2	0.26962227	False
1849	3.5266773319825506	0.6807346229607768	0.19302435660539896	ZNHIT2	0.26962227	False
1850	3.5266773319825506	0.6807346229607768	0.19302435660539896	FAU	0.26962227	False
1851	3.5266773319825506	0.6807346229607768	0.19302435660539896	SYVN1	0.26962227	False
1852	3.5266773319825506	0.6807346229607768	0.19302435660539896	MRPL49	0.26962227	False
1853	3.5266773319825506	0.6807346229607768	0.19302435660539896	MIR6751	0.26962227	False
1854	3.5266773319825506	0.6807346229607768	0.19302435660539896	SPDYC	0.26962227	False
1855	3.5266773319825506	0.6807346229607768	0.19302435660539896	CAPN1	0.26962227	False
1856	3.5266773319825506	0.6807346229607768	0.19302435660539896	POLA2	0.26962227	False
1857	3.5266773319825506	0.6807346229607768	0.19302435660539896	CDC42EP2	0.26962227	False
1858	3.5266773319825506	0.6807346229607768	0.19302435660539896	DPF2	0.26962227	False
1859	3.5266773319825506	0.6807346229607768	0.19302435660539896	TIGD3	0.26962227	False
1860	3.5266773319825506	0.6807346229607768	0.19302435660539896	SLC25A45	0.26962227	False
1861	3.5266773319825506	0.6807346229607768	0.19302435660539896	FRMD8	0.26962227	False
1862	3.5266773319825506	0.6807346229607768	0.19302435660539896	NEAT1	0.26962227	False
1863	3.5266773319825506	0.6807346229607768	0.19302435660539896	MIR612	0.26962227	False
1864	3.5266773319825506	0.6807346229607768	0.19302435660539896	MALAT1	0.26962227	False
1865	3.5266773319825506	0.6807346229607768	0.19302435660539896	SCYL1	0.26962227	False
1866	3.5266773319825506	0.6807346229607768	0.19302435660539896	LTBP3	0.26962227	False
1867	3.5266773319825506	0.6807346229607768	0.19302435660539896	SSSCA1-AS1	0.26962227	False
1868	3.5266773319825506	0.6807346229607768	0.19302435660539896	SSSCA1	0.26962227	False
1869	3.5266773319825506	0.6807346229607768	0.19302435660539896	FAM89B	0.26962227	False
1870	3.5266773319825506	0.6807346229607768	0.19302435660539896	EHBP1L1	0.26962227	False
1871	3.5266773319825506	0.6807346229607768	0.19302435660539896	SIPA1	0.26962227	False
1872	3.5266773319825506	0.6807346229607768	0.19302435660539896	KCNK7	0.26962227	False
1873	3.5266773319825506	0.6807346229607768	0.19302435660539896	MAP3K11	0.26962227	False
1874	3.5266773319825506	0.6807346229607768	0.19302435660539896	PCNX3	0.26962227	False
1875	3.5266773319825506	0.6807346229607768	0.19302435660539896	MIR4690	0.26962227	False
1876	3.5266773319825506	0.6807346229607768	0.19302435660539896	MIR4489	0.26962227	False
1877	3.5266773319825506	0.6807346229607768	0.19302435660539896	RELA	0.26962227	False
1878	3.5266773319825506	0.6807346229607768	0.19302435660539896	KAT5	0.26962227	False
1879	3.5266773319825506	0.6807346229607768	0.19302435660539896	RNASEH2C	0.26962227	False
1880	3.5266773319825506	0.6807346229607768	0.19302435660539896	AP5B1	0.26962227	False
1881	3.5266773319825506	0.6807346229607768	0.19302435660539896	OVOL1	0.26962227	False
1882	3.5266773319825506	0.6807346229607768	0.19302435660539896	OVOL1-AS1	0.26962227	False
1883	3.5266773319825506	0.6807346229607768	0.19302435660539896	CFL1	0.26962227	False
1884	3.5266773319825506	0.6807346229607768	0.19302435660539896	SNX32	0.26962227	False
1885	3.5266773319825506	0.6807346229607768	0.19302435660539896	MUS81	0.26962227	False
1886	3.5266773319825506	0.6807346229607768	0.19302435660539896	EFEMP2	0.26962227	False
1887	3.5266773319825506	0.6807346229607768	0.19302435660539896	CTSW	0.26962227	False
1888	3.5266773319825506	0.6807346229607768	0.19302435660539896	FIBP	0.26962227	False
1889	3.5266773319825506	0.6807346229607768	0.19302435660539896	CCDC85B	0.26962227	False
1890	3.338743219103531	0.5129191110496081	0.15362640292754512	FOSL1	0.26962078	False
1891	3.338743219103531	0.5129191110496081	0.15362640292754512	C11orf68	0.26962078	False
1892	3.338743219103531	0.5129191110496081	0.15362640292754512	DRAP1	0.26962078	False
1893	3.338743219103531	0.5129191110496081	0.15362640292754512	TSGA10IP	0.26962078	False
1894	3.338743219103531	0.5129191110496081	0.15362640292754512	SART1	0.26962078	False
1895	3.338743219103531	0.5129191110496081	0.15362640292754512	EIF1AD	0.26962078	False
1896	3.338743219103531	0.5129191110496081	0.15362640292754512	BANF1	0.26962078	False
1897	3.338743219103531	0.5129191110496081	0.15362640292754512	CST6	0.26962078	False
1898	3.338743219103531	0.5129191110496081	0.15362640292754512	CATSPER1	0.26962078	False
1899	3.338743219103531	0.5129191110496081	0.15362640292754512	GAL3ST3	0.26962078	False
1900	3.338743219103531	0.5129191110496081	0.15362640292754512	SF3B2	0.26962078	False
1901	3.338743219103531	0.5129191110496081	0.15362640292754512	PACS1	0.26962078	False
1902	3.3433430527943426	0.5345391767533999	0.15988164191127077	KLC2	0.26962087	False
1903	3.3433430527943426	0.5345391767533999	0.15988164191127077	RAB1B	0.26962087	False
1904	3.3433430527943426	0.5345391767533999	0.15988164191127077	CNIH2	0.26962087	False
1905	3.3433430527943426	0.5345391767533999	0.15988164191127077	YIF1A	0.26962087	False
1906	3.3433430527943426	0.5345391767533999	0.15988164191127077	TMEM151A	0.26962087	False
1907	3.3433430527943426	0.5345391767533999	0.15988164191127077	CD248	0.26962087	False
1908	3.3433430527943426	0.5345391767533999	0.15988164191127077	RIN1	0.26962087	False
1909	3.3433430527943426	0.5345391767533999	0.15988164191127077	BRMS1	0.26962087	False
1910	3.3433430527943426	0.5345391767533999	0.15988164191127077	B4GAT1	0.26962087	False
1911	3.3433430527943426	0.5345391767533999	0.15988164191127077	SLC29A2	0.26962087	False
1912	3.3433430527943426	0.5345391767533999	0.15988164191127077	NPAS4	0.26962087	False
1913	3.3433430527943426	0.5345391767533999	0.15988164191127077	MRPL11	0.26962087	False
1914	3.3433430527943426	0.5345391767533999	0.15988164191127077	PELI3	0.26962087	False
1915	3.3433430527943426	0.5345391767533999	0.15988164191127077	LOC101928069	0.26962087	False
1916	3.3433430527943426	0.5345391767533999	0.15988164191127077	DPP3	0.26962087	False
1917	3.3433430527943426	0.5345391767533999	0.15988164191127077	BBS1	0.26962087	False
1918	3.3433430527943426	0.5345391767533999	0.15988164191127077	ZDHHC24	0.26962087	False
1919	3.3433430527943426	0.5345391767533999	0.15988164191127077	ACTN3	0.26962087	False
1920	3.3433430527943426	0.5345391767533999	0.15988164191127077	CTSF	0.26962087	False
1921	3.3433430527943426	0.5345391767533999	0.15988164191127077	CCDC87	0.26962087	False
1922	3.3433430527943426	0.5345391767533999	0.15988164191127077	CCS	0.26962087	False
1923	3.3433430527943426	0.5345391767533999	0.15988164191127077	RBM14	0.26962087	False
1924	3.3433430527943426	0.5345391767533999	0.15988164191127077	RBM14-RBM4	0.26962087	False
1925	3.3433430527943426	0.5345391767533999	0.15988164191127077	RBM4	0.26962087	False
1926	3.3433430527943426	0.5345391767533999	0.15988164191127077	RBM4B	0.26962087	False
1927	3.3433430527943426	0.5345391767533999	0.15988164191127077	SPTBN2	0.26962087	False
1928	3.3433430527943426	0.5345391767533999	0.15988164191127077	C11orf80	0.26962087	False
1929	3.3433430527943426	0.5345391767533999	0.15988164191127077	RCE1	0.26962087	False
1930	3.9068382337231853	1.8649075137968913	0.47734444126693454	PC	0.26963103	False
1931	3.3433430527943426	0.5345391767533999	0.15988164191127077	LRFN4	0.26962087	False
1932	3.9068382337231853	1.8649075137968913	0.47734444126693454	MIR3163	0.26963103	False
1933	3.9068382337231853	1.8649075137968913	0.47734444126693454	C11orf86	0.26963103	False
1934	3.9068382337231853	1.8649075137968913	0.47734444126693454	SYT12	0.26963103	False
1935	3.9068382337231853	1.8649075137968913	0.47734444126693454	RHOD	0.26963103	False
1936	4.031928014017523	2.814937883581658	0.698161741428706	KDM2A	0.26963884	False
1937	4.031928014017523	2.814937883581658	0.698161741428706	GRK2	0.26963884	False
1938	4.031928014017523	2.814937883581658	0.698161741428706	ANKRD13D	0.26963884	False
1939	4.031928014017523	2.814937883581658	0.698161741428706	SSH3	0.26963884	False
1940	4.031928014017523	2.814937883581658	0.698161741428706	LOC100130987	0.26963884	False
1941	4.031928014017523	2.814937883581658	0.698161741428706	POLD4	0.26963884	False
1942	4.031928014017523	2.814937883581658	0.698161741428706	CLCF1	0.26963884	False
1943	4.031928014017523	2.814937883581658	0.698161741428706	RAD9A	0.26963884	False
1944	4.031928014017523	2.814937883581658	0.698161741428706	PPP1CA	0.26963884	False
1945	4.031928014017523	2.814937883581658	0.698161741428706	TBC1D10C	0.26963884	False
1946	4.031928014017523	2.814937883581658	0.698161741428706	CARNS1	0.26963884	False
1947	4.031928014017523	2.814937883581658	0.698161741428706	RPS6KB2	0.26963884	False
1948	4.031928014017523	2.814937883581658	0.698161741428706	PTPRCAP	0.26963884	False
1949	4.031928014017523	2.814937883581658	0.698161741428706	CORO1B	0.26963884	False
1950	4.031928014017523	2.814937883581658	0.698161741428706	GPR152	0.26963884	False
1951	4.031928014017523	2.814937883581658	0.698161741428706	CABP4	0.26963884	False
1952	4.031928014017523	2.814937883581658	0.698161741428706	TMEM134	0.26963884	False
1953	4.031928014017523	2.814937883581658	0.698161741428706	AIP	0.26963884	False
1954	4.031928014017523	2.814937883581658	0.698161741428706	MIR6752	0.26963884	False
1955	4.031928014017523	2.814937883581658	0.698161741428706	PITPNM1	0.26963884	False
1956	4.031928014017523	2.814937883581658	0.698161741428706	CDK2AP2	0.26963884	False
1957	4.031928014017523	2.814937883581658	0.698161741428706	CABP2	0.26963884	False
1958	4.031928014017523	2.814937883581658	0.698161741428706	GSTP1	0.26963884	False
1959	4.031928014017523	2.814937883581658	0.698161741428706	C11orf72	0.26963884	False
1960	4.031928014017523	2.814937883581658	0.698161741428706	NDUFV1	0.26963884	False
1961	4.031928014017523	2.814937883581658	0.698161741428706	NUDT8	0.26963884	False
1962	4.031928014017523	2.814937883581658	0.698161741428706	TBX10	0.26963884	False
1963	4.031928014017523	2.814937883581658	0.698161741428706	ACY3	0.26963884	False
1964	4.031928014017523	2.814937883581658	0.698161741428706	ALDH3B2	0.26963884	False
1965	4.031928014017523	2.814937883581658	0.698161741428706	UNC93B1	0.26963884	False
1966	4.031928014017523	2.814937883581658	0.698161741428706	ALDH3B1	0.26963884	False
1967	4.031928014017523	2.814937883581658	0.698161741428706	NDUFS8	0.26963884	False
1968	4.031928014017523	2.814937883581658	0.698161741428706	MIR7113	0.26963884	False
1969	4.031928014017523	2.814937883581658	0.698161741428706	MIR4691	0.26963884	False
1970	4.031928014017523	2.814937883581658	0.698161741428706	TCIRG1	0.26963884	False
1971	4.031928014017523	2.814937883581658	0.698161741428706	MIR6753	0.26963884	False
1972	4.031928014017523	2.814937883581658	0.698161741428706	CHKA	0.26963884	False
1973	4.391524823870482	5.54730989782382	1.2631853673400586	KMT5B	0.26967904	False
1974	4.391524823870482	5.54730989782382	1.2631853673400586	C11orf24	0.26967904	False
1975	4.391524823870482	5.54730989782382	1.2631853673400586	LRP5	0.26967904	False
1976	4.391524823870482	5.54730989782382	1.2631853673400586	PPP6R3	0.26967904	False
1977	4.391524823870482	5.54730989782382	1.2631853673400586	GAL	0.26967904	False
1978	4.391524823870482	5.54730989782382	1.2631853673400586	TESMIN	0.26967904	False
1979	4.391524823870482	5.54730989782382	1.2631853673400586	CPT1A	0.26967904	False
1980	4.391524823870482	5.54730989782382	1.2631853673400586	MRPL21	0.26967904	False
1981	4.391524823870482	5.54730989782382	1.2631853673400586	IGHMBP2	0.26967904	False
1982	4.391524823870482	5.54730989782382	1.2631853673400586	MRGPRD	0.26967904	False
1983	4.391524823870482	5.54730989782382	1.2631853673400586	MRGPRF	0.26967904	False
1984	4.391524823870482	5.54730989782382	1.2631853673400586	MRGPRF-AS1	0.26967904	False
1985	4.391524823870482	5.54730989782382	1.2631853673400586	TPCN2	0.26967904	False
1986	4.391524823870482	5.54730989782382	1.2631853673400586	MIR3164	0.26967904	False
1987	5.980043346307034	18.62528676805482	3.1145738733744857	LOC338694	0.62513345	True
1988	5.980043346307034	18.62528676805482	3.1145738733744857	MYEOV	0.62513345	True
1989	5.980043346307034	18.62528676805482	3.1145738733744857	LOC102724265	0.62513345	True
1990	5.980043346307034	18.62528676805482	3.1145738733744857	CCND1	0.62513345	True
1991	5.980043346307034	18.62528676805482	3.1145738733744857	LTO1	0.62513345	True
1992	5.980043346307034	18.62528676805482	3.1145738733744857	FGF19	0.62513345	True
1993	5.980043346307034	18.62528676805482	3.1145738733744857	FGF4	0.62513345	True
1994	5.980043346307034	18.62528676805482	3.1145738733744857	FGF3	0.62513345	True
1995	5.980043346307034	18.62528676805482	3.1145738733744857	LOC101928443	0.62513345	True
1996	5.980043346307034	18.62528676805482	3.1145738733744857	LINC02584	0.62513345	True
1997	5.980043346307034	18.62528676805482	3.1145738733744857	ANO1	0.62513345	True
1998	2.9502171175074996	0.4685287535421361	0.15881161788457593	SOAT2	0.26961958	False
1999	2.9502171175074996	0.4685287535421361	0.15881161788457593	CSAD	0.26961958	False
2000	2.9502171175074996	0.4685287535421361	0.15881161788457593	ZNF740	0.26961958	False
2001	2.9502171175074996	0.4685287535421361	0.15881161788457593	ITGB7	0.26961958	False
2002	2.9502171175074996	0.4685287535421361	0.15881161788457593	RARG	0.26961958	False
2003	2.9502171175074996	0.4685287535421361	0.15881161788457593	MFSD5	0.26961958	False
2004	2.9502171175074996	0.4685287535421361	0.15881161788457593	ESPL1	0.26961958	False
2005	2.9502171175074996	0.4685287535421361	0.15881161788457593	PFDN5	0.26961958	False
2006	2.9502171175074996	0.4685287535421361	0.15881161788457593	C12orf10	0.26961958	False
2007	2.9502171175074996	0.4685287535421361	0.15881161788457593	AAAS	0.26961958	False
2008	2.9502171175074996	0.4685287535421361	0.15881161788457593	SP7	0.26961958	False
2009	2.9502171175074996	0.4685287535421361	0.15881161788457593	SP1	0.26961958	False
2010	2.9502171175074996	0.4685287535421361	0.15881161788457593	AMHR2	0.26961958	False
2011	2.9502171175074996	0.4685287535421361	0.15881161788457593	PRR13	0.26961958	False
2012	2.9502171175074996	0.4685287535421361	0.15881161788457593	PCBP2	0.26961958	False
2013	2.9502171175074996	0.4685287535421361	0.15881161788457593	PCBP2-OT1	0.26961958	False
2014	2.9502171175074996	0.4685287535421361	0.15881161788457593	MAP3K12	0.26961958	False
2015	2.9502171175074996	0.4685287535421361	0.15881161788457593	TARBP2	0.26961958	False
2016	2.9502171175074996	0.4685287535421361	0.15881161788457593	NPFF	0.26961958	False
2017	2.9502171175074996	0.4685287535421361	0.15881161788457593	ATF7	0.26961958	False
2018	2.9502171175074996	0.4685287535421361	0.15881161788457593	LOC100652999	0.26961958	False
2019	2.9502171175074996	0.4685287535421361	0.15881161788457593	ATP5MC2	0.26961958	False
2020	2.9502171175074996	0.4685287535421361	0.15881161788457593	CALCOCO1	0.26961958	False
2021	2.9502171175074996	0.4685287535421361	0.15881161788457593	CISTR	0.26961958	False
2022	3.035034437520637	0.43446336112152767	0.14314940079442623	HOXC13-AS	0.26961964	False
2023	3.035034437520637	0.43446336112152767	0.14314940079442623	HOXC13	0.26961964	False
2024	3.035034437520637	0.43446336112152767	0.14314940079442623	HOXC12	0.26961964	False
2025	3.035034437520637	0.43446336112152767	0.14314940079442623	HOTAIR	0.26961964	False
2026	3.035034437520637	0.43446336112152767	0.14314940079442623	HOXC11	0.26961964	False
2027	3.035034437520637	0.43446336112152767	0.14314940079442623	HOXC-AS3	0.26961964	False
2028	3.035034437520637	0.43446336112152767	0.14314940079442623	HOXC10	0.26961964	False
2029	3.035034437520637	0.43446336112152767	0.14314940079442623	HOXC5	0.26961964	False
2030	3.035034437520637	0.43446336112152767	0.14314940079442623	HOXC6	0.26961964	False
2031	3.035034437520637	0.43446336112152767	0.14314940079442623	MIR196A2	0.26961964	False
2032	3.035034437520637	0.43446336112152767	0.14314940079442623	HOXC9	0.26961964	False
2033	3.035034437520637	0.43446336112152767	0.14314940079442623	HOXC-AS2	0.26961964	False
2034	3.035034437520637	0.43446336112152767	0.14314940079442623	HOXC-AS1	0.26961964	False
2035	3.035034437520637	0.43446336112152767	0.14314940079442623	HOXC8	0.26961964	False
2036	3.035034437520637	0.43446336112152767	0.14314940079442623	HOXC4	0.26961964	False
2037	3.035034437520637	0.43446336112152767	0.14314940079442623	MIR615	0.26961964	False
2038	3.035034437520637	0.43446336112152767	0.14314940079442623	FLJ12825	0.26961964	False
2039	3.1825496047079667	0.5404140616678795	0.16980538523843947	SMUG1	0.26962057	False
2040	3.1825496047079667	0.5404140616678795	0.16980538523843947	LINC02381	0.26962057	False
2041	3.1825496047079667	0.5404140616678795	0.16980538523843947	CBX5	0.26962057	False
2042	3.1825496047079667	0.5404140616678795	0.16980538523843947	MIR3198-2	0.26962057	False
2043	3.1825496047079667	0.5404140616678795	0.16980538523843947	HNRNPA1	0.26962057	False
2044	3.1825496047079667	0.5404140616678795	0.16980538523843947	NFE2	0.26962057	False
2045	3.1825496047079667	0.5404140616678795	0.16980538523843947	COPZ1	0.26962057	False
2046	3.1825496047079667	0.5404140616678795	0.16980538523843947	MIR148B	0.26962057	False
2047	3.1825496047079667	0.5404140616678795	0.16980538523843947	LOC102724050	0.26962057	False
2048	3.1825496047079667	0.5404140616678795	0.16980538523843947	GPR84	0.26962057	False
2049	3.1825496047079667	0.5404140616678795	0.16980538523843947	ZNF385A	0.26962057	False
2050	3.1825496047079667	0.5404140616678795	0.16980538523843947	ITGA5	0.26962057	False
2051	3.1825496047079667	0.5404140616678795	0.16980538523843947	GTSF1	0.26962057	False
2052	3.1825496047079667	0.5404140616678795	0.16980538523843947	NCKAP1L	0.26962057	False
2053	3.1825496047079667	0.5404140616678795	0.16980538523843947	PDE1B	0.26962057	False
2054	3.1825496047079667	0.5404140616678795	0.16980538523843947	PPP1R1A	0.26962057	False
2055	3.1825496047079667	0.5404140616678795	0.16980538523843947	LACRT	0.26962057	False
2056	3.1825496047079667	0.5404140616678795	0.16980538523843947	DCD	0.26962057	False
2057	3.1825496047079667	0.5404140616678795	0.16980538523843947	MUCL1	0.26962057	False
2058	3.328543985497614	0.5569744301435784	0.1673327534712783	TESPA1	0.26962104	False
2059	3.328543985497614	0.5569744301435784	0.1673327534712783	NEUROD4	0.26962104	False
2060	3.580851750217754	0.765814512180631	0.2138637859369803	OR9K2	0.26962316	False
2061	3.580851750217754	0.765814512180631	0.2138637859369803	OR10A7	0.26962316	False
2062	3.580851750217754	0.765814512180631	0.2138637859369803	OR6C74	0.26962316	False
2063	3.580851750217754	0.765814512180631	0.2138637859369803	OR6C6	0.26962316	False
2064	3.580851750217754	0.765814512180631	0.2138637859369803	OR6C1	0.26962316	False
2065	3.580851750217754	0.765814512180631	0.2138637859369803	OR6C3	0.26962316	False
2066	3.580851750217754	0.765814512180631	0.2138637859369803	OR6C75	0.26962316	False
2067	3.580851750217754	0.765814512180631	0.2138637859369803	OR6C65	0.26962316	False
2068	3.580851750217754	0.765814512180631	0.2138637859369803	OR6C76	0.26962316	False
2069	3.580851750217754	0.765814512180631	0.2138637859369803	OR6C2	0.26962316	False
2070	3.580851750217754	0.765814512180631	0.2138637859369803	OR6C70	0.26962316	False
2071	3.580851750217754	0.765814512180631	0.2138637859369803	OR6C68	0.26962316	False
2072	3.580851750217754	0.765814512180631	0.2138637859369803	OR6C4	0.26962316	False
2073	3.580851750217754	0.765814512180631	0.2138637859369803	OR2AP1	0.26962316	False
2074	3.580851750217754	0.765814512180631	0.2138637859369803	OR10P1	0.26962316	False
2075	3.580851750217754	0.765814512180631	0.2138637859369803	METTL7B	0.26962316	False
2076	3.580851750217754	0.765814512180631	0.2138637859369803	ITGA7	0.26962316	False
2077	3.580851750217754	0.765814512180631	0.2138637859369803	BLOC1S1-RDH5	0.26962316	False
2078	3.580851750217754	0.765814512180631	0.2138637859369803	BLOC1S1	0.26962316	False
2079	3.580851750217754	0.765814512180631	0.2138637859369803	RDH5	0.26962316	False
2080	3.580851750217754	0.765814512180631	0.2138637859369803	CD63	0.26962316	False
2081	3.580851750217754	0.765814512180631	0.2138637859369803	GDF11	0.26962316	False
2082	3.580851750217754	0.765814512180631	0.2138637859369803	SARNP	0.26962316	False
2083	3.580851750217754	0.765814512180631	0.2138637859369803	DNAJC14	0.26962316	False
2084	3.580851750217754	0.765814512180631	0.2138637859369803	ORMDL2	0.26962316	False
2085	3.580851750217754	0.765814512180631	0.2138637859369803	MMP19	0.26962316	False
2086	3.5787551728842937	0.7425366105443397	0.20748460698581211	PYM1	0.26962316	False
2087	3.5787551728842937	0.7425366105443397	0.20748460698581211	DGKA	0.26962316	False
2088	3.5787551728842937	0.7425366105443397	0.20748460698581211	PMEL	0.26962316	False
2089	3.5787551728842937	0.7425366105443397	0.20748460698581211	CDK2	0.26962316	False
2090	3.5787551728842937	0.7425366105443397	0.20748460698581211	RAB5B	0.26962316	False
2091	3.5787551728842937	0.7425366105443397	0.20748460698581211	SUOX	0.26962316	False
2092	3.5787551728842937	0.7425366105443397	0.20748460698581211	IKZF4	0.26962316	False
2093	3.5787551728842937	0.7425366105443397	0.20748460698581211	RPS26	0.26962316	False
2094	3.5787551728842937	0.7425366105443397	0.20748460698581211	ERBB3	0.26962316	False
2095	3.6916658572958605	0.907510145995187	0.245826730011783	PA2G4	0.26962468	False
2096	3.6916658572958605	0.907510145995187	0.245826730011783	RPL41	0.26962468	False
2097	3.6916658572958605	0.907510145995187	0.245826730011783	ZC3H10	0.26962468	False
2098	3.6916658572958605	0.907510145995187	0.245826730011783	ESYT1	0.26962468	False
2099	3.6916658572958605	0.907510145995187	0.245826730011783	MYL6B	0.26962468	False
2100	3.6916658572958605	0.907510145995187	0.245826730011783	MYL6	0.26962468	False
2101	3.6916658572958605	0.907510145995187	0.245826730011783	SMARCC2	0.26962468	False
2102	3.6916658572958605	0.907510145995187	0.245826730011783	RNF41	0.26962468	False
2103	3.6916658572958605	0.907510145995187	0.245826730011783	NABP2	0.26962468	False
2104	3.6916658572958605	0.907510145995187	0.245826730011783	SLC39A5	0.26962468	False
2105	3.6916658572958605	0.907510145995187	0.245826730011783	ANKRD52	0.26962468	False
2106	3.6916658572958605	0.907510145995187	0.245826730011783	COQ10A	0.26962468	False
2107	3.6916658572958605	0.907510145995187	0.245826730011783	CS	0.26962468	False
2108	3.6916658572958605	0.907510145995187	0.245826730011783	CNPY2	0.26962468	False
2109	3.6916658572958605	0.907510145995187	0.245826730011783	PAN2	0.26962468	False
2110	3.6916658572958605	0.907510145995187	0.245826730011783	IL23A	0.26962468	False
2111	3.6916658572958605	0.907510145995187	0.245826730011783	STAT2	0.26962468	False
2112	3.6916658572958605	0.907510145995187	0.245826730011783	APOF	0.26962468	False
2113	3.6916658572958605	0.907510145995187	0.245826730011783	TIMELESS	0.26962468	False
2114	3.6916658572958605	0.907510145995187	0.245826730011783	MIP	0.26962468	False
2115	3.6916658572958605	0.907510145995187	0.245826730011783	SPRYD4	0.26962468	False
2116	3.6916658572958605	0.907510145995187	0.245826730011783	GLS2	0.26962468	False
2117	3.6916658572958605	0.907510145995187	0.245826730011783	RBMS2	0.26962468	False
2118	3.6916658572958605	0.907510145995187	0.245826730011783	BAZ2A	0.26962468	False
2119	3.6916658572958605	0.907510145995187	0.245826730011783	ATP5F1B	0.26962468	False
2120	3.6916658572958605	0.907510145995187	0.245826730011783	SNORD59A	0.26962468	False
2121	3.6916658572958605	0.907510145995187	0.245826730011783	PTGES3	0.26962468	False
2122	3.6916658572958605	0.907510145995187	0.245826730011783	NACA	0.26962468	False
2123	3.6916658572958605	0.907510145995187	0.245826730011783	PRIM1	0.26962468	False
2124	3.6916658572958605	0.907510145995187	0.245826730011783	HSD17B6	0.26962468	False
2125	3.55814899131271	0.7931014454421047	0.22289719946479963	SDR9C7	0.2696234	False
2126	3.55814899131271	0.7931014454421047	0.22289719946479963	RDH16	0.2696234	False
2127	3.55814899131271	0.7931014454421047	0.22289719946479963	GPR182	0.2696234	False
2128	3.55814899131271	0.7931014454421047	0.22289719946479963	ZBTB39	0.2696234	False
2129	3.55814899131271	0.7931014454421047	0.22289719946479963	TAC3	0.2696234	False
2130	3.55814899131271	0.7931014454421047	0.22289719946479963	MYO1A	0.2696234	False
2131	3.55814899131271	0.7931014454421047	0.22289719946479963	NEMP1	0.2696234	False
2132	3.55814899131271	0.7931014454421047	0.22289719946479963	NAB2	0.2696234	False
2133	3.55814899131271	0.7931014454421047	0.22289719946479963	STAT6	0.2696234	False
2134	3.6222699272059993	0.9181444196928121	0.2534721150394812	LRP1	0.26962417	False
2135	3.6222699272059993	0.9181444196928121	0.2534721150394812	LRP1-AS	0.26962417	False
2136	3.6222699272059993	0.9181444196928121	0.2534721150394812	MIR1228	0.26962417	False
2137	3.6222699272059993	0.9181444196928121	0.2534721150394812	NXPH4	0.26962417	False
2138	3.6222699272059993	0.9181444196928121	0.2534721150394812	SHMT2	0.26962417	False
2139	3.6222699272059993	0.9181444196928121	0.2534721150394812	NDUFA4L2	0.26962417	False
2140	3.6222699272059993	0.9181444196928121	0.2534721150394812	STAC3	0.26962417	False
2141	3.6222699272059993	0.9181444196928121	0.2534721150394812	R3HDM2	0.26962417	False
2142	3.6222699272059993	0.9181444196928121	0.2534721150394812	INHBC	0.26962417	False
2143	3.6222699272059993	0.9181444196928121	0.2534721150394812	INHBE	0.26962417	False
2144	3.6222699272059993	0.9181444196928121	0.2534721150394812	GLI1	0.26962417	False
2145	3.6222699272059993	0.9181444196928121	0.2534721150394812	ARHGAP9	0.26962417	False
2146	3.6222699272059993	0.9181444196928121	0.2534721150394812	MARS	0.26962417	False
2147	3.6222699272059993	0.9181444196928121	0.2534721150394812	MIR6758	0.26962417	False
2148	3.6222699272059993	0.9181444196928121	0.2534721150394812	DDIT3	0.26962417	False
2149	3.6222699272059993	0.9181444196928121	0.2534721150394812	MIR616	0.26962417	False
2150	3.6222699272059993	0.9181444196928121	0.2534721150394812	MBD6	0.26962417	False
2151	3.6222699272059993	0.9181444196928121	0.2534721150394812	DCTN2	0.26962417	False
2152	3.6222699272059993	0.9181444196928121	0.2534721150394812	KIF5A	0.26962417	False
2153	3.6222699272059993	0.9181444196928121	0.2534721150394812	PIP4K2C	0.26962417	False
2154	3.6222699272059993	0.9181444196928121	0.2534721150394812	DTX3	0.26962417	False
2155	3.6222699272059993	0.9181444196928121	0.2534721150394812	ARHGEF25	0.26962417	False
2156	3.6222699272059993	0.9181444196928121	0.2534721150394812	SLC26A10	0.26962417	False
2157	3.6222699272059993	0.9181444196928121	0.2534721150394812	B4GALNT1	0.26962417	False
2158	3.6222699272059993	0.9181444196928121	0.2534721150394812	OS9	0.26962417	False
2159	3.6222699272059993	0.9181444196928121	0.2534721150394812	AGAP2	0.26962417	False
2160	3.6222699272059993	0.9181444196928121	0.2534721150394812	AGAP2-AS1	0.26962417	False
2161	3.6222699272059993	0.9181444196928121	0.2534721150394812	TSPAN31	0.26962417	False
2162	3.6222699272059993	0.9181444196928121	0.2534721150394812	CDK4	0.26962417	False
2163	3.6222699272059993	0.9181444196928121	0.2534721150394812	MARCH9	0.26962417	False
2164	3.6222699272059993	0.9181444196928121	0.2534721150394812	CYP27B1	0.26962417	False
2165	3.6222699272059993	0.9181444196928121	0.2534721150394812	METTL1	0.26962417	False
2166	3.6222699272059993	0.9181444196928121	0.2534721150394812	EEF1AKMT3	0.26962417	False
2167	3.6222699272059993	0.9181444196928121	0.2534721150394812	TSFM	0.26962417	False
2168	3.6222699272059993	0.9181444196928121	0.2534721150394812	AVIL	0.26962417	False
2169	3.6222699272059993	0.9181444196928121	0.2534721150394812	CTDSP2	0.26962417	False
2170	3.6222699272059993	0.9181444196928121	0.2534721150394812	MIR26A2	0.26962417	False
2171	3.2275932136258896	0.6274002146210568	0.19438639664142593	GIHCG	0.26962116	False
2172	3.2275932136258896	0.6274002146210568	0.19438639664142593	ATP23	0.26962116	False
2173	3.2275932136258896	0.6274002146210568	0.19438639664142593	LINC02403	0.26962116	False
2174	3.0650914574918473	0.6245343045421703	0.2037571515250068	LOC100506869	0.26962057	False
2175	3.0650914574918473	0.6245343045421703	0.2037571515250068	LINC02388	0.26962057	False
2176	3.3591119818589337	1.118647591070756	0.33301884459704617	LOC100507377	0.26962435	False
2177	3.3591119818589337	1.118647591070756	0.33301884459704617	ATXN7L3B	0.26962435	False
2178	3.2621997449021816	0.92628849428295	0.28394597716784664	KCNC2	0.2696229	False
2179	3.4477532579432952	1.174887347393753	0.34076897605329626	CAPS2	0.269625	False
2180	3.4477532579432952	1.174887347393753	0.34076897605329626	GLIPR1L1	0.269625	False
2181	3.4477532579432952	1.174887347393753	0.34076897605329626	GLIPR1L2	0.269625	False
2182	3.4477532579432952	1.174887347393753	0.34076897605329626	GLIPR1	0.269625	False
2183	3.4477532579432952	1.174887347393753	0.34076897605329626	KRR1	0.269625	False
2184	3.2418766557280887	0.8822082879518469	0.2721288875667335	PHLDA1	0.26962256	False
2185	3.2418766557280887	0.8822082879518469	0.2721288875667335	NAP1L1	0.26962256	False
2186	3.2116191167936705	0.9177309813798722	0.2857533686298678	BBS10	0.26962247	False
2187	3.2116191167936705	0.9177309813798722	0.2857533686298678	OSBPL8	0.26962247	False
2188	3.2116191167936705	0.9177309813798722	0.2857533686298678	ZDHHC17	0.26962247	False
2189	3.2116191167936705	0.9177309813798722	0.2857533686298678	CSRP2	0.26962247	False
2190	3.3727024436925737	1.1544868472760832	0.3423032024171404	TMTC3	0.2696244	False
2191	3.3727024436925737	1.1544868472760832	0.3423032024171404	KITLG	0.2696244	False
2192	3.3286513235840522	1.0344605127594284	0.3107746688366253	LINC02458	0.26962367	False
2193	3.52985225347785	1.3332426731703757	0.3777049512077381	DUSP6	0.2696261	False
2194	3.52985225347785	1.3332426731703757	0.3777049512077381	POC1B	0.2696261	False
2195	3.52985225347785	1.3332426731703757	0.3777049512077381	GALNT4	0.2696261	False
2196	3.52985225347785	1.3332426731703757	0.3777049512077381	POC1B-GALNT4	0.2696261	False
2197	3.52985225347785	1.3332426731703757	0.3777049512077381	ATP2B1	0.2696261	False
2198	3.52985225347785	1.3332426731703757	0.3777049512077381	ATP2B1-AS1	0.2696261	False
2199	3.341906051963034	1.0013502594660948	0.29963447323059905	LINC02399	0.26962352	False
2200	3.3271895003964977	1.0494971195716538	0.3154305215998627	LINC02392	0.26962364	False
2201	3.2107702699307947	0.8249923815369573	0.25694531597700987	CCER1	0.269622	False
2202	3.2107702699307947	0.8249923815369573	0.25694531597700987	LINC00615	0.269622	False
2203	3.2107702699307947	0.8249923815369573	0.25694531597700987	EPYC	0.269622	False
2204	3.2107702699307947	0.8249923815369573	0.25694531597700987	KERA	0.269622	False
2205	3.1980021704953225	0.8654389824817439	0.27061863511734274	LUM	0.26962224	False
2206	3.1980021704953225	0.8654389824817439	0.27061863511734274	DCN	0.26962224	False
2207	3.0773836422410805	0.6976250135276909	0.22669419696390242	LINC01619	0.2696211	False
2208	3.0780104203234226	0.7742165775895329	0.25153149985378603	BTG1	0.2696214	False
2209	3.0780104203234226	0.7742165775895329	0.25153149985378603	LOC101928617	0.2696214	False
2210	3.0780104203234226	0.7742165775895329	0.25153149985378603	CLLU1OS	0.2696214	False
2211	3.0780104203234226	0.7742165775895329	0.25153149985378603	CLLU1	0.2696214	False
2212	3.0780104203234226	0.7742165775895329	0.25153149985378603	C12orf74	0.2696214	False
2213	3.0780104203234226	0.7742165775895329	0.25153149985378603	PLEKHG7	0.2696214	False
2214	3.1023816084723883	0.6820226175058739	0.21983840274301447	ITM2B	0.269621	False
2215	3.1023816084723883	0.6820226175058739	0.21983840274301447	RB1-DT	0.269621	False
2216	3.1023816084723883	0.6820226175058739	0.21983840274301447	RB1	0.269621	False
2217	3.1023816084723883	0.6820226175058739	0.21983840274301447	LPAR6	0.269621	False
2218	3.1023816084723883	0.6820226175058739	0.21983840274301447	RCBTB2	0.269621	False
2219	3.1023816084723883	0.6820226175058739	0.21983840274301447	LINC00462	0.269621	False
2220	3.1023816084723883	0.6820226175058739	0.21983840274301447	CYSLTR2	0.269621	False
2221	3.0841363787051934	0.5984978797182898	0.1940568788885905	FNDC3A	0.26962057	False
2222	3.2256577298292344	0.7452689233057219	0.2310440182211075	MLNR	0.26962164	False
2223	3.2256577298292344	0.7452689233057219	0.2310440182211075	CDADC1	0.26962164	False
2224	3.2256577298292344	0.7452689233057219	0.2310440182211075	CAB39L	0.26962164	False
2225	3.2256577298292344	0.7452689233057219	0.2310440182211075	SETDB2	0.26962164	False
2226	3.2256577298292344	0.7452689233057219	0.2310440182211075	SETDB2-PHF11	0.26962164	False
2227	3.2256577298292344	0.7452689233057219	0.2310440182211075	PHF11	0.26962164	False
2228	3.2256577298292344	0.7452689233057219	0.2310440182211075	RCBTB1	0.26962164	False
2229	3.2256577298292344	0.7452689233057219	0.2310440182211075	ARL11	0.26962164	False
2230	3.2256577298292344	0.7452689233057219	0.2310440182211075	EBPL	0.26962164	False
2231	3.2256577298292344	0.7452689233057219	0.2310440182211075	KPNA3	0.26962164	False
2232	3.101828483081663	0.5920443583853272	0.1908694699318551	SPRYD7	0.26962063	False
2233	3.101828483081663	0.5920443583853272	0.1908694699318551	DLEU2	0.26962063	False
2234	3.101828483081663	0.5920443583853272	0.1908694699318551	TRIM13	0.26962063	False
2235	3.101828483081663	0.5920443583853272	0.1908694699318551	MIR3613	0.26962063	False
2236	3.101828483081663	0.5920443583853272	0.1908694699318551	KCNRG	0.26962063	False
2237	3.101828483081663	0.5920443583853272	0.1908694699318551	MIR16-1	0.26962063	False
2238	3.101828483081663	0.5920443583853272	0.1908694699318551	MIR15A	0.26962063	False
2239	3.101828483081663	0.5920443583853272	0.1908694699318551	DLEU1	0.26962063	False
2240	3.166689156923236	0.6692697395850762	0.21134683779172708	DLEU1-AS1	0.26962116	False
2241	3.166689156923236	0.6692697395850762	0.21134683779172708	DLEU7	0.26962116	False
2242	3.166689156923236	0.6692697395850762	0.21134683779172708	DLEU7-AS1	0.26962116	False
2243	2.9885059148517636	0.5096727258924288	0.17054432563092642	RNASEH2B-AS1	0.2696199	False
2244	2.9885059148517636	0.5096727258924288	0.17054432563092642	RNASEH2B	0.2696199	False
2245	2.9885059148517636	0.5096727258924288	0.17054432563092642	C13orf42	0.2696199	False
2246	3.440312976933919	1.0376233286099392	0.30160724781926423	OR4K5	0.26962417	False
2247	3.440312976933919	1.0376233286099392	0.30160724781926423	OR4K1	0.26962417	False
2248	3.440312976933919	1.0376233286099392	0.30160724781926423	OR4K15	0.26962417	False
2249	3.440312976933919	1.0376233286099392	0.30160724781926423	OR4K14	0.26962417	False
2250	3.440312976933919	1.0376233286099392	0.30160724781926423	OR4K13	0.26962417	False
2251	3.440312976933919	1.0376233286099392	0.30160724781926423	OR4L1	0.26962417	False
2252	3.440312976933919	1.0376233286099392	0.30160724781926423	OR4K17	0.26962417	False
2253	3.440312976933919	1.0376233286099392	0.30160724781926423	OR4N5	0.26962417	False
2254	3.440312976933919	1.0376233286099392	0.30160724781926423	OR11G2	0.26962417	False
2255	3.440312976933919	1.0376233286099392	0.30160724781926423	OR11H6	0.26962417	False
2256	3.440312976933919	1.0376233286099392	0.30160724781926423	OR11H4	0.26962417	False
2257	3.440312976933919	1.0376233286099392	0.30160724781926423	TTC5	0.26962417	False
2258	3.440312976933919	1.0376233286099392	0.30160724781926423	CCNB1IP1	0.26962417	False
2259	3.440312976933919	1.0376233286099392	0.30160724781926423	SNORD126	0.26962417	False
2260	3.440312976933919	1.0376233286099392	0.30160724781926423	RPPH1	0.26962417	False
2261	3.440312976933919	1.0376233286099392	0.30160724781926423	PARP2	0.26962417	False
2262	3.440312976933919	1.0376233286099392	0.30160724781926423	TEP1	0.26962417	False
2263	3.440312976933919	1.0376233286099392	0.30160724781926423	KLHL33	0.26962417	False
2264	3.440312976933919	1.0376233286099392	0.30160724781926423	OSGEP	0.26962417	False
2265	3.440312976933919	1.0376233286099392	0.30160724781926423	APEX1	0.26962417	False
2266	3.440312976933919	1.0376233286099392	0.30160724781926423	PIP4P1	0.26962417	False
2267	3.440312976933919	1.0376233286099392	0.30160724781926423	PNP	0.26962417	False
2268	3.440312976933919	1.0376233286099392	0.30160724781926423	RNASE10	0.26962417	False
2269	3.440312976933919	1.0376233286099392	0.30160724781926423	RNASE9	0.26962417	False
2270	3.440312976933919	1.0376233286099392	0.30160724781926423	RNASE11	0.26962417	False
2271	3.440312976933919	1.0376233286099392	0.30160724781926423	LOC254028	0.26962417	False
2272	3.440312976933919	1.0376233286099392	0.30160724781926423	RNASE12	0.26962417	False
2273	3.440312976933919	1.0376233286099392	0.30160724781926423	OR6S1	0.26962417	False
2274	3.440312976933919	1.0376233286099392	0.30160724781926423	RNASE4	0.26962417	False
2275	3.440312976933919	1.0376233286099392	0.30160724781926423	ANG	0.26962417	False
2276	3.440312976933919	1.0376233286099392	0.30160724781926423	EDDM3A	0.26962417	False
2277	3.440312976933919	1.0376233286099392	0.30160724781926423	EDDM3B	0.26962417	False
2278	3.440312976933919	1.0376233286099392	0.30160724781926423	RNASE6	0.26962417	False
2279	3.440312976933919	1.0376233286099392	0.30160724781926423	RNASE1	0.26962417	False
2280	3.440312976933919	1.0376233286099392	0.30160724781926423	RNASE3	0.26962417	False
2281	3.405761631076318	0.8778427590601279	0.2577522604782838	ECRP	0.2696231	False
2282	3.405761631076318	0.8778427590601279	0.2577522604782838	RNASE2	0.2696231	False
2283	3.405761631076318	0.8778427590601279	0.2577522604782838	METTL17	0.2696231	False
2284	3.405761631076318	0.8778427590601279	0.2577522604782838	LOC101929718	0.2696231	False
2285	3.405761631076318	0.8778427590601279	0.2577522604782838	SLC39A2	0.2696231	False
2286	3.405761631076318	0.8778427590601279	0.2577522604782838	NDRG2	0.2696231	False
2287	3.405761631076318	0.8778427590601279	0.2577522604782838	MIR6717	0.2696231	False
2288	3.405761631076318	0.8778427590601279	0.2577522604782838	TPPP2	0.2696231	False
2289	3.405761631076318	0.8778427590601279	0.2577522604782838	RNASE13	0.2696231	False
2290	3.405761631076318	0.8778427590601279	0.2577522604782838	RNASE7	0.2696231	False
2291	3.405761631076318	0.8778427590601279	0.2577522604782838	RNASE8	0.2696231	False
2292	3.405761631076318	0.8778427590601279	0.2577522604782838	ARHGEF40	0.2696231	False
2293	3.405761631076318	0.8778427590601279	0.2577522604782838	ZNF219	0.2696231	False
2294	3.405761631076318	0.8778427590601279	0.2577522604782838	TMEM253	0.2696231	False
2295	3.405761631076318	0.8778427590601279	0.2577522604782838	OR5AU1	0.2696231	False
2296	3.405761631076318	0.8778427590601279	0.2577522604782838	LINC00641	0.2696231	False
2297	3.405761631076318	0.8778427590601279	0.2577522604782838	HNRNPC	0.2696231	False
2298	3.405761631076318	0.8778427590601279	0.2577522604782838	RPGRIP1	0.2696231	False
2299	3.405761631076318	0.8778427590601279	0.2577522604782838	SUPT16H	0.2696231	False
2300	3.405761631076318	0.8778427590601279	0.2577522604782838	CHD8	0.2696231	False
2301	3.405761631076318	0.8778427590601279	0.2577522604782838	SNORD9	0.2696231	False
2302	3.405761631076318	0.8778427590601279	0.2577522604782838	SNORD8	0.2696231	False
2303	3.405761631076318	0.8778427590601279	0.2577522604782838	RAB2B	0.2696231	False
2304	3.405761631076318	0.8778427590601279	0.2577522604782838	TOX4	0.2696231	False
2305	3.405761631076318	0.8778427590601279	0.2577522604782838	METTL3	0.2696231	False
2306	3.405761631076318	0.8778427590601279	0.2577522604782838	SALL2	0.2696231	False
2307	3.405761631076318	0.8778427590601279	0.2577522604782838	OR10G3	0.2696231	False
2308	3.405761631076318	0.8778427590601279	0.2577522604782838	OR10G2	0.2696231	False
2309	3.405761631076318	0.8778427590601279	0.2577522604782838	OR4E2	0.2696231	False
2310	3.377849183724926	0.7627110227095161	0.22579783205964096	DAD1	0.26962242	False
2311	3.377849183724926	0.7627110227095161	0.22579783205964096	ABHD4	0.26962242	False
2312	3.377849183724926	0.7627110227095161	0.22579783205964096	OXA1L	0.26962242	False
2313	3.377849183724926	0.7627110227095161	0.22579783205964096	SLC7A7	0.26962242	False
2314	3.377849183724926	0.7627110227095161	0.22579783205964096	MRPL52	0.26962242	False
2315	3.377849183724926	0.7627110227095161	0.22579783205964096	MMP14	0.26962242	False
2316	3.377849183724926	0.7627110227095161	0.22579783205964096	LRP10	0.26962242	False
2317	3.377849183724926	0.7627110227095161	0.22579783205964096	REM2	0.26962242	False
2318	3.3814421547009443	0.7115702100347436	0.21043394429962534	RBM23	0.2696221	False
2319	3.3814421547009443	0.7115702100347436	0.21043394429962534	PRMT5-AS1	0.2696221	False
2320	3.3814421547009443	0.7115702100347436	0.21043394429962534	PRMT5	0.2696221	False
2321	3.3814421547009443	0.7115702100347436	0.21043394429962534	LOC101926933	0.2696221	False
2322	3.3814421547009443	0.7115702100347436	0.21043394429962534	HAUS4	0.2696221	False
2323	3.3814421547009443	0.7115702100347436	0.21043394429962534	MIR4707	0.2696221	False
2324	3.3814421547009443	0.7115702100347436	0.21043394429962534	AJUBA	0.2696221	False
2325	3.3814421547009443	0.7115702100347436	0.21043394429962534	C14orf93	0.2696221	False
2326	3.3814421547009443	0.7115702100347436	0.21043394429962534	PSMB5	0.2696221	False
2327	3.3814421547009443	0.7115702100347436	0.21043394429962534	PSMB11	0.2696221	False
2328	3.3814421547009443	0.7115702100347436	0.21043394429962534	CDH24	0.2696221	False
2329	3.3814421547009443	0.7115702100347436	0.21043394429962534	ACIN1	0.2696221	False
2330	3.3814421547009443	0.7115702100347436	0.21043394429962534	C14orf119	0.2696221	False
2331	3.441158118670339	0.7914879384830943	0.23000626858405585	CEBPE	0.2696228	False
2332	3.441158118670339	0.7914879384830943	0.23000626858405585	SLC7A8	0.2696228	False
2333	3.441158118670339	0.7914879384830943	0.23000626858405585	RNF212B	0.2696228	False
2334	3.441158118670339	0.7914879384830943	0.23000626858405585	HOMEZ	0.2696228	False
2335	3.441158118670339	0.7914879384830943	0.23000626858405585	PPP1R3E	0.2696228	False
2336	3.441158118670339	0.7914879384830943	0.23000626858405585	BCL2L2-PABPN1	0.2696228	False
2337	3.441158118670339	0.7914879384830943	0.23000626858405585	BCL2L2	0.2696228	False
2338	3.441158118670339	0.7914879384830943	0.23000626858405585	PABPN1	0.2696228	False
2339	3.441158118670339	0.7914879384830943	0.23000626858405585	SLC22A17	0.2696228	False
2340	3.441158118670339	0.7914879384830943	0.23000626858405585	EFS	0.2696228	False
2341	3.441158118670339	0.7914879384830943	0.23000626858405585	IL25	0.2696228	False
2342	3.441158118670339	0.7914879384830943	0.23000626858405585	CMTM5	0.2696228	False
2343	3.441158118670339	0.7914879384830943	0.23000626858405585	MYH6	0.2696228	False
2344	3.441158118670339	0.7914879384830943	0.23000626858405585	MIR208A	0.2696228	False
2345	3.441158118670339	0.7914879384830943	0.23000626858405585	MYH7	0.2696228	False
2346	3.441158118670339	0.7914879384830943	0.23000626858405585	MIR208B	0.2696228	False
2347	3.441158118670339	0.7914879384830943	0.23000626858405585	NGDN	0.2696228	False
2348	3.441158118670339	0.7914879384830943	0.23000626858405585	THTPA	0.2696228	False
2349	3.441158118670339	0.7914879384830943	0.23000626858405585	ZFHX2	0.2696228	False
2350	3.441158118670339	0.7914879384830943	0.23000626858405585	AP1G2	0.2696228	False
2351	3.441158118670339	0.7914879384830943	0.23000626858405585	LOC102724814	0.2696228	False
2352	3.441158118670339	0.7914879384830943	0.23000626858405585	JPH4	0.2696228	False
2353	3.441158118670339	0.7914879384830943	0.23000626858405585	DHRS2	0.2696228	False
2354	3.3656536548033666	0.7298433721079767	0.2168504091519829	DHRS4-AS1	0.26962218	False
2355	3.3656536548033666	0.7298433721079767	0.2168504091519829	DHRS4	0.26962218	False
2356	3.3656536548033666	0.7298433721079767	0.2168504091519829	DHRS4L2	0.26962218	False
2357	3.3656536548033666	0.7298433721079767	0.2168504091519829	CARMIL3	0.26962218	False
2358	3.3656536548033666	0.7298433721079767	0.2168504091519829	CPNE6	0.26962218	False
2359	3.3656536548033666	0.7298433721079767	0.2168504091519829	NRL	0.26962218	False
2360	3.3656536548033666	0.7298433721079767	0.2168504091519829	PCK2	0.26962218	False
2361	3.4038983617553367	0.8522148796392617	0.250364373159423	DCAF11	0.26962304	False
2362	3.4038983617553367	0.8522148796392617	0.250364373159423	FITM1	0.26962304	False
2363	3.4038983617553367	0.8522148796392617	0.250364373159423	PSME1	0.26962304	False
2364	3.4038983617553367	0.8522148796392617	0.250364373159423	EMC9	0.26962304	False
2365	3.4038983617553367	0.8522148796392617	0.250364373159423	PSME2	0.26962304	False
2366	3.4038983617553367	0.8522148796392617	0.250364373159423	MIR7703	0.26962304	False
2367	3.4038983617553367	0.8522148796392617	0.250364373159423	RNF31	0.26962304	False
2368	3.4038983617553367	0.8522148796392617	0.250364373159423	IRF9	0.26962304	False
2369	3.4038983617553367	0.8522148796392617	0.250364373159423	REC8	0.26962304	False
2370	3.4038983617553367	0.8522148796392617	0.250364373159423	IPO4	0.26962304	False
2371	3.4038983617553367	0.8522148796392617	0.250364373159423	TM9SF1	0.26962304	False
2372	3.4038983617553367	0.8522148796392617	0.250364373159423	TSSK4	0.26962304	False
2373	3.4038983617553367	0.8522148796392617	0.250364373159423	CHMP4A	0.26962304	False
2374	3.4038983617553367	0.8522148796392617	0.250364373159423	MDP1	0.26962304	False
2375	3.4038983617553367	0.8522148796392617	0.250364373159423	NEDD8-MDP1	0.26962304	False
2376	3.4038983617553367	0.8522148796392617	0.250364373159423	NEDD8	0.26962304	False
2377	3.4038983617553367	0.8522148796392617	0.250364373159423	GMPR2	0.26962304	False
2378	3.4038983617553367	0.8522148796392617	0.250364373159423	TINF2	0.26962304	False
2379	3.4038983617553367	0.8522148796392617	0.250364373159423	TGM1	0.26962304	False
2380	3.4038983617553367	0.8522148796392617	0.250364373159423	RABGGTA	0.26962304	False
2381	3.4038983617553367	0.8522148796392617	0.250364373159423	DHRS1	0.26962304	False
2382	3.4038983617553367	0.8522148796392617	0.250364373159423	NOP9	0.26962304	False
2383	3.4038983617553367	0.8522148796392617	0.250364373159423	CIDEB	0.26962304	False
2384	3.4038983617553367	0.8522148796392617	0.250364373159423	LTB4R2	0.26962304	False
2385	3.4038983617553367	0.8522148796392617	0.250364373159423	LTB4R	0.26962304	False
2386	3.4038983617553367	0.8522148796392617	0.250364373159423	ADCY4	0.26962304	False
2387	3.4038983617553367	0.8522148796392617	0.250364373159423	RIPK3	0.26962304	False
2388	3.4038983617553367	0.8522148796392617	0.250364373159423	NFATC4	0.26962304	False
2389	3.4038983617553367	0.8522148796392617	0.250364373159423	NYNRIN	0.26962304	False
2390	3.4038983617553367	0.8522148796392617	0.250364373159423	CBLN3	0.26962304	False
2391	3.4038983617553367	0.8522148796392617	0.250364373159423	KHNYN	0.26962304	False
2392	3.4038983617553367	0.8522148796392617	0.250364373159423	SDR39U1	0.26962304	False
2393	3.4038983617553367	0.8522148796392617	0.250364373159423	CMA1	0.26962304	False
2394	3.4038983617553367	0.8522148796392617	0.250364373159423	CTSG	0.26962304	False
2395	3.4038983617553367	0.8522148796392617	0.250364373159423	GZMH	0.26962304	False
2396	3.4038983617553367	0.8522148796392617	0.250364373159423	GZMB	0.26962304	False
2397	3.0257947881046947	0.56339415888638	0.18619708154077438	STXBP6	0.26962036	False
2398	3.081295504288296	0.6940141711832089	0.22523453859499568	VCPKMT	0.26962113	False
2399	3.081295504288296	0.6940141711832089	0.22523453859499568	SOS2	0.26962113	False
2400	3.081295504288296	0.6940141711832089	0.22523453859499568	L2HGDH	0.26962113	False
2401	3.081295504288296	0.6940141711832089	0.22523453859499568	MIR4504	0.26962113	False
2402	3.081295504288296	0.6940141711832089	0.22523453859499568	DMAC2L	0.26962113	False
2403	3.081295504288296	0.6940141711832089	0.22523453859499568	CDKL1	0.26962113	False
2404	3.081295504288296	0.6940141711832089	0.22523453859499568	MAP4K5	0.26962113	False
2405	3.081295504288296	0.6940141711832089	0.22523453859499568	ATL1	0.26962113	False
2406	3.081295504288296	0.6940141711832089	0.22523453859499568	SAV1	0.26962113	False
2407	3.081295504288296	0.6940141711832089	0.22523453859499568	NIN	0.26962113	False
2408	3.081295504288296	0.6940141711832089	0.22523453859499568	LOC105370489	0.26962113	False
2409	2.965241547625869	0.5058808240124831	0.17060358014257504	RAD51B	0.26961973	False
2410	3.1399486009024415	0.6687761995948601	0.2129895372818044	ZFP36L1	0.26962093	False
2411	2.9793015607453635	0.5081317496504213	0.17055398364014437	ACTN1	0.2696199	False
2412	2.9793015607453635	0.5081317496504213	0.17055398364014437	ACTN1-AS1	0.2696199	False
2413	2.9793015607453635	0.5081317496504213	0.17055398364014437	DCAF5	0.2696199	False
2414	2.9845568092750274	0.5458641504043087	0.18289621718974866	EXD2	0.26962012	False
2415	2.9845568092750274	0.5458641504043087	0.18289621718974866	GALNT16	0.26962012	False
2416	2.9845568092750274	0.5458641504043087	0.18289621718974866	ERH	0.26962012	False
2417	2.9845568092750274	0.5458641504043087	0.18289621718974866	SLC39A9	0.26962012	False
2418	2.9845568092750274	0.5458641504043087	0.18289621718974866	PLEKHD1	0.26962012	False
2419	2.9845568092750274	0.5458641504043087	0.18289621718974866	CCDC177	0.26962012	False
2420	2.9845568092750274	0.5458641504043087	0.18289621718974866	SUSD6	0.26962012	False
2421	2.9845568092750274	0.5458641504043087	0.18289621718974866	SRSF5	0.26962012	False
2422	2.9845568092750274	0.5458641504043087	0.18289621718974866	SLC10A1	0.26962012	False
2423	2.9721892552678026	0.5180629552968685	0.1743034883726439	LMF1	0.26961973	False
2424	2.9721892552678026	0.5180629552968685	0.1743034883726439	LMF1-AS1	0.26961973	False
2425	2.9721892552678026	0.5180629552968685	0.1743034883726439	SOX8	0.26961973	False
2426	2.9721892552678026	0.5180629552968685	0.1743034883726439	SSTR5-AS1	0.26961973	False
2427	2.9721892552678026	0.5180629552968685	0.1743034883726439	SSTR5	0.26961973	False
2428	2.9721892552678026	0.5180629552968685	0.1743034883726439	C1QTNF8	0.26961973	False
2429	2.9721892552678026	0.5180629552968685	0.1743034883726439	CACNA1H	0.26961973	False
2430	2.9721892552678026	0.5180629552968685	0.1743034883726439	TPSG1	0.26961973	False
2431	2.9721892552678026	0.5180629552968685	0.1743034883726439	TPSB2	0.26961973	False
2432	2.9721892552678026	0.5180629552968685	0.1743034883726439	TPSAB1	0.26961973	False
2433	2.9721892552678026	0.5180629552968685	0.1743034883726439	TPSD1	0.26961973	False
2434	2.9721892552678026	0.5180629552968685	0.1743034883726439	UBE2I	0.26961973	False
2435	2.9721892552678026	0.5180629552968685	0.1743034883726439	BAIAP3	0.26961973	False
2436	2.9721892552678026	0.5180629552968685	0.1743034883726439	TSR3	0.26961973	False
2437	2.9721892552678026	0.5180629552968685	0.1743034883726439	GNPTG	0.26961973	False
2438	2.9721892552678026	0.5180629552968685	0.1743034883726439	UNKL	0.26961973	False
2439	2.9721892552678026	0.5180629552968685	0.1743034883726439	C16orf91	0.26961973	False
2440	2.9721892552678026	0.5180629552968685	0.1743034883726439	CCDC154	0.26961973	False
2441	2.9721892552678026	0.5180629552968685	0.1743034883726439	CLCN7	0.26961973	False
2442	2.9721892552678026	0.5180629552968685	0.1743034883726439	PTX4	0.26961973	False
2443	2.9721892552678026	0.5180629552968685	0.1743034883726439	TELO2	0.26961973	False
2444	2.9721892552678026	0.5180629552968685	0.1743034883726439	IFT140	0.26961973	False
2445	2.9721892552678026	0.5180629552968685	0.1743034883726439	TMEM204	0.26961973	False
2446	2.9721892552678026	0.5180629552968685	0.1743034883726439	LOC105371046	0.26961973	False
2447	2.9721892552678026	0.5180629552968685	0.1743034883726439	CRAMP1	0.26961973	False
2448	2.9721892552678026	0.5180629552968685	0.1743034883726439	JPT2	0.26961973	False
2449	2.9721892552678026	0.5180629552968685	0.1743034883726439	MAPK8IP3	0.26961973	False
2450	2.9721892552678026	0.5180629552968685	0.1743034883726439	MIR3177	0.26961973	False
2451	2.9721892552678026	0.5180629552968685	0.1743034883726439	NME3	0.26961973	False
2452	2.9721892552678026	0.5180629552968685	0.1743034883726439	MRPS34	0.26961973	False
2453	2.9721892552678026	0.5180629552968685	0.1743034883726439	EME2	0.26961973	False
2454	2.9721892552678026	0.5180629552968685	0.1743034883726439	SPSB3	0.26961973	False
2455	2.9721892552678026	0.5180629552968685	0.1743034883726439	NUBP2	0.26961973	False
2456	2.9721892552678026	0.5180629552968685	0.1743034883726439	IGFALS	0.26961973	False
2457	2.9721892552678026	0.5180629552968685	0.1743034883726439	HAGH	0.26961973	False
2458	2.9721892552678026	0.5180629552968685	0.1743034883726439	FAHD1	0.26961973	False
2459	2.9721892552678026	0.5180629552968685	0.1743034883726439	MEIOB	0.26961973	False
2460	2.9721892552678026	0.5180629552968685	0.1743034883726439	LINC00254	0.26961973	False
2461	2.9787036496175854	0.4525010878382501	0.15191208695646627	HS3ST6	0.2696195	False
2462	2.9787036496175854	0.4525010878382501	0.15191208695646627	MSRB1	0.2696195	False
2463	2.9787036496175854	0.4525010878382501	0.15191208695646627	RPL3L	0.2696195	False
2464	2.9787036496175854	0.4525010878382501	0.15191208695646627	NDUFB10	0.2696195	False
2465	2.9787036496175854	0.4525010878382501	0.15191208695646627	RPS2	0.2696195	False
2466	2.9787036496175854	0.4525010878382501	0.15191208695646627	SNORA10	0.2696195	False
2467	2.9787036496175854	0.4525010878382501	0.15191208695646627	SNORA64	0.2696195	False
2468	2.9787036496175854	0.4525010878382501	0.15191208695646627	SNHG9	0.2696195	False
2469	2.9787036496175854	0.4525010878382501	0.15191208695646627	SNORA78	0.2696195	False
2470	2.9787036496175854	0.4525010878382501	0.15191208695646627	RNF151	0.2696195	False
2471	2.9787036496175854	0.4525010878382501	0.15191208695646627	TBL3	0.2696195	False
2472	2.9787036496175854	0.4525010878382501	0.15191208695646627	NOXO1	0.2696195	False
2473	2.9787036496175854	0.4525010878382501	0.15191208695646627	GFER	0.2696195	False
2474	2.9787036496175854	0.4525010878382501	0.15191208695646627	SYNGR3	0.2696195	False
2475	2.9787036496175854	0.4525010878382501	0.15191208695646627	ZNF598	0.2696195	False
2476	2.9787036496175854	0.4525010878382501	0.15191208695646627	NPW	0.2696195	False
2477	2.9787036496175854	0.4525010878382501	0.15191208695646627	SLC9A3R2	0.2696195	False
2478	2.9787036496175854	0.4525010878382501	0.15191208695646627	NTHL1	0.2696195	False
2479	2.9787036496175854	0.4525010878382501	0.15191208695646627	TSC2	0.2696195	False
2480	2.9787036496175854	0.4525010878382501	0.15191208695646627	PKD1	0.2696195	False
2481	2.9787036496175854	0.4525010878382501	0.15191208695646627	MIR1225	0.2696195	False
2482	2.9787036496175854	0.4525010878382501	0.15191208695646627	LOC105371049	0.2696195	False
2483	2.9787036496175854	0.4525010878382501	0.15191208695646627	MIR4516	0.2696195	False
2484	2.9787036496175854	0.4525010878382501	0.15191208695646627	MIR3180-5	0.2696195	False
2485	2.9787036496175854	0.4525010878382501	0.15191208695646627	RAB26	0.2696195	False
2486	2.9787036496175854	0.4525010878382501	0.15191208695646627	SNHG19	0.2696195	False
2487	2.9787036496175854	0.4525010878382501	0.15191208695646627	SNORD60	0.2696195	False
2488	2.9787036496175854	0.4525010878382501	0.15191208695646627	TRAF7	0.2696195	False
2489	2.9787036496175854	0.4525010878382501	0.15191208695646627	CASKIN1	0.2696195	False
2490	2.9787036496175854	0.4525010878382501	0.15191208695646627	MLST8	0.2696195	False
2491	2.9787036496175854	0.4525010878382501	0.15191208695646627	BRICD5	0.2696195	False
2492	2.9787036496175854	0.4525010878382501	0.15191208695646627	PGP	0.2696195	False
2493	2.9787036496175854	0.4525010878382501	0.15191208695646627	E4F1	0.2696195	False
2494	2.9787036496175854	0.4525010878382501	0.15191208695646627	DNASE1L2	0.2696195	False
2495	2.9787036496175854	0.4525010878382501	0.15191208695646627	ECI1	0.2696195	False
2496	2.9787036496175854	0.4525010878382501	0.15191208695646627	RNPS1	0.2696195	False
2497	2.9787036496175854	0.4525010878382501	0.15191208695646627	LOC106660606	0.2696195	False
2498	2.9787036496175854	0.4525010878382501	0.15191208695646627	MIR3677	0.2696195	False
2499	2.9787036496175854	0.4525010878382501	0.15191208695646627	MIR940	0.2696195	False
2500	2.9787036496175854	0.4525010878382501	0.15191208695646627	MIR4717	0.2696195	False
2501	2.9787036496175854	0.4525010878382501	0.15191208695646627	ABCA3	0.2696195	False
2502	2.9787036496175854	0.4525010878382501	0.15191208695646627	CCNF	0.2696195	False
2503	2.9787036496175854	0.4525010878382501	0.15191208695646627	TEDC2	0.2696195	False
2504	2.9787036496175854	0.4525010878382501	0.15191208695646627	MIR6768	0.2696195	False
2505	2.9787036496175854	0.4525010878382501	0.15191208695646627	LOC729652	0.2696195	False
2506	2.9787036496175854	0.4525010878382501	0.15191208695646627	NTN3	0.2696195	False
2507	2.9787036496175854	0.4525010878382501	0.15191208695646627	TBC1D24	0.2696195	False
2508	2.9787036496175854	0.4525010878382501	0.15191208695646627	ATP6V0C	0.2696195	False
2509	2.9787036496175854	0.4525010878382501	0.15191208695646627	AMDHD2	0.2696195	False
2510	2.9787036496175854	0.4525010878382501	0.15191208695646627	CEMP1	0.2696195	False
2511	2.9787036496175854	0.4525010878382501	0.15191208695646627	MIR3178	0.2696195	False
2512	2.9787036496175854	0.4525010878382501	0.15191208695646627	PDPK1	0.2696195	False
2513	2.9787036496175854	0.4525010878382501	0.15191208695646627	ERVK13-1	0.2696195	False
2514	2.9787036496175854	0.4525010878382501	0.15191208695646627	KCTD5	0.2696195	False
2515	2.9787036496175854	0.4525010878382501	0.15191208695646627	PRSS27	0.2696195	False
2516	2.9787036496175854	0.4525010878382501	0.15191208695646627	SRRM2-AS1	0.2696195	False
2517	2.9787036496175854	0.4525010878382501	0.15191208695646627	SRRM2	0.2696195	False
2518	2.9787036496175854	0.4525010878382501	0.15191208695646627	ELOB	0.2696195	False
2519	2.9787036496175854	0.4525010878382501	0.15191208695646627	PRSS33	0.2696195	False
2520	2.9787036496175854	0.4525010878382501	0.15191208695646627	PRSS21	0.2696195	False
2521	2.9787036496175854	0.4525010878382501	0.15191208695646627	ZG16B	0.2696195	False
2522	2.9787036496175854	0.4525010878382501	0.15191208695646627	PRSS22	0.2696195	False
2523	2.9787036496175854	0.4525010878382501	0.15191208695646627	FLYWCH2	0.2696195	False
2524	3.0598921957824974	0.4962410056253226	0.1621759767580375	BCKDK	0.2696201	False
2525	3.0598921957824974	0.4962410056253226	0.1621759767580375	KAT8	0.2696201	False
2526	3.0598921957824974	0.4962410056253226	0.1621759767580375	PRSS8	0.2696201	False
2527	3.0598921957824974	0.4962410056253226	0.1621759767580375	PRSS36	0.2696201	False
2528	3.0598921957824974	0.4962410056253226	0.1621759767580375	FUS	0.2696201	False
2529	3.0598921957824974	0.4962410056253226	0.1621759767580375	PYCARD	0.2696201	False
2530	3.0598921957824974	0.4962410056253226	0.1621759767580375	PYCARD-AS1	0.2696201	False
2531	3.0598921957824974	0.4962410056253226	0.1621759767580375	TRIM72	0.2696201	False
2532	3.0598921957824974	0.4962410056253226	0.1621759767580375	PYDC1	0.2696201	False
2533	3.0598921957824974	0.4962410056253226	0.1621759767580375	ITGAM	0.2696201	False
2534	3.0598921957824974	0.4962410056253226	0.1621759767580375	ITGAX	0.2696201	False
2535	3.0598921957824974	0.4962410056253226	0.1621759767580375	ITGAD	0.2696201	False
2536	3.0598921957824974	0.4962410056253226	0.1621759767580375	COX6A2	0.2696201	False
2537	3.0598921957824974	0.4962410056253226	0.1621759767580375	ZNF843	0.2696201	False
2538	3.0598921957824974	0.4962410056253226	0.1621759767580375	ARMC5	0.2696201	False
2539	3.0598921957824974	0.4962410056253226	0.1621759767580375	TGFB1I1	0.2696201	False
2540	3.0598921957824974	0.4962410056253226	0.1621759767580375	SLC5A2	0.2696201	False
2541	3.0598921957824974	0.4962410056253226	0.1621759767580375	C16orf58	0.2696201	False
2542	3.0598921957824974	0.4962410056253226	0.1621759767580375	AHSP	0.2696201	False
2543	3.0598921957824974	0.4962410056253226	0.1621759767580375	ZNF720	0.2696201	False
2544	3.0598921957824974	0.4962410056253226	0.1621759767580375	ZNF267	0.2696201	False
2545	3.5695802250873427	0.8139947973013315	0.22803656059625727	R3HDM4	0.2696231	False
2546	3.5695802250873427	0.8139947973013315	0.22803656059625727	KISS1R	0.2696231	False
2547	3.5695802250873427	0.8139947973013315	0.22803656059625727	ARID3A	0.2696231	False
2548	3.5695802250873427	0.8139947973013315	0.22803656059625727	WDR18	0.2696231	False
2549	3.5695802250873427	0.8139947973013315	0.22803656059625727	GRIN3B	0.2696231	False
2550	3.5695802250873427	0.8139947973013315	0.22803656059625727	TMEM259	0.2696231	False
2551	3.5695802250873427	0.8139947973013315	0.22803656059625727	CNN2	0.2696231	False
2552	3.5695802250873427	0.8139947973013315	0.22803656059625727	ABCA7	0.2696231	False
2553	3.5695802250873427	0.8139947973013315	0.22803656059625727	ARHGAP45	0.2696231	False
2554	3.5695802250873427	0.8139947973013315	0.22803656059625727	POLR2E	0.2696231	False
2555	3.5695802250873427	0.8139947973013315	0.22803656059625727	GPX4	0.2696231	False
2556	3.5695802250873427	0.8139947973013315	0.22803656059625727	SBNO2	0.2696231	False
2557	3.5695802250873427	0.8139947973013315	0.22803656059625727	STK11	0.2696231	False
2558	3.5695802250873427	0.8139947973013315	0.22803656059625727	CBARP	0.2696231	False
2559	3.5695802250873427	0.8139947973013315	0.22803656059625727	ATP5F1D	0.2696231	False
2560	3.5695802250873427	0.8139947973013315	0.22803656059625727	MIDN	0.2696231	False
2561	3.5695802250873427	0.8139947973013315	0.22803656059625727	CIRBP	0.2696231	False
2562	3.5695802250873427	0.8139947973013315	0.22803656059625727	CIRBP-AS1	0.2696231	False
2563	3.5695802250873427	0.8139947973013315	0.22803656059625727	C19orf24	0.2696231	False
2564	3.5695802250873427	0.8139947973013315	0.22803656059625727	MUM1	0.2696231	False
2565	3.5695802250873427	0.8139947973013315	0.22803656059625727	EFNA2	0.2696231	False
2566	3.5695802250873427	0.8139947973013315	0.22803656059625727	NDUFS7	0.2696231	False
2567	3.5695802250873427	0.8139947973013315	0.22803656059625727	GAMT	0.2696231	False
2568	3.5695802250873427	0.8139947973013315	0.22803656059625727	DAZAP1	0.2696231	False
2569	3.5695802250873427	0.8139947973013315	0.22803656059625727	RPS15	0.2696231	False
2570	3.5695802250873427	0.8139947973013315	0.22803656059625727	APC2	0.2696231	False
2571	3.5695802250873427	0.8139947973013315	0.22803656059625727	C19orf25	0.2696231	False
2572	3.5695802250873427	0.8139947973013315	0.22803656059625727	PCSK4	0.2696231	False
2573	3.5695802250873427	0.8139947973013315	0.22803656059625727	REEP6	0.2696231	False
2574	3.5695802250873427	0.8139947973013315	0.22803656059625727	ADAMTSL5	0.2696231	False
2575	3.5695802250873427	0.8139947973013315	0.22803656059625727	PLK5	0.2696231	False
2576	3.5695802250873427	0.8139947973013315	0.22803656059625727	MEX3D	0.2696231	False
2577	3.5695802250873427	0.8139947973013315	0.22803656059625727	MBD3	0.2696231	False
2578	3.5695802250873427	0.8139947973013315	0.22803656059625727	UQCR11	0.2696231	False
2579	3.5695802250873427	0.8139947973013315	0.22803656059625727	TCF3	0.2696231	False
2580	3.5695802250873427	0.8139947973013315	0.22803656059625727	ONECUT3	0.2696231	False
2581	3.5695802250873427	0.8139947973013315	0.22803656059625727	ATP8B3	0.2696231	False
2582	3.5695802250873427	0.8139947973013315	0.22803656059625727	REXO1	0.2696231	False
2583	3.5695802250873427	0.8139947973013315	0.22803656059625727	MIR1909	0.2696231	False
2584	3.5695802250873427	0.8139947973013315	0.22803656059625727	LOC100288123	0.2696231	False
2585	3.5695802250873427	0.8139947973013315	0.22803656059625727	KLF16	0.2696231	False
2586	3.5695802250873427	0.8139947973013315	0.22803656059625727	ABHD17A	0.2696231	False
2587	3.458258987883406	0.6664472599083062	0.19271178423689975	SCAMP4	0.26962188	False
2588	3.458258987883406	0.6664472599083062	0.19271178423689975	ADAT3	0.26962188	False
2589	3.458258987883406	0.6664472599083062	0.19271178423689975	CSNK1G2	0.26962188	False
2590	3.458258987883406	0.6664472599083062	0.19271178423689975	CSNK1G2-AS1	0.26962188	False
2591	3.458258987883406	0.6664472599083062	0.19271178423689975	BTBD2	0.26962188	False
2592	3.458258987883406	0.6664472599083062	0.19271178423689975	MKNK2	0.26962188	False
2593	3.458258987883406	0.6664472599083062	0.19271178423689975	MOB3A	0.26962188	False
2594	3.458258987883406	0.6664472599083062	0.19271178423689975	IZUMO4	0.26962188	False
2595	3.458258987883406	0.6664472599083062	0.19271178423689975	AP3D1	0.26962188	False
2596	3.458258987883406	0.6664472599083062	0.19271178423689975	DOT1L	0.26962188	False
2597	3.458258987883406	0.6664472599083062	0.19271178423689975	PLEKHJ1	0.26962188	False
2598	3.458258987883406	0.6664472599083062	0.19271178423689975	MIR1227	0.26962188	False
2599	3.458258987883406	0.6664472599083062	0.19271178423689975	MIR6789	0.26962188	False
2600	3.458258987883406	0.6664472599083062	0.19271178423689975	SF3A2	0.26962188	False
2601	3.458258987883406	0.6664472599083062	0.19271178423689975	AMH	0.26962188	False
2602	3.458258987883406	0.6664472599083062	0.19271178423689975	MIR4321	0.26962188	False
2603	3.458258987883406	0.6664472599083062	0.19271178423689975	JSRP1	0.26962188	False
2604	3.458258987883406	0.6664472599083062	0.19271178423689975	OAZ1	0.26962188	False
2605	3.458258987883406	0.6664472599083062	0.19271178423689975	SPPL2B	0.26962188	False
2606	3.458258987883406	0.6664472599083062	0.19271178423689975	PEAK3	0.26962188	False
2607	3.458258987883406	0.6664472599083062	0.19271178423689975	LSM7	0.26962188	False
2608	3.458258987883406	0.6664472599083062	0.19271178423689975	TMPRSS9	0.26962188	False
2609	3.458258987883406	0.6664472599083062	0.19271178423689975	TIMM13	0.26962188	False
2610	3.458258987883406	0.6664472599083062	0.19271178423689975	LMNB2	0.26962188	False
2611	3.458258987883406	0.6664472599083062	0.19271178423689975	MIR7108	0.26962188	False
2612	3.458258987883406	0.6664472599083062	0.19271178423689975	LINC01775	0.26962188	False
2613	3.458258987883406	0.6664472599083062	0.19271178423689975	GADD45B	0.26962188	False
2614	3.458258987883406	0.6664472599083062	0.19271178423689975	GNG7	0.26962188	False
2615	3.458258987883406	0.6664472599083062	0.19271178423689975	MIR7850	0.26962188	False
2616	3.458258987883406	0.6664472599083062	0.19271178423689975	DIRAS1	0.26962188	False
2617	3.458258987883406	0.6664472599083062	0.19271178423689975	SLC39A3	0.26962188	False
2618	3.458258987883406	0.6664472599083062	0.19271178423689975	SGTA	0.26962188	False
2619	3.458258987883406	0.6664472599083062	0.19271178423689975	THOP1	0.26962188	False
2620	3.458258987883406	0.6664472599083062	0.19271178423689975	ZNF554	0.26962188	False
2621	3.458258987883406	0.6664472599083062	0.19271178423689975	ZNF555	0.26962188	False
2622	3.458258987883406	0.6664472599083062	0.19271178423689975	ZNF556	0.26962188	False
2623	3.2835758065608878	0.5338461017613778	0.16258071480935632	ZNF57	0.2696206	False
2624	3.2835758065608878	0.5338461017613778	0.16258071480935632	ZNF77	0.2696206	False
2625	3.2835758065608878	0.5338461017613778	0.16258071480935632	TLE6	0.2696206	False
2626	3.2835758065608878	0.5338461017613778	0.16258071480935632	TLE2	0.2696206	False
2627	3.2835758065608878	0.5338461017613778	0.16258071480935632	AES	0.2696206	False
2628	3.2835758065608878	0.5338461017613778	0.16258071480935632	GNA11	0.2696206	False
2629	3.2835758065608878	0.5338461017613778	0.16258071480935632	GNA15	0.2696206	False
2630	3.2835758065608878	0.5338461017613778	0.16258071480935632	LOC100996351	0.2696206	False
2631	3.2835758065608878	0.5338461017613778	0.16258071480935632	S1PR4	0.2696206	False
2632	3.2835758065608878	0.5338461017613778	0.16258071480935632	NCLN	0.2696206	False
2633	3.2835758065608878	0.5338461017613778	0.16258071480935632	CELF5	0.2696206	False
2634	3.2835758065608878	0.5338461017613778	0.16258071480935632	NFIC	0.2696206	False
2635	3.2835758065608878	0.5338461017613778	0.16258071480935632	SMIM24	0.2696206	False
2636	3.2835758065608878	0.5338461017613778	0.16258071480935632	DOHH	0.2696206	False
2637	3.2835758065608878	0.5338461017613778	0.16258071480935632	FZR1	0.2696206	False
2638	3.2835758065608878	0.5338461017613778	0.16258071480935632	MFSD12	0.2696206	False
2639	3.2835758065608878	0.5338461017613778	0.16258071480935632	C19orf71	0.2696206	False
2640	3.2835758065608878	0.5338461017613778	0.16258071480935632	HMG20B	0.2696206	False
2641	3.2835758065608878	0.5338461017613778	0.16258071480935632	GIPC3	0.2696206	False
2642	3.2835758065608878	0.5338461017613778	0.16258071480935632	TBXA2R	0.2696206	False
2643	3.2835758065608878	0.5338461017613778	0.16258071480935632	CACTIN-AS1	0.2696206	False
2644	3.2835758065608878	0.5338461017613778	0.16258071480935632	CACTIN	0.2696206	False
2645	3.2835758065608878	0.5338461017613778	0.16258071480935632	PIP5K1C	0.2696206	False
2646	3.2835758065608878	0.5338461017613778	0.16258071480935632	TJP3	0.2696206	False
2647	3.2835758065608878	0.5338461017613778	0.16258071480935632	APBA3	0.2696206	False
2648	3.2835758065608878	0.5338461017613778	0.16258071480935632	MRPL54	0.2696206	False
2649	3.2835758065608878	0.5338461017613778	0.16258071480935632	RAX2	0.2696206	False
2650	3.2835758065608878	0.5338461017613778	0.16258071480935632	MATK	0.2696206	False
2651	3.2835758065608878	0.5338461017613778	0.16258071480935632	ZFR2	0.2696206	False
2652	3.184614811954259	0.44462755024552303	0.13961737180160713	ATCAY	0.26961994	False
2653	3.184614811954259	0.44462755024552303	0.13961737180160713	NMRK2	0.26961994	False
2654	3.184614811954259	0.44462755024552303	0.13961737180160713	DAPK3	0.26961994	False
2655	3.184614811954259	0.44462755024552303	0.13961737180160713	MIR637	0.26961994	False
2656	3.184614811954259	0.44462755024552303	0.13961737180160713	EEF2	0.26961994	False
2657	3.184614811954259	0.44462755024552303	0.13961737180160713	SNORD37	0.26961994	False
2658	3.184614811954259	0.44462755024552303	0.13961737180160713	PIAS4	0.26961994	False
2659	3.184614811954259	0.44462755024552303	0.13961737180160713	ZBTB7A	0.26961994	False
2660	3.184614811954259	0.44462755024552303	0.13961737180160713	MAP2K2	0.26961994	False
2661	3.113972489642879	0.45753238074842617	0.14692884483411012	CREB3L3	0.26961985	False
2662	3.113972489642879	0.45753238074842617	0.14692884483411012	SIRT6	0.26961985	False
2663	3.113972489642879	0.45753238074842617	0.14692884483411012	ANKRD24	0.26961985	False
2664	3.113972489642879	0.45753238074842617	0.14692884483411012	EBI3	0.26961985	False
2665	3.113972489642879	0.45753238074842617	0.14692884483411012	YJU2	0.26961985	False
2666	3.113972489642879	0.45753238074842617	0.14692884483411012	SHD	0.26961985	False
2667	3.113972489642879	0.45753238074842617	0.14692884483411012	TMIGD2	0.26961985	False
2668	3.113972489642879	0.45753238074842617	0.14692884483411012	FSD1	0.26961985	False
2669	3.113972489642879	0.45753238074842617	0.14692884483411012	STAP2	0.26961985	False
2670	3.113972489642879	0.45753238074842617	0.14692884483411012	MPND	0.26961985	False
2671	3.113972489642879	0.45753238074842617	0.14692884483411012	SH3GL1	0.26961985	False
2672	3.113972489642879	0.45753238074842617	0.14692884483411012	CHAF1A	0.26961985	False
2673	3.113972489642879	0.45753238074842617	0.14692884483411012	UBXN6	0.26961985	False
2674	3.113972489642879	0.45753238074842617	0.14692884483411012	MIR4746	0.26961985	False
2675	3.113972489642879	0.45753238074842617	0.14692884483411012	HDGFL2	0.26961985	False
2676	3.113972489642879	0.45753238074842617	0.14692884483411012	PLIN4	0.26961985	False
2677	3.113972489642879	0.45753238074842617	0.14692884483411012	PLIN5	0.26961985	False
2678	3.113972489642879	0.45753238074842617	0.14692884483411012	LRG1	0.26961985	False
2679	3.113972489642879	0.45753238074842617	0.14692884483411012	SEMA6B	0.26961985	False
2680	3.113972489642879	0.45753238074842617	0.14692884483411012	TNFAIP8L1	0.26961985	False
2681	3.113972489642879	0.45753238074842617	0.14692884483411012	MYDGF	0.26961985	False
2682	3.113972489642879	0.45753238074842617	0.14692884483411012	DPP9	0.26961985	False
2683	3.113972489642879	0.45753238074842617	0.14692884483411012	DPP9-AS1	0.26961985	False
2684	3.113972489642879	0.45753238074842617	0.14692884483411012	MIR7-3HG	0.26961985	False
2685	3.113972489642879	0.45753238074842617	0.14692884483411012	MIR7-3	0.26961985	False
2686	3.113972489642879	0.45753238074842617	0.14692884483411012	FEM1A	0.26961985	False
2687	3.113972489642879	0.45753238074842617	0.14692884483411012	TICAM1	0.26961985	False
2688	3.113972489642879	0.45753238074842617	0.14692884483411012	PLIN3	0.26961985	False
2689	2.9883646320544566	0.3640292577275942	0.1218155421272435	ARRDC5	0.26961917	False
2690	2.9883646320544566	0.3640292577275942	0.1218155421272435	UHRF1	0.26961917	False
2691	2.9883646320544566	0.3640292577275942	0.1218155421272435	MIR4747	0.26961917	False
2692	2.9883646320544566	0.3640292577275942	0.1218155421272435	KDM4B	0.26961917	False
2693	2.901230661990687	0.37953635867333607	0.1308190912379632	PTPRS	0.26961902	False
2694	2.901230661990687	0.37953635867333607	0.1308190912379632	ZNRF4	0.26961902	False
2695	2.901230661990687	0.37953635867333607	0.1308190912379632	TINCR	0.26961902	False
2696	2.901230661990687	0.37953635867333607	0.1308190912379632	SAFB2	0.26961902	False
2697	2.901230661990687	0.37953635867333607	0.1308190912379632	SAFB	0.26961902	False
2698	2.901230661990687	0.37953635867333607	0.1308190912379632	RPL36	0.26961902	False
2699	2.901230661990687	0.37953635867333607	0.1308190912379632	C19orf70	0.26961902	False
2700	2.901230661990687	0.37953635867333607	0.1308190912379632	HSD11B1L	0.26961902	False
2701	2.901230661990687	0.37953635867333607	0.1308190912379632	LONP1	0.26961902	False
2702	2.901230661990687	0.37953635867333607	0.1308190912379632	CATSPERD	0.26961902	False
2703	2.901230661990687	0.37953635867333607	0.1308190912379632	PRR22	0.26961902	False
2704	2.901230661990687	0.37953635867333607	0.1308190912379632	DUS3L	0.26961902	False
2705	2.901230661990687	0.37953635867333607	0.1308190912379632	NRTN	0.26961902	False
2706	2.901230661990687	0.37953635867333607	0.1308190912379632	FUT6	0.26961902	False
2707	2.901230661990687	0.37953635867333607	0.1308190912379632	FUT3	0.26961902	False
2708	2.901230661990687	0.37953635867333607	0.1308190912379632	LOC101928844	0.26961902	False
2709	2.8509172505597613	0.31913455257876844	0.11194100864067807	FUT5	0.26961878	False
2710	2.8509172505597613	0.31913455257876844	0.11194100864067807	NDUFA11	0.26961878	False
2711	2.8509172505597613	0.31913455257876844	0.11194100864067807	CAPS	0.26961878	False
2712	2.8509172505597613	0.31913455257876844	0.11194100864067807	VMAC	0.26961878	False
2713	2.8509172505597613	0.31913455257876844	0.11194100864067807	RANBP3	0.26961878	False
2714	2.8509172505597613	0.31913455257876844	0.11194100864067807	LOC100128568	0.26961878	False
2715	2.8509172505597613	0.31913455257876844	0.11194100864067807	RFX2	0.26961878	False
2716	2.911738529308437	0.30897498792858413	0.1061135760709834	OLFM2	0.26961875	False
2717	2.911738529308437	0.30897498792858413	0.1061135760709834	COL5A3	0.26961875	False
2718	2.911738529308437	0.30897498792858413	0.1061135760709834	RDH8	0.26961875	False
2719	2.911738529308437	0.30897498792858413	0.1061135760709834	MIR5589	0.26961875	False
2720	2.911738529308437	0.30897498792858413	0.1061135760709834	C19orf66	0.26961875	False
2721	2.911738529308437	0.30897498792858413	0.1061135760709834	ANGPTL6	0.26961875	False
2722	3.0601935483918283	0.4135539719784305	0.1351398091129754	PPAN-P2RY11	0.2696195	False
2723	3.0601935483918283	0.4135539719784305	0.1351398091129754	PPAN	0.2696195	False
2724	3.0601935483918283	0.4135539719784305	0.1351398091129754	SNORD105	0.2696195	False
2725	3.0601935483918283	0.4135539719784305	0.1351398091129754	SNORD105B	0.2696195	False
2726	3.0601935483918283	0.4135539719784305	0.1351398091129754	P2RY11	0.2696195	False
2727	3.0601935483918283	0.4135539719784305	0.1351398091129754	EIF3G	0.2696195	False
2728	3.0601935483918283	0.4135539719784305	0.1351398091129754	DNMT1	0.2696195	False
2729	3.0601935483918283	0.4135539719784305	0.1351398091129754	S1PR2	0.2696195	False
2730	3.0601935483918283	0.4135539719784305	0.1351398091129754	MIR4322	0.2696195	False
2731	3.0601935483918283	0.4135539719784305	0.1351398091129754	MRPL4	0.2696195	False
2732	3.0601935483918283	0.4135539719784305	0.1351398091129754	ICAM1	0.2696195	False
2733	3.0601935483918283	0.4135539719784305	0.1351398091129754	ICAM4	0.2696195	False
2734	3.0601935483918283	0.4135539719784305	0.1351398091129754	ICAM5	0.2696195	False
2735	3.0601935483918283	0.4135539719784305	0.1351398091129754	ZGLP1	0.2696195	False
2736	3.0601935483918283	0.4135539719784305	0.1351398091129754	FDX2	0.2696195	False
2737	3.0601935483918283	0.4135539719784305	0.1351398091129754	RAVER1	0.2696195	False
2738	3.0601935483918283	0.4135539719784305	0.1351398091129754	ICAM3	0.2696195	False
2739	3.0601935483918283	0.4135539719784305	0.1351398091129754	TYK2	0.2696195	False
2740	3.0601935483918283	0.4135539719784305	0.1351398091129754	CDC37	0.2696195	False
2741	3.0601935483918283	0.4135539719784305	0.1351398091129754	MIR1181	0.2696195	False
2742	3.0601935483918283	0.4135539719784305	0.1351398091129754	PDE4A	0.2696195	False
2743	3.0601935483918283	0.4135539719784305	0.1351398091129754	KEAP1	0.2696195	False
2744	3.0601935483918283	0.4135539719784305	0.1351398091129754	S1PR5	0.2696195	False
2745	3.0601935483918283	0.4135539719784305	0.1351398091129754	ATG4D	0.2696195	False
2746	3.0601935483918283	0.4135539719784305	0.1351398091129754	MIR1238	0.2696195	False
2747	3.0601935483918283	0.4135539719784305	0.1351398091129754	KRI1	0.2696195	False
2748	3.0601935483918283	0.4135539719784305	0.1351398091129754	CDKN2D	0.2696195	False
2749	3.0601935483918283	0.4135539719784305	0.1351398091129754	AP1M2	0.2696195	False
2750	3.0601935483918283	0.4135539719784305	0.1351398091129754	SLC44A2	0.2696195	False
2751	3.0601935483918283	0.4135539719784305	0.1351398091129754	ILF3-DT	0.2696195	False
2752	3.0601935483918283	0.4135539719784305	0.1351398091129754	ILF3	0.2696195	False
2753	3.0601935483918283	0.4135539719784305	0.1351398091129754	QTRT1	0.2696195	False
2754	3.0601935483918283	0.4135539719784305	0.1351398091129754	DNM2	0.2696195	False
2755	3.0601935483918283	0.4135539719784305	0.1351398091129754	MIR638	0.2696195	False
2756	3.0601935483918283	0.4135539719784305	0.1351398091129754	MIR4748	0.2696195	False
2757	3.0601935483918283	0.4135539719784305	0.1351398091129754	MIR199A1	0.2696195	False
2758	3.0601935483918283	0.4135539719784305	0.1351398091129754	MIR6793	0.2696195	False
2759	3.0601935483918283	0.4135539719784305	0.1351398091129754	TMED1	0.2696195	False
2760	3.0601935483918283	0.4135539719784305	0.1351398091129754	C19orf38	0.2696195	False
2761	3.024088926708389	0.354677571882964	0.11728410786815639	CARM1	0.26961917	False
2762	3.024088926708389	0.354677571882964	0.11728410786815639	YIPF2	0.26961917	False
2763	3.024088926708389	0.354677571882964	0.11728410786815639	TIMM29	0.26961917	False
2764	3.024088926708389	0.354677571882964	0.11728410786815639	SMARCA4	0.26961917	False
2765	3.024088926708389	0.354677571882964	0.11728410786815639	LDLR	0.26961917	False
2766	3.126128379362685	0.4259676743826387	0.13626045468723827	MIR6886	0.26961973	False
2767	3.126128379362685	0.4259676743826387	0.13626045468723827	SPC24	0.26961973	False
2768	3.126128379362685	0.4259676743826387	0.13626045468723827	KANK2	0.26961973	False
2769	3.126128379362685	0.4259676743826387	0.13626045468723827	DOCK6	0.26961973	False
2770	3.126128379362685	0.4259676743826387	0.13626045468723827	LOC105372273	0.26961973	False
2771	3.126128379362685	0.4259676743826387	0.13626045468723827	ANGPTL8	0.26961973	False
2772	3.126128379362685	0.4259676743826387	0.13626045468723827	TSPAN16	0.26961973	False
2773	3.126128379362685	0.4259676743826387	0.13626045468723827	RAB3D	0.26961973	False
2774	3.126128379362685	0.4259676743826387	0.13626045468723827	TMEM205	0.26961973	False
2775	3.126128379362685	0.4259676743826387	0.13626045468723827	CCDC159	0.26961973	False
2776	3.126128379362685	0.4259676743826387	0.13626045468723827	PLPPR2	0.26961973	False
2777	3.126128379362685	0.4259676743826387	0.13626045468723827	SWSAP1	0.26961973	False
2778	3.126128379362685	0.4259676743826387	0.13626045468723827	EPOR	0.26961973	False
2779	3.126128379362685	0.4259676743826387	0.13626045468723827	RGL3	0.26961973	False
2780	3.126128379362685	0.4259676743826387	0.13626045468723827	CCDC151	0.26961973	False
2781	3.126128379362685	0.4259676743826387	0.13626045468723827	PRKCSH	0.26961973	False
2782	3.126128379362685	0.4259676743826387	0.13626045468723827	ELAVL3	0.26961973	False
2783	3.126128379362685	0.4259676743826387	0.13626045468723827	ZNF653	0.26961973	False
2784	3.126128379362685	0.4259676743826387	0.13626045468723827	MIR7974	0.26961973	False
2785	3.126128379362685	0.4259676743826387	0.13626045468723827	ECSIT	0.26961973	False
2786	3.126128379362685	0.4259676743826387	0.13626045468723827	CNN1	0.26961973	False
2787	3.126128379362685	0.4259676743826387	0.13626045468723827	ELOF1	0.26961973	False
2788	3.126128379362685	0.4259676743826387	0.13626045468723827	ZNF627	0.26961973	False
2789	3.126128379362685	0.4259676743826387	0.13626045468723827	ACP5	0.26961973	False
2790	3.126128379362685	0.4259676743826387	0.13626045468723827	ZNF833P	0.26961973	False
2791	3.126128379362685	0.4259676743826387	0.13626045468723827	ZNF823	0.26961973	False
2792	3.126128379362685	0.4259676743826387	0.13626045468723827	ZNF441	0.26961973	False
2793	3.126128379362685	0.4259676743826387	0.13626045468723827	ZNF491	0.26961973	False
2794	3.126128379362685	0.4259676743826387	0.13626045468723827	ZNF440	0.26961973	False
2795	3.126128379362685	0.4259676743826387	0.13626045468723827	ZNF439	0.26961973	False
2796	3.033165529541063	0.3511205459594711	0.11576042999954503	ZNF69	0.26961917	False
2797	3.033165529541063	0.3511205459594711	0.11576042999954503	ZNF700	0.26961917	False
2798	3.033165529541063	0.3511205459594711	0.11576042999954503	ZNF763	0.26961917	False
2799	3.033165529541063	0.3511205459594711	0.11576042999954503	ZNF433-AS1	0.26961917	False
2800	3.033165529541063	0.3511205459594711	0.11576042999954503	ZNF433	0.26961917	False
2801	3.033165529541063	0.3511205459594711	0.11576042999954503	ZNF878	0.26961917	False
2802	3.033165529541063	0.3511205459594711	0.11576042999954503	ZNF844	0.26961917	False
2803	3.033165529541063	0.3511205459594711	0.11576042999954503	ZNF788P	0.26961917	False
2804	3.033165529541063	0.3511205459594711	0.11576042999954503	ZNF20	0.26961917	False
2805	3.061103472409217	0.3885178153923332	0.1269208371733195	ZNF625-ZNF20	0.2696194	False
2806	3.061103472409217	0.3885178153923332	0.1269208371733195	ZNF625	0.2696194	False
2807	3.061103472409217	0.3885178153923332	0.1269208371733195	ZNF136	0.2696194	False
2808	3.061103472409217	0.3885178153923332	0.1269208371733195	LOC100289333	0.2696194	False
2809	3.061103472409217	0.3885178153923332	0.1269208371733195	ZNF44	0.2696194	False
2810	3.061103472409217	0.3885178153923332	0.1269208371733195	ZNF563	0.2696194	False
2811	3.061103472409217	0.3885178153923332	0.1269208371733195	ZNF442	0.2696194	False
2812	3.061103472409217	0.3885178153923332	0.1269208371733195	ZNF799	0.2696194	False
2813	3.061103472409217	0.3885178153923332	0.1269208371733195	ZNF443	0.2696194	False
2814	3.061103472409217	0.3885178153923332	0.1269208371733195	ZNF709	0.2696194	False
2815	3.061103472409217	0.3885178153923332	0.1269208371733195	ZNF564	0.2696194	False
2816	3.061103472409217	0.3885178153923332	0.1269208371733195	ZNF490	0.2696194	False
2817	3.061103472409217	0.3885178153923332	0.1269208371733195	ZNF791	0.2696194	False
2818	3.061103472409217	0.3885178153923332	0.1269208371733195	MAN2B1	0.2696194	False
2819	3.061103472409217	0.3885178153923332	0.1269208371733195	WDR83	0.2696194	False
2820	3.061103472409217	0.3885178153923332	0.1269208371733195	WDR83OS	0.2696194	False
2821	3.061103472409217	0.3885178153923332	0.1269208371733195	DHPS	0.2696194	False
2822	3.061103472409217	0.3885178153923332	0.1269208371733195	FBXW9	0.2696194	False
2823	3.061103472409217	0.3885178153923332	0.1269208371733195	TNPO2	0.2696194	False
2824	3.061103472409217	0.3885178153923332	0.1269208371733195	SNORD41	0.2696194	False
2825	3.061103472409217	0.3885178153923332	0.1269208371733195	TRIR	0.2696194	False
2826	3.061103472409217	0.3885178153923332	0.1269208371733195	ASNA1	0.2696194	False
2827	3.061103472409217	0.3885178153923332	0.1269208371733195	BEST2	0.2696194	False
2828	3.061103472409217	0.3885178153923332	0.1269208371733195	HOOK2	0.2696194	False
2829	3.061103472409217	0.3885178153923332	0.1269208371733195	MIR5684	0.2696194	False
2830	3.061103472409217	0.3885178153923332	0.1269208371733195	JUNB	0.2696194	False
2831	3.061103472409217	0.3885178153923332	0.1269208371733195	PRDX2	0.2696194	False
2832	3.061103472409217	0.3885178153923332	0.1269208371733195	RNASEH2A	0.2696194	False
2833	3.061103472409217	0.3885178153923332	0.1269208371733195	RTBDN	0.2696194	False
2834	3.061103472409217	0.3885178153923332	0.1269208371733195	MAST1	0.2696194	False
2835	3.061103472409217	0.3885178153923332	0.1269208371733195	MIR6794	0.2696194	False
2836	3.061103472409217	0.3885178153923332	0.1269208371733195	DNASE2	0.2696194	False
2837	3.061103472409217	0.3885178153923332	0.1269208371733195	KLF1	0.2696194	False
2838	2.9047982226462525	0.3062812087318715	0.10543975355811505	GCDH	0.2696187	False
2839	2.9047982226462525	0.3062812087318715	0.10543975355811505	SYCE2	0.2696187	False
2840	2.9047982226462525	0.3062812087318715	0.10543975355811505	MIR5695	0.2696187	False
2841	2.9047982226462525	0.3062812087318715	0.10543975355811505	FARSA	0.2696187	False
2842	2.9047982226462525	0.3062812087318715	0.10543975355811505	CALR	0.2696187	False
2843	2.9047982226462525	0.3062812087318715	0.10543975355811505	MIR6515	0.2696187	False
2844	2.9047982226462525	0.3062812087318715	0.10543975355811505	RAD23A	0.2696187	False
2845	2.9047982226462525	0.3062812087318715	0.10543975355811505	GADD45GIP1	0.2696187	False
2846	2.9047982226462525	0.3062812087318715	0.10543975355811505	DAND5	0.2696187	False
2847	2.9047982226462525	0.3062812087318715	0.10543975355811505	NFIX	0.2696187	False
2848	2.9047982226462525	0.3062812087318715	0.10543975355811505	LYL1	0.2696187	False
2849	2.82719886705222	0.35113352890674465	0.1241983834242457	CPAMD8	0.26961887	False
2850	2.82719886705222	0.35113352890674465	0.1241983834242457	HAUS8	0.26961887	False
2851	2.82719886705222	0.35113352890674465	0.1241983834242457	MYO9B	0.26961887	False
2852	2.9618578459600666	0.4372794737590599	0.1476368875553913	USE1	0.26961946	False
2853	2.9618578459600666	0.4372794737590599	0.1476368875553913	OCEL1	0.26961946	False
2854	2.9618578459600666	0.4372794737590599	0.1476368875553913	NR2F6	0.26961946	False
2855	2.9618578459600666	0.4372794737590599	0.1476368875553913	USHBP1	0.26961946	False
2856	2.9618578459600666	0.4372794737590599	0.1476368875553913	BABAM1	0.26961946	False
2857	2.9618578459600666	0.4372794737590599	0.1476368875553913	ANKLE1	0.26961946	False
2858	2.9618578459600666	0.4372794737590599	0.1476368875553913	ABHD8	0.26961946	False
2859	2.9618578459600666	0.4372794737590599	0.1476368875553913	MRPL34	0.26961946	False
2860	2.9618578459600666	0.4372794737590599	0.1476368875553913	DDA1	0.26961946	False
2861	2.9618578459600666	0.4372794737590599	0.1476368875553913	ANO8	0.26961946	False
2862	2.9618578459600666	0.4372794737590599	0.1476368875553913	GTPBP3	0.26961946	False
2863	2.9618578459600666	0.4372794737590599	0.1476368875553913	PLVAP	0.26961946	False
2864	2.9618578459600666	0.4372794737590599	0.1476368875553913	BST2	0.26961946	False
2865	2.9618578459600666	0.4372794737590599	0.1476368875553913	BISPR	0.26961946	False
2866	2.9618578459600666	0.4372794737590599	0.1476368875553913	MVB12A	0.26961946	False
2867	2.9618578459600666	0.4372794737590599	0.1476368875553913	TMEM221	0.26961946	False
2868	2.9618578459600666	0.4372794737590599	0.1476368875553913	NXNL1	0.26961946	False
2869	2.9618578459600666	0.4372794737590599	0.1476368875553913	SLC27A1	0.26961946	False
2870	2.9618578459600666	0.4372794737590599	0.1476368875553913	PGLS	0.26961946	False
2871	2.9618578459600666	0.4372794737590599	0.1476368875553913	FAM129C	0.26961946	False
2872	2.9618578459600666	0.4372794737590599	0.1476368875553913	COLGALT1	0.26961946	False
2873	2.9618578459600666	0.4372794737590599	0.1476368875553913	UNC13A	0.26961946	False
2874	2.9618578459600666	0.4372794737590599	0.1476368875553913	MAP1S	0.26961946	False
2875	2.9618578459600666	0.4372794737590599	0.1476368875553913	FCHO1	0.26961946	False
2876	2.9618578459600666	0.4372794737590599	0.1476368875553913	B3GNT3	0.26961946	False
2877	2.9618578459600666	0.4372794737590599	0.1476368875553913	INSL3	0.26961946	False
2878	2.9618578459600666	0.4372794737590599	0.1476368875553913	JAK3	0.26961946	False
2879	2.9618578459600666	0.4372794737590599	0.1476368875553913	RPL18A	0.26961946	False
2880	2.9618578459600666	0.4372794737590599	0.1476368875553913	SNORA68	0.26961946	False
2881	2.9618578459600666	0.4372794737590599	0.1476368875553913	SLC5A5	0.26961946	False
2882	2.9229415764589652	0.38042232222384975	0.13015050498707442	CCDC124	0.26961908	False
2883	2.9229415764589652	0.38042232222384975	0.13015050498707442	KCNN1	0.26961908	False
2884	2.9229415764589652	0.38042232222384975	0.13015050498707442	ARRDC2	0.26961908	False
2885	2.9229415764589652	0.38042232222384975	0.13015050498707442	IL12RB1	0.26961908	False
2886	2.9229415764589652	0.38042232222384975	0.13015050498707442	MAST3	0.26961908	False
2887	3.0755907746347058	0.4759479310585502	0.15475008410866348	PIK3R2	0.26961982	False
2888	3.0755907746347058	0.4759479310585502	0.15475008410866348	IFI30	0.26961982	False
2889	3.0755907746347058	0.4759479310585502	0.15475008410866348	MPV17L2	0.26961982	False
2890	3.0755907746347058	0.4759479310585502	0.15475008410866348	RAB3A	0.26961982	False
2891	3.0755907746347058	0.4759479310585502	0.15475008410866348	LOC102725254	0.26961982	False
2892	3.0755907746347058	0.4759479310585502	0.15475008410866348	PDE4C	0.26961982	False
2893	3.0755907746347058	0.4759479310585502	0.15475008410866348	LOC729966	0.26961982	False
2894	3.0755907746347058	0.4759479310585502	0.15475008410866348	IQCN	0.26961982	False
2895	3.0755907746347058	0.4759479310585502	0.15475008410866348	JUND	0.26961982	False
2896	3.0755907746347058	0.4759479310585502	0.15475008410866348	MIR3188	0.26961982	False
2897	3.0755907746347058	0.4759479310585502	0.15475008410866348	LSM4	0.26961982	False
2898	3.0755907746347058	0.4759479310585502	0.15475008410866348	PGPEP1	0.26961982	False
2899	3.0755907746347058	0.4759479310585502	0.15475008410866348	GDF15	0.26961982	False
2900	3.0755907746347058	0.4759479310585502	0.15475008410866348	MIR3189	0.26961982	False
2901	3.0755907746347058	0.4759479310585502	0.15475008410866348	LRRC25	0.26961982	False
2902	3.0755907746347058	0.4759479310585502	0.15475008410866348	SSBP4	0.26961982	False
2903	3.0755907746347058	0.4759479310585502	0.15475008410866348	ISYNA1	0.26961982	False
2904	3.0755907746347058	0.4759479310585502	0.15475008410866348	ELL	0.26961982	False
2905	3.0755907746347058	0.4759479310585502	0.15475008410866348	FKBP8	0.26961982	False
2906	3.0755907746347058	0.4759479310585502	0.15475008410866348	KXD1	0.26961982	False
2907	3.0755907746347058	0.4759479310585502	0.15475008410866348	UBA52	0.26961982	False
2908	3.0755907746347058	0.4759479310585502	0.15475008410866348	CRLF1	0.26961982	False
2909	3.0755907746347058	0.4759479310585502	0.15475008410866348	REX1BD	0.26961982	False
2910	3.0755907746347058	0.4759479310585502	0.15475008410866348	TMEM59L	0.26961982	False
2911	3.0755907746347058	0.4759479310585502	0.15475008410866348	KLHL26	0.26961982	False
2912	3.0755907746347058	0.4759479310585502	0.15475008410866348	CRTC1	0.26961982	False
2913	3.0755907746347058	0.4759479310585502	0.15475008410866348	COMP	0.26961982	False
2914	3.0755907746347058	0.4759479310585502	0.15475008410866348	UPF1	0.26961982	False
2915	3.0755907746347058	0.4759479310585502	0.15475008410866348	GDF1	0.26961982	False
2916	3.0755907746347058	0.4759479310585502	0.15475008410866348	CERS1	0.26961982	False
2917	2.942425415809913	0.3833843859629976	0.13029536242551445	COPE	0.26961914	False
2918	2.942425415809913	0.3833843859629976	0.13029536242551445	HOMER3	0.26961914	False
2919	2.942425415809913	0.3833843859629976	0.13029536242551445	DDX49	0.26961914	False
2920	2.942425415809913	0.3833843859629976	0.13029536242551445	HOMER3-AS1	0.26961914	False
2921	2.942425415809913	0.3833843859629976	0.13029536242551445	SUGP2	0.26961914	False
2922	2.942425415809913	0.3833843859629976	0.13029536242551445	ARMC6	0.26961914	False
2923	2.942425415809913	0.3833843859629976	0.13029536242551445	SLC25A42	0.26961914	False
2924	2.9248967107047106	0.4097699780777123	0.14009724739270685	TMEM161A	0.26961926	False
2925	2.9248967107047106	0.4097699780777123	0.14009724739270685	BORCS8-MEF2B	0.26961926	False
2926	2.9248967107047106	0.4097699780777123	0.14009724739270685	MEF2B	0.26961926	False
2927	2.9248967107047106	0.4097699780777123	0.14009724739270685	BORCS8	0.26961926	False
2928	2.9248967107047106	0.4097699780777123	0.14009724739270685	RFXANK	0.26961926	False
2929	2.9248967107047106	0.4097699780777123	0.14009724739270685	NR2C2AP	0.26961926	False
2930	2.9248967107047106	0.4097699780777123	0.14009724739270685	NCAN	0.26961926	False
2931	2.9248967107047106	0.4097699780777123	0.14009724739270685	HAPLN4	0.26961926	False
2932	2.9248967107047106	0.4097699780777123	0.14009724739270685	TM6SF2	0.26961926	False
2933	2.9248967107047106	0.4097699780777123	0.14009724739270685	SUGP1	0.26961926	False
2934	2.9248967107047106	0.4097699780777123	0.14009724739270685	MAU2	0.26961926	False
2935	2.9248967107047106	0.4097699780777123	0.14009724739270685	GATAD2A	0.26961926	False
2936	2.9248967107047106	0.4097699780777123	0.14009724739270685	MIR640	0.26961926	False
2937	2.9248967107047106	0.4097699780777123	0.14009724739270685	TSSK6	0.26961926	False
2938	2.9248967107047106	0.4097699780777123	0.14009724739270685	NDUFA13	0.26961926	False
2939	2.9248967107047106	0.4097699780777123	0.14009724739270685	YJEFN3	0.26961926	False
2940	2.9248967107047106	0.4097699780777123	0.14009724739270685	CILP2	0.26961926	False
2941	2.9248967107047106	0.4097699780777123	0.14009724739270685	PBX4	0.26961926	False
2942	2.9248967107047106	0.4097699780777123	0.14009724739270685	LPAR2	0.26961926	False
2943	2.9248967107047106	0.4097699780777123	0.14009724739270685	GMIP	0.26961926	False
2944	2.9248967107047106	0.4097699780777123	0.14009724739270685	ATP13A1	0.26961926	False
2945	2.9248967107047106	0.4097699780777123	0.14009724739270685	ZNF101	0.26961926	False
2946	2.9248967107047106	0.4097699780777123	0.14009724739270685	ZNF14	0.26961926	False
2947	2.9248967107047106	0.4097699780777123	0.14009724739270685	LINC00663	0.26961926	False
2948	2.9248967107047106	0.4097699780777123	0.14009724739270685	ZNF506	0.26961926	False
2949	2.9248967107047106	0.4097699780777123	0.14009724739270685	ZNF253	0.26961926	False
2950	2.957016915008919	0.3359818962609472	0.11362190542624401	PSG6	0.26961896	False
2951	2.957016915008919	0.3359818962609472	0.11362190542624401	PSG7	0.26961896	False
2952	2.957016915008919	0.3359818962609472	0.11362190542624401	PSG11	0.26961896	False
2953	2.957016915008919	0.3359818962609472	0.11362190542624401	PSG2	0.26961896	False
2954	3.0642845816286264	0.42351032321262033	0.13820854817196196	PSG5	0.26961967	False
2955	3.0642845816286264	0.42351032321262033	0.13820854817196196	PSG4	0.26961967	False
2956	3.0642845816286264	0.42351032321262033	0.13820854817196196	LOC284344	0.26961967	False
2957	3.0642845816286264	0.42351032321262033	0.13820854817196196	PSG9	0.26961967	False
2958	3.0642845816286264	0.42351032321262033	0.13820854817196196	CD177	0.26961967	False
2959	3.0642845816286264	0.42351032321262033	0.13820854817196196	TEX101	0.26961967	False
2960	3.0642845816286264	0.42351032321262033	0.13820854817196196	LYPD3	0.26961967	False
2961	3.0642845816286264	0.42351032321262033	0.13820854817196196	PHLDB3	0.26961967	False
2962	3.0642845816286264	0.42351032321262033	0.13820854817196196	ETHE1	0.26961967	False
2963	3.0642845816286264	0.42351032321262033	0.13820854817196196	ZNF575	0.26961967	False
2964	3.0642845816286264	0.42351032321262033	0.13820854817196196	XRCC1	0.26961967	False
2965	3.0642845816286264	0.42351032321262033	0.13820854817196196	PINLYP	0.26961967	False
2966	3.0642845816286264	0.42351032321262033	0.13820854817196196	IRGQ	0.26961967	False
2967	3.0642845816286264	0.42351032321262033	0.13820854817196196	ZNF576	0.26961967	False
2968	3.0642845816286264	0.42351032321262033	0.13820854817196196	ZNF428	0.26961967	False
2969	3.0642845816286264	0.42351032321262033	0.13820854817196196	SRRM5	0.26961967	False
2970	3.0642845816286264	0.42351032321262033	0.13820854817196196	CADM4	0.26961967	False
2971	3.0642845816286264	0.42351032321262033	0.13820854817196196	PLAUR	0.26961967	False
2972	3.0642845816286264	0.42351032321262033	0.13820854817196196	IRGC	0.26961967	False
2973	3.0642845816286264	0.42351032321262033	0.13820854817196196	SMG9	0.26961967	False
2974	3.0642845816286264	0.42351032321262033	0.13820854817196196	KCNN4	0.26961967	False
2975	3.0642845816286264	0.42351032321262033	0.13820854817196196	LYPD5	0.26961967	False
2976	3.0642845816286264	0.42351032321262033	0.13820854817196196	ZNF283	0.26961967	False
2977	3.0642845816286264	0.42351032321262033	0.13820854817196196	ZNF404	0.26961967	False
2978	3.1431347733961053	0.43820069283460344	0.139415177657538	LOC100505715	0.2696199	False
2979	3.1431347733961053	0.43820069283460344	0.139415177657538	ZNF45	0.2696199	False
2980	3.1431347733961053	0.43820069283460344	0.139415177657538	ZNF221	0.2696199	False
2981	3.1431347733961053	0.43820069283460344	0.139415177657538	ZNF155	0.2696199	False
2982	3.1431347733961053	0.43820069283460344	0.139415177657538	LOC101928063	0.2696199	False
2983	3.1431347733961053	0.43820069283460344	0.139415177657538	ZNF230	0.2696199	False
2984	3.1431347733961053	0.43820069283460344	0.139415177657538	ZNF222	0.2696199	False
2985	3.1431347733961053	0.43820069283460344	0.139415177657538	ZNF284	0.2696199	False
2986	3.1431347733961053	0.43820069283460344	0.139415177657538	ZNF223	0.2696199	False
2987	3.1431347733961053	0.43820069283460344	0.139415177657538	ZNF224	0.2696199	False
2988	3.3986628665948917	0.6805112081109516	0.200229100332259	LOC100379224	0.26962188	False
2989	3.3986628665948917	0.6805112081109516	0.200229100332259	ZNF225	0.26962188	False
2990	3.3986628665948917	0.6805112081109516	0.200229100332259	ZNF234	0.26962188	False
2991	3.3986628665948917	0.6805112081109516	0.200229100332259	ZNF226	0.26962188	False
2992	3.3986628665948917	0.6805112081109516	0.200229100332259	ZNF227	0.26962188	False
2993	3.3986628665948917	0.6805112081109516	0.200229100332259	ZNF235	0.26962188	False
2994	3.3986628665948917	0.6805112081109516	0.200229100332259	ZNF233	0.26962188	False
2995	3.3986628665948917	0.6805112081109516	0.200229100332259	ZNF112	0.26962188	False
2996	3.3986628665948917	0.6805112081109516	0.200229100332259	ZNF285	0.26962188	False
2997	3.3986628665948917	0.6805112081109516	0.200229100332259	ZNF229	0.26962188	False
2998	3.3986628665948917	0.6805112081109516	0.200229100332259	ZNF180	0.26962188	False
2999	3.3986628665948917	0.6805112081109516	0.200229100332259	CEACAM20	0.26962188	False
3000	3.3986628665948917	0.6805112081109516	0.200229100332259	IGSF23	0.26962188	False
3001	3.3986628665948917	0.6805112081109516	0.200229100332259	PVR	0.26962188	False
3002	3.3986628665948917	0.6805112081109516	0.200229100332259	CEACAM19	0.26962188	False
3003	3.3986628665948917	0.6805112081109516	0.200229100332259	CEACAM16	0.26962188	False
3004	3.3986628665948917	0.6805112081109516	0.200229100332259	BCL3	0.26962188	False
3005	3.3986628665948917	0.6805112081109516	0.200229100332259	MIR8085	0.26962188	False
3006	3.3986628665948917	0.6805112081109516	0.200229100332259	CBLC	0.26962188	False
3007	3.3986628665948917	0.6805112081109516	0.200229100332259	BCAM	0.26962188	False
3008	3.3986628665948917	0.6805112081109516	0.200229100332259	NECTIN2	0.26962188	False
3009	3.3227307721093227	0.5475386007209073	0.16478572543911557	TOMM40	0.26962087	False
3010	3.3227307721093227	0.5475386007209073	0.16478572543911557	APOE	0.26962087	False
3011	3.3227307721093227	0.5475386007209073	0.16478572543911557	APOC1	0.26962087	False
3012	3.3227307721093227	0.5475386007209073	0.16478572543911557	APOC4	0.26962087	False
3013	3.3227307721093227	0.5475386007209073	0.16478572543911557	APOC4-APOC2	0.26962087	False
3014	3.3227307721093227	0.5475386007209073	0.16478572543911557	APOC2	0.26962087	False
3015	3.3227307721093227	0.5475386007209073	0.16478572543911557	CLPTM1	0.26962087	False
3016	3.3227307721093227	0.5475386007209073	0.16478572543911557	RELB	0.26962087	False
3017	3.3227307721093227	0.5475386007209073	0.16478572543911557	CLASRP	0.26962087	False
3018	3.3227307721093227	0.5475386007209073	0.16478572543911557	ZNF296	0.26962087	False
3019	3.3227307721093227	0.5475386007209073	0.16478572543911557	GEMIN7-AS1	0.26962087	False
3020	3.3227307721093227	0.5475386007209073	0.16478572543911557	GEMIN7	0.26962087	False
3021	3.3227307721093227	0.5475386007209073	0.16478572543911557	MARK4	0.26962087	False
3022	3.3227307721093227	0.5475386007209073	0.16478572543911557	PPP1R37	0.26962087	False
3023	3.392779278597729	0.6135222773658464	0.1808317685845516	NKPD1	0.26962164	False
3024	3.392779278597729	0.6135222773658464	0.1808317685845516	TRAPPC6A	0.26962164	False
3025	3.392779278597729	0.6135222773658464	0.1808317685845516	BLOC1S3	0.26962164	False
3026	3.392779278597729	0.6135222773658464	0.1808317685845516	EXOC3L2	0.26962164	False
3027	3.392779278597729	0.6135222773658464	0.1808317685845516	CKM	0.26962164	False
3028	3.392779278597729	0.6135222773658464	0.1808317685845516	KLC3	0.26962164	False
3029	3.392779278597729	0.6135222773658464	0.1808317685845516	ERCC2	0.26962164	False
3030	3.392779278597729	0.6135222773658464	0.1808317685845516	PPP1R13L	0.26962164	False
3031	3.392779278597729	0.6135222773658464	0.1808317685845516	CD3EAP	0.26962164	False
3032	3.392779278597729	0.6135222773658464	0.1808317685845516	ERCC1	0.26962164	False
3033	3.392779278597729	0.6135222773658464	0.1808317685845516	MIR6088	0.26962164	False
3034	3.392779278597729	0.6135222773658464	0.1808317685845516	FOSB	0.26962164	False
3035	3.392779278597729	0.6135222773658464	0.1808317685845516	RTN2	0.26962164	False
3036	3.392779278597729	0.6135222773658464	0.1808317685845516	PPM1N	0.26962164	False
3037	3.392779278597729	0.6135222773658464	0.1808317685845516	VASP	0.26962164	False
3038	3.392779278597729	0.6135222773658464	0.1808317685845516	OPA3	0.26962164	False
3039	3.392779278597729	0.6135222773658464	0.1808317685845516	GPR4	0.26962164	False
3040	3.392779278597729	0.6135222773658464	0.1808317685845516	EML2	0.26962164	False
3041	3.392779278597729	0.6135222773658464	0.1808317685845516	MIR330	0.26962164	False
3042	3.392779278597729	0.6135222773658464	0.1808317685845516	EML2-AS1	0.26962164	False
3043	3.392779278597729	0.6135222773658464	0.1808317685845516	GIPR	0.26962164	False
3044	3.392779278597729	0.6135222773658464	0.1808317685845516	MIR642A	0.26962164	False
3045	3.392779278597729	0.6135222773658464	0.1808317685845516	SNRPD2	0.26962164	False
3046	3.392779278597729	0.6135222773658464	0.1808317685845516	QPCTL	0.26962164	False
3047	3.392779278597729	0.6135222773658464	0.1808317685845516	FBXO46	0.26962164	False
3048	3.392779278597729	0.6135222773658464	0.1808317685845516	BHMG1	0.26962164	False
3049	3.392779278597729	0.6135222773658464	0.1808317685845516	SIX5	0.26962164	False
3050	3.392779278597729	0.6135222773658464	0.1808317685845516	DMPK	0.26962164	False
3051	3.392779278597729	0.6135222773658464	0.1808317685845516	DMWD	0.26962164	False
3052	3.392779278597729	0.6135222773658464	0.1808317685845516	RSPH6A	0.26962164	False
3053	3.392779278597729	0.6135222773658464	0.1808317685845516	SYMPK	0.26962164	False
3054	3.392779278597729	0.6135222773658464	0.1808317685845516	FOXA3	0.26962164	False
3055	3.392779278597729	0.6135222773658464	0.1808317685845516	IRF2BP1	0.26962164	False
3056	3.2745428541243085	0.4811689339534744	0.1469423230627258	MYPOP	0.26962057	False
3057	3.2745428541243085	0.4811689339534744	0.1469423230627258	NANOS2	0.26962057	False
3058	3.2745428541243085	0.4811689339534744	0.1469423230627258	NOVA2	0.26962057	False
3059	3.2745428541243085	0.4811689339534744	0.1469423230627258	CCDC61	0.26962057	False
3060	3.2745428541243085	0.4811689339534744	0.1469423230627258	MIR769	0.26962057	False
3061	3.2745428541243085	0.4811689339534744	0.1469423230627258	PGLYRP1	0.26962057	False
3062	3.2745428541243085	0.4811689339534744	0.1469423230627258	IGFL4	0.26962057	False
3063	3.2745428541243085	0.4811689339534744	0.1469423230627258	LOC400706	0.26962057	False
3064	3.218059281973008	0.45575766758979486	0.14162500676816855	IGFL3	0.26962	False
3065	3.218059281973008	0.45575766758979486	0.14162500676816855	IGFL2	0.26962	False
3066	3.218059281973008	0.45575766758979486	0.14162500676816855	IGFL2-AS1	0.26962	False
3067	3.218059281973008	0.45575766758979486	0.14162500676816855	LOC93429	0.26962	False
3068	3.218059281973008	0.45575766758979486	0.14162500676816855	IGFL1	0.26962	False
3069	3.218059281973008	0.45575766758979486	0.14162500676816855	HIF3A	0.26962	False
3070	3.218059281973008	0.45575766758979486	0.14162500676816855	PPP5C	0.26962	False
3071	3.218059281973008	0.45575766758979486	0.14162500676816855	CCDC8	0.26962	False
3072	3.218059281973008	0.45575766758979486	0.14162500676816855	PNMA8A	0.26962	False
3073	3.218059281973008	0.45575766758979486	0.14162500676816855	PPP5D1	0.26962	False
3074	3.218059281973008	0.45575766758979486	0.14162500676816855	PNMA8B	0.26962	False
3075	3.218059281973008	0.45575766758979486	0.14162500676816855	CALM3	0.26962	False
3076	3.218059281973008	0.45575766758979486	0.14162500676816855	PTGIR	0.26962	False
3077	3.218059281973008	0.45575766758979486	0.14162500676816855	GNG8	0.26962	False
3078	3.218059281973008	0.45575766758979486	0.14162500676816855	DACT3	0.26962	False
3079	3.218059281973008	0.45575766758979486	0.14162500676816855	DACT3-AS1	0.26962	False
3080	3.218059281973008	0.45575766758979486	0.14162500676816855	PRKD2	0.26962	False
3081	3.218059281973008	0.45575766758979486	0.14162500676816855	MIR320E	0.26962	False
3082	3.218059281973008	0.45575766758979486	0.14162500676816855	STRN4	0.26962	False
3083	3.218059281973008	0.45575766758979486	0.14162500676816855	FKRP	0.26962	False
3084	3.218059281973008	0.45575766758979486	0.14162500676816855	SLC1A5	0.26962	False
3085	3.218059281973008	0.45575766758979486	0.14162500676816855	AP2S1	0.26962	False
3086	3.2989449126744215	0.4499384131151953	0.13638858029624834	ARHGAP35	0.26962036	False
3087	3.2989449126744215	0.4499384131151953	0.13638858029624834	NPAS1	0.26962036	False
3088	3.2989449126744215	0.4499384131151953	0.13638858029624834	TMEM160	0.26962036	False
3089	3.2989449126744215	0.4499384131151953	0.13638858029624834	ZC3H4	0.26962036	False
3090	3.2768343185534636	0.48064190227268927	0.1466787318331265	SAE1	0.2696205	False
3091	3.2768343185534636	0.48064190227268927	0.1466787318331265	BBC3	0.2696205	False
3092	3.2768343185534636	0.48064190227268927	0.1466787318331265	MIR3190	0.2696205	False
3093	3.2768343185534636	0.48064190227268927	0.1466787318331265	CCDC9	0.2696205	False
3094	3.2768343185534636	0.48064190227268927	0.1466787318331265	INAFM1	0.2696205	False
3095	3.2768343185534636	0.48064190227268927	0.1466787318331265	C5AR1	0.2696205	False
3096	3.2768343185534636	0.48064190227268927	0.1466787318331265	C5AR2	0.2696205	False
3097	3.2768343185534636	0.48064190227268927	0.1466787318331265	DHX34	0.2696205	False
3098	3.2768343185534636	0.48064190227268927	0.1466787318331265	MEIS3	0.2696205	False
3099	3.2768343185534636	0.48064190227268927	0.1466787318331265	SLC8A2	0.2696205	False
3100	3.2768343185534636	0.48064190227268927	0.1466787318331265	KPTN	0.2696205	False
3101	3.2768343185534636	0.48064190227268927	0.1466787318331265	NAPA-AS1	0.2696205	False
3102	3.2768343185534636	0.48064190227268927	0.1466787318331265	NAPA	0.2696205	False
3103	3.2768343185534636	0.48064190227268927	0.1466787318331265	ZNF541	0.2696205	False
3104	3.2768343185534636	0.48064190227268927	0.1466787318331265	BICRA	0.2696205	False
3105	3.2768343185534636	0.48064190227268927	0.1466787318331265	EHD2	0.2696205	False
3106	3.2768343185534636	0.48064190227268927	0.1466787318331265	NOP53	0.2696205	False
3107	3.2768343185534636	0.48064190227268927	0.1466787318331265	SNORD23	0.2696205	False
3108	3.2768343185534636	0.48064190227268927	0.1466787318331265	NOP53-AS1	0.2696205	False
3109	3.2768343185534636	0.48064190227268927	0.1466787318331265	SELENOW	0.2696205	False
3110	3.2768343185534636	0.48064190227268927	0.1466787318331265	TPRX1	0.2696205	False
3111	3.2768343185534636	0.48064190227268927	0.1466787318331265	CRX	0.2696205	False
3112	3.2768343185534636	0.48064190227268927	0.1466787318331265	SULT2A1	0.2696205	False
3113	3.268911610600024	0.4486079229050336	0.13723464453744882	BSPH1	0.2696204	False
3114	3.268911610600024	0.4486079229050336	0.13723464453744882	ELSPBP1	0.2696204	False
3115	3.268911610600024	0.4486079229050336	0.13723464453744882	CABP5	0.2696204	False
3116	3.268911610600024	0.4486079229050336	0.13723464453744882	PLA2G4C	0.2696204	False
3117	3.268911610600024	0.4486079229050336	0.13723464453744882	PLA2G4C-AS1	0.2696204	False
3118	3.3340329212647437	0.5276941165022082	0.15827501676319108	LIG1	0.269621	False
3119	3.3340329212647437	0.5276941165022082	0.15827501676319108	ZSWIM9	0.269621	False
3120	3.3340329212647437	0.5276941165022082	0.15827501676319108	ZNF114	0.269621	False
3121	3.3340329212647437	0.5276941165022082	0.15827501676319108	CARD8	0.269621	False
3122	3.3340329212647437	0.5276941165022082	0.15827501676319108	CARD8-AS1	0.269621	False
3123	3.3340329212647437	0.5276941165022082	0.15827501676319108	CCDC114	0.269621	False
3124	3.3340329212647437	0.5276941165022082	0.15827501676319108	EMP3	0.269621	False
3125	3.3340329212647437	0.5276941165022082	0.15827501676319108	TMEM143	0.269621	False
3126	3.3340329212647437	0.5276941165022082	0.15827501676319108	SYNGR4	0.269621	False
3127	3.3340329212647437	0.5276941165022082	0.15827501676319108	KDELR1	0.269621	False
3128	3.3340329212647437	0.5276941165022082	0.15827501676319108	GRIN2D	0.269621	False
3129	3.3340329212647437	0.5276941165022082	0.15827501676319108	GRWD1	0.269621	False
3130	3.3340329212647437	0.5276941165022082	0.15827501676319108	KCNJ14	0.269621	False
3131	3.3340329212647437	0.5276941165022082	0.15827501676319108	CYTH2	0.269621	False
3132	3.3340329212647437	0.5276941165022082	0.15827501676319108	LMTK3	0.269621	False
3133	3.3340329212647437	0.5276941165022082	0.15827501676319108	SULT2B1	0.269621	False
3134	3.3340329212647437	0.5276941165022082	0.15827501676319108	FAM83E	0.269621	False
3135	3.3340329212647437	0.5276941165022082	0.15827501676319108	SPACA4	0.269621	False
3136	3.3340329212647437	0.5276941165022082	0.15827501676319108	RPL18	0.269621	False
3137	3.3340329212647437	0.5276941165022082	0.15827501676319108	SPHK2	0.269621	False
3138	3.3340329212647437	0.5276941165022082	0.15827501676319108	DBP	0.269621	False
3139	3.3340329212647437	0.5276941165022082	0.15827501676319108	CA11	0.269621	False
3140	3.3340329212647437	0.5276941165022082	0.15827501676319108	NTN5	0.269621	False
3141	3.3340329212647437	0.5276941165022082	0.15827501676319108	FUT2	0.269621	False
3142	3.3340329212647437	0.5276941165022082	0.15827501676319108	MAMSTR	0.269621	False
3143	3.3340329212647437	0.5276941165022082	0.15827501676319108	RASIP1	0.269621	False
3144	3.3340329212647437	0.5276941165022082	0.15827501676319108	IZUMO1	0.269621	False
3145	3.3340329212647437	0.5276941165022082	0.15827501676319108	FUT1	0.269621	False
3146	3.3340329212647437	0.5276941165022082	0.15827501676319108	FGF21	0.269621	False
3147	3.3340329212647437	0.5276941165022082	0.15827501676319108	BCAT2	0.269621	False
3148	3.3340329212647437	0.5276941165022082	0.15827501676319108	HSD17B14	0.269621	False
3149	3.3340329212647437	0.5276941165022082	0.15827501676319108	PLEKHA4	0.269621	False
3150	3.3340329212647437	0.5276941165022082	0.15827501676319108	PPP1R15A	0.269621	False
3151	3.3340329212647437	0.5276941165022082	0.15827501676319108	TULP2	0.269621	False
3152	3.1632099242965945	0.41771153303387604	0.13205305465989992	NUCB1	0.26961988	False
3153	3.1632099242965945	0.41771153303387604	0.13205305465989992	NUCB1-AS1	0.26961988	False
3154	3.1632099242965945	0.41771153303387604	0.13205305465989992	DHDH	0.26961988	False
3155	3.1632099242965945	0.41771153303387604	0.13205305465989992	BAX	0.26961988	False
3156	3.1632099242965945	0.41771153303387604	0.13205305465989992	FTL	0.26961988	False
3157	3.1632099242965945	0.41771153303387604	0.13205305465989992	GYS1	0.26961988	False
3158	3.1632099242965945	0.41771153303387604	0.13205305465989992	RUVBL2	0.26961988	False
3159	3.1632099242965945	0.41771153303387604	0.13205305465989992	MIR6798	0.26961988	False
3160	3.1632099242965945	0.41771153303387604	0.13205305465989992	LHB	0.26961988	False
3161	3.1632099242965945	0.41771153303387604	0.13205305465989992	LOC101059948	0.26961988	False
3162	3.1632099242965945	0.41771153303387604	0.13205305465989992	CGB3	0.26961988	False
3163	3.1632099242965945	0.41771153303387604	0.13205305465989992	CGB2	0.26961988	False
3164	3.1632099242965945	0.41771153303387604	0.13205305465989992	CGB1	0.26961988	False
3165	3.1632099242965945	0.41771153303387604	0.13205305465989992	CGB5	0.26961988	False
3166	3.1632099242965945	0.41771153303387604	0.13205305465989992	CGB8	0.26961988	False
3167	3.1632099242965945	0.41771153303387604	0.13205305465989992	CGB7	0.26961988	False
3168	3.1632099242965945	0.41771153303387604	0.13205305465989992	NTF4	0.26961988	False
3169	3.1632099242965945	0.41771153303387604	0.13205305465989992	KCNA7	0.26961988	False
3170	3.1632099242965945	0.41771153303387604	0.13205305465989992	SNRNP70	0.26961988	False
3171	3.2373799256841487	0.4824715364211591	0.14903148456361648	LIN7B	0.26962036	False
3172	3.2373799256841487	0.4824715364211591	0.14903148456361648	C19orf73	0.26962036	False
3173	3.2373799256841487	0.4824715364211591	0.14903148456361648	PPFIA3	0.26962036	False
3174	3.2373799256841487	0.4824715364211591	0.14903148456361648	HRC	0.26962036	False
3175	3.2373799256841487	0.4824715364211591	0.14903148456361648	TRPM4	0.26962036	False
3176	3.2373799256841487	0.4824715364211591	0.14903148456361648	SLC6A16	0.26962036	False
3177	3.2373799256841487	0.4824715364211591	0.14903148456361648	MIR4324	0.26962036	False
3178	3.2373799256841487	0.4824715364211591	0.14903148456361648	CD37	0.26962036	False
3179	3.2373799256841487	0.4824715364211591	0.14903148456361648	TEAD2	0.26962036	False
3180	3.2373799256841487	0.4824715364211591	0.14903148456361648	DKKL1	0.26962036	False
3181	3.2373799256841487	0.4824715364211591	0.14903148456361648	LOC101928295	0.26962036	False
3182	3.2373799256841487	0.4824715364211591	0.14903148456361648	CCDC155	0.26962036	False
3183	3.2373799256841487	0.4824715364211591	0.14903148456361648	PTH2	0.26962036	False
3184	3.2373799256841487	0.4824715364211591	0.14903148456361648	GFY	0.26962036	False
3185	3.2373799256841487	0.4824715364211591	0.14903148456361648	SLC17A7	0.26962036	False
3186	3.2373799256841487	0.4824715364211591	0.14903148456361648	PIH1D1	0.26962036	False
3187	3.2373799256841487	0.4824715364211591	0.14903148456361648	ALDH16A1	0.26962036	False
3188	3.2373799256841487	0.4824715364211591	0.14903148456361648	FLT3LG	0.26962036	False
3189	3.2373799256841487	0.4824715364211591	0.14903148456361648	RPL13A	0.26962036	False
3190	3.2373799256841487	0.4824715364211591	0.14903148456361648	SNORD32A	0.26962036	False
3191	3.2373799256841487	0.4824715364211591	0.14903148456361648	SNORD33	0.26962036	False
3192	3.2373799256841487	0.4824715364211591	0.14903148456361648	SNORD34	0.26962036	False
3193	3.2373799256841487	0.4824715364211591	0.14903148456361648	SNORD35A	0.26962036	False
3194	3.2373799256841487	0.4824715364211591	0.14903148456361648	RPS11	0.26962036	False
3195	3.2373799256841487	0.4824715364211591	0.14903148456361648	SNORD35B	0.26962036	False
3196	3.2373799256841487	0.4824715364211591	0.14903148456361648	MIR150	0.26962036	False
3197	3.2373799256841487	0.4824715364211591	0.14903148456361648	FCGRT	0.26962036	False
3198	3.2373799256841487	0.4824715364211591	0.14903148456361648	RCN3	0.26962036	False
3199	3.2373799256841487	0.4824715364211591	0.14903148456361648	NOSIP	0.26962036	False
3200	3.2373799256841487	0.4824715364211591	0.14903148456361648	PRRG2	0.26962036	False
3201	3.2373799256841487	0.4824715364211591	0.14903148456361648	PRR12	0.26962036	False
3202	3.2373799256841487	0.4824715364211591	0.14903148456361648	RRAS	0.26962036	False
3203	3.2373799256841487	0.4824715364211591	0.14903148456361648	SCAF1	0.26962036	False
3204	3.2373799256841487	0.4824715364211591	0.14903148456361648	IRF3	0.26962036	False
3205	3.2373799256841487	0.4824715364211591	0.14903148456361648	BCL2L12	0.26962036	False
3206	3.2373799256841487	0.4824715364211591	0.14903148456361648	PRMT1	0.26962036	False
3207	3.2373799256841487	0.4824715364211591	0.14903148456361648	MIR5088	0.26962036	False
3208	3.2373799256841487	0.4824715364211591	0.14903148456361648	ADM5	0.26962036	False
3209	3.2373799256841487	0.4824715364211591	0.14903148456361648	CPT1C	0.26962036	False
3210	3.2373799256841487	0.4824715364211591	0.14903148456361648	TSKS	0.26962036	False
3211	3.2373799256841487	0.4824715364211591	0.14903148456361648	AP2A1	0.26962036	False
3212	3.2373799256841487	0.4824715364211591	0.14903148456361648	MIR6799	0.26962036	False
3213	3.2373799256841487	0.4824715364211591	0.14903148456361648	FUZ	0.26962036	False
3214	3.2373799256841487	0.4824715364211591	0.14903148456361648	MED25	0.26962036	False
3215	3.2373799256841487	0.4824715364211591	0.14903148456361648	MIR6800	0.26962036	False
3216	3.2373799256841487	0.4824715364211591	0.14903148456361648	PTOV1-AS1	0.26962036	False
3217	3.2373799256841487	0.4824715364211591	0.14903148456361648	PTOV1	0.26962036	False
3218	3.2373799256841487	0.4824715364211591	0.14903148456361648	MIR4749	0.26962036	False
3219	3.2373799256841487	0.4824715364211591	0.14903148456361648	PTOV1-AS2	0.26962036	False
3220	3.2373799256841487	0.4824715364211591	0.14903148456361648	PNKP	0.26962036	False
3221	3.2373799256841487	0.4824715364211591	0.14903148456361648	AKT1S1	0.26962036	False
3222	3.2373799256841487	0.4824715364211591	0.14903148456361648	TBC1D17	0.26962036	False
3223	3.2373799256841487	0.4824715364211591	0.14903148456361648	MIR4750	0.26962036	False
3224	2.961135223355292	0.3354008620546806	0.11326766147296527	IL4I1	0.26961896	False
3225	2.961135223355292	0.3354008620546806	0.11326766147296527	NUP62	0.26961896	False
3226	2.961135223355292	0.3354008620546806	0.11326766147296527	ATF5	0.26961896	False
3227	2.961135223355292	0.3354008620546806	0.11326766147296527	MIR4751	0.26961896	False
3228	2.961135223355292	0.3354008620546806	0.11326766147296527	SIGLEC11	0.26961896	False
3229	2.961135223355292	0.3354008620546806	0.11326766147296527	VRK3	0.26961896	False
3230	2.961135223355292	0.3354008620546806	0.11326766147296527	ZNF473	0.26961896	False
3231	2.961135223355292	0.3354008620546806	0.11326766147296527	LOC400710	0.26961896	False
