	mean	var	dispersion	gene	proba	pred
0	2.8715452124436056	0.42540297089092177	0.14814427056466772	PKN2-AS1	0.2696192	False
1	2.8715452124436056	0.42540297089092177	0.14814427056466772	PKN2	0.2696192	False
2	2.8715452124436056	0.42540297089092177	0.14814427056466772	GTF2B	0.2696192	False
3	2.8018627744493143	0.36131288609422263	0.12895452603500043	KYAT3	0.26961887	False
4	2.8018627744493143	0.36131288609422263	0.12895452603500043	RBMXL1	0.26961887	False
5	2.8018627744493143	0.36131288609422263	0.12895452603500043	GBP3	0.26961887	False
6	2.8018627744493143	0.36131288609422263	0.12895452603500043	GBP1	0.26961887	False
7	2.8759781312208186	0.43446894684366133	0.15106823731626723	GBP2	0.26961935	False
8	2.8759781312208186	0.43446894684366133	0.15106823731626723	GBP7	0.26961935	False
9	2.8759781312208186	0.43446894684366133	0.15106823731626723	GBP4	0.26961935	False
10	2.8759781312208186	0.43446894684366133	0.15106823731626723	GBP5	0.26961935	False
11	2.8759781312208186	0.43446894684366133	0.15106823731626723	GBP6	0.26961935	False
12	2.8759781312208186	0.43446894684366133	0.15106823731626723	LRRC8B	0.26961935	False
13	2.8759781312208186	0.43446894684366133	0.15106823731626723	LRRC8C-DT	0.26961935	False
14	2.8759781312208186	0.43446894684366133	0.15106823731626723	LRRC8C	0.26961935	False
15	2.8172646149802154	0.3197550349481633	0.11349840311340752	TGFBR3	0.26961872	False
16	2.8172646149802154	0.3197550349481633	0.11349840311340752	BRDT	0.26961872	False
17	2.8172646149802154	0.3197550349481633	0.11349840311340752	EPHX4	0.26961872	False
18	2.8172646149802154	0.3197550349481633	0.11349840311340752	SETSIP	0.26961872	False
19	2.8172646149802154	0.3197550349481633	0.11349840311340752	BTBD8	0.26961872	False
20	2.90084983389237	0.3835599797153991	0.13222331443497615	KIAA1107	0.2696191	False
21	2.90084983389237	0.3835599797153991	0.13222331443497615	C1orf146	0.2696191	False
22	2.90084983389237	0.3835599797153991	0.13222331443497615	GLMN	0.2696191	False
23	2.90084983389237	0.3835599797153991	0.13222331443497615	RPAP2	0.2696191	False
24	2.90084983389237	0.3835599797153991	0.13222331443497615	GFI1	0.2696191	False
25	2.90084983389237	0.3835599797153991	0.13222331443497615	EVI5	0.2696191	False
26	2.90084983389237	0.3835599797153991	0.13222331443497615	RPL5	0.2696191	False
27	2.948802010801966	0.37266225285458476	0.12637750906621034	DIPK1A	0.26961917	False
28	2.90084983389237	0.3835599797153991	0.13222331443497615	SNORD21	0.2696191	False
29	2.90084983389237	0.3835599797153991	0.13222331443497615	SNORA66	0.2696191	False
30	2.948802010801966	0.37266225285458476	0.12637750906621034	MTF2	0.26961917	False
31	3.1387073011373494	0.5069618888971417	0.1615193263524247	TMED5	0.26962018	False
32	3.1387073011373494	0.5069618888971417	0.1615193263524247	CCDC18	0.26962018	False
33	3.1387073011373494	0.5069618888971417	0.1615193263524247	CCDC18-AS1	0.26962018	False
34	3.1387073011373494	0.5069618888971417	0.1615193263524247	DR1	0.26962018	False
35	3.1387073011373494	0.5069618888971417	0.1615193263524247	FNBP1L	0.26962018	False
36	3.1387073011373494	0.5069618888971417	0.1615193263524247	BCAR3	0.26962018	False
37	3.1387073011373494	0.5069618888971417	0.1615193263524247	LOC100129046	0.26962018	False
38	3.1387073011373494	0.5069618888971417	0.1615193263524247	MIR760	0.26962018	False
39	3.1387073011373494	0.5069618888971417	0.1615193263524247	DNTTIP2	0.26962018	False
40	3.044753708341981	0.44460633913658615	0.1460237450137457	GCLM	0.26961964	False
41	3.044753708341981	0.44460633913658615	0.1460237450137457	ABCA4	0.26961964	False
42	3.135248401610003	0.5457999403571805	0.1740850709235361	ARHGAP29	0.26962027	False
43	3.135248401610003	0.5457999403571805	0.1740850709235361	ABCD3	0.26962027	False
44	3.135248401610003	0.5457999403571805	0.1740850709235361	F3	0.26962027	False
45	3.135248401610003	0.5457999403571805	0.1740850709235361	MIR378G	0.26962027	False
46	3.135248401610003	0.5457999403571805	0.1740850709235361	SLC44A3	0.26962027	False
47	3.016280168902066	0.45886173750137066	0.15212835406745306	CNN3	0.26961958	False
48	3.016280168902066	0.45886173750137066	0.15212835406745306	LOC729970	0.26961958	False
49	3.016280168902066	0.45886173750137066	0.15212835406745306	ALG14	0.26961958	False
50	3.016280168902066	0.45886173750137066	0.15212835406745306	LOC101928098	0.26961958	False
51	2.960441424414747	0.4714099152527786	0.15923635960673405	TMEM56	0.2696195	False
52	2.960441424414747	0.4714099152527786	0.15923635960673405	TMEM56-RWDD3	0.2696195	False
53	2.960441424414747	0.4714099152527786	0.15923635960673405	RWDD3	0.2696195	False
54	2.960441424414747	0.4714099152527786	0.15923635960673405	LOC101928118	0.2696195	False
55	2.960441424414747	0.4714099152527786	0.15923635960673405	LINC01761	0.2696195	False
56	2.960441424414747	0.4714099152527786	0.15923635960673405	LINC02607	0.2696195	False
57	2.8880281851964917	0.4274949565562898	0.14802312482528782	DPYD	0.2696193	False
58	2.949153469347029	0.5250044572214054	0.17801869678136703	MIR137HG	0.26961982	False
59	2.949153469347029	0.5250044572214054	0.17801869678136703	MIR2682	0.26961982	False
60	2.949153469347029	0.5250044572214054	0.17801869678136703	MIR137	0.26961982	False
61	3.0310578675558406	0.6161309636342533	0.20327258355218533	LINC01776	0.26962036	False
62	3.0310578675558406	0.6161309636342533	0.20327258355218533	SNX7	0.26962036	False
63	3.021560899708009	0.5433621057166487	0.1798282820542048	PLPPR5	0.26961994	False
64	3.021560899708009	0.5433621057166487	0.1798282820542048	LOC100129620	0.26961994	False
65	3.1270921401991316	0.6503779575724665	0.20798170581921221	PLPPR4	0.26962063	False
66	3.1270921401991316	0.6503779575724665	0.20798170581921221	LINC01708	0.26962063	False
67	3.1270921401991316	0.6503779575724665	0.20798170581921221	PALMD	0.26962063	False
68	3.1270921401991316	0.6503779575724665	0.20798170581921221	FRRS1	0.26962063	False
69	3.130626306090452	0.6262469596957042	0.20003887352424563	AGL	0.26962063	False
70	3.130626306090452	0.6262469596957042	0.20003887352424563	SLC35A3	0.26962063	False
71	3.130626306090452	0.6262469596957042	0.20003887352424563	MFSD14A	0.26962063	False
72	3.130626306090452	0.6262469596957042	0.20003887352424563	SASS6	0.26962063	False
73	3.253194697145856	0.7795087199886698	0.2396133009415516	TRMT13	0.26962182	False
74	3.253194697145856	0.7795087199886698	0.2396133009415516	LRRC39	0.26962182	False
75	3.253194697145856	0.7795087199886698	0.2396133009415516	DBT	0.26962182	False
76	3.253194697145856	0.7795087199886698	0.2396133009415516	RTCA-AS1	0.26962182	False
77	3.253194697145856	0.7795087199886698	0.2396133009415516	RTCA	0.26962182	False
78	3.253194697145856	0.7795087199886698	0.2396133009415516	MIR553	0.26962182	False
79	3.253194697145856	0.7795087199886698	0.2396133009415516	CDC14A	0.26962182	False
80	3.253194697145856	0.7795087199886698	0.2396133009415516	GPR88	0.26962182	False
81	3.253194697145856	0.7795087199886698	0.2396133009415516	LINC01349	0.26962182	False
82	3.253194697145856	0.7795087199886698	0.2396133009415516	VCAM1	0.26962182	False
83	3.253194697145856	0.7795087199886698	0.2396133009415516	EXTL2	0.26962182	False
84	3.0493419368141192	0.6387856109671118	0.20948310297876926	SLC30A7	0.2696204	False
85	3.0493419368141192	0.6387856109671118	0.20948310297876926	DPH5	0.2696204	False
86	3.0493419368141192	0.6387856109671118	0.20948310297876926	LOC102606465	0.2696204	False
87	3.03940138650339	0.7496549847165679	0.246645602007503	LOC101928370	0.26962093	False
88	3.03940138650339	0.7496549847165679	0.246645602007503	S1PR1	0.26962093	False
89	3.03940138650339	0.7496549847165679	0.246645602007503	LINC01307	0.26962093	False
90	2.7729931781864225	0.31173329009332346	0.11241761881909912	AKNAD1	0.26961866	False
91	2.7729931781864225	0.31173329009332346	0.11241761881909912	GPSM2	0.26961866	False
92	2.7729931781864225	0.31173329009332346	0.11241761881909912	CLCC1	0.26961866	False
93	2.7729931781864225	0.31173329009332346	0.11241761881909912	WDR47	0.26961866	False
94	2.7729931781864225	0.31173329009332346	0.11241761881909912	TAF13	0.26961866	False
95	2.977516064921318	0.3759779001449055	0.12627233302764426	SCARNA2	0.2696192	False
96	2.977516064921318	0.3759779001449055	0.12627233302764426	C1orf194	0.2696192	False
97	2.977516064921318	0.3759779001449055	0.12627233302764426	KIAA1324	0.2696192	False
98	2.977516064921318	0.3759779001449055	0.12627233302764426	SARS	0.2696192	False
99	2.977516064921318	0.3759779001449055	0.12627233302764426	CELSR2	0.2696192	False
100	2.977516064921318	0.3759779001449055	0.12627233302764426	PSRC1	0.2696192	False
101	2.977516064921318	0.3759779001449055	0.12627233302764426	MYBPHL	0.2696192	False
102	2.977516064921318	0.3759779001449055	0.12627233302764426	SORT1	0.2696192	False
103	2.977516064921318	0.3759779001449055	0.12627233302764426	PSMA5	0.2696192	False
104	2.977516064921318	0.3759779001449055	0.12627233302764426	SYPL2	0.2696192	False
105	2.977516064921318	0.3759779001449055	0.12627233302764426	ATXN7L2	0.2696192	False
106	2.977516064921318	0.3759779001449055	0.12627233302764426	CYB561D1	0.2696192	False
107	2.977516064921318	0.3759779001449055	0.12627233302764426	AMIGO1	0.2696192	False
108	2.977516064921318	0.3759779001449055	0.12627233302764426	GPR61	0.2696192	False
109	2.977516064921318	0.3759779001449055	0.12627233302764426	GNAI3	0.2696192	False
110	2.977516064921318	0.3759779001449055	0.12627233302764426	MIR197	0.2696192	False
111	2.977516064921318	0.3759779001449055	0.12627233302764426	GNAT2	0.2696192	False
112	2.977516064921318	0.3759779001449055	0.12627233302764426	AMPD2	0.2696192	False
113	2.977516064921318	0.3759779001449055	0.12627233302764426	GSTM4	0.2696192	False
114	2.977516064921318	0.3759779001449055	0.12627233302764426	GSTM2	0.2696192	False
115	2.977516064921318	0.3759779001449055	0.12627233302764426	GSTM1	0.2696192	False
116	2.977516064921318	0.3759779001449055	0.12627233302764426	GSTM5	0.2696192	False
117	2.977516064921318	0.3759779001449055	0.12627233302764426	GSTM3	0.2696192	False
118	2.977516064921318	0.3759779001449055	0.12627233302764426	EPS8L3	0.2696192	False
119	2.864935493705944	0.2989367522171967	0.10434327504892836	CSF1	0.2696187	False
120	2.864935493705944	0.2989367522171967	0.10434327504892836	AHCYL1	0.2696187	False
121	2.864935493705944	0.2989367522171967	0.10434327504892836	STRIP1	0.2696187	False
122	2.864935493705944	0.2989367522171967	0.10434327504892836	ALX3	0.2696187	False
123	2.864935493705944	0.2989367522171967	0.10434327504892836	LINC01397	0.2696187	False
124	2.8762147473519897	0.30912921226067286	0.10747779265970149	UBL4B	0.26961872	False
125	2.8762147473519897	0.30912921226067286	0.10747779265970149	SLC6A17	0.26961872	False
126	2.8762147473519897	0.30912921226067286	0.10747779265970149	LINC02586	0.26961872	False
127	2.8762147473519897	0.30912921226067286	0.10747779265970149	KCNC4	0.26961872	False
128	2.8762147473519897	0.30912921226067286	0.10747779265970149	RBM15-AS1	0.26961872	False
129	2.8762147473519897	0.30912921226067286	0.10747779265970149	RBM15	0.26961872	False
130	2.8762147473519897	0.30912921226067286	0.10747779265970149	SLC16A4	0.26961872	False
131	2.8762147473519897	0.30912921226067286	0.10747779265970149	LAMTOR5-AS1	0.26961872	False
132	2.8762147473519897	0.30912921226067286	0.10747779265970149	LAMTOR5	0.26961872	False
133	2.8762147473519897	0.30912921226067286	0.10747779265970149	PROK1	0.26961872	False
134	2.8762147473519897	0.30912921226067286	0.10747779265970149	CYMP-AS1	0.26961872	False
135	2.8762147473519897	0.30912921226067286	0.10747779265970149	KCNA10	0.26961872	False
136	2.8762147473519897	0.30912921226067286	0.10747779265970149	KCNA2	0.26961872	False
137	2.8762147473519897	0.30912921226067286	0.10747779265970149	KCNA3	0.26961872	False
138	2.8762147473519897	0.30912921226067286	0.10747779265970149	CD53	0.26961872	False
139	2.818141984428651	0.2717870518102006	0.09644192993537286	LRIF1	0.26961845	False
140	2.8231596279906084	0.3027382173828051	0.10723382921081223	DRAM2	0.26961863	False
141	2.8231596279906084	0.3027382173828051	0.10723382921081223	CEPT1	0.26961863	False
142	2.8231596279906084	0.3027382173828051	0.10723382921081223	DENND2D	0.26961863	False
143	2.8231596279906084	0.3027382173828051	0.10723382921081223	CHI3L2	0.26961863	False
144	2.8231596279906084	0.3027382173828051	0.10723382921081223	CHIA	0.26961863	False
145	2.8231596279906084	0.3027382173828051	0.10723382921081223	PIFO	0.26961863	False
146	2.8231596279906084	0.3027382173828051	0.10723382921081223	OVGP1	0.26961863	False
147	2.8231596279906084	0.3027382173828051	0.10723382921081223	WDR77	0.26961863	False
148	2.8231596279906084	0.3027382173828051	0.10723382921081223	ATP5PB	0.26961863	False
149	2.8231596279906084	0.3027382173828051	0.10723382921081223	C1orf162	0.26961863	False
150	2.8231596279906084	0.3027382173828051	0.10723382921081223	TMIGD3	0.26961863	False
151	2.8231596279906084	0.3027382173828051	0.10723382921081223	ADORA3	0.26961863	False
152	2.8231596279906084	0.3027382173828051	0.10723382921081223	RAP1A	0.26961863	False
153	2.8231596279906084	0.3027382173828051	0.10723382921081223	LINC01160	0.26961863	False
154	2.8231596279906084	0.3027382173828051	0.10723382921081223	INKA2	0.26961863	False
155	2.8231596279906084	0.3027382173828051	0.10723382921081223	INKA2-AS1	0.26961863	False
156	2.8231596279906084	0.3027382173828051	0.10723382921081223	LOC101928718	0.26961863	False
157	2.8231596279906084	0.3027382173828051	0.10723382921081223	DDX20	0.26961863	False
158	2.7272462838296123	0.26148529469834175	0.09587887102413166	KCND3	0.2696183	False
159	2.8231596279906084	0.3027382173828051	0.10723382921081223	KCND3-IT1	0.26961863	False
160	2.7272462838296123	0.26148529469834175	0.09587887102413166	KCND3-AS1	0.2696183	False
161	2.7272462838296123	0.26148529469834175	0.09587887102413166	LINC01750	0.2696183	False
162	2.829473588116802	0.3094476643279901	0.10936580769921501	PTGFRN	0.26961863	False
163	2.829473588116802	0.3094476643279901	0.10936580769921501	CD101	0.26961863	False
164	2.829473588116802	0.3094476643279901	0.10936580769921501	LOC101929099	0.26961863	False
165	2.829473588116802	0.3094476643279901	0.10936580769921501	TTF2	0.26961863	False
166	2.829473588116802	0.3094476643279901	0.10936580769921501	MIR942	0.26961863	False
167	2.947708978933979	0.3882166583328517	0.13170114862331078	TRIM45	0.2696191	False
168	2.947708978933979	0.3882166583328517	0.13170114862331078	VTCN1	0.2696191	False
169	2.947708978933979	0.3882166583328517	0.13170114862331078	LINC01525	0.2696191	False
170	2.947708978933979	0.3882166583328517	0.13170114862331078	MAN1A2	0.2696191	False
171	2.947708978933979	0.3882166583328517	0.13170114862331078	LOC100996263	0.2696191	False
172	2.947708978933979	0.3882166583328517	0.13170114862331078	TENT5C	0.2696191	False
173	3.1196933206350312	0.4757614535372939	0.15250263556048835	PRKAB2	0.2696201	False
174	3.1196933206350312	0.4757614535372939	0.15250263556048835	CHD1L	0.2696201	False
175	3.1196933206350312	0.4757614535372939	0.15250263556048835	FMO5	0.2696201	False
176	3.1196933206350312	0.4757614535372939	0.15250263556048835	LINC00624	0.2696201	False
177	3.1196933206350312	0.4757614535372939	0.15250263556048835	BCL9	0.2696201	False
178	3.1196933206350312	0.4757614535372939	0.15250263556048835	ACP6	0.2696201	False
179	3.1196933206350312	0.4757614535372939	0.15250263556048835	GJA5	0.2696201	False
180	3.198926544530135	0.5164157959491416	0.16143409008005022	GPR89B	0.2696204	False
181	3.198926544530135	0.5164157959491416	0.16143409008005022	PDZK1P1	0.2696204	False
182	3.198926544530135	0.5164157959491416	0.16143409008005022	RNVU1-7	0.2696204	False
183	3.100478062156183	0.45238431108391985	0.14590792194456478	NBPF11	0.26961988	False
184	3.100478062156183	0.45238431108391985	0.14590792194456478	LOC101927468	0.26961988	False
185	3.100478062156183	0.45238431108391985	0.14590792194456478	RNVU1-1	0.26961988	False
186	3.100478062156183	0.45238431108391985	0.14590792194456478	LINC01138	0.26961988	False
187	3.100478062156183	0.45238431108391985	0.14590792194456478	MIR6077	0.26961988	False
188	3.100478062156183	0.45238431108391985	0.14590792194456478	LOC100132057	0.26961988	False
189	3.100478062156183	0.45238431108391985	0.14590792194456478	RNVU1-3	0.26961988	False
190	3.100478062156183	0.45238431108391985	0.14590792194456478	PPIAL4G	0.26961988	False
191	3.100478062156183	0.45238431108391985	0.14590792194456478	NBPF14	0.26961988	False
192	3.483306933753619	0.7733075285562622	0.22200384383667973	PDE4DIP	0.26962268	False
193	3.483306933753619	0.7733075285562622	0.22200384383667973	NBPF9	0.26962268	False
194	3.678369887433165	0.9715006274673234	0.2641117280745397	PPIAL4C	0.26962456	False
195	3.678369887433165	0.9715006274673234	0.2641117280745397	LINC00869	0.26962456	False
196	3.678369887433165	0.9715006274673234	0.2641117280745397	FCGR1A	0.26962456	False
197	3.678369887433165	0.9715006274673234	0.2641117280745397	HIST2H2BF	0.26962456	False
198	3.678369887433165	0.9715006274673234	0.2641117280745397	HIST2H3D	0.26962456	False
199	3.678369887433165	0.9715006274673234	0.2641117280745397	HIST2H2BE	0.26962456	False
200	3.678369887433165	0.9715006274673234	0.2641117280745397	HIST2H2AC	0.26962456	False
201	3.678369887433165	0.9715006274673234	0.2641117280745397	HIST2H2AB	0.26962456	False
202	3.9710977274067307	1.2351063820632309	0.31102392004585583	BOLA1	0.26962772	False
203	3.9710977274067307	1.2351063820632309	0.31102392004585583	SV2A	0.26962772	False
204	3.9710977274067307	1.2351063820632309	0.31102392004585583	SF3B4	0.26962772	False
205	3.9710977274067307	1.2351063820632309	0.31102392004585583	MTMR11	0.26962772	False
206	3.9710977274067307	1.2351063820632309	0.31102392004585583	OTUD7B	0.26962772	False
207	3.9710977274067307	1.2351063820632309	0.31102392004585583	VPS45	0.26962772	False
208	4.451624747481235	1.733766467671564	0.38946824272475866	PLEKHO1	0.26963443	False
209	4.451624747481235	1.733766467671564	0.38946824272475866	LOC105371433	0.26963443	False
210	4.451624747481235	1.733766467671564	0.38946824272475866	ANP32E	0.26963443	False
211	4.451624747481235	1.733766467671564	0.38946824272475866	CA14	0.26963443	False
212	4.451624747481235	1.733766467671564	0.38946824272475866	APH1A	0.26963443	False
213	4.451624747481235	1.733766467671564	0.38946824272475866	C1orf54	0.26963443	False
214	4.451624747481235	1.733766467671564	0.38946824272475866	CIART	0.26963443	False
215	4.451624747481235	1.733766467671564	0.38946824272475866	MRPS21	0.26963443	False
216	4.451624747481235	1.733766467671564	0.38946824272475866	PRPF3	0.26963443	False
217	4.451624747481235	1.733766467671564	0.38946824272475866	RPRD2	0.26963443	False
218	4.451624747481235	1.733766467671564	0.38946824272475866	TARS2	0.26963443	False
219	4.451624747481235	1.733766467671564	0.38946824272475866	ECM1	0.26963443	False
220	4.451624747481235	1.733766467671564	0.38946824272475866	FALEC	0.26963443	False
221	4.451624747481235	1.733766467671564	0.38946824272475866	ADAMTSL4	0.26963443	False
222	4.451624747481235	1.733766467671564	0.38946824272475866	MIR4257	0.26963443	False
223	4.451624747481235	1.733766467671564	0.38946824272475866	ADAMTSL4-AS1	0.26963443	False
224	4.451624747481235	1.733766467671564	0.38946824272475866	MCL1	0.26963443	False
225	4.451624747481235	1.733766467671564	0.38946824272475866	ENSA	0.26963443	False
226	4.451624747481235	1.733766467671564	0.38946824272475866	GOLPH3L	0.26963443	False
227	4.451624747481235	1.733766467671564	0.38946824272475866	HORMAD1	0.26963443	False
228	4.451624747481235	1.733766467671564	0.38946824272475866	CTSS	0.26963443	False
229	4.451624747481235	1.733766467671564	0.38946824272475866	CTSK	0.26963443	False
230	4.451624747481235	1.733766467671564	0.38946824272475866	ARNT	0.26963443	False
231	4.425770949575423	1.66375997707549	0.3759254593225389	SETDB1	0.26963356	False
232	4.425770949575423	1.66375997707549	0.3759254593225389	CERS2	0.26963356	False
233	4.425770949575423	1.66375997707549	0.3759254593225389	ANXA9	0.26963356	False
234	4.425770949575423	1.66375997707549	0.3759254593225389	MINDY1	0.26963356	False
235	4.425770949575423	1.66375997707549	0.3759254593225389	PRUNE1	0.26963356	False
236	4.425770949575423	1.66375997707549	0.3759254593225389	BNIPL	0.26963356	False
237	4.425770949575423	1.66375997707549	0.3759254593225389	C1orf56	0.26963356	False
238	4.425770949575423	1.66375997707549	0.3759254593225389	CDC42SE1	0.26963356	False
239	4.425770949575423	1.66375997707549	0.3759254593225389	MLLT11	0.26963356	False
240	4.425770949575423	1.66375997707549	0.3759254593225389	GABPB2	0.26963356	False
241	4.747667470110392	2.0598662120523197	0.4338690999360206	SEMA6C	0.26963994	False
242	4.747667470110392	2.0598662120523197	0.4338690999360206	TNFAIP8L2	0.26963994	False
243	4.747667470110392	2.0598662120523197	0.4338690999360206	TNFAIP8L2-SCNM1	0.26963994	False
244	4.747667470110392	2.0598662120523197	0.4338690999360206	LYSMD1	0.26963994	False
245	4.747667470110392	2.0598662120523197	0.4338690999360206	SCNM1	0.26963994	False
246	4.747667470110392	2.0598662120523197	0.4338690999360206	TMOD4	0.26963994	False
247	4.747667470110392	2.0598662120523197	0.4338690999360206	VPS72	0.26963994	False
248	4.747667470110392	2.0598662120523197	0.4338690999360206	PIP5K1A	0.26963994	False
249	4.747667470110392	2.0598662120523197	0.4338690999360206	PSMD4	0.26963994	False
250	4.747667470110392	2.0598662120523197	0.4338690999360206	ZNF687	0.26963994	False
251	4.747667470110392	2.0598662120523197	0.4338690999360206	PI4KB	0.26963994	False
252	4.747667470110392	2.0598662120523197	0.4338690999360206	RFX5	0.26963994	False
253	4.747667470110392	2.0598662120523197	0.4338690999360206	GBAT2	0.26963994	False
254	4.747667470110392	2.0598662120523197	0.4338690999360206	SELENBP1	0.26963994	False
255	4.747667470110392	2.0598662120523197	0.4338690999360206	PSMB4	0.26963994	False
256	4.747667470110392	2.0598662120523197	0.4338690999360206	POGZ	0.26963994	False
257	4.747667470110392	2.0598662120523197	0.4338690999360206	CGN	0.26963994	False
258	4.747667470110392	2.0598662120523197	0.4338690999360206	TUFT1	0.26963994	False
259	4.747667470110392	2.0598662120523197	0.4338690999360206	MIR554	0.26963994	False
260	4.747667470110392	2.0598662120523197	0.4338690999360206	SNX27	0.26963994	False
261	4.747667470110392	2.0598662120523197	0.4338690999360206	CELF3	0.26963994	False
262	4.747667470110392	2.0598662120523197	0.4338690999360206	RIIAD1	0.26963994	False
263	4.747667470110392	2.0598662120523197	0.4338690999360206	MRPL9	0.26963994	False
264	4.747667470110392	2.0598662120523197	0.4338690999360206	OAZ3	0.26963994	False
265	4.747667470110392	2.0598662120523197	0.4338690999360206	TDRKH	0.26963994	False
266	4.747667470110392	2.0598662120523197	0.4338690999360206	LINGO4	0.26963994	False
267	4.747667470110392	2.0598662120523197	0.4338690999360206	RORC	0.26963994	False
268	4.747667470110392	2.0598662120523197	0.4338690999360206	C2CD4D	0.26963994	False
269	4.747667470110392	2.0598662120523197	0.4338690999360206	C2CD4D-AS1	0.26963994	False
270	4.747667470110392	2.0598662120523197	0.4338690999360206	THEM5	0.26963994	False
271	4.544347432171952	1.7652317473093304	0.38844559612944146	THEM4	0.26963547	False
272	4.544347432171952	1.7652317473093304	0.38844559612944146	S100A10	0.26963547	False
273	4.544347432171952	1.7652317473093304	0.38844559612944146	NBPF18P	0.26963547	False
274	4.544347432171952	1.7652317473093304	0.38844559612944146	S100A11	0.26963547	False
275	4.544347432171952	1.7652317473093304	0.38844559612944146	TCHHL1	0.26963547	False
276	4.451673162784328	1.644630709605885	0.3694410280060273	TCHH	0.2696338	False
277	4.451673162784328	1.644630709605885	0.3694410280060273	RPTN	0.2696338	False
278	4.451673162784328	1.644630709605885	0.3694410280060273	FLG-AS1	0.2696338	False
279	4.451673162784328	1.644630709605885	0.3694410280060273	HRNR	0.2696338	False
280	4.451673162784328	1.644630709605885	0.3694410280060273	FLG	0.2696338	False
281	4.451673162784328	1.644630709605885	0.3694410280060273	FLG2	0.2696338	False
282	4.451673162784328	1.644630709605885	0.3694410280060273	CRNN	0.2696338	False
283	4.451673162784328	1.644630709605885	0.3694410280060273	LCE5A	0.2696338	False
284	4.451673162784328	1.644630709605885	0.3694410280060273	CRCT1	0.2696338	False
285	4.451673162784328	1.644630709605885	0.3694410280060273	LCE3E	0.2696338	False
286	4.451673162784328	1.644630709605885	0.3694410280060273	LCE3D	0.2696338	False
287	4.451673162784328	1.644630709605885	0.3694410280060273	LCE3C	0.2696338	False
288	4.451673162784328	1.644630709605885	0.3694410280060273	LCE3B	0.2696338	False
289	4.451673162784328	1.644630709605885	0.3694410280060273	LCE3A	0.2696338	False
290	4.451673162784328	1.644630709605885	0.3694410280060273	LCE2D	0.2696338	False
291	4.451673162784328	1.644630709605885	0.3694410280060273	LCE2C	0.2696338	False
292	4.451673162784328	1.644630709605885	0.3694410280060273	LCE2B	0.2696338	False
293	4.451673162784328	1.644630709605885	0.3694410280060273	LCE2A	0.2696338	False
294	4.451673162784328	1.644630709605885	0.3694410280060273	LCE4A	0.2696338	False
295	4.451673162784328	1.644630709605885	0.3694410280060273	C1orf68	0.2696338	False
296	4.451673162784328	1.644630709605885	0.3694410280060273	LCE1F	0.2696338	False
297	4.451673162784328	1.644630709605885	0.3694410280060273	LCE1E	0.2696338	False
298	4.451673162784328	1.644630709605885	0.3694410280060273	LCE1D	0.2696338	False
299	4.451673162784328	1.644630709605885	0.3694410280060273	LCE1C	0.2696338	False
300	4.451673162784328	1.644630709605885	0.3694410280060273	LCE1B	0.2696338	False
301	4.451673162784328	1.644630709605885	0.3694410280060273	LCE1A	0.2696338	False
302	4.451673162784328	1.644630709605885	0.3694410280060273	LCE6A	0.2696338	False
303	4.451673162784328	1.644630709605885	0.3694410280060273	SMCP	0.2696338	False
304	4.582405919471389	1.816049008516274	0.39630906568088736	IVL	0.26963612	False
305	4.582405919471389	1.816049008516274	0.39630906568088736	SPRR4	0.26963612	False
306	4.582405919471389	1.816049008516274	0.39630906568088736	SPRR3	0.26963612	False
307	4.582405919471389	1.816049008516274	0.39630906568088736	SPRR1B	0.26963612	False
308	4.582405919471389	1.816049008516274	0.39630906568088736	SPRR2D	0.26963612	False
309	4.582405919471389	1.816049008516274	0.39630906568088736	SPRR2A	0.26963612	False
310	4.582405919471389	1.816049008516274	0.39630906568088736	SPRR2E	0.26963612	False
311	4.488352426984861	1.772265439430491	0.39485879691070636	SPRR2F	0.2696354	False
312	4.488352426984861	1.772265439430491	0.39485879691070636	SPRR2G	0.2696354	False
313	4.488352426984861	1.772265439430491	0.39485879691070636	LOC101928009	0.2696354	False
314	4.488352426984861	1.772265439430491	0.39485879691070636	LELP1	0.2696354	False
315	4.488352426984861	1.772265439430491	0.39485879691070636	PRR9	0.2696354	False
316	4.488352426984861	1.772265439430491	0.39485879691070636	LOR	0.2696354	False
317	4.488352426984861	1.772265439430491	0.39485879691070636	PGLYRP3	0.2696354	False
318	4.488352426984861	1.772265439430491	0.39485879691070636	PGLYRP4	0.2696354	False
319	4.488352426984861	1.772265439430491	0.39485879691070636	S100A9	0.2696354	False
320	4.488352426984861	1.772265439430491	0.39485879691070636	S100A12	0.2696354	False
321	4.488352426984861	1.772265439430491	0.39485879691070636	S100A8	0.2696354	False
322	4.488352426984861	1.772265439430491	0.39485879691070636	S100A7A	0.2696354	False
323	4.488352426984861	1.772265439430491	0.39485879691070636	S100A7L2	0.2696354	False
324	4.488352426984861	1.772265439430491	0.39485879691070636	S100A7	0.2696354	False
325	4.488352426984861	1.772265439430491	0.39485879691070636	S100A6	0.2696354	False
326	4.488352426984861	1.772265439430491	0.39485879691070636	S100A5	0.2696354	False
327	4.488352426984861	1.772265439430491	0.39485879691070636	S100A4	0.2696354	False
328	4.488352426984861	1.772265439430491	0.39485879691070636	S100A3	0.2696354	False
329	4.488352426984861	1.772265439430491	0.39485879691070636	S100A2	0.2696354	False
330	4.488352426984861	1.772265439430491	0.39485879691070636	S100A16	0.2696354	False
331	4.488352426984861	1.772265439430491	0.39485879691070636	S100A14	0.2696354	False
332	4.488352426984861	1.772265439430491	0.39485879691070636	S100A13	0.2696354	False
333	4.488352426984861	1.772265439430491	0.39485879691070636	S100A1	0.2696354	False
334	4.488352426984861	1.772265439430491	0.39485879691070636	CHTOP	0.2696354	False
335	4.488352426984861	1.772265439430491	0.39485879691070636	SNAPIN	0.2696354	False
336	4.488352426984861	1.772265439430491	0.39485879691070636	ILF2	0.2696354	False
337	4.488352426984861	1.772265439430491	0.39485879691070636	NPR1	0.2696354	False
338	4.488352426984861	1.772265439430491	0.39485879691070636	MIR8083	0.2696354	False
339	4.488352426984861	1.772265439430491	0.39485879691070636	INTS3	0.2696354	False
340	4.488352426984861	1.772265439430491	0.39485879691070636	SLC27A3	0.2696354	False
341	4.643268346291399	1.9832778104495603	0.4271296988539579	GATAD2B	0.26963845	False
342	4.643268346291399	1.9832778104495603	0.4271296988539579	DENND4B	0.26963845	False
343	4.643268346291399	1.9832778104495603	0.4271296988539579	CRTC2	0.26963845	False
344	4.643268346291399	1.9832778104495603	0.4271296988539579	SLC39A1	0.26963845	False
345	4.643268346291399	1.9832778104495603	0.4271296988539579	MIR6737	0.26963845	False
346	4.643268346291399	1.9832778104495603	0.4271296988539579	CREB3L4	0.26963845	False
347	4.643268346291399	1.9832778104495603	0.4271296988539579	JTB	0.26963845	False
348	4.643268346291399	1.9832778104495603	0.4271296988539579	RAB13	0.26963845	False
349	4.643268346291399	1.9832778104495603	0.4271296988539579	RPS27	0.26963845	False
350	4.643268346291399	1.9832778104495603	0.4271296988539579	NUP210L	0.26963845	False
351	4.742472849210928	2.1610848180976134	0.4556873358710285	MIR5698	0.269641	False
352	4.742472849210928	2.1610848180976134	0.4556873358710285	TPM3	0.269641	False
353	4.742472849210928	2.1610848180976134	0.4556873358710285	MIR190B	0.269641	False
354	4.742472849210928	2.1610848180976134	0.4556873358710285	C1orf189	0.269641	False
355	4.742472849210928	2.1610848180976134	0.4556873358710285	C1orf43	0.269641	False
356	4.742472849210928	2.1610848180976134	0.4556873358710285	UBAP2L	0.269641	False
357	4.742472849210928	2.1610848180976134	0.4556873358710285	HAX1	0.269641	False
358	4.742472849210928	2.1610848180976134	0.4556873358710285	AQP10	0.269641	False
359	4.742472849210928	2.1610848180976134	0.4556873358710285	ATP8B2	0.269641	False
360	4.742472849210928	2.1610848180976134	0.4556873358710285	IL6R	0.269641	False
361	4.742472849210928	2.1610848180976134	0.4556873358710285	SHE	0.269641	False
362	4.742472849210928	2.1610848180976134	0.4556873358710285	TDRD10	0.269641	False
363	4.742472849210928	2.1610848180976134	0.4556873358710285	UBE2Q1	0.269641	False
364	4.742472849210928	2.1610848180976134	0.4556873358710285	UBE2Q1-AS1	0.269641	False
365	4.742472849210928	2.1610848180976134	0.4556873358710285	CHRNB2	0.269641	False
366	4.742472849210928	2.1610848180976134	0.4556873358710285	ADAR	0.269641	False
367	4.742472849210928	2.1610848180976134	0.4556873358710285	KCNN3	0.269641	False
368	4.692366626678226	2.0320899641372145	0.43306291383624296	PMVK	0.26963925	False
369	4.692366626678226	2.0320899641372145	0.43306291383624296	PBXIP1	0.26963925	False
370	4.692366626678226	2.0320899641372145	0.43306291383624296	PYGO2	0.26963925	False
371	4.692366626678226	2.0320899641372145	0.43306291383624296	SHC1	0.26963925	False
372	4.692366626678226	2.0320899641372145	0.43306291383624296	CKS1B	0.26963925	False
373	4.692366626678226	2.0320899641372145	0.43306291383624296	MIR4258	0.26963925	False
374	4.692366626678226	2.0320899641372145	0.43306291383624296	FLAD1	0.26963925	False
375	4.692366626678226	2.0320899641372145	0.43306291383624296	LENEP	0.26963925	False
376	4.692366626678226	2.0320899641372145	0.43306291383624296	ZBTB7B	0.26963925	False
377	4.692366626678226	2.0320899641372145	0.43306291383624296	DCST2	0.26963925	False
378	4.692366626678226	2.0320899641372145	0.43306291383624296	DCST1	0.26963925	False
379	4.692366626678226	2.0320899641372145	0.43306291383624296	DCST1-AS1	0.26963925	False
380	4.692366626678226	2.0320899641372145	0.43306291383624296	ADAM15	0.26963925	False
381	4.692366626678226	2.0320899641372145	0.43306291383624296	EFNA4	0.26963925	False
382	4.692366626678226	2.0320899641372145	0.43306291383624296	EFNA3	0.26963925	False
383	4.943665769642826	2.38883455148169	0.48321117623902005	EFNA1	0.26964504	False
384	4.943665769642826	2.38883455148169	0.48321117623902005	SLC50A1	0.26964504	False
385	4.943665769642826	2.38883455148169	0.48321117623902005	DPM3	0.26964504	False
386	4.943665769642826	2.38883455148169	0.48321117623902005	KRTCAP2	0.26964504	False
387	4.943665769642826	2.38883455148169	0.48321117623902005	TRIM46	0.26964504	False
388	4.943665769642826	2.38883455148169	0.48321117623902005	MUC1	0.26964504	False
389	4.943665769642826	2.38883455148169	0.48321117623902005	MIR92B	0.26964504	False
390	4.943665769642826	2.38883455148169	0.48321117623902005	THBS3	0.26964504	False
391	4.943665769642826	2.38883455148169	0.48321117623902005	MTX1	0.26964504	False
392	4.943665769642826	2.38883455148169	0.48321117623902005	GBA	0.26964504	False
393	4.943665769642826	2.38883455148169	0.48321117623902005	FAM189B	0.26964504	False
394	4.943665769642826	2.38883455148169	0.48321117623902005	SCAMP3	0.26964504	False
395	4.943665769642826	2.38883455148169	0.48321117623902005	CLK2	0.26964504	False
396	4.943665769642826	2.38883455148169	0.48321117623902005	HCN3	0.26964504	False
397	4.943665769642826	2.38883455148169	0.48321117623902005	PKLR	0.26964504	False
398	4.943665769642826	2.38883455148169	0.48321117623902005	FDPS	0.26964504	False
399	4.943665769642826	2.38883455148169	0.48321117623902005	RUSC1-AS1	0.26964504	False
400	4.943665769642826	2.38883455148169	0.48321117623902005	RUSC1	0.26964504	False
401	4.943665769642826	2.38883455148169	0.48321117623902005	ASH1L	0.26964504	False
402	4.943665769642826	2.38883455148169	0.48321117623902005	MIR555	0.26964504	False
403	4.943665769642826	2.38883455148169	0.48321117623902005	MSTO2P	0.26964504	False
404	4.943665769642826	2.38883455148169	0.48321117623902005	MSTO1	0.26964504	False
405	4.943665769642826	2.38883455148169	0.48321117623902005	YY1AP1	0.26964504	False
406	4.943665769642826	2.38883455148169	0.48321117623902005	DAP3	0.26964504	False
407	4.943665769642826	2.38883455148169	0.48321117623902005	GON4L	0.26964504	False
408	4.943665769642826	2.38883455148169	0.48321117623902005	SYT11	0.26964504	False
409	4.600727256546601	1.7967310548526985	0.3905319647662316	RIT1	0.26963624	False
410	4.600727256546601	1.7967310548526985	0.3905319647662316	KHDC4	0.26963624	False
411	4.600727256546601	1.7967310548526985	0.3905319647662316	SNORA80E	0.26963624	False
412	4.600727256546601	1.7967310548526985	0.3905319647662316	SCARNA4	0.26963624	False
413	4.600727256546601	1.7967310548526985	0.3905319647662316	RXFP4	0.26963624	False
414	4.600727256546601	1.7967310548526985	0.3905319647662316	ARHGEF2	0.26963624	False
415	4.600727256546601	1.7967310548526985	0.3905319647662316	MIR6738	0.26963624	False
416	4.600727256546601	1.7967310548526985	0.3905319647662316	SSR2	0.26963624	False
417	4.600727256546601	1.7967310548526985	0.3905319647662316	UBQLN4	0.26963624	False
418	4.600727256546601	1.7967310548526985	0.3905319647662316	LAMTOR2	0.26963624	False
419	4.600727256546601	1.7967310548526985	0.3905319647662316	RAB25	0.26963624	False
420	4.600727256546601	1.7967310548526985	0.3905319647662316	MEX3A	0.26963624	False
421	4.600727256546601	1.7967310548526985	0.3905319647662316	LMNA	0.26963624	False
422	4.477523431720758	1.627442258833945	0.3634692891397114	SEMA4A	0.26963395	False
423	4.477523431720758	1.627442258833945	0.3634692891397114	SLC25A44	0.26963395	False
424	4.477523431720758	1.627442258833945	0.3634692891397114	PMF1-BGLAP	0.26963395	False
425	4.477523431720758	1.627442258833945	0.3634692891397114	PMF1	0.26963395	False
426	4.477523431720758	1.627442258833945	0.3634692891397114	BGLAP	0.26963395	False
427	4.477523431720758	1.627442258833945	0.3634692891397114	PAQR6	0.26963395	False
428	4.477523431720758	1.627442258833945	0.3634692891397114	SMG5	0.26963395	False
429	4.477523431720758	1.627442258833945	0.3634692891397114	TMEM79	0.26963395	False
430	4.477523431720758	1.627442258833945	0.3634692891397114	GLMP	0.26963395	False
431	4.477523431720758	1.627442258833945	0.3634692891397114	VHLL	0.26963395	False
432	4.477523431720758	1.627442258833945	0.3634692891397114	CCT3	0.26963395	False
433	4.477523431720758	1.627442258833945	0.3634692891397114	TSACC	0.26963395	False
434	4.477523431720758	1.627442258833945	0.3634692891397114	RHBG	0.26963395	False
435	4.477523431720758	1.627442258833945	0.3634692891397114	C1orf61	0.26963395	False
436	4.477523431720758	1.627442258833945	0.3634692891397114	MEF2D	0.26963395	False
437	4.477523431720758	1.627442258833945	0.3634692891397114	IQGAP3	0.26963395	False
438	4.477523431720758	1.627442258833945	0.3634692891397114	TTC24	0.26963395	False
439	4.477523431720758	1.627442258833945	0.3634692891397114	NAXE	0.26963395	False
440	4.477523431720758	1.627442258833945	0.3634692891397114	GPATCH4	0.26963395	False
441	4.477523431720758	1.627442258833945	0.3634692891397114	HAPLN2	0.26963395	False
442	4.477523431720758	1.627442258833945	0.3634692891397114	BCAN	0.26963395	False
443	4.477523431720758	1.627442258833945	0.3634692891397114	NES	0.26963395	False
444	4.477523431720758	1.627442258833945	0.3634692891397114	CRABP2	0.26963395	False
445	4.477523431720758	1.627442258833945	0.3634692891397114	ISG20L2	0.26963395	False
446	4.477523431720758	1.627442258833945	0.3634692891397114	RRNAD1	0.26963395	False
447	4.477523431720758	1.627442258833945	0.3634692891397114	MRPL24	0.26963395	False
448	4.477523431720758	1.627442258833945	0.3634692891397114	HDGF	0.26963395	False
449	4.477523431720758	1.627442258833945	0.3634692891397114	PRCC	0.26963395	False
450	4.477523431720758	1.627442258833945	0.3634692891397114	SH2D2A	0.26963395	False
451	4.477523431720758	1.627442258833945	0.3634692891397114	NTRK1	0.26963395	False
452	4.477523431720758	1.627442258833945	0.3634692891397114	INSRR	0.26963395	False
453	4.107901896506503	1.1468830374929428	0.2791894904959368	PEAR1	0.2696279	False
454	4.107901896506503	1.1468830374929428	0.2791894904959368	LRRC71	0.2696279	False
455	4.107901896506503	1.1468830374929428	0.2791894904959368	ARHGEF11	0.2696279	False
456	4.107901896506503	1.1468830374929428	0.2791894904959368	MIR765	0.2696279	False
457	4.107901896506503	1.1468830374929428	0.2791894904959368	ETV3L	0.2696279	False
458	3.763615635393904	0.8110869216092861	0.2155073738087489	ETV3	0.26962394	False
459	3.763615635393904	0.8110869216092861	0.2155073738087489	FCRL5	0.26962394	False
460	3.763615635393904	0.8110869216092861	0.2155073738087489	FCRL4	0.26962394	False
461	3.763615635393904	0.8110869216092861	0.2155073738087489	FCRL3	0.26962394	False
462	3.763615635393904	0.8110869216092861	0.2155073738087489	FCRL2	0.26962394	False
463	3.763615635393904	0.8110869216092861	0.2155073738087489	FCRL1	0.26962394	False
464	3.763615635393904	0.8110869216092861	0.2155073738087489	CD5L	0.26962394	False
465	3.6655120963283325	0.6866572983533603	0.18732915901196198	KIRREL1	0.26962265	False
466	3.380251468977181	0.5403727126103356	0.15986169004575426	LINC01704	0.2696208	False
467	3.380251468977181	0.5403727126103356	0.15986169004575426	CD1D	0.2696208	False
468	3.380251468977181	0.5403727126103356	0.15986169004575426	CD1A	0.2696208	False
469	3.380251468977181	0.5403727126103356	0.15986169004575426	CD1C	0.2696208	False
470	3.380251468977181	0.5403727126103356	0.15986169004575426	CD1B	0.2696208	False
471	3.380251468977181	0.5403727126103356	0.15986169004575426	CD1E	0.2696208	False
472	3.380251468977181	0.5403727126103356	0.15986169004575426	OR10T2	0.2696208	False
473	3.380251468977181	0.5403727126103356	0.15986169004575426	OR10K2	0.2696208	False
474	3.380251468977181	0.5403727126103356	0.15986169004575426	OR10K1	0.2696208	False
475	3.380251468977181	0.5403727126103356	0.15986169004575426	OR10R2	0.2696208	False
476	3.380251468977181	0.5403727126103356	0.15986169004575426	OR6Y1	0.2696208	False
477	3.380251468977181	0.5403727126103356	0.15986169004575426	OR6P1	0.2696208	False
478	3.380251468977181	0.5403727126103356	0.15986169004575426	OR10X1	0.2696208	False
479	3.380251468977181	0.5403727126103356	0.15986169004575426	OR10Z1	0.2696208	False
480	3.380251468977181	0.5403727126103356	0.15986169004575426	SPTA1	0.2696208	False
481	3.380251468977181	0.5403727126103356	0.15986169004575426	OR6K2	0.2696208	False
482	3.380251468977181	0.5403727126103356	0.15986169004575426	OR6K3	0.2696208	False
483	3.380251468977181	0.5403727126103356	0.15986169004575426	OR6K6	0.2696208	False
484	3.380251468977181	0.5403727126103356	0.15986169004575426	OR6N1	0.2696208	False
485	3.380251468977181	0.5403727126103356	0.15986169004575426	OR6N2	0.2696208	False
486	3.380251468977181	0.5403727126103356	0.15986169004575426	MNDA	0.2696208	False
487	3.6168205664511257	0.6106843194241048	0.16884562233711162	PYHIN1	0.26962188	False
488	3.6168205664511257	0.6106843194241048	0.16884562233711162	IFI16	0.26962188	False
489	3.6168205664511257	0.6106843194241048	0.16884562233711162	AIM2	0.26962188	False
490	3.6488400939743606	0.6992935141161779	0.19164816656969447	CADM3	0.26962253	False
491	3.6488400939743606	0.6992935141161779	0.19164816656969447	CADM3-AS1	0.26962253	False
492	3.6488400939743606	0.6992935141161779	0.19164816656969447	ACKR1	0.26962253	False
493	3.6488400939743606	0.6992935141161779	0.19164816656969447	FCER1A	0.26962253	False
494	3.6488400939743606	0.6992935141161779	0.19164816656969447	OR10J3	0.26962253	False
495	3.6488400939743606	0.6992935141161779	0.19164816656969447	OR10J1	0.26962253	False
496	3.6488400939743606	0.6992935141161779	0.19164816656969447	OR10J5	0.26962253	False
497	3.6488400939743606	0.6992935141161779	0.19164816656969447	APCS	0.26962253	False
498	3.6488400939743606	0.6992935141161779	0.19164816656969447	CRP	0.26962253	False
499	3.6488400939743606	0.6992935141161779	0.19164816656969447	DUSP23	0.26962253	False
500	3.6488400939743606	0.6992935141161779	0.19164816656969447	FCRL6	0.26962253	False
501	3.6488400939743606	0.6992935141161779	0.19164816656969447	SLAMF8	0.26962253	False
502	3.6488400939743606	0.6992935141161779	0.19164816656969447	SNHG28	0.26962253	False
503	3.6488400939743606	0.6992935141161779	0.19164816656969447	VSIG8	0.26962253	False
504	3.765586524660156	0.6963241067546548	0.18491783476346968	CFAP45	0.26962292	False
505	3.765586524660156	0.6963241067546548	0.18491783476346968	MIR4259	0.26962292	False
506	3.765586524660156	0.6963241067546548	0.18491783476346968	TAGLN2	0.26962292	False
507	3.765586524660156	0.6963241067546548	0.18491783476346968	IGSF9	0.26962292	False
508	3.765586524660156	0.6963241067546548	0.18491783476346968	SLAMF9	0.26962292	False
509	3.765586524660156	0.6963241067546548	0.18491783476346968	LINC01133	0.26962292	False
510	3.765586524660156	0.6963241067546548	0.18491783476346968	PIGM	0.26962292	False
511	3.765586524660156	0.6963241067546548	0.18491783476346968	KCNJ10	0.26962292	False
512	3.765586524660156	0.6963241067546548	0.18491783476346968	KCNJ9	0.26962292	False
513	3.765586524660156	0.6963241067546548	0.18491783476346968	IGSF8	0.26962292	False
514	4.024708316594869	0.8545957295624319	0.21233730803266465	ATP1A2	0.2696249	False
515	4.024708316594869	0.8545957295624319	0.21233730803266465	ATP1A4	0.2696249	False
516	4.024708316594869	0.8545957295624319	0.21233730803266465	CASQ1	0.2696249	False
517	4.024708316594869	0.8545957295624319	0.21233730803266465	LOC729867	0.2696249	False
518	4.024708316594869	0.8545957295624319	0.21233730803266465	PEA15	0.2696249	False
519	4.024708316594869	0.8545957295624319	0.21233730803266465	DCAF8	0.2696249	False
520	4.024708316594869	0.8545957295624319	0.21233730803266465	PEX19	0.2696249	False
521	4.024708316594869	0.8545957295624319	0.21233730803266465	COPA	0.2696249	False
522	4.024708316594869	0.8545957295624319	0.21233730803266465	NCSTN	0.2696249	False
523	4.024708316594869	0.8545957295624319	0.21233730803266465	NHLH1	0.2696249	False
524	4.024708316594869	0.8545957295624319	0.21233730803266465	VANGL2	0.2696249	False
525	4.024708316594869	0.8545957295624319	0.21233730803266465	SLAMF6	0.2696249	False
526	4.024708316594869	0.8545957295624319	0.21233730803266465	CD84	0.2696249	False
527	4.024708316594869	0.8545957295624319	0.21233730803266465	SLAMF1	0.2696249	False
528	4.024708316594869	0.8545957295624319	0.21233730803266465	CD48	0.2696249	False
529	4.024708316594869	0.8545957295624319	0.21233730803266465	SLAMF7	0.2696249	False
530	4.024708316594869	0.8545957295624319	0.21233730803266465	LY9	0.2696249	False
531	4.024708316594869	0.8545957295624319	0.21233730803266465	CD244	0.2696249	False
532	4.024708316594869	0.8545957295624319	0.21233730803266465	ITLN1	0.2696249	False
533	3.951286203796216	0.787832660205763	0.19938638194541547	LOC101928372	0.2696242	False
534	3.951286203796216	0.787832660205763	0.19938638194541547	ITLN2	0.2696242	False
535	3.951286203796216	0.787832660205763	0.19938638194541547	F11R	0.2696242	False
536	3.951286203796216	0.787832660205763	0.19938638194541547	TSTD1	0.2696242	False
537	3.951286203796216	0.787832660205763	0.19938638194541547	USF1	0.2696242	False
538	3.951286203796216	0.787832660205763	0.19938638194541547	ARHGAP30	0.2696242	False
539	3.951286203796216	0.787832660205763	0.19938638194541547	NECTIN4	0.2696242	False
540	3.951286203796216	0.787832660205763	0.19938638194541547	KLHDC9	0.2696242	False
541	4.127678785449634	0.9584150645670685	0.23219225971399493	PFDN2	0.26962617	False
542	4.127678785449634	0.9584150645670685	0.23219225971399493	NIT1	0.26962617	False
543	4.127678785449634	0.9584150645670685	0.23219225971399493	DEDD	0.26962617	False
544	4.127678785449634	0.9584150645670685	0.23219225971399493	UFC1	0.26962617	False
545	4.127678785449634	0.9584150645670685	0.23219225971399493	USP21	0.26962617	False
546	4.127678785449634	0.9584150645670685	0.23219225971399493	PPOX	0.26962617	False
547	4.127678785449634	0.9584150645670685	0.23219225971399493	B4GALT3	0.26962617	False
548	4.127678785449634	0.9584150645670685	0.23219225971399493	ADAMTS4	0.26962617	False
549	4.127678785449634	0.9584150645670685	0.23219225971399493	NDUFS2	0.26962617	False
550	4.127678785449634	0.9584150645670685	0.23219225971399493	FCER1G	0.26962617	False
551	4.127678785449634	0.9584150645670685	0.23219225971399493	APOA2	0.26962617	False
552	4.127678785449634	0.9584150645670685	0.23219225971399493	TOMM40L	0.26962617	False
553	4.127678785449634	0.9584150645670685	0.23219225971399493	MIR5187	0.26962617	False
554	4.127678785449634	0.9584150645670685	0.23219225971399493	NR1I3	0.26962617	False
555	4.127678785449634	0.9584150645670685	0.23219225971399493	PCP4L1	0.26962617	False
556	4.127678785449634	0.9584150645670685	0.23219225971399493	MPZ	0.26962617	False
557	4.127678785449634	0.9584150645670685	0.23219225971399493	SDHC	0.26962617	False
558	4.127678785449634	0.9584150645670685	0.23219225971399493	CFAP126	0.26962617	False
559	4.127678785449634	0.9584150645670685	0.23219225971399493	FCGR2A	0.26962617	False
560	4.127678785449634	0.9584150645670685	0.23219225971399493	HSPA6	0.26962617	False
561	4.127678785449634	0.9584150645670685	0.23219225971399493	FCGR3A	0.26962617	False
562	4.127678785449634	0.9584150645670685	0.23219225971399493	FCGR2C	0.26962617	False
563	4.127678785449634	0.9584150645670685	0.23219225971399493	FCGR3B	0.26962617	False
564	4.127678785449634	0.9584150645670685	0.23219225971399493	FCGR2B	0.26962617	False
565	4.127678785449634	0.9584150645670685	0.23219225971399493	FCRLA	0.26962617	False
566	4.127678785449634	0.9584150645670685	0.23219225971399493	FCRLB	0.26962617	False
567	4.127678785449634	0.9584150645670685	0.23219225971399493	DUSP12	0.26962617	False
568	3.7090887592438055	0.7274419208962678	0.19612416097709556	ATF6	0.269623	False
569	3.7090887592438055	0.7274419208962678	0.19612416097709556	OLFML2B	0.269623	False
570	3.7090887592438055	0.7274419208962678	0.19612416097709556	NOS1AP	0.269623	False
571	3.5089377826793835	0.6945292158559669	0.19793147068160116	MIR4654	0.26962227	False
572	3.5089377826793835	0.6945292158559669	0.19793147068160116	MIR556	0.26962227	False
573	3.5089377826793835	0.6945292158559669	0.19793147068160116	C1orf226	0.26962227	False
574	3.5089377826793835	0.6945292158559669	0.19793147068160116	SPATA46	0.26962227	False
575	3.5089377826793835	0.6945292158559669	0.19793147068160116	SH2D1B	0.26962227	False
576	3.5089377826793835	0.6945292158559669	0.19793147068160116	UHMK1	0.26962227	False
577	3.5089377826793835	0.6945292158559669	0.19793147068160116	UAP1	0.26962227	False
578	3.5089377826793835	0.6945292158559669	0.19793147068160116	DDR2	0.26962227	False
579	3.5089377826793835	0.6945292158559669	0.19793147068160116	HSD17B7	0.26962227	False
580	3.5089377826793835	0.6945292158559669	0.19793147068160116	CCDC190	0.26962227	False
581	3.248911565746387	0.5108417972400425	0.15723474982387972	RGS4	0.26962048	False
582	3.021774646882338	0.4261740095603688	0.14103434549630173	RGS5	0.2696195	False
583	3.021774646882338	0.4261740095603688	0.14103434549630173	LOC101928404	0.2696195	False
584	3.021774646882338	0.4261740095603688	0.14103434549630173	NUF2	0.2696195	False
585	3.0442468661184066	0.466416844366772	0.15321255630016656	LMX1A	0.26961982	False
586	3.0442468661184066	0.466416844366772	0.15321255630016656	RXRG	0.26961982	False
587	3.0442468661184066	0.466416844366772	0.15321255630016656	LRRC52-AS1	0.26961982	False
588	3.0442468661184066	0.466416844366772	0.15321255630016656	LRRC52	0.26961982	False
589	3.0442468661184066	0.466416844366772	0.15321255630016656	MGST3	0.26961982	False
590	3.0442468661184066	0.466416844366772	0.15321255630016656	ALDH9A1	0.26961982	False
591	3.0442468661184066	0.466416844366772	0.15321255630016656	TMCO1	0.26961982	False
592	3.0442468661184066	0.466416844366772	0.15321255630016656	TMCO1-AS1	0.26961982	False
593	3.2953653656458837	0.55552161089334	0.16857663695948297	UCK2	0.2696209	False
594	3.2953653656458837	0.55552161089334	0.16857663695948297	FAM78B	0.2696209	False
595	3.5404422443851797	0.7466425025719912	0.210889615204456	MIR921	0.26962283	False
596	3.5404422443851797	0.7466425025719912	0.210889615204456	POGK	0.26962283	False
597	3.5404422443851797	0.7466425025719912	0.210889615204456	TADA1	0.26962283	False
598	3.893547410241857	1.0497871949302824	0.26962229666674903	ILDR2	0.26962623	False
599	3.893547410241857	1.0497871949302824	0.26962229666674903	MAEL	0.26962623	False
600	3.893547410241857	1.0497871949302824	0.26962229666674903	GPA33	0.26962623	False
601	3.893547410241857	1.0497871949302824	0.26962229666674903	DUSP27	0.26962623	False
602	4.355197458760278	1.596057897212078	0.36647199405429515	LINC01363	0.2696329	False
603	4.355197458760278	1.596057897212078	0.36647199405429515	POU2F1	0.2696329	False
604	4.355197458760278	1.596057897212078	0.36647199405429515	CD247	0.2696329	False
605	4.355197458760278	1.596057897212078	0.36647199405429515	CREG1	0.2696329	False
606	4.355197458760278	1.596057897212078	0.36647199405429515	RCSD1	0.2696329	False
607	4.355197458760278	1.596057897212078	0.36647199405429515	MPZL1	0.2696329	False
608	4.277649987894386	1.4919752769793253	0.3487838605780202	ADCY10	0.26963156	False
609	4.277649987894386	1.4919752769793253	0.3487838605780202	MPC2	0.26963156	False
610	4.277649987894386	1.4919752769793253	0.3487838605780202	DCAF6	0.26963156	False
611	4.277649987894386	1.4919752769793253	0.3487838605780202	MIR1255B2	0.26963156	False
612	4.277649987894386	1.4919752769793253	0.3487838605780202	GPR161	0.26963156	False
613	4.448552338880363	1.7470124552164086	0.3927148254382698	TIPRL	0.2696348	False
614	4.448552338880363	1.7470124552164086	0.3927148254382698	SFT2D2	0.2696348	False
615	4.448552338880363	1.7470124552164086	0.3927148254382698	TBX19	0.2696348	False
616	4.448552338880363	1.7470124552164086	0.3927148254382698	MIR557	0.2696348	False
617	4.448552338880363	1.7470124552164086	0.3927148254382698	LOC100505918	0.2696348	False
618	4.448552338880363	1.7470124552164086	0.3927148254382698	LOC101928565	0.2696348	False
619	4.448552338880363	1.7470124552164086	0.3927148254382698	XCL2	0.2696348	False
620	4.448552338880363	1.7470124552164086	0.3927148254382698	XCL1	0.2696348	False
621	4.448552338880363	1.7470124552164086	0.3927148254382698	DPT	0.2696348	False
622	4.448552338880363	1.7470124552164086	0.3927148254382698	LINC00626	0.2696348	False
623	4.3330851548353175	1.6011650024869357	0.3695207791382049	LINC00970	0.2696327	False
624	4.420977466143247	1.771029970837145	0.4005969232822506	ATP1B1	0.26963463	False
625	4.420977466143247	1.771029970837145	0.4005969232822506	NME7	0.26963463	False
626	4.420977466143247	1.771029970837145	0.4005969232822506	BLZF1	0.26963463	False
627	4.420977466143247	1.771029970837145	0.4005969232822506	CCDC181	0.26963463	False
628	4.420977466143247	1.771029970837145	0.4005969232822506	SLC19A2	0.26963463	False
629	4.420977466143247	1.771029970837145	0.4005969232822506	F5	0.26963463	False
630	4.420977466143247	1.771029970837145	0.4005969232822506	SELP	0.26963463	False
631	4.420977466143247	1.771029970837145	0.4005969232822506	C1orf112	0.26963463	False
632	4.420977466143247	1.771029970837145	0.4005969232822506	SELL	0.26963463	False
633	4.420977466143247	1.771029970837145	0.4005969232822506	SELE	0.26963463	False
634	4.420977466143247	1.771029970837145	0.4005969232822506	METTL18	0.26963463	False
635	4.420977466143247	1.771029970837145	0.4005969232822506	SCYL3	0.26963463	False
636	4.273725751082081	1.5342692839156051	0.3590004069697588	KIFAP3	0.26963192	False
637	4.062441642450472	1.3303573497185386	0.3274772825822218	METTL11B	0.26962903	False
638	4.062441642450472	1.3303573497185386	0.3274772825822218	MIR3119-2	0.26962903	False
639	4.062441642450472	1.3303573497185386	0.3274772825822218	LINC01142	0.26962903	False
640	4.062441642450472	1.3303573497185386	0.3274772825822218	GORAB-AS1	0.26962903	False
641	4.062441642450472	1.3303573497185386	0.3274772825822218	GORAB	0.26962903	False
642	4.062441642450472	1.3303573497185386	0.3274772825822218	PRRX1	0.26962903	False
643	4.2555675523982615	1.53149385719242	0.35988004850947164	MROH9	0.2696317	False
644	4.2555675523982615	1.53149385719242	0.35988004850947164	FMO3	0.2696317	False
645	4.33102064021408	1.6796779747739312	0.38782497575234504	MIR1295A	0.26963323	False
646	4.33102064021408	1.6796779747739312	0.38782497575234504	FMO2	0.26963323	False
647	4.33102064021408	1.6796779747739312	0.38782497575234504	FMO1	0.26963323	False
648	4.33102064021408	1.6796779747739312	0.38782497575234504	FMO4	0.26963323	False
649	4.33102064021408	1.6796779747739312	0.38782497575234504	PRRC2C	0.26963323	False
650	4.33102064021408	1.6796779747739312	0.38782497575234504	MYOC	0.26963323	False
651	4.33102064021408	1.6796779747739312	0.38782497575234504	VAMP4	0.26963323	False
652	4.33102064021408	1.6796779747739312	0.38782497575234504	EEF1AKNMT	0.26963323	False
653	4.540762614312633	1.9230593400133902	0.4235102125691055	DNM3	0.2696368	False
654	4.33102064021408	1.6796779747739312	0.38782497575234504	DNM3-IT1	0.26963323	False
655	4.735077117659634	2.236964942054972	0.4724241836974807	DNM3OS	0.26964137	False
656	4.735077117659634	2.236964942054972	0.4724241836974807	MIR214	0.26964137	False
657	4.735077117659634	2.236964942054972	0.4724241836974807	MIR199A2	0.26964137	False
658	4.735077117659634	2.236964942054972	0.4724241836974807	PIGC	0.26964137	False
659	4.735077117659634	2.236964942054972	0.4724241836974807	C1orf105	0.26964137	False
660	4.735077117659634	2.236964942054972	0.4724241836974807	SUCO	0.26964137	False
661	4.735077117659634	2.236964942054972	0.4724241836974807	FASLG	0.26964137	False
662	4.5040914385558795	1.8598899626671928	0.4129334379729019	TNFSF18	0.26963612	False
663	4.704636068243779	2.228664998098502	0.4737167691124838	TNFSF4	0.26964107	False
664	4.704636068243779	2.228664998098502	0.4737167691124838	LOC101928673	0.26964107	False
665	4.704636068243779	2.228664998098502	0.4737167691124838	PRDX6	0.26964107	False
666	4.704636068243779	2.228664998098502	0.4737167691124838	SLC9C2	0.26964107	False
667	4.704636068243779	2.228664998098502	0.4737167691124838	ANKRD45	0.26964107	False
668	4.704636068243779	2.228664998098502	0.4737167691124838	TEX50	0.26964107	False
669	4.704636068243779	2.228664998098502	0.4737167691124838	KLHL20	0.26964107	False
670	4.704636068243779	2.228664998098502	0.4737167691124838	CENPL	0.26964107	False
671	4.704636068243779	2.228664998098502	0.4737167691124838	DARS2	0.26964107	False
672	4.704636068243779	2.228664998098502	0.4737167691124838	GAS5-AS1	0.26964107	False
673	4.704636068243779	2.228664998098502	0.4737167691124838	GAS5	0.26964107	False
674	4.240696595503701	1.5229204722538632	0.35912035628028083	ZBTB37	0.2696315	False
675	4.240696595503701	1.5229204722538632	0.35912035628028083	SERPINC1	0.2696315	False
676	4.240696595503701	1.5229204722538632	0.35912035628028083	RC3H1	0.2696315	False
677	4.040536405476783	1.2847812960530836	0.31797295386612895	LOC102724601	0.26962844	False
678	3.631708506928493	0.8277312663873438	0.22791786973217054	RABGAP1L	0.2696236	False
679	4.040536405476783	1.2847812960530836	0.31797295386612895	GPR52	0.26962844	False
680	3.631708506928493	0.8277312663873438	0.22791786973217054	LOC101928696	0.2696236	False
681	3.631708506928493	0.8277312663873438	0.22791786973217054	CACYBP	0.2696236	False
682	3.631708506928493	0.8277312663873438	0.22791786973217054	MRPS14	0.2696236	False
683	3.631708506928493	0.8277312663873438	0.22791786973217054	TNN	0.2696236	False
684	3.123144056107831	0.4953352672359104	0.1586014792584413	KIAA0040	0.26962006	False
685	3.123144056107831	0.4953352672359104	0.1586014792584413	TNR	0.26962006	False
686	3.123144056107831	0.4953352672359104	0.1586014792584413	LINC01657	0.26962006	False
687	3.046186912992931	0.4088737459156241	0.13422477267289504	COP1	0.26961946	False
688	3.046186912992931	0.4088737459156241	0.13422477267289504	SCARNA3	0.26961946	False
689	3.0724619980172454	0.42444699481634723	0.13814556374993603	SEC16B	0.26961967	False
690	3.0724619980172454	0.42444699481634723	0.13814556374993603	RASAL2-AS1	0.26961967	False
691	3.0724619980172454	0.42444699481634723	0.13814556374993603	RASAL2	0.26961967	False
692	3.3051406717019414	0.6002193749218433	0.18160176359839103	TEX35	0.26962113	False
693	3.3051406717019414	0.6002193749218433	0.18160176359839103	C1orf220	0.26962113	False
694	3.3051406717019414	0.6002193749218433	0.18160176359839103	MIR4424	0.26962113	False
695	3.3027425274747815	0.5537637726472048	0.1676678602829518	RALGPS2	0.26962087	False
696	3.3051406717019414	0.6002193749218433	0.18160176359839103	ANGPTL1	0.26962113	False
697	3.3027425274747815	0.5537637726472048	0.1676678602829518	FAM20B	0.26962087	False
698	3.3027425274747815	0.5537637726472048	0.1676678602829518	TOR3A	0.26962087	False
699	3.3027425274747815	0.5537637726472048	0.1676678602829518	ABL2	0.26962087	False
700	3.453775456067326	0.68269829822874	0.19766725049523076	SOAT1	0.26962212	False
701	3.453775456067326	0.68269829822874	0.19766725049523076	AXDND1	0.26962212	False
702	3.453775456067326	0.68269829822874	0.19766725049523076	NPHS2	0.26962212	False
703	3.453775456067326	0.68269829822874	0.19766725049523076	TDRD5	0.26962212	False
704	3.453775456067326	0.68269829822874	0.19766725049523076	FAM163A	0.26962212	False
705	3.453775456067326	0.68269829822874	0.19766725049523076	TOR1AIP2	0.26962212	False
706	3.4636858861479323	0.6508104625890432	0.18789534732112467	TOR1AIP1	0.269622	False
707	3.4636858861479323	0.6508104625890432	0.18789534732112467	CEP350	0.269622	False
708	3.541062279923046	0.7287460867763991	0.20579872060093676	QSOX1	0.26962268	False
709	3.541062279923046	0.7287460867763991	0.20579872060093676	LHX4	0.26962268	False
710	3.541062279923046	0.7287460867763991	0.20579872060093676	LHX4-AS1	0.26962268	False
711	3.541062279923046	0.7287460867763991	0.20579872060093676	ACBD6	0.26962268	False
712	3.541062279923046	0.7287460867763991	0.20579872060093676	MIR3121	0.26962268	False
713	3.541062279923046	0.7287460867763991	0.20579872060093676	OVAAL	0.26962268	False
714	3.541062279923046	0.7287460867763991	0.20579872060093676	XPR1	0.26962268	False
715	3.5517776056237778	0.7068878552867942	0.19902368159749903	KIAA1614	0.26962256	False
716	3.5517776056237778	0.7068878552867942	0.19902368159749903	STX6	0.26962256	False
717	3.5517776056237778	0.7068878552867942	0.19902368159749903	MR1	0.26962256	False
718	3.5517776056237778	0.7068878552867942	0.19902368159749903	IER5	0.26962256	False
719	3.552048118545809	0.7134434667538853	0.20085411090826255	LINC01732	0.26962256	False
720	3.552048118545809	0.7134434667538853	0.20085411090826255	LINC01699	0.26962256	False
721	3.552048118545809	0.7134434667538853	0.20085411090826255	CACNA1E	0.26962256	False
722	3.6055476985511947	0.7325721338659557	0.20317915476761622	ZNF648	0.26962283	False
723	3.7192729668530147	0.8466281693480804	0.22763270587919154	LINC01344	0.26962394	False
724	3.7192729668530147	0.8466281693480804	0.22763270587919154	GLUL	0.26962394	False
725	3.7192729668530147	0.8466281693480804	0.22763270587919154	TEDDM1	0.26962394	False
726	3.7192729668530147	0.8466281693480804	0.22763270587919154	LINC00272	0.26962394	False
727	3.7192729668530147	0.8466281693480804	0.22763270587919154	RGSL1	0.26962394	False
728	3.7192729668530147	0.8466281693480804	0.22763270587919154	RNASEL	0.26962394	False
729	3.7192729668530147	0.8466281693480804	0.22763270587919154	RGS16	0.26962394	False
730	3.7192729668530147	0.8466281693480804	0.22763270587919154	LINC01686	0.26962394	False
731	3.7192729668530147	0.8466281693480804	0.22763270587919154	RGS8	0.26962394	False
732	3.7192729668530147	0.8466281693480804	0.22763270587919154	NPL	0.26962394	False
733	3.7192729668530147	0.8466281693480804	0.22763270587919154	DHX9	0.26962394	False
734	3.885864328877992	0.9784633262735245	0.2518006918054308	SHCBP1L	0.26962546	False
735	3.885864328877992	0.9784633262735245	0.2518006918054308	LAMC1	0.26962546	False
736	4.007335481166695	1.1308628829677	0.28219820583587896	LAMC2	0.26962712	False
737	4.007335481166695	1.1308628829677	0.28219820583587896	NMNAT2	0.26962712	False
738	4.007335481166695	1.1308628829677	0.28219820583587896	SMG7-AS1	0.26962712	False
739	4.007335481166695	1.1308628829677	0.28219820583587896	SMG7	0.26962712	False
740	4.007335481166695	1.1308628829677	0.28219820583587896	NCF2	0.26962712	False
741	4.007335481166695	1.1308628829677	0.28219820583587896	ARPC5	0.26962712	False
742	4.124225284802833	1.263471425589627	0.30635363937206206	RGL1	0.26962876	False
743	4.007335481166695	1.1308628829677	0.28219820583587896	APOBEC4	0.26962712	False
744	4.124225284802833	1.263471425589627	0.30635363937206206	COLGALT2	0.26962876	False
745	4.124225284802833	1.263471425589627	0.30635363937206206	TSEN15	0.26962876	False
746	4.300519813307517	1.5500236142388568	0.36042703708571877	C1orf21	0.26963198	False
747	4.300519813307517	1.5500236142388568	0.36042703708571877	EDEM3	0.26963198	False
748	4.314087374140562	1.5763663838412787	0.36539973513061197	FAM129A	0.26963207	False
749	4.314087374140562	1.5763663838412787	0.36539973513061197	RNF2	0.26963207	False
750	4.495445840262649	1.949302561806182	0.4336171830494777	TRMT1L	0.26963645	False
751	4.495445840262649	1.949302561806182	0.4336171830494777	SWT1	0.26963645	False
752	4.495445840262649	1.949302561806182	0.4336171830494777	IVNS1ABP	0.26963645	False
753	4.495445840262649	1.949302561806182	0.4336171830494777	GS1-279B7.1	0.26963645	False
754	4.495445840262649	1.949302561806182	0.4336171830494777	LINC01350	0.26963645	False
755	4.189264497645555	1.5326278098613535	0.3658465133253628	HMCN1	0.26963088	False
756	4.129037058024388	1.6054064091054097	0.388808912718634	PRG4	0.26963094	False
757	4.129037058024388	1.6054064091054097	0.388808912718634	TPR	0.26963094	False
758	4.129037058024388	1.6054064091054097	0.388808912718634	ODR4	0.26963094	False
759	4.129037058024388	1.6054064091054097	0.388808912718634	OCLM	0.26963094	False
760	4.129037058024388	1.6054064091054097	0.388808912718634	LOC102724919	0.26963094	False
761	4.129037058024388	1.6054064091054097	0.388808912718634	PDC	0.26963094	False
762	4.129037058024388	1.6054064091054097	0.388808912718634	PTGS2	0.26963094	False
763	4.129037058024388	1.6054064091054097	0.388808912718634	PACERR	0.26963094	False
764	3.8164537001245655	1.2443382820620692	0.32604569053764626	PLA2G4A	0.26962683	False
765	3.8164537001245655	1.2443382820620692	0.32604569053764626	LINC01036	0.26962683	False
766	3.6338386623506502	1.2433350667641982	0.3421547246018656	LINC01037	0.26962584	False
767	3.07386961701367	0.7232375146918357	0.23528568378071818	BRINP3	0.26962098	False
768	3.1335397526695528	0.857587746347476	0.2736801872760262	LINC01351	0.26962173	False
769	3.1335397526695528	0.857587746347476	0.2736801872760262	LINC01720	0.26962173	False
770	4.682117651115386	2.4889859444255444	0.5315940627490665	RGS18	0.2696431	False
771	4.682117651115386	2.4889859444255444	0.5315940627490665	RGS21	0.2696431	False
772	4.682117651115386	2.4889859444255444	0.5315940627490665	RGS1	0.2696431	False
773	4.682117651115386	2.4889859444255444	0.5315940627490665	RGS13	0.2696431	False
774	4.682117651115386	2.4889859444255444	0.5315940627490665	RGS2	0.2696431	False
775	4.615803098365132	2.341248691415845	0.5072245590902892	LINC01032	0.26964113	False
776	4.615803098365132	2.341248691415845	0.5072245590902892	UCHL5	0.26964113	False
777	4.615803098365132	2.341248691415845	0.5072245590902892	TROVE2	0.26964113	False
778	4.615803098365132	2.341248691415845	0.5072245590902892	GLRX2	0.26964113	False
779	4.880678041485481	2.959211977708922	0.6063116543553562	CDC73	0.2696502	False
780	4.880678041485481	2.959211977708922	0.6063116543553562	MIR1278	0.2696502	False
781	4.880678041485481	2.959211977708922	0.6063116543553562	B3GALT2	0.2696502	False
782	4.880678041485481	2.959211977708922	0.6063116543553562	LINC01031	0.2696502	False
783	7.019251606493048	11.019908122849305	1.5699548528301097	KCNT2	0.27037787	False
784	7.019251606493048	11.019908122849305	1.5699548528301097	MIR4735	0.27037787	False
785	7.019251606493048	11.019908122849305	1.5699548528301097	CFH	0.27037787	False
786	7.019251606493048	11.019908122849305	1.5699548528301097	CFHR3	0.27037787	False
787	6.329680930519422	7.770910733172908	1.2276939103998747	CFHR2	0.26982138	False
788	7.019251606493048	11.019908122849305	1.5699548528301097	CFHR1	0.27037787	False
789	6.329680930519422	7.770910733172908	1.2276939103998747	CFHR4	0.26982138	False
790	6.329680930519422	7.770910733172908	1.2276939103998747	CFHR5	0.26982138	False
791	6.329680930519422	7.770910733172908	1.2276939103998747	F13B	0.26982138	False
792	6.329680930519422	7.770910733172908	1.2276939103998747	ASPM	0.26982138	False
793	6.519320870124579	8.13643315998161	1.248049194398086	ZBTB41	0.2698519	False
794	6.519320870124579	8.13643315998161	1.248049194398086	CRB1	0.2698519	False
795	6.519320870124579	8.13643315998161	1.248049194398086	DENND1B	0.2698519	False
796	6.016837312953939	6.025400287920523	1.0014231687714323	C1orf53	0.2697305	False
797	6.016837312953939	6.025400287920523	1.0014231687714323	LHX9	0.2697305	False
798	5.486015723200246	3.988869189715535	0.727097659025418	NEK7	0.26967227	False
799	5.486015723200246	3.988869189715535	0.727097659025418	ATP6V1G3	0.26967227	False
800	5.486015723200246	3.988869189715535	0.727097659025418	PTPRC	0.26967227	False
801	5.190991574387799	3.300852794745908	0.6358809771590113	MIR181A1HG	0.2696584	False
802	5.486015723200246	3.988869189715535	0.727097659025418	MIR181B1	0.26967227	False
803	5.486015723200246	3.988869189715535	0.727097659025418	MIR181A1	0.26967227	False
804	5.190991574387799	3.300852794745908	0.6358809771590113	LINC01222	0.2696584	False
805	5.190991574387799	3.300852794745908	0.6358809771590113	LINC01221	0.2696584	False
806	4.505321225252455	1.9358632693801685	0.4296837389817177	NR5A2	0.26963693	False
807	4.604856258228987	2.0893453912765767	0.4537265169879878	LINC00862	0.26963964	False
808	4.604856258228987	2.0893453912765767	0.4537265169879878	ZNF281	0.26963964	False
809	4.604856258228987	2.0893453912765767	0.4537265169879878	KIF14	0.26963964	False
810	4.604856258228987	2.0893453912765767	0.4537265169879878	DDX59	0.26963964	False
811	4.604856258228987	2.0893453912765767	0.4537265169879878	LOC101929224	0.26963964	False
812	4.604856258228987	2.0893453912765767	0.4537265169879878	CAMSAP2	0.26963964	False
813	4.604856258228987	2.0893453912765767	0.4537265169879878	GPR25	0.26963964	False
814	4.38798954884303	1.7333347485894068	0.3950179756117311	INAVA	0.26963493	False
815	4.38798954884303	1.7333347485894068	0.3950179756117311	KIF21B	0.26963493	False
816	4.38798954884303	1.7333347485894068	0.3950179756117311	CACNA1S	0.26963493	False
817	4.382649808715567	1.6039473479975421	0.365976616431422	ASCL5	0.26963383	False
818	4.382649808715567	1.6039473479975421	0.365976616431422	TMEM9	0.26963383	False
819	4.382649808715567	1.6039473479975421	0.365976616431422	IGFN1	0.26963383	False
820	4.382649808715567	1.6039473479975421	0.365976616431422	PKP1	0.26963383	False
821	4.382649808715567	1.6039473479975421	0.365976616431422	TNNT2	0.26963383	False
822	4.382649808715567	1.6039473479975421	0.365976616431422	LAD1	0.26963383	False
823	4.382649808715567	1.6039473479975421	0.365976616431422	TNNI1	0.26963383	False
824	4.382649808715567	1.6039473479975421	0.365976616431422	PHLDA3	0.26963383	False
825	4.382649808715567	1.6039473479975421	0.365976616431422	CSRP1	0.26963383	False
826	4.382649808715567	1.6039473479975421	0.365976616431422	NAV1	0.26963383	False
827	4.382649808715567	1.6039473479975421	0.365976616431422	IPO9-AS1	0.26963383	False
828	4.382649808715567	1.6039473479975421	0.365976616431422	MIR5191	0.26963383	False
829	4.382649808715567	1.6039473479975421	0.365976616431422	MIR1231	0.26963383	False
830	4.382649808715567	1.6039473479975421	0.365976616431422	IPO9	0.26963383	False
831	4.382649808715567	1.6039473479975421	0.365976616431422	MIR6739	0.26963383	False
832	4.382649808715567	1.6039473479975421	0.365976616431422	SHISA4	0.26963383	False
833	4.239068206422773	1.3749654087025072	0.3243555757416795	LMOD1	0.26963106	False
834	4.239068206422773	1.3749654087025072	0.3243555757416795	TIMM17A	0.26963106	False
835	4.239068206422773	1.3749654087025072	0.3243555757416795	RNPEP	0.26963106	False
836	4.239068206422773	1.3749654087025072	0.3243555757416795	MIR6740	0.26963106	False
837	4.239068206422773	1.3749654087025072	0.3243555757416795	ELF3	0.26963106	False
838	4.1228090549836205	1.261676802307376	0.3060235837947117	GPR37L1	0.2696295	False
839	4.1228090549836205	1.261676802307376	0.3060235837947117	ARL8A	0.2696295	False
840	4.1228090549836205	1.261676802307376	0.3060235837947117	PTPN7	0.2696295	False
841	4.1228090549836205	1.261676802307376	0.3060235837947117	LGR6	0.2696295	False
842	4.1228090549836205	1.261676802307376	0.3060235837947117	UBE2T	0.2696295	False
843	4.1228090549836205	1.261676802307376	0.3060235837947117	PPP1R12B	0.2696295	False
844	4.1228090549836205	1.261676802307376	0.3060235837947117	SYT2	0.2696295	False
845	4.1228090549836205	1.261676802307376	0.3060235837947117	KDM5B	0.2696295	False
846	4.1228090549836205	1.261676802307376	0.3060235837947117	PCAT6	0.2696295	False
847	4.1228090549836205	1.261676802307376	0.3060235837947117	RABIF	0.2696295	False
848	3.99017543242668	1.0837828563612006	0.2716128337500397	KLHL12	0.26962745	False
849	3.99017543242668	1.0837828563612006	0.2716128337500397	ADIPOR1	0.26962745	False
850	3.99017543242668	1.0837828563612006	0.2716128337500397	CYB5R1	0.26962745	False
851	3.99017543242668	1.0837828563612006	0.2716128337500397	TMEM183A	0.26962745	False
852	3.99017543242668	1.0837828563612006	0.2716128337500397	PPFIA4	0.26962745	False
853	3.99017543242668	1.0837828563612006	0.2716128337500397	MYOG	0.26962745	False
854	3.99017543242668	1.0837828563612006	0.2716128337500397	ADORA1	0.26962745	False
855	3.7615435165972	0.8945733209991148	0.2378208086791912	MYBPH	0.2696249	False
856	3.7615435165972	0.8945733209991148	0.2378208086791912	CHI3L1	0.2696249	False
857	3.7615435165972	0.8945733209991148	0.2378208086791912	CHIT1	0.2696249	False
858	3.7615435165972	0.8945733209991148	0.2378208086791912	LINC01353	0.2696249	False
859	3.7615435165972	0.8945733209991148	0.2378208086791912	LINC01136	0.2696249	False
860	3.7615435165972	0.8945733209991148	0.2378208086791912	BTG2	0.2696249	False
861	3.7615435165972	0.8945733209991148	0.2378208086791912	FMOD	0.2696249	False
862	3.7615435165972	0.8945733209991148	0.2378208086791912	PRELP	0.2696249	False
863	3.7615435165972	0.8945733209991148	0.2378208086791912	OPTC	0.2696249	False
864	3.7615435165972	0.8945733209991148	0.2378208086791912	ATP2B4	0.2696249	False
865	3.7615435165972	0.8945733209991148	0.2378208086791912	SNORA77	0.2696249	False
866	3.7615435165972	0.8945733209991148	0.2378208086791912	LAX1	0.2696249	False
867	3.7615435165972	0.8945733209991148	0.2378208086791912	ZC3H11A	0.2696249	False
868	3.7615435165972	0.8945733209991148	0.2378208086791912	ZBED6	0.2696249	False
869	3.7615435165972	0.8945733209991148	0.2378208086791912	SNRPE	0.2696249	False
870	3.75989625523983	0.8806879074085608	0.23423197014577865	LINC00303	0.26962498	False
871	3.75989625523983	0.8806879074085608	0.23423197014577865	SOX13	0.26962498	False
872	3.7572828865706662	0.8837068634751272	0.23519838408592678	ETNK2	0.26962483	False
873	3.7572828865706662	0.8837068634751272	0.23519838408592678	ERLNC1	0.26962483	False
874	3.7572828865706662	0.8837068634751272	0.23519838408592678	REN	0.26962483	False
875	3.7572828865706662	0.8837068634751272	0.23519838408592678	KISS1	0.26962483	False
876	3.7572828865706662	0.8837068634751272	0.23519838408592678	GOLT1A	0.26962483	False
877	3.7572828865706662	0.8837068634751272	0.23519838408592678	PLEKHA6	0.26962483	False
878	3.7572828865706662	0.8837068634751272	0.23519838408592678	LINC00628	0.26962483	False
879	3.7572828865706662	0.8837068634751272	0.23519838408592678	PPP1R15B	0.26962483	False
880	3.7572828865706662	0.8837068634751272	0.23519838408592678	PIK3C2B	0.26962483	False
881	3.7572828865706662	0.8837068634751272	0.23519838408592678	MDM4	0.26962483	False
882	3.7572828865706662	0.8837068634751272	0.23519838408592678	LRRN2	0.26962483	False
883	3.8065660213262507	0.9703634531244483	0.2549183299824556	NFASC	0.26962572	False
884	3.8065660213262507	0.9703634531244483	0.2549183299824556	CNTN2	0.26962572	False
885	3.8065660213262507	0.9703634531244483	0.2549183299824556	TMEM81	0.26962572	False
886	3.8065660213262507	0.9703634531244483	0.2549183299824556	RBBP5	0.26962572	False
887	3.823223332283817	1.006257851411808	0.26319619963469826	DSTYK	0.26962593	False
888	3.823223332283817	1.006257851411808	0.26319619963469826	TMCC2	0.26962593	False
889	3.823223332283817	1.006257851411808	0.26319619963469826	NUAK2	0.26962593	False
890	3.823223332283817	1.006257851411808	0.26319619963469826	KLHDC8A	0.26962593	False
891	3.823223332283817	1.006257851411808	0.26319619963469826	LEMD1-AS1	0.26962593	False
892	3.823223332283817	1.006257851411808	0.26319619963469826	LEMD1	0.26962593	False
893	3.823223332283817	1.006257851411808	0.26319619963469826	BLACAT1	0.26962593	False
894	3.823223332283817	1.006257851411808	0.26319619963469826	MIR135B	0.26962593	False
895	3.823223332283817	1.006257851411808	0.26319619963469826	CDK18	0.26962593	False
896	3.823223332283817	1.006257851411808	0.26319619963469826	MFSD4A	0.26962593	False
897	3.823223332283817	1.006257851411808	0.26319619963469826	ELK4	0.26962593	False
898	3.823223332283817	1.006257851411808	0.26319619963469826	SLC45A3	0.26962593	False
899	3.823223332283817	1.006257851411808	0.26319619963469826	NUCKS1	0.26962593	False
900	3.823223332283817	1.006257851411808	0.26319619963469826	RAB29	0.26962593	False
901	3.823223332283817	1.006257851411808	0.26319619963469826	SLC41A1	0.26962593	False
902	3.823223332283817	1.006257851411808	0.26319619963469826	PM20D1	0.26962593	False
903	3.8407275588952987	1.022986374477045	0.26635223633807675	SLC26A9	0.26962602	False
904	3.8407275588952987	1.022986374477045	0.26635223633807675	SLC26A9-AS1	0.26962602	False
905	3.8407275588952987	1.022986374477045	0.26635223633807675	RAB7B	0.26962602	False
906	3.8407275588952987	1.022986374477045	0.26635223633807675	CTSE	0.26962602	False
907	3.8407275588952987	1.022986374477045	0.26635223633807675	RHEX	0.26962602	False
908	3.952457982998225	1.1410307591011557	0.2886889029584576	AVPR1B	0.26962712	False
909	3.952457982998225	1.1410307591011557	0.2886889029584576	FAM72A	0.26962712	False
910	3.952457982998225	1.1410307591011557	0.2886889029584576	SRGAP2	0.26962712	False
911	3.952457982998225	1.1410307591011557	0.2886889029584576	IKBKE	0.26962712	False
912	3.952457982998225	1.1410307591011557	0.2886889029584576	MIR6769B	0.26962712	False
913	3.952457982998225	1.1410307591011557	0.2886889029584576	RASSF5	0.26962712	False
914	3.952457982998225	1.1410307591011557	0.2886889029584576	EIF2D	0.26962712	False
915	3.952457982998225	1.1410307591011557	0.2886889029584576	DYRK3	0.26962712	False
916	3.952457982998225	1.1410307591011557	0.2886889029584576	MAPKAPK2	0.26962712	False
917	3.952457982998225	1.1410307591011557	0.2886889029584576	IL10	0.26962712	False
918	3.952457982998225	1.1410307591011557	0.2886889029584576	IL19	0.26962712	False
919	3.952457982998225	1.1410307591011557	0.2886889029584576	IL20	0.26962712	False
920	3.83077852891885	0.9964519090358427	0.26011733685817345	IL24	0.2696257	False
921	3.83077852891885	0.9964519090358427	0.26011733685817345	FCMR	0.2696257	False
922	3.83077852891885	0.9964519090358427	0.26011733685817345	PIGR	0.2696257	False
923	3.83077852891885	0.9964519090358427	0.26011733685817345	FCAMR	0.2696257	False
924	3.83077852891885	0.9964519090358427	0.26011733685817345	C1orf116	0.2696257	False
925	3.83077852891885	0.9964519090358427	0.26011733685817345	PFKFB2	0.2696257	False
926	3.83077852891885	0.9964519090358427	0.26011733685817345	YOD1	0.2696257	False
927	3.83077852891885	0.9964519090358427	0.26011733685817345	C4BPB	0.2696257	False
928	3.8756160612893917	1.0534318391799498	0.27181016450568635	C4BPA	0.2696262	False
929	3.8756160612893917	1.0534318391799498	0.27181016450568635	CD55	0.2696262	False
930	3.8756160612893917	1.0534318391799498	0.27181016450568635	CR2	0.2696262	False
931	3.8756160612893917	1.0534318391799498	0.27181016450568635	CR1	0.2696262	False
932	3.8756160612893917	1.0534318391799498	0.27181016450568635	CR1L	0.2696262	False
933	3.8756160612893917	1.0534318391799498	0.27181016450568635	CD46	0.2696262	False
934	3.8756160612893917	1.0534318391799498	0.27181016450568635	MIR29B2CHG	0.2696262	False
935	3.8756160612893917	1.0534318391799498	0.27181016450568635	MIR29C	0.2696262	False
936	3.8756160612893917	1.0534318391799498	0.27181016450568635	MIR29B2	0.2696262	False
937	3.604074351863173	0.7787673284072009	0.2160797065700398	CD34	0.26962343	False
938	3.604074351863173	0.7787673284072009	0.2160797065700398	PLXNA2	0.26962343	False
939	3.3016093957476733	0.5389089140941314	0.16322612686655855	LINC01696	0.26962087	False
940	3.3016093957476733	0.5389089140941314	0.16322612686655855	MIR205HG	0.26962087	False
941	3.3016093957476733	0.5389089140941314	0.16322612686655855	MIR205	0.26962087	False
942	3.3016093957476733	0.5389089140941314	0.16322612686655855	CAMK1G	0.26962087	False
943	3.3016093957476733	0.5389089140941314	0.16322612686655855	LAMB3	0.26962087	False
944	3.3016093957476733	0.5389089140941314	0.16322612686655855	MIR4260	0.26962087	False
945	3.3016093957476733	0.5389089140941314	0.16322612686655855	HSD11B1-AS1	0.26962087	False
946	3.3016093957476733	0.5389089140941314	0.16322612686655855	G0S2	0.26962087	False
947	3.3016093957476733	0.5389089140941314	0.16322612686655855	HSD11B1	0.26962087	False
948	3.3016093957476733	0.5389089140941314	0.16322612686655855	TRAF3IP3	0.26962087	False
949	3.3016093957476733	0.5389089140941314	0.16322612686655855	C1orf74	0.26962087	False
950	3.3016093957476733	0.5389089140941314	0.16322612686655855	IRF6	0.26962087	False
951	3.3016093957476733	0.5389089140941314	0.16322612686655855	UTP25	0.26962087	False
952	3.459418084040731	0.5987793409892306	0.17308672338610015	SYT14	0.26962164	False
953	3.4490617511101918	0.6193847558243272	0.17958065135393944	SERTAD4-AS1	0.2696218	False
954	3.4490617511101918	0.6193847558243272	0.17958065135393944	SERTAD4	0.2696218	False
955	3.4490617511101918	0.6193847558243272	0.17958065135393944	HHAT	0.2696218	False
956	3.628246262716086	0.7474626893876067	0.20601211584465606	KCNH1	0.2696232	False
957	3.904933648541995	1.0491657459062063	0.26867697132265966	RCOR3	0.26962635	False
958	3.904933648541995	1.0491657459062063	0.26867697132265966	TRAF5	0.26962635	False
959	3.904933648541995	1.0491657459062063	0.26867697132265966	LINC00467	0.26962635	False
960	3.904933648541995	1.0491657459062063	0.26867697132265966	RD3	0.26962635	False
961	3.904933648541995	1.0491657459062063	0.26867697132265966	SLC30A1	0.26962635	False
962	3.904933648541995	1.0491657459062063	0.26867697132265966	LINC01693	0.26962635	False
963	3.904933648541995	1.0491657459062063	0.26867697132265966	NEK2	0.26962635	False
964	3.904933648541995	1.0491657459062063	0.26867697132265966	LPGAT1	0.26962635	False
965	3.873910646882944	0.9963358022603126	0.2571912191784785	INTS7	0.26962584	False
966	3.873910646882944	0.9963358022603126	0.2571912191784785	DTL	0.26962584	False
967	3.873910646882944	0.9963358022603126	0.2571912191784785	MIR3122	0.26962584	False
968	4.041694022779552	1.1929241200821548	0.29515448555943813	LINC02608	0.26962802	False
969	4.041694022779552	1.1929241200821548	0.29515448555943813	PPP2R5A	0.26962802	False
970	4.041694022779552	1.1929241200821548	0.29515448555943813	SNORA16B	0.26962802	False
971	4.041694022779552	1.1929241200821548	0.29515448555943813	TMEM206	0.26962802	False
972	4.041694022779552	1.1929241200821548	0.29515448555943813	NENF	0.26962802	False
973	4.041694022779552	1.1929241200821548	0.29515448555943813	LINC01740	0.26962802	False
974	4.041694022779552	1.1929241200821548	0.29515448555943813	ATF3	0.26962802	False
975	4.041694022779552	1.1929241200821548	0.29515448555943813	FAM71A	0.26962802	False
976	4.041694022779552	1.1929241200821548	0.29515448555943813	BATF3	0.26962802	False
977	4.041694022779552	1.1929241200821548	0.29515448555943813	NSL1	0.26962802	False
978	4.041694022779552	1.1929241200821548	0.29515448555943813	TATDN3	0.26962802	False
979	4.041694022779552	1.1929241200821548	0.29515448555943813	SPATA45	0.26962802	False
980	4.041694022779552	1.1929241200821548	0.29515448555943813	FLVCR1-DT	0.26962802	False
981	4.041694022779552	1.1929241200821548	0.29515448555943813	FLVCR1	0.26962802	False
982	3.8888502525253084	1.045020907360724	0.26872233166656834	VASH2	0.26962635	False
983	3.8888502525253084	1.045020907360724	0.26872233166656834	ANGEL2	0.26962635	False
984	3.8888502525253084	1.045020907360724	0.26872233166656834	RPS6KC1	0.26962635	False
985	3.7956367939863402	0.9554771811789252	0.2517304033654501	PROX1-AS1	0.2696251	False
986	3.7956367939863402	0.9554771811789252	0.2517304033654501	PROX1	0.2696251	False
987	3.689254623389837	0.9021290803829695	0.24452882017507824	SMYD2	0.26962405	False
988	3.689254623389837	0.9021290803829695	0.24452882017507824	PTPN14	0.26962405	False
989	3.689254623389837	0.9021290803829695	0.24452882017507824	CENPF	0.26962405	False
990	3.573225288577792	0.7940811905502245	0.2222309332379888	KCNK2	0.26962298	False
991	3.5049002788502865	0.8522029335363772	0.24314612848726344	KCTD3	0.26962307	False
992	3.371580040671444	0.7080438917626392	0.21000358384540488	USH2A	0.26962173	False
993	3.371580040671444	0.7080438917626392	0.21000358384540488	LOC102723833	0.26962173	False
994	3.3441893655181363	0.713403280608235	0.21332622128523004	ESRRG	0.2696217	False
995	3.2984356710776312	0.7520308792510059	0.22799622434513328	GPATCH2	0.26962164	False
996	3.2984356710776312	0.7520308792510059	0.22799622434513328	SPATA17	0.26962164	False
997	3.2984356710776312	0.7520308792510059	0.22799622434513328	SPATA17-AS1	0.26962164	False
998	3.4578095586461175	0.7691608582063004	0.2224416484369545	LINC00210	0.2696224	False
999	3.4578095586461175	0.7691608582063004	0.2224416484369545	LINC01653	0.2696224	False
1000	3.5335617660821526	0.8791680833702372	0.2488050702294692	RRP15	0.2696233	False
1001	3.5335617660821526	0.8791680833702372	0.2488050702294692	TGFB2-AS1	0.2696233	False
1002	3.5335617660821526	0.8791680833702372	0.2488050702294692	TGFB2	0.2696233	False
1003	3.5335617660821526	0.8791680833702372	0.2488050702294692	TGFB2-OT1	0.2696233	False
1004	3.8396387596375248	1.084361895876901	0.2824124777767554	LYPLAL1-DT	0.26962608	False
1005	4.118346186515879	1.4568732927812957	0.3537520224869222	LYPLAL1	0.26963028	False
1006	4.32076632893157	1.6973846872076315	0.3928434351661311	SLC30A10	0.26963362	False
1007	4.32076632893157	1.6973846872076315	0.3928434351661311	EPRS	0.26963362	False
1008	4.32076632893157	1.6973846872076315	0.3928434351661311	BPNT1	0.26963362	False
1009	4.32076632893157	1.6973846872076315	0.3928434351661311	IARS2	0.26963362	False
1010	4.62623487594366	2.2208604943745645	0.48005787728655974	MIR215	0.26964086	False
1011	4.62623487594366	2.2208604943745645	0.48005787728655974	MIR194-1	0.26964086	False
1012	4.62623487594366	2.2208604943745645	0.48005787728655974	RAB3GAP2	0.26964086	False
1013	4.62623487594366	2.2208604943745645	0.48005787728655974	MIR664A	0.26964086	False
1014	4.62623487594366	2.2208604943745645	0.48005787728655974	SNORA36B	0.26964086	False
1015	4.62623487594366	2.2208604943745645	0.48005787728655974	MARK1	0.26964086	False
1016	4.62623487594366	2.2208604943745645	0.48005787728655974	C1orf115	0.26964086	False
1017	4.62623487594366	2.2208604943745645	0.48005787728655974	MARC2	0.26964086	False
1018	4.62623487594366	2.2208604943745645	0.48005787728655974	MARC1	0.26964086	False
1019	4.62623487594366	2.2208604943745645	0.48005787728655974	LINC01352	0.26964086	False
1020	4.62623487594366	2.2208604943745645	0.48005787728655974	HLX-AS1	0.26964086	False
1021	4.62623487594366	2.2208604943745645	0.48005787728655974	HLX	0.26964086	False
1022	4.92763245453221	2.838906790066061	0.576119833664738	C1orf140	0.2696502	False
1023	4.92763245453221	2.838906790066061	0.576119833664738	DUSP10	0.2696502	False
1024	4.92763245453221	2.838906790066061	0.576119833664738	LINC01655	0.2696502	False
1025	5.063118411650434	3.1314317863469268	0.6184788764057699	HHIPL2	0.26965562	False
1026	5.063118411650434	3.1314317863469268	0.6184788764057699	TAF1A	0.26965562	False
1027	5.063118411650434	3.1314317863469268	0.6184788764057699	TAF1A-AS1	0.26965562	False
1028	5.063118411650434	3.1314317863469268	0.6184788764057699	MIA3	0.26965562	False
1029	5.063118411650434	3.1314317863469268	0.6184788764057699	AIDA	0.26965562	False
1030	5.063118411650434	3.1314317863469268	0.6184788764057699	BROX	0.26965562	False
1031	5.063118411650434	3.1314317863469268	0.6184788764057699	FAM177B	0.26965562	False
1032	5.063118411650434	3.1314317863469268	0.6184788764057699	DISP1	0.26965562	False
1033	4.229726701854567	1.4392172490683162	0.3402624685980956	FBXO28	0.26963088	False
1034	4.229726701854567	1.4392172490683162	0.3402624685980956	DEGS1	0.26963088	False
1035	4.229726701854567	1.4392172490683162	0.3402624685980956	LOC101927143	0.26963088	False
1036	4.229726701854567	1.4392172490683162	0.3402624685980956	LOC101927164	0.26963088	False
1037	4.229726701854567	1.4392172490683162	0.3402624685980956	NVL	0.26963088	False
1038	4.229726701854567	1.4392172490683162	0.3402624685980956	MIR320B2	0.26963088	False
1039	4.229726701854567	1.4392172490683162	0.3402624685980956	CNIH4	0.26963088	False
1040	4.229726701854567	1.4392172490683162	0.3402624685980956	WDR26	0.26963088	False
1041	4.229726701854567	1.4392172490683162	0.3402624685980956	MIR4742	0.26963088	False
1042	4.229726701854567	1.4392172490683162	0.3402624685980956	CNIH3	0.26963088	False
1043	4.181307895610062	1.4063173560716233	0.3363343219828681	DNAH14	0.26963052	False
1044	4.181307895610062	1.4063173560716233	0.3363343219828681	LBR	0.26963052	False
1045	4.181307895610062	1.4063173560716233	0.3363343219828681	ENAH	0.26963052	False
1046	4.181307895610062	1.4063173560716233	0.3363343219828681	SRP9	0.26963052	False
1047	4.181307895610062	1.4063173560716233	0.3363343219828681	EPHX1	0.26963052	False
1048	4.181307895610062	1.4063173560716233	0.3363343219828681	TMEM63A	0.26963052	False
1049	4.181307895610062	1.4063173560716233	0.3363343219828681	LEFTY1	0.26963052	False
1050	4.181307895610062	1.4063173560716233	0.3363343219828681	PYCR2	0.26963052	False
1051	4.181307895610062	1.4063173560716233	0.3363343219828681	MIR6741	0.26963052	False
1052	4.181307895610062	1.4063173560716233	0.3363343219828681	LEFTY2	0.26963052	False
1053	4.181307895610062	1.4063173560716233	0.3363343219828681	SDE2	0.26963052	False
1054	4.181307895610062	1.4063173560716233	0.3363343219828681	H3F3AP4	0.26963052	False
1055	4.181307895610062	1.4063173560716233	0.3363343219828681	H3F3A	0.26963052	False
1056	4.181307895610062	1.4063173560716233	0.3363343219828681	ACBD3	0.26963052	False
1057	4.181307895610062	1.4063173560716233	0.3363343219828681	MIXL1	0.26963052	False
1058	4.181307895610062	1.4063173560716233	0.3363343219828681	LIN9	0.26963052	False
1059	4.181307895610062	1.4063173560716233	0.3363343219828681	PARP1	0.26963052	False
1060	4.181307895610062	1.4063173560716233	0.3363343219828681	STUM	0.26963052	False
1061	4.181307895610062	1.4063173560716233	0.3363343219828681	ITPKB	0.26963052	False
1062	4.181307895610062	1.4063173560716233	0.3363343219828681	ITPKB-IT1	0.26963052	False
1063	4.181307895610062	1.4063173560716233	0.3363343219828681	PSEN2	0.26963052	False
1064	4.181307895610062	1.4063173560716233	0.3363343219828681	COQ8A	0.26963052	False
1065	4.181307895610062	1.4063173560716233	0.3363343219828681	CDC42BPA	0.26963052	False
1066	4.185521221761493	1.4352986099906742	0.3429199217837493	ZNF678	0.26963088	False
1067	4.185521221761493	1.4352986099906742	0.3429199217837493	SNAP47	0.26963088	False
1068	4.185521221761493	1.4352986099906742	0.3429199217837493	JMJD4	0.26963088	False
1069	4.185521221761493	1.4352986099906742	0.3429199217837493	PRSS38	0.26963088	False
1070	4.185521221761493	1.4352986099906742	0.3429199217837493	WNT9A	0.26963088	False
1071	4.185521221761493	1.4352986099906742	0.3429199217837493	MIR5008	0.26963088	False
1072	4.185521221761493	1.4352986099906742	0.3429199217837493	WNT3A	0.26963088	False
1073	4.185521221761493	1.4352986099906742	0.3429199217837493	ARF1	0.26963088	False
1074	4.185521221761493	1.4352986099906742	0.3429199217837493	MIR3620	0.26963088	False
1075	3.789580929295126	0.9894476188100034	0.2610968434955798	RAB4A	0.26962537	False
1076	3.789580929295126	0.9894476188100034	0.2610968434955798	SPHAR	0.26962537	False
1077	3.789580929295126	0.9894476188100034	0.2610968434955798	CCSAP	0.26962537	False
1078	3.789580929295126	0.9894476188100034	0.2610968434955798	ACTA1	0.26962537	False
1079	3.789580929295126	0.9894476188100034	0.2610968434955798	NUP133	0.26962537	False
1080	3.789580929295126	0.9894476188100034	0.2610968434955798	LOC101927478	0.26962537	False
1081	3.789580929295126	0.9894476188100034	0.2610968434955798	ABCB10	0.26962537	False
1082	3.789580929295126	0.9894476188100034	0.2610968434955798	TAF5L	0.26962537	False
1083	3.789580929295126	0.9894476188100034	0.2610968434955798	URB2	0.26962537	False
1084	3.9576397572622963	1.125059313620593	0.28427532130889416	LINC01736	0.26962712	False
1085	3.9576397572622963	1.125059313620593	0.28427532130889416	GALNT2	0.26962712	False
1086	3.9576397572622963	1.125059313620593	0.28427532130889416	PGBD5	0.26962712	False
1087	3.9576397572622963	1.125059313620593	0.28427532130889416	COG2	0.26962712	False
1088	3.9576397572622963	1.125059313620593	0.28427532130889416	AGT	0.26962712	False
1089	3.9576397572622963	1.125059313620593	0.28427532130889416	CAPN9	0.26962712	False
1090	3.9576397572622963	1.125059313620593	0.28427532130889416	C1orf198	0.26962712	False
1091	3.9576397572622963	1.125059313620593	0.28427532130889416	LOC101927604	0.26962712	False
1092	3.7726852582903825	0.8987657574211283	0.23822972124327435	TTC13	0.2696247	False
1093	3.7726852582903825	0.8987657574211283	0.23822972124327435	ARV1	0.2696247	False
1094	3.7726852582903825	0.8987657574211283	0.23822972124327435	FAM89A	0.2696247	False
1095	3.7726852582903825	0.8987657574211283	0.23822972124327435	MIR1182	0.2696247	False
1096	3.7726852582903825	0.8987657574211283	0.23822972124327435	TRIM67	0.2696247	False
1097	3.7726852582903825	0.8987657574211283	0.23822972124327435	LOC149373	0.2696247	False
1098	3.7726852582903825	0.8987657574211283	0.23822972124327435	C1orf131	0.2696247	False
1099	3.7726852582903825	0.8987657574211283	0.23822972124327435	GNPAT	0.2696247	False
1100	3.7726852582903825	0.8987657574211283	0.23822972124327435	EXOC8	0.2696247	False
1101	3.7726852582903825	0.8987657574211283	0.23822972124327435	SPRTN	0.2696247	False
1102	3.7726852582903825	0.8987657574211283	0.23822972124327435	EGLN1	0.2696247	False
1103	3.7726852582903825	0.8987657574211283	0.23822972124327435	TSNAX	0.2696247	False
1104	3.7726852582903825	0.8987657574211283	0.23822972124327435	TSNAX-DISC1	0.2696247	False
1105	3.7726852582903825	0.8987657574211283	0.23822972124327435	LINC00582	0.2696247	False
1106	4.153968971317052	1.3015692975290343	0.313331492487379	DISC1	0.26962984	False
1107	4.153968971317052	1.3015692975290343	0.313331492487379	DISC1-IT1	0.26962984	False
1108	4.301440591588289	1.5384913144220835	0.35766885108925844	SIPA1L2	0.2696328	False
1109	4.301440591588289	1.5384913144220835	0.35766885108925844	LINC01744	0.2696328	False
1110	4.301440591588289	1.5384913144220835	0.35766885108925844	MAP10	0.2696328	False
1111	4.5240732151583325	1.9353758946866824	0.4277949985871191	NTPCR	0.26963818	False
1112	4.5240732151583325	1.9353758946866824	0.4277949985871191	PCNX2	0.26963818	False
1113	4.698276923316628	2.2134857835023833	0.4711271429143069	MAP3K21	0.26964208	False
1114	4.698276923316628	2.2134857835023833	0.4711271429143069	KCNK1	0.26964208	False
1115	4.698276923316628	2.2134857835023833	0.4711271429143069	MIR4427	0.26964208	False
1116	4.812894286083535	2.448593788357515	0.5087570270216852	SLC35F3	0.26964566	False
1117	5.318598704752844	3.427282310585194	0.6443957329441835	MIR4671	0.26966396	False
1118	5.318598704752844	3.427282310585194	0.6443957329441835	COA6-AS1	0.26966396	False
1119	5.318598704752844	3.427282310585194	0.6443957329441835	COA6	0.26966396	False
1120	5.318598704752844	3.427282310585194	0.6443957329441835	TARBP1	0.26966396	False
1121	5.318598704752844	3.427282310585194	0.6443957329441835	LINC01354	0.26966396	False
1122	5.318598704752844	3.427282310585194	0.6443957329441835	IRF2BP2	0.26966396	False
1123	5.318598704752844	3.427282310585194	0.6443957329441835	LINC00184	0.26966396	False
1124	5.318598704752844	3.427282310585194	0.6443957329441835	LOC101927787	0.26966396	False
1125	5.318598704752844	3.427282310585194	0.6443957329441835	LINC01132	0.26966396	False
1126	4.771965255415699	2.3166920850126633	0.485479663202378	LOC101927851	0.26964352	False
1127	4.62440803102772	2.0179495471082105	0.4363692679297906	TOMM20	0.2696389	False
1128	4.62440803102772	2.0179495471082105	0.4363692679297906	SNORA14B	0.2696389	False
1129	4.62440803102772	2.0179495471082105	0.4363692679297906	RBM34	0.2696389	False
1130	4.62440803102772	2.0179495471082105	0.4363692679297906	ARID4B	0.2696389	False
1131	4.62440803102772	2.0179495471082105	0.4363692679297906	MIR4753	0.2696389	False
1132	4.62440803102772	2.0179495471082105	0.4363692679297906	GGPS1	0.2696389	False
1133	4.62440803102772	2.0179495471082105	0.4363692679297906	TBCE	0.2696389	False
1134	4.62440803102772	2.0179495471082105	0.4363692679297906	B3GALNT2	0.2696389	False
1135	4.62440803102772	2.0179495471082105	0.4363692679297906	GNG4	0.2696389	False
1136	4.62440803102772	2.0179495471082105	0.4363692679297906	LYST	0.2696389	False
1137	4.62440803102772	2.0179495471082105	0.4363692679297906	MIR1537	0.2696389	False
1138	4.137135254181542	1.3389883071665567	0.32365108339477083	NID1	0.2696299	False
1139	3.757465614928319	0.9137204627931905	0.24317467049146144	GPR137B	0.26962468	False
1140	3.757465614928319	0.9137204627931905	0.24317467049146144	ERO1B	0.26962468	False
1141	3.757465614928319	0.9137204627931905	0.24317467049146144	EDARADD	0.26962468	False
1142	3.757465614928319	0.9137204627931905	0.24317467049146144	LGALS8	0.26962468	False
1143	3.757465614928319	0.9137204627931905	0.24317467049146144	LGALS8-AS1	0.26962468	False
1144	3.757465614928319	0.9137204627931905	0.24317467049146144	HEATR1	0.26962468	False
1145	3.757465614928319	0.9137204627931905	0.24317467049146144	ACTN2	0.26962468	False
1146	3.3837690742650794	0.5891419396662022	0.17410819909279948	MTR	0.26962128	False
1147	3.3837690742650794	0.5891419396662022	0.17410819909279948	MT1HL1	0.26962128	False
1148	3.3837690742650794	0.5891419396662022	0.17410819909279948	RYR2	0.26962128	False
1149	3.016233141741977	0.4265079437820287	0.14140416994944427	BECN2	0.26961955	False
1150	3.016233141741977	0.4265079437820287	0.14140416994944427	MAP1LC3C	0.26961955	False
1151	3.016233141741977	0.4265079437820287	0.14140416994944427	PLD5	0.26961955	False
1152	3.1787867807518597	0.5060619242359249	0.1591997070392463	CEP170	0.2696202	False
1153	3.1787867807518597	0.5060619242359249	0.1591997070392463	SDCCAG8	0.2696202	False
1154	3.1787867807518597	0.5060619242359249	0.1591997070392463	MIR4677	0.2696202	False
1155	3.1787867807518597	0.5060619242359249	0.1591997070392463	AKT3	0.2696202	False
1156	3.265395570718143	0.5309555985531969	0.16260069784942666	LOC339529	0.26962054	False
1157	3.265395570718143	0.5309555985531969	0.16260069784942666	ZBTB18	0.26962054	False
1158	3.4312884101386656	0.688239778790091	0.20057765379223189	C1orf100	0.2696219	False
1159	3.4312884101386656	0.688239778790091	0.20057765379223189	ADSS	0.2696219	False
1160	3.4312884101386656	0.688239778790091	0.20057765379223189	CATSPERE	0.2696219	False
1161	3.4312884101386656	0.688239778790091	0.20057765379223189	DESI2	0.2696219	False
1162	3.4312884101386656	0.688239778790091	0.20057765379223189	COX20	0.2696219	False
1163	3.4312884101386656	0.688239778790091	0.20057765379223189	HNRNPU	0.2696219	False
1164	3.217919002708134	0.5017006508437831	0.15590841485493023	EFCAB2	0.2696203	False
1165	3.1435852693089212	0.4689055819265817	0.1491626731123043	KIF26B	0.26961994	False
1166	3.1435852693089212	0.4689055819265817	0.1491626731123043	SMYD3	0.26961994	False
1167	3.1458168177331327	0.4800827346829468	0.15260988242439785	LINC01743	0.26961997	False
1168	3.1458168177331327	0.4800827346829468	0.15260988242439785	TFB2M	0.26961997	False
1169	3.1458168177331327	0.4800827346829468	0.15260988242439785	CNST	0.26961997	False
1170	3.1458168177331327	0.4800827346829468	0.15260988242439785	SCCPDH	0.26961997	False
1171	3.1458168177331327	0.4800827346829468	0.15260988242439785	LINC01341	0.26961997	False
1172	3.1458168177331327	0.4800827346829468	0.15260988242439785	AHCTF1	0.26961997	False
1173	3.1458168177331327	0.4800827346829468	0.15260988242439785	ZNF695	0.26961997	False
1174	3.1458168177331327	0.4800827346829468	0.15260988242439785	ZNF670-ZNF695	0.26961997	False
1175	3.1458168177331327	0.4800827346829468	0.15260988242439785	ZNF670	0.26961997	False
1176	3.1458168177331327	0.4800827346829468	0.15260988242439785	ZNF669	0.26961997	False
1177	2.7220790459754105	0.3258458284042893	0.1197047634917332	EHBP1	0.2696187	False
1178	2.7220790459754105	0.3258458284042893	0.1197047634917332	LOC100132215	0.2696187	False
1179	2.7220790459754105	0.3258458284042893	0.1197047634917332	OTX1	0.2696187	False
1180	2.843928295764104	0.39421901140012905	0.13861777457163724	WDPCP	0.2696191	False
1181	2.843928295764104	0.39421901140012905	0.13861777457163724	MDH1	0.2696191	False
1182	2.843928295764104	0.39421901140012905	0.13861777457163724	UGP2	0.2696191	False
1183	2.794071410680021	0.3467665006002084	0.12410795918627306	VPS54	0.2696188	False
1184	2.794071410680021	0.3467665006002084	0.12410795918627306	PELI1	0.2696188	False
1185	2.8719753207685774	0.42314127470769775	0.14733457897349192	LOC100507006	0.26961938	False
1186	2.8719753207685774	0.42314127470769775	0.14733457897349192	LINC00309	0.26961938	False
1187	2.8719753207685774	0.42314127470769775	0.14733457897349192	MIR4433B	0.26961938	False
1188	2.8719753207685774	0.42314127470769775	0.14733457897349192	LGALSL	0.26961938	False
1189	2.8719753207685774	0.42314127470769775	0.14733457897349192	AFTPH	0.26961938	False
1190	2.8719753207685774	0.42314127470769775	0.14733457897349192	LINC02579	0.26961938	False
1191	2.8719753207685774	0.42314127470769775	0.14733457897349192	SERTAD2	0.26961938	False
1192	2.8719753207685774	0.42314127470769775	0.14733457897349192	LINC01800	0.26961938	False
1193	2.9953252349234383	0.7508439786407181	0.2506719370191898	NR4A2	0.26962084	False
1194	2.9953252349234383	0.7508439786407181	0.2506719370191898	GPD2	0.26962084	False
1195	2.915189557026881	0.6386671004506399	0.21908252892549407	LINC01090	0.26962015	False
1196	2.9948867690377354	0.7267559834864579	0.24266559624221332	GULP1	0.26962072	False
1197	2.9948867690377354	0.7267559834864579	0.24266559624221332	MIR561	0.26962072	False
1198	2.9948867690377354	0.7267559834864579	0.24266559624221332	DIRC1	0.26962072	False
1199	2.9974355498144556	0.6472417192988422	0.21593182189985943	COL3A1	0.26962045	False
1200	2.9974355498144556	0.6472417192988422	0.21593182189985943	MIR1245A	0.26962045	False
1201	2.9974355498144556	0.6472417192988422	0.21593182189985943	COL5A2	0.26962045	False
1202	3.187772585022969	0.8411930683162362	0.26388114141780133	MIR3129	0.2696218	False
1203	3.187772585022969	0.8411930683162362	0.26388114141780133	WDR75	0.2696218	False
1204	3.187772585022969	0.8411930683162362	0.26388114141780133	SLC40A1	0.2696218	False
1205	3.187772585022969	0.8411930683162362	0.26388114141780133	ASNSD1	0.2696218	False
1206	3.187772585022969	0.8411930683162362	0.26388114141780133	ANKAR	0.2696218	False
1207	3.187772585022969	0.8411930683162362	0.26388114141780133	OSGEPL1	0.2696218	False
1208	3.187772585022969	0.8411930683162362	0.26388114141780133	OSGEPL1-AS1	0.2696218	False
1209	3.187772585022969	0.8411930683162362	0.26388114141780133	ORMDL1	0.2696218	False
1210	3.187772585022969	0.8411930683162362	0.26388114141780133	PMS1	0.2696218	False
1211	3.088564291847209	0.7158643508134707	0.23177900252978914	C2orf88	0.26962093	False
1212	3.088564291847209	0.7158643508134707	0.23177900252978914	MSTN	0.26962093	False
1213	3.100752059830678	0.7843104186652837	0.2529419971450772	HIBCH	0.26962125	False
1214	3.100752059830678	0.7843104186652837	0.2529419971450772	INPP1	0.26962125	False
1215	3.100752059830678	0.7843104186652837	0.2529419971450772	MFSD6	0.26962125	False
1216	3.100752059830678	0.7843104186652837	0.2529419971450772	NEMP2	0.26962125	False
1217	3.100752059830678	0.7843104186652837	0.2529419971450772	NAB1	0.26962125	False
1218	3.0713992347443706	0.7444583745988261	0.24238411150766162	GLS	0.26962116	False
1219	3.0713992347443706	0.7444583745988261	0.24238411150766162	STAT1	0.26962116	False
1220	3.0713992347443706	0.7444583745988261	0.24238411150766162	STAT4	0.26962116	False
1221	3.1273601716882125	0.8700813623220102	0.27821591200105444	MYO1B	0.26962188	False
1222	3.1273601716882125	0.8700813623220102	0.27821591200105444	NABP1	0.26962188	False
1223	3.1273601716882125	0.8700813623220102	0.27821591200105444	CAVIN2	0.26962188	False
1224	2.900703587111457	0.6509223025241042	0.2244015229326819	TMEFF2	0.2696204	False
1225	2.9768935392153106	0.5768944180671751	0.19379074544239183	AGTR1	0.26962012	False
1226	2.9768935392153106	0.5768944180671751	0.19379074544239183	CPB1	0.26962012	False
1227	2.9768935392153106	0.5768944180671751	0.19379074544239183	CPA3	0.26962012	False
1228	2.8867300638141744	0.4689639284608595	0.16245506787746808	GYG1	0.26961955	False
1229	2.8867300638141744	0.4689639284608595	0.16245506787746808	HLTF	0.26961955	False
1230	2.8867300638141744	0.4689639284608595	0.16245506787746808	HLTF-AS1	0.26961955	False
1231	2.9677746111954804	0.5423978028694973	0.1827624647853593	HPS3	0.26961997	False
1232	2.9677746111954804	0.5423978028694973	0.1827624647853593	CP	0.26961997	False
1233	2.9677746111954804	0.5423978028694973	0.1827624647853593	TM4SF18	0.26961997	False
1234	2.9677746111954804	0.5423978028694973	0.1827624647853593	TM4SF1	0.26961997	False
1235	2.9677746111954804	0.5423978028694973	0.1827624647853593	TM4SF1-AS1	0.26961997	False
1236	2.9677746111954804	0.5423978028694973	0.1827624647853593	TM4SF4	0.26961997	False
1237	2.9677746111954804	0.5423978028694973	0.1827624647853593	WWTR1	0.26961997	False
1238	2.9677746111954804	0.5423978028694973	0.1827624647853593	WWTR1-AS1	0.26961997	False
1239	2.9677746111954804	0.5423978028694973	0.1827624647853593	COMMD2	0.26961997	False
1240	2.82300591529661	0.42085936855548356	0.14908200024485757	ANKUB1	0.2696191	False
1241	2.82300591529661	0.42085936855548356	0.14908200024485757	RNF13	0.2696191	False
1242	2.82300591529661	0.42085936855548356	0.14908200024485757	PFN2	0.2696191	False
1243	2.7902384917730125	0.3463979995003355	0.12414637692143027	RPL39L	0.2696188	False
1244	2.7902384917730125	0.3463979995003355	0.12414637692143027	LOC101929106	0.2696188	False
1245	2.7902384917730125	0.3463979995003355	0.12414637692143027	RTP1	0.2696188	False
1246	2.7902384917730125	0.3463979995003355	0.12414637692143027	MASP1	0.2696188	False
1247	2.7902384917730125	0.3463979995003355	0.12414637692143027	RTP4	0.2696188	False
1248	2.7902384917730125	0.3463979995003355	0.12414637692143027	SST	0.2696188	False
1249	2.7902384917730125	0.3463979995003355	0.12414637692143027	RTP2	0.2696188	False
1250	2.7902384917730125	0.3463979995003355	0.12414637692143027	LOC100131635	0.2696188	False
1251	2.7902384917730125	0.3463979995003355	0.12414637692143027	BCL6	0.2696188	False
1252	2.8487272775405224	0.40459576769084743	0.14202685208959676	LPP-AS2	0.26961908	False
1253	2.8487272775405224	0.40459576769084743	0.14202685208959676	LPP	0.26961908	False
1254	2.8487272775405224	0.40459576769084743	0.14202685208959676	FLJ42393	0.26961908	False
1255	2.8487272775405224	0.40459576769084743	0.14202685208959676	LPP-AS1	0.26961908	False
1256	2.8487272775405224	0.40459576769084743	0.14202685208959676	MIR28	0.26961908	False
1257	2.7699387006936043	0.37511856800515675	0.13542486261924333	TBC1D1	0.26961893	False
1258	2.7699387006936043	0.37511856800515675	0.13542486261924333	PTTG2	0.26961893	False
1259	2.8951799355799173	0.42123964030029387	0.14549687745605275	LINC01258	0.26961923	False
1260	2.8951799355799173	0.42123964030029387	0.14549687745605275	KLF3-AS1	0.26961923	False
1261	2.8951799355799173	0.42123964030029387	0.14549687745605275	KLF3	0.26961923	False
1262	2.8951799355799173	0.42123964030029387	0.14549687745605275	TLR10	0.26961923	False
1263	2.8951799355799173	0.42123964030029387	0.14549687745605275	TLR1	0.26961923	False
1264	2.8951799355799173	0.42123964030029387	0.14549687745605275	TLR6	0.26961923	False
1265	2.7718764920017236	0.32118216153833523	0.11587174337136213	FAM114A1	0.26961872	False
1266	2.8951799355799173	0.42123964030029387	0.14549687745605275	MIR574	0.26961923	False
1267	2.7718764920017236	0.32118216153833523	0.11587174337136213	TMEM156	0.26961872	False
1268	2.7718764920017236	0.32118216153833523	0.11587174337136213	KLHL5	0.26961872	False
1269	2.7778516111085048	0.3338035887869823	0.12016609794854291	WDR19	0.26961875	False
1270	2.7778516111085048	0.3338035887869823	0.12016609794854291	RFC1	0.26961875	False
1271	2.7778516111085048	0.3338035887869823	0.12016609794854291	KLB	0.26961875	False
1272	2.7778516111085048	0.3338035887869823	0.12016609794854291	MIR5591	0.26961875	False
1273	2.7778516111085048	0.3338035887869823	0.12016609794854291	RPL9	0.26961875	False
1274	2.7778516111085048	0.3338035887869823	0.12016609794854291	LIAS	0.26961875	False
1275	2.7778516111085048	0.3338035887869823	0.12016609794854291	UGDH	0.26961875	False
1276	2.7778516111085048	0.3338035887869823	0.12016609794854291	UGDH-AS1	0.26961875	False
1277	2.7778516111085048	0.3338035887869823	0.12016609794854291	SMIM14	0.26961875	False
1278	2.7778516111085048	0.3338035887869823	0.12016609794854291	UBE2K	0.26961875	False
1279	3.199053924852961	0.7408956289764155	0.23159835575777907	UBA6-AS1	0.26962158	False
1280	3.199053924852961	0.7408956289764155	0.23159835575777907	TMPRSS11A	0.26962158	False
1281	3.199053924852961	0.7408956289764155	0.23159835575777907	TMPRSS11F	0.26962158	False
1282	3.199053924852961	0.7408956289764155	0.23159835575777907	LOC550113	0.26962158	False
1283	3.645188527656879	1.2631232752936545	0.34651795530191354	TMPRSS11B	0.2696263	False
1284	3.645188527656879	1.2631232752936545	0.34651795530191354	YTHDC1	0.2696263	False
1285	3.645188527656879	1.2631232752936545	0.34651795530191354	TMPRSS11E	0.2696263	False
1286	3.645188527656879	1.2631232752936545	0.34651795530191354	UGT2B17	0.2696263	False
1287	3.645188527656879	1.2631232752936545	0.34651795530191354	UGT2B15	0.2696263	False
1288	3.645188527656879	1.2631232752936545	0.34651795530191354	UGT2B10	0.2696263	False
1289	3.6706675359340064	1.2640561247313031	0.34436682493220194	UGT2A3	0.2696266	False
1290	3.6706675359340064	1.2640561247313031	0.34436682493220194	UGT2B11	0.2696266	False
1291	3.6706675359340064	1.2640561247313031	0.34436682493220194	UGT2B7	0.2696266	False
1292	4.105873327440459	1.9659461011628188	0.47881314019698723	UGT2B28	0.26963413	False
1293	4.105873327440459	1.9659461011628188	0.47881314019698723	UGT2B4	0.26963413	False
1294	4.105873327440459	1.9659461011628188	0.47881314019698723	UGT2A1	0.26963413	False
1295	4.105873327440459	1.9659461011628188	0.47881314019698723	UGT2A2	0.26963413	False
1296	4.105873327440459	1.9659461011628188	0.47881314019698723	SULT1B1	0.26963413	False
1297	4.105873327440459	1.9659461011628188	0.47881314019698723	SULT1E1	0.26963413	False
1298	3.6480822126976027	1.1975464800616495	0.3282674046910019	CSN1S1	0.26962593	False
1299	3.6480822126976027	1.1975464800616495	0.3282674046910019	CSN2	0.26962593	False
1300	3.6480822126976027	1.1975464800616495	0.3282674046910019	STATH	0.26962593	False
1301	3.6480822126976027	1.1975464800616495	0.3282674046910019	HTN3	0.26962593	False
1302	3.6480822126976027	1.1975464800616495	0.3282674046910019	HTN1	0.26962593	False
1303	3.532243270505353	1.0468041520223914	0.2963567545767103	CSN1S2BP	0.2696244	False
1304	3.532243270505353	1.0468041520223914	0.2963567545767103	PRR27	0.2696244	False
1305	3.532243270505353	1.0468041520223914	0.2963567545767103	ODAM	0.2696244	False
1306	3.532243270505353	1.0468041520223914	0.2963567545767103	FDCSP	0.2696244	False
1307	3.532243270505353	1.0468041520223914	0.2963567545767103	CSN3	0.2696244	False
1308	3.532243270505353	1.0468041520223914	0.2963567545767103	CABS1	0.2696244	False
1309	3.532243270505353	1.0468041520223914	0.2963567545767103	SMR3A	0.2696244	False
1310	3.532243270505353	1.0468041520223914	0.2963567545767103	SMR3B	0.2696244	False
1311	3.532243270505353	1.0468041520223914	0.2963567545767103	OPRPN	0.2696244	False
1312	3.532243270505353	1.0468041520223914	0.2963567545767103	MUC7	0.2696244	False
1313	3.532243270505353	1.0468041520223914	0.2963567545767103	AMTN	0.2696244	False
1314	3.532243270505353	1.0468041520223914	0.2963567545767103	AMBN	0.2696244	False
1315	3.532243270505353	1.0468041520223914	0.2963567545767103	ENAM	0.2696244	False
1316	3.532243270505353	1.0468041520223914	0.2963567545767103	JCHAIN	0.2696244	False
1317	3.532243270505353	1.0468041520223914	0.2963567545767103	UTP3	0.2696244	False
1318	3.532243270505353	1.0468041520223914	0.2963567545767103	RUFY3	0.2696244	False
1319	3.532243270505353	1.0468041520223914	0.2963567545767103	GRSF1	0.2696244	False
1320	3.311192619586019	0.7666016763076231	0.23151829699459384	MOB1B	0.2696221	False
1321	3.311192619586019	0.7666016763076231	0.23151829699459384	DCK	0.2696221	False
1322	3.040545903972314	0.5742638366453754	0.18886866200412555	SLC4A4	0.26962024	False
1323	3.040545903972314	0.5742638366453754	0.18886866200412555	GC	0.26962024	False
1324	3.023298513170248	0.5229633354008625	0.17297773710492126	NPFFR2	0.26961997	False
1325	3.0023556588027107	0.5802436713008025	0.19326280335894447	ALB	0.2696201	False
1326	3.0023556588027107	0.5802436713008025	0.19326280335894447	AFP	0.2696201	False
1327	3.0023556588027107	0.5802436713008025	0.19326280335894447	AFM	0.2696201	False
1328	3.0023556588027107	0.5802436713008025	0.19326280335894447	LINC02499	0.2696201	False
1329	3.0023556588027107	0.5802436713008025	0.19326280335894447	RASSF6	0.2696201	False
1330	3.0023556588027107	0.5802436713008025	0.19326280335894447	CXCL8	0.2696201	False
1331	3.0023556588027107	0.5802436713008025	0.19326280335894447	CXCL6	0.2696201	False
1332	3.0023556588027107	0.5802436713008025	0.19326280335894447	PF4V1	0.2696201	False
1333	3.0023556588027107	0.5802436713008025	0.19326280335894447	CXCL1	0.2696201	False
1334	2.9468777559372135	0.4744112678666391	0.16098776642866178	PF4	0.26961958	False
1335	2.9468777559372135	0.4744112678666391	0.16098776642866178	PPBP	0.26961958	False
1336	2.9468777559372135	0.4744112678666391	0.16098776642866178	CXCL5	0.26961958	False
1337	2.9468777559372135	0.4744112678666391	0.16098776642866178	CXCL3	0.26961958	False
1338	2.9468777559372135	0.4744112678666391	0.16098776642866178	CXCL2	0.26961958	False
1339	3.0297409912962427	0.5583509754874824	0.18429000270699633	MTHFD2L	0.2696201	False
1340	3.0297409912962427	0.5583509754874824	0.18429000270699633	EPGN	0.2696201	False
1341	3.0297409912962427	0.5583509754874824	0.18429000270699633	EREG	0.2696201	False
1342	3.0297409912962427	0.5583509754874824	0.18429000270699633	AREG	0.2696201	False
1343	3.0297409912962427	0.5583509754874824	0.18429000270699633	BTC	0.2696201	False
1344	2.8737906219496896	0.40937388249302087	0.14245083805558734	PARM1	0.26961917	False
1345	2.8737906219496896	0.40937388249302087	0.14245083805558734	LOC100507388	0.26961917	False
1346	2.824460446229453	0.40412810890244977	0.14308152533767834	LINC02483	0.26961905	False
1347	2.824460446229453	0.40412810890244977	0.14308152533767834	RCHY1	0.26961905	False
1348	2.824460446229453	0.40412810890244977	0.14308152533767834	THAP6	0.26961905	False
1349	2.824460446229453	0.40412810890244977	0.14308152533767834	ODAPH	0.26961905	False
1350	2.824460446229453	0.40412810890244977	0.14308152533767834	CDKL2	0.26961905	False
1351	2.824460446229453	0.40412810890244977	0.14308152533767834	G3BP2	0.26961905	False
1352	2.824460446229453	0.40412810890244977	0.14308152533767834	USO1	0.26961905	False
1353	2.8497284990285014	0.34048135872134	0.1194785253533497	LINC02363	0.2696189	False
1354	2.8497284990285014	0.34048135872134	0.1194785253533497	LINC02362	0.2696189	False
1355	2.8497284990285014	0.34048135872134	0.1194785253533497	IRF2	0.2696189	False
1356	2.8497284990285014	0.34048135872134	0.1194785253533497	LINC02365	0.2696189	False
1357	2.8497284990285014	0.34048135872134	0.1194785253533497	CASP3	0.2696189	False
1358	2.8497284990285014	0.34048135872134	0.1194785253533497	PRIMPOL	0.2696189	False
1359	2.8497284990285014	0.34048135872134	0.1194785253533497	CENPU	0.2696189	False
1360	2.8497284990285014	0.34048135872134	0.1194785253533497	ACSL1	0.2696189	False
1361	2.8497284990285014	0.34048135872134	0.1194785253533497	MIR3945HG	0.2696189	False
1362	2.8497284990285014	0.34048135872134	0.1194785253533497	MIR3945	0.2696189	False
1363	2.8497284990285014	0.34048135872134	0.1194785253533497	LINC01093	0.2696189	False
1364	2.839964962400309	0.33980373609132997	0.11965067900138154	SLC25A4	0.2696189	False
1365	2.839964962400309	0.33980373609132997	0.11965067900138154	CFAP97	0.2696189	False
1366	2.839964962400309	0.33980373609132997	0.11965067900138154	SNX25	0.2696189	False
1367	2.839964962400309	0.33980373609132997	0.11965067900138154	LRP2BP	0.2696189	False
1368	2.839964962400309	0.33980373609132997	0.11965067900138154	ANKRD37	0.2696189	False
1369	2.839964962400309	0.33980373609132997	0.11965067900138154	UFSP2	0.2696189	False
1370	2.839964962400309	0.33980373609132997	0.11965067900138154	C4orf47	0.2696189	False
1371	2.839964962400309	0.33980373609132997	0.11965067900138154	CCDC110	0.2696189	False
1372	2.839964962400309	0.33980373609132997	0.11965067900138154	LOC105377590	0.2696189	False
1373	2.839964962400309	0.33980373609132997	0.11965067900138154	PDLIM3	0.2696189	False
1374	3.079382964180204	0.47352895175173704	0.15377397266266957	GOLPH3	0.26961988	False
1375	3.079382964180204	0.47352895175173704	0.15377397266266957	MTMR12	0.26961988	False
1376	3.079382964180204	0.47352895175173704	0.15377397266266957	ZFR	0.26961988	False
1377	3.079382964180204	0.47352895175173704	0.15377397266266957	MIR579	0.26961988	False
1378	3.079382964180204	0.47352895175173704	0.15377397266266957	SUB1	0.26961988	False
1379	3.079382964180204	0.47352895175173704	0.15377397266266957	NPR3	0.26961988	False
1380	3.237971181568716	0.5255168989116512	0.1622982013870338	LINC02120	0.26962048	False
1381	3.3575262892647593	0.6216863830740093	0.18516202987353167	TARS	0.2696213	False
1382	3.3575262892647593	0.6216863830740093	0.18516202987353167	ADAMTS12	0.2696213	False
1383	3.551809099370568	0.7736862355040504	0.21782877791522037	RXFP3	0.26962292	False
1384	3.551809099370568	0.7736862355040504	0.21782877791522037	SLC45A2	0.26962292	False
1385	3.551809099370568	0.7736862355040504	0.21782877791522037	AMACR	0.26962292	False
1386	3.551809099370568	0.7736862355040504	0.21782877791522037	C1QTNF3-AMACR	0.26962292	False
1387	3.551809099370568	0.7736862355040504	0.21782877791522037	C1QTNF3	0.26962292	False
1388	3.8365473724918027	1.1282331646209534	0.2940751292973547	RAI14	0.2696265	False
1389	3.8365473724918027	1.1282331646209534	0.2940751292973547	TTC23L	0.2696265	False
1390	3.686169301414526	0.9512317188400319	0.25805426746812943	RAD1	0.26962468	False
1391	3.686169301414526	0.9512317188400319	0.25805426746812943	BRIX1	0.26962468	False
1392	3.686169301414526	0.9512317188400319	0.25805426746812943	DNAJC21	0.26962468	False
1393	3.686169301414526	0.9512317188400319	0.25805426746812943	AGXT2	0.26962468	False
1394	3.686169301414526	0.9512317188400319	0.25805426746812943	PRLR	0.26962468	False
1395	3.7692669729692994	1.108955790987209	0.29420993496611136	SPEF2	0.26962593	False
1396	3.7692669729692994	1.108955790987209	0.29420993496611136	IL7R	0.26962593	False
1397	3.4050847019090904	0.7109216695404367	0.20878237453002335	CAPSL	0.26962197	False
1398	3.4050847019090904	0.7109216695404367	0.20878237453002335	LOC100506406	0.26962197	False
1399	3.4050847019090904	0.7109216695404367	0.20878237453002335	UGT3A1	0.26962197	False
1400	3.4050847019090904	0.7109216695404367	0.20878237453002335	UGT3A2	0.26962197	False
1401	3.4050847019090904	0.7109216695404367	0.20878237453002335	LMBRD2	0.26962197	False
1402	3.307427613936526	0.6529282839698367	0.19741272075572847	MIR580	0.26962128	False
1403	3.307427613936526	0.6529282839698367	0.19741272075572847	SKP2	0.26962128	False
1404	3.307427613936526	0.6529282839698367	0.19741272075572847	NADK2	0.26962128	False
1405	3.307427613936526	0.6529282839698367	0.19741272075572847	RANBP3L	0.26962128	False
1406	3.307427613936526	0.6529282839698367	0.19741272075572847	SLC1A3	0.26962128	False
1407	3.0190554221820616	0.432335047031786	0.14320209024825062	NIPBL	0.2696195	False
1408	2.9202443250146044	0.4644099534386087	0.15903119799275225	LINC00603	0.2696195	False
1409	3.1574555097527806	0.6383372738668679	0.20216825601981256	PTGER4	0.2696208	False
1410	3.1574555097527806	0.6383372738668679	0.20216825601981256	TTC33	0.2696208	False
1411	3.1574555097527806	0.6383372738668679	0.20216825601981256	PRKAA1	0.2696208	False
1412	3.1574555097527806	0.6383372738668679	0.20216825601981256	RPL37	0.2696208	False
1413	3.1574555097527806	0.6383372738668679	0.20216825601981256	SNORD72	0.2696208	False
1414	3.1574555097527806	0.6383372738668679	0.20216825601981256	CARD6	0.2696208	False
1415	3.2925700045084976	0.6258737776235185	0.19008670332491429	C7	0.26962113	False
1416	3.2925700045084976	0.6258737776235185	0.19008670332491429	MROH2B	0.26962113	False
1417	3.54337765780625	0.8483850332361014	0.23942834074348918	C6	0.26962316	False
1418	3.54337765780625	0.8483850332361014	0.23942834074348918	PLCXD3	0.26962316	False
1419	3.54337765780625	0.8483850332361014	0.23942834074348918	OXCT1	0.26962316	False
1420	3.54337765780625	0.8483850332361014	0.23942834074348918	OXCT1-AS1	0.26962316	False
1421	3.6168556247443404	0.8855976109945866	0.2448529061917382	C5orf51	0.26962364	False
1422	3.6168556247443404	0.8855976109945866	0.2448529061917382	FBXO4	0.26962364	False
1423	3.8029881135756725	1.1628994954792697	0.30578572973394863	GHR	0.26962632	False
1424	3.8029881135756725	1.1628994954792697	0.30578572973394863	CCDC152	0.26962632	False
1425	3.8029881135756725	1.1628994954792697	0.30578572973394863	SELENOP	0.26962632	False
1426	3.7367585438282354	1.075555882871381	0.2878312500677379	LOC648987	0.26962546	False
1427	3.7367585438282354	1.075555882871381	0.2878312500677379	ANXA2R	0.26962546	False
1428	3.7367585438282354	1.075555882871381	0.2878312500677379	LOC153684	0.26962546	False
1429	3.7367585438282354	1.075555882871381	0.2878312500677379	LOC100506639	0.26962546	False
1430	3.8594110487230995	1.2870099526583807	0.3334731482110963	ZNF131	0.26962742	False
1431	3.8594110487230995	1.2870099526583807	0.3334731482110963	NIM1K	0.26962742	False
1432	3.8594110487230995	1.2870099526583807	0.3334731482110963	HMGCS1	0.26962742	False
1433	3.8594110487230995	1.2870099526583807	0.3334731482110963	CCL28	0.26962742	False
1434	3.8594110487230995	1.2870099526583807	0.3334731482110963	TMEM267	0.26962742	False
1435	3.8594110487230995	1.2870099526583807	0.3334731482110963	C5orf34	0.26962742	False
1436	3.8594110487230995	1.2870099526583807	0.3334731482110963	PAIP1	0.26962742	False
1437	3.8594110487230995	1.2870099526583807	0.3334731482110963	NNT-AS1	0.26962742	False
1438	3.8594110487230995	1.2870099526583807	0.3334731482110963	NNT	0.26962742	False
1439	3.8294534287473203	1.3014447628143193	0.339851309600609	FGF10	0.26962736	False
1440	3.8294534287473203	1.3014447628143193	0.339851309600609	FGF10-AS1	0.26962736	False
1441	3.8294534287473203	1.3014447628143193	0.339851309600609	LINC02224	0.26962736	False
1442	3.8294534287473203	1.3014447628143193	0.339851309600609	MRPS30-DT	0.26962736	False
1443	3.8294534287473203	1.3014447628143193	0.339851309600609	MRPS30	0.26962736	False
1444	3.69804471437115	1.2886524381047069	0.34846859290176035	HCN1	0.26962635	False
1445	3.0513881625760955	0.5518472656131974	0.18085121794118367	ITGA1	0.26962015	False
1446	3.0878838393735704	0.6695535145897971	0.2168324812132918	PELO	0.26962072	False
1447	3.0513881625760955	0.5518472656131974	0.18085121794118367	ITGA2	0.26962015	False
1448	3.0513881625760955	0.5518472656131974	0.18085121794118367	MOCS2	0.26962015	False
1449	3.0513881625760955	0.5518472656131974	0.18085121794118367	LOC257396	0.26962015	False
1450	3.0513881625760955	0.5518472656131974	0.18085121794118367	FST	0.26962015	False
1451	3.0513881625760955	0.5518472656131974	0.18085121794118367	NDUFS4	0.26962015	False
1452	2.9899576731613426	0.45290984566133013	0.15147700909841288	ARL15	0.26961958	False
1453	2.9899576731613426	0.45290984566133013	0.15147700909841288	MIR581	0.26961958	False
1454	3.0635836125470357	0.4955507466060366	0.16175525439439212	LINC01033	0.26961988	False
1455	3.0635836125470357	0.4955507466060366	0.16175525439439212	HSPB3	0.26961988	False
1456	3.0635836125470357	0.4955507466060366	0.16175525439439212	SNX18	0.26961988	False
1457	2.935349004124833	0.382483708272229	0.13030263445156007	ESM1	0.26961908	False
1458	2.935349004124833	0.382483708272229	0.13030263445156007	LOC102467081	0.26961908	False
1459	2.935349004124833	0.382483708272229	0.13030263445156007	GZMK	0.26961908	False
1460	2.894583080776976	0.3809870375315685	0.13162069524337244	GZMA	0.26961908	False
1461	2.894583080776976	0.3809870375315685	0.13162069524337244	CDC20B	0.26961908	False
1462	2.894583080776976	0.3809870375315685	0.13162069524337244	GPX8	0.26961908	False
1463	2.894583080776976	0.3809870375315685	0.13162069524337244	MIR449A	0.26961908	False
1464	2.894583080776976	0.3809870375315685	0.13162069524337244	MIR449B	0.26961908	False
1465	2.894583080776976	0.3809870375315685	0.13162069524337244	MIR449C	0.26961908	False
1466	2.894583080776976	0.3809870375315685	0.13162069524337244	MCIDAS	0.26961908	False
1467	2.894583080776976	0.3809870375315685	0.13162069524337244	CCNO	0.26961908	False
1468	2.894583080776976	0.3809870375315685	0.13162069524337244	DHX29	0.26961908	False
1469	2.894583080776976	0.3809870375315685	0.13162069524337244	MTREX	0.26961908	False
1470	2.894583080776976	0.3809870375315685	0.13162069524337244	PLPP1	0.26961908	False
1471	2.894583080776976	0.3809870375315685	0.13162069524337244	MIR5687	0.26961908	False
1472	2.894583080776976	0.3809870375315685	0.13162069524337244	SLC38A9	0.26961908	False
1473	2.894583080776976	0.3809870375315685	0.13162069524337244	DDX4	0.26961908	False
1474	2.815139600477362	0.32299901738362224	0.11473641212281319	IL31RA	0.26961866	False
1475	2.815139600477362	0.32299901738362224	0.11473641212281319	IL6ST	0.26961866	False
1476	2.815139600477362	0.32299901738362224	0.11473641212281319	FLJ31104	0.26961866	False
1477	2.815139600477362	0.32299901738362224	0.11473641212281319	ANKRD55	0.26961866	False
1478	2.7959821651264836	0.35099046162227054	0.12553386999390698	LINC01948	0.26961878	False
1479	2.7959821651264836	0.35099046162227054	0.12553386999390698	C5orf67	0.26961878	False
1480	2.7959821651264836	0.35099046162227054	0.12553386999390698	MAP3K1	0.26961878	False
1481	2.8094323198654405	0.3626321966802863	0.12907668005245088	MAST4	0.26961887	False
1482	2.8094323198654405	0.3626321966802863	0.12907668005245088	MAST4-AS1	0.26961887	False
1483	2.906991037065852	0.43290910718569986	0.14892000066937022	CD180	0.26961932	False
1484	2.906991037065852	0.43290910718569986	0.14892000066937022	LOC101928858	0.26961932	False
1485	2.845582418634227	0.3768721426416089	0.13244112705141514	SERINC5	0.269619	False
1486	2.845582418634227	0.3768721426416089	0.13244112705141514	SPZ1	0.269619	False
1487	2.845582418634227	0.3768721426416089	0.13244112705141514	ZFYVE16	0.269619	False
1488	2.845582418634227	0.3768721426416089	0.13244112705141514	FAM151B	0.269619	False
1489	2.845582418634227	0.3768721426416089	0.13244112705141514	ANKRD34B	0.269619	False
1490	2.845582418634227	0.3768721426416089	0.13244112705141514	LINC01337	0.269619	False
1491	2.845582418634227	0.3768721426416089	0.13244112705141514	DHFR	0.269619	False
1492	2.845582418634227	0.3768721426416089	0.13244112705141514	MSH3	0.269619	False
1493	2.9410890159657326	0.6570692689557731	0.22341019445139731	MEF2C	0.2696204	False
1494	2.9410890159657326	0.6570692689557731	0.22341019445139731	MEF2C-AS1	0.2696204	False
1495	3.204493494655251	0.7286001902874423	0.22736828503558168	MIR3660	0.2696213	False
1496	3.504062611871271	1.0190464613238672	0.2908185652480869	LINC01339	0.26962394	False
1497	3.504062611871271	1.0190464613238672	0.2908185652480869	CETN3	0.26962394	False
1498	3.504062611871271	1.0190464613238672	0.2908185652480869	LOC731157	0.26962394	False
1499	3.504062611871271	1.0190464613238672	0.2908185652480869	MBLAC2	0.26962394	False
1500	3.504062611871271	1.0190464613238672	0.2908185652480869	POLR3G	0.26962394	False
1501	3.504062611871271	1.0190464613238672	0.2908185652480869	LYSMD3	0.26962394	False
1502	3.400632021066953	0.8752033700027589	0.257364914692582	ADGRV1	0.2696227	False
1503	3.61253626655209	1.1491812286751244	0.31810925728696876	LUCAT1	0.26962507	False
1504	3.61253626655209	1.1491812286751244	0.31810925728696876	ARRDC3	0.26962507	False
1505	3.61253626655209	1.1491812286751244	0.31810925728696876	ARRDC3-AS1	0.26962507	False
1506	3.069726448657452	0.6150751049487794	0.2003680507811317	NR2F1-AS1	0.26962036	False
1507	3.069726448657452	0.6150751049487794	0.2003680507811317	NR2F1	0.26962036	False
1508	3.360561585971985	0.7250958893917531	0.21576628514071153	FAM172A	0.2696218	False
1509	3.069726448657452	0.6150751049487794	0.2003680507811317	MIR2277	0.26962036	False
1510	3.069726448657452	0.6150751049487794	0.2003680507811317	POU5F2	0.26962036	False
1511	3.4800952535074714	0.8663935873632905	0.24895686015780213	KIAA0825	0.2696229	False
1512	3.4800952535074714	0.8663935873632905	0.24895686015780213	SLF1	0.2696229	False
1513	3.674226905449947	0.9753924576784851	0.265468759218897	MCTP1	0.2696244	False
1514	4.157858179531934	1.5191108501066697	0.3653589864091232	FAM81B	0.2696309	False
1515	4.157858179531934	1.5191108501066697	0.3653589864091232	TTC37	0.2696309	False
1516	4.157858179531934	1.5191108501066697	0.3653589864091232	ARSK	0.2696309	False
1517	4.157858179531934	1.5191108501066697	0.3653589864091232	GPR150	0.2696309	False
1518	4.157858179531934	1.5191108501066697	0.3653589864091232	RFESD	0.2696309	False
1519	4.157858179531934	1.5191108501066697	0.3653589864091232	SPATA9	0.2696309	False
1520	4.157858179531934	1.5191108501066697	0.3653589864091232	RHOBTB3	0.2696309	False
1521	4.157858179531934	1.5191108501066697	0.3653589864091232	GLRX	0.2696309	False
1522	4.157858179531934	1.5191108501066697	0.3653589864091232	LINC01554	0.2696309	False
1523	3.8762149934644903	1.1531217748913827	0.2974865369530867	ELL2	0.2696266	False
1524	3.8762149934644903	1.1531217748913827	0.2974865369530867	LOC101929710	0.2696266	False
1525	3.8762149934644903	1.1531217748913827	0.2974865369530867	MIR583	0.2696266	False
1526	4.005274249726477	1.315285879672667	0.32838846921967674	PCSK1	0.2696282	False
1527	4.005274249726477	1.315285879672667	0.32838846921967674	CAST	0.2696282	False
1528	4.005274249726477	1.315285879672667	0.32838846921967674	ERAP1	0.2696282	False
1529	3.487635421992167	0.7915216215651312	0.22695079209655672	ERAP2	0.26962265	False
1530	3.487635421992167	0.7915216215651312	0.22695079209655672	LNPEP	0.26962265	False
1531	3.487635421992167	0.7915216215651312	0.22695079209655672	LIX1	0.26962265	False
1532	3.1836808462711974	0.6116094804316219	0.19210766090073175	RIOK2	0.2696208	False
1533	3.1836808462711974	0.6116094804316219	0.19210766090073175	LINC01340	0.2696208	False
1534	3.072555718228542	0.7952464552933436	0.25882246840159395	PPIP5K2	0.2696214	False
1535	3.072555718228542	0.7952464552933436	0.25882246840159395	C5orf30	0.2696214	False
1536	3.072555718228542	0.7952464552933436	0.25882246840159395	LINC02115	0.2696214	False
1537	3.072555718228542	0.7952464552933436	0.25882246840159395	NUDT12	0.2696214	False
1538	2.9909151431994845	0.6220063344136589	0.20796522289438055	LINC01950	0.2696203	False
1539	3.1470787630765753	0.7971750618918284	0.25330635866021745	EFNA5	0.26962137	False
1540	3.221982869118291	0.7201678433789023	0.22351696847351	FBXL17	0.26962137	False
1541	3.375633421964603	0.848200335551293	0.25127145916740107	LINC01023	0.26962242	False
1542	3.418480283454961	0.8119864878675437	0.23752849820356195	FER	0.26962256	False
1543	3.5950845145594017	1.013498164112655	0.2819121942775426	PJA2	0.2696244	False
1544	3.5950845145594017	1.013498164112655	0.2819121942775426	MAN2A1	0.2696244	False
1545	3.5950845145594017	1.013498164112655	0.2819121942775426	LINC01848	0.2696244	False
1546	3.5602469587651973	0.9469659702921591	0.26598322567505145	TMEM232	0.2696239	False
1547	3.5602469587651973	0.9469659702921591	0.26598322567505145	MIR548F3	0.2696239	False
1548	3.5602469587651973	0.9469659702921591	0.26598322567505145	SLC25A46	0.2696239	False
1549	3.401391770310341	0.7435533985760306	0.21860269230562324	TSLP	0.26962215	False
1550	3.401391770310341	0.7435533985760306	0.21860269230562324	WDR36	0.26962215	False
1551	3.3562852307685267	0.7329405029935699	0.2183784906820152	CAMK4	0.26962188	False
1552	3.3562852307685267	0.7329405029935699	0.2183784906820152	STARD4	0.26962188	False
1553	3.3562852307685267	0.7329405029935699	0.2183784906820152	STARD4-AS1	0.26962188	False
1554	3.175895151545374	0.5565485804759809	0.17524148434345108	NREP	0.26962048	False
1555	3.175895151545374	0.5565485804759809	0.17524148434345108	NREP-AS1	0.26962048	False
1556	3.0534078162553406	0.5164902222667792	0.1691520600416213	EPB41L4A	0.26961997	False
1557	3.0534078162553406	0.5164902222667792	0.1691520600416213	EPB41L4A-AS1	0.26961997	False
1558	3.0534078162553406	0.5164902222667792	0.1691520600416213	SNORA13	0.26961997	False
1559	3.0534078162553406	0.5164902222667792	0.1691520600416213	LOC101927023	0.26961997	False
1560	3.0534078162553406	0.5164902222667792	0.1691520600416213	EPB41L4A-DT	0.26961997	False
1561	3.0534078162553406	0.5164902222667792	0.1691520600416213	LINC02200	0.26961997	False
1562	3.0534078162553406	0.5164902222667792	0.1691520600416213	APC	0.26961997	False
1563	3.0534078162553406	0.5164902222667792	0.1691520600416213	SRP19	0.26961997	False
1564	3.08275364535584	0.47833353204916934	0.15516437155780433	REEP5	0.26961988	False
1565	3.08275364535584	0.47833353204916934	0.15516437155780433	DCP2	0.26961988	False
1566	3.08275364535584	0.47833353204916934	0.15516437155780433	MCC	0.26961988	False
1567	3.041722402690168	0.4796954092970699	0.15770518995185637	TSSK1B	0.26961973	False
1568	3.041722402690168	0.4796954092970699	0.15770518995185637	YTHDC2	0.26961973	False
1569	3.1414545771152924	0.5407600584737136	0.17213683827008505	KCNN2	0.26962036	False
1570	3.1414545771152924	0.5407600584737136	0.17213683827008505	LOC101927078	0.26962036	False
1571	3.1414545771152924	0.5407600584737136	0.17213683827008505	LINC01957	0.26962036	False
1572	3.3704161964826054	0.7636297317274451	0.2265683782686469	TRIM36	0.26962212	False
1573	3.3704161964826054	0.7636297317274451	0.2265683782686469	PGGT1B	0.26962212	False
1574	3.3704161964826054	0.7636297317274451	0.2265683782686469	CCDC112	0.26962212	False
1575	3.3704161964826054	0.7636297317274451	0.2265683782686469	FEM1C	0.26962212	False
1576	3.3704161964826054	0.7636297317274451	0.2265683782686469	TMED7-TICAM2	0.26962212	False
1577	3.3704161964826054	0.7636297317274451	0.2265683782686469	TICAM2	0.26962212	False
1578	3.3704161964826054	0.7636297317274451	0.2265683782686469	LOC101927100	0.26962212	False
1579	3.3704161964826054	0.7636297317274451	0.2265683782686469	TMED7	0.26962212	False
1580	3.3704161964826054	0.7636297317274451	0.2265683782686469	CDO1	0.26962212	False
1581	3.3704161964826054	0.7636297317274451	0.2265683782686469	ATG12	0.26962212	False
1582	3.089454102294338	0.5310727336312646	0.17189856720540733	AP3S1	0.26962012	False
1583	3.089454102294338	0.5310727336312646	0.17189856720540733	LVRN	0.26962012	False
1584	3.089454102294338	0.5310727336312646	0.17189856720540733	ARL14EPL	0.26962012	False
1585	3.089454102294338	0.5310727336312646	0.17189856720540733	COMMD10	0.26962012	False
1586	3.043604126105334	0.5511779419099454	0.18109383450443847	SEMA6A	0.26962015	False
1587	3.043604126105334	0.5511779419099454	0.18109383450443847	SEMA6A-AS1	0.26962015	False
1588	3.043604126105334	0.5511779419099454	0.18109383450443847	LINC02214	0.26962015	False
1589	2.902341655897238	0.5388702923893137	0.18566742178488488	LOC102467226	0.26961973	False
1590	2.902341655897238	0.5388702923893137	0.18566742178488488	FTMT	0.26961973	False
1591	3.0207675275149857	0.5027453603609006	0.16642967582959972	SRFBP1	0.26961973	False
1592	3.0207675275149857	0.5027453603609006	0.16642967582959972	LOX	0.26961973	False
1593	3.142588112622043	0.6199504794248638	0.19727385747271958	ZNF474	0.26962063	False
1594	3.142588112622043	0.6199504794248638	0.19727385747271958	SNCAIP	0.26962063	False
1595	3.142588112622043	0.6199504794248638	0.19727385747271958	MGC32805	0.26962063	False
1596	3.142588112622043	0.6199504794248638	0.19727385747271958	LINC02201	0.26962063	False
1597	3.142588112622043	0.6199504794248638	0.19727385747271958	SNX2	0.26962063	False
1598	3.274317352781323	0.6558199270037665	0.2002921086579129	SNX24	0.2696213	False
1599	3.274317352781323	0.6558199270037665	0.2002921086579129	PPIC	0.2696213	False
1600	3.274317352781323	0.6558199270037665	0.2002921086579129	PRDM6	0.2696213	False
1601	3.501899071561915	0.8652592118928096	0.24708285253546364	CEP120	0.2696232	False
1602	3.501899071561915	0.8652592118928096	0.24708285253546364	CSNK1G3	0.2696232	False
1603	3.5548393609779643	0.8527145865606017	0.23987429528349016	LINC01170	0.26962352	False
1604	3.8136650997739157	1.1143222782806386	0.2921919594740237	ZNF608	0.26962617	False
1605	3.7034472319244163	0.9274761928969367	0.2504359141131852	LOC101927421	0.26962444	False
1606	3.722475147377671	0.9495152573033311	0.2550763187693073	LINC02240	0.26962468	False
1607	3.57485850240701	0.789941144518604	0.22097130389544756	LOC101927488	0.26962322	False
1608	3.511117197437312	0.7806975848954563	0.22235019254420516	LINC02039	0.2696228	False
1609	3.511117197437312	0.7806975848954563	0.22235019254420516	GRAMD2B	0.2696228	False
1610	3.511117197437312	0.7806975848954563	0.22235019254420516	ALDH7A1	0.2696228	False
1611	3.511117197437312	0.7806975848954563	0.22235019254420516	PHAX	0.2696228	False
1612	3.511117197437312	0.7806975848954563	0.22235019254420516	TEX43	0.2696228	False
1613	3.511117197437312	0.7806975848954563	0.22235019254420516	LMNB1-DT	0.2696228	False
1614	3.511117197437312	0.7806975848954563	0.22235019254420516	LMNB1	0.2696228	False
1615	3.35152088516382	0.6419286136881883	0.19153352632526152	MARCH3	0.26962146	False
1616	3.35152088516382	0.6419286136881883	0.19153352632526152	C5orf63	0.26962146	False
1617	3.2363379085053174	0.6327115406045764	0.19550231109729524	MEGF10	0.2696211	False
1618	3.2363379085053174	0.6327115406045764	0.19550231109729524	PRRC1	0.2696211	False
1619	3.2363379085053174	0.6327115406045764	0.19550231109729524	CTXN3	0.2696211	False
1620	2.9974444273599237	0.45357475623349186	0.15132048891161246	CCDC192	0.26961967	False
1621	2.9974444273599237	0.45357475623349186	0.15132048891161246	LINC01184	0.26961967	False
1622	2.9974444273599237	0.45357475623349186	0.15132048891161246	SLC12A2	0.26961967	False
1623	2.8873467979068295	0.4212925598334216	0.14590992676696682	SLC27A6	0.26961923	False
1624	2.8873467979068295	0.4212925598334216	0.14590992676696682	ISOC1	0.26961923	False
1625	2.8873467979068295	0.4212925598334216	0.14590992676696682	MIR4633	0.26961923	False
1626	2.953098574551047	0.4409389777733173	0.14931400582872595	CHSY3	0.2696194	False
1627	3.323379689490579	0.6099686047824695	0.1835386449256323	HINT1	0.26962113	False
1628	3.323379689490579	0.6099686047824695	0.1835386449256323	LYRM7	0.26962113	False
1629	3.323379689490579	0.6099686047824695	0.1835386449256323	CDC42SE2	0.26962113	False
1630	3.323379689490579	0.6099686047824695	0.1835386449256323	RAPGEF6	0.26962113	False
1631	3.323379689490579	0.6099686047824695	0.1835386449256323	FNIP1	0.26962113	False
1632	3.392378356763985	0.5892083416101503	0.17368591579277748	MEIKIN	0.26962125	False
1633	3.392378356763985	0.5892083416101503	0.17368591579277748	ACSL6	0.26962125	False
1634	3.392378356763985	0.5892083416101503	0.17368591579277748	IL3	0.26962125	False
1635	3.392378356763985	0.5892083416101503	0.17368591579277748	CSF2	0.26962125	False
1636	3.533779875671149	0.7077601279527784	0.20028415828203164	P4HA2-AS1	0.26962236	False
1637	3.533779875671149	0.7077601279527784	0.20028415828203164	P4HA2	0.26962236	False
1638	3.533779875671149	0.7077601279527784	0.20028415828203164	PDLIM4	0.26962236	False
1639	3.533779875671149	0.7077601279527784	0.20028415828203164	SLC22A4	0.26962236	False
1640	3.533779875671149	0.7077601279527784	0.20028415828203164	MIR3936HG	0.26962236	False
1641	3.533779875671149	0.7077601279527784	0.20028415828203164	MIR3936	0.26962236	False
1642	3.533779875671149	0.7077601279527784	0.20028415828203164	SLC22A5	0.26962236	False
1643	3.533779875671149	0.7077601279527784	0.20028415828203164	C5orf56	0.26962236	False
1644	3.533779875671149	0.7077601279527784	0.20028415828203164	IRF1	0.26962236	False
1645	3.533779875671149	0.7077601279527784	0.20028415828203164	IL5	0.26962236	False
1646	3.533779875671149	0.7077601279527784	0.20028415828203164	RAD50	0.26962236	False
1647	3.533779875671149	0.7077601279527784	0.20028415828203164	TH2LCRR	0.26962236	False
1648	3.533779875671149	0.7077601279527784	0.20028415828203164	IL13	0.26962236	False
1649	3.533779875671149	0.7077601279527784	0.20028415828203164	IL4	0.26962236	False
1650	3.533779875671149	0.7077601279527784	0.20028415828203164	KIF3A	0.26962236	False
1651	3.533779875671149	0.7077601279527784	0.20028415828203164	CCNI2	0.26962236	False
1652	3.533779875671149	0.7077601279527784	0.20028415828203164	SEPT8	0.26962236	False
1653	3.533779875671149	0.7077601279527784	0.20028415828203164	SOWAHA	0.26962236	False
1654	3.533779875671149	0.7077601279527784	0.20028415828203164	SHROOM1	0.26962236	False
1655	3.533779875671149	0.7077601279527784	0.20028415828203164	GDF9	0.26962236	False
1656	3.533779875671149	0.7077601279527784	0.20028415828203164	UQCRQ	0.26962236	False
1657	3.533779875671149	0.7077601279527784	0.20028415828203164	LEAP2	0.26962236	False
1658	3.418427086014161	0.5963970563461024	0.17446534366233715	AFF4	0.26962143	False
1659	3.418427086014161	0.5963970563461024	0.17446534366233715	ZCCHC10	0.26962143	False
1660	3.418427086014161	0.5963970563461024	0.17446534366233715	HSPA4	0.26962143	False
1661	3.419065959390298	0.6110628686361269	0.1787221644431493	FSTL4	0.26962158	False
1662	3.419065959390298	0.6110628686361269	0.1787221644431493	MIR1289-2	0.26962158	False
1663	3.3581806691055487	0.556951874241628	0.16584928838565796	WSPAR	0.26962116	False
1664	3.3581806691055487	0.556951874241628	0.16584928838565796	C5orf15	0.26962116	False
1665	3.3581806691055487	0.556951874241628	0.16584928838565796	VDAC1	0.26962116	False
1666	3.405719206722234	0.6048263813332044	0.17759138220772683	TCF7	0.26962164	False
1667	3.405719206722234	0.6048263813332044	0.17759138220772683	SKP1	0.26962164	False
1668	3.405719206722234	0.6048263813332044	0.17759138220772683	PPP2CA	0.26962164	False
1669	3.405719206722234	0.6048263813332044	0.17759138220772683	CDKL3	0.26962164	False
1670	3.405719206722234	0.6048263813332044	0.17759138220772683	MIR3661	0.26962164	False
1671	3.405719206722234	0.6048263813332044	0.17759138220772683	UBE2B	0.26962164	False
1672	3.405719206722234	0.6048263813332044	0.17759138220772683	CDKN2AIPNL	0.26962164	False
1673	3.405719206722234	0.6048263813332044	0.17759138220772683	LOC102546229	0.26962164	False
1674	3.405719206722234	0.6048263813332044	0.17759138220772683	LINC01843	0.26962164	False
1675	3.405719206722234	0.6048263813332044	0.17759138220772683	JADE2	0.26962164	False
1676	3.405719206722234	0.6048263813332044	0.17759138220772683	SAR1B	0.26962164	False
1677	3.405719206722234	0.6048263813332044	0.17759138220772683	SEC24A	0.26962164	False
1678	3.405719206722234	0.6048263813332044	0.17759138220772683	CAMLG	0.26962164	False
1679	3.405719206722234	0.6048263813332044	0.17759138220772683	DDX46	0.26962164	False
1680	3.405719206722234	0.6048263813332044	0.17759138220772683	C5orf24	0.26962164	False
1681	3.1450513584880246	0.41358157298706816	0.1315023272579868	TXNDC15	0.2696198	False
1682	3.1450513584880246	0.41358157298706816	0.1315023272579868	PCBD2	0.2696198	False
1683	3.1450513584880246	0.41358157298706816	0.1315023272579868	CATSPER3	0.2696198	False
1684	3.1450513584880246	0.41358157298706816	0.1315023272579868	PITX1	0.2696198	False
1685	3.1450513584880246	0.41358157298706816	0.1315023272579868	C5orf66	0.2696198	False
1686	3.1450513584880246	0.41358157298706816	0.1315023272579868	C5orf66-AS1	0.2696198	False
1687	2.963495980518942	0.3574179528993559	0.12060686272190183	C5orf66-AS2	0.26961908	False
1688	2.963495980518942	0.3574179528993559	0.12060686272190183	H2AFY	0.26961908	False
1689	2.963495980518942	0.3574179528993559	0.12060686272190183	DCANP1	0.26961908	False
1690	2.963495980518942	0.3574179528993559	0.12060686272190183	TIFAB	0.26961908	False
1691	2.963495980518942	0.3574179528993559	0.12060686272190183	NEUROG1	0.26961908	False
1692	2.963495980518942	0.3574179528993559	0.12060686272190183	CXCL14	0.26961908	False
1693	2.963495980518942	0.3574179528993559	0.12060686272190183	LINC01959	0.26961908	False
1694	2.963495980518942	0.3574179528993559	0.12060686272190183	MIR5692C1	0.26961908	False
1695	2.963495980518942	0.3574179528993559	0.12060686272190183	SLC25A48	0.26961908	False
1696	2.963495980518942	0.3574179528993559	0.12060686272190183	IL9	0.26961908	False
1697	2.8650413884900447	0.2889424483262924	0.10085105558582279	LECT2	0.2696187	False
1698	2.8650413884900447	0.2889424483262924	0.10085105558582279	TGFBI	0.2696187	False
1699	2.8650413884900447	0.2889424483262924	0.10085105558582279	VTRNA2-1	0.2696187	False
1700	2.811878226157495	0.2611104823149196	0.09285981159708111	SPOCK1	0.2696184	False
1701	3.011205067403441	0.3391455319303311	0.11262784311889323	PKD2L2	0.26961902	False
1702	3.011205067403441	0.3391455319303311	0.11262784311889323	FAM13B	0.26961902	False
1703	3.011205067403441	0.3391455319303311	0.11262784311889323	LOC100130172	0.26961902	False
1704	3.011205067403441	0.3391455319303311	0.11262784311889323	WNT8A	0.26961902	False
1705	3.250300165085593	0.48561413662670605	0.149405935440402	NME5	0.2696203	False
1706	3.250300165085593	0.48561413662670605	0.149405935440402	BRD8	0.2696203	False
1707	3.250300165085593	0.48561413662670605	0.149405935440402	KIF20A	0.2696203	False
1708	3.250300165085593	0.48561413662670605	0.149405935440402	CDC23	0.2696203	False
1709	3.250300165085593	0.48561413662670605	0.149405935440402	GFRA3	0.2696203	False
1710	3.250300165085593	0.48561413662670605	0.149405935440402	CDC25C	0.2696203	False
1711	3.250300165085593	0.48561413662670605	0.149405935440402	FAM53C	0.2696203	False
1712	3.250300165085593	0.48561413662670605	0.149405935440402	KDM3B	0.2696203	False
1713	3.250300165085593	0.48561413662670605	0.149405935440402	REEP2	0.2696203	False
1714	3.250300165085593	0.48561413662670605	0.149405935440402	EGR1	0.2696203	False
1715	3.250300165085593	0.48561413662670605	0.149405935440402	ETF1	0.2696203	False
1716	3.250300165085593	0.48561413662670605	0.149405935440402	HSPA9	0.2696203	False
1717	3.250300165085593	0.48561413662670605	0.149405935440402	SNORD63	0.2696203	False
1718	3.3915408680806554	0.5481870356218401	0.16163362228097541	CTNNA1	0.269621	False
1719	3.250300165085593	0.48561413662670605	0.149405935440402	LOC105379194	0.2696203	False
1720	3.250300165085593	0.48561413662670605	0.149405935440402	LRRTM2	0.2696203	False
1721	3.3915408680806554	0.5481870356218401	0.16163362228097541	SIL1	0.269621	False
1722	3.6509202496814943	0.7522117863357939	0.20603347509478376	MATR3	0.26962307	False
1723	3.6509202496814943	0.7522117863357939	0.20603347509478376	SNHG4	0.26962307	False
1724	3.6509202496814943	0.7522117863357939	0.20603347509478376	SNORA74A	0.26962307	False
1725	3.6509202496814943	0.7522117863357939	0.20603347509478376	PAIP2	0.26962307	False
1726	3.6509202496814943	0.7522117863357939	0.20603347509478376	SLC23A1	0.26962307	False
1727	3.6509202496814943	0.7522117863357939	0.20603347509478376	MZB1	0.26962307	False
1728	3.6509202496814943	0.7522117863357939	0.20603347509478376	PROB1	0.26962307	False
1729	3.6509202496814943	0.7522117863357939	0.20603347509478376	SPATA24	0.26962307	False
1730	3.6509202496814943	0.7522117863357939	0.20603347509478376	DNAJC18	0.26962307	False
1731	3.6509202496814943	0.7522117863357939	0.20603347509478376	ECSCR	0.26962307	False
1732	3.6509202496814943	0.7522117863357939	0.20603347509478376	TMEM173	0.26962307	False
1733	3.6509202496814943	0.7522117863357939	0.20603347509478376	UBE2D2	0.26962307	False
1734	3.6509202496814943	0.7522117863357939	0.20603347509478376	CXXC5	0.26962307	False
1735	3.6509202496814943	0.7522117863357939	0.20603347509478376	PSD2-AS1	0.26962307	False
1736	3.6509202496814943	0.7522117863357939	0.20603347509478376	PSD2	0.26962307	False
1737	3.700347237448644	0.7574333519414386	0.20469250676692763	NRG2	0.2696232	False
1738	3.700347237448644	0.7574333519414386	0.20469250676692763	MALINC1	0.2696232	False
1739	3.958085462042633	0.9905134420400954	0.25025064555552196	PURA	0.26962572	False
1740	3.958085462042633	0.9905134420400954	0.25025064555552196	IGIP	0.26962572	False
1741	3.958085462042633	0.9905134420400954	0.25025064555552196	LOC101929719	0.26962572	False
1742	3.958085462042633	0.9905134420400954	0.25025064555552196	CYSTM1	0.26962572	False
1743	3.958085462042633	0.9905134420400954	0.25025064555552196	PFDN1	0.26962572	False
1744	3.958085462042633	0.9905134420400954	0.25025064555552196	HBEGF	0.26962572	False
1745	3.958085462042633	0.9905134420400954	0.25025064555552196	SLC4A9	0.26962572	False
1746	3.958085462042633	0.9905134420400954	0.25025064555552196	ANKHD1	0.26962572	False
1747	3.958085462042633	0.9905134420400954	0.25025064555552196	ANKHD1-EIF4EBP3	0.26962572	False
1748	3.958085462042633	0.9905134420400954	0.25025064555552196	SRA1	0.26962572	False
1749	3.958085462042633	0.9905134420400954	0.25025064555552196	EIF4EBP3	0.26962572	False
1750	3.958085462042633	0.9905134420400954	0.25025064555552196	APBB3	0.26962572	False
1751	3.958085462042633	0.9905134420400954	0.25025064555552196	MIR6831	0.26962572	False
1752	3.958085462042633	0.9905134420400954	0.25025064555552196	SLC35A4	0.26962572	False
1753	3.958085462042633	0.9905134420400954	0.25025064555552196	CD14	0.26962572	False
1754	3.958085462042633	0.9905134420400954	0.25025064555552196	NDUFA2	0.26962572	False
1755	3.958085462042633	0.9905134420400954	0.25025064555552196	TMCO6	0.26962572	False
1756	3.958085462042633	0.9905134420400954	0.25025064555552196	IK	0.26962572	False
1757	3.958085462042633	0.9905134420400954	0.25025064555552196	MIR3655	0.26962572	False
1758	3.958085462042633	0.9905134420400954	0.25025064555552196	WDR55	0.26962572	False
1759	3.958085462042633	0.9905134420400954	0.25025064555552196	DND1	0.26962572	False
1760	3.958085462042633	0.9905134420400954	0.25025064555552196	HARS	0.26962572	False
1761	3.958085462042633	0.9905134420400954	0.25025064555552196	HARS2	0.26962572	False
1762	3.958085462042633	0.9905134420400954	0.25025064555552196	ZMAT2	0.26962572	False
1763	3.958085462042633	0.9905134420400954	0.25025064555552196	VTRNA1-1	0.26962572	False
1764	3.958085462042633	0.9905134420400954	0.25025064555552196	VTRNA1-2	0.26962572	False
1765	3.958085462042633	0.9905134420400954	0.25025064555552196	VTRNA1-3	0.26962572	False
1766	3.8824423732724926	0.9119311672924076	0.23488595054760467	PCDHA1	0.26962498	False
1767	3.8824423732724926	0.9119311672924076	0.23488595054760467	PCDHA2	0.26962498	False
1768	3.8824423732724926	0.9119311672924076	0.23488595054760467	PCDHA3	0.26962498	False
1769	3.8824423732724926	0.9119311672924076	0.23488595054760467	PCDHA4	0.26962498	False
1770	3.8824423732724926	0.9119311672924076	0.23488595054760467	PCDHA5	0.26962498	False
1771	3.8824423732724926	0.9119311672924076	0.23488595054760467	PCDHA6	0.26962498	False
1772	3.8824423732724926	0.9119311672924076	0.23488595054760467	PCDHA7	0.26962498	False
1773	3.8824423732724926	0.9119311672924076	0.23488595054760467	PCDHA8	0.26962498	False
1774	3.8824423732724926	0.9119311672924076	0.23488595054760467	PCDHA9	0.26962498	False
1775	3.8824423732724926	0.9119311672924076	0.23488595054760467	PCDHA10	0.26962498	False
1776	3.8824423732724926	0.9119311672924076	0.23488595054760467	PCDHA11	0.26962498	False
1777	3.8824423732724926	0.9119311672924076	0.23488595054760467	PCDHA12	0.26962498	False
1778	3.8824423732724926	0.9119311672924076	0.23488595054760467	PCDHA13	0.26962498	False
1779	3.8824423732724926	0.9119311672924076	0.23488595054760467	PCDHAC1	0.26962498	False
1780	3.8824423732724926	0.9119311672924076	0.23488595054760467	PCDHAC2	0.26962498	False
1781	3.8824423732724926	0.9119311672924076	0.23488595054760467	LOC101926905	0.26962498	False
1782	3.8824423732724926	0.9119311672924076	0.23488595054760467	PCDHB1	0.26962498	False
1783	3.8824423732724926	0.9119311672924076	0.23488595054760467	PCDHB2	0.26962498	False
1784	3.8473046434314284	0.9099768057167593	0.23652320002014368	PCDHB3	0.2696248	False
1785	3.8473046434314284	0.9099768057167593	0.23652320002014368	PCDHB4	0.2696248	False
1786	3.8473046434314284	0.9099768057167593	0.23652320002014368	PCDHB5	0.2696248	False
1787	3.8473046434314284	0.9099768057167593	0.23652320002014368	PCDHB6	0.2696248	False
1788	3.8473046434314284	0.9099768057167593	0.23652320002014368	PCDHB7	0.2696248	False
1789	3.8473046434314284	0.9099768057167593	0.23652320002014368	PCDHB8	0.2696248	False
1790	3.8473046434314284	0.9099768057167593	0.23652320002014368	PCDHB16	0.2696248	False
1791	3.8473046434314284	0.9099768057167593	0.23652320002014368	PCDHB9	0.2696248	False
1792	3.8473046434314284	0.9099768057167593	0.23652320002014368	PCDHB10	0.2696248	False
1793	3.8473046434314284	0.9099768057167593	0.23652320002014368	PCDHB11	0.2696248	False
1794	3.8473046434314284	0.9099768057167593	0.23652320002014368	PCDHB12	0.2696248	False
1795	3.8473046434314284	0.9099768057167593	0.23652320002014368	PCDHB13	0.2696248	False
1796	3.8473046434314284	0.9099768057167593	0.23652320002014368	PCDHB14	0.2696248	False
1797	3.8473046434314284	0.9099768057167593	0.23652320002014368	PCDHB15	0.2696248	False
1798	3.8473046434314284	0.9099768057167593	0.23652320002014368	SLC25A2	0.2696248	False
1799	3.8473046434314284	0.9099768057167593	0.23652320002014368	TAF7	0.2696248	False
1800	3.8473046434314284	0.9099768057167593	0.23652320002014368	PCDHGA1	0.2696248	False
1801	3.8473046434314284	0.9099768057167593	0.23652320002014368	PCDHGA2	0.2696248	False
1802	3.8473046434314284	0.9099768057167593	0.23652320002014368	PCDHGA3	0.2696248	False
1803	3.8473046434314284	0.9099768057167593	0.23652320002014368	PCDHGB1	0.2696248	False
1804	3.8473046434314284	0.9099768057167593	0.23652320002014368	PCDHGA4	0.2696248	False
1805	3.8473046434314284	0.9099768057167593	0.23652320002014368	PCDHGB2	0.2696248	False
1806	3.8473046434314284	0.9099768057167593	0.23652320002014368	PCDHGA5	0.2696248	False
1807	3.8473046434314284	0.9099768057167593	0.23652320002014368	PCDHGB3	0.2696248	False
1808	3.8473046434314284	0.9099768057167593	0.23652320002014368	PCDHGA6	0.2696248	False
1809	3.8473046434314284	0.9099768057167593	0.23652320002014368	PCDHGA7	0.2696248	False
1810	3.8473046434314284	0.9099768057167593	0.23652320002014368	PCDHGB4	0.2696248	False
1811	3.8473046434314284	0.9099768057167593	0.23652320002014368	PCDHGA8	0.2696248	False
1812	3.8473046434314284	0.9099768057167593	0.23652320002014368	PCDHGB5	0.2696248	False
1813	3.8473046434314284	0.9099768057167593	0.23652320002014368	PCDHGA9	0.2696248	False
1814	3.8473046434314284	0.9099768057167593	0.23652320002014368	PCDHGB6	0.2696248	False
1815	3.8473046434314284	0.9099768057167593	0.23652320002014368	PCDHGA10	0.2696248	False
1816	3.8473046434314284	0.9099768057167593	0.23652320002014368	PCDHGB7	0.2696248	False
1817	3.8473046434314284	0.9099768057167593	0.23652320002014368	PCDHGA11	0.2696248	False
1818	3.8473046434314284	0.9099768057167593	0.23652320002014368	PCDHGA12	0.2696248	False
1819	3.8473046434314284	0.9099768057167593	0.23652320002014368	PCDHGC3	0.2696248	False
1820	3.8473046434314284	0.9099768057167593	0.23652320002014368	PCDHGC4	0.2696248	False
1821	3.8473046434314284	0.9099768057167593	0.23652320002014368	PCDHGC5	0.2696248	False
1822	3.8473046434314284	0.9099768057167593	0.23652320002014368	DIAPH1	0.2696248	False
1823	3.8473046434314284	0.9099768057167593	0.23652320002014368	LOC100505658	0.2696248	False
1824	3.8473046434314284	0.9099768057167593	0.23652320002014368	HDAC3	0.2696248	False
1825	3.8473046434314284	0.9099768057167593	0.23652320002014368	RELL2	0.2696248	False
1826	3.8473046434314284	0.9099768057167593	0.23652320002014368	FCHSD1	0.2696248	False
1827	3.8473046434314284	0.9099768057167593	0.23652320002014368	ARAP3	0.2696248	False
1828	3.8473046434314284	0.9099768057167593	0.23652320002014368	PCDH1	0.2696248	False
1829	3.7470401906096624	0.8404875456970594	0.22430705381900584	DELE1	0.26962405	False
1830	3.7470401906096624	0.8404875456970594	0.22430705381900584	PCDH12	0.26962405	False
1831	3.7470401906096624	0.8404875456970594	0.22430705381900584	RNF14	0.26962405	False
1832	3.7470401906096624	0.8404875456970594	0.22430705381900584	GNPDA1	0.26962405	False
1833	3.7294454459855473	0.882070163557282	0.2365151002561951	NDFIP1	0.26962426	False
1834	3.7294454459855473	0.882070163557282	0.2365151002561951	SPRY4	0.26962426	False
1835	3.7294454459855473	0.882070163557282	0.2365151002561951	SPRY4-IT1	0.26962426	False
1836	3.7294454459855473	0.882070163557282	0.2365151002561951	SPRY4-AS1	0.26962426	False
1837	3.7294454459855473	0.882070163557282	0.2365151002561951	FGF1	0.26962426	False
1838	3.7294454459855473	0.882070163557282	0.2365151002561951	LINC01844	0.26962426	False
1839	3.5754826409439984	0.7635543832187709	0.21355281507314977	ARHGAP26	0.2696229	False
1840	3.7294454459855473	0.882070163557282	0.2365151002561951	ARHGAP26-AS1	0.26962426	False
1841	3.5020485001887867	0.7798454712125197	0.2226826587839889	ARHGAP26-IT1	0.26962265	False
1842	3.5020485001887867	0.7798454712125197	0.2226826587839889	NR3C1	0.26962265	False
1843	3.5020485001887867	0.7798454712125197	0.2226826587839889	MIR5197	0.26962265	False
1844	3.5020485001887867	0.7798454712125197	0.2226826587839889	HMHB1	0.26962265	False
1845	3.052132206438696	0.4721979383337096	0.15471084028980575	YIPF5	0.2696198	False
1846	3.052132206438696	0.4721979383337096	0.15471084028980575	KCTD16	0.2696198	False
1847	2.933283183767096	0.3842747857911797	0.13100500760300654	PPP2R2B	0.26961914	False
1848	2.933283183767096	0.3842747857911797	0.13100500760300654	PPP2R2B-IT1	0.26961914	False
1849	3.122442143509809	0.5085929580457419	0.1628830686592173	STK32A	0.26962012	False
1850	3.122442143509809	0.5085929580457419	0.1628830686592173	DPYSL3	0.26962012	False
1851	3.122442143509809	0.5085929580457419	0.1628830686592173	JAKMIP2-AS1	0.26962012	False
1852	3.122442143509809	0.5085929580457419	0.1628830686592173	JAKMIP2	0.26962012	False
1853	3.122442143509809	0.5085929580457419	0.1628830686592173	SPINK1	0.26962012	False
1854	3.122442143509809	0.5085929580457419	0.1628830686592173	SCGB3A2	0.26962012	False
1855	3.262061847742746	0.5483371110818047	0.1680952528417689	C5orf46	0.26962072	False
1856	3.262061847742746	0.5483371110818047	0.1680952528417689	SPINK5	0.26962072	False
1857	3.4683271522925776	0.727614407145047	0.20978828559009813	SPINK14	0.26962236	False
1858	3.4683271522925776	0.727614407145047	0.20978828559009813	SPINK6	0.26962236	False
1859	3.4683271522925776	0.727614407145047	0.20978828559009813	SPINK13	0.26962236	False
1860	3.4683271522925776	0.727614407145047	0.20978828559009813	LOC102546294	0.26962236	False
1861	3.4683271522925776	0.727614407145047	0.20978828559009813	SPINK7	0.26962236	False
1862	3.4683271522925776	0.727614407145047	0.20978828559009813	SPINK9	0.26962236	False
1863	3.4683271522925776	0.727614407145047	0.20978828559009813	FBXO38	0.26962236	False
1864	3.4683271522925776	0.727614407145047	0.20978828559009813	HTR4	0.26962236	False
1865	3.4683271522925776	0.727614407145047	0.20978828559009813	ADRB2	0.26962236	False
1866	3.56292325314638	0.7597734166948765	0.21324439588305155	SH3TC2	0.26962298	False
1867	3.56292325314638	0.7597734166948765	0.21324439588305155	MIR584	0.26962298	False
1868	3.56292325314638	0.7597734166948765	0.21324439588305155	SH3TC2-DT	0.26962298	False
1869	3.737517791099075	0.9185041031188308	0.24575243636465216	ABLIM3	0.26962465	False
1870	3.737517791099075	0.9185041031188308	0.24575243636465216	AFAP1L1	0.26962465	False
1871	3.737517791099075	0.9185041031188308	0.24575243636465216	GRPEL2	0.26962465	False
1872	3.737517791099075	0.9185041031188308	0.24575243636465216	GRPEL2-AS1	0.26962465	False
1873	3.737517791099075	0.9185041031188308	0.24575243636465216	PCYOX1L	0.26962465	False
1874	3.737517791099075	0.9185041031188308	0.24575243636465216	IL17B	0.26962465	False
1875	3.737517791099075	0.9185041031188308	0.24575243636465216	CARMN	0.26962465	False
1876	3.737517791099075	0.9185041031188308	0.24575243636465216	MIR143	0.26962465	False
1877	3.737517791099075	0.9185041031188308	0.24575243636465216	MIR145	0.26962465	False
1878	3.737517791099075	0.9185041031188308	0.24575243636465216	CSNK1A1	0.26962465	False
1879	3.737517791099075	0.9185041031188308	0.24575243636465216	ARHGEF37	0.26962465	False
1880	3.737517791099075	0.9185041031188308	0.24575243636465216	PPARGC1B	0.26962465	False
1881	3.737517791099075	0.9185041031188308	0.24575243636465216	MIR378A	0.26962465	False
1882	3.65449433623667	0.8114582785930284	0.22204392836155082	PDE6A	0.26962367	False
1883	3.65449433623667	0.8114582785930284	0.22204392836155082	SLC26A2	0.26962367	False
1884	3.65449433623667	0.8114582785930284	0.22204392836155082	TIGD6	0.26962367	False
1885	3.65449433623667	0.8114582785930284	0.22204392836155082	HMGXB3	0.26962367	False
1886	3.65449433623667	0.8114582785930284	0.22204392836155082	CSF1R	0.26962367	False
1887	3.735105362863294	0.8933397386718601	0.23917390592350918	PDGFRB	0.2696245	False
1888	3.735105362863294	0.8933397386718601	0.23917390592350918	CDX1	0.2696245	False
1889	3.735105362863294	0.8933397386718601	0.23917390592350918	SLC6A7	0.2696245	False
1890	3.735105362863294	0.8933397386718601	0.23917390592350918	CAMK2A	0.2696245	False
1891	3.735105362863294	0.8933397386718601	0.23917390592350918	ARSI	0.2696245	False
1892	3.735105362863294	0.8933397386718601	0.23917390592350918	TCOF1	0.2696245	False
1893	3.735105362863294	0.8933397386718601	0.23917390592350918	CD74	0.2696245	False
1894	3.735105362863294	0.8933397386718601	0.23917390592350918	RPS14	0.2696245	False
1895	3.735105362863294	0.8933397386718601	0.23917390592350918	NDST1-AS1	0.2696245	False
1896	3.735105362863294	0.8933397386718601	0.23917390592350918	NDST1	0.2696245	False
1897	3.735105362863294	0.8933397386718601	0.23917390592350918	SYNPO	0.2696245	False
1898	3.735105362863294	0.8933397386718601	0.23917390592350918	MYOZ3	0.2696245	False
1899	3.735105362863294	0.8933397386718601	0.23917390592350918	RBM22	0.2696245	False
1900	3.735105362863294	0.8933397386718601	0.23917390592350918	DCTN4	0.2696245	False
1901	3.735105362863294	0.8933397386718601	0.23917390592350918	SMIM3	0.2696245	False
1902	3.735105362863294	0.8933397386718601	0.23917390592350918	IRGM	0.2696245	False
1903	3.4533068525528394	0.6305959392163384	0.1826064019622738	ZNF300	0.2696218	False
1904	3.4533068525528394	0.6305959392163384	0.1826064019622738	GPX3	0.2696218	False
1905	3.4533068525528394	0.6305959392163384	0.1826064019622738	TNIP1	0.2696218	False
1906	3.36408374958525	0.5976587444076796	0.1776586996329576	ANXA6	0.26962137	False
1907	3.36408374958525	0.5976587444076796	0.1776586996329576	CCDC69	0.26962137	False
1908	3.36408374958525	0.5976587444076796	0.1776586996329576	GM2A	0.26962137	False
1909	3.36408374958525	0.5976587444076796	0.1776586996329576	SLC36A3	0.26962137	False
1910	3.36408374958525	0.5976587444076796	0.1776586996329576	SLC36A2	0.26962137	False
1911	3.36408374958525	0.5976587444076796	0.1776586996329576	SLC36A1	0.26962137	False
1912	3.36408374958525	0.5976587444076796	0.1776586996329576	FAT2	0.26962137	False
1913	3.36408374958525	0.5976587444076796	0.1776586996329576	MIR6499	0.26962137	False
1914	3.36408374958525	0.5976587444076796	0.1776586996329576	SPARC	0.26962137	False
1915	3.36408374958525	0.5976587444076796	0.1776586996329576	CLMAT3	0.26962137	False
1916	3.36408374958525	0.5976587444076796	0.1776586996329576	ATOX1	0.26962137	False
1917	3.36408374958525	0.5976587444076796	0.1776586996329576	LOC100652758	0.26962137	False
1918	3.36408374958525	0.5976587444076796	0.1776586996329576	G3BP1	0.26962137	False
1919	3.0662947855082825	0.3812699061588843	0.12434222174619891	GLRA1	0.26961946	False
1920	3.0662947855082825	0.3812699061588843	0.12434222174619891	LINC01933	0.26961946	False
1921	2.803304802335541	0.2905711077738259	0.10365305532660592	NMUR2	0.26961854	False
1922	2.8544367041464835	0.29340547970023384	0.1027892751217849	FBXW11	0.26961857	False
1923	2.8544367041464835	0.29340547970023384	0.1027892751217849	STK10	0.26961857	False
1924	3.200730032956972	0.49054429558956314	0.1532601283265297	EFCAB9	0.26962024	False
1925	3.200730032956972	0.49054429558956314	0.1532601283265297	UBTD2	0.26962024	False
1926	3.200730032956972	0.49054429558956314	0.1532601283265297	SH3PXD2B	0.26962024	False
1927	3.200730032956972	0.49054429558956314	0.1532601283265297	NEURL1B	0.26962024	False
1928	3.200730032956972	0.49054429558956314	0.1532601283265297	MIR5003	0.26962024	False
1929	3.200730032956972	0.49054429558956314	0.1532601283265297	LOC101928093	0.26962024	False
1930	3.200730032956972	0.49054429558956314	0.1532601283265297	DUSP1	0.26962024	False
1931	3.0416499332959845	0.3835650893269361	0.12610428475945565	ERGIC1	0.2696194	False
1932	3.0416499332959845	0.3835650893269361	0.12610428475945565	LOC100268168	0.2696194	False
1933	3.0416499332959845	0.3835650893269361	0.12610428475945565	RPL26L1	0.2696194	False
1934	3.0416499332959845	0.3835650893269361	0.12610428475945565	ATP6V0E1	0.2696194	False
1935	3.0416499332959845	0.3835650893269361	0.12610428475945565	SNORA74B	0.2696194	False
1936	3.0416499332959845	0.3835650893269361	0.12610428475945565	CREBRF	0.2696194	False
1937	3.1506850345416177	0.4652714827555658	0.14767311795837965	BNIP1	0.26962006	False
1938	3.1506850345416177	0.4652714827555658	0.14767311795837965	NKX2-5	0.26962006	False
1939	3.1506850345416177	0.4652714827555658	0.14767311795837965	STC2	0.26962006	False
1940	3.1506850345416177	0.4652714827555658	0.14767311795837965	MIR8056	0.26962006	False
1941	3.1506850345416177	0.4652714827555658	0.14767311795837965	LOC285593	0.26962006	False
1942	3.1506850345416177	0.4652714827555658	0.14767311795837965	BOD1	0.26962006	False
1943	3.1506850345416177	0.4652714827555658	0.14767311795837965	LINC01484	0.26962006	False
1944	3.1506850345416177	0.4652714827555658	0.14767311795837965	LINC01485	0.26962006	False
1945	2.884328691822283	0.2937857170707927	0.10185583838060513	CPEB4	0.2696187	False
1946	2.884328691822283	0.2937857170707927	0.10185583838060513	C5orf47	0.2696187	False
1947	2.884328691822283	0.2937857170707927	0.10185583838060513	NSG2	0.2696187	False
1948	2.882032099083832	0.2748494258021212	0.0953665387312976	N4BP3	0.26961863	False
1949	2.882032099083832	0.2748494258021212	0.0953665387312976	RMND5B	0.26961863	False
1950	2.882032099083832	0.2748494258021212	0.0953665387312976	NHP2	0.26961863	False
1951	2.882032099083832	0.2748494258021212	0.0953665387312976	HNRNPAB	0.26961863	False
1952	2.882032099083832	0.2748494258021212	0.0953665387312976	PHYKPL	0.26961863	False
1953	2.882032099083832	0.2748494258021212	0.0953665387312976	COL23A1	0.26961863	False
1954	2.882032099083832	0.2748494258021212	0.0953665387312976	CLK4	0.26961863	False
1955	2.882032099083832	0.2748494258021212	0.0953665387312976	ZNF354A	0.26961863	False
1956	2.882032099083832	0.2748494258021212	0.0953665387312976	ZNF354B	0.26961863	False
1957	2.882032099083832	0.2748494258021212	0.0953665387312976	ZFP2	0.26961863	False
1958	2.882032099083832	0.2748494258021212	0.0953665387312976	ZNF454	0.26961863	False
1959	2.882032099083832	0.2748494258021212	0.0953665387312976	GRM6	0.26961863	False
1960	2.882032099083832	0.2748494258021212	0.0953665387312976	ZNF879	0.26961863	False
1961	2.882032099083832	0.2748494258021212	0.0953665387312976	ZNF354C	0.26961863	False
1962	2.9468896636910586	0.32264781190330205	0.1094875779974663	ADAMTS2	0.26961896	False
1963	2.9468896636910586	0.32264781190330205	0.1094875779974663	RUFY1	0.26961896	False
1964	2.9468896636910586	0.32264781190330205	0.1094875779974663	LOC101928445	0.26961896	False
1965	2.9468896636910586	0.32264781190330205	0.1094875779974663	HNRNPH1	0.26961896	False
1966	2.9468896636910586	0.32264781190330205	0.1094875779974663	C5orf60	0.26961896	False
1967	2.9468896636910586	0.32264781190330205	0.1094875779974663	LOC105377763	0.26961896	False
1968	2.9468896636910586	0.32264781190330205	0.1094875779974663	CBY3	0.26961896	False
1969	2.9468896636910586	0.32264781190330205	0.1094875779974663	CANX	0.26961896	False
1970	2.9468896636910586	0.32264781190330205	0.1094875779974663	MAML1	0.26961896	False
1971	2.9468896636910586	0.32264781190330205	0.1094875779974663	LTC4S	0.26961896	False
1972	2.9468896636910586	0.32264781190330205	0.1094875779974663	MGAT4B	0.26961896	False
1973	2.9468896636910586	0.32264781190330205	0.1094875779974663	MIR1229	0.26961896	False
1974	2.9468896636910586	0.32264781190330205	0.1094875779974663	SQSTM1	0.26961896	False
1975	2.9468896636910586	0.32264781190330205	0.1094875779974663	MRNIP	0.26961896	False
1976	2.9468896636910586	0.32264781190330205	0.1094875779974663	LOC100996419	0.26961896	False
1977	2.9468896636910586	0.32264781190330205	0.1094875779974663	TBC1D9B	0.26961896	False
1978	2.9468896636910586	0.32264781190330205	0.1094875779974663	RNF130	0.26961896	False
1979	2.9468896636910586	0.32264781190330205	0.1094875779974663	MIR340	0.26961896	False
1980	2.8536758842754284	0.30746035199238986	0.10774186153605757	RASGEF1C	0.2696187	False
1981	2.8536758842754284	0.30746035199238986	0.10774186153605757	MAPK9	0.2696187	False
1982	2.8536758842754284	0.30746035199238986	0.10774186153605757	GFPT2	0.2696187	False
1983	2.8536758842754284	0.30746035199238986	0.10774186153605757	CNOT6	0.2696187	False
1984	2.8536758842754284	0.30746035199238986	0.10774186153605757	SCGB3A1	0.2696187	False
1985	2.8536758842754284	0.30746035199238986	0.10774186153605757	FLT4	0.2696187	False
1986	2.8536758842754284	0.30746035199238986	0.10774186153605757	OR2Y1	0.2696187	False
1987	2.8536758842754284	0.30746035199238986	0.10774186153605757	MGAT1	0.2696187	False
1988	2.8536758842754284	0.30746035199238986	0.10774186153605757	HEIH	0.2696187	False
1989	2.8536758842754284	0.30746035199238986	0.10774186153605757	LINC00847	0.2696187	False
1990	2.8536758842754284	0.30746035199238986	0.10774186153605757	ZFP62	0.2696187	False
1991	2.8536758842754284	0.30746035199238986	0.10774186153605757	BTNL8	0.2696187	False
1992	2.8536758842754284	0.30746035199238986	0.10774186153605757	BTNL3	0.2696187	False
1993	2.8536758842754284	0.30746035199238986	0.10774186153605757	BTNL9	0.2696187	False
1994	2.8536758842754284	0.30746035199238986	0.10774186153605757	MIR8089	0.2696187	False
1995	3.6775510535677873	0.9027997344287102	0.24548938173213294	LINC01622	0.26962432	False
1996	3.6775510535677873	0.9027997344287102	0.24548938173213294	FOXQ1	0.26962432	False
1997	3.6775510535677873	0.9027997344287102	0.24548938173213294	FOXF2	0.26962432	False
1998	3.6775510535677873	0.9027997344287102	0.24548938173213294	MIR6720	0.26962432	False
1999	3.6775510535677873	0.9027997344287102	0.24548938173213294	FOXCUT	0.26962432	False
2000	3.6775510535677873	0.9027997344287102	0.24548938173213294	FOXC1	0.26962432	False
2001	3.725336493988661	0.89950773364567	0.241456774467796	GMDS	0.2696245	False
2002	3.725336493988661	0.89950773364567	0.241456774467796	GMDS-DT	0.2696245	False
2003	3.725336493988661	0.89950773364567	0.241456774467796	LINC01600	0.2696245	False
2004	3.725336493988661	0.89950773364567	0.241456774467796	MYLK4	0.2696245	False
2005	3.725336493988661	0.89950773364567	0.241456774467796	WRNIP1	0.2696245	False
2006	3.725336493988661	0.89950773364567	0.241456774467796	SERPINB1	0.2696245	False
2007	3.725336493988661	0.89950773364567	0.241456774467796	MIR4645	0.2696245	False
2008	3.725336493988661	0.89950773364567	0.241456774467796	SERPINB9P1	0.2696245	False
2009	3.632954811118081	0.8029296776716487	0.22101284475502145	SERPINB9	0.26962355	False
2010	3.632954811118081	0.8029296776716487	0.22101284475502145	SERPINB6	0.26962355	False
2011	3.632954811118081	0.8029296776716487	0.22101284475502145	LINC01011	0.26962355	False
2012	3.632954811118081	0.8029296776716487	0.22101284475502145	NQO2	0.26962355	False
2013	3.632954811118081	0.8029296776716487	0.22101284475502145	RIPK1	0.26962355	False
2014	3.632954811118081	0.8029296776716487	0.22101284475502145	BPHL	0.26962355	False
2015	3.632954811118081	0.8029296776716487	0.22101284475502145	TUBB2A	0.26962355	False
2016	3.632954811118081	0.8029296776716487	0.22101284475502145	LINC02525	0.26962355	False
2017	3.632954811118081	0.8029296776716487	0.22101284475502145	TUBB2B	0.26962355	False
2018	3.632954811118081	0.8029296776716487	0.22101284475502145	PSMG4	0.26962355	False
2019	3.632954811118081	0.8029296776716487	0.22101284475502145	SLC22A23	0.26962355	False
2020	3.632954811118081	0.8029296776716487	0.22101284475502145	PXDC1	0.26962355	False
2021	3.632954811118081	0.8029296776716487	0.22101284475502145	FAM50B	0.26962355	False
2022	3.396702734076151	0.5833377975463333	0.17173648776921654	PRPF4B	0.2696213	False
2023	3.396702734076151	0.5833377975463333	0.17173648776921654	FAM217A	0.2696213	False
2024	3.396702734076151	0.5833377975463333	0.17173648776921654	C6orf201	0.2696213	False
2025	3.3435671224274457	0.5478714317930912	0.16385836196263764	ECI2	0.2696209	False
2026	3.3435671224274457	0.5478714317930912	0.16385836196263764	LOC100507506	0.2696209	False
2027	3.3435671224274457	0.5478714317930912	0.16385836196263764	LOC102724096	0.2696209	False
2028	3.3435671224274457	0.5478714317930912	0.16385836196263764	KU-MEL-3	0.2696209	False
2029	3.2447636908818813	0.4507561912418538	0.138918033540786	CDYL	0.26962006	False
2030	3.2447636908818813	0.4507561912418538	0.138918033540786	RPP40	0.26962006	False
2031	3.2447636908818813	0.4507561912418538	0.138918033540786	LYRM4-AS1	0.26962006	False
2032	3.2447636908818813	0.4507561912418538	0.138918033540786	PPP1R3G	0.26962006	False
2033	3.090639858754384	0.39723780457127617	0.12852930872747312	LYRM4	0.26961946	False
2034	3.090639858754384	0.39723780457127617	0.12852930872747312	MIR3691	0.26961946	False
2035	3.090639858754384	0.39723780457127617	0.12852930872747312	FARS2	0.26961946	False
2036	3.090639858754384	0.39723780457127617	0.12852930872747312	LOC101927972	0.26961946	False
2037	3.090639858754384	0.39723780457127617	0.12852930872747312	LOC101927950	0.26961946	False
2038	3.0628735046532207	0.35768416253233404	0.11678058593961788	NRN1	0.2696192	False
2039	2.9662058167678715	0.3621787735904934	0.12210170027417105	F13A1	0.2696191	False
2040	2.9662058167678715	0.3621787735904934	0.12210170027417105	MIR7853	0.2696191	False
2041	2.9662058167678715	0.3621787735904934	0.12210170027417105	LY86-AS1	0.2696191	False
2042	2.9662058167678715	0.3621787735904934	0.12210170027417105	LY86	0.2696191	False
2043	3.1169259894619024	0.47276808344900073	0.15167767378737732	RREB1	0.26961994	False
2044	3.1169259894619024	0.47276808344900073	0.15167767378737732	SSR1	0.26961994	False
2045	3.1169259894619024	0.47276808344900073	0.15167767378737732	CAGE1	0.26961994	False
2046	3.1169259894619024	0.47276808344900073	0.15167767378737732	RIOK1	0.26961994	False
2047	3.1169259894619024	0.47276808344900073	0.15167767378737732	DSP	0.26961994	False
2048	3.1169259894619024	0.47276808344900073	0.15167767378737732	SNRNP48	0.26961994	False
2049	3.1169259894619024	0.47276808344900073	0.15167767378737732	BMP6	0.26961994	False
2050	2.922351328495313	0.35184448655992384	0.12039773696240853	TXNDC5	0.26961893	False
2051	2.922351328495313	0.35184448655992384	0.12039773696240853	BLOC1S5-TXNDC5	0.26961893	False
2052	2.922351328495313	0.35184448655992384	0.12039773696240853	BLOC1S5	0.26961893	False
2053	2.922351328495313	0.35184448655992384	0.12039773696240853	EEF1E1-BLOC1S5	0.26961893	False
2054	2.922351328495313	0.35184448655992384	0.12039773696240853	EEF1E1	0.26961893	False
2055	2.909528927990708	0.3799587708720317	0.13059116450662941	SLC35B3	0.269619	False
2056	2.909528927990708	0.3799587708720317	0.13059116450662941	HULC	0.269619	False
2057	2.909528927990708	0.3799587708720317	0.13059116450662941	LOC100506207	0.269619	False
2058	3.165466261489091	0.5194369093267532	0.16409491253980416	TFAP2A	0.26962027	False
2059	3.165466261489091	0.5194369093267532	0.16409491253980416	TFAP2A-AS1	0.26962027	False
2060	3.165466261489091	0.5194369093267532	0.16409491253980416	LINC00518	0.26962027	False
2061	3.165466261489091	0.5194369093267532	0.16409491253980416	MIR5689HG	0.26962027	False
2062	3.165466261489091	0.5194369093267532	0.16409491253980416	MIR5689	0.26962027	False
2063	3.165466261489091	0.5194369093267532	0.16409491253980416	GCNT2	0.26962027	False
2064	3.165466261489091	0.5194369093267532	0.16409491253980416	C6orf52	0.26962027	False
2065	3.165466261489091	0.5194369093267532	0.16409491253980416	PAK1IP1	0.26962027	False
2066	3.165466261489091	0.5194369093267532	0.16409491253980416	TMEM14C	0.26962027	False
2067	3.165466261489091	0.5194369093267532	0.16409491253980416	TMEM14B	0.26962027	False
2068	3.3549327722630875	0.6173824284718353	0.18402229504449258	SYCP2L	0.2696214	False
2069	3.165466261489091	0.5194369093267532	0.16409491253980416	MAK	0.26962027	False
2070	3.165466261489091	0.5194369093267532	0.16409491253980416	GCM2	0.26962027	False
2071	3.3549327722630875	0.6173824284718353	0.18402229504449258	ELOVL2	0.2696214	False
2072	3.3549327722630875	0.6173824284718353	0.18402229504449258	ELOVL2-AS1	0.2696214	False
2073	3.3549327722630875	0.6173824284718353	0.18402229504449258	SMIM13	0.2696214	False
2074	3.68823763872805	0.920845036666547	0.249670744367794	ERVFRD-1	0.2696243	False
2075	3.68823763872805	0.920845036666547	0.249670744367794	NEDD9	0.2696243	False
2076	3.68823763872805	0.920845036666547	0.249670744367794	TMEM170B	0.2696243	False
2077	3.68823763872805	0.920845036666547	0.249670744367794	ADTRP	0.2696243	False
2078	3.5188436644517846	0.7072526915472978	0.20099008622978526	LOC101928253	0.26962227	False
2079	3.5188436644517846	0.7072526915472978	0.20099008622978526	HIVEP1	0.26962227	False
2080	3.5921782130704805	0.7630486612278378	0.21241948922562165	EDN1	0.26962292	False
2081	3.439707604420652	0.58729627393716	0.17074017372359707	PHACTR1	0.26962137	False
2082	3.3970755344165284	0.567843094666158	0.16715645234061274	TBC1D7-LOC100130357	0.26962107	False
2083	3.3970755344165284	0.567843094666158	0.16715645234061274	LOC100130357	0.26962107	False
2084	3.3970755344165284	0.567843094666158	0.16715645234061274	TBC1D7	0.26962107	False
2085	3.3970755344165284	0.567843094666158	0.16715645234061274	GFOD1	0.26962107	False
2086	3.3970755344165284	0.567843094666158	0.16715645234061274	SIRT5	0.26962107	False
2087	3.3970755344165284	0.567843094666158	0.16715645234061274	NOL7	0.26962107	False
2088	3.3970755344165284	0.567843094666158	0.16715645234061274	RANBP9	0.26962107	False
2089	3.3970755344165284	0.567843094666158	0.16715645234061274	MCUR1	0.26962107	False
2090	3.3193924106381023	0.48487151730108596	0.14607237027690764	RNF182	0.26962036	False
2091	3.123903194004982	0.427771760876742	0.1369350246504661	CD83	0.26961958	False
2092	3.123903194004982	0.427771760876742	0.1369350246504661	LINC01108	0.26961958	False
2093	3.1638299020573393	0.45661951564608483	0.14432492573294142	JARID2	0.26961988	False
2094	3.1638299020573393	0.45661951564608483	0.14432492573294142	JARID2-AS1	0.26961988	False
2095	3.1638299020573393	0.45661951564608483	0.14432492573294142	DTNBP1	0.26961988	False
2096	3.1887114129748557	0.49173825290704815	0.1542122159146064	MYLIP	0.26962012	False
2097	3.1887114129748557	0.49173825290704815	0.1542122159146064	MIR4639	0.26962012	False
2098	3.1887114129748557	0.49173825290704815	0.1542122159146064	GMPR	0.26962012	False
2099	3.1887114129748557	0.49173825290704815	0.1542122159146064	ATXN1	0.26962012	False
2100	3.0384768857716957	0.45024097917027917	0.14817982696482795	STMND1	0.26961967	False
2101	3.0384768857716957	0.45024097917027917	0.14817982696482795	RBM24	0.26961967	False
2102	3.0384768857716957	0.45024097917027917	0.14817982696482795	CAP2	0.26961967	False
2103	3.0384768857716957	0.45024097917027917	0.14817982696482795	FAM8A1	0.26961967	False
2104	3.0384768857716957	0.45024097917027917	0.14817982696482795	NUP153	0.26961967	False
2105	3.0384768857716957	0.45024097917027917	0.14817982696482795	LOC105374952	0.26961967	False
2106	2.907112388631069	0.3542646574417843	0.12186135590327285	KIF13A	0.269619	False
2107	2.8349064227991003	0.36065904864749554	0.12722079492535482	NHLRC1	0.2696189	False
2108	2.8349064227991003	0.36065904864749554	0.12722079492535482	TPMT	0.2696189	False
2109	2.8349064227991003	0.36065904864749554	0.12722079492535482	KDM1B	0.2696189	False
2110	2.8349064227991003	0.36065904864749554	0.12722079492535482	DEK	0.2696189	False
2111	2.8349064227991003	0.36065904864749554	0.12722079492535482	RNF144B	0.2696189	False
2112	2.8349064227991003	0.36065904864749554	0.12722079492535482	MIR548A1	0.2696189	False
2113	3.037667992339966	0.473765757671264	0.15596364015618255	CASC15	0.26961982	False
2114	3.191916138108151	0.6028120545803918	0.18885585601183072	NBAT1	0.26962072	False
2115	3.191916138108151	0.6028120545803918	0.18885585601183072	PRL	0.26962072	False
2116	3.191916138108151	0.6028120545803918	0.18885585601183072	HDGFL1	0.26962072	False
2117	3.8506222987993883	1.1050716241845178	0.28698520354205487	NRSN1	0.2696262	False
2118	3.8506222987993883	1.1050716241845178	0.28698520354205487	DCDC2	0.2696262	False
2119	3.8506222987993883	1.1050716241845178	0.28698520354205487	KAAG1	0.2696262	False
2120	3.8506222987993883	1.1050716241845178	0.28698520354205487	MRS2	0.2696262	False
2121	3.8506222987993883	1.1050716241845178	0.28698520354205487	GPLD1	0.2696262	False
2122	3.8506222987993883	1.1050716241845178	0.28698520354205487	ALDH5A1	0.2696262	False
2123	3.8506222987993883	1.1050716241845178	0.28698520354205487	KIAA0319	0.2696262	False
2124	3.8506222987993883	1.1050716241845178	0.28698520354205487	TDP2	0.2696262	False
2125	3.8506222987993883	1.1050716241845178	0.28698520354205487	ACOT13	0.2696262	False
2126	3.8506222987993883	1.1050716241845178	0.28698520354205487	C6orf62	0.2696262	False
2127	3.8506222987993883	1.1050716241845178	0.28698520354205487	GMNN	0.2696262	False
2128	3.8506222987993883	1.1050716241845178	0.28698520354205487	ARMH2	0.2696262	False
2129	4.170710094372336	1.298242663367852	0.3112761697629403	RIPOR2	0.2696291	False
2130	4.5842423245097805	1.6741319549786395	0.3651927268390342	LOC101928663	0.2696346	False
2131	4.5842423245097805	1.6741319549786395	0.3651927268390342	CARMIL1	0.2696346	False
2132	4.5842423245097805	1.6741319549786395	0.3651927268390342	SCGN	0.2696346	False
2133	4.5842423245097805	1.6741319549786395	0.3651927268390342	HIST1H2AA	0.2696346	False
2134	4.5842423245097805	1.6741319549786395	0.3651927268390342	HIST1H2BA	0.2696346	False
2135	4.5842423245097805	1.6741319549786395	0.3651927268390342	SLC17A4	0.2696346	False
2136	4.5842423245097805	1.6741319549786395	0.3651927268390342	SLC17A1	0.2696346	False
2137	4.5842423245097805	1.6741319549786395	0.3651927268390342	SLC17A3	0.2696346	False
2138	4.656754689248003	1.57995496453881	0.3392824123174823	SLC17A2	0.26963437	False
2139	4.656754689248003	1.57995496453881	0.3392824123174823	TRIM38	0.26963437	False
2140	4.656754689248003	1.57995496453881	0.3392824123174823	HIST1H1A	0.26963437	False
2141	4.656754689248003	1.57995496453881	0.3392824123174823	HIST1H3A	0.26963437	False
2142	4.656754689248003	1.57995496453881	0.3392824123174823	HIST1H4A	0.26963437	False
2143	4.656754689248003	1.57995496453881	0.3392824123174823	HIST1H4B	0.26963437	False
2144	4.656754689248003	1.57995496453881	0.3392824123174823	HIST1H3B	0.26963437	False
2145	4.656754689248003	1.57995496453881	0.3392824123174823	HIST1H2AB	0.26963437	False
2146	4.656754689248003	1.57995496453881	0.3392824123174823	HIST1H2BB	0.26963437	False
2147	4.656754689248003	1.57995496453881	0.3392824123174823	HIST1H3C	0.26963437	False
2148	4.656754689248003	1.57995496453881	0.3392824123174823	HIST1H1C	0.26963437	False
2149	4.656754689248003	1.57995496453881	0.3392824123174823	HFE	0.26963437	False
2150	5.065470592716546	1.9320081984715238	0.38140744539105353	HIST1H4C	0.26964056	False
2151	5.065470592716546	1.9320081984715238	0.38140744539105353	HIST1H1T	0.26964056	False
2152	5.065470592716546	1.9320081984715238	0.38140744539105353	HIST1H2BC	0.26964056	False
2153	5.065470592716546	1.9320081984715238	0.38140744539105353	HIST1H1E	0.26964056	False
2154	5.065470592716546	1.9320081984715238	0.38140744539105353	HIST1H2BD	0.26964056	False
2155	5.065470592716546	1.9320081984715238	0.38140744539105353	HIST1H2BE	0.26964056	False
2156	5.065470592716546	1.9320081984715238	0.38140744539105353	HIST1H4D	0.26964056	False
2157	5.065470592716546	1.9320081984715238	0.38140744539105353	HIST1H3D	0.26964056	False
2158	5.065470592716546	1.9320081984715238	0.38140744539105353	HIST1H2AD	0.26964056	False
2159	5.065470592716546	1.9320081984715238	0.38140744539105353	HIST1H2BF	0.26964056	False
2160	5.065470592716546	1.9320081984715238	0.38140744539105353	HIST1H4E	0.26964056	False
2161	5.065470592716546	1.9320081984715238	0.38140744539105353	HIST1H2BG	0.26964056	False
2162	5.065470592716546	1.9320081984715238	0.38140744539105353	HIST1H2AE	0.26964056	False
2163	5.065470592716546	1.9320081984715238	0.38140744539105353	HIST1H3E	0.26964056	False
2164	5.065470592716546	1.9320081984715238	0.38140744539105353	HIST1H1D	0.26964056	False
2165	5.065470592716546	1.9320081984715238	0.38140744539105353	HIST1H4F	0.26964056	False
2166	5.065470592716546	1.9320081984715238	0.38140744539105353	HIST1H4G	0.26964056	False
2167	5.065470592716546	1.9320081984715238	0.38140744539105353	HIST1H3F	0.26964056	False
2168	5.065470592716546	1.9320081984715238	0.38140744539105353	HIST1H2BH	0.26964056	False
2169	5.065470592716546	1.9320081984715238	0.38140744539105353	HIST1H3G	0.26964056	False
2170	5.065470592716546	1.9320081984715238	0.38140744539105353	HIST1H2BI	0.26964056	False
2171	5.065470592716546	1.9320081984715238	0.38140744539105353	HIST1H4H	0.26964056	False
2172	5.065470592716546	1.9320081984715238	0.38140744539105353	BTN3A2	0.26964056	False
2173	5.065470592716546	1.9320081984715238	0.38140744539105353	BTN2A2	0.26964056	False
2174	5.065470592716546	1.9320081984715238	0.38140744539105353	BTN3A1	0.26964056	False
2175	5.065470592716546	1.9320081984715238	0.38140744539105353	BTN3A3	0.26964056	False
2176	5.065470592716546	1.9320081984715238	0.38140744539105353	BTN2A1	0.26964056	False
2177	5.065470592716546	1.9320081984715238	0.38140744539105353	BTN1A1	0.26964056	False
2178	5.065470592716546	1.9320081984715238	0.38140744539105353	HCG11	0.26964056	False
2179	5.065470592716546	1.9320081984715238	0.38140744539105353	HMGN4	0.26964056	False
2180	5.065470592716546	1.9320081984715238	0.38140744539105353	ABT1	0.26964056	False
2181	5.065470592716546	1.9320081984715238	0.38140744539105353	ZNF322	0.26964056	False
2182	4.683725218832687	1.4951012256108698	0.31921198528027445	LINC00240	0.2696337	False
2183	4.620565847488615	1.4963965443965623	0.3238556907937777	HIST1H2BJ	0.2696332	False
2184	4.620565847488615	1.4963965443965623	0.3238556907937777	HIST1H2AG	0.2696332	False
2185	4.620565847488615	1.4963965443965623	0.3238556907937777	HIST1H4I	0.2696332	False
2186	4.620565847488615	1.4963965443965623	0.3238556907937777	HIST1H2BK	0.2696332	False
2187	4.620565847488615	1.4963965443965623	0.3238556907937777	HIST1H2AH	0.2696332	False
2188	4.620565847488615	1.4963965443965623	0.3238556907937777	MIR3143	0.2696332	False
2189	4.620565847488615	1.4963965443965623	0.3238556907937777	PRSS16	0.2696332	False
2190	4.620565847488615	1.4963965443965623	0.3238556907937777	POM121L2	0.2696332	False
2191	4.620565847488615	1.4963965443965623	0.3238556907937777	ZNF391	0.2696332	False
2192	4.620565847488615	1.4963965443965623	0.3238556907937777	ZNF184	0.2696332	False
2193	4.620565847488615	1.4963965443965623	0.3238556907937777	LINC01012	0.2696332	False
2194	4.620565847488615	1.4963965443965623	0.3238556907937777	HIST1H2BL	0.2696332	False
2195	4.620565847488615	1.4963965443965623	0.3238556907937777	HIST1H2AI	0.2696332	False
2196	4.620565847488615	1.4963965443965623	0.3238556907937777	HIST1H3H	0.2696332	False
2197	4.620565847488615	1.4963965443965623	0.3238556907937777	HIST1H2AJ	0.2696332	False
2198	4.620565847488615	1.4963965443965623	0.3238556907937777	HIST1H2BM	0.2696332	False
2199	4.620565847488615	1.4963965443965623	0.3238556907937777	HIST1H4J	0.2696332	False
2200	4.620565847488615	1.4963965443965623	0.3238556907937777	HIST1H4K	0.2696332	False
2201	4.620565847488615	1.4963965443965623	0.3238556907937777	HIST1H2BN	0.2696332	False
2202	4.620565847488615	1.4963965443965623	0.3238556907937777	HIST1H2AK	0.2696332	False
2203	4.620565847488615	1.4963965443965623	0.3238556907937777	HIST1H2AL	0.2696332	False
2204	4.620565847488615	1.4963965443965623	0.3238556907937777	HIST1H1B	0.2696332	False
2205	4.620565847488615	1.4963965443965623	0.3238556907937777	HIST1H3I	0.2696332	False
2206	4.620565847488615	1.4963965443965623	0.3238556907937777	HIST1H4L	0.2696332	False
2207	4.620565847488615	1.4963965443965623	0.3238556907937777	HIST1H3J	0.2696332	False
2208	4.620565847488615	1.4963965443965623	0.3238556907937777	HIST1H2AM	0.2696332	False
2209	4.620565847488615	1.4963965443965623	0.3238556907937777	HIST1H2BO	0.2696332	False
2210	4.574422250996093	1.3585471482437963	0.2969877011130682	OR2B2	0.2696317	False
2211	4.574422250996093	1.3585471482437963	0.2969877011130682	OR2B6	0.2696317	False
2212	4.574422250996093	1.3585471482437963	0.2969877011130682	ZNF165	0.2696317	False
2213	4.323011206446223	1.188610347927946	0.2749496337542589	ZSCAN16-AS1	0.26962897	False
2214	4.323011206446223	1.188610347927946	0.2749496337542589	ZSCAN16	0.26962897	False
2215	4.323011206446223	1.188610347927946	0.2749496337542589	ZKSCAN8	0.26962897	False
2216	4.323011206446223	1.188610347927946	0.2749496337542589	ZSCAN9	0.26962897	False
2217	4.323011206446223	1.188610347927946	0.2749496337542589	ZKSCAN4	0.26962897	False
2218	4.323011206446223	1.188610347927946	0.2749496337542589	NKAPL	0.26962897	False
2219	4.323011206446223	1.188610347927946	0.2749496337542589	ZSCAN26	0.26962897	False
2220	4.323011206446223	1.188610347927946	0.2749496337542589	PGBD1	0.26962897	False
2221	4.323011206446223	1.188610347927946	0.2749496337542589	ZSCAN31	0.26962897	False
2222	4.323011206446223	1.188610347927946	0.2749496337542589	ZKSCAN3	0.26962897	False
2223	4.323011206446223	1.188610347927946	0.2749496337542589	ZSCAN12	0.26962897	False
2224	4.323011206446223	1.188610347927946	0.2749496337542589	ZSCAN23	0.26962897	False
2225	4.323011206446223	1.188610347927946	0.2749496337542589	GPX6	0.26962897	False
2226	4.323011206446223	1.188610347927946	0.2749496337542589	GPX5	0.26962897	False
2227	4.323011206446223	1.188610347927946	0.2749496337542589	ZBED9	0.26962897	False
2228	4.323011206446223	1.188610347927946	0.2749496337542589	LINC00533	0.26962897	False
2229	4.323011206446223	1.188610347927946	0.2749496337542589	LINC01623	0.26962897	False
2230	4.323011206446223	1.188610347927946	0.2749496337542589	HCG14	0.26962897	False
2231	4.477488338231128	1.223619288621136	0.2732825182755334	TRIM27	0.26962993	False
2232	4.477488338231128	1.223619288621136	0.2732825182755334	ZNF311	0.26962993	False
2233	4.477488338231128	1.223619288621136	0.2732825182755334	LOC100129636	0.26962993	False
2234	4.477488338231128	1.223619288621136	0.2732825182755334	OR2W1	0.26962993	False
2235	4.477488338231128	1.223619288621136	0.2732825182755334	OR2B3	0.26962993	False
2236	4.34357032689569	1.264427489968377	0.2911032617887994	OR2J3	0.26962975	False
2237	4.34357032689569	1.264427489968377	0.2911032617887994	OR2J2	0.26962975	False
2238	4.34357032689569	1.264427489968377	0.2911032617887994	LOC101929006	0.26962975	False
2239	4.34357032689569	1.264427489968377	0.2911032617887994	OR14J1	0.26962975	False
2240	4.34357032689569	1.264427489968377	0.2911032617887994	OR5V1	0.26962975	False
2241	4.34357032689569	1.264427489968377	0.2911032617887994	OR12D3	0.26962975	False
2242	4.34357032689569	1.264427489968377	0.2911032617887994	OR12D2	0.26962975	False
2243	4.34357032689569	1.264427489968377	0.2911032617887994	OR11A1	0.26962975	False
2244	4.34357032689569	1.264427489968377	0.2911032617887994	OR10C1	0.26962975	False
2245	4.34357032689569	1.264427489968377	0.2911032617887994	OR2H1	0.26962975	False
2246	4.34357032689569	1.264427489968377	0.2911032617887994	MAS1L	0.26962975	False
2247	4.34357032689569	1.264427489968377	0.2911032617887994	LINC01015	0.26962975	False
2248	4.34357032689569	1.264427489968377	0.2911032617887994	UBD	0.26962975	False
2249	4.34357032689569	1.264427489968377	0.2911032617887994	GABBR1	0.26962975	False
2250	4.34357032689569	1.264427489968377	0.2911032617887994	SNORD32B	0.26962975	False
2251	4.34357032689569	1.264427489968377	0.2911032617887994	OR2H2	0.26962975	False
2252	4.34357032689569	1.264427489968377	0.2911032617887994	MOG	0.26962975	False
2253	4.34357032689569	1.264427489968377	0.2911032617887994	ZFP57	0.26962975	False
2254	4.34357032689569	1.264427489968377	0.2911032617887994	HLA-F	0.26962975	False
2255	4.34357032689569	1.264427489968377	0.2911032617887994	HLA-F-AS1	0.26962975	False
2256	4.34357032689569	1.264427489968377	0.2911032617887994	HLA-G	0.26962975	False
2257	4.547411246443143	1.2955843025283142	0.2849059019110453	HLA-A	0.26963097	False
2258	4.547411246443143	1.2955843025283142	0.2849059019110453	HCG9	0.26963097	False
2259	4.547411246443143	1.2955843025283142	0.2849059019110453	ZNRD1ASP	0.26963097	False
2260	4.547411246443143	1.2955843025283142	0.2849059019110453	ZNRD1	0.26963097	False
2261	4.547411246443143	1.2955843025283142	0.2849059019110453	PPP1R11	0.26963097	False
2262	4.547411246443143	1.2955843025283142	0.2849059019110453	RNF39	0.26963097	False
2263	4.889889640680684	1.6265864048849856	0.33264276382698915	TRIM31	0.26963598	False
2264	4.889889640680684	1.6265864048849856	0.33264276382698915	TRIM31-AS1	0.26963598	False
2265	4.889889640680684	1.6265864048849856	0.33264276382698915	TRIM40	0.26963598	False
2266	4.889889640680684	1.6265864048849856	0.33264276382698915	TRIM10	0.26963598	False
2267	4.889889640680684	1.6265864048849856	0.33264276382698915	TRIM15	0.26963598	False
2268	4.889889640680684	1.6265864048849856	0.33264276382698915	TRIM26	0.26963598	False
2269	4.889889640680684	1.6265864048849856	0.33264276382698915	HCG17	0.26963598	False
2270	4.889889640680684	1.6265864048849856	0.33264276382698915	HCG18	0.26963598	False
2271	4.889889640680684	1.6265864048849856	0.33264276382698915	TRIM39	0.26963598	False
2272	4.889889640680684	1.6265864048849856	0.33264276382698915	TRIM39-RPP21	0.26963598	False
2273	4.889889640680684	1.6265864048849856	0.33264276382698915	RPP21	0.26963598	False
2274	4.889889640680684	1.6265864048849856	0.33264276382698915	HLA-E	0.26963598	False
2275	4.889889640680684	1.6265864048849856	0.33264276382698915	GNL1	0.26963598	False
2276	4.889889640680684	1.6265864048849856	0.33264276382698915	PRR3	0.26963598	False
2277	4.889889640680684	1.6265864048849856	0.33264276382698915	ABCF1	0.26963598	False
2278	4.889889640680684	1.6265864048849856	0.33264276382698915	MIR877	0.26963598	False
2279	4.889889640680684	1.6265864048849856	0.33264276382698915	PPP1R10	0.26963598	False
2280	4.889889640680684	1.6265864048849856	0.33264276382698915	MRPS18B	0.26963598	False
2281	4.889889640680684	1.6265864048849856	0.33264276382698915	ATAT1	0.26963598	False
2282	4.889889640680684	1.6265864048849856	0.33264276382698915	C6orf136	0.26963598	False
2283	4.889889640680684	1.6265864048849856	0.33264276382698915	DHX16	0.26963598	False
2284	4.889889640680684	1.6265864048849856	0.33264276382698915	PPP1R18	0.26963598	False
2285	4.889889640680684	1.6265864048849856	0.33264276382698915	NRM	0.26963598	False
2286	4.889889640680684	1.6265864048849856	0.33264276382698915	MDC1	0.26963598	False
2287	4.889889640680684	1.6265864048849856	0.33264276382698915	MDC1-AS1	0.26963598	False
2288	4.889889640680684	1.6265864048849856	0.33264276382698915	TUBB	0.26963598	False
2289	4.889889640680684	1.6265864048849856	0.33264276382698915	FLOT1	0.26963598	False
2290	4.889889640680684	1.6265864048849856	0.33264276382698915	IER3	0.26963598	False
2291	4.889889640680684	1.6265864048849856	0.33264276382698915	LINC00243	0.26963598	False
2292	4.889889640680684	1.6265864048849856	0.33264276382698915	LINC02570	0.26963598	False
2293	4.7893672137455905	1.4094794866846698	0.2942934679636659	DDR1	0.26963332	False
2294	4.889889640680684	1.6265864048849856	0.33264276382698915	MIR4640	0.26963598	False
2295	4.7893672137455905	1.4094794866846698	0.2942934679636659	GTF2H4	0.26963332	False
2296	4.7893672137455905	1.4094794866846698	0.2942934679636659	VARS2	0.26963332	False
2297	4.7893672137455905	1.4094794866846698	0.2942934679636659	SFTA2	0.26963332	False
2298	4.7893672137455905	1.4094794866846698	0.2942934679636659	MUCL3	0.26963332	False
2299	4.7893672137455905	1.4094794866846698	0.2942934679636659	MUC21	0.26963332	False
2300	4.7893672137455905	1.4094794866846698	0.2942934679636659	MUC22	0.26963332	False
2301	4.7893672137455905	1.4094794866846698	0.2942934679636659	HCG22	0.26963332	False
2302	4.89958611585467	1.4796740460360556	0.30199980387076947	C6orf15	0.26963475	False
2303	4.89958611585467	1.4796740460360556	0.30199980387076947	PSORS1C1	0.26963475	False
2304	4.89958611585467	1.4796740460360556	0.30199980387076947	CDSN	0.26963475	False
2305	4.89958611585467	1.4796740460360556	0.30199980387076947	PSORS1C2	0.26963475	False
2306	4.89958611585467	1.4796740460360556	0.30199980387076947	CCHCR1	0.26963475	False
2307	4.89958611585467	1.4796740460360556	0.30199980387076947	TCF19	0.26963475	False
2308	4.89958611585467	1.4796740460360556	0.30199980387076947	POU5F1	0.26963475	False
2309	4.89958611585467	1.4796740460360556	0.30199980387076947	PSORS1C3	0.26963475	False
2310	4.89958611585467	1.4796740460360556	0.30199980387076947	HCG27	0.26963475	False
2311	4.89958611585467	1.4796740460360556	0.30199980387076947	HLA-C	0.26963475	False
2312	4.89958611585467	1.4796740460360556	0.30199980387076947	HLA-B	0.26963475	False
2313	4.89958611585467	1.4796740460360556	0.30199980387076947	MIR6891	0.26963475	False
2314	4.89958611585467	1.4796740460360556	0.30199980387076947	MICA	0.26963475	False
2315	4.89958611585467	1.4796740460360556	0.30199980387076947	HCP5	0.26963475	False
2316	4.89958611585467	1.4796740460360556	0.30199980387076947	MICB	0.26963475	False
2317	4.89958611585467	1.4796740460360556	0.30199980387076947	MCCD1	0.26963475	False
2318	4.89958611585467	1.4796740460360556	0.30199980387076947	DDX39B	0.26963475	False
2319	4.89958611585467	1.4796740460360556	0.30199980387076947	ATP6V1G2-DDX39B	0.26963475	False
2320	4.89958611585467	1.4796740460360556	0.30199980387076947	SNORD117	0.26963475	False
2321	4.89958611585467	1.4796740460360556	0.30199980387076947	SNORD84	0.26963475	False
2322	4.89958611585467	1.4796740460360556	0.30199980387076947	ATP6V1G2	0.26963475	False
2323	4.89958611585467	1.4796740460360556	0.30199980387076947	DDX39B-AS1	0.26963475	False
2324	4.89958611585467	1.4796740460360556	0.30199980387076947	NFKBIL1	0.26963475	False
2325	4.89958611585467	1.4796740460360556	0.30199980387076947	LTA	0.26963475	False
2326	4.89958611585467	1.4796740460360556	0.30199980387076947	TNF	0.26963475	False
2327	4.89958611585467	1.4796740460360556	0.30199980387076947	LTB	0.26963475	False
2328	4.89958611585467	1.4796740460360556	0.30199980387076947	LST1	0.26963475	False
2329	4.89958611585467	1.4796740460360556	0.30199980387076947	NCR3	0.26963475	False
2330	4.89958611585467	1.4796740460360556	0.30199980387076947	AIF1	0.26963475	False
2331	4.89958611585467	1.4796740460360556	0.30199980387076947	PRRC2A	0.26963475	False
2332	4.89958611585467	1.4796740460360556	0.30199980387076947	SNORA38	0.26963475	False
2333	4.89958611585467	1.4796740460360556	0.30199980387076947	MIR6832	0.26963475	False
2334	4.89958611585467	1.4796740460360556	0.30199980387076947	BAG6	0.26963475	False
2335	4.89958611585467	1.4796740460360556	0.30199980387076947	APOM	0.26963475	False
2336	4.89958611585467	1.4796740460360556	0.30199980387076947	C6orf47	0.26963475	False
2337	4.89958611585467	1.4796740460360556	0.30199980387076947	GPANK1	0.26963475	False
2338	4.89958611585467	1.4796740460360556	0.30199980387076947	CSNK2B	0.26963475	False
2339	4.89958611585467	1.4796740460360556	0.30199980387076947	LY6G5B	0.26963475	False
2340	4.89958611585467	1.4796740460360556	0.30199980387076947	LY6G5C	0.26963475	False
2341	4.89958611585467	1.4796740460360556	0.30199980387076947	ABHD16A	0.26963475	False
2342	4.89958611585467	1.4796740460360556	0.30199980387076947	MIR4646	0.26963475	False
2343	4.89958611585467	1.4796740460360556	0.30199980387076947	LY6G6F	0.26963475	False
2344	4.89958611585467	1.4796740460360556	0.30199980387076947	LY6G6E	0.26963475	False
2345	4.89958611585467	1.4796740460360556	0.30199980387076947	LY6G6D	0.26963475	False
2346	4.89958611585467	1.4796740460360556	0.30199980387076947	MPIG6B	0.26963475	False
2347	4.89958611585467	1.4796740460360556	0.30199980387076947	LY6G6C	0.26963475	False
2348	4.89958611585467	1.4796740460360556	0.30199980387076947	DDAH2	0.26963475	False
2349	4.89958611585467	1.4796740460360556	0.30199980387076947	CLIC1	0.26963475	False
2350	4.89958611585467	1.4796740460360556	0.30199980387076947	MSH5	0.26963475	False
2351	4.89958611585467	1.4796740460360556	0.30199980387076947	MSH5-SAPCD1	0.26963475	False
2352	4.89958611585467	1.4796740460360556	0.30199980387076947	SAPCD1	0.26963475	False
2353	4.89958611585467	1.4796740460360556	0.30199980387076947	SAPCD1-AS1	0.26963475	False
2354	4.89958611585467	1.4796740460360556	0.30199980387076947	VWA7	0.26963475	False
2355	4.89958611585467	1.4796740460360556	0.30199980387076947	VARS	0.26963475	False
2356	4.89958611585467	1.4796740460360556	0.30199980387076947	LSM2	0.26963475	False
2357	4.89958611585467	1.4796740460360556	0.30199980387076947	HSPA1L	0.26963475	False
2358	4.89958611585467	1.4796740460360556	0.30199980387076947	HSPA1A	0.26963475	False
2359	4.89958611585467	1.4796740460360556	0.30199980387076947	HSPA1B	0.26963475	False
2360	4.89958611585467	1.4796740460360556	0.30199980387076947	C6orf48	0.26963475	False
2361	4.89958611585467	1.4796740460360556	0.30199980387076947	SNORD48	0.26963475	False
2362	4.89958611585467	1.4796740460360556	0.30199980387076947	SNORD52	0.26963475	False
2363	4.89958611585467	1.4796740460360556	0.30199980387076947	NEU1	0.26963475	False
2364	4.89958611585467	1.4796740460360556	0.30199980387076947	SLC44A4	0.26963475	False
2365	4.89958611585467	1.4796740460360556	0.30199980387076947	EHMT2	0.26963475	False
2366	4.584215645450975	1.157848149315452	0.2525727930064573	C2	0.26962987	False
2367	4.584215645450975	1.157848149315452	0.2525727930064573	ZBTB12	0.26962987	False
2368	4.584215645450975	1.157848149315452	0.2525727930064573	CFB	0.26962987	False
2369	4.584215645450975	1.157848149315452	0.2525727930064573	C2-AS1	0.26962987	False
2370	4.584215645450975	1.157848149315452	0.2525727930064573	NELFE	0.26962987	False
2371	4.584215645450975	1.157848149315452	0.2525727930064573	MIR1236	0.26962987	False
2372	4.584215645450975	1.157848149315452	0.2525727930064573	SKIV2L	0.26962987	False
2373	4.584215645450975	1.157848149315452	0.2525727930064573	DXO	0.26962987	False
2374	4.584215645450975	1.157848149315452	0.2525727930064573	STK19	0.26962987	False
2375	4.584215645450975	1.157848149315452	0.2525727930064573	C4B	0.26962987	False
2376	4.584215645450975	1.157848149315452	0.2525727930064573	C4A	0.26962987	False
2377	4.584215645450975	1.157848149315452	0.2525727930064573	CYP21A2	0.26962987	False
2378	4.584215645450975	1.157848149315452	0.2525727930064573	TNXB	0.26962987	False
2379	4.584215645450975	1.157848149315452	0.2525727930064573	ATF6B	0.26962987	False
2380	4.457055549654379	1.0350162409599177	0.23221973103749574	FKBPL	0.26962826	False
2381	4.457055549654379	1.0350162409599177	0.23221973103749574	PRRT1	0.26962826	False
2382	4.457055549654379	1.0350162409599177	0.23221973103749574	LOC100507547	0.26962826	False
2383	4.457055549654379	1.0350162409599177	0.23221973103749574	PPT2	0.26962826	False
2384	4.457055549654379	1.0350162409599177	0.23221973103749574	PPT2-EGFL8	0.26962826	False
2385	4.457055549654379	1.0350162409599177	0.23221973103749574	EGFL8	0.26962826	False
2386	4.457055549654379	1.0350162409599177	0.23221973103749574	AGPAT1	0.26962826	False
2387	4.457055549654379	1.0350162409599177	0.23221973103749574	MIR6721	0.26962826	False
2388	4.457055549654379	1.0350162409599177	0.23221973103749574	RNF5	0.26962826	False
2389	4.457055549654379	1.0350162409599177	0.23221973103749574	MIR6833	0.26962826	False
2390	4.457055549654379	1.0350162409599177	0.23221973103749574	AGER	0.26962826	False
2391	4.457055549654379	1.0350162409599177	0.23221973103749574	PBX2	0.26962826	False
2392	4.457055549654379	1.0350162409599177	0.23221973103749574	GPSM3	0.26962826	False
2393	4.457055549654379	1.0350162409599177	0.23221973103749574	NOTCH4	0.26962826	False
2394	4.457055549654379	1.0350162409599177	0.23221973103749574	TSBP1	0.26962826	False
2395	4.457055549654379	1.0350162409599177	0.23221973103749574	HCG23	0.26962826	False
2396	4.457055549654379	1.0350162409599177	0.23221973103749574	BTNL2	0.26962826	False
2397	4.457055549654379	1.0350162409599177	0.23221973103749574	HLA-DRA	0.26962826	False
2398	4.457055549654379	1.0350162409599177	0.23221973103749574	HLA-DRB5	0.26962826	False
2399	4.457055549654379	1.0350162409599177	0.23221973103749574	HLA-DRB1	0.26962826	False
2400	4.457055549654379	1.0350162409599177	0.23221973103749574	HLA-DQA1	0.26962826	False
2401	4.457055549654379	1.0350162409599177	0.23221973103749574	HLA-DQB1	0.26962826	False
2402	4.457055549654379	1.0350162409599177	0.23221973103749574	HLA-DQB1-AS1	0.26962826	False
2403	4.457055549654379	1.0350162409599177	0.23221973103749574	HLA-DQA2	0.26962826	False
2404	4.457055549654379	1.0350162409599177	0.23221973103749574	MIR3135B	0.26962826	False
2405	4.457055549654379	1.0350162409599177	0.23221973103749574	HLA-DQB2	0.26962826	False
2406	4.457055549654379	1.0350162409599177	0.23221973103749574	HLA-DOB	0.26962826	False
2407	4.457055549654379	1.0350162409599177	0.23221973103749574	TAP2	0.26962826	False
2408	4.457055549654379	1.0350162409599177	0.23221973103749574	PSMB8	0.26962826	False
2409	4.457055549654379	1.0350162409599177	0.23221973103749574	PSMB8-AS1	0.26962826	False
2410	4.457055549654379	1.0350162409599177	0.23221973103749574	PSMB9	0.26962826	False
2411	4.457055549654379	1.0350162409599177	0.23221973103749574	TAP1	0.26962826	False
2412	4.208141166206493	0.9023409720498432	0.2144274482272835	HLA-DMB	0.26962593	False
2413	4.208141166206493	0.9023409720498432	0.2144274482272835	HLA-DMA	0.26962593	False
2414	4.208141166206493	0.9023409720498432	0.2144274482272835	BRD2	0.26962593	False
2415	4.208141166206493	0.9023409720498432	0.2144274482272835	HLA-DOA	0.26962593	False
2416	4.208141166206493	0.9023409720498432	0.2144274482272835	HLA-DPA1	0.26962593	False
2417	4.208141166206493	0.9023409720498432	0.2144274482272835	HLA-DPB1	0.26962593	False
2418	3.8972563784681933	0.7795003707574694	0.20001259734004206	COL11A2	0.269624	False
2419	3.8972563784681933	0.7795003707574694	0.20001259734004206	RXRB	0.269624	False
2420	3.8972563784681933	0.7795003707574694	0.20001259734004206	SLC39A7	0.269624	False
2421	3.8972563784681933	0.7795003707574694	0.20001259734004206	HSD17B8	0.269624	False
2422	3.8972563784681933	0.7795003707574694	0.20001259734004206	MIR219A1	0.269624	False
2423	3.8972563784681933	0.7795003707574694	0.20001259734004206	RING1	0.269624	False
2424	3.8972563784681933	0.7795003707574694	0.20001259734004206	HCG25	0.269624	False
2425	3.8972563784681933	0.7795003707574694	0.20001259734004206	VPS52	0.269624	False
2426	3.8972563784681933	0.7795003707574694	0.20001259734004206	RPS18	0.269624	False
2427	3.8972563784681933	0.7795003707574694	0.20001259734004206	B3GALT4	0.269624	False
2428	3.8972563784681933	0.7795003707574694	0.20001259734004206	WDR46	0.269624	False
2429	3.8972563784681933	0.7795003707574694	0.20001259734004206	MIR6873	0.269624	False
2430	3.8972563784681933	0.7795003707574694	0.20001259734004206	PFDN6	0.269624	False
2431	3.8972563784681933	0.7795003707574694	0.20001259734004206	MIR6834	0.269624	False
2432	3.8972563784681933	0.7795003707574694	0.20001259734004206	RGL2	0.269624	False
2433	3.8972563784681933	0.7795003707574694	0.20001259734004206	TAPBP	0.269624	False
2434	3.8972563784681933	0.7795003707574694	0.20001259734004206	ZBTB22	0.269624	False
2435	3.8972563784681933	0.7795003707574694	0.20001259734004206	DAXX	0.269624	False
2436	3.8972563784681933	0.7795003707574694	0.20001259734004206	KIFC1	0.269624	False
2437	3.8972563784681933	0.7795003707574694	0.20001259734004206	PHF1	0.269624	False
2438	3.8972563784681933	0.7795003707574694	0.20001259734004206	CUTA	0.269624	False
2439	3.8972563784681933	0.7795003707574694	0.20001259734004206	SYNGAP1	0.269624	False
2440	3.8972563784681933	0.7795003707574694	0.20001259734004206	MIR5004	0.269624	False
2441	3.8972563784681933	0.7795003707574694	0.20001259734004206	ZBTB9	0.269624	False
2442	3.8972563784681933	0.7795003707574694	0.20001259734004206	BAK1	0.269624	False
2443	3.8972563784681933	0.7795003707574694	0.20001259734004206	LINC00336	0.269624	False
2444	3.8972563784681933	0.7795003707574694	0.20001259734004206	ITPR3	0.269624	False
2445	3.8972563784681933	0.7795003707574694	0.20001259734004206	UQCC2	0.269624	False
2446	3.8972563784681933	0.7795003707574694	0.20001259734004206	MIR3934	0.269624	False
2447	3.8972563784681933	0.7795003707574694	0.20001259734004206	IP6K3	0.269624	False
2448	3.8972563784681933	0.7795003707574694	0.20001259734004206	LEMD2	0.269624	False
2449	3.8972563784681933	0.7795003707574694	0.20001259734004206	MLN	0.269624	False
2450	3.8972563784681933	0.7795003707574694	0.20001259734004206	LINC01016	0.269624	False
2451	3.8972563784681933	0.7795003707574694	0.20001259734004206	MIR7159	0.269624	False
2452	3.7785509730936355	0.7098502296083405	0.18786308155243983	MIR1275	0.26962316	False
2453	3.7785509730936355	0.7098502296083405	0.18786308155243983	GRM4	0.26962316	False
2454	3.568261662090351	0.6400487146488425	0.1793726960802226	HMGA1	0.26962203	False
2455	3.568261662090351	0.6400487146488425	0.1793726960802226	MIR6835	0.26962203	False
2456	3.568261662090351	0.6400487146488425	0.1793726960802226	SMIM29	0.26962203	False
2457	3.568261662090351	0.6400487146488425	0.1793726960802226	NUDT3	0.26962203	False
2458	3.568261662090351	0.6400487146488425	0.1793726960802226	RPS10-NUDT3	0.26962203	False
2459	3.568261662090351	0.6400487146488425	0.1793726960802226	RPS10	0.26962203	False
2460	3.568261662090351	0.6400487146488425	0.1793726960802226	PACSIN1	0.26962203	False
2461	3.568261662090351	0.6400487146488425	0.1793726960802226	SPDEF	0.26962203	False
2462	3.568261662090351	0.6400487146488425	0.1793726960802226	C6orf106	0.26962203	False
2463	3.568261662090351	0.6400487146488425	0.1793726960802226	LOC101929243	0.26962203	False
2464	3.568261662090351	0.6400487146488425	0.1793726960802226	SNRPC	0.26962203	False
2465	3.568261662090351	0.6400487146488425	0.1793726960802226	UHRF1BP1	0.26962203	False
2466	3.568261662090351	0.6400487146488425	0.1793726960802226	TAF11	0.26962203	False
2467	3.5988931326034055	0.668773356974638	0.18582751205253312	ANKS1A	0.26962236	False
2468	3.60501946507119	0.7372850292711393	0.20451624087321807	TCP11	0.26962298	False
2469	3.60501946507119	0.7372850292711393	0.20451624087321807	SCUBE3	0.26962298	False
2470	3.60501946507119	0.7372850292711393	0.20451624087321807	ZNF76	0.26962298	False
2471	3.60501946507119	0.7372850292711393	0.20451624087321807	DEF6	0.26962298	False
2472	3.60501946507119	0.7372850292711393	0.20451624087321807	PPARD	0.26962298	False
2473	3.60501946507119	0.7372850292711393	0.20451624087321807	FANCE	0.26962298	False
2474	3.60501946507119	0.7372850292711393	0.20451624087321807	RPL10A	0.26962298	False
2475	3.60501946507119	0.7372850292711393	0.20451624087321807	MIR7111	0.26962298	False
2476	3.60501946507119	0.7372850292711393	0.20451624087321807	TEAD3	0.26962298	False
2477	3.60501946507119	0.7372850292711393	0.20451624087321807	TULP1	0.26962298	False
2478	3.60501946507119	0.7372850292711393	0.20451624087321807	FKBP5	0.26962298	False
2479	3.60501946507119	0.7372850292711393	0.20451624087321807	MIR5690	0.26962298	False
2480	3.60501946507119	0.7372850292711393	0.20451624087321807	LOC285847	0.26962298	False
2481	3.60501946507119	0.7372850292711393	0.20451624087321807	ARMC12	0.26962298	False
2482	3.60501946507119	0.7372850292711393	0.20451624087321807	CLPSL2	0.26962298	False
2483	3.60501946507119	0.7372850292711393	0.20451624087321807	CLPSL1	0.26962298	False
2484	3.60501946507119	0.7372850292711393	0.20451624087321807	CLPS	0.26962298	False
2485	3.60501946507119	0.7372850292711393	0.20451624087321807	LHFPL5	0.26962298	False
2486	3.5248834110481377	0.6501575692653532	0.18444796421565227	SRPK1	0.2696222	False
2487	3.5248834110481377	0.6501575692653532	0.18444796421565227	SLC26A8	0.2696222	False
2488	3.5248834110481377	0.6501575692653532	0.18444796421565227	MAPK14	0.2696222	False
2489	3.5381120706591846	0.6885253076782668	0.1946024585789867	MAPK13	0.26962245	False
2490	3.5381120706591846	0.6885253076782668	0.1946024585789867	BRPF3	0.26962245	False
2491	3.5381120706591846	0.6885253076782668	0.1946024585789867	PNPLA1	0.26962245	False
2492	3.5381120706591846	0.6885253076782668	0.1946024585789867	C6orf222	0.26962245	False
2493	3.5381120706591846	0.6885253076782668	0.1946024585789867	ETV7	0.26962245	False
2494	3.5381120706591846	0.6885253076782668	0.1946024585789867	PXT1	0.26962245	False
2495	3.5381120706591846	0.6885253076782668	0.1946024585789867	KCTD20	0.26962245	False
2496	3.5381120706591846	0.6885253076782668	0.1946024585789867	STK38	0.26962245	False
2497	3.5381120706591846	0.6885253076782668	0.1946024585789867	SRSF3	0.26962245	False
2498	3.5381120706591846	0.6885253076782668	0.1946024585789867	MIR3925	0.26962245	False
2499	3.5381120706591846	0.6885253076782668	0.1946024585789867	PANDAR	0.26962245	False
2500	3.5381120706591846	0.6885253076782668	0.1946024585789867	CDKN1A	0.26962245	False
2501	3.5381120706591846	0.6885253076782668	0.1946024585789867	RAB44	0.26962245	False
2502	3.5381120706591846	0.6885253076782668	0.1946024585789867	CPNE5	0.26962245	False
2503	3.5381120706591846	0.6885253076782668	0.1946024585789867	PPIL1	0.26962245	False
2504	3.3600692628940063	0.5452193536501468	0.16226431986719014	C6orf89	0.2696211	False
2505	3.3600692628940063	0.5452193536501468	0.16226431986719014	PI16	0.2696211	False
2506	3.3600692628940063	0.5452193536501468	0.16226431986719014	MTCH1	0.2696211	False
2507	3.3600692628940063	0.5452193536501468	0.16226431986719014	FGD2	0.2696211	False
2508	3.334058215741279	0.5458126645684904	0.16370819861258393	PIM1	0.26962098	False
2509	3.334058215741279	0.5458126645684904	0.16370819861258393	TMEM217	0.26962098	False
2510	3.334058215741279	0.5458126645684904	0.16370819861258393	TBC1D22B	0.26962098	False
2511	3.334058215741279	0.5458126645684904	0.16370819861258393	RNF8	0.26962098	False
2512	3.334058215741279	0.5458126645684904	0.16370819861258393	CMTR1	0.26962098	False
2513	3.334058215741279	0.5458126645684904	0.16370819861258393	CCDC167	0.26962098	False
2514	3.334058215741279	0.5458126645684904	0.16370819861258393	LINC02520	0.26962098	False
2515	3.334058215741279	0.5458126645684904	0.16370819861258393	MIR4462	0.26962098	False
2516	3.334058215741279	0.5458126645684904	0.16370819861258393	MDGA1	0.26962098	False
2517	3.113715661716733	0.3865935259174797	0.12415826232005177	ZFAND3	0.26961958	False
2518	2.914923709507067	0.31136807870361466	0.10681860306946733	BTBD9	0.26961887	False
2519	2.914923709507067	0.31136807870361466	0.10681860306946733	GLO1	0.26961887	False
2520	2.8720943092276983	0.27297286725683806	0.09504314199565406	DNAH8	0.26961857	False
2521	2.8720943092276983	0.27297286725683806	0.09504314199565406	LOC100131047	0.26961857	False
2522	2.8720943092276983	0.27297286725683806	0.09504314199565406	GLP1R	0.26961857	False
2523	3.0339988965768767	0.34036509511384777	0.11218365817399152	UNC5CL	0.26961917	False
2524	3.0339988965768767	0.34036509511384777	0.11218365817399152	TSPO2	0.26961917	False
2525	3.0339988965768767	0.34036509511384777	0.11218365817399152	APOBEC2	0.26961917	False
2526	3.0339988965768767	0.34036509511384777	0.11218365817399152	OARD1	0.26961917	False
2527	3.0339988965768767	0.34036509511384777	0.11218365817399152	NFYA	0.26961917	False
2528	3.2174647076166734	0.454417724814412	0.14123471929270065	TREML1	0.2696202	False
2529	3.2174647076166734	0.454417724814412	0.14123471929270065	TREM2	0.2696202	False
2530	3.2174647076166734	0.454417724814412	0.14123471929270065	TREML2	0.2696202	False
2531	3.2174647076166734	0.454417724814412	0.14123471929270065	TREML4	0.2696202	False
2532	3.2174647076166734	0.454417724814412	0.14123471929270065	TREM1	0.2696202	False
2533	3.2174647076166734	0.454417724814412	0.14123471929270065	NCR2	0.2696202	False
2534	3.2174647076166734	0.454417724814412	0.14123471929270065	FOXP4-AS1	0.2696202	False
2535	3.2174647076166734	0.454417724814412	0.14123471929270065	LINC01276	0.2696202	False
2536	3.2174647076166734	0.454417724814412	0.14123471929270065	FOXP4	0.2696202	False
2537	3.2174647076166734	0.454417724814412	0.14123471929270065	MIR4641	0.2696202	False
2538	3.2174647076166734	0.454417724814412	0.14123471929270065	MDFI	0.2696202	False
2539	3.2174647076166734	0.454417724814412	0.14123471929270065	TFEB	0.2696202	False
2540	3.2174647076166734	0.454417724814412	0.14123471929270065	PGC	0.2696202	False
2541	3.2174647076166734	0.454417724814412	0.14123471929270065	FRS3	0.2696202	False
2542	3.2174647076166734	0.454417724814412	0.14123471929270065	PRICKLE4	0.2696202	False
2543	3.2174647076166734	0.454417724814412	0.14123471929270065	TOMM6	0.2696202	False
2544	3.2174647076166734	0.454417724814412	0.14123471929270065	USP49	0.2696202	False
2545	3.4171404563896592	0.5680542864142177	0.16623673906995004	MED20	0.26962155	False
2546	3.4171404563896592	0.5680542864142177	0.16623673906995004	BYSL	0.26962155	False
2547	3.4171404563896592	0.5680542864142177	0.16623673906995004	CCND3	0.26962155	False
2548	3.4171404563896592	0.5680542864142177	0.16623673906995004	TAF8	0.26962155	False
2549	3.6282508620229654	0.7686190025317606	0.21184284983624585	C6orf132	0.2696235	False
2550	3.6282508620229654	0.7686190025317606	0.21184284983624585	GUCA1A	0.2696235	False
2551	3.6282508620229654	0.7686190025317606	0.21184284983624585	GUCA1B	0.2696235	False
2552	3.6282508620229654	0.7686190025317606	0.21184284983624585	MRPS10	0.2696235	False
2553	3.6282508620229654	0.7686190025317606	0.21184284983624585	TRERF1	0.2696235	False
2554	3.6282508620229654	0.7686190025317606	0.21184284983624585	UBR2	0.2696235	False
2555	3.6282508620229654	0.7686190025317606	0.21184284983624585	PRPH2	0.2696235	False
2556	3.6282508620229654	0.7686190025317606	0.21184284983624585	TBCC	0.2696235	False
2557	3.6282508620229654	0.7686190025317606	0.21184284983624585	BICRAL	0.2696235	False
2558	3.6282508620229654	0.7686190025317606	0.21184284983624585	RPL7L1	0.2696235	False
2559	3.6282508620229654	0.7686190025317606	0.21184284983624585	C6orf226	0.2696235	False
2560	3.7061350907440618	0.8617448210754918	0.2325184592508968	PTCRA	0.2696244	False
2561	3.7061350907440618	0.8617448210754918	0.2325184592508968	CNPY3	0.2696244	False
2562	3.7061350907440618	0.8617448210754918	0.2325184592508968	GNMT	0.2696244	False
2563	3.7061350907440618	0.8617448210754918	0.2325184592508968	PEX6	0.2696244	False
2564	3.7061350907440618	0.8617448210754918	0.2325184592508968	PPP2R5D	0.2696244	False
2565	3.7061350907440618	0.8617448210754918	0.2325184592508968	MEA1	0.2696244	False
2566	3.7061350907440618	0.8617448210754918	0.2325184592508968	KLHDC3	0.2696244	False
2567	3.7061350907440618	0.8617448210754918	0.2325184592508968	RRP36	0.2696244	False
2568	3.7061350907440618	0.8617448210754918	0.2325184592508968	CUL7	0.2696244	False
2569	3.7061350907440618	0.8617448210754918	0.2325184592508968	KLC4	0.2696244	False
2570	3.7061350907440618	0.8617448210754918	0.2325184592508968	MRPL2	0.2696244	False
2571	3.7061350907440618	0.8617448210754918	0.2325184592508968	PTK7	0.2696244	False
2572	3.9743485511846375	1.1659971583022677	0.2933806995752091	SRF	0.26962778	False
2573	3.9743485511846375	1.1659971583022677	0.2933806995752091	CUL9	0.26962778	False
2574	3.9743485511846375	1.1659971583022677	0.2933806995752091	DNPH1	0.26962778	False
2575	3.9743485511846375	1.1659971583022677	0.2933806995752091	TTBK1	0.26962778	False
2576	3.9743485511846375	1.1659971583022677	0.2933806995752091	SLC22A7	0.26962778	False
2577	3.9743485511846375	1.1659971583022677	0.2933806995752091	CRIP3	0.26962778	False
2578	3.9743485511846375	1.1659971583022677	0.2933806995752091	ZNF318	0.26962778	False
2579	3.9743485511846375	1.1659971583022677	0.2933806995752091	ABCC10	0.26962778	False
2580	3.9743485511846375	1.1659971583022677	0.2933806995752091	MIR6780B	0.26962778	False
2581	3.9743485511846375	1.1659971583022677	0.2933806995752091	DLK2	0.26962778	False
2582	3.9743485511846375	1.1659971583022677	0.2933806995752091	TJAP1	0.26962778	False
2583	3.9743485511846375	1.1659971583022677	0.2933806995752091	LRRC73	0.26962778	False
2584	3.9743485511846375	1.1659971583022677	0.2933806995752091	POLR1C	0.26962778	False
2585	3.9743485511846375	1.1659971583022677	0.2933806995752091	YIPF3	0.26962778	False
2586	3.9743485511846375	1.1659971583022677	0.2933806995752091	XPO5	0.26962778	False
2587	3.9743485511846375	1.1659971583022677	0.2933806995752091	POLH	0.26962778	False
2588	3.9743485511846375	1.1659971583022677	0.2933806995752091	GTPBP2	0.26962778	False
2589	3.9743485511846375	1.1659971583022677	0.2933806995752091	MAD2L1BP	0.26962778	False
2590	3.9743485511846375	1.1659971583022677	0.2933806995752091	RSPH9	0.26962778	False
2591	3.9743485511846375	1.1659971583022677	0.2933806995752091	MRPS18A	0.26962778	False
2592	3.9743485511846375	1.1659971583022677	0.2933806995752091	VEGFA	0.26962778	False
2593	3.868111523810844	0.995921580534342	0.25746971730359136	LOC101929705	0.26962584	False
2594	3.868111523810844	0.995921580534342	0.25746971730359136	C6orf223	0.26962584	False
2595	3.909904642177988	1.0312349674510985	0.2637493907975862	MRPL14	0.26962617	False
2596	3.909904642177988	1.0312349674510985	0.2637493907975862	TMEM63B	0.26962617	False
2597	3.909904642177988	1.0312349674510985	0.2637493907975862	CAPN11	0.26962617	False
2598	3.909904642177988	1.0312349674510985	0.2637493907975862	MYMX	0.26962617	False
2599	3.909904642177988	1.0312349674510985	0.2637493907975862	SLC29A1	0.26962617	False
2600	3.909904642177988	1.0312349674510985	0.2637493907975862	HSP90AB1	0.26962617	False
2601	3.909904642177988	1.0312349674510985	0.2637493907975862	SLC35B2	0.26962617	False
2602	3.909904642177988	1.0312349674510985	0.2637493907975862	MIR4647	0.26962617	False
2603	3.909904642177988	1.0312349674510985	0.2637493907975862	NFKBIE	0.26962617	False
2604	3.909904642177988	1.0312349674510985	0.2637493907975862	TMEM151B	0.26962617	False
2605	3.909904642177988	1.0312349674510985	0.2637493907975862	SPATS1	0.26962617	False
2606	3.909904642177988	1.0312349674510985	0.2637493907975862	TCTE1	0.26962617	False
2607	3.909904642177988	1.0312349674510985	0.2637493907975862	AARS2	0.26962617	False
2608	3.909904642177988	1.0312349674510985	0.2637493907975862	CDC5L	0.26962617	False
2609	3.909904642177988	1.0312349674510985	0.2637493907975862	MIR4642	0.26962617	False
2610	3.875248668132701	0.9982439462253108	0.2575948104786569	SUPT3H	0.26962584	False
2611	3.8352883643498528	0.991412811163712	0.2584975931351575	MIR586	0.26962546	False
2612	3.8352883643498528	0.991412811163712	0.2584975931351575	RUNX2	0.26962546	False
2613	3.9322390153147073	1.172129299682623	0.29808190578385135	CLIC5	0.26962712	False
2614	3.9411518391130094	1.2861293367991398	0.3263333637733162	ENPP4	0.26962787	False
2615	3.9411518391130094	1.2861293367991398	0.3263333637733162	ENPP5	0.26962787	False
2616	3.9411518391130094	1.2861293367991398	0.3263333637733162	RCAN2	0.26962787	False
2617	3.9411518391130094	1.2861293367991398	0.3263333637733162	LOC101926898	0.26962787	False
2618	3.9411518391130094	1.2861293367991398	0.3263333637733162	CYP39A1	0.26962787	False
2619	3.9411518391130094	1.2861293367991398	0.3263333637733162	SLC25A27	0.26962787	False
2620	3.9411518391130094	1.2861293367991398	0.3263333637733162	LOC101926934	0.26962787	False
2621	3.9411518391130094	1.2861293367991398	0.3263333637733162	TDRD6	0.26962787	False
2622	3.9411518391130094	1.2861293367991398	0.3263333637733162	PLA2G7	0.26962787	False
2623	3.9411518391130094	1.2861293367991398	0.3263333637733162	ANKRD66	0.26962787	False
2624	3.9411518391130094	1.2861293367991398	0.3263333637733162	MEP1A	0.26962787	False
2625	3.8894761981546857	1.2463501846166327	0.3204416536108251	ADGRF5	0.2696275	False
2626	3.8894761981546857	1.2463501846166327	0.3204416536108251	LOC101926962	0.2696275	False
2627	3.8894761981546857	1.2463501846166327	0.3204416536108251	ADGRF1	0.2696275	False
2628	4.024161458939591	1.521867290939221	0.3781824627236128	TNFRSF21	0.26963016	False
2629	4.024161458939591	1.521867290939221	0.3781824627236128	CD2AP	0.26963016	False
2630	4.024161458939591	1.521867290939221	0.3781824627236128	ADGRF2	0.26963016	False
2631	4.024161458939591	1.521867290939221	0.3781824627236128	ADGRF4	0.26963016	False
2632	4.024161458939591	1.521867290939221	0.3781824627236128	OPN5	0.26963016	False
2633	3.7792283754196525	1.1803510316207682	0.3123259338593688	PTCHD4	0.2696264	False
2634	3.4323727148074084	0.9406174871317051	0.2740429333544809	MUT	0.2696233	False
2635	3.4323727148074084	0.9406174871317051	0.2740429333544809	CENPQ	0.2696233	False
2636	3.4323727148074084	0.9406174871317051	0.2740429333544809	GLYATL3	0.2696233	False
2637	3.4323727148074084	0.9406174871317051	0.2740429333544809	C6orf141	0.2696233	False
2638	3.4323727148074084	0.9406174871317051	0.2740429333544809	RHAG	0.2696233	False
2639	3.4323727148074084	0.9406174871317051	0.2740429333544809	CRISP2	0.2696233	False
2640	3.4323727148074084	0.9406174871317051	0.2740429333544809	CRISP3	0.2696233	False
2641	3.4323727148074084	0.9406174871317051	0.2740429333544809	PGK2	0.2696233	False
2642	3.4323727148074084	0.9406174871317051	0.2740429333544809	LOC101927020	0.2696233	False
2643	3.4323727148074084	0.9406174871317051	0.2740429333544809	LOC101927048	0.2696233	False
2644	3.4323727148074084	0.9406174871317051	0.2740429333544809	CRISP1	0.2696233	False
2645	3.473240631453987	0.8424099523377335	0.242542927981664	DEFB133	0.26962307	False
2646	3.473240631453987	0.8424099523377335	0.242542927981664	DEFB114	0.26962307	False
2647	3.473240631453987	0.8424099523377335	0.242542927981664	DEFB113	0.26962307	False
2648	3.473240631453987	0.8424099523377335	0.242542927981664	DEFB110	0.26962307	False
2649	3.473240631453987	0.8424099523377335	0.242542927981664	DEFB112	0.26962307	False
2650	3.3818457021055237	0.8141675656876787	0.24074651459727484	TFAP2D	0.26962245	False
2651	3.3818457021055237	0.8141675656876787	0.24074651459727484	TFAP2B	0.26962245	False
2652	3.6812731090136306	0.9514622453555917	0.2584601080060938	LOC101927082	0.26962453	False
2653	3.9689517652849213	1.1950234929309156	0.30109297456909956	PKHD1	0.2696277	False
2654	4.2641194908423685	1.606405873180822	0.37672627998130503	MIR206	0.26963255	False
2655	4.2641194908423685	1.606405873180822	0.37672627998130503	LINCMD1	0.26963255	False
2656	4.2641194908423685	1.606405873180822	0.37672627998130503	MIR133B	0.26963255	False
2657	4.2641194908423685	1.606405873180822	0.37672627998130503	IL17A	0.26963255	False
2658	4.2641194908423685	1.606405873180822	0.37672627998130503	IL17F	0.26963255	False
2659	4.2641194908423685	1.606405873180822	0.37672627998130503	MCM3	0.26963255	False
2660	4.2641194908423685	1.606405873180822	0.37672627998130503	PAQR8	0.26963255	False
2661	4.2641194908423685	1.606405873180822	0.37672627998130503	EFHC1	0.26963255	False
2662	4.2641194908423685	1.606405873180822	0.37672627998130503	TRAM2	0.26963255	False
2663	4.2641194908423685	1.606405873180822	0.37672627998130503	TRAM2-AS1	0.26963255	False
2664	4.2641194908423685	1.606405873180822	0.37672627998130503	TMEM14A	0.26963255	False
2665	4.2641194908423685	1.606405873180822	0.37672627998130503	GSTA2	0.26963255	False
2666	4.2641194908423685	1.606405873180822	0.37672627998130503	GSTA1	0.26963255	False
2667	4.2641194908423685	1.606405873180822	0.37672627998130503	GSTA5	0.26963255	False
2668	4.2474938047017075	1.6097469420796275	0.37898747263568444	GSTA3	0.26963237	False
2669	4.2474938047017075	1.6097469420796275	0.37898747263568444	GSTA4	0.26963237	False
2670	4.2474938047017075	1.6097469420796275	0.37898747263568444	RN7SK	0.26963237	False
2671	4.2474938047017075	1.6097469420796275	0.37898747263568444	ICK	0.26963237	False
2672	4.2474938047017075	1.6097469420796275	0.37898747263568444	FBXO9	0.26963237	False
2673	4.428614222282474	1.916380236684802	0.43272683970587855	GCM1	0.2696362	False
2674	4.428614222282474	1.916380236684802	0.43272683970587855	ELOVL5	0.2696362	False
2675	4.428614222282474	1.916380236684802	0.43272683970587855	MIR5685	0.2696362	False
2676	4.428614222282474	1.916380236684802	0.43272683970587855	GCLC	0.2696362	False
2677	4.428614222282474	1.916380236684802	0.43272683970587855	LOC101927136	0.2696362	False
2678	4.428614222282474	1.916380236684802	0.43272683970587855	LINC01564	0.2696362	False
2679	4.428614222282474	1.916380236684802	0.43272683970587855	KLHL31	0.2696362	False
2680	4.285797872247232	1.737864162507745	0.40549372936164774	LRRC1	0.2696336	False
2681	4.285797872247232	1.737864162507745	0.40549372936164774	LOC101927189	0.2696336	False
2682	4.285797872247232	1.737864162507745	0.40549372936164774	MLIP-IT1	0.2696336	False
2683	4.285797872247232	1.737864162507745	0.40549372936164774	MLIP	0.2696336	False
2684	4.371337392941343	1.966791816537203	0.4499290811350087	TINAG	0.26963612	False
2685	3.991298968540817	1.3818836994502504	0.3462240514534682	FAM83B	0.26962903	False
2686	3.750700405622105	1.1994284878005506	0.31978786842123397	HCRTR2	0.26962626	False
2687	3.750700405622105	1.1994284878005506	0.31978786842123397	GFRAL	0.26962626	False
2688	3.750700405622105	1.1994284878005506	0.31978786842123397	HMGCLL1	0.26962626	False
2689	3.750700405622105	1.1994284878005506	0.31978786842123397	BMP5	0.26962626	False
2690	3.750700405622105	1.1994284878005506	0.31978786842123397	COL21A1	0.26962626	False
2691	3.549395991705731	1.1018371155772344	0.3104294697328841	DST	0.26962456	False
2692	3.549395991705731	1.1018371155772344	0.3104294697328841	LOC101930010	0.26962456	False
2693	3.549395991705731	1.1018371155772344	0.3104294697328841	BEND6	0.26962456	False
2694	3.549395991705731	1.1018371155772344	0.3104294697328841	KIAA1586	0.26962456	False
2695	3.549395991705731	1.1018371155772344	0.3104294697328841	ZNF451	0.26962456	False
2696	3.095871919474871	0.7244583619717105	0.2340078597613931	ZNF451-AS1	0.26962098	False
2697	3.095871919474871	0.7244583619717105	0.2340078597613931	BAG2	0.26962098	False
2698	3.095871919474871	0.7244583619717105	0.2340078597613931	RAB23	0.26962098	False
2699	3.095871919474871	0.7244583619717105	0.2340078597613931	PRIM2	0.26962098	False
2700	3.095871919474871	0.7244583619717105	0.2340078597613931	MIR548U	0.26962098	False
2701	3.095871919474871	0.7244583619717105	0.2340078597613931	LINC00680	0.26962098	False
2702	3.2371472249663378	0.9747093815524805	0.3011013444291575	KHDRBS2	0.26962256	False
2703	3.2810130397458193	0.9847805174622231	0.30014526170201206	LGSN	0.26962274	False
2704	3.2810130397458193	0.9847805174622231	0.30014526170201206	PTP4A1	0.26962274	False
2705	3.2810130397458193	0.9847805174622231	0.30014526170201206	PHF3	0.26962274	False
2706	2.7909287109273624	0.3940041204890949	0.14117312238985003	PERP	0.26961908	False
2707	2.8743478516736642	0.4461480756225048	0.15521714790460153	ARFGEF3	0.26961935	False
2708	2.8743478516736642	0.4461480756225048	0.15521714790460153	PBOV1	0.26961935	False
2709	2.8743478516736642	0.4461480756225048	0.15521714790460153	HEBP2	0.26961935	False
2710	2.8743478516736642	0.4461480756225048	0.15521714790460153	NHSL1	0.26961935	False
2711	2.8743478516736642	0.4461480756225048	0.15521714790460153	MIR3145	0.26961935	False
2712	2.8743478516736642	0.4461480756225048	0.15521714790460153	FLJ46906	0.26961935	False
2713	2.8743478516736642	0.4461480756225048	0.15521714790460153	GVQW2	0.26961935	False
2714	2.8743478516736642	0.4461480756225048	0.15521714790460153	CCDC28A	0.26961935	False
2715	2.9658130830407816	0.48403741055396166	0.16320563602669422	ECT2L	0.26961964	False
2716	2.9658130830407816	0.48403741055396166	0.16320563602669422	REPS1	0.26961964	False
2717	2.9658130830407816	0.48403741055396166	0.16320563602669422	ABRACL	0.26961964	False
2718	3.1209534164673243	0.6334235938601372	0.2029583621844389	HECA	0.26962066	False
2719	3.1209534164673243	0.6334235938601372	0.2029583621844389	TXLNB	0.26962066	False
2720	3.1209534164673243	0.6334235938601372	0.2029583621844389	CITED2	0.26962066	False
2721	3.1209534164673243	0.6334235938601372	0.2029583621844389	LINC01625	0.26962066	False
2722	3.1209534164673243	0.6334235938601372	0.2029583621844389	FILNC1	0.26962066	False
2723	3.098971936519734	0.598019885987702	0.19297363714087115	LOC100507477	0.26962045	False
2724	3.2332002039026593	0.7592323399598263	0.23482379440759316	MIR3668	0.26962164	False
2725	3.2332002039026593	0.7592323399598263	0.23482379440759316	MIR4465	0.26962164	False
2726	2.953409734287482	0.555102723855027	0.18795317067272652	NMBR	0.2696199	False
2727	2.927494383657781	0.6240342980231904	0.21316327761609088	VTA1	0.2696202	False
2728	2.927494383657781	0.6240342980231904	0.21316327761609088	ADGRG6	0.2696202	False
2729	2.927494383657781	0.6240342980231904	0.21316327761609088	LOC153910	0.2696202	False
2730	3.094872888362882	0.6421901119147242	0.2075012884469153	NDUFA4	0.26962063	False
2731	3.094872888362882	0.6421901119147242	0.2075012884469153	PHF14	0.26962063	False
2732	3.353365121679826	0.9021350438664409	0.26902380478464805	THSD7A	0.2696227	False
2733	3.6795044580149328	1.2230205787733122	0.3323873072389545	TMEM106B	0.26962608	False
2734	3.6795044580149328	1.2230205787733122	0.3323873072389545	VWDE	0.26962608	False
2735	3.6795044580149328	1.2230205787733122	0.3323873072389545	SCIN	0.26962608	False
2736	3.6795044580149328	1.2230205787733122	0.3323873072389545	ARL4A	0.26962608	False
2737	3.4672199746279655	0.9520741520602976	0.2745929473835751	ETV1	0.26962355	False
2738	3.6051586087339116	1.0401257924819363	0.2885104111542033	DGKB	0.26962474	False
2739	3.6324057647335786	1.145110377468926	0.31524847487761737	AGMO	0.2696253	False
2740	3.6324057647335786	1.145110377468926	0.31524847487761737	MEOX2	0.2696253	False
2741	3.6324057647335786	1.145110377468926	0.31524847487761737	LOC105375166	0.2696253	False
2742	3.6324057647335786	1.145110377468926	0.31524847487761737	LINC02587	0.2696253	False
2743	3.677086826692013	1.122311207162822	0.3052174887511366	ISPD	0.26962537	False
2744	3.8476590703590525	1.3642478271140994	0.3545656728330641	ISPD-AS1	0.2696277	False
2745	3.8476590703590525	1.3642478271140994	0.3545656728330641	SOSTDC1	0.2696277	False
2746	3.8476590703590525	1.3642478271140994	0.3545656728330641	LRRC72	0.2696277	False
2747	3.8476590703590525	1.3642478271140994	0.3545656728330641	ANKMY2	0.2696277	False
2748	3.8476590703590525	1.3642478271140994	0.3545656728330641	BZW2	0.2696277	False
2749	3.8476590703590525	1.3642478271140994	0.3545656728330641	TSPAN13	0.2696277	False
2750	3.8476590703590525	1.3642478271140994	0.3545656728330641	AGR2	0.2696277	False
2751	3.8476590703590525	1.3642478271140994	0.3545656728330641	AGR3	0.2696277	False
2752	4.0785279220526345	1.661942527135199	0.40748587698739586	AHR	0.26963112	False
2753	4.0785279220526345	1.661942527135199	0.40748587698739586	KCCAT333	0.26963112	False
2754	4.0785279220526345	1.661942527135199	0.40748587698739586	LOC101927630	0.26963112	False
2755	3.642933469521799	1.0476307926668753	0.28757889800397474	SNX13	0.26962456	False
2756	3.642933469521799	1.0476307926668753	0.28757889800397474	PRPS1L1	0.26962456	False
2757	3.487792025679061	0.8414734797320125	0.24126251609517357	HDAC9	0.26962283	False
2758	3.419534109921715	0.8778053142285065	0.25670318997011043	MIR1302-6	0.2696227	False
2759	3.287927810993417	0.6944668675678296	0.21121718829891306	TWIST1	0.2696215	False
2760	3.108422403928962	0.6185580068986671	0.198994192718733	FERD3L	0.26962054	False
2761	3.108422403928962	0.6185580068986671	0.198994192718733	TWISTNB	0.26962054	False
2762	3.108422403928962	0.6185580068986671	0.198994192718733	MIR3146	0.26962054	False
2763	3.108422403928962	0.6185580068986671	0.198994192718733	TMEM196	0.26962054	False
2764	3.05954414325604	0.5289239822084294	0.17287672850686045	LOC101927668	0.26961997	False
2765	2.918396720379479	0.5111969222963448	0.1751636159424802	MACC1	0.26961973	False
2766	2.918396720379479	0.5111969222963448	0.1751636159424802	MACC1-AS1	0.26961973	False
2767	2.918396720379479	0.5111969222963448	0.1751636159424802	LOC100506098	0.26961973	False
2768	2.918396720379479	0.5111969222963448	0.1751636159424802	LOC101927769	0.26961973	False
2769	2.918396720379479	0.5111969222963448	0.1751636159424802	LOC101927811	0.26961973	False
2770	2.918396720379479	0.5111969222963448	0.1751636159424802	ITGB8	0.26961973	False
2771	2.918396720379479	0.5111969222963448	0.1751636159424802	ABCB5	0.26961973	False
2772	2.918396720379479	0.5111969222963448	0.1751636159424802	SP8	0.26961973	False
2773	2.9144085670316278	0.43903069499167924	0.15064143715403605	LINC01162	0.2696193	False
2774	3.0859132437293137	0.553143097721689	0.1792477798414118	SP4	0.26962012	False
2775	3.0859132437293137	0.553143097721689	0.1792477798414118	MIR1183	0.26962012	False
2776	2.9842375661179377	0.42706929555285655	0.14310834378658804	DNAH11	0.2696194	False
2777	2.9842375661179377	0.42706929555285655	0.14310834378658804	CDCA7L	0.2696194	False
2778	2.982842996530098	0.42604055161328397	0.1428303642226196	RAPGEF5	0.26961938	False
2779	2.982842996530098	0.42604055161328397	0.1428303642226196	STEAP1B	0.26961938	False
2780	2.982842996530098	0.42604055161328397	0.1428303642226196	LOC100506178	0.26961938	False
2781	2.982842996530098	0.42604055161328397	0.1428303642226196	LOC401312	0.26961938	False
2782	2.982842996530098	0.42604055161328397	0.1428303642226196	LOC541472	0.26961938	False
2783	2.982842996530098	0.42604055161328397	0.1428303642226196	IL6	0.26961938	False
2784	2.982842996530098	0.42604055161328397	0.1428303642226196	TOMM7	0.26961938	False
2785	2.982842996530098	0.42604055161328397	0.1428303642226196	SNORD93	0.26961938	False
2786	2.9567869286333006	0.37099603478272625	0.12547269848565304	FAM126A	0.2696191	False
2787	2.965917071280821	0.38856754970452617	0.13101092861531852	KLHL7-DT	0.26961926	False
2788	2.965917071280821	0.38856754970452617	0.13101092861531852	KLHL7	0.26961926	False
2789	2.965917071280821	0.38856754970452617	0.13101092861531852	NUPL2	0.26961926	False
2790	2.965917071280821	0.38856754970452617	0.13101092861531852	GPNMB	0.26961926	False
2791	2.965917071280821	0.38856754970452617	0.13101092861531852	MALSU1	0.26961926	False
2792	2.965917071280821	0.38856754970452617	0.13101092861531852	IGF2BP3	0.26961926	False
2793	2.965917071280821	0.38856754970452617	0.13101092861531852	TRA2A	0.26961926	False
2794	2.965917071280821	0.38856754970452617	0.13101092861531852	CCDC126	0.26961926	False
2795	2.965917071280821	0.38856754970452617	0.13101092861531852	FAM221A	0.26961926	False
2796	2.965917071280821	0.38856754970452617	0.13101092861531852	STK31	0.26961926	False
2797	2.91618588251657	0.35369456265093685	0.12128670012822035	NPY	0.26961896	False
2798	2.91618588251657	0.35369456265093685	0.12128670012822035	MPP6	0.26961896	False
2799	2.91618588251657	0.35369456265093685	0.12128670012822035	GSDME	0.26961896	False
2800	2.901648045215256	0.32497300471086776	0.11199601042129834	OSBPL3	0.2696188	False
2801	2.973594392912073	0.38926052468497097	0.130905723259642	CYCS	0.2696193	False
2802	2.973594392912073	0.38926052468497097	0.130905723259642	C7orf31	0.2696193	False
2803	2.973594392912073	0.38926052468497097	0.130905723259642	NPVF	0.2696193	False
2804	2.8899261034978356	0.32529597693258744	0.11256203974865099	MIR148A	0.2696188	False
2805	2.899610454813896	0.3618662939631436	0.1247982443167074	NFE2L3	0.26961896	False
2806	2.899610454813896	0.3618662939631436	0.1247982443167074	HNRNPA2B1	0.26961896	False
2807	2.899610454813896	0.3618662939631436	0.1247982443167074	CBX3	0.26961896	False
2808	2.899610454813896	0.3618662939631436	0.1247982443167074	SNX10	0.26961896	False
2809	2.899610454813896	0.3618662939631436	0.1247982443167074	LOC441204	0.26961896	False
2810	2.899610454813896	0.3618662939631436	0.1247982443167074	KIAA0087	0.26961896	False
2811	2.899610454813896	0.3618662939631436	0.1247982443167074	C7orf71	0.26961896	False
2812	2.7891477979566828	0.2892113749345499	0.1036916635061164	SKAP2	0.26961845	False
2813	2.7891477979566828	0.2892113749345499	0.1036916635061164	HOXA1	0.26961845	False
2814	2.7891477979566828	0.2892113749345499	0.1036916635061164	HOTAIRM1	0.26961845	False
2815	2.77432866488193	0.31218393092367425	0.11252593640954223	HOXA2	0.26961863	False
2816	2.77432866488193	0.31218393092367425	0.11252593640954223	HOXA3	0.26961863	False
2817	2.77432866488193	0.31218393092367425	0.11252593640954223	HOXA-AS2	0.26961863	False
2818	2.77432866488193	0.31218393092367425	0.11252593640954223	HOXA4	0.26961863	False
2819	2.77432866488193	0.31218393092367425	0.11252593640954223	HOXA-AS3	0.26961863	False
2820	2.77432866488193	0.31218393092367425	0.11252593640954223	HOXA5	0.26961863	False
2821	2.77432866488193	0.31218393092367425	0.11252593640954223	HOXA6	0.26961863	False
2822	2.77432866488193	0.31218393092367425	0.11252593640954223	HOXA7	0.26961863	False
2823	2.77432866488193	0.31218393092367425	0.11252593640954223	HOXA9	0.26961863	False
2824	2.77432866488193	0.31218393092367425	0.11252593640954223	HOXA10-HOXA9	0.26961863	False
2825	2.77432866488193	0.31218393092367425	0.11252593640954223	HOXA10-AS	0.26961863	False
2826	2.77432866488193	0.31218393092367425	0.11252593640954223	MIR196B	0.26961863	False
2827	2.77432866488193	0.31218393092367425	0.11252593640954223	HOXA10	0.26961863	False
2828	2.77432866488193	0.31218393092367425	0.11252593640954223	HOXA11	0.26961863	False
2829	2.77432866488193	0.31218393092367425	0.11252593640954223	HOXA11-AS	0.26961863	False
2830	2.77432866488193	0.31218393092367425	0.11252593640954223	HOXA13	0.26961863	False
2831	2.77432866488193	0.31218393092367425	0.11252593640954223	HOTTIP	0.26961863	False
2832	2.77432866488193	0.31218393092367425	0.11252593640954223	EVX1-AS	0.26961863	False
2833	2.77432866488193	0.31218393092367425	0.11252593640954223	EVX1	0.26961863	False
2834	2.77432866488193	0.31218393092367425	0.11252593640954223	HIBADH	0.26961863	False
2835	2.77432866488193	0.31218393092367425	0.11252593640954223	TAX1BP1	0.26961863	False
2836	2.880566297630175	0.36537976394539423	0.12684303230444305	TBX20	0.269619	False
2837	2.880566297630175	0.36537976394539423	0.12684303230444305	HERPUD2	0.269619	False
2838	2.880566297630175	0.36537976394539423	0.12684303230444305	LOC100506725	0.269619	False
2839	2.880566297630175	0.36537976394539423	0.12684303230444305	SEPT7-AS1	0.269619	False
2840	2.9442729840236828	0.37328567838911264	0.12678365097755828	SEPT7	0.2696192	False
2841	2.9442729840236828	0.37328567838911264	0.12678365097755828	LOC101928618	0.2696192	False
2842	3.189456763383305	0.5371873855627208	0.16842598141787768	EEPD1	0.26962045	False
2843	3.189456763383305	0.5371873855627208	0.16842598141787768	KIAA0895	0.26962045	False
2844	3.189456763383305	0.5371873855627208	0.16842598141787768	ANLN	0.26962045	False
2845	3.189456763383305	0.5371873855627208	0.16842598141787768	AOAH	0.26962045	False
2846	3.189456763383305	0.5371873855627208	0.16842598141787768	AOAH-IT1	0.26962045	False
2847	2.9675798236933675	0.39076649167440597	0.13167851073608824	ELMO1	0.26961923	False
2848	2.9675798236933675	0.39076649167440597	0.13167851073608824	MIR1200	0.26961923	False
2849	2.9675798236933675	0.39076649167440597	0.13167851073608824	ELMO1-AS1	0.26961923	False
2850	2.76415413117192	0.33266248772279333	0.1203487475503959	EPDR1	0.26961875	False
2851	2.9731713948099268	0.4285638025921289	0.14414365863341919	GPR141	0.2696195	False
2852	2.76415413117192	0.33266248772279333	0.1203487475503959	NME8	0.26961875	False
2853	2.76415413117192	0.33266248772279333	0.1203487475503959	SFRP4	0.26961875	False
2854	2.7909144524457377	0.3319379453581732	0.11893519167787066	PHTF2	0.26961872	False
2855	2.9338359976627495	0.4163575325938672	0.14191574884402533	MAGI2	0.2696193	False
2856	3.0524250183547115	0.54805895163629	0.1795487025367455	MAGI2-AS2	0.26962012	False
2857	3.2539910750664953	0.7847679058101946	0.24117088452498534	MAGI2-AS3	0.26962188	False
2858	3.4385945444413464	1.0453916632995868	0.30401713542805237	GNAI1	0.269624	False
2859	3.4385945444413464	1.0453916632995868	0.30401713542805237	LOC101927269	0.269624	False
2860	3.4385945444413464	1.0453916632995868	0.30401713542805237	CD36	0.269624	False
2861	3.4385945444413464	1.0453916632995868	0.30401713542805237	GNAT3	0.269624	False
2862	3.138110467045917	0.7345085025169776	0.23406075414815228	SEMA3C	0.26962122	False
2863	3.145459867780694	0.8338964473929495	0.2651111387351167	LOC100128317	0.26962164	False
2864	3.145459867780694	0.8338964473929495	0.2651111387351167	HGF	0.26962164	False
2865	3.026879824991805	0.7670094087413829	0.25339935943557307	DMTF1	0.269621	False
2866	3.026879824991805	0.7670094087413829	0.25339935943557307	TMEM243	0.269621	False
2867	3.026879824991805	0.7670094087413829	0.25339935943557307	TP53TG1	0.269621	False
2868	3.026879824991805	0.7670094087413829	0.25339935943557307	CROT	0.269621	False
2869	3.026879824991805	0.7670094087413829	0.25339935943557307	ABCB4	0.269621	False
2870	3.026879824991805	0.7670094087413829	0.25339935943557307	ABCB1	0.269621	False
2871	3.026879824991805	0.7670094087413829	0.25339935943557307	RUNDC3B	0.269621	False
2872	3.026879824991805	0.7670094087413829	0.25339935943557307	SLC25A40	0.269621	False
2873	2.9287912360137844	0.58173919105115	0.19862774235930963	DBF4	0.26962006	False
2874	2.9287912360137844	0.58173919105115	0.19862774235930963	ADAM22	0.26962006	False
2875	2.9524750727631845	0.4842907062489983	0.16402871973979333	STEAP2-AS1	0.26961967	False
2876	3.045774033414089	0.586580125374325	0.19258819562422094	STEAP1	0.26962036	False
2877	3.045774033414089	0.586580125374325	0.19258819562422094	STEAP2	0.26962036	False
2878	3.045774033414089	0.586580125374325	0.19258819562422094	CFAP69	0.26962036	False
2879	3.045774033414089	0.586580125374325	0.19258819562422094	LOC101927446	0.26962036	False
2880	3.045774033414089	0.586580125374325	0.19258819562422094	GTPBP10	0.26962036	False
2881	3.045774033414089	0.586580125374325	0.19258819562422094	CLDN12	0.26962036	False
2882	3.004084818818983	0.5166068069854128	0.17196811612946072	CDK14	0.2696199	False
2883	3.087489646136045	0.6031129750131263	0.19534088989348183	FZD1	0.26962045	False
2884	3.087489646136045	0.6031129750131263	0.19534088989348183	MTERF1	0.26962045	False
2885	3.0584319162733387	0.5506756374865677	0.18005162533013294	AKAP9	0.26962012	False
2886	3.15393635611902	0.6669759707165397	0.21147413752421643	CYP51A1	0.2696209	False
2887	3.15393635611902	0.6669759707165397	0.21147413752421643	CYP51A1-AS1	0.2696209	False
2888	3.15393635611902	0.6669759707165397	0.21147413752421643	LRRD1	0.2696209	False
2889	3.15393635611902	0.6669759707165397	0.21147413752421643	KRIT1	0.2696209	False
2890	3.15393635611902	0.6669759707165397	0.21147413752421643	MIR1285-1	0.2696209	False
2891	3.15393635611902	0.6669759707165397	0.21147413752421643	ANKIB1	0.2696209	False
2892	3.15393635611902	0.6669759707165397	0.21147413752421643	GATAD1	0.2696209	False
2893	3.15393635611902	0.6669759707165397	0.21147413752421643	ERVW-1	0.2696209	False
2894	3.15393635611902	0.6669759707165397	0.21147413752421643	PEX1	0.2696209	False
2895	3.15393635611902	0.6669759707165397	0.21147413752421643	RBM48	0.2696209	False
2896	3.15393635611902	0.6669759707165397	0.21147413752421643	FAM133B	0.2696209	False
2897	3.15393635611902	0.6669759707165397	0.21147413752421643	CDK6	0.2696209	False
2898	3.108989047369781	0.5704857341569579	0.1834955753992094	LOC101927497	0.26962036	False
2899	3.108989047369781	0.5704857341569579	0.1834955753992094	SAMD9	0.26962036	False
2900	3.0981054312952523	0.6243174703263833	0.2015158890397637	SAMD9L	0.26962048	False
2901	3.0981054312952523	0.6243174703263833	0.2015158890397637	HEPACAM2	0.26962048	False
2902	3.0981054312952523	0.6243174703263833	0.2015158890397637	VPS50	0.26962048	False
2903	3.0981054312952523	0.6243174703263833	0.2015158890397637	CALCR	0.26962048	False
2904	3.0981054312952523	0.6243174703263833	0.2015158890397637	MIR653	0.26962048	False
2905	3.0981054312952523	0.6243174703263833	0.2015158890397637	MIR489	0.26962048	False
2906	3.120807404285263	0.5713712624698243	0.18308443567688903	GNGT1	0.26962045	False
2907	3.0981054312952523	0.6243174703263833	0.2015158890397637	MIR4652	0.26962048	False
2908	3.0981054312952523	0.6243174703263833	0.2015158890397637	TFPI2	0.26962048	False
2909	3.0981054312952523	0.6243174703263833	0.2015158890397637	LOC105375401	0.26962048	False
2910	3.120807404285263	0.5713712624698243	0.18308443567688903	GNG11	0.26962045	False
2911	3.120807404285263	0.5713712624698243	0.18308443567688903	BET1	0.26962045	False
2912	3.208483617947172	0.6747655410614282	0.21030668110225592	COL1A2	0.2696211	False
2913	3.208483617947172	0.6747655410614282	0.21030668110225592	CASD1	0.2696211	False
2914	3.208483617947172	0.6747655410614282	0.21030668110225592	SGCE	0.2696211	False
2915	3.208483617947172	0.6747655410614282	0.21030668110225592	PEG10	0.2696211	False
2916	3.1226635731627472	0.5616543328067375	0.17986386290018222	PPP1R9A	0.26962036	False
2917	3.2071704819630944	0.6627491750196323	0.20664606971998772	PON1	0.2696211	False
2918	3.2071704819630944	0.6627491750196323	0.20664606971998772	PON3	0.2696211	False
2919	3.2071704819630944	0.6627491750196323	0.20664606971998772	PON2	0.2696211	False
2920	3.2071704819630944	0.6627491750196323	0.20664606971998772	ASB4	0.2696211	False
2921	3.2071704819630944	0.6627491750196323	0.20664606971998772	PDK4	0.2696211	False
2922	3.038426997646586	0.4812941388819403	0.1584024033668496	DYNC1I1	0.26961985	False
2923	3.0211233360041567	0.47617084494040873	0.1576138382917557	SLC25A13	0.26961982	False
2924	3.0211233360041567	0.47617084494040873	0.1576138382917557	MIR591	0.26961982	False
2925	3.0211233360041567	0.47617084494040873	0.1576138382917557	SEM1	0.26961982	False
2926	3.013323009364126	0.4021601575975595	0.1334606865403466	DLX6-AS1	0.26961946	False
2927	3.013323009364126	0.4021601575975595	0.1334606865403466	DLX6	0.26961946	False
2928	3.013323009364126	0.4021601575975595	0.1334606865403466	DLX5	0.26961946	False
2929	3.0953266466710816	0.39259277289649575	0.12683403650426228	MIR5692C2	0.2696195	False
2930	3.0953266466710816	0.39259277289649575	0.12683403650426228	OCM2	0.2696195	False
2931	3.1648713206341865	0.4445526343988783	0.14046467908521396	LMTK2	0.2696199	False
2932	3.1648713206341865	0.4445526343988783	0.14046467908521396	BHLHA15	0.2696199	False
2933	3.1648713206341865	0.4445526343988783	0.14046467908521396	TECPR1	0.2696199	False
2934	3.1648713206341865	0.4445526343988783	0.14046467908521396	BRI3	0.2696199	False
2935	3.1648713206341865	0.4445526343988783	0.14046467908521396	BAIAP2L1	0.2696199	False
2936	3.1648713206341865	0.4445526343988783	0.14046467908521396	NPTX2	0.2696199	False
2937	3.1648713206341865	0.4445526343988783	0.14046467908521396	TMEM130	0.2696199	False
2938	3.3023179604953197	0.49675936761608847	0.1504274795942359	TRRAP	0.26962054	False
2939	3.1648713206341865	0.4445526343988783	0.14046467908521396	MIR3609	0.2696199	False
2940	3.3023179604953197	0.49675936761608847	0.1504274795942359	LOC101927550	0.26962054	False
2941	3.3023179604953197	0.49675936761608847	0.1504274795942359	SMURF1	0.26962054	False
2942	3.528464389495875	0.6964763251071914	0.19738794223928657	KPNA7	0.2696226	False
2943	3.528464389495875	0.6964763251071914	0.19738794223928657	ARPC1A	0.2696226	False
2944	3.528464389495875	0.6964763251071914	0.19738794223928657	ARPC1B	0.2696226	False
2945	3.528464389495875	0.6964763251071914	0.19738794223928657	PDAP1	0.2696226	False
2946	3.528464389495875	0.6964763251071914	0.19738794223928657	BUD31	0.2696226	False
2947	3.528464389495875	0.6964763251071914	0.19738794223928657	PTCD1	0.2696226	False
2948	3.528464389495875	0.6964763251071914	0.19738794223928657	ATP5MF-PTCD1	0.2696226	False
2949	3.528464389495875	0.6964763251071914	0.19738794223928657	CPSF4	0.2696226	False
2950	3.528464389495875	0.6964763251071914	0.19738794223928657	ATP5MF	0.2696226	False
2951	3.528464389495875	0.6964763251071914	0.19738794223928657	ZNF789	0.2696226	False
2952	3.528464389495875	0.6964763251071914	0.19738794223928657	ZNF394	0.2696226	False
2953	3.528464389495875	0.6964763251071914	0.19738794223928657	ZKSCAN5	0.2696226	False
2954	3.528464389495875	0.6964763251071914	0.19738794223928657	FAM200A	0.2696226	False
2955	3.528464389495875	0.6964763251071914	0.19738794223928657	ZNF655	0.2696226	False
2956	3.528464389495875	0.6964763251071914	0.19738794223928657	TMEM225B	0.2696226	False
2957	3.528464389495875	0.6964763251071914	0.19738794223928657	ZSCAN25	0.2696226	False
2958	3.528464389495875	0.6964763251071914	0.19738794223928657	CYP3A5	0.2696226	False
2959	3.528464389495875	0.6964763251071914	0.19738794223928657	CYP3A7-CYP3A51P	0.2696226	False
2960	3.528464389495875	0.6964763251071914	0.19738794223928657	CYP3A7	0.2696226	False
2961	3.528464389495875	0.6964763251071914	0.19738794223928657	CYP3A4	0.2696226	False
2962	3.528464389495875	0.6964763251071914	0.19738794223928657	CYP3A43	0.2696226	False
2963	3.528464389495875	0.6964763251071914	0.19738794223928657	OR2AE1	0.2696226	False
2964	3.409256191712678	0.586052791260746	0.1719004845354071	TRIM4	0.2696215	False
2965	3.409256191712678	0.586052791260746	0.1719004845354071	GJC3	0.2696215	False
2966	3.409256191712678	0.586052791260746	0.1719004845354071	AZGP1	0.2696215	False
2967	3.409256191712678	0.586052791260746	0.1719004845354071	ZKSCAN1	0.2696215	False
2968	3.409256191712678	0.586052791260746	0.1719004845354071	ZSCAN21	0.2696215	False
2969	3.409256191712678	0.586052791260746	0.1719004845354071	ZNF3	0.2696215	False
2970	3.409256191712678	0.586052791260746	0.1719004845354071	COPS6	0.2696215	False
2971	3.409256191712678	0.586052791260746	0.1719004845354071	MCM7	0.2696215	False
2972	3.409256191712678	0.586052791260746	0.1719004845354071	MIR25	0.2696215	False
2973	3.409256191712678	0.586052791260746	0.1719004845354071	MIR93	0.2696215	False
2974	3.409256191712678	0.586052791260746	0.1719004845354071	MIR106B	0.2696215	False
2975	3.5163965857264543	0.6924429713966397	0.1969183379961642	AP4M1	0.26962256	False
2976	3.5163965857264543	0.6924429713966397	0.1969183379961642	TAF6	0.26962256	False
2977	3.5163965857264543	0.6924429713966397	0.1969183379961642	CNPY4	0.26962256	False
2978	3.5163965857264543	0.6924429713966397	0.1969183379961642	MBLAC1	0.26962256	False
2979	3.5163965857264543	0.6924429713966397	0.1969183379961642	LAMTOR4	0.26962256	False
2980	3.5163965857264543	0.6924429713966397	0.1969183379961642	C7orf43	0.26962256	False
2981	3.5163965857264543	0.6924429713966397	0.1969183379961642	MIR4658	0.26962256	False
2982	3.5163965857264543	0.6924429713966397	0.1969183379961642	GAL3ST4	0.26962256	False
2983	3.5163965857264543	0.6924429713966397	0.1969183379961642	GPC2	0.26962256	False
2984	3.5163965857264543	0.6924429713966397	0.1969183379961642	STAG3	0.26962256	False
2985	3.5163965857264543	0.6924429713966397	0.1969183379961642	CASTOR3	0.26962256	False
2986	3.5163965857264543	0.6924429713966397	0.1969183379961642	PVRIG	0.26962256	False
2987	3.5163965857264543	0.6924429713966397	0.1969183379961642	SPDYE3	0.26962256	False
2988	3.5163965857264543	0.6924429713966397	0.1969183379961642	STAG3L5P-PVRIG2P-PILRB	0.26962256	False
2989	3.5163965857264543	0.6924429713966397	0.1969183379961642	MIR6840	0.26962256	False
2990	3.5163965857264543	0.6924429713966397	0.1969183379961642	PILRB	0.26962256	False
2991	3.5163965857264543	0.6924429713966397	0.1969183379961642	PILRA	0.26962256	False
2992	3.5163965857264543	0.6924429713966397	0.1969183379961642	ZCWPW1	0.26962256	False
2993	3.5163965857264543	0.6924429713966397	0.1969183379961642	MEPCE	0.26962256	False
2994	3.5163965857264543	0.6924429713966397	0.1969183379961642	PPP1R35	0.26962256	False
2995	3.5163965857264543	0.6924429713966397	0.1969183379961642	C7orf61	0.26962256	False
2996	3.5163965857264543	0.6924429713966397	0.1969183379961642	TSC22D4	0.26962256	False
2997	3.5163965857264543	0.6924429713966397	0.1969183379961642	NYAP1	0.26962256	False
2998	3.5163965857264543	0.6924429713966397	0.1969183379961642	AGFG2	0.26962256	False
2999	3.5163965857264543	0.6924429713966397	0.1969183379961642	SAP25	0.26962256	False
3000	3.5163965857264543	0.6924429713966397	0.1969183379961642	LRCH4	0.26962256	False
3001	3.5163965857264543	0.6924429713966397	0.1969183379961642	FBXO24	0.26962256	False
3002	3.5163965857264543	0.6924429713966397	0.1969183379961642	PCOLCE-AS1	0.26962256	False
3003	3.5163965857264543	0.6924429713966397	0.1969183379961642	PCOLCE	0.26962256	False
3004	3.5163965857264543	0.6924429713966397	0.1969183379961642	MOSPD3	0.26962256	False
3005	3.5163965857264543	0.6924429713966397	0.1969183379961642	TFR2	0.26962256	False
3006	3.5163965857264543	0.6924429713966397	0.1969183379961642	ACTL6B	0.26962256	False
3007	3.5163965857264543	0.6924429713966397	0.1969183379961642	GNB2	0.26962256	False
3008	3.5163965857264543	0.6924429713966397	0.1969183379961642	GIGYF1	0.26962256	False
3009	3.5163965857264543	0.6924429713966397	0.1969183379961642	POP7	0.26962256	False
3010	3.5163965857264543	0.6924429713966397	0.1969183379961642	EPO	0.26962256	False
3011	3.5163965857264543	0.6924429713966397	0.1969183379961642	ZAN	0.26962256	False
3012	3.5163965857264543	0.6924429713966397	0.1969183379961642	EPHB4	0.26962256	False
3013	3.5163965857264543	0.6924429713966397	0.1969183379961642	SLC12A9	0.26962256	False
3014	3.5163965857264543	0.6924429713966397	0.1969183379961642	TRIP6	0.26962256	False
3015	3.5163965857264543	0.6924429713966397	0.1969183379961642	MIR6875	0.26962256	False
3016	3.5163965857264543	0.6924429713966397	0.1969183379961642	SRRT	0.26962256	False
3017	3.5163965857264543	0.6924429713966397	0.1969183379961642	UFSP1	0.26962256	False
3018	3.5163965857264543	0.6924429713966397	0.1969183379961642	ACHE	0.26962256	False
3019	3.2534683117403786	0.4667211693174711	0.14345342403774874	MUC3A	0.26962036	False
3020	3.2534683117403786	0.4667211693174711	0.14345342403774874	MUC12	0.26962036	False
3021	3.2534683117403786	0.4667211693174711	0.14345342403774874	LOC102724094	0.26962036	False
3022	3.2534683117403786	0.4667211693174711	0.14345342403774874	MUC17	0.26962036	False
3023	3.2534683117403786	0.4667211693174711	0.14345342403774874	TRIM56	0.26962036	False
3024	3.105623568626104	0.39100596273566157	0.12590256162585686	SERPINE1	0.26961955	False
3025	3.105623568626104	0.39100596273566157	0.12590256162585686	AP1S1	0.26961955	False
3026	3.105623568626104	0.39100596273566157	0.12590256162585686	MIR4653	0.26961955	False
3027	3.105623568626104	0.39100596273566157	0.12590256162585686	VGF	0.26961955	False
3028	3.105623568626104	0.39100596273566157	0.12590256162585686	NAT16	0.26961955	False
3029	3.105623568626104	0.39100596273566157	0.12590256162585686	MOGAT3	0.26961955	False
3030	3.105623568626104	0.39100596273566157	0.12590256162585686	PLOD3	0.26961955	False
3031	3.105623568626104	0.39100596273566157	0.12590256162585686	ZNHIT1	0.26961955	False
3032	3.105623568626104	0.39100596273566157	0.12590256162585686	CLDN15	0.26961955	False
3033	3.105623568626104	0.39100596273566157	0.12590256162585686	FIS1	0.26961955	False
3034	3.105623568626104	0.39100596273566157	0.12590256162585686	LOC101927746	0.26961955	False
3035	3.105623568626104	0.39100596273566157	0.12590256162585686	IFT22	0.26961955	False
3036	3.105623568626104	0.39100596273566157	0.12590256162585686	COL26A1	0.26961955	False
3037	3.105623568626104	0.39100596273566157	0.12590256162585686	LINC01007	0.26961955	False
3038	3.105623568626104	0.39100596273566157	0.12590256162585686	MYL10	0.26961955	False
3039	2.821573656314182	0.2450072006065447	0.0868335299552652	CUX1	0.26961836	False
3040	2.9607726559111356	0.4090210928771441	0.1381467408720288	SRPK2	0.26961935	False
3041	2.9607726559111356	0.4090210928771441	0.1381467408720288	PUS7	0.26961935	False
3042	2.9607726559111356	0.4090210928771441	0.1381467408720288	RINT1	0.26961935	False
3043	2.9607726559111356	0.4090210928771441	0.1381467408720288	EFCAB10	0.26961935	False
3044	2.9607726559111356	0.4090210928771441	0.1381467408720288	ATXN7L1	0.26961935	False
3045	3.14747367446586	0.46720521964770717	0.14843816596083015	CDHR3	0.26962	False
3046	3.14747367446586	0.46720521964770717	0.14843816596083015	SYPL1	0.26962	False
3047	3.359155425004181	0.6214160050095684	0.18499173940687633	NAMPT	0.26962137	False
3048	3.359155425004181	0.6214160050095684	0.18499173940687633	CCDC71L	0.26962137	False
3049	3.3268147074031336	0.5972454944881512	0.17952472470411585	PIK3CG	0.26962104	False
3050	3.3268147074031336	0.5972454944881512	0.17952472470411585	PRKAR2B	0.26962104	False
3051	3.488479671695016	0.7691845134750147	0.22049276070491647	HBP1	0.26962256	False
3052	3.488479671695016	0.7691845134750147	0.22049276070491647	COG5	0.26962256	False
3053	3.488479671695016	0.7691845134750147	0.22049276070491647	GPR22	0.26962256	False
3054	3.488479671695016	0.7691845134750147	0.22049276070491647	DUS4L	0.26962256	False
3055	3.488479671695016	0.7691845134750147	0.22049276070491647	BCAP29	0.26962256	False
3056	3.488479671695016	0.7691845134750147	0.22049276070491647	SLC26A4-AS1	0.26962256	False
3057	3.488479671695016	0.7691845134750147	0.22049276070491647	SLC26A4	0.26962256	False
3058	3.488479671695016	0.7691845134750147	0.22049276070491647	CBLL1	0.26962256	False
3059	3.488479671695016	0.7691845134750147	0.22049276070491647	SLC26A3	0.26962256	False
3060	3.3797135700645042	0.701641061903189	0.20760370586368881	DLD	0.26962188	False
3061	3.3797135700645042	0.701641061903189	0.20760370586368881	LAMB1	0.26962188	False
3062	3.3797135700645042	0.701641061903189	0.20760370586368881	LAMB4	0.26962188	False
3063	3.450013431434837	0.8506930131160227	0.24657672499617642	NRCAM	0.26962292	False
3064	3.450013431434837	0.8506930131160227	0.24657672499617642	PNPLA8	0.26962292	False
3065	3.450013431434837	0.8506930131160227	0.24657672499617642	THAP5	0.26962292	False
3066	3.450013431434837	0.8506930131160227	0.24657672499617642	DNAJB9	0.26962292	False
3067	3.450013431434837	0.8506930131160227	0.24657672499617642	C7orf66	0.26962292	False
3068	3.086568044950301	0.5763944094556858	0.1867428163129858	IMMP2L	0.26962036	False
3069	3.086568044950301	0.5763944094556858	0.1867428163129858	LRRN3	0.26962036	False
3070	3.1615236990546762	0.6582087930626389	0.20819353442121885	DOCK4	0.2696209	False
3071	3.1392271294673484	0.6839336003564975	0.21786687364432425	DOCK4-AS1	0.26962098	False
3072	3.4004585204115343	0.8878746707223351	0.2611043967726098	ZNF277	0.26962292	False
3073	3.4004585204115343	0.8878746707223351	0.2611043967726098	IFRD1	0.26962292	False
3074	3.4004585204115343	0.8878746707223351	0.2611043967726098	LSMEM1	0.26962292	False
3075	3.4004585204115343	0.8878746707223351	0.2611043967726098	LOC101928012	0.26962292	False
3076	3.4004585204115343	0.8878746707223351	0.2611043967726098	TMEM168	0.26962292	False
3077	3.183324410654833	0.6891607985421201	0.2164909100170393	BMT2	0.2696211	False
3078	3.183324410654833	0.6891607985421201	0.2164909100170393	HRAT17	0.2696211	False
3079	3.183324410654833	0.6891607985421201	0.2164909100170393	GPR85	0.2696211	False
3080	3.1453731584489635	0.7389082996381661	0.23491912164804452	SMIM30	0.26962122	False
3081	3.2776226178626997	0.7380447977676448	0.22517686866858252	PPP1R3A	0.26962155	False
3082	3.2776226178626997	0.7380447977676448	0.22517686866858252	FOXP2	0.26962155	False
3083	3.3062208677784772	0.8522754803242897	0.25777935425619414	MIR3666	0.2696222	False
3084	3.430037967683577	0.8631673500758428	0.2516495030691364	MDFIC	0.26962274	False
3085	3.430037967683577	0.8631673500758428	0.2516495030691364	LINC01392	0.26962274	False
3086	3.430037967683577	0.8631673500758428	0.2516495030691364	LINC01393	0.26962274	False
3087	3.5704526369247507	1.0275957248701686	0.2878054491587493	TFEC	0.2696244	False
3088	3.9134519185034526	1.4651808544357086	0.3743960280968547	TES	0.26962897	False
3089	3.9134519185034526	1.4651808544357086	0.3743960280968547	LOC102724434	0.26962897	False
3090	3.9134519185034526	1.4651808544357086	0.3743960280968547	CAV2	0.26962897	False
3091	3.9134519185034526	1.4651808544357086	0.3743960280968547	CAV1	0.26962897	False
3092	3.9134519185034526	1.4651808544357086	0.3743960280968547	LINC01510	0.26962897	False
3093	3.9134519185034526	1.4651808544357086	0.3743960280968547	MET	0.26962897	False
3094	3.6599558553569738	1.1205858413218421	0.3061746877852836	CAPZA2	0.26962543	False
3095	3.6599558553569738	1.1205858413218421	0.3061746877852836	ST7-AS1	0.26962543	False
3096	3.6599558553569738	1.1205858413218421	0.3061746877852836	ST7	0.26962543	False
3097	3.6599558553569738	1.1205858413218421	0.3061746877852836	ST7-OT4	0.26962543	False
3098	3.6599558553569738	1.1205858413218421	0.3061746877852836	MIR6132	0.26962543	False
3099	3.6599558553569738	1.1205858413218421	0.3061746877852836	ST7-AS2	0.26962543	False
3100	3.6197862969721424	1.1383987893350829	0.3144933694807685	ST7-OT3	0.2696254	False
3101	3.6197862969721424	1.1383987893350829	0.3144933694807685	WNT2	0.2696254	False
3102	3.6197862969721424	1.1383987893350829	0.3144933694807685	ASZ1	0.2696254	False
3103	3.6197862969721424	1.1383987893350829	0.3144933694807685	CFTR	0.2696254	False
3104	3.6197862969721424	1.1383987893350829	0.3144933694807685	CTTNBP2	0.2696254	False
3105	3.331753145020079	0.8781041615353358	0.263556188983516	LSM8	0.26962242	False
3106	3.331753145020079	0.8781041615353358	0.263556188983516	ANKRD7	0.26962242	False
3107	3.1590148476253246	0.7483058644583042	0.2368795021716394	LINC02476	0.26962137	False
3108	3.27737507991842	0.9407277123941337	0.2870369394575216	KCND2	0.26962262	False
3109	3.27737507991842	0.9407277123941337	0.2870369394575216	TSPAN12	0.26962262	False
3110	3.2669741985397307	0.798908823914612	0.24454090401806897	ING3	0.26962197	False
3111	3.2669741985397307	0.798908823914612	0.24454090401806897	CPED1	0.26962197	False
3112	3.328696829096458	0.8701927029402041	0.261421435359858	WNT16	0.26962242	False
3113	3.328696829096458	0.8701927029402041	0.261421435359858	FAM3C	0.26962242	False
3114	3.360316755557956	0.8017547598415506	0.23859499510439014	PTPRZ1	0.2696222	False
3115	3.360316755557956	0.8017547598415506	0.23859499510439014	AASS	0.2696222	False
3116	3.4562290731034992	0.91991731708733	0.2661621372975999	FEZF1	0.2696233	False
3117	3.4562290731034992	0.91991731708733	0.2661621372975999	FEZF1-AS1	0.2696233	False
3118	3.4562290731034992	0.91991731708733	0.2661621372975999	CADPS2	0.2696233	False
3119	3.4562290731034992	0.91991731708733	0.2661621372975999	RNF133	0.2696233	False
3120	3.4562290731034992	0.91991731708733	0.2661621372975999	RNF148	0.2696233	False
3121	3.4115433767524994	0.8588422495173824	0.25174595620558327	TAS2R16	0.2696228	False
3122	3.530015650255693	1.0515186644705696	0.29787932084505175	SLC13A1	0.26962432	False
3123	3.530015650255693	1.0515186644705696	0.29787932084505175	IQUB	0.26962432	False
3124	3.530015650255693	1.0515186644705696	0.29787932084505175	NDUFA5	0.26962432	False
3125	3.530015650255693	1.0515186644705696	0.29787932084505175	ASB15	0.26962432	False
3126	3.530015650255693	1.0515186644705696	0.29787932084505175	LOC102724555	0.26962432	False
3127	3.530015650255693	1.0515186644705696	0.29787932084505175	LMOD2	0.26962432	False
3128	3.530015650255693	1.0515186644705696	0.29787932084505175	WASL	0.26962432	False
3129	3.530015650255693	1.0515186644705696	0.29787932084505175	HYAL4	0.26962432	False
3130	3.1661102449778813	0.6873774043935809	0.21710469668070037	SPAM1	0.269621	False
3131	3.1661102449778813	0.6873774043935809	0.21710469668070037	LOC105375483	0.269621	False
3132	3.1661102449778813	0.6873774043935809	0.21710469668070037	TMEM229A	0.269621	False
3133	3.097394641367526	0.702208027704372	0.22670925374699463	LOC101928211	0.2696209	False
3134	3.097394641367526	0.702208027704372	0.22670925374699463	GPR37	0.2696209	False
3135	3.097394641367526	0.702208027704372	0.22670925374699463	C7orf77	0.2696209	False
3136	2.930907020841155	0.3797670841364811	0.12957322816316771	EXOC4	0.2696191	False
3137	3.2710512069490436	0.632467809587632	0.19335307507385183	LRGUK	0.26962116	False
3138	3.2710512069490436	0.632467809587632	0.19335307507385183	SLC35B4	0.26962116	False
3139	3.2710512069490436	0.632467809587632	0.19335307507385183	AKR1B1	0.26962116	False
3140	3.2710512069490436	0.632467809587632	0.19335307507385183	AKR1B10	0.26962116	False
3141	3.2710512069490436	0.632467809587632	0.19335307507385183	AKR1B15	0.26962116	False
3142	3.2710512069490436	0.632467809587632	0.19335307507385183	BPGM	0.26962116	False
3143	3.0088338594903883	0.4381941446403711	0.1456358726016826	CALD1	0.26961958	False
3144	3.0088338594903883	0.4381941446403711	0.1456358726016826	AGBL3	0.26961958	False
3145	3.0088338594903883	0.4381941446403711	0.1456358726016826	CYREN	0.26961958	False
3146	3.1358068896620805	0.5438427005758358	0.1734299080624959	TMEM140	0.26962027	False
3147	3.1358068896620805	0.5438427005758358	0.1734299080624959	WDR91	0.26962027	False
3148	3.1358068896620805	0.5438427005758358	0.1734299080624959	MIR6509	0.26962027	False
3149	3.1358068896620805	0.5438427005758358	0.1734299080624959	STRA8	0.26962027	False
3150	3.1358068896620805	0.5438427005758358	0.1734299080624959	CNOT4	0.26962027	False
3151	3.1358068896620805	0.5438427005758358	0.1734299080624959	NUP205	0.26962027	False
3152	3.1358068896620805	0.5438427005758358	0.1734299080624959	STMP1	0.26962027	False
3153	3.1358068896620805	0.5438427005758358	0.1734299080624959	SLC13A4	0.26962027	False
3154	3.1358068896620805	0.5438427005758358	0.1734299080624959	FAM180A	0.26962027	False
3155	3.00481484126332	0.40896954998549157	0.13610474241852044	LUZP6	0.2696194	False
3156	2.8511107706130194	0.30909365758876906	0.10841166214047537	LOC349160	0.2696187	False
3157	2.8511107706130194	0.30909365758876906	0.10841166214047537	CHRM2	0.2696187	False
3158	2.8511107706130194	0.30909365758876906	0.10841166214047537	MIR490	0.2696187	False
3159	3.0137058306193136	0.423263504236228	0.140446190844462	MIR4468	0.2696195	False
3160	3.0137058306193136	0.423263504236228	0.140446190844462	TRIM24	0.2696195	False
3161	3.0137058306193136	0.423263504236228	0.140446190844462	SVOPL	0.2696195	False
3162	3.0137058306193136	0.423263504236228	0.140446190844462	ATP6V0A4	0.2696195	False
3163	3.0137058306193136	0.423263504236228	0.140446190844462	TMEM213	0.2696195	False
3164	2.9366051613871846	0.3533975239678297	0.12034219942625615	KIAA1549	0.26961908	False
3165	2.9366051613871846	0.3533975239678297	0.12034219942625615	ZC3HAV1L	0.26961908	False
3166	2.9366051613871846	0.3533975239678297	0.12034219942625615	ZC3HAV1	0.26961908	False
3167	3.0253237802586876	0.4019523266792517	0.1328625812886982	TTC26	0.2696195	False
3168	3.0253237802586876	0.4019523266792517	0.1328625812886982	UBN2	0.2696195	False
3169	3.0253237802586876	0.4019523266792517	0.1328625812886982	FMC1	0.2696195	False
3170	3.0253237802586876	0.4019523266792517	0.1328625812886982	LUC7L2	0.2696195	False
3171	3.0253237802586876	0.4019523266792517	0.1328625812886982	C7orf55-LUC7L2	0.2696195	False
3172	3.0253237802586876	0.4019523266792517	0.1328625812886982	KLRG2	0.2696195	False
3173	3.0253237802586876	0.4019523266792517	0.1328625812886982	CLEC2L	0.2696195	False
3174	3.0253237802586876	0.4019523266792517	0.1328625812886982	HIPK2	0.2696195	False
3175	2.8603985382673813	0.2991486911442533	0.10458287093289298	TBXAS1	0.2696187	False
3176	2.8603985382673813	0.2991486911442533	0.10458287093289298	PARP12	0.2696187	False
3177	2.8603985382673813	0.2991486911442533	0.10458287093289298	KDM7A	0.2696187	False
3178	2.8539413934578493	0.3158833104289756	0.11068318051417653	KDM7A-DT	0.26961872	False
3179	2.8539413934578493	0.3158833104289756	0.11068318051417653	SLC37A3	0.26961872	False
3180	2.8539413934578493	0.3158833104289756	0.11068318051417653	RAB19	0.26961872	False
3181	2.8539413934578493	0.3158833104289756	0.11068318051417653	MKRN1	0.26961872	False
3182	2.8539413934578493	0.3158833104289756	0.11068318051417653	DENND2A	0.26961872	False
3183	2.8539413934578493	0.3158833104289756	0.11068318051417653	ADCK2	0.26961872	False
3184	2.8539413934578493	0.3158833104289756	0.11068318051417653	NDUFB2	0.26961872	False
3185	2.8539413934578493	0.3158833104289756	0.11068318051417653	NDUFB2-AS1	0.26961872	False
3186	2.8539413934578493	0.3158833104289756	0.11068318051417653	BRAF	0.26961872	False
3187	2.8539413934578493	0.3158833104289756	0.11068318051417653	MRPS33	0.26961872	False
3188	2.8539413934578493	0.3158833104289756	0.11068318051417653	TMEM178B	0.26961872	False
3189	2.810932229543763	0.27414073508229536	0.09752662558029392	ZNF425	0.26961845	False
3190	2.810932229543763	0.27414073508229536	0.09752662558029392	ZNF398	0.26961845	False
3191	2.810932229543763	0.27414073508229536	0.09752662558029392	ZNF282	0.26961845	False
3192	2.810932229543763	0.27414073508229536	0.09752662558029392	ZNF212	0.26961845	False
3193	2.810932229543763	0.27414073508229536	0.09752662558029392	ZNF783	0.26961845	False
3194	2.810932229543763	0.27414073508229536	0.09752662558029392	LOC155060	0.26961845	False
3195	2.810932229543763	0.27414073508229536	0.09752662558029392	ZNF777	0.26961845	False
3196	2.810932229543763	0.27414073508229536	0.09752662558029392	ZNF746	0.26961845	False
3197	2.810932229543763	0.27414073508229536	0.09752662558029392	KRBA1	0.26961845	False
3198	2.810932229543763	0.27414073508229536	0.09752662558029392	ZNF467	0.26961845	False
3199	2.810932229543763	0.27414073508229536	0.09752662558029392	SSPO	0.26961845	False
3200	2.810932229543763	0.27414073508229536	0.09752662558029392	ZNF862	0.26961845	False
3201	2.810932229543763	0.27414073508229536	0.09752662558029392	ATP6V0E2-AS1	0.26961845	False
3202	2.810932229543763	0.27414073508229536	0.09752662558029392	ATP6V0E2	0.26961845	False
3203	3.131030846139306	0.4218366512383036	0.13472772130573102	ACTR3C	0.26961973	False
3204	3.131030846139306	0.4218366512383036	0.13472772130573102	LRRC61	0.26961973	False
3205	3.131030846139306	0.4218366512383036	0.13472772130573102	ZBED6CL	0.26961973	False
3206	3.131030846139306	0.4218366512383036	0.13472772130573102	RARRES2	0.26961973	False
3207	3.131030846139306	0.4218366512383036	0.13472772130573102	REPIN1	0.26961973	False
3208	3.131030846139306	0.4218366512383036	0.13472772130573102	ZNF775	0.26961973	False
3209	3.131030846139306	0.4218366512383036	0.13472772130573102	LOC728743	0.26961973	False
3210	3.131030846139306	0.4218366512383036	0.13472772130573102	LINC00996	0.26961973	False
3211	3.131030846139306	0.4218366512383036	0.13472772130573102	GIMAP8	0.26961973	False
3212	3.131030846139306	0.4218366512383036	0.13472772130573102	GIMAP7	0.26961973	False
3213	3.131030846139306	0.4218366512383036	0.13472772130573102	GIMAP4	0.26961973	False
3214	3.131030846139306	0.4218366512383036	0.13472772130573102	GIMAP6	0.26961973	False
3215	3.131030846139306	0.4218366512383036	0.13472772130573102	GIMAP2	0.26961973	False
3216	3.131030846139306	0.4218366512383036	0.13472772130573102	GIMAP1	0.26961973	False
3217	3.131030846139306	0.4218366512383036	0.13472772130573102	GIMAP1-GIMAP5	0.26961973	False
3218	3.131030846139306	0.4218366512383036	0.13472772130573102	GIMAP5	0.26961973	False
3219	3.131030846139306	0.4218366512383036	0.13472772130573102	TMEM176B	0.26961973	False
3220	3.131030846139306	0.4218366512383036	0.13472772130573102	TMEM176A	0.26961973	False
3221	3.131030846139306	0.4218366512383036	0.13472772130573102	AOC1	0.26961973	False
3222	3.040140627544193	0.36468045533043153	0.11995512708404485	KCNH2	0.2696193	False
3223	3.040140627544193	0.36468045533043153	0.11995512708404485	NOS3	0.2696193	False
3224	3.040140627544193	0.36468045533043153	0.11995512708404485	ATG9B	0.2696193	False
3225	3.040140627544193	0.36468045533043153	0.11995512708404485	ABCB8	0.2696193	False
3226	3.040140627544193	0.36468045533043153	0.11995512708404485	ASIC3	0.2696193	False
3227	3.040140627544193	0.36468045533043153	0.11995512708404485	CDK5	0.2696193	False
3228	3.040140627544193	0.36468045533043153	0.11995512708404485	SLC4A2	0.2696193	False
3229	3.040140627544193	0.36468045533043153	0.11995512708404485	FASTK	0.2696193	False
3230	3.040140627544193	0.36468045533043153	0.11995512708404485	TMUB1	0.2696193	False
3231	3.040140627544193	0.36468045533043153	0.11995512708404485	AGAP3	0.2696193	False
3232	3.14188479643083	0.4442336699112639	0.1413908206996997	GBX1	0.2696199	False
3233	3.14188479643083	0.4442336699112639	0.1413908206996997	ASB10	0.2696199	False
3234	3.14188479643083	0.4442336699112639	0.1413908206996997	IQCA1L	0.2696199	False
3235	3.14188479643083	0.4442336699112639	0.1413908206996997	ABCF2	0.2696199	False
3236	3.14188479643083	0.4442336699112639	0.1413908206996997	CHPF2	0.2696199	False
3237	3.14188479643083	0.4442336699112639	0.1413908206996997	MIR671	0.2696199	False
3238	3.14188479643083	0.4442336699112639	0.1413908206996997	SMARCD3	0.2696199	False
3239	3.14188479643083	0.4442336699112639	0.1413908206996997	NUB1	0.2696199	False
3240	3.14188479643083	0.4442336699112639	0.1413908206996997	WDR86	0.2696199	False
3241	3.14188479643083	0.4442336699112639	0.1413908206996997	WDR86-AS1	0.2696199	False
3242	3.14188479643083	0.4442336699112639	0.1413908206996997	CRYGN	0.2696199	False
3243	3.14188479643083	0.4442336699112639	0.1413908206996997	MIR3907	0.2696199	False
3244	3.14188479643083	0.4442336699112639	0.1413908206996997	RHEB	0.2696199	False
3245	3.14188479643083	0.4442336699112639	0.1413908206996997	PRKAG2	0.2696199	False
3246	3.14188479643083	0.4442336699112639	0.1413908206996997	PRKAG2-AS1	0.2696199	False
3247	2.910255215295524	0.6284719812177135	0.21595081349382442	FABP5	0.26962027	False
3248	2.910255215295524	0.6284719812177135	0.21595081349382442	PMP2	0.26962027	False
3249	2.910255215295524	0.6284719812177135	0.21595081349382442	FABP9	0.26962027	False
3250	2.910255215295524	0.6284719812177135	0.21595081349382442	FABP4	0.26962027	False
3251	2.910255215295524	0.6284719812177135	0.21595081349382442	FABP12	0.26962027	False
3252	2.910255215295524	0.6284719812177135	0.21595081349382442	IMPA1	0.26962027	False
3253	2.910255215295524	0.6284719812177135	0.21595081349382442	SLC10A5	0.26962027	False
3254	2.910255215295524	0.6284719812177135	0.21595081349382442	ZFAND1	0.26962027	False
3255	2.910255215295524	0.6284719812177135	0.21595081349382442	CHMP4C	0.26962027	False
3256	2.910255215295524	0.6284719812177135	0.21595081349382442	SNX16	0.26962027	False
3257	2.786702300866022	0.39351000016896415	0.1412099168420944	MIR5680	0.26961905	False
3258	2.786702300866022	0.39351000016896415	0.1412099168420944	RRM2B	0.26961905	False
3259	2.786702300866022	0.39351000016896415	0.1412099168420944	UBR5-AS1	0.26961905	False
3260	2.786702300866022	0.39351000016896415	0.1412099168420944	UBR5	0.26961905	False
3261	2.786702300866022	0.39351000016896415	0.1412099168420944	ODF1	0.26961905	False
3262	2.786702300866022	0.39351000016896415	0.1412099168420944	KLF10	0.26961905	False
3263	2.786702300866022	0.39351000016896415	0.1412099168420944	AZIN1	0.26961905	False
3264	2.753785303828654	0.3045985055976961	0.11061083998603866	ZHX2	0.26961857	False
3265	2.753785303828654	0.3045985055976961	0.11061083998603866	DERL1	0.26961857	False
3266	2.753785303828654	0.3045985055976961	0.11061083998603866	TBC1D31	0.26961857	False
3267	2.967796044296501	0.4200158809020631	0.1415245099841844	FAM83A	0.2696194	False
3268	2.967796044296501	0.4200158809020631	0.1415245099841844	FAM83A-AS1	0.2696194	False
3269	2.967796044296501	0.4200158809020631	0.1415245099841844	MIR4663	0.2696194	False
3270	2.967796044296501	0.4200158809020631	0.1415245099841844	C8orf76	0.2696194	False
3271	2.967796044296501	0.4200158809020631	0.1415245099841844	ZHX1-C8orf76	0.2696194	False
3272	2.967796044296501	0.4200158809020631	0.1415245099841844	ZHX1	0.2696194	False
3273	2.967796044296501	0.4200158809020631	0.1415245099841844	ATAD2	0.2696194	False
3274	2.967796044296501	0.4200158809020631	0.1415245099841844	MIR548AA1	0.2696194	False
3275	2.967796044296501	0.4200158809020631	0.1415245099841844	WDYHV1	0.2696194	False
3276	2.967796044296501	0.4200158809020631	0.1415245099841844	FBXO32	0.2696194	False
3277	2.967796044296501	0.4200158809020631	0.1415245099841844	KLHL38	0.2696194	False
3278	2.967796044296501	0.4200158809020631	0.1415245099841844	ANXA13	0.2696194	False
3279	2.967796044296501	0.4200158809020631	0.1415245099841844	FAM91A1	0.2696194	False
3280	2.8738309930836134	0.34432256860623117	0.11981308902120716	FER1L6	0.26961887	False
3281	2.8738309930836134	0.34432256860623117	0.11981308902120716	FER1L6-AS1	0.26961887	False
3282	2.8738309930836134	0.34432256860623117	0.11981308902120716	FER1L6-AS2	0.26961887	False
3283	2.9740294870302626	0.4086118845900002	0.13739335348622328	LOC101927588	0.2696193	False
3284	2.9740294870302626	0.4086118845900002	0.13739335348622328	TMEM65	0.2696193	False
3285	2.9740294870302626	0.4086118845900002	0.13739335348622328	TRMT12	0.2696193	False
3286	2.9740294870302626	0.4086118845900002	0.13739335348622328	RNF139-AS1	0.2696193	False
3287	2.9740294870302626	0.4086118845900002	0.13739335348622328	RNF139	0.2696193	False
3288	2.9740294870302626	0.4086118845900002	0.13739335348622328	TATDN1	0.2696193	False
3289	2.9740294870302626	0.4086118845900002	0.13739335348622328	NDUFB9	0.2696193	False
3290	2.9740294870302626	0.4086118845900002	0.13739335348622328	MTSS1	0.2696193	False
3291	2.9740294870302626	0.4086118845900002	0.13739335348622328	MIR4662B	0.2696193	False
3292	2.8029281535702735	0.30662920323847204	0.1093960267400712	LINC00964	0.26961857	False
3293	2.8029281535702735	0.30662920323847204	0.1093960267400712	ZNF572	0.26961857	False
3294	2.8029281535702735	0.30662920323847204	0.1093960267400712	LOC105375744	0.26961857	False
3295	2.8029281535702735	0.30662920323847204	0.1093960267400712	SQLE	0.26961857	False
3296	2.8029281535702735	0.30662920323847204	0.1093960267400712	WASHC5	0.26961857	False
3297	2.8029281535702735	0.30662920323847204	0.1093960267400712	NSMCE2	0.26961857	False
3298	2.796232185894403	0.3331567619242644	0.11914488489363442	TRIB1	0.26961875	False
3299	2.765908578724888	0.27669609480316015	0.10003804787022999	MAF1	0.26961848	False
3300	2.765908578724888	0.27669609480316015	0.10003804787022999	WDR97	0.26961848	False
3301	2.765908578724888	0.27669609480316015	0.10003804787022999	HGH1	0.26961848	False
3302	2.765908578724888	0.27669609480316015	0.10003804787022999	MROH1	0.26961848	False
3303	2.765908578724888	0.27669609480316015	0.10003804787022999	BOP1	0.26961848	False
3304	2.765908578724888	0.27669609480316015	0.10003804787022999	MIR7112	0.26961848	False
3305	2.765908578724888	0.27669609480316015	0.10003804787022999	SCX	0.26961848	False
3306	2.765908578724888	0.27669609480316015	0.10003804787022999	HSF1	0.26961848	False
3307	2.765908578724888	0.27669609480316015	0.10003804787022999	DGAT1	0.26961848	False
3308	2.765908578724888	0.27669609480316015	0.10003804787022999	MIR6848	0.26961848	False
3309	2.765908578724888	0.27669609480316015	0.10003804787022999	SCRT1	0.26961848	False
3310	2.765908578724888	0.27669609480316015	0.10003804787022999	TMEM249	0.26961848	False
3311	2.765908578724888	0.27669609480316015	0.10003804787022999	SLC52A2	0.26961848	False
3312	2.765908578724888	0.27669609480316015	0.10003804787022999	FBXL6	0.26961848	False
3313	2.765908578724888	0.27669609480316015	0.10003804787022999	ADCK5	0.26961848	False
3314	2.765908578724888	0.27669609480316015	0.10003804787022999	CPSF1	0.26961848	False
3315	2.765908578724888	0.27669609480316015	0.10003804787022999	MIR939	0.26961848	False
3316	2.765908578724888	0.27669609480316015	0.10003804787022999	MIR1234	0.26961848	False
3317	2.765908578724888	0.27669609480316015	0.10003804787022999	MIR6849	0.26961848	False
3318	2.765908578724888	0.27669609480316015	0.10003804787022999	SLC39A4	0.26961848	False
3319	2.765908578724888	0.27669609480316015	0.10003804787022999	VPS28	0.26961848	False
3320	2.765908578724888	0.27669609480316015	0.10003804787022999	TONSL	0.26961848	False
3321	2.765908578724888	0.27669609480316015	0.10003804787022999	MIR6893	0.26961848	False
3322	2.765908578724888	0.27669609480316015	0.10003804787022999	TONSL-AS1	0.26961848	False
3323	2.765908578724888	0.27669609480316015	0.10003804787022999	CYHR1	0.26961848	False
3324	2.765908578724888	0.27669609480316015	0.10003804787022999	KIFC2	0.26961848	False
3325	2.765908578724888	0.27669609480316015	0.10003804787022999	FOXH1	0.26961848	False
3326	2.765908578724888	0.27669609480316015	0.10003804787022999	PPP1R16A	0.26961848	False
3327	2.765908578724888	0.27669609480316015	0.10003804787022999	GPT	0.26961848	False
3328	2.765908578724888	0.27669609480316015	0.10003804787022999	MFSD3	0.26961848	False
3329	2.765908578724888	0.27669609480316015	0.10003804787022999	RECQL4	0.26961848	False
3330	2.765908578724888	0.27669609480316015	0.10003804787022999	LRRC14	0.26961848	False
3331	2.765908578724888	0.27669609480316015	0.10003804787022999	LRRC24	0.26961848	False
3332	2.765908578724888	0.27669609480316015	0.10003804787022999	C8orf82	0.26961848	False
3333	2.765908578724888	0.27669609480316015	0.10003804787022999	ARHGAP39	0.26961848	False
3334	2.765908578724888	0.27669609480316015	0.10003804787022999	ZNF251	0.26961848	False
3335	2.765908578724888	0.27669609480316015	0.10003804787022999	ZNF34	0.26961848	False
3336	2.765908578724888	0.27669609480316015	0.10003804787022999	RPL8	0.26961848	False
3337	2.765908578724888	0.27669609480316015	0.10003804787022999	MIR6850	0.26961848	False
3338	2.765908578724888	0.27669609480316015	0.10003804787022999	ZNF517	0.26961848	False
3339	2.765908578724888	0.27669609480316015	0.10003804787022999	ZNF7	0.26961848	False
3340	2.765908578724888	0.27669609480316015	0.10003804787022999	COMMD5	0.26961848	False
3341	2.765908578724888	0.27669609480316015	0.10003804787022999	ZNF250	0.26961848	False
3342	2.765908578724888	0.27669609480316015	0.10003804787022999	ZNF16	0.26961848	False
3343	2.765908578724888	0.27669609480316015	0.10003804787022999	ZNF252P-AS1	0.26961848	False
3344	2.765908578724888	0.27669609480316015	0.10003804787022999	C8orf33	0.26961848	False
3345	2.870727290694906	0.4416362738221517	0.15384124965602236	TRPM3	0.26961938	False
3346	2.870727290694906	0.4416362738221517	0.15384124965602236	CEMIP2	0.26961938	False
3347	2.8442292004350955	0.414365258819086	0.14568631063758805	ABHD17B	0.26961926	False
3348	2.8442292004350955	0.414365258819086	0.14568631063758805	C9orf85	0.26961926	False
3349	2.8442292004350955	0.414365258819086	0.14568631063758805	C9orf57	0.26961926	False
3350	3.0061816258018057	0.5636099736979588	0.18748367326196844	GDA	0.26962012	False
3351	3.0061816258018057	0.5636099736979588	0.18748367326196844	LINC01504	0.26962012	False
3352	3.0061816258018057	0.5636099736979588	0.18748367326196844	ZFAND5	0.26962012	False
3353	3.0061816258018057	0.5636099736979588	0.18748367326196844	TMC1	0.26962012	False
3354	3.0061816258018057	0.5636099736979588	0.18748367326196844	LINC01474	0.26962012	False
3355	2.907303566652054	0.373018583781979	0.128303967999989	LINC00702	0.2696191	False
3356	2.907303566652054	0.373018583781979	0.128303967999989	LINC00703	0.2696191	False
3357	2.907303566652054	0.373018583781979	0.128303967999989	MANCR	0.2696191	False
3358	2.907303566652054	0.373018583781979	0.128303967999989	LINC00705	0.2696191	False
3359	2.907303566652054	0.373018583781979	0.128303967999989	AKR1E2	0.2696191	False
3360	2.890187961645205	0.3410881275608139	0.11801589795794927	AKR1C2	0.26961896	False
3361	2.890187961645205	0.3410881275608139	0.11801589795794927	AKR1C1	0.26961896	False
3362	2.890187961645205	0.3410881275608139	0.11801589795794927	AKR1C3	0.26961896	False
3363	3.1408934332338525	0.5004592208671262	0.15933658097780645	AKR1C4	0.26962018	False
3364	3.1408934332338525	0.5004592208671262	0.15933658097780645	UCN3	0.26962018	False
3365	3.1408934332338525	0.5004592208671262	0.15933658097780645	TUBAL3	0.26962018	False
3366	3.1408934332338525	0.5004592208671262	0.15933658097780645	NET1	0.26962018	False
3367	3.1408934332338525	0.5004592208671262	0.15933658097780645	CALML5	0.26962018	False
3368	3.1408934332338525	0.5004592208671262	0.15933658097780645	CALML3-AS1	0.26962018	False
3369	3.1408934332338525	0.5004592208671262	0.15933658097780645	CALML3	0.26962018	False
3370	3.1408934332338525	0.5004592208671262	0.15933658097780645	LOC105376382	0.26962018	False
3371	3.1408934332338525	0.5004592208671262	0.15933658097780645	ASB13	0.26962018	False
3372	3.1408934332338525	0.5004592208671262	0.15933658097780645	FAM208B	0.26962018	False
3373	3.1408934332338525	0.5004592208671262	0.15933658097780645	GDI2	0.26962018	False
3374	3.1408934332338525	0.5004592208671262	0.15933658097780645	ANKRD16	0.26962018	False
3375	2.8380087996142387	0.31298393242108313	0.11028293233749875	FBH1	0.26961872	False
3376	2.8380087996142387	0.31298393242108313	0.11028293233749875	IL15RA	0.26961872	False
3377	2.8380087996142387	0.31298393242108313	0.11028293233749875	IL2RA	0.26961872	False
3378	2.8380087996142387	0.31298393242108313	0.11028293233749875	RBM17	0.26961872	False
3379	2.935387287785663	0.40674365791059613	0.13856558540097347	MIR8086	0.26961926	False
3380	2.935387287785663	0.40674365791059613	0.13856558540097347	LOC105376468	0.26961926	False
3381	2.935387287785663	0.40674365791059613	0.13856558540097347	WAC-AS1	0.26961926	False
3382	2.935387287785663	0.40674365791059613	0.13856558540097347	WAC	0.26961926	False
3383	2.935387287785663	0.40674365791059613	0.13856558540097347	BAMBI	0.26961926	False
3384	2.935387287785663	0.40674365791059613	0.13856558540097347	LINC01517	0.26961926	False
3385	2.935387287785663	0.40674365791059613	0.13856558540097347	LINC00837	0.26961926	False
3386	2.935387287785663	0.40674365791059613	0.13856558540097347	C10orf126	0.26961926	False
3387	3.0545645025131742	0.4625253766206791	0.1514210540455543	LYZL1	0.26961982	False
3388	3.0545645025131742	0.4625253766206791	0.1514210540455543	SVIL-AS1	0.26961982	False
3389	3.0545645025131742	0.4625253766206791	0.1514210540455543	SVIL	0.26961982	False
3390	3.0545645025131742	0.4625253766206791	0.1514210540455543	MIR604	0.26961982	False
3391	3.0545645025131742	0.4625253766206791	0.1514210540455543	MIR938	0.26961982	False
3392	2.983279170487101	0.39884855240192013	0.13369467944791683	JCAD	0.26961938	False
3393	3.003591557581542	0.4294639544183659	0.14298347367981198	MTPAP	0.2696195	False
3394	3.003591557581542	0.4294639544183659	0.14298347367981198	GOLGA2P6	0.2696195	False
3395	3.003591557581542	0.4294639544183659	0.14298347367981198	MIR7162	0.2696195	False
3396	3.003591557581542	0.4294639544183659	0.14298347367981198	MAP3K8	0.2696195	False
3397	3.003591557581542	0.4294639544183659	0.14298347367981198	LYZL2	0.2696195	False
3398	3.003591557581542	0.4294639544183659	0.14298347367981198	LOC105376480	0.2696195	False
3399	3.0203748185848966	0.41146304005838635	0.1362291320688353	ZNF438	0.26961955	False
3400	3.058805318531538	0.4652466093643479	0.1521007586019571	LOC101929352	0.2696198	False
3401	3.058805318531538	0.4652466093643479	0.1521007586019571	ZEB1-AS1	0.2696198	False
3402	3.058805318531538	0.4652466093643479	0.1521007586019571	ZEB1	0.2696198	False
3403	2.959196407560525	0.3862271213596449	0.13051756901733982	ARHGAP12	0.2696193	False
3404	2.959196407560525	0.3862271213596449	0.13051756901733982	KIF5B	0.2696193	False
3405	2.9686366473460057	0.4314197650456489	0.14532589073551422	EPC1	0.2696195	False
3406	2.9686366473460057	0.4314197650456489	0.14532589073551422	LOC102031319	0.2696195	False
3407	2.9686366473460057	0.4314197650456489	0.14532589073551422	CCDC7	0.2696195	False
3408	2.829160475650003	0.33720916659239686	0.11919054061962416	ITGB1	0.26961878	False
3409	2.8302433012210875	0.3748281696922619	0.13243673062684932	NRP1	0.269619	False
3410	2.8302433012210875	0.3748281696922619	0.13243673062684932	LINC00838	0.269619	False
3411	2.7084166771424516	0.21078147296758554	0.07782461049899203	CHRM1	0.2696182	False
3412	2.7084166771424516	0.21078147296758554	0.07782461049899203	SLC22A6	0.2696182	False
3413	2.7084166771424516	0.21078147296758554	0.07782461049899203	SLC22A8	0.2696182	False
3414	2.7084166771424516	0.21078147296758554	0.07782461049899203	SLC22A24	0.2696182	False
3415	2.807197447654634	0.22852129672196525	0.08140549461987112	SLC22A10	0.26961824	False
3416	2.807197447654634	0.22852129672196525	0.08140549461987112	SLC22A25	0.26961824	False
3417	2.807197447654634	0.22852129672196525	0.08140549461987112	SLC22A9	0.26961824	False
3418	2.807197447654634	0.22852129672196525	0.08140549461987112	HRASLS5	0.26961824	False
3419	2.807197447654634	0.22852129672196525	0.08140549461987112	LGALS12	0.26961824	False
3420	2.807197447654634	0.22852129672196525	0.08140549461987112	RARRES3	0.26961824	False
3421	2.807197447654634	0.22852129672196525	0.08140549461987112	HRASLS2	0.26961824	False
3422	2.807197447654634	0.22852129672196525	0.08140549461987112	PLA2G16	0.26961824	False
3423	2.807197447654634	0.22852129672196525	0.08140549461987112	ATL3	0.26961824	False
3424	2.807197447654634	0.22852129672196525	0.08140549461987112	RTN3	0.26961824	False
3425	2.807197447654634	0.22852129672196525	0.08140549461987112	C11orf95	0.26961824	False
3426	2.807197447654634	0.22852129672196525	0.08140549461987112	SPINDOC	0.26961824	False
3427	2.939449459065874	0.24484011352303453	0.08329454781673373	MARK2	0.2696184	False
3428	2.939449459065874	0.24484011352303453	0.08329454781673373	RCOR2	0.2696184	False
3429	2.939449459065874	0.24484011352303453	0.08329454781673373	NAA40	0.2696184	False
3430	2.939449459065874	0.24484011352303453	0.08329454781673373	COX8A	0.2696184	False
3431	2.939449459065874	0.24484011352303453	0.08329454781673373	OTUB1	0.2696184	False
3432	2.939449459065874	0.24484011352303453	0.08329454781673373	MACROD1	0.2696184	False
3433	3.111235777029095	0.3142916183633511	0.10101825798090647	FLRT1	0.26961893	False
3434	3.111235777029095	0.3142916183633511	0.10101825798090647	STIP1	0.26961893	False
3435	3.111235777029095	0.3142916183633511	0.10101825798090647	FERMT3	0.26961893	False
3436	3.111235777029095	0.3142916183633511	0.10101825798090647	TRPT1	0.26961893	False
3437	3.111235777029095	0.3142916183633511	0.10101825798090647	NUDT22	0.26961893	False
3438	3.111235777029095	0.3142916183633511	0.10101825798090647	DNAJC4	0.26961893	False
3439	3.111235777029095	0.3142916183633511	0.10101825798090647	VEGFB	0.26961893	False
3440	3.111235777029095	0.3142916183633511	0.10101825798090647	FKBP2	0.26961893	False
3441	3.111235777029095	0.3142916183633511	0.10101825798090647	PPP1R14B	0.26961893	False
3442	3.111235777029095	0.3142916183633511	0.10101825798090647	LOC105369340	0.26961893	False
3443	3.111235777029095	0.3142916183633511	0.10101825798090647	PLCB3	0.26961893	False
3444	3.111235777029095	0.3142916183633511	0.10101825798090647	BAD	0.26961893	False
3445	3.111235777029095	0.3142916183633511	0.10101825798090647	GPR137	0.26961893	False
3446	3.111235777029095	0.3142916183633511	0.10101825798090647	KCNK4	0.26961893	False
3447	3.111235777029095	0.3142916183633511	0.10101825798090647	KCNK4-TEX40	0.26961893	False
3448	3.111235777029095	0.3142916183633511	0.10101825798090647	CATSPERZ	0.26961893	False
3449	3.111235777029095	0.3142916183633511	0.10101825798090647	ESRRA	0.26961893	False
3450	3.111235777029095	0.3142916183633511	0.10101825798090647	TRMT112	0.26961893	False
3451	3.111235777029095	0.3142916183633511	0.10101825798090647	PRDX5	0.26961893	False
3452	3.111235777029095	0.3142916183633511	0.10101825798090647	CCDC88B	0.26961893	False
3453	3.111235777029095	0.3142916183633511	0.10101825798090647	MIR7155	0.26961893	False
3454	3.111235777029095	0.3142916183633511	0.10101825798090647	RPS6KA4	0.26961893	False
3455	3.111235777029095	0.3142916183633511	0.10101825798090647	MIR1237	0.26961893	False
3456	3.111235777029095	0.3142916183633511	0.10101825798090647	LOC100996455	0.26961893	False
3457	3.111235777029095	0.3142916183633511	0.10101825798090647	SLC22A11	0.26961893	False
3458	3.111235777029095	0.3142916183633511	0.10101825798090647	SLC22A12	0.26961893	False
3459	3.111235777029095	0.3142916183633511	0.10101825798090647	NRXN2	0.26961893	False
3460	3.111235777029095	0.3142916183633511	0.10101825798090647	RASGRP2	0.26961893	False
3461	3.111235777029095	0.3142916183633511	0.10101825798090647	PYGM	0.26961893	False
3462	3.111235777029095	0.3142916183633511	0.10101825798090647	SF1	0.26961893	False
3463	3.111235777029095	0.3142916183633511	0.10101825798090647	MAP4K2	0.26961893	False
3464	3.111235777029095	0.3142916183633511	0.10101825798090647	MEN1	0.26961893	False
3465	3.111235777029095	0.3142916183633511	0.10101825798090647	CDC42BPG	0.26961893	False
3466	3.111235777029095	0.3142916183633511	0.10101825798090647	EHD1	0.26961893	False
3467	3.111235777029095	0.3142916183633511	0.10101825798090647	MIR194-2HG	0.26961893	False
3468	3.111235777029095	0.3142916183633511	0.10101825798090647	MIR192	0.26961893	False
3469	3.111235777029095	0.3142916183633511	0.10101825798090647	MIR194-2	0.26961893	False
3470	3.154337723476247	0.30374226944244664	0.09629351580898783	ATG2A	0.26961893	False
3471	3.111235777029095	0.3142916183633511	0.10101825798090647	MIR6750	0.26961893	False
3472	3.154337723476247	0.30374226944244664	0.09629351580898783	MIR6749	0.26961893	False
3473	3.154337723476247	0.30374226944244664	0.09629351580898783	PPP2R5B	0.26961893	False
3474	3.154337723476247	0.30374226944244664	0.09629351580898783	GPHA2	0.26961893	False
3475	3.154337723476247	0.30374226944244664	0.09629351580898783	MAJIN	0.26961893	False
3476	3.154337723476247	0.30374226944244664	0.09629351580898783	BATF2	0.26961893	False
3477	3.154337723476247	0.30374226944244664	0.09629351580898783	ARL2	0.26961893	False
3478	3.154337723476247	0.30374226944244664	0.09629351580898783	ARL2-SNX15	0.26961893	False
3479	3.154337723476247	0.30374226944244664	0.09629351580898783	MIR6879	0.26961893	False
3480	3.154337723476247	0.30374226944244664	0.09629351580898783	SNX15	0.26961893	False
3481	3.154337723476247	0.30374226944244664	0.09629351580898783	SAC3D1	0.26961893	False
3482	3.154337723476247	0.30374226944244664	0.09629351580898783	NAALADL1	0.26961893	False
3483	3.154337723476247	0.30374226944244664	0.09629351580898783	CDCA5	0.26961893	False
3484	3.154337723476247	0.30374226944244664	0.09629351580898783	ZFPL1	0.26961893	False
3485	3.154337723476247	0.30374226944244664	0.09629351580898783	TMEM262	0.26961893	False
3486	3.154337723476247	0.30374226944244664	0.09629351580898783	VPS51	0.26961893	False
3487	3.3160424884998694	0.3815305358021904	0.11505598529733839	TM7SF2	0.26961967	False
3488	3.3160424884998694	0.3815305358021904	0.11505598529733839	ZNHIT2	0.26961967	False
3489	3.3160424884998694	0.3815305358021904	0.11505598529733839	FAU	0.26961967	False
3490	3.3160424884998694	0.3815305358021904	0.11505598529733839	SYVN1	0.26961967	False
3491	3.3160424884998694	0.3815305358021904	0.11505598529733839	MRPL49	0.26961967	False
3492	3.3160424884998694	0.3815305358021904	0.11505598529733839	MIR6751	0.26961967	False
3493	3.3160424884998694	0.3815305358021904	0.11505598529733839	SPDYC	0.26961967	False
3494	3.3160424884998694	0.3815305358021904	0.11505598529733839	CAPN1	0.26961967	False
3495	3.3160424884998694	0.3815305358021904	0.11505598529733839	POLA2	0.26961967	False
3496	3.3160424884998694	0.3815305358021904	0.11505598529733839	CDC42EP2	0.26961967	False
3497	3.3160424884998694	0.3815305358021904	0.11505598529733839	DPF2	0.26961967	False
3498	3.3160424884998694	0.3815305358021904	0.11505598529733839	TIGD3	0.26961967	False
3499	3.3160424884998694	0.3815305358021904	0.11505598529733839	SLC25A45	0.26961967	False
3500	3.3160424884998694	0.3815305358021904	0.11505598529733839	FRMD8	0.26961967	False
3501	3.3160424884998694	0.3815305358021904	0.11505598529733839	NEAT1	0.26961967	False
3502	3.3160424884998694	0.3815305358021904	0.11505598529733839	MIR612	0.26961967	False
3503	3.3160424884998694	0.3815305358021904	0.11505598529733839	MALAT1	0.26961967	False
3504	3.3160424884998694	0.3815305358021904	0.11505598529733839	SCYL1	0.26961967	False
3505	3.3160424884998694	0.3815305358021904	0.11505598529733839	LTBP3	0.26961967	False
3506	3.3160424884998694	0.3815305358021904	0.11505598529733839	SSSCA1-AS1	0.26961967	False
3507	3.3160424884998694	0.3815305358021904	0.11505598529733839	SSSCA1	0.26961967	False
3508	3.3160424884998694	0.3815305358021904	0.11505598529733839	FAM89B	0.26961967	False
3509	3.3160424884998694	0.3815305358021904	0.11505598529733839	EHBP1L1	0.26961967	False
3510	3.3160424884998694	0.3815305358021904	0.11505598529733839	SIPA1	0.26961967	False
3511	3.3160424884998694	0.3815305358021904	0.11505598529733839	KCNK7	0.26961967	False
3512	3.3160424884998694	0.3815305358021904	0.11505598529733839	MAP3K11	0.26961967	False
3513	3.3160424884998694	0.3815305358021904	0.11505598529733839	PCNX3	0.26961967	False
3514	3.3160424884998694	0.3815305358021904	0.11505598529733839	MIR4690	0.26961967	False
3515	3.3160424884998694	0.3815305358021904	0.11505598529733839	MIR4489	0.26961967	False
3516	3.3160424884998694	0.3815305358021904	0.11505598529733839	RELA	0.26961967	False
3517	3.3160424884998694	0.3815305358021904	0.11505598529733839	KAT5	0.26961967	False
3518	3.3160424884998694	0.3815305358021904	0.11505598529733839	RNASEH2C	0.26961967	False
3519	3.3160424884998694	0.3815305358021904	0.11505598529733839	AP5B1	0.26961967	False
3520	3.3160424884998694	0.3815305358021904	0.11505598529733839	OVOL1	0.26961967	False
3521	3.3160424884998694	0.3815305358021904	0.11505598529733839	OVOL1-AS1	0.26961967	False
3522	3.3160424884998694	0.3815305358021904	0.11505598529733839	CFL1	0.26961967	False
3523	3.3160424884998694	0.3815305358021904	0.11505598529733839	SNX32	0.26961967	False
3524	3.3160424884998694	0.3815305358021904	0.11505598529733839	MUS81	0.26961967	False
3525	3.3160424884998694	0.3815305358021904	0.11505598529733839	EFEMP2	0.26961967	False
3526	3.3160424884998694	0.3815305358021904	0.11505598529733839	CTSW	0.26961967	False
3527	3.3160424884998694	0.3815305358021904	0.11505598529733839	FIBP	0.26961967	False
3528	3.3160424884998694	0.3815305358021904	0.11505598529733839	CCDC85B	0.26961967	False
3529	3.0700600149560384	0.28683107988827833	0.09342849276266854	FOSL1	0.26961875	False
3530	3.0700600149560384	0.28683107988827833	0.09342849276266854	C11orf68	0.26961875	False
3531	3.0700600149560384	0.28683107988827833	0.09342849276266854	DRAP1	0.26961875	False
3532	3.0700600149560384	0.28683107988827833	0.09342849276266854	TSGA10IP	0.26961875	False
3533	3.0700600149560384	0.28683107988827833	0.09342849276266854	SART1	0.26961875	False
3534	3.0700600149560384	0.28683107988827833	0.09342849276266854	EIF1AD	0.26961875	False
3535	3.0700600149560384	0.28683107988827833	0.09342849276266854	BANF1	0.26961875	False
3536	3.0700600149560384	0.28683107988827833	0.09342849276266854	CST6	0.26961875	False
3537	3.0700600149560384	0.28683107988827833	0.09342849276266854	CATSPER1	0.26961875	False
3538	3.0700600149560384	0.28683107988827833	0.09342849276266854	GAL3ST3	0.26961875	False
3539	3.0700600149560384	0.28683107988827833	0.09342849276266854	SF3B2	0.26961875	False
3540	3.0700600149560384	0.28683107988827833	0.09342849276266854	PACS1	0.26961875	False
3541	3.025819488811164	0.30582565993794997	0.10107201076231684	KLC2	0.26961878	False
3542	3.025819488811164	0.30582565993794997	0.10107201076231684	RAB1B	0.26961878	False
3543	3.025819488811164	0.30582565993794997	0.10107201076231684	CNIH2	0.26961878	False
3544	3.025819488811164	0.30582565993794997	0.10107201076231684	YIF1A	0.26961878	False
3545	3.025819488811164	0.30582565993794997	0.10107201076231684	TMEM151A	0.26961878	False
3546	3.025819488811164	0.30582565993794997	0.10107201076231684	CD248	0.26961878	False
3547	3.025819488811164	0.30582565993794997	0.10107201076231684	RIN1	0.26961878	False
3548	3.025819488811164	0.30582565993794997	0.10107201076231684	BRMS1	0.26961878	False
3549	3.025819488811164	0.30582565993794997	0.10107201076231684	B4GAT1	0.26961878	False
3550	3.025819488811164	0.30582565993794997	0.10107201076231684	SLC29A2	0.26961878	False
3551	3.025819488811164	0.30582565993794997	0.10107201076231684	NPAS4	0.26961878	False
3552	3.025819488811164	0.30582565993794997	0.10107201076231684	MRPL11	0.26961878	False
3553	3.025819488811164	0.30582565993794997	0.10107201076231684	PELI3	0.26961878	False
3554	3.025819488811164	0.30582565993794997	0.10107201076231684	LOC101928069	0.26961878	False
3555	3.025819488811164	0.30582565993794997	0.10107201076231684	DPP3	0.26961878	False
3556	3.025819488811164	0.30582565993794997	0.10107201076231684	BBS1	0.26961878	False
3557	3.025819488811164	0.30582565993794997	0.10107201076231684	ZDHHC24	0.26961878	False
3558	3.025819488811164	0.30582565993794997	0.10107201076231684	ACTN3	0.26961878	False
3559	3.025819488811164	0.30582565993794997	0.10107201076231684	CTSF	0.26961878	False
3560	3.025819488811164	0.30582565993794997	0.10107201076231684	CCDC87	0.26961878	False
3561	3.025819488811164	0.30582565993794997	0.10107201076231684	CCS	0.26961878	False
3562	3.025819488811164	0.30582565993794997	0.10107201076231684	RBM14	0.26961878	False
3563	3.025819488811164	0.30582565993794997	0.10107201076231684	RBM14-RBM4	0.26961878	False
3564	3.025819488811164	0.30582565993794997	0.10107201076231684	RBM4	0.26961878	False
3565	3.025819488811164	0.30582565993794997	0.10107201076231684	RBM4B	0.26961878	False
3566	3.025819488811164	0.30582565993794997	0.10107201076231684	SPTBN2	0.26961878	False
3567	3.025819488811164	0.30582565993794997	0.10107201076231684	C11orf80	0.26961878	False
3568	3.025819488811164	0.30582565993794997	0.10107201076231684	RCE1	0.26961878	False
3569	2.7824509973945957	0.21829813364078926	0.07845533806172944	PC	0.26961818	False
3570	3.025819488811164	0.30582565993794997	0.10107201076231684	LRFN4	0.26961878	False
3571	2.7824509973945957	0.21829813364078926	0.07845533806172944	MIR3163	0.26961818	False
3572	2.7824509973945957	0.21829813364078926	0.07845533806172944	C11orf86	0.26961818	False
3573	2.7824509973945957	0.21829813364078926	0.07845533806172944	SYT12	0.26961818	False
3574	2.7824509973945957	0.21829813364078926	0.07845533806172944	RHOD	0.26961818	False
3575	2.6241675430809908	0.19770519884778198	0.07534015858440946	KDM2A	0.269618	False
3576	2.6241675430809908	0.19770519884778198	0.07534015858440946	GRK2	0.269618	False
3577	2.6241675430809908	0.19770519884778198	0.07534015858440946	ANKRD13D	0.269618	False
3578	2.6241675430809908	0.19770519884778198	0.07534015858440946	SSH3	0.269618	False
3579	2.6241675430809908	0.19770519884778198	0.07534015858440946	LOC100130987	0.269618	False
3580	2.6241675430809908	0.19770519884778198	0.07534015858440946	POLD4	0.269618	False
3581	2.6241675430809908	0.19770519884778198	0.07534015858440946	CLCF1	0.269618	False
3582	2.6241675430809908	0.19770519884778198	0.07534015858440946	RAD9A	0.269618	False
3583	2.6241675430809908	0.19770519884778198	0.07534015858440946	PPP1CA	0.269618	False
3584	2.6241675430809908	0.19770519884778198	0.07534015858440946	TBC1D10C	0.269618	False
3585	2.6241675430809908	0.19770519884778198	0.07534015858440946	CARNS1	0.269618	False
3586	2.6241675430809908	0.19770519884778198	0.07534015858440946	RPS6KB2	0.269618	False
3587	2.6241675430809908	0.19770519884778198	0.07534015858440946	PTPRCAP	0.269618	False
3588	2.6241675430809908	0.19770519884778198	0.07534015858440946	CORO1B	0.269618	False
3589	2.6241675430809908	0.19770519884778198	0.07534015858440946	GPR152	0.269618	False
3590	2.6241675430809908	0.19770519884778198	0.07534015858440946	CABP4	0.269618	False
3591	2.6241675430809908	0.19770519884778198	0.07534015858440946	TMEM134	0.269618	False
3592	2.6241675430809908	0.19770519884778198	0.07534015858440946	AIP	0.269618	False
3593	2.6241675430809908	0.19770519884778198	0.07534015858440946	MIR6752	0.269618	False
3594	2.6241675430809908	0.19770519884778198	0.07534015858440946	PITPNM1	0.269618	False
3595	2.6241675430809908	0.19770519884778198	0.07534015858440946	CDK2AP2	0.269618	False
3596	2.6241675430809908	0.19770519884778198	0.07534015858440946	CABP2	0.269618	False
3597	2.6241675430809908	0.19770519884778198	0.07534015858440946	GSTP1	0.269618	False
3598	2.6241675430809908	0.19770519884778198	0.07534015858440946	C11orf72	0.269618	False
3599	2.6241675430809908	0.19770519884778198	0.07534015858440946	NDUFV1	0.269618	False
3600	2.6241675430809908	0.19770519884778198	0.07534015858440946	NUDT8	0.269618	False
3601	2.6241675430809908	0.19770519884778198	0.07534015858440946	TBX10	0.269618	False
3602	2.6241675430809908	0.19770519884778198	0.07534015858440946	ACY3	0.269618	False
3603	2.6241675430809908	0.19770519884778198	0.07534015858440946	ALDH3B2	0.269618	False
3604	2.6241675430809908	0.19770519884778198	0.07534015858440946	UNC93B1	0.269618	False
3605	2.6241675430809908	0.19770519884778198	0.07534015858440946	ALDH3B1	0.269618	False
3606	2.6241675430809908	0.19770519884778198	0.07534015858440946	NDUFS8	0.269618	False
3607	2.6241675430809908	0.19770519884778198	0.07534015858440946	MIR7113	0.269618	False
3608	2.6241675430809908	0.19770519884778198	0.07534015858440946	MIR4691	0.269618	False
3609	2.6241675430809908	0.19770519884778198	0.07534015858440946	TCIRG1	0.269618	False
3610	2.6241675430809908	0.19770519884778198	0.07534015858440946	MIR6753	0.269618	False
3611	2.6241675430809908	0.19770519884778198	0.07534015858440946	CHKA	0.269618	False
3612	2.7540881053760544	0.3156487774712464	0.1146109947808465	TESPA1	0.26961872	False
3613	2.7540881053760544	0.3156487774712464	0.1146109947808465	NEUROD4	0.26961872	False
3614	2.8955276862361226	0.4179165639859504	0.14433174511592994	OR9K2	0.26961946	False
3615	2.8955276862361226	0.4179165639859504	0.14433174511592994	OR10A7	0.26961946	False
3616	2.8955276862361226	0.4179165639859504	0.14433174511592994	OR6C74	0.26961946	False
3617	2.8955276862361226	0.4179165639859504	0.14433174511592994	OR6C6	0.26961946	False
3618	2.8955276862361226	0.4179165639859504	0.14433174511592994	OR6C1	0.26961946	False
3619	2.8955276862361226	0.4179165639859504	0.14433174511592994	OR6C3	0.26961946	False
3620	2.8955276862361226	0.4179165639859504	0.14433174511592994	OR6C75	0.26961946	False
3621	2.8955276862361226	0.4179165639859504	0.14433174511592994	OR6C65	0.26961946	False
3622	2.8955276862361226	0.4179165639859504	0.14433174511592994	OR6C76	0.26961946	False
3623	2.8955276862361226	0.4179165639859504	0.14433174511592994	OR6C2	0.26961946	False
3624	2.8955276862361226	0.4179165639859504	0.14433174511592994	OR6C70	0.26961946	False
3625	2.8955276862361226	0.4179165639859504	0.14433174511592994	OR6C68	0.26961946	False
3626	2.8955276862361226	0.4179165639859504	0.14433174511592994	OR6C4	0.26961946	False
3627	2.8955276862361226	0.4179165639859504	0.14433174511592994	OR2AP1	0.26961946	False
3628	2.8955276862361226	0.4179165639859504	0.14433174511592994	OR10P1	0.26961946	False
3629	2.8955276862361226	0.4179165639859504	0.14433174511592994	METTL7B	0.26961946	False
3630	2.8955276862361226	0.4179165639859504	0.14433174511592994	ITGA7	0.26961946	False
3631	2.8955276862361226	0.4179165639859504	0.14433174511592994	BLOC1S1-RDH5	0.26961946	False
3632	2.8955276862361226	0.4179165639859504	0.14433174511592994	BLOC1S1	0.26961946	False
3633	2.8955276862361226	0.4179165639859504	0.14433174511592994	RDH5	0.26961946	False
3634	2.8955276862361226	0.4179165639859504	0.14433174511592994	CD63	0.26961946	False
3635	2.8955276862361226	0.4179165639859504	0.14433174511592994	GDF11	0.26961946	False
3636	2.8955276862361226	0.4179165639859504	0.14433174511592994	SARNP	0.26961946	False
3637	2.8955276862361226	0.4179165639859504	0.14433174511592994	DNAJC14	0.26961946	False
3638	2.8955276862361226	0.4179165639859504	0.14433174511592994	ORMDL2	0.26961946	False
3639	2.8955276862361226	0.4179165639859504	0.14433174511592994	MMP19	0.26961946	False
3640	2.879742448596785	0.3827762810537747	0.13292031766253629	PYM1	0.26961926	False
3641	2.879742448596785	0.3827762810537747	0.13292031766253629	DGKA	0.26961926	False
3642	2.879742448596785	0.3827762810537747	0.13292031766253629	PMEL	0.26961926	False
3643	2.879742448596785	0.3827762810537747	0.13292031766253629	CDK2	0.26961926	False
3644	2.879742448596785	0.3827762810537747	0.13292031766253629	RAB5B	0.26961926	False
3645	2.879742448596785	0.3827762810537747	0.13292031766253629	SUOX	0.26961926	False
3646	2.879742448596785	0.3827762810537747	0.13292031766253629	IKZF4	0.26961926	False
3647	2.879742448596785	0.3827762810537747	0.13292031766253629	RPS26	0.26961926	False
3648	2.879742448596785	0.3827762810537747	0.13292031766253629	ERBB3	0.26961926	False
3649	2.948488614142142	0.43168383605664384	0.14640851383522863	PA2G4	0.26961964	False
3650	2.948488614142142	0.43168383605664384	0.14640851383522863	RPL41	0.26961964	False
3651	2.948488614142142	0.43168383605664384	0.14640851383522863	ZC3H10	0.26961964	False
3652	2.948488614142142	0.43168383605664384	0.14640851383522863	ESYT1	0.26961964	False
3653	2.948488614142142	0.43168383605664384	0.14640851383522863	MYL6B	0.26961964	False
3654	2.948488614142142	0.43168383605664384	0.14640851383522863	MYL6	0.26961964	False
3655	2.948488614142142	0.43168383605664384	0.14640851383522863	SMARCC2	0.26961964	False
3656	2.948488614142142	0.43168383605664384	0.14640851383522863	RNF41	0.26961964	False
3657	2.948488614142142	0.43168383605664384	0.14640851383522863	NABP2	0.26961964	False
3658	2.948488614142142	0.43168383605664384	0.14640851383522863	SLC39A5	0.26961964	False
3659	2.948488614142142	0.43168383605664384	0.14640851383522863	ANKRD52	0.26961964	False
3660	2.948488614142142	0.43168383605664384	0.14640851383522863	COQ10A	0.26961964	False
3661	2.948488614142142	0.43168383605664384	0.14640851383522863	CS	0.26961964	False
3662	2.948488614142142	0.43168383605664384	0.14640851383522863	CNPY2	0.26961964	False
3663	2.948488614142142	0.43168383605664384	0.14640851383522863	PAN2	0.26961964	False
3664	2.948488614142142	0.43168383605664384	0.14640851383522863	IL23A	0.26961964	False
3665	2.948488614142142	0.43168383605664384	0.14640851383522863	STAT2	0.26961964	False
3666	2.948488614142142	0.43168383605664384	0.14640851383522863	APOF	0.26961964	False
3667	2.948488614142142	0.43168383605664384	0.14640851383522863	TIMELESS	0.26961964	False
3668	2.948488614142142	0.43168383605664384	0.14640851383522863	MIP	0.26961964	False
3669	2.948488614142142	0.43168383605664384	0.14640851383522863	SPRYD4	0.26961964	False
3670	2.948488614142142	0.43168383605664384	0.14640851383522863	GLS2	0.26961964	False
3671	2.948488614142142	0.43168383605664384	0.14640851383522863	RBMS2	0.26961964	False
3672	2.948488614142142	0.43168383605664384	0.14640851383522863	BAZ2A	0.26961964	False
3673	2.948488614142142	0.43168383605664384	0.14640851383522863	ATP5F1B	0.26961964	False
3674	2.948488614142142	0.43168383605664384	0.14640851383522863	SNORD59A	0.26961964	False
3675	2.948488614142142	0.43168383605664384	0.14640851383522863	PTGES3	0.26961964	False
3676	2.948488614142142	0.43168383605664384	0.14640851383522863	NACA	0.26961964	False
3677	2.948488614142142	0.43168383605664384	0.14640851383522863	PRIM1	0.26961964	False
3678	2.948488614142142	0.43168383605664384	0.14640851383522863	HSD17B6	0.26961964	False
3679	2.8487086044149126	0.39178107853517574	0.1375293625778346	SDR9C7	0.26961923	False
3680	2.8487086044149126	0.39178107853517574	0.1375293625778346	RDH16	0.26961923	False
3681	2.8487086044149126	0.39178107853517574	0.1375293625778346	GPR182	0.26961923	False
3682	2.8487086044149126	0.39178107853517574	0.1375293625778346	ZBTB39	0.26961923	False
3683	2.8487086044149126	0.39178107853517574	0.1375293625778346	TAC3	0.26961923	False
3684	2.8487086044149126	0.39178107853517574	0.1375293625778346	MYO1A	0.26961923	False
3685	2.8487086044149126	0.39178107853517574	0.1375293625778346	NEMP1	0.26961923	False
3686	2.8487086044149126	0.39178107853517574	0.1375293625778346	NAB2	0.26961923	False
3687	2.8487086044149126	0.39178107853517574	0.1375293625778346	STAT6	0.26961923	False
3688	2.8841757330498403	0.44101159501429205	0.15290732459909753	LRP1	0.2696195	False
3689	2.8841757330498403	0.44101159501429205	0.15290732459909753	LRP1-AS	0.2696195	False
3690	2.8841757330498403	0.44101159501429205	0.15290732459909753	MIR1228	0.2696195	False
3691	2.8841757330498403	0.44101159501429205	0.15290732459909753	NXPH4	0.2696195	False
3692	2.8841757330498403	0.44101159501429205	0.15290732459909753	SHMT2	0.2696195	False
3693	2.8841757330498403	0.44101159501429205	0.15290732459909753	NDUFA4L2	0.2696195	False
3694	2.8841757330498403	0.44101159501429205	0.15290732459909753	STAC3	0.2696195	False
3695	2.8841757330498403	0.44101159501429205	0.15290732459909753	R3HDM2	0.2696195	False
3696	2.8841757330498403	0.44101159501429205	0.15290732459909753	INHBC	0.2696195	False
3697	2.8841757330498403	0.44101159501429205	0.15290732459909753	INHBE	0.2696195	False
3698	2.8841757330498403	0.44101159501429205	0.15290732459909753	GLI1	0.2696195	False
3699	2.8841757330498403	0.44101159501429205	0.15290732459909753	ARHGAP9	0.2696195	False
3700	2.8841757330498403	0.44101159501429205	0.15290732459909753	MARS	0.2696195	False
3701	2.8841757330498403	0.44101159501429205	0.15290732459909753	MIR6758	0.2696195	False
3702	2.8841757330498403	0.44101159501429205	0.15290732459909753	DDIT3	0.2696195	False
3703	2.8841757330498403	0.44101159501429205	0.15290732459909753	MIR616	0.2696195	False
3704	2.8841757330498403	0.44101159501429205	0.15290732459909753	MBD6	0.2696195	False
3705	2.8841757330498403	0.44101159501429205	0.15290732459909753	DCTN2	0.2696195	False
3706	2.8841757330498403	0.44101159501429205	0.15290732459909753	KIF5A	0.2696195	False
3707	2.8841757330498403	0.44101159501429205	0.15290732459909753	PIP4K2C	0.2696195	False
3708	2.8841757330498403	0.44101159501429205	0.15290732459909753	DTX3	0.2696195	False
3709	2.8841757330498403	0.44101159501429205	0.15290732459909753	ARHGEF25	0.2696195	False
3710	2.8841757330498403	0.44101159501429205	0.15290732459909753	SLC26A10	0.2696195	False
3711	2.8841757330498403	0.44101159501429205	0.15290732459909753	B4GALNT1	0.2696195	False
3712	2.8841757330498403	0.44101159501429205	0.15290732459909753	OS9	0.2696195	False
3713	2.8841757330498403	0.44101159501429205	0.15290732459909753	AGAP2	0.2696195	False
3714	2.8841757330498403	0.44101159501429205	0.15290732459909753	AGAP2-AS1	0.2696195	False
3715	2.8841757330498403	0.44101159501429205	0.15290732459909753	TSPAN31	0.2696195	False
3716	2.8841757330498403	0.44101159501429205	0.15290732459909753	CDK4	0.2696195	False
3717	2.8841757330498403	0.44101159501429205	0.15290732459909753	MARCH9	0.2696195	False
3718	2.8841757330498403	0.44101159501429205	0.15290732459909753	CYP27B1	0.2696195	False
3719	2.8841757330498403	0.44101159501429205	0.15290732459909753	METTL1	0.2696195	False
3720	2.8841757330498403	0.44101159501429205	0.15290732459909753	EEF1AKMT3	0.2696195	False
3721	2.8841757330498403	0.44101159501429205	0.15290732459909753	TSFM	0.2696195	False
3722	2.8841757330498403	0.44101159501429205	0.15290732459909753	AVIL	0.2696195	False
3723	2.8841757330498403	0.44101159501429205	0.15290732459909753	CTDSP2	0.2696195	False
3724	2.8841757330498403	0.44101159501429205	0.15290732459909753	MIR26A2	0.2696195	False
3725	3.071037997224278	0.7171341353323092	0.2335152270927558	C12orf50	0.26962104	False
3726	3.071037997224278	0.7171341353323092	0.2335152270927558	C12orf29	0.26962104	False
3727	3.071037997224278	0.7171341353323092	0.2335152270927558	CEP290	0.26962104	False
3728	3.2809143535531757	0.9144825855321527	0.27872796634931457	TMTC3	0.26962262	False
3729	3.2809143535531757	0.9144825855321527	0.27872796634931457	KITLG	0.26962262	False
3730	3.1738611468899296	0.7745730097781254	0.24404754144242585	LINC02458	0.26962164	False
3731	3.2387999206923994	0.9278974217749942	0.28649420911947715	DUSP6	0.2696225	False
3732	3.2387999206923994	0.9278974217749942	0.28649420911947715	POC1B	0.2696225	False
3733	3.2387999206923994	0.9278974217749942	0.28649420911947715	GALNT4	0.2696225	False
3734	3.2387999206923994	0.9278974217749942	0.28649420911947715	POC1B-GALNT4	0.2696225	False
3735	3.2387999206923994	0.9278974217749942	0.28649420911947715	ATP2B1	0.2696225	False
3736	3.2387999206923994	0.9278974217749942	0.28649420911947715	ATP2B1-AS1	0.2696225	False
3737	3.144569135597191	0.7277521021189477	0.23143142056590177	LINC02399	0.26962125	False
3738	3.1131383029241047	0.7523978763404295	0.24168469342776008	LINC02392	0.2696213	False
3739	2.9803192780226833	0.5959194961483223	0.19995156241907405	CCER1	0.26962027	False
3740	2.9803192780226833	0.5959194961483223	0.19995156241907405	LINC00615	0.26962027	False
3741	2.9803192780226833	0.5959194961483223	0.19995156241907405	EPYC	0.26962027	False
3742	2.9803192780226833	0.5959194961483223	0.19995156241907405	KERA	0.26962027	False
3743	2.9387176885283552	0.6304914195377304	0.2145464404420101	LUM	0.2696203	False
3744	2.9387176885283552	0.6304914195377304	0.2145464404420101	DCN	0.2696203	False
3745	2.846490729056857	0.5071653056984067	0.17817212630320017	LINC01619	0.26961964	False
3746	2.8691632776336675	0.5517192183267113	0.19229272263018082	BTG1	0.2696199	False
3747	2.8691632776336675	0.5517192183267113	0.19229272263018082	LOC101928617	0.2696199	False
3748	2.8691632776336675	0.5517192183267113	0.19229272263018082	CLLU1OS	0.2696199	False
3749	2.8691632776336675	0.5517192183267113	0.19229272263018082	CLLU1	0.2696199	False
3750	2.8691632776336675	0.5517192183267113	0.19229272263018082	C12orf74	0.2696199	False
3751	2.8691632776336675	0.5517192183267113	0.19229272263018082	PLEKHG7	0.2696199	False
3752	2.9795450195091284	0.5594734771665338	0.1877714461447223	PIBF1	0.2696199	False
3753	2.9795450195091284	0.5594734771665338	0.1877714461447223	KLF5	0.2696199	False
3754	3.1001435956585075	0.6176816060903223	0.19924290183052612	LINC00392	0.26962057	False
3755	3.0478607664611572	0.5188595380672628	0.17023728372923866	KLF12	0.26962006	False
3756	3.1266204382326817	0.5771142731725606	0.1845808548154869	LINC00381	0.26962048	False
3757	3.1266204382326817	0.5771142731725606	0.1845808548154869	LINC00347	0.26962048	False
3758	3.188119030034735	0.6238942332679877	0.19569351940450924	LINC01078	0.26962087	False
3759	3.188119030034735	0.6238942332679877	0.19569351940450924	TBC1D4	0.26962087	False
3760	3.188119030034735	0.6238942332679877	0.19569351940450924	COMMD6	0.26962087	False
3761	3.188119030034735	0.6238942332679877	0.19569351940450924	UCHL3	0.26962087	False
3762	3.188119030034735	0.6238942332679877	0.19569351940450924	LMO7	0.26962087	False
3763	3.188119030034735	0.6238942332679877	0.19569351940450924	LMO7-AS1	0.26962087	False
3764	3.188119030034735	0.6238942332679877	0.19569351940450924	LMO7DN	0.26962087	False
3765	3.188119030034735	0.6238942332679877	0.19569351940450924	LMO7DN-IT1	0.26962087	False
3766	2.946728244148607	0.507888690668233	0.17235681358698768	KCTD12	0.26961973	False
3767	2.9010371622129565	0.4344573894377854	0.14975933266100408	ACOD1	0.26961938	False
3768	2.9010371622129565	0.4344573894377854	0.14975933266100408	CLN5	0.26961938	False
3769	2.9010371622129565	0.4344573894377854	0.14975933266100408	FBXL3	0.26961938	False
3770	2.9010371622129565	0.4344573894377854	0.14975933266100408	MYCBP2	0.26961938	False
3771	2.9010371622129565	0.4344573894377854	0.14975933266100408	MYCBP2-AS1	0.26961938	False
3772	2.9094701787228257	0.49862462085629095	0.17137986995115823	SCEL	0.26961967	False
3773	2.9094701787228257	0.49862462085629095	0.17137986995115823	SCEL-AS1	0.26961967	False
3774	2.9094701787228257	0.49862462085629095	0.17137986995115823	SLAIN1	0.26961967	False
3775	2.9094701787228257	0.49862462085629095	0.17137986995115823	MIR3665	0.26961967	False
3776	2.9094701787228257	0.49862462085629095	0.17137986995115823	EDNRB-AS1	0.26961967	False
3777	2.8499924859268595	0.4237368837427303	0.14868000032811482	EDNRB	0.26961923	False
3778	2.8499924859268595	0.4237368837427303	0.14868000032811482	RNF219-AS1	0.26961923	False
3779	2.8499924859268595	0.4237368837427303	0.14868000032811482	LINC01069	0.26961923	False
3780	2.8499924859268595	0.4237368837427303	0.14868000032811482	LINC00446	0.26961923	False
3781	2.947366338708014	0.5793996449789285	0.19658216129078476	RBM26	0.26961994	False
3782	2.947366338708014	0.5793996449789285	0.19658216129078476	RBM26-AS1	0.26961994	False
3783	2.947366338708014	0.5793996449789285	0.19658216129078476	NDFIP2-AS1	0.26961994	False
3784	2.947366338708014	0.5793996449789285	0.19658216129078476	NDFIP2	0.26961994	False
3785	2.947366338708014	0.5793996449789285	0.19658216129078476	LINC01068	0.26961994	False
3786	2.947366338708014	0.5793996449789285	0.19658216129078476	LINC01038	0.26961994	False
3787	2.928848730827733	0.5633784853587869	0.19235492752798072	LINC00382	0.2696199	False
3788	2.928848730827733	0.5633784853587869	0.19235492752798072	LINC01080	0.2696199	False
3789	3.1162375027894464	0.7651931252135613	0.24555032295472082	LINC00379	0.26962128	False
3790	3.1162375027894464	0.7651931252135613	0.24555032295472082	MIR17HG	0.26962128	False
3791	3.1162375027894464	0.7651931252135613	0.24555032295472082	MIR17	0.26962128	False
3792	3.1162375027894464	0.7651931252135613	0.24555032295472082	MIR18A	0.26962128	False
3793	3.1162375027894464	0.7651931252135613	0.24555032295472082	MIR19A	0.26962128	False
3794	3.1162375027894464	0.7651931252135613	0.24555032295472082	MIR20A	0.26962128	False
3795	3.1162375027894464	0.7651931252135613	0.24555032295472082	MIR19B1	0.26962128	False
3796	3.1162375027894464	0.7651931252135613	0.24555032295472082	MIR92A1	0.26962128	False
3797	3.168029642433504	0.678288121667557	0.21410409567586428	GPC5	0.269621	False
3798	3.2322999214630688	0.7341441297572135	0.22712747814098588	GPC5-AS2	0.26962143	False
3799	3.2322999214630688	0.7341441297572135	0.22712747814098588	MIR548AS	0.26962143	False
3800	3.2322999214630688	0.7341441297572135	0.22712747814098588	GPC5-AS1	0.26962143	False
3801	3.218926965959483	0.6376783188527398	0.1981027608256603	LINC00363	0.2696211	False
3802	3.3005275760523416	0.6672900037766851	0.2021767697438268	GPC6	0.2696215	False
3803	3.461164069743294	0.859952909792233	0.24845771320398968	GPC6-AS2	0.269623	False
3804	3.3108274013583023	0.6930758010432257	0.20933613173519222	GPC6-AS1	0.26962158	False
3805	3.3108274013583023	0.6930758010432257	0.20933613173519222	DCT	0.26962158	False
3806	3.3108274013583023	0.6930758010432257	0.20933613173519222	TGDS	0.26962158	False
3807	3.3108274013583023	0.6930758010432257	0.20933613173519222	GPR180	0.26962158	False
3808	3.3108274013583023	0.6930758010432257	0.20933613173519222	SOX21	0.26962158	False
3809	3.3108274013583023	0.6930758010432257	0.20933613173519222	SOX21-AS1	0.26962158	False
3810	3.0996573835886405	0.4958287082734517	0.159962423879056	LINC00557	0.2696201	False
3811	3.0996573835886405	0.4958287082734517	0.159962423879056	ABCC4	0.2696201	False
3812	2.7760281221901306	0.28511919591624746	0.10270760358555171	IPO5	0.26961848	False
3813	2.8654998052324285	0.35086568682515284	0.1224448475566004	FARP1	0.2696189	False
3814	2.8654998052324285	0.35086568682515284	0.1224448475566004	RNF113B	0.2696189	False
3815	2.8654998052324285	0.35086568682515284	0.1224448475566004	MIR3170	0.2696189	False
3816	2.8654998052324285	0.35086568682515284	0.1224448475566004	STK24	0.2696189	False
3817	2.8654998052324285	0.35086568682515284	0.1224448475566004	SLC15A1	0.2696189	False
3818	2.845079901416324	0.31218498561945046	0.10972802045525683	DOCK9	0.26961872	False
3819	2.8654998052324285	0.35086568682515284	0.1224448475566004	DOCK9-AS1	0.2696189	False
3820	2.845079901416324	0.31218498561945046	0.10972802045525683	DOCK9-DT	0.26961872	False
3821	2.9615774358086817	0.38539921425733814	0.13013308704930143	UBAC2-AS1	0.26961923	False
3822	2.9615774358086817	0.38539921425733814	0.13013308704930143	UBAC2	0.26961923	False
3823	2.9615774358086817	0.38539921425733814	0.13013308704930143	GPR18	0.26961923	False
3824	2.9615774358086817	0.38539921425733814	0.13013308704930143	GPR183	0.26961923	False
3825	2.9615774358086817	0.38539921425733814	0.13013308704930143	MIR623	0.26961923	False
3826	2.9615774358086817	0.38539921425733814	0.13013308704930143	LINC01232	0.26961923	False
3827	2.9615774358086817	0.38539921425733814	0.13013308704930143	LINC00449	0.26961923	False
3828	2.9615774358086817	0.38539921425733814	0.13013308704930143	TM9SF2	0.26961923	False
3829	2.9615774358086817	0.38539921425733814	0.13013308704930143	LINC01039	0.26961923	False
3830	2.9615774358086817	0.38539921425733814	0.13013308704930143	CLYBL	0.26961923	False
3831	2.9615774358086817	0.38539921425733814	0.13013308704930143	MIR4306	0.26961923	False
3832	2.9615774358086817	0.38539921425733814	0.13013308704930143	CLYBL-AS2	0.26961923	False
3833	2.9615774358086817	0.38539921425733814	0.13013308704930143	CLYBL-AS1	0.26961923	False
3834	2.9086060792241	0.33846420458911936	0.11636646399343568	ZIC5	0.2696189	False
3835	2.9086060792241	0.33846420458911936	0.11636646399343568	ZIC2	0.2696189	False
3836	2.9086060792241	0.33846420458911936	0.11636646399343568	LINC00554	0.2696189	False
3837	2.9086060792241	0.33846420458911936	0.11636646399343568	LOC105370333	0.2696189	False
3838	2.9086060792241	0.33846420458911936	0.11636646399343568	PCCA	0.2696189	False
3839	2.8781591131327646	0.3523447551678418	0.12242017946823246	PCCA-AS1	0.26961893	False
3840	2.8781591131327646	0.3523447551678418	0.12242017946823246	GGACT	0.26961893	False
3841	2.8781591131327646	0.3523447551678418	0.12242017946823246	TMTC4	0.26961893	False
3842	2.8832393302731494	0.34665445061570727	0.12023089688599187	NALCN-AS1	0.26961893	False
3843	2.8832393302731494	0.34665445061570727	0.12023089688599187	LINC00411	0.26961893	False
3844	2.8832393302731494	0.34665445061570727	0.12023089688599187	NALCN	0.26961893	False
3845	2.9245148352725705	0.4145671631529803	0.1417558762748905	ITGBL1	0.26961938	False
3846	3.10766909993604	0.5318635615620604	0.17114549344169458	COL4A1	0.2696202	False
3847	3.10766909993604	0.5318635615620604	0.17114549344169458	COL4A2	0.2696202	False
3848	3.10766909993604	0.5318635615620604	0.17114549344169458	MIR8073	0.2696202	False
3849	3.10766909993604	0.5318635615620604	0.17114549344169458	COL4A2-AS2	0.2696202	False
3850	3.10766909993604	0.5318635615620604	0.17114549344169458	COL4A2-AS1	0.2696202	False
3851	3.10766909993604	0.5318635615620604	0.17114549344169458	RAB20	0.2696202	False
3852	3.10766909993604	0.5318635615620604	0.17114549344169458	NAXD	0.2696202	False
3853	3.10766909993604	0.5318635615620604	0.17114549344169458	CARS2	0.2696202	False
3854	3.10766909993604	0.5318635615620604	0.17114549344169458	ING1	0.2696202	False
3855	3.10766909993604	0.5318635615620604	0.17114549344169458	LINC00567	0.2696202	False
3856	3.10766909993604	0.5318635615620604	0.17114549344169458	LINC00346	0.2696202	False
3857	3.10766909993604	0.5318635615620604	0.17114549344169458	ANKRD10	0.2696202	False
3858	3.10766909993604	0.5318635615620604	0.17114549344169458	LINC00431	0.2696202	False
3859	3.10766909993604	0.5318635615620604	0.17114549344169458	LINC00368	0.2696202	False
3860	2.9001249480433104	0.6634340068100292	0.2287604909083805	OR4K5	0.26962054	False
3861	2.9001249480433104	0.6634340068100292	0.2287604909083805	OR4K1	0.26962054	False
3862	2.9001249480433104	0.6634340068100292	0.2287604909083805	OR4K15	0.26962054	False
3863	2.9001249480433104	0.6634340068100292	0.2287604909083805	OR4K14	0.26962054	False
3864	2.9001249480433104	0.6634340068100292	0.2287604909083805	OR4K13	0.26962054	False
3865	2.9001249480433104	0.6634340068100292	0.2287604909083805	OR4L1	0.26962054	False
3866	2.9001249480433104	0.6634340068100292	0.2287604909083805	OR4K17	0.26962054	False
3867	2.9001249480433104	0.6634340068100292	0.2287604909083805	OR4N5	0.26962054	False
3868	2.9001249480433104	0.6634340068100292	0.2287604909083805	OR11G2	0.26962054	False
3869	2.9001249480433104	0.6634340068100292	0.2287604909083805	OR11H6	0.26962054	False
3870	2.9001249480433104	0.6634340068100292	0.2287604909083805	OR11H4	0.26962054	False
3871	2.9001249480433104	0.6634340068100292	0.2287604909083805	TTC5	0.26962054	False
3872	2.9001249480433104	0.6634340068100292	0.2287604909083805	CCNB1IP1	0.26962054	False
3873	2.9001249480433104	0.6634340068100292	0.2287604909083805	SNORD126	0.26962054	False
3874	2.9001249480433104	0.6634340068100292	0.2287604909083805	RPPH1	0.26962054	False
3875	2.9001249480433104	0.6634340068100292	0.2287604909083805	PARP2	0.26962054	False
3876	2.9001249480433104	0.6634340068100292	0.2287604909083805	TEP1	0.26962054	False
3877	2.9001249480433104	0.6634340068100292	0.2287604909083805	KLHL33	0.26962054	False
3878	2.9001249480433104	0.6634340068100292	0.2287604909083805	OSGEP	0.26962054	False
3879	2.9001249480433104	0.6634340068100292	0.2287604909083805	APEX1	0.26962054	False
3880	2.9001249480433104	0.6634340068100292	0.2287604909083805	PIP4P1	0.26962054	False
3881	2.9001249480433104	0.6634340068100292	0.2287604909083805	PNP	0.26962054	False
3882	2.9001249480433104	0.6634340068100292	0.2287604909083805	RNASE10	0.26962054	False
3883	2.9001249480433104	0.6634340068100292	0.2287604909083805	RNASE9	0.26962054	False
3884	2.9001249480433104	0.6634340068100292	0.2287604909083805	RNASE11	0.26962054	False
3885	2.9001249480433104	0.6634340068100292	0.2287604909083805	LOC254028	0.26962054	False
3886	2.9001249480433104	0.6634340068100292	0.2287604909083805	RNASE12	0.26962054	False
3887	2.9001249480433104	0.6634340068100292	0.2287604909083805	OR6S1	0.26962054	False
3888	2.9001249480433104	0.6634340068100292	0.2287604909083805	RNASE4	0.26962054	False
3889	2.9001249480433104	0.6634340068100292	0.2287604909083805	ANG	0.26962054	False
3890	2.9001249480433104	0.6634340068100292	0.2287604909083805	EDDM3A	0.26962054	False
3891	2.9001249480433104	0.6634340068100292	0.2287604909083805	EDDM3B	0.26962054	False
3892	2.9001249480433104	0.6634340068100292	0.2287604909083805	RNASE6	0.26962054	False
3893	2.9001249480433104	0.6634340068100292	0.2287604909083805	RNASE1	0.26962054	False
3894	2.9001249480433104	0.6634340068100292	0.2287604909083805	RNASE3	0.26962054	False
3895	2.8101455491082277	0.5220157539375611	0.18576110910099217	ECRP	0.26961973	False
3896	2.8101455491082277	0.5220157539375611	0.18576110910099217	RNASE2	0.26961973	False
3897	2.8101455491082277	0.5220157539375611	0.18576110910099217	METTL17	0.26961973	False
3898	2.8101455491082277	0.5220157539375611	0.18576110910099217	LOC101929718	0.26961973	False
3899	2.8101455491082277	0.5220157539375611	0.18576110910099217	SLC39A2	0.26961973	False
3900	2.8101455491082277	0.5220157539375611	0.18576110910099217	NDRG2	0.26961973	False
3901	2.8101455491082277	0.5220157539375611	0.18576110910099217	MIR6717	0.26961973	False
3902	2.8101455491082277	0.5220157539375611	0.18576110910099217	TPPP2	0.26961973	False
3903	2.8101455491082277	0.5220157539375611	0.18576110910099217	RNASE13	0.26961973	False
3904	2.8101455491082277	0.5220157539375611	0.18576110910099217	RNASE7	0.26961973	False
3905	2.8101455491082277	0.5220157539375611	0.18576110910099217	RNASE8	0.26961973	False
3906	2.8101455491082277	0.5220157539375611	0.18576110910099217	ARHGEF40	0.26961973	False
3907	2.8101455491082277	0.5220157539375611	0.18576110910099217	ZNF219	0.26961973	False
3908	2.8101455491082277	0.5220157539375611	0.18576110910099217	TMEM253	0.26961973	False
3909	2.8101455491082277	0.5220157539375611	0.18576110910099217	OR5AU1	0.26961973	False
3910	2.8101455491082277	0.5220157539375611	0.18576110910099217	LINC00641	0.26961973	False
3911	2.8101455491082277	0.5220157539375611	0.18576110910099217	HNRNPC	0.26961973	False
3912	2.8101455491082277	0.5220157539375611	0.18576110910099217	RPGRIP1	0.26961973	False
3913	2.8101455491082277	0.5220157539375611	0.18576110910099217	SUPT16H	0.26961973	False
3914	2.8101455491082277	0.5220157539375611	0.18576110910099217	CHD8	0.26961973	False
3915	2.8101455491082277	0.5220157539375611	0.18576110910099217	SNORD9	0.26961973	False
3916	2.8101455491082277	0.5220157539375611	0.18576110910099217	SNORD8	0.26961973	False
3917	2.8101455491082277	0.5220157539375611	0.18576110910099217	RAB2B	0.26961973	False
3918	2.8101455491082277	0.5220157539375611	0.18576110910099217	TOX4	0.26961973	False
3919	2.8101455491082277	0.5220157539375611	0.18576110910099217	METTL3	0.26961973	False
3920	2.8101455491082277	0.5220157539375611	0.18576110910099217	SALL2	0.26961973	False
3921	2.8101455491082277	0.5220157539375611	0.18576110910099217	OR10G3	0.26961973	False
3922	2.8101455491082277	0.5220157539375611	0.18576110910099217	OR10G2	0.26961973	False
3923	2.8101455491082277	0.5220157539375611	0.18576110910099217	OR4E2	0.26961973	False
3924	2.7908893156925387	0.4612797361613153	0.16528055540133527	DAD1	0.26961955	False
3925	2.7908893156925387	0.4612797361613153	0.16528055540133527	ABHD4	0.26961955	False
3926	2.7908893156925387	0.4612797361613153	0.16528055540133527	OXA1L	0.26961955	False
3927	2.7908893156925387	0.4612797361613153	0.16528055540133527	SLC7A7	0.26961955	False
3928	2.7908893156925387	0.4612797361613153	0.16528055540133527	MRPL52	0.26961955	False
3929	2.7908893156925387	0.4612797361613153	0.16528055540133527	MMP14	0.26961955	False
3930	2.7908893156925387	0.4612797361613153	0.16528055540133527	LRP10	0.26961955	False
3931	2.7908893156925387	0.4612797361613153	0.16528055540133527	REM2	0.26961955	False
3932	2.7724155410893707	0.42876239741127664	0.15465300603631812	RBM23	0.2696193	False
3933	2.7724155410893707	0.42876239741127664	0.15465300603631812	PRMT5-AS1	0.2696193	False
3934	2.7724155410893707	0.42876239741127664	0.15465300603631812	PRMT5	0.2696193	False
3935	2.7724155410893707	0.42876239741127664	0.15465300603631812	LOC101926933	0.2696193	False
3936	2.7724155410893707	0.42876239741127664	0.15465300603631812	HAUS4	0.2696193	False
3937	2.7724155410893707	0.42876239741127664	0.15465300603631812	MIR4707	0.2696193	False
3938	2.7724155410893707	0.42876239741127664	0.15465300603631812	AJUBA	0.2696193	False
3939	2.7724155410893707	0.42876239741127664	0.15465300603631812	C14orf93	0.2696193	False
3940	2.7724155410893707	0.42876239741127664	0.15465300603631812	PSMB5	0.2696193	False
3941	2.7724155410893707	0.42876239741127664	0.15465300603631812	PSMB11	0.2696193	False
3942	2.7724155410893707	0.42876239741127664	0.15465300603631812	CDH24	0.2696193	False
3943	2.7724155410893707	0.42876239741127664	0.15465300603631812	ACIN1	0.2696193	False
3944	2.7724155410893707	0.42876239741127664	0.15465300603631812	C14orf119	0.2696193	False
3945	2.7996191565721533	0.4486914951167971	0.16026876157904774	CEBPE	0.2696195	False
3946	2.7996191565721533	0.4486914951167971	0.16026876157904774	SLC7A8	0.2696195	False
3947	2.7996191565721533	0.4486914951167971	0.16026876157904774	RNF212B	0.2696195	False
3948	2.7996191565721533	0.4486914951167971	0.16026876157904774	HOMEZ	0.2696195	False
3949	2.7996191565721533	0.4486914951167971	0.16026876157904774	PPP1R3E	0.2696195	False
3950	2.7996191565721533	0.4486914951167971	0.16026876157904774	BCL2L2-PABPN1	0.2696195	False
3951	2.7996191565721533	0.4486914951167971	0.16026876157904774	BCL2L2	0.2696195	False
3952	2.7996191565721533	0.4486914951167971	0.16026876157904774	PABPN1	0.2696195	False
3953	2.7996191565721533	0.4486914951167971	0.16026876157904774	SLC22A17	0.2696195	False
3954	2.7996191565721533	0.4486914951167971	0.16026876157904774	EFS	0.2696195	False
3955	2.7996191565721533	0.4486914951167971	0.16026876157904774	IL25	0.2696195	False
3956	2.7996191565721533	0.4486914951167971	0.16026876157904774	CMTM5	0.2696195	False
3957	2.7996191565721533	0.4486914951167971	0.16026876157904774	MYH6	0.2696195	False
3958	2.7996191565721533	0.4486914951167971	0.16026876157904774	MIR208A	0.2696195	False
3959	2.7996191565721533	0.4486914951167971	0.16026876157904774	MYH7	0.2696195	False
3960	2.7996191565721533	0.4486914951167971	0.16026876157904774	MIR208B	0.2696195	False
3961	2.7996191565721533	0.4486914951167971	0.16026876157904774	NGDN	0.2696195	False
3962	2.7996191565721533	0.4486914951167971	0.16026876157904774	THTPA	0.2696195	False
3963	2.7996191565721533	0.4486914951167971	0.16026876157904774	ZFHX2	0.2696195	False
3964	2.7996191565721533	0.4486914951167971	0.16026876157904774	AP1G2	0.2696195	False
3965	2.7996191565721533	0.4486914951167971	0.16026876157904774	LOC102724814	0.2696195	False
3966	2.7996191565721533	0.4486914951167971	0.16026876157904774	JPH4	0.2696195	False
3967	2.7996191565721533	0.4486914951167971	0.16026876157904774	DHRS2	0.2696195	False
3968	2.765844388889214	0.4228767428670445	0.1528924564830183	DHRS4-AS1	0.2696193	False
3969	2.765844388889214	0.4228767428670445	0.1528924564830183	DHRS4	0.2696193	False
3970	2.765844388889214	0.4228767428670445	0.1528924564830183	DHRS4L2	0.2696193	False
3971	2.765844388889214	0.4228767428670445	0.1528924564830183	CARMIL3	0.2696193	False
3972	2.765844388889214	0.4228767428670445	0.1528924564830183	CPNE6	0.2696193	False
3973	2.765844388889214	0.4228767428670445	0.1528924564830183	NRL	0.2696193	False
3974	2.765844388889214	0.4228767428670445	0.1528924564830183	PCK2	0.2696193	False
3975	2.814025065486441	0.4933934037157016	0.17533369185907094	DCAF11	0.26961958	False
3976	2.814025065486441	0.4933934037157016	0.17533369185907094	FITM1	0.26961958	False
3977	2.814025065486441	0.4933934037157016	0.17533369185907094	PSME1	0.26961958	False
3978	2.814025065486441	0.4933934037157016	0.17533369185907094	EMC9	0.26961958	False
3979	2.814025065486441	0.4933934037157016	0.17533369185907094	PSME2	0.26961958	False
3980	2.814025065486441	0.4933934037157016	0.17533369185907094	MIR7703	0.26961958	False
3981	2.814025065486441	0.4933934037157016	0.17533369185907094	RNF31	0.26961958	False
3982	2.814025065486441	0.4933934037157016	0.17533369185907094	IRF9	0.26961958	False
3983	2.814025065486441	0.4933934037157016	0.17533369185907094	REC8	0.26961958	False
3984	2.814025065486441	0.4933934037157016	0.17533369185907094	IPO4	0.26961958	False
3985	2.814025065486441	0.4933934037157016	0.17533369185907094	TM9SF1	0.26961958	False
3986	2.814025065486441	0.4933934037157016	0.17533369185907094	TSSK4	0.26961958	False
3987	2.814025065486441	0.4933934037157016	0.17533369185907094	CHMP4A	0.26961958	False
3988	2.814025065486441	0.4933934037157016	0.17533369185907094	MDP1	0.26961958	False
3989	2.814025065486441	0.4933934037157016	0.17533369185907094	NEDD8-MDP1	0.26961958	False
3990	2.814025065486441	0.4933934037157016	0.17533369185907094	NEDD8	0.26961958	False
3991	2.814025065486441	0.4933934037157016	0.17533369185907094	GMPR2	0.26961958	False
3992	2.814025065486441	0.4933934037157016	0.17533369185907094	TINF2	0.26961958	False
3993	2.814025065486441	0.4933934037157016	0.17533369185907094	TGM1	0.26961958	False
3994	2.814025065486441	0.4933934037157016	0.17533369185907094	RABGGTA	0.26961958	False
3995	2.814025065486441	0.4933934037157016	0.17533369185907094	DHRS1	0.26961958	False
3996	2.814025065486441	0.4933934037157016	0.17533369185907094	NOP9	0.26961958	False
3997	2.814025065486441	0.4933934037157016	0.17533369185907094	CIDEB	0.26961958	False
3998	2.814025065486441	0.4933934037157016	0.17533369185907094	LTB4R2	0.26961958	False
3999	2.814025065486441	0.4933934037157016	0.17533369185907094	LTB4R	0.26961958	False
4000	2.814025065486441	0.4933934037157016	0.17533369185907094	ADCY4	0.26961958	False
4001	2.814025065486441	0.4933934037157016	0.17533369185907094	RIPK3	0.26961958	False
4002	2.814025065486441	0.4933934037157016	0.17533369185907094	NFATC4	0.26961958	False
4003	2.814025065486441	0.4933934037157016	0.17533369185907094	NYNRIN	0.26961958	False
4004	2.814025065486441	0.4933934037157016	0.17533369185907094	CBLN3	0.26961958	False
4005	2.814025065486441	0.4933934037157016	0.17533369185907094	KHNYN	0.26961958	False
4006	2.814025065486441	0.4933934037157016	0.17533369185907094	SDR39U1	0.26961958	False
4007	2.814025065486441	0.4933934037157016	0.17533369185907094	CMA1	0.26961958	False
4008	2.814025065486441	0.4933934037157016	0.17533369185907094	CTSG	0.26961958	False
4009	2.814025065486441	0.4933934037157016	0.17533369185907094	GZMH	0.26961958	False
4010	2.814025065486441	0.4933934037157016	0.17533369185907094	GZMB	0.26961958	False
4011	3.085534437838615	0.37757170355885844	0.12236833234742422	LMF1	0.26961938	False
4012	3.085534437838615	0.37757170355885844	0.12236833234742422	LMF1-AS1	0.26961938	False
4013	3.085534437838615	0.37757170355885844	0.12236833234742422	SOX8	0.26961938	False
4014	3.085534437838615	0.37757170355885844	0.12236833234742422	SSTR5-AS1	0.26961938	False
4015	3.085534437838615	0.37757170355885844	0.12236833234742422	SSTR5	0.26961938	False
4016	3.085534437838615	0.37757170355885844	0.12236833234742422	C1QTNF8	0.26961938	False
4017	3.085534437838615	0.37757170355885844	0.12236833234742422	CACNA1H	0.26961938	False
4018	3.085534437838615	0.37757170355885844	0.12236833234742422	TPSG1	0.26961938	False
4019	3.085534437838615	0.37757170355885844	0.12236833234742422	TPSB2	0.26961938	False
4020	3.085534437838615	0.37757170355885844	0.12236833234742422	TPSAB1	0.26961938	False
4021	3.085534437838615	0.37757170355885844	0.12236833234742422	TPSD1	0.26961938	False
4022	3.085534437838615	0.37757170355885844	0.12236833234742422	UBE2I	0.26961938	False
4023	3.085534437838615	0.37757170355885844	0.12236833234742422	BAIAP3	0.26961938	False
4024	3.085534437838615	0.37757170355885844	0.12236833234742422	TSR3	0.26961938	False
4025	3.085534437838615	0.37757170355885844	0.12236833234742422	GNPTG	0.26961938	False
4026	3.085534437838615	0.37757170355885844	0.12236833234742422	UNKL	0.26961938	False
4027	3.085534437838615	0.37757170355885844	0.12236833234742422	C16orf91	0.26961938	False
4028	3.085534437838615	0.37757170355885844	0.12236833234742422	CCDC154	0.26961938	False
4029	3.085534437838615	0.37757170355885844	0.12236833234742422	CLCN7	0.26961938	False
4030	3.085534437838615	0.37757170355885844	0.12236833234742422	PTX4	0.26961938	False
4031	3.085534437838615	0.37757170355885844	0.12236833234742422	TELO2	0.26961938	False
4032	3.085534437838615	0.37757170355885844	0.12236833234742422	IFT140	0.26961938	False
4033	3.085534437838615	0.37757170355885844	0.12236833234742422	TMEM204	0.26961938	False
4034	3.085534437838615	0.37757170355885844	0.12236833234742422	LOC105371046	0.26961938	False
4035	3.085534437838615	0.37757170355885844	0.12236833234742422	CRAMP1	0.26961938	False
4036	3.085534437838615	0.37757170355885844	0.12236833234742422	JPT2	0.26961938	False
4037	3.085534437838615	0.37757170355885844	0.12236833234742422	MAPK8IP3	0.26961938	False
4038	3.085534437838615	0.37757170355885844	0.12236833234742422	MIR3177	0.26961938	False
4039	3.085534437838615	0.37757170355885844	0.12236833234742422	NME3	0.26961938	False
4040	3.085534437838615	0.37757170355885844	0.12236833234742422	MRPS34	0.26961938	False
4041	3.085534437838615	0.37757170355885844	0.12236833234742422	EME2	0.26961938	False
4042	3.085534437838615	0.37757170355885844	0.12236833234742422	SPSB3	0.26961938	False
4043	3.085534437838615	0.37757170355885844	0.12236833234742422	NUBP2	0.26961938	False
4044	3.085534437838615	0.37757170355885844	0.12236833234742422	IGFALS	0.26961938	False
4045	3.085534437838615	0.37757170355885844	0.12236833234742422	HAGH	0.26961938	False
4046	3.085534437838615	0.37757170355885844	0.12236833234742422	FAHD1	0.26961938	False
4047	3.085534437838615	0.37757170355885844	0.12236833234742422	MEIOB	0.26961938	False
4048	3.085534437838615	0.37757170355885844	0.12236833234742422	LINC00254	0.26961938	False
4049	3.0725198014719743	0.33605344754494926	0.10937389154789294	HS3ST6	0.2696191	False
4050	3.0725198014719743	0.33605344754494926	0.10937389154789294	MSRB1	0.2696191	False
4051	3.0725198014719743	0.33605344754494926	0.10937389154789294	RPL3L	0.2696191	False
4052	3.0725198014719743	0.33605344754494926	0.10937389154789294	NDUFB10	0.2696191	False
4053	3.0725198014719743	0.33605344754494926	0.10937389154789294	RPS2	0.2696191	False
4054	3.0725198014719743	0.33605344754494926	0.10937389154789294	SNORA10	0.2696191	False
4055	3.0725198014719743	0.33605344754494926	0.10937389154789294	SNORA64	0.2696191	False
4056	3.0725198014719743	0.33605344754494926	0.10937389154789294	SNHG9	0.2696191	False
4057	3.0725198014719743	0.33605344754494926	0.10937389154789294	SNORA78	0.2696191	False
4058	3.0725198014719743	0.33605344754494926	0.10937389154789294	RNF151	0.2696191	False
4059	3.0725198014719743	0.33605344754494926	0.10937389154789294	TBL3	0.2696191	False
4060	3.0725198014719743	0.33605344754494926	0.10937389154789294	NOXO1	0.2696191	False
4061	3.0725198014719743	0.33605344754494926	0.10937389154789294	GFER	0.2696191	False
4062	3.0725198014719743	0.33605344754494926	0.10937389154789294	SYNGR3	0.2696191	False
4063	3.0725198014719743	0.33605344754494926	0.10937389154789294	ZNF598	0.2696191	False
4064	3.0725198014719743	0.33605344754494926	0.10937389154789294	NPW	0.2696191	False
4065	3.0725198014719743	0.33605344754494926	0.10937389154789294	SLC9A3R2	0.2696191	False
4066	3.0725198014719743	0.33605344754494926	0.10937389154789294	NTHL1	0.2696191	False
4067	3.0725198014719743	0.33605344754494926	0.10937389154789294	TSC2	0.2696191	False
4068	3.0725198014719743	0.33605344754494926	0.10937389154789294	PKD1	0.2696191	False
4069	3.0725198014719743	0.33605344754494926	0.10937389154789294	MIR1225	0.2696191	False
4070	3.0725198014719743	0.33605344754494926	0.10937389154789294	LOC105371049	0.2696191	False
4071	3.0725198014719743	0.33605344754494926	0.10937389154789294	MIR4516	0.2696191	False
4072	3.0725198014719743	0.33605344754494926	0.10937389154789294	MIR3180-5	0.2696191	False
4073	3.0725198014719743	0.33605344754494926	0.10937389154789294	RAB26	0.2696191	False
4074	3.0725198014719743	0.33605344754494926	0.10937389154789294	SNHG19	0.2696191	False
4075	3.0725198014719743	0.33605344754494926	0.10937389154789294	SNORD60	0.2696191	False
4076	3.0725198014719743	0.33605344754494926	0.10937389154789294	TRAF7	0.2696191	False
4077	3.0725198014719743	0.33605344754494926	0.10937389154789294	CASKIN1	0.2696191	False
4078	3.0725198014719743	0.33605344754494926	0.10937389154789294	MLST8	0.2696191	False
4079	3.0725198014719743	0.33605344754494926	0.10937389154789294	BRICD5	0.2696191	False
4080	3.0725198014719743	0.33605344754494926	0.10937389154789294	PGP	0.2696191	False
4081	3.0725198014719743	0.33605344754494926	0.10937389154789294	E4F1	0.2696191	False
4082	3.0725198014719743	0.33605344754494926	0.10937389154789294	DNASE1L2	0.2696191	False
4083	3.0725198014719743	0.33605344754494926	0.10937389154789294	ECI1	0.2696191	False
4084	3.0725198014719743	0.33605344754494926	0.10937389154789294	RNPS1	0.2696191	False
4085	3.0725198014719743	0.33605344754494926	0.10937389154789294	LOC106660606	0.2696191	False
4086	3.0725198014719743	0.33605344754494926	0.10937389154789294	MIR3677	0.2696191	False
4087	3.0725198014719743	0.33605344754494926	0.10937389154789294	MIR940	0.2696191	False
4088	3.0725198014719743	0.33605344754494926	0.10937389154789294	MIR4717	0.2696191	False
4089	3.0725198014719743	0.33605344754494926	0.10937389154789294	ABCA3	0.2696191	False
4090	3.0725198014719743	0.33605344754494926	0.10937389154789294	CCNF	0.2696191	False
4091	3.0725198014719743	0.33605344754494926	0.10937389154789294	TEDC2	0.2696191	False
4092	3.0725198014719743	0.33605344754494926	0.10937389154789294	MIR6768	0.2696191	False
4093	3.0725198014719743	0.33605344754494926	0.10937389154789294	LOC729652	0.2696191	False
4094	3.0725198014719743	0.33605344754494926	0.10937389154789294	NTN3	0.2696191	False
4095	3.0725198014719743	0.33605344754494926	0.10937389154789294	TBC1D24	0.2696191	False
4096	3.0725198014719743	0.33605344754494926	0.10937389154789294	ATP6V0C	0.2696191	False
4097	3.0725198014719743	0.33605344754494926	0.10937389154789294	AMDHD2	0.2696191	False
4098	3.0725198014719743	0.33605344754494926	0.10937389154789294	CEMP1	0.2696191	False
4099	3.0725198014719743	0.33605344754494926	0.10937389154789294	MIR3178	0.2696191	False
4100	3.0725198014719743	0.33605344754494926	0.10937389154789294	PDPK1	0.2696191	False
4101	3.0725198014719743	0.33605344754494926	0.10937389154789294	ERVK13-1	0.2696191	False
4102	3.0725198014719743	0.33605344754494926	0.10937389154789294	KCTD5	0.2696191	False
4103	3.0725198014719743	0.33605344754494926	0.10937389154789294	PRSS27	0.2696191	False
4104	3.0725198014719743	0.33605344754494926	0.10937389154789294	SRRM2-AS1	0.2696191	False
4105	3.0725198014719743	0.33605344754494926	0.10937389154789294	SRRM2	0.2696191	False
4106	3.0725198014719743	0.33605344754494926	0.10937389154789294	ELOB	0.2696191	False
4107	3.0725198014719743	0.33605344754494926	0.10937389154789294	PRSS33	0.2696191	False
4108	3.0725198014719743	0.33605344754494926	0.10937389154789294	PRSS21	0.2696191	False
4109	3.0725198014719743	0.33605344754494926	0.10937389154789294	ZG16B	0.2696191	False
4110	3.0725198014719743	0.33605344754494926	0.10937389154789294	PRSS22	0.2696191	False
4111	3.0725198014719743	0.33605344754494926	0.10937389154789294	FLYWCH2	0.2696191	False
4112	2.829265934873082	0.24125211508508237	0.08527021518601245	FLYWCH1	0.2696183	False
4113	2.829265934873082	0.24125211508508237	0.08527021518601245	KREMEN2	0.2696183	False
4114	2.829265934873082	0.24125211508508237	0.08527021518601245	PKMYT1	0.2696183	False
4115	2.829265934873082	0.24125211508508237	0.08527021518601245	PAQR4	0.2696183	False
4116	2.829265934873082	0.24125211508508237	0.08527021518601245	LOC101929613	0.2696183	False
4117	2.829265934873082	0.24125211508508237	0.08527021518601245	LINC00514	0.2696183	False
4118	2.829265934873082	0.24125211508508237	0.08527021518601245	CLDN9	0.2696183	False
4119	2.829265934873082	0.24125211508508237	0.08527021518601245	CLDN6	0.2696183	False
4120	2.829265934873082	0.24125211508508237	0.08527021518601245	TNFRSF12A	0.2696183	False
4121	2.829265934873082	0.24125211508508237	0.08527021518601245	HCFC1R1	0.2696183	False
4122	2.829265934873082	0.24125211508508237	0.08527021518601245	THOC6	0.2696183	False
4123	2.829265934873082	0.24125211508508237	0.08527021518601245	BICDL2	0.2696183	False
4124	2.829265934873082	0.24125211508508237	0.08527021518601245	LOC100128770	0.2696183	False
4125	2.829265934873082	0.24125211508508237	0.08527021518601245	MMP25	0.2696183	False
4126	2.829265934873082	0.24125211508508237	0.08527021518601245	MMP25-AS1	0.2696183	False
4127	2.829265934873082	0.24125211508508237	0.08527021518601245	IL32	0.2696183	False
4128	2.829265934873082	0.24125211508508237	0.08527021518601245	ZSCAN10	0.2696183	False
4129	2.829265934873082	0.24125211508508237	0.08527021518601245	ZNF205-AS1	0.2696183	False
4130	2.829265934873082	0.24125211508508237	0.08527021518601245	ZNF205	0.2696183	False
4131	2.829265934873082	0.24125211508508237	0.08527021518601245	ZNF213-AS1	0.2696183	False
4132	2.829265934873082	0.24125211508508237	0.08527021518601245	ZNF213	0.2696183	False
4133	2.829265934873082	0.24125211508508237	0.08527021518601245	OR1F1	0.2696183	False
4134	2.829265934873082	0.24125211508508237	0.08527021518601245	ZNF200	0.2696183	False
4135	2.829265934873082	0.24125211508508237	0.08527021518601245	MEFV	0.2696183	False
4136	2.829265934873082	0.24125211508508237	0.08527021518601245	LINC00921	0.2696183	False
4137	2.829265934873082	0.24125211508508237	0.08527021518601245	ZNF263	0.2696183	False
4138	2.829265934873082	0.24125211508508237	0.08527021518601245	TIGD7	0.2696183	False
4139	2.829265934873082	0.24125211508508237	0.08527021518601245	ZNF75A	0.2696183	False
4140	2.829265934873082	0.24125211508508237	0.08527021518601245	OR2C1	0.2696183	False
4141	2.829265934873082	0.24125211508508237	0.08527021518601245	NAA60	0.2696183	False
4142	2.829265934873082	0.24125211508508237	0.08527021518601245	MTRNR2L4	0.2696183	False
4143	2.829265934873082	0.24125211508508237	0.08527021518601245	ZSCAN32	0.2696183	False
4144	2.829265934873082	0.24125211508508237	0.08527021518601245	ZNF174	0.2696183	False
4145	2.829265934873082	0.24125211508508237	0.08527021518601245	ZNF597	0.2696183	False
4146	2.829265934873082	0.24125211508508237	0.08527021518601245	CLUAP1	0.2696183	False
4147	2.829265934873082	0.24125211508508237	0.08527021518601245	MIR6126	0.2696183	False
4148	2.829265934873082	0.24125211508508237	0.08527021518601245	C16orf90	0.2696183	False
4149	2.829265934873082	0.24125211508508237	0.08527021518601245	NLRC3	0.2696183	False
4150	2.829265934873082	0.24125211508508237	0.08527021518601245	SLX4	0.2696183	False
4151	2.829265934873082	0.24125211508508237	0.08527021518601245	DNASE1	0.2696183	False
4152	2.829265934873082	0.24125211508508237	0.08527021518601245	TRAP1	0.2696183	False
4153	2.829265934873082	0.24125211508508237	0.08527021518601245	CREBBP	0.2696183	False
4154	2.70695112424049	0.23913972798111088	0.08834283184488902	GDPD3	0.2696183	False
4155	2.70695112424049	0.23913972798111088	0.08834283184488902	MAPK3	0.2696183	False
4156	2.70695112424049	0.23913972798111088	0.08834283184488902	CORO1A	0.2696183	False
4157	2.70695112424049	0.23913972798111088	0.08834283184488902	NPIPB13	0.2696183	False
4158	2.70695112424049	0.23913972798111088	0.08834283184488902	CD2BP2	0.2696183	False
4159	2.70695112424049	0.23913972798111088	0.08834283184488902	TBC1D10B	0.2696183	False
4160	2.70695112424049	0.23913972798111088	0.08834283184488902	MYLPF	0.2696183	False
4161	2.70695112424049	0.23913972798111088	0.08834283184488902	SEPT1	0.2696183	False
4162	2.70695112424049	0.23913972798111088	0.08834283184488902	ZNF48	0.2696183	False
4163	2.70695112424049	0.23913972798111088	0.08834283184488902	ZNF771	0.2696183	False
4164	2.70695112424049	0.23913972798111088	0.08834283184488902	DCTPP1	0.2696183	False
4165	2.70695112424049	0.23913972798111088	0.08834283184488902	SEPHS2	0.2696183	False
4166	2.70695112424049	0.23913972798111088	0.08834283184488902	ITGAL	0.2696183	False
4167	2.70695112424049	0.23913972798111088	0.08834283184488902	MIR4518	0.2696183	False
4168	2.70695112424049	0.23913972798111088	0.08834283184488902	ZNF768	0.2696183	False
4169	2.70695112424049	0.23913972798111088	0.08834283184488902	ZNF747	0.2696183	False
4170	2.70695112424049	0.23913972798111088	0.08834283184488902	ZNF764	0.2696183	False
4171	2.70695112424049	0.23913972798111088	0.08834283184488902	ZNF688	0.2696183	False
4172	2.70695112424049	0.23913972798111088	0.08834283184488902	ZNF785	0.2696183	False
4173	2.70695112424049	0.23913972798111088	0.08834283184488902	ZNF689	0.2696183	False
4174	2.70695112424049	0.23913972798111088	0.08834283184488902	PRR14	0.2696183	False
4175	2.70695112424049	0.23913972798111088	0.08834283184488902	FBRS	0.2696183	False
4176	2.70695112424049	0.23913972798111088	0.08834283184488902	LOC730183	0.2696183	False
4177	2.70695112424049	0.23913972798111088	0.08834283184488902	SRCAP	0.2696183	False
4178	2.70695112424049	0.23913972798111088	0.08834283184488902	SNORA30	0.2696183	False
4179	2.70695112424049	0.23913972798111088	0.08834283184488902	TMEM265	0.2696183	False
4180	2.70695112424049	0.23913972798111088	0.08834283184488902	PHKG2	0.2696183	False
4181	2.70695112424049	0.23913972798111088	0.08834283184488902	CCDC189	0.2696183	False
4182	2.70695112424049	0.23913972798111088	0.08834283184488902	RNF40	0.2696183	False
4183	2.70695112424049	0.23913972798111088	0.08834283184488902	ZNF629	0.2696183	False
4184	2.70695112424049	0.23913972798111088	0.08834283184488902	BCL7C	0.2696183	False
4185	2.70695112424049	0.23913972798111088	0.08834283184488902	MIR762HG	0.2696183	False
4186	2.70695112424049	0.23913972798111088	0.08834283184488902	MIR4519	0.2696183	False
4187	2.70695112424049	0.23913972798111088	0.08834283184488902	MIR762	0.2696183	False
4188	2.70695112424049	0.23913972798111088	0.08834283184488902	CTF1	0.2696183	False
4189	2.70695112424049	0.23913972798111088	0.08834283184488902	FBXL19-AS1	0.2696183	False
4190	2.70695112424049	0.23913972798111088	0.08834283184488902	FBXL19	0.2696183	False
4191	2.70695112424049	0.23913972798111088	0.08834283184488902	ORAI3	0.2696183	False
4192	2.70695112424049	0.23913972798111088	0.08834283184488902	SETD1A	0.2696183	False
4193	2.70695112424049	0.23913972798111088	0.08834283184488902	HSD3B7	0.2696183	False
4194	2.70695112424049	0.23913972798111088	0.08834283184488902	STX1B	0.2696183	False
4195	2.70695112424049	0.23913972798111088	0.08834283184488902	STX4	0.2696183	False
4196	2.70695112424049	0.23913972798111088	0.08834283184488902	ZNF668	0.2696183	False
4197	2.70695112424049	0.23913972798111088	0.08834283184488902	ZNF646	0.2696183	False
4198	2.70695112424049	0.23913972798111088	0.08834283184488902	PRSS53	0.2696183	False
4199	2.70695112424049	0.23913972798111088	0.08834283184488902	VKORC1	0.2696183	False
4200	2.7389298767233385	0.2867682359577286	0.1047008316623271	BCKDK	0.2696186	False
4201	2.7389298767233385	0.2867682359577286	0.1047008316623271	KAT8	0.2696186	False
4202	2.7389298767233385	0.2867682359577286	0.1047008316623271	PRSS8	0.2696186	False
4203	2.7389298767233385	0.2867682359577286	0.1047008316623271	PRSS36	0.2696186	False
4204	2.7389298767233385	0.2867682359577286	0.1047008316623271	FUS	0.2696186	False
4205	2.7389298767233385	0.2867682359577286	0.1047008316623271	PYCARD	0.2696186	False
4206	2.7389298767233385	0.2867682359577286	0.1047008316623271	PYCARD-AS1	0.2696186	False
4207	2.7389298767233385	0.2867682359577286	0.1047008316623271	TRIM72	0.2696186	False
4208	2.7389298767233385	0.2867682359577286	0.1047008316623271	PYDC1	0.2696186	False
4209	2.7389298767233385	0.2867682359577286	0.1047008316623271	ITGAM	0.2696186	False
4210	2.7389298767233385	0.2867682359577286	0.1047008316623271	ITGAX	0.2696186	False
4211	2.7389298767233385	0.2867682359577286	0.1047008316623271	ITGAD	0.2696186	False
4212	2.7389298767233385	0.2867682359577286	0.1047008316623271	COX6A2	0.2696186	False
4213	2.7389298767233385	0.2867682359577286	0.1047008316623271	ZNF843	0.2696186	False
4214	2.7389298767233385	0.2867682359577286	0.1047008316623271	ARMC5	0.2696186	False
4215	2.7389298767233385	0.2867682359577286	0.1047008316623271	TGFB1I1	0.2696186	False
4216	2.7389298767233385	0.2867682359577286	0.1047008316623271	SLC5A2	0.2696186	False
4217	2.7389298767233385	0.2867682359577286	0.1047008316623271	C16orf58	0.2696186	False
4218	2.7389298767233385	0.2867682359577286	0.1047008316623271	AHSP	0.2696186	False
4219	2.7389298767233385	0.2867682359577286	0.1047008316623271	ZNF720	0.2696186	False
4220	2.7389298767233385	0.2867682359577286	0.1047008316623271	ZNF267	0.2696186	False
4221	2.8448209543299905	0.2880255943075965	0.10124559644753883	PIGL	0.26961863	False
4222	2.8448209543299905	0.2880255943075965	0.10124559644753883	MIR1288	0.26961863	False
4223	2.8448209543299905	0.2880255943075965	0.10124559644753883	CENPV	0.26961863	False
4224	2.8448209543299905	0.2880255943075965	0.10124559644753883	UBB	0.26961863	False
4225	2.8448209543299905	0.2880255943075965	0.10124559644753883	TRPV2	0.26961863	False
4226	2.8448209543299905	0.2880255943075965	0.10124559644753883	LRRC75A-AS1	0.26961863	False
4227	2.8448209543299905	0.2880255943075965	0.10124559644753883	SNORD49B	0.26961863	False
4228	2.8448209543299905	0.2880255943075965	0.10124559644753883	SNORD49A	0.26961863	False
4229	2.8448209543299905	0.2880255943075965	0.10124559644753883	SNORD65	0.26961863	False
4230	2.8448209543299905	0.2880255943075965	0.10124559644753883	LRRC75A	0.26961863	False
4231	2.8448209543299905	0.2880255943075965	0.10124559644753883	ZNF287	0.26961863	False
4232	2.8448209543299905	0.2880255943075965	0.10124559644753883	ZNF624	0.26961863	False
4233	2.8448209543299905	0.2880255943075965	0.10124559644753883	CCDC144A	0.26961863	False
4234	2.8448209543299905	0.2880255943075965	0.10124559644753883	USP32P1	0.26961863	False
4235	2.9245966889031587	0.30349596402246903	0.10377361267419481	TNFRSF13B	0.2696188	False
4236	2.9245966889031587	0.30349596402246903	0.10377361267419481	MPRIP	0.2696188	False
4237	3.1242186733787496	0.4168233252625148	0.13341682156061527	PLD6	0.2696198	False
4238	3.1242186733787496	0.4168233252625148	0.13341682156061527	FLCN	0.2696198	False
4239	3.1242186733787496	0.4168233252625148	0.13341682156061527	COPS3	0.2696198	False
4240	3.1242186733787496	0.4168233252625148	0.13341682156061527	NT5M	0.2696198	False
4241	3.1242186733787496	0.4168233252625148	0.13341682156061527	MED9	0.2696198	False
4242	3.1242186733787496	0.4168233252625148	0.13341682156061527	RASD1	0.2696198	False
4243	3.1242186733787496	0.4168233252625148	0.13341682156061527	PEMT	0.2696198	False
4244	3.1242186733787496	0.4168233252625148	0.13341682156061527	SMCR2	0.2696198	False
4245	3.1242186733787496	0.4168233252625148	0.13341682156061527	RAI1	0.2696198	False
4246	3.1242186733787496	0.4168233252625148	0.13341682156061527	RAI1-AS1	0.2696198	False
4247	3.1242186733787496	0.4168233252625148	0.13341682156061527	SMCR5	0.2696198	False
4248	3.1242186733787496	0.4168233252625148	0.13341682156061527	SREBF1	0.2696198	False
4249	3.1242186733787496	0.4168233252625148	0.13341682156061527	MIR6777	0.2696198	False
4250	3.1242186733787496	0.4168233252625148	0.13341682156061527	MIR33B	0.2696198	False
4251	2.9807821175395612	0.3250713896312497	0.10905573665329645	TOM1L2	0.26961905	False
4252	2.9807821175395612	0.3250713896312497	0.10905573665329645	DRC3	0.26961905	False
4253	2.9807821175395612	0.3250713896312497	0.10905573665329645	ATPAF2	0.26961905	False
4254	2.9807821175395612	0.3250713896312497	0.10905573665329645	GID4	0.26961905	False
4255	2.9807821175395612	0.3250713896312497	0.10905573665329645	DRG2	0.26961905	False
4256	2.995856070062564	0.3406468374441857	0.11370600905973156	MYO15A	0.26961917	False
4257	2.995856070062564	0.3406468374441857	0.11370600905973156	ALKBH5	0.26961917	False
4258	2.995856070062564	0.3406468374441857	0.11370600905973156	LLGL1	0.26961917	False
4259	2.995856070062564	0.3406468374441857	0.11370600905973156	FLII	0.26961917	False
4260	2.995856070062564	0.3406468374441857	0.11370600905973156	MIEF2	0.26961917	False
4261	2.995856070062564	0.3406468374441857	0.11370600905973156	TOP3A	0.26961917	False
4262	2.995856070062564	0.3406468374441857	0.11370600905973156	SMCR8	0.26961917	False
4263	2.995856070062564	0.3406468374441857	0.11370600905973156	SHMT1	0.26961917	False
4264	2.995856070062564	0.3406468374441857	0.11370600905973156	MIR6778	0.26961917	False
4265	2.995856070062564	0.3406468374441857	0.11370600905973156	EVPLL	0.26961917	False
4266	2.995856070062564	0.3406468374441857	0.11370600905973156	LINC02076	0.26961917	False
4267	2.995856070062564	0.3406468374441857	0.11370600905973156	LGALS9C	0.26961917	False
4268	2.995856070062564	0.3406468374441857	0.11370600905973156	USP32P2	0.26961917	False
4269	2.995856070062564	0.3406468374441857	0.11370600905973156	CCDC144B	0.26961917	False
4270	2.995856070062564	0.3406468374441857	0.11370600905973156	FAM106A	0.26961917	False
4271	2.995856070062564	0.3406468374441857	0.11370600905973156	TBC1D28	0.26961917	False
4272	2.995856070062564	0.3406468374441857	0.11370600905973156	ZNF286B	0.26961917	False
4273	2.995856070062564	0.3406468374441857	0.11370600905973156	FOXO3B	0.26961917	False
4274	2.995856070062564	0.3406468374441857	0.11370600905973156	TRIM16L	0.26961917	False
4275	2.995856070062564	0.3406468374441857	0.11370600905973156	FBXW10	0.26961917	False
4276	2.995856070062564	0.3406468374441857	0.11370600905973156	TVP23B	0.26961917	False
4277	2.995856070062564	0.3406468374441857	0.11370600905973156	PRPSAP2	0.26961917	False
4278	2.995856070062564	0.3406468374441857	0.11370600905973156	SLC5A10	0.26961917	False
4279	2.995856070062564	0.3406468374441857	0.11370600905973156	FAM83G	0.26961917	False
4280	2.995856070062564	0.3406468374441857	0.11370600905973156	GRAP	0.26961917	False
4281	2.9297974979660975	0.32525742997219464	0.11101703452132528	SNORD3D	0.26961896	False
4282	2.9297974979660975	0.32525742997219464	0.11101703452132528	GRAPL	0.26961896	False
4283	2.9297974979660975	0.32525742997219464	0.11101703452132528	SNORD3A	0.26961896	False
4284	2.9297974979660975	0.32525742997219464	0.11101703452132528	SNORD3C	0.26961896	False
4285	2.9297974979660975	0.32525742997219464	0.11101703452132528	EPN2	0.26961896	False
4286	2.9297974979660975	0.32525742997219464	0.11101703452132528	EPN2-IT1	0.26961896	False
4287	2.9297974979660975	0.32525742997219464	0.11101703452132528	EPN2-AS1	0.26961896	False
4288	2.9297974979660975	0.32525742997219464	0.11101703452132528	B9D1	0.26961896	False
4289	2.9297974979660975	0.32525742997219464	0.11101703452132528	MIR1180	0.26961896	False
4290	2.9297974979660975	0.32525742997219464	0.11101703452132528	MAPK7	0.26961896	False
4291	2.9297974979660975	0.32525742997219464	0.11101703452132528	MFAP4	0.26961896	False
4292	2.9297974979660975	0.32525742997219464	0.11101703452132528	RNF112	0.26961896	False
4293	2.9297974979660975	0.32525742997219464	0.11101703452132528	SLC47A1	0.26961896	False
4294	2.9297974979660975	0.32525742997219464	0.11101703452132528	ALDH3A2	0.26961896	False
4295	2.9297974979660975	0.32525742997219464	0.11101703452132528	SLC47A2	0.26961896	False
4296	2.9297974979660975	0.32525742997219464	0.11101703452132528	ALDH3A1	0.26961896	False
4297	2.9297974979660975	0.32525742997219464	0.11101703452132528	ULK2	0.26961896	False
4298	2.9297974979660975	0.32525742997219464	0.11101703452132528	AKAP10	0.26961896	False
4299	2.9297974979660975	0.32525742997219464	0.11101703452132528	SPECC1	0.26961896	False
4300	3.6516387379869024	0.7909179909174777	0.21659261708717106	MIR4522	0.2696232	False
4301	3.6516387379869024	0.7909179909174777	0.21659261708717106	WSB1	0.2696232	False
4302	3.6516387379869024	0.7909179909174777	0.21659261708717106	KSR1	0.2696232	False
4303	3.6516387379869024	0.7909179909174777	0.21659261708717106	LGALS9	0.2696232	False
4304	3.6516387379869024	0.7909179909174777	0.21659261708717106	NOS2	0.2696232	False
4305	3.6516387379869024	0.7909179909174777	0.21659261708717106	LYRM9	0.2696232	False
4306	3.60229920196887	0.7063477864195458	0.19608248699427433	NLK	0.26962253	False
4307	3.60229920196887	0.7063477864195458	0.19608248699427433	TMEM97	0.26962253	False
4308	3.60229920196887	0.7063477864195458	0.19608248699427433	IFT20	0.26962253	False
4309	3.60229920196887	0.7063477864195458	0.19608248699427433	TNFAIP1	0.26962253	False
4310	3.60229920196887	0.7063477864195458	0.19608248699427433	POLDIP2	0.26962253	False
4311	3.60229920196887	0.7063477864195458	0.19608248699427433	TMEM199	0.26962253	False
4312	3.60229920196887	0.7063477864195458	0.19608248699427433	MIR4723	0.26962253	False
4313	3.60229920196887	0.7063477864195458	0.19608248699427433	SEBOX	0.26962253	False
4314	3.60229920196887	0.7063477864195458	0.19608248699427433	SARM1	0.26962253	False
4315	3.60229920196887	0.7063477864195458	0.19608248699427433	VTN	0.26962253	False
4316	3.60229920196887	0.7063477864195458	0.19608248699427433	SLC46A1	0.26962253	False
4317	3.60229920196887	0.7063477864195458	0.19608248699427433	SGK494	0.26962253	False
4318	3.60229920196887	0.7063477864195458	0.19608248699427433	SLC13A2	0.26962253	False
4319	3.60229920196887	0.7063477864195458	0.19608248699427433	FOXN1	0.26962253	False
4320	3.60229920196887	0.7063477864195458	0.19608248699427433	UNC119	0.26962253	False
4321	3.60229920196887	0.7063477864195458	0.19608248699427433	PIGS	0.26962253	False
4322	3.60229920196887	0.7063477864195458	0.19608248699427433	ALDOC	0.26962253	False
4323	3.60229920196887	0.7063477864195458	0.19608248699427433	SPAG5	0.26962253	False
4324	3.60229920196887	0.7063477864195458	0.19608248699427433	SPAG5-AS1	0.26962253	False
4325	3.60229920196887	0.7063477864195458	0.19608248699427433	KIAA0100	0.26962253	False
4326	3.60229920196887	0.7063477864195458	0.19608248699427433	SDF2	0.26962253	False
4327	3.60229920196887	0.7063477864195458	0.19608248699427433	SUPT6H	0.26962253	False
4328	3.60229920196887	0.7063477864195458	0.19608248699427433	PROCA1	0.26962253	False
4329	3.60229920196887	0.7063477864195458	0.19608248699427433	RAB34	0.26962253	False
4330	3.60229920196887	0.7063477864195458	0.19608248699427433	RPL23A	0.26962253	False
4331	3.60229920196887	0.7063477864195458	0.19608248699427433	SNORD42B	0.26962253	False
4332	3.60229920196887	0.7063477864195458	0.19608248699427433	SNORD4A	0.26962253	False
4333	3.60229920196887	0.7063477864195458	0.19608248699427433	SNORD42A	0.26962253	False
4334	3.60229920196887	0.7063477864195458	0.19608248699427433	SNORD4B	0.26962253	False
4335	3.60229920196887	0.7063477864195458	0.19608248699427433	TLCD1	0.26962253	False
4336	3.60229920196887	0.7063477864195458	0.19608248699427433	NEK8	0.26962253	False
4337	3.60229920196887	0.7063477864195458	0.19608248699427433	TRAF4	0.26962253	False
4338	3.60229920196887	0.7063477864195458	0.19608248699427433	FAM222B	0.26962253	False
4339	3.60229920196887	0.7063477864195458	0.19608248699427433	ERAL1	0.26962253	False
4340	3.60229920196887	0.7063477864195458	0.19608248699427433	MIR144	0.26962253	False
4341	3.60229920196887	0.7063477864195458	0.19608248699427433	MIR451A	0.26962253	False
4342	3.60229920196887	0.7063477864195458	0.19608248699427433	MIR4732	0.26962253	False
4343	3.60229920196887	0.7063477864195458	0.19608248699427433	FLOT2	0.26962253	False
4344	3.444484564500472	0.5629589663838397	0.16343779623395743	DHRS13	0.26962113	False
4345	3.444484564500472	0.5629589663838397	0.16343779623395743	PHF12	0.26962113	False
4346	3.444484564500472	0.5629589663838397	0.16343779623395743	LOC101927018	0.26962113	False
4347	3.444484564500472	0.5629589663838397	0.16343779623395743	PIPOX	0.26962113	False
4348	3.444484564500472	0.5629589663838397	0.16343779623395743	SEZ6	0.26962113	False
4349	3.444484564500472	0.5629589663838397	0.16343779623395743	MYO18A	0.26962113	False
4350	3.444484564500472	0.5629589663838397	0.16343779623395743	TIAF1	0.26962113	False
4351	3.444484564500472	0.5629589663838397	0.16343779623395743	CRYBA1	0.26962113	False
4352	3.444484564500472	0.5629589663838397	0.16343779623395743	NUFIP2	0.26962113	False
4353	3.444484564500472	0.5629589663838397	0.16343779623395743	TAOK1	0.26962113	False
4354	3.444484564500472	0.5629589663838397	0.16343779623395743	MIR4523	0.26962113	False
4355	3.444484564500472	0.5629589663838397	0.16343779623395743	ABHD15	0.26962113	False
4356	3.444484564500472	0.5629589663838397	0.16343779623395743	TP53I13	0.26962113	False
4357	3.444484564500472	0.5629589663838397	0.16343779623395743	GIT1	0.26962113	False
4358	3.444484564500472	0.5629589663838397	0.16343779623395743	ANKRD13B	0.26962113	False
4359	3.444484564500472	0.5629589663838397	0.16343779623395743	CORO6	0.26962113	False
4360	3.288641133061117	0.4614479545880169	0.1403156914717825	SSH2	0.26962018	False
4361	3.288641133061117	0.4614479545880169	0.1403156914717825	EFCAB5	0.26962018	False
4362	3.200993761598802	0.44185947467649794	0.13803821799883864	NSRP1	0.26961994	False
4363	3.200993761598802	0.44185947467649794	0.13803821799883864	MIR3184	0.26961994	False
4364	3.200993761598802	0.44185947467649794	0.13803821799883864	MIR423	0.26961994	False
4365	3.200993761598802	0.44185947467649794	0.13803821799883864	SLC6A4	0.26961994	False
4366	3.200993761598802	0.44185947467649794	0.13803821799883864	BLMH	0.26961994	False
4367	3.200993761598802	0.44185947467649794	0.13803821799883864	TMIGD1	0.26961994	False
4368	3.200993761598802	0.44185947467649794	0.13803821799883864	CPD	0.26961994	False
4369	3.200993761598802	0.44185947467649794	0.13803821799883864	GOSR1	0.26961994	False
4370	3.200993761598802	0.44185947467649794	0.13803821799883864	TBC1D29P	0.26961994	False
4371	3.200993761598802	0.44185947467649794	0.13803821799883864	SMURF2P1-LRRC37BP1	0.26961994	False
4372	3.200993761598802	0.44185947467649794	0.13803821799883864	CRLF3	0.26961994	False
4373	3.200993761598802	0.44185947467649794	0.13803821799883864	ATAD5	0.26961994	False
4374	3.000992738686259	0.33940260529508476	0.11309677658322646	TEFM	0.26961908	False
4375	3.000992738686259	0.33940260529508476	0.11309677658322646	ADAP2	0.26961908	False
4376	3.000992738686259	0.33940260529508476	0.11309677658322646	RNF135	0.26961908	False
4377	3.000992738686259	0.33940260529508476	0.11309677658322646	MIR4733	0.26961908	False
4378	3.000992738686259	0.33940260529508476	0.11309677658322646	NF1	0.26961908	False
4379	2.8685705847518554	0.31528352111453795	0.1099096263450709	OMG	0.26961878	False
4380	2.8685705847518554	0.31528352111453795	0.1099096263450709	EVI2B	0.26961878	False
4381	2.8685705847518554	0.31528352111453795	0.1099096263450709	EVI2A	0.26961878	False
4382	2.8685705847518554	0.31528352111453795	0.1099096263450709	RAB11FIP4	0.26961878	False
4383	2.8685705847518554	0.31528352111453795	0.1099096263450709	MIR4724	0.26961878	False
4384	2.8685705847518554	0.31528352111453795	0.1099096263450709	MIR193A	0.26961878	False
4385	2.8685705847518554	0.31528352111453795	0.1099096263450709	MIR4725	0.26961878	False
4386	2.8685705847518554	0.31528352111453795	0.1099096263450709	MIR365B	0.26961878	False
4387	2.8685705847518554	0.31528352111453795	0.1099096263450709	COPRS	0.26961878	False
4388	2.7489305348019597	0.2036285921787403	0.07407556851683422	TBC1D3H	0.2696181	False
4389	2.8317627921739685	0.24205318265274547	0.08547791620177309	TBC1D3	0.2696184	False
4390	2.8317627921739685	0.24205318265274547	0.08547791620177309	TBC1D3I	0.2696184	False
4391	2.8317627921739685	0.24205318265274547	0.08547791620177309	TBC1D3D	0.2696184	False
4392	2.8317627921739685	0.24205318265274547	0.08547791620177309	TBC1D3C	0.2696184	False
4393	2.887862290345507	0.2833813613273247	0.09812841916829097	TBC1D3E	0.26961863	False
4394	2.887862290345507	0.2833813613273247	0.09812841916829097	MRPL45	0.26961863	False
4395	2.887862290345507	0.2833813613273247	0.09812841916829097	GPR179	0.26961863	False
4396	2.887862290345507	0.2833813613273247	0.09812841916829097	SOCS7	0.26961863	False
4397	2.887862290345507	0.2833813613273247	0.09812841916829097	ARHGAP23	0.26961863	False
4398	2.887862290345507	0.2833813613273247	0.09812841916829097	SRCIN1	0.26961863	False
4399	2.887862290345507	0.2833813613273247	0.09812841916829097	EPOP	0.26961863	False
4400	2.887862290345507	0.2833813613273247	0.09812841916829097	MIR4734	0.26961863	False
4401	2.887862290345507	0.2833813613273247	0.09812841916829097	MLLT6	0.26961863	False
4402	2.887862290345507	0.2833813613273247	0.09812841916829097	MIR4726	0.26961863	False
4403	2.887862290345507	0.2833813613273247	0.09812841916829097	CISD3	0.26961863	False
4404	2.887862290345507	0.2833813613273247	0.09812841916829097	PCGF2	0.26961863	False
4405	2.887862290345507	0.2833813613273247	0.09812841916829097	PSMB3	0.26961863	False
4406	2.887862290345507	0.2833813613273247	0.09812841916829097	PIP4K2B	0.26961863	False
4407	2.887862290345507	0.2833813613273247	0.09812841916829097	CWC25	0.26961863	False
4408	2.887862290345507	0.2833813613273247	0.09812841916829097	MIR4727	0.26961863	False
4409	2.887862290345507	0.2833813613273247	0.09812841916829097	C17orf98	0.26961863	False
4410	2.887862290345507	0.2833813613273247	0.09812841916829097	RPL23	0.26961863	False
4411	2.887862290345507	0.2833813613273247	0.09812841916829097	SNORA21	0.26961863	False
4412	3.0265800112207573	0.336936161366796	0.11132570760318156	LASP1	0.2696191	False
4413	3.0265800112207573	0.336936161366796	0.11132570760318156	MIR6779	0.2696191	False
4414	3.0265800112207573	0.336936161366796	0.11132570760318156	LINC00672	0.2696191	False
4415	3.0265800112207573	0.336936161366796	0.11132570760318156	FBXO47	0.2696191	False
4416	3.0265800112207573	0.336936161366796	0.11132570760318156	PLXDC1	0.2696191	False
4417	3.2004605381063524	0.456963468067498	0.14278053505945554	ARL5C	0.2696201	False
4418	3.2004605381063524	0.456963468067498	0.14278053505945554	CACNB1	0.2696201	False
4419	3.2004605381063524	0.456963468067498	0.14278053505945554	RPL19	0.2696201	False
4420	3.2004605381063524	0.456963468067498	0.14278053505945554	STAC2	0.2696201	False
4421	3.2004605381063524	0.456963468067498	0.14278053505945554	FBXL20	0.2696201	False
4422	3.2004605381063524	0.456963468067498	0.14278053505945554	MED1	0.2696201	False
4423	3.2004605381063524	0.456963468067498	0.14278053505945554	CDK12	0.2696201	False
4424	3.2004605381063524	0.456963468067498	0.14278053505945554	NEUROD2	0.2696201	False
4425	3.2004605381063524	0.456963468067498	0.14278053505945554	PPP1R1B	0.2696201	False
4426	3.2004605381063524	0.456963468067498	0.14278053505945554	STARD3	0.2696201	False
4427	3.2004605381063524	0.456963468067498	0.14278053505945554	TCAP	0.2696201	False
4428	3.2004605381063524	0.456963468067498	0.14278053505945554	PNMT	0.2696201	False
4429	3.2004605381063524	0.456963468067498	0.14278053505945554	PGAP3	0.2696201	False
4430	3.2004605381063524	0.456963468067498	0.14278053505945554	ERBB2	0.2696201	False
4431	3.2004605381063524	0.456963468067498	0.14278053505945554	MIR4728	0.2696201	False
4432	3.2004605381063524	0.456963468067498	0.14278053505945554	MIEN1	0.2696201	False
4433	3.2004605381063524	0.456963468067498	0.14278053505945554	GRB7	0.2696201	False
4434	3.2004605381063524	0.456963468067498	0.14278053505945554	IKZF3	0.2696201	False
4435	3.2004605381063524	0.456963468067498	0.14278053505945554	ZPBP2	0.2696201	False
4436	3.3405834422306286	0.539583381228603	0.16152369505498826	GSDMB	0.26962098	False
4437	3.3405834422306286	0.539583381228603	0.16152369505498826	ORMDL3	0.26962098	False
4438	3.3405834422306286	0.539583381228603	0.16152369505498826	LRRC3C	0.26962098	False
4439	3.3405834422306286	0.539583381228603	0.16152369505498826	GSDMA	0.26962098	False
4440	3.3405834422306286	0.539583381228603	0.16152369505498826	PSMD3	0.26962098	False
4441	3.3405834422306286	0.539583381228603	0.16152369505498826	CSF3	0.26962098	False
4442	3.3405834422306286	0.539583381228603	0.16152369505498826	MED24	0.26962098	False
4443	3.3405834422306286	0.539583381228603	0.16152369505498826	MIR6884	0.26962098	False
4444	3.3405834422306286	0.539583381228603	0.16152369505498826	SNORD124	0.26962098	False
4445	3.3405834422306286	0.539583381228603	0.16152369505498826	THRA	0.26962098	False
4446	3.3405834422306286	0.539583381228603	0.16152369505498826	NR1D1	0.26962098	False
4447	3.568980421890236	0.7292417086236843	0.20432774137703358	MSL1	0.2696228	False
4448	3.568980421890236	0.7292417086236843	0.20432774137703358	CASC3	0.2696228	False
4449	3.568980421890236	0.7292417086236843	0.20432774137703358	RAPGEFL1	0.2696228	False
4450	3.568980421890236	0.7292417086236843	0.20432774137703358	MIR6867	0.2696228	False
4451	3.568980421890236	0.7292417086236843	0.20432774137703358	WIPF2	0.2696228	False
4452	3.568980421890236	0.7292417086236843	0.20432774137703358	CDC6	0.2696228	False
4453	3.568980421890236	0.7292417086236843	0.20432774137703358	RARA	0.2696228	False
4454	3.568980421890236	0.7292417086236843	0.20432774137703358	RARA-AS1	0.2696228	False
4455	3.568980421890236	0.7292417086236843	0.20432774137703358	GJD3	0.2696228	False
4456	3.568980421890236	0.7292417086236843	0.20432774137703358	TOP2A	0.2696228	False
4457	3.568980421890236	0.7292417086236843	0.20432774137703358	IGFBP4	0.2696228	False
4458	3.568980421890236	0.7292417086236843	0.20432774137703358	TNS4	0.2696228	False
4459	3.568980421890236	0.7292417086236843	0.20432774137703358	CCR7	0.2696228	False
4460	3.568980421890236	0.7292417086236843	0.20432774137703358	SMARCE1	0.2696228	False
4461	3.568980421890236	0.7292417086236843	0.20432774137703358	KRT222	0.2696228	False
4462	3.568980421890236	0.7292417086236843	0.20432774137703358	KRT24	0.2696228	False
4463	3.568980421890236	0.7292417086236843	0.20432774137703358	KRT25	0.2696228	False
4464	3.568980421890236	0.7292417086236843	0.20432774137703358	KRT26	0.2696228	False
4465	3.568980421890236	0.7292417086236843	0.20432774137703358	KRT27	0.2696228	False
4466	3.568980421890236	0.7292417086236843	0.20432774137703358	KRT28	0.2696228	False
4467	3.568980421890236	0.7292417086236843	0.20432774137703358	KRT10	0.2696228	False
4468	3.568980421890236	0.7292417086236843	0.20432774137703358	TMEM99	0.2696228	False
4469	3.568980421890236	0.7292417086236843	0.20432774137703358	KRT12	0.2696228	False
4470	3.568980421890236	0.7292417086236843	0.20432774137703358	KRT20	0.2696228	False
4471	3.5142172081703404	0.6803743758962207	0.19360623877044136	KRT23	0.2696224	False
4472	3.5142172081703404	0.6803743758962207	0.19360623877044136	KRT39	0.2696224	False
4473	3.5142172081703404	0.6803743758962207	0.19360623877044136	KRT40	0.2696224	False
4474	3.5142172081703404	0.6803743758962207	0.19360623877044136	KRTAP3-3	0.2696224	False
4475	3.5142172081703404	0.6803743758962207	0.19360623877044136	KRTAP3-2	0.2696224	False
4476	3.5142172081703404	0.6803743758962207	0.19360623877044136	KRTAP3-1	0.2696224	False
4477	3.5142172081703404	0.6803743758962207	0.19360623877044136	KRTAP1-5	0.2696224	False
4478	3.5142172081703404	0.6803743758962207	0.19360623877044136	KRTAP1-4	0.2696224	False
4479	3.5142172081703404	0.6803743758962207	0.19360623877044136	KRTAP1-3	0.2696224	False
4480	3.5142172081703404	0.6803743758962207	0.19360623877044136	KRTAP1-1	0.2696224	False
4481	3.5142172081703404	0.6803743758962207	0.19360623877044136	KRTAP2-1	0.2696224	False
4482	3.5142172081703404	0.6803743758962207	0.19360623877044136	KRTAP2-2	0.2696224	False
4483	3.5142172081703404	0.6803743758962207	0.19360623877044136	KRTAP2-3	0.2696224	False
4484	3.5142172081703404	0.6803743758962207	0.19360623877044136	KRTAP2-4	0.2696224	False
4485	3.5142172081703404	0.6803743758962207	0.19360623877044136	KRTAP4-7	0.2696224	False
4486	3.5142172081703404	0.6803743758962207	0.19360623877044136	KRTAP4-8	0.2696224	False
4487	3.58355027911864	0.7544443490107354	0.21052986291468695	KRTAP4-9	0.26962316	False
4488	3.58355027911864	0.7544443490107354	0.21052986291468695	KRTAP4-11	0.26962316	False
4489	3.58355027911864	0.7544443490107354	0.21052986291468695	KRTAP4-12	0.26962316	False
4490	3.58355027911864	0.7544443490107354	0.21052986291468695	KRTAP4-6	0.26962316	False
4491	3.58355027911864	0.7544443490107354	0.21052986291468695	KRTAP4-5	0.26962316	False
4492	3.58355027911864	0.7544443490107354	0.21052986291468695	KRTAP4-4	0.26962316	False
4493	3.58355027911864	0.7544443490107354	0.21052986291468695	KRTAP4-3	0.26962316	False
4494	3.58355027911864	0.7544443490107354	0.21052986291468695	KRTAP4-2	0.26962316	False
4495	3.58355027911864	0.7544443490107354	0.21052986291468695	KRTAP4-1	0.26962316	False
4496	3.58355027911864	0.7544443490107354	0.21052986291468695	KRTAP9-1	0.26962316	False
4497	3.58355027911864	0.7544443490107354	0.21052986291468695	KRTAP9-2	0.26962316	False
4498	3.58355027911864	0.7544443490107354	0.21052986291468695	KRTAP9-3	0.26962316	False
4499	3.58355027911864	0.7544443490107354	0.21052986291468695	KRTAP9-8	0.26962316	False
4500	3.58355027911864	0.7544443490107354	0.21052986291468695	KRTAP9-4	0.26962316	False
4501	3.58355027911864	0.7544443490107354	0.21052986291468695	KRTAP9-9	0.26962316	False
4502	3.58355027911864	0.7544443490107354	0.21052986291468695	KRTAP9-6	0.26962316	False
4503	3.58355027911864	0.7544443490107354	0.21052986291468695	KRTAP9-7	0.26962316	False
4504	3.58355027911864	0.7544443490107354	0.21052986291468695	KRTAP29-1	0.26962316	False
4505	3.58355027911864	0.7544443490107354	0.21052986291468695	KRTAP16-1	0.26962316	False
4506	3.58355027911864	0.7544443490107354	0.21052986291468695	KRTAP17-1	0.26962316	False
4507	3.58355027911864	0.7544443490107354	0.21052986291468695	KRT33A	0.26962316	False
4508	3.58355027911864	0.7544443490107354	0.21052986291468695	KRT33B	0.26962316	False
4509	3.58355027911864	0.7544443490107354	0.21052986291468695	KRT34	0.26962316	False
4510	3.58355027911864	0.7544443490107354	0.21052986291468695	KRT31	0.26962316	False
4511	3.58355027911864	0.7544443490107354	0.21052986291468695	LOC100505782	0.26962316	False
4512	3.58355027911864	0.7544443490107354	0.21052986291468695	KRT37	0.26962316	False
4513	3.58355027911864	0.7544443490107354	0.21052986291468695	KRT38	0.26962316	False
4514	3.58355027911864	0.7544443490107354	0.21052986291468695	KRT32	0.26962316	False
4515	3.58355027911864	0.7544443490107354	0.21052986291468695	KRT35	0.26962316	False
4516	3.58355027911864	0.7544443490107354	0.21052986291468695	KRT36	0.26962316	False
4517	3.58355027911864	0.7544443490107354	0.21052986291468695	KRT13	0.26962316	False
4518	3.58355027911864	0.7544443490107354	0.21052986291468695	KRT15	0.26962316	False
4519	3.58355027911864	0.7544443490107354	0.21052986291468695	MIR6510	0.26962316	False
4520	3.58355027911864	0.7544443490107354	0.21052986291468695	KRT19	0.26962316	False
4521	3.58355027911864	0.7544443490107354	0.21052986291468695	LINC00974	0.26962316	False
4522	3.58355027911864	0.7544443490107354	0.21052986291468695	KRT9	0.26962316	False
4523	3.58355027911864	0.7544443490107354	0.21052986291468695	KRT14	0.26962316	False
4524	3.58355027911864	0.7544443490107354	0.21052986291468695	KRT16	0.26962316	False
4525	3.58355027911864	0.7544443490107354	0.21052986291468695	KRT17	0.26962316	False
4526	3.58355027911864	0.7544443490107354	0.21052986291468695	EIF1	0.26962316	False
4527	3.58355027911864	0.7544443490107354	0.21052986291468695	GAST	0.26962316	False
4528	3.58355027911864	0.7544443490107354	0.21052986291468695	HAP1	0.26962316	False
4529	3.58355027911864	0.7544443490107354	0.21052986291468695	JUP	0.26962316	False
4530	3.58355027911864	0.7544443490107354	0.21052986291468695	P3H4	0.26962316	False
4531	3.58355027911864	0.7544443490107354	0.21052986291468695	FKBP10	0.26962316	False
4532	3.58355027911864	0.7544443490107354	0.21052986291468695	NT5C3B	0.26962316	False
4533	3.58355027911864	0.7544443490107354	0.21052986291468695	KLHL10	0.26962316	False
4534	3.58355027911864	0.7544443490107354	0.21052986291468695	KLHL11	0.26962316	False
4535	3.558136305740999	0.7209745647104724	0.2026270223395295	ACLY	0.26962283	False
4536	3.558136305740999	0.7209745647104724	0.2026270223395295	TTC25	0.26962283	False
4537	3.558136305740999	0.7209745647104724	0.2026270223395295	CNP	0.26962283	False
4538	3.558136305740999	0.7209745647104724	0.2026270223395295	DNAJC7	0.26962283	False
4539	3.558136305740999	0.7209745647104724	0.2026270223395295	NKIRAS2	0.26962283	False
4540	3.558136305740999	0.7209745647104724	0.2026270223395295	ZNF385C	0.26962283	False
4541	3.6062678885172064	0.7685209351175621	0.213107001164452	DHX58	0.2696233	False
4542	3.6062678885172064	0.7685209351175621	0.213107001164452	KAT2A	0.2696233	False
4543	3.6062678885172064	0.7685209351175621	0.213107001164452	RAB5C	0.2696233	False
4544	3.6062678885172064	0.7685209351175621	0.213107001164452	HSPB9	0.2696233	False
4545	3.6062678885172064	0.7685209351175621	0.213107001164452	KCNH4	0.2696233	False
4546	3.6062678885172064	0.7685209351175621	0.213107001164452	HCRT	0.2696233	False
4547	3.6062678885172064	0.7685209351175621	0.213107001164452	GHDC	0.2696233	False
4548	3.6062678885172064	0.7685209351175621	0.213107001164452	STAT5B	0.2696233	False
4549	3.6062678885172064	0.7685209351175621	0.213107001164452	STAT5A	0.2696233	False
4550	3.6062678885172064	0.7685209351175621	0.213107001164452	STAT3	0.2696233	False
4551	3.6062678885172064	0.7685209351175621	0.213107001164452	CAVIN1	0.2696233	False
4552	3.6062678885172064	0.7685209351175621	0.213107001164452	ATP6V0A1	0.2696233	False
4553	3.6062678885172064	0.7685209351175621	0.213107001164452	MIR548AT	0.2696233	False
4554	3.6062678885172064	0.7685209351175621	0.213107001164452	MIR5010	0.2696233	False
4555	3.6062678885172064	0.7685209351175621	0.213107001164452	NAGLU	0.2696233	False
4556	3.6062678885172064	0.7685209351175621	0.213107001164452	HSD17B1	0.2696233	False
4557	3.6062678885172064	0.7685209351175621	0.213107001164452	COASY	0.2696233	False
4558	3.6062678885172064	0.7685209351175621	0.213107001164452	MLX	0.2696233	False
4559	3.6062678885172064	0.7685209351175621	0.213107001164452	PSMC3IP	0.2696233	False
4560	3.6062678885172064	0.7685209351175621	0.213107001164452	RETREG3	0.2696233	False
4561	3.6062678885172064	0.7685209351175621	0.213107001164452	TUBG1	0.2696233	False
4562	3.6062678885172064	0.7685209351175621	0.213107001164452	TUBG2	0.2696233	False
4563	3.6062678885172064	0.7685209351175621	0.213107001164452	PLEKHH3	0.2696233	False
4564	3.6062678885172064	0.7685209351175621	0.213107001164452	CCR10	0.2696233	False
4565	3.6062678885172064	0.7685209351175621	0.213107001164452	CNTNAP1	0.2696233	False
4566	3.6062678885172064	0.7685209351175621	0.213107001164452	EZH1	0.2696233	False
4567	3.6062678885172064	0.7685209351175621	0.213107001164452	MIR6780A	0.2696233	False
4568	3.6062678885172064	0.7685209351175621	0.213107001164452	RAMP2-AS1	0.2696233	False
4569	3.6062678885172064	0.7685209351175621	0.213107001164452	RAMP2	0.2696233	False
4570	3.6062678885172064	0.7685209351175621	0.213107001164452	VPS25	0.2696233	False
4571	3.6062678885172064	0.7685209351175621	0.213107001164452	WNK4	0.2696233	False
4572	3.6062678885172064	0.7685209351175621	0.213107001164452	COA3	0.2696233	False
4573	3.6062678885172064	0.7685209351175621	0.213107001164452	CNTD1	0.2696233	False
4574	3.6062678885172064	0.7685209351175621	0.213107001164452	BECN1	0.2696233	False
4575	3.6062678885172064	0.7685209351175621	0.213107001164452	MIR6781	0.2696233	False
4576	3.6062678885172064	0.7685209351175621	0.213107001164452	PSME3	0.2696233	False
4577	3.6062678885172064	0.7685209351175621	0.213107001164452	AOC2	0.2696233	False
4578	3.6062678885172064	0.7685209351175621	0.213107001164452	AOC3	0.2696233	False
4579	3.6062678885172064	0.7685209351175621	0.213107001164452	LINC00671	0.2696233	False
4580	3.523260647047258	0.690800986442693	0.19606865788417704	G6PC	0.26962247	False
4581	3.523260647047258	0.690800986442693	0.19606865788417704	AARSD1	0.26962247	False
4582	3.523260647047258	0.690800986442693	0.19606865788417704	PTGES3L-AARSD1	0.26962247	False
4583	3.523260647047258	0.690800986442693	0.19606865788417704	PTGES3L	0.26962247	False
4584	3.523260647047258	0.690800986442693	0.19606865788417704	RUNDC1	0.26962247	False
4585	3.523260647047258	0.690800986442693	0.19606865788417704	RPL27	0.26962247	False
4586	3.523260647047258	0.690800986442693	0.19606865788417704	IFI35	0.26962247	False
4587	3.523260647047258	0.690800986442693	0.19606865788417704	VAT1	0.26962247	False
4588	3.523260647047258	0.690800986442693	0.19606865788417704	RND2	0.26962247	False
4589	3.523260647047258	0.690800986442693	0.19606865788417704	BRCA1	0.26962247	False
4590	3.4416872399079734	0.640588593597574	0.18612632378957902	LOC101929767	0.26962188	False
4591	3.4416872399079734	0.640588593597574	0.18612632378957902	NBR1	0.26962188	False
4592	3.4416872399079734	0.640588593597574	0.18612632378957902	TMEM106A	0.26962188	False
4593	3.4416872399079734	0.640588593597574	0.18612632378957902	CCDC200	0.26962188	False
4594	3.4416872399079734	0.640588593597574	0.18612632378957902	RNU2-1	0.26962188	False
4595	3.4416872399079734	0.640588593597574	0.18612632378957902	LINC00910	0.26962188	False
4596	3.4416872399079734	0.640588593597574	0.18612632378957902	ARL4D	0.26962188	False
4597	3.4416872399079734	0.640588593597574	0.18612632378957902	MIR2117	0.26962188	False
4598	3.4416872399079734	0.640588593597574	0.18612632378957902	DHX8	0.26962188	False
4599	3.4416872399079734	0.640588593597574	0.18612632378957902	ETV4	0.26962188	False
4600	3.4416872399079734	0.640588593597574	0.18612632378957902	MEOX1	0.26962188	False
4601	3.4416872399079734	0.640588593597574	0.18612632378957902	SOST	0.26962188	False
4602	3.4416872399079734	0.640588593597574	0.18612632378957902	DUSP3	0.26962188	False
4603	3.4416872399079734	0.640588593597574	0.18612632378957902	CFAP97D1	0.26962188	False
4604	3.4416872399079734	0.640588593597574	0.18612632378957902	MPP3	0.26962188	False
4605	3.4416872399079734	0.640588593597574	0.18612632378957902	CD300LG	0.26962188	False
4606	3.2885763822919842	0.5088643795249409	0.15473698049558032	MPP2	0.26962072	False
4607	3.2885763822919842	0.5088643795249409	0.15473698049558032	FAM215A	0.26962072	False
4608	3.2885763822919842	0.5088643795249409	0.15473698049558032	PPY	0.26962072	False
4609	3.2885763822919842	0.5088643795249409	0.15473698049558032	PYY	0.26962072	False
4610	3.2885763822919842	0.5088643795249409	0.15473698049558032	NAGS	0.26962072	False
4611	3.2885763822919842	0.5088643795249409	0.15473698049558032	TMEM101	0.26962072	False
4612	3.2885763822919842	0.5088643795249409	0.15473698049558032	LSM12	0.26962072	False
4613	3.2885763822919842	0.5088643795249409	0.15473698049558032	G6PC3	0.26962072	False
4614	3.2885763822919842	0.5088643795249409	0.15473698049558032	HDAC5	0.26962072	False
4615	3.263602324125288	0.49581205159214925	0.151921711762182	C17orf53	0.26962048	False
4616	3.263602324125288	0.49581205159214925	0.151921711762182	ASB16	0.26962048	False
4617	3.263602324125288	0.49581205159214925	0.151921711762182	ASB16-AS1	0.26962048	False
4618	3.263602324125288	0.49581205159214925	0.151921711762182	TMUB2	0.26962048	False
4619	3.263602324125288	0.49581205159214925	0.151921711762182	ATXN7L3	0.26962048	False
4620	3.263602324125288	0.49581205159214925	0.151921711762182	UBTF	0.26962048	False
4621	3.263602324125288	0.49581205159214925	0.151921711762182	MIR6782	0.26962048	False
4622	3.263602324125288	0.49581205159214925	0.151921711762182	SLC4A1	0.26962048	False
4623	3.263602324125288	0.49581205159214925	0.151921711762182	RUNDC3A-AS1	0.26962048	False
4624	3.263602324125288	0.49581205159214925	0.151921711762182	RUNDC3A	0.26962048	False
4625	3.263602324125288	0.49581205159214925	0.151921711762182	SLC25A39	0.26962048	False
4626	3.263602324125288	0.49581205159214925	0.151921711762182	GRN	0.26962048	False
4627	3.263602324125288	0.49581205159214925	0.151921711762182	FAM171A2	0.26962048	False
4628	3.263602324125288	0.49581205159214925	0.151921711762182	ITGA2B	0.26962048	False
4629	3.263602324125288	0.49581205159214925	0.151921711762182	GPATCH8	0.26962048	False
4630	3.263602324125288	0.49581205159214925	0.151921711762182	FZD2	0.26962048	False
4631	3.263602324125288	0.49581205159214925	0.151921711762182	LINC01180	0.26962048	False
4632	3.263602324125288	0.49581205159214925	0.151921711762182	MEIOC	0.26962048	False
4633	3.263602324125288	0.49581205159214925	0.151921711762182	CCDC43	0.26962048	False
4634	3.263602324125288	0.49581205159214925	0.151921711762182	DBF4B	0.26962048	False
4635	3.263602324125288	0.49581205159214925	0.151921711762182	ADAM11	0.26962048	False
4636	3.263602324125288	0.49581205159214925	0.151921711762182	GJC1	0.26962048	False
4637	3.263602324125288	0.49581205159214925	0.151921711762182	HIGD1B	0.26962048	False
4638	3.263602324125288	0.49581205159214925	0.151921711762182	EFTUD2	0.26962048	False
4639	3.163479628241206	0.42169666452354	0.13330152682474833	CCDC103	0.26961982	False
4640	3.163479628241206	0.42169666452354	0.13330152682474833	GFAP	0.26961982	False
4641	3.163479628241206	0.42169666452354	0.13330152682474833	KIF18B	0.26961982	False
4642	3.163479628241206	0.42169666452354	0.13330152682474833	MIR6783	0.26961982	False
4643	3.163479628241206	0.42169666452354	0.13330152682474833	C1QL1	0.26961982	False
4644	3.163479628241206	0.42169666452354	0.13330152682474833	DCAKD	0.26961982	False
4645	3.163479628241206	0.42169666452354	0.13330152682474833	NMT1	0.26961982	False
4646	3.059600784465448	0.37762214554510815	0.12342203187501263	PLCD3	0.2696194	False
4647	3.059600784465448	0.37762214554510815	0.12342203187501263	MIR6784	0.2696194	False
4648	3.059600784465448	0.37762214554510815	0.12342203187501263	ACBD4	0.2696194	False
4649	3.059600784465448	0.37762214554510815	0.12342203187501263	HEXIM1	0.2696194	False
4650	3.059600784465448	0.37762214554510815	0.12342203187501263	HEXIM2	0.2696194	False
4651	3.059600784465448	0.37762214554510815	0.12342203187501263	FMNL1	0.2696194	False
4652	3.059600784465448	0.37762214554510815	0.12342203187501263	MAP3K14-AS1	0.2696194	False
4653	3.059600784465448	0.37762214554510815	0.12342203187501263	SPATA32	0.2696194	False
4654	3.059600784465448	0.37762214554510815	0.12342203187501263	MAP3K14	0.2696194	False
4655	3.059600784465448	0.37762214554510815	0.12342203187501263	ARHGAP27	0.2696194	False
4656	3.059600784465448	0.37762214554510815	0.12342203187501263	PLEKHM1	0.2696194	False
4657	3.059600784465448	0.37762214554510815	0.12342203187501263	LINC02210-CRHR1	0.2696194	False
4658	3.059600784465448	0.37762214554510815	0.12342203187501263	LINC02210	0.2696194	False
4659	3.059600784465448	0.37762214554510815	0.12342203187501263	CRHR1	0.2696194	False
4660	3.059600784465448	0.37762214554510815	0.12342203187501263	MAPT-AS1	0.2696194	False
4661	3.059600784465448	0.37762214554510815	0.12342203187501263	SPPL2C	0.2696194	False
4662	2.9884072804439072	0.3214444735573632	0.10756381021452165	MAPT	0.26961896	False
4663	3.059600784465448	0.37762214554510815	0.12342203187501263	MAPT-IT1	0.2696194	False
4664	2.9884072804439072	0.3214444735573632	0.10756381021452165	STH	0.26961896	False
4665	2.9884072804439072	0.3214444735573632	0.10756381021452165	KANSL1	0.26961896	False
4666	2.8911658729444643	0.28845966515896276	0.09977278296564333	KANSL1-AS1	0.26961863	False
4667	2.8911658729444643	0.28845966515896276	0.09977278296564333	ARL17B	0.26961863	False
4668	2.8911658729444643	0.28845966515896276	0.09977278296564333	LRRC37A	0.26961863	False
4669	2.8911658729444643	0.28845966515896276	0.09977278296564333	ARL17A	0.26961863	False
4670	2.8911658729444643	0.28845966515896276	0.09977278296564333	LRRC37A2	0.26961863	False
4671	2.8911658729444643	0.28845966515896276	0.09977278296564333	NSF	0.26961863	False
4672	2.8911658729444643	0.28845966515896276	0.09977278296564333	NSFP1	0.26961863	False
4673	2.8911658729444643	0.28845966515896276	0.09977278296564333	WNT3	0.26961863	False
4674	2.8911658729444643	0.28845966515896276	0.09977278296564333	WNT9B	0.26961863	False
4675	2.904810326514279	0.2762276305146124	0.09509317286340023	GOSR2	0.26961863	False
4676	2.904810326514279	0.2762276305146124	0.09509317286340023	MIR5089	0.26961863	False
4677	2.904810326514279	0.2762276305146124	0.09509317286340023	RPRML	0.26961863	False
4678	2.9523056426746734	0.32191697662045393	0.10903917669202086	CDC27	0.26961893	False
4679	2.9523056426746734	0.32191697662045393	0.10903917669202086	MYL4	0.26961893	False
4680	2.9523056426746734	0.32191697662045393	0.10903917669202086	ITGB3	0.26961893	False
4681	2.9523056426746734	0.32191697662045393	0.10903917669202086	THCAT158	0.26961893	False
4682	2.9523056426746734	0.32191697662045393	0.10903917669202086	EFCAB13	0.26961893	False
4683	2.9523056426746734	0.32191697662045393	0.10903917669202086	NPEPPS	0.26961893	False
4684	2.9523056426746734	0.32191697662045393	0.10903917669202086	KPNB1	0.26961893	False
4685	2.9523056426746734	0.32191697662045393	0.10903917669202086	TBKBP1	0.26961893	False
4686	2.9523056426746734	0.32191697662045393	0.10903917669202086	TBX21	0.26961893	False
4687	2.9523056426746734	0.32191697662045393	0.10903917669202086	OSBPL7	0.26961893	False
4688	2.9523056426746734	0.32191697662045393	0.10903917669202086	MRPL10	0.26961893	False
4689	2.9523056426746734	0.32191697662045393	0.10903917669202086	LRRC46	0.26961893	False
4690	2.9523056426746734	0.32191697662045393	0.10903917669202086	SCRN2	0.26961893	False
4691	2.9523056426746734	0.32191697662045393	0.10903917669202086	SP6	0.26961893	False
4692	2.9523056426746734	0.32191697662045393	0.10903917669202086	LOC102724532	0.26961893	False
4693	3.0550832407588913	0.34324954192258	0.11235358085932737	SP2	0.26961917	False
4694	3.0550832407588913	0.34324954192258	0.11235358085932737	SP2-AS1	0.26961917	False
4695	3.0550832407588913	0.34324954192258	0.11235358085932737	PNPO	0.26961917	False
4696	3.0550832407588913	0.34324954192258	0.11235358085932737	CDK5RAP3	0.26961917	False
4697	3.0550832407588913	0.34324954192258	0.11235358085932737	PRR15L	0.26961917	False
4698	3.0550832407588913	0.34324954192258	0.11235358085932737	COPZ2	0.26961917	False
4699	3.0550832407588913	0.34324954192258	0.11235358085932737	MIR152	0.26961917	False
4700	3.0550832407588913	0.34324954192258	0.11235358085932737	NFE2L1	0.26961917	False
4701	3.0550832407588913	0.34324954192258	0.11235358085932737	CBX1	0.26961917	False
4702	3.1143818740650024	0.3955728884707474	0.12701489556077833	SNX11	0.2696195	False
4703	3.1143818740650024	0.3955728884707474	0.12701489556077833	SKAP1	0.2696195	False
4704	3.1143818740650024	0.3955728884707474	0.12701489556077833	MIR1203	0.2696195	False
4705	3.1143818740650024	0.3955728884707474	0.12701489556077833	THRA1/BTR	0.2696195	False
4706	3.1143818740650024	0.3955728884707474	0.12701489556077833	LOC101927166	0.2696195	False
4707	3.1143818740650024	0.3955728884707474	0.12701489556077833	HOXB1	0.2696195	False
4708	3.1143818740650024	0.3955728884707474	0.12701489556077833	HOXB2	0.2696195	False
4709	3.1143818740650024	0.3955728884707474	0.12701489556077833	HOXB-AS1	0.2696195	False
4710	3.1143818740650024	0.3955728884707474	0.12701489556077833	HOXB3	0.2696195	False
4711	3.1143818740650024	0.3955728884707474	0.12701489556077833	HOXB-AS3	0.2696195	False
4712	3.1143818740650024	0.3955728884707474	0.12701489556077833	HOXB6	0.2696195	False
4713	3.1143818740650024	0.3955728884707474	0.12701489556077833	HOXB4	0.2696195	False
4714	3.1143818740650024	0.3955728884707474	0.12701489556077833	MIR10A	0.2696195	False
4715	3.1143818740650024	0.3955728884707474	0.12701489556077833	HOXB5	0.2696195	False
4716	3.1143818740650024	0.3955728884707474	0.12701489556077833	HOXB7	0.2696195	False
4717	3.1143818740650024	0.3955728884707474	0.12701489556077833	HOXB8	0.2696195	False
4718	3.1143818740650024	0.3955728884707474	0.12701489556077833	HOXB9	0.2696195	False
4719	3.1143818740650024	0.3955728884707474	0.12701489556077833	MIR196A1	0.2696195	False
4720	3.1143818740650024	0.3955728884707474	0.12701489556077833	PRAC1	0.2696195	False
4721	3.1143818740650024	0.3955728884707474	0.12701489556077833	PRAC2	0.2696195	False
4722	3.1143818740650024	0.3955728884707474	0.12701489556077833	MIR3185	0.2696195	False
4723	3.1143818740650024	0.3955728884707474	0.12701489556077833	HOXB13	0.2696195	False
4724	3.1143818740650024	0.3955728884707474	0.12701489556077833	TTLL6	0.2696195	False
4725	3.1143818740650024	0.3955728884707474	0.12701489556077833	CALCOCO2	0.2696195	False
4726	3.1143818740650024	0.3955728884707474	0.12701489556077833	ATP5MC1	0.2696195	False
4727	3.178605786994923	0.4125141611039087	0.12977833325280094	UBE2Z	0.2696198	False
4728	3.178605786994923	0.4125141611039087	0.12977833325280094	SNF8	0.2696198	False
4729	3.178605786994923	0.4125141611039087	0.12977833325280094	GIP	0.2696198	False
4730	3.178605786994923	0.4125141611039087	0.12977833325280094	IGF2BP1	0.2696198	False
4731	3.300017823997881	0.4945288095582476	0.14985640561151256	B4GALNT2	0.26962054	False
4732	3.300017823997881	0.4945288095582476	0.14985640561151256	GNGT2	0.26962054	False
4733	3.300017823997881	0.4945288095582476	0.14985640561151256	ABI3	0.26962054	False
4734	3.300017823997881	0.4945288095582476	0.14985640561151256	PHOSPHO1	0.26962054	False
4735	3.300017823997881	0.4945288095582476	0.14985640561151256	FLJ40194	0.26962054	False
4736	3.300017823997881	0.4945288095582476	0.14985640561151256	MIR6129	0.26962054	False
4737	3.300017823997881	0.4945288095582476	0.14985640561151256	ZNF652	0.26962054	False
4738	3.300017823997881	0.4945288095582476	0.14985640561151256	LOC102724596	0.26962054	False
4739	3.300017823997881	0.4945288095582476	0.14985640561151256	PHB	0.26962054	False
4740	3.300017823997881	0.4945288095582476	0.14985640561151256	LINC02075	0.26962054	False
4741	3.300017823997881	0.4945288095582476	0.14985640561151256	NGFR	0.26962054	False
4742	3.300017823997881	0.4945288095582476	0.14985640561151256	LOC100288866	0.26962054	False
4743	3.300017823997881	0.4945288095582476	0.14985640561151256	MIR6165	0.26962054	False
4744	3.300017823997881	0.4945288095582476	0.14985640561151256	NXPH3	0.26962054	False
4745	3.300017823997881	0.4945288095582476	0.14985640561151256	SPOP	0.26962054	False
4746	3.300017823997881	0.4945288095582476	0.14985640561151256	SLC35B1	0.26962054	False
4747	3.300017823997881	0.4945288095582476	0.14985640561151256	FAM117A	0.26962054	False
4748	3.300017823997881	0.4945288095582476	0.14985640561151256	KAT7	0.26962054	False
4749	3.300017823997881	0.4945288095582476	0.14985640561151256	TAC4	0.26962054	False
4750	3.300017823997881	0.4945288095582476	0.14985640561151256	FLJ45513	0.26962054	False
4751	3.409405212698659	0.5851886287896972	0.17163950668289754	DLX4	0.2696215	False
4752	3.409405212698659	0.5851886287896972	0.17163950668289754	DLX3	0.2696215	False
4753	3.409405212698659	0.5851886287896972	0.17163950668289754	PICART1	0.2696215	False
4754	3.409405212698659	0.5851886287896972	0.17163950668289754	ITGA3	0.2696215	False
4755	3.409405212698659	0.5851886287896972	0.17163950668289754	PDK2	0.2696215	False
4756	3.5848181635506604	0.7752326078125054	0.21625437398606	SAMD14	0.26962334	False
4757	3.5848181635506604	0.7752326078125054	0.21625437398606	PPP1R9B	0.26962334	False
4758	3.5848181635506604	0.7752326078125054	0.21625437398606	SGCA	0.26962334	False
4759	3.5848181635506604	0.7752326078125054	0.21625437398606	COL1A1	0.26962334	False
4760	3.5848181635506604	0.7752326078125054	0.21625437398606	LINC01969	0.26962334	False
4761	3.5848181635506604	0.7752326078125054	0.21625437398606	TMEM92	0.26962334	False
4762	3.5848181635506604	0.7752326078125054	0.21625437398606	TMEM92-AS1	0.26962334	False
4763	3.5848181635506604	0.7752326078125054	0.21625437398606	XYLT2	0.26962334	False
4764	3.5848181635506604	0.7752326078125054	0.21625437398606	MRPL27	0.26962334	False
4765	3.5848181635506604	0.7752326078125054	0.21625437398606	EME1	0.26962334	False
4766	3.5848181635506604	0.7752326078125054	0.21625437398606	LRRC59	0.26962334	False
4767	3.5848181635506604	0.7752326078125054	0.21625437398606	ACSF2	0.26962334	False
4768	3.5848181635506604	0.7752326078125054	0.21625437398606	CHAD	0.26962334	False
4769	3.5848181635506604	0.7752326078125054	0.21625437398606	RSAD1	0.26962334	False
4770	3.5848181635506604	0.7752326078125054	0.21625437398606	MYCBPAP	0.26962334	False
4771	3.5848181635506604	0.7752326078125054	0.21625437398606	EPN3	0.26962334	False
4772	3.5848181635506604	0.7752326078125054	0.21625437398606	SPATA20	0.26962334	False
4773	3.5848181635506604	0.7752326078125054	0.21625437398606	CACNA1G-AS1	0.26962334	False
4774	3.5848181635506604	0.7752326078125054	0.21625437398606	CACNA1G	0.26962334	False
4775	3.5848181635506604	0.7752326078125054	0.21625437398606	ABCC3	0.26962334	False
4776	3.5848181635506604	0.7752326078125054	0.21625437398606	ANKRD40	0.26962334	False
4777	3.5848181635506604	0.7752326078125054	0.21625437398606	LUC7L3	0.26962334	False
4778	3.5848181635506604	0.7752326078125054	0.21625437398606	ANKRD40CL	0.26962334	False
4779	3.5848181635506604	0.7752326078125054	0.21625437398606	MIR8059	0.26962334	False
4780	3.5848181635506604	0.7752326078125054	0.21625437398606	WFIKKN2	0.26962334	False
4781	3.5848181635506604	0.7752326078125054	0.21625437398606	TOB1	0.26962334	False
4782	3.3012363135801666	0.5350417016674109	0.16207312983515626	TOB1-AS1	0.26962084	False
4783	3.3012363135801666	0.5350417016674109	0.16207312983515626	SPAG9	0.26962084	False
4784	3.2619809829086814	0.5483308973305704	0.1680975150387383	NME1	0.26962072	False
4785	3.2619809829086814	0.5483308973305704	0.1680975150387383	NME1-NME2	0.26962072	False
4786	3.2619809829086814	0.5483308973305704	0.1680975150387383	NME2	0.26962072	False
4787	3.2619809829086814	0.5483308973305704	0.1680975150387383	MBTD1	0.26962072	False
4788	3.2619809829086814	0.5483308973305704	0.1680975150387383	UTP18	0.26962072	False
4789	3.2619809829086814	0.5483308973305704	0.1680975150387383	LINC02071	0.26962072	False
4790	3.2619809829086814	0.5483308973305704	0.1680975150387383	LINC02072	0.26962072	False
4791	3.005667717408958	0.3989360128827304	0.13272791618716723	CA10	0.26961935	False
4792	2.9332309908753578	0.39678463397180425	0.13527220843026505	C17orf112	0.2696192	False
4793	3.1754440729524602	0.5850415693824557	0.18423929250263774	HLF	0.26962063	False
4794	3.1754440729524602	0.5850415693824557	0.18423929250263774	MMD	0.26962063	False
4795	3.1754440729524602	0.5850415693824557	0.18423929250263774	TMEM100	0.26962063	False
4796	3.1754440729524602	0.5850415693824557	0.18423929250263774	PCTP	0.26962063	False
4797	3.02248209096383	0.41495805989521956	0.13729049417225658	ANKFN1	0.26961946	False
4798	3.02248209096383	0.41495805989521956	0.13729049417225658	NOG	0.26961946	False
4799	3.02248209096383	0.41495805989521956	0.13729049417225658	C17orf67	0.26961946	False
4800	3.02248209096383	0.41495805989521956	0.13729049417225658	DGKE	0.26961946	False
4801	3.090833955583582	0.4109735525836403	0.132965263902714	TRIM25	0.26961955	False
4802	3.02248209096383	0.41495805989521956	0.13729049417225658	MIR3614	0.26961946	False
4803	3.090833955583582	0.4109735525836403	0.132965263902714	COIL	0.26961955	False
4804	3.090833955583582	0.4109735525836403	0.132965263902714	SCPEP1	0.26961955	False
4805	3.090833955583582	0.4109735525836403	0.132965263902714	AKAP1	0.26961955	False
4806	3.1325062701844018	0.4441975722045865	0.14180261231478328	MSI2	0.26961988	False
4807	3.1325062701844018	0.4441975722045865	0.14180261231478328	LOC101927557	0.26961988	False
4808	3.1325062701844018	0.4441975722045865	0.14180261231478328	LOC101927539	0.26961988	False
4809	3.1325062701844018	0.4441975722045865	0.14180261231478328	CCDC182	0.26961988	False
4810	3.1325062701844018	0.4441975722045865	0.14180261231478328	MRPS23	0.26961988	False
4811	3.1965278635499956	0.4601731584133987	0.1439603150846119	CUEDC1	0.26962012	False
4812	3.1965278635499956	0.4601731584133987	0.1439603150846119	VEZF1	0.26962012	False
4813	3.1965278635499956	0.4601731584133987	0.1439603150846119	SRSF1	0.26962012	False
4814	3.1965278635499956	0.4601731584133987	0.1439603150846119	LOC101927666	0.26962012	False
4815	3.1965278635499956	0.4601731584133987	0.1439603150846119	DYNLL2	0.26962012	False
4816	3.2346088631772525	0.49029686784748994	0.15157840981301432	OR4D1	0.26962024	False
4817	3.2346088631772525	0.49029686784748994	0.15157840981301432	OR4D2	0.26962024	False
4818	3.2346088631772525	0.49029686784748994	0.15157840981301432	EPX	0.26962024	False
4819	3.2346088631772525	0.49029686784748994	0.15157840981301432	MKS1	0.26962024	False
4820	3.2346088631772525	0.49029686784748994	0.15157840981301432	LPO	0.26962024	False
4821	3.2346088631772525	0.49029686784748994	0.15157840981301432	MPO	0.26962024	False
4822	3.2346088631772525	0.49029686784748994	0.15157840981301432	TSPOAP1	0.26962024	False
4823	3.2346088631772525	0.49029686784748994	0.15157840981301432	TSPOAP1-AS1	0.26962024	False
4824	3.2346088631772525	0.49029686784748994	0.15157840981301432	MIR142	0.26962024	False
4825	3.2346088631772525	0.49029686784748994	0.15157840981301432	MIR4736	0.26962024	False
4826	3.2346088631772525	0.49029686784748994	0.15157840981301432	SUPT4H1	0.26962024	False
4827	3.2346088631772525	0.49029686784748994	0.15157840981301432	RNF43	0.26962024	False
4828	3.2346088631772525	0.49029686784748994	0.15157840981301432	HSF5	0.26962024	False
4829	3.2346088631772525	0.49029686784748994	0.15157840981301432	MTMR4	0.26962024	False
4830	3.2346088631772525	0.49029686784748994	0.15157840981301432	SEPT4-AS1	0.26962024	False
4831	3.2346088631772525	0.49029686784748994	0.15157840981301432	SEPT4	0.26962024	False
4832	3.2346088631772525	0.49029686784748994	0.15157840981301432	C17orf47	0.26962024	False
4833	3.2346088631772525	0.49029686784748994	0.15157840981301432	TEX14	0.26962024	False
4834	3.2346088631772525	0.49029686784748994	0.15157840981301432	RAD51C	0.26962024	False
4835	3.2332712561776775	0.4737647085278645	0.14652798079426893	PPM1E	0.26962012	False
4836	3.2332712561776775	0.4737647085278645	0.14652798079426893	TRIM37	0.26962012	False
4837	3.4143139895485586	0.6137546004235687	0.1797592729615121	SKA2	0.26962146	False
4838	3.4143139895485586	0.6137546004235687	0.1797592729615121	MIR454	0.26962146	False
4839	3.4143139895485586	0.6137546004235687	0.1797592729615121	MIR301A	0.26962146	False
4840	3.4143139895485586	0.6137546004235687	0.1797592729615121	PRR11	0.26962146	False
4841	3.4143139895485586	0.6137546004235687	0.1797592729615121	SMG8	0.26962146	False
4842	3.4143139895485586	0.6137546004235687	0.1797592729615121	GDPD1	0.26962146	False
4843	3.4143139895485586	0.6137546004235687	0.1797592729615121	YPEL2	0.26962146	False
4844	3.4143139895485586	0.6137546004235687	0.1797592729615121	MIR4729	0.26962146	False
4845	3.4143139895485586	0.6137546004235687	0.1797592729615121	LINC01476	0.26962146	False
4846	3.4143139895485586	0.6137546004235687	0.1797592729615121	DHX40	0.26962146	False
4847	3.4143139895485586	0.6137546004235687	0.1797592729615121	CLTC	0.26962146	False
4848	3.4143139895485586	0.6137546004235687	0.1797592729615121	PTRH2	0.26962146	False
4849	3.4143139895485586	0.6137546004235687	0.1797592729615121	VMP1	0.26962146	False
4850	3.4143139895485586	0.6137546004235687	0.1797592729615121	MIR21	0.26962146	False
4851	3.4143139895485586	0.6137546004235687	0.1797592729615121	TUBD1	0.26962146	False
4852	3.1446618602983842	0.4339199768659816	0.13798621160012692	RPS6KB1	0.26961973	False
4853	3.1446618602983842	0.4339199768659816	0.13798621160012692	RNFT1-DT	0.26961973	False
4854	3.1446618602983842	0.4339199768659816	0.13798621160012692	RNFT1	0.26961973	False
4855	3.1446618602983842	0.4339199768659816	0.13798621160012692	TBC1D3P1-DHX40P1	0.26961973	False
4856	3.1446618602983842	0.4339199768659816	0.13798621160012692	MIR4737	0.26961973	False
4857	3.1446618602983842	0.4339199768659816	0.13798621160012692	HEATR6	0.26961973	False
4858	3.1446618602983842	0.4339199768659816	0.13798621160012692	WFDC21P	0.26961973	False
4859	3.0889009320816316	0.43671175637776394	0.14138095263659392	CA4	0.26961964	False
4860	3.0889009320816316	0.43671175637776394	0.14138095263659392	USP32	0.26961964	False
4861	3.0889009320816316	0.43671175637776394	0.14138095263659392	SCARNA20	0.26961964	False
4862	3.0889009320816316	0.43671175637776394	0.14138095263659392	C17orf64	0.26961964	False
4863	3.0889009320816316	0.43671175637776394	0.14138095263659392	APPBP2	0.26961964	False
4864	3.0889009320816316	0.43671175637776394	0.14138095263659392	LINC01999	0.26961964	False
4865	3.0889009320816316	0.43671175637776394	0.14138095263659392	PPM1D	0.26961964	False
4866	2.968000679582956	0.3469123304267416	0.11688418160183421	BCAS3	0.269619	False
4867	2.824108410277769	0.30997111731058946	0.10975892999805267	TBX2-AS1	0.26961866	False
4868	2.824108410277769	0.30997111731058946	0.10975892999805267	TBX2	0.26961866	False
4869	2.824108410277769	0.30997111731058946	0.10975892999805267	C17orf82	0.26961866	False
4870	2.824108410277769	0.30997111731058946	0.10975892999805267	TBX4	0.26961866	False
4871	2.824108410277769	0.30997111731058946	0.10975892999805267	NACA2	0.26961866	False
4872	2.824108410277769	0.30997111731058946	0.10975892999805267	BRIP1	0.26961866	False
4873	2.8674293596683373	0.2913647578319022	0.10161183460352204	INTS2	0.26961854	False
4874	2.8674293596683373	0.2913647578319022	0.10161183460352204	MED13	0.26961854	False
4875	2.765618810571558	0.27170459797697	0.09824369032289669	TBC1D3P2	0.26961833	False
4876	2.765618810571558	0.27170459797697	0.09824369032289669	EFCAB3	0.26961833	False
4877	2.765618810571558	0.27170459797697	0.09824369032289669	METTL2A	0.26961833	False
4878	2.765618810571558	0.27170459797697	0.09824369032289669	TLK2	0.26961833	False
4879	2.765618810571558	0.27170459797697	0.09824369032289669	MRC2	0.26961833	False
4880	2.765618810571558	0.27170459797697	0.09824369032289669	MARCH10	0.26961833	False
4881	2.860768159668561	0.28068808433920267	0.0981163340309696	MIR633	0.26961848	False
4882	2.860768159668561	0.28068808433920267	0.0981163340309696	TANC2	0.26961848	False
4883	3.044560058771951	0.3719947741742782	0.12218342453205716	CYB561	0.26961926	False
4884	3.044560058771951	0.3719947741742782	0.12218342453205716	ACE	0.26961926	False
4885	3.044560058771951	0.3719947741742782	0.12218342453205716	KCNH6	0.26961926	False
4886	3.044560058771951	0.3719947741742782	0.12218342453205716	DCAF7	0.26961926	False
4887	3.044560058771951	0.3719947741742782	0.12218342453205716	TACO1	0.26961926	False
4888	3.044560058771951	0.3719947741742782	0.12218342453205716	MAP3K3	0.26961926	False
4889	3.044560058771951	0.3719947741742782	0.12218342453205716	LIMD2	0.26961926	False
4890	3.044560058771951	0.3719947741742782	0.12218342453205716	LOC729683	0.26961926	False
4891	3.044560058771951	0.3719947741742782	0.12218342453205716	STRADA	0.26961926	False
4892	3.044560058771951	0.3719947741742782	0.12218342453205716	CCDC47	0.26961926	False
4893	3.044560058771951	0.3719947741742782	0.12218342453205716	DDX42	0.26961926	False
4894	3.044560058771951	0.3719947741742782	0.12218342453205716	FTSJ3	0.26961926	False
4895	3.044560058771951	0.3719947741742782	0.12218342453205716	PSMC5	0.26961926	False
4896	3.044560058771951	0.3719947741742782	0.12218342453205716	SMARCD2	0.26961926	False
4897	3.044560058771951	0.3719947741742782	0.12218342453205716	CSH2	0.26961926	False
4898	3.044560058771951	0.3719947741742782	0.12218342453205716	GH2	0.26961926	False
4899	3.044560058771951	0.3719947741742782	0.12218342453205716	CSH1	0.26961926	False
4900	3.0352031739749585	0.3423309649864919	0.11278683678304438	CSHL1	0.26961908	False
4901	3.0352031739749585	0.3423309649864919	0.11278683678304438	GH1	0.26961908	False
4902	3.0352031739749585	0.3423309649864919	0.11278683678304438	CD79B	0.26961908	False
4903	3.0352031739749585	0.3423309649864919	0.11278683678304438	SCN4A	0.26961908	False
4904	3.0352031739749585	0.3423309649864919	0.11278683678304438	PRR29-AS1	0.26961908	False
4905	3.0352031739749585	0.3423309649864919	0.11278683678304438	PRR29	0.26961908	False
4906	3.0352031739749585	0.3423309649864919	0.11278683678304438	ICAM2	0.26961908	False
4907	3.0352031739749585	0.3423309649864919	0.11278683678304438	ERN1	0.26961908	False
4908	3.1725974324222403	0.41966705327476805	0.13227869662441138	SNHG25	0.26961973	False
4909	3.1725974324222403	0.41966705327476805	0.13227869662441138	SNORD104	0.26961973	False
4910	3.1725974324222403	0.41966705327476805	0.13227869662441138	SNORA50C	0.26961973	False
4911	3.1725974324222403	0.41966705327476805	0.13227869662441138	TEX2	0.26961973	False
4912	3.1725974324222403	0.41966705327476805	0.13227869662441138	PECAM1	0.26961973	False
4913	3.1725974324222403	0.41966705327476805	0.13227869662441138	MILR1	0.26961973	False
4914	3.1725974324222403	0.41966705327476805	0.13227869662441138	POLG2	0.26961973	False
4915	3.1725974324222403	0.41966705327476805	0.13227869662441138	DDX5	0.26961973	False
4916	3.1725974324222403	0.41966705327476805	0.13227869662441138	MIR3064	0.26961973	False
4917	3.1725974324222403	0.41966705327476805	0.13227869662441138	MIR5047	0.26961973	False
4918	3.1725974324222403	0.41966705327476805	0.13227869662441138	CEP95	0.26961973	False
4919	3.1725974324222403	0.41966705327476805	0.13227869662441138	SMURF2	0.26961973	False
4920	3.1725974324222403	0.41966705327476805	0.13227869662441138	ARHGAP27P1	0.26961973	False
4921	3.1725974324222403	0.41966705327476805	0.13227869662441138	MIR6080	0.26961973	False
4922	2.984801749337542	0.3175156154915013	0.1063774555753902	LRRC37A3	0.26961887	False
4923	2.984801749337542	0.3175156154915013	0.1063774555753902	GNA13	0.26961887	False
4924	2.945763973887094	0.32147768182805025	0.1091321927614734	LOC100507002	0.26961887	False
4925	2.945763973887094	0.32147768182805025	0.1091321927614734	RGS9	0.26961887	False
4926	2.945763973887094	0.32147768182805025	0.1091321927614734	LINC02563	0.26961887	False
4927	2.945763973887094	0.32147768182805025	0.1091321927614734	AXIN2	0.26961887	False
4928	2.9936356625803837	0.31545224141634864	0.10537429299076513	CEP112	0.26961887	False
4929	2.948252264034047	0.33376163655314084	0.1132066073940566	APOH	0.2696189	False
4930	2.948252264034047	0.33376163655314084	0.1132066073940566	PRKCA	0.2696189	False
4931	2.948252264034047	0.33376163655314084	0.1132066073940566	PRKCA-AS1	0.2696189	False
4932	2.948252264034047	0.33376163655314084	0.1132066073940566	MIR634	0.2696189	False
4933	2.948252264034047	0.33376163655314084	0.1132066073940566	CACNG5	0.2696189	False
4934	3.0178609469806186	0.34552212690043876	0.11449239476926032	CACNG4	0.26961902	False
4935	3.0178609469806186	0.34552212690043876	0.11449239476926032	CACNG1	0.26961902	False
4936	3.0178609469806186	0.34552212690043876	0.11449239476926032	HELZ	0.26961902	False
4937	3.0388500122121926	0.39504660897464766	0.12999871905065347	PSMD12	0.26961938	False
4938	3.0388500122121926	0.39504660897464766	0.12999871905065347	PITPNC1	0.26961938	False
4939	3.0388500122121926	0.39504660897464766	0.12999871905065347	MIR548AA2	0.26961938	False
4940	3.0388500122121926	0.39504660897464766	0.12999871905065347	NOL11	0.26961938	False
4941	3.0388500122121926	0.39504660897464766	0.12999871905065347	SNORA38B	0.26961938	False
4942	3.184686741970991	0.4634068829606886	0.14551097816103814	BPTF	0.26961997	False
4943	3.184686741970991	0.4634068829606886	0.14551097816103814	C17orf58	0.26961997	False
4944	3.184686741970991	0.4634068829606886	0.14551097816103814	KPNA2	0.26961997	False
4945	3.430440022851177	0.6522750210714416	0.1901432518063119	AMZ2	0.26962164	False
4946	3.430440022851177	0.6522750210714416	0.1901432518063119	ARSG	0.26962164	False
4947	3.430440022851177	0.6522750210714416	0.1901432518063119	SLC16A6	0.26962164	False
4948	3.430440022851177	0.6522750210714416	0.1901432518063119	PRKAR1A	0.26962164	False
4949	3.430440022851177	0.6522750210714416	0.1901432518063119	WIPI1	0.26962164	False
4950	3.430440022851177	0.6522750210714416	0.1901432518063119	MIR635	0.26962164	False
4951	3.430440022851177	0.6522750210714416	0.1901432518063119	FAM20A	0.26962164	False
4952	3.430440022851177	0.6522750210714416	0.1901432518063119	LINC01482	0.26962164	False
4953	3.222654625592699	0.5300184674894651	0.1644664194792472	ABCA8	0.26962048	False
4954	3.222654625592699	0.5300184674894651	0.1644664194792472	ABCA9-AS1	0.26962048	False
4955	3.222654625592699	0.5300184674894651	0.1644664194792472	ABCA9	0.26962048	False
4956	3.222654625592699	0.5300184674894651	0.1644664194792472	ABCA6	0.26962048	False
4957	3.222654625592699	0.5300184674894651	0.1644664194792472	MIR4524B	0.26962048	False
4958	3.2419983959425736	0.603060583305966	0.18601507763258257	ABCA10	0.26962084	False
4959	3.2419983959425736	0.603060583305966	0.18601507763258257	PRO1804	0.26962084	False
4960	3.2419983959425736	0.603060583305966	0.18601507763258257	ABCA5	0.26962084	False
4961	3.2419983959425736	0.603060583305966	0.18601507763258257	MAP2K6	0.26962084	False
4962	3.054425224996304	0.4508079864695432	0.14759175729046983	LINC01483	0.26961973	False
4963	3.054425224996304	0.4508079864695432	0.14759175729046983	LINC01497	0.26961973	False
4964	3.054425224996304	0.4508079864695432	0.14759175729046983	LINC01028	0.26961973	False
4965	3.054425224996304	0.4508079864695432	0.14759175729046983	KCNJ16	0.26961973	False
4966	3.0265825021615256	0.4811930538152061	0.1589889102548989	KCNJ2-AS1	0.26961973	False
4967	3.0265825021615256	0.4811930538152061	0.1589889102548989	KCNJ2	0.26961973	False
4968	2.881417034090838	0.2762958284372121	0.09588887174896245	SSTR2	0.26961863	False
4969	2.881417034090838	0.2762958284372121	0.09588887174896245	COG1	0.26961863	False
4970	2.881417034090838	0.2762958284372121	0.09588887174896245	FAM104A	0.26961863	False
4971	2.881417034090838	0.2762958284372121	0.09588887174896245	C17orf80	0.26961863	False
4972	2.881417034090838	0.2762958284372121	0.09588887174896245	CPSF4L	0.26961863	False
4973	2.881417034090838	0.2762958284372121	0.09588887174896245	CDC42EP4	0.26961863	False
4974	2.881417034090838	0.2762958284372121	0.09588887174896245	SDK2	0.26961863	False
4975	2.881417034090838	0.2762958284372121	0.09588887174896245	LOC100134391	0.26961863	False
4976	2.881417034090838	0.2762958284372121	0.09588887174896245	LINC00469	0.26961863	False
4977	2.881417034090838	0.2762958284372121	0.09588887174896245	LINC02092	0.26961863	False
4978	3.2473069858182653	0.4300884898202431	0.13244466621065956	RPL38	0.26962012	False
4979	3.2473069858182653	0.4300884898202431	0.13244466621065956	MGC16275	0.26962012	False
4980	3.2473069858182653	0.4300884898202431	0.13244466621065956	TTYH2	0.26962012	False
4981	3.2473069858182653	0.4300884898202431	0.13244466621065956	DNAI2	0.26962012	False
4982	3.2473069858182653	0.4300884898202431	0.13244466621065956	KIF19	0.26962012	False
4983	3.2473069858182653	0.4300884898202431	0.13244466621065956	BTBD17	0.26962012	False
4984	3.2473069858182653	0.4300884898202431	0.13244466621065956	GPR142	0.26962012	False
4985	3.2473069858182653	0.4300884898202431	0.13244466621065956	GPRC5C	0.26962012	False
4986	3.2473069858182653	0.4300884898202431	0.13244466621065956	CD300A	0.26962012	False
4987	3.2473069858182653	0.4300884898202431	0.13244466621065956	CD300LB	0.26962012	False
4988	3.2473069858182653	0.4300884898202431	0.13244466621065956	CD300C	0.26962012	False
4989	3.2473069858182653	0.4300884898202431	0.13244466621065956	CD300LD	0.26962012	False
4990	3.2473069858182653	0.4300884898202431	0.13244466621065956	C17orf77	0.26962012	False
4991	3.2473069858182653	0.4300884898202431	0.13244466621065956	CD300E	0.26962012	False
4992	3.2473069858182653	0.4300884898202431	0.13244466621065956	RAB37	0.26962012	False
4993	3.2473069858182653	0.4300884898202431	0.13244466621065956	CD300LF	0.26962012	False
4994	3.2473069858182653	0.4300884898202431	0.13244466621065956	MIR3615	0.26962012	False
4995	3.2473069858182653	0.4300884898202431	0.13244466621065956	SLC9A3R1	0.26962012	False
4996	3.2473069858182653	0.4300884898202431	0.13244466621065956	NAT9	0.26962012	False
4997	3.2473069858182653	0.4300884898202431	0.13244466621065956	TMEM104	0.26962012	False
4998	3.2473069858182653	0.4300884898202431	0.13244466621065956	GRIN2C	0.26962012	False
4999	3.2473069858182653	0.4300884898202431	0.13244466621065956	FDXR	0.26962012	False
5000	3.2473069858182653	0.4300884898202431	0.13244466621065956	FADS6	0.26962012	False
5001	3.3040137259555373	0.43901549660803746	0.13287338764946321	USH1G	0.2696202	False
5002	3.3040137259555373	0.43901549660803746	0.13287338764946321	OTOP2	0.2696202	False
5003	3.3040137259555373	0.43901549660803746	0.13287338764946321	OTOP3	0.2696202	False
5004	3.3040137259555373	0.43901549660803746	0.13287338764946321	HID1	0.2696202	False
5005	3.3040137259555373	0.43901549660803746	0.13287338764946321	HID1-AS1	0.2696202	False
5006	3.3040137259555373	0.43901549660803746	0.13287338764946321	CDR2L	0.2696202	False
5007	3.3040137259555373	0.43901549660803746	0.13287338764946321	MRPL58	0.2696202	False
5008	3.3040137259555373	0.43901549660803746	0.13287338764946321	KCTD2	0.2696202	False
5009	3.3040137259555373	0.43901549660803746	0.13287338764946321	ATP5PD	0.2696202	False
5010	3.3040137259555373	0.43901549660803746	0.13287338764946321	SLC16A5	0.2696202	False
5011	3.561632280747633	0.5559040739408181	0.15608126558874477	ARMC7	0.2696215	False
5012	3.561632280747633	0.5559040739408181	0.15608126558874477	NT5C	0.2696215	False
5013	3.561632280747633	0.5559040739408181	0.15608126558874477	JPT1	0.2696215	False
5014	3.561632280747633	0.5559040739408181	0.15608126558874477	SUMO2	0.2696215	False
5015	3.561632280747633	0.5559040739408181	0.15608126558874477	NUP85	0.2696215	False
5016	3.561632280747633	0.5559040739408181	0.15608126558874477	GGA3	0.2696215	False
5017	3.561632280747633	0.5559040739408181	0.15608126558874477	MRPS7	0.2696215	False
5018	3.561632280747633	0.5559040739408181	0.15608126558874477	MIF4GD	0.2696215	False
5019	3.561632280747633	0.5559040739408181	0.15608126558874477	LOC100287042	0.2696215	False
5020	3.561632280747633	0.5559040739408181	0.15608126558874477	SLC25A19	0.2696215	False
5021	3.561632280747633	0.5559040739408181	0.15608126558874477	GRB2	0.2696215	False
5022	3.561632280747633	0.5559040739408181	0.15608126558874477	MIR3678	0.2696215	False
5023	3.561632280747633	0.5559040739408181	0.15608126558874477	TMEM94	0.2696215	False
5024	3.561632280747633	0.5559040739408181	0.15608126558874477	MIR6785	0.2696215	False
5025	3.561632280747633	0.5559040739408181	0.15608126558874477	CASKIN2	0.2696215	False
5026	3.561632280747633	0.5559040739408181	0.15608126558874477	TSEN54	0.2696215	False
5027	3.561632280747633	0.5559040739408181	0.15608126558874477	LLGL2	0.2696215	False
5028	3.561632280747633	0.5559040739408181	0.15608126558874477	MYO15B	0.2696215	False
5029	3.561632280747633	0.5559040739408181	0.15608126558874477	RECQL5	0.2696215	False
5030	3.561632280747633	0.5559040739408181	0.15608126558874477	SMIM5	0.2696215	False
5031	3.561632280747633	0.5559040739408181	0.15608126558874477	SMIM6	0.2696215	False
5032	3.561632280747633	0.5559040739408181	0.15608126558874477	SAP30BP	0.2696215	False
5033	3.561632280747633	0.5559040739408181	0.15608126558874477	ITGB4	0.2696215	False
5034	3.561632280747633	0.5559040739408181	0.15608126558874477	GALK1	0.2696215	False
5035	3.561632280747633	0.5559040739408181	0.15608126558874477	H3F3B	0.2696215	False
5036	3.561632280747633	0.5559040739408181	0.15608126558874477	MIR4738	0.2696215	False
5037	3.561632280747633	0.5559040739408181	0.15608126558874477	UNK	0.2696215	False
5038	3.561632280747633	0.5559040739408181	0.15608126558874477	UNC13D	0.2696215	False
5039	3.561632280747633	0.5559040739408181	0.15608126558874477	WBP2	0.2696215	False
5040	3.561632280747633	0.5559040739408181	0.15608126558874477	TRIM47	0.2696215	False
5041	3.561632280747633	0.5559040739408181	0.15608126558874477	TRIM65	0.2696215	False
5042	3.4286667932136843	0.4458164362575944	0.13002617727100022	MRPL38	0.26962045	False
5043	3.4286667932136843	0.4458164362575944	0.13002617727100022	FBF1	0.26962045	False
5044	3.4286667932136843	0.4458164362575944	0.13002617727100022	ACOX1	0.26962045	False
5045	3.4286667932136843	0.4458164362575944	0.13002617727100022	TEN1	0.26962045	False
5046	3.4286667932136843	0.4458164362575944	0.13002617727100022	TEN1-CDK3	0.26962045	False
5047	3.4286667932136843	0.4458164362575944	0.13002617727100022	CDK3	0.26962045	False
5048	3.4286667932136843	0.4458164362575944	0.13002617727100022	EVPL	0.26962045	False
5049	3.4286667932136843	0.4458164362575944	0.13002617727100022	SRP68	0.26962045	False
5050	3.4286667932136843	0.4458164362575944	0.13002617727100022	ZACN	0.26962045	False
5051	3.4286667932136843	0.4458164362575944	0.13002617727100022	GALR2	0.26962045	False
5052	3.4286667932136843	0.4458164362575944	0.13002617727100022	EXOC7	0.26962045	False
5053	3.4286667932136843	0.4458164362575944	0.13002617727100022	MIR6868	0.26962045	False
5054	3.461928781214511	0.4684595964442436	0.13531751403617812	FOXJ1	0.26962063	False
5055	3.461928781214511	0.4684595964442436	0.13531751403617812	RNF157-AS1	0.26962063	False
5056	3.461928781214511	0.4684595964442436	0.13531751403617812	RNF157	0.26962063	False
5057	3.461928781214511	0.4684595964442436	0.13531751403617812	UBALD2	0.26962063	False
5058	3.461928781214511	0.4684595964442436	0.13531751403617812	QRICH2	0.26962063	False
5059	3.461928781214511	0.4684595964442436	0.13531751403617812	PRPSAP1	0.26962063	False
5060	3.461928781214511	0.4684595964442436	0.13531751403617812	SPHK1	0.26962063	False
5061	3.461928781214511	0.4684595964442436	0.13531751403617812	UBE2O	0.26962063	False
5062	3.461928781214511	0.4684595964442436	0.13531751403617812	AANAT	0.26962063	False
5063	3.461928781214511	0.4684595964442436	0.13531751403617812	RHBDF2	0.26962063	False
5064	3.461928781214511	0.4684595964442436	0.13531751403617812	CYGB	0.26962063	False
5065	3.461928781214511	0.4684595964442436	0.13531751403617812	PRCD	0.26962063	False
5066	3.461928781214511	0.4684595964442436	0.13531751403617812	SNHG16	0.26962063	False
5067	3.461928781214511	0.4684595964442436	0.13531751403617812	SNORD1C	0.26962063	False
5068	3.461928781214511	0.4684595964442436	0.13531751403617812	SNORD1B	0.26962063	False
5069	3.461928781214511	0.4684595964442436	0.13531751403617812	SNORD1A	0.26962063	False
5070	3.461928781214511	0.4684595964442436	0.13531751403617812	ST6GALNAC2	0.26962063	False
5071	3.461928781214511	0.4684595964442436	0.13531751403617812	ST6GALNAC1	0.26962063	False
5072	3.461928781214511	0.4684595964442436	0.13531751403617812	LOC105274304	0.26962063	False
5073	3.461928781214511	0.4684595964442436	0.13531751403617812	MXRA7	0.26962063	False
5074	3.461928781214511	0.4684595964442436	0.13531751403617812	JMJD6	0.26962063	False
5075	3.461928781214511	0.4684595964442436	0.13531751403617812	METTL23	0.26962063	False
5076	3.461928781214511	0.4684595964442436	0.13531751403617812	SRSF2	0.26962063	False
5077	3.461928781214511	0.4684595964442436	0.13531751403617812	MFSD11	0.26962063	False
5078	3.461928781214511	0.4684595964442436	0.13531751403617812	MIR636	0.26962063	False
5079	3.461928781214511	0.4684595964442436	0.13531751403617812	LINC02080	0.26962063	False
5080	3.461928781214511	0.4684595964442436	0.13531751403617812	LINC00868	0.26962063	False
5081	3.30482471908238	0.3769965912955213	0.11407461010525197	MGAT5B	0.26961973	False
5082	3.30482471908238	0.3769965912955213	0.11407461010525197	SNHG20	0.26961973	False
5083	3.30482471908238	0.3769965912955213	0.11407461010525197	SEC14L1	0.26961973	False
5084	3.30482471908238	0.3769965912955213	0.11407461010525197	SCARNA16	0.26961973	False
5085	3.30482471908238	0.3769965912955213	0.11407461010525197	MIR6516	0.26961973	False
5086	3.1748695426588402	0.3421976662200954	0.10778322120710417	SEPT9	0.26961926	False
5087	3.1748695426588402	0.3421976662200954	0.10778322120710417	MIR4316	0.26961926	False
5088	3.1748695426588402	0.3421976662200954	0.10778322120710417	LOC100507351	0.26961926	False
5089	3.1748695426588402	0.3421976662200954	0.10778322120710417	LINC01987	0.26961926	False
5090	3.1748695426588402	0.3421976662200954	0.10778322120710417	LINC01973	0.26961926	False
5091	3.0731652245709626	0.3050674562523699	0.09926815968541348	TNRC6C	0.269619	False
5092	2.942916495076271	0.2853102610492529	0.09694813343382296	TNRC6C-AS1	0.26961872	False
5093	2.942916495076271	0.2853102610492529	0.09694813343382296	TMC6	0.26961872	False
5094	2.942916495076271	0.2853102610492529	0.09694813343382296	TMC8	0.26961872	False
5095	2.942916495076271	0.2853102610492529	0.09694813343382296	C17orf99	0.26961872	False
5096	2.942916495076271	0.2853102610492529	0.09694813343382296	SYNGR2	0.26961872	False
5097	2.942916495076271	0.2853102610492529	0.09694813343382296	TK1	0.26961872	False
5098	2.942916495076271	0.2853102610492529	0.09694813343382296	AFMID	0.26961872	False
5099	2.942916495076271	0.2853102610492529	0.09694813343382296	BIRC5	0.26961872	False
5100	2.942916495076271	0.2853102610492529	0.09694813343382296	TMEM235	0.26961872	False
5101	2.942916495076271	0.2853102610492529	0.09694813343382296	LINC01993	0.26961872	False
5102	2.942916495076271	0.2853102610492529	0.09694813343382296	SOCS3	0.26961872	False
5103	2.942916495076271	0.2853102610492529	0.09694813343382296	LOC101928674	0.26961872	False
5104	2.942916495076271	0.2853102610492529	0.09694813343382296	PGS1	0.26961872	False
5105	2.942916495076271	0.2853102610492529	0.09694813343382296	DNAH17	0.26961872	False
5106	2.942916495076271	0.2853102610492529	0.09694813343382296	DNAH17-AS1	0.26961872	False
5107	2.942916495076271	0.2853102610492529	0.09694813343382296	SCAT1	0.26961872	False
5108	2.942916495076271	0.2853102610492529	0.09694813343382296	CYTH1	0.26961872	False
5109	2.942916495076271	0.2853102610492529	0.09694813343382296	USP36	0.26961872	False
5110	2.942916495076271	0.2853102610492529	0.09694813343382296	TIMP2	0.26961872	False
5111	2.942916495076271	0.2853102610492529	0.09694813343382296	CEP295NL	0.26961872	False
5112	2.942916495076271	0.2853102610492529	0.09694813343382296	LGALS3BP	0.26961872	False
5113	2.942916495076271	0.2853102610492529	0.09694813343382296	CANT1	0.26961872	False
5114	2.942916495076271	0.2853102610492529	0.09694813343382296	C1QTNF1-AS1	0.26961872	False
5115	2.942916495076271	0.2853102610492529	0.09694813343382296	C1QTNF1	0.26961872	False
5116	2.942916495076271	0.2853102610492529	0.09694813343382296	ENGASE	0.26961872	False
5117	2.942916495076271	0.2853102610492529	0.09694813343382296	RBFOX3	0.26961872	False
5118	2.903259205162709	0.3056115010428925	0.1052649727242542	MIR4739	0.2696188	False
5119	2.903259205162709	0.3056115010428925	0.1052649727242542	LINC02078	0.2696188	False
5120	2.903259205162709	0.3056115010428925	0.1052649727242542	ENPP7	0.2696188	False
5121	2.903259205162709	0.3056115010428925	0.1052649727242542	CBX2	0.2696188	False
5122	2.903259205162709	0.3056115010428925	0.1052649727242542	CBX8	0.2696188	False
5123	2.903259205162709	0.3056115010428925	0.1052649727242542	CBX4	0.2696188	False
5124	2.903259205162709	0.3056115010428925	0.1052649727242542	LINC01979	0.2696188	False
5125	2.903259205162709	0.3056115010428925	0.1052649727242542	LINC01978	0.2696188	False
5126	2.903259205162709	0.3056115010428925	0.1052649727242542	TBC1D16	0.2696188	False
5127	2.903259205162709	0.3056115010428925	0.1052649727242542	CCDC40	0.2696188	False
5128	2.899890688085499	0.33588874292570514	0.11582807045304805	GAA	0.2696189	False
5129	2.899890688085499	0.33588874292570514	0.11582807045304805	EIF4A3	0.2696189	False
5130	2.899890688085499	0.33588874292570514	0.11582807045304805	CARD14	0.2696189	False
5131	2.899890688085499	0.33588874292570514	0.11582807045304805	SGSH	0.2696189	False
5132	2.899890688085499	0.33588874292570514	0.11582807045304805	SLC26A11	0.2696189	False
5133	2.899890688085499	0.33588874292570514	0.11582807045304805	RNF213	0.2696189	False
5134	2.899890688085499	0.33588874292570514	0.11582807045304805	LOC100294362	0.2696189	False
5135	2.899890688085499	0.33588874292570514	0.11582807045304805	ENDOV	0.2696189	False
5136	2.899890688085499	0.33588874292570514	0.11582807045304805	MIR4730	0.2696189	False
5137	2.899890688085499	0.33588874292570514	0.11582807045304805	NPTX1	0.2696189	False
5138	2.899890688085499	0.33588874292570514	0.11582807045304805	RPTOR	0.2696189	False
5139	2.899890688085499	0.33588874292570514	0.11582807045304805	LOC101928855	0.2696189	False
5140	2.899890688085499	0.33588874292570514	0.11582807045304805	CHMP6	0.2696189	False
5141	2.899890688085499	0.33588874292570514	0.11582807045304805	BAIAP2-DT	0.2696189	False
5142	2.899890688085499	0.33588874292570514	0.11582807045304805	BAIAP2	0.2696189	False
5143	3.142401769700346	0.6787277403296491	0.21599012159236766	ADCYAP1	0.26962093	False
5144	3.142401769700346	0.6787277403296491	0.21599012159236766	LINC00470	0.26962093	False
5145	3.0732812704877954	0.6043485306574975	0.1966460201547301	METTL4	0.26962048	False
5146	3.0732812704877954	0.6043485306574975	0.1966460201547301	NDC80	0.26962048	False
5147	3.0732812704877954	0.6043485306574975	0.1966460201547301	SMCHD1	0.26962048	False
5148	2.987630607136347	0.5205155659982507	0.17422353511673466	EMILIN2	0.26961988	False
5149	2.987630607136347	0.5205155659982507	0.17422353511673466	LPIN2	0.26961988	False
5150	2.987630607136347	0.5205155659982507	0.17422353511673466	MYOM1	0.26961988	False
5151	2.987630607136347	0.5205155659982507	0.17422353511673466	MYL12A	0.26961988	False
5152	2.987630607136347	0.5205155659982507	0.17422353511673466	LOC104968399	0.26961988	False
5153	2.987630607136347	0.5205155659982507	0.17422353511673466	MYL12B	0.26961988	False
5154	2.987630607136347	0.5205155659982507	0.17422353511673466	TGIF1	0.26961988	False
5155	2.987630607136347	0.5205155659982507	0.17422353511673466	GAPLINC	0.26961988	False
5156	2.987630607136347	0.5205155659982507	0.17422353511673466	DLGAP1-AS1	0.26961988	False
5157	2.987630607136347	0.5205155659982507	0.17422353511673466	DLGAP1-AS2	0.26961988	False
5158	2.987630607136347	0.5205155659982507	0.17422353511673466	DLGAP1-AS3	0.26961988	False
5159	2.987630607136347	0.5205155659982507	0.17422353511673466	MIR6718	0.26961988	False
5160	3.3632618211456604	0.5345326162418428	0.1589327993678945	R3HDM4	0.26962072	False
5161	3.3632618211456604	0.5345326162418428	0.1589327993678945	KISS1R	0.26962072	False
5162	3.3632618211456604	0.5345326162418428	0.1589327993678945	ARID3A	0.26962072	False
5163	3.3632618211456604	0.5345326162418428	0.1589327993678945	WDR18	0.26962072	False
5164	3.3632618211456604	0.5345326162418428	0.1589327993678945	GRIN3B	0.26962072	False
5165	3.3632618211456604	0.5345326162418428	0.1589327993678945	TMEM259	0.26962072	False
5166	3.3632618211456604	0.5345326162418428	0.1589327993678945	CNN2	0.26962072	False
5167	3.3632618211456604	0.5345326162418428	0.1589327993678945	ABCA7	0.26962072	False
5168	3.3632618211456604	0.5345326162418428	0.1589327993678945	ARHGAP45	0.26962072	False
5169	3.3632618211456604	0.5345326162418428	0.1589327993678945	POLR2E	0.26962072	False
5170	3.3632618211456604	0.5345326162418428	0.1589327993678945	GPX4	0.26962072	False
5171	3.3632618211456604	0.5345326162418428	0.1589327993678945	SBNO2	0.26962072	False
5172	3.3632618211456604	0.5345326162418428	0.1589327993678945	STK11	0.26962072	False
5173	3.3632618211456604	0.5345326162418428	0.1589327993678945	CBARP	0.26962072	False
5174	3.3632618211456604	0.5345326162418428	0.1589327993678945	ATP5F1D	0.26962072	False
5175	3.3632618211456604	0.5345326162418428	0.1589327993678945	MIDN	0.26962072	False
5176	3.3632618211456604	0.5345326162418428	0.1589327993678945	CIRBP	0.26962072	False
5177	3.3632618211456604	0.5345326162418428	0.1589327993678945	CIRBP-AS1	0.26962072	False
5178	3.3632618211456604	0.5345326162418428	0.1589327993678945	C19orf24	0.26962072	False
5179	3.3632618211456604	0.5345326162418428	0.1589327993678945	MUM1	0.26962072	False
5180	3.3632618211456604	0.5345326162418428	0.1589327993678945	EFNA2	0.26962072	False
5181	3.3632618211456604	0.5345326162418428	0.1589327993678945	NDUFS7	0.26962072	False
5182	3.3632618211456604	0.5345326162418428	0.1589327993678945	GAMT	0.26962072	False
5183	3.3632618211456604	0.5345326162418428	0.1589327993678945	DAZAP1	0.26962072	False
5184	3.3632618211456604	0.5345326162418428	0.1589327993678945	RPS15	0.26962072	False
5185	3.3632618211456604	0.5345326162418428	0.1589327993678945	APC2	0.26962072	False
5186	3.3632618211456604	0.5345326162418428	0.1589327993678945	C19orf25	0.26962072	False
5187	3.3632618211456604	0.5345326162418428	0.1589327993678945	PCSK4	0.26962072	False
5188	3.3632618211456604	0.5345326162418428	0.1589327993678945	REEP6	0.26962072	False
5189	3.3632618211456604	0.5345326162418428	0.1589327993678945	ADAMTSL5	0.26962072	False
5190	3.3632618211456604	0.5345326162418428	0.1589327993678945	PLK5	0.26962072	False
5191	3.3632618211456604	0.5345326162418428	0.1589327993678945	MEX3D	0.26962072	False
5192	3.3632618211456604	0.5345326162418428	0.1589327993678945	MBD3	0.26962072	False
5193	3.3632618211456604	0.5345326162418428	0.1589327993678945	UQCR11	0.26962072	False
5194	3.3632618211456604	0.5345326162418428	0.1589327993678945	TCF3	0.26962072	False
5195	3.3632618211456604	0.5345326162418428	0.1589327993678945	ONECUT3	0.26962072	False
5196	3.3632618211456604	0.5345326162418428	0.1589327993678945	ATP8B3	0.26962072	False
5197	3.3632618211456604	0.5345326162418428	0.1589327993678945	REXO1	0.26962072	False
5198	3.3632618211456604	0.5345326162418428	0.1589327993678945	MIR1909	0.26962072	False
5199	3.3632618211456604	0.5345326162418428	0.1589327993678945	LOC100288123	0.26962072	False
5200	3.3632618211456604	0.5345326162418428	0.1589327993678945	KLF16	0.26962072	False
5201	3.3632618211456604	0.5345326162418428	0.1589327993678945	ABHD17A	0.26962072	False
5202	3.182732049294249	0.4050998057034113	0.1272805248538719	SCAMP4	0.26961967	False
5203	3.182732049294249	0.4050998057034113	0.1272805248538719	ADAT3	0.26961967	False
5204	3.182732049294249	0.4050998057034113	0.1272805248538719	CSNK1G2	0.26961967	False
5205	3.182732049294249	0.4050998057034113	0.1272805248538719	CSNK1G2-AS1	0.26961967	False
5206	3.182732049294249	0.4050998057034113	0.1272805248538719	BTBD2	0.26961967	False
5207	3.182732049294249	0.4050998057034113	0.1272805248538719	MKNK2	0.26961967	False
5208	3.182732049294249	0.4050998057034113	0.1272805248538719	MOB3A	0.26961967	False
5209	3.182732049294249	0.4050998057034113	0.1272805248538719	IZUMO4	0.26961967	False
5210	3.182732049294249	0.4050998057034113	0.1272805248538719	AP3D1	0.26961967	False
5211	3.182732049294249	0.4050998057034113	0.1272805248538719	DOT1L	0.26961967	False
5212	3.182732049294249	0.4050998057034113	0.1272805248538719	PLEKHJ1	0.26961967	False
5213	3.182732049294249	0.4050998057034113	0.1272805248538719	MIR1227	0.26961967	False
5214	3.182732049294249	0.4050998057034113	0.1272805248538719	MIR6789	0.26961967	False
5215	3.182732049294249	0.4050998057034113	0.1272805248538719	SF3A2	0.26961967	False
5216	3.182732049294249	0.4050998057034113	0.1272805248538719	AMH	0.26961967	False
5217	3.182732049294249	0.4050998057034113	0.1272805248538719	MIR4321	0.26961967	False
5218	3.182732049294249	0.4050998057034113	0.1272805248538719	JSRP1	0.26961967	False
5219	3.182732049294249	0.4050998057034113	0.1272805248538719	OAZ1	0.26961967	False
5220	3.182732049294249	0.4050998057034113	0.1272805248538719	SPPL2B	0.26961967	False
5221	3.182732049294249	0.4050998057034113	0.1272805248538719	PEAK3	0.26961967	False
5222	3.182732049294249	0.4050998057034113	0.1272805248538719	LSM7	0.26961967	False
5223	3.182732049294249	0.4050998057034113	0.1272805248538719	TMPRSS9	0.26961967	False
5224	3.182732049294249	0.4050998057034113	0.1272805248538719	TIMM13	0.26961967	False
5225	3.182732049294249	0.4050998057034113	0.1272805248538719	LMNB2	0.26961967	False
5226	3.182732049294249	0.4050998057034113	0.1272805248538719	MIR7108	0.26961967	False
5227	3.182732049294249	0.4050998057034113	0.1272805248538719	LINC01775	0.26961967	False
5228	3.182732049294249	0.4050998057034113	0.1272805248538719	GADD45B	0.26961967	False
5229	3.182732049294249	0.4050998057034113	0.1272805248538719	GNG7	0.26961967	False
5230	3.182732049294249	0.4050998057034113	0.1272805248538719	MIR7850	0.26961967	False
5231	3.182732049294249	0.4050998057034113	0.1272805248538719	DIRAS1	0.26961967	False
5232	3.182732049294249	0.4050998057034113	0.1272805248538719	SLC39A3	0.26961967	False
5233	3.182732049294249	0.4050998057034113	0.1272805248538719	SGTA	0.26961967	False
5234	3.182732049294249	0.4050998057034113	0.1272805248538719	THOP1	0.26961967	False
5235	3.182732049294249	0.4050998057034113	0.1272805248538719	ZNF554	0.26961967	False
5236	3.182732049294249	0.4050998057034113	0.1272805248538719	ZNF555	0.26961967	False
5237	3.182732049294249	0.4050998057034113	0.1272805248538719	ZNF556	0.26961967	False
5238	2.9644318643651526	0.2936110809803093	0.09904463803326022	ZNF57	0.2696187	False
5239	2.9644318643651526	0.2936110809803093	0.09904463803326022	ZNF77	0.2696187	False
5240	2.9644318643651526	0.2936110809803093	0.09904463803326022	TLE6	0.2696187	False
5241	2.9644318643651526	0.2936110809803093	0.09904463803326022	TLE2	0.2696187	False
5242	2.9644318643651526	0.2936110809803093	0.09904463803326022	AES	0.2696187	False
5243	2.9644318643651526	0.2936110809803093	0.09904463803326022	GNA11	0.2696187	False
5244	2.9644318643651526	0.2936110809803093	0.09904463803326022	GNA15	0.2696187	False
5245	2.9644318643651526	0.2936110809803093	0.09904463803326022	LOC100996351	0.2696187	False
5246	2.9644318643651526	0.2936110809803093	0.09904463803326022	S1PR4	0.2696187	False
5247	2.9644318643651526	0.2936110809803093	0.09904463803326022	NCLN	0.2696187	False
5248	2.9644318643651526	0.2936110809803093	0.09904463803326022	CELF5	0.2696187	False
5249	2.9644318643651526	0.2936110809803093	0.09904463803326022	NFIC	0.2696187	False
5250	2.9644318643651526	0.2936110809803093	0.09904463803326022	SMIM24	0.2696187	False
5251	2.9644318643651526	0.2936110809803093	0.09904463803326022	DOHH	0.2696187	False
5252	2.9644318643651526	0.2936110809803093	0.09904463803326022	FZR1	0.2696187	False
5253	2.9644318643651526	0.2936110809803093	0.09904463803326022	MFSD12	0.2696187	False
5254	2.9644318643651526	0.2936110809803093	0.09904463803326022	C19orf71	0.2696187	False
5255	2.9644318643651526	0.2936110809803093	0.09904463803326022	HMG20B	0.2696187	False
5256	2.9644318643651526	0.2936110809803093	0.09904463803326022	GIPC3	0.2696187	False
5257	2.9644318643651526	0.2936110809803093	0.09904463803326022	TBXA2R	0.2696187	False
5258	2.9644318643651526	0.2936110809803093	0.09904463803326022	CACTIN-AS1	0.2696187	False
5259	2.9644318643651526	0.2936110809803093	0.09904463803326022	CACTIN	0.2696187	False
5260	2.9644318643651526	0.2936110809803093	0.09904463803326022	PIP5K1C	0.2696187	False
5261	2.9644318643651526	0.2936110809803093	0.09904463803326022	TJP3	0.2696187	False
5262	2.9644318643651526	0.2936110809803093	0.09904463803326022	APBA3	0.2696187	False
5263	2.9644318643651526	0.2936110809803093	0.09904463803326022	MRPL54	0.2696187	False
5264	2.9644318643651526	0.2936110809803093	0.09904463803326022	RAX2	0.2696187	False
5265	2.9644318643651526	0.2936110809803093	0.09904463803326022	MATK	0.2696187	False
5266	2.9644318643651526	0.2936110809803093	0.09904463803326022	ZFR2	0.2696187	False
5267	2.8178797472489503	0.23061802214208735	0.08184097364950933	ATCAY	0.26961827	False
5268	2.8178797472489503	0.23061802214208735	0.08184097364950933	NMRK2	0.26961827	False
5269	2.8178797472489503	0.23061802214208735	0.08184097364950933	DAPK3	0.26961827	False
5270	2.8178797472489503	0.23061802214208735	0.08184097364950933	MIR637	0.26961827	False
5271	2.8178797472489503	0.23061802214208735	0.08184097364950933	EEF2	0.26961827	False
5272	2.8178797472489503	0.23061802214208735	0.08184097364950933	SNORD37	0.26961827	False
5273	2.8178797472489503	0.23061802214208735	0.08184097364950933	PIAS4	0.26961827	False
5274	2.8178797472489503	0.23061802214208735	0.08184097364950933	ZBTB7A	0.26961827	False
5275	2.8178797472489503	0.23061802214208735	0.08184097364950933	MAP2K2	0.26961827	False
5276	2.6812252273952146	0.21217446508033752	0.07913339875832179	CREB3L3	0.26961818	False
5277	2.6812252273952146	0.21217446508033752	0.07913339875832179	SIRT6	0.26961818	False
5278	2.6812252273952146	0.21217446508033752	0.07913339875832179	ANKRD24	0.26961818	False
5279	2.6812252273952146	0.21217446508033752	0.07913339875832179	EBI3	0.26961818	False
5280	2.6812252273952146	0.21217446508033752	0.07913339875832179	YJU2	0.26961818	False
5281	2.6812252273952146	0.21217446508033752	0.07913339875832179	SHD	0.26961818	False
5282	2.6812252273952146	0.21217446508033752	0.07913339875832179	TMIGD2	0.26961818	False
5283	2.6812252273952146	0.21217446508033752	0.07913339875832179	FSD1	0.26961818	False
5284	2.6812252273952146	0.21217446508033752	0.07913339875832179	STAP2	0.26961818	False
5285	2.6812252273952146	0.21217446508033752	0.07913339875832179	MPND	0.26961818	False
5286	2.6812252273952146	0.21217446508033752	0.07913339875832179	SH3GL1	0.26961818	False
5287	2.6812252273952146	0.21217446508033752	0.07913339875832179	CHAF1A	0.26961818	False
5288	2.6812252273952146	0.21217446508033752	0.07913339875832179	UBXN6	0.26961818	False
5289	2.6812252273952146	0.21217446508033752	0.07913339875832179	MIR4746	0.26961818	False
5290	2.6812252273952146	0.21217446508033752	0.07913339875832179	HDGFL2	0.26961818	False
5291	2.6812252273952146	0.21217446508033752	0.07913339875832179	PLIN4	0.26961818	False
5292	2.6812252273952146	0.21217446508033752	0.07913339875832179	PLIN5	0.26961818	False
5293	2.6812252273952146	0.21217446508033752	0.07913339875832179	LRG1	0.26961818	False
5294	2.6812252273952146	0.21217446508033752	0.07913339875832179	SEMA6B	0.26961818	False
5295	2.6812252273952146	0.21217446508033752	0.07913339875832179	TNFAIP8L1	0.26961818	False
5296	2.6812252273952146	0.21217446508033752	0.07913339875832179	MYDGF	0.26961818	False
5297	2.6812252273952146	0.21217446508033752	0.07913339875832179	DPP9	0.26961818	False
5298	2.6812252273952146	0.21217446508033752	0.07913339875832179	DPP9-AS1	0.26961818	False
5299	2.6812252273952146	0.21217446508033752	0.07913339875832179	MIR7-3HG	0.26961818	False
5300	2.6812252273952146	0.21217446508033752	0.07913339875832179	MIR7-3	0.26961818	False
5301	2.6812252273952146	0.21217446508033752	0.07913339875832179	FEM1A	0.26961818	False
5302	2.6812252273952146	0.21217446508033752	0.07913339875832179	TICAM1	0.26961818	False
5303	2.6812252273952146	0.21217446508033752	0.07913339875832179	PLIN3	0.26961818	False
5304	2.690431266938189	0.22653519155614715	0.08420032666879933	MIR6886	0.26961827	False
5305	2.690431266938189	0.22653519155614715	0.08420032666879933	SPC24	0.26961827	False
5306	2.690431266938189	0.22653519155614715	0.08420032666879933	KANK2	0.26961827	False
5307	2.690431266938189	0.22653519155614715	0.08420032666879933	DOCK6	0.26961827	False
5308	2.690431266938189	0.22653519155614715	0.08420032666879933	LOC105372273	0.26961827	False
5309	2.690431266938189	0.22653519155614715	0.08420032666879933	ANGPTL8	0.26961827	False
5310	2.690431266938189	0.22653519155614715	0.08420032666879933	TSPAN16	0.26961827	False
5311	2.690431266938189	0.22653519155614715	0.08420032666879933	RAB3D	0.26961827	False
5312	2.690431266938189	0.22653519155614715	0.08420032666879933	TMEM205	0.26961827	False
5313	2.690431266938189	0.22653519155614715	0.08420032666879933	CCDC159	0.26961827	False
5314	2.690431266938189	0.22653519155614715	0.08420032666879933	PLPPR2	0.26961827	False
5315	2.690431266938189	0.22653519155614715	0.08420032666879933	SWSAP1	0.26961827	False
5316	2.690431266938189	0.22653519155614715	0.08420032666879933	EPOR	0.26961827	False
5317	2.690431266938189	0.22653519155614715	0.08420032666879933	RGL3	0.26961827	False
5318	2.690431266938189	0.22653519155614715	0.08420032666879933	CCDC151	0.26961827	False
5319	2.690431266938189	0.22653519155614715	0.08420032666879933	PRKCSH	0.26961827	False
5320	2.690431266938189	0.22653519155614715	0.08420032666879933	ELAVL3	0.26961827	False
5321	2.690431266938189	0.22653519155614715	0.08420032666879933	ZNF653	0.26961827	False
5322	2.690431266938189	0.22653519155614715	0.08420032666879933	MIR7974	0.26961827	False
5323	2.690431266938189	0.22653519155614715	0.08420032666879933	ECSIT	0.26961827	False
5324	2.690431266938189	0.22653519155614715	0.08420032666879933	CNN1	0.26961827	False
5325	2.690431266938189	0.22653519155614715	0.08420032666879933	ELOF1	0.26961827	False
5326	2.690431266938189	0.22653519155614715	0.08420032666879933	ZNF627	0.26961827	False
5327	2.690431266938189	0.22653519155614715	0.08420032666879933	ACP5	0.26961827	False
5328	2.690431266938189	0.22653519155614715	0.08420032666879933	ZNF833P	0.26961827	False
5329	2.690431266938189	0.22653519155614715	0.08420032666879933	ZNF823	0.26961827	False
5330	2.690431266938189	0.22653519155614715	0.08420032666879933	ZNF441	0.26961827	False
5331	2.690431266938189	0.22653519155614715	0.08420032666879933	ZNF491	0.26961827	False
5332	2.690431266938189	0.22653519155614715	0.08420032666879933	ZNF440	0.26961827	False
5333	2.690431266938189	0.22653519155614715	0.08420032666879933	ZNF439	0.26961827	False
5334	2.6416192599961303	0.2110349178090536	0.07988846879067756	ZNF69	0.26961818	False
5335	2.6416192599961303	0.2110349178090536	0.07988846879067756	ZNF700	0.26961818	False
5336	2.6416192599961303	0.2110349178090536	0.07988846879067756	ZNF763	0.26961818	False
5337	2.6416192599961303	0.2110349178090536	0.07988846879067756	ZNF433-AS1	0.26961818	False
5338	2.6416192599961303	0.2110349178090536	0.07988846879067756	ZNF433	0.26961818	False
5339	2.6416192599961303	0.2110349178090536	0.07988846879067756	ZNF878	0.26961818	False
5340	2.6416192599961303	0.2110349178090536	0.07988846879067756	ZNF844	0.26961818	False
5341	2.6416192599961303	0.2110349178090536	0.07988846879067756	ZNF788P	0.26961818	False
5342	2.6416192599961303	0.2110349178090536	0.07988846879067756	ZNF20	0.26961818	False
5343	2.6822766277422576	0.24217699051738314	0.09028785025846862	ZNF625-ZNF20	0.2696183	False
5344	2.6822766277422576	0.24217699051738314	0.09028785025846862	ZNF625	0.2696183	False
5345	2.6822766277422576	0.24217699051738314	0.09028785025846862	ZNF136	0.2696183	False
5346	2.6822766277422576	0.24217699051738314	0.09028785025846862	LOC100289333	0.2696183	False
5347	2.6822766277422576	0.24217699051738314	0.09028785025846862	ZNF44	0.2696183	False
5348	2.6822766277422576	0.24217699051738314	0.09028785025846862	ZNF563	0.2696183	False
5349	2.6822766277422576	0.24217699051738314	0.09028785025846862	ZNF442	0.2696183	False
5350	2.6822766277422576	0.24217699051738314	0.09028785025846862	ZNF799	0.2696183	False
5351	2.6822766277422576	0.24217699051738314	0.09028785025846862	ZNF443	0.2696183	False
5352	2.6822766277422576	0.24217699051738314	0.09028785025846862	ZNF709	0.2696183	False
5353	2.6822766277422576	0.24217699051738314	0.09028785025846862	ZNF564	0.2696183	False
5354	2.6822766277422576	0.24217699051738314	0.09028785025846862	ZNF490	0.2696183	False
5355	2.6822766277422576	0.24217699051738314	0.09028785025846862	ZNF791	0.2696183	False
5356	2.6822766277422576	0.24217699051738314	0.09028785025846862	MAN2B1	0.2696183	False
5357	2.6822766277422576	0.24217699051738314	0.09028785025846862	WDR83	0.2696183	False
5358	2.6822766277422576	0.24217699051738314	0.09028785025846862	WDR83OS	0.2696183	False
5359	2.6822766277422576	0.24217699051738314	0.09028785025846862	DHPS	0.2696183	False
5360	2.6822766277422576	0.24217699051738314	0.09028785025846862	FBXW9	0.2696183	False
5361	2.6822766277422576	0.24217699051738314	0.09028785025846862	TNPO2	0.2696183	False
5362	2.6822766277422576	0.24217699051738314	0.09028785025846862	SNORD41	0.2696183	False
5363	2.6822766277422576	0.24217699051738314	0.09028785025846862	TRIR	0.2696183	False
5364	2.6822766277422576	0.24217699051738314	0.09028785025846862	ASNA1	0.2696183	False
5365	2.6822766277422576	0.24217699051738314	0.09028785025846862	BEST2	0.2696183	False
5366	2.6822766277422576	0.24217699051738314	0.09028785025846862	HOOK2	0.2696183	False
5367	2.6822766277422576	0.24217699051738314	0.09028785025846862	MIR5684	0.2696183	False
5368	2.6822766277422576	0.24217699051738314	0.09028785025846862	JUNB	0.2696183	False
5369	2.6822766277422576	0.24217699051738314	0.09028785025846862	PRDX2	0.2696183	False
5370	2.6822766277422576	0.24217699051738314	0.09028785025846862	RNASEH2A	0.2696183	False
5371	2.6822766277422576	0.24217699051738314	0.09028785025846862	RTBDN	0.2696183	False
5372	2.6822766277422576	0.24217699051738314	0.09028785025846862	MAST1	0.2696183	False
5373	2.6822766277422576	0.24217699051738314	0.09028785025846862	MIR6794	0.2696183	False
5374	2.6822766277422576	0.24217699051738314	0.09028785025846862	DNASE2	0.2696183	False
5375	2.6822766277422576	0.24217699051738314	0.09028785025846862	KLF1	0.2696183	False
5376	2.729934307465133	0.32351675992025825	0.11850715932452534	USE1	0.26961875	False
5377	2.729934307465133	0.32351675992025825	0.11850715932452534	OCEL1	0.26961875	False
5378	2.729934307465133	0.32351675992025825	0.11850715932452534	NR2F6	0.26961875	False
5379	2.729934307465133	0.32351675992025825	0.11850715932452534	USHBP1	0.26961875	False
5380	2.729934307465133	0.32351675992025825	0.11850715932452534	BABAM1	0.26961875	False
5381	2.729934307465133	0.32351675992025825	0.11850715932452534	ANKLE1	0.26961875	False
5382	2.729934307465133	0.32351675992025825	0.11850715932452534	ABHD8	0.26961875	False
5383	2.729934307465133	0.32351675992025825	0.11850715932452534	MRPL34	0.26961875	False
5384	2.729934307465133	0.32351675992025825	0.11850715932452534	DDA1	0.26961875	False
5385	2.729934307465133	0.32351675992025825	0.11850715932452534	ANO8	0.26961875	False
5386	2.729934307465133	0.32351675992025825	0.11850715932452534	GTPBP3	0.26961875	False
5387	2.729934307465133	0.32351675992025825	0.11850715932452534	PLVAP	0.26961875	False
5388	2.729934307465133	0.32351675992025825	0.11850715932452534	BST2	0.26961875	False
5389	2.729934307465133	0.32351675992025825	0.11850715932452534	BISPR	0.26961875	False
5390	2.729934307465133	0.32351675992025825	0.11850715932452534	MVB12A	0.26961875	False
5391	2.729934307465133	0.32351675992025825	0.11850715932452534	TMEM221	0.26961875	False
5392	2.729934307465133	0.32351675992025825	0.11850715932452534	NXNL1	0.26961875	False
5393	2.729934307465133	0.32351675992025825	0.11850715932452534	SLC27A1	0.26961875	False
5394	2.729934307465133	0.32351675992025825	0.11850715932452534	PGLS	0.26961875	False
5395	2.729934307465133	0.32351675992025825	0.11850715932452534	FAM129C	0.26961875	False
5396	2.729934307465133	0.32351675992025825	0.11850715932452534	COLGALT1	0.26961875	False
5397	2.729934307465133	0.32351675992025825	0.11850715932452534	UNC13A	0.26961875	False
5398	2.729934307465133	0.32351675992025825	0.11850715932452534	MAP1S	0.26961875	False
5399	2.729934307465133	0.32351675992025825	0.11850715932452534	FCHO1	0.26961875	False
5400	2.729934307465133	0.32351675992025825	0.11850715932452534	B3GNT3	0.26961875	False
5401	2.729934307465133	0.32351675992025825	0.11850715932452534	INSL3	0.26961875	False
5402	2.729934307465133	0.32351675992025825	0.11850715932452534	JAK3	0.26961875	False
5403	2.729934307465133	0.32351675992025825	0.11850715932452534	RPL18A	0.26961875	False
5404	2.729934307465133	0.32351675992025825	0.11850715932452534	SNORA68	0.26961875	False
5405	2.729934307465133	0.32351675992025825	0.11850715932452534	SLC5A5	0.26961875	False
5406	2.8041420187628083	0.38786913400608025	0.13832007487880685	PIK3R2	0.26961917	False
5407	2.8041420187628083	0.38786913400608025	0.13832007487880685	IFI30	0.26961917	False
5408	2.8041420187628083	0.38786913400608025	0.13832007487880685	MPV17L2	0.26961917	False
5409	2.8041420187628083	0.38786913400608025	0.13832007487880685	RAB3A	0.26961917	False
5410	2.8041420187628083	0.38786913400608025	0.13832007487880685	LOC102725254	0.26961917	False
5411	2.8041420187628083	0.38786913400608025	0.13832007487880685	PDE4C	0.26961917	False
5412	2.8041420187628083	0.38786913400608025	0.13832007487880685	LOC729966	0.26961917	False
5413	2.8041420187628083	0.38786913400608025	0.13832007487880685	IQCN	0.26961917	False
5414	2.8041420187628083	0.38786913400608025	0.13832007487880685	JUND	0.26961917	False
5415	2.8041420187628083	0.38786913400608025	0.13832007487880685	MIR3188	0.26961917	False
5416	2.8041420187628083	0.38786913400608025	0.13832007487880685	LSM4	0.26961917	False
5417	2.8041420187628083	0.38786913400608025	0.13832007487880685	PGPEP1	0.26961917	False
5418	2.8041420187628083	0.38786913400608025	0.13832007487880685	GDF15	0.26961917	False
5419	2.8041420187628083	0.38786913400608025	0.13832007487880685	MIR3189	0.26961917	False
5420	2.8041420187628083	0.38786913400608025	0.13832007487880685	LRRC25	0.26961917	False
5421	2.8041420187628083	0.38786913400608025	0.13832007487880685	SSBP4	0.26961917	False
5422	2.8041420187628083	0.38786913400608025	0.13832007487880685	ISYNA1	0.26961917	False
5423	2.8041420187628083	0.38786913400608025	0.13832007487880685	ELL	0.26961917	False
5424	2.8041420187628083	0.38786913400608025	0.13832007487880685	FKBP8	0.26961917	False
5425	2.8041420187628083	0.38786913400608025	0.13832007487880685	KXD1	0.26961917	False
5426	2.8041420187628083	0.38786913400608025	0.13832007487880685	UBA52	0.26961917	False
5427	2.8041420187628083	0.38786913400608025	0.13832007487880685	CRLF1	0.26961917	False
5428	2.8041420187628083	0.38786913400608025	0.13832007487880685	REX1BD	0.26961917	False
5429	2.8041420187628083	0.38786913400608025	0.13832007487880685	TMEM59L	0.26961917	False
5430	2.8041420187628083	0.38786913400608025	0.13832007487880685	KLHL26	0.26961917	False
5431	2.8041420187628083	0.38786913400608025	0.13832007487880685	CRTC1	0.26961917	False
5432	2.8041420187628083	0.38786913400608025	0.13832007487880685	COMP	0.26961917	False
5433	2.8041420187628083	0.38786913400608025	0.13832007487880685	UPF1	0.26961917	False
5434	2.8041420187628083	0.38786913400608025	0.13832007487880685	GDF1	0.26961917	False
5435	2.8041420187628083	0.38786913400608025	0.13832007487880685	CERS1	0.26961917	False
5436	2.6378493542065935	0.19924328766840047	0.0755324739643172	TOMM40	0.26961806	False
5437	2.6378493542065935	0.19924328766840047	0.0755324739643172	APOE	0.26961806	False
5438	2.6378493542065935	0.19924328766840047	0.0755324739643172	APOC1	0.26961806	False
5439	2.6378493542065935	0.19924328766840047	0.0755324739643172	APOC4	0.26961806	False
5440	2.6378493542065935	0.19924328766840047	0.0755324739643172	APOC4-APOC2	0.26961806	False
5441	2.6378493542065935	0.19924328766840047	0.0755324739643172	APOC2	0.26961806	False
5442	2.6378493542065935	0.19924328766840047	0.0755324739643172	CLPTM1	0.26961806	False
5443	2.6378493542065935	0.19924328766840047	0.0755324739643172	RELB	0.26961806	False
5444	2.6378493542065935	0.19924328766840047	0.0755324739643172	CLASRP	0.26961806	False
5445	2.6378493542065935	0.19924328766840047	0.0755324739643172	ZNF296	0.26961806	False
5446	2.6378493542065935	0.19924328766840047	0.0755324739643172	GEMIN7-AS1	0.26961806	False
5447	2.6378493542065935	0.19924328766840047	0.0755324739643172	GEMIN7	0.26961806	False
5448	2.6378493542065935	0.19924328766840047	0.0755324739643172	MARK4	0.26961806	False
5449	2.6378493542065935	0.19924328766840047	0.0755324739643172	PPP1R37	0.26961806	False
5450	2.710343551324572	0.22678584011930614	0.0836742043304708	NKPD1	0.2696182	False
5451	2.710343551324572	0.22678584011930614	0.0836742043304708	TRAPPC6A	0.2696182	False
5452	2.710343551324572	0.22678584011930614	0.0836742043304708	BLOC1S3	0.2696182	False
5453	2.710343551324572	0.22678584011930614	0.0836742043304708	EXOC3L2	0.2696182	False
5454	2.710343551324572	0.22678584011930614	0.0836742043304708	CKM	0.2696182	False
5455	2.710343551324572	0.22678584011930614	0.0836742043304708	KLC3	0.2696182	False
5456	2.710343551324572	0.22678584011930614	0.0836742043304708	ERCC2	0.2696182	False
5457	2.710343551324572	0.22678584011930614	0.0836742043304708	PPP1R13L	0.2696182	False
5458	2.710343551324572	0.22678584011930614	0.0836742043304708	CD3EAP	0.2696182	False
5459	2.710343551324572	0.22678584011930614	0.0836742043304708	ERCC1	0.2696182	False
5460	2.710343551324572	0.22678584011930614	0.0836742043304708	MIR6088	0.2696182	False
5461	2.710343551324572	0.22678584011930614	0.0836742043304708	FOSB	0.2696182	False
5462	2.710343551324572	0.22678584011930614	0.0836742043304708	RTN2	0.2696182	False
5463	2.710343551324572	0.22678584011930614	0.0836742043304708	PPM1N	0.2696182	False
5464	2.710343551324572	0.22678584011930614	0.0836742043304708	VASP	0.2696182	False
5465	2.710343551324572	0.22678584011930614	0.0836742043304708	OPA3	0.2696182	False
5466	2.710343551324572	0.22678584011930614	0.0836742043304708	GPR4	0.2696182	False
5467	2.710343551324572	0.22678584011930614	0.0836742043304708	EML2	0.2696182	False
5468	2.710343551324572	0.22678584011930614	0.0836742043304708	MIR330	0.2696182	False
5469	2.710343551324572	0.22678584011930614	0.0836742043304708	EML2-AS1	0.2696182	False
5470	2.710343551324572	0.22678584011930614	0.0836742043304708	GIPR	0.2696182	False
5471	2.710343551324572	0.22678584011930614	0.0836742043304708	MIR642A	0.2696182	False
5472	2.710343551324572	0.22678584011930614	0.0836742043304708	SNRPD2	0.2696182	False
5473	2.710343551324572	0.22678584011930614	0.0836742043304708	QPCTL	0.2696182	False
5474	2.710343551324572	0.22678584011930614	0.0836742043304708	FBXO46	0.2696182	False
5475	2.710343551324572	0.22678584011930614	0.0836742043304708	BHMG1	0.2696182	False
5476	2.710343551324572	0.22678584011930614	0.0836742043304708	SIX5	0.2696182	False
5477	2.710343551324572	0.22678584011930614	0.0836742043304708	DMPK	0.2696182	False
5478	2.710343551324572	0.22678584011930614	0.0836742043304708	DMWD	0.2696182	False
5479	2.710343551324572	0.22678584011930614	0.0836742043304708	RSPH6A	0.2696182	False
5480	2.710343551324572	0.22678584011930614	0.0836742043304708	SYMPK	0.2696182	False
5481	2.710343551324572	0.22678584011930614	0.0836742043304708	FOXA3	0.2696182	False
5482	2.710343551324572	0.22678584011930614	0.0836742043304708	IRF2BP1	0.2696182	False
5483	2.714288766537391	0.2012744190106982	0.07415364993293005	MYPOP	0.26961806	False
5484	2.714288766537391	0.2012744190106982	0.07415364993293005	NANOS2	0.26961806	False
5485	2.714288766537391	0.2012744190106982	0.07415364993293005	NOVA2	0.26961806	False
5486	2.714288766537391	0.2012744190106982	0.07415364993293005	CCDC61	0.26961806	False
5487	2.714288766537391	0.2012744190106982	0.07415364993293005	MIR769	0.26961806	False
5488	2.714288766537391	0.2012744190106982	0.07415364993293005	PGLYRP1	0.26961806	False
5489	2.714288766537391	0.2012744190106982	0.07415364993293005	IGFL4	0.26961806	False
5490	2.714288766537391	0.2012744190106982	0.07415364993293005	LOC400706	0.26961806	False
5491	2.7459657456596966	0.2188849576025303	0.07971146688501203	IGFL3	0.26961815	False
5492	2.7459657456596966	0.2188849576025303	0.07971146688501203	IGFL2	0.26961815	False
5493	2.7459657456596966	0.2188849576025303	0.07971146688501203	IGFL2-AS1	0.26961815	False
5494	2.7459657456596966	0.2188849576025303	0.07971146688501203	LOC93429	0.26961815	False
5495	2.7459657456596966	0.2188849576025303	0.07971146688501203	IGFL1	0.26961815	False
5496	2.7459657456596966	0.2188849576025303	0.07971146688501203	HIF3A	0.26961815	False
5497	2.7459657456596966	0.2188849576025303	0.07971146688501203	PPP5C	0.26961815	False
5498	2.7459657456596966	0.2188849576025303	0.07971146688501203	CCDC8	0.26961815	False
5499	2.7459657456596966	0.2188849576025303	0.07971146688501203	PNMA8A	0.26961815	False
5500	2.7459657456596966	0.2188849576025303	0.07971146688501203	PPP5D1	0.26961815	False
5501	2.7459657456596966	0.2188849576025303	0.07971146688501203	PNMA8B	0.26961815	False
5502	2.7459657456596966	0.2188849576025303	0.07971146688501203	CALM3	0.26961815	False
5503	2.7459657456596966	0.2188849576025303	0.07971146688501203	PTGIR	0.26961815	False
5504	2.7459657456596966	0.2188849576025303	0.07971146688501203	GNG8	0.26961815	False
5505	2.7459657456596966	0.2188849576025303	0.07971146688501203	DACT3	0.26961815	False
5506	2.7459657456596966	0.2188849576025303	0.07971146688501203	DACT3-AS1	0.26961815	False
5507	2.7459657456596966	0.2188849576025303	0.07971146688501203	PRKD2	0.26961815	False
5508	2.7459657456596966	0.2188849576025303	0.07971146688501203	MIR320E	0.26961815	False
5509	2.7459657456596966	0.2188849576025303	0.07971146688501203	STRN4	0.26961815	False
5510	2.7459657456596966	0.2188849576025303	0.07971146688501203	FKRP	0.26961815	False
5511	2.7459657456596966	0.2188849576025303	0.07971146688501203	SLC1A5	0.26961815	False
5512	2.7459657456596966	0.2188849576025303	0.07971146688501203	AP2S1	0.26961815	False
5513	2.835114707450474	0.22628003563562507	0.07981336171019031	ARHGAP35	0.2696182	False
5514	2.835114707450474	0.22628003563562507	0.07981336171019031	NPAS1	0.2696182	False
5515	2.835114707450474	0.22628003563562507	0.07981336171019031	TMEM160	0.2696182	False
5516	2.835114707450474	0.22628003563562507	0.07981336171019031	ZC3H4	0.2696182	False
5517	2.8936145104205377	0.26816044775144393	0.09267317632868498	SAE1	0.26961848	False
5518	2.8936145104205377	0.26816044775144393	0.09267317632868498	BBC3	0.26961848	False
5519	2.8936145104205377	0.26816044775144393	0.09267317632868498	MIR3190	0.26961848	False
5520	2.8936145104205377	0.26816044775144393	0.09267317632868498	CCDC9	0.26961848	False
5521	2.8936145104205377	0.26816044775144393	0.09267317632868498	INAFM1	0.26961848	False
5522	2.8936145104205377	0.26816044775144393	0.09267317632868498	C5AR1	0.26961848	False
5523	2.8936145104205377	0.26816044775144393	0.09267317632868498	C5AR2	0.26961848	False
5524	2.8936145104205377	0.26816044775144393	0.09267317632868498	DHX34	0.26961848	False
5525	2.8936145104205377	0.26816044775144393	0.09267317632868498	MEIS3	0.26961848	False
5526	2.8936145104205377	0.26816044775144393	0.09267317632868498	SLC8A2	0.26961848	False
5527	2.8936145104205377	0.26816044775144393	0.09267317632868498	KPTN	0.26961848	False
5528	2.8936145104205377	0.26816044775144393	0.09267317632868498	NAPA-AS1	0.26961848	False
5529	2.8936145104205377	0.26816044775144393	0.09267317632868498	NAPA	0.26961848	False
5530	2.8936145104205377	0.26816044775144393	0.09267317632868498	ZNF541	0.26961848	False
5531	2.8936145104205377	0.26816044775144393	0.09267317632868498	BICRA	0.26961848	False
5532	2.8936145104205377	0.26816044775144393	0.09267317632868498	EHD2	0.26961848	False
5533	2.8936145104205377	0.26816044775144393	0.09267317632868498	NOP53	0.26961848	False
5534	2.8936145104205377	0.26816044775144393	0.09267317632868498	SNORD23	0.26961848	False
5535	2.8936145104205377	0.26816044775144393	0.09267317632868498	NOP53-AS1	0.26961848	False
5536	2.8936145104205377	0.26816044775144393	0.09267317632868498	SELENOW	0.26961848	False
5537	2.8936145104205377	0.26816044775144393	0.09267317632868498	TPRX1	0.26961848	False
5538	2.8936145104205377	0.26816044775144393	0.09267317632868498	CRX	0.26961848	False
5539	2.8936145104205377	0.26816044775144393	0.09267317632868498	SULT2A1	0.26961848	False
5540	2.8802141235340386	0.2572176682386977	0.08930505066862536	BSPH1	0.26961842	False
5541	2.8802141235340386	0.2572176682386977	0.08930505066862536	ELSPBP1	0.26961842	False
5542	2.8802141235340386	0.2572176682386977	0.08930505066862536	CABP5	0.26961842	False
5543	2.8802141235340386	0.2572176682386977	0.08930505066862536	PLA2G4C	0.26961842	False
5544	2.8802141235340386	0.2572176682386977	0.08930505066862536	PLA2G4C-AS1	0.26961842	False
5545	2.9539049680484175	0.31952517137417624	0.10817043027124862	LIG1	0.26961887	False
5546	2.9539049680484175	0.31952517137417624	0.10817043027124862	ZSWIM9	0.26961887	False
5547	2.9539049680484175	0.31952517137417624	0.10817043027124862	ZNF114	0.26961887	False
5548	2.9539049680484175	0.31952517137417624	0.10817043027124862	CARD8	0.26961887	False
5549	2.9539049680484175	0.31952517137417624	0.10817043027124862	CARD8-AS1	0.26961887	False
5550	2.9539049680484175	0.31952517137417624	0.10817043027124862	CCDC114	0.26961887	False
5551	2.9539049680484175	0.31952517137417624	0.10817043027124862	EMP3	0.26961887	False
5552	2.9539049680484175	0.31952517137417624	0.10817043027124862	TMEM143	0.26961887	False
5553	2.9539049680484175	0.31952517137417624	0.10817043027124862	SYNGR4	0.26961887	False
5554	2.9539049680484175	0.31952517137417624	0.10817043027124862	KDELR1	0.26961887	False
5555	2.9539049680484175	0.31952517137417624	0.10817043027124862	GRIN2D	0.26961887	False
5556	2.9539049680484175	0.31952517137417624	0.10817043027124862	GRWD1	0.26961887	False
5557	2.9539049680484175	0.31952517137417624	0.10817043027124862	KCNJ14	0.26961887	False
5558	2.9539049680484175	0.31952517137417624	0.10817043027124862	CYTH2	0.26961887	False
5559	2.9539049680484175	0.31952517137417624	0.10817043027124862	LMTK3	0.26961887	False
5560	2.9539049680484175	0.31952517137417624	0.10817043027124862	SULT2B1	0.26961887	False
5561	2.9539049680484175	0.31952517137417624	0.10817043027124862	FAM83E	0.26961887	False
5562	2.9539049680484175	0.31952517137417624	0.10817043027124862	SPACA4	0.26961887	False
5563	2.9539049680484175	0.31952517137417624	0.10817043027124862	RPL18	0.26961887	False
5564	2.9539049680484175	0.31952517137417624	0.10817043027124862	SPHK2	0.26961887	False
5565	2.9539049680484175	0.31952517137417624	0.10817043027124862	DBP	0.26961887	False
5566	2.9539049680484175	0.31952517137417624	0.10817043027124862	CA11	0.26961887	False
5567	2.9539049680484175	0.31952517137417624	0.10817043027124862	NTN5	0.26961887	False
5568	2.9539049680484175	0.31952517137417624	0.10817043027124862	FUT2	0.26961887	False
5569	2.9539049680484175	0.31952517137417624	0.10817043027124862	MAMSTR	0.26961887	False
5570	2.9539049680484175	0.31952517137417624	0.10817043027124862	RASIP1	0.26961887	False
5571	2.9539049680484175	0.31952517137417624	0.10817043027124862	IZUMO1	0.26961887	False
5572	2.9539049680484175	0.31952517137417624	0.10817043027124862	FUT1	0.26961887	False
5573	2.9539049680484175	0.31952517137417624	0.10817043027124862	FGF21	0.26961887	False
5574	2.9539049680484175	0.31952517137417624	0.10817043027124862	BCAT2	0.26961887	False
5575	2.9539049680484175	0.31952517137417624	0.10817043027124862	HSD17B14	0.26961887	False
5576	2.9539049680484175	0.31952517137417624	0.10817043027124862	PLEKHA4	0.26961887	False
5577	2.9539049680484175	0.31952517137417624	0.10817043027124862	PPP1R15A	0.26961887	False
5578	2.9539049680484175	0.31952517137417624	0.10817043027124862	TULP2	0.26961887	False
5579	2.7807140977807845	0.27814858815584986	0.10002775487700552	NUCB1	0.26961857	False
5580	2.7807140977807845	0.27814858815584986	0.10002775487700552	NUCB1-AS1	0.26961857	False
5581	2.7807140977807845	0.27814858815584986	0.10002775487700552	DHDH	0.26961857	False
5582	2.7807140977807845	0.27814858815584986	0.10002775487700552	BAX	0.26961857	False
5583	2.7807140977807845	0.27814858815584986	0.10002775487700552	FTL	0.26961857	False
5584	2.7807140977807845	0.27814858815584986	0.10002775487700552	GYS1	0.26961857	False
5585	2.7807140977807845	0.27814858815584986	0.10002775487700552	RUVBL2	0.26961857	False
5586	2.7807140977807845	0.27814858815584986	0.10002775487700552	MIR6798	0.26961857	False
5587	2.7807140977807845	0.27814858815584986	0.10002775487700552	LHB	0.26961857	False
5588	2.7807140977807845	0.27814858815584986	0.10002775487700552	LOC101059948	0.26961857	False
5589	2.7807140977807845	0.27814858815584986	0.10002775487700552	CGB3	0.26961857	False
5590	2.7807140977807845	0.27814858815584986	0.10002775487700552	CGB2	0.26961857	False
5591	2.7807140977807845	0.27814858815584986	0.10002775487700552	CGB1	0.26961857	False
5592	2.7807140977807845	0.27814858815584986	0.10002775487700552	CGB5	0.26961857	False
5593	2.7807140977807845	0.27814858815584986	0.10002775487700552	CGB8	0.26961857	False
5594	2.7807140977807845	0.27814858815584986	0.10002775487700552	CGB7	0.26961857	False
5595	2.7807140977807845	0.27814858815584986	0.10002775487700552	NTF4	0.26961857	False
5596	2.7807140977807845	0.27814858815584986	0.10002775487700552	KCNA7	0.26961857	False
5597	2.7807140977807845	0.27814858815584986	0.10002775487700552	SNRNP70	0.26961857	False
5598	2.795134422983799	0.3252672350419401	0.11636908492390793	LIN7B	0.2696188	False
5599	2.795134422983799	0.3252672350419401	0.11636908492390793	C19orf73	0.2696188	False
5600	2.795134422983799	0.3252672350419401	0.11636908492390793	PPFIA3	0.2696188	False
5601	2.795134422983799	0.3252672350419401	0.11636908492390793	HRC	0.2696188	False
5602	2.795134422983799	0.3252672350419401	0.11636908492390793	TRPM4	0.2696188	False
5603	2.795134422983799	0.3252672350419401	0.11636908492390793	SLC6A16	0.2696188	False
5604	2.795134422983799	0.3252672350419401	0.11636908492390793	MIR4324	0.2696188	False
5605	2.795134422983799	0.3252672350419401	0.11636908492390793	CD37	0.2696188	False
5606	2.795134422983799	0.3252672350419401	0.11636908492390793	TEAD2	0.2696188	False
5607	2.795134422983799	0.3252672350419401	0.11636908492390793	DKKL1	0.2696188	False
5608	2.795134422983799	0.3252672350419401	0.11636908492390793	LOC101928295	0.2696188	False
5609	2.795134422983799	0.3252672350419401	0.11636908492390793	CCDC155	0.2696188	False
5610	2.795134422983799	0.3252672350419401	0.11636908492390793	PTH2	0.2696188	False
5611	2.795134422983799	0.3252672350419401	0.11636908492390793	GFY	0.2696188	False
5612	2.795134422983799	0.3252672350419401	0.11636908492390793	SLC17A7	0.2696188	False
5613	2.795134422983799	0.3252672350419401	0.11636908492390793	PIH1D1	0.2696188	False
5614	2.795134422983799	0.3252672350419401	0.11636908492390793	ALDH16A1	0.2696188	False
5615	2.795134422983799	0.3252672350419401	0.11636908492390793	FLT3LG	0.2696188	False
5616	2.795134422983799	0.3252672350419401	0.11636908492390793	RPL13A	0.2696188	False
5617	2.795134422983799	0.3252672350419401	0.11636908492390793	SNORD32A	0.2696188	False
5618	2.795134422983799	0.3252672350419401	0.11636908492390793	SNORD33	0.2696188	False
5619	2.795134422983799	0.3252672350419401	0.11636908492390793	SNORD34	0.2696188	False
5620	2.795134422983799	0.3252672350419401	0.11636908492390793	SNORD35A	0.2696188	False
5621	2.795134422983799	0.3252672350419401	0.11636908492390793	RPS11	0.2696188	False
5622	2.795134422983799	0.3252672350419401	0.11636908492390793	SNORD35B	0.2696188	False
5623	2.795134422983799	0.3252672350419401	0.11636908492390793	MIR150	0.2696188	False
5624	2.795134422983799	0.3252672350419401	0.11636908492390793	FCGRT	0.2696188	False
5625	2.795134422983799	0.3252672350419401	0.11636908492390793	RCN3	0.2696188	False
5626	2.795134422983799	0.3252672350419401	0.11636908492390793	NOSIP	0.2696188	False
5627	2.795134422983799	0.3252672350419401	0.11636908492390793	PRRG2	0.2696188	False
5628	2.795134422983799	0.3252672350419401	0.11636908492390793	PRR12	0.2696188	False
5629	2.795134422983799	0.3252672350419401	0.11636908492390793	RRAS	0.2696188	False
5630	2.795134422983799	0.3252672350419401	0.11636908492390793	SCAF1	0.2696188	False
5631	2.795134422983799	0.3252672350419401	0.11636908492390793	IRF3	0.2696188	False
5632	2.795134422983799	0.3252672350419401	0.11636908492390793	BCL2L12	0.2696188	False
5633	2.795134422983799	0.3252672350419401	0.11636908492390793	PRMT1	0.2696188	False
5634	2.795134422983799	0.3252672350419401	0.11636908492390793	MIR5088	0.2696188	False
5635	2.795134422983799	0.3252672350419401	0.11636908492390793	ADM5	0.2696188	False
5636	2.795134422983799	0.3252672350419401	0.11636908492390793	CPT1C	0.2696188	False
5637	2.795134422983799	0.3252672350419401	0.11636908492390793	TSKS	0.2696188	False
5638	2.795134422983799	0.3252672350419401	0.11636908492390793	AP2A1	0.2696188	False
5639	2.795134422983799	0.3252672350419401	0.11636908492390793	MIR6799	0.2696188	False
5640	2.795134422983799	0.3252672350419401	0.11636908492390793	FUZ	0.2696188	False
5641	2.795134422983799	0.3252672350419401	0.11636908492390793	MED25	0.2696188	False
5642	2.795134422983799	0.3252672350419401	0.11636908492390793	MIR6800	0.2696188	False
5643	2.795134422983799	0.3252672350419401	0.11636908492390793	PTOV1-AS1	0.2696188	False
5644	2.795134422983799	0.3252672350419401	0.11636908492390793	PTOV1	0.2696188	False
5645	2.795134422983799	0.3252672350419401	0.11636908492390793	MIR4749	0.2696188	False
5646	2.795134422983799	0.3252672350419401	0.11636908492390793	PTOV1-AS2	0.2696188	False
5647	2.795134422983799	0.3252672350419401	0.11636908492390793	PNKP	0.2696188	False
5648	2.795134422983799	0.3252672350419401	0.11636908492390793	AKT1S1	0.2696188	False
5649	2.795134422983799	0.3252672350419401	0.11636908492390793	TBC1D17	0.2696188	False
5650	2.795134422983799	0.3252672350419401	0.11636908492390793	MIR4750	0.2696188	False
