	mean	var	dispersion	gene	proba	pred
0	2.957955902924549	0.43400672928377126	0.1467252195526871	SEMA6C	0.2696195	False
1	2.957955902924549	0.43400672928377126	0.1467252195526871	TNFAIP8L2	0.2696195	False
2	2.957955902924549	0.43400672928377126	0.1467252195526871	TNFAIP8L2-SCNM1	0.2696195	False
3	2.957955902924549	0.43400672928377126	0.1467252195526871	LYSMD1	0.2696195	False
4	2.957955902924549	0.43400672928377126	0.1467252195526871	SCNM1	0.2696195	False
5	2.957955902924549	0.43400672928377126	0.1467252195526871	TMOD4	0.2696195	False
6	2.957955902924549	0.43400672928377126	0.1467252195526871	VPS72	0.2696195	False
7	2.957955902924549	0.43400672928377126	0.1467252195526871	PIP5K1A	0.2696195	False
8	2.957955902924549	0.43400672928377126	0.1467252195526871	PSMD4	0.2696195	False
9	2.957955902924549	0.43400672928377126	0.1467252195526871	ZNF687	0.2696195	False
10	2.957955902924549	0.43400672928377126	0.1467252195526871	PI4KB	0.2696195	False
11	2.957955902924549	0.43400672928377126	0.1467252195526871	RFX5	0.2696195	False
12	2.957955902924549	0.43400672928377126	0.1467252195526871	GBAT2	0.2696195	False
13	2.957955902924549	0.43400672928377126	0.1467252195526871	SELENBP1	0.2696195	False
14	2.957955902924549	0.43400672928377126	0.1467252195526871	PSMB4	0.2696195	False
15	2.957955902924549	0.43400672928377126	0.1467252195526871	POGZ	0.2696195	False
16	2.957955902924549	0.43400672928377126	0.1467252195526871	CGN	0.2696195	False
17	2.957955902924549	0.43400672928377126	0.1467252195526871	TUFT1	0.2696195	False
18	2.957955902924549	0.43400672928377126	0.1467252195526871	MIR554	0.2696195	False
19	2.957955902924549	0.43400672928377126	0.1467252195526871	SNX27	0.2696195	False
20	2.957955902924549	0.43400672928377126	0.1467252195526871	CELF3	0.2696195	False
21	2.957955902924549	0.43400672928377126	0.1467252195526871	RIIAD1	0.2696195	False
22	2.957955902924549	0.43400672928377126	0.1467252195526871	MRPL9	0.2696195	False
23	2.957955902924549	0.43400672928377126	0.1467252195526871	OAZ3	0.2696195	False
24	2.957955902924549	0.43400672928377126	0.1467252195526871	TDRKH	0.2696195	False
25	2.957955902924549	0.43400672928377126	0.1467252195526871	LINGO4	0.2696195	False
26	2.957955902924549	0.43400672928377126	0.1467252195526871	RORC	0.2696195	False
27	2.957955902924549	0.43400672928377126	0.1467252195526871	C2CD4D	0.2696195	False
28	2.957955902924549	0.43400672928377126	0.1467252195526871	C2CD4D-AS1	0.2696195	False
29	2.957955902924549	0.43400672928377126	0.1467252195526871	THEM5	0.2696195	False
30	2.8586939577332813	0.3381062607600504	0.11827298261341063	THEM4	0.26961893	False
31	2.8586939577332813	0.3381062607600504	0.11827298261341063	S100A10	0.26961893	False
32	2.8586939577332813	0.3381062607600504	0.11827298261341063	NBPF18P	0.26961893	False
33	2.8586939577332813	0.3381062607600504	0.11827298261341063	S100A11	0.26961893	False
34	2.8586939577332813	0.3381062607600504	0.11827298261341063	TCHHL1	0.26961893	False
35	2.8580459620953795	0.36748075157396953	0.1285776213705642	TCHH	0.26961908	False
36	2.8580459620953795	0.36748075157396953	0.1285776213705642	RPTN	0.26961908	False
37	2.8580459620953795	0.36748075157396953	0.1285776213705642	FLG-AS1	0.26961908	False
38	2.8580459620953795	0.36748075157396953	0.1285776213705642	HRNR	0.26961908	False
39	2.8580459620953795	0.36748075157396953	0.1285776213705642	FLG	0.26961908	False
40	2.8580459620953795	0.36748075157396953	0.1285776213705642	FLG2	0.26961908	False
41	2.8580459620953795	0.36748075157396953	0.1285776213705642	CRNN	0.26961908	False
42	2.8580459620953795	0.36748075157396953	0.1285776213705642	LCE5A	0.26961908	False
43	2.8580459620953795	0.36748075157396953	0.1285776213705642	CRCT1	0.26961908	False
44	2.8580459620953795	0.36748075157396953	0.1285776213705642	LCE3E	0.26961908	False
45	2.8580459620953795	0.36748075157396953	0.1285776213705642	LCE3D	0.26961908	False
46	2.8580459620953795	0.36748075157396953	0.1285776213705642	LCE3C	0.26961908	False
47	2.8580459620953795	0.36748075157396953	0.1285776213705642	LCE3B	0.26961908	False
48	2.8580459620953795	0.36748075157396953	0.1285776213705642	LCE3A	0.26961908	False
49	2.8580459620953795	0.36748075157396953	0.1285776213705642	LCE2D	0.26961908	False
50	2.8580459620953795	0.36748075157396953	0.1285776213705642	LCE2C	0.26961908	False
51	2.8580459620953795	0.36748075157396953	0.1285776213705642	LCE2B	0.26961908	False
52	2.8580459620953795	0.36748075157396953	0.1285776213705642	LCE2A	0.26961908	False
53	2.8580459620953795	0.36748075157396953	0.1285776213705642	LCE4A	0.26961908	False
54	2.8580459620953795	0.36748075157396953	0.1285776213705642	C1orf68	0.26961908	False
55	2.8580459620953795	0.36748075157396953	0.1285776213705642	LCE1F	0.26961908	False
56	2.8580459620953795	0.36748075157396953	0.1285776213705642	LCE1E	0.26961908	False
57	2.8580459620953795	0.36748075157396953	0.1285776213705642	LCE1D	0.26961908	False
58	2.8580459620953795	0.36748075157396953	0.1285776213705642	LCE1C	0.26961908	False
59	2.8580459620953795	0.36748075157396953	0.1285776213705642	LCE1B	0.26961908	False
60	2.8580459620953795	0.36748075157396953	0.1285776213705642	LCE1A	0.26961908	False
61	2.8580459620953795	0.36748075157396953	0.1285776213705642	LCE6A	0.26961908	False
62	2.8580459620953795	0.36748075157396953	0.1285776213705642	SMCP	0.26961908	False
63	2.8684262598791066	0.3291001329468089	0.11473194815915513	IVL	0.26961887	False
64	2.8684262598791066	0.3291001329468089	0.11473194815915513	SPRR4	0.26961887	False
65	2.8684262598791066	0.3291001329468089	0.11473194815915513	SPRR3	0.26961887	False
66	2.8684262598791066	0.3291001329468089	0.11473194815915513	SPRR1B	0.26961887	False
67	2.8684262598791066	0.3291001329468089	0.11473194815915513	SPRR2D	0.26961887	False
68	2.8684262598791066	0.3291001329468089	0.11473194815915513	SPRR2A	0.26961887	False
69	2.8684262598791066	0.3291001329468089	0.11473194815915513	SPRR2E	0.26961887	False
70	2.8576856076161388	0.36463470289940814	0.12759790717621447	SPRR2F	0.269619	False
71	2.8576856076161388	0.36463470289940814	0.12759790717621447	SPRR2G	0.269619	False
72	2.8576856076161388	0.36463470289940814	0.12759790717621447	LOC101928009	0.269619	False
73	2.8576856076161388	0.36463470289940814	0.12759790717621447	LELP1	0.269619	False
74	2.8576856076161388	0.36463470289940814	0.12759790717621447	PRR9	0.269619	False
75	2.8576856076161388	0.36463470289940814	0.12759790717621447	LOR	0.269619	False
76	2.8576856076161388	0.36463470289940814	0.12759790717621447	PGLYRP3	0.269619	False
77	2.8576856076161388	0.36463470289940814	0.12759790717621447	PGLYRP4	0.269619	False
78	2.8576856076161388	0.36463470289940814	0.12759790717621447	S100A9	0.269619	False
79	2.8576856076161388	0.36463470289940814	0.12759790717621447	S100A12	0.269619	False
80	2.8576856076161388	0.36463470289940814	0.12759790717621447	S100A8	0.269619	False
81	2.8576856076161388	0.36463470289940814	0.12759790717621447	S100A7A	0.269619	False
82	2.8576856076161388	0.36463470289940814	0.12759790717621447	S100A7L2	0.269619	False
83	2.8576856076161388	0.36463470289940814	0.12759790717621447	S100A7	0.269619	False
84	2.8576856076161388	0.36463470289940814	0.12759790717621447	S100A6	0.269619	False
85	2.8576856076161388	0.36463470289940814	0.12759790717621447	S100A5	0.269619	False
86	2.8576856076161388	0.36463470289940814	0.12759790717621447	S100A4	0.269619	False
87	2.8576856076161388	0.36463470289940814	0.12759790717621447	S100A3	0.269619	False
88	2.8576856076161388	0.36463470289940814	0.12759790717621447	S100A2	0.269619	False
89	2.8576856076161388	0.36463470289940814	0.12759790717621447	S100A16	0.269619	False
90	2.8576856076161388	0.36463470289940814	0.12759790717621447	S100A14	0.269619	False
91	2.8576856076161388	0.36463470289940814	0.12759790717621447	S100A13	0.269619	False
92	2.8576856076161388	0.36463470289940814	0.12759790717621447	S100A1	0.269619	False
93	2.8576856076161388	0.36463470289940814	0.12759790717621447	CHTOP	0.269619	False
94	2.8576856076161388	0.36463470289940814	0.12759790717621447	SNAPIN	0.269619	False
95	2.8576856076161388	0.36463470289940814	0.12759790717621447	ILF2	0.269619	False
96	2.8576856076161388	0.36463470289940814	0.12759790717621447	NPR1	0.269619	False
97	2.8576856076161388	0.36463470289940814	0.12759790717621447	MIR8083	0.269619	False
98	2.8576856076161388	0.36463470289940814	0.12759790717621447	INTS3	0.269619	False
99	2.8576856076161388	0.36463470289940814	0.12759790717621447	SLC27A3	0.269619	False
100	2.8498633987976367	0.31243826199060726	0.10963271507063307	GATAD2B	0.2696188	False
101	2.8498633987976367	0.31243826199060726	0.10963271507063307	DENND4B	0.2696188	False
102	2.8498633987976367	0.31243826199060726	0.10963271507063307	CRTC2	0.2696188	False
103	2.8498633987976367	0.31243826199060726	0.10963271507063307	SLC39A1	0.2696188	False
104	2.8498633987976367	0.31243826199060726	0.10963271507063307	MIR6737	0.2696188	False
105	2.8498633987976367	0.31243826199060726	0.10963271507063307	CREB3L4	0.2696188	False
106	2.8498633987976367	0.31243826199060726	0.10963271507063307	JTB	0.2696188	False
107	2.8498633987976367	0.31243826199060726	0.10963271507063307	RAB13	0.2696188	False
108	2.8498633987976367	0.31243826199060726	0.10963271507063307	RPS27	0.2696188	False
109	2.8498633987976367	0.31243826199060726	0.10963271507063307	NUP210L	0.2696188	False
110	2.908313348524616	0.36695664881891266	0.12617507291814664	MIR5698	0.2696191	False
111	2.908313348524616	0.36695664881891266	0.12617507291814664	TPM3	0.2696191	False
112	2.908313348524616	0.36695664881891266	0.12617507291814664	MIR190B	0.2696191	False
113	2.908313348524616	0.36695664881891266	0.12617507291814664	C1orf189	0.2696191	False
114	2.908313348524616	0.36695664881891266	0.12617507291814664	C1orf43	0.2696191	False
115	2.908313348524616	0.36695664881891266	0.12617507291814664	UBAP2L	0.2696191	False
116	2.908313348524616	0.36695664881891266	0.12617507291814664	HAX1	0.2696191	False
117	2.908313348524616	0.36695664881891266	0.12617507291814664	AQP10	0.2696191	False
118	2.908313348524616	0.36695664881891266	0.12617507291814664	ATP8B2	0.2696191	False
119	2.908313348524616	0.36695664881891266	0.12617507291814664	IL6R	0.2696191	False
120	2.908313348524616	0.36695664881891266	0.12617507291814664	SHE	0.2696191	False
121	2.908313348524616	0.36695664881891266	0.12617507291814664	TDRD10	0.2696191	False
122	2.908313348524616	0.36695664881891266	0.12617507291814664	UBE2Q1	0.2696191	False
123	2.908313348524616	0.36695664881891266	0.12617507291814664	UBE2Q1-AS1	0.2696191	False
124	2.908313348524616	0.36695664881891266	0.12617507291814664	CHRNB2	0.2696191	False
125	2.908313348524616	0.36695664881891266	0.12617507291814664	ADAR	0.2696191	False
126	2.908313348524616	0.36695664881891266	0.12617507291814664	KCNN3	0.2696191	False
127	2.875073630264254	0.31552864462899705	0.10974628312388512	PMVK	0.2696188	False
128	2.875073630264254	0.31552864462899705	0.10974628312388512	PBXIP1	0.2696188	False
129	2.875073630264254	0.31552864462899705	0.10974628312388512	PYGO2	0.2696188	False
130	2.875073630264254	0.31552864462899705	0.10974628312388512	SHC1	0.2696188	False
131	2.875073630264254	0.31552864462899705	0.10974628312388512	CKS1B	0.2696188	False
132	2.875073630264254	0.31552864462899705	0.10974628312388512	MIR4258	0.2696188	False
133	2.875073630264254	0.31552864462899705	0.10974628312388512	FLAD1	0.2696188	False
134	2.875073630264254	0.31552864462899705	0.10974628312388512	LENEP	0.2696188	False
135	2.875073630264254	0.31552864462899705	0.10974628312388512	ZBTB7B	0.2696188	False
136	2.875073630264254	0.31552864462899705	0.10974628312388512	DCST2	0.2696188	False
137	2.875073630264254	0.31552864462899705	0.10974628312388512	DCST1	0.2696188	False
138	2.875073630264254	0.31552864462899705	0.10974628312388512	DCST1-AS1	0.2696188	False
139	2.875073630264254	0.31552864462899705	0.10974628312388512	ADAM15	0.2696188	False
140	2.875073630264254	0.31552864462899705	0.10974628312388512	EFNA4	0.2696188	False
141	2.875073630264254	0.31552864462899705	0.10974628312388512	EFNA3	0.2696188	False
142	2.9665788165597577	0.36778193679368376	0.12397511056867458	EFNA1	0.2696192	False
143	2.9665788165597577	0.36778193679368376	0.12397511056867458	SLC50A1	0.2696192	False
144	2.9665788165597577	0.36778193679368376	0.12397511056867458	DPM3	0.2696192	False
145	2.9665788165597577	0.36778193679368376	0.12397511056867458	KRTCAP2	0.2696192	False
146	2.9665788165597577	0.36778193679368376	0.12397511056867458	TRIM46	0.2696192	False
147	2.9665788165597577	0.36778193679368376	0.12397511056867458	MUC1	0.2696192	False
148	2.9665788165597577	0.36778193679368376	0.12397511056867458	MIR92B	0.2696192	False
149	2.9665788165597577	0.36778193679368376	0.12397511056867458	THBS3	0.2696192	False
150	2.9665788165597577	0.36778193679368376	0.12397511056867458	MTX1	0.2696192	False
151	2.9665788165597577	0.36778193679368376	0.12397511056867458	GBA	0.2696192	False
152	2.9665788165597577	0.36778193679368376	0.12397511056867458	FAM189B	0.2696192	False
153	2.9665788165597577	0.36778193679368376	0.12397511056867458	SCAMP3	0.2696192	False
154	2.9665788165597577	0.36778193679368376	0.12397511056867458	CLK2	0.2696192	False
155	2.9665788165597577	0.36778193679368376	0.12397511056867458	HCN3	0.2696192	False
156	2.9665788165597577	0.36778193679368376	0.12397511056867458	PKLR	0.2696192	False
157	2.9665788165597577	0.36778193679368376	0.12397511056867458	FDPS	0.2696192	False
158	2.9665788165597577	0.36778193679368376	0.12397511056867458	RUSC1-AS1	0.2696192	False
159	2.9665788165597577	0.36778193679368376	0.12397511056867458	RUSC1	0.2696192	False
160	2.9665788165597577	0.36778193679368376	0.12397511056867458	ASH1L	0.2696192	False
161	2.9665788165597577	0.36778193679368376	0.12397511056867458	MIR555	0.2696192	False
162	2.9665788165597577	0.36778193679368376	0.12397511056867458	MSTO2P	0.2696192	False
163	2.9665788165597577	0.36778193679368376	0.12397511056867458	MSTO1	0.2696192	False
164	2.9665788165597577	0.36778193679368376	0.12397511056867458	YY1AP1	0.2696192	False
165	2.9665788165597577	0.36778193679368376	0.12397511056867458	DAP3	0.2696192	False
166	2.9665788165597577	0.36778193679368376	0.12397511056867458	GON4L	0.2696192	False
167	2.9665788165597577	0.36778193679368376	0.12397511056867458	SYT11	0.2696192	False
168	2.8762226701565035	0.3280827350432444	0.11406722380968944	RIT1	0.26961887	False
169	2.8762226701565035	0.3280827350432444	0.11406722380968944	KHDC4	0.26961887	False
170	2.8762226701565035	0.3280827350432444	0.11406722380968944	SNORA80E	0.26961887	False
171	2.8762226701565035	0.3280827350432444	0.11406722380968944	SCARNA4	0.26961887	False
172	2.8762226701565035	0.3280827350432444	0.11406722380968944	RXFP4	0.26961887	False
173	2.8762226701565035	0.3280827350432444	0.11406722380968944	ARHGEF2	0.26961887	False
174	2.8762226701565035	0.3280827350432444	0.11406722380968944	MIR6738	0.26961887	False
175	2.8762226701565035	0.3280827350432444	0.11406722380968944	SSR2	0.26961887	False
176	2.8762226701565035	0.3280827350432444	0.11406722380968944	UBQLN4	0.26961887	False
177	2.8762226701565035	0.3280827350432444	0.11406722380968944	LAMTOR2	0.26961887	False
178	2.8762226701565035	0.3280827350432444	0.11406722380968944	RAB25	0.26961887	False
179	2.8762226701565035	0.3280827350432444	0.11406722380968944	MEX3A	0.26961887	False
180	2.8762226701565035	0.3280827350432444	0.11406722380968944	LMNA	0.26961887	False
181	2.8729146556616163	0.3753119048710723	0.13063802787578457	SEMA4A	0.26961908	False
182	2.8729146556616163	0.3753119048710723	0.13063802787578457	SLC25A44	0.26961908	False
183	2.8729146556616163	0.3753119048710723	0.13063802787578457	PMF1-BGLAP	0.26961908	False
184	2.8729146556616163	0.3753119048710723	0.13063802787578457	PMF1	0.26961908	False
185	2.8729146556616163	0.3753119048710723	0.13063802787578457	BGLAP	0.26961908	False
186	2.8729146556616163	0.3753119048710723	0.13063802787578457	PAQR6	0.26961908	False
187	2.8729146556616163	0.3753119048710723	0.13063802787578457	SMG5	0.26961908	False
188	2.8729146556616163	0.3753119048710723	0.13063802787578457	TMEM79	0.26961908	False
189	2.8729146556616163	0.3753119048710723	0.13063802787578457	GLMP	0.26961908	False
190	2.8729146556616163	0.3753119048710723	0.13063802787578457	VHLL	0.26961908	False
191	2.8729146556616163	0.3753119048710723	0.13063802787578457	CCT3	0.26961908	False
192	2.8729146556616163	0.3753119048710723	0.13063802787578457	TSACC	0.26961908	False
193	2.8729146556616163	0.3753119048710723	0.13063802787578457	RHBG	0.26961908	False
194	2.8729146556616163	0.3753119048710723	0.13063802787578457	C1orf61	0.26961908	False
195	2.8729146556616163	0.3753119048710723	0.13063802787578457	MEF2D	0.26961908	False
196	2.8729146556616163	0.3753119048710723	0.13063802787578457	IQGAP3	0.26961908	False
197	2.8729146556616163	0.3753119048710723	0.13063802787578457	TTC24	0.26961908	False
198	2.8729146556616163	0.3753119048710723	0.13063802787578457	NAXE	0.26961908	False
199	2.8729146556616163	0.3753119048710723	0.13063802787578457	GPATCH4	0.26961908	False
200	2.8729146556616163	0.3753119048710723	0.13063802787578457	HAPLN2	0.26961908	False
201	2.8729146556616163	0.3753119048710723	0.13063802787578457	BCAN	0.26961908	False
202	2.8729146556616163	0.3753119048710723	0.13063802787578457	NES	0.26961908	False
203	2.8729146556616163	0.3753119048710723	0.13063802787578457	CRABP2	0.26961908	False
204	2.8729146556616163	0.3753119048710723	0.13063802787578457	ISG20L2	0.26961908	False
205	2.8729146556616163	0.3753119048710723	0.13063802787578457	RRNAD1	0.26961908	False
206	2.8729146556616163	0.3753119048710723	0.13063802787578457	MRPL24	0.26961908	False
207	2.8729146556616163	0.3753119048710723	0.13063802787578457	HDGF	0.26961908	False
208	2.8729146556616163	0.3753119048710723	0.13063802787578457	PRCC	0.26961908	False
209	2.8729146556616163	0.3753119048710723	0.13063802787578457	SH2D2A	0.26961908	False
210	2.8729146556616163	0.3753119048710723	0.13063802787578457	NTRK1	0.26961908	False
211	2.8729146556616163	0.3753119048710723	0.13063802787578457	INSRR	0.26961908	False
212	2.8903695746047835	0.46234132046573156	0.15995923999751835	PFDN2	0.26961955	False
213	2.8903695746047835	0.46234132046573156	0.15995923999751835	NIT1	0.26961955	False
214	2.8903695746047835	0.46234132046573156	0.15995923999751835	DEDD	0.26961955	False
215	2.8903695746047835	0.46234132046573156	0.15995923999751835	UFC1	0.26961955	False
216	2.8903695746047835	0.46234132046573156	0.15995923999751835	USP21	0.26961955	False
217	2.8903695746047835	0.46234132046573156	0.15995923999751835	PPOX	0.26961955	False
218	2.8903695746047835	0.46234132046573156	0.15995923999751835	B4GALT3	0.26961955	False
219	2.8903695746047835	0.46234132046573156	0.15995923999751835	ADAMTS4	0.26961955	False
220	2.8903695746047835	0.46234132046573156	0.15995923999751835	NDUFS2	0.26961955	False
221	2.8903695746047835	0.46234132046573156	0.15995923999751835	FCER1G	0.26961955	False
222	2.8903695746047835	0.46234132046573156	0.15995923999751835	APOA2	0.26961955	False
223	2.8903695746047835	0.46234132046573156	0.15995923999751835	TOMM40L	0.26961955	False
224	2.8903695746047835	0.46234132046573156	0.15995923999751835	MIR5187	0.26961955	False
225	2.8903695746047835	0.46234132046573156	0.15995923999751835	NR1I3	0.26961955	False
226	2.8903695746047835	0.46234132046573156	0.15995923999751835	PCP4L1	0.26961955	False
227	2.8903695746047835	0.46234132046573156	0.15995923999751835	MPZ	0.26961955	False
228	2.8903695746047835	0.46234132046573156	0.15995923999751835	SDHC	0.26961955	False
229	2.8903695746047835	0.46234132046573156	0.15995923999751835	CFAP126	0.26961955	False
230	2.8903695746047835	0.46234132046573156	0.15995923999751835	FCGR2A	0.26961955	False
231	2.8903695746047835	0.46234132046573156	0.15995923999751835	HSPA6	0.26961955	False
232	2.8903695746047835	0.46234132046573156	0.15995923999751835	FCGR3A	0.26961955	False
233	2.8903695746047835	0.46234132046573156	0.15995923999751835	FCGR2C	0.26961955	False
234	2.8903695746047835	0.46234132046573156	0.15995923999751835	FCGR3B	0.26961955	False
235	2.8903695746047835	0.46234132046573156	0.15995923999751835	FCGR2B	0.26961955	False
236	2.8903695746047835	0.46234132046573156	0.15995923999751835	FCRLA	0.26961955	False
237	2.8903695746047835	0.46234132046573156	0.15995923999751835	FCRLB	0.26961955	False
238	2.8903695746047835	0.46234132046573156	0.15995923999751835	DUSP12	0.26961955	False
239	2.9604596607008085	0.540240508206451	0.182485346913514	WDPCP	0.2696201	False
240	2.9604596607008085	0.540240508206451	0.182485346913514	MDH1	0.2696201	False
241	2.9604596607008085	0.540240508206451	0.182485346913514	UGP2	0.2696201	False
242	2.9007463998634075	0.4641536992542711	0.16001181601953465	VPS54	0.26961958	False
243	2.9007463998634075	0.4641536992542711	0.16001181601953465	PELI1	0.26961958	False
244	2.9735671597400044	0.5562513214998352	0.1870653298271129	LOC100507006	0.26962015	False
245	2.9735671597400044	0.5562513214998352	0.1870653298271129	LINC00309	0.26962015	False
246	2.9735671597400044	0.5562513214998352	0.1870653298271129	MIR4433B	0.26962015	False
247	2.9735671597400044	0.5562513214998352	0.1870653298271129	LGALSL	0.26962015	False
248	2.9735671597400044	0.5562513214998352	0.1870653298271129	AFTPH	0.26962015	False
249	2.9735671597400044	0.5562513214998352	0.1870653298271129	LINC02579	0.26962015	False
250	2.9735671597400044	0.5562513214998352	0.1870653298271129	SERTAD2	0.26962015	False
251	2.9735671597400044	0.5562513214998352	0.1870653298271129	LINC01800	0.26962015	False
252	3.076738033344666	0.7549699337171737	0.24537998540501663	MIR3129	0.26962143	False
253	3.076738033344666	0.7549699337171737	0.24537998540501663	WDR75	0.26962143	False
254	3.076738033344666	0.7549699337171737	0.24537998540501663	SLC40A1	0.26962143	False
255	3.076738033344666	0.7549699337171737	0.24537998540501663	ASNSD1	0.26962143	False
256	3.076738033344666	0.7549699337171737	0.24537998540501663	ANKAR	0.26962143	False
257	3.076738033344666	0.7549699337171737	0.24537998540501663	OSGEPL1	0.26962143	False
258	3.076738033344666	0.7549699337171737	0.24537998540501663	OSGEPL1-AS1	0.26962143	False
259	3.076738033344666	0.7549699337171737	0.24537998540501663	ORMDL1	0.26962143	False
260	3.076738033344666	0.7549699337171737	0.24537998540501663	PMS1	0.26962143	False
261	3.017074766532118	0.6524286570787737	0.216245438898648	C2orf88	0.2696206	False
262	3.017074766532118	0.6524286570787737	0.216245438898648	MSTN	0.2696206	False
263	3.1074867531403614	0.771198300360351	0.24817428411593195	HIBCH	0.2696215	False
264	3.1074867531403614	0.771198300360351	0.24817428411593195	INPP1	0.2696215	False
265	3.1074867531403614	0.771198300360351	0.24817428411593195	MFSD6	0.2696215	False
266	3.1074867531403614	0.771198300360351	0.24817428411593195	NEMP2	0.2696215	False
267	3.1074867531403614	0.771198300360351	0.24817428411593195	NAB1	0.2696215	False
268	3.052728518836425	0.6837143474115903	0.22396827729450183	GLS	0.269621	False
269	3.052728518836425	0.6837143474115903	0.22396827729450183	STAT1	0.269621	False
270	3.052728518836425	0.6837143474115903	0.22396827729450183	STAT4	0.269621	False
271	3.1400145349628477	0.8243035240144125	0.2625158306868046	MYO1B	0.26962182	False
272	3.1400145349628477	0.8243035240144125	0.2625158306868046	NABP1	0.26962182	False
273	3.1400145349628477	0.8243035240144125	0.2625158306868046	CAVIN2	0.26962182	False
274	2.783354452723031	0.2835643740624754	0.10187864279558671	USP19	0.2696186	False
275	2.783354452723031	0.2835643740624754	0.10187864279558671	LAMB2	0.2696186	False
276	2.783354452723031	0.2835643740624754	0.10187864279558671	CCDC71	0.2696186	False
277	2.783354452723031	0.2835643740624754	0.10187864279558671	KLHDC8B	0.2696186	False
278	2.783354452723031	0.2835643740624754	0.10187864279558671	C3orf84	0.2696186	False
279	2.783354452723031	0.2835643740624754	0.10187864279558671	CCDC36	0.2696186	False
280	2.783354452723031	0.2835643740624754	0.10187864279558671	C3orf62	0.2696186	False
281	2.783354452723031	0.2835643740624754	0.10187864279558671	MIR4271	0.2696186	False
282	2.783354452723031	0.2835643740624754	0.10187864279558671	USP4	0.2696186	False
283	2.783354452723031	0.2835643740624754	0.10187864279558671	GPX1	0.2696186	False
284	2.783354452723031	0.2835643740624754	0.10187864279558671	RHOA	0.2696186	False
285	2.783354452723031	0.2835643740624754	0.10187864279558671	TCTA	0.2696186	False
286	2.783354452723031	0.2835643740624754	0.10187864279558671	AMT	0.2696186	False
287	2.783354452723031	0.2835643740624754	0.10187864279558671	NICN1	0.2696186	False
288	2.783354452723031	0.2835643740624754	0.10187864279558671	DAG1	0.2696186	False
289	2.783354452723031	0.2835643740624754	0.10187864279558671	BSN-DT	0.2696186	False
290	2.783354452723031	0.2835643740624754	0.10187864279558671	BSN	0.2696186	False
291	2.783354452723031	0.2835643740624754	0.10187864279558671	APEH	0.2696186	False
292	2.783354452723031	0.2835643740624754	0.10187864279558671	MST1	0.2696186	False
293	2.783354452723031	0.2835643740624754	0.10187864279558671	RNF123	0.2696186	False
294	2.783354452723031	0.2835643740624754	0.10187864279558671	AMIGO3	0.2696186	False
295	2.783354452723031	0.2835643740624754	0.10187864279558671	GMPPB	0.2696186	False
296	2.783354452723031	0.2835643740624754	0.10187864279558671	IP6K1	0.2696186	False
297	2.783354452723031	0.2835643740624754	0.10187864279558671	CDHR4	0.2696186	False
298	2.783354452723031	0.2835643740624754	0.10187864279558671	INKA1	0.2696186	False
299	2.783354452723031	0.2835643740624754	0.10187864279558671	UBA7	0.2696186	False
300	2.783354452723031	0.2835643740624754	0.10187864279558671	MIR5193	0.2696186	False
301	2.783354452723031	0.2835643740624754	0.10187864279558671	TRAIP	0.2696186	False
302	2.783354452723031	0.2835643740624754	0.10187864279558671	CAMKV	0.2696186	False
303	2.763038472633233	0.24551790576374882	0.08885793961810642	MST1R	0.2696184	False
304	2.763038472633233	0.24551790576374882	0.08885793961810642	MON1A	0.2696184	False
305	2.763038472633233	0.24551790576374882	0.08885793961810642	RBM6	0.2696184	False
306	2.763038472633233	0.24551790576374882	0.08885793961810642	RBM5	0.2696184	False
307	2.763038472633233	0.24551790576374882	0.08885793961810642	RBM5-AS1	0.2696184	False
308	2.8387011264351147	0.29950224797967656	0.10550679153595721	SEMA3F-AS1	0.2696187	False
309	2.8387011264351147	0.29950224797967656	0.10550679153595721	SEMA3F	0.2696187	False
310	2.8387011264351147	0.29950224797967656	0.10550679153595721	GNAT1	0.2696187	False
311	2.8387011264351147	0.29950224797967656	0.10550679153595721	SLC38A3	0.2696187	False
312	2.8387011264351147	0.29950224797967656	0.10550679153595721	GNAI2	0.2696187	False
313	2.8387011264351147	0.29950224797967656	0.10550679153595721	MIR5787	0.2696187	False
314	2.8387011264351147	0.29950224797967656	0.10550679153595721	SEMA3B-AS1	0.2696187	False
315	2.8387011264351147	0.29950224797967656	0.10550679153595721	SEMA3B	0.2696187	False
316	2.8387011264351147	0.29950224797967656	0.10550679153595721	MIR6872	0.2696187	False
317	2.8387011264351147	0.29950224797967656	0.10550679153595721	LSMEM2	0.2696187	False
318	2.8387011264351147	0.29950224797967656	0.10550679153595721	IFRD2	0.2696187	False
319	2.8387011264351147	0.29950224797967656	0.10550679153595721	HYAL3	0.2696187	False
320	2.8387011264351147	0.29950224797967656	0.10550679153595721	NAA80	0.2696187	False
321	2.8387011264351147	0.29950224797967656	0.10550679153595721	HYAL1	0.2696187	False
322	2.8387011264351147	0.29950224797967656	0.10550679153595721	HYAL2	0.2696187	False
323	2.8387011264351147	0.29950224797967656	0.10550679153595721	TUSC2	0.2696187	False
324	2.8387011264351147	0.29950224797967656	0.10550679153595721	RASSF1	0.2696187	False
325	2.8387011264351147	0.29950224797967656	0.10550679153595721	RASSF1-AS1	0.2696187	False
326	2.8387011264351147	0.29950224797967656	0.10550679153595721	ZMYND10	0.2696187	False
327	2.8387011264351147	0.29950224797967656	0.10550679153595721	NPRL2	0.2696187	False
328	2.8387011264351147	0.29950224797967656	0.10550679153595721	CYB561D2	0.2696187	False
329	2.8387011264351147	0.29950224797967656	0.10550679153595721	TMEM115	0.2696187	False
330	2.8387011264351147	0.29950224797967656	0.10550679153595721	CACNA2D2	0.2696187	False
331	2.8387011264351147	0.29950224797967656	0.10550679153595721	C3orf18	0.2696187	False
332	2.8387011264351147	0.29950224797967656	0.10550679153595721	HEMK1	0.2696187	False
333	2.8387011264351147	0.29950224797967656	0.10550679153595721	CISH	0.2696187	False
334	2.8387011264351147	0.29950224797967656	0.10550679153595721	MAPKAPK3	0.2696187	False
335	2.8387011264351147	0.29950224797967656	0.10550679153595721	MIR4787	0.2696187	False
336	2.7707912996576574	0.25130466908733334	0.09069779781623505	DOCK3	0.2696184	False
337	2.7812534388121066	0.29003918665812195	0.10428362356722147	MANF	0.26961863	False
338	2.7812534388121066	0.29003918665812195	0.10428362356722147	RBM15B	0.26961863	False
339	2.7812534388121066	0.29003918665812195	0.10428362356722147	DCAF1	0.26961863	False
340	2.7812534388121066	0.29003918665812195	0.10428362356722147	RAD54L2	0.26961863	False
341	2.7812534388121066	0.29003918665812195	0.10428362356722147	TEX264	0.26961863	False
342	2.7812534388121066	0.29003918665812195	0.10428362356722147	GRM2	0.26961863	False
343	2.7812534388121066	0.29003918665812195	0.10428362356722147	IQCF6	0.26961863	False
344	2.7812534388121066	0.29003918665812195	0.10428362356722147	IQCF3	0.26961863	False
345	2.7812534388121066	0.29003918665812195	0.10428362356722147	IQCF2	0.26961863	False
346	2.7812534388121066	0.29003918665812195	0.10428362356722147	IQCF5-AS1	0.26961863	False
347	2.7812534388121066	0.29003918665812195	0.10428362356722147	IQCF5	0.26961863	False
348	3.061674267554613	0.7299839688795025	0.23842639846287347	FAM81B	0.26962122	False
349	3.061674267554613	0.7299839688795025	0.23842639846287347	TTC37	0.26962122	False
350	3.061674267554613	0.7299839688795025	0.23842639846287347	ARSK	0.26962122	False
351	3.061674267554613	0.7299839688795025	0.23842639846287347	GPR150	0.26962122	False
352	3.061674267554613	0.7299839688795025	0.23842639846287347	RFESD	0.26962122	False
353	3.061674267554613	0.7299839688795025	0.23842639846287347	SPATA9	0.26962122	False
354	3.061674267554613	0.7299839688795025	0.23842639846287347	RHOBTB3	0.26962122	False
355	3.061674267554613	0.7299839688795025	0.23842639846287347	GLRX	0.26962122	False
356	3.061674267554613	0.7299839688795025	0.23842639846287347	LINC01554	0.26962122	False
357	2.9702933659678905	0.5921032918638003	0.19934168747364095	ELL2	0.26962036	False
358	2.9702933659678905	0.5921032918638003	0.19934168747364095	LOC101929710	0.26962036	False
359	2.9702933659678905	0.5921032918638003	0.19934168747364095	MIR583	0.26962036	False
360	3.040618768830309	0.7018193322981983	0.23081464190533169	PCSK1	0.269621	False
361	3.040618768830309	0.7018193322981983	0.23081464190533169	CAST	0.269621	False
362	3.040618768830309	0.7018193322981983	0.23081464190533169	ERAP1	0.269621	False
363	2.784960359385028	0.3321684384599655	0.11927223213091429	NRG2	0.2696188	False
364	2.784960359385028	0.3321684384599655	0.11927223213091429	MALINC1	0.2696188	False
365	2.8905038596981942	0.4263324615423004	0.14749416788075662	PURA	0.2696194	False
366	2.8905038596981942	0.4263324615423004	0.14749416788075662	IGIP	0.2696194	False
367	2.8905038596981942	0.4263324615423004	0.14749416788075662	LOC101929719	0.2696194	False
368	2.8905038596981942	0.4263324615423004	0.14749416788075662	CYSTM1	0.2696194	False
369	2.8905038596981942	0.4263324615423004	0.14749416788075662	PFDN1	0.2696194	False
370	2.8905038596981942	0.4263324615423004	0.14749416788075662	HBEGF	0.2696194	False
371	2.8905038596981942	0.4263324615423004	0.14749416788075662	SLC4A9	0.2696194	False
372	2.8905038596981942	0.4263324615423004	0.14749416788075662	ANKHD1	0.2696194	False
373	2.8905038596981942	0.4263324615423004	0.14749416788075662	ANKHD1-EIF4EBP3	0.2696194	False
374	2.8905038596981942	0.4263324615423004	0.14749416788075662	SRA1	0.2696194	False
375	2.8905038596981942	0.4263324615423004	0.14749416788075662	EIF4EBP3	0.2696194	False
376	2.8905038596981942	0.4263324615423004	0.14749416788075662	APBB3	0.2696194	False
377	2.8905038596981942	0.4263324615423004	0.14749416788075662	MIR6831	0.2696194	False
378	2.8905038596981942	0.4263324615423004	0.14749416788075662	SLC35A4	0.2696194	False
379	2.8905038596981942	0.4263324615423004	0.14749416788075662	CD14	0.2696194	False
380	2.8905038596981942	0.4263324615423004	0.14749416788075662	NDUFA2	0.2696194	False
381	2.8905038596981942	0.4263324615423004	0.14749416788075662	TMCO6	0.2696194	False
382	2.8905038596981942	0.4263324615423004	0.14749416788075662	IK	0.2696194	False
383	2.8905038596981942	0.4263324615423004	0.14749416788075662	MIR3655	0.2696194	False
384	2.8905038596981942	0.4263324615423004	0.14749416788075662	WDR55	0.2696194	False
385	2.8905038596981942	0.4263324615423004	0.14749416788075662	DND1	0.2696194	False
386	2.8905038596981942	0.4263324615423004	0.14749416788075662	HARS	0.2696194	False
387	2.8905038596981942	0.4263324615423004	0.14749416788075662	HARS2	0.2696194	False
388	2.8905038596981942	0.4263324615423004	0.14749416788075662	ZMAT2	0.2696194	False
389	2.8905038596981942	0.4263324615423004	0.14749416788075662	VTRNA1-1	0.2696194	False
390	2.8905038596981942	0.4263324615423004	0.14749416788075662	VTRNA1-2	0.2696194	False
391	2.8905038596981942	0.4263324615423004	0.14749416788075662	VTRNA1-3	0.2696194	False
392	2.82618228266518	0.3783168767300993	0.13386145651346112	PCDHA1	0.26961908	False
393	2.82618228266518	0.3783168767300993	0.13386145651346112	PCDHA2	0.26961908	False
394	2.82618228266518	0.3783168767300993	0.13386145651346112	PCDHA3	0.26961908	False
395	2.82618228266518	0.3783168767300993	0.13386145651346112	PCDHA4	0.26961908	False
396	2.82618228266518	0.3783168767300993	0.13386145651346112	PCDHA5	0.26961908	False
397	2.82618228266518	0.3783168767300993	0.13386145651346112	PCDHA6	0.26961908	False
398	2.82618228266518	0.3783168767300993	0.13386145651346112	PCDHA7	0.26961908	False
399	2.82618228266518	0.3783168767300993	0.13386145651346112	PCDHA8	0.26961908	False
400	2.82618228266518	0.3783168767300993	0.13386145651346112	PCDHA9	0.26961908	False
401	2.82618228266518	0.3783168767300993	0.13386145651346112	PCDHA10	0.26961908	False
402	2.82618228266518	0.3783168767300993	0.13386145651346112	PCDHA11	0.26961908	False
403	2.82618228266518	0.3783168767300993	0.13386145651346112	PCDHA12	0.26961908	False
404	2.82618228266518	0.3783168767300993	0.13386145651346112	PCDHA13	0.26961908	False
405	2.82618228266518	0.3783168767300993	0.13386145651346112	PCDHAC1	0.26961908	False
406	2.82618228266518	0.3783168767300993	0.13386145651346112	PCDHAC2	0.26961908	False
407	2.82618228266518	0.3783168767300993	0.13386145651346112	LOC101926905	0.26961908	False
408	2.82618228266518	0.3783168767300993	0.13386145651346112	PCDHB1	0.26961908	False
409	2.82618228266518	0.3783168767300993	0.13386145651346112	PCDHB2	0.26961908	False
410	2.8547012892675583	0.44795309751112905	0.15691767793542494	PCDHB3	0.2696195	False
411	2.8547012892675583	0.44795309751112905	0.15691767793542494	PCDHB4	0.2696195	False
412	2.8547012892675583	0.44795309751112905	0.15691767793542494	PCDHB5	0.2696195	False
413	2.8547012892675583	0.44795309751112905	0.15691767793542494	PCDHB6	0.2696195	False
414	2.8547012892675583	0.44795309751112905	0.15691767793542494	PCDHB7	0.2696195	False
415	2.8547012892675583	0.44795309751112905	0.15691767793542494	PCDHB8	0.2696195	False
416	2.8547012892675583	0.44795309751112905	0.15691767793542494	PCDHB16	0.2696195	False
417	2.8547012892675583	0.44795309751112905	0.15691767793542494	PCDHB9	0.2696195	False
418	2.8547012892675583	0.44795309751112905	0.15691767793542494	PCDHB10	0.2696195	False
419	2.8547012892675583	0.44795309751112905	0.15691767793542494	PCDHB11	0.2696195	False
420	2.8547012892675583	0.44795309751112905	0.15691767793542494	PCDHB12	0.2696195	False
421	2.8547012892675583	0.44795309751112905	0.15691767793542494	PCDHB13	0.2696195	False
422	2.8547012892675583	0.44795309751112905	0.15691767793542494	PCDHB14	0.2696195	False
423	2.8547012892675583	0.44795309751112905	0.15691767793542494	PCDHB15	0.2696195	False
424	2.8547012892675583	0.44795309751112905	0.15691767793542494	SLC25A2	0.2696195	False
425	2.8547012892675583	0.44795309751112905	0.15691767793542494	TAF7	0.2696195	False
426	2.8547012892675583	0.44795309751112905	0.15691767793542494	PCDHGA1	0.2696195	False
427	2.8547012892675583	0.44795309751112905	0.15691767793542494	PCDHGA2	0.2696195	False
428	2.8547012892675583	0.44795309751112905	0.15691767793542494	PCDHGA3	0.2696195	False
429	2.8547012892675583	0.44795309751112905	0.15691767793542494	PCDHGB1	0.2696195	False
430	2.8547012892675583	0.44795309751112905	0.15691767793542494	PCDHGA4	0.2696195	False
431	2.8547012892675583	0.44795309751112905	0.15691767793542494	PCDHGB2	0.2696195	False
432	2.8547012892675583	0.44795309751112905	0.15691767793542494	PCDHGA5	0.2696195	False
433	2.8547012892675583	0.44795309751112905	0.15691767793542494	PCDHGB3	0.2696195	False
434	2.8547012892675583	0.44795309751112905	0.15691767793542494	PCDHGA6	0.2696195	False
435	2.8547012892675583	0.44795309751112905	0.15691767793542494	PCDHGA7	0.2696195	False
436	2.8547012892675583	0.44795309751112905	0.15691767793542494	PCDHGB4	0.2696195	False
437	2.8547012892675583	0.44795309751112905	0.15691767793542494	PCDHGA8	0.2696195	False
438	2.8547012892675583	0.44795309751112905	0.15691767793542494	PCDHGB5	0.2696195	False
439	2.8547012892675583	0.44795309751112905	0.15691767793542494	PCDHGA9	0.2696195	False
440	2.8547012892675583	0.44795309751112905	0.15691767793542494	PCDHGB6	0.2696195	False
441	2.8547012892675583	0.44795309751112905	0.15691767793542494	PCDHGA10	0.2696195	False
442	2.8547012892675583	0.44795309751112905	0.15691767793542494	PCDHGB7	0.2696195	False
443	2.8547012892675583	0.44795309751112905	0.15691767793542494	PCDHGA11	0.2696195	False
444	2.8547012892675583	0.44795309751112905	0.15691767793542494	PCDHGA12	0.2696195	False
445	2.8547012892675583	0.44795309751112905	0.15691767793542494	PCDHGC3	0.2696195	False
446	2.8547012892675583	0.44795309751112905	0.15691767793542494	PCDHGC4	0.2696195	False
447	2.8547012892675583	0.44795309751112905	0.15691767793542494	PCDHGC5	0.2696195	False
448	2.8547012892675583	0.44795309751112905	0.15691767793542494	DIAPH1	0.2696195	False
449	2.8547012892675583	0.44795309751112905	0.15691767793542494	LOC100505658	0.2696195	False
450	2.8547012892675583	0.44795309751112905	0.15691767793542494	HDAC3	0.2696195	False
451	2.8547012892675583	0.44795309751112905	0.15691767793542494	RELL2	0.2696195	False
452	2.8547012892675583	0.44795309751112905	0.15691767793542494	FCHSD1	0.2696195	False
453	2.8547012892675583	0.44795309751112905	0.15691767793542494	ARAP3	0.2696195	False
454	2.8547012892675583	0.44795309751112905	0.15691767793542494	PCDH1	0.2696195	False
455	2.960037905414494	0.535064904217898	0.18076285551585627	GMDS	0.26962012	False
456	2.960037905414494	0.535064904217898	0.18076285551585627	GMDS-DT	0.26962012	False
457	2.960037905414494	0.535064904217898	0.18076285551585627	LINC01600	0.26962012	False
458	2.960037905414494	0.535064904217898	0.18076285551585627	MYLK4	0.26962012	False
459	2.960037905414494	0.535064904217898	0.18076285551585627	WRNIP1	0.26962012	False
460	2.960037905414494	0.535064904217898	0.18076285551585627	SERPINB1	0.26962012	False
461	2.960037905414494	0.535064904217898	0.18076285551585627	MIR4645	0.26962012	False
462	2.960037905414494	0.535064904217898	0.18076285551585627	SERPINB9P1	0.26962012	False
463	2.9063406409234926	0.47248048794426145	0.16256886109335425	SERPINB9	0.26961964	False
464	2.9063406409234926	0.47248048794426145	0.16256886109335425	SERPINB6	0.26961964	False
465	2.9063406409234926	0.47248048794426145	0.16256886109335425	LINC01011	0.26961964	False
466	2.9063406409234926	0.47248048794426145	0.16256886109335425	NQO2	0.26961964	False
467	2.9063406409234926	0.47248048794426145	0.16256886109335425	RIPK1	0.26961964	False
468	2.9063406409234926	0.47248048794426145	0.16256886109335425	BPHL	0.26961964	False
469	2.9063406409234926	0.47248048794426145	0.16256886109335425	TUBB2A	0.26961964	False
470	2.9063406409234926	0.47248048794426145	0.16256886109335425	LINC02525	0.26961964	False
471	2.9063406409234926	0.47248048794426145	0.16256886109335425	TUBB2B	0.26961964	False
472	2.9063406409234926	0.47248048794426145	0.16256886109335425	PSMG4	0.26961964	False
473	2.9063406409234926	0.47248048794426145	0.16256886109335425	SLC22A23	0.26961964	False
474	2.9063406409234926	0.47248048794426145	0.16256886109335425	PXDC1	0.26961964	False
475	2.9063406409234926	0.47248048794426145	0.16256886109335425	FAM50B	0.26961964	False
476	2.937604415716418	0.5229780202132387	0.1780287425411211	EDN1	0.26961994	False
477	3.0054428273336926	0.5994621409791897	0.19945884031705513	NRSN1	0.2696204	False
478	3.0054428273336926	0.5994621409791897	0.19945884031705513	DCDC2	0.2696204	False
479	3.0054428273336926	0.5994621409791897	0.19945884031705513	KAAG1	0.2696204	False
480	3.0054428273336926	0.5994621409791897	0.19945884031705513	MRS2	0.2696204	False
481	3.0054428273336926	0.5994621409791897	0.19945884031705513	GPLD1	0.2696204	False
482	3.0054428273336926	0.5994621409791897	0.19945884031705513	ALDH5A1	0.2696204	False
483	3.0054428273336926	0.5994621409791897	0.19945884031705513	KIAA0319	0.2696204	False
484	3.0054428273336926	0.5994621409791897	0.19945884031705513	TDP2	0.2696204	False
485	3.0054428273336926	0.5994621409791897	0.19945884031705513	ACOT13	0.2696204	False
486	3.0054428273336926	0.5994621409791897	0.19945884031705513	C6orf62	0.2696204	False
487	3.0054428273336926	0.5994621409791897	0.19945884031705513	GMNN	0.2696204	False
488	3.0054428273336926	0.5994621409791897	0.19945884031705513	ARMH2	0.2696204	False
489	3.083622169960134	0.5796222289250496	0.18796797953120925	RIPOR2	0.26962054	False
490	3.292494066764422	0.7582356688611125	0.23029218989792768	LOC101928663	0.269622	False
491	3.292494066764422	0.7582356688611125	0.23029218989792768	CARMIL1	0.269622	False
492	3.292494066764422	0.7582356688611125	0.23029218989792768	SCGN	0.269622	False
493	3.292494066764422	0.7582356688611125	0.23029218989792768	HIST1H2AA	0.269622	False
494	3.292494066764422	0.7582356688611125	0.23029218989792768	HIST1H2BA	0.269622	False
495	3.292494066764422	0.7582356688611125	0.23029218989792768	SLC17A4	0.269622	False
496	3.292494066764422	0.7582356688611125	0.23029218989792768	SLC17A1	0.269622	False
497	3.292494066764422	0.7582356688611125	0.23029218989792768	SLC17A3	0.269622	False
498	3.338530779718873	0.737524411235473	0.2209128685336181	SLC17A2	0.26962215	False
499	3.338530779718873	0.737524411235473	0.2209128685336181	TRIM38	0.26962215	False
500	3.338530779718873	0.737524411235473	0.2209128685336181	HIST1H1A	0.26962215	False
501	3.338530779718873	0.737524411235473	0.2209128685336181	HIST1H3A	0.26962215	False
502	3.338530779718873	0.737524411235473	0.2209128685336181	HIST1H4A	0.26962215	False
503	3.338530779718873	0.737524411235473	0.2209128685336181	HIST1H4B	0.26962215	False
504	3.338530779718873	0.737524411235473	0.2209128685336181	HIST1H3B	0.26962215	False
505	3.338530779718873	0.737524411235473	0.2209128685336181	HIST1H2AB	0.26962215	False
506	3.338530779718873	0.737524411235473	0.2209128685336181	HIST1H2BB	0.26962215	False
507	3.338530779718873	0.737524411235473	0.2209128685336181	HIST1H3C	0.26962215	False
508	3.338530779718873	0.737524411235473	0.2209128685336181	HIST1H1C	0.26962215	False
509	3.338530779718873	0.737524411235473	0.2209128685336181	HFE	0.26962215	False
510	3.593963199002939	0.9965103060823577	0.2772733750748522	HIST1H4C	0.26962456	False
511	3.593963199002939	0.9965103060823577	0.2772733750748522	HIST1H1T	0.26962456	False
512	3.593963199002939	0.9965103060823577	0.2772733750748522	HIST1H2BC	0.26962456	False
513	3.593963199002939	0.9965103060823577	0.2772733750748522	HIST1H1E	0.26962456	False
514	3.593963199002939	0.9965103060823577	0.2772733750748522	HIST1H2BD	0.26962456	False
515	3.593963199002939	0.9965103060823577	0.2772733750748522	HIST1H2BE	0.26962456	False
516	3.593963199002939	0.9965103060823577	0.2772733750748522	HIST1H4D	0.26962456	False
517	3.593963199002939	0.9965103060823577	0.2772733750748522	HIST1H3D	0.26962456	False
518	3.593963199002939	0.9965103060823577	0.2772733750748522	HIST1H2AD	0.26962456	False
519	3.593963199002939	0.9965103060823577	0.2772733750748522	HIST1H2BF	0.26962456	False
520	3.593963199002939	0.9965103060823577	0.2772733750748522	HIST1H4E	0.26962456	False
521	3.593963199002939	0.9965103060823577	0.2772733750748522	HIST1H2BG	0.26962456	False
522	3.593963199002939	0.9965103060823577	0.2772733750748522	HIST1H2AE	0.26962456	False
523	3.593963199002939	0.9965103060823577	0.2772733750748522	HIST1H3E	0.26962456	False
524	3.593963199002939	0.9965103060823577	0.2772733750748522	HIST1H1D	0.26962456	False
525	3.593963199002939	0.9965103060823577	0.2772733750748522	HIST1H4F	0.26962456	False
526	3.593963199002939	0.9965103060823577	0.2772733750748522	HIST1H4G	0.26962456	False
527	3.593963199002939	0.9965103060823577	0.2772733750748522	HIST1H3F	0.26962456	False
528	3.593963199002939	0.9965103060823577	0.2772733750748522	HIST1H2BH	0.26962456	False
529	3.593963199002939	0.9965103060823577	0.2772733750748522	HIST1H3G	0.26962456	False
530	3.593963199002939	0.9965103060823577	0.2772733750748522	HIST1H2BI	0.26962456	False
531	3.593963199002939	0.9965103060823577	0.2772733750748522	HIST1H4H	0.26962456	False
532	3.593963199002939	0.9965103060823577	0.2772733750748522	BTN3A2	0.26962456	False
533	3.593963199002939	0.9965103060823577	0.2772733750748522	BTN2A2	0.26962456	False
534	3.593963199002939	0.9965103060823577	0.2772733750748522	BTN3A1	0.26962456	False
535	3.593963199002939	0.9965103060823577	0.2772733750748522	BTN3A3	0.26962456	False
536	3.593963199002939	0.9965103060823577	0.2772733750748522	BTN2A1	0.26962456	False
537	3.593963199002939	0.9965103060823577	0.2772733750748522	BTN1A1	0.26962456	False
538	3.593963199002939	0.9965103060823577	0.2772733750748522	HCG11	0.26962456	False
539	3.593963199002939	0.9965103060823577	0.2772733750748522	HMGN4	0.26962456	False
540	3.593963199002939	0.9965103060823577	0.2772733750748522	ABT1	0.26962456	False
541	3.593963199002939	0.9965103060823577	0.2772733750748522	ZNF322	0.26962456	False
542	3.385863255081656	0.765696821191314	0.22614522900241815	LINC00240	0.2696224	False
543	3.3822441709488333	0.8183423173214283	0.24195246586583832	HIST1H2BJ	0.26962262	False
544	3.3822441709488333	0.8183423173214283	0.24195246586583832	HIST1H2AG	0.26962262	False
545	3.3822441709488333	0.8183423173214283	0.24195246586583832	HIST1H4I	0.26962262	False
546	3.3822441709488333	0.8183423173214283	0.24195246586583832	HIST1H2BK	0.26962262	False
547	3.3822441709488333	0.8183423173214283	0.24195246586583832	HIST1H2AH	0.26962262	False
548	3.3822441709488333	0.8183423173214283	0.24195246586583832	MIR3143	0.26962262	False
549	3.3822441709488333	0.8183423173214283	0.24195246586583832	PRSS16	0.26962262	False
550	3.3822441709488333	0.8183423173214283	0.24195246586583832	POM121L2	0.26962262	False
551	3.3822441709488333	0.8183423173214283	0.24195246586583832	ZNF391	0.26962262	False
552	3.3822441709488333	0.8183423173214283	0.24195246586583832	ZNF184	0.26962262	False
553	3.3822441709488333	0.8183423173214283	0.24195246586583832	LINC01012	0.26962262	False
554	3.3822441709488333	0.8183423173214283	0.24195246586583832	HIST1H2BL	0.26962262	False
555	3.3822441709488333	0.8183423173214283	0.24195246586583832	HIST1H2AI	0.26962262	False
556	3.3822441709488333	0.8183423173214283	0.24195246586583832	HIST1H3H	0.26962262	False
557	3.3822441709488333	0.8183423173214283	0.24195246586583832	HIST1H2AJ	0.26962262	False
558	3.3822441709488333	0.8183423173214283	0.24195246586583832	HIST1H2BM	0.26962262	False
559	3.3822441709488333	0.8183423173214283	0.24195246586583832	HIST1H4J	0.26962262	False
560	3.3822441709488333	0.8183423173214283	0.24195246586583832	HIST1H4K	0.26962262	False
561	3.3822441709488333	0.8183423173214283	0.24195246586583832	HIST1H2BN	0.26962262	False
562	3.3822441709488333	0.8183423173214283	0.24195246586583832	HIST1H2AK	0.26962262	False
563	3.3822441709488333	0.8183423173214283	0.24195246586583832	HIST1H2AL	0.26962262	False
564	3.3822441709488333	0.8183423173214283	0.24195246586583832	HIST1H1B	0.26962262	False
565	3.3822441709488333	0.8183423173214283	0.24195246586583832	HIST1H3I	0.26962262	False
566	3.3822441709488333	0.8183423173214283	0.24195246586583832	HIST1H4L	0.26962262	False
567	3.3822441709488333	0.8183423173214283	0.24195246586583832	HIST1H3J	0.26962262	False
568	3.3822441709488333	0.8183423173214283	0.24195246586583832	HIST1H2AM	0.26962262	False
569	3.3822441709488333	0.8183423173214283	0.24195246586583832	HIST1H2BO	0.26962262	False
570	3.3384924719269713	0.7000697831822821	0.2096963791498991	OR2B2	0.26962188	False
571	3.3384924719269713	0.7000697831822821	0.2096963791498991	OR2B6	0.26962188	False
572	3.3384924719269713	0.7000697831822821	0.2096963791498991	ZNF165	0.26962188	False
573	3.2793433304096924	0.6965173071193329	0.21239535996748354	ZSCAN16-AS1	0.26962164	False
574	3.2793433304096924	0.6965173071193329	0.21239535996748354	ZSCAN16	0.26962164	False
575	3.2793433304096924	0.6965173071193329	0.21239535996748354	ZKSCAN8	0.26962164	False
576	3.2793433304096924	0.6965173071193329	0.21239535996748354	ZSCAN9	0.26962164	False
577	3.2793433304096924	0.6965173071193329	0.21239535996748354	ZKSCAN4	0.26962164	False
578	3.2793433304096924	0.6965173071193329	0.21239535996748354	NKAPL	0.26962164	False
579	3.2793433304096924	0.6965173071193329	0.21239535996748354	ZSCAN26	0.26962164	False
580	3.2793433304096924	0.6965173071193329	0.21239535996748354	PGBD1	0.26962164	False
581	3.2793433304096924	0.6965173071193329	0.21239535996748354	ZSCAN31	0.26962164	False
582	3.2793433304096924	0.6965173071193329	0.21239535996748354	ZKSCAN3	0.26962164	False
583	3.2793433304096924	0.6965173071193329	0.21239535996748354	ZSCAN12	0.26962164	False
584	3.2793433304096924	0.6965173071193329	0.21239535996748354	ZSCAN23	0.26962164	False
585	3.2793433304096924	0.6965173071193329	0.21239535996748354	GPX6	0.26962164	False
586	3.2793433304096924	0.6965173071193329	0.21239535996748354	GPX5	0.26962164	False
587	3.2793433304096924	0.6965173071193329	0.21239535996748354	ZBED9	0.26962164	False
588	3.2793433304096924	0.6965173071193329	0.21239535996748354	LINC00533	0.26962164	False
589	3.2793433304096924	0.6965173071193329	0.21239535996748354	LINC01623	0.26962164	False
590	3.2793433304096924	0.6965173071193329	0.21239535996748354	HCG14	0.26962164	False
591	3.3398384774054435	0.6379851940058332	0.1910227690117076	TRIM27	0.2696215	False
592	3.3398384774054435	0.6379851940058332	0.1910227690117076	ZNF311	0.2696215	False
593	3.3398384774054435	0.6379851940058332	0.1910227690117076	LOC100129636	0.2696215	False
594	3.3398384774054435	0.6379851940058332	0.1910227690117076	OR2W1	0.2696215	False
595	3.3398384774054435	0.6379851940058332	0.1910227690117076	OR2B3	0.2696215	False
596	3.286858184691761	0.630497542722332	0.19182377434439254	OR2J3	0.26962128	False
597	3.286858184691761	0.630497542722332	0.19182377434439254	OR2J2	0.26962128	False
598	3.286858184691761	0.630497542722332	0.19182377434439254	LOC101929006	0.26962128	False
599	3.286858184691761	0.630497542722332	0.19182377434439254	OR14J1	0.26962128	False
600	3.286858184691761	0.630497542722332	0.19182377434439254	OR5V1	0.26962128	False
601	3.286858184691761	0.630497542722332	0.19182377434439254	OR12D3	0.26962128	False
602	3.286858184691761	0.630497542722332	0.19182377434439254	OR12D2	0.26962128	False
603	3.286858184691761	0.630497542722332	0.19182377434439254	OR11A1	0.26962128	False
604	3.286858184691761	0.630497542722332	0.19182377434439254	OR10C1	0.26962128	False
605	3.286858184691761	0.630497542722332	0.19182377434439254	OR2H1	0.26962128	False
606	3.286858184691761	0.630497542722332	0.19182377434439254	MAS1L	0.26962128	False
607	3.286858184691761	0.630497542722332	0.19182377434439254	LINC01015	0.26962128	False
608	3.286858184691761	0.630497542722332	0.19182377434439254	UBD	0.26962128	False
609	3.286858184691761	0.630497542722332	0.19182377434439254	GABBR1	0.26962128	False
610	3.286858184691761	0.630497542722332	0.19182377434439254	SNORD32B	0.26962128	False
611	3.286858184691761	0.630497542722332	0.19182377434439254	OR2H2	0.26962128	False
612	3.286858184691761	0.630497542722332	0.19182377434439254	MOG	0.26962128	False
613	3.286858184691761	0.630497542722332	0.19182377434439254	ZFP57	0.26962128	False
614	3.286858184691761	0.630497542722332	0.19182377434439254	HLA-F	0.26962128	False
615	3.286858184691761	0.630497542722332	0.19182377434439254	HLA-F-AS1	0.26962128	False
616	3.286858184691761	0.630497542722332	0.19182377434439254	HLA-G	0.26962128	False
617	3.4190121491899736	0.6268925289842157	0.1833548702459972	HLA-A	0.26962164	False
618	3.4190121491899736	0.6268925289842157	0.1833548702459972	HCG9	0.26962164	False
619	3.4190121491899736	0.6268925289842157	0.1833548702459972	ZNRD1ASP	0.26962164	False
620	3.4190121491899736	0.6268925289842157	0.1833548702459972	ZNRD1	0.26962164	False
621	3.4190121491899736	0.6268925289842157	0.1833548702459972	PPP1R11	0.26962164	False
622	3.4190121491899736	0.6268925289842157	0.1833548702459972	RNF39	0.26962164	False
623	3.652990655652527	0.7951772033705163	0.21767841156124593	TRIM31	0.26962343	False
624	3.652990655652527	0.7951772033705163	0.21767841156124593	TRIM31-AS1	0.26962343	False
625	3.652990655652527	0.7951772033705163	0.21767841156124593	TRIM40	0.26962343	False
626	3.652990655652527	0.7951772033705163	0.21767841156124593	TRIM10	0.26962343	False
627	3.652990655652527	0.7951772033705163	0.21767841156124593	TRIM15	0.26962343	False
628	3.652990655652527	0.7951772033705163	0.21767841156124593	TRIM26	0.26962343	False
629	3.652990655652527	0.7951772033705163	0.21767841156124593	HCG17	0.26962343	False
630	3.652990655652527	0.7951772033705163	0.21767841156124593	HCG18	0.26962343	False
631	3.652990655652527	0.7951772033705163	0.21767841156124593	TRIM39	0.26962343	False
632	3.652990655652527	0.7951772033705163	0.21767841156124593	TRIM39-RPP21	0.26962343	False
633	3.652990655652527	0.7951772033705163	0.21767841156124593	RPP21	0.26962343	False
634	3.652990655652527	0.7951772033705163	0.21767841156124593	HLA-E	0.26962343	False
635	3.652990655652527	0.7951772033705163	0.21767841156124593	GNL1	0.26962343	False
636	3.652990655652527	0.7951772033705163	0.21767841156124593	PRR3	0.26962343	False
637	3.652990655652527	0.7951772033705163	0.21767841156124593	ABCF1	0.26962343	False
638	3.652990655652527	0.7951772033705163	0.21767841156124593	MIR877	0.26962343	False
639	3.652990655652527	0.7951772033705163	0.21767841156124593	PPP1R10	0.26962343	False
640	3.652990655652527	0.7951772033705163	0.21767841156124593	MRPS18B	0.26962343	False
641	3.652990655652527	0.7951772033705163	0.21767841156124593	ATAT1	0.26962343	False
642	3.652990655652527	0.7951772033705163	0.21767841156124593	C6orf136	0.26962343	False
643	3.652990655652527	0.7951772033705163	0.21767841156124593	DHX16	0.26962343	False
644	3.652990655652527	0.7951772033705163	0.21767841156124593	PPP1R18	0.26962343	False
645	3.652990655652527	0.7951772033705163	0.21767841156124593	NRM	0.26962343	False
646	3.652990655652527	0.7951772033705163	0.21767841156124593	MDC1	0.26962343	False
647	3.652990655652527	0.7951772033705163	0.21767841156124593	MDC1-AS1	0.26962343	False
648	3.652990655652527	0.7951772033705163	0.21767841156124593	TUBB	0.26962343	False
649	3.652990655652527	0.7951772033705163	0.21767841156124593	FLOT1	0.26962343	False
650	3.652990655652527	0.7951772033705163	0.21767841156124593	IER3	0.26962343	False
651	3.652990655652527	0.7951772033705163	0.21767841156124593	LINC00243	0.26962343	False
652	3.652990655652527	0.7951772033705163	0.21767841156124593	LINC02570	0.26962343	False
653	3.597780114182464	0.669343543859205	0.18604348309688243	DDR1	0.26962242	False
654	3.652990655652527	0.7951772033705163	0.21767841156124593	MIR4640	0.26962343	False
655	3.597780114182464	0.669343543859205	0.18604348309688243	GTF2H4	0.26962242	False
656	3.597780114182464	0.669343543859205	0.18604348309688243	VARS2	0.26962242	False
657	3.597780114182464	0.669343543859205	0.18604348309688243	SFTA2	0.26962242	False
658	3.597780114182464	0.669343543859205	0.18604348309688243	MUCL3	0.26962242	False
659	3.597780114182464	0.669343543859205	0.18604348309688243	MUC21	0.26962242	False
660	3.597780114182464	0.669343543859205	0.18604348309688243	MUC22	0.26962242	False
661	3.597780114182464	0.669343543859205	0.18604348309688243	HCG22	0.26962242	False
662	3.711502338279371	0.738438622085515	0.19895949262094512	C6orf15	0.26962328	False
663	3.711502338279371	0.738438622085515	0.19895949262094512	PSORS1C1	0.26962328	False
664	3.711502338279371	0.738438622085515	0.19895949262094512	CDSN	0.26962328	False
665	3.711502338279371	0.738438622085515	0.19895949262094512	PSORS1C2	0.26962328	False
666	3.711502338279371	0.738438622085515	0.19895949262094512	CCHCR1	0.26962328	False
667	3.711502338279371	0.738438622085515	0.19895949262094512	TCF19	0.26962328	False
668	3.711502338279371	0.738438622085515	0.19895949262094512	POU5F1	0.26962328	False
669	3.711502338279371	0.738438622085515	0.19895949262094512	PSORS1C3	0.26962328	False
670	3.711502338279371	0.738438622085515	0.19895949262094512	HCG27	0.26962328	False
671	3.711502338279371	0.738438622085515	0.19895949262094512	HLA-C	0.26962328	False
672	3.711502338279371	0.738438622085515	0.19895949262094512	HLA-B	0.26962328	False
673	3.711502338279371	0.738438622085515	0.19895949262094512	MIR6891	0.26962328	False
674	3.711502338279371	0.738438622085515	0.19895949262094512	MICA	0.26962328	False
675	3.711502338279371	0.738438622085515	0.19895949262094512	HCP5	0.26962328	False
676	3.711502338279371	0.738438622085515	0.19895949262094512	MICB	0.26962328	False
677	3.711502338279371	0.738438622085515	0.19895949262094512	MCCD1	0.26962328	False
678	3.711502338279371	0.738438622085515	0.19895949262094512	DDX39B	0.26962328	False
679	3.711502338279371	0.738438622085515	0.19895949262094512	ATP6V1G2-DDX39B	0.26962328	False
680	3.711502338279371	0.738438622085515	0.19895949262094512	SNORD117	0.26962328	False
681	3.711502338279371	0.738438622085515	0.19895949262094512	SNORD84	0.26962328	False
682	3.711502338279371	0.738438622085515	0.19895949262094512	ATP6V1G2	0.26962328	False
683	3.711502338279371	0.738438622085515	0.19895949262094512	DDX39B-AS1	0.26962328	False
684	3.711502338279371	0.738438622085515	0.19895949262094512	NFKBIL1	0.26962328	False
685	3.711502338279371	0.738438622085515	0.19895949262094512	LTA	0.26962328	False
686	3.711502338279371	0.738438622085515	0.19895949262094512	TNF	0.26962328	False
687	3.711502338279371	0.738438622085515	0.19895949262094512	LTB	0.26962328	False
688	3.711502338279371	0.738438622085515	0.19895949262094512	LST1	0.26962328	False
689	3.711502338279371	0.738438622085515	0.19895949262094512	NCR3	0.26962328	False
690	3.711502338279371	0.738438622085515	0.19895949262094512	AIF1	0.26962328	False
691	3.711502338279371	0.738438622085515	0.19895949262094512	PRRC2A	0.26962328	False
692	3.711502338279371	0.738438622085515	0.19895949262094512	SNORA38	0.26962328	False
693	3.711502338279371	0.738438622085515	0.19895949262094512	MIR6832	0.26962328	False
694	3.711502338279371	0.738438622085515	0.19895949262094512	BAG6	0.26962328	False
695	3.711502338279371	0.738438622085515	0.19895949262094512	APOM	0.26962328	False
696	3.711502338279371	0.738438622085515	0.19895949262094512	C6orf47	0.26962328	False
697	3.711502338279371	0.738438622085515	0.19895949262094512	GPANK1	0.26962328	False
698	3.711502338279371	0.738438622085515	0.19895949262094512	CSNK2B	0.26962328	False
699	3.711502338279371	0.738438622085515	0.19895949262094512	LY6G5B	0.26962328	False
700	3.711502338279371	0.738438622085515	0.19895949262094512	LY6G5C	0.26962328	False
701	3.711502338279371	0.738438622085515	0.19895949262094512	ABHD16A	0.26962328	False
702	3.711502338279371	0.738438622085515	0.19895949262094512	MIR4646	0.26962328	False
703	3.711502338279371	0.738438622085515	0.19895949262094512	LY6G6F	0.26962328	False
704	3.711502338279371	0.738438622085515	0.19895949262094512	LY6G6E	0.26962328	False
705	3.711502338279371	0.738438622085515	0.19895949262094512	LY6G6D	0.26962328	False
706	3.711502338279371	0.738438622085515	0.19895949262094512	MPIG6B	0.26962328	False
707	3.711502338279371	0.738438622085515	0.19895949262094512	LY6G6C	0.26962328	False
708	3.711502338279371	0.738438622085515	0.19895949262094512	DDAH2	0.26962328	False
709	3.711502338279371	0.738438622085515	0.19895949262094512	CLIC1	0.26962328	False
710	3.711502338279371	0.738438622085515	0.19895949262094512	MSH5	0.26962328	False
711	3.711502338279371	0.738438622085515	0.19895949262094512	MSH5-SAPCD1	0.26962328	False
712	3.711502338279371	0.738438622085515	0.19895949262094512	SAPCD1	0.26962328	False
713	3.711502338279371	0.738438622085515	0.19895949262094512	SAPCD1-AS1	0.26962328	False
714	3.711502338279371	0.738438622085515	0.19895949262094512	VWA7	0.26962328	False
715	3.711502338279371	0.738438622085515	0.19895949262094512	VARS	0.26962328	False
716	3.711502338279371	0.738438622085515	0.19895949262094512	LSM2	0.26962328	False
717	3.711502338279371	0.738438622085515	0.19895949262094512	HSPA1L	0.26962328	False
718	3.711502338279371	0.738438622085515	0.19895949262094512	HSPA1A	0.26962328	False
719	3.711502338279371	0.738438622085515	0.19895949262094512	HSPA1B	0.26962328	False
720	3.711502338279371	0.738438622085515	0.19895949262094512	C6orf48	0.26962328	False
721	3.711502338279371	0.738438622085515	0.19895949262094512	SNORD48	0.26962328	False
722	3.711502338279371	0.738438622085515	0.19895949262094512	SNORD52	0.26962328	False
723	3.711502338279371	0.738438622085515	0.19895949262094512	NEU1	0.26962328	False
724	3.711502338279371	0.738438622085515	0.19895949262094512	SLC44A4	0.26962328	False
725	3.711502338279371	0.738438622085515	0.19895949262094512	EHMT2	0.26962328	False
726	3.5033226261072654	0.5649988326132852	0.16127513589608689	C2	0.2696215	False
727	3.5033226261072654	0.5649988326132852	0.16127513589608689	ZBTB12	0.2696215	False
728	3.5033226261072654	0.5649988326132852	0.16127513589608689	CFB	0.2696215	False
729	3.5033226261072654	0.5649988326132852	0.16127513589608689	C2-AS1	0.2696215	False
730	3.5033226261072654	0.5649988326132852	0.16127513589608689	NELFE	0.2696215	False
731	3.5033226261072654	0.5649988326132852	0.16127513589608689	MIR1236	0.2696215	False
732	3.5033226261072654	0.5649988326132852	0.16127513589608689	SKIV2L	0.2696215	False
733	3.5033226261072654	0.5649988326132852	0.16127513589608689	DXO	0.2696215	False
734	3.5033226261072654	0.5649988326132852	0.16127513589608689	STK19	0.2696215	False
735	3.5033226261072654	0.5649988326132852	0.16127513589608689	C4B	0.2696215	False
736	3.5033226261072654	0.5649988326132852	0.16127513589608689	C4A	0.2696215	False
737	3.5033226261072654	0.5649988326132852	0.16127513589608689	CYP21A2	0.2696215	False
738	3.5033226261072654	0.5649988326132852	0.16127513589608689	TNXB	0.2696215	False
739	3.5033226261072654	0.5649988326132852	0.16127513589608689	ATF6B	0.2696215	False
740	3.4622415519632264	0.5610639085229292	0.16205221389154204	FKBPL	0.2696213	False
741	3.4622415519632264	0.5610639085229292	0.16205221389154204	PRRT1	0.2696213	False
742	3.4622415519632264	0.5610639085229292	0.16205221389154204	LOC100507547	0.2696213	False
743	3.4622415519632264	0.5610639085229292	0.16205221389154204	PPT2	0.2696213	False
744	3.4622415519632264	0.5610639085229292	0.16205221389154204	PPT2-EGFL8	0.2696213	False
745	3.4622415519632264	0.5610639085229292	0.16205221389154204	EGFL8	0.2696213	False
746	3.4622415519632264	0.5610639085229292	0.16205221389154204	AGPAT1	0.2696213	False
747	3.4622415519632264	0.5610639085229292	0.16205221389154204	MIR6721	0.2696213	False
748	3.4622415519632264	0.5610639085229292	0.16205221389154204	RNF5	0.2696213	False
749	3.4622415519632264	0.5610639085229292	0.16205221389154204	MIR6833	0.2696213	False
750	3.4622415519632264	0.5610639085229292	0.16205221389154204	AGER	0.2696213	False
751	3.4622415519632264	0.5610639085229292	0.16205221389154204	PBX2	0.2696213	False
752	3.4622415519632264	0.5610639085229292	0.16205221389154204	GPSM3	0.2696213	False
753	3.4622415519632264	0.5610639085229292	0.16205221389154204	NOTCH4	0.2696213	False
754	3.4622415519632264	0.5610639085229292	0.16205221389154204	TSBP1	0.2696213	False
755	3.4622415519632264	0.5610639085229292	0.16205221389154204	HCG23	0.2696213	False
756	3.4622415519632264	0.5610639085229292	0.16205221389154204	BTNL2	0.2696213	False
757	3.4622415519632264	0.5610639085229292	0.16205221389154204	HLA-DRA	0.2696213	False
758	3.4622415519632264	0.5610639085229292	0.16205221389154204	HLA-DRB5	0.2696213	False
759	3.4622415519632264	0.5610639085229292	0.16205221389154204	HLA-DRB1	0.2696213	False
760	3.4622415519632264	0.5610639085229292	0.16205221389154204	HLA-DQA1	0.2696213	False
761	3.4622415519632264	0.5610639085229292	0.16205221389154204	HLA-DQB1	0.2696213	False
762	3.4622415519632264	0.5610639085229292	0.16205221389154204	HLA-DQB1-AS1	0.2696213	False
763	3.4622415519632264	0.5610639085229292	0.16205221389154204	HLA-DQA2	0.2696213	False
764	3.4622415519632264	0.5610639085229292	0.16205221389154204	MIR3135B	0.2696213	False
765	3.4622415519632264	0.5610639085229292	0.16205221389154204	HLA-DQB2	0.2696213	False
766	3.4622415519632264	0.5610639085229292	0.16205221389154204	HLA-DOB	0.2696213	False
767	3.4622415519632264	0.5610639085229292	0.16205221389154204	TAP2	0.2696213	False
768	3.4622415519632264	0.5610639085229292	0.16205221389154204	PSMB8	0.2696213	False
769	3.4622415519632264	0.5610639085229292	0.16205221389154204	PSMB8-AS1	0.2696213	False
770	3.4622415519632264	0.5610639085229292	0.16205221389154204	PSMB9	0.2696213	False
771	3.4622415519632264	0.5610639085229292	0.16205221389154204	TAP1	0.2696213	False
772	3.2413260147462526	0.42733688222177646	0.13184014205224295	HLA-DMB	0.26961994	False
773	3.2413260147462526	0.42733688222177646	0.13184014205224295	HLA-DMA	0.26961994	False
774	3.2413260147462526	0.42733688222177646	0.13184014205224295	BRD2	0.26961994	False
775	3.2413260147462526	0.42733688222177646	0.13184014205224295	HLA-DOA	0.26961994	False
776	3.2413260147462526	0.42733688222177646	0.13184014205224295	HLA-DPA1	0.26961994	False
777	3.2413260147462526	0.42733688222177646	0.13184014205224295	HLA-DPB1	0.26961994	False
778	3.0481804721578563	0.3863305805107184	0.12674137376033667	COL11A2	0.26961938	False
779	3.0481804721578563	0.3863305805107184	0.12674137376033667	RXRB	0.26961938	False
780	3.0481804721578563	0.3863305805107184	0.12674137376033667	SLC39A7	0.26961938	False
781	3.0481804721578563	0.3863305805107184	0.12674137376033667	HSD17B8	0.26961938	False
782	3.0481804721578563	0.3863305805107184	0.12674137376033667	MIR219A1	0.26961938	False
783	3.0481804721578563	0.3863305805107184	0.12674137376033667	RING1	0.26961938	False
784	3.0481804721578563	0.3863305805107184	0.12674137376033667	HCG25	0.26961938	False
785	3.0481804721578563	0.3863305805107184	0.12674137376033667	VPS52	0.26961938	False
786	3.0481804721578563	0.3863305805107184	0.12674137376033667	RPS18	0.26961938	False
787	3.0481804721578563	0.3863305805107184	0.12674137376033667	B3GALT4	0.26961938	False
788	3.0481804721578563	0.3863305805107184	0.12674137376033667	WDR46	0.26961938	False
789	3.0481804721578563	0.3863305805107184	0.12674137376033667	MIR6873	0.26961938	False
790	3.0481804721578563	0.3863305805107184	0.12674137376033667	PFDN6	0.26961938	False
791	3.0481804721578563	0.3863305805107184	0.12674137376033667	MIR6834	0.26961938	False
792	3.0481804721578563	0.3863305805107184	0.12674137376033667	RGL2	0.26961938	False
793	3.0481804721578563	0.3863305805107184	0.12674137376033667	TAPBP	0.26961938	False
794	3.0481804721578563	0.3863305805107184	0.12674137376033667	ZBTB22	0.26961938	False
795	3.0481804721578563	0.3863305805107184	0.12674137376033667	DAXX	0.26961938	False
796	3.0481804721578563	0.3863305805107184	0.12674137376033667	KIFC1	0.26961938	False
797	3.0481804721578563	0.3863305805107184	0.12674137376033667	PHF1	0.26961938	False
798	3.0481804721578563	0.3863305805107184	0.12674137376033667	CUTA	0.26961938	False
799	3.0481804721578563	0.3863305805107184	0.12674137376033667	SYNGAP1	0.26961938	False
800	3.0481804721578563	0.3863305805107184	0.12674137376033667	MIR5004	0.26961938	False
801	3.0481804721578563	0.3863305805107184	0.12674137376033667	ZBTB9	0.26961938	False
802	3.0481804721578563	0.3863305805107184	0.12674137376033667	BAK1	0.26961938	False
803	3.0481804721578563	0.3863305805107184	0.12674137376033667	LINC00336	0.26961938	False
804	3.0481804721578563	0.3863305805107184	0.12674137376033667	ITPR3	0.26961938	False
805	3.0481804721578563	0.3863305805107184	0.12674137376033667	UQCC2	0.26961938	False
806	3.0481804721578563	0.3863305805107184	0.12674137376033667	MIR3934	0.26961938	False
807	3.0481804721578563	0.3863305805107184	0.12674137376033667	IP6K3	0.26961938	False
808	3.0481804721578563	0.3863305805107184	0.12674137376033667	LEMD2	0.26961938	False
809	3.0481804721578563	0.3863305805107184	0.12674137376033667	MLN	0.26961938	False
810	3.0481804721578563	0.3863305805107184	0.12674137376033667	LINC01016	0.26961938	False
811	3.0481804721578563	0.3863305805107184	0.12674137376033667	MIR7159	0.26961938	False
812	2.924981152823144	0.3108323882307983	0.10626816789256502	MIR1275	0.2696188	False
813	2.924981152823144	0.3108323882307983	0.10626816789256502	GRM4	0.2696188	False
814	2.793009414176056	0.3007733775843764	0.10768792115693787	HMGA1	0.2696187	False
815	2.793009414176056	0.3007733775843764	0.10768792115693787	MIR6835	0.2696187	False
816	2.793009414176056	0.3007733775843764	0.10768792115693787	SMIM29	0.2696187	False
817	2.793009414176056	0.3007733775843764	0.10768792115693787	NUDT3	0.2696187	False
818	2.793009414176056	0.3007733775843764	0.10768792115693787	RPS10-NUDT3	0.2696187	False
819	2.793009414176056	0.3007733775843764	0.10768792115693787	RPS10	0.2696187	False
820	2.793009414176056	0.3007733775843764	0.10768792115693787	PACSIN1	0.2696187	False
821	2.793009414176056	0.3007733775843764	0.10768792115693787	SPDEF	0.2696187	False
822	2.793009414176056	0.3007733775843764	0.10768792115693787	C6orf106	0.2696187	False
823	2.793009414176056	0.3007733775843764	0.10768792115693787	LOC101929243	0.2696187	False
824	2.793009414176056	0.3007733775843764	0.10768792115693787	SNRPC	0.2696187	False
825	2.793009414176056	0.3007733775843764	0.10768792115693787	UHRF1BP1	0.2696187	False
826	2.793009414176056	0.3007733775843764	0.10768792115693787	TAF11	0.2696187	False
827	2.7879884061184828	0.28177291394022813	0.10106674522815554	ANKS1A	0.26961857	False
828	2.7854484002742046	0.324598230297921	0.11653356431444466	TCP11	0.26961875	False
829	2.7854484002742046	0.324598230297921	0.11653356431444466	SCUBE3	0.26961875	False
830	2.7854484002742046	0.324598230297921	0.11653356431444466	ZNF76	0.26961875	False
831	2.7854484002742046	0.324598230297921	0.11653356431444466	DEF6	0.26961875	False
832	2.7854484002742046	0.324598230297921	0.11653356431444466	PPARD	0.26961875	False
833	2.7854484002742046	0.324598230297921	0.11653356431444466	FANCE	0.26961875	False
834	2.7854484002742046	0.324598230297921	0.11653356431444466	RPL10A	0.26961875	False
835	2.7854484002742046	0.324598230297921	0.11653356431444466	MIR7111	0.26961875	False
836	2.7854484002742046	0.324598230297921	0.11653356431444466	TEAD3	0.26961875	False
837	2.7854484002742046	0.324598230297921	0.11653356431444466	TULP1	0.26961875	False
838	2.7854484002742046	0.324598230297921	0.11653356431444466	FKBP5	0.26961875	False
839	2.7854484002742046	0.324598230297921	0.11653356431444466	MIR5690	0.26961875	False
840	2.7854484002742046	0.324598230297921	0.11653356431444466	LOC285847	0.26961875	False
841	2.7854484002742046	0.324598230297921	0.11653356431444466	ARMC12	0.26961875	False
842	2.7854484002742046	0.324598230297921	0.11653356431444466	CLPSL2	0.26961875	False
843	2.7854484002742046	0.324598230297921	0.11653356431444466	CLPSL1	0.26961875	False
844	2.7854484002742046	0.324598230297921	0.11653356431444466	CLPS	0.26961875	False
845	2.7854484002742046	0.324598230297921	0.11653356431444466	LHFPL5	0.26961875	False
846	2.7804751607352234	0.30691602027015236	0.11038257942538013	SRPK1	0.2696187	False
847	2.7804751607352234	0.30691602027015236	0.11038257942538013	SLC26A8	0.2696187	False
848	2.7804751607352234	0.30691602027015236	0.11038257942538013	MAPK14	0.2696187	False
849	2.8508887116735018	0.37893911830694793	0.13291964598804232	MAPK13	0.26961908	False
850	2.8508887116735018	0.37893911830694793	0.13291964598804232	BRPF3	0.26961908	False
851	2.8508887116735018	0.37893911830694793	0.13291964598804232	PNPLA1	0.26961908	False
852	2.8508887116735018	0.37893911830694793	0.13291964598804232	C6orf222	0.26961908	False
853	2.8508887116735018	0.37893911830694793	0.13291964598804232	ETV7	0.26961908	False
854	2.8508887116735018	0.37893911830694793	0.13291964598804232	PXT1	0.26961908	False
855	2.8508887116735018	0.37893911830694793	0.13291964598804232	KCTD20	0.26961908	False
856	2.8508887116735018	0.37893911830694793	0.13291964598804232	STK38	0.26961908	False
857	2.8508887116735018	0.37893911830694793	0.13291964598804232	SRSF3	0.26961908	False
858	2.8508887116735018	0.37893911830694793	0.13291964598804232	MIR3925	0.26961908	False
859	2.8508887116735018	0.37893911830694793	0.13291964598804232	PANDAR	0.26961908	False
860	2.8508887116735018	0.37893911830694793	0.13291964598804232	CDKN1A	0.26961908	False
861	2.8508887116735018	0.37893911830694793	0.13291964598804232	RAB44	0.26961908	False
862	2.8508887116735018	0.37893911830694793	0.13291964598804232	CPNE5	0.26961908	False
863	2.8508887116735018	0.37893911830694793	0.13291964598804232	PPIL1	0.26961908	False
864	2.851740784854274	0.4058253131852081	0.1423079248087922	PIM1	0.26961926	False
865	2.851740784854274	0.4058253131852081	0.1423079248087922	TMEM217	0.26961926	False
866	2.851740784854274	0.4058253131852081	0.1423079248087922	TBC1D22B	0.26961926	False
867	2.851740784854274	0.4058253131852081	0.1423079248087922	RNF8	0.26961926	False
868	2.851740784854274	0.4058253131852081	0.1423079248087922	CMTR1	0.26961926	False
869	2.851740784854274	0.4058253131852081	0.1423079248087922	CCDC167	0.26961926	False
870	2.851740784854274	0.4058253131852081	0.1423079248087922	LINC02520	0.26961926	False
871	2.851740784854274	0.4058253131852081	0.1423079248087922	MIR4462	0.26961926	False
872	2.851740784854274	0.4058253131852081	0.1423079248087922	MDGA1	0.26961926	False
873	2.9097981506737334	0.42799280134690115	0.14708676656757236	SRF	0.2696194	False
874	2.9097981506737334	0.42799280134690115	0.14708676656757236	CUL9	0.2696194	False
875	2.9097981506737334	0.42799280134690115	0.14708676656757236	DNPH1	0.2696194	False
876	2.9097981506737334	0.42799280134690115	0.14708676656757236	TTBK1	0.2696194	False
877	2.9097981506737334	0.42799280134690115	0.14708676656757236	SLC22A7	0.2696194	False
878	2.9097981506737334	0.42799280134690115	0.14708676656757236	CRIP3	0.2696194	False
879	2.9097981506737334	0.42799280134690115	0.14708676656757236	ZNF318	0.2696194	False
880	2.9097981506737334	0.42799280134690115	0.14708676656757236	ABCC10	0.2696194	False
881	2.9097981506737334	0.42799280134690115	0.14708676656757236	MIR6780B	0.2696194	False
882	2.9097981506737334	0.42799280134690115	0.14708676656757236	DLK2	0.2696194	False
883	2.9097981506737334	0.42799280134690115	0.14708676656757236	TJAP1	0.2696194	False
884	2.9097981506737334	0.42799280134690115	0.14708676656757236	LRRC73	0.2696194	False
885	2.9097981506737334	0.42799280134690115	0.14708676656757236	POLR1C	0.2696194	False
886	2.9097981506737334	0.42799280134690115	0.14708676656757236	YIPF3	0.2696194	False
887	2.9097981506737334	0.42799280134690115	0.14708676656757236	XPO5	0.2696194	False
888	2.9097981506737334	0.42799280134690115	0.14708676656757236	POLH	0.2696194	False
889	2.9097981506737334	0.42799280134690115	0.14708676656757236	GTPBP2	0.2696194	False
890	2.9097981506737334	0.42799280134690115	0.14708676656757236	MAD2L1BP	0.2696194	False
891	2.9097981506737334	0.42799280134690115	0.14708676656757236	RSPH9	0.2696194	False
892	2.9097981506737334	0.42799280134690115	0.14708676656757236	MRPS18A	0.2696194	False
893	2.9097981506737334	0.42799280134690115	0.14708676656757236	VEGFA	0.2696194	False
894	2.818864557420548	0.3602821841335383	0.127811101524942	LOC101929705	0.26961893	False
895	2.818864557420548	0.3602821841335383	0.127811101524942	C6orf223	0.26961893	False
896	2.853447694860312	0.41927726420326983	0.1469370771920861	MRPL14	0.2696193	False
897	2.853447694860312	0.41927726420326983	0.1469370771920861	TMEM63B	0.2696193	False
898	2.853447694860312	0.41927726420326983	0.1469370771920861	CAPN11	0.2696193	False
899	2.853447694860312	0.41927726420326983	0.1469370771920861	MYMX	0.2696193	False
900	2.853447694860312	0.41927726420326983	0.1469370771920861	SLC29A1	0.2696193	False
901	2.853447694860312	0.41927726420326983	0.1469370771920861	HSP90AB1	0.2696193	False
902	2.853447694860312	0.41927726420326983	0.1469370771920861	SLC35B2	0.2696193	False
903	2.853447694860312	0.41927726420326983	0.1469370771920861	MIR4647	0.2696193	False
904	2.853447694860312	0.41927726420326983	0.1469370771920861	NFKBIE	0.2696193	False
905	2.853447694860312	0.41927726420326983	0.1469370771920861	TMEM151B	0.2696193	False
906	2.853447694860312	0.41927726420326983	0.1469370771920861	SPATS1	0.2696193	False
907	2.853447694860312	0.41927726420326983	0.1469370771920861	TCTE1	0.2696193	False
908	2.853447694860312	0.41927726420326983	0.1469370771920861	AARS2	0.2696193	False
909	2.853447694860312	0.41927726420326983	0.1469370771920861	CDC5L	0.2696193	False
910	2.853447694860312	0.41927726420326983	0.1469370771920861	MIR4642	0.2696193	False
911	3.0548240664729414	0.6807480249826426	0.22284361068577843	MIR206	0.26962093	False
912	3.0548240664729414	0.6807480249826426	0.22284361068577843	LINCMD1	0.26962093	False
913	3.0548240664729414	0.6807480249826426	0.22284361068577843	MIR133B	0.26962093	False
914	3.0548240664729414	0.6807480249826426	0.22284361068577843	IL17A	0.26962093	False
915	3.0548240664729414	0.6807480249826426	0.22284361068577843	IL17F	0.26962093	False
916	3.0548240664729414	0.6807480249826426	0.22284361068577843	MCM3	0.26962093	False
917	3.0548240664729414	0.6807480249826426	0.22284361068577843	PAQR8	0.26962093	False
918	3.0548240664729414	0.6807480249826426	0.22284361068577843	EFHC1	0.26962093	False
919	3.0548240664729414	0.6807480249826426	0.22284361068577843	TRAM2	0.26962093	False
920	3.0548240664729414	0.6807480249826426	0.22284361068577843	TRAM2-AS1	0.26962093	False
921	3.0548240664729414	0.6807480249826426	0.22284361068577843	TMEM14A	0.26962093	False
922	3.0548240664729414	0.6807480249826426	0.22284361068577843	GSTA2	0.26962093	False
923	3.0548240664729414	0.6807480249826426	0.22284361068577843	GSTA1	0.26962093	False
924	3.0548240664729414	0.6807480249826426	0.22284361068577843	GSTA5	0.26962093	False
925	3.0140453187359957	0.6139275907638393	0.20368890505644519	GSTA3	0.26962048	False
926	3.0140453187359957	0.6139275907638393	0.20368890505644519	GSTA4	0.26962048	False
927	3.0140453187359957	0.6139275907638393	0.20368890505644519	RN7SK	0.26962048	False
928	3.0140453187359957	0.6139275907638393	0.20368890505644519	ICK	0.26962048	False
929	3.0140453187359957	0.6139275907638393	0.20368890505644519	FBXO9	0.26962048	False
930	3.131584986347346	0.7681498615927521	0.24529107941876918	GCM1	0.26962155	False
931	3.131584986347346	0.7681498615927521	0.24529107941876918	ELOVL5	0.26962155	False
932	3.131584986347346	0.7681498615927521	0.24529107941876918	MIR5685	0.26962155	False
933	3.131584986347346	0.7681498615927521	0.24529107941876918	GCLC	0.26962155	False
934	3.131584986347346	0.7681498615927521	0.24529107941876918	LOC101927136	0.26962155	False
935	3.131584986347346	0.7681498615927521	0.24529107941876918	LINC01564	0.26962155	False
936	3.131584986347346	0.7681498615927521	0.24529107941876918	KLHL31	0.26962155	False
937	2.9960764734295795	0.6245576714908848	0.20845852134607223	LRRC1	0.26962048	False
938	2.9960764734295795	0.6245576714908848	0.20845852134607223	LOC101927189	0.26962048	False
939	2.9960764734295795	0.6245576714908848	0.20845852134607223	MLIP-IT1	0.26962048	False
940	2.9960764734295795	0.6245576714908848	0.20845852134607223	MLIP	0.26962048	False
941	2.938419164151974	0.4853135605953551	0.16516144684736164	RGS22	0.26961982	False
942	3.080571553217353	0.6259065941120481	0.203178722941316	FBXO43	0.26962072	False
943	3.080571553217353	0.6259065941120481	0.203178722941316	POLR2K	0.26962072	False
944	3.080571553217353	0.6259065941120481	0.203178722941316	SPAG1	0.26962072	False
945	3.080571553217353	0.6259065941120481	0.203178722941316	RNF19A	0.26962072	False
946	3.080571553217353	0.6259065941120481	0.203178722941316	MIR4471	0.26962072	False
947	3.080571553217353	0.6259065941120481	0.203178722941316	ANKRD46	0.26962072	False
948	3.080571553217353	0.6259065941120481	0.203178722941316	SNX31	0.26962072	False
949	3.080571553217353	0.6259065941120481	0.203178722941316	PABPC1	0.26962072	False
950	3.080571553217353	0.6259065941120481	0.203178722941316	MIR7705	0.26962072	False
951	3.03311784071495	0.5429659885924	0.1790124937791454	YWHAZ	0.26962018	False
952	3.03311784071495	0.5429659885924	0.1790124937791454	FLJ42969	0.26962018	False
953	3.08139414459782	0.6213222053568711	0.20163671903062091	ZNF706	0.2696207	False
954	3.08139414459782	0.6213222053568711	0.20163671903062091	GRHL2	0.2696207	False
955	3.0896481459402287	0.5905773404871455	0.19114711856855257	NCALD	0.2696206	False
956	3.2353338952297626	0.7548694611645476	0.23332041934761089	MIR5680	0.26962188	False
957	3.2353338952297626	0.7548694611645476	0.23332041934761089	RRM2B	0.26962188	False
958	3.2353338952297626	0.7548694611645476	0.23332041934761089	UBR5-AS1	0.26962188	False
959	3.2353338952297626	0.7548694611645476	0.23332041934761089	UBR5	0.26962188	False
960	3.2353338952297626	0.7548694611645476	0.23332041934761089	ODF1	0.26962188	False
961	3.2353338952297626	0.7548694611645476	0.23332041934761089	KLF10	0.26962188	False
962	3.2353338952297626	0.7548694611645476	0.23332041934761089	AZIN1	0.26962188	False
963	3.043416354274638	0.5886320538859788	0.1934116089831791	AZIN1-AS1	0.26962054	False
964	3.043416354274638	0.5886320538859788	0.1934116089831791	ATP6V1C1	0.26962054	False
965	3.025495244950492	0.6557111139876693	0.21672852240704782	BAALC-AS2	0.26962084	False
966	3.025495244950492	0.6557111139876693	0.21672852240704782	BAALC	0.26962084	False
967	3.025495244950492	0.6557111139876693	0.21672852240704782	MIR3151	0.26962084	False
968	3.025495244950492	0.6557111139876693	0.21672852240704782	BAALC-AS1	0.26962084	False
969	3.025495244950492	0.6557111139876693	0.21672852240704782	FZD6	0.26962084	False
970	3.025495244950492	0.6557111139876693	0.21672852240704782	CTHRC1	0.26962084	False
971	3.025495244950492	0.6557111139876693	0.21672852240704782	SLC25A32	0.26962084	False
972	3.025495244950492	0.6557111139876693	0.21672852240704782	DCAF13	0.26962084	False
973	2.9138270056753264	0.48307880571177525	0.16578843039441662	ZHX2	0.26961973	False
974	2.9138270056753264	0.48307880571177525	0.16578843039441662	DERL1	0.26961973	False
975	2.9138270056753264	0.48307880571177525	0.16578843039441662	TBC1D31	0.26961973	False
976	3.061460987854562	0.6089134151672314	0.19889634967844264	FAM83A	0.26962072	False
977	3.061460987854562	0.6089134151672314	0.19889634967844264	FAM83A-AS1	0.26962072	False
978	3.061460987854562	0.6089134151672314	0.19889634967844264	MIR4663	0.26962072	False
979	3.061460987854562	0.6089134151672314	0.19889634967844264	C8orf76	0.26962072	False
980	3.061460987854562	0.6089134151672314	0.19889634967844264	ZHX1-C8orf76	0.26962072	False
981	3.061460987854562	0.6089134151672314	0.19889634967844264	ZHX1	0.26962072	False
982	3.061460987854562	0.6089134151672314	0.19889634967844264	ATAD2	0.26962072	False
983	3.061460987854562	0.6089134151672314	0.19889634967844264	MIR548AA1	0.26962072	False
984	3.061460987854562	0.6089134151672314	0.19889634967844264	WDYHV1	0.26962072	False
985	3.061460987854562	0.6089134151672314	0.19889634967844264	FBXO32	0.26962072	False
986	3.061460987854562	0.6089134151672314	0.19889634967844264	KLHL38	0.26962072	False
987	3.061460987854562	0.6089134151672314	0.19889634967844264	ANXA13	0.26962072	False
988	3.061460987854562	0.6089134151672314	0.19889634967844264	FAM91A1	0.26962072	False
989	2.9967143671931833	0.5187568918624046	0.1731085543358904	FER1L6	0.26962012	False
990	2.9967143671931833	0.5187568918624046	0.1731085543358904	FER1L6-AS1	0.26962012	False
991	2.9967143671931833	0.5187568918624046	0.1731085543358904	FER1L6-AS2	0.26962012	False
992	3.0992646485982474	0.6196242922034966	0.1999262284631755	LOC101927588	0.26962072	False
993	3.0992646485982474	0.6196242922034966	0.1999262284631755	TMEM65	0.26962072	False
994	3.0992646485982474	0.6196242922034966	0.1999262284631755	TRMT12	0.26962072	False
995	3.0992646485982474	0.6196242922034966	0.1999262284631755	RNF139-AS1	0.26962072	False
996	3.0992646485982474	0.6196242922034966	0.1999262284631755	RNF139	0.26962072	False
997	3.0992646485982474	0.6196242922034966	0.1999262284631755	TATDN1	0.26962072	False
998	3.0992646485982474	0.6196242922034966	0.1999262284631755	NDUFB9	0.26962072	False
999	3.0992646485982474	0.6196242922034966	0.1999262284631755	MTSS1	0.26962072	False
1000	3.0992646485982474	0.6196242922034966	0.1999262284631755	MIR4662B	0.26962072	False
1001	2.960367327608828	0.4889140438895018	0.16515316843616548	LINC00964	0.26961988	False
1002	2.960367327608828	0.4889140438895018	0.16515316843616548	ZNF572	0.26961988	False
1003	2.960367327608828	0.4889140438895018	0.16515316843616548	LOC105375744	0.26961988	False
1004	2.960367327608828	0.4889140438895018	0.16515316843616548	SQLE	0.26961988	False
1005	2.960367327608828	0.4889140438895018	0.16515316843616548	WASHC5	0.26961988	False
1006	2.960367327608828	0.4889140438895018	0.16515316843616548	NSMCE2	0.26961988	False
1007	2.9734351538382513	0.5399454696101447	0.18158979149525337	TRIB1	0.2696201	False
1008	2.8673280164552626	0.37891251396469194	0.13214829687784482	LY6H	0.26961917	False
1009	2.8673280164552626	0.37891251396469194	0.13214829687784482	GPIHBP1	0.26961917	False
1010	2.8673280164552626	0.37891251396469194	0.13214829687784482	ZFP41	0.26961917	False
1011	2.8673280164552626	0.37891251396469194	0.13214829687784482	GLI4	0.26961917	False
1012	2.8673280164552626	0.37891251396469194	0.13214829687784482	MINCR	0.26961917	False
1013	2.8673280164552626	0.37891251396469194	0.13214829687784482	ZNF696	0.26961917	False
1014	2.8673280164552626	0.37891251396469194	0.13214829687784482	TOP1MT	0.26961917	False
1015	2.8673280164552626	0.37891251396469194	0.13214829687784482	RHPN1-AS1	0.26961917	False
1016	2.8673280164552626	0.37891251396469194	0.13214829687784482	RHPN1	0.26961917	False
1017	2.8673280164552626	0.37891251396469194	0.13214829687784482	MAFA-AS1	0.26961917	False
1018	2.8673280164552626	0.37891251396469194	0.13214829687784482	MAFA	0.26961917	False
1019	2.8673280164552626	0.37891251396469194	0.13214829687784482	ZC3H3	0.26961917	False
1020	2.8673280164552626	0.37891251396469194	0.13214829687784482	GSDMD	0.26961917	False
1021	2.8673280164552626	0.37891251396469194	0.13214829687784482	MROH6	0.26961917	False
1022	2.8673280164552626	0.37891251396469194	0.13214829687784482	NAPRT	0.26961917	False
1023	2.8673280164552626	0.37891251396469194	0.13214829687784482	EEF1D	0.26961917	False
1024	2.8673280164552626	0.37891251396469194	0.13214829687784482	TIGD5	0.26961917	False
1025	2.8673280164552626	0.37891251396469194	0.13214829687784482	PYCR3	0.26961917	False
1026	2.8673280164552626	0.37891251396469194	0.13214829687784482	TSTA3	0.26961917	False
1027	2.8673280164552626	0.37891251396469194	0.13214829687784482	ZNF623	0.26961917	False
1028	2.8673280164552626	0.37891251396469194	0.13214829687784482	ZNF707	0.26961917	False
1029	2.8673280164552626	0.37891251396469194	0.13214829687784482	BREA2	0.26961917	False
1030	2.8673280164552626	0.37891251396469194	0.13214829687784482	CCDC166	0.26961917	False
1031	2.8673280164552626	0.37891251396469194	0.13214829687784482	LOC101928160	0.26961917	False
1032	2.8673280164552626	0.37891251396469194	0.13214829687784482	MAPK15	0.26961917	False
1033	2.8673280164552626	0.37891251396469194	0.13214829687784482	FAM83H	0.26961917	False
1034	2.8673280164552626	0.37891251396469194	0.13214829687784482	MIR4664	0.26961917	False
1035	2.8673280164552626	0.37891251396469194	0.13214829687784482	FAM83H-AS1	0.26961917	False
1036	2.8673280164552626	0.37891251396469194	0.13214829687784482	SCRIB	0.26961917	False
1037	2.8673280164552626	0.37891251396469194	0.13214829687784482	MIR937	0.26961917	False
1038	2.8673280164552626	0.37891251396469194	0.13214829687784482	PUF60	0.26961917	False
1039	2.8673280164552626	0.37891251396469194	0.13214829687784482	NRBP2	0.26961917	False
1040	2.8673280164552626	0.37891251396469194	0.13214829687784482	MIR6845	0.26961917	False
1041	2.8673280164552626	0.37891251396469194	0.13214829687784482	EPPK1	0.26961917	False
1042	2.8673280164552626	0.37891251396469194	0.13214829687784482	PLEC	0.26961917	False
1043	2.8673280164552626	0.37891251396469194	0.13214829687784482	MIR661	0.26961917	False
1044	2.8673280164552626	0.37891251396469194	0.13214829687784482	PARP10	0.26961917	False
1045	2.8673280164552626	0.37891251396469194	0.13214829687784482	GRINA	0.26961917	False
1046	2.8673280164552626	0.37891251396469194	0.13214829687784482	SPATC1	0.26961917	False
1047	2.8673280164552626	0.37891251396469194	0.13214829687784482	OPLAH	0.26961917	False
1048	2.8673280164552626	0.37891251396469194	0.13214829687784482	MIR6846	0.26961917	False
1049	2.8673280164552626	0.37891251396469194	0.13214829687784482	EXOSC4	0.26961917	False
1050	2.8673280164552626	0.37891251396469194	0.13214829687784482	MIR6847	0.26961917	False
1051	2.8673280164552626	0.37891251396469194	0.13214829687784482	GPAA1	0.26961917	False
1052	2.8673280164552626	0.37891251396469194	0.13214829687784482	CYC1	0.26961917	False
1053	2.8673280164552626	0.37891251396469194	0.13214829687784482	SHARPIN	0.26961917	False
1054	3.200294433975679	0.6219852828832529	0.19435251840580484	MAF1	0.26962104	False
1055	3.200294433975679	0.6219852828832529	0.19435251840580484	WDR97	0.26962104	False
1056	3.200294433975679	0.6219852828832529	0.19435251840580484	HGH1	0.26962104	False
1057	3.200294433975679	0.6219852828832529	0.19435251840580484	MROH1	0.26962104	False
1058	3.200294433975679	0.6219852828832529	0.19435251840580484	BOP1	0.26962104	False
1059	3.200294433975679	0.6219852828832529	0.19435251840580484	MIR7112	0.26962104	False
1060	3.200294433975679	0.6219852828832529	0.19435251840580484	SCX	0.26962104	False
1061	3.200294433975679	0.6219852828832529	0.19435251840580484	HSF1	0.26962104	False
1062	3.200294433975679	0.6219852828832529	0.19435251840580484	DGAT1	0.26962104	False
1063	3.200294433975679	0.6219852828832529	0.19435251840580484	MIR6848	0.26962104	False
1064	3.200294433975679	0.6219852828832529	0.19435251840580484	SCRT1	0.26962104	False
1065	3.200294433975679	0.6219852828832529	0.19435251840580484	TMEM249	0.26962104	False
1066	3.200294433975679	0.6219852828832529	0.19435251840580484	SLC52A2	0.26962104	False
1067	3.200294433975679	0.6219852828832529	0.19435251840580484	FBXL6	0.26962104	False
1068	3.200294433975679	0.6219852828832529	0.19435251840580484	ADCK5	0.26962104	False
1069	3.200294433975679	0.6219852828832529	0.19435251840580484	CPSF1	0.26962104	False
1070	3.200294433975679	0.6219852828832529	0.19435251840580484	MIR939	0.26962104	False
1071	3.200294433975679	0.6219852828832529	0.19435251840580484	MIR1234	0.26962104	False
1072	3.200294433975679	0.6219852828832529	0.19435251840580484	MIR6849	0.26962104	False
1073	3.200294433975679	0.6219852828832529	0.19435251840580484	SLC39A4	0.26962104	False
1074	3.200294433975679	0.6219852828832529	0.19435251840580484	VPS28	0.26962104	False
1075	3.200294433975679	0.6219852828832529	0.19435251840580484	TONSL	0.26962104	False
1076	3.200294433975679	0.6219852828832529	0.19435251840580484	MIR6893	0.26962104	False
1077	3.200294433975679	0.6219852828832529	0.19435251840580484	TONSL-AS1	0.26962104	False
1078	3.200294433975679	0.6219852828832529	0.19435251840580484	CYHR1	0.26962104	False
1079	3.200294433975679	0.6219852828832529	0.19435251840580484	KIFC2	0.26962104	False
1080	3.200294433975679	0.6219852828832529	0.19435251840580484	FOXH1	0.26962104	False
1081	3.200294433975679	0.6219852828832529	0.19435251840580484	PPP1R16A	0.26962104	False
1082	3.200294433975679	0.6219852828832529	0.19435251840580484	GPT	0.26962104	False
1083	3.200294433975679	0.6219852828832529	0.19435251840580484	MFSD3	0.26962104	False
1084	3.200294433975679	0.6219852828832529	0.19435251840580484	RECQL4	0.26962104	False
1085	3.200294433975679	0.6219852828832529	0.19435251840580484	LRRC14	0.26962104	False
1086	3.200294433975679	0.6219852828832529	0.19435251840580484	LRRC24	0.26962104	False
1087	3.200294433975679	0.6219852828832529	0.19435251840580484	C8orf82	0.26962104	False
1088	3.200294433975679	0.6219852828832529	0.19435251840580484	ARHGAP39	0.26962104	False
1089	3.200294433975679	0.6219852828832529	0.19435251840580484	ZNF251	0.26962104	False
1090	3.200294433975679	0.6219852828832529	0.19435251840580484	ZNF34	0.26962104	False
1091	3.200294433975679	0.6219852828832529	0.19435251840580484	RPL8	0.26962104	False
1092	3.200294433975679	0.6219852828832529	0.19435251840580484	MIR6850	0.26962104	False
1093	3.200294433975679	0.6219852828832529	0.19435251840580484	ZNF517	0.26962104	False
1094	3.200294433975679	0.6219852828832529	0.19435251840580484	ZNF7	0.26962104	False
1095	3.200294433975679	0.6219852828832529	0.19435251840580484	COMMD5	0.26962104	False
1096	3.200294433975679	0.6219852828832529	0.19435251840580484	ZNF250	0.26962104	False
1097	3.200294433975679	0.6219852828832529	0.19435251840580484	ZNF16	0.26962104	False
1098	3.200294433975679	0.6219852828832529	0.19435251840580484	ZNF252P-AS1	0.26962104	False
1099	3.200294433975679	0.6219852828832529	0.19435251840580484	C8orf33	0.26962104	False
1100	2.9660041810717637	0.4746516508518308	0.1600306748995599	B4GALT1	0.26961973	False
1101	2.9660041810717637	0.4746516508518308	0.1600306748995599	B4GALT1-AS1	0.26961973	False
1102	2.9660041810717637	0.4746516508518308	0.1600306748995599	SPINK4	0.26961973	False
1103	2.9660041810717637	0.4746516508518308	0.1600306748995599	BAG1	0.26961973	False
1104	2.9660041810717637	0.4746516508518308	0.1600306748995599	CHMP5	0.26961973	False
1105	2.9660041810717637	0.4746516508518308	0.1600306748995599	NFX1	0.26961973	False
1106	2.9660041810717637	0.4746516508518308	0.1600306748995599	AQP7	0.26961973	False
1107	2.9660041810717637	0.4746516508518308	0.1600306748995599	AQP3	0.26961973	False
1108	2.9660041810717637	0.4746516508518308	0.1600306748995599	NOL6	0.26961973	False
1109	2.9660041810717637	0.4746516508518308	0.1600306748995599	MIR6851	0.26961973	False
1110	2.9660041810717637	0.4746516508518308	0.1600306748995599	ANKRD18B	0.26961973	False
1111	2.9660041810717637	0.4746516508518308	0.1600306748995599	PTENP1-AS	0.26961973	False
1112	2.9660041810717637	0.4746516508518308	0.1600306748995599	LINC01251	0.26961973	False
1113	2.9660041810717637	0.4746516508518308	0.1600306748995599	PRSS3	0.26961973	False
1114	2.9119044419182116	0.38453835705502915	0.13205734072843242	UBE2R2	0.26961926	False
1115	2.9119044419182116	0.38453835705502915	0.13205734072843242	UBAP2	0.26961926	False
1116	2.9119044419182116	0.38453835705502915	0.13205734072843242	SNORD121B	0.26961926	False
1117	2.9119044419182116	0.38453835705502915	0.13205734072843242	SNORD121A	0.26961926	False
1118	2.9119044419182116	0.38453835705502915	0.13205734072843242	DCAF12	0.26961926	False
1119	2.983641780304921	0.42462712077309755	0.1423183988024533	UBAP1	0.26961955	False
1120	2.983641780304921	0.42462712077309755	0.1423183988024533	KIF24	0.26961955	False
1121	2.983641780304921	0.42462712077309755	0.1423183988024533	NUDT2	0.26961955	False
1122	2.983641780304921	0.42462712077309755	0.1423183988024533	MYORG	0.26961955	False
1123	2.983641780304921	0.42462712077309755	0.1423183988024533	C9orf24	0.26961955	False
1124	2.983641780304921	0.42462712077309755	0.1423183988024533	FAM219A	0.26961955	False
1125	2.983641780304921	0.42462712077309755	0.1423183988024533	DNAI1	0.26961955	False
1126	2.983641780304921	0.42462712077309755	0.1423183988024533	ENHO	0.26961955	False
1127	2.983641780304921	0.42462712077309755	0.1423183988024533	CNTFR	0.26961955	False
1128	2.983641780304921	0.42462712077309755	0.1423183988024533	CNTFR-AS1	0.26961955	False
1129	2.983641780304921	0.42462712077309755	0.1423183988024533	RPP25L	0.26961955	False
1130	2.983641780304921	0.42462712077309755	0.1423183988024533	DCTN3	0.26961955	False
1131	2.983641780304921	0.42462712077309755	0.1423183988024533	ARID3C	0.26961955	False
1132	2.983641780304921	0.42462712077309755	0.1423183988024533	SIGMAR1	0.26961955	False
1133	2.983641780304921	0.42462712077309755	0.1423183988024533	GALT	0.26961955	False
1134	2.983641780304921	0.42462712077309755	0.1423183988024533	IL11RA	0.26961955	False
1135	2.983641780304921	0.42462712077309755	0.1423183988024533	CCL27	0.26961955	False
1136	2.983641780304921	0.42462712077309755	0.1423183988024533	LOC730098	0.26961955	False
1137	2.983641780304921	0.42462712077309755	0.1423183988024533	CCL19	0.26961955	False
1138	2.983641780304921	0.42462712077309755	0.1423183988024533	CCL21	0.26961955	False
1139	2.983641780304921	0.42462712077309755	0.1423183988024533	FAM205A	0.26961955	False
1140	2.983641780304921	0.42462712077309755	0.1423183988024533	FAM205C	0.26961955	False
1141	2.9165468272436863	0.36230926333000396	0.12422542300560564	PHF24	0.26961908	False
1142	2.9165468272436863	0.36230926333000396	0.12422542300560564	DNAJB5-DT	0.26961908	False
1143	2.9165468272436863	0.36230926333000396	0.12422542300560564	DNAJB5	0.26961908	False
1144	2.9165468272436863	0.36230926333000396	0.12422542300560564	C9orf131	0.26961908	False
1145	2.9165468272436863	0.36230926333000396	0.12422542300560564	VCP	0.26961908	False
1146	2.9165468272436863	0.36230926333000396	0.12422542300560564	FANCG	0.26961908	False
1147	2.9165468272436863	0.36230926333000396	0.12422542300560564	PIGO	0.26961908	False
1148	2.9165468272436863	0.36230926333000396	0.12422542300560564	STOML2	0.26961908	False
1149	2.948272703610406	0.4071934288364785	0.13811253902593074	FAM214B	0.26961938	False
1150	2.948272703610406	0.4071934288364785	0.13811253902593074	UNC13B	0.26961938	False
1151	2.948272703610406	0.4071934288364785	0.13811253902593074	RUSC2	0.26961938	False
1152	2.948272703610406	0.4071934288364785	0.13811253902593074	FAM166B	0.26961938	False
1153	2.948272703610406	0.4071934288364785	0.13811253902593074	TESK1	0.26961938	False
1154	2.948272703610406	0.4071934288364785	0.13811253902593074	MIR4667	0.26961938	False
1155	2.948272703610406	0.4071934288364785	0.13811253902593074	CD72	0.26961938	False
1156	2.948272703610406	0.4071934288364785	0.13811253902593074	LOC101926948	0.26961938	False
1157	2.948272703610406	0.4071934288364785	0.13811253902593074	SIT1	0.26961938	False
1158	2.948272703610406	0.4071934288364785	0.13811253902593074	RMRP	0.26961938	False
1159	2.948272703610406	0.4071934288364785	0.13811253902593074	CCDC107	0.26961938	False
1160	2.948272703610406	0.4071934288364785	0.13811253902593074	ARHGEF39	0.26961938	False
1161	2.948272703610406	0.4071934288364785	0.13811253902593074	CA9	0.26961938	False
1162	2.948272703610406	0.4071934288364785	0.13811253902593074	TPM2	0.26961938	False
1163	2.948272703610406	0.4071934288364785	0.13811253902593074	TLN1	0.26961938	False
1164	2.948272703610406	0.4071934288364785	0.13811253902593074	MIR6852	0.26961938	False
1165	2.948272703610406	0.4071934288364785	0.13811253902593074	CREB3	0.26961938	False
1166	2.948272703610406	0.4071934288364785	0.13811253902593074	MIR6853	0.26961938	False
1167	2.948272703610406	0.4071934288364785	0.13811253902593074	GBA2	0.26961938	False
1168	2.948272703610406	0.4071934288364785	0.13811253902593074	RGP1	0.26961938	False
1169	2.948272703610406	0.4071934288364785	0.13811253902593074	MSMP	0.26961938	False
1170	2.948272703610406	0.4071934288364785	0.13811253902593074	NPR2	0.26961938	False
1171	2.948272703610406	0.4071934288364785	0.13811253902593074	SPAG8	0.26961938	False
1172	2.948272703610406	0.4071934288364785	0.13811253902593074	HINT2	0.26961938	False
1173	2.948272703610406	0.4071934288364785	0.13811253902593074	TMEM8B	0.26961938	False
1174	2.948272703610406	0.4071934288364785	0.13811253902593074	FAM221B	0.26961938	False
1175	2.948272703610406	0.4071934288364785	0.13811253902593074	LINC00950	0.26961938	False
1176	2.948272703610406	0.4071934288364785	0.13811253902593074	OR13J1	0.26961938	False
1177	2.7826477793326583	0.3093863787577985	0.11118416820687106	HRCT1	0.2696187	False
1178	2.7826477793326583	0.3093863787577985	0.11118416820687106	SPAAR	0.2696187	False
1179	2.7826477793326583	0.3093863787577985	0.11118416820687106	OR2S2	0.2696187	False
1180	2.7826477793326583	0.3093863787577985	0.11118416820687106	RECK	0.2696187	False
1181	2.7308021798416604	0.25824378182614416	0.09456700442546075	SLC25A25-AS1	0.2696184	False
1182	2.7308021798416604	0.25824378182614416	0.09456700442546075	PTGES2	0.2696184	False
1183	2.7308021798416604	0.25824378182614416	0.09456700442546075	PTGES2-AS1	0.2696184	False
1184	2.7308021798416604	0.25824378182614416	0.09456700442546075	LCN2	0.2696184	False
1185	2.7308021798416604	0.25824378182614416	0.09456700442546075	C9orf16	0.2696184	False
1186	2.7308021798416604	0.25824378182614416	0.09456700442546075	CIZ1	0.2696184	False
1187	2.7308021798416604	0.25824378182614416	0.09456700442546075	DNM1	0.2696184	False
1188	2.7308021798416604	0.25824378182614416	0.09456700442546075	MIR199B	0.2696184	False
1189	2.7308021798416604	0.25824378182614416	0.09456700442546075	MIR3154	0.2696184	False
1190	2.7308021798416604	0.25824378182614416	0.09456700442546075	GOLGA2	0.2696184	False
1191	2.7308021798416604	0.25824378182614416	0.09456700442546075	SWI5	0.2696184	False
1192	2.7308021798416604	0.25824378182614416	0.09456700442546075	TRUB2	0.2696184	False
1193	2.7308021798416604	0.25824378182614416	0.09456700442546075	COQ4	0.2696184	False
1194	2.7308021798416604	0.25824378182614416	0.09456700442546075	SLC27A4	0.2696184	False
1195	2.7308021798416604	0.25824378182614416	0.09456700442546075	URM1	0.2696184	False
1196	2.7308021798416604	0.25824378182614416	0.09456700442546075	MIR219A2	0.2696184	False
1197	2.7308021798416604	0.25824378182614416	0.09456700442546075	CERCAM	0.2696184	False
1198	2.7308021798416604	0.25824378182614416	0.09456700442546075	ODF2	0.2696184	False
1199	2.7308021798416604	0.25824378182614416	0.09456700442546075	GLE1	0.2696184	False
1200	2.7308021798416604	0.25824378182614416	0.09456700442546075	SPTAN1	0.2696184	False
1201	2.7308021798416604	0.25824378182614416	0.09456700442546075	WDR34	0.2696184	False
1202	2.7308021798416604	0.25824378182614416	0.09456700442546075	SET	0.2696184	False
1203	2.7308021798416604	0.25824378182614416	0.09456700442546075	PKN3	0.2696184	False
1204	2.7308021798416604	0.25824378182614416	0.09456700442546075	ZDHHC12	0.2696184	False
1205	2.7308021798416604	0.25824378182614416	0.09456700442546075	LOC100506100	0.2696184	False
1206	2.7308021798416604	0.25824378182614416	0.09456700442546075	ZER1	0.2696184	False
1207	2.7308021798416604	0.25824378182614416	0.09456700442546075	TBC1D13	0.2696184	False
1208	2.7308021798416604	0.25824378182614416	0.09456700442546075	ENDOG	0.2696184	False
1209	2.7308021798416604	0.25824378182614416	0.09456700442546075	SPOUT1	0.2696184	False
1210	2.7308021798416604	0.25824378182614416	0.09456700442546075	KYAT1	0.2696184	False
1211	2.7961102991076063	0.3785252991399404	0.13537566785571684	DPP7	0.26961908	False
1212	2.7961102991076063	0.3785252991399404	0.13537566785571684	GRIN1	0.26961908	False
1213	2.7961102991076063	0.3785252991399404	0.13537566785571684	LRRC26	0.26961908	False
1214	2.7961102991076063	0.3785252991399404	0.13537566785571684	MIR3621	0.26961908	False
1215	2.7961102991076063	0.3785252991399404	0.13537566785571684	TMEM210	0.26961908	False
1216	2.7961102991076063	0.3785252991399404	0.13537566785571684	ANAPC2	0.26961908	False
1217	2.7961102991076063	0.3785252991399404	0.13537566785571684	SSNA1	0.26961908	False
1218	2.7961102991076063	0.3785252991399404	0.13537566785571684	TPRN	0.26961908	False
1219	2.7961102991076063	0.3785252991399404	0.13537566785571684	TMEM203	0.26961908	False
1220	2.7961102991076063	0.3785252991399404	0.13537566785571684	NDOR1	0.26961908	False
1221	2.7961102991076063	0.3785252991399404	0.13537566785571684	RNF208	0.26961908	False
1222	2.7961102991076063	0.3785252991399404	0.13537566785571684	CYSRT1	0.26961908	False
1223	2.7961102991076063	0.3785252991399404	0.13537566785571684	RNF224	0.26961908	False
1224	2.7961102991076063	0.3785252991399404	0.13537566785571684	SLC34A3	0.26961908	False
1225	2.7961102991076063	0.3785252991399404	0.13537566785571684	TUBB4B	0.26961908	False
1226	2.7961102991076063	0.3785252991399404	0.13537566785571684	FAM166A	0.26961908	False
1227	2.7961102991076063	0.3785252991399404	0.13537566785571684	STPG3-AS1	0.26961908	False
1228	2.7961102991076063	0.3785252991399404	0.13537566785571684	STPG3	0.26961908	False
1229	2.7961102991076063	0.3785252991399404	0.13537566785571684	NELFB	0.26961908	False
1230	2.7961102991076063	0.3785252991399404	0.13537566785571684	TOR4A	0.26961908	False
1231	2.7961102991076063	0.3785252991399404	0.13537566785571684	NRARP	0.26961908	False
1232	2.7961102991076063	0.3785252991399404	0.13537566785571684	EXD3	0.26961908	False
1233	2.7961102991076063	0.3785252991399404	0.13537566785571684	NOXA1	0.26961908	False
1234	2.7961102991076063	0.3785252991399404	0.13537566785571684	ENTPD8	0.26961908	False
1235	2.7961102991076063	0.3785252991399404	0.13537566785571684	NSMF	0.26961908	False
1236	2.7961102991076063	0.3785252991399404	0.13537566785571684	MIR7114	0.26961908	False
1237	2.7961102991076063	0.3785252991399404	0.13537566785571684	PNPLA7	0.26961908	False
1238	2.7961102991076063	0.3785252991399404	0.13537566785571684	MRPL41	0.26961908	False
1239	2.7961102991076063	0.3785252991399404	0.13537566785571684	DPH7	0.26961908	False
1240	2.7961102991076063	0.3785252991399404	0.13537566785571684	ZMYND19	0.26961908	False
1241	2.7961102991076063	0.3785252991399404	0.13537566785571684	ARRDC1	0.26961908	False
1242	2.7961102991076063	0.3785252991399404	0.13537566785571684	ARRDC1-AS1	0.26961908	False
1243	2.7961102991076063	0.3785252991399404	0.13537566785571684	EHMT1	0.26961908	False
1244	2.7961102991076063	0.3785252991399404	0.13537566785571684	MIR602	0.26961908	False
1245	2.7961102991076063	0.3785252991399404	0.13537566785571684	LOC100133077	0.26961908	False
1246	2.7961102991076063	0.3785252991399404	0.13537566785571684	CACNA1B	0.26961908	False
1247	2.8572432845655764	0.42024202495243124	0.14707953894669004	NUDT13	0.26961935	False
1248	2.8572432845655764	0.42024202495243124	0.14707953894669004	ECD	0.26961935	False
1249	2.8572432845655764	0.42024202495243124	0.14707953894669004	FAM149B1	0.26961935	False
1250	2.8572432845655764	0.42024202495243124	0.14707953894669004	DNAJC9	0.26961935	False
1251	2.8572432845655764	0.42024202495243124	0.14707953894669004	DNAJC9-AS1	0.26961935	False
1252	2.8572432845655764	0.42024202495243124	0.14707953894669004	MRPS16	0.26961935	False
1253	2.8572432845655764	0.42024202495243124	0.14707953894669004	CFAP70	0.26961935	False
1254	2.8572432845655764	0.42024202495243124	0.14707953894669004	ANXA7	0.26961935	False
1255	2.8572432845655764	0.42024202495243124	0.14707953894669004	MSS51	0.26961935	False
1256	2.8572432845655764	0.42024202495243124	0.14707953894669004	PPP3CB	0.26961935	False
1257	2.8572432845655764	0.42024202495243124	0.14707953894669004	PPP3CB-AS1	0.26961935	False
1258	2.8572432845655764	0.42024202495243124	0.14707953894669004	USP54	0.26961935	False
1259	2.8572432845655764	0.42024202495243124	0.14707953894669004	MYOZ1	0.26961935	False
1260	2.8572432845655764	0.42024202495243124	0.14707953894669004	SYNPO2L	0.26961935	False
1261	2.8572432845655764	0.42024202495243124	0.14707953894669004	AGAP5	0.26961935	False
1262	2.8572432845655764	0.42024202495243124	0.14707953894669004	BMS1P4	0.26961935	False
1263	2.8572432845655764	0.42024202495243124	0.14707953894669004	SEC24C	0.26961935	False
1264	2.8572432845655764	0.42024202495243124	0.14707953894669004	FUT11	0.26961935	False
1265	2.8572432845655764	0.42024202495243124	0.14707953894669004	CHCHD1	0.26961935	False
1266	2.8572432845655764	0.42024202495243124	0.14707953894669004	ZSWIM8	0.26961935	False
1267	2.8572432845655764	0.42024202495243124	0.14707953894669004	ZSWIM8-AS1	0.26961935	False
1268	2.8572432845655764	0.42024202495243124	0.14707953894669004	NDST2	0.26961935	False
1269	2.8572432845655764	0.42024202495243124	0.14707953894669004	CAMK2G	0.26961935	False
1270	2.761927807904724	0.29623542801663644	0.10725675999524728	INCENP	0.26961857	False
1271	2.761927807904724	0.29623542801663644	0.10725675999524728	SCGB1D1	0.26961857	False
1272	2.761927807904724	0.29623542801663644	0.10725675999524728	SCGB2A1	0.26961857	False
1273	2.761927807904724	0.29623542801663644	0.10725675999524728	SCGB1D2	0.26961857	False
1274	2.761927807904724	0.29623542801663644	0.10725675999524728	SCGB2A2	0.26961857	False
1275	2.761927807904724	0.29623542801663644	0.10725675999524728	SCGB1D4	0.26961857	False
1276	2.761927807904724	0.29623542801663644	0.10725675999524728	ASRGL1	0.26961857	False
1277	2.761927807904724	0.29623542801663644	0.10725675999524728	SCGB1A1	0.26961857	False
1278	2.761927807904724	0.29623542801663644	0.10725675999524728	AHNAK	0.26961857	False
1279	2.761927807904724	0.29623542801663644	0.10725675999524728	EEF1G	0.26961857	False
1280	2.761927807904724	0.29623542801663644	0.10725675999524728	MIR6747	0.26961857	False
1281	2.761927807904724	0.29623542801663644	0.10725675999524728	TUT1	0.26961857	False
1282	2.761927807904724	0.29623542801663644	0.10725675999524728	MTA2	0.26961857	False
1283	2.761927807904724	0.29623542801663644	0.10725675999524728	EML3	0.26961857	False
1284	2.761927807904724	0.29623542801663644	0.10725675999524728	ROM1	0.26961857	False
1285	2.761927807904724	0.29623542801663644	0.10725675999524728	B3GAT3	0.26961857	False
1286	2.761927807904724	0.29623542801663644	0.10725675999524728	GANAB	0.26961857	False
1287	2.761927807904724	0.29623542801663644	0.10725675999524728	INTS5	0.26961857	False
1288	2.761927807904724	0.29623542801663644	0.10725675999524728	C11orf98	0.26961857	False
1289	2.761927807904724	0.29623542801663644	0.10725675999524728	LBHD1	0.26961857	False
1290	2.761927807904724	0.29623542801663644	0.10725675999524728	CSKMT	0.26961857	False
1291	2.761927807904724	0.29623542801663644	0.10725675999524728	SNORA57	0.26961857	False
1292	2.761927807904724	0.29623542801663644	0.10725675999524728	UQCC3	0.26961857	False
1293	2.761927807904724	0.29623542801663644	0.10725675999524728	UBXN1	0.26961857	False
1294	2.761927807904724	0.29623542801663644	0.10725675999524728	LRRN4CL	0.26961857	False
1295	2.761927807904724	0.29623542801663644	0.10725675999524728	BSCL2	0.26961857	False
1296	2.761927807904724	0.29623542801663644	0.10725675999524728	HNRNPUL2-BSCL2	0.26961857	False
1297	2.761927807904724	0.29623542801663644	0.10725675999524728	GNG3	0.26961857	False
1298	2.761927807904724	0.29623542801663644	0.10725675999524728	HNRNPUL2	0.26961857	False
1299	2.761927807904724	0.29623542801663644	0.10725675999524728	TTC9C	0.26961857	False
1300	2.761927807904724	0.29623542801663644	0.10725675999524728	ZBTB3	0.26961857	False
1301	2.761927807904724	0.29623542801663644	0.10725675999524728	POLR2G	0.26961857	False
1302	2.761927807904724	0.29623542801663644	0.10725675999524728	TAF6L	0.26961857	False
1303	2.761927807904724	0.29623542801663644	0.10725675999524728	TMEM223	0.26961857	False
1304	2.761927807904724	0.29623542801663644	0.10725675999524728	TMEM179B	0.26961857	False
1305	2.761927807904724	0.29623542801663644	0.10725675999524728	MIR6748	0.26961857	False
1306	2.761927807904724	0.29623542801663644	0.10725675999524728	NXF1	0.26961857	False
1307	2.761927807904724	0.29623542801663644	0.10725675999524728	MIR6514	0.26961857	False
1308	2.761927807904724	0.29623542801663644	0.10725675999524728	STX5	0.26961857	False
1309	2.761927807904724	0.29623542801663644	0.10725675999524728	LOC105369332	0.26961857	False
1310	2.761927807904724	0.29623542801663644	0.10725675999524728	WDR74	0.26961857	False
1311	2.761927807904724	0.29623542801663644	0.10725675999524728	SNHG1	0.26961857	False
1312	2.761927807904724	0.29623542801663644	0.10725675999524728	SNORD22	0.26961857	False
1313	2.761927807904724	0.29623542801663644	0.10725675999524728	SNORD30	0.26961857	False
1314	2.761927807904724	0.29623542801663644	0.10725675999524728	SNORD28	0.26961857	False
1315	2.761927807904724	0.29623542801663644	0.10725675999524728	SNORD27	0.26961857	False
1316	2.761927807904724	0.29623542801663644	0.10725675999524728	SNORD26	0.26961857	False
1317	2.761927807904724	0.29623542801663644	0.10725675999524728	SNORD25	0.26961857	False
1318	2.761927807904724	0.29623542801663644	0.10725675999524728	SLC3A2	0.26961857	False
1319	2.840078423974977	0.27921298895580915	0.0983117179436976	CHRM1	0.26961863	False
1320	2.840078423974977	0.27921298895580915	0.0983117179436976	SLC22A6	0.26961863	False
1321	2.840078423974977	0.27921298895580915	0.0983117179436976	SLC22A8	0.26961863	False
1322	2.840078423974977	0.27921298895580915	0.0983117179436976	SLC22A24	0.26961863	False
1323	2.938953781843341	0.3198812877586527	0.10884189119776494	SLC22A10	0.2696189	False
1324	2.938953781843341	0.3198812877586527	0.10884189119776494	SLC22A25	0.2696189	False
1325	2.938953781843341	0.3198812877586527	0.10884189119776494	SLC22A9	0.2696189	False
1326	2.938953781843341	0.3198812877586527	0.10884189119776494	HRASLS5	0.2696189	False
1327	2.938953781843341	0.3198812877586527	0.10884189119776494	LGALS12	0.2696189	False
1328	2.938953781843341	0.3198812877586527	0.10884189119776494	RARRES3	0.2696189	False
1329	2.938953781843341	0.3198812877586527	0.10884189119776494	HRASLS2	0.2696189	False
1330	2.938953781843341	0.3198812877586527	0.10884189119776494	PLA2G16	0.2696189	False
1331	2.938953781843341	0.3198812877586527	0.10884189119776494	ATL3	0.2696189	False
1332	2.938953781843341	0.3198812877586527	0.10884189119776494	RTN3	0.2696189	False
1333	2.938953781843341	0.3198812877586527	0.10884189119776494	C11orf95	0.2696189	False
1334	2.938953781843341	0.3198812877586527	0.10884189119776494	SPINDOC	0.2696189	False
1335	3.071358176665347	0.33828795911964304	0.11014279014729927	MARK2	0.26961917	False
1336	3.071358176665347	0.33828795911964304	0.11014279014729927	RCOR2	0.26961917	False
1337	3.071358176665347	0.33828795911964304	0.11014279014729927	NAA40	0.26961917	False
1338	3.071358176665347	0.33828795911964304	0.11014279014729927	COX8A	0.26961917	False
1339	3.071358176665347	0.33828795911964304	0.11014279014729927	OTUB1	0.26961917	False
1340	3.071358176665347	0.33828795911964304	0.11014279014729927	MACROD1	0.26961917	False
1341	3.2495766269530293	0.44769814622713483	0.13777122303065054	FLRT1	0.2696201	False
1342	3.2495766269530293	0.44769814622713483	0.13777122303065054	STIP1	0.2696201	False
1343	3.2495766269530293	0.44769814622713483	0.13777122303065054	FERMT3	0.2696201	False
1344	3.2495766269530293	0.44769814622713483	0.13777122303065054	TRPT1	0.2696201	False
1345	3.2495766269530293	0.44769814622713483	0.13777122303065054	NUDT22	0.2696201	False
1346	3.2495766269530293	0.44769814622713483	0.13777122303065054	DNAJC4	0.2696201	False
1347	3.2495766269530293	0.44769814622713483	0.13777122303065054	VEGFB	0.2696201	False
1348	3.2495766269530293	0.44769814622713483	0.13777122303065054	FKBP2	0.2696201	False
1349	3.2495766269530293	0.44769814622713483	0.13777122303065054	PPP1R14B	0.2696201	False
1350	3.2495766269530293	0.44769814622713483	0.13777122303065054	LOC105369340	0.2696201	False
1351	3.2495766269530293	0.44769814622713483	0.13777122303065054	PLCB3	0.2696201	False
1352	3.2495766269530293	0.44769814622713483	0.13777122303065054	BAD	0.2696201	False
1353	3.2495766269530293	0.44769814622713483	0.13777122303065054	GPR137	0.2696201	False
1354	3.2495766269530293	0.44769814622713483	0.13777122303065054	KCNK4	0.2696201	False
1355	3.2495766269530293	0.44769814622713483	0.13777122303065054	KCNK4-TEX40	0.2696201	False
1356	3.2495766269530293	0.44769814622713483	0.13777122303065054	CATSPERZ	0.2696201	False
1357	3.2495766269530293	0.44769814622713483	0.13777122303065054	ESRRA	0.2696201	False
1358	3.2495766269530293	0.44769814622713483	0.13777122303065054	TRMT112	0.2696201	False
1359	3.2495766269530293	0.44769814622713483	0.13777122303065054	PRDX5	0.2696201	False
1360	3.2495766269530293	0.44769814622713483	0.13777122303065054	CCDC88B	0.2696201	False
1361	3.2495766269530293	0.44769814622713483	0.13777122303065054	MIR7155	0.2696201	False
1362	3.2495766269530293	0.44769814622713483	0.13777122303065054	RPS6KA4	0.2696201	False
1363	3.2495766269530293	0.44769814622713483	0.13777122303065054	MIR1237	0.2696201	False
1364	3.2495766269530293	0.44769814622713483	0.13777122303065054	LOC100996455	0.2696201	False
1365	3.2495766269530293	0.44769814622713483	0.13777122303065054	SLC22A11	0.2696201	False
1366	3.2495766269530293	0.44769814622713483	0.13777122303065054	SLC22A12	0.2696201	False
1367	3.2495766269530293	0.44769814622713483	0.13777122303065054	NRXN2	0.2696201	False
1368	3.2495766269530293	0.44769814622713483	0.13777122303065054	RASGRP2	0.2696201	False
1369	3.2495766269530293	0.44769814622713483	0.13777122303065054	PYGM	0.2696201	False
1370	3.2495766269530293	0.44769814622713483	0.13777122303065054	SF1	0.2696201	False
1371	3.2495766269530293	0.44769814622713483	0.13777122303065054	MAP4K2	0.2696201	False
1372	3.2495766269530293	0.44769814622713483	0.13777122303065054	MEN1	0.2696201	False
1373	3.2495766269530293	0.44769814622713483	0.13777122303065054	CDC42BPG	0.2696201	False
1374	3.2495766269530293	0.44769814622713483	0.13777122303065054	EHD1	0.2696201	False
1375	3.2495766269530293	0.44769814622713483	0.13777122303065054	MIR194-2HG	0.2696201	False
1376	3.2495766269530293	0.44769814622713483	0.13777122303065054	MIR192	0.2696201	False
1377	3.2495766269530293	0.44769814622713483	0.13777122303065054	MIR194-2	0.2696201	False
1378	3.2850840136185733	0.4228158321712125	0.12870776833054995	ATG2A	0.26962006	False
1379	3.2495766269530293	0.44769814622713483	0.13777122303065054	MIR6750	0.2696201	False
1380	3.2850840136185733	0.4228158321712125	0.12870776833054995	MIR6749	0.26962006	False
1381	3.2850840136185733	0.4228158321712125	0.12870776833054995	PPP2R5B	0.26962006	False
1382	3.2850840136185733	0.4228158321712125	0.12870776833054995	GPHA2	0.26962006	False
1383	3.2850840136185733	0.4228158321712125	0.12870776833054995	MAJIN	0.26962006	False
1384	3.2850840136185733	0.4228158321712125	0.12870776833054995	BATF2	0.26962006	False
1385	3.2850840136185733	0.4228158321712125	0.12870776833054995	ARL2	0.26962006	False
1386	3.2850840136185733	0.4228158321712125	0.12870776833054995	ARL2-SNX15	0.26962006	False
1387	3.2850840136185733	0.4228158321712125	0.12870776833054995	MIR6879	0.26962006	False
1388	3.2850840136185733	0.4228158321712125	0.12870776833054995	SNX15	0.26962006	False
1389	3.2850840136185733	0.4228158321712125	0.12870776833054995	SAC3D1	0.26962006	False
1390	3.2850840136185733	0.4228158321712125	0.12870776833054995	NAALADL1	0.26962006	False
1391	3.2850840136185733	0.4228158321712125	0.12870776833054995	CDCA5	0.26962006	False
1392	3.2850840136185733	0.4228158321712125	0.12870776833054995	ZFPL1	0.26962006	False
1393	3.2850840136185733	0.4228158321712125	0.12870776833054995	TMEM262	0.26962006	False
1394	3.2850840136185733	0.4228158321712125	0.12870776833054995	VPS51	0.26962006	False
1395	3.4357526508690803	0.5213566914649056	0.15174453589754996	TM7SF2	0.26962098	False
1396	3.4357526508690803	0.5213566914649056	0.15174453589754996	ZNHIT2	0.26962098	False
1397	3.4357526508690803	0.5213566914649056	0.15174453589754996	FAU	0.26962098	False
1398	3.4357526508690803	0.5213566914649056	0.15174453589754996	SYVN1	0.26962098	False
1399	3.4357526508690803	0.5213566914649056	0.15174453589754996	MRPL49	0.26962098	False
1400	3.4357526508690803	0.5213566914649056	0.15174453589754996	MIR6751	0.26962098	False
1401	3.4357526508690803	0.5213566914649056	0.15174453589754996	SPDYC	0.26962098	False
1402	3.4357526508690803	0.5213566914649056	0.15174453589754996	CAPN1	0.26962098	False
1403	3.4357526508690803	0.5213566914649056	0.15174453589754996	POLA2	0.26962098	False
1404	3.4357526508690803	0.5213566914649056	0.15174453589754996	CDC42EP2	0.26962098	False
1405	3.4357526508690803	0.5213566914649056	0.15174453589754996	DPF2	0.26962098	False
1406	3.4357526508690803	0.5213566914649056	0.15174453589754996	TIGD3	0.26962098	False
1407	3.4357526508690803	0.5213566914649056	0.15174453589754996	SLC25A45	0.26962098	False
1408	3.4357526508690803	0.5213566914649056	0.15174453589754996	FRMD8	0.26962098	False
1409	3.4357526508690803	0.5213566914649056	0.15174453589754996	NEAT1	0.26962098	False
1410	3.4357526508690803	0.5213566914649056	0.15174453589754996	MIR612	0.26962098	False
1411	3.4357526508690803	0.5213566914649056	0.15174453589754996	MALAT1	0.26962098	False
1412	3.4357526508690803	0.5213566914649056	0.15174453589754996	SCYL1	0.26962098	False
1413	3.4357526508690803	0.5213566914649056	0.15174453589754996	LTBP3	0.26962098	False
1414	3.4357526508690803	0.5213566914649056	0.15174453589754996	SSSCA1-AS1	0.26962098	False
1415	3.4357526508690803	0.5213566914649056	0.15174453589754996	SSSCA1	0.26962098	False
1416	3.4357526508690803	0.5213566914649056	0.15174453589754996	FAM89B	0.26962098	False
1417	3.4357526508690803	0.5213566914649056	0.15174453589754996	EHBP1L1	0.26962098	False
1418	3.4357526508690803	0.5213566914649056	0.15174453589754996	SIPA1	0.26962098	False
1419	3.4357526508690803	0.5213566914649056	0.15174453589754996	KCNK7	0.26962098	False
1420	3.4357526508690803	0.5213566914649056	0.15174453589754996	MAP3K11	0.26962098	False
1421	3.4357526508690803	0.5213566914649056	0.15174453589754996	PCNX3	0.26962098	False
1422	3.4357526508690803	0.5213566914649056	0.15174453589754996	MIR4690	0.26962098	False
1423	3.4357526508690803	0.5213566914649056	0.15174453589754996	MIR4489	0.26962098	False
1424	3.4357526508690803	0.5213566914649056	0.15174453589754996	RELA	0.26962098	False
1425	3.4357526508690803	0.5213566914649056	0.15174453589754996	KAT5	0.26962098	False
1426	3.4357526508690803	0.5213566914649056	0.15174453589754996	RNASEH2C	0.26962098	False
1427	3.4357526508690803	0.5213566914649056	0.15174453589754996	AP5B1	0.26962098	False
1428	3.4357526508690803	0.5213566914649056	0.15174453589754996	OVOL1	0.26962098	False
1429	3.4357526508690803	0.5213566914649056	0.15174453589754996	OVOL1-AS1	0.26962098	False
1430	3.4357526508690803	0.5213566914649056	0.15174453589754996	CFL1	0.26962098	False
1431	3.4357526508690803	0.5213566914649056	0.15174453589754996	SNX32	0.26962098	False
1432	3.4357526508690803	0.5213566914649056	0.15174453589754996	MUS81	0.26962098	False
1433	3.4357526508690803	0.5213566914649056	0.15174453589754996	EFEMP2	0.26962098	False
1434	3.4357526508690803	0.5213566914649056	0.15174453589754996	CTSW	0.26962098	False
1435	3.4357526508690803	0.5213566914649056	0.15174453589754996	FIBP	0.26962098	False
1436	3.4357526508690803	0.5213566914649056	0.15174453589754996	CCDC85B	0.26962098	False
1437	3.2225464546458484	0.38831131721347845	0.1204982837884809	FOSL1	0.26961967	False
1438	3.2225464546458484	0.38831131721347845	0.1204982837884809	C11orf68	0.26961967	False
1439	3.2225464546458484	0.38831131721347845	0.1204982837884809	DRAP1	0.26961967	False
1440	3.2225464546458484	0.38831131721347845	0.1204982837884809	TSGA10IP	0.26961967	False
1441	3.2225464546458484	0.38831131721347845	0.1204982837884809	SART1	0.26961967	False
1442	3.2225464546458484	0.38831131721347845	0.1204982837884809	EIF1AD	0.26961967	False
1443	3.2225464546458484	0.38831131721347845	0.1204982837884809	BANF1	0.26961967	False
1444	3.2225464546458484	0.38831131721347845	0.1204982837884809	CST6	0.26961967	False
1445	3.2225464546458484	0.38831131721347845	0.1204982837884809	CATSPER1	0.26961967	False
1446	3.2225464546458484	0.38831131721347845	0.1204982837884809	GAL3ST3	0.26961967	False
1447	3.2225464546458484	0.38831131721347845	0.1204982837884809	SF3B2	0.26961967	False
1448	3.2225464546458484	0.38831131721347845	0.1204982837884809	PACS1	0.26961967	False
1449	3.2142679799754825	0.41226092089371214	0.12825966081921295	KLC2	0.26961973	False
1450	3.2142679799754825	0.41226092089371214	0.12825966081921295	RAB1B	0.26961973	False
1451	3.2142679799754825	0.41226092089371214	0.12825966081921295	CNIH2	0.26961973	False
1452	3.2142679799754825	0.41226092089371214	0.12825966081921295	YIF1A	0.26961973	False
1453	3.2142679799754825	0.41226092089371214	0.12825966081921295	TMEM151A	0.26961973	False
1454	3.2142679799754825	0.41226092089371214	0.12825966081921295	CD248	0.26961973	False
1455	3.2142679799754825	0.41226092089371214	0.12825966081921295	RIN1	0.26961973	False
1456	3.2142679799754825	0.41226092089371214	0.12825966081921295	BRMS1	0.26961973	False
1457	3.2142679799754825	0.41226092089371214	0.12825966081921295	B4GAT1	0.26961973	False
1458	3.2142679799754825	0.41226092089371214	0.12825966081921295	SLC29A2	0.26961973	False
1459	3.2142679799754825	0.41226092089371214	0.12825966081921295	NPAS4	0.26961973	False
1460	3.2142679799754825	0.41226092089371214	0.12825966081921295	MRPL11	0.26961973	False
1461	3.2142679799754825	0.41226092089371214	0.12825966081921295	PELI3	0.26961973	False
1462	3.2142679799754825	0.41226092089371214	0.12825966081921295	LOC101928069	0.26961973	False
1463	3.2142679799754825	0.41226092089371214	0.12825966081921295	DPP3	0.26961973	False
1464	3.2142679799754825	0.41226092089371214	0.12825966081921295	BBS1	0.26961973	False
1465	3.2142679799754825	0.41226092089371214	0.12825966081921295	ZDHHC24	0.26961973	False
1466	3.2142679799754825	0.41226092089371214	0.12825966081921295	ACTN3	0.26961973	False
1467	3.2142679799754825	0.41226092089371214	0.12825966081921295	CTSF	0.26961973	False
1468	3.2142679799754825	0.41226092089371214	0.12825966081921295	CCDC87	0.26961973	False
1469	3.2142679799754825	0.41226092089371214	0.12825966081921295	CCS	0.26961973	False
1470	3.2142679799754825	0.41226092089371214	0.12825966081921295	RBM14	0.26961973	False
1471	3.2142679799754825	0.41226092089371214	0.12825966081921295	RBM14-RBM4	0.26961973	False
1472	3.2142679799754825	0.41226092089371214	0.12825966081921295	RBM4	0.26961973	False
1473	3.2142679799754825	0.41226092089371214	0.12825966081921295	RBM4B	0.26961973	False
1474	3.2142679799754825	0.41226092089371214	0.12825966081921295	SPTBN2	0.26961973	False
1475	3.2142679799754825	0.41226092089371214	0.12825966081921295	C11orf80	0.26961973	False
1476	3.2142679799754825	0.41226092089371214	0.12825966081921295	RCE1	0.26961973	False
1477	2.969343606692966	0.29281329546239965	0.09861212922694161	PC	0.26961875	False
1478	3.2142679799754825	0.41226092089371214	0.12825966081921295	LRFN4	0.26961973	False
1479	2.969343606692966	0.29281329546239965	0.09861212922694161	MIR3163	0.26961875	False
1480	2.969343606692966	0.29281329546239965	0.09861212922694161	C11orf86	0.26961875	False
1481	2.969343606692966	0.29281329546239965	0.09861212922694161	SYT12	0.26961875	False
1482	2.969343606692966	0.29281329546239965	0.09861212922694161	RHOD	0.26961875	False
1483	2.8169874623986493	0.2726625572806822	0.09679225091350302	KDM2A	0.26961854	False
1484	2.8169874623986493	0.2726625572806822	0.09679225091350302	GRK2	0.26961854	False
1485	2.8169874623986493	0.2726625572806822	0.09679225091350302	ANKRD13D	0.26961854	False
1486	2.8169874623986493	0.2726625572806822	0.09679225091350302	SSH3	0.26961854	False
1487	2.8169874623986493	0.2726625572806822	0.09679225091350302	LOC100130987	0.26961854	False
1488	2.8169874623986493	0.2726625572806822	0.09679225091350302	POLD4	0.26961854	False
1489	2.8169874623986493	0.2726625572806822	0.09679225091350302	CLCF1	0.26961854	False
1490	2.8169874623986493	0.2726625572806822	0.09679225091350302	RAD9A	0.26961854	False
1491	2.8169874623986493	0.2726625572806822	0.09679225091350302	PPP1CA	0.26961854	False
1492	2.8169874623986493	0.2726625572806822	0.09679225091350302	TBC1D10C	0.26961854	False
1493	2.8169874623986493	0.2726625572806822	0.09679225091350302	CARNS1	0.26961854	False
1494	2.8169874623986493	0.2726625572806822	0.09679225091350302	RPS6KB2	0.26961854	False
1495	2.8169874623986493	0.2726625572806822	0.09679225091350302	PTPRCAP	0.26961854	False
1496	2.8169874623986493	0.2726625572806822	0.09679225091350302	CORO1B	0.26961854	False
1497	2.8169874623986493	0.2726625572806822	0.09679225091350302	GPR152	0.26961854	False
1498	2.8169874623986493	0.2726625572806822	0.09679225091350302	CABP4	0.26961854	False
1499	2.8169874623986493	0.2726625572806822	0.09679225091350302	TMEM134	0.26961854	False
1500	2.8169874623986493	0.2726625572806822	0.09679225091350302	AIP	0.26961854	False
1501	2.8169874623986493	0.2726625572806822	0.09679225091350302	MIR6752	0.26961854	False
1502	2.8169874623986493	0.2726625572806822	0.09679225091350302	PITPNM1	0.26961854	False
1503	2.8169874623986493	0.2726625572806822	0.09679225091350302	CDK2AP2	0.26961854	False
1504	2.8169874623986493	0.2726625572806822	0.09679225091350302	CABP2	0.26961854	False
1505	2.8169874623986493	0.2726625572806822	0.09679225091350302	GSTP1	0.26961854	False
1506	2.8169874623986493	0.2726625572806822	0.09679225091350302	C11orf72	0.26961854	False
1507	2.8169874623986493	0.2726625572806822	0.09679225091350302	NDUFV1	0.26961854	False
1508	2.8169874623986493	0.2726625572806822	0.09679225091350302	NUDT8	0.26961854	False
1509	2.8169874623986493	0.2726625572806822	0.09679225091350302	TBX10	0.26961854	False
1510	2.8169874623986493	0.2726625572806822	0.09679225091350302	ACY3	0.26961854	False
1511	2.8169874623986493	0.2726625572806822	0.09679225091350302	ALDH3B2	0.26961854	False
1512	2.8169874623986493	0.2726625572806822	0.09679225091350302	UNC93B1	0.26961854	False
1513	2.8169874623986493	0.2726625572806822	0.09679225091350302	ALDH3B1	0.26961854	False
1514	2.8169874623986493	0.2726625572806822	0.09679225091350302	NDUFS8	0.26961854	False
1515	2.8169874623986493	0.2726625572806822	0.09679225091350302	MIR7113	0.26961854	False
1516	2.8169874623986493	0.2726625572806822	0.09679225091350302	MIR4691	0.26961854	False
1517	2.8169874623986493	0.2726625572806822	0.09679225091350302	TCIRG1	0.26961854	False
1518	2.8169874623986493	0.2726625572806822	0.09679225091350302	MIR6753	0.26961854	False
1519	2.8169874623986493	0.2726625572806822	0.09679225091350302	CHKA	0.26961854	False
1520	2.839509047366261	0.3847971026426729	0.13551536417874244	CD9	0.26961914	False
1521	2.839509047366261	0.3847971026426729	0.13551536417874244	PLEKHG6	0.26961914	False
1522	2.839509047366261	0.3847971026426729	0.13551536417874244	TNFRSF1A	0.26961914	False
1523	2.839509047366261	0.3847971026426729	0.13551536417874244	SCNN1A	0.26961914	False
1524	2.839509047366261	0.3847971026426729	0.13551536417874244	LTBR	0.26961914	False
1525	2.839509047366261	0.3847971026426729	0.13551536417874244	CD27-AS1	0.26961914	False
1526	2.839509047366261	0.3847971026426729	0.13551536417874244	CD27	0.26961914	False
1527	2.839509047366261	0.3847971026426729	0.13551536417874244	TAPBPL	0.26961914	False
1528	2.839509047366261	0.3847971026426729	0.13551536417874244	VAMP1	0.26961914	False
1529	2.839509047366261	0.3847971026426729	0.13551536417874244	MRPL51	0.26961914	False
1530	2.839509047366261	0.3847971026426729	0.13551536417874244	NCAPD2	0.26961914	False
1531	2.839509047366261	0.3847971026426729	0.13551536417874244	SCARNA10	0.26961914	False
1532	2.839509047366261	0.3847971026426729	0.13551536417874244	GAPDH	0.26961914	False
1533	2.839509047366261	0.3847971026426729	0.13551536417874244	IFFO1	0.26961914	False
1534	2.839509047366261	0.3847971026426729	0.13551536417874244	NOP2	0.26961914	False
1535	2.839509047366261	0.3847971026426729	0.13551536417874244	CHD4	0.26961914	False
1536	2.839509047366261	0.3847971026426729	0.13551536417874244	SCARNA11	0.26961914	False
1537	2.839509047366261	0.3847971026426729	0.13551536417874244	LPAR5	0.26961914	False
1538	2.839509047366261	0.3847971026426729	0.13551536417874244	ACRBP	0.26961914	False
1539	2.839509047366261	0.3847971026426729	0.13551536417874244	ING4	0.26961914	False
1540	2.839509047366261	0.3847971026426729	0.13551536417874244	ZNF384	0.26961914	False
1541	2.839509047366261	0.3847971026426729	0.13551536417874244	PIANP	0.26961914	False
1542	2.839509047366261	0.3847971026426729	0.13551536417874244	COPS7A	0.26961914	False
1543	2.839509047366261	0.3847971026426729	0.13551536417874244	MLF2	0.26961914	False
1544	2.839509047366261	0.3847971026426729	0.13551536417874244	PTMS	0.26961914	False
1545	2.839509047366261	0.3847971026426729	0.13551536417874244	LAG3	0.26961914	False
1546	2.839509047366261	0.3847971026426729	0.13551536417874244	CD4	0.26961914	False
1547	2.839509047366261	0.3847971026426729	0.13551536417874244	GPR162	0.26961914	False
1548	2.839509047366261	0.3847971026426729	0.13551536417874244	P3H3	0.26961914	False
1549	2.839509047366261	0.3847971026426729	0.13551536417874244	GNB3	0.26961914	False
1550	2.839509047366261	0.3847971026426729	0.13551536417874244	CDCA3	0.26961914	False
1551	2.839509047366261	0.3847971026426729	0.13551536417874244	USP5	0.26961914	False
1552	2.839509047366261	0.3847971026426729	0.13551536417874244	TPI1	0.26961914	False
1553	2.839509047366261	0.3847971026426729	0.13551536417874244	SPSB2	0.26961914	False
1554	2.839509047366261	0.3847971026426729	0.13551536417874244	LOC105369632	0.26961914	False
1555	2.8023693157267977	0.32799411095449466	0.11704171506367961	SOAT2	0.26961887	False
1556	2.8023693157267977	0.32799411095449466	0.11704171506367961	CSAD	0.26961887	False
1557	2.8023693157267977	0.32799411095449466	0.11704171506367961	ZNF740	0.26961887	False
1558	2.8023693157267977	0.32799411095449466	0.11704171506367961	ITGB7	0.26961887	False
1559	2.8023693157267977	0.32799411095449466	0.11704171506367961	RARG	0.26961887	False
1560	2.8023693157267977	0.32799411095449466	0.11704171506367961	MFSD5	0.26961887	False
1561	2.8023693157267977	0.32799411095449466	0.11704171506367961	ESPL1	0.26961887	False
1562	2.8023693157267977	0.32799411095449466	0.11704171506367961	PFDN5	0.26961887	False
1563	2.8023693157267977	0.32799411095449466	0.11704171506367961	C12orf10	0.26961887	False
1564	2.8023693157267977	0.32799411095449466	0.11704171506367961	AAAS	0.26961887	False
1565	2.8023693157267977	0.32799411095449466	0.11704171506367961	SP7	0.26961887	False
1566	2.8023693157267977	0.32799411095449466	0.11704171506367961	SP1	0.26961887	False
1567	2.8023693157267977	0.32799411095449466	0.11704171506367961	AMHR2	0.26961887	False
1568	2.8023693157267977	0.32799411095449466	0.11704171506367961	PRR13	0.26961887	False
1569	2.8023693157267977	0.32799411095449466	0.11704171506367961	PCBP2	0.26961887	False
1570	2.8023693157267977	0.32799411095449466	0.11704171506367961	PCBP2-OT1	0.26961887	False
1571	2.8023693157267977	0.32799411095449466	0.11704171506367961	MAP3K12	0.26961887	False
1572	2.8023693157267977	0.32799411095449466	0.11704171506367961	TARBP2	0.26961887	False
1573	2.8023693157267977	0.32799411095449466	0.11704171506367961	NPFF	0.26961887	False
1574	2.8023693157267977	0.32799411095449466	0.11704171506367961	ATF7	0.26961887	False
1575	2.8023693157267977	0.32799411095449466	0.11704171506367961	LOC100652999	0.26961887	False
1576	2.8023693157267977	0.32799411095449466	0.11704171506367961	ATP5MC2	0.26961887	False
1577	2.8023693157267977	0.32799411095449466	0.11704171506367961	CALCOCO1	0.26961887	False
1578	2.8023693157267977	0.32799411095449466	0.11704171506367961	CISTR	0.26961887	False
1579	2.837644506334124	0.30614988909934315	0.10788873955703841	HOXC13-AS	0.2696187	False
1580	2.837644506334124	0.30614988909934315	0.10788873955703841	HOXC13	0.2696187	False
1581	2.837644506334124	0.30614988909934315	0.10788873955703841	HOXC12	0.2696187	False
1582	2.837644506334124	0.30614988909934315	0.10788873955703841	HOTAIR	0.2696187	False
1583	2.837644506334124	0.30614988909934315	0.10788873955703841	HOXC11	0.2696187	False
1584	2.837644506334124	0.30614988909934315	0.10788873955703841	HOXC-AS3	0.2696187	False
1585	2.837644506334124	0.30614988909934315	0.10788873955703841	HOXC10	0.2696187	False
1586	2.837644506334124	0.30614988909934315	0.10788873955703841	HOXC5	0.2696187	False
1587	2.837644506334124	0.30614988909934315	0.10788873955703841	HOXC6	0.2696187	False
1588	2.837644506334124	0.30614988909934315	0.10788873955703841	MIR196A2	0.2696187	False
1589	2.837644506334124	0.30614988909934315	0.10788873955703841	HOXC9	0.2696187	False
1590	2.837644506334124	0.30614988909934315	0.10788873955703841	HOXC-AS2	0.2696187	False
1591	2.837644506334124	0.30614988909934315	0.10788873955703841	HOXC-AS1	0.2696187	False
1592	2.837644506334124	0.30614988909934315	0.10788873955703841	HOXC8	0.2696187	False
1593	2.837644506334124	0.30614988909934315	0.10788873955703841	HOXC4	0.2696187	False
1594	2.837644506334124	0.30614988909934315	0.10788873955703841	MIR615	0.2696187	False
1595	2.837644506334124	0.30614988909934315	0.10788873955703841	FLJ12825	0.2696187	False
1596	2.9309929522679647	0.38277304713379207	0.13059500768761903	SMUG1	0.2696192	False
1597	2.9309929522679647	0.38277304713379207	0.13059500768761903	LINC02381	0.2696192	False
1598	2.9309929522679647	0.38277304713379207	0.13059500768761903	CBX5	0.2696192	False
1599	2.9309929522679647	0.38277304713379207	0.13059500768761903	MIR3198-2	0.2696192	False
1600	2.9309929522679647	0.38277304713379207	0.13059500768761903	HNRNPA1	0.2696192	False
1601	2.9309929522679647	0.38277304713379207	0.13059500768761903	NFE2	0.2696192	False
1602	2.9309929522679647	0.38277304713379207	0.13059500768761903	COPZ1	0.2696192	False
1603	2.9309929522679647	0.38277304713379207	0.13059500768761903	MIR148B	0.2696192	False
1604	2.9309929522679647	0.38277304713379207	0.13059500768761903	LOC102724050	0.2696192	False
1605	2.9309929522679647	0.38277304713379207	0.13059500768761903	GPR84	0.2696192	False
1606	2.9309929522679647	0.38277304713379207	0.13059500768761903	ZNF385A	0.2696192	False
1607	2.9309929522679647	0.38277304713379207	0.13059500768761903	ITGA5	0.2696192	False
1608	2.9309929522679647	0.38277304713379207	0.13059500768761903	GTSF1	0.2696192	False
1609	2.9309929522679647	0.38277304713379207	0.13059500768761903	NCKAP1L	0.2696192	False
1610	2.9309929522679647	0.38277304713379207	0.13059500768761903	PDE1B	0.2696192	False
1611	2.9309929522679647	0.38277304713379207	0.13059500768761903	PPP1R1A	0.2696192	False
1612	2.9309929522679647	0.38277304713379207	0.13059500768761903	LACRT	0.2696192	False
1613	2.9309929522679647	0.38277304713379207	0.13059500768761903	DCD	0.2696192	False
1614	2.9309929522679647	0.38277304713379207	0.13059500768761903	MUCL1	0.2696192	False
1615	3.035881628927857	0.3828546501900347	0.12610987416042385	TESPA1	0.26961938	False
1616	3.035881628927857	0.3828546501900347	0.12610987416042385	NEUROD4	0.26961938	False
1617	3.222208937594861	0.5157530765472512	0.1600619595240222	OR9K2	0.26962045	False
1618	3.222208937594861	0.5157530765472512	0.1600619595240222	OR10A7	0.26962045	False
1619	3.222208937594861	0.5157530765472512	0.1600619595240222	OR6C74	0.26962045	False
1620	3.222208937594861	0.5157530765472512	0.1600619595240222	OR6C6	0.26962045	False
1621	3.222208937594861	0.5157530765472512	0.1600619595240222	OR6C1	0.26962045	False
1622	3.222208937594861	0.5157530765472512	0.1600619595240222	OR6C3	0.26962045	False
1623	3.222208937594861	0.5157530765472512	0.1600619595240222	OR6C75	0.26962045	False
1624	3.222208937594861	0.5157530765472512	0.1600619595240222	OR6C65	0.26962045	False
1625	3.222208937594861	0.5157530765472512	0.1600619595240222	OR6C76	0.26962045	False
1626	3.222208937594861	0.5157530765472512	0.1600619595240222	OR6C2	0.26962045	False
1627	3.222208937594861	0.5157530765472512	0.1600619595240222	OR6C70	0.26962045	False
1628	3.222208937594861	0.5157530765472512	0.1600619595240222	OR6C68	0.26962045	False
1629	3.222208937594861	0.5157530765472512	0.1600619595240222	OR6C4	0.26962045	False
1630	3.222208937594861	0.5157530765472512	0.1600619595240222	OR2AP1	0.26962045	False
1631	3.222208937594861	0.5157530765472512	0.1600619595240222	OR10P1	0.26962045	False
1632	3.222208937594861	0.5157530765472512	0.1600619595240222	METTL7B	0.26962045	False
1633	3.222208937594861	0.5157530765472512	0.1600619595240222	ITGA7	0.26962045	False
1634	3.222208937594861	0.5157530765472512	0.1600619595240222	BLOC1S1-RDH5	0.26962045	False
1635	3.222208937594861	0.5157530765472512	0.1600619595240222	BLOC1S1	0.26962045	False
1636	3.222208937594861	0.5157530765472512	0.1600619595240222	RDH5	0.26962045	False
1637	3.222208937594861	0.5157530765472512	0.1600619595240222	CD63	0.26962045	False
1638	3.222208937594861	0.5157530765472512	0.1600619595240222	GDF11	0.26962045	False
1639	3.222208937594861	0.5157530765472512	0.1600619595240222	SARNP	0.26962045	False
1640	3.222208937594861	0.5157530765472512	0.1600619595240222	DNAJC14	0.26962045	False
1641	3.222208937594861	0.5157530765472512	0.1600619595240222	ORMDL2	0.26962045	False
1642	3.222208937594861	0.5157530765472512	0.1600619595240222	MMP19	0.26962045	False
1643	3.2380911114442075	0.49563333116672253	0.1530634296901137	PYM1	0.26962036	False
1644	3.2380911114442075	0.49563333116672253	0.1530634296901137	DGKA	0.26962036	False
1645	3.2380911114442075	0.49563333116672253	0.1530634296901137	PMEL	0.26962036	False
1646	3.2380911114442075	0.49563333116672253	0.1530634296901137	CDK2	0.26962036	False
1647	3.2380911114442075	0.49563333116672253	0.1530634296901137	RAB5B	0.26962036	False
1648	3.2380911114442075	0.49563333116672253	0.1530634296901137	SUOX	0.26962036	False
1649	3.2380911114442075	0.49563333116672253	0.1530634296901137	IKZF4	0.26962036	False
1650	3.2380911114442075	0.49563333116672253	0.1530634296901137	RPS26	0.26962036	False
1651	3.2380911114442075	0.49563333116672253	0.1530634296901137	ERBB3	0.26962036	False
1652	3.3349176495394484	0.6152266303220346	0.18448030655479525	PA2G4	0.2696214	False
1653	3.3349176495394484	0.6152266303220346	0.18448030655479525	RPL41	0.2696214	False
1654	3.3349176495394484	0.6152266303220346	0.18448030655479525	ZC3H10	0.2696214	False
1655	3.3349176495394484	0.6152266303220346	0.18448030655479525	ESYT1	0.2696214	False
1656	3.3349176495394484	0.6152266303220346	0.18448030655479525	MYL6B	0.2696214	False
1657	3.3349176495394484	0.6152266303220346	0.18448030655479525	MYL6	0.2696214	False
1658	3.3349176495394484	0.6152266303220346	0.18448030655479525	SMARCC2	0.2696214	False
1659	3.3349176495394484	0.6152266303220346	0.18448030655479525	RNF41	0.2696214	False
1660	3.3349176495394484	0.6152266303220346	0.18448030655479525	NABP2	0.2696214	False
1661	3.3349176495394484	0.6152266303220346	0.18448030655479525	SLC39A5	0.2696214	False
1662	3.3349176495394484	0.6152266303220346	0.18448030655479525	ANKRD52	0.2696214	False
1663	3.3349176495394484	0.6152266303220346	0.18448030655479525	COQ10A	0.2696214	False
1664	3.3349176495394484	0.6152266303220346	0.18448030655479525	CS	0.2696214	False
1665	3.3349176495394484	0.6152266303220346	0.18448030655479525	CNPY2	0.2696214	False
1666	3.3349176495394484	0.6152266303220346	0.18448030655479525	PAN2	0.2696214	False
1667	3.3349176495394484	0.6152266303220346	0.18448030655479525	IL23A	0.2696214	False
1668	3.3349176495394484	0.6152266303220346	0.18448030655479525	STAT2	0.2696214	False
1669	3.3349176495394484	0.6152266303220346	0.18448030655479525	APOF	0.2696214	False
1670	3.3349176495394484	0.6152266303220346	0.18448030655479525	TIMELESS	0.2696214	False
1671	3.3349176495394484	0.6152266303220346	0.18448030655479525	MIP	0.2696214	False
1672	3.3349176495394484	0.6152266303220346	0.18448030655479525	SPRYD4	0.2696214	False
1673	3.3349176495394484	0.6152266303220346	0.18448030655479525	GLS2	0.2696214	False
1674	3.3349176495394484	0.6152266303220346	0.18448030655479525	RBMS2	0.2696214	False
1675	3.3349176495394484	0.6152266303220346	0.18448030655479525	BAZ2A	0.2696214	False
1676	3.3349176495394484	0.6152266303220346	0.18448030655479525	ATP5F1B	0.2696214	False
1677	3.3349176495394484	0.6152266303220346	0.18448030655479525	SNORD59A	0.2696214	False
1678	3.3349176495394484	0.6152266303220346	0.18448030655479525	PTGES3	0.2696214	False
1679	3.3349176495394484	0.6152266303220346	0.18448030655479525	NACA	0.2696214	False
1680	3.3349176495394484	0.6152266303220346	0.18448030655479525	PRIM1	0.2696214	False
1681	3.3349176495394484	0.6152266303220346	0.18448030655479525	HSD17B6	0.2696214	False
1682	3.2405389778624714	0.5515624415171567	0.170207007317338	SDR9C7	0.26962078	False
1683	3.2405389778624714	0.5515624415171567	0.170207007317338	RDH16	0.26962078	False
1684	3.2405389778624714	0.5515624415171567	0.170207007317338	GPR182	0.26962078	False
1685	3.2405389778624714	0.5515624415171567	0.170207007317338	ZBTB39	0.26962078	False
1686	3.2405389778624714	0.5515624415171567	0.170207007317338	TAC3	0.26962078	False
1687	3.2405389778624714	0.5515624415171567	0.170207007317338	MYO1A	0.26962078	False
1688	3.2405389778624714	0.5515624415171567	0.170207007317338	NEMP1	0.26962078	False
1689	3.2405389778624714	0.5515624415171567	0.170207007317338	NAB2	0.26962078	False
1690	3.2405389778624714	0.5515624415171567	0.170207007317338	STAT6	0.26962078	False
1691	3.318050786268827	0.6560350143601268	0.19771699006989676	LRP1	0.26962155	False
1692	3.318050786268827	0.6560350143601268	0.19771699006989676	LRP1-AS	0.26962155	False
1693	3.318050786268827	0.6560350143601268	0.19771699006989676	MIR1228	0.26962155	False
1694	3.318050786268827	0.6560350143601268	0.19771699006989676	NXPH4	0.26962155	False
1695	3.318050786268827	0.6560350143601268	0.19771699006989676	SHMT2	0.26962155	False
1696	3.318050786268827	0.6560350143601268	0.19771699006989676	NDUFA4L2	0.26962155	False
1697	3.318050786268827	0.6560350143601268	0.19771699006989676	STAC3	0.26962155	False
1698	3.318050786268827	0.6560350143601268	0.19771699006989676	R3HDM2	0.26962155	False
1699	3.318050786268827	0.6560350143601268	0.19771699006989676	INHBC	0.26962155	False
1700	3.318050786268827	0.6560350143601268	0.19771699006989676	INHBE	0.26962155	False
1701	3.318050786268827	0.6560350143601268	0.19771699006989676	GLI1	0.26962155	False
1702	3.318050786268827	0.6560350143601268	0.19771699006989676	ARHGAP9	0.26962155	False
1703	3.318050786268827	0.6560350143601268	0.19771699006989676	MARS	0.26962155	False
1704	3.318050786268827	0.6560350143601268	0.19771699006989676	MIR6758	0.26962155	False
1705	3.318050786268827	0.6560350143601268	0.19771699006989676	DDIT3	0.26962155	False
1706	3.318050786268827	0.6560350143601268	0.19771699006989676	MIR616	0.26962155	False
1707	3.318050786268827	0.6560350143601268	0.19771699006989676	MBD6	0.26962155	False
1708	3.318050786268827	0.6560350143601268	0.19771699006989676	DCTN2	0.26962155	False
1709	3.318050786268827	0.6560350143601268	0.19771699006989676	KIF5A	0.26962155	False
1710	3.318050786268827	0.6560350143601268	0.19771699006989676	PIP4K2C	0.26962155	False
1711	3.318050786268827	0.6560350143601268	0.19771699006989676	DTX3	0.26962155	False
1712	3.318050786268827	0.6560350143601268	0.19771699006989676	ARHGEF25	0.26962155	False
1713	3.318050786268827	0.6560350143601268	0.19771699006989676	SLC26A10	0.26962155	False
1714	3.318050786268827	0.6560350143601268	0.19771699006989676	B4GALNT1	0.26962155	False
1715	3.318050786268827	0.6560350143601268	0.19771699006989676	OS9	0.26962155	False
1716	3.318050786268827	0.6560350143601268	0.19771699006989676	AGAP2	0.26962155	False
1717	3.318050786268827	0.6560350143601268	0.19771699006989676	AGAP2-AS1	0.26962155	False
1718	3.318050786268827	0.6560350143601268	0.19771699006989676	TSPAN31	0.26962155	False
1719	3.318050786268827	0.6560350143601268	0.19771699006989676	CDK4	0.26962155	False
1720	3.318050786268827	0.6560350143601268	0.19771699006989676	MARCH9	0.26962155	False
1721	3.318050786268827	0.6560350143601268	0.19771699006989676	CYP27B1	0.26962155	False
1722	3.318050786268827	0.6560350143601268	0.19771699006989676	METTL1	0.26962155	False
1723	3.318050786268827	0.6560350143601268	0.19771699006989676	EEF1AKMT3	0.26962155	False
1724	3.318050786268827	0.6560350143601268	0.19771699006989676	TSFM	0.26962155	False
1725	3.318050786268827	0.6560350143601268	0.19771699006989676	AVIL	0.26962155	False
1726	3.318050786268827	0.6560350143601268	0.19771699006989676	CTDSP2	0.26962155	False
1727	3.318050786268827	0.6560350143601268	0.19771699006989676	MIR26A2	0.26962155	False
1728	3.0444892179455394	0.5013707298443051	0.16468139446479516	GIHCG	0.26962	False
1729	3.0444892179455394	0.5013707298443051	0.16468139446479516	ATP23	0.26962	False
1730	3.0444892179455394	0.5013707298443051	0.16468139446479516	LINC02403	0.26962	False
1731	2.9646830363774908	0.5449388743371711	0.18381016373440892	LOC100506869	0.26962	False
1732	2.9646830363774908	0.5449388743371711	0.18381016373440892	LINC02388	0.26962	False
1733	3.1413488729822934	0.8808190770808997	0.28039517821676363	DUSP6	0.2696221	False
1734	3.1413488729822934	0.8808190770808997	0.28039517821676363	POC1B	0.2696221	False
1735	3.1413488729822934	0.8808190770808997	0.28039517821676363	GALNT4	0.2696221	False
1736	3.1413488729822934	0.8808190770808997	0.28039517821676363	POC1B-GALNT4	0.2696221	False
1737	3.1413488729822934	0.8808190770808997	0.28039517821676363	ATP2B1	0.2696221	False
1738	3.1413488729822934	0.8808190770808997	0.28039517821676363	ATP2B1-AS1	0.2696221	False
1739	3.012589016755969	0.6937445524232682	0.23028184347903838	LINC02399	0.26962078	False
1740	3.1521358356084663	0.7759070250501537	0.24615278830468867	OR4K5	0.26962164	False
1741	3.1521358356084663	0.7759070250501537	0.24615278830468867	OR4K1	0.26962164	False
1742	3.1521358356084663	0.7759070250501537	0.24615278830468867	OR4K15	0.26962164	False
1743	3.1521358356084663	0.7759070250501537	0.24615278830468867	OR4K14	0.26962164	False
1744	3.1521358356084663	0.7759070250501537	0.24615278830468867	OR4K13	0.26962164	False
1745	3.1521358356084663	0.7759070250501537	0.24615278830468867	OR4L1	0.26962164	False
1746	3.1521358356084663	0.7759070250501537	0.24615278830468867	OR4K17	0.26962164	False
1747	3.1521358356084663	0.7759070250501537	0.24615278830468867	OR4N5	0.26962164	False
1748	3.1521358356084663	0.7759070250501537	0.24615278830468867	OR11G2	0.26962164	False
1749	3.1521358356084663	0.7759070250501537	0.24615278830468867	OR11H6	0.26962164	False
1750	3.1521358356084663	0.7759070250501537	0.24615278830468867	OR11H4	0.26962164	False
1751	3.1521358356084663	0.7759070250501537	0.24615278830468867	TTC5	0.26962164	False
1752	3.1521358356084663	0.7759070250501537	0.24615278830468867	CCNB1IP1	0.26962164	False
1753	3.1521358356084663	0.7759070250501537	0.24615278830468867	SNORD126	0.26962164	False
1754	3.1521358356084663	0.7759070250501537	0.24615278830468867	RPPH1	0.26962164	False
1755	3.1521358356084663	0.7759070250501537	0.24615278830468867	PARP2	0.26962164	False
1756	3.1521358356084663	0.7759070250501537	0.24615278830468867	TEP1	0.26962164	False
1757	3.1521358356084663	0.7759070250501537	0.24615278830468867	KLHL33	0.26962164	False
1758	3.1521358356084663	0.7759070250501537	0.24615278830468867	OSGEP	0.26962164	False
1759	3.1521358356084663	0.7759070250501537	0.24615278830468867	APEX1	0.26962164	False
1760	3.1521358356084663	0.7759070250501537	0.24615278830468867	PIP4P1	0.26962164	False
1761	3.1521358356084663	0.7759070250501537	0.24615278830468867	PNP	0.26962164	False
1762	3.1521358356084663	0.7759070250501537	0.24615278830468867	RNASE10	0.26962164	False
1763	3.1521358356084663	0.7759070250501537	0.24615278830468867	RNASE9	0.26962164	False
1764	3.1521358356084663	0.7759070250501537	0.24615278830468867	RNASE11	0.26962164	False
1765	3.1521358356084663	0.7759070250501537	0.24615278830468867	LOC254028	0.26962164	False
1766	3.1521358356084663	0.7759070250501537	0.24615278830468867	RNASE12	0.26962164	False
1767	3.1521358356084663	0.7759070250501537	0.24615278830468867	OR6S1	0.26962164	False
1768	3.1521358356084663	0.7759070250501537	0.24615278830468867	RNASE4	0.26962164	False
1769	3.1521358356084663	0.7759070250501537	0.24615278830468867	ANG	0.26962164	False
1770	3.1521358356084663	0.7759070250501537	0.24615278830468867	EDDM3A	0.26962164	False
1771	3.1521358356084663	0.7759070250501537	0.24615278830468867	EDDM3B	0.26962164	False
1772	3.1521358356084663	0.7759070250501537	0.24615278830468867	RNASE6	0.26962164	False
1773	3.1521358356084663	0.7759070250501537	0.24615278830468867	RNASE1	0.26962164	False
1774	3.1521358356084663	0.7759070250501537	0.24615278830468867	RNASE3	0.26962164	False
1775	3.083734334559019	0.6377810257785043	0.20682100226046496	ECRP	0.26962078	False
1776	3.083734334559019	0.6377810257785043	0.20682100226046496	RNASE2	0.26962078	False
1777	3.083734334559019	0.6377810257785043	0.20682100226046496	METTL17	0.26962078	False
1778	3.083734334559019	0.6377810257785043	0.20682100226046496	LOC101929718	0.26962078	False
1779	3.083734334559019	0.6377810257785043	0.20682100226046496	SLC39A2	0.26962078	False
1780	3.083734334559019	0.6377810257785043	0.20682100226046496	NDRG2	0.26962078	False
1781	3.083734334559019	0.6377810257785043	0.20682100226046496	MIR6717	0.26962078	False
1782	3.083734334559019	0.6377810257785043	0.20682100226046496	TPPP2	0.26962078	False
1783	3.083734334559019	0.6377810257785043	0.20682100226046496	RNASE13	0.26962078	False
1784	3.083734334559019	0.6377810257785043	0.20682100226046496	RNASE7	0.26962078	False
1785	3.083734334559019	0.6377810257785043	0.20682100226046496	RNASE8	0.26962078	False
1786	3.083734334559019	0.6377810257785043	0.20682100226046496	ARHGEF40	0.26962078	False
1787	3.083734334559019	0.6377810257785043	0.20682100226046496	ZNF219	0.26962078	False
1788	3.083734334559019	0.6377810257785043	0.20682100226046496	TMEM253	0.26962078	False
1789	3.083734334559019	0.6377810257785043	0.20682100226046496	OR5AU1	0.26962078	False
1790	3.083734334559019	0.6377810257785043	0.20682100226046496	LINC00641	0.26962078	False
1791	3.083734334559019	0.6377810257785043	0.20682100226046496	HNRNPC	0.26962078	False
1792	3.083734334559019	0.6377810257785043	0.20682100226046496	RPGRIP1	0.26962078	False
1793	3.083734334559019	0.6377810257785043	0.20682100226046496	SUPT16H	0.26962078	False
1794	3.083734334559019	0.6377810257785043	0.20682100226046496	CHD8	0.26962078	False
1795	3.083734334559019	0.6377810257785043	0.20682100226046496	SNORD9	0.26962078	False
1796	3.083734334559019	0.6377810257785043	0.20682100226046496	SNORD8	0.26962078	False
1797	3.083734334559019	0.6377810257785043	0.20682100226046496	RAB2B	0.26962078	False
1798	3.083734334559019	0.6377810257785043	0.20682100226046496	TOX4	0.26962078	False
1799	3.083734334559019	0.6377810257785043	0.20682100226046496	METTL3	0.26962078	False
1800	3.083734334559019	0.6377810257785043	0.20682100226046496	SALL2	0.26962078	False
1801	3.083734334559019	0.6377810257785043	0.20682100226046496	OR10G3	0.26962078	False
1802	3.083734334559019	0.6377810257785043	0.20682100226046496	OR10G2	0.26962078	False
1803	3.083734334559019	0.6377810257785043	0.20682100226046496	OR4E2	0.26962078	False
1804	3.0607794139390316	0.5545740732344719	0.18118720699338794	DAD1	0.2696203	False
1805	3.0607794139390316	0.5545740732344719	0.18118720699338794	ABHD4	0.2696203	False
1806	3.0607794139390316	0.5545740732344719	0.18118720699338794	OXA1L	0.2696203	False
1807	3.0607794139390316	0.5545740732344719	0.18118720699338794	SLC7A7	0.2696203	False
1808	3.0607794139390316	0.5545740732344719	0.18118720699338794	MRPL52	0.2696203	False
1809	3.0607794139390316	0.5545740732344719	0.18118720699338794	MMP14	0.2696203	False
1810	3.0607794139390316	0.5545740732344719	0.18118720699338794	LRP10	0.2696203	False
1811	3.0607794139390316	0.5545740732344719	0.18118720699338794	REM2	0.2696203	False
1812	3.059896443483234	0.5109783514620339	0.16699204071114299	RBM23	0.26962012	False
1813	3.059896443483234	0.5109783514620339	0.16699204071114299	PRMT5-AS1	0.26962012	False
1814	3.059896443483234	0.5109783514620339	0.16699204071114299	PRMT5	0.26962012	False
1815	3.059896443483234	0.5109783514620339	0.16699204071114299	LOC101926933	0.26962012	False
1816	3.059896443483234	0.5109783514620339	0.16699204071114299	HAUS4	0.26962012	False
1817	3.059896443483234	0.5109783514620339	0.16699204071114299	MIR4707	0.26962012	False
1818	3.059896443483234	0.5109783514620339	0.16699204071114299	AJUBA	0.26962012	False
1819	3.059896443483234	0.5109783514620339	0.16699204071114299	C14orf93	0.26962012	False
1820	3.059896443483234	0.5109783514620339	0.16699204071114299	PSMB5	0.26962012	False
1821	3.059896443483234	0.5109783514620339	0.16699204071114299	PSMB11	0.26962012	False
1822	3.059896443483234	0.5109783514620339	0.16699204071114299	CDH24	0.26962012	False
1823	3.059896443483234	0.5109783514620339	0.16699204071114299	ACIN1	0.26962012	False
1824	3.059896443483234	0.5109783514620339	0.16699204071114299	C14orf119	0.26962012	False
1825	3.124193976407404	0.5779105655023378	0.18497909216472305	CEBPE	0.26962057	False
1826	3.124193976407404	0.5779105655023378	0.18497909216472305	SLC7A8	0.26962057	False
1827	3.124193976407404	0.5779105655023378	0.18497909216472305	RNF212B	0.26962057	False
1828	3.124193976407404	0.5779105655023378	0.18497909216472305	HOMEZ	0.26962057	False
1829	3.124193976407404	0.5779105655023378	0.18497909216472305	PPP1R3E	0.26962057	False
1830	3.124193976407404	0.5779105655023378	0.18497909216472305	BCL2L2-PABPN1	0.26962057	False
1831	3.124193976407404	0.5779105655023378	0.18497909216472305	BCL2L2	0.26962057	False
1832	3.124193976407404	0.5779105655023378	0.18497909216472305	PABPN1	0.26962057	False
1833	3.124193976407404	0.5779105655023378	0.18497909216472305	SLC22A17	0.26962057	False
1834	3.124193976407404	0.5779105655023378	0.18497909216472305	EFS	0.26962057	False
1835	3.124193976407404	0.5779105655023378	0.18497909216472305	IL25	0.26962057	False
1836	3.124193976407404	0.5779105655023378	0.18497909216472305	CMTM5	0.26962057	False
1837	3.124193976407404	0.5779105655023378	0.18497909216472305	MYH6	0.26962057	False
1838	3.124193976407404	0.5779105655023378	0.18497909216472305	MIR208A	0.26962057	False
1839	3.124193976407404	0.5779105655023378	0.18497909216472305	MYH7	0.26962057	False
1840	3.124193976407404	0.5779105655023378	0.18497909216472305	MIR208B	0.26962057	False
1841	3.124193976407404	0.5779105655023378	0.18497909216472305	NGDN	0.26962057	False
1842	3.124193976407404	0.5779105655023378	0.18497909216472305	THTPA	0.26962057	False
1843	3.124193976407404	0.5779105655023378	0.18497909216472305	ZFHX2	0.26962057	False
1844	3.124193976407404	0.5779105655023378	0.18497909216472305	AP1G2	0.26962057	False
1845	3.124193976407404	0.5779105655023378	0.18497909216472305	LOC102724814	0.26962057	False
1846	3.124193976407404	0.5779105655023378	0.18497909216472305	JPH4	0.26962057	False
1847	3.124193976407404	0.5779105655023378	0.18497909216472305	DHRS2	0.26962057	False
1848	3.0833708941182882	0.5384677167415188	0.17463605100790106	DHRS4-AS1	0.2696203	False
1849	3.0833708941182882	0.5384677167415188	0.17463605100790106	DHRS4	0.2696203	False
1850	3.0833708941182882	0.5384677167415188	0.17463605100790106	DHRS4L2	0.2696203	False
1851	3.0833708941182882	0.5384677167415188	0.17463605100790106	CARMIL3	0.2696203	False
1852	3.0833708941182882	0.5384677167415188	0.17463605100790106	CPNE6	0.2696203	False
1853	3.0833708941182882	0.5384677167415188	0.17463605100790106	NRL	0.2696203	False
1854	3.0833708941182882	0.5384677167415188	0.17463605100790106	PCK2	0.2696203	False
1855	3.1554157398288094	0.6468647758461613	0.20500144170582593	DCAF11	0.26962104	False
1856	3.1554157398288094	0.6468647758461613	0.20500144170582593	FITM1	0.26962104	False
1857	3.1554157398288094	0.6468647758461613	0.20500144170582593	PSME1	0.26962104	False
1858	3.1554157398288094	0.6468647758461613	0.20500144170582593	EMC9	0.26962104	False
1859	3.1554157398288094	0.6468647758461613	0.20500144170582593	PSME2	0.26962104	False
1860	3.1554157398288094	0.6468647758461613	0.20500144170582593	MIR7703	0.26962104	False
1861	3.1554157398288094	0.6468647758461613	0.20500144170582593	RNF31	0.26962104	False
1862	3.1554157398288094	0.6468647758461613	0.20500144170582593	IRF9	0.26962104	False
1863	3.1554157398288094	0.6468647758461613	0.20500144170582593	REC8	0.26962104	False
1864	3.1554157398288094	0.6468647758461613	0.20500144170582593	IPO4	0.26962104	False
1865	3.1554157398288094	0.6468647758461613	0.20500144170582593	TM9SF1	0.26962104	False
1866	3.1554157398288094	0.6468647758461613	0.20500144170582593	TSSK4	0.26962104	False
1867	3.1554157398288094	0.6468647758461613	0.20500144170582593	CHMP4A	0.26962104	False
1868	3.1554157398288094	0.6468647758461613	0.20500144170582593	MDP1	0.26962104	False
1869	3.1554157398288094	0.6468647758461613	0.20500144170582593	NEDD8-MDP1	0.26962104	False
1870	3.1554157398288094	0.6468647758461613	0.20500144170582593	NEDD8	0.26962104	False
1871	3.1554157398288094	0.6468647758461613	0.20500144170582593	GMPR2	0.26962104	False
1872	3.1554157398288094	0.6468647758461613	0.20500144170582593	TINF2	0.26962104	False
1873	3.1554157398288094	0.6468647758461613	0.20500144170582593	TGM1	0.26962104	False
1874	3.1554157398288094	0.6468647758461613	0.20500144170582593	RABGGTA	0.26962104	False
1875	3.1554157398288094	0.6468647758461613	0.20500144170582593	DHRS1	0.26962104	False
1876	3.1554157398288094	0.6468647758461613	0.20500144170582593	NOP9	0.26962104	False
1877	3.1554157398288094	0.6468647758461613	0.20500144170582593	CIDEB	0.26962104	False
1878	3.1554157398288094	0.6468647758461613	0.20500144170582593	LTB4R2	0.26962104	False
1879	3.1554157398288094	0.6468647758461613	0.20500144170582593	LTB4R	0.26962104	False
1880	3.1554157398288094	0.6468647758461613	0.20500144170582593	ADCY4	0.26962104	False
1881	3.1554157398288094	0.6468647758461613	0.20500144170582593	RIPK3	0.26962104	False
1882	3.1554157398288094	0.6468647758461613	0.20500144170582593	NFATC4	0.26962104	False
1883	3.1554157398288094	0.6468647758461613	0.20500144170582593	NYNRIN	0.26962104	False
1884	3.1554157398288094	0.6468647758461613	0.20500144170582593	CBLN3	0.26962104	False
1885	3.1554157398288094	0.6468647758461613	0.20500144170582593	KHNYN	0.26962104	False
1886	3.1554157398288094	0.6468647758461613	0.20500144170582593	SDR39U1	0.26962104	False
1887	3.1554157398288094	0.6468647758461613	0.20500144170582593	CMA1	0.26962104	False
1888	3.1554157398288094	0.6468647758461613	0.20500144170582593	CTSG	0.26962104	False
1889	3.1554157398288094	0.6468647758461613	0.20500144170582593	GZMH	0.26962104	False
1890	3.1554157398288094	0.6468647758461613	0.20500144170582593	GZMB	0.26962104	False
1891	2.9290417274996923	0.4968688858645631	0.16963530467990418	STXBP6	0.26961982	False
1892	2.964417777546852	0.5950878749693295	0.20074359271377168	VCPKMT	0.26962036	False
1893	2.964417777546852	0.5950878749693295	0.20074359271377168	SOS2	0.26962036	False
1894	2.964417777546852	0.5950878749693295	0.20074359271377168	L2HGDH	0.26962036	False
1895	2.964417777546852	0.5950878749693295	0.20074359271377168	MIR4504	0.26962036	False
1896	2.964417777546852	0.5950878749693295	0.20074359271377168	DMAC2L	0.26962036	False
1897	2.964417777546852	0.5950878749693295	0.20074359271377168	CDKL1	0.26962036	False
1898	2.964417777546852	0.5950878749693295	0.20074359271377168	MAP4K5	0.26962036	False
1899	2.964417777546852	0.5950878749693295	0.20074359271377168	ATL1	0.26962036	False
1900	2.964417777546852	0.5950878749693295	0.20074359271377168	SAV1	0.26962036	False
1901	2.964417777546852	0.5950878749693295	0.20074359271377168	NIN	0.26962036	False
1902	2.964417777546852	0.5950878749693295	0.20074359271377168	LOC105370489	0.26962036	False
1903	2.8647953326026077	0.40738191249150385	0.1422027981738597	BUB1B	0.2696192	False
1904	2.8647953326026077	0.40738191249150385	0.1422027981738597	BUB1B-PAK6	0.2696192	False
1905	2.8647953326026077	0.40738191249150385	0.1422027981738597	PAK6	0.2696192	False
1906	2.8647953326026077	0.40738191249150385	0.1422027981738597	C15orf56	0.2696192	False
1907	2.8647953326026077	0.40738191249150385	0.1422027981738597	PLCB2	0.2696192	False
1908	2.8647953326026077	0.40738191249150385	0.1422027981738597	ANKRD63	0.2696192	False
1909	2.8647953326026077	0.40738191249150385	0.1422027981738597	CCDC9B	0.2696192	False
1910	2.8647953326026077	0.40738191249150385	0.1422027981738597	PHGR1	0.2696192	False
1911	2.8647953326026077	0.40738191249150385	0.1422027981738597	DISP2	0.2696192	False
1912	2.8647953326026077	0.40738191249150385	0.1422027981738597	KNSTRN	0.2696192	False
1913	2.8647953326026077	0.40738191249150385	0.1422027981738597	IVD	0.2696192	False
1914	2.8647953326026077	0.40738191249150385	0.1422027981738597	BAHD1	0.2696192	False
1915	2.8647953326026077	0.40738191249150385	0.1422027981738597	CHST14	0.2696192	False
1916	2.8647953326026077	0.40738191249150385	0.1422027981738597	CCDC32	0.2696192	False
1917	2.8647953326026077	0.40738191249150385	0.1422027981738597	RPUSD2	0.2696192	False
1918	2.8647953326026077	0.40738191249150385	0.1422027981738597	KNL1	0.2696192	False
1919	2.8647953326026077	0.40738191249150385	0.1422027981738597	RAD51-AS1	0.2696192	False
1920	2.8647953326026077	0.40738191249150385	0.1422027981738597	RAD51	0.2696192	False
1921	2.8647953326026077	0.40738191249150385	0.1422027981738597	RMDN3	0.2696192	False
1922	2.8647953326026077	0.40738191249150385	0.1422027981738597	GCHFR	0.2696192	False
1923	2.8647953326026077	0.40738191249150385	0.1422027981738597	DNAJC17	0.2696192	False
1924	2.8647953326026077	0.40738191249150385	0.1422027981738597	C15orf62	0.2696192	False
1925	2.8647953326026077	0.40738191249150385	0.1422027981738597	ZFYVE19	0.2696192	False
1926	2.8647953326026077	0.40738191249150385	0.1422027981738597	PPP1R14D	0.2696192	False
1927	2.8647953326026077	0.40738191249150385	0.1422027981738597	SPINT1	0.2696192	False
1928	2.8647953326026077	0.40738191249150385	0.1422027981738597	RHOV	0.2696192	False
1929	2.934433185650204	0.3846258268690405	0.13107329509150714	LMF1	0.26961926	False
1930	2.934433185650204	0.3846258268690405	0.13107329509150714	LMF1-AS1	0.26961926	False
1931	2.934433185650204	0.3846258268690405	0.13107329509150714	SOX8	0.26961926	False
1932	2.934433185650204	0.3846258268690405	0.13107329509150714	SSTR5-AS1	0.26961926	False
1933	2.934433185650204	0.3846258268690405	0.13107329509150714	SSTR5	0.26961926	False
1934	2.934433185650204	0.3846258268690405	0.13107329509150714	C1QTNF8	0.26961926	False
1935	2.934433185650204	0.3846258268690405	0.13107329509150714	CACNA1H	0.26961926	False
1936	2.934433185650204	0.3846258268690405	0.13107329509150714	TPSG1	0.26961926	False
1937	2.934433185650204	0.3846258268690405	0.13107329509150714	TPSB2	0.26961926	False
1938	2.934433185650204	0.3846258268690405	0.13107329509150714	TPSAB1	0.26961926	False
1939	2.934433185650204	0.3846258268690405	0.13107329509150714	TPSD1	0.26961926	False
1940	2.934433185650204	0.3846258268690405	0.13107329509150714	UBE2I	0.26961926	False
1941	2.934433185650204	0.3846258268690405	0.13107329509150714	BAIAP3	0.26961926	False
1942	2.934433185650204	0.3846258268690405	0.13107329509150714	TSR3	0.26961926	False
1943	2.934433185650204	0.3846258268690405	0.13107329509150714	GNPTG	0.26961926	False
1944	2.934433185650204	0.3846258268690405	0.13107329509150714	UNKL	0.26961926	False
1945	2.934433185650204	0.3846258268690405	0.13107329509150714	C16orf91	0.26961926	False
1946	2.934433185650204	0.3846258268690405	0.13107329509150714	CCDC154	0.26961926	False
1947	2.934433185650204	0.3846258268690405	0.13107329509150714	CLCN7	0.26961926	False
1948	2.934433185650204	0.3846258268690405	0.13107329509150714	PTX4	0.26961926	False
1949	2.934433185650204	0.3846258268690405	0.13107329509150714	TELO2	0.26961926	False
1950	2.934433185650204	0.3846258268690405	0.13107329509150714	IFT140	0.26961926	False
1951	2.934433185650204	0.3846258268690405	0.13107329509150714	TMEM204	0.26961926	False
1952	2.934433185650204	0.3846258268690405	0.13107329509150714	LOC105371046	0.26961926	False
1953	2.934433185650204	0.3846258268690405	0.13107329509150714	CRAMP1	0.26961926	False
1954	2.934433185650204	0.3846258268690405	0.13107329509150714	JPT2	0.26961926	False
1955	2.934433185650204	0.3846258268690405	0.13107329509150714	MAPK8IP3	0.26961926	False
1956	2.934433185650204	0.3846258268690405	0.13107329509150714	MIR3177	0.26961926	False
1957	2.934433185650204	0.3846258268690405	0.13107329509150714	NME3	0.26961926	False
1958	2.934433185650204	0.3846258268690405	0.13107329509150714	MRPS34	0.26961926	False
1959	2.934433185650204	0.3846258268690405	0.13107329509150714	EME2	0.26961926	False
1960	2.934433185650204	0.3846258268690405	0.13107329509150714	SPSB3	0.26961926	False
1961	2.934433185650204	0.3846258268690405	0.13107329509150714	NUBP2	0.26961926	False
1962	2.934433185650204	0.3846258268690405	0.13107329509150714	IGFALS	0.26961926	False
1963	2.934433185650204	0.3846258268690405	0.13107329509150714	HAGH	0.26961926	False
1964	2.934433185650204	0.3846258268690405	0.13107329509150714	FAHD1	0.26961926	False
1965	2.934433185650204	0.3846258268690405	0.13107329509150714	MEIOB	0.26961926	False
1966	2.934433185650204	0.3846258268690405	0.13107329509150714	LINC00254	0.26961926	False
1967	2.9202774874231876	0.3406137894717411	0.11663747398617724	HS3ST6	0.26961896	False
1968	2.9202774874231876	0.3406137894717411	0.11663747398617724	MSRB1	0.26961896	False
1969	2.9202774874231876	0.3406137894717411	0.11663747398617724	RPL3L	0.26961896	False
1970	2.9202774874231876	0.3406137894717411	0.11663747398617724	NDUFB10	0.26961896	False
1971	2.9202774874231876	0.3406137894717411	0.11663747398617724	RPS2	0.26961896	False
1972	2.9202774874231876	0.3406137894717411	0.11663747398617724	SNORA10	0.26961896	False
1973	2.9202774874231876	0.3406137894717411	0.11663747398617724	SNORA64	0.26961896	False
1974	2.9202774874231876	0.3406137894717411	0.11663747398617724	SNHG9	0.26961896	False
1975	2.9202774874231876	0.3406137894717411	0.11663747398617724	SNORA78	0.26961896	False
1976	2.9202774874231876	0.3406137894717411	0.11663747398617724	RNF151	0.26961896	False
1977	2.9202774874231876	0.3406137894717411	0.11663747398617724	TBL3	0.26961896	False
1978	2.9202774874231876	0.3406137894717411	0.11663747398617724	NOXO1	0.26961896	False
1979	2.9202774874231876	0.3406137894717411	0.11663747398617724	GFER	0.26961896	False
1980	2.9202774874231876	0.3406137894717411	0.11663747398617724	SYNGR3	0.26961896	False
1981	2.9202774874231876	0.3406137894717411	0.11663747398617724	ZNF598	0.26961896	False
1982	2.9202774874231876	0.3406137894717411	0.11663747398617724	NPW	0.26961896	False
1983	2.9202774874231876	0.3406137894717411	0.11663747398617724	SLC9A3R2	0.26961896	False
1984	2.9202774874231876	0.3406137894717411	0.11663747398617724	NTHL1	0.26961896	False
1985	2.9202774874231876	0.3406137894717411	0.11663747398617724	TSC2	0.26961896	False
1986	2.9202774874231876	0.3406137894717411	0.11663747398617724	PKD1	0.26961896	False
1987	2.9202774874231876	0.3406137894717411	0.11663747398617724	MIR1225	0.26961896	False
1988	2.9202774874231876	0.3406137894717411	0.11663747398617724	LOC105371049	0.26961896	False
1989	2.9202774874231876	0.3406137894717411	0.11663747398617724	MIR4516	0.26961896	False
1990	2.9202774874231876	0.3406137894717411	0.11663747398617724	MIR3180-5	0.26961896	False
1991	2.9202774874231876	0.3406137894717411	0.11663747398617724	RAB26	0.26961896	False
1992	2.9202774874231876	0.3406137894717411	0.11663747398617724	SNHG19	0.26961896	False
1993	2.9202774874231876	0.3406137894717411	0.11663747398617724	SNORD60	0.26961896	False
1994	2.9202774874231876	0.3406137894717411	0.11663747398617724	TRAF7	0.26961896	False
1995	2.9202774874231876	0.3406137894717411	0.11663747398617724	CASKIN1	0.26961896	False
1996	2.9202774874231876	0.3406137894717411	0.11663747398617724	MLST8	0.26961896	False
1997	2.9202774874231876	0.3406137894717411	0.11663747398617724	BRICD5	0.26961896	False
1998	2.9202774874231876	0.3406137894717411	0.11663747398617724	PGP	0.26961896	False
1999	2.9202774874231876	0.3406137894717411	0.11663747398617724	E4F1	0.26961896	False
2000	2.9202774874231876	0.3406137894717411	0.11663747398617724	DNASE1L2	0.26961896	False
2001	2.9202774874231876	0.3406137894717411	0.11663747398617724	ECI1	0.26961896	False
2002	2.9202774874231876	0.3406137894717411	0.11663747398617724	RNPS1	0.26961896	False
2003	2.9202774874231876	0.3406137894717411	0.11663747398617724	LOC106660606	0.26961896	False
2004	2.9202774874231876	0.3406137894717411	0.11663747398617724	MIR3677	0.26961896	False
2005	2.9202774874231876	0.3406137894717411	0.11663747398617724	MIR940	0.26961896	False
2006	2.9202774874231876	0.3406137894717411	0.11663747398617724	MIR4717	0.26961896	False
2007	2.9202774874231876	0.3406137894717411	0.11663747398617724	ABCA3	0.26961896	False
2008	2.9202774874231876	0.3406137894717411	0.11663747398617724	CCNF	0.26961896	False
2009	2.9202774874231876	0.3406137894717411	0.11663747398617724	TEDC2	0.26961896	False
2010	2.9202774874231876	0.3406137894717411	0.11663747398617724	MIR6768	0.26961896	False
2011	2.9202774874231876	0.3406137894717411	0.11663747398617724	LOC729652	0.26961896	False
2012	2.9202774874231876	0.3406137894717411	0.11663747398617724	NTN3	0.26961896	False
2013	2.9202774874231876	0.3406137894717411	0.11663747398617724	TBC1D24	0.26961896	False
2014	2.9202774874231876	0.3406137894717411	0.11663747398617724	ATP6V0C	0.26961896	False
2015	2.9202774874231876	0.3406137894717411	0.11663747398617724	AMDHD2	0.26961896	False
2016	2.9202774874231876	0.3406137894717411	0.11663747398617724	CEMP1	0.26961896	False
2017	2.9202774874231876	0.3406137894717411	0.11663747398617724	MIR3178	0.26961896	False
2018	2.9202774874231876	0.3406137894717411	0.11663747398617724	PDPK1	0.26961896	False
2019	2.9202774874231876	0.3406137894717411	0.11663747398617724	ERVK13-1	0.26961896	False
2020	2.9202774874231876	0.3406137894717411	0.11663747398617724	KCTD5	0.26961896	False
2021	2.9202774874231876	0.3406137894717411	0.11663747398617724	PRSS27	0.26961896	False
2022	2.9202774874231876	0.3406137894717411	0.11663747398617724	SRRM2-AS1	0.26961896	False
2023	2.9202774874231876	0.3406137894717411	0.11663747398617724	SRRM2	0.26961896	False
2024	2.9202774874231876	0.3406137894717411	0.11663747398617724	ELOB	0.26961896	False
2025	2.9202774874231876	0.3406137894717411	0.11663747398617724	PRSS33	0.26961896	False
2026	2.9202774874231876	0.3406137894717411	0.11663747398617724	PRSS21	0.26961896	False
2027	2.9202774874231876	0.3406137894717411	0.11663747398617724	ZG16B	0.26961896	False
2028	2.9202774874231876	0.3406137894717411	0.11663747398617724	PRSS22	0.26961896	False
2029	2.9202774874231876	0.3406137894717411	0.11663747398617724	FLYWCH2	0.26961896	False
2030	2.753547836689554	0.2631922752545187	0.09558296817931479	FLYWCH1	0.26961848	False
2031	2.753547836689554	0.2631922752545187	0.09558296817931479	KREMEN2	0.26961848	False
2032	2.753547836689554	0.2631922752545187	0.09558296817931479	PKMYT1	0.26961848	False
2033	2.753547836689554	0.2631922752545187	0.09558296817931479	PAQR4	0.26961848	False
2034	2.753547836689554	0.2631922752545187	0.09558296817931479	LOC101929613	0.26961848	False
2035	2.753547836689554	0.2631922752545187	0.09558296817931479	LINC00514	0.26961848	False
2036	2.753547836689554	0.2631922752545187	0.09558296817931479	CLDN9	0.26961848	False
2037	2.753547836689554	0.2631922752545187	0.09558296817931479	CLDN6	0.26961848	False
2038	2.753547836689554	0.2631922752545187	0.09558296817931479	TNFRSF12A	0.26961848	False
2039	2.753547836689554	0.2631922752545187	0.09558296817931479	HCFC1R1	0.26961848	False
2040	2.753547836689554	0.2631922752545187	0.09558296817931479	THOC6	0.26961848	False
2041	2.753547836689554	0.2631922752545187	0.09558296817931479	BICDL2	0.26961848	False
2042	2.753547836689554	0.2631922752545187	0.09558296817931479	LOC100128770	0.26961848	False
2043	2.753547836689554	0.2631922752545187	0.09558296817931479	MMP25	0.26961848	False
2044	2.753547836689554	0.2631922752545187	0.09558296817931479	MMP25-AS1	0.26961848	False
2045	2.753547836689554	0.2631922752545187	0.09558296817931479	IL32	0.26961848	False
2046	2.753547836689554	0.2631922752545187	0.09558296817931479	ZSCAN10	0.26961848	False
2047	2.753547836689554	0.2631922752545187	0.09558296817931479	ZNF205-AS1	0.26961848	False
2048	2.753547836689554	0.2631922752545187	0.09558296817931479	ZNF205	0.26961848	False
2049	2.753547836689554	0.2631922752545187	0.09558296817931479	ZNF213-AS1	0.26961848	False
2050	2.753547836689554	0.2631922752545187	0.09558296817931479	ZNF213	0.26961848	False
2051	2.753547836689554	0.2631922752545187	0.09558296817931479	OR1F1	0.26961848	False
2052	2.753547836689554	0.2631922752545187	0.09558296817931479	ZNF200	0.26961848	False
2053	2.753547836689554	0.2631922752545187	0.09558296817931479	MEFV	0.26961848	False
2054	2.753547836689554	0.2631922752545187	0.09558296817931479	LINC00921	0.26961848	False
2055	2.753547836689554	0.2631922752545187	0.09558296817931479	ZNF263	0.26961848	False
2056	2.753547836689554	0.2631922752545187	0.09558296817931479	TIGD7	0.26961848	False
2057	2.753547836689554	0.2631922752545187	0.09558296817931479	ZNF75A	0.26961848	False
2058	2.753547836689554	0.2631922752545187	0.09558296817931479	OR2C1	0.26961848	False
2059	2.753547836689554	0.2631922752545187	0.09558296817931479	NAA60	0.26961848	False
2060	2.753547836689554	0.2631922752545187	0.09558296817931479	MTRNR2L4	0.26961848	False
2061	2.753547836689554	0.2631922752545187	0.09558296817931479	ZSCAN32	0.26961848	False
2062	2.753547836689554	0.2631922752545187	0.09558296817931479	ZNF174	0.26961848	False
2063	2.753547836689554	0.2631922752545187	0.09558296817931479	ZNF597	0.26961848	False
2064	2.753547836689554	0.2631922752545187	0.09558296817931479	CLUAP1	0.26961848	False
2065	2.753547836689554	0.2631922752545187	0.09558296817931479	MIR6126	0.26961848	False
2066	2.753547836689554	0.2631922752545187	0.09558296817931479	C16orf90	0.26961848	False
2067	2.753547836689554	0.2631922752545187	0.09558296817931479	NLRC3	0.26961848	False
2068	2.753547836689554	0.2631922752545187	0.09558296817931479	SLX4	0.26961848	False
2069	2.753547836689554	0.2631922752545187	0.09558296817931479	DNASE1	0.26961848	False
2070	2.753547836689554	0.2631922752545187	0.09558296817931479	TRAP1	0.26961848	False
2071	2.753547836689554	0.2631922752545187	0.09558296817931479	CREBBP	0.26961848	False
2072	2.8169550129930094	0.29834429602403056	0.10591020965827931	GDPD3	0.26961872	False
2073	2.8169550129930094	0.29834429602403056	0.10591020965827931	MAPK3	0.26961872	False
2074	2.8169550129930094	0.29834429602403056	0.10591020965827931	CORO1A	0.26961872	False
2075	2.8169550129930094	0.29834429602403056	0.10591020965827931	NPIPB13	0.26961872	False
2076	2.8169550129930094	0.29834429602403056	0.10591020965827931	CD2BP2	0.26961872	False
2077	2.8169550129930094	0.29834429602403056	0.10591020965827931	TBC1D10B	0.26961872	False
2078	2.8169550129930094	0.29834429602403056	0.10591020965827931	MYLPF	0.26961872	False
2079	2.8169550129930094	0.29834429602403056	0.10591020965827931	SEPT1	0.26961872	False
2080	2.8169550129930094	0.29834429602403056	0.10591020965827931	ZNF48	0.26961872	False
2081	2.8169550129930094	0.29834429602403056	0.10591020965827931	ZNF771	0.26961872	False
2082	2.8169550129930094	0.29834429602403056	0.10591020965827931	DCTPP1	0.26961872	False
2083	2.8169550129930094	0.29834429602403056	0.10591020965827931	SEPHS2	0.26961872	False
2084	2.8169550129930094	0.29834429602403056	0.10591020965827931	ITGAL	0.26961872	False
2085	2.8169550129930094	0.29834429602403056	0.10591020965827931	MIR4518	0.26961872	False
2086	2.8169550129930094	0.29834429602403056	0.10591020965827931	ZNF768	0.26961872	False
2087	2.8169550129930094	0.29834429602403056	0.10591020965827931	ZNF747	0.26961872	False
2088	2.8169550129930094	0.29834429602403056	0.10591020965827931	ZNF764	0.26961872	False
2089	2.8169550129930094	0.29834429602403056	0.10591020965827931	ZNF688	0.26961872	False
2090	2.8169550129930094	0.29834429602403056	0.10591020965827931	ZNF785	0.26961872	False
2091	2.8169550129930094	0.29834429602403056	0.10591020965827931	ZNF689	0.26961872	False
2092	2.8169550129930094	0.29834429602403056	0.10591020965827931	PRR14	0.26961872	False
2093	2.8169550129930094	0.29834429602403056	0.10591020965827931	FBRS	0.26961872	False
2094	2.8169550129930094	0.29834429602403056	0.10591020965827931	LOC730183	0.26961872	False
2095	2.8169550129930094	0.29834429602403056	0.10591020965827931	SRCAP	0.26961872	False
2096	2.8169550129930094	0.29834429602403056	0.10591020965827931	SNORA30	0.26961872	False
2097	2.8169550129930094	0.29834429602403056	0.10591020965827931	TMEM265	0.26961872	False
2098	2.8169550129930094	0.29834429602403056	0.10591020965827931	PHKG2	0.26961872	False
2099	2.8169550129930094	0.29834429602403056	0.10591020965827931	CCDC189	0.26961872	False
2100	2.8169550129930094	0.29834429602403056	0.10591020965827931	RNF40	0.26961872	False
2101	2.8169550129930094	0.29834429602403056	0.10591020965827931	ZNF629	0.26961872	False
2102	2.8169550129930094	0.29834429602403056	0.10591020965827931	BCL7C	0.26961872	False
2103	2.8169550129930094	0.29834429602403056	0.10591020965827931	MIR762HG	0.26961872	False
2104	2.8169550129930094	0.29834429602403056	0.10591020965827931	MIR4519	0.26961872	False
2105	2.8169550129930094	0.29834429602403056	0.10591020965827931	MIR762	0.26961872	False
2106	2.8169550129930094	0.29834429602403056	0.10591020965827931	CTF1	0.26961872	False
2107	2.8169550129930094	0.29834429602403056	0.10591020965827931	FBXL19-AS1	0.26961872	False
2108	2.8169550129930094	0.29834429602403056	0.10591020965827931	FBXL19	0.26961872	False
2109	2.8169550129930094	0.29834429602403056	0.10591020965827931	ORAI3	0.26961872	False
2110	2.8169550129930094	0.29834429602403056	0.10591020965827931	SETD1A	0.26961872	False
2111	2.8169550129930094	0.29834429602403056	0.10591020965827931	HSD3B7	0.26961872	False
2112	2.8169550129930094	0.29834429602403056	0.10591020965827931	STX1B	0.26961872	False
2113	2.8169550129930094	0.29834429602403056	0.10591020965827931	STX4	0.26961872	False
2114	2.8169550129930094	0.29834429602403056	0.10591020965827931	ZNF668	0.26961872	False
2115	2.8169550129930094	0.29834429602403056	0.10591020965827931	ZNF646	0.26961872	False
2116	2.8169550129930094	0.29834429602403056	0.10591020965827931	PRSS53	0.26961872	False
2117	2.8169550129930094	0.29834429602403056	0.10591020965827931	VKORC1	0.26961872	False
2118	2.8848684283815134	0.3611378469236061	0.12518347227579246	BCKDK	0.2696191	False
2119	2.8848684283815134	0.3611378469236061	0.12518347227579246	KAT8	0.2696191	False
2120	2.8848684283815134	0.3611378469236061	0.12518347227579246	PRSS8	0.2696191	False
2121	2.8848684283815134	0.3611378469236061	0.12518347227579246	PRSS36	0.2696191	False
2122	2.8848684283815134	0.3611378469236061	0.12518347227579246	FUS	0.2696191	False
2123	2.8848684283815134	0.3611378469236061	0.12518347227579246	PYCARD	0.2696191	False
2124	2.8848684283815134	0.3611378469236061	0.12518347227579246	PYCARD-AS1	0.2696191	False
2125	2.8848684283815134	0.3611378469236061	0.12518347227579246	TRIM72	0.2696191	False
2126	2.8848684283815134	0.3611378469236061	0.12518347227579246	PYDC1	0.2696191	False
2127	2.8848684283815134	0.3611378469236061	0.12518347227579246	ITGAM	0.2696191	False
2128	2.8848684283815134	0.3611378469236061	0.12518347227579246	ITGAX	0.2696191	False
2129	2.8848684283815134	0.3611378469236061	0.12518347227579246	ITGAD	0.2696191	False
2130	2.8848684283815134	0.3611378469236061	0.12518347227579246	COX6A2	0.2696191	False
2131	2.8848684283815134	0.3611378469236061	0.12518347227579246	ZNF843	0.2696191	False
2132	2.8848684283815134	0.3611378469236061	0.12518347227579246	ARMC5	0.2696191	False
2133	2.8848684283815134	0.3611378469236061	0.12518347227579246	TGFB1I1	0.2696191	False
2134	2.8848684283815134	0.3611378469236061	0.12518347227579246	SLC5A2	0.2696191	False
2135	2.8848684283815134	0.3611378469236061	0.12518347227579246	C16orf58	0.2696191	False
2136	2.8848684283815134	0.3611378469236061	0.12518347227579246	AHSP	0.2696191	False
2137	2.8848684283815134	0.3611378469236061	0.12518347227579246	ZNF720	0.2696191	False
2138	2.8848684283815134	0.3611378469236061	0.12518347227579246	ZNF267	0.2696191	False
2139	2.8822301940568416	0.39299228374973094	0.13635006827701723	TP53TG3D	0.26961935	False
2140	2.7470672657105215	0.25517645142921574	0.09289049984846842	ALOX12-AS1	0.26961845	False
2141	2.7470672657105215	0.25517645142921574	0.09289049984846842	MIR497HG	0.26961845	False
2142	2.7470672657105215	0.25517645142921574	0.09289049984846842	ALOX12	0.26961845	False
2143	2.7470672657105215	0.25517645142921574	0.09289049984846842	RNASEK	0.26961845	False
2144	2.7470672657105215	0.25517645142921574	0.09289049984846842	RNASEK-C17orf49	0.26961845	False
2145	2.7470672657105215	0.25517645142921574	0.09289049984846842	C17orf49	0.26961845	False
2146	2.7470672657105215	0.25517645142921574	0.09289049984846842	MIR497	0.26961845	False
2147	2.7470672657105215	0.25517645142921574	0.09289049984846842	MIR195	0.26961845	False
2148	2.7470672657105215	0.25517645142921574	0.09289049984846842	BCL6B	0.26961845	False
2149	2.7470672657105215	0.25517645142921574	0.09289049984846842	SLC16A13	0.26961845	False
2150	2.7470672657105215	0.25517645142921574	0.09289049984846842	SLC16A11	0.26961845	False
2151	2.7470672657105215	0.25517645142921574	0.09289049984846842	CLEC10A	0.26961845	False
2152	2.9480881342453165	0.3725549974408058	0.1263717299062962	ASGR2	0.26961926	False
2153	2.9480881342453165	0.3725549974408058	0.1263717299062962	ASGR1	0.26961926	False
2154	2.9480881342453165	0.3725549974408058	0.1263717299062962	DLG4	0.26961926	False
2155	2.9480881342453165	0.3725549974408058	0.1263717299062962	ACADVL	0.26961926	False
2156	2.9480881342453165	0.3725549974408058	0.1263717299062962	MIR324	0.26961926	False
2157	2.9480881342453165	0.3725549974408058	0.1263717299062962	DVL2	0.26961926	False
2158	2.9480881342453165	0.3725549974408058	0.1263717299062962	PHF23	0.26961926	False
2159	2.9480881342453165	0.3725549974408058	0.1263717299062962	GABARAP	0.26961926	False
2160	2.9480881342453165	0.3725549974408058	0.1263717299062962	CTDNEP1	0.26961926	False
2161	2.9480881342453165	0.3725549974408058	0.1263717299062962	CLDN7	0.26961926	False
2162	2.9480881342453165	0.3725549974408058	0.1263717299062962	ELP5	0.26961926	False
2163	2.9480881342453165	0.3725549974408058	0.1263717299062962	SLC2A4	0.26961926	False
2164	2.9480881342453165	0.3725549974408058	0.1263717299062962	YBX2	0.26961926	False
2165	2.9480881342453165	0.3725549974408058	0.1263717299062962	EIF5A	0.26961926	False
2166	2.9480881342453165	0.3725549974408058	0.1263717299062962	GPS2	0.26961926	False
2167	2.9480881342453165	0.3725549974408058	0.1263717299062962	NEURL4	0.26961926	False
2168	2.9480881342453165	0.3725549974408058	0.1263717299062962	ACAP1	0.26961926	False
2169	2.9480881342453165	0.3725549974408058	0.1263717299062962	KCTD11	0.26961926	False
2170	2.9480881342453165	0.3725549974408058	0.1263717299062962	TMEM95	0.26961926	False
2171	2.9480881342453165	0.3725549974408058	0.1263717299062962	TNK1	0.26961926	False
2172	2.9480881342453165	0.3725549974408058	0.1263717299062962	PLSCR3	0.26961926	False
2173	2.9480881342453165	0.3725549974408058	0.1263717299062962	TMEM256-PLSCR3	0.26961926	False
2174	2.9480881342453165	0.3725549974408058	0.1263717299062962	TMEM256	0.26961926	False
2175	2.9480881342453165	0.3725549974408058	0.1263717299062962	NLGN2	0.26961926	False
2176	2.9480881342453165	0.3725549974408058	0.1263717299062962	FGF11	0.26961926	False
2177	2.9480881342453165	0.3725549974408058	0.1263717299062962	SPEM1	0.26961926	False
2178	2.9480881342453165	0.3725549974408058	0.1263717299062962	SPEM2	0.26961926	False
2179	2.9480881342453165	0.3725549974408058	0.1263717299062962	TMEM102	0.26961926	False
2180	2.9480881342453165	0.3725549974408058	0.1263717299062962	CHRNB1	0.26961926	False
2181	2.9480881342453165	0.3725549974408058	0.1263717299062962	ZBTB4	0.26961926	False
2182	2.9480881342453165	0.3725549974408058	0.1263717299062962	SLC35G6	0.26961926	False
2183	2.9480881342453165	0.3725549974408058	0.1263717299062962	POLR2A	0.26961926	False
2184	2.9480881342453165	0.3725549974408058	0.1263717299062962	TNFSF12	0.26961926	False
2185	2.9480881342453165	0.3725549974408058	0.1263717299062962	TNFSF12-TNFSF13	0.26961926	False
2186	2.9480881342453165	0.3725549974408058	0.1263717299062962	TNFSF13	0.26961926	False
2187	2.9480881342453165	0.3725549974408058	0.1263717299062962	SENP3	0.26961926	False
2188	2.9480881342453165	0.3725549974408058	0.1263717299062962	SENP3-EIF4A1	0.26961926	False
2189	2.9480881342453165	0.3725549974408058	0.1263717299062962	EIF4A1	0.26961926	False
2190	2.9480881342453165	0.3725549974408058	0.1263717299062962	CD68	0.26961926	False
2191	2.9480881342453165	0.3725549974408058	0.1263717299062962	SNORA48	0.26961926	False
2192	2.9480881342453165	0.3725549974408058	0.1263717299062962	SNORD10	0.26961926	False
2193	2.9480881342453165	0.3725549974408058	0.1263717299062962	SNORA67	0.26961926	False
2194	2.9480881342453165	0.3725549974408058	0.1263717299062962	MPDU1	0.26961926	False
2195	2.9480881342453165	0.3725549974408058	0.1263717299062962	SOX15	0.26961926	False
2196	2.9480881342453165	0.3725549974408058	0.1263717299062962	FXR2	0.26961926	False
2197	2.9480881342453165	0.3725549974408058	0.1263717299062962	SHBG	0.26961926	False
2198	2.9480881342453165	0.3725549974408058	0.1263717299062962	SAT2	0.26961926	False
2199	2.9480881342453165	0.3725549974408058	0.1263717299062962	ATP1B2	0.26961926	False
2200	2.9480881342453165	0.3725549974408058	0.1263717299062962	TP53	0.26961926	False
2201	2.9480881342453165	0.3725549974408058	0.1263717299062962	WRAP53	0.26961926	False
2202	2.9480881342453165	0.3725549974408058	0.1263717299062962	EFNB3	0.26961926	False
2203	2.9480881342453165	0.3725549974408058	0.1263717299062962	DNAH2	0.26961926	False
2204	2.9480881342453165	0.3725549974408058	0.1263717299062962	KDM6B	0.26961926	False
2205	2.9480881342453165	0.3725549974408058	0.1263717299062962	TMEM88	0.26961926	False
2206	2.9480881342453165	0.3725549974408058	0.1263717299062962	NAA38	0.26961926	False
2207	2.9480881342453165	0.3725549974408058	0.1263717299062962	CYB5D1	0.26961926	False
2208	2.7685786583008754	0.2830064705732641	0.10222085246692976	CHD3	0.2696186	False
2209	2.7685786583008754	0.2830064705732641	0.10222085246692976	SCARNA21	0.2696186	False
2210	2.7685786583008754	0.2830064705732641	0.10222085246692976	RNF227	0.2696186	False
2211	2.7685786583008754	0.2830064705732641	0.10222085246692976	KCNAB3	0.2696186	False
2212	2.7685786583008754	0.2830064705732641	0.10222085246692976	TRAPPC1	0.2696186	False
2213	2.7685786583008754	0.2830064705732641	0.10222085246692976	CNTROB	0.2696186	False
2214	2.7685786583008754	0.2830064705732641	0.10222085246692976	GUCY2D	0.2696186	False
2215	2.7685786583008754	0.2830064705732641	0.10222085246692976	ALOX15B	0.2696186	False
2216	2.7685786583008754	0.2830064705732641	0.10222085246692976	ALOX12B	0.2696186	False
2217	2.7685786583008754	0.2830064705732641	0.10222085246692976	MIR4314	0.2696186	False
2218	2.7685786583008754	0.2830064705732641	0.10222085246692976	ALOXE3	0.2696186	False
2219	2.7953278771363745	0.32701974886751467	0.11698797537930485	HES7	0.2696188	False
2220	2.7953278771363745	0.32701974886751467	0.11698797537930485	PER1	0.2696188	False
2221	2.7953278771363745	0.32701974886751467	0.11698797537930485	MIR6883	0.2696188	False
2222	2.7953278771363745	0.32701974886751467	0.11698797537930485	VAMP2	0.2696188	False
2223	2.7953278771363745	0.32701974886751467	0.11698797537930485	TMEM107	0.2696188	False
2224	2.7953278771363745	0.32701974886751467	0.11698797537930485	SNORD118	0.2696188	False
2225	2.7953278771363745	0.32701974886751467	0.11698797537930485	BORCS6	0.2696188	False
2226	2.7953278771363745	0.32701974886751467	0.11698797537930485	AURKB	0.2696188	False
2227	2.7953278771363745	0.32701974886751467	0.11698797537930485	LINC00324	0.2696188	False
2228	2.7953278771363745	0.32701974886751467	0.11698797537930485	CTC1	0.2696188	False
2229	2.7953278771363745	0.32701974886751467	0.11698797537930485	PFAS	0.2696188	False
2230	2.7953278771363745	0.32701974886751467	0.11698797537930485	SLC25A35	0.2696188	False
2231	2.7953278771363745	0.32701974886751467	0.11698797537930485	RANGRF	0.2696188	False
2232	2.7953278771363745	0.32701974886751467	0.11698797537930485	ARHGEF15	0.2696188	False
2233	2.7953278771363745	0.32701974886751467	0.11698797537930485	ODF4	0.2696188	False
2234	2.7953278771363745	0.32701974886751467	0.11698797537930485	KRBA2	0.2696188	False
2235	2.7953278771363745	0.32701974886751467	0.11698797537930485	RPL26	0.2696188	False
2236	2.7953278771363745	0.32701974886751467	0.11698797537930485	RNF222	0.2696188	False
2237	2.7953278771363745	0.32701974886751467	0.11698797537930485	NDEL1	0.2696188	False
2238	2.7953278771363745	0.32701974886751467	0.11698797537930485	MYH10	0.2696188	False
2239	2.7953278771363745	0.32701974886751467	0.11698797537930485	CCDC42	0.2696188	False
2240	2.7953278771363745	0.32701974886751467	0.11698797537930485	SPDYE4	0.2696188	False
2241	2.7953278771363745	0.32701974886751467	0.11698797537930485	MFSD6L	0.2696188	False
2242	2.7953278771363745	0.32701974886751467	0.11698797537930485	PIK3R6	0.2696188	False
2243	2.8205326819914838	0.36472566113886157	0.12931091473166018	CUEDC1	0.26961908	False
2244	2.8205326819914838	0.36472566113886157	0.12931091473166018	VEZF1	0.26961908	False
2245	2.8205326819914838	0.36472566113886157	0.12931091473166018	SRSF1	0.26961908	False
2246	2.8205326819914838	0.36472566113886157	0.12931091473166018	LOC101927666	0.26961908	False
2247	2.8205326819914838	0.36472566113886157	0.12931091473166018	DYNLL2	0.26961908	False
2248	2.9176140493306195	0.4438238809794475	0.15211877701276935	OR4D1	0.2696195	False
2249	2.9176140493306195	0.4438238809794475	0.15211877701276935	OR4D2	0.2696195	False
2250	2.9176140493306195	0.4438238809794475	0.15211877701276935	EPX	0.2696195	False
2251	2.9176140493306195	0.4438238809794475	0.15211877701276935	MKS1	0.2696195	False
2252	2.9176140493306195	0.4438238809794475	0.15211877701276935	LPO	0.2696195	False
2253	2.9176140493306195	0.4438238809794475	0.15211877701276935	MPO	0.2696195	False
2254	2.9176140493306195	0.4438238809794475	0.15211877701276935	TSPOAP1	0.2696195	False
2255	2.9176140493306195	0.4438238809794475	0.15211877701276935	TSPOAP1-AS1	0.2696195	False
2256	2.9176140493306195	0.4438238809794475	0.15211877701276935	MIR142	0.2696195	False
2257	2.9176140493306195	0.4438238809794475	0.15211877701276935	MIR4736	0.2696195	False
2258	2.9176140493306195	0.4438238809794475	0.15211877701276935	SUPT4H1	0.2696195	False
2259	2.9176140493306195	0.4438238809794475	0.15211877701276935	RNF43	0.2696195	False
2260	2.9176140493306195	0.4438238809794475	0.15211877701276935	HSF5	0.2696195	False
2261	2.9176140493306195	0.4438238809794475	0.15211877701276935	MTMR4	0.2696195	False
2262	2.9176140493306195	0.4438238809794475	0.15211877701276935	SEPT4-AS1	0.2696195	False
2263	2.9176140493306195	0.4438238809794475	0.15211877701276935	SEPT4	0.2696195	False
2264	2.9176140493306195	0.4438238809794475	0.15211877701276935	C17orf47	0.2696195	False
2265	2.9176140493306195	0.4438238809794475	0.15211877701276935	TEX14	0.2696195	False
2266	2.9176140493306195	0.4438238809794475	0.15211877701276935	RAD51C	0.2696195	False
2267	2.899737687198177	0.4086835483043489	0.14093810971544551	PPM1E	0.26961938	False
2268	2.899737687198177	0.4086835483043489	0.14093810971544551	TRIM37	0.26961938	False
2269	3.043762412757516	0.5373321424915338	0.1765355075808083	SKA2	0.2696202	False
2270	3.043762412757516	0.5373321424915338	0.1765355075808083	MIR454	0.2696202	False
2271	3.043762412757516	0.5373321424915338	0.1765355075808083	MIR301A	0.2696202	False
2272	3.043762412757516	0.5373321424915338	0.1765355075808083	PRR11	0.2696202	False
2273	3.043762412757516	0.5373321424915338	0.1765355075808083	SMG8	0.2696202	False
2274	3.043762412757516	0.5373321424915338	0.1765355075808083	GDPD1	0.2696202	False
2275	3.043762412757516	0.5373321424915338	0.1765355075808083	YPEL2	0.2696202	False
2276	3.043762412757516	0.5373321424915338	0.1765355075808083	MIR4729	0.2696202	False
2277	3.043762412757516	0.5373321424915338	0.1765355075808083	LINC01476	0.2696202	False
2278	3.043762412757516	0.5373321424915338	0.1765355075808083	DHX40	0.2696202	False
2279	3.043762412757516	0.5373321424915338	0.1765355075808083	CLTC	0.2696202	False
2280	3.043762412757516	0.5373321424915338	0.1765355075808083	PTRH2	0.2696202	False
2281	3.043762412757516	0.5373321424915338	0.1765355075808083	VMP1	0.2696202	False
2282	3.043762412757516	0.5373321424915338	0.1765355075808083	MIR21	0.2696202	False
2283	3.043762412757516	0.5373321424915338	0.1765355075808083	TUBD1	0.2696202	False
2284	2.868478134839277	0.39226101228539567	0.13674882423580834	RPS6KB1	0.26961923	False
2285	2.868478134839277	0.39226101228539567	0.13674882423580834	RNFT1-DT	0.26961923	False
2286	2.868478134839277	0.39226101228539567	0.13674882423580834	RNFT1	0.26961923	False
2287	2.868478134839277	0.39226101228539567	0.13674882423580834	TBC1D3P1-DHX40P1	0.26961923	False
2288	2.868478134839277	0.39226101228539567	0.13674882423580834	MIR4737	0.26961923	False
2289	2.868478134839277	0.39226101228539567	0.13674882423580834	HEATR6	0.26961923	False
2290	2.868478134839277	0.39226101228539567	0.13674882423580834	WFDC21P	0.26961923	False
2291	2.905969606007422	0.4495949614239688	0.1547142683442163	CA4	0.2696195	False
2292	2.905969606007422	0.4495949614239688	0.1547142683442163	USP32	0.2696195	False
2293	2.905969606007422	0.4495949614239688	0.1547142683442163	SCARNA20	0.2696195	False
2294	2.905969606007422	0.4495949614239688	0.1547142683442163	C17orf64	0.2696195	False
2295	2.905969606007422	0.4495949614239688	0.1547142683442163	APPBP2	0.2696195	False
2296	2.905969606007422	0.4495949614239688	0.1547142683442163	LINC01999	0.2696195	False
2297	2.905969606007422	0.4495949614239688	0.1547142683442163	PPM1D	0.2696195	False
2298	2.8581984556362183	0.3874181994168168	0.1355462909347139	CYB561	0.26961914	False
2299	2.8581984556362183	0.3874181994168168	0.1355462909347139	ACE	0.26961914	False
2300	2.8581984556362183	0.3874181994168168	0.1355462909347139	KCNH6	0.26961914	False
2301	2.8581984556362183	0.3874181994168168	0.1355462909347139	DCAF7	0.26961914	False
2302	2.8581984556362183	0.3874181994168168	0.1355462909347139	TACO1	0.26961914	False
2303	2.8581984556362183	0.3874181994168168	0.1355462909347139	MAP3K3	0.26961914	False
2304	2.8581984556362183	0.3874181994168168	0.1355462909347139	LIMD2	0.26961914	False
2305	2.8581984556362183	0.3874181994168168	0.1355462909347139	LOC729683	0.26961914	False
2306	2.8581984556362183	0.3874181994168168	0.1355462909347139	STRADA	0.26961914	False
2307	2.8581984556362183	0.3874181994168168	0.1355462909347139	CCDC47	0.26961914	False
2308	2.8581984556362183	0.3874181994168168	0.1355462909347139	DDX42	0.26961914	False
2309	2.8581984556362183	0.3874181994168168	0.1355462909347139	FTSJ3	0.26961914	False
2310	2.8581984556362183	0.3874181994168168	0.1355462909347139	PSMC5	0.26961914	False
2311	2.8581984556362183	0.3874181994168168	0.1355462909347139	SMARCD2	0.26961914	False
2312	2.8581984556362183	0.3874181994168168	0.1355462909347139	CSH2	0.26961914	False
2313	2.8581984556362183	0.3874181994168168	0.1355462909347139	GH2	0.26961914	False
2314	2.8581984556362183	0.3874181994168168	0.1355462909347139	CSH1	0.26961914	False
2315	2.8430144713515726	0.36816820611598583	0.12949923745585376	SNHG25	0.26961908	False
2316	2.8430144713515726	0.36816820611598583	0.12949923745585376	SNORD104	0.26961908	False
2317	2.8430144713515726	0.36816820611598583	0.12949923745585376	SNORA50C	0.26961908	False
2318	2.8430144713515726	0.36816820611598583	0.12949923745585376	TEX2	0.26961908	False
2319	2.8430144713515726	0.36816820611598583	0.12949923745585376	PECAM1	0.26961908	False
2320	2.8430144713515726	0.36816820611598583	0.12949923745585376	MILR1	0.26961908	False
2321	2.8430144713515726	0.36816820611598583	0.12949923745585376	POLG2	0.26961908	False
2322	2.8430144713515726	0.36816820611598583	0.12949923745585376	DDX5	0.26961908	False
2323	2.8430144713515726	0.36816820611598583	0.12949923745585376	MIR3064	0.26961908	False
2324	2.8430144713515726	0.36816820611598583	0.12949923745585376	MIR5047	0.26961908	False
2325	2.8430144713515726	0.36816820611598583	0.12949923745585376	CEP95	0.26961908	False
2326	2.8430144713515726	0.36816820611598583	0.12949923745585376	SMURF2	0.26961908	False
2327	2.8430144713515726	0.36816820611598583	0.12949923745585376	ARHGAP27P1	0.26961908	False
2328	2.8430144713515726	0.36816820611598583	0.12949923745585376	MIR6080	0.26961908	False
2329	2.8678276438789436	0.41335614278880634	0.1441356295142313	BPTF	0.26961923	False
2330	2.8678276438789436	0.41335614278880634	0.1441356295142313	C17orf58	0.26961923	False
2331	2.8678276438789436	0.41335614278880634	0.1441356295142313	KPNA2	0.26961923	False
2332	3.0177394923718266	0.5514473182390516	0.18273522934401315	AMZ2	0.26962012	False
2333	3.0177394923718266	0.5514473182390516	0.18273522934401315	ARSG	0.26962012	False
2334	3.0177394923718266	0.5514473182390516	0.18273522934401315	SLC16A6	0.26962012	False
2335	3.0177394923718266	0.5514473182390516	0.18273522934401315	PRKAR1A	0.26962012	False
2336	3.0177394923718266	0.5514473182390516	0.18273522934401315	WIPI1	0.26962012	False
2337	3.0177394923718266	0.5514473182390516	0.18273522934401315	MIR635	0.26962012	False
2338	3.0177394923718266	0.5514473182390516	0.18273522934401315	FAM20A	0.26962012	False
2339	3.0177394923718266	0.5514473182390516	0.18273522934401315	LINC01482	0.26962012	False
2340	2.864969150288141	0.301912448786371	0.10538069799320755	ARMC7	0.26961875	False
2341	2.864969150288141	0.301912448786371	0.10538069799320755	NT5C	0.26961875	False
2342	2.864969150288141	0.301912448786371	0.10538069799320755	JPT1	0.26961875	False
2343	2.864969150288141	0.301912448786371	0.10538069799320755	SUMO2	0.26961875	False
2344	2.864969150288141	0.301912448786371	0.10538069799320755	NUP85	0.26961875	False
2345	2.864969150288141	0.301912448786371	0.10538069799320755	GGA3	0.26961875	False
2346	2.864969150288141	0.301912448786371	0.10538069799320755	MRPS7	0.26961875	False
2347	2.864969150288141	0.301912448786371	0.10538069799320755	MIF4GD	0.26961875	False
2348	2.864969150288141	0.301912448786371	0.10538069799320755	LOC100287042	0.26961875	False
2349	2.864969150288141	0.301912448786371	0.10538069799320755	SLC25A19	0.26961875	False
2350	2.864969150288141	0.301912448786371	0.10538069799320755	GRB2	0.26961875	False
2351	2.864969150288141	0.301912448786371	0.10538069799320755	MIR3678	0.26961875	False
2352	2.864969150288141	0.301912448786371	0.10538069799320755	TMEM94	0.26961875	False
2353	2.864969150288141	0.301912448786371	0.10538069799320755	MIR6785	0.26961875	False
2354	2.864969150288141	0.301912448786371	0.10538069799320755	CASKIN2	0.26961875	False
2355	2.864969150288141	0.301912448786371	0.10538069799320755	TSEN54	0.26961875	False
2356	2.864969150288141	0.301912448786371	0.10538069799320755	LLGL2	0.26961875	False
2357	2.864969150288141	0.301912448786371	0.10538069799320755	MYO15B	0.26961875	False
2358	2.864969150288141	0.301912448786371	0.10538069799320755	RECQL5	0.26961875	False
2359	2.864969150288141	0.301912448786371	0.10538069799320755	SMIM5	0.26961875	False
2360	2.864969150288141	0.301912448786371	0.10538069799320755	SMIM6	0.26961875	False
2361	2.864969150288141	0.301912448786371	0.10538069799320755	SAP30BP	0.26961875	False
2362	2.864969150288141	0.301912448786371	0.10538069799320755	ITGB4	0.26961875	False
2363	2.864969150288141	0.301912448786371	0.10538069799320755	GALK1	0.26961875	False
2364	2.864969150288141	0.301912448786371	0.10538069799320755	H3F3B	0.26961875	False
2365	2.864969150288141	0.301912448786371	0.10538069799320755	MIR4738	0.26961875	False
2366	2.864969150288141	0.301912448786371	0.10538069799320755	UNK	0.26961875	False
2367	2.864969150288141	0.301912448786371	0.10538069799320755	UNC13D	0.26961875	False
2368	2.864969150288141	0.301912448786371	0.10538069799320755	WBP2	0.26961875	False
2369	2.864969150288141	0.301912448786371	0.10538069799320755	TRIM47	0.26961875	False
2370	2.864969150288141	0.301912448786371	0.10538069799320755	TRIM65	0.26961875	False
2371	2.7609773187226128	0.23702499600757185	0.08584822280149454	MRPL38	0.26961827	False
2372	2.7609773187226128	0.23702499600757185	0.08584822280149454	FBF1	0.26961827	False
2373	2.7609773187226128	0.23702499600757185	0.08584822280149454	ACOX1	0.26961827	False
2374	2.7609773187226128	0.23702499600757185	0.08584822280149454	TEN1	0.26961827	False
2375	2.7609773187226128	0.23702499600757185	0.08584822280149454	TEN1-CDK3	0.26961827	False
2376	2.7609773187226128	0.23702499600757185	0.08584822280149454	CDK3	0.26961827	False
2377	2.7609773187226128	0.23702499600757185	0.08584822280149454	EVPL	0.26961827	False
2378	2.7609773187226128	0.23702499600757185	0.08584822280149454	SRP68	0.26961827	False
2379	2.7609773187226128	0.23702499600757185	0.08584822280149454	ZACN	0.26961827	False
2380	2.7609773187226128	0.23702499600757185	0.08584822280149454	GALR2	0.26961827	False
2381	2.7609773187226128	0.23702499600757185	0.08584822280149454	EXOC7	0.26961827	False
2382	2.7609773187226128	0.23702499600757185	0.08584822280149454	MIR6868	0.26961827	False
2383	2.8074802759104345	0.27303422962496554	0.09725241240970912	FOXJ1	0.26961848	False
2384	2.8074802759104345	0.27303422962496554	0.09725241240970912	RNF157-AS1	0.26961848	False
2385	2.8074802759104345	0.27303422962496554	0.09725241240970912	RNF157	0.26961848	False
2386	2.8074802759104345	0.27303422962496554	0.09725241240970912	UBALD2	0.26961848	False
2387	2.8074802759104345	0.27303422962496554	0.09725241240970912	QRICH2	0.26961848	False
2388	2.8074802759104345	0.27303422962496554	0.09725241240970912	PRPSAP1	0.26961848	False
2389	2.8074802759104345	0.27303422962496554	0.09725241240970912	SPHK1	0.26961848	False
2390	2.8074802759104345	0.27303422962496554	0.09725241240970912	UBE2O	0.26961848	False
2391	2.8074802759104345	0.27303422962496554	0.09725241240970912	AANAT	0.26961848	False
2392	2.8074802759104345	0.27303422962496554	0.09725241240970912	RHBDF2	0.26961848	False
2393	2.8074802759104345	0.27303422962496554	0.09725241240970912	CYGB	0.26961848	False
2394	2.8074802759104345	0.27303422962496554	0.09725241240970912	PRCD	0.26961848	False
2395	2.8074802759104345	0.27303422962496554	0.09725241240970912	SNHG16	0.26961848	False
2396	2.8074802759104345	0.27303422962496554	0.09725241240970912	SNORD1C	0.26961848	False
2397	2.8074802759104345	0.27303422962496554	0.09725241240970912	SNORD1B	0.26961848	False
2398	2.8074802759104345	0.27303422962496554	0.09725241240970912	SNORD1A	0.26961848	False
2399	2.8074802759104345	0.27303422962496554	0.09725241240970912	ST6GALNAC2	0.26961848	False
2400	2.8074802759104345	0.27303422962496554	0.09725241240970912	ST6GALNAC1	0.26961848	False
2401	2.8074802759104345	0.27303422962496554	0.09725241240970912	LOC105274304	0.26961848	False
2402	2.8074802759104345	0.27303422962496554	0.09725241240970912	MXRA7	0.26961848	False
2403	2.8074802759104345	0.27303422962496554	0.09725241240970912	JMJD6	0.26961848	False
2404	2.8074802759104345	0.27303422962496554	0.09725241240970912	METTL23	0.26961848	False
2405	2.8074802759104345	0.27303422962496554	0.09725241240970912	SRSF2	0.26961848	False
2406	2.8074802759104345	0.27303422962496554	0.09725241240970912	MFSD11	0.26961848	False
2407	2.8074802759104345	0.27303422962496554	0.09725241240970912	MIR636	0.26961848	False
2408	2.8074802759104345	0.27303422962496554	0.09725241240970912	LINC02080	0.26961848	False
2409	2.8074802759104345	0.27303422962496554	0.09725241240970912	LINC00868	0.26961848	False
2410	2.683711438592385	0.21309781252775636	0.0794041451190918	MGAT5B	0.26961815	False
2411	2.683711438592385	0.21309781252775636	0.0794041451190918	SNHG20	0.26961815	False
2412	2.683711438592385	0.21309781252775636	0.0794041451190918	SEC14L1	0.26961815	False
2413	2.683711438592385	0.21309781252775636	0.0794041451190918	SCARNA16	0.26961815	False
2414	2.683711438592385	0.21309781252775636	0.0794041451190918	MIR6516	0.26961815	False
2415	3.7103097301331665	0.7157268051596413	0.1929021718448161	R3HDM4	0.26962283	False
2416	3.7103097301331665	0.7157268051596413	0.1929021718448161	KISS1R	0.26962283	False
2417	3.7103097301331665	0.7157268051596413	0.1929021718448161	ARID3A	0.26962283	False
2418	3.7103097301331665	0.7157268051596413	0.1929021718448161	WDR18	0.26962283	False
2419	3.7103097301331665	0.7157268051596413	0.1929021718448161	GRIN3B	0.26962283	False
2420	3.7103097301331665	0.7157268051596413	0.1929021718448161	TMEM259	0.26962283	False
2421	3.7103097301331665	0.7157268051596413	0.1929021718448161	CNN2	0.26962283	False
2422	3.7103097301331665	0.7157268051596413	0.1929021718448161	ABCA7	0.26962283	False
2423	3.7103097301331665	0.7157268051596413	0.1929021718448161	ARHGAP45	0.26962283	False
2424	3.7103097301331665	0.7157268051596413	0.1929021718448161	POLR2E	0.26962283	False
2425	3.7103097301331665	0.7157268051596413	0.1929021718448161	GPX4	0.26962283	False
2426	3.7103097301331665	0.7157268051596413	0.1929021718448161	SBNO2	0.26962283	False
2427	3.7103097301331665	0.7157268051596413	0.1929021718448161	STK11	0.26962283	False
2428	3.7103097301331665	0.7157268051596413	0.1929021718448161	CBARP	0.26962283	False
2429	3.7103097301331665	0.7157268051596413	0.1929021718448161	ATP5F1D	0.26962283	False
2430	3.7103097301331665	0.7157268051596413	0.1929021718448161	MIDN	0.26962283	False
2431	3.7103097301331665	0.7157268051596413	0.1929021718448161	CIRBP	0.26962283	False
2432	3.7103097301331665	0.7157268051596413	0.1929021718448161	CIRBP-AS1	0.26962283	False
2433	3.7103097301331665	0.7157268051596413	0.1929021718448161	C19orf24	0.26962283	False
2434	3.7103097301331665	0.7157268051596413	0.1929021718448161	MUM1	0.26962283	False
2435	3.7103097301331665	0.7157268051596413	0.1929021718448161	EFNA2	0.26962283	False
2436	3.7103097301331665	0.7157268051596413	0.1929021718448161	NDUFS7	0.26962283	False
2437	3.7103097301331665	0.7157268051596413	0.1929021718448161	GAMT	0.26962283	False
2438	3.7103097301331665	0.7157268051596413	0.1929021718448161	DAZAP1	0.26962283	False
2439	3.7103097301331665	0.7157268051596413	0.1929021718448161	RPS15	0.26962283	False
2440	3.7103097301331665	0.7157268051596413	0.1929021718448161	APC2	0.26962283	False
2441	3.7103097301331665	0.7157268051596413	0.1929021718448161	C19orf25	0.26962283	False
2442	3.7103097301331665	0.7157268051596413	0.1929021718448161	PCSK4	0.26962283	False
2443	3.7103097301331665	0.7157268051596413	0.1929021718448161	REEP6	0.26962283	False
2444	3.7103097301331665	0.7157268051596413	0.1929021718448161	ADAMTSL5	0.26962283	False
2445	3.7103097301331665	0.7157268051596413	0.1929021718448161	PLK5	0.26962283	False
2446	3.7103097301331665	0.7157268051596413	0.1929021718448161	MEX3D	0.26962283	False
2447	3.7103097301331665	0.7157268051596413	0.1929021718448161	MBD3	0.26962283	False
2448	3.7103097301331665	0.7157268051596413	0.1929021718448161	UQCR11	0.26962283	False
2449	3.7103097301331665	0.7157268051596413	0.1929021718448161	TCF3	0.26962283	False
2450	3.7103097301331665	0.7157268051596413	0.1929021718448161	ONECUT3	0.26962283	False
2451	3.7103097301331665	0.7157268051596413	0.1929021718448161	ATP8B3	0.26962283	False
2452	3.7103097301331665	0.7157268051596413	0.1929021718448161	REXO1	0.26962283	False
2453	3.7103097301331665	0.7157268051596413	0.1929021718448161	MIR1909	0.26962283	False
2454	3.7103097301331665	0.7157268051596413	0.1929021718448161	LOC100288123	0.26962283	False
2455	3.7103097301331665	0.7157268051596413	0.1929021718448161	KLF16	0.26962283	False
2456	3.7103097301331665	0.7157268051596413	0.1929021718448161	ABHD17A	0.26962283	False
2457	3.4902259122139023	0.535352908656093	0.15338632000371308	SCAMP4	0.26962107	False
2458	3.4902259122139023	0.535352908656093	0.15338632000371308	ADAT3	0.26962107	False
2459	3.4902259122139023	0.535352908656093	0.15338632000371308	CSNK1G2	0.26962107	False
2460	3.4902259122139023	0.535352908656093	0.15338632000371308	CSNK1G2-AS1	0.26962107	False
2461	3.4902259122139023	0.535352908656093	0.15338632000371308	BTBD2	0.26962107	False
2462	3.4902259122139023	0.535352908656093	0.15338632000371308	MKNK2	0.26962107	False
2463	3.4902259122139023	0.535352908656093	0.15338632000371308	MOB3A	0.26962107	False
2464	3.4902259122139023	0.535352908656093	0.15338632000371308	IZUMO4	0.26962107	False
2465	3.4902259122139023	0.535352908656093	0.15338632000371308	AP3D1	0.26962107	False
2466	3.4902259122139023	0.535352908656093	0.15338632000371308	DOT1L	0.26962107	False
2467	3.4902259122139023	0.535352908656093	0.15338632000371308	PLEKHJ1	0.26962107	False
2468	3.4902259122139023	0.535352908656093	0.15338632000371308	MIR1227	0.26962107	False
2469	3.4902259122139023	0.535352908656093	0.15338632000371308	MIR6789	0.26962107	False
2470	3.4902259122139023	0.535352908656093	0.15338632000371308	SF3A2	0.26962107	False
2471	3.4902259122139023	0.535352908656093	0.15338632000371308	AMH	0.26962107	False
2472	3.4902259122139023	0.535352908656093	0.15338632000371308	MIR4321	0.26962107	False
2473	3.4902259122139023	0.535352908656093	0.15338632000371308	JSRP1	0.26962107	False
2474	3.4902259122139023	0.535352908656093	0.15338632000371308	OAZ1	0.26962107	False
2475	3.4902259122139023	0.535352908656093	0.15338632000371308	SPPL2B	0.26962107	False
2476	3.4902259122139023	0.535352908656093	0.15338632000371308	PEAK3	0.26962107	False
2477	3.4902259122139023	0.535352908656093	0.15338632000371308	LSM7	0.26962107	False
2478	3.4902259122139023	0.535352908656093	0.15338632000371308	TMPRSS9	0.26962107	False
2479	3.4902259122139023	0.535352908656093	0.15338632000371308	TIMM13	0.26962107	False
2480	3.4902259122139023	0.535352908656093	0.15338632000371308	LMNB2	0.26962107	False
2481	3.4902259122139023	0.535352908656093	0.15338632000371308	MIR7108	0.26962107	False
2482	3.4902259122139023	0.535352908656093	0.15338632000371308	LINC01775	0.26962107	False
2483	3.4902259122139023	0.535352908656093	0.15338632000371308	GADD45B	0.26962107	False
2484	3.4902259122139023	0.535352908656093	0.15338632000371308	GNG7	0.26962107	False
2485	3.4902259122139023	0.535352908656093	0.15338632000371308	MIR7850	0.26962107	False
2486	3.4902259122139023	0.535352908656093	0.15338632000371308	DIRAS1	0.26962107	False
2487	3.4902259122139023	0.535352908656093	0.15338632000371308	SLC39A3	0.26962107	False
2488	3.4902259122139023	0.535352908656093	0.15338632000371308	SGTA	0.26962107	False
2489	3.4902259122139023	0.535352908656093	0.15338632000371308	THOP1	0.26962107	False
2490	3.4902259122139023	0.535352908656093	0.15338632000371308	ZNF554	0.26962107	False
2491	3.4902259122139023	0.535352908656093	0.15338632000371308	ZNF555	0.26962107	False
2492	3.4902259122139023	0.535352908656093	0.15338632000371308	ZNF556	0.26962107	False
2493	3.267104144030257	0.40545725954991485	0.12410294917925331	ZNF57	0.26961973	False
2494	3.267104144030257	0.40545725954991485	0.12410294917925331	ZNF77	0.26961973	False
2495	3.267104144030257	0.40545725954991485	0.12410294917925331	TLE6	0.26961973	False
2496	3.267104144030257	0.40545725954991485	0.12410294917925331	TLE2	0.26961973	False
2497	3.267104144030257	0.40545725954991485	0.12410294917925331	AES	0.26961973	False
2498	3.267104144030257	0.40545725954991485	0.12410294917925331	GNA11	0.26961973	False
2499	3.267104144030257	0.40545725954991485	0.12410294917925331	GNA15	0.26961973	False
2500	3.267104144030257	0.40545725954991485	0.12410294917925331	LOC100996351	0.26961973	False
2501	3.267104144030257	0.40545725954991485	0.12410294917925331	S1PR4	0.26961973	False
2502	3.267104144030257	0.40545725954991485	0.12410294917925331	NCLN	0.26961973	False
2503	3.267104144030257	0.40545725954991485	0.12410294917925331	CELF5	0.26961973	False
2504	3.267104144030257	0.40545725954991485	0.12410294917925331	NFIC	0.26961973	False
2505	3.267104144030257	0.40545725954991485	0.12410294917925331	SMIM24	0.26961973	False
2506	3.267104144030257	0.40545725954991485	0.12410294917925331	DOHH	0.26961973	False
2507	3.267104144030257	0.40545725954991485	0.12410294917925331	FZR1	0.26961973	False
2508	3.267104144030257	0.40545725954991485	0.12410294917925331	MFSD12	0.26961973	False
2509	3.267104144030257	0.40545725954991485	0.12410294917925331	C19orf71	0.26961973	False
2510	3.267104144030257	0.40545725954991485	0.12410294917925331	HMG20B	0.26961973	False
2511	3.267104144030257	0.40545725954991485	0.12410294917925331	GIPC3	0.26961973	False
2512	3.267104144030257	0.40545725954991485	0.12410294917925331	TBXA2R	0.26961973	False
2513	3.267104144030257	0.40545725954991485	0.12410294917925331	CACTIN-AS1	0.26961973	False
2514	3.267104144030257	0.40545725954991485	0.12410294917925331	CACTIN	0.26961973	False
2515	3.267104144030257	0.40545725954991485	0.12410294917925331	PIP5K1C	0.26961973	False
2516	3.267104144030257	0.40545725954991485	0.12410294917925331	TJP3	0.26961973	False
2517	3.267104144030257	0.40545725954991485	0.12410294917925331	APBA3	0.26961973	False
2518	3.267104144030257	0.40545725954991485	0.12410294917925331	MRPL54	0.26961973	False
2519	3.267104144030257	0.40545725954991485	0.12410294917925331	RAX2	0.26961973	False
2520	3.267104144030257	0.40545725954991485	0.12410294917925331	MATK	0.26961973	False
2521	3.267104144030257	0.40545725954991485	0.12410294917925331	ZFR2	0.26961973	False
2522	3.115776592205257	0.32187540130803416	0.10330503223924023	ATCAY	0.26961905	False
2523	3.115776592205257	0.32187540130803416	0.10330503223924023	NMRK2	0.26961905	False
2524	3.115776592205257	0.32187540130803416	0.10330503223924023	DAPK3	0.26961905	False
2525	3.115776592205257	0.32187540130803416	0.10330503223924023	MIR637	0.26961905	False
2526	3.115776592205257	0.32187540130803416	0.10330503223924023	EEF2	0.26961905	False
2527	3.115776592205257	0.32187540130803416	0.10330503223924023	SNORD37	0.26961905	False
2528	3.115776592205257	0.32187540130803416	0.10330503223924023	PIAS4	0.26961905	False
2529	3.115776592205257	0.32187540130803416	0.10330503223924023	ZBTB7A	0.26961905	False
2530	3.115776592205257	0.32187540130803416	0.10330503223924023	MAP2K2	0.26961905	False
2531	2.9610792320152934	0.3198921545377266	0.10803228467480415	CREB3L3	0.2696189	False
2532	2.9610792320152934	0.3198921545377266	0.10803228467480415	SIRT6	0.2696189	False
2533	2.9610792320152934	0.3198921545377266	0.10803228467480415	ANKRD24	0.2696189	False
2534	2.9610792320152934	0.3198921545377266	0.10803228467480415	EBI3	0.2696189	False
2535	2.9610792320152934	0.3198921545377266	0.10803228467480415	YJU2	0.2696189	False
2536	2.9610792320152934	0.3198921545377266	0.10803228467480415	SHD	0.2696189	False
2537	2.9610792320152934	0.3198921545377266	0.10803228467480415	TMIGD2	0.2696189	False
2538	2.9610792320152934	0.3198921545377266	0.10803228467480415	FSD1	0.2696189	False
2539	2.9610792320152934	0.3198921545377266	0.10803228467480415	STAP2	0.2696189	False
2540	2.9610792320152934	0.3198921545377266	0.10803228467480415	MPND	0.2696189	False
2541	2.9610792320152934	0.3198921545377266	0.10803228467480415	SH3GL1	0.2696189	False
2542	2.9610792320152934	0.3198921545377266	0.10803228467480415	CHAF1A	0.2696189	False
2543	2.9610792320152934	0.3198921545377266	0.10803228467480415	UBXN6	0.2696189	False
2544	2.9610792320152934	0.3198921545377266	0.10803228467480415	MIR4746	0.2696189	False
2545	2.9610792320152934	0.3198921545377266	0.10803228467480415	HDGFL2	0.2696189	False
2546	2.9610792320152934	0.3198921545377266	0.10803228467480415	PLIN4	0.2696189	False
2547	2.9610792320152934	0.3198921545377266	0.10803228467480415	PLIN5	0.2696189	False
2548	2.9610792320152934	0.3198921545377266	0.10803228467480415	LRG1	0.2696189	False
2549	2.9610792320152934	0.3198921545377266	0.10803228467480415	SEMA6B	0.2696189	False
2550	2.9610792320152934	0.3198921545377266	0.10803228467480415	TNFAIP8L1	0.2696189	False
2551	2.9610792320152934	0.3198921545377266	0.10803228467480415	MYDGF	0.2696189	False
2552	2.9610792320152934	0.3198921545377266	0.10803228467480415	DPP9	0.2696189	False
2553	2.9610792320152934	0.3198921545377266	0.10803228467480415	DPP9-AS1	0.2696189	False
2554	2.9610792320152934	0.3198921545377266	0.10803228467480415	MIR7-3HG	0.2696189	False
2555	2.9610792320152934	0.3198921545377266	0.10803228467480415	MIR7-3	0.2696189	False
2556	2.9610792320152934	0.3198921545377266	0.10803228467480415	FEM1A	0.2696189	False
2557	2.9610792320152934	0.3198921545377266	0.10803228467480415	TICAM1	0.2696189	False
2558	2.9610792320152934	0.3198921545377266	0.10803228467480415	PLIN3	0.2696189	False
2559	2.835334986109831	0.2473884161354543	0.0872519181498476	ARRDC5	0.2696184	False
2560	2.835334986109831	0.2473884161354543	0.0872519181498476	UHRF1	0.2696184	False
2561	2.835334986109831	0.2473884161354543	0.0872519181498476	MIR4747	0.2696184	False
2562	2.835334986109831	0.2473884161354543	0.0872519181498476	KDM4B	0.2696184	False
2563	2.73091024601481	0.24515248738234802	0.08976951466643643	PTPRS	0.26961836	False
2564	2.73091024601481	0.24515248738234802	0.08976951466643643	ZNRF4	0.26961836	False
2565	2.73091024601481	0.24515248738234802	0.08976951466643643	TINCR	0.26961836	False
2566	2.73091024601481	0.24515248738234802	0.08976951466643643	SAFB2	0.26961836	False
2567	2.73091024601481	0.24515248738234802	0.08976951466643643	SAFB	0.26961836	False
2568	2.73091024601481	0.24515248738234802	0.08976951466643643	RPL36	0.26961836	False
2569	2.73091024601481	0.24515248738234802	0.08976951466643643	C19orf70	0.26961836	False
2570	2.73091024601481	0.24515248738234802	0.08976951466643643	HSD11B1L	0.26961836	False
2571	2.73091024601481	0.24515248738234802	0.08976951466643643	LONP1	0.26961836	False
2572	2.73091024601481	0.24515248738234802	0.08976951466643643	CATSPERD	0.26961836	False
2573	2.73091024601481	0.24515248738234802	0.08976951466643643	PRR22	0.26961836	False
2574	2.73091024601481	0.24515248738234802	0.08976951466643643	DUS3L	0.26961836	False
2575	2.73091024601481	0.24515248738234802	0.08976951466643643	NRTN	0.26961836	False
2576	2.73091024601481	0.24515248738234802	0.08976951466643643	FUT6	0.26961836	False
2577	2.73091024601481	0.24515248738234802	0.08976951466643643	FUT3	0.26961836	False
2578	2.73091024601481	0.24515248738234802	0.08976951466643643	LOC101928844	0.26961836	False
2579	2.6786524891759	0.20383764576242105	0.0760970848537104	FUT5	0.2696181	False
2580	2.6786524891759	0.20383764576242105	0.0760970848537104	NDUFA11	0.2696181	False
2581	2.6786524891759	0.20383764576242105	0.0760970848537104	CAPS	0.2696181	False
2582	2.6786524891759	0.20383764576242105	0.0760970848537104	VMAC	0.2696181	False
2583	2.6786524891759	0.20383764576242105	0.0760970848537104	RANBP3	0.2696181	False
2584	2.6786524891759	0.20383764576242105	0.0760970848537104	LOC100128568	0.2696181	False
2585	2.6786524891759	0.20383764576242105	0.0760970848537104	RFX2	0.2696181	False
2586	2.752346902305305	0.2300465134442602	0.08358194719262253	OLFM2	0.2696183	False
2587	2.752346902305305	0.2300465134442602	0.08358194719262253	COL5A3	0.2696183	False
2588	2.752346902305305	0.2300465134442602	0.08358194719262253	RDH8	0.2696183	False
2589	2.752346902305305	0.2300465134442602	0.08358194719262253	MIR5589	0.2696183	False
2590	2.752346902305305	0.2300465134442602	0.08358194719262253	C19orf66	0.2696183	False
2591	2.752346902305305	0.2300465134442602	0.08358194719262253	ANGPTL6	0.2696183	False
2592	2.894332788686959	0.3135999739463291	0.10834966012619324	PPAN-P2RY11	0.2696188	False
2593	2.894332788686959	0.3135999739463291	0.10834966012619324	PPAN	0.2696188	False
2594	2.894332788686959	0.3135999739463291	0.10834966012619324	SNORD105	0.2696188	False
2595	2.894332788686959	0.3135999739463291	0.10834966012619324	SNORD105B	0.2696188	False
2596	2.894332788686959	0.3135999739463291	0.10834966012619324	P2RY11	0.2696188	False
2597	2.894332788686959	0.3135999739463291	0.10834966012619324	EIF3G	0.2696188	False
2598	2.894332788686959	0.3135999739463291	0.10834966012619324	DNMT1	0.2696188	False
2599	2.894332788686959	0.3135999739463291	0.10834966012619324	S1PR2	0.2696188	False
2600	2.894332788686959	0.3135999739463291	0.10834966012619324	MIR4322	0.2696188	False
2601	2.894332788686959	0.3135999739463291	0.10834966012619324	MRPL4	0.2696188	False
2602	2.894332788686959	0.3135999739463291	0.10834966012619324	ICAM1	0.2696188	False
2603	2.894332788686959	0.3135999739463291	0.10834966012619324	ICAM4	0.2696188	False
2604	2.894332788686959	0.3135999739463291	0.10834966012619324	ICAM5	0.2696188	False
2605	2.894332788686959	0.3135999739463291	0.10834966012619324	ZGLP1	0.2696188	False
2606	2.894332788686959	0.3135999739463291	0.10834966012619324	FDX2	0.2696188	False
2607	2.894332788686959	0.3135999739463291	0.10834966012619324	RAVER1	0.2696188	False
2608	2.894332788686959	0.3135999739463291	0.10834966012619324	ICAM3	0.2696188	False
2609	2.894332788686959	0.3135999739463291	0.10834966012619324	TYK2	0.2696188	False
2610	2.894332788686959	0.3135999739463291	0.10834966012619324	CDC37	0.2696188	False
2611	2.894332788686959	0.3135999739463291	0.10834966012619324	MIR1181	0.2696188	False
2612	2.894332788686959	0.3135999739463291	0.10834966012619324	PDE4A	0.2696188	False
2613	2.894332788686959	0.3135999739463291	0.10834966012619324	KEAP1	0.2696188	False
2614	2.894332788686959	0.3135999739463291	0.10834966012619324	S1PR5	0.2696188	False
2615	2.894332788686959	0.3135999739463291	0.10834966012619324	ATG4D	0.2696188	False
2616	2.894332788686959	0.3135999739463291	0.10834966012619324	MIR1238	0.2696188	False
2617	2.894332788686959	0.3135999739463291	0.10834966012619324	KRI1	0.2696188	False
2618	2.894332788686959	0.3135999739463291	0.10834966012619324	CDKN2D	0.2696188	False
2619	2.894332788686959	0.3135999739463291	0.10834966012619324	AP1M2	0.2696188	False
2620	2.894332788686959	0.3135999739463291	0.10834966012619324	SLC44A2	0.2696188	False
2621	2.894332788686959	0.3135999739463291	0.10834966012619324	ILF3-DT	0.2696188	False
2622	2.894332788686959	0.3135999739463291	0.10834966012619324	ILF3	0.2696188	False
2623	2.894332788686959	0.3135999739463291	0.10834966012619324	QTRT1	0.2696188	False
2624	2.894332788686959	0.3135999739463291	0.10834966012619324	DNM2	0.2696188	False
2625	2.894332788686959	0.3135999739463291	0.10834966012619324	MIR638	0.2696188	False
2626	2.894332788686959	0.3135999739463291	0.10834966012619324	MIR4748	0.2696188	False
2627	2.894332788686959	0.3135999739463291	0.10834966012619324	MIR199A1	0.2696188	False
2628	2.894332788686959	0.3135999739463291	0.10834966012619324	MIR6793	0.2696188	False
2629	2.894332788686959	0.3135999739463291	0.10834966012619324	TMED1	0.2696188	False
2630	2.894332788686959	0.3135999739463291	0.10834966012619324	C19orf38	0.2696188	False
2631	2.870782594844451	0.2730699317106885	0.09512038013644303	CARM1	0.26961848	False
2632	2.870782594844451	0.2730699317106885	0.09512038013644303	YIPF2	0.26961848	False
2633	2.870782594844451	0.2730699317106885	0.09512038013644303	TIMM29	0.26961848	False
2634	2.870782594844451	0.2730699317106885	0.09512038013644303	SMARCA4	0.26961848	False
2635	2.870782594844451	0.2730699317106885	0.09512038013644303	LDLR	0.26961848	False
2636	2.9681076427287634	0.33418852281301864	0.11259312768918942	MIR6886	0.269619	False
2637	2.9681076427287634	0.33418852281301864	0.11259312768918942	SPC24	0.269619	False
2638	2.9681076427287634	0.33418852281301864	0.11259312768918942	KANK2	0.269619	False
2639	2.9681076427287634	0.33418852281301864	0.11259312768918942	DOCK6	0.269619	False
2640	2.9681076427287634	0.33418852281301864	0.11259312768918942	LOC105372273	0.269619	False
2641	2.9681076427287634	0.33418852281301864	0.11259312768918942	ANGPTL8	0.269619	False
2642	2.9681076427287634	0.33418852281301864	0.11259312768918942	TSPAN16	0.269619	False
2643	2.9681076427287634	0.33418852281301864	0.11259312768918942	RAB3D	0.269619	False
2644	2.9681076427287634	0.33418852281301864	0.11259312768918942	TMEM205	0.269619	False
2645	2.9681076427287634	0.33418852281301864	0.11259312768918942	CCDC159	0.269619	False
2646	2.9681076427287634	0.33418852281301864	0.11259312768918942	PLPPR2	0.269619	False
2647	2.9681076427287634	0.33418852281301864	0.11259312768918942	SWSAP1	0.269619	False
2648	2.9681076427287634	0.33418852281301864	0.11259312768918942	EPOR	0.269619	False
2649	2.9681076427287634	0.33418852281301864	0.11259312768918942	RGL3	0.269619	False
2650	2.9681076427287634	0.33418852281301864	0.11259312768918942	CCDC151	0.269619	False
2651	2.9681076427287634	0.33418852281301864	0.11259312768918942	PRKCSH	0.269619	False
2652	2.9681076427287634	0.33418852281301864	0.11259312768918942	ELAVL3	0.269619	False
2653	2.9681076427287634	0.33418852281301864	0.11259312768918942	ZNF653	0.269619	False
2654	2.9681076427287634	0.33418852281301864	0.11259312768918942	MIR7974	0.269619	False
2655	2.9681076427287634	0.33418852281301864	0.11259312768918942	ECSIT	0.269619	False
2656	2.9681076427287634	0.33418852281301864	0.11259312768918942	CNN1	0.269619	False
2657	2.9681076427287634	0.33418852281301864	0.11259312768918942	ELOF1	0.269619	False
2658	2.9681076427287634	0.33418852281301864	0.11259312768918942	ZNF627	0.269619	False
2659	2.9681076427287634	0.33418852281301864	0.11259312768918942	ACP5	0.269619	False
2660	2.9681076427287634	0.33418852281301864	0.11259312768918942	ZNF833P	0.269619	False
2661	2.9681076427287634	0.33418852281301864	0.11259312768918942	ZNF823	0.269619	False
2662	2.9681076427287634	0.33418852281301864	0.11259312768918942	ZNF441	0.269619	False
2663	2.9681076427287634	0.33418852281301864	0.11259312768918942	ZNF491	0.269619	False
2664	2.9681076427287634	0.33418852281301864	0.11259312768918942	ZNF440	0.269619	False
2665	2.9681076427287634	0.33418852281301864	0.11259312768918942	ZNF439	0.269619	False
2666	2.9134071596532176	0.28596272761106806	0.09815405535184658	ZNF69	0.2696187	False
2667	2.9134071596532176	0.28596272761106806	0.09815405535184658	ZNF700	0.2696187	False
2668	2.9134071596532176	0.28596272761106806	0.09815405535184658	ZNF763	0.2696187	False
2669	2.9134071596532176	0.28596272761106806	0.09815405535184658	ZNF433-AS1	0.2696187	False
2670	2.9134071596532176	0.28596272761106806	0.09815405535184658	ZNF433	0.2696187	False
2671	2.9134071596532176	0.28596272761106806	0.09815405535184658	ZNF878	0.2696187	False
2672	2.9134071596532176	0.28596272761106806	0.09815405535184658	ZNF844	0.2696187	False
2673	2.9134071596532176	0.28596272761106806	0.09815405535184658	ZNF788P	0.2696187	False
2674	2.9134071596532176	0.28596272761106806	0.09815405535184658	ZNF20	0.2696187	False
2675	2.9520275972297587	0.3277230152159884	0.11101624372466239	ZNF625-ZNF20	0.26961896	False
2676	2.9520275972297587	0.3277230152159884	0.11101624372466239	ZNF625	0.26961896	False
2677	2.9520275972297587	0.3277230152159884	0.11101624372466239	ZNF136	0.26961896	False
2678	2.9520275972297587	0.3277230152159884	0.11101624372466239	LOC100289333	0.26961896	False
2679	2.9520275972297587	0.3277230152159884	0.11101624372466239	ZNF44	0.26961896	False
2680	2.9520275972297587	0.3277230152159884	0.11101624372466239	ZNF563	0.26961896	False
2681	2.9520275972297587	0.3277230152159884	0.11101624372466239	ZNF442	0.26961896	False
2682	2.9520275972297587	0.3277230152159884	0.11101624372466239	ZNF799	0.26961896	False
2683	2.9520275972297587	0.3277230152159884	0.11101624372466239	ZNF443	0.26961896	False
2684	2.9520275972297587	0.3277230152159884	0.11101624372466239	ZNF709	0.26961896	False
2685	2.9520275972297587	0.3277230152159884	0.11101624372466239	ZNF564	0.26961896	False
2686	2.9520275972297587	0.3277230152159884	0.11101624372466239	ZNF490	0.26961896	False
2687	2.9520275972297587	0.3277230152159884	0.11101624372466239	ZNF791	0.26961896	False
2688	2.9520275972297587	0.3277230152159884	0.11101624372466239	MAN2B1	0.26961896	False
2689	2.9520275972297587	0.3277230152159884	0.11101624372466239	WDR83	0.26961896	False
2690	2.9520275972297587	0.3277230152159884	0.11101624372466239	WDR83OS	0.26961896	False
2691	2.9520275972297587	0.3277230152159884	0.11101624372466239	DHPS	0.26961896	False
2692	2.9520275972297587	0.3277230152159884	0.11101624372466239	FBXW9	0.26961896	False
2693	2.9520275972297587	0.3277230152159884	0.11101624372466239	TNPO2	0.26961896	False
2694	2.9520275972297587	0.3277230152159884	0.11101624372466239	SNORD41	0.26961896	False
2695	2.9520275972297587	0.3277230152159884	0.11101624372466239	TRIR	0.26961896	False
2696	2.9520275972297587	0.3277230152159884	0.11101624372466239	ASNA1	0.26961896	False
2697	2.9520275972297587	0.3277230152159884	0.11101624372466239	BEST2	0.26961896	False
2698	2.9520275972297587	0.3277230152159884	0.11101624372466239	HOOK2	0.26961896	False
2699	2.9520275972297587	0.3277230152159884	0.11101624372466239	MIR5684	0.26961896	False
2700	2.9520275972297587	0.3277230152159884	0.11101624372466239	JUNB	0.26961896	False
2701	2.9520275972297587	0.3277230152159884	0.11101624372466239	PRDX2	0.26961896	False
2702	2.9520275972297587	0.3277230152159884	0.11101624372466239	RNASEH2A	0.26961896	False
2703	2.9520275972297587	0.3277230152159884	0.11101624372466239	RTBDN	0.26961896	False
2704	2.9520275972297587	0.3277230152159884	0.11101624372466239	MAST1	0.26961896	False
2705	2.9520275972297587	0.3277230152159884	0.11101624372466239	MIR6794	0.26961896	False
2706	2.9520275972297587	0.3277230152159884	0.11101624372466239	DNASE2	0.26961896	False
2707	2.9520275972297587	0.3277230152159884	0.11101624372466239	KLF1	0.26961896	False
2708	2.8195207901096953	0.2567692973081475	0.0910684177995218	GCDH	0.26961845	False
2709	2.8195207901096953	0.2567692973081475	0.0910684177995218	SYCE2	0.26961845	False
2710	2.8195207901096953	0.2567692973081475	0.0910684177995218	MIR5695	0.26961845	False
2711	2.8195207901096953	0.2567692973081475	0.0910684177995218	FARSA	0.26961845	False
2712	2.8195207901096953	0.2567692973081475	0.0910684177995218	CALR	0.26961845	False
2713	2.8195207901096953	0.2567692973081475	0.0910684177995218	MIR6515	0.26961845	False
2714	2.8195207901096953	0.2567692973081475	0.0910684177995218	RAD23A	0.26961845	False
2715	2.8195207901096953	0.2567692973081475	0.0910684177995218	GADD45GIP1	0.26961845	False
2716	2.8195207901096953	0.2567692973081475	0.0910684177995218	DAND5	0.26961845	False
2717	2.8195207901096953	0.2567692973081475	0.0910684177995218	NFIX	0.26961845	False
2718	2.8195207901096953	0.2567692973081475	0.0910684177995218	LYL1	0.26961845	False
2719	2.76065820156587	0.266988339161649	0.09671184176665218	TRMT1	0.26961848	False
2720	2.76065820156587	0.266988339161649	0.09671184176665218	NACC1	0.26961848	False
2721	2.76065820156587	0.266988339161649	0.09671184176665218	STX10	0.26961848	False
2722	2.76065820156587	0.266988339161649	0.09671184176665218	IER2	0.26961848	False
2723	2.76065820156587	0.266988339161649	0.09671184176665218	CACNA1A	0.26961848	False
2724	2.76065820156587	0.266988339161649	0.09671184176665218	CCDC130	0.26961848	False
2725	2.76065820156587	0.266988339161649	0.09671184176665218	MRI1	0.26961848	False
2726	2.76065820156587	0.266988339161649	0.09671184176665218	C19orf53	0.26961848	False
2727	2.76065820156587	0.266988339161649	0.09671184176665218	ZSWIM4	0.26961848	False
2728	2.76065820156587	0.266988339161649	0.09671184176665218	LOC284454	0.26961848	False
2729	2.76065820156587	0.266988339161649	0.09671184176665218	MIR24-2	0.26961848	False
2730	2.76065820156587	0.266988339161649	0.09671184176665218	MIR27A	0.26961848	False
2731	2.76065820156587	0.266988339161649	0.09671184176665218	MIR23A	0.26961848	False
2732	2.76065820156587	0.266988339161649	0.09671184176665218	NANOS3	0.26961848	False
2733	2.76065820156587	0.266988339161649	0.09671184176665218	MIR181C	0.26961848	False
2734	2.76065820156587	0.266988339161649	0.09671184176665218	MIR181D	0.26961848	False
2735	2.735596001187494	0.2716394046712104	0.09929807053135571	RAB8A	0.26961845	False
2736	2.735596001187494	0.2716394046712104	0.09929807053135571	HSH2D	0.26961845	False
2737	2.735596001187494	0.2716394046712104	0.09929807053135571	CIB3	0.26961845	False
2738	2.735596001187494	0.2716394046712104	0.09929807053135571	FAM32A	0.26961845	False
2739	2.735596001187494	0.2716394046712104	0.09929807053135571	AP1M1	0.26961845	False
2740	2.735596001187494	0.2716394046712104	0.09929807053135571	KLF2	0.26961845	False
2741	2.735596001187494	0.2716394046712104	0.09929807053135571	EPS15L1	0.26961845	False
2742	2.735596001187494	0.2716394046712104	0.09929807053135571	CALR3	0.26961845	False
2743	2.735596001187494	0.2716394046712104	0.09929807053135571	MED26	0.26961845	False
2744	2.735596001187494	0.2716394046712104	0.09929807053135571	C19orf44	0.26961845	False
2745	2.735596001187494	0.2716394046712104	0.09929807053135571	CHERP	0.26961845	False
2746	2.735596001187494	0.2716394046712104	0.09929807053135571	SLC35E1	0.26961845	False
2747	2.735596001187494	0.2716394046712104	0.09929807053135571	SMIM7	0.26961845	False
2748	2.735596001187494	0.2716394046712104	0.09929807053135571	TMEM38A	0.26961845	False
2749	2.735596001187494	0.2716394046712104	0.09929807053135571	NWD1	0.26961845	False
2750	2.735596001187494	0.2716394046712104	0.09929807053135571	SIN3B	0.26961845	False
2751	2.735596001187494	0.2716394046712104	0.09929807053135571	F2RL3	0.26961845	False
2752	2.7875898240066572	0.2693549882185398	0.09662647850801473	CPAMD8	0.26961848	False
2753	2.7875898240066572	0.2693549882185398	0.09662647850801473	HAUS8	0.26961848	False
2754	2.7875898240066572	0.2693549882185398	0.09662647850801473	MYO9B	0.26961848	False
2755	2.905105639695903	0.34190242819779476	0.11769018775977591	USE1	0.26961908	False
2756	2.905105639695903	0.34190242819779476	0.11769018775977591	OCEL1	0.26961908	False
2757	2.905105639695903	0.34190242819779476	0.11769018775977591	NR2F6	0.26961908	False
2758	2.905105639695903	0.34190242819779476	0.11769018775977591	USHBP1	0.26961908	False
2759	2.905105639695903	0.34190242819779476	0.11769018775977591	BABAM1	0.26961908	False
2760	2.905105639695903	0.34190242819779476	0.11769018775977591	ANKLE1	0.26961908	False
2761	2.905105639695903	0.34190242819779476	0.11769018775977591	ABHD8	0.26961908	False
2762	2.905105639695903	0.34190242819779476	0.11769018775977591	MRPL34	0.26961908	False
2763	2.905105639695903	0.34190242819779476	0.11769018775977591	DDA1	0.26961908	False
2764	2.905105639695903	0.34190242819779476	0.11769018775977591	ANO8	0.26961908	False
2765	2.905105639695903	0.34190242819779476	0.11769018775977591	GTPBP3	0.26961908	False
2766	2.905105639695903	0.34190242819779476	0.11769018775977591	PLVAP	0.26961908	False
2767	2.905105639695903	0.34190242819779476	0.11769018775977591	BST2	0.26961908	False
2768	2.905105639695903	0.34190242819779476	0.11769018775977591	BISPR	0.26961908	False
2769	2.905105639695903	0.34190242819779476	0.11769018775977591	MVB12A	0.26961908	False
2770	2.905105639695903	0.34190242819779476	0.11769018775977591	TMEM221	0.26961908	False
2771	2.905105639695903	0.34190242819779476	0.11769018775977591	NXNL1	0.26961908	False
2772	2.905105639695903	0.34190242819779476	0.11769018775977591	SLC27A1	0.26961908	False
2773	2.905105639695903	0.34190242819779476	0.11769018775977591	PGLS	0.26961908	False
2774	2.905105639695903	0.34190242819779476	0.11769018775977591	FAM129C	0.26961908	False
2775	2.905105639695903	0.34190242819779476	0.11769018775977591	COLGALT1	0.26961908	False
2776	2.905105639695903	0.34190242819779476	0.11769018775977591	UNC13A	0.26961908	False
2777	2.905105639695903	0.34190242819779476	0.11769018775977591	MAP1S	0.26961908	False
2778	2.905105639695903	0.34190242819779476	0.11769018775977591	FCHO1	0.26961908	False
2779	2.905105639695903	0.34190242819779476	0.11769018775977591	B3GNT3	0.26961908	False
2780	2.905105639695903	0.34190242819779476	0.11769018775977591	INSL3	0.26961908	False
2781	2.905105639695903	0.34190242819779476	0.11769018775977591	JAK3	0.26961908	False
2782	2.905105639695903	0.34190242819779476	0.11769018775977591	RPL18A	0.26961908	False
2783	2.905105639695903	0.34190242819779476	0.11769018775977591	SNORA68	0.26961908	False
2784	2.905105639695903	0.34190242819779476	0.11769018775977591	SLC5A5	0.26961908	False
2785	2.856481548399801	0.3037278749486697	0.10632936702105351	CCDC124	0.26961878	False
2786	2.856481548399801	0.3037278749486697	0.10632936702105351	KCNN1	0.26961878	False
2787	2.856481548399801	0.3037278749486697	0.10632936702105351	ARRDC2	0.26961878	False
2788	2.856481548399801	0.3037278749486697	0.10632936702105351	IL12RB1	0.26961878	False
2789	2.856481548399801	0.3037278749486697	0.10632936702105351	MAST3	0.26961878	False
2790	2.992360089077834	0.39554518211657647	0.13218502130152157	PIK3R2	0.26961938	False
2791	2.992360089077834	0.39554518211657647	0.13218502130152157	IFI30	0.26961938	False
2792	2.992360089077834	0.39554518211657647	0.13218502130152157	MPV17L2	0.26961938	False
2793	2.992360089077834	0.39554518211657647	0.13218502130152157	RAB3A	0.26961938	False
2794	2.992360089077834	0.39554518211657647	0.13218502130152157	LOC102725254	0.26961938	False
2795	2.992360089077834	0.39554518211657647	0.13218502130152157	PDE4C	0.26961938	False
2796	2.992360089077834	0.39554518211657647	0.13218502130152157	LOC729966	0.26961938	False
2797	2.992360089077834	0.39554518211657647	0.13218502130152157	IQCN	0.26961938	False
2798	2.992360089077834	0.39554518211657647	0.13218502130152157	JUND	0.26961938	False
2799	2.992360089077834	0.39554518211657647	0.13218502130152157	MIR3188	0.26961938	False
2800	2.992360089077834	0.39554518211657647	0.13218502130152157	LSM4	0.26961938	False
2801	2.992360089077834	0.39554518211657647	0.13218502130152157	PGPEP1	0.26961938	False
2802	2.992360089077834	0.39554518211657647	0.13218502130152157	GDF15	0.26961938	False
2803	2.992360089077834	0.39554518211657647	0.13218502130152157	MIR3189	0.26961938	False
2804	2.992360089077834	0.39554518211657647	0.13218502130152157	LRRC25	0.26961938	False
2805	2.992360089077834	0.39554518211657647	0.13218502130152157	SSBP4	0.26961938	False
2806	2.992360089077834	0.39554518211657647	0.13218502130152157	ISYNA1	0.26961938	False
2807	2.992360089077834	0.39554518211657647	0.13218502130152157	ELL	0.26961938	False
2808	2.992360089077834	0.39554518211657647	0.13218502130152157	FKBP8	0.26961938	False
2809	2.992360089077834	0.39554518211657647	0.13218502130152157	KXD1	0.26961938	False
2810	2.992360089077834	0.39554518211657647	0.13218502130152157	UBA52	0.26961938	False
2811	2.992360089077834	0.39554518211657647	0.13218502130152157	CRLF1	0.26961938	False
2812	2.992360089077834	0.39554518211657647	0.13218502130152157	REX1BD	0.26961938	False
2813	2.992360089077834	0.39554518211657647	0.13218502130152157	TMEM59L	0.26961938	False
2814	2.992360089077834	0.39554518211657647	0.13218502130152157	KLHL26	0.26961938	False
2815	2.992360089077834	0.39554518211657647	0.13218502130152157	CRTC1	0.26961938	False
2816	2.992360089077834	0.39554518211657647	0.13218502130152157	COMP	0.26961938	False
2817	2.992360089077834	0.39554518211657647	0.13218502130152157	UPF1	0.26961938	False
2818	2.992360089077834	0.39554518211657647	0.13218502130152157	GDF1	0.26961938	False
2819	2.992360089077834	0.39554518211657647	0.13218502130152157	CERS1	0.26961938	False
2820	2.839747621093928	0.31779676496096365	0.1119102143445205	COPE	0.26961875	False
2821	2.839747621093928	0.31779676496096365	0.1119102143445205	HOMER3	0.26961875	False
2822	2.839747621093928	0.31779676496096365	0.1119102143445205	DDX49	0.26961875	False
2823	2.839747621093928	0.31779676496096365	0.1119102143445205	HOMER3-AS1	0.26961875	False
2824	2.839747621093928	0.31779676496096365	0.1119102143445205	SUGP2	0.26961875	False
2825	2.839747621093928	0.31779676496096365	0.1119102143445205	ARMC6	0.26961875	False
2826	2.839747621093928	0.31779676496096365	0.1119102143445205	SLC25A42	0.26961875	False
2827	2.797370082467377	0.3317674955806597	0.11859978687125636	TMEM161A	0.26961887	False
2828	2.797370082467377	0.3317674955806597	0.11859978687125636	BORCS8-MEF2B	0.26961887	False
2829	2.797370082467377	0.3317674955806597	0.11859978687125636	MEF2B	0.26961887	False
2830	2.797370082467377	0.3317674955806597	0.11859978687125636	BORCS8	0.26961887	False
2831	2.797370082467377	0.3317674955806597	0.11859978687125636	RFXANK	0.26961887	False
2832	2.797370082467377	0.3317674955806597	0.11859978687125636	NR2C2AP	0.26961887	False
2833	2.797370082467377	0.3317674955806597	0.11859978687125636	NCAN	0.26961887	False
2834	2.797370082467377	0.3317674955806597	0.11859978687125636	HAPLN4	0.26961887	False
2835	2.797370082467377	0.3317674955806597	0.11859978687125636	TM6SF2	0.26961887	False
2836	2.797370082467377	0.3317674955806597	0.11859978687125636	SUGP1	0.26961887	False
2837	2.797370082467377	0.3317674955806597	0.11859978687125636	MAU2	0.26961887	False
2838	2.797370082467377	0.3317674955806597	0.11859978687125636	GATAD2A	0.26961887	False
2839	2.797370082467377	0.3317674955806597	0.11859978687125636	MIR640	0.26961887	False
2840	2.797370082467377	0.3317674955806597	0.11859978687125636	TSSK6	0.26961887	False
2841	2.797370082467377	0.3317674955806597	0.11859978687125636	NDUFA13	0.26961887	False
2842	2.797370082467377	0.3317674955806597	0.11859978687125636	YJEFN3	0.26961887	False
2843	2.797370082467377	0.3317674955806597	0.11859978687125636	CILP2	0.26961887	False
2844	2.797370082467377	0.3317674955806597	0.11859978687125636	PBX4	0.26961887	False
2845	2.797370082467377	0.3317674955806597	0.11859978687125636	LPAR2	0.26961887	False
2846	2.797370082467377	0.3317674955806597	0.11859978687125636	GMIP	0.26961887	False
2847	2.797370082467377	0.3317674955806597	0.11859978687125636	ATP13A1	0.26961887	False
2848	2.797370082467377	0.3317674955806597	0.11859978687125636	ZNF101	0.26961887	False
2849	2.797370082467377	0.3317674955806597	0.11859978687125636	ZNF14	0.26961887	False
2850	2.797370082467377	0.3317674955806597	0.11859978687125636	LINC00663	0.26961887	False
2851	2.797370082467377	0.3317674955806597	0.11859978687125636	ZNF506	0.26961887	False
2852	2.797370082467377	0.3317674955806597	0.11859978687125636	ZNF253	0.26961887	False
2853	2.7007650348689327	0.23510377894443052	0.0870508081632655	FCGBP	0.2696183	False
2854	2.7007650348689327	0.23510377894443052	0.0870508081632655	PSMC4	0.2696183	False
2855	2.7007650348689327	0.23510377894443052	0.0870508081632655	ZNF546	0.2696183	False
2856	2.7007650348689327	0.23510377894443052	0.0870508081632655	ZNF780B	0.2696183	False
2857	2.7007650348689327	0.23510377894443052	0.0870508081632655	ZNF780A	0.2696183	False
2858	2.7883946344114126	0.28171944672701743	0.10103284637344172	MAP3K10	0.26961857	False
2859	2.7883946344114126	0.28171944672701743	0.10103284637344172	TTC9B	0.26961857	False
2860	2.7883946344114126	0.28171944672701743	0.10103284637344172	CNTD2	0.26961857	False
2861	2.7883946344114126	0.28171944672701743	0.10103284637344172	AKT2	0.26961857	False
2862	2.7883946344114126	0.28171944672701743	0.10103284637344172	MIR641	0.26961857	False
2863	2.7883946344114126	0.28171944672701743	0.10103284637344172	C19orf47	0.26961857	False
2864	2.7883946344114126	0.28171944672701743	0.10103284637344172	PLD3	0.26961857	False
2865	2.7883946344114126	0.28171944672701743	0.10103284637344172	MIR6796	0.26961857	False
2866	2.7883946344114126	0.28171944672701743	0.10103284637344172	HIPK4	0.26961857	False
2867	2.7883946344114126	0.28171944672701743	0.10103284637344172	PRX	0.26961857	False
2868	2.7883946344114126	0.28171944672701743	0.10103284637344172	SERTAD1	0.26961857	False
2869	2.7883946344114126	0.28171944672701743	0.10103284637344172	SERTAD3	0.26961857	False
2870	2.7883946344114126	0.28171944672701743	0.10103284637344172	BLVRB	0.26961857	False
2871	2.7883946344114126	0.28171944672701743	0.10103284637344172	SPTBN4	0.26961857	False
2872	2.7883946344114126	0.28171944672701743	0.10103284637344172	SHKBP1	0.26961857	False
2873	2.7883946344114126	0.28171944672701743	0.10103284637344172	LTBP4	0.26961857	False
2874	2.7883946344114126	0.28171944672701743	0.10103284637344172	NUMBL	0.26961857	False
2875	2.7883946344114126	0.28171944672701743	0.10103284637344172	COQ8B	0.26961857	False
2876	2.7883946344114126	0.28171944672701743	0.10103284637344172	ITPKC	0.26961857	False
2877	2.7883946344114126	0.28171944672701743	0.10103284637344172	C19orf54	0.26961857	False
2878	2.7883946344114126	0.28171944672701743	0.10103284637344172	SNRPA	0.26961857	False
2879	2.7883946344114126	0.28171944672701743	0.10103284637344172	MIA	0.26961857	False
2880	2.7883946344114126	0.28171944672701743	0.10103284637344172	MIA-RAB4B	0.26961857	False
2881	2.7883946344114126	0.28171944672701743	0.10103284637344172	RAB4B	0.26961857	False
2882	2.7883946344114126	0.28171944672701743	0.10103284637344172	RAB4B-EGLN2	0.26961857	False
2883	2.7883946344114126	0.28171944672701743	0.10103284637344172	EGLN2	0.26961857	False
2884	2.7883946344114126	0.28171944672701743	0.10103284637344172	CYP2G1P	0.26961857	False
2885	2.7883946344114126	0.28171944672701743	0.10103284637344172	CYP2A6	0.26961857	False
2886	2.7883946344114126	0.28171944672701743	0.10103284637344172	CYP2A7	0.26961857	False
2887	2.7016314428506094	0.23641493271119896	0.08750821039517782	CYP2B6	0.2696183	False
2888	2.7016314428506094	0.23641493271119896	0.08750821039517782	CYP2A13	0.2696183	False
2889	2.716158646479083	0.22913947878349075	0.08436159613891514	PSG6	0.26961824	False
2890	2.716158646479083	0.22913947878349075	0.08436159613891514	PSG7	0.26961824	False
2891	2.716158646479083	0.22913947878349075	0.08436159613891514	PSG11	0.26961824	False
2892	2.716158646479083	0.22913947878349075	0.08436159613891514	PSG2	0.26961824	False
2893	2.742657869471996	0.2616331871052919	0.09539403000916782	PSG5	0.26961845	False
2894	2.742657869471996	0.2616331871052919	0.09539403000916782	PSG4	0.26961845	False
2895	2.742657869471996	0.2616331871052919	0.09539403000916782	LOC284344	0.26961845	False
2896	2.742657869471996	0.2616331871052919	0.09539403000916782	PSG9	0.26961845	False
2897	2.742657869471996	0.2616331871052919	0.09539403000916782	CD177	0.26961845	False
2898	2.742657869471996	0.2616331871052919	0.09539403000916782	TEX101	0.26961845	False
2899	2.742657869471996	0.2616331871052919	0.09539403000916782	LYPD3	0.26961845	False
2900	2.742657869471996	0.2616331871052919	0.09539403000916782	PHLDB3	0.26961845	False
2901	2.742657869471996	0.2616331871052919	0.09539403000916782	ETHE1	0.26961845	False
2902	2.742657869471996	0.2616331871052919	0.09539403000916782	ZNF575	0.26961845	False
2903	2.742657869471996	0.2616331871052919	0.09539403000916782	XRCC1	0.26961845	False
2904	2.742657869471996	0.2616331871052919	0.09539403000916782	PINLYP	0.26961845	False
2905	2.742657869471996	0.2616331871052919	0.09539403000916782	IRGQ	0.26961845	False
2906	2.742657869471996	0.2616331871052919	0.09539403000916782	ZNF576	0.26961845	False
2907	2.742657869471996	0.2616331871052919	0.09539403000916782	ZNF428	0.26961845	False
2908	2.742657869471996	0.2616331871052919	0.09539403000916782	SRRM5	0.26961845	False
2909	2.742657869471996	0.2616331871052919	0.09539403000916782	CADM4	0.26961845	False
2910	2.742657869471996	0.2616331871052919	0.09539403000916782	PLAUR	0.26961845	False
2911	2.742657869471996	0.2616331871052919	0.09539403000916782	IRGC	0.26961845	False
2912	2.742657869471996	0.2616331871052919	0.09539403000916782	SMG9	0.26961845	False
2913	2.742657869471996	0.2616331871052919	0.09539403000916782	KCNN4	0.26961845	False
2914	2.742657869471996	0.2616331871052919	0.09539403000916782	LYPD5	0.26961845	False
2915	2.742657869471996	0.2616331871052919	0.09539403000916782	ZNF283	0.26961845	False
2916	2.742657869471996	0.2616331871052919	0.09539403000916782	ZNF404	0.26961845	False
2917	2.7680562712333376	0.2447984852050443	0.08843696125294868	LOC100505715	0.2696183	False
2918	2.7680562712333376	0.2447984852050443	0.08843696125294868	ZNF45	0.2696183	False
2919	2.7680562712333376	0.2447984852050443	0.08843696125294868	ZNF221	0.2696183	False
2920	2.7680562712333376	0.2447984852050443	0.08843696125294868	ZNF155	0.2696183	False
2921	2.7680562712333376	0.2447984852050443	0.08843696125294868	LOC101928063	0.2696183	False
2922	2.7680562712333376	0.2447984852050443	0.08843696125294868	ZNF230	0.2696183	False
2923	2.7680562712333376	0.2447984852050443	0.08843696125294868	ZNF222	0.2696183	False
2924	2.7680562712333376	0.2447984852050443	0.08843696125294868	ZNF284	0.2696183	False
2925	2.7680562712333376	0.2447984852050443	0.08843696125294868	ZNF223	0.2696183	False
2926	2.7680562712333376	0.2447984852050443	0.08843696125294868	ZNF224	0.2696183	False
2927	2.895649620652013	0.31948852286826973	0.11033397155154792	LOC100379224	0.26961887	False
2928	2.895649620652013	0.31948852286826973	0.11033397155154792	ZNF225	0.26961887	False
2929	2.895649620652013	0.31948852286826973	0.11033397155154792	ZNF234	0.26961887	False
2930	2.895649620652013	0.31948852286826973	0.11033397155154792	ZNF226	0.26961887	False
2931	2.895649620652013	0.31948852286826973	0.11033397155154792	ZNF227	0.26961887	False
2932	2.895649620652013	0.31948852286826973	0.11033397155154792	ZNF235	0.26961887	False
2933	2.895649620652013	0.31948852286826973	0.11033397155154792	ZNF233	0.26961887	False
2934	2.895649620652013	0.31948852286826973	0.11033397155154792	ZNF112	0.26961887	False
2935	2.895649620652013	0.31948852286826973	0.11033397155154792	ZNF285	0.26961887	False
2936	2.895649620652013	0.31948852286826973	0.11033397155154792	ZNF229	0.26961887	False
2937	2.895649620652013	0.31948852286826973	0.11033397155154792	ZNF180	0.26961887	False
2938	2.895649620652013	0.31948852286826973	0.11033397155154792	CEACAM20	0.26961887	False
2939	2.895649620652013	0.31948852286826973	0.11033397155154792	IGSF23	0.26961887	False
2940	2.895649620652013	0.31948852286826973	0.11033397155154792	PVR	0.26961887	False
2941	2.895649620652013	0.31948852286826973	0.11033397155154792	CEACAM19	0.26961887	False
2942	2.895649620652013	0.31948852286826973	0.11033397155154792	CEACAM16	0.26961887	False
2943	2.895649620652013	0.31948852286826973	0.11033397155154792	BCL3	0.26961887	False
2944	2.895649620652013	0.31948852286826973	0.11033397155154792	MIR8085	0.26961887	False
2945	2.895649620652013	0.31948852286826973	0.11033397155154792	CBLC	0.26961887	False
2946	2.895649620652013	0.31948852286826973	0.11033397155154792	BCAM	0.26961887	False
2947	2.895649620652013	0.31948852286826973	0.11033397155154792	NECTIN2	0.26961887	False
2948	2.903413248828265	0.29202668685991034	0.10058047609232479	TOMM40	0.2696187	False
2949	2.903413248828265	0.29202668685991034	0.10058047609232479	APOE	0.2696187	False
2950	2.903413248828265	0.29202668685991034	0.10058047609232479	APOC1	0.2696187	False
2951	2.903413248828265	0.29202668685991034	0.10058047609232479	APOC4	0.2696187	False
2952	2.903413248828265	0.29202668685991034	0.10058047609232479	APOC4-APOC2	0.2696187	False
2953	2.903413248828265	0.29202668685991034	0.10058047609232479	APOC2	0.2696187	False
2954	2.903413248828265	0.29202668685991034	0.10058047609232479	CLPTM1	0.2696187	False
2955	2.903413248828265	0.29202668685991034	0.10058047609232479	RELB	0.2696187	False
2956	2.903413248828265	0.29202668685991034	0.10058047609232479	CLASRP	0.2696187	False
2957	2.903413248828265	0.29202668685991034	0.10058047609232479	ZNF296	0.2696187	False
2958	2.903413248828265	0.29202668685991034	0.10058047609232479	GEMIN7-AS1	0.2696187	False
2959	2.903413248828265	0.29202668685991034	0.10058047609232479	GEMIN7	0.2696187	False
2960	2.903413248828265	0.29202668685991034	0.10058047609232479	MARK4	0.2696187	False
2961	2.903413248828265	0.29202668685991034	0.10058047609232479	PPP1R37	0.2696187	False
2962	2.9939212353923144	0.3588360689751775	0.1198548795249641	NKPD1	0.2696192	False
2963	2.9939212353923144	0.3588360689751775	0.1198548795249641	TRAPPC6A	0.2696192	False
2964	2.9939212353923144	0.3588360689751775	0.1198548795249641	BLOC1S3	0.2696192	False
2965	2.9939212353923144	0.3588360689751775	0.1198548795249641	EXOC3L2	0.2696192	False
2966	2.9939212353923144	0.3588360689751775	0.1198548795249641	CKM	0.2696192	False
2967	2.9939212353923144	0.3588360689751775	0.1198548795249641	KLC3	0.2696192	False
2968	2.9939212353923144	0.3588360689751775	0.1198548795249641	ERCC2	0.2696192	False
2969	2.9939212353923144	0.3588360689751775	0.1198548795249641	PPP1R13L	0.2696192	False
2970	2.9939212353923144	0.3588360689751775	0.1198548795249641	CD3EAP	0.2696192	False
2971	2.9939212353923144	0.3588360689751775	0.1198548795249641	ERCC1	0.2696192	False
2972	2.9939212353923144	0.3588360689751775	0.1198548795249641	MIR6088	0.2696192	False
2973	2.9939212353923144	0.3588360689751775	0.1198548795249641	FOSB	0.2696192	False
2974	2.9939212353923144	0.3588360689751775	0.1198548795249641	RTN2	0.2696192	False
2975	2.9939212353923144	0.3588360689751775	0.1198548795249641	PPM1N	0.2696192	False
2976	2.9939212353923144	0.3588360689751775	0.1198548795249641	VASP	0.2696192	False
2977	2.9939212353923144	0.3588360689751775	0.1198548795249641	OPA3	0.2696192	False
2978	2.9939212353923144	0.3588360689751775	0.1198548795249641	GPR4	0.2696192	False
2979	2.9939212353923144	0.3588360689751775	0.1198548795249641	EML2	0.2696192	False
2980	2.9939212353923144	0.3588360689751775	0.1198548795249641	MIR330	0.2696192	False
2981	2.9939212353923144	0.3588360689751775	0.1198548795249641	EML2-AS1	0.2696192	False
2982	2.9939212353923144	0.3588360689751775	0.1198548795249641	GIPR	0.2696192	False
2983	2.9939212353923144	0.3588360689751775	0.1198548795249641	MIR642A	0.2696192	False
2984	2.9939212353923144	0.3588360689751775	0.1198548795249641	SNRPD2	0.2696192	False
2985	2.9939212353923144	0.3588360689751775	0.1198548795249641	QPCTL	0.2696192	False
2986	2.9939212353923144	0.3588360689751775	0.1198548795249641	FBXO46	0.2696192	False
2987	2.9939212353923144	0.3588360689751775	0.1198548795249641	BHMG1	0.2696192	False
2988	2.9939212353923144	0.3588360689751775	0.1198548795249641	SIX5	0.2696192	False
2989	2.9939212353923144	0.3588360689751775	0.1198548795249641	DMPK	0.2696192	False
2990	2.9939212353923144	0.3588360689751775	0.1198548795249641	DMWD	0.2696192	False
2991	2.9939212353923144	0.3588360689751775	0.1198548795249641	RSPH6A	0.2696192	False
2992	2.9939212353923144	0.3588360689751775	0.1198548795249641	SYMPK	0.2696192	False
2993	2.9939212353923144	0.3588360689751775	0.1198548795249641	FOXA3	0.2696192	False
2994	2.9939212353923144	0.3588360689751775	0.1198548795249641	IRF2BP1	0.2696192	False
2995	2.929231451504601	0.2937339181606405	0.1002767869400569	MYPOP	0.26961872	False
2996	2.929231451504601	0.2937339181606405	0.1002767869400569	NANOS2	0.26961872	False
2997	2.929231451504601	0.2937339181606405	0.1002767869400569	NOVA2	0.26961872	False
2998	2.929231451504601	0.2937339181606405	0.1002767869400569	CCDC61	0.26961872	False
2999	2.929231451504601	0.2937339181606405	0.1002767869400569	MIR769	0.26961872	False
3000	2.929231451504601	0.2937339181606405	0.1002767869400569	PGLYRP1	0.26961872	False
3001	2.929231451504601	0.2937339181606405	0.1002767869400569	IGFL4	0.26961872	False
3002	2.929231451504601	0.2937339181606405	0.1002767869400569	LOC400706	0.26961872	False
3003	2.9285936479825034	0.31282628758678116	0.10681792190674386	IGFL3	0.26961878	False
3004	2.9285936479825034	0.31282628758678116	0.10681792190674386	IGFL2	0.26961878	False
3005	2.9285936479825034	0.31282628758678116	0.10681792190674386	IGFL2-AS1	0.26961878	False
3006	2.9285936479825034	0.31282628758678116	0.10681792190674386	LOC93429	0.26961878	False
3007	2.9285936479825034	0.31282628758678116	0.10681792190674386	IGFL1	0.26961878	False
3008	2.9285936479825034	0.31282628758678116	0.10681792190674386	HIF3A	0.26961878	False
3009	2.9285936479825034	0.31282628758678116	0.10681792190674386	PPP5C	0.26961878	False
3010	2.9285936479825034	0.31282628758678116	0.10681792190674386	CCDC8	0.26961878	False
3011	2.9285936479825034	0.31282628758678116	0.10681792190674386	PNMA8A	0.26961878	False
3012	2.9285936479825034	0.31282628758678116	0.10681792190674386	PPP5D1	0.26961878	False
3013	2.9285936479825034	0.31282628758678116	0.10681792190674386	PNMA8B	0.26961878	False
3014	2.9285936479825034	0.31282628758678116	0.10681792190674386	CALM3	0.26961878	False
3015	2.9285936479825034	0.31282628758678116	0.10681792190674386	PTGIR	0.26961878	False
3016	2.9285936479825034	0.31282628758678116	0.10681792190674386	GNG8	0.26961878	False
3017	2.9285936479825034	0.31282628758678116	0.10681792190674386	DACT3	0.26961878	False
3018	2.9285936479825034	0.31282628758678116	0.10681792190674386	DACT3-AS1	0.26961878	False
3019	2.9285936479825034	0.31282628758678116	0.10681792190674386	PRKD2	0.26961878	False
3020	2.9285936479825034	0.31282628758678116	0.10681792190674386	MIR320E	0.26961878	False
3021	2.9285936479825034	0.31282628758678116	0.10681792190674386	STRN4	0.26961878	False
3022	2.9285936479825034	0.31282628758678116	0.10681792190674386	FKRP	0.26961878	False
3023	2.9285936479825034	0.31282628758678116	0.10681792190674386	SLC1A5	0.26961878	False
3024	2.9285936479825034	0.31282628758678116	0.10681792190674386	AP2S1	0.26961878	False
3025	3.0141831028867054	0.3047847431368968	0.10111686408334059	ARHGAP35	0.2696188	False
3026	3.0141831028867054	0.3047847431368968	0.10111686408334059	NPAS1	0.2696188	False
3027	3.0141831028867054	0.3047847431368968	0.10111686408334059	TMEM160	0.2696188	False
3028	3.0141831028867054	0.3047847431368968	0.10111686408334059	ZC3H4	0.2696188	False
3029	3.0575375087722656	0.3467135803933695	0.11339634571894103	SAE1	0.2696192	False
3030	3.0575375087722656	0.3467135803933695	0.11339634571894103	BBC3	0.2696192	False
3031	3.0575375087722656	0.3467135803933695	0.11339634571894103	MIR3190	0.2696192	False
3032	3.0575375087722656	0.3467135803933695	0.11339634571894103	CCDC9	0.2696192	False
3033	3.0575375087722656	0.3467135803933695	0.11339634571894103	INAFM1	0.2696192	False
3034	3.0575375087722656	0.3467135803933695	0.11339634571894103	C5AR1	0.2696192	False
3035	3.0575375087722656	0.3467135803933695	0.11339634571894103	C5AR2	0.2696192	False
3036	3.0575375087722656	0.3467135803933695	0.11339634571894103	DHX34	0.2696192	False
3037	3.0575375087722656	0.3467135803933695	0.11339634571894103	MEIS3	0.2696192	False
3038	3.0575375087722656	0.3467135803933695	0.11339634571894103	SLC8A2	0.2696192	False
3039	3.0575375087722656	0.3467135803933695	0.11339634571894103	KPTN	0.2696192	False
3040	3.0575375087722656	0.3467135803933695	0.11339634571894103	NAPA-AS1	0.2696192	False
3041	3.0575375087722656	0.3467135803933695	0.11339634571894103	NAPA	0.2696192	False
3042	3.0575375087722656	0.3467135803933695	0.11339634571894103	ZNF541	0.2696192	False
3043	3.0575375087722656	0.3467135803933695	0.11339634571894103	BICRA	0.2696192	False
3044	3.0575375087722656	0.3467135803933695	0.11339634571894103	EHD2	0.2696192	False
3045	3.0575375087722656	0.3467135803933695	0.11339634571894103	NOP53	0.2696192	False
3046	3.0575375087722656	0.3467135803933695	0.11339634571894103	SNORD23	0.2696192	False
3047	3.0575375087722656	0.3467135803933695	0.11339634571894103	NOP53-AS1	0.2696192	False
3048	3.0575375087722656	0.3467135803933695	0.11339634571894103	SELENOW	0.2696192	False
3049	3.0575375087722656	0.3467135803933695	0.11339634571894103	TPRX1	0.2696192	False
3050	3.0575375087722656	0.3467135803933695	0.11339634571894103	CRX	0.2696192	False
3051	3.0575375087722656	0.3467135803933695	0.11339634571894103	SULT2A1	0.2696192	False
3052	3.0496640330040745	0.3197508026619761	0.1048478780618353	BSPH1	0.26961902	False
3053	3.0496640330040745	0.3197508026619761	0.1048478780618353	ELSPBP1	0.26961902	False
3054	3.0496640330040745	0.3197508026619761	0.1048478780618353	CABP5	0.26961902	False
3055	3.0496640330040745	0.3197508026619761	0.1048478780618353	PLA2G4C	0.26961902	False
3056	3.0496640330040745	0.3197508026619761	0.1048478780618353	PLA2G4C-AS1	0.26961902	False
3057	3.097617662868602	0.37697543026110414	0.12169850229740735	LIG1	0.2696195	False
3058	3.097617662868602	0.37697543026110414	0.12169850229740735	ZSWIM9	0.2696195	False
3059	3.097617662868602	0.37697543026110414	0.12169850229740735	ZNF114	0.2696195	False
3060	3.097617662868602	0.37697543026110414	0.12169850229740735	CARD8	0.2696195	False
3061	3.097617662868602	0.37697543026110414	0.12169850229740735	CARD8-AS1	0.2696195	False
3062	3.097617662868602	0.37697543026110414	0.12169850229740735	CCDC114	0.2696195	False
3063	3.097617662868602	0.37697543026110414	0.12169850229740735	EMP3	0.2696195	False
3064	3.097617662868602	0.37697543026110414	0.12169850229740735	TMEM143	0.2696195	False
3065	3.097617662868602	0.37697543026110414	0.12169850229740735	SYNGR4	0.2696195	False
3066	3.097617662868602	0.37697543026110414	0.12169850229740735	KDELR1	0.2696195	False
3067	3.097617662868602	0.37697543026110414	0.12169850229740735	GRIN2D	0.2696195	False
3068	3.097617662868602	0.37697543026110414	0.12169850229740735	GRWD1	0.2696195	False
3069	3.097617662868602	0.37697543026110414	0.12169850229740735	KCNJ14	0.2696195	False
3070	3.097617662868602	0.37697543026110414	0.12169850229740735	CYTH2	0.2696195	False
3071	3.097617662868602	0.37697543026110414	0.12169850229740735	LMTK3	0.2696195	False
3072	3.097617662868602	0.37697543026110414	0.12169850229740735	SULT2B1	0.2696195	False
3073	3.097617662868602	0.37697543026110414	0.12169850229740735	FAM83E	0.2696195	False
3074	3.097617662868602	0.37697543026110414	0.12169850229740735	SPACA4	0.2696195	False
3075	3.097617662868602	0.37697543026110414	0.12169850229740735	RPL18	0.2696195	False
3076	3.097617662868602	0.37697543026110414	0.12169850229740735	SPHK2	0.2696195	False
3077	3.097617662868602	0.37697543026110414	0.12169850229740735	DBP	0.2696195	False
3078	3.097617662868602	0.37697543026110414	0.12169850229740735	CA11	0.2696195	False
3079	3.097617662868602	0.37697543026110414	0.12169850229740735	NTN5	0.2696195	False
3080	3.097617662868602	0.37697543026110414	0.12169850229740735	FUT2	0.2696195	False
3081	3.097617662868602	0.37697543026110414	0.12169850229740735	MAMSTR	0.2696195	False
3082	3.097617662868602	0.37697543026110414	0.12169850229740735	RASIP1	0.2696195	False
3083	3.097617662868602	0.37697543026110414	0.12169850229740735	IZUMO1	0.2696195	False
3084	3.097617662868602	0.37697543026110414	0.12169850229740735	FUT1	0.2696195	False
3085	3.097617662868602	0.37697543026110414	0.12169850229740735	FGF21	0.2696195	False
3086	3.097617662868602	0.37697543026110414	0.12169850229740735	BCAT2	0.2696195	False
3087	3.097617662868602	0.37697543026110414	0.12169850229740735	HSD17B14	0.2696195	False
3088	3.097617662868602	0.37697543026110414	0.12169850229740735	PLEKHA4	0.2696195	False
3089	3.097617662868602	0.37697543026110414	0.12169850229740735	PPP1R15A	0.2696195	False
3090	3.097617662868602	0.37697543026110414	0.12169850229740735	TULP2	0.2696195	False
3091	2.952499188900466	0.3023998689439069	0.10242166029401113	NUCB1	0.2696188	False
3092	2.952499188900466	0.3023998689439069	0.10242166029401113	NUCB1-AS1	0.2696188	False
3093	2.952499188900466	0.3023998689439069	0.10242166029401113	DHDH	0.2696188	False
3094	2.952499188900466	0.3023998689439069	0.10242166029401113	BAX	0.2696188	False
3095	2.952499188900466	0.3023998689439069	0.10242166029401113	FTL	0.2696188	False
3096	2.952499188900466	0.3023998689439069	0.10242166029401113	GYS1	0.2696188	False
3097	2.952499188900466	0.3023998689439069	0.10242166029401113	RUVBL2	0.2696188	False
3098	2.952499188900466	0.3023998689439069	0.10242166029401113	MIR6798	0.2696188	False
3099	2.952499188900466	0.3023998689439069	0.10242166029401113	LHB	0.2696188	False
3100	2.952499188900466	0.3023998689439069	0.10242166029401113	LOC101059948	0.2696188	False
3101	2.952499188900466	0.3023998689439069	0.10242166029401113	CGB3	0.2696188	False
3102	2.952499188900466	0.3023998689439069	0.10242166029401113	CGB2	0.2696188	False
3103	2.952499188900466	0.3023998689439069	0.10242166029401113	CGB1	0.2696188	False
3104	2.952499188900466	0.3023998689439069	0.10242166029401113	CGB5	0.2696188	False
3105	2.952499188900466	0.3023998689439069	0.10242166029401113	CGB8	0.2696188	False
3106	2.952499188900466	0.3023998689439069	0.10242166029401113	CGB7	0.2696188	False
3107	2.952499188900466	0.3023998689439069	0.10242166029401113	NTF4	0.2696188	False
3108	2.952499188900466	0.3023998689439069	0.10242166029401113	KCNA7	0.2696188	False
3109	2.952499188900466	0.3023998689439069	0.10242166029401113	SNRNP70	0.2696188	False
3110	3.017095497165069	0.35914115683143993	0.11903539585303052	LIN7B	0.26961926	False
3111	3.017095497165069	0.35914115683143993	0.11903539585303052	C19orf73	0.26961926	False
3112	3.017095497165069	0.35914115683143993	0.11903539585303052	PPFIA3	0.26961926	False
3113	3.017095497165069	0.35914115683143993	0.11903539585303052	HRC	0.26961926	False
3114	3.017095497165069	0.35914115683143993	0.11903539585303052	TRPM4	0.26961926	False
3115	3.017095497165069	0.35914115683143993	0.11903539585303052	SLC6A16	0.26961926	False
3116	3.017095497165069	0.35914115683143993	0.11903539585303052	MIR4324	0.26961926	False
3117	3.017095497165069	0.35914115683143993	0.11903539585303052	CD37	0.26961926	False
3118	3.017095497165069	0.35914115683143993	0.11903539585303052	TEAD2	0.26961926	False
3119	3.017095497165069	0.35914115683143993	0.11903539585303052	DKKL1	0.26961926	False
3120	3.017095497165069	0.35914115683143993	0.11903539585303052	LOC101928295	0.26961926	False
3121	3.017095497165069	0.35914115683143993	0.11903539585303052	CCDC155	0.26961926	False
3122	3.017095497165069	0.35914115683143993	0.11903539585303052	PTH2	0.26961926	False
3123	3.017095497165069	0.35914115683143993	0.11903539585303052	GFY	0.26961926	False
3124	3.017095497165069	0.35914115683143993	0.11903539585303052	SLC17A7	0.26961926	False
3125	3.017095497165069	0.35914115683143993	0.11903539585303052	PIH1D1	0.26961926	False
3126	3.017095497165069	0.35914115683143993	0.11903539585303052	ALDH16A1	0.26961926	False
3127	3.017095497165069	0.35914115683143993	0.11903539585303052	FLT3LG	0.26961926	False
3128	3.017095497165069	0.35914115683143993	0.11903539585303052	RPL13A	0.26961926	False
3129	3.017095497165069	0.35914115683143993	0.11903539585303052	SNORD32A	0.26961926	False
3130	3.017095497165069	0.35914115683143993	0.11903539585303052	SNORD33	0.26961926	False
3131	3.017095497165069	0.35914115683143993	0.11903539585303052	SNORD34	0.26961926	False
3132	3.017095497165069	0.35914115683143993	0.11903539585303052	SNORD35A	0.26961926	False
3133	3.017095497165069	0.35914115683143993	0.11903539585303052	RPS11	0.26961926	False
3134	3.017095497165069	0.35914115683143993	0.11903539585303052	SNORD35B	0.26961926	False
3135	3.017095497165069	0.35914115683143993	0.11903539585303052	MIR150	0.26961926	False
3136	3.017095497165069	0.35914115683143993	0.11903539585303052	FCGRT	0.26961926	False
3137	3.017095497165069	0.35914115683143993	0.11903539585303052	RCN3	0.26961926	False
3138	3.017095497165069	0.35914115683143993	0.11903539585303052	NOSIP	0.26961926	False
3139	3.017095497165069	0.35914115683143993	0.11903539585303052	PRRG2	0.26961926	False
3140	3.017095497165069	0.35914115683143993	0.11903539585303052	PRR12	0.26961926	False
3141	3.017095497165069	0.35914115683143993	0.11903539585303052	RRAS	0.26961926	False
3142	3.017095497165069	0.35914115683143993	0.11903539585303052	SCAF1	0.26961926	False
3143	3.017095497165069	0.35914115683143993	0.11903539585303052	IRF3	0.26961926	False
3144	3.017095497165069	0.35914115683143993	0.11903539585303052	BCL2L12	0.26961926	False
3145	3.017095497165069	0.35914115683143993	0.11903539585303052	PRMT1	0.26961926	False
3146	3.017095497165069	0.35914115683143993	0.11903539585303052	MIR5088	0.26961926	False
3147	3.017095497165069	0.35914115683143993	0.11903539585303052	ADM5	0.26961926	False
3148	3.017095497165069	0.35914115683143993	0.11903539585303052	CPT1C	0.26961926	False
3149	3.017095497165069	0.35914115683143993	0.11903539585303052	TSKS	0.26961926	False
3150	3.017095497165069	0.35914115683143993	0.11903539585303052	AP2A1	0.26961926	False
3151	3.017095497165069	0.35914115683143993	0.11903539585303052	MIR6799	0.26961926	False
3152	3.017095497165069	0.35914115683143993	0.11903539585303052	FUZ	0.26961926	False
3153	3.017095497165069	0.35914115683143993	0.11903539585303052	MED25	0.26961926	False
3154	3.017095497165069	0.35914115683143993	0.11903539585303052	MIR6800	0.26961926	False
3155	3.017095497165069	0.35914115683143993	0.11903539585303052	PTOV1-AS1	0.26961926	False
3156	3.017095497165069	0.35914115683143993	0.11903539585303052	PTOV1	0.26961926	False
3157	3.017095497165069	0.35914115683143993	0.11903539585303052	MIR4749	0.26961926	False
3158	3.017095497165069	0.35914115683143993	0.11903539585303052	PTOV1-AS2	0.26961926	False
3159	3.017095497165069	0.35914115683143993	0.11903539585303052	PNKP	0.26961926	False
3160	3.017095497165069	0.35914115683143993	0.11903539585303052	AKT1S1	0.26961926	False
3161	3.017095497165069	0.35914115683143993	0.11903539585303052	TBC1D17	0.26961926	False
3162	3.017095497165069	0.35914115683143993	0.11903539585303052	MIR4750	0.26961926	False
3163	2.7744933568611234	0.25398872441445	0.09154418185444706	IL4I1	0.26961845	False
3164	2.7744933568611234	0.25398872441445	0.09154418185444706	NUP62	0.26961845	False
3165	2.7744933568611234	0.25398872441445	0.09154418185444706	ATF5	0.26961845	False
3166	2.7744933568611234	0.25398872441445	0.09154418185444706	MIR4751	0.26961845	False
3167	2.7744933568611234	0.25398872441445	0.09154418185444706	SIGLEC11	0.26961845	False
3168	2.7744933568611234	0.25398872441445	0.09154418185444706	VRK3	0.26961845	False
3169	2.7744933568611234	0.25398872441445	0.09154418185444706	ZNF473	0.26961845	False
3170	2.7744933568611234	0.25398872441445	0.09154418185444706	LOC400710	0.26961845	False
3171	2.7283022399016734	0.24977862810641227	0.09155093759532087	CSF2RB	0.26961836	False
3172	2.7283022399016734	0.24977862810641227	0.09155093759532087	LL22NC01-81G9.3	0.26961836	False
3173	2.7283022399016734	0.24977862810641227	0.09155093759532087	TEX33	0.26961836	False
3174	2.7283022399016734	0.24977862810641227	0.09155093759532087	TST	0.26961836	False
3175	2.7283022399016734	0.24977862810641227	0.09155093759532087	MPST	0.26961836	False
3176	2.7283022399016734	0.24977862810641227	0.09155093759532087	KCTD17	0.26961836	False
3177	2.7283022399016734	0.24977862810641227	0.09155093759532087	TMPRSS6	0.26961836	False
3178	2.81761811371911	0.30133800224434126	0.10694778003346617	IL2RB	0.26961863	False
3179	2.81761811371911	0.30133800224434126	0.10694778003346617	C1QTNF6	0.26961863	False
3180	2.81761811371911	0.30133800224434126	0.10694778003346617	SSTR3	0.26961863	False
3181	2.81761811371911	0.30133800224434126	0.10694778003346617	RAC2	0.26961863	False
3182	2.81761811371911	0.30133800224434126	0.10694778003346617	CYTH4	0.26961863	False
3183	2.81761811371911	0.30133800224434126	0.10694778003346617	ELFN2	0.26961863	False
3184	2.81761811371911	0.30133800224434126	0.10694778003346617	LOC100506271	0.26961863	False
3185	2.81761811371911	0.30133800224434126	0.10694778003346617	MFNG	0.26961863	False
3186	2.81761811371911	0.30133800224434126	0.10694778003346617	CARD10	0.26961863	False
3187	2.81761811371911	0.30133800224434126	0.10694778003346617	CDC42EP1	0.26961863	False
3188	2.81761811371911	0.30133800224434126	0.10694778003346617	LGALS2	0.26961863	False
3189	2.81761811371911	0.30133800224434126	0.10694778003346617	GGA1	0.26961863	False
3190	2.81761811371911	0.30133800224434126	0.10694778003346617	SH3BP1	0.26961863	False
3191	2.81761811371911	0.30133800224434126	0.10694778003346617	LOC101927051	0.26961863	False
3192	2.81761811371911	0.30133800224434126	0.10694778003346617	PDXP	0.26961863	False
3193	2.81761811371911	0.30133800224434126	0.10694778003346617	LGALS1	0.26961863	False
3194	2.81761811371911	0.30133800224434126	0.10694778003346617	NOL12	0.26961863	False
3195	2.81761811371911	0.30133800224434126	0.10694778003346617	TRIOBP	0.26961863	False
3196	2.81761811371911	0.30133800224434126	0.10694778003346617	H1F0	0.26961863	False
3197	2.81761811371911	0.30133800224434126	0.10694778003346617	GCAT	0.26961863	False
3198	2.81761811371911	0.30133800224434126	0.10694778003346617	GALR3	0.26961863	False
3199	2.81761811371911	0.30133800224434126	0.10694778003346617	ANKRD54	0.26961863	False
3200	2.81761811371911	0.30133800224434126	0.10694778003346617	MIR658	0.26961863	False
3201	2.81761811371911	0.30133800224434126	0.10694778003346617	MIR659	0.26961863	False
3202	2.81761811371911	0.30133800224434126	0.10694778003346617	EIF3L	0.26961863	False
3203	2.7306440099700713	0.23825822158497564	0.08725349064728032	MICALL1	0.2696183	False
3204	2.7306440099700713	0.23825822158497564	0.08725349064728032	C22orf23	0.2696183	False
3205	2.7306440099700713	0.23825822158497564	0.08725349064728032	MIR6820	0.2696183	False
3206	2.7306440099700713	0.23825822158497564	0.08725349064728032	POLR2F	0.2696183	False
3207	2.7306440099700713	0.23825822158497564	0.08725349064728032	SOX10	0.2696183	False
3208	2.7306440099700713	0.23825822158497564	0.08725349064728032	MIR4534	0.2696183	False
3209	2.7306440099700713	0.23825822158497564	0.08725349064728032	PICK1	0.2696183	False
3210	2.7306440099700713	0.23825822158497564	0.08725349064728032	SLC16A8	0.2696183	False
3211	2.7306440099700713	0.23825822158497564	0.08725349064728032	BAIAP2L2	0.2696183	False
3212	2.765150264056409	0.2686113501777503	0.09714168292022723	PLA2G6	0.26961845	False
3213	2.765150264056409	0.2686113501777503	0.09714168292022723	MAFF	0.26961845	False
3214	2.765150264056409	0.2686113501777503	0.09714168292022723	TMEM184B	0.26961845	False
3215	2.765150264056409	0.2686113501777503	0.09714168292022723	CSNK1E	0.26961845	False
3216	2.765150264056409	0.2686113501777503	0.09714168292022723	TPTEP2-CSNK1E	0.26961845	False
3217	2.765150264056409	0.2686113501777503	0.09714168292022723	KCNJ4	0.26961845	False
3218	2.765150264056409	0.2686113501777503	0.09714168292022723	KDELR3	0.26961845	False
3219	2.765150264056409	0.2686113501777503	0.09714168292022723	DDX17	0.26961845	False
3220	2.765150264056409	0.2686113501777503	0.09714168292022723	DMC1	0.26961845	False
3221	2.765150264056409	0.2686113501777503	0.09714168292022723	FAM227A	0.26961845	False
3222	2.765150264056409	0.2686113501777503	0.09714168292022723	CBY1	0.26961845	False
3223	2.765150264056409	0.2686113501777503	0.09714168292022723	TOMM22	0.26961845	False
3224	2.765150264056409	0.2686113501777503	0.09714168292022723	JOSD1	0.26961845	False
3225	2.765150264056409	0.2686113501777503	0.09714168292022723	GTPBP1	0.26961845	False
3226	2.765150264056409	0.2686113501777503	0.09714168292022723	SUN2	0.26961845	False
3227	2.765150264056409	0.2686113501777503	0.09714168292022723	DNAL4	0.26961845	False
3228	2.765150264056409	0.2686113501777503	0.09714168292022723	NPTXR	0.26961845	False
3229	2.765150264056409	0.2686113501777503	0.09714168292022723	CBX6	0.26961845	False
3230	2.750898718381947	0.2385459641274521	0.08671564770213082	APOBEC3A	0.2696183	False
3231	2.750898718381947	0.2385459641274521	0.08671564770213082	APOBEC3A_B	0.2696183	False
3232	2.750898718381947	0.2385459641274521	0.08671564770213082	APOBEC3B	0.2696183	False
3233	2.750898718381947	0.2385459641274521	0.08671564770213082	APOBEC3B-AS1	0.2696183	False
3234	2.750898718381947	0.2385459641274521	0.08671564770213082	APOBEC3C	0.2696183	False
3235	2.750898718381947	0.2385459641274521	0.08671564770213082	APOBEC3D	0.2696183	False
3236	2.750898718381947	0.2385459641274521	0.08671564770213082	APOBEC3F	0.2696183	False
3237	2.750898718381947	0.2385459641274521	0.08671564770213082	APOBEC3G	0.2696183	False
3238	2.750898718381947	0.2385459641274521	0.08671564770213082	APOBEC3H	0.2696183	False
3239	2.7336384526849096	0.25627032071559547	0.0937469695247714	CBX7	0.26961836	False
3240	2.7336384526849096	0.25627032071559547	0.0937469695247714	PDGFB	0.26961836	False
3241	2.7336384526849096	0.25627032071559547	0.0937469695247714	RPL3	0.26961836	False
3242	2.7336384526849096	0.25627032071559547	0.0937469695247714	SNORD83B	0.26961836	False
3243	2.7336384526849096	0.25627032071559547	0.0937469695247714	SNORD83A	0.26961836	False
3244	2.7336384526849096	0.25627032071559547	0.0937469695247714	SNORD43	0.26961836	False
3245	2.7336384526849096	0.25627032071559547	0.0937469695247714	SYNGR1	0.26961836	False
3246	2.7336384526849096	0.25627032071559547	0.0937469695247714	TAB1	0.26961836	False
3247	2.7336384526849096	0.25627032071559547	0.0937469695247714	LOC100506472	0.26961836	False
3248	2.7336384526849096	0.25627032071559547	0.0937469695247714	MGAT3	0.26961836	False
3249	2.7336384526849096	0.25627032071559547	0.0937469695247714	MGAT3-AS1	0.26961836	False
3250	2.7336384526849096	0.25627032071559547	0.0937469695247714	MIEF1	0.26961836	False
3251	2.7336384526849096	0.25627032071559547	0.0937469695247714	ATF4	0.26961836	False
3252	2.7336384526849096	0.25627032071559547	0.0937469695247714	RPS19BP1	0.26961836	False
3253	2.7336384526849096	0.25627032071559547	0.0937469695247714	CACNA1I	0.26961836	False
3254	2.7336384526849096	0.25627032071559547	0.0937469695247714	ENTHD1	0.26961836	False
3255	2.751981421926405	0.24059881038301922	0.08742748350917226	GRAP2	0.2696183	False
3256	2.751981421926405	0.24059881038301922	0.08742748350917226	FAM83F	0.2696183	False
3257	2.751981421926405	0.24059881038301922	0.08742748350917226	TNRC6B	0.2696183	False
3258	2.784093651166571	0.2794559180846161	0.10037590436928029	ADSL	0.26961857	False
3259	2.784093651166571	0.2794559180846161	0.10037590436928029	SGSM3	0.26961857	False
3260	2.784093651166571	0.2794559180846161	0.10037590436928029	MRTFA	0.26961857	False
3261	2.784093651166571	0.2794559180846161	0.10037590436928029	MRTFA-AS1	0.26961857	False
3262	2.784093651166571	0.2794559180846161	0.10037590436928029	MCHR1	0.26961857	False
3263	2.784093651166571	0.2794559180846161	0.10037590436928029	SLC25A17	0.26961857	False
3264	2.784093651166571	0.2794559180846161	0.10037590436928029	MIR4766	0.26961857	False
3265	2.784093651166571	0.2794559180846161	0.10037590436928029	ST13	0.26961857	False
3266	2.755408328663991	0.25453633816093113	0.09237699382448612	XPNPEP3	0.2696184	False
3267	2.784093651166571	0.2794559180846161	0.10037590436928029	DNAJB7	0.26961857	False
3268	2.755408328663991	0.25453633816093113	0.09237699382448612	RBX1	0.2696184	False
3269	2.755408328663991	0.25453633816093113	0.09237699382448612	EP300	0.2696184	False
3270	2.755408328663991	0.25453633816093113	0.09237699382448612	MIR1281	0.2696184	False
3271	2.853343310727542	0.3379093299223568	0.11842575292357549	EP300-AS1	0.26961893	False
3272	2.853343310727542	0.3379093299223568	0.11842575292357549	L3MBTL2	0.26961893	False
3273	2.853343310727542	0.3379093299223568	0.11842575292357549	CHADL	0.26961893	False
3274	2.853343310727542	0.3379093299223568	0.11842575292357549	RANGAP1	0.26961893	False
3275	2.853343310727542	0.3379093299223568	0.11842575292357549	MIR6889	0.26961893	False
3276	2.853343310727542	0.3379093299223568	0.11842575292357549	ZC3H7B	0.26961893	False
3277	2.853343310727542	0.3379093299223568	0.11842575292357549	TEF	0.26961893	False
3278	2.853343310727542	0.3379093299223568	0.11842575292357549	TOB2	0.26961893	False
3279	2.853343310727542	0.3379093299223568	0.11842575292357549	PHF5A	0.26961893	False
3280	2.853343310727542	0.3379093299223568	0.11842575292357549	ACO2	0.26961893	False
3281	2.853343310727542	0.3379093299223568	0.11842575292357549	POLR3H	0.26961893	False
3282	2.853343310727542	0.3379093299223568	0.11842575292357549	CSDC2	0.26961893	False
3283	2.853343310727542	0.3379093299223568	0.11842575292357549	PMM1	0.26961893	False
3284	2.853343310727542	0.3379093299223568	0.11842575292357549	DESI1	0.26961893	False
3285	2.853343310727542	0.3379093299223568	0.11842575292357549	XRCC6	0.26961893	False
3286	2.853343310727542	0.3379093299223568	0.11842575292357549	SNU13	0.26961893	False
3287	2.853343310727542	0.3379093299223568	0.11842575292357549	C22orf46	0.26961893	False
3288	2.853343310727542	0.3379093299223568	0.11842575292357549	MEI1	0.26961893	False
3289	2.853343310727542	0.3379093299223568	0.11842575292357549	CCDC134	0.26961893	False
