	mean	var	dispersion	gene	proba	pred
0	3.4459471638533086	1.175203303699358	0.34103926955897623	PLEKHO1	0.26962534	False
1	3.4459471638533086	1.175203303699358	0.34103926955897623	LOC105371433	0.26962534	False
2	3.4459471638533086	1.175203303699358	0.34103926955897623	ANP32E	0.26962534	False
3	3.4459471638533086	1.175203303699358	0.34103926955897623	CA14	0.26962534	False
4	3.4459471638533086	1.175203303699358	0.34103926955897623	APH1A	0.26962534	False
5	3.4459471638533086	1.175203303699358	0.34103926955897623	C1orf54	0.26962534	False
6	3.4459471638533086	1.175203303699358	0.34103926955897623	CIART	0.26962534	False
7	3.4459471638533086	1.175203303699358	0.34103926955897623	MRPS21	0.26962534	False
8	3.4459471638533086	1.175203303699358	0.34103926955897623	PRPF3	0.26962534	False
9	3.4459471638533086	1.175203303699358	0.34103926955897623	RPRD2	0.26962534	False
10	3.4459471638533086	1.175203303699358	0.34103926955897623	TARS2	0.26962534	False
11	3.4459471638533086	1.175203303699358	0.34103926955897623	ECM1	0.26962534	False
12	3.4459471638533086	1.175203303699358	0.34103926955897623	FALEC	0.26962534	False
13	3.4459471638533086	1.175203303699358	0.34103926955897623	ADAMTSL4	0.26962534	False
14	3.4459471638533086	1.175203303699358	0.34103926955897623	MIR4257	0.26962534	False
15	3.4459471638533086	1.175203303699358	0.34103926955897623	ADAMTSL4-AS1	0.26962534	False
16	3.4459471638533086	1.175203303699358	0.34103926955897623	MCL1	0.26962534	False
17	3.4459471638533086	1.175203303699358	0.34103926955897623	ENSA	0.26962534	False
18	3.4459471638533086	1.175203303699358	0.34103926955897623	GOLPH3L	0.26962534	False
19	3.4459471638533086	1.175203303699358	0.34103926955897623	HORMAD1	0.26962534	False
20	3.4459471638533086	1.175203303699358	0.34103926955897623	CTSS	0.26962534	False
21	3.4459471638533086	1.175203303699358	0.34103926955897623	CTSK	0.26962534	False
22	3.4459471638533086	1.175203303699358	0.34103926955897623	ARNT	0.26962534	False
23	3.3843578860157315	1.078560497740659	0.3186898472520603	SETDB1	0.2696244	False
24	3.3843578860157315	1.078560497740659	0.3186898472520603	CERS2	0.2696244	False
25	3.3843578860157315	1.078560497740659	0.3186898472520603	ANXA9	0.2696244	False
26	3.3843578860157315	1.078560497740659	0.3186898472520603	MINDY1	0.2696244	False
27	3.3843578860157315	1.078560497740659	0.3186898472520603	PRUNE1	0.2696244	False
28	3.3843578860157315	1.078560497740659	0.3186898472520603	BNIPL	0.2696244	False
29	3.3843578860157315	1.078560497740659	0.3186898472520603	C1orf56	0.2696244	False
30	3.3843578860157315	1.078560497740659	0.3186898472520603	CDC42SE1	0.2696244	False
31	3.3843578860157315	1.078560497740659	0.3186898472520603	MLLT11	0.2696244	False
32	3.3843578860157315	1.078560497740659	0.3186898472520603	GABPB2	0.2696244	False
33	3.5838375301540326	1.4411581194849057	0.4021270795227609	SEMA6C	0.26962712	False
34	3.5838375301540326	1.4411581194849057	0.4021270795227609	TNFAIP8L2	0.26962712	False
35	3.5838375301540326	1.4411581194849057	0.4021270795227609	TNFAIP8L2-SCNM1	0.26962712	False
36	3.5838375301540326	1.4411581194849057	0.4021270795227609	LYSMD1	0.26962712	False
37	3.5838375301540326	1.4411581194849057	0.4021270795227609	SCNM1	0.26962712	False
38	3.5838375301540326	1.4411581194849057	0.4021270795227609	TMOD4	0.26962712	False
39	3.5838375301540326	1.4411581194849057	0.4021270795227609	VPS72	0.26962712	False
40	3.5838375301540326	1.4411581194849057	0.4021270795227609	PIP5K1A	0.26962712	False
41	3.5838375301540326	1.4411581194849057	0.4021270795227609	PSMD4	0.26962712	False
42	3.5838375301540326	1.4411581194849057	0.4021270795227609	ZNF687	0.26962712	False
43	3.5838375301540326	1.4411581194849057	0.4021270795227609	PI4KB	0.26962712	False
44	3.5838375301540326	1.4411581194849057	0.4021270795227609	RFX5	0.26962712	False
45	3.5838375301540326	1.4411581194849057	0.4021270795227609	GBAT2	0.26962712	False
46	3.5838375301540326	1.4411581194849057	0.4021270795227609	SELENBP1	0.26962712	False
47	3.5838375301540326	1.4411581194849057	0.4021270795227609	PSMB4	0.26962712	False
48	3.5838375301540326	1.4411581194849057	0.4021270795227609	POGZ	0.26962712	False
49	3.5838375301540326	1.4411581194849057	0.4021270795227609	CGN	0.26962712	False
50	3.5838375301540326	1.4411581194849057	0.4021270795227609	TUFT1	0.26962712	False
51	3.5838375301540326	1.4411581194849057	0.4021270795227609	MIR554	0.26962712	False
52	3.5838375301540326	1.4411581194849057	0.4021270795227609	SNX27	0.26962712	False
53	3.5838375301540326	1.4411581194849057	0.4021270795227609	CELF3	0.26962712	False
54	3.5838375301540326	1.4411581194849057	0.4021270795227609	RIIAD1	0.26962712	False
55	3.5838375301540326	1.4411581194849057	0.4021270795227609	MRPL9	0.26962712	False
56	3.5838375301540326	1.4411581194849057	0.4021270795227609	OAZ3	0.26962712	False
57	3.5838375301540326	1.4411581194849057	0.4021270795227609	TDRKH	0.26962712	False
58	3.5838375301540326	1.4411581194849057	0.4021270795227609	LINGO4	0.26962712	False
59	3.5838375301540326	1.4411581194849057	0.4021270795227609	RORC	0.26962712	False
60	3.5838375301540326	1.4411581194849057	0.4021270795227609	C2CD4D	0.26962712	False
61	3.5838375301540326	1.4411581194849057	0.4021270795227609	C2CD4D-AS1	0.26962712	False
62	3.5838375301540326	1.4411581194849057	0.4021270795227609	THEM5	0.26962712	False
63	3.4347548314075307	1.1438349911362133	0.33301794371957555	THEM4	0.26962453	False
64	3.4347548314075307	1.1438349911362133	0.33301794371957555	S100A10	0.26962453	False
65	3.4347548314075307	1.1438349911362133	0.33301794371957555	NBPF18P	0.26962453	False
66	3.4347548314075307	1.1438349911362133	0.33301794371957555	S100A11	0.26962453	False
67	3.4347548314075307	1.1438349911362133	0.33301794371957555	TCHHL1	0.26962453	False
68	3.4436893344126935	1.171430114771811	0.34016718728537493	TCHH	0.26962465	False
69	3.4436893344126935	1.171430114771811	0.34016718728537493	RPTN	0.26962465	False
70	3.4436893344126935	1.171430114771811	0.34016718728537493	FLG-AS1	0.26962465	False
71	3.4436893344126935	1.171430114771811	0.34016718728537493	HRNR	0.26962465	False
72	3.4436893344126935	1.171430114771811	0.34016718728537493	FLG	0.26962465	False
73	3.4436893344126935	1.171430114771811	0.34016718728537493	FLG2	0.26962465	False
74	3.4436893344126935	1.171430114771811	0.34016718728537493	CRNN	0.26962465	False
75	3.4436893344126935	1.171430114771811	0.34016718728537493	LCE5A	0.26962465	False
76	3.4436893344126935	1.171430114771811	0.34016718728537493	CRCT1	0.26962465	False
77	3.4436893344126935	1.171430114771811	0.34016718728537493	LCE3E	0.26962465	False
78	3.4436893344126935	1.171430114771811	0.34016718728537493	LCE3D	0.26962465	False
79	3.4436893344126935	1.171430114771811	0.34016718728537493	LCE3C	0.26962465	False
80	3.4436893344126935	1.171430114771811	0.34016718728537493	LCE3B	0.26962465	False
81	3.4436893344126935	1.171430114771811	0.34016718728537493	LCE3A	0.26962465	False
82	3.4436893344126935	1.171430114771811	0.34016718728537493	LCE2D	0.26962465	False
83	3.4436893344126935	1.171430114771811	0.34016718728537493	LCE2C	0.26962465	False
84	3.4436893344126935	1.171430114771811	0.34016718728537493	LCE2B	0.26962465	False
85	3.4436893344126935	1.171430114771811	0.34016718728537493	LCE2A	0.26962465	False
86	3.4436893344126935	1.171430114771811	0.34016718728537493	LCE4A	0.26962465	False
87	3.4436893344126935	1.171430114771811	0.34016718728537493	C1orf68	0.26962465	False
88	3.4436893344126935	1.171430114771811	0.34016718728537493	LCE1F	0.26962465	False
89	3.4436893344126935	1.171430114771811	0.34016718728537493	LCE1E	0.26962465	False
90	3.4436893344126935	1.171430114771811	0.34016718728537493	LCE1D	0.26962465	False
91	3.4436893344126935	1.171430114771811	0.34016718728537493	LCE1C	0.26962465	False
92	3.4436893344126935	1.171430114771811	0.34016718728537493	LCE1B	0.26962465	False
93	3.4436893344126935	1.171430114771811	0.34016718728537493	LCE1A	0.26962465	False
94	3.4436893344126935	1.171430114771811	0.34016718728537493	LCE6A	0.26962465	False
95	3.4436893344126935	1.171430114771811	0.34016718728537493	SMCP	0.26962465	False
96	3.4092671795013842	1.0554382505736661	0.30957921306948644	IVL	0.26962417	False
97	3.4092671795013842	1.0554382505736661	0.30957921306948644	SPRR4	0.26962417	False
98	3.4092671795013842	1.0554382505736661	0.30957921306948644	SPRR3	0.26962417	False
99	3.4092671795013842	1.0554382505736661	0.30957921306948644	SPRR1B	0.26962417	False
100	3.4092671795013842	1.0554382505736661	0.30957921306948644	SPRR2D	0.26962417	False
101	3.4092671795013842	1.0554382505736661	0.30957921306948644	SPRR2A	0.26962417	False
102	3.4092671795013842	1.0554382505736661	0.30957921306948644	SPRR2E	0.26962417	False
103	3.3836170964146537	1.0193607164681457	0.30126361447584604	SPRR2F	0.26962328	False
104	3.3836170964146537	1.0193607164681457	0.30126361447584604	SPRR2G	0.26962328	False
105	3.3836170964146537	1.0193607164681457	0.30126361447584604	LOC101928009	0.26962328	False
106	3.3836170964146537	1.0193607164681457	0.30126361447584604	LELP1	0.26962328	False
107	3.3836170964146537	1.0193607164681457	0.30126361447584604	PRR9	0.26962328	False
108	3.3836170964146537	1.0193607164681457	0.30126361447584604	LOR	0.26962328	False
109	3.3836170964146537	1.0193607164681457	0.30126361447584604	PGLYRP3	0.26962328	False
110	3.3836170964146537	1.0193607164681457	0.30126361447584604	PGLYRP4	0.26962328	False
111	3.3836170964146537	1.0193607164681457	0.30126361447584604	S100A9	0.26962328	False
112	3.3836170964146537	1.0193607164681457	0.30126361447584604	S100A12	0.26962328	False
113	3.3836170964146537	1.0193607164681457	0.30126361447584604	S100A8	0.26962328	False
114	3.3836170964146537	1.0193607164681457	0.30126361447584604	S100A7A	0.26962328	False
115	3.3836170964146537	1.0193607164681457	0.30126361447584604	S100A7L2	0.26962328	False
116	3.3836170964146537	1.0193607164681457	0.30126361447584604	S100A7	0.26962328	False
117	3.3836170964146537	1.0193607164681457	0.30126361447584604	S100A6	0.26962328	False
118	3.3836170964146537	1.0193607164681457	0.30126361447584604	S100A5	0.26962328	False
119	3.3836170964146537	1.0193607164681457	0.30126361447584604	S100A4	0.26962328	False
120	3.3836170964146537	1.0193607164681457	0.30126361447584604	S100A3	0.26962328	False
121	3.3836170964146537	1.0193607164681457	0.30126361447584604	S100A2	0.26962328	False
122	3.3836170964146537	1.0193607164681457	0.30126361447584604	S100A16	0.26962328	False
123	3.3836170964146537	1.0193607164681457	0.30126361447584604	S100A14	0.26962328	False
124	3.3836170964146537	1.0193607164681457	0.30126361447584604	S100A13	0.26962328	False
125	3.3836170964146537	1.0193607164681457	0.30126361447584604	S100A1	0.26962328	False
126	3.3836170964146537	1.0193607164681457	0.30126361447584604	CHTOP	0.26962328	False
127	3.3836170964146537	1.0193607164681457	0.30126361447584604	SNAPIN	0.26962328	False
128	3.3836170964146537	1.0193607164681457	0.30126361447584604	ILF2	0.26962328	False
129	3.3836170964146537	1.0193607164681457	0.30126361447584604	NPR1	0.26962328	False
130	3.3836170964146537	1.0193607164681457	0.30126361447584604	MIR8083	0.26962328	False
131	3.3836170964146537	1.0193607164681457	0.30126361447584604	INTS3	0.26962328	False
132	3.3836170964146537	1.0193607164681457	0.30126361447584604	SLC27A3	0.26962328	False
133	3.3657299699162886	0.9543391669841901	0.28354596937790766	GATAD2B	0.26962313	False
134	3.3657299699162886	0.9543391669841901	0.28354596937790766	DENND4B	0.26962313	False
135	3.3657299699162886	0.9543391669841901	0.28354596937790766	CRTC2	0.26962313	False
136	3.3657299699162886	0.9543391669841901	0.28354596937790766	SLC39A1	0.26962313	False
137	3.3657299699162886	0.9543391669841901	0.28354596937790766	MIR6737	0.26962313	False
138	3.3657299699162886	0.9543391669841901	0.28354596937790766	CREB3L4	0.26962313	False
139	3.3657299699162886	0.9543391669841901	0.28354596937790766	JTB	0.26962313	False
140	3.3657299699162886	0.9543391669841901	0.28354596937790766	RAB13	0.26962313	False
141	3.3657299699162886	0.9543391669841901	0.28354596937790766	RPS27	0.26962313	False
142	3.3657299699162886	0.9543391669841901	0.28354596937790766	NUP210L	0.26962313	False
143	3.4167394255848365	1.0320993548352542	0.3020714272521943	MIR5698	0.2696237	False
144	3.4167394255848365	1.0320993548352542	0.3020714272521943	TPM3	0.2696237	False
145	3.4167394255848365	1.0320993548352542	0.3020714272521943	MIR190B	0.2696237	False
146	3.4167394255848365	1.0320993548352542	0.3020714272521943	C1orf189	0.2696237	False
147	3.4167394255848365	1.0320993548352542	0.3020714272521943	C1orf43	0.2696237	False
148	3.4167394255848365	1.0320993548352542	0.3020714272521943	UBAP2L	0.2696237	False
149	3.4167394255848365	1.0320993548352542	0.3020714272521943	HAX1	0.2696237	False
150	3.4167394255848365	1.0320993548352542	0.3020714272521943	AQP10	0.2696237	False
151	3.4167394255848365	1.0320993548352542	0.3020714272521943	ATP8B2	0.2696237	False
152	3.4167394255848365	1.0320993548352542	0.3020714272521943	IL6R	0.2696237	False
153	3.4167394255848365	1.0320993548352542	0.3020714272521943	SHE	0.2696237	False
154	3.4167394255848365	1.0320993548352542	0.3020714272521943	TDRD10	0.2696237	False
155	3.4167394255848365	1.0320993548352542	0.3020714272521943	UBE2Q1	0.2696237	False
156	3.4167394255848365	1.0320993548352542	0.3020714272521943	UBE2Q1-AS1	0.2696237	False
157	3.4167394255848365	1.0320993548352542	0.3020714272521943	CHRNB2	0.2696237	False
158	3.4167394255848365	1.0320993548352542	0.3020714272521943	ADAR	0.2696237	False
159	3.4167394255848365	1.0320993548352542	0.3020714272521943	KCNN3	0.2696237	False
160	3.3989060059839664	0.9914253570570916	0.2916895481403814	PMVK	0.26962343	False
161	3.3989060059839664	0.9914253570570916	0.2916895481403814	PBXIP1	0.26962343	False
162	3.3989060059839664	0.9914253570570916	0.2916895481403814	PYGO2	0.26962343	False
163	3.3989060059839664	0.9914253570570916	0.2916895481403814	SHC1	0.26962343	False
164	3.3989060059839664	0.9914253570570916	0.2916895481403814	CKS1B	0.26962343	False
165	3.3989060059839664	0.9914253570570916	0.2916895481403814	MIR4258	0.26962343	False
166	3.3989060059839664	0.9914253570570916	0.2916895481403814	FLAD1	0.26962343	False
167	3.3989060059839664	0.9914253570570916	0.2916895481403814	LENEP	0.26962343	False
168	3.3989060059839664	0.9914253570570916	0.2916895481403814	ZBTB7B	0.26962343	False
169	3.3989060059839664	0.9914253570570916	0.2916895481403814	DCST2	0.26962343	False
170	3.3989060059839664	0.9914253570570916	0.2916895481403814	DCST1	0.26962343	False
171	3.3989060059839664	0.9914253570570916	0.2916895481403814	DCST1-AS1	0.26962343	False
172	3.3989060059839664	0.9914253570570916	0.2916895481403814	ADAM15	0.26962343	False
173	3.3989060059839664	0.9914253570570916	0.2916895481403814	EFNA4	0.26962343	False
174	3.3989060059839664	0.9914253570570916	0.2916895481403814	EFNA3	0.26962343	False
175	3.524664769127503	1.2270566468428945	0.34813428431284277	EFNA1	0.26962516	False
176	3.524664769127503	1.2270566468428945	0.34813428431284277	SLC50A1	0.26962516	False
177	3.524664769127503	1.2270566468428945	0.34813428431284277	DPM3	0.26962516	False
178	3.524664769127503	1.2270566468428945	0.34813428431284277	KRTCAP2	0.26962516	False
179	3.524664769127503	1.2270566468428945	0.34813428431284277	TRIM46	0.26962516	False
180	3.524664769127503	1.2270566468428945	0.34813428431284277	MUC1	0.26962516	False
181	3.524664769127503	1.2270566468428945	0.34813428431284277	MIR92B	0.26962516	False
182	3.524664769127503	1.2270566468428945	0.34813428431284277	THBS3	0.26962516	False
183	3.524664769127503	1.2270566468428945	0.34813428431284277	MTX1	0.26962516	False
184	3.524664769127503	1.2270566468428945	0.34813428431284277	GBA	0.26962516	False
185	3.524664769127503	1.2270566468428945	0.34813428431284277	FAM189B	0.26962516	False
186	3.524664769127503	1.2270566468428945	0.34813428431284277	SCAMP3	0.26962516	False
187	3.524664769127503	1.2270566468428945	0.34813428431284277	CLK2	0.26962516	False
188	3.524664769127503	1.2270566468428945	0.34813428431284277	HCN3	0.26962516	False
189	3.524664769127503	1.2270566468428945	0.34813428431284277	PKLR	0.26962516	False
190	3.524664769127503	1.2270566468428945	0.34813428431284277	FDPS	0.26962516	False
191	3.524664769127503	1.2270566468428945	0.34813428431284277	RUSC1-AS1	0.26962516	False
192	3.524664769127503	1.2270566468428945	0.34813428431284277	RUSC1	0.26962516	False
193	3.524664769127503	1.2270566468428945	0.34813428431284277	ASH1L	0.26962516	False
194	3.524664769127503	1.2270566468428945	0.34813428431284277	MIR555	0.26962516	False
195	3.524664769127503	1.2270566468428945	0.34813428431284277	MSTO2P	0.26962516	False
196	3.524664769127503	1.2270566468428945	0.34813428431284277	MSTO1	0.26962516	False
197	3.524664769127503	1.2270566468428945	0.34813428431284277	YY1AP1	0.26962516	False
198	3.524664769127503	1.2270566468428945	0.34813428431284277	DAP3	0.26962516	False
199	3.524664769127503	1.2270566468428945	0.34813428431284277	GON4L	0.26962516	False
200	3.524664769127503	1.2270566468428945	0.34813428431284277	SYT11	0.26962516	False
201	3.4158303568903516	1.0639694625297216	0.31148193890352355	RIT1	0.26962376	False
202	3.4158303568903516	1.0639694625297216	0.31148193890352355	KHDC4	0.26962376	False
203	3.4158303568903516	1.0639694625297216	0.31148193890352355	SNORA80E	0.26962376	False
204	3.4158303568903516	1.0639694625297216	0.31148193890352355	SCARNA4	0.26962376	False
205	3.4158303568903516	1.0639694625297216	0.31148193890352355	RXFP4	0.26962376	False
206	3.4158303568903516	1.0639694625297216	0.31148193890352355	ARHGEF2	0.26962376	False
207	3.4158303568903516	1.0639694625297216	0.31148193890352355	MIR6738	0.26962376	False
208	3.4158303568903516	1.0639694625297216	0.31148193890352355	SSR2	0.26962376	False
209	3.4158303568903516	1.0639694625297216	0.31148193890352355	UBQLN4	0.26962376	False
210	3.4158303568903516	1.0639694625297216	0.31148193890352355	LAMTOR2	0.26962376	False
211	3.4158303568903516	1.0639694625297216	0.31148193890352355	RAB25	0.26962376	False
212	3.4158303568903516	1.0639694625297216	0.31148193890352355	MEX3A	0.26962376	False
213	3.4158303568903516	1.0639694625297216	0.31148193890352355	LMNA	0.26962376	False
214	3.476145126925635	1.2215857691021867	0.3514196687704403	SEMA4A	0.2696245	False
215	3.476145126925635	1.2215857691021867	0.3514196687704403	SLC25A44	0.2696245	False
216	3.476145126925635	1.2215857691021867	0.3514196687704403	PMF1-BGLAP	0.2696245	False
217	3.476145126925635	1.2215857691021867	0.3514196687704403	PMF1	0.2696245	False
218	3.476145126925635	1.2215857691021867	0.3514196687704403	BGLAP	0.2696245	False
219	3.476145126925635	1.2215857691021867	0.3514196687704403	PAQR6	0.2696245	False
220	3.476145126925635	1.2215857691021867	0.3514196687704403	SMG5	0.2696245	False
221	3.476145126925635	1.2215857691021867	0.3514196687704403	TMEM79	0.2696245	False
222	3.476145126925635	1.2215857691021867	0.3514196687704403	GLMP	0.2696245	False
223	3.476145126925635	1.2215857691021867	0.3514196687704403	VHLL	0.2696245	False
224	3.476145126925635	1.2215857691021867	0.3514196687704403	CCT3	0.2696245	False
225	3.476145126925635	1.2215857691021867	0.3514196687704403	TSACC	0.2696245	False
226	3.476145126925635	1.2215857691021867	0.3514196687704403	RHBG	0.2696245	False
227	3.476145126925635	1.2215857691021867	0.3514196687704403	C1orf61	0.2696245	False
228	3.476145126925635	1.2215857691021867	0.3514196687704403	MEF2D	0.2696245	False
229	3.476145126925635	1.2215857691021867	0.3514196687704403	IQGAP3	0.2696245	False
230	3.476145126925635	1.2215857691021867	0.3514196687704403	TTC24	0.2696245	False
231	3.476145126925635	1.2215857691021867	0.3514196687704403	NAXE	0.2696245	False
232	3.476145126925635	1.2215857691021867	0.3514196687704403	GPATCH4	0.2696245	False
233	3.476145126925635	1.2215857691021867	0.3514196687704403	HAPLN2	0.2696245	False
234	3.476145126925635	1.2215857691021867	0.3514196687704403	BCAN	0.2696245	False
235	3.476145126925635	1.2215857691021867	0.3514196687704403	NES	0.2696245	False
236	3.476145126925635	1.2215857691021867	0.3514196687704403	CRABP2	0.2696245	False
237	3.476145126925635	1.2215857691021867	0.3514196687704403	ISG20L2	0.2696245	False
238	3.476145126925635	1.2215857691021867	0.3514196687704403	RRNAD1	0.2696245	False
239	3.476145126925635	1.2215857691021867	0.3514196687704403	MRPL24	0.2696245	False
240	3.476145126925635	1.2215857691021867	0.3514196687704403	HDGF	0.2696245	False
241	3.476145126925635	1.2215857691021867	0.3514196687704403	PRCC	0.2696245	False
242	3.476145126925635	1.2215857691021867	0.3514196687704403	SH2D2A	0.2696245	False
243	3.476145126925635	1.2215857691021867	0.3514196687704403	NTRK1	0.2696245	False
244	3.476145126925635	1.2215857691021867	0.3514196687704403	INSRR	0.2696245	False
245	3.2914186766822757	0.9540990313734973	0.2898747090829604	PEAR1	0.2696225	False
246	3.2914186766822757	0.9540990313734973	0.2898747090829604	LRRC71	0.2696225	False
247	3.2914186766822757	0.9540990313734973	0.2898747090829604	ARHGEF11	0.2696225	False
248	3.2914186766822757	0.9540990313734973	0.2898747090829604	MIR765	0.2696225	False
249	3.2914186766822757	0.9540990313734973	0.2898747090829604	ETV3L	0.2696225	False
250	3.261885172732562	1.0458975701405957	0.32064205658852835	ETV3	0.269623	False
251	3.261885172732562	1.0458975701405957	0.32064205658852835	FCRL5	0.269623	False
252	3.261885172732562	1.0458975701405957	0.32064205658852835	FCRL4	0.269623	False
253	3.261885172732562	1.0458975701405957	0.32064205658852835	FCRL3	0.269623	False
254	3.261885172732562	1.0458975701405957	0.32064205658852835	FCRL2	0.269623	False
255	3.261885172732562	1.0458975701405957	0.32064205658852835	FCRL1	0.269623	False
256	3.261885172732562	1.0458975701405957	0.32064205658852835	CD5L	0.269623	False
257	3.1471784472508726	0.8243984074103569	0.26194841545463887	KIRREL1	0.2696217	False
258	3.096161029683289	0.7621842422897062	0.24617073691663613	PYHIN1	0.2696217	False
259	3.096161029683289	0.7621842422897062	0.24617073691663613	IFI16	0.2696217	False
260	3.096161029683289	0.7621842422897062	0.24617073691663613	AIM2	0.2696217	False
261	3.115947678289163	0.7736689949940274	0.24829332032263676	CFAP45	0.2696218	False
262	3.115947678289163	0.7736689949940274	0.24829332032263676	MIR4259	0.2696218	False
263	3.115947678289163	0.7736689949940274	0.24829332032263676	TAGLN2	0.2696218	False
264	3.115947678289163	0.7736689949940274	0.24829332032263676	IGSF9	0.2696218	False
265	3.115947678289163	0.7736689949940274	0.24829332032263676	SLAMF9	0.2696218	False
266	3.115947678289163	0.7736689949940274	0.24829332032263676	LINC01133	0.2696218	False
267	3.115947678289163	0.7736689949940274	0.24829332032263676	PIGM	0.2696218	False
268	3.115947678289163	0.7736689949940274	0.24829332032263676	KCNJ10	0.2696218	False
269	3.115947678289163	0.7736689949940274	0.24829332032263676	KCNJ9	0.2696218	False
270	3.115947678289163	0.7736689949940274	0.24829332032263676	IGSF8	0.2696218	False
271	3.248877033771337	0.9350517459768971	0.28780767516198585	ATP1A2	0.26962274	False
272	3.248877033771337	0.9350517459768971	0.28780767516198585	ATP1A4	0.26962274	False
273	3.248877033771337	0.9350517459768971	0.28780767516198585	CASQ1	0.26962274	False
274	3.248877033771337	0.9350517459768971	0.28780767516198585	LOC729867	0.26962274	False
275	3.248877033771337	0.9350517459768971	0.28780767516198585	PEA15	0.26962274	False
276	3.248877033771337	0.9350517459768971	0.28780767516198585	DCAF8	0.26962274	False
277	3.248877033771337	0.9350517459768971	0.28780767516198585	PEX19	0.26962274	False
278	3.248877033771337	0.9350517459768971	0.28780767516198585	COPA	0.26962274	False
279	3.248877033771337	0.9350517459768971	0.28780767516198585	NCSTN	0.26962274	False
280	3.248877033771337	0.9350517459768971	0.28780767516198585	NHLH1	0.26962274	False
281	3.248877033771337	0.9350517459768971	0.28780767516198585	VANGL2	0.26962274	False
282	3.248877033771337	0.9350517459768971	0.28780767516198585	SLAMF6	0.26962274	False
283	3.248877033771337	0.9350517459768971	0.28780767516198585	CD84	0.26962274	False
284	3.248877033771337	0.9350517459768971	0.28780767516198585	SLAMF1	0.26962274	False
285	3.248877033771337	0.9350517459768971	0.28780767516198585	CD48	0.26962274	False
286	3.248877033771337	0.9350517459768971	0.28780767516198585	SLAMF7	0.26962274	False
287	3.248877033771337	0.9350517459768971	0.28780767516198585	LY9	0.26962274	False
288	3.248877033771337	0.9350517459768971	0.28780767516198585	CD244	0.26962274	False
289	3.248877033771337	0.9350517459768971	0.28780767516198585	ITLN1	0.26962274	False
290	3.1643611154885574	0.7925578986102362	0.2504637965404496	LOC101928372	0.269622	False
291	3.1643611154885574	0.7925578986102362	0.2504637965404496	ITLN2	0.269622	False
292	3.1643611154885574	0.7925578986102362	0.2504637965404496	F11R	0.269622	False
293	3.1643611154885574	0.7925578986102362	0.2504637965404496	TSTD1	0.269622	False
294	3.1643611154885574	0.7925578986102362	0.2504637965404496	USF1	0.269622	False
295	3.1643611154885574	0.7925578986102362	0.2504637965404496	ARHGAP30	0.269622	False
296	3.1643611154885574	0.7925578986102362	0.2504637965404496	NECTIN4	0.269622	False
297	3.1643611154885574	0.7925578986102362	0.2504637965404496	KLHDC9	0.269622	False
298	3.279845082420984	0.9233326416174287	0.2815171504795221	PFDN2	0.26962245	False
299	3.279845082420984	0.9233326416174287	0.2815171504795221	NIT1	0.26962245	False
300	3.279845082420984	0.9233326416174287	0.2815171504795221	DEDD	0.26962245	False
301	3.279845082420984	0.9233326416174287	0.2815171504795221	UFC1	0.26962245	False
302	3.279845082420984	0.9233326416174287	0.2815171504795221	USP21	0.26962245	False
303	3.279845082420984	0.9233326416174287	0.2815171504795221	PPOX	0.26962245	False
304	3.279845082420984	0.9233326416174287	0.2815171504795221	B4GALT3	0.26962245	False
305	3.279845082420984	0.9233326416174287	0.2815171504795221	ADAMTS4	0.26962245	False
306	3.279845082420984	0.9233326416174287	0.2815171504795221	NDUFS2	0.26962245	False
307	3.279845082420984	0.9233326416174287	0.2815171504795221	FCER1G	0.26962245	False
308	3.279845082420984	0.9233326416174287	0.2815171504795221	APOA2	0.26962245	False
309	3.279845082420984	0.9233326416174287	0.2815171504795221	TOMM40L	0.26962245	False
310	3.279845082420984	0.9233326416174287	0.2815171504795221	MIR5187	0.26962245	False
311	3.279845082420984	0.9233326416174287	0.2815171504795221	NR1I3	0.26962245	False
312	3.279845082420984	0.9233326416174287	0.2815171504795221	PCP4L1	0.26962245	False
313	3.279845082420984	0.9233326416174287	0.2815171504795221	MPZ	0.26962245	False
314	3.279845082420984	0.9233326416174287	0.2815171504795221	SDHC	0.26962245	False
315	3.279845082420984	0.9233326416174287	0.2815171504795221	CFAP126	0.26962245	False
316	3.279845082420984	0.9233326416174287	0.2815171504795221	FCGR2A	0.26962245	False
317	3.279845082420984	0.9233326416174287	0.2815171504795221	HSPA6	0.26962245	False
318	3.279845082420984	0.9233326416174287	0.2815171504795221	FCGR3A	0.26962245	False
319	3.279845082420984	0.9233326416174287	0.2815171504795221	FCGR2C	0.26962245	False
320	3.279845082420984	0.9233326416174287	0.2815171504795221	FCGR3B	0.26962245	False
321	3.279845082420984	0.9233326416174287	0.2815171504795221	FCGR2B	0.26962245	False
322	3.279845082420984	0.9233326416174287	0.2815171504795221	FCRLA	0.26962245	False
323	3.279845082420984	0.9233326416174287	0.2815171504795221	FCRLB	0.26962245	False
324	3.279845082420984	0.9233326416174287	0.2815171504795221	DUSP12	0.26962245	False
325	3.141384019686566	0.7388261027168936	0.23519127177281896	ATF6	0.2696215	False
326	3.141384019686566	0.7388261027168936	0.23519127177281896	OLFML2B	0.2696215	False
327	3.141384019686566	0.7388261027168936	0.23519127177281896	NOS1AP	0.2696215	False
328	3.2465913323268816	1.2196380772628794	0.37566726218933943	LINC01363	0.26962453	False
329	3.2465913323268816	1.2196380772628794	0.37566726218933943	POU2F1	0.26962453	False
330	3.2465913323268816	1.2196380772628794	0.37566726218933943	CD247	0.26962453	False
331	3.2465913323268816	1.2196380772628794	0.37566726218933943	CREG1	0.26962453	False
332	3.2465913323268816	1.2196380772628794	0.37566726218933943	RCSD1	0.26962453	False
333	3.2465913323268816	1.2196380772628794	0.37566726218933943	MPZL1	0.26962453	False
334	3.1667026086100067	0.9920726310757597	0.31328253823974345	ADCY10	0.26962307	False
335	3.1667026086100067	0.9920726310757597	0.31328253823974345	MPC2	0.26962307	False
336	3.1667026086100067	0.9920726310757597	0.31328253823974345	DCAF6	0.26962307	False
337	3.1667026086100067	0.9920726310757597	0.31328253823974345	MIR1255B2	0.26962307	False
338	3.1667026086100067	0.9920726310757597	0.31328253823974345	GPR161	0.26962307	False
339	3.236939629422408	1.1358287582834403	0.3508958733611337	TIPRL	0.26962373	False
340	3.236939629422408	1.1358287582834403	0.3508958733611337	SFT2D2	0.26962373	False
341	3.236939629422408	1.1358287582834403	0.3508958733611337	TBX19	0.26962373	False
342	3.236939629422408	1.1358287582834403	0.3508958733611337	MIR557	0.26962373	False
343	3.236939629422408	1.1358287582834403	0.3508958733611337	LOC100505918	0.26962373	False
344	3.236939629422408	1.1358287582834403	0.3508958733611337	LOC101928565	0.26962373	False
345	3.236939629422408	1.1358287582834403	0.3508958733611337	XCL2	0.26962373	False
346	3.236939629422408	1.1358287582834403	0.3508958733611337	XCL1	0.26962373	False
347	3.236939629422408	1.1358287582834403	0.3508958733611337	DPT	0.26962373	False
348	3.236939629422408	1.1358287582834403	0.3508958733611337	LINC00626	0.26962373	False
349	3.1980756082058326	1.0268634132408239	0.32108791005629456	LINC00970	0.2696231	False
350	3.3065222259043425	1.2839069141388775	0.38829526203705633	ATP1B1	0.2696246	False
351	3.3065222259043425	1.2839069141388775	0.38829526203705633	NME7	0.2696246	False
352	3.3065222259043425	1.2839069141388775	0.38829526203705633	BLZF1	0.2696246	False
353	3.3065222259043425	1.2839069141388775	0.38829526203705633	CCDC181	0.2696246	False
354	3.3065222259043425	1.2839069141388775	0.38829526203705633	SLC19A2	0.2696246	False
355	3.3065222259043425	1.2839069141388775	0.38829526203705633	F5	0.2696246	False
356	3.3065222259043425	1.2839069141388775	0.38829526203705633	SELP	0.2696246	False
357	3.3065222259043425	1.2839069141388775	0.38829526203705633	C1orf112	0.2696246	False
358	3.3065222259043425	1.2839069141388775	0.38829526203705633	SELL	0.2696246	False
359	3.3065222259043425	1.2839069141388775	0.38829526203705633	SELE	0.2696246	False
360	3.3065222259043425	1.2839069141388775	0.38829526203705633	METTL18	0.2696246	False
361	3.3065222259043425	1.2839069141388775	0.38829526203705633	SCYL3	0.2696246	False
362	3.220454526284427	1.1144790085505942	0.3460626440940358	KIFAP3	0.26962316	False
363	3.1966934342440982	1.1281696365955818	0.35291768191163847	MROH9	0.2696233	False
364	3.1966934342440982	1.1281696365955818	0.35291768191163847	FMO3	0.2696233	False
365	3.3026835964712564	1.3716662621004552	0.41531870130278553	MIR1295A	0.2696247	False
366	3.3026835964712564	1.3716662621004552	0.41531870130278553	FMO2	0.2696247	False
367	3.3026835964712564	1.3716662621004552	0.41531870130278553	FMO1	0.2696247	False
368	3.3026835964712564	1.3716662621004552	0.41531870130278553	FMO4	0.2696247	False
369	3.3026835964712564	1.3716662621004552	0.41531870130278553	PRRC2C	0.2696247	False
370	3.3026835964712564	1.3716662621004552	0.41531870130278553	MYOC	0.2696247	False
371	3.3026835964712564	1.3716662621004552	0.41531870130278553	VAMP4	0.2696247	False
372	3.3026835964712564	1.3716662621004552	0.41531870130278553	EEF1AKNMT	0.2696247	False
373	3.2516791946864507	1.1561024049234097	0.3555401181065431	DNM3	0.2696233	False
374	3.3026835964712564	1.3716662621004552	0.41531870130278553	DNM3-IT1	0.2696247	False
375	3.3079299669906304	1.289470668448882	0.38981196135236507	DNM3OS	0.2696246	False
376	3.3079299669906304	1.289470668448882	0.38981196135236507	MIR214	0.2696246	False
377	3.3079299669906304	1.289470668448882	0.38981196135236507	MIR199A2	0.2696246	False
378	3.3079299669906304	1.289470668448882	0.38981196135236507	PIGC	0.2696246	False
379	3.3079299669906304	1.289470668448882	0.38981196135236507	C1orf105	0.2696246	False
380	3.3079299669906304	1.289470668448882	0.38981196135236507	SUCO	0.2696246	False
381	3.3079299669906304	1.289470668448882	0.38981196135236507	FASLG	0.2696246	False
382	3.2461533164462706	1.1401803996203672	0.3512404647814296	TNFSF4	0.26962385	False
383	3.2461533164462706	1.1401803996203672	0.3512404647814296	LOC101928673	0.26962385	False
384	3.2461533164462706	1.1401803996203672	0.3512404647814296	PRDX6	0.26962385	False
385	3.2461533164462706	1.1401803996203672	0.3512404647814296	SLC9C2	0.26962385	False
386	3.2461533164462706	1.1401803996203672	0.3512404647814296	ANKRD45	0.26962385	False
387	3.2461533164462706	1.1401803996203672	0.3512404647814296	TEX50	0.26962385	False
388	3.2461533164462706	1.1401803996203672	0.3512404647814296	KLHL20	0.26962385	False
389	3.2461533164462706	1.1401803996203672	0.3512404647814296	CENPL	0.26962385	False
390	3.2461533164462706	1.1401803996203672	0.3512404647814296	DARS2	0.26962385	False
391	3.2461533164462706	1.1401803996203672	0.3512404647814296	GAS5-AS1	0.26962385	False
392	3.2461533164462706	1.1401803996203672	0.3512404647814296	GAS5	0.26962385	False
393	3.0602504836307385	0.7104361294420882	0.23214966658520497	CDC25A	0.26962093	False
394	3.0602504836307385	0.7104361294420882	0.23214966658520497	MIR4443	0.26962093	False
395	3.0602504836307385	0.7104361294420882	0.23214966658520497	CAMP	0.26962093	False
396	3.0602504836307385	0.7104361294420882	0.23214966658520497	ZNF589	0.26962093	False
397	3.0602504836307385	0.7104361294420882	0.23214966658520497	NME6	0.26962093	False
398	3.0602504836307385	0.7104361294420882	0.23214966658520497	SPINK8	0.26962093	False
399	3.0602504836307385	0.7104361294420882	0.23214966658520497	MIR2115	0.26962093	False
400	3.0602504836307385	0.7104361294420882	0.23214966658520497	FBXW12	0.26962093	False
401	3.0602504836307385	0.7104361294420882	0.23214966658520497	PLXNB1	0.26962093	False
402	3.0602504836307385	0.7104361294420882	0.23214966658520497	CCDC51	0.26962093	False
403	3.0602504836307385	0.7104361294420882	0.23214966658520497	TMA7	0.26962093	False
404	3.0602504836307385	0.7104361294420882	0.23214966658520497	ATRIP	0.26962093	False
405	3.0602504836307385	0.7104361294420882	0.23214966658520497	TREX1	0.26962093	False
406	3.0602504836307385	0.7104361294420882	0.23214966658520497	SHISA5	0.26962093	False
407	3.0602504836307385	0.7104361294420882	0.23214966658520497	PFKFB4	0.26962093	False
408	3.0602504836307385	0.7104361294420882	0.23214966658520497	MIR6823	0.26962093	False
409	3.0602504836307385	0.7104361294420882	0.23214966658520497	UCN2	0.26962093	False
410	3.0602504836307385	0.7104361294420882	0.23214966658520497	COL7A1	0.26962093	False
411	3.0602504836307385	0.7104361294420882	0.23214966658520497	MIR711	0.26962093	False
412	3.0602504836307385	0.7104361294420882	0.23214966658520497	UQCRC1	0.26962093	False
413	3.0602504836307385	0.7104361294420882	0.23214966658520497	TMEM89	0.26962093	False
414	3.0602504836307385	0.7104361294420882	0.23214966658520497	SLC26A6	0.26962093	False
415	3.0602504836307385	0.7104361294420882	0.23214966658520497	MIR6824	0.26962093	False
416	3.0602504836307385	0.7104361294420882	0.23214966658520497	CELSR3	0.26962093	False
417	3.0602504836307385	0.7104361294420882	0.23214966658520497	MIR4793	0.26962093	False
418	3.0602504836307385	0.7104361294420882	0.23214966658520497	LINC02585	0.26962093	False
419	3.0602504836307385	0.7104361294420882	0.23214966658520497	NCKIPSD	0.26962093	False
420	3.0602504836307385	0.7104361294420882	0.23214966658520497	IP6K2	0.26962093	False
421	3.0602504836307385	0.7104361294420882	0.23214966658520497	PRKAR2A	0.26962093	False
422	3.0602504836307385	0.7104361294420882	0.23214966658520497	PRKAR2A-AS1	0.26962093	False
423	3.0602504836307385	0.7104361294420882	0.23214966658520497	SLC25A20	0.26962093	False
424	3.026475361734736	0.6109634733269653	0.20187293808886952	ARIH2OS	0.2696206	False
425	3.026475361734736	0.6109634733269653	0.20187293808886952	ARIH2	0.2696206	False
426	3.026475361734736	0.6109634733269653	0.20187293808886952	P4HTM	0.2696206	False
427	3.026475361734736	0.6109634733269653	0.20187293808886952	WDR6	0.2696206	False
428	3.026475361734736	0.6109634733269653	0.20187293808886952	DALRD3	0.2696206	False
429	3.026475361734736	0.6109634733269653	0.20187293808886952	MIR425	0.2696206	False
430	3.026475361734736	0.6109634733269653	0.20187293808886952	NDUFAF3	0.2696206	False
431	3.026475361734736	0.6109634733269653	0.20187293808886952	MIR191	0.2696206	False
432	3.026475361734736	0.6109634733269653	0.20187293808886952	IMPDH2	0.2696206	False
433	3.026475361734736	0.6109634733269653	0.20187293808886952	QRICH1	0.2696206	False
434	3.026475361734736	0.6109634733269653	0.20187293808886952	QARS	0.2696206	False
435	3.026475361734736	0.6109634733269653	0.20187293808886952	MIR6890	0.2696206	False
436	3.1044744682606877	0.7305276265571196	0.23531442568648497	USP19	0.26962125	False
437	3.1044744682606877	0.7305276265571196	0.23531442568648497	LAMB2	0.26962125	False
438	3.1044744682606877	0.7305276265571196	0.23531442568648497	CCDC71	0.26962125	False
439	3.1044744682606877	0.7305276265571196	0.23531442568648497	KLHDC8B	0.26962125	False
440	3.1044744682606877	0.7305276265571196	0.23531442568648497	C3orf84	0.26962125	False
441	3.1044744682606877	0.7305276265571196	0.23531442568648497	CCDC36	0.26962125	False
442	3.1044744682606877	0.7305276265571196	0.23531442568648497	C3orf62	0.26962125	False
443	3.1044744682606877	0.7305276265571196	0.23531442568648497	MIR4271	0.26962125	False
444	3.1044744682606877	0.7305276265571196	0.23531442568648497	USP4	0.26962125	False
445	3.1044744682606877	0.7305276265571196	0.23531442568648497	GPX1	0.26962125	False
446	3.1044744682606877	0.7305276265571196	0.23531442568648497	RHOA	0.26962125	False
447	3.1044744682606877	0.7305276265571196	0.23531442568648497	TCTA	0.26962125	False
448	3.1044744682606877	0.7305276265571196	0.23531442568648497	AMT	0.26962125	False
449	3.1044744682606877	0.7305276265571196	0.23531442568648497	NICN1	0.26962125	False
450	3.1044744682606877	0.7305276265571196	0.23531442568648497	DAG1	0.26962125	False
451	3.1044744682606877	0.7305276265571196	0.23531442568648497	BSN-DT	0.26962125	False
452	3.1044744682606877	0.7305276265571196	0.23531442568648497	BSN	0.26962125	False
453	3.1044744682606877	0.7305276265571196	0.23531442568648497	APEH	0.26962125	False
454	3.1044744682606877	0.7305276265571196	0.23531442568648497	MST1	0.26962125	False
455	3.1044744682606877	0.7305276265571196	0.23531442568648497	RNF123	0.26962125	False
456	3.1044744682606877	0.7305276265571196	0.23531442568648497	AMIGO3	0.26962125	False
457	3.1044744682606877	0.7305276265571196	0.23531442568648497	GMPPB	0.26962125	False
458	3.1044744682606877	0.7305276265571196	0.23531442568648497	IP6K1	0.26962125	False
459	3.1044744682606877	0.7305276265571196	0.23531442568648497	CDHR4	0.26962125	False
460	3.1044744682606877	0.7305276265571196	0.23531442568648497	INKA1	0.26962125	False
461	3.1044744682606877	0.7305276265571196	0.23531442568648497	UBA7	0.26962125	False
462	3.1044744682606877	0.7305276265571196	0.23531442568648497	MIR5193	0.26962125	False
463	3.1044744682606877	0.7305276265571196	0.23531442568648497	TRAIP	0.26962125	False
464	3.1044744682606877	0.7305276265571196	0.23531442568648497	CAMKV	0.26962125	False
465	3.061733072007267	0.6293318107256769	0.2055475758091113	MST1R	0.2696205	False
466	3.061733072007267	0.6293318107256769	0.2055475758091113	MON1A	0.2696205	False
467	3.061733072007267	0.6293318107256769	0.2055475758091113	RBM6	0.2696205	False
468	3.061733072007267	0.6293318107256769	0.2055475758091113	RBM5	0.2696205	False
469	3.061733072007267	0.6293318107256769	0.2055475758091113	RBM5-AS1	0.2696205	False
470	3.135462701839191	0.7807129743741096	0.24899450212441088	SEMA3F-AS1	0.2696213	False
471	3.135462701839191	0.7807129743741096	0.24899450212441088	SEMA3F	0.2696213	False
472	3.135462701839191	0.7807129743741096	0.24899450212441088	GNAT1	0.2696213	False
473	3.135462701839191	0.7807129743741096	0.24899450212441088	SLC38A3	0.2696213	False
474	3.135462701839191	0.7807129743741096	0.24899450212441088	GNAI2	0.2696213	False
475	3.135462701839191	0.7807129743741096	0.24899450212441088	MIR5787	0.2696213	False
476	3.135462701839191	0.7807129743741096	0.24899450212441088	SEMA3B-AS1	0.2696213	False
477	3.135462701839191	0.7807129743741096	0.24899450212441088	SEMA3B	0.2696213	False
478	3.135462701839191	0.7807129743741096	0.24899450212441088	MIR6872	0.2696213	False
479	3.135462701839191	0.7807129743741096	0.24899450212441088	LSMEM2	0.2696213	False
480	3.135462701839191	0.7807129743741096	0.24899450212441088	IFRD2	0.2696213	False
481	3.135462701839191	0.7807129743741096	0.24899450212441088	HYAL3	0.2696213	False
482	3.135462701839191	0.7807129743741096	0.24899450212441088	NAA80	0.2696213	False
483	3.135462701839191	0.7807129743741096	0.24899450212441088	HYAL1	0.2696213	False
484	3.135462701839191	0.7807129743741096	0.24899450212441088	HYAL2	0.2696213	False
485	3.135462701839191	0.7807129743741096	0.24899450212441088	TUSC2	0.2696213	False
486	3.135462701839191	0.7807129743741096	0.24899450212441088	RASSF1	0.2696213	False
487	3.135462701839191	0.7807129743741096	0.24899450212441088	RASSF1-AS1	0.2696213	False
488	3.135462701839191	0.7807129743741096	0.24899450212441088	ZMYND10	0.2696213	False
489	3.135462701839191	0.7807129743741096	0.24899450212441088	NPRL2	0.2696213	False
490	3.135462701839191	0.7807129743741096	0.24899450212441088	CYB561D2	0.2696213	False
491	3.135462701839191	0.7807129743741096	0.24899450212441088	TMEM115	0.2696213	False
492	3.135462701839191	0.7807129743741096	0.24899450212441088	CACNA2D2	0.2696213	False
493	3.135462701839191	0.7807129743741096	0.24899450212441088	C3orf18	0.2696213	False
494	3.135462701839191	0.7807129743741096	0.24899450212441088	HEMK1	0.2696213	False
495	3.135462701839191	0.7807129743741096	0.24899450212441088	CISH	0.2696213	False
496	3.135462701839191	0.7807129743741096	0.24899450212441088	MAPKAPK3	0.2696213	False
497	3.135462701839191	0.7807129743741096	0.24899450212441088	MIR4787	0.2696213	False
498	3.0601690956622285	0.6539815807535116	0.21370766134476904	DOCK3	0.2696206	False
499	3.0908272458092103	0.7210938959256569	0.2333012616293497	MANF	0.2696214	False
500	3.0908272458092103	0.7210938959256569	0.2333012616293497	RBM15B	0.2696214	False
501	3.0908272458092103	0.7210938959256569	0.2333012616293497	DCAF1	0.2696214	False
502	3.0908272458092103	0.7210938959256569	0.2333012616293497	RAD54L2	0.2696214	False
503	3.0908272458092103	0.7210938959256569	0.2333012616293497	TEX264	0.2696214	False
504	3.0908272458092103	0.7210938959256569	0.2333012616293497	GRM2	0.2696214	False
505	3.0908272458092103	0.7210938959256569	0.2333012616293497	IQCF6	0.2696214	False
506	3.0908272458092103	0.7210938959256569	0.2333012616293497	IQCF3	0.2696214	False
507	3.0908272458092103	0.7210938959256569	0.2333012616293497	IQCF2	0.2696214	False
508	3.0908272458092103	0.7210938959256569	0.2333012616293497	IQCF5-AS1	0.2696214	False
509	3.0908272458092103	0.7210938959256569	0.2333012616293497	IQCF5	0.2696214	False
510	3.006833650440059	0.6171767090902754	0.2052580158533046	IQCF1	0.2696207	False
511	3.006833650440059	0.6171767090902754	0.2052580158533046	RRP9	0.2696207	False
512	3.006833650440059	0.6171767090902754	0.2052580158533046	PARP3	0.2696207	False
513	3.006833650440059	0.6171767090902754	0.2052580158533046	GPR62	0.2696207	False
514	3.006833650440059	0.6171767090902754	0.2052580158533046	PCBP4	0.2696207	False
515	3.006833650440059	0.6171767090902754	0.2052580158533046	ABHD14B	0.2696207	False
516	3.006833650440059	0.6171767090902754	0.2052580158533046	ABHD14A	0.2696207	False
517	3.006833650440059	0.6171767090902754	0.2052580158533046	ABHD14A-ACY1	0.2696207	False
518	3.006833650440059	0.6171767090902754	0.2052580158533046	ACY1	0.2696207	False
519	3.006833650440059	0.6171767090902754	0.2052580158533046	RPL29	0.2696207	False
520	3.006833650440059	0.6171767090902754	0.2052580158533046	DUSP7	0.2696207	False
521	3.006833650440059	0.6171767090902754	0.2052580158533046	POC1A	0.2696207	False
522	3.2666284878456295	1.2791793928036732	0.39159010507720865	EIF5A2	0.2696246	False
523	3.2666284878456295	1.2791793928036732	0.39159010507720865	SLC2A2	0.2696246	False
524	3.2666284878456295	1.2791793928036732	0.39159010507720865	TNIK	0.2696246	False
525	3.372889552736702	1.5193126772626047	0.4504483925451581	MIR569	0.26962626	False
526	3.372889552736702	1.5193126772626047	0.4504483925451581	PLD1	0.26962626	False
527	3.3324699443864003	1.4319124883318401	0.42968504209435404	TMEM212	0.26962534	False
528	3.3324699443864003	1.4319124883318401	0.42968504209435404	TMEM212-AS1	0.26962534	False
529	3.3324699443864003	1.4319124883318401	0.42968504209435404	FNDC3B	0.26962534	False
530	3.444918875597958	1.8158663084553495	0.5271143890551435	GHSR	0.26962772	False
531	3.444918875597958	1.8158663084553495	0.5271143890551435	TNFSF10	0.26962772	False
532	3.444918875597958	1.8158663084553495	0.5271143890551435	NCEH1	0.26962772	False
533	3.444918875597958	1.8158663084553495	0.5271143890551435	ECT2	0.26962772	False
534	3.2847699713129384	1.4979748267635375	0.45603644694937034	SPATA16	0.2696256	False
535	3.216576119294646	0.9684594544633146	0.3010839534168044	DGKG	0.26962247	False
536	3.216576119294646	0.9684594544633146	0.3010839534168044	LINC02052	0.26962247	False
537	3.216576119294646	0.9684594544633146	0.3010839534168044	CRYGS	0.26962247	False
538	3.216576119294646	0.9684594544633146	0.3010839534168044	TBCCD1	0.26962247	False
539	3.216576119294646	0.9684594544633146	0.3010839534168044	DNAJB11	0.26962247	False
540	3.216576119294646	0.9684594544633146	0.3010839534168044	AHSG	0.26962247	False
541	3.216576119294646	0.9684594544633146	0.3010839534168044	FETUB	0.26962247	False
542	3.216576119294646	0.9684594544633146	0.3010839534168044	HRG	0.26962247	False
543	3.216576119294646	0.9684594544633146	0.3010839534168044	KNG1	0.26962247	False
544	3.216576119294646	0.9684594544633146	0.3010839534168044	EIF4A2	0.26962247	False
545	3.216576119294646	0.9684594544633146	0.3010839534168044	SNORD2	0.26962247	False
546	3.216576119294646	0.9684594544633146	0.3010839534168044	MIR1248	0.26962247	False
547	3.216576119294646	0.9684594544633146	0.3010839534168044	SNORA81	0.26962247	False
548	3.216576119294646	0.9684594544633146	0.3010839534168044	SNORA63	0.26962247	False
549	3.216576119294646	0.9684594544633146	0.3010839534168044	SNORA4	0.26962247	False
550	3.216576119294646	0.9684594544633146	0.3010839534168044	RFC4	0.26962247	False
551	3.216576119294646	0.9684594544633146	0.3010839534168044	LINC02043	0.26962247	False
552	3.216576119294646	0.9684594544633146	0.3010839534168044	ADIPOQ	0.26962247	False
553	3.216576119294646	0.9684594544633146	0.3010839534168044	ADIPOQ-AS1	0.26962247	False
554	3.1735647125983393	0.908787137794336	0.2863616217393189	ST6GAL1	0.26962236	False
555	3.2413206492669433	1.1381578667615595	0.35114016474086424	RPL39L	0.26962355	False
556	3.2413206492669433	1.1381578667615595	0.35114016474086424	LOC101929106	0.26962355	False
557	3.2413206492669433	1.1381578667615595	0.35114016474086424	RTP1	0.26962355	False
558	3.2413206492669433	1.1381578667615595	0.35114016474086424	MASP1	0.26962355	False
559	3.2413206492669433	1.1381578667615595	0.35114016474086424	RTP4	0.26962355	False
560	3.2413206492669433	1.1381578667615595	0.35114016474086424	SST	0.26962355	False
561	3.2413206492669433	1.1381578667615595	0.35114016474086424	RTP2	0.26962355	False
562	3.2413206492669433	1.1381578667615595	0.35114016474086424	LOC100131635	0.26962355	False
563	3.2413206492669433	1.1381578667615595	0.35114016474086424	BCL6	0.26962355	False
564	3.438555457865672	1.430383217198143	0.41598375676220406	LINC01622	0.2696254	False
565	3.438555457865672	1.430383217198143	0.41598375676220406	FOXQ1	0.2696254	False
566	3.438555457865672	1.430383217198143	0.41598375676220406	FOXF2	0.2696254	False
567	3.438555457865672	1.430383217198143	0.41598375676220406	MIR6720	0.2696254	False
568	3.438555457865672	1.430383217198143	0.41598375676220406	FOXCUT	0.2696254	False
569	3.438555457865672	1.430383217198143	0.41598375676220406	FOXC1	0.2696254	False
570	3.413300048612377	1.3159805567222969	0.38554493832362846	GMDS	0.2696248	False
571	3.413300048612377	1.3159805567222969	0.38554493832362846	GMDS-DT	0.2696248	False
572	3.413300048612377	1.3159805567222969	0.38554493832362846	LINC01600	0.2696248	False
573	3.413300048612377	1.3159805567222969	0.38554493832362846	MYLK4	0.2696248	False
574	3.413300048612377	1.3159805567222969	0.38554493832362846	WRNIP1	0.2696248	False
575	3.413300048612377	1.3159805567222969	0.38554493832362846	SERPINB1	0.2696248	False
576	3.413300048612377	1.3159805567222969	0.38554493832362846	MIR4645	0.2696248	False
577	3.413300048612377	1.3159805567222969	0.38554493832362846	SERPINB9P1	0.2696248	False
578	3.341577321671117	1.1720461384918455	0.35074637683550813	SERPINB9	0.26962388	False
579	3.341577321671117	1.1720461384918455	0.35074637683550813	SERPINB6	0.26962388	False
580	3.341577321671117	1.1720461384918455	0.35074637683550813	LINC01011	0.26962388	False
581	3.341577321671117	1.1720461384918455	0.35074637683550813	NQO2	0.26962388	False
582	3.341577321671117	1.1720461384918455	0.35074637683550813	RIPK1	0.26962388	False
583	3.341577321671117	1.1720461384918455	0.35074637683550813	BPHL	0.26962388	False
584	3.341577321671117	1.1720461384918455	0.35074637683550813	TUBB2A	0.26962388	False
585	3.341577321671117	1.1720461384918455	0.35074637683550813	LINC02525	0.26962388	False
586	3.341577321671117	1.1720461384918455	0.35074637683550813	TUBB2B	0.26962388	False
587	3.341577321671117	1.1720461384918455	0.35074637683550813	PSMG4	0.26962388	False
588	3.341577321671117	1.1720461384918455	0.35074637683550813	SLC22A23	0.26962388	False
589	3.341577321671117	1.1720461384918455	0.35074637683550813	PXDC1	0.26962388	False
590	3.341577321671117	1.1720461384918455	0.35074637683550813	FAM50B	0.26962388	False
591	3.2308368773619156	0.9697588993953562	0.30015718409998965	PRPF4B	0.26962247	False
592	3.2308368773619156	0.9697588993953562	0.30015718409998965	FAM217A	0.26962247	False
593	3.2308368773619156	0.9697588993953562	0.30015718409998965	C6orf201	0.26962247	False
594	3.2749746745452435	1.0876892785917247	0.33212143197496913	ECI2	0.26962322	False
595	3.2749746745452435	1.0876892785917247	0.33212143197496913	LOC100507506	0.26962322	False
596	3.2749746745452435	1.0876892785917247	0.33212143197496913	LOC102724096	0.26962322	False
597	3.2749746745452435	1.0876892785917247	0.33212143197496913	KU-MEL-3	0.26962322	False
598	3.215580828885911	0.9240621548866293	0.28737021523006945	CDYL	0.26962242	False
599	3.215580828885911	0.9240621548866293	0.28737021523006945	RPP40	0.26962242	False
600	3.215580828885911	0.9240621548866293	0.28737021523006945	LYRM4-AS1	0.26962242	False
601	3.215580828885911	0.9240621548866293	0.28737021523006945	PPP1R3G	0.26962242	False
602	3.226332760880864	1.0151836953561428	0.3146556076500225	LYRM4	0.26962298	False
603	3.226332760880864	1.0151836953561428	0.3146556076500225	MIR3691	0.26962298	False
604	3.226332760880864	1.0151836953561428	0.3146556076500225	FARS2	0.26962298	False
605	3.226332760880864	1.0151836953561428	0.3146556076500225	LOC101927972	0.26962298	False
606	3.226332760880864	1.0151836953561428	0.3146556076500225	LOC101927950	0.26962298	False
607	3.173143885018833	0.9067182075333909	0.28574758674330003	NRN1	0.26962242	False
608	3.1838007392117067	1.0595990318952853	0.33280946852146176	F13A1	0.26962352	False
609	3.1838007392117067	1.0595990318952853	0.33280946852146176	MIR7853	0.26962352	False
610	3.1838007392117067	1.0595990318952853	0.33280946852146176	LY86-AS1	0.26962352	False
611	3.1838007392117067	1.0595990318952853	0.33280946852146176	LY86	0.26962352	False
612	3.2918215576221015	1.119138606529478	0.33997547769202446	RREB1	0.26962388	False
613	3.2918215576221015	1.119138606529478	0.33997547769202446	SSR1	0.26962388	False
614	3.2918215576221015	1.119138606529478	0.33997547769202446	CAGE1	0.26962388	False
615	3.2918215576221015	1.119138606529478	0.33997547769202446	RIOK1	0.26962388	False
616	3.2918215576221015	1.119138606529478	0.33997547769202446	DSP	0.26962388	False
617	3.2918215576221015	1.119138606529478	0.33997547769202446	SNRNP48	0.26962388	False
618	3.2918215576221015	1.119138606529478	0.33997547769202446	BMP6	0.26962388	False
619	3.1672488712784066	0.9327070361414698	0.29448492178797375	TXNDC5	0.26962242	False
620	3.1672488712784066	0.9327070361414698	0.29448492178797375	BLOC1S5-TXNDC5	0.26962242	False
621	3.1672488712784066	0.9327070361414698	0.29448492178797375	BLOC1S5	0.26962242	False
622	3.1672488712784066	0.9327070361414698	0.29448492178797375	EEF1E1-BLOC1S5	0.26962242	False
623	3.1672488712784066	0.9327070361414698	0.29448492178797375	EEF1E1	0.26962242	False
624	3.146638619638171	0.962903935113828	0.30601033404482636	SYCP2L	0.2696224	False
625	3.146638619638171	0.962903935113828	0.30601033404482636	ELOVL2	0.2696224	False
626	3.146638619638171	0.962903935113828	0.30601033404482636	ELOVL2-AS1	0.2696224	False
627	3.146638619638171	0.962903935113828	0.30601033404482636	SMIM13	0.2696224	False
628	3.252827657271712	1.159343151009291	0.35641087483303147	ERVFRD-1	0.2696234	False
629	3.252827657271712	1.159343151009291	0.35641087483303147	NEDD9	0.2696234	False
630	3.252827657271712	1.159343151009291	0.35641087483303147	TMEM170B	0.2696234	False
631	3.252827657271712	1.159343151009291	0.35641087483303147	ADTRP	0.2696234	False
632	3.1504241223312524	0.9519406199932459	0.30216268763484083	LOC101928253	0.26962242	False
633	3.1504241223312524	0.9519406199932459	0.30216268763484083	HIVEP1	0.26962242	False
634	3.221081101233399	1.1260970166655238	0.34960219295140527	EDN1	0.26962367	False
635	3.102171583171985	0.953114567756718	0.3072410865108092	PHACTR1	0.2696221	False
636	3.272543896641605	1.1428105906747748	0.34921169181185485	RIPOR2	0.26962337	False
637	3.4319135776558296	1.3963307407662788	0.40686652188952943	LOC101928663	0.2696255	False
638	3.4319135776558296	1.3963307407662788	0.40686652188952943	CARMIL1	0.2696255	False
639	3.4319135776558296	1.3963307407662788	0.40686652188952943	SCGN	0.2696255	False
640	3.4319135776558296	1.3963307407662788	0.40686652188952943	HIST1H2AA	0.2696255	False
641	3.4319135776558296	1.3963307407662788	0.40686652188952943	HIST1H2BA	0.2696255	False
642	3.4319135776558296	1.3963307407662788	0.40686652188952943	SLC17A4	0.2696255	False
643	3.4319135776558296	1.3963307407662788	0.40686652188952943	SLC17A1	0.2696255	False
644	3.4319135776558296	1.3963307407662788	0.40686652188952943	SLC17A3	0.2696255	False
645	3.394179608224325	1.2019663214879024	0.3541257270462227	SLC17A2	0.26962456	False
646	3.394179608224325	1.2019663214879024	0.3541257270462227	TRIM38	0.26962456	False
647	3.394179608224325	1.2019663214879024	0.3541257270462227	HIST1H1A	0.26962456	False
648	3.394179608224325	1.2019663214879024	0.3541257270462227	HIST1H3A	0.26962456	False
649	3.394179608224325	1.2019663214879024	0.3541257270462227	HIST1H4A	0.26962456	False
650	3.394179608224325	1.2019663214879024	0.3541257270462227	HIST1H4B	0.26962456	False
651	3.394179608224325	1.2019663214879024	0.3541257270462227	HIST1H3B	0.26962456	False
652	3.394179608224325	1.2019663214879024	0.3541257270462227	HIST1H2AB	0.26962456	False
653	3.394179608224325	1.2019663214879024	0.3541257270462227	HIST1H2BB	0.26962456	False
654	3.394179608224325	1.2019663214879024	0.3541257270462227	HIST1H3C	0.26962456	False
655	3.394179608224325	1.2019663214879024	0.3541257270462227	HIST1H1C	0.26962456	False
656	3.394179608224325	1.2019663214879024	0.3541257270462227	HFE	0.26962456	False
657	3.5367106803545916	1.4457798232267938	0.40879222359286665	HIST1H4C	0.26962706	False
658	3.5367106803545916	1.4457798232267938	0.40879222359286665	HIST1H1T	0.26962706	False
659	3.5367106803545916	1.4457798232267938	0.40879222359286665	HIST1H2BC	0.26962706	False
660	3.5367106803545916	1.4457798232267938	0.40879222359286665	HIST1H1E	0.26962706	False
661	3.5367106803545916	1.4457798232267938	0.40879222359286665	HIST1H2BD	0.26962706	False
662	3.5367106803545916	1.4457798232267938	0.40879222359286665	HIST1H2BE	0.26962706	False
663	3.5367106803545916	1.4457798232267938	0.40879222359286665	HIST1H4D	0.26962706	False
664	3.5367106803545916	1.4457798232267938	0.40879222359286665	HIST1H3D	0.26962706	False
665	3.5367106803545916	1.4457798232267938	0.40879222359286665	HIST1H2AD	0.26962706	False
666	3.5367106803545916	1.4457798232267938	0.40879222359286665	HIST1H2BF	0.26962706	False
667	3.5367106803545916	1.4457798232267938	0.40879222359286665	HIST1H4E	0.26962706	False
668	3.5367106803545916	1.4457798232267938	0.40879222359286665	HIST1H2BG	0.26962706	False
669	3.5367106803545916	1.4457798232267938	0.40879222359286665	HIST1H2AE	0.26962706	False
670	3.5367106803545916	1.4457798232267938	0.40879222359286665	HIST1H3E	0.26962706	False
671	3.5367106803545916	1.4457798232267938	0.40879222359286665	HIST1H1D	0.26962706	False
672	3.5367106803545916	1.4457798232267938	0.40879222359286665	HIST1H4F	0.26962706	False
673	3.5367106803545916	1.4457798232267938	0.40879222359286665	HIST1H4G	0.26962706	False
674	3.5367106803545916	1.4457798232267938	0.40879222359286665	HIST1H3F	0.26962706	False
675	3.5367106803545916	1.4457798232267938	0.40879222359286665	HIST1H2BH	0.26962706	False
676	3.5367106803545916	1.4457798232267938	0.40879222359286665	HIST1H3G	0.26962706	False
677	3.5367106803545916	1.4457798232267938	0.40879222359286665	HIST1H2BI	0.26962706	False
678	3.5367106803545916	1.4457798232267938	0.40879222359286665	HIST1H4H	0.26962706	False
679	3.5367106803545916	1.4457798232267938	0.40879222359286665	BTN3A2	0.26962706	False
680	3.5367106803545916	1.4457798232267938	0.40879222359286665	BTN2A2	0.26962706	False
681	3.5367106803545916	1.4457798232267938	0.40879222359286665	BTN3A1	0.26962706	False
682	3.5367106803545916	1.4457798232267938	0.40879222359286665	BTN3A3	0.26962706	False
683	3.5367106803545916	1.4457798232267938	0.40879222359286665	BTN2A1	0.26962706	False
684	3.5367106803545916	1.4457798232267938	0.40879222359286665	BTN1A1	0.26962706	False
685	3.5367106803545916	1.4457798232267938	0.40879222359286665	HCG11	0.26962706	False
686	3.5367106803545916	1.4457798232267938	0.40879222359286665	HMGN4	0.26962706	False
687	3.5367106803545916	1.4457798232267938	0.40879222359286665	ABT1	0.26962706	False
688	3.5367106803545916	1.4457798232267938	0.40879222359286665	ZNF322	0.26962706	False
689	3.374736354510422	1.142377898453263	0.338508783634741	LINC00240	0.2696244	False
690	3.40435274091114	1.1875821808676383	0.34884228258608546	HIST1H2BJ	0.2696247	False
691	3.40435274091114	1.1875821808676383	0.34884228258608546	HIST1H2AG	0.2696247	False
692	3.40435274091114	1.1875821808676383	0.34884228258608546	HIST1H4I	0.2696247	False
693	3.40435274091114	1.1875821808676383	0.34884228258608546	HIST1H2BK	0.2696247	False
694	3.40435274091114	1.1875821808676383	0.34884228258608546	HIST1H2AH	0.2696247	False
695	3.40435274091114	1.1875821808676383	0.34884228258608546	MIR3143	0.2696247	False
696	3.40435274091114	1.1875821808676383	0.34884228258608546	PRSS16	0.2696247	False
697	3.40435274091114	1.1875821808676383	0.34884228258608546	POM121L2	0.2696247	False
698	3.40435274091114	1.1875821808676383	0.34884228258608546	ZNF391	0.2696247	False
699	3.40435274091114	1.1875821808676383	0.34884228258608546	ZNF184	0.2696247	False
700	3.40435274091114	1.1875821808676383	0.34884228258608546	LINC01012	0.2696247	False
701	3.40435274091114	1.1875821808676383	0.34884228258608546	HIST1H2BL	0.2696247	False
702	3.40435274091114	1.1875821808676383	0.34884228258608546	HIST1H2AI	0.2696247	False
703	3.40435274091114	1.1875821808676383	0.34884228258608546	HIST1H3H	0.2696247	False
704	3.40435274091114	1.1875821808676383	0.34884228258608546	HIST1H2AJ	0.2696247	False
705	3.40435274091114	1.1875821808676383	0.34884228258608546	HIST1H2BM	0.2696247	False
706	3.40435274091114	1.1875821808676383	0.34884228258608546	HIST1H4J	0.2696247	False
707	3.40435274091114	1.1875821808676383	0.34884228258608546	HIST1H4K	0.2696247	False
708	3.40435274091114	1.1875821808676383	0.34884228258608546	HIST1H2BN	0.2696247	False
709	3.40435274091114	1.1875821808676383	0.34884228258608546	HIST1H2AK	0.2696247	False
710	3.40435274091114	1.1875821808676383	0.34884228258608546	HIST1H2AL	0.2696247	False
711	3.40435274091114	1.1875821808676383	0.34884228258608546	HIST1H1B	0.2696247	False
712	3.40435274091114	1.1875821808676383	0.34884228258608546	HIST1H3I	0.2696247	False
713	3.40435274091114	1.1875821808676383	0.34884228258608546	HIST1H4L	0.2696247	False
714	3.40435274091114	1.1875821808676383	0.34884228258608546	HIST1H3J	0.2696247	False
715	3.40435274091114	1.1875821808676383	0.34884228258608546	HIST1H2AM	0.2696247	False
716	3.40435274091114	1.1875821808676383	0.34884228258608546	HIST1H2BO	0.2696247	False
717	3.35172149832346	1.0484088202337394	0.3127971165737238	OR2B2	0.26962364	False
718	3.35172149832346	1.0484088202337394	0.3127971165737238	OR2B6	0.26962364	False
719	3.35172149832346	1.0484088202337394	0.3127971165737238	ZNF165	0.26962364	False
720	3.3575801801067064	1.1170226415001652	0.33268681061390626	ZSCAN16-AS1	0.26962388	False
721	3.3575801801067064	1.1170226415001652	0.33268681061390626	ZSCAN16	0.26962388	False
722	3.3575801801067064	1.1170226415001652	0.33268681061390626	ZKSCAN8	0.26962388	False
723	3.3575801801067064	1.1170226415001652	0.33268681061390626	ZSCAN9	0.26962388	False
724	3.3575801801067064	1.1170226415001652	0.33268681061390626	ZKSCAN4	0.26962388	False
725	3.3575801801067064	1.1170226415001652	0.33268681061390626	NKAPL	0.26962388	False
726	3.3575801801067064	1.1170226415001652	0.33268681061390626	ZSCAN26	0.26962388	False
727	3.3575801801067064	1.1170226415001652	0.33268681061390626	PGBD1	0.26962388	False
728	3.3575801801067064	1.1170226415001652	0.33268681061390626	ZSCAN31	0.26962388	False
729	3.3575801801067064	1.1170226415001652	0.33268681061390626	ZKSCAN3	0.26962388	False
730	3.3575801801067064	1.1170226415001652	0.33268681061390626	ZSCAN12	0.26962388	False
731	3.3575801801067064	1.1170226415001652	0.33268681061390626	ZSCAN23	0.26962388	False
732	3.3575801801067064	1.1170226415001652	0.33268681061390626	GPX6	0.26962388	False
733	3.3575801801067064	1.1170226415001652	0.33268681061390626	GPX5	0.26962388	False
734	3.3575801801067064	1.1170226415001652	0.33268681061390626	ZBED9	0.26962388	False
735	3.3575801801067064	1.1170226415001652	0.33268681061390626	LINC00533	0.26962388	False
736	3.3575801801067064	1.1170226415001652	0.33268681061390626	LINC01623	0.26962388	False
737	3.3575801801067064	1.1170226415001652	0.33268681061390626	HCG14	0.26962388	False
738	3.355384429582041	1.0204849256393933	0.30413353434035834	TRIM27	0.26962367	False
739	3.355384429582041	1.0204849256393933	0.30413353434035834	ZNF311	0.26962367	False
740	3.355384429582041	1.0204849256393933	0.30413353434035834	LOC100129636	0.26962367	False
741	3.355384429582041	1.0204849256393933	0.30413353434035834	OR2W1	0.26962367	False
742	3.355384429582041	1.0204849256393933	0.30413353434035834	OR2B3	0.26962367	False
743	3.3670658014780876	1.0852141490828446	0.3223026258074473	OR2J3	0.269624	False
744	3.3670658014780876	1.0852141490828446	0.3223026258074473	OR2J2	0.269624	False
745	3.3670658014780876	1.0852141490828446	0.3223026258074473	LOC101929006	0.269624	False
746	3.3670658014780876	1.0852141490828446	0.3223026258074473	OR14J1	0.269624	False
747	3.3670658014780876	1.0852141490828446	0.3223026258074473	OR5V1	0.269624	False
748	3.3670658014780876	1.0852141490828446	0.3223026258074473	OR12D3	0.269624	False
749	3.3670658014780876	1.0852141490828446	0.3223026258074473	OR12D2	0.269624	False
750	3.3670658014780876	1.0852141490828446	0.3223026258074473	OR11A1	0.269624	False
751	3.3670658014780876	1.0852141490828446	0.3223026258074473	OR10C1	0.269624	False
752	3.3670658014780876	1.0852141490828446	0.3223026258074473	OR2H1	0.269624	False
753	3.3670658014780876	1.0852141490828446	0.3223026258074473	MAS1L	0.269624	False
754	3.3670658014780876	1.0852141490828446	0.3223026258074473	LINC01015	0.269624	False
755	3.3670658014780876	1.0852141490828446	0.3223026258074473	UBD	0.269624	False
756	3.3670658014780876	1.0852141490828446	0.3223026258074473	GABBR1	0.269624	False
757	3.3670658014780876	1.0852141490828446	0.3223026258074473	SNORD32B	0.269624	False
758	3.3670658014780876	1.0852141490828446	0.3223026258074473	OR2H2	0.269624	False
759	3.3670658014780876	1.0852141490828446	0.3223026258074473	MOG	0.269624	False
760	3.3670658014780876	1.0852141490828446	0.3223026258074473	ZFP57	0.269624	False
761	3.3670658014780876	1.0852141490828446	0.3223026258074473	HLA-F	0.269624	False
762	3.3670658014780876	1.0852141490828446	0.3223026258074473	HLA-F-AS1	0.269624	False
763	3.3670658014780876	1.0852141490828446	0.3223026258074473	HLA-G	0.269624	False
764	3.3638712141275264	0.9988642975123687	0.2969389236179305	HLA-A	0.2696236	False
765	3.3638712141275264	0.9988642975123687	0.2969389236179305	HCG9	0.2696236	False
766	3.3638712141275264	0.9988642975123687	0.2969389236179305	ZNRD1ASP	0.2696236	False
767	3.3638712141275264	0.9988642975123687	0.2969389236179305	ZNRD1	0.2696236	False
768	3.3638712141275264	0.9988642975123687	0.2969389236179305	PPP1R11	0.2696236	False
769	3.3638712141275264	0.9988642975123687	0.2969389236179305	RNF39	0.2696236	False
770	3.5198048538846884	1.2319759340546526	0.350012567513498	TRIM31	0.26962528	False
771	3.5198048538846884	1.2319759340546526	0.350012567513498	TRIM31-AS1	0.26962528	False
772	3.5198048538846884	1.2319759340546526	0.350012567513498	TRIM40	0.26962528	False
773	3.5198048538846884	1.2319759340546526	0.350012567513498	TRIM10	0.26962528	False
774	3.5198048538846884	1.2319759340546526	0.350012567513498	TRIM15	0.26962528	False
775	3.5198048538846884	1.2319759340546526	0.350012567513498	TRIM26	0.26962528	False
776	3.5198048538846884	1.2319759340546526	0.350012567513498	HCG17	0.26962528	False
777	3.5198048538846884	1.2319759340546526	0.350012567513498	HCG18	0.26962528	False
778	3.5198048538846884	1.2319759340546526	0.350012567513498	TRIM39	0.26962528	False
779	3.5198048538846884	1.2319759340546526	0.350012567513498	TRIM39-RPP21	0.26962528	False
780	3.5198048538846884	1.2319759340546526	0.350012567513498	RPP21	0.26962528	False
781	3.5198048538846884	1.2319759340546526	0.350012567513498	HLA-E	0.26962528	False
782	3.5198048538846884	1.2319759340546526	0.350012567513498	GNL1	0.26962528	False
783	3.5198048538846884	1.2319759340546526	0.350012567513498	PRR3	0.26962528	False
784	3.5198048538846884	1.2319759340546526	0.350012567513498	ABCF1	0.26962528	False
785	3.5198048538846884	1.2319759340546526	0.350012567513498	MIR877	0.26962528	False
786	3.5198048538846884	1.2319759340546526	0.350012567513498	PPP1R10	0.26962528	False
787	3.5198048538846884	1.2319759340546526	0.350012567513498	MRPS18B	0.26962528	False
788	3.5198048538846884	1.2319759340546526	0.350012567513498	ATAT1	0.26962528	False
789	3.5198048538846884	1.2319759340546526	0.350012567513498	C6orf136	0.26962528	False
790	3.5198048538846884	1.2319759340546526	0.350012567513498	DHX16	0.26962528	False
791	3.5198048538846884	1.2319759340546526	0.350012567513498	PPP1R18	0.26962528	False
792	3.5198048538846884	1.2319759340546526	0.350012567513498	NRM	0.26962528	False
793	3.5198048538846884	1.2319759340546526	0.350012567513498	MDC1	0.26962528	False
794	3.5198048538846884	1.2319759340546526	0.350012567513498	MDC1-AS1	0.26962528	False
795	3.5198048538846884	1.2319759340546526	0.350012567513498	TUBB	0.26962528	False
796	3.5198048538846884	1.2319759340546526	0.350012567513498	FLOT1	0.26962528	False
797	3.5198048538846884	1.2319759340546526	0.350012567513498	IER3	0.26962528	False
798	3.5198048538846884	1.2319759340546526	0.350012567513498	LINC00243	0.26962528	False
799	3.5198048538846884	1.2319759340546526	0.350012567513498	LINC02570	0.26962528	False
800	3.4055074352318946	1.0079782029090454	0.29598473122711244	DDR1	0.26962373	False
801	3.5198048538846884	1.2319759340546526	0.350012567513498	MIR4640	0.26962528	False
802	3.4055074352318946	1.0079782029090454	0.29598473122711244	GTF2H4	0.26962373	False
803	3.4055074352318946	1.0079782029090454	0.29598473122711244	VARS2	0.26962373	False
804	3.4055074352318946	1.0079782029090454	0.29598473122711244	SFTA2	0.26962373	False
805	3.4055074352318946	1.0079782029090454	0.29598473122711244	MUCL3	0.26962373	False
806	3.4055074352318946	1.0079782029090454	0.29598473122711244	MUC21	0.26962373	False
807	3.4055074352318946	1.0079782029090454	0.29598473122711244	MUC22	0.26962373	False
808	3.4055074352318946	1.0079782029090454	0.29598473122711244	HCG22	0.26962373	False
809	3.460156265918415	1.100787706729417	0.31813236805859674	C6orf15	0.2696246	False
810	3.460156265918415	1.100787706729417	0.31813236805859674	PSORS1C1	0.2696246	False
811	3.460156265918415	1.100787706729417	0.31813236805859674	CDSN	0.2696246	False
812	3.460156265918415	1.100787706729417	0.31813236805859674	PSORS1C2	0.2696246	False
813	3.460156265918415	1.100787706729417	0.31813236805859674	CCHCR1	0.2696246	False
814	3.460156265918415	1.100787706729417	0.31813236805859674	TCF19	0.2696246	False
815	3.460156265918415	1.100787706729417	0.31813236805859674	POU5F1	0.2696246	False
816	3.460156265918415	1.100787706729417	0.31813236805859674	PSORS1C3	0.2696246	False
817	3.460156265918415	1.100787706729417	0.31813236805859674	HCG27	0.2696246	False
818	3.460156265918415	1.100787706729417	0.31813236805859674	HLA-C	0.2696246	False
819	3.460156265918415	1.100787706729417	0.31813236805859674	HLA-B	0.2696246	False
820	3.460156265918415	1.100787706729417	0.31813236805859674	MIR6891	0.2696246	False
821	3.460156265918415	1.100787706729417	0.31813236805859674	MICA	0.2696246	False
822	3.460156265918415	1.100787706729417	0.31813236805859674	HCP5	0.2696246	False
823	3.460156265918415	1.100787706729417	0.31813236805859674	MICB	0.2696246	False
824	3.460156265918415	1.100787706729417	0.31813236805859674	MCCD1	0.2696246	False
825	3.460156265918415	1.100787706729417	0.31813236805859674	DDX39B	0.2696246	False
826	3.460156265918415	1.100787706729417	0.31813236805859674	ATP6V1G2-DDX39B	0.2696246	False
827	3.460156265918415	1.100787706729417	0.31813236805859674	SNORD117	0.2696246	False
828	3.460156265918415	1.100787706729417	0.31813236805859674	SNORD84	0.2696246	False
829	3.460156265918415	1.100787706729417	0.31813236805859674	ATP6V1G2	0.2696246	False
830	3.460156265918415	1.100787706729417	0.31813236805859674	DDX39B-AS1	0.2696246	False
831	3.460156265918415	1.100787706729417	0.31813236805859674	NFKBIL1	0.2696246	False
832	3.460156265918415	1.100787706729417	0.31813236805859674	LTA	0.2696246	False
833	3.460156265918415	1.100787706729417	0.31813236805859674	TNF	0.2696246	False
834	3.460156265918415	1.100787706729417	0.31813236805859674	LTB	0.2696246	False
835	3.460156265918415	1.100787706729417	0.31813236805859674	LST1	0.2696246	False
836	3.460156265918415	1.100787706729417	0.31813236805859674	NCR3	0.2696246	False
837	3.460156265918415	1.100787706729417	0.31813236805859674	AIF1	0.2696246	False
838	3.460156265918415	1.100787706729417	0.31813236805859674	PRRC2A	0.2696246	False
839	3.460156265918415	1.100787706729417	0.31813236805859674	SNORA38	0.2696246	False
840	3.460156265918415	1.100787706729417	0.31813236805859674	MIR6832	0.2696246	False
841	3.460156265918415	1.100787706729417	0.31813236805859674	BAG6	0.2696246	False
842	3.460156265918415	1.100787706729417	0.31813236805859674	APOM	0.2696246	False
843	3.460156265918415	1.100787706729417	0.31813236805859674	C6orf47	0.2696246	False
844	3.460156265918415	1.100787706729417	0.31813236805859674	GPANK1	0.2696246	False
845	3.460156265918415	1.100787706729417	0.31813236805859674	CSNK2B	0.2696246	False
846	3.460156265918415	1.100787706729417	0.31813236805859674	LY6G5B	0.2696246	False
847	3.460156265918415	1.100787706729417	0.31813236805859674	LY6G5C	0.2696246	False
848	3.460156265918415	1.100787706729417	0.31813236805859674	ABHD16A	0.2696246	False
849	3.460156265918415	1.100787706729417	0.31813236805859674	MIR4646	0.2696246	False
850	3.460156265918415	1.100787706729417	0.31813236805859674	LY6G6F	0.2696246	False
851	3.460156265918415	1.100787706729417	0.31813236805859674	LY6G6E	0.2696246	False
852	3.460156265918415	1.100787706729417	0.31813236805859674	LY6G6D	0.2696246	False
853	3.460156265918415	1.100787706729417	0.31813236805859674	MPIG6B	0.2696246	False
854	3.460156265918415	1.100787706729417	0.31813236805859674	LY6G6C	0.2696246	False
855	3.460156265918415	1.100787706729417	0.31813236805859674	DDAH2	0.2696246	False
856	3.460156265918415	1.100787706729417	0.31813236805859674	CLIC1	0.2696246	False
857	3.460156265918415	1.100787706729417	0.31813236805859674	MSH5	0.2696246	False
858	3.460156265918415	1.100787706729417	0.31813236805859674	MSH5-SAPCD1	0.2696246	False
859	3.460156265918415	1.100787706729417	0.31813236805859674	SAPCD1	0.2696246	False
860	3.460156265918415	1.100787706729417	0.31813236805859674	SAPCD1-AS1	0.2696246	False
861	3.460156265918415	1.100787706729417	0.31813236805859674	VWA7	0.2696246	False
862	3.460156265918415	1.100787706729417	0.31813236805859674	VARS	0.2696246	False
863	3.460156265918415	1.100787706729417	0.31813236805859674	LSM2	0.2696246	False
864	3.460156265918415	1.100787706729417	0.31813236805859674	HSPA1L	0.2696246	False
865	3.460156265918415	1.100787706729417	0.31813236805859674	HSPA1A	0.2696246	False
866	3.460156265918415	1.100787706729417	0.31813236805859674	HSPA1B	0.2696246	False
867	3.460156265918415	1.100787706729417	0.31813236805859674	C6orf48	0.2696246	False
868	3.460156265918415	1.100787706729417	0.31813236805859674	SNORD48	0.2696246	False
869	3.460156265918415	1.100787706729417	0.31813236805859674	SNORD52	0.2696246	False
870	3.460156265918415	1.100787706729417	0.31813236805859674	NEU1	0.2696246	False
871	3.460156265918415	1.100787706729417	0.31813236805859674	SLC44A4	0.2696246	False
872	3.460156265918415	1.100787706729417	0.31813236805859674	EHMT2	0.2696246	False
873	3.313816306094797	0.8620471513903041	0.2601372773152272	C2	0.26962262	False
874	3.313816306094797	0.8620471513903041	0.2601372773152272	ZBTB12	0.26962262	False
875	3.313816306094797	0.8620471513903041	0.2601372773152272	CFB	0.26962262	False
876	3.313816306094797	0.8620471513903041	0.2601372773152272	C2-AS1	0.26962262	False
877	3.313816306094797	0.8620471513903041	0.2601372773152272	NELFE	0.26962262	False
878	3.313816306094797	0.8620471513903041	0.2601372773152272	MIR1236	0.26962262	False
879	3.313816306094797	0.8620471513903041	0.2601372773152272	SKIV2L	0.26962262	False
880	3.313816306094797	0.8620471513903041	0.2601372773152272	DXO	0.26962262	False
881	3.313816306094797	0.8620471513903041	0.2601372773152272	STK19	0.26962262	False
882	3.313816306094797	0.8620471513903041	0.2601372773152272	C4B	0.26962262	False
883	3.313816306094797	0.8620471513903041	0.2601372773152272	C4A	0.26962262	False
884	3.313816306094797	0.8620471513903041	0.2601372773152272	CYP21A2	0.26962262	False
885	3.313816306094797	0.8620471513903041	0.2601372773152272	TNXB	0.26962262	False
886	3.313816306094797	0.8620471513903041	0.2601372773152272	ATF6B	0.26962262	False
887	3.3135554976296615	0.8667485934761768	0.2615766037708443	FKBPL	0.26962242	False
888	3.3135554976296615	0.8667485934761768	0.2615766037708443	PRRT1	0.26962242	False
889	3.3135554976296615	0.8667485934761768	0.2615766037708443	LOC100507547	0.26962242	False
890	3.3135554976296615	0.8667485934761768	0.2615766037708443	PPT2	0.26962242	False
891	3.3135554976296615	0.8667485934761768	0.2615766037708443	PPT2-EGFL8	0.26962242	False
892	3.3135554976296615	0.8667485934761768	0.2615766037708443	EGFL8	0.26962242	False
893	3.3135554976296615	0.8667485934761768	0.2615766037708443	AGPAT1	0.26962242	False
894	3.3135554976296615	0.8667485934761768	0.2615766037708443	MIR6721	0.26962242	False
895	3.3135554976296615	0.8667485934761768	0.2615766037708443	RNF5	0.26962242	False
896	3.3135554976296615	0.8667485934761768	0.2615766037708443	MIR6833	0.26962242	False
897	3.3135554976296615	0.8667485934761768	0.2615766037708443	AGER	0.26962242	False
898	3.3135554976296615	0.8667485934761768	0.2615766037708443	PBX2	0.26962242	False
899	3.3135554976296615	0.8667485934761768	0.2615766037708443	GPSM3	0.26962242	False
900	3.3135554976296615	0.8667485934761768	0.2615766037708443	NOTCH4	0.26962242	False
901	3.3135554976296615	0.8667485934761768	0.2615766037708443	TSBP1	0.26962242	False
902	3.3135554976296615	0.8667485934761768	0.2615766037708443	HCG23	0.26962242	False
903	3.3135554976296615	0.8667485934761768	0.2615766037708443	BTNL2	0.26962242	False
904	3.3135554976296615	0.8667485934761768	0.2615766037708443	HLA-DRA	0.26962242	False
905	3.3135554976296615	0.8667485934761768	0.2615766037708443	HLA-DRB5	0.26962242	False
906	3.3135554976296615	0.8667485934761768	0.2615766037708443	HLA-DRB1	0.26962242	False
907	3.3135554976296615	0.8667485934761768	0.2615766037708443	HLA-DQA1	0.26962242	False
908	3.3135554976296615	0.8667485934761768	0.2615766037708443	HLA-DQB1	0.26962242	False
909	3.3135554976296615	0.8667485934761768	0.2615766037708443	HLA-DQB1-AS1	0.26962242	False
910	3.3135554976296615	0.8667485934761768	0.2615766037708443	HLA-DQA2	0.26962242	False
911	3.3135554976296615	0.8667485934761768	0.2615766037708443	MIR3135B	0.26962242	False
912	3.3135554976296615	0.8667485934761768	0.2615766037708443	HLA-DQB2	0.26962242	False
913	3.3135554976296615	0.8667485934761768	0.2615766037708443	HLA-DOB	0.26962242	False
914	3.3135554976296615	0.8667485934761768	0.2615766037708443	TAP2	0.26962242	False
915	3.3135554976296615	0.8667485934761768	0.2615766037708443	PSMB8	0.26962242	False
916	3.3135554976296615	0.8667485934761768	0.2615766037708443	PSMB8-AS1	0.26962242	False
917	3.3135554976296615	0.8667485934761768	0.2615766037708443	PSMB9	0.26962242	False
918	3.3135554976296615	0.8667485934761768	0.2615766037708443	TAP1	0.26962242	False
919	3.1834755579512257	0.6978600167953425	0.2192132479397646	HLA-DMB	0.26962125	False
920	3.1834755579512257	0.6978600167953425	0.2192132479397646	HLA-DMA	0.26962125	False
921	3.1834755579512257	0.6978600167953425	0.2192132479397646	BRD2	0.26962125	False
922	3.1834755579512257	0.6978600167953425	0.2192132479397646	HLA-DOA	0.26962125	False
923	3.1834755579512257	0.6978600167953425	0.2192132479397646	HLA-DPA1	0.26962125	False
924	3.1834755579512257	0.6978600167953425	0.2192132479397646	HLA-DPB1	0.26962125	False
925	3.142489640246037	0.6952573773198477	0.22124412708180433	COL11A2	0.2696214	False
926	3.142489640246037	0.6952573773198477	0.22124412708180433	RXRB	0.2696214	False
927	3.142489640246037	0.6952573773198477	0.22124412708180433	SLC39A7	0.2696214	False
928	3.142489640246037	0.6952573773198477	0.22124412708180433	HSD17B8	0.2696214	False
929	3.142489640246037	0.6952573773198477	0.22124412708180433	MIR219A1	0.2696214	False
930	3.142489640246037	0.6952573773198477	0.22124412708180433	RING1	0.2696214	False
931	3.142489640246037	0.6952573773198477	0.22124412708180433	HCG25	0.2696214	False
932	3.142489640246037	0.6952573773198477	0.22124412708180433	VPS52	0.2696214	False
933	3.142489640246037	0.6952573773198477	0.22124412708180433	RPS18	0.2696214	False
934	3.142489640246037	0.6952573773198477	0.22124412708180433	B3GALT4	0.2696214	False
935	3.142489640246037	0.6952573773198477	0.22124412708180433	WDR46	0.2696214	False
936	3.142489640246037	0.6952573773198477	0.22124412708180433	MIR6873	0.2696214	False
937	3.142489640246037	0.6952573773198477	0.22124412708180433	PFDN6	0.2696214	False
938	3.142489640246037	0.6952573773198477	0.22124412708180433	MIR6834	0.2696214	False
939	3.142489640246037	0.6952573773198477	0.22124412708180433	RGL2	0.2696214	False
940	3.142489640246037	0.6952573773198477	0.22124412708180433	TAPBP	0.2696214	False
941	3.142489640246037	0.6952573773198477	0.22124412708180433	ZBTB22	0.2696214	False
942	3.142489640246037	0.6952573773198477	0.22124412708180433	DAXX	0.2696214	False
943	3.142489640246037	0.6952573773198477	0.22124412708180433	KIFC1	0.2696214	False
944	3.142489640246037	0.6952573773198477	0.22124412708180433	PHF1	0.2696214	False
945	3.142489640246037	0.6952573773198477	0.22124412708180433	CUTA	0.2696214	False
946	3.142489640246037	0.6952573773198477	0.22124412708180433	SYNGAP1	0.2696214	False
947	3.142489640246037	0.6952573773198477	0.22124412708180433	MIR5004	0.2696214	False
948	3.142489640246037	0.6952573773198477	0.22124412708180433	ZBTB9	0.2696214	False
949	3.142489640246037	0.6952573773198477	0.22124412708180433	BAK1	0.2696214	False
950	3.142489640246037	0.6952573773198477	0.22124412708180433	LINC00336	0.2696214	False
951	3.142489640246037	0.6952573773198477	0.22124412708180433	ITPR3	0.2696214	False
952	3.142489640246037	0.6952573773198477	0.22124412708180433	UQCC2	0.2696214	False
953	3.142489640246037	0.6952573773198477	0.22124412708180433	MIR3934	0.2696214	False
954	3.142489640246037	0.6952573773198477	0.22124412708180433	IP6K3	0.2696214	False
955	3.142489640246037	0.6952573773198477	0.22124412708180433	LEMD2	0.2696214	False
956	3.142489640246037	0.6952573773198477	0.22124412708180433	MLN	0.2696214	False
957	3.142489640246037	0.6952573773198477	0.22124412708180433	LINC01016	0.2696214	False
958	3.142489640246037	0.6952573773198477	0.22124412708180433	MIR7159	0.2696214	False
959	3.044221690474259	0.5472008947349021	0.1797506720509746	MIR1275	0.26962036	False
960	3.044221690474259	0.5472008947349021	0.1797506720509746	GRM4	0.26962036	False
961	3.071817628505	0.7671481947787907	0.24973754550401106	C6orf132	0.2696215	False
962	3.071817628505	0.7671481947787907	0.24973754550401106	GUCA1A	0.2696215	False
963	3.071817628505	0.7671481947787907	0.24973754550401106	GUCA1B	0.2696215	False
964	3.071817628505	0.7671481947787907	0.24973754550401106	MRPS10	0.2696215	False
965	3.071817628505	0.7671481947787907	0.24973754550401106	TRERF1	0.2696215	False
966	3.071817628505	0.7671481947787907	0.24973754550401106	UBR2	0.2696215	False
967	3.071817628505	0.7671481947787907	0.24973754550401106	PRPH2	0.2696215	False
968	3.071817628505	0.7671481947787907	0.24973754550401106	TBCC	0.2696215	False
969	3.071817628505	0.7671481947787907	0.24973754550401106	BICRAL	0.2696215	False
970	3.071817628505	0.7671481947787907	0.24973754550401106	RPL7L1	0.2696215	False
971	3.071817628505	0.7671481947787907	0.24973754550401106	C6orf226	0.2696215	False
972	3.073130094145355	0.7139802979288419	0.23232999451896016	PTCRA	0.269621	False
973	3.073130094145355	0.7139802979288419	0.23232999451896016	CNPY3	0.269621	False
974	3.073130094145355	0.7139802979288419	0.23232999451896016	GNMT	0.269621	False
975	3.073130094145355	0.7139802979288419	0.23232999451896016	PEX6	0.269621	False
976	3.073130094145355	0.7139802979288419	0.23232999451896016	PPP2R5D	0.269621	False
977	3.073130094145355	0.7139802979288419	0.23232999451896016	MEA1	0.269621	False
978	3.073130094145355	0.7139802979288419	0.23232999451896016	KLHDC3	0.269621	False
979	3.073130094145355	0.7139802979288419	0.23232999451896016	RRP36	0.269621	False
980	3.073130094145355	0.7139802979288419	0.23232999451896016	CUL7	0.269621	False
981	3.073130094145355	0.7139802979288419	0.23232999451896016	KLC4	0.269621	False
982	3.073130094145355	0.7139802979288419	0.23232999451896016	MRPL2	0.269621	False
983	3.073130094145355	0.7139802979288419	0.23232999451896016	PTK7	0.269621	False
984	3.2134879669326772	0.9307642810211045	0.2896429955857383	SRF	0.26962233	False
985	3.2134879669326772	0.9307642810211045	0.2896429955857383	CUL9	0.26962233	False
986	3.2134879669326772	0.9307642810211045	0.2896429955857383	DNPH1	0.26962233	False
987	3.2134879669326772	0.9307642810211045	0.2896429955857383	TTBK1	0.26962233	False
988	3.2134879669326772	0.9307642810211045	0.2896429955857383	SLC22A7	0.26962233	False
989	3.2134879669326772	0.9307642810211045	0.2896429955857383	CRIP3	0.26962233	False
990	3.2134879669326772	0.9307642810211045	0.2896429955857383	ZNF318	0.26962233	False
991	3.2134879669326772	0.9307642810211045	0.2896429955857383	ABCC10	0.26962233	False
992	3.2134879669326772	0.9307642810211045	0.2896429955857383	MIR6780B	0.26962233	False
993	3.2134879669326772	0.9307642810211045	0.2896429955857383	DLK2	0.26962233	False
994	3.2134879669326772	0.9307642810211045	0.2896429955857383	TJAP1	0.26962233	False
995	3.2134879669326772	0.9307642810211045	0.2896429955857383	LRRC73	0.26962233	False
996	3.2134879669326772	0.9307642810211045	0.2896429955857383	POLR1C	0.26962233	False
997	3.2134879669326772	0.9307642810211045	0.2896429955857383	YIPF3	0.26962233	False
998	3.2134879669326772	0.9307642810211045	0.2896429955857383	XPO5	0.26962233	False
999	3.2134879669326772	0.9307642810211045	0.2896429955857383	POLH	0.26962233	False
1000	3.2134879669326772	0.9307642810211045	0.2896429955857383	GTPBP2	0.26962233	False
1001	3.2134879669326772	0.9307642810211045	0.2896429955857383	MAD2L1BP	0.26962233	False
1002	3.2134879669326772	0.9307642810211045	0.2896429955857383	RSPH9	0.26962233	False
1003	3.2134879669326772	0.9307642810211045	0.2896429955857383	MRPS18A	0.26962233	False
1004	3.2134879669326772	0.9307642810211045	0.2896429955857383	VEGFA	0.26962233	False
1005	3.0929497261502177	0.7566771901266628	0.24464580970363714	LOC101929705	0.26962113	False
1006	3.0929497261502177	0.7566771901266628	0.24464580970363714	C6orf223	0.26962113	False
1007	3.1408534136210338	0.8748852260702114	0.2785501616458986	MRPL14	0.2696221	False
1008	3.1408534136210338	0.8748852260702114	0.2785501616458986	TMEM63B	0.2696221	False
1009	3.1408534136210338	0.8748852260702114	0.2785501616458986	CAPN11	0.2696221	False
1010	3.1408534136210338	0.8748852260702114	0.2785501616458986	MYMX	0.2696221	False
1011	3.1408534136210338	0.8748852260702114	0.2785501616458986	SLC29A1	0.2696221	False
1012	3.1408534136210338	0.8748852260702114	0.2785501616458986	HSP90AB1	0.2696221	False
1013	3.1408534136210338	0.8748852260702114	0.2785501616458986	SLC35B2	0.2696221	False
1014	3.1408534136210338	0.8748852260702114	0.2785501616458986	MIR4647	0.2696221	False
1015	3.1408534136210338	0.8748852260702114	0.2785501616458986	NFKBIE	0.2696221	False
1016	3.1408534136210338	0.8748852260702114	0.2785501616458986	TMEM151B	0.2696221	False
1017	3.1408534136210338	0.8748852260702114	0.2785501616458986	SPATS1	0.2696221	False
1018	3.1408534136210338	0.8748852260702114	0.2785501616458986	TCTE1	0.2696221	False
1019	3.1408534136210338	0.8748852260702114	0.2785501616458986	AARS2	0.2696221	False
1020	3.1408534136210338	0.8748852260702114	0.2785501616458986	CDC5L	0.2696221	False
1021	3.1408534136210338	0.8748852260702114	0.2785501616458986	MIR4642	0.2696221	False
1022	3.0437005522997063	0.749041830346288	0.24609576976300773	SUPT3H	0.26962107	False
1023	3.3090935263556025	1.3442733821316728	0.4062361403281819	MIR206	0.26962522	False
1024	3.3090935263556025	1.3442733821316728	0.4062361403281819	LINCMD1	0.26962522	False
1025	3.3090935263556025	1.3442733821316728	0.4062361403281819	MIR133B	0.26962522	False
1026	3.3090935263556025	1.3442733821316728	0.4062361403281819	IL17A	0.26962522	False
1027	3.3090935263556025	1.3442733821316728	0.4062361403281819	IL17F	0.26962522	False
1028	3.3090935263556025	1.3442733821316728	0.4062361403281819	MCM3	0.26962522	False
1029	3.3090935263556025	1.3442733821316728	0.4062361403281819	PAQR8	0.26962522	False
1030	3.3090935263556025	1.3442733821316728	0.4062361403281819	EFHC1	0.26962522	False
1031	3.3090935263556025	1.3442733821316728	0.4062361403281819	TRAM2	0.26962522	False
1032	3.3090935263556025	1.3442733821316728	0.4062361403281819	TRAM2-AS1	0.26962522	False
1033	3.3090935263556025	1.3442733821316728	0.4062361403281819	TMEM14A	0.26962522	False
1034	3.3090935263556025	1.3442733821316728	0.4062361403281819	GSTA2	0.26962522	False
1035	3.3090935263556025	1.3442733821316728	0.4062361403281819	GSTA1	0.26962522	False
1036	3.3090935263556025	1.3442733821316728	0.4062361403281819	GSTA5	0.26962522	False
1037	3.290717972312606	1.2539679944005615	0.3810621283717349	GSTA3	0.26962435	False
1038	3.290717972312606	1.2539679944005615	0.3810621283717349	GSTA4	0.26962435	False
1039	3.290717972312606	1.2539679944005615	0.3810621283717349	RN7SK	0.26962435	False
1040	3.290717972312606	1.2539679944005615	0.3810621283717349	ICK	0.26962435	False
1041	3.290717972312606	1.2539679944005615	0.3810621283717349	FBXO9	0.26962435	False
1042	3.449153632537513	1.5927195061660415	0.46177111136516447	GCM1	0.2696265	False
1043	3.449153632537513	1.5927195061660415	0.46177111136516447	ELOVL5	0.2696265	False
1044	3.449153632537513	1.5927195061660415	0.46177111136516447	MIR5685	0.2696265	False
1045	3.449153632537513	1.5927195061660415	0.46177111136516447	GCLC	0.2696265	False
1046	3.449153632537513	1.5927195061660415	0.46177111136516447	LOC101927136	0.2696265	False
1047	3.449153632537513	1.5927195061660415	0.46177111136516447	LINC01564	0.2696265	False
1048	3.449153632537513	1.5927195061660415	0.46177111136516447	KLHL31	0.2696265	False
1049	3.3416587605214123	1.3079086255523669	0.39139502842243795	LRRC1	0.26962498	False
1050	3.3416587605214123	1.3079086255523669	0.39139502842243795	LOC101927189	0.26962498	False
1051	3.3416587605214123	1.3079086255523669	0.39139502842243795	MLIP-IT1	0.26962498	False
1052	3.3416587605214123	1.3079086255523669	0.39139502842243795	MLIP	0.26962498	False
1053	3.442756131342153	1.5283759979016047	0.4439396633376323	TINAG	0.2696267	False
1054	3.60459342841218	2.4118614886992655	0.669107775009646	KHDRBS2	0.2696327	False
1055	3.5384488950275452	2.082235887895133	0.5884600709709906	LGSN	0.2696301	False
1056	3.5384488950275452	2.082235887895133	0.5884600709709906	PTP4A1	0.2696301	False
1057	3.5384488950275452	2.082235887895133	0.5884600709709906	PHF3	0.2696301	False
1058	3.2640402923662992	1.062423446865525	0.325493361509735	NR2E1	0.26962328	False
1059	3.2640402923662992	1.062423446865525	0.325493361509735	SNX3	0.26962328	False
1060	3.2640402923662992	1.062423446865525	0.325493361509735	AFG1L	0.26962328	False
1061	3.2640402923662992	1.062423446865525	0.325493361509735	FOXO3	0.26962328	False
1062	3.2640402923662992	1.062423446865525	0.325493361509735	LINC00222	0.26962328	False
1063	3.218678198093608	0.9221173663067328	0.2864894560919119	ARMC2	0.26962307	False
1064	3.218678198093608	0.9221173663067328	0.2864894560919119	ARMC2-AS1	0.26962307	False
1065	3.218678198093608	0.9221173663067328	0.2864894560919119	SESN1	0.26962307	False
1066	3.218678198093608	0.9221173663067328	0.2864894560919119	CEP57L1	0.26962307	False
1067	3.2790561530471414	1.1245772364458178	0.3429576024188477	CD164	0.269624	False
1068	3.2790561530471414	1.1245772364458178	0.3429576024188477	PPIL6	0.269624	False
1069	3.2790561530471414	1.1245772364458178	0.3429576024188477	SMPD2	0.269624	False
1070	3.2790561530471414	1.1245772364458178	0.3429576024188477	MICAL1	0.269624	False
1071	3.2790561530471414	1.1245772364458178	0.3429576024188477	ZBTB24	0.269624	False
1072	3.2790561530471414	1.1245772364458178	0.3429576024188477	AK9	0.269624	False
1073	3.2790561530471414	1.1245772364458178	0.3429576024188477	FIG4	0.269624	False
1074	3.2293617302231468	1.0192643046410863	0.31562407366815975	GPR6	0.269623	False
1075	3.2293617302231468	1.0192643046410863	0.31562407366815975	WASF1	0.269623	False
1076	3.3155299404881946	1.2349866102054146	0.3724854344170299	CDC40	0.2696244	False
1077	3.3155299404881946	1.2349866102054146	0.3724854344170299	METTL24	0.2696244	False
1078	3.3155299404881946	1.2349866102054146	0.3724854344170299	DDO	0.2696244	False
1079	3.3155299404881946	1.2349866102054146	0.3724854344170299	SLC22A16	0.2696244	False
1080	3.3155299404881946	1.2349866102054146	0.3724854344170299	CDK19	0.2696244	False
1081	3.3155299404881946	1.2349866102054146	0.3724854344170299	AMD1	0.2696244	False
1082	3.2379329570908766	1.0775442070574666	0.33278768317228746	GTF3C6	0.26962328	False
1083	3.2379329570908766	1.0775442070574666	0.33278768317228746	RPF2	0.26962328	False
1084	3.2379329570908766	1.0775442070574666	0.33278768317228746	SLC16A10	0.26962328	False
1085	3.276589132157665	1.3150653600977584	0.40135192636489503	MFSD4B	0.2696246	False
1086	3.276589132157665	1.3150653600977584	0.40135192636489503	REV3L	0.2696246	False
1087	3.276589132157665	1.3150653600977584	0.40135192636489503	TRAF3IP2-AS1	0.2696246	False
1088	3.276589132157665	1.3150653600977584	0.40135192636489503	TRAF3IP2	0.2696246	False
1089	3.276589132157665	1.3150653600977584	0.40135192636489503	FYN	0.2696246	False
1090	3.185202183077908	1.1281126218532458	0.3541730028462852	WISP3	0.26962337	False
1091	3.185202183077908	1.1281126218532458	0.3541730028462852	TUBE1	0.26962337	False
1092	3.185202183077908	1.1281126218532458	0.3541730028462852	FAM229B	0.26962337	False
1093	3.358350981967421	1.2700587865578337	0.37817928899551645	NMBR	0.26962444	False
1094	3.472255160552809	1.5797831420611712	0.454973228928734	VTA1	0.26962703	False
1095	3.472255160552809	1.5797831420611712	0.454973228928734	ADGRG6	0.26962703	False
1096	3.472255160552809	1.5797831420611712	0.454973228928734	LOC153910	0.26962703	False
1097	3.3994560258388136	1.313790622280387	0.38647083895024353	HIVEP2	0.26962528	False
1098	3.3994560258388136	1.313790622280387	0.38647083895024353	LINC01277	0.26962528	False
1099	3.3994560258388136	1.313790622280387	0.38647083895024353	AIG1	0.26962528	False
1100	3.4557388799293403	1.4641169182712421	0.42367695278561646	ADAT2	0.26962617	False
1101	3.4557388799293403	1.4641169182712421	0.42367695278561646	PEX3	0.26962617	False
1102	3.4557388799293403	1.4641169182712421	0.42367695278561646	FUCA2	0.26962617	False
1103	3.4557388799293403	1.4641169182712421	0.42367695278561646	PHACTR2	0.26962617	False
1104	3.4557388799293403	1.4641169182712421	0.42367695278561646	PHACTR2-AS1	0.26962617	False
1105	3.4557388799293403	1.4641169182712421	0.42367695278561646	LTV1	0.26962617	False
1106	3.348003131906514	1.2242814642159874	0.36567512513610545	ZC2HC1B	0.2696246	False
1107	3.348003131906514	1.2242814642159874	0.36567512513610545	PLAGL1	0.2696246	False
1108	3.348003131906514	1.2242814642159874	0.36567512513610545	HYMAI	0.2696246	False
1109	3.348003131906514	1.2242814642159874	0.36567512513610545	SF3B5	0.2696246	False
1110	3.379232686886674	1.3410686729806125	0.39685597212192997	STX11	0.2696252	False
1111	3.379232686886674	1.3410686729806125	0.39685597212192997	UTRN	0.2696252	False
1112	3.2859417814580607	1.2680780054464813	0.3859100646889127	NCOA2	0.26962394	False
1113	3.2859417814580607	1.2680780054464813	0.3859100646889127	LOC101926892	0.26962394	False
1114	3.2859417814580607	1.2680780054464813	0.3859100646889127	TRAM1	0.26962394	False
1115	3.2859417814580607	1.2680780054464813	0.3859100646889127	LACTB2-AS1	0.26962394	False
1116	3.2859417814580607	1.2680780054464813	0.3859100646889127	LACTB2	0.26962394	False
1117	3.2859417814580607	1.2680780054464813	0.3859100646889127	XKR9	0.26962394	False
1118	3.2573853477870696	1.2473128439853913	0.38291841793687786	EYA1	0.2696238	False
1119	3.216691839949028	1.1029800588220007	0.3428926716335621	MSC-AS1	0.26962298	False
1120	3.2573853477870696	1.2473128439853913	0.38291841793687786	MSC	0.2696238	False
1121	3.216691839949028	1.1029800588220007	0.3428926716335621	TRPA1	0.26962298	False
1122	3.2811283624605405	1.1605611301555057	0.35370793274457357	KCNB2	0.26962364	False
1123	3.2637834806197	1.2588616466688218	0.38570623760550427	LOC101926908	0.26962426	False
1124	3.2811283624605405	1.1605611301555057	0.35370793274457357	TERF1	0.26962364	False
1125	3.2811283624605405	1.1605611301555057	0.35370793274457357	SBSPON	0.26962364	False
1126	3.3826601512900334	1.4249946662892727	0.4212645085690407	C8orf89	0.26962546	False
1127	3.3826601512900334	1.4249946662892727	0.4212645085690407	RPL7	0.26962546	False
1128	3.3826601512900334	1.4249946662892727	0.4212645085690407	RDH10	0.26962546	False
1129	3.3826601512900334	1.4249946662892727	0.4212645085690407	RDH10-AS1	0.26962546	False
1130	3.3826601512900334	1.4249946662892727	0.4212645085690407	STAU2-AS1	0.26962546	False
1131	3.3826601512900334	1.4249946662892727	0.4212645085690407	STAU2	0.26962546	False
1132	3.3826601512900334	1.4249946662892727	0.4212645085690407	UBE2W	0.26962546	False
1133	3.2852133378117694	1.2417443227616964	0.3779798128997015	ELOC	0.2696242	False
1134	3.2852133378117694	1.2417443227616964	0.3779798128997015	TMEM70	0.2696242	False
1135	3.2852133378117694	1.2417443227616964	0.3779798128997015	LY96	0.2696242	False
1136	3.363726565158306	1.4893777580060654	0.44277610832971237	JPH1	0.26962546	False
1137	3.363726565158306	1.4893777580060654	0.44277610832971237	GDAP1	0.26962546	False
1138	3.363726565158306	1.4893777580060654	0.44277610832971237	MIR5681A	0.26962546	False
1139	3.363726565158306	1.4893777580060654	0.44277610832971237	MIR2052HG	0.26962546	False
1140	3.363726565158306	1.4893777580060654	0.44277610832971237	PI15	0.26962546	False
1141	3.35380565521899	1.363022211343714	0.40641061273859475	CRISPLD1	0.26962516	False
1142	3.4551397678800932	1.6800761820697463	0.4862541879457918	CASC9	0.26962706	False
1143	3.4551397678800932	1.6800761820697463	0.4862541879457918	HNF4G	0.26962706	False
1144	3.555634915679377	2.0680209596888943	0.5816179131804246	LINC01111	0.26962993	False
1145	3.555634915679377	2.0680209596888943	0.5816179131804246	ZFHX4-AS1	0.26962993	False
1146	3.555634915679377	2.0680209596888943	0.5816179131804246	ZFHX4	0.26962993	False
1147	3.5052401574732683	1.7960543665126203	0.5123912444867388	MIR3149	0.26962835	False
1148	3.5052401574732683	1.7960543665126203	0.5123912444867388	PEX2	0.26962835	False
1149	3.6592001943275476	2.2580986094653164	0.6171016860366908	LOC102724874	0.2696322	False
1150	3.644708537406379	1.9575784827519087	0.537101516530303	PKIA-AS1	0.26963055	False
1151	3.644708537406379	1.9575784827519087	0.537101516530303	PKIA	0.26963055	False
1152	3.644708537406379	1.9575784827519087	0.537101516530303	ZC2HC1A	0.26963055	False
1153	3.644708537406379	1.9575784827519087	0.537101516530303	IL7	0.26963055	False
1154	3.6064501591108455	1.6656236817396923	0.46184575087829427	STMN2	0.2696282	False
1155	3.6064501591108455	1.6656236817396923	0.46184575087829427	HEY1	0.2696282	False
1156	3.6064501591108455	1.6656236817396923	0.46184575087829427	LINC01607	0.2696282	False
1157	3.6064501591108455	1.6656236817396923	0.46184575087829427	LOC101927040	0.2696282	False
1158	3.575055981117829	1.5057673508859188	0.42118706919243926	MRPS28	0.26962805	False
1159	3.575055981117829	1.5057673508859188	0.42118706919243926	TPD52	0.26962805	False
1160	3.6514960996639334	1.6677529487457947	0.4567314063129595	MIR5708	0.26962927	False
1161	3.6514960996639334	1.6677529487457947	0.4567314063129595	ZBTB10	0.26962927	False
1162	3.6514960996639334	1.6677529487457947	0.4567314063129595	ZNF704	0.26962927	False
1163	3.5844851264594317	1.5491084180692876	0.4321704131604018	PAG1	0.26962802	False
1164	3.6923376361062763	1.8359782312400823	0.49724007178720464	FABP5	0.26963064	False
1165	3.6923376361062763	1.8359782312400823	0.49724007178720464	PMP2	0.26963064	False
1166	3.6923376361062763	1.8359782312400823	0.49724007178720464	FABP9	0.26963064	False
1167	3.6923376361062763	1.8359782312400823	0.49724007178720464	FABP4	0.26963064	False
1168	3.6923376361062763	1.8359782312400823	0.49724007178720464	FABP12	0.26963064	False
1169	3.6923376361062763	1.8359782312400823	0.49724007178720464	IMPA1	0.26963064	False
1170	3.6923376361062763	1.8359782312400823	0.49724007178720464	SLC10A5	0.26963064	False
1171	3.6923376361062763	1.8359782312400823	0.49724007178720464	ZFAND1	0.26963064	False
1172	3.6923376361062763	1.8359782312400823	0.49724007178720464	CHMP4C	0.26963064	False
1173	3.6923376361062763	1.8359782312400823	0.49724007178720464	SNX16	0.26963064	False
1174	3.594916770753368	1.7610791790976705	0.4898803759310985	LOC101927141	0.26962927	False
1175	3.6207023542635537	2.125278429941418	0.586979602849375	LINC01419	0.26963046	False
1176	3.6447158208411587	2.6035332694452658	0.7143309375611073	RALYL	0.26963362	False
1177	3.679101191307642	2.161400082760209	0.5874804661167786	PSKH2	0.26963118	False
1178	3.679101191307642	2.161400082760209	0.5874804661167786	ATP6V0D2	0.26963118	False
1179	3.679101191307642	2.161400082760209	0.5874804661167786	SLC7A13	0.26963118	False
1180	3.679101191307642	2.161400082760209	0.5874804661167786	WWP1	0.26963118	False
1181	3.679101191307642	2.161400082760209	0.5874804661167786	RMDN1	0.26963118	False
1182	3.679101191307642	2.161400082760209	0.5874804661167786	CPNE3	0.26963118	False
1183	3.679101191307642	2.161400082760209	0.5874804661167786	CNGB3	0.26963118	False
1184	3.2295345741325163	1.1183825450213467	0.3462983657085495	RUNX1T1	0.26962352	False
1185	3.2804119855777416	1.2813945845983732	0.3906200167027788	LOC102724710	0.26962444	False
1186	3.2804119855777416	1.2813945845983732	0.3906200167027788	FLJ46284	0.26962444	False
1187	3.2452937886523903	1.0623798664568118	0.32736015154361897	TRIQK	0.2696233	False
1188	3.2452937886523903	1.0623798664568118	0.32736015154361897	MIR8084	0.2696233	False
1189	3.3703256792586775	1.3094556903039252	0.388524972041262	C8orf87	0.26962465	False
1190	3.3703256792586775	1.3094556903039252	0.388524972041262	LINC00535	0.26962465	False
1191	3.3703256792586775	1.3094556903039252	0.388524972041262	FAM92A	0.26962465	False
1192	3.3703256792586775	1.3094556903039252	0.388524972041262	RBM12B	0.26962465	False
1193	3.3703256792586775	1.3094556903039252	0.388524972041262	RBM12B-AS1	0.26962465	False
1194	3.3703256792586775	1.3094556903039252	0.388524972041262	TMEM67	0.26962465	False
1195	3.3759371410987455	1.1853961371951338	0.3511309860495004	MIR378D2	0.2696242	False
1196	3.3759371410987455	1.1853961371951338	0.3511309860495004	PDP1	0.2696242	False
1197	3.4799772043711275	1.3848225832810166	0.39794013062544475	CDH17	0.26962584	False
1198	3.4799772043711275	1.3848225832810166	0.39794013062544475	GEM	0.26962584	False
1199	3.4799772043711275	1.3848225832810166	0.39794013062544475	RAD54B	0.26962584	False
1200	3.4799772043711275	1.3848225832810166	0.39794013062544475	FSBP	0.26962584	False
1201	3.4799772043711275	1.3848225832810166	0.39794013062544475	VIRMA	0.26962584	False
1202	3.4799772043711275	1.3848225832810166	0.39794013062544475	LOC100288748	0.26962584	False
1203	3.4799772043711275	1.3848225832810166	0.39794013062544475	ESRP1	0.26962584	False
1204	3.4799772043711275	1.3848225832810166	0.39794013062544475	DPY19L4	0.26962584	False
1205	3.4799772043711275	1.3848225832810166	0.39794013062544475	INTS8	0.26962584	False
1206	3.4799772043711275	1.3848225832810166	0.39794013062544475	CCNE2	0.26962584	False
1207	3.4350285967018936	1.2386971973006506	0.36060753569561915	NDUFAF6	0.26962513	False
1208	3.4350285967018936	1.2386971973006506	0.36060753569561915	TP53INP1	0.26962513	False
1209	3.4350285967018936	1.2386971973006506	0.36060753569561915	MIR3150BHG	0.26962513	False
1210	3.4350285967018936	1.2386971973006506	0.36060753569561915	MIR3150B	0.26962513	False
1211	3.527498285006434	1.4066937201107264	0.39877941999003996	PLEKHF2	0.2696265	False
1212	3.527498285006434	1.4066937201107264	0.39877941999003996	C8orf37-AS1	0.2696265	False
1213	3.527498285006434	1.4066937201107264	0.39877941999003996	LINC01298	0.2696265	False
1214	3.527498285006434	1.4066937201107264	0.39877941999003996	C8orf37	0.2696265	False
1215	3.58581949674198	1.5419804436325124	0.4300217690917047	GDF6	0.26962754	False
1216	3.58581949674198	1.5419804436325124	0.4300217690917047	UQCRB	0.26962754	False
1217	3.58581949674198	1.5419804436325124	0.4300217690917047	MTERF3	0.26962754	False
1218	3.58581949674198	1.5419804436325124	0.4300217690917047	PTDSS1	0.26962754	False
1219	3.58581949674198	1.5419804436325124	0.4300217690917047	LOC102724804	0.26962754	False
1220	3.58581949674198	1.5419804436325124	0.4300217690917047	SDC2	0.26962754	False
1221	3.522460624497685	1.420595432140215	0.40329632707897106	CPQ	0.2696269	False
1222	3.578247355704549	1.597950682377254	0.44657356619847793	TSPYL5	0.2696281	False
1223	3.578247355704549	1.597950682377254	0.44657356619847793	MTDH	0.2696281	False
1224	3.578247355704549	1.597950682377254	0.44657356619847793	LAPTM4B	0.2696281	False
1225	3.5323760114675817	1.454106757653094	0.41165118122545574	MATN2	0.26962703	False
1226	3.5323760114675817	1.454106757653094	0.41165118122545574	RPL30	0.26962703	False
1227	3.5323760114675817	1.454106757653094	0.41165118122545574	SNORA72	0.26962703	False
1228	3.5323760114675817	1.454106757653094	0.41165118122545574	ERICH5	0.26962703	False
1229	3.6163705587051873	1.6383557687118926	0.4530386867485429	RIDA	0.2696288	False
1230	3.6163705587051873	1.6383557687118926	0.4530386867485429	POP1	0.2696288	False
1231	3.6163705587051873	1.6383557687118926	0.4530386867485429	NIPAL2	0.2696288	False
1232	3.505219529290593	1.345501364064605	0.38385651820698247	STK3	0.2696265	False
1233	3.6163705587051873	1.6383557687118926	0.4530386867485429	KCNS2	0.2696288	False
1234	3.505219529290593	1.345501364064605	0.38385651820698247	OSR2	0.2696265	False
1235	3.505219529290593	1.345501364064605	0.38385651820698247	VPS13B	0.2696265	False
1236	3.543502497304942	1.440841983285658	0.4066152018748427	MIR599	0.2696272	False
1237	3.543502497304942	1.440841983285658	0.4066152018748427	MIR875	0.2696272	False
1238	3.543502497304942	1.440841983285658	0.4066152018748427	COX6C	0.2696272	False
1239	3.5026554372362275	1.3570876308052289	0.38744536969815097	RGS22	0.26962662	False
1240	3.577962603799374	1.53207643657539	0.42819800155219784	FBXO43	0.2696276	False
1241	3.577962603799374	1.53207643657539	0.42819800155219784	POLR2K	0.2696276	False
1242	3.577962603799374	1.53207643657539	0.42819800155219784	SPAG1	0.2696276	False
1243	3.577962603799374	1.53207643657539	0.42819800155219784	RNF19A	0.2696276	False
1244	3.577962603799374	1.53207643657539	0.42819800155219784	MIR4471	0.2696276	False
1245	3.577962603799374	1.53207643657539	0.42819800155219784	ANKRD46	0.2696276	False
1246	3.577962603799374	1.53207643657539	0.42819800155219784	SNX31	0.2696276	False
1247	3.577962603799374	1.53207643657539	0.42819800155219784	PABPC1	0.2696276	False
1248	3.577962603799374	1.53207643657539	0.42819800155219784	MIR7705	0.2696276	False
1249	3.4803586232673047	1.2929096689885526	0.3714874841762111	YWHAZ	0.26962584	False
1250	3.4803586232673047	1.2929096689885526	0.3714874841762111	FLJ42969	0.26962584	False
1251	3.5195140717285818	1.3222868641996444	0.3757015421024339	ZNF706	0.26962593	False
1252	3.5195140717285818	1.3222868641996444	0.3757015421024339	GRHL2	0.26962593	False
1253	3.4742199810893584	1.233367712041287	0.3550056469523149	NCALD	0.2696255	False
1254	3.5723108051663197	1.4562107960319504	0.4076383258494643	MIR5680	0.26962745	False
1255	3.5723108051663197	1.4562107960319504	0.4076383258494643	RRM2B	0.26962745	False
1256	3.5723108051663197	1.4562107960319504	0.4076383258494643	UBR5-AS1	0.26962745	False
1257	3.5723108051663197	1.4562107960319504	0.4076383258494643	UBR5	0.26962745	False
1258	3.5723108051663197	1.4562107960319504	0.4076383258494643	ODF1	0.26962745	False
1259	3.5723108051663197	1.4562107960319504	0.4076383258494643	KLF10	0.26962745	False
1260	3.5723108051663197	1.4562107960319504	0.4076383258494643	AZIN1	0.26962745	False
1261	3.430061118106725	1.2242425964624144	0.35691568001509955	AZIN1-AS1	0.269625	False
1262	3.430061118106725	1.2242425964624144	0.35691568001509955	ATP6V1C1	0.269625	False
1263	3.4381349709401468	1.3676490017469984	0.3977880488423697	BAALC-AS2	0.2696255	False
1264	3.4381349709401468	1.3676490017469984	0.3977880488423697	BAALC	0.2696255	False
1265	3.4381349709401468	1.3676490017469984	0.3977880488423697	MIR3151	0.2696255	False
1266	3.4381349709401468	1.3676490017469984	0.3977880488423697	BAALC-AS1	0.2696255	False
1267	3.4381349709401468	1.3676490017469984	0.3977880488423697	FZD6	0.2696255	False
1268	3.4381349709401468	1.3676490017469984	0.3977880488423697	CTHRC1	0.2696255	False
1269	3.4381349709401468	1.3676490017469984	0.3977880488423697	SLC25A32	0.2696255	False
1270	3.4381349709401468	1.3676490017469984	0.3977880488423697	DCAF13	0.2696255	False
1271	3.336829455893642	1.206002239797331	0.36142159967667553	RIMS2	0.26962432	False
1272	3.386893773092788	1.419388896152148	0.4190827912668822	DPYS	0.26962608	False
1273	3.386893773092788	1.419388896152148	0.4190827912668822	DCSTAMP	0.26962608	False
1274	3.386893773092788	1.419388896152148	0.4190827912668822	MIR548A3	0.26962608	False
1275	3.386893773092788	1.419388896152148	0.4190827912668822	LRP12	0.26962608	False
1276	3.2718305902055507	1.1893528209755646	0.3635129595450247	ZFPM2	0.26962355	False
1277	3.3532927745165995	1.381590342140012	0.4120100555010971	ANGPT1	0.2696252	False
1278	3.4052620089959187	1.4037159948089093	0.41221967387549463	RSPO2	0.26962596	False
1279	3.594955985603432	1.8570134222150498	0.5165608229006844	EIF3E	0.26962897	False
1280	3.594955985603432	1.8570134222150498	0.5165608229006844	EMC2	0.26962897	False
1281	3.594955985603432	1.8570134222150498	0.5165608229006844	TMEM74	0.26962897	False
1282	3.543900893726982	1.7087028188702897	0.48215310475946005	TRHR	0.2696275	False
1283	3.670283188318166	2.079496455273925	0.5665765687761039	NUDCD1	0.26963094	False
1284	3.670283188318166	2.079496455273925	0.5665765687761039	ENY2	0.26963094	False
1285	3.670283188318166	2.079496455273925	0.5665765687761039	PKHD1L1	0.26963094	False
1286	3.670283188318166	2.079496455273925	0.5665765687761039	EBAG9	0.26963094	False
1287	3.670283188318166	2.079496455273925	0.5665765687761039	SYBU	0.26963094	False
1288	3.670283188318166	2.079496455273925	0.5665765687761039	LOC100132813	0.26963094	False
1289	3.438283877089959	1.583491632232147	0.46054708943124206	KCNV1	0.2696268	False
1290	3.341004786223685	1.7784785419939941	0.5323184657883104	EIF3H	0.26962736	False
1291	3.341004786223685	1.7784785419939941	0.5323184657883104	UTP23	0.26962736	False
1292	3.341004786223685	1.7784785419939941	0.5323184657883104	RAD21	0.26962736	False
1293	3.341004786223685	1.7784785419939941	0.5323184657883104	RAD21-AS1	0.26962736	False
1294	3.341004786223685	1.7784785419939941	0.5323184657883104	MIR3610	0.26962736	False
1295	3.289846917679679	1.399310400562776	0.42534210119105054	AARD	0.26962483	False
1296	3.289846917679679	1.399310400562776	0.42534210119105054	SLC30A8	0.26962483	False
1297	3.3811522925250777	1.5336837411919977	0.4535979478305686	MED30	0.26962575	False
1298	3.3569164918909786	1.297787908174227	0.3866011893084574	EXT1	0.2696247	False
1299	3.4302760960974035	1.3968827181241157	0.40722165767161933	SAMD12	0.26962534	False
1300	3.4302760960974035	1.3968827181241157	0.40722165767161933	SAMD12-AS1	0.26962534	False
1301	3.394412151031031	1.236938235969636	0.3644042564465614	TNFRSF11B	0.2696246	False
1302	3.394412151031031	1.236938235969636	0.3644042564465614	COLEC10	0.2696246	False
1303	3.394412151031031	1.236938235969636	0.3644042564465614	LOC101927513	0.2696246	False
1304	3.517978042707549	1.5492405723987748	0.44037812447698776	MAL2	0.26962703	False
1305	3.517978042707549	1.5492405723987748	0.44037812447698776	MIR548AZ	0.26962703	False
1306	3.517978042707549	1.5492405723987748	0.44037812447698776	NOV	0.26962703	False
1307	3.517978042707549	1.5492405723987748	0.44037812447698776	ENPP2	0.26962703	False
1308	3.517978042707549	1.5492405723987748	0.44037812447698776	TAF2	0.26962703	False
1309	3.517978042707549	1.5492405723987748	0.44037812447698776	DSCC1	0.26962703	False
1310	3.4115509858826685	1.3234092061098142	0.3879201019085486	DEPTOR	0.26962537	False
1311	3.4115509858826685	1.3234092061098142	0.3879201019085486	COL14A1	0.26962537	False
1312	3.497814487392303	1.5111889075102953	0.43203803773965144	MRPL13	0.26962683	False
1313	3.497814487392303	1.5111889075102953	0.43203803773965144	MTBP	0.26962683	False
1314	3.497814487392303	1.5111889075102953	0.43203803773965144	SNTB1	0.26962683	False
1315	3.497814487392303	1.5111889075102953	0.43203803773965144	LOC101927543	0.26962683	False
1316	3.4984209581951804	1.4393402410020446	0.41142568553116426	HAS2	0.26962635	False
1317	3.4984209581951804	1.4393402410020446	0.41142568553116426	HAS2-AS1	0.26962635	False
1318	3.603423227868795	1.5390336622468714	0.42710321961184555	SMILR	0.26962784	False
1319	3.603423227868795	1.5390336622468714	0.42710321961184555	LINC01151	0.26962784	False
1320	3.6343348897641055	1.5680849004610173	0.43146406372110563	ZHX2	0.26962826	False
1321	3.6343348897641055	1.5680849004610173	0.43146406372110563	DERL1	0.26962826	False
1322	3.6343348897641055	1.5680849004610173	0.43146406372110563	TBC1D31	0.26962826	False
1323	3.779432836039277	1.8875918525810667	0.49943786130598417	FAM83A	0.26963127	False
1324	3.779432836039277	1.8875918525810667	0.49943786130598417	FAM83A-AS1	0.26963127	False
1325	3.779432836039277	1.8875918525810667	0.49943786130598417	MIR4663	0.26963127	False
1326	3.779432836039277	1.8875918525810667	0.49943786130598417	C8orf76	0.26963127	False
1327	3.779432836039277	1.8875918525810667	0.49943786130598417	ZHX1-C8orf76	0.26963127	False
1328	3.779432836039277	1.8875918525810667	0.49943786130598417	ZHX1	0.26963127	False
1329	3.779432836039277	1.8875918525810667	0.49943786130598417	ATAD2	0.26963127	False
1330	3.779432836039277	1.8875918525810667	0.49943786130598417	MIR548AA1	0.26963127	False
1331	3.779432836039277	1.8875918525810667	0.49943786130598417	WDYHV1	0.26963127	False
1332	3.779432836039277	1.8875918525810667	0.49943786130598417	FBXO32	0.26963127	False
1333	3.779432836039277	1.8875918525810667	0.49943786130598417	KLHL38	0.26963127	False
1334	3.779432836039277	1.8875918525810667	0.49943786130598417	ANXA13	0.26963127	False
1335	3.779432836039277	1.8875918525810667	0.49943786130598417	FAM91A1	0.26963127	False
1336	3.664237514707423	1.6031612108955737	0.4375156371443844	FER1L6	0.26962876	False
1337	3.664237514707423	1.6031612108955737	0.4375156371443844	FER1L6-AS1	0.26962876	False
1338	3.664237514707423	1.6031612108955737	0.4375156371443844	FER1L6-AS2	0.26962876	False
1339	3.7569936616463946	1.8422485737327556	0.49035179179020577	LOC101927588	0.2696308	False
1340	3.7569936616463946	1.8422485737327556	0.49035179179020577	TMEM65	0.2696308	False
1341	3.7569936616463946	1.8422485737327556	0.49035179179020577	TRMT12	0.2696308	False
1342	3.7569936616463946	1.8422485737327556	0.49035179179020577	RNF139-AS1	0.2696308	False
1343	3.7569936616463946	1.8422485737327556	0.49035179179020577	RNF139	0.2696308	False
1344	3.7569936616463946	1.8422485737327556	0.49035179179020577	TATDN1	0.2696308	False
1345	3.7569936616463946	1.8422485737327556	0.49035179179020577	NDUFB9	0.2696308	False
1346	3.7569936616463946	1.8422485737327556	0.49035179179020577	MTSS1	0.2696308	False
1347	3.7569936616463946	1.8422485737327556	0.49035179179020577	MIR4662B	0.2696308	False
1348	3.5852703230625167	1.4672380323505037	0.40924055932753145	LINC00964	0.26962736	False
1349	3.5852703230625167	1.4672380323505037	0.40924055932753145	ZNF572	0.26962736	False
1350	3.5852703230625167	1.4672380323505037	0.40924055932753145	LOC105375744	0.26962736	False
1351	3.5852703230625167	1.4672380323505037	0.40924055932753145	SQLE	0.26962736	False
1352	3.5852703230625167	1.4672380323505037	0.40924055932753145	WASHC5	0.26962736	False
1353	3.5852703230625167	1.4672380323505037	0.40924055932753145	NSMCE2	0.26962736	False
1354	3.587419621258898	1.5408969059751898	0.42952792498649994	TRIB1	0.26962778	False
1355	3.4465267565604774	1.266403835437792	0.3674434945346608	LINC00861	0.26962516	False
1356	3.369333725978659	1.1982316962912223	0.35562867728194036	LOC101927657	0.2696241	False
1357	3.369333725978659	1.1982316962912223	0.35562867728194036	FAM84B	0.2696241	False
1358	3.2748379903935336	0.9777734431023326	0.29857154643086165	PCAT1	0.26962283	False
1359	3.2748379903935336	0.9777734431023326	0.29857154643086165	PCAT2	0.26962283	False
1360	3.2748379903935336	0.9777734431023326	0.29857154643086165	PRNCR1	0.26962283	False
1361	3.2549861617975018	1.0467989737434018	0.3215985941904367	CASC19	0.26962316	False
1362	3.2549861617975018	1.0467989737434018	0.3215985941904367	CCAT1	0.26962316	False
1363	3.2549861617975018	1.0467989737434018	0.3215985941904367	CASC8	0.26962316	False
1364	3.2549861617975018	1.0467989737434018	0.3215985941904367	CASC21	0.26962316	False
1365	3.2549861617975018	1.0467989737434018	0.3215985941904367	CCAT2	0.26962316	False
1366	3.2549861617975018	1.0467989737434018	0.3215985941904367	CASC11	0.26962316	False
1367	3.2549861617975018	1.0467989737434018	0.3215985941904367	MYC	0.26962316	False
1368	3.1835466186835513	0.8627076575495055	0.270989484647864	PVT1	0.26962203	False
1369	3.2549861617975018	1.0467989737434018	0.3215985941904367	MIR1204	0.26962316	False
1370	3.1835466186835513	0.8627076575495055	0.270989484647864	TMEM75	0.26962203	False
1371	3.1835466186835513	0.8627076575495055	0.270989484647864	MIR1205	0.26962203	False
1372	3.1835466186835513	0.8627076575495055	0.270989484647864	MIR1207	0.26962203	False
1373	3.2239240219236325	0.9952080606291217	0.3086946385403049	MIR1208	0.2696228	False
1374	3.2239240219236325	0.9952080606291217	0.3086946385403049	LINC00824	0.2696228	False
1375	3.109755793487655	1.0176714729751	0.32725125075939177	KCNQ3	0.2696227	False
1376	3.109755793487655	1.0176714729751	0.32725125075939177	HPYR1	0.2696227	False
1377	3.109755793487655	1.0176714729751	0.32725125075939177	LRRC6	0.2696227	False
1378	3.109755793487655	1.0176714729751	0.32725125075939177	TMEM71	0.2696227	False
1379	3.109755793487655	1.0176714729751	0.32725125075939177	PHF20L1	0.2696227	False
1380	3.103744130130402	0.9664958584123459	0.3113967575580205	TG	0.26962233	False
1381	3.103744130130402	0.9664958584123459	0.3113967575580205	SLA	0.26962233	False
1382	3.103744130130402	0.9664958584123459	0.3113967575580205	MIR7848	0.26962233	False
1383	3.2539717066435174	1.249152606591553	0.3838855156734162	WISP1	0.26962426	False
1384	3.2539717066435174	1.249152606591553	0.3838855156734162	NDRG1	0.26962426	False
1385	3.2539717066435174	1.249152606591553	0.3838855156734162	ST3GAL1	0.26962426	False
1386	3.2539717066435174	1.249152606591553	0.3838855156734162	LOC101927798	0.26962426	False
1387	3.1468464260547635	1.064134543309716	0.33815903264266806	LOC101927822	0.26962283	False
1388	3.2043160133019093	1.21674511864606	0.37972069970472627	ZFAT	0.26962394	False
1389	3.2043160133019093	1.21674511864606	0.37972069970472627	ZFAT-AS1	0.26962394	False
1390	3.2043160133019093	1.21674511864606	0.37972069970472627	MIR30B	0.26962394	False
1391	3.2043160133019093	1.21674511864606	0.37972069970472627	MIR30D	0.26962394	False
1392	3.2043160133019093	1.21674511864606	0.37972069970472627	NCRNA00250	0.26962394	False
1393	3.2043160133019093	1.21674511864606	0.37972069970472627	LOC101927845	0.26962394	False
1394	2.95962299006713	0.7760358476610597	0.26220766978278465	DENND3	0.26962113	False
1395	2.95962299006713	0.7760358476610597	0.26220766978278465	SLC45A4	0.26962113	False
1396	2.95962299006713	0.7760358476610597	0.26220766978278465	LOC105375787	0.26962113	False
1397	2.95962299006713	0.7760358476610597	0.26220766978278465	LINC01300	0.26962113	False
1398	2.95962299006713	0.7760358476610597	0.26220766978278465	GPR20	0.26962113	False
1399	2.95962299006713	0.7760358476610597	0.26220766978278465	PTP4A3	0.26962113	False
1400	2.95962299006713	0.7760358476610597	0.26220766978278465	MROH5	0.26962113	False
1401	3.1800380915121758	0.7912179870789231	0.24880770742676298	MIR4472-1	0.26962212	False
1402	3.1800380915121758	0.7912179870789231	0.24880770742676298	LINC00051	0.26962212	False
1403	3.1800380915121758	0.7912179870789231	0.24880770742676298	TSNARE1	0.26962212	False
1404	3.1800380915121758	0.7912179870789231	0.24880770742676298	ADGRB1	0.26962212	False
1405	3.1800380915121758	0.7912179870789231	0.24880770742676298	ARC	0.26962212	False
1406	3.1800380915121758	0.7912179870789231	0.24880770742676298	LOC101928087	0.26962212	False
1407	3.1800380915121758	0.7912179870789231	0.24880770742676298	JRK	0.26962212	False
1408	3.1800380915121758	0.7912179870789231	0.24880770742676298	PSCA	0.26962212	False
1409	3.1800380915121758	0.7912179870789231	0.24880770742676298	LY6K	0.26962212	False
1410	3.1800380915121758	0.7912179870789231	0.24880770742676298	LNCOC1	0.26962212	False
1411	3.1800380915121758	0.7912179870789231	0.24880770742676298	THEM6	0.26962212	False
1412	3.1800380915121758	0.7912179870789231	0.24880770742676298	SLURP1	0.26962212	False
1413	3.1800380915121758	0.7912179870789231	0.24880770742676298	LYPD2	0.26962212	False
1414	3.1800380915121758	0.7912179870789231	0.24880770742676298	LYNX1	0.26962212	False
1415	3.1800380915121758	0.7912179870789231	0.24880770742676298	LY6D	0.26962212	False
1416	3.1800380915121758	0.7912179870789231	0.24880770742676298	GML	0.26962212	False
1417	3.1800380915121758	0.7912179870789231	0.24880770742676298	CYP11B1	0.26962212	False
1418	3.1800380915121758	0.7912179870789231	0.24880770742676298	CYP11B2	0.26962212	False
1419	3.1800380915121758	0.7912179870789231	0.24880770742676298	LY6E-DT	0.26962212	False
1420	3.1800380915121758	0.7912179870789231	0.24880770742676298	LY6E	0.26962212	False
1421	3.1800380915121758	0.7912179870789231	0.24880770742676298	C8orf31	0.26962212	False
1422	3.40616763772994	1.0305967106524605	0.30256781822379936	LY6H	0.26962388	False
1423	3.40616763772994	1.0305967106524605	0.30256781822379936	GPIHBP1	0.26962388	False
1424	3.40616763772994	1.0305967106524605	0.30256781822379936	ZFP41	0.26962388	False
1425	3.40616763772994	1.0305967106524605	0.30256781822379936	GLI4	0.26962388	False
1426	3.40616763772994	1.0305967106524605	0.30256781822379936	MINCR	0.26962388	False
1427	3.40616763772994	1.0305967106524605	0.30256781822379936	ZNF696	0.26962388	False
1428	3.40616763772994	1.0305967106524605	0.30256781822379936	TOP1MT	0.26962388	False
1429	3.40616763772994	1.0305967106524605	0.30256781822379936	RHPN1-AS1	0.26962388	False
1430	3.40616763772994	1.0305967106524605	0.30256781822379936	RHPN1	0.26962388	False
1431	3.40616763772994	1.0305967106524605	0.30256781822379936	MAFA-AS1	0.26962388	False
1432	3.40616763772994	1.0305967106524605	0.30256781822379936	MAFA	0.26962388	False
1433	3.40616763772994	1.0305967106524605	0.30256781822379936	ZC3H3	0.26962388	False
1434	3.40616763772994	1.0305967106524605	0.30256781822379936	GSDMD	0.26962388	False
1435	3.40616763772994	1.0305967106524605	0.30256781822379936	MROH6	0.26962388	False
1436	3.40616763772994	1.0305967106524605	0.30256781822379936	NAPRT	0.26962388	False
1437	3.40616763772994	1.0305967106524605	0.30256781822379936	EEF1D	0.26962388	False
1438	3.40616763772994	1.0305967106524605	0.30256781822379936	TIGD5	0.26962388	False
1439	3.40616763772994	1.0305967106524605	0.30256781822379936	PYCR3	0.26962388	False
1440	3.40616763772994	1.0305967106524605	0.30256781822379936	TSTA3	0.26962388	False
1441	3.40616763772994	1.0305967106524605	0.30256781822379936	ZNF623	0.26962388	False
1442	3.40616763772994	1.0305967106524605	0.30256781822379936	ZNF707	0.26962388	False
1443	3.40616763772994	1.0305967106524605	0.30256781822379936	BREA2	0.26962388	False
1444	3.40616763772994	1.0305967106524605	0.30256781822379936	CCDC166	0.26962388	False
1445	3.40616763772994	1.0305967106524605	0.30256781822379936	LOC101928160	0.26962388	False
1446	3.40616763772994	1.0305967106524605	0.30256781822379936	MAPK15	0.26962388	False
1447	3.40616763772994	1.0305967106524605	0.30256781822379936	FAM83H	0.26962388	False
1448	3.40616763772994	1.0305967106524605	0.30256781822379936	MIR4664	0.26962388	False
1449	3.40616763772994	1.0305967106524605	0.30256781822379936	FAM83H-AS1	0.26962388	False
1450	3.40616763772994	1.0305967106524605	0.30256781822379936	SCRIB	0.26962388	False
1451	3.40616763772994	1.0305967106524605	0.30256781822379936	MIR937	0.26962388	False
1452	3.40616763772994	1.0305967106524605	0.30256781822379936	PUF60	0.26962388	False
1453	3.40616763772994	1.0305967106524605	0.30256781822379936	NRBP2	0.26962388	False
1454	3.40616763772994	1.0305967106524605	0.30256781822379936	MIR6845	0.26962388	False
1455	3.40616763772994	1.0305967106524605	0.30256781822379936	EPPK1	0.26962388	False
1456	3.40616763772994	1.0305967106524605	0.30256781822379936	PLEC	0.26962388	False
1457	3.40616763772994	1.0305967106524605	0.30256781822379936	MIR661	0.26962388	False
1458	3.40616763772994	1.0305967106524605	0.30256781822379936	PARP10	0.26962388	False
1459	3.40616763772994	1.0305967106524605	0.30256781822379936	GRINA	0.26962388	False
1460	3.40616763772994	1.0305967106524605	0.30256781822379936	SPATC1	0.26962388	False
1461	3.40616763772994	1.0305967106524605	0.30256781822379936	OPLAH	0.26962388	False
1462	3.40616763772994	1.0305967106524605	0.30256781822379936	MIR6846	0.26962388	False
1463	3.40616763772994	1.0305967106524605	0.30256781822379936	EXOSC4	0.26962388	False
1464	3.40616763772994	1.0305967106524605	0.30256781822379936	MIR6847	0.26962388	False
1465	3.40616763772994	1.0305967106524605	0.30256781822379936	GPAA1	0.26962388	False
1466	3.40616763772994	1.0305967106524605	0.30256781822379936	CYC1	0.26962388	False
1467	3.40616763772994	1.0305967106524605	0.30256781822379936	SHARPIN	0.26962388	False
1468	3.65369393203984	1.4161933166375134	0.38760589775150084	MAF1	0.26962695	False
1469	3.65369393203984	1.4161933166375134	0.38760589775150084	WDR97	0.26962695	False
1470	3.65369393203984	1.4161933166375134	0.38760589775150084	HGH1	0.26962695	False
1471	3.65369393203984	1.4161933166375134	0.38760589775150084	MROH1	0.26962695	False
1472	3.65369393203984	1.4161933166375134	0.38760589775150084	BOP1	0.26962695	False
1473	3.65369393203984	1.4161933166375134	0.38760589775150084	MIR7112	0.26962695	False
1474	3.65369393203984	1.4161933166375134	0.38760589775150084	SCX	0.26962695	False
1475	3.65369393203984	1.4161933166375134	0.38760589775150084	HSF1	0.26962695	False
1476	3.65369393203984	1.4161933166375134	0.38760589775150084	DGAT1	0.26962695	False
1477	3.65369393203984	1.4161933166375134	0.38760589775150084	MIR6848	0.26962695	False
1478	3.65369393203984	1.4161933166375134	0.38760589775150084	SCRT1	0.26962695	False
1479	3.65369393203984	1.4161933166375134	0.38760589775150084	TMEM249	0.26962695	False
1480	3.65369393203984	1.4161933166375134	0.38760589775150084	SLC52A2	0.26962695	False
1481	3.65369393203984	1.4161933166375134	0.38760589775150084	FBXL6	0.26962695	False
1482	3.65369393203984	1.4161933166375134	0.38760589775150084	ADCK5	0.26962695	False
1483	3.65369393203984	1.4161933166375134	0.38760589775150084	CPSF1	0.26962695	False
1484	3.65369393203984	1.4161933166375134	0.38760589775150084	MIR939	0.26962695	False
1485	3.65369393203984	1.4161933166375134	0.38760589775150084	MIR1234	0.26962695	False
1486	3.65369393203984	1.4161933166375134	0.38760589775150084	MIR6849	0.26962695	False
1487	3.65369393203984	1.4161933166375134	0.38760589775150084	SLC39A4	0.26962695	False
1488	3.65369393203984	1.4161933166375134	0.38760589775150084	VPS28	0.26962695	False
1489	3.65369393203984	1.4161933166375134	0.38760589775150084	TONSL	0.26962695	False
1490	3.65369393203984	1.4161933166375134	0.38760589775150084	MIR6893	0.26962695	False
1491	3.65369393203984	1.4161933166375134	0.38760589775150084	TONSL-AS1	0.26962695	False
1492	3.65369393203984	1.4161933166375134	0.38760589775150084	CYHR1	0.26962695	False
1493	3.65369393203984	1.4161933166375134	0.38760589775150084	KIFC2	0.26962695	False
1494	3.65369393203984	1.4161933166375134	0.38760589775150084	FOXH1	0.26962695	False
1495	3.65369393203984	1.4161933166375134	0.38760589775150084	PPP1R16A	0.26962695	False
1496	3.65369393203984	1.4161933166375134	0.38760589775150084	GPT	0.26962695	False
1497	3.65369393203984	1.4161933166375134	0.38760589775150084	MFSD3	0.26962695	False
1498	3.65369393203984	1.4161933166375134	0.38760589775150084	RECQL4	0.26962695	False
1499	3.65369393203984	1.4161933166375134	0.38760589775150084	LRRC14	0.26962695	False
1500	3.65369393203984	1.4161933166375134	0.38760589775150084	LRRC24	0.26962695	False
1501	3.65369393203984	1.4161933166375134	0.38760589775150084	C8orf82	0.26962695	False
1502	3.65369393203984	1.4161933166375134	0.38760589775150084	ARHGAP39	0.26962695	False
1503	3.65369393203984	1.4161933166375134	0.38760589775150084	ZNF251	0.26962695	False
1504	3.65369393203984	1.4161933166375134	0.38760589775150084	ZNF34	0.26962695	False
1505	3.65369393203984	1.4161933166375134	0.38760589775150084	RPL8	0.26962695	False
1506	3.65369393203984	1.4161933166375134	0.38760589775150084	MIR6850	0.26962695	False
1507	3.65369393203984	1.4161933166375134	0.38760589775150084	ZNF517	0.26962695	False
1508	3.65369393203984	1.4161933166375134	0.38760589775150084	ZNF7	0.26962695	False
1509	3.65369393203984	1.4161933166375134	0.38760589775150084	COMMD5	0.26962695	False
1510	3.65369393203984	1.4161933166375134	0.38760589775150084	ZNF250	0.26962695	False
1511	3.65369393203984	1.4161933166375134	0.38760589775150084	ZNF16	0.26962695	False
1512	3.65369393203984	1.4161933166375134	0.38760589775150084	ZNF252P-AS1	0.26962695	False
1513	3.65369393203984	1.4161933166375134	0.38760589775150084	C8orf33	0.26962695	False
1514	3.1309758036963995	0.8823597895793037	0.28181622755998254	CRTAC1	0.26962173	False
1515	3.212832527532754	1.0601974244436987	0.32998838730565927	R3HCC1L	0.269623	False
1516	3.212832527532754	1.0601974244436987	0.32998838730565927	LOXL4	0.269623	False
1517	3.212832527532754	1.0601974244436987	0.32998838730565927	PYROXD2	0.269623	False
1518	3.212832527532754	1.0601974244436987	0.32998838730565927	MIR1287	0.269623	False
1519	3.212832527532754	1.0601974244436987	0.32998838730565927	HPS1	0.269623	False
1520	3.212832527532754	1.0601974244436987	0.32998838730565927	MIR4685	0.269623	False
1521	3.2377321264271726	0.9811703039059458	0.3030424586077985	HPSE2	0.26962247	False
1522	3.2377321264271726	0.9811703039059458	0.3030424586077985	MIR6507	0.26962247	False
1523	3.382607732707955	1.2616833834912238	0.37299133780468835	CNNM1	0.2696244	False
1524	3.382607732707955	1.2616833834912238	0.37299133780468835	GOT1	0.2696244	False
1525	3.382607732707955	1.2616833834912238	0.37299133780468835	LINC01475	0.2696244	False
1526	3.382607732707955	1.2616833834912238	0.37299133780468835	NKX2-3	0.2696244	False
1527	3.382607732707955	1.2616833834912238	0.37299133780468835	SLC25A28	0.2696244	False
1528	3.382607732707955	1.2616833834912238	0.37299133780468835	ENTPD7	0.2696244	False
1529	3.382607732707955	1.2616833834912238	0.37299133780468835	CUTC	0.2696244	False
1530	3.382607732707955	1.2616833834912238	0.37299133780468835	COX15	0.2696244	False
1531	3.382607732707955	1.2616833834912238	0.37299133780468835	ABCC2	0.2696244	False
1532	3.388180631890895	1.1639391457566302	0.3435292483526926	DNMBP	0.2696245	False
1533	3.388180631890895	1.1639391457566302	0.3435292483526926	DNMBP-AS1	0.2696245	False
1534	3.388180631890895	1.1639391457566302	0.3435292483526926	CPN1	0.2696245	False
1535	3.568721549441129	1.4495155877281605	0.40617222936744907	ERLIN1	0.26962718	False
1536	3.568721549441129	1.4495155877281605	0.40617222936744907	CHUK	0.26962718	False
1537	3.568721549441129	1.4495155877281605	0.40617222936744907	CWF19L1	0.26962718	False
1538	3.568721549441129	1.4495155877281605	0.40617222936744907	SNORA12	0.26962718	False
1539	3.568721549441129	1.4495155877281605	0.40617222936744907	BLOC1S2	0.26962718	False
1540	3.568721549441129	1.4495155877281605	0.40617222936744907	PKD2L1	0.26962718	False
1541	3.568721549441129	1.4495155877281605	0.40617222936744907	SCD	0.26962718	False
1542	3.568721549441129	1.4495155877281605	0.40617222936744907	OLMALINC	0.26962718	False
1543	3.568721549441129	1.4495155877281605	0.40617222936744907	WNT8B	0.26962718	False
1544	3.568721549441129	1.4495155877281605	0.40617222936744907	SEC31B	0.26962718	False
1545	3.568721549441129	1.4495155877281605	0.40617222936744907	NDUFB8	0.26962718	False
1546	3.568721549441129	1.4495155877281605	0.40617222936744907	HIF1AN	0.26962718	False
1547	3.568721549441129	1.4495155877281605	0.40617222936744907	PAX2	0.26962718	False
1548	3.502048031259422	1.2531729345423455	0.35784001914207725	SLF2	0.26962554	False
1549	3.502048031259422	1.2531729345423455	0.35784001914207725	MRPL43	0.26962554	False
1550	3.502048031259422	1.2531729345423455	0.35784001914207725	SEMA4G	0.26962554	False
1551	3.502048031259422	1.2531729345423455	0.35784001914207725	MIR608	0.26962554	False
1552	3.502048031259422	1.2531729345423455	0.35784001914207725	TWNK	0.26962554	False
1553	3.502048031259422	1.2531729345423455	0.35784001914207725	LZTS2	0.26962554	False
1554	3.502048031259422	1.2531729345423455	0.35784001914207725	PDZD7	0.26962554	False
1555	3.502048031259422	1.2531729345423455	0.35784001914207725	SFXN3	0.26962554	False
1556	3.502048031259422	1.2531729345423455	0.35784001914207725	KAZALD1	0.26962554	False
1557	3.502048031259422	1.2531729345423455	0.35784001914207725	TLX1NB	0.26962554	False
1558	3.581841928538472	1.3589046284303847	0.37938710181576035	TLX1	0.2696265	False
1559	3.581841928538472	1.3589046284303847	0.37938710181576035	LINC01514	0.2696265	False
1560	3.581841928538472	1.3589046284303847	0.37938710181576035	LBX1	0.2696265	False
1561	3.581841928538472	1.3589046284303847	0.37938710181576035	LBX1-AS1	0.2696265	False
1562	3.581841928538472	1.3589046284303847	0.37938710181576035	LOC101927419	0.2696265	False
1563	3.581841928538472	1.3589046284303847	0.37938710181576035	BTRC	0.2696265	False
1564	3.581841928538472	1.3589046284303847	0.37938710181576035	DPCD	0.2696265	False
1565	3.581841928538472	1.3589046284303847	0.37938710181576035	POLL	0.2696265	False
1566	3.581841928538472	1.3589046284303847	0.37938710181576035	MIR3158-1	0.2696265	False
1567	3.581841928538472	1.3589046284303847	0.37938710181576035	FBXW4	0.2696265	False
1568	3.581841928538472	1.3589046284303847	0.37938710181576035	FGF8	0.2696265	False
1569	3.581841928538472	1.3589046284303847	0.37938710181576035	NPM3	0.2696265	False
1570	3.581841928538472	1.3589046284303847	0.37938710181576035	OGA	0.2696265	False
1571	3.581841928538472	1.3589046284303847	0.37938710181576035	KCNIP2-AS1	0.2696265	False
1572	3.581841928538472	1.3589046284303847	0.37938710181576035	KCNIP2	0.2696265	False
1573	3.531237449732979	1.2524068984428607	0.3546651609445193	ARMH3	0.26962557	False
1574	3.531237449732979	1.2524068984428607	0.3546651609445193	HPS6	0.26962557	False
1575	3.6040370515239006	1.3683973324790617	0.37968459061775184	LDB1	0.2696264	False
1576	3.6040370515239006	1.3683973324790617	0.37968459061775184	PPRC1	0.2696264	False
1577	3.6040370515239006	1.3683973324790617	0.37968459061775184	NOLC1	0.2696264	False
1578	3.6040370515239006	1.3683973324790617	0.37968459061775184	ELOVL3	0.2696264	False
1579	3.6040370515239006	1.3683973324790617	0.37968459061775184	PITX3	0.2696264	False
1580	3.6040370515239006	1.3683973324790617	0.37968459061775184	GBF1	0.2696264	False
1581	3.6040370515239006	1.3683973324790617	0.37968459061775184	NFKB2	0.2696264	False
1582	3.6040370515239006	1.3683973324790617	0.37968459061775184	PSD	0.2696264	False
1583	3.6040370515239006	1.3683973324790617	0.37968459061775184	FBXL15	0.2696264	False
1584	3.6040370515239006	1.3683973324790617	0.37968459061775184	CUEDC2	0.2696264	False
1585	3.6040370515239006	1.3683973324790617	0.37968459061775184	MIR146B	0.2696264	False
1586	3.6040370515239006	1.3683973324790617	0.37968459061775184	RPARP-AS1	0.2696264	False
1587	3.6040370515239006	1.3683973324790617	0.37968459061775184	C10orf95	0.2696264	False
1588	3.6040370515239006	1.3683973324790617	0.37968459061775184	MFSD13A	0.2696264	False
1589	3.6040370515239006	1.3683973324790617	0.37968459061775184	ACTR1A	0.2696264	False
1590	3.6040370515239006	1.3683973324790617	0.37968459061775184	SUFU	0.2696264	False
1591	3.6040370515239006	1.3683973324790617	0.37968459061775184	TRIM8	0.2696264	False
1592	3.6040370515239006	1.3683973324790617	0.37968459061775184	ARL3	0.2696264	False
1593	3.6040370515239006	1.3683973324790617	0.37968459061775184	SFXN2	0.2696264	False
1594	3.6040370515239006	1.3683973324790617	0.37968459061775184	WBP1L	0.2696264	False
1595	3.6040370515239006	1.3683973324790617	0.37968459061775184	CYP17A1	0.2696264	False
1596	3.6040370515239006	1.3683973324790617	0.37968459061775184	BORCS7	0.2696264	False
1597	3.4410727133164527	1.1045729023243032	0.3209966758475536	BORCS7-ASMT	0.269624	False
1598	3.4410727133164527	1.1045729023243032	0.3209966758475536	AS3MT	0.269624	False
1599	3.4410727133164527	1.1045729023243032	0.3209966758475536	CNNM2	0.269624	False
1600	3.4410727133164527	1.1045729023243032	0.3209966758475536	NT5C2	0.269624	False
1601	3.437223147407795	1.1676101816384215	0.33969577521290184	RPEL1	0.26962417	False
1602	3.437223147407795	1.1676101816384215	0.33969577521290184	INA	0.26962417	False
1603	3.437223147407795	1.1676101816384215	0.33969577521290184	PCGF6	0.26962417	False
1604	3.437223147407795	1.1676101816384215	0.33969577521290184	TAF5	0.26962417	False
1605	3.437223147407795	1.1676101816384215	0.33969577521290184	ATP5MD	0.26962417	False
1606	3.437223147407795	1.1676101816384215	0.33969577521290184	MIR1307	0.26962417	False
1607	3.437223147407795	1.1676101816384215	0.33969577521290184	PDCD11	0.26962417	False
1608	3.437223147407795	1.1676101816384215	0.33969577521290184	CALHM2	0.26962417	False
1609	3.437223147407795	1.1676101816384215	0.33969577521290184	CALHM1	0.26962417	False
1610	3.437223147407795	1.1676101816384215	0.33969577521290184	CALHM3	0.26962417	False
1611	3.437223147407795	1.1676101816384215	0.33969577521290184	NEURL1-AS1	0.26962417	False
1612	3.437223147407795	1.1676101816384215	0.33969577521290184	NEURL1	0.26962417	False
1613	3.437223147407795	1.1676101816384215	0.33969577521290184	SH3PXD2A	0.26962417	False
1614	3.437223147407795	1.1676101816384215	0.33969577521290184	SH3PXD2A-AS1	0.26962417	False
1615	3.2728646079944275	0.9410715060295702	0.2875375607444537	STN1	0.26962265	False
1616	3.2728646079944275	0.9410715060295702	0.2875375607444537	SLK	0.26962265	False
1617	3.2728646079944275	0.9410715060295702	0.2875375607444537	COL17A1	0.26962265	False
1618	3.2728646079944275	0.9410715060295702	0.2875375607444537	MIR936	0.26962265	False
1619	3.2638258774552757	1.0690330195154125	0.32753984423608745	SFR1	0.2696233	False
1620	3.2638258774552757	1.0690330195154125	0.32753984423608745	CFAP43	0.2696233	False
1621	3.2638258774552757	1.0690330195154125	0.32753984423608745	MIR609	0.2696233	False
1622	3.2638258774552757	1.0690330195154125	0.32753984423608745	GSTO1	0.2696233	False
1623	3.2638258774552757	1.0690330195154125	0.32753984423608745	MIR4482	0.2696233	False
1624	3.2638258774552757	1.0690330195154125	0.32753984423608745	GSTO2	0.2696233	False
1625	3.2638258774552757	1.0690330195154125	0.32753984423608745	ITPRIP	0.2696233	False
1626	3.2638258774552757	1.0690330195154125	0.32753984423608745	LOC101927472	0.2696233	False
1627	3.2638258774552757	1.0690330195154125	0.32753984423608745	CFAP58-DT	0.2696233	False
1628	3.2638258774552757	1.0690330195154125	0.32753984423608745	CFAP58	0.2696233	False
1629	3.2638258774552757	1.0690330195154125	0.32753984423608745	LOC101927523	0.2696233	False
1630	3.1064683999349074	0.9496567640505323	0.3057030176358566	SORCS3	0.26962245	False
1631	3.2638258774552757	1.0690330195154125	0.32753984423608745	SORCS3-AS1	0.2696233	False
1632	3.22438189699562	1.1817483656855368	0.3665038458337251	XPNPEP1	0.26962394	False
1633	3.22438189699562	1.1817483656855368	0.3665038458337251	ADD3-AS1	0.26962394	False
1634	3.22438189699562	1.1817483656855368	0.3665038458337251	ADD3	0.26962394	False
1635	3.430075624295196	1.4535687663804093	0.4237716381775359	MXI1	0.2696255	False
1636	3.430075624295196	1.4535687663804093	0.4237716381775359	SMNDC1	0.2696255	False
1637	3.430075624295196	1.4535687663804093	0.4237716381775359	DUSP5	0.2696255	False
1638	3.430075624295196	1.4535687663804093	0.4237716381775359	SMC3	0.2696255	False
1639	3.430075624295196	1.4535687663804093	0.4237716381775359	RBM20	0.2696255	False
1640	3.382876633739622	1.2063169208660816	0.35659500817579354	PDCD4	0.2696246	False
1641	3.430075624295196	1.4535687663804093	0.4237716381775359	MIR4680	0.2696255	False
1642	3.382876633739622	1.2063169208660816	0.35659500817579354	BBIP1	0.2696246	False
1643	3.382876633739622	1.2063169208660816	0.35659500817579354	SHOC2	0.2696246	False
1644	3.382876633739622	1.2063169208660816	0.35659500817579354	MIR548E	0.2696246	False
1645	3.382876633739622	1.2063169208660816	0.35659500817579354	ADRA2A	0.2696246	False
1646	3.5809805502853043	1.5531279979476462	0.4337158429480733	GPAM	0.2696276	False
1647	3.5809805502853043	1.5531279979476462	0.4337158429480733	TECTB	0.2696276	False
1648	3.5809805502853043	1.5531279979476462	0.4337158429480733	MIR6715A	0.2696276	False
1649	3.5809805502853043	1.5531279979476462	0.4337158429480733	ACSL5	0.2696276	False
1650	3.5809805502853043	1.5531279979476462	0.4337158429480733	ZDHHC6	0.2696276	False
1651	3.5809805502853043	1.5531279979476462	0.4337158429480733	VTI1A	0.2696276	False
1652	3.5809805502853043	1.5531279979476462	0.4337158429480733	MIR4295	0.2696276	False
1653	3.5809805502853043	1.5531279979476462	0.4337158429480733	LOC103344931	0.2696276	False
1654	3.4351725002026456	1.2974626066330055	0.3776994041948305	TCF7L2	0.26962522	False
1655	3.4351463331665713	1.4356198974267356	0.4179210310680881	HABP2	0.26962593	False
1656	3.4351463331665713	1.4356198974267356	0.4179210310680881	NRAP	0.26962593	False
1657	3.4351463331665713	1.4356198974267356	0.4179210310680881	CASP7	0.26962593	False
1658	3.4351463331665713	1.4356198974267356	0.4179210310680881	PLEKHS1	0.26962593	False
1659	3.4351463331665713	1.4356198974267356	0.4179210310680881	DCLRE1A	0.26962593	False
1660	3.2687107332719814	1.099244447399152	0.33629297209141773	NHLRC2	0.26962322	False
1661	3.2687107332719814	1.099244447399152	0.33629297209141773	ADRB1	0.26962322	False
1662	3.2789947350082373	1.1941186652212235	0.36417218133112483	CCDC186	0.26962394	False
1663	3.2789947350082373	1.1941186652212235	0.36417218133112483	MIR2110	0.26962394	False
1664	3.2789947350082373	1.1941186652212235	0.36417218133112483	TDRD1	0.26962394	False
1665	3.2789947350082373	1.1941186652212235	0.36417218133112483	VWA2	0.26962394	False
1666	3.2789947350082373	1.1941186652212235	0.36417218133112483	AFAP1L2	0.26962394	False
1667	3.2789947350082373	1.1941186652212235	0.36417218133112483	ABLIM1	0.26962394	False
1668	3.2789947350082373	1.1941186652212235	0.36417218133112483	LOC101927692	0.26962394	False
1669	3.2789947350082373	1.1941186652212235	0.36417218133112483	FAM160B1	0.26962394	False
1670	3.130860192117971	1.0198773004220447	0.32574986995254995	TRUB1	0.26962227	False
1671	3.130860192117971	1.0198773004220447	0.32574986995254995	LOC102724589	0.26962227	False
1672	3.0555333904097846	0.8936099067895238	0.29245627280469016	ATRNL1	0.26962164	False
1673	3.167593635406738	0.9841463611593436	0.31069211345759423	FAM204A	0.26962283	False
1674	3.167593635406738	0.9841463611593436	0.31069211345759423	LINC00867	0.26962283	False
1675	3.167593635406738	0.9841463611593436	0.31069211345759423	PRLHR	0.26962283	False
1676	3.167593635406738	0.9841463611593436	0.31069211345759423	CACUL1	0.26962283	False
1677	3.120344914145468	0.8437759137485761	0.2704111042095008	NANOS1	0.26962197	False
1678	3.120344914145468	0.8437759137485761	0.2704111042095008	EIF3A	0.26962197	False
1679	3.120344914145468	0.8437759137485761	0.2704111042095008	SNORA19	0.26962197	False
1680	3.2193992070904516	0.979957613320216	0.30439145638165754	FAM45A	0.2696228	False
1681	3.2193992070904516	0.979957613320216	0.30439145638165754	SFXN4	0.2696228	False
1682	3.2193992070904516	0.979957613320216	0.30439145638165754	PRDX3	0.2696228	False
1683	3.2193992070904516	0.979957613320216	0.30439145638165754	GRK5	0.2696228	False
1684	3.2193992070904516	0.979957613320216	0.30439145638165754	MIR4681	0.2696228	False
1685	3.2193992070904516	0.979957613320216	0.30439145638165754	RGS10	0.2696228	False
1686	3.2193992070904516	0.979957613320216	0.30439145638165754	TIAL1	0.2696228	False
1687	3.2193992070904516	0.979957613320216	0.30439145638165754	BAG3	0.2696228	False
1688	3.2193992070904516	0.979957613320216	0.30439145638165754	INPP5F	0.2696228	False
1689	3.2193992070904516	0.979957613320216	0.30439145638165754	MCMBP	0.2696228	False
1690	3.1226439154282533	0.8178028081268737	0.26189435307890896	SEC23IP	0.26962182	False
1691	3.1226439154282533	0.8178028081268737	0.26189435307890896	MIR4682	0.26962182	False
1692	3.145294382842491	0.9102010605081186	0.2893850144753523	PLPP4	0.2696225	False
1693	3.145294382842491	0.9102010605081186	0.2893850144753523	LINC01561	0.2696225	False
1694	3.145294382842491	0.9102010605081186	0.2893850144753523	WDR11-AS1	0.2696225	False
1695	3.0703840653312477	0.7841649461572539	0.2553963704448337	WDR11	0.2696213	False
1696	2.969712033670337	0.5124619556725994	0.17256284443149716	MARK2	0.2696202	False
1697	2.969712033670337	0.5124619556725994	0.17256284443149716	RCOR2	0.2696202	False
1698	2.969712033670337	0.5124619556725994	0.17256284443149716	NAA40	0.2696202	False
1699	2.969712033670337	0.5124619556725994	0.17256284443149716	COX8A	0.2696202	False
1700	2.969712033670337	0.5124619556725994	0.17256284443149716	OTUB1	0.2696202	False
1701	2.969712033670337	0.5124619556725994	0.17256284443149716	MACROD1	0.2696202	False
1702	3.090030761480004	0.6455541459251998	0.20891511954269495	FLRT1	0.26962116	False
1703	3.090030761480004	0.6455541459251998	0.20891511954269495	STIP1	0.26962116	False
1704	3.090030761480004	0.6455541459251998	0.20891511954269495	FERMT3	0.26962116	False
1705	3.090030761480004	0.6455541459251998	0.20891511954269495	TRPT1	0.26962116	False
1706	3.090030761480004	0.6455541459251998	0.20891511954269495	NUDT22	0.26962116	False
1707	3.090030761480004	0.6455541459251998	0.20891511954269495	DNAJC4	0.26962116	False
1708	3.090030761480004	0.6455541459251998	0.20891511954269495	VEGFB	0.26962116	False
1709	3.090030761480004	0.6455541459251998	0.20891511954269495	FKBP2	0.26962116	False
1710	3.090030761480004	0.6455541459251998	0.20891511954269495	PPP1R14B	0.26962116	False
1711	3.090030761480004	0.6455541459251998	0.20891511954269495	LOC105369340	0.26962116	False
1712	3.090030761480004	0.6455541459251998	0.20891511954269495	PLCB3	0.26962116	False
1713	3.090030761480004	0.6455541459251998	0.20891511954269495	BAD	0.26962116	False
1714	3.090030761480004	0.6455541459251998	0.20891511954269495	GPR137	0.26962116	False
1715	3.090030761480004	0.6455541459251998	0.20891511954269495	KCNK4	0.26962116	False
1716	3.090030761480004	0.6455541459251998	0.20891511954269495	KCNK4-TEX40	0.26962116	False
1717	3.090030761480004	0.6455541459251998	0.20891511954269495	CATSPERZ	0.26962116	False
1718	3.090030761480004	0.6455541459251998	0.20891511954269495	ESRRA	0.26962116	False
1719	3.090030761480004	0.6455541459251998	0.20891511954269495	TRMT112	0.26962116	False
1720	3.090030761480004	0.6455541459251998	0.20891511954269495	PRDX5	0.26962116	False
1721	3.090030761480004	0.6455541459251998	0.20891511954269495	CCDC88B	0.26962116	False
1722	3.090030761480004	0.6455541459251998	0.20891511954269495	MIR7155	0.26962116	False
1723	3.090030761480004	0.6455541459251998	0.20891511954269495	RPS6KA4	0.26962116	False
1724	3.090030761480004	0.6455541459251998	0.20891511954269495	MIR1237	0.26962116	False
1725	3.090030761480004	0.6455541459251998	0.20891511954269495	LOC100996455	0.26962116	False
1726	3.090030761480004	0.6455541459251998	0.20891511954269495	SLC22A11	0.26962116	False
1727	3.090030761480004	0.6455541459251998	0.20891511954269495	SLC22A12	0.26962116	False
1728	3.090030761480004	0.6455541459251998	0.20891511954269495	NRXN2	0.26962116	False
1729	3.090030761480004	0.6455541459251998	0.20891511954269495	RASGRP2	0.26962116	False
1730	3.090030761480004	0.6455541459251998	0.20891511954269495	PYGM	0.26962116	False
1731	3.090030761480004	0.6455541459251998	0.20891511954269495	SF1	0.26962116	False
1732	3.090030761480004	0.6455541459251998	0.20891511954269495	MAP4K2	0.26962116	False
1733	3.090030761480004	0.6455541459251998	0.20891511954269495	MEN1	0.26962116	False
1734	3.090030761480004	0.6455541459251998	0.20891511954269495	CDC42BPG	0.26962116	False
1735	3.090030761480004	0.6455541459251998	0.20891511954269495	EHD1	0.26962116	False
1736	3.090030761480004	0.6455541459251998	0.20891511954269495	MIR194-2HG	0.26962116	False
1737	3.090030761480004	0.6455541459251998	0.20891511954269495	MIR192	0.26962116	False
1738	3.090030761480004	0.6455541459251998	0.20891511954269495	MIR194-2	0.26962116	False
1739	3.0538606959666588	0.5735244442146682	0.18780307987595574	ATG2A	0.26962072	False
1740	3.090030761480004	0.6455541459251998	0.20891511954269495	MIR6750	0.26962116	False
1741	3.0538606959666588	0.5735244442146682	0.18780307987595574	MIR6749	0.26962072	False
1742	3.0538606959666588	0.5735244442146682	0.18780307987595574	PPP2R5B	0.26962072	False
1743	3.0538606959666588	0.5735244442146682	0.18780307987595574	GPHA2	0.26962072	False
1744	3.0538606959666588	0.5735244442146682	0.18780307987595574	MAJIN	0.26962072	False
1745	3.0538606959666588	0.5735244442146682	0.18780307987595574	BATF2	0.26962072	False
1746	3.0538606959666588	0.5735244442146682	0.18780307987595574	ARL2	0.26962072	False
1747	3.0538606959666588	0.5735244442146682	0.18780307987595574	ARL2-SNX15	0.26962072	False
1748	3.0538606959666588	0.5735244442146682	0.18780307987595574	MIR6879	0.26962072	False
1749	3.0538606959666588	0.5735244442146682	0.18780307987595574	SNX15	0.26962072	False
1750	3.0538606959666588	0.5735244442146682	0.18780307987595574	SAC3D1	0.26962072	False
1751	3.0538606959666588	0.5735244442146682	0.18780307987595574	NAALADL1	0.26962072	False
1752	3.0538606959666588	0.5735244442146682	0.18780307987595574	CDCA5	0.26962072	False
1753	3.0538606959666588	0.5735244442146682	0.18780307987595574	ZFPL1	0.26962072	False
1754	3.0538606959666588	0.5735244442146682	0.18780307987595574	TMEM262	0.26962072	False
1755	3.0538606959666588	0.5735244442146682	0.18780307987595574	VPS51	0.26962072	False
1756	3.1538230908278235	0.7102554125594918	0.2252045825351168	TM7SF2	0.2696217	False
1757	3.1538230908278235	0.7102554125594918	0.2252045825351168	ZNHIT2	0.2696217	False
1758	3.1538230908278235	0.7102554125594918	0.2252045825351168	FAU	0.2696217	False
1759	3.1538230908278235	0.7102554125594918	0.2252045825351168	SYVN1	0.2696217	False
1760	3.1538230908278235	0.7102554125594918	0.2252045825351168	MRPL49	0.2696217	False
1761	3.1538230908278235	0.7102554125594918	0.2252045825351168	MIR6751	0.2696217	False
1762	3.1538230908278235	0.7102554125594918	0.2252045825351168	SPDYC	0.2696217	False
1763	3.1538230908278235	0.7102554125594918	0.2252045825351168	CAPN1	0.2696217	False
1764	3.1538230908278235	0.7102554125594918	0.2252045825351168	POLA2	0.2696217	False
1765	3.1538230908278235	0.7102554125594918	0.2252045825351168	CDC42EP2	0.2696217	False
1766	3.1538230908278235	0.7102554125594918	0.2252045825351168	DPF2	0.2696217	False
1767	3.1538230908278235	0.7102554125594918	0.2252045825351168	TIGD3	0.2696217	False
1768	3.1538230908278235	0.7102554125594918	0.2252045825351168	SLC25A45	0.2696217	False
1769	3.1538230908278235	0.7102554125594918	0.2252045825351168	FRMD8	0.2696217	False
1770	3.1538230908278235	0.7102554125594918	0.2252045825351168	NEAT1	0.2696217	False
1771	3.1538230908278235	0.7102554125594918	0.2252045825351168	MIR612	0.2696217	False
1772	3.1538230908278235	0.7102554125594918	0.2252045825351168	MALAT1	0.2696217	False
1773	3.1538230908278235	0.7102554125594918	0.2252045825351168	SCYL1	0.2696217	False
1774	3.1538230908278235	0.7102554125594918	0.2252045825351168	LTBP3	0.2696217	False
1775	3.1538230908278235	0.7102554125594918	0.2252045825351168	SSSCA1-AS1	0.2696217	False
1776	3.1538230908278235	0.7102554125594918	0.2252045825351168	SSSCA1	0.2696217	False
1777	3.1538230908278235	0.7102554125594918	0.2252045825351168	FAM89B	0.2696217	False
1778	3.1538230908278235	0.7102554125594918	0.2252045825351168	EHBP1L1	0.2696217	False
1779	3.1538230908278235	0.7102554125594918	0.2252045825351168	SIPA1	0.2696217	False
1780	3.1538230908278235	0.7102554125594918	0.2252045825351168	KCNK7	0.2696217	False
1781	3.1538230908278235	0.7102554125594918	0.2252045825351168	MAP3K11	0.2696217	False
1782	3.1538230908278235	0.7102554125594918	0.2252045825351168	PCNX3	0.2696217	False
1783	3.1538230908278235	0.7102554125594918	0.2252045825351168	MIR4690	0.2696217	False
1784	3.1538230908278235	0.7102554125594918	0.2252045825351168	MIR4489	0.2696217	False
1785	3.1538230908278235	0.7102554125594918	0.2252045825351168	RELA	0.2696217	False
1786	3.1538230908278235	0.7102554125594918	0.2252045825351168	KAT5	0.2696217	False
1787	3.1538230908278235	0.7102554125594918	0.2252045825351168	RNASEH2C	0.2696217	False
1788	3.1538230908278235	0.7102554125594918	0.2252045825351168	AP5B1	0.2696217	False
1789	3.1538230908278235	0.7102554125594918	0.2252045825351168	OVOL1	0.2696217	False
1790	3.1538230908278235	0.7102554125594918	0.2252045825351168	OVOL1-AS1	0.2696217	False
1791	3.1538230908278235	0.7102554125594918	0.2252045825351168	CFL1	0.2696217	False
1792	3.1538230908278235	0.7102554125594918	0.2252045825351168	SNX32	0.2696217	False
1793	3.1538230908278235	0.7102554125594918	0.2252045825351168	MUS81	0.2696217	False
1794	3.1538230908278235	0.7102554125594918	0.2252045825351168	EFEMP2	0.2696217	False
1795	3.1538230908278235	0.7102554125594918	0.2252045825351168	CTSW	0.2696217	False
1796	3.1538230908278235	0.7102554125594918	0.2252045825351168	FIBP	0.2696217	False
1797	3.1538230908278235	0.7102554125594918	0.2252045825351168	CCDC85B	0.2696217	False
1798	3.0390459554806855	0.5620402979168814	0.18493971665788236	FOSL1	0.26962072	False
1799	3.0390459554806855	0.5620402979168814	0.18493971665788236	C11orf68	0.26962072	False
1800	3.0390459554806855	0.5620402979168814	0.18493971665788236	DRAP1	0.26962072	False
1801	3.0390459554806855	0.5620402979168814	0.18493971665788236	TSGA10IP	0.26962072	False
1802	3.0390459554806855	0.5620402979168814	0.18493971665788236	SART1	0.26962072	False
1803	3.0390459554806855	0.5620402979168814	0.18493971665788236	EIF1AD	0.26962072	False
1804	3.0390459554806855	0.5620402979168814	0.18493971665788236	BANF1	0.26962072	False
1805	3.0390459554806855	0.5620402979168814	0.18493971665788236	CST6	0.26962072	False
1806	3.0390459554806855	0.5620402979168814	0.18493971665788236	CATSPER1	0.26962072	False
1807	3.0390459554806855	0.5620402979168814	0.18493971665788236	GAL3ST3	0.26962072	False
1808	3.0390459554806855	0.5620402979168814	0.18493971665788236	SF3B2	0.26962072	False
1809	3.0390459554806855	0.5620402979168814	0.18493971665788236	PACS1	0.26962072	False
1810	3.074988094080072	0.6358623023739662	0.20678528921725592	KLC2	0.269621	False
1811	3.074988094080072	0.6358623023739662	0.20678528921725592	RAB1B	0.269621	False
1812	3.074988094080072	0.6358623023739662	0.20678528921725592	CNIH2	0.269621	False
1813	3.074988094080072	0.6358623023739662	0.20678528921725592	YIF1A	0.269621	False
1814	3.074988094080072	0.6358623023739662	0.20678528921725592	TMEM151A	0.269621	False
1815	3.074988094080072	0.6358623023739662	0.20678528921725592	CD248	0.269621	False
1816	3.074988094080072	0.6358623023739662	0.20678528921725592	RIN1	0.269621	False
1817	3.074988094080072	0.6358623023739662	0.20678528921725592	BRMS1	0.269621	False
1818	3.074988094080072	0.6358623023739662	0.20678528921725592	B4GAT1	0.269621	False
1819	3.074988094080072	0.6358623023739662	0.20678528921725592	SLC29A2	0.269621	False
1820	3.074988094080072	0.6358623023739662	0.20678528921725592	NPAS4	0.269621	False
1821	3.074988094080072	0.6358623023739662	0.20678528921725592	MRPL11	0.269621	False
1822	3.074988094080072	0.6358623023739662	0.20678528921725592	PELI3	0.269621	False
1823	3.074988094080072	0.6358623023739662	0.20678528921725592	LOC101928069	0.269621	False
1824	3.074988094080072	0.6358623023739662	0.20678528921725592	DPP3	0.269621	False
1825	3.074988094080072	0.6358623023739662	0.20678528921725592	BBS1	0.269621	False
1826	3.074988094080072	0.6358623023739662	0.20678528921725592	ZDHHC24	0.269621	False
1827	3.074988094080072	0.6358623023739662	0.20678528921725592	ACTN3	0.269621	False
1828	3.074988094080072	0.6358623023739662	0.20678528921725592	CTSF	0.269621	False
1829	3.074988094080072	0.6358623023739662	0.20678528921725592	CCDC87	0.269621	False
1830	3.074988094080072	0.6358623023739662	0.20678528921725592	CCS	0.269621	False
1831	3.074988094080072	0.6358623023739662	0.20678528921725592	RBM14	0.269621	False
1832	3.074988094080072	0.6358623023739662	0.20678528921725592	RBM14-RBM4	0.269621	False
1833	3.074988094080072	0.6358623023739662	0.20678528921725592	RBM4	0.269621	False
1834	3.074988094080072	0.6358623023739662	0.20678528921725592	RBM4B	0.269621	False
1835	3.074988094080072	0.6358623023739662	0.20678528921725592	SPTBN2	0.269621	False
1836	3.074988094080072	0.6358623023739662	0.20678528921725592	C11orf80	0.269621	False
1837	3.074988094080072	0.6358623023739662	0.20678528921725592	RCE1	0.269621	False
1838	3.074988094080072	0.6358623023739662	0.20678528921725592	LRFN4	0.269621	False
1839	3.380069827981873	1.5032127592285425	0.4447283150141489	OR4K5	0.2696256	False
1840	3.380069827981873	1.5032127592285425	0.4447283150141489	OR4K1	0.2696256	False
1841	3.380069827981873	1.5032127592285425	0.4447283150141489	OR4K15	0.2696256	False
1842	3.380069827981873	1.5032127592285425	0.4447283150141489	OR4K14	0.2696256	False
1843	3.380069827981873	1.5032127592285425	0.4447283150141489	OR4K13	0.2696256	False
1844	3.380069827981873	1.5032127592285425	0.4447283150141489	OR4L1	0.2696256	False
1845	3.380069827981873	1.5032127592285425	0.4447283150141489	OR4K17	0.2696256	False
1846	3.380069827981873	1.5032127592285425	0.4447283150141489	OR4N5	0.2696256	False
1847	3.380069827981873	1.5032127592285425	0.4447283150141489	OR11G2	0.2696256	False
1848	3.380069827981873	1.5032127592285425	0.4447283150141489	OR11H6	0.2696256	False
1849	3.380069827981873	1.5032127592285425	0.4447283150141489	OR11H4	0.2696256	False
1850	3.380069827981873	1.5032127592285425	0.4447283150141489	TTC5	0.2696256	False
1851	3.380069827981873	1.5032127592285425	0.4447283150141489	CCNB1IP1	0.2696256	False
1852	3.380069827981873	1.5032127592285425	0.4447283150141489	SNORD126	0.2696256	False
1853	3.380069827981873	1.5032127592285425	0.4447283150141489	RPPH1	0.2696256	False
1854	3.380069827981873	1.5032127592285425	0.4447283150141489	PARP2	0.2696256	False
1855	3.380069827981873	1.5032127592285425	0.4447283150141489	TEP1	0.2696256	False
1856	3.380069827981873	1.5032127592285425	0.4447283150141489	KLHL33	0.2696256	False
1857	3.380069827981873	1.5032127592285425	0.4447283150141489	OSGEP	0.2696256	False
1858	3.380069827981873	1.5032127592285425	0.4447283150141489	APEX1	0.2696256	False
1859	3.380069827981873	1.5032127592285425	0.4447283150141489	PIP4P1	0.2696256	False
1860	3.380069827981873	1.5032127592285425	0.4447283150141489	PNP	0.2696256	False
1861	3.380069827981873	1.5032127592285425	0.4447283150141489	RNASE10	0.2696256	False
1862	3.380069827981873	1.5032127592285425	0.4447283150141489	RNASE9	0.2696256	False
1863	3.380069827981873	1.5032127592285425	0.4447283150141489	RNASE11	0.2696256	False
1864	3.380069827981873	1.5032127592285425	0.4447283150141489	LOC254028	0.2696256	False
1865	3.380069827981873	1.5032127592285425	0.4447283150141489	RNASE12	0.2696256	False
1866	3.380069827981873	1.5032127592285425	0.4447283150141489	OR6S1	0.2696256	False
1867	3.380069827981873	1.5032127592285425	0.4447283150141489	RNASE4	0.2696256	False
1868	3.380069827981873	1.5032127592285425	0.4447283150141489	ANG	0.2696256	False
1869	3.380069827981873	1.5032127592285425	0.4447283150141489	EDDM3A	0.2696256	False
1870	3.380069827981873	1.5032127592285425	0.4447283150141489	EDDM3B	0.2696256	False
1871	3.380069827981873	1.5032127592285425	0.4447283150141489	RNASE6	0.2696256	False
1872	3.380069827981873	1.5032127592285425	0.4447283150141489	RNASE1	0.2696256	False
1873	3.380069827981873	1.5032127592285425	0.4447283150141489	RNASE3	0.2696256	False
1874	3.3023352193891236	1.16655067338189	0.3532502292719036	ECRP	0.269624	False
1875	3.3023352193891236	1.16655067338189	0.3532502292719036	RNASE2	0.269624	False
1876	3.3023352193891236	1.16655067338189	0.3532502292719036	METTL17	0.269624	False
1877	3.3023352193891236	1.16655067338189	0.3532502292719036	LOC101929718	0.269624	False
1878	3.3023352193891236	1.16655067338189	0.3532502292719036	SLC39A2	0.269624	False
1879	3.3023352193891236	1.16655067338189	0.3532502292719036	NDRG2	0.269624	False
1880	3.3023352193891236	1.16655067338189	0.3532502292719036	MIR6717	0.269624	False
1881	3.3023352193891236	1.16655067338189	0.3532502292719036	TPPP2	0.269624	False
1882	3.3023352193891236	1.16655067338189	0.3532502292719036	RNASE13	0.269624	False
1883	3.3023352193891236	1.16655067338189	0.3532502292719036	RNASE7	0.269624	False
1884	3.3023352193891236	1.16655067338189	0.3532502292719036	RNASE8	0.269624	False
1885	3.3023352193891236	1.16655067338189	0.3532502292719036	ARHGEF40	0.269624	False
1886	3.3023352193891236	1.16655067338189	0.3532502292719036	ZNF219	0.269624	False
1887	3.3023352193891236	1.16655067338189	0.3532502292719036	TMEM253	0.269624	False
1888	3.3023352193891236	1.16655067338189	0.3532502292719036	OR5AU1	0.269624	False
1889	3.3023352193891236	1.16655067338189	0.3532502292719036	LINC00641	0.269624	False
1890	3.3023352193891236	1.16655067338189	0.3532502292719036	HNRNPC	0.269624	False
1891	3.3023352193891236	1.16655067338189	0.3532502292719036	RPGRIP1	0.269624	False
1892	3.3023352193891236	1.16655067338189	0.3532502292719036	SUPT16H	0.269624	False
1893	3.3023352193891236	1.16655067338189	0.3532502292719036	CHD8	0.269624	False
1894	3.3023352193891236	1.16655067338189	0.3532502292719036	SNORD9	0.269624	False
1895	3.3023352193891236	1.16655067338189	0.3532502292719036	SNORD8	0.269624	False
1896	3.3023352193891236	1.16655067338189	0.3532502292719036	RAB2B	0.269624	False
1897	3.3023352193891236	1.16655067338189	0.3532502292719036	TOX4	0.269624	False
1898	3.3023352193891236	1.16655067338189	0.3532502292719036	METTL3	0.269624	False
1899	3.3023352193891236	1.16655067338189	0.3532502292719036	SALL2	0.269624	False
1900	3.3023352193891236	1.16655067338189	0.3532502292719036	OR10G3	0.269624	False
1901	3.3023352193891236	1.16655067338189	0.3532502292719036	OR10G2	0.269624	False
1902	3.3023352193891236	1.16655067338189	0.3532502292719036	OR4E2	0.269624	False
1903	3.261948276490097	0.9481271377005414	0.2906628362362446	DAD1	0.26962292	False
1904	3.261948276490097	0.9481271377005414	0.2906628362362446	ABHD4	0.26962292	False
1905	3.261948276490097	0.9481271377005414	0.2906628362362446	OXA1L	0.26962292	False
1906	3.261948276490097	0.9481271377005414	0.2906628362362446	SLC7A7	0.26962292	False
1907	3.261948276490097	0.9481271377005414	0.2906628362362446	MRPL52	0.26962292	False
1908	3.261948276490097	0.9481271377005414	0.2906628362362446	MMP14	0.26962292	False
1909	3.261948276490097	0.9481271377005414	0.2906628362362446	LRP10	0.26962292	False
1910	3.261948276490097	0.9481271377005414	0.2906628362362446	REM2	0.26962292	False
1911	3.211127704288545	0.8703526597116661	0.27104268028620826	RBM23	0.26962218	False
1912	3.211127704288545	0.8703526597116661	0.27104268028620826	PRMT5-AS1	0.26962218	False
1913	3.211127704288545	0.8703526597116661	0.27104268028620826	PRMT5	0.26962218	False
1914	3.211127704288545	0.8703526597116661	0.27104268028620826	LOC101926933	0.26962218	False
1915	3.211127704288545	0.8703526597116661	0.27104268028620826	HAUS4	0.26962218	False
1916	3.211127704288545	0.8703526597116661	0.27104268028620826	MIR4707	0.26962218	False
1917	3.211127704288545	0.8703526597116661	0.27104268028620826	AJUBA	0.26962218	False
1918	3.211127704288545	0.8703526597116661	0.27104268028620826	C14orf93	0.26962218	False
1919	3.211127704288545	0.8703526597116661	0.27104268028620826	PSMB5	0.26962218	False
1920	3.211127704288545	0.8703526597116661	0.27104268028620826	PSMB11	0.26962218	False
1921	3.211127704288545	0.8703526597116661	0.27104268028620826	CDH24	0.26962218	False
1922	3.211127704288545	0.8703526597116661	0.27104268028620826	ACIN1	0.26962218	False
1923	3.211127704288545	0.8703526597116661	0.27104268028620826	C14orf119	0.26962218	False
1924	3.2813247688137928	1.0100924614258295	0.30783068808851266	CEBPE	0.269623	False
1925	3.2813247688137928	1.0100924614258295	0.30783068808851266	SLC7A8	0.269623	False
1926	3.2813247688137928	1.0100924614258295	0.30783068808851266	RNF212B	0.269623	False
1927	3.2813247688137928	1.0100924614258295	0.30783068808851266	HOMEZ	0.269623	False
1928	3.2813247688137928	1.0100924614258295	0.30783068808851266	PPP1R3E	0.269623	False
1929	3.2813247688137928	1.0100924614258295	0.30783068808851266	BCL2L2-PABPN1	0.269623	False
1930	3.2813247688137928	1.0100924614258295	0.30783068808851266	BCL2L2	0.269623	False
1931	3.2813247688137928	1.0100924614258295	0.30783068808851266	PABPN1	0.269623	False
1932	3.2813247688137928	1.0100924614258295	0.30783068808851266	SLC22A17	0.269623	False
1933	3.2813247688137928	1.0100924614258295	0.30783068808851266	EFS	0.269623	False
1934	3.2813247688137928	1.0100924614258295	0.30783068808851266	IL25	0.269623	False
1935	3.2813247688137928	1.0100924614258295	0.30783068808851266	CMTM5	0.269623	False
1936	3.2813247688137928	1.0100924614258295	0.30783068808851266	MYH6	0.269623	False
1937	3.2813247688137928	1.0100924614258295	0.30783068808851266	MIR208A	0.269623	False
1938	3.2813247688137928	1.0100924614258295	0.30783068808851266	MYH7	0.269623	False
1939	3.2813247688137928	1.0100924614258295	0.30783068808851266	MIR208B	0.269623	False
1940	3.2813247688137928	1.0100924614258295	0.30783068808851266	NGDN	0.269623	False
1941	3.2813247688137928	1.0100924614258295	0.30783068808851266	THTPA	0.269623	False
1942	3.2813247688137928	1.0100924614258295	0.30783068808851266	ZFHX2	0.269623	False
1943	3.2813247688137928	1.0100924614258295	0.30783068808851266	AP1G2	0.269623	False
1944	3.2813247688137928	1.0100924614258295	0.30783068808851266	LOC102724814	0.269623	False
1945	3.2813247688137928	1.0100924614258295	0.30783068808851266	JPH4	0.269623	False
1946	3.2813247688137928	1.0100924614258295	0.30783068808851266	DHRS2	0.269623	False
1947	3.2121163431497552	0.8848694613529692	0.27547864610821626	DHRS4-AS1	0.26962245	False
1948	3.2121163431497552	0.8848694613529692	0.27547864610821626	DHRS4	0.26962245	False
1949	3.2121163431497552	0.8848694613529692	0.27547864610821626	DHRS4L2	0.26962245	False
1950	3.2121163431497552	0.8848694613529692	0.27547864610821626	CARMIL3	0.26962245	False
1951	3.2121163431497552	0.8848694613529692	0.27547864610821626	CPNE6	0.26962245	False
1952	3.2121163431497552	0.8848694613529692	0.27547864610821626	NRL	0.26962245	False
1953	3.2121163431497552	0.8848694613529692	0.27547864610821626	PCK2	0.26962245	False
1954	3.263620839228208	1.0341147208164998	0.3168611709995855	DCAF11	0.2696234	False
1955	3.263620839228208	1.0341147208164998	0.3168611709995855	FITM1	0.2696234	False
1956	3.263620839228208	1.0341147208164998	0.3168611709995855	PSME1	0.2696234	False
1957	3.263620839228208	1.0341147208164998	0.3168611709995855	EMC9	0.2696234	False
1958	3.263620839228208	1.0341147208164998	0.3168611709995855	PSME2	0.2696234	False
1959	3.263620839228208	1.0341147208164998	0.3168611709995855	MIR7703	0.2696234	False
1960	3.263620839228208	1.0341147208164998	0.3168611709995855	RNF31	0.2696234	False
1961	3.263620839228208	1.0341147208164998	0.3168611709995855	IRF9	0.2696234	False
1962	3.263620839228208	1.0341147208164998	0.3168611709995855	REC8	0.2696234	False
1963	3.263620839228208	1.0341147208164998	0.3168611709995855	IPO4	0.2696234	False
1964	3.263620839228208	1.0341147208164998	0.3168611709995855	TM9SF1	0.2696234	False
1965	3.263620839228208	1.0341147208164998	0.3168611709995855	TSSK4	0.2696234	False
1966	3.263620839228208	1.0341147208164998	0.3168611709995855	CHMP4A	0.2696234	False
1967	3.263620839228208	1.0341147208164998	0.3168611709995855	MDP1	0.2696234	False
1968	3.263620839228208	1.0341147208164998	0.3168611709995855	NEDD8-MDP1	0.2696234	False
1969	3.263620839228208	1.0341147208164998	0.3168611709995855	NEDD8	0.2696234	False
1970	3.263620839228208	1.0341147208164998	0.3168611709995855	GMPR2	0.2696234	False
1971	3.263620839228208	1.0341147208164998	0.3168611709995855	TINF2	0.2696234	False
1972	3.263620839228208	1.0341147208164998	0.3168611709995855	TGM1	0.2696234	False
1973	3.263620839228208	1.0341147208164998	0.3168611709995855	RABGGTA	0.2696234	False
1974	3.263620839228208	1.0341147208164998	0.3168611709995855	DHRS1	0.2696234	False
1975	3.263620839228208	1.0341147208164998	0.3168611709995855	NOP9	0.2696234	False
1976	3.263620839228208	1.0341147208164998	0.3168611709995855	CIDEB	0.2696234	False
1977	3.263620839228208	1.0341147208164998	0.3168611709995855	LTB4R2	0.2696234	False
1978	3.263620839228208	1.0341147208164998	0.3168611709995855	LTB4R	0.2696234	False
1979	3.263620839228208	1.0341147208164998	0.3168611709995855	ADCY4	0.2696234	False
1980	3.263620839228208	1.0341147208164998	0.3168611709995855	RIPK3	0.2696234	False
1981	3.263620839228208	1.0341147208164998	0.3168611709995855	NFATC4	0.2696234	False
1982	3.263620839228208	1.0341147208164998	0.3168611709995855	NYNRIN	0.2696234	False
1983	3.263620839228208	1.0341147208164998	0.3168611709995855	CBLN3	0.2696234	False
1984	3.263620839228208	1.0341147208164998	0.3168611709995855	KHNYN	0.2696234	False
1985	3.263620839228208	1.0341147208164998	0.3168611709995855	SDR39U1	0.2696234	False
1986	3.263620839228208	1.0341147208164998	0.3168611709995855	CMA1	0.2696234	False
1987	3.263620839228208	1.0341147208164998	0.3168611709995855	CTSG	0.2696234	False
1988	3.263620839228208	1.0341147208164998	0.3168611709995855	GZMH	0.2696234	False
1989	3.263620839228208	1.0341147208164998	0.3168611709995855	GZMB	0.2696234	False
1990	3.246005150267548	0.8413501057847251	0.2591955547930594	R3HDM4	0.2696225	False
1991	3.246005150267548	0.8413501057847251	0.2591955547930594	KISS1R	0.2696225	False
1992	3.246005150267548	0.8413501057847251	0.2591955547930594	ARID3A	0.2696225	False
1993	3.246005150267548	0.8413501057847251	0.2591955547930594	WDR18	0.2696225	False
1994	3.246005150267548	0.8413501057847251	0.2591955547930594	GRIN3B	0.2696225	False
1995	3.246005150267548	0.8413501057847251	0.2591955547930594	TMEM259	0.2696225	False
1996	3.246005150267548	0.8413501057847251	0.2591955547930594	CNN2	0.2696225	False
1997	3.246005150267548	0.8413501057847251	0.2591955547930594	ABCA7	0.2696225	False
1998	3.246005150267548	0.8413501057847251	0.2591955547930594	ARHGAP45	0.2696225	False
1999	3.246005150267548	0.8413501057847251	0.2591955547930594	POLR2E	0.2696225	False
2000	3.246005150267548	0.8413501057847251	0.2591955547930594	GPX4	0.2696225	False
2001	3.246005150267548	0.8413501057847251	0.2591955547930594	SBNO2	0.2696225	False
2002	3.246005150267548	0.8413501057847251	0.2591955547930594	STK11	0.2696225	False
2003	3.246005150267548	0.8413501057847251	0.2591955547930594	CBARP	0.2696225	False
2004	3.246005150267548	0.8413501057847251	0.2591955547930594	ATP5F1D	0.2696225	False
2005	3.246005150267548	0.8413501057847251	0.2591955547930594	MIDN	0.2696225	False
2006	3.246005150267548	0.8413501057847251	0.2591955547930594	CIRBP	0.2696225	False
2007	3.246005150267548	0.8413501057847251	0.2591955547930594	CIRBP-AS1	0.2696225	False
2008	3.246005150267548	0.8413501057847251	0.2591955547930594	C19orf24	0.2696225	False
2009	3.246005150267548	0.8413501057847251	0.2591955547930594	MUM1	0.2696225	False
2010	3.246005150267548	0.8413501057847251	0.2591955547930594	EFNA2	0.2696225	False
2011	3.246005150267548	0.8413501057847251	0.2591955547930594	NDUFS7	0.2696225	False
2012	3.246005150267548	0.8413501057847251	0.2591955547930594	GAMT	0.2696225	False
2013	3.246005150267548	0.8413501057847251	0.2591955547930594	DAZAP1	0.2696225	False
2014	3.246005150267548	0.8413501057847251	0.2591955547930594	RPS15	0.2696225	False
2015	3.246005150267548	0.8413501057847251	0.2591955547930594	APC2	0.2696225	False
2016	3.246005150267548	0.8413501057847251	0.2591955547930594	C19orf25	0.2696225	False
2017	3.246005150267548	0.8413501057847251	0.2591955547930594	PCSK4	0.2696225	False
2018	3.246005150267548	0.8413501057847251	0.2591955547930594	REEP6	0.2696225	False
2019	3.246005150267548	0.8413501057847251	0.2591955547930594	ADAMTSL5	0.2696225	False
2020	3.246005150267548	0.8413501057847251	0.2591955547930594	PLK5	0.2696225	False
2021	3.246005150267548	0.8413501057847251	0.2591955547930594	MEX3D	0.2696225	False
2022	3.246005150267548	0.8413501057847251	0.2591955547930594	MBD3	0.2696225	False
2023	3.246005150267548	0.8413501057847251	0.2591955547930594	UQCR11	0.2696225	False
2024	3.246005150267548	0.8413501057847251	0.2591955547930594	TCF3	0.2696225	False
2025	3.246005150267548	0.8413501057847251	0.2591955547930594	ONECUT3	0.2696225	False
2026	3.246005150267548	0.8413501057847251	0.2591955547930594	ATP8B3	0.2696225	False
2027	3.246005150267548	0.8413501057847251	0.2591955547930594	REXO1	0.2696225	False
2028	3.246005150267548	0.8413501057847251	0.2591955547930594	MIR1909	0.2696225	False
2029	3.246005150267548	0.8413501057847251	0.2591955547930594	LOC100288123	0.2696225	False
2030	3.246005150267548	0.8413501057847251	0.2591955547930594	KLF16	0.2696225	False
2031	3.246005150267548	0.8413501057847251	0.2591955547930594	ABHD17A	0.2696225	False
2032	3.1365951566516066	0.6756051783585324	0.21539444672220873	SCAMP4	0.26962146	False
2033	3.1365951566516066	0.6756051783585324	0.21539444672220873	ADAT3	0.26962146	False
2034	3.1365951566516066	0.6756051783585324	0.21539444672220873	CSNK1G2	0.26962146	False
2035	3.1365951566516066	0.6756051783585324	0.21539444672220873	CSNK1G2-AS1	0.26962146	False
2036	3.1365951566516066	0.6756051783585324	0.21539444672220873	BTBD2	0.26962146	False
2037	3.1365951566516066	0.6756051783585324	0.21539444672220873	MKNK2	0.26962146	False
2038	3.1365951566516066	0.6756051783585324	0.21539444672220873	MOB3A	0.26962146	False
2039	3.1365951566516066	0.6756051783585324	0.21539444672220873	IZUMO4	0.26962146	False
2040	3.1365951566516066	0.6756051783585324	0.21539444672220873	AP3D1	0.26962146	False
2041	3.1365951566516066	0.6756051783585324	0.21539444672220873	DOT1L	0.26962146	False
2042	3.1365951566516066	0.6756051783585324	0.21539444672220873	PLEKHJ1	0.26962146	False
2043	3.1365951566516066	0.6756051783585324	0.21539444672220873	MIR1227	0.26962146	False
2044	3.1365951566516066	0.6756051783585324	0.21539444672220873	MIR6789	0.26962146	False
2045	3.1365951566516066	0.6756051783585324	0.21539444672220873	SF3A2	0.26962146	False
2046	3.1365951566516066	0.6756051783585324	0.21539444672220873	AMH	0.26962146	False
2047	3.1365951566516066	0.6756051783585324	0.21539444672220873	MIR4321	0.26962146	False
2048	3.1365951566516066	0.6756051783585324	0.21539444672220873	JSRP1	0.26962146	False
2049	3.1365951566516066	0.6756051783585324	0.21539444672220873	OAZ1	0.26962146	False
2050	3.1365951566516066	0.6756051783585324	0.21539444672220873	SPPL2B	0.26962146	False
2051	3.1365951566516066	0.6756051783585324	0.21539444672220873	PEAK3	0.26962146	False
2052	3.1365951566516066	0.6756051783585324	0.21539444672220873	LSM7	0.26962146	False
2053	3.1365951566516066	0.6756051783585324	0.21539444672220873	TMPRSS9	0.26962146	False
2054	3.1365951566516066	0.6756051783585324	0.21539444672220873	TIMM13	0.26962146	False
2055	3.1365951566516066	0.6756051783585324	0.21539444672220873	LMNB2	0.26962146	False
2056	3.1365951566516066	0.6756051783585324	0.21539444672220873	MIR7108	0.26962146	False
2057	3.1365951566516066	0.6756051783585324	0.21539444672220873	LINC01775	0.26962146	False
2058	3.1365951566516066	0.6756051783585324	0.21539444672220873	GADD45B	0.26962146	False
2059	3.1365951566516066	0.6756051783585324	0.21539444672220873	GNG7	0.26962146	False
2060	3.1365951566516066	0.6756051783585324	0.21539444672220873	MIR7850	0.26962146	False
2061	3.1365951566516066	0.6756051783585324	0.21539444672220873	DIRAS1	0.26962146	False
2062	3.1365951566516066	0.6756051783585324	0.21539444672220873	SLC39A3	0.26962146	False
2063	3.1365951566516066	0.6756051783585324	0.21539444672220873	SGTA	0.26962146	False
2064	3.1365951566516066	0.6756051783585324	0.21539444672220873	THOP1	0.26962146	False
2065	3.1365951566516066	0.6756051783585324	0.21539444672220873	ZNF554	0.26962146	False
2066	3.1365951566516066	0.6756051783585324	0.21539444672220873	ZNF555	0.26962146	False
2067	3.1365951566516066	0.6756051783585324	0.21539444672220873	ZNF556	0.26962146	False
2068	3.0270495805030837	0.564009490110914	0.18632317545891594	ZNF57	0.26962063	False
2069	3.0270495805030837	0.564009490110914	0.18632317545891594	ZNF77	0.26962063	False
2070	3.0270495805030837	0.564009490110914	0.18632317545891594	TLE6	0.26962063	False
2071	3.0270495805030837	0.564009490110914	0.18632317545891594	TLE2	0.26962063	False
2072	3.0270495805030837	0.564009490110914	0.18632317545891594	AES	0.26962063	False
2073	3.0270495805030837	0.564009490110914	0.18632317545891594	GNA11	0.26962063	False
2074	3.0270495805030837	0.564009490110914	0.18632317545891594	GNA15	0.26962063	False
2075	3.0270495805030837	0.564009490110914	0.18632317545891594	LOC100996351	0.26962063	False
2076	3.0270495805030837	0.564009490110914	0.18632317545891594	S1PR4	0.26962063	False
2077	3.0270495805030837	0.564009490110914	0.18632317545891594	NCLN	0.26962063	False
2078	3.0270495805030837	0.564009490110914	0.18632317545891594	CELF5	0.26962063	False
2079	3.0270495805030837	0.564009490110914	0.18632317545891594	NFIC	0.26962063	False
2080	3.0270495805030837	0.564009490110914	0.18632317545891594	SMIM24	0.26962063	False
2081	3.0270495805030837	0.564009490110914	0.18632317545891594	DOHH	0.26962063	False
2082	3.0270495805030837	0.564009490110914	0.18632317545891594	FZR1	0.26962063	False
2083	3.0270495805030837	0.564009490110914	0.18632317545891594	MFSD12	0.26962063	False
2084	3.0270495805030837	0.564009490110914	0.18632317545891594	C19orf71	0.26962063	False
2085	3.0270495805030837	0.564009490110914	0.18632317545891594	HMG20B	0.26962063	False
2086	3.0270495805030837	0.564009490110914	0.18632317545891594	GIPC3	0.26962063	False
2087	3.0270495805030837	0.564009490110914	0.18632317545891594	TBXA2R	0.26962063	False
2088	3.0270495805030837	0.564009490110914	0.18632317545891594	CACTIN-AS1	0.26962063	False
2089	3.0270495805030837	0.564009490110914	0.18632317545891594	CACTIN	0.26962063	False
2090	3.0270495805030837	0.564009490110914	0.18632317545891594	PIP5K1C	0.26962063	False
2091	3.0270495805030837	0.564009490110914	0.18632317545891594	TJP3	0.26962063	False
2092	3.0270495805030837	0.564009490110914	0.18632317545891594	APBA3	0.26962063	False
2093	3.0270495805030837	0.564009490110914	0.18632317545891594	MRPL54	0.26962063	False
2094	3.0270495805030837	0.564009490110914	0.18632317545891594	RAX2	0.26962063	False
2095	3.0270495805030837	0.564009490110914	0.18632317545891594	MATK	0.26962063	False
2096	3.0270495805030837	0.564009490110914	0.18632317545891594	ZFR2	0.26962063	False
2097	2.9416803004168393	0.477605445957424	0.16235803934565793	ATCAY	0.26961994	False
2098	2.9416803004168393	0.477605445957424	0.16235803934565793	NMRK2	0.26961994	False
2099	2.9416803004168393	0.477605445957424	0.16235803934565793	DAPK3	0.26961994	False
2100	2.9416803004168393	0.477605445957424	0.16235803934565793	MIR637	0.26961994	False
2101	2.9416803004168393	0.477605445957424	0.16235803934565793	EEF2	0.26961994	False
2102	2.9416803004168393	0.477605445957424	0.16235803934565793	SNORD37	0.26961994	False
2103	2.9416803004168393	0.477605445957424	0.16235803934565793	PIAS4	0.26961994	False
2104	2.9416803004168393	0.477605445957424	0.16235803934565793	ZBTB7A	0.26961994	False
2105	2.9416803004168393	0.477605445957424	0.16235803934565793	MAP2K2	0.26961994	False
2106	2.978629250472482	0.49105697305146284	0.16486005197644837	BSPH1	0.26962018	False
2107	2.978629250472482	0.49105697305146284	0.16486005197644837	ELSPBP1	0.26962018	False
2108	2.978629250472482	0.49105697305146284	0.16486005197644837	CABP5	0.26962018	False
2109	2.978629250472482	0.49105697305146284	0.16486005197644837	PLA2G4C	0.26962018	False
2110	2.978629250472482	0.49105697305146284	0.16486005197644837	PLA2G4C-AS1	0.26962018	False
2111	3.0541169456648305	0.5860713481843123	0.1918955163181331	LIG1	0.26962087	False
2112	3.0541169456648305	0.5860713481843123	0.1918955163181331	ZSWIM9	0.26962087	False
2113	3.0541169456648305	0.5860713481843123	0.1918955163181331	ZNF114	0.26962087	False
2114	3.0541169456648305	0.5860713481843123	0.1918955163181331	CARD8	0.26962087	False
2115	3.0541169456648305	0.5860713481843123	0.1918955163181331	CARD8-AS1	0.26962087	False
2116	3.0541169456648305	0.5860713481843123	0.1918955163181331	CCDC114	0.26962087	False
2117	3.0541169456648305	0.5860713481843123	0.1918955163181331	EMP3	0.26962087	False
2118	3.0541169456648305	0.5860713481843123	0.1918955163181331	TMEM143	0.26962087	False
2119	3.0541169456648305	0.5860713481843123	0.1918955163181331	SYNGR4	0.26962087	False
2120	3.0541169456648305	0.5860713481843123	0.1918955163181331	KDELR1	0.26962087	False
2121	3.0541169456648305	0.5860713481843123	0.1918955163181331	GRIN2D	0.26962087	False
2122	3.0541169456648305	0.5860713481843123	0.1918955163181331	GRWD1	0.26962087	False
2123	3.0541169456648305	0.5860713481843123	0.1918955163181331	KCNJ14	0.26962087	False
2124	3.0541169456648305	0.5860713481843123	0.1918955163181331	CYTH2	0.26962087	False
2125	3.0541169456648305	0.5860713481843123	0.1918955163181331	LMTK3	0.26962087	False
2126	3.0541169456648305	0.5860713481843123	0.1918955163181331	SULT2B1	0.26962087	False
2127	3.0541169456648305	0.5860713481843123	0.1918955163181331	FAM83E	0.26962087	False
2128	3.0541169456648305	0.5860713481843123	0.1918955163181331	SPACA4	0.26962087	False
2129	3.0541169456648305	0.5860713481843123	0.1918955163181331	RPL18	0.26962087	False
2130	3.0541169456648305	0.5860713481843123	0.1918955163181331	SPHK2	0.26962087	False
2131	3.0541169456648305	0.5860713481843123	0.1918955163181331	DBP	0.26962087	False
2132	3.0541169456648305	0.5860713481843123	0.1918955163181331	CA11	0.26962087	False
2133	3.0541169456648305	0.5860713481843123	0.1918955163181331	NTN5	0.26962087	False
2134	3.0541169456648305	0.5860713481843123	0.1918955163181331	FUT2	0.26962087	False
2135	3.0541169456648305	0.5860713481843123	0.1918955163181331	MAMSTR	0.26962087	False
2136	3.0541169456648305	0.5860713481843123	0.1918955163181331	RASIP1	0.26962087	False
2137	3.0541169456648305	0.5860713481843123	0.1918955163181331	IZUMO1	0.26962087	False
2138	3.0541169456648305	0.5860713481843123	0.1918955163181331	FUT1	0.26962087	False
2139	3.0541169456648305	0.5860713481843123	0.1918955163181331	FGF21	0.26962087	False
2140	3.0541169456648305	0.5860713481843123	0.1918955163181331	BCAT2	0.26962087	False
2141	3.0541169456648305	0.5860713481843123	0.1918955163181331	HSD17B14	0.26962087	False
2142	3.0541169456648305	0.5860713481843123	0.1918955163181331	PLEKHA4	0.26962087	False
2143	3.0541169456648305	0.5860713481843123	0.1918955163181331	PPP1R15A	0.26962087	False
2144	3.0541169456648305	0.5860713481843123	0.1918955163181331	TULP2	0.26962087	False
