	mean	var	dispersion	gene	proba	pred
0	3.0813381458409603	0.870413988708748	0.28247921763588013	TCHH	0.2696215	False
1	3.0813381458409603	0.870413988708748	0.28247921763588013	RPTN	0.2696215	False
2	3.0813381458409603	0.870413988708748	0.28247921763588013	FLG-AS1	0.2696215	False
3	3.0813381458409603	0.870413988708748	0.28247921763588013	HRNR	0.2696215	False
4	3.0813381458409603	0.870413988708748	0.28247921763588013	FLG	0.2696215	False
5	3.0813381458409603	0.870413988708748	0.28247921763588013	FLG2	0.2696215	False
6	3.0813381458409603	0.870413988708748	0.28247921763588013	CRNN	0.2696215	False
7	3.0813381458409603	0.870413988708748	0.28247921763588013	LCE5A	0.2696215	False
8	3.0813381458409603	0.870413988708748	0.28247921763588013	CRCT1	0.2696215	False
9	3.0813381458409603	0.870413988708748	0.28247921763588013	LCE3E	0.2696215	False
10	3.0813381458409603	0.870413988708748	0.28247921763588013	LCE3D	0.2696215	False
11	3.0813381458409603	0.870413988708748	0.28247921763588013	LCE3C	0.2696215	False
12	3.0813381458409603	0.870413988708748	0.28247921763588013	LCE3B	0.2696215	False
13	3.0813381458409603	0.870413988708748	0.28247921763588013	LCE3A	0.2696215	False
14	3.0813381458409603	0.870413988708748	0.28247921763588013	LCE2D	0.2696215	False
15	3.0813381458409603	0.870413988708748	0.28247921763588013	LCE2C	0.2696215	False
16	3.0813381458409603	0.870413988708748	0.28247921763588013	LCE2B	0.2696215	False
17	3.0813381458409603	0.870413988708748	0.28247921763588013	LCE2A	0.2696215	False
18	3.0813381458409603	0.870413988708748	0.28247921763588013	LCE4A	0.2696215	False
19	3.0813381458409603	0.870413988708748	0.28247921763588013	C1orf68	0.2696215	False
20	3.0813381458409603	0.870413988708748	0.28247921763588013	LCE1F	0.2696215	False
21	3.0813381458409603	0.870413988708748	0.28247921763588013	LCE1E	0.2696215	False
22	3.0813381458409603	0.870413988708748	0.28247921763588013	LCE1D	0.2696215	False
23	3.0813381458409603	0.870413988708748	0.28247921763588013	LCE1C	0.2696215	False
24	3.0813381458409603	0.870413988708748	0.28247921763588013	LCE1B	0.2696215	False
25	3.0813381458409603	0.870413988708748	0.28247921763588013	LCE1A	0.2696215	False
26	3.0813381458409603	0.870413988708748	0.28247921763588013	LCE6A	0.2696215	False
27	3.0813381458409603	0.870413988708748	0.28247921763588013	SMCP	0.2696215	False
28	3.054144374196853	0.7714236215742732	0.25258256554329855	IVL	0.26962107	False
29	3.054144374196853	0.7714236215742732	0.25258256554329855	SPRR4	0.26962107	False
30	3.054144374196853	0.7714236215742732	0.25258256554329855	SPRR3	0.26962107	False
31	3.054144374196853	0.7714236215742732	0.25258256554329855	SPRR1B	0.26962107	False
32	3.054144374196853	0.7714236215742732	0.25258256554329855	SPRR2D	0.26962107	False
33	3.054144374196853	0.7714236215742732	0.25258256554329855	SPRR2A	0.26962107	False
34	3.054144374196853	0.7714236215742732	0.25258256554329855	SPRR2E	0.26962107	False
35	3.122245154744307	0.917063660972945	0.2937192999016911	SPRR2F	0.2696219	False
36	3.122245154744307	0.917063660972945	0.2937192999016911	SPRR2G	0.2696219	False
37	3.122245154744307	0.917063660972945	0.2937192999016911	LOC101928009	0.2696219	False
38	3.122245154744307	0.917063660972945	0.2937192999016911	LELP1	0.2696219	False
39	3.122245154744307	0.917063660972945	0.2937192999016911	PRR9	0.2696219	False
40	3.122245154744307	0.917063660972945	0.2937192999016911	LOR	0.2696219	False
41	3.122245154744307	0.917063660972945	0.2937192999016911	PGLYRP3	0.2696219	False
42	3.122245154744307	0.917063660972945	0.2937192999016911	PGLYRP4	0.2696219	False
43	3.122245154744307	0.917063660972945	0.2937192999016911	S100A9	0.2696219	False
44	3.122245154744307	0.917063660972945	0.2937192999016911	S100A12	0.2696219	False
45	3.122245154744307	0.917063660972945	0.2937192999016911	S100A8	0.2696219	False
46	3.122245154744307	0.917063660972945	0.2937192999016911	S100A7A	0.2696219	False
47	3.122245154744307	0.917063660972945	0.2937192999016911	S100A7L2	0.2696219	False
48	3.122245154744307	0.917063660972945	0.2937192999016911	S100A7	0.2696219	False
49	3.122245154744307	0.917063660972945	0.2937192999016911	S100A6	0.2696219	False
50	3.122245154744307	0.917063660972945	0.2937192999016911	S100A5	0.2696219	False
51	3.122245154744307	0.917063660972945	0.2937192999016911	S100A4	0.2696219	False
52	3.122245154744307	0.917063660972945	0.2937192999016911	S100A3	0.2696219	False
53	3.122245154744307	0.917063660972945	0.2937192999016911	S100A2	0.2696219	False
54	3.122245154744307	0.917063660972945	0.2937192999016911	S100A16	0.2696219	False
55	3.122245154744307	0.917063660972945	0.2937192999016911	S100A14	0.2696219	False
56	3.122245154744307	0.917063660972945	0.2937192999016911	S100A13	0.2696219	False
57	3.122245154744307	0.917063660972945	0.2937192999016911	S100A1	0.2696219	False
58	3.122245154744307	0.917063660972945	0.2937192999016911	CHTOP	0.2696219	False
59	3.122245154744307	0.917063660972945	0.2937192999016911	SNAPIN	0.2696219	False
60	3.122245154744307	0.917063660972945	0.2937192999016911	ILF2	0.2696219	False
61	3.122245154744307	0.917063660972945	0.2937192999016911	NPR1	0.2696219	False
62	3.122245154744307	0.917063660972945	0.2937192999016911	MIR8083	0.2696219	False
63	3.122245154744307	0.917063660972945	0.2937192999016911	INTS3	0.2696219	False
64	3.122245154744307	0.917063660972945	0.2937192999016911	SLC27A3	0.2696219	False
65	3.078938080392109	0.7819880623078231	0.2539797949454818	GATAD2B	0.26962116	False
66	3.078938080392109	0.7819880623078231	0.2539797949454818	DENND4B	0.26962116	False
67	3.078938080392109	0.7819880623078231	0.2539797949454818	CRTC2	0.26962116	False
68	3.078938080392109	0.7819880623078231	0.2539797949454818	SLC39A1	0.26962116	False
69	3.078938080392109	0.7819880623078231	0.2539797949454818	MIR6737	0.26962116	False
70	3.078938080392109	0.7819880623078231	0.2539797949454818	CREB3L4	0.26962116	False
71	3.078938080392109	0.7819880623078231	0.2539797949454818	JTB	0.26962116	False
72	3.078938080392109	0.7819880623078231	0.2539797949454818	RAB13	0.26962116	False
73	3.078938080392109	0.7819880623078231	0.2539797949454818	RPS27	0.26962116	False
74	3.078938080392109	0.7819880623078231	0.2539797949454818	NUP210L	0.26962116	False
75	3.159713705129741	0.9473033520974392	0.2998067041832013	MIR5698	0.26962236	False
76	3.159713705129741	0.9473033520974392	0.2998067041832013	TPM3	0.26962236	False
77	3.159713705129741	0.9473033520974392	0.2998067041832013	MIR190B	0.26962236	False
78	3.159713705129741	0.9473033520974392	0.2998067041832013	C1orf189	0.26962236	False
79	3.159713705129741	0.9473033520974392	0.2998067041832013	C1orf43	0.26962236	False
80	3.159713705129741	0.9473033520974392	0.2998067041832013	UBAP2L	0.26962236	False
81	3.159713705129741	0.9473033520974392	0.2998067041832013	HAX1	0.26962236	False
82	3.159713705129741	0.9473033520974392	0.2998067041832013	AQP10	0.26962236	False
83	3.159713705129741	0.9473033520974392	0.2998067041832013	ATP8B2	0.26962236	False
84	3.159713705129741	0.9473033520974392	0.2998067041832013	IL6R	0.26962236	False
85	3.159713705129741	0.9473033520974392	0.2998067041832013	SHE	0.26962236	False
86	3.159713705129741	0.9473033520974392	0.2998067041832013	TDRD10	0.26962236	False
87	3.159713705129741	0.9473033520974392	0.2998067041832013	UBE2Q1	0.26962236	False
88	3.159713705129741	0.9473033520974392	0.2998067041832013	UBE2Q1-AS1	0.26962236	False
89	3.159713705129741	0.9473033520974392	0.2998067041832013	CHRNB2	0.26962236	False
90	3.159713705129741	0.9473033520974392	0.2998067041832013	ADAR	0.26962236	False
91	3.159713705129741	0.9473033520974392	0.2998067041832013	KCNN3	0.26962236	False
92	3.089545855181068	0.8022148568634063	0.2596546206032573	PMVK	0.2696214	False
93	3.089545855181068	0.8022148568634063	0.2596546206032573	PBXIP1	0.2696214	False
94	3.089545855181068	0.8022148568634063	0.2596546206032573	PYGO2	0.2696214	False
95	3.089545855181068	0.8022148568634063	0.2596546206032573	SHC1	0.2696214	False
96	3.089545855181068	0.8022148568634063	0.2596546206032573	CKS1B	0.2696214	False
97	3.089545855181068	0.8022148568634063	0.2596546206032573	MIR4258	0.2696214	False
98	3.089545855181068	0.8022148568634063	0.2596546206032573	FLAD1	0.2696214	False
99	3.089545855181068	0.8022148568634063	0.2596546206032573	LENEP	0.2696214	False
100	3.089545855181068	0.8022148568634063	0.2596546206032573	ZBTB7B	0.2696214	False
101	3.089545855181068	0.8022148568634063	0.2596546206032573	DCST2	0.2696214	False
102	3.089545855181068	0.8022148568634063	0.2596546206032573	DCST1	0.2696214	False
103	3.089545855181068	0.8022148568634063	0.2596546206032573	DCST1-AS1	0.2696214	False
104	3.089545855181068	0.8022148568634063	0.2596546206032573	ADAM15	0.2696214	False
105	3.089545855181068	0.8022148568634063	0.2596546206032573	EFNA4	0.2696214	False
106	3.089545855181068	0.8022148568634063	0.2596546206032573	EFNA3	0.2696214	False
107	3.185685126932115	0.9615420816390822	0.30183211564448253	EFNA1	0.26962242	False
108	3.185685126932115	0.9615420816390822	0.30183211564448253	SLC50A1	0.26962242	False
109	3.185685126932115	0.9615420816390822	0.30183211564448253	DPM3	0.26962242	False
110	3.185685126932115	0.9615420816390822	0.30183211564448253	KRTCAP2	0.26962242	False
111	3.185685126932115	0.9615420816390822	0.30183211564448253	TRIM46	0.26962242	False
112	3.185685126932115	0.9615420816390822	0.30183211564448253	MUC1	0.26962242	False
113	3.185685126932115	0.9615420816390822	0.30183211564448253	MIR92B	0.26962242	False
114	3.185685126932115	0.9615420816390822	0.30183211564448253	THBS3	0.26962242	False
115	3.185685126932115	0.9615420816390822	0.30183211564448253	MTX1	0.26962242	False
116	3.185685126932115	0.9615420816390822	0.30183211564448253	GBA	0.26962242	False
117	3.185685126932115	0.9615420816390822	0.30183211564448253	FAM189B	0.26962242	False
118	3.185685126932115	0.9615420816390822	0.30183211564448253	SCAMP3	0.26962242	False
119	3.185685126932115	0.9615420816390822	0.30183211564448253	CLK2	0.26962242	False
120	3.185685126932115	0.9615420816390822	0.30183211564448253	HCN3	0.26962242	False
121	3.185685126932115	0.9615420816390822	0.30183211564448253	PKLR	0.26962242	False
122	3.185685126932115	0.9615420816390822	0.30183211564448253	FDPS	0.26962242	False
123	3.185685126932115	0.9615420816390822	0.30183211564448253	RUSC1-AS1	0.26962242	False
124	3.185685126932115	0.9615420816390822	0.30183211564448253	RUSC1	0.26962242	False
125	3.185685126932115	0.9615420816390822	0.30183211564448253	ASH1L	0.26962242	False
126	3.185685126932115	0.9615420816390822	0.30183211564448253	MIR555	0.26962242	False
127	3.185685126932115	0.9615420816390822	0.30183211564448253	MSTO2P	0.26962242	False
128	3.185685126932115	0.9615420816390822	0.30183211564448253	MSTO1	0.26962242	False
129	3.185685126932115	0.9615420816390822	0.30183211564448253	YY1AP1	0.26962242	False
130	3.185685126932115	0.9615420816390822	0.30183211564448253	DAP3	0.26962242	False
131	3.185685126932115	0.9615420816390822	0.30183211564448253	GON4L	0.26962242	False
132	3.185685126932115	0.9615420816390822	0.30183211564448253	SYT11	0.26962242	False
133	3.088996464487391	0.7904549005540467	0.25589375372924555	RIT1	0.26962137	False
134	3.088996464487391	0.7904549005540467	0.25589375372924555	KHDC4	0.26962137	False
135	3.088996464487391	0.7904549005540467	0.25589375372924555	SNORA80E	0.26962137	False
136	3.088996464487391	0.7904549005540467	0.25589375372924555	SCARNA4	0.26962137	False
137	3.088996464487391	0.7904549005540467	0.25589375372924555	RXFP4	0.26962137	False
138	3.088996464487391	0.7904549005540467	0.25589375372924555	ARHGEF2	0.26962137	False
139	3.088996464487391	0.7904549005540467	0.25589375372924555	MIR6738	0.26962137	False
140	3.088996464487391	0.7904549005540467	0.25589375372924555	SSR2	0.26962137	False
141	3.088996464487391	0.7904549005540467	0.25589375372924555	UBQLN4	0.26962137	False
142	3.088996464487391	0.7904549005540467	0.25589375372924555	LAMTOR2	0.26962137	False
143	3.088996464487391	0.7904549005540467	0.25589375372924555	RAB25	0.26962137	False
144	3.088996464487391	0.7904549005540467	0.25589375372924555	MEX3A	0.26962137	False
145	3.088996464487391	0.7904549005540467	0.25589375372924555	LMNA	0.26962137	False
146	3.138703322240585	0.9234653310914065	0.2942187382119902	SEMA4A	0.26962215	False
147	3.138703322240585	0.9234653310914065	0.2942187382119902	SLC25A44	0.26962215	False
148	3.138703322240585	0.9234653310914065	0.2942187382119902	PMF1-BGLAP	0.26962215	False
149	3.138703322240585	0.9234653310914065	0.2942187382119902	PMF1	0.26962215	False
150	3.138703322240585	0.9234653310914065	0.2942187382119902	BGLAP	0.26962215	False
151	3.138703322240585	0.9234653310914065	0.2942187382119902	PAQR6	0.26962215	False
152	3.138703322240585	0.9234653310914065	0.2942187382119902	SMG5	0.26962215	False
153	3.138703322240585	0.9234653310914065	0.2942187382119902	TMEM79	0.26962215	False
154	3.138703322240585	0.9234653310914065	0.2942187382119902	GLMP	0.26962215	False
155	3.138703322240585	0.9234653310914065	0.2942187382119902	VHLL	0.26962215	False
156	3.138703322240585	0.9234653310914065	0.2942187382119902	CCT3	0.26962215	False
157	3.138703322240585	0.9234653310914065	0.2942187382119902	TSACC	0.26962215	False
158	3.138703322240585	0.9234653310914065	0.2942187382119902	RHBG	0.26962215	False
159	3.138703322240585	0.9234653310914065	0.2942187382119902	C1orf61	0.26962215	False
160	3.138703322240585	0.9234653310914065	0.2942187382119902	MEF2D	0.26962215	False
161	3.138703322240585	0.9234653310914065	0.2942187382119902	IQGAP3	0.26962215	False
162	3.138703322240585	0.9234653310914065	0.2942187382119902	TTC24	0.26962215	False
163	3.138703322240585	0.9234653310914065	0.2942187382119902	NAXE	0.26962215	False
164	3.138703322240585	0.9234653310914065	0.2942187382119902	GPATCH4	0.26962215	False
165	3.138703322240585	0.9234653310914065	0.2942187382119902	HAPLN2	0.26962215	False
166	3.138703322240585	0.9234653310914065	0.2942187382119902	BCAN	0.26962215	False
167	3.138703322240585	0.9234653310914065	0.2942187382119902	NES	0.26962215	False
168	3.138703322240585	0.9234653310914065	0.2942187382119902	CRABP2	0.26962215	False
169	3.138703322240585	0.9234653310914065	0.2942187382119902	ISG20L2	0.26962215	False
170	3.138703322240585	0.9234653310914065	0.2942187382119902	RRNAD1	0.26962215	False
171	3.138703322240585	0.9234653310914065	0.2942187382119902	MRPL24	0.26962215	False
172	3.138703322240585	0.9234653310914065	0.2942187382119902	HDGF	0.26962215	False
173	3.138703322240585	0.9234653310914065	0.2942187382119902	PRCC	0.26962215	False
174	3.138703322240585	0.9234653310914065	0.2942187382119902	SH2D2A	0.26962215	False
175	3.138703322240585	0.9234653310914065	0.2942187382119902	NTRK1	0.26962215	False
176	3.138703322240585	0.9234653310914065	0.2942187382119902	INSRR	0.26962215	False
177	3.2115119349484837	1.1728129475015743	0.3651902814804229	P4HA2-AS1	0.2696234	False
178	3.2115119349484837	1.1728129475015743	0.3651902814804229	P4HA2	0.2696234	False
179	3.2115119349484837	1.1728129475015743	0.3651902814804229	PDLIM4	0.2696234	False
180	3.2115119349484837	1.1728129475015743	0.3651902814804229	SLC22A4	0.2696234	False
181	3.2115119349484837	1.1728129475015743	0.3651902814804229	MIR3936HG	0.2696234	False
182	3.2115119349484837	1.1728129475015743	0.3651902814804229	MIR3936	0.2696234	False
183	3.2115119349484837	1.1728129475015743	0.3651902814804229	SLC22A5	0.2696234	False
184	3.2115119349484837	1.1728129475015743	0.3651902814804229	C5orf56	0.2696234	False
185	3.2115119349484837	1.1728129475015743	0.3651902814804229	IRF1	0.2696234	False
186	3.2115119349484837	1.1728129475015743	0.3651902814804229	IL5	0.2696234	False
187	3.2115119349484837	1.1728129475015743	0.3651902814804229	RAD50	0.2696234	False
188	3.2115119349484837	1.1728129475015743	0.3651902814804229	TH2LCRR	0.2696234	False
189	3.2115119349484837	1.1728129475015743	0.3651902814804229	IL13	0.2696234	False
190	3.2115119349484837	1.1728129475015743	0.3651902814804229	IL4	0.2696234	False
191	3.2115119349484837	1.1728129475015743	0.3651902814804229	KIF3A	0.2696234	False
192	3.2115119349484837	1.1728129475015743	0.3651902814804229	CCNI2	0.2696234	False
193	3.2115119349484837	1.1728129475015743	0.3651902814804229	SEPT8	0.2696234	False
194	3.2115119349484837	1.1728129475015743	0.3651902814804229	SOWAHA	0.2696234	False
195	3.2115119349484837	1.1728129475015743	0.3651902814804229	SHROOM1	0.2696234	False
196	3.2115119349484837	1.1728129475015743	0.3651902814804229	GDF9	0.2696234	False
197	3.2115119349484837	1.1728129475015743	0.3651902814804229	UQCRQ	0.2696234	False
198	3.2115119349484837	1.1728129475015743	0.3651902814804229	LEAP2	0.2696234	False
199	3.128613545117506	0.9642556179459877	0.3082054092141865	PURA	0.26962218	False
200	3.128613545117506	0.9642556179459877	0.3082054092141865	IGIP	0.26962218	False
201	3.128613545117506	0.9642556179459877	0.3082054092141865	LOC101929719	0.26962218	False
202	3.128613545117506	0.9642556179459877	0.3082054092141865	CYSTM1	0.26962218	False
203	3.128613545117506	0.9642556179459877	0.3082054092141865	PFDN1	0.26962218	False
204	3.128613545117506	0.9642556179459877	0.3082054092141865	HBEGF	0.26962218	False
205	3.128613545117506	0.9642556179459877	0.3082054092141865	SLC4A9	0.26962218	False
206	3.128613545117506	0.9642556179459877	0.3082054092141865	ANKHD1	0.26962218	False
207	3.128613545117506	0.9642556179459877	0.3082054092141865	ANKHD1-EIF4EBP3	0.26962218	False
208	3.128613545117506	0.9642556179459877	0.3082054092141865	SRA1	0.26962218	False
209	3.128613545117506	0.9642556179459877	0.3082054092141865	EIF4EBP3	0.26962218	False
210	3.128613545117506	0.9642556179459877	0.3082054092141865	APBB3	0.26962218	False
211	3.128613545117506	0.9642556179459877	0.3082054092141865	MIR6831	0.26962218	False
212	3.128613545117506	0.9642556179459877	0.3082054092141865	SLC35A4	0.26962218	False
213	3.128613545117506	0.9642556179459877	0.3082054092141865	CD14	0.26962218	False
214	3.128613545117506	0.9642556179459877	0.3082054092141865	NDUFA2	0.26962218	False
215	3.128613545117506	0.9642556179459877	0.3082054092141865	TMCO6	0.26962218	False
216	3.128613545117506	0.9642556179459877	0.3082054092141865	IK	0.26962218	False
217	3.128613545117506	0.9642556179459877	0.3082054092141865	MIR3655	0.26962218	False
218	3.128613545117506	0.9642556179459877	0.3082054092141865	WDR55	0.26962218	False
219	3.128613545117506	0.9642556179459877	0.3082054092141865	DND1	0.26962218	False
220	3.128613545117506	0.9642556179459877	0.3082054092141865	HARS	0.26962218	False
221	3.128613545117506	0.9642556179459877	0.3082054092141865	HARS2	0.26962218	False
222	3.128613545117506	0.9642556179459877	0.3082054092141865	ZMAT2	0.26962218	False
223	3.128613545117506	0.9642556179459877	0.3082054092141865	VTRNA1-1	0.26962218	False
224	3.128613545117506	0.9642556179459877	0.3082054092141865	VTRNA1-2	0.26962218	False
225	3.128613545117506	0.9642556179459877	0.3082054092141865	VTRNA1-3	0.26962218	False
226	3.0529597991328505	0.828604434521734	0.2714102015876813	PCDHA1	0.2696214	False
227	3.0529597991328505	0.828604434521734	0.2714102015876813	PCDHA2	0.2696214	False
228	3.0529597991328505	0.828604434521734	0.2714102015876813	PCDHA3	0.2696214	False
229	3.0529597991328505	0.828604434521734	0.2714102015876813	PCDHA4	0.2696214	False
230	3.0529597991328505	0.828604434521734	0.2714102015876813	PCDHA5	0.2696214	False
231	3.0529597991328505	0.828604434521734	0.2714102015876813	PCDHA6	0.2696214	False
232	3.0529597991328505	0.828604434521734	0.2714102015876813	PCDHA7	0.2696214	False
233	3.0529597991328505	0.828604434521734	0.2714102015876813	PCDHA8	0.2696214	False
234	3.0529597991328505	0.828604434521734	0.2714102015876813	PCDHA9	0.2696214	False
235	3.0529597991328505	0.828604434521734	0.2714102015876813	PCDHA10	0.2696214	False
236	3.0529597991328505	0.828604434521734	0.2714102015876813	PCDHA11	0.2696214	False
237	3.0529597991328505	0.828604434521734	0.2714102015876813	PCDHA12	0.2696214	False
238	3.0529597991328505	0.828604434521734	0.2714102015876813	PCDHA13	0.2696214	False
239	3.0529597991328505	0.828604434521734	0.2714102015876813	PCDHAC1	0.2696214	False
240	3.0529597991328505	0.828604434521734	0.2714102015876813	PCDHAC2	0.2696214	False
241	3.0529597991328505	0.828604434521734	0.2714102015876813	LOC101926905	0.2696214	False
242	3.0529597991328505	0.828604434521734	0.2714102015876813	PCDHB1	0.2696214	False
243	3.0529597991328505	0.828604434521734	0.2714102015876813	PCDHB2	0.2696214	False
244	3.176552774730361	1.0571246223622284	0.3327898817774125	PDGFRB	0.2696225	False
245	3.176552774730361	1.0571246223622284	0.3327898817774125	CDX1	0.2696225	False
246	3.176552774730361	1.0571246223622284	0.3327898817774125	SLC6A7	0.2696225	False
247	3.176552774730361	1.0571246223622284	0.3327898817774125	CAMK2A	0.2696225	False
248	3.176552774730361	1.0571246223622284	0.3327898817774125	ARSI	0.2696225	False
249	3.176552774730361	1.0571246223622284	0.3327898817774125	TCOF1	0.2696225	False
250	3.176552774730361	1.0571246223622284	0.3327898817774125	CD74	0.2696225	False
251	3.176552774730361	1.0571246223622284	0.3327898817774125	RPS14	0.2696225	False
252	3.176552774730361	1.0571246223622284	0.3327898817774125	NDST1-AS1	0.2696225	False
253	3.176552774730361	1.0571246223622284	0.3327898817774125	NDST1	0.2696225	False
254	3.176552774730361	1.0571246223622284	0.3327898817774125	SYNPO	0.2696225	False
255	3.176552774730361	1.0571246223622284	0.3327898817774125	MYOZ3	0.2696225	False
256	3.176552774730361	1.0571246223622284	0.3327898817774125	RBM22	0.2696225	False
257	3.176552774730361	1.0571246223622284	0.3327898817774125	DCTN4	0.2696225	False
258	3.176552774730361	1.0571246223622284	0.3327898817774125	SMIM3	0.2696225	False
259	3.176552774730361	1.0571246223622284	0.3327898817774125	IRGM	0.2696225	False
260	3.222735050007663	1.1615194106178264	0.36041418006579984	SLC17A2	0.26962373	False
261	3.222735050007663	1.1615194106178264	0.36041418006579984	TRIM38	0.26962373	False
262	3.222735050007663	1.1615194106178264	0.36041418006579984	HIST1H1A	0.26962373	False
263	3.222735050007663	1.1615194106178264	0.36041418006579984	HIST1H3A	0.26962373	False
264	3.222735050007663	1.1615194106178264	0.36041418006579984	HIST1H4A	0.26962373	False
265	3.222735050007663	1.1615194106178264	0.36041418006579984	HIST1H4B	0.26962373	False
266	3.222735050007663	1.1615194106178264	0.36041418006579984	HIST1H3B	0.26962373	False
267	3.222735050007663	1.1615194106178264	0.36041418006579984	HIST1H2AB	0.26962373	False
268	3.222735050007663	1.1615194106178264	0.36041418006579984	HIST1H2BB	0.26962373	False
269	3.222735050007663	1.1615194106178264	0.36041418006579984	HIST1H3C	0.26962373	False
270	3.222735050007663	1.1615194106178264	0.36041418006579984	HIST1H1C	0.26962373	False
271	3.222735050007663	1.1615194106178264	0.36041418006579984	HFE	0.26962373	False
272	3.4010658677547054	1.4811464554597749	0.4354947869438321	HIST1H4C	0.26962635	False
273	3.4010658677547054	1.4811464554597749	0.4354947869438321	HIST1H1T	0.26962635	False
274	3.4010658677547054	1.4811464554597749	0.4354947869438321	HIST1H2BC	0.26962635	False
275	3.4010658677547054	1.4811464554597749	0.4354947869438321	HIST1H1E	0.26962635	False
276	3.4010658677547054	1.4811464554597749	0.4354947869438321	HIST1H2BD	0.26962635	False
277	3.4010658677547054	1.4811464554597749	0.4354947869438321	HIST1H2BE	0.26962635	False
278	3.4010658677547054	1.4811464554597749	0.4354947869438321	HIST1H4D	0.26962635	False
279	3.4010658677547054	1.4811464554597749	0.4354947869438321	HIST1H3D	0.26962635	False
280	3.4010658677547054	1.4811464554597749	0.4354947869438321	HIST1H2AD	0.26962635	False
281	3.4010658677547054	1.4811464554597749	0.4354947869438321	HIST1H2BF	0.26962635	False
282	3.4010658677547054	1.4811464554597749	0.4354947869438321	HIST1H4E	0.26962635	False
283	3.4010658677547054	1.4811464554597749	0.4354947869438321	HIST1H2BG	0.26962635	False
284	3.4010658677547054	1.4811464554597749	0.4354947869438321	HIST1H2AE	0.26962635	False
285	3.4010658677547054	1.4811464554597749	0.4354947869438321	HIST1H3E	0.26962635	False
286	3.4010658677547054	1.4811464554597749	0.4354947869438321	HIST1H1D	0.26962635	False
287	3.4010658677547054	1.4811464554597749	0.4354947869438321	HIST1H4F	0.26962635	False
288	3.4010658677547054	1.4811464554597749	0.4354947869438321	HIST1H4G	0.26962635	False
289	3.4010658677547054	1.4811464554597749	0.4354947869438321	HIST1H3F	0.26962635	False
290	3.4010658677547054	1.4811464554597749	0.4354947869438321	HIST1H2BH	0.26962635	False
291	3.4010658677547054	1.4811464554597749	0.4354947869438321	HIST1H3G	0.26962635	False
292	3.4010658677547054	1.4811464554597749	0.4354947869438321	HIST1H2BI	0.26962635	False
293	3.4010658677547054	1.4811464554597749	0.4354947869438321	HIST1H4H	0.26962635	False
294	3.4010658677547054	1.4811464554597749	0.4354947869438321	BTN3A2	0.26962635	False
295	3.4010658677547054	1.4811464554597749	0.4354947869438321	BTN2A2	0.26962635	False
296	3.4010658677547054	1.4811464554597749	0.4354947869438321	BTN3A1	0.26962635	False
297	3.4010658677547054	1.4811464554597749	0.4354947869438321	BTN3A3	0.26962635	False
298	3.4010658677547054	1.4811464554597749	0.4354947869438321	BTN2A1	0.26962635	False
299	3.4010658677547054	1.4811464554597749	0.4354947869438321	BTN1A1	0.26962635	False
300	3.4010658677547054	1.4811464554597749	0.4354947869438321	HCG11	0.26962635	False
301	3.4010658677547054	1.4811464554597749	0.4354947869438321	HMGN4	0.26962635	False
302	3.4010658677547054	1.4811464554597749	0.4354947869438321	ABT1	0.26962635	False
303	3.4010658677547054	1.4811464554597749	0.4354947869438321	ZNF322	0.26962635	False
304	3.243748853104299	1.1468644408461985	0.35356141698474536	LINC00240	0.26962388	False
305	3.29085774733475	1.2776043862827549	0.3882283843224401	HIST1H2BJ	0.26962432	False
306	3.29085774733475	1.2776043862827549	0.3882283843224401	HIST1H2AG	0.26962432	False
307	3.29085774733475	1.2776043862827549	0.3882283843224401	HIST1H4I	0.26962432	False
308	3.29085774733475	1.2776043862827549	0.3882283843224401	HIST1H2BK	0.26962432	False
309	3.29085774733475	1.2776043862827549	0.3882283843224401	HIST1H2AH	0.26962432	False
310	3.29085774733475	1.2776043862827549	0.3882283843224401	MIR3143	0.26962432	False
311	3.29085774733475	1.2776043862827549	0.3882283843224401	PRSS16	0.26962432	False
312	3.29085774733475	1.2776043862827549	0.3882283843224401	POM121L2	0.26962432	False
313	3.29085774733475	1.2776043862827549	0.3882283843224401	ZNF391	0.26962432	False
314	3.29085774733475	1.2776043862827549	0.3882283843224401	ZNF184	0.26962432	False
315	3.29085774733475	1.2776043862827549	0.3882283843224401	LINC01012	0.26962432	False
316	3.29085774733475	1.2776043862827549	0.3882283843224401	HIST1H2BL	0.26962432	False
317	3.29085774733475	1.2776043862827549	0.3882283843224401	HIST1H2AI	0.26962432	False
318	3.29085774733475	1.2776043862827549	0.3882283843224401	HIST1H3H	0.26962432	False
319	3.29085774733475	1.2776043862827549	0.3882283843224401	HIST1H2AJ	0.26962432	False
320	3.29085774733475	1.2776043862827549	0.3882283843224401	HIST1H2BM	0.26962432	False
321	3.29085774733475	1.2776043862827549	0.3882283843224401	HIST1H4J	0.26962432	False
322	3.29085774733475	1.2776043862827549	0.3882283843224401	HIST1H4K	0.26962432	False
323	3.29085774733475	1.2776043862827549	0.3882283843224401	HIST1H2BN	0.26962432	False
324	3.29085774733475	1.2776043862827549	0.3882283843224401	HIST1H2AK	0.26962432	False
325	3.29085774733475	1.2776043862827549	0.3882283843224401	HIST1H2AL	0.26962432	False
326	3.29085774733475	1.2776043862827549	0.3882283843224401	HIST1H1B	0.26962432	False
327	3.29085774733475	1.2776043862827549	0.3882283843224401	HIST1H3I	0.26962432	False
328	3.29085774733475	1.2776043862827549	0.3882283843224401	HIST1H4L	0.26962432	False
329	3.29085774733475	1.2776043862827549	0.3882283843224401	HIST1H3J	0.26962432	False
330	3.29085774733475	1.2776043862827549	0.3882283843224401	HIST1H2AM	0.26962432	False
331	3.29085774733475	1.2776043862827549	0.3882283843224401	HIST1H2BO	0.26962432	False
332	3.197513817028398	1.0479526735170508	0.32773984210362633	OR2B2	0.26962298	False
333	3.197513817028398	1.0479526735170508	0.32773984210362633	OR2B6	0.26962298	False
334	3.197513817028398	1.0479526735170508	0.32773984210362633	ZNF165	0.26962298	False
335	3.2205440345537806	1.1445111484588297	0.3553782019991558	ZSCAN16-AS1	0.2696236	False
336	3.2205440345537806	1.1445111484588297	0.3553782019991558	ZSCAN16	0.2696236	False
337	3.2205440345537806	1.1445111484588297	0.3553782019991558	ZKSCAN8	0.2696236	False
338	3.2205440345537806	1.1445111484588297	0.3553782019991558	ZSCAN9	0.2696236	False
339	3.2205440345537806	1.1445111484588297	0.3553782019991558	ZKSCAN4	0.2696236	False
340	3.2205440345537806	1.1445111484588297	0.3553782019991558	NKAPL	0.2696236	False
341	3.2205440345537806	1.1445111484588297	0.3553782019991558	ZSCAN26	0.2696236	False
342	3.2205440345537806	1.1445111484588297	0.3553782019991558	PGBD1	0.2696236	False
343	3.2205440345537806	1.1445111484588297	0.3553782019991558	ZSCAN31	0.2696236	False
344	3.2205440345537806	1.1445111484588297	0.3553782019991558	ZKSCAN3	0.2696236	False
345	3.2205440345537806	1.1445111484588297	0.3553782019991558	ZSCAN12	0.2696236	False
346	3.2205440345537806	1.1445111484588297	0.3553782019991558	ZSCAN23	0.2696236	False
347	3.2205440345537806	1.1445111484588297	0.3553782019991558	GPX6	0.2696236	False
348	3.2205440345537806	1.1445111484588297	0.3553782019991558	GPX5	0.2696236	False
349	3.2205440345537806	1.1445111484588297	0.3553782019991558	ZBED9	0.2696236	False
350	3.2205440345537806	1.1445111484588297	0.3553782019991558	LINC00533	0.2696236	False
351	3.2205440345537806	1.1445111484588297	0.3553782019991558	LINC01623	0.2696236	False
352	3.2205440345537806	1.1445111484588297	0.3553782019991558	HCG14	0.2696236	False
353	3.171582757454976	0.9422154053375128	0.2970805044020323	TRIM27	0.26962256	False
354	3.171582757454976	0.9422154053375128	0.2970805044020323	ZNF311	0.26962256	False
355	3.171582757454976	0.9422154053375128	0.2970805044020323	LOC100129636	0.26962256	False
356	3.171582757454976	0.9422154053375128	0.2970805044020323	OR2W1	0.26962256	False
357	3.171582757454976	0.9422154053375128	0.2970805044020323	OR2B3	0.26962256	False
358	3.2073192179978016	1.0469590108325377	0.32642806645423694	OR2J3	0.26962307	False
359	3.2073192179978016	1.0469590108325377	0.32642806645423694	OR2J2	0.26962307	False
360	3.2073192179978016	1.0469590108325377	0.32642806645423694	LOC101929006	0.26962307	False
361	3.2073192179978016	1.0469590108325377	0.32642806645423694	OR14J1	0.26962307	False
362	3.2073192179978016	1.0469590108325377	0.32642806645423694	OR5V1	0.26962307	False
363	3.2073192179978016	1.0469590108325377	0.32642806645423694	OR12D3	0.26962307	False
364	3.2073192179978016	1.0469590108325377	0.32642806645423694	OR12D2	0.26962307	False
365	3.2073192179978016	1.0469590108325377	0.32642806645423694	OR11A1	0.26962307	False
366	3.2073192179978016	1.0469590108325377	0.32642806645423694	OR10C1	0.26962307	False
367	3.2073192179978016	1.0469590108325377	0.32642806645423694	OR2H1	0.26962307	False
368	3.2073192179978016	1.0469590108325377	0.32642806645423694	MAS1L	0.26962307	False
369	3.2073192179978016	1.0469590108325377	0.32642806645423694	LINC01015	0.26962307	False
370	3.2073192179978016	1.0469590108325377	0.32642806645423694	UBD	0.26962307	False
371	3.2073192179978016	1.0469590108325377	0.32642806645423694	GABBR1	0.26962307	False
372	3.2073192179978016	1.0469590108325377	0.32642806645423694	SNORD32B	0.26962307	False
373	3.2073192179978016	1.0469590108325377	0.32642806645423694	OR2H2	0.26962307	False
374	3.2073192179978016	1.0469590108325377	0.32642806645423694	MOG	0.26962307	False
375	3.2073192179978016	1.0469590108325377	0.32642806645423694	ZFP57	0.26962307	False
376	3.2073192179978016	1.0469590108325377	0.32642806645423694	HLA-F	0.26962307	False
377	3.2073192179978016	1.0469590108325377	0.32642806645423694	HLA-F-AS1	0.26962307	False
378	3.2073192179978016	1.0469590108325377	0.32642806645423694	HLA-G	0.26962307	False
379	3.2001549735109855	0.9486422432884867	0.2964363448460444	HLA-A	0.26962245	False
380	3.2001549735109855	0.9486422432884867	0.2964363448460444	HCG9	0.26962245	False
381	3.2001549735109855	0.9486422432884867	0.2964363448460444	ZNRD1ASP	0.26962245	False
382	3.2001549735109855	0.9486422432884867	0.2964363448460444	ZNRD1	0.26962245	False
383	3.2001549735109855	0.9486422432884867	0.2964363448460444	PPP1R11	0.26962245	False
384	3.2001549735109855	0.9486422432884867	0.2964363448460444	RNF39	0.26962245	False
385	3.3605916280014685	1.1818981374755115	0.35169347195522893	TRIM31	0.26962405	False
386	3.3605916280014685	1.1818981374755115	0.35169347195522893	TRIM31-AS1	0.26962405	False
387	3.3605916280014685	1.1818981374755115	0.35169347195522893	TRIM40	0.26962405	False
388	3.3605916280014685	1.1818981374755115	0.35169347195522893	TRIM10	0.26962405	False
389	3.3605916280014685	1.1818981374755115	0.35169347195522893	TRIM15	0.26962405	False
390	3.3605916280014685	1.1818981374755115	0.35169347195522893	TRIM26	0.26962405	False
391	3.3605916280014685	1.1818981374755115	0.35169347195522893	HCG17	0.26962405	False
392	3.3605916280014685	1.1818981374755115	0.35169347195522893	HCG18	0.26962405	False
393	3.3605916280014685	1.1818981374755115	0.35169347195522893	TRIM39	0.26962405	False
394	3.3605916280014685	1.1818981374755115	0.35169347195522893	TRIM39-RPP21	0.26962405	False
395	3.3605916280014685	1.1818981374755115	0.35169347195522893	RPP21	0.26962405	False
396	3.3605916280014685	1.1818981374755115	0.35169347195522893	HLA-E	0.26962405	False
397	3.3605916280014685	1.1818981374755115	0.35169347195522893	GNL1	0.26962405	False
398	3.3605916280014685	1.1818981374755115	0.35169347195522893	PRR3	0.26962405	False
399	3.3605916280014685	1.1818981374755115	0.35169347195522893	ABCF1	0.26962405	False
400	3.3605916280014685	1.1818981374755115	0.35169347195522893	MIR877	0.26962405	False
401	3.3605916280014685	1.1818981374755115	0.35169347195522893	PPP1R10	0.26962405	False
402	3.3605916280014685	1.1818981374755115	0.35169347195522893	MRPS18B	0.26962405	False
403	3.3605916280014685	1.1818981374755115	0.35169347195522893	ATAT1	0.26962405	False
404	3.3605916280014685	1.1818981374755115	0.35169347195522893	C6orf136	0.26962405	False
405	3.3605916280014685	1.1818981374755115	0.35169347195522893	DHX16	0.26962405	False
406	3.3605916280014685	1.1818981374755115	0.35169347195522893	PPP1R18	0.26962405	False
407	3.3605916280014685	1.1818981374755115	0.35169347195522893	NRM	0.26962405	False
408	3.3605916280014685	1.1818981374755115	0.35169347195522893	MDC1	0.26962405	False
409	3.3605916280014685	1.1818981374755115	0.35169347195522893	MDC1-AS1	0.26962405	False
410	3.3605916280014685	1.1818981374755115	0.35169347195522893	TUBB	0.26962405	False
411	3.3605916280014685	1.1818981374755115	0.35169347195522893	FLOT1	0.26962405	False
412	3.3605916280014685	1.1818981374755115	0.35169347195522893	IER3	0.26962405	False
413	3.3605916280014685	1.1818981374755115	0.35169347195522893	LINC00243	0.26962405	False
414	3.3605916280014685	1.1818981374755115	0.35169347195522893	LINC02570	0.26962405	False
415	3.2688207807202385	0.9873357474606709	0.30204646069434415	DDR1	0.26962274	False
416	3.3605916280014685	1.1818981374755115	0.35169347195522893	MIR4640	0.26962405	False
417	3.2688207807202385	0.9873357474606709	0.30204646069434415	GTF2H4	0.26962274	False
418	3.2688207807202385	0.9873357474606709	0.30204646069434415	VARS2	0.26962274	False
419	3.2688207807202385	0.9873357474606709	0.30204646069434415	SFTA2	0.26962274	False
420	3.2688207807202385	0.9873357474606709	0.30204646069434415	MUCL3	0.26962274	False
421	3.2688207807202385	0.9873357474606709	0.30204646069434415	MUC21	0.26962274	False
422	3.2688207807202385	0.9873357474606709	0.30204646069434415	MUC22	0.26962274	False
423	3.2688207807202385	0.9873357474606709	0.30204646069434415	HCG22	0.26962274	False
424	3.3458933141714584	1.1227145525914466	0.3355500152489063	C6orf15	0.26962388	False
425	3.3458933141714584	1.1227145525914466	0.3355500152489063	PSORS1C1	0.26962388	False
426	3.3458933141714584	1.1227145525914466	0.3355500152489063	CDSN	0.26962388	False
427	3.3458933141714584	1.1227145525914466	0.3355500152489063	PSORS1C2	0.26962388	False
428	3.3458933141714584	1.1227145525914466	0.3355500152489063	CCHCR1	0.26962388	False
429	3.3458933141714584	1.1227145525914466	0.3355500152489063	TCF19	0.26962388	False
430	3.3458933141714584	1.1227145525914466	0.3355500152489063	POU5F1	0.26962388	False
431	3.3458933141714584	1.1227145525914466	0.3355500152489063	PSORS1C3	0.26962388	False
432	3.3458933141714584	1.1227145525914466	0.3355500152489063	HCG27	0.26962388	False
433	3.3458933141714584	1.1227145525914466	0.3355500152489063	HLA-C	0.26962388	False
434	3.3458933141714584	1.1227145525914466	0.3355500152489063	HLA-B	0.26962388	False
435	3.3458933141714584	1.1227145525914466	0.3355500152489063	MIR6891	0.26962388	False
436	3.3458933141714584	1.1227145525914466	0.3355500152489063	MICA	0.26962388	False
437	3.3458933141714584	1.1227145525914466	0.3355500152489063	HCP5	0.26962388	False
438	3.3458933141714584	1.1227145525914466	0.3355500152489063	MICB	0.26962388	False
439	3.3458933141714584	1.1227145525914466	0.3355500152489063	MCCD1	0.26962388	False
440	3.3458933141714584	1.1227145525914466	0.3355500152489063	DDX39B	0.26962388	False
441	3.3458933141714584	1.1227145525914466	0.3355500152489063	ATP6V1G2-DDX39B	0.26962388	False
442	3.3458933141714584	1.1227145525914466	0.3355500152489063	SNORD117	0.26962388	False
443	3.3458933141714584	1.1227145525914466	0.3355500152489063	SNORD84	0.26962388	False
444	3.3458933141714584	1.1227145525914466	0.3355500152489063	ATP6V1G2	0.26962388	False
445	3.3458933141714584	1.1227145525914466	0.3355500152489063	DDX39B-AS1	0.26962388	False
446	3.3458933141714584	1.1227145525914466	0.3355500152489063	NFKBIL1	0.26962388	False
447	3.3458933141714584	1.1227145525914466	0.3355500152489063	LTA	0.26962388	False
448	3.3458933141714584	1.1227145525914466	0.3355500152489063	TNF	0.26962388	False
449	3.3458933141714584	1.1227145525914466	0.3355500152489063	LTB	0.26962388	False
450	3.3458933141714584	1.1227145525914466	0.3355500152489063	LST1	0.26962388	False
451	3.3458933141714584	1.1227145525914466	0.3355500152489063	NCR3	0.26962388	False
452	3.3458933141714584	1.1227145525914466	0.3355500152489063	AIF1	0.26962388	False
453	3.3458933141714584	1.1227145525914466	0.3355500152489063	PRRC2A	0.26962388	False
454	3.3458933141714584	1.1227145525914466	0.3355500152489063	SNORA38	0.26962388	False
455	3.3458933141714584	1.1227145525914466	0.3355500152489063	MIR6832	0.26962388	False
456	3.3458933141714584	1.1227145525914466	0.3355500152489063	BAG6	0.26962388	False
457	3.3458933141714584	1.1227145525914466	0.3355500152489063	APOM	0.26962388	False
458	3.3458933141714584	1.1227145525914466	0.3355500152489063	C6orf47	0.26962388	False
459	3.3458933141714584	1.1227145525914466	0.3355500152489063	GPANK1	0.26962388	False
460	3.3458933141714584	1.1227145525914466	0.3355500152489063	CSNK2B	0.26962388	False
461	3.3458933141714584	1.1227145525914466	0.3355500152489063	LY6G5B	0.26962388	False
462	3.3458933141714584	1.1227145525914466	0.3355500152489063	LY6G5C	0.26962388	False
463	3.3458933141714584	1.1227145525914466	0.3355500152489063	ABHD16A	0.26962388	False
464	3.3458933141714584	1.1227145525914466	0.3355500152489063	MIR4646	0.26962388	False
465	3.3458933141714584	1.1227145525914466	0.3355500152489063	LY6G6F	0.26962388	False
466	3.3458933141714584	1.1227145525914466	0.3355500152489063	LY6G6E	0.26962388	False
467	3.3458933141714584	1.1227145525914466	0.3355500152489063	LY6G6D	0.26962388	False
468	3.3458933141714584	1.1227145525914466	0.3355500152489063	MPIG6B	0.26962388	False
469	3.3458933141714584	1.1227145525914466	0.3355500152489063	LY6G6C	0.26962388	False
470	3.3458933141714584	1.1227145525914466	0.3355500152489063	DDAH2	0.26962388	False
471	3.3458933141714584	1.1227145525914466	0.3355500152489063	CLIC1	0.26962388	False
472	3.3458933141714584	1.1227145525914466	0.3355500152489063	MSH5	0.26962388	False
473	3.3458933141714584	1.1227145525914466	0.3355500152489063	MSH5-SAPCD1	0.26962388	False
474	3.3458933141714584	1.1227145525914466	0.3355500152489063	SAPCD1	0.26962388	False
475	3.3458933141714584	1.1227145525914466	0.3355500152489063	SAPCD1-AS1	0.26962388	False
476	3.3458933141714584	1.1227145525914466	0.3355500152489063	VWA7	0.26962388	False
477	3.3458933141714584	1.1227145525914466	0.3355500152489063	VARS	0.26962388	False
478	3.3458933141714584	1.1227145525914466	0.3355500152489063	LSM2	0.26962388	False
479	3.3458933141714584	1.1227145525914466	0.3355500152489063	HSPA1L	0.26962388	False
480	3.3458933141714584	1.1227145525914466	0.3355500152489063	HSPA1A	0.26962388	False
481	3.3458933141714584	1.1227145525914466	0.3355500152489063	HSPA1B	0.26962388	False
482	3.3458933141714584	1.1227145525914466	0.3355500152489063	C6orf48	0.26962388	False
483	3.3458933141714584	1.1227145525914466	0.3355500152489063	SNORD48	0.26962388	False
484	3.3458933141714584	1.1227145525914466	0.3355500152489063	SNORD52	0.26962388	False
485	3.3458933141714584	1.1227145525914466	0.3355500152489063	NEU1	0.26962388	False
486	3.3458933141714584	1.1227145525914466	0.3355500152489063	SLC44A4	0.26962388	False
487	3.3458933141714584	1.1227145525914466	0.3355500152489063	EHMT2	0.26962388	False
488	3.2034769769984446	0.889700463045242	0.2777296261010943	C2	0.2696222	False
489	3.2034769769984446	0.889700463045242	0.2777296261010943	ZBTB12	0.2696222	False
490	3.2034769769984446	0.889700463045242	0.2777296261010943	CFB	0.2696222	False
491	3.2034769769984446	0.889700463045242	0.2777296261010943	C2-AS1	0.2696222	False
492	3.2034769769984446	0.889700463045242	0.2777296261010943	NELFE	0.2696222	False
493	3.2034769769984446	0.889700463045242	0.2777296261010943	MIR1236	0.2696222	False
494	3.2034769769984446	0.889700463045242	0.2777296261010943	SKIV2L	0.2696222	False
495	3.2034769769984446	0.889700463045242	0.2777296261010943	DXO	0.2696222	False
496	3.2034769769984446	0.889700463045242	0.2777296261010943	STK19	0.2696222	False
497	3.2034769769984446	0.889700463045242	0.2777296261010943	C4B	0.2696222	False
498	3.2034769769984446	0.889700463045242	0.2777296261010943	C4A	0.2696222	False
499	3.2034769769984446	0.889700463045242	0.2777296261010943	CYP21A2	0.2696222	False
500	3.2034769769984446	0.889700463045242	0.2777296261010943	TNXB	0.2696222	False
501	3.2034769769984446	0.889700463045242	0.2777296261010943	ATF6B	0.2696222	False
502	3.227231177602595	0.9879310243825665	0.30612341354376366	FKBPL	0.26962265	False
503	3.227231177602595	0.9879310243825665	0.30612341354376366	PRRT1	0.26962265	False
504	3.227231177602595	0.9879310243825665	0.30612341354376366	LOC100507547	0.26962265	False
505	3.227231177602595	0.9879310243825665	0.30612341354376366	PPT2	0.26962265	False
506	3.227231177602595	0.9879310243825665	0.30612341354376366	PPT2-EGFL8	0.26962265	False
507	3.227231177602595	0.9879310243825665	0.30612341354376366	EGFL8	0.26962265	False
508	3.227231177602595	0.9879310243825665	0.30612341354376366	AGPAT1	0.26962265	False
509	3.227231177602595	0.9879310243825665	0.30612341354376366	MIR6721	0.26962265	False
510	3.227231177602595	0.9879310243825665	0.30612341354376366	RNF5	0.26962265	False
511	3.227231177602595	0.9879310243825665	0.30612341354376366	MIR6833	0.26962265	False
512	3.227231177602595	0.9879310243825665	0.30612341354376366	AGER	0.26962265	False
513	3.227231177602595	0.9879310243825665	0.30612341354376366	PBX2	0.26962265	False
514	3.227231177602595	0.9879310243825665	0.30612341354376366	GPSM3	0.26962265	False
515	3.227231177602595	0.9879310243825665	0.30612341354376366	NOTCH4	0.26962265	False
516	3.227231177602595	0.9879310243825665	0.30612341354376366	TSBP1	0.26962265	False
517	3.227231177602595	0.9879310243825665	0.30612341354376366	HCG23	0.26962265	False
518	3.227231177602595	0.9879310243825665	0.30612341354376366	BTNL2	0.26962265	False
519	3.227231177602595	0.9879310243825665	0.30612341354376366	HLA-DRA	0.26962265	False
520	3.227231177602595	0.9879310243825665	0.30612341354376366	HLA-DRB5	0.26962265	False
521	3.227231177602595	0.9879310243825665	0.30612341354376366	HLA-DRB1	0.26962265	False
522	3.227231177602595	0.9879310243825665	0.30612341354376366	HLA-DQA1	0.26962265	False
523	3.227231177602595	0.9879310243825665	0.30612341354376366	HLA-DQB1	0.26962265	False
524	3.227231177602595	0.9879310243825665	0.30612341354376366	HLA-DQB1-AS1	0.26962265	False
525	3.227231177602595	0.9879310243825665	0.30612341354376366	HLA-DQA2	0.26962265	False
526	3.227231177602595	0.9879310243825665	0.30612341354376366	MIR3135B	0.26962265	False
527	3.227231177602595	0.9879310243825665	0.30612341354376366	HLA-DQB2	0.26962265	False
528	3.227231177602595	0.9879310243825665	0.30612341354376366	HLA-DOB	0.26962265	False
529	3.227231177602595	0.9879310243825665	0.30612341354376366	TAP2	0.26962265	False
530	3.227231177602595	0.9879310243825665	0.30612341354376366	PSMB8	0.26962265	False
531	3.227231177602595	0.9879310243825665	0.30612341354376366	PSMB8-AS1	0.26962265	False
532	3.227231177602595	0.9879310243825665	0.30612341354376366	PSMB9	0.26962265	False
533	3.227231177602595	0.9879310243825665	0.30612341354376366	TAP1	0.26962265	False
534	3.070724829882364	0.7730183124632894	0.25173806032398643	HLA-DMB	0.26962125	False
535	3.070724829882364	0.7730183124632894	0.25173806032398643	HLA-DMA	0.26962125	False
536	3.070724829882364	0.7730183124632894	0.25173806032398643	BRD2	0.26962125	False
537	3.070724829882364	0.7730183124632894	0.25173806032398643	HLA-DOA	0.26962125	False
538	3.070724829882364	0.7730183124632894	0.25173806032398643	HLA-DPA1	0.26962125	False
539	3.070724829882364	0.7730183124632894	0.25173806032398643	HLA-DPB1	0.26962125	False
540	3.054249470335471	0.8321787150743706	0.2724658621232293	COL11A2	0.2696214	False
541	3.054249470335471	0.8321787150743706	0.2724658621232293	RXRB	0.2696214	False
542	3.054249470335471	0.8321787150743706	0.2724658621232293	SLC39A7	0.2696214	False
543	3.054249470335471	0.8321787150743706	0.2724658621232293	HSD17B8	0.2696214	False
544	3.054249470335471	0.8321787150743706	0.2724658621232293	MIR219A1	0.2696214	False
545	3.054249470335471	0.8321787150743706	0.2724658621232293	RING1	0.2696214	False
546	3.054249470335471	0.8321787150743706	0.2724658621232293	HCG25	0.2696214	False
547	3.054249470335471	0.8321787150743706	0.2724658621232293	VPS52	0.2696214	False
548	3.054249470335471	0.8321787150743706	0.2724658621232293	RPS18	0.2696214	False
549	3.054249470335471	0.8321787150743706	0.2724658621232293	B3GALT4	0.2696214	False
550	3.054249470335471	0.8321787150743706	0.2724658621232293	WDR46	0.2696214	False
551	3.054249470335471	0.8321787150743706	0.2724658621232293	MIR6873	0.2696214	False
552	3.054249470335471	0.8321787150743706	0.2724658621232293	PFDN6	0.2696214	False
553	3.054249470335471	0.8321787150743706	0.2724658621232293	MIR6834	0.2696214	False
554	3.054249470335471	0.8321787150743706	0.2724658621232293	RGL2	0.2696214	False
555	3.054249470335471	0.8321787150743706	0.2724658621232293	TAPBP	0.2696214	False
556	3.054249470335471	0.8321787150743706	0.2724658621232293	ZBTB22	0.2696214	False
557	3.054249470335471	0.8321787150743706	0.2724658621232293	DAXX	0.2696214	False
558	3.054249470335471	0.8321787150743706	0.2724658621232293	KIFC1	0.2696214	False
559	3.054249470335471	0.8321787150743706	0.2724658621232293	PHF1	0.2696214	False
560	3.054249470335471	0.8321787150743706	0.2724658621232293	CUTA	0.2696214	False
561	3.054249470335471	0.8321787150743706	0.2724658621232293	SYNGAP1	0.2696214	False
562	3.054249470335471	0.8321787150743706	0.2724658621232293	MIR5004	0.2696214	False
563	3.054249470335471	0.8321787150743706	0.2724658621232293	ZBTB9	0.2696214	False
564	3.054249470335471	0.8321787150743706	0.2724658621232293	BAK1	0.2696214	False
565	3.054249470335471	0.8321787150743706	0.2724658621232293	LINC00336	0.2696214	False
566	3.054249470335471	0.8321787150743706	0.2724658621232293	ITPR3	0.2696214	False
567	3.054249470335471	0.8321787150743706	0.2724658621232293	UQCC2	0.2696214	False
568	3.054249470335471	0.8321787150743706	0.2724658621232293	MIR3934	0.2696214	False
569	3.054249470335471	0.8321787150743706	0.2724658621232293	IP6K3	0.2696214	False
570	3.054249470335471	0.8321787150743706	0.2724658621232293	LEMD2	0.2696214	False
571	3.054249470335471	0.8321787150743706	0.2724658621232293	MLN	0.2696214	False
572	3.054249470335471	0.8321787150743706	0.2724658621232293	LINC01016	0.2696214	False
573	3.054249470335471	0.8321787150743706	0.2724658621232293	MIR7159	0.2696214	False
574	3.2873291600682735	1.318192435022899	0.4009919210510462	LOC102724623	0.26962453	False
575	3.37106768050668	1.586168354388483	0.47052403117284136	MIR124-2HG	0.26962593	False
576	3.37106768050668	1.586168354388483	0.47052403117284136	MIR124-2	0.26962593	False
577	3.37106768050668	1.586168354388483	0.47052403117284136	LOC401463	0.26962593	False
578	3.37106768050668	1.586168354388483	0.47052403117284136	BHLHE22	0.26962593	False
579	3.37106768050668	1.586168354388483	0.47052403117284136	CYP7B1	0.26962593	False
580	3.3803021167372904	1.5395048305979129	0.45543409359038656	LINC00251	0.26962602	False
581	3.3803021167372904	1.5395048305979129	0.45543409359038656	LINC01299	0.26962602	False
582	3.3803021167372904	1.5395048305979129	0.45543409359038656	ARMC1	0.26962602	False
583	3.3803021167372904	1.5395048305979129	0.45543409359038656	MTFR1	0.26962602	False
584	3.3803021167372904	1.5395048305979129	0.45543409359038656	PDE7A	0.26962602	False
585	3.272928744982159	1.309732330236794	0.40017135485909683	DNAJC5B	0.26962417	False
586	3.3706655177648157	1.5840136476669238	0.4699409179933488	TRIM55	0.26962584	False
587	3.3706655177648157	1.5840136476669238	0.4699409179933488	CRH	0.26962584	False
588	3.3706655177648157	1.5840136476669238	0.4699409179933488	LINC00967	0.26962584	False
589	3.3706655177648157	1.5840136476669238	0.4699409179933488	RRS1-AS1	0.26962584	False
590	3.3706655177648157	1.5840136476669238	0.4699409179933488	RRS1	0.26962584	False
591	3.3706655177648157	1.5840136476669238	0.4699409179933488	ADHFE1	0.26962584	False
592	3.3706655177648157	1.5840136476669238	0.4699409179933488	VXN	0.26962584	False
593	3.3706655177648157	1.5840136476669238	0.4699409179933488	MYBL1	0.26962584	False
594	3.3706655177648157	1.5840136476669238	0.4699409179933488	VCPIP1	0.26962584	False
595	3.3706655177648157	1.5840136476669238	0.4699409179933488	C8orf44-SGK3	0.26962584	False
596	3.3706655177648157	1.5840136476669238	0.4699409179933488	C8orf44	0.26962584	False
597	3.3706655177648157	1.5840136476669238	0.4699409179933488	SGK3	0.26962584	False
598	3.3485213141078134	1.4589830576347034	0.4357096523434965	MRPS28	0.26962528	False
599	3.3485213141078134	1.4589830576347034	0.4357096523434965	TPD52	0.26962528	False
600	3.436924659697559	1.711269510871201	0.4979071932934918	MIR5708	0.26962736	False
601	3.436924659697559	1.711269510871201	0.4979071932934918	ZBTB10	0.26962736	False
602	3.436924659697559	1.711269510871201	0.4979071932934918	ZNF704	0.26962736	False
603	3.3443029096415193	1.4098293585560402	0.4215615022465659	PAG1	0.26962546	False
604	3.4522233802565774	1.661314477068801	0.48123029540033074	FABP5	0.26962736	False
605	3.4522233802565774	1.661314477068801	0.48123029540033074	PMP2	0.26962736	False
606	3.4522233802565774	1.661314477068801	0.48123029540033074	FABP9	0.26962736	False
607	3.4522233802565774	1.661314477068801	0.48123029540033074	FABP4	0.26962736	False
608	3.4522233802565774	1.661314477068801	0.48123029540033074	FABP12	0.26962736	False
609	3.4522233802565774	1.661314477068801	0.48123029540033074	IMPA1	0.26962736	False
610	3.4522233802565774	1.661314477068801	0.48123029540033074	SLC10A5	0.26962736	False
611	3.4522233802565774	1.661314477068801	0.48123029540033074	ZFAND1	0.26962736	False
612	3.4522233802565774	1.661314477068801	0.48123029540033074	CHMP4C	0.26962736	False
613	3.4522233802565774	1.661314477068801	0.48123029540033074	SNX16	0.26962736	False
614	3.3186875347618505	1.3400474855095803	0.40378838666585776	PLEKHF2	0.26962453	False
615	3.3186875347618505	1.3400474855095803	0.40378838666585776	C8orf37-AS1	0.26962453	False
616	3.3186875347618505	1.3400474855095803	0.40378838666585776	LINC01298	0.26962453	False
617	3.3186875347618505	1.3400474855095803	0.40378838666585776	C8orf37	0.26962453	False
618	3.3321852444847235	1.3556474026772494	0.4068343453957289	GDF6	0.26962483	False
619	3.3321852444847235	1.3556474026772494	0.4068343453957289	UQCRB	0.26962483	False
620	3.3321852444847235	1.3556474026772494	0.4068343453957289	MTERF3	0.26962483	False
621	3.3321852444847235	1.3556474026772494	0.4068343453957289	PTDSS1	0.26962483	False
622	3.3321852444847235	1.3556474026772494	0.4068343453957289	LOC102724804	0.26962483	False
623	3.3321852444847235	1.3556474026772494	0.4068343453957289	SDC2	0.26962483	False
624	3.2550349384468844	1.1917873053286228	0.3661365631599872	MATN2	0.269624	False
625	3.2550349384468844	1.1917873053286228	0.3661365631599872	RPL30	0.269624	False
626	3.2550349384468844	1.1917873053286228	0.3661365631599872	SNORA72	0.269624	False
627	3.2550349384468844	1.1917873053286228	0.3661365631599872	ERICH5	0.269624	False
628	3.243661156572115	1.1577398742719618	0.3569238025760544	STK3	0.26962367	False
629	3.243661156572115	1.1577398742719618	0.3569238025760544	OSR2	0.26962367	False
630	3.243661156572115	1.1577398742719618	0.3569238025760544	VPS13B	0.26962367	False
631	3.324998734337797	1.328754614842056	0.399625600190398	MIR599	0.26962483	False
632	3.324998734337797	1.328754614842056	0.399625600190398	MIR875	0.26962483	False
633	3.324998734337797	1.328754614842056	0.399625600190398	COX6C	0.26962483	False
634	3.3313367139983123	1.2691034002871262	0.38095920924304655	RGS22	0.26962474	False
635	3.4978055828080206	1.6399024943771845	0.46883751985457095	FBXO43	0.26962736	False
636	3.4978055828080206	1.6399024943771845	0.46883751985457095	POLR2K	0.26962736	False
637	3.4978055828080206	1.6399024943771845	0.46883751985457095	SPAG1	0.26962736	False
638	3.4978055828080206	1.6399024943771845	0.46883751985457095	RNF19A	0.26962736	False
639	3.4978055828080206	1.6399024943771845	0.46883751985457095	MIR4471	0.26962736	False
640	3.4978055828080206	1.6399024943771845	0.46883751985457095	ANKRD46	0.26962736	False
641	3.4978055828080206	1.6399024943771845	0.46883751985457095	SNX31	0.26962736	False
642	3.4978055828080206	1.6399024943771845	0.46883751985457095	PABPC1	0.26962736	False
643	3.4978055828080206	1.6399024943771845	0.46883751985457095	MIR7705	0.26962736	False
644	3.405631553431545	1.4690229747765866	0.43135111703331086	YWHAZ	0.26962635	False
645	3.405631553431545	1.4690229747765866	0.43135111703331086	FLJ42969	0.26962635	False
646	3.5092061287563867	1.7426956695290636	0.4966068123637555	ZNF706	0.26962808	False
647	3.5092061287563867	1.7426956695290636	0.4966068123637555	GRHL2	0.26962808	False
648	3.420085822820646	1.5196257194090468	0.44432385563815074	NCALD	0.2696266	False
649	3.541709697989879	1.7936765311560159	0.5064436907897982	MIR5680	0.26962873	False
650	3.541709697989879	1.7936765311560159	0.5064436907897982	RRM2B	0.26962873	False
651	3.541709697989879	1.7936765311560159	0.5064436907897982	UBR5-AS1	0.26962873	False
652	3.541709697989879	1.7936765311560159	0.5064436907897982	UBR5	0.26962873	False
653	3.541709697989879	1.7936765311560159	0.5064436907897982	ODF1	0.26962873	False
654	3.541709697989879	1.7936765311560159	0.5064436907897982	KLF10	0.26962873	False
655	3.541709697989879	1.7936765311560159	0.5064436907897982	AZIN1	0.26962873	False
656	3.3702337102655497	1.4098331432872684	0.41831910321025895	AZIN1-AS1	0.2696256	False
657	3.3702337102655497	1.4098331432872684	0.41831910321025895	ATP6V1C1	0.2696256	False
658	3.3920219031684926	1.5523638236696973	0.4576514739541133	BAALC-AS2	0.26962608	False
659	3.3920219031684926	1.5523638236696973	0.4576514739541133	BAALC	0.26962608	False
660	3.3920219031684926	1.5523638236696973	0.4576514739541133	MIR3151	0.26962608	False
661	3.3920219031684926	1.5523638236696973	0.4576514739541133	BAALC-AS1	0.26962608	False
662	3.3920219031684926	1.5523638236696973	0.4576514739541133	FZD6	0.26962608	False
663	3.3920219031684926	1.5523638236696973	0.4576514739541133	CTHRC1	0.26962608	False
664	3.3920219031684926	1.5523638236696973	0.4576514739541133	SLC25A32	0.26962608	False
665	3.3920219031684926	1.5523638236696973	0.4576514739541133	DCAF13	0.26962608	False
666	3.2664764506857944	1.2535229991412131	0.3837538761003579	RIMS2	0.2696238	False
667	3.5081118948088394	1.7872612208140997	0.5094652834360317	EIF3E	0.2696285	False
668	3.5081118948088394	1.7872612208140997	0.5094652834360317	EMC2	0.2696285	False
669	3.5081118948088394	1.7872612208140997	0.5094652834360317	TMEM74	0.2696285	False
670	3.4283147481042855	1.5813279559898121	0.46125518576269003	TRHR	0.26962686	False
671	3.579892991479058	2.00754737814754	0.560784186266447	NUDCD1	0.2696302	False
672	3.579892991479058	2.00754737814754	0.560784186266447	ENY2	0.2696302	False
673	3.579892991479058	2.00754737814754	0.560784186266447	PKHD1L1	0.2696302	False
674	3.579892991479058	2.00754737814754	0.560784186266447	EBAG9	0.2696302	False
675	3.579892991479058	2.00754737814754	0.560784186266447	SYBU	0.2696302	False
676	3.579892991479058	2.00754737814754	0.560784186266447	LOC100132813	0.2696302	False
677	3.393879804336918	1.5814967451574822	0.46598490115546926	KCNV1	0.26962644	False
678	3.3406298524293474	1.3917431293827693	0.4166109957889158	SMILR	0.26962534	False
679	3.3406298524293474	1.3917431293827693	0.4166109957889158	LINC01151	0.26962534	False
680	3.3760452784820316	1.3773176010670793	0.40796775145336955	ZHX2	0.26962593	False
681	3.3760452784820316	1.3773176010670793	0.40796775145336955	DERL1	0.26962593	False
682	3.3760452784820316	1.3773176010670793	0.40796775145336955	TBC1D31	0.26962593	False
683	3.557047648672659	1.7683386613478953	0.4971366245284246	FAM83A	0.2696292	False
684	3.557047648672659	1.7683386613478953	0.4971366245284246	FAM83A-AS1	0.2696292	False
685	3.557047648672659	1.7683386613478953	0.4971366245284246	MIR4663	0.2696292	False
686	3.557047648672659	1.7683386613478953	0.4971366245284246	C8orf76	0.2696292	False
687	3.557047648672659	1.7683386613478953	0.4971366245284246	ZHX1-C8orf76	0.2696292	False
688	3.557047648672659	1.7683386613478953	0.4971366245284246	ZHX1	0.2696292	False
689	3.557047648672659	1.7683386613478953	0.4971366245284246	ATAD2	0.2696292	False
690	3.557047648672659	1.7683386613478953	0.4971366245284246	MIR548AA1	0.2696292	False
691	3.557047648672659	1.7683386613478953	0.4971366245284246	WDYHV1	0.2696292	False
692	3.557047648672659	1.7683386613478953	0.4971366245284246	FBXO32	0.2696292	False
693	3.557047648672659	1.7683386613478953	0.4971366245284246	KLHL38	0.2696292	False
694	3.557047648672659	1.7683386613478953	0.4971366245284246	ANXA13	0.2696292	False
695	3.557047648672659	1.7683386613478953	0.4971366245284246	FAM91A1	0.2696292	False
696	3.4587322988104203	1.5305009723344056	0.442503449272671	FER1L6	0.26962736	False
697	3.4587322988104203	1.5305009723344056	0.442503449272671	FER1L6-AS1	0.26962736	False
698	3.4587322988104203	1.5305009723344056	0.442503449272671	FER1L6-AS2	0.26962736	False
699	3.592265297796131	1.8260654919287165	0.5083325814073406	LOC101927588	0.2696297	False
700	3.592265297796131	1.8260654919287165	0.5083325814073406	TMEM65	0.2696297	False
701	3.592265297796131	1.8260654919287165	0.5083325814073406	TRMT12	0.2696297	False
702	3.592265297796131	1.8260654919287165	0.5083325814073406	RNF139-AS1	0.2696297	False
703	3.592265297796131	1.8260654919287165	0.5083325814073406	RNF139	0.2696297	False
704	3.592265297796131	1.8260654919287165	0.5083325814073406	TATDN1	0.2696297	False
705	3.592265297796131	1.8260654919287165	0.5083325814073406	NDUFB9	0.2696297	False
706	3.592265297796131	1.8260654919287165	0.5083325814073406	MTSS1	0.2696297	False
707	3.592265297796131	1.8260654919287165	0.5083325814073406	MIR4662B	0.2696297	False
708	3.428920430184683	1.4602984904246366	0.4258770421062189	LINC00964	0.2696269	False
709	3.428920430184683	1.4602984904246366	0.4258770421062189	ZNF572	0.2696269	False
710	3.428920430184683	1.4602984904246366	0.4258770421062189	LOC105375744	0.2696269	False
711	3.428920430184683	1.4602984904246366	0.4258770421062189	SQLE	0.2696269	False
712	3.428920430184683	1.4602984904246366	0.4258770421062189	WASHC5	0.2696269	False
713	3.428920430184683	1.4602984904246366	0.4258770421062189	NSMCE2	0.2696269	False
714	3.4963928986121813	1.6410197367745765	0.4693464906149261	TRIB1	0.2696281	False
715	3.3369978662342343	1.2955883398158563	0.38824967583150227	LINC00861	0.26962546	False
716	3.310733720234311	1.265359701153468	0.38219917640006235	LOC101927657	0.26962435	False
717	3.310733720234311	1.265359701153468	0.38219917640006235	FAM84B	0.26962435	False
718	3.2279557640274157	1.1244527752552735	0.34834826046448986	PCAT1	0.26962364	False
719	3.2279557640274157	1.1244527752552735	0.34834826046448986	PCAT2	0.26962364	False
720	3.2279557640274157	1.1244527752552735	0.34834826046448986	PRNCR1	0.26962364	False
721	3.1105215853856953	0.8432020608744906	0.2710806010272184	MIR4472-1	0.26962158	False
722	3.1105215853856953	0.8432020608744906	0.2710806010272184	LINC00051	0.26962158	False
723	3.1105215853856953	0.8432020608744906	0.2710806010272184	TSNARE1	0.26962158	False
724	3.1105215853856953	0.8432020608744906	0.2710806010272184	ADGRB1	0.26962158	False
725	3.1105215853856953	0.8432020608744906	0.2710806010272184	ARC	0.26962158	False
726	3.1105215853856953	0.8432020608744906	0.2710806010272184	LOC101928087	0.26962158	False
727	3.1105215853856953	0.8432020608744906	0.2710806010272184	JRK	0.26962158	False
728	3.1105215853856953	0.8432020608744906	0.2710806010272184	PSCA	0.26962158	False
729	3.1105215853856953	0.8432020608744906	0.2710806010272184	LY6K	0.26962158	False
730	3.1105215853856953	0.8432020608744906	0.2710806010272184	LNCOC1	0.26962158	False
731	3.1105215853856953	0.8432020608744906	0.2710806010272184	THEM6	0.26962158	False
732	3.1105215853856953	0.8432020608744906	0.2710806010272184	SLURP1	0.26962158	False
733	3.1105215853856953	0.8432020608744906	0.2710806010272184	LYPD2	0.26962158	False
734	3.1105215853856953	0.8432020608744906	0.2710806010272184	LYNX1	0.26962158	False
735	3.1105215853856953	0.8432020608744906	0.2710806010272184	LY6D	0.26962158	False
736	3.1105215853856953	0.8432020608744906	0.2710806010272184	GML	0.26962158	False
737	3.1105215853856953	0.8432020608744906	0.2710806010272184	CYP11B1	0.26962158	False
738	3.1105215853856953	0.8432020608744906	0.2710806010272184	CYP11B2	0.26962158	False
739	3.1105215853856953	0.8432020608744906	0.2710806010272184	LY6E-DT	0.26962158	False
740	3.1105215853856953	0.8432020608744906	0.2710806010272184	LY6E	0.26962158	False
741	3.1105215853856953	0.8432020608744906	0.2710806010272184	C8orf31	0.26962158	False
742	3.3255260078412427	1.154754933632665	0.34723978429573954	LY6H	0.26962382	False
743	3.3255260078412427	1.154754933632665	0.34723978429573954	GPIHBP1	0.26962382	False
744	3.3255260078412427	1.154754933632665	0.34723978429573954	ZFP41	0.26962382	False
745	3.3255260078412427	1.154754933632665	0.34723978429573954	GLI4	0.26962382	False
746	3.3255260078412427	1.154754933632665	0.34723978429573954	MINCR	0.26962382	False
747	3.3255260078412427	1.154754933632665	0.34723978429573954	ZNF696	0.26962382	False
748	3.3255260078412427	1.154754933632665	0.34723978429573954	TOP1MT	0.26962382	False
749	3.3255260078412427	1.154754933632665	0.34723978429573954	RHPN1-AS1	0.26962382	False
750	3.3255260078412427	1.154754933632665	0.34723978429573954	RHPN1	0.26962382	False
751	3.3255260078412427	1.154754933632665	0.34723978429573954	MAFA-AS1	0.26962382	False
752	3.3255260078412427	1.154754933632665	0.34723978429573954	MAFA	0.26962382	False
753	3.3255260078412427	1.154754933632665	0.34723978429573954	ZC3H3	0.26962382	False
754	3.3255260078412427	1.154754933632665	0.34723978429573954	GSDMD	0.26962382	False
755	3.3255260078412427	1.154754933632665	0.34723978429573954	MROH6	0.26962382	False
756	3.3255260078412427	1.154754933632665	0.34723978429573954	NAPRT	0.26962382	False
757	3.3255260078412427	1.154754933632665	0.34723978429573954	EEF1D	0.26962382	False
758	3.3255260078412427	1.154754933632665	0.34723978429573954	TIGD5	0.26962382	False
759	3.3255260078412427	1.154754933632665	0.34723978429573954	PYCR3	0.26962382	False
760	3.3255260078412427	1.154754933632665	0.34723978429573954	TSTA3	0.26962382	False
761	3.3255260078412427	1.154754933632665	0.34723978429573954	ZNF623	0.26962382	False
762	3.3255260078412427	1.154754933632665	0.34723978429573954	ZNF707	0.26962382	False
763	3.3255260078412427	1.154754933632665	0.34723978429573954	BREA2	0.26962382	False
764	3.3255260078412427	1.154754933632665	0.34723978429573954	CCDC166	0.26962382	False
765	3.3255260078412427	1.154754933632665	0.34723978429573954	LOC101928160	0.26962382	False
766	3.3255260078412427	1.154754933632665	0.34723978429573954	MAPK15	0.26962382	False
767	3.3255260078412427	1.154754933632665	0.34723978429573954	FAM83H	0.26962382	False
768	3.3255260078412427	1.154754933632665	0.34723978429573954	MIR4664	0.26962382	False
769	3.3255260078412427	1.154754933632665	0.34723978429573954	FAM83H-AS1	0.26962382	False
770	3.3255260078412427	1.154754933632665	0.34723978429573954	SCRIB	0.26962382	False
771	3.3255260078412427	1.154754933632665	0.34723978429573954	MIR937	0.26962382	False
772	3.3255260078412427	1.154754933632665	0.34723978429573954	PUF60	0.26962382	False
773	3.3255260078412427	1.154754933632665	0.34723978429573954	NRBP2	0.26962382	False
774	3.3255260078412427	1.154754933632665	0.34723978429573954	MIR6845	0.26962382	False
775	3.3255260078412427	1.154754933632665	0.34723978429573954	EPPK1	0.26962382	False
776	3.3255260078412427	1.154754933632665	0.34723978429573954	PLEC	0.26962382	False
777	3.3255260078412427	1.154754933632665	0.34723978429573954	MIR661	0.26962382	False
778	3.3255260078412427	1.154754933632665	0.34723978429573954	PARP10	0.26962382	False
779	3.3255260078412427	1.154754933632665	0.34723978429573954	GRINA	0.26962382	False
780	3.3255260078412427	1.154754933632665	0.34723978429573954	SPATC1	0.26962382	False
781	3.3255260078412427	1.154754933632665	0.34723978429573954	OPLAH	0.26962382	False
782	3.3255260078412427	1.154754933632665	0.34723978429573954	MIR6846	0.26962382	False
783	3.3255260078412427	1.154754933632665	0.34723978429573954	EXOSC4	0.26962382	False
784	3.3255260078412427	1.154754933632665	0.34723978429573954	MIR6847	0.26962382	False
785	3.3255260078412427	1.154754933632665	0.34723978429573954	GPAA1	0.26962382	False
786	3.3255260078412427	1.154754933632665	0.34723978429573954	CYC1	0.26962382	False
787	3.3255260078412427	1.154754933632665	0.34723978429573954	SHARPIN	0.26962382	False
788	3.4909166765787982	1.5260707189816998	0.43715472478056805	MAF1	0.2696268	False
789	3.4909166765787982	1.5260707189816998	0.43715472478056805	WDR97	0.2696268	False
790	3.4909166765787982	1.5260707189816998	0.43715472478056805	HGH1	0.2696268	False
791	3.4909166765787982	1.5260707189816998	0.43715472478056805	MROH1	0.2696268	False
792	3.4909166765787982	1.5260707189816998	0.43715472478056805	BOP1	0.2696268	False
793	3.4909166765787982	1.5260707189816998	0.43715472478056805	MIR7112	0.2696268	False
794	3.4909166765787982	1.5260707189816998	0.43715472478056805	SCX	0.2696268	False
795	3.4909166765787982	1.5260707189816998	0.43715472478056805	HSF1	0.2696268	False
796	3.4909166765787982	1.5260707189816998	0.43715472478056805	DGAT1	0.2696268	False
797	3.4909166765787982	1.5260707189816998	0.43715472478056805	MIR6848	0.2696268	False
798	3.4909166765787982	1.5260707189816998	0.43715472478056805	SCRT1	0.2696268	False
799	3.4909166765787982	1.5260707189816998	0.43715472478056805	TMEM249	0.2696268	False
800	3.4909166765787982	1.5260707189816998	0.43715472478056805	SLC52A2	0.2696268	False
801	3.4909166765787982	1.5260707189816998	0.43715472478056805	FBXL6	0.2696268	False
802	3.4909166765787982	1.5260707189816998	0.43715472478056805	ADCK5	0.2696268	False
803	3.4909166765787982	1.5260707189816998	0.43715472478056805	CPSF1	0.2696268	False
804	3.4909166765787982	1.5260707189816998	0.43715472478056805	MIR939	0.2696268	False
805	3.4909166765787982	1.5260707189816998	0.43715472478056805	MIR1234	0.2696268	False
806	3.4909166765787982	1.5260707189816998	0.43715472478056805	MIR6849	0.2696268	False
807	3.4909166765787982	1.5260707189816998	0.43715472478056805	SLC39A4	0.2696268	False
808	3.4909166765787982	1.5260707189816998	0.43715472478056805	VPS28	0.2696268	False
809	3.4909166765787982	1.5260707189816998	0.43715472478056805	TONSL	0.2696268	False
810	3.4909166765787982	1.5260707189816998	0.43715472478056805	MIR6893	0.2696268	False
811	3.4909166765787982	1.5260707189816998	0.43715472478056805	TONSL-AS1	0.2696268	False
812	3.4909166765787982	1.5260707189816998	0.43715472478056805	CYHR1	0.2696268	False
813	3.4909166765787982	1.5260707189816998	0.43715472478056805	KIFC2	0.2696268	False
814	3.4909166765787982	1.5260707189816998	0.43715472478056805	FOXH1	0.2696268	False
815	3.4909166765787982	1.5260707189816998	0.43715472478056805	PPP1R16A	0.2696268	False
816	3.4909166765787982	1.5260707189816998	0.43715472478056805	GPT	0.2696268	False
817	3.4909166765787982	1.5260707189816998	0.43715472478056805	MFSD3	0.2696268	False
818	3.4909166765787982	1.5260707189816998	0.43715472478056805	RECQL4	0.2696268	False
819	3.4909166765787982	1.5260707189816998	0.43715472478056805	LRRC14	0.2696268	False
820	3.4909166765787982	1.5260707189816998	0.43715472478056805	LRRC24	0.2696268	False
821	3.4909166765787982	1.5260707189816998	0.43715472478056805	C8orf82	0.2696268	False
822	3.4909166765787982	1.5260707189816998	0.43715472478056805	ARHGAP39	0.2696268	False
823	3.4909166765787982	1.5260707189816998	0.43715472478056805	ZNF251	0.2696268	False
824	3.4909166765787982	1.5260707189816998	0.43715472478056805	ZNF34	0.2696268	False
825	3.4909166765787982	1.5260707189816998	0.43715472478056805	RPL8	0.2696268	False
826	3.4909166765787982	1.5260707189816998	0.43715472478056805	MIR6850	0.2696268	False
827	3.4909166765787982	1.5260707189816998	0.43715472478056805	ZNF517	0.2696268	False
828	3.4909166765787982	1.5260707189816998	0.43715472478056805	ZNF7	0.2696268	False
829	3.4909166765787982	1.5260707189816998	0.43715472478056805	COMMD5	0.2696268	False
830	3.4909166765787982	1.5260707189816998	0.43715472478056805	ZNF250	0.2696268	False
831	3.4909166765787982	1.5260707189816998	0.43715472478056805	ZNF16	0.2696268	False
832	3.4909166765787982	1.5260707189816998	0.43715472478056805	ZNF252P-AS1	0.2696268	False
833	3.4909166765787982	1.5260707189816998	0.43715472478056805	C8orf33	0.2696268	False
834	2.9532596857290176	0.6375424779834624	0.21587755423752514	MARK2	0.2696202	False
835	2.9532596857290176	0.6375424779834624	0.21587755423752514	RCOR2	0.2696202	False
836	2.9532596857290176	0.6375424779834624	0.21587755423752514	NAA40	0.2696202	False
837	2.9532596857290176	0.6375424779834624	0.21587755423752514	COX8A	0.2696202	False
838	2.9532596857290176	0.6375424779834624	0.21587755423752514	OTUB1	0.2696202	False
839	2.9532596857290176	0.6375424779834624	0.21587755423752514	MACROD1	0.2696202	False
840	3.0918231726404604	0.7932208363971462	0.2565543991701584	FLRT1	0.26962137	False
841	3.0918231726404604	0.7932208363971462	0.2565543991701584	STIP1	0.26962137	False
842	3.0918231726404604	0.7932208363971462	0.2565543991701584	FERMT3	0.26962137	False
843	3.0918231726404604	0.7932208363971462	0.2565543991701584	TRPT1	0.26962137	False
844	3.0918231726404604	0.7932208363971462	0.2565543991701584	NUDT22	0.26962137	False
845	3.0918231726404604	0.7932208363971462	0.2565543991701584	DNAJC4	0.26962137	False
846	3.0918231726404604	0.7932208363971462	0.2565543991701584	VEGFB	0.26962137	False
847	3.0918231726404604	0.7932208363971462	0.2565543991701584	FKBP2	0.26962137	False
848	3.0918231726404604	0.7932208363971462	0.2565543991701584	PPP1R14B	0.26962137	False
849	3.0918231726404604	0.7932208363971462	0.2565543991701584	LOC105369340	0.26962137	False
850	3.0918231726404604	0.7932208363971462	0.2565543991701584	PLCB3	0.26962137	False
851	3.0918231726404604	0.7932208363971462	0.2565543991701584	BAD	0.26962137	False
852	3.0918231726404604	0.7932208363971462	0.2565543991701584	GPR137	0.26962137	False
853	3.0918231726404604	0.7932208363971462	0.2565543991701584	KCNK4	0.26962137	False
854	3.0918231726404604	0.7932208363971462	0.2565543991701584	KCNK4-TEX40	0.26962137	False
855	3.0918231726404604	0.7932208363971462	0.2565543991701584	CATSPERZ	0.26962137	False
856	3.0918231726404604	0.7932208363971462	0.2565543991701584	ESRRA	0.26962137	False
857	3.0918231726404604	0.7932208363971462	0.2565543991701584	TRMT112	0.26962137	False
858	3.0918231726404604	0.7932208363971462	0.2565543991701584	PRDX5	0.26962137	False
859	3.0918231726404604	0.7932208363971462	0.2565543991701584	CCDC88B	0.26962137	False
860	3.0918231726404604	0.7932208363971462	0.2565543991701584	MIR7155	0.26962137	False
861	3.0918231726404604	0.7932208363971462	0.2565543991701584	RPS6KA4	0.26962137	False
862	3.0918231726404604	0.7932208363971462	0.2565543991701584	MIR1237	0.26962137	False
863	3.0918231726404604	0.7932208363971462	0.2565543991701584	LOC100996455	0.26962137	False
864	3.0918231726404604	0.7932208363971462	0.2565543991701584	SLC22A11	0.26962137	False
865	3.0918231726404604	0.7932208363971462	0.2565543991701584	SLC22A12	0.26962137	False
866	3.0918231726404604	0.7932208363971462	0.2565543991701584	NRXN2	0.26962137	False
867	3.0918231726404604	0.7932208363971462	0.2565543991701584	RASGRP2	0.26962137	False
868	3.0918231726404604	0.7932208363971462	0.2565543991701584	PYGM	0.26962137	False
869	3.0918231726404604	0.7932208363971462	0.2565543991701584	SF1	0.26962137	False
870	3.0918231726404604	0.7932208363971462	0.2565543991701584	MAP4K2	0.26962137	False
871	3.0918231726404604	0.7932208363971462	0.2565543991701584	MEN1	0.26962137	False
872	3.0918231726404604	0.7932208363971462	0.2565543991701584	CDC42BPG	0.26962137	False
873	3.0918231726404604	0.7932208363971462	0.2565543991701584	EHD1	0.26962137	False
874	3.0918231726404604	0.7932208363971462	0.2565543991701584	MIR194-2HG	0.26962137	False
875	3.0918231726404604	0.7932208363971462	0.2565543991701584	MIR192	0.26962137	False
876	3.0918231726404604	0.7932208363971462	0.2565543991701584	MIR194-2	0.26962137	False
877	3.069298748653212	0.7016673228268235	0.22860835007824196	ATG2A	0.26962098	False
878	3.0918231726404604	0.7932208363971462	0.2565543991701584	MIR6750	0.26962137	False
879	3.069298748653212	0.7016673228268235	0.22860835007824196	MIR6749	0.26962098	False
880	3.069298748653212	0.7016673228268235	0.22860835007824196	PPP2R5B	0.26962098	False
881	3.069298748653212	0.7016673228268235	0.22860835007824196	GPHA2	0.26962098	False
882	3.069298748653212	0.7016673228268235	0.22860835007824196	MAJIN	0.26962098	False
883	3.069298748653212	0.7016673228268235	0.22860835007824196	BATF2	0.26962098	False
884	3.069298748653212	0.7016673228268235	0.22860835007824196	ARL2	0.26962098	False
885	3.069298748653212	0.7016673228268235	0.22860835007824196	ARL2-SNX15	0.26962098	False
886	3.069298748653212	0.7016673228268235	0.22860835007824196	MIR6879	0.26962098	False
887	3.069298748653212	0.7016673228268235	0.22860835007824196	SNX15	0.26962098	False
888	3.069298748653212	0.7016673228268235	0.22860835007824196	SAC3D1	0.26962098	False
889	3.069298748653212	0.7016673228268235	0.22860835007824196	NAALADL1	0.26962098	False
890	3.069298748653212	0.7016673228268235	0.22860835007824196	CDCA5	0.26962098	False
891	3.069298748653212	0.7016673228268235	0.22860835007824196	ZFPL1	0.26962098	False
892	3.069298748653212	0.7016673228268235	0.22860835007824196	TMEM262	0.26962098	False
893	3.069298748653212	0.7016673228268235	0.22860835007824196	VPS51	0.26962098	False
894	3.177161388966962	0.8620973443884397	0.27134200591199625	TM7SF2	0.269622	False
895	3.177161388966962	0.8620973443884397	0.27134200591199625	ZNHIT2	0.269622	False
896	3.177161388966962	0.8620973443884397	0.27134200591199625	FAU	0.269622	False
897	3.177161388966962	0.8620973443884397	0.27134200591199625	SYVN1	0.269622	False
898	3.177161388966962	0.8620973443884397	0.27134200591199625	MRPL49	0.269622	False
899	3.177161388966962	0.8620973443884397	0.27134200591199625	MIR6751	0.269622	False
900	3.177161388966962	0.8620973443884397	0.27134200591199625	SPDYC	0.269622	False
901	3.177161388966962	0.8620973443884397	0.27134200591199625	CAPN1	0.269622	False
902	3.177161388966962	0.8620973443884397	0.27134200591199625	POLA2	0.269622	False
903	3.177161388966962	0.8620973443884397	0.27134200591199625	CDC42EP2	0.269622	False
904	3.177161388966962	0.8620973443884397	0.27134200591199625	DPF2	0.269622	False
905	3.177161388966962	0.8620973443884397	0.27134200591199625	TIGD3	0.269622	False
906	3.177161388966962	0.8620973443884397	0.27134200591199625	SLC25A45	0.269622	False
907	3.177161388966962	0.8620973443884397	0.27134200591199625	FRMD8	0.269622	False
908	3.177161388966962	0.8620973443884397	0.27134200591199625	NEAT1	0.269622	False
909	3.177161388966962	0.8620973443884397	0.27134200591199625	MIR612	0.269622	False
910	3.177161388966962	0.8620973443884397	0.27134200591199625	MALAT1	0.269622	False
911	3.177161388966962	0.8620973443884397	0.27134200591199625	SCYL1	0.269622	False
912	3.177161388966962	0.8620973443884397	0.27134200591199625	LTBP3	0.269622	False
913	3.177161388966962	0.8620973443884397	0.27134200591199625	SSSCA1-AS1	0.269622	False
914	3.177161388966962	0.8620973443884397	0.27134200591199625	SSSCA1	0.269622	False
915	3.177161388966962	0.8620973443884397	0.27134200591199625	FAM89B	0.269622	False
916	3.177161388966962	0.8620973443884397	0.27134200591199625	EHBP1L1	0.269622	False
917	3.177161388966962	0.8620973443884397	0.27134200591199625	SIPA1	0.269622	False
918	3.177161388966962	0.8620973443884397	0.27134200591199625	KCNK7	0.269622	False
919	3.177161388966962	0.8620973443884397	0.27134200591199625	MAP3K11	0.269622	False
920	3.177161388966962	0.8620973443884397	0.27134200591199625	PCNX3	0.269622	False
921	3.177161388966962	0.8620973443884397	0.27134200591199625	MIR4690	0.269622	False
922	3.177161388966962	0.8620973443884397	0.27134200591199625	MIR4489	0.269622	False
923	3.177161388966962	0.8620973443884397	0.27134200591199625	RELA	0.269622	False
924	3.177161388966962	0.8620973443884397	0.27134200591199625	KAT5	0.269622	False
925	3.177161388966962	0.8620973443884397	0.27134200591199625	RNASEH2C	0.269622	False
926	3.177161388966962	0.8620973443884397	0.27134200591199625	AP5B1	0.269622	False
927	3.177161388966962	0.8620973443884397	0.27134200591199625	OVOL1	0.269622	False
928	3.177161388966962	0.8620973443884397	0.27134200591199625	OVOL1-AS1	0.269622	False
929	3.177161388966962	0.8620973443884397	0.27134200591199625	CFL1	0.269622	False
930	3.177161388966962	0.8620973443884397	0.27134200591199625	SNX32	0.269622	False
931	3.177161388966962	0.8620973443884397	0.27134200591199625	MUS81	0.269622	False
932	3.177161388966962	0.8620973443884397	0.27134200591199625	EFEMP2	0.269622	False
933	3.177161388966962	0.8620973443884397	0.27134200591199625	CTSW	0.269622	False
934	3.177161388966962	0.8620973443884397	0.27134200591199625	FIBP	0.269622	False
935	3.177161388966962	0.8620973443884397	0.27134200591199625	CCDC85B	0.269622	False
936	3.0207927734569955	0.6810513618915862	0.22545451242992448	FOSL1	0.2696207	False
937	3.0207927734569955	0.6810513618915862	0.22545451242992448	C11orf68	0.2696207	False
938	3.0207927734569955	0.6810513618915862	0.22545451242992448	DRAP1	0.2696207	False
939	3.0207927734569955	0.6810513618915862	0.22545451242992448	TSGA10IP	0.2696207	False
940	3.0207927734569955	0.6810513618915862	0.22545451242992448	SART1	0.2696207	False
941	3.0207927734569955	0.6810513618915862	0.22545451242992448	EIF1AD	0.2696207	False
942	3.0207927734569955	0.6810513618915862	0.22545451242992448	BANF1	0.2696207	False
943	3.0207927734569955	0.6810513618915862	0.22545451242992448	CST6	0.2696207	False
944	3.0207927734569955	0.6810513618915862	0.22545451242992448	CATSPER1	0.2696207	False
945	3.0207927734569955	0.6810513618915862	0.22545451242992448	GAL3ST3	0.2696207	False
946	3.0207927734569955	0.6810513618915862	0.22545451242992448	SF3B2	0.2696207	False
947	3.0207927734569955	0.6810513618915862	0.22545451242992448	PACS1	0.2696207	False
948	3.0623359949802675	0.7861453710929153	0.25671427706873196	KLC2	0.26962128	False
949	3.0623359949802675	0.7861453710929153	0.25671427706873196	RAB1B	0.26962128	False
950	3.0623359949802675	0.7861453710929153	0.25671427706873196	CNIH2	0.26962128	False
951	3.0623359949802675	0.7861453710929153	0.25671427706873196	YIF1A	0.26962128	False
952	3.0623359949802675	0.7861453710929153	0.25671427706873196	TMEM151A	0.26962128	False
953	3.0623359949802675	0.7861453710929153	0.25671427706873196	CD248	0.26962128	False
954	3.0623359949802675	0.7861453710929153	0.25671427706873196	RIN1	0.26962128	False
955	3.0623359949802675	0.7861453710929153	0.25671427706873196	BRMS1	0.26962128	False
956	3.0623359949802675	0.7861453710929153	0.25671427706873196	B4GAT1	0.26962128	False
957	3.0623359949802675	0.7861453710929153	0.25671427706873196	SLC29A2	0.26962128	False
958	3.0623359949802675	0.7861453710929153	0.25671427706873196	NPAS4	0.26962128	False
959	3.0623359949802675	0.7861453710929153	0.25671427706873196	MRPL11	0.26962128	False
960	3.0623359949802675	0.7861453710929153	0.25671427706873196	PELI3	0.26962128	False
961	3.0623359949802675	0.7861453710929153	0.25671427706873196	LOC101928069	0.26962128	False
962	3.0623359949802675	0.7861453710929153	0.25671427706873196	DPP3	0.26962128	False
963	3.0623359949802675	0.7861453710929153	0.25671427706873196	BBS1	0.26962128	False
964	3.0623359949802675	0.7861453710929153	0.25671427706873196	ZDHHC24	0.26962128	False
965	3.0623359949802675	0.7861453710929153	0.25671427706873196	ACTN3	0.26962128	False
966	3.0623359949802675	0.7861453710929153	0.25671427706873196	CTSF	0.26962128	False
967	3.0623359949802675	0.7861453710929153	0.25671427706873196	CCDC87	0.26962128	False
968	3.0623359949802675	0.7861453710929153	0.25671427706873196	CCS	0.26962128	False
969	3.0623359949802675	0.7861453710929153	0.25671427706873196	RBM14	0.26962128	False
970	3.0623359949802675	0.7861453710929153	0.25671427706873196	RBM14-RBM4	0.26962128	False
971	3.0623359949802675	0.7861453710929153	0.25671427706873196	RBM4	0.26962128	False
972	3.0623359949802675	0.7861453710929153	0.25671427706873196	RBM4B	0.26962128	False
973	3.0623359949802675	0.7861453710929153	0.25671427706873196	SPTBN2	0.26962128	False
974	3.0623359949802675	0.7861453710929153	0.25671427706873196	C11orf80	0.26962128	False
975	3.0623359949802675	0.7861453710929153	0.25671427706873196	RCE1	0.26962128	False
976	3.0623359949802675	0.7861453710929153	0.25671427706873196	LRFN4	0.26962128	False
977	3.0549274442547354	0.8544925776068927	0.27970961445054887	SMUG1	0.2696215	False
978	3.0549274442547354	0.8544925776068927	0.27970961445054887	LINC02381	0.2696215	False
979	3.0549274442547354	0.8544925776068927	0.27970961445054887	CBX5	0.2696215	False
980	3.0549274442547354	0.8544925776068927	0.27970961445054887	MIR3198-2	0.2696215	False
981	3.0549274442547354	0.8544925776068927	0.27970961445054887	HNRNPA1	0.2696215	False
982	3.0549274442547354	0.8544925776068927	0.27970961445054887	NFE2	0.2696215	False
983	3.0549274442547354	0.8544925776068927	0.27970961445054887	COPZ1	0.2696215	False
984	3.0549274442547354	0.8544925776068927	0.27970961445054887	MIR148B	0.2696215	False
985	3.0549274442547354	0.8544925776068927	0.27970961445054887	LOC102724050	0.2696215	False
986	3.0549274442547354	0.8544925776068927	0.27970961445054887	GPR84	0.2696215	False
987	3.0549274442547354	0.8544925776068927	0.27970961445054887	ZNF385A	0.2696215	False
988	3.0549274442547354	0.8544925776068927	0.27970961445054887	ITGA5	0.2696215	False
989	3.0549274442547354	0.8544925776068927	0.27970961445054887	GTSF1	0.2696215	False
990	3.0549274442547354	0.8544925776068927	0.27970961445054887	NCKAP1L	0.2696215	False
991	3.0549274442547354	0.8544925776068927	0.27970961445054887	PDE1B	0.2696215	False
992	3.0549274442547354	0.8544925776068927	0.27970961445054887	PPP1R1A	0.2696215	False
993	3.0549274442547354	0.8544925776068927	0.27970961445054887	LACRT	0.2696215	False
994	3.0549274442547354	0.8544925776068927	0.27970961445054887	DCD	0.2696215	False
995	3.0549274442547354	0.8544925776068927	0.27970961445054887	MUCL1	0.2696215	False
996	3.060493655490477	0.7556739817857074	0.2469124483986563	TESPA1	0.26962113	False
997	3.060493655490477	0.7556739817857074	0.2469124483986563	NEUROD4	0.26962113	False
998	3.197081380679802	0.9666760136595032	0.30236202916234706	OR9K2	0.26962256	False
999	3.197081380679802	0.9666760136595032	0.30236202916234706	OR10A7	0.26962256	False
1000	3.197081380679802	0.9666760136595032	0.30236202916234706	OR6C74	0.26962256	False
1001	3.197081380679802	0.9666760136595032	0.30236202916234706	OR6C6	0.26962256	False
1002	3.197081380679802	0.9666760136595032	0.30236202916234706	OR6C1	0.26962256	False
1003	3.197081380679802	0.9666760136595032	0.30236202916234706	OR6C3	0.26962256	False
1004	3.197081380679802	0.9666760136595032	0.30236202916234706	OR6C75	0.26962256	False
1005	3.197081380679802	0.9666760136595032	0.30236202916234706	OR6C65	0.26962256	False
1006	3.197081380679802	0.9666760136595032	0.30236202916234706	OR6C76	0.26962256	False
1007	3.197081380679802	0.9666760136595032	0.30236202916234706	OR6C2	0.26962256	False
1008	3.197081380679802	0.9666760136595032	0.30236202916234706	OR6C70	0.26962256	False
1009	3.197081380679802	0.9666760136595032	0.30236202916234706	OR6C68	0.26962256	False
1010	3.197081380679802	0.9666760136595032	0.30236202916234706	OR6C4	0.26962256	False
1011	3.197081380679802	0.9666760136595032	0.30236202916234706	OR2AP1	0.26962256	False
1012	3.197081380679802	0.9666760136595032	0.30236202916234706	OR10P1	0.26962256	False
1013	3.197081380679802	0.9666760136595032	0.30236202916234706	METTL7B	0.26962256	False
1014	3.197081380679802	0.9666760136595032	0.30236202916234706	ITGA7	0.26962256	False
1015	3.197081380679802	0.9666760136595032	0.30236202916234706	BLOC1S1-RDH5	0.26962256	False
1016	3.197081380679802	0.9666760136595032	0.30236202916234706	BLOC1S1	0.26962256	False
1017	3.197081380679802	0.9666760136595032	0.30236202916234706	RDH5	0.26962256	False
1018	3.197081380679802	0.9666760136595032	0.30236202916234706	CD63	0.26962256	False
1019	3.197081380679802	0.9666760136595032	0.30236202916234706	GDF11	0.26962256	False
1020	3.197081380679802	0.9666760136595032	0.30236202916234706	SARNP	0.26962256	False
1021	3.197081380679802	0.9666760136595032	0.30236202916234706	DNAJC14	0.26962256	False
1022	3.197081380679802	0.9666760136595032	0.30236202916234706	ORMDL2	0.26962256	False
1023	3.197081380679802	0.9666760136595032	0.30236202916234706	MMP19	0.26962256	False
1024	3.1795799589925005	0.8977522339686793	0.28234931832101057	PYM1	0.26962227	False
1025	3.1795799589925005	0.8977522339686793	0.28234931832101057	DGKA	0.26962227	False
1026	3.1795799589925005	0.8977522339686793	0.28234931832101057	PMEL	0.26962227	False
1027	3.1795799589925005	0.8977522339686793	0.28234931832101057	CDK2	0.26962227	False
1028	3.1795799589925005	0.8977522339686793	0.28234931832101057	RAB5B	0.26962227	False
1029	3.1795799589925005	0.8977522339686793	0.28234931832101057	SUOX	0.26962227	False
1030	3.1795799589925005	0.8977522339686793	0.28234931832101057	IKZF4	0.26962227	False
1031	3.1795799589925005	0.8977522339686793	0.28234931832101057	RPS26	0.26962227	False
1032	3.1795799589925005	0.8977522339686793	0.28234931832101057	ERBB3	0.26962227	False
1033	3.301413650316125	1.133577147220021	0.34336113776941457	PA2G4	0.26962367	False
1034	3.301413650316125	1.133577147220021	0.34336113776941457	RPL41	0.26962367	False
1035	3.301413650316125	1.133577147220021	0.34336113776941457	ZC3H10	0.26962367	False
1036	3.301413650316125	1.133577147220021	0.34336113776941457	ESYT1	0.26962367	False
1037	3.301413650316125	1.133577147220021	0.34336113776941457	MYL6B	0.26962367	False
1038	3.301413650316125	1.133577147220021	0.34336113776941457	MYL6	0.26962367	False
1039	3.301413650316125	1.133577147220021	0.34336113776941457	SMARCC2	0.26962367	False
1040	3.301413650316125	1.133577147220021	0.34336113776941457	RNF41	0.26962367	False
1041	3.301413650316125	1.133577147220021	0.34336113776941457	NABP2	0.26962367	False
1042	3.301413650316125	1.133577147220021	0.34336113776941457	SLC39A5	0.26962367	False
1043	3.301413650316125	1.133577147220021	0.34336113776941457	ANKRD52	0.26962367	False
1044	3.301413650316125	1.133577147220021	0.34336113776941457	COQ10A	0.26962367	False
1045	3.301413650316125	1.133577147220021	0.34336113776941457	CS	0.26962367	False
1046	3.301413650316125	1.133577147220021	0.34336113776941457	CNPY2	0.26962367	False
1047	3.301413650316125	1.133577147220021	0.34336113776941457	PAN2	0.26962367	False
1048	3.301413650316125	1.133577147220021	0.34336113776941457	IL23A	0.26962367	False
1049	3.301413650316125	1.133577147220021	0.34336113776941457	STAT2	0.26962367	False
1050	3.301413650316125	1.133577147220021	0.34336113776941457	APOF	0.26962367	False
1051	3.301413650316125	1.133577147220021	0.34336113776941457	TIMELESS	0.26962367	False
1052	3.301413650316125	1.133577147220021	0.34336113776941457	MIP	0.26962367	False
1053	3.301413650316125	1.133577147220021	0.34336113776941457	SPRYD4	0.26962367	False
1054	3.301413650316125	1.133577147220021	0.34336113776941457	GLS2	0.26962367	False
1055	3.301413650316125	1.133577147220021	0.34336113776941457	RBMS2	0.26962367	False
1056	3.301413650316125	1.133577147220021	0.34336113776941457	BAZ2A	0.26962367	False
1057	3.301413650316125	1.133577147220021	0.34336113776941457	ATP5F1B	0.26962367	False
1058	3.301413650316125	1.133577147220021	0.34336113776941457	SNORD59A	0.26962367	False
1059	3.301413650316125	1.133577147220021	0.34336113776941457	PTGES3	0.26962367	False
1060	3.301413650316125	1.133577147220021	0.34336113776941457	NACA	0.26962367	False
1061	3.301413650316125	1.133577147220021	0.34336113776941457	PRIM1	0.26962367	False
1062	3.301413650316125	1.133577147220021	0.34336113776941457	HSD17B6	0.26962367	False
1063	3.2309691171163304	1.0055308716463744	0.3112164911510575	SDR9C7	0.2696228	False
1064	3.2309691171163304	1.0055308716463744	0.3112164911510575	RDH16	0.2696228	False
1065	3.2309691171163304	1.0055308716463744	0.3112164911510575	GPR182	0.2696228	False
1066	3.2309691171163304	1.0055308716463744	0.3112164911510575	ZBTB39	0.2696228	False
1067	3.2309691171163304	1.0055308716463744	0.3112164911510575	TAC3	0.2696228	False
1068	3.2309691171163304	1.0055308716463744	0.3112164911510575	MYO1A	0.2696228	False
1069	3.2309691171163304	1.0055308716463744	0.3112164911510575	NEMP1	0.2696228	False
1070	3.2309691171163304	1.0055308716463744	0.3112164911510575	NAB2	0.2696228	False
1071	3.2309691171163304	1.0055308716463744	0.3112164911510575	STAT6	0.2696228	False
1072	3.3486192227540266	1.23789776249519	0.36967408957208864	LRP1	0.2696244	False
1073	3.3486192227540266	1.23789776249519	0.36967408957208864	LRP1-AS	0.2696244	False
1074	3.3486192227540266	1.23789776249519	0.36967408957208864	MIR1228	0.2696244	False
1075	3.3486192227540266	1.23789776249519	0.36967408957208864	NXPH4	0.2696244	False
1076	3.3486192227540266	1.23789776249519	0.36967408957208864	SHMT2	0.2696244	False
1077	3.3486192227540266	1.23789776249519	0.36967408957208864	NDUFA4L2	0.2696244	False
1078	3.3486192227540266	1.23789776249519	0.36967408957208864	STAC3	0.2696244	False
1079	3.3486192227540266	1.23789776249519	0.36967408957208864	R3HDM2	0.2696244	False
1080	3.3486192227540266	1.23789776249519	0.36967408957208864	INHBC	0.2696244	False
1081	3.3486192227540266	1.23789776249519	0.36967408957208864	INHBE	0.2696244	False
1082	3.3486192227540266	1.23789776249519	0.36967408957208864	GLI1	0.2696244	False
1083	3.3486192227540266	1.23789776249519	0.36967408957208864	ARHGAP9	0.2696244	False
1084	3.3486192227540266	1.23789776249519	0.36967408957208864	MARS	0.2696244	False
1085	3.3486192227540266	1.23789776249519	0.36967408957208864	MIR6758	0.2696244	False
1086	3.3486192227540266	1.23789776249519	0.36967408957208864	DDIT3	0.2696244	False
1087	3.3486192227540266	1.23789776249519	0.36967408957208864	MIR616	0.2696244	False
1088	3.3486192227540266	1.23789776249519	0.36967408957208864	MBD6	0.2696244	False
1089	3.3486192227540266	1.23789776249519	0.36967408957208864	DCTN2	0.2696244	False
1090	3.3486192227540266	1.23789776249519	0.36967408957208864	KIF5A	0.2696244	False
1091	3.3486192227540266	1.23789776249519	0.36967408957208864	PIP4K2C	0.2696244	False
1092	3.3486192227540266	1.23789776249519	0.36967408957208864	DTX3	0.2696244	False
1093	3.3486192227540266	1.23789776249519	0.36967408957208864	ARHGEF25	0.2696244	False
1094	3.3486192227540266	1.23789776249519	0.36967408957208864	SLC26A10	0.2696244	False
1095	3.3486192227540266	1.23789776249519	0.36967408957208864	B4GALNT1	0.2696244	False
1096	3.3486192227540266	1.23789776249519	0.36967408957208864	OS9	0.2696244	False
1097	3.3486192227540266	1.23789776249519	0.36967408957208864	AGAP2	0.2696244	False
1098	3.3486192227540266	1.23789776249519	0.36967408957208864	AGAP2-AS1	0.2696244	False
1099	3.3486192227540266	1.23789776249519	0.36967408957208864	TSPAN31	0.2696244	False
1100	3.3486192227540266	1.23789776249519	0.36967408957208864	CDK4	0.2696244	False
1101	3.3486192227540266	1.23789776249519	0.36967408957208864	MARCH9	0.2696244	False
1102	3.3486192227540266	1.23789776249519	0.36967408957208864	CYP27B1	0.2696244	False
1103	3.3486192227540266	1.23789776249519	0.36967408957208864	METTL1	0.2696244	False
1104	3.3486192227540266	1.23789776249519	0.36967408957208864	EEF1AKMT3	0.2696244	False
1105	3.3486192227540266	1.23789776249519	0.36967408957208864	TSFM	0.2696244	False
1106	3.3486192227540266	1.23789776249519	0.36967408957208864	AVIL	0.2696244	False
1107	3.3486192227540266	1.23789776249519	0.36967408957208864	CTDSP2	0.2696244	False
1108	3.3486192227540266	1.23789776249519	0.36967408957208864	MIR26A2	0.2696244	False
1109	3.14600435080342	0.9617397084244611	0.30570196388280707	GIHCG	0.2696225	False
1110	3.14600435080342	0.9617397084244611	0.30570196388280707	ATP23	0.2696225	False
1111	3.14600435080342	0.9617397084244611	0.30570196388280707	LINC02403	0.2696225	False
1112	3.4317134007274457	1.7586854024200462	0.5124802677424183	OR4K5	0.26962766	False
1113	3.4317134007274457	1.7586854024200462	0.5124802677424183	OR4K1	0.26962766	False
1114	3.4317134007274457	1.7586854024200462	0.5124802677424183	OR4K15	0.26962766	False
1115	3.4317134007274457	1.7586854024200462	0.5124802677424183	OR4K14	0.26962766	False
1116	3.4317134007274457	1.7586854024200462	0.5124802677424183	OR4K13	0.26962766	False
1117	3.4317134007274457	1.7586854024200462	0.5124802677424183	OR4L1	0.26962766	False
1118	3.4317134007274457	1.7586854024200462	0.5124802677424183	OR4K17	0.26962766	False
1119	3.4317134007274457	1.7586854024200462	0.5124802677424183	OR4N5	0.26962766	False
1120	3.4317134007274457	1.7586854024200462	0.5124802677424183	OR11G2	0.26962766	False
1121	3.4317134007274457	1.7586854024200462	0.5124802677424183	OR11H6	0.26962766	False
1122	3.4317134007274457	1.7586854024200462	0.5124802677424183	OR11H4	0.26962766	False
1123	3.4317134007274457	1.7586854024200462	0.5124802677424183	TTC5	0.26962766	False
1124	3.4317134007274457	1.7586854024200462	0.5124802677424183	CCNB1IP1	0.26962766	False
1125	3.4317134007274457	1.7586854024200462	0.5124802677424183	SNORD126	0.26962766	False
1126	3.4317134007274457	1.7586854024200462	0.5124802677424183	RPPH1	0.26962766	False
1127	3.4317134007274457	1.7586854024200462	0.5124802677424183	PARP2	0.26962766	False
1128	3.4317134007274457	1.7586854024200462	0.5124802677424183	TEP1	0.26962766	False
1129	3.4317134007274457	1.7586854024200462	0.5124802677424183	KLHL33	0.26962766	False
1130	3.4317134007274457	1.7586854024200462	0.5124802677424183	OSGEP	0.26962766	False
1131	3.4317134007274457	1.7586854024200462	0.5124802677424183	APEX1	0.26962766	False
1132	3.4317134007274457	1.7586854024200462	0.5124802677424183	PIP4P1	0.26962766	False
1133	3.4317134007274457	1.7586854024200462	0.5124802677424183	PNP	0.26962766	False
1134	3.4317134007274457	1.7586854024200462	0.5124802677424183	RNASE10	0.26962766	False
1135	3.4317134007274457	1.7586854024200462	0.5124802677424183	RNASE9	0.26962766	False
1136	3.4317134007274457	1.7586854024200462	0.5124802677424183	RNASE11	0.26962766	False
1137	3.4317134007274457	1.7586854024200462	0.5124802677424183	LOC254028	0.26962766	False
1138	3.4317134007274457	1.7586854024200462	0.5124802677424183	RNASE12	0.26962766	False
1139	3.4317134007274457	1.7586854024200462	0.5124802677424183	OR6S1	0.26962766	False
1140	3.4317134007274457	1.7586854024200462	0.5124802677424183	RNASE4	0.26962766	False
1141	3.4317134007274457	1.7586854024200462	0.5124802677424183	ANG	0.26962766	False
1142	3.4317134007274457	1.7586854024200462	0.5124802677424183	EDDM3A	0.26962766	False
1143	3.4317134007274457	1.7586854024200462	0.5124802677424183	EDDM3B	0.26962766	False
1144	3.4317134007274457	1.7586854024200462	0.5124802677424183	RNASE6	0.26962766	False
1145	3.4317134007274457	1.7586854024200462	0.5124802677424183	RNASE1	0.26962766	False
1146	3.4317134007274457	1.7586854024200462	0.5124802677424183	RNASE3	0.26962766	False
1147	3.3064573952505256	1.4351068653690837	0.43403156122032766	ECRP	0.2696254	False
1148	3.3064573952505256	1.4351068653690837	0.43403156122032766	RNASE2	0.2696254	False
1149	3.3064573952505256	1.4351068653690837	0.43403156122032766	METTL17	0.2696254	False
1150	3.3064573952505256	1.4351068653690837	0.43403156122032766	LOC101929718	0.2696254	False
1151	3.3064573952505256	1.4351068653690837	0.43403156122032766	SLC39A2	0.2696254	False
1152	3.3064573952505256	1.4351068653690837	0.43403156122032766	NDRG2	0.2696254	False
1153	3.3064573952505256	1.4351068653690837	0.43403156122032766	MIR6717	0.2696254	False
1154	3.3064573952505256	1.4351068653690837	0.43403156122032766	TPPP2	0.2696254	False
1155	3.3064573952505256	1.4351068653690837	0.43403156122032766	RNASE13	0.2696254	False
1156	3.3064573952505256	1.4351068653690837	0.43403156122032766	RNASE7	0.2696254	False
1157	3.3064573952505256	1.4351068653690837	0.43403156122032766	RNASE8	0.2696254	False
1158	3.3064573952505256	1.4351068653690837	0.43403156122032766	ARHGEF40	0.2696254	False
1159	3.3064573952505256	1.4351068653690837	0.43403156122032766	ZNF219	0.2696254	False
1160	3.3064573952505256	1.4351068653690837	0.43403156122032766	TMEM253	0.2696254	False
1161	3.3064573952505256	1.4351068653690837	0.43403156122032766	OR5AU1	0.2696254	False
1162	3.3064573952505256	1.4351068653690837	0.43403156122032766	LINC00641	0.2696254	False
1163	3.3064573952505256	1.4351068653690837	0.43403156122032766	HNRNPC	0.2696254	False
1164	3.3064573952505256	1.4351068653690837	0.43403156122032766	RPGRIP1	0.2696254	False
1165	3.3064573952505256	1.4351068653690837	0.43403156122032766	SUPT16H	0.2696254	False
1166	3.3064573952505256	1.4351068653690837	0.43403156122032766	CHD8	0.2696254	False
1167	3.3064573952505256	1.4351068653690837	0.43403156122032766	SNORD9	0.2696254	False
1168	3.3064573952505256	1.4351068653690837	0.43403156122032766	SNORD8	0.2696254	False
1169	3.3064573952505256	1.4351068653690837	0.43403156122032766	RAB2B	0.2696254	False
1170	3.3064573952505256	1.4351068653690837	0.43403156122032766	TOX4	0.2696254	False
1171	3.3064573952505256	1.4351068653690837	0.43403156122032766	METTL3	0.2696254	False
1172	3.3064573952505256	1.4351068653690837	0.43403156122032766	SALL2	0.2696254	False
1173	3.3064573952505256	1.4351068653690837	0.43403156122032766	OR10G3	0.2696254	False
1174	3.3064573952505256	1.4351068653690837	0.43403156122032766	OR10G2	0.2696254	False
1175	3.3064573952505256	1.4351068653690837	0.43403156122032766	OR4E2	0.2696254	False
1176	3.2229995914351384	1.182816912115689	0.36699257277566205	DAD1	0.26962367	False
1177	3.2229995914351384	1.182816912115689	0.36699257277566205	ABHD4	0.26962367	False
1178	3.2229995914351384	1.182816912115689	0.36699257277566205	OXA1L	0.26962367	False
1179	3.2229995914351384	1.182816912115689	0.36699257277566205	SLC7A7	0.26962367	False
1180	3.2229995914351384	1.182816912115689	0.36699257277566205	MRPL52	0.26962367	False
1181	3.2229995914351384	1.182816912115689	0.36699257277566205	MMP14	0.26962367	False
1182	3.2229995914351384	1.182816912115689	0.36699257277566205	LRP10	0.26962367	False
1183	3.2229995914351384	1.182816912115689	0.36699257277566205	REM2	0.26962367	False
1184	3.170547950218345	1.0678739441330567	0.33681053272180156	RBM23	0.26962283	False
1185	3.170547950218345	1.0678739441330567	0.33681053272180156	PRMT5-AS1	0.26962283	False
1186	3.170547950218345	1.0678739441330567	0.33681053272180156	PRMT5	0.26962283	False
1187	3.170547950218345	1.0678739441330567	0.33681053272180156	LOC101926933	0.26962283	False
1188	3.170547950218345	1.0678739441330567	0.33681053272180156	HAUS4	0.26962283	False
1189	3.170547950218345	1.0678739441330567	0.33681053272180156	MIR4707	0.26962283	False
1190	3.170547950218345	1.0678739441330567	0.33681053272180156	AJUBA	0.26962283	False
1191	3.170547950218345	1.0678739441330567	0.33681053272180156	C14orf93	0.26962283	False
1192	3.170547950218345	1.0678739441330567	0.33681053272180156	PSMB5	0.26962283	False
1193	3.170547950218345	1.0678739441330567	0.33681053272180156	PSMB11	0.26962283	False
1194	3.170547950218345	1.0678739441330567	0.33681053272180156	CDH24	0.26962283	False
1195	3.170547950218345	1.0678739441330567	0.33681053272180156	ACIN1	0.26962283	False
1196	3.170547950218345	1.0678739441330567	0.33681053272180156	C14orf119	0.26962283	False
1197	3.2363187971018332	1.288938200218695	0.3982729394189956	CEBPE	0.26962408	False
1198	3.2363187971018332	1.288938200218695	0.3982729394189956	SLC7A8	0.26962408	False
1199	3.2363187971018332	1.288938200218695	0.3982729394189956	RNF212B	0.26962408	False
1200	3.2363187971018332	1.288938200218695	0.3982729394189956	HOMEZ	0.26962408	False
1201	3.2363187971018332	1.288938200218695	0.3982729394189956	PPP1R3E	0.26962408	False
1202	3.2363187971018332	1.288938200218695	0.3982729394189956	BCL2L2-PABPN1	0.26962408	False
1203	3.2363187971018332	1.288938200218695	0.3982729394189956	BCL2L2	0.26962408	False
1204	3.2363187971018332	1.288938200218695	0.3982729394189956	PABPN1	0.26962408	False
1205	3.2363187971018332	1.288938200218695	0.3982729394189956	SLC22A17	0.26962408	False
1206	3.2363187971018332	1.288938200218695	0.3982729394189956	EFS	0.26962408	False
1207	3.2363187971018332	1.288938200218695	0.3982729394189956	IL25	0.26962408	False
1208	3.2363187971018332	1.288938200218695	0.3982729394189956	CMTM5	0.26962408	False
1209	3.2363187971018332	1.288938200218695	0.3982729394189956	MYH6	0.26962408	False
1210	3.2363187971018332	1.288938200218695	0.3982729394189956	MIR208A	0.26962408	False
1211	3.2363187971018332	1.288938200218695	0.3982729394189956	MYH7	0.26962408	False
1212	3.2363187971018332	1.288938200218695	0.3982729394189956	MIR208B	0.26962408	False
1213	3.2363187971018332	1.288938200218695	0.3982729394189956	NGDN	0.26962408	False
1214	3.2363187971018332	1.288938200218695	0.3982729394189956	THTPA	0.26962408	False
1215	3.2363187971018332	1.288938200218695	0.3982729394189956	ZFHX2	0.26962408	False
1216	3.2363187971018332	1.288938200218695	0.3982729394189956	AP1G2	0.26962408	False
1217	3.2363187971018332	1.288938200218695	0.3982729394189956	LOC102724814	0.26962408	False
1218	3.2363187971018332	1.288938200218695	0.3982729394189956	JPH4	0.26962408	False
1219	3.2363187971018332	1.288938200218695	0.3982729394189956	DHRS2	0.26962408	False
1220	3.1624555911428276	1.144311049121702	0.3618425669997087	DHRS4-AS1	0.2696232	False
1221	3.1624555911428276	1.144311049121702	0.3618425669997087	DHRS4	0.2696232	False
1222	3.1624555911428276	1.144311049121702	0.3618425669997087	DHRS4L2	0.2696232	False
1223	3.1624555911428276	1.144311049121702	0.3618425669997087	CARMIL3	0.2696232	False
1224	3.1624555911428276	1.144311049121702	0.3618425669997087	CPNE6	0.2696232	False
1225	3.1624555911428276	1.144311049121702	0.3618425669997087	NRL	0.2696232	False
1226	3.1624555911428276	1.144311049121702	0.3618425669997087	PCK2	0.2696232	False
1227	3.2642782668896575	1.428793241432021	0.4377057115272944	DCAF11	0.26962474	False
1228	3.2642782668896575	1.428793241432021	0.4377057115272944	FITM1	0.26962474	False
1229	3.2642782668896575	1.428793241432021	0.4377057115272944	PSME1	0.26962474	False
1230	3.2642782668896575	1.428793241432021	0.4377057115272944	EMC9	0.26962474	False
1231	3.2642782668896575	1.428793241432021	0.4377057115272944	PSME2	0.26962474	False
1232	3.2642782668896575	1.428793241432021	0.4377057115272944	MIR7703	0.26962474	False
1233	3.2642782668896575	1.428793241432021	0.4377057115272944	RNF31	0.26962474	False
1234	3.2642782668896575	1.428793241432021	0.4377057115272944	IRF9	0.26962474	False
1235	3.2642782668896575	1.428793241432021	0.4377057115272944	REC8	0.26962474	False
1236	3.2642782668896575	1.428793241432021	0.4377057115272944	IPO4	0.26962474	False
1237	3.2642782668896575	1.428793241432021	0.4377057115272944	TM9SF1	0.26962474	False
1238	3.2642782668896575	1.428793241432021	0.4377057115272944	TSSK4	0.26962474	False
1239	3.2642782668896575	1.428793241432021	0.4377057115272944	CHMP4A	0.26962474	False
1240	3.2642782668896575	1.428793241432021	0.4377057115272944	MDP1	0.26962474	False
1241	3.2642782668896575	1.428793241432021	0.4377057115272944	NEDD8-MDP1	0.26962474	False
1242	3.2642782668896575	1.428793241432021	0.4377057115272944	NEDD8	0.26962474	False
1243	3.2642782668896575	1.428793241432021	0.4377057115272944	GMPR2	0.26962474	False
1244	3.2642782668896575	1.428793241432021	0.4377057115272944	TINF2	0.26962474	False
1245	3.2642782668896575	1.428793241432021	0.4377057115272944	TGM1	0.26962474	False
1246	3.2642782668896575	1.428793241432021	0.4377057115272944	RABGGTA	0.26962474	False
1247	3.2642782668896575	1.428793241432021	0.4377057115272944	DHRS1	0.26962474	False
1248	3.2642782668896575	1.428793241432021	0.4377057115272944	NOP9	0.26962474	False
1249	3.2642782668896575	1.428793241432021	0.4377057115272944	CIDEB	0.26962474	False
1250	3.2642782668896575	1.428793241432021	0.4377057115272944	LTB4R2	0.26962474	False
1251	3.2642782668896575	1.428793241432021	0.4377057115272944	LTB4R	0.26962474	False
1252	3.2642782668896575	1.428793241432021	0.4377057115272944	ADCY4	0.26962474	False
1253	3.2642782668896575	1.428793241432021	0.4377057115272944	RIPK3	0.26962474	False
1254	3.2642782668896575	1.428793241432021	0.4377057115272944	NFATC4	0.26962474	False
1255	3.2642782668896575	1.428793241432021	0.4377057115272944	NYNRIN	0.26962474	False
1256	3.2642782668896575	1.428793241432021	0.4377057115272944	CBLN3	0.26962474	False
1257	3.2642782668896575	1.428793241432021	0.4377057115272944	KHNYN	0.26962474	False
1258	3.2642782668896575	1.428793241432021	0.4377057115272944	SDR39U1	0.26962474	False
1259	3.2642782668896575	1.428793241432021	0.4377057115272944	CMA1	0.26962474	False
1260	3.2642782668896575	1.428793241432021	0.4377057115272944	CTSG	0.26962474	False
1261	3.2642782668896575	1.428793241432021	0.4377057115272944	GZMH	0.26962474	False
1262	3.2642782668896575	1.428793241432021	0.4377057115272944	GZMB	0.26962474	False
1263	3.403593114871216	1.440566640218893	0.4232487819782773	MIR4522	0.2696258	False
1264	3.403593114871216	1.440566640218893	0.4232487819782773	WSB1	0.2696258	False
1265	3.403593114871216	1.440566640218893	0.4232487819782773	KSR1	0.2696258	False
1266	3.403593114871216	1.440566640218893	0.4232487819782773	LGALS9	0.2696258	False
1267	3.403593114871216	1.440566640218893	0.4232487819782773	NOS2	0.2696258	False
1268	3.403593114871216	1.440566640218893	0.4232487819782773	LYRM9	0.2696258	False
1269	3.312340684778487	1.294681353579762	0.3908659998439575	NLK	0.26962507	False
1270	3.312340684778487	1.294681353579762	0.3908659998439575	TMEM97	0.26962507	False
1271	3.312340684778487	1.294681353579762	0.3908659998439575	IFT20	0.26962507	False
1272	3.312340684778487	1.294681353579762	0.3908659998439575	TNFAIP1	0.26962507	False
1273	3.312340684778487	1.294681353579762	0.3908659998439575	POLDIP2	0.26962507	False
1274	3.312340684778487	1.294681353579762	0.3908659998439575	TMEM199	0.26962507	False
1275	3.312340684778487	1.294681353579762	0.3908659998439575	MIR4723	0.26962507	False
1276	3.312340684778487	1.294681353579762	0.3908659998439575	SEBOX	0.26962507	False
1277	3.312340684778487	1.294681353579762	0.3908659998439575	SARM1	0.26962507	False
1278	3.312340684778487	1.294681353579762	0.3908659998439575	VTN	0.26962507	False
1279	3.312340684778487	1.294681353579762	0.3908659998439575	SLC46A1	0.26962507	False
1280	3.312340684778487	1.294681353579762	0.3908659998439575	SGK494	0.26962507	False
1281	3.312340684778487	1.294681353579762	0.3908659998439575	SLC13A2	0.26962507	False
1282	3.312340684778487	1.294681353579762	0.3908659998439575	FOXN1	0.26962507	False
1283	3.312340684778487	1.294681353579762	0.3908659998439575	UNC119	0.26962507	False
1284	3.312340684778487	1.294681353579762	0.3908659998439575	PIGS	0.26962507	False
1285	3.312340684778487	1.294681353579762	0.3908659998439575	ALDOC	0.26962507	False
1286	3.312340684778487	1.294681353579762	0.3908659998439575	SPAG5	0.26962507	False
1287	3.312340684778487	1.294681353579762	0.3908659998439575	SPAG5-AS1	0.26962507	False
1288	3.312340684778487	1.294681353579762	0.3908659998439575	KIAA0100	0.26962507	False
1289	3.312340684778487	1.294681353579762	0.3908659998439575	SDF2	0.26962507	False
1290	3.312340684778487	1.294681353579762	0.3908659998439575	SUPT6H	0.26962507	False
1291	3.312340684778487	1.294681353579762	0.3908659998439575	PROCA1	0.26962507	False
1292	3.312340684778487	1.294681353579762	0.3908659998439575	RAB34	0.26962507	False
1293	3.312340684778487	1.294681353579762	0.3908659998439575	RPL23A	0.26962507	False
1294	3.312340684778487	1.294681353579762	0.3908659998439575	SNORD42B	0.26962507	False
1295	3.312340684778487	1.294681353579762	0.3908659998439575	SNORD4A	0.26962507	False
1296	3.312340684778487	1.294681353579762	0.3908659998439575	SNORD42A	0.26962507	False
1297	3.312340684778487	1.294681353579762	0.3908659998439575	SNORD4B	0.26962507	False
1298	3.312340684778487	1.294681353579762	0.3908659998439575	TLCD1	0.26962507	False
1299	3.312340684778487	1.294681353579762	0.3908659998439575	NEK8	0.26962507	False
1300	3.312340684778487	1.294681353579762	0.3908659998439575	TRAF4	0.26962507	False
1301	3.312340684778487	1.294681353579762	0.3908659998439575	FAM222B	0.26962507	False
1302	3.312340684778487	1.294681353579762	0.3908659998439575	ERAL1	0.26962507	False
1303	3.312340684778487	1.294681353579762	0.3908659998439575	MIR144	0.26962507	False
1304	3.312340684778487	1.294681353579762	0.3908659998439575	MIR451A	0.26962507	False
1305	3.312340684778487	1.294681353579762	0.3908659998439575	MIR4732	0.26962507	False
1306	3.312340684778487	1.294681353579762	0.3908659998439575	FLOT2	0.26962507	False
1307	3.1898527260910527	1.043127734945901	0.3270143873457703	DHRS13	0.269623	False
1308	3.1898527260910527	1.043127734945901	0.3270143873457703	PHF12	0.269623	False
1309	3.1898527260910527	1.043127734945901	0.3270143873457703	LOC101927018	0.269623	False
1310	3.1898527260910527	1.043127734945901	0.3270143873457703	PIPOX	0.269623	False
1311	3.1898527260910527	1.043127734945901	0.3270143873457703	SEZ6	0.269623	False
1312	3.1898527260910527	1.043127734945901	0.3270143873457703	MYO18A	0.269623	False
1313	3.1898527260910527	1.043127734945901	0.3270143873457703	TIAF1	0.269623	False
1314	3.1898527260910527	1.043127734945901	0.3270143873457703	CRYBA1	0.269623	False
1315	3.1898527260910527	1.043127734945901	0.3270143873457703	NUFIP2	0.269623	False
1316	3.1898527260910527	1.043127734945901	0.3270143873457703	TAOK1	0.269623	False
1317	3.1898527260910527	1.043127734945901	0.3270143873457703	MIR4523	0.269623	False
1318	3.1898527260910527	1.043127734945901	0.3270143873457703	ABHD15	0.269623	False
1319	3.1898527260910527	1.043127734945901	0.3270143873457703	TP53I13	0.269623	False
1320	3.1898527260910527	1.043127734945901	0.3270143873457703	GIT1	0.269623	False
1321	3.1898527260910527	1.043127734945901	0.3270143873457703	ANKRD13B	0.269623	False
1322	3.1898527260910527	1.043127734945901	0.3270143873457703	CORO6	0.269623	False
1323	3.0705114358332666	0.8533101008405332	0.2779048763285144	SSH2	0.2696217	False
1324	3.0705114358332666	0.8533101008405332	0.2779048763285144	EFCAB5	0.2696217	False
1325	3.137340262471119	0.9478994060010351	0.30213471498128935	ARL5C	0.26962256	False
1326	3.137340262471119	0.9478994060010351	0.30213471498128935	CACNB1	0.26962256	False
1327	3.137340262471119	0.9478994060010351	0.30213471498128935	RPL19	0.26962256	False
1328	3.137340262471119	0.9478994060010351	0.30213471498128935	STAC2	0.26962256	False
1329	3.137340262471119	0.9478994060010351	0.30213471498128935	FBXL20	0.26962256	False
1330	3.137340262471119	0.9478994060010351	0.30213471498128935	MED1	0.26962256	False
1331	3.137340262471119	0.9478994060010351	0.30213471498128935	CDK12	0.26962256	False
1332	3.137340262471119	0.9478994060010351	0.30213471498128935	NEUROD2	0.26962256	False
1333	3.137340262471119	0.9478994060010351	0.30213471498128935	PPP1R1B	0.26962256	False
1334	3.137340262471119	0.9478994060010351	0.30213471498128935	STARD3	0.26962256	False
1335	3.137340262471119	0.9478994060010351	0.30213471498128935	TCAP	0.26962256	False
1336	3.137340262471119	0.9478994060010351	0.30213471498128935	PNMT	0.26962256	False
1337	3.137340262471119	0.9478994060010351	0.30213471498128935	PGAP3	0.26962256	False
1338	3.137340262471119	0.9478994060010351	0.30213471498128935	ERBB2	0.26962256	False
1339	3.137340262471119	0.9478994060010351	0.30213471498128935	MIR4728	0.26962256	False
1340	3.137340262471119	0.9478994060010351	0.30213471498128935	MIEN1	0.26962256	False
1341	3.137340262471119	0.9478994060010351	0.30213471498128935	GRB7	0.26962256	False
1342	3.137340262471119	0.9478994060010351	0.30213471498128935	IKZF3	0.26962256	False
1343	3.137340262471119	0.9478994060010351	0.30213471498128935	ZPBP2	0.26962256	False
1344	3.1117551658891753	0.8586634690396063	0.27594184737032346	GSDMB	0.2696221	False
1345	3.1117551658891753	0.8586634690396063	0.27594184737032346	ORMDL3	0.2696221	False
1346	3.1117551658891753	0.8586634690396063	0.27594184737032346	LRRC3C	0.2696221	False
1347	3.1117551658891753	0.8586634690396063	0.27594184737032346	GSDMA	0.2696221	False
1348	3.1117551658891753	0.8586634690396063	0.27594184737032346	PSMD3	0.2696221	False
1349	3.1117551658891753	0.8586634690396063	0.27594184737032346	CSF3	0.2696221	False
1350	3.1117551658891753	0.8586634690396063	0.27594184737032346	MED24	0.2696221	False
1351	3.1117551658891753	0.8586634690396063	0.27594184737032346	MIR6884	0.2696221	False
1352	3.1117551658891753	0.8586634690396063	0.27594184737032346	SNORD124	0.2696221	False
1353	3.1117551658891753	0.8586634690396063	0.27594184737032346	THRA	0.2696221	False
1354	3.1117551658891753	0.8586634690396063	0.27594184737032346	NR1D1	0.2696221	False
1355	3.252327365747446	1.034704693636074	0.31814284888208955	MSL1	0.26962346	False
1356	3.252327365747446	1.034704693636074	0.31814284888208955	CASC3	0.26962346	False
1357	3.252327365747446	1.034704693636074	0.31814284888208955	RAPGEFL1	0.26962346	False
1358	3.252327365747446	1.034704693636074	0.31814284888208955	MIR6867	0.26962346	False
1359	3.252327365747446	1.034704693636074	0.31814284888208955	WIPF2	0.26962346	False
1360	3.252327365747446	1.034704693636074	0.31814284888208955	CDC6	0.26962346	False
1361	3.252327365747446	1.034704693636074	0.31814284888208955	RARA	0.26962346	False
1362	3.252327365747446	1.034704693636074	0.31814284888208955	RARA-AS1	0.26962346	False
1363	3.252327365747446	1.034704693636074	0.31814284888208955	GJD3	0.26962346	False
1364	3.252327365747446	1.034704693636074	0.31814284888208955	TOP2A	0.26962346	False
1365	3.252327365747446	1.034704693636074	0.31814284888208955	IGFBP4	0.26962346	False
1366	3.252327365747446	1.034704693636074	0.31814284888208955	TNS4	0.26962346	False
1367	3.252327365747446	1.034704693636074	0.31814284888208955	CCR7	0.26962346	False
1368	3.252327365747446	1.034704693636074	0.31814284888208955	SMARCE1	0.26962346	False
1369	3.252327365747446	1.034704693636074	0.31814284888208955	KRT222	0.26962346	False
1370	3.252327365747446	1.034704693636074	0.31814284888208955	KRT24	0.26962346	False
1371	3.252327365747446	1.034704693636074	0.31814284888208955	KRT25	0.26962346	False
1372	3.252327365747446	1.034704693636074	0.31814284888208955	KRT26	0.26962346	False
1373	3.252327365747446	1.034704693636074	0.31814284888208955	KRT27	0.26962346	False
1374	3.252327365747446	1.034704693636074	0.31814284888208955	KRT28	0.26962346	False
1375	3.252327365747446	1.034704693636074	0.31814284888208955	KRT10	0.26962346	False
1376	3.252327365747446	1.034704693636074	0.31814284888208955	TMEM99	0.26962346	False
1377	3.252327365747446	1.034704693636074	0.31814284888208955	KRT12	0.26962346	False
1378	3.252327365747446	1.034704693636074	0.31814284888208955	KRT20	0.26962346	False
1379	3.1572140512565485	0.8894321251188154	0.2817142299125483	KRT23	0.26962256	False
1380	3.1572140512565485	0.8894321251188154	0.2817142299125483	KRT39	0.26962256	False
1381	3.1572140512565485	0.8894321251188154	0.2817142299125483	KRT40	0.26962256	False
1382	3.1572140512565485	0.8894321251188154	0.2817142299125483	KRTAP3-3	0.26962256	False
1383	3.1572140512565485	0.8894321251188154	0.2817142299125483	KRTAP3-2	0.26962256	False
1384	3.1572140512565485	0.8894321251188154	0.2817142299125483	KRTAP3-1	0.26962256	False
1385	3.1572140512565485	0.8894321251188154	0.2817142299125483	KRTAP1-5	0.26962256	False
1386	3.1572140512565485	0.8894321251188154	0.2817142299125483	KRTAP1-4	0.26962256	False
1387	3.1572140512565485	0.8894321251188154	0.2817142299125483	KRTAP1-3	0.26962256	False
1388	3.1572140512565485	0.8894321251188154	0.2817142299125483	KRTAP1-1	0.26962256	False
1389	3.1572140512565485	0.8894321251188154	0.2817142299125483	KRTAP2-1	0.26962256	False
1390	3.1572140512565485	0.8894321251188154	0.2817142299125483	KRTAP2-2	0.26962256	False
1391	3.1572140512565485	0.8894321251188154	0.2817142299125483	KRTAP2-3	0.26962256	False
1392	3.1572140512565485	0.8894321251188154	0.2817142299125483	KRTAP2-4	0.26962256	False
1393	3.1572140512565485	0.8894321251188154	0.2817142299125483	KRTAP4-7	0.26962256	False
1394	3.1572140512565485	0.8894321251188154	0.2817142299125483	KRTAP4-8	0.26962256	False
1395	3.2340620337682093	1.004346651903361	0.31055268619357107	KRTAP4-9	0.2696233	False
1396	3.2340620337682093	1.004346651903361	0.31055268619357107	KRTAP4-11	0.2696233	False
1397	3.2340620337682093	1.004346651903361	0.31055268619357107	KRTAP4-12	0.2696233	False
1398	3.2340620337682093	1.004346651903361	0.31055268619357107	KRTAP4-6	0.2696233	False
1399	3.2340620337682093	1.004346651903361	0.31055268619357107	KRTAP4-5	0.2696233	False
1400	3.2340620337682093	1.004346651903361	0.31055268619357107	KRTAP4-4	0.2696233	False
1401	3.2340620337682093	1.004346651903361	0.31055268619357107	KRTAP4-3	0.2696233	False
1402	3.2340620337682093	1.004346651903361	0.31055268619357107	KRTAP4-2	0.2696233	False
1403	3.2340620337682093	1.004346651903361	0.31055268619357107	KRTAP4-1	0.2696233	False
1404	3.2340620337682093	1.004346651903361	0.31055268619357107	KRTAP9-1	0.2696233	False
1405	3.2340620337682093	1.004346651903361	0.31055268619357107	KRTAP9-2	0.2696233	False
1406	3.2340620337682093	1.004346651903361	0.31055268619357107	KRTAP9-3	0.2696233	False
1407	3.2340620337682093	1.004346651903361	0.31055268619357107	KRTAP9-8	0.2696233	False
1408	3.2340620337682093	1.004346651903361	0.31055268619357107	KRTAP9-4	0.2696233	False
1409	3.2340620337682093	1.004346651903361	0.31055268619357107	KRTAP9-9	0.2696233	False
1410	3.2340620337682093	1.004346651903361	0.31055268619357107	KRTAP9-6	0.2696233	False
1411	3.2340620337682093	1.004346651903361	0.31055268619357107	KRTAP9-7	0.2696233	False
1412	3.2340620337682093	1.004346651903361	0.31055268619357107	KRTAP29-1	0.2696233	False
1413	3.2340620337682093	1.004346651903361	0.31055268619357107	KRTAP16-1	0.2696233	False
1414	3.2340620337682093	1.004346651903361	0.31055268619357107	KRTAP17-1	0.2696233	False
1415	3.2340620337682093	1.004346651903361	0.31055268619357107	KRT33A	0.2696233	False
1416	3.2340620337682093	1.004346651903361	0.31055268619357107	KRT33B	0.2696233	False
1417	3.2340620337682093	1.004346651903361	0.31055268619357107	KRT34	0.2696233	False
1418	3.2340620337682093	1.004346651903361	0.31055268619357107	KRT31	0.2696233	False
1419	3.2340620337682093	1.004346651903361	0.31055268619357107	LOC100505782	0.2696233	False
1420	3.2340620337682093	1.004346651903361	0.31055268619357107	KRT37	0.2696233	False
1421	3.2340620337682093	1.004346651903361	0.31055268619357107	KRT38	0.2696233	False
1422	3.2340620337682093	1.004346651903361	0.31055268619357107	KRT32	0.2696233	False
1423	3.2340620337682093	1.004346651903361	0.31055268619357107	KRT35	0.2696233	False
1424	3.2340620337682093	1.004346651903361	0.31055268619357107	KRT36	0.2696233	False
1425	3.2340620337682093	1.004346651903361	0.31055268619357107	KRT13	0.2696233	False
1426	3.2340620337682093	1.004346651903361	0.31055268619357107	KRT15	0.2696233	False
1427	3.2340620337682093	1.004346651903361	0.31055268619357107	MIR6510	0.2696233	False
1428	3.2340620337682093	1.004346651903361	0.31055268619357107	KRT19	0.2696233	False
1429	3.2340620337682093	1.004346651903361	0.31055268619357107	LINC00974	0.2696233	False
1430	3.2340620337682093	1.004346651903361	0.31055268619357107	KRT9	0.2696233	False
1431	3.2340620337682093	1.004346651903361	0.31055268619357107	KRT14	0.2696233	False
1432	3.2340620337682093	1.004346651903361	0.31055268619357107	KRT16	0.2696233	False
1433	3.2340620337682093	1.004346651903361	0.31055268619357107	KRT17	0.2696233	False
1434	3.2340620337682093	1.004346651903361	0.31055268619357107	EIF1	0.2696233	False
1435	3.2340620337682093	1.004346651903361	0.31055268619357107	GAST	0.2696233	False
1436	3.2340620337682093	1.004346651903361	0.31055268619357107	HAP1	0.2696233	False
1437	3.2340620337682093	1.004346651903361	0.31055268619357107	JUP	0.2696233	False
1438	3.2340620337682093	1.004346651903361	0.31055268619357107	P3H4	0.2696233	False
1439	3.2340620337682093	1.004346651903361	0.31055268619357107	FKBP10	0.2696233	False
1440	3.2340620337682093	1.004346651903361	0.31055268619357107	NT5C3B	0.2696233	False
1441	3.2340620337682093	1.004346651903361	0.31055268619357107	KLHL10	0.2696233	False
1442	3.2340620337682093	1.004346651903361	0.31055268619357107	KLHL11	0.2696233	False
1443	3.1637818409974834	0.8883120801340166	0.2807753899535462	ACLY	0.26962262	False
1444	3.1637818409974834	0.8883120801340166	0.2807753899535462	TTC25	0.26962262	False
1445	3.1637818409974834	0.8883120801340166	0.2807753899535462	CNP	0.26962262	False
1446	3.1637818409974834	0.8883120801340166	0.2807753899535462	DNAJC7	0.26962262	False
1447	3.1637818409974834	0.8883120801340166	0.2807753899535462	NKIRAS2	0.26962262	False
1448	3.1637818409974834	0.8883120801340166	0.2807753899535462	ZNF385C	0.26962262	False
1449	3.216743212729248	1.0402607484985633	0.3233894282832584	DHX58	0.26962355	False
1450	3.216743212729248	1.0402607484985633	0.3233894282832584	KAT2A	0.26962355	False
1451	3.216743212729248	1.0402607484985633	0.3233894282832584	RAB5C	0.26962355	False
1452	3.216743212729248	1.0402607484985633	0.3233894282832584	HSPB9	0.26962355	False
1453	3.216743212729248	1.0402607484985633	0.3233894282832584	KCNH4	0.26962355	False
1454	3.216743212729248	1.0402607484985633	0.3233894282832584	HCRT	0.26962355	False
1455	3.216743212729248	1.0402607484985633	0.3233894282832584	GHDC	0.26962355	False
1456	3.216743212729248	1.0402607484985633	0.3233894282832584	STAT5B	0.26962355	False
1457	3.216743212729248	1.0402607484985633	0.3233894282832584	STAT5A	0.26962355	False
1458	3.216743212729248	1.0402607484985633	0.3233894282832584	STAT3	0.26962355	False
1459	3.216743212729248	1.0402607484985633	0.3233894282832584	CAVIN1	0.26962355	False
1460	3.216743212729248	1.0402607484985633	0.3233894282832584	ATP6V0A1	0.26962355	False
1461	3.216743212729248	1.0402607484985633	0.3233894282832584	MIR548AT	0.26962355	False
1462	3.216743212729248	1.0402607484985633	0.3233894282832584	MIR5010	0.26962355	False
1463	3.216743212729248	1.0402607484985633	0.3233894282832584	NAGLU	0.26962355	False
1464	3.216743212729248	1.0402607484985633	0.3233894282832584	HSD17B1	0.26962355	False
1465	3.216743212729248	1.0402607484985633	0.3233894282832584	COASY	0.26962355	False
1466	3.216743212729248	1.0402607484985633	0.3233894282832584	MLX	0.26962355	False
1467	3.216743212729248	1.0402607484985633	0.3233894282832584	PSMC3IP	0.26962355	False
1468	3.216743212729248	1.0402607484985633	0.3233894282832584	RETREG3	0.26962355	False
1469	3.216743212729248	1.0402607484985633	0.3233894282832584	TUBG1	0.26962355	False
1470	3.216743212729248	1.0402607484985633	0.3233894282832584	TUBG2	0.26962355	False
1471	3.216743212729248	1.0402607484985633	0.3233894282832584	PLEKHH3	0.26962355	False
1472	3.216743212729248	1.0402607484985633	0.3233894282832584	CCR10	0.26962355	False
1473	3.216743212729248	1.0402607484985633	0.3233894282832584	CNTNAP1	0.26962355	False
1474	3.216743212729248	1.0402607484985633	0.3233894282832584	EZH1	0.26962355	False
1475	3.216743212729248	1.0402607484985633	0.3233894282832584	MIR6780A	0.26962355	False
1476	3.216743212729248	1.0402607484985633	0.3233894282832584	RAMP2-AS1	0.26962355	False
1477	3.216743212729248	1.0402607484985633	0.3233894282832584	RAMP2	0.26962355	False
1478	3.216743212729248	1.0402607484985633	0.3233894282832584	VPS25	0.26962355	False
1479	3.216743212729248	1.0402607484985633	0.3233894282832584	WNK4	0.26962355	False
1480	3.216743212729248	1.0402607484985633	0.3233894282832584	COA3	0.26962355	False
1481	3.216743212729248	1.0402607484985633	0.3233894282832584	CNTD1	0.26962355	False
1482	3.216743212729248	1.0402607484985633	0.3233894282832584	BECN1	0.26962355	False
1483	3.216743212729248	1.0402607484985633	0.3233894282832584	MIR6781	0.26962355	False
1484	3.216743212729248	1.0402607484985633	0.3233894282832584	PSME3	0.26962355	False
1485	3.216743212729248	1.0402607484985633	0.3233894282832584	AOC2	0.26962355	False
1486	3.216743212729248	1.0402607484985633	0.3233894282832584	AOC3	0.26962355	False
1487	3.216743212729248	1.0402607484985633	0.3233894282832584	LINC00671	0.26962355	False
1488	3.109810231383957	0.843450756003438	0.27122258055858206	G6PC	0.26962224	False
1489	3.109810231383957	0.843450756003438	0.27122258055858206	AARSD1	0.26962224	False
1490	3.109810231383957	0.843450756003438	0.27122258055858206	PTGES3L-AARSD1	0.26962224	False
1491	3.109810231383957	0.843450756003438	0.27122258055858206	PTGES3L	0.26962224	False
1492	3.109810231383957	0.843450756003438	0.27122258055858206	RUNDC1	0.26962224	False
1493	3.109810231383957	0.843450756003438	0.27122258055858206	RPL27	0.26962224	False
1494	3.109810231383957	0.843450756003438	0.27122258055858206	IFI35	0.26962224	False
1495	3.109810231383957	0.843450756003438	0.27122258055858206	VAT1	0.26962224	False
1496	3.109810231383957	0.843450756003438	0.27122258055858206	RND2	0.26962224	False
1497	3.109810231383957	0.843450756003438	0.27122258055858206	BRCA1	0.26962224	False
1498	3.1262139469919403	0.8982349126386603	0.2873235574625168	LOC101929767	0.2696222	False
1499	3.1262139469919403	0.8982349126386603	0.2873235574625168	NBR1	0.2696222	False
1500	3.1262139469919403	0.8982349126386603	0.2873235574625168	TMEM106A	0.2696222	False
1501	3.1262139469919403	0.8982349126386603	0.2873235574625168	CCDC200	0.2696222	False
1502	3.1262139469919403	0.8982349126386603	0.2873235574625168	RNU2-1	0.2696222	False
1503	3.1262139469919403	0.8982349126386603	0.2873235574625168	LINC00910	0.2696222	False
1504	3.1262139469919403	0.8982349126386603	0.2873235574625168	ARL4D	0.2696222	False
1505	3.1262139469919403	0.8982349126386603	0.2873235574625168	MIR2117	0.2696222	False
1506	3.1262139469919403	0.8982349126386603	0.2873235574625168	DHX8	0.2696222	False
1507	3.1262139469919403	0.8982349126386603	0.2873235574625168	ETV4	0.2696222	False
1508	3.1262139469919403	0.8982349126386603	0.2873235574625168	MEOX1	0.2696222	False
1509	3.1262139469919403	0.8982349126386603	0.2873235574625168	SOST	0.2696222	False
1510	3.1262139469919403	0.8982349126386603	0.2873235574625168	DUSP3	0.2696222	False
1511	3.1262139469919403	0.8982349126386603	0.2873235574625168	CFAP97D1	0.2696222	False
1512	3.1262139469919403	0.8982349126386603	0.2873235574625168	MPP3	0.2696222	False
1513	3.1262139469919403	0.8982349126386603	0.2873235574625168	CD300LG	0.2696222	False
1514	3.007784925630141	0.7263157613240173	0.24147862273491905	MPP2	0.26962107	False
1515	3.007784925630141	0.7263157613240173	0.24147862273491905	FAM215A	0.26962107	False
1516	3.007784925630141	0.7263157613240173	0.24147862273491905	PPY	0.26962107	False
1517	3.007784925630141	0.7263157613240173	0.24147862273491905	PYY	0.26962107	False
1518	3.007784925630141	0.7263157613240173	0.24147862273491905	NAGS	0.26962107	False
1519	3.007784925630141	0.7263157613240173	0.24147862273491905	TMEM101	0.26962107	False
1520	3.007784925630141	0.7263157613240173	0.24147862273491905	LSM12	0.26962107	False
1521	3.007784925630141	0.7263157613240173	0.24147862273491905	G6PC3	0.26962107	False
1522	3.007784925630141	0.7263157613240173	0.24147862273491905	HDAC5	0.26962107	False
1523	3.0839134000404727	0.8398320885446577	0.27232674190320516	SP2	0.2696219	False
1524	3.0839134000404727	0.8398320885446577	0.27232674190320516	SP2-AS1	0.2696219	False
1525	3.0839134000404727	0.8398320885446577	0.27232674190320516	PNPO	0.2696219	False
1526	3.0839134000404727	0.8398320885446577	0.27232674190320516	CDK5RAP3	0.2696219	False
1527	3.0839134000404727	0.8398320885446577	0.27232674190320516	PRR15L	0.2696219	False
1528	3.0839134000404727	0.8398320885446577	0.27232674190320516	COPZ2	0.2696219	False
1529	3.0839134000404727	0.8398320885446577	0.27232674190320516	MIR152	0.2696219	False
1530	3.0839134000404727	0.8398320885446577	0.27232674190320516	NFE2L1	0.2696219	False
1531	3.0839134000404727	0.8398320885446577	0.27232674190320516	CBX1	0.2696219	False
1532	3.213857833542967	1.0462950193696727	0.32555734371617606	SNX11	0.26962313	False
1533	3.213857833542967	1.0462950193696727	0.32555734371617606	SKAP1	0.26962313	False
1534	3.213857833542967	1.0462950193696727	0.32555734371617606	MIR1203	0.26962313	False
1535	3.213857833542967	1.0462950193696727	0.32555734371617606	THRA1/BTR	0.26962313	False
1536	3.213857833542967	1.0462950193696727	0.32555734371617606	LOC101927166	0.26962313	False
1537	3.213857833542967	1.0462950193696727	0.32555734371617606	HOXB1	0.26962313	False
1538	3.213857833542967	1.0462950193696727	0.32555734371617606	HOXB2	0.26962313	False
1539	3.213857833542967	1.0462950193696727	0.32555734371617606	HOXB-AS1	0.26962313	False
1540	3.213857833542967	1.0462950193696727	0.32555734371617606	HOXB3	0.26962313	False
1541	3.213857833542967	1.0462950193696727	0.32555734371617606	HOXB-AS3	0.26962313	False
1542	3.213857833542967	1.0462950193696727	0.32555734371617606	HOXB6	0.26962313	False
1543	3.213857833542967	1.0462950193696727	0.32555734371617606	HOXB4	0.26962313	False
1544	3.213857833542967	1.0462950193696727	0.32555734371617606	MIR10A	0.26962313	False
1545	3.213857833542967	1.0462950193696727	0.32555734371617606	HOXB5	0.26962313	False
1546	3.213857833542967	1.0462950193696727	0.32555734371617606	HOXB7	0.26962313	False
1547	3.213857833542967	1.0462950193696727	0.32555734371617606	HOXB8	0.26962313	False
1548	3.213857833542967	1.0462950193696727	0.32555734371617606	HOXB9	0.26962313	False
1549	3.213857833542967	1.0462950193696727	0.32555734371617606	MIR196A1	0.26962313	False
1550	3.213857833542967	1.0462950193696727	0.32555734371617606	PRAC1	0.26962313	False
1551	3.213857833542967	1.0462950193696727	0.32555734371617606	PRAC2	0.26962313	False
1552	3.213857833542967	1.0462950193696727	0.32555734371617606	MIR3185	0.26962313	False
1553	3.213857833542967	1.0462950193696727	0.32555734371617606	HOXB13	0.26962313	False
1554	3.213857833542967	1.0462950193696727	0.32555734371617606	TTLL6	0.26962313	False
1555	3.213857833542967	1.0462950193696727	0.32555734371617606	CALCOCO2	0.26962313	False
1556	3.213857833542967	1.0462950193696727	0.32555734371617606	ATP5MC1	0.26962313	False
1557	3.1509984000670297	0.907270222635043	0.287931032467596	UBE2Z	0.2696224	False
1558	3.1509984000670297	0.907270222635043	0.287931032467596	SNF8	0.2696224	False
1559	3.1509984000670297	0.907270222635043	0.287931032467596	GIP	0.2696224	False
1560	3.1509984000670297	0.907270222635043	0.287931032467596	IGF2BP1	0.2696224	False
1561	3.2468976769874573	1.056318709017997	0.32533169015602387	B4GALNT2	0.26962334	False
1562	3.2468976769874573	1.056318709017997	0.32533169015602387	GNGT2	0.26962334	False
1563	3.2468976769874573	1.056318709017997	0.32533169015602387	ABI3	0.26962334	False
1564	3.2468976769874573	1.056318709017997	0.32533169015602387	PHOSPHO1	0.26962334	False
1565	3.2468976769874573	1.056318709017997	0.32533169015602387	FLJ40194	0.26962334	False
1566	3.2468976769874573	1.056318709017997	0.32533169015602387	MIR6129	0.26962334	False
1567	3.2468976769874573	1.056318709017997	0.32533169015602387	ZNF652	0.26962334	False
1568	3.2468976769874573	1.056318709017997	0.32533169015602387	LOC102724596	0.26962334	False
1569	3.2468976769874573	1.056318709017997	0.32533169015602387	PHB	0.26962334	False
1570	3.2468976769874573	1.056318709017997	0.32533169015602387	LINC02075	0.26962334	False
1571	3.2468976769874573	1.056318709017997	0.32533169015602387	NGFR	0.26962334	False
1572	3.2468976769874573	1.056318709017997	0.32533169015602387	LOC100288866	0.26962334	False
1573	3.2468976769874573	1.056318709017997	0.32533169015602387	MIR6165	0.26962334	False
1574	3.2468976769874573	1.056318709017997	0.32533169015602387	NXPH3	0.26962334	False
1575	3.2468976769874573	1.056318709017997	0.32533169015602387	SPOP	0.26962334	False
1576	3.2468976769874573	1.056318709017997	0.32533169015602387	SLC35B1	0.26962334	False
1577	3.2468976769874573	1.056318709017997	0.32533169015602387	FAM117A	0.26962334	False
1578	3.2468976769874573	1.056318709017997	0.32533169015602387	KAT7	0.26962334	False
1579	3.2468976769874573	1.056318709017997	0.32533169015602387	TAC4	0.26962334	False
1580	3.2468976769874573	1.056318709017997	0.32533169015602387	FLJ45513	0.26962334	False
1581	3.202743058951713	0.9852472075859745	0.3076260534956728	DLX4	0.26962295	False
1582	3.202743058951713	0.9852472075859745	0.3076260534956728	DLX3	0.26962295	False
1583	3.202743058951713	0.9852472075859745	0.3076260534956728	PICART1	0.26962295	False
1584	3.202743058951713	0.9852472075859745	0.3076260534956728	ITGA3	0.26962295	False
1585	3.202743058951713	0.9852472075859745	0.3076260534956728	PDK2	0.26962295	False
1586	3.2890667934154787	1.191392321952466	0.3622280716030348	SAMD14	0.26962408	False
1587	3.2890667934154787	1.191392321952466	0.3622280716030348	PPP1R9B	0.26962408	False
1588	3.2890667934154787	1.191392321952466	0.3622280716030348	SGCA	0.26962408	False
1589	3.2890667934154787	1.191392321952466	0.3622280716030348	COL1A1	0.26962408	False
1590	3.2890667934154787	1.191392321952466	0.3622280716030348	LINC01969	0.26962408	False
1591	3.2890667934154787	1.191392321952466	0.3622280716030348	TMEM92	0.26962408	False
1592	3.2890667934154787	1.191392321952466	0.3622280716030348	TMEM92-AS1	0.26962408	False
1593	3.2890667934154787	1.191392321952466	0.3622280716030348	XYLT2	0.26962408	False
1594	3.2890667934154787	1.191392321952466	0.3622280716030348	MRPL27	0.26962408	False
1595	3.2890667934154787	1.191392321952466	0.3622280716030348	EME1	0.26962408	False
1596	3.2890667934154787	1.191392321952466	0.3622280716030348	LRRC59	0.26962408	False
1597	3.2890667934154787	1.191392321952466	0.3622280716030348	ACSF2	0.26962408	False
1598	3.2890667934154787	1.191392321952466	0.3622280716030348	CHAD	0.26962408	False
1599	3.2890667934154787	1.191392321952466	0.3622280716030348	RSAD1	0.26962408	False
1600	3.2890667934154787	1.191392321952466	0.3622280716030348	MYCBPAP	0.26962408	False
1601	3.2890667934154787	1.191392321952466	0.3622280716030348	EPN3	0.26962408	False
1602	3.2890667934154787	1.191392321952466	0.3622280716030348	SPATA20	0.26962408	False
1603	3.2890667934154787	1.191392321952466	0.3622280716030348	CACNA1G-AS1	0.26962408	False
1604	3.2890667934154787	1.191392321952466	0.3622280716030348	CACNA1G	0.26962408	False
1605	3.2890667934154787	1.191392321952466	0.3622280716030348	ABCC3	0.26962408	False
1606	3.2890667934154787	1.191392321952466	0.3622280716030348	ANKRD40	0.26962408	False
1607	3.2890667934154787	1.191392321952466	0.3622280716030348	LUC7L3	0.26962408	False
1608	3.2890667934154787	1.191392321952466	0.3622280716030348	ANKRD40CL	0.26962408	False
1609	3.2890667934154787	1.191392321952466	0.3622280716030348	MIR8059	0.26962408	False
1610	3.2890667934154787	1.191392321952466	0.3622280716030348	WFIKKN2	0.26962408	False
1611	3.2890667934154787	1.191392321952466	0.3622280716030348	TOB1	0.26962408	False
1612	3.1391104068604543	0.9483898238456758	0.30212056950051563	TOB1-AS1	0.26962215	False
1613	3.1391104068604543	0.9483898238456758	0.30212056950051563	SPAG9	0.26962215	False
1614	3.124895349316767	0.9493850708657045	0.3038133968464831	CUEDC1	0.269622	False
1615	3.124895349316767	0.9493850708657045	0.3038133968464831	VEZF1	0.269622	False
1616	3.124895349316767	0.9493850708657045	0.3038133968464831	SRSF1	0.269622	False
1617	3.124895349316767	0.9493850708657045	0.3038133968464831	LOC101927666	0.269622	False
1618	3.124895349316767	0.9493850708657045	0.3038133968464831	DYNLL2	0.269622	False
1619	3.2208727039448672	1.1597848559752344	0.36008404012823936	OR4D1	0.26962316	False
1620	3.2208727039448672	1.1597848559752344	0.36008404012823936	OR4D2	0.26962316	False
1621	3.2208727039448672	1.1597848559752344	0.36008404012823936	EPX	0.26962316	False
1622	3.2208727039448672	1.1597848559752344	0.36008404012823936	MKS1	0.26962316	False
1623	3.2208727039448672	1.1597848559752344	0.36008404012823936	LPO	0.26962316	False
1624	3.2208727039448672	1.1597848559752344	0.36008404012823936	MPO	0.26962316	False
1625	3.2208727039448672	1.1597848559752344	0.36008404012823936	TSPOAP1	0.26962316	False
1626	3.2208727039448672	1.1597848559752344	0.36008404012823936	TSPOAP1-AS1	0.26962316	False
1627	3.2208727039448672	1.1597848559752344	0.36008404012823936	MIR142	0.26962316	False
1628	3.2208727039448672	1.1597848559752344	0.36008404012823936	MIR4736	0.26962316	False
1629	3.2208727039448672	1.1597848559752344	0.36008404012823936	SUPT4H1	0.26962316	False
1630	3.2208727039448672	1.1597848559752344	0.36008404012823936	RNF43	0.26962316	False
1631	3.2208727039448672	1.1597848559752344	0.36008404012823936	HSF5	0.26962316	False
1632	3.2208727039448672	1.1597848559752344	0.36008404012823936	MTMR4	0.26962316	False
1633	3.2208727039448672	1.1597848559752344	0.36008404012823936	SEPT4-AS1	0.26962316	False
1634	3.2208727039448672	1.1597848559752344	0.36008404012823936	SEPT4	0.26962316	False
1635	3.2208727039448672	1.1597848559752344	0.36008404012823936	C17orf47	0.26962316	False
1636	3.2208727039448672	1.1597848559752344	0.36008404012823936	TEX14	0.26962316	False
1637	3.2208727039448672	1.1597848559752344	0.36008404012823936	RAD51C	0.26962316	False
1638	3.1397267483657476	0.9965684082267856	0.3174060955290161	PPM1E	0.2696224	False
1639	3.1397267483657476	0.9965684082267856	0.3174060955290161	TRIM37	0.2696224	False
1640	3.2622999305296627	1.25691656929784	0.38528541092595636	SKA2	0.26962405	False
1641	3.2622999305296627	1.25691656929784	0.38528541092595636	MIR454	0.26962405	False
1642	3.2622999305296627	1.25691656929784	0.38528541092595636	MIR301A	0.26962405	False
1643	3.2622999305296627	1.25691656929784	0.38528541092595636	PRR11	0.26962405	False
1644	3.2622999305296627	1.25691656929784	0.38528541092595636	SMG8	0.26962405	False
1645	3.2622999305296627	1.25691656929784	0.38528541092595636	GDPD1	0.26962405	False
1646	3.2622999305296627	1.25691656929784	0.38528541092595636	YPEL2	0.26962405	False
1647	3.2622999305296627	1.25691656929784	0.38528541092595636	MIR4729	0.26962405	False
1648	3.2622999305296627	1.25691656929784	0.38528541092595636	LINC01476	0.26962405	False
1649	3.2622999305296627	1.25691656929784	0.38528541092595636	DHX40	0.26962405	False
1650	3.2622999305296627	1.25691656929784	0.38528541092595636	CLTC	0.26962405	False
1651	3.2622999305296627	1.25691656929784	0.38528541092595636	PTRH2	0.26962405	False
1652	3.2622999305296627	1.25691656929784	0.38528541092595636	VMP1	0.26962405	False
1653	3.2622999305296627	1.25691656929784	0.38528541092595636	MIR21	0.26962405	False
1654	3.2622999305296627	1.25691656929784	0.38528541092595636	TUBD1	0.26962405	False
1655	3.1064381068928695	0.849323508183394	0.2734075101315657	RPL38	0.2696218	False
1656	3.1064381068928695	0.849323508183394	0.2734075101315657	MGC16275	0.2696218	False
1657	3.1064381068928695	0.849323508183394	0.2734075101315657	TTYH2	0.2696218	False
1658	3.1064381068928695	0.849323508183394	0.2734075101315657	DNAI2	0.2696218	False
1659	3.1064381068928695	0.849323508183394	0.2734075101315657	KIF19	0.2696218	False
1660	3.1064381068928695	0.849323508183394	0.2734075101315657	BTBD17	0.2696218	False
1661	3.1064381068928695	0.849323508183394	0.2734075101315657	GPR142	0.2696218	False
1662	3.1064381068928695	0.849323508183394	0.2734075101315657	GPRC5C	0.2696218	False
1663	3.1064381068928695	0.849323508183394	0.2734075101315657	CD300A	0.2696218	False
1664	3.1064381068928695	0.849323508183394	0.2734075101315657	CD300LB	0.2696218	False
1665	3.1064381068928695	0.849323508183394	0.2734075101315657	CD300C	0.2696218	False
1666	3.1064381068928695	0.849323508183394	0.2734075101315657	CD300LD	0.2696218	False
1667	3.1064381068928695	0.849323508183394	0.2734075101315657	C17orf77	0.2696218	False
1668	3.1064381068928695	0.849323508183394	0.2734075101315657	CD300E	0.2696218	False
1669	3.1064381068928695	0.849323508183394	0.2734075101315657	RAB37	0.2696218	False
1670	3.1064381068928695	0.849323508183394	0.2734075101315657	CD300LF	0.2696218	False
1671	3.1064381068928695	0.849323508183394	0.2734075101315657	MIR3615	0.2696218	False
1672	3.1064381068928695	0.849323508183394	0.2734075101315657	SLC9A3R1	0.2696218	False
1673	3.1064381068928695	0.849323508183394	0.2734075101315657	NAT9	0.2696218	False
1674	3.1064381068928695	0.849323508183394	0.2734075101315657	TMEM104	0.2696218	False
1675	3.1064381068928695	0.849323508183394	0.2734075101315657	GRIN2C	0.2696218	False
1676	3.1064381068928695	0.849323508183394	0.2734075101315657	FDXR	0.2696218	False
1677	3.1064381068928695	0.849323508183394	0.2734075101315657	FADS6	0.2696218	False
1678	3.072760173731942	0.7769845264197345	0.25286207920225284	USH1G	0.26962122	False
1679	3.072760173731942	0.7769845264197345	0.25286207920225284	OTOP2	0.26962122	False
1680	3.072760173731942	0.7769845264197345	0.25286207920225284	OTOP3	0.26962122	False
1681	3.072760173731942	0.7769845264197345	0.25286207920225284	HID1	0.26962122	False
1682	3.072760173731942	0.7769845264197345	0.25286207920225284	HID1-AS1	0.26962122	False
1683	3.072760173731942	0.7769845264197345	0.25286207920225284	CDR2L	0.26962122	False
1684	3.072760173731942	0.7769845264197345	0.25286207920225284	MRPL58	0.26962122	False
1685	3.072760173731942	0.7769845264197345	0.25286207920225284	KCTD2	0.26962122	False
1686	3.072760173731942	0.7769845264197345	0.25286207920225284	ATP5PD	0.26962122	False
1687	3.072760173731942	0.7769845264197345	0.25286207920225284	SLC16A5	0.26962122	False
1688	3.2210426806636847	0.9932439878799626	0.3083610142276377	ARMC7	0.2696228	False
1689	3.2210426806636847	0.9932439878799626	0.3083610142276377	NT5C	0.2696228	False
1690	3.2210426806636847	0.9932439878799626	0.3083610142276377	JPT1	0.2696228	False
1691	3.2210426806636847	0.9932439878799626	0.3083610142276377	SUMO2	0.2696228	False
1692	3.2210426806636847	0.9932439878799626	0.3083610142276377	NUP85	0.2696228	False
1693	3.2210426806636847	0.9932439878799626	0.3083610142276377	GGA3	0.2696228	False
1694	3.2210426806636847	0.9932439878799626	0.3083610142276377	MRPS7	0.2696228	False
1695	3.2210426806636847	0.9932439878799626	0.3083610142276377	MIF4GD	0.2696228	False
1696	3.2210426806636847	0.9932439878799626	0.3083610142276377	LOC100287042	0.2696228	False
1697	3.2210426806636847	0.9932439878799626	0.3083610142276377	SLC25A19	0.2696228	False
1698	3.2210426806636847	0.9932439878799626	0.3083610142276377	GRB2	0.2696228	False
1699	3.2210426806636847	0.9932439878799626	0.3083610142276377	MIR3678	0.2696228	False
1700	3.2210426806636847	0.9932439878799626	0.3083610142276377	TMEM94	0.2696228	False
1701	3.2210426806636847	0.9932439878799626	0.3083610142276377	MIR6785	0.2696228	False
1702	3.2210426806636847	0.9932439878799626	0.3083610142276377	CASKIN2	0.2696228	False
1703	3.2210426806636847	0.9932439878799626	0.3083610142276377	TSEN54	0.2696228	False
1704	3.2210426806636847	0.9932439878799626	0.3083610142276377	LLGL2	0.2696228	False
1705	3.2210426806636847	0.9932439878799626	0.3083610142276377	MYO15B	0.2696228	False
1706	3.2210426806636847	0.9932439878799626	0.3083610142276377	RECQL5	0.2696228	False
1707	3.2210426806636847	0.9932439878799626	0.3083610142276377	SMIM5	0.2696228	False
1708	3.2210426806636847	0.9932439878799626	0.3083610142276377	SMIM6	0.2696228	False
1709	3.2210426806636847	0.9932439878799626	0.3083610142276377	SAP30BP	0.2696228	False
1710	3.2210426806636847	0.9932439878799626	0.3083610142276377	ITGB4	0.2696228	False
1711	3.2210426806636847	0.9932439878799626	0.3083610142276377	GALK1	0.2696228	False
1712	3.2210426806636847	0.9932439878799626	0.3083610142276377	H3F3B	0.2696228	False
1713	3.2210426806636847	0.9932439878799626	0.3083610142276377	MIR4738	0.2696228	False
1714	3.2210426806636847	0.9932439878799626	0.3083610142276377	UNK	0.2696228	False
1715	3.2210426806636847	0.9932439878799626	0.3083610142276377	UNC13D	0.2696228	False
1716	3.2210426806636847	0.9932439878799626	0.3083610142276377	WBP2	0.2696228	False
1717	3.2210426806636847	0.9932439878799626	0.3083610142276377	TRIM47	0.2696228	False
1718	3.2210426806636847	0.9932439878799626	0.3083610142276377	TRIM65	0.2696228	False
1719	3.1157104169472603	0.7911901477430143	0.25393571348591953	MRPL38	0.26962152	False
1720	3.1157104169472603	0.7911901477430143	0.25393571348591953	FBF1	0.26962152	False
1721	3.1157104169472603	0.7911901477430143	0.25393571348591953	ACOX1	0.26962152	False
1722	3.1157104169472603	0.7911901477430143	0.25393571348591953	TEN1	0.26962152	False
1723	3.1157104169472603	0.7911901477430143	0.25393571348591953	TEN1-CDK3	0.26962152	False
1724	3.1157104169472603	0.7911901477430143	0.25393571348591953	CDK3	0.26962152	False
1725	3.1157104169472603	0.7911901477430143	0.25393571348591953	EVPL	0.26962152	False
1726	3.1157104169472603	0.7911901477430143	0.25393571348591953	SRP68	0.26962152	False
1727	3.1157104169472603	0.7911901477430143	0.25393571348591953	ZACN	0.26962152	False
1728	3.1157104169472603	0.7911901477430143	0.25393571348591953	GALR2	0.26962152	False
1729	3.1157104169472603	0.7911901477430143	0.25393571348591953	EXOC7	0.26962152	False
1730	3.1157104169472603	0.7911901477430143	0.25393571348591953	MIR6868	0.26962152	False
1731	3.177049084922579	0.8913076393558386	0.28054575662231507	FOXJ1	0.26962212	False
1732	3.177049084922579	0.8913076393558386	0.28054575662231507	RNF157-AS1	0.26962212	False
1733	3.177049084922579	0.8913076393558386	0.28054575662231507	RNF157	0.26962212	False
1734	3.177049084922579	0.8913076393558386	0.28054575662231507	UBALD2	0.26962212	False
1735	3.177049084922579	0.8913076393558386	0.28054575662231507	QRICH2	0.26962212	False
1736	3.177049084922579	0.8913076393558386	0.28054575662231507	PRPSAP1	0.26962212	False
1737	3.177049084922579	0.8913076393558386	0.28054575662231507	SPHK1	0.26962212	False
1738	3.177049084922579	0.8913076393558386	0.28054575662231507	UBE2O	0.26962212	False
1739	3.177049084922579	0.8913076393558386	0.28054575662231507	AANAT	0.26962212	False
1740	3.177049084922579	0.8913076393558386	0.28054575662231507	RHBDF2	0.26962212	False
1741	3.177049084922579	0.8913076393558386	0.28054575662231507	CYGB	0.26962212	False
1742	3.177049084922579	0.8913076393558386	0.28054575662231507	PRCD	0.26962212	False
1743	3.177049084922579	0.8913076393558386	0.28054575662231507	SNHG16	0.26962212	False
1744	3.177049084922579	0.8913076393558386	0.28054575662231507	SNORD1C	0.26962212	False
1745	3.177049084922579	0.8913076393558386	0.28054575662231507	SNORD1B	0.26962212	False
1746	3.177049084922579	0.8913076393558386	0.28054575662231507	SNORD1A	0.26962212	False
1747	3.177049084922579	0.8913076393558386	0.28054575662231507	ST6GALNAC2	0.26962212	False
1748	3.177049084922579	0.8913076393558386	0.28054575662231507	ST6GALNAC1	0.26962212	False
1749	3.177049084922579	0.8913076393558386	0.28054575662231507	LOC105274304	0.26962212	False
1750	3.177049084922579	0.8913076393558386	0.28054575662231507	MXRA7	0.26962212	False
1751	3.177049084922579	0.8913076393558386	0.28054575662231507	JMJD6	0.26962212	False
1752	3.177049084922579	0.8913076393558386	0.28054575662231507	METTL23	0.26962212	False
1753	3.177049084922579	0.8913076393558386	0.28054575662231507	SRSF2	0.26962212	False
1754	3.177049084922579	0.8913076393558386	0.28054575662231507	MFSD11	0.26962212	False
1755	3.177049084922579	0.8913076393558386	0.28054575662231507	MIR636	0.26962212	False
1756	3.177049084922579	0.8913076393558386	0.28054575662231507	LINC02080	0.26962212	False
1757	3.177049084922579	0.8913076393558386	0.28054575662231507	LINC00868	0.26962212	False
1758	3.0688536214179636	0.7253844838456829	0.23636985445741757	MGAT5B	0.269621	False
1759	3.0688536214179636	0.7253844838456829	0.23636985445741757	SNHG20	0.269621	False
1760	3.0688536214179636	0.7253844838456829	0.23636985445741757	SEC14L1	0.269621	False
1761	3.0688536214179636	0.7253844838456829	0.23636985445741757	SCARNA16	0.269621	False
1762	3.0688536214179636	0.7253844838456829	0.23636985445741757	MIR6516	0.269621	False
1763	3.084213280685434	0.791802418573944	0.25672751736480887	SEPT9	0.26962116	False
1764	3.084213280685434	0.791802418573944	0.25672751736480887	MIR4316	0.26962116	False
1765	3.084213280685434	0.791802418573944	0.25672751736480887	LOC100507351	0.26962116	False
1766	3.084213280685434	0.791802418573944	0.25672751736480887	LINC01987	0.26962116	False
1767	3.084213280685434	0.791802418573944	0.25672751736480887	LINC01973	0.26962116	False
1768	3.0043309580196285	0.6667095387581984	0.22191614308620472	TNRC6C	0.26962063	False
1769	3.027646398759358	0.7471649567365032	0.24678078557742736	TNRC6C-AS1	0.26962087	False
1770	3.027646398759358	0.7471649567365032	0.24678078557742736	TMC6	0.26962087	False
1771	3.027646398759358	0.7471649567365032	0.24678078557742736	TMC8	0.26962087	False
1772	3.027646398759358	0.7471649567365032	0.24678078557742736	C17orf99	0.26962087	False
1773	3.027646398759358	0.7471649567365032	0.24678078557742736	SYNGR2	0.26962087	False
1774	3.027646398759358	0.7471649567365032	0.24678078557742736	TK1	0.26962087	False
1775	3.027646398759358	0.7471649567365032	0.24678078557742736	AFMID	0.26962087	False
1776	3.027646398759358	0.7471649567365032	0.24678078557742736	BIRC5	0.26962087	False
1777	3.027646398759358	0.7471649567365032	0.24678078557742736	TMEM235	0.26962087	False
1778	3.027646398759358	0.7471649567365032	0.24678078557742736	LINC01993	0.26962087	False
1779	3.027646398759358	0.7471649567365032	0.24678078557742736	SOCS3	0.26962087	False
1780	3.027646398759358	0.7471649567365032	0.24678078557742736	LOC101928674	0.26962087	False
1781	3.027646398759358	0.7471649567365032	0.24678078557742736	PGS1	0.26962087	False
1782	3.027646398759358	0.7471649567365032	0.24678078557742736	DNAH17	0.26962087	False
1783	3.027646398759358	0.7471649567365032	0.24678078557742736	DNAH17-AS1	0.26962087	False
1784	3.027646398759358	0.7471649567365032	0.24678078557742736	SCAT1	0.26962087	False
1785	3.027646398759358	0.7471649567365032	0.24678078557742736	CYTH1	0.26962087	False
1786	3.027646398759358	0.7471649567365032	0.24678078557742736	USP36	0.26962087	False
1787	3.027646398759358	0.7471649567365032	0.24678078557742736	TIMP2	0.26962087	False
1788	3.027646398759358	0.7471649567365032	0.24678078557742736	CEP295NL	0.26962087	False
1789	3.027646398759358	0.7471649567365032	0.24678078557742736	LGALS3BP	0.26962087	False
1790	3.027646398759358	0.7471649567365032	0.24678078557742736	CANT1	0.26962087	False
1791	3.027646398759358	0.7471649567365032	0.24678078557742736	C1QTNF1-AS1	0.26962087	False
1792	3.027646398759358	0.7471649567365032	0.24678078557742736	C1QTNF1	0.26962087	False
1793	3.027646398759358	0.7471649567365032	0.24678078557742736	ENGASE	0.26962087	False
1794	3.027646398759358	0.7471649567365032	0.24678078557742736	RBFOX3	0.26962087	False
1795	3.5780514801208363	1.3915811993125424	0.38892151413806564	R3HDM4	0.26962602	False
1796	3.5780514801208363	1.3915811993125424	0.38892151413806564	KISS1R	0.26962602	False
1797	3.5780514801208363	1.3915811993125424	0.38892151413806564	ARID3A	0.26962602	False
1798	3.5780514801208363	1.3915811993125424	0.38892151413806564	WDR18	0.26962602	False
1799	3.5780514801208363	1.3915811993125424	0.38892151413806564	GRIN3B	0.26962602	False
1800	3.5780514801208363	1.3915811993125424	0.38892151413806564	TMEM259	0.26962602	False
1801	3.5780514801208363	1.3915811993125424	0.38892151413806564	CNN2	0.26962602	False
1802	3.5780514801208363	1.3915811993125424	0.38892151413806564	ABCA7	0.26962602	False
1803	3.5780514801208363	1.3915811993125424	0.38892151413806564	ARHGAP45	0.26962602	False
1804	3.5780514801208363	1.3915811993125424	0.38892151413806564	POLR2E	0.26962602	False
1805	3.5780514801208363	1.3915811993125424	0.38892151413806564	GPX4	0.26962602	False
1806	3.5780514801208363	1.3915811993125424	0.38892151413806564	SBNO2	0.26962602	False
1807	3.5780514801208363	1.3915811993125424	0.38892151413806564	STK11	0.26962602	False
1808	3.5780514801208363	1.3915811993125424	0.38892151413806564	CBARP	0.26962602	False
1809	3.5780514801208363	1.3915811993125424	0.38892151413806564	ATP5F1D	0.26962602	False
1810	3.5780514801208363	1.3915811993125424	0.38892151413806564	MIDN	0.26962602	False
1811	3.5780514801208363	1.3915811993125424	0.38892151413806564	CIRBP	0.26962602	False
1812	3.5780514801208363	1.3915811993125424	0.38892151413806564	CIRBP-AS1	0.26962602	False
1813	3.5780514801208363	1.3915811993125424	0.38892151413806564	C19orf24	0.26962602	False
1814	3.5780514801208363	1.3915811993125424	0.38892151413806564	MUM1	0.26962602	False
1815	3.5780514801208363	1.3915811993125424	0.38892151413806564	EFNA2	0.26962602	False
1816	3.5780514801208363	1.3915811993125424	0.38892151413806564	NDUFS7	0.26962602	False
1817	3.5780514801208363	1.3915811993125424	0.38892151413806564	GAMT	0.26962602	False
1818	3.5780514801208363	1.3915811993125424	0.38892151413806564	DAZAP1	0.26962602	False
1819	3.5780514801208363	1.3915811993125424	0.38892151413806564	RPS15	0.26962602	False
1820	3.5780514801208363	1.3915811993125424	0.38892151413806564	APC2	0.26962602	False
1821	3.5780514801208363	1.3915811993125424	0.38892151413806564	C19orf25	0.26962602	False
1822	3.5780514801208363	1.3915811993125424	0.38892151413806564	PCSK4	0.26962602	False
1823	3.5780514801208363	1.3915811993125424	0.38892151413806564	REEP6	0.26962602	False
1824	3.5780514801208363	1.3915811993125424	0.38892151413806564	ADAMTSL5	0.26962602	False
1825	3.5780514801208363	1.3915811993125424	0.38892151413806564	PLK5	0.26962602	False
1826	3.5780514801208363	1.3915811993125424	0.38892151413806564	MEX3D	0.26962602	False
1827	3.5780514801208363	1.3915811993125424	0.38892151413806564	MBD3	0.26962602	False
1828	3.5780514801208363	1.3915811993125424	0.38892151413806564	UQCR11	0.26962602	False
1829	3.5780514801208363	1.3915811993125424	0.38892151413806564	TCF3	0.26962602	False
1830	3.5780514801208363	1.3915811993125424	0.38892151413806564	ONECUT3	0.26962602	False
1831	3.5780514801208363	1.3915811993125424	0.38892151413806564	ATP8B3	0.26962602	False
1832	3.5780514801208363	1.3915811993125424	0.38892151413806564	REXO1	0.26962602	False
1833	3.5780514801208363	1.3915811993125424	0.38892151413806564	MIR1909	0.26962602	False
1834	3.5780514801208363	1.3915811993125424	0.38892151413806564	LOC100288123	0.26962602	False
1835	3.5780514801208363	1.3915811993125424	0.38892151413806564	KLF16	0.26962602	False
1836	3.5780514801208363	1.3915811993125424	0.38892151413806564	ABHD17A	0.26962602	False
1837	3.3831422885994757	1.0504415463946413	0.3104928663315234	SCAMP4	0.26962346	False
1838	3.3831422885994757	1.0504415463946413	0.3104928663315234	ADAT3	0.26962346	False
1839	3.3831422885994757	1.0504415463946413	0.3104928663315234	CSNK1G2	0.26962346	False
1840	3.3831422885994757	1.0504415463946413	0.3104928663315234	CSNK1G2-AS1	0.26962346	False
1841	3.3831422885994757	1.0504415463946413	0.3104928663315234	BTBD2	0.26962346	False
1842	3.3831422885994757	1.0504415463946413	0.3104928663315234	MKNK2	0.26962346	False
1843	3.3831422885994757	1.0504415463946413	0.3104928663315234	MOB3A	0.26962346	False
1844	3.3831422885994757	1.0504415463946413	0.3104928663315234	IZUMO4	0.26962346	False
1845	3.3831422885994757	1.0504415463946413	0.3104928663315234	AP3D1	0.26962346	False
1846	3.3831422885994757	1.0504415463946413	0.3104928663315234	DOT1L	0.26962346	False
1847	3.3831422885994757	1.0504415463946413	0.3104928663315234	PLEKHJ1	0.26962346	False
1848	3.3831422885994757	1.0504415463946413	0.3104928663315234	MIR1227	0.26962346	False
1849	3.3831422885994757	1.0504415463946413	0.3104928663315234	MIR6789	0.26962346	False
1850	3.3831422885994757	1.0504415463946413	0.3104928663315234	SF3A2	0.26962346	False
1851	3.3831422885994757	1.0504415463946413	0.3104928663315234	AMH	0.26962346	False
1852	3.3831422885994757	1.0504415463946413	0.3104928663315234	MIR4321	0.26962346	False
1853	3.3831422885994757	1.0504415463946413	0.3104928663315234	JSRP1	0.26962346	False
1854	3.3831422885994757	1.0504415463946413	0.3104928663315234	OAZ1	0.26962346	False
1855	3.3831422885994757	1.0504415463946413	0.3104928663315234	SPPL2B	0.26962346	False
1856	3.3831422885994757	1.0504415463946413	0.3104928663315234	PEAK3	0.26962346	False
1857	3.3831422885994757	1.0504415463946413	0.3104928663315234	LSM7	0.26962346	False
1858	3.3831422885994757	1.0504415463946413	0.3104928663315234	TMPRSS9	0.26962346	False
1859	3.3831422885994757	1.0504415463946413	0.3104928663315234	TIMM13	0.26962346	False
1860	3.3831422885994757	1.0504415463946413	0.3104928663315234	LMNB2	0.26962346	False
1861	3.3831422885994757	1.0504415463946413	0.3104928663315234	MIR7108	0.26962346	False
1862	3.3831422885994757	1.0504415463946413	0.3104928663315234	LINC01775	0.26962346	False
1863	3.3831422885994757	1.0504415463946413	0.3104928663315234	GADD45B	0.26962346	False
1864	3.3831422885994757	1.0504415463946413	0.3104928663315234	GNG7	0.26962346	False
1865	3.3831422885994757	1.0504415463946413	0.3104928663315234	MIR7850	0.26962346	False
1866	3.3831422885994757	1.0504415463946413	0.3104928663315234	DIRAS1	0.26962346	False
1867	3.3831422885994757	1.0504415463946413	0.3104928663315234	SLC39A3	0.26962346	False
1868	3.3831422885994757	1.0504415463946413	0.3104928663315234	SGTA	0.26962346	False
1869	3.3831422885994757	1.0504415463946413	0.3104928663315234	THOP1	0.26962346	False
1870	3.3831422885994757	1.0504415463946413	0.3104928663315234	ZNF554	0.26962346	False
1871	3.3831422885994757	1.0504415463946413	0.3104928663315234	ZNF555	0.26962346	False
1872	3.3831422885994757	1.0504415463946413	0.3104928663315234	ZNF556	0.26962346	False
1873	3.201019384417041	0.792490699181545	0.24757447675558852	ZNF57	0.26962158	False
1874	3.201019384417041	0.792490699181545	0.24757447675558852	ZNF77	0.26962158	False
1875	3.201019384417041	0.792490699181545	0.24757447675558852	TLE6	0.26962158	False
1876	3.201019384417041	0.792490699181545	0.24757447675558852	TLE2	0.26962158	False
1877	3.201019384417041	0.792490699181545	0.24757447675558852	AES	0.26962158	False
1878	3.201019384417041	0.792490699181545	0.24757447675558852	GNA11	0.26962158	False
1879	3.201019384417041	0.792490699181545	0.24757447675558852	GNA15	0.26962158	False
1880	3.201019384417041	0.792490699181545	0.24757447675558852	LOC100996351	0.26962158	False
1881	3.201019384417041	0.792490699181545	0.24757447675558852	S1PR4	0.26962158	False
1882	3.201019384417041	0.792490699181545	0.24757447675558852	NCLN	0.26962158	False
1883	3.201019384417041	0.792490699181545	0.24757447675558852	CELF5	0.26962158	False
1884	3.201019384417041	0.792490699181545	0.24757447675558852	NFIC	0.26962158	False
1885	3.201019384417041	0.792490699181545	0.24757447675558852	SMIM24	0.26962158	False
1886	3.201019384417041	0.792490699181545	0.24757447675558852	DOHH	0.26962158	False
1887	3.201019384417041	0.792490699181545	0.24757447675558852	FZR1	0.26962158	False
1888	3.201019384417041	0.792490699181545	0.24757447675558852	MFSD12	0.26962158	False
1889	3.201019384417041	0.792490699181545	0.24757447675558852	C19orf71	0.26962158	False
1890	3.201019384417041	0.792490699181545	0.24757447675558852	HMG20B	0.26962158	False
1891	3.201019384417041	0.792490699181545	0.24757447675558852	GIPC3	0.26962158	False
1892	3.201019384417041	0.792490699181545	0.24757447675558852	TBXA2R	0.26962158	False
1893	3.201019384417041	0.792490699181545	0.24757447675558852	CACTIN-AS1	0.26962158	False
1894	3.201019384417041	0.792490699181545	0.24757447675558852	CACTIN	0.26962158	False
1895	3.201019384417041	0.792490699181545	0.24757447675558852	PIP5K1C	0.26962158	False
1896	3.201019384417041	0.792490699181545	0.24757447675558852	TJP3	0.26962158	False
1897	3.201019384417041	0.792490699181545	0.24757447675558852	APBA3	0.26962158	False
1898	3.201019384417041	0.792490699181545	0.24757447675558852	MRPL54	0.26962158	False
1899	3.201019384417041	0.792490699181545	0.24757447675558852	RAX2	0.26962158	False
1900	3.201019384417041	0.792490699181545	0.24757447675558852	MATK	0.26962158	False
1901	3.201019384417041	0.792490699181545	0.24757447675558852	ZFR2	0.26962158	False
1902	3.069065010897017	0.6261700858514511	0.20402633493528896	ATCAY	0.26962045	False
1903	3.069065010897017	0.6261700858514511	0.20402633493528896	NMRK2	0.26962045	False
1904	3.069065010897017	0.6261700858514511	0.20402633493528896	DAPK3	0.26962045	False
1905	3.069065010897017	0.6261700858514511	0.20402633493528896	MIR637	0.26962045	False
1906	3.069065010897017	0.6261700858514511	0.20402633493528896	EEF2	0.26962045	False
1907	3.069065010897017	0.6261700858514511	0.20402633493528896	SNORD37	0.26962045	False
1908	3.069065010897017	0.6261700858514511	0.20402633493528896	PIAS4	0.26962045	False
1909	3.069065010897017	0.6261700858514511	0.20402633493528896	ZBTB7A	0.26962045	False
1910	3.069065010897017	0.6261700858514511	0.20402633493528896	MAP2K2	0.26962045	False
1911	3.0328844201810243	0.6782783608496641	0.22364134826119736	CREB3L3	0.26962063	False
1912	3.0328844201810243	0.6782783608496641	0.22364134826119736	SIRT6	0.26962063	False
1913	3.0328844201810243	0.6782783608496641	0.22364134826119736	ANKRD24	0.26962063	False
1914	3.0328844201810243	0.6782783608496641	0.22364134826119736	EBI3	0.26962063	False
1915	3.0328844201810243	0.6782783608496641	0.22364134826119736	YJU2	0.26962063	False
1916	3.0328844201810243	0.6782783608496641	0.22364134826119736	SHD	0.26962063	False
1917	3.0328844201810243	0.6782783608496641	0.22364134826119736	TMIGD2	0.26962063	False
1918	3.0328844201810243	0.6782783608496641	0.22364134826119736	FSD1	0.26962063	False
1919	3.0328844201810243	0.6782783608496641	0.22364134826119736	STAP2	0.26962063	False
1920	3.0328844201810243	0.6782783608496641	0.22364134826119736	MPND	0.26962063	False
1921	3.0328844201810243	0.6782783608496641	0.22364134826119736	SH3GL1	0.26962063	False
1922	3.0328844201810243	0.6782783608496641	0.22364134826119736	CHAF1A	0.26962063	False
1923	3.0328844201810243	0.6782783608496641	0.22364134826119736	UBXN6	0.26962063	False
1924	3.0328844201810243	0.6782783608496641	0.22364134826119736	MIR4746	0.26962063	False
1925	3.0328844201810243	0.6782783608496641	0.22364134826119736	HDGFL2	0.26962063	False
1926	3.0328844201810243	0.6782783608496641	0.22364134826119736	PLIN4	0.26962063	False
1927	3.0328844201810243	0.6782783608496641	0.22364134826119736	PLIN5	0.26962063	False
1928	3.0328844201810243	0.6782783608496641	0.22364134826119736	LRG1	0.26962063	False
1929	3.0328844201810243	0.6782783608496641	0.22364134826119736	SEMA6B	0.26962063	False
1930	3.0328844201810243	0.6782783608496641	0.22364134826119736	TNFAIP8L1	0.26962063	False
1931	3.0328844201810243	0.6782783608496641	0.22364134826119736	MYDGF	0.26962063	False
1932	3.0328844201810243	0.6782783608496641	0.22364134826119736	DPP9	0.26962063	False
1933	3.0328844201810243	0.6782783608496641	0.22364134826119736	DPP9-AS1	0.26962063	False
1934	3.0328844201810243	0.6782783608496641	0.22364134826119736	MIR7-3HG	0.26962063	False
1935	3.0328844201810243	0.6782783608496641	0.22364134826119736	MIR7-3	0.26962063	False
1936	3.0328844201810243	0.6782783608496641	0.22364134826119736	FEM1A	0.26962063	False
1937	3.0328844201810243	0.6782783608496641	0.22364134826119736	TICAM1	0.26962063	False
1938	3.0328844201810243	0.6782783608496641	0.22364134826119736	PLIN3	0.26962063	False
1939	2.911593098023952	0.5334966946743699	0.18323188602021515	ARRDC5	0.26961967	False
1940	2.911593098023952	0.5334966946743699	0.18323188602021515	UHRF1	0.26961967	False
1941	2.911593098023952	0.5334966946743699	0.18323188602021515	MIR4747	0.26961967	False
1942	2.911593098023952	0.5334966946743699	0.18323188602021515	KDM4B	0.26961967	False
1943	2.9683230233975366	0.6643948654810913	0.2238283570366362	USE1	0.26962054	False
1944	2.9683230233975366	0.6643948654810913	0.2238283570366362	OCEL1	0.26962054	False
1945	2.9683230233975366	0.6643948654810913	0.2238283570366362	NR2F6	0.26962054	False
1946	2.9683230233975366	0.6643948654810913	0.2238283570366362	USHBP1	0.26962054	False
1947	2.9683230233975366	0.6643948654810913	0.2238283570366362	BABAM1	0.26962054	False
1948	2.9683230233975366	0.6643948654810913	0.2238283570366362	ANKLE1	0.26962054	False
1949	2.9683230233975366	0.6643948654810913	0.2238283570366362	ABHD8	0.26962054	False
1950	2.9683230233975366	0.6643948654810913	0.2238283570366362	MRPL34	0.26962054	False
1951	2.9683230233975366	0.6643948654810913	0.2238283570366362	DDA1	0.26962054	False
1952	2.9683230233975366	0.6643948654810913	0.2238283570366362	ANO8	0.26962054	False
1953	2.9683230233975366	0.6643948654810913	0.2238283570366362	GTPBP3	0.26962054	False
1954	2.9683230233975366	0.6643948654810913	0.2238283570366362	PLVAP	0.26962054	False
1955	2.9683230233975366	0.6643948654810913	0.2238283570366362	BST2	0.26962054	False
1956	2.9683230233975366	0.6643948654810913	0.2238283570366362	BISPR	0.26962054	False
1957	2.9683230233975366	0.6643948654810913	0.2238283570366362	MVB12A	0.26962054	False
1958	2.9683230233975366	0.6643948654810913	0.2238283570366362	TMEM221	0.26962054	False
1959	2.9683230233975366	0.6643948654810913	0.2238283570366362	NXNL1	0.26962054	False
1960	2.9683230233975366	0.6643948654810913	0.2238283570366362	SLC27A1	0.26962054	False
1961	2.9683230233975366	0.6643948654810913	0.2238283570366362	PGLS	0.26962054	False
1962	2.9683230233975366	0.6643948654810913	0.2238283570366362	FAM129C	0.26962054	False
1963	2.9683230233975366	0.6643948654810913	0.2238283570366362	COLGALT1	0.26962054	False
1964	2.9683230233975366	0.6643948654810913	0.2238283570366362	UNC13A	0.26962054	False
1965	2.9683230233975366	0.6643948654810913	0.2238283570366362	MAP1S	0.26962054	False
1966	2.9683230233975366	0.6643948654810913	0.2238283570366362	FCHO1	0.26962054	False
1967	2.9683230233975366	0.6643948654810913	0.2238283570366362	B3GNT3	0.26962054	False
1968	2.9683230233975366	0.6643948654810913	0.2238283570366362	INSL3	0.26962054	False
1969	2.9683230233975366	0.6643948654810913	0.2238283570366362	JAK3	0.26962054	False
1970	2.9683230233975366	0.6643948654810913	0.2238283570366362	RPL18A	0.26962054	False
1971	2.9683230233975366	0.6643948654810913	0.2238283570366362	SNORA68	0.26962054	False
1972	2.9683230233975366	0.6643948654810913	0.2238283570366362	SLC5A5	0.26962054	False
1973	3.0496792349937856	0.7720080959854482	0.25314403138762276	PIK3R2	0.26962104	False
1974	3.0496792349937856	0.7720080959854482	0.25314403138762276	IFI30	0.26962104	False
1975	3.0496792349937856	0.7720080959854482	0.25314403138762276	MPV17L2	0.26962104	False
1976	3.0496792349937856	0.7720080959854482	0.25314403138762276	RAB3A	0.26962104	False
1977	3.0496792349937856	0.7720080959854482	0.25314403138762276	LOC102725254	0.26962104	False
1978	3.0496792349937856	0.7720080959854482	0.25314403138762276	PDE4C	0.26962104	False
1979	3.0496792349937856	0.7720080959854482	0.25314403138762276	LOC729966	0.26962104	False
1980	3.0496792349937856	0.7720080959854482	0.25314403138762276	IQCN	0.26962104	False
1981	3.0496792349937856	0.7720080959854482	0.25314403138762276	JUND	0.26962104	False
1982	3.0496792349937856	0.7720080959854482	0.25314403138762276	MIR3188	0.26962104	False
1983	3.0496792349937856	0.7720080959854482	0.25314403138762276	LSM4	0.26962104	False
1984	3.0496792349937856	0.7720080959854482	0.25314403138762276	PGPEP1	0.26962104	False
1985	3.0496792349937856	0.7720080959854482	0.25314403138762276	GDF15	0.26962104	False
1986	3.0496792349937856	0.7720080959854482	0.25314403138762276	MIR3189	0.26962104	False
1987	3.0496792349937856	0.7720080959854482	0.25314403138762276	LRRC25	0.26962104	False
1988	3.0496792349937856	0.7720080959854482	0.25314403138762276	SSBP4	0.26962104	False
1989	3.0496792349937856	0.7720080959854482	0.25314403138762276	ISYNA1	0.26962104	False
1990	3.0496792349937856	0.7720080959854482	0.25314403138762276	ELL	0.26962104	False
1991	3.0496792349937856	0.7720080959854482	0.25314403138762276	FKBP8	0.26962104	False
1992	3.0496792349937856	0.7720080959854482	0.25314403138762276	KXD1	0.26962104	False
1993	3.0496792349937856	0.7720080959854482	0.25314403138762276	UBA52	0.26962104	False
1994	3.0496792349937856	0.7720080959854482	0.25314403138762276	CRLF1	0.26962104	False
1995	3.0496792349937856	0.7720080959854482	0.25314403138762276	REX1BD	0.26962104	False
1996	3.0496792349937856	0.7720080959854482	0.25314403138762276	TMEM59L	0.26962104	False
1997	3.0496792349937856	0.7720080959854482	0.25314403138762276	KLHL26	0.26962104	False
1998	3.0496792349937856	0.7720080959854482	0.25314403138762276	CRTC1	0.26962104	False
1999	3.0496792349937856	0.7720080959854482	0.25314403138762276	COMP	0.26962104	False
2000	3.0496792349937856	0.7720080959854482	0.25314403138762276	UPF1	0.26962104	False
2001	3.0496792349937856	0.7720080959854482	0.25314403138762276	GDF1	0.26962104	False
2002	3.0496792349937856	0.7720080959854482	0.25314403138762276	CERS1	0.26962104	False
2003	2.960542618026639	0.6420310401700973	0.21686262385171998	IGFL3	0.26962036	False
2004	2.960542618026639	0.6420310401700973	0.21686262385171998	IGFL2	0.26962036	False
2005	2.960542618026639	0.6420310401700973	0.21686262385171998	IGFL2-AS1	0.26962036	False
2006	2.960542618026639	0.6420310401700973	0.21686262385171998	LOC93429	0.26962036	False
2007	2.960542618026639	0.6420310401700973	0.21686262385171998	IGFL1	0.26962036	False
2008	2.960542618026639	0.6420310401700973	0.21686262385171998	HIF3A	0.26962036	False
2009	2.960542618026639	0.6420310401700973	0.21686262385171998	PPP5C	0.26962036	False
2010	2.960542618026639	0.6420310401700973	0.21686262385171998	CCDC8	0.26962036	False
2011	2.960542618026639	0.6420310401700973	0.21686262385171998	PNMA8A	0.26962036	False
2012	2.960542618026639	0.6420310401700973	0.21686262385171998	PPP5D1	0.26962036	False
2013	2.960542618026639	0.6420310401700973	0.21686262385171998	PNMA8B	0.26962036	False
2014	2.960542618026639	0.6420310401700973	0.21686262385171998	CALM3	0.26962036	False
2015	2.960542618026639	0.6420310401700973	0.21686262385171998	PTGIR	0.26962036	False
2016	2.960542618026639	0.6420310401700973	0.21686262385171998	GNG8	0.26962036	False
2017	2.960542618026639	0.6420310401700973	0.21686262385171998	DACT3	0.26962036	False
2018	2.960542618026639	0.6420310401700973	0.21686262385171998	DACT3-AS1	0.26962036	False
2019	2.960542618026639	0.6420310401700973	0.21686262385171998	PRKD2	0.26962036	False
2020	2.960542618026639	0.6420310401700973	0.21686262385171998	MIR320E	0.26962036	False
2021	2.960542618026639	0.6420310401700973	0.21686262385171998	STRN4	0.26962036	False
2022	2.960542618026639	0.6420310401700973	0.21686262385171998	FKRP	0.26962036	False
2023	2.960542618026639	0.6420310401700973	0.21686262385171998	SLC1A5	0.26962036	False
2024	2.960542618026639	0.6420310401700973	0.21686262385171998	AP2S1	0.26962036	False
2025	2.976257617736585	0.5860007915955457	0.1968918241832821	ARHGAP35	0.2696202	False
2026	2.976257617736585	0.5860007915955457	0.1968918241832821	NPAS1	0.2696202	False
2027	2.976257617736585	0.5860007915955457	0.1968918241832821	TMEM160	0.2696202	False
2028	2.976257617736585	0.5860007915955457	0.1968918241832821	ZC3H4	0.2696202	False
2029	3.0618351413518954	0.7113965248290443	0.23234318374010843	SAE1	0.2696209	False
2030	3.0618351413518954	0.7113965248290443	0.23234318374010843	BBC3	0.2696209	False
2031	3.0618351413518954	0.7113965248290443	0.23234318374010843	MIR3190	0.2696209	False
2032	3.0618351413518954	0.7113965248290443	0.23234318374010843	CCDC9	0.2696209	False
2033	3.0618351413518954	0.7113965248290443	0.23234318374010843	INAFM1	0.2696209	False
2034	3.0618351413518954	0.7113965248290443	0.23234318374010843	C5AR1	0.2696209	False
2035	3.0618351413518954	0.7113965248290443	0.23234318374010843	C5AR2	0.2696209	False
2036	3.0618351413518954	0.7113965248290443	0.23234318374010843	DHX34	0.2696209	False
2037	3.0618351413518954	0.7113965248290443	0.23234318374010843	MEIS3	0.2696209	False
2038	3.0618351413518954	0.7113965248290443	0.23234318374010843	SLC8A2	0.2696209	False
2039	3.0618351413518954	0.7113965248290443	0.23234318374010843	KPTN	0.2696209	False
2040	3.0618351413518954	0.7113965248290443	0.23234318374010843	NAPA-AS1	0.2696209	False
2041	3.0618351413518954	0.7113965248290443	0.23234318374010843	NAPA	0.2696209	False
2042	3.0618351413518954	0.7113965248290443	0.23234318374010843	ZNF541	0.2696209	False
2043	3.0618351413518954	0.7113965248290443	0.23234318374010843	BICRA	0.2696209	False
2044	3.0618351413518954	0.7113965248290443	0.23234318374010843	EHD2	0.2696209	False
2045	3.0618351413518954	0.7113965248290443	0.23234318374010843	NOP53	0.2696209	False
2046	3.0618351413518954	0.7113965248290443	0.23234318374010843	SNORD23	0.2696209	False
2047	3.0618351413518954	0.7113965248290443	0.23234318374010843	NOP53-AS1	0.2696209	False
2048	3.0618351413518954	0.7113965248290443	0.23234318374010843	SELENOW	0.2696209	False
2049	3.0618351413518954	0.7113965248290443	0.23234318374010843	TPRX1	0.2696209	False
2050	3.0618351413518954	0.7113965248290443	0.23234318374010843	CRX	0.2696209	False
2051	3.0618351413518954	0.7113965248290443	0.23234318374010843	SULT2A1	0.2696209	False
2052	3.0427532601288423	0.6567576982315676	0.2158432321271288	BSPH1	0.26962045	False
2053	3.0427532601288423	0.6567576982315676	0.2158432321271288	ELSPBP1	0.26962045	False
2054	3.0427532601288423	0.6567576982315676	0.2158432321271288	CABP5	0.26962045	False
2055	3.0427532601288423	0.6567576982315676	0.2158432321271288	PLA2G4C	0.26962045	False
2056	3.0427532601288423	0.6567576982315676	0.2158432321271288	PLA2G4C-AS1	0.26962045	False
2057	3.1424427739240364	0.8398107311466404	0.2672477405524717	LIG1	0.26962167	False
2058	3.1424427739240364	0.8398107311466404	0.2672477405524717	ZSWIM9	0.26962167	False
2059	3.1424427739240364	0.8398107311466404	0.2672477405524717	ZNF114	0.26962167	False
2060	3.1424427739240364	0.8398107311466404	0.2672477405524717	CARD8	0.26962167	False
2061	3.1424427739240364	0.8398107311466404	0.2672477405524717	CARD8-AS1	0.26962167	False
2062	3.1424427739240364	0.8398107311466404	0.2672477405524717	CCDC114	0.26962167	False
2063	3.1424427739240364	0.8398107311466404	0.2672477405524717	EMP3	0.26962167	False
2064	3.1424427739240364	0.8398107311466404	0.2672477405524717	TMEM143	0.26962167	False
2065	3.1424427739240364	0.8398107311466404	0.2672477405524717	SYNGR4	0.26962167	False
2066	3.1424427739240364	0.8398107311466404	0.2672477405524717	KDELR1	0.26962167	False
2067	3.1424427739240364	0.8398107311466404	0.2672477405524717	GRIN2D	0.26962167	False
2068	3.1424427739240364	0.8398107311466404	0.2672477405524717	GRWD1	0.26962167	False
2069	3.1424427739240364	0.8398107311466404	0.2672477405524717	KCNJ14	0.26962167	False
2070	3.1424427739240364	0.8398107311466404	0.2672477405524717	CYTH2	0.26962167	False
2071	3.1424427739240364	0.8398107311466404	0.2672477405524717	LMTK3	0.26962167	False
2072	3.1424427739240364	0.8398107311466404	0.2672477405524717	SULT2B1	0.26962167	False
2073	3.1424427739240364	0.8398107311466404	0.2672477405524717	FAM83E	0.26962167	False
2074	3.1424427739240364	0.8398107311466404	0.2672477405524717	SPACA4	0.26962167	False
2075	3.1424427739240364	0.8398107311466404	0.2672477405524717	RPL18	0.26962167	False
2076	3.1424427739240364	0.8398107311466404	0.2672477405524717	SPHK2	0.26962167	False
2077	3.1424427739240364	0.8398107311466404	0.2672477405524717	DBP	0.26962167	False
2078	3.1424427739240364	0.8398107311466404	0.2672477405524717	CA11	0.26962167	False
2079	3.1424427739240364	0.8398107311466404	0.2672477405524717	NTN5	0.26962167	False
2080	3.1424427739240364	0.8398107311466404	0.2672477405524717	FUT2	0.26962167	False
2081	3.1424427739240364	0.8398107311466404	0.2672477405524717	MAMSTR	0.26962167	False
2082	3.1424427739240364	0.8398107311466404	0.2672477405524717	RASIP1	0.26962167	False
2083	3.1424427739240364	0.8398107311466404	0.2672477405524717	IZUMO1	0.26962167	False
2084	3.1424427739240364	0.8398107311466404	0.2672477405524717	FUT1	0.26962167	False
2085	3.1424427739240364	0.8398107311466404	0.2672477405524717	FGF21	0.26962167	False
2086	3.1424427739240364	0.8398107311466404	0.2672477405524717	BCAT2	0.26962167	False
2087	3.1424427739240364	0.8398107311466404	0.2672477405524717	HSD17B14	0.26962167	False
2088	3.1424427739240364	0.8398107311466404	0.2672477405524717	PLEKHA4	0.26962167	False
2089	3.1424427739240364	0.8398107311466404	0.2672477405524717	PPP1R15A	0.26962167	False
2090	3.1424427739240364	0.8398107311466404	0.2672477405524717	TULP2	0.26962167	False
2091	3.0127540520625544	0.6916114279449957	0.22956119749354026	NUCB1	0.2696208	False
2092	3.0127540520625544	0.6916114279449957	0.22956119749354026	NUCB1-AS1	0.2696208	False
2093	3.0127540520625544	0.6916114279449957	0.22956119749354026	DHDH	0.2696208	False
2094	3.0127540520625544	0.6916114279449957	0.22956119749354026	BAX	0.2696208	False
2095	3.0127540520625544	0.6916114279449957	0.22956119749354026	FTL	0.2696208	False
2096	3.0127540520625544	0.6916114279449957	0.22956119749354026	GYS1	0.2696208	False
2097	3.0127540520625544	0.6916114279449957	0.22956119749354026	RUVBL2	0.2696208	False
2098	3.0127540520625544	0.6916114279449957	0.22956119749354026	MIR6798	0.2696208	False
2099	3.0127540520625544	0.6916114279449957	0.22956119749354026	LHB	0.2696208	False
2100	3.0127540520625544	0.6916114279449957	0.22956119749354026	LOC101059948	0.2696208	False
2101	3.0127540520625544	0.6916114279449957	0.22956119749354026	CGB3	0.2696208	False
2102	3.0127540520625544	0.6916114279449957	0.22956119749354026	CGB2	0.2696208	False
2103	3.0127540520625544	0.6916114279449957	0.22956119749354026	CGB1	0.2696208	False
2104	3.0127540520625544	0.6916114279449957	0.22956119749354026	CGB5	0.2696208	False
2105	3.0127540520625544	0.6916114279449957	0.22956119749354026	CGB8	0.2696208	False
2106	3.0127540520625544	0.6916114279449957	0.22956119749354026	CGB7	0.2696208	False
2107	3.0127540520625544	0.6916114279449957	0.22956119749354026	NTF4	0.2696208	False
2108	3.0127540520625544	0.6916114279449957	0.22956119749354026	KCNA7	0.2696208	False
2109	3.0127540520625544	0.6916114279449957	0.22956119749354026	SNRNP70	0.2696208	False
2110	3.1031380231041465	0.8519724293057757	0.27455189648751954	LIN7B	0.26962155	False
2111	3.1031380231041465	0.8519724293057757	0.27455189648751954	C19orf73	0.26962155	False
2112	3.1031380231041465	0.8519724293057757	0.27455189648751954	PPFIA3	0.26962155	False
2113	3.1031380231041465	0.8519724293057757	0.27455189648751954	HRC	0.26962155	False
2114	3.1031380231041465	0.8519724293057757	0.27455189648751954	TRPM4	0.26962155	False
2115	3.1031380231041465	0.8519724293057757	0.27455189648751954	SLC6A16	0.26962155	False
2116	3.1031380231041465	0.8519724293057757	0.27455189648751954	MIR4324	0.26962155	False
2117	3.1031380231041465	0.8519724293057757	0.27455189648751954	CD37	0.26962155	False
2118	3.1031380231041465	0.8519724293057757	0.27455189648751954	TEAD2	0.26962155	False
2119	3.1031380231041465	0.8519724293057757	0.27455189648751954	DKKL1	0.26962155	False
2120	3.1031380231041465	0.8519724293057757	0.27455189648751954	LOC101928295	0.26962155	False
2121	3.1031380231041465	0.8519724293057757	0.27455189648751954	CCDC155	0.26962155	False
2122	3.1031380231041465	0.8519724293057757	0.27455189648751954	PTH2	0.26962155	False
2123	3.1031380231041465	0.8519724293057757	0.27455189648751954	GFY	0.26962155	False
2124	3.1031380231041465	0.8519724293057757	0.27455189648751954	SLC17A7	0.26962155	False
2125	3.1031380231041465	0.8519724293057757	0.27455189648751954	PIH1D1	0.26962155	False
2126	3.1031380231041465	0.8519724293057757	0.27455189648751954	ALDH16A1	0.26962155	False
2127	3.1031380231041465	0.8519724293057757	0.27455189648751954	FLT3LG	0.26962155	False
2128	3.1031380231041465	0.8519724293057757	0.27455189648751954	RPL13A	0.26962155	False
2129	3.1031380231041465	0.8519724293057757	0.27455189648751954	SNORD32A	0.26962155	False
2130	3.1031380231041465	0.8519724293057757	0.27455189648751954	SNORD33	0.26962155	False
2131	3.1031380231041465	0.8519724293057757	0.27455189648751954	SNORD34	0.26962155	False
2132	3.1031380231041465	0.8519724293057757	0.27455189648751954	SNORD35A	0.26962155	False
2133	3.1031380231041465	0.8519724293057757	0.27455189648751954	RPS11	0.26962155	False
2134	3.1031380231041465	0.8519724293057757	0.27455189648751954	SNORD35B	0.26962155	False
2135	3.1031380231041465	0.8519724293057757	0.27455189648751954	MIR150	0.26962155	False
2136	3.1031380231041465	0.8519724293057757	0.27455189648751954	FCGRT	0.26962155	False
2137	3.1031380231041465	0.8519724293057757	0.27455189648751954	RCN3	0.26962155	False
2138	3.1031380231041465	0.8519724293057757	0.27455189648751954	NOSIP	0.26962155	False
2139	3.1031380231041465	0.8519724293057757	0.27455189648751954	PRRG2	0.26962155	False
2140	3.1031380231041465	0.8519724293057757	0.27455189648751954	PRR12	0.26962155	False
2141	3.1031380231041465	0.8519724293057757	0.27455189648751954	RRAS	0.26962155	False
2142	3.1031380231041465	0.8519724293057757	0.27455189648751954	SCAF1	0.26962155	False
2143	3.1031380231041465	0.8519724293057757	0.27455189648751954	IRF3	0.26962155	False
2144	3.1031380231041465	0.8519724293057757	0.27455189648751954	BCL2L12	0.26962155	False
2145	3.1031380231041465	0.8519724293057757	0.27455189648751954	PRMT1	0.26962155	False
2146	3.1031380231041465	0.8519724293057757	0.27455189648751954	MIR5088	0.26962155	False
2147	3.1031380231041465	0.8519724293057757	0.27455189648751954	ADM5	0.26962155	False
2148	3.1031380231041465	0.8519724293057757	0.27455189648751954	CPT1C	0.26962155	False
2149	3.1031380231041465	0.8519724293057757	0.27455189648751954	TSKS	0.26962155	False
2150	3.1031380231041465	0.8519724293057757	0.27455189648751954	AP2A1	0.26962155	False
2151	3.1031380231041465	0.8519724293057757	0.27455189648751954	MIR6799	0.26962155	False
2152	3.1031380231041465	0.8519724293057757	0.27455189648751954	FUZ	0.26962155	False
2153	3.1031380231041465	0.8519724293057757	0.27455189648751954	MED25	0.26962155	False
2154	3.1031380231041465	0.8519724293057757	0.27455189648751954	MIR6800	0.26962155	False
2155	3.1031380231041465	0.8519724293057757	0.27455189648751954	PTOV1-AS1	0.26962155	False
2156	3.1031380231041465	0.8519724293057757	0.27455189648751954	PTOV1	0.26962155	False
2157	3.1031380231041465	0.8519724293057757	0.27455189648751954	MIR4749	0.26962155	False
2158	3.1031380231041465	0.8519724293057757	0.27455189648751954	PTOV1-AS2	0.26962155	False
2159	3.1031380231041465	0.8519724293057757	0.27455189648751954	PNKP	0.26962155	False
2160	3.1031380231041465	0.8519724293057757	0.27455189648751954	AKT1S1	0.26962155	False
2161	3.1031380231041465	0.8519724293057757	0.27455189648751954	TBC1D17	0.26962155	False
2162	3.1031380231041465	0.8519724293057757	0.27455189648751954	MIR4750	0.26962155	False
