	mean	var	dispersion	gene	proba	pred
0	3.006071361837446	0.4734431087026527	0.15749563191116758	SEMA6C	0.26961982	False
1	3.006071361837446	0.4734431087026527	0.15749563191116758	TNFAIP8L2	0.26961982	False
2	3.006071361837446	0.4734431087026527	0.15749563191116758	TNFAIP8L2-SCNM1	0.26961982	False
3	3.006071361837446	0.4734431087026527	0.15749563191116758	LYSMD1	0.26961982	False
4	3.006071361837446	0.4734431087026527	0.15749563191116758	SCNM1	0.26961982	False
5	3.006071361837446	0.4734431087026527	0.15749563191116758	TMOD4	0.26961982	False
6	3.006071361837446	0.4734431087026527	0.15749563191116758	VPS72	0.26961982	False
7	3.006071361837446	0.4734431087026527	0.15749563191116758	PIP5K1A	0.26961982	False
8	3.006071361837446	0.4734431087026527	0.15749563191116758	PSMD4	0.26961982	False
9	3.006071361837446	0.4734431087026527	0.15749563191116758	ZNF687	0.26961982	False
10	3.006071361837446	0.4734431087026527	0.15749563191116758	PI4KB	0.26961982	False
11	3.006071361837446	0.4734431087026527	0.15749563191116758	RFX5	0.26961982	False
12	3.006071361837446	0.4734431087026527	0.15749563191116758	GBAT2	0.26961982	False
13	3.006071361837446	0.4734431087026527	0.15749563191116758	SELENBP1	0.26961982	False
14	3.006071361837446	0.4734431087026527	0.15749563191116758	PSMB4	0.26961982	False
15	3.006071361837446	0.4734431087026527	0.15749563191116758	POGZ	0.26961982	False
16	3.006071361837446	0.4734431087026527	0.15749563191116758	CGN	0.26961982	False
17	3.006071361837446	0.4734431087026527	0.15749563191116758	TUFT1	0.26961982	False
18	3.006071361837446	0.4734431087026527	0.15749563191116758	MIR554	0.26961982	False
19	3.006071361837446	0.4734431087026527	0.15749563191116758	SNX27	0.26961982	False
20	3.006071361837446	0.4734431087026527	0.15749563191116758	CELF3	0.26961982	False
21	3.006071361837446	0.4734431087026527	0.15749563191116758	RIIAD1	0.26961982	False
22	3.006071361837446	0.4734431087026527	0.15749563191116758	MRPL9	0.26961982	False
23	3.006071361837446	0.4734431087026527	0.15749563191116758	OAZ3	0.26961982	False
24	3.006071361837446	0.4734431087026527	0.15749563191116758	TDRKH	0.26961982	False
25	3.006071361837446	0.4734431087026527	0.15749563191116758	LINGO4	0.26961982	False
26	3.006071361837446	0.4734431087026527	0.15749563191116758	RORC	0.26961982	False
27	3.006071361837446	0.4734431087026527	0.15749563191116758	C2CD4D	0.26961982	False
28	3.006071361837446	0.4734431087026527	0.15749563191116758	C2CD4D-AS1	0.26961982	False
29	3.006071361837446	0.4734431087026527	0.15749563191116758	THEM5	0.26961982	False
30	2.8964540343736926	0.3603467560420204	0.12440962354851906	THEM4	0.2696191	False
31	2.8964540343736926	0.3603467560420204	0.12440962354851906	S100A10	0.2696191	False
32	2.8964540343736926	0.3603467560420204	0.12440962354851906	NBPF18P	0.2696191	False
33	2.8964540343736926	0.3603467560420204	0.12440962354851906	S100A11	0.2696191	False
34	2.8964540343736926	0.3603467560420204	0.12440962354851906	TCHHL1	0.2696191	False
35	2.8903405943978027	0.37779052308680144	0.13070796009959976	TCHH	0.26961908	False
36	2.8903405943978027	0.37779052308680144	0.13070796009959976	RPTN	0.26961908	False
37	2.8903405943978027	0.37779052308680144	0.13070796009959976	FLG-AS1	0.26961908	False
38	2.8903405943978027	0.37779052308680144	0.13070796009959976	HRNR	0.26961908	False
39	2.8903405943978027	0.37779052308680144	0.13070796009959976	FLG	0.26961908	False
40	2.8903405943978027	0.37779052308680144	0.13070796009959976	FLG2	0.26961908	False
41	2.8903405943978027	0.37779052308680144	0.13070796009959976	CRNN	0.26961908	False
42	2.8903405943978027	0.37779052308680144	0.13070796009959976	LCE5A	0.26961908	False
43	2.8903405943978027	0.37779052308680144	0.13070796009959976	CRCT1	0.26961908	False
44	2.8903405943978027	0.37779052308680144	0.13070796009959976	LCE3E	0.26961908	False
45	2.8903405943978027	0.37779052308680144	0.13070796009959976	LCE3D	0.26961908	False
46	2.8903405943978027	0.37779052308680144	0.13070796009959976	LCE3C	0.26961908	False
47	2.8903405943978027	0.37779052308680144	0.13070796009959976	LCE3B	0.26961908	False
48	2.8903405943978027	0.37779052308680144	0.13070796009959976	LCE3A	0.26961908	False
49	2.8903405943978027	0.37779052308680144	0.13070796009959976	LCE2D	0.26961908	False
50	2.8903405943978027	0.37779052308680144	0.13070796009959976	LCE2C	0.26961908	False
51	2.8903405943978027	0.37779052308680144	0.13070796009959976	LCE2B	0.26961908	False
52	2.8903405943978027	0.37779052308680144	0.13070796009959976	LCE2A	0.26961908	False
53	2.8903405943978027	0.37779052308680144	0.13070796009959976	LCE4A	0.26961908	False
54	2.8903405943978027	0.37779052308680144	0.13070796009959976	C1orf68	0.26961908	False
55	2.8903405943978027	0.37779052308680144	0.13070796009959976	LCE1F	0.26961908	False
56	2.8903405943978027	0.37779052308680144	0.13070796009959976	LCE1E	0.26961908	False
57	2.8903405943978027	0.37779052308680144	0.13070796009959976	LCE1D	0.26961908	False
58	2.8903405943978027	0.37779052308680144	0.13070796009959976	LCE1C	0.26961908	False
59	2.8903405943978027	0.37779052308680144	0.13070796009959976	LCE1B	0.26961908	False
60	2.8903405943978027	0.37779052308680144	0.13070796009959976	LCE1A	0.26961908	False
61	2.8903405943978027	0.37779052308680144	0.13070796009959976	LCE6A	0.26961908	False
62	2.8903405943978027	0.37779052308680144	0.13070796009959976	SMCP	0.26961908	False
63	2.908955261323302	0.3448128183458536	0.11853493346233042	IVL	0.269619	False
64	2.908955261323302	0.3448128183458536	0.11853493346233042	SPRR4	0.269619	False
65	2.908955261323302	0.3448128183458536	0.11853493346233042	SPRR3	0.269619	False
66	2.908955261323302	0.3448128183458536	0.11853493346233042	SPRR1B	0.269619	False
67	2.908955261323302	0.3448128183458536	0.11853493346233042	SPRR2D	0.269619	False
68	2.908955261323302	0.3448128183458536	0.11853493346233042	SPRR2A	0.269619	False
69	2.908955261323302	0.3448128183458536	0.11853493346233042	SPRR2E	0.269619	False
70	2.9110452142059895	0.38246289003322054	0.13138335611099064	SPRR2F	0.2696192	False
71	2.9110452142059895	0.38246289003322054	0.13138335611099064	SPRR2G	0.2696192	False
72	2.9110452142059895	0.38246289003322054	0.13138335611099064	LOC101928009	0.2696192	False
73	2.9110452142059895	0.38246289003322054	0.13138335611099064	LELP1	0.2696192	False
74	2.9110452142059895	0.38246289003322054	0.13138335611099064	PRR9	0.2696192	False
75	2.9110452142059895	0.38246289003322054	0.13138335611099064	LOR	0.2696192	False
76	2.9110452142059895	0.38246289003322054	0.13138335611099064	PGLYRP3	0.2696192	False
77	2.9110452142059895	0.38246289003322054	0.13138335611099064	PGLYRP4	0.2696192	False
78	2.9110452142059895	0.38246289003322054	0.13138335611099064	S100A9	0.2696192	False
79	2.9110452142059895	0.38246289003322054	0.13138335611099064	S100A12	0.2696192	False
80	2.9110452142059895	0.38246289003322054	0.13138335611099064	S100A8	0.2696192	False
81	2.9110452142059895	0.38246289003322054	0.13138335611099064	S100A7A	0.2696192	False
82	2.9110452142059895	0.38246289003322054	0.13138335611099064	S100A7L2	0.2696192	False
83	2.9110452142059895	0.38246289003322054	0.13138335611099064	S100A7	0.2696192	False
84	2.9110452142059895	0.38246289003322054	0.13138335611099064	S100A6	0.2696192	False
85	2.9110452142059895	0.38246289003322054	0.13138335611099064	S100A5	0.2696192	False
86	2.9110452142059895	0.38246289003322054	0.13138335611099064	S100A4	0.2696192	False
87	2.9110452142059895	0.38246289003322054	0.13138335611099064	S100A3	0.2696192	False
88	2.9110452142059895	0.38246289003322054	0.13138335611099064	S100A2	0.2696192	False
89	2.9110452142059895	0.38246289003322054	0.13138335611099064	S100A16	0.2696192	False
90	2.9110452142059895	0.38246289003322054	0.13138335611099064	S100A14	0.2696192	False
91	2.9110452142059895	0.38246289003322054	0.13138335611099064	S100A13	0.2696192	False
92	2.9110452142059895	0.38246289003322054	0.13138335611099064	S100A1	0.2696192	False
93	2.9110452142059895	0.38246289003322054	0.13138335611099064	CHTOP	0.2696192	False
94	2.9110452142059895	0.38246289003322054	0.13138335611099064	SNAPIN	0.2696192	False
95	2.9110452142059895	0.38246289003322054	0.13138335611099064	ILF2	0.2696192	False
96	2.9110452142059895	0.38246289003322054	0.13138335611099064	NPR1	0.2696192	False
97	2.9110452142059895	0.38246289003322054	0.13138335611099064	MIR8083	0.2696192	False
98	2.9110452142059895	0.38246289003322054	0.13138335611099064	INTS3	0.2696192	False
99	2.9110452142059895	0.38246289003322054	0.13138335611099064	SLC27A3	0.2696192	False
100	2.9178878092117335	0.33949130438518665	0.11634830623487889	GATAD2B	0.26961896	False
101	2.9178878092117335	0.33949130438518665	0.11634830623487889	DENND4B	0.26961896	False
102	2.9178878092117335	0.33949130438518665	0.11634830623487889	CRTC2	0.26961896	False
103	2.9178878092117335	0.33949130438518665	0.11634830623487889	SLC39A1	0.26961896	False
104	2.9178878092117335	0.33949130438518665	0.11634830623487889	MIR6737	0.26961896	False
105	2.9178878092117335	0.33949130438518665	0.11634830623487889	CREB3L4	0.26961896	False
106	2.9178878092117335	0.33949130438518665	0.11634830623487889	JTB	0.26961896	False
107	2.9178878092117335	0.33949130438518665	0.11634830623487889	RAB13	0.26961896	False
108	2.9178878092117335	0.33949130438518665	0.11634830623487889	RPS27	0.26961896	False
109	2.9178878092117335	0.33949130438518665	0.11634830623487889	NUP210L	0.26961896	False
110	2.997097258893731	0.40803168546560514	0.13614229042944542	MIR5698	0.2696195	False
111	2.997097258893731	0.40803168546560514	0.13614229042944542	TPM3	0.2696195	False
112	2.997097258893731	0.40803168546560514	0.13614229042944542	MIR190B	0.2696195	False
113	2.997097258893731	0.40803168546560514	0.13614229042944542	C1orf189	0.2696195	False
114	2.997097258893731	0.40803168546560514	0.13614229042944542	C1orf43	0.2696195	False
115	2.997097258893731	0.40803168546560514	0.13614229042944542	UBAP2L	0.2696195	False
116	2.997097258893731	0.40803168546560514	0.13614229042944542	HAX1	0.2696195	False
117	2.997097258893731	0.40803168546560514	0.13614229042944542	AQP10	0.2696195	False
118	2.997097258893731	0.40803168546560514	0.13614229042944542	ATP8B2	0.2696195	False
119	2.997097258893731	0.40803168546560514	0.13614229042944542	IL6R	0.2696195	False
120	2.997097258893731	0.40803168546560514	0.13614229042944542	SHE	0.2696195	False
121	2.997097258893731	0.40803168546560514	0.13614229042944542	TDRD10	0.2696195	False
122	2.997097258893731	0.40803168546560514	0.13614229042944542	UBE2Q1	0.2696195	False
123	2.997097258893731	0.40803168546560514	0.13614229042944542	UBE2Q1-AS1	0.2696195	False
124	2.997097258893731	0.40803168546560514	0.13614229042944542	CHRNB2	0.2696195	False
125	2.997097258893731	0.40803168546560514	0.13614229042944542	ADAR	0.2696195	False
126	2.997097258893731	0.40803168546560514	0.13614229042944542	KCNN3	0.2696195	False
127	2.9638434406613663	0.3594875033062266	0.12129098938708072	PMVK	0.2696192	False
128	2.9638434406613663	0.3594875033062266	0.12129098938708072	PBXIP1	0.2696192	False
129	2.9638434406613663	0.3594875033062266	0.12129098938708072	PYGO2	0.2696192	False
130	2.9638434406613663	0.3594875033062266	0.12129098938708072	SHC1	0.2696192	False
131	2.9638434406613663	0.3594875033062266	0.12129098938708072	CKS1B	0.2696192	False
132	2.9638434406613663	0.3594875033062266	0.12129098938708072	MIR4258	0.2696192	False
133	2.9638434406613663	0.3594875033062266	0.12129098938708072	FLAD1	0.2696192	False
134	2.9638434406613663	0.3594875033062266	0.12129098938708072	LENEP	0.2696192	False
135	2.9638434406613663	0.3594875033062266	0.12129098938708072	ZBTB7B	0.2696192	False
136	2.9638434406613663	0.3594875033062266	0.12129098938708072	DCST2	0.2696192	False
137	2.9638434406613663	0.3594875033062266	0.12129098938708072	DCST1	0.2696192	False
138	2.9638434406613663	0.3594875033062266	0.12129098938708072	DCST1-AS1	0.2696192	False
139	2.9638434406613663	0.3594875033062266	0.12129098938708072	ADAM15	0.2696192	False
140	2.9638434406613663	0.3594875033062266	0.12129098938708072	EFNA4	0.2696192	False
141	2.9638434406613663	0.3594875033062266	0.12129098938708072	EFNA3	0.2696192	False
142	3.0734070425436077	0.4397613134944795	0.14308593277983936	EFNA1	0.26961973	False
143	3.0734070425436077	0.4397613134944795	0.14308593277983936	SLC50A1	0.26961973	False
144	3.0734070425436077	0.4397613134944795	0.14308593277983936	DPM3	0.26961973	False
145	3.0734070425436077	0.4397613134944795	0.14308593277983936	KRTCAP2	0.26961973	False
146	3.0734070425436077	0.4397613134944795	0.14308593277983936	TRIM46	0.26961973	False
147	3.0734070425436077	0.4397613134944795	0.14308593277983936	MUC1	0.26961973	False
148	3.0734070425436077	0.4397613134944795	0.14308593277983936	MIR92B	0.26961973	False
149	3.0734070425436077	0.4397613134944795	0.14308593277983936	THBS3	0.26961973	False
150	3.0734070425436077	0.4397613134944795	0.14308593277983936	MTX1	0.26961973	False
151	3.0734070425436077	0.4397613134944795	0.14308593277983936	GBA	0.26961973	False
152	3.0734070425436077	0.4397613134944795	0.14308593277983936	FAM189B	0.26961973	False
153	3.0734070425436077	0.4397613134944795	0.14308593277983936	SCAMP3	0.26961973	False
154	3.0734070425436077	0.4397613134944795	0.14308593277983936	CLK2	0.26961973	False
155	3.0734070425436077	0.4397613134944795	0.14308593277983936	HCN3	0.26961973	False
156	3.0734070425436077	0.4397613134944795	0.14308593277983936	PKLR	0.26961973	False
157	3.0734070425436077	0.4397613134944795	0.14308593277983936	FDPS	0.26961973	False
158	3.0734070425436077	0.4397613134944795	0.14308593277983936	RUSC1-AS1	0.26961973	False
159	3.0734070425436077	0.4397613134944795	0.14308593277983936	RUSC1	0.26961973	False
160	3.0734070425436077	0.4397613134944795	0.14308593277983936	ASH1L	0.26961973	False
161	3.0734070425436077	0.4397613134944795	0.14308593277983936	MIR555	0.26961973	False
162	3.0734070425436077	0.4397613134944795	0.14308593277983936	MSTO2P	0.26961973	False
163	3.0734070425436077	0.4397613134944795	0.14308593277983936	MSTO1	0.26961973	False
164	3.0734070425436077	0.4397613134944795	0.14308593277983936	YY1AP1	0.26961973	False
165	3.0734070425436077	0.4397613134944795	0.14308593277983936	DAP3	0.26961973	False
166	3.0734070425436077	0.4397613134944795	0.14308593277983936	GON4L	0.26961973	False
167	3.0734070425436077	0.4397613134944795	0.14308593277983936	SYT11	0.26961973	False
168	2.980561571539892	0.37871291442774313	0.12706092638511843	RIT1	0.26961923	False
169	2.980561571539892	0.37871291442774313	0.12706092638511843	KHDC4	0.26961923	False
170	2.980561571539892	0.37871291442774313	0.12706092638511843	SNORA80E	0.26961923	False
171	2.980561571539892	0.37871291442774313	0.12706092638511843	SCARNA4	0.26961923	False
172	2.980561571539892	0.37871291442774313	0.12706092638511843	RXFP4	0.26961923	False
173	2.980561571539892	0.37871291442774313	0.12706092638511843	ARHGEF2	0.26961923	False
174	2.980561571539892	0.37871291442774313	0.12706092638511843	MIR6738	0.26961923	False
175	2.980561571539892	0.37871291442774313	0.12706092638511843	SSR2	0.26961923	False
176	2.980561571539892	0.37871291442774313	0.12706092638511843	UBQLN4	0.26961923	False
177	2.980561571539892	0.37871291442774313	0.12706092638511843	LAMTOR2	0.26961923	False
178	2.980561571539892	0.37871291442774313	0.12706092638511843	RAB25	0.26961923	False
179	2.980561571539892	0.37871291442774313	0.12706092638511843	MEX3A	0.26961923	False
180	2.980561571539892	0.37871291442774313	0.12706092638511843	LMNA	0.26961923	False
181	2.983947366291742	0.43615036410023467	0.14616556881237966	SEMA4A	0.2696195	False
182	2.983947366291742	0.43615036410023467	0.14616556881237966	SLC25A44	0.2696195	False
183	2.983947366291742	0.43615036410023467	0.14616556881237966	PMF1-BGLAP	0.2696195	False
184	2.983947366291742	0.43615036410023467	0.14616556881237966	PMF1	0.2696195	False
185	2.983947366291742	0.43615036410023467	0.14616556881237966	BGLAP	0.2696195	False
186	2.983947366291742	0.43615036410023467	0.14616556881237966	PAQR6	0.2696195	False
187	2.983947366291742	0.43615036410023467	0.14616556881237966	SMG5	0.2696195	False
188	2.983947366291742	0.43615036410023467	0.14616556881237966	TMEM79	0.2696195	False
189	2.983947366291742	0.43615036410023467	0.14616556881237966	GLMP	0.2696195	False
190	2.983947366291742	0.43615036410023467	0.14616556881237966	VHLL	0.2696195	False
191	2.983947366291742	0.43615036410023467	0.14616556881237966	CCT3	0.2696195	False
192	2.983947366291742	0.43615036410023467	0.14616556881237966	TSACC	0.2696195	False
193	2.983947366291742	0.43615036410023467	0.14616556881237966	RHBG	0.2696195	False
194	2.983947366291742	0.43615036410023467	0.14616556881237966	C1orf61	0.2696195	False
195	2.983947366291742	0.43615036410023467	0.14616556881237966	MEF2D	0.2696195	False
196	2.983947366291742	0.43615036410023467	0.14616556881237966	IQGAP3	0.2696195	False
197	2.983947366291742	0.43615036410023467	0.14616556881237966	TTC24	0.2696195	False
198	2.983947366291742	0.43615036410023467	0.14616556881237966	NAXE	0.2696195	False
199	2.983947366291742	0.43615036410023467	0.14616556881237966	GPATCH4	0.2696195	False
200	2.983947366291742	0.43615036410023467	0.14616556881237966	HAPLN2	0.2696195	False
201	2.983947366291742	0.43615036410023467	0.14616556881237966	BCAN	0.2696195	False
202	2.983947366291742	0.43615036410023467	0.14616556881237966	NES	0.2696195	False
203	2.983947366291742	0.43615036410023467	0.14616556881237966	CRABP2	0.2696195	False
204	2.983947366291742	0.43615036410023467	0.14616556881237966	ISG20L2	0.2696195	False
205	2.983947366291742	0.43615036410023467	0.14616556881237966	RRNAD1	0.2696195	False
206	2.983947366291742	0.43615036410023467	0.14616556881237966	MRPL24	0.2696195	False
207	2.983947366291742	0.43615036410023467	0.14616556881237966	HDGF	0.2696195	False
208	2.983947366291742	0.43615036410023467	0.14616556881237966	PRCC	0.2696195	False
209	2.983947366291742	0.43615036410023467	0.14616556881237966	SH2D2A	0.2696195	False
210	2.983947366291742	0.43615036410023467	0.14616556881237966	NTRK1	0.2696195	False
211	2.983947366291742	0.43615036410023467	0.14616556881237966	INSRR	0.2696195	False
212	2.8121798812026957	0.32326625162589906	0.11495219555003948	PEAR1	0.26961872	False
213	2.8121798812026957	0.32326625162589906	0.11495219555003948	LRRC71	0.26961872	False
214	2.8121798812026957	0.32326625162589906	0.11495219555003948	ARHGEF11	0.26961872	False
215	2.8121798812026957	0.32326625162589906	0.11495219555003948	MIR765	0.26961872	False
216	2.8121798812026957	0.32326625162589906	0.11495219555003948	ETV3L	0.26961872	False
217	3.0382527367017595	0.5458783942569754	0.17966852713167153	ATP1A2	0.2696202	False
218	3.0382527367017595	0.5458783942569754	0.17966852713167153	ATP1A4	0.2696202	False
219	3.0382527367017595	0.5458783942569754	0.17966852713167153	CASQ1	0.2696202	False
220	3.0382527367017595	0.5458783942569754	0.17966852713167153	LOC729867	0.2696202	False
221	3.0382527367017595	0.5458783942569754	0.17966852713167153	PEA15	0.2696202	False
222	3.0382527367017595	0.5458783942569754	0.17966852713167153	DCAF8	0.2696202	False
223	3.0382527367017595	0.5458783942569754	0.17966852713167153	PEX19	0.2696202	False
224	3.0382527367017595	0.5458783942569754	0.17966852713167153	COPA	0.2696202	False
225	3.0382527367017595	0.5458783942569754	0.17966852713167153	NCSTN	0.2696202	False
226	3.0382527367017595	0.5458783942569754	0.17966852713167153	NHLH1	0.2696202	False
227	3.0382527367017595	0.5458783942569754	0.17966852713167153	VANGL2	0.2696202	False
228	3.0382527367017595	0.5458783942569754	0.17966852713167153	SLAMF6	0.2696202	False
229	3.0382527367017595	0.5458783942569754	0.17966852713167153	CD84	0.2696202	False
230	3.0382527367017595	0.5458783942569754	0.17966852713167153	SLAMF1	0.2696202	False
231	3.0382527367017595	0.5458783942569754	0.17966852713167153	CD48	0.2696202	False
232	3.0382527367017595	0.5458783942569754	0.17966852713167153	SLAMF7	0.2696202	False
233	3.0382527367017595	0.5458783942569754	0.17966852713167153	LY9	0.2696202	False
234	3.0382527367017595	0.5458783942569754	0.17966852713167153	CD244	0.2696202	False
235	3.0382527367017595	0.5458783942569754	0.17966852713167153	ITLN1	0.2696202	False
236	2.9623228982654353	0.4651619658039529	0.15702608452182062	LOC101928372	0.26961973	False
237	2.9623228982654353	0.4651619658039529	0.15702608452182062	ITLN2	0.26961973	False
238	2.9623228982654353	0.4651619658039529	0.15702608452182062	F11R	0.26961973	False
239	2.9623228982654353	0.4651619658039529	0.15702608452182062	TSTD1	0.26961973	False
240	2.9623228982654353	0.4651619658039529	0.15702608452182062	USF1	0.26961973	False
241	2.9623228982654353	0.4651619658039529	0.15702608452182062	ARHGAP30	0.26961973	False
242	2.9623228982654353	0.4651619658039529	0.15702608452182062	NECTIN4	0.26961973	False
243	2.9623228982654353	0.4651619658039529	0.15702608452182062	KLHDC9	0.26961973	False
244	3.0687794238207196	0.5870306518923996	0.191291249978967	PFDN2	0.2696206	False
245	3.0687794238207196	0.5870306518923996	0.191291249978967	NIT1	0.2696206	False
246	3.0687794238207196	0.5870306518923996	0.191291249978967	DEDD	0.2696206	False
247	3.0687794238207196	0.5870306518923996	0.191291249978967	UFC1	0.2696206	False
248	3.0687794238207196	0.5870306518923996	0.191291249978967	USP21	0.2696206	False
249	3.0687794238207196	0.5870306518923996	0.191291249978967	PPOX	0.2696206	False
250	3.0687794238207196	0.5870306518923996	0.191291249978967	B4GALT3	0.2696206	False
251	3.0687794238207196	0.5870306518923996	0.191291249978967	ADAMTS4	0.2696206	False
252	3.0687794238207196	0.5870306518923996	0.191291249978967	NDUFS2	0.2696206	False
253	3.0687794238207196	0.5870306518923996	0.191291249978967	FCER1G	0.2696206	False
254	3.0687794238207196	0.5870306518923996	0.191291249978967	APOA2	0.2696206	False
255	3.0687794238207196	0.5870306518923996	0.191291249978967	TOMM40L	0.2696206	False
256	3.0687794238207196	0.5870306518923996	0.191291249978967	MIR5187	0.2696206	False
257	3.0687794238207196	0.5870306518923996	0.191291249978967	NR1I3	0.2696206	False
258	3.0687794238207196	0.5870306518923996	0.191291249978967	PCP4L1	0.2696206	False
259	3.0687794238207196	0.5870306518923996	0.191291249978967	MPZ	0.2696206	False
260	3.0687794238207196	0.5870306518923996	0.191291249978967	SDHC	0.2696206	False
261	3.0687794238207196	0.5870306518923996	0.191291249978967	CFAP126	0.2696206	False
262	3.0687794238207196	0.5870306518923996	0.191291249978967	FCGR2A	0.2696206	False
263	3.0687794238207196	0.5870306518923996	0.191291249978967	HSPA6	0.2696206	False
264	3.0687794238207196	0.5870306518923996	0.191291249978967	FCGR3A	0.2696206	False
265	3.0687794238207196	0.5870306518923996	0.191291249978967	FCGR2C	0.2696206	False
266	3.0687794238207196	0.5870306518923996	0.191291249978967	FCGR3B	0.2696206	False
267	3.0687794238207196	0.5870306518923996	0.191291249978967	FCGR2B	0.2696206	False
268	3.0687794238207196	0.5870306518923996	0.191291249978967	FCRLA	0.2696206	False
269	3.0687794238207196	0.5870306518923996	0.191291249978967	FCRLB	0.2696206	False
270	3.0687794238207196	0.5870306518923996	0.191291249978967	DUSP12	0.2696206	False
271	3.0393807119341516	0.6109416281288289	0.20100858893062062	TRMT1L	0.26962057	False
272	3.0393807119341516	0.6109416281288289	0.20100858893062062	SWT1	0.26962057	False
273	3.0393807119341516	0.6109416281288289	0.20100858893062062	IVNS1ABP	0.26962057	False
274	3.0393807119341516	0.6109416281288289	0.20100858893062062	GS1-279B7.1	0.26962057	False
275	3.0393807119341516	0.6109416281288289	0.20100858893062062	LINC01350	0.26962057	False
276	3.2820903903492713	1.0525009584111018	0.32068006460330833	ZBTB41	0.2696236	False
277	3.2820903903492713	1.0525009584111018	0.32068006460330833	CRB1	0.2696236	False
278	3.2820903903492713	1.0525009584111018	0.32068006460330833	DENND1B	0.2696236	False
279	3.1512740214575907	0.8316399825171362	0.26390595576720727	C1orf53	0.269622	False
280	3.1512740214575907	0.8316399825171362	0.26390595576720727	LHX9	0.269622	False
281	3.2813119971772053	1.0667005925597317	0.32508356214751166	NEK7	0.2696238	False
282	3.2813119971772053	1.0667005925597317	0.32508356214751166	ATP6V1G3	0.2696238	False
283	3.2813119971772053	1.0667005925597317	0.32508356214751166	PTPRC	0.2696238	False
284	3.0502207601099793	0.6912489197033219	0.22662258704133864	MIR181A1HG	0.26962107	False
285	3.2813119971772053	1.0667005925597317	0.32508356214751166	MIR181B1	0.2696238	False
286	3.2813119971772053	1.0667005925597317	0.32508356214751166	MIR181A1	0.2696238	False
287	3.0502207601099793	0.6912489197033219	0.22662258704133864	LINC01222	0.26962107	False
288	3.0502207601099793	0.6912489197033219	0.22662258704133864	LINC01221	0.26962107	False
289	2.9209872623338358	0.4290664551752286	0.14689090250684947	WDPCP	0.2696195	False
290	2.9209872623338358	0.4290664551752286	0.14689090250684947	MDH1	0.2696195	False
291	2.9209872623338358	0.4290664551752286	0.14689090250684947	UGP2	0.2696195	False
292	2.8820512879764357	0.3936902694366052	0.136600715982756	VPS54	0.2696192	False
293	2.8820512879764357	0.3936902694366052	0.136600715982756	PELI1	0.2696192	False
294	2.9834496348638724	0.5194963594833156	0.17412606983962678	LOC100507006	0.26961997	False
295	2.9834496348638724	0.5194963594833156	0.17412606983962678	LINC00309	0.26961997	False
296	2.9834496348638724	0.5194963594833156	0.17412606983962678	MIR4433B	0.26961997	False
297	2.9834496348638724	0.5194963594833156	0.17412606983962678	LGALSL	0.26961997	False
298	2.9834496348638724	0.5194963594833156	0.17412606983962678	AFTPH	0.26961997	False
299	2.9834496348638724	0.5194963594833156	0.17412606983962678	LINC02579	0.26961997	False
300	2.9834496348638724	0.5194963594833156	0.17412606983962678	SERTAD2	0.26961997	False
301	2.9834496348638724	0.5194963594833156	0.17412606983962678	LINC01800	0.26961997	False
302	2.970648362782675	0.5164433205338533	0.1738486880520887	MIR3126	0.26962	False
303	2.970648362782675	0.5164433205338533	0.1738486880520887	GFPT1	0.26962	False
304	2.970648362782675	0.5164433205338533	0.1738486880520887	NFU1	0.26962	False
305	2.970648362782675	0.5164433205338533	0.1738486880520887	AAK1	0.26962	False
306	2.970648362782675	0.5164433205338533	0.1738486880520887	SNORA36C	0.26962	False
307	2.970648362782675	0.5164433205338533	0.1738486880520887	ANXA4	0.26962	False
308	2.970648362782675	0.5164433205338533	0.1738486880520887	GMCL1	0.26962	False
309	3.021788912075169	0.5904295930575265	0.19539074708301107	COL3A1	0.26962036	False
310	3.021788912075169	0.5904295930575265	0.19539074708301107	MIR1245A	0.26962036	False
311	3.021788912075169	0.5904295930575265	0.19539074708301107	COL5A2	0.26962036	False
312	3.153989083401408	0.753157267870935	0.23879514099607954	MIR3129	0.26962167	False
313	3.153989083401408	0.753157267870935	0.23879514099607954	WDR75	0.26962167	False
314	3.153989083401408	0.753157267870935	0.23879514099607954	SLC40A1	0.26962167	False
315	3.153989083401408	0.753157267870935	0.23879514099607954	ASNSD1	0.26962167	False
316	3.153989083401408	0.753157267870935	0.23879514099607954	ANKAR	0.26962167	False
317	3.153989083401408	0.753157267870935	0.23879514099607954	OSGEPL1	0.26962167	False
318	3.153989083401408	0.753157267870935	0.23879514099607954	OSGEPL1-AS1	0.26962167	False
319	3.153989083401408	0.753157267870935	0.23879514099607954	ORMDL1	0.26962167	False
320	3.153989083401408	0.753157267870935	0.23879514099607954	PMS1	0.26962167	False
321	3.105985977733925	0.6649740867478343	0.21409436214937075	C2orf88	0.26962116	False
322	3.105985977733925	0.6649740867478343	0.21409436214937075	MSTN	0.26962116	False
323	3.2036378517796678	0.8032775949205365	0.2507392008975996	HIBCH	0.2696219	False
324	3.2036378517796678	0.8032775949205365	0.2507392008975996	INPP1	0.2696219	False
325	3.2036378517796678	0.8032775949205365	0.2507392008975996	MFSD6	0.2696219	False
326	3.2036378517796678	0.8032775949205365	0.2507392008975996	NEMP2	0.2696219	False
327	3.2036378517796678	0.8032775949205365	0.2507392008975996	NAB1	0.2696219	False
328	3.132917325473315	0.7132271486551071	0.22765591126709803	GLS	0.26962128	False
329	3.132917325473315	0.7132271486551071	0.22765591126709803	STAT1	0.26962128	False
330	3.132917325473315	0.7132271486551071	0.22765591126709803	STAT4	0.26962128	False
331	3.2288199361838767	0.8726003726071233	0.27025364989490386	MYO1B	0.26962245	False
332	3.2288199361838767	0.8726003726071233	0.27025364989490386	NABP1	0.26962245	False
333	3.2288199361838767	0.8726003726071233	0.27025364989490386	CAVIN2	0.26962245	False
334	3.0070897492939443	0.6158416591790511	0.20479656761945628	TMEFF2	0.26962036	False
335	2.997811428686785	0.6090759083467808	0.2031735226967199	DNAH7	0.26962063	False
336	3.1156624529930785	0.7390899661162598	0.23721759891102737	STK17B	0.26962164	False
337	3.1156624529930785	0.7390899661162598	0.23721759891102737	HECW2	0.26962164	False
338	3.1156624529930785	0.7390899661162598	0.23721759891102737	HECW2-AS1	0.26962164	False
339	3.1156624529930785	0.7390899661162598	0.23721759891102737	CCDC150	0.26962164	False
340	3.1156624529930785	0.7390899661162598	0.23721759891102737	GTF3C3	0.26962164	False
341	3.1156624529930785	0.7390899661162598	0.23721759891102737	C2orf66	0.26962164	False
342	3.008949599563142	0.6068195297721178	0.20167155005195822	PGAP1	0.26962063	False
343	3.008949599563142	0.6068195297721178	0.20167155005195822	ANKRD44	0.26962063	False
344	3.0928230883792223	0.7210549676668331	0.2331381223763103	ANKRD44-IT1	0.2696213	False
345	3.0928230883792223	0.7210549676668331	0.2331381223763103	SF3B1	0.2696213	False
346	3.0928230883792223	0.7210549676668331	0.2331381223763103	COQ10B	0.2696213	False
347	3.0928230883792223	0.7210549676668331	0.2331381223763103	HSPD1	0.2696213	False
348	3.0928230883792223	0.7210549676668331	0.2331381223763103	HSPE1	0.2696213	False
349	3.0928230883792223	0.7210549676668331	0.2331381223763103	HSPE1-MOB4	0.2696213	False
350	3.0928230883792223	0.7210549676668331	0.2331381223763103	MOB4	0.2696213	False
351	3.0928230883792223	0.7210549676668331	0.2331381223763103	RFTN2	0.2696213	False
352	3.0928230883792223	0.7210549676668331	0.2331381223763103	MARS2	0.2696213	False
353	3.0928230883792223	0.7210549676668331	0.2331381223763103	BOLL	0.2696213	False
354	2.927075726151395	0.5154483527640421	0.17609669205305076	PLCL1	0.26961985	False
355	2.7771081477577186	0.3011502105192627	0.108440217123851	USP19	0.26961866	False
356	2.7771081477577186	0.3011502105192627	0.108440217123851	LAMB2	0.26961866	False
357	2.7771081477577186	0.3011502105192627	0.108440217123851	CCDC71	0.26961866	False
358	2.7771081477577186	0.3011502105192627	0.108440217123851	KLHDC8B	0.26961866	False
359	2.7771081477577186	0.3011502105192627	0.108440217123851	C3orf84	0.26961866	False
360	2.7771081477577186	0.3011502105192627	0.108440217123851	CCDC36	0.26961866	False
361	2.7771081477577186	0.3011502105192627	0.108440217123851	C3orf62	0.26961866	False
362	2.7771081477577186	0.3011502105192627	0.108440217123851	MIR4271	0.26961866	False
363	2.7771081477577186	0.3011502105192627	0.108440217123851	USP4	0.26961866	False
364	2.7771081477577186	0.3011502105192627	0.108440217123851	GPX1	0.26961866	False
365	2.7771081477577186	0.3011502105192627	0.108440217123851	RHOA	0.26961866	False
366	2.7771081477577186	0.3011502105192627	0.108440217123851	TCTA	0.26961866	False
367	2.7771081477577186	0.3011502105192627	0.108440217123851	AMT	0.26961866	False
368	2.7771081477577186	0.3011502105192627	0.108440217123851	NICN1	0.26961866	False
369	2.7771081477577186	0.3011502105192627	0.108440217123851	DAG1	0.26961866	False
370	2.7771081477577186	0.3011502105192627	0.108440217123851	BSN-DT	0.26961866	False
371	2.7771081477577186	0.3011502105192627	0.108440217123851	BSN	0.26961866	False
372	2.7771081477577186	0.3011502105192627	0.108440217123851	APEH	0.26961866	False
373	2.7771081477577186	0.3011502105192627	0.108440217123851	MST1	0.26961866	False
374	2.7771081477577186	0.3011502105192627	0.108440217123851	RNF123	0.26961866	False
375	2.7771081477577186	0.3011502105192627	0.108440217123851	AMIGO3	0.26961866	False
376	2.7771081477577186	0.3011502105192627	0.108440217123851	GMPPB	0.26961866	False
377	2.7771081477577186	0.3011502105192627	0.108440217123851	IP6K1	0.26961866	False
378	2.7771081477577186	0.3011502105192627	0.108440217123851	CDHR4	0.26961866	False
379	2.7771081477577186	0.3011502105192627	0.108440217123851	INKA1	0.26961866	False
380	2.7771081477577186	0.3011502105192627	0.108440217123851	UBA7	0.26961866	False
381	2.7771081477577186	0.3011502105192627	0.108440217123851	MIR5193	0.26961866	False
382	2.7771081477577186	0.3011502105192627	0.108440217123851	TRAIP	0.26961866	False
383	2.7771081477577186	0.3011502105192627	0.108440217123851	CAMKV	0.26961866	False
384	2.7414320464315107	0.2577353799314802	0.09401487090185995	MST1R	0.2696184	False
385	2.7414320464315107	0.2577353799314802	0.09401487090185995	MON1A	0.2696184	False
386	2.7414320464315107	0.2577353799314802	0.09401487090185995	RBM6	0.2696184	False
387	2.7414320464315107	0.2577353799314802	0.09401487090185995	RBM5	0.2696184	False
388	2.7414320464315107	0.2577353799314802	0.09401487090185995	RBM5-AS1	0.2696184	False
389	2.813973107284106	0.3230805101826724	0.11481293454666032	SEMA3F-AS1	0.2696188	False
390	2.813973107284106	0.3230805101826724	0.11481293454666032	SEMA3F	0.2696188	False
391	2.813973107284106	0.3230805101826724	0.11481293454666032	GNAT1	0.2696188	False
392	2.813973107284106	0.3230805101826724	0.11481293454666032	SLC38A3	0.2696188	False
393	2.813973107284106	0.3230805101826724	0.11481293454666032	GNAI2	0.2696188	False
394	2.813973107284106	0.3230805101826724	0.11481293454666032	MIR5787	0.2696188	False
395	2.813973107284106	0.3230805101826724	0.11481293454666032	SEMA3B-AS1	0.2696188	False
396	2.813973107284106	0.3230805101826724	0.11481293454666032	SEMA3B	0.2696188	False
397	2.813973107284106	0.3230805101826724	0.11481293454666032	MIR6872	0.2696188	False
398	2.813973107284106	0.3230805101826724	0.11481293454666032	LSMEM2	0.2696188	False
399	2.813973107284106	0.3230805101826724	0.11481293454666032	IFRD2	0.2696188	False
400	2.813973107284106	0.3230805101826724	0.11481293454666032	HYAL3	0.2696188	False
401	2.813973107284106	0.3230805101826724	0.11481293454666032	NAA80	0.2696188	False
402	2.813973107284106	0.3230805101826724	0.11481293454666032	HYAL1	0.2696188	False
403	2.813973107284106	0.3230805101826724	0.11481293454666032	HYAL2	0.2696188	False
404	2.813973107284106	0.3230805101826724	0.11481293454666032	TUSC2	0.2696188	False
405	2.813973107284106	0.3230805101826724	0.11481293454666032	RASSF1	0.2696188	False
406	2.813973107284106	0.3230805101826724	0.11481293454666032	RASSF1-AS1	0.2696188	False
407	2.813973107284106	0.3230805101826724	0.11481293454666032	ZMYND10	0.2696188	False
408	2.813973107284106	0.3230805101826724	0.11481293454666032	NPRL2	0.2696188	False
409	2.813973107284106	0.3230805101826724	0.11481293454666032	CYB561D2	0.2696188	False
410	2.813973107284106	0.3230805101826724	0.11481293454666032	TMEM115	0.2696188	False
411	2.813973107284106	0.3230805101826724	0.11481293454666032	CACNA2D2	0.2696188	False
412	2.813973107284106	0.3230805101826724	0.11481293454666032	C3orf18	0.2696188	False
413	2.813973107284106	0.3230805101826724	0.11481293454666032	HEMK1	0.2696188	False
414	2.813973107284106	0.3230805101826724	0.11481293454666032	CISH	0.2696188	False
415	2.813973107284106	0.3230805101826724	0.11481293454666032	MAPKAPK3	0.2696188	False
416	2.813973107284106	0.3230805101826724	0.11481293454666032	MIR4787	0.2696188	False
417	3.0238493871304852	0.6152628567483873	0.20347007339947168	LINC01213	0.2696206	False
418	3.0238493871304852	0.6152628567483873	0.20347007339947168	LINC01214	0.2696206	False
419	3.0238493871304852	0.6152628567483873	0.20347007339947168	TSC22D2	0.2696206	False
420	3.0238493871304852	0.6152628567483873	0.20347007339947168	SERP1	0.2696206	False
421	3.0238493871304852	0.6152628567483873	0.20347007339947168	EIF2A	0.2696206	False
422	3.0238493871304852	0.6152628567483873	0.20347007339947168	SELENOT	0.2696206	False
423	3.0238493871304852	0.6152628567483873	0.20347007339947168	ERICH6	0.2696206	False
424	3.0238493871304852	0.6152628567483873	0.20347007339947168	ERICH6-AS1	0.2696206	False
425	3.0238493871304852	0.6152628567483873	0.20347007339947168	SIAH2	0.2696206	False
426	2.9353159439614225	0.5002513450743326	0.17042504269547454	CLRN1-AS1	0.26961982	False
427	2.9353159439614225	0.5002513450743326	0.17042504269547454	CLRN1	0.26961982	False
428	2.9353159439614225	0.5002513450743326	0.17042504269547454	MED12L	0.26961982	False
429	2.9719369680970065	0.5758945050270907	0.19377749636320452	GPR171	0.26962024	False
430	2.9719369680970065	0.5758945050270907	0.19377749636320452	P2RY14	0.26962024	False
431	2.9719369680970065	0.5758945050270907	0.19377749636320452	GPR87	0.26962024	False
432	2.9719369680970065	0.5758945050270907	0.19377749636320452	P2RY13	0.26962024	False
433	2.9719369680970065	0.5758945050270907	0.19377749636320452	P2RY12	0.26962024	False
434	2.9719369680970065	0.5758945050270907	0.19377749636320452	IGSF10	0.26962024	False
435	2.9719369680970065	0.5758945050270907	0.19377749636320452	MIR5186	0.26962024	False
436	2.9719369680970065	0.5758945050270907	0.19377749636320452	AADACL2	0.26962024	False
437	2.9719369680970065	0.5758945050270907	0.19377749636320452	AADAC	0.26962024	False
438	2.9719369680970065	0.5758945050270907	0.19377749636320452	SUCNR1	0.26962024	False
439	2.975074550901453	0.5226718123992428	0.17568360169020714	LINC01258	0.26962012	False
440	2.975074550901453	0.5226718123992428	0.17568360169020714	KLF3-AS1	0.26962012	False
441	2.975074550901453	0.5226718123992428	0.17568360169020714	KLF3	0.26962012	False
442	2.975074550901453	0.5226718123992428	0.17568360169020714	TLR10	0.26962012	False
443	2.975074550901453	0.5226718123992428	0.17568360169020714	TLR1	0.26962012	False
444	2.975074550901453	0.5226718123992428	0.17568360169020714	TLR6	0.26962012	False
445	2.975074550901453	0.5226718123992428	0.17568360169020714	MIR574	0.26962012	False
446	3.0196489704578218	0.5833062789237985	0.1931702276093903	PPM1K	0.26962048	False
447	3.0196489704578218	0.5833062789237985	0.1931702276093903	LOC105369192	0.26962048	False
448	3.0196489704578218	0.5833062789237985	0.1931702276093903	HERC6	0.26962048	False
449	3.0196489704578218	0.5833062789237985	0.1931702276093903	HERC5	0.26962048	False
450	3.0196489704578218	0.5833062789237985	0.1931702276093903	PIGY	0.26962048	False
451	3.0196489704578218	0.5833062789237985	0.1931702276093903	HERC3	0.26962048	False
452	3.0196489704578218	0.5833062789237985	0.1931702276093903	PIGY-DT	0.26962048	False
453	3.0196489704578218	0.5833062789237985	0.1931702276093903	NAP1L5	0.26962048	False
454	3.0196489704578218	0.5833062789237985	0.1931702276093903	FAM13A-AS1	0.26962048	False
455	3.0518685575515043	0.6359541886822707	0.20838190658921854	MIR8066	0.26962078	False
456	3.0518685575515043	0.6359541886822707	0.20838190658921854	MIR1255A	0.26962078	False
457	3.0518685575515043	0.6359541886822707	0.20838190658921854	FLJ20021	0.26962078	False
458	3.0038058093444824	0.5694522620949797	0.18957692282353322	BANK1	0.26962018	False
459	3.1234042774075625	0.7329473029004265	0.2346629631655546	SLC39A8	0.26962137	False
460	3.1234042774075625	0.7329473029004265	0.2346629631655546	NFKB1	0.26962137	False
461	3.1234042774075625	0.7329473029004265	0.2346629631655546	MANBA	0.26962137	False
462	3.1234042774075625	0.7329473029004265	0.2346629631655546	UBE2D3	0.26962137	False
463	3.1234042774075625	0.7329473029004265	0.2346629631655546	LOC105377348	0.26962137	False
464	3.1234042774075625	0.7329473029004265	0.2346629631655546	CISD2	0.26962137	False
465	2.8802047338781356	0.3824846641826782	0.13279773471786172	MATR3	0.26961926	False
466	2.8802047338781356	0.3824846641826782	0.13279773471786172	SNHG4	0.26961926	False
467	2.8802047338781356	0.3824846641826782	0.13279773471786172	SNORA74A	0.26961926	False
468	2.8802047338781356	0.3824846641826782	0.13279773471786172	PAIP2	0.26961926	False
469	2.8802047338781356	0.3824846641826782	0.13279773471786172	SLC23A1	0.26961926	False
470	2.8802047338781356	0.3824846641826782	0.13279773471786172	MZB1	0.26961926	False
471	2.8802047338781356	0.3824846641826782	0.13279773471786172	PROB1	0.26961926	False
472	2.8802047338781356	0.3824846641826782	0.13279773471786172	SPATA24	0.26961926	False
473	2.8802047338781356	0.3824846641826782	0.13279773471786172	DNAJC18	0.26961926	False
474	2.8802047338781356	0.3824846641826782	0.13279773471786172	ECSCR	0.26961926	False
475	2.8802047338781356	0.3824846641826782	0.13279773471786172	TMEM173	0.26961926	False
476	2.8802047338781356	0.3824846641826782	0.13279773471786172	UBE2D2	0.26961926	False
477	2.8802047338781356	0.3824846641826782	0.13279773471786172	CXXC5	0.26961926	False
478	2.8802047338781356	0.3824846641826782	0.13279773471786172	PSD2-AS1	0.26961926	False
479	2.8802047338781356	0.3824846641826782	0.13279773471786172	PSD2	0.26961926	False
480	2.8983359160305633	0.35341901362888783	0.12193859644568576	NRG2	0.26961905	False
481	2.8983359160305633	0.35341901362888783	0.12193859644568576	MALINC1	0.26961905	False
482	3.029474240962272	0.4472913372803058	0.14764652269769082	PURA	0.26961967	False
483	3.029474240962272	0.4472913372803058	0.14764652269769082	IGIP	0.26961967	False
484	3.029474240962272	0.4472913372803058	0.14764652269769082	LOC101929719	0.26961967	False
485	3.029474240962272	0.4472913372803058	0.14764652269769082	CYSTM1	0.26961967	False
486	3.029474240962272	0.4472913372803058	0.14764652269769082	PFDN1	0.26961967	False
487	3.029474240962272	0.4472913372803058	0.14764652269769082	HBEGF	0.26961967	False
488	3.029474240962272	0.4472913372803058	0.14764652269769082	SLC4A9	0.26961967	False
489	3.029474240962272	0.4472913372803058	0.14764652269769082	ANKHD1	0.26961967	False
490	3.029474240962272	0.4472913372803058	0.14764652269769082	ANKHD1-EIF4EBP3	0.26961967	False
491	3.029474240962272	0.4472913372803058	0.14764652269769082	SRA1	0.26961967	False
492	3.029474240962272	0.4472913372803058	0.14764652269769082	EIF4EBP3	0.26961967	False
493	3.029474240962272	0.4472913372803058	0.14764652269769082	APBB3	0.26961967	False
494	3.029474240962272	0.4472913372803058	0.14764652269769082	MIR6831	0.26961967	False
495	3.029474240962272	0.4472913372803058	0.14764652269769082	SLC35A4	0.26961967	False
496	3.029474240962272	0.4472913372803058	0.14764652269769082	CD14	0.26961967	False
497	3.029474240962272	0.4472913372803058	0.14764652269769082	NDUFA2	0.26961967	False
498	3.029474240962272	0.4472913372803058	0.14764652269769082	TMCO6	0.26961967	False
499	3.029474240962272	0.4472913372803058	0.14764652269769082	IK	0.26961967	False
500	3.029474240962272	0.4472913372803058	0.14764652269769082	MIR3655	0.26961967	False
501	3.029474240962272	0.4472913372803058	0.14764652269769082	WDR55	0.26961967	False
502	3.029474240962272	0.4472913372803058	0.14764652269769082	DND1	0.26961967	False
503	3.029474240962272	0.4472913372803058	0.14764652269769082	HARS	0.26961967	False
504	3.029474240962272	0.4472913372803058	0.14764652269769082	HARS2	0.26961967	False
505	3.029474240962272	0.4472913372803058	0.14764652269769082	ZMAT2	0.26961967	False
506	3.029474240962272	0.4472913372803058	0.14764652269769082	VTRNA1-1	0.26961967	False
507	3.029474240962272	0.4472913372803058	0.14764652269769082	VTRNA1-2	0.26961967	False
508	3.029474240962272	0.4472913372803058	0.14764652269769082	VTRNA1-3	0.26961967	False
509	2.9868688373841663	0.4039603036335104	0.13524541103963905	PCDHA1	0.26961938	False
510	2.9868688373841663	0.4039603036335104	0.13524541103963905	PCDHA2	0.26961938	False
511	2.9868688373841663	0.4039603036335104	0.13524541103963905	PCDHA3	0.26961938	False
512	2.9868688373841663	0.4039603036335104	0.13524541103963905	PCDHA4	0.26961938	False
513	2.9868688373841663	0.4039603036335104	0.13524541103963905	PCDHA5	0.26961938	False
514	2.9868688373841663	0.4039603036335104	0.13524541103963905	PCDHA6	0.26961938	False
515	2.9868688373841663	0.4039603036335104	0.13524541103963905	PCDHA7	0.26961938	False
516	2.9868688373841663	0.4039603036335104	0.13524541103963905	PCDHA8	0.26961938	False
517	2.9868688373841663	0.4039603036335104	0.13524541103963905	PCDHA9	0.26961938	False
518	2.9868688373841663	0.4039603036335104	0.13524541103963905	PCDHA10	0.26961938	False
519	2.9868688373841663	0.4039603036335104	0.13524541103963905	PCDHA11	0.26961938	False
520	2.9868688373841663	0.4039603036335104	0.13524541103963905	PCDHA12	0.26961938	False
521	2.9868688373841663	0.4039603036335104	0.13524541103963905	PCDHA13	0.26961938	False
522	2.9868688373841663	0.4039603036335104	0.13524541103963905	PCDHAC1	0.26961938	False
523	2.9868688373841663	0.4039603036335104	0.13524541103963905	PCDHAC2	0.26961938	False
524	2.9868688373841663	0.4039603036335104	0.13524541103963905	LOC101926905	0.26961938	False
525	2.9868688373841663	0.4039603036335104	0.13524541103963905	PCDHB1	0.26961938	False
526	2.9868688373841663	0.4039603036335104	0.13524541103963905	PCDHB2	0.26961938	False
527	3.0351203300148004	0.48190782761834927	0.1587771736272477	PCDHB3	0.26961985	False
528	3.0351203300148004	0.48190782761834927	0.1587771736272477	PCDHB4	0.26961985	False
529	3.0351203300148004	0.48190782761834927	0.1587771736272477	PCDHB5	0.26961985	False
530	3.0351203300148004	0.48190782761834927	0.1587771736272477	PCDHB6	0.26961985	False
531	3.0351203300148004	0.48190782761834927	0.1587771736272477	PCDHB7	0.26961985	False
532	3.0351203300148004	0.48190782761834927	0.1587771736272477	PCDHB8	0.26961985	False
533	3.0351203300148004	0.48190782761834927	0.1587771736272477	PCDHB16	0.26961985	False
534	3.0351203300148004	0.48190782761834927	0.1587771736272477	PCDHB9	0.26961985	False
535	3.0351203300148004	0.48190782761834927	0.1587771736272477	PCDHB10	0.26961985	False
536	3.0351203300148004	0.48190782761834927	0.1587771736272477	PCDHB11	0.26961985	False
537	3.0351203300148004	0.48190782761834927	0.1587771736272477	PCDHB12	0.26961985	False
538	3.0351203300148004	0.48190782761834927	0.1587771736272477	PCDHB13	0.26961985	False
539	3.0351203300148004	0.48190782761834927	0.1587771736272477	PCDHB14	0.26961985	False
540	3.0351203300148004	0.48190782761834927	0.1587771736272477	PCDHB15	0.26961985	False
541	3.0351203300148004	0.48190782761834927	0.1587771736272477	SLC25A2	0.26961985	False
542	3.0351203300148004	0.48190782761834927	0.1587771736272477	TAF7	0.26961985	False
543	3.0351203300148004	0.48190782761834927	0.1587771736272477	PCDHGA1	0.26961985	False
544	3.0351203300148004	0.48190782761834927	0.1587771736272477	PCDHGA2	0.26961985	False
545	3.0351203300148004	0.48190782761834927	0.1587771736272477	PCDHGA3	0.26961985	False
546	3.0351203300148004	0.48190782761834927	0.1587771736272477	PCDHGB1	0.26961985	False
547	3.0351203300148004	0.48190782761834927	0.1587771736272477	PCDHGA4	0.26961985	False
548	3.0351203300148004	0.48190782761834927	0.1587771736272477	PCDHGB2	0.26961985	False
549	3.0351203300148004	0.48190782761834927	0.1587771736272477	PCDHGA5	0.26961985	False
550	3.0351203300148004	0.48190782761834927	0.1587771736272477	PCDHGB3	0.26961985	False
551	3.0351203300148004	0.48190782761834927	0.1587771736272477	PCDHGA6	0.26961985	False
552	3.0351203300148004	0.48190782761834927	0.1587771736272477	PCDHGA7	0.26961985	False
553	3.0351203300148004	0.48190782761834927	0.1587771736272477	PCDHGB4	0.26961985	False
554	3.0351203300148004	0.48190782761834927	0.1587771736272477	PCDHGA8	0.26961985	False
555	3.0351203300148004	0.48190782761834927	0.1587771736272477	PCDHGB5	0.26961985	False
556	3.0351203300148004	0.48190782761834927	0.1587771736272477	PCDHGA9	0.26961985	False
557	3.0351203300148004	0.48190782761834927	0.1587771736272477	PCDHGB6	0.26961985	False
558	3.0351203300148004	0.48190782761834927	0.1587771736272477	PCDHGA10	0.26961985	False
559	3.0351203300148004	0.48190782761834927	0.1587771736272477	PCDHGB7	0.26961985	False
560	3.0351203300148004	0.48190782761834927	0.1587771736272477	PCDHGA11	0.26961985	False
561	3.0351203300148004	0.48190782761834927	0.1587771736272477	PCDHGA12	0.26961985	False
562	3.0351203300148004	0.48190782761834927	0.1587771736272477	PCDHGC3	0.26961985	False
563	3.0351203300148004	0.48190782761834927	0.1587771736272477	PCDHGC4	0.26961985	False
564	3.0351203300148004	0.48190782761834927	0.1587771736272477	PCDHGC5	0.26961985	False
565	3.0351203300148004	0.48190782761834927	0.1587771736272477	DIAPH1	0.26961985	False
566	3.0351203300148004	0.48190782761834927	0.1587771736272477	LOC100505658	0.26961985	False
567	3.0351203300148004	0.48190782761834927	0.1587771736272477	HDAC3	0.26961985	False
568	3.0351203300148004	0.48190782761834927	0.1587771736272477	RELL2	0.26961985	False
569	3.0351203300148004	0.48190782761834927	0.1587771736272477	FCHSD1	0.26961985	False
570	3.0351203300148004	0.48190782761834927	0.1587771736272477	ARAP3	0.26961985	False
571	3.0351203300148004	0.48190782761834927	0.1587771736272477	PCDH1	0.26961985	False
572	2.9463291944523355	0.42509215089434343	0.1442785659167864	DELE1	0.2696195	False
573	2.9463291944523355	0.42509215089434343	0.1442785659167864	PCDH12	0.2696195	False
574	2.9463291944523355	0.42509215089434343	0.1442785659167864	RNF14	0.2696195	False
575	2.9463291944523355	0.42509215089434343	0.1442785659167864	GNPDA1	0.2696195	False
576	3.0125303601460196	0.5293755901636077	0.17572456602161793	NDFIP1	0.26962015	False
577	3.0125303601460196	0.5293755901636077	0.17572456602161793	SPRY4	0.26962015	False
578	3.0125303601460196	0.5293755901636077	0.17572456602161793	SPRY4-IT1	0.26962015	False
579	3.0125303601460196	0.5293755901636077	0.17572456602161793	SPRY4-AS1	0.26962015	False
580	3.0125303601460196	0.5293755901636077	0.17572456602161793	FGF1	0.26962015	False
581	3.0125303601460196	0.5293755901636077	0.17572456602161793	LINC01844	0.26962015	False
582	3.0125303601460196	0.5293755901636077	0.17572456602161793	ARHGAP26-AS1	0.26962015	False
583	3.0052184118292677	0.5535259021364213	0.18418824400835868	RIPOR2	0.26962036	False
584	3.2635754920152933	0.8026159118691775	0.2459314680579224	LOC101928663	0.26962227	False
585	3.2635754920152933	0.8026159118691775	0.2459314680579224	CARMIL1	0.26962227	False
586	3.2635754920152933	0.8026159118691775	0.2459314680579224	SCGN	0.26962227	False
587	3.2635754920152933	0.8026159118691775	0.2459314680579224	HIST1H2AA	0.26962227	False
588	3.2635754920152933	0.8026159118691775	0.2459314680579224	HIST1H2BA	0.26962227	False
589	3.2635754920152933	0.8026159118691775	0.2459314680579224	SLC17A4	0.26962227	False
590	3.2635754920152933	0.8026159118691775	0.2459314680579224	SLC17A1	0.26962227	False
591	3.2635754920152933	0.8026159118691775	0.2459314680579224	SLC17A3	0.26962227	False
592	3.372201577842468	0.8798287852756819	0.260906344109653	SLC17A2	0.26962307	False
593	3.372201577842468	0.8798287852756819	0.260906344109653	TRIM38	0.26962307	False
594	3.372201577842468	0.8798287852756819	0.260906344109653	HIST1H1A	0.26962307	False
595	3.372201577842468	0.8798287852756819	0.260906344109653	HIST1H3A	0.26962307	False
596	3.372201577842468	0.8798287852756819	0.260906344109653	HIST1H4A	0.26962307	False
597	3.372201577842468	0.8798287852756819	0.260906344109653	HIST1H4B	0.26962307	False
598	3.372201577842468	0.8798287852756819	0.260906344109653	HIST1H3B	0.26962307	False
599	3.372201577842468	0.8798287852756819	0.260906344109653	HIST1H2AB	0.26962307	False
600	3.372201577842468	0.8798287852756819	0.260906344109653	HIST1H2BB	0.26962307	False
601	3.372201577842468	0.8798287852756819	0.260906344109653	HIST1H3C	0.26962307	False
602	3.372201577842468	0.8798287852756819	0.260906344109653	HIST1H1C	0.26962307	False
603	3.372201577842468	0.8798287852756819	0.260906344109653	HFE	0.26962307	False
604	3.7144284625163344	1.3328438436020598	0.3588287826922171	HIST1H4C	0.2696271	False
605	3.7144284625163344	1.3328438436020598	0.3588287826922171	HIST1H1T	0.2696271	False
606	3.7144284625163344	1.3328438436020598	0.3588287826922171	HIST1H2BC	0.2696271	False
607	3.7144284625163344	1.3328438436020598	0.3588287826922171	HIST1H1E	0.2696271	False
608	3.7144284625163344	1.3328438436020598	0.3588287826922171	HIST1H2BD	0.2696271	False
609	3.7144284625163344	1.3328438436020598	0.3588287826922171	HIST1H2BE	0.2696271	False
610	3.7144284625163344	1.3328438436020598	0.3588287826922171	HIST1H4D	0.2696271	False
611	3.7144284625163344	1.3328438436020598	0.3588287826922171	HIST1H3D	0.2696271	False
612	3.7144284625163344	1.3328438436020598	0.3588287826922171	HIST1H2AD	0.2696271	False
613	3.7144284625163344	1.3328438436020598	0.3588287826922171	HIST1H2BF	0.2696271	False
614	3.7144284625163344	1.3328438436020598	0.3588287826922171	HIST1H4E	0.2696271	False
615	3.7144284625163344	1.3328438436020598	0.3588287826922171	HIST1H2BG	0.2696271	False
616	3.7144284625163344	1.3328438436020598	0.3588287826922171	HIST1H2AE	0.2696271	False
617	3.7144284625163344	1.3328438436020598	0.3588287826922171	HIST1H3E	0.2696271	False
618	3.7144284625163344	1.3328438436020598	0.3588287826922171	HIST1H1D	0.2696271	False
619	3.7144284625163344	1.3328438436020598	0.3588287826922171	HIST1H4F	0.2696271	False
620	3.7144284625163344	1.3328438436020598	0.3588287826922171	HIST1H4G	0.2696271	False
621	3.7144284625163344	1.3328438436020598	0.3588287826922171	HIST1H3F	0.2696271	False
622	3.7144284625163344	1.3328438436020598	0.3588287826922171	HIST1H2BH	0.2696271	False
623	3.7144284625163344	1.3328438436020598	0.3588287826922171	HIST1H3G	0.2696271	False
624	3.7144284625163344	1.3328438436020598	0.3588287826922171	HIST1H2BI	0.2696271	False
625	3.7144284625163344	1.3328438436020598	0.3588287826922171	HIST1H4H	0.2696271	False
626	3.7144284625163344	1.3328438436020598	0.3588287826922171	BTN3A2	0.2696271	False
627	3.7144284625163344	1.3328438436020598	0.3588287826922171	BTN2A2	0.2696271	False
628	3.7144284625163344	1.3328438436020598	0.3588287826922171	BTN3A1	0.2696271	False
629	3.7144284625163344	1.3328438436020598	0.3588287826922171	BTN3A3	0.2696271	False
630	3.7144284625163344	1.3328438436020598	0.3588287826922171	BTN2A1	0.2696271	False
631	3.7144284625163344	1.3328438436020598	0.3588287826922171	BTN1A1	0.2696271	False
632	3.7144284625163344	1.3328438436020598	0.3588287826922171	HCG11	0.2696271	False
633	3.7144284625163344	1.3328438436020598	0.3588287826922171	HMGN4	0.2696271	False
634	3.7144284625163344	1.3328438436020598	0.3588287826922171	ABT1	0.2696271	False
635	3.7144284625163344	1.3328438436020598	0.3588287826922171	ZNF322	0.2696271	False
636	3.5123839205121135	1.0244115418875408	0.29165705260892416	LINC00240	0.26962417	False
637	3.5658993512940507	1.1027315154494608	0.30924358957279147	HIST1H2BJ	0.26962483	False
638	3.5658993512940507	1.1027315154494608	0.30924358957279147	HIST1H2AG	0.26962483	False
639	3.5658993512940507	1.1027315154494608	0.30924358957279147	HIST1H4I	0.26962483	False
640	3.5658993512940507	1.1027315154494608	0.30924358957279147	HIST1H2BK	0.26962483	False
641	3.5658993512940507	1.1027315154494608	0.30924358957279147	HIST1H2AH	0.26962483	False
642	3.5658993512940507	1.1027315154494608	0.30924358957279147	MIR3143	0.26962483	False
643	3.5658993512940507	1.1027315154494608	0.30924358957279147	PRSS16	0.26962483	False
644	3.5658993512940507	1.1027315154494608	0.30924358957279147	POM121L2	0.26962483	False
645	3.5658993512940507	1.1027315154494608	0.30924358957279147	ZNF391	0.26962483	False
646	3.5658993512940507	1.1027315154494608	0.30924358957279147	ZNF184	0.26962483	False
647	3.5658993512940507	1.1027315154494608	0.30924358957279147	LINC01012	0.26962483	False
648	3.5658993512940507	1.1027315154494608	0.30924358957279147	HIST1H2BL	0.26962483	False
649	3.5658993512940507	1.1027315154494608	0.30924358957279147	HIST1H2AI	0.26962483	False
650	3.5658993512940507	1.1027315154494608	0.30924358957279147	HIST1H3H	0.26962483	False
651	3.5658993512940507	1.1027315154494608	0.30924358957279147	HIST1H2AJ	0.26962483	False
652	3.5658993512940507	1.1027315154494608	0.30924358957279147	HIST1H2BM	0.26962483	False
653	3.5658993512940507	1.1027315154494608	0.30924358957279147	HIST1H4J	0.26962483	False
654	3.5658993512940507	1.1027315154494608	0.30924358957279147	HIST1H4K	0.26962483	False
655	3.5658993512940507	1.1027315154494608	0.30924358957279147	HIST1H2BN	0.26962483	False
656	3.5658993512940507	1.1027315154494608	0.30924358957279147	HIST1H2AK	0.26962483	False
657	3.5658993512940507	1.1027315154494608	0.30924358957279147	HIST1H2AL	0.26962483	False
658	3.5658993512940507	1.1027315154494608	0.30924358957279147	HIST1H1B	0.26962483	False
659	3.5658993512940507	1.1027315154494608	0.30924358957279147	HIST1H3I	0.26962483	False
660	3.5658993512940507	1.1027315154494608	0.30924358957279147	HIST1H4L	0.26962483	False
661	3.5658993512940507	1.1027315154494608	0.30924358957279147	HIST1H3J	0.26962483	False
662	3.5658993512940507	1.1027315154494608	0.30924358957279147	HIST1H2AM	0.26962483	False
663	3.5658993512940507	1.1027315154494608	0.30924358957279147	HIST1H2BO	0.26962483	False
664	3.4658851477152965	0.9047252273062162	0.2610372787172734	OR2B2	0.2696234	False
665	3.4658851477152965	0.9047252273062162	0.2610372787172734	OR2B6	0.2696234	False
666	3.4658851477152965	0.9047252273062162	0.2610372787172734	ZNF165	0.2696234	False
667	3.4014536890917784	0.8476089299466577	0.24919020143207585	ZSCAN16-AS1	0.26962292	False
668	3.4014536890917784	0.8476089299466577	0.24919020143207585	ZSCAN16	0.26962292	False
669	3.4014536890917784	0.8476089299466577	0.24919020143207585	ZKSCAN8	0.26962292	False
670	3.4014536890917784	0.8476089299466577	0.24919020143207585	ZSCAN9	0.26962292	False
671	3.4014536890917784	0.8476089299466577	0.24919020143207585	ZKSCAN4	0.26962292	False
672	3.4014536890917784	0.8476089299466577	0.24919020143207585	NKAPL	0.26962292	False
673	3.4014536890917784	0.8476089299466577	0.24919020143207585	ZSCAN26	0.26962292	False
674	3.4014536890917784	0.8476089299466577	0.24919020143207585	PGBD1	0.26962292	False
675	3.4014536890917784	0.8476089299466577	0.24919020143207585	ZSCAN31	0.26962292	False
676	3.4014536890917784	0.8476089299466577	0.24919020143207585	ZKSCAN3	0.26962292	False
677	3.4014536890917784	0.8476089299466577	0.24919020143207585	ZSCAN12	0.26962292	False
678	3.4014536890917784	0.8476089299466577	0.24919020143207585	ZSCAN23	0.26962292	False
679	3.4014536890917784	0.8476089299466577	0.24919020143207585	GPX6	0.26962292	False
680	3.4014536890917784	0.8476089299466577	0.24919020143207585	GPX5	0.26962292	False
681	3.4014536890917784	0.8476089299466577	0.24919020143207585	ZBED9	0.26962292	False
682	3.4014536890917784	0.8476089299466577	0.24919020143207585	LINC00533	0.26962292	False
683	3.4014536890917784	0.8476089299466577	0.24919020143207585	LINC01623	0.26962292	False
684	3.4014536890917784	0.8476089299466577	0.24919020143207585	HCG14	0.26962292	False
685	3.4141723576779914	0.769503120639975	0.22538496596677995	TRIM27	0.26962245	False
686	3.4141723576779914	0.769503120639975	0.22538496596677995	ZNF311	0.26962245	False
687	3.4141723576779914	0.769503120639975	0.22538496596677995	LOC100129636	0.26962245	False
688	3.4141723576779914	0.769503120639975	0.22538496596677995	OR2W1	0.26962245	False
689	3.4141723576779914	0.769503120639975	0.22538496596677995	OR2B3	0.26962245	False
690	3.32663440414572	0.7146952090653841	0.21484032275224363	OR2J3	0.26962182	False
691	3.32663440414572	0.7146952090653841	0.21484032275224363	OR2J2	0.26962182	False
692	3.32663440414572	0.7146952090653841	0.21484032275224363	LOC101929006	0.26962182	False
693	3.32663440414572	0.7146952090653841	0.21484032275224363	OR14J1	0.26962182	False
694	3.32663440414572	0.7146952090653841	0.21484032275224363	OR5V1	0.26962182	False
695	3.32663440414572	0.7146952090653841	0.21484032275224363	OR12D3	0.26962182	False
696	3.32663440414572	0.7146952090653841	0.21484032275224363	OR12D2	0.26962182	False
697	3.32663440414572	0.7146952090653841	0.21484032275224363	OR11A1	0.26962182	False
698	3.32663440414572	0.7146952090653841	0.21484032275224363	OR10C1	0.26962182	False
699	3.32663440414572	0.7146952090653841	0.21484032275224363	OR2H1	0.26962182	False
700	3.32663440414572	0.7146952090653841	0.21484032275224363	MAS1L	0.26962182	False
701	3.32663440414572	0.7146952090653841	0.21484032275224363	LINC01015	0.26962182	False
702	3.32663440414572	0.7146952090653841	0.21484032275224363	UBD	0.26962182	False
703	3.32663440414572	0.7146952090653841	0.21484032275224363	GABBR1	0.26962182	False
704	3.32663440414572	0.7146952090653841	0.21484032275224363	SNORD32B	0.26962182	False
705	3.32663440414572	0.7146952090653841	0.21484032275224363	OR2H2	0.26962182	False
706	3.32663440414572	0.7146952090653841	0.21484032275224363	MOG	0.26962182	False
707	3.32663440414572	0.7146952090653841	0.21484032275224363	ZFP57	0.26962182	False
708	3.32663440414572	0.7146952090653841	0.21484032275224363	HLA-F	0.26962182	False
709	3.32663440414572	0.7146952090653841	0.21484032275224363	HLA-F-AS1	0.26962182	False
710	3.32663440414572	0.7146952090653841	0.21484032275224363	HLA-G	0.26962182	False
711	3.409157556679603	0.714352096790934	0.2095391852427869	HLA-A	0.26962215	False
712	3.409157556679603	0.714352096790934	0.2095391852427869	HCG9	0.26962215	False
713	3.409157556679603	0.714352096790934	0.2095391852427869	ZNRD1ASP	0.26962215	False
714	3.409157556679603	0.714352096790934	0.2095391852427869	ZNRD1	0.26962215	False
715	3.409157556679603	0.714352096790934	0.2095391852427869	PPP1R11	0.26962215	False
716	3.409157556679603	0.714352096790934	0.2095391852427869	RNF39	0.26962215	False
717	3.5963356310675496	0.870044713615533	0.24192533814127512	TRIM31	0.2696236	False
718	3.5963356310675496	0.870044713615533	0.24192533814127512	TRIM31-AS1	0.2696236	False
719	3.5963356310675496	0.870044713615533	0.24192533814127512	TRIM40	0.2696236	False
720	3.5963356310675496	0.870044713615533	0.24192533814127512	TRIM10	0.2696236	False
721	3.5963356310675496	0.870044713615533	0.24192533814127512	TRIM15	0.2696236	False
722	3.5963356310675496	0.870044713615533	0.24192533814127512	TRIM26	0.2696236	False
723	3.5963356310675496	0.870044713615533	0.24192533814127512	HCG17	0.2696236	False
724	3.5963356310675496	0.870044713615533	0.24192533814127512	HCG18	0.2696236	False
725	3.5963356310675496	0.870044713615533	0.24192533814127512	TRIM39	0.2696236	False
726	3.5963356310675496	0.870044713615533	0.24192533814127512	TRIM39-RPP21	0.2696236	False
727	3.5963356310675496	0.870044713615533	0.24192533814127512	RPP21	0.2696236	False
728	3.5963356310675496	0.870044713615533	0.24192533814127512	HLA-E	0.2696236	False
729	3.5963356310675496	0.870044713615533	0.24192533814127512	GNL1	0.2696236	False
730	3.5963356310675496	0.870044713615533	0.24192533814127512	PRR3	0.2696236	False
731	3.5963356310675496	0.870044713615533	0.24192533814127512	ABCF1	0.2696236	False
732	3.5963356310675496	0.870044713615533	0.24192533814127512	MIR877	0.2696236	False
733	3.5963356310675496	0.870044713615533	0.24192533814127512	PPP1R10	0.2696236	False
734	3.5963356310675496	0.870044713615533	0.24192533814127512	MRPS18B	0.2696236	False
735	3.5963356310675496	0.870044713615533	0.24192533814127512	ATAT1	0.2696236	False
736	3.5963356310675496	0.870044713615533	0.24192533814127512	C6orf136	0.2696236	False
737	3.5963356310675496	0.870044713615533	0.24192533814127512	DHX16	0.2696236	False
738	3.5963356310675496	0.870044713615533	0.24192533814127512	PPP1R18	0.2696236	False
739	3.5963356310675496	0.870044713615533	0.24192533814127512	NRM	0.2696236	False
740	3.5963356310675496	0.870044713615533	0.24192533814127512	MDC1	0.2696236	False
741	3.5963356310675496	0.870044713615533	0.24192533814127512	MDC1-AS1	0.2696236	False
742	3.5963356310675496	0.870044713615533	0.24192533814127512	TUBB	0.2696236	False
743	3.5963356310675496	0.870044713615533	0.24192533814127512	FLOT1	0.2696236	False
744	3.5963356310675496	0.870044713615533	0.24192533814127512	IER3	0.2696236	False
745	3.5963356310675496	0.870044713615533	0.24192533814127512	LINC00243	0.2696236	False
746	3.5963356310675496	0.870044713615533	0.24192533814127512	LINC02570	0.2696236	False
747	3.522290512145418	0.7424190252454057	0.2107773401102001	DDR1	0.26962274	False
748	3.5963356310675496	0.870044713615533	0.24192533814127512	MIR4640	0.2696236	False
749	3.522290512145418	0.7424190252454057	0.2107773401102001	GTF2H4	0.26962274	False
750	3.522290512145418	0.7424190252454057	0.2107773401102001	VARS2	0.26962274	False
751	3.522290512145418	0.7424190252454057	0.2107773401102001	SFTA2	0.26962274	False
752	3.522290512145418	0.7424190252454057	0.2107773401102001	MUCL3	0.26962274	False
753	3.522290512145418	0.7424190252454057	0.2107773401102001	MUC21	0.26962274	False
754	3.522290512145418	0.7424190252454057	0.2107773401102001	MUC22	0.26962274	False
755	3.522290512145418	0.7424190252454057	0.2107773401102001	HCG22	0.26962274	False
756	3.6168349269332407	0.8362334928180888	0.23120587743470547	C6orf15	0.2696235	False
757	3.6168349269332407	0.8362334928180888	0.23120587743470547	PSORS1C1	0.2696235	False
758	3.6168349269332407	0.8362334928180888	0.23120587743470547	CDSN	0.2696235	False
759	3.6168349269332407	0.8362334928180888	0.23120587743470547	PSORS1C2	0.2696235	False
760	3.6168349269332407	0.8362334928180888	0.23120587743470547	CCHCR1	0.2696235	False
761	3.6168349269332407	0.8362334928180888	0.23120587743470547	TCF19	0.2696235	False
762	3.6168349269332407	0.8362334928180888	0.23120587743470547	POU5F1	0.2696235	False
763	3.6168349269332407	0.8362334928180888	0.23120587743470547	PSORS1C3	0.2696235	False
764	3.6168349269332407	0.8362334928180888	0.23120587743470547	HCG27	0.2696235	False
765	3.6168349269332407	0.8362334928180888	0.23120587743470547	HLA-C	0.2696235	False
766	3.6168349269332407	0.8362334928180888	0.23120587743470547	HLA-B	0.2696235	False
767	3.6168349269332407	0.8362334928180888	0.23120587743470547	MIR6891	0.2696235	False
768	3.6168349269332407	0.8362334928180888	0.23120587743470547	MICA	0.2696235	False
769	3.6168349269332407	0.8362334928180888	0.23120587743470547	HCP5	0.2696235	False
770	3.6168349269332407	0.8362334928180888	0.23120587743470547	MICB	0.2696235	False
771	3.6168349269332407	0.8362334928180888	0.23120587743470547	MCCD1	0.2696235	False
772	3.6168349269332407	0.8362334928180888	0.23120587743470547	DDX39B	0.2696235	False
773	3.6168349269332407	0.8362334928180888	0.23120587743470547	ATP6V1G2-DDX39B	0.2696235	False
774	3.6168349269332407	0.8362334928180888	0.23120587743470547	SNORD117	0.2696235	False
775	3.6168349269332407	0.8362334928180888	0.23120587743470547	SNORD84	0.2696235	False
776	3.6168349269332407	0.8362334928180888	0.23120587743470547	ATP6V1G2	0.2696235	False
777	3.6168349269332407	0.8362334928180888	0.23120587743470547	DDX39B-AS1	0.2696235	False
778	3.6168349269332407	0.8362334928180888	0.23120587743470547	NFKBIL1	0.2696235	False
779	3.6168349269332407	0.8362334928180888	0.23120587743470547	LTA	0.2696235	False
780	3.6168349269332407	0.8362334928180888	0.23120587743470547	TNF	0.2696235	False
781	3.6168349269332407	0.8362334928180888	0.23120587743470547	LTB	0.2696235	False
782	3.6168349269332407	0.8362334928180888	0.23120587743470547	LST1	0.2696235	False
783	3.6168349269332407	0.8362334928180888	0.23120587743470547	NCR3	0.2696235	False
784	3.6168349269332407	0.8362334928180888	0.23120587743470547	AIF1	0.2696235	False
785	3.6168349269332407	0.8362334928180888	0.23120587743470547	PRRC2A	0.2696235	False
786	3.6168349269332407	0.8362334928180888	0.23120587743470547	SNORA38	0.2696235	False
787	3.6168349269332407	0.8362334928180888	0.23120587743470547	MIR6832	0.2696235	False
788	3.6168349269332407	0.8362334928180888	0.23120587743470547	BAG6	0.2696235	False
789	3.6168349269332407	0.8362334928180888	0.23120587743470547	APOM	0.2696235	False
790	3.6168349269332407	0.8362334928180888	0.23120587743470547	C6orf47	0.2696235	False
791	3.6168349269332407	0.8362334928180888	0.23120587743470547	GPANK1	0.2696235	False
792	3.6168349269332407	0.8362334928180888	0.23120587743470547	CSNK2B	0.2696235	False
793	3.6168349269332407	0.8362334928180888	0.23120587743470547	LY6G5B	0.2696235	False
794	3.6168349269332407	0.8362334928180888	0.23120587743470547	LY6G5C	0.2696235	False
795	3.6168349269332407	0.8362334928180888	0.23120587743470547	ABHD16A	0.2696235	False
796	3.6168349269332407	0.8362334928180888	0.23120587743470547	MIR4646	0.2696235	False
797	3.6168349269332407	0.8362334928180888	0.23120587743470547	LY6G6F	0.2696235	False
798	3.6168349269332407	0.8362334928180888	0.23120587743470547	LY6G6E	0.2696235	False
799	3.6168349269332407	0.8362334928180888	0.23120587743470547	LY6G6D	0.2696235	False
800	3.6168349269332407	0.8362334928180888	0.23120587743470547	MPIG6B	0.2696235	False
801	3.6168349269332407	0.8362334928180888	0.23120587743470547	LY6G6C	0.2696235	False
802	3.6168349269332407	0.8362334928180888	0.23120587743470547	DDAH2	0.2696235	False
803	3.6168349269332407	0.8362334928180888	0.23120587743470547	CLIC1	0.2696235	False
804	3.6168349269332407	0.8362334928180888	0.23120587743470547	MSH5	0.2696235	False
805	3.6168349269332407	0.8362334928180888	0.23120587743470547	MSH5-SAPCD1	0.2696235	False
806	3.6168349269332407	0.8362334928180888	0.23120587743470547	SAPCD1	0.2696235	False
807	3.6168349269332407	0.8362334928180888	0.23120587743470547	SAPCD1-AS1	0.2696235	False
808	3.6168349269332407	0.8362334928180888	0.23120587743470547	VWA7	0.2696235	False
809	3.6168349269332407	0.8362334928180888	0.23120587743470547	VARS	0.2696235	False
810	3.6168349269332407	0.8362334928180888	0.23120587743470547	LSM2	0.2696235	False
811	3.6168349269332407	0.8362334928180888	0.23120587743470547	HSPA1L	0.2696235	False
812	3.6168349269332407	0.8362334928180888	0.23120587743470547	HSPA1A	0.2696235	False
813	3.6168349269332407	0.8362334928180888	0.23120587743470547	HSPA1B	0.2696235	False
814	3.6168349269332407	0.8362334928180888	0.23120587743470547	C6orf48	0.2696235	False
815	3.6168349269332407	0.8362334928180888	0.23120587743470547	SNORD48	0.2696235	False
816	3.6168349269332407	0.8362334928180888	0.23120587743470547	SNORD52	0.2696235	False
817	3.6168349269332407	0.8362334928180888	0.23120587743470547	NEU1	0.2696235	False
818	3.6168349269332407	0.8362334928180888	0.23120587743470547	SLC44A4	0.2696235	False
819	3.6168349269332407	0.8362334928180888	0.23120587743470547	EHMT2	0.2696235	False
820	3.4018310817840143	0.6259781035644745	0.18401210657296782	C2	0.2696214	False
821	3.4018310817840143	0.6259781035644745	0.18401210657296782	ZBTB12	0.2696214	False
822	3.4018310817840143	0.6259781035644745	0.18401210657296782	CFB	0.2696214	False
823	3.4018310817840143	0.6259781035644745	0.18401210657296782	C2-AS1	0.2696214	False
824	3.4018310817840143	0.6259781035644745	0.18401210657296782	NELFE	0.2696214	False
825	3.4018310817840143	0.6259781035644745	0.18401210657296782	MIR1236	0.2696214	False
826	3.4018310817840143	0.6259781035644745	0.18401210657296782	SKIV2L	0.2696214	False
827	3.4018310817840143	0.6259781035644745	0.18401210657296782	DXO	0.2696214	False
828	3.4018310817840143	0.6259781035644745	0.18401210657296782	STK19	0.2696214	False
829	3.4018310817840143	0.6259781035644745	0.18401210657296782	C4B	0.2696214	False
830	3.4018310817840143	0.6259781035644745	0.18401210657296782	C4A	0.2696214	False
831	3.4018310817840143	0.6259781035644745	0.18401210657296782	CYP21A2	0.2696214	False
832	3.4018310817840143	0.6259781035644745	0.18401210657296782	TNXB	0.2696214	False
833	3.4018310817840143	0.6259781035644745	0.18401210657296782	ATF6B	0.2696214	False
834	3.35521539066229	0.6112863975563934	0.18218991223562872	FKBPL	0.26962137	False
835	3.35521539066229	0.6112863975563934	0.18218991223562872	PRRT1	0.26962137	False
836	3.35521539066229	0.6112863975563934	0.18218991223562872	LOC100507547	0.26962137	False
837	3.35521539066229	0.6112863975563934	0.18218991223562872	PPT2	0.26962137	False
838	3.35521539066229	0.6112863975563934	0.18218991223562872	PPT2-EGFL8	0.26962137	False
839	3.35521539066229	0.6112863975563934	0.18218991223562872	EGFL8	0.26962137	False
840	3.35521539066229	0.6112863975563934	0.18218991223562872	AGPAT1	0.26962137	False
841	3.35521539066229	0.6112863975563934	0.18218991223562872	MIR6721	0.26962137	False
842	3.35521539066229	0.6112863975563934	0.18218991223562872	RNF5	0.26962137	False
843	3.35521539066229	0.6112863975563934	0.18218991223562872	MIR6833	0.26962137	False
844	3.35521539066229	0.6112863975563934	0.18218991223562872	AGER	0.26962137	False
845	3.35521539066229	0.6112863975563934	0.18218991223562872	PBX2	0.26962137	False
846	3.35521539066229	0.6112863975563934	0.18218991223562872	GPSM3	0.26962137	False
847	3.35521539066229	0.6112863975563934	0.18218991223562872	NOTCH4	0.26962137	False
848	3.35521539066229	0.6112863975563934	0.18218991223562872	TSBP1	0.26962137	False
849	3.35521539066229	0.6112863975563934	0.18218991223562872	HCG23	0.26962137	False
850	3.35521539066229	0.6112863975563934	0.18218991223562872	BTNL2	0.26962137	False
851	3.35521539066229	0.6112863975563934	0.18218991223562872	HLA-DRA	0.26962137	False
852	3.35521539066229	0.6112863975563934	0.18218991223562872	HLA-DRB5	0.26962137	False
853	3.35521539066229	0.6112863975563934	0.18218991223562872	HLA-DRB1	0.26962137	False
854	3.35521539066229	0.6112863975563934	0.18218991223562872	HLA-DQA1	0.26962137	False
855	3.35521539066229	0.6112863975563934	0.18218991223562872	HLA-DQB1	0.26962137	False
856	3.35521539066229	0.6112863975563934	0.18218991223562872	HLA-DQB1-AS1	0.26962137	False
857	3.35521539066229	0.6112863975563934	0.18218991223562872	HLA-DQA2	0.26962137	False
858	3.35521539066229	0.6112863975563934	0.18218991223562872	MIR3135B	0.26962137	False
859	3.35521539066229	0.6112863975563934	0.18218991223562872	HLA-DQB2	0.26962137	False
860	3.35521539066229	0.6112863975563934	0.18218991223562872	HLA-DOB	0.26962137	False
861	3.35521539066229	0.6112863975563934	0.18218991223562872	TAP2	0.26962137	False
862	3.35521539066229	0.6112863975563934	0.18218991223562872	PSMB8	0.26962137	False
863	3.35521539066229	0.6112863975563934	0.18218991223562872	PSMB8-AS1	0.26962137	False
864	3.35521539066229	0.6112863975563934	0.18218991223562872	PSMB9	0.26962137	False
865	3.35521539066229	0.6112863975563934	0.18218991223562872	TAP1	0.26962137	False
866	3.131703223935271	0.4363431098668839	0.1393309259102077	HLA-DMB	0.26961973	False
867	3.131703223935271	0.4363431098668839	0.1393309259102077	HLA-DMA	0.26961973	False
868	3.131703223935271	0.4363431098668839	0.1393309259102077	BRD2	0.26961973	False
869	3.131703223935271	0.4363431098668839	0.1393309259102077	HLA-DOA	0.26961973	False
870	3.131703223935271	0.4363431098668839	0.1393309259102077	HLA-DPA1	0.26961973	False
871	3.131703223935271	0.4363431098668839	0.1393309259102077	HLA-DPB1	0.26961973	False
872	2.9644389625880425	0.390509206408873	0.13173123526481617	COL11A2	0.26961926	False
873	2.9644389625880425	0.390509206408873	0.13173123526481617	RXRB	0.26961926	False
874	2.9644389625880425	0.390509206408873	0.13173123526481617	SLC39A7	0.26961926	False
875	2.9644389625880425	0.390509206408873	0.13173123526481617	HSD17B8	0.26961926	False
876	2.9644389625880425	0.390509206408873	0.13173123526481617	MIR219A1	0.26961926	False
877	2.9644389625880425	0.390509206408873	0.13173123526481617	RING1	0.26961926	False
878	2.9644389625880425	0.390509206408873	0.13173123526481617	HCG25	0.26961926	False
879	2.9644389625880425	0.390509206408873	0.13173123526481617	VPS52	0.26961926	False
880	2.9644389625880425	0.390509206408873	0.13173123526481617	RPS18	0.26961926	False
881	2.9644389625880425	0.390509206408873	0.13173123526481617	B3GALT4	0.26961926	False
882	2.9644389625880425	0.390509206408873	0.13173123526481617	WDR46	0.26961926	False
883	2.9644389625880425	0.390509206408873	0.13173123526481617	MIR6873	0.26961926	False
884	2.9644389625880425	0.390509206408873	0.13173123526481617	PFDN6	0.26961926	False
885	2.9644389625880425	0.390509206408873	0.13173123526481617	MIR6834	0.26961926	False
886	2.9644389625880425	0.390509206408873	0.13173123526481617	RGL2	0.26961926	False
887	2.9644389625880425	0.390509206408873	0.13173123526481617	TAPBP	0.26961926	False
888	2.9644389625880425	0.390509206408873	0.13173123526481617	ZBTB22	0.26961926	False
889	2.9644389625880425	0.390509206408873	0.13173123526481617	DAXX	0.26961926	False
890	2.9644389625880425	0.390509206408873	0.13173123526481617	KIFC1	0.26961926	False
891	2.9644389625880425	0.390509206408873	0.13173123526481617	PHF1	0.26961926	False
892	2.9644389625880425	0.390509206408873	0.13173123526481617	CUTA	0.26961926	False
893	2.9644389625880425	0.390509206408873	0.13173123526481617	SYNGAP1	0.26961926	False
894	2.9644389625880425	0.390509206408873	0.13173123526481617	MIR5004	0.26961926	False
895	2.9644389625880425	0.390509206408873	0.13173123526481617	ZBTB9	0.26961926	False
896	2.9644389625880425	0.390509206408873	0.13173123526481617	BAK1	0.26961926	False
897	2.9644389625880425	0.390509206408873	0.13173123526481617	LINC00336	0.26961926	False
898	2.9644389625880425	0.390509206408873	0.13173123526481617	ITPR3	0.26961926	False
899	2.9644389625880425	0.390509206408873	0.13173123526481617	UQCC2	0.26961926	False
900	2.9644389625880425	0.390509206408873	0.13173123526481617	MIR3934	0.26961926	False
901	2.9644389625880425	0.390509206408873	0.13173123526481617	IP6K3	0.26961926	False
902	2.9644389625880425	0.390509206408873	0.13173123526481617	LEMD2	0.26961926	False
903	2.9644389625880425	0.390509206408873	0.13173123526481617	MLN	0.26961926	False
904	2.9644389625880425	0.390509206408873	0.13173123526481617	LINC01016	0.26961926	False
905	2.9644389625880425	0.390509206408873	0.13173123526481617	MIR7159	0.26961926	False
906	2.830564098974619	0.2886587446469928	0.10197922907012082	MIR1275	0.26961848	False
907	2.830564098974619	0.2886587446469928	0.10197922907012082	GRM4	0.26961848	False
908	2.8874462183070135	0.41372696319372393	0.14328473395300262	ARMC2	0.2696194	False
909	2.8874462183070135	0.41372696319372393	0.14328473395300262	ARMC2-AS1	0.2696194	False
910	2.8874462183070135	0.41372696319372393	0.14328473395300262	SESN1	0.2696194	False
911	2.8874462183070135	0.41372696319372393	0.14328473395300262	CEP57L1	0.2696194	False
912	2.974008262267595	0.514352086606277	0.17294911151796813	CD164	0.26962006	False
913	2.974008262267595	0.514352086606277	0.17294911151796813	PPIL6	0.26962006	False
914	2.974008262267595	0.514352086606277	0.17294911151796813	SMPD2	0.26962006	False
915	2.974008262267595	0.514352086606277	0.17294911151796813	MICAL1	0.26962006	False
916	2.974008262267595	0.514352086606277	0.17294911151796813	ZBTB24	0.26962006	False
917	2.974008262267595	0.514352086606277	0.17294911151796813	AK9	0.26962006	False
918	2.974008262267595	0.514352086606277	0.17294911151796813	FIG4	0.26962006	False
919	2.9392554585599444	0.46363305192789256	0.15773826346997563	GPR6	0.26961982	False
920	2.9392554585599444	0.46363305192789256	0.15773826346997563	WASF1	0.26961982	False
921	3.028229080528246	0.5770059109648022	0.19054235846125256	CDC40	0.26962054	False
922	3.028229080528246	0.5770059109648022	0.19054235846125256	METTL24	0.26962054	False
923	3.028229080528246	0.5770059109648022	0.19054235846125256	DDO	0.26962054	False
924	3.028229080528246	0.5770059109648022	0.19054235846125256	SLC22A16	0.26962054	False
925	3.028229080528246	0.5770059109648022	0.19054235846125256	CDK19	0.26962054	False
926	3.028229080528246	0.5770059109648022	0.19054235846125256	AMD1	0.26962054	False
927	2.9691441795480222	0.4979614678472306	0.16771212097993596	GTF3C6	0.26961994	False
928	2.9691441795480222	0.4979614678472306	0.16771212097993596	RPF2	0.26961994	False
929	2.9691441795480222	0.4979614678472306	0.16771212097993596	SLC16A10	0.26961994	False
930	3.0407294821326056	0.6092693563148065	0.20036947051517962	MFSD4B	0.26962057	False
931	3.0407294821326056	0.6092693563148065	0.20036947051517962	REV3L	0.26962057	False
932	3.0407294821326056	0.6092693563148065	0.20036947051517962	TRAF3IP2-AS1	0.26962057	False
933	3.0407294821326056	0.6092693563148065	0.20036947051517962	TRAF3IP2	0.26962057	False
934	3.0407294821326056	0.6092693563148065	0.20036947051517962	FYN	0.26962057	False
935	2.9751741396569655	0.571264270003556	0.19201036416289305	MTFR2	0.2696202	False
936	2.9751741396569655	0.571264270003556	0.19201036416289305	BCLAF1	0.2696202	False
937	2.9751741396569655	0.571264270003556	0.19201036416289305	MAP7	0.2696202	False
938	2.9751741396569655	0.571264270003556	0.19201036416289305	MAP3K5	0.2696202	False
939	2.9751741396569655	0.571264270003556	0.19201036416289305	LOC101928461	0.2696202	False
940	2.921938943767833	0.48428746743900675	0.16574181622512593	PEX7	0.26961967	False
941	2.921938943767833	0.48428746743900675	0.16574181622512593	SLC35D3	0.26961967	False
942	2.921938943767833	0.48428746743900675	0.16574181622512593	NHEG1	0.26961967	False
943	2.921938943767833	0.48428746743900675	0.16574181622512593	IL20RA	0.26961967	False
944	2.998717524213961	0.5892701355787581	0.19650738384677313	IL22RA2	0.2696203	False
945	2.998717524213961	0.5892701355787581	0.19650738384677313	IFNGR1	0.2696203	False
946	2.998717524213961	0.5892701355787581	0.19650738384677313	OLIG3	0.2696203	False
947	2.998717524213961	0.5892701355787581	0.19650738384677313	LOC102723649	0.2696203	False
948	2.998717524213961	0.5892701355787581	0.19650738384677313	LINC02539	0.2696203	False
949	2.998717524213961	0.5892701355787581	0.19650738384677313	LOC100130476	0.2696203	False
950	2.998717524213961	0.5892701355787581	0.19650738384677313	TNFAIP3	0.2696203	False
951	2.9589763690893864	0.5563212377730496	0.1880113824444821	FBXO43	0.26962012	False
952	2.9589763690893864	0.5563212377730496	0.1880113824444821	POLR2K	0.26962012	False
953	2.9589763690893864	0.5563212377730496	0.1880113824444821	SPAG1	0.26962012	False
954	2.9589763690893864	0.5563212377730496	0.1880113824444821	RNF19A	0.26962012	False
955	2.9589763690893864	0.5563212377730496	0.1880113824444821	MIR4471	0.26962012	False
956	2.9589763690893864	0.5563212377730496	0.1880113824444821	ANKRD46	0.26962012	False
957	2.9589763690893864	0.5563212377730496	0.1880113824444821	SNX31	0.26962012	False
958	2.9589763690893864	0.5563212377730496	0.1880113824444821	PABPC1	0.26962012	False
959	2.9589763690893864	0.5563212377730496	0.1880113824444821	MIR7705	0.26962012	False
960	2.8723142006568785	0.448509448618612	0.15614915962746728	YWHAZ	0.26961946	False
961	2.8723142006568785	0.448509448618612	0.15614915962746728	FLJ42969	0.26961946	False
962	2.9262242778384633	0.5163645748907105	0.1764610384792985	ZNF706	0.26961985	False
963	2.9262242778384633	0.5163645748907105	0.1764610384792985	GRHL2	0.26961985	False
964	2.902182349650498	0.45493255657834747	0.15675533159835175	NCALD	0.26961964	False
965	3.0164367838356654	0.5691810698588533	0.18869318691144238	MIR5680	0.26962036	False
966	3.0164367838356654	0.5691810698588533	0.18869318691144238	RRM2B	0.26962036	False
967	3.0164367838356654	0.5691810698588533	0.18869318691144238	UBR5-AS1	0.26962036	False
968	3.0164367838356654	0.5691810698588533	0.18869318691144238	UBR5	0.26962036	False
969	3.0164367838356654	0.5691810698588533	0.18869318691144238	ODF1	0.26962036	False
970	3.0164367838356654	0.5691810698588533	0.18869318691144238	KLF10	0.26962036	False
971	3.0164367838356654	0.5691810698588533	0.18869318691144238	AZIN1	0.26962036	False
972	2.980109418863938	0.5366787919116548	0.18008694194733452	LOC101927588	0.26962012	False
973	2.980109418863938	0.5366787919116548	0.18008694194733452	TMEM65	0.26962012	False
974	2.980109418863938	0.5366787919116548	0.18008694194733452	TRMT12	0.26962012	False
975	2.980109418863938	0.5366787919116548	0.18008694194733452	RNF139-AS1	0.26962012	False
976	2.980109418863938	0.5366787919116548	0.18008694194733452	RNF139	0.26962012	False
977	2.980109418863938	0.5366787919116548	0.18008694194733452	TATDN1	0.26962012	False
978	2.980109418863938	0.5366787919116548	0.18008694194733452	NDUFB9	0.26962012	False
979	2.980109418863938	0.5366787919116548	0.18008694194733452	MTSS1	0.26962012	False
980	2.980109418863938	0.5366787919116548	0.18008694194733452	MIR4662B	0.26962012	False
981	2.8392226172180295	0.4085694538558007	0.1439018734839931	MAF1	0.26961926	False
982	2.8392226172180295	0.4085694538558007	0.1439018734839931	WDR97	0.26961926	False
983	2.8392226172180295	0.4085694538558007	0.1439018734839931	HGH1	0.26961926	False
984	2.8392226172180295	0.4085694538558007	0.1439018734839931	MROH1	0.26961926	False
985	2.8392226172180295	0.4085694538558007	0.1439018734839931	BOP1	0.26961926	False
986	2.8392226172180295	0.4085694538558007	0.1439018734839931	MIR7112	0.26961926	False
987	2.8392226172180295	0.4085694538558007	0.1439018734839931	SCX	0.26961926	False
988	2.8392226172180295	0.4085694538558007	0.1439018734839931	HSF1	0.26961926	False
989	2.8392226172180295	0.4085694538558007	0.1439018734839931	DGAT1	0.26961926	False
990	2.8392226172180295	0.4085694538558007	0.1439018734839931	MIR6848	0.26961926	False
991	2.8392226172180295	0.4085694538558007	0.1439018734839931	SCRT1	0.26961926	False
992	2.8392226172180295	0.4085694538558007	0.1439018734839931	TMEM249	0.26961926	False
993	2.8392226172180295	0.4085694538558007	0.1439018734839931	SLC52A2	0.26961926	False
994	2.8392226172180295	0.4085694538558007	0.1439018734839931	FBXL6	0.26961926	False
995	2.8392226172180295	0.4085694538558007	0.1439018734839931	ADCK5	0.26961926	False
996	2.8392226172180295	0.4085694538558007	0.1439018734839931	CPSF1	0.26961926	False
997	2.8392226172180295	0.4085694538558007	0.1439018734839931	MIR939	0.26961926	False
998	2.8392226172180295	0.4085694538558007	0.1439018734839931	MIR1234	0.26961926	False
999	2.8392226172180295	0.4085694538558007	0.1439018734839931	MIR6849	0.26961926	False
1000	2.8392226172180295	0.4085694538558007	0.1439018734839931	SLC39A4	0.26961926	False
1001	2.8392226172180295	0.4085694538558007	0.1439018734839931	VPS28	0.26961926	False
1002	2.8392226172180295	0.4085694538558007	0.1439018734839931	TONSL	0.26961926	False
1003	2.8392226172180295	0.4085694538558007	0.1439018734839931	MIR6893	0.26961926	False
1004	2.8392226172180295	0.4085694538558007	0.1439018734839931	TONSL-AS1	0.26961926	False
1005	2.8392226172180295	0.4085694538558007	0.1439018734839931	CYHR1	0.26961926	False
1006	2.8392226172180295	0.4085694538558007	0.1439018734839931	KIFC2	0.26961926	False
1007	2.8392226172180295	0.4085694538558007	0.1439018734839931	FOXH1	0.26961926	False
1008	2.8392226172180295	0.4085694538558007	0.1439018734839931	PPP1R16A	0.26961926	False
1009	2.8392226172180295	0.4085694538558007	0.1439018734839931	GPT	0.26961926	False
1010	2.8392226172180295	0.4085694538558007	0.1439018734839931	MFSD3	0.26961926	False
1011	2.8392226172180295	0.4085694538558007	0.1439018734839931	RECQL4	0.26961926	False
1012	2.8392226172180295	0.4085694538558007	0.1439018734839931	LRRC14	0.26961926	False
1013	2.8392226172180295	0.4085694538558007	0.1439018734839931	LRRC24	0.26961926	False
1014	2.8392226172180295	0.4085694538558007	0.1439018734839931	C8orf82	0.26961926	False
1015	2.8392226172180295	0.4085694538558007	0.1439018734839931	ARHGAP39	0.26961926	False
1016	2.8392226172180295	0.4085694538558007	0.1439018734839931	ZNF251	0.26961926	False
1017	2.8392226172180295	0.4085694538558007	0.1439018734839931	ZNF34	0.26961926	False
1018	2.8392226172180295	0.4085694538558007	0.1439018734839931	RPL8	0.26961926	False
1019	2.8392226172180295	0.4085694538558007	0.1439018734839931	MIR6850	0.26961926	False
1020	2.8392226172180295	0.4085694538558007	0.1439018734839931	ZNF517	0.26961926	False
1021	2.8392226172180295	0.4085694538558007	0.1439018734839931	ZNF7	0.26961926	False
1022	2.8392226172180295	0.4085694538558007	0.1439018734839931	COMMD5	0.26961926	False
1023	2.8392226172180295	0.4085694538558007	0.1439018734839931	ZNF250	0.26961926	False
1024	2.8392226172180295	0.4085694538558007	0.1439018734839931	ZNF16	0.26961926	False
1025	2.8392226172180295	0.4085694538558007	0.1439018734839931	ZNF252P-AS1	0.26961926	False
1026	2.8392226172180295	0.4085694538558007	0.1439018734839931	C8orf33	0.26961926	False
1027	2.962862743822567	0.46267763548485047	0.15615898389134364	B4GALT1	0.26961973	False
1028	2.962862743822567	0.46267763548485047	0.15615898389134364	B4GALT1-AS1	0.26961973	False
1029	2.962862743822567	0.46267763548485047	0.15615898389134364	SPINK4	0.26961973	False
1030	2.962862743822567	0.46267763548485047	0.15615898389134364	BAG1	0.26961973	False
1031	2.962862743822567	0.46267763548485047	0.15615898389134364	CHMP5	0.26961973	False
1032	2.962862743822567	0.46267763548485047	0.15615898389134364	NFX1	0.26961973	False
1033	2.962862743822567	0.46267763548485047	0.15615898389134364	AQP7	0.26961973	False
1034	2.962862743822567	0.46267763548485047	0.15615898389134364	AQP3	0.26961973	False
1035	2.962862743822567	0.46267763548485047	0.15615898389134364	NOL6	0.26961973	False
1036	2.962862743822567	0.46267763548485047	0.15615898389134364	MIR6851	0.26961973	False
1037	2.962862743822567	0.46267763548485047	0.15615898389134364	ANKRD18B	0.26961973	False
1038	2.962862743822567	0.46267763548485047	0.15615898389134364	PTENP1-AS	0.26961973	False
1039	2.962862743822567	0.46267763548485047	0.15615898389134364	LINC01251	0.26961973	False
1040	2.962862743822567	0.46267763548485047	0.15615898389134364	PRSS3	0.26961973	False
1041	2.8990821878896536	0.3822537274679244	0.13185336002708523	UBE2R2	0.2696192	False
1042	2.8990821878896536	0.3822537274679244	0.13185336002708523	UBAP2	0.2696192	False
1043	2.8990821878896536	0.3822537274679244	0.13185336002708523	SNORD121B	0.2696192	False
1044	2.8990821878896536	0.3822537274679244	0.13185336002708523	SNORD121A	0.2696192	False
1045	2.8990821878896536	0.3822537274679244	0.13185336002708523	DCAF12	0.2696192	False
1046	2.972309267753096	0.4460651447677089	0.15007359752469834	UBAP1	0.26961967	False
1047	2.972309267753096	0.4460651447677089	0.15007359752469834	KIF24	0.26961967	False
1048	2.972309267753096	0.4460651447677089	0.15007359752469834	NUDT2	0.26961967	False
1049	2.972309267753096	0.4460651447677089	0.15007359752469834	MYORG	0.26961967	False
1050	2.972309267753096	0.4460651447677089	0.15007359752469834	C9orf24	0.26961967	False
1051	2.972309267753096	0.4460651447677089	0.15007359752469834	FAM219A	0.26961967	False
1052	2.972309267753096	0.4460651447677089	0.15007359752469834	DNAI1	0.26961967	False
1053	2.972309267753096	0.4460651447677089	0.15007359752469834	ENHO	0.26961967	False
1054	2.972309267753096	0.4460651447677089	0.15007359752469834	CNTFR	0.26961967	False
1055	2.972309267753096	0.4460651447677089	0.15007359752469834	CNTFR-AS1	0.26961967	False
1056	2.972309267753096	0.4460651447677089	0.15007359752469834	RPP25L	0.26961967	False
1057	2.972309267753096	0.4460651447677089	0.15007359752469834	DCTN3	0.26961967	False
1058	2.972309267753096	0.4460651447677089	0.15007359752469834	ARID3C	0.26961967	False
1059	2.972309267753096	0.4460651447677089	0.15007359752469834	SIGMAR1	0.26961967	False
1060	2.972309267753096	0.4460651447677089	0.15007359752469834	GALT	0.26961967	False
1061	2.972309267753096	0.4460651447677089	0.15007359752469834	IL11RA	0.26961967	False
1062	2.972309267753096	0.4460651447677089	0.15007359752469834	CCL27	0.26961967	False
1063	2.972309267753096	0.4460651447677089	0.15007359752469834	LOC730098	0.26961967	False
1064	2.972309267753096	0.4460651447677089	0.15007359752469834	CCL19	0.26961967	False
1065	2.972309267753096	0.4460651447677089	0.15007359752469834	CCL21	0.26961967	False
1066	2.972309267753096	0.4460651447677089	0.15007359752469834	FAM205A	0.26961967	False
1067	2.972309267753096	0.4460651447677089	0.15007359752469834	FAM205C	0.26961967	False
1068	2.9007203107522517	0.3716499261578624	0.12812332329326898	PHF24	0.2696191	False
1069	2.9007203107522517	0.3716499261578624	0.12812332329326898	DNAJB5-DT	0.2696191	False
1070	2.9007203107522517	0.3716499261578624	0.12812332329326898	DNAJB5	0.2696191	False
1071	2.9007203107522517	0.3716499261578624	0.12812332329326898	C9orf131	0.2696191	False
1072	2.9007203107522517	0.3716499261578624	0.12812332329326898	VCP	0.2696191	False
1073	2.9007203107522517	0.3716499261578624	0.12812332329326898	FANCG	0.2696191	False
1074	2.9007203107522517	0.3716499261578624	0.12812332329326898	PIGO	0.2696191	False
1075	2.9007203107522517	0.3716499261578624	0.12812332329326898	STOML2	0.2696191	False
1076	2.9370266081852994	0.41812871254303796	0.14236463210028158	FAM214B	0.2696194	False
1077	2.9370266081852994	0.41812871254303796	0.14236463210028158	UNC13B	0.2696194	False
1078	2.9370266081852994	0.41812871254303796	0.14236463210028158	RUSC2	0.2696194	False
1079	2.9370266081852994	0.41812871254303796	0.14236463210028158	FAM166B	0.2696194	False
1080	2.9370266081852994	0.41812871254303796	0.14236463210028158	TESK1	0.2696194	False
1081	2.9370266081852994	0.41812871254303796	0.14236463210028158	MIR4667	0.2696194	False
1082	2.9370266081852994	0.41812871254303796	0.14236463210028158	CD72	0.2696194	False
1083	2.9370266081852994	0.41812871254303796	0.14236463210028158	LOC101926948	0.2696194	False
1084	2.9370266081852994	0.41812871254303796	0.14236463210028158	SIT1	0.2696194	False
1085	2.9370266081852994	0.41812871254303796	0.14236463210028158	RMRP	0.2696194	False
1086	2.9370266081852994	0.41812871254303796	0.14236463210028158	CCDC107	0.2696194	False
1087	2.9370266081852994	0.41812871254303796	0.14236463210028158	ARHGEF39	0.2696194	False
1088	2.9370266081852994	0.41812871254303796	0.14236463210028158	CA9	0.2696194	False
1089	2.9370266081852994	0.41812871254303796	0.14236463210028158	TPM2	0.2696194	False
1090	2.9370266081852994	0.41812871254303796	0.14236463210028158	TLN1	0.2696194	False
1091	2.9370266081852994	0.41812871254303796	0.14236463210028158	MIR6852	0.2696194	False
1092	2.9370266081852994	0.41812871254303796	0.14236463210028158	CREB3	0.2696194	False
1093	2.9370266081852994	0.41812871254303796	0.14236463210028158	MIR6853	0.2696194	False
1094	2.9370266081852994	0.41812871254303796	0.14236463210028158	GBA2	0.2696194	False
1095	2.9370266081852994	0.41812871254303796	0.14236463210028158	RGP1	0.2696194	False
1096	2.9370266081852994	0.41812871254303796	0.14236463210028158	MSMP	0.2696194	False
1097	2.9370266081852994	0.41812871254303796	0.14236463210028158	NPR2	0.2696194	False
1098	2.9370266081852994	0.41812871254303796	0.14236463210028158	SPAG8	0.2696194	False
1099	2.9370266081852994	0.41812871254303796	0.14236463210028158	HINT2	0.2696194	False
1100	2.9370266081852994	0.41812871254303796	0.14236463210028158	TMEM8B	0.2696194	False
1101	2.9370266081852994	0.41812871254303796	0.14236463210028158	FAM221B	0.2696194	False
1102	2.9370266081852994	0.41812871254303796	0.14236463210028158	LINC00950	0.2696194	False
1103	2.9370266081852994	0.41812871254303796	0.14236463210028158	OR13J1	0.2696194	False
1104	2.791615802697763	0.30220090007346373	0.10825304104577094	SLC25A25-AS1	0.26961872	False
1105	2.791615802697763	0.30220090007346373	0.10825304104577094	PTGES2	0.26961872	False
1106	2.791615802697763	0.30220090007346373	0.10825304104577094	PTGES2-AS1	0.26961872	False
1107	2.791615802697763	0.30220090007346373	0.10825304104577094	LCN2	0.26961872	False
1108	2.791615802697763	0.30220090007346373	0.10825304104577094	C9orf16	0.26961872	False
1109	2.791615802697763	0.30220090007346373	0.10825304104577094	CIZ1	0.26961872	False
1110	2.791615802697763	0.30220090007346373	0.10825304104577094	DNM1	0.26961872	False
1111	2.791615802697763	0.30220090007346373	0.10825304104577094	MIR199B	0.26961872	False
1112	2.791615802697763	0.30220090007346373	0.10825304104577094	MIR3154	0.26961872	False
1113	2.791615802697763	0.30220090007346373	0.10825304104577094	GOLGA2	0.26961872	False
1114	2.791615802697763	0.30220090007346373	0.10825304104577094	SWI5	0.26961872	False
1115	2.791615802697763	0.30220090007346373	0.10825304104577094	TRUB2	0.26961872	False
1116	2.791615802697763	0.30220090007346373	0.10825304104577094	COQ4	0.26961872	False
1117	2.791615802697763	0.30220090007346373	0.10825304104577094	SLC27A4	0.26961872	False
1118	2.791615802697763	0.30220090007346373	0.10825304104577094	URM1	0.26961872	False
1119	2.791615802697763	0.30220090007346373	0.10825304104577094	MIR219A2	0.26961872	False
1120	2.791615802697763	0.30220090007346373	0.10825304104577094	CERCAM	0.26961872	False
1121	2.791615802697763	0.30220090007346373	0.10825304104577094	ODF2	0.26961872	False
1122	2.791615802697763	0.30220090007346373	0.10825304104577094	GLE1	0.26961872	False
1123	2.791615802697763	0.30220090007346373	0.10825304104577094	SPTAN1	0.26961872	False
1124	2.791615802697763	0.30220090007346373	0.10825304104577094	WDR34	0.26961872	False
1125	2.791615802697763	0.30220090007346373	0.10825304104577094	SET	0.26961872	False
1126	2.791615802697763	0.30220090007346373	0.10825304104577094	PKN3	0.26961872	False
1127	2.791615802697763	0.30220090007346373	0.10825304104577094	ZDHHC12	0.26961872	False
1128	2.791615802697763	0.30220090007346373	0.10825304104577094	LOC100506100	0.26961872	False
1129	2.791615802697763	0.30220090007346373	0.10825304104577094	ZER1	0.26961872	False
1130	2.791615802697763	0.30220090007346373	0.10825304104577094	TBC1D13	0.26961872	False
1131	2.791615802697763	0.30220090007346373	0.10825304104577094	ENDOG	0.26961872	False
1132	2.791615802697763	0.30220090007346373	0.10825304104577094	SPOUT1	0.26961872	False
1133	2.791615802697763	0.30220090007346373	0.10825304104577094	KYAT1	0.26961872	False
1134	2.8507161157041354	0.39740550973637595	0.13940550149737221	DPP7	0.26961926	False
1135	2.8507161157041354	0.39740550973637595	0.13940550149737221	GRIN1	0.26961926	False
1136	2.8507161157041354	0.39740550973637595	0.13940550149737221	LRRC26	0.26961926	False
1137	2.8507161157041354	0.39740550973637595	0.13940550149737221	MIR3621	0.26961926	False
1138	2.8507161157041354	0.39740550973637595	0.13940550149737221	TMEM210	0.26961926	False
1139	2.8507161157041354	0.39740550973637595	0.13940550149737221	ANAPC2	0.26961926	False
1140	2.8507161157041354	0.39740550973637595	0.13940550149737221	SSNA1	0.26961926	False
1141	2.8507161157041354	0.39740550973637595	0.13940550149737221	TPRN	0.26961926	False
1142	2.8507161157041354	0.39740550973637595	0.13940550149737221	TMEM203	0.26961926	False
1143	2.8507161157041354	0.39740550973637595	0.13940550149737221	NDOR1	0.26961926	False
1144	2.8507161157041354	0.39740550973637595	0.13940550149737221	RNF208	0.26961926	False
1145	2.8507161157041354	0.39740550973637595	0.13940550149737221	CYSRT1	0.26961926	False
1146	2.8507161157041354	0.39740550973637595	0.13940550149737221	RNF224	0.26961926	False
1147	2.8507161157041354	0.39740550973637595	0.13940550149737221	SLC34A3	0.26961926	False
1148	2.8507161157041354	0.39740550973637595	0.13940550149737221	TUBB4B	0.26961926	False
1149	2.8507161157041354	0.39740550973637595	0.13940550149737221	FAM166A	0.26961926	False
1150	2.8507161157041354	0.39740550973637595	0.13940550149737221	STPG3-AS1	0.26961926	False
1151	2.8507161157041354	0.39740550973637595	0.13940550149737221	STPG3	0.26961926	False
1152	2.8507161157041354	0.39740550973637595	0.13940550149737221	NELFB	0.26961926	False
1153	2.8507161157041354	0.39740550973637595	0.13940550149737221	TOR4A	0.26961926	False
1154	2.8507161157041354	0.39740550973637595	0.13940550149737221	NRARP	0.26961926	False
1155	2.8507161157041354	0.39740550973637595	0.13940550149737221	EXD3	0.26961926	False
1156	2.8507161157041354	0.39740550973637595	0.13940550149737221	NOXA1	0.26961926	False
1157	2.8507161157041354	0.39740550973637595	0.13940550149737221	ENTPD8	0.26961926	False
1158	2.8507161157041354	0.39740550973637595	0.13940550149737221	NSMF	0.26961926	False
1159	2.8507161157041354	0.39740550973637595	0.13940550149737221	MIR7114	0.26961926	False
1160	2.8507161157041354	0.39740550973637595	0.13940550149737221	PNPLA7	0.26961926	False
1161	2.8507161157041354	0.39740550973637595	0.13940550149737221	MRPL41	0.26961926	False
1162	2.8507161157041354	0.39740550973637595	0.13940550149737221	DPH7	0.26961926	False
1163	2.8507161157041354	0.39740550973637595	0.13940550149737221	ZMYND19	0.26961926	False
1164	2.8507161157041354	0.39740550973637595	0.13940550149737221	ARRDC1	0.26961926	False
1165	2.8507161157041354	0.39740550973637595	0.13940550149737221	ARRDC1-AS1	0.26961926	False
1166	2.8507161157041354	0.39740550973637595	0.13940550149737221	EHMT1	0.26961926	False
1167	2.8507161157041354	0.39740550973637595	0.13940550149737221	MIR602	0.26961926	False
1168	2.8507161157041354	0.39740550973637595	0.13940550149737221	LOC100133077	0.26961926	False
1169	2.8507161157041354	0.39740550973637595	0.13940550149737221	CACNA1B	0.26961926	False
1170	2.755579168317928	0.2746248973123435	0.09966140710810395	RAB3IL1	0.26961854	False
1171	2.755579168317928	0.2746248973123435	0.09966140710810395	BEST1	0.26961854	False
1172	2.755579168317928	0.2746248973123435	0.09966140710810395	FTH1	0.26961854	False
1173	2.84352156345089	0.3342519807867404	0.11754860067988833	INCENP	0.2696189	False
1174	2.84352156345089	0.3342519807867404	0.11754860067988833	SCGB1D1	0.2696189	False
1175	2.84352156345089	0.3342519807867404	0.11754860067988833	SCGB2A1	0.2696189	False
1176	2.84352156345089	0.3342519807867404	0.11754860067988833	SCGB1D2	0.2696189	False
1177	2.84352156345089	0.3342519807867404	0.11754860067988833	SCGB2A2	0.2696189	False
1178	2.84352156345089	0.3342519807867404	0.11754860067988833	SCGB1D4	0.2696189	False
1179	2.84352156345089	0.3342519807867404	0.11754860067988833	ASRGL1	0.2696189	False
1180	2.84352156345089	0.3342519807867404	0.11754860067988833	SCGB1A1	0.2696189	False
1181	2.84352156345089	0.3342519807867404	0.11754860067988833	AHNAK	0.2696189	False
1182	2.84352156345089	0.3342519807867404	0.11754860067988833	EEF1G	0.2696189	False
1183	2.84352156345089	0.3342519807867404	0.11754860067988833	MIR6747	0.2696189	False
1184	2.84352156345089	0.3342519807867404	0.11754860067988833	TUT1	0.2696189	False
1185	2.84352156345089	0.3342519807867404	0.11754860067988833	MTA2	0.2696189	False
1186	2.84352156345089	0.3342519807867404	0.11754860067988833	EML3	0.2696189	False
1187	2.84352156345089	0.3342519807867404	0.11754860067988833	ROM1	0.2696189	False
1188	2.84352156345089	0.3342519807867404	0.11754860067988833	B3GAT3	0.2696189	False
1189	2.84352156345089	0.3342519807867404	0.11754860067988833	GANAB	0.2696189	False
1190	2.84352156345089	0.3342519807867404	0.11754860067988833	INTS5	0.2696189	False
1191	2.84352156345089	0.3342519807867404	0.11754860067988833	C11orf98	0.2696189	False
1192	2.84352156345089	0.3342519807867404	0.11754860067988833	LBHD1	0.2696189	False
1193	2.84352156345089	0.3342519807867404	0.11754860067988833	CSKMT	0.2696189	False
1194	2.84352156345089	0.3342519807867404	0.11754860067988833	SNORA57	0.2696189	False
1195	2.84352156345089	0.3342519807867404	0.11754860067988833	UQCC3	0.2696189	False
1196	2.84352156345089	0.3342519807867404	0.11754860067988833	UBXN1	0.2696189	False
1197	2.84352156345089	0.3342519807867404	0.11754860067988833	LRRN4CL	0.2696189	False
1198	2.84352156345089	0.3342519807867404	0.11754860067988833	BSCL2	0.2696189	False
1199	2.84352156345089	0.3342519807867404	0.11754860067988833	HNRNPUL2-BSCL2	0.2696189	False
1200	2.84352156345089	0.3342519807867404	0.11754860067988833	GNG3	0.2696189	False
1201	2.84352156345089	0.3342519807867404	0.11754860067988833	HNRNPUL2	0.2696189	False
1202	2.84352156345089	0.3342519807867404	0.11754860067988833	TTC9C	0.2696189	False
1203	2.84352156345089	0.3342519807867404	0.11754860067988833	ZBTB3	0.2696189	False
1204	2.84352156345089	0.3342519807867404	0.11754860067988833	POLR2G	0.2696189	False
1205	2.84352156345089	0.3342519807867404	0.11754860067988833	TAF6L	0.2696189	False
1206	2.84352156345089	0.3342519807867404	0.11754860067988833	TMEM223	0.2696189	False
1207	2.84352156345089	0.3342519807867404	0.11754860067988833	TMEM179B	0.2696189	False
1208	2.84352156345089	0.3342519807867404	0.11754860067988833	MIR6748	0.2696189	False
1209	2.84352156345089	0.3342519807867404	0.11754860067988833	NXF1	0.2696189	False
1210	2.84352156345089	0.3342519807867404	0.11754860067988833	MIR6514	0.2696189	False
1211	2.84352156345089	0.3342519807867404	0.11754860067988833	STX5	0.2696189	False
1212	2.84352156345089	0.3342519807867404	0.11754860067988833	LOC105369332	0.2696189	False
1213	2.84352156345089	0.3342519807867404	0.11754860067988833	WDR74	0.2696189	False
1214	2.84352156345089	0.3342519807867404	0.11754860067988833	SNHG1	0.2696189	False
1215	2.84352156345089	0.3342519807867404	0.11754860067988833	SNORD22	0.2696189	False
1216	2.84352156345089	0.3342519807867404	0.11754860067988833	SNORD30	0.2696189	False
1217	2.84352156345089	0.3342519807867404	0.11754860067988833	SNORD28	0.2696189	False
1218	2.84352156345089	0.3342519807867404	0.11754860067988833	SNORD27	0.2696189	False
1219	2.84352156345089	0.3342519807867404	0.11754860067988833	SNORD26	0.2696189	False
1220	2.84352156345089	0.3342519807867404	0.11754860067988833	SNORD25	0.2696189	False
1221	2.84352156345089	0.3342519807867404	0.11754860067988833	SLC3A2	0.2696189	False
1222	2.9143566228142084	0.3089675524601134	0.10601569829905139	CHRM1	0.26961878	False
1223	2.9143566228142084	0.3089675524601134	0.10601569829905139	SLC22A6	0.26961878	False
1224	2.9143566228142084	0.3089675524601134	0.10601569829905139	SLC22A8	0.26961878	False
1225	2.9143566228142084	0.3089675524601134	0.10601569829905139	SLC22A24	0.26961878	False
1226	3.0017116939829624	0.35402511094132577	0.11794107730298738	SLC22A10	0.2696191	False
1227	3.0017116939829624	0.35402511094132577	0.11794107730298738	SLC22A25	0.2696191	False
1228	3.0017116939829624	0.35402511094132577	0.11794107730298738	SLC22A9	0.2696191	False
1229	3.0017116939829624	0.35402511094132577	0.11794107730298738	HRASLS5	0.2696191	False
1230	3.0017116939829624	0.35402511094132577	0.11794107730298738	LGALS12	0.2696191	False
1231	3.0017116939829624	0.35402511094132577	0.11794107730298738	RARRES3	0.2696191	False
1232	3.0017116939829624	0.35402511094132577	0.11794107730298738	HRASLS2	0.2696191	False
1233	3.0017116939829624	0.35402511094132577	0.11794107730298738	PLA2G16	0.2696191	False
1234	3.0017116939829624	0.35402511094132577	0.11794107730298738	ATL3	0.2696191	False
1235	3.0017116939829624	0.35402511094132577	0.11794107730298738	RTN3	0.2696191	False
1236	3.0017116939829624	0.35402511094132577	0.11794107730298738	C11orf95	0.2696191	False
1237	3.0017116939829624	0.35402511094132577	0.11794107730298738	SPINDOC	0.2696191	False
1238	3.132613994192671	0.37975597431793645	0.12122654595233849	MARK2	0.26961938	False
1239	3.132613994192671	0.37975597431793645	0.12122654595233849	RCOR2	0.26961938	False
1240	3.132613994192671	0.37975597431793645	0.12122654595233849	NAA40	0.26961938	False
1241	3.132613994192671	0.37975597431793645	0.12122654595233849	COX8A	0.26961938	False
1242	3.132613994192671	0.37975597431793645	0.12122654595233849	OTUB1	0.26961938	False
1243	3.132613994192671	0.37975597431793645	0.12122654595233849	MACROD1	0.26961938	False
1244	3.3162712488256623	0.5052937767773589	0.15236804798651207	FLRT1	0.2696205	False
1245	3.3162712488256623	0.5052937767773589	0.15236804798651207	STIP1	0.2696205	False
1246	3.3162712488256623	0.5052937767773589	0.15236804798651207	FERMT3	0.2696205	False
1247	3.3162712488256623	0.5052937767773589	0.15236804798651207	TRPT1	0.2696205	False
1248	3.3162712488256623	0.5052937767773589	0.15236804798651207	NUDT22	0.2696205	False
1249	3.3162712488256623	0.5052937767773589	0.15236804798651207	DNAJC4	0.2696205	False
1250	3.3162712488256623	0.5052937767773589	0.15236804798651207	VEGFB	0.2696205	False
1251	3.3162712488256623	0.5052937767773589	0.15236804798651207	FKBP2	0.2696205	False
1252	3.3162712488256623	0.5052937767773589	0.15236804798651207	PPP1R14B	0.2696205	False
1253	3.3162712488256623	0.5052937767773589	0.15236804798651207	LOC105369340	0.2696205	False
1254	3.3162712488256623	0.5052937767773589	0.15236804798651207	PLCB3	0.2696205	False
1255	3.3162712488256623	0.5052937767773589	0.15236804798651207	BAD	0.2696205	False
1256	3.3162712488256623	0.5052937767773589	0.15236804798651207	GPR137	0.2696205	False
1257	3.3162712488256623	0.5052937767773589	0.15236804798651207	KCNK4	0.2696205	False
1258	3.3162712488256623	0.5052937767773589	0.15236804798651207	KCNK4-TEX40	0.2696205	False
1259	3.3162712488256623	0.5052937767773589	0.15236804798651207	CATSPERZ	0.2696205	False
1260	3.3162712488256623	0.5052937767773589	0.15236804798651207	ESRRA	0.2696205	False
1261	3.3162712488256623	0.5052937767773589	0.15236804798651207	TRMT112	0.2696205	False
1262	3.3162712488256623	0.5052937767773589	0.15236804798651207	PRDX5	0.2696205	False
1263	3.3162712488256623	0.5052937767773589	0.15236804798651207	CCDC88B	0.2696205	False
1264	3.3162712488256623	0.5052937767773589	0.15236804798651207	MIR7155	0.2696205	False
1265	3.3162712488256623	0.5052937767773589	0.15236804798651207	RPS6KA4	0.2696205	False
1266	3.3162712488256623	0.5052937767773589	0.15236804798651207	MIR1237	0.2696205	False
1267	3.3162712488256623	0.5052937767773589	0.15236804798651207	LOC100996455	0.2696205	False
1268	3.3162712488256623	0.5052937767773589	0.15236804798651207	SLC22A11	0.2696205	False
1269	3.3162712488256623	0.5052937767773589	0.15236804798651207	SLC22A12	0.2696205	False
1270	3.3162712488256623	0.5052937767773589	0.15236804798651207	NRXN2	0.2696205	False
1271	3.3162712488256623	0.5052937767773589	0.15236804798651207	RASGRP2	0.2696205	False
1272	3.3162712488256623	0.5052937767773589	0.15236804798651207	PYGM	0.2696205	False
1273	3.3162712488256623	0.5052937767773589	0.15236804798651207	SF1	0.2696205	False
1274	3.3162712488256623	0.5052937767773589	0.15236804798651207	MAP4K2	0.2696205	False
1275	3.3162712488256623	0.5052937767773589	0.15236804798651207	MEN1	0.2696205	False
1276	3.3162712488256623	0.5052937767773589	0.15236804798651207	CDC42BPG	0.2696205	False
1277	3.3162712488256623	0.5052937767773589	0.15236804798651207	EHD1	0.2696205	False
1278	3.3162712488256623	0.5052937767773589	0.15236804798651207	MIR194-2HG	0.2696205	False
1279	3.3162712488256623	0.5052937767773589	0.15236804798651207	MIR192	0.2696205	False
1280	3.3162712488256623	0.5052937767773589	0.15236804798651207	MIR194-2	0.2696205	False
1281	3.339089667653484	0.4744722880422998	0.14209630026968728	ATG2A	0.26962036	False
1282	3.3162712488256623	0.5052937767773589	0.15236804798651207	MIR6750	0.2696205	False
1283	3.339089667653484	0.4744722880422998	0.14209630026968728	MIR6749	0.26962036	False
1284	3.339089667653484	0.4744722880422998	0.14209630026968728	PPP2R5B	0.26962036	False
1285	3.339089667653484	0.4744722880422998	0.14209630026968728	GPHA2	0.26962036	False
1286	3.339089667653484	0.4744722880422998	0.14209630026968728	MAJIN	0.26962036	False
1287	3.339089667653484	0.4744722880422998	0.14209630026968728	BATF2	0.26962036	False
1288	3.339089667653484	0.4744722880422998	0.14209630026968728	ARL2	0.26962036	False
1289	3.339089667653484	0.4744722880422998	0.14209630026968728	ARL2-SNX15	0.26962036	False
1290	3.339089667653484	0.4744722880422998	0.14209630026968728	MIR6879	0.26962036	False
1291	3.339089667653484	0.4744722880422998	0.14209630026968728	SNX15	0.26962036	False
1292	3.339089667653484	0.4744722880422998	0.14209630026968728	SAC3D1	0.26962036	False
1293	3.339089667653484	0.4744722880422998	0.14209630026968728	NAALADL1	0.26962036	False
1294	3.339089667653484	0.4744722880422998	0.14209630026968728	CDCA5	0.26962036	False
1295	3.339089667653484	0.4744722880422998	0.14209630026968728	ZFPL1	0.26962036	False
1296	3.339089667653484	0.4744722880422998	0.14209630026968728	TMEM262	0.26962036	False
1297	3.339089667653484	0.4744722880422998	0.14209630026968728	VPS51	0.26962036	False
1298	3.4921683276506896	0.6103413513538464	0.1747743218793939	TM7SF2	0.26962155	False
1299	3.4921683276506896	0.6103413513538464	0.1747743218793939	ZNHIT2	0.26962155	False
1300	3.4921683276506896	0.6103413513538464	0.1747743218793939	FAU	0.26962155	False
1301	3.4921683276506896	0.6103413513538464	0.1747743218793939	SYVN1	0.26962155	False
1302	3.4921683276506896	0.6103413513538464	0.1747743218793939	MRPL49	0.26962155	False
1303	3.4921683276506896	0.6103413513538464	0.1747743218793939	MIR6751	0.26962155	False
1304	3.4921683276506896	0.6103413513538464	0.1747743218793939	SPDYC	0.26962155	False
1305	3.4921683276506896	0.6103413513538464	0.1747743218793939	CAPN1	0.26962155	False
1306	3.4921683276506896	0.6103413513538464	0.1747743218793939	POLA2	0.26962155	False
1307	3.4921683276506896	0.6103413513538464	0.1747743218793939	CDC42EP2	0.26962155	False
1308	3.4921683276506896	0.6103413513538464	0.1747743218793939	DPF2	0.26962155	False
1309	3.4921683276506896	0.6103413513538464	0.1747743218793939	TIGD3	0.26962155	False
1310	3.4921683276506896	0.6103413513538464	0.1747743218793939	SLC25A45	0.26962155	False
1311	3.4921683276506896	0.6103413513538464	0.1747743218793939	FRMD8	0.26962155	False
1312	3.4921683276506896	0.6103413513538464	0.1747743218793939	NEAT1	0.26962155	False
1313	3.4921683276506896	0.6103413513538464	0.1747743218793939	MIR612	0.26962155	False
1314	3.4921683276506896	0.6103413513538464	0.1747743218793939	MALAT1	0.26962155	False
1315	3.4921683276506896	0.6103413513538464	0.1747743218793939	SCYL1	0.26962155	False
1316	3.4921683276506896	0.6103413513538464	0.1747743218793939	LTBP3	0.26962155	False
1317	3.4921683276506896	0.6103413513538464	0.1747743218793939	SSSCA1-AS1	0.26962155	False
1318	3.4921683276506896	0.6103413513538464	0.1747743218793939	SSSCA1	0.26962155	False
1319	3.4921683276506896	0.6103413513538464	0.1747743218793939	FAM89B	0.26962155	False
1320	3.4921683276506896	0.6103413513538464	0.1747743218793939	EHBP1L1	0.26962155	False
1321	3.4921683276506896	0.6103413513538464	0.1747743218793939	SIPA1	0.26962155	False
1322	3.4921683276506896	0.6103413513538464	0.1747743218793939	KCNK7	0.26962155	False
1323	3.4921683276506896	0.6103413513538464	0.1747743218793939	MAP3K11	0.26962155	False
1324	3.4921683276506896	0.6103413513538464	0.1747743218793939	PCNX3	0.26962155	False
1325	3.4921683276506896	0.6103413513538464	0.1747743218793939	MIR4690	0.26962155	False
1326	3.4921683276506896	0.6103413513538464	0.1747743218793939	MIR4489	0.26962155	False
1327	3.4921683276506896	0.6103413513538464	0.1747743218793939	RELA	0.26962155	False
1328	3.4921683276506896	0.6103413513538464	0.1747743218793939	KAT5	0.26962155	False
1329	3.4921683276506896	0.6103413513538464	0.1747743218793939	RNASEH2C	0.26962155	False
1330	3.4921683276506896	0.6103413513538464	0.1747743218793939	AP5B1	0.26962155	False
1331	3.4921683276506896	0.6103413513538464	0.1747743218793939	OVOL1	0.26962155	False
1332	3.4921683276506896	0.6103413513538464	0.1747743218793939	OVOL1-AS1	0.26962155	False
1333	3.4921683276506896	0.6103413513538464	0.1747743218793939	CFL1	0.26962155	False
1334	3.4921683276506896	0.6103413513538464	0.1747743218793939	SNX32	0.26962155	False
1335	3.4921683276506896	0.6103413513538464	0.1747743218793939	MUS81	0.26962155	False
1336	3.4921683276506896	0.6103413513538464	0.1747743218793939	EFEMP2	0.26962155	False
1337	3.4921683276506896	0.6103413513538464	0.1747743218793939	CTSW	0.26962155	False
1338	3.4921683276506896	0.6103413513538464	0.1747743218793939	FIBP	0.26962155	False
1339	3.4921683276506896	0.6103413513538464	0.1747743218793939	CCDC85B	0.26962155	False
1340	3.2648426991171005	0.44790728143707453	0.13719107556336496	FOSL1	0.2696201	False
1341	3.2648426991171005	0.44790728143707453	0.13719107556336496	C11orf68	0.2696201	False
1342	3.2648426991171005	0.44790728143707453	0.13719107556336496	DRAP1	0.2696201	False
1343	3.2648426991171005	0.44790728143707453	0.13719107556336496	TSGA10IP	0.2696201	False
1344	3.2648426991171005	0.44790728143707453	0.13719107556336496	SART1	0.2696201	False
1345	3.2648426991171005	0.44790728143707453	0.13719107556336496	EIF1AD	0.2696201	False
1346	3.2648426991171005	0.44790728143707453	0.13719107556336496	BANF1	0.2696201	False
1347	3.2648426991171005	0.44790728143707453	0.13719107556336496	CST6	0.2696201	False
1348	3.2648426991171005	0.44790728143707453	0.13719107556336496	CATSPER1	0.2696201	False
1349	3.2648426991171005	0.44790728143707453	0.13719107556336496	GAL3ST3	0.2696201	False
1350	3.2648426991171005	0.44790728143707453	0.13719107556336496	SF3B2	0.2696201	False
1351	3.2648426991171005	0.44790728143707453	0.13719107556336496	PACS1	0.2696201	False
1352	3.2606172286722153	0.4747194702355253	0.1455919039073593	KLC2	0.26962012	False
1353	3.2606172286722153	0.4747194702355253	0.1455919039073593	RAB1B	0.26962012	False
1354	3.2606172286722153	0.4747194702355253	0.1455919039073593	CNIH2	0.26962012	False
1355	3.2606172286722153	0.4747194702355253	0.1455919039073593	YIF1A	0.26962012	False
1356	3.2606172286722153	0.4747194702355253	0.1455919039073593	TMEM151A	0.26962012	False
1357	3.2606172286722153	0.4747194702355253	0.1455919039073593	CD248	0.26962012	False
1358	3.2606172286722153	0.4747194702355253	0.1455919039073593	RIN1	0.26962012	False
1359	3.2606172286722153	0.4747194702355253	0.1455919039073593	BRMS1	0.26962012	False
1360	3.2606172286722153	0.4747194702355253	0.1455919039073593	B4GAT1	0.26962012	False
1361	3.2606172286722153	0.4747194702355253	0.1455919039073593	SLC29A2	0.26962012	False
1362	3.2606172286722153	0.4747194702355253	0.1455919039073593	NPAS4	0.26962012	False
1363	3.2606172286722153	0.4747194702355253	0.1455919039073593	MRPL11	0.26962012	False
1364	3.2606172286722153	0.4747194702355253	0.1455919039073593	PELI3	0.26962012	False
1365	3.2606172286722153	0.4747194702355253	0.1455919039073593	LOC101928069	0.26962012	False
1366	3.2606172286722153	0.4747194702355253	0.1455919039073593	DPP3	0.26962012	False
1367	3.2606172286722153	0.4747194702355253	0.1455919039073593	BBS1	0.26962012	False
1368	3.2606172286722153	0.4747194702355253	0.1455919039073593	ZDHHC24	0.26962012	False
1369	3.2606172286722153	0.4747194702355253	0.1455919039073593	ACTN3	0.26962012	False
1370	3.2606172286722153	0.4747194702355253	0.1455919039073593	CTSF	0.26962012	False
1371	3.2606172286722153	0.4747194702355253	0.1455919039073593	CCDC87	0.26962012	False
1372	3.2606172286722153	0.4747194702355253	0.1455919039073593	CCS	0.26962012	False
1373	3.2606172286722153	0.4747194702355253	0.1455919039073593	RBM14	0.26962012	False
1374	3.2606172286722153	0.4747194702355253	0.1455919039073593	RBM14-RBM4	0.26962012	False
1375	3.2606172286722153	0.4747194702355253	0.1455919039073593	RBM4	0.26962012	False
1376	3.2606172286722153	0.4747194702355253	0.1455919039073593	RBM4B	0.26962012	False
1377	3.2606172286722153	0.4747194702355253	0.1455919039073593	SPTBN2	0.26962012	False
1378	3.2606172286722153	0.4747194702355253	0.1455919039073593	C11orf80	0.26962012	False
1379	3.2606172286722153	0.4747194702355253	0.1455919039073593	RCE1	0.26962012	False
1380	2.996041360410734	0.3331977886224551	0.1112126798465747	PC	0.26961896	False
1381	3.2606172286722153	0.4747194702355253	0.1455919039073593	LRFN4	0.26962012	False
1382	2.996041360410734	0.3331977886224551	0.1112126798465747	MIR3163	0.26961896	False
1383	2.996041360410734	0.3331977886224551	0.1112126798465747	C11orf86	0.26961896	False
1384	2.996041360410734	0.3331977886224551	0.1112126798465747	SYT12	0.26961896	False
1385	2.996041360410734	0.3331977886224551	0.1112126798465747	RHOD	0.26961896	False
1386	2.840128318619386	0.308637397349831	0.1086702299070285	KDM2A	0.26961872	False
1387	2.840128318619386	0.308637397349831	0.1086702299070285	GRK2	0.26961872	False
1388	2.840128318619386	0.308637397349831	0.1086702299070285	ANKRD13D	0.26961872	False
1389	2.840128318619386	0.308637397349831	0.1086702299070285	SSH3	0.26961872	False
1390	2.840128318619386	0.308637397349831	0.1086702299070285	LOC100130987	0.26961872	False
1391	2.840128318619386	0.308637397349831	0.1086702299070285	POLD4	0.26961872	False
1392	2.840128318619386	0.308637397349831	0.1086702299070285	CLCF1	0.26961872	False
1393	2.840128318619386	0.308637397349831	0.1086702299070285	RAD9A	0.26961872	False
1394	2.840128318619386	0.308637397349831	0.1086702299070285	PPP1CA	0.26961872	False
1395	2.840128318619386	0.308637397349831	0.1086702299070285	TBC1D10C	0.26961872	False
1396	2.840128318619386	0.308637397349831	0.1086702299070285	CARNS1	0.26961872	False
1397	2.840128318619386	0.308637397349831	0.1086702299070285	RPS6KB2	0.26961872	False
1398	2.840128318619386	0.308637397349831	0.1086702299070285	PTPRCAP	0.26961872	False
1399	2.840128318619386	0.308637397349831	0.1086702299070285	CORO1B	0.26961872	False
1400	2.840128318619386	0.308637397349831	0.1086702299070285	GPR152	0.26961872	False
1401	2.840128318619386	0.308637397349831	0.1086702299070285	CABP4	0.26961872	False
1402	2.840128318619386	0.308637397349831	0.1086702299070285	TMEM134	0.26961872	False
1403	2.840128318619386	0.308637397349831	0.1086702299070285	AIP	0.26961872	False
1404	2.840128318619386	0.308637397349831	0.1086702299070285	MIR6752	0.26961872	False
1405	2.840128318619386	0.308637397349831	0.1086702299070285	PITPNM1	0.26961872	False
1406	2.840128318619386	0.308637397349831	0.1086702299070285	CDK2AP2	0.26961872	False
1407	2.840128318619386	0.308637397349831	0.1086702299070285	CABP2	0.26961872	False
1408	2.840128318619386	0.308637397349831	0.1086702299070285	GSTP1	0.26961872	False
1409	2.840128318619386	0.308637397349831	0.1086702299070285	C11orf72	0.26961872	False
1410	2.840128318619386	0.308637397349831	0.1086702299070285	NDUFV1	0.26961872	False
1411	2.840128318619386	0.308637397349831	0.1086702299070285	NUDT8	0.26961872	False
1412	2.840128318619386	0.308637397349831	0.1086702299070285	TBX10	0.26961872	False
1413	2.840128318619386	0.308637397349831	0.1086702299070285	ACY3	0.26961872	False
1414	2.840128318619386	0.308637397349831	0.1086702299070285	ALDH3B2	0.26961872	False
1415	2.840128318619386	0.308637397349831	0.1086702299070285	UNC93B1	0.26961872	False
1416	2.840128318619386	0.308637397349831	0.1086702299070285	ALDH3B1	0.26961872	False
1417	2.840128318619386	0.308637397349831	0.1086702299070285	NDUFS8	0.26961872	False
1418	2.840128318619386	0.308637397349831	0.1086702299070285	MIR7113	0.26961872	False
1419	2.840128318619386	0.308637397349831	0.1086702299070285	MIR4691	0.26961872	False
1420	2.840128318619386	0.308637397349831	0.1086702299070285	TCIRG1	0.26961872	False
1421	2.840128318619386	0.308637397349831	0.1086702299070285	MIR6753	0.26961872	False
1422	2.840128318619386	0.308637397349831	0.1086702299070285	CHKA	0.26961872	False
1423	2.9718979746972294	0.4636008205677037	0.15599486406155458	CD9	0.26961973	False
1424	2.9718979746972294	0.4636008205677037	0.15599486406155458	PLEKHG6	0.26961973	False
1425	2.9718979746972294	0.4636008205677037	0.15599486406155458	TNFRSF1A	0.26961973	False
1426	2.9718979746972294	0.4636008205677037	0.15599486406155458	SCNN1A	0.26961973	False
1427	2.9718979746972294	0.4636008205677037	0.15599486406155458	LTBR	0.26961973	False
1428	2.9718979746972294	0.4636008205677037	0.15599486406155458	CD27-AS1	0.26961973	False
1429	2.9718979746972294	0.4636008205677037	0.15599486406155458	CD27	0.26961973	False
1430	2.9718979746972294	0.4636008205677037	0.15599486406155458	TAPBPL	0.26961973	False
1431	2.9718979746972294	0.4636008205677037	0.15599486406155458	VAMP1	0.26961973	False
1432	2.9718979746972294	0.4636008205677037	0.15599486406155458	MRPL51	0.26961973	False
1433	2.9718979746972294	0.4636008205677037	0.15599486406155458	NCAPD2	0.26961973	False
1434	2.9718979746972294	0.4636008205677037	0.15599486406155458	SCARNA10	0.26961973	False
1435	2.9718979746972294	0.4636008205677037	0.15599486406155458	GAPDH	0.26961973	False
1436	2.9718979746972294	0.4636008205677037	0.15599486406155458	IFFO1	0.26961973	False
1437	2.9718979746972294	0.4636008205677037	0.15599486406155458	NOP2	0.26961973	False
1438	2.9718979746972294	0.4636008205677037	0.15599486406155458	CHD4	0.26961973	False
1439	2.9718979746972294	0.4636008205677037	0.15599486406155458	SCARNA11	0.26961973	False
1440	2.9718979746972294	0.4636008205677037	0.15599486406155458	LPAR5	0.26961973	False
1441	2.9718979746972294	0.4636008205677037	0.15599486406155458	ACRBP	0.26961973	False
1442	2.9718979746972294	0.4636008205677037	0.15599486406155458	ING4	0.26961973	False
1443	2.9718979746972294	0.4636008205677037	0.15599486406155458	ZNF384	0.26961973	False
1444	2.9718979746972294	0.4636008205677037	0.15599486406155458	PIANP	0.26961973	False
1445	2.9718979746972294	0.4636008205677037	0.15599486406155458	COPS7A	0.26961973	False
1446	2.9718979746972294	0.4636008205677037	0.15599486406155458	MLF2	0.26961973	False
1447	2.9718979746972294	0.4636008205677037	0.15599486406155458	PTMS	0.26961973	False
1448	2.9718979746972294	0.4636008205677037	0.15599486406155458	LAG3	0.26961973	False
1449	2.9718979746972294	0.4636008205677037	0.15599486406155458	CD4	0.26961973	False
1450	2.9718979746972294	0.4636008205677037	0.15599486406155458	GPR162	0.26961973	False
1451	2.9718979746972294	0.4636008205677037	0.15599486406155458	P3H3	0.26961973	False
1452	2.9718979746972294	0.4636008205677037	0.15599486406155458	GNB3	0.26961973	False
1453	2.9718979746972294	0.4636008205677037	0.15599486406155458	CDCA3	0.26961973	False
1454	2.9718979746972294	0.4636008205677037	0.15599486406155458	USP5	0.26961973	False
1455	2.9718979746972294	0.4636008205677037	0.15599486406155458	TPI1	0.26961973	False
1456	2.9718979746972294	0.4636008205677037	0.15599486406155458	SPSB2	0.26961973	False
1457	2.8285000714078703	0.334054259297563	0.11810297007745499	LRRC23	0.2696189	False
1458	2.9718979746972294	0.4636008205677037	0.15599486406155458	LOC105369632	0.26961973	False
1459	2.8285000714078703	0.334054259297563	0.11810297007745499	ENO2	0.2696189	False
1460	2.8285000714078703	0.334054259297563	0.11810297007745499	ATN1	0.2696189	False
1461	2.8285000714078703	0.334054259297563	0.11810297007745499	C12orf57	0.2696189	False
1462	2.8285000714078703	0.334054259297563	0.11810297007745499	RNU7-1	0.2696189	False
1463	2.8285000714078703	0.334054259297563	0.11810297007745499	PTPN6	0.2696189	False
1464	2.8285000714078703	0.334054259297563	0.11810297007745499	MIR200CHG	0.2696189	False
1465	2.8285000714078703	0.334054259297563	0.11810297007745499	MIR200C	0.2696189	False
1466	2.8285000714078703	0.334054259297563	0.11810297007745499	MIR141	0.2696189	False
1467	2.8285000714078703	0.334054259297563	0.11810297007745499	PHB2	0.2696189	False
1468	2.8285000714078703	0.334054259297563	0.11810297007745499	SCARNA12	0.2696189	False
1469	2.8285000714078703	0.334054259297563	0.11810297007745499	EMG1	0.2696189	False
1470	2.8285000714078703	0.334054259297563	0.11810297007745499	LPCAT3	0.2696189	False
1471	2.8285000714078703	0.334054259297563	0.11810297007745499	C1S	0.2696189	False
1472	2.8285000714078703	0.334054259297563	0.11810297007745499	C1R	0.2696189	False
1473	2.8285000714078703	0.334054259297563	0.11810297007745499	C1RL	0.2696189	False
1474	2.8551082113560837	0.3590268155676769	0.1257489345376338	C1RL-AS1	0.26961905	False
1475	2.8551082113560837	0.3590268155676769	0.1257489345376338	RBP5	0.26961905	False
1476	2.8551082113560837	0.3590268155676769	0.1257489345376338	CLSTN3	0.26961905	False
1477	2.8551082113560837	0.3590268155676769	0.1257489345376338	PEX5	0.26961905	False
1478	2.8551082113560837	0.3590268155676769	0.1257489345376338	ACSM4	0.26961905	False
1479	2.8551082113560837	0.3590268155676769	0.1257489345376338	CD163L1	0.26961905	False
1480	2.8551082113560837	0.3590268155676769	0.1257489345376338	CD163	0.26961905	False
1481	2.8551082113560837	0.3590268155676769	0.1257489345376338	APOBEC1	0.26961905	False
1482	2.8551082113560837	0.3590268155676769	0.1257489345376338	GDF3	0.26961905	False
1483	2.8551082113560837	0.3590268155676769	0.1257489345376338	DPPA3	0.26961905	False
1484	2.8551082113560837	0.3590268155676769	0.1257489345376338	CLEC4C	0.26961905	False
1485	2.8551082113560837	0.3590268155676769	0.1257489345376338	NANOGNB	0.26961905	False
1486	2.8551082113560837	0.3590268155676769	0.1257489345376338	NANOG	0.26961905	False
1487	2.8551082113560837	0.3590268155676769	0.1257489345376338	SLC2A14	0.26961905	False
1488	2.906288696697042	0.44508367504517365	0.15314503185833028	MIR4698	0.26961958	False
1489	2.906288696697042	0.44508367504517365	0.15314503185833028	PCED1B-AS1	0.26961958	False
1490	2.906288696697042	0.44508367504517365	0.15314503185833028	MIR4494	0.26961958	False
1491	2.906288696697042	0.44508367504517365	0.15314503185833028	RPAP3	0.26961958	False
1492	2.906288696697042	0.44508367504517365	0.15314503185833028	ENDOU	0.26961958	False
1493	2.906288696697042	0.44508367504517365	0.15314503185833028	RAPGEF3	0.26961958	False
1494	2.906288696697042	0.44508367504517365	0.15314503185833028	SLC48A1	0.26961958	False
1495	2.906288696697042	0.44508367504517365	0.15314503185833028	HDAC7	0.26961958	False
1496	2.8533929453273283	0.3649072027293089	0.12788536655173105	VDR	0.26961917	False
1497	2.8533929453273283	0.3649072027293089	0.12788536655173105	TMEM106C	0.26961917	False
1498	2.8533929453273283	0.3649072027293089	0.12788536655173105	COL2A1	0.26961917	False
1499	2.8533929453273283	0.3649072027293089	0.12788536655173105	SENP1	0.26961917	False
1500	2.8884379169632592	0.3999816935538297	0.13847681863086325	PFKM	0.26961935	False
1501	2.8884379169632592	0.3999816935538297	0.13847681863086325	MIR6505	0.26961935	False
1502	2.8884379169632592	0.3999816935538297	0.13847681863086325	ASB8	0.26961935	False
1503	2.8884379169632592	0.3999816935538297	0.13847681863086325	CCDC184	0.26961935	False
1504	2.8884379169632592	0.3999816935538297	0.13847681863086325	OR10AD1	0.26961935	False
1505	2.8884379169632592	0.3999816935538297	0.13847681863086325	H1FNT	0.26961935	False
1506	2.8884379169632592	0.3999816935538297	0.13847681863086325	ZNF641	0.26961935	False
1507	2.8884379169632592	0.3999816935538297	0.13847681863086325	ANP32D	0.26961935	False
1508	2.8884379169632592	0.3999816935538297	0.13847681863086325	C12orf54	0.26961935	False
1509	2.8884379169632592	0.3999816935538297	0.13847681863086325	OR8S1	0.26961935	False
1510	2.8884379169632592	0.3999816935538297	0.13847681863086325	LALBA	0.26961935	False
1511	2.8884379169632592	0.3999816935538297	0.13847681863086325	KANSL2	0.26961935	False
1512	2.8884379169632592	0.3999816935538297	0.13847681863086325	SNORA2C	0.26961935	False
1513	2.8884379169632592	0.3999816935538297	0.13847681863086325	SNORA2A	0.26961935	False
1514	2.8884379169632592	0.3999816935538297	0.13847681863086325	SNORA2B	0.26961935	False
1515	2.8884379169632592	0.3999816935538297	0.13847681863086325	CCNT1	0.26961935	False
1516	2.8884379169632592	0.3999816935538297	0.13847681863086325	TEX49	0.26961935	False
1517	2.8884379169632592	0.3999816935538297	0.13847681863086325	ADCY6	0.26961935	False
1518	2.8884379169632592	0.3999816935538297	0.13847681863086325	MIR4701	0.26961935	False
1519	2.8884379169632592	0.3999816935538297	0.13847681863086325	LOC100506125	0.26961935	False
1520	2.8884379169632592	0.3999816935538297	0.13847681863086325	CACNB3	0.26961935	False
1521	2.8884379169632592	0.3999816935538297	0.13847681863086325	DDX23	0.26961935	False
1522	2.8884379169632592	0.3999816935538297	0.13847681863086325	RND1	0.26961935	False
1523	2.8321305231517018	0.32917458162530683	0.11622860561489551	ARF3	0.2696189	False
1524	2.8321305231517018	0.32917458162530683	0.11622860561489551	CCDC65	0.2696189	False
1525	2.8321305231517018	0.32917458162530683	0.11622860561489551	FKBP11	0.2696189	False
1526	2.8321305231517018	0.32917458162530683	0.11622860561489551	WNT10B	0.2696189	False
1527	2.8321305231517018	0.32917458162530683	0.11622860561489551	WNT1	0.2696189	False
1528	2.8321305231517018	0.32917458162530683	0.11622860561489551	DDN	0.2696189	False
1529	2.8321305231517018	0.32917458162530683	0.11622860561489551	PRKAG1	0.2696189	False
1530	2.8321305231517018	0.32917458162530683	0.11622860561489551	KMT2D	0.2696189	False
1531	2.8321305231517018	0.32917458162530683	0.11622860561489551	RHEBL1	0.2696189	False
1532	2.8321305231517018	0.32917458162530683	0.11622860561489551	DHH	0.2696189	False
1533	2.8321305231517018	0.32917458162530683	0.11622860561489551	LMBR1L	0.2696189	False
1534	2.863915358096145	0.36468473632408205	0.12733781928754861	TUBA1B	0.26961914	False
1535	2.863915358096145	0.36468473632408205	0.12733781928754861	TUBA1A	0.26961914	False
1536	2.863915358096145	0.36468473632408205	0.12733781928754861	TUBA1C	0.26961914	False
1537	2.863915358096145	0.36468473632408205	0.12733781928754861	LOC101927267	0.26961914	False
1538	2.863915358096145	0.36468473632408205	0.12733781928754861	PRPH	0.26961914	False
1539	2.863915358096145	0.36468473632408205	0.12733781928754861	TROAP	0.26961914	False
1540	2.863915358096145	0.36468473632408205	0.12733781928754861	C1QL4	0.26961914	False
1541	2.863915358096145	0.36468473632408205	0.12733781928754861	DNAJC22	0.26961914	False
1542	2.863915358096145	0.36468473632408205	0.12733781928754861	SPATS2	0.26961914	False
1543	2.863915358096145	0.36468473632408205	0.12733781928754861	KCNH3	0.26961914	False
1544	2.863915358096145	0.36468473632408205	0.12733781928754861	MCRS1	0.26961914	False
1545	2.863915358096145	0.36468473632408205	0.12733781928754861	PRPF40B	0.26961914	False
1546	2.863915358096145	0.36468473632408205	0.12733781928754861	FAM186B	0.26961914	False
1547	2.863915358096145	0.36468473632408205	0.12733781928754861	FMNL3	0.26961914	False
1548	2.863915358096145	0.36468473632408205	0.12733781928754861	TMBIM6	0.26961914	False
1549	2.863915358096145	0.36468473632408205	0.12733781928754861	NCKAP5L	0.26961914	False
1550	2.863915358096145	0.36468473632408205	0.12733781928754861	BCDIN3D-AS1	0.26961914	False
1551	2.863915358096145	0.36468473632408205	0.12733781928754861	BCDIN3D	0.26961914	False
1552	2.857426929601657	0.3691283691396616	0.12918208522347777	SOAT2	0.269619	False
1553	2.857426929601657	0.3691283691396616	0.12918208522347777	CSAD	0.269619	False
1554	2.857426929601657	0.3691283691396616	0.12918208522347777	ZNF740	0.269619	False
1555	2.857426929601657	0.3691283691396616	0.12918208522347777	ITGB7	0.269619	False
1556	2.857426929601657	0.3691283691396616	0.12918208522347777	RARG	0.269619	False
1557	2.857426929601657	0.3691283691396616	0.12918208522347777	MFSD5	0.269619	False
1558	2.857426929601657	0.3691283691396616	0.12918208522347777	ESPL1	0.269619	False
1559	2.857426929601657	0.3691283691396616	0.12918208522347777	PFDN5	0.269619	False
1560	2.857426929601657	0.3691283691396616	0.12918208522347777	C12orf10	0.269619	False
1561	2.857426929601657	0.3691283691396616	0.12918208522347777	AAAS	0.269619	False
1562	2.857426929601657	0.3691283691396616	0.12918208522347777	SP7	0.269619	False
1563	2.857426929601657	0.3691283691396616	0.12918208522347777	SP1	0.269619	False
1564	2.857426929601657	0.3691283691396616	0.12918208522347777	AMHR2	0.269619	False
1565	2.857426929601657	0.3691283691396616	0.12918208522347777	PRR13	0.269619	False
1566	2.857426929601657	0.3691283691396616	0.12918208522347777	PCBP2	0.269619	False
1567	2.857426929601657	0.3691283691396616	0.12918208522347777	PCBP2-OT1	0.269619	False
1568	2.857426929601657	0.3691283691396616	0.12918208522347777	MAP3K12	0.269619	False
1569	2.857426929601657	0.3691283691396616	0.12918208522347777	TARBP2	0.269619	False
1570	2.857426929601657	0.3691283691396616	0.12918208522347777	NPFF	0.269619	False
1571	2.857426929601657	0.3691283691396616	0.12918208522347777	ATF7	0.269619	False
1572	2.857426929601657	0.3691283691396616	0.12918208522347777	LOC100652999	0.269619	False
1573	2.857426929601657	0.3691283691396616	0.12918208522347777	ATP5MC2	0.269619	False
1574	2.857426929601657	0.3691283691396616	0.12918208522347777	CALCOCO1	0.269619	False
1575	2.857426929601657	0.3691283691396616	0.12918208522347777	CISTR	0.269619	False
1576	2.881523623269134	0.33582734003598014	0.11654505877518322	HOXC13-AS	0.26961893	False
1577	2.881523623269134	0.33582734003598014	0.11654505877518322	HOXC13	0.26961893	False
1578	2.881523623269134	0.33582734003598014	0.11654505877518322	HOXC12	0.26961893	False
1579	2.881523623269134	0.33582734003598014	0.11654505877518322	HOTAIR	0.26961893	False
1580	2.881523623269134	0.33582734003598014	0.11654505877518322	HOXC11	0.26961893	False
1581	2.881523623269134	0.33582734003598014	0.11654505877518322	HOXC-AS3	0.26961893	False
1582	2.881523623269134	0.33582734003598014	0.11654505877518322	HOXC10	0.26961893	False
1583	2.881523623269134	0.33582734003598014	0.11654505877518322	HOXC5	0.26961893	False
1584	2.881523623269134	0.33582734003598014	0.11654505877518322	HOXC6	0.26961893	False
1585	2.881523623269134	0.33582734003598014	0.11654505877518322	MIR196A2	0.26961893	False
1586	2.881523623269134	0.33582734003598014	0.11654505877518322	HOXC9	0.26961893	False
1587	2.881523623269134	0.33582734003598014	0.11654505877518322	HOXC-AS2	0.26961893	False
1588	2.881523623269134	0.33582734003598014	0.11654505877518322	HOXC-AS1	0.26961893	False
1589	2.881523623269134	0.33582734003598014	0.11654505877518322	HOXC8	0.26961893	False
1590	2.881523623269134	0.33582734003598014	0.11654505877518322	HOXC4	0.26961893	False
1591	2.881523623269134	0.33582734003598014	0.11654505877518322	MIR615	0.26961893	False
1592	2.881523623269134	0.33582734003598014	0.11654505877518322	FLJ12825	0.26961893	False
1593	2.983677977042595	0.41677053130895136	0.13968348277385215	SMUG1	0.26961946	False
1594	2.983677977042595	0.41677053130895136	0.13968348277385215	LINC02381	0.26961946	False
1595	2.983677977042595	0.41677053130895136	0.13968348277385215	CBX5	0.26961946	False
1596	2.983677977042595	0.41677053130895136	0.13968348277385215	MIR3198-2	0.26961946	False
1597	2.983677977042595	0.41677053130895136	0.13968348277385215	HNRNPA1	0.26961946	False
1598	2.983677977042595	0.41677053130895136	0.13968348277385215	NFE2	0.26961946	False
1599	2.983677977042595	0.41677053130895136	0.13968348277385215	COPZ1	0.26961946	False
1600	2.983677977042595	0.41677053130895136	0.13968348277385215	MIR148B	0.26961946	False
1601	2.983677977042595	0.41677053130895136	0.13968348277385215	LOC102724050	0.26961946	False
1602	2.983677977042595	0.41677053130895136	0.13968348277385215	GPR84	0.26961946	False
1603	2.983677977042595	0.41677053130895136	0.13968348277385215	ZNF385A	0.26961946	False
1604	2.983677977042595	0.41677053130895136	0.13968348277385215	ITGA5	0.26961946	False
1605	2.983677977042595	0.41677053130895136	0.13968348277385215	GTSF1	0.26961946	False
1606	2.983677977042595	0.41677053130895136	0.13968348277385215	NCKAP1L	0.26961946	False
1607	2.983677977042595	0.41677053130895136	0.13968348277385215	PDE1B	0.26961946	False
1608	2.983677977042595	0.41677053130895136	0.13968348277385215	PPP1R1A	0.26961946	False
1609	2.983677977042595	0.41677053130895136	0.13968348277385215	LACRT	0.26961946	False
1610	2.983677977042595	0.41677053130895136	0.13968348277385215	DCD	0.26961946	False
1611	2.983677977042595	0.41677053130895136	0.13968348277385215	MUCL1	0.26961946	False
1612	3.0630337428426286	0.4114807884122533	0.13433766094603358	TESPA1	0.26961958	False
1613	3.0630337428426286	0.4114807884122533	0.13433766094603358	NEUROD4	0.26961958	False
1614	3.244001404779673	0.5445224907792715	0.1678551957397363	OR9K2	0.26962072	False
1615	3.244001404779673	0.5445224907792715	0.1678551957397363	OR10A7	0.26962072	False
1616	3.244001404779673	0.5445224907792715	0.1678551957397363	OR6C74	0.26962072	False
1617	3.244001404779673	0.5445224907792715	0.1678551957397363	OR6C6	0.26962072	False
1618	3.244001404779673	0.5445224907792715	0.1678551957397363	OR6C1	0.26962072	False
1619	3.244001404779673	0.5445224907792715	0.1678551957397363	OR6C3	0.26962072	False
1620	3.244001404779673	0.5445224907792715	0.1678551957397363	OR6C75	0.26962072	False
1621	3.244001404779673	0.5445224907792715	0.1678551957397363	OR6C65	0.26962072	False
1622	3.244001404779673	0.5445224907792715	0.1678551957397363	OR6C76	0.26962072	False
1623	3.244001404779673	0.5445224907792715	0.1678551957397363	OR6C2	0.26962072	False
1624	3.244001404779673	0.5445224907792715	0.1678551957397363	OR6C70	0.26962072	False
1625	3.244001404779673	0.5445224907792715	0.1678551957397363	OR6C68	0.26962072	False
1626	3.244001404779673	0.5445224907792715	0.1678551957397363	OR6C4	0.26962072	False
1627	3.244001404779673	0.5445224907792715	0.1678551957397363	OR2AP1	0.26962072	False
1628	3.244001404779673	0.5445224907792715	0.1678551957397363	OR10P1	0.26962072	False
1629	3.244001404779673	0.5445224907792715	0.1678551957397363	METTL7B	0.26962072	False
1630	3.244001404779673	0.5445224907792715	0.1678551957397363	ITGA7	0.26962072	False
1631	3.244001404779673	0.5445224907792715	0.1678551957397363	BLOC1S1-RDH5	0.26962072	False
1632	3.244001404779673	0.5445224907792715	0.1678551957397363	BLOC1S1	0.26962072	False
1633	3.244001404779673	0.5445224907792715	0.1678551957397363	RDH5	0.26962072	False
1634	3.244001404779673	0.5445224907792715	0.1678551957397363	CD63	0.26962072	False
1635	3.244001404779673	0.5445224907792715	0.1678551957397363	GDF11	0.26962072	False
1636	3.244001404779673	0.5445224907792715	0.1678551957397363	SARNP	0.26962072	False
1637	3.244001404779673	0.5445224907792715	0.1678551957397363	DNAJC14	0.26962072	False
1638	3.244001404779673	0.5445224907792715	0.1678551957397363	ORMDL2	0.26962072	False
1639	3.244001404779673	0.5445224907792715	0.1678551957397363	MMP19	0.26962072	False
1640	3.239455470522934	0.5279086923278276	0.1629621697632439	PYM1	0.26962048	False
1641	3.239455470522934	0.5279086923278276	0.1629621697632439	DGKA	0.26962048	False
1642	3.239455470522934	0.5279086923278276	0.1629621697632439	PMEL	0.26962048	False
1643	3.239455470522934	0.5279086923278276	0.1629621697632439	CDK2	0.26962048	False
1644	3.239455470522934	0.5279086923278276	0.1629621697632439	RAB5B	0.26962048	False
1645	3.239455470522934	0.5279086923278276	0.1629621697632439	SUOX	0.26962048	False
1646	3.239455470522934	0.5279086923278276	0.1629621697632439	IKZF4	0.26962048	False
1647	3.239455470522934	0.5279086923278276	0.1629621697632439	RPS26	0.26962048	False
1648	3.239455470522934	0.5279086923278276	0.1629621697632439	ERBB3	0.26962048	False
1649	3.3332245353387466	0.6755765892689524	0.20267959212063563	PA2G4	0.26962164	False
1650	3.3332245353387466	0.6755765892689524	0.20267959212063563	RPL41	0.26962164	False
1651	3.3332245353387466	0.6755765892689524	0.20267959212063563	ZC3H10	0.26962164	False
1652	3.3332245353387466	0.6755765892689524	0.20267959212063563	ESYT1	0.26962164	False
1653	3.3332245353387466	0.6755765892689524	0.20267959212063563	MYL6B	0.26962164	False
1654	3.3332245353387466	0.6755765892689524	0.20267959212063563	MYL6	0.26962164	False
1655	3.3332245353387466	0.6755765892689524	0.20267959212063563	SMARCC2	0.26962164	False
1656	3.3332245353387466	0.6755765892689524	0.20267959212063563	RNF41	0.26962164	False
1657	3.3332245353387466	0.6755765892689524	0.20267959212063563	NABP2	0.26962164	False
1658	3.3332245353387466	0.6755765892689524	0.20267959212063563	SLC39A5	0.26962164	False
1659	3.3332245353387466	0.6755765892689524	0.20267959212063563	ANKRD52	0.26962164	False
1660	3.3332245353387466	0.6755765892689524	0.20267959212063563	COQ10A	0.26962164	False
1661	3.3332245353387466	0.6755765892689524	0.20267959212063563	CS	0.26962164	False
1662	3.3332245353387466	0.6755765892689524	0.20267959212063563	CNPY2	0.26962164	False
1663	3.3332245353387466	0.6755765892689524	0.20267959212063563	PAN2	0.26962164	False
1664	3.3332245353387466	0.6755765892689524	0.20267959212063563	IL23A	0.26962164	False
1665	3.3332245353387466	0.6755765892689524	0.20267959212063563	STAT2	0.26962164	False
1666	3.3332245353387466	0.6755765892689524	0.20267959212063563	APOF	0.26962164	False
1667	3.3332245353387466	0.6755765892689524	0.20267959212063563	TIMELESS	0.26962164	False
1668	3.3332245353387466	0.6755765892689524	0.20267959212063563	MIP	0.26962164	False
1669	3.3332245353387466	0.6755765892689524	0.20267959212063563	SPRYD4	0.26962164	False
1670	3.3332245353387466	0.6755765892689524	0.20267959212063563	GLS2	0.26962164	False
1671	3.3332245353387466	0.6755765892689524	0.20267959212063563	RBMS2	0.26962164	False
1672	3.3332245353387466	0.6755765892689524	0.20267959212063563	BAZ2A	0.26962164	False
1673	3.3332245353387466	0.6755765892689524	0.20267959212063563	ATP5F1B	0.26962164	False
1674	3.3332245353387466	0.6755765892689524	0.20267959212063563	SNORD59A	0.26962164	False
1675	3.3332245353387466	0.6755765892689524	0.20267959212063563	PTGES3	0.26962164	False
1676	3.3332245353387466	0.6755765892689524	0.20267959212063563	NACA	0.26962164	False
1677	3.3332245353387466	0.6755765892689524	0.20267959212063563	PRIM1	0.26962164	False
1678	3.3332245353387466	0.6755765892689524	0.20267959212063563	HSD17B6	0.26962164	False
1679	3.2137516836808113	0.5715105782769616	0.17783283667467192	SDR9C7	0.26962078	False
1680	3.2137516836808113	0.5715105782769616	0.17783283667467192	RDH16	0.26962078	False
1681	3.2137516836808113	0.5715105782769616	0.17783283667467192	GPR182	0.26962078	False
1682	3.2137516836808113	0.5715105782769616	0.17783283667467192	ZBTB39	0.26962078	False
1683	3.2137516836808113	0.5715105782769616	0.17783283667467192	TAC3	0.26962078	False
1684	3.2137516836808113	0.5715105782769616	0.17783283667467192	MYO1A	0.26962078	False
1685	3.2137516836808113	0.5715105782769616	0.17783283667467192	NEMP1	0.26962078	False
1686	3.2137516836808113	0.5715105782769616	0.17783283667467192	NAB2	0.26962078	False
1687	3.2137516836808113	0.5715105782769616	0.17783283667467192	STAT6	0.26962078	False
1688	3.2679763676903906	0.6712787793720705	0.20541114862666218	LRP1	0.2696214	False
1689	3.2679763676903906	0.6712787793720705	0.20541114862666218	LRP1-AS	0.2696214	False
1690	3.2679763676903906	0.6712787793720705	0.20541114862666218	MIR1228	0.2696214	False
1691	3.2679763676903906	0.6712787793720705	0.20541114862666218	NXPH4	0.2696214	False
1692	3.2679763676903906	0.6712787793720705	0.20541114862666218	SHMT2	0.2696214	False
1693	3.2679763676903906	0.6712787793720705	0.20541114862666218	NDUFA4L2	0.2696214	False
1694	3.2679763676903906	0.6712787793720705	0.20541114862666218	STAC3	0.2696214	False
1695	3.2679763676903906	0.6712787793720705	0.20541114862666218	R3HDM2	0.2696214	False
1696	3.2679763676903906	0.6712787793720705	0.20541114862666218	INHBC	0.2696214	False
1697	3.2679763676903906	0.6712787793720705	0.20541114862666218	INHBE	0.2696214	False
1698	3.2679763676903906	0.6712787793720705	0.20541114862666218	GLI1	0.2696214	False
1699	3.2679763676903906	0.6712787793720705	0.20541114862666218	ARHGAP9	0.2696214	False
1700	3.2679763676903906	0.6712787793720705	0.20541114862666218	MARS	0.2696214	False
1701	3.2679763676903906	0.6712787793720705	0.20541114862666218	MIR6758	0.2696214	False
1702	3.2679763676903906	0.6712787793720705	0.20541114862666218	DDIT3	0.2696214	False
1703	3.2679763676903906	0.6712787793720705	0.20541114862666218	MIR616	0.2696214	False
1704	3.2679763676903906	0.6712787793720705	0.20541114862666218	MBD6	0.2696214	False
1705	3.2679763676903906	0.6712787793720705	0.20541114862666218	DCTN2	0.2696214	False
1706	3.2679763676903906	0.6712787793720705	0.20541114862666218	KIF5A	0.2696214	False
1707	3.2679763676903906	0.6712787793720705	0.20541114862666218	PIP4K2C	0.2696214	False
1708	3.2679763676903906	0.6712787793720705	0.20541114862666218	DTX3	0.2696214	False
1709	3.2679763676903906	0.6712787793720705	0.20541114862666218	ARHGEF25	0.2696214	False
1710	3.2679763676903906	0.6712787793720705	0.20541114862666218	SLC26A10	0.2696214	False
1711	3.2679763676903906	0.6712787793720705	0.20541114862666218	B4GALNT1	0.2696214	False
1712	3.2679763676903906	0.6712787793720705	0.20541114862666218	OS9	0.2696214	False
1713	3.2679763676903906	0.6712787793720705	0.20541114862666218	AGAP2	0.2696214	False
1714	3.2679763676903906	0.6712787793720705	0.20541114862666218	AGAP2-AS1	0.2696214	False
1715	3.2679763676903906	0.6712787793720705	0.20541114862666218	TSPAN31	0.2696214	False
1716	3.2679763676903906	0.6712787793720705	0.20541114862666218	CDK4	0.2696214	False
1717	3.2679763676903906	0.6712787793720705	0.20541114862666218	MARCH9	0.2696214	False
1718	3.2679763676903906	0.6712787793720705	0.20541114862666218	CYP27B1	0.2696214	False
1719	3.2679763676903906	0.6712787793720705	0.20541114862666218	METTL1	0.2696214	False
1720	3.2679763676903906	0.6712787793720705	0.20541114862666218	EEF1AKMT3	0.2696214	False
1721	3.2679763676903906	0.6712787793720705	0.20541114862666218	TSFM	0.2696214	False
1722	3.2679763676903906	0.6712787793720705	0.20541114862666218	AVIL	0.2696214	False
1723	3.2679763676903906	0.6712787793720705	0.20541114862666218	CTDSP2	0.2696214	False
1724	3.2679763676903906	0.6712787793720705	0.20541114862666218	MIR26A2	0.2696214	False
1725	2.9748161020878867	0.4623793784899076	0.15543124772162717	GIHCG	0.26961973	False
1726	2.9748161020878867	0.4623793784899076	0.15543124772162717	ATP23	0.26961973	False
1727	2.9748161020878867	0.4623793784899076	0.15543124772162717	LINC02403	0.26961973	False
1728	2.8827704957303886	0.4637438862687057	0.1608674318526387	LOC100506869	0.26961955	False
1729	2.8827704957303886	0.4637438862687057	0.1608674318526387	LINC02388	0.26961955	False
1730	3.000970864416493	0.6288170825019601	0.2095378832090817	IFNG	0.26962054	False
1731	3.000970864416493	0.6288170825019601	0.2095378832090817	IL26	0.26962054	False
1732	3.000970864416493	0.6288170825019601	0.2095378832090817	IL22	0.26962054	False
1733	3.000970864416493	0.6288170825019601	0.2095378832090817	MDM1	0.26962054	False
1734	3.000970864416493	0.6288170825019601	0.2095378832090817	LINC02384	0.26962054	False
1735	3.000970864416493	0.6288170825019601	0.2095378832090817	RAP1B	0.26962054	False
1736	3.000970864416493	0.6288170825019601	0.2095378832090817	SNORA70G	0.26962054	False
1737	3.000970864416493	0.6288170825019601	0.2095378832090817	LOC100507250	0.26962054	False
1738	3.000970864416493	0.6288170825019601	0.2095378832090817	NUP107	0.26962054	False
1739	3.000970864416493	0.6288170825019601	0.2095378832090817	SLC35E3	0.26962054	False
1740	3.000970864416493	0.6288170825019601	0.2095378832090817	MDM2	0.26962054	False
1741	3.094285186211033	0.731620066188664	0.2364423516775247	TMTC3	0.26962122	False
1742	3.094285186211033	0.731620066188664	0.2364423516775247	KITLG	0.26962122	False
1743	3.065307490088824	0.6587327501998188	0.21489940318539807	LINC02458	0.269621	False
1744	3.234439868980113	0.873083600754266	0.2699334772390027	DUSP6	0.2696225	False
1745	3.234439868980113	0.873083600754266	0.2699334772390027	POC1B	0.2696225	False
1746	3.234439868980113	0.873083600754266	0.2699334772390027	GALNT4	0.2696225	False
1747	3.234439868980113	0.873083600754266	0.2699334772390027	POC1B-GALNT4	0.2696225	False
1748	3.234439868980113	0.873083600754266	0.2699334772390027	ATP2B1	0.2696225	False
1749	3.234439868980113	0.873083600754266	0.2699334772390027	ATP2B1-AS1	0.2696225	False
1750	3.092726556465568	0.6572121647678087	0.21250251283737298	LINC02399	0.26962093	False
1751	3.1119047312616965	0.6977367731439	0.22421533864277662	LINC02392	0.26962128	False
1752	3.0152394808007936	0.5503332564957626	0.18251726272488444	CCER1	0.26962024	False
1753	3.0152394808007936	0.5503332564957626	0.18251726272488444	LINC00615	0.26962024	False
1754	3.0152394808007936	0.5503332564957626	0.18251726272488444	EPYC	0.26962024	False
1755	3.0152394808007936	0.5503332564957626	0.18251726272488444	KERA	0.26962024	False
1756	3.037456926875597	0.6071196148985579	0.19987760469184862	LUM	0.26962054	False
1757	3.037456926875597	0.6071196148985579	0.19987760469184862	DCN	0.26962054	False
1758	2.9487934702071765	0.49312640249769846	0.16722988825088939	LINC01619	0.26961988	False
1759	2.978134270676688	0.5698816950515273	0.1913552725485542	BTG1	0.26962012	False
1760	2.978134270676688	0.5698816950515273	0.1913552725485542	LOC101928617	0.26962012	False
1761	2.978134270676688	0.5698816950515273	0.1913552725485542	CLLU1OS	0.26962012	False
1762	2.978134270676688	0.5698816950515273	0.1913552725485542	CLLU1	0.26962012	False
1763	2.978134270676688	0.5698816950515273	0.1913552725485542	C12orf74	0.26962012	False
1764	2.978134270676688	0.5698816950515273	0.1913552725485542	PLEKHG7	0.26962012	False
1765	3.2893813712998234	0.8497006311460823	0.25831624102933276	OR4K5	0.26962236	False
1766	3.2893813712998234	0.8497006311460823	0.25831624102933276	OR4K1	0.26962236	False
1767	3.2893813712998234	0.8497006311460823	0.25831624102933276	OR4K15	0.26962236	False
1768	3.2893813712998234	0.8497006311460823	0.25831624102933276	OR4K14	0.26962236	False
1769	3.2893813712998234	0.8497006311460823	0.25831624102933276	OR4K13	0.26962236	False
1770	3.2893813712998234	0.8497006311460823	0.25831624102933276	OR4L1	0.26962236	False
1771	3.2893813712998234	0.8497006311460823	0.25831624102933276	OR4K17	0.26962236	False
1772	3.2893813712998234	0.8497006311460823	0.25831624102933276	OR4N5	0.26962236	False
1773	3.2893813712998234	0.8497006311460823	0.25831624102933276	OR11G2	0.26962236	False
1774	3.2893813712998234	0.8497006311460823	0.25831624102933276	OR11H6	0.26962236	False
1775	3.2893813712998234	0.8497006311460823	0.25831624102933276	OR11H4	0.26962236	False
1776	3.2893813712998234	0.8497006311460823	0.25831624102933276	TTC5	0.26962236	False
1777	3.2893813712998234	0.8497006311460823	0.25831624102933276	CCNB1IP1	0.26962236	False
1778	3.2893813712998234	0.8497006311460823	0.25831624102933276	SNORD126	0.26962236	False
1779	3.2893813712998234	0.8497006311460823	0.25831624102933276	RPPH1	0.26962236	False
1780	3.2893813712998234	0.8497006311460823	0.25831624102933276	PARP2	0.26962236	False
1781	3.2893813712998234	0.8497006311460823	0.25831624102933276	TEP1	0.26962236	False
1782	3.2893813712998234	0.8497006311460823	0.25831624102933276	KLHL33	0.26962236	False
1783	3.2893813712998234	0.8497006311460823	0.25831624102933276	OSGEP	0.26962236	False
1784	3.2893813712998234	0.8497006311460823	0.25831624102933276	APEX1	0.26962236	False
1785	3.2893813712998234	0.8497006311460823	0.25831624102933276	PIP4P1	0.26962236	False
1786	3.2893813712998234	0.8497006311460823	0.25831624102933276	PNP	0.26962236	False
1787	3.2893813712998234	0.8497006311460823	0.25831624102933276	RNASE10	0.26962236	False
1788	3.2893813712998234	0.8497006311460823	0.25831624102933276	RNASE9	0.26962236	False
1789	3.2893813712998234	0.8497006311460823	0.25831624102933276	RNASE11	0.26962236	False
1790	3.2893813712998234	0.8497006311460823	0.25831624102933276	LOC254028	0.26962236	False
1791	3.2893813712998234	0.8497006311460823	0.25831624102933276	RNASE12	0.26962236	False
1792	3.2893813712998234	0.8497006311460823	0.25831624102933276	OR6S1	0.26962236	False
1793	3.2893813712998234	0.8497006311460823	0.25831624102933276	RNASE4	0.26962236	False
1794	3.2893813712998234	0.8497006311460823	0.25831624102933276	ANG	0.26962236	False
1795	3.2893813712998234	0.8497006311460823	0.25831624102933276	EDDM3A	0.26962236	False
1796	3.2893813712998234	0.8497006311460823	0.25831624102933276	EDDM3B	0.26962236	False
1797	3.2893813712998234	0.8497006311460823	0.25831624102933276	RNASE6	0.26962236	False
1798	3.2893813712998234	0.8497006311460823	0.25831624102933276	RNASE1	0.26962236	False
1799	3.2893813712998234	0.8497006311460823	0.25831624102933276	RNASE3	0.26962236	False
1800	3.188010657284568	0.6917275301816842	0.21697779729847977	ECRP	0.26962143	False
1801	3.188010657284568	0.6917275301816842	0.21697779729847977	RNASE2	0.26962143	False
1802	3.188010657284568	0.6917275301816842	0.21697779729847977	METTL17	0.26962143	False
1803	3.188010657284568	0.6917275301816842	0.21697779729847977	LOC101929718	0.26962143	False
1804	3.188010657284568	0.6917275301816842	0.21697779729847977	SLC39A2	0.26962143	False
1805	3.188010657284568	0.6917275301816842	0.21697779729847977	NDRG2	0.26962143	False
1806	3.188010657284568	0.6917275301816842	0.21697779729847977	MIR6717	0.26962143	False
1807	3.188010657284568	0.6917275301816842	0.21697779729847977	TPPP2	0.26962143	False
1808	3.188010657284568	0.6917275301816842	0.21697779729847977	RNASE13	0.26962143	False
1809	3.188010657284568	0.6917275301816842	0.21697779729847977	RNASE7	0.26962143	False
1810	3.188010657284568	0.6917275301816842	0.21697779729847977	RNASE8	0.26962143	False
1811	3.188010657284568	0.6917275301816842	0.21697779729847977	ARHGEF40	0.26962143	False
1812	3.188010657284568	0.6917275301816842	0.21697779729847977	ZNF219	0.26962143	False
1813	3.188010657284568	0.6917275301816842	0.21697779729847977	TMEM253	0.26962143	False
1814	3.188010657284568	0.6917275301816842	0.21697779729847977	OR5AU1	0.26962143	False
1815	3.188010657284568	0.6917275301816842	0.21697779729847977	LINC00641	0.26962143	False
1816	3.188010657284568	0.6917275301816842	0.21697779729847977	HNRNPC	0.26962143	False
1817	3.188010657284568	0.6917275301816842	0.21697779729847977	RPGRIP1	0.26962143	False
1818	3.188010657284568	0.6917275301816842	0.21697779729847977	SUPT16H	0.26962143	False
1819	3.188010657284568	0.6917275301816842	0.21697779729847977	CHD8	0.26962143	False
1820	3.188010657284568	0.6917275301816842	0.21697779729847977	SNORD9	0.26962143	False
1821	3.188010657284568	0.6917275301816842	0.21697779729847977	SNORD8	0.26962143	False
1822	3.188010657284568	0.6917275301816842	0.21697779729847977	RAB2B	0.26962143	False
1823	3.188010657284568	0.6917275301816842	0.21697779729847977	TOX4	0.26962143	False
1824	3.188010657284568	0.6917275301816842	0.21697779729847977	METTL3	0.26962143	False
1825	3.188010657284568	0.6917275301816842	0.21697779729847977	SALL2	0.26962143	False
1826	3.188010657284568	0.6917275301816842	0.21697779729847977	OR10G3	0.26962143	False
1827	3.188010657284568	0.6917275301816842	0.21697779729847977	OR10G2	0.26962143	False
1828	3.188010657284568	0.6917275301816842	0.21697779729847977	OR4E2	0.26962143	False
1829	3.1545097784780802	0.6064374986030893	0.1922446088899652	DAD1	0.2696209	False
1830	3.1545097784780802	0.6064374986030893	0.1922446088899652	ABHD4	0.2696209	False
1831	3.1545097784780802	0.6064374986030893	0.1922446088899652	OXA1L	0.2696209	False
1832	3.1545097784780802	0.6064374986030893	0.1922446088899652	SLC7A7	0.2696209	False
1833	3.1545097784780802	0.6064374986030893	0.1922446088899652	MRPL52	0.2696209	False
1834	3.1545097784780802	0.6064374986030893	0.1922446088899652	MMP14	0.2696209	False
1835	3.1545097784780802	0.6064374986030893	0.1922446088899652	LRP10	0.2696209	False
1836	3.1545097784780802	0.6064374986030893	0.1922446088899652	REM2	0.2696209	False
1837	3.1234608005818005	0.5492954023327244	0.1758611480670442	RBM23	0.2696204	False
1838	3.1234608005818005	0.5492954023327244	0.1758611480670442	PRMT5-AS1	0.2696204	False
1839	3.1234608005818005	0.5492954023327244	0.1758611480670442	PRMT5	0.2696204	False
1840	3.1234608005818005	0.5492954023327244	0.1758611480670442	LOC101926933	0.2696204	False
1841	3.1234608005818005	0.5492954023327244	0.1758611480670442	HAUS4	0.2696204	False
1842	3.1234608005818005	0.5492954023327244	0.1758611480670442	MIR4707	0.2696204	False
1843	3.1234608005818005	0.5492954023327244	0.1758611480670442	AJUBA	0.2696204	False
1844	3.1234608005818005	0.5492954023327244	0.1758611480670442	C14orf93	0.2696204	False
1845	3.1234608005818005	0.5492954023327244	0.1758611480670442	PSMB5	0.2696204	False
1846	3.1234608005818005	0.5492954023327244	0.1758611480670442	PSMB11	0.2696204	False
1847	3.1234608005818005	0.5492954023327244	0.1758611480670442	CDH24	0.2696204	False
1848	3.1234608005818005	0.5492954023327244	0.1758611480670442	ACIN1	0.2696204	False
1849	3.1234608005818005	0.5492954023327244	0.1758611480670442	C14orf119	0.2696204	False
1850	3.167505799929782	0.6216505690773607	0.19625869953928468	CEBPE	0.2696209	False
1851	3.167505799929782	0.6216505690773607	0.19625869953928468	SLC7A8	0.2696209	False
1852	3.167505799929782	0.6216505690773607	0.19625869953928468	RNF212B	0.2696209	False
1853	3.167505799929782	0.6216505690773607	0.19625869953928468	HOMEZ	0.2696209	False
1854	3.167505799929782	0.6216505690773607	0.19625869953928468	PPP1R3E	0.2696209	False
1855	3.167505799929782	0.6216505690773607	0.19625869953928468	BCL2L2-PABPN1	0.2696209	False
1856	3.167505799929782	0.6216505690773607	0.19625869953928468	BCL2L2	0.2696209	False
1857	3.167505799929782	0.6216505690773607	0.19625869953928468	PABPN1	0.2696209	False
1858	3.167505799929782	0.6216505690773607	0.19625869953928468	SLC22A17	0.2696209	False
1859	3.167505799929782	0.6216505690773607	0.19625869953928468	EFS	0.2696209	False
1860	3.167505799929782	0.6216505690773607	0.19625869953928468	IL25	0.2696209	False
1861	3.167505799929782	0.6216505690773607	0.19625869953928468	CMTM5	0.2696209	False
1862	3.167505799929782	0.6216505690773607	0.19625869953928468	MYH6	0.2696209	False
1863	3.167505799929782	0.6216505690773607	0.19625869953928468	MIR208A	0.2696209	False
1864	3.167505799929782	0.6216505690773607	0.19625869953928468	MYH7	0.2696209	False
1865	3.167505799929782	0.6216505690773607	0.19625869953928468	MIR208B	0.2696209	False
1866	3.167505799929782	0.6216505690773607	0.19625869953928468	NGDN	0.2696209	False
1867	3.167505799929782	0.6216505690773607	0.19625869953928468	THTPA	0.2696209	False
1868	3.167505799929782	0.6216505690773607	0.19625869953928468	ZFHX2	0.2696209	False
1869	3.167505799929782	0.6216505690773607	0.19625869953928468	AP1G2	0.2696209	False
1870	3.167505799929782	0.6216505690773607	0.19625869953928468	LOC102724814	0.2696209	False
1871	3.167505799929782	0.6216505690773607	0.19625869953928468	JPH4	0.2696209	False
1872	3.167505799929782	0.6216505690773607	0.19625869953928468	DHRS2	0.2696209	False
1873	3.100311721176878	0.5607209664765563	0.18085954475045715	DHRS4-AS1	0.26962048	False
1874	3.100311721176878	0.5607209664765563	0.18085954475045715	DHRS4	0.26962048	False
1875	3.100311721176878	0.5607209664765563	0.18085954475045715	DHRS4L2	0.26962048	False
1876	3.100311721176878	0.5607209664765563	0.18085954475045715	CARMIL3	0.26962048	False
1877	3.100311721176878	0.5607209664765563	0.18085954475045715	CPNE6	0.26962048	False
1878	3.100311721176878	0.5607209664765563	0.18085954475045715	NRL	0.26962048	False
1879	3.100311721176878	0.5607209664765563	0.18085954475045715	PCK2	0.26962048	False
1880	3.163879929072831	0.6738788378538827	0.21299128063034983	DCAF11	0.26962113	False
1881	3.163879929072831	0.6738788378538827	0.21299128063034983	FITM1	0.26962113	False
1882	3.163879929072831	0.6738788378538827	0.21299128063034983	PSME1	0.26962113	False
1883	3.163879929072831	0.6738788378538827	0.21299128063034983	EMC9	0.26962113	False
1884	3.163879929072831	0.6738788378538827	0.21299128063034983	PSME2	0.26962113	False
1885	3.163879929072831	0.6738788378538827	0.21299128063034983	MIR7703	0.26962113	False
1886	3.163879929072831	0.6738788378538827	0.21299128063034983	RNF31	0.26962113	False
1887	3.163879929072831	0.6738788378538827	0.21299128063034983	IRF9	0.26962113	False
1888	3.163879929072831	0.6738788378538827	0.21299128063034983	REC8	0.26962113	False
1889	3.163879929072831	0.6738788378538827	0.21299128063034983	IPO4	0.26962113	False
1890	3.163879929072831	0.6738788378538827	0.21299128063034983	TM9SF1	0.26962113	False
1891	3.163879929072831	0.6738788378538827	0.21299128063034983	TSSK4	0.26962113	False
1892	3.163879929072831	0.6738788378538827	0.21299128063034983	CHMP4A	0.26962113	False
1893	3.163879929072831	0.6738788378538827	0.21299128063034983	MDP1	0.26962113	False
1894	3.163879929072831	0.6738788378538827	0.21299128063034983	NEDD8-MDP1	0.26962113	False
1895	3.163879929072831	0.6738788378538827	0.21299128063034983	NEDD8	0.26962113	False
1896	3.163879929072831	0.6738788378538827	0.21299128063034983	GMPR2	0.26962113	False
1897	3.163879929072831	0.6738788378538827	0.21299128063034983	TINF2	0.26962113	False
1898	3.163879929072831	0.6738788378538827	0.21299128063034983	TGM1	0.26962113	False
1899	3.163879929072831	0.6738788378538827	0.21299128063034983	RABGGTA	0.26962113	False
1900	3.163879929072831	0.6738788378538827	0.21299128063034983	DHRS1	0.26962113	False
1901	3.163879929072831	0.6738788378538827	0.21299128063034983	NOP9	0.26962113	False
1902	3.163879929072831	0.6738788378538827	0.21299128063034983	CIDEB	0.26962113	False
1903	3.163879929072831	0.6738788378538827	0.21299128063034983	LTB4R2	0.26962113	False
1904	3.163879929072831	0.6738788378538827	0.21299128063034983	LTB4R	0.26962113	False
1905	3.163879929072831	0.6738788378538827	0.21299128063034983	ADCY4	0.26962113	False
1906	3.163879929072831	0.6738788378538827	0.21299128063034983	RIPK3	0.26962113	False
1907	3.163879929072831	0.6738788378538827	0.21299128063034983	NFATC4	0.26962113	False
1908	3.163879929072831	0.6738788378538827	0.21299128063034983	NYNRIN	0.26962113	False
1909	3.163879929072831	0.6738788378538827	0.21299128063034983	CBLN3	0.26962113	False
1910	3.163879929072831	0.6738788378538827	0.21299128063034983	KHNYN	0.26962113	False
1911	3.163879929072831	0.6738788378538827	0.21299128063034983	SDR39U1	0.26962113	False
1912	3.163879929072831	0.6738788378538827	0.21299128063034983	CMA1	0.26962113	False
1913	3.163879929072831	0.6738788378538827	0.21299128063034983	CTSG	0.26962113	False
1914	3.163879929072831	0.6738788378538827	0.21299128063034983	GZMH	0.26962113	False
1915	3.163879929072831	0.6738788378538827	0.21299128063034983	GZMB	0.26962113	False
1916	2.9094438066755663	0.452847136014131	0.1556473216547771	STXBP6	0.26961958	False
1917	2.977511571979266	0.5677328686035754	0.19067360608986034	VCPKMT	0.2696202	False
1918	2.977511571979266	0.5677328686035754	0.19067360608986034	SOS2	0.2696202	False
1919	2.977511571979266	0.5677328686035754	0.19067360608986034	L2HGDH	0.2696202	False
1920	2.977511571979266	0.5677328686035754	0.19067360608986034	MIR4504	0.2696202	False
1921	2.977511571979266	0.5677328686035754	0.19067360608986034	DMAC2L	0.2696202	False
1922	2.977511571979266	0.5677328686035754	0.19067360608986034	CDKL1	0.2696202	False
1923	2.977511571979266	0.5677328686035754	0.19067360608986034	MAP4K5	0.2696202	False
1924	2.977511571979266	0.5677328686035754	0.19067360608986034	ATL1	0.2696202	False
1925	2.977511571979266	0.5677328686035754	0.19067360608986034	SAV1	0.2696202	False
1926	2.977511571979266	0.5677328686035754	0.19067360608986034	NIN	0.2696202	False
1927	2.977511571979266	0.5677328686035754	0.19067360608986034	LOC105370489	0.2696202	False
1928	2.9403220739537983	0.4438137900485888	0.15094053606576519	BUB1B	0.2696196	False
1929	2.9403220739537983	0.4438137900485888	0.15094053606576519	BUB1B-PAK6	0.2696196	False
1930	2.9403220739537983	0.4438137900485888	0.15094053606576519	PAK6	0.2696196	False
1931	2.9403220739537983	0.4438137900485888	0.15094053606576519	C15orf56	0.2696196	False
1932	2.9403220739537983	0.4438137900485888	0.15094053606576519	PLCB2	0.2696196	False
1933	2.9403220739537983	0.4438137900485888	0.15094053606576519	ANKRD63	0.2696196	False
1934	2.9403220739537983	0.4438137900485888	0.15094053606576519	CCDC9B	0.2696196	False
1935	2.9403220739537983	0.4438137900485888	0.15094053606576519	PHGR1	0.2696196	False
1936	2.9403220739537983	0.4438137900485888	0.15094053606576519	DISP2	0.2696196	False
1937	2.9403220739537983	0.4438137900485888	0.15094053606576519	KNSTRN	0.2696196	False
1938	2.9403220739537983	0.4438137900485888	0.15094053606576519	IVD	0.2696196	False
1939	2.9403220739537983	0.4438137900485888	0.15094053606576519	BAHD1	0.2696196	False
1940	2.9403220739537983	0.4438137900485888	0.15094053606576519	CHST14	0.2696196	False
1941	2.9403220739537983	0.4438137900485888	0.15094053606576519	CCDC32	0.2696196	False
1942	2.9403220739537983	0.4438137900485888	0.15094053606576519	RPUSD2	0.2696196	False
1943	2.9403220739537983	0.4438137900485888	0.15094053606576519	KNL1	0.2696196	False
1944	2.9403220739537983	0.4438137900485888	0.15094053606576519	RAD51-AS1	0.2696196	False
1945	2.9403220739537983	0.4438137900485888	0.15094053606576519	RAD51	0.2696196	False
1946	2.9403220739537983	0.4438137900485888	0.15094053606576519	RMDN3	0.2696196	False
1947	2.9403220739537983	0.4438137900485888	0.15094053606576519	GCHFR	0.2696196	False
1948	2.9403220739537983	0.4438137900485888	0.15094053606576519	DNAJC17	0.2696196	False
1949	2.9403220739537983	0.4438137900485888	0.15094053606576519	C15orf62	0.2696196	False
1950	2.9403220739537983	0.4438137900485888	0.15094053606576519	ZFYVE19	0.2696196	False
1951	2.9403220739537983	0.4438137900485888	0.15094053606576519	PPP1R14D	0.2696196	False
1952	2.9403220739537983	0.4438137900485888	0.15094053606576519	SPINT1	0.2696196	False
1953	2.9403220739537983	0.4438137900485888	0.15094053606576519	RHOV	0.2696196	False
1954	2.96079271169356	0.4296858523097471	0.14512527358390068	LMF1	0.2696194	False
1955	2.96079271169356	0.4296858523097471	0.14512527358390068	LMF1-AS1	0.2696194	False
1956	2.96079271169356	0.4296858523097471	0.14512527358390068	SOX8	0.2696194	False
1957	2.96079271169356	0.4296858523097471	0.14512527358390068	SSTR5-AS1	0.2696194	False
1958	2.96079271169356	0.4296858523097471	0.14512527358390068	SSTR5	0.2696194	False
1959	2.96079271169356	0.4296858523097471	0.14512527358390068	C1QTNF8	0.2696194	False
1960	2.96079271169356	0.4296858523097471	0.14512527358390068	CACNA1H	0.2696194	False
1961	2.96079271169356	0.4296858523097471	0.14512527358390068	TPSG1	0.2696194	False
1962	2.96079271169356	0.4296858523097471	0.14512527358390068	TPSB2	0.2696194	False
1963	2.96079271169356	0.4296858523097471	0.14512527358390068	TPSAB1	0.2696194	False
1964	2.96079271169356	0.4296858523097471	0.14512527358390068	TPSD1	0.2696194	False
1965	2.96079271169356	0.4296858523097471	0.14512527358390068	UBE2I	0.2696194	False
1966	2.96079271169356	0.4296858523097471	0.14512527358390068	BAIAP3	0.2696194	False
1967	2.96079271169356	0.4296858523097471	0.14512527358390068	TSR3	0.2696194	False
1968	2.96079271169356	0.4296858523097471	0.14512527358390068	GNPTG	0.2696194	False
1969	2.96079271169356	0.4296858523097471	0.14512527358390068	UNKL	0.2696194	False
1970	2.96079271169356	0.4296858523097471	0.14512527358390068	C16orf91	0.2696194	False
1971	2.96079271169356	0.4296858523097471	0.14512527358390068	CCDC154	0.2696194	False
1972	2.96079271169356	0.4296858523097471	0.14512527358390068	CLCN7	0.2696194	False
1973	2.96079271169356	0.4296858523097471	0.14512527358390068	PTX4	0.2696194	False
1974	2.96079271169356	0.4296858523097471	0.14512527358390068	TELO2	0.2696194	False
1975	2.96079271169356	0.4296858523097471	0.14512527358390068	IFT140	0.2696194	False
1976	2.96079271169356	0.4296858523097471	0.14512527358390068	TMEM204	0.2696194	False
1977	2.96079271169356	0.4296858523097471	0.14512527358390068	LOC105371046	0.2696194	False
1978	2.96079271169356	0.4296858523097471	0.14512527358390068	CRAMP1	0.2696194	False
1979	2.96079271169356	0.4296858523097471	0.14512527358390068	JPT2	0.2696194	False
1980	2.96079271169356	0.4296858523097471	0.14512527358390068	MAPK8IP3	0.2696194	False
1981	2.96079271169356	0.4296858523097471	0.14512527358390068	MIR3177	0.2696194	False
1982	2.96079271169356	0.4296858523097471	0.14512527358390068	NME3	0.2696194	False
1983	2.96079271169356	0.4296858523097471	0.14512527358390068	MRPS34	0.2696194	False
1984	2.96079271169356	0.4296858523097471	0.14512527358390068	EME2	0.2696194	False
1985	2.96079271169356	0.4296858523097471	0.14512527358390068	SPSB3	0.2696194	False
1986	2.96079271169356	0.4296858523097471	0.14512527358390068	NUBP2	0.2696194	False
1987	2.96079271169356	0.4296858523097471	0.14512527358390068	IGFALS	0.2696194	False
1988	2.96079271169356	0.4296858523097471	0.14512527358390068	HAGH	0.2696194	False
1989	2.96079271169356	0.4296858523097471	0.14512527358390068	FAHD1	0.2696194	False
1990	2.96079271169356	0.4296858523097471	0.14512527358390068	MEIOB	0.2696194	False
1991	2.96079271169356	0.4296858523097471	0.14512527358390068	LINC00254	0.2696194	False
1992	2.933603408571327	0.36902803739131596	0.1257934308070066	HS3ST6	0.26961914	False
1993	2.933603408571327	0.36902803739131596	0.1257934308070066	MSRB1	0.26961914	False
1994	2.933603408571327	0.36902803739131596	0.1257934308070066	RPL3L	0.26961914	False
1995	2.933603408571327	0.36902803739131596	0.1257934308070066	NDUFB10	0.26961914	False
1996	2.933603408571327	0.36902803739131596	0.1257934308070066	RPS2	0.26961914	False
1997	2.933603408571327	0.36902803739131596	0.1257934308070066	SNORA10	0.26961914	False
1998	2.933603408571327	0.36902803739131596	0.1257934308070066	SNORA64	0.26961914	False
1999	2.933603408571327	0.36902803739131596	0.1257934308070066	SNHG9	0.26961914	False
2000	2.933603408571327	0.36902803739131596	0.1257934308070066	SNORA78	0.26961914	False
2001	2.933603408571327	0.36902803739131596	0.1257934308070066	RNF151	0.26961914	False
2002	2.933603408571327	0.36902803739131596	0.1257934308070066	TBL3	0.26961914	False
2003	2.933603408571327	0.36902803739131596	0.1257934308070066	NOXO1	0.26961914	False
2004	2.933603408571327	0.36902803739131596	0.1257934308070066	GFER	0.26961914	False
2005	2.933603408571327	0.36902803739131596	0.1257934308070066	SYNGR3	0.26961914	False
2006	2.933603408571327	0.36902803739131596	0.1257934308070066	ZNF598	0.26961914	False
2007	2.933603408571327	0.36902803739131596	0.1257934308070066	NPW	0.26961914	False
2008	2.933603408571327	0.36902803739131596	0.1257934308070066	SLC9A3R2	0.26961914	False
2009	2.933603408571327	0.36902803739131596	0.1257934308070066	NTHL1	0.26961914	False
2010	2.933603408571327	0.36902803739131596	0.1257934308070066	TSC2	0.26961914	False
2011	2.933603408571327	0.36902803739131596	0.1257934308070066	PKD1	0.26961914	False
2012	2.933603408571327	0.36902803739131596	0.1257934308070066	MIR1225	0.26961914	False
2013	2.933603408571327	0.36902803739131596	0.1257934308070066	LOC105371049	0.26961914	False
2014	2.933603408571327	0.36902803739131596	0.1257934308070066	MIR4516	0.26961914	False
2015	2.933603408571327	0.36902803739131596	0.1257934308070066	MIR3180-5	0.26961914	False
2016	2.933603408571327	0.36902803739131596	0.1257934308070066	RAB26	0.26961914	False
2017	2.933603408571327	0.36902803739131596	0.1257934308070066	SNHG19	0.26961914	False
2018	2.933603408571327	0.36902803739131596	0.1257934308070066	SNORD60	0.26961914	False
2019	2.933603408571327	0.36902803739131596	0.1257934308070066	TRAF7	0.26961914	False
2020	2.933603408571327	0.36902803739131596	0.1257934308070066	CASKIN1	0.26961914	False
2021	2.933603408571327	0.36902803739131596	0.1257934308070066	MLST8	0.26961914	False
2022	2.933603408571327	0.36902803739131596	0.1257934308070066	BRICD5	0.26961914	False
2023	2.933603408571327	0.36902803739131596	0.1257934308070066	PGP	0.26961914	False
2024	2.933603408571327	0.36902803739131596	0.1257934308070066	E4F1	0.26961914	False
2025	2.933603408571327	0.36902803739131596	0.1257934308070066	DNASE1L2	0.26961914	False
2026	2.933603408571327	0.36902803739131596	0.1257934308070066	ECI1	0.26961914	False
2027	2.933603408571327	0.36902803739131596	0.1257934308070066	RNPS1	0.26961914	False
2028	2.933603408571327	0.36902803739131596	0.1257934308070066	LOC106660606	0.26961914	False
2029	2.933603408571327	0.36902803739131596	0.1257934308070066	MIR3677	0.26961914	False
2030	2.933603408571327	0.36902803739131596	0.1257934308070066	MIR940	0.26961914	False
2031	2.933603408571327	0.36902803739131596	0.1257934308070066	MIR4717	0.26961914	False
2032	2.933603408571327	0.36902803739131596	0.1257934308070066	ABCA3	0.26961914	False
2033	2.933603408571327	0.36902803739131596	0.1257934308070066	CCNF	0.26961914	False
2034	2.933603408571327	0.36902803739131596	0.1257934308070066	TEDC2	0.26961914	False
2035	2.933603408571327	0.36902803739131596	0.1257934308070066	MIR6768	0.26961914	False
2036	2.933603408571327	0.36902803739131596	0.1257934308070066	LOC729652	0.26961914	False
2037	2.933603408571327	0.36902803739131596	0.1257934308070066	NTN3	0.26961914	False
2038	2.933603408571327	0.36902803739131596	0.1257934308070066	TBC1D24	0.26961914	False
2039	2.933603408571327	0.36902803739131596	0.1257934308070066	ATP6V0C	0.26961914	False
2040	2.933603408571327	0.36902803739131596	0.1257934308070066	AMDHD2	0.26961914	False
2041	2.933603408571327	0.36902803739131596	0.1257934308070066	CEMP1	0.26961914	False
2042	2.933603408571327	0.36902803739131596	0.1257934308070066	MIR3178	0.26961914	False
2043	2.933603408571327	0.36902803739131596	0.1257934308070066	PDPK1	0.26961914	False
2044	2.933603408571327	0.36902803739131596	0.1257934308070066	ERVK13-1	0.26961914	False
2045	2.933603408571327	0.36902803739131596	0.1257934308070066	KCTD5	0.26961914	False
2046	2.933603408571327	0.36902803739131596	0.1257934308070066	PRSS27	0.26961914	False
2047	2.933603408571327	0.36902803739131596	0.1257934308070066	SRRM2-AS1	0.26961914	False
2048	2.933603408571327	0.36902803739131596	0.1257934308070066	SRRM2	0.26961914	False
2049	2.933603408571327	0.36902803739131596	0.1257934308070066	ELOB	0.26961914	False
2050	2.933603408571327	0.36902803739131596	0.1257934308070066	PRSS33	0.26961914	False
2051	2.933603408571327	0.36902803739131596	0.1257934308070066	PRSS21	0.26961914	False
2052	2.933603408571327	0.36902803739131596	0.1257934308070066	ZG16B	0.26961914	False
2053	2.933603408571327	0.36902803739131596	0.1257934308070066	PRSS22	0.26961914	False
2054	2.933603408571327	0.36902803739131596	0.1257934308070066	FLYWCH2	0.26961914	False
2055	2.7597750391373577	0.2886008108221546	0.10457403474174641	FLYWCH1	0.26961863	False
2056	2.7597750391373577	0.2886008108221546	0.10457403474174641	KREMEN2	0.26961863	False
2057	2.7597750391373577	0.2886008108221546	0.10457403474174641	PKMYT1	0.26961863	False
2058	2.7597750391373577	0.2886008108221546	0.10457403474174641	PAQR4	0.26961863	False
2059	2.7597750391373577	0.2886008108221546	0.10457403474174641	LOC101929613	0.26961863	False
2060	2.7597750391373577	0.2886008108221546	0.10457403474174641	LINC00514	0.26961863	False
2061	2.7597750391373577	0.2886008108221546	0.10457403474174641	CLDN9	0.26961863	False
2062	2.7597750391373577	0.2886008108221546	0.10457403474174641	CLDN6	0.26961863	False
2063	2.7597750391373577	0.2886008108221546	0.10457403474174641	TNFRSF12A	0.26961863	False
2064	2.7597750391373577	0.2886008108221546	0.10457403474174641	HCFC1R1	0.26961863	False
2065	2.7597750391373577	0.2886008108221546	0.10457403474174641	THOC6	0.26961863	False
2066	2.7597750391373577	0.2886008108221546	0.10457403474174641	BICDL2	0.26961863	False
2067	2.7597750391373577	0.2886008108221546	0.10457403474174641	LOC100128770	0.26961863	False
2068	2.7597750391373577	0.2886008108221546	0.10457403474174641	MMP25	0.26961863	False
2069	2.7597750391373577	0.2886008108221546	0.10457403474174641	MMP25-AS1	0.26961863	False
2070	2.7597750391373577	0.2886008108221546	0.10457403474174641	IL32	0.26961863	False
2071	2.7597750391373577	0.2886008108221546	0.10457403474174641	ZSCAN10	0.26961863	False
2072	2.7597750391373577	0.2886008108221546	0.10457403474174641	ZNF205-AS1	0.26961863	False
2073	2.7597750391373577	0.2886008108221546	0.10457403474174641	ZNF205	0.26961863	False
2074	2.7597750391373577	0.2886008108221546	0.10457403474174641	ZNF213-AS1	0.26961863	False
2075	2.7597750391373577	0.2886008108221546	0.10457403474174641	ZNF213	0.26961863	False
2076	2.7597750391373577	0.2886008108221546	0.10457403474174641	OR1F1	0.26961863	False
2077	2.7597750391373577	0.2886008108221546	0.10457403474174641	ZNF200	0.26961863	False
2078	2.7597750391373577	0.2886008108221546	0.10457403474174641	MEFV	0.26961863	False
2079	2.7597750391373577	0.2886008108221546	0.10457403474174641	LINC00921	0.26961863	False
2080	2.7597750391373577	0.2886008108221546	0.10457403474174641	ZNF263	0.26961863	False
2081	2.7597750391373577	0.2886008108221546	0.10457403474174641	TIGD7	0.26961863	False
2082	2.7597750391373577	0.2886008108221546	0.10457403474174641	ZNF75A	0.26961863	False
2083	2.7597750391373577	0.2886008108221546	0.10457403474174641	OR2C1	0.26961863	False
2084	2.7597750391373577	0.2886008108221546	0.10457403474174641	NAA60	0.26961863	False
2085	2.7597750391373577	0.2886008108221546	0.10457403474174641	MTRNR2L4	0.26961863	False
2086	2.7597750391373577	0.2886008108221546	0.10457403474174641	ZSCAN32	0.26961863	False
2087	2.7597750391373577	0.2886008108221546	0.10457403474174641	ZNF174	0.26961863	False
2088	2.7597750391373577	0.2886008108221546	0.10457403474174641	ZNF597	0.26961863	False
2089	2.7597750391373577	0.2886008108221546	0.10457403474174641	CLUAP1	0.26961863	False
2090	2.7597750391373577	0.2886008108221546	0.10457403474174641	MIR6126	0.26961863	False
2091	2.7597750391373577	0.2886008108221546	0.10457403474174641	C16orf90	0.26961863	False
2092	2.7597750391373577	0.2886008108221546	0.10457403474174641	NLRC3	0.26961863	False
2093	2.7597750391373577	0.2886008108221546	0.10457403474174641	SLX4	0.26961863	False
2094	2.7597750391373577	0.2886008108221546	0.10457403474174641	DNASE1	0.26961863	False
2095	2.7597750391373577	0.2886008108221546	0.10457403474174641	TRAP1	0.26961863	False
2096	2.7597750391373577	0.2886008108221546	0.10457403474174641	CREBBP	0.26961863	False
2097	2.9057653870869715	0.4284538392876626	0.14744956395711886	BCKDK	0.2696195	False
2098	2.9057653870869715	0.4284538392876626	0.14744956395711886	KAT8	0.2696195	False
2099	2.9057653870869715	0.4284538392876626	0.14744956395711886	PRSS8	0.2696195	False
2100	2.9057653870869715	0.4284538392876626	0.14744956395711886	PRSS36	0.2696195	False
2101	2.9057653870869715	0.4284538392876626	0.14744956395711886	FUS	0.2696195	False
2102	2.9057653870869715	0.4284538392876626	0.14744956395711886	PYCARD	0.2696195	False
2103	2.9057653870869715	0.4284538392876626	0.14744956395711886	PYCARD-AS1	0.2696195	False
2104	2.9057653870869715	0.4284538392876626	0.14744956395711886	TRIM72	0.2696195	False
2105	2.9057653870869715	0.4284538392876626	0.14744956395711886	PYDC1	0.2696195	False
2106	2.9057653870869715	0.4284538392876626	0.14744956395711886	ITGAM	0.2696195	False
2107	2.9057653870869715	0.4284538392876626	0.14744956395711886	ITGAX	0.2696195	False
2108	2.9057653870869715	0.4284538392876626	0.14744956395711886	ITGAD	0.2696195	False
2109	2.9057653870869715	0.4284538392876626	0.14744956395711886	COX6A2	0.2696195	False
2110	2.9057653870869715	0.4284538392876626	0.14744956395711886	ZNF843	0.2696195	False
2111	2.9057653870869715	0.4284538392876626	0.14744956395711886	ARMC5	0.2696195	False
2112	2.9057653870869715	0.4284538392876626	0.14744956395711886	TGFB1I1	0.2696195	False
2113	2.9057653870869715	0.4284538392876626	0.14744956395711886	SLC5A2	0.2696195	False
2114	2.9057653870869715	0.4284538392876626	0.14744956395711886	C16orf58	0.2696195	False
2115	2.9057653870869715	0.4284538392876626	0.14744956395711886	AHSP	0.2696195	False
2116	2.9057653870869715	0.4284538392876626	0.14744956395711886	ZNF720	0.2696195	False
2117	2.9057653870869715	0.4284538392876626	0.14744956395711886	ZNF267	0.2696195	False
2118	2.964966617145991	0.4092024329751851	0.1380124924877144	ASGR2	0.26961946	False
2119	2.964966617145991	0.4092024329751851	0.1380124924877144	ASGR1	0.26961946	False
2120	2.964966617145991	0.4092024329751851	0.1380124924877144	DLG4	0.26961946	False
2121	2.964966617145991	0.4092024329751851	0.1380124924877144	ACADVL	0.26961946	False
2122	2.964966617145991	0.4092024329751851	0.1380124924877144	MIR324	0.26961946	False
2123	2.964966617145991	0.4092024329751851	0.1380124924877144	DVL2	0.26961946	False
2124	2.964966617145991	0.4092024329751851	0.1380124924877144	PHF23	0.26961946	False
2125	2.964966617145991	0.4092024329751851	0.1380124924877144	GABARAP	0.26961946	False
2126	2.964966617145991	0.4092024329751851	0.1380124924877144	CTDNEP1	0.26961946	False
2127	2.964966617145991	0.4092024329751851	0.1380124924877144	CLDN7	0.26961946	False
2128	2.964966617145991	0.4092024329751851	0.1380124924877144	ELP5	0.26961946	False
2129	2.964966617145991	0.4092024329751851	0.1380124924877144	SLC2A4	0.26961946	False
2130	2.964966617145991	0.4092024329751851	0.1380124924877144	YBX2	0.26961946	False
2131	2.964966617145991	0.4092024329751851	0.1380124924877144	EIF5A	0.26961946	False
2132	2.964966617145991	0.4092024329751851	0.1380124924877144	GPS2	0.26961946	False
2133	2.964966617145991	0.4092024329751851	0.1380124924877144	NEURL4	0.26961946	False
2134	2.964966617145991	0.4092024329751851	0.1380124924877144	ACAP1	0.26961946	False
2135	2.964966617145991	0.4092024329751851	0.1380124924877144	KCTD11	0.26961946	False
2136	2.964966617145991	0.4092024329751851	0.1380124924877144	TMEM95	0.26961946	False
2137	2.964966617145991	0.4092024329751851	0.1380124924877144	TNK1	0.26961946	False
2138	2.964966617145991	0.4092024329751851	0.1380124924877144	PLSCR3	0.26961946	False
2139	2.964966617145991	0.4092024329751851	0.1380124924877144	TMEM256-PLSCR3	0.26961946	False
2140	2.964966617145991	0.4092024329751851	0.1380124924877144	TMEM256	0.26961946	False
2141	2.964966617145991	0.4092024329751851	0.1380124924877144	NLGN2	0.26961946	False
2142	2.964966617145991	0.4092024329751851	0.1380124924877144	FGF11	0.26961946	False
2143	2.964966617145991	0.4092024329751851	0.1380124924877144	SPEM1	0.26961946	False
2144	2.964966617145991	0.4092024329751851	0.1380124924877144	SPEM2	0.26961946	False
2145	2.964966617145991	0.4092024329751851	0.1380124924877144	TMEM102	0.26961946	False
2146	2.964966617145991	0.4092024329751851	0.1380124924877144	CHRNB1	0.26961946	False
2147	2.964966617145991	0.4092024329751851	0.1380124924877144	ZBTB4	0.26961946	False
2148	2.964966617145991	0.4092024329751851	0.1380124924877144	SLC35G6	0.26961946	False
2149	2.964966617145991	0.4092024329751851	0.1380124924877144	POLR2A	0.26961946	False
2150	2.964966617145991	0.4092024329751851	0.1380124924877144	TNFSF12	0.26961946	False
2151	2.964966617145991	0.4092024329751851	0.1380124924877144	TNFSF12-TNFSF13	0.26961946	False
2152	2.964966617145991	0.4092024329751851	0.1380124924877144	TNFSF13	0.26961946	False
2153	2.964966617145991	0.4092024329751851	0.1380124924877144	SENP3	0.26961946	False
2154	2.964966617145991	0.4092024329751851	0.1380124924877144	SENP3-EIF4A1	0.26961946	False
2155	2.964966617145991	0.4092024329751851	0.1380124924877144	EIF4A1	0.26961946	False
2156	2.964966617145991	0.4092024329751851	0.1380124924877144	CD68	0.26961946	False
2157	2.964966617145991	0.4092024329751851	0.1380124924877144	SNORA48	0.26961946	False
2158	2.964966617145991	0.4092024329751851	0.1380124924877144	SNORD10	0.26961946	False
2159	2.964966617145991	0.4092024329751851	0.1380124924877144	SNORA67	0.26961946	False
2160	2.964966617145991	0.4092024329751851	0.1380124924877144	MPDU1	0.26961946	False
2161	2.964966617145991	0.4092024329751851	0.1380124924877144	SOX15	0.26961946	False
2162	2.964966617145991	0.4092024329751851	0.1380124924877144	FXR2	0.26961946	False
2163	2.964966617145991	0.4092024329751851	0.1380124924877144	SHBG	0.26961946	False
2164	2.964966617145991	0.4092024329751851	0.1380124924877144	SAT2	0.26961946	False
2165	2.964966617145991	0.4092024329751851	0.1380124924877144	ATP1B2	0.26961946	False
2166	2.964966617145991	0.4092024329751851	0.1380124924877144	TP53	0.26961946	False
2167	2.964966617145991	0.4092024329751851	0.1380124924877144	WRAP53	0.26961946	False
2168	2.964966617145991	0.4092024329751851	0.1380124924877144	EFNB3	0.26961946	False
2169	2.964966617145991	0.4092024329751851	0.1380124924877144	DNAH2	0.26961946	False
2170	2.964966617145991	0.4092024329751851	0.1380124924877144	KDM6B	0.26961946	False
2171	2.964966617145991	0.4092024329751851	0.1380124924877144	TMEM88	0.26961946	False
2172	2.964966617145991	0.4092024329751851	0.1380124924877144	NAA38	0.26961946	False
2173	2.964966617145991	0.4092024329751851	0.1380124924877144	CYB5D1	0.26961946	False
2174	2.902545466981	0.4186752932025241	0.14424418082862878	NLK	0.2696194	False
2175	2.902545466981	0.4186752932025241	0.14424418082862878	TMEM97	0.2696194	False
2176	2.902545466981	0.4186752932025241	0.14424418082862878	IFT20	0.2696194	False
2177	2.902545466981	0.4186752932025241	0.14424418082862878	TNFAIP1	0.2696194	False
2178	2.902545466981	0.4186752932025241	0.14424418082862878	POLDIP2	0.2696194	False
2179	2.902545466981	0.4186752932025241	0.14424418082862878	TMEM199	0.2696194	False
2180	2.902545466981	0.4186752932025241	0.14424418082862878	MIR4723	0.2696194	False
2181	2.902545466981	0.4186752932025241	0.14424418082862878	SEBOX	0.2696194	False
2182	2.902545466981	0.4186752932025241	0.14424418082862878	SARM1	0.2696194	False
2183	2.902545466981	0.4186752932025241	0.14424418082862878	VTN	0.2696194	False
2184	2.902545466981	0.4186752932025241	0.14424418082862878	SLC46A1	0.2696194	False
2185	2.902545466981	0.4186752932025241	0.14424418082862878	SGK494	0.2696194	False
2186	2.902545466981	0.4186752932025241	0.14424418082862878	SLC13A2	0.2696194	False
2187	2.902545466981	0.4186752932025241	0.14424418082862878	FOXN1	0.2696194	False
2188	2.902545466981	0.4186752932025241	0.14424418082862878	UNC119	0.2696194	False
2189	2.902545466981	0.4186752932025241	0.14424418082862878	PIGS	0.2696194	False
2190	2.902545466981	0.4186752932025241	0.14424418082862878	ALDOC	0.2696194	False
2191	2.902545466981	0.4186752932025241	0.14424418082862878	SPAG5	0.2696194	False
2192	2.902545466981	0.4186752932025241	0.14424418082862878	SPAG5-AS1	0.2696194	False
2193	2.902545466981	0.4186752932025241	0.14424418082862878	KIAA0100	0.2696194	False
2194	2.902545466981	0.4186752932025241	0.14424418082862878	SDF2	0.2696194	False
2195	2.902545466981	0.4186752932025241	0.14424418082862878	SUPT6H	0.2696194	False
2196	2.902545466981	0.4186752932025241	0.14424418082862878	PROCA1	0.2696194	False
2197	2.902545466981	0.4186752932025241	0.14424418082862878	RAB34	0.2696194	False
2198	2.902545466981	0.4186752932025241	0.14424418082862878	RPL23A	0.2696194	False
2199	2.902545466981	0.4186752932025241	0.14424418082862878	SNORD42B	0.2696194	False
2200	2.902545466981	0.4186752932025241	0.14424418082862878	SNORD4A	0.2696194	False
2201	2.902545466981	0.4186752932025241	0.14424418082862878	SNORD42A	0.2696194	False
2202	2.902545466981	0.4186752932025241	0.14424418082862878	SNORD4B	0.2696194	False
2203	2.902545466981	0.4186752932025241	0.14424418082862878	TLCD1	0.2696194	False
2204	2.902545466981	0.4186752932025241	0.14424418082862878	NEK8	0.2696194	False
2205	2.902545466981	0.4186752932025241	0.14424418082862878	TRAF4	0.2696194	False
2206	2.902545466981	0.4186752932025241	0.14424418082862878	FAM222B	0.2696194	False
2207	2.902545466981	0.4186752932025241	0.14424418082862878	ERAL1	0.2696194	False
2208	2.902545466981	0.4186752932025241	0.14424418082862878	MIR144	0.2696194	False
2209	2.902545466981	0.4186752932025241	0.14424418082862878	MIR451A	0.2696194	False
2210	2.902545466981	0.4186752932025241	0.14424418082862878	MIR4732	0.2696194	False
2211	2.902545466981	0.4186752932025241	0.14424418082862878	FLOT2	0.2696194	False
2212	2.7765338989475405	0.2931428536703403	0.10557870508314615	ARMC7	0.26961863	False
2213	2.7765338989475405	0.2931428536703403	0.10557870508314615	NT5C	0.26961863	False
2214	2.7765338989475405	0.2931428536703403	0.10557870508314615	JPT1	0.26961863	False
2215	2.7765338989475405	0.2931428536703403	0.10557870508314615	SUMO2	0.26961863	False
2216	2.7765338989475405	0.2931428536703403	0.10557870508314615	NUP85	0.26961863	False
2217	2.7765338989475405	0.2931428536703403	0.10557870508314615	GGA3	0.26961863	False
2218	2.7765338989475405	0.2931428536703403	0.10557870508314615	MRPS7	0.26961863	False
2219	2.7765338989475405	0.2931428536703403	0.10557870508314615	MIF4GD	0.26961863	False
2220	2.7765338989475405	0.2931428536703403	0.10557870508314615	LOC100287042	0.26961863	False
2221	2.7765338989475405	0.2931428536703403	0.10557870508314615	SLC25A19	0.26961863	False
2222	2.7765338989475405	0.2931428536703403	0.10557870508314615	GRB2	0.26961863	False
2223	2.7765338989475405	0.2931428536703403	0.10557870508314615	MIR3678	0.26961863	False
2224	2.7765338989475405	0.2931428536703403	0.10557870508314615	TMEM94	0.26961863	False
2225	2.7765338989475405	0.2931428536703403	0.10557870508314615	MIR6785	0.26961863	False
2226	2.7765338989475405	0.2931428536703403	0.10557870508314615	CASKIN2	0.26961863	False
2227	2.7765338989475405	0.2931428536703403	0.10557870508314615	TSEN54	0.26961863	False
2228	2.7765338989475405	0.2931428536703403	0.10557870508314615	LLGL2	0.26961863	False
2229	2.7765338989475405	0.2931428536703403	0.10557870508314615	MYO15B	0.26961863	False
2230	2.7765338989475405	0.2931428536703403	0.10557870508314615	RECQL5	0.26961863	False
2231	2.7765338989475405	0.2931428536703403	0.10557870508314615	SMIM5	0.26961863	False
2232	2.7765338989475405	0.2931428536703403	0.10557870508314615	SMIM6	0.26961863	False
2233	2.7765338989475405	0.2931428536703403	0.10557870508314615	SAP30BP	0.26961863	False
2234	2.7765338989475405	0.2931428536703403	0.10557870508314615	ITGB4	0.26961863	False
2235	2.7765338989475405	0.2931428536703403	0.10557870508314615	GALK1	0.26961863	False
2236	2.7765338989475405	0.2931428536703403	0.10557870508314615	H3F3B	0.26961863	False
2237	2.7765338989475405	0.2931428536703403	0.10557870508314615	MIR4738	0.26961863	False
2238	2.7765338989475405	0.2931428536703403	0.10557870508314615	UNK	0.26961863	False
2239	2.7765338989475405	0.2931428536703403	0.10557870508314615	UNC13D	0.26961863	False
2240	2.7765338989475405	0.2931428536703403	0.10557870508314615	WBP2	0.26961863	False
2241	2.7765338989475405	0.2931428536703403	0.10557870508314615	TRIM47	0.26961863	False
2242	2.7765338989475405	0.2931428536703403	0.10557870508314615	TRIM65	0.26961863	False
2243	2.805893614958337	0.29639317004197746	0.10563236199045217	FOXJ1	0.2696187	False
2244	2.805893614958337	0.29639317004197746	0.10563236199045217	RNF157-AS1	0.2696187	False
2245	2.805893614958337	0.29639317004197746	0.10563236199045217	RNF157	0.2696187	False
2246	2.805893614958337	0.29639317004197746	0.10563236199045217	UBALD2	0.2696187	False
2247	2.805893614958337	0.29639317004197746	0.10563236199045217	QRICH2	0.2696187	False
2248	2.805893614958337	0.29639317004197746	0.10563236199045217	PRPSAP1	0.2696187	False
2249	2.805893614958337	0.29639317004197746	0.10563236199045217	SPHK1	0.2696187	False
2250	2.805893614958337	0.29639317004197746	0.10563236199045217	UBE2O	0.2696187	False
2251	2.805893614958337	0.29639317004197746	0.10563236199045217	AANAT	0.2696187	False
2252	2.805893614958337	0.29639317004197746	0.10563236199045217	RHBDF2	0.2696187	False
2253	2.805893614958337	0.29639317004197746	0.10563236199045217	CYGB	0.2696187	False
2254	2.805893614958337	0.29639317004197746	0.10563236199045217	PRCD	0.2696187	False
2255	2.805893614958337	0.29639317004197746	0.10563236199045217	SNHG16	0.2696187	False
2256	2.805893614958337	0.29639317004197746	0.10563236199045217	SNORD1C	0.2696187	False
2257	2.805893614958337	0.29639317004197746	0.10563236199045217	SNORD1B	0.2696187	False
2258	2.805893614958337	0.29639317004197746	0.10563236199045217	SNORD1A	0.2696187	False
2259	2.805893614958337	0.29639317004197746	0.10563236199045217	ST6GALNAC2	0.2696187	False
2260	2.805893614958337	0.29639317004197746	0.10563236199045217	ST6GALNAC1	0.2696187	False
2261	2.805893614958337	0.29639317004197746	0.10563236199045217	LOC105274304	0.2696187	False
2262	2.805893614958337	0.29639317004197746	0.10563236199045217	MXRA7	0.2696187	False
2263	2.805893614958337	0.29639317004197746	0.10563236199045217	JMJD6	0.2696187	False
2264	2.805893614958337	0.29639317004197746	0.10563236199045217	METTL23	0.2696187	False
2265	2.805893614958337	0.29639317004197746	0.10563236199045217	SRSF2	0.2696187	False
2266	2.805893614958337	0.29639317004197746	0.10563236199045217	MFSD11	0.2696187	False
2267	2.805893614958337	0.29639317004197746	0.10563236199045217	MIR636	0.2696187	False
2268	2.805893614958337	0.29639317004197746	0.10563236199045217	LINC02080	0.2696187	False
2269	2.805893614958337	0.29639317004197746	0.10563236199045217	LINC00868	0.2696187	False
2270	3.780085158419565	0.815667664134952	0.21578023508760807	R3HDM4	0.2696239	False
2271	3.780085158419565	0.815667664134952	0.21578023508760807	KISS1R	0.2696239	False
2272	3.780085158419565	0.815667664134952	0.21578023508760807	ARID3A	0.2696239	False
2273	3.780085158419565	0.815667664134952	0.21578023508760807	WDR18	0.2696239	False
2274	3.780085158419565	0.815667664134952	0.21578023508760807	GRIN3B	0.2696239	False
2275	3.780085158419565	0.815667664134952	0.21578023508760807	TMEM259	0.2696239	False
2276	3.780085158419565	0.815667664134952	0.21578023508760807	CNN2	0.2696239	False
2277	3.780085158419565	0.815667664134952	0.21578023508760807	ABCA7	0.2696239	False
2278	3.780085158419565	0.815667664134952	0.21578023508760807	ARHGAP45	0.2696239	False
2279	3.780085158419565	0.815667664134952	0.21578023508760807	POLR2E	0.2696239	False
2280	3.780085158419565	0.815667664134952	0.21578023508760807	GPX4	0.2696239	False
2281	3.780085158419565	0.815667664134952	0.21578023508760807	SBNO2	0.2696239	False
2282	3.780085158419565	0.815667664134952	0.21578023508760807	STK11	0.2696239	False
2283	3.780085158419565	0.815667664134952	0.21578023508760807	CBARP	0.2696239	False
2284	3.780085158419565	0.815667664134952	0.21578023508760807	ATP5F1D	0.2696239	False
2285	3.780085158419565	0.815667664134952	0.21578023508760807	MIDN	0.2696239	False
2286	3.780085158419565	0.815667664134952	0.21578023508760807	CIRBP	0.2696239	False
2287	3.780085158419565	0.815667664134952	0.21578023508760807	CIRBP-AS1	0.2696239	False
2288	3.780085158419565	0.815667664134952	0.21578023508760807	C19orf24	0.2696239	False
2289	3.780085158419565	0.815667664134952	0.21578023508760807	MUM1	0.2696239	False
2290	3.780085158419565	0.815667664134952	0.21578023508760807	EFNA2	0.2696239	False
2291	3.780085158419565	0.815667664134952	0.21578023508760807	NDUFS7	0.2696239	False
2292	3.780085158419565	0.815667664134952	0.21578023508760807	GAMT	0.2696239	False
2293	3.780085158419565	0.815667664134952	0.21578023508760807	DAZAP1	0.2696239	False
2294	3.780085158419565	0.815667664134952	0.21578023508760807	RPS15	0.2696239	False
2295	3.780085158419565	0.815667664134952	0.21578023508760807	APC2	0.2696239	False
2296	3.780085158419565	0.815667664134952	0.21578023508760807	C19orf25	0.2696239	False
2297	3.780085158419565	0.815667664134952	0.21578023508760807	PCSK4	0.2696239	False
2298	3.780085158419565	0.815667664134952	0.21578023508760807	REEP6	0.2696239	False
2299	3.780085158419565	0.815667664134952	0.21578023508760807	ADAMTSL5	0.2696239	False
2300	3.780085158419565	0.815667664134952	0.21578023508760807	PLK5	0.2696239	False
2301	3.780085158419565	0.815667664134952	0.21578023508760807	MEX3D	0.2696239	False
2302	3.780085158419565	0.815667664134952	0.21578023508760807	MBD3	0.2696239	False
2303	3.780085158419565	0.815667664134952	0.21578023508760807	UQCR11	0.2696239	False
2304	3.780085158419565	0.815667664134952	0.21578023508760807	TCF3	0.2696239	False
2305	3.780085158419565	0.815667664134952	0.21578023508760807	ONECUT3	0.2696239	False
2306	3.780085158419565	0.815667664134952	0.21578023508760807	ATP8B3	0.2696239	False
2307	3.780085158419565	0.815667664134952	0.21578023508760807	REXO1	0.2696239	False
2308	3.780085158419565	0.815667664134952	0.21578023508760807	MIR1909	0.2696239	False
2309	3.780085158419565	0.815667664134952	0.21578023508760807	LOC100288123	0.2696239	False
2310	3.780085158419565	0.815667664134952	0.21578023508760807	KLF16	0.2696239	False
2311	3.780085158419565	0.815667664134952	0.21578023508760807	ABHD17A	0.2696239	False
2312	3.5593597271450483	0.6074210783765231	0.17065459097716257	SCAMP4	0.26962188	False
2313	3.5593597271450483	0.6074210783765231	0.17065459097716257	ADAT3	0.26962188	False
2314	3.5593597271450483	0.6074210783765231	0.17065459097716257	CSNK1G2	0.26962188	False
2315	3.5593597271450483	0.6074210783765231	0.17065459097716257	CSNK1G2-AS1	0.26962188	False
2316	3.5593597271450483	0.6074210783765231	0.17065459097716257	BTBD2	0.26962188	False
2317	3.5593597271450483	0.6074210783765231	0.17065459097716257	MKNK2	0.26962188	False
2318	3.5593597271450483	0.6074210783765231	0.17065459097716257	MOB3A	0.26962188	False
2319	3.5593597271450483	0.6074210783765231	0.17065459097716257	IZUMO4	0.26962188	False
2320	3.5593597271450483	0.6074210783765231	0.17065459097716257	AP3D1	0.26962188	False
2321	3.5593597271450483	0.6074210783765231	0.17065459097716257	DOT1L	0.26962188	False
2322	3.5593597271450483	0.6074210783765231	0.17065459097716257	PLEKHJ1	0.26962188	False
2323	3.5593597271450483	0.6074210783765231	0.17065459097716257	MIR1227	0.26962188	False
2324	3.5593597271450483	0.6074210783765231	0.17065459097716257	MIR6789	0.26962188	False
2325	3.5593597271450483	0.6074210783765231	0.17065459097716257	SF3A2	0.26962188	False
2326	3.5593597271450483	0.6074210783765231	0.17065459097716257	AMH	0.26962188	False
2327	3.5593597271450483	0.6074210783765231	0.17065459097716257	MIR4321	0.26962188	False
2328	3.5593597271450483	0.6074210783765231	0.17065459097716257	JSRP1	0.26962188	False
2329	3.5593597271450483	0.6074210783765231	0.17065459097716257	OAZ1	0.26962188	False
2330	3.5593597271450483	0.6074210783765231	0.17065459097716257	SPPL2B	0.26962188	False
2331	3.5593597271450483	0.6074210783765231	0.17065459097716257	PEAK3	0.26962188	False
2332	3.5593597271450483	0.6074210783765231	0.17065459097716257	LSM7	0.26962188	False
2333	3.5593597271450483	0.6074210783765231	0.17065459097716257	TMPRSS9	0.26962188	False
2334	3.5593597271450483	0.6074210783765231	0.17065459097716257	TIMM13	0.26962188	False
2335	3.5593597271450483	0.6074210783765231	0.17065459097716257	LMNB2	0.26962188	False
2336	3.5593597271450483	0.6074210783765231	0.17065459097716257	MIR7108	0.26962188	False
2337	3.5593597271450483	0.6074210783765231	0.17065459097716257	LINC01775	0.26962188	False
2338	3.5593597271450483	0.6074210783765231	0.17065459097716257	GADD45B	0.26962188	False
2339	3.5593597271450483	0.6074210783765231	0.17065459097716257	GNG7	0.26962188	False
2340	3.5593597271450483	0.6074210783765231	0.17065459097716257	MIR7850	0.26962188	False
2341	3.5593597271450483	0.6074210783765231	0.17065459097716257	DIRAS1	0.26962188	False
2342	3.5593597271450483	0.6074210783765231	0.17065459097716257	SLC39A3	0.26962188	False
2343	3.5593597271450483	0.6074210783765231	0.17065459097716257	SGTA	0.26962188	False
2344	3.5593597271450483	0.6074210783765231	0.17065459097716257	THOP1	0.26962188	False
2345	3.5593597271450483	0.6074210783765231	0.17065459097716257	ZNF554	0.26962188	False
2346	3.5593597271450483	0.6074210783765231	0.17065459097716257	ZNF555	0.26962188	False
2347	3.5593597271450483	0.6074210783765231	0.17065459097716257	ZNF556	0.26962188	False
2348	3.3116984712805473	0.45591454070776194	0.13766788995480972	ZNF57	0.26962024	False
2349	3.3116984712805473	0.45591454070776194	0.13766788995480972	ZNF77	0.26962024	False
2350	3.3116984712805473	0.45591454070776194	0.13766788995480972	TLE6	0.26962024	False
2351	3.3116984712805473	0.45591454070776194	0.13766788995480972	TLE2	0.26962024	False
2352	3.3116984712805473	0.45591454070776194	0.13766788995480972	AES	0.26962024	False
2353	3.3116984712805473	0.45591454070776194	0.13766788995480972	GNA11	0.26962024	False
2354	3.3116984712805473	0.45591454070776194	0.13766788995480972	GNA15	0.26962024	False
2355	3.3116984712805473	0.45591454070776194	0.13766788995480972	LOC100996351	0.26962024	False
2356	3.3116984712805473	0.45591454070776194	0.13766788995480972	S1PR4	0.26962024	False
2357	3.3116984712805473	0.45591454070776194	0.13766788995480972	NCLN	0.26962024	False
2358	3.3116984712805473	0.45591454070776194	0.13766788995480972	CELF5	0.26962024	False
2359	3.3116984712805473	0.45591454070776194	0.13766788995480972	NFIC	0.26962024	False
2360	3.3116984712805473	0.45591454070776194	0.13766788995480972	SMIM24	0.26962024	False
2361	3.3116984712805473	0.45591454070776194	0.13766788995480972	DOHH	0.26962024	False
2362	3.3116984712805473	0.45591454070776194	0.13766788995480972	FZR1	0.26962024	False
2363	3.3116984712805473	0.45591454070776194	0.13766788995480972	MFSD12	0.26962024	False
2364	3.3116984712805473	0.45591454070776194	0.13766788995480972	C19orf71	0.26962024	False
2365	3.3116984712805473	0.45591454070776194	0.13766788995480972	HMG20B	0.26962024	False
2366	3.3116984712805473	0.45591454070776194	0.13766788995480972	GIPC3	0.26962024	False
2367	3.3116984712805473	0.45591454070776194	0.13766788995480972	TBXA2R	0.26962024	False
2368	3.3116984712805473	0.45591454070776194	0.13766788995480972	CACTIN-AS1	0.26962024	False
2369	3.3116984712805473	0.45591454070776194	0.13766788995480972	CACTIN	0.26962024	False
2370	3.3116984712805473	0.45591454070776194	0.13766788995480972	PIP5K1C	0.26962024	False
2371	3.3116984712805473	0.45591454070776194	0.13766788995480972	TJP3	0.26962024	False
2372	3.3116984712805473	0.45591454070776194	0.13766788995480972	APBA3	0.26962024	False
2373	3.3116984712805473	0.45591454070776194	0.13766788995480972	MRPL54	0.26962024	False
2374	3.3116984712805473	0.45591454070776194	0.13766788995480972	RAX2	0.26962024	False
2375	3.3116984712805473	0.45591454070776194	0.13766788995480972	MATK	0.26962024	False
2376	3.3116984712805473	0.45591454070776194	0.13766788995480972	ZFR2	0.26962024	False
2377	3.1316760956639675	0.3560370838259417	0.11368898728668039	ATCAY	0.26961938	False
2378	3.1316760956639675	0.3560370838259417	0.11368898728668039	NMRK2	0.26961938	False
2379	3.1316760956639675	0.3560370838259417	0.11368898728668039	DAPK3	0.26961938	False
2380	3.1316760956639675	0.3560370838259417	0.11368898728668039	MIR637	0.26961938	False
2381	3.1316760956639675	0.3560370838259417	0.11368898728668039	EEF2	0.26961938	False
2382	3.1316760956639675	0.3560370838259417	0.11368898728668039	SNORD37	0.26961938	False
2383	3.1316760956639675	0.3560370838259417	0.11368898728668039	PIAS4	0.26961938	False
2384	3.1316760956639675	0.3560370838259417	0.11368898728668039	ZBTB7A	0.26961938	False
2385	3.1316760956639675	0.3560370838259417	0.11368898728668039	MAP2K2	0.26961938	False
2386	2.9761842711945374	0.3472887171505474	0.11668925224551291	CREB3L3	0.26961908	False
2387	2.9761842711945374	0.3472887171505474	0.11668925224551291	SIRT6	0.26961908	False
2388	2.9761842711945374	0.3472887171505474	0.11668925224551291	ANKRD24	0.26961908	False
2389	2.9761842711945374	0.3472887171505474	0.11668925224551291	EBI3	0.26961908	False
2390	2.9761842711945374	0.3472887171505474	0.11668925224551291	YJU2	0.26961908	False
2391	2.9761842711945374	0.3472887171505474	0.11668925224551291	SHD	0.26961908	False
2392	2.9761842711945374	0.3472887171505474	0.11668925224551291	TMIGD2	0.26961908	False
2393	2.9761842711945374	0.3472887171505474	0.11668925224551291	FSD1	0.26961908	False
2394	2.9761842711945374	0.3472887171505474	0.11668925224551291	STAP2	0.26961908	False
2395	2.9761842711945374	0.3472887171505474	0.11668925224551291	MPND	0.26961908	False
2396	2.9761842711945374	0.3472887171505474	0.11668925224551291	SH3GL1	0.26961908	False
2397	2.9761842711945374	0.3472887171505474	0.11668925224551291	CHAF1A	0.26961908	False
2398	2.9761842711945374	0.3472887171505474	0.11668925224551291	UBXN6	0.26961908	False
2399	2.9761842711945374	0.3472887171505474	0.11668925224551291	MIR4746	0.26961908	False
2400	2.9761842711945374	0.3472887171505474	0.11668925224551291	HDGFL2	0.26961908	False
2401	2.9761842711945374	0.3472887171505474	0.11668925224551291	PLIN4	0.26961908	False
2402	2.9761842711945374	0.3472887171505474	0.11668925224551291	PLIN5	0.26961908	False
2403	2.9761842711945374	0.3472887171505474	0.11668925224551291	LRG1	0.26961908	False
2404	2.9761842711945374	0.3472887171505474	0.11668925224551291	SEMA6B	0.26961908	False
2405	2.9761842711945374	0.3472887171505474	0.11668925224551291	TNFAIP8L1	0.26961908	False
2406	2.9761842711945374	0.3472887171505474	0.11668925224551291	MYDGF	0.26961908	False
2407	2.9761842711945374	0.3472887171505474	0.11668925224551291	DPP9	0.26961908	False
2408	2.9761842711945374	0.3472887171505474	0.11668925224551291	DPP9-AS1	0.26961908	False
2409	2.9761842711945374	0.3472887171505474	0.11668925224551291	MIR7-3HG	0.26961908	False
2410	2.9761842711945374	0.3472887171505474	0.11668925224551291	MIR7-3	0.26961908	False
2411	2.9761842711945374	0.3472887171505474	0.11668925224551291	FEM1A	0.26961908	False
2412	2.9761842711945374	0.3472887171505474	0.11668925224551291	TICAM1	0.26961908	False
2413	2.9761842711945374	0.3472887171505474	0.11668925224551291	PLIN3	0.26961908	False
2414	2.8311815859014935	0.2616859539666839	0.09242994348006786	ARRDC5	0.26961848	False
2415	2.8311815859014935	0.2616859539666839	0.09242994348006786	UHRF1	0.26961848	False
2416	2.8311815859014935	0.2616859539666839	0.09242994348006786	MIR4747	0.26961848	False
2417	2.8311815859014935	0.2616859539666839	0.09242994348006786	KDM4B	0.26961848	False
2418	2.809172027542207	0.2558055682903801	0.09106084133771929	OLFM2	0.26961845	False
2419	2.809172027542207	0.2558055682903801	0.09106084133771929	COL5A3	0.26961845	False
2420	2.809172027542207	0.2558055682903801	0.09106084133771929	RDH8	0.26961845	False
2421	2.809172027542207	0.2558055682903801	0.09106084133771929	MIR5589	0.26961845	False
2422	2.809172027542207	0.2558055682903801	0.09106084133771929	C19orf66	0.26961845	False
2423	2.809172027542207	0.2558055682903801	0.09106084133771929	ANGPTL6	0.26961845	False
2424	2.9654201355422596	0.35586851667524805	0.12000610382655731	PPAN-P2RY11	0.2696191	False
2425	2.9654201355422596	0.35586851667524805	0.12000610382655731	PPAN	0.2696191	False
2426	2.9654201355422596	0.35586851667524805	0.12000610382655731	SNORD105	0.2696191	False
2427	2.9654201355422596	0.35586851667524805	0.12000610382655731	SNORD105B	0.2696191	False
2428	2.9654201355422596	0.35586851667524805	0.12000610382655731	P2RY11	0.2696191	False
2429	2.9654201355422596	0.35586851667524805	0.12000610382655731	EIF3G	0.2696191	False
2430	2.9654201355422596	0.35586851667524805	0.12000610382655731	DNMT1	0.2696191	False
2431	2.9654201355422596	0.35586851667524805	0.12000610382655731	S1PR2	0.2696191	False
2432	2.9654201355422596	0.35586851667524805	0.12000610382655731	MIR4322	0.2696191	False
2433	2.9654201355422596	0.35586851667524805	0.12000610382655731	MRPL4	0.2696191	False
2434	2.9654201355422596	0.35586851667524805	0.12000610382655731	ICAM1	0.2696191	False
2435	2.9654201355422596	0.35586851667524805	0.12000610382655731	ICAM4	0.2696191	False
2436	2.9654201355422596	0.35586851667524805	0.12000610382655731	ICAM5	0.2696191	False
2437	2.9654201355422596	0.35586851667524805	0.12000610382655731	ZGLP1	0.2696191	False
2438	2.9654201355422596	0.35586851667524805	0.12000610382655731	FDX2	0.2696191	False
2439	2.9654201355422596	0.35586851667524805	0.12000610382655731	RAVER1	0.2696191	False
2440	2.9654201355422596	0.35586851667524805	0.12000610382655731	ICAM3	0.2696191	False
2441	2.9654201355422596	0.35586851667524805	0.12000610382655731	TYK2	0.2696191	False
2442	2.9654201355422596	0.35586851667524805	0.12000610382655731	CDC37	0.2696191	False
2443	2.9654201355422596	0.35586851667524805	0.12000610382655731	MIR1181	0.2696191	False
2444	2.9654201355422596	0.35586851667524805	0.12000610382655731	PDE4A	0.2696191	False
2445	2.9654201355422596	0.35586851667524805	0.12000610382655731	KEAP1	0.2696191	False
2446	2.9654201355422596	0.35586851667524805	0.12000610382655731	S1PR5	0.2696191	False
2447	2.9654201355422596	0.35586851667524805	0.12000610382655731	ATG4D	0.2696191	False
2448	2.9654201355422596	0.35586851667524805	0.12000610382655731	MIR1238	0.2696191	False
2449	2.9654201355422596	0.35586851667524805	0.12000610382655731	KRI1	0.2696191	False
2450	2.9654201355422596	0.35586851667524805	0.12000610382655731	CDKN2D	0.2696191	False
2451	2.9654201355422596	0.35586851667524805	0.12000610382655731	AP1M2	0.2696191	False
2452	2.9654201355422596	0.35586851667524805	0.12000610382655731	SLC44A2	0.2696191	False
2453	2.9654201355422596	0.35586851667524805	0.12000610382655731	ILF3-DT	0.2696191	False
2454	2.9654201355422596	0.35586851667524805	0.12000610382655731	ILF3	0.2696191	False
2455	2.9654201355422596	0.35586851667524805	0.12000610382655731	QTRT1	0.2696191	False
2456	2.9654201355422596	0.35586851667524805	0.12000610382655731	DNM2	0.2696191	False
2457	2.9654201355422596	0.35586851667524805	0.12000610382655731	MIR638	0.2696191	False
2458	2.9654201355422596	0.35586851667524805	0.12000610382655731	MIR4748	0.2696191	False
2459	2.9654201355422596	0.35586851667524805	0.12000610382655731	MIR199A1	0.2696191	False
2460	2.9654201355422596	0.35586851667524805	0.12000610382655731	MIR6793	0.2696191	False
2461	2.9654201355422596	0.35586851667524805	0.12000610382655731	TMED1	0.2696191	False
2462	2.9654201355422596	0.35586851667524805	0.12000610382655731	C19orf38	0.2696191	False
2463	2.9337415385705357	0.30182485894759126	0.10288052133408293	CARM1	0.26961878	False
2464	2.9337415385705357	0.30182485894759126	0.10288052133408293	YIPF2	0.26961878	False
2465	2.9337415385705357	0.30182485894759126	0.10288052133408293	TIMM29	0.26961878	False
2466	2.9337415385705357	0.30182485894759126	0.10288052133408293	SMARCA4	0.26961878	False
2467	2.9337415385705357	0.30182485894759126	0.10288052133408293	LDLR	0.26961878	False
2468	3.0321394216959683	0.3721596126356557	0.12273829164078988	MIR6886	0.26961938	False
2469	3.0321394216959683	0.3721596126356557	0.12273829164078988	SPC24	0.26961938	False
2470	3.0321394216959683	0.3721596126356557	0.12273829164078988	KANK2	0.26961938	False
2471	3.0321394216959683	0.3721596126356557	0.12273829164078988	DOCK6	0.26961938	False
2472	3.0321394216959683	0.3721596126356557	0.12273829164078988	LOC105372273	0.26961938	False
2473	3.0321394216959683	0.3721596126356557	0.12273829164078988	ANGPTL8	0.26961938	False
2474	3.0321394216959683	0.3721596126356557	0.12273829164078988	TSPAN16	0.26961938	False
2475	3.0321394216959683	0.3721596126356557	0.12273829164078988	RAB3D	0.26961938	False
2476	3.0321394216959683	0.3721596126356557	0.12273829164078988	TMEM205	0.26961938	False
2477	3.0321394216959683	0.3721596126356557	0.12273829164078988	CCDC159	0.26961938	False
2478	3.0321394216959683	0.3721596126356557	0.12273829164078988	PLPPR2	0.26961938	False
2479	3.0321394216959683	0.3721596126356557	0.12273829164078988	SWSAP1	0.26961938	False
2480	3.0321394216959683	0.3721596126356557	0.12273829164078988	EPOR	0.26961938	False
2481	3.0321394216959683	0.3721596126356557	0.12273829164078988	RGL3	0.26961938	False
2482	3.0321394216959683	0.3721596126356557	0.12273829164078988	CCDC151	0.26961938	False
2483	3.0321394216959683	0.3721596126356557	0.12273829164078988	PRKCSH	0.26961938	False
2484	3.0321394216959683	0.3721596126356557	0.12273829164078988	ELAVL3	0.26961938	False
2485	3.0321394216959683	0.3721596126356557	0.12273829164078988	ZNF653	0.26961938	False
2486	3.0321394216959683	0.3721596126356557	0.12273829164078988	MIR7974	0.26961938	False
2487	3.0321394216959683	0.3721596126356557	0.12273829164078988	ECSIT	0.26961938	False
2488	3.0321394216959683	0.3721596126356557	0.12273829164078988	CNN1	0.26961938	False
2489	3.0321394216959683	0.3721596126356557	0.12273829164078988	ELOF1	0.26961938	False
2490	3.0321394216959683	0.3721596126356557	0.12273829164078988	ZNF627	0.26961938	False
2491	3.0321394216959683	0.3721596126356557	0.12273829164078988	ACP5	0.26961938	False
2492	3.0321394216959683	0.3721596126356557	0.12273829164078988	ZNF833P	0.26961938	False
2493	3.0321394216959683	0.3721596126356557	0.12273829164078988	ZNF823	0.26961938	False
2494	3.0321394216959683	0.3721596126356557	0.12273829164078988	ZNF441	0.26961938	False
2495	3.0321394216959683	0.3721596126356557	0.12273829164078988	ZNF491	0.26961938	False
2496	3.0321394216959683	0.3721596126356557	0.12273829164078988	ZNF440	0.26961938	False
2497	3.0321394216959683	0.3721596126356557	0.12273829164078988	ZNF439	0.26961938	False
2498	2.9844305949647914	0.3158208833843913	0.10582282728143563	ZNF69	0.26961896	False
2499	2.9844305949647914	0.3158208833843913	0.10582282728143563	ZNF700	0.26961896	False
2500	2.9844305949647914	0.3158208833843913	0.10582282728143563	ZNF763	0.26961896	False
2501	2.9844305949647914	0.3158208833843913	0.10582282728143563	ZNF433-AS1	0.26961896	False
2502	2.9844305949647914	0.3158208833843913	0.10582282728143563	ZNF433	0.26961896	False
2503	2.9844305949647914	0.3158208833843913	0.10582282728143563	ZNF878	0.26961896	False
2504	2.9844305949647914	0.3158208833843913	0.10582282728143563	ZNF844	0.26961896	False
2505	2.9844305949647914	0.3158208833843913	0.10582282728143563	ZNF788P	0.26961896	False
2506	2.9844305949647914	0.3158208833843913	0.10582282728143563	ZNF20	0.26961896	False
2507	3.0363286760387047	0.3596372371024553	0.11844476519967859	ZNF625-ZNF20	0.26961923	False
2508	3.0363286760387047	0.3596372371024553	0.11844476519967859	ZNF625	0.26961923	False
2509	3.0363286760387047	0.3596372371024553	0.11844476519967859	ZNF136	0.26961923	False
2510	3.0363286760387047	0.3596372371024553	0.11844476519967859	LOC100289333	0.26961923	False
2511	3.0363286760387047	0.3596372371024553	0.11844476519967859	ZNF44	0.26961923	False
2512	3.0363286760387047	0.3596372371024553	0.11844476519967859	ZNF563	0.26961923	False
2513	3.0363286760387047	0.3596372371024553	0.11844476519967859	ZNF442	0.26961923	False
2514	3.0363286760387047	0.3596372371024553	0.11844476519967859	ZNF799	0.26961923	False
2515	3.0363286760387047	0.3596372371024553	0.11844476519967859	ZNF443	0.26961923	False
2516	3.0363286760387047	0.3596372371024553	0.11844476519967859	ZNF709	0.26961923	False
2517	3.0363286760387047	0.3596372371024553	0.11844476519967859	ZNF564	0.26961923	False
2518	3.0363286760387047	0.3596372371024553	0.11844476519967859	ZNF490	0.26961923	False
2519	3.0363286760387047	0.3596372371024553	0.11844476519967859	ZNF791	0.26961923	False
2520	3.0363286760387047	0.3596372371024553	0.11844476519967859	MAN2B1	0.26961923	False
2521	3.0363286760387047	0.3596372371024553	0.11844476519967859	WDR83	0.26961923	False
2522	3.0363286760387047	0.3596372371024553	0.11844476519967859	WDR83OS	0.26961923	False
2523	3.0363286760387047	0.3596372371024553	0.11844476519967859	DHPS	0.26961923	False
2524	3.0363286760387047	0.3596372371024553	0.11844476519967859	FBXW9	0.26961923	False
2525	3.0363286760387047	0.3596372371024553	0.11844476519967859	TNPO2	0.26961923	False
2526	3.0363286760387047	0.3596372371024553	0.11844476519967859	SNORD41	0.26961923	False
2527	3.0363286760387047	0.3596372371024553	0.11844476519967859	TRIR	0.26961923	False
2528	3.0363286760387047	0.3596372371024553	0.11844476519967859	ASNA1	0.26961923	False
2529	3.0363286760387047	0.3596372371024553	0.11844476519967859	BEST2	0.26961923	False
2530	3.0363286760387047	0.3596372371024553	0.11844476519967859	HOOK2	0.26961923	False
2531	3.0363286760387047	0.3596372371024553	0.11844476519967859	MIR5684	0.26961923	False
2532	3.0363286760387047	0.3596372371024553	0.11844476519967859	JUNB	0.26961923	False
2533	3.0363286760387047	0.3596372371024553	0.11844476519967859	PRDX2	0.26961923	False
2534	3.0363286760387047	0.3596372371024553	0.11844476519967859	RNASEH2A	0.26961923	False
2535	3.0363286760387047	0.3596372371024553	0.11844476519967859	RTBDN	0.26961923	False
2536	3.0363286760387047	0.3596372371024553	0.11844476519967859	MAST1	0.26961923	False
2537	3.0363286760387047	0.3596372371024553	0.11844476519967859	MIR6794	0.26961923	False
2538	3.0363286760387047	0.3596372371024553	0.11844476519967859	DNASE2	0.26961923	False
2539	3.0363286760387047	0.3596372371024553	0.11844476519967859	KLF1	0.26961923	False
2540	2.9025482107973493	0.2853558887234673	0.09831219604275862	GCDH	0.26961866	False
2541	2.9025482107973493	0.2853558887234673	0.09831219604275862	SYCE2	0.26961866	False
2542	2.9025482107973493	0.2853558887234673	0.09831219604275862	MIR5695	0.26961866	False
2543	2.9025482107973493	0.2853558887234673	0.09831219604275862	FARSA	0.26961866	False
2544	2.9025482107973493	0.2853558887234673	0.09831219604275862	CALR	0.26961866	False
2545	2.9025482107973493	0.2853558887234673	0.09831219604275862	MIR6515	0.26961866	False
2546	2.9025482107973493	0.2853558887234673	0.09831219604275862	RAD23A	0.26961866	False
2547	2.9025482107973493	0.2853558887234673	0.09831219604275862	GADD45GIP1	0.26961866	False
2548	2.9025482107973493	0.2853558887234673	0.09831219604275862	DAND5	0.26961866	False
2549	2.9025482107973493	0.2853558887234673	0.09831219604275862	NFIX	0.26961866	False
2550	2.9025482107973493	0.2853558887234673	0.09831219604275862	LYL1	0.26961866	False
2551	2.850307761564043	0.30694600727693006	0.10768872450057823	TRMT1	0.26961875	False
2552	2.850307761564043	0.30694600727693006	0.10768872450057823	NACC1	0.26961875	False
2553	2.850307761564043	0.30694600727693006	0.10768872450057823	STX10	0.26961875	False
2554	2.850307761564043	0.30694600727693006	0.10768872450057823	IER2	0.26961875	False
2555	2.850307761564043	0.30694600727693006	0.10768872450057823	CACNA1A	0.26961875	False
2556	2.850307761564043	0.30694600727693006	0.10768872450057823	CCDC130	0.26961875	False
2557	2.850307761564043	0.30694600727693006	0.10768872450057823	MRI1	0.26961875	False
2558	2.850307761564043	0.30694600727693006	0.10768872450057823	C19orf53	0.26961875	False
2559	2.850307761564043	0.30694600727693006	0.10768872450057823	ZSWIM4	0.26961875	False
2560	2.850307761564043	0.30694600727693006	0.10768872450057823	LOC284454	0.26961875	False
2561	2.850307761564043	0.30694600727693006	0.10768872450057823	MIR24-2	0.26961875	False
2562	2.850307761564043	0.30694600727693006	0.10768872450057823	MIR27A	0.26961875	False
2563	2.850307761564043	0.30694600727693006	0.10768872450057823	MIR23A	0.26961875	False
2564	2.850307761564043	0.30694600727693006	0.10768872450057823	NANOS3	0.26961875	False
2565	2.850307761564043	0.30694600727693006	0.10768872450057823	MIR181C	0.26961875	False
2566	2.850307761564043	0.30694600727693006	0.10768872450057823	MIR181D	0.26961875	False
2567	2.772286775398913	0.2534196907499843	0.09141178791415581	C19orf57	0.26961845	False
2568	2.772286775398913	0.2534196907499843	0.09141178791415581	CC2D1A	0.26961845	False
2569	2.772286775398913	0.2534196907499843	0.09141178791415581	PODNL1	0.26961845	False
2570	2.772286775398913	0.2534196907499843	0.09141178791415581	DCAF15	0.26961845	False
2571	2.772286775398913	0.2534196907499843	0.09141178791415581	RFX1	0.26961845	False
2572	2.772286775398913	0.2534196907499843	0.09141178791415581	RLN3	0.26961845	False
2573	2.772286775398913	0.2534196907499843	0.09141178791415581	IL27RA	0.26961845	False
2574	2.772286775398913	0.2534196907499843	0.09141178791415581	PALM3	0.26961845	False
2575	2.772286775398913	0.2534196907499843	0.09141178791415581	MISP3	0.26961845	False
2576	2.772286775398913	0.2534196907499843	0.09141178791415581	MIR1199	0.26961845	False
2577	2.772286775398913	0.2534196907499843	0.09141178791415581	C19orf67	0.26961845	False
2578	2.772286775398913	0.2534196907499843	0.09141178791415581	SAMD1	0.26961845	False
2579	2.772286775398913	0.2534196907499843	0.09141178791415581	PRKACA	0.26961845	False
2580	2.7696138679032107	0.236889477224246	0.08553158978929713	CYP4F11	0.2696183	False
2581	2.7696138679032107	0.236889477224246	0.08553158978929713	OR10H4	0.2696183	False
2582	2.7696138679032107	0.236889477224246	0.08553158978929713	LINC00661	0.2696183	False
2583	2.7696138679032107	0.236889477224246	0.08553158978929713	LINC00905	0.2696183	False
2584	2.7696138679032107	0.236889477224246	0.08553158978929713	TPM4	0.2696183	False
2585	2.8573902627166428	0.2921645964333286	0.10224875483251464	RAB8A	0.2696187	False
2586	2.8573902627166428	0.2921645964333286	0.10224875483251464	HSH2D	0.2696187	False
2587	2.8573902627166428	0.2921645964333286	0.10224875483251464	CIB3	0.2696187	False
2588	2.8573902627166428	0.2921645964333286	0.10224875483251464	FAM32A	0.2696187	False
2589	2.8573902627166428	0.2921645964333286	0.10224875483251464	AP1M1	0.2696187	False
2590	2.8573902627166428	0.2921645964333286	0.10224875483251464	KLF2	0.2696187	False
2591	2.8573902627166428	0.2921645964333286	0.10224875483251464	EPS15L1	0.2696187	False
2592	2.8573902627166428	0.2921645964333286	0.10224875483251464	CALR3	0.2696187	False
2593	2.8573902627166428	0.2921645964333286	0.10224875483251464	MED26	0.2696187	False
2594	2.8573902627166428	0.2921645964333286	0.10224875483251464	C19orf44	0.2696187	False
2595	2.8573902627166428	0.2921645964333286	0.10224875483251464	CHERP	0.2696187	False
2596	2.8573902627166428	0.2921645964333286	0.10224875483251464	SLC35E1	0.2696187	False
2597	2.8573902627166428	0.2921645964333286	0.10224875483251464	SMIM7	0.2696187	False
2598	2.8573902627166428	0.2921645964333286	0.10224875483251464	TMEM38A	0.2696187	False
2599	2.8573902627166428	0.2921645964333286	0.10224875483251464	NWD1	0.2696187	False
2600	2.8573902627166428	0.2921645964333286	0.10224875483251464	SIN3B	0.2696187	False
2601	2.8573902627166428	0.2921645964333286	0.10224875483251464	F2RL3	0.2696187	False
2602	2.9263728110798817	0.2862314400522011	0.09781099625053473	CPAMD8	0.26961863	False
2603	2.9263728110798817	0.2862314400522011	0.09781099625053473	HAUS8	0.26961863	False
2604	2.9263728110798817	0.2862314400522011	0.09781099625053473	MYO9B	0.26961863	False
2605	3.0618533342289984	0.36839249860265	0.12031683375696846	USE1	0.26961926	False
2606	3.0618533342289984	0.36839249860265	0.12031683375696846	OCEL1	0.26961926	False
2607	3.0618533342289984	0.36839249860265	0.12031683375696846	NR2F6	0.26961926	False
2608	3.0618533342289984	0.36839249860265	0.12031683375696846	USHBP1	0.26961926	False
2609	3.0618533342289984	0.36839249860265	0.12031683375696846	BABAM1	0.26961926	False
2610	3.0618533342289984	0.36839249860265	0.12031683375696846	ANKLE1	0.26961926	False
2611	3.0618533342289984	0.36839249860265	0.12031683375696846	ABHD8	0.26961926	False
2612	3.0618533342289984	0.36839249860265	0.12031683375696846	MRPL34	0.26961926	False
2613	3.0618533342289984	0.36839249860265	0.12031683375696846	DDA1	0.26961926	False
2614	3.0618533342289984	0.36839249860265	0.12031683375696846	ANO8	0.26961926	False
2615	3.0618533342289984	0.36839249860265	0.12031683375696846	GTPBP3	0.26961926	False
2616	3.0618533342289984	0.36839249860265	0.12031683375696846	PLVAP	0.26961926	False
2617	3.0618533342289984	0.36839249860265	0.12031683375696846	BST2	0.26961926	False
2618	3.0618533342289984	0.36839249860265	0.12031683375696846	BISPR	0.26961926	False
2619	3.0618533342289984	0.36839249860265	0.12031683375696846	MVB12A	0.26961926	False
2620	3.0618533342289984	0.36839249860265	0.12031683375696846	TMEM221	0.26961926	False
2621	3.0618533342289984	0.36839249860265	0.12031683375696846	NXNL1	0.26961926	False
2622	3.0618533342289984	0.36839249860265	0.12031683375696846	SLC27A1	0.26961926	False
2623	3.0618533342289984	0.36839249860265	0.12031683375696846	PGLS	0.26961926	False
2624	3.0618533342289984	0.36839249860265	0.12031683375696846	FAM129C	0.26961926	False
2625	3.0618533342289984	0.36839249860265	0.12031683375696846	COLGALT1	0.26961926	False
2626	3.0618533342289984	0.36839249860265	0.12031683375696846	UNC13A	0.26961926	False
2627	3.0618533342289984	0.36839249860265	0.12031683375696846	MAP1S	0.26961926	False
2628	3.0618533342289984	0.36839249860265	0.12031683375696846	FCHO1	0.26961926	False
2629	3.0618533342289984	0.36839249860265	0.12031683375696846	B3GNT3	0.26961926	False
2630	3.0618533342289984	0.36839249860265	0.12031683375696846	INSL3	0.26961926	False
2631	3.0618533342289984	0.36839249860265	0.12031683375696846	JAK3	0.26961926	False
2632	3.0618533342289984	0.36839249860265	0.12031683375696846	RPL18A	0.26961926	False
2633	3.0618533342289984	0.36839249860265	0.12031683375696846	SNORA68	0.26961926	False
2634	3.0618533342289984	0.36839249860265	0.12031683375696846	SLC5A5	0.26961926	False
2635	2.9884179977397958	0.3209580945069156	0.10740066976897578	CCDC124	0.26961896	False
2636	2.9884179977397958	0.3209580945069156	0.10740066976897578	KCNN1	0.26961896	False
2637	2.9884179977397958	0.3209580945069156	0.10740066976897578	ARRDC2	0.26961896	False
2638	2.9884179977397958	0.3209580945069156	0.10740066976897578	IL12RB1	0.26961896	False
2639	2.9884179977397958	0.3209580945069156	0.10740066976897578	MAST3	0.26961896	False
2640	3.1349702046378103	0.42182207798925164	0.13455377577918182	PIK3R2	0.26961973	False
2641	3.1349702046378103	0.42182207798925164	0.13455377577918182	IFI30	0.26961973	False
2642	3.1349702046378103	0.42182207798925164	0.13455377577918182	MPV17L2	0.26961973	False
2643	3.1349702046378103	0.42182207798925164	0.13455377577918182	RAB3A	0.26961973	False
2644	3.1349702046378103	0.42182207798925164	0.13455377577918182	LOC102725254	0.26961973	False
2645	3.1349702046378103	0.42182207798925164	0.13455377577918182	PDE4C	0.26961973	False
2646	3.1349702046378103	0.42182207798925164	0.13455377577918182	LOC729966	0.26961973	False
2647	3.1349702046378103	0.42182207798925164	0.13455377577918182	IQCN	0.26961973	False
2648	3.1349702046378103	0.42182207798925164	0.13455377577918182	JUND	0.26961973	False
2649	3.1349702046378103	0.42182207798925164	0.13455377577918182	MIR3188	0.26961973	False
2650	3.1349702046378103	0.42182207798925164	0.13455377577918182	LSM4	0.26961973	False
2651	3.1349702046378103	0.42182207798925164	0.13455377577918182	PGPEP1	0.26961973	False
2652	3.1349702046378103	0.42182207798925164	0.13455377577918182	GDF15	0.26961973	False
2653	3.1349702046378103	0.42182207798925164	0.13455377577918182	MIR3189	0.26961973	False
2654	3.1349702046378103	0.42182207798925164	0.13455377577918182	LRRC25	0.26961973	False
2655	3.1349702046378103	0.42182207798925164	0.13455377577918182	SSBP4	0.26961973	False
2656	3.1349702046378103	0.42182207798925164	0.13455377577918182	ISYNA1	0.26961973	False
2657	3.1349702046378103	0.42182207798925164	0.13455377577918182	ELL	0.26961973	False
2658	3.1349702046378103	0.42182207798925164	0.13455377577918182	FKBP8	0.26961973	False
2659	3.1349702046378103	0.42182207798925164	0.13455377577918182	KXD1	0.26961973	False
2660	3.1349702046378103	0.42182207798925164	0.13455377577918182	UBA52	0.26961973	False
2661	3.1349702046378103	0.42182207798925164	0.13455377577918182	CRLF1	0.26961973	False
2662	3.1349702046378103	0.42182207798925164	0.13455377577918182	REX1BD	0.26961973	False
2663	3.1349702046378103	0.42182207798925164	0.13455377577918182	TMEM59L	0.26961973	False
2664	3.1349702046378103	0.42182207798925164	0.13455377577918182	KLHL26	0.26961973	False
2665	3.1349702046378103	0.42182207798925164	0.13455377577918182	CRTC1	0.26961973	False
2666	3.1349702046378103	0.42182207798925164	0.13455377577918182	COMP	0.26961973	False
2667	3.1349702046378103	0.42182207798925164	0.13455377577918182	UPF1	0.26961973	False
2668	3.1349702046378103	0.42182207798925164	0.13455377577918182	GDF1	0.26961973	False
2669	3.1349702046378103	0.42182207798925164	0.13455377577918182	CERS1	0.26961973	False
2670	2.939513163711503	0.3315855550184833	0.1128028814811685	COPE	0.269619	False
2671	2.939513163711503	0.3315855550184833	0.1128028814811685	HOMER3	0.269619	False
2672	2.939513163711503	0.3315855550184833	0.1128028814811685	DDX49	0.269619	False
2673	2.939513163711503	0.3315855550184833	0.1128028814811685	HOMER3-AS1	0.269619	False
2674	2.939513163711503	0.3315855550184833	0.1128028814811685	SUGP2	0.269619	False
2675	2.939513163711503	0.3315855550184833	0.1128028814811685	ARMC6	0.269619	False
2676	2.939513163711503	0.3315855550184833	0.1128028814811685	SLC25A42	0.269619	False
2677	2.8669301943201524	0.353254888262513	0.12321712225933072	TMEM161A	0.26961896	False
2678	2.8669301943201524	0.353254888262513	0.12321712225933072	BORCS8-MEF2B	0.26961896	False
2679	2.8669301943201524	0.353254888262513	0.12321712225933072	MEF2B	0.26961896	False
2680	2.8669301943201524	0.353254888262513	0.12321712225933072	BORCS8	0.26961896	False
2681	2.8669301943201524	0.353254888262513	0.12321712225933072	RFXANK	0.26961896	False
2682	2.8669301943201524	0.353254888262513	0.12321712225933072	NR2C2AP	0.26961896	False
2683	2.8669301943201524	0.353254888262513	0.12321712225933072	NCAN	0.26961896	False
2684	2.8669301943201524	0.353254888262513	0.12321712225933072	HAPLN4	0.26961896	False
2685	2.8669301943201524	0.353254888262513	0.12321712225933072	TM6SF2	0.26961896	False
2686	2.8669301943201524	0.353254888262513	0.12321712225933072	SUGP1	0.26961896	False
2687	2.8669301943201524	0.353254888262513	0.12321712225933072	MAU2	0.26961896	False
2688	2.8669301943201524	0.353254888262513	0.12321712225933072	GATAD2A	0.26961896	False
2689	2.8669301943201524	0.353254888262513	0.12321712225933072	MIR640	0.26961896	False
2690	2.8669301943201524	0.353254888262513	0.12321712225933072	TSSK6	0.26961896	False
2691	2.8669301943201524	0.353254888262513	0.12321712225933072	NDUFA13	0.26961896	False
2692	2.8669301943201524	0.353254888262513	0.12321712225933072	YJEFN3	0.26961896	False
2693	2.8669301943201524	0.353254888262513	0.12321712225933072	CILP2	0.26961896	False
2694	2.8669301943201524	0.353254888262513	0.12321712225933072	PBX4	0.26961896	False
2695	2.8669301943201524	0.353254888262513	0.12321712225933072	LPAR2	0.26961896	False
2696	2.8669301943201524	0.353254888262513	0.12321712225933072	GMIP	0.26961896	False
2697	2.8669301943201524	0.353254888262513	0.12321712225933072	ATP13A1	0.26961896	False
2698	2.8669301943201524	0.353254888262513	0.12321712225933072	ZNF101	0.26961896	False
2699	2.8669301943201524	0.353254888262513	0.12321712225933072	ZNF14	0.26961896	False
2700	2.8669301943201524	0.353254888262513	0.12321712225933072	LINC00663	0.26961896	False
2701	2.8669301943201524	0.353254888262513	0.12321712225933072	ZNF506	0.26961896	False
2702	2.8669301943201524	0.353254888262513	0.12321712225933072	ZNF253	0.26961896	False
2703	2.7977014211646334	0.3066798377655971	0.10961850161906546	PAK4	0.2696187	False
2704	2.7977014211646334	0.3066798377655971	0.10961850161906546	NCCRP1	0.2696187	False
2705	2.7977014211646334	0.3066798377655971	0.10961850161906546	SYCN	0.2696187	False
2706	2.7977014211646334	0.3066798377655971	0.10961850161906546	IFNL3	0.2696187	False
2707	2.7977014211646334	0.3066798377655971	0.10961850161906546	IFNL4	0.2696187	False
2708	2.7977014211646334	0.3066798377655971	0.10961850161906546	IFNL2	0.2696187	False
2709	2.7977014211646334	0.3066798377655971	0.10961850161906546	IFNL1	0.2696187	False
2710	2.7977014211646334	0.3066798377655971	0.10961850161906546	LRFN1	0.2696187	False
2711	2.7977014211646334	0.3066798377655971	0.10961850161906546	GMFG	0.2696187	False
2712	2.7977014211646334	0.3066798377655971	0.10961850161906546	SAMD4B	0.2696187	False
2713	2.7977014211646334	0.3066798377655971	0.10961850161906546	PAF1	0.2696187	False
2714	2.7977014211646334	0.3066798377655971	0.10961850161906546	MED29	0.2696187	False
2715	2.7977014211646334	0.3066798377655971	0.10961850161906546	ZFP36	0.2696187	False
2716	2.7977014211646334	0.3066798377655971	0.10961850161906546	MIR4530	0.2696187	False
2717	2.7977014211646334	0.3066798377655971	0.10961850161906546	PLEKHG2	0.2696187	False
2718	2.7977014211646334	0.3066798377655971	0.10961850161906546	RPS16	0.2696187	False
2719	2.7977014211646334	0.3066798377655971	0.10961850161906546	SUPT5H	0.2696187	False
2720	2.7977014211646334	0.3066798377655971	0.10961850161906546	TIMM50	0.2696187	False
2721	2.7977014211646334	0.3066798377655971	0.10961850161906546	DLL3	0.2696187	False
2722	2.7977014211646334	0.3066798377655971	0.10961850161906546	SELENOV	0.2696187	False
2723	2.7977014211646334	0.3066798377655971	0.10961850161906546	EID2B	0.2696187	False
2724	2.7977014211646334	0.3066798377655971	0.10961850161906546	EID2	0.2696187	False
2725	2.7977014211646334	0.3066798377655971	0.10961850161906546	LGALS13	0.2696187	False
2726	2.7977014211646334	0.3066798377655971	0.10961850161906546	LGALS16	0.2696187	False
2727	2.7977014211646334	0.3066798377655971	0.10961850161906546	LGALS17A	0.2696187	False
2728	2.7977014211646334	0.3066798377655971	0.10961850161906546	LGALS14	0.2696187	False
2729	2.7977014211646334	0.3066798377655971	0.10961850161906546	CLC	0.2696187	False
2730	2.7977014211646334	0.3066798377655971	0.10961850161906546	LEUTX	0.2696187	False
2731	2.7977014211646334	0.3066798377655971	0.10961850161906546	DYRK1B	0.2696187	False
2732	2.7977014211646334	0.3066798377655971	0.10961850161906546	MIR6719	0.2696187	False
2733	2.7977014211646334	0.3066798377655971	0.10961850161906546	FBL	0.2696187	False
2734	2.7736482509768874	0.2686057963856994	0.09684205496897295	FCGBP	0.26961854	False
2735	2.7736482509768874	0.2686057963856994	0.09684205496897295	PSMC4	0.26961854	False
2736	2.7736482509768874	0.2686057963856994	0.09684205496897295	ZNF546	0.26961854	False
2737	2.7736482509768874	0.2686057963856994	0.09684205496897295	ZNF780B	0.26961854	False
2738	2.7736482509768874	0.2686057963856994	0.09684205496897295	ZNF780A	0.26961854	False
2739	2.8744169873160312	0.32923936161511963	0.1145412663047698	MAP3K10	0.2696189	False
2740	2.8744169873160312	0.32923936161511963	0.1145412663047698	TTC9B	0.2696189	False
2741	2.8744169873160312	0.32923936161511963	0.1145412663047698	CNTD2	0.2696189	False
2742	2.8744169873160312	0.32923936161511963	0.1145412663047698	AKT2	0.2696189	False
2743	2.8744169873160312	0.32923936161511963	0.1145412663047698	MIR641	0.2696189	False
2744	2.8744169873160312	0.32923936161511963	0.1145412663047698	C19orf47	0.2696189	False
2745	2.8744169873160312	0.32923936161511963	0.1145412663047698	PLD3	0.2696189	False
2746	2.8744169873160312	0.32923936161511963	0.1145412663047698	MIR6796	0.2696189	False
2747	2.8744169873160312	0.32923936161511963	0.1145412663047698	HIPK4	0.2696189	False
2748	2.8744169873160312	0.32923936161511963	0.1145412663047698	PRX	0.2696189	False
2749	2.8744169873160312	0.32923936161511963	0.1145412663047698	SERTAD1	0.2696189	False
2750	2.8744169873160312	0.32923936161511963	0.1145412663047698	SERTAD3	0.2696189	False
2751	2.8744169873160312	0.32923936161511963	0.1145412663047698	BLVRB	0.2696189	False
2752	2.8744169873160312	0.32923936161511963	0.1145412663047698	SPTBN4	0.2696189	False
2753	2.8744169873160312	0.32923936161511963	0.1145412663047698	SHKBP1	0.2696189	False
2754	2.8744169873160312	0.32923936161511963	0.1145412663047698	LTBP4	0.2696189	False
2755	2.8744169873160312	0.32923936161511963	0.1145412663047698	NUMBL	0.2696189	False
2756	2.8744169873160312	0.32923936161511963	0.1145412663047698	COQ8B	0.2696189	False
2757	2.8744169873160312	0.32923936161511963	0.1145412663047698	ITPKC	0.2696189	False
2758	2.8744169873160312	0.32923936161511963	0.1145412663047698	C19orf54	0.2696189	False
2759	2.8744169873160312	0.32923936161511963	0.1145412663047698	SNRPA	0.2696189	False
2760	2.8744169873160312	0.32923936161511963	0.1145412663047698	MIA	0.2696189	False
2761	2.8744169873160312	0.32923936161511963	0.1145412663047698	MIA-RAB4B	0.2696189	False
2762	2.8744169873160312	0.32923936161511963	0.1145412663047698	RAB4B	0.2696189	False
2763	2.8744169873160312	0.32923936161511963	0.1145412663047698	RAB4B-EGLN2	0.2696189	False
2764	2.8744169873160312	0.32923936161511963	0.1145412663047698	EGLN2	0.2696189	False
2765	2.8744169873160312	0.32923936161511963	0.1145412663047698	CYP2G1P	0.2696189	False
2766	2.8744169873160312	0.32923936161511963	0.1145412663047698	CYP2A6	0.2696189	False
2767	2.8744169873160312	0.32923936161511963	0.1145412663047698	CYP2A7	0.2696189	False
2768	2.779368685691823	0.26516556627514115	0.09540496287527891	CYP2B6	0.26961845	False
2769	2.779368685691823	0.26516556627514115	0.09540496287527891	CYP2A13	0.26961845	False
2770	2.7836393768900467	0.29487189985961326	0.10593035229622728	CYP2F1	0.2696186	False
2771	2.7836393768900467	0.29487189985961326	0.10593035229622728	CYP2S1	0.2696186	False
2772	2.7836393768900467	0.29487189985961326	0.10593035229622728	AXL	0.2696186	False
2773	2.7836393768900467	0.29487189985961326	0.10593035229622728	HNRNPUL1	0.2696186	False
2774	2.7836393768900467	0.29487189985961326	0.10593035229622728	TGFB1	0.2696186	False
2775	2.7836393768900467	0.29487189985961326	0.10593035229622728	CCDC97	0.2696186	False
2776	2.7836393768900467	0.29487189985961326	0.10593035229622728	BCKDHA	0.2696186	False
2777	2.7836393768900467	0.29487189985961326	0.10593035229622728	TMEM91	0.2696186	False
2778	2.7836393768900467	0.29487189985961326	0.10593035229622728	B9D2	0.2696186	False
2779	2.7836393768900467	0.29487189985961326	0.10593035229622728	EXOSC5	0.2696186	False
2780	2.7836393768900467	0.29487189985961326	0.10593035229622728	B3GNT8	0.2696186	False
2781	2.7836393768900467	0.29487189985961326	0.10593035229622728	DMAC2	0.2696186	False
2782	2.7836393768900467	0.29487189985961326	0.10593035229622728	ERICH4	0.2696186	False
2783	2.7836393768900467	0.29487189985961326	0.10593035229622728	PCAT19	0.2696186	False
2784	2.7836393768900467	0.29487189985961326	0.10593035229622728	LINC01480	0.2696186	False
2785	2.7836393768900467	0.29487189985961326	0.10593035229622728	CEACAM21	0.2696186	False
2786	2.7836393768900467	0.29487189985961326	0.10593035229622728	CEACAM4	0.2696186	False
2787	2.7836393768900467	0.29487189985961326	0.10593035229622728	CEACAM7	0.2696186	False
2788	2.7836393768900467	0.29487189985961326	0.10593035229622728	CEACAM5	0.2696186	False
2789	2.7836393768900467	0.29487189985961326	0.10593035229622728	CEACAM6	0.2696186	False
2790	2.7836393768900467	0.29487189985961326	0.10593035229622728	CEACAM3	0.2696186	False
2791	2.7836393768900467	0.29487189985961326	0.10593035229622728	LYPD4	0.2696186	False
2792	2.7836393768900467	0.29487189985961326	0.10593035229622728	DMRTC2	0.2696186	False
2793	2.7836393768900467	0.29487189985961326	0.10593035229622728	RPS19	0.2696186	False
2794	2.7836393768900467	0.29487189985961326	0.10593035229622728	MIR6797	0.2696186	False
2795	2.7836393768900467	0.29487189985961326	0.10593035229622728	CD79A	0.2696186	False
2796	2.7538386926055236	0.229485143946947	0.08333281995170944	PSG6	0.2696183	False
2797	2.7538386926055236	0.229485143946947	0.08333281995170944	PSG7	0.2696183	False
2798	2.7538386926055236	0.229485143946947	0.08333281995170944	PSG11	0.2696183	False
2799	2.7538386926055236	0.229485143946947	0.08333281995170944	PSG2	0.2696183	False
2800	2.764972181493067	0.26266654710387066	0.09499789866313679	PSG5	0.26961845	False
2801	2.764972181493067	0.26266654710387066	0.09499789866313679	PSG4	0.26961845	False
2802	2.764972181493067	0.26266654710387066	0.09499789866313679	LOC284344	0.26961845	False
2803	2.764972181493067	0.26266654710387066	0.09499789866313679	PSG9	0.26961845	False
2804	2.764972181493067	0.26266654710387066	0.09499789866313679	CD177	0.26961845	False
2805	2.764972181493067	0.26266654710387066	0.09499789866313679	TEX101	0.26961845	False
2806	2.764972181493067	0.26266654710387066	0.09499789866313679	LYPD3	0.26961845	False
2807	2.764972181493067	0.26266654710387066	0.09499789866313679	PHLDB3	0.26961845	False
2808	2.764972181493067	0.26266654710387066	0.09499789866313679	ETHE1	0.26961845	False
2809	2.764972181493067	0.26266654710387066	0.09499789866313679	ZNF575	0.26961845	False
2810	2.764972181493067	0.26266654710387066	0.09499789866313679	XRCC1	0.26961845	False
2811	2.764972181493067	0.26266654710387066	0.09499789866313679	PINLYP	0.26961845	False
2812	2.764972181493067	0.26266654710387066	0.09499789866313679	IRGQ	0.26961845	False
2813	2.764972181493067	0.26266654710387066	0.09499789866313679	ZNF576	0.26961845	False
2814	2.764972181493067	0.26266654710387066	0.09499789866313679	ZNF428	0.26961845	False
2815	2.764972181493067	0.26266654710387066	0.09499789866313679	SRRM5	0.26961845	False
2816	2.764972181493067	0.26266654710387066	0.09499789866313679	CADM4	0.26961845	False
2817	2.764972181493067	0.26266654710387066	0.09499789866313679	PLAUR	0.26961845	False
2818	2.764972181493067	0.26266654710387066	0.09499789866313679	IRGC	0.26961845	False
2819	2.764972181493067	0.26266654710387066	0.09499789866313679	SMG9	0.26961845	False
2820	2.764972181493067	0.26266654710387066	0.09499789866313679	KCNN4	0.26961845	False
2821	2.764972181493067	0.26266654710387066	0.09499789866313679	LYPD5	0.26961845	False
2822	2.764972181493067	0.26266654710387066	0.09499789866313679	ZNF283	0.26961845	False
2823	2.764972181493067	0.26266654710387066	0.09499789866313679	ZNF404	0.26961845	False
2824	2.791776937785661	0.2517086187092361	0.09016071997101692	LOC100505715	0.26961845	False
2825	2.791776937785661	0.2517086187092361	0.09016071997101692	ZNF45	0.26961845	False
2826	2.791776937785661	0.2517086187092361	0.09016071997101692	ZNF221	0.26961845	False
2827	2.791776937785661	0.2517086187092361	0.09016071997101692	ZNF155	0.26961845	False
2828	2.791776937785661	0.2517086187092361	0.09016071997101692	LOC101928063	0.26961845	False
2829	2.791776937785661	0.2517086187092361	0.09016071997101692	ZNF230	0.26961845	False
2830	2.791776937785661	0.2517086187092361	0.09016071997101692	ZNF222	0.26961845	False
2831	2.791776937785661	0.2517086187092361	0.09016071997101692	ZNF284	0.26961845	False
2832	2.791776937785661	0.2517086187092361	0.09016071997101692	ZNF223	0.26961845	False
2833	2.791776937785661	0.2517086187092361	0.09016071997101692	ZNF224	0.26961845	False
2834	2.907402400324338	0.3370621258003158	0.11593239579176055	LOC100379224	0.26961896	False
2835	2.907402400324338	0.3370621258003158	0.11593239579176055	ZNF225	0.26961896	False
2836	2.907402400324338	0.3370621258003158	0.11593239579176055	ZNF234	0.26961896	False
2837	2.907402400324338	0.3370621258003158	0.11593239579176055	ZNF226	0.26961896	False
2838	2.907402400324338	0.3370621258003158	0.11593239579176055	ZNF227	0.26961896	False
2839	2.907402400324338	0.3370621258003158	0.11593239579176055	ZNF235	0.26961896	False
2840	2.907402400324338	0.3370621258003158	0.11593239579176055	ZNF233	0.26961896	False
2841	2.907402400324338	0.3370621258003158	0.11593239579176055	ZNF112	0.26961896	False
2842	2.907402400324338	0.3370621258003158	0.11593239579176055	ZNF285	0.26961896	False
2843	2.907402400324338	0.3370621258003158	0.11593239579176055	ZNF229	0.26961896	False
2844	2.907402400324338	0.3370621258003158	0.11593239579176055	ZNF180	0.26961896	False
2845	2.907402400324338	0.3370621258003158	0.11593239579176055	CEACAM20	0.26961896	False
2846	2.907402400324338	0.3370621258003158	0.11593239579176055	IGSF23	0.26961896	False
2847	2.907402400324338	0.3370621258003158	0.11593239579176055	PVR	0.26961896	False
2848	2.907402400324338	0.3370621258003158	0.11593239579176055	CEACAM19	0.26961896	False
2849	2.907402400324338	0.3370621258003158	0.11593239579176055	CEACAM16	0.26961896	False
2850	2.907402400324338	0.3370621258003158	0.11593239579176055	BCL3	0.26961896	False
2851	2.907402400324338	0.3370621258003158	0.11593239579176055	MIR8085	0.26961896	False
2852	2.907402400324338	0.3370621258003158	0.11593239579176055	CBLC	0.26961896	False
2853	2.907402400324338	0.3370621258003158	0.11593239579176055	BCAM	0.26961896	False
2854	2.907402400324338	0.3370621258003158	0.11593239579176055	NECTIN2	0.26961896	False
2855	2.921612577460228	0.3139105905884226	0.10744429052989174	TOMM40	0.26961875	False
2856	2.921612577460228	0.3139105905884226	0.10744429052989174	APOE	0.26961875	False
2857	2.921612577460228	0.3139105905884226	0.10744429052989174	APOC1	0.26961875	False
2858	2.921612577460228	0.3139105905884226	0.10744429052989174	APOC4	0.26961875	False
2859	2.921612577460228	0.3139105905884226	0.10744429052989174	APOC4-APOC2	0.26961875	False
2860	2.921612577460228	0.3139105905884226	0.10744429052989174	APOC2	0.26961875	False
2861	2.921612577460228	0.3139105905884226	0.10744429052989174	CLPTM1	0.26961875	False
2862	2.921612577460228	0.3139105905884226	0.10744429052989174	RELB	0.26961875	False
2863	2.921612577460228	0.3139105905884226	0.10744429052989174	CLASRP	0.26961875	False
2864	2.921612577460228	0.3139105905884226	0.10744429052989174	ZNF296	0.26961875	False
2865	2.921612577460228	0.3139105905884226	0.10744429052989174	GEMIN7-AS1	0.26961875	False
2866	2.921612577460228	0.3139105905884226	0.10744429052989174	GEMIN7	0.26961875	False
2867	2.921612577460228	0.3139105905884226	0.10744429052989174	MARK4	0.26961875	False
2868	2.921612577460228	0.3139105905884226	0.10744429052989174	PPP1R37	0.26961875	False
2869	3.0267319931332457	0.4003027794009623	0.13225577299514135	NKPD1	0.2696194	False
2870	3.0267319931332457	0.4003027794009623	0.13225577299514135	TRAPPC6A	0.2696194	False
2871	3.0267319931332457	0.4003027794009623	0.13225577299514135	BLOC1S3	0.2696194	False
2872	3.0267319931332457	0.4003027794009623	0.13225577299514135	EXOC3L2	0.2696194	False
2873	3.0267319931332457	0.4003027794009623	0.13225577299514135	CKM	0.2696194	False
2874	3.0267319931332457	0.4003027794009623	0.13225577299514135	KLC3	0.2696194	False
2875	3.0267319931332457	0.4003027794009623	0.13225577299514135	ERCC2	0.2696194	False
2876	3.0267319931332457	0.4003027794009623	0.13225577299514135	PPP1R13L	0.2696194	False
2877	3.0267319931332457	0.4003027794009623	0.13225577299514135	CD3EAP	0.2696194	False
2878	3.0267319931332457	0.4003027794009623	0.13225577299514135	ERCC1	0.2696194	False
2879	3.0267319931332457	0.4003027794009623	0.13225577299514135	MIR6088	0.2696194	False
2880	3.0267319931332457	0.4003027794009623	0.13225577299514135	FOSB	0.2696194	False
2881	3.0267319931332457	0.4003027794009623	0.13225577299514135	RTN2	0.2696194	False
2882	3.0267319931332457	0.4003027794009623	0.13225577299514135	PPM1N	0.2696194	False
2883	3.0267319931332457	0.4003027794009623	0.13225577299514135	VASP	0.2696194	False
2884	3.0267319931332457	0.4003027794009623	0.13225577299514135	OPA3	0.2696194	False
2885	3.0267319931332457	0.4003027794009623	0.13225577299514135	GPR4	0.2696194	False
2886	3.0267319931332457	0.4003027794009623	0.13225577299514135	EML2	0.2696194	False
2887	3.0267319931332457	0.4003027794009623	0.13225577299514135	MIR330	0.2696194	False
2888	3.0267319931332457	0.4003027794009623	0.13225577299514135	EML2-AS1	0.2696194	False
2889	3.0267319931332457	0.4003027794009623	0.13225577299514135	GIPR	0.2696194	False
2890	3.0267319931332457	0.4003027794009623	0.13225577299514135	MIR642A	0.2696194	False
2891	3.0267319931332457	0.4003027794009623	0.13225577299514135	SNRPD2	0.2696194	False
2892	3.0267319931332457	0.4003027794009623	0.13225577299514135	QPCTL	0.2696194	False
2893	3.0267319931332457	0.4003027794009623	0.13225577299514135	FBXO46	0.2696194	False
2894	3.0267319931332457	0.4003027794009623	0.13225577299514135	BHMG1	0.2696194	False
2895	3.0267319931332457	0.4003027794009623	0.13225577299514135	SIX5	0.2696194	False
2896	3.0267319931332457	0.4003027794009623	0.13225577299514135	DMPK	0.2696194	False
2897	3.0267319931332457	0.4003027794009623	0.13225577299514135	DMWD	0.2696194	False
2898	3.0267319931332457	0.4003027794009623	0.13225577299514135	RSPH6A	0.2696194	False
2899	3.0267319931332457	0.4003027794009623	0.13225577299514135	SYMPK	0.2696194	False
2900	3.0267319931332457	0.4003027794009623	0.13225577299514135	FOXA3	0.2696194	False
2901	3.0267319931332457	0.4003027794009623	0.13225577299514135	IRF2BP1	0.2696194	False
2902	2.989794248653997	0.33124697795376923	0.11079256644596744	MYPOP	0.26961905	False
2903	2.989794248653997	0.33124697795376923	0.11079256644596744	NANOS2	0.26961905	False
2904	2.989794248653997	0.33124697795376923	0.11079256644596744	NOVA2	0.26961905	False
2905	2.989794248653997	0.33124697795376923	0.11079256644596744	CCDC61	0.26961905	False
2906	2.989794248653997	0.33124697795376923	0.11079256644596744	MIR769	0.26961905	False
2907	2.989794248653997	0.33124697795376923	0.11079256644596744	PGLYRP1	0.26961905	False
2908	2.989794248653997	0.33124697795376923	0.11079256644596744	IGFL4	0.26961905	False
2909	2.989794248653997	0.33124697795376923	0.11079256644596744	LOC400706	0.26961905	False
2910	3.0175637083833937	0.3623656730915299	0.12008550874495401	IGFL3	0.2696193	False
2911	3.0175637083833937	0.3623656730915299	0.12008550874495401	IGFL2	0.2696193	False
2912	3.0175637083833937	0.3623656730915299	0.12008550874495401	IGFL2-AS1	0.2696193	False
2913	3.0175637083833937	0.3623656730915299	0.12008550874495401	LOC93429	0.2696193	False
2914	3.0175637083833937	0.3623656730915299	0.12008550874495401	IGFL1	0.2696193	False
2915	3.0175637083833937	0.3623656730915299	0.12008550874495401	HIF3A	0.2696193	False
2916	3.0175637083833937	0.3623656730915299	0.12008550874495401	PPP5C	0.2696193	False
2917	3.0175637083833937	0.3623656730915299	0.12008550874495401	CCDC8	0.2696193	False
2918	3.0175637083833937	0.3623656730915299	0.12008550874495401	PNMA8A	0.2696193	False
2919	3.0175637083833937	0.3623656730915299	0.12008550874495401	PPP5D1	0.2696193	False
2920	3.0175637083833937	0.3623656730915299	0.12008550874495401	PNMA8B	0.2696193	False
2921	3.0175637083833937	0.3623656730915299	0.12008550874495401	CALM3	0.2696193	False
2922	3.0175637083833937	0.3623656730915299	0.12008550874495401	PTGIR	0.2696193	False
2923	3.0175637083833937	0.3623656730915299	0.12008550874495401	GNG8	0.2696193	False
2924	3.0175637083833937	0.3623656730915299	0.12008550874495401	DACT3	0.2696193	False
2925	3.0175637083833937	0.3623656730915299	0.12008550874495401	DACT3-AS1	0.2696193	False
2926	3.0175637083833937	0.3623656730915299	0.12008550874495401	PRKD2	0.2696193	False
2927	3.0175637083833937	0.3623656730915299	0.12008550874495401	MIR320E	0.2696193	False
2928	3.0175637083833937	0.3623656730915299	0.12008550874495401	STRN4	0.2696193	False
2929	3.0175637083833937	0.3623656730915299	0.12008550874495401	FKRP	0.2696193	False
2930	3.0175637083833937	0.3623656730915299	0.12008550874495401	SLC1A5	0.2696193	False
2931	3.0175637083833937	0.3623656730915299	0.12008550874495401	AP2S1	0.2696193	False
2932	3.0993214006289582	0.3479700791451525	0.1122729895242673	ARHGAP35	0.26961926	False
2933	3.0993214006289582	0.3479700791451525	0.1122729895242673	NPAS1	0.26961926	False
2934	3.0993214006289582	0.3479700791451525	0.1122729895242673	TMEM160	0.26961926	False
2935	3.0993214006289582	0.3479700791451525	0.1122729895242673	ZC3H4	0.26961926	False
2936	3.166993744363117	0.39412181481882913	0.12444666665992644	SAE1	0.26961964	False
2937	3.166993744363117	0.39412181481882913	0.12444666665992644	BBC3	0.26961964	False
2938	3.166993744363117	0.39412181481882913	0.12444666665992644	MIR3190	0.26961964	False
2939	3.166993744363117	0.39412181481882913	0.12444666665992644	CCDC9	0.26961964	False
2940	3.166993744363117	0.39412181481882913	0.12444666665992644	INAFM1	0.26961964	False
2941	3.166993744363117	0.39412181481882913	0.12444666665992644	C5AR1	0.26961964	False
2942	3.166993744363117	0.39412181481882913	0.12444666665992644	C5AR2	0.26961964	False
2943	3.166993744363117	0.39412181481882913	0.12444666665992644	DHX34	0.26961964	False
2944	3.166993744363117	0.39412181481882913	0.12444666665992644	MEIS3	0.26961964	False
2945	3.166993744363117	0.39412181481882913	0.12444666665992644	SLC8A2	0.26961964	False
2946	3.166993744363117	0.39412181481882913	0.12444666665992644	KPTN	0.26961964	False
2947	3.166993744363117	0.39412181481882913	0.12444666665992644	NAPA-AS1	0.26961964	False
2948	3.166993744363117	0.39412181481882913	0.12444666665992644	NAPA	0.26961964	False
2949	3.166993744363117	0.39412181481882913	0.12444666665992644	ZNF541	0.26961964	False
2950	3.166993744363117	0.39412181481882913	0.12444666665992644	BICRA	0.26961964	False
2951	3.166993744363117	0.39412181481882913	0.12444666665992644	EHD2	0.26961964	False
2952	3.166993744363117	0.39412181481882913	0.12444666665992644	NOP53	0.26961964	False
2953	3.166993744363117	0.39412181481882913	0.12444666665992644	SNORD23	0.26961964	False
2954	3.166993744363117	0.39412181481882913	0.12444666665992644	NOP53-AS1	0.26961964	False
2955	3.166993744363117	0.39412181481882913	0.12444666665992644	SELENOW	0.26961964	False
2956	3.166993744363117	0.39412181481882913	0.12444666665992644	TPRX1	0.26961964	False
2957	3.166993744363117	0.39412181481882913	0.12444666665992644	CRX	0.26961964	False
2958	3.166993744363117	0.39412181481882913	0.12444666665992644	SULT2A1	0.26961964	False
2959	3.1517510113216156	0.35685743582814944	0.11322513566149672	BSPH1	0.2696195	False
2960	3.1517510113216156	0.35685743582814944	0.11322513566149672	ELSPBP1	0.2696195	False
2961	3.1517510113216156	0.35685743582814944	0.11322513566149672	CABP5	0.2696195	False
2962	3.1517510113216156	0.35685743582814944	0.11322513566149672	PLA2G4C	0.2696195	False
2963	3.1517510113216156	0.35685743582814944	0.11322513566149672	PLA2G4C-AS1	0.2696195	False
2964	3.2198782143189426	0.4319544752898948	0.13415242643929012	LIG1	0.26961997	False
2965	3.2198782143189426	0.4319544752898948	0.13415242643929012	ZSWIM9	0.26961997	False
2966	3.2198782143189426	0.4319544752898948	0.13415242643929012	ZNF114	0.26961997	False
2967	3.2198782143189426	0.4319544752898948	0.13415242643929012	CARD8	0.26961997	False
2968	3.2198782143189426	0.4319544752898948	0.13415242643929012	CARD8-AS1	0.26961997	False
2969	3.2198782143189426	0.4319544752898948	0.13415242643929012	CCDC114	0.26961997	False
2970	3.2198782143189426	0.4319544752898948	0.13415242643929012	EMP3	0.26961997	False
2971	3.2198782143189426	0.4319544752898948	0.13415242643929012	TMEM143	0.26961997	False
2972	3.2198782143189426	0.4319544752898948	0.13415242643929012	SYNGR4	0.26961997	False
2973	3.2198782143189426	0.4319544752898948	0.13415242643929012	KDELR1	0.26961997	False
2974	3.2198782143189426	0.4319544752898948	0.13415242643929012	GRIN2D	0.26961997	False
2975	3.2198782143189426	0.4319544752898948	0.13415242643929012	GRWD1	0.26961997	False
2976	3.2198782143189426	0.4319544752898948	0.13415242643929012	KCNJ14	0.26961997	False
2977	3.2198782143189426	0.4319544752898948	0.13415242643929012	CYTH2	0.26961997	False
2978	3.2198782143189426	0.4319544752898948	0.13415242643929012	LMTK3	0.26961997	False
2979	3.2198782143189426	0.4319544752898948	0.13415242643929012	SULT2B1	0.26961997	False
2980	3.2198782143189426	0.4319544752898948	0.13415242643929012	FAM83E	0.26961997	False
2981	3.2198782143189426	0.4319544752898948	0.13415242643929012	SPACA4	0.26961997	False
2982	3.2198782143189426	0.4319544752898948	0.13415242643929012	RPL18	0.26961997	False
2983	3.2198782143189426	0.4319544752898948	0.13415242643929012	SPHK2	0.26961997	False
2984	3.2198782143189426	0.4319544752898948	0.13415242643929012	DBP	0.26961997	False
2985	3.2198782143189426	0.4319544752898948	0.13415242643929012	CA11	0.26961997	False
2986	3.2198782143189426	0.4319544752898948	0.13415242643929012	NTN5	0.26961997	False
2987	3.2198782143189426	0.4319544752898948	0.13415242643929012	FUT2	0.26961997	False
2988	3.2198782143189426	0.4319544752898948	0.13415242643929012	MAMSTR	0.26961997	False
2989	3.2198782143189426	0.4319544752898948	0.13415242643929012	RASIP1	0.26961997	False
2990	3.2198782143189426	0.4319544752898948	0.13415242643929012	IZUMO1	0.26961997	False
2991	3.2198782143189426	0.4319544752898948	0.13415242643929012	FUT1	0.26961997	False
2992	3.2198782143189426	0.4319544752898948	0.13415242643929012	FGF21	0.26961997	False
2993	3.2198782143189426	0.4319544752898948	0.13415242643929012	BCAT2	0.26961997	False
2994	3.2198782143189426	0.4319544752898948	0.13415242643929012	HSD17B14	0.26961997	False
2995	3.2198782143189426	0.4319544752898948	0.13415242643929012	PLEKHA4	0.26961997	False
2996	3.2198782143189426	0.4319544752898948	0.13415242643929012	PPP1R15A	0.26961997	False
2997	3.2198782143189426	0.4319544752898948	0.13415242643929012	TULP2	0.26961997	False
2998	3.0542360436969562	0.33052386336122774	0.10821817915590763	NUCB1	0.26961905	False
2999	3.0542360436969562	0.33052386336122774	0.10821817915590763	NUCB1-AS1	0.26961905	False
3000	3.0542360436969562	0.33052386336122774	0.10821817915590763	DHDH	0.26961905	False
3001	3.0542360436969562	0.33052386336122774	0.10821817915590763	BAX	0.26961905	False
3002	3.0542360436969562	0.33052386336122774	0.10821817915590763	FTL	0.26961905	False
3003	3.0542360436969562	0.33052386336122774	0.10821817915590763	GYS1	0.26961905	False
3004	3.0542360436969562	0.33052386336122774	0.10821817915590763	RUVBL2	0.26961905	False
3005	3.0542360436969562	0.33052386336122774	0.10821817915590763	MIR6798	0.26961905	False
3006	3.0542360436969562	0.33052386336122774	0.10821817915590763	LHB	0.26961905	False
3007	3.0542360436969562	0.33052386336122774	0.10821817915590763	LOC101059948	0.26961905	False
3008	3.0542360436969562	0.33052386336122774	0.10821817915590763	CGB3	0.26961905	False
3009	3.0542360436969562	0.33052386336122774	0.10821817915590763	CGB2	0.26961905	False
3010	3.0542360436969562	0.33052386336122774	0.10821817915590763	CGB1	0.26961905	False
3011	3.0542360436969562	0.33052386336122774	0.10821817915590763	CGB5	0.26961905	False
3012	3.0542360436969562	0.33052386336122774	0.10821817915590763	CGB8	0.26961905	False
3013	3.0542360436969562	0.33052386336122774	0.10821817915590763	CGB7	0.26961905	False
3014	3.0542360436969562	0.33052386336122774	0.10821817915590763	NTF4	0.26961905	False
3015	3.0542360436969562	0.33052386336122774	0.10821817915590763	KCNA7	0.26961905	False
3016	3.0542360436969562	0.33052386336122774	0.10821817915590763	SNRNP70	0.26961905	False
3017	3.1074121786750584	0.38095828723058056	0.12259663840057869	LIN7B	0.26961946	False
3018	3.1074121786750584	0.38095828723058056	0.12259663840057869	C19orf73	0.26961946	False
3019	3.1074121786750584	0.38095828723058056	0.12259663840057869	PPFIA3	0.26961946	False
3020	3.1074121786750584	0.38095828723058056	0.12259663840057869	HRC	0.26961946	False
3021	3.1074121786750584	0.38095828723058056	0.12259663840057869	TRPM4	0.26961946	False
3022	3.1074121786750584	0.38095828723058056	0.12259663840057869	SLC6A16	0.26961946	False
3023	3.1074121786750584	0.38095828723058056	0.12259663840057869	MIR4324	0.26961946	False
3024	3.1074121786750584	0.38095828723058056	0.12259663840057869	CD37	0.26961946	False
3025	3.1074121786750584	0.38095828723058056	0.12259663840057869	TEAD2	0.26961946	False
3026	3.1074121786750584	0.38095828723058056	0.12259663840057869	DKKL1	0.26961946	False
3027	3.1074121786750584	0.38095828723058056	0.12259663840057869	LOC101928295	0.26961946	False
3028	3.1074121786750584	0.38095828723058056	0.12259663840057869	CCDC155	0.26961946	False
3029	3.1074121786750584	0.38095828723058056	0.12259663840057869	PTH2	0.26961946	False
3030	3.1074121786750584	0.38095828723058056	0.12259663840057869	GFY	0.26961946	False
3031	3.1074121786750584	0.38095828723058056	0.12259663840057869	SLC17A7	0.26961946	False
3032	3.1074121786750584	0.38095828723058056	0.12259663840057869	PIH1D1	0.26961946	False
3033	3.1074121786750584	0.38095828723058056	0.12259663840057869	ALDH16A1	0.26961946	False
3034	3.1074121786750584	0.38095828723058056	0.12259663840057869	FLT3LG	0.26961946	False
3035	3.1074121786750584	0.38095828723058056	0.12259663840057869	RPL13A	0.26961946	False
3036	3.1074121786750584	0.38095828723058056	0.12259663840057869	SNORD32A	0.26961946	False
3037	3.1074121786750584	0.38095828723058056	0.12259663840057869	SNORD33	0.26961946	False
3038	3.1074121786750584	0.38095828723058056	0.12259663840057869	SNORD34	0.26961946	False
3039	3.1074121786750584	0.38095828723058056	0.12259663840057869	SNORD35A	0.26961946	False
3040	3.1074121786750584	0.38095828723058056	0.12259663840057869	RPS11	0.26961946	False
3041	3.1074121786750584	0.38095828723058056	0.12259663840057869	SNORD35B	0.26961946	False
3042	3.1074121786750584	0.38095828723058056	0.12259663840057869	MIR150	0.26961946	False
3043	3.1074121786750584	0.38095828723058056	0.12259663840057869	FCGRT	0.26961946	False
3044	3.1074121786750584	0.38095828723058056	0.12259663840057869	RCN3	0.26961946	False
3045	3.1074121786750584	0.38095828723058056	0.12259663840057869	NOSIP	0.26961946	False
3046	3.1074121786750584	0.38095828723058056	0.12259663840057869	PRRG2	0.26961946	False
3047	3.1074121786750584	0.38095828723058056	0.12259663840057869	PRR12	0.26961946	False
3048	3.1074121786750584	0.38095828723058056	0.12259663840057869	RRAS	0.26961946	False
3049	3.1074121786750584	0.38095828723058056	0.12259663840057869	SCAF1	0.26961946	False
3050	3.1074121786750584	0.38095828723058056	0.12259663840057869	IRF3	0.26961946	False
3051	3.1074121786750584	0.38095828723058056	0.12259663840057869	BCL2L12	0.26961946	False
3052	3.1074121786750584	0.38095828723058056	0.12259663840057869	PRMT1	0.26961946	False
3053	3.1074121786750584	0.38095828723058056	0.12259663840057869	MIR5088	0.26961946	False
3054	3.1074121786750584	0.38095828723058056	0.12259663840057869	ADM5	0.26961946	False
3055	3.1074121786750584	0.38095828723058056	0.12259663840057869	CPT1C	0.26961946	False
3056	3.1074121786750584	0.38095828723058056	0.12259663840057869	TSKS	0.26961946	False
3057	3.1074121786750584	0.38095828723058056	0.12259663840057869	AP2A1	0.26961946	False
3058	3.1074121786750584	0.38095828723058056	0.12259663840057869	MIR6799	0.26961946	False
3059	3.1074121786750584	0.38095828723058056	0.12259663840057869	FUZ	0.26961946	False
3060	3.1074121786750584	0.38095828723058056	0.12259663840057869	MED25	0.26961946	False
3061	3.1074121786750584	0.38095828723058056	0.12259663840057869	MIR6800	0.26961946	False
3062	3.1074121786750584	0.38095828723058056	0.12259663840057869	PTOV1-AS1	0.26961946	False
3063	3.1074121786750584	0.38095828723058056	0.12259663840057869	PTOV1	0.26961946	False
3064	3.1074121786750584	0.38095828723058056	0.12259663840057869	MIR4749	0.26961946	False
3065	3.1074121786750584	0.38095828723058056	0.12259663840057869	PTOV1-AS2	0.26961946	False
3066	3.1074121786750584	0.38095828723058056	0.12259663840057869	PNKP	0.26961946	False
3067	3.1074121786750584	0.38095828723058056	0.12259663840057869	AKT1S1	0.26961946	False
3068	3.1074121786750584	0.38095828723058056	0.12259663840057869	TBC1D17	0.26961946	False
3069	3.1074121786750584	0.38095828723058056	0.12259663840057869	MIR4750	0.26961946	False
3070	2.8556595127456745	0.26431355071034435	0.09255779602947509	IL4I1	0.26961854	False
3071	2.8556595127456745	0.26431355071034435	0.09255779602947509	NUP62	0.26961854	False
3072	2.8556595127456745	0.26431355071034435	0.09255779602947509	ATF5	0.26961854	False
3073	2.8556595127456745	0.26431355071034435	0.09255779602947509	MIR4751	0.26961854	False
3074	2.8556595127456745	0.26431355071034435	0.09255779602947509	SIGLEC11	0.26961854	False
3075	2.8556595127456745	0.26431355071034435	0.09255779602947509	VRK3	0.26961854	False
3076	2.8556595127456745	0.26431355071034435	0.09255779602947509	ZNF473	0.26961854	False
3077	2.8556595127456745	0.26431355071034435	0.09255779602947509	LOC400710	0.26961854	False
