sample	snp	allele	n_pairs	bam	bed
11t	chr1:16613925:A:G	ref	1	/lustre_scratch/user_scratch/szhang37/bam_split/11t__chr1_16613925_A_G__ref.bam	/lustre_scratch/user_scratch/szhang37/bam_split/11t__chr1_16613925_A_G__ref_RPGC.bed
11t	chr1:16613958:C:T	ref	1	/lustre_scratch/user_scratch/szhang37/bam_split/11t__chr1_16613958_C_T__ref.bam	/lustre_scratch/user_scratch/szhang37/bam_split/11t__chr1_16613958_C_T__ref_RPGC.bed
11t	chr1:228635625:G:C	alt	1	/lustre_scratch/user_scratch/szhang37/bam_split/11t__chr1_228635625_G_C__alt.bam	/lustre_scratch/user_scratch/szhang37/bam_split/11t__chr1_228635625_G_C__alt_RPGC.bed
11t	chr1:241640356:A:G	ref	2	/lustre_scratch/user_scratch/szhang37/bam_split/11t__chr1_241640356_A_G__ref.bam	/lustre_scratch/user_scratch/szhang37/bam_split/11t__chr1_241640356_A_G__ref_RPGC.bed
11t	chr1:241640356:A:G	alt	4	/lustre_scratch/user_scratch/szhang37/bam_split/11t__chr1_241640356_A_G__alt.bam	/lustre_scratch/user_scratch/szhang37/bam_split/11t__chr1_241640356_A_G__alt_RPGC.bed
11t	chr12:21437854:C:A	ref	1	/lustre_scratch/user_scratch/szhang37/bam_split/11t__chr12_21437854_C_A__ref.bam	/lustre_scratch/user_scratch/szhang37/bam_split/11t__chr12_21437854_C_A__ref_RPGC.bed
11t	chr12:21437854:C:A	alt	3	/lustre_scratch/user_scratch/szhang37/bam_split/11t__chr12_21437854_C_A__alt.bam	/lustre_scratch/user_scratch/szhang37/bam_split/11t__chr12_21437854_C_A__alt_RPGC.bed
11t	chr12:54560572:A:T	ref	2	/lustre_scratch/user_scratch/szhang37/bam_split/11t__chr12_54560572_A_T__ref.bam	/lustre_scratch/user_scratch/szhang37/bam_split/11t__chr12_54560572_A_T__ref_RPGC.bed
11t	chr12:54560572:A:T	alt	2	/lustre_scratch/user_scratch/szhang37/bam_split/11t__chr12_54560572_A_T__alt.bam	/lustre_scratch/user_scratch/szhang37/bam_split/11t__chr12_54560572_A_T__alt_RPGC.bed
11t	chr14:105087055:G:A	ref	1	/lustre_scratch/user_scratch/szhang37/bam_split/11t__chr14_105087055_G_A__ref.bam	/lustre_scratch/user_scratch/szhang37/bam_split/11t__chr14_105087055_G_A__ref_RPGC.bed
11t	chr16:28609990:T:C	alt	2	/lustre_scratch/user_scratch/szhang37/bam_split/11t__chr16_28609990_T_C__alt.bam	/lustre_scratch/user_scratch/szhang37/bam_split/11t__chr16_28609990_T_C__alt_RPGC.bed
11t	chr16:81314879:A:G	alt	2	/lustre_scratch/user_scratch/szhang37/bam_split/11t__chr16_81314879_A_G__alt.bam	/lustre_scratch/user_scratch/szhang37/bam_split/11t__chr16_81314879_A_G__alt_RPGC.bed
11t	chr17:3049001:C:G	ref	1	/lustre_scratch/user_scratch/szhang37/bam_split/11t__chr17_3049001_C_G__ref.bam	/lustre_scratch/user_scratch/szhang37/bam_split/11t__chr17_3049001_C_G__ref_RPGC.bed
11t	chr17:3049001:C:G	alt	2	/lustre_scratch/user_scratch/szhang37/bam_split/11t__chr17_3049001_C_G__alt.bam	/lustre_scratch/user_scratch/szhang37/bam_split/11t__chr17_3049001_C_G__alt_RPGC.bed
11t	chr17:3636748:G:A	ref	2	/lustre_scratch/user_scratch/szhang37/bam_split/11t__chr17_3636748_G_A__ref.bam	/lustre_scratch/user_scratch/szhang37/bam_split/11t__chr17_3636748_G_A__ref_RPGC.bed
11t	chr17:3636748:G:A	alt	1	/lustre_scratch/user_scratch/szhang37/bam_split/11t__chr17_3636748_G_A__alt.bam	/lustre_scratch/user_scratch/szhang37/bam_split/11t__chr17_3636748_G_A__alt_RPGC.bed
11t	chr17:36189016:A:G	alt	3	/lustre_scratch/user_scratch/szhang37/bam_split/11t__chr17_36189016_A_G__alt.bam	/lustre_scratch/user_scratch/szhang37/bam_split/11t__chr17_36189016_A_G__alt_RPGC.bed
11t	chr17:36189143:C:G	ref	6	/lustre_scratch/user_scratch/szhang37/bam_split/11t__chr17_36189143_C_G__ref.bam	/lustre_scratch/user_scratch/szhang37/bam_split/11t__chr17_36189143_C_G__ref_RPGC.bed
11t	chr17:36189146:G:A	ref	3	/lustre_scratch/user_scratch/szhang37/bam_split/11t__chr17_36189146_G_A__ref.bam	/lustre_scratch/user_scratch/szhang37/bam_split/11t__chr17_36189146_G_A__ref_RPGC.bed
11t	chr17:36189146:G:A	alt	3	/lustre_scratch/user_scratch/szhang37/bam_split/11t__chr17_36189146_G_A__alt.bam	/lustre_scratch/user_scratch/szhang37/bam_split/11t__chr17_36189146_G_A__alt_RPGC.bed
11t	chr17:36189169:C:G	ref	6	/lustre_scratch/user_scratch/szhang37/bam_split/11t__chr17_36189169_C_G__ref.bam	/lustre_scratch/user_scratch/szhang37/bam_split/11t__chr17_36189169_C_G__ref_RPGC.bed
11t	chr17:36189263:C:T	alt	2	/lustre_scratch/user_scratch/szhang37/bam_split/11t__chr17_36189263_C_T__alt.bam	/lustre_scratch/user_scratch/szhang37/bam_split/11t__chr17_36189263_C_T__alt_RPGC.bed
11t	chr17:36195587:C:T	alt	1	/lustre_scratch/user_scratch/szhang37/bam_split/11t__chr17_36195587_C_T__alt.bam	/lustre_scratch/user_scratch/szhang37/bam_split/11t__chr17_36195587_C_T__alt_RPGC.bed
11t	chr17:79074920:C:G	ref	1	/lustre_scratch/user_scratch/szhang37/bam_split/11t__chr17_79074920_C_G__ref.bam	/lustre_scratch/user_scratch/szhang37/bam_split/11t__chr17_79074920_C_G__ref_RPGC.bed
11t	chr17:79074920:C:G	alt	2	/lustre_scratch/user_scratch/szhang37/bam_split/11t__chr17_79074920_C_G__alt.bam	/lustre_scratch/user_scratch/szhang37/bam_split/11t__chr17_79074920_C_G__alt_RPGC.bed
11t	chr18:47749267:A:C	ref	2	/lustre_scratch/user_scratch/szhang37/bam_split/11t__chr18_47749267_A_C__ref.bam	/lustre_scratch/user_scratch/szhang37/bam_split/11t__chr18_47749267_A_C__ref_RPGC.bed
11t	chr18:54269477:G:T	ref	2	/lustre_scratch/user_scratch/szhang37/bam_split/11t__chr18_54269477_G_T__ref.bam	/lustre_scratch/user_scratch/szhang37/bam_split/11t__chr18_54269477_G_T__ref_RPGC.bed
11t	chr18:54269477:G:T	alt	1	/lustre_scratch/user_scratch/szhang37/bam_split/11t__chr18_54269477_G_T__alt.bam	/lustre_scratch/user_scratch/szhang37/bam_split/11t__chr18_54269477_G_T__alt_RPGC.bed
11t	chr19:4247479:C:T	ref	3	/lustre_scratch/user_scratch/szhang37/bam_split/11t__chr19_4247479_C_T__ref.bam	/lustre_scratch/user_scratch/szhang37/bam_split/11t__chr19_4247479_C_T__ref_RPGC.bed
11t	chr19:4247479:C:T	alt	3	/lustre_scratch/user_scratch/szhang37/bam_split/11t__chr19_4247479_C_T__alt.bam	/lustre_scratch/user_scratch/szhang37/bam_split/11t__chr19_4247479_C_T__alt_RPGC.bed
11t	chr19:6739699:G:T	ref	1	/lustre_scratch/user_scratch/szhang37/bam_split/11t__chr19_6739699_G_T__ref.bam	/lustre_scratch/user_scratch/szhang37/bam_split/11t__chr19_6739699_G_T__ref_RPGC.bed
11t	chr19:43475287:T:C	ref	1	/lustre_scratch/user_scratch/szhang37/bam_split/11t__chr19_43475287_T_C__ref.bam	/lustre_scratch/user_scratch/szhang37/bam_split/11t__chr19_43475287_T_C__ref_RPGC.bed
11t	chr19:43475287:T:C	alt	1	/lustre_scratch/user_scratch/szhang37/bam_split/11t__chr19_43475287_T_C__alt.bam	/lustre_scratch/user_scratch/szhang37/bam_split/11t__chr19_43475287_T_C__alt_RPGC.bed
11t	chr19:45423658:C:A	ref	1	/lustre_scratch/user_scratch/szhang37/bam_split/11t__chr19_45423658_C_A__ref.bam	/lustre_scratch/user_scratch/szhang37/bam_split/11t__chr19_45423658_C_A__ref_RPGC.bed
11t	chr19:45423658:C:A	alt	1	/lustre_scratch/user_scratch/szhang37/bam_split/11t__chr19_45423658_C_A__alt.bam	/lustre_scratch/user_scratch/szhang37/bam_split/11t__chr19_45423658_C_A__alt_RPGC.bed
11t	chr2:11155127:G:A	ref	6	/lustre_scratch/user_scratch/szhang37/bam_split/11t__chr2_11155127_G_A__ref.bam	/lustre_scratch/user_scratch/szhang37/bam_split/11t__chr2_11155127_G_A__ref_RPGC.bed
11t	chr2:98508913:C:T	alt	2	/lustre_scratch/user_scratch/szhang37/bam_split/11t__chr2_98508913_C_T__alt.bam	/lustre_scratch/user_scratch/szhang37/bam_split/11t__chr2_98508913_C_T__alt_RPGC.bed
11t	chr20:1118651:T:C	alt	2	/lustre_scratch/user_scratch/szhang37/bam_split/11t__chr20_1118651_T_C__alt.bam	/lustre_scratch/user_scratch/szhang37/bam_split/11t__chr20_1118651_T_C__alt_RPGC.bed
11t	chr20:49046286:T:G	ref	2	/lustre_scratch/user_scratch/szhang37/bam_split/11t__chr20_49046286_T_G__ref.bam	/lustre_scratch/user_scratch/szhang37/bam_split/11t__chr20_49046286_T_G__ref_RPGC.bed
11t	chr20:49046286:T:G	alt	1	/lustre_scratch/user_scratch/szhang37/bam_split/11t__chr20_49046286_T_G__alt.bam	/lustre_scratch/user_scratch/szhang37/bam_split/11t__chr20_49046286_T_G__alt_RPGC.bed
11t	chr20:59032394:C:A	ref	1	/lustre_scratch/user_scratch/szhang37/bam_split/11t__chr20_59032394_C_A__ref.bam	/lustre_scratch/user_scratch/szhang37/bam_split/11t__chr20_59032394_C_A__ref_RPGC.bed
11t	chr20:59032394:C:A	alt	4	/lustre_scratch/user_scratch/szhang37/bam_split/11t__chr20_59032394_C_A__alt.bam	/lustre_scratch/user_scratch/szhang37/bam_split/11t__chr20_59032394_C_A__alt_RPGC.bed
11t	chr22:45164027:C:T	alt	1	/lustre_scratch/user_scratch/szhang37/bam_split/11t__chr22_45164027_C_T__alt.bam	/lustre_scratch/user_scratch/szhang37/bam_split/11t__chr22_45164027_C_T__alt_RPGC.bed
11t	chr3:9397385:T:C	ref	2	/lustre_scratch/user_scratch/szhang37/bam_split/11t__chr3_9397385_T_C__ref.bam	/lustre_scratch/user_scratch/szhang37/bam_split/11t__chr3_9397385_T_C__ref_RPGC.bed
11t	chr3:9397385:T:C	alt	1	/lustre_scratch/user_scratch/szhang37/bam_split/11t__chr3_9397385_T_C__alt.bam	/lustre_scratch/user_scratch/szhang37/bam_split/11t__chr3_9397385_T_C__alt_RPGC.bed
11t	chr3:52057238:A:G	alt	2	/lustre_scratch/user_scratch/szhang37/bam_split/11t__chr3_52057238_A_G__alt.bam	/lustre_scratch/user_scratch/szhang37/bam_split/11t__chr3_52057238_A_G__alt_RPGC.bed
11t	chr5:67215959:C:G	alt	1	/lustre_scratch/user_scratch/szhang37/bam_split/11t__chr5_67215959_C_G__alt.bam	/lustre_scratch/user_scratch/szhang37/bam_split/11t__chr5_67215959_C_G__alt_RPGC.bed
11t	chr6:31795967:G:A	ref	2	/lustre_scratch/user_scratch/szhang37/bam_split/11t__chr6_31795967_G_A__ref.bam	/lustre_scratch/user_scratch/szhang37/bam_split/11t__chr6_31795967_G_A__ref_RPGC.bed
11t	chr6:31795967:G:A	alt	2	/lustre_scratch/user_scratch/szhang37/bam_split/11t__chr6_31795967_G_A__alt.bam	/lustre_scratch/user_scratch/szhang37/bam_split/11t__chr6_31795967_G_A__alt_RPGC.bed
11t	chr6:136822473:A:T	ref	2	/lustre_scratch/user_scratch/szhang37/bam_split/11t__chr6_136822473_A_T__ref.bam	/lustre_scratch/user_scratch/szhang37/bam_split/11t__chr6_136822473_A_T__ref_RPGC.bed
11t	chr7:25180369:C:G	ref	2	/lustre_scratch/user_scratch/szhang37/bam_split/11t__chr7_25180369_C_G__ref.bam	/lustre_scratch/user_scratch/szhang37/bam_split/11t__chr7_25180369_C_G__ref_RPGC.bed
11t	chr7:25180369:C:G	alt	6	/lustre_scratch/user_scratch/szhang37/bam_split/11t__chr7_25180369_C_G__alt.bam	/lustre_scratch/user_scratch/szhang37/bam_split/11t__chr7_25180369_C_G__alt_RPGC.bed
11t	chr9:69760025:C:A	ref	1	/lustre_scratch/user_scratch/szhang37/bam_split/11t__chr9_69760025_C_A__ref.bam	/lustre_scratch/user_scratch/szhang37/bam_split/11t__chr9_69760025_C_A__ref_RPGC.bed
11t	chr9:69760025:C:A	alt	2	/lustre_scratch/user_scratch/szhang37/bam_split/11t__chr9_69760025_C_A__alt.bam	/lustre_scratch/user_scratch/szhang37/bam_split/11t__chr9_69760025_C_A__alt_RPGC.bed
11t	chr9:108934109:G:C	ref	2	/lustre_scratch/user_scratch/szhang37/bam_split/11t__chr9_108934109_G_C__ref.bam	/lustre_scratch/user_scratch/szhang37/bam_split/11t__chr9_108934109_G_C__ref_RPGC.bed
11t	chr9:108934109:G:C	alt	2	/lustre_scratch/user_scratch/szhang37/bam_split/11t__chr9_108934109_G_C__alt.bam	/lustre_scratch/user_scratch/szhang37/bam_split/11t__chr9_108934109_G_C__alt_RPGC.bed
11t	chr9:129835342:T:C	ref	1	/lustre_scratch/user_scratch/szhang37/bam_split/11t__chr9_129835342_T_C__ref.bam	/lustre_scratch/user_scratch/szhang37/bam_split/11t__chr9_129835342_T_C__ref_RPGC.bed
11t	chr9:129835342:T:C	alt	3	/lustre_scratch/user_scratch/szhang37/bam_split/11t__chr9_129835342_T_C__alt.bam	/lustre_scratch/user_scratch/szhang37/bam_split/11t__chr9_129835342_T_C__alt_RPGC.bed
12t	chr1:16613925:A:G	alt	2	/lustre_scratch/user_scratch/szhang37/bam_split/12t__chr1_16613925_A_G__alt.bam	/lustre_scratch/user_scratch/szhang37/bam_split/12t__chr1_16613925_A_G__alt_RPGC.bed
12t	chr1:16613958:C:T	ref	1	/lustre_scratch/user_scratch/szhang37/bam_split/12t__chr1_16613958_C_T__ref.bam	/lustre_scratch/user_scratch/szhang37/bam_split/12t__chr1_16613958_C_T__ref_RPGC.bed
12t	chr1:88684130:C:T	ref	3	/lustre_scratch/user_scratch/szhang37/bam_split/12t__chr1_88684130_C_T__ref.bam	/lustre_scratch/user_scratch/szhang37/bam_split/12t__chr1_88684130_C_T__ref_RPGC.bed
12t	chr1:161390226:T:G	ref	1	/lustre_scratch/user_scratch/szhang37/bam_split/12t__chr1_161390226_T_G__ref.bam	/lustre_scratch/user_scratch/szhang37/bam_split/12t__chr1_161390226_T_G__ref_RPGC.bed
12t	chr1:161390226:T:G	alt	3	/lustre_scratch/user_scratch/szhang37/bam_split/12t__chr1_161390226_T_G__alt.bam	/lustre_scratch/user_scratch/szhang37/bam_split/12t__chr1_161390226_T_G__alt_RPGC.bed
12t	chr1:161390267:C:T	ref	3	/lustre_scratch/user_scratch/szhang37/bam_split/12t__chr1_161390267_C_T__ref.bam	/lustre_scratch/user_scratch/szhang37/bam_split/12t__chr1_161390267_C_T__ref_RPGC.bed
12t	chr1:161390267:C:T	alt	2	/lustre_scratch/user_scratch/szhang37/bam_split/12t__chr1_161390267_C_T__alt.bam	/lustre_scratch/user_scratch/szhang37/bam_split/12t__chr1_161390267_C_T__alt_RPGC.bed
12t	chr10:38356377:G:T	ref	1	/lustre_scratch/user_scratch/szhang37/bam_split/12t__chr10_38356377_G_T__ref.bam	/lustre_scratch/user_scratch/szhang37/bam_split/12t__chr10_38356377_G_T__ref_RPGC.bed
12t	chr10:38356377:G:T	alt	1	/lustre_scratch/user_scratch/szhang37/bam_split/12t__chr10_38356377_G_T__alt.bam	/lustre_scratch/user_scratch/szhang37/bam_split/12t__chr10_38356377_G_T__alt_RPGC.bed
12t	chr10:70170487:G:T	alt	1	/lustre_scratch/user_scratch/szhang37/bam_split/12t__chr10_70170487_G_T__alt.bam	/lustre_scratch/user_scratch/szhang37/bam_split/12t__chr10_70170487_G_T__alt_RPGC.bed
12t	chr16:28609990:T:C	ref	1	/lustre_scratch/user_scratch/szhang37/bam_split/12t__chr16_28609990_T_C__ref.bam	/lustre_scratch/user_scratch/szhang37/bam_split/12t__chr16_28609990_T_C__ref_RPGC.bed
12t	chr17:3049001:C:G	ref	1	/lustre_scratch/user_scratch/szhang37/bam_split/12t__chr17_3049001_C_G__ref.bam	/lustre_scratch/user_scratch/szhang37/bam_split/12t__chr17_3049001_C_G__ref_RPGC.bed
12t	chr17:3049001:C:G	alt	1	/lustre_scratch/user_scratch/szhang37/bam_split/12t__chr17_3049001_C_G__alt.bam	/lustre_scratch/user_scratch/szhang37/bam_split/12t__chr17_3049001_C_G__alt_RPGC.bed
12t	chr17:28842872:G:C	alt	1	/lustre_scratch/user_scratch/szhang37/bam_split/12t__chr17_28842872_G_C__alt.bam	/lustre_scratch/user_scratch/szhang37/bam_split/12t__chr17_28842872_G_C__alt_RPGC.bed
12t	chr17:79074920:C:G	ref	1	/lustre_scratch/user_scratch/szhang37/bam_split/12t__chr17_79074920_C_G__ref.bam	/lustre_scratch/user_scratch/szhang37/bam_split/12t__chr17_79074920_C_G__ref_RPGC.bed
12t	chr17:79074920:C:G	alt	3	/lustre_scratch/user_scratch/szhang37/bam_split/12t__chr17_79074920_C_G__alt.bam	/lustre_scratch/user_scratch/szhang37/bam_split/12t__chr17_79074920_C_G__alt_RPGC.bed
12t	chr18:54269477:G:T	ref	1	/lustre_scratch/user_scratch/szhang37/bam_split/12t__chr18_54269477_G_T__ref.bam	/lustre_scratch/user_scratch/szhang37/bam_split/12t__chr18_54269477_G_T__ref_RPGC.bed
12t	chr18:54269477:G:T	alt	1	/lustre_scratch/user_scratch/szhang37/bam_split/12t__chr18_54269477_G_T__alt.bam	/lustre_scratch/user_scratch/szhang37/bam_split/12t__chr18_54269477_G_T__alt_RPGC.bed
12t	chr19:17305548:G:A	ref	2	/lustre_scratch/user_scratch/szhang37/bam_split/12t__chr19_17305548_G_A__ref.bam	/lustre_scratch/user_scratch/szhang37/bam_split/12t__chr19_17305548_G_A__ref_RPGC.bed
12t	chr19:53431907:G:A	alt	2	/lustre_scratch/user_scratch/szhang37/bam_split/12t__chr19_53431907_G_A__alt.bam	/lustre_scratch/user_scratch/szhang37/bam_split/12t__chr19_53431907_G_A__alt_RPGC.bed
12t	chr20:62143364:C:T	alt	2	/lustre_scratch/user_scratch/szhang37/bam_split/12t__chr20_62143364_C_T__alt.bam	/lustre_scratch/user_scratch/szhang37/bam_split/12t__chr20_62143364_C_T__alt_RPGC.bed
12t	chr4:107720308:A:G	ref	2	/lustre_scratch/user_scratch/szhang37/bam_split/12t__chr4_107720308_A_G__ref.bam	/lustre_scratch/user_scratch/szhang37/bam_split/12t__chr4_107720308_A_G__ref_RPGC.bed
12t	chr4:107720308:A:G	alt	4	/lustre_scratch/user_scratch/szhang37/bam_split/12t__chr4_107720308_A_G__alt.bam	/lustre_scratch/user_scratch/szhang37/bam_split/12t__chr4_107720308_A_G__alt_RPGC.bed
12t	chr4:107720445:G:A	ref	2	/lustre_scratch/user_scratch/szhang37/bam_split/12t__chr4_107720445_G_A__ref.bam	/lustre_scratch/user_scratch/szhang37/bam_split/12t__chr4_107720445_G_A__ref_RPGC.bed
12t	chr4:107720445:G:A	alt	2	/lustre_scratch/user_scratch/szhang37/bam_split/12t__chr4_107720445_G_A__alt.bam	/lustre_scratch/user_scratch/szhang37/bam_split/12t__chr4_107720445_G_A__alt_RPGC.bed
12t	chr5:56909530:A:G	alt	3	/lustre_scratch/user_scratch/szhang37/bam_split/12t__chr5_56909530_A_G__alt.bam	/lustre_scratch/user_scratch/szhang37/bam_split/12t__chr5_56909530_A_G__alt_RPGC.bed
12t	chr5:67215959:C:G	ref	2	/lustre_scratch/user_scratch/szhang37/bam_split/12t__chr5_67215959_C_G__ref.bam	/lustre_scratch/user_scratch/szhang37/bam_split/12t__chr5_67215959_C_G__ref_RPGC.bed
12t	chr6:3751890:C:A	alt	1	/lustre_scratch/user_scratch/szhang37/bam_split/12t__chr6_3751890_C_A__alt.bam	/lustre_scratch/user_scratch/szhang37/bam_split/12t__chr6_3751890_C_A__alt_RPGC.bed
12t	chr6:118935183:T:C	ref	1	/lustre_scratch/user_scratch/szhang37/bam_split/12t__chr6_118935183_T_C__ref.bam	/lustre_scratch/user_scratch/szhang37/bam_split/12t__chr6_118935183_T_C__ref_RPGC.bed
12t	chr9:6703997:C:A	alt	1	/lustre_scratch/user_scratch/szhang37/bam_split/12t__chr9_6703997_C_A__alt.bam	/lustre_scratch/user_scratch/szhang37/bam_split/12t__chr9_6703997_C_A__alt_RPGC.bed
12t	chr9:69760025:C:A	alt	4	/lustre_scratch/user_scratch/szhang37/bam_split/12t__chr9_69760025_C_A__alt.bam	/lustre_scratch/user_scratch/szhang37/bam_split/12t__chr9_69760025_C_A__alt_RPGC.bed
12t	chr9:108934109:G:C	alt	3	/lustre_scratch/user_scratch/szhang37/bam_split/12t__chr9_108934109_G_C__alt.bam	/lustre_scratch/user_scratch/szhang37/bam_split/12t__chr9_108934109_G_C__alt_RPGC.bed
13t	chr1:15525181:C:A	ref	1	/lustre_scratch/user_scratch/szhang37/bam_split/13t__chr1_15525181_C_A__ref.bam	/lustre_scratch/user_scratch/szhang37/bam_split/13t__chr1_15525181_C_A__ref_RPGC.bed
13t	chr1:15525181:C:A	alt	2	/lustre_scratch/user_scratch/szhang37/bam_split/13t__chr1_15525181_C_A__alt.bam	/lustre_scratch/user_scratch/szhang37/bam_split/13t__chr1_15525181_C_A__alt_RPGC.bed
13t	chr1:16206601:C:T	ref	4	/lustre_scratch/user_scratch/szhang37/bam_split/13t__chr1_16206601_C_T__ref.bam	/lustre_scratch/user_scratch/szhang37/bam_split/13t__chr1_16206601_C_T__ref_RPGC.bed
13t	chr1:16206601:C:T	alt	1	/lustre_scratch/user_scratch/szhang37/bam_split/13t__chr1_16206601_C_T__alt.bam	/lustre_scratch/user_scratch/szhang37/bam_split/13t__chr1_16206601_C_T__alt_RPGC.bed
13t	chr1:16613925:A:G	ref	2	/lustre_scratch/user_scratch/szhang37/bam_split/13t__chr1_16613925_A_G__ref.bam	/lustre_scratch/user_scratch/szhang37/bam_split/13t__chr1_16613925_A_G__ref_RPGC.bed
13t	chr1:16613925:A:G	alt	1	/lustre_scratch/user_scratch/szhang37/bam_split/13t__chr1_16613925_A_G__alt.bam	/lustre_scratch/user_scratch/szhang37/bam_split/13t__chr1_16613925_A_G__alt_RPGC.bed
13t	chr1:16613958:C:T	ref	1	/lustre_scratch/user_scratch/szhang37/bam_split/13t__chr1_16613958_C_T__ref.bam	/lustre_scratch/user_scratch/szhang37/bam_split/13t__chr1_16613958_C_T__ref_RPGC.bed
13t	chr1:16613958:C:T	alt	2	/lustre_scratch/user_scratch/szhang37/bam_split/13t__chr1_16613958_C_T__alt.bam	/lustre_scratch/user_scratch/szhang37/bam_split/13t__chr1_16613958_C_T__alt_RPGC.bed
13t	chr1:111755596:C:A	alt	2	/lustre_scratch/user_scratch/szhang37/bam_split/13t__chr1_111755596_C_A__alt.bam	/lustre_scratch/user_scratch/szhang37/bam_split/13t__chr1_111755596_C_A__alt_RPGC.bed
13t	chr1:206470431:A:G	ref	1	/lustre_scratch/user_scratch/szhang37/bam_split/13t__chr1_206470431_A_G__ref.bam	/lustre_scratch/user_scratch/szhang37/bam_split/13t__chr1_206470431_A_G__ref_RPGC.bed
13t	chr1:206470431:A:G	alt	2	/lustre_scratch/user_scratch/szhang37/bam_split/13t__chr1_206470431_A_G__alt.bam	/lustre_scratch/user_scratch/szhang37/bam_split/13t__chr1_206470431_A_G__alt_RPGC.bed
13t	chr11:6390286:C:T	ref	3	/lustre_scratch/user_scratch/szhang37/bam_split/13t__chr11_6390286_C_T__ref.bam	/lustre_scratch/user_scratch/szhang37/bam_split/13t__chr11_6390286_C_T__ref_RPGC.bed
13t	chr11:6390286:C:T	alt	3	/lustre_scratch/user_scratch/szhang37/bam_split/13t__chr11_6390286_C_T__alt.bam	/lustre_scratch/user_scratch/szhang37/bam_split/13t__chr11_6390286_C_T__alt_RPGC.bed
13t	chr11:18322147:G:T	ref	1	/lustre_scratch/user_scratch/szhang37/bam_split/13t__chr11_18322147_G_T__ref.bam	/lustre_scratch/user_scratch/szhang37/bam_split/13t__chr11_18322147_G_T__ref_RPGC.bed
13t	chr11:18634515:G:C	ref	2	/lustre_scratch/user_scratch/szhang37/bam_split/13t__chr11_18634515_G_C__ref.bam	/lustre_scratch/user_scratch/szhang37/bam_split/13t__chr11_18634515_G_C__ref_RPGC.bed
13t	chr11:18634515:G:C	alt	2	/lustre_scratch/user_scratch/szhang37/bam_split/13t__chr11_18634515_G_C__alt.bam	/lustre_scratch/user_scratch/szhang37/bam_split/13t__chr11_18634515_G_C__alt_RPGC.bed
13t	chr12:8243830:G:C	ref	1	/lustre_scratch/user_scratch/szhang37/bam_split/13t__chr12_8243830_G_C__ref.bam	/lustre_scratch/user_scratch/szhang37/bam_split/13t__chr12_8243830_G_C__ref_RPGC.bed
13t	chr12:8243830:G:C	alt	1	/lustre_scratch/user_scratch/szhang37/bam_split/13t__chr12_8243830_G_C__alt.bam	/lustre_scratch/user_scratch/szhang37/bam_split/13t__chr12_8243830_G_C__alt_RPGC.bed
13t	chr12:9448192:A:T	ref	2	/lustre_scratch/user_scratch/szhang37/bam_split/13t__chr12_9448192_A_T__ref.bam	/lustre_scratch/user_scratch/szhang37/bam_split/13t__chr12_9448192_A_T__ref_RPGC.bed
13t	chr12:120291953:A:T	alt	2	/lustre_scratch/user_scratch/szhang37/bam_split/13t__chr12_120291953_A_T__alt.bam	/lustre_scratch/user_scratch/szhang37/bam_split/13t__chr12_120291953_A_T__alt_RPGC.bed
13t	chr15:34969886:C:T	ref	2	/lustre_scratch/user_scratch/szhang37/bam_split/13t__chr15_34969886_C_T__ref.bam	/lustre_scratch/user_scratch/szhang37/bam_split/13t__chr15_34969886_C_T__ref_RPGC.bed
13t	chr15:34969886:C:T	alt	3	/lustre_scratch/user_scratch/szhang37/bam_split/13t__chr15_34969886_C_T__alt.bam	/lustre_scratch/user_scratch/szhang37/bam_split/13t__chr15_34969886_C_T__alt_RPGC.bed
13t	chr16:11076:G:C	alt	2	/lustre_scratch/user_scratch/szhang37/bam_split/13t__chr16_11076_G_C__alt.bam	/lustre_scratch/user_scratch/szhang37/bam_split/13t__chr16_11076_G_C__alt_RPGC.bed
13t	chr17:3636748:G:A	ref	2	/lustre_scratch/user_scratch/szhang37/bam_split/13t__chr17_3636748_G_A__ref.bam	/lustre_scratch/user_scratch/szhang37/bam_split/13t__chr17_3636748_G_A__ref_RPGC.bed
13t	chr17:3636748:G:A	alt	4	/lustre_scratch/user_scratch/szhang37/bam_split/13t__chr17_3636748_G_A__alt.bam	/lustre_scratch/user_scratch/szhang37/bam_split/13t__chr17_3636748_G_A__alt_RPGC.bed
13t	chr17:36189016:A:G	alt	3	/lustre_scratch/user_scratch/szhang37/bam_split/13t__chr17_36189016_A_G__alt.bam	/lustre_scratch/user_scratch/szhang37/bam_split/13t__chr17_36189016_A_G__alt_RPGC.bed
13t	chr17:36189143:C:G	ref	8	/lustre_scratch/user_scratch/szhang37/bam_split/13t__chr17_36189143_C_G__ref.bam	/lustre_scratch/user_scratch/szhang37/bam_split/13t__chr17_36189143_C_G__ref_RPGC.bed
13t	chr17:36189143:C:G	alt	2	/lustre_scratch/user_scratch/szhang37/bam_split/13t__chr17_36189143_C_G__alt.bam	/lustre_scratch/user_scratch/szhang37/bam_split/13t__chr17_36189143_C_G__alt_RPGC.bed
13t	chr17:36189146:G:A	ref	6	/lustre_scratch/user_scratch/szhang37/bam_split/13t__chr17_36189146_G_A__ref.bam	/lustre_scratch/user_scratch/szhang37/bam_split/13t__chr17_36189146_G_A__ref_RPGC.bed
13t	chr17:36189146:G:A	alt	4	/lustre_scratch/user_scratch/szhang37/bam_split/13t__chr17_36189146_G_A__alt.bam	/lustre_scratch/user_scratch/szhang37/bam_split/13t__chr17_36189146_G_A__alt_RPGC.bed
13t	chr17:36189169:C:G	ref	7	/lustre_scratch/user_scratch/szhang37/bam_split/13t__chr17_36189169_C_G__ref.bam	/lustre_scratch/user_scratch/szhang37/bam_split/13t__chr17_36189169_C_G__ref_RPGC.bed
13t	chr17:36189169:C:G	alt	1	/lustre_scratch/user_scratch/szhang37/bam_split/13t__chr17_36189169_C_G__alt.bam	/lustre_scratch/user_scratch/szhang37/bam_split/13t__chr17_36189169_C_G__alt_RPGC.bed
13t	chr17:36189263:C:T	ref	1	/lustre_scratch/user_scratch/szhang37/bam_split/13t__chr17_36189263_C_T__ref.bam	/lustre_scratch/user_scratch/szhang37/bam_split/13t__chr17_36189263_C_T__ref_RPGC.bed
13t	chr17:36189263:C:T	alt	8	/lustre_scratch/user_scratch/szhang37/bam_split/13t__chr17_36189263_C_T__alt.bam	/lustre_scratch/user_scratch/szhang37/bam_split/13t__chr17_36189263_C_T__alt_RPGC.bed
13t	chr17:36195587:C:T	alt	2	/lustre_scratch/user_scratch/szhang37/bam_split/13t__chr17_36195587_C_T__alt.bam	/lustre_scratch/user_scratch/szhang37/bam_split/13t__chr17_36195587_C_T__alt_RPGC.bed
13t	chr18:54269477:G:T	alt	1	/lustre_scratch/user_scratch/szhang37/bam_split/13t__chr18_54269477_G_T__alt.bam	/lustre_scratch/user_scratch/szhang37/bam_split/13t__chr18_54269477_G_T__alt_RPGC.bed
13t	chr18:63422534:C:T	ref	2	/lustre_scratch/user_scratch/szhang37/bam_split/13t__chr18_63422534_C_T__ref.bam	/lustre_scratch/user_scratch/szhang37/bam_split/13t__chr18_63422534_C_T__ref_RPGC.bed
13t	chr18:63422534:C:T	alt	2	/lustre_scratch/user_scratch/szhang37/bam_split/13t__chr18_63422534_C_T__alt.bam	/lustre_scratch/user_scratch/szhang37/bam_split/13t__chr18_63422534_C_T__alt_RPGC.bed
13t	chr19:2051333:G:A	ref	2	/lustre_scratch/user_scratch/szhang37/bam_split/13t__chr19_2051333_G_A__ref.bam	/lustre_scratch/user_scratch/szhang37/bam_split/13t__chr19_2051333_G_A__ref_RPGC.bed
13t	chr19:2051333:G:A	alt	1	/lustre_scratch/user_scratch/szhang37/bam_split/13t__chr19_2051333_G_A__alt.bam	/lustre_scratch/user_scratch/szhang37/bam_split/13t__chr19_2051333_G_A__alt_RPGC.bed
13t	chr19:6739699:G:T	ref	1	/lustre_scratch/user_scratch/szhang37/bam_split/13t__chr19_6739699_G_T__ref.bam	/lustre_scratch/user_scratch/szhang37/bam_split/13t__chr19_6739699_G_T__ref_RPGC.bed
13t	chr19:17305548:G:A	ref	2	/lustre_scratch/user_scratch/szhang37/bam_split/13t__chr19_17305548_G_A__ref.bam	/lustre_scratch/user_scratch/szhang37/bam_split/13t__chr19_17305548_G_A__ref_RPGC.bed
13t	chr19:17305548:G:A	alt	5	/lustre_scratch/user_scratch/szhang37/bam_split/13t__chr19_17305548_G_A__alt.bam	/lustre_scratch/user_scratch/szhang37/bam_split/13t__chr19_17305548_G_A__alt_RPGC.bed
13t	chr19:53431907:G:A	ref	4	/lustre_scratch/user_scratch/szhang37/bam_split/13t__chr19_53431907_G_A__ref.bam	/lustre_scratch/user_scratch/szhang37/bam_split/13t__chr19_53431907_G_A__ref_RPGC.bed
13t	chr19:53431907:G:A	alt	1	/lustre_scratch/user_scratch/szhang37/bam_split/13t__chr19_53431907_G_A__alt.bam	/lustre_scratch/user_scratch/szhang37/bam_split/13t__chr19_53431907_G_A__alt_RPGC.bed
13t	chr2:98508913:C:T	alt	3	/lustre_scratch/user_scratch/szhang37/bam_split/13t__chr2_98508913_C_T__alt.bam	/lustre_scratch/user_scratch/szhang37/bam_split/13t__chr2_98508913_C_T__alt_RPGC.bed
13t	chr2:112584474:G:T	alt	1	/lustre_scratch/user_scratch/szhang37/bam_split/13t__chr2_112584474_G_T__alt.bam	/lustre_scratch/user_scratch/szhang37/bam_split/13t__chr2_112584474_G_T__alt_RPGC.bed
13t	chr20:1118651:T:C	alt	2	/lustre_scratch/user_scratch/szhang37/bam_split/13t__chr20_1118651_T_C__alt.bam	/lustre_scratch/user_scratch/szhang37/bam_split/13t__chr20_1118651_T_C__alt_RPGC.bed
13t	chr20:59032394:C:A	ref	1	/lustre_scratch/user_scratch/szhang37/bam_split/13t__chr20_59032394_C_A__ref.bam	/lustre_scratch/user_scratch/szhang37/bam_split/13t__chr20_59032394_C_A__ref_RPGC.bed
13t	chr20:59032394:C:A	alt	3	/lustre_scratch/user_scratch/szhang37/bam_split/13t__chr20_59032394_C_A__alt.bam	/lustre_scratch/user_scratch/szhang37/bam_split/13t__chr20_59032394_C_A__alt_RPGC.bed
13t	chr20:62143364:C:T	ref	2	/lustre_scratch/user_scratch/szhang37/bam_split/13t__chr20_62143364_C_T__ref.bam	/lustre_scratch/user_scratch/szhang37/bam_split/13t__chr20_62143364_C_T__ref_RPGC.bed
13t	chr4:102625739:T:C	alt	1	/lustre_scratch/user_scratch/szhang37/bam_split/13t__chr4_102625739_T_C__alt.bam	/lustre_scratch/user_scratch/szhang37/bam_split/13t__chr4_102625739_T_C__alt_RPGC.bed
13t	chr4:107720308:A:G	ref	4	/lustre_scratch/user_scratch/szhang37/bam_split/13t__chr4_107720308_A_G__ref.bam	/lustre_scratch/user_scratch/szhang37/bam_split/13t__chr4_107720308_A_G__ref_RPGC.bed
13t	chr4:107720308:A:G	alt	2	/lustre_scratch/user_scratch/szhang37/bam_split/13t__chr4_107720308_A_G__alt.bam	/lustre_scratch/user_scratch/szhang37/bam_split/13t__chr4_107720308_A_G__alt_RPGC.bed
13t	chr4:107720445:G:A	ref	1	/lustre_scratch/user_scratch/szhang37/bam_split/13t__chr4_107720445_G_A__ref.bam	/lustre_scratch/user_scratch/szhang37/bam_split/13t__chr4_107720445_G_A__ref_RPGC.bed
13t	chr4:107720445:G:A	alt	2	/lustre_scratch/user_scratch/szhang37/bam_split/13t__chr4_107720445_G_A__alt.bam	/lustre_scratch/user_scratch/szhang37/bam_split/13t__chr4_107720445_G_A__alt_RPGC.bed
13t	chr5:67215959:C:G	ref	1	/lustre_scratch/user_scratch/szhang37/bam_split/13t__chr5_67215959_C_G__ref.bam	/lustre_scratch/user_scratch/szhang37/bam_split/13t__chr5_67215959_C_G__ref_RPGC.bed
13t	chr9:6703997:C:A	ref	2	/lustre_scratch/user_scratch/szhang37/bam_split/13t__chr9_6703997_C_A__ref.bam	/lustre_scratch/user_scratch/szhang37/bam_split/13t__chr9_6703997_C_A__ref_RPGC.bed
13t	chr9:6703997:C:A	alt	1	/lustre_scratch/user_scratch/szhang37/bam_split/13t__chr9_6703997_C_A__alt.bam	/lustre_scratch/user_scratch/szhang37/bam_split/13t__chr9_6703997_C_A__alt_RPGC.bed
13t	chr9:27529822:G:A	ref	1	/lustre_scratch/user_scratch/szhang37/bam_split/13t__chr9_27529822_G_A__ref.bam	/lustre_scratch/user_scratch/szhang37/bam_split/13t__chr9_27529822_G_A__ref_RPGC.bed
13t	chr9:27529822:G:A	alt	1	/lustre_scratch/user_scratch/szhang37/bam_split/13t__chr9_27529822_G_A__alt.bam	/lustre_scratch/user_scratch/szhang37/bam_split/13t__chr9_27529822_G_A__alt_RPGC.bed
13t	chr9:27529865:C:T	ref	1	/lustre_scratch/user_scratch/szhang37/bam_split/13t__chr9_27529865_C_T__ref.bam	/lustre_scratch/user_scratch/szhang37/bam_split/13t__chr9_27529865_C_T__ref_RPGC.bed
13t	chr9:27529865:C:T	alt	2	/lustre_scratch/user_scratch/szhang37/bam_split/13t__chr9_27529865_C_T__alt.bam	/lustre_scratch/user_scratch/szhang37/bam_split/13t__chr9_27529865_C_T__alt_RPGC.bed
13t	chr9:108934109:G:C	ref	1	/lustre_scratch/user_scratch/szhang37/bam_split/13t__chr9_108934109_G_C__ref.bam	/lustre_scratch/user_scratch/szhang37/bam_split/13t__chr9_108934109_G_C__ref_RPGC.bed
13t	chr9:108934109:G:C	alt	2	/lustre_scratch/user_scratch/szhang37/bam_split/13t__chr9_108934109_G_C__alt.bam	/lustre_scratch/user_scratch/szhang37/bam_split/13t__chr9_108934109_G_C__alt_RPGC.bed
13t	chr9:128193010:G:A	ref	1	/lustre_scratch/user_scratch/szhang37/bam_split/13t__chr9_128193010_G_A__ref.bam	/lustre_scratch/user_scratch/szhang37/bam_split/13t__chr9_128193010_G_A__ref_RPGC.bed
13t	chr9:128193010:G:A	alt	2	/lustre_scratch/user_scratch/szhang37/bam_split/13t__chr9_128193010_G_A__alt.bam	/lustre_scratch/user_scratch/szhang37/bam_split/13t__chr9_128193010_G_A__alt_RPGC.bed
13t	chr9:128193027:C:T	ref	1	/lustre_scratch/user_scratch/szhang37/bam_split/13t__chr9_128193027_C_T__ref.bam	/lustre_scratch/user_scratch/szhang37/bam_split/13t__chr9_128193027_C_T__ref_RPGC.bed
13t	chr9:128193027:C:T	alt	2	/lustre_scratch/user_scratch/szhang37/bam_split/13t__chr9_128193027_C_T__alt.bam	/lustre_scratch/user_scratch/szhang37/bam_split/13t__chr9_128193027_C_T__alt_RPGC.bed
15t	chr1:16613958:C:T	alt	1	/lustre_scratch/user_scratch/szhang37/bam_split/15t__chr1_16613958_C_T__alt.bam	/lustre_scratch/user_scratch/szhang37/bam_split/15t__chr1_16613958_C_T__alt_RPGC.bed
15t	chr1:206470431:A:G	ref	3	/lustre_scratch/user_scratch/szhang37/bam_split/15t__chr1_206470431_A_G__ref.bam	/lustre_scratch/user_scratch/szhang37/bam_split/15t__chr1_206470431_A_G__ref_RPGC.bed
15t	chr1:206470431:A:G	alt	2	/lustre_scratch/user_scratch/szhang37/bam_split/15t__chr1_206470431_A_G__alt.bam	/lustre_scratch/user_scratch/szhang37/bam_split/15t__chr1_206470431_A_G__alt_RPGC.bed
15t	chr1:228635625:G:C	alt	1	/lustre_scratch/user_scratch/szhang37/bam_split/15t__chr1_228635625_G_C__alt.bam	/lustre_scratch/user_scratch/szhang37/bam_split/15t__chr1_228635625_G_C__alt_RPGC.bed
15t	chr1:241640356:A:G	ref	4	/lustre_scratch/user_scratch/szhang37/bam_split/15t__chr1_241640356_A_G__ref.bam	/lustre_scratch/user_scratch/szhang37/bam_split/15t__chr1_241640356_A_G__ref_RPGC.bed
15t	chr1:241640356:A:G	alt	4	/lustre_scratch/user_scratch/szhang37/bam_split/15t__chr1_241640356_A_G__alt.bam	/lustre_scratch/user_scratch/szhang37/bam_split/15t__chr1_241640356_A_G__alt_RPGC.bed
15t	chr10:50067831:G:A	ref	1	/lustre_scratch/user_scratch/szhang37/bam_split/15t__chr10_50067831_G_A__ref.bam	/lustre_scratch/user_scratch/szhang37/bam_split/15t__chr10_50067831_G_A__ref_RPGC.bed
15t	chr10:50067831:G:A	alt	2	/lustre_scratch/user_scratch/szhang37/bam_split/15t__chr10_50067831_G_A__alt.bam	/lustre_scratch/user_scratch/szhang37/bam_split/15t__chr10_50067831_G_A__alt_RPGC.bed
15t	chr10:70170487:G:T	alt	4	/lustre_scratch/user_scratch/szhang37/bam_split/15t__chr10_70170487_G_T__alt.bam	/lustre_scratch/user_scratch/szhang37/bam_split/15t__chr10_70170487_G_T__alt_RPGC.bed
15t	chr11:18322147:G:T	ref	1	/lustre_scratch/user_scratch/szhang37/bam_split/15t__chr11_18322147_G_T__ref.bam	/lustre_scratch/user_scratch/szhang37/bam_split/15t__chr11_18322147_G_T__ref_RPGC.bed
15t	chr11:18322147:G:T	alt	2	/lustre_scratch/user_scratch/szhang37/bam_split/15t__chr11_18322147_G_T__alt.bam	/lustre_scratch/user_scratch/szhang37/bam_split/15t__chr11_18322147_G_T__alt_RPGC.bed
15t	chr11:18634515:G:C	ref	3	/lustre_scratch/user_scratch/szhang37/bam_split/15t__chr11_18634515_G_C__ref.bam	/lustre_scratch/user_scratch/szhang37/bam_split/15t__chr11_18634515_G_C__ref_RPGC.bed
15t	chr11:18634515:G:C	alt	4	/lustre_scratch/user_scratch/szhang37/bam_split/15t__chr11_18634515_G_C__alt.bam	/lustre_scratch/user_scratch/szhang37/bam_split/15t__chr11_18634515_G_C__alt_RPGC.bed
15t	chr12:9448192:A:T	ref	3	/lustre_scratch/user_scratch/szhang37/bam_split/15t__chr12_9448192_A_T__ref.bam	/lustre_scratch/user_scratch/szhang37/bam_split/15t__chr12_9448192_A_T__ref_RPGC.bed
15t	chr12:9448192:A:T	alt	1	/lustre_scratch/user_scratch/szhang37/bam_split/15t__chr12_9448192_A_T__alt.bam	/lustre_scratch/user_scratch/szhang37/bam_split/15t__chr12_9448192_A_T__alt_RPGC.bed
15t	chr12:54560572:A:T	ref	1	/lustre_scratch/user_scratch/szhang37/bam_split/15t__chr12_54560572_A_T__ref.bam	/lustre_scratch/user_scratch/szhang37/bam_split/15t__chr12_54560572_A_T__ref_RPGC.bed
15t	chr12:54560572:A:T	alt	1	/lustre_scratch/user_scratch/szhang37/bam_split/15t__chr12_54560572_A_T__alt.bam	/lustre_scratch/user_scratch/szhang37/bam_split/15t__chr12_54560572_A_T__alt_RPGC.bed
15t	chr12:120291953:A:T	ref	1	/lustre_scratch/user_scratch/szhang37/bam_split/15t__chr12_120291953_A_T__ref.bam	/lustre_scratch/user_scratch/szhang37/bam_split/15t__chr12_120291953_A_T__ref_RPGC.bed
15t	chr12:120291953:A:T	alt	1	/lustre_scratch/user_scratch/szhang37/bam_split/15t__chr12_120291953_A_T__alt.bam	/lustre_scratch/user_scratch/szhang37/bam_split/15t__chr12_120291953_A_T__alt_RPGC.bed
15t	chr13:46894174:T:G	ref	1	/lustre_scratch/user_scratch/szhang37/bam_split/15t__chr13_46894174_T_G__ref.bam	/lustre_scratch/user_scratch/szhang37/bam_split/15t__chr13_46894174_T_G__ref_RPGC.bed
15t	chr15:34969886:C:T	alt	3	/lustre_scratch/user_scratch/szhang37/bam_split/15t__chr15_34969886_C_T__alt.bam	/lustre_scratch/user_scratch/szhang37/bam_split/15t__chr15_34969886_C_T__alt_RPGC.bed
15t	chr16:28609990:T:C	ref	1	/lustre_scratch/user_scratch/szhang37/bam_split/15t__chr16_28609990_T_C__ref.bam	/lustre_scratch/user_scratch/szhang37/bam_split/15t__chr16_28609990_T_C__ref_RPGC.bed
15t	chr16:28609990:T:C	alt	1	/lustre_scratch/user_scratch/szhang37/bam_split/15t__chr16_28609990_T_C__alt.bam	/lustre_scratch/user_scratch/szhang37/bam_split/15t__chr16_28609990_T_C__alt_RPGC.bed
15t	chr17:3636748:G:A	alt	3	/lustre_scratch/user_scratch/szhang37/bam_split/15t__chr17_3636748_G_A__alt.bam	/lustre_scratch/user_scratch/szhang37/bam_split/15t__chr17_3636748_G_A__alt_RPGC.bed
15t	chr17:36189143:C:G	ref	2	/lustre_scratch/user_scratch/szhang37/bam_split/15t__chr17_36189143_C_G__ref.bam	/lustre_scratch/user_scratch/szhang37/bam_split/15t__chr17_36189143_C_G__ref_RPGC.bed
15t	chr17:36189143:C:G	alt	1	/lustre_scratch/user_scratch/szhang37/bam_split/15t__chr17_36189143_C_G__alt.bam	/lustre_scratch/user_scratch/szhang37/bam_split/15t__chr17_36189143_C_G__alt_RPGC.bed
15t	chr17:36189263:C:T	ref	1	/lustre_scratch/user_scratch/szhang37/bam_split/15t__chr17_36189263_C_T__ref.bam	/lustre_scratch/user_scratch/szhang37/bam_split/15t__chr17_36189263_C_T__ref_RPGC.bed
15t	chr17:36196964:A:T	ref	3	/lustre_scratch/user_scratch/szhang37/bam_split/15t__chr17_36196964_A_T__ref.bam	/lustre_scratch/user_scratch/szhang37/bam_split/15t__chr17_36196964_A_T__ref_RPGC.bed
15t	chr17:36196964:A:T	alt	1	/lustre_scratch/user_scratch/szhang37/bam_split/15t__chr17_36196964_A_T__alt.bam	/lustre_scratch/user_scratch/szhang37/bam_split/15t__chr17_36196964_A_T__alt_RPGC.bed
15t	chr17:79074920:C:G	ref	3	/lustre_scratch/user_scratch/szhang37/bam_split/15t__chr17_79074920_C_G__ref.bam	/lustre_scratch/user_scratch/szhang37/bam_split/15t__chr17_79074920_C_G__ref_RPGC.bed
15t	chr17:79074920:C:G	alt	4	/lustre_scratch/user_scratch/szhang37/bam_split/15t__chr17_79074920_C_G__alt.bam	/lustre_scratch/user_scratch/szhang37/bam_split/15t__chr17_79074920_C_G__alt_RPGC.bed
15t	chr19:4247479:C:T	ref	1	/lustre_scratch/user_scratch/szhang37/bam_split/15t__chr19_4247479_C_T__ref.bam	/lustre_scratch/user_scratch/szhang37/bam_split/15t__chr19_4247479_C_T__ref_RPGC.bed
15t	chr19:4247479:C:T	alt	6	/lustre_scratch/user_scratch/szhang37/bam_split/15t__chr19_4247479_C_T__alt.bam	/lustre_scratch/user_scratch/szhang37/bam_split/15t__chr19_4247479_C_T__alt_RPGC.bed
15t	chr19:45423658:C:A	ref	2	/lustre_scratch/user_scratch/szhang37/bam_split/15t__chr19_45423658_C_A__ref.bam	/lustre_scratch/user_scratch/szhang37/bam_split/15t__chr19_45423658_C_A__ref_RPGC.bed
15t	chr19:45423658:C:A	alt	4	/lustre_scratch/user_scratch/szhang37/bam_split/15t__chr19_45423658_C_A__alt.bam	/lustre_scratch/user_scratch/szhang37/bam_split/15t__chr19_45423658_C_A__alt_RPGC.bed
15t	chr19:53431907:G:A	ref	5	/lustre_scratch/user_scratch/szhang37/bam_split/15t__chr19_53431907_G_A__ref.bam	/lustre_scratch/user_scratch/szhang37/bam_split/15t__chr19_53431907_G_A__ref_RPGC.bed
15t	chr19:53431907:G:A	alt	2	/lustre_scratch/user_scratch/szhang37/bam_split/15t__chr19_53431907_G_A__alt.bam	/lustre_scratch/user_scratch/szhang37/bam_split/15t__chr19_53431907_G_A__alt_RPGC.bed
15t	chr2:112584474:G:T	ref	5	/lustre_scratch/user_scratch/szhang37/bam_split/15t__chr2_112584474_G_T__ref.bam	/lustre_scratch/user_scratch/szhang37/bam_split/15t__chr2_112584474_G_T__ref_RPGC.bed
15t	chr2:112584474:G:T	alt	2	/lustre_scratch/user_scratch/szhang37/bam_split/15t__chr2_112584474_G_T__alt.bam	/lustre_scratch/user_scratch/szhang37/bam_split/15t__chr2_112584474_G_T__alt_RPGC.bed
15t	chr20:1118651:T:C	ref	2	/lustre_scratch/user_scratch/szhang37/bam_split/15t__chr20_1118651_T_C__ref.bam	/lustre_scratch/user_scratch/szhang37/bam_split/15t__chr20_1118651_T_C__ref_RPGC.bed
15t	chr20:49046286:T:G	alt	1	/lustre_scratch/user_scratch/szhang37/bam_split/15t__chr20_49046286_T_G__alt.bam	/lustre_scratch/user_scratch/szhang37/bam_split/15t__chr20_49046286_T_G__alt_RPGC.bed
15t	chr4:102625739:T:C	ref	1	/lustre_scratch/user_scratch/szhang37/bam_split/15t__chr4_102625739_T_C__ref.bam	/lustre_scratch/user_scratch/szhang37/bam_split/15t__chr4_102625739_T_C__ref_RPGC.bed
15t	chr4:102625739:T:C	alt	1	/lustre_scratch/user_scratch/szhang37/bam_split/15t__chr4_102625739_T_C__alt.bam	/lustre_scratch/user_scratch/szhang37/bam_split/15t__chr4_102625739_T_C__alt_RPGC.bed
15t	chr4:107720308:A:G	ref	1	/lustre_scratch/user_scratch/szhang37/bam_split/15t__chr4_107720308_A_G__ref.bam	/lustre_scratch/user_scratch/szhang37/bam_split/15t__chr4_107720308_A_G__ref_RPGC.bed
15t	chr4:107720308:A:G	alt	1	/lustre_scratch/user_scratch/szhang37/bam_split/15t__chr4_107720308_A_G__alt.bam	/lustre_scratch/user_scratch/szhang37/bam_split/15t__chr4_107720308_A_G__alt_RPGC.bed
15t	chr4:107720445:G:A	ref	5	/lustre_scratch/user_scratch/szhang37/bam_split/15t__chr4_107720445_G_A__ref.bam	/lustre_scratch/user_scratch/szhang37/bam_split/15t__chr4_107720445_G_A__ref_RPGC.bed
15t	chr4:107720445:G:A	alt	7	/lustre_scratch/user_scratch/szhang37/bam_split/15t__chr4_107720445_G_A__alt.bam	/lustre_scratch/user_scratch/szhang37/bam_split/15t__chr4_107720445_G_A__alt_RPGC.bed
15t	chr5:56909472:A:G	ref	1	/lustre_scratch/user_scratch/szhang37/bam_split/15t__chr5_56909472_A_G__ref.bam	/lustre_scratch/user_scratch/szhang37/bam_split/15t__chr5_56909472_A_G__ref_RPGC.bed
15t	chr5:56909472:A:G	alt	2	/lustre_scratch/user_scratch/szhang37/bam_split/15t__chr5_56909472_A_G__alt.bam	/lustre_scratch/user_scratch/szhang37/bam_split/15t__chr5_56909472_A_G__alt_RPGC.bed
15t	chr5:56909530:A:G	ref	1	/lustre_scratch/user_scratch/szhang37/bam_split/15t__chr5_56909530_A_G__ref.bam	/lustre_scratch/user_scratch/szhang37/bam_split/15t__chr5_56909530_A_G__ref_RPGC.bed
15t	chr5:56909530:A:G	alt	1	/lustre_scratch/user_scratch/szhang37/bam_split/15t__chr5_56909530_A_G__alt.bam	/lustre_scratch/user_scratch/szhang37/bam_split/15t__chr5_56909530_A_G__alt_RPGC.bed
15t	chr5:67215959:C:G	alt	2	/lustre_scratch/user_scratch/szhang37/bam_split/15t__chr5_67215959_C_G__alt.bam	/lustre_scratch/user_scratch/szhang37/bam_split/15t__chr5_67215959_C_G__alt_RPGC.bed
15t	chr5:176537482:A:G	ref	3	/lustre_scratch/user_scratch/szhang37/bam_split/15t__chr5_176537482_A_G__ref.bam	/lustre_scratch/user_scratch/szhang37/bam_split/15t__chr5_176537482_A_G__ref_RPGC.bed
15t	chr6:26285680:C:T	ref	2	/lustre_scratch/user_scratch/szhang37/bam_split/15t__chr6_26285680_C_T__ref.bam	/lustre_scratch/user_scratch/szhang37/bam_split/15t__chr6_26285680_C_T__ref_RPGC.bed
15t	chr6:26285680:C:T	alt	3	/lustre_scratch/user_scratch/szhang37/bam_split/15t__chr6_26285680_C_T__alt.bam	/lustre_scratch/user_scratch/szhang37/bam_split/15t__chr6_26285680_C_T__alt_RPGC.bed
15t	chr6:31271331:T:A	ref	1	/lustre_scratch/user_scratch/szhang37/bam_split/15t__chr6_31271331_T_A__ref.bam	/lustre_scratch/user_scratch/szhang37/bam_split/15t__chr6_31271331_T_A__ref_RPGC.bed
15t	chr6:31271331:T:A	alt	1	/lustre_scratch/user_scratch/szhang37/bam_split/15t__chr6_31271331_T_A__alt.bam	/lustre_scratch/user_scratch/szhang37/bam_split/15t__chr6_31271331_T_A__alt_RPGC.bed
15t	chr6:33019180:T:C	ref	2	/lustre_scratch/user_scratch/szhang37/bam_split/15t__chr6_33019180_T_C__ref.bam	/lustre_scratch/user_scratch/szhang37/bam_split/15t__chr6_33019180_T_C__ref_RPGC.bed
15t	chr6:110981936:C:G	ref	1	/lustre_scratch/user_scratch/szhang37/bam_split/15t__chr6_110981936_C_G__ref.bam	/lustre_scratch/user_scratch/szhang37/bam_split/15t__chr6_110981936_C_G__ref_RPGC.bed
15t	chr6:110981936:C:G	alt	3	/lustre_scratch/user_scratch/szhang37/bam_split/15t__chr6_110981936_C_G__alt.bam	/lustre_scratch/user_scratch/szhang37/bam_split/15t__chr6_110981936_C_G__alt_RPGC.bed
15t	chr6:118935183:T:C	ref	4	/lustre_scratch/user_scratch/szhang37/bam_split/15t__chr6_118935183_T_C__ref.bam	/lustre_scratch/user_scratch/szhang37/bam_split/15t__chr6_118935183_T_C__ref_RPGC.bed
15t	chr6:118935183:T:C	alt	3	/lustre_scratch/user_scratch/szhang37/bam_split/15t__chr6_118935183_T_C__alt.bam	/lustre_scratch/user_scratch/szhang37/bam_split/15t__chr6_118935183_T_C__alt_RPGC.bed
15t	chr9:6703997:C:A	alt	3	/lustre_scratch/user_scratch/szhang37/bam_split/15t__chr9_6703997_C_A__alt.bam	/lustre_scratch/user_scratch/szhang37/bam_split/15t__chr9_6703997_C_A__alt_RPGC.bed
15t	chr9:27529865:C:T	ref	1	/lustre_scratch/user_scratch/szhang37/bam_split/15t__chr9_27529865_C_T__ref.bam	/lustre_scratch/user_scratch/szhang37/bam_split/15t__chr9_27529865_C_T__ref_RPGC.bed
15t	chr9:69760025:C:A	ref	2	/lustre_scratch/user_scratch/szhang37/bam_split/15t__chr9_69760025_C_A__ref.bam	/lustre_scratch/user_scratch/szhang37/bam_split/15t__chr9_69760025_C_A__ref_RPGC.bed
15t	chr9:69760025:C:A	alt	4	/lustre_scratch/user_scratch/szhang37/bam_split/15t__chr9_69760025_C_A__alt.bam	/lustre_scratch/user_scratch/szhang37/bam_split/15t__chr9_69760025_C_A__alt_RPGC.bed
15t	chr9:128192959:A:G	ref	1	/lustre_scratch/user_scratch/szhang37/bam_split/15t__chr9_128192959_A_G__ref.bam	/lustre_scratch/user_scratch/szhang37/bam_split/15t__chr9_128192959_A_G__ref_RPGC.bed
15t	chr9:128192959:A:G	alt	2	/lustre_scratch/user_scratch/szhang37/bam_split/15t__chr9_128192959_A_G__alt.bam	/lustre_scratch/user_scratch/szhang37/bam_split/15t__chr9_128192959_A_G__alt_RPGC.bed
15t	chr9:128193010:G:A	alt	1	/lustre_scratch/user_scratch/szhang37/bam_split/15t__chr9_128193010_G_A__alt.bam	/lustre_scratch/user_scratch/szhang37/bam_split/15t__chr9_128193010_G_A__alt_RPGC.bed
16t	chr1:15525181:C:A	ref	1	/lustre_scratch/user_scratch/szhang37/bam_split/16t__chr1_15525181_C_A__ref.bam	/lustre_scratch/user_scratch/szhang37/bam_split/16t__chr1_15525181_C_A__ref_RPGC.bed
16t	chr1:15525181:C:A	alt	1	/lustre_scratch/user_scratch/szhang37/bam_split/16t__chr1_15525181_C_A__alt.bam	/lustre_scratch/user_scratch/szhang37/bam_split/16t__chr1_15525181_C_A__alt_RPGC.bed
16t	chr1:16206601:C:T	ref	1	/lustre_scratch/user_scratch/szhang37/bam_split/16t__chr1_16206601_C_T__ref.bam	/lustre_scratch/user_scratch/szhang37/bam_split/16t__chr1_16206601_C_T__ref_RPGC.bed
16t	chr1:16613925:A:G	ref	1	/lustre_scratch/user_scratch/szhang37/bam_split/16t__chr1_16613925_A_G__ref.bam	/lustre_scratch/user_scratch/szhang37/bam_split/16t__chr1_16613925_A_G__ref_RPGC.bed
16t	chr1:16613925:A:G	alt	3	/lustre_scratch/user_scratch/szhang37/bam_split/16t__chr1_16613925_A_G__alt.bam	/lustre_scratch/user_scratch/szhang37/bam_split/16t__chr1_16613925_A_G__alt_RPGC.bed
16t	chr1:113812311:G:A	alt	3	/lustre_scratch/user_scratch/szhang37/bam_split/16t__chr1_113812311_G_A__alt.bam	/lustre_scratch/user_scratch/szhang37/bam_split/16t__chr1_113812311_G_A__alt_RPGC.bed
16t	chr1:161390226:T:G	alt	3	/lustre_scratch/user_scratch/szhang37/bam_split/16t__chr1_161390226_T_G__alt.bam	/lustre_scratch/user_scratch/szhang37/bam_split/16t__chr1_161390226_T_G__alt_RPGC.bed
16t	chr1:161390267:C:T	ref	1	/lustre_scratch/user_scratch/szhang37/bam_split/16t__chr1_161390267_C_T__ref.bam	/lustre_scratch/user_scratch/szhang37/bam_split/16t__chr1_161390267_C_T__ref_RPGC.bed
16t	chr1:161390267:C:T	alt	2	/lustre_scratch/user_scratch/szhang37/bam_split/16t__chr1_161390267_C_T__alt.bam	/lustre_scratch/user_scratch/szhang37/bam_split/16t__chr1_161390267_C_T__alt_RPGC.bed
16t	chr1:206470431:A:G	alt	1	/lustre_scratch/user_scratch/szhang37/bam_split/16t__chr1_206470431_A_G__alt.bam	/lustre_scratch/user_scratch/szhang37/bam_split/16t__chr1_206470431_A_G__alt_RPGC.bed
16t	chr12:6470978:C:A	ref	1	/lustre_scratch/user_scratch/szhang37/bam_split/16t__chr12_6470978_C_A__ref.bam	/lustre_scratch/user_scratch/szhang37/bam_split/16t__chr12_6470978_C_A__ref_RPGC.bed
16t	chr12:6470978:C:A	alt	1	/lustre_scratch/user_scratch/szhang37/bam_split/16t__chr12_6470978_C_A__alt.bam	/lustre_scratch/user_scratch/szhang37/bam_split/16t__chr12_6470978_C_A__alt_RPGC.bed
16t	chr12:9448192:A:T	ref	1	/lustre_scratch/user_scratch/szhang37/bam_split/16t__chr12_9448192_A_T__ref.bam	/lustre_scratch/user_scratch/szhang37/bam_split/16t__chr12_9448192_A_T__ref_RPGC.bed
16t	chr12:31074229:A:G	ref	2	/lustre_scratch/user_scratch/szhang37/bam_split/16t__chr12_31074229_A_G__ref.bam	/lustre_scratch/user_scratch/szhang37/bam_split/16t__chr12_31074229_A_G__ref_RPGC.bed
16t	chr12:54560572:A:T	ref	1	/lustre_scratch/user_scratch/szhang37/bam_split/16t__chr12_54560572_A_T__ref.bam	/lustre_scratch/user_scratch/szhang37/bam_split/16t__chr12_54560572_A_T__ref_RPGC.bed
16t	chr12:54560572:A:T	alt	1	/lustre_scratch/user_scratch/szhang37/bam_split/16t__chr12_54560572_A_T__alt.bam	/lustre_scratch/user_scratch/szhang37/bam_split/16t__chr12_54560572_A_T__alt_RPGC.bed
16t	chr12:120291953:A:T	alt	1	/lustre_scratch/user_scratch/szhang37/bam_split/16t__chr12_120291953_A_T__alt.bam	/lustre_scratch/user_scratch/szhang37/bam_split/16t__chr12_120291953_A_T__alt_RPGC.bed
16t	chr14:20989786:C:T	alt	2	/lustre_scratch/user_scratch/szhang37/bam_split/16t__chr14_20989786_C_T__alt.bam	/lustre_scratch/user_scratch/szhang37/bam_split/16t__chr14_20989786_C_T__alt_RPGC.bed
16t	chr14:105087055:G:A	alt	1	/lustre_scratch/user_scratch/szhang37/bam_split/16t__chr14_105087055_G_A__alt.bam	/lustre_scratch/user_scratch/szhang37/bam_split/16t__chr14_105087055_G_A__alt_RPGC.bed
16t	chr15:34969886:C:T	ref	2	/lustre_scratch/user_scratch/szhang37/bam_split/16t__chr15_34969886_C_T__ref.bam	/lustre_scratch/user_scratch/szhang37/bam_split/16t__chr15_34969886_C_T__ref_RPGC.bed
16t	chr15:34969886:C:T	alt	3	/lustre_scratch/user_scratch/szhang37/bam_split/16t__chr15_34969886_C_T__alt.bam	/lustre_scratch/user_scratch/szhang37/bam_split/16t__chr15_34969886_C_T__alt_RPGC.bed
16t	chr17:3049001:C:G	ref	1	/lustre_scratch/user_scratch/szhang37/bam_split/16t__chr17_3049001_C_G__ref.bam	/lustre_scratch/user_scratch/szhang37/bam_split/16t__chr17_3049001_C_G__ref_RPGC.bed
16t	chr17:3049001:C:G	alt	1	/lustre_scratch/user_scratch/szhang37/bam_split/16t__chr17_3049001_C_G__alt.bam	/lustre_scratch/user_scratch/szhang37/bam_split/16t__chr17_3049001_C_G__alt_RPGC.bed
16t	chr17:36189143:C:G	ref	2	/lustre_scratch/user_scratch/szhang37/bam_split/16t__chr17_36189143_C_G__ref.bam	/lustre_scratch/user_scratch/szhang37/bam_split/16t__chr17_36189143_C_G__ref_RPGC.bed
16t	chr17:36189146:G:A	ref	1	/lustre_scratch/user_scratch/szhang37/bam_split/16t__chr17_36189146_G_A__ref.bam	/lustre_scratch/user_scratch/szhang37/bam_split/16t__chr17_36189146_G_A__ref_RPGC.bed
16t	chr17:36189146:G:A	alt	1	/lustre_scratch/user_scratch/szhang37/bam_split/16t__chr17_36189146_G_A__alt.bam	/lustre_scratch/user_scratch/szhang37/bam_split/16t__chr17_36189146_G_A__alt_RPGC.bed
16t	chr17:36189169:C:G	ref	2	/lustre_scratch/user_scratch/szhang37/bam_split/16t__chr17_36189169_C_G__ref.bam	/lustre_scratch/user_scratch/szhang37/bam_split/16t__chr17_36189169_C_G__ref_RPGC.bed
16t	chr17:79074920:C:G	ref	1	/lustre_scratch/user_scratch/szhang37/bam_split/16t__chr17_79074920_C_G__ref.bam	/lustre_scratch/user_scratch/szhang37/bam_split/16t__chr17_79074920_C_G__ref_RPGC.bed
16t	chr17:79074920:C:G	alt	1	/lustre_scratch/user_scratch/szhang37/bam_split/16t__chr17_79074920_C_G__alt.bam	/lustre_scratch/user_scratch/szhang37/bam_split/16t__chr17_79074920_C_G__alt_RPGC.bed
16t	chr18:47749267:A:C	ref	1	/lustre_scratch/user_scratch/szhang37/bam_split/16t__chr18_47749267_A_C__ref.bam	/lustre_scratch/user_scratch/szhang37/bam_split/16t__chr18_47749267_A_C__ref_RPGC.bed
16t	chr18:47749267:A:C	alt	1	/lustre_scratch/user_scratch/szhang37/bam_split/16t__chr18_47749267_A_C__alt.bam	/lustre_scratch/user_scratch/szhang37/bam_split/16t__chr18_47749267_A_C__alt_RPGC.bed
16t	chr18:54269477:G:T	ref	1	/lustre_scratch/user_scratch/szhang37/bam_split/16t__chr18_54269477_G_T__ref.bam	/lustre_scratch/user_scratch/szhang37/bam_split/16t__chr18_54269477_G_T__ref_RPGC.bed
16t	chr18:54269477:G:T	alt	2	/lustre_scratch/user_scratch/szhang37/bam_split/16t__chr18_54269477_G_T__alt.bam	/lustre_scratch/user_scratch/szhang37/bam_split/16t__chr18_54269477_G_T__alt_RPGC.bed
16t	chr19:53431907:G:A	ref	1	/lustre_scratch/user_scratch/szhang37/bam_split/16t__chr19_53431907_G_A__ref.bam	/lustre_scratch/user_scratch/szhang37/bam_split/16t__chr19_53431907_G_A__ref_RPGC.bed
16t	chr20:49046286:T:G	alt	1	/lustre_scratch/user_scratch/szhang37/bam_split/16t__chr20_49046286_T_G__alt.bam	/lustre_scratch/user_scratch/szhang37/bam_split/16t__chr20_49046286_T_G__alt_RPGC.bed
16t	chr3:9397385:T:C	ref	2	/lustre_scratch/user_scratch/szhang37/bam_split/16t__chr3_9397385_T_C__ref.bam	/lustre_scratch/user_scratch/szhang37/bam_split/16t__chr3_9397385_T_C__ref_RPGC.bed
16t	chr3:9397385:T:C	alt	1	/lustre_scratch/user_scratch/szhang37/bam_split/16t__chr3_9397385_T_C__alt.bam	/lustre_scratch/user_scratch/szhang37/bam_split/16t__chr3_9397385_T_C__alt_RPGC.bed
16t	chr5:56909472:A:G	alt	1	/lustre_scratch/user_scratch/szhang37/bam_split/16t__chr5_56909472_A_G__alt.bam	/lustre_scratch/user_scratch/szhang37/bam_split/16t__chr5_56909472_A_G__alt_RPGC.bed
16t	chr5:179698934:C:A	ref	2	/lustre_scratch/user_scratch/szhang37/bam_split/16t__chr5_179698934_C_A__ref.bam	/lustre_scratch/user_scratch/szhang37/bam_split/16t__chr5_179698934_C_A__ref_RPGC.bed
16t	chr6:33019180:T:C	alt	1	/lustre_scratch/user_scratch/szhang37/bam_split/16t__chr6_33019180_T_C__alt.bam	/lustre_scratch/user_scratch/szhang37/bam_split/16t__chr6_33019180_T_C__alt_RPGC.bed
16t	chr6:118935183:T:C	ref	1	/lustre_scratch/user_scratch/szhang37/bam_split/16t__chr6_118935183_T_C__ref.bam	/lustre_scratch/user_scratch/szhang37/bam_split/16t__chr6_118935183_T_C__ref_RPGC.bed
16t	chr7:25180369:C:G	ref	1	/lustre_scratch/user_scratch/szhang37/bam_split/16t__chr7_25180369_C_G__ref.bam	/lustre_scratch/user_scratch/szhang37/bam_split/16t__chr7_25180369_C_G__ref_RPGC.bed
16t	chr7:140177117:T:C	ref	2	/lustre_scratch/user_scratch/szhang37/bam_split/16t__chr7_140177117_T_C__ref.bam	/lustre_scratch/user_scratch/szhang37/bam_split/16t__chr7_140177117_T_C__ref_RPGC.bed
16t	chr7:140177117:T:C	alt	2	/lustre_scratch/user_scratch/szhang37/bam_split/16t__chr7_140177117_T_C__alt.bam	/lustre_scratch/user_scratch/szhang37/bam_split/16t__chr7_140177117_T_C__alt_RPGC.bed
16t	chr9:108934109:G:C	alt	2	/lustre_scratch/user_scratch/szhang37/bam_split/16t__chr9_108934109_G_C__alt.bam	/lustre_scratch/user_scratch/szhang37/bam_split/16t__chr9_108934109_G_C__alt_RPGC.bed
17t	chr11:18634515:G:C	ref	1	/lustre_scratch/user_scratch/szhang37/bam_split/17t__chr11_18634515_G_C__ref.bam	/lustre_scratch/user_scratch/szhang37/bam_split/17t__chr11_18634515_G_C__ref_RPGC.bed
17t	chr11:18634515:G:C	alt	3	/lustre_scratch/user_scratch/szhang37/bam_split/17t__chr11_18634515_G_C__alt.bam	/lustre_scratch/user_scratch/szhang37/bam_split/17t__chr11_18634515_G_C__alt_RPGC.bed
17t	chr11:86156833:A:G	ref	1	/lustre_scratch/user_scratch/szhang37/bam_split/17t__chr11_86156833_A_G__ref.bam	/lustre_scratch/user_scratch/szhang37/bam_split/17t__chr11_86156833_A_G__ref_RPGC.bed
17t	chr12:8243830:G:C	ref	1	/lustre_scratch/user_scratch/szhang37/bam_split/17t__chr12_8243830_G_C__ref.bam	/lustre_scratch/user_scratch/szhang37/bam_split/17t__chr12_8243830_G_C__ref_RPGC.bed
17t	chr12:8243830:G:C	alt	1	/lustre_scratch/user_scratch/szhang37/bam_split/17t__chr12_8243830_G_C__alt.bam	/lustre_scratch/user_scratch/szhang37/bam_split/17t__chr12_8243830_G_C__alt_RPGC.bed
17t	chr12:31074229:A:G	ref	1	/lustre_scratch/user_scratch/szhang37/bam_split/17t__chr12_31074229_A_G__ref.bam	/lustre_scratch/user_scratch/szhang37/bam_split/17t__chr12_31074229_A_G__ref_RPGC.bed
17t	chr12:54560572:A:T	alt	3	/lustre_scratch/user_scratch/szhang37/bam_split/17t__chr12_54560572_A_T__alt.bam	/lustre_scratch/user_scratch/szhang37/bam_split/17t__chr12_54560572_A_T__alt_RPGC.bed
17t	chr15:34969886:C:T	ref	1	/lustre_scratch/user_scratch/szhang37/bam_split/17t__chr15_34969886_C_T__ref.bam	/lustre_scratch/user_scratch/szhang37/bam_split/17t__chr15_34969886_C_T__ref_RPGC.bed
17t	chr17:36189143:C:G	alt	1	/lustre_scratch/user_scratch/szhang37/bam_split/17t__chr17_36189143_C_G__alt.bam	/lustre_scratch/user_scratch/szhang37/bam_split/17t__chr17_36189143_C_G__alt_RPGC.bed
17t	chr17:36189146:G:A	ref	1	/lustre_scratch/user_scratch/szhang37/bam_split/17t__chr17_36189146_G_A__ref.bam	/lustre_scratch/user_scratch/szhang37/bam_split/17t__chr17_36189146_G_A__ref_RPGC.bed
17t	chr17:36189169:C:G	ref	1	/lustre_scratch/user_scratch/szhang37/bam_split/17t__chr17_36189169_C_G__ref.bam	/lustre_scratch/user_scratch/szhang37/bam_split/17t__chr17_36189169_C_G__ref_RPGC.bed
17t	chr17:36189169:C:G	alt	1	/lustre_scratch/user_scratch/szhang37/bam_split/17t__chr17_36189169_C_G__alt.bam	/lustre_scratch/user_scratch/szhang37/bam_split/17t__chr17_36189169_C_G__alt_RPGC.bed
17t	chr19:6739699:G:T	ref	2	/lustre_scratch/user_scratch/szhang37/bam_split/17t__chr19_6739699_G_T__ref.bam	/lustre_scratch/user_scratch/szhang37/bam_split/17t__chr19_6739699_G_T__ref_RPGC.bed
17t	chr19:6739699:G:T	alt	1	/lustre_scratch/user_scratch/szhang37/bam_split/17t__chr19_6739699_G_T__alt.bam	/lustre_scratch/user_scratch/szhang37/bam_split/17t__chr19_6739699_G_T__alt_RPGC.bed
17t	chr19:17305548:G:A	ref	1	/lustre_scratch/user_scratch/szhang37/bam_split/17t__chr19_17305548_G_A__ref.bam	/lustre_scratch/user_scratch/szhang37/bam_split/17t__chr19_17305548_G_A__ref_RPGC.bed
17t	chr19:17305548:G:A	alt	2	/lustre_scratch/user_scratch/szhang37/bam_split/17t__chr19_17305548_G_A__alt.bam	/lustre_scratch/user_scratch/szhang37/bam_split/17t__chr19_17305548_G_A__alt_RPGC.bed
17t	chr19:50804968:A:T	ref	1	/lustre_scratch/user_scratch/szhang37/bam_split/17t__chr19_50804968_A_T__ref.bam	/lustre_scratch/user_scratch/szhang37/bam_split/17t__chr19_50804968_A_T__ref_RPGC.bed
17t	chr19:53431907:G:A	ref	2	/lustre_scratch/user_scratch/szhang37/bam_split/17t__chr19_53431907_G_A__ref.bam	/lustre_scratch/user_scratch/szhang37/bam_split/17t__chr19_53431907_G_A__ref_RPGC.bed
17t	chr19:53431907:G:A	alt	1	/lustre_scratch/user_scratch/szhang37/bam_split/17t__chr19_53431907_G_A__alt.bam	/lustre_scratch/user_scratch/szhang37/bam_split/17t__chr19_53431907_G_A__alt_RPGC.bed
17t	chr20:49046286:T:G	ref	1	/lustre_scratch/user_scratch/szhang37/bam_split/17t__chr20_49046286_T_G__ref.bam	/lustre_scratch/user_scratch/szhang37/bam_split/17t__chr20_49046286_T_G__ref_RPGC.bed
17t	chr20:59032394:C:A	ref	2	/lustre_scratch/user_scratch/szhang37/bam_split/17t__chr20_59032394_C_A__ref.bam	/lustre_scratch/user_scratch/szhang37/bam_split/17t__chr20_59032394_C_A__ref_RPGC.bed
17t	chr21:37072695:A:G	ref	1	/lustre_scratch/user_scratch/szhang37/bam_split/17t__chr21_37072695_A_G__ref.bam	/lustre_scratch/user_scratch/szhang37/bam_split/17t__chr21_37072695_A_G__ref_RPGC.bed
17t	chr21:37072695:A:G	alt	1	/lustre_scratch/user_scratch/szhang37/bam_split/17t__chr21_37072695_A_G__alt.bam	/lustre_scratch/user_scratch/szhang37/bam_split/17t__chr21_37072695_A_G__alt_RPGC.bed
17t	chr3:52057238:A:G	alt	1	/lustre_scratch/user_scratch/szhang37/bam_split/17t__chr3_52057238_A_G__alt.bam	/lustre_scratch/user_scratch/szhang37/bam_split/17t__chr3_52057238_A_G__alt_RPGC.bed
17t	chr5:67215959:C:G	ref	2	/lustre_scratch/user_scratch/szhang37/bam_split/17t__chr5_67215959_C_G__ref.bam	/lustre_scratch/user_scratch/szhang37/bam_split/17t__chr5_67215959_C_G__ref_RPGC.bed
17t	chr6:33019180:T:C	alt	1	/lustre_scratch/user_scratch/szhang37/bam_split/17t__chr6_33019180_T_C__alt.bam	/lustre_scratch/user_scratch/szhang37/bam_split/17t__chr6_33019180_T_C__alt_RPGC.bed
17t	chr6:118935183:T:C	ref	1	/lustre_scratch/user_scratch/szhang37/bam_split/17t__chr6_118935183_T_C__ref.bam	/lustre_scratch/user_scratch/szhang37/bam_split/17t__chr6_118935183_T_C__ref_RPGC.bed
17t	chr6:118935183:T:C	alt	1	/lustre_scratch/user_scratch/szhang37/bam_split/17t__chr6_118935183_T_C__alt.bam	/lustre_scratch/user_scratch/szhang37/bam_split/17t__chr6_118935183_T_C__alt_RPGC.bed
17t	chr6:136822473:A:T	alt	2	/lustre_scratch/user_scratch/szhang37/bam_split/17t__chr6_136822473_A_T__alt.bam	/lustre_scratch/user_scratch/szhang37/bam_split/17t__chr6_136822473_A_T__alt_RPGC.bed
17t	chr9:27529822:G:A	alt	1	/lustre_scratch/user_scratch/szhang37/bam_split/17t__chr9_27529822_G_A__alt.bam	/lustre_scratch/user_scratch/szhang37/bam_split/17t__chr9_27529822_G_A__alt_RPGC.bed
17t	chr9:108934109:G:C	alt	1	/lustre_scratch/user_scratch/szhang37/bam_split/17t__chr9_108934109_G_C__alt.bam	/lustre_scratch/user_scratch/szhang37/bam_split/17t__chr9_108934109_G_C__alt_RPGC.bed
17t	chr9:129835342:T:C	ref	1	/lustre_scratch/user_scratch/szhang37/bam_split/17t__chr9_129835342_T_C__ref.bam	/lustre_scratch/user_scratch/szhang37/bam_split/17t__chr9_129835342_T_C__ref_RPGC.bed
17t	chr9:129835342:T:C	alt	2	/lustre_scratch/user_scratch/szhang37/bam_split/17t__chr9_129835342_T_C__alt.bam	/lustre_scratch/user_scratch/szhang37/bam_split/17t__chr9_129835342_T_C__alt_RPGC.bed
18t	chr1:16613925:A:G	ref	2	/lustre_scratch/user_scratch/szhang37/bam_split/18t__chr1_16613925_A_G__ref.bam	/lustre_scratch/user_scratch/szhang37/bam_split/18t__chr1_16613925_A_G__ref_RPGC.bed
18t	chr1:16613925:A:G	alt	4	/lustre_scratch/user_scratch/szhang37/bam_split/18t__chr1_16613925_A_G__alt.bam	/lustre_scratch/user_scratch/szhang37/bam_split/18t__chr1_16613925_A_G__alt_RPGC.bed
18t	chr1:16613958:C:T	ref	4	/lustre_scratch/user_scratch/szhang37/bam_split/18t__chr1_16613958_C_T__ref.bam	/lustre_scratch/user_scratch/szhang37/bam_split/18t__chr1_16613958_C_T__ref_RPGC.bed
18t	chr1:16613958:C:T	alt	1	/lustre_scratch/user_scratch/szhang37/bam_split/18t__chr1_16613958_C_T__alt.bam	/lustre_scratch/user_scratch/szhang37/bam_split/18t__chr1_16613958_C_T__alt_RPGC.bed
18t	chr1:228635616:A:C	ref	2	/lustre_scratch/user_scratch/szhang37/bam_split/18t__chr1_228635616_A_C__ref.bam	/lustre_scratch/user_scratch/szhang37/bam_split/18t__chr1_228635616_A_C__ref_RPGC.bed
18t	chr10:38356189:A:G	ref	1	/lustre_scratch/user_scratch/szhang37/bam_split/18t__chr10_38356189_A_G__ref.bam	/lustre_scratch/user_scratch/szhang37/bam_split/18t__chr10_38356189_A_G__ref_RPGC.bed
18t	chr10:38356189:A:G	alt	4	/lustre_scratch/user_scratch/szhang37/bam_split/18t__chr10_38356189_A_G__alt.bam	/lustre_scratch/user_scratch/szhang37/bam_split/18t__chr10_38356189_A_G__alt_RPGC.bed
18t	chr10:50067831:G:A	ref	8	/lustre_scratch/user_scratch/szhang37/bam_split/18t__chr10_50067831_G_A__ref.bam	/lustre_scratch/user_scratch/szhang37/bam_split/18t__chr10_50067831_G_A__ref_RPGC.bed
18t	chr10:50067831:G:A	alt	2	/lustre_scratch/user_scratch/szhang37/bam_split/18t__chr10_50067831_G_A__alt.bam	/lustre_scratch/user_scratch/szhang37/bam_split/18t__chr10_50067831_G_A__alt_RPGC.bed
18t	chr11:18634515:G:C	ref	9	/lustre_scratch/user_scratch/szhang37/bam_split/18t__chr11_18634515_G_C__ref.bam	/lustre_scratch/user_scratch/szhang37/bam_split/18t__chr11_18634515_G_C__ref_RPGC.bed
18t	chr11:18634515:G:C	alt	10	/lustre_scratch/user_scratch/szhang37/bam_split/18t__chr11_18634515_G_C__alt.bam	/lustre_scratch/user_scratch/szhang37/bam_split/18t__chr11_18634515_G_C__alt_RPGC.bed
18t	chr12:6470978:C:A	ref	4	/lustre_scratch/user_scratch/szhang37/bam_split/18t__chr12_6470978_C_A__ref.bam	/lustre_scratch/user_scratch/szhang37/bam_split/18t__chr12_6470978_C_A__ref_RPGC.bed
18t	chr12:6470978:C:A	alt	4	/lustre_scratch/user_scratch/szhang37/bam_split/18t__chr12_6470978_C_A__alt.bam	/lustre_scratch/user_scratch/szhang37/bam_split/18t__chr12_6470978_C_A__alt_RPGC.bed
18t	chr13:46894174:T:G	alt	2	/lustre_scratch/user_scratch/szhang37/bam_split/18t__chr13_46894174_T_G__alt.bam	/lustre_scratch/user_scratch/szhang37/bam_split/18t__chr13_46894174_T_G__alt_RPGC.bed
18t	chr14:20989786:C:T	ref	3	/lustre_scratch/user_scratch/szhang37/bam_split/18t__chr14_20989786_C_T__ref.bam	/lustre_scratch/user_scratch/szhang37/bam_split/18t__chr14_20989786_C_T__ref_RPGC.bed
18t	chr14:20989786:C:T	alt	2	/lustre_scratch/user_scratch/szhang37/bam_split/18t__chr14_20989786_C_T__alt.bam	/lustre_scratch/user_scratch/szhang37/bam_split/18t__chr14_20989786_C_T__alt_RPGC.bed
18t	chr16:11076:G:C	ref	1	/lustre_scratch/user_scratch/szhang37/bam_split/18t__chr16_11076_G_C__ref.bam	/lustre_scratch/user_scratch/szhang37/bam_split/18t__chr16_11076_G_C__ref_RPGC.bed
18t	chr16:11076:G:C	alt	7	/lustre_scratch/user_scratch/szhang37/bam_split/18t__chr16_11076_G_C__alt.bam	/lustre_scratch/user_scratch/szhang37/bam_split/18t__chr16_11076_G_C__alt_RPGC.bed
18t	chr16:28609990:T:C	alt	1	/lustre_scratch/user_scratch/szhang37/bam_split/18t__chr16_28609990_T_C__alt.bam	/lustre_scratch/user_scratch/szhang37/bam_split/18t__chr16_28609990_T_C__alt_RPGC.bed
18t	chr17:3636748:G:A	ref	5	/lustre_scratch/user_scratch/szhang37/bam_split/18t__chr17_3636748_G_A__ref.bam	/lustre_scratch/user_scratch/szhang37/bam_split/18t__chr17_3636748_G_A__ref_RPGC.bed
18t	chr17:3636748:G:A	alt	5	/lustre_scratch/user_scratch/szhang37/bam_split/18t__chr17_3636748_G_A__alt.bam	/lustre_scratch/user_scratch/szhang37/bam_split/18t__chr17_3636748_G_A__alt_RPGC.bed
18t	chr18:54269477:G:T	ref	5	/lustre_scratch/user_scratch/szhang37/bam_split/18t__chr18_54269477_G_T__ref.bam	/lustre_scratch/user_scratch/szhang37/bam_split/18t__chr18_54269477_G_T__ref_RPGC.bed
18t	chr18:54269477:G:T	alt	7	/lustre_scratch/user_scratch/szhang37/bam_split/18t__chr18_54269477_G_T__alt.bam	/lustre_scratch/user_scratch/szhang37/bam_split/18t__chr18_54269477_G_T__alt_RPGC.bed
18t	chr19:2051333:G:A	ref	10	/lustre_scratch/user_scratch/szhang37/bam_split/18t__chr19_2051333_G_A__ref.bam	/lustre_scratch/user_scratch/szhang37/bam_split/18t__chr19_2051333_G_A__ref_RPGC.bed
18t	chr19:2051333:G:A	alt	5	/lustre_scratch/user_scratch/szhang37/bam_split/18t__chr19_2051333_G_A__alt.bam	/lustre_scratch/user_scratch/szhang37/bam_split/18t__chr19_2051333_G_A__alt_RPGC.bed
18t	chr19:4247479:C:T	ref	7	/lustre_scratch/user_scratch/szhang37/bam_split/18t__chr19_4247479_C_T__ref.bam	/lustre_scratch/user_scratch/szhang37/bam_split/18t__chr19_4247479_C_T__ref_RPGC.bed
18t	chr19:4247479:C:T	alt	5	/lustre_scratch/user_scratch/szhang37/bam_split/18t__chr19_4247479_C_T__alt.bam	/lustre_scratch/user_scratch/szhang37/bam_split/18t__chr19_4247479_C_T__alt_RPGC.bed
18t	chr19:45423658:C:A	ref	3	/lustre_scratch/user_scratch/szhang37/bam_split/18t__chr19_45423658_C_A__ref.bam	/lustre_scratch/user_scratch/szhang37/bam_split/18t__chr19_45423658_C_A__ref_RPGC.bed
18t	chr19:45423658:C:A	alt	5	/lustre_scratch/user_scratch/szhang37/bam_split/18t__chr19_45423658_C_A__alt.bam	/lustre_scratch/user_scratch/szhang37/bam_split/18t__chr19_45423658_C_A__alt_RPGC.bed
18t	chr2:112584474:G:T	ref	5	/lustre_scratch/user_scratch/szhang37/bam_split/18t__chr2_112584474_G_T__ref.bam	/lustre_scratch/user_scratch/szhang37/bam_split/18t__chr2_112584474_G_T__ref_RPGC.bed
18t	chr2:112584474:G:T	alt	8	/lustre_scratch/user_scratch/szhang37/bam_split/18t__chr2_112584474_G_T__alt.bam	/lustre_scratch/user_scratch/szhang37/bam_split/18t__chr2_112584474_G_T__alt_RPGC.bed
18t	chr2:178480371:C:G	ref	11	/lustre_scratch/user_scratch/szhang37/bam_split/18t__chr2_178480371_C_G__ref.bam	/lustre_scratch/user_scratch/szhang37/bam_split/18t__chr2_178480371_C_G__ref_RPGC.bed
18t	chr20:1118651:T:C	ref	2	/lustre_scratch/user_scratch/szhang37/bam_split/18t__chr20_1118651_T_C__ref.bam	/lustre_scratch/user_scratch/szhang37/bam_split/18t__chr20_1118651_T_C__ref_RPGC.bed
18t	chr20:1118651:T:C	alt	5	/lustre_scratch/user_scratch/szhang37/bam_split/18t__chr20_1118651_T_C__alt.bam	/lustre_scratch/user_scratch/szhang37/bam_split/18t__chr20_1118651_T_C__alt_RPGC.bed
18t	chr4:107720308:A:G	ref	5	/lustre_scratch/user_scratch/szhang37/bam_split/18t__chr4_107720308_A_G__ref.bam	/lustre_scratch/user_scratch/szhang37/bam_split/18t__chr4_107720308_A_G__ref_RPGC.bed
18t	chr4:107720308:A:G	alt	7	/lustre_scratch/user_scratch/szhang37/bam_split/18t__chr4_107720308_A_G__alt.bam	/lustre_scratch/user_scratch/szhang37/bam_split/18t__chr4_107720308_A_G__alt_RPGC.bed
18t	chr4:107720445:G:A	ref	9	/lustre_scratch/user_scratch/szhang37/bam_split/18t__chr4_107720445_G_A__ref.bam	/lustre_scratch/user_scratch/szhang37/bam_split/18t__chr4_107720445_G_A__ref_RPGC.bed
18t	chr4:107720445:G:A	alt	9	/lustre_scratch/user_scratch/szhang37/bam_split/18t__chr4_107720445_G_A__alt.bam	/lustre_scratch/user_scratch/szhang37/bam_split/18t__chr4_107720445_G_A__alt_RPGC.bed
18t	chr5:56909472:A:G	ref	2	/lustre_scratch/user_scratch/szhang37/bam_split/18t__chr5_56909472_A_G__ref.bam	/lustre_scratch/user_scratch/szhang37/bam_split/18t__chr5_56909472_A_G__ref_RPGC.bed
18t	chr5:56909472:A:G	alt	3	/lustre_scratch/user_scratch/szhang37/bam_split/18t__chr5_56909472_A_G__alt.bam	/lustre_scratch/user_scratch/szhang37/bam_split/18t__chr5_56909472_A_G__alt_RPGC.bed
18t	chr5:176537482:A:G	ref	4	/lustre_scratch/user_scratch/szhang37/bam_split/18t__chr5_176537482_A_G__ref.bam	/lustre_scratch/user_scratch/szhang37/bam_split/18t__chr5_176537482_A_G__ref_RPGC.bed
18t	chr5:176537482:A:G	alt	3	/lustre_scratch/user_scratch/szhang37/bam_split/18t__chr5_176537482_A_G__alt.bam	/lustre_scratch/user_scratch/szhang37/bam_split/18t__chr5_176537482_A_G__alt_RPGC.bed
18t	chr6:33019180:T:C	ref	2	/lustre_scratch/user_scratch/szhang37/bam_split/18t__chr6_33019180_T_C__ref.bam	/lustre_scratch/user_scratch/szhang37/bam_split/18t__chr6_33019180_T_C__ref_RPGC.bed
18t	chr6:33019180:T:C	alt	4	/lustre_scratch/user_scratch/szhang37/bam_split/18t__chr6_33019180_T_C__alt.bam	/lustre_scratch/user_scratch/szhang37/bam_split/18t__chr6_33019180_T_C__alt_RPGC.bed
18t	chr6:110981936:C:G	ref	3	/lustre_scratch/user_scratch/szhang37/bam_split/18t__chr6_110981936_C_G__ref.bam	/lustre_scratch/user_scratch/szhang37/bam_split/18t__chr6_110981936_C_G__ref_RPGC.bed
18t	chr6:110981936:C:G	alt	1	/lustre_scratch/user_scratch/szhang37/bam_split/18t__chr6_110981936_C_G__alt.bam	/lustre_scratch/user_scratch/szhang37/bam_split/18t__chr6_110981936_C_G__alt_RPGC.bed
18t	chr6:118935183:T:C	ref	8	/lustre_scratch/user_scratch/szhang37/bam_split/18t__chr6_118935183_T_C__ref.bam	/lustre_scratch/user_scratch/szhang37/bam_split/18t__chr6_118935183_T_C__ref_RPGC.bed
18t	chr6:118935183:T:C	alt	9	/lustre_scratch/user_scratch/szhang37/bam_split/18t__chr6_118935183_T_C__alt.bam	/lustre_scratch/user_scratch/szhang37/bam_split/18t__chr6_118935183_T_C__alt_RPGC.bed
18t	chr7:47979760:G:C	ref	3	/lustre_scratch/user_scratch/szhang37/bam_split/18t__chr7_47979760_G_C__ref.bam	/lustre_scratch/user_scratch/szhang37/bam_split/18t__chr7_47979760_G_C__ref_RPGC.bed
18t	chr7:140177117:T:C	ref	4	/lustre_scratch/user_scratch/szhang37/bam_split/18t__chr7_140177117_T_C__ref.bam	/lustre_scratch/user_scratch/szhang37/bam_split/18t__chr7_140177117_T_C__ref_RPGC.bed
18t	chr7:140177117:T:C	alt	16	/lustre_scratch/user_scratch/szhang37/bam_split/18t__chr7_140177117_T_C__alt.bam	/lustre_scratch/user_scratch/szhang37/bam_split/18t__chr7_140177117_T_C__alt_RPGC.bed
18t	chr8:22599436:A:C	ref	2	/lustre_scratch/user_scratch/szhang37/bam_split/18t__chr8_22599436_A_C__ref.bam	/lustre_scratch/user_scratch/szhang37/bam_split/18t__chr8_22599436_A_C__ref_RPGC.bed
18t	chr8:22599436:A:C	alt	5	/lustre_scratch/user_scratch/szhang37/bam_split/18t__chr8_22599436_A_C__alt.bam	/lustre_scratch/user_scratch/szhang37/bam_split/18t__chr8_22599436_A_C__alt_RPGC.bed
18t	chr9:27529822:G:A	ref	3	/lustre_scratch/user_scratch/szhang37/bam_split/18t__chr9_27529822_G_A__ref.bam	/lustre_scratch/user_scratch/szhang37/bam_split/18t__chr9_27529822_G_A__ref_RPGC.bed
18t	chr9:27529822:G:A	alt	4	/lustre_scratch/user_scratch/szhang37/bam_split/18t__chr9_27529822_G_A__alt.bam	/lustre_scratch/user_scratch/szhang37/bam_split/18t__chr9_27529822_G_A__alt_RPGC.bed
18t	chr9:27529865:C:T	ref	2	/lustre_scratch/user_scratch/szhang37/bam_split/18t__chr9_27529865_C_T__ref.bam	/lustre_scratch/user_scratch/szhang37/bam_split/18t__chr9_27529865_C_T__ref_RPGC.bed
18t	chr9:27529865:C:T	alt	4	/lustre_scratch/user_scratch/szhang37/bam_split/18t__chr9_27529865_C_T__alt.bam	/lustre_scratch/user_scratch/szhang37/bam_split/18t__chr9_27529865_C_T__alt_RPGC.bed
18t	chr9:69760025:C:A	ref	3	/lustre_scratch/user_scratch/szhang37/bam_split/18t__chr9_69760025_C_A__ref.bam	/lustre_scratch/user_scratch/szhang37/bam_split/18t__chr9_69760025_C_A__ref_RPGC.bed
18t	chr9:69760025:C:A	alt	6	/lustre_scratch/user_scratch/szhang37/bam_split/18t__chr9_69760025_C_A__alt.bam	/lustre_scratch/user_scratch/szhang37/bam_split/18t__chr9_69760025_C_A__alt_RPGC.bed
18t	chr9:128192959:A:G	ref	3	/lustre_scratch/user_scratch/szhang37/bam_split/18t__chr9_128192959_A_G__ref.bam	/lustre_scratch/user_scratch/szhang37/bam_split/18t__chr9_128192959_A_G__ref_RPGC.bed
18t	chr9:128193010:G:A	ref	2	/lustre_scratch/user_scratch/szhang37/bam_split/18t__chr9_128193010_G_A__ref.bam	/lustre_scratch/user_scratch/szhang37/bam_split/18t__chr9_128193010_G_A__ref_RPGC.bed
18t	chr9:128193027:C:T	ref	2	/lustre_scratch/user_scratch/szhang37/bam_split/18t__chr9_128193027_C_T__ref.bam	/lustre_scratch/user_scratch/szhang37/bam_split/18t__chr9_128193027_C_T__ref_RPGC.bed
18t	chr9:129835342:T:C	ref	5	/lustre_scratch/user_scratch/szhang37/bam_split/18t__chr9_129835342_T_C__ref.bam	/lustre_scratch/user_scratch/szhang37/bam_split/18t__chr9_129835342_T_C__ref_RPGC.bed
18t	chr9:129835342:T:C	alt	8	/lustre_scratch/user_scratch/szhang37/bam_split/18t__chr9_129835342_T_C__alt.bam	/lustre_scratch/user_scratch/szhang37/bam_split/18t__chr9_129835342_T_C__alt_RPGC.bed
19t	chr1:16613925:A:G	alt	1	/lustre_scratch/user_scratch/szhang37/bam_split/19t__chr1_16613925_A_G__alt.bam	/lustre_scratch/user_scratch/szhang37/bam_split/19t__chr1_16613925_A_G__alt_RPGC.bed
19t	chr1:161390267:C:T	alt	1	/lustre_scratch/user_scratch/szhang37/bam_split/19t__chr1_161390267_C_T__alt.bam	/lustre_scratch/user_scratch/szhang37/bam_split/19t__chr1_161390267_C_T__alt_RPGC.bed
19t	chr1:212414864:C:G	ref	1	/lustre_scratch/user_scratch/szhang37/bam_split/19t__chr1_212414864_C_G__ref.bam	/lustre_scratch/user_scratch/szhang37/bam_split/19t__chr1_212414864_C_G__ref_RPGC.bed
19t	chr11:18634515:G:C	ref	1	/lustre_scratch/user_scratch/szhang37/bam_split/19t__chr11_18634515_G_C__ref.bam	/lustre_scratch/user_scratch/szhang37/bam_split/19t__chr11_18634515_G_C__ref_RPGC.bed
19t	chr12:54560572:A:T	alt	1	/lustre_scratch/user_scratch/szhang37/bam_split/19t__chr12_54560572_A_T__alt.bam	/lustre_scratch/user_scratch/szhang37/bam_split/19t__chr12_54560572_A_T__alt_RPGC.bed
19t	chr16:81314879:A:G	alt	1	/lustre_scratch/user_scratch/szhang37/bam_split/19t__chr16_81314879_A_G__alt.bam	/lustre_scratch/user_scratch/szhang37/bam_split/19t__chr16_81314879_A_G__alt_RPGC.bed
19t	chr18:12658192:T:G	ref	1	/lustre_scratch/user_scratch/szhang37/bam_split/19t__chr18_12658192_T_G__ref.bam	/lustre_scratch/user_scratch/szhang37/bam_split/19t__chr18_12658192_T_G__ref_RPGC.bed
19t	chr18:47749267:A:C	ref	1	/lustre_scratch/user_scratch/szhang37/bam_split/19t__chr18_47749267_A_C__ref.bam	/lustre_scratch/user_scratch/szhang37/bam_split/19t__chr18_47749267_A_C__ref_RPGC.bed
19t	chr19:45423658:C:A	alt	1	/lustre_scratch/user_scratch/szhang37/bam_split/19t__chr19_45423658_C_A__alt.bam	/lustre_scratch/user_scratch/szhang37/bam_split/19t__chr19_45423658_C_A__alt_RPGC.bed
19t	chr2:98508913:C:T	ref	1	/lustre_scratch/user_scratch/szhang37/bam_split/19t__chr2_98508913_C_T__ref.bam	/lustre_scratch/user_scratch/szhang37/bam_split/19t__chr2_98508913_C_T__ref_RPGC.bed
19t	chr20:1118651:T:C	alt	1	/lustre_scratch/user_scratch/szhang37/bam_split/19t__chr20_1118651_T_C__alt.bam	/lustre_scratch/user_scratch/szhang37/bam_split/19t__chr20_1118651_T_C__alt_RPGC.bed
19t	chr22:45164027:C:T	alt	1	/lustre_scratch/user_scratch/szhang37/bam_split/19t__chr22_45164027_C_T__alt.bam	/lustre_scratch/user_scratch/szhang37/bam_split/19t__chr22_45164027_C_T__alt_RPGC.bed
19t	chr3:75785610:G:T	ref	1	/lustre_scratch/user_scratch/szhang37/bam_split/19t__chr3_75785610_G_T__ref.bam	/lustre_scratch/user_scratch/szhang37/bam_split/19t__chr3_75785610_G_T__ref_RPGC.bed
19t	chr5:67215959:C:G	ref	2	/lustre_scratch/user_scratch/szhang37/bam_split/19t__chr5_67215959_C_G__ref.bam	/lustre_scratch/user_scratch/szhang37/bam_split/19t__chr5_67215959_C_G__ref_RPGC.bed
19t	chr5:67215959:C:G	alt	1	/lustre_scratch/user_scratch/szhang37/bam_split/19t__chr5_67215959_C_G__alt.bam	/lustre_scratch/user_scratch/szhang37/bam_split/19t__chr5_67215959_C_G__alt_RPGC.bed
19t	chr6:31271331:T:A	ref	1	/lustre_scratch/user_scratch/szhang37/bam_split/19t__chr6_31271331_T_A__ref.bam	/lustre_scratch/user_scratch/szhang37/bam_split/19t__chr6_31271331_T_A__ref_RPGC.bed
1t	chr15:34969886:C:T	ref	1	/lustre_scratch/user_scratch/szhang37/bam_split/1t__chr15_34969886_C_T__ref.bam	/lustre_scratch/user_scratch/szhang37/bam_split/1t__chr15_34969886_C_T__ref_RPGC.bed
1t	chr2:11155127:G:A	ref	1	/lustre_scratch/user_scratch/szhang37/bam_split/1t__chr2_11155127_G_A__ref.bam	/lustre_scratch/user_scratch/szhang37/bam_split/1t__chr2_11155127_G_A__ref_RPGC.bed
1t	chr3:9397385:T:C	ref	1	/lustre_scratch/user_scratch/szhang37/bam_split/1t__chr3_9397385_T_C__ref.bam	/lustre_scratch/user_scratch/szhang37/bam_split/1t__chr3_9397385_T_C__ref_RPGC.bed
20t	chr1:15525181:C:A	alt	1	/lustre_scratch/user_scratch/szhang37/bam_split/20t__chr1_15525181_C_A__alt.bam	/lustre_scratch/user_scratch/szhang37/bam_split/20t__chr1_15525181_C_A__alt_RPGC.bed
20t	chr1:16206601:C:T	ref	2	/lustre_scratch/user_scratch/szhang37/bam_split/20t__chr1_16206601_C_T__ref.bam	/lustre_scratch/user_scratch/szhang37/bam_split/20t__chr1_16206601_C_T__ref_RPGC.bed
20t	chr1:16613958:C:T	ref	1	/lustre_scratch/user_scratch/szhang37/bam_split/20t__chr1_16613958_C_T__ref.bam	/lustre_scratch/user_scratch/szhang37/bam_split/20t__chr1_16613958_C_T__ref_RPGC.bed
20t	chr1:228635616:A:C	ref	5	/lustre_scratch/user_scratch/szhang37/bam_split/20t__chr1_228635616_A_C__ref.bam	/lustre_scratch/user_scratch/szhang37/bam_split/20t__chr1_228635616_A_C__ref_RPGC.bed
20t	chr10:38356189:A:G	ref	3	/lustre_scratch/user_scratch/szhang37/bam_split/20t__chr10_38356189_A_G__ref.bam	/lustre_scratch/user_scratch/szhang37/bam_split/20t__chr10_38356189_A_G__ref_RPGC.bed
20t	chr11:18322147:G:T	alt	1	/lustre_scratch/user_scratch/szhang37/bam_split/20t__chr11_18322147_G_T__alt.bam	/lustre_scratch/user_scratch/szhang37/bam_split/20t__chr11_18322147_G_T__alt_RPGC.bed
20t	chr11:18634515:G:C	ref	1	/lustre_scratch/user_scratch/szhang37/bam_split/20t__chr11_18634515_G_C__ref.bam	/lustre_scratch/user_scratch/szhang37/bam_split/20t__chr11_18634515_G_C__ref_RPGC.bed
20t	chr11:18634515:G:C	alt	3	/lustre_scratch/user_scratch/szhang37/bam_split/20t__chr11_18634515_G_C__alt.bam	/lustre_scratch/user_scratch/szhang37/bam_split/20t__chr11_18634515_G_C__alt_RPGC.bed
20t	chr15:34969886:C:T	ref	1	/lustre_scratch/user_scratch/szhang37/bam_split/20t__chr15_34969886_C_T__ref.bam	/lustre_scratch/user_scratch/szhang37/bam_split/20t__chr15_34969886_C_T__ref_RPGC.bed
20t	chr15:73994541:C:T	alt	1	/lustre_scratch/user_scratch/szhang37/bam_split/20t__chr15_73994541_C_T__alt.bam	/lustre_scratch/user_scratch/szhang37/bam_split/20t__chr15_73994541_C_T__alt_RPGC.bed
20t	chr17:28842872:G:C	alt	2	/lustre_scratch/user_scratch/szhang37/bam_split/20t__chr17_28842872_G_C__alt.bam	/lustre_scratch/user_scratch/szhang37/bam_split/20t__chr17_28842872_G_C__alt_RPGC.bed
20t	chr17:36189143:C:G	ref	1	/lustre_scratch/user_scratch/szhang37/bam_split/20t__chr17_36189143_C_G__ref.bam	/lustre_scratch/user_scratch/szhang37/bam_split/20t__chr17_36189143_C_G__ref_RPGC.bed
20t	chr17:36189143:C:G	alt	1	/lustre_scratch/user_scratch/szhang37/bam_split/20t__chr17_36189143_C_G__alt.bam	/lustre_scratch/user_scratch/szhang37/bam_split/20t__chr17_36189143_C_G__alt_RPGC.bed
20t	chr17:36189169:C:G	ref	1	/lustre_scratch/user_scratch/szhang37/bam_split/20t__chr17_36189169_C_G__ref.bam	/lustre_scratch/user_scratch/szhang37/bam_split/20t__chr17_36189169_C_G__ref_RPGC.bed
20t	chr17:36189169:C:G	alt	1	/lustre_scratch/user_scratch/szhang37/bam_split/20t__chr17_36189169_C_G__alt.bam	/lustre_scratch/user_scratch/szhang37/bam_split/20t__chr17_36189169_C_G__alt_RPGC.bed
20t	chr17:79074920:C:G	alt	2	/lustre_scratch/user_scratch/szhang37/bam_split/20t__chr17_79074920_C_G__alt.bam	/lustre_scratch/user_scratch/szhang37/bam_split/20t__chr17_79074920_C_G__alt_RPGC.bed
20t	chr18:54269477:G:T	ref	1	/lustre_scratch/user_scratch/szhang37/bam_split/20t__chr18_54269477_G_T__ref.bam	/lustre_scratch/user_scratch/szhang37/bam_split/20t__chr18_54269477_G_T__ref_RPGC.bed
20t	chr18:54269477:G:T	alt	1	/lustre_scratch/user_scratch/szhang37/bam_split/20t__chr18_54269477_G_T__alt.bam	/lustre_scratch/user_scratch/szhang37/bam_split/20t__chr18_54269477_G_T__alt_RPGC.bed
20t	chr2:98508913:C:T	ref	1	/lustre_scratch/user_scratch/szhang37/bam_split/20t__chr2_98508913_C_T__ref.bam	/lustre_scratch/user_scratch/szhang37/bam_split/20t__chr2_98508913_C_T__ref_RPGC.bed
20t	chr2:98508913:C:T	alt	1	/lustre_scratch/user_scratch/szhang37/bam_split/20t__chr2_98508913_C_T__alt.bam	/lustre_scratch/user_scratch/szhang37/bam_split/20t__chr2_98508913_C_T__alt_RPGC.bed
20t	chr2:237966849:G:T	ref	1	/lustre_scratch/user_scratch/szhang37/bam_split/20t__chr2_237966849_G_T__ref.bam	/lustre_scratch/user_scratch/szhang37/bam_split/20t__chr2_237966849_G_T__ref_RPGC.bed
20t	chr20:1118651:T:C	alt	1	/lustre_scratch/user_scratch/szhang37/bam_split/20t__chr20_1118651_T_C__alt.bam	/lustre_scratch/user_scratch/szhang37/bam_split/20t__chr20_1118651_T_C__alt_RPGC.bed
20t	chr20:59032394:C:A	alt	1	/lustre_scratch/user_scratch/szhang37/bam_split/20t__chr20_59032394_C_A__alt.bam	/lustre_scratch/user_scratch/szhang37/bam_split/20t__chr20_59032394_C_A__alt_RPGC.bed
20t	chr22:45164027:C:T	alt	1	/lustre_scratch/user_scratch/szhang37/bam_split/20t__chr22_45164027_C_T__alt.bam	/lustre_scratch/user_scratch/szhang37/bam_split/20t__chr22_45164027_C_T__alt_RPGC.bed
20t	chr3:52057238:A:G	ref	1	/lustre_scratch/user_scratch/szhang37/bam_split/20t__chr3_52057238_A_G__ref.bam	/lustre_scratch/user_scratch/szhang37/bam_split/20t__chr3_52057238_A_G__ref_RPGC.bed
20t	chr5:67215959:C:G	alt	4	/lustre_scratch/user_scratch/szhang37/bam_split/20t__chr5_67215959_C_G__alt.bam	/lustre_scratch/user_scratch/szhang37/bam_split/20t__chr5_67215959_C_G__alt_RPGC.bed
20t	chr5:179698934:C:A	ref	1	/lustre_scratch/user_scratch/szhang37/bam_split/20t__chr5_179698934_C_A__ref.bam	/lustre_scratch/user_scratch/szhang37/bam_split/20t__chr5_179698934_C_A__ref_RPGC.bed
20t	chr5:179698934:C:A	alt	2	/lustre_scratch/user_scratch/szhang37/bam_split/20t__chr5_179698934_C_A__alt.bam	/lustre_scratch/user_scratch/szhang37/bam_split/20t__chr5_179698934_C_A__alt_RPGC.bed
20t	chr6:31271331:T:A	alt	2	/lustre_scratch/user_scratch/szhang37/bam_split/20t__chr6_31271331_T_A__alt.bam	/lustre_scratch/user_scratch/szhang37/bam_split/20t__chr6_31271331_T_A__alt_RPGC.bed
20t	chr7:25180369:C:G	alt	1	/lustre_scratch/user_scratch/szhang37/bam_split/20t__chr7_25180369_C_G__alt.bam	/lustre_scratch/user_scratch/szhang37/bam_split/20t__chr7_25180369_C_G__alt_RPGC.bed
20t	chr9:69760025:C:A	ref	1	/lustre_scratch/user_scratch/szhang37/bam_split/20t__chr9_69760025_C_A__ref.bam	/lustre_scratch/user_scratch/szhang37/bam_split/20t__chr9_69760025_C_A__ref_RPGC.bed
20t	chr9:69760025:C:A	alt	1	/lustre_scratch/user_scratch/szhang37/bam_split/20t__chr9_69760025_C_A__alt.bam	/lustre_scratch/user_scratch/szhang37/bam_split/20t__chr9_69760025_C_A__alt_RPGC.bed
22t	chr1:16613925:A:G	ref	1	/lustre_scratch/user_scratch/szhang37/bam_split/22t__chr1_16613925_A_G__ref.bam	/lustre_scratch/user_scratch/szhang37/bam_split/22t__chr1_16613925_A_G__ref_RPGC.bed
22t	chr1:16613925:A:G	alt	5	/lustre_scratch/user_scratch/szhang37/bam_split/22t__chr1_16613925_A_G__alt.bam	/lustre_scratch/user_scratch/szhang37/bam_split/22t__chr1_16613925_A_G__alt_RPGC.bed
22t	chr1:16613958:C:T	ref	4	/lustre_scratch/user_scratch/szhang37/bam_split/22t__chr1_16613958_C_T__ref.bam	/lustre_scratch/user_scratch/szhang37/bam_split/22t__chr1_16613958_C_T__ref_RPGC.bed
22t	chr1:16613958:C:T	alt	1	/lustre_scratch/user_scratch/szhang37/bam_split/22t__chr1_16613958_C_T__alt.bam	/lustre_scratch/user_scratch/szhang37/bam_split/22t__chr1_16613958_C_T__alt_RPGC.bed
22t	chr1:17237472:T:C	alt	2	/lustre_scratch/user_scratch/szhang37/bam_split/22t__chr1_17237472_T_C__alt.bam	/lustre_scratch/user_scratch/szhang37/bam_split/22t__chr1_17237472_T_C__alt_RPGC.bed
22t	chr1:212414864:C:G	ref	7	/lustre_scratch/user_scratch/szhang37/bam_split/22t__chr1_212414864_C_G__ref.bam	/lustre_scratch/user_scratch/szhang37/bam_split/22t__chr1_212414864_C_G__ref_RPGC.bed
22t	chr1:212414864:C:G	alt	4	/lustre_scratch/user_scratch/szhang37/bam_split/22t__chr1_212414864_C_G__alt.bam	/lustre_scratch/user_scratch/szhang37/bam_split/22t__chr1_212414864_C_G__alt_RPGC.bed
22t	chr1:228635625:G:C	ref	1	/lustre_scratch/user_scratch/szhang37/bam_split/22t__chr1_228635625_G_C__ref.bam	/lustre_scratch/user_scratch/szhang37/bam_split/22t__chr1_228635625_G_C__ref_RPGC.bed
22t	chr1:228635625:G:C	alt	5	/lustre_scratch/user_scratch/szhang37/bam_split/22t__chr1_228635625_G_C__alt.bam	/lustre_scratch/user_scratch/szhang37/bam_split/22t__chr1_228635625_G_C__alt_RPGC.bed
22t	chr10:38356189:A:G	ref	4	/lustre_scratch/user_scratch/szhang37/bam_split/22t__chr10_38356189_A_G__ref.bam	/lustre_scratch/user_scratch/szhang37/bam_split/22t__chr10_38356189_A_G__ref_RPGC.bed
22t	chr10:38356189:A:G	alt	4	/lustre_scratch/user_scratch/szhang37/bam_split/22t__chr10_38356189_A_G__alt.bam	/lustre_scratch/user_scratch/szhang37/bam_split/22t__chr10_38356189_A_G__alt_RPGC.bed
22t	chr10:50067831:G:A	ref	5	/lustre_scratch/user_scratch/szhang37/bam_split/22t__chr10_50067831_G_A__ref.bam	/lustre_scratch/user_scratch/szhang37/bam_split/22t__chr10_50067831_G_A__ref_RPGC.bed
22t	chr10:50067831:G:A	alt	2	/lustre_scratch/user_scratch/szhang37/bam_split/22t__chr10_50067831_G_A__alt.bam	/lustre_scratch/user_scratch/szhang37/bam_split/22t__chr10_50067831_G_A__alt_RPGC.bed
22t	chr11:6234763:A:T	ref	5	/lustre_scratch/user_scratch/szhang37/bam_split/22t__chr11_6234763_A_T__ref.bam	/lustre_scratch/user_scratch/szhang37/bam_split/22t__chr11_6234763_A_T__ref_RPGC.bed
22t	chr11:6234763:A:T	alt	8	/lustre_scratch/user_scratch/szhang37/bam_split/22t__chr11_6234763_A_T__alt.bam	/lustre_scratch/user_scratch/szhang37/bam_split/22t__chr11_6234763_A_T__alt_RPGC.bed
22t	chr12:8243830:G:C	alt	2	/lustre_scratch/user_scratch/szhang37/bam_split/22t__chr12_8243830_G_C__alt.bam	/lustre_scratch/user_scratch/szhang37/bam_split/22t__chr12_8243830_G_C__alt_RPGC.bed
22t	chr14:20989786:C:T	ref	3	/lustre_scratch/user_scratch/szhang37/bam_split/22t__chr14_20989786_C_T__ref.bam	/lustre_scratch/user_scratch/szhang37/bam_split/22t__chr14_20989786_C_T__ref_RPGC.bed
22t	chr14:20989786:C:T	alt	3	/lustre_scratch/user_scratch/szhang37/bam_split/22t__chr14_20989786_C_T__alt.bam	/lustre_scratch/user_scratch/szhang37/bam_split/22t__chr14_20989786_C_T__alt_RPGC.bed
22t	chr15:63600712:G:A	alt	2	/lustre_scratch/user_scratch/szhang37/bam_split/22t__chr15_63600712_G_A__alt.bam	/lustre_scratch/user_scratch/szhang37/bam_split/22t__chr15_63600712_G_A__alt_RPGC.bed
22t	chr16:82170153:C:T	ref	1	/lustre_scratch/user_scratch/szhang37/bam_split/22t__chr16_82170153_C_T__ref.bam	/lustre_scratch/user_scratch/szhang37/bam_split/22t__chr16_82170153_C_T__ref_RPGC.bed
22t	chr16:82170153:C:T	alt	5	/lustre_scratch/user_scratch/szhang37/bam_split/22t__chr16_82170153_C_T__alt.bam	/lustre_scratch/user_scratch/szhang37/bam_split/22t__chr16_82170153_C_T__alt_RPGC.bed
22t	chr17:3049001:C:G	ref	2	/lustre_scratch/user_scratch/szhang37/bam_split/22t__chr17_3049001_C_G__ref.bam	/lustre_scratch/user_scratch/szhang37/bam_split/22t__chr17_3049001_C_G__ref_RPGC.bed
22t	chr17:3049001:C:G	alt	5	/lustre_scratch/user_scratch/szhang37/bam_split/22t__chr17_3049001_C_G__alt.bam	/lustre_scratch/user_scratch/szhang37/bam_split/22t__chr17_3049001_C_G__alt_RPGC.bed
22t	chr17:3636748:G:A	alt	4	/lustre_scratch/user_scratch/szhang37/bam_split/22t__chr17_3636748_G_A__alt.bam	/lustre_scratch/user_scratch/szhang37/bam_split/22t__chr17_3636748_G_A__alt_RPGC.bed
22t	chr17:28842872:G:C	ref	2	/lustre_scratch/user_scratch/szhang37/bam_split/22t__chr17_28842872_G_C__ref.bam	/lustre_scratch/user_scratch/szhang37/bam_split/22t__chr17_28842872_G_C__ref_RPGC.bed
22t	chr17:28842872:G:C	alt	2	/lustre_scratch/user_scratch/szhang37/bam_split/22t__chr17_28842872_G_C__alt.bam	/lustre_scratch/user_scratch/szhang37/bam_split/22t__chr17_28842872_G_C__alt_RPGC.bed
22t	chr17:36189016:A:G	alt	4	/lustre_scratch/user_scratch/szhang37/bam_split/22t__chr17_36189016_A_G__alt.bam	/lustre_scratch/user_scratch/szhang37/bam_split/22t__chr17_36189016_A_G__alt_RPGC.bed
22t	chr17:36189143:C:G	ref	11	/lustre_scratch/user_scratch/szhang37/bam_split/22t__chr17_36189143_C_G__ref.bam	/lustre_scratch/user_scratch/szhang37/bam_split/22t__chr17_36189143_C_G__ref_RPGC.bed
22t	chr17:36189143:C:G	alt	2	/lustre_scratch/user_scratch/szhang37/bam_split/22t__chr17_36189143_C_G__alt.bam	/lustre_scratch/user_scratch/szhang37/bam_split/22t__chr17_36189143_C_G__alt_RPGC.bed
22t	chr17:36196964:A:T	ref	13	/lustre_scratch/user_scratch/szhang37/bam_split/22t__chr17_36196964_A_T__ref.bam	/lustre_scratch/user_scratch/szhang37/bam_split/22t__chr17_36196964_A_T__ref_RPGC.bed
22t	chr17:36196964:A:T	alt	3	/lustre_scratch/user_scratch/szhang37/bam_split/22t__chr17_36196964_A_T__alt.bam	/lustre_scratch/user_scratch/szhang37/bam_split/22t__chr17_36196964_A_T__alt_RPGC.bed
22t	chr17:77425218:G:A	ref	2	/lustre_scratch/user_scratch/szhang37/bam_split/22t__chr17_77425218_G_A__ref.bam	/lustre_scratch/user_scratch/szhang37/bam_split/22t__chr17_77425218_G_A__ref_RPGC.bed
22t	chr17:77425218:G:A	alt	6	/lustre_scratch/user_scratch/szhang37/bam_split/22t__chr17_77425218_G_A__alt.bam	/lustre_scratch/user_scratch/szhang37/bam_split/22t__chr17_77425218_G_A__alt_RPGC.bed
22t	chr18:12658192:T:G	ref	1	/lustre_scratch/user_scratch/szhang37/bam_split/22t__chr18_12658192_T_G__ref.bam	/lustre_scratch/user_scratch/szhang37/bam_split/22t__chr18_12658192_T_G__ref_RPGC.bed
22t	chr18:12658192:T:G	alt	6	/lustre_scratch/user_scratch/szhang37/bam_split/22t__chr18_12658192_T_G__alt.bam	/lustre_scratch/user_scratch/szhang37/bam_split/22t__chr18_12658192_T_G__alt_RPGC.bed
22t	chr18:54269477:G:T	ref	4	/lustre_scratch/user_scratch/szhang37/bam_split/22t__chr18_54269477_G_T__ref.bam	/lustre_scratch/user_scratch/szhang37/bam_split/22t__chr18_54269477_G_T__ref_RPGC.bed
22t	chr18:54269477:G:T	alt	5	/lustre_scratch/user_scratch/szhang37/bam_split/22t__chr18_54269477_G_T__alt.bam	/lustre_scratch/user_scratch/szhang37/bam_split/22t__chr18_54269477_G_T__alt_RPGC.bed
22t	chr19:45423658:C:A	alt	5	/lustre_scratch/user_scratch/szhang37/bam_split/22t__chr19_45423658_C_A__alt.bam	/lustre_scratch/user_scratch/szhang37/bam_split/22t__chr19_45423658_C_A__alt_RPGC.bed
22t	chr19:53431907:G:A	ref	5	/lustre_scratch/user_scratch/szhang37/bam_split/22t__chr19_53431907_G_A__ref.bam	/lustre_scratch/user_scratch/szhang37/bam_split/22t__chr19_53431907_G_A__ref_RPGC.bed
22t	chr19:53431907:G:A	alt	8	/lustre_scratch/user_scratch/szhang37/bam_split/22t__chr19_53431907_G_A__alt.bam	/lustre_scratch/user_scratch/szhang37/bam_split/22t__chr19_53431907_G_A__alt_RPGC.bed
22t	chr19:57191519:T:C	ref	1	/lustre_scratch/user_scratch/szhang37/bam_split/22t__chr19_57191519_T_C__ref.bam	/lustre_scratch/user_scratch/szhang37/bam_split/22t__chr19_57191519_T_C__ref_RPGC.bed
22t	chr19:57191519:T:C	alt	1	/lustre_scratch/user_scratch/szhang37/bam_split/22t__chr19_57191519_T_C__alt.bam	/lustre_scratch/user_scratch/szhang37/bam_split/22t__chr19_57191519_T_C__alt_RPGC.bed
22t	chr2:11155127:G:A	ref	14	/lustre_scratch/user_scratch/szhang37/bam_split/22t__chr2_11155127_G_A__ref.bam	/lustre_scratch/user_scratch/szhang37/bam_split/22t__chr2_11155127_G_A__ref_RPGC.bed
22t	chr2:11155127:G:A	alt	4	/lustre_scratch/user_scratch/szhang37/bam_split/22t__chr2_11155127_G_A__alt.bam	/lustre_scratch/user_scratch/szhang37/bam_split/22t__chr2_11155127_G_A__alt_RPGC.bed
22t	chr2:98508913:C:T	ref	1	/lustre_scratch/user_scratch/szhang37/bam_split/22t__chr2_98508913_C_T__ref.bam	/lustre_scratch/user_scratch/szhang37/bam_split/22t__chr2_98508913_C_T__ref_RPGC.bed
22t	chr2:98508913:C:T	alt	3	/lustre_scratch/user_scratch/szhang37/bam_split/22t__chr2_98508913_C_T__alt.bam	/lustre_scratch/user_scratch/szhang37/bam_split/22t__chr2_98508913_C_T__alt_RPGC.bed
22t	chr2:237966849:G:T	ref	2	/lustre_scratch/user_scratch/szhang37/bam_split/22t__chr2_237966849_G_T__ref.bam	/lustre_scratch/user_scratch/szhang37/bam_split/22t__chr2_237966849_G_T__ref_RPGC.bed
22t	chr2:237966849:G:T	alt	3	/lustre_scratch/user_scratch/szhang37/bam_split/22t__chr2_237966849_G_T__alt.bam	/lustre_scratch/user_scratch/szhang37/bam_split/22t__chr2_237966849_G_T__alt_RPGC.bed
22t	chr20:1118651:T:C	alt	3	/lustre_scratch/user_scratch/szhang37/bam_split/22t__chr20_1118651_T_C__alt.bam	/lustre_scratch/user_scratch/szhang37/bam_split/22t__chr20_1118651_T_C__alt_RPGC.bed
22t	chr21:37072590:A:G	alt	5	/lustre_scratch/user_scratch/szhang37/bam_split/22t__chr21_37072590_A_G__alt.bam	/lustre_scratch/user_scratch/szhang37/bam_split/22t__chr21_37072590_A_G__alt_RPGC.bed
22t	chr21:37072695:A:G	alt	3	/lustre_scratch/user_scratch/szhang37/bam_split/22t__chr21_37072695_A_G__alt.bam	/lustre_scratch/user_scratch/szhang37/bam_split/22t__chr21_37072695_A_G__alt_RPGC.bed
22t	chr22:45164027:C:T	ref	1	/lustre_scratch/user_scratch/szhang37/bam_split/22t__chr22_45164027_C_T__ref.bam	/lustre_scratch/user_scratch/szhang37/bam_split/22t__chr22_45164027_C_T__ref_RPGC.bed
22t	chr22:45164027:C:T	alt	2	/lustre_scratch/user_scratch/szhang37/bam_split/22t__chr22_45164027_C_T__alt.bam	/lustre_scratch/user_scratch/szhang37/bam_split/22t__chr22_45164027_C_T__alt_RPGC.bed
22t	chr3:9397385:T:C	alt	2	/lustre_scratch/user_scratch/szhang37/bam_split/22t__chr3_9397385_T_C__alt.bam	/lustre_scratch/user_scratch/szhang37/bam_split/22t__chr3_9397385_T_C__alt_RPGC.bed
22t	chr4:107720308:A:G	alt	4	/lustre_scratch/user_scratch/szhang37/bam_split/22t__chr4_107720308_A_G__alt.bam	/lustre_scratch/user_scratch/szhang37/bam_split/22t__chr4_107720308_A_G__alt_RPGC.bed
22t	chr4:107720445:G:A	ref	4	/lustre_scratch/user_scratch/szhang37/bam_split/22t__chr4_107720445_G_A__ref.bam	/lustre_scratch/user_scratch/szhang37/bam_split/22t__chr4_107720445_G_A__ref_RPGC.bed
22t	chr4:107720445:G:A	alt	5	/lustre_scratch/user_scratch/szhang37/bam_split/22t__chr4_107720445_G_A__alt.bam	/lustre_scratch/user_scratch/szhang37/bam_split/22t__chr4_107720445_G_A__alt_RPGC.bed
22t	chr5:67215959:C:G	ref	2	/lustre_scratch/user_scratch/szhang37/bam_split/22t__chr5_67215959_C_G__ref.bam	/lustre_scratch/user_scratch/szhang37/bam_split/22t__chr5_67215959_C_G__ref_RPGC.bed
22t	chr5:67215959:C:G	alt	6	/lustre_scratch/user_scratch/szhang37/bam_split/22t__chr5_67215959_C_G__alt.bam	/lustre_scratch/user_scratch/szhang37/bam_split/22t__chr5_67215959_C_G__alt_RPGC.bed
22t	chr6:3751890:C:A	ref	1	/lustre_scratch/user_scratch/szhang37/bam_split/22t__chr6_3751890_C_A__ref.bam	/lustre_scratch/user_scratch/szhang37/bam_split/22t__chr6_3751890_C_A__ref_RPGC.bed
22t	chr6:3751890:C:A	alt	1	/lustre_scratch/user_scratch/szhang37/bam_split/22t__chr6_3751890_C_A__alt.bam	/lustre_scratch/user_scratch/szhang37/bam_split/22t__chr6_3751890_C_A__alt_RPGC.bed
22t	chr6:136822473:A:T	alt	1	/lustre_scratch/user_scratch/szhang37/bam_split/22t__chr6_136822473_A_T__alt.bam	/lustre_scratch/user_scratch/szhang37/bam_split/22t__chr6_136822473_A_T__alt_RPGC.bed
22t	chr7:47979760:G:C	ref	1	/lustre_scratch/user_scratch/szhang37/bam_split/22t__chr7_47979760_G_C__ref.bam	/lustre_scratch/user_scratch/szhang37/bam_split/22t__chr7_47979760_G_C__ref_RPGC.bed
22t	chr7:47979760:G:C	alt	1	/lustre_scratch/user_scratch/szhang37/bam_split/22t__chr7_47979760_G_C__alt.bam	/lustre_scratch/user_scratch/szhang37/bam_split/22t__chr7_47979760_G_C__alt_RPGC.bed
22t	chr7:140177117:T:C	ref	3	/lustre_scratch/user_scratch/szhang37/bam_split/22t__chr7_140177117_T_C__ref.bam	/lustre_scratch/user_scratch/szhang37/bam_split/22t__chr7_140177117_T_C__ref_RPGC.bed
22t	chr7:140177117:T:C	alt	6	/lustre_scratch/user_scratch/szhang37/bam_split/22t__chr7_140177117_T_C__alt.bam	/lustre_scratch/user_scratch/szhang37/bam_split/22t__chr7_140177117_T_C__alt_RPGC.bed
22t	chr9:6703997:C:A	ref	4	/lustre_scratch/user_scratch/szhang37/bam_split/22t__chr9_6703997_C_A__ref.bam	/lustre_scratch/user_scratch/szhang37/bam_split/22t__chr9_6703997_C_A__ref_RPGC.bed
22t	chr9:6703997:C:A	alt	4	/lustre_scratch/user_scratch/szhang37/bam_split/22t__chr9_6703997_C_A__alt.bam	/lustre_scratch/user_scratch/szhang37/bam_split/22t__chr9_6703997_C_A__alt_RPGC.bed
22t	chr9:128192959:A:G	alt	2	/lustre_scratch/user_scratch/szhang37/bam_split/22t__chr9_128192959_A_G__alt.bam	/lustre_scratch/user_scratch/szhang37/bam_split/22t__chr9_128192959_A_G__alt_RPGC.bed
22t	chr9:128193010:G:A	ref	2	/lustre_scratch/user_scratch/szhang37/bam_split/22t__chr9_128193010_G_A__ref.bam	/lustre_scratch/user_scratch/szhang37/bam_split/22t__chr9_128193010_G_A__ref_RPGC.bed
22t	chr9:128193010:G:A	alt	4	/lustre_scratch/user_scratch/szhang37/bam_split/22t__chr9_128193010_G_A__alt.bam	/lustre_scratch/user_scratch/szhang37/bam_split/22t__chr9_128193010_G_A__alt_RPGC.bed
22t	chr9:128193027:C:T	ref	2	/lustre_scratch/user_scratch/szhang37/bam_split/22t__chr9_128193027_C_T__ref.bam	/lustre_scratch/user_scratch/szhang37/bam_split/22t__chr9_128193027_C_T__ref_RPGC.bed
22t	chr9:128193027:C:T	alt	3	/lustre_scratch/user_scratch/szhang37/bam_split/22t__chr9_128193027_C_T__alt.bam	/lustre_scratch/user_scratch/szhang37/bam_split/22t__chr9_128193027_C_T__alt_RPGC.bed
22t	chr9:129835342:T:C	ref	7	/lustre_scratch/user_scratch/szhang37/bam_split/22t__chr9_129835342_T_C__ref.bam	/lustre_scratch/user_scratch/szhang37/bam_split/22t__chr9_129835342_T_C__ref_RPGC.bed
22t	chr9:129835342:T:C	alt	7	/lustre_scratch/user_scratch/szhang37/bam_split/22t__chr9_129835342_T_C__alt.bam	/lustre_scratch/user_scratch/szhang37/bam_split/22t__chr9_129835342_T_C__alt_RPGC.bed
24t	chr1:15525181:C:A	ref	1	/lustre_scratch/user_scratch/szhang37/bam_split/24t__chr1_15525181_C_A__ref.bam	/lustre_scratch/user_scratch/szhang37/bam_split/24t__chr1_15525181_C_A__ref_RPGC.bed
24t	chr1:15525181:C:A	alt	1	/lustre_scratch/user_scratch/szhang37/bam_split/24t__chr1_15525181_C_A__alt.bam	/lustre_scratch/user_scratch/szhang37/bam_split/24t__chr1_15525181_C_A__alt_RPGC.bed
24t	chr1:16613925:A:G	alt	2	/lustre_scratch/user_scratch/szhang37/bam_split/24t__chr1_16613925_A_G__alt.bam	/lustre_scratch/user_scratch/szhang37/bam_split/24t__chr1_16613925_A_G__alt_RPGC.bed
24t	chr1:16613958:C:T	ref	3	/lustre_scratch/user_scratch/szhang37/bam_split/24t__chr1_16613958_C_T__ref.bam	/lustre_scratch/user_scratch/szhang37/bam_split/24t__chr1_16613958_C_T__ref_RPGC.bed
24t	chr1:16613958:C:T	alt	1	/lustre_scratch/user_scratch/szhang37/bam_split/24t__chr1_16613958_C_T__alt.bam	/lustre_scratch/user_scratch/szhang37/bam_split/24t__chr1_16613958_C_T__alt_RPGC.bed
24t	chr1:206470431:A:G	alt	1	/lustre_scratch/user_scratch/szhang37/bam_split/24t__chr1_206470431_A_G__alt.bam	/lustre_scratch/user_scratch/szhang37/bam_split/24t__chr1_206470431_A_G__alt_RPGC.bed
24t	chr1:241640356:A:G	ref	2	/lustre_scratch/user_scratch/szhang37/bam_split/24t__chr1_241640356_A_G__ref.bam	/lustre_scratch/user_scratch/szhang37/bam_split/24t__chr1_241640356_A_G__ref_RPGC.bed
24t	chr1:241640356:A:G	alt	2	/lustre_scratch/user_scratch/szhang37/bam_split/24t__chr1_241640356_A_G__alt.bam	/lustre_scratch/user_scratch/szhang37/bam_split/24t__chr1_241640356_A_G__alt_RPGC.bed
24t	chr11:18634515:G:C	alt	1	/lustre_scratch/user_scratch/szhang37/bam_split/24t__chr11_18634515_G_C__alt.bam	/lustre_scratch/user_scratch/szhang37/bam_split/24t__chr11_18634515_G_C__alt_RPGC.bed
24t	chr11:33039223:T:C	ref	1	/lustre_scratch/user_scratch/szhang37/bam_split/24t__chr11_33039223_T_C__ref.bam	/lustre_scratch/user_scratch/szhang37/bam_split/24t__chr11_33039223_T_C__ref_RPGC.bed
24t	chr12:6470978:C:A	ref	1	/lustre_scratch/user_scratch/szhang37/bam_split/24t__chr12_6470978_C_A__ref.bam	/lustre_scratch/user_scratch/szhang37/bam_split/24t__chr12_6470978_C_A__ref_RPGC.bed
24t	chr12:8243830:G:C	ref	2	/lustre_scratch/user_scratch/szhang37/bam_split/24t__chr12_8243830_G_C__ref.bam	/lustre_scratch/user_scratch/szhang37/bam_split/24t__chr12_8243830_G_C__ref_RPGC.bed
24t	chr16:28609990:T:C	ref	1	/lustre_scratch/user_scratch/szhang37/bam_split/24t__chr16_28609990_T_C__ref.bam	/lustre_scratch/user_scratch/szhang37/bam_split/24t__chr16_28609990_T_C__ref_RPGC.bed
24t	chr16:56451339:G:T	ref	1	/lustre_scratch/user_scratch/szhang37/bam_split/24t__chr16_56451339_G_T__ref.bam	/lustre_scratch/user_scratch/szhang37/bam_split/24t__chr16_56451339_G_T__ref_RPGC.bed
24t	chr17:36189263:C:T	alt	1	/lustre_scratch/user_scratch/szhang37/bam_split/24t__chr17_36189263_C_T__alt.bam	/lustre_scratch/user_scratch/szhang37/bam_split/24t__chr17_36189263_C_T__alt_RPGC.bed
24t	chr17:36195587:C:T	ref	1	/lustre_scratch/user_scratch/szhang37/bam_split/24t__chr17_36195587_C_T__ref.bam	/lustre_scratch/user_scratch/szhang37/bam_split/24t__chr17_36195587_C_T__ref_RPGC.bed
24t	chr18:47749267:A:C	ref	1	/lustre_scratch/user_scratch/szhang37/bam_split/24t__chr18_47749267_A_C__ref.bam	/lustre_scratch/user_scratch/szhang37/bam_split/24t__chr18_47749267_A_C__ref_RPGC.bed
24t	chr18:54269477:G:T	alt	1	/lustre_scratch/user_scratch/szhang37/bam_split/24t__chr18_54269477_G_T__alt.bam	/lustre_scratch/user_scratch/szhang37/bam_split/24t__chr18_54269477_G_T__alt_RPGC.bed
24t	chr19:6739699:G:T	ref	1	/lustre_scratch/user_scratch/szhang37/bam_split/24t__chr19_6739699_G_T__ref.bam	/lustre_scratch/user_scratch/szhang37/bam_split/24t__chr19_6739699_G_T__ref_RPGC.bed
24t	chr19:6739699:G:T	alt	1	/lustre_scratch/user_scratch/szhang37/bam_split/24t__chr19_6739699_G_T__alt.bam	/lustre_scratch/user_scratch/szhang37/bam_split/24t__chr19_6739699_G_T__alt_RPGC.bed
24t	chr19:53431907:G:A	ref	1	/lustre_scratch/user_scratch/szhang37/bam_split/24t__chr19_53431907_G_A__ref.bam	/lustre_scratch/user_scratch/szhang37/bam_split/24t__chr19_53431907_G_A__ref_RPGC.bed
24t	chr2:112584474:G:T	ref	1	/lustre_scratch/user_scratch/szhang37/bam_split/24t__chr2_112584474_G_T__ref.bam	/lustre_scratch/user_scratch/szhang37/bam_split/24t__chr2_112584474_G_T__ref_RPGC.bed
24t	chr2:112584474:G:T	alt	2	/lustre_scratch/user_scratch/szhang37/bam_split/24t__chr2_112584474_G_T__alt.bam	/lustre_scratch/user_scratch/szhang37/bam_split/24t__chr2_112584474_G_T__alt_RPGC.bed
24t	chr20:1118651:T:C	ref	1	/lustre_scratch/user_scratch/szhang37/bam_split/24t__chr20_1118651_T_C__ref.bam	/lustre_scratch/user_scratch/szhang37/bam_split/24t__chr20_1118651_T_C__ref_RPGC.bed
24t	chr3:9397385:T:C	ref	3	/lustre_scratch/user_scratch/szhang37/bam_split/24t__chr3_9397385_T_C__ref.bam	/lustre_scratch/user_scratch/szhang37/bam_split/24t__chr3_9397385_T_C__ref_RPGC.bed
24t	chr3:52057238:A:G	alt	1	/lustre_scratch/user_scratch/szhang37/bam_split/24t__chr3_52057238_A_G__alt.bam	/lustre_scratch/user_scratch/szhang37/bam_split/24t__chr3_52057238_A_G__alt_RPGC.bed
24t	chr5:56909530:A:G	ref	1	/lustre_scratch/user_scratch/szhang37/bam_split/24t__chr5_56909530_A_G__ref.bam	/lustre_scratch/user_scratch/szhang37/bam_split/24t__chr5_56909530_A_G__ref_RPGC.bed
24t	chr5:179698934:C:A	ref	1	/lustre_scratch/user_scratch/szhang37/bam_split/24t__chr5_179698934_C_A__ref.bam	/lustre_scratch/user_scratch/szhang37/bam_split/24t__chr5_179698934_C_A__ref_RPGC.bed
24t	chr5:179698934:C:A	alt	1	/lustre_scratch/user_scratch/szhang37/bam_split/24t__chr5_179698934_C_A__alt.bam	/lustre_scratch/user_scratch/szhang37/bam_split/24t__chr5_179698934_C_A__alt_RPGC.bed
24t	chr6:31271331:T:A	alt	2	/lustre_scratch/user_scratch/szhang37/bam_split/24t__chr6_31271331_T_A__alt.bam	/lustre_scratch/user_scratch/szhang37/bam_split/24t__chr6_31271331_T_A__alt_RPGC.bed
24t	chr6:33019180:T:C	alt	1	/lustre_scratch/user_scratch/szhang37/bam_split/24t__chr6_33019180_T_C__alt.bam	/lustre_scratch/user_scratch/szhang37/bam_split/24t__chr6_33019180_T_C__alt_RPGC.bed
24t	chr6:136822473:A:T	alt	1	/lustre_scratch/user_scratch/szhang37/bam_split/24t__chr6_136822473_A_T__alt.bam	/lustre_scratch/user_scratch/szhang37/bam_split/24t__chr6_136822473_A_T__alt_RPGC.bed
24t	chr9:128192959:A:G	alt	1	/lustre_scratch/user_scratch/szhang37/bam_split/24t__chr9_128192959_A_G__alt.bam	/lustre_scratch/user_scratch/szhang37/bam_split/24t__chr9_128192959_A_G__alt_RPGC.bed
3t	chr1:212414864:C:G	ref	1	/lustre_scratch/user_scratch/szhang37/bam_split/3t__chr1_212414864_C_G__ref.bam	/lustre_scratch/user_scratch/szhang37/bam_split/3t__chr1_212414864_C_G__ref_RPGC.bed
3t	chr11:18634515:G:C	ref	2	/lustre_scratch/user_scratch/szhang37/bam_split/3t__chr11_18634515_G_C__ref.bam	/lustre_scratch/user_scratch/szhang37/bam_split/3t__chr11_18634515_G_C__ref_RPGC.bed
3t	chr12:9448192:A:T	ref	1	/lustre_scratch/user_scratch/szhang37/bam_split/3t__chr12_9448192_A_T__ref.bam	/lustre_scratch/user_scratch/szhang37/bam_split/3t__chr12_9448192_A_T__ref_RPGC.bed
3t	chr13:46894174:T:G	alt	1	/lustre_scratch/user_scratch/szhang37/bam_split/3t__chr13_46894174_T_G__alt.bam	/lustre_scratch/user_scratch/szhang37/bam_split/3t__chr13_46894174_T_G__alt_RPGC.bed
3t	chr15:34969886:C:T	ref	1	/lustre_scratch/user_scratch/szhang37/bam_split/3t__chr15_34969886_C_T__ref.bam	/lustre_scratch/user_scratch/szhang37/bam_split/3t__chr15_34969886_C_T__ref_RPGC.bed
3t	chr15:34969886:C:T	alt	1	/lustre_scratch/user_scratch/szhang37/bam_split/3t__chr15_34969886_C_T__alt.bam	/lustre_scratch/user_scratch/szhang37/bam_split/3t__chr15_34969886_C_T__alt_RPGC.bed
3t	chr15:73994541:C:T	alt	1	/lustre_scratch/user_scratch/szhang37/bam_split/3t__chr15_73994541_C_T__alt.bam	/lustre_scratch/user_scratch/szhang37/bam_split/3t__chr15_73994541_C_T__alt_RPGC.bed
3t	chr16:11076:G:C	alt	1	/lustre_scratch/user_scratch/szhang37/bam_split/3t__chr16_11076_G_C__alt.bam	/lustre_scratch/user_scratch/szhang37/bam_split/3t__chr16_11076_G_C__alt_RPGC.bed
3t	chr16:82170153:C:T	alt	1	/lustre_scratch/user_scratch/szhang37/bam_split/3t__chr16_82170153_C_T__alt.bam	/lustre_scratch/user_scratch/szhang37/bam_split/3t__chr16_82170153_C_T__alt_RPGC.bed
3t	chr17:79074920:C:G	ref	1	/lustre_scratch/user_scratch/szhang37/bam_split/3t__chr17_79074920_C_G__ref.bam	/lustre_scratch/user_scratch/szhang37/bam_split/3t__chr17_79074920_C_G__ref_RPGC.bed
3t	chr18:12658192:T:G	alt	1	/lustre_scratch/user_scratch/szhang37/bam_split/3t__chr18_12658192_T_G__alt.bam	/lustre_scratch/user_scratch/szhang37/bam_split/3t__chr18_12658192_T_G__alt_RPGC.bed
3t	chr18:47749267:A:C	ref	2	/lustre_scratch/user_scratch/szhang37/bam_split/3t__chr18_47749267_A_C__ref.bam	/lustre_scratch/user_scratch/szhang37/bam_split/3t__chr18_47749267_A_C__ref_RPGC.bed
3t	chr18:47749267:A:C	alt	1	/lustre_scratch/user_scratch/szhang37/bam_split/3t__chr18_47749267_A_C__alt.bam	/lustre_scratch/user_scratch/szhang37/bam_split/3t__chr18_47749267_A_C__alt_RPGC.bed
3t	chr18:54269477:G:T	alt	1	/lustre_scratch/user_scratch/szhang37/bam_split/3t__chr18_54269477_G_T__alt.bam	/lustre_scratch/user_scratch/szhang37/bam_split/3t__chr18_54269477_G_T__alt_RPGC.bed
3t	chr19:2051333:G:A	ref	2	/lustre_scratch/user_scratch/szhang37/bam_split/3t__chr19_2051333_G_A__ref.bam	/lustre_scratch/user_scratch/szhang37/bam_split/3t__chr19_2051333_G_A__ref_RPGC.bed
3t	chr19:2051333:G:A	alt	1	/lustre_scratch/user_scratch/szhang37/bam_split/3t__chr19_2051333_G_A__alt.bam	/lustre_scratch/user_scratch/szhang37/bam_split/3t__chr19_2051333_G_A__alt_RPGC.bed
3t	chr19:43475287:T:C	alt	1	/lustre_scratch/user_scratch/szhang37/bam_split/3t__chr19_43475287_T_C__alt.bam	/lustre_scratch/user_scratch/szhang37/bam_split/3t__chr19_43475287_T_C__alt_RPGC.bed
3t	chr19:53431907:G:A	ref	1	/lustre_scratch/user_scratch/szhang37/bam_split/3t__chr19_53431907_G_A__ref.bam	/lustre_scratch/user_scratch/szhang37/bam_split/3t__chr19_53431907_G_A__ref_RPGC.bed
3t	chr2:112584474:G:T	ref	2	/lustre_scratch/user_scratch/szhang37/bam_split/3t__chr2_112584474_G_T__ref.bam	/lustre_scratch/user_scratch/szhang37/bam_split/3t__chr2_112584474_G_T__ref_RPGC.bed
3t	chr20:1118651:T:C	alt	1	/lustre_scratch/user_scratch/szhang37/bam_split/3t__chr20_1118651_T_C__alt.bam	/lustre_scratch/user_scratch/szhang37/bam_split/3t__chr20_1118651_T_C__alt_RPGC.bed
3t	chr4:102625739:T:C	alt	2	/lustre_scratch/user_scratch/szhang37/bam_split/3t__chr4_102625739_T_C__alt.bam	/lustre_scratch/user_scratch/szhang37/bam_split/3t__chr4_102625739_T_C__alt_RPGC.bed
3t	chr5:149357846:G:C	ref	1	/lustre_scratch/user_scratch/szhang37/bam_split/3t__chr5_149357846_G_C__ref.bam	/lustre_scratch/user_scratch/szhang37/bam_split/3t__chr5_149357846_G_C__ref_RPGC.bed
3t	chr5:176537482:A:G	ref	1	/lustre_scratch/user_scratch/szhang37/bam_split/3t__chr5_176537482_A_G__ref.bam	/lustre_scratch/user_scratch/szhang37/bam_split/3t__chr5_176537482_A_G__ref_RPGC.bed
3t	chr5:176537482:A:G	alt	2	/lustre_scratch/user_scratch/szhang37/bam_split/3t__chr5_176537482_A_G__alt.bam	/lustre_scratch/user_scratch/szhang37/bam_split/3t__chr5_176537482_A_G__alt_RPGC.bed
3t	chr6:3751890:C:A	alt	1	/lustre_scratch/user_scratch/szhang37/bam_split/3t__chr6_3751890_C_A__alt.bam	/lustre_scratch/user_scratch/szhang37/bam_split/3t__chr6_3751890_C_A__alt_RPGC.bed
3t	chr9:6703997:C:A	ref	1	/lustre_scratch/user_scratch/szhang37/bam_split/3t__chr9_6703997_C_A__ref.bam	/lustre_scratch/user_scratch/szhang37/bam_split/3t__chr9_6703997_C_A__ref_RPGC.bed
3t	chr9:128193010:G:A	alt	1	/lustre_scratch/user_scratch/szhang37/bam_split/3t__chr9_128193010_G_A__alt.bam	/lustre_scratch/user_scratch/szhang37/bam_split/3t__chr9_128193010_G_A__alt_RPGC.bed
3t	chr9:128193027:C:T	alt	1	/lustre_scratch/user_scratch/szhang37/bam_split/3t__chr9_128193027_C_T__alt.bam	/lustre_scratch/user_scratch/szhang37/bam_split/3t__chr9_128193027_C_T__alt_RPGC.bed
7t	chr1:17237472:T:C	alt	1	/lustre_scratch/user_scratch/szhang37/bam_split/7t__chr1_17237472_T_C__alt.bam	/lustre_scratch/user_scratch/szhang37/bam_split/7t__chr1_17237472_T_C__alt_RPGC.bed
7t	chr1:88684130:C:T	ref	4	/lustre_scratch/user_scratch/szhang37/bam_split/7t__chr1_88684130_C_T__ref.bam	/lustre_scratch/user_scratch/szhang37/bam_split/7t__chr1_88684130_C_T__ref_RPGC.bed
7t	chr1:88684130:C:T	alt	3	/lustre_scratch/user_scratch/szhang37/bam_split/7t__chr1_88684130_C_T__alt.bam	/lustre_scratch/user_scratch/szhang37/bam_split/7t__chr1_88684130_C_T__alt_RPGC.bed
7t	chr1:212414864:C:G	ref	1	/lustre_scratch/user_scratch/szhang37/bam_split/7t__chr1_212414864_C_G__ref.bam	/lustre_scratch/user_scratch/szhang37/bam_split/7t__chr1_212414864_C_G__ref_RPGC.bed
7t	chr1:212414864:C:G	alt	1	/lustre_scratch/user_scratch/szhang37/bam_split/7t__chr1_212414864_C_G__alt.bam	/lustre_scratch/user_scratch/szhang37/bam_split/7t__chr1_212414864_C_G__alt_RPGC.bed
7t	chr10:38356189:A:G	alt	1	/lustre_scratch/user_scratch/szhang37/bam_split/7t__chr10_38356189_A_G__alt.bam	/lustre_scratch/user_scratch/szhang37/bam_split/7t__chr10_38356189_A_G__alt_RPGC.bed
7t	chr10:50067831:G:A	ref	2	/lustre_scratch/user_scratch/szhang37/bam_split/7t__chr10_50067831_G_A__ref.bam	/lustre_scratch/user_scratch/szhang37/bam_split/7t__chr10_50067831_G_A__ref_RPGC.bed
7t	chr11:18012985:T:C	ref	1	/lustre_scratch/user_scratch/szhang37/bam_split/7t__chr11_18012985_T_C__ref.bam	/lustre_scratch/user_scratch/szhang37/bam_split/7t__chr11_18012985_T_C__ref_RPGC.bed
7t	chr11:18634515:G:C	ref	1	/lustre_scratch/user_scratch/szhang37/bam_split/7t__chr11_18634515_G_C__ref.bam	/lustre_scratch/user_scratch/szhang37/bam_split/7t__chr11_18634515_G_C__ref_RPGC.bed
7t	chr11:18634515:G:C	alt	3	/lustre_scratch/user_scratch/szhang37/bam_split/7t__chr11_18634515_G_C__alt.bam	/lustre_scratch/user_scratch/szhang37/bam_split/7t__chr11_18634515_G_C__alt_RPGC.bed
7t	chr12:8243830:G:C	ref	1	/lustre_scratch/user_scratch/szhang37/bam_split/7t__chr12_8243830_G_C__ref.bam	/lustre_scratch/user_scratch/szhang37/bam_split/7t__chr12_8243830_G_C__ref_RPGC.bed
7t	chr12:8243830:G:C	alt	1	/lustre_scratch/user_scratch/szhang37/bam_split/7t__chr12_8243830_G_C__alt.bam	/lustre_scratch/user_scratch/szhang37/bam_split/7t__chr12_8243830_G_C__alt_RPGC.bed
7t	chr12:9448192:A:T	ref	1	/lustre_scratch/user_scratch/szhang37/bam_split/7t__chr12_9448192_A_T__ref.bam	/lustre_scratch/user_scratch/szhang37/bam_split/7t__chr12_9448192_A_T__ref_RPGC.bed
7t	chr12:54560572:A:T	alt	2	/lustre_scratch/user_scratch/szhang37/bam_split/7t__chr12_54560572_A_T__alt.bam	/lustre_scratch/user_scratch/szhang37/bam_split/7t__chr12_54560572_A_T__alt_RPGC.bed
7t	chr12:120291953:A:T	ref	2	/lustre_scratch/user_scratch/szhang37/bam_split/7t__chr12_120291953_A_T__ref.bam	/lustre_scratch/user_scratch/szhang37/bam_split/7t__chr12_120291953_A_T__ref_RPGC.bed
7t	chr15:34969886:C:T	ref	3	/lustre_scratch/user_scratch/szhang37/bam_split/7t__chr15_34969886_C_T__ref.bam	/lustre_scratch/user_scratch/szhang37/bam_split/7t__chr15_34969886_C_T__ref_RPGC.bed
7t	chr15:34969886:C:T	alt	4	/lustre_scratch/user_scratch/szhang37/bam_split/7t__chr15_34969886_C_T__alt.bam	/lustre_scratch/user_scratch/szhang37/bam_split/7t__chr15_34969886_C_T__alt_RPGC.bed
7t	chr15:73994541:C:T	alt	1	/lustre_scratch/user_scratch/szhang37/bam_split/7t__chr15_73994541_C_T__alt.bam	/lustre_scratch/user_scratch/szhang37/bam_split/7t__chr15_73994541_C_T__alt_RPGC.bed
7t	chr16:82170153:C:T	ref	1	/lustre_scratch/user_scratch/szhang37/bam_split/7t__chr16_82170153_C_T__ref.bam	/lustre_scratch/user_scratch/szhang37/bam_split/7t__chr16_82170153_C_T__ref_RPGC.bed
7t	chr16:82170153:C:T	alt	2	/lustre_scratch/user_scratch/szhang37/bam_split/7t__chr16_82170153_C_T__alt.bam	/lustre_scratch/user_scratch/szhang37/bam_split/7t__chr16_82170153_C_T__alt_RPGC.bed
7t	chr17:3049001:C:G	alt	3	/lustre_scratch/user_scratch/szhang37/bam_split/7t__chr17_3049001_C_G__alt.bam	/lustre_scratch/user_scratch/szhang37/bam_split/7t__chr17_3049001_C_G__alt_RPGC.bed
7t	chr17:3636748:G:A	ref	2	/lustre_scratch/user_scratch/szhang37/bam_split/7t__chr17_3636748_G_A__ref.bam	/lustre_scratch/user_scratch/szhang37/bam_split/7t__chr17_3636748_G_A__ref_RPGC.bed
7t	chr17:31937036:T:C	ref	2	/lustre_scratch/user_scratch/szhang37/bam_split/7t__chr17_31937036_T_C__ref.bam	/lustre_scratch/user_scratch/szhang37/bam_split/7t__chr17_31937036_T_C__ref_RPGC.bed
7t	chr17:31937036:T:C	alt	1	/lustre_scratch/user_scratch/szhang37/bam_split/7t__chr17_31937036_T_C__alt.bam	/lustre_scratch/user_scratch/szhang37/bam_split/7t__chr17_31937036_T_C__alt_RPGC.bed
7t	chr17:79074920:C:G	ref	1	/lustre_scratch/user_scratch/szhang37/bam_split/7t__chr17_79074920_C_G__ref.bam	/lustre_scratch/user_scratch/szhang37/bam_split/7t__chr17_79074920_C_G__ref_RPGC.bed
7t	chr17:79074920:C:G	alt	1	/lustre_scratch/user_scratch/szhang37/bam_split/7t__chr17_79074920_C_G__alt.bam	/lustre_scratch/user_scratch/szhang37/bam_split/7t__chr17_79074920_C_G__alt_RPGC.bed
7t	chr19:6739699:G:T	ref	1	/lustre_scratch/user_scratch/szhang37/bam_split/7t__chr19_6739699_G_T__ref.bam	/lustre_scratch/user_scratch/szhang37/bam_split/7t__chr19_6739699_G_T__ref_RPGC.bed
7t	chr19:6739699:G:T	alt	4	/lustre_scratch/user_scratch/szhang37/bam_split/7t__chr19_6739699_G_T__alt.bam	/lustre_scratch/user_scratch/szhang37/bam_split/7t__chr19_6739699_G_T__alt_RPGC.bed
7t	chr19:53431907:G:A	ref	3	/lustre_scratch/user_scratch/szhang37/bam_split/7t__chr19_53431907_G_A__ref.bam	/lustre_scratch/user_scratch/szhang37/bam_split/7t__chr19_53431907_G_A__ref_RPGC.bed
7t	chr19:53431907:G:A	alt	3	/lustre_scratch/user_scratch/szhang37/bam_split/7t__chr19_53431907_G_A__alt.bam	/lustre_scratch/user_scratch/szhang37/bam_split/7t__chr19_53431907_G_A__alt_RPGC.bed
7t	chr2:237966849:G:T	ref	1	/lustre_scratch/user_scratch/szhang37/bam_split/7t__chr2_237966849_G_T__ref.bam	/lustre_scratch/user_scratch/szhang37/bam_split/7t__chr2_237966849_G_T__ref_RPGC.bed
7t	chr2:237966849:G:T	alt	4	/lustre_scratch/user_scratch/szhang37/bam_split/7t__chr2_237966849_G_T__alt.bam	/lustre_scratch/user_scratch/szhang37/bam_split/7t__chr2_237966849_G_T__alt_RPGC.bed
7t	chr22:45164027:C:T	alt	2	/lustre_scratch/user_scratch/szhang37/bam_split/7t__chr22_45164027_C_T__alt.bam	/lustre_scratch/user_scratch/szhang37/bam_split/7t__chr22_45164027_C_T__alt_RPGC.bed
7t	chr3:9397385:T:C	ref	1	/lustre_scratch/user_scratch/szhang37/bam_split/7t__chr3_9397385_T_C__ref.bam	/lustre_scratch/user_scratch/szhang37/bam_split/7t__chr3_9397385_T_C__ref_RPGC.bed
7t	chr3:9397385:T:C	alt	2	/lustre_scratch/user_scratch/szhang37/bam_split/7t__chr3_9397385_T_C__alt.bam	/lustre_scratch/user_scratch/szhang37/bam_split/7t__chr3_9397385_T_C__alt_RPGC.bed
7t	chr3:52057238:A:G	ref	2	/lustre_scratch/user_scratch/szhang37/bam_split/7t__chr3_52057238_A_G__ref.bam	/lustre_scratch/user_scratch/szhang37/bam_split/7t__chr3_52057238_A_G__ref_RPGC.bed
7t	chr5:56909530:A:G	ref	1	/lustre_scratch/user_scratch/szhang37/bam_split/7t__chr5_56909530_A_G__ref.bam	/lustre_scratch/user_scratch/szhang37/bam_split/7t__chr5_56909530_A_G__ref_RPGC.bed
7t	chr5:56909530:A:G	alt	1	/lustre_scratch/user_scratch/szhang37/bam_split/7t__chr5_56909530_A_G__alt.bam	/lustre_scratch/user_scratch/szhang37/bam_split/7t__chr5_56909530_A_G__alt_RPGC.bed
7t	chr5:67215959:C:G	alt	2	/lustre_scratch/user_scratch/szhang37/bam_split/7t__chr5_67215959_C_G__alt.bam	/lustre_scratch/user_scratch/szhang37/bam_split/7t__chr5_67215959_C_G__alt_RPGC.bed
7t	chr5:176537482:A:G	ref	2	/lustre_scratch/user_scratch/szhang37/bam_split/7t__chr5_176537482_A_G__ref.bam	/lustre_scratch/user_scratch/szhang37/bam_split/7t__chr5_176537482_A_G__ref_RPGC.bed
7t	chr5:176537482:A:G	alt	1	/lustre_scratch/user_scratch/szhang37/bam_split/7t__chr5_176537482_A_G__alt.bam	/lustre_scratch/user_scratch/szhang37/bam_split/7t__chr5_176537482_A_G__alt_RPGC.bed
7t	chr6:3751890:C:A	ref	1	/lustre_scratch/user_scratch/szhang37/bam_split/7t__chr6_3751890_C_A__ref.bam	/lustre_scratch/user_scratch/szhang37/bam_split/7t__chr6_3751890_C_A__ref_RPGC.bed
7t	chr6:31795967:G:A	ref	2	/lustre_scratch/user_scratch/szhang37/bam_split/7t__chr6_31795967_G_A__ref.bam	/lustre_scratch/user_scratch/szhang37/bam_split/7t__chr6_31795967_G_A__ref_RPGC.bed
7t	chr6:31795967:G:A	alt	2	/lustre_scratch/user_scratch/szhang37/bam_split/7t__chr6_31795967_G_A__alt.bam	/lustre_scratch/user_scratch/szhang37/bam_split/7t__chr6_31795967_G_A__alt_RPGC.bed
7t	chr6:110981936:C:G	alt	1	/lustre_scratch/user_scratch/szhang37/bam_split/7t__chr6_110981936_C_G__alt.bam	/lustre_scratch/user_scratch/szhang37/bam_split/7t__chr6_110981936_C_G__alt_RPGC.bed
7t	chr6:118935183:T:C	ref	2	/lustre_scratch/user_scratch/szhang37/bam_split/7t__chr6_118935183_T_C__ref.bam	/lustre_scratch/user_scratch/szhang37/bam_split/7t__chr6_118935183_T_C__ref_RPGC.bed
7t	chr6:118935183:T:C	alt	2	/lustre_scratch/user_scratch/szhang37/bam_split/7t__chr6_118935183_T_C__alt.bam	/lustre_scratch/user_scratch/szhang37/bam_split/7t__chr6_118935183_T_C__alt_RPGC.bed
7t	chr7:66740593:C:A	ref	1	/lustre_scratch/user_scratch/szhang37/bam_split/7t__chr7_66740593_C_A__ref.bam	/lustre_scratch/user_scratch/szhang37/bam_split/7t__chr7_66740593_C_A__ref_RPGC.bed
7t	chr7:66740593:C:A	alt	5	/lustre_scratch/user_scratch/szhang37/bam_split/7t__chr7_66740593_C_A__alt.bam	/lustre_scratch/user_scratch/szhang37/bam_split/7t__chr7_66740593_C_A__alt_RPGC.bed
7t	chr8:22599436:A:C	ref	2	/lustre_scratch/user_scratch/szhang37/bam_split/7t__chr8_22599436_A_C__ref.bam	/lustre_scratch/user_scratch/szhang37/bam_split/7t__chr8_22599436_A_C__ref_RPGC.bed
7t	chr8:22599436:A:C	alt	1	/lustre_scratch/user_scratch/szhang37/bam_split/7t__chr8_22599436_A_C__alt.bam	/lustre_scratch/user_scratch/szhang37/bam_split/7t__chr8_22599436_A_C__alt_RPGC.bed
7t	chr9:108934109:G:C	ref	1	/lustre_scratch/user_scratch/szhang37/bam_split/7t__chr9_108934109_G_C__ref.bam	/lustre_scratch/user_scratch/szhang37/bam_split/7t__chr9_108934109_G_C__ref_RPGC.bed
pt1_pre	chr1:16613925:A:G	ref	1	/lustre_scratch/user_scratch/szhang37/bam_split/pt1_pre__chr1_16613925_A_G__ref.bam	/lustre_scratch/user_scratch/szhang37/bam_split/pt1_pre__chr1_16613925_A_G__ref_RPGC.bed
pt1_pre	chr1:16613925:A:G	alt	1	/lustre_scratch/user_scratch/szhang37/bam_split/pt1_pre__chr1_16613925_A_G__alt.bam	/lustre_scratch/user_scratch/szhang37/bam_split/pt1_pre__chr1_16613925_A_G__alt_RPGC.bed
pt1_pre	chr1:16613958:C:T	ref	3	/lustre_scratch/user_scratch/szhang37/bam_split/pt1_pre__chr1_16613958_C_T__ref.bam	/lustre_scratch/user_scratch/szhang37/bam_split/pt1_pre__chr1_16613958_C_T__ref_RPGC.bed
pt1_pre	chr1:17237472:T:C	ref	2	/lustre_scratch/user_scratch/szhang37/bam_split/pt1_pre__chr1_17237472_T_C__ref.bam	/lustre_scratch/user_scratch/szhang37/bam_split/pt1_pre__chr1_17237472_T_C__ref_RPGC.bed
pt1_pre	chr1:161390226:T:G	ref	7	/lustre_scratch/user_scratch/szhang37/bam_split/pt1_pre__chr1_161390226_T_G__ref.bam	/lustre_scratch/user_scratch/szhang37/bam_split/pt1_pre__chr1_161390226_T_G__ref_RPGC.bed
pt1_pre	chr1:161390226:T:G	alt	10	/lustre_scratch/user_scratch/szhang37/bam_split/pt1_pre__chr1_161390226_T_G__alt.bam	/lustre_scratch/user_scratch/szhang37/bam_split/pt1_pre__chr1_161390226_T_G__alt_RPGC.bed
pt1_pre	chr1:161390267:C:T	ref	8	/lustre_scratch/user_scratch/szhang37/bam_split/pt1_pre__chr1_161390267_C_T__ref.bam	/lustre_scratch/user_scratch/szhang37/bam_split/pt1_pre__chr1_161390267_C_T__ref_RPGC.bed
pt1_pre	chr1:161390267:C:T	alt	9	/lustre_scratch/user_scratch/szhang37/bam_split/pt1_pre__chr1_161390267_C_T__alt.bam	/lustre_scratch/user_scratch/szhang37/bam_split/pt1_pre__chr1_161390267_C_T__alt_RPGC.bed
pt1_pre	chr1:228635625:G:C	ref	1	/lustre_scratch/user_scratch/szhang37/bam_split/pt1_pre__chr1_228635625_G_C__ref.bam	/lustre_scratch/user_scratch/szhang37/bam_split/pt1_pre__chr1_228635625_G_C__ref_RPGC.bed
pt1_pre	chr1:228635625:G:C	alt	4	/lustre_scratch/user_scratch/szhang37/bam_split/pt1_pre__chr1_228635625_G_C__alt.bam	/lustre_scratch/user_scratch/szhang37/bam_split/pt1_pre__chr1_228635625_G_C__alt_RPGC.bed
pt1_pre	chr11:18634515:G:C	ref	9	/lustre_scratch/user_scratch/szhang37/bam_split/pt1_pre__chr11_18634515_G_C__ref.bam	/lustre_scratch/user_scratch/szhang37/bam_split/pt1_pre__chr11_18634515_G_C__ref_RPGC.bed
pt1_pre	chr11:18634515:G:C	alt	8	/lustre_scratch/user_scratch/szhang37/bam_split/pt1_pre__chr11_18634515_G_C__alt.bam	/lustre_scratch/user_scratch/szhang37/bam_split/pt1_pre__chr11_18634515_G_C__alt_RPGC.bed
pt1_pre	chr11:33039223:T:C	ref	5	/lustre_scratch/user_scratch/szhang37/bam_split/pt1_pre__chr11_33039223_T_C__ref.bam	/lustre_scratch/user_scratch/szhang37/bam_split/pt1_pre__chr11_33039223_T_C__ref_RPGC.bed
pt1_pre	chr11:33039223:T:C	alt	6	/lustre_scratch/user_scratch/szhang37/bam_split/pt1_pre__chr11_33039223_T_C__alt.bam	/lustre_scratch/user_scratch/szhang37/bam_split/pt1_pre__chr11_33039223_T_C__alt_RPGC.bed
pt1_pre	chr12:6470978:C:A	ref	5	/lustre_scratch/user_scratch/szhang37/bam_split/pt1_pre__chr12_6470978_C_A__ref.bam	/lustre_scratch/user_scratch/szhang37/bam_split/pt1_pre__chr12_6470978_C_A__ref_RPGC.bed
pt1_pre	chr12:6470978:C:A	alt	2	/lustre_scratch/user_scratch/szhang37/bam_split/pt1_pre__chr12_6470978_C_A__alt.bam	/lustre_scratch/user_scratch/szhang37/bam_split/pt1_pre__chr12_6470978_C_A__alt_RPGC.bed
pt1_pre	chr12:9448192:A:T	ref	3	/lustre_scratch/user_scratch/szhang37/bam_split/pt1_pre__chr12_9448192_A_T__ref.bam	/lustre_scratch/user_scratch/szhang37/bam_split/pt1_pre__chr12_9448192_A_T__ref_RPGC.bed
pt1_pre	chr12:31074229:A:G	ref	4	/lustre_scratch/user_scratch/szhang37/bam_split/pt1_pre__chr12_31074229_A_G__ref.bam	/lustre_scratch/user_scratch/szhang37/bam_split/pt1_pre__chr12_31074229_A_G__ref_RPGC.bed
pt1_pre	chr12:54560572:A:T	ref	7	/lustre_scratch/user_scratch/szhang37/bam_split/pt1_pre__chr12_54560572_A_T__ref.bam	/lustre_scratch/user_scratch/szhang37/bam_split/pt1_pre__chr12_54560572_A_T__ref_RPGC.bed
pt1_pre	chr12:54560572:A:T	alt	5	/lustre_scratch/user_scratch/szhang37/bam_split/pt1_pre__chr12_54560572_A_T__alt.bam	/lustre_scratch/user_scratch/szhang37/bam_split/pt1_pre__chr12_54560572_A_T__alt_RPGC.bed
pt1_pre	chr12:120291953:A:T	ref	1	/lustre_scratch/user_scratch/szhang37/bam_split/pt1_pre__chr12_120291953_A_T__ref.bam	/lustre_scratch/user_scratch/szhang37/bam_split/pt1_pre__chr12_120291953_A_T__ref_RPGC.bed
pt1_pre	chr12:120291953:A:T	alt	1	/lustre_scratch/user_scratch/szhang37/bam_split/pt1_pre__chr12_120291953_A_T__alt.bam	/lustre_scratch/user_scratch/szhang37/bam_split/pt1_pre__chr12_120291953_A_T__alt_RPGC.bed
pt1_pre	chr15:34969886:C:T	ref	3	/lustre_scratch/user_scratch/szhang37/bam_split/pt1_pre__chr15_34969886_C_T__ref.bam	/lustre_scratch/user_scratch/szhang37/bam_split/pt1_pre__chr15_34969886_C_T__ref_RPGC.bed
pt1_pre	chr15:34969886:C:T	alt	8	/lustre_scratch/user_scratch/szhang37/bam_split/pt1_pre__chr15_34969886_C_T__alt.bam	/lustre_scratch/user_scratch/szhang37/bam_split/pt1_pre__chr15_34969886_C_T__alt_RPGC.bed
pt1_pre	chr15:63600712:G:A	alt	2	/lustre_scratch/user_scratch/szhang37/bam_split/pt1_pre__chr15_63600712_G_A__alt.bam	/lustre_scratch/user_scratch/szhang37/bam_split/pt1_pre__chr15_63600712_G_A__alt_RPGC.bed
pt1_pre	chr15:73994541:C:T	ref	1	/lustre_scratch/user_scratch/szhang37/bam_split/pt1_pre__chr15_73994541_C_T__ref.bam	/lustre_scratch/user_scratch/szhang37/bam_split/pt1_pre__chr15_73994541_C_T__ref_RPGC.bed
pt1_pre	chr15:73994541:C:T	alt	2	/lustre_scratch/user_scratch/szhang37/bam_split/pt1_pre__chr15_73994541_C_T__alt.bam	/lustre_scratch/user_scratch/szhang37/bam_split/pt1_pre__chr15_73994541_C_T__alt_RPGC.bed
pt1_pre	chr16:56451339:G:T	ref	8	/lustre_scratch/user_scratch/szhang37/bam_split/pt1_pre__chr16_56451339_G_T__ref.bam	/lustre_scratch/user_scratch/szhang37/bam_split/pt1_pre__chr16_56451339_G_T__ref_RPGC.bed
pt1_pre	chr16:56451339:G:T	alt	10	/lustre_scratch/user_scratch/szhang37/bam_split/pt1_pre__chr16_56451339_G_T__alt.bam	/lustre_scratch/user_scratch/szhang37/bam_split/pt1_pre__chr16_56451339_G_T__alt_RPGC.bed
pt1_pre	chr17:3049001:C:G	ref	5	/lustre_scratch/user_scratch/szhang37/bam_split/pt1_pre__chr17_3049001_C_G__ref.bam	/lustre_scratch/user_scratch/szhang37/bam_split/pt1_pre__chr17_3049001_C_G__ref_RPGC.bed
pt1_pre	chr17:3049001:C:G	alt	10	/lustre_scratch/user_scratch/szhang37/bam_split/pt1_pre__chr17_3049001_C_G__alt.bam	/lustre_scratch/user_scratch/szhang37/bam_split/pt1_pre__chr17_3049001_C_G__alt_RPGC.bed
pt1_pre	chr17:36189016:A:G	alt	5	/lustre_scratch/user_scratch/szhang37/bam_split/pt1_pre__chr17_36189016_A_G__alt.bam	/lustre_scratch/user_scratch/szhang37/bam_split/pt1_pre__chr17_36189016_A_G__alt_RPGC.bed
pt1_pre	chr17:36189143:C:G	ref	24	/lustre_scratch/user_scratch/szhang37/bam_split/pt1_pre__chr17_36189143_C_G__ref.bam	/lustre_scratch/user_scratch/szhang37/bam_split/pt1_pre__chr17_36189143_C_G__ref_RPGC.bed
pt1_pre	chr17:36189143:C:G	alt	7	/lustre_scratch/user_scratch/szhang37/bam_split/pt1_pre__chr17_36189143_C_G__alt.bam	/lustre_scratch/user_scratch/szhang37/bam_split/pt1_pre__chr17_36189143_C_G__alt_RPGC.bed
pt1_pre	chr17:36196964:A:T	ref	18	/lustre_scratch/user_scratch/szhang37/bam_split/pt1_pre__chr17_36196964_A_T__ref.bam	/lustre_scratch/user_scratch/szhang37/bam_split/pt1_pre__chr17_36196964_A_T__ref_RPGC.bed
pt1_pre	chr17:79074920:C:G	ref	7	/lustre_scratch/user_scratch/szhang37/bam_split/pt1_pre__chr17_79074920_C_G__ref.bam	/lustre_scratch/user_scratch/szhang37/bam_split/pt1_pre__chr17_79074920_C_G__ref_RPGC.bed
pt1_pre	chr17:79074920:C:G	alt	5	/lustre_scratch/user_scratch/szhang37/bam_split/pt1_pre__chr17_79074920_C_G__alt.bam	/lustre_scratch/user_scratch/szhang37/bam_split/pt1_pre__chr17_79074920_C_G__alt_RPGC.bed
pt1_pre	chr19:6739699:G:T	ref	2	/lustre_scratch/user_scratch/szhang37/bam_split/pt1_pre__chr19_6739699_G_T__ref.bam	/lustre_scratch/user_scratch/szhang37/bam_split/pt1_pre__chr19_6739699_G_T__ref_RPGC.bed
pt1_pre	chr19:6739699:G:T	alt	3	/lustre_scratch/user_scratch/szhang37/bam_split/pt1_pre__chr19_6739699_G_T__alt.bam	/lustre_scratch/user_scratch/szhang37/bam_split/pt1_pre__chr19_6739699_G_T__alt_RPGC.bed
pt1_pre	chr19:43475287:T:C	alt	7	/lustre_scratch/user_scratch/szhang37/bam_split/pt1_pre__chr19_43475287_T_C__alt.bam	/lustre_scratch/user_scratch/szhang37/bam_split/pt1_pre__chr19_43475287_T_C__alt_RPGC.bed
pt1_pre	chr19:45423658:C:A	ref	7	/lustre_scratch/user_scratch/szhang37/bam_split/pt1_pre__chr19_45423658_C_A__ref.bam	/lustre_scratch/user_scratch/szhang37/bam_split/pt1_pre__chr19_45423658_C_A__ref_RPGC.bed
pt1_pre	chr19:45423658:C:A	alt	4	/lustre_scratch/user_scratch/szhang37/bam_split/pt1_pre__chr19_45423658_C_A__alt.bam	/lustre_scratch/user_scratch/szhang37/bam_split/pt1_pre__chr19_45423658_C_A__alt_RPGC.bed
pt1_pre	chr2:11155127:G:A	ref	7	/lustre_scratch/user_scratch/szhang37/bam_split/pt1_pre__chr2_11155127_G_A__ref.bam	/lustre_scratch/user_scratch/szhang37/bam_split/pt1_pre__chr2_11155127_G_A__ref_RPGC.bed
pt1_pre	chr2:11155127:G:A	alt	1	/lustre_scratch/user_scratch/szhang37/bam_split/pt1_pre__chr2_11155127_G_A__alt.bam	/lustre_scratch/user_scratch/szhang37/bam_split/pt1_pre__chr2_11155127_G_A__alt_RPGC.bed
pt1_pre	chr2:112584474:G:T	ref	4	/lustre_scratch/user_scratch/szhang37/bam_split/pt1_pre__chr2_112584474_G_T__ref.bam	/lustre_scratch/user_scratch/szhang37/bam_split/pt1_pre__chr2_112584474_G_T__ref_RPGC.bed
pt1_pre	chr2:112584474:G:T	alt	8	/lustre_scratch/user_scratch/szhang37/bam_split/pt1_pre__chr2_112584474_G_T__alt.bam	/lustre_scratch/user_scratch/szhang37/bam_split/pt1_pre__chr2_112584474_G_T__alt_RPGC.bed
pt1_pre	chr2:237966849:G:T	ref	8	/lustre_scratch/user_scratch/szhang37/bam_split/pt1_pre__chr2_237966849_G_T__ref.bam	/lustre_scratch/user_scratch/szhang37/bam_split/pt1_pre__chr2_237966849_G_T__ref_RPGC.bed
pt1_pre	chr2:237966849:G:T	alt	4	/lustre_scratch/user_scratch/szhang37/bam_split/pt1_pre__chr2_237966849_G_T__alt.bam	/lustre_scratch/user_scratch/szhang37/bam_split/pt1_pre__chr2_237966849_G_T__alt_RPGC.bed
pt1_pre	chr20:49046286:T:G	ref	4	/lustre_scratch/user_scratch/szhang37/bam_split/pt1_pre__chr20_49046286_T_G__ref.bam	/lustre_scratch/user_scratch/szhang37/bam_split/pt1_pre__chr20_49046286_T_G__ref_RPGC.bed
pt1_pre	chr20:49046286:T:G	alt	4	/lustre_scratch/user_scratch/szhang37/bam_split/pt1_pre__chr20_49046286_T_G__alt.bam	/lustre_scratch/user_scratch/szhang37/bam_split/pt1_pre__chr20_49046286_T_G__alt_RPGC.bed
pt1_pre	chr20:59032394:C:A	ref	9	/lustre_scratch/user_scratch/szhang37/bam_split/pt1_pre__chr20_59032394_C_A__ref.bam	/lustre_scratch/user_scratch/szhang37/bam_split/pt1_pre__chr20_59032394_C_A__ref_RPGC.bed
pt1_pre	chr20:59032394:C:A	alt	6	/lustre_scratch/user_scratch/szhang37/bam_split/pt1_pre__chr20_59032394_C_A__alt.bam	/lustre_scratch/user_scratch/szhang37/bam_split/pt1_pre__chr20_59032394_C_A__alt_RPGC.bed
pt1_pre	chr20:62143364:C:T	ref	4	/lustre_scratch/user_scratch/szhang37/bam_split/pt1_pre__chr20_62143364_C_T__ref.bam	/lustre_scratch/user_scratch/szhang37/bam_split/pt1_pre__chr20_62143364_C_T__ref_RPGC.bed
pt1_pre	chr20:62143364:C:T	alt	2	/lustre_scratch/user_scratch/szhang37/bam_split/pt1_pre__chr20_62143364_C_T__alt.bam	/lustre_scratch/user_scratch/szhang37/bam_split/pt1_pre__chr20_62143364_C_T__alt_RPGC.bed
pt1_pre	chr22:45164027:C:T	alt	1	/lustre_scratch/user_scratch/szhang37/bam_split/pt1_pre__chr22_45164027_C_T__alt.bam	/lustre_scratch/user_scratch/szhang37/bam_split/pt1_pre__chr22_45164027_C_T__alt_RPGC.bed
pt1_pre	chr4:102625739:T:C	ref	2	/lustre_scratch/user_scratch/szhang37/bam_split/pt1_pre__chr4_102625739_T_C__ref.bam	/lustre_scratch/user_scratch/szhang37/bam_split/pt1_pre__chr4_102625739_T_C__ref_RPGC.bed
pt1_pre	chr4:107720308:A:G	ref	4	/lustre_scratch/user_scratch/szhang37/bam_split/pt1_pre__chr4_107720308_A_G__ref.bam	/lustre_scratch/user_scratch/szhang37/bam_split/pt1_pre__chr4_107720308_A_G__ref_RPGC.bed
pt1_pre	chr4:107720308:A:G	alt	6	/lustre_scratch/user_scratch/szhang37/bam_split/pt1_pre__chr4_107720308_A_G__alt.bam	/lustre_scratch/user_scratch/szhang37/bam_split/pt1_pre__chr4_107720308_A_G__alt_RPGC.bed
pt1_pre	chr4:107720445:G:A	ref	7	/lustre_scratch/user_scratch/szhang37/bam_split/pt1_pre__chr4_107720445_G_A__ref.bam	/lustre_scratch/user_scratch/szhang37/bam_split/pt1_pre__chr4_107720445_G_A__ref_RPGC.bed
pt1_pre	chr4:107720445:G:A	alt	8	/lustre_scratch/user_scratch/szhang37/bam_split/pt1_pre__chr4_107720445_G_A__alt.bam	/lustre_scratch/user_scratch/szhang37/bam_split/pt1_pre__chr4_107720445_G_A__alt_RPGC.bed
pt1_pre	chr5:56909530:A:G	ref	2	/lustre_scratch/user_scratch/szhang37/bam_split/pt1_pre__chr5_56909530_A_G__ref.bam	/lustre_scratch/user_scratch/szhang37/bam_split/pt1_pre__chr5_56909530_A_G__ref_RPGC.bed
pt1_pre	chr5:56909530:A:G	alt	4	/lustre_scratch/user_scratch/szhang37/bam_split/pt1_pre__chr5_56909530_A_G__alt.bam	/lustre_scratch/user_scratch/szhang37/bam_split/pt1_pre__chr5_56909530_A_G__alt_RPGC.bed
pt1_pre	chr5:67215959:C:G	ref	3	/lustre_scratch/user_scratch/szhang37/bam_split/pt1_pre__chr5_67215959_C_G__ref.bam	/lustre_scratch/user_scratch/szhang37/bam_split/pt1_pre__chr5_67215959_C_G__ref_RPGC.bed
pt1_pre	chr5:67215959:C:G	alt	7	/lustre_scratch/user_scratch/szhang37/bam_split/pt1_pre__chr5_67215959_C_G__alt.bam	/lustre_scratch/user_scratch/szhang37/bam_split/pt1_pre__chr5_67215959_C_G__alt_RPGC.bed
pt1_pre	chr6:3751890:C:A	ref	2	/lustre_scratch/user_scratch/szhang37/bam_split/pt1_pre__chr6_3751890_C_A__ref.bam	/lustre_scratch/user_scratch/szhang37/bam_split/pt1_pre__chr6_3751890_C_A__ref_RPGC.bed
pt1_pre	chr6:31271331:T:A	ref	3	/lustre_scratch/user_scratch/szhang37/bam_split/pt1_pre__chr6_31271331_T_A__ref.bam	/lustre_scratch/user_scratch/szhang37/bam_split/pt1_pre__chr6_31271331_T_A__ref_RPGC.bed
pt1_pre	chr6:110981936:C:G	alt	2	/lustre_scratch/user_scratch/szhang37/bam_split/pt1_pre__chr6_110981936_C_G__alt.bam	/lustre_scratch/user_scratch/szhang37/bam_split/pt1_pre__chr6_110981936_C_G__alt_RPGC.bed
pt1_pre	chr6:118935183:T:C	ref	11	/lustre_scratch/user_scratch/szhang37/bam_split/pt1_pre__chr6_118935183_T_C__ref.bam	/lustre_scratch/user_scratch/szhang37/bam_split/pt1_pre__chr6_118935183_T_C__ref_RPGC.bed
pt1_pre	chr6:118935183:T:C	alt	3	/lustre_scratch/user_scratch/szhang37/bam_split/pt1_pre__chr6_118935183_T_C__alt.bam	/lustre_scratch/user_scratch/szhang37/bam_split/pt1_pre__chr6_118935183_T_C__alt_RPGC.bed
pt1_pre	chr7:25180369:C:G	ref	9	/lustre_scratch/user_scratch/szhang37/bam_split/pt1_pre__chr7_25180369_C_G__ref.bam	/lustre_scratch/user_scratch/szhang37/bam_split/pt1_pre__chr7_25180369_C_G__ref_RPGC.bed
pt1_pre	chr7:25180369:C:G	alt	12	/lustre_scratch/user_scratch/szhang37/bam_split/pt1_pre__chr7_25180369_C_G__alt.bam	/lustre_scratch/user_scratch/szhang37/bam_split/pt1_pre__chr7_25180369_C_G__alt_RPGC.bed
pt1_pre	chr9:6703997:C:A	ref	2	/lustre_scratch/user_scratch/szhang37/bam_split/pt1_pre__chr9_6703997_C_A__ref.bam	/lustre_scratch/user_scratch/szhang37/bam_split/pt1_pre__chr9_6703997_C_A__ref_RPGC.bed
pt1_pre	chr9:6703997:C:A	alt	2	/lustre_scratch/user_scratch/szhang37/bam_split/pt1_pre__chr9_6703997_C_A__alt.bam	/lustre_scratch/user_scratch/szhang37/bam_split/pt1_pre__chr9_6703997_C_A__alt_RPGC.bed
pt1_pre	chr9:128193010:G:A	ref	1	/lustre_scratch/user_scratch/szhang37/bam_split/pt1_pre__chr9_128193010_G_A__ref.bam	/lustre_scratch/user_scratch/szhang37/bam_split/pt1_pre__chr9_128193010_G_A__ref_RPGC.bed
pt1_pre	chr9:128193010:G:A	alt	3	/lustre_scratch/user_scratch/szhang37/bam_split/pt1_pre__chr9_128193010_G_A__alt.bam	/lustre_scratch/user_scratch/szhang37/bam_split/pt1_pre__chr9_128193010_G_A__alt_RPGC.bed
pt1_pre	chr9:128193027:C:T	ref	1	/lustre_scratch/user_scratch/szhang37/bam_split/pt1_pre__chr9_128193027_C_T__ref.bam	/lustre_scratch/user_scratch/szhang37/bam_split/pt1_pre__chr9_128193027_C_T__ref_RPGC.bed
pt1_pre	chr9:128193027:C:T	alt	2	/lustre_scratch/user_scratch/szhang37/bam_split/pt1_pre__chr9_128193027_C_T__alt.bam	/lustre_scratch/user_scratch/szhang37/bam_split/pt1_pre__chr9_128193027_C_T__alt_RPGC.bed
pt11_pre	chr1:212414864:C:G	ref	1	/lustre_scratch/user_scratch/szhang37/bam_split/pt11_pre__chr1_212414864_C_G__ref.bam	/lustre_scratch/user_scratch/szhang37/bam_split/pt11_pre__chr1_212414864_C_G__ref_RPGC.bed
pt11_pre	chr1:212414864:C:G	alt	1	/lustre_scratch/user_scratch/szhang37/bam_split/pt11_pre__chr1_212414864_C_G__alt.bam	/lustre_scratch/user_scratch/szhang37/bam_split/pt11_pre__chr1_212414864_C_G__alt_RPGC.bed
pt11_pre	chr1:241640356:A:G	ref	2	/lustre_scratch/user_scratch/szhang37/bam_split/pt11_pre__chr1_241640356_A_G__ref.bam	/lustre_scratch/user_scratch/szhang37/bam_split/pt11_pre__chr1_241640356_A_G__ref_RPGC.bed
pt11_pre	chr1:241640356:A:G	alt	2	/lustre_scratch/user_scratch/szhang37/bam_split/pt11_pre__chr1_241640356_A_G__alt.bam	/lustre_scratch/user_scratch/szhang37/bam_split/pt11_pre__chr1_241640356_A_G__alt_RPGC.bed
pt11_pre	chr10:38356189:A:G	alt	1	/lustre_scratch/user_scratch/szhang37/bam_split/pt11_pre__chr10_38356189_A_G__alt.bam	/lustre_scratch/user_scratch/szhang37/bam_split/pt11_pre__chr10_38356189_A_G__alt_RPGC.bed
pt11_pre	chr10:38356377:G:T	ref	3	/lustre_scratch/user_scratch/szhang37/bam_split/pt11_pre__chr10_38356377_G_T__ref.bam	/lustre_scratch/user_scratch/szhang37/bam_split/pt11_pre__chr10_38356377_G_T__ref_RPGC.bed
pt11_pre	chr10:38356377:G:T	alt	2	/lustre_scratch/user_scratch/szhang37/bam_split/pt11_pre__chr10_38356377_G_T__alt.bam	/lustre_scratch/user_scratch/szhang37/bam_split/pt11_pre__chr10_38356377_G_T__alt_RPGC.bed
pt11_pre	chr10:50067831:G:A	ref	4	/lustre_scratch/user_scratch/szhang37/bam_split/pt11_pre__chr10_50067831_G_A__ref.bam	/lustre_scratch/user_scratch/szhang37/bam_split/pt11_pre__chr10_50067831_G_A__ref_RPGC.bed
pt11_pre	chr10:50067831:G:A	alt	2	/lustre_scratch/user_scratch/szhang37/bam_split/pt11_pre__chr10_50067831_G_A__alt.bam	/lustre_scratch/user_scratch/szhang37/bam_split/pt11_pre__chr10_50067831_G_A__alt_RPGC.bed
pt11_pre	chr11:18634515:G:C	ref	5	/lustre_scratch/user_scratch/szhang37/bam_split/pt11_pre__chr11_18634515_G_C__ref.bam	/lustre_scratch/user_scratch/szhang37/bam_split/pt11_pre__chr11_18634515_G_C__ref_RPGC.bed
pt11_pre	chr11:18634515:G:C	alt	1	/lustre_scratch/user_scratch/szhang37/bam_split/pt11_pre__chr11_18634515_G_C__alt.bam	/lustre_scratch/user_scratch/szhang37/bam_split/pt11_pre__chr11_18634515_G_C__alt_RPGC.bed
pt11_pre	chr11:86156833:A:G	ref	1	/lustre_scratch/user_scratch/szhang37/bam_split/pt11_pre__chr11_86156833_A_G__ref.bam	/lustre_scratch/user_scratch/szhang37/bam_split/pt11_pre__chr11_86156833_A_G__ref_RPGC.bed
pt11_pre	chr12:8243830:G:C	alt	1	/lustre_scratch/user_scratch/szhang37/bam_split/pt11_pre__chr12_8243830_G_C__alt.bam	/lustre_scratch/user_scratch/szhang37/bam_split/pt11_pre__chr12_8243830_G_C__alt_RPGC.bed
pt11_pre	chr12:31074229:A:G	ref	4	/lustre_scratch/user_scratch/szhang37/bam_split/pt11_pre__chr12_31074229_A_G__ref.bam	/lustre_scratch/user_scratch/szhang37/bam_split/pt11_pre__chr12_31074229_A_G__ref_RPGC.bed
pt11_pre	chr17:36189016:A:G	alt	1	/lustre_scratch/user_scratch/szhang37/bam_split/pt11_pre__chr17_36189016_A_G__alt.bam	/lustre_scratch/user_scratch/szhang37/bam_split/pt11_pre__chr17_36189016_A_G__alt_RPGC.bed
pt11_pre	chr17:36189143:C:G	ref	8	/lustre_scratch/user_scratch/szhang37/bam_split/pt11_pre__chr17_36189143_C_G__ref.bam	/lustre_scratch/user_scratch/szhang37/bam_split/pt11_pre__chr17_36189143_C_G__ref_RPGC.bed
pt11_pre	chr17:36189146:G:A	ref	5	/lustre_scratch/user_scratch/szhang37/bam_split/pt11_pre__chr17_36189146_G_A__ref.bam	/lustre_scratch/user_scratch/szhang37/bam_split/pt11_pre__chr17_36189146_G_A__ref_RPGC.bed
pt11_pre	chr17:36189146:G:A	alt	2	/lustre_scratch/user_scratch/szhang37/bam_split/pt11_pre__chr17_36189146_G_A__alt.bam	/lustre_scratch/user_scratch/szhang37/bam_split/pt11_pre__chr17_36189146_G_A__alt_RPGC.bed
pt11_pre	chr17:36189263:C:T	alt	4	/lustre_scratch/user_scratch/szhang37/bam_split/pt11_pre__chr17_36189263_C_T__alt.bam	/lustre_scratch/user_scratch/szhang37/bam_split/pt11_pre__chr17_36189263_C_T__alt_RPGC.bed
pt11_pre	chr17:36196964:A:T	ref	5	/lustre_scratch/user_scratch/szhang37/bam_split/pt11_pre__chr17_36196964_A_T__ref.bam	/lustre_scratch/user_scratch/szhang37/bam_split/pt11_pre__chr17_36196964_A_T__ref_RPGC.bed
pt11_pre	chr18:54269477:G:T	ref	2	/lustre_scratch/user_scratch/szhang37/bam_split/pt11_pre__chr18_54269477_G_T__ref.bam	/lustre_scratch/user_scratch/szhang37/bam_split/pt11_pre__chr18_54269477_G_T__ref_RPGC.bed
pt11_pre	chr18:54269477:G:T	alt	1	/lustre_scratch/user_scratch/szhang37/bam_split/pt11_pre__chr18_54269477_G_T__alt.bam	/lustre_scratch/user_scratch/szhang37/bam_split/pt11_pre__chr18_54269477_G_T__alt_RPGC.bed
pt11_pre	chr19:2051333:G:A	ref	3	/lustre_scratch/user_scratch/szhang37/bam_split/pt11_pre__chr19_2051333_G_A__ref.bam	/lustre_scratch/user_scratch/szhang37/bam_split/pt11_pre__chr19_2051333_G_A__ref_RPGC.bed
pt11_pre	chr19:2051333:G:A	alt	5	/lustre_scratch/user_scratch/szhang37/bam_split/pt11_pre__chr19_2051333_G_A__alt.bam	/lustre_scratch/user_scratch/szhang37/bam_split/pt11_pre__chr19_2051333_G_A__alt_RPGC.bed
pt11_pre	chr19:4247479:C:T	ref	3	/lustre_scratch/user_scratch/szhang37/bam_split/pt11_pre__chr19_4247479_C_T__ref.bam	/lustre_scratch/user_scratch/szhang37/bam_split/pt11_pre__chr19_4247479_C_T__ref_RPGC.bed
pt11_pre	chr19:43475287:T:C	alt	1	/lustre_scratch/user_scratch/szhang37/bam_split/pt11_pre__chr19_43475287_T_C__alt.bam	/lustre_scratch/user_scratch/szhang37/bam_split/pt11_pre__chr19_43475287_T_C__alt_RPGC.bed
pt11_pre	chr19:45423658:C:A	ref	1	/lustre_scratch/user_scratch/szhang37/bam_split/pt11_pre__chr19_45423658_C_A__ref.bam	/lustre_scratch/user_scratch/szhang37/bam_split/pt11_pre__chr19_45423658_C_A__ref_RPGC.bed
pt11_pre	chr19:45423658:C:A	alt	1	/lustre_scratch/user_scratch/szhang37/bam_split/pt11_pre__chr19_45423658_C_A__alt.bam	/lustre_scratch/user_scratch/szhang37/bam_split/pt11_pre__chr19_45423658_C_A__alt_RPGC.bed
pt11_pre	chr19:53431907:G:A	ref	3	/lustre_scratch/user_scratch/szhang37/bam_split/pt11_pre__chr19_53431907_G_A__ref.bam	/lustre_scratch/user_scratch/szhang37/bam_split/pt11_pre__chr19_53431907_G_A__ref_RPGC.bed
pt11_pre	chr19:53431907:G:A	alt	6	/lustre_scratch/user_scratch/szhang37/bam_split/pt11_pre__chr19_53431907_G_A__alt.bam	/lustre_scratch/user_scratch/szhang37/bam_split/pt11_pre__chr19_53431907_G_A__alt_RPGC.bed
pt11_pre	chr2:112584474:G:T	ref	3	/lustre_scratch/user_scratch/szhang37/bam_split/pt11_pre__chr2_112584474_G_T__ref.bam	/lustre_scratch/user_scratch/szhang37/bam_split/pt11_pre__chr2_112584474_G_T__ref_RPGC.bed
pt11_pre	chr2:112584474:G:T	alt	2	/lustre_scratch/user_scratch/szhang37/bam_split/pt11_pre__chr2_112584474_G_T__alt.bam	/lustre_scratch/user_scratch/szhang37/bam_split/pt11_pre__chr2_112584474_G_T__alt_RPGC.bed
pt11_pre	chr20:49046286:T:G	ref	1	/lustre_scratch/user_scratch/szhang37/bam_split/pt11_pre__chr20_49046286_T_G__ref.bam	/lustre_scratch/user_scratch/szhang37/bam_split/pt11_pre__chr20_49046286_T_G__ref_RPGC.bed
pt11_pre	chr20:49046286:T:G	alt	1	/lustre_scratch/user_scratch/szhang37/bam_split/pt11_pre__chr20_49046286_T_G__alt.bam	/lustre_scratch/user_scratch/szhang37/bam_split/pt11_pre__chr20_49046286_T_G__alt_RPGC.bed
pt11_pre	chr21:37072590:A:G	alt	1	/lustre_scratch/user_scratch/szhang37/bam_split/pt11_pre__chr21_37072590_A_G__alt.bam	/lustre_scratch/user_scratch/szhang37/bam_split/pt11_pre__chr21_37072590_A_G__alt_RPGC.bed
pt11_pre	chr3:52057238:A:G	alt	1	/lustre_scratch/user_scratch/szhang37/bam_split/pt11_pre__chr3_52057238_A_G__alt.bam	/lustre_scratch/user_scratch/szhang37/bam_split/pt11_pre__chr3_52057238_A_G__alt_RPGC.bed
pt11_pre	chr5:56909530:A:G	ref	1	/lustre_scratch/user_scratch/szhang37/bam_split/pt11_pre__chr5_56909530_A_G__ref.bam	/lustre_scratch/user_scratch/szhang37/bam_split/pt11_pre__chr5_56909530_A_G__ref_RPGC.bed
pt11_pre	chr5:56909530:A:G	alt	1	/lustre_scratch/user_scratch/szhang37/bam_split/pt11_pre__chr5_56909530_A_G__alt.bam	/lustre_scratch/user_scratch/szhang37/bam_split/pt11_pre__chr5_56909530_A_G__alt_RPGC.bed
pt11_pre	chr6:31271331:T:A	ref	1	/lustre_scratch/user_scratch/szhang37/bam_split/pt11_pre__chr6_31271331_T_A__ref.bam	/lustre_scratch/user_scratch/szhang37/bam_split/pt11_pre__chr6_31271331_T_A__ref_RPGC.bed
pt11_pre	chr6:33019180:T:C	ref	1	/lustre_scratch/user_scratch/szhang37/bam_split/pt11_pre__chr6_33019180_T_C__ref.bam	/lustre_scratch/user_scratch/szhang37/bam_split/pt11_pre__chr6_33019180_T_C__ref_RPGC.bed
pt11_pre	chr6:33019180:T:C	alt	2	/lustre_scratch/user_scratch/szhang37/bam_split/pt11_pre__chr6_33019180_T_C__alt.bam	/lustre_scratch/user_scratch/szhang37/bam_split/pt11_pre__chr6_33019180_T_C__alt_RPGC.bed
pt11_pre	chr6:118935183:T:C	ref	2	/lustre_scratch/user_scratch/szhang37/bam_split/pt11_pre__chr6_118935183_T_C__ref.bam	/lustre_scratch/user_scratch/szhang37/bam_split/pt11_pre__chr6_118935183_T_C__ref_RPGC.bed
pt11_pre	chr6:118935183:T:C	alt	1	/lustre_scratch/user_scratch/szhang37/bam_split/pt11_pre__chr6_118935183_T_C__alt.bam	/lustre_scratch/user_scratch/szhang37/bam_split/pt11_pre__chr6_118935183_T_C__alt_RPGC.bed
pt11_pre	chr6:136822473:A:T	ref	2	/lustre_scratch/user_scratch/szhang37/bam_split/pt11_pre__chr6_136822473_A_T__ref.bam	/lustre_scratch/user_scratch/szhang37/bam_split/pt11_pre__chr6_136822473_A_T__ref_RPGC.bed
pt11_pre	chr6:136822473:A:T	alt	2	/lustre_scratch/user_scratch/szhang37/bam_split/pt11_pre__chr6_136822473_A_T__alt.bam	/lustre_scratch/user_scratch/szhang37/bam_split/pt11_pre__chr6_136822473_A_T__alt_RPGC.bed
pt11_pre	chr8:22599436:A:C	alt	2	/lustre_scratch/user_scratch/szhang37/bam_split/pt11_pre__chr8_22599436_A_C__alt.bam	/lustre_scratch/user_scratch/szhang37/bam_split/pt11_pre__chr8_22599436_A_C__alt_RPGC.bed
pt11_pre	chr9:6703997:C:A	alt	6	/lustre_scratch/user_scratch/szhang37/bam_split/pt11_pre__chr9_6703997_C_A__alt.bam	/lustre_scratch/user_scratch/szhang37/bam_split/pt11_pre__chr9_6703997_C_A__alt_RPGC.bed
pt11_pre	chr9:108934109:G:C	alt	4	/lustre_scratch/user_scratch/szhang37/bam_split/pt11_pre__chr9_108934109_G_C__alt.bam	/lustre_scratch/user_scratch/szhang37/bam_split/pt11_pre__chr9_108934109_G_C__alt_RPGC.bed
pt12pre	chr17:36189263:C:T	ref	1	/lustre_scratch/user_scratch/szhang37/bam_split/pt12pre__chr17_36189263_C_T__ref.bam	/lustre_scratch/user_scratch/szhang37/bam_split/pt12pre__chr17_36189263_C_T__ref_RPGC.bed
pt12pre	chr19:4247479:C:T	ref	1	/lustre_scratch/user_scratch/szhang37/bam_split/pt12pre__chr19_4247479_C_T__ref.bam	/lustre_scratch/user_scratch/szhang37/bam_split/pt12pre__chr19_4247479_C_T__ref_RPGC.bed
pt12pre	chr4:107720308:A:G	alt	1	/lustre_scratch/user_scratch/szhang37/bam_split/pt12pre__chr4_107720308_A_G__alt.bam	/lustre_scratch/user_scratch/szhang37/bam_split/pt12pre__chr4_107720308_A_G__alt_RPGC.bed
pt12pre	chr4:107720445:G:A	alt	1	/lustre_scratch/user_scratch/szhang37/bam_split/pt12pre__chr4_107720445_G_A__alt.bam	/lustre_scratch/user_scratch/szhang37/bam_split/pt12pre__chr4_107720445_G_A__alt_RPGC.bed
pt12pre	chr5:176537482:A:G	alt	1	/lustre_scratch/user_scratch/szhang37/bam_split/pt12pre__chr5_176537482_A_G__alt.bam	/lustre_scratch/user_scratch/szhang37/bam_split/pt12pre__chr5_176537482_A_G__alt_RPGC.bed
pt12pre	chr6:33019180:T:C	alt	1	/lustre_scratch/user_scratch/szhang37/bam_split/pt12pre__chr6_33019180_T_C__alt.bam	/lustre_scratch/user_scratch/szhang37/bam_split/pt12pre__chr6_33019180_T_C__alt_RPGC.bed
pt14pre	chr1:15525181:C:A	ref	1	/lustre_scratch/user_scratch/szhang37/bam_split/pt14pre__chr1_15525181_C_A__ref.bam	/lustre_scratch/user_scratch/szhang37/bam_split/pt14pre__chr1_15525181_C_A__ref_RPGC.bed
pt14pre	chr1:113812311:G:A	ref	3	/lustre_scratch/user_scratch/szhang37/bam_split/pt14pre__chr1_113812311_G_A__ref.bam	/lustre_scratch/user_scratch/szhang37/bam_split/pt14pre__chr1_113812311_G_A__ref_RPGC.bed
pt14pre	chr1:113812311:G:A	alt	1	/lustre_scratch/user_scratch/szhang37/bam_split/pt14pre__chr1_113812311_G_A__alt.bam	/lustre_scratch/user_scratch/szhang37/bam_split/pt14pre__chr1_113812311_G_A__alt_RPGC.bed
pt14pre	chr10:38356189:A:G	ref	1	/lustre_scratch/user_scratch/szhang37/bam_split/pt14pre__chr10_38356189_A_G__ref.bam	/lustre_scratch/user_scratch/szhang37/bam_split/pt14pre__chr10_38356189_A_G__ref_RPGC.bed
pt14pre	chr10:38356189:A:G	alt	1	/lustre_scratch/user_scratch/szhang37/bam_split/pt14pre__chr10_38356189_A_G__alt.bam	/lustre_scratch/user_scratch/szhang37/bam_split/pt14pre__chr10_38356189_A_G__alt_RPGC.bed
pt14pre	chr10:50067831:G:A	ref	1	/lustre_scratch/user_scratch/szhang37/bam_split/pt14pre__chr10_50067831_G_A__ref.bam	/lustre_scratch/user_scratch/szhang37/bam_split/pt14pre__chr10_50067831_G_A__ref_RPGC.bed
pt14pre	chr12:54560572:A:T	ref	1	/lustre_scratch/user_scratch/szhang37/bam_split/pt14pre__chr12_54560572_A_T__ref.bam	/lustre_scratch/user_scratch/szhang37/bam_split/pt14pre__chr12_54560572_A_T__ref_RPGC.bed
pt14pre	chr17:36189143:C:G	ref	1	/lustre_scratch/user_scratch/szhang37/bam_split/pt14pre__chr17_36189143_C_G__ref.bam	/lustre_scratch/user_scratch/szhang37/bam_split/pt14pre__chr17_36189143_C_G__ref_RPGC.bed
pt14pre	chr17:36189263:C:T	alt	1	/lustre_scratch/user_scratch/szhang37/bam_split/pt14pre__chr17_36189263_C_T__alt.bam	/lustre_scratch/user_scratch/szhang37/bam_split/pt14pre__chr17_36189263_C_T__alt_RPGC.bed
pt14pre	chr19:35748413:G:A	alt	2	/lustre_scratch/user_scratch/szhang37/bam_split/pt14pre__chr19_35748413_G_A__alt.bam	/lustre_scratch/user_scratch/szhang37/bam_split/pt14pre__chr19_35748413_G_A__alt_RPGC.bed
pt14pre	chr2:112584474:G:T	ref	1	/lustre_scratch/user_scratch/szhang37/bam_split/pt14pre__chr2_112584474_G_T__ref.bam	/lustre_scratch/user_scratch/szhang37/bam_split/pt14pre__chr2_112584474_G_T__ref_RPGC.bed
pt14pre	chr20:1118651:T:C	alt	1	/lustre_scratch/user_scratch/szhang37/bam_split/pt14pre__chr20_1118651_T_C__alt.bam	/lustre_scratch/user_scratch/szhang37/bam_split/pt14pre__chr20_1118651_T_C__alt_RPGC.bed
pt14pre	chr3:9397385:T:C	alt	1	/lustre_scratch/user_scratch/szhang37/bam_split/pt14pre__chr3_9397385_T_C__alt.bam	/lustre_scratch/user_scratch/szhang37/bam_split/pt14pre__chr3_9397385_T_C__alt_RPGC.bed
pt14pre	chr5:56909530:A:G	ref	1	/lustre_scratch/user_scratch/szhang37/bam_split/pt14pre__chr5_56909530_A_G__ref.bam	/lustre_scratch/user_scratch/szhang37/bam_split/pt14pre__chr5_56909530_A_G__ref_RPGC.bed
pt14pre	chr5:176537482:A:G	alt	1	/lustre_scratch/user_scratch/szhang37/bam_split/pt14pre__chr5_176537482_A_G__alt.bam	/lustre_scratch/user_scratch/szhang37/bam_split/pt14pre__chr5_176537482_A_G__alt_RPGC.bed
pt14pre	chr6:110981936:C:G	ref	1	/lustre_scratch/user_scratch/szhang37/bam_split/pt14pre__chr6_110981936_C_G__ref.bam	/lustre_scratch/user_scratch/szhang37/bam_split/pt14pre__chr6_110981936_C_G__ref_RPGC.bed
pt16pre	chr1:228635625:G:C	ref	1	/lustre_scratch/user_scratch/szhang37/bam_split/pt16pre__chr1_228635625_G_C__ref.bam	/lustre_scratch/user_scratch/szhang37/bam_split/pt16pre__chr1_228635625_G_C__ref_RPGC.bed
pt16pre	chr1:228635625:G:C	alt	1	/lustre_scratch/user_scratch/szhang37/bam_split/pt16pre__chr1_228635625_G_C__alt.bam	/lustre_scratch/user_scratch/szhang37/bam_split/pt16pre__chr1_228635625_G_C__alt_RPGC.bed
pt16pre	chr1:241640356:A:G	alt	2	/lustre_scratch/user_scratch/szhang37/bam_split/pt16pre__chr1_241640356_A_G__alt.bam	/lustre_scratch/user_scratch/szhang37/bam_split/pt16pre__chr1_241640356_A_G__alt_RPGC.bed
pt16pre	chr15:34969886:C:T	alt	1	/lustre_scratch/user_scratch/szhang37/bam_split/pt16pre__chr15_34969886_C_T__alt.bam	/lustre_scratch/user_scratch/szhang37/bam_split/pt16pre__chr15_34969886_C_T__alt_RPGC.bed
pt16pre	chr20:59032394:C:A	alt	1	/lustre_scratch/user_scratch/szhang37/bam_split/pt16pre__chr20_59032394_C_A__alt.bam	/lustre_scratch/user_scratch/szhang37/bam_split/pt16pre__chr20_59032394_C_A__alt_RPGC.bed
pt16pre	chr4:107720445:G:A	ref	1	/lustre_scratch/user_scratch/szhang37/bam_split/pt16pre__chr4_107720445_G_A__ref.bam	/lustre_scratch/user_scratch/szhang37/bam_split/pt16pre__chr4_107720445_G_A__ref_RPGC.bed
pt16pre	chr5:176537482:A:G	alt	1	/lustre_scratch/user_scratch/szhang37/bam_split/pt16pre__chr5_176537482_A_G__alt.bam	/lustre_scratch/user_scratch/szhang37/bam_split/pt16pre__chr5_176537482_A_G__alt_RPGC.bed
pt16pre	chr9:27529865:C:T	alt	1	/lustre_scratch/user_scratch/szhang37/bam_split/pt16pre__chr9_27529865_C_T__alt.bam	/lustre_scratch/user_scratch/szhang37/bam_split/pt16pre__chr9_27529865_C_T__alt_RPGC.bed
pt17pre	chr12:54560572:A:T	alt	1	/lustre_scratch/user_scratch/szhang37/bam_split/pt17pre__chr12_54560572_A_T__alt.bam	/lustre_scratch/user_scratch/szhang37/bam_split/pt17pre__chr12_54560572_A_T__alt_RPGC.bed
pt20pre	chr1:15525181:C:A	alt	2	/lustre_scratch/user_scratch/szhang37/bam_split/pt20pre__chr1_15525181_C_A__alt.bam	/lustre_scratch/user_scratch/szhang37/bam_split/pt20pre__chr1_15525181_C_A__alt_RPGC.bed
pt20pre	chr1:16206601:C:T	alt	1	/lustre_scratch/user_scratch/szhang37/bam_split/pt20pre__chr1_16206601_C_T__alt.bam	/lustre_scratch/user_scratch/szhang37/bam_split/pt20pre__chr1_16206601_C_T__alt_RPGC.bed
pt20pre	chr1:161390226:T:G	ref	1	/lustre_scratch/user_scratch/szhang37/bam_split/pt20pre__chr1_161390226_T_G__ref.bam	/lustre_scratch/user_scratch/szhang37/bam_split/pt20pre__chr1_161390226_T_G__ref_RPGC.bed
pt20pre	chr1:161390226:T:G	alt	1	/lustre_scratch/user_scratch/szhang37/bam_split/pt20pre__chr1_161390226_T_G__alt.bam	/lustre_scratch/user_scratch/szhang37/bam_split/pt20pre__chr1_161390226_T_G__alt_RPGC.bed
pt20pre	chr1:161390267:C:T	ref	3	/lustre_scratch/user_scratch/szhang37/bam_split/pt20pre__chr1_161390267_C_T__ref.bam	/lustre_scratch/user_scratch/szhang37/bam_split/pt20pre__chr1_161390267_C_T__ref_RPGC.bed
pt20pre	chr1:161390267:C:T	alt	3	/lustre_scratch/user_scratch/szhang37/bam_split/pt20pre__chr1_161390267_C_T__alt.bam	/lustre_scratch/user_scratch/szhang37/bam_split/pt20pre__chr1_161390267_C_T__alt_RPGC.bed
pt20pre	chr10:38356189:A:G	alt	1	/lustre_scratch/user_scratch/szhang37/bam_split/pt20pre__chr10_38356189_A_G__alt.bam	/lustre_scratch/user_scratch/szhang37/bam_split/pt20pre__chr10_38356189_A_G__alt_RPGC.bed
pt20pre	chr11:18634515:G:C	alt	1	/lustre_scratch/user_scratch/szhang37/bam_split/pt20pre__chr11_18634515_G_C__alt.bam	/lustre_scratch/user_scratch/szhang37/bam_split/pt20pre__chr11_18634515_G_C__alt_RPGC.bed
pt20pre	chr12:6470978:C:A	ref	1	/lustre_scratch/user_scratch/szhang37/bam_split/pt20pre__chr12_6470978_C_A__ref.bam	/lustre_scratch/user_scratch/szhang37/bam_split/pt20pre__chr12_6470978_C_A__ref_RPGC.bed
pt20pre	chr15:34969886:C:T	ref	3	/lustre_scratch/user_scratch/szhang37/bam_split/pt20pre__chr15_34969886_C_T__ref.bam	/lustre_scratch/user_scratch/szhang37/bam_split/pt20pre__chr15_34969886_C_T__ref_RPGC.bed
pt20pre	chr17:36189143:C:G	ref	4	/lustre_scratch/user_scratch/szhang37/bam_split/pt20pre__chr17_36189143_C_G__ref.bam	/lustre_scratch/user_scratch/szhang37/bam_split/pt20pre__chr17_36189143_C_G__ref_RPGC.bed
pt20pre	chr17:36189146:G:A	ref	2	/lustre_scratch/user_scratch/szhang37/bam_split/pt20pre__chr17_36189146_G_A__ref.bam	/lustre_scratch/user_scratch/szhang37/bam_split/pt20pre__chr17_36189146_G_A__ref_RPGC.bed
pt20pre	chr17:36189146:G:A	alt	1	/lustre_scratch/user_scratch/szhang37/bam_split/pt20pre__chr17_36189146_G_A__alt.bam	/lustre_scratch/user_scratch/szhang37/bam_split/pt20pre__chr17_36189146_G_A__alt_RPGC.bed
pt20pre	chr17:36189169:C:G	ref	3	/lustre_scratch/user_scratch/szhang37/bam_split/pt20pre__chr17_36189169_C_G__ref.bam	/lustre_scratch/user_scratch/szhang37/bam_split/pt20pre__chr17_36189169_C_G__ref_RPGC.bed
pt20pre	chr19:2051333:G:A	ref	1	/lustre_scratch/user_scratch/szhang37/bam_split/pt20pre__chr19_2051333_G_A__ref.bam	/lustre_scratch/user_scratch/szhang37/bam_split/pt20pre__chr19_2051333_G_A__ref_RPGC.bed
pt20pre	chr19:2051333:G:A	alt	1	/lustre_scratch/user_scratch/szhang37/bam_split/pt20pre__chr19_2051333_G_A__alt.bam	/lustre_scratch/user_scratch/szhang37/bam_split/pt20pre__chr19_2051333_G_A__alt_RPGC.bed
pt20pre	chr19:4247479:C:T	alt	1	/lustre_scratch/user_scratch/szhang37/bam_split/pt20pre__chr19_4247479_C_T__alt.bam	/lustre_scratch/user_scratch/szhang37/bam_split/pt20pre__chr19_4247479_C_T__alt_RPGC.bed
pt20pre	chr19:43475287:T:C	alt	1	/lustre_scratch/user_scratch/szhang37/bam_split/pt20pre__chr19_43475287_T_C__alt.bam	/lustre_scratch/user_scratch/szhang37/bam_split/pt20pre__chr19_43475287_T_C__alt_RPGC.bed
pt20pre	chr19:53431907:G:A	ref	2	/lustre_scratch/user_scratch/szhang37/bam_split/pt20pre__chr19_53431907_G_A__ref.bam	/lustre_scratch/user_scratch/szhang37/bam_split/pt20pre__chr19_53431907_G_A__ref_RPGC.bed
pt20pre	chr19:53431907:G:A	alt	1	/lustre_scratch/user_scratch/szhang37/bam_split/pt20pre__chr19_53431907_G_A__alt.bam	/lustre_scratch/user_scratch/szhang37/bam_split/pt20pre__chr19_53431907_G_A__alt_RPGC.bed
pt20pre	chr20:1118651:T:C	alt	2	/lustre_scratch/user_scratch/szhang37/bam_split/pt20pre__chr20_1118651_T_C__alt.bam	/lustre_scratch/user_scratch/szhang37/bam_split/pt20pre__chr20_1118651_T_C__alt_RPGC.bed
pt20pre	chr20:49046286:T:G	alt	1	/lustre_scratch/user_scratch/szhang37/bam_split/pt20pre__chr20_49046286_T_G__alt.bam	/lustre_scratch/user_scratch/szhang37/bam_split/pt20pre__chr20_49046286_T_G__alt_RPGC.bed
pt20pre	chr20:62143364:C:T	alt	1	/lustre_scratch/user_scratch/szhang37/bam_split/pt20pre__chr20_62143364_C_T__alt.bam	/lustre_scratch/user_scratch/szhang37/bam_split/pt20pre__chr20_62143364_C_T__alt_RPGC.bed
pt20pre	chr3:50611939:C:G	ref	1	/lustre_scratch/user_scratch/szhang37/bam_split/pt20pre__chr3_50611939_C_G__ref.bam	/lustre_scratch/user_scratch/szhang37/bam_split/pt20pre__chr3_50611939_C_G__ref_RPGC.bed
pt20pre	chr7:25180369:C:G	ref	2	/lustre_scratch/user_scratch/szhang37/bam_split/pt20pre__chr7_25180369_C_G__ref.bam	/lustre_scratch/user_scratch/szhang37/bam_split/pt20pre__chr7_25180369_C_G__ref_RPGC.bed
pt20pre	chr7:140177117:T:C	alt	3	/lustre_scratch/user_scratch/szhang37/bam_split/pt20pre__chr7_140177117_T_C__alt.bam	/lustre_scratch/user_scratch/szhang37/bam_split/pt20pre__chr7_140177117_T_C__alt_RPGC.bed
pt20pre	chr8:22599436:A:C	ref	1	/lustre_scratch/user_scratch/szhang37/bam_split/pt20pre__chr8_22599436_A_C__ref.bam	/lustre_scratch/user_scratch/szhang37/bam_split/pt20pre__chr8_22599436_A_C__ref_RPGC.bed
pt20pre	chr9:129835342:T:C	ref	3	/lustre_scratch/user_scratch/szhang37/bam_split/pt20pre__chr9_129835342_T_C__ref.bam	/lustre_scratch/user_scratch/szhang37/bam_split/pt20pre__chr9_129835342_T_C__ref_RPGC.bed
pt20pre	chr9:129835342:T:C	alt	1	/lustre_scratch/user_scratch/szhang37/bam_split/pt20pre__chr9_129835342_T_C__alt.bam	/lustre_scratch/user_scratch/szhang37/bam_split/pt20pre__chr9_129835342_T_C__alt_RPGC.bed
pt22pre	chr3:141231641:G:A	ref	1	/lustre_scratch/user_scratch/szhang37/bam_split/pt22pre__chr3_141231641_G_A__ref.bam	/lustre_scratch/user_scratch/szhang37/bam_split/pt22pre__chr3_141231641_G_A__ref_RPGC.bed
pt22pre	chr6:31795967:G:A	alt	1	/lustre_scratch/user_scratch/szhang37/bam_split/pt22pre__chr6_31795967_G_A__alt.bam	/lustre_scratch/user_scratch/szhang37/bam_split/pt22pre__chr6_31795967_G_A__alt_RPGC.bed
pt23pre	chr1:15525181:C:A	alt	1	/lustre_scratch/user_scratch/szhang37/bam_split/pt23pre__chr1_15525181_C_A__alt.bam	/lustre_scratch/user_scratch/szhang37/bam_split/pt23pre__chr1_15525181_C_A__alt_RPGC.bed
pt23pre	chr1:16613925:A:G	alt	2	/lustre_scratch/user_scratch/szhang37/bam_split/pt23pre__chr1_16613925_A_G__alt.bam	/lustre_scratch/user_scratch/szhang37/bam_split/pt23pre__chr1_16613925_A_G__alt_RPGC.bed
pt23pre	chr10:50067831:G:A	ref	1	/lustre_scratch/user_scratch/szhang37/bam_split/pt23pre__chr10_50067831_G_A__ref.bam	/lustre_scratch/user_scratch/szhang37/bam_split/pt23pre__chr10_50067831_G_A__ref_RPGC.bed
pt23pre	chr12:9448192:A:T	ref	1	/lustre_scratch/user_scratch/szhang37/bam_split/pt23pre__chr12_9448192_A_T__ref.bam	/lustre_scratch/user_scratch/szhang37/bam_split/pt23pre__chr12_9448192_A_T__ref_RPGC.bed
pt23pre	chr17:3049001:C:G	ref	1	/lustre_scratch/user_scratch/szhang37/bam_split/pt23pre__chr17_3049001_C_G__ref.bam	/lustre_scratch/user_scratch/szhang37/bam_split/pt23pre__chr17_3049001_C_G__ref_RPGC.bed
pt23pre	chr17:3049001:C:G	alt	1	/lustre_scratch/user_scratch/szhang37/bam_split/pt23pre__chr17_3049001_C_G__alt.bam	/lustre_scratch/user_scratch/szhang37/bam_split/pt23pre__chr17_3049001_C_G__alt_RPGC.bed
pt23pre	chr17:36189143:C:G	ref	2	/lustre_scratch/user_scratch/szhang37/bam_split/pt23pre__chr17_36189143_C_G__ref.bam	/lustre_scratch/user_scratch/szhang37/bam_split/pt23pre__chr17_36189143_C_G__ref_RPGC.bed
pt23pre	chr17:36189146:G:A	ref	1	/lustre_scratch/user_scratch/szhang37/bam_split/pt23pre__chr17_36189146_G_A__ref.bam	/lustre_scratch/user_scratch/szhang37/bam_split/pt23pre__chr17_36189146_G_A__ref_RPGC.bed
pt23pre	chr17:36189146:G:A	alt	1	/lustre_scratch/user_scratch/szhang37/bam_split/pt23pre__chr17_36189146_G_A__alt.bam	/lustre_scratch/user_scratch/szhang37/bam_split/pt23pre__chr17_36189146_G_A__alt_RPGC.bed
pt23pre	chr17:36189169:C:G	ref	2	/lustre_scratch/user_scratch/szhang37/bam_split/pt23pre__chr17_36189169_C_G__ref.bam	/lustre_scratch/user_scratch/szhang37/bam_split/pt23pre__chr17_36189169_C_G__ref_RPGC.bed
pt23pre	chr17:36189263:C:T	ref	1	/lustre_scratch/user_scratch/szhang37/bam_split/pt23pre__chr17_36189263_C_T__ref.bam	/lustre_scratch/user_scratch/szhang37/bam_split/pt23pre__chr17_36189263_C_T__ref_RPGC.bed
pt23pre	chr17:36189263:C:T	alt	2	/lustre_scratch/user_scratch/szhang37/bam_split/pt23pre__chr17_36189263_C_T__alt.bam	/lustre_scratch/user_scratch/szhang37/bam_split/pt23pre__chr17_36189263_C_T__alt_RPGC.bed
pt23pre	chr17:79074920:C:G	ref	2	/lustre_scratch/user_scratch/szhang37/bam_split/pt23pre__chr17_79074920_C_G__ref.bam	/lustre_scratch/user_scratch/szhang37/bam_split/pt23pre__chr17_79074920_C_G__ref_RPGC.bed
pt23pre	chr18:47749267:A:C	ref	1	/lustre_scratch/user_scratch/szhang37/bam_split/pt23pre__chr18_47749267_A_C__ref.bam	/lustre_scratch/user_scratch/szhang37/bam_split/pt23pre__chr18_47749267_A_C__ref_RPGC.bed
pt23pre	chr18:47749267:A:C	alt	1	/lustre_scratch/user_scratch/szhang37/bam_split/pt23pre__chr18_47749267_A_C__alt.bam	/lustre_scratch/user_scratch/szhang37/bam_split/pt23pre__chr18_47749267_A_C__alt_RPGC.bed
pt23pre	chr18:54269477:G:T	ref	1	/lustre_scratch/user_scratch/szhang37/bam_split/pt23pre__chr18_54269477_G_T__ref.bam	/lustre_scratch/user_scratch/szhang37/bam_split/pt23pre__chr18_54269477_G_T__ref_RPGC.bed
pt23pre	chr18:54269477:G:T	alt	1	/lustre_scratch/user_scratch/szhang37/bam_split/pt23pre__chr18_54269477_G_T__alt.bam	/lustre_scratch/user_scratch/szhang37/bam_split/pt23pre__chr18_54269477_G_T__alt_RPGC.bed
pt23pre	chr19:4247479:C:T	alt	2	/lustre_scratch/user_scratch/szhang37/bam_split/pt23pre__chr19_4247479_C_T__alt.bam	/lustre_scratch/user_scratch/szhang37/bam_split/pt23pre__chr19_4247479_C_T__alt_RPGC.bed
pt23pre	chr19:53431907:G:A	ref	1	/lustre_scratch/user_scratch/szhang37/bam_split/pt23pre__chr19_53431907_G_A__ref.bam	/lustre_scratch/user_scratch/szhang37/bam_split/pt23pre__chr19_53431907_G_A__ref_RPGC.bed
pt23pre	chr19:53431907:G:A	alt	1	/lustre_scratch/user_scratch/szhang37/bam_split/pt23pre__chr19_53431907_G_A__alt.bam	/lustre_scratch/user_scratch/szhang37/bam_split/pt23pre__chr19_53431907_G_A__alt_RPGC.bed
pt23pre	chr2:98508913:C:T	ref	1	/lustre_scratch/user_scratch/szhang37/bam_split/pt23pre__chr2_98508913_C_T__ref.bam	/lustre_scratch/user_scratch/szhang37/bam_split/pt23pre__chr2_98508913_C_T__ref_RPGC.bed
pt23pre	chr2:98508913:C:T	alt	1	/lustre_scratch/user_scratch/szhang37/bam_split/pt23pre__chr2_98508913_C_T__alt.bam	/lustre_scratch/user_scratch/szhang37/bam_split/pt23pre__chr2_98508913_C_T__alt_RPGC.bed
pt23pre	chr2:112584474:G:T	ref	3	/lustre_scratch/user_scratch/szhang37/bam_split/pt23pre__chr2_112584474_G_T__ref.bam	/lustre_scratch/user_scratch/szhang37/bam_split/pt23pre__chr2_112584474_G_T__ref_RPGC.bed
pt23pre	chr2:112584474:G:T	alt	2	/lustre_scratch/user_scratch/szhang37/bam_split/pt23pre__chr2_112584474_G_T__alt.bam	/lustre_scratch/user_scratch/szhang37/bam_split/pt23pre__chr2_112584474_G_T__alt_RPGC.bed
pt23pre	chr2:237966849:G:T	alt	1	/lustre_scratch/user_scratch/szhang37/bam_split/pt23pre__chr2_237966849_G_T__alt.bam	/lustre_scratch/user_scratch/szhang37/bam_split/pt23pre__chr2_237966849_G_T__alt_RPGC.bed
pt23pre	chr5:56909530:A:G	ref	2	/lustre_scratch/user_scratch/szhang37/bam_split/pt23pre__chr5_56909530_A_G__ref.bam	/lustre_scratch/user_scratch/szhang37/bam_split/pt23pre__chr5_56909530_A_G__ref_RPGC.bed
pt23pre	chr5:176537482:A:G	ref	1	/lustre_scratch/user_scratch/szhang37/bam_split/pt23pre__chr5_176537482_A_G__ref.bam	/lustre_scratch/user_scratch/szhang37/bam_split/pt23pre__chr5_176537482_A_G__ref_RPGC.bed
pt23pre	chr5:176537482:A:G	alt	1	/lustre_scratch/user_scratch/szhang37/bam_split/pt23pre__chr5_176537482_A_G__alt.bam	/lustre_scratch/user_scratch/szhang37/bam_split/pt23pre__chr5_176537482_A_G__alt_RPGC.bed
pt23pre	chr6:118935183:T:C	ref	3	/lustre_scratch/user_scratch/szhang37/bam_split/pt23pre__chr6_118935183_T_C__ref.bam	/lustre_scratch/user_scratch/szhang37/bam_split/pt23pre__chr6_118935183_T_C__ref_RPGC.bed
pt23pre	chr6:118935183:T:C	alt	2	/lustre_scratch/user_scratch/szhang37/bam_split/pt23pre__chr6_118935183_T_C__alt.bam	/lustre_scratch/user_scratch/szhang37/bam_split/pt23pre__chr6_118935183_T_C__alt_RPGC.bed
pt23pre	chr6:136822473:A:T	ref	1	/lustre_scratch/user_scratch/szhang37/bam_split/pt23pre__chr6_136822473_A_T__ref.bam	/lustre_scratch/user_scratch/szhang37/bam_split/pt23pre__chr6_136822473_A_T__ref_RPGC.bed
pt23pre	chr6:136822473:A:T	alt	1	/lustre_scratch/user_scratch/szhang37/bam_split/pt23pre__chr6_136822473_A_T__alt.bam	/lustre_scratch/user_scratch/szhang37/bam_split/pt23pre__chr6_136822473_A_T__alt_RPGC.bed
pt23pre	chr7:47979760:G:C	alt	1	/lustre_scratch/user_scratch/szhang37/bam_split/pt23pre__chr7_47979760_G_C__alt.bam	/lustre_scratch/user_scratch/szhang37/bam_split/pt23pre__chr7_47979760_G_C__alt_RPGC.bed
pt23pre	chr7:66740593:C:A	ref	1	/lustre_scratch/user_scratch/szhang37/bam_split/pt23pre__chr7_66740593_C_A__ref.bam	/lustre_scratch/user_scratch/szhang37/bam_split/pt23pre__chr7_66740593_C_A__ref_RPGC.bed
pt23pre	chr7:140177117:T:C	ref	4	/lustre_scratch/user_scratch/szhang37/bam_split/pt23pre__chr7_140177117_T_C__ref.bam	/lustre_scratch/user_scratch/szhang37/bam_split/pt23pre__chr7_140177117_T_C__ref_RPGC.bed
pt23pre	chr7:140177117:T:C	alt	2	/lustre_scratch/user_scratch/szhang37/bam_split/pt23pre__chr7_140177117_T_C__alt.bam	/lustre_scratch/user_scratch/szhang37/bam_split/pt23pre__chr7_140177117_T_C__alt_RPGC.bed
pt23pre	chr9:6703997:C:A	ref	2	/lustre_scratch/user_scratch/szhang37/bam_split/pt23pre__chr9_6703997_C_A__ref.bam	/lustre_scratch/user_scratch/szhang37/bam_split/pt23pre__chr9_6703997_C_A__ref_RPGC.bed
pt23pre	chr9:69760025:C:A	ref	1	/lustre_scratch/user_scratch/szhang37/bam_split/pt23pre__chr9_69760025_C_A__ref.bam	/lustre_scratch/user_scratch/szhang37/bam_split/pt23pre__chr9_69760025_C_A__ref_RPGC.bed
pt23pre	chr9:69760025:C:A	alt	2	/lustre_scratch/user_scratch/szhang37/bam_split/pt23pre__chr9_69760025_C_A__alt.bam	/lustre_scratch/user_scratch/szhang37/bam_split/pt23pre__chr9_69760025_C_A__alt_RPGC.bed
pt24pre	chr1:228635625:G:C	alt	1	/lustre_scratch/user_scratch/szhang37/bam_split/pt24pre__chr1_228635625_G_C__alt.bam	/lustre_scratch/user_scratch/szhang37/bam_split/pt24pre__chr1_228635625_G_C__alt_RPGC.bed
pt24pre	chr20:1118651:T:C	ref	1	/lustre_scratch/user_scratch/szhang37/bam_split/pt24pre__chr20_1118651_T_C__ref.bam	/lustre_scratch/user_scratch/szhang37/bam_split/pt24pre__chr20_1118651_T_C__ref_RPGC.bed
pt24pre	chr20:59032394:C:A	ref	1	/lustre_scratch/user_scratch/szhang37/bam_split/pt24pre__chr20_59032394_C_A__ref.bam	/lustre_scratch/user_scratch/szhang37/bam_split/pt24pre__chr20_59032394_C_A__ref_RPGC.bed
pt26pre	chr1:16613925:A:G	alt	1	/lustre_scratch/user_scratch/szhang37/bam_split/pt26pre__chr1_16613925_A_G__alt.bam	/lustre_scratch/user_scratch/szhang37/bam_split/pt26pre__chr1_16613925_A_G__alt_RPGC.bed
pt26pre	chr1:88684130:C:T	ref	1	/lustre_scratch/user_scratch/szhang37/bam_split/pt26pre__chr1_88684130_C_T__ref.bam	/lustre_scratch/user_scratch/szhang37/bam_split/pt26pre__chr1_88684130_C_T__ref_RPGC.bed
pt26pre	chr1:88684130:C:T	alt	1	/lustre_scratch/user_scratch/szhang37/bam_split/pt26pre__chr1_88684130_C_T__alt.bam	/lustre_scratch/user_scratch/szhang37/bam_split/pt26pre__chr1_88684130_C_T__alt_RPGC.bed
pt26pre	chr11:33039223:T:C	alt	1	/lustre_scratch/user_scratch/szhang37/bam_split/pt26pre__chr11_33039223_T_C__alt.bam	/lustre_scratch/user_scratch/szhang37/bam_split/pt26pre__chr11_33039223_T_C__alt_RPGC.bed
pt26pre	chr11:86156833:A:G	ref	1	/lustre_scratch/user_scratch/szhang37/bam_split/pt26pre__chr11_86156833_A_G__ref.bam	/lustre_scratch/user_scratch/szhang37/bam_split/pt26pre__chr11_86156833_A_G__ref_RPGC.bed
pt26pre	chr12:6470978:C:A	alt	2	/lustre_scratch/user_scratch/szhang37/bam_split/pt26pre__chr12_6470978_C_A__alt.bam	/lustre_scratch/user_scratch/szhang37/bam_split/pt26pre__chr12_6470978_C_A__alt_RPGC.bed
pt26pre	chr12:8243830:G:C	alt	1	/lustre_scratch/user_scratch/szhang37/bam_split/pt26pre__chr12_8243830_G_C__alt.bam	/lustre_scratch/user_scratch/szhang37/bam_split/pt26pre__chr12_8243830_G_C__alt_RPGC.bed
pt26pre	chr12:26833274:G:C	alt	1	/lustre_scratch/user_scratch/szhang37/bam_split/pt26pre__chr12_26833274_G_C__alt.bam	/lustre_scratch/user_scratch/szhang37/bam_split/pt26pre__chr12_26833274_G_C__alt_RPGC.bed
pt26pre	chr12:54560572:A:T	alt	1	/lustre_scratch/user_scratch/szhang37/bam_split/pt26pre__chr12_54560572_A_T__alt.bam	/lustre_scratch/user_scratch/szhang37/bam_split/pt26pre__chr12_54560572_A_T__alt_RPGC.bed
pt26pre	chr17:3049001:C:G	alt	1	/lustre_scratch/user_scratch/szhang37/bam_split/pt26pre__chr17_3049001_C_G__alt.bam	/lustre_scratch/user_scratch/szhang37/bam_split/pt26pre__chr17_3049001_C_G__alt_RPGC.bed
pt26pre	chr17:36189143:C:G	alt	2	/lustre_scratch/user_scratch/szhang37/bam_split/pt26pre__chr17_36189143_C_G__alt.bam	/lustre_scratch/user_scratch/szhang37/bam_split/pt26pre__chr17_36189143_C_G__alt_RPGC.bed
pt26pre	chr17:36189146:G:A	ref	2	/lustre_scratch/user_scratch/szhang37/bam_split/pt26pre__chr17_36189146_G_A__ref.bam	/lustre_scratch/user_scratch/szhang37/bam_split/pt26pre__chr17_36189146_G_A__ref_RPGC.bed
pt26pre	chr17:36189169:C:G	alt	2	/lustre_scratch/user_scratch/szhang37/bam_split/pt26pre__chr17_36189169_C_G__alt.bam	/lustre_scratch/user_scratch/szhang37/bam_split/pt26pre__chr17_36189169_C_G__alt_RPGC.bed
pt26pre	chr17:36189263:C:T	ref	1	/lustre_scratch/user_scratch/szhang37/bam_split/pt26pre__chr17_36189263_C_T__ref.bam	/lustre_scratch/user_scratch/szhang37/bam_split/pt26pre__chr17_36189263_C_T__ref_RPGC.bed
pt26pre	chr19:17305548:G:A	ref	2	/lustre_scratch/user_scratch/szhang37/bam_split/pt26pre__chr19_17305548_G_A__ref.bam	/lustre_scratch/user_scratch/szhang37/bam_split/pt26pre__chr19_17305548_G_A__ref_RPGC.bed
pt26pre	chr19:50804968:A:T	ref	2	/lustre_scratch/user_scratch/szhang37/bam_split/pt26pre__chr19_50804968_A_T__ref.bam	/lustre_scratch/user_scratch/szhang37/bam_split/pt26pre__chr19_50804968_A_T__ref_RPGC.bed
pt26pre	chr19:57191519:T:C	alt	1	/lustre_scratch/user_scratch/szhang37/bam_split/pt26pre__chr19_57191519_T_C__alt.bam	/lustre_scratch/user_scratch/szhang37/bam_split/pt26pre__chr19_57191519_T_C__alt_RPGC.bed
pt26pre	chr2:112584474:G:T	ref	1	/lustre_scratch/user_scratch/szhang37/bam_split/pt26pre__chr2_112584474_G_T__ref.bam	/lustre_scratch/user_scratch/szhang37/bam_split/pt26pre__chr2_112584474_G_T__ref_RPGC.bed
pt26pre	chr2:237966849:G:T	ref	1	/lustre_scratch/user_scratch/szhang37/bam_split/pt26pre__chr2_237966849_G_T__ref.bam	/lustre_scratch/user_scratch/szhang37/bam_split/pt26pre__chr2_237966849_G_T__ref_RPGC.bed
pt26pre	chr2:237966849:G:T	alt	1	/lustre_scratch/user_scratch/szhang37/bam_split/pt26pre__chr2_237966849_G_T__alt.bam	/lustre_scratch/user_scratch/szhang37/bam_split/pt26pre__chr2_237966849_G_T__alt_RPGC.bed
pt26pre	chr5:176537482:A:G	alt	5	/lustre_scratch/user_scratch/szhang37/bam_split/pt26pre__chr5_176537482_A_G__alt.bam	/lustre_scratch/user_scratch/szhang37/bam_split/pt26pre__chr5_176537482_A_G__alt_RPGC.bed
pt26pre	chr6:110981936:C:G	alt	1	/lustre_scratch/user_scratch/szhang37/bam_split/pt26pre__chr6_110981936_C_G__alt.bam	/lustre_scratch/user_scratch/szhang37/bam_split/pt26pre__chr6_110981936_C_G__alt_RPGC.bed
pt29pre	chr1:16613925:A:G	alt	1	/lustre_scratch/user_scratch/szhang37/bam_split/pt29pre__chr1_16613925_A_G__alt.bam	/lustre_scratch/user_scratch/szhang37/bam_split/pt29pre__chr1_16613925_A_G__alt_RPGC.bed
pt29pre	chr10:50067831:G:A	alt	1	/lustre_scratch/user_scratch/szhang37/bam_split/pt29pre__chr10_50067831_G_A__alt.bam	/lustre_scratch/user_scratch/szhang37/bam_split/pt29pre__chr10_50067831_G_A__alt_RPGC.bed
pt29pre	chr11:18634515:G:C	alt	1	/lustre_scratch/user_scratch/szhang37/bam_split/pt29pre__chr11_18634515_G_C__alt.bam	/lustre_scratch/user_scratch/szhang37/bam_split/pt29pre__chr11_18634515_G_C__alt_RPGC.bed
pt29pre	chr12:6470978:C:A	ref	1	/lustre_scratch/user_scratch/szhang37/bam_split/pt29pre__chr12_6470978_C_A__ref.bam	/lustre_scratch/user_scratch/szhang37/bam_split/pt29pre__chr12_6470978_C_A__ref_RPGC.bed
pt29pre	chr14:20989786:C:T	ref	2	/lustre_scratch/user_scratch/szhang37/bam_split/pt29pre__chr14_20989786_C_T__ref.bam	/lustre_scratch/user_scratch/szhang37/bam_split/pt29pre__chr14_20989786_C_T__ref_RPGC.bed
pt29pre	chr14:20989786:C:T	alt	1	/lustre_scratch/user_scratch/szhang37/bam_split/pt29pre__chr14_20989786_C_T__alt.bam	/lustre_scratch/user_scratch/szhang37/bam_split/pt29pre__chr14_20989786_C_T__alt_RPGC.bed
pt29pre	chr17:36189143:C:G	ref	2	/lustre_scratch/user_scratch/szhang37/bam_split/pt29pre__chr17_36189143_C_G__ref.bam	/lustre_scratch/user_scratch/szhang37/bam_split/pt29pre__chr17_36189143_C_G__ref_RPGC.bed
pt29pre	chr17:36189146:G:A	alt	2	/lustre_scratch/user_scratch/szhang37/bam_split/pt29pre__chr17_36189146_G_A__alt.bam	/lustre_scratch/user_scratch/szhang37/bam_split/pt29pre__chr17_36189146_G_A__alt_RPGC.bed
pt29pre	chr17:36189169:C:G	ref	3	/lustre_scratch/user_scratch/szhang37/bam_split/pt29pre__chr17_36189169_C_G__ref.bam	/lustre_scratch/user_scratch/szhang37/bam_split/pt29pre__chr17_36189169_C_G__ref_RPGC.bed
pt29pre	chr17:79074920:C:G	alt	1	/lustre_scratch/user_scratch/szhang37/bam_split/pt29pre__chr17_79074920_C_G__alt.bam	/lustre_scratch/user_scratch/szhang37/bam_split/pt29pre__chr17_79074920_C_G__alt_RPGC.bed
pt29pre	chr18:54269477:G:T	alt	1	/lustre_scratch/user_scratch/szhang37/bam_split/pt29pre__chr18_54269477_G_T__alt.bam	/lustre_scratch/user_scratch/szhang37/bam_split/pt29pre__chr18_54269477_G_T__alt_RPGC.bed
pt29pre	chr19:2051333:G:A	ref	1	/lustre_scratch/user_scratch/szhang37/bam_split/pt29pre__chr19_2051333_G_A__ref.bam	/lustre_scratch/user_scratch/szhang37/bam_split/pt29pre__chr19_2051333_G_A__ref_RPGC.bed
pt29pre	chr19:4247479:C:T	ref	2	/lustre_scratch/user_scratch/szhang37/bam_split/pt29pre__chr19_4247479_C_T__ref.bam	/lustre_scratch/user_scratch/szhang37/bam_split/pt29pre__chr19_4247479_C_T__ref_RPGC.bed
pt29pre	chr19:4247479:C:T	alt	1	/lustre_scratch/user_scratch/szhang37/bam_split/pt29pre__chr19_4247479_C_T__alt.bam	/lustre_scratch/user_scratch/szhang37/bam_split/pt29pre__chr19_4247479_C_T__alt_RPGC.bed
pt29pre	chr19:53431907:G:A	alt	1	/lustre_scratch/user_scratch/szhang37/bam_split/pt29pre__chr19_53431907_G_A__alt.bam	/lustre_scratch/user_scratch/szhang37/bam_split/pt29pre__chr19_53431907_G_A__alt_RPGC.bed
pt29pre	chr2:11155127:G:A	ref	3	/lustre_scratch/user_scratch/szhang37/bam_split/pt29pre__chr2_11155127_G_A__ref.bam	/lustre_scratch/user_scratch/szhang37/bam_split/pt29pre__chr2_11155127_G_A__ref_RPGC.bed
pt29pre	chr20:59032394:C:A	alt	1	/lustre_scratch/user_scratch/szhang37/bam_split/pt29pre__chr20_59032394_C_A__alt.bam	/lustre_scratch/user_scratch/szhang37/bam_split/pt29pre__chr20_59032394_C_A__alt_RPGC.bed
pt29pre	chr21:37072590:A:G	ref	1	/lustre_scratch/user_scratch/szhang37/bam_split/pt29pre__chr21_37072590_A_G__ref.bam	/lustre_scratch/user_scratch/szhang37/bam_split/pt29pre__chr21_37072590_A_G__ref_RPGC.bed
pt29pre	chr21:37072590:A:G	alt	2	/lustre_scratch/user_scratch/szhang37/bam_split/pt29pre__chr21_37072590_A_G__alt.bam	/lustre_scratch/user_scratch/szhang37/bam_split/pt29pre__chr21_37072590_A_G__alt_RPGC.bed
pt29pre	chr22:46335652:G:C	alt	1	/lustre_scratch/user_scratch/szhang37/bam_split/pt29pre__chr22_46335652_G_C__alt.bam	/lustre_scratch/user_scratch/szhang37/bam_split/pt29pre__chr22_46335652_G_C__alt_RPGC.bed
pt29pre	chr4:107720308:A:G	ref	1	/lustre_scratch/user_scratch/szhang37/bam_split/pt29pre__chr4_107720308_A_G__ref.bam	/lustre_scratch/user_scratch/szhang37/bam_split/pt29pre__chr4_107720308_A_G__ref_RPGC.bed
pt29pre	chr4:107720308:A:G	alt	2	/lustre_scratch/user_scratch/szhang37/bam_split/pt29pre__chr4_107720308_A_G__alt.bam	/lustre_scratch/user_scratch/szhang37/bam_split/pt29pre__chr4_107720308_A_G__alt_RPGC.bed
pt29pre	chr4:107720445:G:A	ref	2	/lustre_scratch/user_scratch/szhang37/bam_split/pt29pre__chr4_107720445_G_A__ref.bam	/lustre_scratch/user_scratch/szhang37/bam_split/pt29pre__chr4_107720445_G_A__ref_RPGC.bed
pt29pre	chr4:107720445:G:A	alt	1	/lustre_scratch/user_scratch/szhang37/bam_split/pt29pre__chr4_107720445_G_A__alt.bam	/lustre_scratch/user_scratch/szhang37/bam_split/pt29pre__chr4_107720445_G_A__alt_RPGC.bed
pt29pre	chr5:176537482:A:G	alt	1	/lustre_scratch/user_scratch/szhang37/bam_split/pt29pre__chr5_176537482_A_G__alt.bam	/lustre_scratch/user_scratch/szhang37/bam_split/pt29pre__chr5_176537482_A_G__alt_RPGC.bed
pt29pre	chr5:179698934:C:A	ref	1	/lustre_scratch/user_scratch/szhang37/bam_split/pt29pre__chr5_179698934_C_A__ref.bam	/lustre_scratch/user_scratch/szhang37/bam_split/pt29pre__chr5_179698934_C_A__ref_RPGC.bed
pt29pre	chr6:3751890:C:A	alt	1	/lustre_scratch/user_scratch/szhang37/bam_split/pt29pre__chr6_3751890_C_A__alt.bam	/lustre_scratch/user_scratch/szhang37/bam_split/pt29pre__chr6_3751890_C_A__alt_RPGC.bed
pt29pre	chr6:110981936:C:G	ref	1	/lustre_scratch/user_scratch/szhang37/bam_split/pt29pre__chr6_110981936_C_G__ref.bam	/lustre_scratch/user_scratch/szhang37/bam_split/pt29pre__chr6_110981936_C_G__ref_RPGC.bed
pt29pre	chr7:106285307:C:T	alt	3	/lustre_scratch/user_scratch/szhang37/bam_split/pt29pre__chr7_106285307_C_T__alt.bam	/lustre_scratch/user_scratch/szhang37/bam_split/pt29pre__chr7_106285307_C_T__alt_RPGC.bed
pt29pre	chr8:22599436:A:C	alt	2	/lustre_scratch/user_scratch/szhang37/bam_split/pt29pre__chr8_22599436_A_C__alt.bam	/lustre_scratch/user_scratch/szhang37/bam_split/pt29pre__chr8_22599436_A_C__alt_RPGC.bed
pt29pre	chr9:108934109:G:C	ref	1	/lustre_scratch/user_scratch/szhang37/bam_split/pt29pre__chr9_108934109_G_C__ref.bam	/lustre_scratch/user_scratch/szhang37/bam_split/pt29pre__chr9_108934109_G_C__ref_RPGC.bed
pt29pre	chr9:129835342:T:C	ref	2	/lustre_scratch/user_scratch/szhang37/bam_split/pt29pre__chr9_129835342_T_C__ref.bam	/lustre_scratch/user_scratch/szhang37/bam_split/pt29pre__chr9_129835342_T_C__ref_RPGC.bed
pt29pre	chr9:129835342:T:C	alt	1	/lustre_scratch/user_scratch/szhang37/bam_split/pt29pre__chr9_129835342_T_C__alt.bam	/lustre_scratch/user_scratch/szhang37/bam_split/pt29pre__chr9_129835342_T_C__alt_RPGC.bed
pt30pre	chr1:16613925:A:G	ref	1	/lustre_scratch/user_scratch/szhang37/bam_split/pt30pre__chr1_16613925_A_G__ref.bam	/lustre_scratch/user_scratch/szhang37/bam_split/pt30pre__chr1_16613925_A_G__ref_RPGC.bed
pt30pre	chr10:38356377:G:T	ref	1	/lustre_scratch/user_scratch/szhang37/bam_split/pt30pre__chr10_38356377_G_T__ref.bam	/lustre_scratch/user_scratch/szhang37/bam_split/pt30pre__chr10_38356377_G_T__ref_RPGC.bed
pt30pre	chr10:50067831:G:A	ref	1	/lustre_scratch/user_scratch/szhang37/bam_split/pt30pre__chr10_50067831_G_A__ref.bam	/lustre_scratch/user_scratch/szhang37/bam_split/pt30pre__chr10_50067831_G_A__ref_RPGC.bed
pt30pre	chr11:18012985:T:C	alt	1	/lustre_scratch/user_scratch/szhang37/bam_split/pt30pre__chr11_18012985_T_C__alt.bam	/lustre_scratch/user_scratch/szhang37/bam_split/pt30pre__chr11_18012985_T_C__alt_RPGC.bed
pt30pre	chr11:33039223:T:C	ref	1	/lustre_scratch/user_scratch/szhang37/bam_split/pt30pre__chr11_33039223_T_C__ref.bam	/lustre_scratch/user_scratch/szhang37/bam_split/pt30pre__chr11_33039223_T_C__ref_RPGC.bed
pt30pre	chr12:9448192:A:T	alt	1	/lustre_scratch/user_scratch/szhang37/bam_split/pt30pre__chr12_9448192_A_T__alt.bam	/lustre_scratch/user_scratch/szhang37/bam_split/pt30pre__chr12_9448192_A_T__alt_RPGC.bed
pt30pre	chr12:31074229:A:G	alt	1	/lustre_scratch/user_scratch/szhang37/bam_split/pt30pre__chr12_31074229_A_G__alt.bam	/lustre_scratch/user_scratch/szhang37/bam_split/pt30pre__chr12_31074229_A_G__alt_RPGC.bed
pt30pre	chr14:105087055:G:A	alt	1	/lustre_scratch/user_scratch/szhang37/bam_split/pt30pre__chr14_105087055_G_A__alt.bam	/lustre_scratch/user_scratch/szhang37/bam_split/pt30pre__chr14_105087055_G_A__alt_RPGC.bed
pt30pre	chr15:34969886:C:T	ref	1	/lustre_scratch/user_scratch/szhang37/bam_split/pt30pre__chr15_34969886_C_T__ref.bam	/lustre_scratch/user_scratch/szhang37/bam_split/pt30pre__chr15_34969886_C_T__ref_RPGC.bed
pt30pre	chr17:3636748:G:A	alt	1	/lustre_scratch/user_scratch/szhang37/bam_split/pt30pre__chr17_3636748_G_A__alt.bam	/lustre_scratch/user_scratch/szhang37/bam_split/pt30pre__chr17_3636748_G_A__alt_RPGC.bed
pt30pre	chr17:31937036:T:C	ref	1	/lustre_scratch/user_scratch/szhang37/bam_split/pt30pre__chr17_31937036_T_C__ref.bam	/lustre_scratch/user_scratch/szhang37/bam_split/pt30pre__chr17_31937036_T_C__ref_RPGC.bed
pt30pre	chr17:36189016:A:G	alt	1	/lustre_scratch/user_scratch/szhang37/bam_split/pt30pre__chr17_36189016_A_G__alt.bam	/lustre_scratch/user_scratch/szhang37/bam_split/pt30pre__chr17_36189016_A_G__alt_RPGC.bed
pt30pre	chr17:36189143:C:G	ref	2	/lustre_scratch/user_scratch/szhang37/bam_split/pt30pre__chr17_36189143_C_G__ref.bam	/lustre_scratch/user_scratch/szhang37/bam_split/pt30pre__chr17_36189143_C_G__ref_RPGC.bed
pt30pre	chr17:36189143:C:G	alt	2	/lustre_scratch/user_scratch/szhang37/bam_split/pt30pre__chr17_36189143_C_G__alt.bam	/lustre_scratch/user_scratch/szhang37/bam_split/pt30pre__chr17_36189143_C_G__alt_RPGC.bed
pt30pre	chr17:36189263:C:T	ref	1	/lustre_scratch/user_scratch/szhang37/bam_split/pt30pre__chr17_36189263_C_T__ref.bam	/lustre_scratch/user_scratch/szhang37/bam_split/pt30pre__chr17_36189263_C_T__ref_RPGC.bed
pt30pre	chr17:36189263:C:T	alt	2	/lustre_scratch/user_scratch/szhang37/bam_split/pt30pre__chr17_36189263_C_T__alt.bam	/lustre_scratch/user_scratch/szhang37/bam_split/pt30pre__chr17_36189263_C_T__alt_RPGC.bed
pt30pre	chr18:47749267:A:C	ref	2	/lustre_scratch/user_scratch/szhang37/bam_split/pt30pre__chr18_47749267_A_C__ref.bam	/lustre_scratch/user_scratch/szhang37/bam_split/pt30pre__chr18_47749267_A_C__ref_RPGC.bed
pt30pre	chr18:47749267:A:C	alt	1	/lustre_scratch/user_scratch/szhang37/bam_split/pt30pre__chr18_47749267_A_C__alt.bam	/lustre_scratch/user_scratch/szhang37/bam_split/pt30pre__chr18_47749267_A_C__alt_RPGC.bed
pt30pre	chr18:47749304:C:G	ref	1	/lustre_scratch/user_scratch/szhang37/bam_split/pt30pre__chr18_47749304_C_G__ref.bam	/lustre_scratch/user_scratch/szhang37/bam_split/pt30pre__chr18_47749304_C_G__ref_RPGC.bed
pt30pre	chr18:47749304:C:G	alt	1	/lustre_scratch/user_scratch/szhang37/bam_split/pt30pre__chr18_47749304_C_G__alt.bam	/lustre_scratch/user_scratch/szhang37/bam_split/pt30pre__chr18_47749304_C_G__alt_RPGC.bed
pt30pre	chr18:54269477:G:T	ref	2	/lustre_scratch/user_scratch/szhang37/bam_split/pt30pre__chr18_54269477_G_T__ref.bam	/lustre_scratch/user_scratch/szhang37/bam_split/pt30pre__chr18_54269477_G_T__ref_RPGC.bed
pt30pre	chr18:54269477:G:T	alt	1	/lustre_scratch/user_scratch/szhang37/bam_split/pt30pre__chr18_54269477_G_T__alt.bam	/lustre_scratch/user_scratch/szhang37/bam_split/pt30pre__chr18_54269477_G_T__alt_RPGC.bed
pt30pre	chr19:33302679:G:C	ref	1	/lustre_scratch/user_scratch/szhang37/bam_split/pt30pre__chr19_33302679_G_C__ref.bam	/lustre_scratch/user_scratch/szhang37/bam_split/pt30pre__chr19_33302679_G_C__ref_RPGC.bed
pt30pre	chr19:38647509:C:T	ref	1	/lustre_scratch/user_scratch/szhang37/bam_split/pt30pre__chr19_38647509_C_T__ref.bam	/lustre_scratch/user_scratch/szhang37/bam_split/pt30pre__chr19_38647509_C_T__ref_RPGC.bed
pt30pre	chr19:38647509:C:T	alt	1	/lustre_scratch/user_scratch/szhang37/bam_split/pt30pre__chr19_38647509_C_T__alt.bam	/lustre_scratch/user_scratch/szhang37/bam_split/pt30pre__chr19_38647509_C_T__alt_RPGC.bed
pt30pre	chr19:45423658:C:A	ref	1	/lustre_scratch/user_scratch/szhang37/bam_split/pt30pre__chr19_45423658_C_A__ref.bam	/lustre_scratch/user_scratch/szhang37/bam_split/pt30pre__chr19_45423658_C_A__ref_RPGC.bed
pt30pre	chr19:45423658:C:A	alt	1	/lustre_scratch/user_scratch/szhang37/bam_split/pt30pre__chr19_45423658_C_A__alt.bam	/lustre_scratch/user_scratch/szhang37/bam_split/pt30pre__chr19_45423658_C_A__alt_RPGC.bed
pt30pre	chr19:55599751:G:C	alt	1	/lustre_scratch/user_scratch/szhang37/bam_split/pt30pre__chr19_55599751_G_C__alt.bam	/lustre_scratch/user_scratch/szhang37/bam_split/pt30pre__chr19_55599751_G_C__alt_RPGC.bed
pt30pre	chr20:1118651:T:C	ref	1	/lustre_scratch/user_scratch/szhang37/bam_split/pt30pre__chr20_1118651_T_C__ref.bam	/lustre_scratch/user_scratch/szhang37/bam_split/pt30pre__chr20_1118651_T_C__ref_RPGC.bed
pt30pre	chr20:1118651:T:C	alt	1	/lustre_scratch/user_scratch/szhang37/bam_split/pt30pre__chr20_1118651_T_C__alt.bam	/lustre_scratch/user_scratch/szhang37/bam_split/pt30pre__chr20_1118651_T_C__alt_RPGC.bed
pt30pre	chr20:62143364:C:T	ref	1	/lustre_scratch/user_scratch/szhang37/bam_split/pt30pre__chr20_62143364_C_T__ref.bam	/lustre_scratch/user_scratch/szhang37/bam_split/pt30pre__chr20_62143364_C_T__ref_RPGC.bed
pt30pre	chr20:62143364:C:T	alt	1	/lustre_scratch/user_scratch/szhang37/bam_split/pt30pre__chr20_62143364_C_T__alt.bam	/lustre_scratch/user_scratch/szhang37/bam_split/pt30pre__chr20_62143364_C_T__alt_RPGC.bed
pt30pre	chr3:9397385:T:C	ref	1	/lustre_scratch/user_scratch/szhang37/bam_split/pt30pre__chr3_9397385_T_C__ref.bam	/lustre_scratch/user_scratch/szhang37/bam_split/pt30pre__chr3_9397385_T_C__ref_RPGC.bed
pt30pre	chr3:50611939:C:G	ref	2	/lustre_scratch/user_scratch/szhang37/bam_split/pt30pre__chr3_50611939_C_G__ref.bam	/lustre_scratch/user_scratch/szhang37/bam_split/pt30pre__chr3_50611939_C_G__ref_RPGC.bed
pt30pre	chr4:107720445:G:A	alt	1	/lustre_scratch/user_scratch/szhang37/bam_split/pt30pre__chr4_107720445_G_A__alt.bam	/lustre_scratch/user_scratch/szhang37/bam_split/pt30pre__chr4_107720445_G_A__alt_RPGC.bed
pt30pre	chr5:67215959:C:G	ref	1	/lustre_scratch/user_scratch/szhang37/bam_split/pt30pre__chr5_67215959_C_G__ref.bam	/lustre_scratch/user_scratch/szhang37/bam_split/pt30pre__chr5_67215959_C_G__ref_RPGC.bed
pt30pre	chr5:67215959:C:G	alt	2	/lustre_scratch/user_scratch/szhang37/bam_split/pt30pre__chr5_67215959_C_G__alt.bam	/lustre_scratch/user_scratch/szhang37/bam_split/pt30pre__chr5_67215959_C_G__alt_RPGC.bed
pt30pre	chr5:141969069:G:A	ref	2	/lustre_scratch/user_scratch/szhang37/bam_split/pt30pre__chr5_141969069_G_A__ref.bam	/lustre_scratch/user_scratch/szhang37/bam_split/pt30pre__chr5_141969069_G_A__ref_RPGC.bed
pt30pre	chr5:141969069:G:A	alt	2	/lustre_scratch/user_scratch/szhang37/bam_split/pt30pre__chr5_141969069_G_A__alt.bam	/lustre_scratch/user_scratch/szhang37/bam_split/pt30pre__chr5_141969069_G_A__alt_RPGC.bed
pt30pre	chr5:176537482:A:G	ref	1	/lustre_scratch/user_scratch/szhang37/bam_split/pt30pre__chr5_176537482_A_G__ref.bam	/lustre_scratch/user_scratch/szhang37/bam_split/pt30pre__chr5_176537482_A_G__ref_RPGC.bed
pt30pre	chr6:26285680:C:T	ref	2	/lustre_scratch/user_scratch/szhang37/bam_split/pt30pre__chr6_26285680_C_T__ref.bam	/lustre_scratch/user_scratch/szhang37/bam_split/pt30pre__chr6_26285680_C_T__ref_RPGC.bed
pt30pre	chr6:26285680:C:T	alt	1	/lustre_scratch/user_scratch/szhang37/bam_split/pt30pre__chr6_26285680_C_T__alt.bam	/lustre_scratch/user_scratch/szhang37/bam_split/pt30pre__chr6_26285680_C_T__alt_RPGC.bed
pt30pre	chr7:140177117:T:C	ref	1	/lustre_scratch/user_scratch/szhang37/bam_split/pt30pre__chr7_140177117_T_C__ref.bam	/lustre_scratch/user_scratch/szhang37/bam_split/pt30pre__chr7_140177117_T_C__ref_RPGC.bed
pt30pre	chr9:27529822:G:A	ref	1	/lustre_scratch/user_scratch/szhang37/bam_split/pt30pre__chr9_27529822_G_A__ref.bam	/lustre_scratch/user_scratch/szhang37/bam_split/pt30pre__chr9_27529822_G_A__ref_RPGC.bed
pt30pre	chr9:108934109:G:C	alt	1	/lustre_scratch/user_scratch/szhang37/bam_split/pt30pre__chr9_108934109_G_C__alt.bam	/lustre_scratch/user_scratch/szhang37/bam_split/pt30pre__chr9_108934109_G_C__alt_RPGC.bed
pt5_pre	chr1:15525181:C:A	ref	2	/lustre_scratch/user_scratch/szhang37/bam_split/pt5_pre__chr1_15525181_C_A__ref.bam	/lustre_scratch/user_scratch/szhang37/bam_split/pt5_pre__chr1_15525181_C_A__ref_RPGC.bed
pt5_pre	chr1:113812311:G:A	ref	1	/lustre_scratch/user_scratch/szhang37/bam_split/pt5_pre__chr1_113812311_G_A__ref.bam	/lustre_scratch/user_scratch/szhang37/bam_split/pt5_pre__chr1_113812311_G_A__ref_RPGC.bed
pt5_pre	chr1:113812311:G:A	alt	2	/lustre_scratch/user_scratch/szhang37/bam_split/pt5_pre__chr1_113812311_G_A__alt.bam	/lustre_scratch/user_scratch/szhang37/bam_split/pt5_pre__chr1_113812311_G_A__alt_RPGC.bed
pt5_pre	chr1:228635616:A:C	ref	1	/lustre_scratch/user_scratch/szhang37/bam_split/pt5_pre__chr1_228635616_A_C__ref.bam	/lustre_scratch/user_scratch/szhang37/bam_split/pt5_pre__chr1_228635616_A_C__ref_RPGC.bed
pt5_pre	chr1:228635625:G:C	alt	1	/lustre_scratch/user_scratch/szhang37/bam_split/pt5_pre__chr1_228635625_G_C__alt.bam	/lustre_scratch/user_scratch/szhang37/bam_split/pt5_pre__chr1_228635625_G_C__alt_RPGC.bed
pt5_pre	chr1:241640356:A:G	ref	2	/lustre_scratch/user_scratch/szhang37/bam_split/pt5_pre__chr1_241640356_A_G__ref.bam	/lustre_scratch/user_scratch/szhang37/bam_split/pt5_pre__chr1_241640356_A_G__ref_RPGC.bed
pt5_pre	chr1:241640356:A:G	alt	1	/lustre_scratch/user_scratch/szhang37/bam_split/pt5_pre__chr1_241640356_A_G__alt.bam	/lustre_scratch/user_scratch/szhang37/bam_split/pt5_pre__chr1_241640356_A_G__alt_RPGC.bed
pt5_pre	chr12:6470978:C:A	ref	1	/lustre_scratch/user_scratch/szhang37/bam_split/pt5_pre__chr12_6470978_C_A__ref.bam	/lustre_scratch/user_scratch/szhang37/bam_split/pt5_pre__chr12_6470978_C_A__ref_RPGC.bed
pt5_pre	chr12:6470978:C:A	alt	1	/lustre_scratch/user_scratch/szhang37/bam_split/pt5_pre__chr12_6470978_C_A__alt.bam	/lustre_scratch/user_scratch/szhang37/bam_split/pt5_pre__chr12_6470978_C_A__alt_RPGC.bed
pt5_pre	chr12:21437854:C:A	alt	1	/lustre_scratch/user_scratch/szhang37/bam_split/pt5_pre__chr12_21437854_C_A__alt.bam	/lustre_scratch/user_scratch/szhang37/bam_split/pt5_pre__chr12_21437854_C_A__alt_RPGC.bed
pt5_pre	chr12:54560572:A:T	alt	1	/lustre_scratch/user_scratch/szhang37/bam_split/pt5_pre__chr12_54560572_A_T__alt.bam	/lustre_scratch/user_scratch/szhang37/bam_split/pt5_pre__chr12_54560572_A_T__alt_RPGC.bed
pt5_pre	chr13:46894174:T:G	alt	1	/lustre_scratch/user_scratch/szhang37/bam_split/pt5_pre__chr13_46894174_T_G__alt.bam	/lustre_scratch/user_scratch/szhang37/bam_split/pt5_pre__chr13_46894174_T_G__alt_RPGC.bed
pt5_pre	chr14:105087055:G:A	alt	1	/lustre_scratch/user_scratch/szhang37/bam_split/pt5_pre__chr14_105087055_G_A__alt.bam	/lustre_scratch/user_scratch/szhang37/bam_split/pt5_pre__chr14_105087055_G_A__alt_RPGC.bed
pt5_pre	chr16:28609990:T:C	ref	1	/lustre_scratch/user_scratch/szhang37/bam_split/pt5_pre__chr16_28609990_T_C__ref.bam	/lustre_scratch/user_scratch/szhang37/bam_split/pt5_pre__chr16_28609990_T_C__ref_RPGC.bed
pt5_pre	chr16:28609990:T:C	alt	1	/lustre_scratch/user_scratch/szhang37/bam_split/pt5_pre__chr16_28609990_T_C__alt.bam	/lustre_scratch/user_scratch/szhang37/bam_split/pt5_pre__chr16_28609990_T_C__alt_RPGC.bed
pt5_pre	chr17:3049001:C:G	alt	1	/lustre_scratch/user_scratch/szhang37/bam_split/pt5_pre__chr17_3049001_C_G__alt.bam	/lustre_scratch/user_scratch/szhang37/bam_split/pt5_pre__chr17_3049001_C_G__alt_RPGC.bed
pt5_pre	chr17:79074920:C:G	ref	2	/lustre_scratch/user_scratch/szhang37/bam_split/pt5_pre__chr17_79074920_C_G__ref.bam	/lustre_scratch/user_scratch/szhang37/bam_split/pt5_pre__chr17_79074920_C_G__ref_RPGC.bed
pt5_pre	chr17:79074920:C:G	alt	1	/lustre_scratch/user_scratch/szhang37/bam_split/pt5_pre__chr17_79074920_C_G__alt.bam	/lustre_scratch/user_scratch/szhang37/bam_split/pt5_pre__chr17_79074920_C_G__alt_RPGC.bed
pt5_pre	chr18:12658192:T:G	alt	1	/lustre_scratch/user_scratch/szhang37/bam_split/pt5_pre__chr18_12658192_T_G__alt.bam	/lustre_scratch/user_scratch/szhang37/bam_split/pt5_pre__chr18_12658192_T_G__alt_RPGC.bed
pt5_pre	chr19:4247479:C:T	ref	1	/lustre_scratch/user_scratch/szhang37/bam_split/pt5_pre__chr19_4247479_C_T__ref.bam	/lustre_scratch/user_scratch/szhang37/bam_split/pt5_pre__chr19_4247479_C_T__ref_RPGC.bed
pt5_pre	chr19:4247479:C:T	alt	1	/lustre_scratch/user_scratch/szhang37/bam_split/pt5_pre__chr19_4247479_C_T__alt.bam	/lustre_scratch/user_scratch/szhang37/bam_split/pt5_pre__chr19_4247479_C_T__alt_RPGC.bed
pt5_pre	chr21:37072590:A:G	alt	1	/lustre_scratch/user_scratch/szhang37/bam_split/pt5_pre__chr21_37072590_A_G__alt.bam	/lustre_scratch/user_scratch/szhang37/bam_split/pt5_pre__chr21_37072590_A_G__alt_RPGC.bed
pt5_pre	chr22:46335653:C:T	alt	2	/lustre_scratch/user_scratch/szhang37/bam_split/pt5_pre__chr22_46335653_C_T__alt.bam	/lustre_scratch/user_scratch/szhang37/bam_split/pt5_pre__chr22_46335653_C_T__alt_RPGC.bed
pt5_pre	chr4:102625739:T:C	ref	1	/lustre_scratch/user_scratch/szhang37/bam_split/pt5_pre__chr4_102625739_T_C__ref.bam	/lustre_scratch/user_scratch/szhang37/bam_split/pt5_pre__chr4_102625739_T_C__ref_RPGC.bed
pt5_pre	chr4:102625739:T:C	alt	1	/lustre_scratch/user_scratch/szhang37/bam_split/pt5_pre__chr4_102625739_T_C__alt.bam	/lustre_scratch/user_scratch/szhang37/bam_split/pt5_pre__chr4_102625739_T_C__alt_RPGC.bed
pt5_pre	chr5:56909530:A:G	alt	1	/lustre_scratch/user_scratch/szhang37/bam_split/pt5_pre__chr5_56909530_A_G__alt.bam	/lustre_scratch/user_scratch/szhang37/bam_split/pt5_pre__chr5_56909530_A_G__alt_RPGC.bed
pt5_pre	chr5:67215959:C:G	ref	2	/lustre_scratch/user_scratch/szhang37/bam_split/pt5_pre__chr5_67215959_C_G__ref.bam	/lustre_scratch/user_scratch/szhang37/bam_split/pt5_pre__chr5_67215959_C_G__ref_RPGC.bed
pt5_pre	chr5:67215959:C:G	alt	1	/lustre_scratch/user_scratch/szhang37/bam_split/pt5_pre__chr5_67215959_C_G__alt.bam	/lustre_scratch/user_scratch/szhang37/bam_split/pt5_pre__chr5_67215959_C_G__alt_RPGC.bed
pt5_pre	chr6:3751890:C:A	alt	1	/lustre_scratch/user_scratch/szhang37/bam_split/pt5_pre__chr6_3751890_C_A__alt.bam	/lustre_scratch/user_scratch/szhang37/bam_split/pt5_pre__chr6_3751890_C_A__alt_RPGC.bed
pt5_pre	chr6:26285680:C:T	ref	2	/lustre_scratch/user_scratch/szhang37/bam_split/pt5_pre__chr6_26285680_C_T__ref.bam	/lustre_scratch/user_scratch/szhang37/bam_split/pt5_pre__chr6_26285680_C_T__ref_RPGC.bed
pt5_pre	chr6:26285680:C:T	alt	1	/lustre_scratch/user_scratch/szhang37/bam_split/pt5_pre__chr6_26285680_C_T__alt.bam	/lustre_scratch/user_scratch/szhang37/bam_split/pt5_pre__chr6_26285680_C_T__alt_RPGC.bed
pt5_pre	chr6:136822473:A:T	ref	1	/lustre_scratch/user_scratch/szhang37/bam_split/pt5_pre__chr6_136822473_A_T__ref.bam	/lustre_scratch/user_scratch/szhang37/bam_split/pt5_pre__chr6_136822473_A_T__ref_RPGC.bed
pt5_pre	chr7:47979760:G:C	alt	1	/lustre_scratch/user_scratch/szhang37/bam_split/pt5_pre__chr7_47979760_G_C__alt.bam	/lustre_scratch/user_scratch/szhang37/bam_split/pt5_pre__chr7_47979760_G_C__alt_RPGC.bed
pt5_pre	chr9:27529822:G:A	ref	2	/lustre_scratch/user_scratch/szhang37/bam_split/pt5_pre__chr9_27529822_G_A__ref.bam	/lustre_scratch/user_scratch/szhang37/bam_split/pt5_pre__chr9_27529822_G_A__ref_RPGC.bed
pt5_pre	chr9:69760025:C:A	alt	1	/lustre_scratch/user_scratch/szhang37/bam_split/pt5_pre__chr9_69760025_C_A__alt.bam	/lustre_scratch/user_scratch/szhang37/bam_split/pt5_pre__chr9_69760025_C_A__alt_RPGC.bed
pt5_pre	chr9:108934109:G:C	ref	1	/lustre_scratch/user_scratch/szhang37/bam_split/pt5_pre__chr9_108934109_G_C__ref.bam	/lustre_scratch/user_scratch/szhang37/bam_split/pt5_pre__chr9_108934109_G_C__ref_RPGC.bed
pt6_pre	chr1:241640356:A:G	alt	1	/lustre_scratch/user_scratch/szhang37/bam_split/pt6_pre__chr1_241640356_A_G__alt.bam	/lustre_scratch/user_scratch/szhang37/bam_split/pt6_pre__chr1_241640356_A_G__alt_RPGC.bed
pt6_pre	chr14:20989786:C:T	alt	1	/lustre_scratch/user_scratch/szhang37/bam_split/pt6_pre__chr14_20989786_C_T__alt.bam	/lustre_scratch/user_scratch/szhang37/bam_split/pt6_pre__chr14_20989786_C_T__alt_RPGC.bed
pt6_pre	chr14:105087055:G:A	alt	1	/lustre_scratch/user_scratch/szhang37/bam_split/pt6_pre__chr14_105087055_G_A__alt.bam	/lustre_scratch/user_scratch/szhang37/bam_split/pt6_pre__chr14_105087055_G_A__alt_RPGC.bed
pt6_pre	chr16:971096:C:T	ref	1	/lustre_scratch/user_scratch/szhang37/bam_split/pt6_pre__chr16_971096_C_T__ref.bam	/lustre_scratch/user_scratch/szhang37/bam_split/pt6_pre__chr16_971096_C_T__ref_RPGC.bed
pt6_pre	chr19:4247479:C:T	ref	3	/lustre_scratch/user_scratch/szhang37/bam_split/pt6_pre__chr19_4247479_C_T__ref.bam	/lustre_scratch/user_scratch/szhang37/bam_split/pt6_pre__chr19_4247479_C_T__ref_RPGC.bed
pt6_pre	chr19:57191519:T:C	ref	1	/lustre_scratch/user_scratch/szhang37/bam_split/pt6_pre__chr19_57191519_T_C__ref.bam	/lustre_scratch/user_scratch/szhang37/bam_split/pt6_pre__chr19_57191519_T_C__ref_RPGC.bed
pt6_pre	chr2:98508913:C:T	alt	1	/lustre_scratch/user_scratch/szhang37/bam_split/pt6_pre__chr2_98508913_C_T__alt.bam	/lustre_scratch/user_scratch/szhang37/bam_split/pt6_pre__chr2_98508913_C_T__alt_RPGC.bed
pt6_pre	chr5:149357846:G:C	ref	1	/lustre_scratch/user_scratch/szhang37/bam_split/pt6_pre__chr5_149357846_G_C__ref.bam	/lustre_scratch/user_scratch/szhang37/bam_split/pt6_pre__chr5_149357846_G_C__ref_RPGC.bed
pt6_pre	chr8:22599436:A:C	ref	1	/lustre_scratch/user_scratch/szhang37/bam_split/pt6_pre__chr8_22599436_A_C__ref.bam	/lustre_scratch/user_scratch/szhang37/bam_split/pt6_pre__chr8_22599436_A_C__ref_RPGC.bed
pt9_pre	chr1:228635616:A:C	ref	1	/lustre_scratch/user_scratch/szhang37/bam_split/pt9_pre__chr1_228635616_A_C__ref.bam	/lustre_scratch/user_scratch/szhang37/bam_split/pt9_pre__chr1_228635616_A_C__ref_RPGC.bed
pt9_pre	chr1:228635625:G:C	alt	1	/lustre_scratch/user_scratch/szhang37/bam_split/pt9_pre__chr1_228635625_G_C__alt.bam	/lustre_scratch/user_scratch/szhang37/bam_split/pt9_pre__chr1_228635625_G_C__alt_RPGC.bed
pt9_pre	chr1:241640356:A:G	alt	1	/lustre_scratch/user_scratch/szhang37/bam_split/pt9_pre__chr1_241640356_A_G__alt.bam	/lustre_scratch/user_scratch/szhang37/bam_split/pt9_pre__chr1_241640356_A_G__alt_RPGC.bed
pt9_pre	chr11:18012985:T:C	alt	1	/lustre_scratch/user_scratch/szhang37/bam_split/pt9_pre__chr11_18012985_T_C__alt.bam	/lustre_scratch/user_scratch/szhang37/bam_split/pt9_pre__chr11_18012985_T_C__alt_RPGC.bed
pt9_pre	chr11:18634515:G:C	ref	1	/lustre_scratch/user_scratch/szhang37/bam_split/pt9_pre__chr11_18634515_G_C__ref.bam	/lustre_scratch/user_scratch/szhang37/bam_split/pt9_pre__chr11_18634515_G_C__ref_RPGC.bed
pt9_pre	chr11:18634515:G:C	alt	1	/lustre_scratch/user_scratch/szhang37/bam_split/pt9_pre__chr11_18634515_G_C__alt.bam	/lustre_scratch/user_scratch/szhang37/bam_split/pt9_pre__chr11_18634515_G_C__alt_RPGC.bed
pt9_pre	chr11:33039223:T:C	alt	1	/lustre_scratch/user_scratch/szhang37/bam_split/pt9_pre__chr11_33039223_T_C__alt.bam	/lustre_scratch/user_scratch/szhang37/bam_split/pt9_pre__chr11_33039223_T_C__alt_RPGC.bed
pt9_pre	chr12:6470978:C:A	ref	2	/lustre_scratch/user_scratch/szhang37/bam_split/pt9_pre__chr12_6470978_C_A__ref.bam	/lustre_scratch/user_scratch/szhang37/bam_split/pt9_pre__chr12_6470978_C_A__ref_RPGC.bed
pt9_pre	chr12:9448192:A:T	alt	1	/lustre_scratch/user_scratch/szhang37/bam_split/pt9_pre__chr12_9448192_A_T__alt.bam	/lustre_scratch/user_scratch/szhang37/bam_split/pt9_pre__chr12_9448192_A_T__alt_RPGC.bed
pt9_pre	chr12:54560572:A:T	alt	1	/lustre_scratch/user_scratch/szhang37/bam_split/pt9_pre__chr12_54560572_A_T__alt.bam	/lustre_scratch/user_scratch/szhang37/bam_split/pt9_pre__chr12_54560572_A_T__alt_RPGC.bed
pt9_pre	chr14:105087055:G:A	alt	1	/lustre_scratch/user_scratch/szhang37/bam_split/pt9_pre__chr14_105087055_G_A__alt.bam	/lustre_scratch/user_scratch/szhang37/bam_split/pt9_pre__chr14_105087055_G_A__alt_RPGC.bed
pt9_pre	chr15:34969886:C:T	ref	1	/lustre_scratch/user_scratch/szhang37/bam_split/pt9_pre__chr15_34969886_C_T__ref.bam	/lustre_scratch/user_scratch/szhang37/bam_split/pt9_pre__chr15_34969886_C_T__ref_RPGC.bed
pt9_pre	chr15:34969886:C:T	alt	2	/lustre_scratch/user_scratch/szhang37/bam_split/pt9_pre__chr15_34969886_C_T__alt.bam	/lustre_scratch/user_scratch/szhang37/bam_split/pt9_pre__chr15_34969886_C_T__alt_RPGC.bed
pt9_pre	chr17:36189016:A:G	alt	1	/lustre_scratch/user_scratch/szhang37/bam_split/pt9_pre__chr17_36189016_A_G__alt.bam	/lustre_scratch/user_scratch/szhang37/bam_split/pt9_pre__chr17_36189016_A_G__alt_RPGC.bed
pt9_pre	chr17:36189143:C:G	ref	1	/lustre_scratch/user_scratch/szhang37/bam_split/pt9_pre__chr17_36189143_C_G__ref.bam	/lustre_scratch/user_scratch/szhang37/bam_split/pt9_pre__chr17_36189143_C_G__ref_RPGC.bed
pt9_pre	chr17:36189146:G:A	ref	1	/lustre_scratch/user_scratch/szhang37/bam_split/pt9_pre__chr17_36189146_G_A__ref.bam	/lustre_scratch/user_scratch/szhang37/bam_split/pt9_pre__chr17_36189146_G_A__ref_RPGC.bed
pt9_pre	chr17:36189169:C:G	ref	1	/lustre_scratch/user_scratch/szhang37/bam_split/pt9_pre__chr17_36189169_C_G__ref.bam	/lustre_scratch/user_scratch/szhang37/bam_split/pt9_pre__chr17_36189169_C_G__ref_RPGC.bed
pt9_pre	chr17:79074920:C:G	alt	1	/lustre_scratch/user_scratch/szhang37/bam_split/pt9_pre__chr17_79074920_C_G__alt.bam	/lustre_scratch/user_scratch/szhang37/bam_split/pt9_pre__chr17_79074920_C_G__alt_RPGC.bed
pt9_pre	chr2:98508913:C:T	ref	1	/lustre_scratch/user_scratch/szhang37/bam_split/pt9_pre__chr2_98508913_C_T__ref.bam	/lustre_scratch/user_scratch/szhang37/bam_split/pt9_pre__chr2_98508913_C_T__ref_RPGC.bed
pt9_pre	chr2:98508913:C:T	alt	1	/lustre_scratch/user_scratch/szhang37/bam_split/pt9_pre__chr2_98508913_C_T__alt.bam	/lustre_scratch/user_scratch/szhang37/bam_split/pt9_pre__chr2_98508913_C_T__alt_RPGC.bed
pt9_pre	chr2:112584474:G:T	ref	1	/lustre_scratch/user_scratch/szhang37/bam_split/pt9_pre__chr2_112584474_G_T__ref.bam	/lustre_scratch/user_scratch/szhang37/bam_split/pt9_pre__chr2_112584474_G_T__ref_RPGC.bed
pt9_pre	chr20:49046286:T:G	ref	2	/lustre_scratch/user_scratch/szhang37/bam_split/pt9_pre__chr20_49046286_T_G__ref.bam	/lustre_scratch/user_scratch/szhang37/bam_split/pt9_pre__chr20_49046286_T_G__ref_RPGC.bed
pt9_pre	chr20:59032394:C:A	ref	1	/lustre_scratch/user_scratch/szhang37/bam_split/pt9_pre__chr20_59032394_C_A__ref.bam	/lustre_scratch/user_scratch/szhang37/bam_split/pt9_pre__chr20_59032394_C_A__ref_RPGC.bed
pt9_pre	chr4:107720445:G:A	alt	1	/lustre_scratch/user_scratch/szhang37/bam_split/pt9_pre__chr4_107720445_G_A__alt.bam	/lustre_scratch/user_scratch/szhang37/bam_split/pt9_pre__chr4_107720445_G_A__alt_RPGC.bed
pt9_pre	chr5:176537482:A:G	ref	3	/lustre_scratch/user_scratch/szhang37/bam_split/pt9_pre__chr5_176537482_A_G__ref.bam	/lustre_scratch/user_scratch/szhang37/bam_split/pt9_pre__chr5_176537482_A_G__ref_RPGC.bed
pt9_pre	chr5:176537482:A:G	alt	1	/lustre_scratch/user_scratch/szhang37/bam_split/pt9_pre__chr5_176537482_A_G__alt.bam	/lustre_scratch/user_scratch/szhang37/bam_split/pt9_pre__chr5_176537482_A_G__alt_RPGC.bed
pt9_pre	chr6:118935183:T:C	ref	1	/lustre_scratch/user_scratch/szhang37/bam_split/pt9_pre__chr6_118935183_T_C__ref.bam	/lustre_scratch/user_scratch/szhang37/bam_split/pt9_pre__chr6_118935183_T_C__ref_RPGC.bed
pt9_pre	chr7:25180369:C:G	alt	2	/lustre_scratch/user_scratch/szhang37/bam_split/pt9_pre__chr7_25180369_C_G__alt.bam	/lustre_scratch/user_scratch/szhang37/bam_split/pt9_pre__chr7_25180369_C_G__alt_RPGC.bed
pt9_pre	chr9:6703997:C:A	ref	1	/lustre_scratch/user_scratch/szhang37/bam_split/pt9_pre__chr9_6703997_C_A__ref.bam	/lustre_scratch/user_scratch/szhang37/bam_split/pt9_pre__chr9_6703997_C_A__ref_RPGC.bed
