	mean	var	dispersion	gene	proba	pred
0	2.6710938010634977	0.18703811098361706	0.07002304108869098	PPIAL4C	0.26961792	False
1	2.6710938010634977	0.18703811098361706	0.07002304108869098	LINC00869	0.26961792	False
2	2.6710938010634977	0.18703811098361706	0.07002304108869098	FCGR1A	0.26961792	False
3	2.6710938010634977	0.18703811098361706	0.07002304108869098	HIST2H2BF	0.26961792	False
4	2.6710938010634977	0.18703811098361706	0.07002304108869098	HIST2H3D	0.26961792	False
5	2.6710938010634977	0.18703811098361706	0.07002304108869098	HIST2H2BE	0.26961792	False
6	2.6710938010634977	0.18703811098361706	0.07002304108869098	HIST2H2AC	0.26961792	False
7	2.6710938010634977	0.18703811098361706	0.07002304108869098	HIST2H2AB	0.26961792	False
8	3.1010670383149814	0.2844150671888504	0.0917152269443979	BOLA1	0.26961875	False
9	3.1010670383149814	0.2844150671888504	0.0917152269443979	SV2A	0.26961875	False
10	3.1010670383149814	0.2844150671888504	0.0917152269443979	SF3B4	0.26961875	False
11	3.1010670383149814	0.2844150671888504	0.0917152269443979	MTMR11	0.26961875	False
12	3.1010670383149814	0.2844150671888504	0.0917152269443979	OTUD7B	0.26961875	False
13	3.1010670383149814	0.2844150671888504	0.0917152269443979	VPS45	0.26961875	False
14	3.6922698989640454	0.5072161088219613	0.13737243557527387	PLEKHO1	0.2696213	False
15	3.6922698989640454	0.5072161088219613	0.13737243557527387	LOC105371433	0.2696213	False
16	3.6922698989640454	0.5072161088219613	0.13737243557527387	ANP32E	0.2696213	False
17	3.6922698989640454	0.5072161088219613	0.13737243557527387	CA14	0.2696213	False
18	3.6922698989640454	0.5072161088219613	0.13737243557527387	APH1A	0.2696213	False
19	3.6922698989640454	0.5072161088219613	0.13737243557527387	C1orf54	0.2696213	False
20	3.6922698989640454	0.5072161088219613	0.13737243557527387	CIART	0.2696213	False
21	3.6922698989640454	0.5072161088219613	0.13737243557527387	MRPS21	0.2696213	False
22	3.6922698989640454	0.5072161088219613	0.13737243557527387	PRPF3	0.2696213	False
23	3.6922698989640454	0.5072161088219613	0.13737243557527387	RPRD2	0.2696213	False
24	3.6922698989640454	0.5072161088219613	0.13737243557527387	TARS2	0.2696213	False
25	3.6922698989640454	0.5072161088219613	0.13737243557527387	ECM1	0.2696213	False
26	3.6922698989640454	0.5072161088219613	0.13737243557527387	FALEC	0.2696213	False
27	3.6922698989640454	0.5072161088219613	0.13737243557527387	ADAMTSL4	0.2696213	False
28	3.6922698989640454	0.5072161088219613	0.13737243557527387	MIR4257	0.2696213	False
29	3.6922698989640454	0.5072161088219613	0.13737243557527387	ADAMTSL4-AS1	0.2696213	False
30	3.6922698989640454	0.5072161088219613	0.13737243557527387	MCL1	0.2696213	False
31	3.6922698989640454	0.5072161088219613	0.13737243557527387	ENSA	0.2696213	False
32	3.6922698989640454	0.5072161088219613	0.13737243557527387	GOLPH3L	0.2696213	False
33	3.6922698989640454	0.5072161088219613	0.13737243557527387	HORMAD1	0.2696213	False
34	3.6922698989640454	0.5072161088219613	0.13737243557527387	CTSS	0.2696213	False
35	3.6922698989640454	0.5072161088219613	0.13737243557527387	CTSK	0.2696213	False
36	3.6922698989640454	0.5072161088219613	0.13737243557527387	ARNT	0.2696213	False
37	3.933363489087336	0.6098141209690537	0.15503629976250932	SETDB1	0.26962292	False
38	3.933363489087336	0.6098141209690537	0.15503629976250932	CERS2	0.26962292	False
39	3.933363489087336	0.6098141209690537	0.15503629976250932	ANXA9	0.26962292	False
40	3.933363489087336	0.6098141209690537	0.15503629976250932	MINDY1	0.26962292	False
41	3.933363489087336	0.6098141209690537	0.15503629976250932	PRUNE1	0.26962292	False
42	3.933363489087336	0.6098141209690537	0.15503629976250932	BNIPL	0.26962292	False
43	3.933363489087336	0.6098141209690537	0.15503629976250932	C1orf56	0.26962292	False
44	3.933363489087336	0.6098141209690537	0.15503629976250932	CDC42SE1	0.26962292	False
45	3.933363489087336	0.6098141209690537	0.15503629976250932	MLLT11	0.26962292	False
46	3.933363489087336	0.6098141209690537	0.15503629976250932	GABPB2	0.26962292	False
47	4.478457073471669	1.0005425120563751	0.22341232608505532	SEMA6C	0.2696282	False
48	4.478457073471669	1.0005425120563751	0.22341232608505532	TNFAIP8L2	0.2696282	False
49	4.478457073471669	1.0005425120563751	0.22341232608505532	TNFAIP8L2-SCNM1	0.2696282	False
50	4.478457073471669	1.0005425120563751	0.22341232608505532	LYSMD1	0.2696282	False
51	4.478457073471669	1.0005425120563751	0.22341232608505532	SCNM1	0.2696282	False
52	4.478457073471669	1.0005425120563751	0.22341232608505532	TMOD4	0.2696282	False
53	4.478457073471669	1.0005425120563751	0.22341232608505532	VPS72	0.2696282	False
54	4.478457073471669	1.0005425120563751	0.22341232608505532	PIP5K1A	0.2696282	False
55	4.478457073471669	1.0005425120563751	0.22341232608505532	PSMD4	0.2696282	False
56	4.478457073471669	1.0005425120563751	0.22341232608505532	ZNF687	0.2696282	False
57	4.478457073471669	1.0005425120563751	0.22341232608505532	PI4KB	0.2696282	False
58	4.478457073471669	1.0005425120563751	0.22341232608505532	RFX5	0.2696282	False
59	4.478457073471669	1.0005425120563751	0.22341232608505532	GBAT2	0.2696282	False
60	4.478457073471669	1.0005425120563751	0.22341232608505532	SELENBP1	0.2696282	False
61	4.478457073471669	1.0005425120563751	0.22341232608505532	PSMB4	0.2696282	False
62	4.478457073471669	1.0005425120563751	0.22341232608505532	POGZ	0.2696282	False
63	4.478457073471669	1.0005425120563751	0.22341232608505532	CGN	0.2696282	False
64	4.478457073471669	1.0005425120563751	0.22341232608505532	TUFT1	0.2696282	False
65	4.478457073471669	1.0005425120563751	0.22341232608505532	MIR554	0.2696282	False
66	4.478457073471669	1.0005425120563751	0.22341232608505532	SNX27	0.2696282	False
67	4.478457073471669	1.0005425120563751	0.22341232608505532	CELF3	0.2696282	False
68	4.478457073471669	1.0005425120563751	0.22341232608505532	RIIAD1	0.2696282	False
69	4.478457073471669	1.0005425120563751	0.22341232608505532	MRPL9	0.2696282	False
70	4.478457073471669	1.0005425120563751	0.22341232608505532	OAZ3	0.2696282	False
71	4.478457073471669	1.0005425120563751	0.22341232608505532	TDRKH	0.2696282	False
72	4.478457073471669	1.0005425120563751	0.22341232608505532	LINGO4	0.2696282	False
73	4.478457073471669	1.0005425120563751	0.22341232608505532	RORC	0.2696282	False
74	4.478457073471669	1.0005425120563751	0.22341232608505532	C2CD4D	0.2696282	False
75	4.478457073471669	1.0005425120563751	0.22341232608505532	C2CD4D-AS1	0.2696282	False
76	4.478457073471669	1.0005425120563751	0.22341232608505532	THEM5	0.2696282	False
77	4.413278707293041	0.9512662723000433	0.21554638521425232	THEM4	0.2696279	False
78	4.413278707293041	0.9512662723000433	0.21554638521425232	S100A10	0.2696279	False
79	4.413278707293041	0.9512662723000433	0.21554638521425232	NBPF18P	0.2696279	False
80	4.413278707293041	0.9512662723000433	0.21554638521425232	S100A11	0.2696279	False
81	4.413278707293041	0.9512662723000433	0.21554638521425232	TCHHL1	0.2696279	False
82	4.488364947613013	1.1065621996521278	0.24654015717697286	TCHH	0.2696298	False
83	4.488364947613013	1.1065621996521278	0.24654015717697286	RPTN	0.2696298	False
84	4.488364947613013	1.1065621996521278	0.24654015717697286	FLG-AS1	0.2696298	False
85	4.488364947613013	1.1065621996521278	0.24654015717697286	HRNR	0.2696298	False
86	4.488364947613013	1.1065621996521278	0.24654015717697286	FLG	0.2696298	False
87	4.488364947613013	1.1065621996521278	0.24654015717697286	FLG2	0.2696298	False
88	4.488364947613013	1.1065621996521278	0.24654015717697286	CRNN	0.2696298	False
89	4.488364947613013	1.1065621996521278	0.24654015717697286	LCE5A	0.2696298	False
90	4.488364947613013	1.1065621996521278	0.24654015717697286	CRCT1	0.2696298	False
91	4.488364947613013	1.1065621996521278	0.24654015717697286	LCE3E	0.2696298	False
92	4.488364947613013	1.1065621996521278	0.24654015717697286	LCE3D	0.2696298	False
93	4.488364947613013	1.1065621996521278	0.24654015717697286	LCE3C	0.2696298	False
94	4.488364947613013	1.1065621996521278	0.24654015717697286	LCE3B	0.2696298	False
95	4.488364947613013	1.1065621996521278	0.24654015717697286	LCE3A	0.2696298	False
96	4.488364947613013	1.1065621996521278	0.24654015717697286	LCE2D	0.2696298	False
97	4.488364947613013	1.1065621996521278	0.24654015717697286	LCE2C	0.2696298	False
98	4.488364947613013	1.1065621996521278	0.24654015717697286	LCE2B	0.2696298	False
99	4.488364947613013	1.1065621996521278	0.24654015717697286	LCE2A	0.2696298	False
100	4.488364947613013	1.1065621996521278	0.24654015717697286	LCE4A	0.2696298	False
101	4.488364947613013	1.1065621996521278	0.24654015717697286	C1orf68	0.2696298	False
102	4.488364947613013	1.1065621996521278	0.24654015717697286	LCE1F	0.2696298	False
103	4.488364947613013	1.1065621996521278	0.24654015717697286	LCE1E	0.2696298	False
104	4.488364947613013	1.1065621996521278	0.24654015717697286	LCE1D	0.2696298	False
105	4.488364947613013	1.1065621996521278	0.24654015717697286	LCE1C	0.2696298	False
106	4.488364947613013	1.1065621996521278	0.24654015717697286	LCE1B	0.2696298	False
107	4.488364947613013	1.1065621996521278	0.24654015717697286	LCE1A	0.2696298	False
108	4.488364947613013	1.1065621996521278	0.24654015717697286	LCE6A	0.2696298	False
109	4.488364947613013	1.1065621996521278	0.24654015717697286	SMCP	0.2696298	False
110	4.746928234558338	1.3254893681294488	0.27923096845654644	IVL	0.26963317	False
111	4.746928234558338	1.3254893681294488	0.27923096845654644	SPRR4	0.26963317	False
112	4.746928234558338	1.3254893681294488	0.27923096845654644	SPRR3	0.26963317	False
113	4.746928234558338	1.3254893681294488	0.27923096845654644	SPRR1B	0.26963317	False
114	4.746928234558338	1.3254893681294488	0.27923096845654644	SPRR2D	0.26963317	False
115	4.746928234558338	1.3254893681294488	0.27923096845654644	SPRR2A	0.26963317	False
116	4.746928234558338	1.3254893681294488	0.27923096845654644	SPRR2E	0.26963317	False
117	4.837638102318416	1.6246379449480137	0.3358328817877909	SPRR2F	0.2696375	False
118	4.837638102318416	1.6246379449480137	0.3358328817877909	SPRR2G	0.2696375	False
119	4.837638102318416	1.6246379449480137	0.3358328817877909	LOC101928009	0.2696375	False
120	4.837638102318416	1.6246379449480137	0.3358328817877909	LELP1	0.2696375	False
121	4.837638102318416	1.6246379449480137	0.3358328817877909	PRR9	0.2696375	False
122	4.837638102318416	1.6246379449480137	0.3358328817877909	LOR	0.2696375	False
123	4.837638102318416	1.6246379449480137	0.3358328817877909	PGLYRP3	0.2696375	False
124	4.837638102318416	1.6246379449480137	0.3358328817877909	PGLYRP4	0.2696375	False
125	4.837638102318416	1.6246379449480137	0.3358328817877909	S100A9	0.2696375	False
126	4.837638102318416	1.6246379449480137	0.3358328817877909	S100A12	0.2696375	False
127	4.837638102318416	1.6246379449480137	0.3358328817877909	S100A8	0.2696375	False
128	4.837638102318416	1.6246379449480137	0.3358328817877909	S100A7A	0.2696375	False
129	4.837638102318416	1.6246379449480137	0.3358328817877909	S100A7L2	0.2696375	False
130	4.837638102318416	1.6246379449480137	0.3358328817877909	S100A7	0.2696375	False
131	4.837638102318416	1.6246379449480137	0.3358328817877909	S100A6	0.2696375	False
132	4.837638102318416	1.6246379449480137	0.3358328817877909	S100A5	0.2696375	False
133	4.837638102318416	1.6246379449480137	0.3358328817877909	S100A4	0.2696375	False
134	4.837638102318416	1.6246379449480137	0.3358328817877909	S100A3	0.2696375	False
135	4.837638102318416	1.6246379449480137	0.3358328817877909	S100A2	0.2696375	False
136	4.837638102318416	1.6246379449480137	0.3358328817877909	S100A16	0.2696375	False
137	4.837638102318416	1.6246379449480137	0.3358328817877909	S100A14	0.2696375	False
138	4.837638102318416	1.6246379449480137	0.3358328817877909	S100A13	0.2696375	False
139	4.837638102318416	1.6246379449480137	0.3358328817877909	S100A1	0.2696375	False
140	4.837638102318416	1.6246379449480137	0.3358328817877909	CHTOP	0.2696375	False
141	4.837638102318416	1.6246379449480137	0.3358328817877909	SNAPIN	0.2696375	False
142	4.837638102318416	1.6246379449480137	0.3358328817877909	ILF2	0.2696375	False
143	4.837638102318416	1.6246379449480137	0.3358328817877909	NPR1	0.2696375	False
144	4.837638102318416	1.6246379449480137	0.3358328817877909	MIR8083	0.2696375	False
145	4.837638102318416	1.6246379449480137	0.3358328817877909	INTS3	0.2696375	False
146	4.837638102318416	1.6246379449480137	0.3358328817877909	SLC27A3	0.2696375	False
147	5.018555812974202	1.780554488061977	0.3547941986534862	GATAD2B	0.2696405	False
148	5.018555812974202	1.780554488061977	0.3547941986534862	DENND4B	0.2696405	False
149	5.018555812974202	1.780554488061977	0.3547941986534862	CRTC2	0.2696405	False
150	5.018555812974202	1.780554488061977	0.3547941986534862	SLC39A1	0.2696405	False
151	5.018555812974202	1.780554488061977	0.3547941986534862	MIR6737	0.2696405	False
152	5.018555812974202	1.780554488061977	0.3547941986534862	CREB3L4	0.2696405	False
153	5.018555812974202	1.780554488061977	0.3547941986534862	JTB	0.2696405	False
154	5.018555812974202	1.780554488061977	0.3547941986534862	RAB13	0.2696405	False
155	5.018555812974202	1.780554488061977	0.3547941986534862	RPS27	0.2696405	False
156	5.018555812974202	1.780554488061977	0.3547941986534862	NUP210L	0.2696405	False
157	5.130018372921669	1.9550227555685968	0.3810946888393236	MIR5698	0.26964313	False
158	5.130018372921669	1.9550227555685968	0.3810946888393236	TPM3	0.26964313	False
159	5.130018372921669	1.9550227555685968	0.3810946888393236	MIR190B	0.26964313	False
160	5.130018372921669	1.9550227555685968	0.3810946888393236	C1orf189	0.26964313	False
161	5.130018372921669	1.9550227555685968	0.3810946888393236	C1orf43	0.26964313	False
162	5.130018372921669	1.9550227555685968	0.3810946888393236	UBAP2L	0.26964313	False
163	5.130018372921669	1.9550227555685968	0.3810946888393236	HAX1	0.26964313	False
164	5.130018372921669	1.9550227555685968	0.3810946888393236	AQP10	0.26964313	False
165	5.130018372921669	1.9550227555685968	0.3810946888393236	ATP8B2	0.26964313	False
166	5.130018372921669	1.9550227555685968	0.3810946888393236	IL6R	0.26964313	False
167	5.130018372921669	1.9550227555685968	0.3810946888393236	SHE	0.26964313	False
168	5.130018372921669	1.9550227555685968	0.3810946888393236	TDRD10	0.26964313	False
169	5.130018372921669	1.9550227555685968	0.3810946888393236	UBE2Q1	0.26964313	False
170	5.130018372921669	1.9550227555685968	0.3810946888393236	UBE2Q1-AS1	0.26964313	False
171	5.130018372921669	1.9550227555685968	0.3810946888393236	CHRNB2	0.26964313	False
172	5.130018372921669	1.9550227555685968	0.3810946888393236	ADAR	0.26964313	False
173	5.130018372921669	1.9550227555685968	0.3810946888393236	KCNN3	0.26964313	False
174	5.170793070285741	1.9751023854852285	0.38197281512487274	PMVK	0.2696439	False
175	5.170793070285741	1.9751023854852285	0.38197281512487274	PBXIP1	0.2696439	False
176	5.170793070285741	1.9751023854852285	0.38197281512487274	PYGO2	0.2696439	False
177	5.170793070285741	1.9751023854852285	0.38197281512487274	SHC1	0.2696439	False
178	5.170793070285741	1.9751023854852285	0.38197281512487274	CKS1B	0.2696439	False
179	5.170793070285741	1.9751023854852285	0.38197281512487274	MIR4258	0.2696439	False
180	5.170793070285741	1.9751023854852285	0.38197281512487274	FLAD1	0.2696439	False
181	5.170793070285741	1.9751023854852285	0.38197281512487274	LENEP	0.2696439	False
182	5.170793070285741	1.9751023854852285	0.38197281512487274	ZBTB7B	0.2696439	False
183	5.170793070285741	1.9751023854852285	0.38197281512487274	DCST2	0.2696439	False
184	5.170793070285741	1.9751023854852285	0.38197281512487274	DCST1	0.2696439	False
185	5.170793070285741	1.9751023854852285	0.38197281512487274	DCST1-AS1	0.2696439	False
186	5.170793070285741	1.9751023854852285	0.38197281512487274	ADAM15	0.2696439	False
187	5.170793070285741	1.9751023854852285	0.38197281512487274	EFNA4	0.2696439	False
188	5.170793070285741	1.9751023854852285	0.38197281512487274	EFNA3	0.2696439	False
189	5.481313644904654	2.3853891464818986	0.43518566916879864	EFNA1	0.2696514	False
190	5.481313644904654	2.3853891464818986	0.43518566916879864	SLC50A1	0.2696514	False
191	5.481313644904654	2.3853891464818986	0.43518566916879864	DPM3	0.2696514	False
192	5.481313644904654	2.3853891464818986	0.43518566916879864	KRTCAP2	0.2696514	False
193	5.481313644904654	2.3853891464818986	0.43518566916879864	TRIM46	0.2696514	False
194	5.481313644904654	2.3853891464818986	0.43518566916879864	MUC1	0.2696514	False
195	5.481313644904654	2.3853891464818986	0.43518566916879864	MIR92B	0.2696514	False
196	5.481313644904654	2.3853891464818986	0.43518566916879864	THBS3	0.2696514	False
197	5.481313644904654	2.3853891464818986	0.43518566916879864	MTX1	0.2696514	False
198	5.481313644904654	2.3853891464818986	0.43518566916879864	GBA	0.2696514	False
199	5.481313644904654	2.3853891464818986	0.43518566916879864	FAM189B	0.2696514	False
200	5.481313644904654	2.3853891464818986	0.43518566916879864	SCAMP3	0.2696514	False
201	5.481313644904654	2.3853891464818986	0.43518566916879864	CLK2	0.2696514	False
202	5.481313644904654	2.3853891464818986	0.43518566916879864	HCN3	0.2696514	False
203	5.481313644904654	2.3853891464818986	0.43518566916879864	PKLR	0.2696514	False
204	5.481313644904654	2.3853891464818986	0.43518566916879864	FDPS	0.2696514	False
205	5.481313644904654	2.3853891464818986	0.43518566916879864	RUSC1-AS1	0.2696514	False
206	5.481313644904654	2.3853891464818986	0.43518566916879864	RUSC1	0.2696514	False
207	5.481313644904654	2.3853891464818986	0.43518566916879864	ASH1L	0.2696514	False
208	5.481313644904654	2.3853891464818986	0.43518566916879864	MIR555	0.2696514	False
209	5.481313644904654	2.3853891464818986	0.43518566916879864	MSTO2P	0.2696514	False
210	5.481313644904654	2.3853891464818986	0.43518566916879864	MSTO1	0.2696514	False
211	5.481313644904654	2.3853891464818986	0.43518566916879864	YY1AP1	0.2696514	False
212	5.481313644904654	2.3853891464818986	0.43518566916879864	DAP3	0.2696514	False
213	5.481313644904654	2.3853891464818986	0.43518566916879864	GON4L	0.2696514	False
214	5.481313644904654	2.3853891464818986	0.43518566916879864	SYT11	0.2696514	False
215	5.1428482015957515	1.9011714138150466	0.3696728620582541	RIT1	0.26964268	False
216	5.1428482015957515	1.9011714138150466	0.3696728620582541	KHDC4	0.26964268	False
217	5.1428482015957515	1.9011714138150466	0.3696728620582541	SNORA80E	0.26964268	False
218	5.1428482015957515	1.9011714138150466	0.3696728620582541	SCARNA4	0.26964268	False
219	5.1428482015957515	1.9011714138150466	0.3696728620582541	RXFP4	0.26964268	False
220	5.1428482015957515	1.9011714138150466	0.3696728620582541	ARHGEF2	0.26964268	False
221	5.1428482015957515	1.9011714138150466	0.3696728620582541	MIR6738	0.26964268	False
222	5.1428482015957515	1.9011714138150466	0.3696728620582541	SSR2	0.26964268	False
223	5.1428482015957515	1.9011714138150466	0.3696728620582541	UBQLN4	0.26964268	False
224	5.1428482015957515	1.9011714138150466	0.3696728620582541	LAMTOR2	0.26964268	False
225	5.1428482015957515	1.9011714138150466	0.3696728620582541	RAB25	0.26964268	False
226	5.1428482015957515	1.9011714138150466	0.3696728620582541	MEX3A	0.26964268	False
227	5.1428482015957515	1.9011714138150466	0.3696728620582541	LMNA	0.26964268	False
228	5.023041801556199	1.8060259375150933	0.3595482595736242	SEMA4A	0.26964065	False
229	5.023041801556199	1.8060259375150933	0.3595482595736242	SLC25A44	0.26964065	False
230	5.023041801556199	1.8060259375150933	0.3595482595736242	PMF1-BGLAP	0.26964065	False
231	5.023041801556199	1.8060259375150933	0.3595482595736242	PMF1	0.26964065	False
232	5.023041801556199	1.8060259375150933	0.3595482595736242	BGLAP	0.26964065	False
233	5.023041801556199	1.8060259375150933	0.3595482595736242	PAQR6	0.26964065	False
234	5.023041801556199	1.8060259375150933	0.3595482595736242	SMG5	0.26964065	False
235	5.023041801556199	1.8060259375150933	0.3595482595736242	TMEM79	0.26964065	False
236	5.023041801556199	1.8060259375150933	0.3595482595736242	GLMP	0.26964065	False
237	5.023041801556199	1.8060259375150933	0.3595482595736242	VHLL	0.26964065	False
238	5.023041801556199	1.8060259375150933	0.3595482595736242	CCT3	0.26964065	False
239	5.023041801556199	1.8060259375150933	0.3595482595736242	TSACC	0.26964065	False
240	5.023041801556199	1.8060259375150933	0.3595482595736242	RHBG	0.26964065	False
241	5.023041801556199	1.8060259375150933	0.3595482595736242	C1orf61	0.26964065	False
242	5.023041801556199	1.8060259375150933	0.3595482595736242	MEF2D	0.26964065	False
243	5.023041801556199	1.8060259375150933	0.3595482595736242	IQGAP3	0.26964065	False
244	5.023041801556199	1.8060259375150933	0.3595482595736242	TTC24	0.26964065	False
245	5.023041801556199	1.8060259375150933	0.3595482595736242	NAXE	0.26964065	False
246	5.023041801556199	1.8060259375150933	0.3595482595736242	GPATCH4	0.26964065	False
247	5.023041801556199	1.8060259375150933	0.3595482595736242	HAPLN2	0.26964065	False
248	5.023041801556199	1.8060259375150933	0.3595482595736242	BCAN	0.26964065	False
249	5.023041801556199	1.8060259375150933	0.3595482595736242	NES	0.26964065	False
250	5.023041801556199	1.8060259375150933	0.3595482595736242	CRABP2	0.26964065	False
251	5.023041801556199	1.8060259375150933	0.3595482595736242	ISG20L2	0.26964065	False
252	5.023041801556199	1.8060259375150933	0.3595482595736242	RRNAD1	0.26964065	False
253	5.023041801556199	1.8060259375150933	0.3595482595736242	MRPL24	0.26964065	False
254	5.023041801556199	1.8060259375150933	0.3595482595736242	HDGF	0.26964065	False
255	5.023041801556199	1.8060259375150933	0.3595482595736242	PRCC	0.26964065	False
256	5.023041801556199	1.8060259375150933	0.3595482595736242	SH2D2A	0.26964065	False
257	5.023041801556199	1.8060259375150933	0.3595482595736242	NTRK1	0.26964065	False
258	5.023041801556199	1.8060259375150933	0.3595482595736242	INSRR	0.26964065	False
259	4.448636703005084	1.1750256835033726	0.26413163446447196	PEAR1	0.26963052	False
260	4.448636703005084	1.1750256835033726	0.26413163446447196	LRRC71	0.26963052	False
261	4.448636703005084	1.1750256835033726	0.26413163446447196	ARHGEF11	0.26963052	False
262	4.448636703005084	1.1750256835033726	0.26413163446447196	MIR765	0.26963052	False
263	4.448636703005084	1.1750256835033726	0.26413163446447196	ETV3L	0.26963052	False
264	4.087918701367728	0.8748471451321324	0.214007960784403	ETV3	0.26962608	False
265	4.087918701367728	0.8748471451321324	0.214007960784403	FCRL5	0.26962608	False
266	4.087918701367728	0.8748471451321324	0.214007960784403	FCRL4	0.26962608	False
267	4.087918701367728	0.8748471451321324	0.214007960784403	FCRL3	0.26962608	False
268	4.087918701367728	0.8748471451321324	0.214007960784403	FCRL2	0.26962608	False
269	4.087918701367728	0.8748471451321324	0.214007960784403	FCRL1	0.26962608	False
270	4.087918701367728	0.8748471451321324	0.214007960784403	CD5L	0.26962608	False
271	3.8957894544650014	0.6596203159068387	0.1693162127000579	KIRREL1	0.26962352	False
272	3.44097902789242	0.4425133152119066	0.12860099164363217	LINC01704	0.26962036	False
273	3.44097902789242	0.4425133152119066	0.12860099164363217	CD1D	0.26962036	False
274	3.44097902789242	0.4425133152119066	0.12860099164363217	CD1A	0.26962036	False
275	3.44097902789242	0.4425133152119066	0.12860099164363217	CD1C	0.26962036	False
276	3.44097902789242	0.4425133152119066	0.12860099164363217	CD1B	0.26962036	False
277	3.44097902789242	0.4425133152119066	0.12860099164363217	CD1E	0.26962036	False
278	3.44097902789242	0.4425133152119066	0.12860099164363217	OR10T2	0.26962036	False
279	3.44097902789242	0.4425133152119066	0.12860099164363217	OR10K2	0.26962036	False
280	3.44097902789242	0.4425133152119066	0.12860099164363217	OR10K1	0.26962036	False
281	3.44097902789242	0.4425133152119066	0.12860099164363217	OR10R2	0.26962036	False
282	3.44097902789242	0.4425133152119066	0.12860099164363217	OR6Y1	0.26962036	False
283	3.44097902789242	0.4425133152119066	0.12860099164363217	OR6P1	0.26962036	False
284	3.44097902789242	0.4425133152119066	0.12860099164363217	OR10X1	0.26962036	False
285	3.44097902789242	0.4425133152119066	0.12860099164363217	OR10Z1	0.26962036	False
286	3.44097902789242	0.4425133152119066	0.12860099164363217	SPTA1	0.26962036	False
287	3.44097902789242	0.4425133152119066	0.12860099164363217	OR6K2	0.26962036	False
288	3.44097902789242	0.4425133152119066	0.12860099164363217	OR6K3	0.26962036	False
289	3.44097902789242	0.4425133152119066	0.12860099164363217	OR6K6	0.26962036	False
290	3.44097902789242	0.4425133152119066	0.12860099164363217	OR6N1	0.26962036	False
291	3.44097902789242	0.4425133152119066	0.12860099164363217	OR6N2	0.26962036	False
292	3.44097902789242	0.4425133152119066	0.12860099164363217	MNDA	0.26962036	False
293	3.7084889235693983	0.4868892206802857	0.13129046107859416	PYHIN1	0.26962128	False
294	3.7084889235693983	0.4868892206802857	0.13129046107859416	IFI16	0.26962128	False
295	3.7084889235693983	0.4868892206802857	0.13129046107859416	AIM2	0.26962128	False
296	3.582351372654164	0.49467955611288145	0.1380879496883002	CADM3	0.26962098	False
297	3.582351372654164	0.49467955611288145	0.1380879496883002	CADM3-AS1	0.26962098	False
298	3.582351372654164	0.49467955611288145	0.1380879496883002	ACKR1	0.26962098	False
299	3.582351372654164	0.49467955611288145	0.1380879496883002	FCER1A	0.26962098	False
300	3.582351372654164	0.49467955611288145	0.1380879496883002	OR10J3	0.26962098	False
301	3.582351372654164	0.49467955611288145	0.1380879496883002	OR10J1	0.26962098	False
302	3.582351372654164	0.49467955611288145	0.1380879496883002	OR10J5	0.26962098	False
303	3.582351372654164	0.49467955611288145	0.1380879496883002	APCS	0.26962098	False
304	3.582351372654164	0.49467955611288145	0.1380879496883002	CRP	0.26962098	False
305	3.582351372654164	0.49467955611288145	0.1380879496883002	DUSP23	0.26962098	False
306	3.582351372654164	0.49467955611288145	0.1380879496883002	FCRL6	0.26962098	False
307	3.582351372654164	0.49467955611288145	0.1380879496883002	SLAMF8	0.26962098	False
308	3.582351372654164	0.49467955611288145	0.1380879496883002	SNHG28	0.26962098	False
309	3.582351372654164	0.49467955611288145	0.1380879496883002	VSIG8	0.26962098	False
310	3.7745916068614416	0.526567607303558	0.13950319985514856	CFAP45	0.26962173	False
311	3.7745916068614416	0.526567607303558	0.13950319985514856	MIR4259	0.26962173	False
312	3.7745916068614416	0.526567607303558	0.13950319985514856	TAGLN2	0.26962173	False
313	3.7745916068614416	0.526567607303558	0.13950319985514856	IGSF9	0.26962173	False
314	3.7745916068614416	0.526567607303558	0.13950319985514856	SLAMF9	0.26962173	False
315	3.7745916068614416	0.526567607303558	0.13950319985514856	LINC01133	0.26962173	False
316	3.7745916068614416	0.526567607303558	0.13950319985514856	PIGM	0.26962173	False
317	3.7745916068614416	0.526567607303558	0.13950319985514856	KCNJ10	0.26962173	False
318	3.7745916068614416	0.526567607303558	0.13950319985514856	KCNJ9	0.26962173	False
319	3.7745916068614416	0.526567607303558	0.13950319985514856	IGSF8	0.26962173	False
320	4.126697598909132	0.6922001317458643	0.16773706217989978	ATP1A2	0.26962408	False
321	4.126697598909132	0.6922001317458643	0.16773706217989978	ATP1A4	0.26962408	False
322	4.126697598909132	0.6922001317458643	0.16773706217989978	CASQ1	0.26962408	False
323	4.126697598909132	0.6922001317458643	0.16773706217989978	LOC729867	0.26962408	False
324	4.126697598909132	0.6922001317458643	0.16773706217989978	PEA15	0.26962408	False
325	4.126697598909132	0.6922001317458643	0.16773706217989978	DCAF8	0.26962408	False
326	4.126697598909132	0.6922001317458643	0.16773706217989978	PEX19	0.26962408	False
327	4.126697598909132	0.6922001317458643	0.16773706217989978	COPA	0.26962408	False
328	4.126697598909132	0.6922001317458643	0.16773706217989978	NCSTN	0.26962408	False
329	4.126697598909132	0.6922001317458643	0.16773706217989978	NHLH1	0.26962408	False
330	4.126697598909132	0.6922001317458643	0.16773706217989978	VANGL2	0.26962408	False
331	4.126697598909132	0.6922001317458643	0.16773706217989978	SLAMF6	0.26962408	False
332	4.126697598909132	0.6922001317458643	0.16773706217989978	CD84	0.26962408	False
333	4.126697598909132	0.6922001317458643	0.16773706217989978	SLAMF1	0.26962408	False
334	4.126697598909132	0.6922001317458643	0.16773706217989978	CD48	0.26962408	False
335	4.126697598909132	0.6922001317458643	0.16773706217989978	SLAMF7	0.26962408	False
336	4.126697598909132	0.6922001317458643	0.16773706217989978	LY9	0.26962408	False
337	4.126697598909132	0.6922001317458643	0.16773706217989978	CD244	0.26962408	False
338	4.126697598909132	0.6922001317458643	0.16773706217989978	ITLN1	0.26962408	False
339	4.083600464286489	0.6694905701645675	0.16394614899759663	LOC101928372	0.2696238	False
340	4.083600464286489	0.6694905701645675	0.16394614899759663	ITLN2	0.2696238	False
341	4.083600464286489	0.6694905701645675	0.16394614899759663	F11R	0.2696238	False
342	4.083600464286489	0.6694905701645675	0.16394614899759663	TSTD1	0.2696238	False
343	4.083600464286489	0.6694905701645675	0.16394614899759663	USF1	0.2696238	False
344	4.083600464286489	0.6694905701645675	0.16394614899759663	ARHGAP30	0.2696238	False
345	4.083600464286489	0.6694905701645675	0.16394614899759663	NECTIN4	0.2696238	False
346	4.083600464286489	0.6694905701645675	0.16394614899759663	KLHDC9	0.2696238	False
347	4.324639454386756	0.8622321764728893	0.1993766614690324	PFDN2	0.2696264	False
348	4.324639454386756	0.8622321764728893	0.1993766614690324	NIT1	0.2696264	False
349	4.324639454386756	0.8622321764728893	0.1993766614690324	DEDD	0.2696264	False
350	4.324639454386756	0.8622321764728893	0.1993766614690324	UFC1	0.2696264	False
351	4.324639454386756	0.8622321764728893	0.1993766614690324	USP21	0.2696264	False
352	4.324639454386756	0.8622321764728893	0.1993766614690324	PPOX	0.2696264	False
353	4.324639454386756	0.8622321764728893	0.1993766614690324	B4GALT3	0.2696264	False
354	4.324639454386756	0.8622321764728893	0.1993766614690324	ADAMTS4	0.2696264	False
355	4.324639454386756	0.8622321764728893	0.1993766614690324	NDUFS2	0.2696264	False
356	4.324639454386756	0.8622321764728893	0.1993766614690324	FCER1G	0.2696264	False
357	4.324639454386756	0.8622321764728893	0.1993766614690324	APOA2	0.2696264	False
358	4.324639454386756	0.8622321764728893	0.1993766614690324	TOMM40L	0.2696264	False
359	4.324639454386756	0.8622321764728893	0.1993766614690324	MIR5187	0.2696264	False
360	4.324639454386756	0.8622321764728893	0.1993766614690324	NR1I3	0.2696264	False
361	4.324639454386756	0.8622321764728893	0.1993766614690324	PCP4L1	0.2696264	False
362	4.324639454386756	0.8622321764728893	0.1993766614690324	MPZ	0.2696264	False
363	4.324639454386756	0.8622321764728893	0.1993766614690324	SDHC	0.2696264	False
364	4.324639454386756	0.8622321764728893	0.1993766614690324	CFAP126	0.2696264	False
365	4.324639454386756	0.8622321764728893	0.1993766614690324	FCGR2A	0.2696264	False
366	4.324639454386756	0.8622321764728893	0.1993766614690324	HSPA6	0.2696264	False
367	4.324639454386756	0.8622321764728893	0.1993766614690324	FCGR3A	0.2696264	False
368	4.324639454386756	0.8622321764728893	0.1993766614690324	FCGR2C	0.2696264	False
369	4.324639454386756	0.8622321764728893	0.1993766614690324	FCGR3B	0.2696264	False
370	4.324639454386756	0.8622321764728893	0.1993766614690324	FCGR2B	0.2696264	False
371	4.324639454386756	0.8622321764728893	0.1993766614690324	FCRLA	0.2696264	False
372	4.324639454386756	0.8622321764728893	0.1993766614690324	FCRLB	0.2696264	False
373	4.324639454386756	0.8622321764728893	0.1993766614690324	DUSP12	0.2696264	False
374	3.8969446072162994	0.6904768540009147	0.17718415928271108	ATF6	0.2696237	False
375	3.8969446072162994	0.6904768540009147	0.17718415928271108	OLFML2B	0.2696237	False
376	3.8969446072162994	0.6904768540009147	0.17718415928271108	NOS1AP	0.2696237	False
377	3.70319956222222	0.6873665435914007	0.18561423224486584	MIR4654	0.26962304	False
378	3.70319956222222	0.6873665435914007	0.18561423224486584	MIR556	0.26962304	False
379	3.70319956222222	0.6873665435914007	0.18561423224486584	C1orf226	0.26962304	False
380	3.70319956222222	0.6873665435914007	0.18561423224486584	SPATA46	0.26962304	False
381	3.70319956222222	0.6873665435914007	0.18561423224486584	SH2D1B	0.26962304	False
382	3.70319956222222	0.6873665435914007	0.18561423224486584	UHMK1	0.26962304	False
383	3.70319956222222	0.6873665435914007	0.18561423224486584	UAP1	0.26962304	False
384	3.70319956222222	0.6873665435914007	0.18561423224486584	DDR2	0.26962304	False
385	3.70319956222222	0.6873665435914007	0.18561423224486584	HSD17B7	0.26962304	False
386	3.70319956222222	0.6873665435914007	0.18561423224486584	CCDC190	0.26962304	False
387	3.493191036822296	0.556635408495104	0.1593486879553736	RGS4	0.26962173	False
388	3.2850876125740736	0.4734410367952395	0.1441182375115617	RGS5	0.2696204	False
389	3.2850876125740736	0.4734410367952395	0.1441182375115617	LOC101928404	0.2696204	False
390	3.2850876125740736	0.4734410367952395	0.1441182375115617	NUF2	0.2696204	False
391	3.19231137601184	0.45797924786531663	0.1434632133026669	LMX1A	0.26962012	False
392	3.19231137601184	0.45797924786531663	0.1434632133026669	RXRG	0.26962012	False
393	3.19231137601184	0.45797924786531663	0.1434632133026669	LRRC52-AS1	0.26962012	False
394	3.19231137601184	0.45797924786531663	0.1434632133026669	LRRC52	0.26962012	False
395	3.19231137601184	0.45797924786531663	0.1434632133026669	MGST3	0.26962012	False
396	3.19231137601184	0.45797924786531663	0.1434632133026669	ALDH9A1	0.26962012	False
397	3.19231137601184	0.45797924786531663	0.1434632133026669	TMCO1	0.26962012	False
398	3.19231137601184	0.45797924786531663	0.1434632133026669	TMCO1-AS1	0.26962012	False
399	3.2822616478116986	0.4447326370138976	0.1354957906266867	UCK2	0.26962027	False
400	3.2822616478116986	0.4447326370138976	0.1354957906266867	FAM78B	0.26962027	False
401	3.3897182249302746	0.5148532264376598	0.15188673284141493	MIR921	0.26962098	False
402	3.3897182249302746	0.5148532264376598	0.15188673284141493	POGK	0.26962098	False
403	3.3897182249302746	0.5148532264376598	0.15188673284141493	TADA1	0.26962098	False
404	3.604359273513022	0.6030450018725426	0.16730990340060614	ILDR2	0.2696222	False
405	3.604359273513022	0.6030450018725426	0.16730990340060614	MAEL	0.2696222	False
406	3.604359273513022	0.6030450018725426	0.16730990340060614	GPA33	0.2696222	False
407	3.604359273513022	0.6030450018725426	0.16730990340060614	DUSP27	0.2696222	False
408	3.8989406812527783	0.8164558440811333	0.20940453082727994	LINC01363	0.26962465	False
409	3.8989406812527783	0.8164558440811333	0.20940453082727994	POU2F1	0.26962465	False
410	3.8989406812527783	0.8164558440811333	0.20940453082727994	CD247	0.26962465	False
411	3.8989406812527783	0.8164558440811333	0.20940453082727994	CREG1	0.26962465	False
412	3.8989406812527783	0.8164558440811333	0.20940453082727994	RCSD1	0.26962465	False
413	3.8989406812527783	0.8164558440811333	0.20940453082727994	MPZL1	0.26962465	False
414	3.847211112317644	0.763964602585409	0.1985762102161272	ADCY10	0.2696241	False
415	3.847211112317644	0.763964602585409	0.1985762102161272	MPC2	0.2696241	False
416	3.847211112317644	0.763964602585409	0.1985762102161272	DCAF6	0.2696241	False
417	3.847211112317644	0.763964602585409	0.1985762102161272	MIR1255B2	0.2696241	False
418	3.847211112317644	0.763964602585409	0.1985762102161272	GPR161	0.2696241	False
419	3.9278723510245106	0.8412690360899664	0.21417932175686347	TIPRL	0.26962483	False
420	3.9278723510245106	0.8412690360899664	0.21417932175686347	SFT2D2	0.26962483	False
421	3.9278723510245106	0.8412690360899664	0.21417932175686347	TBX19	0.26962483	False
422	3.9278723510245106	0.8412690360899664	0.21417932175686347	MIR557	0.26962483	False
423	3.9278723510245106	0.8412690360899664	0.21417932175686347	LOC100505918	0.26962483	False
424	3.9278723510245106	0.8412690360899664	0.21417932175686347	LOC101928565	0.26962483	False
425	3.9278723510245106	0.8412690360899664	0.21417932175686347	XCL2	0.26962483	False
426	3.9278723510245106	0.8412690360899664	0.21417932175686347	XCL1	0.26962483	False
427	3.9278723510245106	0.8412690360899664	0.21417932175686347	DPT	0.26962483	False
428	3.9278723510245106	0.8412690360899664	0.21417932175686347	LINC00626	0.26962483	False
429	3.9778313666609693	0.88215595064882	0.22176806137192046	LINC00970	0.2696255	False
430	4.108142412307027	1.0435822249421558	0.2540277624786885	ATP1B1	0.26962712	False
431	4.108142412307027	1.0435822249421558	0.2540277624786885	NME7	0.26962712	False
432	4.108142412307027	1.0435822249421558	0.2540277624786885	BLZF1	0.26962712	False
433	4.108142412307027	1.0435822249421558	0.2540277624786885	CCDC181	0.26962712	False
434	4.108142412307027	1.0435822249421558	0.2540277624786885	SLC19A2	0.26962712	False
435	4.108142412307027	1.0435822249421558	0.2540277624786885	F5	0.26962712	False
436	4.108142412307027	1.0435822249421558	0.2540277624786885	SELP	0.26962712	False
437	4.108142412307027	1.0435822249421558	0.2540277624786885	C1orf112	0.26962712	False
438	4.108142412307027	1.0435822249421558	0.2540277624786885	SELL	0.26962712	False
439	4.108142412307027	1.0435822249421558	0.2540277624786885	SELE	0.26962712	False
440	4.108142412307027	1.0435822249421558	0.2540277624786885	METTL18	0.26962712	False
441	4.108142412307027	1.0435822249421558	0.2540277624786885	SCYL3	0.26962712	False
442	4.022412842883484	0.9387764125545981	0.23338639001600645	KIFAP3	0.26962632	False
443	3.965100279605351	0.9449228950302211	0.2383099615135761	METTL11B	0.26962608	False
444	3.965100279605351	0.9449228950302211	0.2383099615135761	MIR3119-2	0.26962608	False
445	3.965100279605351	0.9449228950302211	0.2383099615135761	LINC01142	0.26962608	False
446	3.965100279605351	0.9449228950302211	0.2383099615135761	GORAB-AS1	0.26962608	False
447	3.965100279605351	0.9449228950302211	0.2383099615135761	GORAB	0.26962608	False
448	3.965100279605351	0.9449228950302211	0.2383099615135761	PRRX1	0.26962608	False
449	4.075679695720323	0.9820221253099284	0.24094683552809681	MROH9	0.26962686	False
450	4.075679695720323	0.9820221253099284	0.24094683552809681	FMO3	0.26962686	False
451	4.209062410339083	1.1717854860686123	0.278395844925049	MIR1295A	0.26962897	False
452	4.209062410339083	1.1717854860686123	0.278395844925049	FMO2	0.26962897	False
453	4.209062410339083	1.1717854860686123	0.278395844925049	FMO1	0.26962897	False
454	4.209062410339083	1.1717854860686123	0.278395844925049	FMO4	0.26962897	False
455	4.209062410339083	1.1717854860686123	0.278395844925049	PRRC2C	0.26962897	False
456	4.209062410339083	1.1717854860686123	0.278395844925049	MYOC	0.26962897	False
457	4.209062410339083	1.1717854860686123	0.278395844925049	VAMP4	0.26962897	False
458	4.209062410339083	1.1717854860686123	0.278395844925049	EEF1AKNMT	0.26962897	False
459	4.308026461299269	1.1782917248143807	0.2735107909385999	DNM3	0.26962945	False
460	4.209062410339083	1.1717854860686123	0.278395844925049	DNM3-IT1	0.26962897	False
461	4.370740136918491	1.247206742969012	0.28535367097992964	DNM3OS	0.26963025	False
462	4.370740136918491	1.247206742969012	0.28535367097992964	MIR214	0.26963025	False
463	4.370740136918491	1.247206742969012	0.28535367097992964	MIR199A2	0.26963025	False
464	4.370740136918491	1.247206742969012	0.28535367097992964	PIGC	0.26963025	False
465	4.370740136918491	1.247206742969012	0.28535367097992964	C1orf105	0.26963025	False
466	4.370740136918491	1.247206742969012	0.28535367097992964	SUCO	0.26963025	False
467	4.370740136918491	1.247206742969012	0.28535367097992964	FASLG	0.26963025	False
468	4.059291303404871	0.9495156694269814	0.23391168518271707	TNFSF18	0.26962635	False
469	4.134051326865003	1.0382644347914927	0.25114938173224016	TNFSF4	0.26962718	False
470	4.134051326865003	1.0382644347914927	0.25114938173224016	LOC101928673	0.26962718	False
471	4.134051326865003	1.0382644347914927	0.25114938173224016	PRDX6	0.26962718	False
472	4.134051326865003	1.0382644347914927	0.25114938173224016	SLC9C2	0.26962718	False
473	4.134051326865003	1.0382644347914927	0.25114938173224016	ANKRD45	0.26962718	False
474	4.134051326865003	1.0382644347914927	0.25114938173224016	TEX50	0.26962718	False
475	4.134051326865003	1.0382644347914927	0.25114938173224016	KLHL20	0.26962718	False
476	4.134051326865003	1.0382644347914927	0.25114938173224016	CENPL	0.26962718	False
477	4.134051326865003	1.0382644347914927	0.25114938173224016	DARS2	0.26962718	False
478	4.134051326865003	1.0382644347914927	0.25114938173224016	GAS5-AS1	0.26962718	False
479	4.134051326865003	1.0382644347914927	0.25114938173224016	GAS5	0.26962718	False
480	3.723456236621604	0.711657546600547	0.19112821566186952	ZBTB37	0.26962316	False
481	3.723456236621604	0.711657546600547	0.19112821566186952	SERPINC1	0.26962316	False
482	3.723456236621604	0.711657546600547	0.19112821566186952	RC3H1	0.26962316	False
483	3.4927362358063387	0.6027048940864963	0.17255952164602972	LOC102724601	0.26962158	False
484	3.1642371764583945	0.4040753140280656	0.1277007036749158	RABGAP1L	0.26961967	False
485	3.4927362358063387	0.6027048940864963	0.17255952164602972	GPR52	0.26962158	False
486	3.1642371764583945	0.4040753140280656	0.1277007036749158	LOC101928696	0.26961967	False
487	3.1642371764583945	0.4040753140280656	0.1277007036749158	CACYBP	0.26961967	False
488	3.1642371764583945	0.4040753140280656	0.1277007036749158	MRPS14	0.26961967	False
489	3.1642371764583945	0.4040753140280656	0.1277007036749158	TNN	0.26961967	False
490	3.021124780380711	0.3228854468550243	0.10687590560702874	SEC16B	0.269619	False
491	3.021124780380711	0.3228854468550243	0.10687590560702874	RASAL2-AS1	0.269619	False
492	3.021124780380711	0.3228854468550243	0.10687590560702874	RASAL2	0.269619	False
493	3.294249247647936	0.4610178178349862	0.13994624667946687	TEX35	0.2696203	False
494	3.294249247647936	0.4610178178349862	0.13994624667946687	C1orf220	0.2696203	False
495	3.294249247647936	0.4610178178349862	0.13994624667946687	MIR4424	0.2696203	False
496	3.3436448163103485	0.44324715732924996	0.13256406756096933	RALGPS2	0.26962036	False
497	3.294249247647936	0.4610178178349862	0.13994624667946687	ANGPTL1	0.2696203	False
498	3.3436448163103485	0.44324715732924996	0.13256406756096933	FAM20B	0.26962036	False
499	3.3436448163103485	0.44324715732924996	0.13256406756096933	TOR3A	0.26962036	False
500	3.3436448163103485	0.44324715732924996	0.13256406756096933	ABL2	0.26962036	False
501	3.4993798361537882	0.5628773932130913	0.16085061341376328	SOAT1	0.2696215	False
502	3.4993798361537882	0.5628773932130913	0.16085061341376328	AXDND1	0.2696215	False
503	3.4993798361537882	0.5628773932130913	0.16085061341376328	NPHS2	0.2696215	False
504	3.4993798361537882	0.5628773932130913	0.16085061341376328	TDRD5	0.2696215	False
505	3.4993798361537882	0.5628773932130913	0.16085061341376328	FAM163A	0.2696215	False
506	3.4993798361537882	0.5628773932130913	0.16085061341376328	TOR1AIP2	0.2696215	False
507	3.4858976629901237	0.5233680888837992	0.15013868434533043	TOR1AIP1	0.26962143	False
508	3.4858976629901237	0.5233680888837992	0.15013868434533043	CEP350	0.26962143	False
509	3.5845076970793337	0.6054192153945404	0.1688988465244021	QSOX1	0.26962245	False
510	3.5845076970793337	0.6054192153945404	0.1688988465244021	LHX4	0.26962245	False
511	3.5845076970793337	0.6054192153945404	0.1688988465244021	LHX4-AS1	0.26962245	False
512	3.5845076970793337	0.6054192153945404	0.1688988465244021	ACBD6	0.26962245	False
513	3.5845076970793337	0.6054192153945404	0.1688988465244021	MIR3121	0.26962245	False
514	3.5845076970793337	0.6054192153945404	0.1688988465244021	OVAAL	0.26962245	False
515	3.5845076970793337	0.6054192153945404	0.1688988465244021	XPR1	0.26962245	False
516	3.546227647004556	0.5440493870843002	0.15341637402885014	KIAA1614	0.26962182	False
517	3.546227647004556	0.5440493870843002	0.15341637402885014	STX6	0.26962182	False
518	3.546227647004556	0.5440493870843002	0.15341637402885014	MR1	0.26962182	False
519	3.546227647004556	0.5440493870843002	0.15341637402885014	IER5	0.26962182	False
520	3.521748316004046	0.5509457913046221	0.15644098949403432	LINC01732	0.2696217	False
521	3.521748316004046	0.5509457913046221	0.15644098949403432	LINC01699	0.2696217	False
522	3.521748316004046	0.5509457913046221	0.15644098949403432	CACNA1E	0.2696217	False
523	3.551973203924963	0.5290549665443328	0.14894677864115705	ZNF648	0.26962155	False
524	3.57832590564835	0.5789951853898699	0.16180616317701305	LINC01344	0.26962176	False
525	3.57832590564835	0.5789951853898699	0.16180616317701305	GLUL	0.26962176	False
526	3.57832590564835	0.5789951853898699	0.16180616317701305	TEDDM1	0.26962176	False
527	3.57832590564835	0.5789951853898699	0.16180616317701305	LINC00272	0.26962176	False
528	3.57832590564835	0.5789951853898699	0.16180616317701305	RGSL1	0.26962176	False
529	3.57832590564835	0.5789951853898699	0.16180616317701305	RNASEL	0.26962176	False
530	3.57832590564835	0.5789951853898699	0.16180616317701305	RGS16	0.26962176	False
531	3.57832590564835	0.5789951853898699	0.16180616317701305	LINC01686	0.26962176	False
532	3.57832590564835	0.5789951853898699	0.16180616317701305	RGS8	0.26962176	False
533	3.57832590564835	0.5789951853898699	0.16180616317701305	NPL	0.26962176	False
534	3.57832590564835	0.5789951853898699	0.16180616317701305	DHX9	0.26962176	False
535	3.703524197112683	0.6066251407451575	0.16379672670104076	SHCBP1L	0.2696223	False
536	3.703524197112683	0.6066251407451575	0.16379672670104076	LAMC1	0.2696223	False
537	3.791645102497454	0.6924216604004997	0.1826177402374553	LAMC2	0.26962307	False
538	3.791645102497454	0.6924216604004997	0.1826177402374553	NMNAT2	0.26962307	False
539	3.791645102497454	0.6924216604004997	0.1826177402374553	SMG7-AS1	0.26962307	False
540	3.791645102497454	0.6924216604004997	0.1826177402374553	SMG7	0.26962307	False
541	3.791645102497454	0.6924216604004997	0.1826177402374553	NCF2	0.26962307	False
542	3.791645102497454	0.6924216604004997	0.1826177402374553	ARPC5	0.26962307	False
543	3.9414443667060683	0.7673599297335869	0.19469003196279605	RGL1	0.26962408	False
544	3.791645102497454	0.6924216604004997	0.1826177402374553	APOBEC4	0.26962307	False
545	3.9414443667060683	0.7673599297335869	0.19469003196279605	COLGALT2	0.26962408	False
546	3.9414443667060683	0.7673599297335869	0.19469003196279605	TSEN15	0.26962408	False
547	4.102658926085074	0.9412810666886181	0.22943195709101444	C1orf21	0.269626	False
548	4.102658926085074	0.9412810666886181	0.22943195709101444	EDEM3	0.269626	False
549	4.117092058633089	0.9650950265758675	0.23441181611476708	FAM129A	0.26962626	False
550	4.117092058633089	0.9650950265758675	0.23441181611476708	RNF2	0.26962626	False
551	4.276243515689519	1.2196777142927895	0.285221762936979	TRMT1L	0.26962888	False
552	4.276243515689519	1.2196777142927895	0.285221762936979	SWT1	0.26962888	False
553	4.276243515689519	1.2196777142927895	0.285221762936979	IVNS1ABP	0.26962888	False
554	4.276243515689519	1.2196777142927895	0.285221762936979	GS1-279B7.1	0.26962888	False
555	4.276243515689519	1.2196777142927895	0.285221762936979	LINC01350	0.26962888	False
556	4.061746813000933	1.0756888282570936	0.26483404253903864	HMCN1	0.26962662	False
557	4.067293134389535	1.2569442028979099	0.3090370330749633	PRG4	0.2696279	False
558	4.067293134389535	1.2569442028979099	0.3090370330749633	TPR	0.2696279	False
559	4.067293134389535	1.2569442028979099	0.3090370330749633	ODR4	0.2696279	False
560	4.067293134389535	1.2569442028979099	0.3090370330749633	OCLM	0.2696279	False
561	4.067293134389535	1.2569442028979099	0.3090370330749633	LOC102724919	0.2696279	False
562	4.067293134389535	1.2569442028979099	0.3090370330749633	PDC	0.2696279	False
563	4.067293134389535	1.2569442028979099	0.3090370330749633	PTGS2	0.2696279	False
564	4.067293134389535	1.2569442028979099	0.3090370330749633	PACERR	0.2696279	False
565	3.714431632528147	0.9646468124105658	0.25970240075572476	PLA2G4A	0.26962432	False
566	3.714431632528147	0.9646468124105658	0.25970240075572476	LINC01036	0.26962432	False
567	3.526161439406784	0.9836942248896346	0.2789702745587066	LINC01037	0.26962364	False
568	3.047527923076065	0.5930451721504205	0.19459876566178336	BRINP3	0.2696204	False
569	3.1354563390267964	0.7375829157347331	0.23523941525005224	LINC01351	0.26962116	False
570	3.1354563390267964	0.7375829157347331	0.23523941525005224	LINC01720	0.26962116	False
571	4.767547699773062	2.3061885559145234	0.48372637278999836	RGS18	0.26964098	False
572	4.767547699773062	2.3061885559145234	0.48372637278999836	RGS21	0.26964098	False
573	4.767547699773062	2.3061885559145234	0.48372637278999836	RGS1	0.26964098	False
574	4.767547699773062	2.3061885559145234	0.48372637278999836	RGS13	0.26964098	False
575	4.767547699773062	2.3061885559145234	0.48372637278999836	RGS2	0.26964098	False
576	4.629044304533899	1.8860576979551973	0.4074399754843361	LINC01032	0.26963627	False
577	4.629044304533899	1.8860576979551973	0.4074399754843361	UCHL5	0.26963627	False
578	4.629044304533899	1.8860576979551973	0.4074399754843361	TROVE2	0.26963627	False
579	4.629044304533899	1.8860576979551973	0.4074399754843361	GLRX2	0.26963627	False
580	4.8318007446381435	2.222829408028209	0.4600416129524559	CDC73	0.26964125	False
581	4.8318007446381435	2.222829408028209	0.4600416129524559	MIR1278	0.26964125	False
582	4.8318007446381435	2.222829408028209	0.4600416129524559	B3GALT2	0.26964125	False
583	4.8318007446381435	2.222829408028209	0.4600416129524559	LINC01031	0.26964125	False
584	5.260056134290327	3.325508149958153	0.6322191370314761	KCNT2	0.26966012	False
585	5.260056134290327	3.325508149958153	0.6322191370314761	MIR4735	0.26966012	False
586	5.260056134290327	3.325508149958153	0.6322191370314761	CFH	0.26966012	False
587	5.260056134290327	3.325508149958153	0.6322191370314761	CFHR3	0.26966012	False
588	5.0199670853079805	2.64775985867204	0.5274456612317802	CFHR2	0.2696486	False
589	5.260056134290327	3.325508149958153	0.6322191370314761	CFHR1	0.26966012	False
590	5.0199670853079805	2.64775985867204	0.5274456612317802	CFHR4	0.2696486	False
591	5.0199670853079805	2.64775985867204	0.5274456612317802	CFHR5	0.2696486	False
592	5.0199670853079805	2.64775985867204	0.5274456612317802	F13B	0.2696486	False
593	5.0199670853079805	2.64775985867204	0.5274456612317802	ASPM	0.2696486	False
594	5.370554809110692	3.1965671531029547	0.5952024077066022	ZBTB41	0.26965892	False
595	5.370554809110692	3.1965671531029547	0.5952024077066022	CRB1	0.26965892	False
596	5.370554809110692	3.1965671531029547	0.5952024077066022	DENND1B	0.26965892	False
597	5.003539987827239	2.3559215064674968	0.47085093997430877	C1orf53	0.2696445	False
598	5.003539987827239	2.3559215064674968	0.47085093997430877	LHX9	0.2696445	False
599	4.76818162048753	1.8914032478762413	0.3966718129505419	NEK7	0.26963755	False
600	4.76818162048753	1.8914032478762413	0.3966718129505419	ATP6V1G3	0.26963755	False
601	4.76818162048753	1.8914032478762413	0.3966718129505419	PTPRC	0.26963755	False
602	4.48202730034606	1.465121250510475	0.32688806924432434	MIR181A1HG	0.26963246	False
603	4.76818162048753	1.8914032478762413	0.3966718129505419	MIR181B1	0.26963755	False
604	4.76818162048753	1.8914032478762413	0.3966718129505419	MIR181A1	0.26963755	False
605	4.48202730034606	1.465121250510475	0.32688806924432434	LINC01222	0.26963246	False
606	4.48202730034606	1.465121250510475	0.32688806924432434	LINC01221	0.26963246	False
607	4.054979561980493	1.0218665553090005	0.25200288674449217	NR5A2	0.2696271	False
608	4.035327199190869	1.0241901457009153	0.25380597288524154	LINC00862	0.26962712	False
609	4.035327199190869	1.0241901457009153	0.25380597288524154	ZNF281	0.26962712	False
610	4.035327199190869	1.0241901457009153	0.25380597288524154	KIF14	0.26962712	False
611	4.035327199190869	1.0241901457009153	0.25380597288524154	DDX59	0.26962712	False
612	4.035327199190869	1.0241901457009153	0.25380597288524154	LOC101929224	0.26962712	False
613	4.035327199190869	1.0241901457009153	0.25380597288524154	CAMSAP2	0.26962712	False
614	4.035327199190869	1.0241901457009153	0.25380597288524154	GPR25	0.26962712	False
615	3.9762050951212276	0.951761619111634	0.23936431756989549	INAVA	0.2696265	False
616	3.9762050951212276	0.951761619111634	0.23936431756989549	KIF21B	0.2696265	False
617	3.9762050951212276	0.951761619111634	0.23936431756989549	CACNA1S	0.2696265	False
618	4.043442469513453	0.959395836253025	0.23727203824133278	ASCL5	0.26962706	False
619	4.043442469513453	0.959395836253025	0.23727203824133278	TMEM9	0.26962706	False
620	4.043442469513453	0.959395836253025	0.23727203824133278	IGFN1	0.26962706	False
621	4.043442469513453	0.959395836253025	0.23727203824133278	PKP1	0.26962706	False
622	4.043442469513453	0.959395836253025	0.23727203824133278	TNNT2	0.26962706	False
623	4.043442469513453	0.959395836253025	0.23727203824133278	LAD1	0.26962706	False
624	4.043442469513453	0.959395836253025	0.23727203824133278	TNNI1	0.26962706	False
625	4.043442469513453	0.959395836253025	0.23727203824133278	PHLDA3	0.26962706	False
626	4.043442469513453	0.959395836253025	0.23727203824133278	CSRP1	0.26962706	False
627	4.043442469513453	0.959395836253025	0.23727203824133278	NAV1	0.26962706	False
628	4.043442469513453	0.959395836253025	0.23727203824133278	IPO9-AS1	0.26962706	False
629	4.043442469513453	0.959395836253025	0.23727203824133278	MIR5191	0.26962706	False
630	4.043442469513453	0.959395836253025	0.23727203824133278	MIR1231	0.26962706	False
631	4.043442469513453	0.959395836253025	0.23727203824133278	IPO9	0.26962706	False
632	4.043442469513453	0.959395836253025	0.23727203824133278	MIR6739	0.26962706	False
633	4.043442469513453	0.959395836253025	0.23727203824133278	SHISA4	0.26962706	False
634	4.065524782692703	0.937253232197087	0.23053683898006394	LMOD1	0.26962712	False
635	4.065524782692703	0.937253232197087	0.23053683898006394	TIMM17A	0.26962712	False
636	4.065524782692703	0.937253232197087	0.23053683898006394	RNPEP	0.26962712	False
637	4.065524782692703	0.937253232197087	0.23053683898006394	MIR6740	0.26962712	False
638	4.065524782692703	0.937253232197087	0.23053683898006394	ELF3	0.26962712	False
639	4.135538445752982	1.0010787146322602	0.2420673215262512	GPR37L1	0.26962793	False
640	4.135538445752982	1.0010787146322602	0.2420673215262512	ARL8A	0.26962793	False
641	4.135538445752982	1.0010787146322602	0.2420673215262512	PTPN7	0.26962793	False
642	4.135538445752982	1.0010787146322602	0.2420673215262512	LGR6	0.26962793	False
643	4.135538445752982	1.0010787146322602	0.2420673215262512	UBE2T	0.26962793	False
644	4.135538445752982	1.0010787146322602	0.2420673215262512	PPP1R12B	0.26962793	False
645	4.135538445752982	1.0010787146322602	0.2420673215262512	SYT2	0.26962793	False
646	4.135538445752982	1.0010787146322602	0.2420673215262512	KDM5B	0.26962793	False
647	4.135538445752982	1.0010787146322602	0.2420673215262512	PCAT6	0.26962793	False
648	4.135538445752982	1.0010787146322602	0.2420673215262512	RABIF	0.26962793	False
649	4.048123812191602	0.9042175673974201	0.22336707308067444	KLHL12	0.2696267	False
650	4.048123812191602	0.9042175673974201	0.22336707308067444	ADIPOR1	0.2696267	False
651	4.048123812191602	0.9042175673974201	0.22336707308067444	CYB5R1	0.2696267	False
652	4.048123812191602	0.9042175673974201	0.22336707308067444	TMEM183A	0.2696267	False
653	4.048123812191602	0.9042175673974201	0.22336707308067444	PPFIA4	0.2696267	False
654	4.048123812191602	0.9042175673974201	0.22336707308067444	MYOG	0.2696267	False
655	4.048123812191602	0.9042175673974201	0.22336707308067444	ADORA1	0.2696267	False
656	3.9547570404279995	0.8738447410735652	0.2209604110039069	MYBPH	0.26962614	False
657	3.9547570404279995	0.8738447410735652	0.2209604110039069	CHI3L1	0.26962614	False
658	3.9547570404279995	0.8738447410735652	0.2209604110039069	CHIT1	0.26962614	False
659	3.9547570404279995	0.8738447410735652	0.2209604110039069	LINC01353	0.26962614	False
660	3.9547570404279995	0.8738447410735652	0.2209604110039069	LINC01136	0.26962614	False
661	3.9547570404279995	0.8738447410735652	0.2209604110039069	BTG2	0.26962614	False
662	3.9547570404279995	0.8738447410735652	0.2209604110039069	FMOD	0.26962614	False
663	3.9547570404279995	0.8738447410735652	0.2209604110039069	PRELP	0.26962614	False
664	3.9547570404279995	0.8738447410735652	0.2209604110039069	OPTC	0.26962614	False
665	3.9547570404279995	0.8738447410735652	0.2209604110039069	ATP2B4	0.26962614	False
666	3.9547570404279995	0.8738447410735652	0.2209604110039069	SNORA77	0.26962614	False
667	3.9547570404279995	0.8738447410735652	0.2209604110039069	LAX1	0.26962614	False
668	3.9547570404279995	0.8738447410735652	0.2209604110039069	ZC3H11A	0.26962614	False
669	3.9547570404279995	0.8738447410735652	0.2209604110039069	ZBED6	0.26962614	False
670	3.9547570404279995	0.8738447410735652	0.2209604110039069	SNRPE	0.26962614	False
671	3.9291628053484016	0.8598427308628572	0.21883611686755097	LINC00303	0.26962608	False
672	3.9291628053484016	0.8598427308628572	0.21883611686755097	SOX13	0.26962608	False
673	3.9544860891298175	0.9024831029064835	0.228217543965384	ETNK2	0.26962635	False
674	3.9544860891298175	0.9024831029064835	0.228217543965384	ERLNC1	0.26962635	False
675	3.9544860891298175	0.9024831029064835	0.228217543965384	REN	0.26962635	False
676	3.9544860891298175	0.9024831029064835	0.228217543965384	KISS1	0.26962635	False
677	3.9544860891298175	0.9024831029064835	0.228217543965384	GOLT1A	0.26962635	False
678	3.9544860891298175	0.9024831029064835	0.228217543965384	PLEKHA6	0.26962635	False
679	3.9544860891298175	0.9024831029064835	0.228217543965384	LINC00628	0.26962635	False
680	3.9544860891298175	0.9024831029064835	0.228217543965384	PPP1R15B	0.26962635	False
681	3.9544860891298175	0.9024831029064835	0.228217543965384	PIK3C2B	0.26962635	False
682	3.9544860891298175	0.9024831029064835	0.228217543965384	MDM4	0.26962635	False
683	3.9544860891298175	0.9024831029064835	0.228217543965384	LRRN2	0.26962635	False
684	3.911954624799298	0.9009567074666203	0.23030857816067937	NFASC	0.26962626	False
685	3.911954624799298	0.9009567074666203	0.23030857816067937	CNTN2	0.26962626	False
686	3.911954624799298	0.9009567074666203	0.23030857816067937	TMEM81	0.26962626	False
687	3.911954624799298	0.9009567074666203	0.23030857816067937	RBBP5	0.26962626	False
688	3.872868611916278	0.8719718618380169	0.22514883648649497	DSTYK	0.26962537	False
689	3.872868611916278	0.8719718618380169	0.22514883648649497	TMCC2	0.26962537	False
690	3.872868611916278	0.8719718618380169	0.22514883648649497	NUAK2	0.26962537	False
691	3.872868611916278	0.8719718618380169	0.22514883648649497	KLHDC8A	0.26962537	False
692	3.872868611916278	0.8719718618380169	0.22514883648649497	LEMD1-AS1	0.26962537	False
693	3.872868611916278	0.8719718618380169	0.22514883648649497	LEMD1	0.26962537	False
694	3.872868611916278	0.8719718618380169	0.22514883648649497	BLACAT1	0.26962537	False
695	3.872868611916278	0.8719718618380169	0.22514883648649497	MIR135B	0.26962537	False
696	3.872868611916278	0.8719718618380169	0.22514883648649497	CDK18	0.26962537	False
697	3.872868611916278	0.8719718618380169	0.22514883648649497	MFSD4A	0.26962537	False
698	3.872868611916278	0.8719718618380169	0.22514883648649497	ELK4	0.26962537	False
699	3.872868611916278	0.8719718618380169	0.22514883648649497	SLC45A3	0.26962537	False
700	3.872868611916278	0.8719718618380169	0.22514883648649497	NUCKS1	0.26962537	False
701	3.872868611916278	0.8719718618380169	0.22514883648649497	RAB29	0.26962537	False
702	3.872868611916278	0.8719718618380169	0.22514883648649497	SLC41A1	0.26962537	False
703	3.872868611916278	0.8719718618380169	0.22514883648649497	PM20D1	0.26962537	False
704	3.8285862116597627	0.7689111463924969	0.20083422545137355	SLC26A9	0.2696244	False
705	3.8285862116597627	0.7689111463924969	0.20083422545137355	SLC26A9-AS1	0.2696244	False
706	3.8285862116597627	0.7689111463924969	0.20083422545137355	RAB7B	0.2696244	False
707	3.8285862116597627	0.7689111463924969	0.20083422545137355	CTSE	0.2696244	False
708	3.8285862116597627	0.7689111463924969	0.20083422545137355	RHEX	0.2696244	False
709	3.8865647432530994	0.7730599805338616	0.19890572564778672	AVPR1B	0.26962435	False
710	3.8865647432530994	0.7730599805338616	0.19890572564778672	FAM72A	0.26962435	False
711	3.8865647432530994	0.7730599805338616	0.19890572564778672	SRGAP2	0.26962435	False
712	3.8865647432530994	0.7730599805338616	0.19890572564778672	IKBKE	0.26962435	False
713	3.8865647432530994	0.7730599805338616	0.19890572564778672	MIR6769B	0.26962435	False
714	3.8865647432530994	0.7730599805338616	0.19890572564778672	RASSF5	0.26962435	False
715	3.8865647432530994	0.7730599805338616	0.19890572564778672	EIF2D	0.26962435	False
716	3.8865647432530994	0.7730599805338616	0.19890572564778672	DYRK3	0.26962435	False
717	3.8865647432530994	0.7730599805338616	0.19890572564778672	MAPKAPK2	0.26962435	False
718	3.8865647432530994	0.7730599805338616	0.19890572564778672	IL10	0.26962435	False
719	3.8865647432530994	0.7730599805338616	0.19890572564778672	IL19	0.26962435	False
720	3.8865647432530994	0.7730599805338616	0.19890572564778672	IL20	0.26962435	False
721	3.7347379473098195	0.6695596400148768	0.1792788809981084	IL24	0.2696232	False
722	3.7347379473098195	0.6695596400148768	0.1792788809981084	FCMR	0.2696232	False
723	3.7347379473098195	0.6695596400148768	0.1792788809981084	PIGR	0.2696232	False
724	3.7347379473098195	0.6695596400148768	0.1792788809981084	FCAMR	0.2696232	False
725	3.7347379473098195	0.6695596400148768	0.1792788809981084	C1orf116	0.2696232	False
726	3.7347379473098195	0.6695596400148768	0.1792788809981084	PFKFB2	0.2696232	False
727	3.7347379473098195	0.6695596400148768	0.1792788809981084	YOD1	0.2696232	False
728	3.7347379473098195	0.6695596400148768	0.1792788809981084	C4BPB	0.2696232	False
729	3.7118574968202807	0.6467194220407935	0.17423067092279218	C4BPA	0.26962283	False
730	3.7118574968202807	0.6467194220407935	0.17423067092279218	CD55	0.26962283	False
731	3.7118574968202807	0.6467194220407935	0.17423067092279218	CR2	0.26962283	False
732	3.7118574968202807	0.6467194220407935	0.17423067092279218	CR1	0.26962283	False
733	3.7118574968202807	0.6467194220407935	0.17423067092279218	CR1L	0.26962283	False
734	3.7118574968202807	0.6467194220407935	0.17423067092279218	CD46	0.26962283	False
735	3.7118574968202807	0.6467194220407935	0.17423067092279218	MIR29B2CHG	0.26962283	False
736	3.7118574968202807	0.6467194220407935	0.17423067092279218	MIR29C	0.26962283	False
737	3.7118574968202807	0.6467194220407935	0.17423067092279218	MIR29B2	0.26962283	False
738	3.415904056918848	0.4833998929873935	0.1415144819446191	CD34	0.26962087	False
739	3.415904056918848	0.4833998929873935	0.1415144819446191	PLXNA2	0.26962087	False
740	3.1303022236021096	0.36831204373114973	0.11766021854187764	LINC01696	0.26961946	False
741	3.1303022236021096	0.36831204373114973	0.11766021854187764	MIR205HG	0.26961946	False
742	3.1303022236021096	0.36831204373114973	0.11766021854187764	MIR205	0.26961946	False
743	3.1303022236021096	0.36831204373114973	0.11766021854187764	CAMK1G	0.26961946	False
744	3.1303022236021096	0.36831204373114973	0.11766021854187764	LAMB3	0.26961946	False
745	3.1303022236021096	0.36831204373114973	0.11766021854187764	MIR4260	0.26961946	False
746	3.1303022236021096	0.36831204373114973	0.11766021854187764	HSD11B1-AS1	0.26961946	False
747	3.1303022236021096	0.36831204373114973	0.11766021854187764	G0S2	0.26961946	False
748	3.1303022236021096	0.36831204373114973	0.11766021854187764	HSD11B1	0.26961946	False
749	3.1303022236021096	0.36831204373114973	0.11766021854187764	TRAF3IP3	0.26961946	False
750	3.1303022236021096	0.36831204373114973	0.11766021854187764	C1orf74	0.26961946	False
751	3.1303022236021096	0.36831204373114973	0.11766021854187764	IRF6	0.26961946	False
752	3.1303022236021096	0.36831204373114973	0.11766021854187764	UTP25	0.26961946	False
753	3.3218724153376153	0.416464020785194	0.12537026372906832	SYT14	0.26962027	False
754	3.323271055481045	0.4250443629981202	0.12789939667939448	SERTAD4-AS1	0.2696201	False
755	3.323271055481045	0.4250443629981202	0.12789939667939448	SERTAD4	0.2696201	False
756	3.323271055481045	0.4250443629981202	0.12789939667939448	HHAT	0.2696201	False
757	3.530544623220434	0.543887869216323	0.1540521158234812	KCNH1	0.26962173	False
758	3.8145521804962326	0.8095227741033724	0.2122196094845561	RCOR3	0.2696249	False
759	3.8145521804962326	0.8095227741033724	0.2122196094845561	TRAF5	0.2696249	False
760	3.8145521804962326	0.8095227741033724	0.2122196094845561	LINC00467	0.2696249	False
761	3.8145521804962326	0.8095227741033724	0.2122196094845561	RD3	0.2696249	False
762	3.8145521804962326	0.8095227741033724	0.2122196094845561	SLC30A1	0.2696249	False
763	3.8145521804962326	0.8095227741033724	0.2122196094845561	LINC01693	0.2696249	False
764	3.8145521804962326	0.8095227741033724	0.2122196094845561	NEK2	0.2696249	False
765	3.8145521804962326	0.8095227741033724	0.2122196094845561	LPGAT1	0.2696249	False
766	3.7806775984366205	0.7686848055901239	0.20331932188769258	INTS7	0.2696244	False
767	3.7806775984366205	0.7686848055901239	0.20331932188769258	DTL	0.2696244	False
768	3.7806775984366205	0.7686848055901239	0.20331932188769258	MIR3122	0.2696244	False
769	3.96484229044828	0.9329780460397012	0.2353127760686328	LINC02608	0.26962635	False
770	3.96484229044828	0.9329780460397012	0.2353127760686328	PPP2R5A	0.26962635	False
771	3.96484229044828	0.9329780460397012	0.2353127760686328	SNORA16B	0.26962635	False
772	3.96484229044828	0.9329780460397012	0.2353127760686328	TMEM206	0.26962635	False
773	3.96484229044828	0.9329780460397012	0.2353127760686328	NENF	0.26962635	False
774	3.96484229044828	0.9329780460397012	0.2353127760686328	LINC01740	0.26962635	False
775	3.96484229044828	0.9329780460397012	0.2353127760686328	ATF3	0.26962635	False
776	3.96484229044828	0.9329780460397012	0.2353127760686328	FAM71A	0.26962635	False
777	3.96484229044828	0.9329780460397012	0.2353127760686328	BATF3	0.26962635	False
778	3.96484229044828	0.9329780460397012	0.2353127760686328	NSL1	0.26962635	False
779	3.96484229044828	0.9329780460397012	0.2353127760686328	TATDN3	0.26962635	False
780	3.96484229044828	0.9329780460397012	0.2353127760686328	SPATA45	0.26962635	False
781	3.96484229044828	0.9329780460397012	0.2353127760686328	FLVCR1-DT	0.26962635	False
782	3.96484229044828	0.9329780460397012	0.2353127760686328	FLVCR1	0.26962635	False
783	3.7718578426962535	0.7457268731004821	0.19770810677409065	VASH2	0.2696241	False
784	3.7718578426962535	0.7457268731004821	0.19770810677409065	ANGEL2	0.2696241	False
785	3.7718578426962535	0.7457268731004821	0.19770810677409065	RPS6KC1	0.2696241	False
786	3.6811678979312696	0.6824509914234579	0.1853898030043616	PROX1-AS1	0.26962298	False
787	3.6811678979312696	0.6824509914234579	0.1853898030043616	PROX1	0.26962298	False
788	3.5184425840281155	0.647157111206958	0.18393283270976538	SMYD2	0.2696219	False
789	3.5184425840281155	0.647157111206958	0.18393283270976538	PTPN14	0.2696219	False
790	3.5184425840281155	0.647157111206958	0.18393283270976538	CENPF	0.2696219	False
791	3.4319398213354155	0.581262136068356	0.16936839406530702	KCNK2	0.26962137	False
792	3.3465082973938545	0.6354453571284737	0.1898830962479121	KCTD3	0.2696213	False
793	3.273187835862062	0.5618157753425257	0.17164177661516938	USH2A	0.26962078	False
794	3.273187835862062	0.5618157753425257	0.17164177661516938	LOC102723833	0.26962078	False
795	3.2328745803679033	0.5787322181108479	0.17901474484203087	ESRRG	0.26962072	False
796	3.164110226307133	0.6155558626882199	0.1945431159668043	GPATCH2	0.26962078	False
797	3.164110226307133	0.6155558626882199	0.1945431159668043	SPATA17	0.26962078	False
798	3.164110226307133	0.6155558626882199	0.1945431159668043	SPATA17-AS1	0.26962078	False
799	3.173277502278071	0.5309845205518033	0.16732999876960453	LINC00210	0.26962027	False
800	3.173277502278071	0.5309845205518033	0.16732999876960453	LINC01653	0.26962027	False
801	3.1784405360778076	0.5801535069244284	0.18252772085531516	RRP15	0.26962036	False
802	3.1784405360778076	0.5801535069244284	0.18252772085531516	TGFB2-AS1	0.26962036	False
803	3.1784405360778076	0.5801535069244284	0.18252772085531516	TGFB2	0.26962036	False
804	3.1784405360778076	0.5801535069244284	0.18252772085531516	TGFB2-OT1	0.26962036	False
805	3.3133464682190574	0.5552402037098232	0.16757686195379018	LYPLAL1-DT	0.26962072	False
806	3.3912095212769984	0.6233787028119264	0.18382193695221347	LYPLAL1	0.26962143	False
807	3.576700508285891	0.6779363484128155	0.1895423860181438	SLC30A10	0.2696225	False
808	3.576700508285891	0.6779363484128155	0.1895423860181438	EPRS	0.2696225	False
809	3.576700508285891	0.6779363484128155	0.1895423860181438	BPNT1	0.2696225	False
810	3.576700508285891	0.6779363484128155	0.1895423860181438	IARS2	0.2696225	False
811	3.769115430324758	0.8565463929931797	0.2272539562205388	MIR215	0.2696244	False
812	3.769115430324758	0.8565463929931797	0.2272539562205388	MIR194-1	0.2696244	False
813	3.769115430324758	0.8565463929931797	0.2272539562205388	RAB3GAP2	0.2696244	False
814	3.769115430324758	0.8565463929931797	0.2272539562205388	MIR664A	0.2696244	False
815	3.769115430324758	0.8565463929931797	0.2272539562205388	SNORA36B	0.2696244	False
816	3.769115430324758	0.8565463929931797	0.2272539562205388	MARK1	0.2696244	False
817	3.769115430324758	0.8565463929931797	0.2272539562205388	C1orf115	0.2696244	False
818	3.769115430324758	0.8565463929931797	0.2272539562205388	MARC2	0.2696244	False
819	3.769115430324758	0.8565463929931797	0.2272539562205388	MARC1	0.2696244	False
820	3.769115430324758	0.8565463929931797	0.2272539562205388	LINC01352	0.2696244	False
821	3.769115430324758	0.8565463929931797	0.2272539562205388	HLX-AS1	0.2696244	False
822	3.769115430324758	0.8565463929931797	0.2272539562205388	HLX	0.2696244	False
823	4.033795279027417	1.1235350727711273	0.2785305140825147	C1orf140	0.26962766	False
824	4.033795279027417	1.1235350727711273	0.2785305140825147	DUSP10	0.26962766	False
825	4.033795279027417	1.1235350727711273	0.2785305140825147	LINC01655	0.26962766	False
826	4.244069735555201	1.354279127473157	0.3190991693957151	HHIPL2	0.2696304	False
827	4.244069735555201	1.354279127473157	0.3190991693957151	TAF1A	0.2696304	False
828	4.244069735555201	1.354279127473157	0.3190991693957151	TAF1A-AS1	0.2696304	False
829	4.244069735555201	1.354279127473157	0.3190991693957151	MIA3	0.2696304	False
830	4.244069735555201	1.354279127473157	0.3190991693957151	AIDA	0.2696304	False
831	4.244069735555201	1.354279127473157	0.3190991693957151	BROX	0.2696304	False
832	4.244069735555201	1.354279127473157	0.3190991693957151	FAM177B	0.2696304	False
833	4.244069735555201	1.354279127473157	0.3190991693957151	DISP1	0.2696304	False
834	4.184940484221416	1.1794869907024252	0.2818408039850206	FBXO28	0.26962888	False
835	4.184940484221416	1.1794869907024252	0.2818408039850206	DEGS1	0.26962888	False
836	4.184940484221416	1.1794869907024252	0.2818408039850206	LOC101927143	0.26962888	False
837	4.184940484221416	1.1794869907024252	0.2818408039850206	LOC101927164	0.26962888	False
838	4.184940484221416	1.1794869907024252	0.2818408039850206	NVL	0.26962888	False
839	4.184940484221416	1.1794869907024252	0.2818408039850206	MIR320B2	0.26962888	False
840	4.184940484221416	1.1794869907024252	0.2818408039850206	CNIH4	0.26962888	False
841	4.184940484221416	1.1794869907024252	0.2818408039850206	WDR26	0.26962888	False
842	4.184940484221416	1.1794869907024252	0.2818408039850206	MIR4742	0.26962888	False
843	4.184940484221416	1.1794869907024252	0.2818408039850206	CNIH3	0.26962888	False
844	4.111149639566188	1.1002924891603296	0.2676362053501982	DNAH14	0.26962826	False
845	4.111149639566188	1.1002924891603296	0.2676362053501982	LBR	0.26962826	False
846	4.111149639566188	1.1002924891603296	0.2676362053501982	ENAH	0.26962826	False
847	4.111149639566188	1.1002924891603296	0.2676362053501982	SRP9	0.26962826	False
848	4.111149639566188	1.1002924891603296	0.2676362053501982	EPHX1	0.26962826	False
849	4.111149639566188	1.1002924891603296	0.2676362053501982	TMEM63A	0.26962826	False
850	4.111149639566188	1.1002924891603296	0.2676362053501982	LEFTY1	0.26962826	False
851	4.111149639566188	1.1002924891603296	0.2676362053501982	PYCR2	0.26962826	False
852	4.111149639566188	1.1002924891603296	0.2676362053501982	MIR6741	0.26962826	False
853	4.111149639566188	1.1002924891603296	0.2676362053501982	LEFTY2	0.26962826	False
854	4.111149639566188	1.1002924891603296	0.2676362053501982	SDE2	0.26962826	False
855	4.111149639566188	1.1002924891603296	0.2676362053501982	H3F3AP4	0.26962826	False
856	4.111149639566188	1.1002924891603296	0.2676362053501982	H3F3A	0.26962826	False
857	4.111149639566188	1.1002924891603296	0.2676362053501982	ACBD3	0.26962826	False
858	4.111149639566188	1.1002924891603296	0.2676362053501982	MIXL1	0.26962826	False
859	4.111149639566188	1.1002924891603296	0.2676362053501982	LIN9	0.26962826	False
860	4.111149639566188	1.1002924891603296	0.2676362053501982	PARP1	0.26962826	False
861	4.111149639566188	1.1002924891603296	0.2676362053501982	STUM	0.26962826	False
862	4.111149639566188	1.1002924891603296	0.2676362053501982	ITPKB	0.26962826	False
863	4.111149639566188	1.1002924891603296	0.2676362053501982	ITPKB-IT1	0.26962826	False
864	4.111149639566188	1.1002924891603296	0.2676362053501982	PSEN2	0.26962826	False
865	4.111149639566188	1.1002924891603296	0.2676362053501982	COQ8A	0.26962826	False
866	4.111149639566188	1.1002924891603296	0.2676362053501982	CDC42BPA	0.26962826	False
867	4.083746352804829	1.0795895034414322	0.2643625265070493	ZNF678	0.26962778	False
868	4.083746352804829	1.0795895034414322	0.2643625265070493	SNAP47	0.26962778	False
869	4.083746352804829	1.0795895034414322	0.2643625265070493	JMJD4	0.26962778	False
870	4.083746352804829	1.0795895034414322	0.2643625265070493	PRSS38	0.26962778	False
871	4.083746352804829	1.0795895034414322	0.2643625265070493	WNT9A	0.26962778	False
872	4.083746352804829	1.0795895034414322	0.2643625265070493	MIR5008	0.26962778	False
873	4.083746352804829	1.0795895034414322	0.2643625265070493	WNT3A	0.26962778	False
874	4.083746352804829	1.0795895034414322	0.2643625265070493	ARF1	0.26962778	False
875	4.083746352804829	1.0795895034414322	0.2643625265070493	MIR3620	0.26962778	False
876	3.624169930509404	0.7482698393126704	0.20646654369418477	RAB4A	0.26962322	False
877	3.624169930509404	0.7482698393126704	0.20646654369418477	SPHAR	0.26962322	False
878	3.624169930509404	0.7482698393126704	0.20646654369418477	CCSAP	0.26962322	False
879	3.624169930509404	0.7482698393126704	0.20646654369418477	ACTA1	0.26962322	False
880	3.624169930509404	0.7482698393126704	0.20646654369418477	NUP133	0.26962322	False
881	3.624169930509404	0.7482698393126704	0.20646654369418477	LOC101927478	0.26962322	False
882	3.624169930509404	0.7482698393126704	0.20646654369418477	ABCB10	0.26962322	False
883	3.624169930509404	0.7482698393126704	0.20646654369418477	TAF5L	0.26962322	False
884	3.624169930509404	0.7482698393126704	0.20646654369418477	URB2	0.26962322	False
885	3.52350019383359	0.6334236407891654	0.17977113834070677	LINC01736	0.26962197	False
886	3.52350019383359	0.6334236407891654	0.17977113834070677	GALNT2	0.26962197	False
887	3.52350019383359	0.6334236407891654	0.17977113834070677	PGBD5	0.26962197	False
888	3.52350019383359	0.6334236407891654	0.17977113834070677	COG2	0.26962197	False
889	3.52350019383359	0.6334236407891654	0.17977113834070677	AGT	0.26962197	False
890	3.52350019383359	0.6334236407891654	0.17977113834070677	CAPN9	0.26962197	False
891	3.52350019383359	0.6334236407891654	0.17977113834070677	C1orf198	0.26962197	False
892	3.52350019383359	0.6334236407891654	0.17977113834070677	LOC101927604	0.26962197	False
893	3.275047963274198	0.45524460486391094	0.13900395046696798	TTC13	0.26962036	False
894	3.275047963274198	0.45524460486391094	0.13900395046696798	ARV1	0.26962036	False
895	3.275047963274198	0.45524460486391094	0.13900395046696798	FAM89A	0.26962036	False
896	3.275047963274198	0.45524460486391094	0.13900395046696798	MIR1182	0.26962036	False
897	3.275047963274198	0.45524460486391094	0.13900395046696798	TRIM67	0.26962036	False
898	3.275047963274198	0.45524460486391094	0.13900395046696798	LOC149373	0.26962036	False
899	3.275047963274198	0.45524460486391094	0.13900395046696798	C1orf131	0.26962036	False
900	3.275047963274198	0.45524460486391094	0.13900395046696798	GNPAT	0.26962036	False
901	3.275047963274198	0.45524460486391094	0.13900395046696798	EXOC8	0.26962036	False
902	3.275047963274198	0.45524460486391094	0.13900395046696798	SPRTN	0.26962036	False
903	3.275047963274198	0.45524460486391094	0.13900395046696798	EGLN1	0.26962036	False
904	3.275047963274198	0.45524460486391094	0.13900395046696798	TSNAX	0.26962036	False
905	3.275047963274198	0.45524460486391094	0.13900395046696798	TSNAX-DISC1	0.26962036	False
906	3.275047963274198	0.45524460486391094	0.13900395046696798	LINC00582	0.26962036	False
907	3.39249884530395	0.46361305595260166	0.13665827966142294	DISC1	0.26962078	False
908	3.39249884530395	0.46361305595260166	0.13665827966142294	DISC1-IT1	0.26962078	False
909	3.3309467190684168	0.46922001942923575	0.14086686428910064	SIPA1L2	0.26962063	False
910	3.3309467190684168	0.46922001942923575	0.14086686428910064	LINC01744	0.26962063	False
911	3.3309467190684168	0.46922001942923575	0.14086686428910064	MAP10	0.26962063	False
912	3.5822466558402533	0.5913969959909282	0.16509108746790355	NTPCR	0.2696224	False
913	3.5822466558402533	0.5913969959909282	0.16509108746790355	PCNX2	0.2696224	False
914	3.6770922597921487	0.6782010524985476	0.18443949854466898	MAP3K21	0.26962307	False
915	3.6770922597921487	0.6782010524985476	0.18443949854466898	KCNK1	0.26962307	False
916	3.6770922597921487	0.6782010524985476	0.18443949854466898	MIR4427	0.26962307	False
917	3.8981993790625227	0.810168444017035	0.2078314537651669	SLC35F3	0.26962492	False
918	4.314789808537164	1.1207871179428142	0.2597547430294856	MIR4671	0.26962912	False
919	4.314789808537164	1.1207871179428142	0.2597547430294856	COA6-AS1	0.26962912	False
920	4.314789808537164	1.1207871179428142	0.2597547430294856	COA6	0.26962912	False
921	4.314789808537164	1.1207871179428142	0.2597547430294856	TARBP1	0.26962912	False
922	4.314789808537164	1.1207871179428142	0.2597547430294856	LINC01354	0.26962912	False
923	4.314789808537164	1.1207871179428142	0.2597547430294856	IRF2BP2	0.26962912	False
924	4.314789808537164	1.1207871179428142	0.2597547430294856	LINC00184	0.26962912	False
925	4.314789808537164	1.1207871179428142	0.2597547430294856	LOC101927787	0.26962912	False
926	4.314789808537164	1.1207871179428142	0.2597547430294856	LINC01132	0.26962912	False
927	4.0503533391312585	0.8822638501427195	0.21782392208082077	LOC101927851	0.26962602	False
928	4.148535859834685	0.9680816239918087	0.23335500926111938	TOMM20	0.26962712	False
929	4.148535859834685	0.9680816239918087	0.23335500926111938	SNORA14B	0.26962712	False
930	4.148535859834685	0.9680816239918087	0.23335500926111938	RBM34	0.26962712	False
931	4.148535859834685	0.9680816239918087	0.23335500926111938	ARID4B	0.26962712	False
932	4.148535859834685	0.9680816239918087	0.23335500926111938	MIR4753	0.26962712	False
933	4.148535859834685	0.9680816239918087	0.23335500926111938	GGPS1	0.26962712	False
934	4.148535859834685	0.9680816239918087	0.23335500926111938	TBCE	0.26962712	False
935	4.148535859834685	0.9680816239918087	0.23335500926111938	B3GALNT2	0.26962712	False
936	4.148535859834685	0.9680816239918087	0.23335500926111938	GNG4	0.26962712	False
937	4.148535859834685	0.9680816239918087	0.23335500926111938	LYST	0.26962712	False
938	4.148535859834685	0.9680816239918087	0.23335500926111938	MIR1537	0.26962712	False
939	3.7557668819220043	0.717362484305304	0.19100293145409375	NID1	0.2696237	False
940	3.5507936042428616	0.6282603739825816	0.17693519928386434	GPR137B	0.26962218	False
941	3.5507936042428616	0.6282603739825816	0.17693519928386434	ERO1B	0.26962218	False
942	3.5507936042428616	0.6282603739825816	0.17693519928386434	EDARADD	0.26962218	False
943	3.5507936042428616	0.6282603739825816	0.17693519928386434	LGALS8	0.26962218	False
944	3.5507936042428616	0.6282603739825816	0.17693519928386434	LGALS8-AS1	0.26962218	False
945	3.5507936042428616	0.6282603739825816	0.17693519928386434	HEATR1	0.26962218	False
946	3.5507936042428616	0.6282603739825816	0.17693519928386434	ACTN2	0.26962218	False
947	3.1628414975009025	0.4120003907556238	0.1302627371877987	MTR	0.26961982	False
948	3.1628414975009025	0.4120003907556238	0.1302627371877987	MT1HL1	0.26961982	False
949	3.1628414975009025	0.4120003907556238	0.1302627371877987	RYR2	0.26961982	False
950	2.7025832117452984	0.2872769347575576	0.10629716543382113	C1orf100	0.26961845	False
951	2.7025832117452984	0.2872769347575576	0.10629716543382113	ADSS	0.26961845	False
952	2.7025832117452984	0.2872769347575576	0.10629716543382113	CATSPERE	0.26961845	False
953	2.7025832117452984	0.2872769347575576	0.10629716543382113	DESI2	0.26961845	False
954	2.7025832117452984	0.2872769347575576	0.10629716543382113	COX20	0.26961845	False
955	2.7025832117452984	0.2872769347575576	0.10629716543382113	HNRNPU	0.26961845	False
956	2.6965456095125675	0.26599739678592205	0.09864375957431115	EHBP1	0.2696184	False
957	2.6965456095125675	0.26599739678592205	0.09864375957431115	LOC100132215	0.2696184	False
958	2.6965456095125675	0.26599739678592205	0.09864375957431115	OTX1	0.2696184	False
959	2.813480007739018	0.32040584334058053	0.11388239563076426	WDPCP	0.26961875	False
960	2.813480007739018	0.32040584334058053	0.11388239563076426	MDH1	0.26961875	False
961	2.813480007739018	0.32040584334058053	0.11388239563076426	UGP2	0.26961875	False
962	2.7686259249189296	0.2908515582495205	0.10505267455300492	VPS54	0.26961854	False
963	2.7686259249189296	0.2908515582495205	0.10505267455300492	PELI1	0.26961854	False
964	2.828610920311556	0.37255305499289276	0.1317088371248521	LOC100507006	0.269619	False
965	2.828610920311556	0.37255305499289276	0.1317088371248521	LINC00309	0.269619	False
966	2.828610920311556	0.37255305499289276	0.1317088371248521	MIR4433B	0.269619	False
967	2.828610920311556	0.37255305499289276	0.1317088371248521	LGALSL	0.269619	False
968	2.828610920311556	0.37255305499289276	0.1317088371248521	AFTPH	0.269619	False
969	2.828610920311556	0.37255305499289276	0.1317088371248521	LINC02579	0.269619	False
970	2.828610920311556	0.37255305499289276	0.1317088371248521	SERTAD2	0.269619	False
971	2.828610920311556	0.37255305499289276	0.1317088371248521	LINC01800	0.269619	False
972	2.7595746317223844	0.24809723342225407	0.08990415789820641	AFF3	0.26961827	False
973	2.7595746317223844	0.24809723342225407	0.08990415789820641	LINC01104	0.26961827	False
974	2.7595746317223844	0.24809723342225407	0.08990415789820641	LONRF2	0.26961827	False
975	2.7595746317223844	0.24809723342225407	0.08990415789820641	CHST10	0.26961827	False
976	2.7595746317223844	0.24809723342225407	0.08990415789820641	NMS	0.26961827	False
977	2.7595746317223844	0.24809723342225407	0.08990415789820641	PDCL3	0.26961827	False
978	2.786725684213122	0.24950038176613154	0.0895317336684978	NPAS2	0.2696183	False
979	2.786725684213122	0.24950038176613154	0.0895317336684978	LOC101927142	0.2696183	False
980	2.786725684213122	0.24950038176613154	0.0895317336684978	RPL31	0.2696183	False
981	2.786725684213122	0.24950038176613154	0.0895317336684978	TBC1D8	0.2696183	False
982	2.9180252261562303	0.32937889392807496	0.1128773291524794	CNOT11	0.26961875	False
983	2.9180252261562303	0.32937889392807496	0.1128773291524794	RNF149	0.26961875	False
984	2.9180252261562303	0.32937889392807496	0.1128773291524794	SNORD89	0.26961875	False
985	2.9180252261562303	0.32937889392807496	0.1128773291524794	MIR5696	0.26961875	False
986	2.9180252261562303	0.32937889392807496	0.1128773291524794	CREG2	0.26961875	False
987	2.9180252261562303	0.32937889392807496	0.1128773291524794	RFX8	0.26961875	False
988	2.9180252261562303	0.32937889392807496	0.1128773291524794	MAP4K4	0.26961875	False
989	2.7382352104817422	0.2597407303937192	0.09485698284773081	LINC01127	0.26961833	False
990	2.7382352104817422	0.2597407303937192	0.09485698284773081	IL1R2	0.26961833	False
991	2.7382352104817422	0.2597407303937192	0.09485698284773081	IL1R1	0.26961833	False
992	2.7056513539271125	0.24459595476644794	0.09040187473209717	FBLN7	0.26961836	False
993	2.7056513539271125	0.24459595476644794	0.09040187473209717	ZC3H8	0.26961836	False
994	2.7056513539271125	0.24459595476644794	0.09040187473209717	ZC3H6	0.26961836	False
995	2.7056513539271125	0.24459595476644794	0.09040187473209717	TTL	0.26961836	False
996	2.7056513539271125	0.24459595476644794	0.09040187473209717	POLR1B	0.26961836	False
997	2.7056513539271125	0.24459595476644794	0.09040187473209717	CHCHD5	0.26961836	False
998	2.7056513539271125	0.24459595476644794	0.09040187473209717	FLJ42351	0.26961836	False
999	2.7056513539271125	0.24459595476644794	0.09040187473209717	SLC20A1	0.26961836	False
1000	2.7056513539271125	0.24459595476644794	0.09040187473209717	CKAP2L	0.26961836	False
1001	2.7056513539271125	0.24459595476644794	0.09040187473209717	IL1A	0.26961836	False
1002	2.7056513539271125	0.24459595476644794	0.09040187473209717	IL1B	0.26961836	False
1003	2.7499699940771594	0.2959939132463767	0.10763532470677264	IL1RN	0.26961863	False
1004	2.7499699940771594	0.2959939132463767	0.10763532470677264	PSD4	0.26961863	False
1005	2.7499699940771594	0.2959939132463767	0.10763532470677264	PAX8-AS1	0.26961863	False
1006	2.7499699940771594	0.2959939132463767	0.10763532470677264	PAX8	0.26961863	False
1007	2.7499699940771594	0.2959939132463767	0.10763532470677264	CBWD2	0.26961863	False
1008	2.7499699940771594	0.2959939132463767	0.10763532470677264	FOXD4L1	0.26961863	False
1009	2.7499699940771594	0.2959939132463767	0.10763532470677264	PGM5P4-AS1	0.26961863	False
1010	2.7499699940771594	0.2959939132463767	0.10763532470677264	FAM138B	0.26961863	False
1011	2.7499699940771594	0.2959939132463767	0.10763532470677264	MIR1302-3	0.26961863	False
1012	2.7499699940771594	0.2959939132463767	0.10763532470677264	RABL2A	0.26961863	False
1013	2.7499699940771594	0.2959939132463767	0.10763532470677264	SLC35F5	0.26961863	False
1014	2.7499699940771594	0.2959939132463767	0.10763532470677264	MIR4782	0.26961863	False
1015	2.7499699940771594	0.2959939132463767	0.10763532470677264	ACTR3-AS1	0.26961863	False
1016	3.146064217413833	1.231231563417857	0.3913561447992213	ZEB2	0.26962417	False
1017	3.146064217413833	1.231231563417857	0.3913561447992213	ZEB2-AS1	0.26962417	False
1018	3.146064217413833	1.231231563417857	0.3913561447992213	LINC01412	0.26962417	False
1019	2.9943300701765887	0.6357602953680755	0.2123213808992614	LINC01876	0.2696203	False
1020	3.2855145994120583	0.8706711041294312	0.2650029630929771	NR4A2	0.26962203	False
1021	3.2855145994120583	0.8706711041294312	0.2650029630929771	GPD2	0.26962203	False
1022	3.075100007259175	0.566314315435434	0.18416126763310953	GALNT5	0.2696201	False
1023	3.075100007259175	0.566314315435434	0.18416126763310953	ERMN	0.2696201	False
1024	3.075100007259175	0.566314315435434	0.18416126763310953	CYTIP	0.2696201	False
1025	3.075100007259175	0.566314315435434	0.18416126763310953	ACVR1C	0.2696201	False
1026	3.075100007259175	0.566314315435434	0.18416126763310953	ACVR1	0.2696201	False
1027	2.9158507027867677	0.42290550789529957	0.14503674947798798	UPP2	0.26961935	False
1028	2.764068531370634	0.36105116229396605	0.13062308629335237	CCDC148-AS1	0.26961872	False
1029	2.764068531370634	0.36105116229396605	0.13062308629335237	CCDC148	0.26961872	False
1030	2.764068531370634	0.36105116229396605	0.13062308629335237	PKP4	0.26961872	False
1031	2.764068531370634	0.36105116229396605	0.13062308629335237	PKP4-AS1	0.26961872	False
1032	2.764068531370634	0.36105116229396605	0.13062308629335237	DAPL1	0.26961872	False
1033	2.7766603211954908	0.3234464972234616	0.11648760014123792	TANC1	0.2696187	False
1034	2.8715200245720474	0.38025347680390226	0.1324223663948061	LY75-CD302	0.2696191	False
1035	2.8715200245720474	0.38025347680390226	0.1324223663948061	LY75	0.2696191	False
1036	2.8715200245720474	0.38025347680390226	0.1324223663948061	PLA2R1	0.2696191	False
1037	2.8715200245720474	0.38025347680390226	0.1324223663948061	ITGB6	0.2696191	False
1038	2.980537359523272	0.5100545415121114	0.17112838390782428	LINC02478	0.26961973	False
1039	2.980537359523272	0.5100545415121114	0.17112838390782428	RBMS1	0.26961973	False
1040	2.980537359523272	0.5100545415121114	0.17112838390782428	MIR4785	0.26961973	False
1041	3.2638566895530667	0.7441675037138987	0.22800250577662484	TANK	0.26962158	False
1042	3.2638566895530667	0.7441675037138987	0.22800250577662484	LOC101929512	0.26962158	False
1043	3.2638566895530667	0.7441675037138987	0.22800250577662484	LINC01806	0.26962158	False
1044	3.2638566895530667	0.7441675037138987	0.22800250577662484	PSMD14	0.26962158	False
1045	3.2638566895530667	0.7441675037138987	0.22800250577662484	TBR1	0.26962158	False
1046	3.2847108528468425	0.6885461734588177	0.20962154792470034	SLC4A10	0.26962128	False
1047	3.2847108528468425	0.6885461734588177	0.20962154792470034	DPP4	0.26962128	False
1048	3.4405399828894323	0.9098879912874147	0.2644608101671509	GCG	0.26962292	False
1049	3.4405399828894323	0.9098879912874147	0.2644608101671509	LOC101929532	0.26962292	False
1050	3.4405399828894323	0.9098879912874147	0.2644608101671509	FAP	0.26962292	False
1051	3.4405399828894323	0.9098879912874147	0.2644608101671509	IFIH1	0.26962292	False
1052	3.4405399828894323	0.9098879912874147	0.2644608101671509	GCA	0.26962292	False
1053	3.4405399828894323	0.9098879912874147	0.2644608101671509	KCNH7	0.26962292	False
1054	3.4405399828894323	0.9098879912874147	0.2644608101671509	LOC101929570	0.26962292	False
1055	3.3370571165752136	0.8466582777595454	0.25371405048903145	FIGN	0.2696224	False
1056	3.316724297386671	0.8403434400457901	0.2533654789178339	GRB14	0.26962245	False
1057	3.316724297386671	0.8403434400457901	0.2533654789178339	COBLL1	0.26962245	False
1058	3.316724297386671	0.8403434400457901	0.2533654789178339	SNORA70F	0.26962245	False
1059	3.316724297386671	0.8403434400457901	0.2533654789178339	LOC101929633	0.26962245	False
1060	3.07768582186195	0.6204701669303578	0.20160282850280783	SLC38A11	0.26962048	False
1061	3.07768582186195	0.6204701669303578	0.20160282850280783	SCN3A	0.26962048	False
1062	2.824114315515012	0.30422483592565236	0.10772398066689917	UBR3	0.26961863	False
1063	2.944414642502891	0.3606108854680556	0.12247286107826151	MYO3B	0.269619	False
1064	2.944414642502891	0.3606108854680556	0.12247286107826151	MYO3B-AS1	0.269619	False
1065	2.944414642502891	0.3606108854680556	0.12247286107826151	LINC01124	0.269619	False
1066	2.944414642502891	0.3606108854680556	0.12247286107826151	SP5	0.269619	False
1067	2.944414642502891	0.3606108854680556	0.12247286107826151	LOC101926913	0.269619	False
1068	2.944414642502891	0.3606108854680556	0.12247286107826151	ERICH2	0.269619	False
1069	2.944414642502891	0.3606108854680556	0.12247286107826151	GAD1	0.269619	False
1070	3.102893696328835	0.3831815873808176	0.12349169029998545	GORASP2	0.2696194	False
1071	3.102893696328835	0.3831815873808176	0.12349169029998545	TLK1	0.2696194	False
1072	3.2773278615433727	0.4890678663485241	0.14922762903501827	METTL8	0.2696204	False
1073	3.2773278615433727	0.4890678663485241	0.14922762903501827	DCAF17	0.2696204	False
1074	3.2773278615433727	0.4890678663485241	0.14922762903501827	CYBRD1	0.2696204	False
1075	3.2773278615433727	0.4890678663485241	0.14922762903501827	DYNC1I2	0.2696204	False
1076	3.3177668592418827	0.4772626729390652	0.1438505757599016	SLC25A12	0.26962045	False
1077	3.3177668592418827	0.4772626729390652	0.1438505757599016	HAT1	0.26962045	False
1078	3.3177668592418827	0.4772626729390652	0.1438505757599016	METAP1D	0.26962045	False
1079	3.3177668592418827	0.4772626729390652	0.1438505757599016	DLX1	0.26962045	False
1080	3.3177668592418827	0.4772626729390652	0.1438505757599016	DLX2	0.26962045	False
1081	3.493992433673326	0.6133118692739559	0.17553325627244273	DLX2-DT	0.2696218	False
1082	3.493992433673326	0.6133118692739559	0.17553325627244273	ITGA6	0.2696218	False
1083	3.493992433673326	0.6133118692739559	0.17553325627244273	PDK1	0.2696218	False
1084	3.493992433673326	0.6133118692739559	0.17553325627244273	RAPGEF4-AS1	0.2696218	False
1085	3.345574476079823	0.5092085526471394	0.15220362191542197	RAPGEF4	0.26962084	False
1086	3.345574476079823	0.5092085526471394	0.15220362191542197	MAP3K20	0.26962084	False
1087	3.387045443989201	0.5488839024288967	0.16205389372704465	MAP3K20-AS1	0.269621	False
1088	3.387045443989201	0.5488839024288967	0.16205389372704465	CDCA7	0.269621	False
1089	3.161115443748585	0.3996101025479647	0.12641427042414183	SP3	0.26961967	False
1090	3.161115443748585	0.3996101025479647	0.12641427042414183	OLA1	0.26961967	False
1091	3.0447374388887893	0.3886356531418158	0.12764176253031942	LINC01305	0.26961935	False
1092	3.0447374388887893	0.3886356531418158	0.12764176253031942	SP9	0.26961935	False
1093	3.0447374388887893	0.3886356531418158	0.12764176253031942	CIR1	0.26961935	False
1094	3.0447374388887893	0.3886356531418158	0.12764176253031942	SCRN3	0.26961935	False
1095	3.0447374388887893	0.3886356531418158	0.12764176253031942	GPR155	0.26961935	False
1096	3.0447374388887893	0.3886356531418158	0.12764176253031942	WIPF1	0.26961935	False
1097	3.0447374388887893	0.3886356531418158	0.12764176253031942	CHRNA1	0.26961935	False
1098	2.8955356482404584	0.30517697335689453	0.10539568854638091	CHN1	0.26961872	False
1099	2.8955356482404584	0.30517697335689453	0.10539568854638091	ATF2	0.26961872	False
1100	2.737167638637152	0.3118702522167246	0.11393903968994978	MIR933	0.26961854	False
1101	2.737167638637152	0.3118702522167246	0.11393903968994978	ATP5MC3	0.26961854	False
1102	2.7210194967442707	0.28248306012354707	0.10381515474679293	LNPK	0.2696183	False
1103	2.7210194967442707	0.28248306012354707	0.10381515474679293	EVX2	0.2696183	False
1104	2.7210194967442707	0.28248306012354707	0.10381515474679293	HOXD13	0.2696183	False
1105	2.7210194967442707	0.28248306012354707	0.10381515474679293	HOXD12	0.2696183	False
1106	2.79730802337644	0.39368427622542657	0.14073683446209728	HNRNPA3	0.2696191	False
1107	2.79730802337644	0.39368427622542657	0.14073683446209728	NFE2L2	0.2696191	False
1108	2.79730802337644	0.39368427622542657	0.14073683446209728	MIR3128	0.2696191	False
1109	2.79730802337644	0.39368427622542657	0.14073683446209728	LOC100130691	0.2696191	False
1110	2.79730802337644	0.39368427622542657	0.14073683446209728	MIR6512	0.2696191	False
1111	2.79730802337644	0.39368427622542657	0.14073683446209728	AGPS	0.2696191	False
1112	2.79730802337644	0.39368427622542657	0.14073683446209728	TTC30B	0.2696191	False
1113	2.79730802337644	0.39368427622542657	0.14073683446209728	TTC30A	0.2696191	False
1114	2.798048240392768	0.3713173130404881	0.13270582961370442	PDE11A	0.2696189	False
1115	2.897894977095727	0.4690135135171628	0.16184627711636693	RBM45	0.2696194	False
1116	2.897894977095727	0.4690135135171628	0.16184627711636693	OSBPL6	0.2696194	False
1117	2.897894977095727	0.4690135135171628	0.16184627711636693	PRKRA-AS1	0.2696194	False
1118	2.897894977095727	0.4690135135171628	0.16184627711636693	PRKRA	0.2696194	False
1119	2.897894977095727	0.4690135135171628	0.16184627711636693	PJVK	0.2696194	False
1120	2.897894977095727	0.4690135135171628	0.16184627711636693	FKBP7	0.2696194	False
1121	2.897894977095727	0.4690135135171628	0.16184627711636693	PLEKHA3	0.2696194	False
1122	2.897894977095727	0.4690135135171628	0.16184627711636693	TTN-AS1	0.2696194	False
1123	2.897894977095727	0.4690135135171628	0.16184627711636693	TTN	0.2696194	False
1124	2.897894977095727	0.4690135135171628	0.16184627711636693	LOC101927055	0.2696194	False
1125	2.8416598198217407	0.4122924261590855	0.1450885933929097	CCDC141	0.26961917	False
1126	2.900021172608436	0.49807951874634776	0.17175030425669205	SESTD1	0.26961964	False
1127	2.900021172608436	0.49807951874634776	0.17175030425669205	ZNF385B	0.26961964	False
1128	2.900021172608436	0.49807951874634776	0.17175030425669205	MIR1258	0.26961964	False
1129	2.823937394573051	0.4343017467884378	0.1537929798383861	CWC22	0.2696193	False
1130	3.0617570205862625	0.7671374390313505	0.25055464358319973	FSIP2-AS2	0.2696211	False
1131	3.0617570205862625	0.7671374390313505	0.25055464358319973	FSIP2	0.2696211	False
1132	3.0087261739603752	0.6514192539050292	0.21650998337531274	LINC01473	0.2696204	False
1133	3.121953756354114	0.8209689021304801	0.26296638778186954	ZC3H15	0.26962137	False
1134	3.121953756354114	0.8209689021304801	0.26296638778186954	ITGAV	0.26962137	False
1135	3.121953756354114	0.8209689021304801	0.26296638778186954	FAM171B	0.26962137	False
1136	3.121953756354114	0.8209689021304801	0.26296638778186954	ZSWIM2	0.26962137	False
1137	3.1697463601207327	0.7530673074251596	0.23757967416562503	CALCRL	0.26962125	False
1138	3.1697463601207327	0.7530673074251596	0.23757967416562503	TFPI	0.26962125	False
1139	3.272227603027016	0.6926544521846705	0.21167673408289864	LINC01090	0.26962125	False
1140	3.3562726260191624	0.7963107088037287	0.23726043666131613	GULP1	0.26962197	False
1141	3.3562726260191624	0.7963107088037287	0.23726043666131613	MIR561	0.26962197	False
1142	3.3562726260191624	0.7963107088037287	0.23726043666131613	DIRC1	0.26962197	False
1143	3.469818836347942	0.7483065162910139	0.21566155225516684	COL3A1	0.2696221	False
1144	3.469818836347942	0.7483065162910139	0.21566155225516684	MIR1245A	0.2696221	False
1145	3.469818836347942	0.7483065162910139	0.21566155225516684	COL5A2	0.2696221	False
1146	3.722079433330743	0.9548500801619552	0.25653672826307666	MIR3129	0.2696241	False
1147	3.722079433330743	0.9548500801619552	0.25653672826307666	WDR75	0.2696241	False
1148	3.722079433330743	0.9548500801619552	0.25653672826307666	SLC40A1	0.2696241	False
1149	3.722079433330743	0.9548500801619552	0.25653672826307666	ASNSD1	0.2696241	False
1150	3.722079433330743	0.9548500801619552	0.25653672826307666	ANKAR	0.2696241	False
1151	3.722079433330743	0.9548500801619552	0.25653672826307666	OSGEPL1	0.2696241	False
1152	3.722079433330743	0.9548500801619552	0.25653672826307666	OSGEPL1-AS1	0.2696241	False
1153	3.722079433330743	0.9548500801619552	0.25653672826307666	ORMDL1	0.2696241	False
1154	3.722079433330743	0.9548500801619552	0.25653672826307666	PMS1	0.2696241	False
1155	3.748817196892501	0.8893577434867085	0.23723689280552862	C2orf88	0.2696239	False
1156	3.748817196892501	0.8893577434867085	0.23723689280552862	MSTN	0.2696239	False
1157	3.900685407613561	1.066498417561086	0.2734130815777758	HIBCH	0.2696256	False
1158	3.900685407613561	1.066498417561086	0.2734130815777758	INPP1	0.2696256	False
1159	3.900685407613561	1.066498417561086	0.2734130815777758	MFSD6	0.2696256	False
1160	3.900685407613561	1.066498417561086	0.2734130815777758	NEMP2	0.2696256	False
1161	3.900685407613561	1.066498417561086	0.2734130815777758	NAB1	0.2696256	False
1162	3.8217837238586965	0.9516560012919411	0.24900833486492885	GLS	0.26962456	False
1163	3.8217837238586965	0.9516560012919411	0.24900833486492885	STAT1	0.26962456	False
1164	3.8217837238586965	0.9516560012919411	0.24900833486492885	STAT4	0.26962456	False
1165	3.853632456240838	1.0761939375339584	0.27926740542967343	MYO1B	0.26962572	False
1166	3.853632456240838	1.0761939375339584	0.27926740542967343	NABP1	0.26962572	False
1167	3.853632456240838	1.0761939375339584	0.27926740542967343	CAVIN2	0.26962572	False
1168	3.383243711253155	0.7215957285218706	0.2132851754432409	TMEFF2	0.26962197	False
1169	3.2265936097384786	0.7259926562883401	0.22500281848236325	PCGEM1	0.2696215	False
1170	2.9801376246397413	0.7725889414713185	0.2592460613508459	SLC39A10	0.269621	False
1171	2.9460727805088953	0.6538624182755131	0.2219437423954499	DNAH7	0.26962054	False
1172	3.029304604712545	0.7078003765661675	0.23365110773775474	STK17B	0.26962084	False
1173	3.029304604712545	0.7078003765661675	0.23365110773775474	HECW2	0.26962084	False
1174	3.029304604712545	0.7078003765661675	0.23365110773775474	HECW2-AS1	0.26962084	False
1175	3.029304604712545	0.7078003765661675	0.23365110773775474	CCDC150	0.26962084	False
1176	3.029304604712545	0.7078003765661675	0.23365110773775474	GTF3C3	0.26962084	False
1177	3.029304604712545	0.7078003765661675	0.23365110773775474	C2orf66	0.26962084	False
1178	2.940005074940887	0.5659261462780794	0.19249155421592531	PGAP1	0.26961997	False
1179	2.940005074940887	0.5659261462780794	0.19249155421592531	ANKRD44	0.26961997	False
1180	2.970620691439432	0.6161726916625793	0.2074222042007016	ANKRD44-IT1	0.26962027	False
1181	2.970620691439432	0.6161726916625793	0.2074222042007016	SF3B1	0.26962027	False
1182	2.970620691439432	0.6161726916625793	0.2074222042007016	COQ10B	0.26962027	False
1183	2.970620691439432	0.6161726916625793	0.2074222042007016	HSPD1	0.26962027	False
1184	2.970620691439432	0.6161726916625793	0.2074222042007016	HSPE1	0.26962027	False
1185	2.970620691439432	0.6161726916625793	0.2074222042007016	HSPE1-MOB4	0.26962027	False
1186	2.970620691439432	0.6161726916625793	0.2074222042007016	MOB4	0.26962027	False
1187	2.970620691439432	0.6161726916625793	0.2074222042007016	RFTN2	0.26962027	False
1188	2.970620691439432	0.6161726916625793	0.2074222042007016	MARS2	0.26962027	False
1189	2.970620691439432	0.6161726916625793	0.2074222042007016	BOLL	0.26962027	False
1190	2.9670475481368555	0.4416399724792465	0.14884829626561677	PLCL1	0.26961946	False
1191	2.948308486965905	0.4334866719976641	0.14702894012416046	LINC01923	0.26961938	False
1192	3.1544567292558003	0.45721356398815155	0.14494209406892622	SATB2	0.26961985	False
1193	3.1544567292558003	0.45721356398815155	0.14494209406892622	SATB2-AS1	0.26961985	False
1194	3.1544567292558003	0.45721356398815155	0.14494209406892622	LINC01877	0.26961985	False
1195	3.1544567292558003	0.45721356398815155	0.14494209406892622	FTCDNL1	0.26961985	False
1196	3.303567139126171	0.4639797751157287	0.14044811428850099	C2orf69	0.26962036	False
1197	3.303567139126171	0.4639797751157287	0.14044811428850099	TYW5	0.26962036	False
1198	3.303567139126171	0.4639797751157287	0.14044811428850099	MAIP1	0.26962036	False
1199	3.5511792145121346	0.6316025242266953	0.1778571246547087	SPATS2L	0.26962197	False
1200	3.5511792145121346	0.6316025242266953	0.1778571246547087	KCTD18	0.26962197	False
1201	3.5511792145121346	0.6316025242266953	0.1778571246547087	SGO2	0.26962197	False
1202	3.5511792145121346	0.6316025242266953	0.1778571246547087	AOX1	0.26962197	False
1203	3.5511792145121346	0.6316025242266953	0.1778571246547087	LINC01792	0.26962197	False
1204	3.5511792145121346	0.6316025242266953	0.1778571246547087	LOC101927795	0.26962197	False
1205	3.5511792145121346	0.6316025242266953	0.1778571246547087	BZW1	0.26962197	False
1206	3.5511792145121346	0.6316025242266953	0.1778571246547087	CLK1	0.26962197	False
1207	3.5511792145121346	0.6316025242266953	0.1778571246547087	PPIL3	0.26962197	False
1208	3.601992279809055	0.600672108039487	0.16676107592083156	NIF3L1	0.26962203	False
1209	3.601992279809055	0.600672108039487	0.16676107592083156	ORC2	0.26962203	False
1210	3.601992279809055	0.600672108039487	0.16676107592083156	FAM126B	0.26962203	False
1211	3.601992279809055	0.600672108039487	0.16676107592083156	NDUFB3	0.26962203	False
1212	3.7207212683340085	0.6706550236626081	0.1802486602182111	CFLAR	0.26962292	False
1213	3.7207212683340085	0.6706550236626081	0.1802486602182111	CFLAR-AS1	0.26962292	False
1214	3.7207212683340085	0.6706550236626081	0.1802486602182111	CASP10	0.26962292	False
1215	3.7207212683340085	0.6706550236626081	0.1802486602182111	CASP8	0.26962292	False
1216	3.7207212683340085	0.6706550236626081	0.1802486602182111	ALS2CR12	0.26962292	False
1217	3.7207212683340085	0.6706550236626081	0.1802486602182111	TRAK2	0.26962292	False
1218	3.7207212683340085	0.6706550236626081	0.1802486602182111	STRADB	0.26962292	False
1219	3.7207212683340085	0.6706550236626081	0.1802486602182111	C2CD6	0.26962292	False
1220	3.7207212683340085	0.6706550236626081	0.1802486602182111	TMEM237	0.26962292	False
1221	3.7207212683340085	0.6706550236626081	0.1802486602182111	MPP4	0.26962292	False
1222	3.7207212683340085	0.6706550236626081	0.1802486602182111	ALS2	0.26962292	False
1223	3.7207212683340085	0.6706550236626081	0.1802486602182111	CDK15	0.26962292	False
1224	3.6256980928861005	0.6010757989832165	0.16578208763784652	FZD7	0.2696222	False
1225	3.6256980928861005	0.6010757989832165	0.16578208763784652	KIAA2012	0.2696222	False
1226	3.693075300348622	0.6908322763471137	0.18706151923896597	KIAA2012-AS1	0.26962316	False
1227	3.693075300348622	0.6908322763471137	0.18706151923896597	SUMO1	0.26962316	False
1228	3.693075300348622	0.6908322763471137	0.18706151923896597	NOP58	0.26962316	False
1229	3.693075300348622	0.6908322763471137	0.18706151923896597	SNORD70	0.26962316	False
1230	3.693075300348622	0.6908322763471137	0.18706151923896597	SNORD11B	0.26962316	False
1231	3.693075300348622	0.6908322763471137	0.18706151923896597	SNORD11	0.26962316	False
1232	3.693075300348622	0.6908322763471137	0.18706151923896597	BMPR2	0.26962316	False
1233	3.693075300348622	0.6908322763471137	0.18706151923896597	FAM117B	0.26962316	False
1234	3.693075300348622	0.6908322763471137	0.18706151923896597	ICA1L	0.26962316	False
1235	3.538996576038467	0.5815007040327712	0.16431231043566022	WDR12	0.26962203	False
1236	3.538996576038467	0.5815007040327712	0.16431231043566022	CARF	0.26962203	False
1237	3.538996576038467	0.5815007040327712	0.16431231043566022	NBEAL1	0.26962203	False
1238	3.47658766819996	0.5934997428583034	0.17071329691668444	CYP20A1	0.26962173	False
1239	3.47658766819996	0.5934997428583034	0.17071329691668444	ABI2	0.26962173	False
1240	3.47658766819996	0.5934997428583034	0.17071329691668444	RAPH1	0.26962173	False
1241	3.47658766819996	0.5934997428583034	0.17071329691668444	CD28	0.26962173	False
1242	3.47658766819996	0.5934997428583034	0.17071329691668444	CTLA4	0.26962173	False
1243	3.1823737575244846	0.4221056960679864	0.13263863022687045	ICOS	0.26961988	False
1244	2.916784113562344	0.31619820378614183	0.1084064474692852	PARD3B	0.2696188	False
1245	2.793973516145889	0.3143603130791008	0.11251370539572655	NRP2	0.26961857	False
1246	2.873288874505879	0.30282232084786453	0.10539222962743036	INO80D	0.26961857	False
1247	2.8162700150207765	0.3255812878144043	0.11560726992720632	NDUFS1	0.26961863	False
1248	2.8162700150207765	0.3255812878144043	0.11560726992720632	EEF1B2	0.26961863	False
1249	2.8162700150207765	0.3255812878144043	0.11560726992720632	SNORD51	0.26961863	False
1250	2.8162700150207765	0.3255812878144043	0.11560726992720632	SNORA41	0.26961863	False
1251	2.8162700150207765	0.3255812878144043	0.11560726992720632	GPR1	0.26961863	False
1252	2.8162700150207765	0.3255812878144043	0.11560726992720632	GPR1-AS	0.26961863	False
1253	2.8162700150207765	0.3255812878144043	0.11560726992720632	ZDBF2	0.26961863	False
1254	2.8162700150207765	0.3255812878144043	0.11560726992720632	ADAM23	0.26961863	False
1255	2.8162700150207765	0.3255812878144043	0.11560726992720632	FAM237A	0.26961863	False
1256	2.8162700150207765	0.3255812878144043	0.11560726992720632	DYTN	0.26961863	False
1257	2.8162700150207765	0.3255812878144043	0.11560726992720632	MDH1B	0.26961863	False
1258	2.8162700150207765	0.3255812878144043	0.11560726992720632	FASTKD2	0.26961863	False
1259	2.8162700150207765	0.3255812878144043	0.11560726992720632	MIR3130-2	0.26961863	False
1260	2.9775757357793777	0.3503283439112096	0.11765556110011471	CPO	0.26961893	False
1261	2.9775757357793777	0.3503283439112096	0.11765556110011471	KLF7	0.26961893	False
1262	3.2135264653107347	0.4755401938822912	0.14798079275700268	MIR2355	0.26961997	False
1263	3.2135264653107347	0.4755401938822912	0.14798079275700268	MIR7845	0.26961997	False
1264	3.2135264653107347	0.4755401938822912	0.14798079275700268	MYOSLID-AS1	0.26961997	False
1265	3.2135264653107347	0.4755401938822912	0.14798079275700268	MIR1302-4	0.26961997	False
1266	3.2135264653107347	0.4755401938822912	0.14798079275700268	CREB1	0.26961997	False
1267	3.2135264653107347	0.4755401938822912	0.14798079275700268	METTL21A	0.26961997	False
1268	3.2135264653107347	0.4755401938822912	0.14798079275700268	CCNYL1	0.26961997	False
1269	3.2135264653107347	0.4755401938822912	0.14798079275700268	MIR4775	0.26961997	False
1270	3.2135264653107347	0.4755401938822912	0.14798079275700268	FZD5	0.26961997	False
1271	3.3233514514472717	0.505325296656086	0.15205292128704118	PLEKHM3	0.26962048	False
1272	3.519458824501531	0.6675629686172455	0.1896777322609518	CRYGD	0.2696219	False
1273	3.519458824501531	0.6675629686172455	0.1896777322609518	CRYGC	0.2696219	False
1274	3.519458824501531	0.6675629686172455	0.1896777322609518	CRYGB	0.2696219	False
1275	3.519458824501531	0.6675629686172455	0.1896777322609518	CRYGA	0.2696219	False
1276	3.519458824501531	0.6675629686172455	0.1896777322609518	C2orf80	0.2696219	False
1277	3.519458824501531	0.6675629686172455	0.1896777322609518	IDH1	0.2696219	False
1278	3.519458824501531	0.6675629686172455	0.1896777322609518	IDH1-AS1	0.2696219	False
1279	3.519458824501531	0.6675629686172455	0.1896777322609518	PIKFYVE	0.2696219	False
1280	3.519458824501531	0.6675629686172455	0.1896777322609518	PTH2R	0.2696219	False
1281	3.5866553316602756	0.8415049333541709	0.2346210760554556	MAP2	0.26962328	False
1282	3.4634967164974624	0.7399122478425941	0.21363157190772417	UNC80	0.2696223	False
1283	3.4634967164974624	0.7399122478425941	0.21363157190772417	RPE	0.2696223	False
1284	3.4634967164974624	0.7399122478425941	0.21363157190772417	KANSL1L	0.2696223	False
1285	3.4634967164974624	0.7399122478425941	0.21363157190772417	LOC101928020	0.2696223	False
1286	3.4915986137376196	0.9006471901511547	0.25794694344521096	ACADL	0.2696231	False
1287	3.4915986137376196	0.9006471901511547	0.25794694344521096	MYL1	0.2696231	False
1288	3.4915986137376196	0.9006471901511547	0.25794694344521096	LANCL1-AS1	0.2696231	False
1289	3.4915986137376196	0.9006471901511547	0.25794694344521096	LANCL1	0.2696231	False
1290	3.4915986137376196	0.9006471901511547	0.25794694344521096	CPS1	0.2696231	False
1291	3.4915986137376196	0.9006471901511547	0.25794694344521096	CPS1-IT1	0.2696231	False
1292	3.058082678509482	0.5876360129864457	0.19215831446155052	ERBB4	0.26962027	False
1293	2.9905035848951766	0.6417414542098653	0.21459310647586455	MIR548F2	0.26962036	False
1294	2.9905035848951766	0.6417414542098653	0.21459310647586455	LINC01878	0.26962036	False
1295	3.082243475406111	0.558300529140356	0.18113446701896102	MIR4776-1	0.26962012	False
1296	3.082243475406111	0.558300529140356	0.18113446701896102	IKZF2	0.26962012	False
1297	3.090801224978172	0.6259897189551077	0.20253315350602288	LOC100130451	0.26962054	False
1298	3.107432380620074	0.5039041912356925	0.16216095139458536	SPAG16	0.26962006	False
1299	3.090801224978172	0.6259897189551077	0.20253315350602288	MIR4438	0.26962054	False
1300	3.272584151631967	0.5897563682899691	0.180211215652276	VWC2L	0.26962087	False
1301	3.272584151631967	0.5897563682899691	0.180211215652276	VWC2L-IT1	0.26962087	False
1302	3.272584151631967	0.5897563682899691	0.180211215652276	BARD1	0.26962087	False
1303	3.3189361491889526	0.5365719671793175	0.16166986740930206	LOC101928103	0.26962072	False
1304	3.3189361491889526	0.5365719671793175	0.16166986740930206	ABCA12	0.26962072	False
1305	3.5229311491929476	0.6570812948457796	0.18651550854075233	ATIC	0.26962215	False
1306	3.5229311491929476	0.6570812948457796	0.18651550854075233	FN1	0.26962215	False
1307	3.5229311491929476	0.6570812948457796	0.18651550854075233	LOC102724849	0.26962215	False
1308	3.5229311491929476	0.6570812948457796	0.18651550854075233	LINC00607	0.26962215	False
1309	3.5229311491929476	0.6570812948457796	0.18651550854075233	LINC01614	0.26962215	False
1310	3.533741165405381	0.6076768768064418	0.17196417291551425	MREG	0.26962212	False
1311	3.533741165405381	0.6076768768064418	0.17196417291551425	PECR	0.26962212	False
1312	3.533741165405381	0.6076768768064418	0.17196417291551425	TMEM169	0.26962212	False
1313	3.527317706687797	0.594666060541009	0.1685887436262182	XRCC5	0.26962188	False
1314	3.527317706687797	0.594666060541009	0.1685887436262182	LINC01963	0.26962188	False
1315	3.527317706687797	0.594666060541009	0.1685887436262182	MARCH4	0.26962188	False
1316	3.527317706687797	0.594666060541009	0.1685887436262182	SMARCAL1	0.26962188	False
1317	3.527317706687797	0.594666060541009	0.1685887436262182	RPL37A	0.26962188	False
1318	3.527317706687797	0.594666060541009	0.1685887436262182	LINC01280	0.26962188	False
1319	3.527317706687797	0.594666060541009	0.1685887436262182	IGFBP2	0.26962188	False
1320	3.527317706687797	0.594666060541009	0.1685887436262182	IGFBP5	0.26962188	False
1321	3.527317706687797	0.594666060541009	0.1685887436262182	TNP1	0.26962188	False
1322	3.527317706687797	0.594666060541009	0.1685887436262182	LINC01921	0.26962188	False
1323	3.726134952698451	0.7101172321147989	0.19057743241439365	DIRC3-AS1	0.26962355	False
1324	3.726134952698451	0.7101172321147989	0.19057743241439365	DIRC3	0.26962355	False
1325	3.689150416580212	0.6760159560437151	0.18324434617940355	TNS1	0.2696233	False
1326	3.689150416580212	0.6760159560437151	0.18324434617940355	MIR6809	0.2696233	False
1327	3.689150416580212	0.6760159560437151	0.18324434617940355	RUFY4	0.2696233	False
1328	3.760143519063186	0.7380038553423877	0.1962701294779983	CXCR2	0.2696239	False
1329	3.760143519063186	0.7380038553423877	0.1962701294779983	CXCR1	0.2696239	False
1330	3.760143519063186	0.7380038553423877	0.1962701294779983	ARPC2	0.2696239	False
1331	3.760143519063186	0.7380038553423877	0.1962701294779983	GPBAR1	0.2696239	False
1332	3.760143519063186	0.7380038553423877	0.1962701294779983	AAMP	0.2696239	False
1333	3.760143519063186	0.7380038553423877	0.1962701294779983	PNKD	0.2696239	False
1334	3.760143519063186	0.7380038553423877	0.1962701294779983	TMBIM1	0.2696239	False
1335	3.760143519063186	0.7380038553423877	0.1962701294779983	MIR6513	0.2696239	False
1336	3.760143519063186	0.7380038553423877	0.1962701294779983	CATIP-AS2	0.2696239	False
1337	3.760143519063186	0.7380038553423877	0.1962701294779983	MIR6810	0.2696239	False
1338	3.760143519063186	0.7380038553423877	0.1962701294779983	CATIP	0.2696239	False
1339	3.760143519063186	0.7380038553423877	0.1962701294779983	CATIP-AS1	0.2696239	False
1340	3.760143519063186	0.7380038553423877	0.1962701294779983	SLC11A1	0.2696239	False
1341	3.760143519063186	0.7380038553423877	0.1962701294779983	CTDSP1	0.2696239	False
1342	3.760143519063186	0.7380038553423877	0.1962701294779983	MIR26B	0.2696239	False
1343	3.760143519063186	0.7380038553423877	0.1962701294779983	VIL1	0.2696239	False
1344	3.760143519063186	0.7380038553423877	0.1962701294779983	USP37	0.2696239	False
1345	3.760143519063186	0.7380038553423877	0.1962701294779983	CNOT9	0.2696239	False
1346	3.760143519063186	0.7380038553423877	0.1962701294779983	PLCD4	0.2696239	False
1347	3.760143519063186	0.7380038553423877	0.1962701294779983	ZNF142	0.2696239	False
1348	3.760143519063186	0.7380038553423877	0.1962701294779983	BCS1L	0.2696239	False
1349	3.760143519063186	0.7380038553423877	0.1962701294779983	RNF25	0.2696239	False
1350	3.760143519063186	0.7380038553423877	0.1962701294779983	STK36	0.2696239	False
1351	3.760143519063186	0.7380038553423877	0.1962701294779983	TTLL4	0.2696239	False
1352	3.760143519063186	0.7380038553423877	0.1962701294779983	CYP27A1	0.2696239	False
1353	3.760143519063186	0.7380038553423877	0.1962701294779983	PRKAG3	0.2696239	False
1354	3.760143519063186	0.7380038553423877	0.1962701294779983	WNT6	0.2696239	False
1355	3.760143519063186	0.7380038553423877	0.1962701294779983	WNT10A	0.2696239	False
1356	3.5242135464506186	0.5697907406772506	0.16167883505558578	LINC01494	0.26962197	False
1357	3.5242135464506186	0.5697907406772506	0.16167883505558578	CDK5R2	0.26962197	False
1358	3.5242135464506186	0.5697907406772506	0.16167883505558578	LINC00608	0.26962197	False
1359	3.5242135464506186	0.5697907406772506	0.16167883505558578	FEV	0.26962197	False
1360	3.5242135464506186	0.5697907406772506	0.16167883505558578	CRYBA2	0.26962197	False
1361	3.5242135464506186	0.5697907406772506	0.16167883505558578	MIR375	0.26962197	False
1362	3.5242135464506186	0.5697907406772506	0.16167883505558578	LOC100129175	0.26962197	False
1363	3.5242135464506186	0.5697907406772506	0.16167883505558578	CFAP65	0.26962197	False
1364	3.5242135464506186	0.5697907406772506	0.16167883505558578	IHH	0.26962197	False
1365	3.5242135464506186	0.5697907406772506	0.16167883505558578	MIR3131	0.26962197	False
1366	3.5242135464506186	0.5697907406772506	0.16167883505558578	NHEJ1	0.26962197	False
1367	3.5176704795691953	0.5877732514896015	0.16709161784863524	SLC23A3	0.26962188	False
1368	3.5176704795691953	0.5877732514896015	0.16709161784863524	CNPPD1	0.26962188	False
1369	3.5176704795691953	0.5877732514896015	0.16709161784863524	RETREG2	0.26962188	False
1370	3.5176704795691953	0.5877732514896015	0.16709161784863524	ZFAND2B	0.26962188	False
1371	3.5176704795691953	0.5877732514896015	0.16709161784863524	ABCB6	0.26962188	False
1372	3.5176704795691953	0.5877732514896015	0.16709161784863524	ATG9A	0.26962188	False
1373	3.5176704795691953	0.5877732514896015	0.16709161784863524	ANKZF1	0.26962188	False
1374	3.5176704795691953	0.5877732514896015	0.16709161784863524	GLB1L	0.26962188	False
1375	3.5176704795691953	0.5877732514896015	0.16709161784863524	STK16	0.26962188	False
1376	3.5176704795691953	0.5877732514896015	0.16709161784863524	TUBA4A	0.26962188	False
1377	3.5176704795691953	0.5877732514896015	0.16709161784863524	TUBA4B	0.26962188	False
1378	3.5176704795691953	0.5877732514896015	0.16709161784863524	DNAJB2	0.26962188	False
1379	3.5176704795691953	0.5877732514896015	0.16709161784863524	PTPRN	0.26962188	False
1380	3.5176704795691953	0.5877732514896015	0.16709161784863524	MIR153-1	0.26962188	False
1381	3.5176704795691953	0.5877732514896015	0.16709161784863524	RESP18	0.26962188	False
1382	3.5176704795691953	0.5877732514896015	0.16709161784863524	DNPEP	0.26962188	False
1383	3.5176704795691953	0.5877732514896015	0.16709161784863524	DES	0.26962188	False
1384	3.5176704795691953	0.5877732514896015	0.16709161784863524	SPEG	0.26962188	False
1385	3.5176704795691953	0.5877732514896015	0.16709161784863524	LOC100996693	0.26962188	False
1386	3.5176704795691953	0.5877732514896015	0.16709161784863524	GMPPA	0.26962188	False
1387	3.5176704795691953	0.5877732514896015	0.16709161784863524	ASIC4	0.26962188	False
1388	3.5176704795691953	0.5877732514896015	0.16709161784863524	CHPF	0.26962188	False
1389	3.5176704795691953	0.5877732514896015	0.16709161784863524	TMEM198	0.26962188	False
1390	3.5176704795691953	0.5877732514896015	0.16709161784863524	MIR3132	0.26962188	False
1391	3.5176704795691953	0.5877732514896015	0.16709161784863524	OBSL1	0.26962188	False
1392	3.5176704795691953	0.5877732514896015	0.16709161784863524	INHA	0.26962188	False
1393	3.5176704795691953	0.5877732514896015	0.16709161784863524	STK11IP	0.26962188	False
1394	3.5176704795691953	0.5877732514896015	0.16709161784863524	SLC4A3	0.26962188	False
1395	3.139973925630491	0.36322499349603843	0.11567771010171835	MIR4268	0.26961938	False
1396	2.8771376698737776	0.3731399365343411	0.1296913736320136	FAM124B	0.2696189	False
1397	2.8771376698737776	0.3731399365343411	0.1296913736320136	CUL3	0.2696189	False
1398	2.9297556269876286	0.3408545270153348	0.11634230646253628	DOCK10	0.26961887	False
1399	2.9297556269876286	0.3408545270153348	0.11634230646253628	MIR4439	0.26961887	False
1400	3.0021193547810285	0.40500042010714854	0.13490483629911804	NYAP2	0.26961935	False
1401	3.1094987728144368	0.4676530879431092	0.15039500643373208	MIR5702	0.26961994	False
1402	3.1094987728144368	0.4676530879431092	0.15039500643373208	IRS1	0.26961994	False
1403	3.029778434225561	0.38579211518067136	0.12733344155553186	RHBDD1	0.26961935	False
1404	3.029778434225561	0.38579211518067136	0.12733344155553186	COL4A4	0.26961935	False
1405	3.0530454824108966	0.43602266350867064	0.14281564621970744	COL4A3	0.26961958	False
1406	3.0530454824108966	0.43602266350867064	0.14281564621970744	LOC654841	0.26961958	False
1407	3.0530454824108966	0.43602266350867064	0.14281564621970744	MFF	0.26961958	False
1408	3.0530454824108966	0.43602266350867064	0.14281564621970744	TM4SF20	0.26961958	False
1409	3.0530454824108966	0.43602266350867064	0.14281564621970744	MIR5703	0.26961958	False
1410	3.0530454824108966	0.43602266350867064	0.14281564621970744	AGFG1	0.26961958	False
1411	3.0530454824108966	0.43602266350867064	0.14281564621970744	C2orf83	0.26961958	False
1412	3.0530454824108966	0.43602266350867064	0.14281564621970744	SLC19A3	0.26961958	False
1413	3.0530454824108966	0.43602266350867064	0.14281564621970744	CCL20	0.26961958	False
1414	2.8600757679632625	0.2980293409327629	0.10420330267858521	DAW1	0.2696187	False
1415	2.8600757679632625	0.2980293409327629	0.10420330267858521	SPHKAP	0.2696187	False
1416	2.861581159619655	0.2584373341150599	0.0903127745464364	PID1	0.2696186	False
1417	2.8355531877230633	0.27179791480776927	0.09585357664407691	DNER	0.26961848	False
1418	2.9382430357379765	0.2746002072147431	0.09345728174108436	TRIP12	0.26961872	False
1419	2.9382430357379765	0.2746002072147431	0.09345728174108436	FBXO36	0.26961872	False
1420	2.9382430357379765	0.2746002072147431	0.09345728174108436	SLC16A14	0.26961872	False
1421	3.003134069572228	0.3132560077227804	0.10430969795744122	SP110	0.26961896	False
1422	3.003134069572228	0.3132560077227804	0.10430969795744122	SP140	0.26961896	False
1423	3.003134069572228	0.3132560077227804	0.10430969795744122	SP140L	0.26961896	False
1424	3.003134069572228	0.3132560077227804	0.10430969795744122	SP100	0.26961896	False
1425	3.003134069572228	0.3132560077227804	0.10430969795744122	LINC01907	0.26961896	False
1426	3.003134069572228	0.3132560077227804	0.10430969795744122	CAB39	0.26961896	False
1427	3.003134069572228	0.3132560077227804	0.10430969795744122	ITM2C	0.26961896	False
1428	3.003134069572228	0.3132560077227804	0.10430969795744122	LOC151484	0.26961896	False
1429	2.9889281669045022	0.2915808791470631	0.09755365899242745	GPR55	0.26961884	False
1430	2.9889281669045022	0.2915808791470631	0.09755365899242745	SPATA3-AS1	0.26961884	False
1431	2.9889281669045022	0.2915808791470631	0.09755365899242745	SPATA3	0.26961884	False
1432	2.9889281669045022	0.2915808791470631	0.09755365899242745	C2orf72	0.26961884	False
1433	2.9889281669045022	0.2915808791470631	0.09755365899242745	PSMD1	0.26961884	False
1434	3.2281184443295183	0.40976421582475625	0.12693592967276157	HTR2B	0.26961988	False
1435	3.2281184443295183	0.40976421582475625	0.12693592967276157	ARMC9	0.26961988	False
1436	3.2281184443295183	0.40976421582475625	0.12693592967276157	MIR4777	0.26961988	False
1437	3.2281184443295183	0.40976421582475625	0.12693592967276157	B3GNT7	0.26961988	False
1438	3.2281184443295183	0.40976421582475625	0.12693592967276157	NCL	0.26961988	False
1439	3.2281184443295183	0.40976421582475625	0.12693592967276157	SNORA75	0.26961988	False
1440	3.2281184443295183	0.40976421582475625	0.12693592967276157	SNORD20	0.26961988	False
1441	3.2281184443295183	0.40976421582475625	0.12693592967276157	SNORD82	0.26961988	False
1442	3.2281184443295183	0.40976421582475625	0.12693592967276157	LINC00471	0.26961988	False
1443	3.2281184443295183	0.40976421582475625	0.12693592967276157	NMUR1	0.26961988	False
1444	3.2281184443295183	0.40976421582475625	0.12693592967276157	TEX44	0.26961988	False
1445	3.2281184443295183	0.40976421582475625	0.12693592967276157	PTMA	0.26961988	False
1446	3.2281184443295183	0.40976421582475625	0.12693592967276157	PDE6D	0.26961988	False
1447	3.2281184443295183	0.40976421582475625	0.12693592967276157	COPS7B	0.26961988	False
1448	3.2281184443295183	0.40976421582475625	0.12693592967276157	MIR1471	0.26961988	False
1449	2.940896977389583	0.26568276086818676	0.09034072356523476	NPPC	0.26961863	False
1450	2.940896977389583	0.26568276086818676	0.09034072356523476	DIS3L2	0.26961863	False
1451	2.82909988495109	0.24334973370924565	0.08601666381724543	MIR562	0.26961836	False
1452	2.82909988495109	0.24334973370924565	0.08601666381724543	ALPP	0.26961836	False
1453	2.82909988495109	0.24334973370924565	0.08601666381724543	ALPG	0.26961836	False
1454	2.82909988495109	0.24334973370924565	0.08601666381724543	ALPI	0.26961836	False
1455	2.82909988495109	0.24334973370924565	0.08601666381724543	ECEL1	0.26961836	False
1456	2.82909988495109	0.24334973370924565	0.08601666381724543	PRSS56	0.26961836	False
1457	2.82909988495109	0.24334973370924565	0.08601666381724543	CHRND	0.26961836	False
1458	2.82909988495109	0.24334973370924565	0.08601666381724543	CHRNG	0.26961836	False
1459	2.82909988495109	0.24334973370924565	0.08601666381724543	TIGD1	0.26961836	False
1460	2.82909988495109	0.24334973370924565	0.08601666381724543	EIF4E2	0.26961836	False
1461	2.82909988495109	0.24334973370924565	0.08601666381724543	MIR5001	0.26961836	False
1462	2.82909988495109	0.24334973370924565	0.08601666381724543	EFHD1	0.26961836	False
1463	2.82909988495109	0.24334973370924565	0.08601666381724543	GIGYF2	0.26961836	False
1464	2.82909988495109	0.24334973370924565	0.08601666381724543	KCNJ13	0.26961836	False
1465	2.82909988495109	0.24334973370924565	0.08601666381724543	SNORC	0.26961836	False
1466	2.7905278438580186	0.44237034496420324	0.1585256875102913	TMEM30CP	0.26961923	False
1467	2.7905278438580186	0.44237034496420324	0.1585256875102913	TBC1D23	0.26961923	False
1468	2.7905278438580186	0.44237034496420324	0.1585256875102913	NIT2	0.26961923	False
1469	2.7905278438580186	0.44237034496420324	0.1585256875102913	TOMM70	0.26961923	False
1470	2.7905278438580186	0.44237034496420324	0.1585256875102913	LNP1	0.26961923	False
1471	2.7905278438580186	0.44237034496420324	0.1585256875102913	TMEM45A	0.26961923	False
1472	2.7905278438580186	0.44237034496420324	0.1585256875102913	ADGRG7	0.26961923	False
1473	2.7905278438580186	0.44237034496420324	0.1585256875102913	TFG	0.26961923	False
1474	2.8607466447273513	0.5698030594151238	0.19917984015303455	IMPG2	0.26961994	False
1475	2.8607466447273513	0.5698030594151238	0.19917984015303455	SENP7	0.26961994	False
1476	2.8607466447273513	0.5698030594151238	0.19917984015303455	TRMT10C	0.26961994	False
1477	2.8607466447273513	0.5698030594151238	0.19917984015303455	PCNP	0.26961994	False
1478	2.8607466447273513	0.5698030594151238	0.19917984015303455	ZBTB11	0.26961994	False
1479	2.8607466447273513	0.5698030594151238	0.19917984015303455	ZBTB11-AS1	0.26961994	False
1480	2.8607466447273513	0.5698030594151238	0.19917984015303455	RPL24	0.26961994	False
1481	2.8607466447273513	0.5698030594151238	0.19917984015303455	CEP97	0.26961994	False
1482	2.8607466447273513	0.5698030594151238	0.19917984015303455	NXPE3	0.26961994	False
1483	2.8607466447273513	0.5698030594151238	0.19917984015303455	NFKBIZ	0.26961994	False
1484	2.8327089531757164	0.46712720766245686	0.1649047662093086	HPS3	0.26961926	False
1485	2.8327089531757164	0.46712720766245686	0.1649047662093086	CP	0.26961926	False
1486	2.8327089531757164	0.46712720766245686	0.1649047662093086	TM4SF18	0.26961926	False
1487	2.8327089531757164	0.46712720766245686	0.1649047662093086	TM4SF1	0.26961926	False
1488	2.8327089531757164	0.46712720766245686	0.1649047662093086	TM4SF1-AS1	0.26961926	False
1489	2.8327089531757164	0.46712720766245686	0.1649047662093086	TM4SF4	0.26961926	False
1490	2.8327089531757164	0.46712720766245686	0.1649047662093086	WWTR1	0.26961926	False
1491	2.8327089531757164	0.46712720766245686	0.1649047662093086	WWTR1-AS1	0.26961926	False
1492	2.8327089531757164	0.46712720766245686	0.1649047662093086	COMMD2	0.26961926	False
1493	2.7598928170270978	0.38542941468396474	0.13965376202512883	ANKUB1	0.26961896	False
1494	2.7598928170270978	0.38542941468396474	0.13965376202512883	RNF13	0.26961896	False
1495	2.7598928170270978	0.38542941468396474	0.13965376202512883	PFN2	0.26961896	False
1496	2.788425895557071	0.4312416582019832	0.1546541577056434	LINC01213	0.2696192	False
1497	2.788425895557071	0.4312416582019832	0.1546541577056434	LINC01214	0.2696192	False
1498	2.788425895557071	0.4312416582019832	0.1546541577056434	TSC22D2	0.2696192	False
1499	2.788425895557071	0.4312416582019832	0.1546541577056434	SERP1	0.2696192	False
1500	2.788425895557071	0.4312416582019832	0.1546541577056434	EIF2A	0.2696192	False
1501	2.788425895557071	0.4312416582019832	0.1546541577056434	SELENOT	0.2696192	False
1502	2.788425895557071	0.4312416582019832	0.1546541577056434	ERICH6	0.2696192	False
1503	2.788425895557071	0.4312416582019832	0.1546541577056434	ERICH6-AS1	0.2696192	False
1504	2.788425895557071	0.4312416582019832	0.1546541577056434	SIAH2	0.2696192	False
1505	2.744526085095786	0.3534841398172524	0.128796057627893	LINC01258	0.26961875	False
1506	2.744526085095786	0.3534841398172524	0.128796057627893	KLF3-AS1	0.26961875	False
1507	2.744526085095786	0.3534841398172524	0.128796057627893	KLF3	0.26961875	False
1508	2.744526085095786	0.3534841398172524	0.128796057627893	TLR10	0.26961875	False
1509	2.744526085095786	0.3534841398172524	0.128796057627893	TLR1	0.26961875	False
1510	2.744526085095786	0.3534841398172524	0.128796057627893	TLR6	0.26961875	False
1511	2.744526085095786	0.3534841398172524	0.128796057627893	MIR574	0.26961875	False
1512	2.7237391648506803	0.2833146059728141	0.10401679045810756	WDR19	0.26961845	False
1513	2.7237391648506803	0.2833146059728141	0.10401679045810756	RFC1	0.26961845	False
1514	2.7237391648506803	0.2833146059728141	0.10401679045810756	KLB	0.26961845	False
1515	2.7237391648506803	0.2833146059728141	0.10401679045810756	MIR5591	0.26961845	False
1516	2.7237391648506803	0.2833146059728141	0.10401679045810756	RPL9	0.26961845	False
1517	2.7237391648506803	0.2833146059728141	0.10401679045810756	LIAS	0.26961845	False
1518	2.7237391648506803	0.2833146059728141	0.10401679045810756	UGDH	0.26961845	False
1519	2.7237391648506803	0.2833146059728141	0.10401679045810756	UGDH-AS1	0.26961845	False
1520	2.7237391648506803	0.2833146059728141	0.10401679045810756	SMIM14	0.26961845	False
1521	2.7237391648506803	0.2833146059728141	0.10401679045810756	UBE2K	0.26961845	False
1522	3.0459505674711864	0.6597637284546067	0.21660355735922424	UGT2B28	0.26962063	False
1523	3.0459505674711864	0.6597637284546067	0.21660355735922424	UGT2B4	0.26962063	False
1524	3.0459505674711864	0.6597637284546067	0.21660355735922424	UGT2A1	0.26962063	False
1525	3.0459505674711864	0.6597637284546067	0.21660355735922424	UGT2A2	0.26962063	False
1526	3.0459505674711864	0.6597637284546067	0.21660355735922424	SULT1B1	0.26962063	False
1527	3.0459505674711864	0.6597637284546067	0.21660355735922424	SULT1E1	0.26962063	False
1528	2.897235126840262	0.5836442534866835	0.20144870123924274	CSN1S2BP	0.2696199	False
1529	2.897235126840262	0.5836442534866835	0.20144870123924274	PRR27	0.2696199	False
1530	2.897235126840262	0.5836442534866835	0.20144870123924274	ODAM	0.2696199	False
1531	2.897235126840262	0.5836442534866835	0.20144870123924274	FDCSP	0.2696199	False
1532	2.897235126840262	0.5836442534866835	0.20144870123924274	CSN3	0.2696199	False
1533	2.897235126840262	0.5836442534866835	0.20144870123924274	CABS1	0.2696199	False
1534	2.897235126840262	0.5836442534866835	0.20144870123924274	SMR3A	0.2696199	False
1535	2.897235126840262	0.5836442534866835	0.20144870123924274	SMR3B	0.2696199	False
1536	2.897235126840262	0.5836442534866835	0.20144870123924274	OPRPN	0.2696199	False
1537	2.897235126840262	0.5836442534866835	0.20144870123924274	MUC7	0.2696199	False
1538	2.897235126840262	0.5836442534866835	0.20144870123924274	AMTN	0.2696199	False
1539	2.897235126840262	0.5836442534866835	0.20144870123924274	AMBN	0.2696199	False
1540	2.897235126840262	0.5836442534866835	0.20144870123924274	ENAM	0.2696199	False
1541	2.897235126840262	0.5836442534866835	0.20144870123924274	JCHAIN	0.2696199	False
1542	2.897235126840262	0.5836442534866835	0.20144870123924274	UTP3	0.2696199	False
1543	2.897235126840262	0.5836442534866835	0.20144870123924274	RUFY3	0.2696199	False
1544	2.897235126840262	0.5836442534866835	0.20144870123924274	GRSF1	0.2696199	False
1545	2.8221498766864332	0.47545132644734167	0.16847132406928814	MTHFD2L	0.26961935	False
1546	2.8221498766864332	0.47545132644734167	0.16847132406928814	EPGN	0.26961935	False
1547	2.8221498766864332	0.47545132644734167	0.16847132406928814	EREG	0.26961935	False
1548	2.8221498766864332	0.47545132644734167	0.16847132406928814	AREG	0.26961935	False
1549	2.8221498766864332	0.47545132644734167	0.16847132406928814	BTC	0.26961935	False
1550	2.9445087435160557	0.7423191727896218	0.25210289302901306	MIR8066	0.26962087	False
1551	2.9445087435160557	0.7423191727896218	0.25210289302901306	MIR1255A	0.26962087	False
1552	2.9445087435160557	0.7423191727896218	0.25210289302901306	FLJ20021	0.26962087	False
1553	2.9495189248840195	0.6981398402285875	0.23669617249736402	BANK1	0.26962072	False
1554	3.093004221678475	0.9340138205712376	0.30197625144668505	SLC39A8	0.26962215	False
1555	3.093004221678475	0.9340138205712376	0.30197625144668505	NFKB1	0.26962215	False
1556	3.093004221678475	0.9340138205712376	0.30197625144668505	MANBA	0.26962215	False
1557	3.093004221678475	0.9340138205712376	0.30197625144668505	UBE2D3	0.26962215	False
1558	3.093004221678475	0.9340138205712376	0.30197625144668505	LOC105377348	0.26962215	False
1559	3.093004221678475	0.9340138205712376	0.30197625144668505	CISD2	0.26962215	False
1560	2.9325652323667213	0.6970445241200984	0.23769105506224322	SLC9B1	0.26962054	False
1561	2.9325652323667213	0.6970445241200984	0.23769105506224322	SLC9B2	0.26962054	False
1562	2.9325652323667213	0.6970445241200984	0.23769105506224322	BDH2	0.26962054	False
1563	2.9365431925957832	0.7112223738862389	0.24219714379802723	CENPE	0.2696206	False
1564	2.9365431925957832	0.7112223738862389	0.24219714379802723	LINC02428	0.2696206	False
1565	2.9365431925957832	0.7112223738862389	0.24219714379802723	TACR3	0.2696206	False
1566	2.8986313978215645	0.4927744714445281	0.17000246109762954	RAI14	0.2696199	False
1567	2.8986313978215645	0.4927744714445281	0.17000246109762954	TTC23L	0.2696199	False
1568	2.868592780807094	0.4978060088762759	0.17353665957989878	FYB1	0.26961955	False
1569	2.868592780807094	0.4978060088762759	0.17353665957989878	C9	0.26961955	False
1570	2.868592780807094	0.4978060088762759	0.17353665957989878	DAB2	0.26961955	False
1571	2.868592780807094	0.4978060088762759	0.17353665957989878	LINC02104	0.26961955	False
1572	2.8822741791091673	0.447959423093307	0.1554187406389489	LINC00603	0.26961935	False
1573	3.0565628136362464	0.6178127743912095	0.20212664095596558	PTGER4	0.26962048	False
1574	3.0565628136362464	0.6178127743912095	0.20212664095596558	TTC33	0.26962048	False
1575	3.0565628136362464	0.6178127743912095	0.20212664095596558	PRKAA1	0.26962048	False
1576	3.0565628136362464	0.6178127743912095	0.20212664095596558	RPL37	0.26962048	False
1577	3.0565628136362464	0.6178127743912095	0.20212664095596558	SNORD72	0.26962048	False
1578	3.0565628136362464	0.6178127743912095	0.20212664095596558	CARD6	0.26962048	False
1579	3.0820617977146942	0.49590230857613227	0.16089953450765876	C7	0.26961985	False
1580	3.0820617977146942	0.49590230857613227	0.16089953450765876	MROH2B	0.26961985	False
1581	3.214337816000782	0.5899879771048627	0.183548839878602	C6	0.26962054	False
1582	3.214337816000782	0.5899879771048627	0.183548839878602	PLCXD3	0.26962054	False
1583	3.214337816000782	0.5899879771048627	0.183548839878602	OXCT1	0.26962054	False
1584	3.214337816000782	0.5899879771048627	0.183548839878602	OXCT1-AS1	0.26962054	False
1585	3.2505997283049135	0.5213396915631607	0.16038261709786802	C5orf51	0.26962045	False
1586	3.2505997283049135	0.5213396915631607	0.16038261709786802	FBXO4	0.26962045	False
1587	3.293607028284639	0.5902338370048082	0.17920590766780428	GHR	0.26962113	False
1588	3.293607028284639	0.5902338370048082	0.17920590766780428	CCDC152	0.26962113	False
1589	3.293607028284639	0.5902338370048082	0.17920590766780428	SELENOP	0.26962113	False
1590	3.3482914663244054	0.5968984716011274	0.17826956751061282	LOC648987	0.26962116	False
1591	3.3482914663244054	0.5968984716011274	0.17826956751061282	ANXA2R	0.26962116	False
1592	3.3482914663244054	0.5968984716011274	0.17826956751061282	LOC153684	0.26962116	False
1593	3.3482914663244054	0.5968984716011274	0.17826956751061282	LOC100506639	0.26962116	False
1594	3.4951116615653817	0.7574042992470686	0.21670389177433155	ZNF131	0.26962256	False
1595	3.4951116615653817	0.7574042992470686	0.21670389177433155	NIM1K	0.26962256	False
1596	3.4951116615653817	0.7574042992470686	0.21670389177433155	HMGCS1	0.26962256	False
1597	3.4951116615653817	0.7574042992470686	0.21670389177433155	CCL28	0.26962256	False
1598	3.4951116615653817	0.7574042992470686	0.21670389177433155	TMEM267	0.26962256	False
1599	3.4951116615653817	0.7574042992470686	0.21670389177433155	C5orf34	0.26962256	False
1600	3.4951116615653817	0.7574042992470686	0.21670389177433155	PAIP1	0.26962256	False
1601	3.4951116615653817	0.7574042992470686	0.21670389177433155	NNT-AS1	0.26962256	False
1602	3.4951116615653817	0.7574042992470686	0.21670389177433155	NNT	0.26962256	False
1603	3.562786827386129	0.8720505400709728	0.2447664096453283	FGF10	0.26962343	False
1604	3.562786827386129	0.8720505400709728	0.2447664096453283	FGF10-AS1	0.26962343	False
1605	3.562786827386129	0.8720505400709728	0.2447664096453283	LINC02224	0.26962343	False
1606	3.562786827386129	0.8720505400709728	0.2447664096453283	MRPS30-DT	0.26962343	False
1607	3.562786827386129	0.8720505400709728	0.2447664096453283	MRPS30	0.26962343	False
1608	3.6572753189724323	1.075641980848114	0.2941102014573877	HCN1	0.26962492	False
1609	2.7786831496599005	0.3447193564289716	0.1240585334355822	LINC01033	0.26961878	False
1610	2.7786831496599005	0.3447193564289716	0.1240585334355822	HSPB3	0.26961878	False
1611	2.7786831496599005	0.3447193564289716	0.1240585334355822	SNX18	0.26961878	False
1612	2.7352565907314266	0.2954467235393254	0.1080142625523556	GZMA	0.26961848	False
1613	2.7352565907314266	0.2954467235393254	0.1080142625523556	CDC20B	0.26961848	False
1614	2.7352565907314266	0.2954467235393254	0.1080142625523556	GPX8	0.26961848	False
1615	2.7352565907314266	0.2954467235393254	0.1080142625523556	MIR449A	0.26961848	False
1616	2.7352565907314266	0.2954467235393254	0.1080142625523556	MIR449B	0.26961848	False
1617	2.7352565907314266	0.2954467235393254	0.1080142625523556	MIR449C	0.26961848	False
1618	2.7352565907314266	0.2954467235393254	0.1080142625523556	MCIDAS	0.26961848	False
1619	2.7352565907314266	0.2954467235393254	0.1080142625523556	CCNO	0.26961848	False
1620	2.7352565907314266	0.2954467235393254	0.1080142625523556	DHX29	0.26961848	False
1621	2.7352565907314266	0.2954467235393254	0.1080142625523556	MTREX	0.26961848	False
1622	2.7352565907314266	0.2954467235393254	0.1080142625523556	PLPP1	0.26961848	False
1623	2.7352565907314266	0.2954467235393254	0.1080142625523556	MIR5687	0.26961848	False
1624	2.7352565907314266	0.2954467235393254	0.1080142625523556	SLC38A9	0.26961848	False
1625	2.7352565907314266	0.2954467235393254	0.1080142625523556	DDX4	0.26961848	False
1626	2.948665164432335	0.6605448072009532	0.2240148576951492	TMEM161B	0.26962036	False
1627	2.948665164432335	0.6605448072009532	0.2240148576951492	TMEM161B-AS1	0.26962036	False
1628	2.948665164432335	0.6605448072009532	0.2240148576951492	LINC02060	0.26962036	False
1629	2.948665164432335	0.6605448072009532	0.2240148576951492	LINC00461	0.26962036	False
1630	2.948665164432335	0.6605448072009532	0.2240148576951492	MIR9-2	0.26962036	False
1631	3.0261752304516634	0.6024091661252928	0.19906618759660588	MEF2C	0.2696202	False
1632	3.0261752304516634	0.6024091661252928	0.19906618759660588	MEF2C-AS1	0.2696202	False
1633	3.2155152759442287	0.68147217352052	0.21193249449589607	MIR3660	0.26962122	False
1634	3.401666677777352	0.8845735056649507	0.26004120610751047	LINC01339	0.26962253	False
1635	3.401666677777352	0.8845735056649507	0.26004120610751047	CETN3	0.26962253	False
1636	3.401666677777352	0.8845735056649507	0.26004120610751047	LOC731157	0.26962253	False
1637	3.401666677777352	0.8845735056649507	0.26004120610751047	MBLAC2	0.26962253	False
1638	3.401666677777352	0.8845735056649507	0.26004120610751047	POLR3G	0.26962253	False
1639	3.401666677777352	0.8845735056649507	0.26004120610751047	LYSMD3	0.26962253	False
1640	3.2769942212355487	0.7283453905694335	0.22226019986535717	ADGRV1	0.26962146	False
1641	3.406872737325155	0.9109536301805561	0.26738704390108065	LUCAT1	0.26962256	False
1642	3.406872737325155	0.9109536301805561	0.26738704390108065	ARRDC3	0.26962256	False
1643	3.406872737325155	0.9109536301805561	0.26738704390108065	ARRDC3-AS1	0.26962256	False
1644	2.8977937119911354	0.5385832650371348	0.1858597673148593	NR2F1-AS1	0.2696195	False
1645	2.8977937119911354	0.5385832650371348	0.1858597673148593	NR2F1	0.2696195	False
1646	3.1389712358685484	0.5508523860665147	0.17548819172727928	FAM172A	0.2696201	False
1647	2.8977937119911354	0.5385832650371348	0.1858597673148593	MIR2277	0.2696195	False
1648	2.8977937119911354	0.5385832650371348	0.1858597673148593	POU5F2	0.2696195	False
1649	3.2445222197688834	0.6668883245782009	0.20554284403258155	KIAA0825	0.269621	False
1650	3.2445222197688834	0.6668883245782009	0.20554284403258155	SLF1	0.269621	False
1651	3.3914564811076704	0.6766671128947122	0.19952109563078	MCTP1	0.26962146	False
1652	3.8136541242252813	0.9878470023676771	0.2590289969120762	FAM81B	0.2696249	False
1653	3.8136541242252813	0.9878470023676771	0.2590289969120762	TTC37	0.2696249	False
1654	3.8136541242252813	0.9878470023676771	0.2590289969120762	ARSK	0.2696249	False
1655	3.8136541242252813	0.9878470023676771	0.2590289969120762	GPR150	0.2696249	False
1656	3.8136541242252813	0.9878470023676771	0.2590289969120762	RFESD	0.2696249	False
1657	3.8136541242252813	0.9878470023676771	0.2590289969120762	SPATA9	0.2696249	False
1658	3.8136541242252813	0.9878470023676771	0.2590289969120762	RHOBTB3	0.2696249	False
1659	3.8136541242252813	0.9878470023676771	0.2590289969120762	GLRX	0.2696249	False
1660	3.8136541242252813	0.9878470023676771	0.2590289969120762	LINC01554	0.2696249	False
1661	3.6264403149155497	0.7794809187221207	0.21494381570713172	ELL2	0.26962292	False
1662	3.6264403149155497	0.7794809187221207	0.21494381570713172	LOC101929710	0.26962292	False
1663	3.6264403149155497	0.7794809187221207	0.21494381570713172	MIR583	0.26962292	False
1664	3.7407354024201345	0.8831979242428263	0.23610275232817213	PCSK1	0.269624	False
1665	3.7407354024201345	0.8831979242428263	0.23610275232817213	CAST	0.269624	False
1666	3.7407354024201345	0.8831979242428263	0.23610275232817213	ERAP1	0.269624	False
1667	3.3438917817131437	0.6106011448020466	0.18260194547600558	ERAP2	0.26962116	False
1668	3.3438917817131437	0.6106011448020466	0.18260194547600558	LNPEP	0.26962116	False
1669	3.3438917817131437	0.6106011448020466	0.18260194547600558	LIX1	0.26962116	False
1670	3.107105482872737	0.5454787219185098	0.17555848197795215	RIOK2	0.2696203	False
1671	3.107105482872737	0.5454787219185098	0.17555848197795215	LINC01340	0.2696203	False
1672	2.874241818672042	0.5308479168110185	0.1846914596268316	FBXL17	0.26961973	False
1673	2.9997675575904905	0.6202734572554127	0.20677384008834213	LINC01023	0.2696204	False
1674	2.9738726983747794	0.5258879398014762	0.176836062985774	FER	0.26961988	False
1675	3.0843438564226044	0.6024893047850944	0.19533791718148294	PJA2	0.26962036	False
1676	3.0843438564226044	0.6024893047850944	0.19533791718148294	MAN2A1	0.26962036	False
1677	3.0843438564226044	0.6024893047850944	0.19533791718148294	LINC01848	0.26962036	False
1678	2.970321739370981	0.512553501375692	0.17255824329799183	TMEM232	0.26961973	False
1679	2.970321739370981	0.512553501375692	0.17255824329799183	MIR548F3	0.26961973	False
1680	2.970321739370981	0.512553501375692	0.17255824329799183	SLC25A46	0.26961973	False
1681	2.793392597119667	0.37569914489927647	0.13449564708042425	TSLP	0.26961896	False
1682	2.793392597119667	0.37569914489927647	0.13449564708042425	WDR36	0.26961896	False
1683	2.9468580186945856	0.44444571619832945	0.15082020015175768	HINT1	0.2696195	False
1684	2.9468580186945856	0.44444571619832945	0.15082020015175768	LYRM7	0.2696195	False
1685	2.9468580186945856	0.44444571619832945	0.15082020015175768	CDC42SE2	0.2696195	False
1686	2.9468580186945856	0.44444571619832945	0.15082020015175768	RAPGEF6	0.2696195	False
1687	2.9468580186945856	0.44444571619832945	0.15082020015175768	FNIP1	0.2696195	False
1688	2.9647136219022303	0.3583986755430302	0.12088812656146974	MEIKIN	0.26961902	False
1689	2.9647136219022303	0.3583986755430302	0.12088812656146974	ACSL6	0.26961902	False
1690	2.9647136219022303	0.3583986755430302	0.12088812656146974	IL3	0.26961902	False
1691	2.9647136219022303	0.3583986755430302	0.12088812656146974	CSF2	0.26961902	False
1692	3.052116958039782	0.383942982785903	0.12579563236413124	P4HA2-AS1	0.26961926	False
1693	3.052116958039782	0.383942982785903	0.12579563236413124	P4HA2	0.26961926	False
1694	3.052116958039782	0.383942982785903	0.12579563236413124	PDLIM4	0.26961926	False
1695	3.052116958039782	0.383942982785903	0.12579563236413124	SLC22A4	0.26961926	False
1696	3.052116958039782	0.383942982785903	0.12579563236413124	MIR3936HG	0.26961926	False
1697	3.052116958039782	0.383942982785903	0.12579563236413124	MIR3936	0.26961926	False
1698	3.052116958039782	0.383942982785903	0.12579563236413124	SLC22A5	0.26961926	False
1699	3.052116958039782	0.383942982785903	0.12579563236413124	C5orf56	0.26961926	False
1700	3.052116958039782	0.383942982785903	0.12579563236413124	IRF1	0.26961926	False
1701	3.052116958039782	0.383942982785903	0.12579563236413124	IL5	0.26961926	False
1702	3.052116958039782	0.383942982785903	0.12579563236413124	RAD50	0.26961926	False
1703	3.052116958039782	0.383942982785903	0.12579563236413124	TH2LCRR	0.26961926	False
1704	3.052116958039782	0.383942982785903	0.12579563236413124	IL13	0.26961926	False
1705	3.052116958039782	0.383942982785903	0.12579563236413124	IL4	0.26961926	False
1706	3.052116958039782	0.383942982785903	0.12579563236413124	KIF3A	0.26961926	False
1707	3.052116958039782	0.383942982785903	0.12579563236413124	CCNI2	0.26961926	False
1708	3.052116958039782	0.383942982785903	0.12579563236413124	SEPT8	0.26961926	False
1709	3.052116958039782	0.383942982785903	0.12579563236413124	SOWAHA	0.26961926	False
1710	3.052116958039782	0.383942982785903	0.12579563236413124	SHROOM1	0.26961926	False
1711	3.052116958039782	0.383942982785903	0.12579563236413124	GDF9	0.26961926	False
1712	3.052116958039782	0.383942982785903	0.12579563236413124	UQCRQ	0.26961926	False
1713	3.052116958039782	0.383942982785903	0.12579563236413124	LEAP2	0.26961926	False
1714	2.9296607410530795	0.29447260703913797	0.10051423460495583	AFF4	0.26961866	False
1715	2.9296607410530795	0.29447260703913797	0.10051423460495583	ZCCHC10	0.26961866	False
1716	2.9296607410530795	0.29447260703913797	0.10051423460495583	HSPA4	0.26961866	False
1717	2.927559932937941	0.2986910488767075	0.10202730455357656	FSTL4	0.2696188	False
1718	2.927559932937941	0.2986910488767075	0.10202730455357656	MIR1289-2	0.2696188	False
1719	2.8724796162054838	0.26217173562201734	0.09127018139413066	WSPAR	0.26961863	False
1720	2.8724796162054838	0.26217173562201734	0.09127018139413066	C5orf15	0.26961863	False
1721	2.8724796162054838	0.26217173562201734	0.09127018139413066	VDAC1	0.26961863	False
1722	2.889709107117714	0.2914413251948515	0.10085490075004268	TCF7	0.26961872	False
1723	2.889709107117714	0.2914413251948515	0.10085490075004268	SKP1	0.26961872	False
1724	2.889709107117714	0.2914413251948515	0.10085490075004268	PPP2CA	0.26961872	False
1725	2.889709107117714	0.2914413251948515	0.10085490075004268	CDKL3	0.26961872	False
1726	2.889709107117714	0.2914413251948515	0.10085490075004268	MIR3661	0.26961872	False
1727	2.889709107117714	0.2914413251948515	0.10085490075004268	UBE2B	0.26961872	False
1728	2.889709107117714	0.2914413251948515	0.10085490075004268	CDKN2AIPNL	0.26961872	False
1729	2.889709107117714	0.2914413251948515	0.10085490075004268	LOC102546229	0.26961872	False
1730	2.889709107117714	0.2914413251948515	0.10085490075004268	LINC01843	0.26961872	False
1731	2.889709107117714	0.2914413251948515	0.10085490075004268	JADE2	0.26961872	False
1732	2.889709107117714	0.2914413251948515	0.10085490075004268	SAR1B	0.26961872	False
1733	2.889709107117714	0.2914413251948515	0.10085490075004268	SEC24A	0.26961872	False
1734	2.889709107117714	0.2914413251948515	0.10085490075004268	CAMLG	0.26961872	False
1735	2.889709107117714	0.2914413251948515	0.10085490075004268	DDX46	0.26961872	False
1736	2.889709107117714	0.2914413251948515	0.10085490075004268	C5orf24	0.26961872	False
1737	2.7169741083544072	0.208472496023447	0.07672965869730454	PKD2L2	0.26961806	False
1738	2.7169741083544072	0.208472496023447	0.07672965869730454	FAM13B	0.26961806	False
1739	2.7169741083544072	0.208472496023447	0.07672965869730454	LOC100130172	0.26961806	False
1740	2.7169741083544072	0.208472496023447	0.07672965869730454	WNT8A	0.26961806	False
1741	2.944821918711811	0.2921632522184848	0.09921253654152687	NME5	0.26961857	False
1742	2.944821918711811	0.2921632522184848	0.09921253654152687	BRD8	0.26961857	False
1743	2.944821918711811	0.2921632522184848	0.09921253654152687	KIF20A	0.26961857	False
1744	2.944821918711811	0.2921632522184848	0.09921253654152687	CDC23	0.26961857	False
1745	2.944821918711811	0.2921632522184848	0.09921253654152687	GFRA3	0.26961857	False
1746	2.944821918711811	0.2921632522184848	0.09921253654152687	CDC25C	0.26961857	False
1747	2.944821918711811	0.2921632522184848	0.09921253654152687	FAM53C	0.26961857	False
1748	2.944821918711811	0.2921632522184848	0.09921253654152687	KDM3B	0.26961857	False
1749	2.944821918711811	0.2921632522184848	0.09921253654152687	REEP2	0.26961857	False
1750	2.944821918711811	0.2921632522184848	0.09921253654152687	EGR1	0.26961857	False
1751	2.944821918711811	0.2921632522184848	0.09921253654152687	ETF1	0.26961857	False
1752	2.944821918711811	0.2921632522184848	0.09921253654152687	HSPA9	0.26961857	False
1753	2.944821918711811	0.2921632522184848	0.09921253654152687	SNORD63	0.26961857	False
1754	3.0083841976287298	0.2751878405747434	0.09147363584466774	CTNNA1	0.26961854	False
1755	2.944821918711811	0.2921632522184848	0.09921253654152687	LOC105379194	0.26961857	False
1756	2.944821918711811	0.2921632522184848	0.09921253654152687	LRRTM2	0.26961857	False
1757	3.0083841976287298	0.2751878405747434	0.09147363584466774	SIL1	0.26961854	False
1758	3.1846814146885625	0.3408145778812088	0.10701685145311084	MATR3	0.26961923	False
1759	3.1846814146885625	0.3408145778812088	0.10701685145311084	SNHG4	0.26961923	False
1760	3.1846814146885625	0.3408145778812088	0.10701685145311084	SNORA74A	0.26961923	False
1761	3.1846814146885625	0.3408145778812088	0.10701685145311084	PAIP2	0.26961923	False
1762	3.1846814146885625	0.3408145778812088	0.10701685145311084	SLC23A1	0.26961923	False
1763	3.1846814146885625	0.3408145778812088	0.10701685145311084	MZB1	0.26961923	False
1764	3.1846814146885625	0.3408145778812088	0.10701685145311084	PROB1	0.26961923	False
1765	3.1846814146885625	0.3408145778812088	0.10701685145311084	SPATA24	0.26961923	False
1766	3.1846814146885625	0.3408145778812088	0.10701685145311084	DNAJC18	0.26961923	False
1767	3.1846814146885625	0.3408145778812088	0.10701685145311084	ECSCR	0.26961923	False
1768	3.1846814146885625	0.3408145778812088	0.10701685145311084	TMEM173	0.26961923	False
1769	3.1846814146885625	0.3408145778812088	0.10701685145311084	UBE2D2	0.26961923	False
1770	3.1846814146885625	0.3408145778812088	0.10701685145311084	CXXC5	0.26961923	False
1771	3.1846814146885625	0.3408145778812088	0.10701685145311084	PSD2-AS1	0.26961923	False
1772	3.1846814146885625	0.3408145778812088	0.10701685145311084	PSD2	0.26961923	False
1773	3.1651758826858583	0.29973554299157246	0.09469791066941509	NRG2	0.269619	False
1774	3.1651758826858583	0.29973554299157246	0.09469791066941509	MALINC1	0.269619	False
1775	3.300410416631911	0.35947309404895567	0.10891769467137974	PURA	0.2696195	False
1776	3.300410416631911	0.35947309404895567	0.10891769467137974	IGIP	0.2696195	False
1777	3.300410416631911	0.35947309404895567	0.10891769467137974	LOC101929719	0.2696195	False
1778	3.300410416631911	0.35947309404895567	0.10891769467137974	CYSTM1	0.2696195	False
1779	3.300410416631911	0.35947309404895567	0.10891769467137974	PFDN1	0.2696195	False
1780	3.300410416631911	0.35947309404895567	0.10891769467137974	HBEGF	0.2696195	False
1781	3.300410416631911	0.35947309404895567	0.10891769467137974	SLC4A9	0.2696195	False
1782	3.300410416631911	0.35947309404895567	0.10891769467137974	ANKHD1	0.2696195	False
1783	3.300410416631911	0.35947309404895567	0.10891769467137974	ANKHD1-EIF4EBP3	0.2696195	False
1784	3.300410416631911	0.35947309404895567	0.10891769467137974	SRA1	0.2696195	False
1785	3.300410416631911	0.35947309404895567	0.10891769467137974	EIF4EBP3	0.2696195	False
1786	3.300410416631911	0.35947309404895567	0.10891769467137974	APBB3	0.2696195	False
1787	3.300410416631911	0.35947309404895567	0.10891769467137974	MIR6831	0.2696195	False
1788	3.300410416631911	0.35947309404895567	0.10891769467137974	SLC35A4	0.2696195	False
1789	3.300410416631911	0.35947309404895567	0.10891769467137974	CD14	0.2696195	False
1790	3.300410416631911	0.35947309404895567	0.10891769467137974	NDUFA2	0.2696195	False
1791	3.300410416631911	0.35947309404895567	0.10891769467137974	TMCO6	0.2696195	False
1792	3.300410416631911	0.35947309404895567	0.10891769467137974	IK	0.2696195	False
1793	3.300410416631911	0.35947309404895567	0.10891769467137974	MIR3655	0.2696195	False
1794	3.300410416631911	0.35947309404895567	0.10891769467137974	WDR55	0.2696195	False
1795	3.300410416631911	0.35947309404895567	0.10891769467137974	DND1	0.2696195	False
1796	3.300410416631911	0.35947309404895567	0.10891769467137974	HARS	0.2696195	False
1797	3.300410416631911	0.35947309404895567	0.10891769467137974	HARS2	0.2696195	False
1798	3.300410416631911	0.35947309404895567	0.10891769467137974	ZMAT2	0.2696195	False
1799	3.300410416631911	0.35947309404895567	0.10891769467137974	VTRNA1-1	0.2696195	False
1800	3.300410416631911	0.35947309404895567	0.10891769467137974	VTRNA1-2	0.2696195	False
1801	3.300410416631911	0.35947309404895567	0.10891769467137974	VTRNA1-3	0.2696195	False
1802	3.1743475299780237	0.30564581611479585	0.0962861858156129	PCDHA1	0.26961893	False
1803	3.1743475299780237	0.30564581611479585	0.0962861858156129	PCDHA2	0.26961893	False
1804	3.1743475299780237	0.30564581611479585	0.0962861858156129	PCDHA3	0.26961893	False
1805	3.1743475299780237	0.30564581611479585	0.0962861858156129	PCDHA4	0.26961893	False
1806	3.1743475299780237	0.30564581611479585	0.0962861858156129	PCDHA5	0.26961893	False
1807	3.1743475299780237	0.30564581611479585	0.0962861858156129	PCDHA6	0.26961893	False
1808	3.1743475299780237	0.30564581611479585	0.0962861858156129	PCDHA7	0.26961893	False
1809	3.1743475299780237	0.30564581611479585	0.0962861858156129	PCDHA8	0.26961893	False
1810	3.1743475299780237	0.30564581611479585	0.0962861858156129	PCDHA9	0.26961893	False
1811	3.1743475299780237	0.30564581611479585	0.0962861858156129	PCDHA10	0.26961893	False
1812	3.1743475299780237	0.30564581611479585	0.0962861858156129	PCDHA11	0.26961893	False
1813	3.1743475299780237	0.30564581611479585	0.0962861858156129	PCDHA12	0.26961893	False
1814	3.1743475299780237	0.30564581611479585	0.0962861858156129	PCDHA13	0.26961893	False
1815	3.1743475299780237	0.30564581611479585	0.0962861858156129	PCDHAC1	0.26961893	False
1816	3.1743475299780237	0.30564581611479585	0.0962861858156129	PCDHAC2	0.26961893	False
1817	3.1743475299780237	0.30564581611479585	0.0962861858156129	LOC101926905	0.26961893	False
1818	3.1743475299780237	0.30564581611479585	0.0962861858156129	PCDHB1	0.26961893	False
1819	3.1743475299780237	0.30564581611479585	0.0962861858156129	PCDHB2	0.26961893	False
1820	3.0899674068951146	0.320948755679497	0.10386800681564316	PCDHB3	0.269619	False
1821	3.0899674068951146	0.320948755679497	0.10386800681564316	PCDHB4	0.269619	False
1822	3.0899674068951146	0.320948755679497	0.10386800681564316	PCDHB5	0.269619	False
1823	3.0899674068951146	0.320948755679497	0.10386800681564316	PCDHB6	0.269619	False
1824	3.0899674068951146	0.320948755679497	0.10386800681564316	PCDHB7	0.269619	False
1825	3.0899674068951146	0.320948755679497	0.10386800681564316	PCDHB8	0.269619	False
1826	3.0899674068951146	0.320948755679497	0.10386800681564316	PCDHB16	0.269619	False
1827	3.0899674068951146	0.320948755679497	0.10386800681564316	PCDHB9	0.269619	False
1828	3.0899674068951146	0.320948755679497	0.10386800681564316	PCDHB10	0.269619	False
1829	3.0899674068951146	0.320948755679497	0.10386800681564316	PCDHB11	0.269619	False
1830	3.0899674068951146	0.320948755679497	0.10386800681564316	PCDHB12	0.269619	False
1831	3.0899674068951146	0.320948755679497	0.10386800681564316	PCDHB13	0.269619	False
1832	3.0899674068951146	0.320948755679497	0.10386800681564316	PCDHB14	0.269619	False
1833	3.0899674068951146	0.320948755679497	0.10386800681564316	PCDHB15	0.269619	False
1834	3.0899674068951146	0.320948755679497	0.10386800681564316	SLC25A2	0.269619	False
1835	3.0899674068951146	0.320948755679497	0.10386800681564316	TAF7	0.269619	False
1836	3.0899674068951146	0.320948755679497	0.10386800681564316	PCDHGA1	0.269619	False
1837	3.0899674068951146	0.320948755679497	0.10386800681564316	PCDHGA2	0.269619	False
1838	3.0899674068951146	0.320948755679497	0.10386800681564316	PCDHGA3	0.269619	False
1839	3.0899674068951146	0.320948755679497	0.10386800681564316	PCDHGB1	0.269619	False
1840	3.0899674068951146	0.320948755679497	0.10386800681564316	PCDHGA4	0.269619	False
1841	3.0899674068951146	0.320948755679497	0.10386800681564316	PCDHGB2	0.269619	False
1842	3.0899674068951146	0.320948755679497	0.10386800681564316	PCDHGA5	0.269619	False
1843	3.0899674068951146	0.320948755679497	0.10386800681564316	PCDHGB3	0.269619	False
1844	3.0899674068951146	0.320948755679497	0.10386800681564316	PCDHGA6	0.269619	False
1845	3.0899674068951146	0.320948755679497	0.10386800681564316	PCDHGA7	0.269619	False
1846	3.0899674068951146	0.320948755679497	0.10386800681564316	PCDHGB4	0.269619	False
1847	3.0899674068951146	0.320948755679497	0.10386800681564316	PCDHGA8	0.269619	False
1848	3.0899674068951146	0.320948755679497	0.10386800681564316	PCDHGB5	0.269619	False
1849	3.0899674068951146	0.320948755679497	0.10386800681564316	PCDHGA9	0.269619	False
1850	3.0899674068951146	0.320948755679497	0.10386800681564316	PCDHGB6	0.269619	False
1851	3.0899674068951146	0.320948755679497	0.10386800681564316	PCDHGA10	0.269619	False
1852	3.0899674068951146	0.320948755679497	0.10386800681564316	PCDHGB7	0.269619	False
1853	3.0899674068951146	0.320948755679497	0.10386800681564316	PCDHGA11	0.269619	False
1854	3.0899674068951146	0.320948755679497	0.10386800681564316	PCDHGA12	0.269619	False
1855	3.0899674068951146	0.320948755679497	0.10386800681564316	PCDHGC3	0.269619	False
1856	3.0899674068951146	0.320948755679497	0.10386800681564316	PCDHGC4	0.269619	False
1857	3.0899674068951146	0.320948755679497	0.10386800681564316	PCDHGC5	0.269619	False
1858	3.0899674068951146	0.320948755679497	0.10386800681564316	DIAPH1	0.269619	False
1859	3.0899674068951146	0.320948755679497	0.10386800681564316	LOC100505658	0.269619	False
1860	3.0899674068951146	0.320948755679497	0.10386800681564316	HDAC3	0.269619	False
1861	3.0899674068951146	0.320948755679497	0.10386800681564316	RELL2	0.269619	False
1862	3.0899674068951146	0.320948755679497	0.10386800681564316	FCHSD1	0.269619	False
1863	3.0899674068951146	0.320948755679497	0.10386800681564316	ARAP3	0.269619	False
1864	3.0899674068951146	0.320948755679497	0.10386800681564316	PCDH1	0.269619	False
1865	2.9393215211678103	0.27144576617859617	0.09234980393391912	DELE1	0.26961854	False
1866	2.9393215211678103	0.27144576617859617	0.09234980393391912	PCDH12	0.26961854	False
1867	2.9393215211678103	0.27144576617859617	0.09234980393391912	RNF14	0.26961854	False
1868	2.9393215211678103	0.27144576617859617	0.09234980393391912	GNPDA1	0.26961854	False
1869	2.8642742051045404	0.31167244498505486	0.1088137596706386	NDFIP1	0.26961854	False
1870	2.8642742051045404	0.31167244498505486	0.1088137596706386	SPRY4	0.26961854	False
1871	2.8642742051045404	0.31167244498505486	0.1088137596706386	SPRY4-IT1	0.26961854	False
1872	2.8642742051045404	0.31167244498505486	0.1088137596706386	SPRY4-AS1	0.26961854	False
1873	2.8642742051045404	0.31167244498505486	0.1088137596706386	FGF1	0.26961854	False
1874	2.8642742051045404	0.31167244498505486	0.1088137596706386	LINC01844	0.26961854	False
1875	2.7626844119310894	0.2720968019773676	0.09849000515667823	ARHGAP26	0.2696184	False
1876	2.8642742051045404	0.31167244498505486	0.1088137596706386	ARHGAP26-AS1	0.26961854	False
1877	2.7977797630970307	0.2719227937975375	0.09719235137240745	SH3TC2	0.26961845	False
1878	2.7977797630970307	0.2719227937975375	0.09719235137240745	MIR584	0.26961845	False
1879	2.7977797630970307	0.2719227937975375	0.09719235137240745	SH3TC2-DT	0.26961845	False
1880	2.9468317426773183	0.33818605963546305	0.11476259561674433	ABLIM3	0.26961896	False
1881	2.9468317426773183	0.33818605963546305	0.11476259561674433	AFAP1L1	0.26961896	False
1882	2.9468317426773183	0.33818605963546305	0.11476259561674433	GRPEL2	0.26961896	False
1883	2.9468317426773183	0.33818605963546305	0.11476259561674433	GRPEL2-AS1	0.26961896	False
1884	2.9468317426773183	0.33818605963546305	0.11476259561674433	PCYOX1L	0.26961896	False
1885	2.9468317426773183	0.33818605963546305	0.11476259561674433	IL17B	0.26961896	False
1886	2.9468317426773183	0.33818605963546305	0.11476259561674433	CARMN	0.26961896	False
1887	2.9468317426773183	0.33818605963546305	0.11476259561674433	MIR143	0.26961896	False
1888	2.9468317426773183	0.33818605963546305	0.11476259561674433	MIR145	0.26961896	False
1889	2.9468317426773183	0.33818605963546305	0.11476259561674433	CSNK1A1	0.26961896	False
1890	2.9468317426773183	0.33818605963546305	0.11476259561674433	ARHGEF37	0.26961896	False
1891	2.9468317426773183	0.33818605963546305	0.11476259561674433	PPARGC1B	0.26961896	False
1892	2.9468317426773183	0.33818605963546305	0.11476259561674433	MIR378A	0.26961896	False
1893	2.90500354413068	0.2940202679714439	0.10121167272428554	PDE6A	0.2696187	False
1894	2.90500354413068	0.2940202679714439	0.10121167272428554	SLC26A2	0.2696187	False
1895	2.90500354413068	0.2940202679714439	0.10121167272428554	TIGD6	0.2696187	False
1896	2.90500354413068	0.2940202679714439	0.10121167272428554	HMGXB3	0.2696187	False
1897	2.90500354413068	0.2940202679714439	0.10121167272428554	CSF1R	0.2696187	False
1898	2.989433250518231	0.3475777540669108	0.11626877904253481	PDGFRB	0.26961908	False
1899	2.989433250518231	0.3475777540669108	0.11626877904253481	CDX1	0.26961908	False
1900	2.989433250518231	0.3475777540669108	0.11626877904253481	SLC6A7	0.26961908	False
1901	2.989433250518231	0.3475777540669108	0.11626877904253481	CAMK2A	0.26961908	False
1902	2.989433250518231	0.3475777540669108	0.11626877904253481	ARSI	0.26961908	False
1903	2.989433250518231	0.3475777540669108	0.11626877904253481	TCOF1	0.26961908	False
1904	2.989433250518231	0.3475777540669108	0.11626877904253481	CD74	0.26961908	False
1905	2.989433250518231	0.3475777540669108	0.11626877904253481	RPS14	0.26961908	False
1906	2.989433250518231	0.3475777540669108	0.11626877904253481	NDST1-AS1	0.26961908	False
1907	2.989433250518231	0.3475777540669108	0.11626877904253481	NDST1	0.26961908	False
1908	2.989433250518231	0.3475777540669108	0.11626877904253481	SYNPO	0.26961908	False
1909	2.989433250518231	0.3475777540669108	0.11626877904253481	MYOZ3	0.26961908	False
1910	2.989433250518231	0.3475777540669108	0.11626877904253481	RBM22	0.26961908	False
1911	2.989433250518231	0.3475777540669108	0.11626877904253481	DCTN4	0.26961908	False
1912	2.989433250518231	0.3475777540669108	0.11626877904253481	SMIM3	0.26961908	False
1913	2.989433250518231	0.3475777540669108	0.11626877904253481	IRGM	0.26961908	False
1914	2.7770575938846984	0.2514927453714614	0.09056086770590152	ZNF300	0.2696183	False
1915	2.7770575938846984	0.2514927453714614	0.09056086770590152	GPX3	0.2696183	False
1916	2.7770575938846984	0.2514927453714614	0.09056086770590152	TNIP1	0.2696183	False
1917	2.718448413941762	0.25710076761930023	0.09457629076231135	ANXA6	0.26961824	False
1918	2.718448413941762	0.25710076761930023	0.09457629076231135	CCDC69	0.26961824	False
1919	2.718448413941762	0.25710076761930023	0.09457629076231135	GM2A	0.26961824	False
1920	2.718448413941762	0.25710076761930023	0.09457629076231135	SLC36A3	0.26961824	False
1921	2.718448413941762	0.25710076761930023	0.09457629076231135	SLC36A2	0.26961824	False
1922	2.718448413941762	0.25710076761930023	0.09457629076231135	SLC36A1	0.26961824	False
1923	2.718448413941762	0.25710076761930023	0.09457629076231135	FAT2	0.26961824	False
1924	2.718448413941762	0.25710076761930023	0.09457629076231135	MIR6499	0.26961824	False
1925	2.718448413941762	0.25710076761930023	0.09457629076231135	SPARC	0.26961824	False
1926	2.718448413941762	0.25710076761930023	0.09457629076231135	CLMAT3	0.26961824	False
1927	2.718448413941762	0.25710076761930023	0.09457629076231135	ATOX1	0.26961824	False
1928	2.718448413941762	0.25710076761930023	0.09457629076231135	LOC100652758	0.26961824	False
1929	2.718448413941762	0.25710076761930023	0.09457629076231135	G3BP1	0.26961824	False
1930	2.7523909621240676	0.2608262005714658	0.09476349986637862	EFCAB9	0.26961836	False
1931	2.7523909621240676	0.2608262005714658	0.09476349986637862	UBTD2	0.26961836	False
1932	2.7523909621240676	0.2608262005714658	0.09476349986637862	SH3PXD2B	0.26961836	False
1933	2.7523909621240676	0.2608262005714658	0.09476349986637862	NEURL1B	0.26961836	False
1934	2.7523909621240676	0.2608262005714658	0.09476349986637862	MIR5003	0.26961836	False
1935	2.7523909621240676	0.2608262005714658	0.09476349986637862	LOC101928093	0.26961836	False
1936	2.7523909621240676	0.2608262005714658	0.09476349986637862	DUSP1	0.26961836	False
1937	2.8026010643337083	0.4664488263595566	0.166434257196163	RIPOR2	0.26961946	False
1938	3.0759524033917303	0.6769925038053944	0.2200919959160947	LOC101928663	0.26962093	False
1939	3.0759524033917303	0.6769925038053944	0.2200919959160947	CARMIL1	0.26962093	False
1940	3.0759524033917303	0.6769925038053944	0.2200919959160947	SCGN	0.26962093	False
1941	3.0759524033917303	0.6769925038053944	0.2200919959160947	HIST1H2AA	0.26962093	False
1942	3.0759524033917303	0.6769925038053944	0.2200919959160947	HIST1H2BA	0.26962093	False
1943	3.0759524033917303	0.6769925038053944	0.2200919959160947	SLC17A4	0.26962093	False
1944	3.0759524033917303	0.6769925038053944	0.2200919959160947	SLC17A1	0.26962093	False
1945	3.0759524033917303	0.6769925038053944	0.2200919959160947	SLC17A3	0.26962093	False
1946	3.2902673100665356	0.7475703511526397	0.22720657037969427	SLC17A2	0.2696219	False
1947	3.2902673100665356	0.7475703511526397	0.22720657037969427	TRIM38	0.2696219	False
1948	3.2902673100665356	0.7475703511526397	0.22720657037969427	HIST1H1A	0.2696219	False
1949	3.2902673100665356	0.7475703511526397	0.22720657037969427	HIST1H3A	0.2696219	False
1950	3.2902673100665356	0.7475703511526397	0.22720657037969427	HIST1H4A	0.2696219	False
1951	3.2902673100665356	0.7475703511526397	0.22720657037969427	HIST1H4B	0.2696219	False
1952	3.2902673100665356	0.7475703511526397	0.22720657037969427	HIST1H3B	0.2696219	False
1953	3.2902673100665356	0.7475703511526397	0.22720657037969427	HIST1H2AB	0.2696219	False
1954	3.2902673100665356	0.7475703511526397	0.22720657037969427	HIST1H2BB	0.2696219	False
1955	3.2902673100665356	0.7475703511526397	0.22720657037969427	HIST1H3C	0.2696219	False
1956	3.2902673100665356	0.7475703511526397	0.22720657037969427	HIST1H1C	0.2696219	False
1957	3.2902673100665356	0.7475703511526397	0.22720657037969427	HFE	0.2696219	False
1958	3.745265919672516	1.1202143668147766	0.299101423194198	HIST1H4C	0.26962546	False
1959	3.745265919672516	1.1202143668147766	0.299101423194198	HIST1H1T	0.26962546	False
1960	3.745265919672516	1.1202143668147766	0.299101423194198	HIST1H2BC	0.26962546	False
1961	3.745265919672516	1.1202143668147766	0.299101423194198	HIST1H1E	0.26962546	False
1962	3.745265919672516	1.1202143668147766	0.299101423194198	HIST1H2BD	0.26962546	False
1963	3.745265919672516	1.1202143668147766	0.299101423194198	HIST1H2BE	0.26962546	False
1964	3.745265919672516	1.1202143668147766	0.299101423194198	HIST1H4D	0.26962546	False
1965	3.745265919672516	1.1202143668147766	0.299101423194198	HIST1H3D	0.26962546	False
1966	3.745265919672516	1.1202143668147766	0.299101423194198	HIST1H2AD	0.26962546	False
1967	3.745265919672516	1.1202143668147766	0.299101423194198	HIST1H2BF	0.26962546	False
1968	3.745265919672516	1.1202143668147766	0.299101423194198	HIST1H4E	0.26962546	False
1969	3.745265919672516	1.1202143668147766	0.299101423194198	HIST1H2BG	0.26962546	False
1970	3.745265919672516	1.1202143668147766	0.299101423194198	HIST1H2AE	0.26962546	False
1971	3.745265919672516	1.1202143668147766	0.299101423194198	HIST1H3E	0.26962546	False
1972	3.745265919672516	1.1202143668147766	0.299101423194198	HIST1H1D	0.26962546	False
1973	3.745265919672516	1.1202143668147766	0.299101423194198	HIST1H4F	0.26962546	False
1974	3.745265919672516	1.1202143668147766	0.299101423194198	HIST1H4G	0.26962546	False
1975	3.745265919672516	1.1202143668147766	0.299101423194198	HIST1H3F	0.26962546	False
1976	3.745265919672516	1.1202143668147766	0.299101423194198	HIST1H2BH	0.26962546	False
1977	3.745265919672516	1.1202143668147766	0.299101423194198	HIST1H3G	0.26962546	False
1978	3.745265919672516	1.1202143668147766	0.299101423194198	HIST1H2BI	0.26962546	False
1979	3.745265919672516	1.1202143668147766	0.299101423194198	HIST1H4H	0.26962546	False
1980	3.745265919672516	1.1202143668147766	0.299101423194198	BTN3A2	0.26962546	False
1981	3.745265919672516	1.1202143668147766	0.299101423194198	BTN2A2	0.26962546	False
1982	3.745265919672516	1.1202143668147766	0.299101423194198	BTN3A1	0.26962546	False
1983	3.745265919672516	1.1202143668147766	0.299101423194198	BTN3A3	0.26962546	False
1984	3.745265919672516	1.1202143668147766	0.299101423194198	BTN2A1	0.26962546	False
1985	3.745265919672516	1.1202143668147766	0.299101423194198	BTN1A1	0.26962546	False
1986	3.745265919672516	1.1202143668147766	0.299101423194198	HCG11	0.26962546	False
1987	3.745265919672516	1.1202143668147766	0.299101423194198	HMGN4	0.26962546	False
1988	3.745265919672516	1.1202143668147766	0.299101423194198	ABT1	0.26962546	False
1989	3.745265919672516	1.1202143668147766	0.299101423194198	ZNF322	0.26962546	False
1990	3.537733382591686	0.842024780009917	0.23801250375545918	LINC00240	0.26962295	False
1991	3.631808381665036	0.8851931341763709	0.24373343556483174	HIST1H2BJ	0.26962346	False
1992	3.631808381665036	0.8851931341763709	0.24373343556483174	HIST1H2AG	0.26962346	False
1993	3.631808381665036	0.8851931341763709	0.24373343556483174	HIST1H4I	0.26962346	False
1994	3.631808381665036	0.8851931341763709	0.24373343556483174	HIST1H2BK	0.26962346	False
1995	3.631808381665036	0.8851931341763709	0.24373343556483174	HIST1H2AH	0.26962346	False
1996	3.631808381665036	0.8851931341763709	0.24373343556483174	MIR3143	0.26962346	False
1997	3.631808381665036	0.8851931341763709	0.24373343556483174	PRSS16	0.26962346	False
1998	3.631808381665036	0.8851931341763709	0.24373343556483174	POM121L2	0.26962346	False
1999	3.631808381665036	0.8851931341763709	0.24373343556483174	ZNF391	0.26962346	False
2000	3.631808381665036	0.8851931341763709	0.24373343556483174	ZNF184	0.26962346	False
2001	3.631808381665036	0.8851931341763709	0.24373343556483174	LINC01012	0.26962346	False
2002	3.631808381665036	0.8851931341763709	0.24373343556483174	HIST1H2BL	0.26962346	False
2003	3.631808381665036	0.8851931341763709	0.24373343556483174	HIST1H2AI	0.26962346	False
2004	3.631808381665036	0.8851931341763709	0.24373343556483174	HIST1H3H	0.26962346	False
2005	3.631808381665036	0.8851931341763709	0.24373343556483174	HIST1H2AJ	0.26962346	False
2006	3.631808381665036	0.8851931341763709	0.24373343556483174	HIST1H2BM	0.26962346	False
2007	3.631808381665036	0.8851931341763709	0.24373343556483174	HIST1H4J	0.26962346	False
2008	3.631808381665036	0.8851931341763709	0.24373343556483174	HIST1H4K	0.26962346	False
2009	3.631808381665036	0.8851931341763709	0.24373343556483174	HIST1H2BN	0.26962346	False
2010	3.631808381665036	0.8851931341763709	0.24373343556483174	HIST1H2AK	0.26962346	False
2011	3.631808381665036	0.8851931341763709	0.24373343556483174	HIST1H2AL	0.26962346	False
2012	3.631808381665036	0.8851931341763709	0.24373343556483174	HIST1H1B	0.26962346	False
2013	3.631808381665036	0.8851931341763709	0.24373343556483174	HIST1H3I	0.26962346	False
2014	3.631808381665036	0.8851931341763709	0.24373343556483174	HIST1H4L	0.26962346	False
2015	3.631808381665036	0.8851931341763709	0.24373343556483174	HIST1H3J	0.26962346	False
2016	3.631808381665036	0.8851931341763709	0.24373343556483174	HIST1H2AM	0.26962346	False
2017	3.631808381665036	0.8851931341763709	0.24373343556483174	HIST1H2BO	0.26962346	False
2018	3.5062954633658023	0.7072912656053755	0.20172038352022523	OR2B2	0.26962197	False
2019	3.5062954633658023	0.7072912656053755	0.20172038352022523	OR2B6	0.26962197	False
2020	3.5062954633658023	0.7072912656053755	0.20172038352022523	ZNF165	0.26962197	False
2021	3.3990325265093424	0.6262884487735015	0.1842549148585737	ZSCAN16-AS1	0.26962116	False
2022	3.3990325265093424	0.6262884487735015	0.1842549148585737	ZSCAN16	0.26962116	False
2023	3.3990325265093424	0.6262884487735015	0.1842549148585737	ZKSCAN8	0.26962116	False
2024	3.3990325265093424	0.6262884487735015	0.1842549148585737	ZSCAN9	0.26962116	False
2025	3.3990325265093424	0.6262884487735015	0.1842549148585737	ZKSCAN4	0.26962116	False
2026	3.3990325265093424	0.6262884487735015	0.1842549148585737	NKAPL	0.26962116	False
2027	3.3990325265093424	0.6262884487735015	0.1842549148585737	ZSCAN26	0.26962116	False
2028	3.3990325265093424	0.6262884487735015	0.1842549148585737	PGBD1	0.26962116	False
2029	3.3990325265093424	0.6262884487735015	0.1842549148585737	ZSCAN31	0.26962116	False
2030	3.3990325265093424	0.6262884487735015	0.1842549148585737	ZKSCAN3	0.26962116	False
2031	3.3990325265093424	0.6262884487735015	0.1842549148585737	ZSCAN12	0.26962116	False
2032	3.3990325265093424	0.6262884487735015	0.1842549148585737	ZSCAN23	0.26962116	False
2033	3.3990325265093424	0.6262884487735015	0.1842549148585737	GPX6	0.26962116	False
2034	3.3990325265093424	0.6262884487735015	0.1842549148585737	GPX5	0.26962116	False
2035	3.3990325265093424	0.6262884487735015	0.1842549148585737	ZBED9	0.26962116	False
2036	3.3990325265093424	0.6262884487735015	0.1842549148585737	LINC00533	0.26962116	False
2037	3.3990325265093424	0.6262884487735015	0.1842549148585737	LINC01623	0.26962116	False
2038	3.3990325265093424	0.6262884487735015	0.1842549148585737	HCG14	0.26962116	False
2039	3.3974109805976553	0.5676279731385184	0.1670766287564845	TRIM27	0.26962084	False
2040	3.3974109805976553	0.5676279731385184	0.1670766287564845	ZNF311	0.26962084	False
2041	3.3974109805976553	0.5676279731385184	0.1670766287564845	LOC100129636	0.26962084	False
2042	3.3974109805976553	0.5676279731385184	0.1670766287564845	OR2W1	0.26962084	False
2043	3.3974109805976553	0.5676279731385184	0.1670766287564845	OR2B3	0.26962084	False
2044	3.1940649780355304	0.47882179341266023	0.14990984739050411	OR2J3	0.26961988	False
2045	3.1940649780355304	0.47882179341266023	0.14990984739050411	OR2J2	0.26961988	False
2046	3.1940649780355304	0.47882179341266023	0.14990984739050411	LOC101929006	0.26961988	False
2047	3.1940649780355304	0.47882179341266023	0.14990984739050411	OR14J1	0.26961988	False
2048	3.1940649780355304	0.47882179341266023	0.14990984739050411	OR5V1	0.26961988	False
2049	3.1940649780355304	0.47882179341266023	0.14990984739050411	OR12D3	0.26961988	False
2050	3.1940649780355304	0.47882179341266023	0.14990984739050411	OR12D2	0.26961988	False
2051	3.1940649780355304	0.47882179341266023	0.14990984739050411	OR11A1	0.26961988	False
2052	3.1940649780355304	0.47882179341266023	0.14990984739050411	OR10C1	0.26961988	False
2053	3.1940649780355304	0.47882179341266023	0.14990984739050411	OR2H1	0.26961988	False
2054	3.1940649780355304	0.47882179341266023	0.14990984739050411	MAS1L	0.26961988	False
2055	3.1940649780355304	0.47882179341266023	0.14990984739050411	LINC01015	0.26961988	False
2056	3.1940649780355304	0.47882179341266023	0.14990984739050411	UBD	0.26961988	False
2057	3.1940649780355304	0.47882179341266023	0.14990984739050411	GABBR1	0.26961988	False
2058	3.1940649780355304	0.47882179341266023	0.14990984739050411	SNORD32B	0.26961988	False
2059	3.1940649780355304	0.47882179341266023	0.14990984739050411	OR2H2	0.26961988	False
2060	3.1940649780355304	0.47882179341266023	0.14990984739050411	MOG	0.26961988	False
2061	3.1940649780355304	0.47882179341266023	0.14990984739050411	ZFP57	0.26961988	False
2062	3.1940649780355304	0.47882179341266023	0.14990984739050411	HLA-F	0.26961988	False
2063	3.1940649780355304	0.47882179341266023	0.14990984739050411	HLA-F-AS1	0.26961988	False
2064	3.1940649780355304	0.47882179341266023	0.14990984739050411	HLA-G	0.26961988	False
2065	3.295898199639814	0.5068945099502229	0.15379556019224683	HLA-A	0.26962036	False
2066	3.295898199639814	0.5068945099502229	0.15379556019224683	HCG9	0.26962036	False
2067	3.295898199639814	0.5068945099502229	0.15379556019224683	ZNRD1ASP	0.26962036	False
2068	3.295898199639814	0.5068945099502229	0.15379556019224683	ZNRD1	0.26962036	False
2069	3.295898199639814	0.5068945099502229	0.15379556019224683	PPP1R11	0.26962036	False
2070	3.295898199639814	0.5068945099502229	0.15379556019224683	RNF39	0.26962036	False
2071	3.4303442139870866	0.6360368219474516	0.18541486867528856	TRIM31	0.2696214	False
2072	3.4303442139870866	0.6360368219474516	0.18541486867528856	TRIM31-AS1	0.2696214	False
2073	3.4303442139870866	0.6360368219474516	0.18541486867528856	TRIM40	0.2696214	False
2074	3.4303442139870866	0.6360368219474516	0.18541486867528856	TRIM10	0.2696214	False
2075	3.4303442139870866	0.6360368219474516	0.18541486867528856	TRIM15	0.2696214	False
2076	3.4303442139870866	0.6360368219474516	0.18541486867528856	TRIM26	0.2696214	False
2077	3.4303442139870866	0.6360368219474516	0.18541486867528856	HCG17	0.2696214	False
2078	3.4303442139870866	0.6360368219474516	0.18541486867528856	HCG18	0.2696214	False
2079	3.4303442139870866	0.6360368219474516	0.18541486867528856	TRIM39	0.2696214	False
2080	3.4303442139870866	0.6360368219474516	0.18541486867528856	TRIM39-RPP21	0.2696214	False
2081	3.4303442139870866	0.6360368219474516	0.18541486867528856	RPP21	0.2696214	False
2082	3.4303442139870866	0.6360368219474516	0.18541486867528856	HLA-E	0.2696214	False
2083	3.4303442139870866	0.6360368219474516	0.18541486867528856	GNL1	0.2696214	False
2084	3.4303442139870866	0.6360368219474516	0.18541486867528856	PRR3	0.2696214	False
2085	3.4303442139870866	0.6360368219474516	0.18541486867528856	ABCF1	0.2696214	False
2086	3.4303442139870866	0.6360368219474516	0.18541486867528856	MIR877	0.2696214	False
2087	3.4303442139870866	0.6360368219474516	0.18541486867528856	PPP1R10	0.2696214	False
2088	3.4303442139870866	0.6360368219474516	0.18541486867528856	MRPS18B	0.2696214	False
2089	3.4303442139870866	0.6360368219474516	0.18541486867528856	ATAT1	0.2696214	False
2090	3.4303442139870866	0.6360368219474516	0.18541486867528856	C6orf136	0.2696214	False
2091	3.4303442139870866	0.6360368219474516	0.18541486867528856	DHX16	0.2696214	False
2092	3.4303442139870866	0.6360368219474516	0.18541486867528856	PPP1R18	0.2696214	False
2093	3.4303442139870866	0.6360368219474516	0.18541486867528856	NRM	0.2696214	False
2094	3.4303442139870866	0.6360368219474516	0.18541486867528856	MDC1	0.2696214	False
2095	3.4303442139870866	0.6360368219474516	0.18541486867528856	MDC1-AS1	0.2696214	False
2096	3.4303442139870866	0.6360368219474516	0.18541486867528856	TUBB	0.2696214	False
2097	3.4303442139870866	0.6360368219474516	0.18541486867528856	FLOT1	0.2696214	False
2098	3.4303442139870866	0.6360368219474516	0.18541486867528856	IER3	0.2696214	False
2099	3.4303442139870866	0.6360368219474516	0.18541486867528856	LINC00243	0.2696214	False
2100	3.4303442139870866	0.6360368219474516	0.18541486867528856	LINC02570	0.2696214	False
2101	3.3577743062035936	0.56103028270943	0.16708397633304564	DDR1	0.2696208	False
2102	3.4303442139870866	0.6360368219474516	0.18541486867528856	MIR4640	0.2696214	False
2103	3.3577743062035936	0.56103028270943	0.16708397633304564	GTF2H4	0.2696208	False
2104	3.3577743062035936	0.56103028270943	0.16708397633304564	VARS2	0.2696208	False
2105	3.3577743062035936	0.56103028270943	0.16708397633304564	SFTA2	0.2696208	False
2106	3.3577743062035936	0.56103028270943	0.16708397633304564	MUCL3	0.2696208	False
2107	3.3577743062035936	0.56103028270943	0.16708397633304564	MUC21	0.2696208	False
2108	3.3577743062035936	0.56103028270943	0.16708397633304564	MUC22	0.2696208	False
2109	3.3577743062035936	0.56103028270943	0.16708397633304564	HCG22	0.2696208	False
2110	3.4272636535658063	0.6316923573934361	0.1843139079003182	C6orf15	0.26962143	False
2111	3.4272636535658063	0.6316923573934361	0.1843139079003182	PSORS1C1	0.26962143	False
2112	3.4272636535658063	0.6316923573934361	0.1843139079003182	CDSN	0.26962143	False
2113	3.4272636535658063	0.6316923573934361	0.1843139079003182	PSORS1C2	0.26962143	False
2114	3.4272636535658063	0.6316923573934361	0.1843139079003182	CCHCR1	0.26962143	False
2115	3.4272636535658063	0.6316923573934361	0.1843139079003182	TCF19	0.26962143	False
2116	3.4272636535658063	0.6316923573934361	0.1843139079003182	POU5F1	0.26962143	False
2117	3.4272636535658063	0.6316923573934361	0.1843139079003182	PSORS1C3	0.26962143	False
2118	3.4272636535658063	0.6316923573934361	0.1843139079003182	HCG27	0.26962143	False
2119	3.4272636535658063	0.6316923573934361	0.1843139079003182	HLA-C	0.26962143	False
2120	3.4272636535658063	0.6316923573934361	0.1843139079003182	HLA-B	0.26962143	False
2121	3.4272636535658063	0.6316923573934361	0.1843139079003182	MIR6891	0.26962143	False
2122	3.4272636535658063	0.6316923573934361	0.1843139079003182	MICA	0.26962143	False
2123	3.4272636535658063	0.6316923573934361	0.1843139079003182	HCP5	0.26962143	False
2124	3.4272636535658063	0.6316923573934361	0.1843139079003182	MICB	0.26962143	False
2125	3.4272636535658063	0.6316923573934361	0.1843139079003182	MCCD1	0.26962143	False
2126	3.4272636535658063	0.6316923573934361	0.1843139079003182	DDX39B	0.26962143	False
2127	3.4272636535658063	0.6316923573934361	0.1843139079003182	ATP6V1G2-DDX39B	0.26962143	False
2128	3.4272636535658063	0.6316923573934361	0.1843139079003182	SNORD117	0.26962143	False
2129	3.4272636535658063	0.6316923573934361	0.1843139079003182	SNORD84	0.26962143	False
2130	3.4272636535658063	0.6316923573934361	0.1843139079003182	ATP6V1G2	0.26962143	False
2131	3.4272636535658063	0.6316923573934361	0.1843139079003182	DDX39B-AS1	0.26962143	False
2132	3.4272636535658063	0.6316923573934361	0.1843139079003182	NFKBIL1	0.26962143	False
2133	3.4272636535658063	0.6316923573934361	0.1843139079003182	LTA	0.26962143	False
2134	3.4272636535658063	0.6316923573934361	0.1843139079003182	TNF	0.26962143	False
2135	3.4272636535658063	0.6316923573934361	0.1843139079003182	LTB	0.26962143	False
2136	3.4272636535658063	0.6316923573934361	0.1843139079003182	LST1	0.26962143	False
2137	3.4272636535658063	0.6316923573934361	0.1843139079003182	NCR3	0.26962143	False
2138	3.4272636535658063	0.6316923573934361	0.1843139079003182	AIF1	0.26962143	False
2139	3.4272636535658063	0.6316923573934361	0.1843139079003182	PRRC2A	0.26962143	False
2140	3.4272636535658063	0.6316923573934361	0.1843139079003182	SNORA38	0.26962143	False
2141	3.4272636535658063	0.6316923573934361	0.1843139079003182	MIR6832	0.26962143	False
2142	3.4272636535658063	0.6316923573934361	0.1843139079003182	BAG6	0.26962143	False
2143	3.4272636535658063	0.6316923573934361	0.1843139079003182	APOM	0.26962143	False
2144	3.4272636535658063	0.6316923573934361	0.1843139079003182	C6orf47	0.26962143	False
2145	3.4272636535658063	0.6316923573934361	0.1843139079003182	GPANK1	0.26962143	False
2146	3.4272636535658063	0.6316923573934361	0.1843139079003182	CSNK2B	0.26962143	False
2147	3.4272636535658063	0.6316923573934361	0.1843139079003182	LY6G5B	0.26962143	False
2148	3.4272636535658063	0.6316923573934361	0.1843139079003182	LY6G5C	0.26962143	False
2149	3.4272636535658063	0.6316923573934361	0.1843139079003182	ABHD16A	0.26962143	False
2150	3.4272636535658063	0.6316923573934361	0.1843139079003182	MIR4646	0.26962143	False
2151	3.4272636535658063	0.6316923573934361	0.1843139079003182	LY6G6F	0.26962143	False
2152	3.4272636535658063	0.6316923573934361	0.1843139079003182	LY6G6E	0.26962143	False
2153	3.4272636535658063	0.6316923573934361	0.1843139079003182	LY6G6D	0.26962143	False
2154	3.4272636535658063	0.6316923573934361	0.1843139079003182	MPIG6B	0.26962143	False
2155	3.4272636535658063	0.6316923573934361	0.1843139079003182	LY6G6C	0.26962143	False
2156	3.4272636535658063	0.6316923573934361	0.1843139079003182	DDAH2	0.26962143	False
2157	3.4272636535658063	0.6316923573934361	0.1843139079003182	CLIC1	0.26962143	False
2158	3.4272636535658063	0.6316923573934361	0.1843139079003182	MSH5	0.26962143	False
2159	3.4272636535658063	0.6316923573934361	0.1843139079003182	MSH5-SAPCD1	0.26962143	False
2160	3.4272636535658063	0.6316923573934361	0.1843139079003182	SAPCD1	0.26962143	False
2161	3.4272636535658063	0.6316923573934361	0.1843139079003182	SAPCD1-AS1	0.26962143	False
2162	3.4272636535658063	0.6316923573934361	0.1843139079003182	VWA7	0.26962143	False
2163	3.4272636535658063	0.6316923573934361	0.1843139079003182	VARS	0.26962143	False
2164	3.4272636535658063	0.6316923573934361	0.1843139079003182	LSM2	0.26962143	False
2165	3.4272636535658063	0.6316923573934361	0.1843139079003182	HSPA1L	0.26962143	False
2166	3.4272636535658063	0.6316923573934361	0.1843139079003182	HSPA1A	0.26962143	False
2167	3.4272636535658063	0.6316923573934361	0.1843139079003182	HSPA1B	0.26962143	False
2168	3.4272636535658063	0.6316923573934361	0.1843139079003182	C6orf48	0.26962143	False
2169	3.4272636535658063	0.6316923573934361	0.1843139079003182	SNORD48	0.26962143	False
2170	3.4272636535658063	0.6316923573934361	0.1843139079003182	SNORD52	0.26962143	False
2171	3.4272636535658063	0.6316923573934361	0.1843139079003182	NEU1	0.26962143	False
2172	3.4272636535658063	0.6316923573934361	0.1843139079003182	SLC44A4	0.26962143	False
2173	3.4272636535658063	0.6316923573934361	0.1843139079003182	EHMT2	0.26962143	False
2174	3.2201895419570703	0.4937459904920633	0.15332823862038542	C2	0.26962024	False
2175	3.2201895419570703	0.4937459904920633	0.15332823862038542	ZBTB12	0.26962024	False
2176	3.2201895419570703	0.4937459904920633	0.15332823862038542	CFB	0.26962024	False
2177	3.2201895419570703	0.4937459904920633	0.15332823862038542	C2-AS1	0.26962024	False
2178	3.2201895419570703	0.4937459904920633	0.15332823862038542	NELFE	0.26962024	False
2179	3.2201895419570703	0.4937459904920633	0.15332823862038542	MIR1236	0.26962024	False
2180	3.2201895419570703	0.4937459904920633	0.15332823862038542	SKIV2L	0.26962024	False
2181	3.2201895419570703	0.4937459904920633	0.15332823862038542	DXO	0.26962024	False
2182	3.2201895419570703	0.4937459904920633	0.15332823862038542	STK19	0.26962024	False
2183	3.2201895419570703	0.4937459904920633	0.15332823862038542	C4B	0.26962024	False
2184	3.2201895419570703	0.4937459904920633	0.15332823862038542	C4A	0.26962024	False
2185	3.2201895419570703	0.4937459904920633	0.15332823862038542	CYP21A2	0.26962024	False
2186	3.2201895419570703	0.4937459904920633	0.15332823862038542	TNXB	0.26962024	False
2187	3.2201895419570703	0.4937459904920633	0.15332823862038542	ATF6B	0.26962024	False
2188	3.1538863000525397	0.48504733745034345	0.15379353955856404	FKBPL	0.2696201	False
2189	3.1538863000525397	0.48504733745034345	0.15379353955856404	PRRT1	0.2696201	False
2190	3.1538863000525397	0.48504733745034345	0.15379353955856404	LOC100507547	0.2696201	False
2191	3.1538863000525397	0.48504733745034345	0.15379353955856404	PPT2	0.2696201	False
2192	3.1538863000525397	0.48504733745034345	0.15379353955856404	PPT2-EGFL8	0.2696201	False
2193	3.1538863000525397	0.48504733745034345	0.15379353955856404	EGFL8	0.2696201	False
2194	3.1538863000525397	0.48504733745034345	0.15379353955856404	AGPAT1	0.2696201	False
2195	3.1538863000525397	0.48504733745034345	0.15379353955856404	MIR6721	0.2696201	False
2196	3.1538863000525397	0.48504733745034345	0.15379353955856404	RNF5	0.2696201	False
2197	3.1538863000525397	0.48504733745034345	0.15379353955856404	MIR6833	0.2696201	False
2198	3.1538863000525397	0.48504733745034345	0.15379353955856404	AGER	0.2696201	False
2199	3.1538863000525397	0.48504733745034345	0.15379353955856404	PBX2	0.2696201	False
2200	3.1538863000525397	0.48504733745034345	0.15379353955856404	GPSM3	0.2696201	False
2201	3.1538863000525397	0.48504733745034345	0.15379353955856404	NOTCH4	0.2696201	False
2202	3.1538863000525397	0.48504733745034345	0.15379353955856404	TSBP1	0.2696201	False
2203	3.1538863000525397	0.48504733745034345	0.15379353955856404	HCG23	0.2696201	False
2204	3.1538863000525397	0.48504733745034345	0.15379353955856404	BTNL2	0.2696201	False
2205	3.1538863000525397	0.48504733745034345	0.15379353955856404	HLA-DRA	0.2696201	False
2206	3.1538863000525397	0.48504733745034345	0.15379353955856404	HLA-DRB5	0.2696201	False
2207	3.1538863000525397	0.48504733745034345	0.15379353955856404	HLA-DRB1	0.2696201	False
2208	3.1538863000525397	0.48504733745034345	0.15379353955856404	HLA-DQA1	0.2696201	False
2209	3.1538863000525397	0.48504733745034345	0.15379353955856404	HLA-DQB1	0.2696201	False
2210	3.1538863000525397	0.48504733745034345	0.15379353955856404	HLA-DQB1-AS1	0.2696201	False
2211	3.1538863000525397	0.48504733745034345	0.15379353955856404	HLA-DQA2	0.2696201	False
2212	3.1538863000525397	0.48504733745034345	0.15379353955856404	MIR3135B	0.2696201	False
2213	3.1538863000525397	0.48504733745034345	0.15379353955856404	HLA-DQB2	0.2696201	False
2214	3.1538863000525397	0.48504733745034345	0.15379353955856404	HLA-DOB	0.2696201	False
2215	3.1538863000525397	0.48504733745034345	0.15379353955856404	TAP2	0.2696201	False
2216	3.1538863000525397	0.48504733745034345	0.15379353955856404	PSMB8	0.2696201	False
2217	3.1538863000525397	0.48504733745034345	0.15379353955856404	PSMB8-AS1	0.2696201	False
2218	3.1538863000525397	0.48504733745034345	0.15379353955856404	PSMB9	0.2696201	False
2219	3.1538863000525397	0.48504733745034345	0.15379353955856404	TAP1	0.2696201	False
2220	2.9507865802182085	0.3429486197858746	0.11622278008344263	HLA-DMB	0.26961896	False
2221	2.9507865802182085	0.3429486197858746	0.11622278008344263	HLA-DMA	0.26961896	False
2222	2.9507865802182085	0.3429486197858746	0.11622278008344263	BRD2	0.26961896	False
2223	2.9507865802182085	0.3429486197858746	0.11622278008344263	HLA-DOA	0.26961896	False
2224	2.9507865802182085	0.3429486197858746	0.11622278008344263	HLA-DPA1	0.26961896	False
2225	2.9507865802182085	0.3429486197858746	0.11622278008344263	HLA-DPB1	0.26961896	False
2226	2.7536500537592303	0.27430095956640366	0.09961358713389643	COL11A2	0.2696185	False
2227	2.7536500537592303	0.27430095956640366	0.09961358713389643	RXRB	0.2696185	False
2228	2.7536500537592303	0.27430095956640366	0.09961358713389643	SLC39A7	0.2696185	False
2229	2.7536500537592303	0.27430095956640366	0.09961358713389643	HSD17B8	0.2696185	False
2230	2.7536500537592303	0.27430095956640366	0.09961358713389643	MIR219A1	0.2696185	False
2231	2.7536500537592303	0.27430095956640366	0.09961358713389643	RING1	0.2696185	False
2232	2.7536500537592303	0.27430095956640366	0.09961358713389643	HCG25	0.2696185	False
2233	2.7536500537592303	0.27430095956640366	0.09961358713389643	VPS52	0.2696185	False
2234	2.7536500537592303	0.27430095956640366	0.09961358713389643	RPS18	0.2696185	False
2235	2.7536500537592303	0.27430095956640366	0.09961358713389643	B3GALT4	0.2696185	False
2236	2.7536500537592303	0.27430095956640366	0.09961358713389643	WDR46	0.2696185	False
2237	2.7536500537592303	0.27430095956640366	0.09961358713389643	MIR6873	0.2696185	False
2238	2.7536500537592303	0.27430095956640366	0.09961358713389643	PFDN6	0.2696185	False
2239	2.7536500537592303	0.27430095956640366	0.09961358713389643	MIR6834	0.2696185	False
2240	2.7536500537592303	0.27430095956640366	0.09961358713389643	RGL2	0.2696185	False
2241	2.7536500537592303	0.27430095956640366	0.09961358713389643	TAPBP	0.2696185	False
2242	2.7536500537592303	0.27430095956640366	0.09961358713389643	ZBTB22	0.2696185	False
2243	2.7536500537592303	0.27430095956640366	0.09961358713389643	DAXX	0.2696185	False
2244	2.7536500537592303	0.27430095956640366	0.09961358713389643	KIFC1	0.2696185	False
2245	2.7536500537592303	0.27430095956640366	0.09961358713389643	PHF1	0.2696185	False
2246	2.7536500537592303	0.27430095956640366	0.09961358713389643	CUTA	0.2696185	False
2247	2.7536500537592303	0.27430095956640366	0.09961358713389643	SYNGAP1	0.2696185	False
2248	2.7536500537592303	0.27430095956640366	0.09961358713389643	MIR5004	0.2696185	False
2249	2.7536500537592303	0.27430095956640366	0.09961358713389643	ZBTB9	0.2696185	False
2250	2.7536500537592303	0.27430095956640366	0.09961358713389643	BAK1	0.2696185	False
2251	2.7536500537592303	0.27430095956640366	0.09961358713389643	LINC00336	0.2696185	False
2252	2.7536500537592303	0.27430095956640366	0.09961358713389643	ITPR3	0.2696185	False
2253	2.7536500537592303	0.27430095956640366	0.09961358713389643	UQCC2	0.2696185	False
2254	2.7536500537592303	0.27430095956640366	0.09961358713389643	MIR3934	0.2696185	False
2255	2.7536500537592303	0.27430095956640366	0.09961358713389643	IP6K3	0.2696185	False
2256	2.7536500537592303	0.27430095956640366	0.09961358713389643	LEMD2	0.2696185	False
2257	2.7536500537592303	0.27430095956640366	0.09961358713389643	MLN	0.2696185	False
2258	2.7536500537592303	0.27430095956640366	0.09961358713389643	LINC01016	0.2696185	False
2259	2.7536500537592303	0.27430095956640366	0.09961358713389643	MIR7159	0.2696185	False
2260	2.654329043945645	0.2029254948340758	0.07645076833896532	MIR1275	0.2696181	False
2261	2.654329043945645	0.2029254948340758	0.07645076833896532	GRM4	0.2696181	False
2262	2.891567452549218	0.6238484053791138	0.21574748492521814	MIR3668	0.2696202	False
2263	2.891567452549218	0.6238484053791138	0.21574748492521814	MIR4465	0.2696202	False
2264	2.8857070905066227	0.5716815324399154	0.1981079556967611	NMBR	0.2696199	False
2265	2.950992635892192	0.650944092229505	0.22058479045736454	VTA1	0.2696202	False
2266	2.950992635892192	0.650944092229505	0.22058479045736454	ADGRG6	0.2696202	False
2267	2.950992635892192	0.650944092229505	0.22058479045736454	LOC153910	0.2696202	False
2268	2.828254025968048	0.5069999618589449	0.17926252635153953	HIVEP2	0.26961958	False
2269	2.828254025968048	0.5069999618589449	0.17926252635153953	LINC01277	0.26961958	False
2270	2.828254025968048	0.5069999618589449	0.17926252635153953	AIG1	0.26961958	False
2271	2.895083901050593	0.5461539062731664	0.18864873176040714	DGKB	0.26961973	False
2272	3.0574210384662632	0.6737654628705047	0.22037051959598442	AGMO	0.2696207	False
2273	3.0574210384662632	0.6737654628705047	0.22037051959598442	MEOX2	0.2696207	False
2274	3.0574210384662632	0.6737654628705047	0.22037051959598442	LOC105375166	0.2696207	False
2275	3.0574210384662632	0.6737654628705047	0.22037051959598442	LINC02587	0.2696207	False
2276	3.0973587441479387	0.6125326208373942	0.19775966280777	ISPD	0.2696205	False
2277	3.3345326516080456	0.7841295622966988	0.23515426124814223	ISPD-AS1	0.26962188	False
2278	3.3345326516080456	0.7841295622966988	0.23515426124814223	SOSTDC1	0.26962188	False
2279	3.3345326516080456	0.7841295622966988	0.23515426124814223	LRRC72	0.26962188	False
2280	3.3345326516080456	0.7841295622966988	0.23515426124814223	ANKMY2	0.26962188	False
2281	3.3345326516080456	0.7841295622966988	0.23515426124814223	BZW2	0.26962188	False
2282	3.3345326516080456	0.7841295622966988	0.23515426124814223	TSPAN13	0.26962188	False
2283	3.3345326516080456	0.7841295622966988	0.23515426124814223	AGR2	0.26962188	False
2284	3.3345326516080456	0.7841295622966988	0.23515426124814223	AGR3	0.26962188	False
2285	3.4173459165963913	0.8799896086754208	0.2575067406555883	AHR	0.2696228	False
2286	3.4173459165963913	0.8799896086754208	0.2575067406555883	KCCAT333	0.2696228	False
2287	3.4173459165963913	0.8799896086754208	0.2575067406555883	LOC101927630	0.2696228	False
2288	3.0891375780927235	0.5952324080155755	0.1926856259937378	SNX13	0.26962036	False
2289	3.0891375780927235	0.5952324080155755	0.1926856259937378	PRPS1L1	0.26962036	False
2290	2.9161562461265973	0.4599853543481722	0.15773686850941224	HDAC9	0.2696194	False
2291	2.940726067239405	0.5894625705733563	0.20044797002350917	MIR1302-6	0.2696202	False
2292	2.771131840061067	0.45475960900861856	0.16410608922836276	HBP1	0.2696192	False
2293	2.771131840061067	0.45475960900861856	0.16410608922836276	COG5	0.2696192	False
2294	2.771131840061067	0.45475960900861856	0.16410608922836276	GPR22	0.2696192	False
2295	2.771131840061067	0.45475960900861856	0.16410608922836276	DUS4L	0.2696192	False
2296	2.771131840061067	0.45475960900861856	0.16410608922836276	BCAP29	0.2696192	False
2297	2.771131840061067	0.45475960900861856	0.16410608922836276	SLC26A4-AS1	0.2696192	False
2298	2.771131840061067	0.45475960900861856	0.16410608922836276	SLC26A4	0.2696192	False
2299	2.771131840061067	0.45475960900861856	0.16410608922836276	CBLL1	0.2696192	False
2300	2.771131840061067	0.45475960900861856	0.16410608922836276	SLC26A3	0.2696192	False
2301	2.860482349261922	0.5526606681590868	0.19320541107400557	DOCK4	0.26961967	False
2302	3.1023511205472905	0.7450512012004561	0.24015695588609598	ZNF277	0.26962084	False
2303	3.1023511205472905	0.7450512012004561	0.24015695588609598	IFRD1	0.26962084	False
2304	3.1023511205472905	0.7450512012004561	0.24015695588609598	LSMEM1	0.26962084	False
2305	3.1023511205472905	0.7450512012004561	0.24015695588609598	LOC101928012	0.26962084	False
2306	3.1023511205472905	0.7450512012004561	0.24015695588609598	TMEM168	0.26962084	False
2307	2.8859328901712598	0.5649230661970877	0.1957505900851227	BMT2	0.26961973	False
2308	2.8859328901712598	0.5649230661970877	0.1957505900851227	HRAT17	0.26961973	False
2309	2.8859328901712598	0.5649230661970877	0.1957505900851227	GPR85	0.26961973	False
2310	2.878933656029531	0.6281237940911787	0.21817932232500728	SMIM30	0.2696199	False
2311	2.8604788316281553	0.5591192930323119	0.1954635310879287	PPP1R3A	0.26961973	False
2312	2.8604788316281553	0.5591192930323119	0.1954635310879287	FOXP2	0.26961973	False
2313	2.830032521580326	0.37943290805876784	0.13407369179167158	LINC01606	0.26961896	False
2314	2.830032521580326	0.37943290805876784	0.13407369179167158	LOC286177	0.26961896	False
2315	2.830032521580326	0.37943290805876784	0.13407369179167158	LINC00588	0.26961896	False
2316	2.830032521580326	0.37943290805876784	0.13407369179167158	LOC101929488	0.26961896	False
2317	2.830032521580326	0.37943290805876784	0.13407369179167158	LOC286178	0.26961896	False
2318	2.859209801718042	0.3503576294698614	0.12253652364346906	LINC01602	0.26961875	False
2319	2.859209801718042	0.3503576294698614	0.12253652364346906	FAM110B	0.26961875	False
2320	3.0477732063982677	0.48399480941358475	0.15880276406312718	LOC101929528	0.26961967	False
2321	3.0477732063982677	0.48399480941358475	0.15880276406312718	UBXN2B	0.26961967	False
2322	3.0477732063982677	0.48399480941358475	0.15880276406312718	CYP7A1	0.26961967	False
2323	3.0477732063982677	0.48399480941358475	0.15880276406312718	SDCBP	0.26961967	False
2324	3.0477732063982677	0.48399480941358475	0.15880276406312718	NSMAF	0.26961967	False
2325	2.975238192961917	0.39654215569373025	0.13328080979592546	TOX	0.2696192	False
2326	2.8522780589744583	0.3865376789339331	0.13551893291669936	CA8	0.2696189	False
2327	2.8522780589744583	0.3865376789339331	0.13551893291669936	LINC01301	0.2696189	False
2328	2.8522780589744583	0.3865376789339331	0.13551893291669936	RAB2A	0.2696189	False
2329	2.8522780589744583	0.3865376789339331	0.13551893291669936	CHD7	0.2696189	False
2330	2.8186437688161794	0.347192279332466	0.12317706947348141	LOC100130298	0.26961875	False
2331	2.8186437688161794	0.347192279332466	0.12317706947348141	CLVS1	0.26961875	False
2332	2.888615870069734	0.4529095269950236	0.15679119251812804	MRPS28	0.2696193	False
2333	2.888615870069734	0.4529095269950236	0.15679119251812804	TPD52	0.2696193	False
2334	3.005143982083849	0.5203229411347725	0.1731440970006257	MIR5708	0.2696198	False
2335	3.005143982083849	0.5203229411347725	0.1731440970006257	ZBTB10	0.2696198	False
2336	3.005143982083849	0.5203229411347725	0.1731440970006257	ZNF704	0.2696198	False
2337	2.9940105238920625	0.49492019135465726	0.16530342408793072	PAG1	0.26961964	False
2338	3.0956727328888296	0.6213920252666417	0.2007292368682555	FABP5	0.26962048	False
2339	3.0956727328888296	0.6213920252666417	0.2007292368682555	PMP2	0.26962048	False
2340	3.0956727328888296	0.6213920252666417	0.2007292368682555	FABP9	0.26962048	False
2341	3.0956727328888296	0.6213920252666417	0.2007292368682555	FABP4	0.26962048	False
2342	3.0956727328888296	0.6213920252666417	0.2007292368682555	FABP12	0.26962048	False
2343	3.0956727328888296	0.6213920252666417	0.2007292368682555	IMPA1	0.26962048	False
2344	3.0956727328888296	0.6213920252666417	0.2007292368682555	SLC10A5	0.26962048	False
2345	3.0956727328888296	0.6213920252666417	0.2007292368682555	ZFAND1	0.26962048	False
2346	3.0956727328888296	0.6213920252666417	0.2007292368682555	CHMP4C	0.26962048	False
2347	3.0956727328888296	0.6213920252666417	0.2007292368682555	SNX16	0.26962048	False
2348	2.8926502037445236	0.5802436125470465	0.2005923881829623	LOC101927141	0.2696199	False
2349	3.034215671695894	0.3467912071200975	0.11429352578825347	MATN2	0.2696191	False
2350	3.034215671695894	0.3467912071200975	0.11429352578825347	RPL30	0.2696191	False
2351	3.034215671695894	0.3467912071200975	0.11429352578825347	SNORA72	0.2696191	False
2352	3.034215671695894	0.3467912071200975	0.11429352578825347	ERICH5	0.2696191	False
2353	3.2666214228075927	0.49381050827082124	0.15116857583282528	RIDA	0.2696203	False
2354	3.2666214228075927	0.49381050827082124	0.15116857583282528	POP1	0.2696203	False
2355	3.2666214228075927	0.49381050827082124	0.15116857583282528	NIPAL2	0.2696203	False
2356	3.510430174690234	0.5685517707361998	0.16196071206184	STK3	0.26962164	False
2357	3.2666214228075927	0.49381050827082124	0.15116857583282528	KCNS2	0.2696203	False
2358	3.510430174690234	0.5685517707361998	0.16196071206184	OSR2	0.26962164	False
2359	3.510430174690234	0.5685517707361998	0.16196071206184	VPS13B	0.26962164	False
2360	3.7892527264829883	0.7617245565750395	0.20102236814434848	MIR599	0.26962388	False
2361	3.7892527264829883	0.7617245565750395	0.20102236814434848	MIR875	0.26962388	False
2362	3.7892527264829883	0.7617245565750395	0.20102236814434848	COX6C	0.26962388	False
2363	4.282317621480105	1.1648230689135537	0.27200763041741727	RGS22	0.26963	False
2364	4.786581596595639	1.7209480706767906	0.35953593100779496	FBXO43	0.26963866	False
2365	4.786581596595639	1.7209480706767906	0.35953593100779496	POLR2K	0.26963866	False
2366	4.786581596595639	1.7209480706767906	0.35953593100779496	SPAG1	0.26963866	False
2367	4.786581596595639	1.7209480706767906	0.35953593100779496	RNF19A	0.26963866	False
2368	4.786581596595639	1.7209480706767906	0.35953593100779496	MIR4471	0.26963866	False
2369	4.786581596595639	1.7209480706767906	0.35953593100779496	ANKRD46	0.26963866	False
2370	4.786581596595639	1.7209480706767906	0.35953593100779496	SNX31	0.26963866	False
2371	4.786581596595639	1.7209480706767906	0.35953593100779496	PABPC1	0.26963866	False
2372	4.786581596595639	1.7209480706767906	0.35953593100779496	MIR7705	0.26963866	False
2373	4.975854704190815	2.0069240300747553	0.40333252262861763	YWHAZ	0.2696436	False
2374	4.975854704190815	2.0069240300747553	0.40333252262861763	FLJ42969	0.2696436	False
2375	5.253062203659313	2.481521172138715	0.47239516227507705	ZNF706	0.26965234	False
2376	5.253062203659313	2.481521172138715	0.47239516227507705	GRHL2	0.26965234	False
2377	5.407070528041782	2.74569558377376	0.5077972572272212	NCALD	0.26965764	False
2378	5.814565003842511	3.4678888825112586	0.5964141565567727	MIR5680	0.26967412	False
2379	5.814565003842511	3.4678888825112586	0.5964141565567727	RRM2B	0.26967412	False
2380	5.814565003842511	3.4678888825112586	0.5964141565567727	UBR5-AS1	0.26967412	False
2381	5.814565003842511	3.4678888825112586	0.5964141565567727	UBR5	0.26967412	False
2382	5.814565003842511	3.4678888825112586	0.5964141565567727	ODF1	0.26967412	False
2383	5.814565003842511	3.4678888825112586	0.5964141565567727	KLF10	0.26967412	False
2384	5.814565003842511	3.4678888825112586	0.5964141565567727	AZIN1	0.26967412	False
2385	5.38376684430351	2.7471516597936807	0.5102657190105482	AZIN1-AS1	0.2696571	False
2386	5.38376684430351	2.7471516597936807	0.5102657190105482	ATP6V1C1	0.2696571	False
2387	5.27307737011146	2.598787646111499	0.492840795555512	BAALC-AS2	0.26965338	False
2388	5.27307737011146	2.598787646111499	0.492840795555512	BAALC	0.26965338	False
2389	5.27307737011146	2.598787646111499	0.492840795555512	MIR3151	0.26965338	False
2390	5.27307737011146	2.598787646111499	0.492840795555512	BAALC-AS1	0.26965338	False
2391	5.27307737011146	2.598787646111499	0.492840795555512	FZD6	0.26965338	False
2392	5.27307737011146	2.598787646111499	0.492840795555512	CTHRC1	0.26965338	False
2393	5.27307737011146	2.598787646111499	0.492840795555512	SLC25A32	0.26965338	False
2394	5.27307737011146	2.598787646111499	0.492840795555512	DCAF13	0.26965338	False
2395	5.126565243307319	2.356013266343827	0.45956954696316	RIMS2	0.2696491	False
2396	4.984154470599583	2.217084186708738	0.444826539744469	DPYS	0.26964542	False
2397	4.984154470599583	2.217084186708738	0.444826539744469	DCSTAMP	0.26964542	False
2398	4.984154470599583	2.217084186708738	0.444826539744469	MIR548A3	0.26964542	False
2399	4.984154470599583	2.217084186708738	0.444826539744469	LRP12	0.26964542	False
2400	4.900506359880541	2.0533013643663285	0.4189977960596671	ZFPM2	0.26964286	False
2401	4.954248039035053	2.1776278548723353	0.4395476039379884	ZFPM2-AS1	0.26964423	False
2402	5.211623877902762	2.6318344291967173	0.5049931635234982	OXR1	0.26965195	False
2403	5.211623877902762	2.6318344291967173	0.5049931635234982	ABRA	0.26965195	False
2404	5.8216041803324075	3.551487547187908	0.6100530776699288	ANGPT1	0.26967397	False
2405	6.254980472633117	4.569325946327062	0.7305100257816702	RSPO2	0.2697045	False
2406	6.796925283305426	5.91726291127222	0.8705793670861988	EIF3E	0.26975998	False
2407	6.796925283305426	5.91726291127222	0.8705793670861988	EMC2	0.26975998	False
2408	6.796925283305426	5.91726291127222	0.8705793670861988	TMEM74	0.26975998	False
2409	6.831424213641804	5.96063018516578	0.8725311148534564	TRHR	0.26976454	False
2410	7.14142030332193	6.8020622920512555	0.9524803194803115	NUDCD1	0.26981235	False
2411	7.14142030332193	6.8020622920512555	0.9524803194803115	ENY2	0.26981235	False
2412	7.14142030332193	6.8020622920512555	0.9524803194803115	PKHD1L1	0.26981235	False
2413	7.14142030332193	6.8020622920512555	0.9524803194803115	EBAG9	0.26981235	False
2414	7.14142030332193	6.8020622920512555	0.9524803194803115	SYBU	0.26981235	False
2415	7.14142030332193	6.8020622920512555	0.9524803194803115	LOC100132813	0.26981235	False
2416	6.4287008454079295	4.974744005822415	0.7738334891373757	KCNV1	0.26971772	False
2417	5.84722196006793	3.8518557794370056	0.6587497115283539	LINC01608	0.26967952	False
2418	5.84722196006793	3.8518557794370056	0.6587497115283539	LINC01609	0.26967952	False
2419	4.252402549464621	1.836907817979875	0.4319694094368235	CSMD3	0.26963443	False
2420	4.309761559711388	1.9546737926432305	0.4535456928559475	MIR2053	0.26963547	False
2421	4.669764534594968	2.16764274979396	0.4641867344135737	TRPS1	0.2696401	False
2422	4.92859903695671	2.360774943792629	0.4789951314948822	LINC00536	0.2696456	False
2423	5.214302827635388	2.7899466015312786	0.5350564962864804	EIF3H	0.26965457	False
2424	5.214302827635388	2.7899466015312786	0.5350564962864804	UTP23	0.26965457	False
2425	5.214302827635388	2.7899466015312786	0.5350564962864804	RAD21	0.26965457	False
2426	5.214302827635388	2.7899466015312786	0.5350564962864804	RAD21-AS1	0.26965457	False
2427	5.214302827635388	2.7899466015312786	0.5350564962864804	MIR3610	0.26965457	False
2428	5.706754178856962	3.4270225177716642	0.6005204377767822	AARD	0.26967174	False
2429	5.706754178856962	3.4270225177716642	0.6005204377767822	SLC30A8	0.26967174	False
2430	6.18722048381494	4.202148411820888	0.679165777720905	MED30	0.26969504	False
2431	6.455082679468309	4.763739784100967	0.7379827680988504	EXT1	0.269717	False
2432	6.925896063894759	5.562276768311542	0.803112942642632	SAMD12	0.26975286	False
2433	6.925896063894759	5.562276768311542	0.803112942642632	SAMD12-AS1	0.26975286	False
2434	6.816815397798887	5.37109123324443	0.7879179528579762	TNFRSF11B	0.2697442	False
2435	6.816815397798887	5.37109123324443	0.7879179528579762	COLEC10	0.2697442	False
2436	6.816815397798887	5.37109123324443	0.7879179528579762	LOC101927513	0.2697442	False
2437	7.091452935673982	6.226005104282042	0.8779590248652357	MAL2	0.2697895	False
2438	7.091452935673982	6.226005104282042	0.8779590248652357	MIR548AZ	0.2697895	False
2439	7.091452935673982	6.226005104282042	0.8779590248652357	NOV	0.2697895	False
2440	7.091452935673982	6.226005104282042	0.8779590248652357	ENPP2	0.2697895	False
2441	7.091452935673982	6.226005104282042	0.8779590248652357	TAF2	0.2697895	False
2442	7.091452935673982	6.226005104282042	0.8779590248652357	DSCC1	0.2697895	False
2443	6.651738470595669	4.886437275703825	0.7346105529110257	DEPTOR	0.2697242	False
2444	6.651738470595669	4.886437275703825	0.7346105529110257	COL14A1	0.2697242	False
2445	6.438548167598145	4.469380949327102	0.6941597442446988	MRPL13	0.26970664	False
2446	6.438548167598145	4.469380949327102	0.6941597442446988	MTBP	0.26970664	False
2447	6.438548167598145	4.469380949327102	0.6941597442446988	SNTB1	0.26970664	False
2448	6.438548167598145	4.469380949327102	0.6941597442446988	LOC101927543	0.26970664	False
2449	6.355567879446202	4.096381945391724	0.6445343709787686	HAS2	0.26969686	False
2450	6.355567879446202	4.096381945391724	0.6445343709787686	HAS2-AS1	0.26969686	False
2451	7.007904698983326	6.174180038178047	0.8810308221048965	SMILR	0.26978993	False
2452	7.007904698983326	6.174180038178047	0.8810308221048965	LINC01151	0.26978993	False
2453	7.610151063472062	8.795677062387387	1.1557821900022098	ZHX2	0.27010494	False
2454	7.610151063472062	8.795677062387387	1.1557821900022098	DERL1	0.27010494	False
2455	7.610151063472062	8.795677062387387	1.1557821900022098	TBC1D31	0.27010494	False
2456	8.458318686467269	11.749439207491736	1.3890986664158251	FAM83A	0.2715289	False
2457	8.458318686467269	11.749439207491736	1.3890986664158251	FAM83A-AS1	0.2715289	False
2458	8.458318686467269	11.749439207491736	1.3890986664158251	MIR4663	0.2715289	False
2459	8.458318686467269	11.749439207491736	1.3890986664158251	C8orf76	0.2715289	False
2460	8.458318686467269	11.749439207491736	1.3890986664158251	ZHX1-C8orf76	0.2715289	False
2461	8.458318686467269	11.749439207491736	1.3890986664158251	ZHX1	0.2715289	False
2462	8.458318686467269	11.749439207491736	1.3890986664158251	ATAD2	0.2715289	False
2463	8.458318686467269	11.749439207491736	1.3890986664158251	MIR548AA1	0.2715289	False
2464	8.458318686467269	11.749439207491736	1.3890986664158251	WDYHV1	0.2715289	False
2465	8.458318686467269	11.749439207491736	1.3890986664158251	FBXO32	0.2715289	False
2466	8.458318686467269	11.749439207491736	1.3890986664158251	KLHL38	0.2715289	False
2467	8.458318686467269	11.749439207491736	1.3890986664158251	ANXA13	0.2715289	False
2468	8.458318686467269	11.749439207491736	1.3890986664158251	FAM91A1	0.2715289	False
2469	8.32687045732388	11.236736071720633	1.3494548917639746	FER1L6	0.2710477	False
2470	8.32687045732388	11.236736071720633	1.3494548917639746	FER1L6-AS1	0.2710477	False
2471	8.32687045732388	11.236736071720633	1.3494548917639746	FER1L6-AS2	0.2710477	False
2472	8.832813076123022	12.993371204378755	1.4710343230858818	LOC101927588	0.27347878	False
2473	8.832813076123022	12.993371204378755	1.4710343230858818	TMEM65	0.27347878	False
2474	8.832813076123022	12.993371204378755	1.4710343230858818	TRMT12	0.27347878	False
2475	8.832813076123022	12.993371204378755	1.4710343230858818	RNF139-AS1	0.27347878	False
2476	8.832813076123022	12.993371204378755	1.4710343230858818	RNF139	0.27347878	False
2477	8.832813076123022	12.993371204378755	1.4710343230858818	TATDN1	0.27347878	False
2478	8.832813076123022	12.993371204378755	1.4710343230858818	NDUFB9	0.27347878	False
2479	8.832813076123022	12.993371204378755	1.4710343230858818	MTSS1	0.27347878	False
2480	8.832813076123022	12.993371204378755	1.4710343230858818	MIR4662B	0.27347878	False
2481	8.290314515169024	11.251793628915733	1.3572215635882097	LINC00964	0.27106118	False
2482	8.290314515169024	11.251793628915733	1.3572215635882097	ZNF572	0.27106118	False
2483	8.290314515169024	11.251793628915733	1.3572215635882097	LOC105375744	0.27106118	False
2484	8.290314515169024	11.251793628915733	1.3572215635882097	SQLE	0.27106118	False
2485	8.290314515169024	11.251793628915733	1.3572215635882097	WASHC5	0.27106118	False
2486	8.290314515169024	11.251793628915733	1.3572215635882097	NSMCE2	0.27106118	False
2487	8.22695754475991	10.888138777841219	1.323470884419031	TRIB1	0.27081427	False
2488	7.555416557890005	8.683693186123575	1.1493334774580135	LINC00861	0.2700809	False
2489	6.921337601234165	6.143863351372036	0.8876699426244582	LOC101927657	0.269786	False
2490	6.921337601234165	6.143863351372036	0.8876699426244582	FAM84B	0.269786	False
2491	6.69802111774246	5.357672734853511	0.7998888986273146	PCAT1	0.26974484	False
2492	6.69802111774246	5.357672734853511	0.7998888986273146	PCAT2	0.26974484	False
2493	6.69802111774246	5.357672734853511	0.7998888986273146	PRNCR1	0.26974484	False
2494	6.329202536755742	4.047078109650298	0.639429388797024	CASC19	0.26969427	False
2495	6.329202536755742	4.047078109650298	0.639429388797024	CCAT1	0.26969427	False
2496	6.329202536755742	4.047078109650298	0.639429388797024	CASC8	0.26969427	False
2497	6.329202536755742	4.047078109650298	0.639429388797024	CASC21	0.26969427	False
2498	6.329202536755742	4.047078109650298	0.639429388797024	CCAT2	0.26969427	False
2499	6.329202536755742	4.047078109650298	0.639429388797024	CASC11	0.26969427	False
2500	6.329202536755742	4.047078109650298	0.639429388797024	MYC	0.26969427	False
2501	6.109137054387304	3.76907132517353	0.6169564198051106	PVT1	0.269686	False
2502	6.329202536755742	4.047078109650298	0.639429388797024	MIR1204	0.26969427	False
2503	6.109137054387304	3.76907132517353	0.6169564198051106	TMEM75	0.269686	False
2504	6.109137054387304	3.76907132517353	0.6169564198051106	MIR1205	0.269686	False
2505	6.109137054387304	3.76907132517353	0.6169564198051106	MIR1207	0.269686	False
2506	5.8300529735925055	3.1781152803914714	0.5451263127088024	MIR1208	0.26966926	False
2507	5.8300529735925055	3.1781152803914714	0.5451263127088024	LINC00824	0.26966926	False
2508	5.596599635440248	3.035975098571323	0.5424678012245381	LINC00977	0.2696642	False
2509	5.596599635440248	3.035975098571323	0.5424678012245381	CCDC26	0.2696642	False
2510	5.596599635440248	3.035975098571323	0.5424678012245381	MIR3686	0.2696642	False
2511	5.596599635440248	3.035975098571323	0.5424678012245381	GSDMC	0.2696642	False
2512	5.316891898997214	2.568420238940697	0.4830679817705361	FAM49B	0.26965448	False
2513	5.316891898997214	2.568420238940697	0.4830679817705361	MIR5194	0.26965448	False
2514	5.316891898997214	2.568420238940697	0.4830679817705361	ASAP1	0.26965448	False
2515	5.316891898997214	2.568420238940697	0.4830679817705361	ASAP1-IT2	0.26965448	False
2516	5.2896292706442285	2.692080615314261	0.5089355940792407	ADCY8	0.26965624	False
2517	5.474018319249019	3.1888384680289024	0.5825407008258567	EFR3A	0.26966634	False
2518	5.474018319249019	3.1888384680289024	0.5825407008258567	OC90	0.26966634	False
2519	5.474018319249019	3.1888384680289024	0.5825407008258567	HHLA1	0.26966634	False
2520	5.59725941502313	3.527256885615672	0.6301757027999203	KCNQ3	0.2696732	False
2521	5.59725941502313	3.527256885615672	0.6301757027999203	HPYR1	0.2696732	False
2522	5.59725941502313	3.527256885615672	0.6301757027999203	LRRC6	0.2696732	False
2523	5.59725941502313	3.527256885615672	0.6301757027999203	TMEM71	0.2696732	False
2524	5.59725941502313	3.527256885615672	0.6301757027999203	PHF20L1	0.2696732	False
2525	5.7896048203562	3.973895965479053	0.6863846650650265	TG	0.269686	False
2526	5.7896048203562	3.973895965479053	0.6863846650650265	SLA	0.269686	False
2527	5.7896048203562	3.973895965479053	0.6863846650650265	MIR7848	0.269686	False
2528	6.24474237236563	5.214867655695971	0.8350813123649291	WISP1	0.26972705	False
2529	6.24474237236563	5.214867655695971	0.8350813123649291	NDRG1	0.26972705	False
2530	6.24474237236563	5.214867655695971	0.8350813123649291	ST3GAL1	0.26972705	False
2531	6.24474237236563	5.214867655695971	0.8350813123649291	LOC101927798	0.26972705	False
2532	5.742982038689387	3.8279550995908824	0.6665448496621913	LOC101927822	0.26968202	False
2533	5.721566459047131	3.5640461606578406	0.6229144039779967	ZFAT	0.269676	False
2534	5.721566459047131	3.5640461606578406	0.6229144039779967	ZFAT-AS1	0.269676	False
2535	5.721566459047131	3.5640461606578406	0.6229144039779967	MIR30B	0.269676	False
2536	5.721566459047131	3.5640461606578406	0.6229144039779967	MIR30D	0.269676	False
2537	5.721566459047131	3.5640461606578406	0.6229144039779967	NCRNA00250	0.269676	False
2538	5.721566459047131	3.5640461606578406	0.6229144039779967	LOC101927845	0.269676	False
2539	4.832172900395696	1.6403147029769625	0.33945695586402563	LINC01591	0.26963684	False
2540	4.832172900395696	1.6403147029769625	0.33945695586402563	KHDRBS3	0.26963684	False
2541	4.442297645823606	1.350984620444912	0.3041184378347611	FAM135B	0.26963142	False
2542	4.749334679384764	1.4152152476979354	0.29798178971065153	COL22A1	0.26963398	False
2543	4.973884797079137	1.5685329737033784	0.3153536999136939	KCNK9	0.26963708	False
2544	5.231947034923913	1.673059488046248	0.3197776041841331	TRAPPC9	0.26963985	False
2545	5.6313820590532915	2.106961996174069	0.37414651928771403	CHRAC1	0.26964822	False
2546	5.6313820590532915	2.106961996174069	0.37414651928771403	AGO2	0.26964822	False
2547	6.396617032651739	3.2033055329792397	0.500781196783841	PTK2	0.26967356	False
2548	5.6313820590532915	2.106961996174069	0.37414651928771403	MIR151A	0.26964822	False
2549	6.7506486208720995	4.061454191619892	0.6016391045835834	DENND3	0.26969805	False
2550	6.7506486208720995	4.061454191619892	0.6016391045835834	SLC45A4	0.26969805	False
2551	6.7506486208720995	4.061454191619892	0.6016391045835834	LOC105375787	0.26969805	False
2552	6.7506486208720995	4.061454191619892	0.6016391045835834	LINC01300	0.26969805	False
2553	6.7506486208720995	4.061454191619892	0.6016391045835834	GPR20	0.26969805	False
2554	6.7506486208720995	4.061454191619892	0.6016391045835834	PTP4A3	0.26969805	False
2555	6.7506486208720995	4.061454191619892	0.6016391045835834	MROH5	0.26969805	False
2556	7.829621276311253	9.849396677059573	1.2579659129694063	MIR4472-1	0.2704484	False
2557	7.829621276311253	9.849396677059573	1.2579659129694063	LINC00051	0.2704484	False
2558	7.829621276311253	9.849396677059573	1.2579659129694063	TSNARE1	0.2704484	False
2559	7.829621276311253	9.849396677059573	1.2579659129694063	ADGRB1	0.2704484	False
2560	7.829621276311253	9.849396677059573	1.2579659129694063	ARC	0.2704484	False
2561	7.829621276311253	9.849396677059573	1.2579659129694063	LOC101928087	0.2704484	False
2562	7.829621276311253	9.849396677059573	1.2579659129694063	JRK	0.2704484	False
2563	7.829621276311253	9.849396677059573	1.2579659129694063	PSCA	0.2704484	False
2564	7.829621276311253	9.849396677059573	1.2579659129694063	LY6K	0.2704484	False
2565	7.829621276311253	9.849396677059573	1.2579659129694063	LNCOC1	0.2704484	False
2566	7.829621276311253	9.849396677059573	1.2579659129694063	THEM6	0.2704484	False
2567	7.829621276311253	9.849396677059573	1.2579659129694063	SLURP1	0.2704484	False
2568	7.829621276311253	9.849396677059573	1.2579659129694063	LYPD2	0.2704484	False
2569	7.829621276311253	9.849396677059573	1.2579659129694063	LYNX1	0.2704484	False
2570	7.829621276311253	9.849396677059573	1.2579659129694063	LY6D	0.2704484	False
2571	7.829621276311253	9.849396677059573	1.2579659129694063	GML	0.2704484	False
2572	7.829621276311253	9.849396677059573	1.2579659129694063	CYP11B1	0.2704484	False
2573	7.829621276311253	9.849396677059573	1.2579659129694063	CYP11B2	0.2704484	False
2574	7.829621276311253	9.849396677059573	1.2579659129694063	LY6E-DT	0.2704484	False
2575	7.829621276311253	9.849396677059573	1.2579659129694063	LY6E	0.2704484	False
2576	7.829621276311253	9.849396677059573	1.2579659129694063	C8orf31	0.2704484	False
2577	8.842490940300937	14.612808431575184	1.6525669667327774	LY6H	0.2909101	False
2578	8.842490940300937	14.612808431575184	1.6525669667327774	GPIHBP1	0.2909101	False
2579	8.842490940300937	14.612808431575184	1.6525669667327774	ZFP41	0.2909101	False
2580	8.842490940300937	14.612808431575184	1.6525669667327774	GLI4	0.2909101	False
2581	8.842490940300937	14.612808431575184	1.6525669667327774	MINCR	0.2909101	False
2582	8.842490940300937	14.612808431575184	1.6525669667327774	ZNF696	0.2909101	False
2583	8.842490940300937	14.612808431575184	1.6525669667327774	TOP1MT	0.2909101	False
2584	8.842490940300937	14.612808431575184	1.6525669667327774	RHPN1-AS1	0.2909101	False
2585	8.842490940300937	14.612808431575184	1.6525669667327774	RHPN1	0.2909101	False
2586	8.842490940300937	14.612808431575184	1.6525669667327774	MAFA-AS1	0.2909101	False
2587	8.842490940300937	14.612808431575184	1.6525669667327774	MAFA	0.2909101	False
2588	8.842490940300937	14.612808431575184	1.6525669667327774	ZC3H3	0.2909101	False
2589	8.842490940300937	14.612808431575184	1.6525669667327774	GSDMD	0.2909101	False
2590	8.842490940300937	14.612808431575184	1.6525669667327774	MROH6	0.2909101	False
2591	8.842490940300937	14.612808431575184	1.6525669667327774	NAPRT	0.2909101	False
2592	8.842490940300937	14.612808431575184	1.6525669667327774	EEF1D	0.2909101	False
2593	8.842490940300937	14.612808431575184	1.6525669667327774	TIGD5	0.2909101	False
2594	8.842490940300937	14.612808431575184	1.6525669667327774	PYCR3	0.2909101	False
2595	8.842490940300937	14.612808431575184	1.6525669667327774	TSTA3	0.2909101	False
2596	8.842490940300937	14.612808431575184	1.6525669667327774	ZNF623	0.2909101	False
2597	8.842490940300937	14.612808431575184	1.6525669667327774	ZNF707	0.2909101	False
2598	8.842490940300937	14.612808431575184	1.6525669667327774	BREA2	0.2909101	False
2599	8.842490940300937	14.612808431575184	1.6525669667327774	CCDC166	0.2909101	False
2600	8.842490940300937	14.612808431575184	1.6525669667327774	LOC101928160	0.2909101	False
2601	8.842490940300937	14.612808431575184	1.6525669667327774	MAPK15	0.2909101	False
2602	8.842490940300937	14.612808431575184	1.6525669667327774	FAM83H	0.2909101	False
2603	8.842490940300937	14.612808431575184	1.6525669667327774	MIR4664	0.2909101	False
2604	8.842490940300937	14.612808431575184	1.6525669667327774	FAM83H-AS1	0.2909101	False
2605	8.842490940300937	14.612808431575184	1.6525669667327774	SCRIB	0.2909101	False
2606	8.842490940300937	14.612808431575184	1.6525669667327774	MIR937	0.2909101	False
2607	8.842490940300937	14.612808431575184	1.6525669667327774	PUF60	0.2909101	False
2608	8.842490940300937	14.612808431575184	1.6525669667327774	NRBP2	0.2909101	False
2609	8.842490940300937	14.612808431575184	1.6525669667327774	MIR6845	0.2909101	False
2610	8.842490940300937	14.612808431575184	1.6525669667327774	EPPK1	0.2909101	False
2611	8.842490940300937	14.612808431575184	1.6525669667327774	PLEC	0.2909101	False
2612	8.842490940300937	14.612808431575184	1.6525669667327774	MIR661	0.2909101	False
2613	8.842490940300937	14.612808431575184	1.6525669667327774	PARP10	0.2909101	False
2614	8.842490940300937	14.612808431575184	1.6525669667327774	GRINA	0.2909101	False
2615	8.842490940300937	14.612808431575184	1.6525669667327774	SPATC1	0.2909101	False
2616	8.842490940300937	14.612808431575184	1.6525669667327774	OPLAH	0.2909101	False
2617	8.842490940300937	14.612808431575184	1.6525669667327774	MIR6846	0.2909101	False
2618	8.842490940300937	14.612808431575184	1.6525669667327774	EXOSC4	0.2909101	False
2619	8.842490940300937	14.612808431575184	1.6525669667327774	MIR6847	0.2909101	False
2620	8.842490940300937	14.612808431575184	1.6525669667327774	GPAA1	0.2909101	False
2621	8.842490940300937	14.612808431575184	1.6525669667327774	CYC1	0.2909101	False
2622	8.842490940300937	14.612808431575184	1.6525669667327774	SHARPIN	0.2909101	False
2623	9.674550709027503	18.04684118663464	1.8653932083683016	MAF1	0.5735544	True
2624	9.674550709027503	18.04684118663464	1.8653932083683016	WDR97	0.57355434	True
2625	9.674550709027503	18.04684118663464	1.8653932083683016	HGH1	0.57355434	True
2626	9.674550709027503	18.04684118663464	1.8653932083683016	MROH1	0.57355434	True
2627	9.674550709027503	18.04684118663464	1.8653932083683016	BOP1	0.57355434	True
2628	9.674550709027503	18.04684118663464	1.8653932083683016	MIR7112	0.57355434	True
2629	9.674550709027503	18.04684118663464	1.8653932083683016	SCX	0.57355434	True
2630	9.674550709027503	18.04684118663464	1.8653932083683016	HSF1	0.5735544	True
2631	9.674550709027503	18.04684118663464	1.8653932083683016	DGAT1	0.5735544	True
2632	9.674550709027503	18.04684118663464	1.8653932083683016	MIR6848	0.5735544	True
2633	9.674550709027503	18.04684118663464	1.8653932083683016	SCRT1	0.5735544	True
2634	9.674550709027503	18.04684118663464	1.8653932083683016	TMEM249	0.5735544	True
2635	9.674550709027503	18.04684118663464	1.8653932083683016	SLC52A2	0.5735544	True
2636	9.674550709027503	18.04684118663464	1.8653932083683016	FBXL6	0.57355434	True
2637	9.674550709027503	18.04684118663464	1.8653932083683016	ADCK5	0.57355434	True
2638	9.674550709027503	18.04684118663464	1.8653932083683016	CPSF1	0.57355434	True
2639	9.674550709027503	18.04684118663464	1.8653932083683016	MIR939	0.57355434	True
2640	9.674550709027503	18.04684118663464	1.8653932083683016	MIR1234	0.57355434	True
2641	9.674550709027503	18.04684118663464	1.8653932083683016	MIR6849	0.57355434	True
2642	9.674550709027503	18.04684118663464	1.8653932083683016	SLC39A4	0.5735544	True
2643	9.674550709027503	18.04684118663464	1.8653932083683016	VPS28	0.5735544	True
2644	9.674550709027503	18.04684118663464	1.8653932083683016	TONSL	0.5735544	True
2645	9.674550709027503	18.04684118663464	1.8653932083683016	MIR6893	0.5735544	True
2646	9.674550709027503	18.04684118663464	1.8653932083683016	TONSL-AS1	0.5735544	True
2647	9.674550709027503	18.04684118663464	1.8653932083683016	CYHR1	0.5735544	True
2648	9.674550709027503	18.04684118663464	1.8653932083683016	KIFC2	0.57355434	True
2649	9.674550709027503	18.04684118663464	1.8653932083683016	FOXH1	0.57355434	True
2650	9.674550709027503	18.04684118663464	1.8653932083683016	PPP1R16A	0.57355434	True
2651	9.674550709027503	18.04684118663464	1.8653932083683016	GPT	0.57355434	True
2652	9.674550709027503	18.04684118663464	1.8653932083683016	MFSD3	0.57355434	True
2653	9.674550709027503	18.04684118663464	1.8653932083683016	RECQL4	0.57355434	True
2654	9.674550709027503	18.04684118663464	1.8653932083683016	LRRC14	0.5735544	True
2655	9.674550709027503	18.04684118663464	1.8653932083683016	LRRC24	0.5735544	True
2656	9.674550709027503	18.04684118663464	1.8653932083683016	C8orf82	0.5735544	True
2657	9.674550709027503	18.04684118663464	1.8653932083683016	ARHGAP39	0.5735544	True
2658	9.674550709027503	18.04684118663464	1.8653932083683016	ZNF251	0.5735544	True
2659	9.674550709027503	18.04684118663464	1.8653932083683016	ZNF34	0.5735544	True
2660	9.674550709027503	18.04684118663464	1.8653932083683016	RPL8	0.57355434	True
2661	9.674550709027503	18.04684118663464	1.8653932083683016	MIR6850	0.57355434	True
2662	9.674550709027503	18.04684118663464	1.8653932083683016	ZNF517	0.57355434	True
2663	9.674550709027503	18.04684118663464	1.8653932083683016	ZNF7	0.57355434	True
2664	9.674550709027503	18.04684118663464	1.8653932083683016	COMMD5	0.57355434	True
2665	9.674550709027503	18.04684118663464	1.8653932083683016	ZNF250	0.57355434	True
2666	9.674550709027503	18.04684118663464	1.8653932083683016	ZNF16	0.5735544	True
2667	9.674550709027503	18.04684118663464	1.8653932083683016	ZNF252P-AS1	0.5735544	True
2668	9.674550709027503	18.04684118663464	1.8653932083683016	C8orf33	0.5735544	True
2669	3.119476134315908	0.5378254656691029	0.17240890537764814	PIP5K1B	0.26962024	False
2670	3.119476134315908	0.5378254656691029	0.17240890537764814	PRKACG	0.26962024	False
2671	3.119476134315908	0.5378254656691029	0.17240890537764814	FXN	0.26962024	False
2672	3.119476134315908	0.5378254656691029	0.17240890537764814	TJP2	0.26962024	False
2673	3.119476134315908	0.5378254656691029	0.17240890537764814	BANCR	0.26962024	False
2674	3.119476134315908	0.5378254656691029	0.17240890537764814	FAM189A2	0.26962024	False
2675	3.119476134315908	0.5378254656691029	0.17240890537764814	APBA1	0.26962024	False
2676	3.119476134315908	0.5378254656691029	0.17240890537764814	PTAR1	0.26962024	False
2677	3.119476134315908	0.5378254656691029	0.17240890537764814	C9orf135-DT	0.26962024	False
2678	3.2723087185131896	0.5632486184393456	0.17212575795576646	C9orf135	0.26962057	False
2679	3.2723087185131896	0.5632486184393456	0.17212575795576646	MAMDC2	0.26962057	False
2680	3.2723087185131896	0.5632486184393456	0.17212575795576646	MAMDC2-AS1	0.26962057	False
2681	3.2723087185131896	0.5632486184393456	0.17212575795576646	SMC5-AS1	0.26962057	False
2682	3.2723087185131896	0.5632486184393456	0.17212575795576646	SMC5	0.26962057	False
2683	3.2723087185131896	0.5632486184393456	0.17212575795576646	KLF9	0.26962057	False
2684	3.410736912206403	0.6460072832858245	0.18940402027898506	TRPM3	0.2696215	False
2685	3.2723087185131896	0.5632486184393456	0.17212575795576646	MIR204	0.26962057	False
2686	3.410736912206403	0.6460072832858245	0.18940402027898506	CEMIP2	0.2696215	False
2687	3.310185804974988	0.5758219050485329	0.17395455692641515	ABHD17B	0.2696209	False
2688	3.310185804974988	0.5758219050485329	0.17395455692641515	C9orf85	0.2696209	False
2689	3.310185804974988	0.5758219050485329	0.17395455692641515	C9orf57	0.2696209	False
2690	3.4269127832087345	0.7296977655743395	0.2129315251761671	GDA	0.269622	False
2691	3.4269127832087345	0.7296977655743395	0.2129315251761671	LINC01504	0.269622	False
2692	3.4269127832087345	0.7296977655743395	0.2129315251761671	ZFAND5	0.269622	False
2693	3.4269127832087345	0.7296977655743395	0.2129315251761671	TMC1	0.269622	False
2694	3.4269127832087345	0.7296977655743395	0.2129315251761671	LINC01474	0.269622	False
2695	3.1891650271067893	0.5255212482957903	0.1647833347691459	ALDH1A1	0.26962027	False
2696	3.1456216486743807	0.5525405362806087	0.175653844610797	ANXA1	0.26962036	False
2697	2.757310219536057	0.29546060803242974	0.10715537408124638	STX17-AS1	0.26961857	False
2698	2.757310219536057	0.29546060803242974	0.10715537408124638	STX17	0.26961857	False
2699	2.757310219536057	0.29546060803242974	0.10715537408124638	ERP44	0.26961857	False
2700	2.757310219536057	0.29546060803242974	0.10715537408124638	INVS	0.26961857	False
2701	2.8349779144381313	0.3808076030826119	0.13432471595041853	TEX10	0.26961905	False
2702	2.8349779144381313	0.3808076030826119	0.13432471595041853	MSANTD3	0.26961905	False
2703	2.8349779144381313	0.3808076030826119	0.13432471595041853	MSANTD3-TMEFF1	0.26961905	False
2704	2.8349779144381313	0.3808076030826119	0.13432471595041853	TMEFF1	0.26961905	False
2705	2.8349779144381313	0.3808076030826119	0.13432471595041853	CAVIN4	0.26961905	False
2706	2.923222845696417	0.42633863940422967	0.14584541169411272	PLPPR1	0.26961935	False
2707	3.1421851576317836	0.6484813606537938	0.2063791050246524	BAAT	0.269621	False
2708	3.1421851576317836	0.6484813606537938	0.2063791050246524	MRPL50	0.269621	False
2709	3.1421851576317836	0.6484813606537938	0.2063791050246524	ZNF189	0.269621	False
2710	3.1421851576317836	0.6484813606537938	0.2063791050246524	ALDOB	0.269621	False
2711	3.1421851576317836	0.6484813606537938	0.2063791050246524	TMEM246-AS1	0.269621	False
2712	3.1421851576317836	0.6484813606537938	0.2063791050246524	TMEM246	0.269621	False
2713	3.1421851576317836	0.6484813606537938	0.2063791050246524	RNF20	0.269621	False
2714	3.1421851576317836	0.6484813606537938	0.2063791050246524	GRIN3A	0.269621	False
2715	3.1421851576317836	0.6484813606537938	0.2063791050246524	PPP3R2	0.269621	False
2716	3.168721100458332	0.6775282311195974	0.2138175653962092	LINC00587	0.26962098	False
2717	3.1769174097067054	0.5951526185906365	0.18733650952719647	CYLC2	0.26962063	False
2718	3.224164270869116	0.697037608823689	0.2161917167563529	LINC01492	0.26962113	False
2719	3.1008142941509855	0.5733238868681896	0.18489462201900994	SMC2-AS1	0.26962027	False
2720	3.1008142941509855	0.5733238868681896	0.18489462201900994	SMC2	0.26962027	False
2721	3.1424768678958603	0.7044911642412603	0.22418340495628644	OR13F1	0.2696208	False
2722	3.1424768678958603	0.7044911642412603	0.22418340495628644	OR13C4	0.2696208	False
2723	3.1424768678958603	0.7044911642412603	0.22418340495628644	OR13C3	0.2696208	False
2724	3.1424768678958603	0.7044911642412603	0.22418340495628644	OR13C8	0.2696208	False
2725	3.1424768678958603	0.7044911642412603	0.22418340495628644	OR13C5	0.2696208	False
2726	3.1424768678958603	0.7044911642412603	0.22418340495628644	OR13C2	0.2696208	False
2727	3.1424768678958603	0.7044911642412603	0.22418340495628644	OR13C9	0.2696208	False
2728	3.1424768678958603	0.7044911642412603	0.22418340495628644	OR13D1	0.2696208	False
2729	3.1424768678958603	0.7044911642412603	0.22418340495628644	NIPSNAP3A	0.2696208	False
2730	3.1424768678958603	0.7044911642412603	0.22418340495628644	NIPSNAP3B	0.2696208	False
2731	2.9581817006403623	0.49594512149792963	0.16765201454345133	ABCA1	0.26961973	False
2732	2.8957205997447844	0.45003918418361866	0.15541526493380717	SLC44A1	0.2696192	False
2733	2.8957205997447844	0.45003918418361866	0.15541526493380717	FSD1L	0.2696192	False
2734	2.8957205997447844	0.45003918418361866	0.15541526493380717	FKTN	0.2696192	False
2735	2.8957205997447844	0.45003918418361866	0.15541526493380717	TAL2	0.2696192	False
2736	2.8957205997447844	0.45003918418361866	0.15541526493380717	TMEM38B	0.2696192	False
2737	2.754756837058027	0.2355679568544963	0.08551315807099465	LPAR1	0.26961827	False
2738	2.9130082397839754	0.3155057172281436	0.10830924297404014	MIR7702	0.2696188	False
2739	2.9130082397839754	0.3155057172281436	0.10830924297404014	OR2K2	0.2696188	False
2740	2.9130082397839754	0.3155057172281436	0.10830924297404014	ECPAS	0.2696188	False
2741	2.9130082397839754	0.3155057172281436	0.10830924297404014	ZNF483	0.2696188	False
2742	2.9130082397839754	0.3155057172281436	0.10830924297404014	PTGR1	0.2696188	False
2743	2.9130082397839754	0.3155057172281436	0.10830924297404014	DNAJC25	0.2696188	False
2744	2.9130082397839754	0.3155057172281436	0.10830924297404014	DNAJC25-GNG10	0.2696188	False
2745	2.9130082397839754	0.3155057172281436	0.10830924297404014	GNG10	0.2696188	False
2746	2.9130082397839754	0.3155057172281436	0.10830924297404014	C9orf84	0.2696188	False
2747	2.931438719568456	0.27323195533883016	0.09320745936625047	UGCG	0.26961863	False
2748	2.931438719568456	0.27323195533883016	0.09320745936625047	MIR4668	0.26961863	False
2749	2.931438719568456	0.27323195533883016	0.09320745936625047	SUSD1	0.26961863	False
2750	3.0359767570845353	0.32404837461801655	0.10673611840467512	PTBP3	0.269619	False
2751	3.0359767570845353	0.32404837461801655	0.10673611840467512	HSDL2	0.269619	False
2752	3.0359767570845353	0.32404837461801655	0.10673611840467512	KIAA1958	0.269619	False
2753	3.0359767570845353	0.32404837461801655	0.10673611840467512	INIP	0.269619	False
2754	3.0359767570845353	0.32404837461801655	0.10673611840467512	SNX30	0.269619	False
2755	3.0359767570845353	0.32404837461801655	0.10673611840467512	SLC46A2	0.269619	False
2756	2.9681246612898695	0.2730192417009077	0.09198375164682626	ZNF883	0.26961863	False
2757	2.9681246612898695	0.2730192417009077	0.09198375164682626	ZFP37	0.26961863	False
2758	3.0224122191092597	0.3117579630178149	0.1031487237401699	FAM225B	0.2696188	False
2759	3.0224122191092597	0.3117579630178149	0.1031487237401699	FAM225A	0.2696188	False
2760	3.0224122191092597	0.3117579630178149	0.1031487237401699	SLC31A2	0.2696188	False
2761	3.0224122191092597	0.3117579630178149	0.1031487237401699	FKBP15	0.2696188	False
2762	3.0224122191092597	0.3117579630178149	0.1031487237401699	SLC31A1	0.2696188	False
2763	3.0224122191092597	0.3117579630178149	0.1031487237401699	CDC26	0.2696188	False
2764	3.0224122191092597	0.3117579630178149	0.1031487237401699	PRPF4	0.2696188	False
2765	3.0224122191092597	0.3117579630178149	0.1031487237401699	RNF183	0.2696188	False
2766	3.0224122191092597	0.3117579630178149	0.1031487237401699	WDR31	0.2696188	False
2767	3.0224122191092597	0.3117579630178149	0.1031487237401699	BSPRY	0.2696188	False
2768	3.0224122191092597	0.3117579630178149	0.1031487237401699	HDHD3	0.2696188	False
2769	3.0224122191092597	0.3117579630178149	0.1031487237401699	ALAD	0.2696188	False
2770	3.0224122191092597	0.3117579630178149	0.1031487237401699	POLE3	0.2696188	False
2771	3.0224122191092597	0.3117579630178149	0.1031487237401699	C9orf43	0.2696188	False
2772	3.0224122191092597	0.3117579630178149	0.1031487237401699	RGS3	0.2696188	False
2773	2.850944710704197	0.24092792670139168	0.08450810210271714	ZNF618	0.2696183	False
2774	2.850944710704197	0.24092792670139168	0.08450810210271714	AMBP	0.2696183	False
2775	2.850944710704197	0.24092792670139168	0.08450810210271714	KIF12	0.2696183	False
2776	2.779612723748329	0.24689196112732095	0.0888224316351471	COL27A1	0.2696182	False
2777	2.779612723748329	0.24689196112732095	0.0888224316351471	MIR455	0.2696182	False
2778	2.779612723748329	0.24689196112732095	0.0888224316351471	ORM1	0.2696182	False
2779	2.779612723748329	0.24689196112732095	0.0888224316351471	ORM2	0.2696182	False
2780	2.779612723748329	0.24689196112732095	0.0888224316351471	AKNA	0.2696182	False
2781	2.779612723748329	0.24689196112732095	0.0888224316351471	WHRN	0.2696182	False
2782	2.779612723748329	0.24689196112732095	0.0888224316351471	ATP6V1G1	0.2696182	False
2783	2.779612723748329	0.24689196112732095	0.0888224316351471	TMEM268	0.2696182	False
2784	2.779612723748329	0.24689196112732095	0.0888224316351471	TEX48	0.2696182	False
2785	2.779612723748329	0.24689196112732095	0.0888224316351471	TNFSF15	0.2696182	False
2786	2.7230711777147287	0.1809445452047985	0.0664487019970781	PBX3	0.26961797	False
2787	2.7863969738681558	0.20604133137994343	0.0739454332287445	LOC101929116	0.2696182	False
2788	2.7863969738681558	0.20604133137994343	0.0739454332287445	MVB12B	0.2696182	False
2789	2.7863969738681558	0.20604133137994343	0.0739454332287445	NRON	0.2696182	False
2790	2.7863969738681558	0.20604133137994343	0.0739454332287445	LMX1B	0.2696182	False
2791	2.7863969738681558	0.20604133137994343	0.0739454332287445	ZBTB43	0.2696182	False
2792	2.7863969738681558	0.20604133137994343	0.0739454332287445	ZBTB34	0.2696182	False
2793	2.9953793443550087	0.2493008874573857	0.08322848587682552	RALGPS1	0.26961863	False
2794	2.9953793443550087	0.2493008874573857	0.08322848587682552	ANGPTL2	0.26961863	False
2795	3.1782670555044867	0.3023579895598474	0.09513297160985551	GARNL3	0.26961902	False
2796	3.1782670555044867	0.3023579895598474	0.09513297160985551	SLC2A8	0.26961902	False
2797	3.1782670555044867	0.3023579895598474	0.09513297160985551	ZNF79	0.26961902	False
2798	3.1782670555044867	0.3023579895598474	0.09513297160985551	RPL12	0.26961902	False
2799	3.1782670555044867	0.3023579895598474	0.09513297160985551	SNORA65	0.26961902	False
2800	3.1782670555044867	0.3023579895598474	0.09513297160985551	LRSAM1	0.26961902	False
2801	3.1782670555044867	0.3023579895598474	0.09513297160985551	FAM129B	0.26961902	False
2802	3.1782670555044867	0.3023579895598474	0.09513297160985551	STXBP1	0.26961902	False
2803	3.1782670555044867	0.3023579895598474	0.09513297160985551	MIR3911	0.26961902	False
2804	3.1782670555044867	0.3023579895598474	0.09513297160985551	CFAP157	0.26961902	False
2805	3.1782670555044867	0.3023579895598474	0.09513297160985551	PTRH1	0.26961902	False
2806	3.1782670555044867	0.3023579895598474	0.09513297160985551	TTC16	0.26961902	False
2807	3.1782670555044867	0.3023579895598474	0.09513297160985551	TOR2A	0.26961902	False
2808	3.1782670555044867	0.3023579895598474	0.09513297160985551	SH2D3C	0.26961902	False
2809	3.1782670555044867	0.3023579895598474	0.09513297160985551	CDK9	0.26961902	False
2810	3.1782670555044867	0.3023579895598474	0.09513297160985551	MIR3960	0.26961902	False
2811	3.1782670555044867	0.3023579895598474	0.09513297160985551	FPGS	0.26961902	False
2812	3.1782670555044867	0.3023579895598474	0.09513297160985551	ENG	0.26961902	False
2813	3.1782670555044867	0.3023579895598474	0.09513297160985551	AK1	0.26961902	False
2814	3.1782670555044867	0.3023579895598474	0.09513297160985551	MIR4672	0.26961902	False
2815	3.176630535893835	0.2894390015665561	0.0911150976785263	ST6GALNAC6	0.269619	False
2816	3.176630535893835	0.2894390015665561	0.0911150976785263	ST6GALNAC4	0.269619	False
2817	3.176630535893835	0.2894390015665561	0.0911150976785263	PIP5KL1	0.269619	False
2818	3.176630535893835	0.2894390015665561	0.0911150976785263	DPM2	0.269619	False
2819	3.176630535893835	0.2894390015665561	0.0911150976785263	FAM102A	0.269619	False
2820	3.176630535893835	0.2894390015665561	0.0911150976785263	NAIF1	0.269619	False
2821	3.176630535893835	0.2894390015665561	0.0911150976785263	SLC25A25	0.269619	False
2822	3.326071055607691	0.35558342019567524	0.10690794461416225	SLC25A25-AS1	0.26961958	False
2823	3.326071055607691	0.35558342019567524	0.10690794461416225	PTGES2	0.26961958	False
2824	3.326071055607691	0.35558342019567524	0.10690794461416225	PTGES2-AS1	0.26961958	False
2825	3.326071055607691	0.35558342019567524	0.10690794461416225	LCN2	0.26961958	False
2826	3.326071055607691	0.35558342019567524	0.10690794461416225	C9orf16	0.26961958	False
2827	3.326071055607691	0.35558342019567524	0.10690794461416225	CIZ1	0.26961958	False
2828	3.326071055607691	0.35558342019567524	0.10690794461416225	DNM1	0.26961958	False
2829	3.326071055607691	0.35558342019567524	0.10690794461416225	MIR199B	0.26961958	False
2830	3.326071055607691	0.35558342019567524	0.10690794461416225	MIR3154	0.26961958	False
2831	3.326071055607691	0.35558342019567524	0.10690794461416225	GOLGA2	0.26961958	False
2832	3.326071055607691	0.35558342019567524	0.10690794461416225	SWI5	0.26961958	False
2833	3.326071055607691	0.35558342019567524	0.10690794461416225	TRUB2	0.26961958	False
2834	3.326071055607691	0.35558342019567524	0.10690794461416225	COQ4	0.26961958	False
2835	3.326071055607691	0.35558342019567524	0.10690794461416225	SLC27A4	0.26961958	False
2836	3.326071055607691	0.35558342019567524	0.10690794461416225	URM1	0.26961958	False
2837	3.326071055607691	0.35558342019567524	0.10690794461416225	MIR219A2	0.26961958	False
2838	3.326071055607691	0.35558342019567524	0.10690794461416225	CERCAM	0.26961958	False
2839	3.326071055607691	0.35558342019567524	0.10690794461416225	ODF2	0.26961958	False
2840	3.326071055607691	0.35558342019567524	0.10690794461416225	GLE1	0.26961958	False
2841	3.326071055607691	0.35558342019567524	0.10690794461416225	SPTAN1	0.26961958	False
2842	3.326071055607691	0.35558342019567524	0.10690794461416225	WDR34	0.26961958	False
2843	3.326071055607691	0.35558342019567524	0.10690794461416225	SET	0.26961958	False
2844	3.326071055607691	0.35558342019567524	0.10690794461416225	PKN3	0.26961958	False
2845	3.326071055607691	0.35558342019567524	0.10690794461416225	ZDHHC12	0.26961958	False
2846	3.326071055607691	0.35558342019567524	0.10690794461416225	LOC100506100	0.26961958	False
2847	3.326071055607691	0.35558342019567524	0.10690794461416225	ZER1	0.26961958	False
2848	3.326071055607691	0.35558342019567524	0.10690794461416225	TBC1D13	0.26961958	False
2849	3.326071055607691	0.35558342019567524	0.10690794461416225	ENDOG	0.26961958	False
2850	3.326071055607691	0.35558342019567524	0.10690794461416225	SPOUT1	0.26961958	False
2851	3.326071055607691	0.35558342019567524	0.10690794461416225	KYAT1	0.26961958	False
2852	3.1771075609755512	0.2916067129317235	0.09178370808515648	LRRC8A	0.26961893	False
2853	3.1771075609755512	0.2916067129317235	0.09178370808515648	PHYHD1	0.26961893	False
2854	3.1771075609755512	0.2916067129317235	0.09178370808515648	NUP188	0.26961893	False
2855	3.1771075609755512	0.2916067129317235	0.09178370808515648	DOLK	0.26961893	False
2856	3.1771075609755512	0.2916067129317235	0.09178370808515648	SH3GLB2	0.26961893	False
2857	3.1771075609755512	0.2916067129317235	0.09178370808515648	MIGA2	0.26961893	False
2858	3.1771075609755512	0.2916067129317235	0.09178370808515648	DOLPP1	0.26961893	False
2859	3.1771075609755512	0.2916067129317235	0.09178370808515648	CRAT	0.26961893	False
2860	3.242931078465137	0.3273553685959535	0.1009442879528877	PTPA	0.2696193	False
2861	3.242931078465137	0.3273553685959535	0.1009442879528877	IER5L	0.2696193	False
2862	3.242931078465137	0.3273553685959535	0.1009442879528877	LOC101929331	0.2696193	False
2863	3.242931078465137	0.3273553685959535	0.1009442879528877	C9orf106	0.2696193	False
2864	3.242931078465137	0.3273553685959535	0.1009442879528877	LINC01503	0.2696193	False
2865	3.242931078465137	0.3273553685959535	0.1009442879528877	LINC00963	0.2696193	False
2866	3.242931078465137	0.3273553685959535	0.1009442879528877	NTMT1	0.2696193	False
2867	3.242931078465137	0.3273553685959535	0.1009442879528877	C9orf50	0.2696193	False
2868	3.242931078465137	0.3273553685959535	0.1009442879528877	ASB6	0.2696193	False
2869	3.242931078465137	0.3273553685959535	0.1009442879528877	PRRX2	0.2696193	False
2870	3.242931078465137	0.3273553685959535	0.1009442879528877	PRRX2-AS1	0.2696193	False
2871	3.242931078465137	0.3273553685959535	0.1009442879528877	PTGES	0.2696193	False
2872	3.242931078465137	0.3273553685959535	0.1009442879528877	TOR1B	0.2696193	False
2873	3.242931078465137	0.3273553685959535	0.1009442879528877	TOR1A	0.2696193	False
2874	3.242931078465137	0.3273553685959535	0.1009442879528877	C9orf78	0.2696193	False
2875	3.242931078465137	0.3273553685959535	0.1009442879528877	USP20	0.2696193	False
2876	3.242931078465137	0.3273553685959535	0.1009442879528877	MIR6855	0.2696193	False
2877	2.920876589854548	0.21924592299493204	0.07506168653494871	FNBP1	0.26961833	False
2878	2.920876589854548	0.21924592299493204	0.07506168653494871	GPR107	0.26961833	False
2879	2.6878048112418536	0.1696793615761416	0.06312934662013057	GPRACR	0.2696179	False
2880	2.6878048112418536	0.1696793615761416	0.06312934662013057	NCS1	0.2696179	False
2881	2.6878048112418536	0.1696793615761416	0.06312934662013057	HMCN2	0.2696179	False
2882	2.6878048112418536	0.1696793615761416	0.06312934662013057	ASS1	0.2696179	False
2883	2.6878048112418536	0.1696793615761416	0.06312934662013057	FUBP3	0.2696179	False
2884	2.6878048112418536	0.1696793615761416	0.06312934662013057	MIR6856	0.2696179	False
2885	2.6878048112418536	0.1696793615761416	0.06312934662013057	PRDM12	0.2696179	False
2886	2.6878048112418536	0.1696793615761416	0.06312934662013057	EXOSC2	0.2696179	False
2887	2.6878048112418536	0.1696793615761416	0.06312934662013057	ABL1	0.2696179	False
2888	2.6878048112418536	0.1696793615761416	0.06312934662013057	QRFP	0.2696179	False
2889	2.713004626357683	0.17366238327853786	0.06401108998906742	FCN1	0.26961794	False
2890	2.713004626357683	0.17366238327853786	0.06401108998906742	OLFM1	0.26961794	False
2891	2.8707998498881544	0.23928291044420424	0.08335060713254762	C9orf62	0.26961845	False
2892	2.8707998498881544	0.23928291044420424	0.08335060713254762	PPP1R26-AS1	0.26961845	False
2893	2.8707998498881544	0.23928291044420424	0.08335060713254762	PPP1R26	0.26961845	False
2894	2.8707998498881544	0.23928291044420424	0.08335060713254762	C9orf116	0.26961845	False
2895	2.8707998498881544	0.23928291044420424	0.08335060713254762	MRPS2	0.26961845	False
2896	2.8707998498881544	0.23928291044420424	0.08335060713254762	LOC101928525	0.26961845	False
2897	2.8707998498881544	0.23928291044420424	0.08335060713254762	LCN1	0.26961845	False
2898	2.8707998498881544	0.23928291044420424	0.08335060713254762	OBP2A	0.26961845	False
2899	2.8707998498881544	0.23928291044420424	0.08335060713254762	PAEP	0.26961845	False
2900	2.8707998498881544	0.23928291044420424	0.08335060713254762	LINC01502	0.26961845	False
2901	2.8707998498881544	0.23928291044420424	0.08335060713254762	GLT6D1	0.26961845	False
2902	2.8707998498881544	0.23928291044420424	0.08335060713254762	LCN9	0.26961845	False
2903	2.8707998498881544	0.23928291044420424	0.08335060713254762	SOHLH1	0.26961845	False
2904	2.8707998498881544	0.23928291044420424	0.08335060713254762	KCNT1	0.26961845	False
2905	2.8707998498881544	0.23928291044420424	0.08335060713254762	CAMSAP1	0.26961845	False
2906	2.8707998498881544	0.23928291044420424	0.08335060713254762	UBAC1	0.26961845	False
2907	2.8707998498881544	0.23928291044420424	0.08335060713254762	NACC2	0.26961845	False
2908	3.177099014505491	0.3929157158952582	0.12367122148266277	TMEM250	0.26961982	False
2909	3.177099014505491	0.3929157158952582	0.12367122148266277	LHX3	0.26961982	False
2910	3.177099014505491	0.3929157158952582	0.12367122148266277	QSOX2	0.26961982	False
2911	3.177099014505491	0.3929157158952582	0.12367122148266277	CCDC187	0.26961982	False
2912	3.177099014505491	0.3929157158952582	0.12367122148266277	DKFZP434A062	0.26961982	False
2913	3.177099014505491	0.3929157158952582	0.12367122148266277	GPSM1	0.26961982	False
2914	3.177099014505491	0.3929157158952582	0.12367122148266277	DNLZ	0.26961982	False
2915	3.177099014505491	0.3929157158952582	0.12367122148266277	CARD9	0.26961982	False
2916	3.177099014505491	0.3929157158952582	0.12367122148266277	SNAPC4	0.26961982	False
2917	3.177099014505491	0.3929157158952582	0.12367122148266277	ENTR1	0.26961982	False
2918	3.177099014505491	0.3929157158952582	0.12367122148266277	PMPCA	0.26961982	False
2919	3.177099014505491	0.3929157158952582	0.12367122148266277	INPP5E	0.26961982	False
2920	3.177099014505491	0.3929157158952582	0.12367122148266277	SEC16A	0.26961982	False
2921	3.177099014505491	0.3929157158952582	0.12367122148266277	C9orf163	0.26961982	False
2922	3.177099014505491	0.3929157158952582	0.12367122148266277	NOTCH1	0.26961982	False
2923	3.177099014505491	0.3929157158952582	0.12367122148266277	MIR4673	0.26961982	False
2924	3.177099014505491	0.3929157158952582	0.12367122148266277	MIR4674	0.26961982	False
2925	3.177099014505491	0.3929157158952582	0.12367122148266277	NALT1	0.26961982	False
2926	3.177099014505491	0.3929157158952582	0.12367122148266277	LINC01451	0.26961982	False
2927	3.177099014505491	0.3929157158952582	0.12367122148266277	HSPC324	0.26961982	False
2928	3.177099014505491	0.3929157158952582	0.12367122148266277	EGFL7	0.26961982	False
2929	3.177099014505491	0.3929157158952582	0.12367122148266277	MIR126	0.26961982	False
2930	3.177099014505491	0.3929157158952582	0.12367122148266277	AGPAT2	0.26961982	False
2931	3.177099014505491	0.3929157158952582	0.12367122148266277	DIPK1B	0.26961982	False
2932	3.177099014505491	0.3929157158952582	0.12367122148266277	SNHG7	0.26961982	False
2933	3.177099014505491	0.3929157158952582	0.12367122148266277	SNORA17B	0.26961982	False
2934	3.177099014505491	0.3929157158952582	0.12367122148266277	SNORA17A	0.26961982	False
2935	3.177099014505491	0.3929157158952582	0.12367122148266277	LCN10	0.26961982	False
2936	3.177099014505491	0.3929157158952582	0.12367122148266277	LCN6	0.26961982	False
2937	3.177099014505491	0.3929157158952582	0.12367122148266277	MIR6722	0.26961982	False
2938	3.177099014505491	0.3929157158952582	0.12367122148266277	LCN8	0.26961982	False
2939	3.177099014505491	0.3929157158952582	0.12367122148266277	LCN15	0.26961982	False
2940	3.177099014505491	0.3929157158952582	0.12367122148266277	TMEM141	0.26961982	False
2941	3.177099014505491	0.3929157158952582	0.12367122148266277	CCDC183	0.26961982	False
2942	3.177099014505491	0.3929157158952582	0.12367122148266277	RABL6	0.26961982	False
2943	3.177099014505491	0.3929157158952582	0.12367122148266277	CCDC183-AS1	0.26961982	False
2944	3.177099014505491	0.3929157158952582	0.12367122148266277	MIR4292	0.26961982	False
2945	3.177099014505491	0.3929157158952582	0.12367122148266277	AJM1	0.26961982	False
2946	3.177099014505491	0.3929157158952582	0.12367122148266277	PHPT1	0.26961982	False
2947	3.177099014505491	0.3929157158952582	0.12367122148266277	MAMDC4	0.26961982	False
2948	3.177099014505491	0.3929157158952582	0.12367122148266277	EDF1	0.26961982	False
2949	3.177099014505491	0.3929157158952582	0.12367122148266277	TRAF2	0.26961982	False
2950	3.177099014505491	0.3929157158952582	0.12367122148266277	MIR4479	0.26961982	False
2951	3.177099014505491	0.3929157158952582	0.12367122148266277	FBXW5	0.26961982	False
2952	3.177099014505491	0.3929157158952582	0.12367122148266277	C8G	0.26961982	False
2953	3.177099014505491	0.3929157158952582	0.12367122148266277	LCN12	0.26961982	False
2954	3.177099014505491	0.3929157158952582	0.12367122148266277	PTGDS	0.26961982	False
2955	3.177099014505491	0.3929157158952582	0.12367122148266277	LCNL1	0.26961982	False
2956	3.177099014505491	0.3929157158952582	0.12367122148266277	PAXX	0.26961982	False
2957	3.177099014505491	0.3929157158952582	0.12367122148266277	CLIC3	0.26961982	False
2958	3.177099014505491	0.3929157158952582	0.12367122148266277	ABCA2	0.26961982	False
2959	3.177099014505491	0.3929157158952582	0.12367122148266277	C9orf139	0.26961982	False
2960	3.177099014505491	0.3929157158952582	0.12367122148266277	FUT7	0.26961982	False
2961	3.177099014505491	0.3929157158952582	0.12367122148266277	NPDC1	0.26961982	False
2962	3.177099014505491	0.3929157158952582	0.12367122148266277	ENTPD2	0.26961982	False
2963	3.177099014505491	0.3929157158952582	0.12367122148266277	SAPCD2	0.26961982	False
2964	3.177099014505491	0.3929157158952582	0.12367122148266277	UAP1L1	0.26961982	False
2965	3.177099014505491	0.3929157158952582	0.12367122148266277	MAN1B1-DT	0.26961982	False
2966	3.177099014505491	0.3929157158952582	0.12367122148266277	MAN1B1	0.26961982	False
2967	3.3708364935919213	0.48979410325487877	0.14530342963415596	DPP7	0.2696206	False
2968	3.3708364935919213	0.48979410325487877	0.14530342963415596	GRIN1	0.2696206	False
2969	3.3708364935919213	0.48979410325487877	0.14530342963415596	LRRC26	0.2696206	False
2970	3.3708364935919213	0.48979410325487877	0.14530342963415596	MIR3621	0.2696206	False
2971	3.3708364935919213	0.48979410325487877	0.14530342963415596	TMEM210	0.2696206	False
2972	3.3708364935919213	0.48979410325487877	0.14530342963415596	ANAPC2	0.2696206	False
2973	3.3708364935919213	0.48979410325487877	0.14530342963415596	SSNA1	0.2696206	False
2974	3.3708364935919213	0.48979410325487877	0.14530342963415596	TPRN	0.2696206	False
2975	3.3708364935919213	0.48979410325487877	0.14530342963415596	TMEM203	0.2696206	False
2976	3.3708364935919213	0.48979410325487877	0.14530342963415596	NDOR1	0.2696206	False
2977	3.3708364935919213	0.48979410325487877	0.14530342963415596	RNF208	0.2696206	False
2978	3.3708364935919213	0.48979410325487877	0.14530342963415596	CYSRT1	0.2696206	False
2979	3.3708364935919213	0.48979410325487877	0.14530342963415596	RNF224	0.2696206	False
2980	3.3708364935919213	0.48979410325487877	0.14530342963415596	SLC34A3	0.2696206	False
2981	3.3708364935919213	0.48979410325487877	0.14530342963415596	TUBB4B	0.2696206	False
2982	3.3708364935919213	0.48979410325487877	0.14530342963415596	FAM166A	0.2696206	False
2983	3.3708364935919213	0.48979410325487877	0.14530342963415596	STPG3-AS1	0.2696206	False
2984	3.3708364935919213	0.48979410325487877	0.14530342963415596	STPG3	0.2696206	False
2985	3.3708364935919213	0.48979410325487877	0.14530342963415596	NELFB	0.2696206	False
2986	3.3708364935919213	0.48979410325487877	0.14530342963415596	TOR4A	0.2696206	False
2987	3.3708364935919213	0.48979410325487877	0.14530342963415596	NRARP	0.2696206	False
2988	3.3708364935919213	0.48979410325487877	0.14530342963415596	EXD3	0.2696206	False
2989	3.3708364935919213	0.48979410325487877	0.14530342963415596	NOXA1	0.2696206	False
2990	3.3708364935919213	0.48979410325487877	0.14530342963415596	ENTPD8	0.2696206	False
2991	3.3708364935919213	0.48979410325487877	0.14530342963415596	NSMF	0.2696206	False
2992	3.3708364935919213	0.48979410325487877	0.14530342963415596	MIR7114	0.2696206	False
2993	3.3708364935919213	0.48979410325487877	0.14530342963415596	PNPLA7	0.2696206	False
2994	3.3708364935919213	0.48979410325487877	0.14530342963415596	MRPL41	0.2696206	False
2995	3.3708364935919213	0.48979410325487877	0.14530342963415596	DPH7	0.2696206	False
2996	3.3708364935919213	0.48979410325487877	0.14530342963415596	ZMYND19	0.2696206	False
2997	3.3708364935919213	0.48979410325487877	0.14530342963415596	ARRDC1	0.2696206	False
2998	3.3708364935919213	0.48979410325487877	0.14530342963415596	ARRDC1-AS1	0.2696206	False
2999	3.3708364935919213	0.48979410325487877	0.14530342963415596	EHMT1	0.2696206	False
3000	3.3708364935919213	0.48979410325487877	0.14530342963415596	MIR602	0.2696206	False
3001	3.3708364935919213	0.48979410325487877	0.14530342963415596	LOC100133077	0.2696206	False
3002	3.3708364935919213	0.48979410325487877	0.14530342963415596	CACNA1B	0.2696206	False
3003	3.045471938369126	0.43937952689383597	0.14427305054372858	LARP4B	0.2696195	False
3004	3.045471938369126	0.43937952689383597	0.14427305054372858	LOC101927762	0.2696195	False
3005	3.045471938369126	0.43937952689383597	0.14427305054372858	GTPBP4	0.2696195	False
3006	3.045471938369126	0.43937952689383597	0.14427305054372858	IDI2	0.2696195	False
3007	3.045471938369126	0.43937952689383597	0.14427305054372858	IDI2-AS1	0.2696195	False
3008	3.045471938369126	0.43937952689383597	0.14427305054372858	IDI1	0.2696195	False
3009	3.045471938369126	0.43937952689383597	0.14427305054372858	WDR37	0.2696195	False
3010	3.045471938369126	0.43937952689383597	0.14427305054372858	LINC00200	0.2696195	False
3011	3.045471938369126	0.43937952689383597	0.14427305054372858	ADARB2	0.2696195	False
3012	3.045471938369126	0.43937952689383597	0.14427305054372858	ADARB2-AS1	0.2696195	False
3013	3.473418718702321	0.6351862421279909	0.1828706221648101	LINC00700	0.26962188	False
3014	3.473418718702321	0.6351862421279909	0.1828706221648101	MIR6072	0.26962188	False
3015	3.473418718702321	0.6351862421279909	0.1828706221648101	LINC00701	0.26962188	False
3016	4.139944194725872	1.0850163396060795	0.2620847742315822	PFKP	0.26962826	False
3017	4.139944194725872	1.0850163396060795	0.2620847742315822	PITRM1-AS1	0.26962826	False
3018	4.139944194725872	1.0850163396060795	0.2620847742315822	PITRM1	0.26962826	False
3019	4.139944194725872	1.0850163396060795	0.2620847742315822	KLF6	0.26962826	False
3020	4.139944194725872	1.0850163396060795	0.2620847742315822	LOC105376365	0.26962826	False
3021	4.277632821276825	1.211463234485116	0.2832087944667275	MIR6078	0.26963043	False
3022	4.277632821276825	1.211463234485116	0.2832087944667275	LOC101927964	0.26963043	False
3023	4.714227852064055	1.727137592449422	0.36636701632765173	LINC00702	0.26963815	False
3024	4.714227852064055	1.727137592449422	0.36636701632765173	LINC00703	0.26963815	False
3025	4.714227852064055	1.727137592449422	0.36636701632765173	MANCR	0.26963815	False
3026	4.714227852064055	1.727137592449422	0.36636701632765173	LINC00705	0.26963815	False
3027	4.714227852064055	1.727137592449422	0.36636701632765173	AKR1E2	0.26963815	False
3028	4.62865963565287	1.5734037227698012	0.3399264250606047	AKR1C2	0.2696359	False
3029	4.62865963565287	1.5734037227698012	0.3399264250606047	AKR1C1	0.2696359	False
3030	4.62865963565287	1.5734037227698012	0.3399264250606047	AKR1C3	0.2696359	False
3031	4.905187952192776	1.8977174842892839	0.3868796675652242	AKR1C4	0.26964116	False
3032	4.905187952192776	1.8977174842892839	0.3868796675652242	UCN3	0.26964116	False
3033	4.905187952192776	1.8977174842892839	0.3868796675652242	TUBAL3	0.26964116	False
3034	4.905187952192776	1.8977174842892839	0.3868796675652242	NET1	0.26964116	False
3035	4.905187952192776	1.8977174842892839	0.3868796675652242	CALML5	0.26964116	False
3036	4.905187952192776	1.8977174842892839	0.3868796675652242	CALML3-AS1	0.26964116	False
3037	4.905187952192776	1.8977174842892839	0.3868796675652242	CALML3	0.26964116	False
3038	4.905187952192776	1.8977174842892839	0.3868796675652242	LOC105376382	0.26964116	False
3039	4.905187952192776	1.8977174842892839	0.3868796675652242	ASB13	0.26964116	False
3040	4.905187952192776	1.8977174842892839	0.3868796675652242	FAM208B	0.26964116	False
3041	4.905187952192776	1.8977174842892839	0.3868796675652242	GDI2	0.26964116	False
3042	4.905187952192776	1.8977174842892839	0.3868796675652242	ANKRD16	0.26964116	False
3043	4.385501256458446	1.2015017276909163	0.27397135639204007	FBH1	0.2696304	False
3044	4.385501256458446	1.2015017276909163	0.27397135639204007	IL15RA	0.2696304	False
3045	4.385501256458446	1.2015017276909163	0.27397135639204007	IL2RA	0.2696304	False
3046	4.385501256458446	1.2015017276909163	0.27397135639204007	RBM17	0.2696304	False
3047	4.061221035276127	0.9037336519875562	0.22252757092944347	PFKFB3	0.269626	False
3048	4.061221035276127	0.9037336519875562	0.22252757092944347	MIR3155A	0.269626	False
3049	4.061221035276127	0.9037336519875562	0.22252757092944347	LOC399715	0.269626	False
3050	4.061221035276127	0.9037336519875562	0.22252757092944347	PRKCQ	0.269626	False
3051	4.061221035276127	0.9037336519875562	0.22252757092944347	PRKCQ-AS1	0.269626	False
3052	4.061221035276127	0.9037336519875562	0.22252757092944347	LOC101928150	0.269626	False
3053	4.061221035276127	0.9037336519875562	0.22252757092944347	LINC00706	0.269626	False
3054	4.061221035276127	0.9037336519875562	0.22252757092944347	LINC00707	0.269626	False
3055	3.295464312828547	0.5034853043864501	0.15278129471057783	SFMBT2	0.26962045	False
3056	3.295464312828547	0.5034853043864501	0.15278129471057783	ITIH5	0.26962045	False
3057	3.295464312828547	0.5034853043864501	0.15278129471057783	ITIH2	0.26962045	False
3058	3.295464312828547	0.5034853043864501	0.15278129471057783	KIN	0.26962045	False
3059	3.295464312828547	0.5034853043864501	0.15278129471057783	ATP5F1C	0.26962045	False
3060	2.962320938378776	0.3658141445509224	0.12348903179650947	TAF3	0.26961908	False
3061	2.962320938378776	0.3658141445509224	0.12348903179650947	GATA3-AS1	0.26961908	False
3062	2.962320938378776	0.3658141445509224	0.12348903179650947	GATA3	0.26961908	False
3063	2.8851201689837787	0.3598900825873987	0.12474006679387716	LOC101928322	0.26961896	False
3064	2.8851201689837787	0.3598900825873987	0.12474006679387716	SFTA1P	0.26961896	False
3065	3.1977547220752864	0.437764172387586	0.1368973578134488	LINC00710	0.26962006	False
3066	3.1977547220752864	0.437764172387586	0.1368973578134488	CELF2	0.26962006	False
3067	3.1977547220752864	0.437764172387586	0.1368973578134488	CELF2-AS2	0.26962006	False
3068	3.620773677391398	0.6873709459569991	0.18984090340941123	CELF2-AS1	0.26962268	False
3069	3.620773677391398	0.6873709459569991	0.18984090340941123	USP6NL	0.26962268	False
3070	3.620773677391398	0.6873709459569991	0.18984090340941123	ECHDC3	0.26962268	False
3071	3.620773677391398	0.6873709459569991	0.18984090340941123	PROSER2	0.26962268	False
3072	3.620773677391398	0.6873709459569991	0.18984090340941123	PROSER2-AS1	0.26962268	False
3073	3.7786129576250898	0.7585503250982732	0.20074835226707965	UPF2	0.26962408	False
3074	3.7786129576250898	0.7585503250982732	0.20074835226707965	DHTKD1	0.26962408	False
3075	4.093553723476922	1.049524692486349	0.2563847364374931	SEC61A2	0.26962817	False
3076	4.093553723476922	1.049524692486349	0.2563847364374931	MIR548AK	0.26962817	False
3077	4.093553723476922	1.049524692486349	0.2563847364374931	NUDT5	0.26962817	False
3078	4.093553723476922	1.049524692486349	0.2563847364374931	CDC123	0.26962817	False
3079	4.093553723476922	1.049524692486349	0.2563847364374931	CAMK1D	0.26962817	False
3080	4.093553723476922	1.049524692486349	0.2563847364374931	MIR4480	0.26962817	False
3081	4.093553723476922	1.049524692486349	0.2563847364374931	MIR548Q	0.26962817	False
3082	4.073617705175539	1.002606253202442	0.24612183218092087	CCDC3	0.2696278	False
3083	4.073617705175539	1.002606253202442	0.24612183218092087	OPTN	0.2696278	False
3084	4.19431258272656	1.1323027154512042	0.2699614521135995	MCM10	0.2696295	False
3085	4.19431258272656	1.1323027154512042	0.2699614521135995	UCMA	0.2696295	False
3086	4.19431258272656	1.1323027154512042	0.2699614521135995	PHYH	0.2696295	False
3087	4.19431258272656	1.1323027154512042	0.2699614521135995	SEPHS1	0.2696295	False
3088	4.19431258272656	1.1323027154512042	0.2699614521135995	BEND7	0.2696295	False
3089	4.19431258272656	1.1323027154512042	0.2699614521135995	PRPF18	0.2696295	False
3090	4.041120441002585	0.9716207028094895	0.2404334928875405	FRMD4A	0.26962736	False
3091	4.041120441002585	0.9716207028094895	0.2404334928875405	LOC101928453	0.26962736	False
3092	4.0094095166721315	0.9630687867901824	0.24020215016338453	MIR4293	0.26962686	False
3093	4.0094095166721315	0.9630687867901824	0.24020215016338453	MIR1265	0.26962686	False
3094	4.0094095166721315	0.9630687867901824	0.24020215016338453	FAM107B	0.26962686	False
3095	4.0094095166721315	0.9630687867901824	0.24020215016338453	CDNF	0.26962686	False
3096	4.0094095166721315	0.9630687867901824	0.24020215016338453	HSPA14	0.26962686	False
3097	3.790737775698062	0.7627387880200965	0.2012111713212974	SUV39H2	0.26962432	False
3098	3.790737775698062	0.7627387880200965	0.2012111713212974	DCLRE1C	0.26962432	False
3099	3.790737775698062	0.7627387880200965	0.2012111713212974	MEIG1	0.26962432	False
3100	3.790737775698062	0.7627387880200965	0.2012111713212974	OLAH	0.26962432	False
3101	3.790737775698062	0.7627387880200965	0.2012111713212974	ACBD7	0.26962432	False
3102	3.790737775698062	0.7627387880200965	0.2012111713212974	C10orf111	0.26962432	False
3103	3.790737775698062	0.7627387880200965	0.2012111713212974	RPP38	0.26962432	False
3104	3.6377534903138886	0.6984883469576169	0.19201090695602543	NMT2	0.26962292	False
3105	3.6377534903138886	0.6984883469576169	0.19201090695602543	FAM171A1	0.26962292	False
3106	3.6377534903138886	0.6984883469576169	0.19201090695602543	ITGA8	0.26962292	False
3107	3.6377534903138886	0.6984883469576169	0.19201090695602543	MINDY3	0.26962292	False
3108	3.354973285339018	0.5554889497562051	0.165571795216269	PTER	0.269621	False
3109	3.354973285339018	0.5554889497562051	0.165571795216269	C1QL3	0.269621	False
3110	3.354973285339018	0.5554889497562051	0.165571795216269	RSU1	0.269621	False
3111	3.337955849397547	0.5367044035692857	0.16078834705562484	CUBN	0.26962084	False
3112	3.273311012644791	0.5753861610004397	0.1757810848946906	TRDMT1	0.26962063	False
3113	3.273311012644791	0.5753861610004397	0.1757810848946906	VIM-AS1	0.26962063	False
3114	3.273311012644791	0.5753861610004397	0.1757810848946906	VIM	0.26962063	False
3115	3.273311012644791	0.5753861610004397	0.1757810848946906	ST8SIA6	0.26962063	False
3116	3.273311012644791	0.5753861610004397	0.1757810848946906	ST8SIA6-AS1	0.26962063	False
3117	3.273311012644791	0.5753861610004397	0.1757810848946906	HACD1	0.26962063	False
3118	3.273311012644791	0.5753861610004397	0.1757810848946906	STAM-AS1	0.26962063	False
3119	3.273311012644791	0.5753861610004397	0.1757810848946906	STAM	0.26962063	False
3120	3.273311012644791	0.5753861610004397	0.1757810848946906	TMEM236	0.26962063	False
3121	3.2342557656844724	0.5378930542590443	0.16631122991759092	MRC1	0.26962036	False
3122	3.273311012644791	0.5753861610004397	0.1757810848946906	MIR511	0.26962063	False
3123	3.2342557656844724	0.5378930542590443	0.16631122991759092	SLC39A12	0.26962036	False
3124	3.2342557656844724	0.5378930542590443	0.16631122991759092	SLC39A12-AS1	0.26962036	False
3125	3.279565996567458	0.6320800373789194	0.19273283051491658	CACNB2	0.2696211	False
3126	3.279565996567458	0.6320800373789194	0.19273283051491658	NSUN6	0.2696211	False
3127	3.279565996567458	0.6320800373789194	0.19273283051491658	ARL5B	0.2696211	False
3128	3.2366746071756256	0.5408946138572593	0.16711430078825648	MALRD1	0.26962048	False
3129	3.2524804049092793	0.5813664571372518	0.1787455679240188	LOC101928834	0.2696206	False
3130	3.31518094451574	0.5603955718557402	0.1690392112028742	PLXDC2	0.2696208	False
3131	3.3328228370788513	0.6010367100499864	0.18033863167379827	MIR4675	0.26962104	False
3132	3.347056131946115	0.5660151861765607	0.1691083638467265	NEBL	0.269621	False
3133	3.447433302472963	0.6531305784895768	0.18945415942378455	C10orf113	0.26962188	False
3134	3.447433302472963	0.6531305784895768	0.18945415942378455	NEBL-AS1	0.26962188	False
3135	3.447433302472963	0.6531305784895768	0.18945415942378455	CASC10	0.26962188	False
3136	3.447433302472963	0.6531305784895768	0.18945415942378455	MIR1915	0.26962188	False
3137	3.447433302472963	0.6531305784895768	0.18945415942378455	SKIDA1	0.26962188	False
3138	3.447433302472963	0.6531305784895768	0.18945415942378455	MLLT10	0.26962188	False
3139	3.454363150179091	0.6056270494979825	0.1753223454420488	DNAJC1	0.2696217	False
3140	3.567107393968545	0.6683119157922345	0.18735402161489498	EBLN1	0.26962242	False
3141	3.567107393968545	0.6683119157922345	0.18735402161489498	LOC100130992	0.26962242	False
3142	3.567107393968545	0.6683119157922345	0.18735402161489498	COMMD3	0.26962242	False
3143	3.567107393968545	0.6683119157922345	0.18735402161489498	COMMD3-BMI1	0.26962242	False
3144	3.567107393968545	0.6683119157922345	0.18735402161489498	BMI1	0.26962242	False
3145	3.567107393968545	0.6683119157922345	0.18735402161489498	SPAG6	0.26962242	False
3146	3.567107393968545	0.6683119157922345	0.18735402161489498	PIP4K2A	0.26962242	False
3147	3.509963884901528	0.5980768330645017	0.170394013350733	ARMC3	0.26962188	False
3148	3.509963884901528	0.5980768330645017	0.170394013350733	MSRB2	0.26962188	False
3149	3.489236015756576	0.6094890886216368	0.17467694528811642	PTF1A	0.2696218	False
3150	3.489236015756576	0.6094890886216368	0.17467694528811642	C10orf67	0.2696218	False
3151	3.489236015756576	0.6094890886216368	0.17467694528811642	OTUD1	0.2696218	False
3152	3.527921559862086	0.5991823259435438	0.1698400363433724	KIAA1217	0.26962188	False
3153	3.576686539969118	0.6572677287894279	0.1837644203495403	MIR603	0.2696224	False
3154	3.576686539969118	0.6572677287894279	0.1837644203495403	ARHGAP21	0.2696224	False
3155	3.5852054464169365	0.6417771918221767	0.17900708938830004	PRTFDC1	0.26962242	False
3156	3.5852054464169365	0.6417771918221767	0.17900708938830004	ENKUR	0.26962242	False
3157	3.5852054464169365	0.6417771918221767	0.17900708938830004	THNSL1	0.26962242	False
3158	3.620051496239175	0.7063776792432752	0.1951291797857356	LINC01516	0.26962283	False
3159	3.620051496239175	0.7063776792432752	0.1951291797857356	GPR158-AS1	0.26962283	False
3160	3.620051496239175	0.7063776792432752	0.1951291797857356	GPR158	0.26962283	False
3161	3.620051496239175	0.7063776792432752	0.1951291797857356	LINC00836	0.26962283	False
3162	3.5927633874826443	0.649479260967495	0.18077429291066344	LOC101929073	0.26962256	False
3163	3.5927633874826443	0.649479260967495	0.18077429291066344	MYO3A	0.26962256	False
3164	3.669861929914815	0.7346926249112913	0.20019625777265823	GAD2	0.2696234	False
3165	3.669861929914815	0.7346926249112913	0.20019625777265823	APBB1IP	0.2696234	False
3166	3.669861929914815	0.7346926249112913	0.20019625777265823	LOC101929117	0.2696234	False
3167	3.669861929914815	0.7346926249112913	0.20019625777265823	FAM238A	0.2696234	False
3168	3.669861929914815	0.7346926249112913	0.20019625777265823	FAM238B	0.2696234	False
3169	3.669861929914815	0.7346926249112913	0.20019625777265823	PDSS1	0.2696234	False
3170	3.669861929914815	0.7346926249112913	0.20019625777265823	ABI1	0.2696234	False
3171	3.6305029382241787	0.6454364454216531	0.17778155159333417	FAM238C	0.26962262	False
3172	3.6305029382241787	0.6454364454216531	0.17778155159333417	ANKRD26	0.26962262	False
3173	3.619158202963084	0.6794720809841687	0.1877431277880779	YME1L1	0.26962268	False
3174	3.619158202963084	0.6794720809841687	0.1877431277880779	MASTL	0.26962268	False
3175	3.619158202963084	0.6794720809841687	0.1877431277880779	ACBD5	0.26962268	False
3176	3.619158202963084	0.6794720809841687	0.1877431277880779	PTCHD3	0.26962268	False
3177	3.619158202963084	0.6794720809841687	0.1877431277880779	RAB18	0.26962268	False
3178	3.619158202963084	0.6794720809841687	0.1877431277880779	MKX	0.26962268	False
3179	3.619158202963084	0.6794720809841687	0.1877431277880779	MKX-AS1	0.26962268	False
3180	3.450148579994377	0.5392082027762779	0.15628550199341174	ARMC4	0.2696212	False
3181	3.450148579994377	0.5392082027762779	0.15628550199341174	MPP7	0.2696212	False
3182	3.3874499211325784	0.5333354296035467	0.15744452081087254	MIR8086	0.269621	False
3183	3.3874499211325784	0.5333354296035467	0.15744452081087254	LOC105376468	0.269621	False
3184	3.3874499211325784	0.5333354296035467	0.15744452081087254	WAC-AS1	0.269621	False
3185	3.3874499211325784	0.5333354296035467	0.15744452081087254	WAC	0.269621	False
3186	3.3874499211325784	0.5333354296035467	0.15744452081087254	BAMBI	0.269621	False
3187	3.3874499211325784	0.5333354296035467	0.15744452081087254	LINC01517	0.269621	False
3188	3.3874499211325784	0.5333354296035467	0.15744452081087254	LINC00837	0.269621	False
3189	3.3874499211325784	0.5333354296035467	0.15744452081087254	C10orf126	0.269621	False
3190	3.056332778662162	0.36684393734355647	0.12002748519555315	LYZL1	0.26961938	False
3191	3.056332778662162	0.36684393734355647	0.12002748519555315	SVIL-AS1	0.26961938	False
3192	3.056332778662162	0.36684393734355647	0.12002748519555315	SVIL	0.26961938	False
3193	3.056332778662162	0.36684393734355647	0.12002748519555315	MIR604	0.26961938	False
3194	3.056332778662162	0.36684393734355647	0.12002748519555315	MIR938	0.26961938	False
3195	2.8467459317377015	0.2557972488464799	0.08985601630080735	JCAD	0.2696184	False
3196	2.6726992675505183	0.1976437604980221	0.07394912061286982	INCENP	0.269618	False
3197	2.6726992675505183	0.1976437604980221	0.07394912061286982	SCGB1D1	0.269618	False
3198	2.6726992675505183	0.1976437604980221	0.07394912061286982	SCGB2A1	0.269618	False
3199	2.6726992675505183	0.1976437604980221	0.07394912061286982	SCGB1D2	0.269618	False
3200	2.6726992675505183	0.1976437604980221	0.07394912061286982	SCGB2A2	0.269618	False
3201	2.6726992675505183	0.1976437604980221	0.07394912061286982	SCGB1D4	0.269618	False
3202	2.6726992675505183	0.1976437604980221	0.07394912061286982	ASRGL1	0.269618	False
3203	2.6726992675505183	0.1976437604980221	0.07394912061286982	SCGB1A1	0.269618	False
3204	2.6726992675505183	0.1976437604980221	0.07394912061286982	AHNAK	0.269618	False
3205	2.6726992675505183	0.1976437604980221	0.07394912061286982	EEF1G	0.269618	False
3206	2.6726992675505183	0.1976437604980221	0.07394912061286982	MIR6747	0.269618	False
3207	2.6726992675505183	0.1976437604980221	0.07394912061286982	TUT1	0.269618	False
3208	2.6726992675505183	0.1976437604980221	0.07394912061286982	MTA2	0.269618	False
3209	2.6726992675505183	0.1976437604980221	0.07394912061286982	EML3	0.269618	False
3210	2.6726992675505183	0.1976437604980221	0.07394912061286982	ROM1	0.269618	False
3211	2.6726992675505183	0.1976437604980221	0.07394912061286982	B3GAT3	0.269618	False
3212	2.6726992675505183	0.1976437604980221	0.07394912061286982	GANAB	0.269618	False
3213	2.6726992675505183	0.1976437604980221	0.07394912061286982	INTS5	0.269618	False
3214	2.6726992675505183	0.1976437604980221	0.07394912061286982	C11orf98	0.269618	False
3215	2.6726992675505183	0.1976437604980221	0.07394912061286982	LBHD1	0.269618	False
3216	2.6726992675505183	0.1976437604980221	0.07394912061286982	CSKMT	0.269618	False
3217	2.6726992675505183	0.1976437604980221	0.07394912061286982	SNORA57	0.269618	False
3218	2.6726992675505183	0.1976437604980221	0.07394912061286982	UQCC3	0.269618	False
3219	2.6726992675505183	0.1976437604980221	0.07394912061286982	UBXN1	0.269618	False
3220	2.6726992675505183	0.1976437604980221	0.07394912061286982	LRRN4CL	0.269618	False
3221	2.6726992675505183	0.1976437604980221	0.07394912061286982	BSCL2	0.269618	False
3222	2.6726992675505183	0.1976437604980221	0.07394912061286982	HNRNPUL2-BSCL2	0.269618	False
3223	2.6726992675505183	0.1976437604980221	0.07394912061286982	GNG3	0.269618	False
3224	2.6726992675505183	0.1976437604980221	0.07394912061286982	HNRNPUL2	0.269618	False
3225	2.6726992675505183	0.1976437604980221	0.07394912061286982	TTC9C	0.269618	False
3226	2.6726992675505183	0.1976437604980221	0.07394912061286982	ZBTB3	0.269618	False
3227	2.6726992675505183	0.1976437604980221	0.07394912061286982	POLR2G	0.269618	False
3228	2.6726992675505183	0.1976437604980221	0.07394912061286982	TAF6L	0.269618	False
3229	2.6726992675505183	0.1976437604980221	0.07394912061286982	TMEM223	0.269618	False
3230	2.6726992675505183	0.1976437604980221	0.07394912061286982	TMEM179B	0.269618	False
3231	2.6726992675505183	0.1976437604980221	0.07394912061286982	MIR6748	0.269618	False
3232	2.6726992675505183	0.1976437604980221	0.07394912061286982	NXF1	0.269618	False
3233	2.6726992675505183	0.1976437604980221	0.07394912061286982	MIR6514	0.269618	False
3234	2.6726992675505183	0.1976437604980221	0.07394912061286982	STX5	0.269618	False
3235	2.6726992675505183	0.1976437604980221	0.07394912061286982	LOC105369332	0.269618	False
3236	2.6726992675505183	0.1976437604980221	0.07394912061286982	WDR74	0.269618	False
3237	2.6726992675505183	0.1976437604980221	0.07394912061286982	SNHG1	0.269618	False
3238	2.6726992675505183	0.1976437604980221	0.07394912061286982	SNORD22	0.269618	False
3239	2.6726992675505183	0.1976437604980221	0.07394912061286982	SNORD30	0.269618	False
3240	2.6726992675505183	0.1976437604980221	0.07394912061286982	SNORD28	0.269618	False
3241	2.6726992675505183	0.1976437604980221	0.07394912061286982	SNORD27	0.269618	False
3242	2.6726992675505183	0.1976437604980221	0.07394912061286982	SNORD26	0.269618	False
3243	2.6726992675505183	0.1976437604980221	0.07394912061286982	SNORD25	0.269618	False
3244	2.6726992675505183	0.1976437604980221	0.07394912061286982	SLC3A2	0.269618	False
3245	2.786327861814782	0.1985959215921507	0.07127514472141187	CHRM1	0.269618	False
3246	2.786327861814782	0.1985959215921507	0.07127514472141187	SLC22A6	0.269618	False
3247	2.786327861814782	0.1985959215921507	0.07127514472141187	SLC22A8	0.269618	False
3248	2.786327861814782	0.1985959215921507	0.07127514472141187	SLC22A24	0.269618	False
3249	2.880467092746729	0.2164762535336695	0.07515317709366508	SLC22A10	0.26961818	False
3250	2.880467092746729	0.2164762535336695	0.07515317709366508	SLC22A25	0.26961818	False
3251	2.880467092746729	0.2164762535336695	0.07515317709366508	SLC22A9	0.26961818	False
3252	2.880467092746729	0.2164762535336695	0.07515317709366508	HRASLS5	0.26961818	False
3253	2.880467092746729	0.2164762535336695	0.07515317709366508	LGALS12	0.26961818	False
3254	2.880467092746729	0.2164762535336695	0.07515317709366508	RARRES3	0.26961818	False
3255	2.880467092746729	0.2164762535336695	0.07515317709366508	HRASLS2	0.26961818	False
3256	2.880467092746729	0.2164762535336695	0.07515317709366508	PLA2G16	0.26961818	False
3257	2.880467092746729	0.2164762535336695	0.07515317709366508	ATL3	0.26961818	False
3258	2.880467092746729	0.2164762535336695	0.07515317709366508	RTN3	0.26961818	False
3259	2.880467092746729	0.2164762535336695	0.07515317709366508	C11orf95	0.26961818	False
3260	2.880467092746729	0.2164762535336695	0.07515317709366508	SPINDOC	0.26961818	False
3261	3.0048574849676206	0.24418357776311414	0.08126294807147746	MARK2	0.2696184	False
3262	3.0048574849676206	0.24418357776311414	0.08126294807147746	RCOR2	0.2696184	False
3263	3.0048574849676206	0.24418357776311414	0.08126294807147746	NAA40	0.2696184	False
3264	3.0048574849676206	0.24418357776311414	0.08126294807147746	COX8A	0.2696184	False
3265	3.0048574849676206	0.24418357776311414	0.08126294807147746	OTUB1	0.2696184	False
3266	3.0048574849676206	0.24418357776311414	0.08126294807147746	MACROD1	0.2696184	False
3267	3.156782030359863	0.32530490912096877	0.10304953145082528	FLRT1	0.26961896	False
3268	3.156782030359863	0.32530490912096877	0.10304953145082528	STIP1	0.26961896	False
3269	3.156782030359863	0.32530490912096877	0.10304953145082528	FERMT3	0.26961896	False
3270	3.156782030359863	0.32530490912096877	0.10304953145082528	TRPT1	0.26961896	False
3271	3.156782030359863	0.32530490912096877	0.10304953145082528	NUDT22	0.26961896	False
3272	3.156782030359863	0.32530490912096877	0.10304953145082528	DNAJC4	0.26961896	False
3273	3.156782030359863	0.32530490912096877	0.10304953145082528	VEGFB	0.26961896	False
3274	3.156782030359863	0.32530490912096877	0.10304953145082528	FKBP2	0.26961896	False
3275	3.156782030359863	0.32530490912096877	0.10304953145082528	PPP1R14B	0.26961896	False
3276	3.156782030359863	0.32530490912096877	0.10304953145082528	LOC105369340	0.26961896	False
3277	3.156782030359863	0.32530490912096877	0.10304953145082528	PLCB3	0.26961896	False
3278	3.156782030359863	0.32530490912096877	0.10304953145082528	BAD	0.26961896	False
3279	3.156782030359863	0.32530490912096877	0.10304953145082528	GPR137	0.26961896	False
3280	3.156782030359863	0.32530490912096877	0.10304953145082528	KCNK4	0.26961896	False
3281	3.156782030359863	0.32530490912096877	0.10304953145082528	KCNK4-TEX40	0.26961896	False
3282	3.156782030359863	0.32530490912096877	0.10304953145082528	CATSPERZ	0.26961896	False
3283	3.156782030359863	0.32530490912096877	0.10304953145082528	ESRRA	0.26961896	False
3284	3.156782030359863	0.32530490912096877	0.10304953145082528	TRMT112	0.26961896	False
3285	3.156782030359863	0.32530490912096877	0.10304953145082528	PRDX5	0.26961896	False
3286	3.156782030359863	0.32530490912096877	0.10304953145082528	CCDC88B	0.26961896	False
3287	3.156782030359863	0.32530490912096877	0.10304953145082528	MIR7155	0.26961896	False
3288	3.156782030359863	0.32530490912096877	0.10304953145082528	RPS6KA4	0.26961896	False
3289	3.156782030359863	0.32530490912096877	0.10304953145082528	MIR1237	0.26961896	False
3290	3.156782030359863	0.32530490912096877	0.10304953145082528	LOC100996455	0.26961896	False
3291	3.156782030359863	0.32530490912096877	0.10304953145082528	SLC22A11	0.26961896	False
3292	3.156782030359863	0.32530490912096877	0.10304953145082528	SLC22A12	0.26961896	False
3293	3.156782030359863	0.32530490912096877	0.10304953145082528	NRXN2	0.26961896	False
3294	3.156782030359863	0.32530490912096877	0.10304953145082528	RASGRP2	0.26961896	False
3295	3.156782030359863	0.32530490912096877	0.10304953145082528	PYGM	0.26961896	False
3296	3.156782030359863	0.32530490912096877	0.10304953145082528	SF1	0.26961896	False
3297	3.156782030359863	0.32530490912096877	0.10304953145082528	MAP4K2	0.26961896	False
3298	3.156782030359863	0.32530490912096877	0.10304953145082528	MEN1	0.26961896	False
3299	3.156782030359863	0.32530490912096877	0.10304953145082528	CDC42BPG	0.26961896	False
3300	3.156782030359863	0.32530490912096877	0.10304953145082528	EHD1	0.26961896	False
3301	3.156782030359863	0.32530490912096877	0.10304953145082528	MIR194-2HG	0.26961896	False
3302	3.156782030359863	0.32530490912096877	0.10304953145082528	MIR192	0.26961896	False
3303	3.156782030359863	0.32530490912096877	0.10304953145082528	MIR194-2	0.26961896	False
3304	3.2386299308045374	0.3151479602348331	0.09730903714477324	ATG2A	0.26961893	False
3305	3.156782030359863	0.32530490912096877	0.10304953145082528	MIR6750	0.26961896	False
3306	3.2386299308045374	0.3151479602348331	0.09730903714477324	MIR6749	0.26961893	False
3307	3.2386299308045374	0.3151479602348331	0.09730903714477324	PPP2R5B	0.26961893	False
3308	3.2386299308045374	0.3151479602348331	0.09730903714477324	GPHA2	0.26961893	False
3309	3.2386299308045374	0.3151479602348331	0.09730903714477324	MAJIN	0.26961893	False
3310	3.2386299308045374	0.3151479602348331	0.09730903714477324	BATF2	0.26961893	False
3311	3.2386299308045374	0.3151479602348331	0.09730903714477324	ARL2	0.26961893	False
3312	3.2386299308045374	0.3151479602348331	0.09730903714477324	ARL2-SNX15	0.26961893	False
3313	3.2386299308045374	0.3151479602348331	0.09730903714477324	MIR6879	0.26961893	False
3314	3.2386299308045374	0.3151479602348331	0.09730903714477324	SNX15	0.26961893	False
3315	3.2386299308045374	0.3151479602348331	0.09730903714477324	SAC3D1	0.26961893	False
3316	3.2386299308045374	0.3151479602348331	0.09730903714477324	NAALADL1	0.26961893	False
3317	3.2386299308045374	0.3151479602348331	0.09730903714477324	CDCA5	0.26961893	False
3318	3.2386299308045374	0.3151479602348331	0.09730903714477324	ZFPL1	0.26961893	False
3319	3.2386299308045374	0.3151479602348331	0.09730903714477324	TMEM262	0.26961893	False
3320	3.2386299308045374	0.3151479602348331	0.09730903714477324	VPS51	0.26961893	False
3321	3.383224372333844	0.3958301803795826	0.11699790992772015	TM7SF2	0.26961973	False
3322	3.383224372333844	0.3958301803795826	0.11699790992772015	ZNHIT2	0.26961973	False
3323	3.383224372333844	0.3958301803795826	0.11699790992772015	FAU	0.26961973	False
3324	3.383224372333844	0.3958301803795826	0.11699790992772015	SYVN1	0.26961973	False
3325	3.383224372333844	0.3958301803795826	0.11699790992772015	MRPL49	0.26961973	False
3326	3.383224372333844	0.3958301803795826	0.11699790992772015	MIR6751	0.26961973	False
3327	3.383224372333844	0.3958301803795826	0.11699790992772015	SPDYC	0.26961973	False
3328	3.383224372333844	0.3958301803795826	0.11699790992772015	CAPN1	0.26961973	False
3329	3.383224372333844	0.3958301803795826	0.11699790992772015	POLA2	0.26961973	False
3330	3.383224372333844	0.3958301803795826	0.11699790992772015	CDC42EP2	0.26961973	False
3331	3.383224372333844	0.3958301803795826	0.11699790992772015	DPF2	0.26961973	False
3332	3.383224372333844	0.3958301803795826	0.11699790992772015	TIGD3	0.26961973	False
3333	3.383224372333844	0.3958301803795826	0.11699790992772015	SLC25A45	0.26961973	False
3334	3.383224372333844	0.3958301803795826	0.11699790992772015	FRMD8	0.26961973	False
3335	3.383224372333844	0.3958301803795826	0.11699790992772015	NEAT1	0.26961973	False
3336	3.383224372333844	0.3958301803795826	0.11699790992772015	MIR612	0.26961973	False
3337	3.383224372333844	0.3958301803795826	0.11699790992772015	MALAT1	0.26961973	False
3338	3.383224372333844	0.3958301803795826	0.11699790992772015	SCYL1	0.26961973	False
3339	3.383224372333844	0.3958301803795826	0.11699790992772015	LTBP3	0.26961973	False
3340	3.383224372333844	0.3958301803795826	0.11699790992772015	SSSCA1-AS1	0.26961973	False
3341	3.383224372333844	0.3958301803795826	0.11699790992772015	SSSCA1	0.26961973	False
3342	3.383224372333844	0.3958301803795826	0.11699790992772015	FAM89B	0.26961973	False
3343	3.383224372333844	0.3958301803795826	0.11699790992772015	EHBP1L1	0.26961973	False
3344	3.383224372333844	0.3958301803795826	0.11699790992772015	SIPA1	0.26961973	False
3345	3.383224372333844	0.3958301803795826	0.11699790992772015	KCNK7	0.26961973	False
3346	3.383224372333844	0.3958301803795826	0.11699790992772015	MAP3K11	0.26961973	False
3347	3.383224372333844	0.3958301803795826	0.11699790992772015	PCNX3	0.26961973	False
3348	3.383224372333844	0.3958301803795826	0.11699790992772015	MIR4690	0.26961973	False
3349	3.383224372333844	0.3958301803795826	0.11699790992772015	MIR4489	0.26961973	False
3350	3.383224372333844	0.3958301803795826	0.11699790992772015	RELA	0.26961973	False
3351	3.383224372333844	0.3958301803795826	0.11699790992772015	KAT5	0.26961973	False
3352	3.383224372333844	0.3958301803795826	0.11699790992772015	RNASEH2C	0.26961973	False
3353	3.383224372333844	0.3958301803795826	0.11699790992772015	AP5B1	0.26961973	False
3354	3.383224372333844	0.3958301803795826	0.11699790992772015	OVOL1	0.26961973	False
3355	3.383224372333844	0.3958301803795826	0.11699790992772015	OVOL1-AS1	0.26961973	False
3356	3.383224372333844	0.3958301803795826	0.11699790992772015	CFL1	0.26961973	False
3357	3.383224372333844	0.3958301803795826	0.11699790992772015	SNX32	0.26961973	False
3358	3.383224372333844	0.3958301803795826	0.11699790992772015	MUS81	0.26961973	False
3359	3.383224372333844	0.3958301803795826	0.11699790992772015	EFEMP2	0.26961973	False
3360	3.383224372333844	0.3958301803795826	0.11699790992772015	CTSW	0.26961973	False
3361	3.383224372333844	0.3958301803795826	0.11699790992772015	FIBP	0.26961973	False
3362	3.383224372333844	0.3958301803795826	0.11699790992772015	CCDC85B	0.26961973	False
3363	3.201249559456474	0.28703202372083597	0.08966249534433982	FOSL1	0.2696187	False
3364	3.201249559456474	0.28703202372083597	0.08966249534433982	C11orf68	0.2696187	False
3365	3.201249559456474	0.28703202372083597	0.08966249534433982	DRAP1	0.2696187	False
3366	3.201249559456474	0.28703202372083597	0.08966249534433982	TSGA10IP	0.2696187	False
3367	3.201249559456474	0.28703202372083597	0.08966249534433982	SART1	0.2696187	False
3368	3.201249559456474	0.28703202372083597	0.08966249534433982	EIF1AD	0.2696187	False
3369	3.201249559456474	0.28703202372083597	0.08966249534433982	BANF1	0.2696187	False
3370	3.201249559456474	0.28703202372083597	0.08966249534433982	CST6	0.2696187	False
3371	3.201249559456474	0.28703202372083597	0.08966249534433982	CATSPER1	0.2696187	False
3372	3.201249559456474	0.28703202372083597	0.08966249534433982	GAL3ST3	0.2696187	False
3373	3.201249559456474	0.28703202372083597	0.08966249534433982	SF3B2	0.2696187	False
3374	3.201249559456474	0.28703202372083597	0.08966249534433982	PACS1	0.2696187	False
3375	3.1963427802803555	0.30444761476885934	0.09524873760321659	KLC2	0.2696189	False
3376	3.1963427802803555	0.30444761476885934	0.09524873760321659	RAB1B	0.2696189	False
3377	3.1963427802803555	0.30444761476885934	0.09524873760321659	CNIH2	0.2696189	False
3378	3.1963427802803555	0.30444761476885934	0.09524873760321659	YIF1A	0.2696189	False
3379	3.1963427802803555	0.30444761476885934	0.09524873760321659	TMEM151A	0.2696189	False
3380	3.1963427802803555	0.30444761476885934	0.09524873760321659	CD248	0.2696189	False
3381	3.1963427802803555	0.30444761476885934	0.09524873760321659	RIN1	0.2696189	False
3382	3.1963427802803555	0.30444761476885934	0.09524873760321659	BRMS1	0.2696189	False
3383	3.1963427802803555	0.30444761476885934	0.09524873760321659	B4GAT1	0.2696189	False
3384	3.1963427802803555	0.30444761476885934	0.09524873760321659	SLC29A2	0.2696189	False
3385	3.1963427802803555	0.30444761476885934	0.09524873760321659	NPAS4	0.2696189	False
3386	3.1963427802803555	0.30444761476885934	0.09524873760321659	MRPL11	0.2696189	False
3387	3.1963427802803555	0.30444761476885934	0.09524873760321659	PELI3	0.2696189	False
3388	3.1963427802803555	0.30444761476885934	0.09524873760321659	LOC101928069	0.2696189	False
3389	3.1963427802803555	0.30444761476885934	0.09524873760321659	DPP3	0.2696189	False
3390	3.1963427802803555	0.30444761476885934	0.09524873760321659	BBS1	0.2696189	False
3391	3.1963427802803555	0.30444761476885934	0.09524873760321659	ZDHHC24	0.2696189	False
3392	3.1963427802803555	0.30444761476885934	0.09524873760321659	ACTN3	0.2696189	False
3393	3.1963427802803555	0.30444761476885934	0.09524873760321659	CTSF	0.2696189	False
3394	3.1963427802803555	0.30444761476885934	0.09524873760321659	CCDC87	0.2696189	False
3395	3.1963427802803555	0.30444761476885934	0.09524873760321659	CCS	0.2696189	False
3396	3.1963427802803555	0.30444761476885934	0.09524873760321659	RBM14	0.2696189	False
3397	3.1963427802803555	0.30444761476885934	0.09524873760321659	RBM14-RBM4	0.2696189	False
3398	3.1963427802803555	0.30444761476885934	0.09524873760321659	RBM4	0.2696189	False
3399	3.1963427802803555	0.30444761476885934	0.09524873760321659	RBM4B	0.2696189	False
3400	3.1963427802803555	0.30444761476885934	0.09524873760321659	SPTBN2	0.2696189	False
3401	3.1963427802803555	0.30444761476885934	0.09524873760321659	C11orf80	0.2696189	False
3402	3.1963427802803555	0.30444761476885934	0.09524873760321659	RCE1	0.2696189	False
3403	2.9594604396312088	0.20441506376688862	0.06907173383009022	PC	0.26961806	False
3404	3.1963427802803555	0.30444761476885934	0.09524873760321659	LRFN4	0.2696189	False
3405	2.9594604396312088	0.20441506376688862	0.06907173383009022	MIR3163	0.26961806	False
3406	2.9594604396312088	0.20441506376688862	0.06907173383009022	C11orf86	0.26961806	False
3407	2.9594604396312088	0.20441506376688862	0.06907173383009022	SYT12	0.26961806	False
3408	2.9594604396312088	0.20441506376688862	0.06907173383009022	RHOD	0.26961806	False
3409	2.8226053355302905	0.18439627863281977	0.06532839583050555	KDM2A	0.26961792	False
3410	2.8226053355302905	0.18439627863281977	0.06532839583050555	GRK2	0.26961792	False
3411	2.8226053355302905	0.18439627863281977	0.06532839583050555	ANKRD13D	0.26961792	False
3412	2.8226053355302905	0.18439627863281977	0.06532839583050555	SSH3	0.26961792	False
3413	2.8226053355302905	0.18439627863281977	0.06532839583050555	LOC100130987	0.26961792	False
3414	2.8226053355302905	0.18439627863281977	0.06532839583050555	POLD4	0.26961792	False
3415	2.8226053355302905	0.18439627863281977	0.06532839583050555	CLCF1	0.26961792	False
3416	2.8226053355302905	0.18439627863281977	0.06532839583050555	RAD9A	0.26961792	False
3417	2.8226053355302905	0.18439627863281977	0.06532839583050555	PPP1CA	0.26961792	False
3418	2.8226053355302905	0.18439627863281977	0.06532839583050555	TBC1D10C	0.26961792	False
3419	2.8226053355302905	0.18439627863281977	0.06532839583050555	CARNS1	0.26961792	False
3420	2.8226053355302905	0.18439627863281977	0.06532839583050555	RPS6KB2	0.26961792	False
3421	2.8226053355302905	0.18439627863281977	0.06532839583050555	PTPRCAP	0.26961792	False
3422	2.8226053355302905	0.18439627863281977	0.06532839583050555	CORO1B	0.26961792	False
3423	2.8226053355302905	0.18439627863281977	0.06532839583050555	GPR152	0.26961792	False
3424	2.8226053355302905	0.18439627863281977	0.06532839583050555	CABP4	0.26961792	False
3425	2.8226053355302905	0.18439627863281977	0.06532839583050555	TMEM134	0.26961792	False
3426	2.8226053355302905	0.18439627863281977	0.06532839583050555	AIP	0.26961792	False
3427	2.8226053355302905	0.18439627863281977	0.06532839583050555	MIR6752	0.26961792	False
3428	2.8226053355302905	0.18439627863281977	0.06532839583050555	PITPNM1	0.26961792	False
3429	2.8226053355302905	0.18439627863281977	0.06532839583050555	CDK2AP2	0.26961792	False
3430	2.8226053355302905	0.18439627863281977	0.06532839583050555	CABP2	0.26961792	False
3431	2.8226053355302905	0.18439627863281977	0.06532839583050555	GSTP1	0.26961792	False
3432	2.8226053355302905	0.18439627863281977	0.06532839583050555	C11orf72	0.26961792	False
3433	2.8226053355302905	0.18439627863281977	0.06532839583050555	NDUFV1	0.26961792	False
3434	2.8226053355302905	0.18439627863281977	0.06532839583050555	NUDT8	0.26961792	False
3435	2.8226053355302905	0.18439627863281977	0.06532839583050555	TBX10	0.26961792	False
3436	2.8226053355302905	0.18439627863281977	0.06532839583050555	ACY3	0.26961792	False
3437	2.8226053355302905	0.18439627863281977	0.06532839583050555	ALDH3B2	0.26961792	False
3438	2.8226053355302905	0.18439627863281977	0.06532839583050555	UNC93B1	0.26961792	False
3439	2.8226053355302905	0.18439627863281977	0.06532839583050555	ALDH3B1	0.26961792	False
3440	2.8226053355302905	0.18439627863281977	0.06532839583050555	NDUFS8	0.26961792	False
3441	2.8226053355302905	0.18439627863281977	0.06532839583050555	MIR7113	0.26961792	False
3442	2.8226053355302905	0.18439627863281977	0.06532839583050555	MIR4691	0.26961792	False
3443	2.8226053355302905	0.18439627863281977	0.06532839583050555	TCIRG1	0.26961792	False
3444	2.8226053355302905	0.18439627863281977	0.06532839583050555	MIR6753	0.26961792	False
3445	2.8226053355302905	0.18439627863281977	0.06532839583050555	CHKA	0.26961792	False
3446	2.9429007267699805	0.42408068952875233	0.1441029545003401	LOC100133315	0.2696193	False
3447	2.9429007267699805	0.42408068952875233	0.1441029545003401	RNF121	0.2696193	False
3448	2.9429007267699805	0.42408068952875233	0.1441029545003401	IL18BP	0.2696193	False
3449	2.9429007267699805	0.42408068952875233	0.1441029545003401	NUMA1	0.2696193	False
3450	2.9429007267699805	0.42408068952875233	0.1441029545003401	LOC100128494	0.2696193	False
3451	2.9429007267699805	0.42408068952875233	0.1441029545003401	MIR3165	0.2696193	False
3452	2.9429007267699805	0.42408068952875233	0.1441029545003401	LRTOMT	0.2696193	False
3453	2.9429007267699805	0.42408068952875233	0.1441029545003401	LAMTOR1	0.2696193	False
3454	2.9429007267699805	0.42408068952875233	0.1441029545003401	ANAPC15	0.2696193	False
3455	2.9429007267699805	0.42408068952875233	0.1441029545003401	FOLR3	0.2696193	False
3456	2.9429007267699805	0.42408068952875233	0.1441029545003401	FOLR1	0.2696193	False
3457	2.9429007267699805	0.42408068952875233	0.1441029545003401	FOLR2	0.2696193	False
3458	2.9429007267699805	0.42408068952875233	0.1441029545003401	INPPL1	0.2696193	False
3459	2.9429007267699805	0.42408068952875233	0.1441029545003401	PHOX2A	0.2696193	False
3460	2.9429007267699805	0.42408068952875233	0.1441029545003401	CLPB	0.2696193	False
3461	2.9429007267699805	0.42408068952875233	0.1441029545003401	LINC01537	0.2696193	False
3462	2.9429007267699805	0.42408068952875233	0.1441029545003401	PDE2A	0.2696193	False
3463	2.9429007267699805	0.42408068952875233	0.1441029545003401	MIR139	0.2696193	False
3464	2.9429007267699805	0.42408068952875233	0.1441029545003401	ARAP1	0.2696193	False
3465	2.9429007267699805	0.42408068952875233	0.1441029545003401	STARD10	0.2696193	False
3466	2.9429007267699805	0.42408068952875233	0.1441029545003401	MIR4692	0.2696193	False
3467	2.9429007267699805	0.42408068952875233	0.1441029545003401	ATG16L2	0.2696193	False
3468	2.756314475630383	0.31305707150719375	0.11357814003991545	FCHSD2	0.2696187	False
3469	2.756314475630383	0.31305707150719375	0.11357814003991545	P2RY2	0.2696187	False
3470	2.756314475630383	0.31305707150719375	0.11357814003991545	P2RY6	0.2696187	False
3471	2.756314475630383	0.31305707150719375	0.11357814003991545	ARHGEF17	0.2696187	False
3472	2.756314475630383	0.31305707150719375	0.11357814003991545	RELT	0.2696187	False
3473	2.756314475630383	0.31305707150719375	0.11357814003991545	FAM168A	0.2696187	False
3474	2.756314475630383	0.31305707150719375	0.11357814003991545	PLEKHB1	0.2696187	False
3475	2.756314475630383	0.31305707150719375	0.11357814003991545	RAB6A	0.2696187	False
3476	2.756314475630383	0.31305707150719375	0.11357814003991545	MRPL48	0.2696187	False
3477	2.756314475630383	0.31305707150719375	0.11357814003991545	COA4	0.2696187	False
3478	2.8447220883472513	0.38581700794434404	0.1356255535557426	CD9	0.2696192	False
3479	2.8447220883472513	0.38581700794434404	0.1356255535557426	PLEKHG6	0.2696192	False
3480	2.8447220883472513	0.38581700794434404	0.1356255535557426	TNFRSF1A	0.2696192	False
3481	2.8447220883472513	0.38581700794434404	0.1356255535557426	SCNN1A	0.2696192	False
3482	2.8447220883472513	0.38581700794434404	0.1356255535557426	LTBR	0.2696192	False
3483	2.8447220883472513	0.38581700794434404	0.1356255535557426	CD27-AS1	0.2696192	False
3484	2.8447220883472513	0.38581700794434404	0.1356255535557426	CD27	0.2696192	False
3485	2.8447220883472513	0.38581700794434404	0.1356255535557426	TAPBPL	0.2696192	False
3486	2.8447220883472513	0.38581700794434404	0.1356255535557426	VAMP1	0.2696192	False
3487	2.8447220883472513	0.38581700794434404	0.1356255535557426	MRPL51	0.2696192	False
3488	2.8447220883472513	0.38581700794434404	0.1356255535557426	NCAPD2	0.2696192	False
3489	2.8447220883472513	0.38581700794434404	0.1356255535557426	SCARNA10	0.2696192	False
3490	2.8447220883472513	0.38581700794434404	0.1356255535557426	GAPDH	0.2696192	False
3491	2.8447220883472513	0.38581700794434404	0.1356255535557426	IFFO1	0.2696192	False
3492	2.8447220883472513	0.38581700794434404	0.1356255535557426	NOP2	0.2696192	False
3493	2.8447220883472513	0.38581700794434404	0.1356255535557426	CHD4	0.2696192	False
3494	2.8447220883472513	0.38581700794434404	0.1356255535557426	SCARNA11	0.2696192	False
3495	2.8447220883472513	0.38581700794434404	0.1356255535557426	LPAR5	0.2696192	False
3496	2.8447220883472513	0.38581700794434404	0.1356255535557426	ACRBP	0.2696192	False
3497	2.8447220883472513	0.38581700794434404	0.1356255535557426	ING4	0.2696192	False
3498	2.8447220883472513	0.38581700794434404	0.1356255535557426	ZNF384	0.2696192	False
3499	2.8447220883472513	0.38581700794434404	0.1356255535557426	PIANP	0.2696192	False
3500	2.8447220883472513	0.38581700794434404	0.1356255535557426	COPS7A	0.2696192	False
3501	2.8447220883472513	0.38581700794434404	0.1356255535557426	MLF2	0.2696192	False
3502	2.8447220883472513	0.38581700794434404	0.1356255535557426	PTMS	0.2696192	False
3503	2.8447220883472513	0.38581700794434404	0.1356255535557426	LAG3	0.2696192	False
3504	2.8447220883472513	0.38581700794434404	0.1356255535557426	CD4	0.2696192	False
3505	2.8447220883472513	0.38581700794434404	0.1356255535557426	GPR162	0.2696192	False
3506	2.8447220883472513	0.38581700794434404	0.1356255535557426	P3H3	0.2696192	False
3507	2.8447220883472513	0.38581700794434404	0.1356255535557426	GNB3	0.2696192	False
3508	2.8447220883472513	0.38581700794434404	0.1356255535557426	CDCA3	0.2696192	False
3509	2.8447220883472513	0.38581700794434404	0.1356255535557426	USP5	0.2696192	False
3510	2.8447220883472513	0.38581700794434404	0.1356255535557426	TPI1	0.2696192	False
3511	2.8447220883472513	0.38581700794434404	0.1356255535557426	SPSB2	0.2696192	False
3512	2.8447220883472513	0.38581700794434404	0.1356255535557426	LOC105369632	0.2696192	False
3513	2.605769012749508	0.1526597440479405	0.05858529413044933	ACVRL1	0.26961777	False
3514	2.605769012749508	0.1526597440479405	0.05858529413044933	ACVR1B	0.26961777	False
3515	2.605769012749508	0.1526597440479405	0.05858529413044933	GRASP	0.26961777	False
3516	2.605769012749508	0.1526597440479405	0.05858529413044933	NR4A1	0.26961777	False
3517	2.605769012749508	0.1526597440479405	0.05858529413044933	ATG101	0.26961777	False
3518	2.605769012749508	0.1526597440479405	0.05858529413044933	OR7E47P	0.26961777	False
3519	2.7015601723981555	0.1865694877775066	0.06905990460019634	KRT8	0.26961794	False
3520	2.7015601723981555	0.1865694877775066	0.06905990460019634	KRT18	0.26961794	False
3521	2.7015601723981555	0.1865694877775066	0.06905990460019634	EIF4B	0.26961794	False
3522	2.7015601723981555	0.1865694877775066	0.06905990460019634	LOC283335	0.26961794	False
3523	2.7015601723981555	0.1865694877775066	0.06905990460019634	TNS2	0.26961794	False
3524	2.7015601723981555	0.1865694877775066	0.06905990460019634	MIR6757	0.26961794	False
3525	2.7015601723981555	0.1865694877775066	0.06905990460019634	SPRYD3	0.26961794	False
3526	2.7015601723981555	0.1865694877775066	0.06905990460019634	IGFBP6	0.26961794	False
3527	2.804697401608767	0.24806951930270024	0.08844787290080143	SOAT2	0.2696183	False
3528	2.804697401608767	0.24806951930270024	0.08844787290080143	CSAD	0.2696183	False
3529	2.804697401608767	0.24806951930270024	0.08844787290080143	ZNF740	0.2696183	False
3530	2.804697401608767	0.24806951930270024	0.08844787290080143	ITGB7	0.2696183	False
3531	2.804697401608767	0.24806951930270024	0.08844787290080143	RARG	0.2696183	False
3532	2.804697401608767	0.24806951930270024	0.08844787290080143	MFSD5	0.2696183	False
3533	2.804697401608767	0.24806951930270024	0.08844787290080143	ESPL1	0.2696183	False
3534	2.804697401608767	0.24806951930270024	0.08844787290080143	PFDN5	0.2696183	False
3535	2.804697401608767	0.24806951930270024	0.08844787290080143	C12orf10	0.2696183	False
3536	2.804697401608767	0.24806951930270024	0.08844787290080143	AAAS	0.2696183	False
3537	2.804697401608767	0.24806951930270024	0.08844787290080143	SP7	0.2696183	False
3538	2.804697401608767	0.24806951930270024	0.08844787290080143	SP1	0.2696183	False
3539	2.804697401608767	0.24806951930270024	0.08844787290080143	AMHR2	0.2696183	False
3540	2.804697401608767	0.24806951930270024	0.08844787290080143	PRR13	0.2696183	False
3541	2.804697401608767	0.24806951930270024	0.08844787290080143	PCBP2	0.2696183	False
3542	2.804697401608767	0.24806951930270024	0.08844787290080143	PCBP2-OT1	0.2696183	False
3543	2.804697401608767	0.24806951930270024	0.08844787290080143	MAP3K12	0.2696183	False
3544	2.804697401608767	0.24806951930270024	0.08844787290080143	TARBP2	0.2696183	False
3545	2.804697401608767	0.24806951930270024	0.08844787290080143	NPFF	0.2696183	False
3546	2.804697401608767	0.24806951930270024	0.08844787290080143	ATF7	0.2696183	False
3547	2.804697401608767	0.24806951930270024	0.08844787290080143	LOC100652999	0.2696183	False
3548	2.804697401608767	0.24806951930270024	0.08844787290080143	ATP5MC2	0.2696183	False
3549	2.804697401608767	0.24806951930270024	0.08844787290080143	CALCOCO1	0.2696183	False
3550	2.804697401608767	0.24806951930270024	0.08844787290080143	CISTR	0.2696183	False
3551	2.8475671065518435	0.2548699256442598	0.08950444927455464	HOXC13-AS	0.26961845	False
3552	2.8475671065518435	0.2548699256442598	0.08950444927455464	HOXC13	0.26961845	False
3553	2.8475671065518435	0.2548699256442598	0.08950444927455464	HOXC12	0.26961845	False
3554	2.8475671065518435	0.2548699256442598	0.08950444927455464	HOTAIR	0.26961845	False
3555	2.8475671065518435	0.2548699256442598	0.08950444927455464	HOXC11	0.26961845	False
3556	2.8475671065518435	0.2548699256442598	0.08950444927455464	HOXC-AS3	0.26961845	False
3557	2.8475671065518435	0.2548699256442598	0.08950444927455464	HOXC10	0.26961845	False
3558	2.8475671065518435	0.2548699256442598	0.08950444927455464	HOXC5	0.26961845	False
3559	2.8475671065518435	0.2548699256442598	0.08950444927455464	HOXC6	0.26961845	False
3560	2.8475671065518435	0.2548699256442598	0.08950444927455464	MIR196A2	0.26961845	False
3561	2.8475671065518435	0.2548699256442598	0.08950444927455464	HOXC9	0.26961845	False
3562	2.8475671065518435	0.2548699256442598	0.08950444927455464	HOXC-AS2	0.26961845	False
3563	2.8475671065518435	0.2548699256442598	0.08950444927455464	HOXC-AS1	0.26961845	False
3564	2.8475671065518435	0.2548699256442598	0.08950444927455464	HOXC8	0.26961845	False
3565	2.8475671065518435	0.2548699256442598	0.08950444927455464	HOXC4	0.26961845	False
3566	2.8475671065518435	0.2548699256442598	0.08950444927455464	MIR615	0.26961845	False
3567	2.8475671065518435	0.2548699256442598	0.08950444927455464	FLJ12825	0.26961845	False
3568	2.93447655277022	0.33867620990751107	0.11541281854434726	SMUG1	0.26961896	False
3569	2.93447655277022	0.33867620990751107	0.11541281854434726	LINC02381	0.26961896	False
3570	2.93447655277022	0.33867620990751107	0.11541281854434726	CBX5	0.26961896	False
3571	2.93447655277022	0.33867620990751107	0.11541281854434726	MIR3198-2	0.26961896	False
3572	2.93447655277022	0.33867620990751107	0.11541281854434726	HNRNPA1	0.26961896	False
3573	2.93447655277022	0.33867620990751107	0.11541281854434726	NFE2	0.26961896	False
3574	2.93447655277022	0.33867620990751107	0.11541281854434726	COPZ1	0.26961896	False
3575	2.93447655277022	0.33867620990751107	0.11541281854434726	MIR148B	0.26961896	False
3576	2.93447655277022	0.33867620990751107	0.11541281854434726	LOC102724050	0.26961896	False
3577	2.93447655277022	0.33867620990751107	0.11541281854434726	GPR84	0.26961896	False
3578	2.93447655277022	0.33867620990751107	0.11541281854434726	ZNF385A	0.26961896	False
3579	2.93447655277022	0.33867620990751107	0.11541281854434726	ITGA5	0.26961896	False
3580	2.93447655277022	0.33867620990751107	0.11541281854434726	GTSF1	0.26961896	False
3581	2.93447655277022	0.33867620990751107	0.11541281854434726	NCKAP1L	0.26961896	False
3582	2.93447655277022	0.33867620990751107	0.11541281854434726	PDE1B	0.26961896	False
3583	2.93447655277022	0.33867620990751107	0.11541281854434726	PPP1R1A	0.26961896	False
3584	2.93447655277022	0.33867620990751107	0.11541281854434726	LACRT	0.26961896	False
3585	2.93447655277022	0.33867620990751107	0.11541281854434726	DCD	0.26961896	False
3586	2.93447655277022	0.33867620990751107	0.11541281854434726	MUCL1	0.26961896	False
3587	3.086208099466962	0.3470791319923441	0.11246135088955611	TESPA1	0.2696191	False
3588	3.086208099466962	0.3470791319923441	0.11246135088955611	NEUROD4	0.2696191	False
3589	3.2520179276522008	0.48284041137285705	0.14847409273707307	OR9K2	0.26962015	False
3590	3.2520179276522008	0.48284041137285705	0.14847409273707307	OR10A7	0.26962015	False
3591	3.2520179276522008	0.48284041137285705	0.14847409273707307	OR6C74	0.26962015	False
3592	3.2520179276522008	0.48284041137285705	0.14847409273707307	OR6C6	0.26962015	False
3593	3.2520179276522008	0.48284041137285705	0.14847409273707307	OR6C1	0.26962015	False
3594	3.2520179276522008	0.48284041137285705	0.14847409273707307	OR6C3	0.26962015	False
3595	3.2520179276522008	0.48284041137285705	0.14847409273707307	OR6C75	0.26962015	False
3596	3.2520179276522008	0.48284041137285705	0.14847409273707307	OR6C65	0.26962015	False
3597	3.2520179276522008	0.48284041137285705	0.14847409273707307	OR6C76	0.26962015	False
3598	3.2520179276522008	0.48284041137285705	0.14847409273707307	OR6C2	0.26962015	False
3599	3.2520179276522008	0.48284041137285705	0.14847409273707307	OR6C70	0.26962015	False
3600	3.2520179276522008	0.48284041137285705	0.14847409273707307	OR6C68	0.26962015	False
3601	3.2520179276522008	0.48284041137285705	0.14847409273707307	OR6C4	0.26962015	False
3602	3.2520179276522008	0.48284041137285705	0.14847409273707307	OR2AP1	0.26962015	False
3603	3.2520179276522008	0.48284041137285705	0.14847409273707307	OR10P1	0.26962015	False
3604	3.2520179276522008	0.48284041137285705	0.14847409273707307	METTL7B	0.26962015	False
3605	3.2520179276522008	0.48284041137285705	0.14847409273707307	ITGA7	0.26962015	False
3606	3.2520179276522008	0.48284041137285705	0.14847409273707307	BLOC1S1-RDH5	0.26962015	False
3607	3.2520179276522008	0.48284041137285705	0.14847409273707307	BLOC1S1	0.26962015	False
3608	3.2520179276522008	0.48284041137285705	0.14847409273707307	RDH5	0.26962015	False
3609	3.2520179276522008	0.48284041137285705	0.14847409273707307	CD63	0.26962015	False
3610	3.2520179276522008	0.48284041137285705	0.14847409273707307	GDF11	0.26962015	False
3611	3.2520179276522008	0.48284041137285705	0.14847409273707307	SARNP	0.26962015	False
3612	3.2520179276522008	0.48284041137285705	0.14847409273707307	DNAJC14	0.26962015	False
3613	3.2520179276522008	0.48284041137285705	0.14847409273707307	ORMDL2	0.26962015	False
3614	3.2520179276522008	0.48284041137285705	0.14847409273707307	MMP19	0.26962015	False
3615	3.270276891686959	0.44503176800336297	0.13608381881504694	PYM1	0.2696199	False
3616	3.270276891686959	0.44503176800336297	0.13608381881504694	DGKA	0.2696199	False
3617	3.270276891686959	0.44503176800336297	0.13608381881504694	PMEL	0.2696199	False
3618	3.270276891686959	0.44503176800336297	0.13608381881504694	CDK2	0.2696199	False
3619	3.270276891686959	0.44503176800336297	0.13608381881504694	RAB5B	0.2696199	False
3620	3.270276891686959	0.44503176800336297	0.13608381881504694	SUOX	0.2696199	False
3621	3.270276891686959	0.44503176800336297	0.13608381881504694	IKZF4	0.2696199	False
3622	3.270276891686959	0.44503176800336297	0.13608381881504694	RPS26	0.2696199	False
3623	3.270276891686959	0.44503176800336297	0.13608381881504694	ERBB3	0.2696199	False
3624	3.3446253524613176	0.5101770628990088	0.1525363857340758	PA2G4	0.26962048	False
3625	3.3446253524613176	0.5101770628990088	0.1525363857340758	RPL41	0.26962048	False
3626	3.3446253524613176	0.5101770628990088	0.1525363857340758	ZC3H10	0.26962048	False
3627	3.3446253524613176	0.5101770628990088	0.1525363857340758	ESYT1	0.26962048	False
3628	3.3446253524613176	0.5101770628990088	0.1525363857340758	MYL6B	0.26962048	False
3629	3.3446253524613176	0.5101770628990088	0.1525363857340758	MYL6	0.26962048	False
3630	3.3446253524613176	0.5101770628990088	0.1525363857340758	SMARCC2	0.26962048	False
3631	3.3446253524613176	0.5101770628990088	0.1525363857340758	RNF41	0.26962048	False
3632	3.3446253524613176	0.5101770628990088	0.1525363857340758	NABP2	0.26962048	False
3633	3.3446253524613176	0.5101770628990088	0.1525363857340758	SLC39A5	0.26962048	False
3634	3.3446253524613176	0.5101770628990088	0.1525363857340758	ANKRD52	0.26962048	False
3635	3.3446253524613176	0.5101770628990088	0.1525363857340758	COQ10A	0.26962048	False
3636	3.3446253524613176	0.5101770628990088	0.1525363857340758	CS	0.26962048	False
3637	3.3446253524613176	0.5101770628990088	0.1525363857340758	CNPY2	0.26962048	False
3638	3.3446253524613176	0.5101770628990088	0.1525363857340758	PAN2	0.26962048	False
3639	3.3446253524613176	0.5101770628990088	0.1525363857340758	IL23A	0.26962048	False
3640	3.3446253524613176	0.5101770628990088	0.1525363857340758	STAT2	0.26962048	False
3641	3.3446253524613176	0.5101770628990088	0.1525363857340758	APOF	0.26962048	False
3642	3.3446253524613176	0.5101770628990088	0.1525363857340758	TIMELESS	0.26962048	False
3643	3.3446253524613176	0.5101770628990088	0.1525363857340758	MIP	0.26962048	False
3644	3.3446253524613176	0.5101770628990088	0.1525363857340758	SPRYD4	0.26962048	False
3645	3.3446253524613176	0.5101770628990088	0.1525363857340758	GLS2	0.26962048	False
3646	3.3446253524613176	0.5101770628990088	0.1525363857340758	RBMS2	0.26962048	False
3647	3.3446253524613176	0.5101770628990088	0.1525363857340758	BAZ2A	0.26962048	False
3648	3.3446253524613176	0.5101770628990088	0.1525363857340758	ATP5F1B	0.26962048	False
3649	3.3446253524613176	0.5101770628990088	0.1525363857340758	SNORD59A	0.26962048	False
3650	3.3446253524613176	0.5101770628990088	0.1525363857340758	PTGES3	0.26962048	False
3651	3.3446253524613176	0.5101770628990088	0.1525363857340758	NACA	0.26962048	False
3652	3.3446253524613176	0.5101770628990088	0.1525363857340758	PRIM1	0.26962048	False
3653	3.3446253524613176	0.5101770628990088	0.1525363857340758	HSD17B6	0.26962048	False
3654	3.258927899710277	0.472137298367428	0.14487503648344036	SDR9C7	0.26962	False
3655	3.258927899710277	0.472137298367428	0.14487503648344036	RDH16	0.26962	False
3656	3.258927899710277	0.472137298367428	0.14487503648344036	GPR182	0.26962	False
3657	3.258927899710277	0.472137298367428	0.14487503648344036	ZBTB39	0.26962	False
3658	3.258927899710277	0.472137298367428	0.14487503648344036	TAC3	0.26962	False
3659	3.258927899710277	0.472137298367428	0.14487503648344036	MYO1A	0.26962	False
3660	3.258927899710277	0.472137298367428	0.14487503648344036	NEMP1	0.26962	False
3661	3.258927899710277	0.472137298367428	0.14487503648344036	NAB2	0.26962	False
3662	3.258927899710277	0.472137298367428	0.14487503648344036	STAT6	0.26962	False
3663	3.3444483405382948	0.5382609083585423	0.1609416123532972	LRP1	0.26962054	False
3664	3.3444483405382948	0.5382609083585423	0.1609416123532972	LRP1-AS	0.26962054	False
3665	3.3444483405382948	0.5382609083585423	0.1609416123532972	MIR1228	0.26962054	False
3666	3.3444483405382948	0.5382609083585423	0.1609416123532972	NXPH4	0.26962054	False
3667	3.3444483405382948	0.5382609083585423	0.1609416123532972	SHMT2	0.26962054	False
3668	3.3444483405382948	0.5382609083585423	0.1609416123532972	NDUFA4L2	0.26962054	False
3669	3.3444483405382948	0.5382609083585423	0.1609416123532972	STAC3	0.26962054	False
3670	3.3444483405382948	0.5382609083585423	0.1609416123532972	R3HDM2	0.26962054	False
3671	3.3444483405382948	0.5382609083585423	0.1609416123532972	INHBC	0.26962054	False
3672	3.3444483405382948	0.5382609083585423	0.1609416123532972	INHBE	0.26962054	False
3673	3.3444483405382948	0.5382609083585423	0.1609416123532972	GLI1	0.26962054	False
3674	3.3444483405382948	0.5382609083585423	0.1609416123532972	ARHGAP9	0.26962054	False
3675	3.3444483405382948	0.5382609083585423	0.1609416123532972	MARS	0.26962054	False
3676	3.3444483405382948	0.5382609083585423	0.1609416123532972	MIR6758	0.26962054	False
3677	3.3444483405382948	0.5382609083585423	0.1609416123532972	DDIT3	0.26962054	False
3678	3.3444483405382948	0.5382609083585423	0.1609416123532972	MIR616	0.26962054	False
3679	3.3444483405382948	0.5382609083585423	0.1609416123532972	MBD6	0.26962054	False
3680	3.3444483405382948	0.5382609083585423	0.1609416123532972	DCTN2	0.26962054	False
3681	3.3444483405382948	0.5382609083585423	0.1609416123532972	KIF5A	0.26962054	False
3682	3.3444483405382948	0.5382609083585423	0.1609416123532972	PIP4K2C	0.26962054	False
3683	3.3444483405382948	0.5382609083585423	0.1609416123532972	DTX3	0.26962054	False
3684	3.3444483405382948	0.5382609083585423	0.1609416123532972	ARHGEF25	0.26962054	False
3685	3.3444483405382948	0.5382609083585423	0.1609416123532972	SLC26A10	0.26962054	False
3686	3.3444483405382948	0.5382609083585423	0.1609416123532972	B4GALNT1	0.26962054	False
3687	3.3444483405382948	0.5382609083585423	0.1609416123532972	OS9	0.26962054	False
3688	3.3444483405382948	0.5382609083585423	0.1609416123532972	AGAP2	0.26962054	False
3689	3.3444483405382948	0.5382609083585423	0.1609416123532972	AGAP2-AS1	0.26962054	False
3690	3.3444483405382948	0.5382609083585423	0.1609416123532972	TSPAN31	0.26962054	False
3691	3.3444483405382948	0.5382609083585423	0.1609416123532972	CDK4	0.26962054	False
3692	3.3444483405382948	0.5382609083585423	0.1609416123532972	MARCH9	0.26962054	False
3693	3.3444483405382948	0.5382609083585423	0.1609416123532972	CYP27B1	0.26962054	False
3694	3.3444483405382948	0.5382609083585423	0.1609416123532972	METTL1	0.26962054	False
3695	3.3444483405382948	0.5382609083585423	0.1609416123532972	EEF1AKMT3	0.26962054	False
3696	3.3444483405382948	0.5382609083585423	0.1609416123532972	TSFM	0.26962054	False
3697	3.3444483405382948	0.5382609083585423	0.1609416123532972	AVIL	0.26962054	False
3698	3.3444483405382948	0.5382609083585423	0.1609416123532972	CTDSP2	0.26962054	False
3699	3.3444483405382948	0.5382609083585423	0.1609416123532972	MIR26A2	0.26962054	False
3700	3.00017045060492	0.36990889436442265	0.12329595949784736	GIHCG	0.26961896	False
3701	3.00017045060492	0.36990889436442265	0.12329595949784736	ATP23	0.26961896	False
3702	3.00017045060492	0.36990889436442265	0.12329595949784736	LINC02403	0.26961896	False
3703	2.8321000649533805	0.36371117322629093	0.12842454888057708	LOC100506869	0.26961896	False
3704	2.8321000649533805	0.36371117322629093	0.12842454888057708	LINC02388	0.26961896	False
3705	2.9587023648736843	0.7363252577441466	0.24886763416487906	TMTC3	0.26962072	False
3706	2.9587023648736843	0.7363252577441466	0.24886763416487906	KITLG	0.26962072	False
3707	2.9432358330230675	0.679811250461338	0.2309741009652929	LINC02458	0.26962045	False
3708	3.120383355769732	0.9117657951077129	0.2921967242972939	DUSP6	0.2696221	False
3709	3.120383355769732	0.9117657951077129	0.2921967242972939	POC1B	0.2696221	False
3710	3.120383355769732	0.9117657951077129	0.2921967242972939	GALNT4	0.2696221	False
3711	3.120383355769732	0.9117657951077129	0.2921967242972939	POC1B-GALNT4	0.2696221	False
3712	3.120383355769732	0.9117657951077129	0.2921967242972939	ATP2B1	0.2696221	False
3713	3.120383355769732	0.9117657951077129	0.2921967242972939	ATP2B1-AS1	0.2696221	False
3714	2.999027183539008	0.7312875306773519	0.24384158126049213	LINC02399	0.2696211	False
3715	2.980106120104834	0.7595961713339554	0.25488896727853244	LINC02392	0.26962116	False
3716	2.872344979752582	0.6104403161083599	0.21252332864311513	ITM2B	0.2696203	False
3717	2.872344979752582	0.6104403161083599	0.21252332864311513	RB1-DT	0.2696203	False
3718	2.872344979752582	0.6104403161083599	0.21252332864311513	RB1	0.2696203	False
3719	2.872344979752582	0.6104403161083599	0.21252332864311513	LPAR6	0.2696203	False
3720	2.872344979752582	0.6104403161083599	0.21252332864311513	RCBTB2	0.2696203	False
3721	2.872344979752582	0.6104403161083599	0.21252332864311513	LINC00462	0.2696203	False
3722	2.872344979752582	0.6104403161083599	0.21252332864311513	CYSLTR2	0.2696203	False
3723	2.8202515031346795	0.5060462146989325	0.17943300948034865	FNDC3A	0.26961982	False
3724	2.897202487790039	0.558102561109046	0.19263498614995384	MLNR	0.26962015	False
3725	2.897202487790039	0.558102561109046	0.19263498614995384	CDADC1	0.26962015	False
3726	2.897202487790039	0.558102561109046	0.19263498614995384	CAB39L	0.26962015	False
3727	2.897202487790039	0.558102561109046	0.19263498614995384	SETDB2	0.26962015	False
3728	2.897202487790039	0.558102561109046	0.19263498614995384	SETDB2-PHF11	0.26962015	False
3729	2.897202487790039	0.558102561109046	0.19263498614995384	PHF11	0.26962015	False
3730	2.897202487790039	0.558102561109046	0.19263498614995384	RCBTB1	0.26962015	False
3731	2.897202487790039	0.558102561109046	0.19263498614995384	ARL11	0.26962015	False
3732	2.897202487790039	0.558102561109046	0.19263498614995384	EBPL	0.26962015	False
3733	2.897202487790039	0.558102561109046	0.19263498614995384	KPNA3	0.26962015	False
3734	2.7764470330402773	0.43283872506246646	0.15589662612381894	SPRYD7	0.2696194	False
3735	2.7764470330402773	0.43283872506246646	0.15589662612381894	DLEU2	0.2696194	False
3736	2.7764470330402773	0.43283872506246646	0.15589662612381894	TRIM13	0.2696194	False
3737	2.7764470330402773	0.43283872506246646	0.15589662612381894	MIR3613	0.2696194	False
3738	2.7764470330402773	0.43283872506246646	0.15589662612381894	KCNRG	0.2696194	False
3739	2.7764470330402773	0.43283872506246646	0.15589662612381894	MIR16-1	0.2696194	False
3740	2.7764470330402773	0.43283872506246646	0.15589662612381894	MIR15A	0.2696194	False
3741	2.7764470330402773	0.43283872506246646	0.15589662612381894	DLEU1	0.2696194	False
3742	2.8076693325072855	0.4623391609792272	0.16467008975246822	DLEU1-AS1	0.26961946	False
3743	2.8076693325072855	0.4623391609792272	0.16467008975246822	DLEU7	0.26961946	False
3744	2.8076693325072855	0.4623391609792272	0.16467008975246822	DLEU7-AS1	0.26961946	False
3745	3.057151297812756	0.6412871547384077	0.20976624715865966	OR4K5	0.2696206	False
3746	3.057151297812756	0.6412871547384077	0.20976624715865966	OR4K1	0.2696206	False
3747	3.057151297812756	0.6412871547384077	0.20976624715865966	OR4K15	0.2696206	False
3748	3.057151297812756	0.6412871547384077	0.20976624715865966	OR4K14	0.2696206	False
3749	3.057151297812756	0.6412871547384077	0.20976624715865966	OR4K13	0.2696206	False
3750	3.057151297812756	0.6412871547384077	0.20976624715865966	OR4L1	0.2696206	False
3751	3.057151297812756	0.6412871547384077	0.20976624715865966	OR4K17	0.2696206	False
3752	3.057151297812756	0.6412871547384077	0.20976624715865966	OR4N5	0.2696206	False
3753	3.057151297812756	0.6412871547384077	0.20976624715865966	OR11G2	0.2696206	False
3754	3.057151297812756	0.6412871547384077	0.20976624715865966	OR11H6	0.2696206	False
3755	3.057151297812756	0.6412871547384077	0.20976624715865966	OR11H4	0.2696206	False
3756	3.057151297812756	0.6412871547384077	0.20976624715865966	TTC5	0.2696206	False
3757	3.057151297812756	0.6412871547384077	0.20976624715865966	CCNB1IP1	0.2696206	False
3758	3.057151297812756	0.6412871547384077	0.20976624715865966	SNORD126	0.2696206	False
3759	3.057151297812756	0.6412871547384077	0.20976624715865966	RPPH1	0.2696206	False
3760	3.057151297812756	0.6412871547384077	0.20976624715865966	PARP2	0.2696206	False
3761	3.057151297812756	0.6412871547384077	0.20976624715865966	TEP1	0.2696206	False
3762	3.057151297812756	0.6412871547384077	0.20976624715865966	KLHL33	0.2696206	False
3763	3.057151297812756	0.6412871547384077	0.20976624715865966	OSGEP	0.2696206	False
3764	3.057151297812756	0.6412871547384077	0.20976624715865966	APEX1	0.2696206	False
3765	3.057151297812756	0.6412871547384077	0.20976624715865966	PIP4P1	0.2696206	False
3766	3.057151297812756	0.6412871547384077	0.20976624715865966	PNP	0.2696206	False
3767	3.057151297812756	0.6412871547384077	0.20976624715865966	RNASE10	0.2696206	False
3768	3.057151297812756	0.6412871547384077	0.20976624715865966	RNASE9	0.2696206	False
3769	3.057151297812756	0.6412871547384077	0.20976624715865966	RNASE11	0.2696206	False
3770	3.057151297812756	0.6412871547384077	0.20976624715865966	LOC254028	0.2696206	False
3771	3.057151297812756	0.6412871547384077	0.20976624715865966	RNASE12	0.2696206	False
3772	3.057151297812756	0.6412871547384077	0.20976624715865966	OR6S1	0.2696206	False
3773	3.057151297812756	0.6412871547384077	0.20976624715865966	RNASE4	0.2696206	False
3774	3.057151297812756	0.6412871547384077	0.20976624715865966	ANG	0.2696206	False
3775	3.057151297812756	0.6412871547384077	0.20976624715865966	EDDM3A	0.2696206	False
3776	3.057151297812756	0.6412871547384077	0.20976624715865966	EDDM3B	0.2696206	False
3777	3.057151297812756	0.6412871547384077	0.20976624715865966	RNASE6	0.2696206	False
3778	3.057151297812756	0.6412871547384077	0.20976624715865966	RNASE1	0.2696206	False
3779	3.057151297812756	0.6412871547384077	0.20976624715865966	RNASE3	0.2696206	False
3780	3.130795203040295	0.5083879491965555	0.16238301013840295	ECRP	0.26961988	False
3781	3.130795203040295	0.5083879491965555	0.16238301013840295	RNASE2	0.26961988	False
3782	3.130795203040295	0.5083879491965555	0.16238301013840295	METTL17	0.26961988	False
3783	3.130795203040295	0.5083879491965555	0.16238301013840295	LOC101929718	0.26961988	False
3784	3.130795203040295	0.5083879491965555	0.16238301013840295	SLC39A2	0.26961988	False
3785	3.130795203040295	0.5083879491965555	0.16238301013840295	NDRG2	0.26961988	False
3786	3.130795203040295	0.5083879491965555	0.16238301013840295	MIR6717	0.26961988	False
3787	3.130795203040295	0.5083879491965555	0.16238301013840295	TPPP2	0.26961988	False
3788	3.130795203040295	0.5083879491965555	0.16238301013840295	RNASE13	0.26961988	False
3789	3.130795203040295	0.5083879491965555	0.16238301013840295	RNASE7	0.26961988	False
3790	3.130795203040295	0.5083879491965555	0.16238301013840295	RNASE8	0.26961988	False
3791	3.130795203040295	0.5083879491965555	0.16238301013840295	ARHGEF40	0.26961988	False
3792	3.130795203040295	0.5083879491965555	0.16238301013840295	ZNF219	0.26961988	False
3793	3.130795203040295	0.5083879491965555	0.16238301013840295	TMEM253	0.26961988	False
3794	3.130795203040295	0.5083879491965555	0.16238301013840295	OR5AU1	0.26961988	False
3795	3.130795203040295	0.5083879491965555	0.16238301013840295	LINC00641	0.26961988	False
3796	3.130795203040295	0.5083879491965555	0.16238301013840295	HNRNPC	0.26961988	False
3797	3.130795203040295	0.5083879491965555	0.16238301013840295	RPGRIP1	0.26961988	False
3798	3.130795203040295	0.5083879491965555	0.16238301013840295	SUPT16H	0.26961988	False
3799	3.130795203040295	0.5083879491965555	0.16238301013840295	CHD8	0.26961988	False
3800	3.130795203040295	0.5083879491965555	0.16238301013840295	SNORD9	0.26961988	False
3801	3.130795203040295	0.5083879491965555	0.16238301013840295	SNORD8	0.26961988	False
3802	3.130795203040295	0.5083879491965555	0.16238301013840295	RAB2B	0.26961988	False
3803	3.130795203040295	0.5083879491965555	0.16238301013840295	TOX4	0.26961988	False
3804	3.130795203040295	0.5083879491965555	0.16238301013840295	METTL3	0.26961988	False
3805	3.130795203040295	0.5083879491965555	0.16238301013840295	SALL2	0.26961988	False
3806	3.130795203040295	0.5083879491965555	0.16238301013840295	OR10G3	0.26961988	False
3807	3.130795203040295	0.5083879491965555	0.16238301013840295	OR10G2	0.26961988	False
3808	3.130795203040295	0.5083879491965555	0.16238301013840295	OR4E2	0.26961988	False
3809	3.266439141511168	0.45165613195815685	0.13827171191354418	DAD1	0.2696198	False
3810	3.266439141511168	0.45165613195815685	0.13827171191354418	ABHD4	0.2696198	False
3811	3.266439141511168	0.45165613195815685	0.13827171191354418	OXA1L	0.2696198	False
3812	3.266439141511168	0.45165613195815685	0.13827171191354418	SLC7A7	0.2696198	False
3813	3.266439141511168	0.45165613195815685	0.13827171191354418	MRPL52	0.2696198	False
3814	3.266439141511168	0.45165613195815685	0.13827171191354418	MMP14	0.2696198	False
3815	3.266439141511168	0.45165613195815685	0.13827171191354418	LRP10	0.2696198	False
3816	3.266439141511168	0.45165613195815685	0.13827171191354418	REM2	0.2696198	False
3817	3.2867622329333877	0.4236583664609668	0.12889839192379238	RBM23	0.26961973	False
3818	3.2867622329333877	0.4236583664609668	0.12889839192379238	PRMT5-AS1	0.26961973	False
3819	3.2867622329333877	0.4236583664609668	0.12889839192379238	PRMT5	0.26961973	False
3820	3.2867622329333877	0.4236583664609668	0.12889839192379238	LOC101926933	0.26961973	False
3821	3.2867622329333877	0.4236583664609668	0.12889839192379238	HAUS4	0.26961973	False
3822	3.2867622329333877	0.4236583664609668	0.12889839192379238	MIR4707	0.26961973	False
3823	3.2867622329333877	0.4236583664609668	0.12889839192379238	AJUBA	0.26961973	False
3824	3.2867622329333877	0.4236583664609668	0.12889839192379238	C14orf93	0.26961973	False
3825	3.2867622329333877	0.4236583664609668	0.12889839192379238	PSMB5	0.26961973	False
3826	3.2867622329333877	0.4236583664609668	0.12889839192379238	PSMB11	0.26961973	False
3827	3.2867622329333877	0.4236583664609668	0.12889839192379238	CDH24	0.26961973	False
3828	3.2867622329333877	0.4236583664609668	0.12889839192379238	ACIN1	0.26961973	False
3829	3.2867622329333877	0.4236583664609668	0.12889839192379238	C14orf119	0.26961973	False
3830	3.4064329401581905	0.4725234832013975	0.13871504048438837	CEBPE	0.2696202	False
3831	3.4064329401581905	0.4725234832013975	0.13871504048438837	SLC7A8	0.2696202	False
3832	3.4064329401581905	0.4725234832013975	0.13871504048438837	RNF212B	0.2696202	False
3833	3.4064329401581905	0.4725234832013975	0.13871504048438837	HOMEZ	0.2696202	False
3834	3.4064329401581905	0.4725234832013975	0.13871504048438837	PPP1R3E	0.2696202	False
3835	3.4064329401581905	0.4725234832013975	0.13871504048438837	BCL2L2-PABPN1	0.2696202	False
3836	3.4064329401581905	0.4725234832013975	0.13871504048438837	BCL2L2	0.2696202	False
3837	3.4064329401581905	0.4725234832013975	0.13871504048438837	PABPN1	0.2696202	False
3838	3.4064329401581905	0.4725234832013975	0.13871504048438837	SLC22A17	0.2696202	False
3839	3.4064329401581905	0.4725234832013975	0.13871504048438837	EFS	0.2696202	False
3840	3.4064329401581905	0.4725234832013975	0.13871504048438837	IL25	0.2696202	False
3841	3.4064329401581905	0.4725234832013975	0.13871504048438837	CMTM5	0.2696202	False
3842	3.4064329401581905	0.4725234832013975	0.13871504048438837	MYH6	0.2696202	False
3843	3.4064329401581905	0.4725234832013975	0.13871504048438837	MIR208A	0.2696202	False
3844	3.4064329401581905	0.4725234832013975	0.13871504048438837	MYH7	0.2696202	False
3845	3.4064329401581905	0.4725234832013975	0.13871504048438837	MIR208B	0.2696202	False
3846	3.4064329401581905	0.4725234832013975	0.13871504048438837	NGDN	0.2696202	False
3847	3.4064329401581905	0.4725234832013975	0.13871504048438837	THTPA	0.2696202	False
3848	3.4064329401581905	0.4725234832013975	0.13871504048438837	ZFHX2	0.2696202	False
3849	3.4064329401581905	0.4725234832013975	0.13871504048438837	AP1G2	0.2696202	False
3850	3.4064329401581905	0.4725234832013975	0.13871504048438837	LOC102724814	0.2696202	False
3851	3.4064329401581905	0.4725234832013975	0.13871504048438837	JPH4	0.2696202	False
3852	3.4064329401581905	0.4725234832013975	0.13871504048438837	DHRS2	0.2696202	False
3853	3.336001763596519	0.46667207920519155	0.1398896380384631	DHRS4-AS1	0.26962006	False
3854	3.336001763596519	0.46667207920519155	0.1398896380384631	DHRS4	0.26962006	False
3855	3.336001763596519	0.46667207920519155	0.1398896380384631	DHRS4L2	0.26962006	False
3856	3.336001763596519	0.46667207920519155	0.1398896380384631	CARMIL3	0.26962006	False
3857	3.336001763596519	0.46667207920519155	0.1398896380384631	CPNE6	0.26962006	False
3858	3.336001763596519	0.46667207920519155	0.1398896380384631	NRL	0.26962006	False
3859	3.336001763596519	0.46667207920519155	0.1398896380384631	PCK2	0.26962006	False
3860	3.3895301618814515	0.5598251158576516	0.1651630429944029	DCAF11	0.2696207	False
3861	3.3895301618814515	0.5598251158576516	0.1651630429944029	FITM1	0.2696207	False
3862	3.3895301618814515	0.5598251158576516	0.1651630429944029	PSME1	0.2696207	False
3863	3.3895301618814515	0.5598251158576516	0.1651630429944029	EMC9	0.2696207	False
3864	3.3895301618814515	0.5598251158576516	0.1651630429944029	PSME2	0.2696207	False
3865	3.3895301618814515	0.5598251158576516	0.1651630429944029	MIR7703	0.2696207	False
3866	3.3895301618814515	0.5598251158576516	0.1651630429944029	RNF31	0.2696207	False
3867	3.3895301618814515	0.5598251158576516	0.1651630429944029	IRF9	0.2696207	False
3868	3.3895301618814515	0.5598251158576516	0.1651630429944029	REC8	0.2696207	False
3869	3.3895301618814515	0.5598251158576516	0.1651630429944029	IPO4	0.2696207	False
3870	3.3895301618814515	0.5598251158576516	0.1651630429944029	TM9SF1	0.2696207	False
3871	3.3895301618814515	0.5598251158576516	0.1651630429944029	TSSK4	0.2696207	False
3872	3.3895301618814515	0.5598251158576516	0.1651630429944029	CHMP4A	0.2696207	False
3873	3.3895301618814515	0.5598251158576516	0.1651630429944029	MDP1	0.2696207	False
3874	3.3895301618814515	0.5598251158576516	0.1651630429944029	NEDD8-MDP1	0.2696207	False
3875	3.3895301618814515	0.5598251158576516	0.1651630429944029	NEDD8	0.2696207	False
3876	3.3895301618814515	0.5598251158576516	0.1651630429944029	GMPR2	0.2696207	False
3877	3.3895301618814515	0.5598251158576516	0.1651630429944029	TINF2	0.2696207	False
3878	3.3895301618814515	0.5598251158576516	0.1651630429944029	TGM1	0.2696207	False
3879	3.3895301618814515	0.5598251158576516	0.1651630429944029	RABGGTA	0.2696207	False
3880	3.3895301618814515	0.5598251158576516	0.1651630429944029	DHRS1	0.2696207	False
3881	3.3895301618814515	0.5598251158576516	0.1651630429944029	NOP9	0.2696207	False
3882	3.3895301618814515	0.5598251158576516	0.1651630429944029	CIDEB	0.2696207	False
3883	3.3895301618814515	0.5598251158576516	0.1651630429944029	LTB4R2	0.2696207	False
3884	3.3895301618814515	0.5598251158576516	0.1651630429944029	LTB4R	0.2696207	False
3885	3.3895301618814515	0.5598251158576516	0.1651630429944029	ADCY4	0.2696207	False
3886	3.3895301618814515	0.5598251158576516	0.1651630429944029	RIPK3	0.2696207	False
3887	3.3895301618814515	0.5598251158576516	0.1651630429944029	NFATC4	0.2696207	False
3888	3.3895301618814515	0.5598251158576516	0.1651630429944029	NYNRIN	0.2696207	False
3889	3.3895301618814515	0.5598251158576516	0.1651630429944029	CBLN3	0.2696207	False
3890	3.3895301618814515	0.5598251158576516	0.1651630429944029	KHNYN	0.2696207	False
3891	3.3895301618814515	0.5598251158576516	0.1651630429944029	SDR39U1	0.2696207	False
3892	3.3895301618814515	0.5598251158576516	0.1651630429944029	CMA1	0.2696207	False
3893	3.3895301618814515	0.5598251158576516	0.1651630429944029	CTSG	0.2696207	False
3894	3.3895301618814515	0.5598251158576516	0.1651630429944029	GZMH	0.2696207	False
3895	3.3895301618814515	0.5598251158576516	0.1651630429944029	GZMB	0.2696207	False
3896	2.928797794798685	0.39279575246254694	0.13411501236450032	STXBP6	0.26961914	False
3897	2.8666285015735022	0.23703418724247066	0.08268744523832153	LMF1	0.26961824	False
3898	2.8666285015735022	0.23703418724247066	0.08268744523832153	LMF1-AS1	0.26961824	False
3899	2.8666285015735022	0.23703418724247066	0.08268744523832153	SOX8	0.26961824	False
3900	2.8666285015735022	0.23703418724247066	0.08268744523832153	SSTR5-AS1	0.26961824	False
3901	2.8666285015735022	0.23703418724247066	0.08268744523832153	SSTR5	0.26961824	False
3902	2.8666285015735022	0.23703418724247066	0.08268744523832153	C1QTNF8	0.26961824	False
3903	2.8666285015735022	0.23703418724247066	0.08268744523832153	CACNA1H	0.26961824	False
3904	2.8666285015735022	0.23703418724247066	0.08268744523832153	TPSG1	0.26961824	False
3905	2.8666285015735022	0.23703418724247066	0.08268744523832153	TPSB2	0.26961824	False
3906	2.8666285015735022	0.23703418724247066	0.08268744523832153	TPSAB1	0.26961824	False
3907	2.8666285015735022	0.23703418724247066	0.08268744523832153	TPSD1	0.26961824	False
3908	2.8666285015735022	0.23703418724247066	0.08268744523832153	UBE2I	0.26961824	False
3909	2.8666285015735022	0.23703418724247066	0.08268744523832153	BAIAP3	0.26961824	False
3910	2.8666285015735022	0.23703418724247066	0.08268744523832153	TSR3	0.26961824	False
3911	2.8666285015735022	0.23703418724247066	0.08268744523832153	GNPTG	0.26961824	False
3912	2.8666285015735022	0.23703418724247066	0.08268744523832153	UNKL	0.26961824	False
3913	2.8666285015735022	0.23703418724247066	0.08268744523832153	C16orf91	0.26961824	False
3914	2.8666285015735022	0.23703418724247066	0.08268744523832153	CCDC154	0.26961824	False
3915	2.8666285015735022	0.23703418724247066	0.08268744523832153	CLCN7	0.26961824	False
3916	2.8666285015735022	0.23703418724247066	0.08268744523832153	PTX4	0.26961824	False
3917	2.8666285015735022	0.23703418724247066	0.08268744523832153	TELO2	0.26961824	False
3918	2.8666285015735022	0.23703418724247066	0.08268744523832153	IFT140	0.26961824	False
3919	2.8666285015735022	0.23703418724247066	0.08268744523832153	TMEM204	0.26961824	False
3920	2.8666285015735022	0.23703418724247066	0.08268744523832153	LOC105371046	0.26961824	False
3921	2.8666285015735022	0.23703418724247066	0.08268744523832153	CRAMP1	0.26961824	False
3922	2.8666285015735022	0.23703418724247066	0.08268744523832153	JPT2	0.26961824	False
3923	2.8666285015735022	0.23703418724247066	0.08268744523832153	MAPK8IP3	0.26961824	False
3924	2.8666285015735022	0.23703418724247066	0.08268744523832153	MIR3177	0.26961824	False
3925	2.8666285015735022	0.23703418724247066	0.08268744523832153	NME3	0.26961824	False
3926	2.8666285015735022	0.23703418724247066	0.08268744523832153	MRPS34	0.26961824	False
3927	2.8666285015735022	0.23703418724247066	0.08268744523832153	EME2	0.26961824	False
3928	2.8666285015735022	0.23703418724247066	0.08268744523832153	SPSB3	0.26961824	False
3929	2.8666285015735022	0.23703418724247066	0.08268744523832153	NUBP2	0.26961824	False
3930	2.8666285015735022	0.23703418724247066	0.08268744523832153	IGFALS	0.26961824	False
3931	2.8666285015735022	0.23703418724247066	0.08268744523832153	HAGH	0.26961824	False
3932	2.8666285015735022	0.23703418724247066	0.08268744523832153	FAHD1	0.26961824	False
3933	2.8666285015735022	0.23703418724247066	0.08268744523832153	MEIOB	0.26961824	False
3934	2.8666285015735022	0.23703418724247066	0.08268744523832153	LINC00254	0.26961824	False
3935	2.8634159970715105	0.20230250298870833	0.07065075532008214	HS3ST6	0.26961794	False
3936	2.8634159970715105	0.20230250298870833	0.07065075532008214	MSRB1	0.26961794	False
3937	2.8634159970715105	0.20230250298870833	0.07065075532008214	RPL3L	0.26961794	False
3938	2.8634159970715105	0.20230250298870833	0.07065075532008214	NDUFB10	0.26961794	False
3939	2.8634159970715105	0.20230250298870833	0.07065075532008214	RPS2	0.26961794	False
3940	2.8634159970715105	0.20230250298870833	0.07065075532008214	SNORA10	0.26961794	False
3941	2.8634159970715105	0.20230250298870833	0.07065075532008214	SNORA64	0.26961794	False
3942	2.8634159970715105	0.20230250298870833	0.07065075532008214	SNHG9	0.26961794	False
3943	2.8634159970715105	0.20230250298870833	0.07065075532008214	SNORA78	0.26961794	False
3944	2.8634159970715105	0.20230250298870833	0.07065075532008214	RNF151	0.26961794	False
3945	2.8634159970715105	0.20230250298870833	0.07065075532008214	TBL3	0.26961794	False
3946	2.8634159970715105	0.20230250298870833	0.07065075532008214	NOXO1	0.26961794	False
3947	2.8634159970715105	0.20230250298870833	0.07065075532008214	GFER	0.26961794	False
3948	2.8634159970715105	0.20230250298870833	0.07065075532008214	SYNGR3	0.26961794	False
3949	2.8634159970715105	0.20230250298870833	0.07065075532008214	ZNF598	0.26961794	False
3950	2.8634159970715105	0.20230250298870833	0.07065075532008214	NPW	0.26961794	False
3951	2.8634159970715105	0.20230250298870833	0.07065075532008214	SLC9A3R2	0.26961794	False
3952	2.8634159970715105	0.20230250298870833	0.07065075532008214	NTHL1	0.26961794	False
3953	2.8634159970715105	0.20230250298870833	0.07065075532008214	TSC2	0.26961794	False
3954	2.8634159970715105	0.20230250298870833	0.07065075532008214	PKD1	0.26961794	False
3955	2.8634159970715105	0.20230250298870833	0.07065075532008214	MIR1225	0.26961794	False
3956	2.8634159970715105	0.20230250298870833	0.07065075532008214	LOC105371049	0.26961794	False
3957	2.8634159970715105	0.20230250298870833	0.07065075532008214	MIR4516	0.26961794	False
3958	2.8634159970715105	0.20230250298870833	0.07065075532008214	MIR3180-5	0.26961794	False
3959	2.8634159970715105	0.20230250298870833	0.07065075532008214	RAB26	0.26961794	False
3960	2.8634159970715105	0.20230250298870833	0.07065075532008214	SNHG19	0.26961794	False
3961	2.8634159970715105	0.20230250298870833	0.07065075532008214	SNORD60	0.26961794	False
3962	2.8634159970715105	0.20230250298870833	0.07065075532008214	TRAF7	0.26961794	False
3963	2.8634159970715105	0.20230250298870833	0.07065075532008214	CASKIN1	0.26961794	False
3964	2.8634159970715105	0.20230250298870833	0.07065075532008214	MLST8	0.26961794	False
3965	2.8634159970715105	0.20230250298870833	0.07065075532008214	BRICD5	0.26961794	False
3966	2.8634159970715105	0.20230250298870833	0.07065075532008214	PGP	0.26961794	False
3967	2.8634159970715105	0.20230250298870833	0.07065075532008214	E4F1	0.26961794	False
3968	2.8634159970715105	0.20230250298870833	0.07065075532008214	DNASE1L2	0.26961794	False
3969	2.8634159970715105	0.20230250298870833	0.07065075532008214	ECI1	0.26961794	False
3970	2.8634159970715105	0.20230250298870833	0.07065075532008214	RNPS1	0.26961794	False
3971	2.8634159970715105	0.20230250298870833	0.07065075532008214	LOC106660606	0.26961794	False
3972	2.8634159970715105	0.20230250298870833	0.07065075532008214	MIR3677	0.26961794	False
3973	2.8634159970715105	0.20230250298870833	0.07065075532008214	MIR940	0.26961794	False
3974	2.8634159970715105	0.20230250298870833	0.07065075532008214	MIR4717	0.26961794	False
3975	2.8634159970715105	0.20230250298870833	0.07065075532008214	ABCA3	0.26961794	False
3976	2.8634159970715105	0.20230250298870833	0.07065075532008214	CCNF	0.26961794	False
3977	2.8634159970715105	0.20230250298870833	0.07065075532008214	TEDC2	0.26961794	False
3978	2.8634159970715105	0.20230250298870833	0.07065075532008214	MIR6768	0.26961794	False
3979	2.8634159970715105	0.20230250298870833	0.07065075532008214	LOC729652	0.26961794	False
3980	2.8634159970715105	0.20230250298870833	0.07065075532008214	NTN3	0.26961794	False
3981	2.8634159970715105	0.20230250298870833	0.07065075532008214	TBC1D24	0.26961794	False
3982	2.8634159970715105	0.20230250298870833	0.07065075532008214	ATP6V0C	0.26961794	False
3983	2.8634159970715105	0.20230250298870833	0.07065075532008214	AMDHD2	0.26961794	False
3984	2.8634159970715105	0.20230250298870833	0.07065075532008214	CEMP1	0.26961794	False
3985	2.8634159970715105	0.20230250298870833	0.07065075532008214	MIR3178	0.26961794	False
3986	2.8634159970715105	0.20230250298870833	0.07065075532008214	PDPK1	0.26961794	False
3987	2.8634159970715105	0.20230250298870833	0.07065075532008214	ERVK13-1	0.26961794	False
3988	2.8634159970715105	0.20230250298870833	0.07065075532008214	KCTD5	0.26961794	False
3989	2.8634159970715105	0.20230250298870833	0.07065075532008214	PRSS27	0.26961794	False
3990	2.8634159970715105	0.20230250298870833	0.07065075532008214	SRRM2-AS1	0.26961794	False
3991	2.8634159970715105	0.20230250298870833	0.07065075532008214	SRRM2	0.26961794	False
3992	2.8634159970715105	0.20230250298870833	0.07065075532008214	ELOB	0.26961794	False
3993	2.8634159970715105	0.20230250298870833	0.07065075532008214	PRSS33	0.26961794	False
3994	2.8634159970715105	0.20230250298870833	0.07065075532008214	PRSS21	0.26961794	False
3995	2.8634159970715105	0.20230250298870833	0.07065075532008214	ZG16B	0.26961794	False
3996	2.8634159970715105	0.20230250298870833	0.07065075532008214	PRSS22	0.26961794	False
3997	2.8634159970715105	0.20230250298870833	0.07065075532008214	FLYWCH2	0.26961794	False
3998	2.6668722713152624	0.15665459262979273	0.05874094320705242	FLYWCH1	0.26961774	False
3999	2.6668722713152624	0.15665459262979273	0.05874094320705242	KREMEN2	0.26961774	False
4000	2.6668722713152624	0.15665459262979273	0.05874094320705242	PKMYT1	0.26961774	False
4001	2.6668722713152624	0.15665459262979273	0.05874094320705242	PAQR4	0.26961774	False
4002	2.6668722713152624	0.15665459262979273	0.05874094320705242	LOC101929613	0.26961774	False
4003	2.6668722713152624	0.15665459262979273	0.05874094320705242	LINC00514	0.26961774	False
4004	2.6668722713152624	0.15665459262979273	0.05874094320705242	CLDN9	0.26961774	False
4005	2.6668722713152624	0.15665459262979273	0.05874094320705242	CLDN6	0.26961774	False
4006	2.6668722713152624	0.15665459262979273	0.05874094320705242	TNFRSF12A	0.26961774	False
4007	2.6668722713152624	0.15665459262979273	0.05874094320705242	HCFC1R1	0.26961774	False
4008	2.6668722713152624	0.15665459262979273	0.05874094320705242	THOC6	0.26961774	False
4009	2.6668722713152624	0.15665459262979273	0.05874094320705242	BICDL2	0.26961774	False
4010	2.6668722713152624	0.15665459262979273	0.05874094320705242	LOC100128770	0.26961774	False
4011	2.6668722713152624	0.15665459262979273	0.05874094320705242	MMP25	0.26961774	False
4012	2.6668722713152624	0.15665459262979273	0.05874094320705242	MMP25-AS1	0.26961774	False
4013	2.6668722713152624	0.15665459262979273	0.05874094320705242	IL32	0.26961774	False
4014	2.6668722713152624	0.15665459262979273	0.05874094320705242	ZSCAN10	0.26961774	False
4015	2.6668722713152624	0.15665459262979273	0.05874094320705242	ZNF205-AS1	0.26961774	False
4016	2.6668722713152624	0.15665459262979273	0.05874094320705242	ZNF205	0.26961774	False
4017	2.6668722713152624	0.15665459262979273	0.05874094320705242	ZNF213-AS1	0.26961774	False
4018	2.6668722713152624	0.15665459262979273	0.05874094320705242	ZNF213	0.26961774	False
4019	2.6668722713152624	0.15665459262979273	0.05874094320705242	OR1F1	0.26961774	False
4020	2.6668722713152624	0.15665459262979273	0.05874094320705242	ZNF200	0.26961774	False
4021	2.6668722713152624	0.15665459262979273	0.05874094320705242	MEFV	0.26961774	False
4022	2.6668722713152624	0.15665459262979273	0.05874094320705242	LINC00921	0.26961774	False
4023	2.6668722713152624	0.15665459262979273	0.05874094320705242	ZNF263	0.26961774	False
4024	2.6668722713152624	0.15665459262979273	0.05874094320705242	TIGD7	0.26961774	False
4025	2.6668722713152624	0.15665459262979273	0.05874094320705242	ZNF75A	0.26961774	False
4026	2.6668722713152624	0.15665459262979273	0.05874094320705242	OR2C1	0.26961774	False
4027	2.6668722713152624	0.15665459262979273	0.05874094320705242	NAA60	0.26961774	False
4028	2.6668722713152624	0.15665459262979273	0.05874094320705242	MTRNR2L4	0.26961774	False
4029	2.6668722713152624	0.15665459262979273	0.05874094320705242	ZSCAN32	0.26961774	False
4030	2.6668722713152624	0.15665459262979273	0.05874094320705242	ZNF174	0.26961774	False
4031	2.6668722713152624	0.15665459262979273	0.05874094320705242	ZNF597	0.26961774	False
4032	2.6668722713152624	0.15665459262979273	0.05874094320705242	CLUAP1	0.26961774	False
4033	2.6668722713152624	0.15665459262979273	0.05874094320705242	MIR6126	0.26961774	False
4034	2.6668722713152624	0.15665459262979273	0.05874094320705242	C16orf90	0.26961774	False
4035	2.6668722713152624	0.15665459262979273	0.05874094320705242	NLRC3	0.26961774	False
4036	2.6668722713152624	0.15665459262979273	0.05874094320705242	SLX4	0.26961774	False
4037	2.6668722713152624	0.15665459262979273	0.05874094320705242	DNASE1	0.26961774	False
4038	2.6668722713152624	0.15665459262979273	0.05874094320705242	TRAP1	0.26961774	False
4039	2.6668722713152624	0.15665459262979273	0.05874094320705242	CREBBP	0.26961774	False
4040	2.704595204136498	0.28489611715682417	0.10533780312894683	GDPD3	0.26961857	False
4041	2.704595204136498	0.28489611715682417	0.10533780312894683	MAPK3	0.26961857	False
4042	2.704595204136498	0.28489611715682417	0.10533780312894683	CORO1A	0.26961857	False
4043	2.704595204136498	0.28489611715682417	0.10533780312894683	NPIPB13	0.26961857	False
4044	2.704595204136498	0.28489611715682417	0.10533780312894683	CD2BP2	0.26961857	False
4045	2.704595204136498	0.28489611715682417	0.10533780312894683	TBC1D10B	0.26961857	False
4046	2.704595204136498	0.28489611715682417	0.10533780312894683	MYLPF	0.26961857	False
4047	2.704595204136498	0.28489611715682417	0.10533780312894683	SEPT1	0.26961857	False
4048	2.704595204136498	0.28489611715682417	0.10533780312894683	ZNF48	0.26961857	False
4049	2.704595204136498	0.28489611715682417	0.10533780312894683	ZNF771	0.26961857	False
4050	2.704595204136498	0.28489611715682417	0.10533780312894683	DCTPP1	0.26961857	False
4051	2.704595204136498	0.28489611715682417	0.10533780312894683	SEPHS2	0.26961857	False
4052	2.704595204136498	0.28489611715682417	0.10533780312894683	ITGAL	0.26961857	False
4053	2.704595204136498	0.28489611715682417	0.10533780312894683	MIR4518	0.26961857	False
4054	2.704595204136498	0.28489611715682417	0.10533780312894683	ZNF768	0.26961857	False
4055	2.704595204136498	0.28489611715682417	0.10533780312894683	ZNF747	0.26961857	False
4056	2.704595204136498	0.28489611715682417	0.10533780312894683	ZNF764	0.26961857	False
4057	2.704595204136498	0.28489611715682417	0.10533780312894683	ZNF688	0.26961857	False
4058	2.704595204136498	0.28489611715682417	0.10533780312894683	ZNF785	0.26961857	False
4059	2.704595204136498	0.28489611715682417	0.10533780312894683	ZNF689	0.26961857	False
4060	2.704595204136498	0.28489611715682417	0.10533780312894683	PRR14	0.26961857	False
4061	2.704595204136498	0.28489611715682417	0.10533780312894683	FBRS	0.26961857	False
4062	2.704595204136498	0.28489611715682417	0.10533780312894683	LOC730183	0.26961857	False
4063	2.704595204136498	0.28489611715682417	0.10533780312894683	SRCAP	0.26961857	False
4064	2.704595204136498	0.28489611715682417	0.10533780312894683	SNORA30	0.26961857	False
4065	2.704595204136498	0.28489611715682417	0.10533780312894683	TMEM265	0.26961857	False
4066	2.704595204136498	0.28489611715682417	0.10533780312894683	PHKG2	0.26961857	False
4067	2.704595204136498	0.28489611715682417	0.10533780312894683	CCDC189	0.26961857	False
4068	2.704595204136498	0.28489611715682417	0.10533780312894683	RNF40	0.26961857	False
4069	2.704595204136498	0.28489611715682417	0.10533780312894683	ZNF629	0.26961857	False
4070	2.704595204136498	0.28489611715682417	0.10533780312894683	BCL7C	0.26961857	False
4071	2.704595204136498	0.28489611715682417	0.10533780312894683	MIR762HG	0.26961857	False
4072	2.704595204136498	0.28489611715682417	0.10533780312894683	MIR4519	0.26961857	False
4073	2.704595204136498	0.28489611715682417	0.10533780312894683	MIR762	0.26961857	False
4074	2.704595204136498	0.28489611715682417	0.10533780312894683	CTF1	0.26961857	False
4075	2.704595204136498	0.28489611715682417	0.10533780312894683	FBXL19-AS1	0.26961857	False
4076	2.704595204136498	0.28489611715682417	0.10533780312894683	FBXL19	0.26961857	False
4077	2.704595204136498	0.28489611715682417	0.10533780312894683	ORAI3	0.26961857	False
4078	2.704595204136498	0.28489611715682417	0.10533780312894683	SETD1A	0.26961857	False
4079	2.704595204136498	0.28489611715682417	0.10533780312894683	HSD3B7	0.26961857	False
4080	2.704595204136498	0.28489611715682417	0.10533780312894683	STX1B	0.26961857	False
4081	2.704595204136498	0.28489611715682417	0.10533780312894683	STX4	0.26961857	False
4082	2.704595204136498	0.28489611715682417	0.10533780312894683	ZNF668	0.26961857	False
4083	2.704595204136498	0.28489611715682417	0.10533780312894683	ZNF646	0.26961857	False
4084	2.704595204136498	0.28489611715682417	0.10533780312894683	PRSS53	0.26961857	False
4085	2.704595204136498	0.28489611715682417	0.10533780312894683	VKORC1	0.26961857	False
4086	2.780354643086482	0.3513191892579892	0.12635768970392514	BCKDK	0.2696189	False
4087	2.780354643086482	0.3513191892579892	0.12635768970392514	KAT8	0.2696189	False
4088	2.780354643086482	0.3513191892579892	0.12635768970392514	PRSS8	0.2696189	False
4089	2.780354643086482	0.3513191892579892	0.12635768970392514	PRSS36	0.2696189	False
4090	2.780354643086482	0.3513191892579892	0.12635768970392514	FUS	0.2696189	False
4091	2.780354643086482	0.3513191892579892	0.12635768970392514	PYCARD	0.2696189	False
4092	2.780354643086482	0.3513191892579892	0.12635768970392514	PYCARD-AS1	0.2696189	False
4093	2.780354643086482	0.3513191892579892	0.12635768970392514	TRIM72	0.2696189	False
4094	2.780354643086482	0.3513191892579892	0.12635768970392514	PYDC1	0.2696189	False
4095	2.780354643086482	0.3513191892579892	0.12635768970392514	ITGAM	0.2696189	False
4096	2.780354643086482	0.3513191892579892	0.12635768970392514	ITGAX	0.2696189	False
4097	2.780354643086482	0.3513191892579892	0.12635768970392514	ITGAD	0.2696189	False
4098	2.780354643086482	0.3513191892579892	0.12635768970392514	COX6A2	0.2696189	False
4099	2.780354643086482	0.3513191892579892	0.12635768970392514	ZNF843	0.2696189	False
4100	2.780354643086482	0.3513191892579892	0.12635768970392514	ARMC5	0.2696189	False
4101	2.780354643086482	0.3513191892579892	0.12635768970392514	TGFB1I1	0.2696189	False
4102	2.780354643086482	0.3513191892579892	0.12635768970392514	SLC5A2	0.2696189	False
4103	2.780354643086482	0.3513191892579892	0.12635768970392514	C16orf58	0.2696189	False
4104	2.780354643086482	0.3513191892579892	0.12635768970392514	AHSP	0.2696189	False
4105	2.780354643086482	0.3513191892579892	0.12635768970392514	ZNF720	0.2696189	False
4106	2.780354643086482	0.3513191892579892	0.12635768970392514	ZNF267	0.2696189	False
4107	2.8145486219620874	0.40188324626362887	0.14278781440395466	TP53TG3D	0.26961923	False
4108	2.7398818963362035	0.2944553724140906	0.10747009672491327	MIR4522	0.26961854	False
4109	2.7398818963362035	0.2944553724140906	0.10747009672491327	WSB1	0.26961854	False
4110	2.7398818963362035	0.2944553724140906	0.10747009672491327	KSR1	0.26961854	False
4111	2.7398818963362035	0.2944553724140906	0.10747009672491327	LGALS9	0.26961854	False
4112	2.7398818963362035	0.2944553724140906	0.10747009672491327	NOS2	0.26961854	False
4113	2.7398818963362035	0.2944553724140906	0.10747009672491327	LYRM9	0.26961854	False
4114	2.7493627919625783	0.287901685662301	0.10471578596464096	NLK	0.26961848	False
4115	2.7493627919625783	0.287901685662301	0.10471578596464096	TMEM97	0.26961848	False
4116	2.7493627919625783	0.287901685662301	0.10471578596464096	IFT20	0.26961848	False
4117	2.7493627919625783	0.287901685662301	0.10471578596464096	TNFAIP1	0.26961848	False
4118	2.7493627919625783	0.287901685662301	0.10471578596464096	POLDIP2	0.26961848	False
4119	2.7493627919625783	0.287901685662301	0.10471578596464096	TMEM199	0.26961848	False
4120	2.7493627919625783	0.287901685662301	0.10471578596464096	MIR4723	0.26961848	False
4121	2.7493627919625783	0.287901685662301	0.10471578596464096	SEBOX	0.26961848	False
4122	2.7493627919625783	0.287901685662301	0.10471578596464096	SARM1	0.26961848	False
4123	2.7493627919625783	0.287901685662301	0.10471578596464096	VTN	0.26961848	False
4124	2.7493627919625783	0.287901685662301	0.10471578596464096	SLC46A1	0.26961848	False
4125	2.7493627919625783	0.287901685662301	0.10471578596464096	SGK494	0.26961848	False
4126	2.7493627919625783	0.287901685662301	0.10471578596464096	SLC13A2	0.26961848	False
4127	2.7493627919625783	0.287901685662301	0.10471578596464096	FOXN1	0.26961848	False
4128	2.7493627919625783	0.287901685662301	0.10471578596464096	UNC119	0.26961848	False
4129	2.7493627919625783	0.287901685662301	0.10471578596464096	PIGS	0.26961848	False
4130	2.7493627919625783	0.287901685662301	0.10471578596464096	ALDOC	0.26961848	False
4131	2.7493627919625783	0.287901685662301	0.10471578596464096	SPAG5	0.26961848	False
4132	2.7493627919625783	0.287901685662301	0.10471578596464096	SPAG5-AS1	0.26961848	False
4133	2.7493627919625783	0.287901685662301	0.10471578596464096	KIAA0100	0.26961848	False
4134	2.7493627919625783	0.287901685662301	0.10471578596464096	SDF2	0.26961848	False
4135	2.7493627919625783	0.287901685662301	0.10471578596464096	SUPT6H	0.26961848	False
4136	2.7493627919625783	0.287901685662301	0.10471578596464096	PROCA1	0.26961848	False
4137	2.7493627919625783	0.287901685662301	0.10471578596464096	RAB34	0.26961848	False
4138	2.7493627919625783	0.287901685662301	0.10471578596464096	RPL23A	0.26961848	False
4139	2.7493627919625783	0.287901685662301	0.10471578596464096	SNORD42B	0.26961848	False
4140	2.7493627919625783	0.287901685662301	0.10471578596464096	SNORD4A	0.26961848	False
4141	2.7493627919625783	0.287901685662301	0.10471578596464096	SNORD42A	0.26961848	False
4142	2.7493627919625783	0.287901685662301	0.10471578596464096	SNORD4B	0.26961848	False
4143	2.7493627919625783	0.287901685662301	0.10471578596464096	TLCD1	0.26961848	False
4144	2.7493627919625783	0.287901685662301	0.10471578596464096	NEK8	0.26961848	False
4145	2.7493627919625783	0.287901685662301	0.10471578596464096	TRAF4	0.26961848	False
4146	2.7493627919625783	0.287901685662301	0.10471578596464096	FAM222B	0.26961848	False
4147	2.7493627919625783	0.287901685662301	0.10471578596464096	ERAL1	0.26961848	False
4148	2.7493627919625783	0.287901685662301	0.10471578596464096	MIR144	0.26961848	False
4149	2.7493627919625783	0.287901685662301	0.10471578596464096	MIR451A	0.26961848	False
4150	2.7493627919625783	0.287901685662301	0.10471578596464096	MIR4732	0.26961848	False
4151	2.7493627919625783	0.287901685662301	0.10471578596464096	FLOT2	0.26961848	False
4152	2.639817924961844	0.1665028716676533	0.06307361962096683	MSL1	0.2696179	False
4153	2.639817924961844	0.1665028716676533	0.06307361962096683	CASC3	0.2696179	False
4154	2.639817924961844	0.1665028716676533	0.06307361962096683	RAPGEFL1	0.2696179	False
4155	2.639817924961844	0.1665028716676533	0.06307361962096683	MIR6867	0.2696179	False
4156	2.639817924961844	0.1665028716676533	0.06307361962096683	WIPF2	0.2696179	False
4157	2.639817924961844	0.1665028716676533	0.06307361962096683	CDC6	0.2696179	False
4158	2.639817924961844	0.1665028716676533	0.06307361962096683	RARA	0.2696179	False
4159	2.639817924961844	0.1665028716676533	0.06307361962096683	RARA-AS1	0.2696179	False
4160	2.639817924961844	0.1665028716676533	0.06307361962096683	GJD3	0.2696179	False
4161	2.639817924961844	0.1665028716676533	0.06307361962096683	TOP2A	0.2696179	False
4162	2.639817924961844	0.1665028716676533	0.06307361962096683	IGFBP4	0.2696179	False
4163	2.639817924961844	0.1665028716676533	0.06307361962096683	TNS4	0.2696179	False
4164	2.639817924961844	0.1665028716676533	0.06307361962096683	CCR7	0.2696179	False
4165	2.639817924961844	0.1665028716676533	0.06307361962096683	SMARCE1	0.2696179	False
4166	2.639817924961844	0.1665028716676533	0.06307361962096683	KRT222	0.2696179	False
4167	2.639817924961844	0.1665028716676533	0.06307361962096683	KRT24	0.2696179	False
4168	2.639817924961844	0.1665028716676533	0.06307361962096683	KRT25	0.2696179	False
4169	2.639817924961844	0.1665028716676533	0.06307361962096683	KRT26	0.2696179	False
4170	2.639817924961844	0.1665028716676533	0.06307361962096683	KRT27	0.2696179	False
4171	2.639817924961844	0.1665028716676533	0.06307361962096683	KRT28	0.2696179	False
4172	2.639817924961844	0.1665028716676533	0.06307361962096683	KRT10	0.2696179	False
4173	2.639817924961844	0.1665028716676533	0.06307361962096683	TMEM99	0.2696179	False
4174	2.639817924961844	0.1665028716676533	0.06307361962096683	KRT12	0.2696179	False
4175	2.639817924961844	0.1665028716676533	0.06307361962096683	KRT20	0.2696179	False
4176	2.623631307622753	0.13698986975414112	0.05221384169190538	KRT23	0.2696177	False
4177	2.623631307622753	0.13698986975414112	0.05221384169190538	KRT39	0.2696177	False
4178	2.623631307622753	0.13698986975414112	0.05221384169190538	KRT40	0.2696177	False
4179	2.623631307622753	0.13698986975414112	0.05221384169190538	KRTAP3-3	0.2696177	False
4180	2.623631307622753	0.13698986975414112	0.05221384169190538	KRTAP3-2	0.2696177	False
4181	2.623631307622753	0.13698986975414112	0.05221384169190538	KRTAP3-1	0.2696177	False
4182	2.623631307622753	0.13698986975414112	0.05221384169190538	KRTAP1-5	0.2696177	False
4183	2.623631307622753	0.13698986975414112	0.05221384169190538	KRTAP1-4	0.2696177	False
4184	2.623631307622753	0.13698986975414112	0.05221384169190538	KRTAP1-3	0.2696177	False
4185	2.623631307622753	0.13698986975414112	0.05221384169190538	KRTAP1-1	0.2696177	False
4186	2.623631307622753	0.13698986975414112	0.05221384169190538	KRTAP2-1	0.2696177	False
4187	2.623631307622753	0.13698986975414112	0.05221384169190538	KRTAP2-2	0.2696177	False
4188	2.623631307622753	0.13698986975414112	0.05221384169190538	KRTAP2-3	0.2696177	False
4189	2.623631307622753	0.13698986975414112	0.05221384169190538	KRTAP2-4	0.2696177	False
4190	2.623631307622753	0.13698986975414112	0.05221384169190538	KRTAP4-7	0.2696177	False
4191	2.623631307622753	0.13698986975414112	0.05221384169190538	KRTAP4-8	0.2696177	False
4192	2.6699632559283275	0.16468237033871158	0.06167963921340658	KRTAP4-9	0.26961786	False
4193	2.6699632559283275	0.16468237033871158	0.06167963921340658	KRTAP4-11	0.26961786	False
4194	2.6699632559283275	0.16468237033871158	0.06167963921340658	KRTAP4-12	0.26961786	False
4195	2.6699632559283275	0.16468237033871158	0.06167963921340658	KRTAP4-6	0.26961786	False
4196	2.6699632559283275	0.16468237033871158	0.06167963921340658	KRTAP4-5	0.26961786	False
4197	2.6699632559283275	0.16468237033871158	0.06167963921340658	KRTAP4-4	0.26961786	False
4198	2.6699632559283275	0.16468237033871158	0.06167963921340658	KRTAP4-3	0.26961786	False
4199	2.6699632559283275	0.16468237033871158	0.06167963921340658	KRTAP4-2	0.26961786	False
4200	2.6699632559283275	0.16468237033871158	0.06167963921340658	KRTAP4-1	0.26961786	False
4201	2.6699632559283275	0.16468237033871158	0.06167963921340658	KRTAP9-1	0.26961786	False
4202	2.6699632559283275	0.16468237033871158	0.06167963921340658	KRTAP9-2	0.26961786	False
4203	2.6699632559283275	0.16468237033871158	0.06167963921340658	KRTAP9-3	0.26961786	False
4204	2.6699632559283275	0.16468237033871158	0.06167963921340658	KRTAP9-8	0.26961786	False
4205	2.6699632559283275	0.16468237033871158	0.06167963921340658	KRTAP9-4	0.26961786	False
4206	2.6699632559283275	0.16468237033871158	0.06167963921340658	KRTAP9-9	0.26961786	False
4207	2.6699632559283275	0.16468237033871158	0.06167963921340658	KRTAP9-6	0.26961786	False
4208	2.6699632559283275	0.16468237033871158	0.06167963921340658	KRTAP9-7	0.26961786	False
4209	2.6699632559283275	0.16468237033871158	0.06167963921340658	KRTAP29-1	0.26961786	False
4210	2.6699632559283275	0.16468237033871158	0.06167963921340658	KRTAP16-1	0.26961786	False
4211	2.6699632559283275	0.16468237033871158	0.06167963921340658	KRTAP17-1	0.26961786	False
4212	2.6699632559283275	0.16468237033871158	0.06167963921340658	KRT33A	0.26961786	False
4213	2.6699632559283275	0.16468237033871158	0.06167963921340658	KRT33B	0.26961786	False
4214	2.6699632559283275	0.16468237033871158	0.06167963921340658	KRT34	0.26961786	False
4215	2.6699632559283275	0.16468237033871158	0.06167963921340658	KRT31	0.26961786	False
4216	2.6699632559283275	0.16468237033871158	0.06167963921340658	LOC100505782	0.26961786	False
4217	2.6699632559283275	0.16468237033871158	0.06167963921340658	KRT37	0.26961786	False
4218	2.6699632559283275	0.16468237033871158	0.06167963921340658	KRT38	0.26961786	False
4219	2.6699632559283275	0.16468237033871158	0.06167963921340658	KRT32	0.26961786	False
4220	2.6699632559283275	0.16468237033871158	0.06167963921340658	KRT35	0.26961786	False
4221	2.6699632559283275	0.16468237033871158	0.06167963921340658	KRT36	0.26961786	False
4222	2.6699632559283275	0.16468237033871158	0.06167963921340658	KRT13	0.26961786	False
4223	2.6699632559283275	0.16468237033871158	0.06167963921340658	KRT15	0.26961786	False
4224	2.6699632559283275	0.16468237033871158	0.06167963921340658	MIR6510	0.26961786	False
4225	2.6699632559283275	0.16468237033871158	0.06167963921340658	KRT19	0.26961786	False
4226	2.6699632559283275	0.16468237033871158	0.06167963921340658	LINC00974	0.26961786	False
4227	2.6699632559283275	0.16468237033871158	0.06167963921340658	KRT9	0.26961786	False
4228	2.6699632559283275	0.16468237033871158	0.06167963921340658	KRT14	0.26961786	False
4229	2.6699632559283275	0.16468237033871158	0.06167963921340658	KRT16	0.26961786	False
4230	2.6699632559283275	0.16468237033871158	0.06167963921340658	KRT17	0.26961786	False
4231	2.6699632559283275	0.16468237033871158	0.06167963921340658	EIF1	0.26961786	False
4232	2.6699632559283275	0.16468237033871158	0.06167963921340658	GAST	0.26961786	False
4233	2.6699632559283275	0.16468237033871158	0.06167963921340658	HAP1	0.26961786	False
4234	2.6699632559283275	0.16468237033871158	0.06167963921340658	JUP	0.26961786	False
4235	2.6699632559283275	0.16468237033871158	0.06167963921340658	P3H4	0.26961786	False
4236	2.6699632559283275	0.16468237033871158	0.06167963921340658	FKBP10	0.26961786	False
4237	2.6699632559283275	0.16468237033871158	0.06167963921340658	NT5C3B	0.26961786	False
4238	2.6699632559283275	0.16468237033871158	0.06167963921340658	KLHL10	0.26961786	False
4239	2.6699632559283275	0.16468237033871158	0.06167963921340658	KLHL11	0.26961786	False
4240	2.717913044784061	0.1522863367154317	0.05603061400646498	ACLY	0.26961774	False
4241	2.717913044784061	0.1522863367154317	0.05603061400646498	TTC25	0.26961774	False
4242	2.717913044784061	0.1522863367154317	0.05603061400646498	CNP	0.26961774	False
4243	2.717913044784061	0.1522863367154317	0.05603061400646498	DNAJC7	0.26961774	False
4244	2.717913044784061	0.1522863367154317	0.05603061400646498	NKIRAS2	0.26961774	False
4245	2.717913044784061	0.1522863367154317	0.05603061400646498	ZNF385C	0.26961774	False
4246	2.7892656463379293	0.18343691479812688	0.06576530816954064	DHX58	0.26961792	False
4247	2.7892656463379293	0.18343691479812688	0.06576530816954064	KAT2A	0.26961792	False
4248	2.7892656463379293	0.18343691479812688	0.06576530816954064	RAB5C	0.26961792	False
4249	2.7892656463379293	0.18343691479812688	0.06576530816954064	HSPB9	0.26961792	False
4250	2.7892656463379293	0.18343691479812688	0.06576530816954064	KCNH4	0.26961792	False
4251	2.7892656463379293	0.18343691479812688	0.06576530816954064	HCRT	0.26961792	False
4252	2.7892656463379293	0.18343691479812688	0.06576530816954064	GHDC	0.26961792	False
4253	2.7892656463379293	0.18343691479812688	0.06576530816954064	STAT5B	0.26961792	False
4254	2.7892656463379293	0.18343691479812688	0.06576530816954064	STAT5A	0.26961792	False
4255	2.7892656463379293	0.18343691479812688	0.06576530816954064	STAT3	0.26961792	False
4256	2.7892656463379293	0.18343691479812688	0.06576530816954064	CAVIN1	0.26961792	False
4257	2.7892656463379293	0.18343691479812688	0.06576530816954064	ATP6V0A1	0.26961792	False
4258	2.7892656463379293	0.18343691479812688	0.06576530816954064	MIR548AT	0.26961792	False
4259	2.7892656463379293	0.18343691479812688	0.06576530816954064	MIR5010	0.26961792	False
4260	2.7892656463379293	0.18343691479812688	0.06576530816954064	NAGLU	0.26961792	False
4261	2.7892656463379293	0.18343691479812688	0.06576530816954064	HSD17B1	0.26961792	False
4262	2.7892656463379293	0.18343691479812688	0.06576530816954064	COASY	0.26961792	False
4263	2.7892656463379293	0.18343691479812688	0.06576530816954064	MLX	0.26961792	False
4264	2.7892656463379293	0.18343691479812688	0.06576530816954064	PSMC3IP	0.26961792	False
4265	2.7892656463379293	0.18343691479812688	0.06576530816954064	RETREG3	0.26961792	False
4266	2.7892656463379293	0.18343691479812688	0.06576530816954064	TUBG1	0.26961792	False
4267	2.7892656463379293	0.18343691479812688	0.06576530816954064	TUBG2	0.26961792	False
4268	2.7892656463379293	0.18343691479812688	0.06576530816954064	PLEKHH3	0.26961792	False
4269	2.7892656463379293	0.18343691479812688	0.06576530816954064	CCR10	0.26961792	False
4270	2.7892656463379293	0.18343691479812688	0.06576530816954064	CNTNAP1	0.26961792	False
4271	2.7892656463379293	0.18343691479812688	0.06576530816954064	EZH1	0.26961792	False
4272	2.7892656463379293	0.18343691479812688	0.06576530816954064	MIR6780A	0.26961792	False
4273	2.7892656463379293	0.18343691479812688	0.06576530816954064	RAMP2-AS1	0.26961792	False
4274	2.7892656463379293	0.18343691479812688	0.06576530816954064	RAMP2	0.26961792	False
4275	2.7892656463379293	0.18343691479812688	0.06576530816954064	VPS25	0.26961792	False
4276	2.7892656463379293	0.18343691479812688	0.06576530816954064	WNK4	0.26961792	False
4277	2.7892656463379293	0.18343691479812688	0.06576530816954064	COA3	0.26961792	False
4278	2.7892656463379293	0.18343691479812688	0.06576530816954064	CNTD1	0.26961792	False
4279	2.7892656463379293	0.18343691479812688	0.06576530816954064	BECN1	0.26961792	False
4280	2.7892656463379293	0.18343691479812688	0.06576530816954064	MIR6781	0.26961792	False
4281	2.7892656463379293	0.18343691479812688	0.06576530816954064	PSME3	0.26961792	False
4282	2.7892656463379293	0.18343691479812688	0.06576530816954064	AOC2	0.26961792	False
4283	2.7892656463379293	0.18343691479812688	0.06576530816954064	AOC3	0.26961792	False
4284	2.7892656463379293	0.18343691479812688	0.06576530816954064	LINC00671	0.26961792	False
4285	2.799067000728984	0.16800624812403783	0.06002223172231411	G6PC	0.26961786	False
4286	2.799067000728984	0.16800624812403783	0.06002223172231411	AARSD1	0.26961786	False
4287	2.799067000728984	0.16800624812403783	0.06002223172231411	PTGES3L-AARSD1	0.26961786	False
4288	2.799067000728984	0.16800624812403783	0.06002223172231411	PTGES3L	0.26961786	False
4289	2.799067000728984	0.16800624812403783	0.06002223172231411	RUNDC1	0.26961786	False
4290	2.799067000728984	0.16800624812403783	0.06002223172231411	RPL27	0.26961786	False
4291	2.799067000728984	0.16800624812403783	0.06002223172231411	IFI35	0.26961786	False
4292	2.799067000728984	0.16800624812403783	0.06002223172231411	VAT1	0.26961786	False
4293	2.799067000728984	0.16800624812403783	0.06002223172231411	RND2	0.26961786	False
4294	2.799067000728984	0.16800624812403783	0.06002223172231411	BRCA1	0.26961786	False
4295	2.820802261483745	0.18930593555986405	0.06711067207535806	LOC101929767	0.26961794	False
4296	2.820802261483745	0.18930593555986405	0.06711067207535806	NBR1	0.26961794	False
4297	2.820802261483745	0.18930593555986405	0.06711067207535806	TMEM106A	0.26961794	False
4298	2.820802261483745	0.18930593555986405	0.06711067207535806	CCDC200	0.26961794	False
4299	2.820802261483745	0.18930593555986405	0.06711067207535806	RNU2-1	0.26961794	False
4300	2.820802261483745	0.18930593555986405	0.06711067207535806	LINC00910	0.26961794	False
4301	2.820802261483745	0.18930593555986405	0.06711067207535806	ARL4D	0.26961794	False
4302	2.820802261483745	0.18930593555986405	0.06711067207535806	MIR2117	0.26961794	False
4303	2.820802261483745	0.18930593555986405	0.06711067207535806	DHX8	0.26961794	False
4304	2.820802261483745	0.18930593555986405	0.06711067207535806	ETV4	0.26961794	False
4305	2.820802261483745	0.18930593555986405	0.06711067207535806	MEOX1	0.26961794	False
4306	2.820802261483745	0.18930593555986405	0.06711067207535806	SOST	0.26961794	False
4307	2.820802261483745	0.18930593555986405	0.06711067207535806	DUSP3	0.26961794	False
4308	2.820802261483745	0.18930593555986405	0.06711067207535806	CFAP97D1	0.26961794	False
4309	2.820802261483745	0.18930593555986405	0.06711067207535806	MPP3	0.26961794	False
4310	2.820802261483745	0.18930593555986405	0.06711067207535806	CD300LG	0.26961794	False
4311	2.7817945876641867	0.17072542526156623	0.061372405431603314	MPP2	0.26961786	False
4312	2.7817945876641867	0.17072542526156623	0.061372405431603314	FAM215A	0.26961786	False
4313	2.7817945876641867	0.17072542526156623	0.061372405431603314	PPY	0.26961786	False
4314	2.7817945876641867	0.17072542526156623	0.061372405431603314	PYY	0.26961786	False
4315	2.7817945876641867	0.17072542526156623	0.061372405431603314	NAGS	0.26961786	False
4316	2.7817945876641867	0.17072542526156623	0.061372405431603314	TMEM101	0.26961786	False
4317	2.7817945876641867	0.17072542526156623	0.061372405431603314	LSM12	0.26961786	False
4318	2.7817945876641867	0.17072542526156623	0.061372405431603314	G6PC3	0.26961786	False
4319	2.7817945876641867	0.17072542526156623	0.061372405431603314	HDAC5	0.26961786	False
4320	2.8342769792084033	0.2030860414129849	0.07165356205578242	C17orf53	0.26961815	False
4321	2.8342769792084033	0.2030860414129849	0.07165356205578242	ASB16	0.26961815	False
4322	2.8342769792084033	0.2030860414129849	0.07165356205578242	ASB16-AS1	0.26961815	False
4323	2.8342769792084033	0.2030860414129849	0.07165356205578242	TMUB2	0.26961815	False
4324	2.8342769792084033	0.2030860414129849	0.07165356205578242	ATXN7L3	0.26961815	False
4325	2.8342769792084033	0.2030860414129849	0.07165356205578242	UBTF	0.26961815	False
4326	2.8342769792084033	0.2030860414129849	0.07165356205578242	MIR6782	0.26961815	False
4327	2.8342769792084033	0.2030860414129849	0.07165356205578242	SLC4A1	0.26961815	False
4328	2.8342769792084033	0.2030860414129849	0.07165356205578242	RUNDC3A-AS1	0.26961815	False
4329	2.8342769792084033	0.2030860414129849	0.07165356205578242	RUNDC3A	0.26961815	False
4330	2.8342769792084033	0.2030860414129849	0.07165356205578242	SLC25A39	0.26961815	False
4331	2.8342769792084033	0.2030860414129849	0.07165356205578242	GRN	0.26961815	False
4332	2.8342769792084033	0.2030860414129849	0.07165356205578242	FAM171A2	0.26961815	False
4333	2.8342769792084033	0.2030860414129849	0.07165356205578242	ITGA2B	0.26961815	False
4334	2.8342769792084033	0.2030860414129849	0.07165356205578242	GPATCH8	0.26961815	False
4335	2.8342769792084033	0.2030860414129849	0.07165356205578242	FZD2	0.26961815	False
4336	2.8342769792084033	0.2030860414129849	0.07165356205578242	LINC01180	0.26961815	False
4337	2.8342769792084033	0.2030860414129849	0.07165356205578242	MEIOC	0.26961815	False
4338	2.8342769792084033	0.2030860414129849	0.07165356205578242	CCDC43	0.26961815	False
4339	2.8342769792084033	0.2030860414129849	0.07165356205578242	DBF4B	0.26961815	False
4340	2.8342769792084033	0.2030860414129849	0.07165356205578242	ADAM11	0.26961815	False
4341	2.8342769792084033	0.2030860414129849	0.07165356205578242	GJC1	0.26961815	False
4342	2.8342769792084033	0.2030860414129849	0.07165356205578242	HIGD1B	0.26961815	False
4343	2.8342769792084033	0.2030860414129849	0.07165356205578242	EFTUD2	0.26961815	False
4344	2.807574136232911	0.18107117248411736	0.06449381697434758	CCDC103	0.26961794	False
4345	2.807574136232911	0.18107117248411736	0.06449381697434758	GFAP	0.26961794	False
4346	2.807574136232911	0.18107117248411736	0.06449381697434758	KIF18B	0.26961794	False
4347	2.807574136232911	0.18107117248411736	0.06449381697434758	MIR6783	0.26961794	False
4348	2.807574136232911	0.18107117248411736	0.06449381697434758	C1QL1	0.26961794	False
4349	2.807574136232911	0.18107117248411736	0.06449381697434758	DCAKD	0.26961794	False
4350	2.807574136232911	0.18107117248411736	0.06449381697434758	NMT1	0.26961794	False
4351	2.796389660743229	0.19883281451750118	0.0711034006843864	PLCD3	0.26961815	False
4352	2.796389660743229	0.19883281451750118	0.0711034006843864	MIR6784	0.26961815	False
4353	2.796389660743229	0.19883281451750118	0.0711034006843864	ACBD4	0.26961815	False
4354	2.796389660743229	0.19883281451750118	0.0711034006843864	HEXIM1	0.26961815	False
4355	2.796389660743229	0.19883281451750118	0.0711034006843864	HEXIM2	0.26961815	False
4356	2.796389660743229	0.19883281451750118	0.0711034006843864	FMNL1	0.26961815	False
4357	2.796389660743229	0.19883281451750118	0.0711034006843864	MAP3K14-AS1	0.26961815	False
4358	2.796389660743229	0.19883281451750118	0.0711034006843864	SPATA32	0.26961815	False
4359	2.796389660743229	0.19883281451750118	0.0711034006843864	MAP3K14	0.26961815	False
4360	2.796389660743229	0.19883281451750118	0.0711034006843864	ARHGAP27	0.26961815	False
4361	2.796389660743229	0.19883281451750118	0.0711034006843864	PLEKHM1	0.26961815	False
4362	2.796389660743229	0.19883281451750118	0.0711034006843864	LINC02210-CRHR1	0.26961815	False
4363	2.796389660743229	0.19883281451750118	0.0711034006843864	LINC02210	0.26961815	False
4364	2.796389660743229	0.19883281451750118	0.0711034006843864	CRHR1	0.26961815	False
4365	2.796389660743229	0.19883281451750118	0.0711034006843864	MAPT-AS1	0.26961815	False
4366	2.796389660743229	0.19883281451750118	0.0711034006843864	SPPL2C	0.26961815	False
4367	2.7016103772284485	0.15178332605788494	0.05618253739963708	MAPT	0.26961774	False
4368	2.796389660743229	0.19883281451750118	0.0711034006843864	MAPT-IT1	0.26961815	False
4369	2.7016103772284485	0.15178332605788494	0.05618253739963708	STH	0.26961774	False
4370	2.7016103772284485	0.15178332605788494	0.05618253739963708	KANSL1	0.26961774	False
4371	2.6627174718857356	0.15896329725483604	0.059699648548239816	KANSL1-AS1	0.26961786	False
4372	2.6627174718857356	0.15896329725483604	0.059699648548239816	ARL17B	0.26961786	False
4373	2.6627174718857356	0.15896329725483604	0.059699648548239816	LRRC37A	0.26961786	False
4374	2.6627174718857356	0.15896329725483604	0.059699648548239816	ARL17A	0.26961786	False
4375	2.6627174718857356	0.15896329725483604	0.059699648548239816	LRRC37A2	0.26961786	False
4376	2.6627174718857356	0.15896329725483604	0.059699648548239816	NSF	0.26961786	False
4377	2.6627174718857356	0.15896329725483604	0.059699648548239816	NSFP1	0.26961786	False
4378	2.6627174718857356	0.15896329725483604	0.059699648548239816	WNT3	0.26961786	False
4379	2.6627174718857356	0.15896329725483604	0.059699648548239816	WNT9B	0.26961786	False
4380	2.635391306688218	0.1484891453754947	0.05634424952326893	GOSR2	0.26961774	False
4381	2.635391306688218	0.1484891453754947	0.05634424952326893	MIR5089	0.26961774	False
4382	2.635391306688218	0.1484891453754947	0.05634424952326893	RPRML	0.26961774	False
4383	2.6460581437024273	0.19589669518407482	0.07403340536953262	CDC27	0.269618	False
4384	2.6460581437024273	0.19589669518407482	0.07403340536953262	MYL4	0.269618	False
4385	2.6460581437024273	0.19589669518407482	0.07403340536953262	ITGB3	0.269618	False
4386	2.6460581437024273	0.19589669518407482	0.07403340536953262	THCAT158	0.269618	False
4387	2.6460581437024273	0.19589669518407482	0.07403340536953262	EFCAB13	0.269618	False
4388	2.6460581437024273	0.19589669518407482	0.07403340536953262	NPEPPS	0.269618	False
4389	2.6460581437024273	0.19589669518407482	0.07403340536953262	KPNB1	0.269618	False
4390	2.6460581437024273	0.19589669518407482	0.07403340536953262	TBKBP1	0.269618	False
4391	2.6460581437024273	0.19589669518407482	0.07403340536953262	TBX21	0.269618	False
4392	2.6460581437024273	0.19589669518407482	0.07403340536953262	OSBPL7	0.269618	False
4393	2.6460581437024273	0.19589669518407482	0.07403340536953262	MRPL10	0.269618	False
4394	2.6460581437024273	0.19589669518407482	0.07403340536953262	LRRC46	0.269618	False
4395	2.6460581437024273	0.19589669518407482	0.07403340536953262	SCRN2	0.269618	False
4396	2.6460581437024273	0.19589669518407482	0.07403340536953262	SP6	0.269618	False
4397	2.6460581437024273	0.19589669518407482	0.07403340536953262	LOC102724532	0.269618	False
4398	2.704822404195699	0.23086111204358883	0.08535167103225665	MSI2	0.26961815	False
4399	2.704822404195699	0.23086111204358883	0.08535167103225665	LOC101927557	0.26961815	False
4400	2.704822404195699	0.23086111204358883	0.08535167103225665	LOC101927539	0.26961815	False
4401	2.704822404195699	0.23086111204358883	0.08535167103225665	CCDC182	0.26961815	False
4402	2.704822404195699	0.23086111204358883	0.08535167103225665	MRPS23	0.26961815	False
4403	2.7841757690725157	0.22534403201813527	0.08093743021591035	CUEDC1	0.26961806	False
4404	2.7841757690725157	0.22534403201813527	0.08093743021591035	VEZF1	0.26961806	False
4405	2.7841757690725157	0.22534403201813527	0.08093743021591035	SRSF1	0.26961806	False
4406	2.7841757690725157	0.22534403201813527	0.08093743021591035	LOC101927666	0.26961806	False
4407	2.7841757690725157	0.22534403201813527	0.08093743021591035	DYNLL2	0.26961806	False
4408	2.885653525623495	0.2731138059905962	0.09464539091940544	OR4D1	0.2696184	False
4409	2.885653525623495	0.2731138059905962	0.09464539091940544	OR4D2	0.2696184	False
4410	2.885653525623495	0.2731138059905962	0.09464539091940544	EPX	0.2696184	False
4411	2.885653525623495	0.2731138059905962	0.09464539091940544	MKS1	0.2696184	False
4412	2.885653525623495	0.2731138059905962	0.09464539091940544	LPO	0.2696184	False
4413	2.885653525623495	0.2731138059905962	0.09464539091940544	MPO	0.2696184	False
4414	2.885653525623495	0.2731138059905962	0.09464539091940544	TSPOAP1	0.2696184	False
4415	2.885653525623495	0.2731138059905962	0.09464539091940544	TSPOAP1-AS1	0.2696184	False
4416	2.885653525623495	0.2731138059905962	0.09464539091940544	MIR142	0.2696184	False
4417	2.885653525623495	0.2731138059905962	0.09464539091940544	MIR4736	0.2696184	False
4418	2.885653525623495	0.2731138059905962	0.09464539091940544	SUPT4H1	0.2696184	False
4419	2.885653525623495	0.2731138059905962	0.09464539091940544	RNF43	0.2696184	False
4420	2.885653525623495	0.2731138059905962	0.09464539091940544	HSF5	0.2696184	False
4421	2.885653525623495	0.2731138059905962	0.09464539091940544	MTMR4	0.2696184	False
4422	2.885653525623495	0.2731138059905962	0.09464539091940544	SEPT4-AS1	0.2696184	False
4423	2.885653525623495	0.2731138059905962	0.09464539091940544	SEPT4	0.2696184	False
4424	2.885653525623495	0.2731138059905962	0.09464539091940544	C17orf47	0.2696184	False
4425	2.885653525623495	0.2731138059905962	0.09464539091940544	TEX14	0.2696184	False
4426	2.885653525623495	0.2731138059905962	0.09464539091940544	RAD51C	0.2696184	False
4427	2.906984980098169	0.25509371681184445	0.08775198996839328	PPM1E	0.2696183	False
4428	2.906984980098169	0.25509371681184445	0.08775198996839328	TRIM37	0.2696183	False
4429	3.0751963790648773	0.33296593001128316	0.10827468849730282	SKA2	0.26961896	False
4430	3.0751963790648773	0.33296593001128316	0.10827468849730282	MIR454	0.26961896	False
4431	3.0751963790648773	0.33296593001128316	0.10827468849730282	MIR301A	0.26961896	False
4432	3.0751963790648773	0.33296593001128316	0.10827468849730282	PRR11	0.26961896	False
4433	3.0751963790648773	0.33296593001128316	0.10827468849730282	SMG8	0.26961896	False
4434	3.0751963790648773	0.33296593001128316	0.10827468849730282	GDPD1	0.26961896	False
4435	3.0751963790648773	0.33296593001128316	0.10827468849730282	YPEL2	0.26961896	False
4436	3.0751963790648773	0.33296593001128316	0.10827468849730282	MIR4729	0.26961896	False
4437	3.0751963790648773	0.33296593001128316	0.10827468849730282	LINC01476	0.26961896	False
4438	3.0751963790648773	0.33296593001128316	0.10827468849730282	DHX40	0.26961896	False
4439	3.0751963790648773	0.33296593001128316	0.10827468849730282	CLTC	0.26961896	False
4440	3.0751963790648773	0.33296593001128316	0.10827468849730282	PTRH2	0.26961896	False
4441	3.0751963790648773	0.33296593001128316	0.10827468849730282	VMP1	0.26961896	False
4442	3.0751963790648773	0.33296593001128316	0.10827468849730282	MIR21	0.26961896	False
4443	3.0751963790648773	0.33296593001128316	0.10827468849730282	TUBD1	0.26961896	False
4444	2.8604213484078365	0.25119967150077	0.08781911505470773	RPS6KB1	0.26961827	False
4445	2.8604213484078365	0.25119967150077	0.08781911505470773	RNFT1-DT	0.26961827	False
4446	2.8604213484078365	0.25119967150077	0.08781911505470773	RNFT1	0.26961827	False
4447	2.8604213484078365	0.25119967150077	0.08781911505470773	TBC1D3P1-DHX40P1	0.26961827	False
4448	2.8604213484078365	0.25119967150077	0.08781911505470773	MIR4737	0.26961827	False
4449	2.8604213484078365	0.25119967150077	0.08781911505470773	HEATR6	0.26961827	False
4450	2.8604213484078365	0.25119967150077	0.08781911505470773	WFDC21P	0.26961827	False
4451	2.831885256174013	0.2847787246971558	0.10056153372608852	CA4	0.26961845	False
4452	2.831885256174013	0.2847787246971558	0.10056153372608852	USP32	0.26961845	False
4453	2.831885256174013	0.2847787246971558	0.10056153372608852	SCARNA20	0.26961845	False
4454	2.831885256174013	0.2847787246971558	0.10056153372608852	C17orf64	0.26961845	False
4455	2.831885256174013	0.2847787246971558	0.10056153372608852	APPBP2	0.26961845	False
4456	2.831885256174013	0.2847787246971558	0.10056153372608852	LINC01999	0.26961845	False
4457	2.831885256174013	0.2847787246971558	0.10056153372608852	PPM1D	0.26961845	False
4458	2.7902674832949703	0.23935778539801125	0.08578309672137902	BCAS3	0.2696182	False
4459	2.7083935671965924	0.24871827921958567	0.09183239918747456	TBX2-AS1	0.2696183	False
4460	2.7083935671965924	0.24871827921958567	0.09183239918747456	TBX2	0.2696183	False
4461	2.7083935671965924	0.24871827921958567	0.09183239918747456	C17orf82	0.2696183	False
4462	2.7083935671965924	0.24871827921958567	0.09183239918747456	TBX4	0.2696183	False
4463	2.7083935671965924	0.24871827921958567	0.09183239918747456	NACA2	0.2696183	False
4464	2.7083935671965924	0.24871827921958567	0.09183239918747456	BRIP1	0.2696183	False
4465	2.779712453033525	0.22827122784911708	0.08212044652316561	INTS2	0.2696182	False
4466	2.779712453033525	0.22827122784911708	0.08212044652316561	MED13	0.2696182	False
4467	2.731901859494434	0.23782873883718686	0.08705610635705613	TBC1D3P2	0.2696183	False
4468	2.731901859494434	0.23782873883718686	0.08705610635705613	EFCAB3	0.2696183	False
4469	2.731901859494434	0.23782873883718686	0.08705610635705613	METTL2A	0.2696183	False
4470	2.731901859494434	0.23782873883718686	0.08705610635705613	TLK2	0.2696183	False
4471	2.731901859494434	0.23782873883718686	0.08705610635705613	MRC2	0.2696183	False
4472	2.731901859494434	0.23782873883718686	0.08705610635705613	MARCH10	0.2696183	False
4473	2.811377436909124	0.23026971914706162	0.08190636949844204	MIR633	0.2696182	False
4474	2.811377436909124	0.23026971914706162	0.08190636949844204	TANC2	0.2696182	False
4475	3.0092238903934967	0.30231290236642017	0.10046208370587163	CYB561	0.2696188	False
4476	3.0092238903934967	0.30231290236642017	0.10046208370587163	ACE	0.2696188	False
4477	3.0092238903934967	0.30231290236642017	0.10046208370587163	KCNH6	0.2696188	False
4478	3.0092238903934967	0.30231290236642017	0.10046208370587163	DCAF7	0.2696188	False
4479	3.0092238903934967	0.30231290236642017	0.10046208370587163	TACO1	0.2696188	False
4480	3.0092238903934967	0.30231290236642017	0.10046208370587163	MAP3K3	0.2696188	False
4481	3.0092238903934967	0.30231290236642017	0.10046208370587163	LIMD2	0.2696188	False
4482	3.0092238903934967	0.30231290236642017	0.10046208370587163	LOC729683	0.2696188	False
4483	3.0092238903934967	0.30231290236642017	0.10046208370587163	STRADA	0.2696188	False
4484	3.0092238903934967	0.30231290236642017	0.10046208370587163	CCDC47	0.2696188	False
4485	3.0092238903934967	0.30231290236642017	0.10046208370587163	DDX42	0.2696188	False
4486	3.0092238903934967	0.30231290236642017	0.10046208370587163	FTSJ3	0.2696188	False
4487	3.0092238903934967	0.30231290236642017	0.10046208370587163	PSMC5	0.2696188	False
4488	3.0092238903934967	0.30231290236642017	0.10046208370587163	SMARCD2	0.2696188	False
4489	3.0092238903934967	0.30231290236642017	0.10046208370587163	CSH2	0.2696188	False
4490	3.0092238903934967	0.30231290236642017	0.10046208370587163	GH2	0.2696188	False
4491	3.0092238903934967	0.30231290236642017	0.10046208370587163	CSH1	0.2696188	False
4492	2.907844896189554	0.2437336565040014	0.08381934566846756	CSHL1	0.2696183	False
4493	2.907844896189554	0.2437336565040014	0.08381934566846756	GH1	0.2696183	False
4494	2.907844896189554	0.2437336565040014	0.08381934566846756	CD79B	0.2696183	False
4495	2.907844896189554	0.2437336565040014	0.08381934566846756	SCN4A	0.2696183	False
4496	2.907844896189554	0.2437336565040014	0.08381934566846756	PRR29-AS1	0.2696183	False
4497	2.907844896189554	0.2437336565040014	0.08381934566846756	PRR29	0.2696183	False
4498	2.907844896189554	0.2437336565040014	0.08381934566846756	ICAM2	0.2696183	False
4499	2.907844896189554	0.2437336565040014	0.08381934566846756	ERN1	0.2696183	False
4500	2.9800623486297293	0.28979178240171677	0.09724353000029236	SNHG25	0.26961863	False
4501	2.9800623486297293	0.28979178240171677	0.09724353000029236	SNORD104	0.26961863	False
4502	2.9800623486297293	0.28979178240171677	0.09724353000029236	SNORA50C	0.26961863	False
4503	2.9800623486297293	0.28979178240171677	0.09724353000029236	TEX2	0.26961863	False
4504	2.9800623486297293	0.28979178240171677	0.09724353000029236	PECAM1	0.26961863	False
4505	2.9800623486297293	0.28979178240171677	0.09724353000029236	MILR1	0.26961863	False
4506	2.9800623486297293	0.28979178240171677	0.09724353000029236	POLG2	0.26961863	False
4507	2.9800623486297293	0.28979178240171677	0.09724353000029236	DDX5	0.26961863	False
4508	2.9800623486297293	0.28979178240171677	0.09724353000029236	MIR3064	0.26961863	False
4509	2.9800623486297293	0.28979178240171677	0.09724353000029236	MIR5047	0.26961863	False
4510	2.9800623486297293	0.28979178240171677	0.09724353000029236	CEP95	0.26961863	False
4511	2.9800623486297293	0.28979178240171677	0.09724353000029236	SMURF2	0.26961863	False
4512	2.9800623486297293	0.28979178240171677	0.09724353000029236	ARHGAP27P1	0.26961863	False
4513	2.9800623486297293	0.28979178240171677	0.09724353000029236	MIR6080	0.26961863	False
4514	2.785740782163914	0.2108942784638721	0.07570491835211356	LRRC37A3	0.269618	False
4515	2.785740782163914	0.2108942784638721	0.07570491835211356	GNA13	0.269618	False
4516	2.6898275188379834	0.2114232698140723	0.07860105093482278	LOC100507002	0.2696181	False
4517	2.6898275188379834	0.2114232698140723	0.07860105093482278	RGS9	0.2696181	False
4518	2.6898275188379834	0.2114232698140723	0.07860105093482278	LINC02563	0.2696181	False
4519	2.6898275188379834	0.2114232698140723	0.07860105093482278	AXIN2	0.2696181	False
4520	2.686454817329818	0.19191423371642494	0.07143772993255725	CEP112	0.26961797	False
4521	2.6904550160133227	0.2680712429323483	0.09963788330851649	BPTF	0.26961845	False
4522	2.6904550160133227	0.2680712429323483	0.09963788330851649	C17orf58	0.26961845	False
4523	2.6904550160133227	0.2680712429323483	0.09963788330851649	KPNA2	0.26961845	False
4524	2.843282352434156	0.3828193171379109	0.13463992304885808	AMZ2	0.26961908	False
4525	2.843282352434156	0.3828193171379109	0.13463992304885808	ARSG	0.26961908	False
4526	2.843282352434156	0.3828193171379109	0.13463992304885808	SLC16A6	0.26961908	False
4527	2.843282352434156	0.3828193171379109	0.13463992304885808	PRKAR1A	0.26961908	False
4528	2.843282352434156	0.3828193171379109	0.13463992304885808	WIPI1	0.26961908	False
4529	2.843282352434156	0.3828193171379109	0.13463992304885808	MIR635	0.26961908	False
4530	2.843282352434156	0.3828193171379109	0.13463992304885808	FAM20A	0.26961908	False
4531	2.843282352434156	0.3828193171379109	0.13463992304885808	LINC01482	0.26961908	False
4532	2.8404371767322325	0.19559581488430333	0.06886116562849864	RPL38	0.26961797	False
4533	2.8404371767322325	0.19559581488430333	0.06886116562849864	MGC16275	0.26961797	False
4534	2.8404371767322325	0.19559581488430333	0.06886116562849864	TTYH2	0.26961797	False
4535	2.8404371767322325	0.19559581488430333	0.06886116562849864	DNAI2	0.26961797	False
4536	2.8404371767322325	0.19559581488430333	0.06886116562849864	KIF19	0.26961797	False
4537	2.8404371767322325	0.19559581488430333	0.06886116562849864	BTBD17	0.26961797	False
4538	2.8404371767322325	0.19559581488430333	0.06886116562849864	GPR142	0.26961797	False
4539	2.8404371767322325	0.19559581488430333	0.06886116562849864	GPRC5C	0.26961797	False
4540	2.8404371767322325	0.19559581488430333	0.06886116562849864	CD300A	0.26961797	False
4541	2.8404371767322325	0.19559581488430333	0.06886116562849864	CD300LB	0.26961797	False
4542	2.8404371767322325	0.19559581488430333	0.06886116562849864	CD300C	0.26961797	False
4543	2.8404371767322325	0.19559581488430333	0.06886116562849864	CD300LD	0.26961797	False
4544	2.8404371767322325	0.19559581488430333	0.06886116562849864	C17orf77	0.26961797	False
4545	2.8404371767322325	0.19559581488430333	0.06886116562849864	CD300E	0.26961797	False
4546	2.8404371767322325	0.19559581488430333	0.06886116562849864	RAB37	0.26961797	False
4547	2.8404371767322325	0.19559581488430333	0.06886116562849864	CD300LF	0.26961797	False
4548	2.8404371767322325	0.19559581488430333	0.06886116562849864	MIR3615	0.26961797	False
4549	2.8404371767322325	0.19559581488430333	0.06886116562849864	SLC9A3R1	0.26961797	False
4550	2.8404371767322325	0.19559581488430333	0.06886116562849864	NAT9	0.26961797	False
4551	2.8404371767322325	0.19559581488430333	0.06886116562849864	TMEM104	0.26961797	False
4552	2.8404371767322325	0.19559581488430333	0.06886116562849864	GRIN2C	0.26961797	False
4553	2.8404371767322325	0.19559581488430333	0.06886116562849864	FDXR	0.26961797	False
4554	2.8404371767322325	0.19559581488430333	0.06886116562849864	FADS6	0.26961797	False
4555	2.9251009211475627	0.19759670209067326	0.0675520973181168	USH1G	0.2696181	False
4556	2.9251009211475627	0.19759670209067326	0.0675520973181168	OTOP2	0.2696181	False
4557	2.9251009211475627	0.19759670209067326	0.0675520973181168	OTOP3	0.2696181	False
4558	2.9251009211475627	0.19759670209067326	0.0675520973181168	HID1	0.2696181	False
4559	2.9251009211475627	0.19759670209067326	0.0675520973181168	HID1-AS1	0.2696181	False
4560	2.9251009211475627	0.19759670209067326	0.0675520973181168	CDR2L	0.2696181	False
4561	2.9251009211475627	0.19759670209067326	0.0675520973181168	MRPL58	0.2696181	False
4562	2.9251009211475627	0.19759670209067326	0.0675520973181168	KCTD2	0.2696181	False
4563	2.9251009211475627	0.19759670209067326	0.0675520973181168	ATP5PD	0.2696181	False
4564	2.9251009211475627	0.19759670209067326	0.0675520973181168	SLC16A5	0.2696181	False
4565	3.2176725761984555	0.2665772351020694	0.08284784383407312	ARMC7	0.26961872	False
4566	3.2176725761984555	0.2665772351020694	0.08284784383407312	NT5C	0.26961872	False
4567	3.2176725761984555	0.2665772351020694	0.08284784383407312	JPT1	0.26961872	False
4568	3.2176725761984555	0.2665772351020694	0.08284784383407312	SUMO2	0.26961872	False
4569	3.2176725761984555	0.2665772351020694	0.08284784383407312	NUP85	0.26961872	False
4570	3.2176725761984555	0.2665772351020694	0.08284784383407312	GGA3	0.26961872	False
4571	3.2176725761984555	0.2665772351020694	0.08284784383407312	MRPS7	0.26961872	False
4572	3.2176725761984555	0.2665772351020694	0.08284784383407312	MIF4GD	0.26961872	False
4573	3.2176725761984555	0.2665772351020694	0.08284784383407312	LOC100287042	0.26961872	False
4574	3.2176725761984555	0.2665772351020694	0.08284784383407312	SLC25A19	0.26961872	False
4575	3.2176725761984555	0.2665772351020694	0.08284784383407312	GRB2	0.26961872	False
4576	3.2176725761984555	0.2665772351020694	0.08284784383407312	MIR3678	0.26961872	False
4577	3.2176725761984555	0.2665772351020694	0.08284784383407312	TMEM94	0.26961872	False
4578	3.2176725761984555	0.2665772351020694	0.08284784383407312	MIR6785	0.26961872	False
4579	3.2176725761984555	0.2665772351020694	0.08284784383407312	CASKIN2	0.26961872	False
4580	3.2176725761984555	0.2665772351020694	0.08284784383407312	TSEN54	0.26961872	False
4581	3.2176725761984555	0.2665772351020694	0.08284784383407312	LLGL2	0.26961872	False
4582	3.2176725761984555	0.2665772351020694	0.08284784383407312	MYO15B	0.26961872	False
4583	3.2176725761984555	0.2665772351020694	0.08284784383407312	RECQL5	0.26961872	False
4584	3.2176725761984555	0.2665772351020694	0.08284784383407312	SMIM5	0.26961872	False
4585	3.2176725761984555	0.2665772351020694	0.08284784383407312	SMIM6	0.26961872	False
4586	3.2176725761984555	0.2665772351020694	0.08284784383407312	SAP30BP	0.26961872	False
4587	3.2176725761984555	0.2665772351020694	0.08284784383407312	ITGB4	0.26961872	False
4588	3.2176725761984555	0.2665772351020694	0.08284784383407312	GALK1	0.26961872	False
4589	3.2176725761984555	0.2665772351020694	0.08284784383407312	H3F3B	0.26961872	False
4590	3.2176725761984555	0.2665772351020694	0.08284784383407312	MIR4738	0.26961872	False
4591	3.2176725761984555	0.2665772351020694	0.08284784383407312	UNK	0.26961872	False
4592	3.2176725761984555	0.2665772351020694	0.08284784383407312	UNC13D	0.26961872	False
4593	3.2176725761984555	0.2665772351020694	0.08284784383407312	WBP2	0.26961872	False
4594	3.2176725761984555	0.2665772351020694	0.08284784383407312	TRIM47	0.26961872	False
4595	3.2176725761984555	0.2665772351020694	0.08284784383407312	TRIM65	0.26961872	False
4596	3.0971884130719194	0.205051779363824	0.06620578150763684	MRPL38	0.2696181	False
4597	3.0971884130719194	0.205051779363824	0.06620578150763684	FBF1	0.2696181	False
4598	3.0971884130719194	0.205051779363824	0.06620578150763684	ACOX1	0.2696181	False
4599	3.0971884130719194	0.205051779363824	0.06620578150763684	TEN1	0.2696181	False
4600	3.0971884130719194	0.205051779363824	0.06620578150763684	TEN1-CDK3	0.2696181	False
4601	3.0971884130719194	0.205051779363824	0.06620578150763684	CDK3	0.2696181	False
4602	3.0971884130719194	0.205051779363824	0.06620578150763684	EVPL	0.2696181	False
4603	3.0971884130719194	0.205051779363824	0.06620578150763684	SRP68	0.2696181	False
4604	3.0971884130719194	0.205051779363824	0.06620578150763684	ZACN	0.2696181	False
4605	3.0971884130719194	0.205051779363824	0.06620578150763684	GALR2	0.2696181	False
4606	3.0971884130719194	0.205051779363824	0.06620578150763684	EXOC7	0.2696181	False
4607	3.0971884130719194	0.205051779363824	0.06620578150763684	MIR6868	0.2696181	False
4608	3.10572493089368	0.21452911613504905	0.06907537560749714	FOXJ1	0.2696182	False
4609	3.10572493089368	0.21452911613504905	0.06907537560749714	RNF157-AS1	0.2696182	False
4610	3.10572493089368	0.21452911613504905	0.06907537560749714	RNF157	0.2696182	False
4611	3.10572493089368	0.21452911613504905	0.06907537560749714	UBALD2	0.2696182	False
4612	3.10572493089368	0.21452911613504905	0.06907537560749714	QRICH2	0.2696182	False
4613	3.10572493089368	0.21452911613504905	0.06907537560749714	PRPSAP1	0.2696182	False
4614	3.10572493089368	0.21452911613504905	0.06907537560749714	SPHK1	0.2696182	False
4615	3.10572493089368	0.21452911613504905	0.06907537560749714	UBE2O	0.2696182	False
4616	3.10572493089368	0.21452911613504905	0.06907537560749714	AANAT	0.2696182	False
4617	3.10572493089368	0.21452911613504905	0.06907537560749714	RHBDF2	0.2696182	False
4618	3.10572493089368	0.21452911613504905	0.06907537560749714	CYGB	0.2696182	False
4619	3.10572493089368	0.21452911613504905	0.06907537560749714	PRCD	0.2696182	False
4620	3.10572493089368	0.21452911613504905	0.06907537560749714	SNHG16	0.2696182	False
4621	3.10572493089368	0.21452911613504905	0.06907537560749714	SNORD1C	0.2696182	False
4622	3.10572493089368	0.21452911613504905	0.06907537560749714	SNORD1B	0.2696182	False
4623	3.10572493089368	0.21452911613504905	0.06907537560749714	SNORD1A	0.2696182	False
4624	3.10572493089368	0.21452911613504905	0.06907537560749714	ST6GALNAC2	0.2696182	False
4625	3.10572493089368	0.21452911613504905	0.06907537560749714	ST6GALNAC1	0.2696182	False
4626	3.10572493089368	0.21452911613504905	0.06907537560749714	LOC105274304	0.2696182	False
4627	3.10572493089368	0.21452911613504905	0.06907537560749714	MXRA7	0.2696182	False
4628	3.10572493089368	0.21452911613504905	0.06907537560749714	JMJD6	0.2696182	False
4629	3.10572493089368	0.21452911613504905	0.06907537560749714	METTL23	0.2696182	False
4630	3.10572493089368	0.21452911613504905	0.06907537560749714	SRSF2	0.2696182	False
4631	3.10572493089368	0.21452911613504905	0.06907537560749714	MFSD11	0.2696182	False
4632	3.10572493089368	0.21452911613504905	0.06907537560749714	MIR636	0.2696182	False
4633	3.10572493089368	0.21452911613504905	0.06907537560749714	LINC02080	0.2696182	False
4634	3.10572493089368	0.21452911613504905	0.06907537560749714	LINC00868	0.2696182	False
4635	2.9760498979268575	0.17606228832955617	0.05915972324664405	MGAT5B	0.26961786	False
4636	2.9760498979268575	0.17606228832955617	0.05915972324664405	SNHG20	0.26961786	False
4637	2.9760498979268575	0.17606228832955617	0.05915972324664405	SEC14L1	0.26961786	False
4638	2.9760498979268575	0.17606228832955617	0.05915972324664405	SCARNA16	0.26961786	False
4639	2.9760498979268575	0.17606228832955617	0.05915972324664405	MIR6516	0.26961786	False
4640	2.8845091829039595	0.17905918796868703	0.06207613726104364	SEPT9	0.26961783	False
4641	2.8845091829039595	0.17905918796868703	0.06207613726104364	MIR4316	0.26961783	False
4642	2.8845091829039595	0.17905918796868703	0.06207613726104364	LOC100507351	0.26961783	False
4643	2.8845091829039595	0.17905918796868703	0.06207613726104364	LINC01987	0.26961783	False
4644	2.8845091829039595	0.17905918796868703	0.06207613726104364	LINC01973	0.26961783	False
4645	2.831648686354069	0.16078622982277688	0.056781842534922494	TNRC6C	0.26961777	False
4646	2.7183764081052813	0.16554146678744114	0.060897183441502925	TNRC6C-AS1	0.26961786	False
4647	2.7183764081052813	0.16554146678744114	0.060897183441502925	TMC6	0.26961786	False
4648	2.7183764081052813	0.16554146678744114	0.060897183441502925	TMC8	0.26961786	False
4649	2.7183764081052813	0.16554146678744114	0.060897183441502925	C17orf99	0.26961786	False
4650	2.7183764081052813	0.16554146678744114	0.060897183441502925	SYNGR2	0.26961786	False
4651	2.7183764081052813	0.16554146678744114	0.060897183441502925	TK1	0.26961786	False
4652	2.7183764081052813	0.16554146678744114	0.060897183441502925	AFMID	0.26961786	False
4653	2.7183764081052813	0.16554146678744114	0.060897183441502925	BIRC5	0.26961786	False
4654	2.7183764081052813	0.16554146678744114	0.060897183441502925	TMEM235	0.26961786	False
4655	2.7183764081052813	0.16554146678744114	0.060897183441502925	LINC01993	0.26961786	False
4656	2.7183764081052813	0.16554146678744114	0.060897183441502925	SOCS3	0.26961786	False
4657	2.7183764081052813	0.16554146678744114	0.060897183441502925	LOC101928674	0.26961786	False
4658	2.7183764081052813	0.16554146678744114	0.060897183441502925	PGS1	0.26961786	False
4659	2.7183764081052813	0.16554146678744114	0.060897183441502925	DNAH17	0.26961786	False
4660	2.7183764081052813	0.16554146678744114	0.060897183441502925	DNAH17-AS1	0.26961786	False
4661	2.7183764081052813	0.16554146678744114	0.060897183441502925	SCAT1	0.26961786	False
4662	2.7183764081052813	0.16554146678744114	0.060897183441502925	CYTH1	0.26961786	False
4663	2.7183764081052813	0.16554146678744114	0.060897183441502925	USP36	0.26961786	False
4664	2.7183764081052813	0.16554146678744114	0.060897183441502925	TIMP2	0.26961786	False
4665	2.7183764081052813	0.16554146678744114	0.060897183441502925	CEP295NL	0.26961786	False
4666	2.7183764081052813	0.16554146678744114	0.060897183441502925	LGALS3BP	0.26961786	False
4667	2.7183764081052813	0.16554146678744114	0.060897183441502925	CANT1	0.26961786	False
4668	2.7183764081052813	0.16554146678744114	0.060897183441502925	C1QTNF1-AS1	0.26961786	False
4669	2.7183764081052813	0.16554146678744114	0.060897183441502925	C1QTNF1	0.26961786	False
4670	2.7183764081052813	0.16554146678744114	0.060897183441502925	ENGASE	0.26961786	False
4671	2.7183764081052813	0.16554146678744114	0.060897183441502925	RBFOX3	0.26961786	False
4672	2.709348531477702	0.1827249923485042	0.06744240920855037	MIR4739	0.26961794	False
4673	2.709348531477702	0.1827249923485042	0.06744240920855037	LINC02078	0.26961794	False
4674	2.709348531477702	0.1827249923485042	0.06744240920855037	ENPP7	0.26961794	False
4675	2.709348531477702	0.1827249923485042	0.06744240920855037	CBX2	0.26961794	False
4676	2.709348531477702	0.1827249923485042	0.06744240920855037	CBX8	0.26961794	False
4677	2.709348531477702	0.1827249923485042	0.06744240920855037	CBX4	0.26961794	False
4678	2.709348531477702	0.1827249923485042	0.06744240920855037	LINC01979	0.26961794	False
4679	2.709348531477702	0.1827249923485042	0.06744240920855037	LINC01978	0.26961794	False
4680	2.709348531477702	0.1827249923485042	0.06744240920855037	TBC1D16	0.26961794	False
4681	2.709348531477702	0.1827249923485042	0.06744240920855037	CCDC40	0.26961794	False
4682	2.7645440188672765	0.21776124368650587	0.0787693168205474	GAA	0.26961818	False
4683	2.7645440188672765	0.21776124368650587	0.0787693168205474	EIF4A3	0.26961818	False
4684	2.7645440188672765	0.21776124368650587	0.0787693168205474	CARD14	0.26961818	False
4685	2.7645440188672765	0.21776124368650587	0.0787693168205474	SGSH	0.26961818	False
4686	2.7645440188672765	0.21776124368650587	0.0787693168205474	SLC26A11	0.26961818	False
4687	2.7645440188672765	0.21776124368650587	0.0787693168205474	RNF213	0.26961818	False
4688	2.7645440188672765	0.21776124368650587	0.0787693168205474	LOC100294362	0.26961818	False
4689	2.7645440188672765	0.21776124368650587	0.0787693168205474	ENDOV	0.26961818	False
4690	2.7645440188672765	0.21776124368650587	0.0787693168205474	MIR4730	0.26961818	False
4691	2.7645440188672765	0.21776124368650587	0.0787693168205474	NPTX1	0.26961818	False
4692	2.7645440188672765	0.21776124368650587	0.0787693168205474	RPTOR	0.26961818	False
4693	2.7645440188672765	0.21776124368650587	0.0787693168205474	LOC101928855	0.26961818	False
4694	2.7645440188672765	0.21776124368650587	0.0787693168205474	CHMP6	0.26961818	False
4695	2.7645440188672765	0.21776124368650587	0.0787693168205474	BAIAP2-DT	0.26961818	False
4696	2.7645440188672765	0.21776124368650587	0.0787693168205474	BAIAP2	0.26961818	False
4697	3.6083196798684356	0.4983724594224737	0.13811760144285362	R3HDM4	0.26962093	False
4698	3.6083196798684356	0.4983724594224737	0.13811760144285362	KISS1R	0.26962093	False
4699	3.6083196798684356	0.4983724594224737	0.13811760144285362	ARID3A	0.26962093	False
4700	3.6083196798684356	0.4983724594224737	0.13811760144285362	WDR18	0.26962093	False
4701	3.6083196798684356	0.4983724594224737	0.13811760144285362	GRIN3B	0.26962093	False
4702	3.6083196798684356	0.4983724594224737	0.13811760144285362	TMEM259	0.26962093	False
4703	3.6083196798684356	0.4983724594224737	0.13811760144285362	CNN2	0.26962093	False
4704	3.6083196798684356	0.4983724594224737	0.13811760144285362	ABCA7	0.26962093	False
4705	3.6083196798684356	0.4983724594224737	0.13811760144285362	ARHGAP45	0.26962093	False
4706	3.6083196798684356	0.4983724594224737	0.13811760144285362	POLR2E	0.26962093	False
4707	3.6083196798684356	0.4983724594224737	0.13811760144285362	GPX4	0.26962093	False
4708	3.6083196798684356	0.4983724594224737	0.13811760144285362	SBNO2	0.26962093	False
4709	3.6083196798684356	0.4983724594224737	0.13811760144285362	STK11	0.26962093	False
4710	3.6083196798684356	0.4983724594224737	0.13811760144285362	CBARP	0.26962093	False
4711	3.6083196798684356	0.4983724594224737	0.13811760144285362	ATP5F1D	0.26962093	False
4712	3.6083196798684356	0.4983724594224737	0.13811760144285362	MIDN	0.26962093	False
4713	3.6083196798684356	0.4983724594224737	0.13811760144285362	CIRBP	0.26962093	False
4714	3.6083196798684356	0.4983724594224737	0.13811760144285362	CIRBP-AS1	0.26962093	False
4715	3.6083196798684356	0.4983724594224737	0.13811760144285362	C19orf24	0.26962093	False
4716	3.6083196798684356	0.4983724594224737	0.13811760144285362	MUM1	0.26962093	False
4717	3.6083196798684356	0.4983724594224737	0.13811760144285362	EFNA2	0.26962093	False
4718	3.6083196798684356	0.4983724594224737	0.13811760144285362	NDUFS7	0.26962093	False
4719	3.6083196798684356	0.4983724594224737	0.13811760144285362	GAMT	0.26962093	False
4720	3.6083196798684356	0.4983724594224737	0.13811760144285362	DAZAP1	0.26962093	False
4721	3.6083196798684356	0.4983724594224737	0.13811760144285362	RPS15	0.26962093	False
4722	3.6083196798684356	0.4983724594224737	0.13811760144285362	APC2	0.26962093	False
4723	3.6083196798684356	0.4983724594224737	0.13811760144285362	C19orf25	0.26962093	False
4724	3.6083196798684356	0.4983724594224737	0.13811760144285362	PCSK4	0.26962093	False
4725	3.6083196798684356	0.4983724594224737	0.13811760144285362	REEP6	0.26962093	False
4726	3.6083196798684356	0.4983724594224737	0.13811760144285362	ADAMTSL5	0.26962093	False
4727	3.6083196798684356	0.4983724594224737	0.13811760144285362	PLK5	0.26962093	False
4728	3.6083196798684356	0.4983724594224737	0.13811760144285362	MEX3D	0.26962093	False
4729	3.6083196798684356	0.4983724594224737	0.13811760144285362	MBD3	0.26962093	False
4730	3.6083196798684356	0.4983724594224737	0.13811760144285362	UQCR11	0.26962093	False
4731	3.6083196798684356	0.4983724594224737	0.13811760144285362	TCF3	0.26962093	False
4732	3.6083196798684356	0.4983724594224737	0.13811760144285362	ONECUT3	0.26962093	False
4733	3.6083196798684356	0.4983724594224737	0.13811760144285362	ATP8B3	0.26962093	False
4734	3.6083196798684356	0.4983724594224737	0.13811760144285362	REXO1	0.26962093	False
4735	3.6083196798684356	0.4983724594224737	0.13811760144285362	MIR1909	0.26962093	False
4736	3.6083196798684356	0.4983724594224737	0.13811760144285362	LOC100288123	0.26962093	False
4737	3.6083196798684356	0.4983724594224737	0.13811760144285362	KLF16	0.26962093	False
4738	3.6083196798684356	0.4983724594224737	0.13811760144285362	ABHD17A	0.26962093	False
4739	3.4287982342740997	0.37511245434571655	0.1094005621550171	SCAMP4	0.26961958	False
4740	3.4287982342740997	0.37511245434571655	0.1094005621550171	ADAT3	0.26961958	False
4741	3.4287982342740997	0.37511245434571655	0.1094005621550171	CSNK1G2	0.26961958	False
4742	3.4287982342740997	0.37511245434571655	0.1094005621550171	CSNK1G2-AS1	0.26961958	False
4743	3.4287982342740997	0.37511245434571655	0.1094005621550171	BTBD2	0.26961958	False
4744	3.4287982342740997	0.37511245434571655	0.1094005621550171	MKNK2	0.26961958	False
4745	3.4287982342740997	0.37511245434571655	0.1094005621550171	MOB3A	0.26961958	False
4746	3.4287982342740997	0.37511245434571655	0.1094005621550171	IZUMO4	0.26961958	False
4747	3.4287982342740997	0.37511245434571655	0.1094005621550171	AP3D1	0.26961958	False
4748	3.4287982342740997	0.37511245434571655	0.1094005621550171	DOT1L	0.26961958	False
4749	3.4287982342740997	0.37511245434571655	0.1094005621550171	PLEKHJ1	0.26961958	False
4750	3.4287982342740997	0.37511245434571655	0.1094005621550171	MIR1227	0.26961958	False
4751	3.4287982342740997	0.37511245434571655	0.1094005621550171	MIR6789	0.26961958	False
4752	3.4287982342740997	0.37511245434571655	0.1094005621550171	SF3A2	0.26961958	False
4753	3.4287982342740997	0.37511245434571655	0.1094005621550171	AMH	0.26961958	False
4754	3.4287982342740997	0.37511245434571655	0.1094005621550171	MIR4321	0.26961958	False
4755	3.4287982342740997	0.37511245434571655	0.1094005621550171	JSRP1	0.26961958	False
4756	3.4287982342740997	0.37511245434571655	0.1094005621550171	OAZ1	0.26961958	False
4757	3.4287982342740997	0.37511245434571655	0.1094005621550171	SPPL2B	0.26961958	False
4758	3.4287982342740997	0.37511245434571655	0.1094005621550171	PEAK3	0.26961958	False
4759	3.4287982342740997	0.37511245434571655	0.1094005621550171	LSM7	0.26961958	False
4760	3.4287982342740997	0.37511245434571655	0.1094005621550171	TMPRSS9	0.26961958	False
4761	3.4287982342740997	0.37511245434571655	0.1094005621550171	TIMM13	0.26961958	False
4762	3.4287982342740997	0.37511245434571655	0.1094005621550171	LMNB2	0.26961958	False
4763	3.4287982342740997	0.37511245434571655	0.1094005621550171	MIR7108	0.26961958	False
4764	3.4287982342740997	0.37511245434571655	0.1094005621550171	LINC01775	0.26961958	False
4765	3.4287982342740997	0.37511245434571655	0.1094005621550171	GADD45B	0.26961958	False
4766	3.4287982342740997	0.37511245434571655	0.1094005621550171	GNG7	0.26961958	False
4767	3.4287982342740997	0.37511245434571655	0.1094005621550171	MIR7850	0.26961958	False
4768	3.4287982342740997	0.37511245434571655	0.1094005621550171	DIRAS1	0.26961958	False
4769	3.4287982342740997	0.37511245434571655	0.1094005621550171	SLC39A3	0.26961958	False
4770	3.4287982342740997	0.37511245434571655	0.1094005621550171	SGTA	0.26961958	False
4771	3.4287982342740997	0.37511245434571655	0.1094005621550171	THOP1	0.26961958	False
4772	3.4287982342740997	0.37511245434571655	0.1094005621550171	ZNF554	0.26961958	False
4773	3.4287982342740997	0.37511245434571655	0.1094005621550171	ZNF555	0.26961958	False
4774	3.4287982342740997	0.37511245434571655	0.1094005621550171	ZNF556	0.26961958	False
4775	3.2041093721892437	0.27432798378282164	0.0856175466929782	ZNF57	0.26961845	False
4776	3.2041093721892437	0.27432798378282164	0.0856175466929782	ZNF77	0.26961845	False
4777	3.2041093721892437	0.27432798378282164	0.0856175466929782	TLE6	0.26961845	False
4778	3.2041093721892437	0.27432798378282164	0.0856175466929782	TLE2	0.26961845	False
4779	3.2041093721892437	0.27432798378282164	0.0856175466929782	AES	0.26961845	False
4780	3.2041093721892437	0.27432798378282164	0.0856175466929782	GNA11	0.26961845	False
4781	3.2041093721892437	0.27432798378282164	0.0856175466929782	GNA15	0.26961845	False
4782	3.2041093721892437	0.27432798378282164	0.0856175466929782	LOC100996351	0.26961845	False
4783	3.2041093721892437	0.27432798378282164	0.0856175466929782	S1PR4	0.26961845	False
4784	3.2041093721892437	0.27432798378282164	0.0856175466929782	NCLN	0.26961845	False
4785	3.2041093721892437	0.27432798378282164	0.0856175466929782	CELF5	0.26961845	False
4786	3.2041093721892437	0.27432798378282164	0.0856175466929782	NFIC	0.26961845	False
4787	3.2041093721892437	0.27432798378282164	0.0856175466929782	SMIM24	0.26961845	False
4788	3.2041093721892437	0.27432798378282164	0.0856175466929782	DOHH	0.26961845	False
4789	3.2041093721892437	0.27432798378282164	0.0856175466929782	FZR1	0.26961845	False
4790	3.2041093721892437	0.27432798378282164	0.0856175466929782	MFSD12	0.26961845	False
4791	3.2041093721892437	0.27432798378282164	0.0856175466929782	C19orf71	0.26961845	False
4792	3.2041093721892437	0.27432798378282164	0.0856175466929782	HMG20B	0.26961845	False
4793	3.2041093721892437	0.27432798378282164	0.0856175466929782	GIPC3	0.26961845	False
4794	3.2041093721892437	0.27432798378282164	0.0856175466929782	TBXA2R	0.26961845	False
4795	3.2041093721892437	0.27432798378282164	0.0856175466929782	CACTIN-AS1	0.26961845	False
4796	3.2041093721892437	0.27432798378282164	0.0856175466929782	CACTIN	0.26961845	False
4797	3.2041093721892437	0.27432798378282164	0.0856175466929782	PIP5K1C	0.26961845	False
4798	3.2041093721892437	0.27432798378282164	0.0856175466929782	TJP3	0.26961845	False
4799	3.2041093721892437	0.27432798378282164	0.0856175466929782	APBA3	0.26961845	False
4800	3.2041093721892437	0.27432798378282164	0.0856175466929782	MRPL54	0.26961845	False
4801	3.2041093721892437	0.27432798378282164	0.0856175466929782	RAX2	0.26961845	False
4802	3.2041093721892437	0.27432798378282164	0.0856175466929782	MATK	0.26961845	False
4803	3.2041093721892437	0.27432798378282164	0.0856175466929782	ZFR2	0.26961845	False
4804	3.053297311245655	0.2149193640270182	0.07038926842644663	ATCAY	0.269618	False
4805	3.053297311245655	0.2149193640270182	0.07038926842644663	NMRK2	0.269618	False
4806	3.053297311245655	0.2149193640270182	0.07038926842644663	DAPK3	0.269618	False
4807	3.053297311245655	0.2149193640270182	0.07038926842644663	MIR637	0.269618	False
4808	3.053297311245655	0.2149193640270182	0.07038926842644663	EEF2	0.269618	False
4809	3.053297311245655	0.2149193640270182	0.07038926842644663	SNORD37	0.269618	False
4810	3.053297311245655	0.2149193640270182	0.07038926842644663	PIAS4	0.269618	False
4811	3.053297311245655	0.2149193640270182	0.07038926842644663	ZBTB7A	0.269618	False
4812	3.053297311245655	0.2149193640270182	0.07038926842644663	MAP2K2	0.269618	False
4813	2.881043641743267	0.20058272882968106	0.06962155169170298	CREB3L3	0.26961792	False
4814	2.881043641743267	0.20058272882968106	0.06962155169170298	SIRT6	0.26961792	False
4815	2.881043641743267	0.20058272882968106	0.06962155169170298	ANKRD24	0.26961792	False
4816	2.881043641743267	0.20058272882968106	0.06962155169170298	EBI3	0.26961792	False
4817	2.881043641743267	0.20058272882968106	0.06962155169170298	YJU2	0.26961792	False
4818	2.881043641743267	0.20058272882968106	0.06962155169170298	SHD	0.26961792	False
4819	2.881043641743267	0.20058272882968106	0.06962155169170298	TMIGD2	0.26961792	False
4820	2.881043641743267	0.20058272882968106	0.06962155169170298	FSD1	0.26961792	False
4821	2.881043641743267	0.20058272882968106	0.06962155169170298	STAP2	0.26961792	False
4822	2.881043641743267	0.20058272882968106	0.06962155169170298	MPND	0.26961792	False
4823	2.881043641743267	0.20058272882968106	0.06962155169170298	SH3GL1	0.26961792	False
4824	2.881043641743267	0.20058272882968106	0.06962155169170298	CHAF1A	0.26961792	False
4825	2.881043641743267	0.20058272882968106	0.06962155169170298	UBXN6	0.26961792	False
4826	2.881043641743267	0.20058272882968106	0.06962155169170298	MIR4746	0.26961792	False
4827	2.881043641743267	0.20058272882968106	0.06962155169170298	HDGFL2	0.26961792	False
4828	2.881043641743267	0.20058272882968106	0.06962155169170298	PLIN4	0.26961792	False
4829	2.881043641743267	0.20058272882968106	0.06962155169170298	PLIN5	0.26961792	False
4830	2.881043641743267	0.20058272882968106	0.06962155169170298	LRG1	0.26961792	False
4831	2.881043641743267	0.20058272882968106	0.06962155169170298	SEMA6B	0.26961792	False
4832	2.881043641743267	0.20058272882968106	0.06962155169170298	TNFAIP8L1	0.26961792	False
4833	2.881043641743267	0.20058272882968106	0.06962155169170298	MYDGF	0.26961792	False
4834	2.881043641743267	0.20058272882968106	0.06962155169170298	DPP9	0.26961792	False
4835	2.881043641743267	0.20058272882968106	0.06962155169170298	DPP9-AS1	0.26961792	False
4836	2.881043641743267	0.20058272882968106	0.06962155169170298	MIR7-3HG	0.26961792	False
4837	2.881043641743267	0.20058272882968106	0.06962155169170298	MIR7-3	0.26961792	False
4838	2.881043641743267	0.20058272882968106	0.06962155169170298	FEM1A	0.26961792	False
4839	2.881043641743267	0.20058272882968106	0.06962155169170298	TICAM1	0.26961792	False
4840	2.881043641743267	0.20058272882968106	0.06962155169170298	PLIN3	0.26961792	False
4841	2.7481792591894547	0.15714038817322595	0.05717981738191736	ARRDC5	0.26961768	False
4842	2.7481792591894547	0.15714038817322595	0.05717981738191736	UHRF1	0.26961768	False
4843	2.7481792591894547	0.15714038817322595	0.05717981738191736	MIR4747	0.26961768	False
4844	2.7481792591894547	0.15714038817322595	0.05717981738191736	KDM4B	0.26961768	False
4845	2.605400004399006	0.1433281542161239	0.055011957463009895	PTPRS	0.26961774	False
4846	2.605400004399006	0.1433281542161239	0.055011957463009895	ZNRF4	0.26961774	False
4847	2.605400004399006	0.1433281542161239	0.055011957463009895	TINCR	0.26961774	False
4848	2.605400004399006	0.1433281542161239	0.055011957463009895	SAFB2	0.26961774	False
4849	2.605400004399006	0.1433281542161239	0.055011957463009895	SAFB	0.26961774	False
4850	2.605400004399006	0.1433281542161239	0.055011957463009895	RPL36	0.26961774	False
4851	2.605400004399006	0.1433281542161239	0.055011957463009895	C19orf70	0.26961774	False
4852	2.605400004399006	0.1433281542161239	0.055011957463009895	HSD11B1L	0.26961774	False
4853	2.605400004399006	0.1433281542161239	0.055011957463009895	LONP1	0.26961774	False
4854	2.605400004399006	0.1433281542161239	0.055011957463009895	CATSPERD	0.26961774	False
4855	2.605400004399006	0.1433281542161239	0.055011957463009895	PRR22	0.26961774	False
4856	2.605400004399006	0.1433281542161239	0.055011957463009895	DUS3L	0.26961774	False
4857	2.605400004399006	0.1433281542161239	0.055011957463009895	NRTN	0.26961774	False
4858	2.605400004399006	0.1433281542161239	0.055011957463009895	FUT6	0.26961774	False
4859	2.605400004399006	0.1433281542161239	0.055011957463009895	FUT3	0.26961774	False
4860	2.605400004399006	0.1433281542161239	0.055011957463009895	LOC101928844	0.26961774	False
4861	2.5673945299496217	0.12333059002957113	0.04803725667826797	FUT5	0.2696176	False
4862	2.5673945299496217	0.12333059002957113	0.04803725667826797	NDUFA11	0.2696176	False
4863	2.5673945299496217	0.12333059002957113	0.04803725667826797	CAPS	0.2696176	False
4864	2.5673945299496217	0.12333059002957113	0.04803725667826797	VMAC	0.2696176	False
4865	2.5673945299496217	0.12333059002957113	0.04803725667826797	RANBP3	0.2696176	False
4866	2.5673945299496217	0.12333059002957113	0.04803725667826797	LOC100128568	0.2696176	False
4867	2.5673945299496217	0.12333059002957113	0.04803725667826797	RFX2	0.2696176	False
4868	2.6025843752633064	0.17192293358558758	0.06605854366131508	OLFM2	0.26961792	False
4869	2.6025843752633064	0.17192293358558758	0.06605854366131508	COL5A3	0.26961792	False
4870	2.6025843752633064	0.17192293358558758	0.06605854366131508	RDH8	0.26961792	False
4871	2.6025843752633064	0.17192293358558758	0.06605854366131508	MIR5589	0.26961792	False
4872	2.6025843752633064	0.17192293358558758	0.06605854366131508	C19orf66	0.26961792	False
4873	2.6025843752633064	0.17192293358558758	0.06605854366131508	ANGPTL6	0.26961792	False
4874	2.7325833739068552	0.22594938392226446	0.08268709605709777	PPAN-P2RY11	0.2696182	False
4875	2.7325833739068552	0.22594938392226446	0.08268709605709777	PPAN	0.2696182	False
4876	2.7325833739068552	0.22594938392226446	0.08268709605709777	SNORD105	0.2696182	False
4877	2.7325833739068552	0.22594938392226446	0.08268709605709777	SNORD105B	0.2696182	False
4878	2.7325833739068552	0.22594938392226446	0.08268709605709777	P2RY11	0.2696182	False
4879	2.7325833739068552	0.22594938392226446	0.08268709605709777	EIF3G	0.2696182	False
4880	2.7325833739068552	0.22594938392226446	0.08268709605709777	DNMT1	0.2696182	False
4881	2.7325833739068552	0.22594938392226446	0.08268709605709777	S1PR2	0.2696182	False
4882	2.7325833739068552	0.22594938392226446	0.08268709605709777	MIR4322	0.2696182	False
4883	2.7325833739068552	0.22594938392226446	0.08268709605709777	MRPL4	0.2696182	False
4884	2.7325833739068552	0.22594938392226446	0.08268709605709777	ICAM1	0.2696182	False
4885	2.7325833739068552	0.22594938392226446	0.08268709605709777	ICAM4	0.2696182	False
4886	2.7325833739068552	0.22594938392226446	0.08268709605709777	ICAM5	0.2696182	False
4887	2.7325833739068552	0.22594938392226446	0.08268709605709777	ZGLP1	0.2696182	False
4888	2.7325833739068552	0.22594938392226446	0.08268709605709777	FDX2	0.2696182	False
4889	2.7325833739068552	0.22594938392226446	0.08268709605709777	RAVER1	0.2696182	False
4890	2.7325833739068552	0.22594938392226446	0.08268709605709777	ICAM3	0.2696182	False
4891	2.7325833739068552	0.22594938392226446	0.08268709605709777	TYK2	0.2696182	False
4892	2.7325833739068552	0.22594938392226446	0.08268709605709777	CDC37	0.2696182	False
4893	2.7325833739068552	0.22594938392226446	0.08268709605709777	MIR1181	0.2696182	False
4894	2.7325833739068552	0.22594938392226446	0.08268709605709777	PDE4A	0.2696182	False
4895	2.7325833739068552	0.22594938392226446	0.08268709605709777	KEAP1	0.2696182	False
4896	2.7325833739068552	0.22594938392226446	0.08268709605709777	S1PR5	0.2696182	False
4897	2.7325833739068552	0.22594938392226446	0.08268709605709777	ATG4D	0.2696182	False
4898	2.7325833739068552	0.22594938392226446	0.08268709605709777	MIR1238	0.2696182	False
4899	2.7325833739068552	0.22594938392226446	0.08268709605709777	KRI1	0.2696182	False
4900	2.7325833739068552	0.22594938392226446	0.08268709605709777	CDKN2D	0.2696182	False
4901	2.7325833739068552	0.22594938392226446	0.08268709605709777	AP1M2	0.2696182	False
4902	2.7325833739068552	0.22594938392226446	0.08268709605709777	SLC44A2	0.2696182	False
4903	2.7325833739068552	0.22594938392226446	0.08268709605709777	ILF3-DT	0.2696182	False
4904	2.7325833739068552	0.22594938392226446	0.08268709605709777	ILF3	0.2696182	False
4905	2.7325833739068552	0.22594938392226446	0.08268709605709777	QTRT1	0.2696182	False
4906	2.7325833739068552	0.22594938392226446	0.08268709605709777	DNM2	0.2696182	False
4907	2.7325833739068552	0.22594938392226446	0.08268709605709777	MIR638	0.2696182	False
4908	2.7325833739068552	0.22594938392226446	0.08268709605709777	MIR4748	0.2696182	False
4909	2.7325833739068552	0.22594938392226446	0.08268709605709777	MIR199A1	0.2696182	False
4910	2.7325833739068552	0.22594938392226446	0.08268709605709777	MIR6793	0.2696182	False
4911	2.7325833739068552	0.22594938392226446	0.08268709605709777	TMED1	0.2696182	False
4912	2.7325833739068552	0.22594938392226446	0.08268709605709777	C19orf38	0.2696182	False
4913	2.7185995175035007	0.19686074135927345	0.07241255657252943	CARM1	0.26961806	False
4914	2.7185995175035007	0.19686074135927345	0.07241255657252943	YIPF2	0.26961806	False
4915	2.7185995175035007	0.19686074135927345	0.07241255657252943	TIMM29	0.26961806	False
4916	2.7185995175035007	0.19686074135927345	0.07241255657252943	SMARCA4	0.26961806	False
4917	2.7185995175035007	0.19686074135927345	0.07241255657252943	LDLR	0.26961806	False
4918	2.823568932360979	0.22674116899776658	0.08030304002820034	MIR6886	0.2696182	False
4919	2.823568932360979	0.22674116899776658	0.08030304002820034	SPC24	0.2696182	False
4920	2.823568932360979	0.22674116899776658	0.08030304002820034	KANK2	0.2696182	False
4921	2.823568932360979	0.22674116899776658	0.08030304002820034	DOCK6	0.2696182	False
4922	2.823568932360979	0.22674116899776658	0.08030304002820034	LOC105372273	0.2696182	False
4923	2.823568932360979	0.22674116899776658	0.08030304002820034	ANGPTL8	0.2696182	False
4924	2.823568932360979	0.22674116899776658	0.08030304002820034	TSPAN16	0.2696182	False
4925	2.823568932360979	0.22674116899776658	0.08030304002820034	RAB3D	0.2696182	False
4926	2.823568932360979	0.22674116899776658	0.08030304002820034	TMEM205	0.2696182	False
4927	2.823568932360979	0.22674116899776658	0.08030304002820034	CCDC159	0.2696182	False
4928	2.823568932360979	0.22674116899776658	0.08030304002820034	PLPPR2	0.2696182	False
4929	2.823568932360979	0.22674116899776658	0.08030304002820034	SWSAP1	0.2696182	False
4930	2.823568932360979	0.22674116899776658	0.08030304002820034	EPOR	0.2696182	False
4931	2.823568932360979	0.22674116899776658	0.08030304002820034	RGL3	0.2696182	False
4932	2.823568932360979	0.22674116899776658	0.08030304002820034	CCDC151	0.2696182	False
4933	2.823568932360979	0.22674116899776658	0.08030304002820034	PRKCSH	0.2696182	False
4934	2.823568932360979	0.22674116899776658	0.08030304002820034	ELAVL3	0.2696182	False
4935	2.823568932360979	0.22674116899776658	0.08030304002820034	ZNF653	0.2696182	False
4936	2.823568932360979	0.22674116899776658	0.08030304002820034	MIR7974	0.2696182	False
4937	2.823568932360979	0.22674116899776658	0.08030304002820034	ECSIT	0.2696182	False
4938	2.823568932360979	0.22674116899776658	0.08030304002820034	CNN1	0.2696182	False
4939	2.823568932360979	0.22674116899776658	0.08030304002820034	ELOF1	0.2696182	False
4940	2.823568932360979	0.22674116899776658	0.08030304002820034	ZNF627	0.2696182	False
4941	2.823568932360979	0.22674116899776658	0.08030304002820034	ACP5	0.2696182	False
4942	2.823568932360979	0.22674116899776658	0.08030304002820034	ZNF833P	0.2696182	False
4943	2.823568932360979	0.22674116899776658	0.08030304002820034	ZNF823	0.2696182	False
4944	2.823568932360979	0.22674116899776658	0.08030304002820034	ZNF441	0.2696182	False
4945	2.823568932360979	0.22674116899776658	0.08030304002820034	ZNF491	0.2696182	False
4946	2.823568932360979	0.22674116899776658	0.08030304002820034	ZNF440	0.2696182	False
4947	2.823568932360979	0.22674116899776658	0.08030304002820034	ZNF439	0.2696182	False
4948	2.7773062962012434	0.20736465022880754	0.07466394704553751	ZNF69	0.26961815	False
4949	2.7773062962012434	0.20736465022880754	0.07466394704553751	ZNF700	0.26961815	False
4950	2.7773062962012434	0.20736465022880754	0.07466394704553751	ZNF763	0.26961815	False
4951	2.7773062962012434	0.20736465022880754	0.07466394704553751	ZNF433-AS1	0.26961815	False
4952	2.7773062962012434	0.20736465022880754	0.07466394704553751	ZNF433	0.26961815	False
4953	2.7773062962012434	0.20736465022880754	0.07466394704553751	ZNF878	0.26961815	False
4954	2.7773062962012434	0.20736465022880754	0.07466394704553751	ZNF844	0.26961815	False
4955	2.7773062962012434	0.20736465022880754	0.07466394704553751	ZNF788P	0.26961815	False
4956	2.7773062962012434	0.20736465022880754	0.07466394704553751	ZNF20	0.26961815	False
4957	2.811615469591987	0.22677116929880456	0.08065511509357036	ZNF625-ZNF20	0.26961818	False
4958	2.811615469591987	0.22677116929880456	0.08065511509357036	ZNF625	0.26961818	False
4959	2.811615469591987	0.22677116929880456	0.08065511509357036	ZNF136	0.26961818	False
4960	2.811615469591987	0.22677116929880456	0.08065511509357036	LOC100289333	0.26961818	False
4961	2.811615469591987	0.22677116929880456	0.08065511509357036	ZNF44	0.26961818	False
4962	2.811615469591987	0.22677116929880456	0.08065511509357036	ZNF563	0.26961818	False
4963	2.811615469591987	0.22677116929880456	0.08065511509357036	ZNF442	0.26961818	False
4964	2.811615469591987	0.22677116929880456	0.08065511509357036	ZNF799	0.26961818	False
4965	2.811615469591987	0.22677116929880456	0.08065511509357036	ZNF443	0.26961818	False
4966	2.811615469591987	0.22677116929880456	0.08065511509357036	ZNF709	0.26961818	False
4967	2.811615469591987	0.22677116929880456	0.08065511509357036	ZNF564	0.26961818	False
4968	2.811615469591987	0.22677116929880456	0.08065511509357036	ZNF490	0.26961818	False
4969	2.811615469591987	0.22677116929880456	0.08065511509357036	ZNF791	0.26961818	False
4970	2.811615469591987	0.22677116929880456	0.08065511509357036	MAN2B1	0.26961818	False
4971	2.811615469591987	0.22677116929880456	0.08065511509357036	WDR83	0.26961818	False
4972	2.811615469591987	0.22677116929880456	0.08065511509357036	WDR83OS	0.26961818	False
4973	2.811615469591987	0.22677116929880456	0.08065511509357036	DHPS	0.26961818	False
4974	2.811615469591987	0.22677116929880456	0.08065511509357036	FBXW9	0.26961818	False
4975	2.811615469591987	0.22677116929880456	0.08065511509357036	TNPO2	0.26961818	False
4976	2.811615469591987	0.22677116929880456	0.08065511509357036	SNORD41	0.26961818	False
4977	2.811615469591987	0.22677116929880456	0.08065511509357036	TRIR	0.26961818	False
4978	2.811615469591987	0.22677116929880456	0.08065511509357036	ASNA1	0.26961818	False
4979	2.811615469591987	0.22677116929880456	0.08065511509357036	BEST2	0.26961818	False
4980	2.811615469591987	0.22677116929880456	0.08065511509357036	HOOK2	0.26961818	False
4981	2.811615469591987	0.22677116929880456	0.08065511509357036	MIR5684	0.26961818	False
4982	2.811615469591987	0.22677116929880456	0.08065511509357036	JUNB	0.26961818	False
4983	2.811615469591987	0.22677116929880456	0.08065511509357036	PRDX2	0.26961818	False
4984	2.811615469591987	0.22677116929880456	0.08065511509357036	RNASEH2A	0.26961818	False
4985	2.811615469591987	0.22677116929880456	0.08065511509357036	RTBDN	0.26961818	False
4986	2.811615469591987	0.22677116929880456	0.08065511509357036	MAST1	0.26961818	False
4987	2.811615469591987	0.22677116929880456	0.08065511509357036	MIR6794	0.26961818	False
4988	2.811615469591987	0.22677116929880456	0.08065511509357036	DNASE2	0.26961818	False
4989	2.811615469591987	0.22677116929880456	0.08065511509357036	KLF1	0.26961818	False
4990	2.679965083512252	0.18253385788453141	0.06811053584523201	GCDH	0.26961792	False
4991	2.679965083512252	0.18253385788453141	0.06811053584523201	SYCE2	0.26961792	False
4992	2.679965083512252	0.18253385788453141	0.06811053584523201	MIR5695	0.26961792	False
4993	2.679965083512252	0.18253385788453141	0.06811053584523201	FARSA	0.26961792	False
4994	2.679965083512252	0.18253385788453141	0.06811053584523201	CALR	0.26961792	False
4995	2.679965083512252	0.18253385788453141	0.06811053584523201	MIR6515	0.26961792	False
4996	2.679965083512252	0.18253385788453141	0.06811053584523201	RAD23A	0.26961792	False
4997	2.679965083512252	0.18253385788453141	0.06811053584523201	GADD45GIP1	0.26961792	False
4998	2.679965083512252	0.18253385788453141	0.06811053584523201	DAND5	0.26961792	False
4999	2.679965083512252	0.18253385788453141	0.06811053584523201	NFIX	0.26961792	False
5000	2.679965083512252	0.18253385788453141	0.06811053584523201	LYL1	0.26961792	False
5001	2.6079072998009964	0.1937580639949306	0.07429637702602229	RAB8A	0.2696181	False
5002	2.6079072998009964	0.1937580639949306	0.07429637702602229	HSH2D	0.2696181	False
5003	2.6079072998009964	0.1937580639949306	0.07429637702602229	CIB3	0.2696181	False
5004	2.6079072998009964	0.1937580639949306	0.07429637702602229	FAM32A	0.2696181	False
5005	2.6079072998009964	0.1937580639949306	0.07429637702602229	AP1M1	0.2696181	False
5006	2.6079072998009964	0.1937580639949306	0.07429637702602229	KLF2	0.2696181	False
5007	2.6079072998009964	0.1937580639949306	0.07429637702602229	EPS15L1	0.2696181	False
5008	2.6079072998009964	0.1937580639949306	0.07429637702602229	CALR3	0.2696181	False
5009	2.6079072998009964	0.1937580639949306	0.07429637702602229	MED26	0.2696181	False
5010	2.6079072998009964	0.1937580639949306	0.07429637702602229	C19orf44	0.2696181	False
5011	2.6079072998009964	0.1937580639949306	0.07429637702602229	CHERP	0.2696181	False
5012	2.6079072998009964	0.1937580639949306	0.07429637702602229	SLC35E1	0.2696181	False
5013	2.6079072998009964	0.1937580639949306	0.07429637702602229	SMIM7	0.2696181	False
5014	2.6079072998009964	0.1937580639949306	0.07429637702602229	TMEM38A	0.2696181	False
5015	2.6079072998009964	0.1937580639949306	0.07429637702602229	NWD1	0.2696181	False
5016	2.6079072998009964	0.1937580639949306	0.07429637702602229	SIN3B	0.2696181	False
5017	2.6079072998009964	0.1937580639949306	0.07429637702602229	F2RL3	0.2696181	False
5018	2.6757470165551647	0.22106722037443519	0.08261887951538992	CPAMD8	0.2696182	False
5019	2.6757470165551647	0.22106722037443519	0.08261887951538992	HAUS8	0.2696182	False
5020	2.6757470165551647	0.22106722037443519	0.08261887951538992	MYO9B	0.2696182	False
5021	2.7947422067084524	0.2934730719187574	0.10500899553966356	USE1	0.2696187	False
5022	2.7947422067084524	0.2934730719187574	0.10500899553966356	OCEL1	0.2696187	False
5023	2.7947422067084524	0.2934730719187574	0.10500899553966356	NR2F6	0.2696187	False
5024	2.7947422067084524	0.2934730719187574	0.10500899553966356	USHBP1	0.2696187	False
5025	2.7947422067084524	0.2934730719187574	0.10500899553966356	BABAM1	0.2696187	False
5026	2.7947422067084524	0.2934730719187574	0.10500899553966356	ANKLE1	0.2696187	False
5027	2.7947422067084524	0.2934730719187574	0.10500899553966356	ABHD8	0.2696187	False
5028	2.7947422067084524	0.2934730719187574	0.10500899553966356	MRPL34	0.2696187	False
5029	2.7947422067084524	0.2934730719187574	0.10500899553966356	DDA1	0.2696187	False
5030	2.7947422067084524	0.2934730719187574	0.10500899553966356	ANO8	0.2696187	False
5031	2.7947422067084524	0.2934730719187574	0.10500899553966356	GTPBP3	0.2696187	False
5032	2.7947422067084524	0.2934730719187574	0.10500899553966356	PLVAP	0.2696187	False
5033	2.7947422067084524	0.2934730719187574	0.10500899553966356	BST2	0.2696187	False
5034	2.7947422067084524	0.2934730719187574	0.10500899553966356	BISPR	0.2696187	False
5035	2.7947422067084524	0.2934730719187574	0.10500899553966356	MVB12A	0.2696187	False
5036	2.7947422067084524	0.2934730719187574	0.10500899553966356	TMEM221	0.2696187	False
5037	2.7947422067084524	0.2934730719187574	0.10500899553966356	NXNL1	0.2696187	False
5038	2.7947422067084524	0.2934730719187574	0.10500899553966356	SLC27A1	0.2696187	False
5039	2.7947422067084524	0.2934730719187574	0.10500899553966356	PGLS	0.2696187	False
5040	2.7947422067084524	0.2934730719187574	0.10500899553966356	FAM129C	0.2696187	False
5041	2.7947422067084524	0.2934730719187574	0.10500899553966356	COLGALT1	0.2696187	False
5042	2.7947422067084524	0.2934730719187574	0.10500899553966356	UNC13A	0.2696187	False
5043	2.7947422067084524	0.2934730719187574	0.10500899553966356	MAP1S	0.2696187	False
5044	2.7947422067084524	0.2934730719187574	0.10500899553966356	FCHO1	0.2696187	False
5045	2.7947422067084524	0.2934730719187574	0.10500899553966356	B3GNT3	0.2696187	False
5046	2.7947422067084524	0.2934730719187574	0.10500899553966356	INSL3	0.2696187	False
5047	2.7947422067084524	0.2934730719187574	0.10500899553966356	JAK3	0.2696187	False
5048	2.7947422067084524	0.2934730719187574	0.10500899553966356	RPL18A	0.2696187	False
5049	2.7947422067084524	0.2934730719187574	0.10500899553966356	SNORA68	0.2696187	False
5050	2.7947422067084524	0.2934730719187574	0.10500899553966356	SLC5A5	0.2696187	False
5051	2.7353645080795457	0.2718007029692918	0.09936544185115519	CCDC124	0.26961845	False
5052	2.7353645080795457	0.2718007029692918	0.09936544185115519	KCNN1	0.26961845	False
5053	2.7353645080795457	0.2718007029692918	0.09936544185115519	ARRDC2	0.26961845	False
5054	2.7353645080795457	0.2718007029692918	0.09936544185115519	IL12RB1	0.26961845	False
5055	2.7353645080795457	0.2718007029692918	0.09936544185115519	MAST3	0.26961845	False
5056	2.855953944950208	0.3729048337999092	0.13057102494921732	PIK3R2	0.26961917	False
5057	2.855953944950208	0.3729048337999092	0.13057102494921732	IFI30	0.26961917	False
5058	2.855953944950208	0.3729048337999092	0.13057102494921732	MPV17L2	0.26961917	False
5059	2.855953944950208	0.3729048337999092	0.13057102494921732	RAB3A	0.26961917	False
5060	2.855953944950208	0.3729048337999092	0.13057102494921732	LOC102725254	0.26961917	False
5061	2.855953944950208	0.3729048337999092	0.13057102494921732	PDE4C	0.26961917	False
5062	2.855953944950208	0.3729048337999092	0.13057102494921732	LOC729966	0.26961917	False
5063	2.855953944950208	0.3729048337999092	0.13057102494921732	IQCN	0.26961917	False
5064	2.855953944950208	0.3729048337999092	0.13057102494921732	JUND	0.26961917	False
5065	2.855953944950208	0.3729048337999092	0.13057102494921732	MIR3188	0.26961917	False
5066	2.855953944950208	0.3729048337999092	0.13057102494921732	LSM4	0.26961917	False
5067	2.855953944950208	0.3729048337999092	0.13057102494921732	PGPEP1	0.26961917	False
5068	2.855953944950208	0.3729048337999092	0.13057102494921732	GDF15	0.26961917	False
5069	2.855953944950208	0.3729048337999092	0.13057102494921732	MIR3189	0.26961917	False
5070	2.855953944950208	0.3729048337999092	0.13057102494921732	LRRC25	0.26961917	False
5071	2.855953944950208	0.3729048337999092	0.13057102494921732	SSBP4	0.26961917	False
5072	2.855953944950208	0.3729048337999092	0.13057102494921732	ISYNA1	0.26961917	False
5073	2.855953944950208	0.3729048337999092	0.13057102494921732	ELL	0.26961917	False
5074	2.855953944950208	0.3729048337999092	0.13057102494921732	FKBP8	0.26961917	False
5075	2.855953944950208	0.3729048337999092	0.13057102494921732	KXD1	0.26961917	False
5076	2.855953944950208	0.3729048337999092	0.13057102494921732	UBA52	0.26961917	False
5077	2.855953944950208	0.3729048337999092	0.13057102494921732	CRLF1	0.26961917	False
5078	2.855953944950208	0.3729048337999092	0.13057102494921732	REX1BD	0.26961917	False
5079	2.855953944950208	0.3729048337999092	0.13057102494921732	TMEM59L	0.26961917	False
5080	2.855953944950208	0.3729048337999092	0.13057102494921732	KLHL26	0.26961917	False
5081	2.855953944950208	0.3729048337999092	0.13057102494921732	CRTC1	0.26961917	False
5082	2.855953944950208	0.3729048337999092	0.13057102494921732	COMP	0.26961917	False
5083	2.855953944950208	0.3729048337999092	0.13057102494921732	UPF1	0.26961917	False
5084	2.855953944950208	0.3729048337999092	0.13057102494921732	GDF1	0.26961917	False
5085	2.855953944950208	0.3729048337999092	0.13057102494921732	CERS1	0.26961917	False
5086	2.63841956448846	0.18155071298041983	0.06881040279718328	FXYD3	0.26961792	False
5087	2.63841956448846	0.18155071298041983	0.06881040279718328	MIR6887	0.26961792	False
5088	2.63841956448846	0.18155071298041983	0.06881040279718328	LGI4	0.26961792	False
5089	2.63841956448846	0.18155071298041983	0.06881040279718328	FXYD1	0.26961792	False
5090	2.63841956448846	0.18155071298041983	0.06881040279718328	FXYD7	0.26961792	False
5091	2.63841956448846	0.18155071298041983	0.06881040279718328	FXYD5	0.26961792	False
5092	2.63841956448846	0.18155071298041983	0.06881040279718328	FAM187B	0.26961792	False
5093	2.63841956448846	0.18155071298041983	0.06881040279718328	LSR	0.26961792	False
5094	2.63841956448846	0.18155071298041983	0.06881040279718328	USF2	0.26961792	False
5095	2.63841956448846	0.18155071298041983	0.06881040279718328	HAMP	0.26961792	False
5096	2.63841956448846	0.18155071298041983	0.06881040279718328	MAG	0.26961792	False
5097	2.63841956448846	0.18155071298041983	0.06881040279718328	CD22	0.26961792	False
5098	2.63841956448846	0.18155071298041983	0.06881040279718328	MIR5196	0.26961792	False
5099	2.63841956448846	0.18155071298041983	0.06881040279718328	FFAR1	0.26961792	False
5100	2.63841956448846	0.18155071298041983	0.06881040279718328	FFAR3	0.26961792	False
5101	2.63841956448846	0.18155071298041983	0.06881040279718328	LINC01531	0.26961792	False
5102	2.63841956448846	0.18155071298041983	0.06881040279718328	FFAR2	0.26961792	False
5103	2.63841956448846	0.18155071298041983	0.06881040279718328	KRTDAP	0.26961792	False
5104	2.63841956448846	0.18155071298041983	0.06881040279718328	DMKN	0.26961792	False
5105	2.63841956448846	0.18155071298041983	0.06881040279718328	SBSN	0.26961792	False
5106	2.63841956448846	0.18155071298041983	0.06881040279718328	GAPDHS	0.26961792	False
5107	2.63841956448846	0.18155071298041983	0.06881040279718328	TMEM147-AS1	0.26961792	False
5108	2.63841956448846	0.18155071298041983	0.06881040279718328	TMEM147	0.26961792	False
5109	2.63841956448846	0.18155071298041983	0.06881040279718328	ATP4A	0.26961792	False
5110	2.63841956448846	0.18155071298041983	0.06881040279718328	LINC01766	0.26961792	False
5111	2.63841956448846	0.18155071298041983	0.06881040279718328	HAUS5	0.26961792	False
5112	2.63841956448846	0.18155071298041983	0.06881040279718328	RBM42	0.26961792	False
5113	2.63841956448846	0.18155071298041983	0.06881040279718328	ETV2	0.26961792	False
5114	2.63841956448846	0.18155071298041983	0.06881040279718328	COX6B1	0.26961792	False
5115	2.63841956448846	0.18155071298041983	0.06881040279718328	UPK1A	0.26961792	False
5116	2.63841956448846	0.18155071298041983	0.06881040279718328	UPK1A-AS1	0.26961792	False
5117	2.63841956448846	0.18155071298041983	0.06881040279718328	ZBTB32	0.26961792	False
5118	2.63841956448846	0.18155071298041983	0.06881040279718328	KMT2B	0.26961792	False
5119	2.63841956448846	0.18155071298041983	0.06881040279718328	IGFLR1	0.26961792	False
5120	2.63841956448846	0.18155071298041983	0.06881040279718328	U2AF1L4	0.26961792	False
5121	2.63841956448846	0.18155071298041983	0.06881040279718328	PSENEN	0.26961792	False
5122	2.63841956448846	0.18155071298041983	0.06881040279718328	LIN37	0.26961792	False
5123	2.63841956448846	0.18155071298041983	0.06881040279718328	HSPB6	0.26961792	False
5124	2.63841956448846	0.18155071298041983	0.06881040279718328	PROSER3	0.26961792	False
5125	2.63841956448846	0.18155071298041983	0.06881040279718328	ARHGAP33	0.26961792	False
5126	2.63841956448846	0.18155071298041983	0.06881040279718328	LINC01529	0.26961792	False
5127	2.63841956448846	0.18155071298041983	0.06881040279718328	PRODH2	0.26961792	False
5128	2.63841956448846	0.18155071298041983	0.06881040279718328	NPHS1	0.26961792	False
5129	2.63841956448846	0.18155071298041983	0.06881040279718328	KIRREL2	0.26961792	False
5130	2.63841956448846	0.18155071298041983	0.06881040279718328	APLP1	0.26961792	False
5131	2.7033746538762076	0.22160549217834344	0.08197365165815865	MAP3K10	0.2696181	False
5132	2.7033746538762076	0.22160549217834344	0.08197365165815865	TTC9B	0.2696181	False
5133	2.7033746538762076	0.22160549217834344	0.08197365165815865	CNTD2	0.2696181	False
5134	2.7033746538762076	0.22160549217834344	0.08197365165815865	AKT2	0.2696181	False
5135	2.7033746538762076	0.22160549217834344	0.08197365165815865	MIR641	0.2696181	False
5136	2.7033746538762076	0.22160549217834344	0.08197365165815865	C19orf47	0.2696181	False
5137	2.7033746538762076	0.22160549217834344	0.08197365165815865	PLD3	0.2696181	False
5138	2.7033746538762076	0.22160549217834344	0.08197365165815865	MIR6796	0.2696181	False
5139	2.7033746538762076	0.22160549217834344	0.08197365165815865	HIPK4	0.2696181	False
5140	2.7033746538762076	0.22160549217834344	0.08197365165815865	PRX	0.2696181	False
5141	2.7033746538762076	0.22160549217834344	0.08197365165815865	SERTAD1	0.2696181	False
5142	2.7033746538762076	0.22160549217834344	0.08197365165815865	SERTAD3	0.2696181	False
5143	2.7033746538762076	0.22160549217834344	0.08197365165815865	BLVRB	0.2696181	False
5144	2.7033746538762076	0.22160549217834344	0.08197365165815865	SPTBN4	0.2696181	False
5145	2.7033746538762076	0.22160549217834344	0.08197365165815865	SHKBP1	0.2696181	False
5146	2.7033746538762076	0.22160549217834344	0.08197365165815865	LTBP4	0.2696181	False
5147	2.7033746538762076	0.22160549217834344	0.08197365165815865	NUMBL	0.2696181	False
5148	2.7033746538762076	0.22160549217834344	0.08197365165815865	COQ8B	0.2696181	False
5149	2.7033746538762076	0.22160549217834344	0.08197365165815865	ITPKC	0.2696181	False
5150	2.7033746538762076	0.22160549217834344	0.08197365165815865	C19orf54	0.2696181	False
5151	2.7033746538762076	0.22160549217834344	0.08197365165815865	SNRPA	0.2696181	False
5152	2.7033746538762076	0.22160549217834344	0.08197365165815865	MIA	0.2696181	False
5153	2.7033746538762076	0.22160549217834344	0.08197365165815865	MIA-RAB4B	0.2696181	False
5154	2.7033746538762076	0.22160549217834344	0.08197365165815865	RAB4B	0.2696181	False
5155	2.7033746538762076	0.22160549217834344	0.08197365165815865	RAB4B-EGLN2	0.2696181	False
5156	2.7033746538762076	0.22160549217834344	0.08197365165815865	EGLN2	0.2696181	False
5157	2.7033746538762076	0.22160549217834344	0.08197365165815865	CYP2G1P	0.2696181	False
5158	2.7033746538762076	0.22160549217834344	0.08197365165815865	CYP2A6	0.2696181	False
5159	2.7033746538762076	0.22160549217834344	0.08197365165815865	CYP2A7	0.2696181	False
5160	2.606237203607055	0.1836123086873743	0.07045111183020995	PSG6	0.26961794	False
5161	2.606237203607055	0.1836123086873743	0.07045111183020995	PSG7	0.26961794	False
5162	2.606237203607055	0.1836123086873743	0.07045111183020995	PSG11	0.26961794	False
5163	2.606237203607055	0.1836123086873743	0.07045111183020995	PSG2	0.26961794	False
5164	2.6214430542061358	0.20278291441450813	0.07735545278740295	PSG5	0.26961806	False
5165	2.6214430542061358	0.20278291441450813	0.07735545278740295	PSG4	0.26961806	False
5166	2.6214430542061358	0.20278291441450813	0.07735545278740295	LOC284344	0.26961806	False
5167	2.6214430542061358	0.20278291441450813	0.07735545278740295	PSG9	0.26961806	False
5168	2.6214430542061358	0.20278291441450813	0.07735545278740295	CD177	0.26961806	False
5169	2.6214430542061358	0.20278291441450813	0.07735545278740295	TEX101	0.26961806	False
5170	2.6214430542061358	0.20278291441450813	0.07735545278740295	LYPD3	0.26961806	False
5171	2.6214430542061358	0.20278291441450813	0.07735545278740295	PHLDB3	0.26961806	False
5172	2.6214430542061358	0.20278291441450813	0.07735545278740295	ETHE1	0.26961806	False
5173	2.6214430542061358	0.20278291441450813	0.07735545278740295	ZNF575	0.26961806	False
5174	2.6214430542061358	0.20278291441450813	0.07735545278740295	XRCC1	0.26961806	False
5175	2.6214430542061358	0.20278291441450813	0.07735545278740295	PINLYP	0.26961806	False
5176	2.6214430542061358	0.20278291441450813	0.07735545278740295	IRGQ	0.26961806	False
5177	2.6214430542061358	0.20278291441450813	0.07735545278740295	ZNF576	0.26961806	False
5178	2.6214430542061358	0.20278291441450813	0.07735545278740295	ZNF428	0.26961806	False
5179	2.6214430542061358	0.20278291441450813	0.07735545278740295	SRRM5	0.26961806	False
5180	2.6214430542061358	0.20278291441450813	0.07735545278740295	CADM4	0.26961806	False
5181	2.6214430542061358	0.20278291441450813	0.07735545278740295	PLAUR	0.26961806	False
5182	2.6214430542061358	0.20278291441450813	0.07735545278740295	IRGC	0.26961806	False
5183	2.6214430542061358	0.20278291441450813	0.07735545278740295	SMG9	0.26961806	False
5184	2.6214430542061358	0.20278291441450813	0.07735545278740295	KCNN4	0.26961806	False
5185	2.6214430542061358	0.20278291441450813	0.07735545278740295	LYPD5	0.26961806	False
5186	2.6214430542061358	0.20278291441450813	0.07735545278740295	ZNF283	0.26961806	False
5187	2.6214430542061358	0.20278291441450813	0.07735545278740295	ZNF404	0.26961806	False
5188	2.6723526537982645	0.17288775419628585	0.06469496230243313	LOC100505715	0.2696179	False
5189	2.6723526537982645	0.17288775419628585	0.06469496230243313	ZNF45	0.2696179	False
5190	2.6723526537982645	0.17288775419628585	0.06469496230243313	ZNF221	0.2696179	False
5191	2.6723526537982645	0.17288775419628585	0.06469496230243313	ZNF155	0.2696179	False
5192	2.6723526537982645	0.17288775419628585	0.06469496230243313	LOC101928063	0.2696179	False
5193	2.6723526537982645	0.17288775419628585	0.06469496230243313	ZNF230	0.2696179	False
5194	2.6723526537982645	0.17288775419628585	0.06469496230243313	ZNF222	0.2696179	False
5195	2.6723526537982645	0.17288775419628585	0.06469496230243313	ZNF284	0.2696179	False
5196	2.6723526537982645	0.17288775419628585	0.06469496230243313	ZNF223	0.2696179	False
5197	2.6723526537982645	0.17288775419628585	0.06469496230243313	ZNF224	0.2696179	False
5198	2.8276069556083847	0.1990623361965005	0.07039957791929764	LOC100379224	0.269618	False
5199	2.8276069556083847	0.1990623361965005	0.07039957791929764	ZNF225	0.269618	False
5200	2.8276069556083847	0.1990623361965005	0.07039957791929764	ZNF234	0.269618	False
5201	2.8276069556083847	0.1990623361965005	0.07039957791929764	ZNF226	0.269618	False
5202	2.8276069556083847	0.1990623361965005	0.07039957791929764	ZNF227	0.269618	False
5203	2.8276069556083847	0.1990623361965005	0.07039957791929764	ZNF235	0.269618	False
5204	2.8276069556083847	0.1990623361965005	0.07039957791929764	ZNF233	0.269618	False
5205	2.8276069556083847	0.1990623361965005	0.07039957791929764	ZNF112	0.269618	False
5206	2.8276069556083847	0.1990623361965005	0.07039957791929764	ZNF285	0.269618	False
5207	2.8276069556083847	0.1990623361965005	0.07039957791929764	ZNF229	0.269618	False
5208	2.8276069556083847	0.1990623361965005	0.07039957791929764	ZNF180	0.269618	False
5209	2.8276069556083847	0.1990623361965005	0.07039957791929764	CEACAM20	0.269618	False
5210	2.8276069556083847	0.1990623361965005	0.07039957791929764	IGSF23	0.269618	False
5211	2.8276069556083847	0.1990623361965005	0.07039957791929764	PVR	0.269618	False
5212	2.8276069556083847	0.1990623361965005	0.07039957791929764	CEACAM19	0.269618	False
5213	2.8276069556083847	0.1990623361965005	0.07039957791929764	CEACAM16	0.269618	False
5214	2.8276069556083847	0.1990623361965005	0.07039957791929764	BCL3	0.269618	False
5215	2.8276069556083847	0.1990623361965005	0.07039957791929764	MIR8085	0.269618	False
5216	2.8276069556083847	0.1990623361965005	0.07039957791929764	CBLC	0.269618	False
5217	2.8276069556083847	0.1990623361965005	0.07039957791929764	BCAM	0.269618	False
5218	2.8276069556083847	0.1990623361965005	0.07039957791929764	NECTIN2	0.269618	False
5219	2.8685270135689347	0.17895519562866732	0.06238574529093128	TOMM40	0.26961792	False
5220	2.8685270135689347	0.17895519562866732	0.06238574529093128	APOE	0.26961792	False
5221	2.8685270135689347	0.17895519562866732	0.06238574529093128	APOC1	0.26961792	False
5222	2.8685270135689347	0.17895519562866732	0.06238574529093128	APOC4	0.26961792	False
5223	2.8685270135689347	0.17895519562866732	0.06238574529093128	APOC4-APOC2	0.26961792	False
5224	2.8685270135689347	0.17895519562866732	0.06238574529093128	APOC2	0.26961792	False
5225	2.8685270135689347	0.17895519562866732	0.06238574529093128	CLPTM1	0.26961792	False
5226	2.8685270135689347	0.17895519562866732	0.06238574529093128	RELB	0.26961792	False
5227	2.8685270135689347	0.17895519562866732	0.06238574529093128	CLASRP	0.26961792	False
5228	2.8685270135689347	0.17895519562866732	0.06238574529093128	ZNF296	0.26961792	False
5229	2.8685270135689347	0.17895519562866732	0.06238574529093128	GEMIN7-AS1	0.26961792	False
5230	2.8685270135689347	0.17895519562866732	0.06238574529093128	GEMIN7	0.26961792	False
5231	2.8685270135689347	0.17895519562866732	0.06238574529093128	MARK4	0.26961792	False
5232	2.8685270135689347	0.17895519562866732	0.06238574529093128	PPP1R37	0.26961792	False
5233	2.965261810953001	0.20303289938246838	0.06847047995307232	NKPD1	0.26961794	False
5234	2.965261810953001	0.20303289938246838	0.06847047995307232	TRAPPC6A	0.26961794	False
5235	2.965261810953001	0.20303289938246838	0.06847047995307232	BLOC1S3	0.26961794	False
5236	2.965261810953001	0.20303289938246838	0.06847047995307232	EXOC3L2	0.26961794	False
5237	2.965261810953001	0.20303289938246838	0.06847047995307232	CKM	0.26961794	False
5238	2.965261810953001	0.20303289938246838	0.06847047995307232	KLC3	0.26961794	False
5239	2.965261810953001	0.20303289938246838	0.06847047995307232	ERCC2	0.26961794	False
5240	2.965261810953001	0.20303289938246838	0.06847047995307232	PPP1R13L	0.26961794	False
5241	2.965261810953001	0.20303289938246838	0.06847047995307232	CD3EAP	0.26961794	False
5242	2.965261810953001	0.20303289938246838	0.06847047995307232	ERCC1	0.26961794	False
5243	2.965261810953001	0.20303289938246838	0.06847047995307232	MIR6088	0.26961794	False
5244	2.965261810953001	0.20303289938246838	0.06847047995307232	FOSB	0.26961794	False
5245	2.965261810953001	0.20303289938246838	0.06847047995307232	RTN2	0.26961794	False
5246	2.965261810953001	0.20303289938246838	0.06847047995307232	PPM1N	0.26961794	False
5247	2.965261810953001	0.20303289938246838	0.06847047995307232	VASP	0.26961794	False
5248	2.965261810953001	0.20303289938246838	0.06847047995307232	OPA3	0.26961794	False
5249	2.965261810953001	0.20303289938246838	0.06847047995307232	GPR4	0.26961794	False
5250	2.965261810953001	0.20303289938246838	0.06847047995307232	EML2	0.26961794	False
5251	2.965261810953001	0.20303289938246838	0.06847047995307232	MIR330	0.26961794	False
5252	2.965261810953001	0.20303289938246838	0.06847047995307232	EML2-AS1	0.26961794	False
5253	2.965261810953001	0.20303289938246838	0.06847047995307232	GIPR	0.26961794	False
5254	2.965261810953001	0.20303289938246838	0.06847047995307232	MIR642A	0.26961794	False
5255	2.965261810953001	0.20303289938246838	0.06847047995307232	SNRPD2	0.26961794	False
5256	2.965261810953001	0.20303289938246838	0.06847047995307232	QPCTL	0.26961794	False
5257	2.965261810953001	0.20303289938246838	0.06847047995307232	FBXO46	0.26961794	False
5258	2.965261810953001	0.20303289938246838	0.06847047995307232	BHMG1	0.26961794	False
5259	2.965261810953001	0.20303289938246838	0.06847047995307232	SIX5	0.26961794	False
5260	2.965261810953001	0.20303289938246838	0.06847047995307232	DMPK	0.26961794	False
5261	2.965261810953001	0.20303289938246838	0.06847047995307232	DMWD	0.26961794	False
5262	2.965261810953001	0.20303289938246838	0.06847047995307232	RSPH6A	0.26961794	False
5263	2.965261810953001	0.20303289938246838	0.06847047995307232	SYMPK	0.26961794	False
5264	2.965261810953001	0.20303289938246838	0.06847047995307232	FOXA3	0.26961794	False
5265	2.965261810953001	0.20303289938246838	0.06847047995307232	IRF2BP1	0.26961794	False
5266	2.9856369899888855	0.1760922798714329	0.058979802454848476	MYPOP	0.2696177	False
5267	2.9856369899888855	0.1760922798714329	0.058979802454848476	NANOS2	0.2696177	False
5268	2.9856369899888855	0.1760922798714329	0.058979802454848476	NOVA2	0.2696177	False
5269	2.9856369899888855	0.1760922798714329	0.058979802454848476	CCDC61	0.2696177	False
5270	2.9856369899888855	0.1760922798714329	0.058979802454848476	MIR769	0.2696177	False
5271	2.9856369899888855	0.1760922798714329	0.058979802454848476	PGLYRP1	0.2696177	False
5272	2.9856369899888855	0.1760922798714329	0.058979802454848476	IGFL4	0.2696177	False
5273	2.9856369899888855	0.1760922798714329	0.058979802454848476	LOC400706	0.2696177	False
5274	3.0121878019619284	0.18912306715348207	0.06278594815047739	IGFL3	0.26961792	False
5275	3.0121878019619284	0.18912306715348207	0.06278594815047739	IGFL2	0.26961792	False
5276	3.0121878019619284	0.18912306715348207	0.06278594815047739	IGFL2-AS1	0.26961792	False
5277	3.0121878019619284	0.18912306715348207	0.06278594815047739	LOC93429	0.26961792	False
5278	3.0121878019619284	0.18912306715348207	0.06278594815047739	IGFL1	0.26961792	False
5279	3.0121878019619284	0.18912306715348207	0.06278594815047739	HIF3A	0.26961792	False
5280	3.0121878019619284	0.18912306715348207	0.06278594815047739	PPP5C	0.26961792	False
5281	3.0121878019619284	0.18912306715348207	0.06278594815047739	CCDC8	0.26961792	False
5282	3.0121878019619284	0.18912306715348207	0.06278594815047739	PNMA8A	0.26961792	False
5283	3.0121878019619284	0.18912306715348207	0.06278594815047739	PPP5D1	0.26961792	False
5284	3.0121878019619284	0.18912306715348207	0.06278594815047739	PNMA8B	0.26961792	False
5285	3.0121878019619284	0.18912306715348207	0.06278594815047739	CALM3	0.26961792	False
5286	3.0121878019619284	0.18912306715348207	0.06278594815047739	PTGIR	0.26961792	False
5287	3.0121878019619284	0.18912306715348207	0.06278594815047739	GNG8	0.26961792	False
5288	3.0121878019619284	0.18912306715348207	0.06278594815047739	DACT3	0.26961792	False
5289	3.0121878019619284	0.18912306715348207	0.06278594815047739	DACT3-AS1	0.26961792	False
5290	3.0121878019619284	0.18912306715348207	0.06278594815047739	PRKD2	0.26961792	False
5291	3.0121878019619284	0.18912306715348207	0.06278594815047739	MIR320E	0.26961792	False
5292	3.0121878019619284	0.18912306715348207	0.06278594815047739	STRN4	0.26961792	False
5293	3.0121878019619284	0.18912306715348207	0.06278594815047739	FKRP	0.26961792	False
5294	3.0121878019619284	0.18912306715348207	0.06278594815047739	SLC1A5	0.26961792	False
5295	3.0121878019619284	0.18912306715348207	0.06278594815047739	AP2S1	0.26961792	False
5296	3.1170879573076227	0.19719788117171408	0.06326349588865733	ARHGAP35	0.26961794	False
5297	3.1170879573076227	0.19719788117171408	0.06326349588865733	NPAS1	0.26961794	False
5298	3.1170879573076227	0.19719788117171408	0.06326349588865733	TMEM160	0.26961794	False
5299	3.1170879573076227	0.19719788117171408	0.06326349588865733	ZC3H4	0.26961794	False
5300	3.1868966637831044	0.2389712392907774	0.0749855626028047	SAE1	0.2696184	False
5301	3.1868966637831044	0.2389712392907774	0.0749855626028047	BBC3	0.2696184	False
5302	3.1868966637831044	0.2389712392907774	0.0749855626028047	MIR3190	0.2696184	False
5303	3.1868966637831044	0.2389712392907774	0.0749855626028047	CCDC9	0.2696184	False
5304	3.1868966637831044	0.2389712392907774	0.0749855626028047	INAFM1	0.2696184	False
5305	3.1868966637831044	0.2389712392907774	0.0749855626028047	C5AR1	0.2696184	False
5306	3.1868966637831044	0.2389712392907774	0.0749855626028047	C5AR2	0.2696184	False
5307	3.1868966637831044	0.2389712392907774	0.0749855626028047	DHX34	0.2696184	False
5308	3.1868966637831044	0.2389712392907774	0.0749855626028047	MEIS3	0.2696184	False
5309	3.1868966637831044	0.2389712392907774	0.0749855626028047	SLC8A2	0.2696184	False
5310	3.1868966637831044	0.2389712392907774	0.0749855626028047	KPTN	0.2696184	False
5311	3.1868966637831044	0.2389712392907774	0.0749855626028047	NAPA-AS1	0.2696184	False
5312	3.1868966637831044	0.2389712392907774	0.0749855626028047	NAPA	0.2696184	False
5313	3.1868966637831044	0.2389712392907774	0.0749855626028047	ZNF541	0.2696184	False
5314	3.1868966637831044	0.2389712392907774	0.0749855626028047	BICRA	0.2696184	False
5315	3.1868966637831044	0.2389712392907774	0.0749855626028047	EHD2	0.2696184	False
5316	3.1868966637831044	0.2389712392907774	0.0749855626028047	NOP53	0.2696184	False
5317	3.1868966637831044	0.2389712392907774	0.0749855626028047	SNORD23	0.2696184	False
5318	3.1868966637831044	0.2389712392907774	0.0749855626028047	NOP53-AS1	0.2696184	False
5319	3.1868966637831044	0.2389712392907774	0.0749855626028047	SELENOW	0.2696184	False
5320	3.1868966637831044	0.2389712392907774	0.0749855626028047	TPRX1	0.2696184	False
5321	3.1868966637831044	0.2389712392907774	0.0749855626028047	CRX	0.2696184	False
5322	3.1868966637831044	0.2389712392907774	0.0749855626028047	SULT2A1	0.2696184	False
5323	3.172418895905903	0.23085135585746328	0.07276824512531542	BSPH1	0.2696183	False
5324	3.172418895905903	0.23085135585746328	0.07276824512531542	ELSPBP1	0.2696183	False
5325	3.172418895905903	0.23085135585746328	0.07276824512531542	CABP5	0.2696183	False
5326	3.172418895905903	0.23085135585746328	0.07276824512531542	PLA2G4C	0.2696183	False
5327	3.172418895905903	0.23085135585746328	0.07276824512531542	PLA2G4C-AS1	0.2696183	False
5328	3.2251048408966327	0.29263912944809456	0.09073786555315083	LIG1	0.26961878	False
5329	3.2251048408966327	0.29263912944809456	0.09073786555315083	ZSWIM9	0.26961878	False
5330	3.2251048408966327	0.29263912944809456	0.09073786555315083	ZNF114	0.26961878	False
5331	3.2251048408966327	0.29263912944809456	0.09073786555315083	CARD8	0.26961878	False
5332	3.2251048408966327	0.29263912944809456	0.09073786555315083	CARD8-AS1	0.26961878	False
5333	3.2251048408966327	0.29263912944809456	0.09073786555315083	CCDC114	0.26961878	False
5334	3.2251048408966327	0.29263912944809456	0.09073786555315083	EMP3	0.26961878	False
5335	3.2251048408966327	0.29263912944809456	0.09073786555315083	TMEM143	0.26961878	False
5336	3.2251048408966327	0.29263912944809456	0.09073786555315083	SYNGR4	0.26961878	False
5337	3.2251048408966327	0.29263912944809456	0.09073786555315083	KDELR1	0.26961878	False
5338	3.2251048408966327	0.29263912944809456	0.09073786555315083	GRIN2D	0.26961878	False
5339	3.2251048408966327	0.29263912944809456	0.09073786555315083	GRWD1	0.26961878	False
5340	3.2251048408966327	0.29263912944809456	0.09073786555315083	KCNJ14	0.26961878	False
5341	3.2251048408966327	0.29263912944809456	0.09073786555315083	CYTH2	0.26961878	False
5342	3.2251048408966327	0.29263912944809456	0.09073786555315083	LMTK3	0.26961878	False
5343	3.2251048408966327	0.29263912944809456	0.09073786555315083	SULT2B1	0.26961878	False
5344	3.2251048408966327	0.29263912944809456	0.09073786555315083	FAM83E	0.26961878	False
5345	3.2251048408966327	0.29263912944809456	0.09073786555315083	SPACA4	0.26961878	False
5346	3.2251048408966327	0.29263912944809456	0.09073786555315083	RPL18	0.26961878	False
5347	3.2251048408966327	0.29263912944809456	0.09073786555315083	SPHK2	0.26961878	False
5348	3.2251048408966327	0.29263912944809456	0.09073786555315083	DBP	0.26961878	False
5349	3.2251048408966327	0.29263912944809456	0.09073786555315083	CA11	0.26961878	False
5350	3.2251048408966327	0.29263912944809456	0.09073786555315083	NTN5	0.26961878	False
5351	3.2251048408966327	0.29263912944809456	0.09073786555315083	FUT2	0.26961878	False
5352	3.2251048408966327	0.29263912944809456	0.09073786555315083	MAMSTR	0.26961878	False
5353	3.2251048408966327	0.29263912944809456	0.09073786555315083	RASIP1	0.26961878	False
5354	3.2251048408966327	0.29263912944809456	0.09073786555315083	IZUMO1	0.26961878	False
5355	3.2251048408966327	0.29263912944809456	0.09073786555315083	FUT1	0.26961878	False
5356	3.2251048408966327	0.29263912944809456	0.09073786555315083	FGF21	0.26961878	False
5357	3.2251048408966327	0.29263912944809456	0.09073786555315083	BCAT2	0.26961878	False
5358	3.2251048408966327	0.29263912944809456	0.09073786555315083	HSD17B14	0.26961878	False
5359	3.2251048408966327	0.29263912944809456	0.09073786555315083	PLEKHA4	0.26961878	False
5360	3.2251048408966327	0.29263912944809456	0.09073786555315083	PPP1R15A	0.26961878	False
5361	3.2251048408966327	0.29263912944809456	0.09073786555315083	TULP2	0.26961878	False
5362	3.039439601448414	0.24842169844223191	0.08173273070596603	NUCB1	0.26961836	False
5363	3.039439601448414	0.24842169844223191	0.08173273070596603	NUCB1-AS1	0.26961836	False
5364	3.039439601448414	0.24842169844223191	0.08173273070596603	DHDH	0.26961836	False
5365	3.039439601448414	0.24842169844223191	0.08173273070596603	BAX	0.26961836	False
5366	3.039439601448414	0.24842169844223191	0.08173273070596603	FTL	0.26961836	False
5367	3.039439601448414	0.24842169844223191	0.08173273070596603	GYS1	0.26961836	False
5368	3.039439601448414	0.24842169844223191	0.08173273070596603	RUVBL2	0.26961836	False
5369	3.039439601448414	0.24842169844223191	0.08173273070596603	MIR6798	0.26961836	False
5370	3.039439601448414	0.24842169844223191	0.08173273070596603	LHB	0.26961836	False
5371	3.039439601448414	0.24842169844223191	0.08173273070596603	LOC101059948	0.26961836	False
5372	3.039439601448414	0.24842169844223191	0.08173273070596603	CGB3	0.26961836	False
5373	3.039439601448414	0.24842169844223191	0.08173273070596603	CGB2	0.26961836	False
5374	3.039439601448414	0.24842169844223191	0.08173273070596603	CGB1	0.26961836	False
5375	3.039439601448414	0.24842169844223191	0.08173273070596603	CGB5	0.26961836	False
5376	3.039439601448414	0.24842169844223191	0.08173273070596603	CGB8	0.26961836	False
5377	3.039439601448414	0.24842169844223191	0.08173273070596603	CGB7	0.26961836	False
5378	3.039439601448414	0.24842169844223191	0.08173273070596603	NTF4	0.26961836	False
5379	3.039439601448414	0.24842169844223191	0.08173273070596603	KCNA7	0.26961836	False
5380	3.039439601448414	0.24842169844223191	0.08173273070596603	SNRNP70	0.26961836	False
5381	3.0360248164459556	0.3005643237059432	0.09899929739632073	LIN7B	0.2696187	False
5382	3.0360248164459556	0.3005643237059432	0.09899929739632073	C19orf73	0.2696187	False
5383	3.0360248164459556	0.3005643237059432	0.09899929739632073	PPFIA3	0.2696187	False
5384	3.0360248164459556	0.3005643237059432	0.09899929739632073	HRC	0.2696187	False
5385	3.0360248164459556	0.3005643237059432	0.09899929739632073	TRPM4	0.2696187	False
5386	3.0360248164459556	0.3005643237059432	0.09899929739632073	SLC6A16	0.2696187	False
5387	3.0360248164459556	0.3005643237059432	0.09899929739632073	MIR4324	0.2696187	False
5388	3.0360248164459556	0.3005643237059432	0.09899929739632073	CD37	0.2696187	False
5389	3.0360248164459556	0.3005643237059432	0.09899929739632073	TEAD2	0.2696187	False
5390	3.0360248164459556	0.3005643237059432	0.09899929739632073	DKKL1	0.2696187	False
5391	3.0360248164459556	0.3005643237059432	0.09899929739632073	LOC101928295	0.2696187	False
5392	3.0360248164459556	0.3005643237059432	0.09899929739632073	CCDC155	0.2696187	False
5393	3.0360248164459556	0.3005643237059432	0.09899929739632073	PTH2	0.2696187	False
5394	3.0360248164459556	0.3005643237059432	0.09899929739632073	GFY	0.2696187	False
5395	3.0360248164459556	0.3005643237059432	0.09899929739632073	SLC17A7	0.2696187	False
5396	3.0360248164459556	0.3005643237059432	0.09899929739632073	PIH1D1	0.2696187	False
5397	3.0360248164459556	0.3005643237059432	0.09899929739632073	ALDH16A1	0.2696187	False
5398	3.0360248164459556	0.3005643237059432	0.09899929739632073	FLT3LG	0.2696187	False
5399	3.0360248164459556	0.3005643237059432	0.09899929739632073	RPL13A	0.2696187	False
5400	3.0360248164459556	0.3005643237059432	0.09899929739632073	SNORD32A	0.2696187	False
5401	3.0360248164459556	0.3005643237059432	0.09899929739632073	SNORD33	0.2696187	False
5402	3.0360248164459556	0.3005643237059432	0.09899929739632073	SNORD34	0.2696187	False
5403	3.0360248164459556	0.3005643237059432	0.09899929739632073	SNORD35A	0.2696187	False
5404	3.0360248164459556	0.3005643237059432	0.09899929739632073	RPS11	0.2696187	False
5405	3.0360248164459556	0.3005643237059432	0.09899929739632073	SNORD35B	0.2696187	False
5406	3.0360248164459556	0.3005643237059432	0.09899929739632073	MIR150	0.2696187	False
5407	3.0360248164459556	0.3005643237059432	0.09899929739632073	FCGRT	0.2696187	False
5408	3.0360248164459556	0.3005643237059432	0.09899929739632073	RCN3	0.2696187	False
5409	3.0360248164459556	0.3005643237059432	0.09899929739632073	NOSIP	0.2696187	False
5410	3.0360248164459556	0.3005643237059432	0.09899929739632073	PRRG2	0.2696187	False
5411	3.0360248164459556	0.3005643237059432	0.09899929739632073	PRR12	0.2696187	False
5412	3.0360248164459556	0.3005643237059432	0.09899929739632073	RRAS	0.2696187	False
5413	3.0360248164459556	0.3005643237059432	0.09899929739632073	SCAF1	0.2696187	False
5414	3.0360248164459556	0.3005643237059432	0.09899929739632073	IRF3	0.2696187	False
5415	3.0360248164459556	0.3005643237059432	0.09899929739632073	BCL2L12	0.2696187	False
5416	3.0360248164459556	0.3005643237059432	0.09899929739632073	PRMT1	0.2696187	False
5417	3.0360248164459556	0.3005643237059432	0.09899929739632073	MIR5088	0.2696187	False
5418	3.0360248164459556	0.3005643237059432	0.09899929739632073	ADM5	0.2696187	False
5419	3.0360248164459556	0.3005643237059432	0.09899929739632073	CPT1C	0.2696187	False
5420	3.0360248164459556	0.3005643237059432	0.09899929739632073	TSKS	0.2696187	False
5421	3.0360248164459556	0.3005643237059432	0.09899929739632073	AP2A1	0.2696187	False
5422	3.0360248164459556	0.3005643237059432	0.09899929739632073	MIR6799	0.2696187	False
5423	3.0360248164459556	0.3005643237059432	0.09899929739632073	FUZ	0.2696187	False
5424	3.0360248164459556	0.3005643237059432	0.09899929739632073	MED25	0.2696187	False
5425	3.0360248164459556	0.3005643237059432	0.09899929739632073	MIR6800	0.2696187	False
5426	3.0360248164459556	0.3005643237059432	0.09899929739632073	PTOV1-AS1	0.2696187	False
5427	3.0360248164459556	0.3005643237059432	0.09899929739632073	PTOV1	0.2696187	False
5428	3.0360248164459556	0.3005643237059432	0.09899929739632073	MIR4749	0.2696187	False
5429	3.0360248164459556	0.3005643237059432	0.09899929739632073	PTOV1-AS2	0.2696187	False
5430	3.0360248164459556	0.3005643237059432	0.09899929739632073	PNKP	0.2696187	False
5431	3.0360248164459556	0.3005643237059432	0.09899929739632073	AKT1S1	0.2696187	False
5432	3.0360248164459556	0.3005643237059432	0.09899929739632073	TBC1D17	0.2696187	False
5433	3.0360248164459556	0.3005643237059432	0.09899929739632073	MIR4750	0.2696187	False
5434	2.756597201592348	0.23247293369716834	0.08433329815574085	IL4I1	0.26961827	False
5435	2.756597201592348	0.23247293369716834	0.08433329815574085	NUP62	0.26961827	False
5436	2.756597201592348	0.23247293369716834	0.08433329815574085	ATF5	0.26961827	False
5437	2.756597201592348	0.23247293369716834	0.08433329815574085	MIR4751	0.26961827	False
5438	2.756597201592348	0.23247293369716834	0.08433329815574085	SIGLEC11	0.26961827	False
5439	2.756597201592348	0.23247293369716834	0.08433329815574085	VRK3	0.26961827	False
5440	2.756597201592348	0.23247293369716834	0.08433329815574085	ZNF473	0.26961827	False
5441	2.756597201592348	0.23247293369716834	0.08433329815574085	LOC400710	0.26961827	False
