	mean	var	dispersion	gene	proba	pred
0	3.065934423139874	0.6928822207205769	0.22599381627053353	SEMA6C	0.26962093	False
1	3.065934423139874	0.6928822207205769	0.22599381627053353	TNFAIP8L2	0.26962093	False
2	3.065934423139874	0.6928822207205769	0.22599381627053353	TNFAIP8L2-SCNM1	0.26962093	False
3	3.065934423139874	0.6928822207205769	0.22599381627053353	LYSMD1	0.26962093	False
4	3.065934423139874	0.6928822207205769	0.22599381627053353	SCNM1	0.26962093	False
5	3.065934423139874	0.6928822207205769	0.22599381627053353	TMOD4	0.26962093	False
6	3.065934423139874	0.6928822207205769	0.22599381627053353	VPS72	0.26962093	False
7	3.065934423139874	0.6928822207205769	0.22599381627053353	PIP5K1A	0.26962093	False
8	3.065934423139874	0.6928822207205769	0.22599381627053353	PSMD4	0.26962093	False
9	3.065934423139874	0.6928822207205769	0.22599381627053353	ZNF687	0.26962093	False
10	3.065934423139874	0.6928822207205769	0.22599381627053353	PI4KB	0.26962093	False
11	3.065934423139874	0.6928822207205769	0.22599381627053353	RFX5	0.26962093	False
12	3.065934423139874	0.6928822207205769	0.22599381627053353	GBAT2	0.26962093	False
13	3.065934423139874	0.6928822207205769	0.22599381627053353	SELENBP1	0.26962093	False
14	3.065934423139874	0.6928822207205769	0.22599381627053353	PSMB4	0.26962093	False
15	3.065934423139874	0.6928822207205769	0.22599381627053353	POGZ	0.26962093	False
16	3.065934423139874	0.6928822207205769	0.22599381627053353	CGN	0.26962093	False
17	3.065934423139874	0.6928822207205769	0.22599381627053353	TUFT1	0.26962093	False
18	3.065934423139874	0.6928822207205769	0.22599381627053353	MIR554	0.26962093	False
19	3.065934423139874	0.6928822207205769	0.22599381627053353	SNX27	0.26962093	False
20	3.065934423139874	0.6928822207205769	0.22599381627053353	CELF3	0.26962093	False
21	3.065934423139874	0.6928822207205769	0.22599381627053353	RIIAD1	0.26962093	False
22	3.065934423139874	0.6928822207205769	0.22599381627053353	MRPL9	0.26962093	False
23	3.065934423139874	0.6928822207205769	0.22599381627053353	OAZ3	0.26962093	False
24	3.065934423139874	0.6928822207205769	0.22599381627053353	TDRKH	0.26962093	False
25	3.065934423139874	0.6928822207205769	0.22599381627053353	LINGO4	0.26962093	False
26	3.065934423139874	0.6928822207205769	0.22599381627053353	RORC	0.26962093	False
27	3.065934423139874	0.6928822207205769	0.22599381627053353	C2CD4D	0.26962093	False
28	3.065934423139874	0.6928822207205769	0.22599381627053353	C2CD4D-AS1	0.26962093	False
29	3.065934423139874	0.6928822207205769	0.22599381627053353	THEM5	0.26962093	False
30	2.9558235596083478	0.5497307993394488	0.18598227812092044	THEM4	0.2696201	False
31	2.9558235596083478	0.5497307993394488	0.18598227812092044	S100A10	0.2696201	False
32	2.9558235596083478	0.5497307993394488	0.18598227812092044	NBPF18P	0.2696201	False
33	2.9558235596083478	0.5497307993394488	0.18598227812092044	S100A11	0.2696201	False
34	2.9558235596083478	0.5497307993394488	0.18598227812092044	TCHHL1	0.2696201	False
35	2.9766704876654777	0.573514656474011	0.19266985003899545	TCHH	0.26962012	False
36	2.9766704876654777	0.573514656474011	0.19266985003899545	RPTN	0.26962012	False
37	2.9766704876654777	0.573514656474011	0.19266985003899545	FLG-AS1	0.26962012	False
38	2.9766704876654777	0.573514656474011	0.19266985003899545	HRNR	0.26962012	False
39	2.9766704876654777	0.573514656474011	0.19266985003899545	FLG	0.26962012	False
40	2.9766704876654777	0.573514656474011	0.19266985003899545	FLG2	0.26962012	False
41	2.9766704876654777	0.573514656474011	0.19266985003899545	CRNN	0.26962012	False
42	2.9766704876654777	0.573514656474011	0.19266985003899545	LCE5A	0.26962012	False
43	2.9766704876654777	0.573514656474011	0.19266985003899545	CRCT1	0.26962012	False
44	2.9766704876654777	0.573514656474011	0.19266985003899545	LCE3E	0.26962012	False
45	2.9766704876654777	0.573514656474011	0.19266985003899545	LCE3D	0.26962012	False
46	2.9766704876654777	0.573514656474011	0.19266985003899545	LCE3C	0.26962012	False
47	2.9766704876654777	0.573514656474011	0.19266985003899545	LCE3B	0.26962012	False
48	2.9766704876654777	0.573514656474011	0.19266985003899545	LCE3A	0.26962012	False
49	2.9766704876654777	0.573514656474011	0.19266985003899545	LCE2D	0.26962012	False
50	2.9766704876654777	0.573514656474011	0.19266985003899545	LCE2C	0.26962012	False
51	2.9766704876654777	0.573514656474011	0.19266985003899545	LCE2B	0.26962012	False
52	2.9766704876654777	0.573514656474011	0.19266985003899545	LCE2A	0.26962012	False
53	2.9766704876654777	0.573514656474011	0.19266985003899545	LCE4A	0.26962012	False
54	2.9766704876654777	0.573514656474011	0.19266985003899545	C1orf68	0.26962012	False
55	2.9766704876654777	0.573514656474011	0.19266985003899545	LCE1F	0.26962012	False
56	2.9766704876654777	0.573514656474011	0.19266985003899545	LCE1E	0.26962012	False
57	2.9766704876654777	0.573514656474011	0.19266985003899545	LCE1D	0.26962012	False
58	2.9766704876654777	0.573514656474011	0.19266985003899545	LCE1C	0.26962012	False
59	2.9766704876654777	0.573514656474011	0.19266985003899545	LCE1B	0.26962012	False
60	2.9766704876654777	0.573514656474011	0.19266985003899545	LCE1A	0.26962012	False
61	2.9766704876654777	0.573514656474011	0.19266985003899545	LCE6A	0.26962012	False
62	2.9766704876654777	0.573514656474011	0.19266985003899545	SMCP	0.26962012	False
63	2.966934390830297	0.5339468726361847	0.17996585104356133	IVL	0.26962	False
64	2.966934390830297	0.5339468726361847	0.17996585104356133	SPRR4	0.26962	False
65	2.966934390830297	0.5339468726361847	0.17996585104356133	SPRR3	0.26962	False
66	2.966934390830297	0.5339468726361847	0.17996585104356133	SPRR1B	0.26962	False
67	2.966934390830297	0.5339468726361847	0.17996585104356133	SPRR2D	0.26962	False
68	2.966934390830297	0.5339468726361847	0.17996585104356133	SPRR2A	0.26962	False
69	2.966934390830297	0.5339468726361847	0.17996585104356133	SPRR2E	0.26962	False
70	2.9673678985938112	0.5574475050773509	0.1878592490474526	SPRR2F	0.26961997	False
71	2.9673678985938112	0.5574475050773509	0.1878592490474526	SPRR2G	0.26961997	False
72	2.9673678985938112	0.5574475050773509	0.1878592490474526	LOC101928009	0.26961997	False
73	2.9673678985938112	0.5574475050773509	0.1878592490474526	LELP1	0.26961997	False
74	2.9673678985938112	0.5574475050773509	0.1878592490474526	PRR9	0.26961997	False
75	2.9673678985938112	0.5574475050773509	0.1878592490474526	LOR	0.26961997	False
76	2.9673678985938112	0.5574475050773509	0.1878592490474526	PGLYRP3	0.26961997	False
77	2.9673678985938112	0.5574475050773509	0.1878592490474526	PGLYRP4	0.26961997	False
78	2.9673678985938112	0.5574475050773509	0.1878592490474526	S100A9	0.26961997	False
79	2.9673678985938112	0.5574475050773509	0.1878592490474526	S100A12	0.26961997	False
80	2.9673678985938112	0.5574475050773509	0.1878592490474526	S100A8	0.26961997	False
81	2.9673678985938112	0.5574475050773509	0.1878592490474526	S100A7A	0.26961997	False
82	2.9673678985938112	0.5574475050773509	0.1878592490474526	S100A7L2	0.26961997	False
83	2.9673678985938112	0.5574475050773509	0.1878592490474526	S100A7	0.26961997	False
84	2.9673678985938112	0.5574475050773509	0.1878592490474526	S100A6	0.26961997	False
85	2.9673678985938112	0.5574475050773509	0.1878592490474526	S100A5	0.26961997	False
86	2.9673678985938112	0.5574475050773509	0.1878592490474526	S100A4	0.26961997	False
87	2.9673678985938112	0.5574475050773509	0.1878592490474526	S100A3	0.26961997	False
88	2.9673678985938112	0.5574475050773509	0.1878592490474526	S100A2	0.26961997	False
89	2.9673678985938112	0.5574475050773509	0.1878592490474526	S100A16	0.26961997	False
90	2.9673678985938112	0.5574475050773509	0.1878592490474526	S100A14	0.26961997	False
91	2.9673678985938112	0.5574475050773509	0.1878592490474526	S100A13	0.26961997	False
92	2.9673678985938112	0.5574475050773509	0.1878592490474526	S100A1	0.26961997	False
93	2.9673678985938112	0.5574475050773509	0.1878592490474526	CHTOP	0.26961997	False
94	2.9673678985938112	0.5574475050773509	0.1878592490474526	SNAPIN	0.26961997	False
95	2.9673678985938112	0.5574475050773509	0.1878592490474526	ILF2	0.26961997	False
96	2.9673678985938112	0.5574475050773509	0.1878592490474526	NPR1	0.26961997	False
97	2.9673678985938112	0.5574475050773509	0.1878592490474526	MIR8083	0.26961997	False
98	2.9673678985938112	0.5574475050773509	0.1878592490474526	INTS3	0.26961997	False
99	2.9673678985938112	0.5574475050773509	0.1878592490474526	SLC27A3	0.26961997	False
100	2.9748869300457184	0.5183154054530387	0.17423028761804846	GATAD2B	0.26961985	False
101	2.9748869300457184	0.5183154054530387	0.17423028761804846	DENND4B	0.26961985	False
102	2.9748869300457184	0.5183154054530387	0.17423028761804846	CRTC2	0.26961985	False
103	2.9748869300457184	0.5183154054530387	0.17423028761804846	SLC39A1	0.26961985	False
104	2.9748869300457184	0.5183154054530387	0.17423028761804846	MIR6737	0.26961985	False
105	2.9748869300457184	0.5183154054530387	0.17423028761804846	CREB3L4	0.26961985	False
106	2.9748869300457184	0.5183154054530387	0.17423028761804846	JTB	0.26961985	False
107	2.9748869300457184	0.5183154054530387	0.17423028761804846	RAB13	0.26961985	False
108	2.9748869300457184	0.5183154054530387	0.17423028761804846	RPS27	0.26961985	False
109	2.9748869300457184	0.5183154054530387	0.17423028761804846	NUP210L	0.26961985	False
110	3.029067528736282	0.5914995236971318	0.1952744592471676	MIR5698	0.26962018	False
111	3.029067528736282	0.5914995236971318	0.1952744592471676	TPM3	0.26962018	False
112	3.029067528736282	0.5914995236971318	0.1952744592471676	MIR190B	0.26962018	False
113	3.029067528736282	0.5914995236971318	0.1952744592471676	C1orf189	0.26962018	False
114	3.029067528736282	0.5914995236971318	0.1952744592471676	C1orf43	0.26962018	False
115	3.029067528736282	0.5914995236971318	0.1952744592471676	UBAP2L	0.26962018	False
116	3.029067528736282	0.5914995236971318	0.1952744592471676	HAX1	0.26962018	False
117	3.029067528736282	0.5914995236971318	0.1952744592471676	AQP10	0.26962018	False
118	3.029067528736282	0.5914995236971318	0.1952744592471676	ATP8B2	0.26962018	False
119	3.029067528736282	0.5914995236971318	0.1952744592471676	IL6R	0.26962018	False
120	3.029067528736282	0.5914995236971318	0.1952744592471676	SHE	0.26962018	False
121	3.029067528736282	0.5914995236971318	0.1952744592471676	TDRD10	0.26962018	False
122	3.029067528736282	0.5914995236971318	0.1952744592471676	UBE2Q1	0.26962018	False
123	3.029067528736282	0.5914995236971318	0.1952744592471676	UBE2Q1-AS1	0.26962018	False
124	3.029067528736282	0.5914995236971318	0.1952744592471676	CHRNB2	0.26962018	False
125	3.029067528736282	0.5914995236971318	0.1952744592471676	ADAR	0.26962018	False
126	3.029067528736282	0.5914995236971318	0.1952744592471676	KCNN3	0.26962018	False
127	3.001724346317241	0.5354997292652054	0.17839737013900026	PMVK	0.26962	False
128	3.001724346317241	0.5354997292652054	0.17839737013900026	PBXIP1	0.26962	False
129	3.001724346317241	0.5354997292652054	0.17839737013900026	PYGO2	0.26962	False
130	3.001724346317241	0.5354997292652054	0.17839737013900026	SHC1	0.26962	False
131	3.001724346317241	0.5354997292652054	0.17839737013900026	CKS1B	0.26962	False
132	3.001724346317241	0.5354997292652054	0.17839737013900026	MIR4258	0.26962	False
133	3.001724346317241	0.5354997292652054	0.17839737013900026	FLAD1	0.26962	False
134	3.001724346317241	0.5354997292652054	0.17839737013900026	LENEP	0.26962	False
135	3.001724346317241	0.5354997292652054	0.17839737013900026	ZBTB7B	0.26962	False
136	3.001724346317241	0.5354997292652054	0.17839737013900026	DCST2	0.26962	False
137	3.001724346317241	0.5354997292652054	0.17839737013900026	DCST1	0.26962	False
138	3.001724346317241	0.5354997292652054	0.17839737013900026	DCST1-AS1	0.26962	False
139	3.001724346317241	0.5354997292652054	0.17839737013900026	ADAM15	0.26962	False
140	3.001724346317241	0.5354997292652054	0.17839737013900026	EFNA4	0.26962	False
141	3.001724346317241	0.5354997292652054	0.17839737013900026	EFNA3	0.26962	False
142	3.1124154309904184	0.6609744249575569	0.2123670312054791	EFNA1	0.26962087	False
143	3.1124154309904184	0.6609744249575569	0.2123670312054791	SLC50A1	0.26962087	False
144	3.1124154309904184	0.6609744249575569	0.2123670312054791	DPM3	0.26962087	False
145	3.1124154309904184	0.6609744249575569	0.2123670312054791	KRTCAP2	0.26962087	False
146	3.1124154309904184	0.6609744249575569	0.2123670312054791	TRIM46	0.26962087	False
147	3.1124154309904184	0.6609744249575569	0.2123670312054791	MUC1	0.26962087	False
148	3.1124154309904184	0.6609744249575569	0.2123670312054791	MIR92B	0.26962087	False
149	3.1124154309904184	0.6609744249575569	0.2123670312054791	THBS3	0.26962087	False
150	3.1124154309904184	0.6609744249575569	0.2123670312054791	MTX1	0.26962087	False
151	3.1124154309904184	0.6609744249575569	0.2123670312054791	GBA	0.26962087	False
152	3.1124154309904184	0.6609744249575569	0.2123670312054791	FAM189B	0.26962087	False
153	3.1124154309904184	0.6609744249575569	0.2123670312054791	SCAMP3	0.26962087	False
154	3.1124154309904184	0.6609744249575569	0.2123670312054791	CLK2	0.26962087	False
155	3.1124154309904184	0.6609744249575569	0.2123670312054791	HCN3	0.26962087	False
156	3.1124154309904184	0.6609744249575569	0.2123670312054791	PKLR	0.26962087	False
157	3.1124154309904184	0.6609744249575569	0.2123670312054791	FDPS	0.26962087	False
158	3.1124154309904184	0.6609744249575569	0.2123670312054791	RUSC1-AS1	0.26962087	False
159	3.1124154309904184	0.6609744249575569	0.2123670312054791	RUSC1	0.26962087	False
160	3.1124154309904184	0.6609744249575569	0.2123670312054791	ASH1L	0.26962087	False
161	3.1124154309904184	0.6609744249575569	0.2123670312054791	MIR555	0.26962087	False
162	3.1124154309904184	0.6609744249575569	0.2123670312054791	MSTO2P	0.26962087	False
163	3.1124154309904184	0.6609744249575569	0.2123670312054791	MSTO1	0.26962087	False
164	3.1124154309904184	0.6609744249575569	0.2123670312054791	YY1AP1	0.26962087	False
165	3.1124154309904184	0.6609744249575569	0.2123670312054791	DAP3	0.26962087	False
166	3.1124154309904184	0.6609744249575569	0.2123670312054791	GON4L	0.26962087	False
167	3.1124154309904184	0.6609744249575569	0.2123670312054791	SYT11	0.26962087	False
168	3.027982366636831	0.5553303845836217	0.1833994777190282	RIT1	0.2696201	False
169	3.027982366636831	0.5553303845836217	0.1833994777190282	KHDC4	0.2696201	False
170	3.027982366636831	0.5553303845836217	0.1833994777190282	SNORA80E	0.2696201	False
171	3.027982366636831	0.5553303845836217	0.1833994777190282	SCARNA4	0.2696201	False
172	3.027982366636831	0.5553303845836217	0.1833994777190282	RXFP4	0.2696201	False
173	3.027982366636831	0.5553303845836217	0.1833994777190282	ARHGEF2	0.2696201	False
174	3.027982366636831	0.5553303845836217	0.1833994777190282	MIR6738	0.2696201	False
175	3.027982366636831	0.5553303845836217	0.1833994777190282	SSR2	0.2696201	False
176	3.027982366636831	0.5553303845836217	0.1833994777190282	UBQLN4	0.2696201	False
177	3.027982366636831	0.5553303845836217	0.1833994777190282	LAMTOR2	0.2696201	False
178	3.027982366636831	0.5553303845836217	0.1833994777190282	RAB25	0.2696201	False
179	3.027982366636831	0.5553303845836217	0.1833994777190282	MEX3A	0.2696201	False
180	3.027982366636831	0.5553303845836217	0.1833994777190282	LMNA	0.2696201	False
181	3.070353413742915	0.6242480163482215	0.2033147107932542	SEMA4A	0.26962057	False
182	3.070353413742915	0.6242480163482215	0.2033147107932542	SLC25A44	0.26962057	False
183	3.070353413742915	0.6242480163482215	0.2033147107932542	PMF1-BGLAP	0.26962057	False
184	3.070353413742915	0.6242480163482215	0.2033147107932542	PMF1	0.26962057	False
185	3.070353413742915	0.6242480163482215	0.2033147107932542	BGLAP	0.26962057	False
186	3.070353413742915	0.6242480163482215	0.2033147107932542	PAQR6	0.26962057	False
187	3.070353413742915	0.6242480163482215	0.2033147107932542	SMG5	0.26962057	False
188	3.070353413742915	0.6242480163482215	0.2033147107932542	TMEM79	0.26962057	False
189	3.070353413742915	0.6242480163482215	0.2033147107932542	GLMP	0.26962057	False
190	3.070353413742915	0.6242480163482215	0.2033147107932542	VHLL	0.26962057	False
191	3.070353413742915	0.6242480163482215	0.2033147107932542	CCT3	0.26962057	False
192	3.070353413742915	0.6242480163482215	0.2033147107932542	TSACC	0.26962057	False
193	3.070353413742915	0.6242480163482215	0.2033147107932542	RHBG	0.26962057	False
194	3.070353413742915	0.6242480163482215	0.2033147107932542	C1orf61	0.26962057	False
195	3.070353413742915	0.6242480163482215	0.2033147107932542	MEF2D	0.26962057	False
196	3.070353413742915	0.6242480163482215	0.2033147107932542	IQGAP3	0.26962057	False
197	3.070353413742915	0.6242480163482215	0.2033147107932542	TTC24	0.26962057	False
198	3.070353413742915	0.6242480163482215	0.2033147107932542	NAXE	0.26962057	False
199	3.070353413742915	0.6242480163482215	0.2033147107932542	GPATCH4	0.26962057	False
200	3.070353413742915	0.6242480163482215	0.2033147107932542	HAPLN2	0.26962057	False
201	3.070353413742915	0.6242480163482215	0.2033147107932542	BCAN	0.26962057	False
202	3.070353413742915	0.6242480163482215	0.2033147107932542	NES	0.26962057	False
203	3.070353413742915	0.6242480163482215	0.2033147107932542	CRABP2	0.26962057	False
204	3.070353413742915	0.6242480163482215	0.2033147107932542	ISG20L2	0.26962057	False
205	3.070353413742915	0.6242480163482215	0.2033147107932542	RRNAD1	0.26962057	False
206	3.070353413742915	0.6242480163482215	0.2033147107932542	MRPL24	0.26962057	False
207	3.070353413742915	0.6242480163482215	0.2033147107932542	HDGF	0.26962057	False
208	3.070353413742915	0.6242480163482215	0.2033147107932542	PRCC	0.26962057	False
209	3.070353413742915	0.6242480163482215	0.2033147107932542	SH2D2A	0.26962057	False
210	3.070353413742915	0.6242480163482215	0.2033147107932542	NTRK1	0.26962057	False
211	3.070353413742915	0.6242480163482215	0.2033147107932542	INSRR	0.26962057	False
212	2.920159161328717	0.4826386657944597	0.16527820544372374	PEAR1	0.26961958	False
213	2.920159161328717	0.4826386657944597	0.16527820544372374	LRRC71	0.26961958	False
214	2.920159161328717	0.4826386657944597	0.16527820544372374	ARHGEF11	0.26961958	False
215	2.920159161328717	0.4826386657944597	0.16527820544372374	MIR765	0.26961958	False
216	2.920159161328717	0.4826386657944597	0.16527820544372374	ETV3L	0.26961958	False
217	2.8879725449880644	0.5162260065716675	0.17875031653869167	ETV3	0.26961982	False
218	2.8879725449880644	0.5162260065716675	0.17875031653869167	FCRL5	0.26961982	False
219	2.8879725449880644	0.5162260065716675	0.17875031653869167	FCRL4	0.26961982	False
220	2.8879725449880644	0.5162260065716675	0.17875031653869167	FCRL3	0.26961982	False
221	2.8879725449880644	0.5162260065716675	0.17875031653869167	FCRL2	0.26961982	False
222	2.8879725449880644	0.5162260065716675	0.17875031653869167	FCRL1	0.26961982	False
223	2.8879725449880644	0.5162260065716675	0.17875031653869167	CD5L	0.26961982	False
224	2.958041608577489	0.6145273911111612	0.20774805510821906	ATP1A2	0.26962036	False
225	2.958041608577489	0.6145273911111612	0.20774805510821906	ATP1A4	0.26962036	False
226	2.958041608577489	0.6145273911111612	0.20774805510821906	CASQ1	0.26962036	False
227	2.958041608577489	0.6145273911111612	0.20774805510821906	LOC729867	0.26962036	False
228	2.958041608577489	0.6145273911111612	0.20774805510821906	PEA15	0.26962036	False
229	2.958041608577489	0.6145273911111612	0.20774805510821906	DCAF8	0.26962036	False
230	2.958041608577489	0.6145273911111612	0.20774805510821906	PEX19	0.26962036	False
231	2.958041608577489	0.6145273911111612	0.20774805510821906	COPA	0.26962036	False
232	2.958041608577489	0.6145273911111612	0.20774805510821906	NCSTN	0.26962036	False
233	2.958041608577489	0.6145273911111612	0.20774805510821906	NHLH1	0.26962036	False
234	2.958041608577489	0.6145273911111612	0.20774805510821906	VANGL2	0.26962036	False
235	2.958041608577489	0.6145273911111612	0.20774805510821906	SLAMF6	0.26962036	False
236	2.958041608577489	0.6145273911111612	0.20774805510821906	CD84	0.26962036	False
237	2.958041608577489	0.6145273911111612	0.20774805510821906	SLAMF1	0.26962036	False
238	2.958041608577489	0.6145273911111612	0.20774805510821906	CD48	0.26962036	False
239	2.958041608577489	0.6145273911111612	0.20774805510821906	SLAMF7	0.26962036	False
240	2.958041608577489	0.6145273911111612	0.20774805510821906	LY9	0.26962036	False
241	2.958041608577489	0.6145273911111612	0.20774805510821906	CD244	0.26962036	False
242	2.958041608577489	0.6145273911111612	0.20774805510821906	ITLN1	0.26962036	False
243	2.9664849408420193	0.599280318608372	0.2020169765089958	PFDN2	0.26962012	False
244	2.9664849408420193	0.599280318608372	0.2020169765089958	NIT1	0.26962012	False
245	2.9664849408420193	0.599280318608372	0.2020169765089958	DEDD	0.26962012	False
246	2.9664849408420193	0.599280318608372	0.2020169765089958	UFC1	0.26962012	False
247	2.9664849408420193	0.599280318608372	0.2020169765089958	USP21	0.26962012	False
248	2.9664849408420193	0.599280318608372	0.2020169765089958	PPOX	0.26962012	False
249	2.9664849408420193	0.599280318608372	0.2020169765089958	B4GALT3	0.26962012	False
250	2.9664849408420193	0.599280318608372	0.2020169765089958	ADAMTS4	0.26962012	False
251	2.9664849408420193	0.599280318608372	0.2020169765089958	NDUFS2	0.26962012	False
252	2.9664849408420193	0.599280318608372	0.2020169765089958	FCER1G	0.26962012	False
253	2.9664849408420193	0.599280318608372	0.2020169765089958	APOA2	0.26962012	False
254	2.9664849408420193	0.599280318608372	0.2020169765089958	TOMM40L	0.26962012	False
255	2.9664849408420193	0.599280318608372	0.2020169765089958	MIR5187	0.26962012	False
256	2.9664849408420193	0.599280318608372	0.2020169765089958	NR1I3	0.26962012	False
257	2.9664849408420193	0.599280318608372	0.2020169765089958	PCP4L1	0.26962012	False
258	2.9664849408420193	0.599280318608372	0.2020169765089958	MPZ	0.26962012	False
259	2.9664849408420193	0.599280318608372	0.2020169765089958	SDHC	0.26962012	False
260	2.9664849408420193	0.599280318608372	0.2020169765089958	CFAP126	0.26962012	False
261	2.9664849408420193	0.599280318608372	0.2020169765089958	FCGR2A	0.26962012	False
262	2.9664849408420193	0.599280318608372	0.2020169765089958	HSPA6	0.26962012	False
263	2.9664849408420193	0.599280318608372	0.2020169765089958	FCGR3A	0.26962012	False
264	2.9664849408420193	0.599280318608372	0.2020169765089958	FCGR2C	0.26962012	False
265	2.9664849408420193	0.599280318608372	0.2020169765089958	FCGR3B	0.26962012	False
266	2.9664849408420193	0.599280318608372	0.2020169765089958	FCGR2B	0.26962012	False
267	2.9664849408420193	0.599280318608372	0.2020169765089958	FCRLA	0.26962012	False
268	2.9664849408420193	0.599280318608372	0.2020169765089958	FCRLB	0.26962012	False
269	2.9664849408420193	0.599280318608372	0.2020169765089958	DUSP12	0.26962012	False
270	3.0019833955964206	0.6974355354504943	0.23232491441276976	ATP1B1	0.2696206	False
271	3.0019833955964206	0.6974355354504943	0.23232491441276976	NME7	0.2696206	False
272	3.0019833955964206	0.6974355354504943	0.23232491441276976	BLZF1	0.2696206	False
273	3.0019833955964206	0.6974355354504943	0.23232491441276976	CCDC181	0.2696206	False
274	3.0019833955964206	0.6974355354504943	0.23232491441276976	SLC19A2	0.2696206	False
275	3.0019833955964206	0.6974355354504943	0.23232491441276976	F5	0.2696206	False
276	3.0019833955964206	0.6974355354504943	0.23232491441276976	SELP	0.2696206	False
277	3.0019833955964206	0.6974355354504943	0.23232491441276976	C1orf112	0.2696206	False
278	3.0019833955964206	0.6974355354504943	0.23232491441276976	SELL	0.2696206	False
279	3.0019833955964206	0.6974355354504943	0.23232491441276976	SELE	0.2696206	False
280	3.0019833955964206	0.6974355354504943	0.23232491441276976	METTL18	0.2696206	False
281	3.0019833955964206	0.6974355354504943	0.23232491441276976	SCYL3	0.2696206	False
282	2.9458212924607485	0.6122146140985205	0.20782476373070005	DNM3	0.2696204	False
283	3.008830517696622	0.7293401714414308	0.24239988498912507	DNM3OS	0.26962104	False
284	3.008830517696622	0.7293401714414308	0.24239988498912507	MIR214	0.26962104	False
285	3.008830517696622	0.7293401714414308	0.24239988498912507	MIR199A2	0.26962104	False
286	3.008830517696622	0.7293401714414308	0.24239988498912507	PIGC	0.26962104	False
287	3.008830517696622	0.7293401714414308	0.24239988498912507	C1orf105	0.26962104	False
288	3.008830517696622	0.7293401714414308	0.24239988498912507	SUCO	0.26962104	False
289	3.008830517696622	0.7293401714414308	0.24239988498912507	FASLG	0.26962104	False
290	2.913525317913742	0.5167521476111796	0.17736319105721896	SHCBP1L	0.26961982	False
291	2.913525317913742	0.5167521476111796	0.17736319105721896	LAMC1	0.26961982	False
292	3.0175592640394067	0.6553382078056608	0.21717492531643037	LAMC2	0.2696207	False
293	3.0175592640394067	0.6553382078056608	0.21717492531643037	NMNAT2	0.2696207	False
294	3.0175592640394067	0.6553382078056608	0.21717492531643037	SMG7-AS1	0.2696207	False
295	3.0175592640394067	0.6553382078056608	0.21717492531643037	SMG7	0.2696207	False
296	3.0175592640394067	0.6553382078056608	0.21717492531643037	NCF2	0.2696207	False
297	3.0175592640394067	0.6553382078056608	0.21717492531643037	ARPC5	0.2696207	False
298	2.9696275979663995	0.5866923115181032	0.19756427099474358	RGL1	0.26962036	False
299	3.0175592640394067	0.6553382078056608	0.21717492531643037	APOBEC4	0.2696207	False
300	2.9696275979663995	0.5866923115181032	0.19756427099474358	COLGALT2	0.26962036	False
301	2.9696275979663995	0.5866923115181032	0.19756427099474358	TSEN15	0.26962036	False
302	3.0571019408304934	0.7218755981887413	0.23613069245333582	C1orf21	0.26962107	False
303	3.0571019408304934	0.7218755981887413	0.23613069245333582	EDEM3	0.26962107	False
304	3.0173597727219397	0.663877304398898	0.22001927327347473	FAM129A	0.26962072	False
305	3.0173597727219397	0.663877304398898	0.22001927327347473	RNF2	0.26962072	False
306	3.1032975906040274	0.8403124338120486	0.27078048729722043	TRMT1L	0.2696218	False
307	3.1032975906040274	0.8403124338120486	0.27078048729722043	SWT1	0.2696218	False
308	3.1032975906040274	0.8403124338120486	0.27078048729722043	IVNS1ABP	0.2696218	False
309	3.1032975906040274	0.8403124338120486	0.27078048729722043	GS1-279B7.1	0.2696218	False
310	3.1032975906040274	0.8403124338120486	0.27078048729722043	LINC01350	0.2696218	False
311	3.281631550174084	1.275976870382686	0.3888239282423397	KCNT2	0.2696245	False
312	3.281631550174084	1.275976870382686	0.3888239282423397	MIR4735	0.2696245	False
313	3.281631550174084	1.275976870382686	0.3888239282423397	CFH	0.2696245	False
314	3.281631550174084	1.275976870382686	0.3888239282423397	CFHR3	0.2696245	False
315	3.1813681739414057	1.060028089823032	0.3331988100295102	CFHR2	0.26962283	False
316	3.281631550174084	1.275976870382686	0.3888239282423397	CFHR1	0.2696245	False
317	3.1813681739414057	1.060028089823032	0.3331988100295102	CFHR4	0.26962283	False
318	3.1813681739414057	1.060028089823032	0.3331988100295102	CFHR5	0.26962283	False
319	3.1813681739414057	1.060028089823032	0.3331988100295102	F13B	0.26962283	False
320	3.1813681739414057	1.060028089823032	0.3331988100295102	ASPM	0.26962283	False
321	3.330039538023046	1.3272717778236132	0.3985753810633667	ZBTB41	0.26962498	False
322	3.330039538023046	1.3272717778236132	0.3985753810633667	CRB1	0.26962498	False
323	3.330039538023046	1.3272717778236132	0.3985753810633667	DENND1B	0.26962498	False
324	3.159480746020032	0.9735961025444265	0.30815066803963165	C1orf53	0.26962265	False
325	3.159480746020032	0.9735961025444265	0.30815066803963165	LHX9	0.26962265	False
326	3.1630846467318343	1.0154150222737184	0.3210205023513571	NEK7	0.26962262	False
327	3.1630846467318343	1.0154150222737184	0.3210205023513571	ATP6V1G3	0.26962262	False
328	3.1630846467318343	1.0154150222737184	0.3210205023513571	PTPRC	0.26962262	False
329	3.0104353252446554	0.7293917609813619	0.24228780298480085	MIR181A1HG	0.26962078	False
330	3.1630846467318343	1.0154150222737184	0.3210205023513571	MIR181B1	0.26962262	False
331	3.1630846467318343	1.0154150222737184	0.3210205023513571	MIR181A1	0.26962262	False
332	3.0104353252446554	0.7293917609813619	0.24228780298480085	LINC01222	0.26962078	False
333	3.0104353252446554	0.7293917609813619	0.24228780298480085	LINC01221	0.26962078	False
334	3.021609253189521	0.7256640817688426	0.240158147848817	FBXO28	0.26962093	False
335	3.021609253189521	0.7256640817688426	0.240158147848817	DEGS1	0.26962093	False
336	3.021609253189521	0.7256640817688426	0.240158147848817	LOC101927143	0.26962093	False
337	3.021609253189521	0.7256640817688426	0.240158147848817	LOC101927164	0.26962093	False
338	3.021609253189521	0.7256640817688426	0.240158147848817	NVL	0.26962093	False
339	3.021609253189521	0.7256640817688426	0.240158147848817	MIR320B2	0.26962093	False
340	3.021609253189521	0.7256640817688426	0.240158147848817	CNIH4	0.26962093	False
341	3.021609253189521	0.7256640817688426	0.240158147848817	WDR26	0.26962093	False
342	3.021609253189521	0.7256640817688426	0.240158147848817	MIR4742	0.26962093	False
343	3.021609253189521	0.7256640817688426	0.240158147848817	CNIH3	0.26962093	False
344	2.9081978563729862	0.5340095158980949	0.18362214067652705	SLC35F3	0.2696198	False
345	3.060749085823404	0.7253336493802834	0.23697912799838472	MIR4671	0.26962104	False
346	3.060749085823404	0.7253336493802834	0.23697912799838472	COA6-AS1	0.26962104	False
347	3.060749085823404	0.7253336493802834	0.23697912799838472	COA6	0.26962104	False
348	3.060749085823404	0.7253336493802834	0.23697912799838472	TARBP1	0.26962104	False
349	3.060749085823404	0.7253336493802834	0.23697912799838472	LINC01354	0.26962104	False
350	3.060749085823404	0.7253336493802834	0.23697912799838472	IRF2BP2	0.26962104	False
351	3.060749085823404	0.7253336493802834	0.23697912799838472	LINC00184	0.26962104	False
352	3.060749085823404	0.7253336493802834	0.23697912799838472	LOC101927787	0.26962104	False
353	3.060749085823404	0.7253336493802834	0.23697912799838472	LINC01132	0.26962104	False
354	2.9474331727181267	0.5918709014914703	0.2008089299428106	LOC101927851	0.2696202	False
355	3.0289158963144582	0.7086612071558179	0.23396529696255575	TOMM20	0.26962084	False
356	3.0289158963144582	0.7086612071558179	0.23396529696255575	SNORA14B	0.26962084	False
357	3.0289158963144582	0.7086612071558179	0.23396529696255575	RBM34	0.26962084	False
358	3.0289158963144582	0.7086612071558179	0.23396529696255575	ARID4B	0.26962084	False
359	3.0289158963144582	0.7086612071558179	0.23396529696255575	MIR4753	0.26962084	False
360	3.0289158963144582	0.7086612071558179	0.23396529696255575	GGPS1	0.26962084	False
361	3.0289158963144582	0.7086612071558179	0.23396529696255575	TBCE	0.26962084	False
362	3.0289158963144582	0.7086612071558179	0.23396529696255575	B3GALNT2	0.26962084	False
363	3.0289158963144582	0.7086612071558179	0.23396529696255575	GNG4	0.26962084	False
364	3.0289158963144582	0.7086612071558179	0.23396529696255575	LYST	0.26962084	False
365	3.0289158963144582	0.7086612071558179	0.23396529696255575	MIR1537	0.26962084	False
366	3.027091197747377	0.7673983552450028	0.253510153845403	MIR4801	0.2696211	False
367	3.027091197747377	0.7673983552450028	0.253510153845403	NWD2	0.2696211	False
368	3.027091197747377	0.7673983552450028	0.253510153845403	C4orf19	0.2696211	False
369	3.027091197747377	0.7673983552450028	0.253510153845403	RELL1	0.2696211	False
370	3.027091197747377	0.7673983552450028	0.253510153845403	PGM2	0.2696211	False
371	2.976643064790968	0.6424614669411596	0.21583423103040938	TBC1D1	0.26962036	False
372	2.976643064790968	0.6424614669411596	0.21583423103040938	PTTG2	0.26962036	False
373	3.0621422851188513	0.7477150385822895	0.24418037078680957	LINC01258	0.26962087	False
374	3.0621422851188513	0.7477150385822895	0.24418037078680957	KLF3-AS1	0.26962087	False
375	3.0621422851188513	0.7477150385822895	0.24418037078680957	KLF3	0.26962087	False
376	3.0621422851188513	0.7477150385822895	0.24418037078680957	TLR10	0.26962087	False
377	3.0621422851188513	0.7477150385822895	0.24418037078680957	TLR1	0.26962087	False
378	3.0621422851188513	0.7477150385822895	0.24418037078680957	TLR6	0.26962087	False
379	2.9557246754959428	0.5933728023079788	0.20075374652695502	FAM114A1	0.26962012	False
380	3.0621422851188513	0.7477150385822895	0.24418037078680957	MIR574	0.26962087	False
381	2.9557246754959428	0.5933728023079788	0.20075374652695502	TMEM156	0.26962012	False
382	2.9557246754959428	0.5933728023079788	0.20075374652695502	KLHL5	0.26962012	False
383	2.991996469453541	0.6541766626654062	0.21864219070582167	WDR19	0.26962048	False
384	2.991996469453541	0.6541766626654062	0.21864219070582167	RFC1	0.26962048	False
385	2.991996469453541	0.6541766626654062	0.21864219070582167	KLB	0.26962048	False
386	2.991996469453541	0.6541766626654062	0.21864219070582167	MIR5591	0.26962048	False
387	2.991996469453541	0.6541766626654062	0.21864219070582167	RPL9	0.26962048	False
388	2.991996469453541	0.6541766626654062	0.21864219070582167	LIAS	0.26962048	False
389	2.991996469453541	0.6541766626654062	0.21864219070582167	UGDH	0.26962048	False
390	2.991996469453541	0.6541766626654062	0.21864219070582167	UGDH-AS1	0.26962048	False
391	2.991996469453541	0.6541766626654062	0.21864219070582167	SMIM14	0.26962048	False
392	2.991996469453541	0.6541766626654062	0.21864219070582167	UBE2K	0.26962048	False
393	2.9764977555667427	0.5830585860574056	0.1958874603439396	TRIM31	0.2696202	False
394	2.9764977555667427	0.5830585860574056	0.1958874603439396	TRIM31-AS1	0.2696202	False
395	2.9764977555667427	0.5830585860574056	0.1958874603439396	TRIM40	0.2696202	False
396	2.9764977555667427	0.5830585860574056	0.1958874603439396	TRIM10	0.2696202	False
397	2.9764977555667427	0.5830585860574056	0.1958874603439396	TRIM15	0.2696202	False
398	2.9764977555667427	0.5830585860574056	0.1958874603439396	TRIM26	0.2696202	False
399	2.9764977555667427	0.5830585860574056	0.1958874603439396	HCG17	0.2696202	False
400	2.9764977555667427	0.5830585860574056	0.1958874603439396	HCG18	0.2696202	False
401	2.9764977555667427	0.5830585860574056	0.1958874603439396	TRIM39	0.2696202	False
402	2.9764977555667427	0.5830585860574056	0.1958874603439396	TRIM39-RPP21	0.2696202	False
403	2.9764977555667427	0.5830585860574056	0.1958874603439396	RPP21	0.2696202	False
404	2.9764977555667427	0.5830585860574056	0.1958874603439396	HLA-E	0.2696202	False
405	2.9764977555667427	0.5830585860574056	0.1958874603439396	GNL1	0.2696202	False
406	2.9764977555667427	0.5830585860574056	0.1958874603439396	PRR3	0.2696202	False
407	2.9764977555667427	0.5830585860574056	0.1958874603439396	ABCF1	0.2696202	False
408	2.9764977555667427	0.5830585860574056	0.1958874603439396	MIR877	0.2696202	False
409	2.9764977555667427	0.5830585860574056	0.1958874603439396	PPP1R10	0.2696202	False
410	2.9764977555667427	0.5830585860574056	0.1958874603439396	MRPS18B	0.2696202	False
411	2.9764977555667427	0.5830585860574056	0.1958874603439396	ATAT1	0.2696202	False
412	2.9764977555667427	0.5830585860574056	0.1958874603439396	C6orf136	0.2696202	False
413	2.9764977555667427	0.5830585860574056	0.1958874603439396	DHX16	0.2696202	False
414	2.9764977555667427	0.5830585860574056	0.1958874603439396	PPP1R18	0.2696202	False
415	2.9764977555667427	0.5830585860574056	0.1958874603439396	NRM	0.2696202	False
416	2.9764977555667427	0.5830585860574056	0.1958874603439396	MDC1	0.2696202	False
417	2.9764977555667427	0.5830585860574056	0.1958874603439396	MDC1-AS1	0.2696202	False
418	2.9764977555667427	0.5830585860574056	0.1958874603439396	TUBB	0.2696202	False
419	2.9764977555667427	0.5830585860574056	0.1958874603439396	FLOT1	0.2696202	False
420	2.9764977555667427	0.5830585860574056	0.1958874603439396	IER3	0.2696202	False
421	2.9764977555667427	0.5830585860574056	0.1958874603439396	LINC00243	0.2696202	False
422	2.9764977555667427	0.5830585860574056	0.1958874603439396	LINC02570	0.2696202	False
423	2.908653792722916	0.4809192726677451	0.1653408438883116	DDR1	0.26961958	False
424	2.9764977555667427	0.5830585860574056	0.1958874603439396	MIR4640	0.2696202	False
425	2.908653792722916	0.4809192726677451	0.1653408438883116	GTF2H4	0.26961958	False
426	2.908653792722916	0.4809192726677451	0.1653408438883116	VARS2	0.26961958	False
427	2.908653792722916	0.4809192726677451	0.1653408438883116	SFTA2	0.26961958	False
428	2.908653792722916	0.4809192726677451	0.1653408438883116	MUCL3	0.26961958	False
429	2.908653792722916	0.4809192726677451	0.1653408438883116	MUC21	0.26961958	False
430	2.908653792722916	0.4809192726677451	0.1653408438883116	MUC22	0.26961958	False
431	2.908653792722916	0.4809192726677451	0.1653408438883116	HCG22	0.26961958	False
432	2.967871795295019	0.5403936710698578	0.1820812044261974	C6orf15	0.26961994	False
433	2.967871795295019	0.5403936710698578	0.1820812044261974	PSORS1C1	0.26961994	False
434	2.967871795295019	0.5403936710698578	0.1820812044261974	CDSN	0.26961994	False
435	2.967871795295019	0.5403936710698578	0.1820812044261974	PSORS1C2	0.26961994	False
436	2.967871795295019	0.5403936710698578	0.1820812044261974	CCHCR1	0.26961994	False
437	2.967871795295019	0.5403936710698578	0.1820812044261974	TCF19	0.26961994	False
438	2.967871795295019	0.5403936710698578	0.1820812044261974	POU5F1	0.26961994	False
439	2.967871795295019	0.5403936710698578	0.1820812044261974	PSORS1C3	0.26961994	False
440	2.967871795295019	0.5403936710698578	0.1820812044261974	HCG27	0.26961994	False
441	2.967871795295019	0.5403936710698578	0.1820812044261974	HLA-C	0.26961994	False
442	2.967871795295019	0.5403936710698578	0.1820812044261974	HLA-B	0.26961994	False
443	2.967871795295019	0.5403936710698578	0.1820812044261974	MIR6891	0.26961994	False
444	2.967871795295019	0.5403936710698578	0.1820812044261974	MICA	0.26961994	False
445	2.967871795295019	0.5403936710698578	0.1820812044261974	HCP5	0.26961994	False
446	2.967871795295019	0.5403936710698578	0.1820812044261974	MICB	0.26961994	False
447	2.967871795295019	0.5403936710698578	0.1820812044261974	MCCD1	0.26961994	False
448	2.967871795295019	0.5403936710698578	0.1820812044261974	DDX39B	0.26961994	False
449	2.967871795295019	0.5403936710698578	0.1820812044261974	ATP6V1G2-DDX39B	0.26961994	False
450	2.967871795295019	0.5403936710698578	0.1820812044261974	SNORD117	0.26961994	False
451	2.967871795295019	0.5403936710698578	0.1820812044261974	SNORD84	0.26961994	False
452	2.967871795295019	0.5403936710698578	0.1820812044261974	ATP6V1G2	0.26961994	False
453	2.967871795295019	0.5403936710698578	0.1820812044261974	DDX39B-AS1	0.26961994	False
454	2.967871795295019	0.5403936710698578	0.1820812044261974	NFKBIL1	0.26961994	False
455	2.967871795295019	0.5403936710698578	0.1820812044261974	LTA	0.26961994	False
456	2.967871795295019	0.5403936710698578	0.1820812044261974	TNF	0.26961994	False
457	2.967871795295019	0.5403936710698578	0.1820812044261974	LTB	0.26961994	False
458	2.967871795295019	0.5403936710698578	0.1820812044261974	LST1	0.26961994	False
459	2.967871795295019	0.5403936710698578	0.1820812044261974	NCR3	0.26961994	False
460	2.967871795295019	0.5403936710698578	0.1820812044261974	AIF1	0.26961994	False
461	2.967871795295019	0.5403936710698578	0.1820812044261974	PRRC2A	0.26961994	False
462	2.967871795295019	0.5403936710698578	0.1820812044261974	SNORA38	0.26961994	False
463	2.967871795295019	0.5403936710698578	0.1820812044261974	MIR6832	0.26961994	False
464	2.967871795295019	0.5403936710698578	0.1820812044261974	BAG6	0.26961994	False
465	2.967871795295019	0.5403936710698578	0.1820812044261974	APOM	0.26961994	False
466	2.967871795295019	0.5403936710698578	0.1820812044261974	C6orf47	0.26961994	False
467	2.967871795295019	0.5403936710698578	0.1820812044261974	GPANK1	0.26961994	False
468	2.967871795295019	0.5403936710698578	0.1820812044261974	CSNK2B	0.26961994	False
469	2.967871795295019	0.5403936710698578	0.1820812044261974	LY6G5B	0.26961994	False
470	2.967871795295019	0.5403936710698578	0.1820812044261974	LY6G5C	0.26961994	False
471	2.967871795295019	0.5403936710698578	0.1820812044261974	ABHD16A	0.26961994	False
472	2.967871795295019	0.5403936710698578	0.1820812044261974	MIR4646	0.26961994	False
473	2.967871795295019	0.5403936710698578	0.1820812044261974	LY6G6F	0.26961994	False
474	2.967871795295019	0.5403936710698578	0.1820812044261974	LY6G6E	0.26961994	False
475	2.967871795295019	0.5403936710698578	0.1820812044261974	LY6G6D	0.26961994	False
476	2.967871795295019	0.5403936710698578	0.1820812044261974	MPIG6B	0.26961994	False
477	2.967871795295019	0.5403936710698578	0.1820812044261974	LY6G6C	0.26961994	False
478	2.967871795295019	0.5403936710698578	0.1820812044261974	DDAH2	0.26961994	False
479	2.967871795295019	0.5403936710698578	0.1820812044261974	CLIC1	0.26961994	False
480	2.967871795295019	0.5403936710698578	0.1820812044261974	MSH5	0.26961994	False
481	2.967871795295019	0.5403936710698578	0.1820812044261974	MSH5-SAPCD1	0.26961994	False
482	2.967871795295019	0.5403936710698578	0.1820812044261974	SAPCD1	0.26961994	False
483	2.967871795295019	0.5403936710698578	0.1820812044261974	SAPCD1-AS1	0.26961994	False
484	2.967871795295019	0.5403936710698578	0.1820812044261974	VWA7	0.26961994	False
485	2.967871795295019	0.5403936710698578	0.1820812044261974	VARS	0.26961994	False
486	2.967871795295019	0.5403936710698578	0.1820812044261974	LSM2	0.26961994	False
487	2.967871795295019	0.5403936710698578	0.1820812044261974	HSPA1L	0.26961994	False
488	2.967871795295019	0.5403936710698578	0.1820812044261974	HSPA1A	0.26961994	False
489	2.967871795295019	0.5403936710698578	0.1820812044261974	HSPA1B	0.26961994	False
490	2.967871795295019	0.5403936710698578	0.1820812044261974	C6orf48	0.26961994	False
491	2.967871795295019	0.5403936710698578	0.1820812044261974	SNORD48	0.26961994	False
492	2.967871795295019	0.5403936710698578	0.1820812044261974	SNORD52	0.26961994	False
493	2.967871795295019	0.5403936710698578	0.1820812044261974	NEU1	0.26961994	False
494	2.967871795295019	0.5403936710698578	0.1820812044261974	SLC44A4	0.26961994	False
495	2.967871795295019	0.5403936710698578	0.1820812044261974	EHMT2	0.26961994	False
496	2.847437376016655	0.41773002754307126	0.14670385064883967	C2	0.2696193	False
497	2.847437376016655	0.41773002754307126	0.14670385064883967	ZBTB12	0.2696193	False
498	2.847437376016655	0.41773002754307126	0.14670385064883967	CFB	0.2696193	False
499	2.847437376016655	0.41773002754307126	0.14670385064883967	C2-AS1	0.2696193	False
500	2.847437376016655	0.41773002754307126	0.14670385064883967	NELFE	0.2696193	False
501	2.847437376016655	0.41773002754307126	0.14670385064883967	MIR1236	0.2696193	False
502	2.847437376016655	0.41773002754307126	0.14670385064883967	SKIV2L	0.2696193	False
503	2.847437376016655	0.41773002754307126	0.14670385064883967	DXO	0.2696193	False
504	2.847437376016655	0.41773002754307126	0.14670385064883967	STK19	0.2696193	False
505	2.847437376016655	0.41773002754307126	0.14670385064883967	C4B	0.2696193	False
506	2.847437376016655	0.41773002754307126	0.14670385064883967	C4A	0.2696193	False
507	2.847437376016655	0.41773002754307126	0.14670385064883967	CYP21A2	0.2696193	False
508	2.847437376016655	0.41773002754307126	0.14670385064883967	TNXB	0.2696193	False
509	2.847437376016655	0.41773002754307126	0.14670385064883967	ATF6B	0.2696193	False
510	3.253918307890639	1.1788225552017044	0.3622778581573793	SEMA3D	0.26962417	False
511	3.495217563577647	1.6653474887800284	0.47646461443029775	LINC00972	0.26962778	False
512	3.7805975386237356	2.304140194584384	0.6094645544902852	GRM3	0.26963416	False
513	3.7259906341541913	2.152639839520723	0.5777362454399667	KIAA1324L	0.2696328	False
514	3.9539886617663322	2.8035911717607434	0.7090539229083976	DMTF1	0.26963997	False
515	3.9539886617663322	2.8035911717607434	0.7090539229083976	TMEM243	0.26963997	False
516	3.9539886617663322	2.8035911717607434	0.7090539229083976	TP53TG1	0.26963997	False
517	3.9539886617663322	2.8035911717607434	0.7090539229083976	CROT	0.26963997	False
518	3.9539886617663322	2.8035911717607434	0.7090539229083976	ABCB4	0.26963997	False
519	3.9539886617663322	2.8035911717607434	0.7090539229083976	ABCB1	0.26963997	False
520	3.9539886617663322	2.8035911717607434	0.7090539229083976	RUNDC3B	0.26963997	False
521	3.9539886617663322	2.8035911717607434	0.7090539229083976	SLC25A40	0.26963997	False
522	3.752145060161539	2.182435039410908	0.5816499640653416	DBF4	0.26963317	False
523	3.752145060161539	2.182435039410908	0.5816499640653416	ADAM22	0.26963317	False
524	3.713818385468753	2.063227088438983	0.5555541155463813	SRI	0.26963207	False
525	3.713818385468753	2.063227088438983	0.5555541155463813	LOC102723885	0.26963207	False
526	3.713818385468753	2.063227088438983	0.5555541155463813	STEAP4	0.26963207	False
527	3.5548237823574964	1.6837070121764028	0.4736400776130169	ZNF804B	0.26962882	False
528	3.713818385468753	2.063227088438983	0.5555541155463813	TEX47	0.26963207	False
529	3.5288189533595578	1.5778023961627587	0.44711911180952946	STEAP2-AS1	0.26962802	False
530	3.5446933552731985	1.580432281922141	0.44585867479087854	STEAP1	0.2696279	False
531	3.5446933552731985	1.580432281922141	0.44585867479087854	STEAP2	0.2696279	False
532	3.5446933552731985	1.580432281922141	0.44585867479087854	CFAP69	0.2696279	False
533	3.5446933552731985	1.580432281922141	0.44585867479087854	LOC101927446	0.2696279	False
534	3.5446933552731985	1.580432281922141	0.44585867479087854	GTPBP10	0.2696279	False
535	3.5446933552731985	1.580432281922141	0.44585867479087854	CLDN12	0.2696279	False
536	3.5198198913272964	1.5135704892786197	0.43001361888089795	CDK14	0.26962745	False
537	3.618057341904958	1.7322459255020901	0.4787779080886646	FZD1	0.2696297	False
538	3.618057341904958	1.7322459255020901	0.4787779080886646	MTERF1	0.2696297	False
539	3.6304982485888218	1.7360007526951875	0.47817148882249777	AKAP9	0.26962963	False
540	3.8090952944750422	2.144062515693812	0.5628797260083513	CYP51A1	0.26963374	False
541	3.8090952944750422	2.144062515693812	0.5628797260083513	CYP51A1-AS1	0.26963374	False
542	3.8090952944750422	2.144062515693812	0.5628797260083513	LRRD1	0.26963374	False
543	3.8090952944750422	2.144062515693812	0.5628797260083513	KRIT1	0.26963374	False
544	3.8090952944750422	2.144062515693812	0.5628797260083513	MIR1285-1	0.26963374	False
545	3.8090952944750422	2.144062515693812	0.5628797260083513	ANKIB1	0.26963374	False
546	3.8090952944750422	2.144062515693812	0.5628797260083513	GATAD1	0.26963374	False
547	3.8090952944750422	2.144062515693812	0.5628797260083513	ERVW-1	0.26963374	False
548	3.8090952944750422	2.144062515693812	0.5628797260083513	PEX1	0.26963374	False
549	3.8090952944750422	2.144062515693812	0.5628797260083513	RBM48	0.26963374	False
550	3.8090952944750422	2.144062515693812	0.5628797260083513	FAM133B	0.26963374	False
551	3.8090952944750422	2.144062515693812	0.5628797260083513	CDK6	0.26963374	False
552	3.7670522450514157	2.0251958355014095	0.5376075784884072	LOC101927497	0.26963255	False
553	3.7670522450514157	2.0251958355014095	0.5376075784884072	SAMD9	0.26963255	False
554	3.8193018653795923	2.162707280187685	0.5662572261678872	SAMD9L	0.26963362	False
555	3.8193018653795923	2.162707280187685	0.5662572261678872	HEPACAM2	0.26963362	False
556	3.8193018653795923	2.162707280187685	0.5662572261678872	VPS50	0.26963362	False
557	3.8193018653795923	2.162707280187685	0.5662572261678872	CALCR	0.26963362	False
558	3.8193018653795923	2.162707280187685	0.5662572261678872	MIR653	0.26963362	False
559	3.8193018653795923	2.162707280187685	0.5662572261678872	MIR489	0.26963362	False
560	3.8089590207274258	2.172285547857072	0.5703095087229934	GNGT1	0.2696338	False
561	3.8193018653795923	2.162707280187685	0.5662572261678872	MIR4652	0.26963362	False
562	3.8193018653795923	2.162707280187685	0.5662572261678872	TFPI2	0.26963362	False
563	3.8193018653795923	2.162707280187685	0.5662572261678872	LOC105375401	0.26963362	False
564	3.8089590207274258	2.172285547857072	0.5703095087229934	GNG11	0.2696338	False
565	3.8089590207274258	2.172285547857072	0.5703095087229934	BET1	0.2696338	False
566	3.9208089843095104	2.512140996858398	0.6407200674431245	COL1A2	0.2696374	False
567	3.9208089843095104	2.512140996858398	0.6407200674431245	CASD1	0.2696374	False
568	3.9208089843095104	2.512140996858398	0.6407200674431245	SGCE	0.2696374	False
569	3.9208089843095104	2.512140996858398	0.6407200674431245	PEG10	0.2696374	False
570	3.7740106676811824	2.14177516133089	0.5675063877460722	PPP1R9A	0.26963353	False
571	3.8394000389038343	2.335377397311023	0.6082662326527932	PON1	0.26963535	False
572	3.8394000389038343	2.335377397311023	0.6082662326527932	PON3	0.26963535	False
573	3.8394000389038343	2.335377397311023	0.6082662326527932	PON2	0.26963535	False
574	3.8394000389038343	2.335377397311023	0.6082662326527932	ASB4	0.26963535	False
575	3.8394000389038343	2.335377397311023	0.6082662326527932	PDK4	0.26963535	False
576	3.6184207174957383	1.7921137980914263	0.4952751318900597	DYNC1I1	0.26963007	False
577	3.578801483833302	1.7038663385683934	0.4760997071967678	SLC25A13	0.26962927	False
578	3.578801483833302	1.7038663385683934	0.4760997071967678	MIR591	0.26962927	False
579	3.578801483833302	1.7038663385683934	0.4760997071967678	SEM1	0.26962927	False
580	3.4944025118434583	1.4820531525020357	0.4241220487562506	DLX6-AS1	0.2696273	False
581	3.4944025118434583	1.4820531525020357	0.4241220487562506	DLX6	0.2696273	False
582	3.4944025118434583	1.4820531525020357	0.4241220487562506	DLX5	0.2696273	False
583	3.3754507269135523	1.228646952553774	0.3639949304421414	SDHAF3	0.269625	False
584	3.3754507269135523	1.228646952553774	0.3639949304421414	TAC1	0.269625	False
585	3.3754507269135523	1.228646952553774	0.3639949304421414	ASNS	0.269625	False
586	3.509851599699126	1.3989648618895032	0.39858233949532973	MIR5692C2	0.2696268	False
587	3.509851599699126	1.3989648618895032	0.39858233949532973	OCM2	0.2696268	False
588	3.5954085942052845	1.5273752025501033	0.42481269166785995	LMTK2	0.26962802	False
589	3.5954085942052845	1.5273752025501033	0.42481269166785995	BHLHA15	0.26962802	False
590	3.5954085942052845	1.5273752025501033	0.42481269166785995	TECPR1	0.26962802	False
591	3.5954085942052845	1.5273752025501033	0.42481269166785995	BRI3	0.26962802	False
592	3.5954085942052845	1.5273752025501033	0.42481269166785995	BAIAP2L1	0.26962802	False
593	3.5954085942052845	1.5273752025501033	0.42481269166785995	NPTX2	0.26962802	False
594	3.5954085942052845	1.5273752025501033	0.42481269166785995	TMEM130	0.26962802	False
595	3.7231476589566137	1.7194274389252076	0.4618209097318115	TRRAP	0.2696301	False
596	3.5954085942052845	1.5273752025501033	0.42481269166785995	MIR3609	0.26962802	False
597	3.7231476589566137	1.7194274389252076	0.4618209097318115	LOC101927550	0.2696301	False
598	3.7231476589566137	1.7194274389252076	0.4618209097318115	SMURF1	0.2696301	False
599	3.9642123841625905	2.1897159638838666	0.552371001269254	KPNA7	0.26963535	False
600	3.9642123841625905	2.1897159638838666	0.552371001269254	ARPC1A	0.26963535	False
601	3.9642123841625905	2.1897159638838666	0.552371001269254	ARPC1B	0.26963535	False
602	3.9642123841625905	2.1897159638838666	0.552371001269254	PDAP1	0.26963535	False
603	3.9642123841625905	2.1897159638838666	0.552371001269254	BUD31	0.26963535	False
604	3.9642123841625905	2.1897159638838666	0.552371001269254	PTCD1	0.26963535	False
605	3.9642123841625905	2.1897159638838666	0.552371001269254	ATP5MF-PTCD1	0.26963535	False
606	3.9642123841625905	2.1897159638838666	0.552371001269254	CPSF4	0.26963535	False
607	3.9642123841625905	2.1897159638838666	0.552371001269254	ATP5MF	0.26963535	False
608	3.9642123841625905	2.1897159638838666	0.552371001269254	ZNF789	0.26963535	False
609	3.9642123841625905	2.1897159638838666	0.552371001269254	ZNF394	0.26963535	False
610	3.9642123841625905	2.1897159638838666	0.552371001269254	ZKSCAN5	0.26963535	False
611	3.9642123841625905	2.1897159638838666	0.552371001269254	FAM200A	0.26963535	False
612	3.9642123841625905	2.1897159638838666	0.552371001269254	ZNF655	0.26963535	False
613	3.9642123841625905	2.1897159638838666	0.552371001269254	TMEM225B	0.26963535	False
614	3.9642123841625905	2.1897159638838666	0.552371001269254	ZSCAN25	0.26963535	False
615	3.9642123841625905	2.1897159638838666	0.552371001269254	CYP3A5	0.26963535	False
616	3.9642123841625905	2.1897159638838666	0.552371001269254	CYP3A7-CYP3A51P	0.26963535	False
617	3.9642123841625905	2.1897159638838666	0.552371001269254	CYP3A7	0.26963535	False
618	3.9642123841625905	2.1897159638838666	0.552371001269254	CYP3A4	0.26963535	False
619	3.9642123841625905	2.1897159638838666	0.552371001269254	CYP3A43	0.26963535	False
620	3.9642123841625905	2.1897159638838666	0.552371001269254	OR2AE1	0.26963535	False
621	3.88136779947597	2.0081457085012406	0.5173809368883732	TRIM4	0.26963347	False
622	3.88136779947597	2.0081457085012406	0.5173809368883732	GJC3	0.26963347	False
623	3.88136779947597	2.0081457085012406	0.5173809368883732	AZGP1	0.26963347	False
624	3.88136779947597	2.0081457085012406	0.5173809368883732	ZKSCAN1	0.26963347	False
625	3.88136779947597	2.0081457085012406	0.5173809368883732	ZSCAN21	0.26963347	False
626	3.88136779947597	2.0081457085012406	0.5173809368883732	ZNF3	0.26963347	False
627	3.88136779947597	2.0081457085012406	0.5173809368883732	COPS6	0.26963347	False
628	3.88136779947597	2.0081457085012406	0.5173809368883732	MCM7	0.26963347	False
629	3.88136779947597	2.0081457085012406	0.5173809368883732	MIR25	0.26963347	False
630	3.88136779947597	2.0081457085012406	0.5173809368883732	MIR93	0.26963347	False
631	3.88136779947597	2.0081457085012406	0.5173809368883732	MIR106B	0.26963347	False
632	4.057377344091704	2.386582969304924	0.588208285034231	AP4M1	0.26963797	False
633	4.057377344091704	2.386582969304924	0.588208285034231	TAF6	0.26963797	False
634	4.057377344091704	2.386582969304924	0.588208285034231	CNPY4	0.26963797	False
635	4.057377344091704	2.386582969304924	0.588208285034231	MBLAC1	0.26963797	False
636	4.057377344091704	2.386582969304924	0.588208285034231	LAMTOR4	0.26963797	False
637	4.057377344091704	2.386582969304924	0.588208285034231	C7orf43	0.26963797	False
638	4.057377344091704	2.386582969304924	0.588208285034231	MIR4658	0.26963797	False
639	4.057377344091704	2.386582969304924	0.588208285034231	GAL3ST4	0.26963797	False
640	4.057377344091704	2.386582969304924	0.588208285034231	GPC2	0.26963797	False
641	4.057377344091704	2.386582969304924	0.588208285034231	STAG3	0.26963797	False
642	4.057377344091704	2.386582969304924	0.588208285034231	CASTOR3	0.26963797	False
643	4.057377344091704	2.386582969304924	0.588208285034231	PVRIG	0.26963797	False
644	4.057377344091704	2.386582969304924	0.588208285034231	SPDYE3	0.26963797	False
645	4.057377344091704	2.386582969304924	0.588208285034231	STAG3L5P-PVRIG2P-PILRB	0.26963797	False
646	4.057377344091704	2.386582969304924	0.588208285034231	MIR6840	0.26963797	False
647	4.057377344091704	2.386582969304924	0.588208285034231	PILRB	0.26963797	False
648	4.057377344091704	2.386582969304924	0.588208285034231	PILRA	0.26963797	False
649	4.057377344091704	2.386582969304924	0.588208285034231	ZCWPW1	0.26963797	False
650	4.057377344091704	2.386582969304924	0.588208285034231	MEPCE	0.26963797	False
651	4.057377344091704	2.386582969304924	0.588208285034231	PPP1R35	0.26963797	False
652	4.057377344091704	2.386582969304924	0.588208285034231	C7orf61	0.26963797	False
653	4.057377344091704	2.386582969304924	0.588208285034231	TSC22D4	0.26963797	False
654	4.057377344091704	2.386582969304924	0.588208285034231	NYAP1	0.26963797	False
655	4.057377344091704	2.386582969304924	0.588208285034231	AGFG2	0.26963797	False
656	4.057377344091704	2.386582969304924	0.588208285034231	SAP25	0.26963797	False
657	4.057377344091704	2.386582969304924	0.588208285034231	LRCH4	0.26963797	False
658	4.057377344091704	2.386582969304924	0.588208285034231	FBXO24	0.26963797	False
659	4.057377344091704	2.386582969304924	0.588208285034231	PCOLCE-AS1	0.26963797	False
660	4.057377344091704	2.386582969304924	0.588208285034231	PCOLCE	0.26963797	False
661	4.057377344091704	2.386582969304924	0.588208285034231	MOSPD3	0.26963797	False
662	4.057377344091704	2.386582969304924	0.588208285034231	TFR2	0.26963797	False
663	4.057377344091704	2.386582969304924	0.588208285034231	ACTL6B	0.26963797	False
664	4.057377344091704	2.386582969304924	0.588208285034231	GNB2	0.26963797	False
665	4.057377344091704	2.386582969304924	0.588208285034231	GIGYF1	0.26963797	False
666	4.057377344091704	2.386582969304924	0.588208285034231	POP7	0.26963797	False
667	4.057377344091704	2.386582969304924	0.588208285034231	EPO	0.26963797	False
668	4.057377344091704	2.386582969304924	0.588208285034231	ZAN	0.26963797	False
669	4.057377344091704	2.386582969304924	0.588208285034231	EPHB4	0.26963797	False
670	4.057377344091704	2.386582969304924	0.588208285034231	SLC12A9	0.26963797	False
671	4.057377344091704	2.386582969304924	0.588208285034231	TRIP6	0.26963797	False
672	4.057377344091704	2.386582969304924	0.588208285034231	MIR6875	0.26963797	False
673	4.057377344091704	2.386582969304924	0.588208285034231	SRRT	0.26963797	False
674	4.057377344091704	2.386582969304924	0.588208285034231	UFSP1	0.26963797	False
675	4.057377344091704	2.386582969304924	0.588208285034231	ACHE	0.26963797	False
676	3.846880684249704	1.975111407799888	0.513431938735868	MUC3A	0.26963294	False
677	3.846880684249704	1.975111407799888	0.513431938735868	MUC12	0.26963294	False
678	3.846880684249704	1.975111407799888	0.513431938735868	LOC102724094	0.26963294	False
679	3.846880684249704	1.975111407799888	0.513431938735868	MUC17	0.26963294	False
680	3.846880684249704	1.975111407799888	0.513431938735868	TRIM56	0.26963294	False
681	3.789437059201801	1.9148998743747807	0.5053256841210423	SERPINE1	0.26963213	False
682	3.789437059201801	1.9148998743747807	0.5053256841210423	AP1S1	0.26963213	False
683	3.789437059201801	1.9148998743747807	0.5053256841210423	MIR4653	0.26963213	False
684	3.789437059201801	1.9148998743747807	0.5053256841210423	VGF	0.26963213	False
685	3.789437059201801	1.9148998743747807	0.5053256841210423	NAT16	0.26963213	False
686	3.789437059201801	1.9148998743747807	0.5053256841210423	MOGAT3	0.26963213	False
687	3.789437059201801	1.9148998743747807	0.5053256841210423	PLOD3	0.26963213	False
688	3.789437059201801	1.9148998743747807	0.5053256841210423	ZNHIT1	0.26963213	False
689	3.789437059201801	1.9148998743747807	0.5053256841210423	CLDN15	0.26963213	False
690	3.789437059201801	1.9148998743747807	0.5053256841210423	FIS1	0.26963213	False
691	3.789437059201801	1.9148998743747807	0.5053256841210423	LOC101927746	0.26963213	False
692	3.789437059201801	1.9148998743747807	0.5053256841210423	IFT22	0.26963213	False
693	3.789437059201801	1.9148998743747807	0.5053256841210423	COL26A1	0.26963213	False
694	3.789437059201801	1.9148998743747807	0.5053256841210423	LINC01007	0.26963213	False
695	3.789437059201801	1.9148998743747807	0.5053256841210423	MYL10	0.26963213	False
696	3.615029016543088	1.6192876631869597	0.44793213436926205	CUX1	0.26962912	False
697	3.4606932896061746	1.40549223680925	0.4061302517130012	SH2B2	0.26962662	False
698	3.4606932896061746	1.40549223680925	0.4061302517130012	MIR4285	0.26962662	False
699	3.4606932896061746	1.40549223680925	0.4061302517130012	SPDYE6	0.26962662	False
700	3.4606932896061746	1.40549223680925	0.4061302517130012	LOC100630923	0.26962662	False
701	3.4606932896061746	1.40549223680925	0.4061302517130012	PRKRIP1	0.26962662	False
702	3.4606932896061746	1.40549223680925	0.4061302517130012	MIR548O	0.26962662	False
703	3.4606932896061746	1.40549223680925	0.4061302517130012	ORAI2	0.26962662	False
704	3.4606932896061746	1.40549223680925	0.4061302517130012	ALKBH4	0.26962662	False
705	3.4606932896061746	1.40549223680925	0.4061302517130012	LRWD1	0.26962662	False
706	3.4606932896061746	1.40549223680925	0.4061302517130012	MIR5090	0.26962662	False
707	3.4606932896061746	1.40549223680925	0.4061302517130012	MIR4467	0.26962662	False
708	3.4606932896061746	1.40549223680925	0.4061302517130012	POLR2J	0.26962662	False
709	3.4606932896061746	1.40549223680925	0.4061302517130012	RASA4B	0.26962662	False
710	3.4606932896061746	1.40549223680925	0.4061302517130012	POLR2J3	0.26962662	False
711	3.4606932896061746	1.40549223680925	0.4061302517130012	SPDYE2	0.26962662	False
712	3.4606932896061746	1.40549223680925	0.4061302517130012	RASA4	0.26962662	False
713	3.4606932896061746	1.40549223680925	0.4061302517130012	UPK3BL1	0.26962662	False
714	3.4606932896061746	1.40549223680925	0.4061302517130012	POLR2J2	0.26962662	False
715	3.4606932896061746	1.40549223680925	0.4061302517130012	FAM185A	0.26962662	False
716	3.4490671158873525	1.409706955856651	0.40872123055047344	FBXL13	0.2696266	False
717	3.4490671158873525	1.409706955856651	0.40872123055047344	LRRC17	0.2696266	False
718	3.4490671158873525	1.409706955856651	0.40872123055047344	NFE4	0.2696266	False
719	3.4490671158873525	1.409706955856651	0.40872123055047344	ARMC10	0.2696266	False
720	3.4490671158873525	1.409706955856651	0.40872123055047344	NAPEPLD	0.2696266	False
721	3.420065113008828	1.4529098579856596	0.4248193557658472	PMPCB	0.2696264	False
722	3.420065113008828	1.4529098579856596	0.4248193557658472	DNAJC2	0.2696264	False
723	3.420065113008828	1.4529098579856596	0.4248193557658472	PSMC2	0.2696264	False
724	3.420065113008828	1.4529098579856596	0.4248193557658472	SLC26A5	0.2696264	False
725	3.420065113008828	1.4529098579856596	0.4248193557658472	LOC101927870	0.2696264	False
726	3.351000649297476	1.314619246154167	0.39230647312162464	RELN	0.26962546	False
727	3.4160048275870216	1.4385931025059135	0.42113321705171564	ORC5	0.26962617	False
728	3.421233407989633	1.435047127608939	0.4194531493401363	LHFPL3	0.26962626	False
729	3.4160048275870216	1.4385931025059135	0.42113321705171564	LHFPL3-AS1	0.26962617	False
730	3.421233407989633	1.435047127608939	0.4194531493401363	LHFPL3-AS2	0.26962626	False
731	3.421233407989633	1.435047127608939	0.4194531493401363	KMT2E	0.26962626	False
732	3.540003494279272	1.6501431877763122	0.46614168331838707	SRPK2	0.26962835	False
733	3.540003494279272	1.6501431877763122	0.46614168331838707	PUS7	0.26962835	False
734	3.540003494279272	1.6501431877763122	0.46614168331838707	RINT1	0.26962835	False
735	3.540003494279272	1.6501431877763122	0.46614168331838707	EFCAB10	0.26962835	False
736	3.540003494279272	1.6501431877763122	0.46614168331838707	ATXN7L1	0.26962835	False
737	3.556409320655134	1.6988993584973344	0.4777007383909275	CDHR3	0.26962835	False
738	3.556409320655134	1.6988993584973344	0.4777007383909275	SYPL1	0.26962835	False
739	3.6185470455188575	1.870092278456324	0.5168075072485826	NAMPT	0.26962993	False
740	3.6185470455188575	1.870092278456324	0.5168075072485826	CCDC71L	0.26962993	False
741	3.5379108452063965	1.7277701592131378	0.4883588747167376	PIK3CG	0.26962852	False
742	3.5379108452063965	1.7277701592131378	0.4883588747167376	PRKAR2B	0.26962852	False
743	3.651961867896498	2.0265774960034686	0.5549284382782348	HBP1	0.26963106	False
744	3.651961867896498	2.0265774960034686	0.5549284382782348	COG5	0.26963106	False
745	3.651961867896498	2.0265774960034686	0.5549284382782348	GPR22	0.26963106	False
746	3.651961867896498	2.0265774960034686	0.5549284382782348	DUS4L	0.26963106	False
747	3.651961867896498	2.0265774960034686	0.5549284382782348	BCAP29	0.26963106	False
748	3.651961867896498	2.0265774960034686	0.5549284382782348	SLC26A4-AS1	0.26963106	False
749	3.651961867896498	2.0265774960034686	0.5549284382782348	SLC26A4	0.26963106	False
750	3.651961867896498	2.0265774960034686	0.5549284382782348	CBLL1	0.26963106	False
751	3.651961867896498	2.0265774960034686	0.5549284382782348	SLC26A3	0.26963106	False
752	3.4169615009880876	1.4843877919702821	0.43441747632832256	DLD	0.2696266	False
753	3.4169615009880876	1.4843877919702821	0.43441747632832256	LAMB1	0.2696266	False
754	3.4169615009880876	1.4843877919702821	0.43441747632832256	LAMB4	0.2696266	False
755	3.4249855431009117	1.5333882417234124	0.4477064858893139	NRCAM	0.2696268	False
756	3.4249855431009117	1.5333882417234124	0.4477064858893139	PNPLA8	0.2696268	False
757	3.4249855431009117	1.5333882417234124	0.4477064858893139	THAP5	0.2696268	False
758	3.4249855431009117	1.5333882417234124	0.4477064858893139	DNAJB9	0.2696268	False
759	3.4249855431009117	1.5333882417234124	0.4477064858893139	C7orf66	0.2696268	False
760	3.338016192196929	1.3082465132000123	0.3919233574295469	PPP1R3A	0.26962522	False
761	3.338016192196929	1.3082465132000123	0.3919233574295469	FOXP2	0.26962522	False
762	3.6824771271401375	2.0727530472259588	0.5628692251608599	MIR3666	0.269632	False
763	3.912031808770025	2.6305302919242926	0.6724204762413097	MDFIC	0.2696378	False
764	3.912031808770025	2.6305302919242926	0.6724204762413097	LINC01392	0.2696378	False
765	3.912031808770025	2.6305302919242926	0.6724204762413097	LINC01393	0.2696378	False
766	4.382227473562794	4.146198272320304	0.9461394455978352	TFEC	0.2696597	False
767	4.8437885472376205	6.11371291213577	1.2621758469663955	TES	0.26971003	False
768	4.8437885472376205	6.11371291213577	1.2621758469663955	LOC102724434	0.26971003	False
769	4.8437885472376205	6.11371291213577	1.2621758469663955	CAV2	0.26971003	False
770	4.8437885472376205	6.11371291213577	1.2621758469663955	CAV1	0.26971003	False
771	4.8437885472376205	6.11371291213577	1.2621758469663955	LINC01510	0.26971003	False
772	4.8437885472376205	6.11371291213577	1.2621758469663955	MET	0.26971003	False
773	4.333114081272181	4.002475496863322	0.9236949274338547	CAPZA2	0.26965696	False
774	4.333114081272181	4.002475496863322	0.9236949274338547	ST7-AS1	0.26965696	False
775	4.333114081272181	4.002475496863322	0.9236949274338547	ST7	0.26965696	False
776	4.333114081272181	4.002475496863322	0.9236949274338547	ST7-OT4	0.26965696	False
777	4.333114081272181	4.002475496863322	0.9236949274338547	MIR6132	0.26965696	False
778	4.333114081272181	4.002475496863322	0.9236949274338547	ST7-AS2	0.26965696	False
779	4.159386344123731	3.2720476631285647	0.7866659628171414	ST7-OT3	0.26964697	False
780	4.159386344123731	3.2720476631285647	0.7866659628171414	WNT2	0.26964697	False
781	4.159386344123731	3.2720476631285647	0.7866659628171414	ASZ1	0.26964697	False
782	4.159386344123731	3.2720476631285647	0.7866659628171414	CFTR	0.26964697	False
783	4.159386344123731	3.2720476631285647	0.7866659628171414	CTTNBP2	0.26964697	False
784	3.477695865878831	1.5030807874343628	0.4322059332967366	LSM8	0.2696271	False
785	3.477695865878831	1.5030807874343628	0.4322059332967366	ANKRD7	0.2696271	False
786	2.9484277838791946	0.5859856382268657	0.19874512152910684	NDUFAF6	0.2696203	False
787	2.9484277838791946	0.5859856382268657	0.19874512152910684	TP53INP1	0.2696203	False
788	2.9484277838791946	0.5859856382268657	0.19874512152910684	MIR3150BHG	0.2696203	False
789	2.9484277838791946	0.5859856382268657	0.19874512152910684	MIR3150B	0.2696203	False
790	3.0170813167714967	0.6689353503991297	0.22171604944176335	PLEKHF2	0.269621	False
791	3.0170813167714967	0.6689353503991297	0.22171604944176335	C8orf37-AS1	0.269621	False
792	3.0170813167714967	0.6689353503991297	0.22171604944176335	LINC01298	0.269621	False
793	3.0170813167714967	0.6689353503991297	0.22171604944176335	C8orf37	0.269621	False
794	3.0424208421617034	0.7165915031217828	0.23553332701094357	GDF6	0.26962116	False
795	3.0424208421617034	0.7165915031217828	0.23553332701094357	UQCRB	0.26962116	False
796	3.0424208421617034	0.7165915031217828	0.23553332701094357	MTERF3	0.26962116	False
797	3.0424208421617034	0.7165915031217828	0.23553332701094357	PTDSS1	0.26962116	False
798	3.0424208421617034	0.7165915031217828	0.23553332701094357	LOC102724804	0.26962116	False
799	3.0424208421617034	0.7165915031217828	0.23553332701094357	SDC2	0.26962116	False
800	2.9954703906351465	0.6385592274011349	0.21317494220523328	CPQ	0.26962072	False
801	3.0558151162613885	0.7402924609910941	0.24225695365261454	TSPYL5	0.26962122	False
802	3.0558151162613885	0.7402924609910941	0.24225695365261454	MTDH	0.26962122	False
803	3.0558151162613885	0.7402924609910941	0.24225695365261454	LAPTM4B	0.26962122	False
804	3.0224502144532313	0.6840545295856438	0.2263244986847173	MATN2	0.269621	False
805	3.0224502144532313	0.6840545295856438	0.2263244986847173	RPL30	0.269621	False
806	3.0224502144532313	0.6840545295856438	0.2263244986847173	SNORA72	0.269621	False
807	3.0224502144532313	0.6840545295856438	0.2263244986847173	ERICH5	0.269621	False
808	3.092078368995477	0.8003174746977799	0.2588283281312106	RIDA	0.26962164	False
809	3.092078368995477	0.8003174746977799	0.2588283281312106	POP1	0.26962164	False
810	3.092078368995477	0.8003174746977799	0.2588283281312106	NIPAL2	0.26962164	False
811	3.020622116930749	0.669192101246874	0.221541151240341	STK3	0.26962084	False
812	3.092078368995477	0.8003174746977799	0.2588283281312106	KCNS2	0.26962164	False
813	3.020622116930749	0.669192101246874	0.221541151240341	OSR2	0.26962084	False
814	3.020622116930749	0.669192101246874	0.221541151240341	VPS13B	0.26962084	False
815	3.0758919930235984	0.7462880828632317	0.24262493109507116	MIR599	0.2696213	False
816	3.0758919930235984	0.7462880828632317	0.24262493109507116	MIR875	0.2696213	False
817	3.0758919930235984	0.7462880828632317	0.24262493109507116	COX6C	0.2696213	False
818	3.086456282999523	0.712720941576725	0.23091885198648548	RGS22	0.26962128	False
819	3.190184884377508	0.8596450975888312	0.26946560426593313	FBXO43	0.26962245	False
820	3.190184884377508	0.8596450975888312	0.26946560426593313	POLR2K	0.26962245	False
821	3.190184884377508	0.8596450975888312	0.26946560426593313	SPAG1	0.26962245	False
822	3.190184884377508	0.8596450975888312	0.26946560426593313	RNF19A	0.26962245	False
823	3.190184884377508	0.8596450975888312	0.26946560426593313	MIR4471	0.26962245	False
824	3.190184884377508	0.8596450975888312	0.26946560426593313	ANKRD46	0.26962245	False
825	3.190184884377508	0.8596450975888312	0.26946560426593313	SNX31	0.26962245	False
826	3.190184884377508	0.8596450975888312	0.26946560426593313	PABPC1	0.26962245	False
827	3.190184884377508	0.8596450975888312	0.26946560426593313	MIR7705	0.26962245	False
828	3.1260974484115267	0.7552049497538301	0.241580744751759	YWHAZ	0.26962152	False
829	3.1260974484115267	0.7552049497538301	0.241580744751759	FLJ42969	0.26962152	False
830	3.166632667123784	0.836249244634965	0.2640815441958162	ZNF706	0.2696219	False
831	3.166632667123784	0.836249244634965	0.2640815441958162	GRHL2	0.2696219	False
832	3.122337519224991	0.7616859298148579	0.2439473391729666	NCALD	0.26962155	False
833	3.2128773485337905	0.8993751792169428	0.279928264185801	MIR5680	0.26962242	False
834	3.2128773485337905	0.8993751792169428	0.279928264185801	RRM2B	0.26962242	False
835	3.2128773485337905	0.8993751792169428	0.279928264185801	UBR5-AS1	0.26962242	False
836	3.2128773485337905	0.8993751792169428	0.279928264185801	UBR5	0.26962242	False
837	3.2128773485337905	0.8993751792169428	0.279928264185801	ODF1	0.26962242	False
838	3.2128773485337905	0.8993751792169428	0.279928264185801	KLF10	0.26962242	False
839	3.2128773485337905	0.8993751792169428	0.279928264185801	AZIN1	0.26962242	False
840	3.070779544424122	0.6990191183854472	0.227635721898277	AZIN1-AS1	0.2696211	False
841	3.070779544424122	0.6990191183854472	0.227635721898277	ATP6V1C1	0.2696211	False
842	3.05671948373045	0.7447576167463239	0.24364604626310507	BAALC-AS2	0.26962107	False
843	3.05671948373045	0.7447576167463239	0.24364604626310507	BAALC	0.26962107	False
844	3.05671948373045	0.7447576167463239	0.24364604626310507	MIR3151	0.26962107	False
845	3.05671948373045	0.7447576167463239	0.24364604626310507	BAALC-AS1	0.26962107	False
846	3.05671948373045	0.7447576167463239	0.24364604626310507	FZD6	0.26962107	False
847	3.05671948373045	0.7447576167463239	0.24364604626310507	CTHRC1	0.26962107	False
848	3.05671948373045	0.7447576167463239	0.24364604626310507	SLC25A32	0.26962107	False
849	3.05671948373045	0.7447576167463239	0.24364604626310507	DCAF13	0.26962107	False
850	2.945700626187408	0.5978789178805239	0.20296662619593928	RIMS2	0.26962024	False
851	3.1781333510364935	1.0313073699856417	0.32450097465208577	NUDCD1	0.2696227	False
852	3.1781333510364935	1.0313073699856417	0.32450097465208577	ENY2	0.2696227	False
853	3.1781333510364935	1.0313073699856417	0.32450097465208577	PKHD1L1	0.2696227	False
854	3.1781333510364935	1.0313073699856417	0.32450097465208577	EBAG9	0.2696227	False
855	3.1781333510364935	1.0313073699856417	0.32450097465208577	SYBU	0.2696227	False
856	3.1781333510364935	1.0313073699856417	0.32450097465208577	LOC100132813	0.2696227	False
857	3.068919299215114	0.7898591551198954	0.25737371305980716	MAL2	0.2696213	False
858	3.068919299215114	0.7898591551198954	0.25737371305980716	MIR548AZ	0.2696213	False
859	3.068919299215114	0.7898591551198954	0.25737371305980716	NOV	0.2696213	False
860	3.068919299215114	0.7898591551198954	0.25737371305980716	ENPP2	0.2696213	False
861	3.068919299215114	0.7898591551198954	0.25737371305980716	TAF2	0.2696213	False
862	3.068919299215114	0.7898591551198954	0.25737371305980716	DSCC1	0.2696213	False
863	3.00073965906808	0.6614488851992467	0.2204286143919158	DEPTOR	0.26962072	False
864	3.00073965906808	0.6614488851992467	0.2204286143919158	COL14A1	0.26962072	False
865	3.0767445150697275	0.7830673084924069	0.2545116452331306	MRPL13	0.2696215	False
866	3.0767445150697275	0.7830673084924069	0.2545116452331306	MTBP	0.2696215	False
867	3.0767445150697275	0.7830673084924069	0.2545116452331306	SNTB1	0.2696215	False
868	3.0767445150697275	0.7830673084924069	0.2545116452331306	LOC101927543	0.2696215	False
869	3.0911155790284215	0.7618816988434799	0.24647467212563737	HAS2	0.26962137	False
870	3.0911155790284215	0.7618816988434799	0.24647467212563737	HAS2-AS1	0.26962137	False
871	3.1451502670638254	0.7936938824521362	0.25235483683044946	SMILR	0.26962164	False
872	3.1451502670638254	0.7936938824521362	0.25235483683044946	LINC01151	0.26962164	False
873	3.168468704839944	0.7778159606935858	0.2454863952121242	ZHX2	0.26962164	False
874	3.168468704839944	0.7778159606935858	0.2454863952121242	DERL1	0.26962164	False
875	3.168468704839944	0.7778159606935858	0.2454863952121242	TBC1D31	0.26962164	False
876	3.297538107068632	0.9525258330010914	0.28885968928130007	FAM83A	0.269623	False
877	3.297538107068632	0.9525258330010914	0.28885968928130007	FAM83A-AS1	0.269623	False
878	3.297538107068632	0.9525258330010914	0.28885968928130007	MIR4663	0.269623	False
879	3.297538107068632	0.9525258330010914	0.28885968928130007	C8orf76	0.269623	False
880	3.297538107068632	0.9525258330010914	0.28885968928130007	ZHX1-C8orf76	0.269623	False
881	3.297538107068632	0.9525258330010914	0.28885968928130007	ZHX1	0.269623	False
882	3.297538107068632	0.9525258330010914	0.28885968928130007	ATAD2	0.269623	False
883	3.297538107068632	0.9525258330010914	0.28885968928130007	MIR548AA1	0.269623	False
884	3.297538107068632	0.9525258330010914	0.28885968928130007	WDYHV1	0.269623	False
885	3.297538107068632	0.9525258330010914	0.28885968928130007	FBXO32	0.269623	False
886	3.297538107068632	0.9525258330010914	0.28885968928130007	KLHL38	0.269623	False
887	3.297538107068632	0.9525258330010914	0.28885968928130007	ANXA13	0.269623	False
888	3.297538107068632	0.9525258330010914	0.28885968928130007	FAM91A1	0.269623	False
889	3.202602412841339	0.8142666530703186	0.25425155798465277	FER1L6	0.269622	False
890	3.202602412841339	0.8142666530703186	0.25425155798465277	FER1L6-AS1	0.269622	False
891	3.202602412841339	0.8142666530703186	0.25425155798465277	FER1L6-AS2	0.269622	False
892	3.279817494012531	0.9338681845460222	0.28473175298651365	LOC101927588	0.26962298	False
893	3.279817494012531	0.9338681845460222	0.28473175298651365	TMEM65	0.26962298	False
894	3.279817494012531	0.9338681845460222	0.28473175298651365	TRMT12	0.26962298	False
895	3.279817494012531	0.9338681845460222	0.28473175298651365	RNF139-AS1	0.26962298	False
896	3.279817494012531	0.9338681845460222	0.28473175298651365	RNF139	0.26962298	False
897	3.279817494012531	0.9338681845460222	0.28473175298651365	TATDN1	0.26962298	False
898	3.279817494012531	0.9338681845460222	0.28473175298651365	NDUFB9	0.26962298	False
899	3.279817494012531	0.9338681845460222	0.28473175298651365	MTSS1	0.26962298	False
900	3.279817494012531	0.9338681845460222	0.28473175298651365	MIR4662B	0.26962298	False
901	3.1406596944480065	0.7268726436610853	0.231439479083339	LINC00964	0.26962137	False
902	3.1406596944480065	0.7268726436610853	0.231439479083339	ZNF572	0.26962137	False
903	3.1406596944480065	0.7268726436610853	0.231439479083339	LOC105375744	0.26962137	False
904	3.1406596944480065	0.7268726436610853	0.231439479083339	SQLE	0.26962137	False
905	3.1406596944480065	0.7268726436610853	0.231439479083339	WASHC5	0.26962137	False
906	3.1406596944480065	0.7268726436610853	0.231439479083339	NSMCE2	0.26962137	False
907	3.1490557433993	0.7632362846305722	0.2423698869829101	TRIB1	0.2696215	False
908	3.0347958526578402	0.6227081131245609	0.2051894570039036	LINC00861	0.26962063	False
909	2.971255819167819	0.6075142894421316	0.20446381140358438	LOC101927657	0.2696203	False
910	2.971255819167819	0.6075142894421316	0.20446381140358438	FAM84B	0.2696203	False
911	2.9203482590399408	0.5352072553282476	0.18326829811188206	PCAT1	0.26961994	False
912	2.9203482590399408	0.5352072553282476	0.18326829811188206	PCAT2	0.26961994	False
913	2.9203482590399408	0.5352072553282476	0.18326829811188206	PRNCR1	0.26961994	False
914	2.8953927610579147	0.4660633494766926	0.1609672289525249	DENND3	0.2696195	False
915	2.8953927610579147	0.4660633494766926	0.1609672289525249	SLC45A4	0.2696195	False
916	2.8953927610579147	0.4660633494766926	0.1609672289525249	LOC105375787	0.2696195	False
917	2.8953927610579147	0.4660633494766926	0.1609672289525249	LINC01300	0.2696195	False
918	2.8953927610579147	0.4660633494766926	0.1609672289525249	GPR20	0.2696195	False
919	2.8953927610579147	0.4660633494766926	0.1609672289525249	PTP4A3	0.2696195	False
920	2.8953927610579147	0.4660633494766926	0.1609672289525249	MROH5	0.2696195	False
921	3.2011188590223782	0.6555081384982545	0.2047746951509469	MIR4472-1	0.2696211	False
922	3.2011188590223782	0.6555081384982545	0.2047746951509469	LINC00051	0.2696211	False
923	3.2011188590223782	0.6555081384982545	0.2047746951509469	TSNARE1	0.2696211	False
924	3.2011188590223782	0.6555081384982545	0.2047746951509469	ADGRB1	0.2696211	False
925	3.2011188590223782	0.6555081384982545	0.2047746951509469	ARC	0.2696211	False
926	3.2011188590223782	0.6555081384982545	0.2047746951509469	LOC101928087	0.2696211	False
927	3.2011188590223782	0.6555081384982545	0.2047746951509469	JRK	0.2696211	False
928	3.2011188590223782	0.6555081384982545	0.2047746951509469	PSCA	0.2696211	False
929	3.2011188590223782	0.6555081384982545	0.2047746951509469	LY6K	0.2696211	False
930	3.2011188590223782	0.6555081384982545	0.2047746951509469	LNCOC1	0.2696211	False
931	3.2011188590223782	0.6555081384982545	0.2047746951509469	THEM6	0.2696211	False
932	3.2011188590223782	0.6555081384982545	0.2047746951509469	SLURP1	0.2696211	False
933	3.2011188590223782	0.6555081384982545	0.2047746951509469	LYPD2	0.2696211	False
934	3.2011188590223782	0.6555081384982545	0.2047746951509469	LYNX1	0.2696211	False
935	3.2011188590223782	0.6555081384982545	0.2047746951509469	LY6D	0.2696211	False
936	3.2011188590223782	0.6555081384982545	0.2047746951509469	GML	0.2696211	False
937	3.2011188590223782	0.6555081384982545	0.2047746951509469	CYP11B1	0.2696211	False
938	3.2011188590223782	0.6555081384982545	0.2047746951509469	CYP11B2	0.2696211	False
939	3.2011188590223782	0.6555081384982545	0.2047746951509469	LY6E-DT	0.2696211	False
940	3.2011188590223782	0.6555081384982545	0.2047746951509469	LY6E	0.2696211	False
941	3.2011188590223782	0.6555081384982545	0.2047746951509469	C8orf31	0.2696211	False
942	3.475812597330911	0.9511727461117453	0.2736547841624587	LY6H	0.2696236	False
943	3.475812597330911	0.9511727461117453	0.2736547841624587	GPIHBP1	0.2696236	False
944	3.475812597330911	0.9511727461117453	0.2736547841624587	ZFP41	0.2696236	False
945	3.475812597330911	0.9511727461117453	0.2736547841624587	GLI4	0.2696236	False
946	3.475812597330911	0.9511727461117453	0.2736547841624587	MINCR	0.2696236	False
947	3.475812597330911	0.9511727461117453	0.2736547841624587	ZNF696	0.2696236	False
948	3.475812597330911	0.9511727461117453	0.2736547841624587	TOP1MT	0.2696236	False
949	3.475812597330911	0.9511727461117453	0.2736547841624587	RHPN1-AS1	0.2696236	False
950	3.475812597330911	0.9511727461117453	0.2736547841624587	RHPN1	0.2696236	False
951	3.475812597330911	0.9511727461117453	0.2736547841624587	MAFA-AS1	0.2696236	False
952	3.475812597330911	0.9511727461117453	0.2736547841624587	MAFA	0.2696236	False
953	3.475812597330911	0.9511727461117453	0.2736547841624587	ZC3H3	0.2696236	False
954	3.475812597330911	0.9511727461117453	0.2736547841624587	GSDMD	0.2696236	False
955	3.475812597330911	0.9511727461117453	0.2736547841624587	MROH6	0.2696236	False
956	3.475812597330911	0.9511727461117453	0.2736547841624587	NAPRT	0.2696236	False
957	3.475812597330911	0.9511727461117453	0.2736547841624587	EEF1D	0.2696236	False
958	3.475812597330911	0.9511727461117453	0.2736547841624587	TIGD5	0.2696236	False
959	3.475812597330911	0.9511727461117453	0.2736547841624587	PYCR3	0.2696236	False
960	3.475812597330911	0.9511727461117453	0.2736547841624587	TSTA3	0.2696236	False
961	3.475812597330911	0.9511727461117453	0.2736547841624587	ZNF623	0.2696236	False
962	3.475812597330911	0.9511727461117453	0.2736547841624587	ZNF707	0.2696236	False
963	3.475812597330911	0.9511727461117453	0.2736547841624587	BREA2	0.2696236	False
964	3.475812597330911	0.9511727461117453	0.2736547841624587	CCDC166	0.2696236	False
965	3.475812597330911	0.9511727461117453	0.2736547841624587	LOC101928160	0.2696236	False
966	3.475812597330911	0.9511727461117453	0.2736547841624587	MAPK15	0.2696236	False
967	3.475812597330911	0.9511727461117453	0.2736547841624587	FAM83H	0.2696236	False
968	3.475812597330911	0.9511727461117453	0.2736547841624587	MIR4664	0.2696236	False
969	3.475812597330911	0.9511727461117453	0.2736547841624587	FAM83H-AS1	0.2696236	False
970	3.475812597330911	0.9511727461117453	0.2736547841624587	SCRIB	0.2696236	False
971	3.475812597330911	0.9511727461117453	0.2736547841624587	MIR937	0.2696236	False
972	3.475812597330911	0.9511727461117453	0.2736547841624587	PUF60	0.2696236	False
973	3.475812597330911	0.9511727461117453	0.2736547841624587	NRBP2	0.2696236	False
974	3.475812597330911	0.9511727461117453	0.2736547841624587	MIR6845	0.2696236	False
975	3.475812597330911	0.9511727461117453	0.2736547841624587	EPPK1	0.2696236	False
976	3.475812597330911	0.9511727461117453	0.2736547841624587	PLEC	0.2696236	False
977	3.475812597330911	0.9511727461117453	0.2736547841624587	MIR661	0.2696236	False
978	3.475812597330911	0.9511727461117453	0.2736547841624587	PARP10	0.2696236	False
979	3.475812597330911	0.9511727461117453	0.2736547841624587	GRINA	0.2696236	False
980	3.475812597330911	0.9511727461117453	0.2736547841624587	SPATC1	0.2696236	False
981	3.475812597330911	0.9511727461117453	0.2736547841624587	OPLAH	0.2696236	False
982	3.475812597330911	0.9511727461117453	0.2736547841624587	MIR6846	0.2696236	False
983	3.475812597330911	0.9511727461117453	0.2736547841624587	EXOSC4	0.2696236	False
984	3.475812597330911	0.9511727461117453	0.2736547841624587	MIR6847	0.2696236	False
985	3.475812597330911	0.9511727461117453	0.2736547841624587	GPAA1	0.2696236	False
986	3.475812597330911	0.9511727461117453	0.2736547841624587	CYC1	0.2696236	False
987	3.475812597330911	0.9511727461117453	0.2736547841624587	SHARPIN	0.2696236	False
988	3.6929847012073775	1.268915149171903	0.34360151796920424	MAF1	0.2696264	False
989	3.6929847012073775	1.268915149171903	0.34360151796920424	WDR97	0.2696264	False
990	3.6929847012073775	1.268915149171903	0.34360151796920424	HGH1	0.2696264	False
991	3.6929847012073775	1.268915149171903	0.34360151796920424	MROH1	0.2696264	False
992	3.6929847012073775	1.268915149171903	0.34360151796920424	BOP1	0.2696264	False
993	3.6929847012073775	1.268915149171903	0.34360151796920424	MIR7112	0.2696264	False
994	3.6929847012073775	1.268915149171903	0.34360151796920424	SCX	0.2696264	False
995	3.6929847012073775	1.268915149171903	0.34360151796920424	HSF1	0.2696264	False
996	3.6929847012073775	1.268915149171903	0.34360151796920424	DGAT1	0.2696264	False
997	3.6929847012073775	1.268915149171903	0.34360151796920424	MIR6848	0.2696264	False
998	3.6929847012073775	1.268915149171903	0.34360151796920424	SCRT1	0.2696264	False
999	3.6929847012073775	1.268915149171903	0.34360151796920424	TMEM249	0.2696264	False
1000	3.6929847012073775	1.268915149171903	0.34360151796920424	SLC52A2	0.2696264	False
1001	3.6929847012073775	1.268915149171903	0.34360151796920424	FBXL6	0.2696264	False
1002	3.6929847012073775	1.268915149171903	0.34360151796920424	ADCK5	0.2696264	False
1003	3.6929847012073775	1.268915149171903	0.34360151796920424	CPSF1	0.2696264	False
1004	3.6929847012073775	1.268915149171903	0.34360151796920424	MIR939	0.2696264	False
1005	3.6929847012073775	1.268915149171903	0.34360151796920424	MIR1234	0.2696264	False
1006	3.6929847012073775	1.268915149171903	0.34360151796920424	MIR6849	0.2696264	False
1007	3.6929847012073775	1.268915149171903	0.34360151796920424	SLC39A4	0.2696264	False
1008	3.6929847012073775	1.268915149171903	0.34360151796920424	VPS28	0.2696264	False
1009	3.6929847012073775	1.268915149171903	0.34360151796920424	TONSL	0.2696264	False
1010	3.6929847012073775	1.268915149171903	0.34360151796920424	MIR6893	0.2696264	False
1011	3.6929847012073775	1.268915149171903	0.34360151796920424	TONSL-AS1	0.2696264	False
1012	3.6929847012073775	1.268915149171903	0.34360151796920424	CYHR1	0.2696264	False
1013	3.6929847012073775	1.268915149171903	0.34360151796920424	KIFC2	0.2696264	False
1014	3.6929847012073775	1.268915149171903	0.34360151796920424	FOXH1	0.2696264	False
1015	3.6929847012073775	1.268915149171903	0.34360151796920424	PPP1R16A	0.2696264	False
1016	3.6929847012073775	1.268915149171903	0.34360151796920424	GPT	0.2696264	False
1017	3.6929847012073775	1.268915149171903	0.34360151796920424	MFSD3	0.2696264	False
1018	3.6929847012073775	1.268915149171903	0.34360151796920424	RECQL4	0.2696264	False
1019	3.6929847012073775	1.268915149171903	0.34360151796920424	LRRC14	0.2696264	False
1020	3.6929847012073775	1.268915149171903	0.34360151796920424	LRRC24	0.2696264	False
1021	3.6929847012073775	1.268915149171903	0.34360151796920424	C8orf82	0.2696264	False
1022	3.6929847012073775	1.268915149171903	0.34360151796920424	ARHGAP39	0.2696264	False
1023	3.6929847012073775	1.268915149171903	0.34360151796920424	ZNF251	0.2696264	False
1024	3.6929847012073775	1.268915149171903	0.34360151796920424	ZNF34	0.2696264	False
1025	3.6929847012073775	1.268915149171903	0.34360151796920424	RPL8	0.2696264	False
1026	3.6929847012073775	1.268915149171903	0.34360151796920424	MIR6850	0.2696264	False
1027	3.6929847012073775	1.268915149171903	0.34360151796920424	ZNF517	0.2696264	False
1028	3.6929847012073775	1.268915149171903	0.34360151796920424	ZNF7	0.2696264	False
1029	3.6929847012073775	1.268915149171903	0.34360151796920424	COMMD5	0.2696264	False
1030	3.6929847012073775	1.268915149171903	0.34360151796920424	ZNF250	0.2696264	False
1031	3.6929847012073775	1.268915149171903	0.34360151796920424	ZNF16	0.2696264	False
1032	3.6929847012073775	1.268915149171903	0.34360151796920424	ZNF252P-AS1	0.2696264	False
1033	3.6929847012073775	1.268915149171903	0.34360151796920424	C8orf33	0.2696264	False
1034	2.9629779508584306	0.5654145207290238	0.1908264354667953	UBAP1	0.26961997	False
1035	2.9629779508584306	0.5654145207290238	0.1908264354667953	KIF24	0.26961997	False
1036	2.9629779508584306	0.5654145207290238	0.1908264354667953	NUDT2	0.26961997	False
1037	2.9629779508584306	0.5654145207290238	0.1908264354667953	MYORG	0.26961997	False
1038	2.9629779508584306	0.5654145207290238	0.1908264354667953	C9orf24	0.26961997	False
1039	2.9629779508584306	0.5654145207290238	0.1908264354667953	FAM219A	0.26961997	False
1040	2.9629779508584306	0.5654145207290238	0.1908264354667953	DNAI1	0.26961997	False
1041	2.9629779508584306	0.5654145207290238	0.1908264354667953	ENHO	0.26961997	False
1042	2.9629779508584306	0.5654145207290238	0.1908264354667953	CNTFR	0.26961997	False
1043	2.9629779508584306	0.5654145207290238	0.1908264354667953	CNTFR-AS1	0.26961997	False
1044	2.9629779508584306	0.5654145207290238	0.1908264354667953	RPP25L	0.26961997	False
1045	2.9629779508584306	0.5654145207290238	0.1908264354667953	DCTN3	0.26961997	False
1046	2.9629779508584306	0.5654145207290238	0.1908264354667953	ARID3C	0.26961997	False
1047	2.9629779508584306	0.5654145207290238	0.1908264354667953	SIGMAR1	0.26961997	False
1048	2.9629779508584306	0.5654145207290238	0.1908264354667953	GALT	0.26961997	False
1049	2.9629779508584306	0.5654145207290238	0.1908264354667953	IL11RA	0.26961997	False
1050	2.9629779508584306	0.5654145207290238	0.1908264354667953	CCL27	0.26961997	False
1051	2.9629779508584306	0.5654145207290238	0.1908264354667953	LOC730098	0.26961997	False
1052	2.9629779508584306	0.5654145207290238	0.1908264354667953	CCL19	0.26961997	False
1053	2.9629779508584306	0.5654145207290238	0.1908264354667953	CCL21	0.26961997	False
1054	2.9629779508584306	0.5654145207290238	0.1908264354667953	FAM205A	0.26961997	False
1055	2.9629779508584306	0.5654145207290238	0.1908264354667953	FAM205C	0.26961997	False
1056	2.8875819124483035	0.46674178126522	0.16163759000328481	PHF24	0.2696195	False
1057	2.8875819124483035	0.46674178126522	0.16163759000328481	DNAJB5-DT	0.2696195	False
1058	2.8875819124483035	0.46674178126522	0.16163759000328481	DNAJB5	0.2696195	False
1059	2.8875819124483035	0.46674178126522	0.16163759000328481	C9orf131	0.2696195	False
1060	2.8875819124483035	0.46674178126522	0.16163759000328481	VCP	0.2696195	False
1061	2.8875819124483035	0.46674178126522	0.16163759000328481	FANCG	0.2696195	False
1062	2.8875819124483035	0.46674178126522	0.16163759000328481	PIGO	0.2696195	False
1063	2.8875819124483035	0.46674178126522	0.16163759000328481	STOML2	0.2696195	False
1064	2.9211230106502803	0.5084082083413195	0.17404546350416827	FAM214B	0.26961973	False
1065	2.9211230106502803	0.5084082083413195	0.17404546350416827	UNC13B	0.26961973	False
1066	2.9211230106502803	0.5084082083413195	0.17404546350416827	RUSC2	0.26961973	False
1067	2.9211230106502803	0.5084082083413195	0.17404546350416827	FAM166B	0.26961973	False
1068	2.9211230106502803	0.5084082083413195	0.17404546350416827	TESK1	0.26961973	False
1069	2.9211230106502803	0.5084082083413195	0.17404546350416827	MIR4667	0.26961973	False
1070	2.9211230106502803	0.5084082083413195	0.17404546350416827	CD72	0.26961973	False
1071	2.9211230106502803	0.5084082083413195	0.17404546350416827	LOC101926948	0.26961973	False
1072	2.9211230106502803	0.5084082083413195	0.17404546350416827	SIT1	0.26961973	False
1073	2.9211230106502803	0.5084082083413195	0.17404546350416827	RMRP	0.26961973	False
1074	2.9211230106502803	0.5084082083413195	0.17404546350416827	CCDC107	0.26961973	False
1075	2.9211230106502803	0.5084082083413195	0.17404546350416827	ARHGEF39	0.26961973	False
1076	2.9211230106502803	0.5084082083413195	0.17404546350416827	CA9	0.26961973	False
1077	2.9211230106502803	0.5084082083413195	0.17404546350416827	TPM2	0.26961973	False
1078	2.9211230106502803	0.5084082083413195	0.17404546350416827	TLN1	0.26961973	False
1079	2.9211230106502803	0.5084082083413195	0.17404546350416827	MIR6852	0.26961973	False
1080	2.9211230106502803	0.5084082083413195	0.17404546350416827	CREB3	0.26961973	False
1081	2.9211230106502803	0.5084082083413195	0.17404546350416827	MIR6853	0.26961973	False
1082	2.9211230106502803	0.5084082083413195	0.17404546350416827	GBA2	0.26961973	False
1083	2.9211230106502803	0.5084082083413195	0.17404546350416827	RGP1	0.26961973	False
1084	2.9211230106502803	0.5084082083413195	0.17404546350416827	MSMP	0.26961973	False
1085	2.9211230106502803	0.5084082083413195	0.17404546350416827	NPR2	0.26961973	False
1086	2.9211230106502803	0.5084082083413195	0.17404546350416827	SPAG8	0.26961973	False
1087	2.9211230106502803	0.5084082083413195	0.17404546350416827	HINT2	0.26961973	False
1088	2.9211230106502803	0.5084082083413195	0.17404546350416827	TMEM8B	0.26961973	False
1089	2.9211230106502803	0.5084082083413195	0.17404546350416827	FAM221B	0.26961973	False
1090	2.9211230106502803	0.5084082083413195	0.17404546350416827	LINC00950	0.26961973	False
1091	2.9211230106502803	0.5084082083413195	0.17404546350416827	OR13J1	0.26961973	False
1092	2.81317938834054	0.3898393279698354	0.13857606435819822	SLC22A10	0.2696192	False
1093	2.81317938834054	0.3898393279698354	0.13857606435819822	SLC22A25	0.2696192	False
1094	2.81317938834054	0.3898393279698354	0.13857606435819822	SLC22A9	0.2696192	False
1095	2.81317938834054	0.3898393279698354	0.13857606435819822	HRASLS5	0.2696192	False
1096	2.81317938834054	0.3898393279698354	0.13857606435819822	LGALS12	0.2696192	False
1097	2.81317938834054	0.3898393279698354	0.13857606435819822	RARRES3	0.2696192	False
1098	2.81317938834054	0.3898393279698354	0.13857606435819822	HRASLS2	0.2696192	False
1099	2.81317938834054	0.3898393279698354	0.13857606435819822	PLA2G16	0.2696192	False
1100	2.81317938834054	0.3898393279698354	0.13857606435819822	ATL3	0.2696192	False
1101	2.81317938834054	0.3898393279698354	0.13857606435819822	RTN3	0.2696192	False
1102	2.81317938834054	0.3898393279698354	0.13857606435819822	C11orf95	0.2696192	False
1103	2.81317938834054	0.3898393279698354	0.13857606435819822	SPINDOC	0.2696192	False
1104	2.8695737286896326	0.3925197155156254	0.13678676787122188	MARK2	0.2696191	False
1105	2.8695737286896326	0.3925197155156254	0.13678676787122188	RCOR2	0.2696191	False
1106	2.8695737286896326	0.3925197155156254	0.13678676787122188	NAA40	0.2696191	False
1107	2.8695737286896326	0.3925197155156254	0.13678676787122188	COX8A	0.2696191	False
1108	2.8695737286896326	0.3925197155156254	0.13678676787122188	OTUB1	0.2696191	False
1109	2.8695737286896326	0.3925197155156254	0.13678676787122188	MACROD1	0.2696191	False
1110	3.000047341901376	0.4987031631289614	0.16623176446705415	FLRT1	0.26961988	False
1111	3.000047341901376	0.4987031631289614	0.16623176446705415	STIP1	0.26961988	False
1112	3.000047341901376	0.4987031631289614	0.16623176446705415	FERMT3	0.26961988	False
1113	3.000047341901376	0.4987031631289614	0.16623176446705415	TRPT1	0.26961988	False
1114	3.000047341901376	0.4987031631289614	0.16623176446705415	NUDT22	0.26961988	False
1115	3.000047341901376	0.4987031631289614	0.16623176446705415	DNAJC4	0.26961988	False
1116	3.000047341901376	0.4987031631289614	0.16623176446705415	VEGFB	0.26961988	False
1117	3.000047341901376	0.4987031631289614	0.16623176446705415	FKBP2	0.26961988	False
1118	3.000047341901376	0.4987031631289614	0.16623176446705415	PPP1R14B	0.26961988	False
1119	3.000047341901376	0.4987031631289614	0.16623176446705415	LOC105369340	0.26961988	False
1120	3.000047341901376	0.4987031631289614	0.16623176446705415	PLCB3	0.26961988	False
1121	3.000047341901376	0.4987031631289614	0.16623176446705415	BAD	0.26961988	False
1122	3.000047341901376	0.4987031631289614	0.16623176446705415	GPR137	0.26961988	False
1123	3.000047341901376	0.4987031631289614	0.16623176446705415	KCNK4	0.26961988	False
1124	3.000047341901376	0.4987031631289614	0.16623176446705415	KCNK4-TEX40	0.26961988	False
1125	3.000047341901376	0.4987031631289614	0.16623176446705415	CATSPERZ	0.26961988	False
1126	3.000047341901376	0.4987031631289614	0.16623176446705415	ESRRA	0.26961988	False
1127	3.000047341901376	0.4987031631289614	0.16623176446705415	TRMT112	0.26961988	False
1128	3.000047341901376	0.4987031631289614	0.16623176446705415	PRDX5	0.26961988	False
1129	3.000047341901376	0.4987031631289614	0.16623176446705415	CCDC88B	0.26961988	False
1130	3.000047341901376	0.4987031631289614	0.16623176446705415	MIR7155	0.26961988	False
1131	3.000047341901376	0.4987031631289614	0.16623176446705415	RPS6KA4	0.26961988	False
1132	3.000047341901376	0.4987031631289614	0.16623176446705415	MIR1237	0.26961988	False
1133	3.000047341901376	0.4987031631289614	0.16623176446705415	LOC100996455	0.26961988	False
1134	3.000047341901376	0.4987031631289614	0.16623176446705415	SLC22A11	0.26961988	False
1135	3.000047341901376	0.4987031631289614	0.16623176446705415	SLC22A12	0.26961988	False
1136	3.000047341901376	0.4987031631289614	0.16623176446705415	NRXN2	0.26961988	False
1137	3.000047341901376	0.4987031631289614	0.16623176446705415	RASGRP2	0.26961988	False
1138	3.000047341901376	0.4987031631289614	0.16623176446705415	PYGM	0.26961988	False
1139	3.000047341901376	0.4987031631289614	0.16623176446705415	SF1	0.26961988	False
1140	3.000047341901376	0.4987031631289614	0.16623176446705415	MAP4K2	0.26961988	False
1141	3.000047341901376	0.4987031631289614	0.16623176446705415	MEN1	0.26961988	False
1142	3.000047341901376	0.4987031631289614	0.16623176446705415	CDC42BPG	0.26961988	False
1143	3.000047341901376	0.4987031631289614	0.16623176446705415	EHD1	0.26961988	False
1144	3.000047341901376	0.4987031631289614	0.16623176446705415	MIR194-2HG	0.26961988	False
1145	3.000047341901376	0.4987031631289614	0.16623176446705415	MIR192	0.26961988	False
1146	3.000047341901376	0.4987031631289614	0.16623176446705415	MIR194-2	0.26961988	False
1147	2.9755483281713775	0.4519543149247088	0.15188942173977635	ATG2A	0.26961958	False
1148	3.000047341901376	0.4987031631289614	0.16623176446705415	MIR6750	0.26961988	False
1149	2.9755483281713775	0.4519543149247088	0.15188942173977635	MIR6749	0.26961958	False
1150	2.9755483281713775	0.4519543149247088	0.15188942173977635	PPP2R5B	0.26961958	False
1151	2.9755483281713775	0.4519543149247088	0.15188942173977635	GPHA2	0.26961958	False
1152	2.9755483281713775	0.4519543149247088	0.15188942173977635	MAJIN	0.26961958	False
1153	2.9755483281713775	0.4519543149247088	0.15188942173977635	BATF2	0.26961958	False
1154	2.9755483281713775	0.4519543149247088	0.15188942173977635	ARL2	0.26961958	False
1155	2.9755483281713775	0.4519543149247088	0.15188942173977635	ARL2-SNX15	0.26961958	False
1156	2.9755483281713775	0.4519543149247088	0.15188942173977635	MIR6879	0.26961958	False
1157	2.9755483281713775	0.4519543149247088	0.15188942173977635	SNX15	0.26961958	False
1158	2.9755483281713775	0.4519543149247088	0.15188942173977635	SAC3D1	0.26961958	False
1159	2.9755483281713775	0.4519543149247088	0.15188942173977635	NAALADL1	0.26961958	False
1160	2.9755483281713775	0.4519543149247088	0.15188942173977635	CDCA5	0.26961958	False
1161	2.9755483281713775	0.4519543149247088	0.15188942173977635	ZFPL1	0.26961958	False
1162	2.9755483281713775	0.4519543149247088	0.15188942173977635	TMEM262	0.26961958	False
1163	2.9755483281713775	0.4519543149247088	0.15188942173977635	VPS51	0.26961958	False
1164	3.081933335153963	0.5475962479604904	0.17767945909613075	TM7SF2	0.26962027	False
1165	3.081933335153963	0.5475962479604904	0.17767945909613075	ZNHIT2	0.26962027	False
1166	3.081933335153963	0.5475962479604904	0.17767945909613075	FAU	0.26962027	False
1167	3.081933335153963	0.5475962479604904	0.17767945909613075	SYVN1	0.26962027	False
1168	3.081933335153963	0.5475962479604904	0.17767945909613075	MRPL49	0.26962027	False
1169	3.081933335153963	0.5475962479604904	0.17767945909613075	MIR6751	0.26962027	False
1170	3.081933335153963	0.5475962479604904	0.17767945909613075	SPDYC	0.26962027	False
1171	3.081933335153963	0.5475962479604904	0.17767945909613075	CAPN1	0.26962027	False
1172	3.081933335153963	0.5475962479604904	0.17767945909613075	POLA2	0.26962027	False
1173	3.081933335153963	0.5475962479604904	0.17767945909613075	CDC42EP2	0.26962027	False
1174	3.081933335153963	0.5475962479604904	0.17767945909613075	DPF2	0.26962027	False
1175	3.081933335153963	0.5475962479604904	0.17767945909613075	TIGD3	0.26962027	False
1176	3.081933335153963	0.5475962479604904	0.17767945909613075	SLC25A45	0.26962027	False
1177	3.081933335153963	0.5475962479604904	0.17767945909613075	FRMD8	0.26962027	False
1178	3.081933335153963	0.5475962479604904	0.17767945909613075	NEAT1	0.26962027	False
1179	3.081933335153963	0.5475962479604904	0.17767945909613075	MIR612	0.26962027	False
1180	3.081933335153963	0.5475962479604904	0.17767945909613075	MALAT1	0.26962027	False
1181	3.081933335153963	0.5475962479604904	0.17767945909613075	SCYL1	0.26962027	False
1182	3.081933335153963	0.5475962479604904	0.17767945909613075	LTBP3	0.26962027	False
1183	3.081933335153963	0.5475962479604904	0.17767945909613075	SSSCA1-AS1	0.26962027	False
1184	3.081933335153963	0.5475962479604904	0.17767945909613075	SSSCA1	0.26962027	False
1185	3.081933335153963	0.5475962479604904	0.17767945909613075	FAM89B	0.26962027	False
1186	3.081933335153963	0.5475962479604904	0.17767945909613075	EHBP1L1	0.26962027	False
1187	3.081933335153963	0.5475962479604904	0.17767945909613075	SIPA1	0.26962027	False
1188	3.081933335153963	0.5475962479604904	0.17767945909613075	KCNK7	0.26962027	False
1189	3.081933335153963	0.5475962479604904	0.17767945909613075	MAP3K11	0.26962027	False
1190	3.081933335153963	0.5475962479604904	0.17767945909613075	PCNX3	0.26962027	False
1191	3.081933335153963	0.5475962479604904	0.17767945909613075	MIR4690	0.26962027	False
1192	3.081933335153963	0.5475962479604904	0.17767945909613075	MIR4489	0.26962027	False
1193	3.081933335153963	0.5475962479604904	0.17767945909613075	RELA	0.26962027	False
1194	3.081933335153963	0.5475962479604904	0.17767945909613075	KAT5	0.26962027	False
1195	3.081933335153963	0.5475962479604904	0.17767945909613075	RNASEH2C	0.26962027	False
1196	3.081933335153963	0.5475962479604904	0.17767945909613075	AP5B1	0.26962027	False
1197	3.081933335153963	0.5475962479604904	0.17767945909613075	OVOL1	0.26962027	False
1198	3.081933335153963	0.5475962479604904	0.17767945909613075	OVOL1-AS1	0.26962027	False
1199	3.081933335153963	0.5475962479604904	0.17767945909613075	CFL1	0.26962027	False
1200	3.081933335153963	0.5475962479604904	0.17767945909613075	SNX32	0.26962027	False
1201	3.081933335153963	0.5475962479604904	0.17767945909613075	MUS81	0.26962027	False
1202	3.081933335153963	0.5475962479604904	0.17767945909613075	EFEMP2	0.26962027	False
1203	3.081933335153963	0.5475962479604904	0.17767945909613075	CTSW	0.26962027	False
1204	3.081933335153963	0.5475962479604904	0.17767945909613075	FIBP	0.26962027	False
1205	3.081933335153963	0.5475962479604904	0.17767945909613075	CCDC85B	0.26962027	False
1206	2.951591529966314	0.4304862595031364	0.14584885988883747	FOSL1	0.26961946	False
1207	2.951591529966314	0.4304862595031364	0.14584885988883747	C11orf68	0.26961946	False
1208	2.951591529966314	0.4304862595031364	0.14584885988883747	DRAP1	0.26961946	False
1209	2.951591529966314	0.4304862595031364	0.14584885988883747	TSGA10IP	0.26961946	False
1210	2.951591529966314	0.4304862595031364	0.14584885988883747	SART1	0.26961946	False
1211	2.951591529966314	0.4304862595031364	0.14584885988883747	EIF1AD	0.26961946	False
1212	2.951591529966314	0.4304862595031364	0.14584885988883747	BANF1	0.26961946	False
1213	2.951591529966314	0.4304862595031364	0.14584885988883747	CST6	0.26961946	False
1214	2.951591529966314	0.4304862595031364	0.14584885988883747	CATSPER1	0.26961946	False
1215	2.951591529966314	0.4304862595031364	0.14584885988883747	GAL3ST3	0.26961946	False
1216	2.951591529966314	0.4304862595031364	0.14584885988883747	SF3B2	0.26961946	False
1217	2.951591529966314	0.4304862595031364	0.14584885988883747	PACS1	0.26961946	False
1218	2.9771191054391095	0.4670567639782598	0.15688212242666433	KLC2	0.26961958	False
1219	2.9771191054391095	0.4670567639782598	0.15688212242666433	RAB1B	0.26961958	False
1220	2.9771191054391095	0.4670567639782598	0.15688212242666433	CNIH2	0.26961958	False
1221	2.9771191054391095	0.4670567639782598	0.15688212242666433	YIF1A	0.26961958	False
1222	2.9771191054391095	0.4670567639782598	0.15688212242666433	TMEM151A	0.26961958	False
1223	2.9771191054391095	0.4670567639782598	0.15688212242666433	CD248	0.26961958	False
1224	2.9771191054391095	0.4670567639782598	0.15688212242666433	RIN1	0.26961958	False
1225	2.9771191054391095	0.4670567639782598	0.15688212242666433	BRMS1	0.26961958	False
1226	2.9771191054391095	0.4670567639782598	0.15688212242666433	B4GAT1	0.26961958	False
1227	2.9771191054391095	0.4670567639782598	0.15688212242666433	SLC29A2	0.26961958	False
1228	2.9771191054391095	0.4670567639782598	0.15688212242666433	NPAS4	0.26961958	False
1229	2.9771191054391095	0.4670567639782598	0.15688212242666433	MRPL11	0.26961958	False
1230	2.9771191054391095	0.4670567639782598	0.15688212242666433	PELI3	0.26961958	False
1231	2.9771191054391095	0.4670567639782598	0.15688212242666433	LOC101928069	0.26961958	False
1232	2.9771191054391095	0.4670567639782598	0.15688212242666433	DPP3	0.26961958	False
1233	2.9771191054391095	0.4670567639782598	0.15688212242666433	BBS1	0.26961958	False
1234	2.9771191054391095	0.4670567639782598	0.15688212242666433	ZDHHC24	0.26961958	False
1235	2.9771191054391095	0.4670567639782598	0.15688212242666433	ACTN3	0.26961958	False
1236	2.9771191054391095	0.4670567639782598	0.15688212242666433	CTSF	0.26961958	False
1237	2.9771191054391095	0.4670567639782598	0.15688212242666433	CCDC87	0.26961958	False
1238	2.9771191054391095	0.4670567639782598	0.15688212242666433	CCS	0.26961958	False
1239	2.9771191054391095	0.4670567639782598	0.15688212242666433	RBM14	0.26961958	False
1240	2.9771191054391095	0.4670567639782598	0.15688212242666433	RBM14-RBM4	0.26961958	False
1241	2.9771191054391095	0.4670567639782598	0.15688212242666433	RBM4	0.26961958	False
1242	2.9771191054391095	0.4670567639782598	0.15688212242666433	RBM4B	0.26961958	False
1243	2.9771191054391095	0.4670567639782598	0.15688212242666433	SPTBN2	0.26961958	False
1244	2.9771191054391095	0.4670567639782598	0.15688212242666433	C11orf80	0.26961958	False
1245	2.9771191054391095	0.4670567639782598	0.15688212242666433	RCE1	0.26961958	False
1246	2.835612680493026	0.36123331085432836	0.12739162627510925	PC	0.26961893	False
1247	2.9771191054391095	0.4670567639782598	0.15688212242666433	LRFN4	0.26961958	False
1248	2.835612680493026	0.36123331085432836	0.12739162627510925	MIR3163	0.26961893	False
1249	2.835612680493026	0.36123331085432836	0.12739162627510925	C11orf86	0.26961893	False
1250	2.835612680493026	0.36123331085432836	0.12739162627510925	SYT12	0.26961893	False
1251	2.835612680493026	0.36123331085432836	0.12739162627510925	RHOD	0.26961893	False
1252	2.842601710034657	0.41465357318347335	0.14587114744908034	PYM1	0.26961914	False
1253	2.842601710034657	0.41465357318347335	0.14587114744908034	DGKA	0.26961914	False
1254	2.842601710034657	0.41465357318347335	0.14587114744908034	PMEL	0.26961914	False
1255	2.842601710034657	0.41465357318347335	0.14587114744908034	CDK2	0.26961914	False
1256	2.842601710034657	0.41465357318347335	0.14587114744908034	RAB5B	0.26961914	False
1257	2.842601710034657	0.41465357318347335	0.14587114744908034	SUOX	0.26961914	False
1258	2.842601710034657	0.41465357318347335	0.14587114744908034	IKZF4	0.26961914	False
1259	2.842601710034657	0.41465357318347335	0.14587114744908034	RPS26	0.26961914	False
1260	2.842601710034657	0.41465357318347335	0.14587114744908034	ERBB3	0.26961914	False
1261	2.9336045758805382	0.5195629330961056	0.17710735024339666	PA2G4	0.26961973	False
1262	2.9336045758805382	0.5195629330961056	0.17710735024339666	RPL41	0.26961973	False
1263	2.9336045758805382	0.5195629330961056	0.17710735024339666	ZC3H10	0.26961973	False
1264	2.9336045758805382	0.5195629330961056	0.17710735024339666	ESYT1	0.26961973	False
1265	2.9336045758805382	0.5195629330961056	0.17710735024339666	MYL6B	0.26961973	False
1266	2.9336045758805382	0.5195629330961056	0.17710735024339666	MYL6	0.26961973	False
1267	2.9336045758805382	0.5195629330961056	0.17710735024339666	SMARCC2	0.26961973	False
1268	2.9336045758805382	0.5195629330961056	0.17710735024339666	RNF41	0.26961973	False
1269	2.9336045758805382	0.5195629330961056	0.17710735024339666	NABP2	0.26961973	False
1270	2.9336045758805382	0.5195629330961056	0.17710735024339666	SLC39A5	0.26961973	False
1271	2.9336045758805382	0.5195629330961056	0.17710735024339666	ANKRD52	0.26961973	False
1272	2.9336045758805382	0.5195629330961056	0.17710735024339666	COQ10A	0.26961973	False
1273	2.9336045758805382	0.5195629330961056	0.17710735024339666	CS	0.26961973	False
1274	2.9336045758805382	0.5195629330961056	0.17710735024339666	CNPY2	0.26961973	False
1275	2.9336045758805382	0.5195629330961056	0.17710735024339666	PAN2	0.26961973	False
1276	2.9336045758805382	0.5195629330961056	0.17710735024339666	IL23A	0.26961973	False
1277	2.9336045758805382	0.5195629330961056	0.17710735024339666	STAT2	0.26961973	False
1278	2.9336045758805382	0.5195629330961056	0.17710735024339666	APOF	0.26961973	False
1279	2.9336045758805382	0.5195629330961056	0.17710735024339666	TIMELESS	0.26961973	False
1280	2.9336045758805382	0.5195629330961056	0.17710735024339666	MIP	0.26961973	False
1281	2.9336045758805382	0.5195629330961056	0.17710735024339666	SPRYD4	0.26961973	False
1282	2.9336045758805382	0.5195629330961056	0.17710735024339666	GLS2	0.26961973	False
1283	2.9336045758805382	0.5195629330961056	0.17710735024339666	RBMS2	0.26961973	False
1284	2.9336045758805382	0.5195629330961056	0.17710735024339666	BAZ2A	0.26961973	False
1285	2.9336045758805382	0.5195629330961056	0.17710735024339666	ATP5F1B	0.26961973	False
1286	2.9336045758805382	0.5195629330961056	0.17710735024339666	SNORD59A	0.26961973	False
1287	2.9336045758805382	0.5195629330961056	0.17710735024339666	PTGES3	0.26961973	False
1288	2.9336045758805382	0.5195629330961056	0.17710735024339666	NACA	0.26961973	False
1289	2.9336045758805382	0.5195629330961056	0.17710735024339666	PRIM1	0.26961973	False
1290	2.9336045758805382	0.5195629330961056	0.17710735024339666	HSD17B6	0.26961973	False
1291	2.9371003600043433	0.5515941804382748	0.18780229233891726	LRP1	0.26961997	False
1292	2.9371003600043433	0.5515941804382748	0.18780229233891726	LRP1-AS	0.26961997	False
1293	2.9371003600043433	0.5515941804382748	0.18780229233891726	MIR1228	0.26961997	False
1294	2.9371003600043433	0.5515941804382748	0.18780229233891726	NXPH4	0.26961997	False
1295	2.9371003600043433	0.5515941804382748	0.18780229233891726	SHMT2	0.26961997	False
1296	2.9371003600043433	0.5515941804382748	0.18780229233891726	NDUFA4L2	0.26961997	False
1297	2.9371003600043433	0.5515941804382748	0.18780229233891726	STAC3	0.26961997	False
1298	2.9371003600043433	0.5515941804382748	0.18780229233891726	R3HDM2	0.26961997	False
1299	2.9371003600043433	0.5515941804382748	0.18780229233891726	INHBC	0.26961997	False
1300	2.9371003600043433	0.5515941804382748	0.18780229233891726	INHBE	0.26961997	False
1301	2.9371003600043433	0.5515941804382748	0.18780229233891726	GLI1	0.26961997	False
1302	2.9371003600043433	0.5515941804382748	0.18780229233891726	ARHGAP9	0.26961997	False
1303	2.9371003600043433	0.5515941804382748	0.18780229233891726	MARS	0.26961997	False
1304	2.9371003600043433	0.5515941804382748	0.18780229233891726	MIR6758	0.26961997	False
1305	2.9371003600043433	0.5515941804382748	0.18780229233891726	DDIT3	0.26961997	False
1306	2.9371003600043433	0.5515941804382748	0.18780229233891726	MIR616	0.26961997	False
1307	2.9371003600043433	0.5515941804382748	0.18780229233891726	MBD6	0.26961997	False
1308	2.9371003600043433	0.5515941804382748	0.18780229233891726	DCTN2	0.26961997	False
1309	2.9371003600043433	0.5515941804382748	0.18780229233891726	KIF5A	0.26961997	False
1310	2.9371003600043433	0.5515941804382748	0.18780229233891726	PIP4K2C	0.26961997	False
1311	2.9371003600043433	0.5515941804382748	0.18780229233891726	DTX3	0.26961997	False
1312	2.9371003600043433	0.5515941804382748	0.18780229233891726	ARHGEF25	0.26961997	False
1313	2.9371003600043433	0.5515941804382748	0.18780229233891726	SLC26A10	0.26961997	False
1314	2.9371003600043433	0.5515941804382748	0.18780229233891726	B4GALNT1	0.26961997	False
1315	2.9371003600043433	0.5515941804382748	0.18780229233891726	OS9	0.26961997	False
1316	2.9371003600043433	0.5515941804382748	0.18780229233891726	AGAP2	0.26961997	False
1317	2.9371003600043433	0.5515941804382748	0.18780229233891726	AGAP2-AS1	0.26961997	False
1318	2.9371003600043433	0.5515941804382748	0.18780229233891726	TSPAN31	0.26961997	False
1319	2.9371003600043433	0.5515941804382748	0.18780229233891726	CDK4	0.26961997	False
1320	2.9371003600043433	0.5515941804382748	0.18780229233891726	MARCH9	0.26961997	False
1321	2.9371003600043433	0.5515941804382748	0.18780229233891726	CYP27B1	0.26961997	False
1322	2.9371003600043433	0.5515941804382748	0.18780229233891726	METTL1	0.26961997	False
1323	2.9371003600043433	0.5515941804382748	0.18780229233891726	EEF1AKMT3	0.26961997	False
1324	2.9371003600043433	0.5515941804382748	0.18780229233891726	TSFM	0.26961997	False
1325	2.9371003600043433	0.5515941804382748	0.18780229233891726	AVIL	0.26961997	False
1326	2.9371003600043433	0.5515941804382748	0.18780229233891726	CTDSP2	0.26961997	False
1327	2.9371003600043433	0.5515941804382748	0.18780229233891726	MIR26A2	0.26961997	False
1328	2.9612046526722224	0.6193571250351478	0.2091571497688393	R3HDM4	0.26962048	False
1329	2.9612046526722224	0.6193571250351478	0.2091571497688393	KISS1R	0.26962048	False
1330	2.9612046526722224	0.6193571250351478	0.2091571497688393	ARID3A	0.26962048	False
1331	2.9612046526722224	0.6193571250351478	0.2091571497688393	WDR18	0.26962048	False
1332	2.9612046526722224	0.6193571250351478	0.2091571497688393	GRIN3B	0.26962048	False
1333	2.9612046526722224	0.6193571250351478	0.2091571497688393	TMEM259	0.26962048	False
1334	2.9612046526722224	0.6193571250351478	0.2091571497688393	CNN2	0.26962048	False
1335	2.9612046526722224	0.6193571250351478	0.2091571497688393	ABCA7	0.26962048	False
1336	2.9612046526722224	0.6193571250351478	0.2091571497688393	ARHGAP45	0.26962048	False
1337	2.9612046526722224	0.6193571250351478	0.2091571497688393	POLR2E	0.26962048	False
1338	2.9612046526722224	0.6193571250351478	0.2091571497688393	GPX4	0.26962048	False
1339	2.9612046526722224	0.6193571250351478	0.2091571497688393	SBNO2	0.26962048	False
1340	2.9612046526722224	0.6193571250351478	0.2091571497688393	STK11	0.26962048	False
1341	2.9612046526722224	0.6193571250351478	0.2091571497688393	CBARP	0.26962048	False
1342	2.9612046526722224	0.6193571250351478	0.2091571497688393	ATP5F1D	0.26962048	False
1343	2.9612046526722224	0.6193571250351478	0.2091571497688393	MIDN	0.26962048	False
1344	2.9612046526722224	0.6193571250351478	0.2091571497688393	CIRBP	0.26962048	False
1345	2.9612046526722224	0.6193571250351478	0.2091571497688393	CIRBP-AS1	0.26962048	False
1346	2.9612046526722224	0.6193571250351478	0.2091571497688393	C19orf24	0.26962048	False
1347	2.9612046526722224	0.6193571250351478	0.2091571497688393	MUM1	0.26962048	False
1348	2.9612046526722224	0.6193571250351478	0.2091571497688393	EFNA2	0.26962048	False
1349	2.9612046526722224	0.6193571250351478	0.2091571497688393	NDUFS7	0.26962048	False
1350	2.9612046526722224	0.6193571250351478	0.2091571497688393	GAMT	0.26962048	False
1351	2.9612046526722224	0.6193571250351478	0.2091571497688393	DAZAP1	0.26962048	False
1352	2.9612046526722224	0.6193571250351478	0.2091571497688393	RPS15	0.26962048	False
1353	2.9612046526722224	0.6193571250351478	0.2091571497688393	APC2	0.26962048	False
1354	2.9612046526722224	0.6193571250351478	0.2091571497688393	C19orf25	0.26962048	False
1355	2.9612046526722224	0.6193571250351478	0.2091571497688393	PCSK4	0.26962048	False
1356	2.9612046526722224	0.6193571250351478	0.2091571497688393	REEP6	0.26962048	False
1357	2.9612046526722224	0.6193571250351478	0.2091571497688393	ADAMTSL5	0.26962048	False
1358	2.9612046526722224	0.6193571250351478	0.2091571497688393	PLK5	0.26962048	False
1359	2.9612046526722224	0.6193571250351478	0.2091571497688393	MEX3D	0.26962048	False
1360	2.9612046526722224	0.6193571250351478	0.2091571497688393	MBD3	0.26962048	False
1361	2.9612046526722224	0.6193571250351478	0.2091571497688393	UQCR11	0.26962048	False
1362	2.9612046526722224	0.6193571250351478	0.2091571497688393	TCF3	0.26962048	False
1363	2.9612046526722224	0.6193571250351478	0.2091571497688393	ONECUT3	0.26962048	False
1364	2.9612046526722224	0.6193571250351478	0.2091571497688393	ATP8B3	0.26962048	False
1365	2.9612046526722224	0.6193571250351478	0.2091571497688393	REXO1	0.26962048	False
1366	2.9612046526722224	0.6193571250351478	0.2091571497688393	MIR1909	0.26962048	False
1367	2.9612046526722224	0.6193571250351478	0.2091571497688393	LOC100288123	0.26962048	False
1368	2.9612046526722224	0.6193571250351478	0.2091571497688393	KLF16	0.26962048	False
1369	2.9612046526722224	0.6193571250351478	0.2091571497688393	ABHD17A	0.26962048	False
1370	2.77086387752957	0.32197489043519956	0.11620018328805959	ARHGAP35	0.26961875	False
1371	2.77086387752957	0.32197489043519956	0.11620018328805959	NPAS1	0.26961875	False
1372	2.77086387752957	0.32197489043519956	0.11620018328805959	TMEM160	0.26961875	False
1373	2.77086387752957	0.32197489043519956	0.11620018328805959	ZC3H4	0.26961875	False
1374	2.8163035473100986	0.36551045338022375	0.1297837563459128	SAE1	0.26961893	False
1375	2.8163035473100986	0.36551045338022375	0.1297837563459128	BBC3	0.26961893	False
1376	2.8163035473100986	0.36551045338022375	0.1297837563459128	MIR3190	0.26961893	False
1377	2.8163035473100986	0.36551045338022375	0.1297837563459128	CCDC9	0.26961893	False
1378	2.8163035473100986	0.36551045338022375	0.1297837563459128	INAFM1	0.26961893	False
1379	2.8163035473100986	0.36551045338022375	0.1297837563459128	C5AR1	0.26961893	False
1380	2.8163035473100986	0.36551045338022375	0.1297837563459128	C5AR2	0.26961893	False
1381	2.8163035473100986	0.36551045338022375	0.1297837563459128	DHX34	0.26961893	False
1382	2.8163035473100986	0.36551045338022375	0.1297837563459128	MEIS3	0.26961893	False
1383	2.8163035473100986	0.36551045338022375	0.1297837563459128	SLC8A2	0.26961893	False
1384	2.8163035473100986	0.36551045338022375	0.1297837563459128	KPTN	0.26961893	False
1385	2.8163035473100986	0.36551045338022375	0.1297837563459128	NAPA-AS1	0.26961893	False
1386	2.8163035473100986	0.36551045338022375	0.1297837563459128	NAPA	0.26961893	False
1387	2.8163035473100986	0.36551045338022375	0.1297837563459128	ZNF541	0.26961893	False
1388	2.8163035473100986	0.36551045338022375	0.1297837563459128	BICRA	0.26961893	False
1389	2.8163035473100986	0.36551045338022375	0.1297837563459128	EHD2	0.26961893	False
1390	2.8163035473100986	0.36551045338022375	0.1297837563459128	NOP53	0.26961893	False
1391	2.8163035473100986	0.36551045338022375	0.1297837563459128	SNORD23	0.26961893	False
1392	2.8163035473100986	0.36551045338022375	0.1297837563459128	NOP53-AS1	0.26961893	False
1393	2.8163035473100986	0.36551045338022375	0.1297837563459128	SELENOW	0.26961893	False
1394	2.8163035473100986	0.36551045338022375	0.1297837563459128	TPRX1	0.26961893	False
1395	2.8163035473100986	0.36551045338022375	0.1297837563459128	CRX	0.26961893	False
1396	2.8163035473100986	0.36551045338022375	0.1297837563459128	SULT2A1	0.26961893	False
1397	2.7981852329127683	0.3259936614062702	0.11650181609561544	BSPH1	0.26961878	False
1398	2.7981852329127683	0.3259936614062702	0.11650181609561544	ELSPBP1	0.26961878	False
1399	2.7981852329127683	0.3259936614062702	0.11650181609561544	CABP5	0.26961878	False
1400	2.7981852329127683	0.3259936614062702	0.11650181609561544	PLA2G4C	0.26961878	False
1401	2.7981852329127683	0.3259936614062702	0.11650181609561544	PLA2G4C-AS1	0.26961878	False
1402	2.8598110187120005	0.3927329037541495	0.13732827140830733	LIG1	0.26961917	False
1403	2.8598110187120005	0.3927329037541495	0.13732827140830733	ZSWIM9	0.26961917	False
1404	2.8598110187120005	0.3927329037541495	0.13732827140830733	ZNF114	0.26961917	False
1405	2.8598110187120005	0.3927329037541495	0.13732827140830733	CARD8	0.26961917	False
1406	2.8598110187120005	0.3927329037541495	0.13732827140830733	CARD8-AS1	0.26961917	False
1407	2.8598110187120005	0.3927329037541495	0.13732827140830733	CCDC114	0.26961917	False
1408	2.8598110187120005	0.3927329037541495	0.13732827140830733	EMP3	0.26961917	False
1409	2.8598110187120005	0.3927329037541495	0.13732827140830733	TMEM143	0.26961917	False
1410	2.8598110187120005	0.3927329037541495	0.13732827140830733	SYNGR4	0.26961917	False
1411	2.8598110187120005	0.3927329037541495	0.13732827140830733	KDELR1	0.26961917	False
1412	2.8598110187120005	0.3927329037541495	0.13732827140830733	GRIN2D	0.26961917	False
1413	2.8598110187120005	0.3927329037541495	0.13732827140830733	GRWD1	0.26961917	False
1414	2.8598110187120005	0.3927329037541495	0.13732827140830733	KCNJ14	0.26961917	False
1415	2.8598110187120005	0.3927329037541495	0.13732827140830733	CYTH2	0.26961917	False
1416	2.8598110187120005	0.3927329037541495	0.13732827140830733	LMTK3	0.26961917	False
1417	2.8598110187120005	0.3927329037541495	0.13732827140830733	SULT2B1	0.26961917	False
1418	2.8598110187120005	0.3927329037541495	0.13732827140830733	FAM83E	0.26961917	False
1419	2.8598110187120005	0.3927329037541495	0.13732827140830733	SPACA4	0.26961917	False
1420	2.8598110187120005	0.3927329037541495	0.13732827140830733	RPL18	0.26961917	False
1421	2.8598110187120005	0.3927329037541495	0.13732827140830733	SPHK2	0.26961917	False
1422	2.8598110187120005	0.3927329037541495	0.13732827140830733	DBP	0.26961917	False
1423	2.8598110187120005	0.3927329037541495	0.13732827140830733	CA11	0.26961917	False
1424	2.8598110187120005	0.3927329037541495	0.13732827140830733	NTN5	0.26961917	False
1425	2.8598110187120005	0.3927329037541495	0.13732827140830733	FUT2	0.26961917	False
1426	2.8598110187120005	0.3927329037541495	0.13732827140830733	MAMSTR	0.26961917	False
1427	2.8598110187120005	0.3927329037541495	0.13732827140830733	RASIP1	0.26961917	False
1428	2.8598110187120005	0.3927329037541495	0.13732827140830733	IZUMO1	0.26961917	False
1429	2.8598110187120005	0.3927329037541495	0.13732827140830733	FUT1	0.26961917	False
1430	2.8598110187120005	0.3927329037541495	0.13732827140830733	FGF21	0.26961917	False
1431	2.8598110187120005	0.3927329037541495	0.13732827140830733	BCAT2	0.26961917	False
1432	2.8598110187120005	0.3927329037541495	0.13732827140830733	HSD17B14	0.26961917	False
1433	2.8598110187120005	0.3927329037541495	0.13732827140830733	PLEKHA4	0.26961917	False
1434	2.8598110187120005	0.3927329037541495	0.13732827140830733	PPP1R15A	0.26961917	False
1435	2.8598110187120005	0.3927329037541495	0.13732827140830733	TULP2	0.26961917	False
1436	2.8309815473829323	0.3959622166993411	0.13986746648539047	LIN7B	0.26961908	False
1437	2.8309815473829323	0.3959622166993411	0.13986746648539047	C19orf73	0.26961908	False
1438	2.8309815473829323	0.3959622166993411	0.13986746648539047	PPFIA3	0.26961908	False
1439	2.8309815473829323	0.3959622166993411	0.13986746648539047	HRC	0.26961908	False
1440	2.8309815473829323	0.3959622166993411	0.13986746648539047	TRPM4	0.26961908	False
1441	2.8309815473829323	0.3959622166993411	0.13986746648539047	SLC6A16	0.26961908	False
1442	2.8309815473829323	0.3959622166993411	0.13986746648539047	MIR4324	0.26961908	False
1443	2.8309815473829323	0.3959622166993411	0.13986746648539047	CD37	0.26961908	False
1444	2.8309815473829323	0.3959622166993411	0.13986746648539047	TEAD2	0.26961908	False
1445	2.8309815473829323	0.3959622166993411	0.13986746648539047	DKKL1	0.26961908	False
1446	2.8309815473829323	0.3959622166993411	0.13986746648539047	LOC101928295	0.26961908	False
1447	2.8309815473829323	0.3959622166993411	0.13986746648539047	CCDC155	0.26961908	False
1448	2.8309815473829323	0.3959622166993411	0.13986746648539047	PTH2	0.26961908	False
1449	2.8309815473829323	0.3959622166993411	0.13986746648539047	GFY	0.26961908	False
1450	2.8309815473829323	0.3959622166993411	0.13986746648539047	SLC17A7	0.26961908	False
1451	2.8309815473829323	0.3959622166993411	0.13986746648539047	PIH1D1	0.26961908	False
1452	2.8309815473829323	0.3959622166993411	0.13986746648539047	ALDH16A1	0.26961908	False
1453	2.8309815473829323	0.3959622166993411	0.13986746648539047	FLT3LG	0.26961908	False
1454	2.8309815473829323	0.3959622166993411	0.13986746648539047	RPL13A	0.26961908	False
1455	2.8309815473829323	0.3959622166993411	0.13986746648539047	SNORD32A	0.26961908	False
1456	2.8309815473829323	0.3959622166993411	0.13986746648539047	SNORD33	0.26961908	False
1457	2.8309815473829323	0.3959622166993411	0.13986746648539047	SNORD34	0.26961908	False
1458	2.8309815473829323	0.3959622166993411	0.13986746648539047	SNORD35A	0.26961908	False
1459	2.8309815473829323	0.3959622166993411	0.13986746648539047	RPS11	0.26961908	False
1460	2.8309815473829323	0.3959622166993411	0.13986746648539047	SNORD35B	0.26961908	False
1461	2.8309815473829323	0.3959622166993411	0.13986746648539047	MIR150	0.26961908	False
1462	2.8309815473829323	0.3959622166993411	0.13986746648539047	FCGRT	0.26961908	False
1463	2.8309815473829323	0.3959622166993411	0.13986746648539047	RCN3	0.26961908	False
1464	2.8309815473829323	0.3959622166993411	0.13986746648539047	NOSIP	0.26961908	False
1465	2.8309815473829323	0.3959622166993411	0.13986746648539047	PRRG2	0.26961908	False
1466	2.8309815473829323	0.3959622166993411	0.13986746648539047	PRR12	0.26961908	False
1467	2.8309815473829323	0.3959622166993411	0.13986746648539047	RRAS	0.26961908	False
1468	2.8309815473829323	0.3959622166993411	0.13986746648539047	SCAF1	0.26961908	False
1469	2.8309815473829323	0.3959622166993411	0.13986746648539047	IRF3	0.26961908	False
1470	2.8309815473829323	0.3959622166993411	0.13986746648539047	BCL2L12	0.26961908	False
1471	2.8309815473829323	0.3959622166993411	0.13986746648539047	PRMT1	0.26961908	False
1472	2.8309815473829323	0.3959622166993411	0.13986746648539047	MIR5088	0.26961908	False
1473	2.8309815473829323	0.3959622166993411	0.13986746648539047	ADM5	0.26961908	False
1474	2.8309815473829323	0.3959622166993411	0.13986746648539047	CPT1C	0.26961908	False
1475	2.8309815473829323	0.3959622166993411	0.13986746648539047	TSKS	0.26961908	False
1476	2.8309815473829323	0.3959622166993411	0.13986746648539047	AP2A1	0.26961908	False
1477	2.8309815473829323	0.3959622166993411	0.13986746648539047	MIR6799	0.26961908	False
1478	2.8309815473829323	0.3959622166993411	0.13986746648539047	FUZ	0.26961908	False
1479	2.8309815473829323	0.3959622166993411	0.13986746648539047	MED25	0.26961908	False
1480	2.8309815473829323	0.3959622166993411	0.13986746648539047	MIR6800	0.26961908	False
1481	2.8309815473829323	0.3959622166993411	0.13986746648539047	PTOV1-AS1	0.26961908	False
1482	2.8309815473829323	0.3959622166993411	0.13986746648539047	PTOV1	0.26961908	False
1483	2.8309815473829323	0.3959622166993411	0.13986746648539047	MIR4749	0.26961908	False
1484	2.8309815473829323	0.3959622166993411	0.13986746648539047	PTOV1-AS2	0.26961908	False
1485	2.8309815473829323	0.3959622166993411	0.13986746648539047	PNKP	0.26961908	False
1486	2.8309815473829323	0.3959622166993411	0.13986746648539047	AKT1S1	0.26961908	False
1487	2.8309815473829323	0.3959622166993411	0.13986746648539047	TBC1D17	0.26961908	False
1488	2.8309815473829323	0.3959622166993411	0.13986746648539047	MIR4750	0.26961908	False
