	mean	var	dispersion	gene	proba	pred
0	2.856482478146346	0.42639888694671957	0.1492741125523802	PDIK1L	0.26961917	False
1	2.856482478146346	0.42639888694671957	0.1492741125523802	FAM110D	0.26961917	False
2	2.856482478146346	0.42639888694671957	0.1492741125523802	ZNF593	0.26961917	False
3	2.856482478146346	0.42639888694671957	0.1492741125523802	CNKSR1	0.26961917	False
4	2.856482478146346	0.42639888694671957	0.1492741125523802	CATSPER4	0.26961917	False
5	2.856482478146346	0.42639888694671957	0.1492741125523802	CEP85	0.26961917	False
6	2.856482478146346	0.42639888694671957	0.1492741125523802	SH3BGRL3	0.26961917	False
7	2.856482478146346	0.42639888694671957	0.1492741125523802	UBXN11	0.26961917	False
8	2.856482478146346	0.42639888694671957	0.1492741125523802	CD52	0.26961917	False
9	2.856482478146346	0.42639888694671957	0.1492741125523802	CRYBG2	0.26961917	False
10	2.856482478146346	0.42639888694671957	0.1492741125523802	ZNF683	0.26961917	False
11	2.856482478146346	0.42639888694671957	0.1492741125523802	LIN28A	0.26961917	False
12	2.856482478146346	0.42639888694671957	0.1492741125523802	DHDDS	0.26961917	False
13	2.856482478146346	0.42639888694671957	0.1492741125523802	LOC101928324	0.26961917	False
14	2.856482478146346	0.42639888694671957	0.1492741125523802	HMGN2	0.26961917	False
15	2.856482478146346	0.42639888694671957	0.1492741125523802	RPS6KA1	0.26961917	False
16	2.856482478146346	0.42639888694671957	0.1492741125523802	MIR1976	0.26961917	False
17	2.856482478146346	0.42639888694671957	0.1492741125523802	ARID1A	0.26961917	False
18	2.856482478146346	0.42639888694671957	0.1492741125523802	PIGV	0.26961917	False
19	2.856482478146346	0.42639888694671957	0.1492741125523802	ZDHHC18	0.26961917	False
20	2.856482478146346	0.42639888694671957	0.1492741125523802	SFN	0.26961917	False
21	2.856482478146346	0.42639888694671957	0.1492741125523802	GPN2	0.26961917	False
22	3.244805684499009	1.1434079049938843	0.3523810101961234	TRMT13	0.26962355	False
23	3.244805684499009	1.1434079049938843	0.3523810101961234	LRRC39	0.26962355	False
24	3.244805684499009	1.1434079049938843	0.3523810101961234	DBT	0.26962355	False
25	3.244805684499009	1.1434079049938843	0.3523810101961234	RTCA-AS1	0.26962355	False
26	3.244805684499009	1.1434079049938843	0.3523810101961234	RTCA	0.26962355	False
27	3.244805684499009	1.1434079049938843	0.3523810101961234	MIR553	0.26962355	False
28	3.244805684499009	1.1434079049938843	0.3523810101961234	CDC14A	0.26962355	False
29	3.244805684499009	1.1434079049938843	0.3523810101961234	GPR88	0.26962355	False
30	3.244805684499009	1.1434079049938843	0.3523810101961234	LINC01349	0.26962355	False
31	3.244805684499009	1.1434079049938843	0.3523810101961234	VCAM1	0.26962355	False
32	3.244805684499009	1.1434079049938843	0.3523810101961234	EXTL2	0.26962355	False
33	3.189725417910657	0.7718646422787842	0.24198466675052335	PLEKHO1	0.26962164	False
34	3.189725417910657	0.7718646422787842	0.24198466675052335	LOC105371433	0.26962164	False
35	3.189725417910657	0.7718646422787842	0.24198466675052335	ANP32E	0.26962164	False
36	3.189725417910657	0.7718646422787842	0.24198466675052335	CA14	0.26962164	False
37	3.189725417910657	0.7718646422787842	0.24198466675052335	APH1A	0.26962164	False
38	3.189725417910657	0.7718646422787842	0.24198466675052335	C1orf54	0.26962164	False
39	3.189725417910657	0.7718646422787842	0.24198466675052335	CIART	0.26962164	False
40	3.189725417910657	0.7718646422787842	0.24198466675052335	MRPS21	0.26962164	False
41	3.189725417910657	0.7718646422787842	0.24198466675052335	PRPF3	0.26962164	False
42	3.189725417910657	0.7718646422787842	0.24198466675052335	RPRD2	0.26962164	False
43	3.189725417910657	0.7718646422787842	0.24198466675052335	TARS2	0.26962164	False
44	3.189725417910657	0.7718646422787842	0.24198466675052335	ECM1	0.26962164	False
45	3.189725417910657	0.7718646422787842	0.24198466675052335	FALEC	0.26962164	False
46	3.189725417910657	0.7718646422787842	0.24198466675052335	ADAMTSL4	0.26962164	False
47	3.189725417910657	0.7718646422787842	0.24198466675052335	MIR4257	0.26962164	False
48	3.189725417910657	0.7718646422787842	0.24198466675052335	ADAMTSL4-AS1	0.26962164	False
49	3.189725417910657	0.7718646422787842	0.24198466675052335	MCL1	0.26962164	False
50	3.189725417910657	0.7718646422787842	0.24198466675052335	ENSA	0.26962164	False
51	3.189725417910657	0.7718646422787842	0.24198466675052335	GOLPH3L	0.26962164	False
52	3.189725417910657	0.7718646422787842	0.24198466675052335	HORMAD1	0.26962164	False
53	3.189725417910657	0.7718646422787842	0.24198466675052335	CTSS	0.26962164	False
54	3.189725417910657	0.7718646422787842	0.24198466675052335	CTSK	0.26962164	False
55	3.189725417910657	0.7718646422787842	0.24198466675052335	ARNT	0.26962164	False
56	3.113724875112126	0.6537510684990263	0.20995787833550472	SETDB1	0.26962107	False
57	3.113724875112126	0.6537510684990263	0.20995787833550472	CERS2	0.26962107	False
58	3.113724875112126	0.6537510684990263	0.20995787833550472	ANXA9	0.26962107	False
59	3.113724875112126	0.6537510684990263	0.20995787833550472	MINDY1	0.26962107	False
60	3.113724875112126	0.6537510684990263	0.20995787833550472	PRUNE1	0.26962107	False
61	3.113724875112126	0.6537510684990263	0.20995787833550472	BNIPL	0.26962107	False
62	3.113724875112126	0.6537510684990263	0.20995787833550472	C1orf56	0.26962107	False
63	3.113724875112126	0.6537510684990263	0.20995787833550472	CDC42SE1	0.26962107	False
64	3.113724875112126	0.6537510684990263	0.20995787833550472	MLLT11	0.26962107	False
65	3.113724875112126	0.6537510684990263	0.20995787833550472	GABPB2	0.26962107	False
66	3.2717161311552068	0.8399439501008985	0.2567288592376514	SEMA6C	0.2696225	False
67	3.2717161311552068	0.8399439501008985	0.2567288592376514	TNFAIP8L2	0.2696225	False
68	3.2717161311552068	0.8399439501008985	0.2567288592376514	TNFAIP8L2-SCNM1	0.2696225	False
69	3.2717161311552068	0.8399439501008985	0.2567288592376514	LYSMD1	0.2696225	False
70	3.2717161311552068	0.8399439501008985	0.2567288592376514	SCNM1	0.2696225	False
71	3.2717161311552068	0.8399439501008985	0.2567288592376514	TMOD4	0.2696225	False
72	3.2717161311552068	0.8399439501008985	0.2567288592376514	VPS72	0.2696225	False
73	3.2717161311552068	0.8399439501008985	0.2567288592376514	PIP5K1A	0.2696225	False
74	3.2717161311552068	0.8399439501008985	0.2567288592376514	PSMD4	0.2696225	False
75	3.2717161311552068	0.8399439501008985	0.2567288592376514	ZNF687	0.2696225	False
76	3.2717161311552068	0.8399439501008985	0.2567288592376514	PI4KB	0.2696225	False
77	3.2717161311552068	0.8399439501008985	0.2567288592376514	RFX5	0.2696225	False
78	3.2717161311552068	0.8399439501008985	0.2567288592376514	GBAT2	0.2696225	False
79	3.2717161311552068	0.8399439501008985	0.2567288592376514	SELENBP1	0.2696225	False
80	3.2717161311552068	0.8399439501008985	0.2567288592376514	PSMB4	0.2696225	False
81	3.2717161311552068	0.8399439501008985	0.2567288592376514	POGZ	0.2696225	False
82	3.2717161311552068	0.8399439501008985	0.2567288592376514	CGN	0.2696225	False
83	3.2717161311552068	0.8399439501008985	0.2567288592376514	TUFT1	0.2696225	False
84	3.2717161311552068	0.8399439501008985	0.2567288592376514	MIR554	0.2696225	False
85	3.2717161311552068	0.8399439501008985	0.2567288592376514	SNX27	0.2696225	False
86	3.2717161311552068	0.8399439501008985	0.2567288592376514	CELF3	0.2696225	False
87	3.2717161311552068	0.8399439501008985	0.2567288592376514	RIIAD1	0.2696225	False
88	3.2717161311552068	0.8399439501008985	0.2567288592376514	MRPL9	0.2696225	False
89	3.2717161311552068	0.8399439501008985	0.2567288592376514	OAZ3	0.2696225	False
90	3.2717161311552068	0.8399439501008985	0.2567288592376514	TDRKH	0.2696225	False
91	3.2717161311552068	0.8399439501008985	0.2567288592376514	LINGO4	0.2696225	False
92	3.2717161311552068	0.8399439501008985	0.2567288592376514	RORC	0.2696225	False
93	3.2717161311552068	0.8399439501008985	0.2567288592376514	C2CD4D	0.2696225	False
94	3.2717161311552068	0.8399439501008985	0.2567288592376514	C2CD4D-AS1	0.2696225	False
95	3.2717161311552068	0.8399439501008985	0.2567288592376514	THEM5	0.2696225	False
96	3.127453071959846	0.634858414641083	0.20299534478489978	THEM4	0.26962075	False
97	3.127453071959846	0.634858414641083	0.20299534478489978	S100A10	0.26962075	False
98	3.127453071959846	0.634858414641083	0.20299534478489978	NBPF18P	0.26962075	False
99	3.127453071959846	0.634858414641083	0.20299534478489978	S100A11	0.26962075	False
100	3.127453071959846	0.634858414641083	0.20299534478489978	TCHHL1	0.26962075	False
101	3.0907472596395023	0.6454692484476098	0.2088392204941713	TCHH	0.26962063	False
102	3.0907472596395023	0.6454692484476098	0.2088392204941713	RPTN	0.26962063	False
103	3.0907472596395023	0.6454692484476098	0.2088392204941713	FLG-AS1	0.26962063	False
104	3.0907472596395023	0.6454692484476098	0.2088392204941713	HRNR	0.26962063	False
105	3.0907472596395023	0.6454692484476098	0.2088392204941713	FLG	0.26962063	False
106	3.0907472596395023	0.6454692484476098	0.2088392204941713	FLG2	0.26962063	False
107	3.0907472596395023	0.6454692484476098	0.2088392204941713	CRNN	0.26962063	False
108	3.0907472596395023	0.6454692484476098	0.2088392204941713	LCE5A	0.26962063	False
109	3.0907472596395023	0.6454692484476098	0.2088392204941713	CRCT1	0.26962063	False
110	3.0907472596395023	0.6454692484476098	0.2088392204941713	LCE3E	0.26962063	False
111	3.0907472596395023	0.6454692484476098	0.2088392204941713	LCE3D	0.26962063	False
112	3.0907472596395023	0.6454692484476098	0.2088392204941713	LCE3C	0.26962063	False
113	3.0907472596395023	0.6454692484476098	0.2088392204941713	LCE3B	0.26962063	False
114	3.0907472596395023	0.6454692484476098	0.2088392204941713	LCE3A	0.26962063	False
115	3.0907472596395023	0.6454692484476098	0.2088392204941713	LCE2D	0.26962063	False
116	3.0907472596395023	0.6454692484476098	0.2088392204941713	LCE2C	0.26962063	False
117	3.0907472596395023	0.6454692484476098	0.2088392204941713	LCE2B	0.26962063	False
118	3.0907472596395023	0.6454692484476098	0.2088392204941713	LCE2A	0.26962063	False
119	3.0907472596395023	0.6454692484476098	0.2088392204941713	LCE4A	0.26962063	False
120	3.0907472596395023	0.6454692484476098	0.2088392204941713	C1orf68	0.26962063	False
121	3.0907472596395023	0.6454692484476098	0.2088392204941713	LCE1F	0.26962063	False
122	3.0907472596395023	0.6454692484476098	0.2088392204941713	LCE1E	0.26962063	False
123	3.0907472596395023	0.6454692484476098	0.2088392204941713	LCE1D	0.26962063	False
124	3.0907472596395023	0.6454692484476098	0.2088392204941713	LCE1C	0.26962063	False
125	3.0907472596395023	0.6454692484476098	0.2088392204941713	LCE1B	0.26962063	False
126	3.0907472596395023	0.6454692484476098	0.2088392204941713	LCE1A	0.26962063	False
127	3.0907472596395023	0.6454692484476098	0.2088392204941713	LCE6A	0.26962063	False
128	3.0907472596395023	0.6454692484476098	0.2088392204941713	SMCP	0.26962063	False
129	3.1122854928441326	0.5955478577451933	0.19135386490554807	IVL	0.26962057	False
130	3.1122854928441326	0.5955478577451933	0.19135386490554807	SPRR4	0.26962057	False
131	3.1122854928441326	0.5955478577451933	0.19135386490554807	SPRR3	0.26962057	False
132	3.1122854928441326	0.5955478577451933	0.19135386490554807	SPRR1B	0.26962057	False
133	3.1122854928441326	0.5955478577451933	0.19135386490554807	SPRR2D	0.26962057	False
134	3.1122854928441326	0.5955478577451933	0.19135386490554807	SPRR2A	0.26962057	False
135	3.1122854928441326	0.5955478577451933	0.19135386490554807	SPRR2E	0.26962057	False
136	3.076122913848157	0.6202099359165719	0.2016206612305696	SPRR2F	0.2696204	False
137	3.076122913848157	0.6202099359165719	0.2016206612305696	SPRR2G	0.2696204	False
138	3.076122913848157	0.6202099359165719	0.2016206612305696	LOC101928009	0.2696204	False
139	3.076122913848157	0.6202099359165719	0.2016206612305696	LELP1	0.2696204	False
140	3.076122913848157	0.6202099359165719	0.2016206612305696	PRR9	0.2696204	False
141	3.076122913848157	0.6202099359165719	0.2016206612305696	LOR	0.2696204	False
142	3.076122913848157	0.6202099359165719	0.2016206612305696	PGLYRP3	0.2696204	False
143	3.076122913848157	0.6202099359165719	0.2016206612305696	PGLYRP4	0.2696204	False
144	3.076122913848157	0.6202099359165719	0.2016206612305696	S100A9	0.2696204	False
145	3.076122913848157	0.6202099359165719	0.2016206612305696	S100A12	0.2696204	False
146	3.076122913848157	0.6202099359165719	0.2016206612305696	S100A8	0.2696204	False
147	3.076122913848157	0.6202099359165719	0.2016206612305696	S100A7A	0.2696204	False
148	3.076122913848157	0.6202099359165719	0.2016206612305696	S100A7L2	0.2696204	False
149	3.076122913848157	0.6202099359165719	0.2016206612305696	S100A7	0.2696204	False
150	3.076122913848157	0.6202099359165719	0.2016206612305696	S100A6	0.2696204	False
151	3.076122913848157	0.6202099359165719	0.2016206612305696	S100A5	0.2696204	False
152	3.076122913848157	0.6202099359165719	0.2016206612305696	S100A4	0.2696204	False
153	3.076122913848157	0.6202099359165719	0.2016206612305696	S100A3	0.2696204	False
154	3.076122913848157	0.6202099359165719	0.2016206612305696	S100A2	0.2696204	False
155	3.076122913848157	0.6202099359165719	0.2016206612305696	S100A16	0.2696204	False
156	3.076122913848157	0.6202099359165719	0.2016206612305696	S100A14	0.2696204	False
157	3.076122913848157	0.6202099359165719	0.2016206612305696	S100A13	0.2696204	False
158	3.076122913848157	0.6202099359165719	0.2016206612305696	S100A1	0.2696204	False
159	3.076122913848157	0.6202099359165719	0.2016206612305696	CHTOP	0.2696204	False
160	3.076122913848157	0.6202099359165719	0.2016206612305696	SNAPIN	0.2696204	False
161	3.076122913848157	0.6202099359165719	0.2016206612305696	ILF2	0.2696204	False
162	3.076122913848157	0.6202099359165719	0.2016206612305696	NPR1	0.2696204	False
163	3.076122913848157	0.6202099359165719	0.2016206612305696	MIR8083	0.2696204	False
164	3.076122913848157	0.6202099359165719	0.2016206612305696	INTS3	0.2696204	False
165	3.076122913848157	0.6202099359165719	0.2016206612305696	SLC27A3	0.2696204	False
166	3.0695361315638414	0.5508918038328493	0.1794707018327833	GATAD2B	0.26962012	False
167	3.0695361315638414	0.5508918038328493	0.1794707018327833	DENND4B	0.26962012	False
168	3.0695361315638414	0.5508918038328493	0.1794707018327833	CRTC2	0.26962012	False
169	3.0695361315638414	0.5508918038328493	0.1794707018327833	SLC39A1	0.26962012	False
170	3.0695361315638414	0.5508918038328493	0.1794707018327833	MIR6737	0.26962012	False
171	3.0695361315638414	0.5508918038328493	0.1794707018327833	CREB3L4	0.26962012	False
172	3.0695361315638414	0.5508918038328493	0.1794707018327833	JTB	0.26962012	False
173	3.0695361315638414	0.5508918038328493	0.1794707018327833	RAB13	0.26962012	False
174	3.0695361315638414	0.5508918038328493	0.1794707018327833	RPS27	0.26962012	False
175	3.0695361315638414	0.5508918038328493	0.1794707018327833	NUP210L	0.26962012	False
176	3.129717086021075	0.633330005298818	0.20236014562709048	MIR5698	0.26962078	False
177	3.129717086021075	0.633330005298818	0.20236014562709048	TPM3	0.26962078	False
178	3.129717086021075	0.633330005298818	0.20236014562709048	MIR190B	0.26962078	False
179	3.129717086021075	0.633330005298818	0.20236014562709048	C1orf189	0.26962078	False
180	3.129717086021075	0.633330005298818	0.20236014562709048	C1orf43	0.26962078	False
181	3.129717086021075	0.633330005298818	0.20236014562709048	UBAP2L	0.26962078	False
182	3.129717086021075	0.633330005298818	0.20236014562709048	HAX1	0.26962078	False
183	3.129717086021075	0.633330005298818	0.20236014562709048	AQP10	0.26962078	False
184	3.129717086021075	0.633330005298818	0.20236014562709048	ATP8B2	0.26962078	False
185	3.129717086021075	0.633330005298818	0.20236014562709048	IL6R	0.26962078	False
186	3.129717086021075	0.633330005298818	0.20236014562709048	SHE	0.26962078	False
187	3.129717086021075	0.633330005298818	0.20236014562709048	TDRD10	0.26962078	False
188	3.129717086021075	0.633330005298818	0.20236014562709048	UBE2Q1	0.26962078	False
189	3.129717086021075	0.633330005298818	0.20236014562709048	UBE2Q1-AS1	0.26962078	False
190	3.129717086021075	0.633330005298818	0.20236014562709048	CHRNB2	0.26962078	False
191	3.129717086021075	0.633330005298818	0.20236014562709048	ADAR	0.26962078	False
192	3.129717086021075	0.633330005298818	0.20236014562709048	KCNN3	0.26962078	False
193	3.0904776725796235	0.5605741491720815	0.18138754217375397	PMVK	0.26962036	False
194	3.0904776725796235	0.5605741491720815	0.18138754217375397	PBXIP1	0.26962036	False
195	3.0904776725796235	0.5605741491720815	0.18138754217375397	PYGO2	0.26962036	False
196	3.0904776725796235	0.5605741491720815	0.18138754217375397	SHC1	0.26962036	False
197	3.0904776725796235	0.5605741491720815	0.18138754217375397	CKS1B	0.26962036	False
198	3.0904776725796235	0.5605741491720815	0.18138754217375397	MIR4258	0.26962036	False
199	3.0904776725796235	0.5605741491720815	0.18138754217375397	FLAD1	0.26962036	False
200	3.0904776725796235	0.5605741491720815	0.18138754217375397	LENEP	0.26962036	False
201	3.0904776725796235	0.5605741491720815	0.18138754217375397	ZBTB7B	0.26962036	False
202	3.0904776725796235	0.5605741491720815	0.18138754217375397	DCST2	0.26962036	False
203	3.0904776725796235	0.5605741491720815	0.18138754217375397	DCST1	0.26962036	False
204	3.0904776725796235	0.5605741491720815	0.18138754217375397	DCST1-AS1	0.26962036	False
205	3.0904776725796235	0.5605741491720815	0.18138754217375397	ADAM15	0.26962036	False
206	3.0904776725796235	0.5605741491720815	0.18138754217375397	EFNA4	0.26962036	False
207	3.0904776725796235	0.5605741491720815	0.18138754217375397	EFNA3	0.26962036	False
208	3.2025046875764214	0.6718681585830343	0.20979459021229035	EFNA1	0.2696214	False
209	3.2025046875764214	0.6718681585830343	0.20979459021229035	SLC50A1	0.2696214	False
210	3.2025046875764214	0.6718681585830343	0.20979459021229035	DPM3	0.2696214	False
211	3.2025046875764214	0.6718681585830343	0.20979459021229035	KRTCAP2	0.2696214	False
212	3.2025046875764214	0.6718681585830343	0.20979459021229035	TRIM46	0.2696214	False
213	3.2025046875764214	0.6718681585830343	0.20979459021229035	MUC1	0.2696214	False
214	3.2025046875764214	0.6718681585830343	0.20979459021229035	MIR92B	0.2696214	False
215	3.2025046875764214	0.6718681585830343	0.20979459021229035	THBS3	0.2696214	False
216	3.2025046875764214	0.6718681585830343	0.20979459021229035	MTX1	0.2696214	False
217	3.2025046875764214	0.6718681585830343	0.20979459021229035	GBA	0.2696214	False
218	3.2025046875764214	0.6718681585830343	0.20979459021229035	FAM189B	0.2696214	False
219	3.2025046875764214	0.6718681585830343	0.20979459021229035	SCAMP3	0.2696214	False
220	3.2025046875764214	0.6718681585830343	0.20979459021229035	CLK2	0.2696214	False
221	3.2025046875764214	0.6718681585830343	0.20979459021229035	HCN3	0.2696214	False
222	3.2025046875764214	0.6718681585830343	0.20979459021229035	PKLR	0.2696214	False
223	3.2025046875764214	0.6718681585830343	0.20979459021229035	FDPS	0.2696214	False
224	3.2025046875764214	0.6718681585830343	0.20979459021229035	RUSC1-AS1	0.2696214	False
225	3.2025046875764214	0.6718681585830343	0.20979459021229035	RUSC1	0.2696214	False
226	3.2025046875764214	0.6718681585830343	0.20979459021229035	ASH1L	0.2696214	False
227	3.2025046875764214	0.6718681585830343	0.20979459021229035	MIR555	0.2696214	False
228	3.2025046875764214	0.6718681585830343	0.20979459021229035	MSTO2P	0.2696214	False
229	3.2025046875764214	0.6718681585830343	0.20979459021229035	MSTO1	0.2696214	False
230	3.2025046875764214	0.6718681585830343	0.20979459021229035	YY1AP1	0.2696214	False
231	3.2025046875764214	0.6718681585830343	0.20979459021229035	DAP3	0.2696214	False
232	3.2025046875764214	0.6718681585830343	0.20979459021229035	GON4L	0.2696214	False
233	3.2025046875764214	0.6718681585830343	0.20979459021229035	SYT11	0.2696214	False
234	3.0723096920390467	0.5508483374204298	0.17929453493825354	RIT1	0.26962036	False
235	3.0723096920390467	0.5508483374204298	0.17929453493825354	KHDC4	0.26962036	False
236	3.0723096920390467	0.5508483374204298	0.17929453493825354	SNORA80E	0.26962036	False
237	3.0723096920390467	0.5508483374204298	0.17929453493825354	SCARNA4	0.26962036	False
238	3.0723096920390467	0.5508483374204298	0.17929453493825354	RXFP4	0.26962036	False
239	3.0723096920390467	0.5508483374204298	0.17929453493825354	ARHGEF2	0.26962036	False
240	3.0723096920390467	0.5508483374204298	0.17929453493825354	MIR6738	0.26962036	False
241	3.0723096920390467	0.5508483374204298	0.17929453493825354	SSR2	0.26962036	False
242	3.0723096920390467	0.5508483374204298	0.17929453493825354	UBQLN4	0.26962036	False
243	3.0723096920390467	0.5508483374204298	0.17929453493825354	LAMTOR2	0.26962036	False
244	3.0723096920390467	0.5508483374204298	0.17929453493825354	RAB25	0.26962036	False
245	3.0723096920390467	0.5508483374204298	0.17929453493825354	MEX3A	0.26962036	False
246	3.0723096920390467	0.5508483374204298	0.17929453493825354	LMNA	0.26962036	False
247	3.0534632125377454	0.6012801464295154	0.1969174359005259	SEMA4A	0.2696205	False
248	3.0534632125377454	0.6012801464295154	0.1969174359005259	SLC25A44	0.2696205	False
249	3.0534632125377454	0.6012801464295154	0.1969174359005259	PMF1-BGLAP	0.2696205	False
250	3.0534632125377454	0.6012801464295154	0.1969174359005259	PMF1	0.2696205	False
251	3.0534632125377454	0.6012801464295154	0.1969174359005259	BGLAP	0.2696205	False
252	3.0534632125377454	0.6012801464295154	0.1969174359005259	PAQR6	0.2696205	False
253	3.0534632125377454	0.6012801464295154	0.1969174359005259	SMG5	0.2696205	False
254	3.0534632125377454	0.6012801464295154	0.1969174359005259	TMEM79	0.2696205	False
255	3.0534632125377454	0.6012801464295154	0.1969174359005259	GLMP	0.2696205	False
256	3.0534632125377454	0.6012801464295154	0.1969174359005259	VHLL	0.2696205	False
257	3.0534632125377454	0.6012801464295154	0.1969174359005259	CCT3	0.2696205	False
258	3.0534632125377454	0.6012801464295154	0.1969174359005259	TSACC	0.2696205	False
259	3.0534632125377454	0.6012801464295154	0.1969174359005259	RHBG	0.2696205	False
260	3.0534632125377454	0.6012801464295154	0.1969174359005259	C1orf61	0.2696205	False
261	3.0534632125377454	0.6012801464295154	0.1969174359005259	MEF2D	0.2696205	False
262	3.0534632125377454	0.6012801464295154	0.1969174359005259	IQGAP3	0.2696205	False
263	3.0534632125377454	0.6012801464295154	0.1969174359005259	TTC24	0.2696205	False
264	3.0534632125377454	0.6012801464295154	0.1969174359005259	NAXE	0.2696205	False
265	3.0534632125377454	0.6012801464295154	0.1969174359005259	GPATCH4	0.2696205	False
266	3.0534632125377454	0.6012801464295154	0.1969174359005259	HAPLN2	0.2696205	False
267	3.0534632125377454	0.6012801464295154	0.1969174359005259	BCAN	0.2696205	False
268	3.0534632125377454	0.6012801464295154	0.1969174359005259	NES	0.2696205	False
269	3.0534632125377454	0.6012801464295154	0.1969174359005259	CRABP2	0.2696205	False
270	3.0534632125377454	0.6012801464295154	0.1969174359005259	ISG20L2	0.2696205	False
271	3.0534632125377454	0.6012801464295154	0.1969174359005259	RRNAD1	0.2696205	False
272	3.0534632125377454	0.6012801464295154	0.1969174359005259	MRPL24	0.2696205	False
273	3.0534632125377454	0.6012801464295154	0.1969174359005259	HDGF	0.2696205	False
274	3.0534632125377454	0.6012801464295154	0.1969174359005259	PRCC	0.2696205	False
275	3.0534632125377454	0.6012801464295154	0.1969174359005259	SH2D2A	0.2696205	False
276	3.0534632125377454	0.6012801464295154	0.1969174359005259	NTRK1	0.2696205	False
277	3.0534632125377454	0.6012801464295154	0.1969174359005259	INSRR	0.2696205	False
278	2.8777191083870837	0.47485588675655954	0.1650112011879814	PEAR1	0.26961938	False
279	2.8777191083870837	0.47485588675655954	0.1650112011879814	LRRC71	0.26961938	False
280	2.8777191083870837	0.47485588675655954	0.1650112011879814	ARHGEF11	0.26961938	False
281	2.8777191083870837	0.47485588675655954	0.1650112011879814	MIR765	0.26961938	False
282	2.8777191083870837	0.47485588675655954	0.1650112011879814	ETV3L	0.26961938	False
283	3.007251234377367	0.6418415555470047	0.21343130504355554	CFAP45	0.26962036	False
284	3.007251234377367	0.6418415555470047	0.21343130504355554	MIR4259	0.26962036	False
285	3.007251234377367	0.6418415555470047	0.21343130504355554	TAGLN2	0.26962036	False
286	3.007251234377367	0.6418415555470047	0.21343130504355554	IGSF9	0.26962036	False
287	3.007251234377367	0.6418415555470047	0.21343130504355554	SLAMF9	0.26962036	False
288	3.007251234377367	0.6418415555470047	0.21343130504355554	LINC01133	0.26962036	False
289	3.007251234377367	0.6418415555470047	0.21343130504355554	PIGM	0.26962036	False
290	3.007251234377367	0.6418415555470047	0.21343130504355554	KCNJ10	0.26962036	False
291	3.007251234377367	0.6418415555470047	0.21343130504355554	KCNJ9	0.26962036	False
292	3.007251234377367	0.6418415555470047	0.21343130504355554	IGSF8	0.26962036	False
293	3.1924086350026055	0.8306324851955262	0.2601899005309664	ATP1A2	0.26962197	False
294	3.1924086350026055	0.8306324851955262	0.2601899005309664	ATP1A4	0.26962197	False
295	3.1924086350026055	0.8306324851955262	0.2601899005309664	CASQ1	0.26962197	False
296	3.1924086350026055	0.8306324851955262	0.2601899005309664	LOC729867	0.26962197	False
297	3.1924086350026055	0.8306324851955262	0.2601899005309664	PEA15	0.26962197	False
298	3.1924086350026055	0.8306324851955262	0.2601899005309664	DCAF8	0.26962197	False
299	3.1924086350026055	0.8306324851955262	0.2601899005309664	PEX19	0.26962197	False
300	3.1924086350026055	0.8306324851955262	0.2601899005309664	COPA	0.26962197	False
301	3.1924086350026055	0.8306324851955262	0.2601899005309664	NCSTN	0.26962197	False
302	3.1924086350026055	0.8306324851955262	0.2601899005309664	NHLH1	0.26962197	False
303	3.1924086350026055	0.8306324851955262	0.2601899005309664	VANGL2	0.26962197	False
304	3.1924086350026055	0.8306324851955262	0.2601899005309664	SLAMF6	0.26962197	False
305	3.1924086350026055	0.8306324851955262	0.2601899005309664	CD84	0.26962197	False
306	3.1924086350026055	0.8306324851955262	0.2601899005309664	SLAMF1	0.26962197	False
307	3.1924086350026055	0.8306324851955262	0.2601899005309664	CD48	0.26962197	False
308	3.1924086350026055	0.8306324851955262	0.2601899005309664	SLAMF7	0.26962197	False
309	3.1924086350026055	0.8306324851955262	0.2601899005309664	LY9	0.26962197	False
310	3.1924086350026055	0.8306324851955262	0.2601899005309664	CD244	0.26962197	False
311	3.1924086350026055	0.8306324851955262	0.2601899005309664	ITLN1	0.26962197	False
312	3.1170110970918574	0.7006256825029527	0.22477484381003004	LOC101928372	0.26962113	False
313	3.1170110970918574	0.7006256825029527	0.22477484381003004	ITLN2	0.26962113	False
314	3.1170110970918574	0.7006256825029527	0.22477484381003004	F11R	0.26962113	False
315	3.1170110970918574	0.7006256825029527	0.22477484381003004	TSTD1	0.26962113	False
316	3.1170110970918574	0.7006256825029527	0.22477484381003004	USF1	0.26962113	False
317	3.1170110970918574	0.7006256825029527	0.22477484381003004	ARHGAP30	0.26962113	False
318	3.1170110970918574	0.7006256825029527	0.22477484381003004	NECTIN4	0.26962113	False
319	3.1170110970918574	0.7006256825029527	0.22477484381003004	KLHDC9	0.26962113	False
320	3.217549984305977	0.8457935990320357	0.262868829748568	PFDN2	0.26962203	False
321	3.217549984305977	0.8457935990320357	0.262868829748568	NIT1	0.26962203	False
322	3.217549984305977	0.8457935990320357	0.262868829748568	DEDD	0.26962203	False
323	3.217549984305977	0.8457935990320357	0.262868829748568	UFC1	0.26962203	False
324	3.217549984305977	0.8457935990320357	0.262868829748568	USP21	0.26962203	False
325	3.217549984305977	0.8457935990320357	0.262868829748568	PPOX	0.26962203	False
326	3.217549984305977	0.8457935990320357	0.262868829748568	B4GALT3	0.26962203	False
327	3.217549984305977	0.8457935990320357	0.262868829748568	ADAMTS4	0.26962203	False
328	3.217549984305977	0.8457935990320357	0.262868829748568	NDUFS2	0.26962203	False
329	3.217549984305977	0.8457935990320357	0.262868829748568	FCER1G	0.26962203	False
330	3.217549984305977	0.8457935990320357	0.262868829748568	APOA2	0.26962203	False
331	3.217549984305977	0.8457935990320357	0.262868829748568	TOMM40L	0.26962203	False
332	3.217549984305977	0.8457935990320357	0.262868829748568	MIR5187	0.26962203	False
333	3.217549984305977	0.8457935990320357	0.262868829748568	NR1I3	0.26962203	False
334	3.217549984305977	0.8457935990320357	0.262868829748568	PCP4L1	0.26962203	False
335	3.217549984305977	0.8457935990320357	0.262868829748568	MPZ	0.26962203	False
336	3.217549984305977	0.8457935990320357	0.262868829748568	SDHC	0.26962203	False
337	3.217549984305977	0.8457935990320357	0.262868829748568	CFAP126	0.26962203	False
338	3.217549984305977	0.8457935990320357	0.262868829748568	FCGR2A	0.26962203	False
339	3.217549984305977	0.8457935990320357	0.262868829748568	HSPA6	0.26962203	False
340	3.217549984305977	0.8457935990320357	0.262868829748568	FCGR3A	0.26962203	False
341	3.217549984305977	0.8457935990320357	0.262868829748568	FCGR2C	0.26962203	False
342	3.217549984305977	0.8457935990320357	0.262868829748568	FCGR3B	0.26962203	False
343	3.217549984305977	0.8457935990320357	0.262868829748568	FCGR2B	0.26962203	False
344	3.217549984305977	0.8457935990320357	0.262868829748568	FCRLA	0.26962203	False
345	3.217549984305977	0.8457935990320357	0.262868829748568	FCRLB	0.26962203	False
346	3.217549984305977	0.8457935990320357	0.262868829748568	DUSP12	0.26962203	False
347	2.9722810170283704	0.6263301149568764	0.2107237207278164	ATF6	0.26962024	False
348	2.9722810170283704	0.6263301149568764	0.2107237207278164	OLFML2B	0.26962024	False
349	2.9722810170283704	0.6263301149568764	0.2107237207278164	NOS1AP	0.26962024	False
350	3.1185159025353384	0.8227565352455878	0.263829514089279	LINC01363	0.2696215	False
351	3.1185159025353384	0.8227565352455878	0.263829514089279	POU2F1	0.2696215	False
352	3.1185159025353384	0.8227565352455878	0.263829514089279	CD247	0.2696215	False
353	3.1185159025353384	0.8227565352455878	0.263829514089279	CREG1	0.2696215	False
354	3.1185159025353384	0.8227565352455878	0.263829514089279	RCSD1	0.2696215	False
355	3.1185159025353384	0.8227565352455878	0.263829514089279	MPZL1	0.2696215	False
356	3.039238445844693	0.710846700112138	0.23388974336121002	ADCY10	0.26962087	False
357	3.039238445844693	0.710846700112138	0.23388974336121002	MPC2	0.26962087	False
358	3.039238445844693	0.710846700112138	0.23388974336121002	DCAF6	0.26962087	False
359	3.039238445844693	0.710846700112138	0.23388974336121002	MIR1255B2	0.26962087	False
360	3.039238445844693	0.710846700112138	0.23388974336121002	GPR161	0.26962087	False
361	3.1336854626995483	0.8973118549344644	0.2863439440924186	TIPRL	0.2696221	False
362	3.1336854626995483	0.8973118549344644	0.2863439440924186	SFT2D2	0.2696221	False
363	3.1336854626995483	0.8973118549344644	0.2863439440924186	TBX19	0.2696221	False
364	3.1336854626995483	0.8973118549344644	0.2863439440924186	MIR557	0.2696221	False
365	3.1336854626995483	0.8973118549344644	0.2863439440924186	LOC100505918	0.2696221	False
366	3.1336854626995483	0.8973118549344644	0.2863439440924186	LOC101928565	0.2696221	False
367	3.1336854626995483	0.8973118549344644	0.2863439440924186	XCL2	0.2696221	False
368	3.1336854626995483	0.8973118549344644	0.2863439440924186	XCL1	0.2696221	False
369	3.1336854626995483	0.8973118549344644	0.2863439440924186	DPT	0.2696221	False
370	3.1336854626995483	0.8973118549344644	0.2863439440924186	LINC00626	0.2696221	False
371	3.0696081145993213	0.791208009912341	0.2577553812648876	LINC00970	0.26962125	False
372	3.1512680909688333	0.9517810170849286	0.3020311156047376	ATP1B1	0.2696223	False
373	3.1512680909688333	0.9517810170849286	0.3020311156047376	NME7	0.2696223	False
374	3.1512680909688333	0.9517810170849286	0.3020311156047376	BLZF1	0.2696223	False
375	3.1512680909688333	0.9517810170849286	0.3020311156047376	CCDC181	0.2696223	False
376	3.1512680909688333	0.9517810170849286	0.3020311156047376	SLC19A2	0.2696223	False
377	3.1512680909688333	0.9517810170849286	0.3020311156047376	F5	0.2696223	False
378	3.1512680909688333	0.9517810170849286	0.3020311156047376	SELP	0.2696223	False
379	3.1512680909688333	0.9517810170849286	0.3020311156047376	C1orf112	0.2696223	False
380	3.1512680909688333	0.9517810170849286	0.3020311156047376	SELL	0.2696223	False
381	3.1512680909688333	0.9517810170849286	0.3020311156047376	SELE	0.2696223	False
382	3.1512680909688333	0.9517810170849286	0.3020311156047376	METTL18	0.2696223	False
383	3.1512680909688333	0.9517810170849286	0.3020311156047376	SCYL3	0.2696223	False
384	3.057146138625266	0.7470899883887924	0.2443749675390863	KIFAP3	0.26962122	False
385	3.044823673734106	0.7287165782623397	0.23932964806748808	MROH9	0.26962122	False
386	3.044823673734106	0.7287165782623397	0.23932964806748808	FMO3	0.26962122	False
387	3.13997115749111	0.8971609316478814	0.2857226664351682	MIR1295A	0.2696223	False
388	3.13997115749111	0.8971609316478814	0.2857226664351682	FMO2	0.2696223	False
389	3.13997115749111	0.8971609316478814	0.2857226664351682	FMO1	0.2696223	False
390	3.13997115749111	0.8971609316478814	0.2857226664351682	FMO4	0.2696223	False
391	3.13997115749111	0.8971609316478814	0.2857226664351682	PRRC2C	0.2696223	False
392	3.13997115749111	0.8971609316478814	0.2857226664351682	MYOC	0.2696223	False
393	3.13997115749111	0.8971609316478814	0.2857226664351682	VAMP4	0.2696223	False
394	3.13997115749111	0.8971609316478814	0.2857226664351682	EEF1AKNMT	0.2696223	False
395	3.140619785891597	0.8486264289501971	0.27020985881908616	DNM3	0.2696218	False
396	3.13997115749111	0.8971609316478814	0.2857226664351682	DNM3-IT1	0.2696223	False
397	3.244302886536339	1.0284850436193005	0.3170126463492208	DNM3OS	0.26962274	False
398	3.244302886536339	1.0284850436193005	0.3170126463492208	MIR214	0.26962274	False
399	3.244302886536339	1.0284850436193005	0.3170126463492208	MIR199A2	0.26962274	False
400	3.244302886536339	1.0284850436193005	0.3170126463492208	PIGC	0.26962274	False
401	3.244302886536339	1.0284850436193005	0.3170126463492208	C1orf105	0.26962274	False
402	3.244302886536339	1.0284850436193005	0.3170126463492208	SUCO	0.26962274	False
403	3.244302886536339	1.0284850436193005	0.3170126463492208	FASLG	0.26962274	False
404	3.1042658414802675	0.8242820158481013	0.2655320317073885	TNFSF18	0.26962164	False
405	3.19716638192336	0.9766469920264305	0.305472682794474	TNFSF4	0.26962256	False
406	3.19716638192336	0.9766469920264305	0.305472682794474	LOC101928673	0.26962256	False
407	3.19716638192336	0.9766469920264305	0.305472682794474	PRDX6	0.26962256	False
408	3.19716638192336	0.9766469920264305	0.305472682794474	SLC9C2	0.26962256	False
409	3.19716638192336	0.9766469920264305	0.305472682794474	ANKRD45	0.26962256	False
410	3.19716638192336	0.9766469920264305	0.305472682794474	TEX50	0.26962256	False
411	3.19716638192336	0.9766469920264305	0.305472682794474	KLHL20	0.26962256	False
412	3.19716638192336	0.9766469920264305	0.305472682794474	CENPL	0.26962256	False
413	3.19716638192336	0.9766469920264305	0.305472682794474	DARS2	0.26962256	False
414	3.19716638192336	0.9766469920264305	0.305472682794474	GAS5-AS1	0.26962256	False
415	3.19716638192336	0.9766469920264305	0.305472682794474	GAS5	0.26962256	False
416	3.0245428641260395	0.741500098836147	0.24516104818055143	ZBTB37	0.2696209	False
417	3.0245428641260395	0.741500098836147	0.24516104818055143	SERPINC1	0.2696209	False
418	3.0245428641260395	0.741500098836147	0.24516104818055143	RC3H1	0.2696209	False
419	3.447268817016403	1.6080791350826567	0.46647918118391546	RGS18	0.2696275	False
420	3.447268817016403	1.6080791350826567	0.46647918118391546	RGS21	0.2696275	False
421	3.447268817016403	1.6080791350826567	0.46647918118391546	RGS1	0.2696275	False
422	3.447268817016403	1.6080791350826567	0.46647918118391546	RGS13	0.2696275	False
423	3.447268817016403	1.6080791350826567	0.46647918118391546	RGS2	0.2696275	False
424	3.3587214134439374	1.3483228334066841	0.401439317952885	LINC01032	0.2696253	False
425	3.3587214134439374	1.3483228334066841	0.401439317952885	UCHL5	0.2696253	False
426	3.3587214134439374	1.3483228334066841	0.401439317952885	TROVE2	0.2696253	False
427	3.3587214134439374	1.3483228334066841	0.401439317952885	GLRX2	0.2696253	False
428	3.5033566556630764	1.6139895201594092	0.460698032999421	CDC73	0.26962763	False
429	3.5033566556630764	1.6139895201594092	0.460698032999421	MIR1278	0.26962763	False
430	3.5033566556630764	1.6139895201594092	0.460698032999421	B3GALT2	0.26962763	False
431	3.5033566556630764	1.6139895201594092	0.460698032999421	LINC01031	0.26962763	False
432	3.3881094865792396	1.466585876849679	0.43286259864358695	KCNT2	0.26962563	False
433	3.3881094865792396	1.466585876849679	0.43286259864358695	MIR4735	0.26962563	False
434	3.3881094865792396	1.466585876849679	0.43286259864358695	CFH	0.26962563	False
435	3.3881094865792396	1.466585876849679	0.43286259864358695	CFHR3	0.26962563	False
436	3.3808384720041635	1.40098778371088	0.41439062981331176	CFHR2	0.26962537	False
437	3.3881094865792396	1.466585876849679	0.43286259864358695	CFHR1	0.26962563	False
438	3.3808384720041635	1.40098778371088	0.41439062981331176	CFHR4	0.26962537	False
439	3.3808384720041635	1.40098778371088	0.41439062981331176	CFHR5	0.26962537	False
440	3.3808384720041635	1.40098778371088	0.41439062981331176	F13B	0.26962537	False
441	3.3808384720041635	1.40098778371088	0.41439062981331176	ASPM	0.26962537	False
442	3.6373590196499292	1.9884354792426429	0.5466701165600134	ZBTB41	0.26963028	False
443	3.6373590196499292	1.9884354792426429	0.5466701165600134	CRB1	0.26963028	False
444	3.6373590196499292	1.9884354792426429	0.5466701165600134	DENND1B	0.26963028	False
445	3.467401832992967	1.5302267560984326	0.44131797518765875	C1orf53	0.26962674	False
446	3.467401832992967	1.5302267560984326	0.44131797518765875	LHX9	0.26962674	False
447	3.5678567612172265	1.7980879374963865	0.5039686449976604	NEK7	0.2696287	False
448	3.5678567612172265	1.7980879374963865	0.5039686449976604	ATP6V1G3	0.2696287	False
449	3.5678567612172265	1.7980879374963865	0.5039686449976604	PTPRC	0.2696287	False
450	3.29486520300477	1.2048080836485346	0.3656623289322439	MIR181A1HG	0.26962405	False
451	3.5678567612172265	1.7980879374963865	0.5039686449976604	MIR181B1	0.2696287	False
452	3.5678567612172265	1.7980879374963865	0.5039686449976604	MIR181A1	0.2696287	False
453	3.29486520300477	1.2048080836485346	0.3656623289322439	LINC01222	0.26962405	False
454	3.29486520300477	1.2048080836485346	0.3656623289322439	LINC01221	0.26962405	False
455	3.102251077049471	0.9427359969829231	0.30388771687672445	FBXO28	0.26962173	False
456	3.102251077049471	0.9427359969829231	0.30388771687672445	DEGS1	0.26962173	False
457	3.102251077049471	0.9427359969829231	0.30388771687672445	LOC101927143	0.26962173	False
458	3.102251077049471	0.9427359969829231	0.30388771687672445	LOC101927164	0.26962173	False
459	3.102251077049471	0.9427359969829231	0.30388771687672445	NVL	0.26962173	False
460	3.102251077049471	0.9427359969829231	0.30388771687672445	MIR320B2	0.26962173	False
461	3.102251077049471	0.9427359969829231	0.30388771687672445	CNIH4	0.26962173	False
462	3.102251077049471	0.9427359969829231	0.30388771687672445	WDR26	0.26962173	False
463	3.102251077049471	0.9427359969829231	0.30388771687672445	MIR4742	0.26962173	False
464	3.102251077049471	0.9427359969829231	0.30388771687672445	CNIH3	0.26962173	False
465	3.030406242395039	0.7943851528597672	0.2621381720201104	DNAH14	0.26962098	False
466	3.030406242395039	0.7943851528597672	0.2621381720201104	LBR	0.26962098	False
467	3.030406242395039	0.7943851528597672	0.2621381720201104	ENAH	0.26962098	False
468	3.030406242395039	0.7943851528597672	0.2621381720201104	SRP9	0.26962098	False
469	3.030406242395039	0.7943851528597672	0.2621381720201104	EPHX1	0.26962098	False
470	3.030406242395039	0.7943851528597672	0.2621381720201104	TMEM63A	0.26962098	False
471	3.030406242395039	0.7943851528597672	0.2621381720201104	LEFTY1	0.26962093	False
472	3.030406242395039	0.7943851528597672	0.2621381720201104	PYCR2	0.26962093	False
473	3.030406242395039	0.7943851528597672	0.2621381720201104	MIR6741	0.26962093	False
474	3.030406242395039	0.7943851528597672	0.2621381720201104	LEFTY2	0.26962093	False
475	3.030406242395039	0.7943851528597672	0.2621381720201104	SDE2	0.26962093	False
476	3.030406242395039	0.7943851528597672	0.2621381720201104	H3F3AP4	0.26962093	False
477	3.030406242395039	0.7943851528597672	0.2621381720201104	H3F3A	0.26962098	False
478	3.030406242395039	0.7943851528597672	0.2621381720201104	ACBD3	0.26962098	False
479	3.030406242395039	0.7943851528597672	0.2621381720201104	MIXL1	0.26962098	False
480	3.030406242395039	0.7943851528597672	0.2621381720201104	LIN9	0.26962098	False
481	3.030406242395039	0.7943851528597672	0.2621381720201104	PARP1	0.26962098	False
482	3.030406242395039	0.7943851528597672	0.2621381720201104	STUM	0.26962098	False
483	3.030406242395039	0.7943851528597672	0.2621381720201104	ITPKB	0.26962093	False
484	3.030406242395039	0.7943851528597672	0.2621381720201104	ITPKB-IT1	0.26962093	False
485	3.030406242395039	0.7943851528597672	0.2621381720201104	PSEN2	0.26962093	False
486	3.030406242395039	0.7943851528597672	0.2621381720201104	COQ8A	0.26962093	False
487	3.030406242395039	0.7943851528597672	0.2621381720201104	CDC42BPA	0.26962093	False
488	3.0766220502727735	0.9068901382412059	0.2947681331741092	ZNF678	0.2696216	False
489	3.0766220502727735	0.9068901382412059	0.2947681331741092	SNAP47	0.2696216	False
490	3.0766220502727735	0.9068901382412059	0.2947681331741092	JMJD4	0.2696216	False
491	3.0766220502727735	0.9068901382412059	0.2947681331741092	PRSS38	0.2696216	False
492	3.0766220502727735	0.9068901382412059	0.2947681331741092	WNT9A	0.2696216	False
493	3.0766220502727735	0.9068901382412059	0.2947681331741092	MIR5008	0.2696216	False
494	3.0766220502727735	0.9068901382412059	0.2947681331741092	WNT3A	0.2696216	False
495	3.0766220502727735	0.9068901382412059	0.2947681331741092	ARF1	0.2696216	False
496	3.0766220502727735	0.9068901382412059	0.2947681331741092	MIR3620	0.2696216	False
497	3.0815781477189663	0.8913623613391453	0.2892551538889079	MIR4671	0.26962164	False
498	3.0815781477189663	0.8913623613391453	0.2892551538889079	COA6-AS1	0.26962164	False
499	3.0815781477189663	0.8913623613391453	0.2892551538889079	COA6	0.26962164	False
500	3.0815781477189663	0.8913623613391453	0.2892551538889079	TARBP1	0.26962164	False
501	3.0815781477189663	0.8913623613391453	0.2892551538889079	LINC01354	0.26962164	False
502	3.0815781477189663	0.8913623613391453	0.2892551538889079	IRF2BP2	0.26962164	False
503	3.0815781477189663	0.8913623613391453	0.2892551538889079	LINC00184	0.26962164	False
504	3.0815781477189663	0.8913623613391453	0.2892551538889079	LOC101927787	0.26962164	False
505	3.0815781477189663	0.8913623613391453	0.2892551538889079	LINC01132	0.26962164	False
506	3.0910125811348537	0.8377243883118534	0.2710194042640506	TOMM20	0.26962125	False
507	3.0910125811348537	0.8377243883118534	0.2710194042640506	SNORA14B	0.26962125	False
508	3.0910125811348537	0.8377243883118534	0.2710194042640506	RBM34	0.26962125	False
509	3.0910125811348537	0.8377243883118534	0.2710194042640506	ARID4B	0.26962125	False
510	3.0910125811348537	0.8377243883118534	0.2710194042640506	MIR4753	0.26962125	False
511	3.0910125811348537	0.8377243883118534	0.2710194042640506	GGPS1	0.26962125	False
512	3.0910125811348537	0.8377243883118534	0.2710194042640506	TBCE	0.26962125	False
513	3.0910125811348537	0.8377243883118534	0.2710194042640506	B3GALNT2	0.26962125	False
514	3.0910125811348537	0.8377243883118534	0.2710194042640506	GNG4	0.26962125	False
515	3.0910125811348537	0.8377243883118534	0.2710194042640506	LYST	0.26962125	False
516	3.0910125811348537	0.8377243883118534	0.2710194042640506	MIR1537	0.26962125	False
517	3.0132035188914084	0.7074208973112353	0.23477368617022704	B3GNT2	0.26962107	False
518	3.0132035188914084	0.7074208973112353	0.23477368617022704	MIR5192	0.26962107	False
519	3.0132035188914084	0.7074208973112353	0.23477368617022704	TMEM17	0.26962107	False
520	2.9670852089432076	0.6067727038695773	0.2045012735194392	EHBP1	0.26962027	False
521	2.9670852089432076	0.6067727038695773	0.2045012735194392	LOC100132215	0.26962027	False
522	2.9670852089432076	0.6067727038695773	0.2045012735194392	OTX1	0.26962027	False
523	3.07092134565227	0.7315000849198116	0.23820215583035045	WDPCP	0.269621	False
524	3.07092134565227	0.7315000849198116	0.23820215583035045	MDH1	0.269621	False
525	3.07092134565227	0.7315000849198116	0.23820215583035045	UGP2	0.269621	False
526	2.997394414831878	0.6562873756184959	0.21895262511033492	VPS54	0.2696204	False
527	2.997394414831878	0.6562873756184959	0.21895262511033492	PELI1	0.2696204	False
528	3.0715934549780095	0.8267557010372837	0.26916182533772287	LOC100507006	0.26962146	False
529	3.0715934549780095	0.8267557010372837	0.26916182533772287	LINC00309	0.26962146	False
530	3.0715934549780095	0.8267557010372837	0.26916182533772287	MIR4433B	0.26962146	False
531	3.0715934549780095	0.8267557010372837	0.26916182533772287	LGALSL	0.26962146	False
532	3.0715934549780095	0.8267557010372837	0.26916182533772287	AFTPH	0.26962146	False
533	3.0715934549780095	0.8267557010372837	0.26916182533772287	LINC02579	0.26962146	False
534	3.0715934549780095	0.8267557010372837	0.26916182533772287	SERTAD2	0.26962146	False
535	3.0715934549780095	0.8267557010372837	0.26916182533772287	LINC01800	0.26962146	False
536	3.024505309852116	0.7814120765495298	0.25836029250936815	MIR3126	0.26962116	False
537	3.024505309852116	0.7814120765495298	0.25836029250936815	GFPT1	0.26962116	False
538	3.024505309852116	0.7814120765495298	0.25836029250936815	NFU1	0.26962116	False
539	3.024505309852116	0.7814120765495298	0.25836029250936815	AAK1	0.26962116	False
540	3.024505309852116	0.7814120765495298	0.25836029250936815	SNORA36C	0.26962116	False
541	3.024505309852116	0.7814120765495298	0.25836029250936815	ANXA4	0.26962116	False
542	3.024505309852116	0.7814120765495298	0.25836029250936815	GMCL1	0.26962116	False
543	3.289635232273559	1.1745759297921559	0.3570535475388782	MIR3129	0.26962394	False
544	3.289635232273559	1.1745759297921559	0.3570535475388782	WDR75	0.26962394	False
545	3.289635232273559	1.1745759297921559	0.3570535475388782	SLC40A1	0.26962394	False
546	3.289635232273559	1.1745759297921559	0.3570535475388782	ASNSD1	0.26962394	False
547	3.289635232273559	1.1745759297921559	0.3570535475388782	ANKAR	0.26962394	False
548	3.289635232273559	1.1745759297921559	0.3570535475388782	OSGEPL1	0.26962394	False
549	3.289635232273559	1.1745759297921559	0.3570535475388782	OSGEPL1-AS1	0.26962394	False
550	3.289635232273559	1.1745759297921559	0.3570535475388782	ORMDL1	0.26962394	False
551	3.289635232273559	1.1745759297921559	0.3570535475388782	PMS1	0.26962394	False
552	3.2474933359856717	1.0088214592838294	0.3106461984401992	C2orf88	0.2696229	False
553	3.2474933359856717	1.0088214592838294	0.3106461984401992	MSTN	0.2696229	False
554	3.375065166159235	1.2222937796937692	0.3621541272593317	HIBCH	0.2696245	False
555	3.375065166159235	1.2222937796937692	0.3621541272593317	INPP1	0.2696245	False
556	3.375065166159235	1.2222937796937692	0.3621541272593317	MFSD6	0.2696245	False
557	3.375065166159235	1.2222937796937692	0.3621541272593317	NEMP2	0.2696245	False
558	3.375065166159235	1.2222937796937692	0.3621541272593317	NAB1	0.2696245	False
559	3.285713647784527	1.0795719407395947	0.32856543706038494	GLS	0.26962352	False
560	3.285713647784527	1.0795719407395947	0.32856543706038494	STAT1	0.26962352	False
561	3.285713647784527	1.0795719407395947	0.32856543706038494	STAT4	0.26962352	False
562	3.3482875033171418	1.2903296278273468	0.38537002170483264	MYO1B	0.26962483	False
563	3.3482875033171418	1.2903296278273468	0.38537002170483264	NABP1	0.26962483	False
564	3.3482875033171418	1.2903296278273468	0.38537002170483264	CAVIN2	0.26962483	False
565	3.3052530792295705	1.0984750012559583	0.33234217620394885	STK17B	0.26962376	False
566	3.3052530792295705	1.0984750012559583	0.33234217620394885	HECW2	0.26962376	False
567	3.3052530792295705	1.0984750012559583	0.33234217620394885	HECW2-AS1	0.26962376	False
568	3.3052530792295705	1.0984750012559583	0.33234217620394885	CCDC150	0.26962376	False
569	3.3052530792295705	1.0984750012559583	0.33234217620394885	GTF3C3	0.26962376	False
570	3.3052530792295705	1.0984750012559583	0.33234217620394885	C2orf66	0.26962376	False
571	3.283226316671916	1.0828925271718388	0.3298257332042607	ANKRD44-IT1	0.2696236	False
572	3.283226316671916	1.0828925271718388	0.3298257332042607	SF3B1	0.2696236	False
573	3.283226316671916	1.0828925271718388	0.3298257332042607	COQ10B	0.2696236	False
574	3.283226316671916	1.0828925271718388	0.3298257332042607	HSPD1	0.2696236	False
575	3.283226316671916	1.0828925271718388	0.3298257332042607	HSPE1	0.2696236	False
576	3.283226316671916	1.0828925271718388	0.3298257332042607	HSPE1-MOB4	0.2696236	False
577	3.283226316671916	1.0828925271718388	0.3298257332042607	MOB4	0.2696236	False
578	3.283226316671916	1.0828925271718388	0.3298257332042607	RFTN2	0.2696236	False
579	3.283226316671916	1.0828925271718388	0.3298257332042607	MARS2	0.2696236	False
580	3.283226316671916	1.0828925271718388	0.3298257332042607	BOLL	0.2696236	False
581	2.806264326837648	0.3747188931932876	0.133529436129616	ARIH2OS	0.2696189	False
582	2.806264326837648	0.3747188931932876	0.133529436129616	ARIH2	0.2696189	False
583	2.806264326837648	0.3747188931932876	0.133529436129616	P4HTM	0.2696189	False
584	2.806264326837648	0.3747188931932876	0.133529436129616	WDR6	0.2696189	False
585	2.806264326837648	0.3747188931932876	0.133529436129616	DALRD3	0.2696189	False
586	2.806264326837648	0.3747188931932876	0.133529436129616	MIR425	0.2696189	False
587	2.806264326837648	0.3747188931932876	0.133529436129616	NDUFAF3	0.2696189	False
588	2.806264326837648	0.3747188931932876	0.133529436129616	MIR191	0.2696189	False
589	2.806264326837648	0.3747188931932876	0.133529436129616	IMPDH2	0.2696189	False
590	2.806264326837648	0.3747188931932876	0.133529436129616	QRICH1	0.2696189	False
591	2.806264326837648	0.3747188931932876	0.133529436129616	QARS	0.2696189	False
592	2.806264326837648	0.3747188931932876	0.133529436129616	MIR6890	0.2696189	False
593	2.89152141199689	0.4565925940954338	0.15790738820090913	USP19	0.2696195	False
594	2.89152141199689	0.4565925940954338	0.15790738820090913	LAMB2	0.2696195	False
595	2.89152141199689	0.4565925940954338	0.15790738820090913	CCDC71	0.2696195	False
596	2.89152141199689	0.4565925940954338	0.15790738820090913	KLHDC8B	0.2696195	False
597	2.89152141199689	0.4565925940954338	0.15790738820090913	C3orf84	0.2696195	False
598	2.89152141199689	0.4565925940954338	0.15790738820090913	CCDC36	0.2696195	False
599	2.89152141199689	0.4565925940954338	0.15790738820090913	C3orf62	0.2696195	False
600	2.89152141199689	0.4565925940954338	0.15790738820090913	MIR4271	0.2696195	False
601	2.89152141199689	0.4565925940954338	0.15790738820090913	USP4	0.2696195	False
602	2.89152141199689	0.4565925940954338	0.15790738820090913	GPX1	0.2696195	False
603	2.89152141199689	0.4565925940954338	0.15790738820090913	RHOA	0.2696195	False
604	2.89152141199689	0.4565925940954338	0.15790738820090913	TCTA	0.2696195	False
605	2.89152141199689	0.4565925940954338	0.15790738820090913	AMT	0.2696195	False
606	2.89152141199689	0.4565925940954338	0.15790738820090913	NICN1	0.2696195	False
607	2.89152141199689	0.4565925940954338	0.15790738820090913	DAG1	0.2696195	False
608	2.89152141199689	0.4565925940954338	0.15790738820090913	BSN-DT	0.2696195	False
609	2.89152141199689	0.4565925940954338	0.15790738820090913	BSN	0.2696195	False
610	2.89152141199689	0.4565925940954338	0.15790738820090913	APEH	0.2696195	False
611	2.89152141199689	0.4565925940954338	0.15790738820090913	MST1	0.2696195	False
612	2.89152141199689	0.4565925940954338	0.15790738820090913	RNF123	0.2696195	False
613	2.89152141199689	0.4565925940954338	0.15790738820090913	AMIGO3	0.2696195	False
614	2.89152141199689	0.4565925940954338	0.15790738820090913	GMPPB	0.2696195	False
615	2.89152141199689	0.4565925940954338	0.15790738820090913	IP6K1	0.2696195	False
616	2.89152141199689	0.4565925940954338	0.15790738820090913	CDHR4	0.2696195	False
617	2.89152141199689	0.4565925940954338	0.15790738820090913	INKA1	0.2696195	False
618	2.89152141199689	0.4565925940954338	0.15790738820090913	UBA7	0.2696195	False
619	2.89152141199689	0.4565925940954338	0.15790738820090913	MIR5193	0.2696195	False
620	2.89152141199689	0.4565925940954338	0.15790738820090913	TRAIP	0.2696195	False
621	2.89152141199689	0.4565925940954338	0.15790738820090913	CAMKV	0.2696195	False
622	2.8497162231292856	0.39233707598706685	0.1376758404232404	MST1R	0.26961905	False
623	2.8497162231292856	0.39233707598706685	0.1376758404232404	MON1A	0.26961905	False
624	2.8497162231292856	0.39233707598706685	0.1376758404232404	RBM6	0.26961905	False
625	2.8497162231292856	0.39233707598706685	0.1376758404232404	RBM5	0.26961905	False
626	2.8497162231292856	0.39233707598706685	0.1376758404232404	RBM5-AS1	0.26961905	False
627	2.918232188956433	0.4771759553557837	0.16351541771130385	SEMA3F-AS1	0.2696195	False
628	2.918232188956433	0.4771759553557837	0.16351541771130385	SEMA3F	0.2696195	False
629	2.918232188956433	0.4771759553557837	0.16351541771130385	GNAT1	0.2696195	False
630	2.918232188956433	0.4771759553557837	0.16351541771130385	SLC38A3	0.2696195	False
631	2.918232188956433	0.4771759553557837	0.16351541771130385	GNAI2	0.2696195	False
632	2.918232188956433	0.4771759553557837	0.16351541771130385	MIR5787	0.2696195	False
633	2.918232188956433	0.4771759553557837	0.16351541771130385	SEMA3B-AS1	0.2696195	False
634	2.918232188956433	0.4771759553557837	0.16351541771130385	SEMA3B	0.2696195	False
635	2.918232188956433	0.4771759553557837	0.16351541771130385	MIR6872	0.2696195	False
636	2.918232188956433	0.4771759553557837	0.16351541771130385	LSMEM2	0.2696195	False
637	2.918232188956433	0.4771759553557837	0.16351541771130385	IFRD2	0.2696195	False
638	2.918232188956433	0.4771759553557837	0.16351541771130385	HYAL3	0.2696195	False
639	2.918232188956433	0.4771759553557837	0.16351541771130385	NAA80	0.2696195	False
640	2.918232188956433	0.4771759553557837	0.16351541771130385	HYAL1	0.2696195	False
641	2.918232188956433	0.4771759553557837	0.16351541771130385	HYAL2	0.2696195	False
642	2.918232188956433	0.4771759553557837	0.16351541771130385	TUSC2	0.2696195	False
643	2.918232188956433	0.4771759553557837	0.16351541771130385	RASSF1	0.2696195	False
644	2.918232188956433	0.4771759553557837	0.16351541771130385	RASSF1-AS1	0.2696195	False
645	2.918232188956433	0.4771759553557837	0.16351541771130385	ZMYND10	0.2696195	False
646	2.918232188956433	0.4771759553557837	0.16351541771130385	NPRL2	0.2696195	False
647	2.918232188956433	0.4771759553557837	0.16351541771130385	CYB561D2	0.2696195	False
648	2.918232188956433	0.4771759553557837	0.16351541771130385	TMEM115	0.2696195	False
649	2.918232188956433	0.4771759553557837	0.16351541771130385	CACNA2D2	0.2696195	False
650	2.918232188956433	0.4771759553557837	0.16351541771130385	C3orf18	0.2696195	False
651	2.918232188956433	0.4771759553557837	0.16351541771130385	HEMK1	0.2696195	False
652	2.918232188956433	0.4771759553557837	0.16351541771130385	CISH	0.2696195	False
653	2.918232188956433	0.4771759553557837	0.16351541771130385	MAPKAPK3	0.2696195	False
654	2.918232188956433	0.4771759553557837	0.16351541771130385	MIR4787	0.2696195	False
655	2.84068372619724	0.39581477007323207	0.1393378525116911	DOCK3	0.26961902	False
656	2.8485146141741087	0.44682234516806063	0.15686152458010513	MANF	0.26961935	False
657	2.8485146141741087	0.44682234516806063	0.15686152458010513	RBM15B	0.26961935	False
658	2.8485146141741087	0.44682234516806063	0.15686152458010513	DCAF1	0.26961935	False
659	2.8485146141741087	0.44682234516806063	0.15686152458010513	RAD54L2	0.26961935	False
660	2.8485146141741087	0.44682234516806063	0.15686152458010513	TEX264	0.26961935	False
661	2.8485146141741087	0.44682234516806063	0.15686152458010513	GRM2	0.26961935	False
662	2.8485146141741087	0.44682234516806063	0.15686152458010513	IQCF6	0.26961935	False
663	2.8485146141741087	0.44682234516806063	0.15686152458010513	IQCF3	0.26961935	False
664	2.8485146141741087	0.44682234516806063	0.15686152458010513	IQCF2	0.26961935	False
665	2.8485146141741087	0.44682234516806063	0.15686152458010513	IQCF5-AS1	0.26961935	False
666	2.8485146141741087	0.44682234516806063	0.15686152458010513	IQCF5	0.26961935	False
667	3.0892567101735118	0.7773019989886003	0.2516145700772605	CD200R1	0.2696214	False
668	3.0892567101735118	0.7773019989886003	0.2516145700772605	GTPBP8	0.2696214	False
669	3.0892567101735118	0.7773019989886003	0.2516145700772605	NEPRO	0.2696214	False
670	3.1580781112186482	0.8837239643809597	0.2798296727499073	LINC02044	0.26962215	False
671	3.1580781112186482	0.8837239643809597	0.2798296727499073	BOC	0.26962215	False
672	3.1580781112186482	0.8837239643809597	0.2798296727499073	CFAP44	0.26962215	False
673	3.1580781112186482	0.8837239643809597	0.2798296727499073	CFAP44-AS1	0.26962215	False
674	3.1580781112186482	0.8837239643809597	0.2798296727499073	MIR8076	0.26962215	False
675	3.1580781112186482	0.8837239643809597	0.2798296727499073	SPICE1	0.26962215	False
676	3.1580781112186482	0.8837239643809597	0.2798296727499073	SIDT1	0.26962215	False
677	3.1580781112186482	0.8837239643809597	0.2798296727499073	MIR4446	0.26962215	False
678	3.1580781112186482	0.8837239643809597	0.2798296727499073	USF3	0.26962215	False
679	3.1580781112186482	0.8837239643809597	0.2798296727499073	NAA50	0.26962215	False
680	3.1580781112186482	0.8837239643809597	0.2798296727499073	ATP6V1A	0.26962215	False
681	3.101561729586942	0.8759933647942605	0.2824362179987702	HNRNPD	0.26962203	False
682	3.101561729586942	0.8759933647942605	0.2824362179987702	HNRNPDL	0.26962203	False
683	3.101561729586942	0.8759933647942605	0.2824362179987702	ENOPH1	0.26962203	False
684	3.101561729586942	0.8759933647942605	0.2824362179987702	TMEM150C	0.26962203	False
685	3.101561729586942	0.8759933647942605	0.2824362179987702	LINC00575	0.26962203	False
686	3.101561729586942	0.8759933647942605	0.2824362179987702	SCD5	0.26962203	False
687	3.101561729586942	0.8759933647942605	0.2824362179987702	MIR575	0.26962203	False
688	3.063389427977866	0.8056650670380522	0.26299792630996616	DNAJB14	0.2696214	False
689	3.063389427977866	0.8056650670380522	0.26299792630996616	H2AFZ	0.2696214	False
690	3.063389427977866	0.8056650670380522	0.26299792630996616	LOC256880	0.2696214	False
691	3.07690362809296	0.8233867622359399	0.26760238920653756	PPP3CA	0.26962146	False
692	3.1906220807856176	1.0390592349171555	0.3256603911740343	MIR8066	0.2696229	False
693	3.1906220807856176	1.0390592349171555	0.3256603911740343	MIR1255A	0.2696229	False
694	3.1906220807856176	1.0390592349171555	0.3256603911740343	FLJ20021	0.2696229	False
695	3.12969146400094	0.9190785378415559	0.2936642632071542	BANK1	0.269622	False
696	3.262767511417353	1.1920152464480318	0.36533870166257043	SLC39A8	0.2696238	False
697	3.262767511417353	1.1920152464480318	0.36533870166257043	NFKB1	0.2696238	False
698	3.262767511417353	1.1920152464480318	0.36533870166257043	MANBA	0.2696238	False
699	3.262767511417353	1.1920152464480318	0.36533870166257043	UBE2D3	0.2696238	False
700	3.262767511417353	1.1920152464480318	0.36533870166257043	LOC105377348	0.2696238	False
701	3.262767511417353	1.1920152464480318	0.36533870166257043	CISD2	0.2696238	False
702	3.1411946876727206	0.8966102219936758	0.2854360557504843	C6	0.26962233	False
703	3.1411946876727206	0.8966102219936758	0.2854360557504843	PLCXD3	0.26962233	False
704	3.1411946876727206	0.8966102219936758	0.2854360557504843	OXCT1	0.26962233	False
705	3.1411946876727206	0.8966102219936758	0.2854360557504843	OXCT1-AS1	0.26962233	False
706	3.08149616425875	0.7893629554969406	0.25616223854259473	C5orf51	0.2696215	False
707	3.08149616425875	0.7893629554969406	0.25616223854259473	FBXO4	0.2696215	False
708	3.1242097902669586	0.9321617739361155	0.2983672149162761	GHR	0.26962215	False
709	3.1242097902669586	0.9321617739361155	0.2983672149162761	CCDC152	0.26962215	False
710	3.1242097902669586	0.9321617739361155	0.2983672149162761	SELENOP	0.26962215	False
711	3.07818736819061	0.8804414026280363	0.2860259293265727	LOC648987	0.26962203	False
712	3.07818736819061	0.8804414026280363	0.2860259293265727	ANXA2R	0.26962203	False
713	3.07818736819061	0.8804414026280363	0.2860259293265727	LOC153684	0.26962203	False
714	3.07818736819061	0.8804414026280363	0.2860259293265727	LOC100506639	0.26962203	False
715	3.175069695023605	1.0933448257483034	0.34435301608085644	ZNF131	0.2696233	False
716	3.175069695023605	1.0933448257483034	0.34435301608085644	NIM1K	0.2696233	False
717	3.175069695023605	1.0933448257483034	0.34435301608085644	HMGCS1	0.2696233	False
718	3.175069695023605	1.0933448257483034	0.34435301608085644	CCL28	0.2696233	False
719	3.175069695023605	1.0933448257483034	0.34435301608085644	TMEM267	0.2696233	False
720	3.175069695023605	1.0933448257483034	0.34435301608085644	C5orf34	0.2696233	False
721	3.175069695023605	1.0933448257483034	0.34435301608085644	PAIP1	0.2696233	False
722	3.175069695023605	1.0933448257483034	0.34435301608085644	NNT-AS1	0.2696233	False
723	3.175069695023605	1.0933448257483034	0.34435301608085644	NNT	0.2696233	False
724	3.221782428007312	1.095138795253292	0.3399170551472157	FAM81B	0.26962265	False
725	3.221782428007312	1.095138795253292	0.3399170551472157	TTC37	0.26962265	False
726	3.221782428007312	1.095138795253292	0.3399170551472157	ARSK	0.26962265	False
727	3.221782428007312	1.095138795253292	0.3399170551472157	GPR150	0.26962265	False
728	3.221782428007312	1.095138795253292	0.3399170551472157	RFESD	0.26962265	False
729	3.221782428007312	1.095138795253292	0.3399170551472157	SPATA9	0.26962265	False
730	3.221782428007312	1.095138795253292	0.3399170551472157	RHOBTB3	0.26962265	False
731	3.221782428007312	1.095138795253292	0.3399170551472157	GLRX	0.26962265	False
732	3.221782428007312	1.095138795253292	0.3399170551472157	LINC01554	0.26962265	False
733	3.112095659622108	0.9014068349115663	0.2896462491840695	ELL2	0.26962164	False
734	3.112095659622108	0.9014068349115663	0.2896462491840695	LOC101929710	0.26962164	False
735	3.112095659622108	0.9014068349115663	0.2896462491840695	MIR583	0.26962164	False
736	3.206916178548855	1.0558487859252559	0.3292411547853529	PCSK1	0.26962292	False
737	3.206916178548855	1.0558487859252559	0.3292411547853529	CAST	0.26962292	False
738	3.206916178548855	1.0558487859252559	0.3292411547853529	ERAP1	0.26962292	False
739	3.1809543101465505	1.0638390403819535	0.33444021405417207	HINT1	0.26962256	False
740	3.1809543101465505	1.0638390403819535	0.33444021405417207	LYRM7	0.26962256	False
741	3.1809543101465505	1.0638390403819535	0.33444021405417207	CDC42SE2	0.26962256	False
742	3.1809543101465505	1.0638390403819535	0.33444021405417207	RAPGEF6	0.26962256	False
743	3.1809543101465505	1.0638390403819535	0.33444021405417207	FNIP1	0.26962256	False
744	3.0677849940255237	0.8055570886048053	0.26258590161097295	MEIKIN	0.2696213	False
745	3.0677849940255237	0.8055570886048053	0.26258590161097295	ACSL6	0.2696213	False
746	3.0677849940255237	0.8055570886048053	0.26258590161097295	IL3	0.2696213	False
747	3.0677849940255237	0.8055570886048053	0.26258590161097295	CSF2	0.2696213	False
748	3.1227239785067833	0.8731674446389354	0.2796172350322376	P4HA2-AS1	0.26962182	False
749	3.1227239785067833	0.8731674446389354	0.2796172350322376	P4HA2	0.26962182	False
750	3.1227239785067833	0.8731674446389354	0.2796172350322376	PDLIM4	0.26962182	False
751	3.1227239785067833	0.8731674446389354	0.2796172350322376	SLC22A4	0.26962182	False
752	3.1227239785067833	0.8731674446389354	0.2796172350322376	MIR3936HG	0.26962182	False
753	3.1227239785067833	0.8731674446389354	0.2796172350322376	MIR3936	0.26962182	False
754	3.1227239785067833	0.8731674446389354	0.2796172350322376	SLC22A5	0.26962182	False
755	3.1227239785067833	0.8731674446389354	0.2796172350322376	C5orf56	0.26962182	False
756	3.1227239785067833	0.8731674446389354	0.2796172350322376	IRF1	0.26962182	False
757	3.1227239785067833	0.8731674446389354	0.2796172350322376	IL5	0.26962182	False
758	3.1227239785067833	0.8731674446389354	0.2796172350322376	RAD50	0.26962182	False
759	3.1227239785067833	0.8731674446389354	0.2796172350322376	TH2LCRR	0.26962182	False
760	3.1227239785067833	0.8731674446389354	0.2796172350322376	IL13	0.26962182	False
761	3.1227239785067833	0.8731674446389354	0.2796172350322376	IL4	0.26962182	False
762	3.1227239785067833	0.8731674446389354	0.2796172350322376	KIF3A	0.26962182	False
763	3.1227239785067833	0.8731674446389354	0.2796172350322376	CCNI2	0.26962182	False
764	3.1227239785067833	0.8731674446389354	0.2796172350322376	SEPT8	0.26962182	False
765	3.1227239785067833	0.8731674446389354	0.2796172350322376	SOWAHA	0.26962182	False
766	3.1227239785067833	0.8731674446389354	0.2796172350322376	SHROOM1	0.26962182	False
767	3.1227239785067833	0.8731674446389354	0.2796172350322376	GDF9	0.26962182	False
768	3.1227239785067833	0.8731674446389354	0.2796172350322376	UQCRQ	0.26962182	False
769	3.1227239785067833	0.8731674446389354	0.2796172350322376	LEAP2	0.26962182	False
770	2.952213499259787	0.6680423805139327	0.2262852536516861	NME5	0.26962036	False
771	2.952213499259787	0.6680423805139327	0.2262852536516861	BRD8	0.26962036	False
772	2.952213499259787	0.6680423805139327	0.2262852536516861	KIF20A	0.26962036	False
773	2.952213499259787	0.6680423805139327	0.2262852536516861	CDC23	0.26962036	False
774	2.952213499259787	0.6680423805139327	0.2262852536516861	GFRA3	0.26962036	False
775	2.952213499259787	0.6680423805139327	0.2262852536516861	CDC25C	0.26962036	False
776	2.952213499259787	0.6680423805139327	0.2262852536516861	FAM53C	0.26962036	False
777	2.952213499259787	0.6680423805139327	0.2262852536516861	KDM3B	0.26962036	False
778	2.952213499259787	0.6680423805139327	0.2262852536516861	REEP2	0.26962036	False
779	2.952213499259787	0.6680423805139327	0.2262852536516861	EGR1	0.26962036	False
780	2.952213499259787	0.6680423805139327	0.2262852536516861	ETF1	0.26962036	False
781	2.952213499259787	0.6680423805139327	0.2262852536516861	HSPA9	0.26962036	False
782	2.952213499259787	0.6680423805139327	0.2262852536516861	SNORD63	0.26962036	False
783	2.9125087693444978	0.5474125209954993	0.18795223099661343	CTNNA1	0.2696199	False
784	2.952213499259787	0.6680423805139327	0.2262852536516861	LOC105379194	0.26962036	False
785	2.952213499259787	0.6680423805139327	0.2262852536516861	LRRTM2	0.26962036	False
786	2.9125087693444978	0.5474125209954993	0.18795223099661343	SIL1	0.2696199	False
787	3.0094487061966935	0.6375591982807226	0.21185248878571603	MATR3	0.26962036	False
788	3.0094487061966935	0.6375591982807226	0.21185248878571603	SNHG4	0.26962036	False
789	3.0094487061966935	0.6375591982807226	0.21185248878571603	SNORA74A	0.26962036	False
790	3.0094487061966935	0.6375591982807226	0.21185248878571603	PAIP2	0.26962036	False
791	3.0094487061966935	0.6375591982807226	0.21185248878571603	SLC23A1	0.26962036	False
792	3.0094487061966935	0.6375591982807226	0.21185248878571603	MZB1	0.26962036	False
793	3.0094487061966935	0.6375591982807226	0.21185248878571603	PROB1	0.26962036	False
794	3.0094487061966935	0.6375591982807226	0.21185248878571603	SPATA24	0.26962036	False
795	3.0094487061966935	0.6375591982807226	0.21185248878571603	DNAJC18	0.26962036	False
796	3.0094487061966935	0.6375591982807226	0.21185248878571603	ECSCR	0.26962036	False
797	3.0094487061966935	0.6375591982807226	0.21185248878571603	TMEM173	0.26962036	False
798	3.0094487061966935	0.6375591982807226	0.21185248878571603	UBE2D2	0.26962036	False
799	3.0094487061966935	0.6375591982807226	0.21185248878571603	CXXC5	0.26962036	False
800	3.0094487061966935	0.6375591982807226	0.21185248878571603	PSD2-AS1	0.26962036	False
801	3.0094487061966935	0.6375591982807226	0.21185248878571603	PSD2	0.26962036	False
802	2.945365656723194	0.5522411952391248	0.18749495295382423	NRG2	0.2696199	False
803	2.945365656723194	0.5522411952391248	0.18749495295382423	MALINC1	0.2696199	False
804	3.042154555415188	0.6403601396105345	0.2104955970993194	PURA	0.26962057	False
805	3.042154555415188	0.6403601396105345	0.2104955970993194	IGIP	0.26962057	False
806	3.042154555415188	0.6403601396105345	0.2104955970993194	LOC101929719	0.26962057	False
807	3.042154555415188	0.6403601396105345	0.2104955970993194	CYSTM1	0.26962057	False
808	3.042154555415188	0.6403601396105345	0.2104955970993194	PFDN1	0.26962057	False
809	3.042154555415188	0.6403601396105345	0.2104955970993194	HBEGF	0.26962057	False
810	3.042154555415188	0.6403601396105345	0.2104955970993194	SLC4A9	0.26962057	False
811	3.042154555415188	0.6403601396105345	0.2104955970993194	ANKHD1	0.26962057	False
812	3.042154555415188	0.6403601396105345	0.2104955970993194	ANKHD1-EIF4EBP3	0.26962057	False
813	3.042154555415188	0.6403601396105345	0.2104955970993194	SRA1	0.26962057	False
814	3.042154555415188	0.6403601396105345	0.2104955970993194	EIF4EBP3	0.26962057	False
815	3.042154555415188	0.6403601396105345	0.2104955970993194	APBB3	0.26962057	False
816	3.042154555415188	0.6403601396105345	0.2104955970993194	MIR6831	0.26962057	False
817	3.042154555415188	0.6403601396105345	0.2104955970993194	SLC35A4	0.26962057	False
818	3.042154555415188	0.6403601396105345	0.2104955970993194	CD14	0.26962057	False
819	3.042154555415188	0.6403601396105345	0.2104955970993194	NDUFA2	0.26962057	False
820	3.042154555415188	0.6403601396105345	0.2104955970993194	TMCO6	0.26962057	False
821	3.042154555415188	0.6403601396105345	0.2104955970993194	IK	0.26962057	False
822	3.042154555415188	0.6403601396105345	0.2104955970993194	MIR3655	0.26962057	False
823	3.042154555415188	0.6403601396105345	0.2104955970993194	WDR55	0.26962057	False
824	3.042154555415188	0.6403601396105345	0.2104955970993194	DND1	0.26962057	False
825	3.042154555415188	0.6403601396105345	0.2104955970993194	HARS	0.26962057	False
826	3.042154555415188	0.6403601396105345	0.2104955970993194	HARS2	0.26962057	False
827	3.042154555415188	0.6403601396105345	0.2104955970993194	ZMAT2	0.26962057	False
828	3.042154555415188	0.6403601396105345	0.2104955970993194	VTRNA1-1	0.26962057	False
829	3.042154555415188	0.6403601396105345	0.2104955970993194	VTRNA1-2	0.26962057	False
830	3.042154555415188	0.6403601396105345	0.2104955970993194	VTRNA1-3	0.26962057	False
831	2.9612880851710326	0.5558710441728216	0.18771258593731743	PCDHA1	0.26961994	False
832	2.9612880851710326	0.5558710441728216	0.18771258593731743	PCDHA2	0.26961994	False
833	2.9612880851710326	0.5558710441728216	0.18771258593731743	PCDHA3	0.26961994	False
834	2.9612880851710326	0.5558710441728216	0.18771258593731743	PCDHA4	0.26961994	False
835	2.9612880851710326	0.5558710441728216	0.18771258593731743	PCDHA5	0.26961994	False
836	2.9612880851710326	0.5558710441728216	0.18771258593731743	PCDHA6	0.26961994	False
837	2.9612880851710326	0.5558710441728216	0.18771258593731743	PCDHA7	0.26961994	False
838	2.9612880851710326	0.5558710441728216	0.18771258593731743	PCDHA8	0.26961994	False
839	2.9612880851710326	0.5558710441728216	0.18771258593731743	PCDHA9	0.26961994	False
840	2.9612880851710326	0.5558710441728216	0.18771258593731743	PCDHA10	0.26961994	False
841	2.9612880851710326	0.5558710441728216	0.18771258593731743	PCDHA11	0.26961994	False
842	2.9612880851710326	0.5558710441728216	0.18771258593731743	PCDHA12	0.26961994	False
843	2.9612880851710326	0.5558710441728216	0.18771258593731743	PCDHA13	0.26961994	False
844	2.9612880851710326	0.5558710441728216	0.18771258593731743	PCDHAC1	0.26961994	False
845	2.9612880851710326	0.5558710441728216	0.18771258593731743	PCDHAC2	0.26961994	False
846	2.9612880851710326	0.5558710441728216	0.18771258593731743	LOC101926905	0.26961994	False
847	2.9612880851710326	0.5558710441728216	0.18771258593731743	PCDHB1	0.26961994	False
848	2.9612880851710326	0.5558710441728216	0.18771258593731743	PCDHB2	0.26961994	False
849	2.9781676250554083	0.64224576996495	0.21565131679013572	PCDHB3	0.26962057	False
850	2.9781676250554083	0.64224576996495	0.21565131679013572	PCDHB4	0.26962057	False
851	2.9781676250554083	0.64224576996495	0.21565131679013572	PCDHB5	0.26962057	False
852	2.9781676250554083	0.64224576996495	0.21565131679013572	PCDHB6	0.26962057	False
853	2.9781676250554083	0.64224576996495	0.21565131679013572	PCDHB7	0.26962057	False
854	2.9781676250554083	0.64224576996495	0.21565131679013572	PCDHB8	0.26962057	False
855	2.9781676250554083	0.64224576996495	0.21565131679013572	PCDHB16	0.26962057	False
856	2.9781676250554083	0.64224576996495	0.21565131679013572	PCDHB9	0.26962057	False
857	2.9781676250554083	0.64224576996495	0.21565131679013572	PCDHB10	0.26962057	False
858	2.9781676250554083	0.64224576996495	0.21565131679013572	PCDHB11	0.26962057	False
859	2.9781676250554083	0.64224576996495	0.21565131679013572	PCDHB12	0.26962057	False
860	2.9781676250554083	0.64224576996495	0.21565131679013572	PCDHB13	0.26962057	False
861	2.9781676250554083	0.64224576996495	0.21565131679013572	PCDHB14	0.26962057	False
862	2.9781676250554083	0.64224576996495	0.21565131679013572	PCDHB15	0.26962057	False
863	2.9781676250554083	0.64224576996495	0.21565131679013572	SLC25A2	0.26962057	False
864	2.9781676250554083	0.64224576996495	0.21565131679013572	TAF7	0.26962057	False
865	2.9781676250554083	0.64224576996495	0.21565131679013572	PCDHGA1	0.26962057	False
866	2.9781676250554083	0.64224576996495	0.21565131679013572	PCDHGA2	0.26962057	False
867	2.9781676250554083	0.64224576996495	0.21565131679013572	PCDHGA3	0.26962057	False
868	2.9781676250554083	0.64224576996495	0.21565131679013572	PCDHGB1	0.26962057	False
869	2.9781676250554083	0.64224576996495	0.21565131679013572	PCDHGA4	0.26962057	False
870	2.9781676250554083	0.64224576996495	0.21565131679013572	PCDHGB2	0.26962057	False
871	2.9781676250554083	0.64224576996495	0.21565131679013572	PCDHGA5	0.26962057	False
872	2.9781676250554083	0.64224576996495	0.21565131679013572	PCDHGB3	0.26962057	False
873	2.9781676250554083	0.64224576996495	0.21565131679013572	PCDHGA6	0.26962057	False
874	2.9781676250554083	0.64224576996495	0.21565131679013572	PCDHGA7	0.26962057	False
875	2.9781676250554083	0.64224576996495	0.21565131679013572	PCDHGB4	0.26962057	False
876	2.9781676250554083	0.64224576996495	0.21565131679013572	PCDHGA8	0.26962057	False
877	2.9781676250554083	0.64224576996495	0.21565131679013572	PCDHGB5	0.26962057	False
878	2.9781676250554083	0.64224576996495	0.21565131679013572	PCDHGA9	0.26962057	False
879	2.9781676250554083	0.64224576996495	0.21565131679013572	PCDHGB6	0.26962057	False
880	2.9781676250554083	0.64224576996495	0.21565131679013572	PCDHGA10	0.26962057	False
881	2.9781676250554083	0.64224576996495	0.21565131679013572	PCDHGB7	0.26962057	False
882	2.9781676250554083	0.64224576996495	0.21565131679013572	PCDHGA11	0.26962057	False
883	2.9781676250554083	0.64224576996495	0.21565131679013572	PCDHGA12	0.26962057	False
884	2.9781676250554083	0.64224576996495	0.21565131679013572	PCDHGC3	0.26962057	False
885	2.9781676250554083	0.64224576996495	0.21565131679013572	PCDHGC4	0.26962057	False
886	2.9781676250554083	0.64224576996495	0.21565131679013572	PCDHGC5	0.26962057	False
887	2.9781676250554083	0.64224576996495	0.21565131679013572	DIAPH1	0.26962057	False
888	2.9781676250554083	0.64224576996495	0.21565131679013572	LOC100505658	0.26962057	False
889	2.9781676250554083	0.64224576996495	0.21565131679013572	HDAC3	0.26962057	False
890	2.9781676250554083	0.64224576996495	0.21565131679013572	RELL2	0.26962057	False
891	2.9781676250554083	0.64224576996495	0.21565131679013572	FCHSD1	0.26962057	False
892	2.9781676250554083	0.64224576996495	0.21565131679013572	ARAP3	0.26962057	False
893	2.9781676250554083	0.64224576996495	0.21565131679013572	PCDH1	0.26962057	False
894	3.175655240031876	0.872318267297333	0.2746892220229098	RIPOR2	0.26962167	False
895	3.433090854679436	1.185364157105409	0.3452760813159697	LOC101928663	0.26962417	False
896	3.433090854679436	1.185364157105409	0.3452760813159697	CARMIL1	0.26962417	False
897	3.433090854679436	1.185364157105409	0.3452760813159697	SCGN	0.26962417	False
898	3.433090854679436	1.185364157105409	0.3452760813159697	HIST1H2AA	0.26962417	False
899	3.433090854679436	1.185364157105409	0.3452760813159697	HIST1H2BA	0.26962417	False
900	3.433090854679436	1.185364157105409	0.3452760813159697	SLC17A4	0.26962417	False
901	3.433090854679436	1.185364157105409	0.3452760813159697	SLC17A1	0.26962417	False
902	3.433090854679436	1.185364157105409	0.3452760813159697	SLC17A3	0.26962417	False
903	3.483472026348498	1.1625620485477128	0.33373658228177383	SLC17A2	0.26962453	False
904	3.483472026348498	1.1625620485477128	0.33373658228177383	TRIM38	0.26962453	False
905	3.483472026348498	1.1625620485477128	0.33373658228177383	HIST1H1A	0.26962453	False
906	3.483472026348498	1.1625620485477128	0.33373658228177383	HIST1H3A	0.26962453	False
907	3.483472026348498	1.1625620485477128	0.33373658228177383	HIST1H4A	0.26962453	False
908	3.483472026348498	1.1625620485477128	0.33373658228177383	HIST1H4B	0.26962453	False
909	3.483472026348498	1.1625620485477128	0.33373658228177383	HIST1H3B	0.26962453	False
910	3.483472026348498	1.1625620485477128	0.33373658228177383	HIST1H2AB	0.26962453	False
911	3.483472026348498	1.1625620485477128	0.33373658228177383	HIST1H2BB	0.26962453	False
912	3.483472026348498	1.1625620485477128	0.33373658228177383	HIST1H3C	0.26962453	False
913	3.483472026348498	1.1625620485477128	0.33373658228177383	HIST1H1C	0.26962453	False
914	3.483472026348498	1.1625620485477128	0.33373658228177383	HFE	0.26962453	False
915	3.785050240929024	1.6113960581229165	0.4257264647899116	HIST1H4C	0.26962912	False
916	3.785050240929024	1.6113960581229165	0.4257264647899116	HIST1H1T	0.26962912	False
917	3.785050240929024	1.6113960581229165	0.4257264647899116	HIST1H2BC	0.26962912	False
918	3.785050240929024	1.6113960581229165	0.4257264647899116	HIST1H1E	0.26962912	False
919	3.785050240929024	1.6113960581229165	0.4257264647899116	HIST1H2BD	0.26962912	False
920	3.785050240929024	1.6113960581229165	0.4257264647899116	HIST1H2BE	0.26962912	False
921	3.785050240929024	1.6113960581229165	0.4257264647899116	HIST1H4D	0.26962912	False
922	3.785050240929024	1.6113960581229165	0.4257264647899116	HIST1H3D	0.26962912	False
923	3.785050240929024	1.6113960581229165	0.4257264647899116	HIST1H2AD	0.26962912	False
924	3.785050240929024	1.6113960581229165	0.4257264647899116	HIST1H2BF	0.26962912	False
925	3.785050240929024	1.6113960581229165	0.4257264647899116	HIST1H4E	0.26962912	False
926	3.785050240929024	1.6113960581229165	0.4257264647899116	HIST1H2BG	0.26962912	False
927	3.785050240929024	1.6113960581229165	0.4257264647899116	HIST1H2AE	0.26962912	False
928	3.785050240929024	1.6113960581229165	0.4257264647899116	HIST1H3E	0.26962912	False
929	3.785050240929024	1.6113960581229165	0.4257264647899116	HIST1H1D	0.26962912	False
930	3.785050240929024	1.6113960581229165	0.4257264647899116	HIST1H4F	0.26962912	False
931	3.785050240929024	1.6113960581229165	0.4257264647899116	HIST1H4G	0.26962912	False
932	3.785050240929024	1.6113960581229165	0.4257264647899116	HIST1H3F	0.26962912	False
933	3.785050240929024	1.6113960581229165	0.4257264647899116	HIST1H2BH	0.26962912	False
934	3.785050240929024	1.6113960581229165	0.4257264647899116	HIST1H3G	0.26962912	False
935	3.785050240929024	1.6113960581229165	0.4257264647899116	HIST1H2BI	0.26962912	False
936	3.785050240929024	1.6113960581229165	0.4257264647899116	HIST1H4H	0.26962912	False
937	3.785050240929024	1.6113960581229165	0.4257264647899116	BTN3A2	0.26962912	False
938	3.785050240929024	1.6113960581229165	0.4257264647899116	BTN2A2	0.26962912	False
939	3.785050240929024	1.6113960581229165	0.4257264647899116	BTN3A1	0.26962912	False
940	3.785050240929024	1.6113960581229165	0.4257264647899116	BTN3A3	0.26962912	False
941	3.785050240929024	1.6113960581229165	0.4257264647899116	BTN2A1	0.26962912	False
942	3.785050240929024	1.6113960581229165	0.4257264647899116	BTN1A1	0.26962912	False
943	3.785050240929024	1.6113960581229165	0.4257264647899116	HCG11	0.26962912	False
944	3.785050240929024	1.6113960581229165	0.4257264647899116	HMGN4	0.26962912	False
945	3.785050240929024	1.6113960581229165	0.4257264647899116	ABT1	0.26962912	False
946	3.785050240929024	1.6113960581229165	0.4257264647899116	ZNF322	0.26962912	False
947	3.5649471780773423	1.204403234251457	0.3378460252252655	LINC00240	0.26962546	False
948	3.5862326500913047	1.2811814279221563	0.3572499480449317	HIST1H2BJ	0.26962593	False
949	3.5862326500913047	1.2811814279221563	0.3572499480449317	HIST1H2AG	0.26962593	False
950	3.5862326500913047	1.2811814279221563	0.3572499480449317	HIST1H4I	0.26962593	False
951	3.5862326500913047	1.2811814279221563	0.3572499480449317	HIST1H2BK	0.26962593	False
952	3.5862326500913047	1.2811814279221563	0.3572499480449317	HIST1H2AH	0.26962593	False
953	3.5862326500913047	1.2811814279221563	0.3572499480449317	MIR3143	0.26962593	False
954	3.5862326500913047	1.2811814279221563	0.3572499480449317	PRSS16	0.26962593	False
955	3.5862326500913047	1.2811814279221563	0.3572499480449317	POM121L2	0.26962593	False
956	3.5862326500913047	1.2811814279221563	0.3572499480449317	ZNF391	0.26962593	False
957	3.5862326500913047	1.2811814279221563	0.3572499480449317	ZNF184	0.26962593	False
958	3.5862326500913047	1.2811814279221563	0.3572499480449317	LINC01012	0.26962593	False
959	3.5862326500913047	1.2811814279221563	0.3572499480449317	HIST1H2BL	0.26962593	False
960	3.5862326500913047	1.2811814279221563	0.3572499480449317	HIST1H2AI	0.26962593	False
961	3.5862326500913047	1.2811814279221563	0.3572499480449317	HIST1H3H	0.26962593	False
962	3.5862326500913047	1.2811814279221563	0.3572499480449317	HIST1H2AJ	0.26962593	False
963	3.5862326500913047	1.2811814279221563	0.3572499480449317	HIST1H2BM	0.26962593	False
964	3.5862326500913047	1.2811814279221563	0.3572499480449317	HIST1H4J	0.26962593	False
965	3.5862326500913047	1.2811814279221563	0.3572499480449317	HIST1H4K	0.26962593	False
966	3.5862326500913047	1.2811814279221563	0.3572499480449317	HIST1H2BN	0.26962593	False
967	3.5862326500913047	1.2811814279221563	0.3572499480449317	HIST1H2AK	0.26962593	False
968	3.5862326500913047	1.2811814279221563	0.3572499480449317	HIST1H2AL	0.26962593	False
969	3.5862326500913047	1.2811814279221563	0.3572499480449317	HIST1H1B	0.26962593	False
970	3.5862326500913047	1.2811814279221563	0.3572499480449317	HIST1H3I	0.26962593	False
971	3.5862326500913047	1.2811814279221563	0.3572499480449317	HIST1H4L	0.26962593	False
972	3.5862326500913047	1.2811814279221563	0.3572499480449317	HIST1H3J	0.26962593	False
973	3.5862326500913047	1.2811814279221563	0.3572499480449317	HIST1H2AM	0.26962593	False
974	3.5862326500913047	1.2811814279221563	0.3572499480449317	HIST1H2BO	0.26962593	False
975	3.5090989882266714	1.0580774908899642	0.30152397935763714	OR2B2	0.26962432	False
976	3.5090989882266714	1.0580774908899642	0.30152397935763714	OR2B6	0.26962432	False
977	3.5090989882266714	1.0580774908899642	0.30152397935763714	ZNF165	0.26962432	False
978	3.4470024851854375	1.0078073087692105	0.2923720865014096	ZSCAN16-AS1	0.2696238	False
979	3.4470024851854375	1.0078073087692105	0.2923720865014096	ZSCAN16	0.2696238	False
980	3.4470024851854375	1.0078073087692105	0.2923720865014096	ZKSCAN8	0.2696238	False
981	3.4470024851854375	1.0078073087692105	0.2923720865014096	ZSCAN9	0.2696238	False
982	3.4470024851854375	1.0078073087692105	0.2923720865014096	ZKSCAN4	0.2696238	False
983	3.4470024851854375	1.0078073087692105	0.2923720865014096	NKAPL	0.2696238	False
984	3.4470024851854375	1.0078073087692105	0.2923720865014096	ZSCAN26	0.2696238	False
985	3.4470024851854375	1.0078073087692105	0.2923720865014096	PGBD1	0.2696238	False
986	3.4470024851854375	1.0078073087692105	0.2923720865014096	ZSCAN31	0.2696238	False
987	3.4470024851854375	1.0078073087692105	0.2923720865014096	ZKSCAN3	0.2696238	False
988	3.4470024851854375	1.0078073087692105	0.2923720865014096	ZSCAN12	0.2696238	False
989	3.4470024851854375	1.0078073087692105	0.2923720865014096	ZSCAN23	0.2696238	False
990	3.4470024851854375	1.0078073087692105	0.2923720865014096	GPX6	0.2696238	False
991	3.4470024851854375	1.0078073087692105	0.2923720865014096	GPX5	0.2696238	False
992	3.4470024851854375	1.0078073087692105	0.2923720865014096	ZBED9	0.2696238	False
993	3.4470024851854375	1.0078073087692105	0.2923720865014096	LINC00533	0.2696238	False
994	3.4470024851854375	1.0078073087692105	0.2923720865014096	LINC01623	0.2696238	False
995	3.4470024851854375	1.0078073087692105	0.2923720865014096	HCG14	0.2696238	False
996	3.4385332512314535	0.872813003340003	0.25383293967781745	TRIM27	0.269623	False
997	3.4385332512314535	0.872813003340003	0.25383293967781745	ZNF311	0.269623	False
998	3.4385332512314535	0.872813003340003	0.25383293967781745	LOC100129636	0.269623	False
999	3.4385332512314535	0.872813003340003	0.25383293967781745	OR2W1	0.269623	False
1000	3.4385332512314535	0.872813003340003	0.25383293967781745	OR2B3	0.269623	False
1001	3.3661766572955703	0.8459151449723205	0.25129850007692095	OR2J3	0.26962265	False
1002	3.3661766572955703	0.8459151449723205	0.25129850007692095	OR2J2	0.26962265	False
1003	3.3661766572955703	0.8459151449723205	0.25129850007692095	LOC101929006	0.26962265	False
1004	3.3661766572955703	0.8459151449723205	0.25129850007692095	OR14J1	0.26962265	False
1005	3.3661766572955703	0.8459151449723205	0.25129850007692095	OR5V1	0.26962265	False
1006	3.3661766572955703	0.8459151449723205	0.25129850007692095	OR12D3	0.26962265	False
1007	3.3661766572955703	0.8459151449723205	0.25129850007692095	OR12D2	0.26962265	False
1008	3.3661766572955703	0.8459151449723205	0.25129850007692095	OR11A1	0.26962265	False
1009	3.3661766572955703	0.8459151449723205	0.25129850007692095	OR10C1	0.26962265	False
1010	3.3661766572955703	0.8459151449723205	0.25129850007692095	OR2H1	0.26962265	False
1011	3.3661766572955703	0.8459151449723205	0.25129850007692095	MAS1L	0.26962265	False
1012	3.3661766572955703	0.8459151449723205	0.25129850007692095	LINC01015	0.26962265	False
1013	3.3661766572955703	0.8459151449723205	0.25129850007692095	UBD	0.26962265	False
1014	3.3661766572955703	0.8459151449723205	0.25129850007692095	GABBR1	0.26962265	False
1015	3.3661766572955703	0.8459151449723205	0.25129850007692095	SNORD32B	0.26962265	False
1016	3.3661766572955703	0.8459151449723205	0.25129850007692095	OR2H2	0.26962265	False
1017	3.3661766572955703	0.8459151449723205	0.25129850007692095	MOG	0.26962265	False
1018	3.3661766572955703	0.8459151449723205	0.25129850007692095	ZFP57	0.26962265	False
1019	3.3661766572955703	0.8459151449723205	0.25129850007692095	HLA-F	0.26962265	False
1020	3.3661766572955703	0.8459151449723205	0.25129850007692095	HLA-F-AS1	0.26962265	False
1021	3.3661766572955703	0.8459151449723205	0.25129850007692095	HLA-G	0.26962265	False
1022	3.42591898232278	0.80926201094144	0.2362174981711794	HLA-A	0.26962274	False
1023	3.42591898232278	0.80926201094144	0.2362174981711794	HCG9	0.26962274	False
1024	3.42591898232278	0.80926201094144	0.2362174981711794	ZNRD1ASP	0.26962274	False
1025	3.42591898232278	0.80926201094144	0.2362174981711794	ZNRD1	0.26962274	False
1026	3.42591898232278	0.80926201094144	0.2362174981711794	PPP1R11	0.26962274	False
1027	3.42591898232278	0.80926201094144	0.2362174981711794	RNF39	0.26962274	False
1028	3.610943359678267	1.02342086311481	0.28342202055642224	TRIM31	0.2696246	False
1029	3.610943359678267	1.02342086311481	0.28342202055642224	TRIM31-AS1	0.2696246	False
1030	3.610943359678267	1.02342086311481	0.28342202055642224	TRIM40	0.2696246	False
1031	3.610943359678267	1.02342086311481	0.28342202055642224	TRIM10	0.2696246	False
1032	3.610943359678267	1.02342086311481	0.28342202055642224	TRIM15	0.2696246	False
1033	3.610943359678267	1.02342086311481	0.28342202055642224	TRIM26	0.2696246	False
1034	3.610943359678267	1.02342086311481	0.28342202055642224	HCG17	0.2696246	False
1035	3.610943359678267	1.02342086311481	0.28342202055642224	HCG18	0.2696246	False
1036	3.610943359678267	1.02342086311481	0.28342202055642224	TRIM39	0.2696246	False
1037	3.610943359678267	1.02342086311481	0.28342202055642224	TRIM39-RPP21	0.2696246	False
1038	3.610943359678267	1.02342086311481	0.28342202055642224	RPP21	0.2696246	False
1039	3.610943359678267	1.02342086311481	0.28342202055642224	HLA-E	0.2696246	False
1040	3.610943359678267	1.02342086311481	0.28342202055642224	GNL1	0.2696246	False
1041	3.610943359678267	1.02342086311481	0.28342202055642224	PRR3	0.2696246	False
1042	3.610943359678267	1.02342086311481	0.28342202055642224	ABCF1	0.2696246	False
1043	3.610943359678267	1.02342086311481	0.28342202055642224	MIR877	0.2696246	False
1044	3.610943359678267	1.02342086311481	0.28342202055642224	PPP1R10	0.2696246	False
1045	3.610943359678267	1.02342086311481	0.28342202055642224	MRPS18B	0.2696246	False
1046	3.610943359678267	1.02342086311481	0.28342202055642224	ATAT1	0.2696246	False
1047	3.610943359678267	1.02342086311481	0.28342202055642224	C6orf136	0.2696246	False
1048	3.610943359678267	1.02342086311481	0.28342202055642224	DHX16	0.2696246	False
1049	3.610943359678267	1.02342086311481	0.28342202055642224	PPP1R18	0.2696246	False
1050	3.610943359678267	1.02342086311481	0.28342202055642224	NRM	0.2696246	False
1051	3.610943359678267	1.02342086311481	0.28342202055642224	MDC1	0.2696246	False
1052	3.610943359678267	1.02342086311481	0.28342202055642224	MDC1-AS1	0.2696246	False
1053	3.610943359678267	1.02342086311481	0.28342202055642224	TUBB	0.2696246	False
1054	3.610943359678267	1.02342086311481	0.28342202055642224	FLOT1	0.2696246	False
1055	3.610943359678267	1.02342086311481	0.28342202055642224	IER3	0.2696246	False
1056	3.610943359678267	1.02342086311481	0.28342202055642224	LINC00243	0.2696246	False
1057	3.610943359678267	1.02342086311481	0.28342202055642224	LINC02570	0.2696246	False
1058	3.510416077943533	0.8543975505890835	0.24338925404238845	DDR1	0.26962343	False
1059	3.610943359678267	1.02342086311481	0.28342202055642224	MIR4640	0.2696246	False
1060	3.510416077943533	0.8543975505890835	0.24338925404238845	GTF2H4	0.26962343	False
1061	3.510416077943533	0.8543975505890835	0.24338925404238845	VARS2	0.26962343	False
1062	3.510416077943533	0.8543975505890835	0.24338925404238845	SFTA2	0.26962343	False
1063	3.510416077943533	0.8543975505890835	0.24338925404238845	MUCL3	0.26962343	False
1064	3.510416077943533	0.8543975505890835	0.24338925404238845	MUC21	0.26962343	False
1065	3.510416077943533	0.8543975505890835	0.24338925404238845	MUC22	0.26962343	False
1066	3.510416077943533	0.8543975505890835	0.24338925404238845	HCG22	0.26962343	False
1067	3.5657069732394158	0.9008194516699992	0.2526341784197741	C6orf15	0.2696237	False
1068	3.5657069732394158	0.9008194516699992	0.2526341784197741	PSORS1C1	0.2696237	False
1069	3.5657069732394158	0.9008194516699992	0.2526341784197741	CDSN	0.2696237	False
1070	3.5657069732394158	0.9008194516699992	0.2526341784197741	PSORS1C2	0.2696237	False
1071	3.5657069732394158	0.9008194516699992	0.2526341784197741	CCHCR1	0.2696237	False
1072	3.5657069732394158	0.9008194516699992	0.2526341784197741	TCF19	0.2696237	False
1073	3.5657069732394158	0.9008194516699992	0.2526341784197741	POU5F1	0.2696237	False
1074	3.5657069732394158	0.9008194516699992	0.2526341784197741	PSORS1C3	0.2696237	False
1075	3.5657069732394158	0.9008194516699992	0.2526341784197741	HCG27	0.2696237	False
1076	3.5657069732394158	0.9008194516699992	0.2526341784197741	HLA-C	0.2696237	False
1077	3.5657069732394158	0.9008194516699992	0.2526341784197741	HLA-B	0.2696237	False
1078	3.5657069732394158	0.9008194516699992	0.2526341784197741	MIR6891	0.2696237	False
1079	3.5657069732394158	0.9008194516699992	0.2526341784197741	MICA	0.2696237	False
1080	3.5657069732394158	0.9008194516699992	0.2526341784197741	HCP5	0.2696237	False
1081	3.5657069732394158	0.9008194516699992	0.2526341784197741	MICB	0.2696237	False
1082	3.5657069732394158	0.9008194516699992	0.2526341784197741	MCCD1	0.2696237	False
1083	3.5657069732394158	0.9008194516699992	0.2526341784197741	DDX39B	0.2696237	False
1084	3.5657069732394158	0.9008194516699992	0.2526341784197741	ATP6V1G2-DDX39B	0.2696237	False
1085	3.5657069732394158	0.9008194516699992	0.2526341784197741	SNORD117	0.2696237	False
1086	3.5657069732394158	0.9008194516699992	0.2526341784197741	SNORD84	0.2696237	False
1087	3.5657069732394158	0.9008194516699992	0.2526341784197741	ATP6V1G2	0.2696237	False
1088	3.5657069732394158	0.9008194516699992	0.2526341784197741	DDX39B-AS1	0.2696237	False
1089	3.5657069732394158	0.9008194516699992	0.2526341784197741	NFKBIL1	0.2696237	False
1090	3.5657069732394158	0.9008194516699992	0.2526341784197741	LTA	0.2696237	False
1091	3.5657069732394158	0.9008194516699992	0.2526341784197741	TNF	0.2696237	False
1092	3.5657069732394158	0.9008194516699992	0.2526341784197741	LTB	0.2696237	False
1093	3.5657069732394158	0.9008194516699992	0.2526341784197741	LST1	0.2696237	False
1094	3.5657069732394158	0.9008194516699992	0.2526341784197741	NCR3	0.2696237	False
1095	3.5657069732394158	0.9008194516699992	0.2526341784197741	AIF1	0.2696237	False
1096	3.5657069732394158	0.9008194516699992	0.2526341784197741	PRRC2A	0.2696237	False
1097	3.5657069732394158	0.9008194516699992	0.2526341784197741	SNORA38	0.2696237	False
1098	3.5657069732394158	0.9008194516699992	0.2526341784197741	MIR6832	0.2696237	False
1099	3.5657069732394158	0.9008194516699992	0.2526341784197741	BAG6	0.2696237	False
1100	3.5657069732394158	0.9008194516699992	0.2526341784197741	APOM	0.2696237	False
1101	3.5657069732394158	0.9008194516699992	0.2526341784197741	C6orf47	0.2696237	False
1102	3.5657069732394158	0.9008194516699992	0.2526341784197741	GPANK1	0.2696237	False
1103	3.5657069732394158	0.9008194516699992	0.2526341784197741	CSNK2B	0.2696237	False
1104	3.5657069732394158	0.9008194516699992	0.2526341784197741	LY6G5B	0.2696237	False
1105	3.5657069732394158	0.9008194516699992	0.2526341784197741	LY6G5C	0.2696237	False
1106	3.5657069732394158	0.9008194516699992	0.2526341784197741	ABHD16A	0.2696237	False
1107	3.5657069732394158	0.9008194516699992	0.2526341784197741	MIR4646	0.2696237	False
1108	3.5657069732394158	0.9008194516699992	0.2526341784197741	LY6G6F	0.2696237	False
1109	3.5657069732394158	0.9008194516699992	0.2526341784197741	LY6G6E	0.2696237	False
1110	3.5657069732394158	0.9008194516699992	0.2526341784197741	LY6G6D	0.2696237	False
1111	3.5657069732394158	0.9008194516699992	0.2526341784197741	MPIG6B	0.2696237	False
1112	3.5657069732394158	0.9008194516699992	0.2526341784197741	LY6G6C	0.2696237	False
1113	3.5657069732394158	0.9008194516699992	0.2526341784197741	DDAH2	0.2696237	False
1114	3.5657069732394158	0.9008194516699992	0.2526341784197741	CLIC1	0.2696237	False
1115	3.5657069732394158	0.9008194516699992	0.2526341784197741	MSH5	0.2696237	False
1116	3.5657069732394158	0.9008194516699992	0.2526341784197741	MSH5-SAPCD1	0.2696237	False
1117	3.5657069732394158	0.9008194516699992	0.2526341784197741	SAPCD1	0.2696237	False
1118	3.5657069732394158	0.9008194516699992	0.2526341784197741	SAPCD1-AS1	0.2696237	False
1119	3.5657069732394158	0.9008194516699992	0.2526341784197741	VWA7	0.2696237	False
1120	3.5657069732394158	0.9008194516699992	0.2526341784197741	VARS	0.2696237	False
1121	3.5657069732394158	0.9008194516699992	0.2526341784197741	LSM2	0.2696237	False
1122	3.5657069732394158	0.9008194516699992	0.2526341784197741	HSPA1L	0.2696237	False
1123	3.5657069732394158	0.9008194516699992	0.2526341784197741	HSPA1A	0.2696237	False
1124	3.5657069732394158	0.9008194516699992	0.2526341784197741	HSPA1B	0.2696237	False
1125	3.5657069732394158	0.9008194516699992	0.2526341784197741	C6orf48	0.2696237	False
1126	3.5657069732394158	0.9008194516699992	0.2526341784197741	SNORD48	0.2696237	False
1127	3.5657069732394158	0.9008194516699992	0.2526341784197741	SNORD52	0.2696237	False
1128	3.5657069732394158	0.9008194516699992	0.2526341784197741	NEU1	0.2696237	False
1129	3.5657069732394158	0.9008194516699992	0.2526341784197741	SLC44A4	0.2696237	False
1130	3.5657069732394158	0.9008194516699992	0.2526341784197741	EHMT2	0.2696237	False
1131	3.3747225983882823	0.7032012704549425	0.20837305880808724	C2	0.269622	False
1132	3.3747225983882823	0.7032012704549425	0.20837305880808724	ZBTB12	0.269622	False
1133	3.3747225983882823	0.7032012704549425	0.20837305880808724	CFB	0.269622	False
1134	3.3747225983882823	0.7032012704549425	0.20837305880808724	C2-AS1	0.269622	False
1135	3.3747225983882823	0.7032012704549425	0.20837305880808724	NELFE	0.269622	False
1136	3.3747225983882823	0.7032012704549425	0.20837305880808724	MIR1236	0.269622	False
1137	3.3747225983882823	0.7032012704549425	0.20837305880808724	SKIV2L	0.269622	False
1138	3.3747225983882823	0.7032012704549425	0.20837305880808724	DXO	0.269622	False
1139	3.3747225983882823	0.7032012704549425	0.20837305880808724	STK19	0.269622	False
1140	3.3747225983882823	0.7032012704549425	0.20837305880808724	C4B	0.269622	False
1141	3.3747225983882823	0.7032012704549425	0.20837305880808724	C4A	0.269622	False
1142	3.3747225983882823	0.7032012704549425	0.20837305880808724	CYP21A2	0.269622	False
1143	3.3747225983882823	0.7032012704549425	0.20837305880808724	TNXB	0.269622	False
1144	3.3747225983882823	0.7032012704549425	0.20837305880808724	ATF6B	0.269622	False
1145	3.330578008271935	0.7117146022234718	0.21369101713151098	FKBPL	0.2696219	False
1146	3.330578008271935	0.7117146022234718	0.21369101713151098	PRRT1	0.2696219	False
1147	3.330578008271935	0.7117146022234718	0.21369101713151098	LOC100507547	0.2696219	False
1148	3.330578008271935	0.7117146022234718	0.21369101713151098	PPT2	0.2696219	False
1149	3.330578008271935	0.7117146022234718	0.21369101713151098	PPT2-EGFL8	0.2696219	False
1150	3.330578008271935	0.7117146022234718	0.21369101713151098	EGFL8	0.2696219	False
1151	3.330578008271935	0.7117146022234718	0.21369101713151098	AGPAT1	0.2696219	False
1152	3.330578008271935	0.7117146022234718	0.21369101713151098	MIR6721	0.2696219	False
1153	3.330578008271935	0.7117146022234718	0.21369101713151098	RNF5	0.2696219	False
1154	3.330578008271935	0.7117146022234718	0.21369101713151098	MIR6833	0.2696219	False
1155	3.330578008271935	0.7117146022234718	0.21369101713151098	AGER	0.2696219	False
1156	3.330578008271935	0.7117146022234718	0.21369101713151098	PBX2	0.2696219	False
1157	3.330578008271935	0.7117146022234718	0.21369101713151098	GPSM3	0.2696219	False
1158	3.330578008271935	0.7117146022234718	0.21369101713151098	NOTCH4	0.2696219	False
1159	3.330578008271935	0.7117146022234718	0.21369101713151098	TSBP1	0.2696219	False
1160	3.330578008271935	0.7117146022234718	0.21369101713151098	HCG23	0.2696219	False
1161	3.330578008271935	0.7117146022234718	0.21369101713151098	BTNL2	0.2696219	False
1162	3.330578008271935	0.7117146022234718	0.21369101713151098	HLA-DRA	0.2696219	False
1163	3.330578008271935	0.7117146022234718	0.21369101713151098	HLA-DRB5	0.2696219	False
1164	3.330578008271935	0.7117146022234718	0.21369101713151098	HLA-DRB1	0.2696219	False
1165	3.330578008271935	0.7117146022234718	0.21369101713151098	HLA-DQA1	0.2696219	False
1166	3.330578008271935	0.7117146022234718	0.21369101713151098	HLA-DQB1	0.2696219	False
1167	3.330578008271935	0.7117146022234718	0.21369101713151098	HLA-DQB1-AS1	0.2696219	False
1168	3.330578008271935	0.7117146022234718	0.21369101713151098	HLA-DQA2	0.2696219	False
1169	3.330578008271935	0.7117146022234718	0.21369101713151098	MIR3135B	0.2696219	False
1170	3.330578008271935	0.7117146022234718	0.21369101713151098	HLA-DQB2	0.2696219	False
1171	3.330578008271935	0.7117146022234718	0.21369101713151098	HLA-DOB	0.2696219	False
1172	3.330578008271935	0.7117146022234718	0.21369101713151098	TAP2	0.2696219	False
1173	3.330578008271935	0.7117146022234718	0.21369101713151098	PSMB8	0.2696219	False
1174	3.330578008271935	0.7117146022234718	0.21369101713151098	PSMB8-AS1	0.2696219	False
1175	3.330578008271935	0.7117146022234718	0.21369101713151098	PSMB9	0.2696219	False
1176	3.330578008271935	0.7117146022234718	0.21369101713151098	TAP1	0.2696219	False
1177	3.1239037959024563	0.5352604818790877	0.17134345896988729	HLA-DMB	0.26962036	False
1178	3.1239037959024563	0.5352604818790877	0.17134345896988729	HLA-DMA	0.26962036	False
1179	3.1239037959024563	0.5352604818790877	0.17134345896988729	BRD2	0.26962036	False
1180	3.1239037959024563	0.5352604818790877	0.17134345896988729	HLA-DOA	0.26962036	False
1181	3.1239037959024563	0.5352604818790877	0.17134345896988729	HLA-DPA1	0.26962036	False
1182	3.1239037959024563	0.5352604818790877	0.17134345896988729	HLA-DPB1	0.26962036	False
1183	2.985267841426169	0.5314979091822336	0.17804027558489294	COL11A2	0.26962006	False
1184	2.985267841426169	0.5314979091822336	0.17804027558489294	RXRB	0.26962006	False
1185	2.985267841426169	0.5314979091822336	0.17804027558489294	SLC39A7	0.26962006	False
1186	2.985267841426169	0.5314979091822336	0.17804027558489294	HSD17B8	0.26962006	False
1187	2.985267841426169	0.5314979091822336	0.17804027558489294	MIR219A1	0.26962006	False
1188	2.985267841426169	0.5314979091822336	0.17804027558489294	RING1	0.26962006	False
1189	2.985267841426169	0.5314979091822336	0.17804027558489294	HCG25	0.26962006	False
1190	2.985267841426169	0.5314979091822336	0.17804027558489294	VPS52	0.26962006	False
1191	2.985267841426169	0.5314979091822336	0.17804027558489294	RPS18	0.26962006	False
1192	2.985267841426169	0.5314979091822336	0.17804027558489294	B3GALT4	0.26962006	False
1193	2.985267841426169	0.5314979091822336	0.17804027558489294	WDR46	0.26962006	False
1194	2.985267841426169	0.5314979091822336	0.17804027558489294	MIR6873	0.26962006	False
1195	2.985267841426169	0.5314979091822336	0.17804027558489294	PFDN6	0.26962006	False
1196	2.985267841426169	0.5314979091822336	0.17804027558489294	MIR6834	0.26962006	False
1197	2.985267841426169	0.5314979091822336	0.17804027558489294	RGL2	0.26962006	False
1198	2.985267841426169	0.5314979091822336	0.17804027558489294	TAPBP	0.26962006	False
1199	2.985267841426169	0.5314979091822336	0.17804027558489294	ZBTB22	0.26962006	False
1200	2.985267841426169	0.5314979091822336	0.17804027558489294	DAXX	0.26962006	False
1201	2.985267841426169	0.5314979091822336	0.17804027558489294	KIFC1	0.26962006	False
1202	2.985267841426169	0.5314979091822336	0.17804027558489294	PHF1	0.26962006	False
1203	2.985267841426169	0.5314979091822336	0.17804027558489294	CUTA	0.26962006	False
1204	2.985267841426169	0.5314979091822336	0.17804027558489294	SYNGAP1	0.26962006	False
1205	2.985267841426169	0.5314979091822336	0.17804027558489294	MIR5004	0.26962006	False
1206	2.985267841426169	0.5314979091822336	0.17804027558489294	ZBTB9	0.26962006	False
1207	2.985267841426169	0.5314979091822336	0.17804027558489294	BAK1	0.26962006	False
1208	2.985267841426169	0.5314979091822336	0.17804027558489294	LINC00336	0.26962006	False
1209	2.985267841426169	0.5314979091822336	0.17804027558489294	ITPR3	0.26962006	False
1210	2.985267841426169	0.5314979091822336	0.17804027558489294	UQCC2	0.26962006	False
1211	2.985267841426169	0.5314979091822336	0.17804027558489294	MIR3934	0.26962006	False
1212	2.985267841426169	0.5314979091822336	0.17804027558489294	IP6K3	0.26962006	False
1213	2.985267841426169	0.5314979091822336	0.17804027558489294	LEMD2	0.26962006	False
1214	2.985267841426169	0.5314979091822336	0.17804027558489294	MLN	0.26962006	False
1215	2.985267841426169	0.5314979091822336	0.17804027558489294	LINC01016	0.26962006	False
1216	2.985267841426169	0.5314979091822336	0.17804027558489294	MIR7159	0.26962006	False
1217	2.842331340230036	0.4068240610826162	0.14313041386993647	MIR1275	0.2696192	False
1218	2.842331340230036	0.4068240610826162	0.14313041386993647	GRM4	0.2696192	False
1219	3.050430299663373	0.7621818260700499	0.2498604299053021	CD164	0.2696211	False
1220	3.050430299663373	0.7621818260700499	0.2498604299053021	PPIL6	0.2696211	False
1221	3.050430299663373	0.7621818260700499	0.2498604299053021	SMPD2	0.2696211	False
1222	3.050430299663373	0.7621818260700499	0.2498604299053021	MICAL1	0.2696211	False
1223	3.050430299663373	0.7621818260700499	0.2498604299053021	ZBTB24	0.2696211	False
1224	3.050430299663373	0.7621818260700499	0.2498604299053021	AK9	0.2696211	False
1225	3.050430299663373	0.7621818260700499	0.2498604299053021	FIG4	0.2696211	False
1226	3.016876750727794	0.6988940825088044	0.23166146324678413	GPR6	0.2696207	False
1227	3.016876750727794	0.6988940825088044	0.23166146324678413	WASF1	0.2696207	False
1228	3.119913939764386	0.9095350473936828	0.29152568466756185	CDC40	0.2696218	False
1229	3.119913939764386	0.9095350473936828	0.29152568466756185	METTL24	0.2696218	False
1230	3.119913939764386	0.9095350473936828	0.29152568466756185	DDO	0.2696218	False
1231	3.119913939764386	0.9095350473936828	0.29152568466756185	SLC22A16	0.2696218	False
1232	3.119913939764386	0.9095350473936828	0.29152568466756185	CDK19	0.2696218	False
1233	3.119913939764386	0.9095350473936828	0.29152568466756185	AMD1	0.2696218	False
1234	3.033515300051361	0.7858549048952217	0.25905750496195495	GTF3C6	0.26962122	False
1235	3.033515300051361	0.7858549048952217	0.25905750496195495	RPF2	0.26962122	False
1236	3.033515300051361	0.7858549048952217	0.25905750496195495	SLC16A10	0.26962122	False
1237	3.1159675435294703	0.9491969716044066	0.30462351046482566	MFSD4B	0.2696223	False
1238	3.1159675435294703	0.9491969716044066	0.30462351046482566	REV3L	0.2696223	False
1239	3.1159675435294703	0.9491969716044066	0.30462351046482566	TRAF3IP2-AS1	0.2696223	False
1240	3.1159675435294703	0.9491969716044066	0.30462351046482566	TRAF3IP2	0.2696223	False
1241	3.1159675435294703	0.9491969716044066	0.30462351046482566	FYN	0.2696223	False
1242	3.0859479518915336	0.8523751249288382	0.2762117631978771	MTFR2	0.26962203	False
1243	3.0859479518915336	0.8523751249288382	0.2762117631978771	BCLAF1	0.26962203	False
1244	3.0859479518915336	0.8523751249288382	0.2762117631978771	MAP7	0.26962203	False
1245	3.0859479518915336	0.8523751249288382	0.2762117631978771	MAP3K5	0.26962203	False
1246	3.0859479518915336	0.8523751249288382	0.2762117631978771	LOC101928461	0.26962203	False
1247	3.0147437754470086	0.7044193412441707	0.23365811283239935	PEX7	0.26962072	False
1248	3.0147437754470086	0.7044193412441707	0.23365811283239935	SLC35D3	0.26962072	False
1249	3.0147437754470086	0.7044193412441707	0.23365811283239935	NHEG1	0.26962072	False
1250	3.0147437754470086	0.7044193412441707	0.23365811283239935	IL20RA	0.26962072	False
1251	3.09820796539912	0.8267179859210321	0.2668374735181897	IL22RA2	0.26962155	False
1252	3.09820796539912	0.8267179859210321	0.2668374735181897	IFNGR1	0.26962155	False
1253	3.09820796539912	0.8267179859210321	0.2668374735181897	OLIG3	0.26962155	False
1254	3.09820796539912	0.8267179859210321	0.2668374735181897	LOC102723649	0.26962155	False
1255	3.09820796539912	0.8267179859210321	0.2668374735181897	LINC02539	0.26962155	False
1256	3.09820796539912	0.8267179859210321	0.2668374735181897	LOC100130476	0.26962155	False
1257	3.09820796539912	0.8267179859210321	0.2668374735181897	TNFAIP3	0.26962155	False
1258	3.037884409500937	0.8095858075070039	0.2664965806384985	NAMPT	0.26962122	False
1259	3.037884409500937	0.8095858075070039	0.2664965806384985	CCDC71L	0.26962122	False
1260	3.1004927687566037	0.8948356472575563	0.2886107835098786	HBP1	0.26962203	False
1261	3.1004927687566037	0.8948356472575563	0.2886107835098786	COG5	0.26962203	False
1262	3.1004927687566037	0.8948356472575563	0.2886107835098786	GPR22	0.26962203	False
1263	3.1004927687566037	0.8948356472575563	0.2886107835098786	DUS4L	0.26962203	False
1264	3.1004927687566037	0.8948356472575563	0.2886107835098786	BCAP29	0.26962203	False
1265	3.1004927687566037	0.8948356472575563	0.2886107835098786	SLC26A4-AS1	0.26962203	False
1266	3.1004927687566037	0.8948356472575563	0.2886107835098786	SLC26A4	0.26962203	False
1267	3.1004927687566037	0.8948356472575563	0.2886107835098786	CBLL1	0.26962203	False
1268	3.1004927687566037	0.8948356472575563	0.2886107835098786	SLC26A3	0.26962203	False
1269	3.077980493685303	0.8014782596836787	0.26039094832731025	FBXO43	0.26962128	False
1270	3.077980493685303	0.8014782596836787	0.26039094832731025	POLR2K	0.26962128	False
1271	3.077980493685303	0.8014782596836787	0.26039094832731025	SPAG1	0.26962128	False
1272	3.077980493685303	0.8014782596836787	0.26039094832731025	RNF19A	0.26962128	False
1273	3.077980493685303	0.8014782596836787	0.26039094832731025	MIR4471	0.26962128	False
1274	3.077980493685303	0.8014782596836787	0.26039094832731025	ANKRD46	0.26962128	False
1275	3.077980493685303	0.8014782596836787	0.26039094832731025	SNX31	0.26962128	False
1276	3.077980493685303	0.8014782596836787	0.26039094832731025	PABPC1	0.26962128	False
1277	3.077980493685303	0.8014782596836787	0.26039094832731025	MIR7705	0.26962128	False
1278	2.9693578743839595	0.6548210260820885	0.22052613857396408	YWHAZ	0.26962054	False
1279	2.9693578743839595	0.6548210260820885	0.22052613857396408	FLJ42969	0.26962054	False
1280	3.032512123267325	0.7390344590327802	0.24370371130998844	ZNF706	0.26962093	False
1281	3.032512123267325	0.7390344590327802	0.24370371130998844	GRHL2	0.26962093	False
1282	2.9781842514443295	0.6375431929421104	0.2140711047790012	NCALD	0.2696204	False
1283	3.0710382464674133	0.7880666768692378	0.2566124592475341	MIR5680	0.26962113	False
1284	3.0710382464674133	0.7880666768692378	0.2566124592475341	RRM2B	0.26962113	False
1285	3.0710382464674133	0.7880666768692378	0.2566124592475341	UBR5-AS1	0.26962113	False
1286	3.0710382464674133	0.7880666768692378	0.2566124592475341	UBR5	0.26962113	False
1287	3.0710382464674133	0.7880666768692378	0.2566124592475341	ODF1	0.26962113	False
1288	3.0710382464674133	0.7880666768692378	0.2566124592475341	KLF10	0.26962113	False
1289	3.0710382464674133	0.7880666768692378	0.2566124592475341	AZIN1	0.26962113	False
1290	3.0276312325673067	0.7607068183512495	0.2512547796999047	LOC101927588	0.269621	False
1291	3.0276312325673067	0.7607068183512495	0.2512547796999047	TMEM65	0.269621	False
1292	3.0276312325673067	0.7607068183512495	0.2512547796999047	TRMT12	0.269621	False
1293	3.0276312325673067	0.7607068183512495	0.2512547796999047	RNF139-AS1	0.269621	False
1294	3.0276312325673067	0.7607068183512495	0.2512547796999047	RNF139	0.269621	False
1295	3.0276312325673067	0.7607068183512495	0.2512547796999047	TATDN1	0.269621	False
1296	3.0276312325673067	0.7607068183512495	0.2512547796999047	NDUFB9	0.269621	False
1297	3.0276312325673067	0.7607068183512495	0.2512547796999047	MTSS1	0.269621	False
1298	3.0276312325673067	0.7607068183512495	0.2512547796999047	MIR4662B	0.269621	False
1299	3.0023640076278744	0.612653662209524	0.20405708989749483	MAF1	0.26962018	False
1300	3.0023640076278744	0.612653662209524	0.20405708989749483	WDR97	0.26962018	False
1301	3.0023640076278744	0.612653662209524	0.20405708989749483	HGH1	0.26962018	False
1302	3.0023640076278744	0.612653662209524	0.20405708989749483	MROH1	0.26962018	False
1303	3.0023640076278744	0.612653662209524	0.20405708989749483	BOP1	0.26962018	False
1304	3.0023640076278744	0.612653662209524	0.20405708989749483	MIR7112	0.26962018	False
1305	3.0023640076278744	0.612653662209524	0.20405708989749483	SCX	0.26962018	False
1306	3.0023640076278744	0.612653662209524	0.20405708989749483	HSF1	0.26962018	False
1307	3.0023640076278744	0.612653662209524	0.20405708989749483	DGAT1	0.26962018	False
1308	3.0023640076278744	0.612653662209524	0.20405708989749483	MIR6848	0.26962018	False
1309	3.0023640076278744	0.612653662209524	0.20405708989749483	SCRT1	0.26962018	False
1310	3.0023640076278744	0.612653662209524	0.20405708989749483	TMEM249	0.26962018	False
1311	3.0023640076278744	0.612653662209524	0.20405708989749483	SLC52A2	0.26962018	False
1312	3.0023640076278744	0.612653662209524	0.20405708989749483	FBXL6	0.26962018	False
1313	3.0023640076278744	0.612653662209524	0.20405708989749483	ADCK5	0.26962018	False
1314	3.0023640076278744	0.612653662209524	0.20405708989749483	CPSF1	0.26962018	False
1315	3.0023640076278744	0.612653662209524	0.20405708989749483	MIR939	0.26962018	False
1316	3.0023640076278744	0.612653662209524	0.20405708989749483	MIR1234	0.26962018	False
1317	3.0023640076278744	0.612653662209524	0.20405708989749483	MIR6849	0.26962018	False
1318	3.0023640076278744	0.612653662209524	0.20405708989749483	SLC39A4	0.26962018	False
1319	3.0023640076278744	0.612653662209524	0.20405708989749483	VPS28	0.26962018	False
1320	3.0023640076278744	0.612653662209524	0.20405708989749483	TONSL	0.26962018	False
1321	3.0023640076278744	0.612653662209524	0.20405708989749483	MIR6893	0.26962018	False
1322	3.0023640076278744	0.612653662209524	0.20405708989749483	TONSL-AS1	0.26962018	False
1323	3.0023640076278744	0.612653662209524	0.20405708989749483	CYHR1	0.26962018	False
1324	3.0023640076278744	0.612653662209524	0.20405708989749483	KIFC2	0.26962018	False
1325	3.0023640076278744	0.612653662209524	0.20405708989749483	FOXH1	0.26962018	False
1326	3.0023640076278744	0.612653662209524	0.20405708989749483	PPP1R16A	0.26962018	False
1327	3.0023640076278744	0.612653662209524	0.20405708989749483	GPT	0.26962018	False
1328	3.0023640076278744	0.612653662209524	0.20405708989749483	MFSD3	0.26962018	False
1329	3.0023640076278744	0.612653662209524	0.20405708989749483	RECQL4	0.26962018	False
1330	3.0023640076278744	0.612653662209524	0.20405708989749483	LRRC14	0.26962018	False
1331	3.0023640076278744	0.612653662209524	0.20405708989749483	LRRC24	0.26962018	False
1332	3.0023640076278744	0.612653662209524	0.20405708989749483	C8orf82	0.26962018	False
1333	3.0023640076278744	0.612653662209524	0.20405708989749483	ARHGAP39	0.26962018	False
1334	3.0023640076278744	0.612653662209524	0.20405708989749483	ZNF251	0.26962018	False
1335	3.0023640076278744	0.612653662209524	0.20405708989749483	ZNF34	0.26962018	False
1336	3.0023640076278744	0.612653662209524	0.20405708989749483	RPL8	0.26962018	False
1337	3.0023640076278744	0.612653662209524	0.20405708989749483	MIR6850	0.26962018	False
1338	3.0023640076278744	0.612653662209524	0.20405708989749483	ZNF517	0.26962018	False
1339	3.0023640076278744	0.612653662209524	0.20405708989749483	ZNF7	0.26962018	False
1340	3.0023640076278744	0.612653662209524	0.20405708989749483	COMMD5	0.26962018	False
1341	3.0023640076278744	0.612653662209524	0.20405708989749483	ZNF250	0.26962018	False
1342	3.0023640076278744	0.612653662209524	0.20405708989749483	ZNF16	0.26962018	False
1343	3.0023640076278744	0.612653662209524	0.20405708989749483	ZNF252P-AS1	0.26962018	False
1344	3.0023640076278744	0.612653662209524	0.20405708989749483	C8orf33	0.26962018	False
1345	3.0743500385299405	0.704644691657332	0.22920119141484338	B4GALT1	0.2696208	False
1346	3.0743500385299405	0.704644691657332	0.22920119141484338	B4GALT1-AS1	0.2696208	False
1347	3.0743500385299405	0.704644691657332	0.22920119141484338	SPINK4	0.2696208	False
1348	3.0743500385299405	0.704644691657332	0.22920119141484338	BAG1	0.2696208	False
1349	3.0743500385299405	0.704644691657332	0.22920119141484338	CHMP5	0.2696208	False
1350	3.0743500385299405	0.704644691657332	0.22920119141484338	NFX1	0.2696208	False
1351	3.0743500385299405	0.704644691657332	0.22920119141484338	AQP7	0.2696208	False
1352	3.0743500385299405	0.704644691657332	0.22920119141484338	AQP3	0.2696208	False
1353	3.0743500385299405	0.704644691657332	0.22920119141484338	NOL6	0.2696208	False
1354	3.0743500385299405	0.704644691657332	0.22920119141484338	MIR6851	0.2696208	False
1355	3.0743500385299405	0.704644691657332	0.22920119141484338	ANKRD18B	0.2696208	False
1356	3.0743500385299405	0.704644691657332	0.22920119141484338	PTENP1-AS	0.2696208	False
1357	3.0743500385299405	0.704644691657332	0.22920119141484338	LINC01251	0.2696208	False
1358	3.0743500385299405	0.704644691657332	0.22920119141484338	PRSS3	0.2696208	False
1359	3.029212890610573	0.5986239287956817	0.19761698844316686	UBE2R2	0.2696201	False
1360	3.029212890610573	0.5986239287956817	0.19761698844316686	UBAP2	0.2696201	False
1361	3.029212890610573	0.5986239287956817	0.19761698844316686	SNORD121B	0.2696201	False
1362	3.029212890610573	0.5986239287956817	0.19761698844316686	SNORD121A	0.2696201	False
1363	3.029212890610573	0.5986239287956817	0.19761698844316686	DCAF12	0.2696201	False
1364	3.1164698845141423	0.7000154556885415	0.2246180716094659	UBAP1	0.26962078	False
1365	3.1164698845141423	0.7000154556885415	0.2246180716094659	KIF24	0.26962078	False
1366	3.1164698845141423	0.7000154556885415	0.2246180716094659	NUDT2	0.26962078	False
1367	3.1164698845141423	0.7000154556885415	0.2246180716094659	MYORG	0.26962078	False
1368	3.1164698845141423	0.7000154556885415	0.2246180716094659	C9orf24	0.26962078	False
1369	3.1164698845141423	0.7000154556885415	0.2246180716094659	FAM219A	0.26962078	False
1370	3.1164698845141423	0.7000154556885415	0.2246180716094659	DNAI1	0.26962078	False
1371	3.1164698845141423	0.7000154556885415	0.2246180716094659	ENHO	0.26962078	False
1372	3.1164698845141423	0.7000154556885415	0.2246180716094659	CNTFR	0.26962078	False
1373	3.1164698845141423	0.7000154556885415	0.2246180716094659	CNTFR-AS1	0.26962078	False
1374	3.1164698845141423	0.7000154556885415	0.2246180716094659	RPP25L	0.26962078	False
1375	3.1164698845141423	0.7000154556885415	0.2246180716094659	DCTN3	0.26962078	False
1376	3.1164698845141423	0.7000154556885415	0.2246180716094659	ARID3C	0.26962078	False
1377	3.1164698845141423	0.7000154556885415	0.2246180716094659	SIGMAR1	0.26962078	False
1378	3.1164698845141423	0.7000154556885415	0.2246180716094659	GALT	0.26962078	False
1379	3.1164698845141423	0.7000154556885415	0.2246180716094659	IL11RA	0.26962078	False
1380	3.1164698845141423	0.7000154556885415	0.2246180716094659	CCL27	0.26962078	False
1381	3.1164698845141423	0.7000154556885415	0.2246180716094659	LOC730098	0.26962078	False
1382	3.1164698845141423	0.7000154556885415	0.2246180716094659	CCL19	0.26962078	False
1383	3.1164698845141423	0.7000154556885415	0.2246180716094659	CCL21	0.26962078	False
1384	3.1164698845141423	0.7000154556885415	0.2246180716094659	FAM205A	0.26962078	False
1385	3.1164698845141423	0.7000154556885415	0.2246180716094659	FAM205C	0.26962078	False
1386	3.047065503235607	0.5888844134735611	0.19326280083189504	PHF24	0.26962036	False
1387	3.047065503235607	0.5888844134735611	0.19326280083189504	DNAJB5-DT	0.26962036	False
1388	3.047065503235607	0.5888844134735611	0.19326280083189504	DNAJB5	0.26962036	False
1389	3.047065503235607	0.5888844134735611	0.19326280083189504	C9orf131	0.26962036	False
1390	3.047065503235607	0.5888844134735611	0.19326280083189504	VCP	0.26962036	False
1391	3.047065503235607	0.5888844134735611	0.19326280083189504	FANCG	0.26962036	False
1392	3.047065503235607	0.5888844134735611	0.19326280083189504	PIGO	0.26962036	False
1393	3.047065503235607	0.5888844134735611	0.19326280083189504	STOML2	0.26962036	False
1394	3.0881728642491866	0.6618864041121888	0.2143294540842066	FAM214B	0.26962072	False
1395	3.0881728642491866	0.6618864041121888	0.2143294540842066	UNC13B	0.26962072	False
1396	3.0881728642491866	0.6618864041121888	0.2143294540842066	RUSC2	0.26962072	False
1397	3.0881728642491866	0.6618864041121888	0.2143294540842066	FAM166B	0.26962072	False
1398	3.0881728642491866	0.6618864041121888	0.2143294540842066	TESK1	0.26962075	False
1399	3.0881728642491866	0.6618864041121888	0.2143294540842066	MIR4667	0.26962075	False
1400	3.0881728642491866	0.6618864041121888	0.2143294540842066	CD72	0.26962075	False
1401	3.0881728642491866	0.6618864041121888	0.2143294540842066	LOC101926948	0.26962075	False
1402	3.0881728642491866	0.6618864041121888	0.2143294540842066	SIT1	0.26962075	False
1403	3.0881728642491866	0.6618864041121888	0.2143294540842066	RMRP	0.26962075	False
1404	3.0881728642491866	0.6618864041121888	0.2143294540842066	CCDC107	0.26962072	False
1405	3.0881728642491866	0.6618864041121888	0.2143294540842066	ARHGEF39	0.26962072	False
1406	3.0881728642491866	0.6618864041121888	0.2143294540842066	CA9	0.26962072	False
1407	3.0881728642491866	0.6618864041121888	0.2143294540842066	TPM2	0.26962072	False
1408	3.0881728642491866	0.6618864041121888	0.2143294540842066	TLN1	0.26962072	False
1409	3.0881728642491866	0.6618864041121888	0.2143294540842066	MIR6852	0.26962072	False
1410	3.0881728642491866	0.6618864041121888	0.2143294540842066	CREB3	0.26962072	False
1411	3.0881728642491866	0.6618864041121888	0.2143294540842066	MIR6853	0.26962072	False
1412	3.0881728642491866	0.6618864041121888	0.2143294540842066	GBA2	0.26962072	False
1413	3.0881728642491866	0.6618864041121888	0.2143294540842066	RGP1	0.26962075	False
1414	3.0881728642491866	0.6618864041121888	0.2143294540842066	MSMP	0.26962075	False
1415	3.0881728642491866	0.6618864041121888	0.2143294540842066	NPR2	0.26962075	False
1416	3.0881728642491866	0.6618864041121888	0.2143294540842066	SPAG8	0.26962075	False
1417	3.0881728642491866	0.6618864041121888	0.2143294540842066	HINT2	0.26962075	False
1418	3.0881728642491866	0.6618864041121888	0.2143294540842066	TMEM8B	0.26962075	False
1419	3.0881728642491866	0.6618864041121888	0.2143294540842066	FAM221B	0.26962072	False
1420	3.0881728642491866	0.6618864041121888	0.2143294540842066	LINC00950	0.26962072	False
1421	3.0881728642491866	0.6618864041121888	0.2143294540842066	OR13J1	0.26962072	False
1422	2.9123659054667606	0.5054085835103959	0.1735388340323929	HRCT1	0.26961973	False
1423	2.9123659054667606	0.5054085835103959	0.1735388340323929	SPAAR	0.26961973	False
1424	2.9123659054667606	0.5054085835103959	0.1735388340323929	OR2S2	0.26961973	False
1425	2.9123659054667606	0.5054085835103959	0.1735388340323929	RECK	0.26961973	False
1426	2.8399295377966585	0.4143504772762667	0.1459016752921757	GARNL3	0.26961923	False
1427	2.8399295377966585	0.4143504772762667	0.1459016752921757	SLC2A8	0.26961923	False
1428	2.8399295377966585	0.4143504772762667	0.1459016752921757	ZNF79	0.26961923	False
1429	2.8399295377966585	0.4143504772762667	0.1459016752921757	RPL12	0.26961923	False
1430	2.8399295377966585	0.4143504772762667	0.1459016752921757	SNORA65	0.26961923	False
1431	2.8399295377966585	0.4143504772762667	0.1459016752921757	LRSAM1	0.26961923	False
1432	2.8399295377966585	0.4143504772762667	0.1459016752921757	FAM129B	0.26961923	False
1433	2.8399295377966585	0.4143504772762667	0.1459016752921757	STXBP1	0.26961923	False
1434	2.8399295377966585	0.4143504772762667	0.1459016752921757	MIR3911	0.26961923	False
1435	2.8399295377966585	0.4143504772762667	0.1459016752921757	CFAP157	0.26961923	False
1436	2.8399295377966585	0.4143504772762667	0.1459016752921757	PTRH1	0.26961923	False
1437	2.8399295377966585	0.4143504772762667	0.1459016752921757	TTC16	0.26961923	False
1438	2.8399295377966585	0.4143504772762667	0.1459016752921757	TOR2A	0.26961923	False
1439	2.8399295377966585	0.4143504772762667	0.1459016752921757	SH2D3C	0.26961923	False
1440	2.8399295377966585	0.4143504772762667	0.1459016752921757	CDK9	0.26961923	False
1441	2.8399295377966585	0.4143504772762667	0.1459016752921757	MIR3960	0.26961923	False
1442	2.8399295377966585	0.4143504772762667	0.1459016752921757	FPGS	0.26961923	False
1443	2.8399295377966585	0.4143504772762667	0.1459016752921757	ENG	0.26961923	False
1444	2.8399295377966585	0.4143504772762667	0.1459016752921757	AK1	0.26961923	False
1445	2.8399295377966585	0.4143504772762667	0.1459016752921757	MIR4672	0.26961923	False
1446	2.7845021168072415	0.3422970479703251	0.12292935455290975	ST6GALNAC6	0.26961878	False
1447	2.7845021168072415	0.3422970479703251	0.12292935455290975	ST6GALNAC4	0.26961878	False
1448	2.7845021168072415	0.3422970479703251	0.12292935455290975	PIP5KL1	0.26961878	False
1449	2.7845021168072415	0.3422970479703251	0.12292935455290975	DPM2	0.26961878	False
1450	2.7845021168072415	0.3422970479703251	0.12292935455290975	FAM102A	0.26961878	False
1451	2.7845021168072415	0.3422970479703251	0.12292935455290975	NAIF1	0.26961878	False
1452	2.7845021168072415	0.3422970479703251	0.12292935455290975	SLC25A25	0.26961878	False
1453	2.8711602244635936	0.4081929448923697	0.142170033359469	SLC25A25-AS1	0.2696192	False
1454	2.8711602244635936	0.4081929448923697	0.142170033359469	PTGES2	0.2696192	False
1455	2.8711602244635936	0.4081929448923697	0.142170033359469	PTGES2-AS1	0.2696192	False
1456	2.8711602244635936	0.4081929448923697	0.142170033359469	LCN2	0.2696192	False
1457	2.8711602244635936	0.4081929448923697	0.142170033359469	C9orf16	0.2696192	False
1458	2.8711602244635936	0.4081929448923697	0.142170033359469	CIZ1	0.2696192	False
1459	2.8711602244635936	0.4081929448923697	0.142170033359469	DNM1	0.2696192	False
1460	2.8711602244635936	0.4081929448923697	0.142170033359469	MIR199B	0.2696192	False
1461	2.8711602244635936	0.4081929448923697	0.142170033359469	MIR3154	0.2696192	False
1462	2.8711602244635936	0.4081929448923697	0.142170033359469	GOLGA2	0.2696192	False
1463	2.8711602244635936	0.4081929448923697	0.142170033359469	SWI5	0.2696192	False
1464	2.8711602244635936	0.4081929448923697	0.142170033359469	TRUB2	0.2696192	False
1465	2.8711602244635936	0.4081929448923697	0.142170033359469	COQ4	0.2696192	False
1466	2.8711602244635936	0.4081929448923697	0.142170033359469	SLC27A4	0.2696192	False
1467	2.8711602244635936	0.4081929448923697	0.142170033359469	URM1	0.2696192	False
1468	2.8711602244635936	0.4081929448923697	0.142170033359469	MIR219A2	0.2696192	False
1469	2.8711602244635936	0.4081929448923697	0.142170033359469	CERCAM	0.2696192	False
1470	2.8711602244635936	0.4081929448923697	0.142170033359469	ODF2	0.2696192	False
1471	2.8711602244635936	0.4081929448923697	0.142170033359469	GLE1	0.2696192	False
1472	2.8711602244635936	0.4081929448923697	0.142170033359469	SPTAN1	0.2696192	False
1473	2.8711602244635936	0.4081929448923697	0.142170033359469	WDR34	0.2696192	False
1474	2.8711602244635936	0.4081929448923697	0.142170033359469	SET	0.2696192	False
1475	2.8711602244635936	0.4081929448923697	0.142170033359469	PKN3	0.2696192	False
1476	2.8711602244635936	0.4081929448923697	0.142170033359469	ZDHHC12	0.2696192	False
1477	2.8711602244635936	0.4081929448923697	0.142170033359469	LOC100506100	0.2696192	False
1478	2.8711602244635936	0.4081929448923697	0.142170033359469	ZER1	0.2696192	False
1479	2.8711602244635936	0.4081929448923697	0.142170033359469	TBC1D13	0.2696192	False
1480	2.8711602244635936	0.4081929448923697	0.142170033359469	ENDOG	0.2696192	False
1481	2.8711602244635936	0.4081929448923697	0.142170033359469	SPOUT1	0.2696192	False
1482	2.8711602244635936	0.4081929448923697	0.142170033359469	KYAT1	0.2696192	False
1483	2.899373124802079	0.5544913672504116	0.1912452600554001	DPP7	0.26961982	False
1484	2.899373124802079	0.5544913672504116	0.1912452600554001	GRIN1	0.26961982	False
1485	2.899373124802079	0.5544913672504116	0.1912452600554001	LRRC26	0.26961982	False
1486	2.899373124802079	0.5544913672504116	0.1912452600554001	MIR3621	0.26961982	False
1487	2.899373124802079	0.5544913672504116	0.1912452600554001	TMEM210	0.26961982	False
1488	2.899373124802079	0.5544913672504116	0.1912452600554001	ANAPC2	0.26961982	False
1489	2.899373124802079	0.5544913672504116	0.1912452600554001	SSNA1	0.26961982	False
1490	2.899373124802079	0.5544913672504116	0.1912452600554001	TPRN	0.26961982	False
1491	2.899373124802079	0.5544913672504116	0.1912452600554001	TMEM203	0.26961982	False
1492	2.899373124802079	0.5544913672504116	0.1912452600554001	NDOR1	0.26961982	False
1493	2.899373124802079	0.5544913672504116	0.1912452600554001	RNF208	0.26961982	False
1494	2.899373124802079	0.5544913672504116	0.1912452600554001	CYSRT1	0.26961982	False
1495	2.899373124802079	0.5544913672504116	0.1912452600554001	RNF224	0.26961982	False
1496	2.899373124802079	0.5544913672504116	0.1912452600554001	SLC34A3	0.26961982	False
1497	2.899373124802079	0.5544913672504116	0.1912452600554001	TUBB4B	0.26961982	False
1498	2.899373124802079	0.5544913672504116	0.1912452600554001	FAM166A	0.26961982	False
1499	2.899373124802079	0.5544913672504116	0.1912452600554001	STPG3-AS1	0.26961982	False
1500	2.899373124802079	0.5544913672504116	0.1912452600554001	STPG3	0.26961982	False
1501	2.899373124802079	0.5544913672504116	0.1912452600554001	NELFB	0.26961982	False
1502	2.899373124802079	0.5544913672504116	0.1912452600554001	TOR4A	0.26961982	False
1503	2.899373124802079	0.5544913672504116	0.1912452600554001	NRARP	0.26961982	False
1504	2.899373124802079	0.5544913672504116	0.1912452600554001	EXD3	0.26961982	False
1505	2.899373124802079	0.5544913672504116	0.1912452600554001	NOXA1	0.26961982	False
1506	2.899373124802079	0.5544913672504116	0.1912452600554001	ENTPD8	0.26961982	False
1507	2.899373124802079	0.5544913672504116	0.1912452600554001	NSMF	0.26961982	False
1508	2.899373124802079	0.5544913672504116	0.1912452600554001	MIR7114	0.26961982	False
1509	2.899373124802079	0.5544913672504116	0.1912452600554001	PNPLA7	0.26961982	False
1510	2.899373124802079	0.5544913672504116	0.1912452600554001	MRPL41	0.26961982	False
1511	2.899373124802079	0.5544913672504116	0.1912452600554001	DPH7	0.26961982	False
1512	2.899373124802079	0.5544913672504116	0.1912452600554001	ZMYND19	0.26961982	False
1513	2.899373124802079	0.5544913672504116	0.1912452600554001	ARRDC1	0.26961982	False
1514	2.899373124802079	0.5544913672504116	0.1912452600554001	ARRDC1-AS1	0.26961982	False
1515	2.899373124802079	0.5544913672504116	0.1912452600554001	EHMT1	0.26961982	False
1516	2.899373124802079	0.5544913672504116	0.1912452600554001	MIR602	0.26961982	False
1517	2.899373124802079	0.5544913672504116	0.1912452600554001	LOC100133077	0.26961982	False
1518	2.899373124802079	0.5544913672504116	0.1912452600554001	CACNA1B	0.26961982	False
1519	3.078891205766351	0.6954024174224017	0.22586131530727882	NUDT13	0.26962087	False
1520	3.078891205766351	0.6954024174224017	0.22586131530727882	ECD	0.26962087	False
1521	3.078891205766351	0.6954024174224017	0.22586131530727882	FAM149B1	0.26962087	False
1522	3.078891205766351	0.6954024174224017	0.22586131530727882	DNAJC9	0.26962087	False
1523	3.078891205766351	0.6954024174224017	0.22586131530727882	DNAJC9-AS1	0.26962087	False
1524	3.078891205766351	0.6954024174224017	0.22586131530727882	MRPS16	0.26962087	False
1525	3.078891205766351	0.6954024174224017	0.22586131530727882	CFAP70	0.26962087	False
1526	3.078891205766351	0.6954024174224017	0.22586131530727882	ANXA7	0.26962087	False
1527	3.078891205766351	0.6954024174224017	0.22586131530727882	MSS51	0.26962087	False
1528	3.078891205766351	0.6954024174224017	0.22586131530727882	PPP3CB	0.26962087	False
1529	3.078891205766351	0.6954024174224017	0.22586131530727882	PPP3CB-AS1	0.26962087	False
1530	3.078891205766351	0.6954024174224017	0.22586131530727882	USP54	0.26962087	False
1531	3.078891205766351	0.6954024174224017	0.22586131530727882	MYOZ1	0.26962087	False
1532	3.078891205766351	0.6954024174224017	0.22586131530727882	SYNPO2L	0.26962087	False
1533	3.078891205766351	0.6954024174224017	0.22586131530727882	AGAP5	0.26962087	False
1534	3.078891205766351	0.6954024174224017	0.22586131530727882	BMS1P4	0.26962087	False
1535	3.078891205766351	0.6954024174224017	0.22586131530727882	SEC24C	0.26962087	False
1536	3.078891205766351	0.6954024174224017	0.22586131530727882	FUT11	0.26962087	False
1537	3.078891205766351	0.6954024174224017	0.22586131530727882	CHCHD1	0.26962087	False
1538	3.078891205766351	0.6954024174224017	0.22586131530727882	ZSWIM8	0.26962087	False
1539	3.078891205766351	0.6954024174224017	0.22586131530727882	ZSWIM8-AS1	0.26962087	False
1540	3.078891205766351	0.6954024174224017	0.22586131530727882	NDST2	0.26962087	False
1541	3.078891205766351	0.6954024174224017	0.22586131530727882	CAMK2G	0.26962087	False
1542	3.0226393454060676	0.6958851742190771	0.23022434855706891	AP3M1	0.2696209	False
1543	3.0226393454060676	0.6958851742190771	0.23022434855706891	ADK	0.2696209	False
1544	3.0226393454060676	0.6958851742190771	0.23022434855706891	LOC102723439	0.2696209	False
1545	2.916430696006575	0.5129113027133578	0.1758695323758866	LDB1	0.26961967	False
1546	2.916430696006575	0.5129113027133578	0.1758695323758866	PPRC1	0.26961967	False
1547	2.916430696006575	0.5129113027133578	0.1758695323758866	NOLC1	0.26961967	False
1548	2.916430696006575	0.5129113027133578	0.1758695323758866	ELOVL3	0.26961967	False
1549	2.916430696006575	0.5129113027133578	0.1758695323758866	PITX3	0.26961967	False
1550	2.916430696006575	0.5129113027133578	0.1758695323758866	GBF1	0.26961967	False
1551	2.916430696006575	0.5129113027133578	0.1758695323758866	NFKB2	0.26961967	False
1552	2.916430696006575	0.5129113027133578	0.1758695323758866	PSD	0.26961967	False
1553	2.916430696006575	0.5129113027133578	0.1758695323758866	FBXL15	0.26961967	False
1554	2.916430696006575	0.5129113027133578	0.1758695323758866	CUEDC2	0.26961967	False
1555	2.916430696006575	0.5129113027133578	0.1758695323758866	MIR146B	0.26961967	False
1556	2.916430696006575	0.5129113027133578	0.1758695323758866	RPARP-AS1	0.26961967	False
1557	2.916430696006575	0.5129113027133578	0.1758695323758866	C10orf95	0.26961967	False
1558	2.916430696006575	0.5129113027133578	0.1758695323758866	MFSD13A	0.26961967	False
1559	2.916430696006575	0.5129113027133578	0.1758695323758866	ACTR1A	0.26961967	False
1560	2.916430696006575	0.5129113027133578	0.1758695323758866	SUFU	0.26961967	False
1561	2.916430696006575	0.5129113027133578	0.1758695323758866	TRIM8	0.26961967	False
1562	2.916430696006575	0.5129113027133578	0.1758695323758866	ARL3	0.26961967	False
1563	2.916430696006575	0.5129113027133578	0.1758695323758866	SFXN2	0.26961967	False
1564	2.916430696006575	0.5129113027133578	0.1758695323758866	WBP1L	0.26961967	False
1565	2.916430696006575	0.5129113027133578	0.1758695323758866	CYP17A1	0.26961967	False
1566	2.916430696006575	0.5129113027133578	0.1758695323758866	BORCS7	0.26961967	False
1567	2.8778447241832588	0.43673590775914345	0.15175798196794318	INCENP	0.26961926	False
1568	2.8778447241832588	0.43673590775914345	0.15175798196794318	SCGB1D1	0.26961926	False
1569	2.8778447241832588	0.43673590775914345	0.15175798196794318	SCGB2A1	0.26961926	False
1570	2.8778447241832588	0.43673590775914345	0.15175798196794318	SCGB1D2	0.26961926	False
1571	2.8778447241832588	0.43673590775914345	0.15175798196794318	SCGB2A2	0.26961926	False
1572	2.8778447241832588	0.43673590775914345	0.15175798196794318	SCGB1D4	0.26961926	False
1573	2.8778447241832588	0.43673590775914345	0.15175798196794318	ASRGL1	0.26961926	False
1574	2.8778447241832588	0.43673590775914345	0.15175798196794318	SCGB1A1	0.26961926	False
1575	2.8778447241832588	0.43673590775914345	0.15175798196794318	AHNAK	0.26961926	False
1576	2.8778447241832588	0.43673590775914345	0.15175798196794318	EEF1G	0.26961926	False
1577	2.8778447241832588	0.43673590775914345	0.15175798196794318	MIR6747	0.26961926	False
1578	2.8778447241832588	0.43673590775914345	0.15175798196794318	TUT1	0.26961926	False
1579	2.8778447241832588	0.43673590775914345	0.15175798196794318	MTA2	0.26961926	False
1580	2.8778447241832588	0.43673590775914345	0.15175798196794318	EML3	0.26961926	False
1581	2.8778447241832588	0.43673590775914345	0.15175798196794318	ROM1	0.26961926	False
1582	2.8778447241832588	0.43673590775914345	0.15175798196794318	B3GAT3	0.26961926	False
1583	2.8778447241832588	0.43673590775914345	0.15175798196794318	GANAB	0.26961926	False
1584	2.8778447241832588	0.43673590775914345	0.15175798196794318	INTS5	0.26961926	False
1585	2.8778447241832588	0.43673590775914345	0.15175798196794318	C11orf98	0.26961926	False
1586	2.8778447241832588	0.43673590775914345	0.15175798196794318	LBHD1	0.26961926	False
1587	2.8778447241832588	0.43673590775914345	0.15175798196794318	CSKMT	0.26961926	False
1588	2.8778447241832588	0.43673590775914345	0.15175798196794318	SNORA57	0.26961926	False
1589	2.8778447241832588	0.43673590775914345	0.15175798196794318	UQCC3	0.26961926	False
1590	2.8778447241832588	0.43673590775914345	0.15175798196794318	UBXN1	0.26961926	False
1591	2.8778447241832588	0.43673590775914345	0.15175798196794318	LRRN4CL	0.26961926	False
1592	2.8778447241832588	0.43673590775914345	0.15175798196794318	BSCL2	0.26961926	False
1593	2.8778447241832588	0.43673590775914345	0.15175798196794318	HNRNPUL2-BSCL2	0.26961926	False
1594	2.8778447241832588	0.43673590775914345	0.15175798196794318	GNG3	0.26961926	False
1595	2.8778447241832588	0.43673590775914345	0.15175798196794318	HNRNPUL2	0.26961926	False
1596	2.8778447241832588	0.43673590775914345	0.15175798196794318	TTC9C	0.26961926	False
1597	2.8778447241832588	0.43673590775914345	0.15175798196794318	ZBTB3	0.26961926	False
1598	2.8778447241832588	0.43673590775914345	0.15175798196794318	POLR2G	0.26961926	False
1599	2.8778447241832588	0.43673590775914345	0.15175798196794318	TAF6L	0.26961926	False
1600	2.8778447241832588	0.43673590775914345	0.15175798196794318	TMEM223	0.26961926	False
1601	2.8778447241832588	0.43673590775914345	0.15175798196794318	TMEM179B	0.26961926	False
1602	2.8778447241832588	0.43673590775914345	0.15175798196794318	MIR6748	0.26961926	False
1603	2.8778447241832588	0.43673590775914345	0.15175798196794318	NXF1	0.26961926	False
1604	2.8778447241832588	0.43673590775914345	0.15175798196794318	MIR6514	0.26961926	False
1605	2.8778447241832588	0.43673590775914345	0.15175798196794318	STX5	0.26961926	False
1606	2.8778447241832588	0.43673590775914345	0.15175798196794318	LOC105369332	0.26961926	False
1607	2.8778447241832588	0.43673590775914345	0.15175798196794318	WDR74	0.26961926	False
1608	2.8778447241832588	0.43673590775914345	0.15175798196794318	SNHG1	0.26961926	False
1609	2.8778447241832588	0.43673590775914345	0.15175798196794318	SNORD22	0.26961926	False
1610	2.8778447241832588	0.43673590775914345	0.15175798196794318	SNORD30	0.26961926	False
1611	2.8778447241832588	0.43673590775914345	0.15175798196794318	SNORD28	0.26961926	False
1612	2.8778447241832588	0.43673590775914345	0.15175798196794318	SNORD27	0.26961926	False
1613	2.8778447241832588	0.43673590775914345	0.15175798196794318	SNORD26	0.26961926	False
1614	2.8778447241832588	0.43673590775914345	0.15175798196794318	SNORD25	0.26961926	False
1615	2.8778447241832588	0.43673590775914345	0.15175798196794318	SLC3A2	0.26961926	False
1616	2.968046616208375	0.40675437819814475	0.13704447092470737	CHRM1	0.26961938	False
1617	2.968046616208375	0.40675437819814475	0.13704447092470737	SLC22A6	0.26961938	False
1618	2.968046616208375	0.40675437819814475	0.13704447092470737	SLC22A8	0.26961938	False
1619	2.968046616208375	0.40675437819814475	0.13704447092470737	SLC22A24	0.26961938	False
1620	3.0824857144122095	0.47687726320033474	0.15470542522571565	SLC22A10	0.26961982	False
1621	3.0824857144122095	0.47687726320033474	0.15470542522571565	SLC22A25	0.26961982	False
1622	3.0824857144122095	0.47687726320033474	0.15470542522571565	SLC22A9	0.26961982	False
1623	3.0824857144122095	0.47687726320033474	0.15470542522571565	HRASLS5	0.26961982	False
1624	3.0824857144122095	0.47687726320033474	0.15470542522571565	LGALS12	0.26961982	False
1625	3.0824857144122095	0.47687726320033474	0.15470542522571565	RARRES3	0.26961982	False
1626	3.0824857144122095	0.47687726320033474	0.15470542522571565	HRASLS2	0.26961982	False
1627	3.0824857144122095	0.47687726320033474	0.15470542522571565	PLA2G16	0.26961982	False
1628	3.0824857144122095	0.47687726320033474	0.15470542522571565	ATL3	0.26961982	False
1629	3.0824857144122095	0.47687726320033474	0.15470542522571565	RTN3	0.26961982	False
1630	3.0824857144122095	0.47687726320033474	0.15470542522571565	C11orf95	0.26961982	False
1631	3.0824857144122095	0.47687726320033474	0.15470542522571565	SPINDOC	0.26961982	False
1632	3.234011223784269	0.5112051891180421	0.15807155688218572	MARK2	0.26962036	False
1633	3.234011223784269	0.5112051891180421	0.15807155688218572	RCOR2	0.26962036	False
1634	3.234011223784269	0.5112051891180421	0.15807155688218572	NAA40	0.26962036	False
1635	3.234011223784269	0.5112051891180421	0.15807155688218572	COX8A	0.26962036	False
1636	3.234011223784269	0.5112051891180421	0.15807155688218572	OTUB1	0.26962036	False
1637	3.234011223784269	0.5112051891180421	0.15807155688218572	MACROD1	0.26962036	False
1638	3.44380745442874	0.6967293618811252	0.20231368074458708	FLRT1	0.26962188	False
1639	3.44380745442874	0.6967293618811252	0.20231368074458708	STIP1	0.26962188	False
1640	3.44380745442874	0.6967293618811252	0.20231368074458708	FERMT3	0.26962188	False
1641	3.44380745442874	0.6967293618811252	0.20231368074458708	TRPT1	0.26962188	False
1642	3.44380745442874	0.6967293618811252	0.20231368074458708	NUDT22	0.26962188	False
1643	3.44380745442874	0.6967293618811252	0.20231368074458708	DNAJC4	0.26962188	False
1644	3.44380745442874	0.6967293618811252	0.20231368074458708	VEGFB	0.26962188	False
1645	3.44380745442874	0.6967293618811252	0.20231368074458708	FKBP2	0.26962188	False
1646	3.44380745442874	0.6967293618811252	0.20231368074458708	PPP1R14B	0.26962188	False
1647	3.44380745442874	0.6967293618811252	0.20231368074458708	LOC105369340	0.26962188	False
1648	3.44380745442874	0.6967293618811252	0.20231368074458708	PLCB3	0.26962188	False
1649	3.44380745442874	0.6967293618811252	0.20231368074458708	BAD	0.26962188	False
1650	3.44380745442874	0.6967293618811252	0.20231368074458708	GPR137	0.26962188	False
1651	3.44380745442874	0.6967293618811252	0.20231368074458708	KCNK4	0.26962188	False
1652	3.44380745442874	0.6967293618811252	0.20231368074458708	KCNK4-TEX40	0.26962188	False
1653	3.44380745442874	0.6967293618811252	0.20231368074458708	CATSPERZ	0.26962188	False
1654	3.44380745442874	0.6967293618811252	0.20231368074458708	ESRRA	0.26962188	False
1655	3.44380745442874	0.6967293618811252	0.20231368074458708	TRMT112	0.26962188	False
1656	3.44380745442874	0.6967293618811252	0.20231368074458708	PRDX5	0.26962188	False
1657	3.44380745442874	0.6967293618811252	0.20231368074458708	CCDC88B	0.26962188	False
1658	3.44380745442874	0.6967293618811252	0.20231368074458708	MIR7155	0.26962188	False
1659	3.44380745442874	0.6967293618811252	0.20231368074458708	RPS6KA4	0.26962188	False
1660	3.44380745442874	0.6967293618811252	0.20231368074458708	MIR1237	0.26962188	False
1661	3.44380745442874	0.6967293618811252	0.20231368074458708	LOC100996455	0.26962188	False
1662	3.44380745442874	0.6967293618811252	0.20231368074458708	SLC22A11	0.26962188	False
1663	3.44380745442874	0.6967293618811252	0.20231368074458708	SLC22A12	0.26962188	False
1664	3.44380745442874	0.6967293618811252	0.20231368074458708	NRXN2	0.26962188	False
1665	3.44380745442874	0.6967293618811252	0.20231368074458708	RASGRP2	0.26962188	False
1666	3.44380745442874	0.6967293618811252	0.20231368074458708	PYGM	0.26962188	False
1667	3.44380745442874	0.6967293618811252	0.20231368074458708	SF1	0.26962188	False
1668	3.44380745442874	0.6967293618811252	0.20231368074458708	MAP4K2	0.26962188	False
1669	3.44380745442874	0.6967293618811252	0.20231368074458708	MEN1	0.26962188	False
1670	3.44380745442874	0.6967293618811252	0.20231368074458708	CDC42BPG	0.26962188	False
1671	3.44380745442874	0.6967293618811252	0.20231368074458708	EHD1	0.26962188	False
1672	3.44380745442874	0.6967293618811252	0.20231368074458708	MIR194-2HG	0.26962188	False
1673	3.44380745442874	0.6967293618811252	0.20231368074458708	MIR192	0.26962188	False
1674	3.44380745442874	0.6967293618811252	0.20231368074458708	MIR194-2	0.26962188	False
1675	3.495267173877351	0.65772035452461	0.18817455771056013	ATG2A	0.26962188	False
1676	3.44380745442874	0.6967293618811252	0.20231368074458708	MIR6750	0.26962188	False
1677	3.495267173877351	0.65772035452461	0.18817455771056013	MIR6749	0.26962188	False
1678	3.495267173877351	0.65772035452461	0.18817455771056013	PPP2R5B	0.26962188	False
1679	3.495267173877351	0.65772035452461	0.18817455771056013	GPHA2	0.26962188	False
1680	3.495267173877351	0.65772035452461	0.18817455771056013	MAJIN	0.26962188	False
1681	3.495267173877351	0.65772035452461	0.18817455771056013	BATF2	0.26962188	False
1682	3.495267173877351	0.65772035452461	0.18817455771056013	ARL2	0.26962188	False
1683	3.495267173877351	0.65772035452461	0.18817455771056013	ARL2-SNX15	0.26962188	False
1684	3.495267173877351	0.65772035452461	0.18817455771056013	MIR6879	0.26962188	False
1685	3.495267173877351	0.65772035452461	0.18817455771056013	SNX15	0.26962188	False
1686	3.495267173877351	0.65772035452461	0.18817455771056013	SAC3D1	0.26962188	False
1687	3.495267173877351	0.65772035452461	0.18817455771056013	NAALADL1	0.26962188	False
1688	3.495267173877351	0.65772035452461	0.18817455771056013	CDCA5	0.26962188	False
1689	3.495267173877351	0.65772035452461	0.18817455771056013	ZFPL1	0.26962188	False
1690	3.495267173877351	0.65772035452461	0.18817455771056013	TMEM262	0.26962188	False
1691	3.495267173877351	0.65772035452461	0.18817455771056013	VPS51	0.26962188	False
1692	3.6655999630234755	0.8184772780196644	0.2232860340124416	TM7SF2	0.26962346	False
1693	3.6655999630234755	0.8184772780196644	0.2232860340124416	ZNHIT2	0.26962346	False
1694	3.6655999630234755	0.8184772780196644	0.2232860340124416	FAU	0.26962346	False
1695	3.6655999630234755	0.8184772780196644	0.2232860340124416	SYVN1	0.26962346	False
1696	3.6655999630234755	0.8184772780196644	0.2232860340124416	MRPL49	0.26962346	False
1697	3.6655999630234755	0.8184772780196644	0.2232860340124416	MIR6751	0.26962346	False
1698	3.6655999630234755	0.8184772780196644	0.2232860340124416	SPDYC	0.26962346	False
1699	3.6655999630234755	0.8184772780196644	0.2232860340124416	CAPN1	0.26962346	False
1700	3.6655999630234755	0.8184772780196644	0.2232860340124416	POLA2	0.26962346	False
1701	3.6655999630234755	0.8184772780196644	0.2232860340124416	CDC42EP2	0.26962346	False
1702	3.6655999630234755	0.8184772780196644	0.2232860340124416	DPF2	0.26962346	False
1703	3.6655999630234755	0.8184772780196644	0.2232860340124416	TIGD3	0.26962346	False
1704	3.6655999630234755	0.8184772780196644	0.2232860340124416	SLC25A45	0.26962346	False
1705	3.6655999630234755	0.8184772780196644	0.2232860340124416	FRMD8	0.26962346	False
1706	3.6655999630234755	0.8184772780196644	0.2232860340124416	NEAT1	0.26962346	False
1707	3.6655999630234755	0.8184772780196644	0.2232860340124416	MIR612	0.26962346	False
1708	3.6655999630234755	0.8184772780196644	0.2232860340124416	MALAT1	0.26962346	False
1709	3.6655999630234755	0.8184772780196644	0.2232860340124416	SCYL1	0.26962346	False
1710	3.6655999630234755	0.8184772780196644	0.2232860340124416	LTBP3	0.26962346	False
1711	3.6655999630234755	0.8184772780196644	0.2232860340124416	SSSCA1-AS1	0.26962346	False
1712	3.6655999630234755	0.8184772780196644	0.2232860340124416	SSSCA1	0.26962346	False
1713	3.6655999630234755	0.8184772780196644	0.2232860340124416	FAM89B	0.26962346	False
1714	3.6655999630234755	0.8184772780196644	0.2232860340124416	EHBP1L1	0.26962346	False
1715	3.6655999630234755	0.8184772780196644	0.2232860340124416	SIPA1	0.26962346	False
1716	3.6655999630234755	0.8184772780196644	0.2232860340124416	KCNK7	0.26962346	False
1717	3.6655999630234755	0.8184772780196644	0.2232860340124416	MAP3K11	0.26962346	False
1718	3.6655999630234755	0.8184772780196644	0.2232860340124416	PCNX3	0.26962346	False
1719	3.6655999630234755	0.8184772780196644	0.2232860340124416	MIR4690	0.26962346	False
1720	3.6655999630234755	0.8184772780196644	0.2232860340124416	MIR4489	0.26962346	False
1721	3.6655999630234755	0.8184772780196644	0.2232860340124416	RELA	0.26962346	False
1722	3.6655999630234755	0.8184772780196644	0.2232860340124416	KAT5	0.26962346	False
1723	3.6655999630234755	0.8184772780196644	0.2232860340124416	RNASEH2C	0.26962346	False
1724	3.6655999630234755	0.8184772780196644	0.2232860340124416	AP5B1	0.26962346	False
1725	3.6655999630234755	0.8184772780196644	0.2232860340124416	OVOL1	0.26962346	False
1726	3.6655999630234755	0.8184772780196644	0.2232860340124416	OVOL1-AS1	0.26962346	False
1727	3.6655999630234755	0.8184772780196644	0.2232860340124416	CFL1	0.26962346	False
1728	3.6655999630234755	0.8184772780196644	0.2232860340124416	SNX32	0.26962346	False
1729	3.6655999630234755	0.8184772780196644	0.2232860340124416	MUS81	0.26962346	False
1730	3.6655999630234755	0.8184772780196644	0.2232860340124416	EFEMP2	0.26962346	False
1731	3.6655999630234755	0.8184772780196644	0.2232860340124416	CTSW	0.26962346	False
1732	3.6655999630234755	0.8184772780196644	0.2232860340124416	FIBP	0.26962346	False
1733	3.6655999630234755	0.8184772780196644	0.2232860340124416	CCDC85B	0.26962346	False
1734	3.445863194729457	0.5973587857158266	0.17335534000000444	FOSL1	0.26962137	False
1735	3.445863194729457	0.5973587857158266	0.17335534000000444	C11orf68	0.26962137	False
1736	3.445863194729457	0.5973587857158266	0.17335534000000444	DRAP1	0.26962137	False
1737	3.445863194729457	0.5973587857158266	0.17335534000000444	TSGA10IP	0.26962137	False
1738	3.445863194729457	0.5973587857158266	0.17335534000000444	SART1	0.26962137	False
1739	3.445863194729457	0.5973587857158266	0.17335534000000444	EIF1AD	0.26962137	False
1740	3.445863194729457	0.5973587857158266	0.17335534000000444	BANF1	0.26962137	False
1741	3.445863194729457	0.5973587857158266	0.17335534000000444	CST6	0.26962137	False
1742	3.445863194729457	0.5973587857158266	0.17335534000000444	CATSPER1	0.26962137	False
1743	3.445863194729457	0.5973587857158266	0.17335534000000444	GAL3ST3	0.26962137	False
1744	3.445863194729457	0.5973587857158266	0.17335534000000444	SF3B2	0.26962137	False
1745	3.445863194729457	0.5973587857158266	0.17335534000000444	PACS1	0.26962137	False
1746	3.464764750472952	0.625093271338577	0.18041434739638518	KLC2	0.26962158	False
1747	3.464764750472952	0.625093271338577	0.18041434739638518	RAB1B	0.26962158	False
1748	3.464764750472952	0.625093271338577	0.18041434739638518	CNIH2	0.26962158	False
1749	3.464764750472952	0.625093271338577	0.18041434739638518	YIF1A	0.26962158	False
1750	3.464764750472952	0.625093271338577	0.18041434739638518	TMEM151A	0.26962158	False
1751	3.464764750472952	0.625093271338577	0.18041434739638518	CD248	0.26962158	False
1752	3.464764750472952	0.625093271338577	0.18041434739638518	RIN1	0.26962158	False
1753	3.464764750472952	0.625093271338577	0.18041434739638518	BRMS1	0.26962158	False
1754	3.464764750472952	0.625093271338577	0.18041434739638518	B4GAT1	0.26962158	False
1755	3.464764750472952	0.625093271338577	0.18041434739638518	SLC29A2	0.26962158	False
1756	3.464764750472952	0.625093271338577	0.18041434739638518	NPAS4	0.26962158	False
1757	3.464764750472952	0.625093271338577	0.18041434739638518	MRPL11	0.26962158	False
1758	3.464764750472952	0.625093271338577	0.18041434739638518	PELI3	0.26962158	False
1759	3.464764750472952	0.625093271338577	0.18041434739638518	LOC101928069	0.26962158	False
1760	3.464764750472952	0.625093271338577	0.18041434739638518	DPP3	0.26962158	False
1761	3.464764750472952	0.625093271338577	0.18041434739638518	BBS1	0.26962158	False
1762	3.464764750472952	0.625093271338577	0.18041434739638518	ZDHHC24	0.26962158	False
1763	3.464764750472952	0.625093271338577	0.18041434739638518	ACTN3	0.26962158	False
1764	3.464764750472952	0.625093271338577	0.18041434739638518	CTSF	0.26962158	False
1765	3.464764750472952	0.625093271338577	0.18041434739638518	CCDC87	0.26962158	False
1766	3.464764750472952	0.625093271338577	0.18041434739638518	CCS	0.26962158	False
1767	3.464764750472952	0.625093271338577	0.18041434739638518	RBM14	0.26962158	False
1768	3.464764750472952	0.625093271338577	0.18041434739638518	RBM14-RBM4	0.26962158	False
1769	3.464764750472952	0.625093271338577	0.18041434739638518	RBM4	0.26962158	False
1770	3.464764750472952	0.625093271338577	0.18041434739638518	RBM4B	0.26962158	False
1771	3.464764750472952	0.625093271338577	0.18041434739638518	SPTBN2	0.26962158	False
1772	3.464764750472952	0.625093271338577	0.18041434739638518	C11orf80	0.26962158	False
1773	3.464764750472952	0.625093271338577	0.18041434739638518	RCE1	0.26962158	False
1774	3.166998476609385	0.43739117239399433	0.13810905676919333	PC	0.26961988	False
1775	3.464764750472952	0.625093271338577	0.18041434739638518	LRFN4	0.26962158	False
1776	3.166998476609385	0.43739117239399433	0.13810905676919333	MIR3163	0.26961988	False
1777	3.166998476609385	0.43739117239399433	0.13810905676919333	C11orf86	0.26961988	False
1778	3.166998476609385	0.43739117239399433	0.13810905676919333	SYT12	0.26961988	False
1779	3.166998476609385	0.43739117239399433	0.13810905676919333	RHOD	0.26961988	False
1780	2.9974689928909473	0.4093635514617098	0.13656973681215426	KDM2A	0.26961946	False
1781	2.9974689928909473	0.4093635514617098	0.13656973681215426	GRK2	0.26961946	False
1782	2.9974689928909473	0.4093635514617098	0.13656973681215426	ANKRD13D	0.26961946	False
1783	2.9974689928909473	0.4093635514617098	0.13656973681215426	SSH3	0.26961946	False
1784	2.9974689928909473	0.4093635514617098	0.13656973681215426	LOC100130987	0.26961946	False
1785	2.9974689928909473	0.4093635514617098	0.13656973681215426	POLD4	0.26961946	False
1786	2.9974689928909473	0.4093635514617098	0.13656973681215426	CLCF1	0.26961946	False
1787	2.9974689928909473	0.4093635514617098	0.13656973681215426	RAD9A	0.26961946	False
1788	2.9974689928909473	0.4093635514617098	0.13656973681215426	PPP1CA	0.26961946	False
1789	2.9974689928909473	0.4093635514617098	0.13656973681215426	TBC1D10C	0.26961946	False
1790	2.9974689928909473	0.4093635514617098	0.13656973681215426	CARNS1	0.26961946	False
1791	2.9974689928909473	0.4093635514617098	0.13656973681215426	RPS6KB2	0.26961946	False
1792	2.9974689928909473	0.4093635514617098	0.13656973681215426	PTPRCAP	0.26961946	False
1793	2.9974689928909473	0.4093635514617098	0.13656973681215426	CORO1B	0.26961946	False
1794	2.9974689928909473	0.4093635514617098	0.13656973681215426	GPR152	0.26961946	False
1795	2.9974689928909473	0.4093635514617098	0.13656973681215426	CABP4	0.26961946	False
1796	2.9974689928909473	0.4093635514617098	0.13656973681215426	TMEM134	0.26961946	False
1797	2.9974689928909473	0.4093635514617098	0.13656973681215426	AIP	0.26961946	False
1798	2.9974689928909473	0.4093635514617098	0.13656973681215426	MIR6752	0.26961946	False
1799	2.9974689928909473	0.4093635514617098	0.13656973681215426	PITPNM1	0.26961946	False
1800	2.9974689928909473	0.4093635514617098	0.13656973681215426	CDK2AP2	0.26961946	False
1801	2.9974689928909473	0.4093635514617098	0.13656973681215426	CABP2	0.26961946	False
1802	2.9974689928909473	0.4093635514617098	0.13656973681215426	GSTP1	0.26961946	False
1803	2.9974689928909473	0.4093635514617098	0.13656973681215426	C11orf72	0.26961946	False
1804	2.9974689928909473	0.4093635514617098	0.13656973681215426	NDUFV1	0.26961946	False
1805	2.9974689928909473	0.4093635514617098	0.13656973681215426	NUDT8	0.26961946	False
1806	2.9974689928909473	0.4093635514617098	0.13656973681215426	TBX10	0.26961946	False
1807	2.9974689928909473	0.4093635514617098	0.13656973681215426	ACY3	0.26961946	False
1808	2.9974689928909473	0.4093635514617098	0.13656973681215426	ALDH3B2	0.26961946	False
1809	2.9974689928909473	0.4093635514617098	0.13656973681215426	UNC93B1	0.26961946	False
1810	2.9974689928909473	0.4093635514617098	0.13656973681215426	ALDH3B1	0.26961946	False
1811	2.9974689928909473	0.4093635514617098	0.13656973681215426	NDUFS8	0.26961946	False
1812	2.9974689928909473	0.4093635514617098	0.13656973681215426	MIR7113	0.26961946	False
1813	2.9974689928909473	0.4093635514617098	0.13656973681215426	MIR4691	0.26961946	False
1814	2.9974689928909473	0.4093635514617098	0.13656973681215426	TCIRG1	0.26961946	False
1815	2.9974689928909473	0.4093635514617098	0.13656973681215426	MIR6753	0.26961946	False
1816	2.9974689928909473	0.4093635514617098	0.13656973681215426	CHKA	0.26961946	False
1817	2.9826863064023903	0.5923214836363799	0.198586583632664	CD9	0.26962015	False
1818	2.9826863064023903	0.5923214836363799	0.198586583632664	PLEKHG6	0.26962015	False
1819	2.9826863064023903	0.5923214836363799	0.198586583632664	TNFRSF1A	0.26962015	False
1820	2.9826863064023903	0.5923214836363799	0.198586583632664	SCNN1A	0.26962015	False
1821	2.9826863064023903	0.5923214836363799	0.198586583632664	LTBR	0.26962015	False
1822	2.9826863064023903	0.5923214836363799	0.198586583632664	CD27-AS1	0.26962015	False
1823	2.9826863064023903	0.5923214836363799	0.198586583632664	CD27	0.26962015	False
1824	2.9826863064023903	0.5923214836363799	0.198586583632664	TAPBPL	0.26962015	False
1825	2.9826863064023903	0.5923214836363799	0.198586583632664	VAMP1	0.26962015	False
1826	2.9826863064023903	0.5923214836363799	0.198586583632664	MRPL51	0.26962015	False
1827	2.9826863064023903	0.5923214836363799	0.198586583632664	NCAPD2	0.26962015	False
1828	2.9826863064023903	0.5923214836363799	0.198586583632664	SCARNA10	0.26962015	False
1829	2.9826863064023903	0.5923214836363799	0.198586583632664	GAPDH	0.26962015	False
1830	2.9826863064023903	0.5923214836363799	0.198586583632664	IFFO1	0.26962015	False
1831	2.9826863064023903	0.5923214836363799	0.198586583632664	NOP2	0.26962015	False
1832	2.9826863064023903	0.5923214836363799	0.198586583632664	CHD4	0.26962015	False
1833	2.9826863064023903	0.5923214836363799	0.198586583632664	SCARNA11	0.26962015	False
1834	2.9826863064023903	0.5923214836363799	0.198586583632664	LPAR5	0.26962015	False
1835	2.9826863064023903	0.5923214836363799	0.198586583632664	ACRBP	0.26962015	False
1836	2.9826863064023903	0.5923214836363799	0.198586583632664	ING4	0.26962015	False
1837	2.9826863064023903	0.5923214836363799	0.198586583632664	ZNF384	0.26962015	False
1838	2.9826863064023903	0.5923214836363799	0.198586583632664	PIANP	0.26962015	False
1839	2.9826863064023903	0.5923214836363799	0.198586583632664	COPS7A	0.26962015	False
1840	2.9826863064023903	0.5923214836363799	0.198586583632664	MLF2	0.26962015	False
1841	2.9826863064023903	0.5923214836363799	0.198586583632664	PTMS	0.26962015	False
1842	2.9826863064023903	0.5923214836363799	0.198586583632664	LAG3	0.26962015	False
1843	2.9826863064023903	0.5923214836363799	0.198586583632664	CD4	0.26962015	False
1844	2.9826863064023903	0.5923214836363799	0.198586583632664	GPR162	0.26962015	False
1845	2.9826863064023903	0.5923214836363799	0.198586583632664	P3H3	0.26962015	False
1846	2.9826863064023903	0.5923214836363799	0.198586583632664	GNB3	0.26962015	False
1847	2.9826863064023903	0.5923214836363799	0.198586583632664	CDCA3	0.26962015	False
1848	2.9826863064023903	0.5923214836363799	0.198586583632664	USP5	0.26962015	False
1849	2.9826863064023903	0.5923214836363799	0.198586583632664	TPI1	0.26962015	False
1850	2.9826863064023903	0.5923214836363799	0.198586583632664	SPSB2	0.26962015	False
1851	2.9023340062024245	0.5010621055910073	0.17264108972992562	LRRC23	0.26961964	False
1852	2.9826863064023903	0.5923214836363799	0.198586583632664	LOC105369632	0.26962015	False
1853	2.9023340062024245	0.5010621055910073	0.17264108972992562	ENO2	0.26961964	False
1854	2.9023340062024245	0.5010621055910073	0.17264108972992562	ATN1	0.26961964	False
1855	2.9023340062024245	0.5010621055910073	0.17264108972992562	C12orf57	0.26961964	False
1856	2.9023340062024245	0.5010621055910073	0.17264108972992562	RNU7-1	0.26961964	False
1857	2.9023340062024245	0.5010621055910073	0.17264108972992562	PTPN6	0.26961964	False
1858	2.9023340062024245	0.5010621055910073	0.17264108972992562	MIR200CHG	0.26961964	False
1859	2.9023340062024245	0.5010621055910073	0.17264108972992562	MIR200C	0.26961964	False
1860	2.9023340062024245	0.5010621055910073	0.17264108972992562	MIR141	0.26961964	False
1861	2.9023340062024245	0.5010621055910073	0.17264108972992562	PHB2	0.26961964	False
1862	2.9023340062024245	0.5010621055910073	0.17264108972992562	SCARNA12	0.26961964	False
1863	2.9023340062024245	0.5010621055910073	0.17264108972992562	EMG1	0.26961964	False
1864	2.9023340062024245	0.5010621055910073	0.17264108972992562	LPCAT3	0.26961964	False
1865	2.9023340062024245	0.5010621055910073	0.17264108972992562	C1S	0.26961964	False
1866	2.9023340062024245	0.5010621055910073	0.17264108972992562	C1R	0.26961964	False
1867	2.9023340062024245	0.5010621055910073	0.17264108972992562	C1RL	0.26961964	False
1868	2.956027481160125	0.5786434609531357	0.19575036586806047	C1RL-AS1	0.26962036	False
1869	2.956027481160125	0.5786434609531357	0.19575036586806047	RBP5	0.26962036	False
1870	2.956027481160125	0.5786434609531357	0.19575036586806047	CLSTN3	0.26962036	False
1871	2.956027481160125	0.5786434609531357	0.19575036586806047	PEX5	0.26962036	False
1872	2.956027481160125	0.5786434609531357	0.19575036586806047	ACSM4	0.26962036	False
1873	2.956027481160125	0.5786434609531357	0.19575036586806047	CD163L1	0.26962036	False
1874	2.956027481160125	0.5786434609531357	0.19575036586806047	CD163	0.26962036	False
1875	2.956027481160125	0.5786434609531357	0.19575036586806047	APOBEC1	0.26962036	False
1876	2.956027481160125	0.5786434609531357	0.19575036586806047	GDF3	0.26962036	False
1877	2.956027481160125	0.5786434609531357	0.19575036586806047	DPPA3	0.26962036	False
1878	2.956027481160125	0.5786434609531357	0.19575036586806047	CLEC4C	0.26962036	False
1879	2.956027481160125	0.5786434609531357	0.19575036586806047	NANOGNB	0.26962036	False
1880	2.956027481160125	0.5786434609531357	0.19575036586806047	NANOG	0.26962036	False
1881	2.956027481160125	0.5786434609531357	0.19575036586806047	SLC2A14	0.26962036	False
1882	2.9408544754207444	0.5636164631771006	0.19165057907071878	SLC2A3	0.26962006	False
1883	2.9408544754207444	0.5636164631771006	0.19165057907071878	FOXJ2	0.26962006	False
1884	2.9408544754207444	0.5636164631771006	0.19165057907071878	C3AR1	0.26962006	False
1885	2.9408544754207444	0.5636164631771006	0.19165057907071878	NECAP1	0.26962006	False
1886	3.033143937876134	0.7170848312506541	0.23641635409916312	CLEC4A	0.26962078	False
1887	3.033143937876134	0.7170848312506541	0.23641635409916312	ZNF705A	0.26962078	False
1888	3.033143937876134	0.7170848312506541	0.23641635409916312	FAM66C	0.26962078	False
1889	3.033143937876134	0.7170848312506541	0.23641635409916312	FAM90A1	0.26962078	False
1890	3.033143937876134	0.7170848312506541	0.23641635409916312	LINC02449	0.26962078	False
1891	3.033143937876134	0.7170848312506541	0.23641635409916312	LINC00937	0.26962078	False
1892	3.033143937876134	0.7170848312506541	0.23641635409916312	CLEC6A	0.26962078	False
1893	3.033143937876134	0.7170848312506541	0.23641635409916312	CLEC4D	0.26962078	False
1894	3.033143937876134	0.7170848312506541	0.23641635409916312	CLEC4E	0.26962078	False
1895	3.033143937876134	0.7170848312506541	0.23641635409916312	AICDA	0.26962078	False
1896	3.033143937876134	0.7170848312506541	0.23641635409916312	MFAP5	0.26962078	False
1897	3.033143937876134	0.7170848312506541	0.23641635409916312	RIMKLB	0.26962078	False
1898	3.033143937876134	0.7170848312506541	0.23641635409916312	A2ML1	0.26962078	False
1899	3.0941124206705006	0.8435234135345976	0.27262209604905185	SLC38A1	0.26962167	False
1900	3.0941124206705006	0.8435234135345976	0.27262209604905185	SLC38A2	0.26962167	False
1901	3.0941124206705006	0.8435234135345976	0.27262209604905185	LOC100288798	0.26962167	False
1902	3.0941124206705006	0.8435234135345976	0.27262209604905185	SLC38A4	0.26962167	False
1903	2.9983529773991173	0.6434614118659725	0.21460495702681903	AMIGO2	0.2696203	False
1904	2.9983529773991173	0.6434614118659725	0.21460495702681903	PCED1B	0.2696203	False
1905	3.046868640302037	0.707103099277438	0.2320753477600999	MIR4698	0.269621	False
1906	3.046868640302037	0.707103099277438	0.2320753477600999	PCED1B-AS1	0.269621	False
1907	3.046868640302037	0.707103099277438	0.2320753477600999	MIR4494	0.269621	False
1908	3.046868640302037	0.707103099277438	0.2320753477600999	RPAP3	0.269621	False
1909	3.046868640302037	0.707103099277438	0.2320753477600999	ENDOU	0.269621	False
1910	3.046868640302037	0.707103099277438	0.2320753477600999	RAPGEF3	0.269621	False
1911	3.046868640302037	0.707103099277438	0.2320753477600999	SLC48A1	0.269621	False
1912	3.046868640302037	0.707103099277438	0.2320753477600999	HDAC7	0.269621	False
1913	2.973048086918368	0.5726774792214564	0.19262301263853746	VDR	0.26961994	False
1914	2.973048086918368	0.5726774792214564	0.19262301263853746	TMEM106C	0.26961994	False
1915	2.973048086918368	0.5726774792214564	0.19262301263853746	COL2A1	0.26961994	False
1916	2.973048086918368	0.5726774792214564	0.19262301263853746	SENP1	0.26961994	False
1917	3.005604847003459	0.6387264282563598	0.2125117774191641	PFKM	0.2696203	False
1918	3.005604847003459	0.6387264282563598	0.2125117774191641	MIR6505	0.2696203	False
1919	3.005604847003459	0.6387264282563598	0.2125117774191641	ASB8	0.2696203	False
1920	3.005604847003459	0.6387264282563598	0.2125117774191641	CCDC184	0.2696203	False
1921	3.005604847003459	0.6387264282563598	0.2125117774191641	OR10AD1	0.2696203	False
1922	3.005604847003459	0.6387264282563598	0.2125117774191641	H1FNT	0.2696203	False
1923	3.005604847003459	0.6387264282563598	0.2125117774191641	ZNF641	0.2696203	False
1924	3.005604847003459	0.6387264282563598	0.2125117774191641	ANP32D	0.2696203	False
1925	3.005604847003459	0.6387264282563598	0.2125117774191641	C12orf54	0.2696203	False
1926	3.005604847003459	0.6387264282563598	0.2125117774191641	OR8S1	0.2696203	False
1927	3.005604847003459	0.6387264282563598	0.2125117774191641	LALBA	0.2696203	False
1928	3.005604847003459	0.6387264282563598	0.2125117774191641	KANSL2	0.2696203	False
1929	3.005604847003459	0.6387264282563598	0.2125117774191641	SNORA2C	0.2696203	False
1930	3.005604847003459	0.6387264282563598	0.2125117774191641	SNORA2A	0.2696203	False
1931	3.005604847003459	0.6387264282563598	0.2125117774191641	SNORA2B	0.2696203	False
1932	3.005604847003459	0.6387264282563598	0.2125117774191641	CCNT1	0.2696203	False
1933	3.005604847003459	0.6387264282563598	0.2125117774191641	TEX49	0.2696203	False
1934	3.005604847003459	0.6387264282563598	0.2125117774191641	ADCY6	0.2696203	False
1935	3.005604847003459	0.6387264282563598	0.2125117774191641	MIR4701	0.2696203	False
1936	3.005604847003459	0.6387264282563598	0.2125117774191641	LOC100506125	0.2696203	False
1937	3.005604847003459	0.6387264282563598	0.2125117774191641	CACNB3	0.2696203	False
1938	3.005604847003459	0.6387264282563598	0.2125117774191641	DDX23	0.2696203	False
1939	3.005604847003459	0.6387264282563598	0.2125117774191641	RND1	0.2696203	False
1940	2.938324187274681	0.5047455318937275	0.17178006908825233	ARF3	0.26961958	False
1941	2.938324187274681	0.5047455318937275	0.17178006908825233	CCDC65	0.26961958	False
1942	2.938324187274681	0.5047455318937275	0.17178006908825233	FKBP11	0.26961958	False
1943	2.938324187274681	0.5047455318937275	0.17178006908825233	WNT10B	0.26961958	False
1944	2.938324187274681	0.5047455318937275	0.17178006908825233	WNT1	0.26961958	False
1945	2.938324187274681	0.5047455318937275	0.17178006908825233	DDN	0.26961958	False
1946	2.938324187274681	0.5047455318937275	0.17178006908825233	PRKAG1	0.26961958	False
1947	2.938324187274681	0.5047455318937275	0.17178006908825233	KMT2D	0.26961958	False
1948	2.938324187274681	0.5047455318937275	0.17178006908825233	RHEBL1	0.26961958	False
1949	2.938324187274681	0.5047455318937275	0.17178006908825233	DHH	0.26961958	False
1950	2.938324187274681	0.5047455318937275	0.17178006908825233	LMBR1L	0.26961958	False
1951	2.956696102017484	0.527388175309242	0.1783707750517146	TUBA1B	0.26961988	False
1952	2.956696102017484	0.527388175309242	0.1783707750517146	TUBA1A	0.26961988	False
1953	2.956696102017484	0.527388175309242	0.1783707750517146	TUBA1C	0.26961988	False
1954	2.956696102017484	0.527388175309242	0.1783707750517146	LOC101927267	0.26961988	False
1955	2.956696102017484	0.527388175309242	0.1783707750517146	PRPH	0.26961988	False
1956	2.956696102017484	0.527388175309242	0.1783707750517146	TROAP	0.26961988	False
1957	2.956696102017484	0.527388175309242	0.1783707750517146	C1QL4	0.26961988	False
1958	2.956696102017484	0.527388175309242	0.1783707750517146	DNAJC22	0.26961988	False
1959	2.956696102017484	0.527388175309242	0.1783707750517146	SPATS2	0.26961988	False
1960	2.956696102017484	0.527388175309242	0.1783707750517146	KCNH3	0.26961988	False
1961	2.956696102017484	0.527388175309242	0.1783707750517146	MCRS1	0.26961988	False
1962	2.956696102017484	0.527388175309242	0.1783707750517146	PRPF40B	0.26961988	False
1963	2.956696102017484	0.527388175309242	0.1783707750517146	FAM186B	0.26961988	False
1964	2.956696102017484	0.527388175309242	0.1783707750517146	FMNL3	0.26961988	False
1965	2.956696102017484	0.527388175309242	0.1783707750517146	TMBIM6	0.26961988	False
1966	2.956696102017484	0.527388175309242	0.1783707750517146	NCKAP5L	0.26961988	False
1967	2.956696102017484	0.527388175309242	0.1783707750517146	BCDIN3D-AS1	0.26961988	False
1968	2.956696102017484	0.527388175309242	0.1783707750517146	BCDIN3D	0.26961988	False
1969	2.915557586661619	0.4812232871570292	0.16505360393448482	SOAT2	0.26961973	False
1970	2.915557586661619	0.4812232871570292	0.16505360393448482	CSAD	0.26961973	False
1971	2.915557586661619	0.4812232871570292	0.16505360393448482	ZNF740	0.26961973	False
1972	2.915557586661619	0.4812232871570292	0.16505360393448482	ITGB7	0.26961973	False
1973	2.915557586661619	0.4812232871570292	0.16505360393448482	RARG	0.26961973	False
1974	2.915557586661619	0.4812232871570292	0.16505360393448482	MFSD5	0.26961973	False
1975	2.915557586661619	0.4812232871570292	0.16505360393448482	ESPL1	0.26961973	False
1976	2.915557586661619	0.4812232871570292	0.16505360393448482	PFDN5	0.26961973	False
1977	2.915557586661619	0.4812232871570292	0.16505360393448482	C12orf10	0.26961973	False
1978	2.915557586661619	0.4812232871570292	0.16505360393448482	AAAS	0.26961973	False
1979	2.915557586661619	0.4812232871570292	0.16505360393448482	SP7	0.26961973	False
1980	2.915557586661619	0.4812232871570292	0.16505360393448482	SP1	0.26961973	False
1981	2.915557586661619	0.4812232871570292	0.16505360393448482	AMHR2	0.26961973	False
1982	2.915557586661619	0.4812232871570292	0.16505360393448482	PRR13	0.26961973	False
1983	2.915557586661619	0.4812232871570292	0.16505360393448482	PCBP2	0.26961973	False
1984	2.915557586661619	0.4812232871570292	0.16505360393448482	PCBP2-OT1	0.26961973	False
1985	2.915557586661619	0.4812232871570292	0.16505360393448482	MAP3K12	0.26961973	False
1986	2.915557586661619	0.4812232871570292	0.16505360393448482	TARBP2	0.26961973	False
1987	2.915557586661619	0.4812232871570292	0.16505360393448482	NPFF	0.26961973	False
1988	2.915557586661619	0.4812232871570292	0.16505360393448482	ATF7	0.26961973	False
1989	2.915557586661619	0.4812232871570292	0.16505360393448482	LOC100652999	0.26961973	False
1990	2.915557586661619	0.4812232871570292	0.16505360393448482	ATP5MC2	0.26961973	False
1991	2.915557586661619	0.4812232871570292	0.16505360393448482	CALCOCO1	0.26961973	False
1992	2.915557586661619	0.4812232871570292	0.16505360393448482	CISTR	0.26961973	False
1993	2.9771437637258478	0.45955319797625227	0.15436043216170683	HOXC13-AS	0.26961967	False
1994	2.9771437637258478	0.45955319797625227	0.15436043216170683	HOXC13	0.26961967	False
1995	2.9771437637258478	0.45955319797625227	0.15436043216170683	HOXC12	0.26961967	False
1996	2.9771437637258478	0.45955319797625227	0.15436043216170683	HOTAIR	0.26961967	False
1997	2.9771437637258478	0.45955319797625227	0.15436043216170683	HOXC11	0.26961967	False
1998	2.9771437637258478	0.45955319797625227	0.15436043216170683	HOXC-AS3	0.26961967	False
1999	2.9771437637258478	0.45955319797625227	0.15436043216170683	HOXC10	0.26961967	False
2000	2.9771437637258478	0.45955319797625227	0.15436043216170683	HOXC5	0.26961967	False
2001	2.9771437637258478	0.45955319797625227	0.15436043216170683	HOXC6	0.26961967	False
2002	2.9771437637258478	0.45955319797625227	0.15436043216170683	MIR196A2	0.26961967	False
2003	2.9771437637258478	0.45955319797625227	0.15436043216170683	HOXC9	0.26961967	False
2004	2.9771437637258478	0.45955319797625227	0.15436043216170683	HOXC-AS2	0.26961967	False
2005	2.9771437637258478	0.45955319797625227	0.15436043216170683	HOXC-AS1	0.26961967	False
2006	2.9771437637258478	0.45955319797625227	0.15436043216170683	HOXC8	0.26961967	False
2007	2.9771437637258478	0.45955319797625227	0.15436043216170683	HOXC4	0.26961967	False
2008	2.9771437637258478	0.45955319797625227	0.15436043216170683	MIR615	0.26961967	False
2009	2.9771437637258478	0.45955319797625227	0.15436043216170683	FLJ12825	0.26961967	False
2010	3.1019918166922538	0.6028928205024815	0.19435667665473214	SMUG1	0.26962048	False
2011	3.1019918166922538	0.6028928205024815	0.19435667665473214	LINC02381	0.26962048	False
2012	3.1019918166922538	0.6028928205024815	0.19435667665473214	CBX5	0.26962048	False
2013	3.1019918166922538	0.6028928205024815	0.19435667665473214	MIR3198-2	0.26962048	False
2014	3.1019918166922538	0.6028928205024815	0.19435667665473214	HNRNPA1	0.26962048	False
2015	3.1019918166922538	0.6028928205024815	0.19435667665473214	NFE2	0.26962048	False
2016	3.1019918166922538	0.6028928205024815	0.19435667665473214	COPZ1	0.26962048	False
2017	3.1019918166922538	0.6028928205024815	0.19435667665473214	MIR148B	0.26962048	False
2018	3.1019918166922538	0.6028928205024815	0.19435667665473214	LOC102724050	0.26962048	False
2019	3.1019918166922538	0.6028928205024815	0.19435667665473214	GPR84	0.26962048	False
2020	3.1019918166922538	0.6028928205024815	0.19435667665473214	ZNF385A	0.26962048	False
2021	3.1019918166922538	0.6028928205024815	0.19435667665473214	ITGA5	0.26962048	False
2022	3.1019918166922538	0.6028928205024815	0.19435667665473214	GTSF1	0.26962048	False
2023	3.1019918166922538	0.6028928205024815	0.19435667665473214	NCKAP1L	0.26962048	False
2024	3.1019918166922538	0.6028928205024815	0.19435667665473214	PDE1B	0.26962048	False
2025	3.1019918166922538	0.6028928205024815	0.19435667665473214	PPP1R1A	0.26962048	False
2026	3.1019918166922538	0.6028928205024815	0.19435667665473214	LACRT	0.26962048	False
2027	3.1019918166922538	0.6028928205024815	0.19435667665473214	DCD	0.26962048	False
2028	3.1019918166922538	0.6028928205024815	0.19435667665473214	MUCL1	0.26962048	False
2029	3.1980713332202626	0.5932206785361493	0.18549326038291095	TESPA1	0.26962066	False
2030	3.1980713332202626	0.5932206785361493	0.18549326038291095	NEUROD4	0.26962066	False
2031	3.4032312976265784	0.8115956450005957	0.23847795639591243	OR9K2	0.26962253	False
2032	3.4032312976265784	0.8115956450005957	0.23847795639591243	OR10A7	0.26962253	False
2033	3.4032312976265784	0.8115956450005957	0.23847795639591243	OR6C74	0.26962253	False
2034	3.4032312976265784	0.8115956450005957	0.23847795639591243	OR6C6	0.26962253	False
2035	3.4032312976265784	0.8115956450005957	0.23847795639591243	OR6C1	0.26962253	False
2036	3.4032312976265784	0.8115956450005957	0.23847795639591243	OR6C3	0.26962253	False
2037	3.4032312976265784	0.8115956450005957	0.23847795639591243	OR6C75	0.26962253	False
2038	3.4032312976265784	0.8115956450005957	0.23847795639591243	OR6C65	0.26962253	False
2039	3.4032312976265784	0.8115956450005957	0.23847795639591243	OR6C76	0.26962253	False
2040	3.4032312976265784	0.8115956450005957	0.23847795639591243	OR6C2	0.26962253	False
2041	3.4032312976265784	0.8115956450005957	0.23847795639591243	OR6C70	0.26962253	False
2042	3.4032312976265784	0.8115956450005957	0.23847795639591243	OR6C68	0.26962253	False
2043	3.4032312976265784	0.8115956450005957	0.23847795639591243	OR6C4	0.26962253	False
2044	3.4032312976265784	0.8115956450005957	0.23847795639591243	OR2AP1	0.26962253	False
2045	3.4032312976265784	0.8115956450005957	0.23847795639591243	OR10P1	0.26962253	False
2046	3.4032312976265784	0.8115956450005957	0.23847795639591243	METTL7B	0.26962253	False
2047	3.4032312976265784	0.8115956450005957	0.23847795639591243	ITGA7	0.26962253	False
2048	3.4032312976265784	0.8115956450005957	0.23847795639591243	BLOC1S1-RDH5	0.26962253	False
2049	3.4032312976265784	0.8115956450005957	0.23847795639591243	BLOC1S1	0.26962253	False
2050	3.4032312976265784	0.8115956450005957	0.23847795639591243	RDH5	0.26962253	False
2051	3.4032312976265784	0.8115956450005957	0.23847795639591243	CD63	0.26962253	False
2052	3.4032312976265784	0.8115956450005957	0.23847795639591243	GDF11	0.26962253	False
2053	3.4032312976265784	0.8115956450005957	0.23847795639591243	SARNP	0.26962253	False
2054	3.4032312976265784	0.8115956450005957	0.23847795639591243	DNAJC14	0.26962253	False
2055	3.4032312976265784	0.8115956450005957	0.23847795639591243	ORMDL2	0.26962253	False
2056	3.4032312976265784	0.8115956450005957	0.23847795639591243	MMP19	0.26962253	False
2057	3.3876452037483076	0.7575166578058489	0.22361156858093756	PYM1	0.2696222	False
2058	3.3876452037483076	0.7575166578058489	0.22361156858093756	DGKA	0.2696222	False
2059	3.3876452037483076	0.7575166578058489	0.22361156858093756	PMEL	0.2696222	False
2060	3.3876452037483076	0.7575166578058489	0.22361156858093756	CDK2	0.2696222	False
2061	3.3876452037483076	0.7575166578058489	0.22361156858093756	RAB5B	0.2696222	False
2062	3.3876452037483076	0.7575166578058489	0.22361156858093756	SUOX	0.2696222	False
2063	3.3876452037483076	0.7575166578058489	0.22361156858093756	IKZF4	0.2696222	False
2064	3.3876452037483076	0.7575166578058489	0.22361156858093756	RPS26	0.2696222	False
2065	3.3876452037483076	0.7575166578058489	0.22361156858093756	ERBB3	0.2696222	False
2066	3.487337307730627	0.930610325174379	0.2668541190757285	PA2G4	0.2696234	False
2067	3.487337307730627	0.930610325174379	0.2668541190757285	RPL41	0.2696234	False
2068	3.487337307730627	0.930610325174379	0.2668541190757285	ZC3H10	0.2696234	False
2069	3.487337307730627	0.930610325174379	0.2668541190757285	ESYT1	0.2696234	False
2070	3.487337307730627	0.930610325174379	0.2668541190757285	MYL6B	0.2696234	False
2071	3.487337307730627	0.930610325174379	0.2668541190757285	MYL6	0.2696234	False
2072	3.487337307730627	0.930610325174379	0.2668541190757285	SMARCC2	0.2696234	False
2073	3.487337307730627	0.930610325174379	0.2668541190757285	RNF41	0.2696234	False
2074	3.487337307730627	0.930610325174379	0.2668541190757285	NABP2	0.2696234	False
2075	3.487337307730627	0.930610325174379	0.2668541190757285	SLC39A5	0.2696234	False
2076	3.487337307730627	0.930610325174379	0.2668541190757285	ANKRD52	0.2696234	False
2077	3.487337307730627	0.930610325174379	0.2668541190757285	COQ10A	0.2696234	False
2078	3.487337307730627	0.930610325174379	0.2668541190757285	CS	0.2696234	False
2079	3.487337307730627	0.930610325174379	0.2668541190757285	CNPY2	0.2696234	False
2080	3.487337307730627	0.930610325174379	0.2668541190757285	PAN2	0.2696234	False
2081	3.487337307730627	0.930610325174379	0.2668541190757285	IL23A	0.2696234	False
2082	3.487337307730627	0.930610325174379	0.2668541190757285	STAT2	0.2696234	False
2083	3.487337307730627	0.930610325174379	0.2668541190757285	APOF	0.2696234	False
2084	3.487337307730627	0.930610325174379	0.2668541190757285	TIMELESS	0.2696234	False
2085	3.487337307730627	0.930610325174379	0.2668541190757285	MIP	0.2696234	False
2086	3.487337307730627	0.930610325174379	0.2668541190757285	SPRYD4	0.2696234	False
2087	3.487337307730627	0.930610325174379	0.2668541190757285	GLS2	0.2696234	False
2088	3.487337307730627	0.930610325174379	0.2668541190757285	RBMS2	0.2696234	False
2089	3.487337307730627	0.930610325174379	0.2668541190757285	BAZ2A	0.2696234	False
2090	3.487337307730627	0.930610325174379	0.2668541190757285	ATP5F1B	0.2696234	False
2091	3.487337307730627	0.930610325174379	0.2668541190757285	SNORD59A	0.2696234	False
2092	3.487337307730627	0.930610325174379	0.2668541190757285	PTGES3	0.2696234	False
2093	3.487337307730627	0.930610325174379	0.2668541190757285	NACA	0.2696234	False
2094	3.487337307730627	0.930610325174379	0.2668541190757285	PRIM1	0.2696234	False
2095	3.487337307730627	0.930610325174379	0.2668541190757285	HSD17B6	0.2696234	False
2096	3.378967406062516	0.8165972967344044	0.24167066402276394	SDR9C7	0.26962262	False
2097	3.378967406062516	0.8165972967344044	0.24167066402276394	RDH16	0.26962262	False
2098	3.378967406062516	0.8165972967344044	0.24167066402276394	GPR182	0.26962262	False
2099	3.378967406062516	0.8165972967344044	0.24167066402276394	ZBTB39	0.26962262	False
2100	3.378967406062516	0.8165972967344044	0.24167066402276394	TAC3	0.26962262	False
2101	3.378967406062516	0.8165972967344044	0.24167066402276394	MYO1A	0.26962262	False
2102	3.378967406062516	0.8165972967344044	0.24167066402276394	NEMP1	0.26962262	False
2103	3.378967406062516	0.8165972967344044	0.24167066402276394	NAB2	0.26962262	False
2104	3.378967406062516	0.8165972967344044	0.24167066402276394	STAT6	0.26962262	False
2105	3.437580073743132	0.9526964581265772	0.2771416047595364	LRP1	0.26962352	False
2106	3.437580073743132	0.9526964581265772	0.2771416047595364	LRP1-AS	0.26962352	False
2107	3.437580073743132	0.9526964581265772	0.2771416047595364	MIR1228	0.26962352	False
2108	3.437580073743132	0.9526964581265772	0.2771416047595364	NXPH4	0.26962352	False
2109	3.437580073743132	0.9526964581265772	0.2771416047595364	SHMT2	0.26962352	False
2110	3.437580073743132	0.9526964581265772	0.2771416047595364	NDUFA4L2	0.26962352	False
2111	3.437580073743132	0.9526964581265772	0.2771416047595364	STAC3	0.26962352	False
2112	3.437580073743132	0.9526964581265772	0.2771416047595364	R3HDM2	0.26962352	False
2113	3.437580073743132	0.9526964581265772	0.2771416047595364	INHBC	0.26962352	False
2114	3.437580073743132	0.9526964581265772	0.2771416047595364	INHBE	0.26962352	False
2115	3.437580073743132	0.9526964581265772	0.2771416047595364	GLI1	0.26962352	False
2116	3.437580073743132	0.9526964581265772	0.2771416047595364	ARHGAP9	0.26962352	False
2117	3.437580073743132	0.9526964581265772	0.2771416047595364	MARS	0.26962352	False
2118	3.437580073743132	0.9526964581265772	0.2771416047595364	MIR6758	0.26962352	False
2119	3.437580073743132	0.9526964581265772	0.2771416047595364	DDIT3	0.26962352	False
2120	3.437580073743132	0.9526964581265772	0.2771416047595364	MIR616	0.26962352	False
2121	3.437580073743132	0.9526964581265772	0.2771416047595364	MBD6	0.26962352	False
2122	3.437580073743132	0.9526964581265772	0.2771416047595364	DCTN2	0.26962352	False
2123	3.437580073743132	0.9526964581265772	0.2771416047595364	KIF5A	0.26962352	False
2124	3.437580073743132	0.9526964581265772	0.2771416047595364	PIP4K2C	0.26962352	False
2125	3.437580073743132	0.9526964581265772	0.2771416047595364	DTX3	0.26962352	False
2126	3.437580073743132	0.9526964581265772	0.2771416047595364	ARHGEF25	0.26962352	False
2127	3.437580073743132	0.9526964581265772	0.2771416047595364	SLC26A10	0.26962352	False
2128	3.437580073743132	0.9526964581265772	0.2771416047595364	B4GALNT1	0.26962352	False
2129	3.437580073743132	0.9526964581265772	0.2771416047595364	OS9	0.26962352	False
2130	3.437580073743132	0.9526964581265772	0.2771416047595364	AGAP2	0.26962352	False
2131	3.437580073743132	0.9526964581265772	0.2771416047595364	AGAP2-AS1	0.26962352	False
2132	3.437580073743132	0.9526964581265772	0.2771416047595364	TSPAN31	0.26962352	False
2133	3.437580073743132	0.9526964581265772	0.2771416047595364	CDK4	0.26962352	False
2134	3.437580073743132	0.9526964581265772	0.2771416047595364	MARCH9	0.26962352	False
2135	3.437580073743132	0.9526964581265772	0.2771416047595364	CYP27B1	0.26962352	False
2136	3.437580073743132	0.9526964581265772	0.2771416047595364	METTL1	0.26962352	False
2137	3.437580073743132	0.9526964581265772	0.2771416047595364	EEF1AKMT3	0.26962352	False
2138	3.437580073743132	0.9526964581265772	0.2771416047595364	TSFM	0.26962352	False
2139	3.437580073743132	0.9526964581265772	0.2771416047595364	AVIL	0.26962352	False
2140	3.437580073743132	0.9526964581265772	0.2771416047595364	CTDSP2	0.26962352	False
2141	3.437580073743132	0.9526964581265772	0.2771416047595364	MIR26A2	0.26962352	False
2142	3.1272099532281783	0.6918400681547517	0.22123236958892836	GIHCG	0.26962104	False
2143	3.1272099532281783	0.6918400681547517	0.22123236958892836	ATP23	0.26962104	False
2144	3.1272099532281783	0.6918400681547517	0.22123236958892836	LINC02403	0.26962104	False
2145	3.034492541790313	0.7130857554668062	0.23499341179665398	LOC100506869	0.26962087	False
2146	3.034492541790313	0.7130857554668062	0.23499341179665398	LINC02388	0.26962087	False
2147	3.1063118477721887	0.869759634198292	0.2799975265915667	IFNG	0.26962173	False
2148	3.1063118477721887	0.869759634198292	0.2799975265915667	IL26	0.26962173	False
2149	3.1063118477721887	0.869759634198292	0.2799975265915667	IL22	0.26962173	False
2150	3.1063118477721887	0.869759634198292	0.2799975265915667	MDM1	0.26962173	False
2151	3.1063118477721887	0.869759634198292	0.2799975265915667	LINC02384	0.26962173	False
2152	3.1063118477721887	0.869759634198292	0.2799975265915667	RAP1B	0.26962173	False
2153	3.1063118477721887	0.869759634198292	0.2799975265915667	SNORA70G	0.26962173	False
2154	3.1063118477721887	0.869759634198292	0.2799975265915667	LOC100507250	0.26962173	False
2155	3.1063118477721887	0.869759634198292	0.2799975265915667	NUP107	0.26962173	False
2156	3.1063118477721887	0.869759634198292	0.2799975265915667	SLC35E3	0.26962173	False
2157	3.1063118477721887	0.869759634198292	0.2799975265915667	MDM2	0.26962173	False
2158	3.19313712783957	1.0594382434766534	0.33178601515101663	LINC02458	0.26962292	False
2159	3.341836918210246	1.3825392350250962	0.41370637432706586	DUSP6	0.2696247	False
2160	3.341836918210246	1.3825392350250962	0.41370637432706586	POC1B	0.2696247	False
2161	3.341836918210246	1.3825392350250962	0.41370637432706586	GALNT4	0.2696247	False
2162	3.341836918210246	1.3825392350250962	0.41370637432706586	POC1B-GALNT4	0.2696247	False
2163	3.341836918210246	1.3825392350250962	0.41370637432706586	ATP2B1	0.2696247	False
2164	3.341836918210246	1.3825392350250962	0.41370637432706586	ATP2B1-AS1	0.2696247	False
2165	3.2008022481586353	1.0532131234686544	0.3290466082603351	LINC02399	0.26962262	False
2166	3.2506639298650803	1.152916093762807	0.3546709591140844	LINC02392	0.2696233	False
2167	3.1294282601751107	0.8818988108756427	0.2818082849505216	CCER1	0.26962164	False
2168	3.1294282601751107	0.8818988108756427	0.2818082849505216	LINC00615	0.26962164	False
2169	3.1294282601751107	0.8818988108756427	0.2818082849505216	EPYC	0.26962164	False
2170	3.1294282601751107	0.8818988108756427	0.2818082849505216	KERA	0.26962164	False
2171	3.1608988763311636	0.9532470661739593	0.30157467969376717	LUM	0.26962242	False
2172	3.1608988763311636	0.9532470661739593	0.30157467969376717	DCN	0.26962242	False
2173	3.063209626865118	0.7834782947855776	0.25577038146990533	LINC01619	0.26962128	False
2174	2.8675173048269404	0.4449167512538891	0.1551574773428405	P2RX7	0.26961935	False
2175	2.8675173048269404	0.4449167512538891	0.1551574773428405	P2RX4	0.26961935	False
2176	2.8675173048269404	0.4449167512538891	0.1551574773428405	CAMKK2	0.26961935	False
2177	2.8675173048269404	0.4449167512538891	0.1551574773428405	ANAPC5	0.26961935	False
2178	2.8675173048269404	0.4449167512538891	0.1551574773428405	RNF34	0.26961935	False
2179	2.8675173048269404	0.4449167512538891	0.1551574773428405	KDM2B	0.26961935	False
2180	2.8675173048269404	0.4449167512538891	0.1551574773428405	MIR7107	0.26961935	False
2181	2.8675173048269404	0.4449167512538891	0.1551574773428405	ORAI1	0.26961935	False
2182	2.8675173048269404	0.4449167512538891	0.1551574773428405	MORN3	0.26961935	False
2183	2.8675173048269404	0.4449167512538891	0.1551574773428405	TMEM120B	0.26961935	False
2184	2.8675173048269404	0.4449167512538891	0.1551574773428405	RHOF	0.26961935	False
2185	2.8675173048269404	0.4449167512538891	0.1551574773428405	LINC01089	0.26961935	False
2186	2.8675173048269404	0.4449167512538891	0.1551574773428405	SETD1B	0.26961935	False
2187	2.8675173048269404	0.4449167512538891	0.1551574773428405	HPD	0.26961935	False
2188	3.096836792307097	0.7846537692359333	0.2533726579279556	FNDC3A	0.2696213	False
2189	3.184805076771302	0.9349555674222854	0.29356759515408914	MLNR	0.26962253	False
2190	3.184805076771302	0.9349555674222854	0.29356759515408914	CDADC1	0.26962253	False
2191	3.184805076771302	0.9349555674222854	0.29356759515408914	CAB39L	0.26962253	False
2192	3.184805076771302	0.9349555674222854	0.29356759515408914	SETDB2	0.26962253	False
2193	3.184805076771302	0.9349555674222854	0.29356759515408914	SETDB2-PHF11	0.26962253	False
2194	3.184805076771302	0.9349555674222854	0.29356759515408914	PHF11	0.26962253	False
2195	3.184805076771302	0.9349555674222854	0.29356759515408914	RCBTB1	0.26962253	False
2196	3.184805076771302	0.9349555674222854	0.29356759515408914	ARL11	0.26962253	False
2197	3.184805076771302	0.9349555674222854	0.29356759515408914	EBPL	0.26962253	False
2198	3.184805076771302	0.9349555674222854	0.29356759515408914	KPNA3	0.26962253	False
2199	3.524455379061247	1.3714842672139638	0.3891336730667489	OR4K5	0.26962584	False
2200	3.524455379061247	1.3714842672139638	0.3891336730667489	OR4K1	0.26962584	False
2201	3.524455379061247	1.3714842672139638	0.3891336730667489	OR4K15	0.26962584	False
2202	3.524455379061247	1.3714842672139638	0.3891336730667489	OR4K14	0.26962584	False
2203	3.524455379061247	1.3714842672139638	0.3891336730667489	OR4K13	0.26962584	False
2204	3.524455379061247	1.3714842672139638	0.3891336730667489	OR4L1	0.26962584	False
2205	3.524455379061247	1.3714842672139638	0.3891336730667489	OR4K17	0.26962584	False
2206	3.524455379061247	1.3714842672139638	0.3891336730667489	OR4N5	0.26962584	False
2207	3.524455379061247	1.3714842672139638	0.3891336730667489	OR11G2	0.26962584	False
2208	3.524455379061247	1.3714842672139638	0.3891336730667489	OR11H6	0.26962584	False
2209	3.524455379061247	1.3714842672139638	0.3891336730667489	OR11H4	0.26962584	False
2210	3.524455379061247	1.3714842672139638	0.3891336730667489	TTC5	0.26962584	False
2211	3.524455379061247	1.3714842672139638	0.3891336730667489	CCNB1IP1	0.26962584	False
2212	3.524455379061247	1.3714842672139638	0.3891336730667489	SNORD126	0.26962584	False
2213	3.524455379061247	1.3714842672139638	0.3891336730667489	RPPH1	0.26962584	False
2214	3.524455379061247	1.3714842672139638	0.3891336730667489	PARP2	0.26962584	False
2215	3.524455379061247	1.3714842672139638	0.3891336730667489	TEP1	0.26962584	False
2216	3.524455379061247	1.3714842672139638	0.3891336730667489	KLHL33	0.26962584	False
2217	3.524455379061247	1.3714842672139638	0.3891336730667489	OSGEP	0.26962584	False
2218	3.524455379061247	1.3714842672139638	0.3891336730667489	APEX1	0.26962584	False
2219	3.524455379061247	1.3714842672139638	0.3891336730667489	PIP4P1	0.26962584	False
2220	3.524455379061247	1.3714842672139638	0.3891336730667489	PNP	0.26962584	False
2221	3.524455379061247	1.3714842672139638	0.3891336730667489	RNASE10	0.26962584	False
2222	3.524455379061247	1.3714842672139638	0.3891336730667489	RNASE9	0.26962584	False
2223	3.524455379061247	1.3714842672139638	0.3891336730667489	RNASE11	0.26962584	False
2224	3.524455379061247	1.3714842672139638	0.3891336730667489	LOC254028	0.26962584	False
2225	3.524455379061247	1.3714842672139638	0.3891336730667489	RNASE12	0.26962584	False
2226	3.524455379061247	1.3714842672139638	0.3891336730667489	OR6S1	0.26962584	False
2227	3.524455379061247	1.3714842672139638	0.3891336730667489	RNASE4	0.26962584	False
2228	3.524455379061247	1.3714842672139638	0.3891336730667489	ANG	0.26962584	False
2229	3.524455379061247	1.3714842672139638	0.3891336730667489	EDDM3A	0.26962584	False
2230	3.524455379061247	1.3714842672139638	0.3891336730667489	EDDM3B	0.26962584	False
2231	3.524455379061247	1.3714842672139638	0.3891336730667489	RNASE6	0.26962584	False
2232	3.524455379061247	1.3714842672139638	0.3891336730667489	RNASE1	0.26962584	False
2233	3.524455379061247	1.3714842672139638	0.3891336730667489	RNASE3	0.26962584	False
2234	3.4300248699867697	1.105203472635073	0.3222144195821344	ECRP	0.2696243	False
2235	3.4300248699867697	1.105203472635073	0.3222144195821344	RNASE2	0.2696243	False
2236	3.4300248699867697	1.105203472635073	0.3222144195821344	METTL17	0.2696243	False
2237	3.4300248699867697	1.105203472635073	0.3222144195821344	LOC101929718	0.2696243	False
2238	3.4300248699867697	1.105203472635073	0.3222144195821344	SLC39A2	0.2696243	False
2239	3.4300248699867697	1.105203472635073	0.3222144195821344	NDRG2	0.2696243	False
2240	3.4300248699867697	1.105203472635073	0.3222144195821344	MIR6717	0.2696243	False
2241	3.4300248699867697	1.105203472635073	0.3222144195821344	TPPP2	0.2696243	False
2242	3.4300248699867697	1.105203472635073	0.3222144195821344	RNASE13	0.2696243	False
2243	3.4300248699867697	1.105203472635073	0.3222144195821344	RNASE7	0.2696243	False
2244	3.4300248699867697	1.105203472635073	0.3222144195821344	RNASE8	0.2696243	False
2245	3.4300248699867697	1.105203472635073	0.3222144195821344	ARHGEF40	0.2696243	False
2246	3.4300248699867697	1.105203472635073	0.3222144195821344	ZNF219	0.2696243	False
2247	3.4300248699867697	1.105203472635073	0.3222144195821344	TMEM253	0.2696243	False
2248	3.4300248699867697	1.105203472635073	0.3222144195821344	OR5AU1	0.2696243	False
2249	3.4300248699867697	1.105203472635073	0.3222144195821344	LINC00641	0.2696243	False
2250	3.4300248699867697	1.105203472635073	0.3222144195821344	HNRNPC	0.2696243	False
2251	3.4300248699867697	1.105203472635073	0.3222144195821344	RPGRIP1	0.2696243	False
2252	3.4300248699867697	1.105203472635073	0.3222144195821344	SUPT16H	0.2696243	False
2253	3.4300248699867697	1.105203472635073	0.3222144195821344	CHD8	0.2696243	False
2254	3.4300248699867697	1.105203472635073	0.3222144195821344	SNORD9	0.2696243	False
2255	3.4300248699867697	1.105203472635073	0.3222144195821344	SNORD8	0.2696243	False
2256	3.4300248699867697	1.105203472635073	0.3222144195821344	RAB2B	0.2696243	False
2257	3.4300248699867697	1.105203472635073	0.3222144195821344	TOX4	0.2696243	False
2258	3.4300248699867697	1.105203472635073	0.3222144195821344	METTL3	0.2696243	False
2259	3.4300248699867697	1.105203472635073	0.3222144195821344	SALL2	0.2696243	False
2260	3.4300248699867697	1.105203472635073	0.3222144195821344	OR10G3	0.2696243	False
2261	3.4300248699867697	1.105203472635073	0.3222144195821344	OR10G2	0.2696243	False
2262	3.4300248699867697	1.105203472635073	0.3222144195821344	OR4E2	0.2696243	False
2263	3.4031564756735757	0.95287876915618	0.27999851783705587	DAD1	0.2696232	False
2264	3.4031564756735757	0.95287876915618	0.27999851783705587	ABHD4	0.2696232	False
2265	3.4031564756735757	0.95287876915618	0.27999851783705587	OXA1L	0.2696232	False
2266	3.4031564756735757	0.95287876915618	0.27999851783705587	SLC7A7	0.2696232	False
2267	3.4031564756735757	0.95287876915618	0.27999851783705587	MRPL52	0.2696232	False
2268	3.4031564756735757	0.95287876915618	0.27999851783705587	MMP14	0.2696232	False
2269	3.4031564756735757	0.95287876915618	0.27999851783705587	LRP10	0.2696232	False
2270	3.4031564756735757	0.95287876915618	0.27999851783705587	REM2	0.2696232	False
2271	3.3956995483207515	0.8733855218079263	0.25720341549058273	RBM23	0.2696226	False
2272	3.3956995483207515	0.8733855218079263	0.25720341549058273	PRMT5-AS1	0.2696226	False
2273	3.3956995483207515	0.8733855218079263	0.25720341549058273	PRMT5	0.2696226	False
2274	3.3956995483207515	0.8733855218079263	0.25720341549058273	LOC101926933	0.2696226	False
2275	3.3956995483207515	0.8733855218079263	0.25720341549058273	HAUS4	0.2696226	False
2276	3.3956995483207515	0.8733855218079263	0.25720341549058273	MIR4707	0.2696226	False
2277	3.3956995483207515	0.8733855218079263	0.25720341549058273	AJUBA	0.2696226	False
2278	3.3956995483207515	0.8733855218079263	0.25720341549058273	C14orf93	0.2696226	False
2279	3.3956995483207515	0.8733855218079263	0.25720341549058273	PSMB5	0.2696226	False
2280	3.3956995483207515	0.8733855218079263	0.25720341549058273	PSMB11	0.2696226	False
2281	3.3956995483207515	0.8733855218079263	0.25720341549058273	CDH24	0.2696226	False
2282	3.3956995483207515	0.8733855218079263	0.25720341549058273	ACIN1	0.2696226	False
2283	3.3956995483207515	0.8733855218079263	0.25720341549058273	C14orf119	0.2696226	False
2284	3.4420243164687574	0.9987127153443106	0.290152719307024	CEBPE	0.2696237	False
2285	3.4420243164687574	0.9987127153443106	0.290152719307024	SLC7A8	0.2696237	False
2286	3.4420243164687574	0.9987127153443106	0.290152719307024	RNF212B	0.2696237	False
2287	3.4420243164687574	0.9987127153443106	0.290152719307024	HOMEZ	0.2696237	False
2288	3.4420243164687574	0.9987127153443106	0.290152719307024	PPP1R3E	0.2696237	False
2289	3.4420243164687574	0.9987127153443106	0.290152719307024	BCL2L2-PABPN1	0.2696237	False
2290	3.4420243164687574	0.9987127153443106	0.290152719307024	BCL2L2	0.2696237	False
2291	3.4420243164687574	0.9987127153443106	0.290152719307024	PABPN1	0.2696237	False
2292	3.4420243164687574	0.9987127153443106	0.290152719307024	SLC22A17	0.2696237	False
2293	3.4420243164687574	0.9987127153443106	0.290152719307024	EFS	0.2696237	False
2294	3.4420243164687574	0.9987127153443106	0.290152719307024	IL25	0.2696237	False
2295	3.4420243164687574	0.9987127153443106	0.290152719307024	CMTM5	0.2696237	False
2296	3.4420243164687574	0.9987127153443106	0.290152719307024	MYH6	0.2696237	False
2297	3.4420243164687574	0.9987127153443106	0.290152719307024	MIR208A	0.2696237	False
2298	3.4420243164687574	0.9987127153443106	0.290152719307024	MYH7	0.2696237	False
2299	3.4420243164687574	0.9987127153443106	0.290152719307024	MIR208B	0.2696237	False
2300	3.4420243164687574	0.9987127153443106	0.290152719307024	NGDN	0.2696237	False
2301	3.4420243164687574	0.9987127153443106	0.290152719307024	THTPA	0.2696237	False
2302	3.4420243164687574	0.9987127153443106	0.290152719307024	ZFHX2	0.2696237	False
2303	3.4420243164687574	0.9987127153443106	0.290152719307024	AP1G2	0.2696237	False
2304	3.4420243164687574	0.9987127153443106	0.290152719307024	LOC102724814	0.2696237	False
2305	3.4420243164687574	0.9987127153443106	0.290152719307024	JPH4	0.2696237	False
2306	3.4420243164687574	0.9987127153443106	0.290152719307024	DHRS2	0.2696237	False
2307	3.3986989028841004	0.9078561819775199	0.26711874394260776	DHRS4-AS1	0.26962292	False
2308	3.3986989028841004	0.9078561819775199	0.26711874394260776	DHRS4	0.26962292	False
2309	3.3986989028841004	0.9078561819775199	0.26711874394260776	DHRS4L2	0.26962292	False
2310	3.3986989028841004	0.9078561819775199	0.26711874394260776	CARMIL3	0.26962292	False
2311	3.3986989028841004	0.9078561819775199	0.26711874394260776	CPNE6	0.26962292	False
2312	3.3986989028841004	0.9078561819775199	0.26711874394260776	NRL	0.26962292	False
2313	3.3986989028841004	0.9078561819775199	0.26711874394260776	PCK2	0.26962292	False
2314	3.468125127389263	1.118022465668681	0.32237085589535996	DCAF11	0.26962435	False
2315	3.468125127389263	1.118022465668681	0.32237085589535996	FITM1	0.26962435	False
2316	3.468125127389263	1.118022465668681	0.32237085589535996	PSME1	0.26962435	False
2317	3.468125127389263	1.118022465668681	0.32237085589535996	EMC9	0.26962435	False
2318	3.468125127389263	1.118022465668681	0.32237085589535996	PSME2	0.26962435	False
2319	3.468125127389263	1.118022465668681	0.32237085589535996	MIR7703	0.26962435	False
2320	3.468125127389263	1.118022465668681	0.32237085589535996	RNF31	0.26962435	False
2321	3.468125127389263	1.118022465668681	0.32237085589535996	IRF9	0.26962435	False
2322	3.468125127389263	1.118022465668681	0.32237085589535996	REC8	0.26962435	False
2323	3.468125127389263	1.118022465668681	0.32237085589535996	IPO4	0.26962435	False
2324	3.468125127389263	1.118022465668681	0.32237085589535996	TM9SF1	0.26962435	False
2325	3.468125127389263	1.118022465668681	0.32237085589535996	TSSK4	0.26962435	False
2326	3.468125127389263	1.118022465668681	0.32237085589535996	CHMP4A	0.26962435	False
2327	3.468125127389263	1.118022465668681	0.32237085589535996	MDP1	0.26962435	False
2328	3.468125127389263	1.118022465668681	0.32237085589535996	NEDD8-MDP1	0.26962435	False
2329	3.468125127389263	1.118022465668681	0.32237085589535996	NEDD8	0.26962435	False
2330	3.468125127389263	1.118022465668681	0.32237085589535996	GMPR2	0.26962435	False
2331	3.468125127389263	1.118022465668681	0.32237085589535996	TINF2	0.26962435	False
2332	3.468125127389263	1.118022465668681	0.32237085589535996	TGM1	0.26962435	False
2333	3.468125127389263	1.118022465668681	0.32237085589535996	RABGGTA	0.26962435	False
2334	3.468125127389263	1.118022465668681	0.32237085589535996	DHRS1	0.26962435	False
2335	3.468125127389263	1.118022465668681	0.32237085589535996	NOP9	0.26962435	False
2336	3.468125127389263	1.118022465668681	0.32237085589535996	CIDEB	0.26962435	False
2337	3.468125127389263	1.118022465668681	0.32237085589535996	LTB4R2	0.26962435	False
2338	3.468125127389263	1.118022465668681	0.32237085589535996	LTB4R	0.26962435	False
2339	3.468125127389263	1.118022465668681	0.32237085589535996	ADCY4	0.26962435	False
2340	3.468125127389263	1.118022465668681	0.32237085589535996	RIPK3	0.26962435	False
2341	3.468125127389263	1.118022465668681	0.32237085589535996	NFATC4	0.26962435	False
2342	3.468125127389263	1.118022465668681	0.32237085589535996	NYNRIN	0.26962435	False
2343	3.468125127389263	1.118022465668681	0.32237085589535996	CBLN3	0.26962435	False
2344	3.468125127389263	1.118022465668681	0.32237085589535996	KHNYN	0.26962435	False
2345	3.468125127389263	1.118022465668681	0.32237085589535996	SDR39U1	0.26962435	False
2346	3.468125127389263	1.118022465668681	0.32237085589535996	CMA1	0.26962435	False
2347	3.468125127389263	1.118022465668681	0.32237085589535996	CTSG	0.26962435	False
2348	3.468125127389263	1.118022465668681	0.32237085589535996	GZMH	0.26962435	False
2349	3.468125127389263	1.118022465668681	0.32237085589535996	GZMB	0.26962435	False
2350	3.156127525238393	0.8300277786922823	0.26298930320617747	STXBP6	0.2696218	False
2351	3.1821611994099532	1.0071477768491164	0.31649803819990796	RPS29	0.26962265	False
2352	3.1821611994099532	1.0071477768491164	0.31649803819990796	RN7SL1	0.26962265	False
2353	3.1821611994099532	1.0071477768491164	0.31649803819990796	LRR1	0.26962265	False
2354	3.1821611994099532	1.0071477768491164	0.31649803819990796	RPL36AL	0.26962265	False
2355	3.1821611994099532	1.0071477768491164	0.31649803819990796	MGAT2	0.26962265	False
2356	3.1821611994099532	1.0071477768491164	0.31649803819990796	DNAAF2	0.26962265	False
2357	3.1821611994099532	1.0071477768491164	0.31649803819990796	POLE2	0.26962265	False
2358	3.1821611994099532	1.0071477768491164	0.31649803819990796	KLHDC1	0.26962265	False
2359	3.1821611994099532	1.0071477768491164	0.31649803819990796	KLHDC2	0.26962265	False
2360	3.1821611994099532	1.0071477768491164	0.31649803819990796	NEMF	0.26962265	False
2361	3.1821611994099532	1.0071477768491164	0.31649803819990796	RN7SL2	0.26962265	False
2362	3.1821611994099532	1.0071477768491164	0.31649803819990796	ARF6	0.26962265	False
2363	3.1311103212316738	0.8502212168004672	0.2715398467550702	LINC01599	0.26962182	False
2364	3.1311103212316738	0.8502212168004672	0.2715398467550702	MIR6076	0.26962182	False
2365	3.1311103212316738	0.8502212168004672	0.2715398467550702	LINC01588	0.26962182	False
2366	3.239804411736925	0.9997240027090346	0.3085754186540731	VCPKMT	0.26962316	False
2367	3.239804411736925	0.9997240027090346	0.3085754186540731	SOS2	0.26962316	False
2368	3.239804411736925	0.9997240027090346	0.3085754186540731	L2HGDH	0.26962316	False
2369	3.239804411736925	0.9997240027090346	0.3085754186540731	MIR4504	0.26962316	False
2370	3.239804411736925	0.9997240027090346	0.3085754186540731	DMAC2L	0.26962316	False
2371	3.239804411736925	0.9997240027090346	0.3085754186540731	CDKL1	0.26962316	False
2372	3.239804411736925	0.9997240027090346	0.3085754186540731	MAP4K5	0.26962316	False
2373	3.239804411736925	0.9997240027090346	0.3085754186540731	ATL1	0.26962316	False
2374	3.239804411736925	0.9997240027090346	0.3085754186540731	SAV1	0.26962316	False
2375	3.239804411736925	0.9997240027090346	0.3085754186540731	NIN	0.26962316	False
2376	3.239804411736925	0.9997240027090346	0.3085754186540731	LOC105370489	0.26962316	False
2377	3.1161938706830714	0.8265862508150122	0.26525507882916927	PYGL	0.26962164	False
2378	3.1161938706830714	0.8265862508150122	0.26525507882916927	ABHD12B	0.26962164	False
2379	3.1161938706830714	0.8265862508150122	0.26525507882916927	TRIM9	0.26962164	False
2380	3.1289155019511816	0.9332547489204268	0.2982678018433071	TMX1	0.26962212	False
2381	3.1289155019511816	0.9332547489204268	0.2982678018433071	LINC00640	0.26962212	False
2382	3.1289155019511816	0.9332547489204268	0.2982678018433071	FRMD6-AS2	0.26962212	False
2383	3.1289155019511816	0.9332547489204268	0.2982678018433071	FRMD6	0.26962212	False
2384	3.1289155019511816	0.9332547489204268	0.2982678018433071	FRMD6-AS1	0.26962212	False
2385	3.0242904633728345	0.7444583243905899	0.24615966402920642	GNG2	0.269621	False
2386	3.0242904633728345	0.7444583243905899	0.24615966402920642	LOC102723604	0.269621	False
2387	3.0242904633728345	0.7444583243905899	0.24615966402920642	RTRAF	0.269621	False
2388	3.0242904633728345	0.7444583243905899	0.24615966402920642	NID2	0.269621	False
2389	2.993053146766388	0.6502377621341783	0.217248986319096	BUB1B	0.2696204	False
2390	2.993053146766388	0.6502377621341783	0.217248986319096	BUB1B-PAK6	0.2696204	False
2391	2.993053146766388	0.6502377621341783	0.217248986319096	PAK6	0.2696204	False
2392	2.993053146766388	0.6502377621341783	0.217248986319096	C15orf56	0.2696204	False
2393	2.993053146766388	0.6502377621341783	0.217248986319096	PLCB2	0.2696204	False
2394	2.993053146766388	0.6502377621341783	0.217248986319096	ANKRD63	0.2696204	False
2395	2.993053146766388	0.6502377621341783	0.217248986319096	CCDC9B	0.2696204	False
2396	2.993053146766388	0.6502377621341783	0.217248986319096	PHGR1	0.2696204	False
2397	2.993053146766388	0.6502377621341783	0.217248986319096	DISP2	0.2696204	False
2398	2.993053146766388	0.6502377621341783	0.217248986319096	KNSTRN	0.2696204	False
2399	2.993053146766388	0.6502377621341783	0.217248986319096	IVD	0.2696204	False
2400	2.993053146766388	0.6502377621341783	0.217248986319096	BAHD1	0.2696204	False
2401	2.993053146766388	0.6502377621341783	0.217248986319096	CHST14	0.2696204	False
2402	2.993053146766388	0.6502377621341783	0.217248986319096	CCDC32	0.2696204	False
2403	2.993053146766388	0.6502377621341783	0.217248986319096	RPUSD2	0.2696204	False
2404	2.993053146766388	0.6502377621341783	0.217248986319096	KNL1	0.2696204	False
2405	2.993053146766388	0.6502377621341783	0.217248986319096	RAD51-AS1	0.2696204	False
2406	2.993053146766388	0.6502377621341783	0.217248986319096	RAD51	0.2696204	False
2407	2.993053146766388	0.6502377621341783	0.217248986319096	RMDN3	0.2696204	False
2408	2.993053146766388	0.6502377621341783	0.217248986319096	GCHFR	0.2696204	False
2409	2.993053146766388	0.6502377621341783	0.217248986319096	DNAJC17	0.2696204	False
2410	2.993053146766388	0.6502377621341783	0.217248986319096	C15orf62	0.2696204	False
2411	2.993053146766388	0.6502377621341783	0.217248986319096	ZFYVE19	0.2696204	False
2412	2.993053146766388	0.6502377621341783	0.217248986319096	PPP1R14D	0.2696204	False
2413	2.993053146766388	0.6502377621341783	0.217248986319096	SPINT1	0.2696204	False
2414	2.993053146766388	0.6502377621341783	0.217248986319096	RHOV	0.2696204	False
2415	3.1513701579395965	0.6540920763299896	0.20755799653749427	LMF1	0.2696209	False
2416	3.1513701579395965	0.6540920763299896	0.20755799653749427	LMF1-AS1	0.2696209	False
2417	3.1513701579395965	0.6540920763299896	0.20755799653749427	SOX8	0.2696209	False
2418	3.1513701579395965	0.6540920763299896	0.20755799653749427	SSTR5-AS1	0.2696209	False
2419	3.1513701579395965	0.6540920763299896	0.20755799653749427	SSTR5	0.2696209	False
2420	3.1513701579395965	0.6540920763299896	0.20755799653749427	C1QTNF8	0.2696209	False
2421	3.1513701579395965	0.6540920763299896	0.20755799653749427	CACNA1H	0.2696209	False
2422	3.1513701579395965	0.6540920763299896	0.20755799653749427	TPSG1	0.2696209	False
2423	3.1513701579395965	0.6540920763299896	0.20755799653749427	TPSB2	0.2696209	False
2424	3.1513701579395965	0.6540920763299896	0.20755799653749427	TPSAB1	0.2696209	False
2425	3.1513701579395965	0.6540920763299896	0.20755799653749427	TPSD1	0.2696209	False
2426	3.1513701579395965	0.6540920763299896	0.20755799653749427	UBE2I	0.2696209	False
2427	3.1513701579395965	0.6540920763299896	0.20755799653749427	BAIAP3	0.2696209	False
2428	3.1513701579395965	0.6540920763299896	0.20755799653749427	TSR3	0.2696209	False
2429	3.1513701579395965	0.6540920763299896	0.20755799653749427	GNPTG	0.2696209	False
2430	3.1513701579395965	0.6540920763299896	0.20755799653749427	UNKL	0.2696209	False
2431	3.1513701579395965	0.6540920763299896	0.20755799653749427	C16orf91	0.2696209	False
2432	3.1513701579395965	0.6540920763299896	0.20755799653749427	CCDC154	0.2696209	False
2433	3.1513701579395965	0.6540920763299896	0.20755799653749427	CLCN7	0.2696209	False
2434	3.1513701579395965	0.6540920763299896	0.20755799653749427	PTX4	0.2696209	False
2435	3.1513701579395965	0.6540920763299896	0.20755799653749427	TELO2	0.2696209	False
2436	3.1513701579395965	0.6540920763299896	0.20755799653749427	IFT140	0.2696209	False
2437	3.1513701579395965	0.6540920763299896	0.20755799653749427	TMEM204	0.2696209	False
2438	3.1513701579395965	0.6540920763299896	0.20755799653749427	LOC105371046	0.2696209	False
2439	3.1513701579395965	0.6540920763299896	0.20755799653749427	CRAMP1	0.2696209	False
2440	3.1513701579395965	0.6540920763299896	0.20755799653749427	JPT2	0.2696209	False
2441	3.1513701579395965	0.6540920763299896	0.20755799653749427	MAPK8IP3	0.2696209	False
2442	3.1513701579395965	0.6540920763299896	0.20755799653749427	MIR3177	0.2696209	False
2443	3.1513701579395965	0.6540920763299896	0.20755799653749427	NME3	0.2696209	False
2444	3.1513701579395965	0.6540920763299896	0.20755799653749427	MRPS34	0.2696209	False
2445	3.1513701579395965	0.6540920763299896	0.20755799653749427	EME2	0.2696209	False
2446	3.1513701579395965	0.6540920763299896	0.20755799653749427	SPSB3	0.2696209	False
2447	3.1513701579395965	0.6540920763299896	0.20755799653749427	NUBP2	0.2696209	False
2448	3.1513701579395965	0.6540920763299896	0.20755799653749427	IGFALS	0.2696209	False
2449	3.1513701579395965	0.6540920763299896	0.20755799653749427	HAGH	0.2696209	False
2450	3.1513701579395965	0.6540920763299896	0.20755799653749427	FAHD1	0.2696209	False
2451	3.1513701579395965	0.6540920763299896	0.20755799653749427	MEIOB	0.2696209	False
2452	3.1513701579395965	0.6540920763299896	0.20755799653749427	LINC00254	0.2696209	False
2453	3.1245094009069203	0.5688698086934135	0.18206692177923783	HS3ST6	0.26962045	False
2454	3.1245094009069203	0.5688698086934135	0.18206692177923783	MSRB1	0.26962045	False
2455	3.1245094009069203	0.5688698086934135	0.18206692177923783	RPL3L	0.26962045	False
2456	3.1245094009069203	0.5688698086934135	0.18206692177923783	NDUFB10	0.26962045	False
2457	3.1245094009069203	0.5688698086934135	0.18206692177923783	RPS2	0.26962045	False
2458	3.1245094009069203	0.5688698086934135	0.18206692177923783	SNORA10	0.26962045	False
2459	3.1245094009069203	0.5688698086934135	0.18206692177923783	SNORA64	0.26962045	False
2460	3.1245094009069203	0.5688698086934135	0.18206692177923783	SNHG9	0.26962045	False
2461	3.1245094009069203	0.5688698086934135	0.18206692177923783	SNORA78	0.26962045	False
2462	3.1245094009069203	0.5688698086934135	0.18206692177923783	RNF151	0.26962045	False
2463	3.1245094009069203	0.5688698086934135	0.18206692177923783	TBL3	0.26962045	False
2464	3.1245094009069203	0.5688698086934135	0.18206692177923783	NOXO1	0.26962045	False
2465	3.1245094009069203	0.5688698086934135	0.18206692177923783	GFER	0.26962045	False
2466	3.1245094009069203	0.5688698086934135	0.18206692177923783	SYNGR3	0.26962045	False
2467	3.1245094009069203	0.5688698086934135	0.18206692177923783	ZNF598	0.26962045	False
2468	3.1245094009069203	0.5688698086934135	0.18206692177923783	NPW	0.26962045	False
2469	3.1245094009069203	0.5688698086934135	0.18206692177923783	SLC9A3R2	0.26962045	False
2470	3.1245094009069203	0.5688698086934135	0.18206692177923783	NTHL1	0.26962045	False
2471	3.1245094009069203	0.5688698086934135	0.18206692177923783	TSC2	0.26962045	False
2472	3.1245094009069203	0.5688698086934135	0.18206692177923783	PKD1	0.26962045	False
2473	3.1245094009069203	0.5688698086934135	0.18206692177923783	MIR1225	0.26962045	False
2474	3.1245094009069203	0.5688698086934135	0.18206692177923783	LOC105371049	0.26962045	False
2475	3.1245094009069203	0.5688698086934135	0.18206692177923783	MIR4516	0.26962045	False
2476	3.1245094009069203	0.5688698086934135	0.18206692177923783	MIR3180-5	0.26962045	False
2477	3.1245094009069203	0.5688698086934135	0.18206692177923783	RAB26	0.26962045	False
2478	3.1245094009069203	0.5688698086934135	0.18206692177923783	SNHG19	0.26962045	False
2479	3.1245094009069203	0.5688698086934135	0.18206692177923783	SNORD60	0.26962045	False
2480	3.1245094009069203	0.5688698086934135	0.18206692177923783	TRAF7	0.26962045	False
2481	3.1245094009069203	0.5688698086934135	0.18206692177923783	CASKIN1	0.26962045	False
2482	3.1245094009069203	0.5688698086934135	0.18206692177923783	MLST8	0.26962045	False
2483	3.1245094009069203	0.5688698086934135	0.18206692177923783	BRICD5	0.26962045	False
2484	3.1245094009069203	0.5688698086934135	0.18206692177923783	PGP	0.26962045	False
2485	3.1245094009069203	0.5688698086934135	0.18206692177923783	E4F1	0.26962045	False
2486	3.1245094009069203	0.5688698086934135	0.18206692177923783	DNASE1L2	0.26962045	False
2487	3.1245094009069203	0.5688698086934135	0.18206692177923783	ECI1	0.26962045	False
2488	3.1245094009069203	0.5688698086934135	0.18206692177923783	RNPS1	0.26962045	False
2489	3.1245094009069203	0.5688698086934135	0.18206692177923783	LOC106660606	0.26962045	False
2490	3.1245094009069203	0.5688698086934135	0.18206692177923783	MIR3677	0.26962045	False
2491	3.1245094009069203	0.5688698086934135	0.18206692177923783	MIR940	0.26962045	False
2492	3.1245094009069203	0.5688698086934135	0.18206692177923783	MIR4717	0.26962045	False
2493	3.1245094009069203	0.5688698086934135	0.18206692177923783	ABCA3	0.26962045	False
2494	3.1245094009069203	0.5688698086934135	0.18206692177923783	CCNF	0.26962045	False
2495	3.1245094009069203	0.5688698086934135	0.18206692177923783	TEDC2	0.26962045	False
2496	3.1245094009069203	0.5688698086934135	0.18206692177923783	MIR6768	0.26962045	False
2497	3.1245094009069203	0.5688698086934135	0.18206692177923783	LOC729652	0.26962045	False
2498	3.1245094009069203	0.5688698086934135	0.18206692177923783	NTN3	0.26962045	False
2499	3.1245094009069203	0.5688698086934135	0.18206692177923783	TBC1D24	0.26962045	False
2500	3.1245094009069203	0.5688698086934135	0.18206692177923783	ATP6V0C	0.26962045	False
2501	3.1245094009069203	0.5688698086934135	0.18206692177923783	AMDHD2	0.26962045	False
2502	3.1245094009069203	0.5688698086934135	0.18206692177923783	CEMP1	0.26962045	False
2503	3.1245094009069203	0.5688698086934135	0.18206692177923783	MIR3178	0.26962045	False
2504	3.1245094009069203	0.5688698086934135	0.18206692177923783	PDPK1	0.26962045	False
2505	3.1245094009069203	0.5688698086934135	0.18206692177923783	ERVK13-1	0.26962045	False
2506	3.1245094009069203	0.5688698086934135	0.18206692177923783	KCTD5	0.26962045	False
2507	3.1245094009069203	0.5688698086934135	0.18206692177923783	PRSS27	0.26962045	False
2508	3.1245094009069203	0.5688698086934135	0.18206692177923783	SRRM2-AS1	0.26962045	False
2509	3.1245094009069203	0.5688698086934135	0.18206692177923783	SRRM2	0.26962045	False
2510	3.1245094009069203	0.5688698086934135	0.18206692177923783	ELOB	0.26962045	False
2511	3.1245094009069203	0.5688698086934135	0.18206692177923783	PRSS33	0.26962045	False
2512	3.1245094009069203	0.5688698086934135	0.18206692177923783	PRSS21	0.26962045	False
2513	3.1245094009069203	0.5688698086934135	0.18206692177923783	ZG16B	0.26962045	False
2514	3.1245094009069203	0.5688698086934135	0.18206692177923783	PRSS22	0.26962045	False
2515	3.1245094009069203	0.5688698086934135	0.18206692177923783	FLYWCH2	0.26962045	False
2516	2.9391729326187677	0.46297058488819387	0.15751730010513287	FLYWCH1	0.2696195	False
2517	2.9391729326187677	0.46297058488819387	0.15751730010513287	KREMEN2	0.2696195	False
2518	2.9391729326187677	0.46297058488819387	0.15751730010513287	PKMYT1	0.2696195	False
2519	2.9391729326187677	0.46297058488819387	0.15751730010513287	PAQR4	0.2696195	False
2520	2.9391729326187677	0.46297058488819387	0.15751730010513287	LOC101929613	0.2696195	False
2521	2.9391729326187677	0.46297058488819387	0.15751730010513287	LINC00514	0.2696195	False
2522	2.9391729326187677	0.46297058488819387	0.15751730010513287	CLDN9	0.2696195	False
2523	2.9391729326187677	0.46297058488819387	0.15751730010513287	CLDN6	0.2696195	False
2524	2.9391729326187677	0.46297058488819387	0.15751730010513287	TNFRSF12A	0.2696195	False
2525	2.9391729326187677	0.46297058488819387	0.15751730010513287	HCFC1R1	0.2696195	False
2526	2.9391729326187677	0.46297058488819387	0.15751730010513287	THOC6	0.2696195	False
2527	2.9391729326187677	0.46297058488819387	0.15751730010513287	BICDL2	0.2696195	False
2528	2.9391729326187677	0.46297058488819387	0.15751730010513287	LOC100128770	0.2696195	False
2529	2.9391729326187677	0.46297058488819387	0.15751730010513287	MMP25	0.2696195	False
2530	2.9391729326187677	0.46297058488819387	0.15751730010513287	MMP25-AS1	0.2696195	False
2531	2.9391729326187677	0.46297058488819387	0.15751730010513287	IL32	0.2696195	False
2532	2.9391729326187677	0.46297058488819387	0.15751730010513287	ZSCAN10	0.2696195	False
2533	2.9391729326187677	0.46297058488819387	0.15751730010513287	ZNF205-AS1	0.2696195	False
2534	2.9391729326187677	0.46297058488819387	0.15751730010513287	ZNF205	0.2696195	False
2535	2.9391729326187677	0.46297058488819387	0.15751730010513287	ZNF213-AS1	0.2696195	False
2536	2.9391729326187677	0.46297058488819387	0.15751730010513287	ZNF213	0.2696195	False
2537	2.9391729326187677	0.46297058488819387	0.15751730010513287	OR1F1	0.2696195	False
2538	2.9391729326187677	0.46297058488819387	0.15751730010513287	ZNF200	0.2696195	False
2539	2.9391729326187677	0.46297058488819387	0.15751730010513287	MEFV	0.2696195	False
2540	2.9391729326187677	0.46297058488819387	0.15751730010513287	LINC00921	0.2696195	False
2541	2.9391729326187677	0.46297058488819387	0.15751730010513287	ZNF263	0.2696195	False
2542	2.9391729326187677	0.46297058488819387	0.15751730010513287	TIGD7	0.2696195	False
2543	2.9391729326187677	0.46297058488819387	0.15751730010513287	ZNF75A	0.2696195	False
2544	2.9391729326187677	0.46297058488819387	0.15751730010513287	OR2C1	0.2696195	False
2545	2.9391729326187677	0.46297058488819387	0.15751730010513287	NAA60	0.2696195	False
2546	2.9391729326187677	0.46297058488819387	0.15751730010513287	MTRNR2L4	0.2696195	False
2547	2.9391729326187677	0.46297058488819387	0.15751730010513287	ZSCAN32	0.2696195	False
2548	2.9391729326187677	0.46297058488819387	0.15751730010513287	ZNF174	0.2696195	False
2549	2.9391729326187677	0.46297058488819387	0.15751730010513287	ZNF597	0.2696195	False
2550	2.9391729326187677	0.46297058488819387	0.15751730010513287	CLUAP1	0.2696195	False
2551	2.9391729326187677	0.46297058488819387	0.15751730010513287	MIR6126	0.2696195	False
2552	2.9391729326187677	0.46297058488819387	0.15751730010513287	C16orf90	0.2696195	False
2553	2.9391729326187677	0.46297058488819387	0.15751730010513287	NLRC3	0.2696195	False
2554	2.9391729326187677	0.46297058488819387	0.15751730010513287	SLX4	0.2696195	False
2555	2.9391729326187677	0.46297058488819387	0.15751730010513287	DNASE1	0.2696195	False
2556	2.9391729326187677	0.46297058488819387	0.15751730010513287	TRAP1	0.2696195	False
2557	2.9391729326187677	0.46297058488819387	0.15751730010513287	CREBBP	0.2696195	False
2558	2.7887910790729045	0.38763230864894405	0.13899653923800098	LOC102724927	0.2696189	False
2559	2.7887910790729045	0.38763230864894405	0.13899653923800098	ADCY9	0.2696189	False
2560	3.02302426160032	0.5052451234670177	0.16713234157093812	GDPD3	0.26962	False
2561	3.02302426160032	0.5052451234670177	0.16713234157093812	MAPK3	0.26962	False
2562	3.02302426160032	0.5052451234670177	0.16713234157093812	CORO1A	0.26962	False
2563	3.02302426160032	0.5052451234670177	0.16713234157093812	NPIPB13	0.26962	False
2564	3.02302426160032	0.5052451234670177	0.16713234157093812	CD2BP2	0.26962	False
2565	3.02302426160032	0.5052451234670177	0.16713234157093812	TBC1D10B	0.26962	False
2566	3.02302426160032	0.5052451234670177	0.16713234157093812	MYLPF	0.26962	False
2567	3.02302426160032	0.5052451234670177	0.16713234157093812	SEPT1	0.26962	False
2568	3.02302426160032	0.5052451234670177	0.16713234157093812	ZNF48	0.26962	False
2569	3.02302426160032	0.5052451234670177	0.16713234157093812	ZNF771	0.26962	False
2570	3.02302426160032	0.5052451234670177	0.16713234157093812	DCTPP1	0.26962	False
2571	3.02302426160032	0.5052451234670177	0.16713234157093812	SEPHS2	0.26962	False
2572	3.02302426160032	0.5052451234670177	0.16713234157093812	ITGAL	0.26962	False
2573	3.02302426160032	0.5052451234670177	0.16713234157093812	MIR4518	0.26962	False
2574	3.02302426160032	0.5052451234670177	0.16713234157093812	ZNF768	0.26962	False
2575	3.02302426160032	0.5052451234670177	0.16713234157093812	ZNF747	0.26962	False
2576	3.02302426160032	0.5052451234670177	0.16713234157093812	ZNF764	0.26962	False
2577	3.02302426160032	0.5052451234670177	0.16713234157093812	ZNF688	0.26962	False
2578	3.02302426160032	0.5052451234670177	0.16713234157093812	ZNF785	0.26962	False
2579	3.02302426160032	0.5052451234670177	0.16713234157093812	ZNF689	0.26962	False
2580	3.02302426160032	0.5052451234670177	0.16713234157093812	PRR14	0.26962	False
2581	3.02302426160032	0.5052451234670177	0.16713234157093812	FBRS	0.26962	False
2582	3.02302426160032	0.5052451234670177	0.16713234157093812	LOC730183	0.26962	False
2583	3.02302426160032	0.5052451234670177	0.16713234157093812	SRCAP	0.26962	False
2584	3.02302426160032	0.5052451234670177	0.16713234157093812	SNORA30	0.26962	False
2585	3.02302426160032	0.5052451234670177	0.16713234157093812	TMEM265	0.26962	False
2586	3.02302426160032	0.5052451234670177	0.16713234157093812	PHKG2	0.26962	False
2587	3.02302426160032	0.5052451234670177	0.16713234157093812	CCDC189	0.26962	False
2588	3.02302426160032	0.5052451234670177	0.16713234157093812	RNF40	0.26962	False
2589	3.02302426160032	0.5052451234670177	0.16713234157093812	ZNF629	0.26962	False
2590	3.02302426160032	0.5052451234670177	0.16713234157093812	BCL7C	0.26962	False
2591	3.02302426160032	0.5052451234670177	0.16713234157093812	MIR762HG	0.26962	False
2592	3.02302426160032	0.5052451234670177	0.16713234157093812	MIR4519	0.26962	False
2593	3.02302426160032	0.5052451234670177	0.16713234157093812	MIR762	0.26962	False
2594	3.02302426160032	0.5052451234670177	0.16713234157093812	CTF1	0.26962	False
2595	3.02302426160032	0.5052451234670177	0.16713234157093812	FBXL19-AS1	0.26962	False
2596	3.02302426160032	0.5052451234670177	0.16713234157093812	FBXL19	0.26962	False
2597	3.02302426160032	0.5052451234670177	0.16713234157093812	ORAI3	0.26962	False
2598	3.02302426160032	0.5052451234670177	0.16713234157093812	SETD1A	0.26962	False
2599	3.02302426160032	0.5052451234670177	0.16713234157093812	HSD3B7	0.26962	False
2600	3.02302426160032	0.5052451234670177	0.16713234157093812	STX1B	0.26962	False
2601	3.02302426160032	0.5052451234670177	0.16713234157093812	STX4	0.26962	False
2602	3.02302426160032	0.5052451234670177	0.16713234157093812	ZNF668	0.26962	False
2603	3.02302426160032	0.5052451234670177	0.16713234157093812	ZNF646	0.26962	False
2604	3.02302426160032	0.5052451234670177	0.16713234157093812	PRSS53	0.26962	False
2605	3.02302426160032	0.5052451234670177	0.16713234157093812	VKORC1	0.26962	False
2606	3.090170708394222	0.6004627463906543	0.1943137784458125	BCKDK	0.26962072	False
2607	3.090170708394222	0.6004627463906543	0.1943137784458125	KAT8	0.26962072	False
2608	3.090170708394222	0.6004627463906543	0.1943137784458125	PRSS8	0.26962072	False
2609	3.090170708394222	0.6004627463906543	0.1943137784458125	PRSS36	0.26962072	False
2610	3.090170708394222	0.6004627463906543	0.1943137784458125	FUS	0.26962072	False
2611	3.090170708394222	0.6004627463906543	0.1943137784458125	PYCARD	0.26962072	False
2612	3.090170708394222	0.6004627463906543	0.1943137784458125	PYCARD-AS1	0.26962072	False
2613	3.090170708394222	0.6004627463906543	0.1943137784458125	TRIM72	0.26962072	False
2614	3.090170708394222	0.6004627463906543	0.1943137784458125	PYDC1	0.26962072	False
2615	3.090170708394222	0.6004627463906543	0.1943137784458125	ITGAM	0.26962072	False
2616	3.090170708394222	0.6004627463906543	0.1943137784458125	ITGAX	0.26962072	False
2617	3.090170708394222	0.6004627463906543	0.1943137784458125	ITGAD	0.26962072	False
2618	3.090170708394222	0.6004627463906543	0.1943137784458125	COX6A2	0.26962072	False
2619	3.090170708394222	0.6004627463906543	0.1943137784458125	ZNF843	0.26962072	False
2620	3.090170708394222	0.6004627463906543	0.1943137784458125	ARMC5	0.26962072	False
2621	3.090170708394222	0.6004627463906543	0.1943137784458125	TGFB1I1	0.26962072	False
2622	3.090170708394222	0.6004627463906543	0.1943137784458125	SLC5A2	0.26962072	False
2623	3.090170708394222	0.6004627463906543	0.1943137784458125	C16orf58	0.26962072	False
2624	3.090170708394222	0.6004627463906543	0.1943137784458125	AHSP	0.26962072	False
2625	3.090170708394222	0.6004627463906543	0.1943137784458125	ZNF720	0.26962072	False
2626	3.090170708394222	0.6004627463906543	0.1943137784458125	ZNF267	0.26962072	False
2627	3.1044452273711807	0.6794522915625568	0.21886431932249342	TP53TG3D	0.269621	False
2628	3.029615543449107	0.5716934144195797	0.18870163762387074	ASGR2	0.2696203	False
2629	3.029615543449107	0.5716934144195797	0.18870163762387074	ASGR1	0.2696203	False
2630	3.029615543449107	0.5716934144195797	0.18870163762387074	DLG4	0.2696203	False
2631	3.029615543449107	0.5716934144195797	0.18870163762387074	ACADVL	0.2696203	False
2632	3.029615543449107	0.5716934144195797	0.18870163762387074	MIR324	0.2696203	False
2633	3.029615543449107	0.5716934144195797	0.18870163762387074	DVL2	0.2696203	False
2634	3.029615543449107	0.5716934144195797	0.18870163762387074	PHF23	0.2696203	False
2635	3.029615543449107	0.5716934144195797	0.18870163762387074	GABARAP	0.2696203	False
2636	3.029615543449107	0.5716934144195797	0.18870163762387074	CTDNEP1	0.2696203	False
2637	3.029615543449107	0.5716934144195797	0.18870163762387074	CLDN7	0.2696203	False
2638	3.029615543449107	0.5716934144195797	0.18870163762387074	ELP5	0.2696203	False
2639	3.029615543449107	0.5716934144195797	0.18870163762387074	SLC2A4	0.2696203	False
2640	3.029615543449107	0.5716934144195797	0.18870163762387074	YBX2	0.2696203	False
2641	3.029615543449107	0.5716934144195797	0.18870163762387074	EIF5A	0.2696203	False
2642	3.029615543449107	0.5716934144195797	0.18870163762387074	GPS2	0.2696203	False
2643	3.029615543449107	0.5716934144195797	0.18870163762387074	NEURL4	0.2696203	False
2644	3.029615543449107	0.5716934144195797	0.18870163762387074	ACAP1	0.2696203	False
2645	3.029615543449107	0.5716934144195797	0.18870163762387074	KCTD11	0.2696203	False
2646	3.029615543449107	0.5716934144195797	0.18870163762387074	TMEM95	0.2696203	False
2647	3.029615543449107	0.5716934144195797	0.18870163762387074	TNK1	0.2696203	False
2648	3.029615543449107	0.5716934144195797	0.18870163762387074	PLSCR3	0.2696203	False
2649	3.029615543449107	0.5716934144195797	0.18870163762387074	TMEM256-PLSCR3	0.2696203	False
2650	3.029615543449107	0.5716934144195797	0.18870163762387074	TMEM256	0.2696203	False
2651	3.029615543449107	0.5716934144195797	0.18870163762387074	NLGN2	0.2696203	False
2652	3.029615543449107	0.5716934144195797	0.18870163762387074	FGF11	0.2696203	False
2653	3.029615543449107	0.5716934144195797	0.18870163762387074	SPEM1	0.2696203	False
2654	3.029615543449107	0.5716934144195797	0.18870163762387074	SPEM2	0.2696203	False
2655	3.029615543449107	0.5716934144195797	0.18870163762387074	TMEM102	0.2696203	False
2656	3.029615543449107	0.5716934144195797	0.18870163762387074	CHRNB1	0.2696203	False
2657	3.029615543449107	0.5716934144195797	0.18870163762387074	ZBTB4	0.2696203	False
2658	3.029615543449107	0.5716934144195797	0.18870163762387074	SLC35G6	0.2696203	False
2659	3.029615543449107	0.5716934144195797	0.18870163762387074	POLR2A	0.2696203	False
2660	3.029615543449107	0.5716934144195797	0.18870163762387074	TNFSF12	0.2696203	False
2661	3.029615543449107	0.5716934144195797	0.18870163762387074	TNFSF12-TNFSF13	0.2696203	False
2662	3.029615543449107	0.5716934144195797	0.18870163762387074	TNFSF13	0.2696203	False
2663	3.029615543449107	0.5716934144195797	0.18870163762387074	SENP3	0.2696203	False
2664	3.029615543449107	0.5716934144195797	0.18870163762387074	SENP3-EIF4A1	0.2696203	False
2665	3.029615543449107	0.5716934144195797	0.18870163762387074	EIF4A1	0.2696203	False
2666	3.029615543449107	0.5716934144195797	0.18870163762387074	CD68	0.2696203	False
2667	3.029615543449107	0.5716934144195797	0.18870163762387074	SNORA48	0.2696203	False
2668	3.029615543449107	0.5716934144195797	0.18870163762387074	SNORD10	0.2696203	False
2669	3.029615543449107	0.5716934144195797	0.18870163762387074	SNORA67	0.2696203	False
2670	3.029615543449107	0.5716934144195797	0.18870163762387074	MPDU1	0.2696203	False
2671	3.029615543449107	0.5716934144195797	0.18870163762387074	SOX15	0.2696203	False
2672	3.029615543449107	0.5716934144195797	0.18870163762387074	FXR2	0.2696203	False
2673	3.029615543449107	0.5716934144195797	0.18870163762387074	SHBG	0.2696203	False
2674	3.029615543449107	0.5716934144195797	0.18870163762387074	SAT2	0.2696203	False
2675	3.029615543449107	0.5716934144195797	0.18870163762387074	ATP1B2	0.2696203	False
2676	3.029615543449107	0.5716934144195797	0.18870163762387074	TP53	0.2696203	False
2677	3.029615543449107	0.5716934144195797	0.18870163762387074	WRAP53	0.2696203	False
2678	3.029615543449107	0.5716934144195797	0.18870163762387074	EFNB3	0.2696203	False
2679	3.029615543449107	0.5716934144195797	0.18870163762387074	DNAH2	0.2696203	False
2680	3.029615543449107	0.5716934144195797	0.18870163762387074	KDM6B	0.2696203	False
2681	3.029615543449107	0.5716934144195797	0.18870163762387074	TMEM88	0.2696203	False
2682	3.029615543449107	0.5716934144195797	0.18870163762387074	NAA38	0.2696203	False
2683	3.029615543449107	0.5716934144195797	0.18870163762387074	CYB5D1	0.2696203	False
2684	3.012886604042643	0.653587877207384	0.21693079199542734	NLK	0.26962045	False
2685	3.012886604042643	0.653587877207384	0.21693079199542734	TMEM97	0.26962045	False
2686	3.012886604042643	0.653587877207384	0.21693079199542734	IFT20	0.26962045	False
2687	3.012886604042643	0.653587877207384	0.21693079199542734	TNFAIP1	0.26962045	False
2688	3.012886604042643	0.653587877207384	0.21693079199542734	POLDIP2	0.26962045	False
2689	3.012886604042643	0.653587877207384	0.21693079199542734	TMEM199	0.26962045	False
2690	3.012886604042643	0.653587877207384	0.21693079199542734	MIR4723	0.26962045	False
2691	3.012886604042643	0.653587877207384	0.21693079199542734	SEBOX	0.26962045	False
2692	3.012886604042643	0.653587877207384	0.21693079199542734	SARM1	0.26962045	False
2693	3.012886604042643	0.653587877207384	0.21693079199542734	VTN	0.26962045	False
2694	3.012886604042643	0.653587877207384	0.21693079199542734	SLC46A1	0.26962045	False
2695	3.012886604042643	0.653587877207384	0.21693079199542734	SGK494	0.26962045	False
2696	3.012886604042643	0.653587877207384	0.21693079199542734	SLC13A2	0.26962045	False
2697	3.012886604042643	0.653587877207384	0.21693079199542734	FOXN1	0.26962045	False
2698	3.012886604042643	0.653587877207384	0.21693079199542734	UNC119	0.26962045	False
2699	3.012886604042643	0.653587877207384	0.21693079199542734	PIGS	0.26962045	False
2700	3.012886604042643	0.653587877207384	0.21693079199542734	ALDOC	0.26962045	False
2701	3.012886604042643	0.653587877207384	0.21693079199542734	SPAG5	0.26962045	False
2702	3.012886604042643	0.653587877207384	0.21693079199542734	SPAG5-AS1	0.26962045	False
2703	3.012886604042643	0.653587877207384	0.21693079199542734	KIAA0100	0.26962045	False
2704	3.012886604042643	0.653587877207384	0.21693079199542734	SDF2	0.26962045	False
2705	3.012886604042643	0.653587877207384	0.21693079199542734	SUPT6H	0.26962045	False
2706	3.012886604042643	0.653587877207384	0.21693079199542734	PROCA1	0.26962045	False
2707	3.012886604042643	0.653587877207384	0.21693079199542734	RAB34	0.26962045	False
2708	3.012886604042643	0.653587877207384	0.21693079199542734	RPL23A	0.26962045	False
2709	3.012886604042643	0.653587877207384	0.21693079199542734	SNORD42B	0.26962045	False
2710	3.012886604042643	0.653587877207384	0.21693079199542734	SNORD4A	0.26962045	False
2711	3.012886604042643	0.653587877207384	0.21693079199542734	SNORD42A	0.26962045	False
2712	3.012886604042643	0.653587877207384	0.21693079199542734	SNORD4B	0.26962045	False
2713	3.012886604042643	0.653587877207384	0.21693079199542734	TLCD1	0.26962045	False
2714	3.012886604042643	0.653587877207384	0.21693079199542734	NEK8	0.26962045	False
2715	3.012886604042643	0.653587877207384	0.21693079199542734	TRAF4	0.26962045	False
2716	3.012886604042643	0.653587877207384	0.21693079199542734	FAM222B	0.26962045	False
2717	3.012886604042643	0.653587877207384	0.21693079199542734	ERAL1	0.26962045	False
2718	3.012886604042643	0.653587877207384	0.21693079199542734	MIR144	0.26962045	False
2719	3.012886604042643	0.653587877207384	0.21693079199542734	MIR451A	0.26962045	False
2720	3.012886604042643	0.653587877207384	0.21693079199542734	MIR4732	0.26962045	False
2721	3.012886604042643	0.653587877207384	0.21693079199542734	FLOT2	0.26962045	False
2722	3.9054655158547527	1.0926535481429847	0.27977549506127075	R3HDM4	0.2696263	False
2723	3.9054655158547527	1.0926535481429847	0.27977549506127075	KISS1R	0.2696263	False
2724	3.9054655158547527	1.0926535481429847	0.27977549506127075	ARID3A	0.2696263	False
2725	3.9054655158547527	1.0926535481429847	0.27977549506127075	WDR18	0.2696263	False
2726	3.9054655158547527	1.0926535481429847	0.27977549506127075	GRIN3B	0.2696263	False
2727	3.9054655158547527	1.0926535481429847	0.27977549506127075	TMEM259	0.2696263	False
2728	3.9054655158547527	1.0926535481429847	0.27977549506127075	CNN2	0.2696263	False
2729	3.9054655158547527	1.0926535481429847	0.27977549506127075	ABCA7	0.2696263	False
2730	3.9054655158547527	1.0926535481429847	0.27977549506127075	ARHGAP45	0.2696263	False
2731	3.9054655158547527	1.0926535481429847	0.27977549506127075	POLR2E	0.2696263	False
2732	3.9054655158547527	1.0926535481429847	0.27977549506127075	GPX4	0.2696263	False
2733	3.9054655158547527	1.0926535481429847	0.27977549506127075	SBNO2	0.2696263	False
2734	3.9054655158547527	1.0926535481429847	0.27977549506127075	STK11	0.2696263	False
2735	3.9054655158547527	1.0926535481429847	0.27977549506127075	CBARP	0.2696263	False
2736	3.9054655158547527	1.0926535481429847	0.27977549506127075	ATP5F1D	0.2696263	False
2737	3.9054655158547527	1.0926535481429847	0.27977549506127075	MIDN	0.2696263	False
2738	3.9054655158547527	1.0926535481429847	0.27977549506127075	CIRBP	0.2696263	False
2739	3.9054655158547527	1.0926535481429847	0.27977549506127075	CIRBP-AS1	0.2696263	False
2740	3.9054655158547527	1.0926535481429847	0.27977549506127075	C19orf24	0.2696263	False
2741	3.9054655158547527	1.0926535481429847	0.27977549506127075	MUM1	0.2696263	False
2742	3.9054655158547527	1.0926535481429847	0.27977549506127075	EFNA2	0.2696263	False
2743	3.9054655158547527	1.0926535481429847	0.27977549506127075	NDUFS7	0.2696263	False
2744	3.9054655158547527	1.0926535481429847	0.27977549506127075	GAMT	0.2696263	False
2745	3.9054655158547527	1.0926535481429847	0.27977549506127075	DAZAP1	0.2696263	False
2746	3.9054655158547527	1.0926535481429847	0.27977549506127075	RPS15	0.2696263	False
2747	3.9054655158547527	1.0926535481429847	0.27977549506127075	APC2	0.2696263	False
2748	3.9054655158547527	1.0926535481429847	0.27977549506127075	C19orf25	0.2696263	False
2749	3.9054655158547527	1.0926535481429847	0.27977549506127075	PCSK4	0.2696263	False
2750	3.9054655158547527	1.0926535481429847	0.27977549506127075	REEP6	0.2696263	False
2751	3.9054655158547527	1.0926535481429847	0.27977549506127075	ADAMTSL5	0.2696263	False
2752	3.9054655158547527	1.0926535481429847	0.27977549506127075	PLK5	0.2696263	False
2753	3.9054655158547527	1.0926535481429847	0.27977549506127075	MEX3D	0.2696263	False
2754	3.9054655158547527	1.0926535481429847	0.27977549506127075	MBD3	0.2696263	False
2755	3.9054655158547527	1.0926535481429847	0.27977549506127075	UQCR11	0.2696263	False
2756	3.9054655158547527	1.0926535481429847	0.27977549506127075	TCF3	0.2696263	False
2757	3.9054655158547527	1.0926535481429847	0.27977549506127075	ONECUT3	0.2696263	False
2758	3.9054655158547527	1.0926535481429847	0.27977549506127075	ATP8B3	0.2696263	False
2759	3.9054655158547527	1.0926535481429847	0.27977549506127075	REXO1	0.2696263	False
2760	3.9054655158547527	1.0926535481429847	0.27977549506127075	MIR1909	0.2696263	False
2761	3.9054655158547527	1.0926535481429847	0.27977549506127075	LOC100288123	0.2696263	False
2762	3.9054655158547527	1.0926535481429847	0.27977549506127075	KLF16	0.2696263	False
2763	3.9054655158547527	1.0926535481429847	0.27977549506127075	ABHD17A	0.2696263	False
2764	3.650184999063919	0.8224392330077942	0.2253143972754002	SCAMP4	0.26962328	False
2765	3.650184999063919	0.8224392330077942	0.2253143972754002	ADAT3	0.26962328	False
2766	3.650184999063919	0.8224392330077942	0.2253143972754002	CSNK1G2	0.26962328	False
2767	3.650184999063919	0.8224392330077942	0.2253143972754002	CSNK1G2-AS1	0.26962328	False
2768	3.650184999063919	0.8224392330077942	0.2253143972754002	BTBD2	0.26962328	False
2769	3.650184999063919	0.8224392330077942	0.2253143972754002	MKNK2	0.26962328	False
2770	3.650184999063919	0.8224392330077942	0.2253143972754002	MOB3A	0.26962328	False
2771	3.650184999063919	0.8224392330077942	0.2253143972754002	IZUMO4	0.26962328	False
2772	3.650184999063919	0.8224392330077942	0.2253143972754002	AP3D1	0.26962328	False
2773	3.650184999063919	0.8224392330077942	0.2253143972754002	DOT1L	0.26962328	False
2774	3.650184999063919	0.8224392330077942	0.2253143972754002	PLEKHJ1	0.26962328	False
2775	3.650184999063919	0.8224392330077942	0.2253143972754002	MIR1227	0.26962328	False
2776	3.650184999063919	0.8224392330077942	0.2253143972754002	MIR6789	0.26962328	False
2777	3.650184999063919	0.8224392330077942	0.2253143972754002	SF3A2	0.26962328	False
2778	3.650184999063919	0.8224392330077942	0.2253143972754002	AMH	0.26962328	False
2779	3.650184999063919	0.8224392330077942	0.2253143972754002	MIR4321	0.26962328	False
2780	3.650184999063919	0.8224392330077942	0.2253143972754002	JSRP1	0.26962328	False
2781	3.650184999063919	0.8224392330077942	0.2253143972754002	OAZ1	0.26962328	False
2782	3.650184999063919	0.8224392330077942	0.2253143972754002	SPPL2B	0.26962328	False
2783	3.650184999063919	0.8224392330077942	0.2253143972754002	PEAK3	0.26962328	False
2784	3.650184999063919	0.8224392330077942	0.2253143972754002	LSM7	0.26962328	False
2785	3.650184999063919	0.8224392330077942	0.2253143972754002	TMPRSS9	0.26962328	False
2786	3.650184999063919	0.8224392330077942	0.2253143972754002	TIMM13	0.26962328	False
2787	3.650184999063919	0.8224392330077942	0.2253143972754002	LMNB2	0.26962328	False
2788	3.650184999063919	0.8224392330077942	0.2253143972754002	MIR7108	0.26962328	False
2789	3.650184999063919	0.8224392330077942	0.2253143972754002	LINC01775	0.26962328	False
2790	3.650184999063919	0.8224392330077942	0.2253143972754002	GADD45B	0.26962328	False
2791	3.650184999063919	0.8224392330077942	0.2253143972754002	GNG7	0.26962328	False
2792	3.650184999063919	0.8224392330077942	0.2253143972754002	MIR7850	0.26962328	False
2793	3.650184999063919	0.8224392330077942	0.2253143972754002	DIRAS1	0.26962328	False
2794	3.650184999063919	0.8224392330077942	0.2253143972754002	SLC39A3	0.26962328	False
2795	3.650184999063919	0.8224392330077942	0.2253143972754002	SGTA	0.26962328	False
2796	3.650184999063919	0.8224392330077942	0.2253143972754002	THOP1	0.26962328	False
2797	3.650184999063919	0.8224392330077942	0.2253143972754002	ZNF554	0.26962328	False
2798	3.650184999063919	0.8224392330077942	0.2253143972754002	ZNF555	0.26962328	False
2799	3.650184999063919	0.8224392330077942	0.2253143972754002	ZNF556	0.26962328	False
2800	3.4121873645583776	0.6269172665733188	0.18372885178726334	ZNF57	0.2696215	False
2801	3.4121873645583776	0.6269172665733188	0.18372885178726334	ZNF77	0.2696215	False
2802	3.4121873645583776	0.6269172665733188	0.18372885178726334	TLE6	0.2696215	False
2803	3.4121873645583776	0.6269172665733188	0.18372885178726334	TLE2	0.2696215	False
2804	3.4121873645583776	0.6269172665733188	0.18372885178726334	AES	0.2696215	False
2805	3.4121873645583776	0.6269172665733188	0.18372885178726334	GNA11	0.2696215	False
2806	3.4121873645583776	0.6269172665733188	0.18372885178726334	GNA15	0.2696215	False
2807	3.4121873645583776	0.6269172665733188	0.18372885178726334	LOC100996351	0.2696215	False
2808	3.4121873645583776	0.6269172665733188	0.18372885178726334	S1PR4	0.2696215	False
2809	3.4121873645583776	0.6269172665733188	0.18372885178726334	NCLN	0.2696215	False
2810	3.4121873645583776	0.6269172665733188	0.18372885178726334	CELF5	0.2696215	False
2811	3.4121873645583776	0.6269172665733188	0.18372885178726334	NFIC	0.2696215	False
2812	3.4121873645583776	0.6269172665733188	0.18372885178726334	SMIM24	0.2696215	False
2813	3.4121873645583776	0.6269172665733188	0.18372885178726334	DOHH	0.2696215	False
2814	3.4121873645583776	0.6269172665733188	0.18372885178726334	FZR1	0.2696215	False
2815	3.4121873645583776	0.6269172665733188	0.18372885178726334	MFSD12	0.2696215	False
2816	3.4121873645583776	0.6269172665733188	0.18372885178726334	C19orf71	0.2696215	False
2817	3.4121873645583776	0.6269172665733188	0.18372885178726334	HMG20B	0.2696215	False
2818	3.4121873645583776	0.6269172665733188	0.18372885178726334	GIPC3	0.2696215	False
2819	3.4121873645583776	0.6269172665733188	0.18372885178726334	TBXA2R	0.2696215	False
2820	3.4121873645583776	0.6269172665733188	0.18372885178726334	CACTIN-AS1	0.2696215	False
2821	3.4121873645583776	0.6269172665733188	0.18372885178726334	CACTIN	0.2696215	False
2822	3.4121873645583776	0.6269172665733188	0.18372885178726334	PIP5K1C	0.2696215	False
2823	3.4121873645583776	0.6269172665733188	0.18372885178726334	TJP3	0.2696215	False
2824	3.4121873645583776	0.6269172665733188	0.18372885178726334	APBA3	0.2696215	False
2825	3.4121873645583776	0.6269172665733188	0.18372885178726334	MRPL54	0.2696215	False
2826	3.4121873645583776	0.6269172665733188	0.18372885178726334	RAX2	0.2696215	False
2827	3.4121873645583776	0.6269172665733188	0.18372885178726334	MATK	0.2696215	False
2828	3.4121873645583776	0.6269172665733188	0.18372885178726334	ZFR2	0.2696215	False
2829	3.270388916567982	0.5143909875889437	0.15728740547737574	ATCAY	0.26962054	False
2830	3.270388916567982	0.5143909875889437	0.15728740547737574	NMRK2	0.26962054	False
2831	3.270388916567982	0.5143909875889437	0.15728740547737574	DAPK3	0.26962054	False
2832	3.270388916567982	0.5143909875889437	0.15728740547737574	MIR637	0.26962054	False
2833	3.270388916567982	0.5143909875889437	0.15728740547737574	EEF2	0.26962054	False
2834	3.270388916567982	0.5143909875889437	0.15728740547737574	SNORD37	0.26962054	False
2835	3.270388916567982	0.5143909875889437	0.15728740547737574	PIAS4	0.26962054	False
2836	3.270388916567982	0.5143909875889437	0.15728740547737574	ZBTB7A	0.26962054	False
2837	3.270388916567982	0.5143909875889437	0.15728740547737574	MAP2K2	0.26962054	False
2838	3.117598260651886	0.5262388705158008	0.16879624201668783	CREB3L3	0.26962012	False
2839	3.117598260651886	0.5262388705158008	0.16879624201668783	SIRT6	0.26962012	False
2840	3.117598260651886	0.5262388705158008	0.16879624201668783	ANKRD24	0.26962012	False
2841	3.117598260651886	0.5262388705158008	0.16879624201668783	EBI3	0.26962012	False
2842	3.117598260651886	0.5262388705158008	0.16879624201668783	YJU2	0.26962012	False
2843	3.117598260651886	0.5262388705158008	0.16879624201668783	SHD	0.26962012	False
2844	3.117598260651886	0.5262388705158008	0.16879624201668783	TMIGD2	0.26962012	False
2845	3.117598260651886	0.5262388705158008	0.16879624201668783	FSD1	0.26962012	False
2846	3.117598260651886	0.5262388705158008	0.16879624201668783	STAP2	0.26962012	False
2847	3.117598260651886	0.5262388705158008	0.16879624201668783	MPND	0.26962012	False
2848	3.117598260651886	0.5262388705158008	0.16879624201668783	SH3GL1	0.26962012	False
2849	3.117598260651886	0.5262388705158008	0.16879624201668783	CHAF1A	0.26962012	False
2850	3.117598260651886	0.5262388705158008	0.16879624201668783	UBXN6	0.26962012	False
2851	3.117598260651886	0.5262388705158008	0.16879624201668783	MIR4746	0.26962012	False
2852	3.117598260651886	0.5262388705158008	0.16879624201668783	HDGFL2	0.26962012	False
2853	3.117598260651886	0.5262388705158008	0.16879624201668783	PLIN4	0.26962012	False
2854	3.117598260651886	0.5262388705158008	0.16879624201668783	PLIN5	0.26962012	False
2855	3.117598260651886	0.5262388705158008	0.16879624201668783	LRG1	0.26962012	False
2856	3.117598260651886	0.5262388705158008	0.16879624201668783	SEMA6B	0.26962012	False
2857	3.117598260651886	0.5262388705158008	0.16879624201668783	TNFAIP8L1	0.26962012	False
2858	3.117598260651886	0.5262388705158008	0.16879624201668783	MYDGF	0.26962012	False
2859	3.117598260651886	0.5262388705158008	0.16879624201668783	DPP9	0.26962012	False
2860	3.117598260651886	0.5262388705158008	0.16879624201668783	DPP9-AS1	0.26962012	False
2861	3.117598260651886	0.5262388705158008	0.16879624201668783	MIR7-3HG	0.26962012	False
2862	3.117598260651886	0.5262388705158008	0.16879624201668783	MIR7-3	0.26962012	False
2863	3.117598260651886	0.5262388705158008	0.16879624201668783	FEM1A	0.26962012	False
2864	3.117598260651886	0.5262388705158008	0.16879624201668783	TICAM1	0.26962012	False
2865	3.117598260651886	0.5262388705158008	0.16879624201668783	PLIN3	0.26962012	False
2866	2.990302691773221	0.4291781637432477	0.14352331786477077	ARRDC5	0.26961946	False
2867	2.990302691773221	0.4291781637432477	0.14352331786477077	UHRF1	0.26961946	False
2868	2.990302691773221	0.4291781637432477	0.14352331786477077	MIR4747	0.26961946	False
2869	2.990302691773221	0.4291781637432477	0.14352331786477077	KDM4B	0.26961946	False
2870	2.9071468379938574	0.4491292101507068	0.15449140864884506	PTPRS	0.2696195	False
2871	2.9071468379938574	0.4491292101507068	0.15449140864884506	ZNRF4	0.2696195	False
2872	2.9071468379938574	0.4491292101507068	0.15449140864884506	TINCR	0.2696195	False
2873	2.9071468379938574	0.4491292101507068	0.15449140864884506	SAFB2	0.2696195	False
2874	2.9071468379938574	0.4491292101507068	0.15449140864884506	SAFB	0.2696195	False
2875	2.9071468379938574	0.4491292101507068	0.15449140864884506	RPL36	0.2696195	False
2876	2.9071468379938574	0.4491292101507068	0.15449140864884506	C19orf70	0.2696195	False
2877	2.9071468379938574	0.4491292101507068	0.15449140864884506	HSD11B1L	0.2696195	False
2878	2.9071468379938574	0.4491292101507068	0.15449140864884506	LONP1	0.2696195	False
2879	2.9071468379938574	0.4491292101507068	0.15449140864884506	CATSPERD	0.2696195	False
2880	2.9071468379938574	0.4491292101507068	0.15449140864884506	PRR22	0.2696195	False
2881	2.9071468379938574	0.4491292101507068	0.15449140864884506	DUS3L	0.2696195	False
2882	2.9071468379938574	0.4491292101507068	0.15449140864884506	NRTN	0.2696195	False
2883	2.9071468379938574	0.4491292101507068	0.15449140864884506	FUT6	0.2696195	False
2884	2.9071468379938574	0.4491292101507068	0.15449140864884506	FUT3	0.2696195	False
2885	2.9071468379938574	0.4491292101507068	0.15449140864884506	LOC101928844	0.2696195	False
2886	2.843903950112523	0.4037258461490571	0.14196184302676015	FUT5	0.26961917	False
2887	2.843903950112523	0.4037258461490571	0.14196184302676015	NDUFA11	0.26961917	False
2888	2.843903950112523	0.4037258461490571	0.14196184302676015	CAPS	0.26961917	False
2889	2.843903950112523	0.4037258461490571	0.14196184302676015	VMAC	0.26961917	False
2890	2.843903950112523	0.4037258461490571	0.14196184302676015	RANBP3	0.26961917	False
2891	2.843903950112523	0.4037258461490571	0.14196184302676015	LOC100128568	0.26961917	False
2892	2.843903950112523	0.4037258461490571	0.14196184302676015	RFX2	0.26961917	False
2893	2.8433355308127806	0.4470723607579365	0.15723517534708217	ACSBG2	0.2696194	False
2894	2.8433355308127806	0.4470723607579365	0.15723517534708217	MLLT1	0.2696194	False
2895	2.8433355308127806	0.4470723607579365	0.15723517534708217	ACER1	0.2696194	False
2896	2.8433355308127806	0.4470723607579365	0.15723517534708217	CLPP	0.2696194	False
2897	2.8433355308127806	0.4470723607579365	0.15723517534708217	ALKBH7	0.2696194	False
2898	2.8433355308127806	0.4470723607579365	0.15723517534708217	PSPN	0.2696194	False
2899	2.8433355308127806	0.4470723607579365	0.15723517534708217	GTF2F1	0.2696194	False
2900	2.8433355308127806	0.4470723607579365	0.15723517534708217	MIR6885	0.2696194	False
2901	2.8433355308127806	0.4470723607579365	0.15723517534708217	MIR6790	0.2696194	False
2902	2.8433355308127806	0.4470723607579365	0.15723517534708217	KHSRP	0.2696194	False
2903	2.8433355308127806	0.4470723607579365	0.15723517534708217	MIR3940	0.2696194	False
2904	2.8433355308127806	0.4470723607579365	0.15723517534708217	SLC25A41	0.2696194	False
2905	2.8433355308127806	0.4470723607579365	0.15723517534708217	SLC25A23	0.2696194	False
2906	2.8433355308127806	0.4470723607579365	0.15723517534708217	CRB3	0.2696194	False
2907	2.8433355308127806	0.4470723607579365	0.15723517534708217	DENND1C	0.2696194	False
2908	2.8433355308127806	0.4470723607579365	0.15723517534708217	TUBB4A	0.2696194	False
2909	2.8433355308127806	0.4470723607579365	0.15723517534708217	TNFSF9	0.2696194	False
2910	2.8433355308127806	0.4470723607579365	0.15723517534708217	CD70	0.2696194	False
2911	2.8433355308127806	0.4470723607579365	0.15723517534708217	TNFSF14	0.2696194	False
2912	2.8433355308127806	0.4470723607579365	0.15723517534708217	C3	0.2696194	False
2913	2.8433355308127806	0.4470723607579365	0.15723517534708217	GPR108	0.2696194	False
2914	2.8433355308127806	0.4470723607579365	0.15723517534708217	MIR6791	0.2696194	False
2915	2.8433355308127806	0.4470723607579365	0.15723517534708217	TRIP10	0.2696194	False
2916	2.8433355308127806	0.4470723607579365	0.15723517534708217	SH2D3A	0.2696194	False
2917	2.8433355308127806	0.4470723607579365	0.15723517534708217	VAV1	0.2696194	False
2918	2.7718114311809208	0.38485812779663964	0.13884715369424397	ADGRE1	0.26961905	False
2919	2.7718114311809208	0.38485812779663964	0.13884715369424397	MBD3L5	0.26961905	False
2920	2.7718114311809208	0.38485812779663964	0.13884715369424397	MBD3L4	0.26961905	False
2921	2.7718114311809208	0.38485812779663964	0.13884715369424397	MBD3L2	0.26961905	False
2922	2.7718114311809208	0.38485812779663964	0.13884715369424397	MBD3L3	0.26961905	False
2923	2.7718114311809208	0.38485812779663964	0.13884715369424397	ZNF557	0.26961905	False
2924	2.804270553080181	0.42325150639067755	0.1509310526139436	CERS4	0.2696193	False
2925	2.804270553080181	0.42325150639067755	0.1509310526139436	CD320	0.2696193	False
2926	2.804270553080181	0.42325150639067755	0.1509310526139436	NDUFA7	0.2696193	False
2927	2.804270553080181	0.42325150639067755	0.1509310526139436	RPS28	0.2696193	False
2928	2.804270553080181	0.42325150639067755	0.1509310526139436	KANK3	0.2696193	False
2929	2.804270553080181	0.42325150639067755	0.1509310526139436	ANGPTL4	0.2696193	False
2930	2.804270553080181	0.42325150639067755	0.1509310526139436	RAB11B-AS1	0.2696193	False
2931	2.804270553080181	0.42325150639067755	0.1509310526139436	MIR4999	0.2696193	False
2932	2.804270553080181	0.42325150639067755	0.1509310526139436	RAB11B	0.2696193	False
2933	2.804270553080181	0.42325150639067755	0.1509310526139436	MARCH2	0.2696193	False
2934	2.804270553080181	0.42325150639067755	0.1509310526139436	HNRNPM	0.2696193	False
2935	2.804270553080181	0.42325150639067755	0.1509310526139436	PRAM1	0.2696193	False
2936	2.804270553080181	0.42325150639067755	0.1509310526139436	ZNF414	0.2696193	False
2937	2.804270553080181	0.42325150639067755	0.1509310526139436	MYO1F	0.2696193	False
2938	2.804270553080181	0.42325150639067755	0.1509310526139436	ADAMTS10	0.2696193	False
2939	2.804270553080181	0.42325150639067755	0.1509310526139436	ACTL9	0.2696193	False
2940	2.804270553080181	0.42325150639067755	0.1509310526139436	OR2Z1	0.2696193	False
2941	2.804270553080181	0.42325150639067755	0.1509310526139436	ZNF558	0.2696193	False
2942	2.804270553080181	0.42325150639067755	0.1509310526139436	MBD3L1	0.2696193	False
2943	2.829517631748148	0.3902705304199939	0.1379282906884997	MUC16	0.26961914	False
2944	2.829517631748148	0.3902705304199939	0.1379282906884997	OR1M1	0.26961914	False
2945	2.8779618300296645	0.4544292489008628	0.15789967891831935	OR7G2	0.26961935	False
2946	2.8779618300296645	0.4544292489008628	0.15789967891831935	OR7G1	0.26961935	False
2947	2.8779618300296645	0.4544292489008628	0.15789967891831935	OR7G3	0.26961935	False
2948	2.8779618300296645	0.4544292489008628	0.15789967891831935	ZNF317	0.26961935	False
2949	2.8779618300296645	0.4544292489008628	0.15789967891831935	OR7D2	0.26961935	False
2950	2.8779618300296645	0.4544292489008628	0.15789967891831935	OR7D4	0.26961935	False
2951	2.8779618300296645	0.4544292489008628	0.15789967891831935	OR7E24	0.26961935	False
2952	2.8779618300296645	0.4544292489008628	0.15789967891831935	ZNF699	0.26961935	False
2953	2.8779618300296645	0.4544292489008628	0.15789967891831935	ZNF559	0.26961935	False
2954	2.8779618300296645	0.4544292489008628	0.15789967891831935	ZNF559-ZNF177	0.26961935	False
2955	2.8779618300296645	0.4544292489008628	0.15789967891831935	ZNF177	0.26961935	False
2956	2.8779618300296645	0.4544292489008628	0.15789967891831935	ZNF266	0.26961935	False
2957	2.8779618300296645	0.4544292489008628	0.15789967891831935	ZNF560	0.26961935	False
2958	2.8779618300296645	0.4544292489008628	0.15789967891831935	ZNF426	0.26961935	False
2959	2.8779618300296645	0.4544292489008628	0.15789967891831935	ZNF426-DT	0.26961935	False
2960	2.8779618300296645	0.4544292489008628	0.15789967891831935	ZNF121	0.26961935	False
2961	2.8779618300296645	0.4544292489008628	0.15789967891831935	ZNF561	0.26961935	False
2962	2.8779618300296645	0.4544292489008628	0.15789967891831935	ZNF561-AS1	0.26961935	False
2963	2.8779618300296645	0.4544292489008628	0.15789967891831935	ZNF562	0.26961935	False
2964	2.8779618300296645	0.4544292489008628	0.15789967891831935	ZNF846	0.26961935	False
2965	2.8779618300296645	0.4544292489008628	0.15789967891831935	FBXL12	0.26961935	False
2966	2.8779618300296645	0.4544292489008628	0.15789967891831935	UBL5	0.26961935	False
2967	2.8779618300296645	0.4544292489008628	0.15789967891831935	PIN1	0.26961935	False
2968	2.951951167917044	0.4244118174938627	0.14377331918852038	OLFM2	0.26961938	False
2969	2.951951167917044	0.4244118174938627	0.14377331918852038	COL5A3	0.26961938	False
2970	2.951951167917044	0.4244118174938627	0.14377331918852038	RDH8	0.26961938	False
2971	2.951951167917044	0.4244118174938627	0.14377331918852038	MIR5589	0.26961938	False
2972	2.951951167917044	0.4244118174938627	0.14377331918852038	C19orf66	0.26961938	False
2973	2.951951167917044	0.4244118174938627	0.14377331918852038	ANGPTL6	0.26961938	False
2974	3.100053642904522	0.5432808844074507	0.17524886566105885	PPAN-P2RY11	0.26961997	False
2975	3.100053642904522	0.5432808844074507	0.17524886566105885	PPAN	0.26961997	False
2976	3.100053642904522	0.5432808844074507	0.17524886566105885	SNORD105	0.26961997	False
2977	3.100053642904522	0.5432808844074507	0.17524886566105885	SNORD105B	0.26961997	False
2978	3.100053642904522	0.5432808844074507	0.17524886566105885	P2RY11	0.26961997	False
2979	3.100053642904522	0.5432808844074507	0.17524886566105885	EIF3G	0.26961997	False
2980	3.100053642904522	0.5432808844074507	0.17524886566105885	DNMT1	0.26961997	False
2981	3.100053642904522	0.5432808844074507	0.17524886566105885	S1PR2	0.26961997	False
2982	3.100053642904522	0.5432808844074507	0.17524886566105885	MIR4322	0.26961997	False
2983	3.100053642904522	0.5432808844074507	0.17524886566105885	MRPL4	0.26961997	False
2984	3.100053642904522	0.5432808844074507	0.17524886566105885	ICAM1	0.26961997	False
2985	3.100053642904522	0.5432808844074507	0.17524886566105885	ICAM4	0.26961997	False
2986	3.100053642904522	0.5432808844074507	0.17524886566105885	ICAM5	0.26961997	False
2987	3.100053642904522	0.5432808844074507	0.17524886566105885	ZGLP1	0.26961997	False
2988	3.100053642904522	0.5432808844074507	0.17524886566105885	FDX2	0.26961997	False
2989	3.100053642904522	0.5432808844074507	0.17524886566105885	RAVER1	0.26961997	False
2990	3.100053642904522	0.5432808844074507	0.17524886566105885	ICAM3	0.26961997	False
2991	3.100053642904522	0.5432808844074507	0.17524886566105885	TYK2	0.26961997	False
2992	3.100053642904522	0.5432808844074507	0.17524886566105885	CDC37	0.26961997	False
2993	3.100053642904522	0.5432808844074507	0.17524886566105885	MIR1181	0.26961997	False
2994	3.100053642904522	0.5432808844074507	0.17524886566105885	PDE4A	0.26961997	False
2995	3.100053642904522	0.5432808844074507	0.17524886566105885	KEAP1	0.26961997	False
2996	3.100053642904522	0.5432808844074507	0.17524886566105885	S1PR5	0.26961997	False
2997	3.100053642904522	0.5432808844074507	0.17524886566105885	ATG4D	0.26961997	False
2998	3.100053642904522	0.5432808844074507	0.17524886566105885	MIR1238	0.26961997	False
2999	3.100053642904522	0.5432808844074507	0.17524886566105885	KRI1	0.26961997	False
3000	3.100053642904522	0.5432808844074507	0.17524886566105885	CDKN2D	0.26961997	False
3001	3.100053642904522	0.5432808844074507	0.17524886566105885	AP1M2	0.26961997	False
3002	3.100053642904522	0.5432808844074507	0.17524886566105885	SLC44A2	0.26961997	False
3003	3.100053642904522	0.5432808844074507	0.17524886566105885	ILF3-DT	0.26961997	False
3004	3.100053642904522	0.5432808844074507	0.17524886566105885	ILF3	0.26961997	False
3005	3.100053642904522	0.5432808844074507	0.17524886566105885	QTRT1	0.26961997	False
3006	3.100053642904522	0.5432808844074507	0.17524886566105885	DNM2	0.26961997	False
3007	3.100053642904522	0.5432808844074507	0.17524886566105885	MIR638	0.26961997	False
3008	3.100053642904522	0.5432808844074507	0.17524886566105885	MIR4748	0.26961997	False
3009	3.100053642904522	0.5432808844074507	0.17524886566105885	MIR199A1	0.26961997	False
3010	3.100053642904522	0.5432808844074507	0.17524886566105885	MIR6793	0.26961997	False
3011	3.100053642904522	0.5432808844074507	0.17524886566105885	TMED1	0.26961997	False
3012	3.100053642904522	0.5432808844074507	0.17524886566105885	C19orf38	0.26961997	False
3013	3.0401771399789155	0.44775362436489113	0.14727879454024065	CARM1	0.26961982	False
3014	3.0401771399789155	0.44775362436489113	0.14727879454024065	YIPF2	0.26961982	False
3015	3.0401771399789155	0.44775362436489113	0.14727879454024065	TIMM29	0.26961982	False
3016	3.0401771399789155	0.44775362436489113	0.14727879454024065	SMARCA4	0.26961982	False
3017	3.0401771399789155	0.44775362436489113	0.14727879454024065	LDLR	0.26961982	False
3018	3.115733526625001	0.5177253192645819	0.16616482598413607	MIR6886	0.26962036	False
3019	3.115733526625001	0.5177253192645819	0.16616482598413607	SPC24	0.26962036	False
3020	3.115733526625001	0.5177253192645819	0.16616482598413607	KANK2	0.26962036	False
3021	3.115733526625001	0.5177253192645819	0.16616482598413607	DOCK6	0.26962036	False
3022	3.115733526625001	0.5177253192645819	0.16616482598413607	LOC105372273	0.26962036	False
3023	3.115733526625001	0.5177253192645819	0.16616482598413607	ANGPTL8	0.26962036	False
3024	3.115733526625001	0.5177253192645819	0.16616482598413607	TSPAN16	0.26962036	False
3025	3.115733526625001	0.5177253192645819	0.16616482598413607	RAB3D	0.26962036	False
3026	3.115733526625001	0.5177253192645819	0.16616482598413607	TMEM205	0.26962036	False
3027	3.115733526625001	0.5177253192645819	0.16616482598413607	CCDC159	0.26962036	False
3028	3.115733526625001	0.5177253192645819	0.16616482598413607	PLPPR2	0.26962036	False
3029	3.115733526625001	0.5177253192645819	0.16616482598413607	SWSAP1	0.26962036	False
3030	3.115733526625001	0.5177253192645819	0.16616482598413607	EPOR	0.26962036	False
3031	3.115733526625001	0.5177253192645819	0.16616482598413607	RGL3	0.26962036	False
3032	3.115733526625001	0.5177253192645819	0.16616482598413607	CCDC151	0.26962036	False
3033	3.115733526625001	0.5177253192645819	0.16616482598413607	PRKCSH	0.26962036	False
3034	3.115733526625001	0.5177253192645819	0.16616482598413607	ELAVL3	0.26962036	False
3035	3.115733526625001	0.5177253192645819	0.16616482598413607	ZNF653	0.26962036	False
3036	3.115733526625001	0.5177253192645819	0.16616482598413607	MIR7974	0.26962036	False
3037	3.115733526625001	0.5177253192645819	0.16616482598413607	ECSIT	0.26962036	False
3038	3.115733526625001	0.5177253192645819	0.16616482598413607	CNN1	0.26962036	False
3039	3.115733526625001	0.5177253192645819	0.16616482598413607	ELOF1	0.26962036	False
3040	3.115733526625001	0.5177253192645819	0.16616482598413607	ZNF627	0.26962036	False
3041	3.115733526625001	0.5177253192645819	0.16616482598413607	ACP5	0.26962036	False
3042	3.115733526625001	0.5177253192645819	0.16616482598413607	ZNF833P	0.26962036	False
3043	3.115733526625001	0.5177253192645819	0.16616482598413607	ZNF823	0.26962036	False
3044	3.115733526625001	0.5177253192645819	0.16616482598413607	ZNF441	0.26962036	False
3045	3.115733526625001	0.5177253192645819	0.16616482598413607	ZNF491	0.26962036	False
3046	3.115733526625001	0.5177253192645819	0.16616482598413607	ZNF440	0.26962036	False
3047	3.115733526625001	0.5177253192645819	0.16616482598413607	ZNF439	0.26962036	False
3048	3.077983137359792	0.438436063761201	0.14244264643284538	ZNF69	0.26961973	False
3049	3.077983137359792	0.438436063761201	0.14244264643284538	ZNF700	0.26961973	False
3050	3.077983137359792	0.438436063761201	0.14244264643284538	ZNF763	0.26961973	False
3051	3.077983137359792	0.438436063761201	0.14244264643284538	ZNF433-AS1	0.26961973	False
3052	3.077983137359792	0.438436063761201	0.14244264643284538	ZNF433	0.26961973	False
3053	3.077983137359792	0.438436063761201	0.14244264643284538	ZNF878	0.26961973	False
3054	3.077983137359792	0.438436063761201	0.14244264643284538	ZNF844	0.26961973	False
3055	3.077983137359792	0.438436063761201	0.14244264643284538	ZNF788P	0.26961973	False
3056	3.077983137359792	0.438436063761201	0.14244264643284538	ZNF20	0.26961973	False
3057	3.1144485265639292	0.49317882248252337	0.15835189385089363	ZNF625-ZNF20	0.26961994	False
3058	3.1144485265639292	0.49317882248252337	0.15835189385089363	ZNF625	0.26961994	False
3059	3.1144485265639292	0.49317882248252337	0.15835189385089363	ZNF136	0.26961994	False
3060	3.1144485265639292	0.49317882248252337	0.15835189385089363	LOC100289333	0.26961994	False
3061	3.1144485265639292	0.49317882248252337	0.15835189385089363	ZNF44	0.26961994	False
3062	3.1144485265639292	0.49317882248252337	0.15835189385089363	ZNF563	0.26961994	False
3063	3.1144485265639292	0.49317882248252337	0.15835189385089363	ZNF442	0.26961994	False
3064	3.1144485265639292	0.49317882248252337	0.15835189385089363	ZNF799	0.26961994	False
3065	3.1144485265639292	0.49317882248252337	0.15835189385089363	ZNF443	0.26961994	False
3066	3.1144485265639292	0.49317882248252337	0.15835189385089363	ZNF709	0.26961994	False
3067	3.1144485265639292	0.49317882248252337	0.15835189385089363	ZNF564	0.26961994	False
3068	3.1144485265639292	0.49317882248252337	0.15835189385089363	ZNF490	0.26961994	False
3069	3.1144485265639292	0.49317882248252337	0.15835189385089363	ZNF791	0.26961994	False
3070	3.1144485265639292	0.49317882248252337	0.15835189385089363	MAN2B1	0.26961994	False
3071	3.1144485265639292	0.49317882248252337	0.15835189385089363	WDR83	0.26961994	False
3072	3.1144485265639292	0.49317882248252337	0.15835189385089363	WDR83OS	0.26961994	False
3073	3.1144485265639292	0.49317882248252337	0.15835189385089363	DHPS	0.26961994	False
3074	3.1144485265639292	0.49317882248252337	0.15835189385089363	FBXW9	0.26961994	False
3075	3.1144485265639292	0.49317882248252337	0.15835189385089363	TNPO2	0.26961994	False
3076	3.1144485265639292	0.49317882248252337	0.15835189385089363	SNORD41	0.26961994	False
3077	3.1144485265639292	0.49317882248252337	0.15835189385089363	TRIR	0.26961994	False
3078	3.1144485265639292	0.49317882248252337	0.15835189385089363	ASNA1	0.26961994	False
3079	3.1144485265639292	0.49317882248252337	0.15835189385089363	BEST2	0.26961994	False
3080	3.1144485265639292	0.49317882248252337	0.15835189385089363	HOOK2	0.26961994	False
3081	3.1144485265639292	0.49317882248252337	0.15835189385089363	MIR5684	0.26961994	False
3082	3.1144485265639292	0.49317882248252337	0.15835189385089363	JUNB	0.26961994	False
3083	3.1144485265639292	0.49317882248252337	0.15835189385089363	PRDX2	0.26961994	False
3084	3.1144485265639292	0.49317882248252337	0.15835189385089363	RNASEH2A	0.26961994	False
3085	3.1144485265639292	0.49317882248252337	0.15835189385089363	RTBDN	0.26961994	False
3086	3.1144485265639292	0.49317882248252337	0.15835189385089363	MAST1	0.26961994	False
3087	3.1144485265639292	0.49317882248252337	0.15835189385089363	MIR6794	0.26961994	False
3088	3.1144485265639292	0.49317882248252337	0.15835189385089363	DNASE2	0.26961994	False
3089	3.1144485265639292	0.49317882248252337	0.15835189385089363	KLF1	0.26961994	False
3090	2.9940225464455144	0.4149354412766906	0.13858794809988972	GCDH	0.2696195	False
3091	2.9940225464455144	0.4149354412766906	0.13858794809988972	SYCE2	0.2696195	False
3092	2.9940225464455144	0.4149354412766906	0.13858794809988972	MIR5695	0.2696195	False
3093	2.9940225464455144	0.4149354412766906	0.13858794809988972	FARSA	0.2696195	False
3094	2.9940225464455144	0.4149354412766906	0.13858794809988972	CALR	0.2696195	False
3095	2.9940225464455144	0.4149354412766906	0.13858794809988972	MIR6515	0.2696195	False
3096	2.9940225464455144	0.4149354412766906	0.13858794809988972	RAD23A	0.2696195	False
3097	2.9940225464455144	0.4149354412766906	0.13858794809988972	GADD45GIP1	0.2696195	False
3098	2.9940225464455144	0.4149354412766906	0.13858794809988972	DAND5	0.2696195	False
3099	2.9940225464455144	0.4149354412766906	0.13858794809988972	NFIX	0.2696195	False
3100	2.9940225464455144	0.4149354412766906	0.13858794809988972	LYL1	0.2696195	False
3101	2.952475263659282	0.46427880644560826	0.15725070152499215	TRMT1	0.26961955	False
3102	2.952475263659282	0.46427880644560826	0.15725070152499215	NACC1	0.26961955	False
3103	2.952475263659282	0.46427880644560826	0.15725070152499215	STX10	0.26961955	False
3104	2.952475263659282	0.46427880644560826	0.15725070152499215	IER2	0.26961955	False
3105	2.952475263659282	0.46427880644560826	0.15725070152499215	CACNA1A	0.26961955	False
3106	2.952475263659282	0.46427880644560826	0.15725070152499215	CCDC130	0.26961955	False
3107	2.952475263659282	0.46427880644560826	0.15725070152499215	MRI1	0.26961955	False
3108	2.952475263659282	0.46427880644560826	0.15725070152499215	C19orf53	0.26961955	False
3109	2.952475263659282	0.46427880644560826	0.15725070152499215	ZSWIM4	0.26961955	False
3110	2.952475263659282	0.46427880644560826	0.15725070152499215	LOC284454	0.26961955	False
3111	2.952475263659282	0.46427880644560826	0.15725070152499215	MIR24-2	0.26961955	False
3112	2.952475263659282	0.46427880644560826	0.15725070152499215	MIR27A	0.26961955	False
3113	2.952475263659282	0.46427880644560826	0.15725070152499215	MIR23A	0.26961955	False
3114	2.952475263659282	0.46427880644560826	0.15725070152499215	NANOS3	0.26961955	False
3115	2.952475263659282	0.46427880644560826	0.15725070152499215	MIR181C	0.26961955	False
3116	2.952475263659282	0.46427880644560826	0.15725070152499215	MIR181D	0.26961955	False
3117	2.869896444115051	0.38167797688181004	0.1329936408208982	C19orf57	0.26961908	False
3118	2.869896444115051	0.38167797688181004	0.1329936408208982	CC2D1A	0.26961908	False
3119	2.869896444115051	0.38167797688181004	0.1329936408208982	PODNL1	0.26961908	False
3120	2.869896444115051	0.38167797688181004	0.1329936408208982	DCAF15	0.26961908	False
3121	2.869896444115051	0.38167797688181004	0.1329936408208982	RFX1	0.26961908	False
3122	2.869896444115051	0.38167797688181004	0.1329936408208982	RLN3	0.26961908	False
3123	2.869896444115051	0.38167797688181004	0.1329936408208982	IL27RA	0.26961908	False
3124	2.869896444115051	0.38167797688181004	0.1329936408208982	PALM3	0.26961908	False
3125	2.869896444115051	0.38167797688181004	0.1329936408208982	MISP3	0.26961908	False
3126	2.869896444115051	0.38167797688181004	0.1329936408208982	MIR1199	0.26961908	False
3127	2.869896444115051	0.38167797688181004	0.1329936408208982	C19orf67	0.26961908	False
3128	2.869896444115051	0.38167797688181004	0.1329936408208982	SAMD1	0.26961908	False
3129	2.869896444115051	0.38167797688181004	0.1329936408208982	PRKACA	0.26961908	False
3130	2.8725543877928037	0.4461404449387214	0.15531140048544884	ASF1B	0.26961938	False
3131	2.8725543877928037	0.4461404449387214	0.15531140048544884	LOC100507373	0.26961938	False
3132	2.8725543877928037	0.4461404449387214	0.15531140048544884	ADGRL1	0.26961938	False
3133	2.8725543877928037	0.4461404449387214	0.15531140048544884	LINC01841	0.26961938	False
3134	2.8725543877928037	0.4461404449387214	0.15531140048544884	LINC01842	0.26961938	False
3135	2.8725543877928037	0.4461404449387214	0.15531140048544884	ADGRE5	0.26961938	False
3136	2.8725543877928037	0.4461404449387214	0.15531140048544884	DDX39A	0.26961938	False
3137	2.8725543877928037	0.4461404449387214	0.15531140048544884	PKN1	0.26961938	False
3138	2.8725543877928037	0.4461404449387214	0.15531140048544884	PTGER1	0.26961938	False
3139	2.8725543877928037	0.4461404449387214	0.15531140048544884	GIPC1	0.26961938	False
3140	2.8725543877928037	0.4461404449387214	0.15531140048544884	DNAJB1	0.26961938	False
3141	2.8725543877928037	0.4461404449387214	0.15531140048544884	TECR	0.26961938	False
3142	2.8725543877928037	0.4461404449387214	0.15531140048544884	MIR639	0.26961938	False
3143	2.8725543877928037	0.4461404449387214	0.15531140048544884	NDUFB7	0.26961938	False
3144	2.8725543877928037	0.4461404449387214	0.15531140048544884	CLEC17A	0.26961938	False
3145	2.8725543877928037	0.4461404449387214	0.15531140048544884	ADGRE3	0.26961938	False
3146	2.8725543877928037	0.4461404449387214	0.15531140048544884	ZNF333	0.26961938	False
3147	2.8725543877928037	0.4461404449387214	0.15531140048544884	ADGRE2	0.26961938	False
3148	2.8725543877928037	0.4461404449387214	0.15531140048544884	OR7C1	0.26961938	False
3149	2.8725543877928037	0.4461404449387214	0.15531140048544884	OR7A5	0.26961938	False
3150	2.8725543877928037	0.4461404449387214	0.15531140048544884	OR7A10	0.26961938	False
3151	2.8725543877928037	0.4461404449387214	0.15531140048544884	OR7A17	0.26961938	False
3152	2.80018753598203	0.3518948717242507	0.12566832299710262	OR7C2	0.26961887	False
3153	2.80018753598203	0.3518948717242507	0.12566832299710262	SLC1A6	0.26961887	False
3154	2.80018753598203	0.3518948717242507	0.12566832299710262	CCDC105	0.26961887	False
3155	2.80018753598203	0.3518948717242507	0.12566832299710262	CASP14	0.26961887	False
3156	2.80018753598203	0.3518948717242507	0.12566832299710262	OR1I1	0.26961887	False
3157	2.8480254099918048	0.3499814976699151	0.12288566543053497	CYP4F11	0.2696189	False
3158	2.8480254099918048	0.3499814976699151	0.12288566543053497	OR10H4	0.2696189	False
3159	2.8480254099918048	0.3499814976699151	0.12288566543053497	LINC00661	0.2696189	False
3160	2.8480254099918048	0.3499814976699151	0.12288566543053497	LINC00905	0.2696189	False
3161	2.8480254099918048	0.3499814976699151	0.12288566543053497	TPM4	0.2696189	False
3162	2.9220312660039727	0.4211329467891899	0.14412335408207685	RAB8A	0.26961923	False
3163	2.9220312660039727	0.4211329467891899	0.14412335408207685	HSH2D	0.26961923	False
3164	2.9220312660039727	0.4211329467891899	0.14412335408207685	CIB3	0.26961923	False
3165	2.9220312660039727	0.4211329467891899	0.14412335408207685	FAM32A	0.26961923	False
3166	2.9220312660039727	0.4211329467891899	0.14412335408207685	AP1M1	0.26961923	False
3167	2.9220312660039727	0.4211329467891899	0.14412335408207685	KLF2	0.26961923	False
3168	2.9220312660039727	0.4211329467891899	0.14412335408207685	EPS15L1	0.26961923	False
3169	2.9220312660039727	0.4211329467891899	0.14412335408207685	CALR3	0.26961923	False
3170	2.9220312660039727	0.4211329467891899	0.14412335408207685	MED26	0.26961923	False
3171	2.9220312660039727	0.4211329467891899	0.14412335408207685	C19orf44	0.26961923	False
3172	2.9220312660039727	0.4211329467891899	0.14412335408207685	CHERP	0.26961923	False
3173	2.9220312660039727	0.4211329467891899	0.14412335408207685	SLC35E1	0.26961923	False
3174	2.9220312660039727	0.4211329467891899	0.14412335408207685	SMIM7	0.26961923	False
3175	2.9220312660039727	0.4211329467891899	0.14412335408207685	TMEM38A	0.26961923	False
3176	2.9220312660039727	0.4211329467891899	0.14412335408207685	NWD1	0.26961923	False
3177	2.9220312660039727	0.4211329467891899	0.14412335408207685	SIN3B	0.26961923	False
3178	2.9220312660039727	0.4211329467891899	0.14412335408207685	F2RL3	0.26961923	False
3179	2.9964076987583925	0.3991855254767849	0.13322136558459435	CPAMD8	0.26961938	False
3180	2.9964076987583925	0.3991855254767849	0.13322136558459435	HAUS8	0.26961938	False
3181	2.9964076987583925	0.3991855254767849	0.13322136558459435	MYO9B	0.26961938	False
3182	3.1250526638091882	0.4992048453446535	0.15974285845671568	USE1	0.26962006	False
3183	3.1250526638091882	0.4992048453446535	0.15974285845671568	OCEL1	0.26962006	False
3184	3.1250526638091882	0.4992048453446535	0.15974285845671568	NR2F6	0.26962006	False
3185	3.1250526638091882	0.4992048453446535	0.15974285845671568	USHBP1	0.26962006	False
3186	3.1250526638091882	0.4992048453446535	0.15974285845671568	BABAM1	0.26962006	False
3187	3.1250526638091882	0.4992048453446535	0.15974285845671568	ANKLE1	0.26962006	False
3188	3.1250526638091882	0.4992048453446535	0.15974285845671568	ABHD8	0.26962006	False
3189	3.1250526638091882	0.4992048453446535	0.15974285845671568	MRPL34	0.26962006	False
3190	3.1250526638091882	0.4992048453446535	0.15974285845671568	DDA1	0.26962006	False
3191	3.1250526638091882	0.4992048453446535	0.15974285845671568	ANO8	0.26962006	False
3192	3.1250526638091882	0.4992048453446535	0.15974285845671568	GTPBP3	0.26962006	False
3193	3.1250526638091882	0.4992048453446535	0.15974285845671568	PLVAP	0.26962006	False
3194	3.1250526638091882	0.4992048453446535	0.15974285845671568	BST2	0.26962006	False
3195	3.1250526638091882	0.4992048453446535	0.15974285845671568	BISPR	0.26962006	False
3196	3.1250526638091882	0.4992048453446535	0.15974285845671568	MVB12A	0.26962006	False
3197	3.1250526638091882	0.4992048453446535	0.15974285845671568	TMEM221	0.26962006	False
3198	3.1250526638091882	0.4992048453446535	0.15974285845671568	NXNL1	0.26962006	False
3199	3.1250526638091882	0.4992048453446535	0.15974285845671568	SLC27A1	0.26962006	False
3200	3.1250526638091882	0.4992048453446535	0.15974285845671568	PGLS	0.26962006	False
3201	3.1250526638091882	0.4992048453446535	0.15974285845671568	FAM129C	0.26962006	False
3202	3.1250526638091882	0.4992048453446535	0.15974285845671568	COLGALT1	0.26962006	False
3203	3.1250526638091882	0.4992048453446535	0.15974285845671568	UNC13A	0.26962006	False
3204	3.1250526638091882	0.4992048453446535	0.15974285845671568	MAP1S	0.26962006	False
3205	3.1250526638091882	0.4992048453446535	0.15974285845671568	FCHO1	0.26962006	False
3206	3.1250526638091882	0.4992048453446535	0.15974285845671568	B3GNT3	0.26962006	False
3207	3.1250526638091882	0.4992048453446535	0.15974285845671568	INSL3	0.26962006	False
3208	3.1250526638091882	0.4992048453446535	0.15974285845671568	JAK3	0.26962006	False
3209	3.1250526638091882	0.4992048453446535	0.15974285845671568	RPL18A	0.26962006	False
3210	3.1250526638091882	0.4992048453446535	0.15974285845671568	SNORA68	0.26962006	False
3211	3.1250526638091882	0.4992048453446535	0.15974285845671568	SLC5A5	0.26962006	False
3212	3.064210736428056	0.4446933647233753	0.1451249287252852	CCDC124	0.26961958	False
3213	3.064210736428056	0.4446933647233753	0.1451249287252852	KCNN1	0.26961958	False
3214	3.064210736428056	0.4446933647233753	0.1451249287252852	ARRDC2	0.26961958	False
3215	3.064210736428056	0.4446933647233753	0.1451249287252852	IL12RB1	0.26961958	False
3216	3.064210736428056	0.4446933647233753	0.1451249287252852	MAST3	0.26961958	False
3217	3.2257273172641403	0.5690303360795106	0.1764037316589198	PIK3R2	0.2696206	False
3218	3.2257273172641403	0.5690303360795106	0.1764037316589198	IFI30	0.2696206	False
3219	3.2257273172641403	0.5690303360795106	0.1764037316589198	MPV17L2	0.2696206	False
3220	3.2257273172641403	0.5690303360795106	0.1764037316589198	RAB3A	0.2696206	False
3221	3.2257273172641403	0.5690303360795106	0.1764037316589198	LOC102725254	0.2696206	False
3222	3.2257273172641403	0.5690303360795106	0.1764037316589198	PDE4C	0.2696206	False
3223	3.2257273172641403	0.5690303360795106	0.1764037316589198	LOC729966	0.2696206	False
3224	3.2257273172641403	0.5690303360795106	0.1764037316589198	IQCN	0.2696206	False
3225	3.2257273172641403	0.5690303360795106	0.1764037316589198	JUND	0.2696206	False
3226	3.2257273172641403	0.5690303360795106	0.1764037316589198	MIR3188	0.2696206	False
3227	3.2257273172641403	0.5690303360795106	0.1764037316589198	LSM4	0.2696206	False
3228	3.2257273172641403	0.5690303360795106	0.1764037316589198	PGPEP1	0.2696206	False
3229	3.2257273172641403	0.5690303360795106	0.1764037316589198	GDF15	0.2696206	False
3230	3.2257273172641403	0.5690303360795106	0.1764037316589198	MIR3189	0.2696206	False
3231	3.2257273172641403	0.5690303360795106	0.1764037316589198	LRRC25	0.2696206	False
3232	3.2257273172641403	0.5690303360795106	0.1764037316589198	SSBP4	0.2696206	False
3233	3.2257273172641403	0.5690303360795106	0.1764037316589198	ISYNA1	0.2696206	False
3234	3.2257273172641403	0.5690303360795106	0.1764037316589198	ELL	0.2696206	False
3235	3.2257273172641403	0.5690303360795106	0.1764037316589198	FKBP8	0.2696206	False
3236	3.2257273172641403	0.5690303360795106	0.1764037316589198	KXD1	0.2696206	False
3237	3.2257273172641403	0.5690303360795106	0.1764037316589198	UBA52	0.2696206	False
3238	3.2257273172641403	0.5690303360795106	0.1764037316589198	CRLF1	0.2696206	False
3239	3.2257273172641403	0.5690303360795106	0.1764037316589198	REX1BD	0.2696206	False
3240	3.2257273172641403	0.5690303360795106	0.1764037316589198	TMEM59L	0.2696206	False
3241	3.2257273172641403	0.5690303360795106	0.1764037316589198	KLHL26	0.2696206	False
3242	3.2257273172641403	0.5690303360795106	0.1764037316589198	CRTC1	0.2696206	False
3243	3.2257273172641403	0.5690303360795106	0.1764037316589198	COMP	0.2696206	False
3244	3.2257273172641403	0.5690303360795106	0.1764037316589198	UPF1	0.2696206	False
3245	3.2257273172641403	0.5690303360795106	0.1764037316589198	GDF1	0.2696206	False
3246	3.2257273172641403	0.5690303360795106	0.1764037316589198	CERS1	0.2696206	False
3247	3.0665441553272914	0.4744186033444716	0.1547078989618648	COPE	0.26961985	False
3248	3.0665441553272914	0.4744186033444716	0.1547078989618648	HOMER3	0.26961985	False
3249	3.0665441553272914	0.4744186033444716	0.1547078989618648	DDX49	0.26961985	False
3250	3.0665441553272914	0.4744186033444716	0.1547078989618648	HOMER3-AS1	0.26961985	False
3251	3.0665441553272914	0.4744186033444716	0.1547078989618648	SUGP2	0.26961985	False
3252	3.0665441553272914	0.4744186033444716	0.1547078989618648	ARMC6	0.26961985	False
3253	3.0665441553272914	0.4744186033444716	0.1547078989618648	SLC25A42	0.26961985	False
3254	3.0313291507649787	0.5186943407878398	0.17111119083090776	TMEM161A	0.26962006	False
3255	3.0313291507649787	0.5186943407878398	0.17111119083090776	BORCS8-MEF2B	0.26962006	False
3256	3.0313291507649787	0.5186943407878398	0.17111119083090776	MEF2B	0.26962006	False
3257	3.0313291507649787	0.5186943407878398	0.17111119083090776	BORCS8	0.26962006	False
3258	3.0313291507649787	0.5186943407878398	0.17111119083090776	RFXANK	0.26962006	False
3259	3.0313291507649787	0.5186943407878398	0.17111119083090776	NR2C2AP	0.26962006	False
3260	3.0313291507649787	0.5186943407878398	0.17111119083090776	NCAN	0.26962006	False
3261	3.0313291507649787	0.5186943407878398	0.17111119083090776	HAPLN4	0.26962006	False
3262	3.0313291507649787	0.5186943407878398	0.17111119083090776	TM6SF2	0.26962006	False
3263	3.0313291507649787	0.5186943407878398	0.17111119083090776	SUGP1	0.26962006	False
3264	3.0313291507649787	0.5186943407878398	0.17111119083090776	MAU2	0.26962006	False
3265	3.0313291507649787	0.5186943407878398	0.17111119083090776	GATAD2A	0.26962006	False
3266	3.0313291507649787	0.5186943407878398	0.17111119083090776	MIR640	0.26962006	False
3267	3.0313291507649787	0.5186943407878398	0.17111119083090776	TSSK6	0.26962006	False
3268	3.0313291507649787	0.5186943407878398	0.17111119083090776	NDUFA13	0.26962006	False
3269	3.0313291507649787	0.5186943407878398	0.17111119083090776	YJEFN3	0.26962006	False
3270	3.0313291507649787	0.5186943407878398	0.17111119083090776	CILP2	0.26962006	False
3271	3.0313291507649787	0.5186943407878398	0.17111119083090776	PBX4	0.26962006	False
3272	3.0313291507649787	0.5186943407878398	0.17111119083090776	LPAR2	0.26962006	False
3273	3.0313291507649787	0.5186943407878398	0.17111119083090776	GMIP	0.26962006	False
3274	3.0313291507649787	0.5186943407878398	0.17111119083090776	ATP13A1	0.26962006	False
3275	3.0313291507649787	0.5186943407878398	0.17111119083090776	ZNF101	0.26962006	False
3276	3.0313291507649787	0.5186943407878398	0.17111119083090776	ZNF14	0.26962006	False
3277	3.0313291507649787	0.5186943407878398	0.17111119083090776	LINC00663	0.26962006	False
3278	3.0313291507649787	0.5186943407878398	0.17111119083090776	ZNF506	0.26962006	False
3279	3.0313291507649787	0.5186943407878398	0.17111119083090776	ZNF253	0.26962006	False
3280	2.8999839016793327	0.48408516325341006	0.16692684499837546	OVOL3	0.26961967	False
3281	2.8999839016793327	0.48408516325341006	0.16692684499837546	POLR2I	0.26961967	False
3282	2.8999839016793327	0.48408516325341006	0.16692684499837546	TBCB	0.26961967	False
3283	2.8999839016793327	0.48408516325341006	0.16692684499837546	CAPNS1	0.26961967	False
3284	2.8999839016793327	0.48408516325341006	0.16692684499837546	COX7A1	0.26961967	False
3285	2.8999839016793327	0.48408516325341006	0.16692684499837546	ZNF565	0.26961967	False
3286	2.8999839016793327	0.48408516325341006	0.16692684499837546	ZNF146	0.26961967	False
3287	2.8999839016793327	0.48408516325341006	0.16692684499837546	LOC100134317	0.26961967	False
3288	2.8999839016793327	0.48408516325341006	0.16692684499837546	LINC00665	0.26961967	False
3289	2.8999839016793327	0.48408516325341006	0.16692684499837546	ZFP14	0.26961967	False
3290	2.8999839016793327	0.48408516325341006	0.16692684499837546	ZFP82	0.26961967	False
3291	2.8999839016793327	0.48408516325341006	0.16692684499837546	ZNF566	0.26961967	False
3292	2.8999839016793327	0.48408516325341006	0.16692684499837546	LOC728752	0.26961967	False
3293	2.8999839016793327	0.48408516325341006	0.16692684499837546	ZNF260	0.26961967	False
3294	2.8999839016793327	0.48408516325341006	0.16692684499837546	ZNF529	0.26961967	False
3295	2.8999839016793327	0.48408516325341006	0.16692684499837546	ZNF529-AS1	0.26961967	False
3296	2.8999839016793327	0.48408516325341006	0.16692684499837546	ZNF382	0.26961967	False
3297	2.8999839016793327	0.48408516325341006	0.16692684499837546	ZNF461	0.26961967	False
3298	2.8999839016793327	0.48408516325341006	0.16692684499837546	LINC01534	0.26961967	False
3299	2.8999839016793327	0.48408516325341006	0.16692684499837546	ZNF567	0.26961967	False
3300	2.8999839016793327	0.48408516325341006	0.16692684499837546	ZNF850	0.26961967	False
3301	2.8999839016793327	0.48408516325341006	0.16692684499837546	LOC728485	0.26961967	False
3302	2.8999839016793327	0.48408516325341006	0.16692684499837546	ZNF790-AS1	0.26961967	False
3303	2.8999839016793327	0.48408516325341006	0.16692684499837546	ZNF790	0.26961967	False
3304	2.830380682551168	0.3812487610398177	0.13469875744635826	ZNF345	0.26961908	False
3305	2.830380682551168	0.3812487610398177	0.13469875744635826	ZNF829	0.26961908	False
3306	2.830380682551168	0.3812487610398177	0.13469875744635826	ZNF568	0.26961908	False
3307	2.830380682551168	0.3812487610398177	0.13469875744635826	ZNF420	0.26961908	False
3308	2.830380682551168	0.3812487610398177	0.13469875744635826	ZNF585A	0.26961908	False
3309	2.852684681243101	0.40829862504175257	0.14312784996056072	ZNF585B	0.26961935	False
3310	2.852684681243101	0.40829862504175257	0.14312784996056072	ZNF383	0.26961935	False
3311	2.852684681243101	0.40829862504175257	0.14312784996056072	LINC01535	0.26961935	False
3312	2.852684681243101	0.40829862504175257	0.14312784996056072	LOC284412	0.26961935	False
3313	2.852684681243101	0.40829862504175257	0.14312784996056072	HKR1	0.26961935	False
3314	2.852684681243101	0.40829862504175257	0.14312784996056072	ZNF527	0.26961935	False
3315	2.852684681243101	0.40829862504175257	0.14312784996056072	ZNF569	0.26961935	False
3316	2.852684681243101	0.40829862504175257	0.14312784996056072	ZNF570	0.26961935	False
3317	2.852684681243101	0.40829862504175257	0.14312784996056072	ZNF793-AS1	0.26961935	False
3318	2.852684681243101	0.40829862504175257	0.14312784996056072	ZNF793	0.26961935	False
3319	2.852684681243101	0.40829862504175257	0.14312784996056072	ZNF571-AS1	0.26961935	False
3320	2.852684681243101	0.40829862504175257	0.14312784996056072	ZNF540	0.26961935	False
3321	2.852684681243101	0.40829862504175257	0.14312784996056072	ZNF571	0.26961935	False
3322	2.852684681243101	0.40829862504175257	0.14312784996056072	ZFP30	0.26961935	False
3323	2.852684681243101	0.40829862504175257	0.14312784996056072	ZNF781	0.26961935	False
3324	2.852684681243101	0.40829862504175257	0.14312784996056072	ZNF607	0.26961935	False
3325	2.852684681243101	0.40829862504175257	0.14312784996056072	ZNF573	0.26961935	False
3326	2.852684681243101	0.40829862504175257	0.14312784996056072	LOC644554	0.26961935	False
3327	2.852684681243101	0.40829862504175257	0.14312784996056072	LOC100631378	0.26961935	False
3328	2.8717185601717077	0.38490070456142567	0.13403148550128513	WDR87	0.2696191	False
3329	2.8717185601717077	0.38490070456142567	0.13403148550128513	SIPA1L3	0.2696191	False
3330	2.925694145446088	0.4693515588720061	0.1604240004385157	DPF1	0.26961946	False
3331	2.925694145446088	0.4693515588720061	0.1604240004385157	SPINT2	0.26961946	False
3332	2.925694145446088	0.4693515588720061	0.1604240004385157	PPP1R14A	0.26961946	False
3333	2.925694145446088	0.4693515588720061	0.1604240004385157	C19orf33	0.26961946	False
3334	2.925694145446088	0.4693515588720061	0.1604240004385157	YIF1B	0.26961946	False
3335	2.925694145446088	0.4693515588720061	0.1604240004385157	KCNK6	0.26961946	False
3336	2.925694145446088	0.4693515588720061	0.1604240004385157	CATSPERG	0.26961946	False
3337	2.925694145446088	0.4693515588720061	0.1604240004385157	PSMD8	0.26961946	False
3338	2.925694145446088	0.4693515588720061	0.1604240004385157	GGN	0.26961946	False
3339	2.925694145446088	0.4693515588720061	0.1604240004385157	SPRED3	0.26961946	False
3340	2.925694145446088	0.4693515588720061	0.1604240004385157	FAM98C	0.26961946	False
3341	2.925694145446088	0.4693515588720061	0.1604240004385157	RASGRP4	0.26961946	False
3342	2.925694145446088	0.4693515588720061	0.1604240004385157	RYR1	0.26961946	False
3343	2.925694145446088	0.4693515588720061	0.1604240004385157	MAP4K1	0.26961946	False
3344	2.925694145446088	0.4693515588720061	0.1604240004385157	LOC105372397	0.26961946	False
3345	2.925694145446088	0.4693515588720061	0.1604240004385157	EIF3K	0.26961946	False
3346	2.925694145446088	0.4693515588720061	0.1604240004385157	ACTN4	0.26961946	False
3347	2.925694145446088	0.4693515588720061	0.1604240004385157	CAPN12	0.26961946	False
3348	2.925694145446088	0.4693515588720061	0.1604240004385157	LGALS7	0.26961946	False
3349	2.925694145446088	0.4693515588720061	0.1604240004385157	LGALS7B	0.26961946	False
3350	2.925694145446088	0.4693515588720061	0.1604240004385157	LGALS4	0.26961946	False
3351	2.925694145446088	0.4693515588720061	0.1604240004385157	ECH1	0.26961946	False
3352	2.925694145446088	0.4693515588720061	0.1604240004385157	HNRNPL	0.26961946	False
3353	2.925694145446088	0.4693515588720061	0.1604240004385157	RINL	0.26961946	False
3354	2.925694145446088	0.4693515588720061	0.1604240004385157	SIRT2	0.26961946	False
3355	2.9110677079785643	0.4000140611508329	0.1374114590514287	NFKBIB	0.26961908	False
3356	2.9110677079785643	0.4000140611508329	0.1374114590514287	CCER2	0.26961908	False
3357	2.9110677079785643	0.4000140611508329	0.1374114590514287	SARS2	0.26961908	False
3358	2.9110677079785643	0.4000140611508329	0.1374114590514287	MRPS12	0.26961908	False
3359	2.9110677079785643	0.4000140611508329	0.1374114590514287	FBXO17	0.26961908	False
3360	2.9110677079785643	0.4000140611508329	0.1374114590514287	FBXO27	0.26961908	False
3361	2.9110677079785643	0.4000140611508329	0.1374114590514287	ACP7	0.26961908	False
3362	2.9761218130626763	0.4679515225527079	0.157235339124492	PAK4	0.26961946	False
3363	2.9761218130626763	0.4679515225527079	0.157235339124492	NCCRP1	0.26961946	False
3364	2.9761218130626763	0.4679515225527079	0.157235339124492	SYCN	0.26961946	False
3365	2.9761218130626763	0.4679515225527079	0.157235339124492	IFNL3	0.26961946	False
3366	2.9761218130626763	0.4679515225527079	0.157235339124492	IFNL4	0.26961946	False
3367	2.9761218130626763	0.4679515225527079	0.157235339124492	IFNL2	0.26961946	False
3368	2.9761218130626763	0.4679515225527079	0.157235339124492	IFNL1	0.26961946	False
3369	2.9761218130626763	0.4679515225527079	0.157235339124492	LRFN1	0.26961946	False
3370	2.9761218130626763	0.4679515225527079	0.157235339124492	GMFG	0.26961946	False
3371	2.9761218130626763	0.4679515225527079	0.157235339124492	SAMD4B	0.26961946	False
3372	2.9761218130626763	0.4679515225527079	0.157235339124492	PAF1	0.26961946	False
3373	2.9761218130626763	0.4679515225527079	0.157235339124492	MED29	0.26961946	False
3374	2.9761218130626763	0.4679515225527079	0.157235339124492	ZFP36	0.26961946	False
3375	2.9761218130626763	0.4679515225527079	0.157235339124492	MIR4530	0.26961946	False
3376	2.9761218130626763	0.4679515225527079	0.157235339124492	PLEKHG2	0.26961946	False
3377	2.9761218130626763	0.4679515225527079	0.157235339124492	RPS16	0.26961946	False
3378	2.9761218130626763	0.4679515225527079	0.157235339124492	SUPT5H	0.26961946	False
3379	2.9761218130626763	0.4679515225527079	0.157235339124492	TIMM50	0.26961946	False
3380	2.9761218130626763	0.4679515225527079	0.157235339124492	DLL3	0.26961946	False
3381	2.9761218130626763	0.4679515225527079	0.157235339124492	SELENOV	0.26961946	False
3382	2.9761218130626763	0.4679515225527079	0.157235339124492	EID2B	0.26961946	False
3383	2.9761218130626763	0.4679515225527079	0.157235339124492	EID2	0.26961946	False
3384	2.9761218130626763	0.4679515225527079	0.157235339124492	LGALS13	0.26961946	False
3385	2.9761218130626763	0.4679515225527079	0.157235339124492	LGALS16	0.26961946	False
3386	2.9761218130626763	0.4679515225527079	0.157235339124492	LGALS17A	0.26961946	False
3387	2.9761218130626763	0.4679515225527079	0.157235339124492	LGALS14	0.26961946	False
3388	2.9761218130626763	0.4679515225527079	0.157235339124492	CLC	0.26961946	False
3389	2.9761218130626763	0.4679515225527079	0.157235339124492	LEUTX	0.26961946	False
3390	2.9761218130626763	0.4679515225527079	0.157235339124492	DYRK1B	0.26961946	False
3391	2.9761218130626763	0.4679515225527079	0.157235339124492	MIR6719	0.26961946	False
3392	2.9761218130626763	0.4679515225527079	0.157235339124492	FBL	0.26961946	False
3393	2.9468251355718174	0.40329577240078057	0.13685772105460303	FCGBP	0.26961926	False
3394	2.9468251355718174	0.40329577240078057	0.13685772105460303	PSMC4	0.26961926	False
3395	2.9468251355718174	0.40329577240078057	0.13685772105460303	ZNF546	0.26961926	False
3396	2.9468251355718174	0.40329577240078057	0.13685772105460303	ZNF780B	0.26961926	False
3397	2.9468251355718174	0.40329577240078057	0.13685772105460303	ZNF780A	0.26961926	False
3398	3.0420695648457725	0.47791684130042983	0.15710253533425012	MAP3K10	0.26961982	False
3399	3.0420695648457725	0.47791684130042983	0.15710253533425012	TTC9B	0.26961982	False
3400	3.0420695648457725	0.47791684130042983	0.15710253533425012	CNTD2	0.26961982	False
3401	3.0420695648457725	0.47791684130042983	0.15710253533425012	AKT2	0.26961982	False
3402	3.0420695648457725	0.47791684130042983	0.15710253533425012	MIR641	0.26961982	False
3403	3.0420695648457725	0.47791684130042983	0.15710253533425012	C19orf47	0.26961982	False
3404	3.0420695648457725	0.47791684130042983	0.15710253533425012	PLD3	0.26961982	False
3405	3.0420695648457725	0.47791684130042983	0.15710253533425012	MIR6796	0.26961982	False
3406	3.0420695648457725	0.47791684130042983	0.15710253533425012	HIPK4	0.26961982	False
3407	3.0420695648457725	0.47791684130042983	0.15710253533425012	PRX	0.26961982	False
3408	3.0420695648457725	0.47791684130042983	0.15710253533425012	SERTAD1	0.26961982	False
3409	3.0420695648457725	0.47791684130042983	0.15710253533425012	SERTAD3	0.26961982	False
3410	3.0420695648457725	0.47791684130042983	0.15710253533425012	BLVRB	0.26961982	False
3411	3.0420695648457725	0.47791684130042983	0.15710253533425012	SPTBN4	0.26961982	False
3412	3.0420695648457725	0.47791684130042983	0.15710253533425012	SHKBP1	0.26961982	False
3413	3.0420695648457725	0.47791684130042983	0.15710253533425012	LTBP4	0.26961982	False
3414	3.0420695648457725	0.47791684130042983	0.15710253533425012	NUMBL	0.26961982	False
3415	3.0420695648457725	0.47791684130042983	0.15710253533425012	COQ8B	0.26961982	False
3416	3.0420695648457725	0.47791684130042983	0.15710253533425012	ITPKC	0.26961982	False
3417	3.0420695648457725	0.47791684130042983	0.15710253533425012	C19orf54	0.26961982	False
3418	3.0420695648457725	0.47791684130042983	0.15710253533425012	SNRPA	0.26961982	False
3419	3.0420695648457725	0.47791684130042983	0.15710253533425012	MIA	0.26961982	False
3420	3.0420695648457725	0.47791684130042983	0.15710253533425012	MIA-RAB4B	0.26961982	False
3421	3.0420695648457725	0.47791684130042983	0.15710253533425012	RAB4B	0.26961982	False
3422	3.0420695648457725	0.47791684130042983	0.15710253533425012	RAB4B-EGLN2	0.26961982	False
3423	3.0420695648457725	0.47791684130042983	0.15710253533425012	EGLN2	0.26961982	False
3424	3.0420695648457725	0.47791684130042983	0.15710253533425012	CYP2G1P	0.26961982	False
3425	3.0420695648457725	0.47791684130042983	0.15710253533425012	CYP2A6	0.26961982	False
3426	3.0420695648457725	0.47791684130042983	0.15710253533425012	CYP2A7	0.26961982	False
3427	2.935056090273205	0.3995424609127783	0.1361277088491987	CYP2B6	0.26961923	False
3428	2.935056090273205	0.3995424609127783	0.1361277088491987	CYP2A13	0.26961923	False
3429	2.926126739065833	0.45533329150274315	0.15560955902002674	CYP2F1	0.26961946	False
3430	2.926126739065833	0.45533329150274315	0.15560955902002674	CYP2S1	0.26961946	False
3431	2.926126739065833	0.45533329150274315	0.15560955902002674	AXL	0.26961946	False
3432	2.926126739065833	0.45533329150274315	0.15560955902002674	HNRNPUL1	0.26961946	False
3433	2.926126739065833	0.45533329150274315	0.15560955902002674	TGFB1	0.26961946	False
3434	2.926126739065833	0.45533329150274315	0.15560955902002674	CCDC97	0.26961946	False
3435	2.926126739065833	0.45533329150274315	0.15560955902002674	BCKDHA	0.26961946	False
3436	2.926126739065833	0.45533329150274315	0.15560955902002674	TMEM91	0.26961946	False
3437	2.926126739065833	0.45533329150274315	0.15560955902002674	B9D2	0.26961946	False
3438	2.926126739065833	0.45533329150274315	0.15560955902002674	EXOSC5	0.26961946	False
3439	2.926126739065833	0.45533329150274315	0.15560955902002674	B3GNT8	0.26961946	False
3440	2.926126739065833	0.45533329150274315	0.15560955902002674	DMAC2	0.26961946	False
3441	2.926126739065833	0.45533329150274315	0.15560955902002674	ERICH4	0.26961946	False
3442	2.926126739065833	0.45533329150274315	0.15560955902002674	PCAT19	0.26961946	False
3443	2.926126739065833	0.45533329150274315	0.15560955902002674	LINC01480	0.26961946	False
3444	2.926126739065833	0.45533329150274315	0.15560955902002674	CEACAM21	0.26961946	False
3445	2.926126739065833	0.45533329150274315	0.15560955902002674	CEACAM4	0.26961946	False
3446	2.926126739065833	0.45533329150274315	0.15560955902002674	CEACAM7	0.26961946	False
3447	2.926126739065833	0.45533329150274315	0.15560955902002674	CEACAM5	0.26961946	False
3448	2.926126739065833	0.45533329150274315	0.15560955902002674	CEACAM6	0.26961946	False
3449	2.926126739065833	0.45533329150274315	0.15560955902002674	CEACAM3	0.26961946	False
3450	2.926126739065833	0.45533329150274315	0.15560955902002674	LYPD4	0.26961946	False
3451	2.926126739065833	0.45533329150274315	0.15560955902002674	DMRTC2	0.26961946	False
3452	2.926126739065833	0.45533329150274315	0.15560955902002674	RPS19	0.26961946	False
3453	2.926126739065833	0.45533329150274315	0.15560955902002674	MIR6797	0.26961946	False
3454	2.926126739065833	0.45533329150274315	0.15560955902002674	CD79A	0.26961946	False
3455	2.878601648411971	0.39699555609913284	0.13791264113189894	ARHGEF1	0.26961917	False
3456	2.878601648411971	0.39699555609913284	0.13791264113189894	RABAC1	0.26961917	False
3457	2.878601648411971	0.39699555609913284	0.13791264113189894	ATP1A3	0.26961917	False
3458	2.878601648411971	0.39699555609913284	0.13791264113189894	GRIK5	0.26961917	False
3459	2.878601648411971	0.39699555609913284	0.13791264113189894	ZNF574	0.26961917	False
3460	2.878601648411971	0.39699555609913284	0.13791264113189894	POU2F2	0.26961917	False
3461	2.884747022242382	0.4508905451005905	0.1563015895758175	LOC100505622	0.26961946	False
3462	2.884747022242382	0.4508905451005905	0.1563015895758175	MIR4323	0.26961946	False
3463	2.884747022242382	0.4508905451005905	0.1563015895758175	DEDD2	0.26961946	False
3464	2.884747022242382	0.4508905451005905	0.1563015895758175	ZNF526	0.26961946	False
3465	2.884747022242382	0.4508905451005905	0.1563015895758175	GSK3A	0.26961946	False
3466	2.884747022242382	0.4508905451005905	0.1563015895758175	ERF	0.26961946	False
3467	2.884747022242382	0.4508905451005905	0.1563015895758175	CIC	0.26961946	False
3468	2.884747022242382	0.4508905451005905	0.1563015895758175	PAFAH1B3	0.26961946	False
3469	2.884747022242382	0.4508905451005905	0.1563015895758175	PRR19	0.26961946	False
3470	2.884747022242382	0.4508905451005905	0.1563015895758175	TMEM145	0.26961946	False
3471	2.884747022242382	0.4508905451005905	0.1563015895758175	MEGF8	0.26961946	False
3472	2.884747022242382	0.4508905451005905	0.1563015895758175	MIR8077	0.26961946	False
3473	2.884747022242382	0.4508905451005905	0.1563015895758175	CNFN	0.26961946	False
3474	2.884747022242382	0.4508905451005905	0.1563015895758175	LOC101930071	0.26961946	False
3475	2.884747022242382	0.4508905451005905	0.1563015895758175	LIPE-AS1	0.26961946	False
3476	2.884747022242382	0.4508905451005905	0.1563015895758175	LIPE	0.26961946	False
3477	2.884747022242382	0.4508905451005905	0.1563015895758175	CXCL17	0.26961946	False
3478	2.884747022242382	0.4508905451005905	0.1563015895758175	CEACAM1	0.26961946	False
3479	2.884747022242382	0.4508905451005905	0.1563015895758175	CEACAM8	0.26961946	False
3480	2.884747022242382	0.4508905451005905	0.1563015895758175	PSG3	0.26961946	False
3481	2.884747022242382	0.4508905451005905	0.1563015895758175	PSG8	0.26961946	False
3482	2.884747022242382	0.4508905451005905	0.1563015895758175	PSG8-AS1	0.26961946	False
3483	2.884747022242382	0.4508905451005905	0.1563015895758175	PSG1	0.26961946	False
3484	2.8741309212436366	0.37428965882194287	0.13022707353219237	PSG6	0.269619	False
3485	2.8741309212436366	0.37428965882194287	0.13022707353219237	PSG7	0.269619	False
3486	2.8741309212436366	0.37428965882194287	0.13022707353219237	PSG11	0.269619	False
3487	2.8741309212436366	0.37428965882194287	0.13022707353219237	PSG2	0.269619	False
3488	2.8852856271448974	0.4208929542071876	0.14587566313969325	PSG5	0.26961935	False
3489	2.8852856271448974	0.4208929542071876	0.14587566313969325	PSG4	0.26961935	False
3490	2.8852856271448974	0.4208929542071876	0.14587566313969325	LOC284344	0.26961935	False
3491	2.8852856271448974	0.4208929542071876	0.14587566313969325	PSG9	0.26961935	False
3492	2.8852856271448974	0.4208929542071876	0.14587566313969325	CD177	0.26961935	False
3493	2.8852856271448974	0.4208929542071876	0.14587566313969325	TEX101	0.26961935	False
3494	2.8852856271448974	0.4208929542071876	0.14587566313969325	LYPD3	0.26961935	False
3495	2.8852856271448974	0.4208929542071876	0.14587566313969325	PHLDB3	0.26961935	False
3496	2.8852856271448974	0.4208929542071876	0.14587566313969325	ETHE1	0.26961935	False
3497	2.8852856271448974	0.4208929542071876	0.14587566313969325	ZNF575	0.26961935	False
3498	2.8852856271448974	0.4208929542071876	0.14587566313969325	XRCC1	0.26961935	False
3499	2.8852856271448974	0.4208929542071876	0.14587566313969325	PINLYP	0.26961935	False
3500	2.8852856271448974	0.4208929542071876	0.14587566313969325	IRGQ	0.26961935	False
3501	2.8852856271448974	0.4208929542071876	0.14587566313969325	ZNF576	0.26961935	False
3502	2.8852856271448974	0.4208929542071876	0.14587566313969325	ZNF428	0.26961935	False
3503	2.8852856271448974	0.4208929542071876	0.14587566313969325	SRRM5	0.26961935	False
3504	2.8852856271448974	0.4208929542071876	0.14587566313969325	CADM4	0.26961935	False
3505	2.8852856271448974	0.4208929542071876	0.14587566313969325	PLAUR	0.26961935	False
3506	2.8852856271448974	0.4208929542071876	0.14587566313969325	IRGC	0.26961935	False
3507	2.8852856271448974	0.4208929542071876	0.14587566313969325	SMG9	0.26961935	False
3508	2.8852856271448974	0.4208929542071876	0.14587566313969325	KCNN4	0.26961935	False
3509	2.8852856271448974	0.4208929542071876	0.14587566313969325	LYPD5	0.26961935	False
3510	2.8852856271448974	0.4208929542071876	0.14587566313969325	ZNF283	0.26961935	False
3511	2.8852856271448974	0.4208929542071876	0.14587566313969325	ZNF404	0.26961935	False
3512	2.8863246254181814	0.3823046152937358	0.1324537828929572	LOC100505715	0.26961902	False
3513	2.8863246254181814	0.3823046152937358	0.1324537828929572	ZNF45	0.26961902	False
3514	2.8863246254181814	0.3823046152937358	0.1324537828929572	ZNF221	0.26961902	False
3515	2.8863246254181814	0.3823046152937358	0.1324537828929572	ZNF155	0.26961902	False
3516	2.8863246254181814	0.3823046152937358	0.1324537828929572	LOC101928063	0.26961902	False
3517	2.8863246254181814	0.3823046152937358	0.1324537828929572	ZNF230	0.26961902	False
3518	2.8863246254181814	0.3823046152937358	0.1324537828929572	ZNF222	0.26961902	False
3519	2.8863246254181814	0.3823046152937358	0.1324537828929572	ZNF284	0.26961902	False
3520	2.8863246254181814	0.3823046152937358	0.1324537828929572	ZNF223	0.26961902	False
3521	2.8863246254181814	0.3823046152937358	0.1324537828929572	ZNF224	0.26961902	False
3522	2.987797249454792	0.4949903088238821	0.1656706488079829	LOC100379224	0.2696198	False
3523	2.987797249454792	0.4949903088238821	0.1656706488079829	ZNF225	0.2696198	False
3524	2.987797249454792	0.4949903088238821	0.1656706488079829	ZNF234	0.2696198	False
3525	2.987797249454792	0.4949903088238821	0.1656706488079829	ZNF226	0.2696198	False
3526	2.987797249454792	0.4949903088238821	0.1656706488079829	ZNF227	0.2696198	False
3527	2.987797249454792	0.4949903088238821	0.1656706488079829	ZNF235	0.2696198	False
3528	2.987797249454792	0.4949903088238821	0.1656706488079829	ZNF233	0.2696198	False
3529	2.987797249454792	0.4949903088238821	0.1656706488079829	ZNF112	0.2696198	False
3530	2.987797249454792	0.4949903088238821	0.1656706488079829	ZNF285	0.2696198	False
3531	2.987797249454792	0.4949903088238821	0.1656706488079829	ZNF229	0.2696198	False
3532	2.987797249454792	0.4949903088238821	0.1656706488079829	ZNF180	0.2696198	False
3533	2.987797249454792	0.4949903088238821	0.1656706488079829	CEACAM20	0.2696198	False
3534	2.987797249454792	0.4949903088238821	0.1656706488079829	IGSF23	0.2696198	False
3535	2.987797249454792	0.4949903088238821	0.1656706488079829	PVR	0.2696198	False
3536	2.987797249454792	0.4949903088238821	0.1656706488079829	CEACAM19	0.2696198	False
3537	2.987797249454792	0.4949903088238821	0.1656706488079829	CEACAM16	0.2696198	False
3538	2.987797249454792	0.4949903088238821	0.1656706488079829	BCL3	0.2696198	False
3539	2.987797249454792	0.4949903088238821	0.1656706488079829	MIR8085	0.2696198	False
3540	2.987797249454792	0.4949903088238821	0.1656706488079829	CBLC	0.2696198	False
3541	2.987797249454792	0.4949903088238821	0.1656706488079829	BCAM	0.2696198	False
3542	2.987797249454792	0.4949903088238821	0.1656706488079829	NECTIN2	0.2696198	False
3543	2.9781175910748328	0.4232631014246791	0.14212437503917338	TOMM40	0.26961946	False
3544	2.9781175910748328	0.4232631014246791	0.14212437503917338	APOE	0.26961946	False
3545	2.9781175910748328	0.4232631014246791	0.14212437503917338	APOC1	0.26961946	False
3546	2.9781175910748328	0.4232631014246791	0.14212437503917338	APOC4	0.26961946	False
3547	2.9781175910748328	0.4232631014246791	0.14212437503917338	APOC4-APOC2	0.26961946	False
3548	2.9781175910748328	0.4232631014246791	0.14212437503917338	APOC2	0.26961946	False
3549	2.9781175910748328	0.4232631014246791	0.14212437503917338	CLPTM1	0.26961946	False
3550	2.9781175910748328	0.4232631014246791	0.14212437503917338	RELB	0.26961946	False
3551	2.9781175910748328	0.4232631014246791	0.14212437503917338	CLASRP	0.26961946	False
3552	2.9781175910748328	0.4232631014246791	0.14212437503917338	ZNF296	0.26961946	False
3553	2.9781175910748328	0.4232631014246791	0.14212437503917338	GEMIN7-AS1	0.26961946	False
3554	2.9781175910748328	0.4232631014246791	0.14212437503917338	GEMIN7	0.26961946	False
3555	2.9781175910748328	0.4232631014246791	0.14212437503917338	MARK4	0.26961946	False
3556	2.9781175910748328	0.4232631014246791	0.14212437503917338	PPP1R37	0.26961946	False
3557	3.0572102745431504	0.5119415498820044	0.1674538235543859	NKPD1	0.26961997	False
3558	3.0572102745431504	0.5119415498820044	0.1674538235543859	TRAPPC6A	0.26961997	False
3559	3.0572102745431504	0.5119415498820044	0.1674538235543859	BLOC1S3	0.26961997	False
3560	3.0572102745431504	0.5119415498820044	0.1674538235543859	EXOC3L2	0.26961997	False
3561	3.0572102745431504	0.5119415498820044	0.1674538235543859	CKM	0.26961997	False
3562	3.0572102745431504	0.5119415498820044	0.1674538235543859	KLC3	0.26961997	False
3563	3.0572102745431504	0.5119415498820044	0.1674538235543859	ERCC2	0.26961997	False
3564	3.0572102745431504	0.5119415498820044	0.1674538235543859	PPP1R13L	0.26961997	False
3565	3.0572102745431504	0.5119415498820044	0.1674538235543859	CD3EAP	0.26961997	False
3566	3.0572102745431504	0.5119415498820044	0.1674538235543859	ERCC1	0.26961997	False
3567	3.0572102745431504	0.5119415498820044	0.1674538235543859	MIR6088	0.26961997	False
3568	3.0572102745431504	0.5119415498820044	0.1674538235543859	FOSB	0.26961997	False
3569	3.0572102745431504	0.5119415498820044	0.1674538235543859	RTN2	0.26961997	False
3570	3.0572102745431504	0.5119415498820044	0.1674538235543859	PPM1N	0.26961997	False
3571	3.0572102745431504	0.5119415498820044	0.1674538235543859	VASP	0.26961997	False
3572	3.0572102745431504	0.5119415498820044	0.1674538235543859	OPA3	0.26961997	False
3573	3.0572102745431504	0.5119415498820044	0.1674538235543859	GPR4	0.26961997	False
3574	3.0572102745431504	0.5119415498820044	0.1674538235543859	EML2	0.26961997	False
3575	3.0572102745431504	0.5119415498820044	0.1674538235543859	MIR330	0.26961997	False
3576	3.0572102745431504	0.5119415498820044	0.1674538235543859	EML2-AS1	0.26961997	False
3577	3.0572102745431504	0.5119415498820044	0.1674538235543859	GIPR	0.26961997	False
3578	3.0572102745431504	0.5119415498820044	0.1674538235543859	MIR642A	0.26961997	False
3579	3.0572102745431504	0.5119415498820044	0.1674538235543859	SNRPD2	0.26961997	False
3580	3.0572102745431504	0.5119415498820044	0.1674538235543859	QPCTL	0.26961997	False
3581	3.0572102745431504	0.5119415498820044	0.1674538235543859	FBXO46	0.26961997	False
3582	3.0572102745431504	0.5119415498820044	0.1674538235543859	BHMG1	0.26961997	False
3583	3.0572102745431504	0.5119415498820044	0.1674538235543859	SIX5	0.26961997	False
3584	3.0572102745431504	0.5119415498820044	0.1674538235543859	DMPK	0.26961997	False
3585	3.0572102745431504	0.5119415498820044	0.1674538235543859	DMWD	0.26961997	False
3586	3.0572102745431504	0.5119415498820044	0.1674538235543859	RSPH6A	0.26961997	False
3587	3.0572102745431504	0.5119415498820044	0.1674538235543859	SYMPK	0.26961997	False
3588	3.0572102745431504	0.5119415498820044	0.1674538235543859	FOXA3	0.26961997	False
3589	3.0572102745431504	0.5119415498820044	0.1674538235543859	IRF2BP1	0.26961997	False
3590	2.999287615665003	0.4132020487696434	0.13776673054345545	MYPOP	0.26961946	False
3591	2.999287615665003	0.4132020487696434	0.13776673054345545	NANOS2	0.26961946	False
3592	2.999287615665003	0.4132020487696434	0.13776673054345545	NOVA2	0.26961946	False
3593	2.999287615665003	0.4132020487696434	0.13776673054345545	CCDC61	0.26961946	False
3594	2.999287615665003	0.4132020487696434	0.13776673054345545	MIR769	0.26961946	False
3595	2.999287615665003	0.4132020487696434	0.13776673054345545	PGLYRP1	0.26961946	False
3596	2.999287615665003	0.4132020487696434	0.13776673054345545	IGFL4	0.26961946	False
3597	2.999287615665003	0.4132020487696434	0.13776673054345545	LOC400706	0.26961946	False
3598	3.0215649221930487	0.4589908674462362	0.15190501586611652	IGFL3	0.26961967	False
3599	3.0215649221930487	0.4589908674462362	0.15190501586611652	IGFL2	0.26961967	False
3600	3.0215649221930487	0.4589908674462362	0.15190501586611652	IGFL2-AS1	0.26961967	False
3601	3.0215649221930487	0.4589908674462362	0.15190501586611652	LOC93429	0.26961967	False
3602	3.0215649221930487	0.4589908674462362	0.15190501586611652	IGFL1	0.26961967	False
3603	3.0215649221930487	0.4589908674462362	0.15190501586611652	HIF3A	0.26961967	False
3604	3.0215649221930487	0.4589908674462362	0.15190501586611652	PPP5C	0.26961967	False
3605	3.0215649221930487	0.4589908674462362	0.15190501586611652	CCDC8	0.26961967	False
3606	3.0215649221930487	0.4589908674462362	0.15190501586611652	PNMA8A	0.26961967	False
3607	3.0215649221930487	0.4589908674462362	0.15190501586611652	PPP5D1	0.26961967	False
3608	3.0215649221930487	0.4589908674462362	0.15190501586611652	PNMA8B	0.26961967	False
3609	3.0215649221930487	0.4589908674462362	0.15190501586611652	CALM3	0.26961967	False
3610	3.0215649221930487	0.4589908674462362	0.15190501586611652	PTGIR	0.26961967	False
3611	3.0215649221930487	0.4589908674462362	0.15190501586611652	GNG8	0.26961967	False
3612	3.0215649221930487	0.4589908674462362	0.15190501586611652	DACT3	0.26961967	False
3613	3.0215649221930487	0.4589908674462362	0.15190501586611652	DACT3-AS1	0.26961967	False
3614	3.0215649221930487	0.4589908674462362	0.15190501586611652	PRKD2	0.26961967	False
3615	3.0215649221930487	0.4589908674462362	0.15190501586611652	MIR320E	0.26961967	False
3616	3.0215649221930487	0.4589908674462362	0.15190501586611652	STRN4	0.26961967	False
3617	3.0215649221930487	0.4589908674462362	0.15190501586611652	FKRP	0.26961967	False
3618	3.0215649221930487	0.4589908674462362	0.15190501586611652	SLC1A5	0.26961967	False
3619	3.0215649221930487	0.4589908674462362	0.15190501586611652	AP2S1	0.26961967	False
3620	3.11247592661436	0.44744043076545575	0.14375707356945425	ARHGAP35	0.26961964	False
3621	3.11247592661436	0.44744043076545575	0.14375707356945425	NPAS1	0.26961964	False
3622	3.11247592661436	0.44744043076545575	0.14375707356945425	TMEM160	0.26961964	False
3623	3.11247592661436	0.44744043076545575	0.14375707356945425	ZC3H4	0.26961964	False
3624	3.1795724486063124	0.539633336982032	0.16971883663747528	SAE1	0.2696202	False
3625	3.1795724486063124	0.539633336982032	0.16971883663747528	BBC3	0.2696202	False
3626	3.1795724486063124	0.539633336982032	0.16971883663747528	MIR3190	0.2696202	False
3627	3.1795724486063124	0.539633336982032	0.16971883663747528	CCDC9	0.2696202	False
3628	3.1795724486063124	0.539633336982032	0.16971883663747528	INAFM1	0.2696202	False
3629	3.1795724486063124	0.539633336982032	0.16971883663747528	C5AR1	0.2696202	False
3630	3.1795724486063124	0.539633336982032	0.16971883663747528	C5AR2	0.2696202	False
3631	3.1795724486063124	0.539633336982032	0.16971883663747528	DHX34	0.2696202	False
3632	3.1795724486063124	0.539633336982032	0.16971883663747528	MEIS3	0.2696202	False
3633	3.1795724486063124	0.539633336982032	0.16971883663747528	SLC8A2	0.2696202	False
3634	3.1795724486063124	0.539633336982032	0.16971883663747528	KPTN	0.2696202	False
3635	3.1795724486063124	0.539633336982032	0.16971883663747528	NAPA-AS1	0.2696202	False
3636	3.1795724486063124	0.539633336982032	0.16971883663747528	NAPA	0.2696202	False
3637	3.1795724486063124	0.539633336982032	0.16971883663747528	ZNF541	0.2696202	False
3638	3.1795724486063124	0.539633336982032	0.16971883663747528	BICRA	0.2696202	False
3639	3.1795724486063124	0.539633336982032	0.16971883663747528	EHD2	0.2696202	False
3640	3.1795724486063124	0.539633336982032	0.16971883663747528	NOP53	0.2696202	False
3641	3.1795724486063124	0.539633336982032	0.16971883663747528	SNORD23	0.2696202	False
3642	3.1795724486063124	0.539633336982032	0.16971883663747528	NOP53-AS1	0.2696202	False
3643	3.1795724486063124	0.539633336982032	0.16971883663747528	SELENOW	0.2696202	False
3644	3.1795724486063124	0.539633336982032	0.16971883663747528	TPRX1	0.2696202	False
3645	3.1795724486063124	0.539633336982032	0.16971883663747528	CRX	0.2696202	False
3646	3.1795724486063124	0.539633336982032	0.16971883663747528	SULT2A1	0.2696202	False
3647	3.1763872028184967	0.4948112490319762	0.15577800105507175	BSPH1	0.2696201	False
3648	3.1763872028184967	0.4948112490319762	0.15577800105507175	ELSPBP1	0.2696201	False
3649	3.1763872028184967	0.4948112490319762	0.15577800105507175	CABP5	0.2696201	False
3650	3.1763872028184967	0.4948112490319762	0.15577800105507175	PLA2G4C	0.2696201	False
3651	3.1763872028184967	0.4948112490319762	0.15577800105507175	PLA2G4C-AS1	0.2696201	False
3652	3.2535345398286832	0.5949422111401524	0.18286027206936598	LIG1	0.26962084	False
3653	3.2535345398286832	0.5949422111401524	0.18286027206936598	ZSWIM9	0.26962084	False
3654	3.2535345398286832	0.5949422111401524	0.18286027206936598	ZNF114	0.26962084	False
3655	3.2535345398286832	0.5949422111401524	0.18286027206936598	CARD8	0.26962084	False
3656	3.2535345398286832	0.5949422111401524	0.18286027206936598	CARD8-AS1	0.26962084	False
3657	3.2535345398286832	0.5949422111401524	0.18286027206936598	CCDC114	0.26962084	False
3658	3.2535345398286832	0.5949422111401524	0.18286027206936598	EMP3	0.26962084	False
3659	3.2535345398286832	0.5949422111401524	0.18286027206936598	TMEM143	0.26962084	False
3660	3.2535345398286832	0.5949422111401524	0.18286027206936598	SYNGR4	0.26962084	False
3661	3.2535345398286832	0.5949422111401524	0.18286027206936598	KDELR1	0.26962084	False
3662	3.2535345398286832	0.5949422111401524	0.18286027206936598	GRIN2D	0.26962084	False
3663	3.2535345398286832	0.5949422111401524	0.18286027206936598	GRWD1	0.26962084	False
3664	3.2535345398286832	0.5949422111401524	0.18286027206936598	KCNJ14	0.26962084	False
3665	3.2535345398286832	0.5949422111401524	0.18286027206936598	CYTH2	0.26962084	False
3666	3.2535345398286832	0.5949422111401524	0.18286027206936598	LMTK3	0.26962084	False
3667	3.2535345398286832	0.5949422111401524	0.18286027206936598	SULT2B1	0.26962084	False
3668	3.2535345398286832	0.5949422111401524	0.18286027206936598	FAM83E	0.26962084	False
3669	3.2535345398286832	0.5949422111401524	0.18286027206936598	SPACA4	0.26962084	False
3670	3.2535345398286832	0.5949422111401524	0.18286027206936598	RPL18	0.26962084	False
3671	3.2535345398286832	0.5949422111401524	0.18286027206936598	SPHK2	0.26962084	False
3672	3.2535345398286832	0.5949422111401524	0.18286027206936598	DBP	0.26962084	False
3673	3.2535345398286832	0.5949422111401524	0.18286027206936598	CA11	0.26962084	False
3674	3.2535345398286832	0.5949422111401524	0.18286027206936598	NTN5	0.26962084	False
3675	3.2535345398286832	0.5949422111401524	0.18286027206936598	FUT2	0.26962084	False
3676	3.2535345398286832	0.5949422111401524	0.18286027206936598	MAMSTR	0.26962084	False
3677	3.2535345398286832	0.5949422111401524	0.18286027206936598	RASIP1	0.26962084	False
3678	3.2535345398286832	0.5949422111401524	0.18286027206936598	IZUMO1	0.26962084	False
3679	3.2535345398286832	0.5949422111401524	0.18286027206936598	FUT1	0.26962084	False
3680	3.2535345398286832	0.5949422111401524	0.18286027206936598	FGF21	0.26962084	False
3681	3.2535345398286832	0.5949422111401524	0.18286027206936598	BCAT2	0.26962084	False
3682	3.2535345398286832	0.5949422111401524	0.18286027206936598	HSD17B14	0.26962084	False
3683	3.2535345398286832	0.5949422111401524	0.18286027206936598	PLEKHA4	0.26962084	False
3684	3.2535345398286832	0.5949422111401524	0.18286027206936598	PPP1R15A	0.26962084	False
3685	3.2535345398286832	0.5949422111401524	0.18286027206936598	TULP2	0.26962084	False
3686	3.0966336777055647	0.47475246027233375	0.15331243850066864	NUCB1	0.26961994	False
3687	3.0966336777055647	0.47475246027233375	0.15331243850066864	NUCB1-AS1	0.26961994	False
3688	3.0966336777055647	0.47475246027233375	0.15331243850066864	DHDH	0.26961994	False
3689	3.0966336777055647	0.47475246027233375	0.15331243850066864	BAX	0.26961994	False
3690	3.0966336777055647	0.47475246027233375	0.15331243850066864	FTL	0.26961994	False
3691	3.0966336777055647	0.47475246027233375	0.15331243850066864	GYS1	0.26961994	False
3692	3.0966336777055647	0.47475246027233375	0.15331243850066864	RUVBL2	0.26961994	False
3693	3.0966336777055647	0.47475246027233375	0.15331243850066864	MIR6798	0.26961994	False
3694	3.0966336777055647	0.47475246027233375	0.15331243850066864	LHB	0.26961994	False
3695	3.0966336777055647	0.47475246027233375	0.15331243850066864	LOC101059948	0.26961994	False
3696	3.0966336777055647	0.47475246027233375	0.15331243850066864	CGB3	0.26961994	False
3697	3.0966336777055647	0.47475246027233375	0.15331243850066864	CGB2	0.26961994	False
3698	3.0966336777055647	0.47475246027233375	0.15331243850066864	CGB1	0.26961994	False
3699	3.0966336777055647	0.47475246027233375	0.15331243850066864	CGB5	0.26961994	False
3700	3.0966336777055647	0.47475246027233375	0.15331243850066864	CGB8	0.26961994	False
3701	3.0966336777055647	0.47475246027233375	0.15331243850066864	CGB7	0.26961994	False
3702	3.0966336777055647	0.47475246027233375	0.15331243850066864	NTF4	0.26961994	False
3703	3.0966336777055647	0.47475246027233375	0.15331243850066864	KCNA7	0.26961994	False
3704	3.0966336777055647	0.47475246027233375	0.15331243850066864	SNRNP70	0.26961994	False
3705	3.171592782916567	0.5584921300983939	0.1760920043413675	LIN7B	0.2696204	False
3706	3.171592782916567	0.5584921300983939	0.1760920043413675	C19orf73	0.2696204	False
3707	3.171592782916567	0.5584921300983939	0.1760920043413675	PPFIA3	0.2696204	False
3708	3.171592782916567	0.5584921300983939	0.1760920043413675	HRC	0.2696204	False
3709	3.171592782916567	0.5584921300983939	0.1760920043413675	TRPM4	0.2696204	False
3710	3.171592782916567	0.5584921300983939	0.1760920043413675	SLC6A16	0.2696204	False
3711	3.171592782916567	0.5584921300983939	0.1760920043413675	MIR4324	0.2696204	False
3712	3.171592782916567	0.5584921300983939	0.1760920043413675	CD37	0.2696204	False
3713	3.171592782916567	0.5584921300983939	0.1760920043413675	TEAD2	0.2696204	False
3714	3.171592782916567	0.5584921300983939	0.1760920043413675	DKKL1	0.2696204	False
3715	3.171592782916567	0.5584921300983939	0.1760920043413675	LOC101928295	0.2696204	False
3716	3.171592782916567	0.5584921300983939	0.1760920043413675	CCDC155	0.2696204	False
3717	3.171592782916567	0.5584921300983939	0.1760920043413675	PTH2	0.2696204	False
3718	3.171592782916567	0.5584921300983939	0.1760920043413675	GFY	0.2696204	False
3719	3.171592782916567	0.5584921300983939	0.1760920043413675	SLC17A7	0.2696204	False
3720	3.171592782916567	0.5584921300983939	0.1760920043413675	PIH1D1	0.2696204	False
3721	3.171592782916567	0.5584921300983939	0.1760920043413675	ALDH16A1	0.2696204	False
3722	3.171592782916567	0.5584921300983939	0.1760920043413675	FLT3LG	0.2696204	False
3723	3.171592782916567	0.5584921300983939	0.1760920043413675	RPL13A	0.2696204	False
3724	3.171592782916567	0.5584921300983939	0.1760920043413675	SNORD32A	0.2696204	False
3725	3.171592782916567	0.5584921300983939	0.1760920043413675	SNORD33	0.2696204	False
3726	3.171592782916567	0.5584921300983939	0.1760920043413675	SNORD34	0.2696204	False
3727	3.171592782916567	0.5584921300983939	0.1760920043413675	SNORD35A	0.2696204	False
3728	3.171592782916567	0.5584921300983939	0.1760920043413675	RPS11	0.2696204	False
3729	3.171592782916567	0.5584921300983939	0.1760920043413675	SNORD35B	0.2696204	False
3730	3.171592782916567	0.5584921300983939	0.1760920043413675	MIR150	0.2696204	False
3731	3.171592782916567	0.5584921300983939	0.1760920043413675	FCGRT	0.2696204	False
3732	3.171592782916567	0.5584921300983939	0.1760920043413675	RCN3	0.2696204	False
3733	3.171592782916567	0.5584921300983939	0.1760920043413675	NOSIP	0.2696204	False
3734	3.171592782916567	0.5584921300983939	0.1760920043413675	PRRG2	0.2696204	False
3735	3.171592782916567	0.5584921300983939	0.1760920043413675	PRR12	0.2696204	False
3736	3.171592782916567	0.5584921300983939	0.1760920043413675	RRAS	0.2696204	False
3737	3.171592782916567	0.5584921300983939	0.1760920043413675	SCAF1	0.2696204	False
3738	3.171592782916567	0.5584921300983939	0.1760920043413675	IRF3	0.2696204	False
3739	3.171592782916567	0.5584921300983939	0.1760920043413675	BCL2L12	0.2696204	False
3740	3.171592782916567	0.5584921300983939	0.1760920043413675	PRMT1	0.2696204	False
3741	3.171592782916567	0.5584921300983939	0.1760920043413675	MIR5088	0.2696204	False
3742	3.171592782916567	0.5584921300983939	0.1760920043413675	ADM5	0.2696204	False
3743	3.171592782916567	0.5584921300983939	0.1760920043413675	CPT1C	0.2696204	False
3744	3.171592782916567	0.5584921300983939	0.1760920043413675	TSKS	0.2696204	False
3745	3.171592782916567	0.5584921300983939	0.1760920043413675	AP2A1	0.2696204	False
3746	3.171592782916567	0.5584921300983939	0.1760920043413675	MIR6799	0.2696204	False
3747	3.171592782916567	0.5584921300983939	0.1760920043413675	FUZ	0.2696204	False
3748	3.171592782916567	0.5584921300983939	0.1760920043413675	MED25	0.2696204	False
3749	3.171592782916567	0.5584921300983939	0.1760920043413675	MIR6800	0.2696204	False
3750	3.171592782916567	0.5584921300983939	0.1760920043413675	PTOV1-AS1	0.2696204	False
3751	3.171592782916567	0.5584921300983939	0.1760920043413675	PTOV1	0.2696204	False
3752	3.171592782916567	0.5584921300983939	0.1760920043413675	MIR4749	0.2696204	False
3753	3.171592782916567	0.5584921300983939	0.1760920043413675	PTOV1-AS2	0.2696204	False
3754	3.171592782916567	0.5584921300983939	0.1760920043413675	PNKP	0.2696204	False
3755	3.171592782916567	0.5584921300983939	0.1760920043413675	AKT1S1	0.2696204	False
3756	3.171592782916567	0.5584921300983939	0.1760920043413675	TBC1D17	0.2696204	False
3757	3.171592782916567	0.5584921300983939	0.1760920043413675	MIR4750	0.2696204	False
3758	2.9302871743040284	0.396112818316773	0.135178839053839	IL4I1	0.26961914	False
3759	2.9302871743040284	0.396112818316773	0.135178839053839	NUP62	0.26961914	False
3760	2.9302871743040284	0.396112818316773	0.135178839053839	ATF5	0.26961914	False
3761	2.9302871743040284	0.396112818316773	0.135178839053839	MIR4751	0.26961914	False
3762	2.9302871743040284	0.396112818316773	0.135178839053839	SIGLEC11	0.26961914	False
3763	2.9302871743040284	0.396112818316773	0.135178839053839	VRK3	0.26961914	False
3764	2.9302871743040284	0.396112818316773	0.135178839053839	ZNF473	0.26961914	False
3765	2.9302871743040284	0.396112818316773	0.135178839053839	LOC400710	0.26961914	False
