	mean	var	dispersion	gene	proba	pred
0	2.838225647184381	0.3496364059612745	0.12318837521186027	LINC01714	0.2696188	False
1	2.838225647184381	0.3496364059612745	0.12318837521186027	SLC45A1	0.2696188	False
2	2.838225647184381	0.3496364059612745	0.12318837521186027	RERE	0.2696188	False
3	2.838225647184381	0.3496364059612745	0.12318837521186027	RERE-AS1	0.2696188	False
4	2.838225647184381	0.3496364059612745	0.12318837521186027	ENO1	0.2696188	False
5	2.838225647184381	0.3496364059612745	0.12318837521186027	MIR6728	0.2696188	False
6	2.838225647184381	0.3496364059612745	0.12318837521186027	ENO1-AS1	0.2696188	False
7	2.803920958571919	0.31675980764046996	0.11297030562580505	CA6	0.26961854	False
8	2.803920958571919	0.31675980764046996	0.11297030562580505	SLC2A7	0.26961854	False
9	2.803920958571919	0.31675980764046996	0.11297030562580505	SLC2A5	0.26961854	False
10	2.8959644159407847	0.38167198615115644	0.131794432296975	GPR157	0.26961905	False
11	2.8959644159407847	0.38167198615115644	0.131794432296975	MIR34AHG	0.26961905	False
12	2.8959644159407847	0.38167198615115644	0.131794432296975	MIR34A	0.26961905	False
13	2.8959644159407847	0.38167198615115644	0.131794432296975	LNCTAM34A	0.26961905	False
14	2.8959644159407847	0.38167198615115644	0.131794432296975	H6PD	0.26961905	False
15	2.8959644159407847	0.38167198615115644	0.131794432296975	SPSB1	0.26961905	False
16	2.8959644159407847	0.38167198615115644	0.131794432296975	SLC25A33	0.26961905	False
17	2.8959644159407847	0.38167198615115644	0.131794432296975	TMEM201	0.26961905	False
18	2.8959644159407847	0.38167198615115644	0.131794432296975	PIK3CD	0.26961905	False
19	2.8959644159407847	0.38167198615115644	0.131794432296975	PIK3CD-AS1	0.26961905	False
20	2.8959644159407847	0.38167198615115644	0.131794432296975	PIK3CD-AS2	0.26961905	False
21	2.8959644159407847	0.38167198615115644	0.131794432296975	CLSTN1	0.26961905	False
22	2.8959644159407847	0.38167198615115644	0.131794432296975	CTNNBIP1	0.26961905	False
23	2.8959644159407847	0.38167198615115644	0.131794432296975	LZIC	0.26961905	False
24	2.8959644159407847	0.38167198615115644	0.131794432296975	NMNAT1	0.26961905	False
25	2.8959644159407847	0.38167198615115644	0.131794432296975	MIR5697	0.26961905	False
26	2.8959644159407847	0.38167198615115644	0.131794432296975	RBP7	0.26961905	False
27	2.8959644159407847	0.38167198615115644	0.131794432296975	UBE4B	0.26961905	False
28	2.904512372760289	0.39229233434099525	0.1350630618826327	KIF1B	0.26961914	False
29	2.904512372760289	0.39229233434099525	0.1350630618826327	PGD	0.26961914	False
30	2.904512372760289	0.39229233434099525	0.1350630618826327	CENPS-CORT	0.26961914	False
31	2.904512372760289	0.39229233434099525	0.1350630618826327	CENPS	0.26961914	False
32	2.904512372760289	0.39229233434099525	0.1350630618826327	CORT	0.26961914	False
33	2.904512372760289	0.39229233434099525	0.1350630618826327	DFFA	0.26961914	False
34	2.904512372760289	0.39229233434099525	0.1350630618826327	PEX14	0.26961914	False
35	2.904512372760289	0.39229233434099525	0.1350630618826327	CASZ1	0.26961914	False
36	2.904512372760289	0.39229233434099525	0.1350630618826327	C1orf127	0.26961914	False
37	2.904512372760289	0.39229233434099525	0.1350630618826327	TARDBP	0.26961914	False
38	2.904512372760289	0.39229233434099525	0.1350630618826327	MASP2	0.26961914	False
39	2.904512372760289	0.39229233434099525	0.1350630618826327	SRM	0.26961914	False
40	2.904512372760289	0.39229233434099525	0.1350630618826327	EXOSC10	0.26961914	False
41	2.904512372760289	0.39229233434099525	0.1350630618826327	EXOSC10-AS1	0.26961914	False
42	2.845327663747662	0.3754118999034693	0.13193977786340558	MTOR	0.26961893	False
43	2.845327663747662	0.3754118999034693	0.13193977786340558	MTOR-AS1	0.26961893	False
44	2.845327663747662	0.3754118999034693	0.13193977786340558	ANGPTL7	0.26961893	False
45	2.845327663747662	0.3754118999034693	0.13193977786340558	UBIAD1	0.26961893	False
46	2.845327663747662	0.3754118999034693	0.13193977786340558	DISP3	0.26961893	False
47	2.845327663747662	0.3754118999034693	0.13193977786340558	LINC01647	0.26961893	False
48	2.845327663747662	0.3754118999034693	0.13193977786340558	FBXO2	0.26961893	False
49	2.845327663747662	0.3754118999034693	0.13193977786340558	FBXO44	0.26961893	False
50	2.845327663747662	0.3754118999034693	0.13193977786340558	FBXO6	0.26961893	False
51	2.845327663747662	0.3754118999034693	0.13193977786340558	MAD2L2	0.26961893	False
52	2.845327663747662	0.3754118999034693	0.13193977786340558	DRAXIN	0.26961893	False
53	2.845327663747662	0.3754118999034693	0.13193977786340558	AGTRAP	0.26961893	False
54	2.845327663747662	0.3754118999034693	0.13193977786340558	C1orf167	0.26961893	False
55	2.845327663747662	0.3754118999034693	0.13193977786340558	LOC102724659	0.26961893	False
56	2.845327663747662	0.3754118999034693	0.13193977786340558	MTHFR	0.26961893	False
57	2.845327663747662	0.3754118999034693	0.13193977786340558	CLCN6	0.26961893	False
58	2.845327663747662	0.3754118999034693	0.13193977786340558	NPPA-AS1	0.26961893	False
59	2.845327663747662	0.3754118999034693	0.13193977786340558	NPPA	0.26961893	False
60	2.845327663747662	0.3754118999034693	0.13193977786340558	NPPB	0.26961893	False
61	2.845327663747662	0.3754118999034693	0.13193977786340558	RNU5E-1	0.26961893	False
62	2.845327663747662	0.3754118999034693	0.13193977786340558	KIAA2013	0.26961893	False
63	2.845327663747662	0.3754118999034693	0.13193977786340558	PLOD1	0.26961893	False
64	2.845327663747662	0.3754118999034693	0.13193977786340558	MFN2	0.26961893	False
65	2.845327663747662	0.3754118999034693	0.13193977786340558	MIIP	0.26961893	False
66	2.845327663747662	0.3754118999034693	0.13193977786340558	MIR6729	0.26961893	False
67	2.845327663747662	0.3754118999034693	0.13193977786340558	TNFRSF8	0.26961893	False
68	2.72523789714589	0.26307851721368813	0.09653414752862759	RUNX3	0.26961827	False
69	2.72523789714589	0.26307851721368813	0.09653414752862759	MIR6731	0.26961827	False
70	2.72523789714589	0.26307851721368813	0.09653414752862759	MIR4425	0.26961827	False
71	2.8653081265126947	0.34118011747451427	0.11907274973939969	SYF2	0.26961875	False
72	2.8653081265126947	0.34118011747451427	0.11907274973939969	RSRP1	0.26961875	False
73	2.8653081265126947	0.34118011747451427	0.11907274973939969	RHD	0.26961875	False
74	2.8653081265126947	0.34118011747451427	0.11907274973939969	TMEM50A	0.26961875	False
75	2.8653081265126947	0.34118011747451427	0.11907274973939969	RHCE	0.26961875	False
76	2.8653081265126947	0.34118011747451427	0.11907274973939969	MACO1	0.26961875	False
77	2.8653081265126947	0.34118011747451427	0.11907274973939969	LDLRAP1	0.26961875	False
78	2.8653081265126947	0.34118011747451427	0.11907274973939969	MAN1C1	0.26961875	False
79	2.8653081265126947	0.34118011747451427	0.11907274973939969	SELENON	0.26961875	False
80	2.8653081265126947	0.34118011747451427	0.11907274973939969	MTFR1L	0.26961875	False
81	2.8653081265126947	0.34118011747451427	0.11907274973939969	LOC646471	0.26961875	False
82	2.8653081265126947	0.34118011747451427	0.11907274973939969	AUNIP	0.26961875	False
83	2.8653081265126947	0.34118011747451427	0.11907274973939969	PAQR7	0.26961875	False
84	2.92054140817549	0.34933851486795997	0.11961429955762808	STMN1	0.26961887	False
85	2.92054140817549	0.34933851486795997	0.11961429955762808	MIR3917	0.26961887	False
86	2.92054140817549	0.34933851486795997	0.11961429955762808	PAFAH2	0.26961887	False
87	2.92054140817549	0.34933851486795997	0.11961429955762808	EXTL1	0.26961887	False
88	2.92054140817549	0.34933851486795997	0.11961429955762808	SLC30A2	0.26961887	False
89	2.92054140817549	0.34933851486795997	0.11961429955762808	TRIM63	0.26961887	False
90	2.998859298482115	0.4130169851210492	0.13772469596359505	PDIK1L	0.26961935	False
91	2.998859298482115	0.4130169851210492	0.13772469596359505	FAM110D	0.26961935	False
92	2.998859298482115	0.4130169851210492	0.13772469596359505	ZNF593	0.26961935	False
93	2.998859298482115	0.4130169851210492	0.13772469596359505	CNKSR1	0.26961935	False
94	2.998859298482115	0.4130169851210492	0.13772469596359505	CATSPER4	0.26961935	False
95	2.998859298482115	0.4130169851210492	0.13772469596359505	CEP85	0.26961935	False
96	2.998859298482115	0.4130169851210492	0.13772469596359505	SH3BGRL3	0.26961935	False
97	2.998859298482115	0.4130169851210492	0.13772469596359505	UBXN11	0.26961935	False
98	2.998859298482115	0.4130169851210492	0.13772469596359505	CD52	0.26961935	False
99	2.998859298482115	0.4130169851210492	0.13772469596359505	CRYBG2	0.26961935	False
100	2.998859298482115	0.4130169851210492	0.13772469596359505	ZNF683	0.26961935	False
101	2.998859298482115	0.4130169851210492	0.13772469596359505	LIN28A	0.26961935	False
102	2.998859298482115	0.4130169851210492	0.13772469596359505	DHDDS	0.26961935	False
103	2.998859298482115	0.4130169851210492	0.13772469596359505	LOC101928324	0.26961935	False
104	2.998859298482115	0.4130169851210492	0.13772469596359505	HMGN2	0.26961935	False
105	2.998859298482115	0.4130169851210492	0.13772469596359505	RPS6KA1	0.26961935	False
106	2.998859298482115	0.4130169851210492	0.13772469596359505	MIR1976	0.26961935	False
107	2.998859298482115	0.4130169851210492	0.13772469596359505	ARID1A	0.26961935	False
108	2.998859298482115	0.4130169851210492	0.13772469596359505	PIGV	0.26961935	False
109	2.998859298482115	0.4130169851210492	0.13772469596359505	ZDHHC18	0.26961935	False
110	2.998859298482115	0.4130169851210492	0.13772469596359505	SFN	0.26961935	False
111	2.998859298482115	0.4130169851210492	0.13772469596359505	GPN2	0.26961935	False
112	2.866483655805037	0.3379233860774836	0.117887777030628	GPATCH3	0.26961872	False
113	2.866483655805037	0.3379233860774836	0.117887777030628	NUDC	0.26961872	False
114	2.866483655805037	0.3379233860774836	0.117887777030628	NR0B2	0.26961872	False
115	2.866483655805037	0.3379233860774836	0.117887777030628	KDF1	0.26961872	False
116	2.866483655805037	0.3379233860774836	0.117887777030628	TRNP1	0.26961872	False
117	2.866483655805037	0.3379233860774836	0.117887777030628	TENT5B	0.26961872	False
118	2.866483655805037	0.3379233860774836	0.117887777030628	SLC9A1	0.26961872	False
119	2.9058626706100594	0.37293529340095033	0.12833892570795713	WDTC1	0.26961896	False
120	2.9058626706100594	0.37293529340095033	0.12833892570795713	TMEM222	0.26961896	False
121	2.9058626706100594	0.37293529340095033	0.12833892570795713	ACTG1P20	0.26961896	False
122	2.9058626706100594	0.37293529340095033	0.12833892570795713	SYTL1	0.26961896	False
123	2.9058626706100594	0.37293529340095033	0.12833892570795713	MAP3K6	0.26961896	False
124	2.9058626706100594	0.37293529340095033	0.12833892570795713	FCN3	0.26961896	False
125	2.9058626706100594	0.37293529340095033	0.12833892570795713	CD164L2	0.26961896	False
126	2.9058626706100594	0.37293529340095033	0.12833892570795713	GPR3	0.26961896	False
127	2.9058626706100594	0.37293529340095033	0.12833892570795713	WASF2	0.26961896	False
128	2.9058626706100594	0.37293529340095033	0.12833892570795713	AHDC1	0.26961896	False
129	2.9058626706100594	0.37293529340095033	0.12833892570795713	FGR	0.26961896	False
130	2.9058626706100594	0.37293529340095033	0.12833892570795713	IFI6	0.26961896	False
131	2.9058626706100594	0.37293529340095033	0.12833892570795713	FAM76A	0.26961896	False
132	2.9058626706100594	0.37293529340095033	0.12833892570795713	STX12	0.26961896	False
133	2.9058626706100594	0.37293529340095033	0.12833892570795713	PPP1R8	0.26961896	False
134	2.9058626706100594	0.37293529340095033	0.12833892570795713	SCARNA1	0.26961896	False
135	2.9058626706100594	0.37293529340095033	0.12833892570795713	THEMIS2	0.26961896	False
136	2.9109699202699533	0.44111141247095215	0.15153417058670432	RLF	0.26961938	False
137	2.9109699202699533	0.44111141247095215	0.15153417058670432	TMCO2	0.26961938	False
138	2.9109699202699533	0.44111141247095215	0.15153417058670432	ZMPSTE24	0.26961938	False
139	2.9109699202699533	0.44111141247095215	0.15153417058670432	COL9A2	0.26961938	False
140	2.9109699202699533	0.44111141247095215	0.15153417058670432	SMAP2	0.26961938	False
141	2.9109699202699533	0.44111141247095215	0.15153417058670432	ZFP69B	0.26961938	False
142	2.9109699202699533	0.44111141247095215	0.15153417058670432	ZFP69	0.26961938	False
143	2.9109699202699533	0.44111141247095215	0.15153417058670432	EXO5	0.26961938	False
144	2.9109699202699533	0.44111141247095215	0.15153417058670432	ZNF684	0.26961938	False
145	2.9109699202699533	0.44111141247095215	0.15153417058670432	RIMS3	0.26961938	False
146	2.9109699202699533	0.44111141247095215	0.15153417058670432	NFYC-AS1	0.26961938	False
147	2.9109699202699533	0.44111141247095215	0.15153417058670432	NFYC	0.26961938	False
148	2.9109699202699533	0.44111141247095215	0.15153417058670432	MIR30E	0.26961938	False
149	2.9109699202699533	0.44111141247095215	0.15153417058670432	MIR30C1	0.26961938	False
150	2.9109699202699533	0.44111141247095215	0.15153417058670432	KCNQ4	0.26961938	False
151	2.9109699202699533	0.44111141247095215	0.15153417058670432	CITED4	0.26961938	False
152	2.871355823087899	0.3922032469457357	0.13659165603653903	CTPS1	0.26961908	False
153	2.871355823087899	0.3922032469457357	0.13659165603653903	SLFNL1-AS1	0.26961908	False
154	2.871355823087899	0.3922032469457357	0.13659165603653903	SLFNL1	0.26961908	False
155	2.871355823087899	0.3922032469457357	0.13659165603653903	SCMH1	0.26961908	False
156	2.903981256116869	0.42672797790861317	0.1469458444367589	FOXO6	0.26961935	False
157	2.903981256116869	0.42672797790861317	0.1469458444367589	EDN2	0.26961935	False
158	2.9304328392063566	0.42746801406457013	0.14587197097488863	HIVEP3	0.26961935	False
159	2.980254908314757	0.4861434546245252	0.1631214340988786	GUCA2B	0.26961973	False
160	2.980254908314757	0.4861434546245252	0.1631214340988786	GUCA2A	0.26961973	False
161	2.980254908314757	0.4861434546245252	0.1631214340988786	FOXJ3	0.26961973	False
162	2.980254908314757	0.4861434546245252	0.1631214340988786	RIMKLA	0.26961973	False
163	2.980254908314757	0.4861434546245252	0.1631214340988786	ZMYND12	0.26961973	False
164	2.980254908314757	0.4861434546245252	0.1631214340988786	PPCS	0.26961973	False
165	2.980254908314757	0.4861434546245252	0.1631214340988786	CCDC30	0.26961973	False
166	2.980254908314757	0.4861434546245252	0.1631214340988786	PPIH	0.26961973	False
167	2.980254908314757	0.4861434546245252	0.1631214340988786	YBX1	0.26961973	False
168	2.980254908314757	0.4861434546245252	0.1631214340988786	CLDN19	0.26961973	False
169	2.980254908314757	0.4861434546245252	0.1631214340988786	P3H1	0.26961973	False
170	2.980254908314757	0.4861434546245252	0.1631214340988786	C1orf50	0.26961973	False
171	2.980254908314757	0.4861434546245252	0.1631214340988786	TMEM269	0.26961973	False
172	2.980254908314757	0.4861434546245252	0.1631214340988786	SVBP	0.26961973	False
173	2.980254908314757	0.4861434546245252	0.1631214340988786	ERMAP	0.26961973	False
174	2.980254908314757	0.4861434546245252	0.1631214340988786	ZNF691	0.26961973	False
175	3.0490094406251202	0.5097974656250501	0.16720101250999386	SLC2A1	0.2696199	False
176	3.0490094406251202	0.5097974656250501	0.16720101250999386	SLC2A1-AS1	0.2696199	False
177	3.1445466042161065	0.6045347988516938	0.19224863706619996	FAM183A	0.26962063	False
178	3.1445466042161065	0.6045347988516938	0.19224863706619996	EBNA1BP2	0.26962063	False
179	3.1445466042161065	0.6045347988516938	0.19224863706619996	CFAP57	0.26962063	False
180	3.1445466042161065	0.6045347988516938	0.19224863706619996	TMEM125	0.26962063	False
181	3.1445466042161065	0.6045347988516938	0.19224863706619996	C1orf210	0.26962063	False
182	3.1445466042161065	0.6045347988516938	0.19224863706619996	TIE1	0.26962063	False
183	3.1445466042161065	0.6045347988516938	0.19224863706619996	MPL	0.26962063	False
184	3.1445466042161065	0.6045347988516938	0.19224863706619996	CDC20	0.26962063	False
185	3.1445466042161065	0.6045347988516938	0.19224863706619996	ELOVL1	0.26962063	False
186	3.1445466042161065	0.6045347988516938	0.19224863706619996	MIR6734	0.26962063	False
187	3.1445466042161065	0.6045347988516938	0.19224863706619996	MED8	0.26962063	False
188	3.1445466042161065	0.6045347988516938	0.19224863706619996	SZT2	0.26962063	False
189	3.1445466042161065	0.6045347988516938	0.19224863706619996	MIR6735	0.26962063	False
190	3.1445466042161065	0.6045347988516938	0.19224863706619996	HYI	0.26962063	False
191	3.1445466042161065	0.6045347988516938	0.19224863706619996	PTPRF	0.26962063	False
192	3.1445466042161065	0.6045347988516938	0.19224863706619996	KDM4A	0.26962063	False
193	3.1445466042161065	0.6045347988516938	0.19224863706619996	KDM4A-AS1	0.26962063	False
194	3.1249946872062586	0.5457665239606274	0.17464558458131077	ST3GAL3	0.26962024	False
195	3.1445466042161065	0.6045347988516938	0.19224863706619996	LOC101929592	0.26962063	False
196	3.1249946872062586	0.5457665239606274	0.17464558458131077	ARTN	0.26962024	False
197	3.1249946872062586	0.5457665239606274	0.17464558458131077	IPO13	0.26962024	False
198	3.1249946872062586	0.5457665239606274	0.17464558458131077	DPH2	0.26962024	False
199	3.1249946872062586	0.5457665239606274	0.17464558458131077	ATP6V0B	0.26962024	False
200	3.1249946872062586	0.5457665239606274	0.17464558458131077	B4GALT2	0.26962024	False
201	3.1249946872062586	0.5457665239606274	0.17464558458131077	CCDC24	0.26962024	False
202	3.1249946872062586	0.5457665239606274	0.17464558458131077	SLC6A9	0.26962024	False
203	3.230927938880986	0.6261799480041861	0.19380808233719382	KLF17	0.26962087	False
204	3.230927938880986	0.6261799480041861	0.19380808233719382	DMAP1	0.26962087	False
205	3.230927938880986	0.6261799480041861	0.19380808233719382	ERI3	0.26962087	False
206	3.230927938880986	0.6261799480041861	0.19380808233719382	ERI3-IT1	0.26962087	False
207	3.230927938880986	0.6261799480041861	0.19380808233719382	RNF220	0.26962087	False
208	3.230927938880986	0.6261799480041861	0.19380808233719382	MIR5584	0.26962087	False
209	3.230927938880986	0.6261799480041861	0.19380808233719382	TMEM53	0.26962087	False
210	3.230927938880986	0.6261799480041861	0.19380808233719382	ARMH1	0.26962087	False
211	3.230927938880986	0.6261799480041861	0.19380808233719382	RNU5F-1	0.26962087	False
212	3.230927938880986	0.6261799480041861	0.19380808233719382	RNU5D-1	0.26962087	False
213	3.230927938880986	0.6261799480041861	0.19380808233719382	KIF2C	0.26962087	False
214	3.230927938880986	0.6261799480041861	0.19380808233719382	RPS8	0.26962087	False
215	3.230927938880986	0.6261799480041861	0.19380808233719382	SNORD55	0.26962087	False
216	3.230927938880986	0.6261799480041861	0.19380808233719382	SNORD46	0.26962087	False
217	3.230927938880986	0.6261799480041861	0.19380808233719382	SNORD38A	0.26962087	False
218	3.230927938880986	0.6261799480041861	0.19380808233719382	SNORD38B	0.26962087	False
219	3.230927938880986	0.6261799480041861	0.19380808233719382	BEST4	0.26962087	False
220	3.230927938880986	0.6261799480041861	0.19380808233719382	PLK3	0.26962087	False
221	3.230927938880986	0.6261799480041861	0.19380808233719382	BTBD19	0.26962087	False
222	3.230927938880986	0.6261799480041861	0.19380808233719382	PTCH2	0.26962087	False
223	3.1470214374021483	0.544016418893613	0.17286708391242991	EIF2B3	0.26962027	False
224	3.1470214374021483	0.544016418893613	0.17286708391242991	HECTD3	0.26962027	False
225	3.1470214374021483	0.544016418893613	0.17286708391242991	UROD	0.26962027	False
226	3.1470214374021483	0.544016418893613	0.17286708391242991	ZSWIM5	0.26962027	False
227	3.1830269303830114	0.5900567642721364	0.18537598869800806	LINC01144	0.2696206	False
228	3.1830269303830114	0.5900567642721364	0.18537598869800806	HPDL	0.2696206	False
229	3.1830269303830114	0.5900567642721364	0.18537598869800806	MUTYH	0.2696206	False
230	3.1830269303830114	0.5900567642721364	0.18537598869800806	TOE1	0.2696206	False
231	3.1830269303830114	0.5900567642721364	0.18537598869800806	TESK2	0.2696206	False
232	3.1830269303830114	0.5900567642721364	0.18537598869800806	CCDC163	0.2696206	False
233	3.1830269303830114	0.5900567642721364	0.18537598869800806	MMACHC	0.2696206	False
234	3.1830269303830114	0.5900567642721364	0.18537598869800806	PRDX1	0.2696206	False
235	3.1830269303830114	0.5900567642721364	0.18537598869800806	AKR1A1	0.2696206	False
236	3.1830269303830114	0.5900567642721364	0.18537598869800806	NASP	0.2696206	False
237	3.1830269303830114	0.5900567642721364	0.18537598869800806	CCDC17	0.2696206	False
238	3.1830269303830114	0.5900567642721364	0.18537598869800806	GPBP1L1	0.2696206	False
239	3.1830269303830114	0.5900567642721364	0.18537598869800806	TMEM69	0.2696206	False
240	3.1830269303830114	0.5900567642721364	0.18537598869800806	IPP	0.2696206	False
241	2.9778839185771195	0.46455583080132357	0.15600199453822086	MAST2	0.26961955	False
242	2.9778839185771195	0.46455583080132357	0.15600199453822086	PIK3R3	0.26961955	False
243	2.9018361668761057	0.44808981219489297	0.15441595818184048	LOC101929626	0.2696194	False
244	2.9018361668761057	0.44808981219489297	0.15441595818184048	TSPAN1	0.2696194	False
245	2.9018361668761057	0.44808981219489297	0.15441595818184048	POMGNT1	0.2696194	False
246	2.9018361668761057	0.44808981219489297	0.15441595818184048	LURAP1	0.2696194	False
247	2.9018361668761057	0.44808981219489297	0.15441595818184048	RAD54L	0.2696194	False
248	2.9018361668761057	0.44808981219489297	0.15441595818184048	LRRC41	0.2696194	False
249	2.9018361668761057	0.44808981219489297	0.15441595818184048	UQCRH	0.2696194	False
250	2.9018361668761057	0.44808981219489297	0.15441595818184048	NSUN4	0.2696194	False
251	2.9018361668761057	0.44808981219489297	0.15441595818184048	FAAH	0.2696194	False
252	2.9018361668761057	0.44808981219489297	0.15441595818184048	LINC01398	0.2696194	False
253	2.9018361668761057	0.44808981219489297	0.15441595818184048	DMBX1	0.2696194	False
254	2.9018361668761057	0.44808981219489297	0.15441595818184048	MKNK1-AS1	0.2696194	False
255	2.9018361668761057	0.44808981219489297	0.15441595818184048	KNCN	0.2696194	False
256	2.9018361668761057	0.44808981219489297	0.15441595818184048	MKNK1	0.2696194	False
257	2.9018361668761057	0.44808981219489297	0.15441595818184048	MOB3C	0.2696194	False
258	2.9018361668761057	0.44808981219489297	0.15441595818184048	ATPAF1	0.2696194	False
259	2.9018361668761057	0.44808981219489297	0.15441595818184048	TEX38	0.2696194	False
260	2.9018361668761057	0.44808981219489297	0.15441595818184048	EFCAB14-AS1	0.2696194	False
261	2.9018361668761057	0.44808981219489297	0.15441595818184048	EFCAB14	0.2696194	False
262	2.9018361668761057	0.44808981219489297	0.15441595818184048	CYP4B1	0.2696194	False
263	2.96014801724881	0.5498663472441611	0.1857563689518513	C1orf185	0.26961997	False
264	2.96014801724881	0.5498663472441611	0.1857563689518513	RNF11	0.26961997	False
265	2.96014801724881	0.5498663472441611	0.1857563689518513	TTC39A	0.26961997	False
266	2.96014801724881	0.5498663472441611	0.1857563689518513	TTC39A-AS1	0.26961997	False
267	2.96014801724881	0.5498663472441611	0.1857563689518513	EPS15	0.26961997	False
268	2.96014801724881	0.5498663472441611	0.1857563689518513	OSBPL9	0.26961997	False
269	2.96014801724881	0.5498663472441611	0.1857563689518513	NRDC	0.26961997	False
270	2.96014801724881	0.5498663472441611	0.1857563689518513	MIR761	0.26961997	False
271	2.916337036585079	0.4731874488123507	0.1622540340421131	RAB3B	0.2696195	False
272	2.916337036585079	0.4731874488123507	0.1622540340421131	TXNDC12	0.2696195	False
273	2.916337036585079	0.4731874488123507	0.1622540340421131	KTI12	0.2696195	False
274	2.916337036585079	0.4731874488123507	0.1622540340421131	TXNDC12-AS1	0.2696195	False
275	2.916337036585079	0.4731874488123507	0.1622540340421131	BTF3L4	0.2696195	False
276	3.0694971730968703	0.5735995705589876	0.18687085806313766	ZFYVE9	0.2696202	False
277	3.0694971730968703	0.5735995705589876	0.18687085806313766	CC2D1B	0.2696202	False
278	3.0694971730968703	0.5735995705589876	0.18687085806313766	ORC1	0.2696202	False
279	3.0694971730968703	0.5735995705589876	0.18687085806313766	PRPF38A	0.2696202	False
280	3.0694971730968703	0.5735995705589876	0.18687085806313766	TUT4	0.2696202	False
281	3.0694971730968703	0.5735995705589876	0.18687085806313766	GPX7	0.2696202	False
282	3.0694971730968703	0.5735995705589876	0.18687085806313766	SHISAL2A	0.2696202	False
283	3.0694971730968703	0.5735995705589876	0.18687085806313766	COA7	0.2696202	False
284	3.0694971730968703	0.5735995705589876	0.18687085806313766	ZYG11B	0.2696202	False
285	3.0694971730968703	0.5735995705589876	0.18687085806313766	ZYG11A	0.2696202	False
286	2.916556457824411	0.44278009384166833	0.1518160543931173	ECHDC2	0.26961935	False
287	2.916556457824411	0.44278009384166833	0.1518160543931173	SCP2	0.26961935	False
288	2.916556457824411	0.44278009384166833	0.1518160543931173	PODN	0.26961935	False
289	2.916556457824411	0.44278009384166833	0.1518160543931173	SLC1A7	0.26961935	False
290	2.857596452793452	0.40882496034366844	0.14306602317623274	CPT2	0.2696192	False
291	2.857596452793452	0.40882496034366844	0.14306602317623274	C1orf123	0.2696192	False
292	2.857596452793452	0.40882496034366844	0.14306602317623274	MAGOH	0.2696192	False
293	2.857596452793452	0.40882496034366844	0.14306602317623274	LOC100507564	0.2696192	False
294	2.857596452793452	0.40882496034366844	0.14306602317623274	LRP8	0.2696192	False
295	2.857596452793452	0.40882496034366844	0.14306602317623274	LINC01771	0.2696192	False
296	2.857596452793452	0.40882496034366844	0.14306602317623274	DMRTB1	0.2696192	False
297	2.857596452793452	0.40882496034366844	0.14306602317623274	GLIS1	0.2696192	False
298	2.857596452793452	0.40882496034366844	0.14306602317623274	NDC1	0.2696192	False
299	2.857596452793452	0.40882496034366844	0.14306602317623274	YIPF1	0.2696192	False
300	2.8717389613725	0.39051193840392656	0.13598448314998932	DIO1	0.269619	False
301	2.8717389613725	0.39051193840392656	0.13598448314998932	HSPB11	0.269619	False
302	2.8717389613725	0.39051193840392656	0.13598448314998932	LRRC42	0.269619	False
303	2.8717389613725	0.39051193840392656	0.13598448314998932	LDLRAD1	0.269619	False
304	2.8717389613725	0.39051193840392656	0.13598448314998932	TMEM59	0.269619	False
305	2.8717389613725	0.39051193840392656	0.13598448314998932	TCEANC2	0.269619	False
306	2.8717389613725	0.39051193840392656	0.13598448314998932	MIR4781	0.269619	False
307	3.0737539442471116	0.5762019085279668	0.18745869675300322	PLPP3	0.2696204	False
308	3.0737539442471116	0.5762019085279668	0.18745869675300322	LOC101929935	0.2696204	False
309	3.0737539442471116	0.5762019085279668	0.18745869675300322	PRKAA2	0.2696204	False
310	3.0737539442471116	0.5762019085279668	0.18745869675300322	FYB2	0.2696204	False
311	3.069828513604225	0.5372461940043589	0.17500853602196453	C8A	0.2696202	False
312	3.069828513604225	0.5372461940043589	0.17500853602196453	C8B	0.2696202	False
313	3.075490270297858	0.5441617738765204	0.1769349684282431	DAB1	0.26962018	False
314	3.1115947056431965	0.6212336446404847	0.19965120891670554	DAB1-AS1	0.26962063	False
315	3.2641680614886996	0.8134199040521395	0.24919669843260475	OMA1	0.26962203	False
316	3.2641680614886996	0.8134199040521395	0.24919669843260475	TACSTD2	0.26962203	False
317	3.2641680614886996	0.8134199040521395	0.24919669843260475	MYSM1	0.26962203	False
318	3.2641680614886996	0.8134199040521395	0.24919669843260475	JUN	0.26962203	False
319	3.2641680614886996	0.8134199040521395	0.24919669843260475	LINC01135	0.26962203	False
320	3.258506509402713	0.7589386421161002	0.23290996655250332	LINC01358	0.26962164	False
321	3.3096192257556	0.8897458514870611	0.2688363194663061	HSD52	0.26962253	False
322	3.3096192257556	0.8897458514870611	0.2688363194663061	FGGY	0.26962253	False
323	3.3096192257556	0.8897458514870611	0.2688363194663061	MIR4711	0.26962253	False
324	3.3096192257556	0.8897458514870611	0.2688363194663061	HOOK1	0.26962253	False
325	3.1365145551815576	0.6725876285418861	0.21443791084302916	CYP2J2	0.26962098	False
326	3.1365145551815576	0.6725876285418861	0.21443791084302916	C1orf87	0.26962098	False
327	3.1220139869906545	0.6847524633936427	0.21933036374820458	LOC101926964	0.26962113	False
328	3.0518961926679715	0.5851406156656556	0.19173018304863276	NFIA	0.2696203	False
329	3.0518961926679715	0.5851406156656556	0.19173018304863276	NFIA-AS2	0.2696203	False
330	3.0722034937306986	0.6400855510547582	0.2083473807516171	NFIA-AS1	0.26962072	False
331	3.0722034937306986	0.6400855510547582	0.2083473807516171	TM2D1	0.26962072	False
332	2.956479859290821	0.5815669516725145	0.1967092553818434	UBE2U	0.26962006	False
333	2.956479859290821	0.5815669516725145	0.1967092553818434	CACHD1	0.26962006	False
334	2.956479859290821	0.5815669516725145	0.1967092553818434	MIR4794	0.26962006	False
335	2.956479859290821	0.5815669516725145	0.1967092553818434	RAVER2	0.26962006	False
336	3.195448825967612	0.7520024134021169	0.2353354581337736	JAK1	0.2696215	False
337	3.195448825967612	0.7520024134021169	0.2353354581337736	LINC01359	0.2696215	False
338	3.195448825967612	0.7520024134021169	0.2353354581337736	MIR3671	0.2696215	False
339	3.195448825967612	0.7520024134021169	0.2353354581337736	MIR101-1	0.2696215	False
340	3.5161752907823725	1.1056962859839217	0.31445994427026897	AK4	0.26962432	False
341	3.5161752907823725	1.1056962859839217	0.31445994427026897	DNAJC6	0.26962432	False
342	3.5161752907823725	1.1056962859839217	0.31445994427026897	LEPROT	0.26962432	False
343	3.5161752907823725	1.1056962859839217	0.31445994427026897	LEPR	0.26962432	False
344	3.4203764227038445	0.9446706075889267	0.2761890771198085	PDE4B	0.2696232	False
345	3.4203764227038445	0.9446706075889267	0.2761890771198085	LOC101927139	0.2696232	False
346	3.633462866063758	1.182089925231148	0.3253342524212288	SGIP1	0.26962546	False
347	3.633462866063758	1.182089925231148	0.3253342524212288	MIR3117	0.26962546	False
348	3.633462866063758	1.182089925231148	0.3253342524212288	TCTEX1D1	0.26962546	False
349	3.633462866063758	1.182089925231148	0.3253342524212288	INSL5	0.26962546	False
350	3.427858479960634	0.9666195366849522	0.2819893360055089	WDR78	0.2696233	False
351	3.427858479960634	0.9666195366849522	0.2819893360055089	MIER1	0.2696233	False
352	3.427858479960634	0.9666195366849522	0.2819893360055089	SLC35D1	0.2696233	False
353	3.427858479960634	0.9666195366849522	0.2819893360055089	C1orf141	0.2696233	False
354	3.497916304770715	1.1492797984628227	0.32856126285679005	IL23R	0.26962453	False
355	3.497916304770715	1.1492797984628227	0.32856126285679005	IL12RB2	0.26962453	False
356	3.497916304770715	1.1492797984628227	0.32856126285679005	SERBP1	0.26962453	False
357	3.497916304770715	1.1492797984628227	0.32856126285679005	GADD45A	0.26962453	False
358	3.497916304770715	1.1492797984628227	0.32856126285679005	GNG12	0.26962453	False
359	3.142449067702381	0.7479495746443608	0.23801485991664084	GNG12-AS1	0.26962125	False
360	3.142449067702381	0.7479495746443608	0.23801485991664084	DIRAS3	0.26962125	False
361	3.142449067702381	0.7479495746443608	0.23801485991664084	WLS	0.26962125	False
362	3.3093297076971484	1.0585338291588557	0.3198635139607936	LINC01361	0.26962343	False
363	3.4466300148650237	1.2378914940428576	0.3591599587724636	LINC01725	0.26962492	False
364	3.4466300148650237	1.2378914940428576	0.3591599587724636	LOC101927560	0.26962492	False
365	3.4100573353112686	1.0985255819446185	0.3221428480305436	TTLL7	0.26962394	False
366	3.4100573353112686	1.0985255819446185	0.3221428480305436	PRKACB	0.26962394	False
367	3.573229524066093	1.296635726931499	0.36287501773913905	SAMD13	0.26962584	False
368	3.573229524066093	1.296635726931499	0.36287501773913905	DNASE2B	0.26962584	False
369	3.573229524066093	1.296635726931499	0.36287501773913905	RPF1	0.26962584	False
370	3.573229524066093	1.296635726931499	0.36287501773913905	GNG5	0.26962584	False
371	3.573229524066093	1.296635726931499	0.36287501773913905	CTBS	0.26962584	False
372	3.573229524066093	1.296635726931499	0.36287501773913905	LINC01555	0.26962584	False
373	3.573229524066093	1.296635726931499	0.36287501773913905	SSX2IP	0.26962584	False
374	3.573229524066093	1.296635726931499	0.36287501773913905	LPAR3	0.26962584	False
375	3.399887906532945	1.0350327230117615	0.3044314258193418	MCOLN2	0.2696236	False
376	3.399887906532945	1.0350327230117615	0.3044314258193418	WDR63	0.2696236	False
377	3.399887906532945	1.0350327230117615	0.3044314258193418	MCOLN3	0.2696236	False
378	3.4497353153280224	1.0886230934238625	0.3155671360022441	MIR4423	0.26962394	False
379	3.4497353153280224	1.0886230934238625	0.3155671360022441	SYDE2	0.26962394	False
380	3.4497353153280224	1.0886230934238625	0.3155671360022441	C1orf52	0.26962394	False
381	3.4497353153280224	1.0886230934238625	0.3155671360022441	BCL10	0.26962394	False
382	3.4497353153280224	1.0886230934238625	0.3155671360022441	LOC646626	0.26962394	False
383	3.4497353153280224	1.0886230934238625	0.3155671360022441	DDAH1	0.26962394	False
384	3.4497353153280224	1.0886230934238625	0.3155671360022441	CYR61	0.26962394	False
385	3.4497353153280224	1.0886230934238625	0.3155671360022441	ZNHIT6	0.26962394	False
386	3.2626575777049	0.845126659227112	0.2590301430962952	COL24A1	0.26962215	False
387	3.183803270445422	0.8142604018896753	0.25575085290233973	ODF2L	0.26962155	False
388	3.183803270445422	0.8142604018896753	0.25575085290233973	MIR7856	0.26962155	False
389	3.183803270445422	0.8142604018896753	0.25575085290233973	CLCA2	0.26962155	False
390	3.183803270445422	0.8142604018896753	0.25575085290233973	CLCA1	0.26962155	False
391	3.183803270445422	0.8142604018896753	0.25575085290233973	CLCA4	0.26962155	False
392	3.183803270445422	0.8142604018896753	0.25575085290233973	SH3GLB1	0.26962155	False
393	3.1091376816429515	0.6828956248214202	0.2196414873658988	SELENOF	0.26962084	False
394	3.1091376816429515	0.6828956248214202	0.2196414873658988	HS2ST1	0.26962084	False
395	3.1091376816429515	0.6828956248214202	0.2196414873658988	LINC01140	0.26962084	False
396	3.0516746450185397	0.6976281672219266	0.22860502785272782	LMO4	0.26962072	False
397	3.0516746450185397	0.6976281672219266	0.22860502785272782	LINC01364	0.26962072	False
398	3.070022856167927	0.7228173479200427	0.2354436373227136	PKN2-AS1	0.269621	False
399	3.070022856167927	0.7228173479200427	0.2354436373227136	PKN2	0.269621	False
400	3.070022856167927	0.7228173479200427	0.2354436373227136	GTF2B	0.269621	False
401	2.9328139951711263	0.5062155394780768	0.17260403841210523	TGFBR3	0.26961973	False
402	2.9328139951711263	0.5062155394780768	0.17260403841210523	BRDT	0.26961973	False
403	2.9328139951711263	0.5062155394780768	0.17260403841210523	EPHX4	0.26961973	False
404	2.9328139951711263	0.5062155394780768	0.17260403841210523	SETSIP	0.26961973	False
405	2.9328139951711263	0.5062155394780768	0.17260403841210523	BTBD8	0.26961973	False
406	3.080771200944981	0.638099370143354	0.20712325860084205	KIAA1107	0.2696206	False
407	3.080771200944981	0.638099370143354	0.20712325860084205	C1orf146	0.2696206	False
408	3.080771200944981	0.638099370143354	0.20712325860084205	GLMN	0.2696206	False
409	3.080771200944981	0.638099370143354	0.20712325860084205	RPAP2	0.2696206	False
410	3.080771200944981	0.638099370143354	0.20712325860084205	GFI1	0.2696206	False
411	3.080771200944981	0.638099370143354	0.20712325860084205	EVI5	0.2696206	False
412	3.080771200944981	0.638099370143354	0.20712325860084205	RPL5	0.2696206	False
413	3.169178467281649	0.6429862023190299	0.20288734413576556	DIPK1A	0.2696208	False
414	3.080771200944981	0.638099370143354	0.20712325860084205	SNORD21	0.2696206	False
415	3.080771200944981	0.638099370143354	0.20712325860084205	SNORA66	0.2696206	False
416	3.169178467281649	0.6429862023190299	0.20288734413576556	MTF2	0.2696208	False
417	3.4540571736065955	0.8951526268042672	0.2591597596138175	TMED5	0.26962316	False
418	3.4540571736065955	0.8951526268042672	0.2591597596138175	CCDC18	0.26962316	False
419	3.4540571736065955	0.8951526268042672	0.2591597596138175	CCDC18-AS1	0.26962316	False
420	3.4540571736065955	0.8951526268042672	0.2591597596138175	DR1	0.26962316	False
421	3.4540571736065955	0.8951526268042672	0.2591597596138175	FNBP1L	0.26962316	False
422	3.4540571736065955	0.8951526268042672	0.2591597596138175	BCAR3	0.26962316	False
423	3.4540571736065955	0.8951526268042672	0.2591597596138175	LOC100129046	0.26962316	False
424	3.4540571736065955	0.8951526268042672	0.2591597596138175	MIR760	0.26962316	False
425	3.4540571736065955	0.8951526268042672	0.2591597596138175	DNTTIP2	0.26962316	False
426	3.3521782262033137	0.7975522604452191	0.23792060165862033	GCLM	0.26962227	False
427	3.3521782262033137	0.7975522604452191	0.23792060165862033	ABCA4	0.26962227	False
428	3.491378517347215	0.9829336573153973	0.28153167937294876	ARHGAP29	0.26962364	False
429	3.491378517347215	0.9829336573153973	0.28153167937294876	ABCD3	0.26962364	False
430	3.491378517347215	0.9829336573153973	0.28153167937294876	F3	0.26962364	False
431	3.491378517347215	0.9829336573153973	0.28153167937294876	MIR378G	0.26962364	False
432	3.491378517347215	0.9829336573153973	0.28153167937294876	SLC44A3	0.26962364	False
433	3.398011227290763	0.9034790243585719	0.26588464955688695	CNN3	0.26962295	False
434	3.398011227290763	0.9034790243585719	0.26588464955688695	LOC729970	0.26962295	False
435	3.398011227290763	0.9034790243585719	0.26588464955688695	ALG14	0.26962295	False
436	3.398011227290763	0.9034790243585719	0.26588464955688695	LOC101928098	0.26962295	False
437	3.382064970661891	1.0029236788439306	0.296541813224733	TMEM56	0.2696234	False
438	3.382064970661891	1.0029236788439306	0.296541813224733	TMEM56-RWDD3	0.2696234	False
439	3.382064970661891	1.0029236788439306	0.296541813224733	RWDD3	0.2696234	False
440	3.382064970661891	1.0029236788439306	0.296541813224733	LOC101928118	0.2696234	False
441	3.382064970661891	1.0029236788439306	0.296541813224733	LINC01761	0.2696234	False
442	3.382064970661891	1.0029236788439306	0.296541813224733	LINC02607	0.2696234	False
443	3.2672587583856925	0.9181648436119224	0.2810199349088515	LOC102723661	0.26962253	False
444	3.267105047741961	1.0639637435243199	0.32565948384784005	LINC01787	0.26962343	False
445	3.267105047741961	1.0639637435243199	0.32565948384784005	PTBP2	0.26962343	False
446	3.3954416637692475	1.0398186571988102	0.3062395882968925	DPYD	0.2696236	False
447	3.346239534475859	1.0641814404973104	0.3180230911544709	DPYD-AS1	0.26962352	False
448	3.478016767525999	1.383882676719575	0.397894193507286	DPYD-AS2	0.2696256	False
449	3.509262979647744	1.2857555683690205	0.366389061129321	MIR137HG	0.26962522	False
450	3.509262979647744	1.2857555683690205	0.366389061129321	MIR2682	0.26962522	False
451	3.509262979647744	1.2857555683690205	0.366389061129321	MIR137	0.26962522	False
452	3.6484789265476043	1.5402883298296828	0.42217273577271014	LINC01776	0.26962736	False
453	3.6484789265476043	1.5402883298296828	0.42217273577271014	SNX7	0.26962736	False
454	3.7026324945115805	1.47670411579699	0.3988254621504866	PLPPR5	0.26962745	False
455	3.7026324945115805	1.47670411579699	0.3988254621504866	LOC100129620	0.26962745	False
456	3.9915087548549546	1.9200115117658358	0.4810240011199991	PLPPR4	0.26963183	False
457	3.9915087548549546	1.9200115117658358	0.4810240011199991	LINC01708	0.26963183	False
458	3.9915087548549546	1.9200115117658358	0.4810240011199991	PALMD	0.26963183	False
459	3.9915087548549546	1.9200115117658358	0.4810240011199991	FRRS1	0.26963183	False
460	3.9763913254420618	1.7352351738475311	0.4363844078285284	AGL	0.2696308	False
461	3.9763913254420618	1.7352351738475311	0.4363844078285284	SLC35A3	0.2696308	False
462	3.9763913254420618	1.7352351738475311	0.4363844078285284	MFSD14A	0.2696308	False
463	3.9763913254420618	1.7352351738475311	0.4363844078285284	SASS6	0.2696308	False
464	4.107091351731612	1.9676318042506415	0.47908157762818154	TRMT13	0.26963344	False
465	4.107091351731612	1.9676318042506415	0.47908157762818154	LRRC39	0.26963344	False
466	4.107091351731612	1.9676318042506415	0.47908157762818154	DBT	0.26963344	False
467	4.107091351731612	1.9676318042506415	0.47908157762818154	RTCA-AS1	0.26963344	False
468	4.107091351731612	1.9676318042506415	0.47908157762818154	RTCA	0.26963344	False
469	4.107091351731612	1.9676318042506415	0.47908157762818154	MIR553	0.26963344	False
470	4.107091351731612	1.9676318042506415	0.47908157762818154	CDC14A	0.26963344	False
471	4.107091351731612	1.9676318042506415	0.47908157762818154	GPR88	0.26963344	False
472	4.107091351731612	1.9676318042506415	0.47908157762818154	LINC01349	0.26963344	False
473	4.107091351731612	1.9676318042506415	0.47908157762818154	VCAM1	0.26963344	False
474	4.107091351731612	1.9676318042506415	0.47908157762818154	EXTL2	0.26963344	False
475	3.8714934101082044	1.6322158057510028	0.4215984977500928	SLC30A7	0.26962945	False
476	3.8714934101082044	1.6322158057510028	0.4215984977500928	DPH5	0.26962945	False
477	3.8714934101082044	1.6322158057510028	0.4215984977500928	LOC102606465	0.26962945	False
478	3.883106397872944	1.8429633339065956	0.47461056820799935	LOC101928370	0.26963082	False
479	3.883106397872944	1.8429633339065956	0.47461056820799935	S1PR1	0.26963082	False
480	3.883106397872944	1.8429633339065956	0.47461056820799935	LINC01307	0.26963082	False
481	3.6500239235183236	1.5046544503102415	0.4122313940506664	OLFM3	0.26962692	False
482	3.3939564825743846	1.401616657853983	0.412974257345465	COL11A1	0.2696252	False
483	2.9481560082037794	0.5143267501693645	0.17445710089227195	SCARNA2	0.26961982	False
484	2.9481560082037794	0.5143267501693645	0.17445710089227195	C1orf194	0.26961982	False
485	2.9481560082037794	0.5143267501693645	0.17445710089227195	KIAA1324	0.26961982	False
486	2.9481560082037794	0.5143267501693645	0.17445710089227195	SARS	0.26961982	False
487	2.9481560082037794	0.5143267501693645	0.17445710089227195	CELSR2	0.26961982	False
488	2.9481560082037794	0.5143267501693645	0.17445710089227195	PSRC1	0.26961982	False
489	2.9481560082037794	0.5143267501693645	0.17445710089227195	MYBPHL	0.26961982	False
490	2.9481560082037794	0.5143267501693645	0.17445710089227195	SORT1	0.26961982	False
491	2.9481560082037794	0.5143267501693645	0.17445710089227195	PSMA5	0.26961982	False
492	2.9481560082037794	0.5143267501693645	0.17445710089227195	SYPL2	0.26961982	False
493	2.9481560082037794	0.5143267501693645	0.17445710089227195	ATXN7L2	0.26961982	False
494	2.9481560082037794	0.5143267501693645	0.17445710089227195	CYB561D1	0.26961982	False
495	2.9481560082037794	0.5143267501693645	0.17445710089227195	AMIGO1	0.26961982	False
496	2.9481560082037794	0.5143267501693645	0.17445710089227195	GPR61	0.26961982	False
497	2.9481560082037794	0.5143267501693645	0.17445710089227195	GNAI3	0.26961982	False
498	2.9481560082037794	0.5143267501693645	0.17445710089227195	MIR197	0.26961982	False
499	2.9481560082037794	0.5143267501693645	0.17445710089227195	GNAT2	0.26961982	False
500	2.9481560082037794	0.5143267501693645	0.17445710089227195	AMPD2	0.26961982	False
501	2.9481560082037794	0.5143267501693645	0.17445710089227195	GSTM4	0.26961982	False
502	2.9481560082037794	0.5143267501693645	0.17445710089227195	GSTM2	0.26961982	False
503	2.9481560082037794	0.5143267501693645	0.17445710089227195	GSTM1	0.26961982	False
504	2.9481560082037794	0.5143267501693645	0.17445710089227195	GSTM5	0.26961982	False
505	2.9481560082037794	0.5143267501693645	0.17445710089227195	GSTM3	0.26961982	False
506	2.9481560082037794	0.5143267501693645	0.17445710089227195	EPS8L3	0.26961982	False
507	3.031773073431231	0.5980273752974435	0.19725334344388173	TRIM45	0.26962036	False
508	3.031773073431231	0.5980273752974435	0.19725334344388173	VTCN1	0.26962036	False
509	3.031773073431231	0.5980273752974435	0.19725334344388173	LINC01525	0.26962036	False
510	3.031773073431231	0.5980273752974435	0.19725334344388173	MAN1A2	0.26962036	False
511	3.031773073431231	0.5980273752974435	0.19725334344388173	LOC100996263	0.26962036	False
512	3.031773073431231	0.5980273752974435	0.19725334344388173	TENT5C	0.26962036	False
513	3.0561585372866507	0.5982345510744498	0.19574722442428671	TBX15	0.26962057	False
514	3.0561585372866507	0.5982345510744498	0.19574722442428671	LOC105378933	0.26962057	False
515	3.0561585372866507	0.5982345510744498	0.19574722442428671	WARS2	0.26962057	False
516	3.0561585372866507	0.5982345510744498	0.19574722442428671	WARS2-IT1	0.26962057	False
517	3.1598426397101287	0.7346758253144343	0.2325039279113692	WARS2-AS1	0.2696213	False
518	3.1598426397101287	0.7346758253144343	0.2325039279113692	HAO2	0.2696213	False
519	3.1598426397101287	0.7346758253144343	0.2325039279113692	HAO2-IT1	0.2696213	False
520	3.1598426397101287	0.7346758253144343	0.2325039279113692	HSD3B2	0.2696213	False
521	3.1598426397101287	0.7346758253144343	0.2325039279113692	HSD3B1	0.2696213	False
522	3.1598426397101287	0.7346758253144343	0.2325039279113692	LINC00622	0.2696213	False
523	3.1598426397101287	0.7346758253144343	0.2325039279113692	ZNF697	0.2696213	False
524	3.1598426397101287	0.7346758253144343	0.2325039279113692	PHGDH	0.2696213	False
525	3.1598426397101287	0.7346758253144343	0.2325039279113692	HMGCS2	0.2696213	False
526	3.1598426397101287	0.7346758253144343	0.2325039279113692	REG4	0.2696213	False
527	3.1598426397101287	0.7346758253144343	0.2325039279113692	ADAM30	0.2696213	False
528	3.1598426397101287	0.7346758253144343	0.2325039279113692	NOTCH2	0.2696213	False
529	2.9834643892456567	0.5969782033206704	0.20009563562165097	GPR89B	0.26962045	False
530	2.9834643892456567	0.5969782033206704	0.20009563562165097	PDZK1P1	0.26962045	False
531	2.9834643892456567	0.5969782033206704	0.20009563562165097	RNVU1-7	0.26962045	False
532	2.971349124496197	0.6043433066781811	0.203390204703949	NBPF11	0.26962048	False
533	2.971349124496197	0.6043433066781811	0.203390204703949	LOC101927468	0.26962048	False
534	2.971349124496197	0.6043433066781811	0.203390204703949	RNVU1-1	0.26962048	False
535	2.971349124496197	0.6043433066781811	0.203390204703949	LINC01138	0.26962048	False
536	2.971349124496197	0.6043433066781811	0.203390204703949	MIR6077	0.26962048	False
537	2.971349124496197	0.6043433066781811	0.203390204703949	LOC100132057	0.26962048	False
538	2.971349124496197	0.6043433066781811	0.203390204703949	RNVU1-3	0.26962048	False
539	2.971349124496197	0.6043433066781811	0.203390204703949	PPIAL4G	0.26962048	False
540	2.971349124496197	0.6043433066781811	0.203390204703949	NBPF14	0.26962048	False
541	3.3125090384754348	0.8632134220141802	0.2605920201236552	PDE4DIP	0.26962247	False
542	3.3125090384754348	0.8632134220141802	0.2605920201236552	NBPF9	0.26962247	False
543	3.623489107914958	1.171223789490465	0.32323093974040257	PPIAL4C	0.26962516	False
544	3.623489107914958	1.171223789490465	0.32323093974040257	LINC00869	0.26962516	False
545	3.623489107914958	1.171223789490465	0.32323093974040257	FCGR1A	0.26962516	False
546	3.623489107914958	1.171223789490465	0.32323093974040257	HIST2H2BF	0.26962516	False
547	3.623489107914958	1.171223789490465	0.32323093974040257	HIST2H3D	0.26962516	False
548	3.623489107914958	1.171223789490465	0.32323093974040257	HIST2H2BE	0.26962516	False
549	3.623489107914958	1.171223789490465	0.32323093974040257	HIST2H2AC	0.26962516	False
550	3.623489107914958	1.171223789490465	0.32323093974040257	HIST2H2AB	0.26962516	False
551	3.8322841730117907	1.3504625912174866	0.3523910363244693	BOLA1	0.26962706	False
552	3.8322841730117907	1.3504625912174866	0.3523910363244693	SV2A	0.26962706	False
553	3.8322841730117907	1.3504625912174866	0.3523910363244693	SF3B4	0.26962706	False
554	3.8322841730117907	1.3504625912174866	0.3523910363244693	MTMR11	0.26962706	False
555	3.8322841730117907	1.3504625912174866	0.3523910363244693	OTUD7B	0.26962706	False
556	3.8322841730117907	1.3504625912174866	0.3523910363244693	VPS45	0.26962706	False
557	4.355516877789686	1.9546419591149327	0.44877382270800975	PLEKHO1	0.26963472	False
558	4.355516877789686	1.9546419591149327	0.44877382270800975	LOC105371433	0.26963472	False
559	4.355516877789686	1.9546419591149327	0.44877382270800975	ANP32E	0.26963472	False
560	4.355516877789686	1.9546419591149327	0.44877382270800975	CA14	0.26963472	False
561	4.355516877789686	1.9546419591149327	0.44877382270800975	APH1A	0.26963472	False
562	4.355516877789686	1.9546419591149327	0.44877382270800975	C1orf54	0.26963472	False
563	4.355516877789686	1.9546419591149327	0.44877382270800975	CIART	0.26963472	False
564	4.355516877789686	1.9546419591149327	0.44877382270800975	MRPS21	0.26963472	False
565	4.355516877789686	1.9546419591149327	0.44877382270800975	PRPF3	0.26963472	False
566	4.355516877789686	1.9546419591149327	0.44877382270800975	RPRD2	0.26963472	False
567	4.355516877789686	1.9546419591149327	0.44877382270800975	TARS2	0.26963472	False
568	4.355516877789686	1.9546419591149327	0.44877382270800975	ECM1	0.26963472	False
569	4.355516877789686	1.9546419591149327	0.44877382270800975	FALEC	0.26963472	False
570	4.355516877789686	1.9546419591149327	0.44877382270800975	ADAMTSL4	0.26963472	False
571	4.355516877789686	1.9546419591149327	0.44877382270800975	MIR4257	0.26963472	False
572	4.355516877789686	1.9546419591149327	0.44877382270800975	ADAMTSL4-AS1	0.26963472	False
573	4.355516877789686	1.9546419591149327	0.44877382270800975	MCL1	0.26963472	False
574	4.355516877789686	1.9546419591149327	0.44877382270800975	ENSA	0.26963472	False
575	4.355516877789686	1.9546419591149327	0.44877382270800975	GOLPH3L	0.26963472	False
576	4.355516877789686	1.9546419591149327	0.44877382270800975	HORMAD1	0.26963472	False
577	4.355516877789686	1.9546419591149327	0.44877382270800975	CTSS	0.26963472	False
578	4.355516877789686	1.9546419591149327	0.44877382270800975	CTSK	0.26963472	False
579	4.355516877789686	1.9546419591149327	0.44877382270800975	ARNT	0.26963472	False
580	4.195102668737153	1.6764379278012282	0.3996178544793242	SETDB1	0.26963112	False
581	4.195102668737153	1.6764379278012282	0.3996178544793242	CERS2	0.26963112	False
582	4.195102668737153	1.6764379278012282	0.3996178544793242	ANXA9	0.26963112	False
583	4.195102668737153	1.6764379278012282	0.3996178544793242	MINDY1	0.26963112	False
584	4.195102668737153	1.6764379278012282	0.3996178544793242	PRUNE1	0.26963112	False
585	4.195102668737153	1.6764379278012282	0.3996178544793242	BNIPL	0.26963112	False
586	4.195102668737153	1.6764379278012282	0.3996178544793242	C1orf56	0.26963112	False
587	4.195102668737153	1.6764379278012282	0.3996178544793242	CDC42SE1	0.26963112	False
588	4.195102668737153	1.6764379278012282	0.3996178544793242	MLLT11	0.26963112	False
589	4.195102668737153	1.6764379278012282	0.3996178544793242	GABPB2	0.26963112	False
590	4.36943172632025	1.8657800969188327	0.427007495203527	SEMA6C	0.26963356	False
591	4.36943172632025	1.8657800969188327	0.427007495203527	TNFAIP8L2	0.26963356	False
592	4.36943172632025	1.8657800969188327	0.427007495203527	TNFAIP8L2-SCNM1	0.26963356	False
593	4.36943172632025	1.8657800969188327	0.427007495203527	LYSMD1	0.26963356	False
594	4.36943172632025	1.8657800969188327	0.427007495203527	SCNM1	0.26963356	False
595	4.36943172632025	1.8657800969188327	0.427007495203527	TMOD4	0.26963356	False
596	4.36943172632025	1.8657800969188327	0.427007495203527	VPS72	0.26963356	False
597	4.36943172632025	1.8657800969188327	0.427007495203527	PIP5K1A	0.26963356	False
598	4.36943172632025	1.8657800969188327	0.427007495203527	PSMD4	0.26963356	False
599	4.36943172632025	1.8657800969188327	0.427007495203527	ZNF687	0.26963356	False
600	4.36943172632025	1.8657800969188327	0.427007495203527	PI4KB	0.26963356	False
601	4.36943172632025	1.8657800969188327	0.427007495203527	RFX5	0.26963356	False
602	4.36943172632025	1.8657800969188327	0.427007495203527	GBAT2	0.26963356	False
603	4.36943172632025	1.8657800969188327	0.427007495203527	SELENBP1	0.26963356	False
604	4.36943172632025	1.8657800969188327	0.427007495203527	PSMB4	0.26963356	False
605	4.36943172632025	1.8657800969188327	0.427007495203527	POGZ	0.26963356	False
606	4.36943172632025	1.8657800969188327	0.427007495203527	CGN	0.26963356	False
607	4.36943172632025	1.8657800969188327	0.427007495203527	TUFT1	0.26963356	False
608	4.36943172632025	1.8657800969188327	0.427007495203527	MIR554	0.26963356	False
609	4.36943172632025	1.8657800969188327	0.427007495203527	SNX27	0.26963356	False
610	4.36943172632025	1.8657800969188327	0.427007495203527	CELF3	0.26963356	False
611	4.36943172632025	1.8657800969188327	0.427007495203527	RIIAD1	0.26963356	False
612	4.36943172632025	1.8657800969188327	0.427007495203527	MRPL9	0.26963356	False
613	4.36943172632025	1.8657800969188327	0.427007495203527	OAZ3	0.26963356	False
614	4.36943172632025	1.8657800969188327	0.427007495203527	TDRKH	0.26963356	False
615	4.36943172632025	1.8657800969188327	0.427007495203527	LINGO4	0.26963356	False
616	4.36943172632025	1.8657800969188327	0.427007495203527	RORC	0.26963356	False
617	4.36943172632025	1.8657800969188327	0.427007495203527	C2CD4D	0.26963356	False
618	4.36943172632025	1.8657800969188327	0.427007495203527	C2CD4D-AS1	0.26963356	False
619	4.36943172632025	1.8657800969188327	0.427007495203527	THEM5	0.26963356	False
620	4.091063202640238	1.487614980262265	0.36362551898543316	THEM4	0.2696289	False
621	4.091063202640238	1.487614980262265	0.36362551898543316	S100A10	0.2696289	False
622	4.091063202640238	1.487614980262265	0.36362551898543316	NBPF18P	0.2696289	False
623	4.091063202640238	1.487614980262265	0.36362551898543316	S100A11	0.2696289	False
624	4.091063202640238	1.487614980262265	0.36362551898543316	TCHHL1	0.2696289	False
625	3.885561425465292	1.310590213808629	0.3372975151593922	TCHH	0.2696268	False
626	3.885561425465292	1.310590213808629	0.3372975151593922	RPTN	0.2696268	False
627	3.885561425465292	1.310590213808629	0.3372975151593922	FLG-AS1	0.2696268	False
628	3.885561425465292	1.310590213808629	0.3372975151593922	HRNR	0.2696268	False
629	3.885561425465292	1.310590213808629	0.3372975151593922	FLG	0.2696268	False
630	3.885561425465292	1.310590213808629	0.3372975151593922	FLG2	0.2696268	False
631	3.885561425465292	1.310590213808629	0.3372975151593922	CRNN	0.2696268	False
632	3.885561425465292	1.310590213808629	0.3372975151593922	LCE5A	0.2696268	False
633	3.885561425465292	1.310590213808629	0.3372975151593922	CRCT1	0.2696268	False
634	3.885561425465292	1.310590213808629	0.3372975151593922	LCE3E	0.2696268	False
635	3.885561425465292	1.310590213808629	0.3372975151593922	LCE3D	0.2696268	False
636	3.885561425465292	1.310590213808629	0.3372975151593922	LCE3C	0.2696268	False
637	3.885561425465292	1.310590213808629	0.3372975151593922	LCE3B	0.2696268	False
638	3.885561425465292	1.310590213808629	0.3372975151593922	LCE3A	0.2696268	False
639	3.885561425465292	1.310590213808629	0.3372975151593922	LCE2D	0.2696268	False
640	3.885561425465292	1.310590213808629	0.3372975151593922	LCE2C	0.2696268	False
641	3.885561425465292	1.310590213808629	0.3372975151593922	LCE2B	0.2696268	False
642	3.885561425465292	1.310590213808629	0.3372975151593922	LCE2A	0.2696268	False
643	3.885561425465292	1.310590213808629	0.3372975151593922	LCE4A	0.2696268	False
644	3.885561425465292	1.310590213808629	0.3372975151593922	C1orf68	0.2696268	False
645	3.885561425465292	1.310590213808629	0.3372975151593922	LCE1F	0.2696268	False
646	3.885561425465292	1.310590213808629	0.3372975151593922	LCE1E	0.2696268	False
647	3.885561425465292	1.310590213808629	0.3372975151593922	LCE1D	0.2696268	False
648	3.885561425465292	1.310590213808629	0.3372975151593922	LCE1C	0.2696268	False
649	3.885561425465292	1.310590213808629	0.3372975151593922	LCE1B	0.2696268	False
650	3.885561425465292	1.310590213808629	0.3372975151593922	LCE1A	0.2696268	False
651	3.885561425465292	1.310590213808629	0.3372975151593922	LCE6A	0.2696268	False
652	3.885561425465292	1.310590213808629	0.3372975151593922	SMCP	0.2696268	False
653	4.025774803849058	1.3908146125311498	0.3454774994372231	IVL	0.26962787	False
654	4.025774803849058	1.3908146125311498	0.3454774994372231	SPRR4	0.26962787	False
655	4.025774803849058	1.3908146125311498	0.3454774994372231	SPRR3	0.26962787	False
656	4.025774803849058	1.3908146125311498	0.3454774994372231	SPRR1B	0.26962787	False
657	4.025774803849058	1.3908146125311498	0.3454774994372231	SPRR2D	0.26962787	False
658	4.025774803849058	1.3908146125311498	0.3454774994372231	SPRR2A	0.26962787	False
659	4.025774803849058	1.3908146125311498	0.3454774994372231	SPRR2E	0.26962787	False
660	3.8842670345539196	1.3728664353780506	0.3534428563137433	SPRR2F	0.26962736	False
661	3.8842670345539196	1.3728664353780506	0.3534428563137433	SPRR2G	0.26962736	False
662	3.8842670345539196	1.3728664353780506	0.3534428563137433	LOC101928009	0.26962736	False
663	3.8842670345539196	1.3728664353780506	0.3534428563137433	LELP1	0.26962736	False
664	3.8842670345539196	1.3728664353780506	0.3534428563137433	PRR9	0.26962736	False
665	3.8842670345539196	1.3728664353780506	0.3534428563137433	LOR	0.26962736	False
666	3.8842670345539196	1.3728664353780506	0.3534428563137433	PGLYRP3	0.26962736	False
667	3.8842670345539196	1.3728664353780506	0.3534428563137433	PGLYRP4	0.26962736	False
668	3.8842670345539196	1.3728664353780506	0.3534428563137433	S100A9	0.26962736	False
669	3.8842670345539196	1.3728664353780506	0.3534428563137433	S100A12	0.26962736	False
670	3.8842670345539196	1.3728664353780506	0.3534428563137433	S100A8	0.26962736	False
671	3.8842670345539196	1.3728664353780506	0.3534428563137433	S100A7A	0.26962736	False
672	3.8842670345539196	1.3728664353780506	0.3534428563137433	S100A7L2	0.26962736	False
673	3.8842670345539196	1.3728664353780506	0.3534428563137433	S100A7	0.26962736	False
674	3.8842670345539196	1.3728664353780506	0.3534428563137433	S100A6	0.26962736	False
675	3.8842670345539196	1.3728664353780506	0.3534428563137433	S100A5	0.26962736	False
676	3.8842670345539196	1.3728664353780506	0.3534428563137433	S100A4	0.26962736	False
677	3.8842670345539196	1.3728664353780506	0.3534428563137433	S100A3	0.26962736	False
678	3.8842670345539196	1.3728664353780506	0.3534428563137433	S100A2	0.26962736	False
679	3.8842670345539196	1.3728664353780506	0.3534428563137433	S100A16	0.26962736	False
680	3.8842670345539196	1.3728664353780506	0.3534428563137433	S100A14	0.26962736	False
681	3.8842670345539196	1.3728664353780506	0.3534428563137433	S100A13	0.26962736	False
682	3.8842670345539196	1.3728664353780506	0.3534428563137433	S100A1	0.26962736	False
683	3.8842670345539196	1.3728664353780506	0.3534428563137433	CHTOP	0.26962736	False
684	3.8842670345539196	1.3728664353780506	0.3534428563137433	SNAPIN	0.26962736	False
685	3.8842670345539196	1.3728664353780506	0.3534428563137433	ILF2	0.26962736	False
686	3.8842670345539196	1.3728664353780506	0.3534428563137433	NPR1	0.26962736	False
687	3.8842670345539196	1.3728664353780506	0.3534428563137433	MIR8083	0.26962736	False
688	3.8842670345539196	1.3728664353780506	0.3534428563137433	INTS3	0.26962736	False
689	3.8842670345539196	1.3728664353780506	0.3534428563137433	SLC27A3	0.26962736	False
690	3.944858898228575	1.3429608492344007	0.34043317742935053	GATAD2B	0.26962712	False
691	3.944858898228575	1.3429608492344007	0.34043317742935053	DENND4B	0.26962712	False
692	3.944858898228575	1.3429608492344007	0.34043317742935053	CRTC2	0.26962712	False
693	3.944858898228575	1.3429608492344007	0.34043317742935053	SLC39A1	0.26962712	False
694	3.944858898228575	1.3429608492344007	0.34043317742935053	MIR6737	0.26962712	False
695	3.944858898228575	1.3429608492344007	0.34043317742935053	CREB3L4	0.26962712	False
696	3.944858898228575	1.3429608492344007	0.34043317742935053	JTB	0.26962712	False
697	3.944858898228575	1.3429608492344007	0.34043317742935053	RAB13	0.26962712	False
698	3.944858898228575	1.3429608492344007	0.34043317742935053	RPS27	0.26962712	False
699	3.944858898228575	1.3429608492344007	0.34043317742935053	NUP210L	0.26962712	False
700	4.030735777626314	1.4803626982023887	0.36726860302268904	MIR5698	0.26962858	False
701	4.030735777626314	1.4803626982023887	0.36726860302268904	TPM3	0.26962858	False
702	4.030735777626314	1.4803626982023887	0.36726860302268904	MIR190B	0.26962858	False
703	4.030735777626314	1.4803626982023887	0.36726860302268904	C1orf189	0.26962858	False
704	4.030735777626314	1.4803626982023887	0.36726860302268904	C1orf43	0.26962858	False
705	4.030735777626314	1.4803626982023887	0.36726860302268904	UBAP2L	0.26962858	False
706	4.030735777626314	1.4803626982023887	0.36726860302268904	HAX1	0.26962858	False
707	4.030735777626314	1.4803626982023887	0.36726860302268904	AQP10	0.26962858	False
708	4.030735777626314	1.4803626982023887	0.36726860302268904	ATP8B2	0.26962858	False
709	4.030735777626314	1.4803626982023887	0.36726860302268904	IL6R	0.26962858	False
710	4.030735777626314	1.4803626982023887	0.36726860302268904	SHE	0.26962858	False
711	4.030735777626314	1.4803626982023887	0.36726860302268904	TDRD10	0.26962858	False
712	4.030735777626314	1.4803626982023887	0.36726860302268904	UBE2Q1	0.26962858	False
713	4.030735777626314	1.4803626982023887	0.36726860302268904	UBE2Q1-AS1	0.26962858	False
714	4.030735777626314	1.4803626982023887	0.36726860302268904	CHRNB2	0.26962858	False
715	4.030735777626314	1.4803626982023887	0.36726860302268904	ADAR	0.26962858	False
716	4.030735777626314	1.4803626982023887	0.36726860302268904	KCNN3	0.26962858	False
717	3.990308177997995	1.3731487980524215	0.3441209893571061	PMVK	0.26962745	False
718	3.990308177997995	1.3731487980524215	0.3441209893571061	PBXIP1	0.26962745	False
719	3.990308177997995	1.3731487980524215	0.3441209893571061	PYGO2	0.26962745	False
720	3.990308177997995	1.3731487980524215	0.3441209893571061	SHC1	0.26962745	False
721	3.990308177997995	1.3731487980524215	0.3441209893571061	CKS1B	0.26962745	False
722	3.990308177997995	1.3731487980524215	0.3441209893571061	MIR4258	0.26962745	False
723	3.990308177997995	1.3731487980524215	0.3441209893571061	FLAD1	0.26962745	False
724	3.990308177997995	1.3731487980524215	0.3441209893571061	LENEP	0.26962745	False
725	3.990308177997995	1.3731487980524215	0.3441209893571061	ZBTB7B	0.26962745	False
726	3.990308177997995	1.3731487980524215	0.3441209893571061	DCST2	0.26962745	False
727	3.990308177997995	1.3731487980524215	0.3441209893571061	DCST1	0.26962745	False
728	3.990308177997995	1.3731487980524215	0.3441209893571061	DCST1-AS1	0.26962745	False
729	3.990308177997995	1.3731487980524215	0.3441209893571061	ADAM15	0.26962745	False
730	3.990308177997995	1.3731487980524215	0.3441209893571061	EFNA4	0.26962745	False
731	3.990308177997995	1.3731487980524215	0.3441209893571061	EFNA3	0.26962745	False
732	4.220947255404552	1.6052827341661127	0.38031338394733294	EFNA1	0.26963028	False
733	4.220947255404552	1.6052827341661127	0.38031338394733294	SLC50A1	0.26963028	False
734	4.220947255404552	1.6052827341661127	0.38031338394733294	DPM3	0.26963028	False
735	4.220947255404552	1.6052827341661127	0.38031338394733294	KRTCAP2	0.26963028	False
736	4.220947255404552	1.6052827341661127	0.38031338394733294	TRIM46	0.26963028	False
737	4.220947255404552	1.6052827341661127	0.38031338394733294	MUC1	0.26963028	False
738	4.220947255404552	1.6052827341661127	0.38031338394733294	MIR92B	0.26963028	False
739	4.220947255404552	1.6052827341661127	0.38031338394733294	THBS3	0.26963028	False
740	4.220947255404552	1.6052827341661127	0.38031338394733294	MTX1	0.26963028	False
741	4.220947255404552	1.6052827341661127	0.38031338394733294	GBA	0.26963028	False
742	4.220947255404552	1.6052827341661127	0.38031338394733294	FAM189B	0.26963028	False
743	4.220947255404552	1.6052827341661127	0.38031338394733294	SCAMP3	0.26963028	False
744	4.220947255404552	1.6052827341661127	0.38031338394733294	CLK2	0.26963028	False
745	4.220947255404552	1.6052827341661127	0.38031338394733294	HCN3	0.26963028	False
746	4.220947255404552	1.6052827341661127	0.38031338394733294	PKLR	0.26963028	False
747	4.220947255404552	1.6052827341661127	0.38031338394733294	FDPS	0.26963028	False
748	4.220947255404552	1.6052827341661127	0.38031338394733294	RUSC1-AS1	0.26963028	False
749	4.220947255404552	1.6052827341661127	0.38031338394733294	RUSC1	0.26963028	False
750	4.220947255404552	1.6052827341661127	0.38031338394733294	ASH1L	0.26963028	False
751	4.220947255404552	1.6052827341661127	0.38031338394733294	MIR555	0.26963028	False
752	4.220947255404552	1.6052827341661127	0.38031338394733294	MSTO2P	0.26963028	False
753	4.220947255404552	1.6052827341661127	0.38031338394733294	MSTO1	0.26963028	False
754	4.220947255404552	1.6052827341661127	0.38031338394733294	YY1AP1	0.26963028	False
755	4.220947255404552	1.6052827341661127	0.38031338394733294	DAP3	0.26963028	False
756	4.220947255404552	1.6052827341661127	0.38031338394733294	GON4L	0.26963028	False
757	4.220947255404552	1.6052827341661127	0.38031338394733294	SYT11	0.26963028	False
758	3.9078118071324273	1.242370118804198	0.3179196389490045	RIT1	0.26962635	False
759	3.9078118071324273	1.242370118804198	0.3179196389490045	KHDC4	0.26962635	False
760	3.9078118071324273	1.242370118804198	0.3179196389490045	SNORA80E	0.26962635	False
761	3.9078118071324273	1.242370118804198	0.3179196389490045	SCARNA4	0.26962635	False
762	3.9078118071324273	1.242370118804198	0.3179196389490045	RXFP4	0.26962635	False
763	3.9078118071324273	1.242370118804198	0.3179196389490045	ARHGEF2	0.26962635	False
764	3.9078118071324273	1.242370118804198	0.3179196389490045	MIR6738	0.26962635	False
765	3.9078118071324273	1.242370118804198	0.3179196389490045	SSR2	0.26962635	False
766	3.9078118071324273	1.242370118804198	0.3179196389490045	UBQLN4	0.26962635	False
767	3.9078118071324273	1.242370118804198	0.3179196389490045	LAMTOR2	0.26962635	False
768	3.9078118071324273	1.242370118804198	0.3179196389490045	RAB25	0.26962635	False
769	3.9078118071324273	1.242370118804198	0.3179196389490045	MEX3A	0.26962635	False
770	3.9078118071324273	1.242370118804198	0.3179196389490045	LMNA	0.26962635	False
771	3.728607671860064	1.1346980997467577	0.30432220271131366	SEMA4A	0.2696251	False
772	3.728607671860064	1.1346980997467577	0.30432220271131366	SLC25A44	0.2696251	False
773	3.728607671860064	1.1346980997467577	0.30432220271131366	PMF1-BGLAP	0.2696251	False
774	3.728607671860064	1.1346980997467577	0.30432220271131366	PMF1	0.2696251	False
775	3.728607671860064	1.1346980997467577	0.30432220271131366	BGLAP	0.2696251	False
776	3.728607671860064	1.1346980997467577	0.30432220271131366	PAQR6	0.2696251	False
777	3.728607671860064	1.1346980997467577	0.30432220271131366	SMG5	0.2696251	False
778	3.728607671860064	1.1346980997467577	0.30432220271131366	TMEM79	0.2696251	False
779	3.728607671860064	1.1346980997467577	0.30432220271131366	GLMP	0.2696251	False
780	3.728607671860064	1.1346980997467577	0.30432220271131366	VHLL	0.2696251	False
781	3.728607671860064	1.1346980997467577	0.30432220271131366	CCT3	0.2696251	False
782	3.728607671860064	1.1346980997467577	0.30432220271131366	TSACC	0.2696251	False
783	3.728607671860064	1.1346980997467577	0.30432220271131366	RHBG	0.2696251	False
784	3.728607671860064	1.1346980997467577	0.30432220271131366	C1orf61	0.2696251	False
785	3.728607671860064	1.1346980997467577	0.30432220271131366	MEF2D	0.2696251	False
786	3.728607671860064	1.1346980997467577	0.30432220271131366	IQGAP3	0.2696251	False
787	3.728607671860064	1.1346980997467577	0.30432220271131366	TTC24	0.2696251	False
788	3.728607671860064	1.1346980997467577	0.30432220271131366	NAXE	0.2696251	False
789	3.728607671860064	1.1346980997467577	0.30432220271131366	GPATCH4	0.2696251	False
790	3.728607671860064	1.1346980997467577	0.30432220271131366	HAPLN2	0.2696251	False
791	3.728607671860064	1.1346980997467577	0.30432220271131366	BCAN	0.2696251	False
792	3.728607671860064	1.1346980997467577	0.30432220271131366	NES	0.2696251	False
793	3.728607671860064	1.1346980997467577	0.30432220271131366	CRABP2	0.2696251	False
794	3.728607671860064	1.1346980997467577	0.30432220271131366	ISG20L2	0.2696251	False
795	3.728607671860064	1.1346980997467577	0.30432220271131366	RRNAD1	0.2696251	False
796	3.728607671860064	1.1346980997467577	0.30432220271131366	MRPL24	0.2696251	False
797	3.728607671860064	1.1346980997467577	0.30432220271131366	HDGF	0.2696251	False
798	3.728607671860064	1.1346980997467577	0.30432220271131366	PRCC	0.2696251	False
799	3.728607671860064	1.1346980997467577	0.30432220271131366	SH2D2A	0.2696251	False
800	3.728607671860064	1.1346980997467577	0.30432220271131366	NTRK1	0.2696251	False
801	3.728607671860064	1.1346980997467577	0.30432220271131366	INSRR	0.2696251	False
802	3.3992211504378638	0.8349305812292012	0.24562408395277585	PEAR1	0.2696222	False
803	3.3992211504378638	0.8349305812292012	0.24562408395277585	LRRC71	0.2696222	False
804	3.3992211504378638	0.8349305812292012	0.24562408395277585	ARHGEF11	0.2696222	False
805	3.3992211504378638	0.8349305812292012	0.24562408395277585	MIR765	0.2696222	False
806	3.3992211504378638	0.8349305812292012	0.24562408395277585	ETV3L	0.2696222	False
807	3.1818441008086844	0.7045400392109733	0.2214250657447077	ETV3	0.26962125	False
808	3.1818441008086844	0.7045400392109733	0.2214250657447077	FCRL5	0.26962125	False
809	3.1818441008086844	0.7045400392109733	0.2214250657447077	FCRL4	0.26962125	False
810	3.1818441008086844	0.7045400392109733	0.2214250657447077	FCRL3	0.26962125	False
811	3.1818441008086844	0.7045400392109733	0.2214250657447077	FCRL2	0.26962125	False
812	3.1818441008086844	0.7045400392109733	0.2214250657447077	FCRL1	0.26962125	False
813	3.1818441008086844	0.7045400392109733	0.2214250657447077	CD5L	0.26962125	False
814	3.074306919839795	0.6003876956324393	0.1952920483501127	KIRREL1	0.2696205	False
815	2.90351525124261	0.5318919853858116	0.18318897590022273	LINC01704	0.2696199	False
816	2.90351525124261	0.5318919853858116	0.18318897590022273	CD1D	0.2696199	False
817	2.90351525124261	0.5318919853858116	0.18318897590022273	CD1A	0.2696199	False
818	2.90351525124261	0.5318919853858116	0.18318897590022273	CD1C	0.2696199	False
819	2.90351525124261	0.5318919853858116	0.18318897590022273	CD1B	0.2696199	False
820	2.90351525124261	0.5318919853858116	0.18318897590022273	CD1E	0.2696199	False
821	2.90351525124261	0.5318919853858116	0.18318897590022273	OR10T2	0.2696199	False
822	2.90351525124261	0.5318919853858116	0.18318897590022273	OR10K2	0.2696199	False
823	2.90351525124261	0.5318919853858116	0.18318897590022273	OR10K1	0.2696199	False
824	2.90351525124261	0.5318919853858116	0.18318897590022273	OR10R2	0.2696199	False
825	2.90351525124261	0.5318919853858116	0.18318897590022273	OR6Y1	0.2696199	False
826	2.90351525124261	0.5318919853858116	0.18318897590022273	OR6P1	0.2696199	False
827	2.90351525124261	0.5318919853858116	0.18318897590022273	OR10X1	0.2696199	False
828	2.90351525124261	0.5318919853858116	0.18318897590022273	OR10Z1	0.2696199	False
829	2.90351525124261	0.5318919853858116	0.18318897590022273	SPTA1	0.2696199	False
830	2.90351525124261	0.5318919853858116	0.18318897590022273	OR6K2	0.2696199	False
831	2.90351525124261	0.5318919853858116	0.18318897590022273	OR6K3	0.2696199	False
832	2.90351525124261	0.5318919853858116	0.18318897590022273	OR6K6	0.2696199	False
833	2.90351525124261	0.5318919853858116	0.18318897590022273	OR6N1	0.2696199	False
834	2.90351525124261	0.5318919853858116	0.18318897590022273	OR6N2	0.2696199	False
835	2.90351525124261	0.5318919853858116	0.18318897590022273	MNDA	0.2696199	False
836	3.103942448344198	0.6581544846331421	0.21203823704406483	PYHIN1	0.26962087	False
837	3.103942448344198	0.6581544846331421	0.21203823704406483	IFI16	0.26962087	False
838	3.103942448344198	0.6581544846331421	0.21203823704406483	AIM2	0.26962087	False
839	3.1769495312303926	0.8016861303483597	0.25234462255932555	CADM3	0.26962164	False
840	3.1769495312303926	0.8016861303483597	0.25234462255932555	CADM3-AS1	0.26962164	False
841	3.1769495312303926	0.8016861303483597	0.25234462255932555	ACKR1	0.26962164	False
842	3.1769495312303926	0.8016861303483597	0.25234462255932555	FCER1A	0.26962164	False
843	3.1769495312303926	0.8016861303483597	0.25234462255932555	OR10J3	0.26962164	False
844	3.1769495312303926	0.8016861303483597	0.25234462255932555	OR10J1	0.26962164	False
845	3.1769495312303926	0.8016861303483597	0.25234462255932555	OR10J5	0.26962164	False
846	3.1769495312303926	0.8016861303483597	0.25234462255932555	APCS	0.26962164	False
847	3.1769495312303926	0.8016861303483597	0.25234462255932555	CRP	0.26962164	False
848	3.1769495312303926	0.8016861303483597	0.25234462255932555	DUSP23	0.26962164	False
849	3.1769495312303926	0.8016861303483597	0.25234462255932555	FCRL6	0.26962164	False
850	3.1769495312303926	0.8016861303483597	0.25234462255932555	SLAMF8	0.26962164	False
851	3.1769495312303926	0.8016861303483597	0.25234462255932555	SNHG28	0.26962164	False
852	3.1769495312303926	0.8016861303483597	0.25234462255932555	VSIG8	0.26962164	False
853	3.3069003059527176	0.8560564519666708	0.25886974893851267	CFAP45	0.26962227	False
854	3.3069003059527176	0.8560564519666708	0.25886974893851267	MIR4259	0.26962227	False
855	3.3069003059527176	0.8560564519666708	0.25886974893851267	TAGLN2	0.26962227	False
856	3.3069003059527176	0.8560564519666708	0.25886974893851267	IGSF9	0.26962227	False
857	3.3069003059527176	0.8560564519666708	0.25886974893851267	SLAMF9	0.26962227	False
858	3.3069003059527176	0.8560564519666708	0.25886974893851267	LINC01133	0.26962227	False
859	3.3069003059527176	0.8560564519666708	0.25886974893851267	PIGM	0.26962227	False
860	3.3069003059527176	0.8560564519666708	0.25886974893851267	KCNJ10	0.26962227	False
861	3.3069003059527176	0.8560564519666708	0.25886974893851267	KCNJ9	0.26962227	False
862	3.3069003059527176	0.8560564519666708	0.25886974893851267	IGSF8	0.26962227	False
863	3.5618898921682836	1.1263319719082459	0.31621751542201565	ATP1A2	0.2696246	False
864	3.5618898921682836	1.1263319719082459	0.31621751542201565	ATP1A4	0.2696246	False
865	3.5618898921682836	1.1263319719082459	0.31621751542201565	CASQ1	0.2696246	False
866	3.5618898921682836	1.1263319719082459	0.31621751542201565	LOC729867	0.2696246	False
867	3.5618898921682836	1.1263319719082459	0.31621751542201565	PEA15	0.2696246	False
868	3.5618898921682836	1.1263319719082459	0.31621751542201565	DCAF8	0.2696246	False
869	3.5618898921682836	1.1263319719082459	0.31621751542201565	PEX19	0.2696246	False
870	3.5618898921682836	1.1263319719082459	0.31621751542201565	COPA	0.2696246	False
871	3.5618898921682836	1.1263319719082459	0.31621751542201565	NCSTN	0.2696246	False
872	3.5618898921682836	1.1263319719082459	0.31621751542201565	NHLH1	0.2696246	False
873	3.5618898921682836	1.1263319719082459	0.31621751542201565	VANGL2	0.2696246	False
874	3.5618898921682836	1.1263319719082459	0.31621751542201565	SLAMF6	0.2696246	False
875	3.5618898921682836	1.1263319719082459	0.31621751542201565	CD84	0.2696246	False
876	3.5618898921682836	1.1263319719082459	0.31621751542201565	SLAMF1	0.2696246	False
877	3.5618898921682836	1.1263319719082459	0.31621751542201565	CD48	0.2696246	False
878	3.5618898921682836	1.1263319719082459	0.31621751542201565	SLAMF7	0.2696246	False
879	3.5618898921682836	1.1263319719082459	0.31621751542201565	LY9	0.2696246	False
880	3.5618898921682836	1.1263319719082459	0.31621751542201565	CD244	0.2696246	False
881	3.5618898921682836	1.1263319719082459	0.31621751542201565	ITLN1	0.2696246	False
882	3.6302072704198567	1.1507371315435333	0.31698937438645014	LOC101928372	0.269625	False
883	3.6302072704198567	1.1507371315435333	0.31698937438645014	ITLN2	0.269625	False
884	3.6302072704198567	1.1507371315435333	0.31698937438645014	F11R	0.269625	False
885	3.6302072704198567	1.1507371315435333	0.31698937438645014	TSTD1	0.269625	False
886	3.6302072704198567	1.1507371315435333	0.31698937438645014	USF1	0.269625	False
887	3.6302072704198567	1.1507371315435333	0.31698937438645014	ARHGAP30	0.269625	False
888	3.6302072704198567	1.1507371315435333	0.31698937438645014	NECTIN4	0.269625	False
889	3.6302072704198567	1.1507371315435333	0.31698937438645014	KLHDC9	0.269625	False
890	3.945196695915551	1.5260194837198229	0.38680441086744943	PFDN2	0.26962873	False
891	3.945196695915551	1.5260194837198229	0.38680441086744943	NIT1	0.26962873	False
892	3.945196695915551	1.5260194837198229	0.38680441086744943	DEDD	0.26962873	False
893	3.945196695915551	1.5260194837198229	0.38680441086744943	UFC1	0.26962873	False
894	3.945196695915551	1.5260194837198229	0.38680441086744943	USP21	0.26962873	False
895	3.945196695915551	1.5260194837198229	0.38680441086744943	PPOX	0.26962873	False
896	3.945196695915551	1.5260194837198229	0.38680441086744943	B4GALT3	0.26962873	False
897	3.945196695915551	1.5260194837198229	0.38680441086744943	ADAMTS4	0.26962873	False
898	3.945196695915551	1.5260194837198229	0.38680441086744943	NDUFS2	0.26962873	False
899	3.945196695915551	1.5260194837198229	0.38680441086744943	FCER1G	0.26962873	False
900	3.945196695915551	1.5260194837198229	0.38680441086744943	APOA2	0.26962873	False
901	3.945196695915551	1.5260194837198229	0.38680441086744943	TOMM40L	0.26962873	False
902	3.945196695915551	1.5260194837198229	0.38680441086744943	MIR5187	0.26962873	False
903	3.945196695915551	1.5260194837198229	0.38680441086744943	NR1I3	0.26962873	False
904	3.945196695915551	1.5260194837198229	0.38680441086744943	PCP4L1	0.26962873	False
905	3.945196695915551	1.5260194837198229	0.38680441086744943	MPZ	0.26962873	False
906	3.945196695915551	1.5260194837198229	0.38680441086744943	SDHC	0.26962873	False
907	3.945196695915551	1.5260194837198229	0.38680441086744943	CFAP126	0.26962873	False
908	3.945196695915551	1.5260194837198229	0.38680441086744943	FCGR2A	0.26962873	False
909	3.945196695915551	1.5260194837198229	0.38680441086744943	HSPA6	0.26962873	False
910	3.945196695915551	1.5260194837198229	0.38680441086744943	FCGR3A	0.26962873	False
911	3.945196695915551	1.5260194837198229	0.38680441086744943	FCGR2C	0.26962873	False
912	3.945196695915551	1.5260194837198229	0.38680441086744943	FCGR3B	0.26962873	False
913	3.945196695915551	1.5260194837198229	0.38680441086744943	FCGR2B	0.26962873	False
914	3.945196695915551	1.5260194837198229	0.38680441086744943	FCRLA	0.26962873	False
915	3.945196695915551	1.5260194837198229	0.38680441086744943	FCRLB	0.26962873	False
916	3.945196695915551	1.5260194837198229	0.38680441086744943	DUSP12	0.26962873	False
917	3.5244171565349105	1.1299627894403974	0.32060983114477265	ATF6	0.26962435	False
918	3.5244171565349105	1.1299627894403974	0.32060983114477265	OLFML2B	0.26962435	False
919	3.5244171565349105	1.1299627894403974	0.32060983114477265	NOS1AP	0.26962435	False
920	3.4214588921327334	1.1442875160343957	0.3344443268529569	MIR4654	0.26962435	False
921	3.4214588921327334	1.1442875160343957	0.3344443268529569	MIR556	0.26962435	False
922	3.4214588921327334	1.1442875160343957	0.3344443268529569	C1orf226	0.26962435	False
923	3.4214588921327334	1.1442875160343957	0.3344443268529569	SPATA46	0.26962435	False
924	3.4214588921327334	1.1442875160343957	0.3344443268529569	SH2D1B	0.26962435	False
925	3.4214588921327334	1.1442875160343957	0.3344443268529569	UHMK1	0.26962435	False
926	3.4214588921327334	1.1442875160343957	0.3344443268529569	UAP1	0.26962435	False
927	3.4214588921327334	1.1442875160343957	0.3344443268529569	DDR2	0.26962435	False
928	3.4214588921327334	1.1442875160343957	0.3344443268529569	HSD17B7	0.26962435	False
929	3.4214588921327334	1.1442875160343957	0.3344443268529569	CCDC190	0.26962435	False
930	3.1495497472804774	0.8008027833738375	0.2542594490102281	RGS4	0.26962164	False
931	2.9829262131356886	0.6871784576895581	0.23037058532104543	RGS5	0.26962084	False
932	2.9829262131356886	0.6871784576895581	0.23037058532104543	LOC101928404	0.26962084	False
933	2.9829262131356886	0.6871784576895581	0.23037058532104543	NUF2	0.26962084	False
934	3.1408404284078943	0.7735374196507182	0.24628357832327943	LMX1A	0.26962143	False
935	3.1408404284078943	0.7735374196507182	0.24628357832327943	RXRG	0.26962143	False
936	3.1408404284078943	0.7735374196507182	0.24628357832327943	LRRC52-AS1	0.26962143	False
937	3.1408404284078943	0.7735374196507182	0.24628357832327943	LRRC52	0.26962143	False
938	3.1408404284078943	0.7735374196507182	0.24628357832327943	MGST3	0.26962143	False
939	3.1408404284078943	0.7735374196507182	0.24628357832327943	ALDH9A1	0.26962143	False
940	3.1408404284078943	0.7735374196507182	0.24628357832327943	TMCO1	0.26962143	False
941	3.1408404284078943	0.7735374196507182	0.24628357832327943	TMCO1-AS1	0.26962143	False
942	3.3264025833685738	0.8145365328228051	0.2448700998776709	UCK2	0.2696222	False
943	3.3264025833685738	0.8145365328228051	0.2448700998776709	FAM78B	0.2696222	False
944	3.626306191841832	1.055879624313751	0.2911722200097672	MIR921	0.26962468	False
945	3.626306191841832	1.055879624313751	0.2911722200097672	POGK	0.26962468	False
946	3.626306191841832	1.055879624313751	0.2911722200097672	TADA1	0.26962468	False
947	3.9282112604353903	1.2185632645912168	0.31020817970369424	ILDR2	0.2696269	False
948	3.9282112604353903	1.2185632645912168	0.31020817970369424	MAEL	0.2696269	False
949	3.9282112604353903	1.2185632645912168	0.31020817970369424	GPA33	0.2696269	False
950	3.9282112604353903	1.2185632645912168	0.31020817970369424	DUSP27	0.2696269	False
951	4.3820178678384964	1.671618363346419	0.3814722837200508	LINC01363	0.2696328	False
952	4.3820178678384964	1.671618363346419	0.3814722837200508	POU2F1	0.2696328	False
953	4.3820178678384964	1.671618363346419	0.3814722837200508	CD247	0.2696328	False
954	4.3820178678384964	1.671618363346419	0.3814722837200508	CREG1	0.2696328	False
955	4.3820178678384964	1.671618363346419	0.3814722837200508	RCSD1	0.2696328	False
956	4.3820178678384964	1.671618363346419	0.3814722837200508	MPZL1	0.2696328	False
957	4.319958860148044	1.515213618923758	0.35074723347523545	ADCY10	0.26963124	False
958	4.319958860148044	1.515213618923758	0.35074723347523545	MPC2	0.26963124	False
959	4.319958860148044	1.515213618923758	0.35074723347523545	DCAF6	0.26963124	False
960	4.319958860148044	1.515213618923758	0.35074723347523545	MIR1255B2	0.26963124	False
961	4.319958860148044	1.515213618923758	0.35074723347523545	GPR161	0.26963124	False
962	4.462094316904303	1.7448284587966345	0.39103352257402657	TIPRL	0.2696341	False
963	4.462094316904303	1.7448284587966345	0.39103352257402657	SFT2D2	0.2696341	False
964	4.462094316904303	1.7448284587966345	0.39103352257402657	TBX19	0.2696341	False
965	4.462094316904303	1.7448284587966345	0.39103352257402657	MIR557	0.2696341	False
966	4.462094316904303	1.7448284587966345	0.39103352257402657	LOC100505918	0.2696341	False
967	4.462094316904303	1.7448284587966345	0.39103352257402657	LOC101928565	0.2696341	False
968	4.462094316904303	1.7448284587966345	0.39103352257402657	XCL2	0.2696341	False
969	4.462094316904303	1.7448284587966345	0.39103352257402657	XCL1	0.2696341	False
970	4.462094316904303	1.7448284587966345	0.39103352257402657	DPT	0.2696341	False
971	4.462094316904303	1.7448284587966345	0.39103352257402657	LINC00626	0.2696341	False
972	4.599314724076484	1.8202741975864463	0.39577074124927314	LINC00970	0.2696355	False
973	4.787490358885022	2.1921845483969715	0.45789847792142985	ATP1B1	0.26964056	False
974	4.787490358885022	2.1921845483969715	0.45789847792142985	NME7	0.26964056	False
975	4.787490358885022	2.1921845483969715	0.45789847792142985	BLZF1	0.26964056	False
976	4.787490358885022	2.1921845483969715	0.45789847792142985	CCDC181	0.26964056	False
977	4.787490358885022	2.1921845483969715	0.45789847792142985	SLC19A2	0.26964056	False
978	4.787490358885022	2.1921845483969715	0.45789847792142985	F5	0.26964056	False
979	4.787490358885022	2.1921845483969715	0.45789847792142985	SELP	0.26964056	False
980	4.787490358885022	2.1921845483969715	0.45789847792142985	C1orf112	0.26964056	False
981	4.787490358885022	2.1921845483969715	0.45789847792142985	SELL	0.26964056	False
982	4.787490358885022	2.1921845483969715	0.45789847792142985	SELE	0.26964056	False
983	4.787490358885022	2.1921845483969715	0.45789847792142985	METTL18	0.26964056	False
984	4.787490358885022	2.1921845483969715	0.45789847792142985	SCYL3	0.26964056	False
985	4.634745267548633	1.915266535649072	0.4132409496287327	KIFAP3	0.26963642	False
986	4.553637449495898	2.038539215369027	0.4476727095598486	METTL11B	0.26963702	False
987	4.553637449495898	2.038539215369027	0.4476727095598486	MIR3119-2	0.26963702	False
988	4.553637449495898	2.038539215369027	0.4476727095598486	LINC01142	0.26963702	False
989	4.553637449495898	2.038539215369027	0.4476727095598486	GORAB-AS1	0.26963702	False
990	4.553637449495898	2.038539215369027	0.4476727095598486	GORAB	0.26963702	False
991	4.553637449495898	2.038539215369027	0.4476727095598486	PRRX1	0.26963702	False
992	4.716173643659804	2.1183532962928555	0.4491677907450815	MROH9	0.26963916	False
993	4.716173643659804	2.1183532962928555	0.4491677907450815	FMO3	0.26963916	False
994	4.918802045389735	2.6217352086483174	0.5330027889830617	MIR1295A	0.2696459	False
995	4.918802045389735	2.6217352086483174	0.5330027889830617	FMO2	0.2696459	False
996	4.918802045389735	2.6217352086483174	0.5330027889830617	FMO1	0.2696459	False
997	4.918802045389735	2.6217352086483174	0.5330027889830617	FMO4	0.2696459	False
998	4.918802045389735	2.6217352086483174	0.5330027889830617	PRRC2C	0.2696459	False
999	4.918802045389735	2.6217352086483174	0.5330027889830617	MYOC	0.2696459	False
1000	4.918802045389735	2.6217352086483174	0.5330027889830617	VAMP4	0.2696459	False
1001	4.918802045389735	2.6217352086483174	0.5330027889830617	EEF1AKNMT	0.2696459	False
1002	5.014737621723927	2.511737897914242	0.5008712493816928	DNM3	0.26964495	False
1003	4.918802045389735	2.6217352086483174	0.5330027889830617	DNM3-IT1	0.2696459	False
1004	5.0253412900028875	2.6682230936812843	0.5309536088602156	DNM3OS	0.26964626	False
1005	5.0253412900028875	2.6682230936812843	0.5309536088602156	MIR214	0.26964626	False
1006	5.0253412900028875	2.6682230936812843	0.5309536088602156	MIR199A2	0.26964626	False
1007	5.0253412900028875	2.6682230936812843	0.5309536088602156	PIGC	0.26964626	False
1008	5.0253412900028875	2.6682230936812843	0.5309536088602156	C1orf105	0.26964626	False
1009	5.0253412900028875	2.6682230936812843	0.5309536088602156	SUCO	0.26964626	False
1010	5.0253412900028875	2.6682230936812843	0.5309536088602156	FASLG	0.26964626	False
1011	4.755222520510878	2.219694345206356	0.46679084640772667	TNFSF18	0.26963952	False
1012	4.935021818692036	2.5976176211524664	0.5263639587800103	TNFSF4	0.26964504	False
1013	4.935021818692036	2.5976176211524664	0.5263639587800103	LOC101928673	0.26964504	False
1014	4.935021818692036	2.5976176211524664	0.5263639587800103	PRDX6	0.26964504	False
1015	4.935021818692036	2.5976176211524664	0.5263639587800103	SLC9C2	0.26964504	False
1016	4.935021818692036	2.5976176211524664	0.5263639587800103	ANKRD45	0.26964504	False
1017	4.935021818692036	2.5976176211524664	0.5263639587800103	TEX50	0.26964504	False
1018	4.935021818692036	2.5976176211524664	0.5263639587800103	KLHL20	0.26964504	False
1019	4.935021818692036	2.5976176211524664	0.5263639587800103	CENPL	0.26964504	False
1020	4.935021818692036	2.5976176211524664	0.5263639587800103	DARS2	0.26964504	False
1021	4.935021818692036	2.5976176211524664	0.5263639587800103	GAS5-AS1	0.26964504	False
1022	4.935021818692036	2.5976176211524664	0.5263639587800103	GAS5	0.26964504	False
1023	4.483153989890602	1.9427603797644621	0.433346787584218	ZBTB37	0.26963523	False
1024	4.483153989890602	1.9427603797644621	0.433346787584218	SERPINC1	0.26963523	False
1025	4.483153989890602	1.9427603797644621	0.433346787584218	RC3H1	0.26963523	False
1026	4.249879479884318	1.77911842267084	0.4186279707676011	LOC102724601	0.26963243	False
1027	3.744053215386697	1.1976641502426004	0.31988438233747224	RABGAP1L	0.26962572	False
1028	4.249879479884318	1.77911842267084	0.4186279707676011	GPR52	0.26963243	False
1029	3.744053215386697	1.1976641502426004	0.31988438233747224	LOC101928696	0.26962572	False
1030	3.744053215386697	1.1976641502426004	0.31988438233747224	CACYBP	0.26962572	False
1031	3.744053215386697	1.1976641502426004	0.31988438233747224	MRPS14	0.26962572	False
1032	3.744053215386697	1.1976641502426004	0.31988438233747224	TNN	0.26962572	False
1033	3.2902255059838947	0.820904122329586	0.24949782950640229	KIAA0040	0.269622	False
1034	3.2902255059838947	0.820904122329586	0.24949782950640229	TNR	0.269622	False
1035	3.2902255059838947	0.820904122329586	0.24949782950640229	LINC01657	0.269622	False
1036	3.2227228018854617	0.7081626428781065	0.2197404761165913	COP1	0.2696214	False
1037	3.2227228018854617	0.7081626428781065	0.2197404761165913	SCARNA3	0.2696214	False
1038	3.125078768875995	0.6307484802322603	0.20183442622763814	ASTN1	0.2696207	False
1039	3.125078768875995	0.6307484802322603	0.20183442622763814	MIR488	0.2696207	False
1040	3.0935039941905385	0.6782004423146756	0.21923373740208693	BRINP2	0.26962087	False
1041	3.0935039941905385	0.6782004423146756	0.21923373740208693	LINC01645	0.26962087	False
1042	3.0935039941905385	0.6782004423146756	0.21923373740208693	LINC01741	0.26962087	False
1043	3.37092043937731	0.8464923954485486	0.25111610038619486	SEC16B	0.26962253	False
1044	3.37092043937731	0.8464923954485486	0.25111610038619486	RASAL2-AS1	0.26962253	False
1045	3.37092043937731	0.8464923954485486	0.25111610038619486	RASAL2	0.26962253	False
1046	3.7371689251381452	1.2535882766408886	0.33543794828448903	TEX35	0.2696264	False
1047	3.7371689251381452	1.2535882766408886	0.33543794828448903	C1orf220	0.2696264	False
1048	3.7371689251381452	1.2535882766408886	0.33543794828448903	MIR4424	0.2696264	False
1049	3.6719733439461946	1.1098240103725345	0.3022418482972508	RALGPS2	0.26962528	False
1050	3.7371689251381452	1.2535882766408886	0.33543794828448903	ANGPTL1	0.2696264	False
1051	3.6719733439461946	1.1098240103725345	0.3022418482972508	FAM20B	0.26962528	False
1052	3.6719733439461946	1.1098240103725345	0.3022418482972508	TOR3A	0.26962528	False
1053	3.6719733439461946	1.1098240103725345	0.3022418482972508	ABL2	0.26962528	False
1054	3.8742212622407037	1.361589721387772	0.3514486213418486	SOAT1	0.26962772	False
1055	3.8742212622407037	1.361589721387772	0.3514486213418486	AXDND1	0.26962772	False
1056	3.8742212622407037	1.361589721387772	0.3514486213418486	NPHS2	0.26962772	False
1057	3.8742212622407037	1.361589721387772	0.3514486213418486	TDRD5	0.26962772	False
1058	3.8742212622407037	1.361589721387772	0.3514486213418486	FAM163A	0.26962772	False
1059	3.8742212622407037	1.361589721387772	0.3514486213418486	TOR1AIP2	0.26962772	False
1060	3.67043285263075	1.0538732667789734	0.28712506374380864	TOR1AIP1	0.26962492	False
1061	3.67043285263075	1.0538732667789734	0.28712506374380864	CEP350	0.26962492	False
1062	3.6941001038664236	1.0787858146294989	0.2920293939788988	QSOX1	0.26962522	False
1063	3.6941001038664236	1.0787858146294989	0.2920293939788988	LHX4	0.26962522	False
1064	3.6941001038664236	1.0787858146294989	0.2920293939788988	LHX4-AS1	0.26962522	False
1065	3.6941001038664236	1.0787858146294989	0.2920293939788988	ACBD6	0.26962522	False
1066	3.6941001038664236	1.0787858146294989	0.2920293939788988	MIR3121	0.26962522	False
1067	3.6941001038664236	1.0787858146294989	0.2920293939788988	OVAAL	0.26962522	False
1068	3.6941001038664236	1.0787858146294989	0.2920293939788988	XPR1	0.26962522	False
1069	3.560307802281806	0.8774067206348957	0.24644125434114558	KIAA1614	0.26962355	False
1070	3.560307802281806	0.8774067206348957	0.24644125434114558	STX6	0.26962355	False
1071	3.560307802281806	0.8774067206348957	0.24644125434114558	MR1	0.26962355	False
1072	3.560307802281806	0.8774067206348957	0.24644125434114558	IER5	0.26962355	False
1073	3.3782190000294943	0.7631266426857679	0.2258961431094625	LINC01732	0.26962227	False
1074	3.3782190000294943	0.7631266426857679	0.2258961431094625	LINC01699	0.26962227	False
1075	3.3782190000294943	0.7631266426857679	0.2258961431094625	CACNA1E	0.26962227	False
1076	3.3520181884975364	0.699484923944925	0.2086757543098096	ZNF648	0.2696217	False
1077	3.3267934504438426	0.7697700300809392	0.23138497822227008	LINC01344	0.26962197	False
1078	3.3267934504438426	0.7697700300809392	0.23138497822227008	GLUL	0.26962197	False
1079	3.3267934504438426	0.7697700300809392	0.23138497822227008	TEDDM1	0.26962197	False
1080	3.3267934504438426	0.7697700300809392	0.23138497822227008	LINC00272	0.26962197	False
1081	3.3267934504438426	0.7697700300809392	0.23138497822227008	RGSL1	0.26962197	False
1082	3.3267934504438426	0.7697700300809392	0.23138497822227008	RNASEL	0.26962197	False
1083	3.3267934504438426	0.7697700300809392	0.23138497822227008	RGS16	0.26962197	False
1084	3.3267934504438426	0.7697700300809392	0.23138497822227008	LINC01686	0.26962197	False
1085	3.3267934504438426	0.7697700300809392	0.23138497822227008	RGS8	0.26962197	False
1086	3.3267934504438426	0.7697700300809392	0.23138497822227008	NPL	0.26962197	False
1087	3.3267934504438426	0.7697700300809392	0.23138497822227008	DHX9	0.26962197	False
1088	3.350451118253361	0.746609843309399	0.22283860201447067	SHCBP1L	0.269622	False
1089	3.350451118253361	0.746609843309399	0.22283860201447067	LAMC1	0.269622	False
1090	3.448581001814324	0.8878187305358167	0.2574446504428136	LAMC2	0.26962316	False
1091	3.448581001814324	0.8878187305358167	0.2574446504428136	NMNAT2	0.26962316	False
1092	3.448581001814324	0.8878187305358167	0.2574446504428136	SMG7-AS1	0.26962316	False
1093	3.448581001814324	0.8878187305358167	0.2574446504428136	SMG7	0.26962316	False
1094	3.448581001814324	0.8878187305358167	0.2574446504428136	NCF2	0.26962316	False
1095	3.448581001814324	0.8878187305358167	0.2574446504428136	ARPC5	0.26962316	False
1096	3.4719326265563843	0.8827464445469789	0.25425218156451546	RGL1	0.26962322	False
1097	3.448581001814324	0.8878187305358167	0.2574446504428136	APOBEC4	0.26962316	False
1098	3.4719326265563843	0.8827464445469789	0.25425218156451546	COLGALT2	0.26962322	False
1099	3.4719326265563843	0.8827464445469789	0.25425218156451546	TSEN15	0.26962322	False
1100	3.578751880935428	1.0857845701998012	0.3033975548805006	C1orf21	0.2696247	False
1101	3.578751880935428	1.0857845701998012	0.3033975548805006	EDEM3	0.2696247	False
1102	3.6053223596249953	1.1138638702457697	0.30894986887153897	FAM129A	0.2696247	False
1103	3.6053223596249953	1.1138638702457697	0.30894986887153897	RNF2	0.2696247	False
1104	3.733525198047093	1.4356998537018484	0.3845426982661921	TRMT1L	0.26962727	False
1105	3.733525198047093	1.4356998537018484	0.3845426982661921	SWT1	0.26962727	False
1106	3.733525198047093	1.4356998537018484	0.3845426982661921	IVNS1ABP	0.26962727	False
1107	3.733525198047093	1.4356998537018484	0.3845426982661921	GS1-279B7.1	0.26962727	False
1108	3.733525198047093	1.4356998537018484	0.3845426982661921	LINC01350	0.26962727	False
1109	3.53816945881248	1.24563730192951	0.3520569934339959	HMCN1	0.26962528	False
1110	3.582096295199424	1.530256234521616	0.42719572797984284	PRG4	0.26962727	False
1111	3.582096295199424	1.530256234521616	0.42719572797984284	TPR	0.26962727	False
1112	3.582096295199424	1.530256234521616	0.42719572797984284	ODR4	0.26962727	False
1113	3.582096295199424	1.530256234521616	0.42719572797984284	OCLM	0.26962727	False
1114	3.582096295199424	1.530256234521616	0.42719572797984284	LOC102724919	0.26962727	False
1115	3.582096295199424	1.530256234521616	0.42719572797984284	PDC	0.26962727	False
1116	3.582096295199424	1.530256234521616	0.42719572797984284	PTGS2	0.26962727	False
1117	3.582096295199424	1.530256234521616	0.42719572797984284	PACERR	0.26962727	False
1118	3.3959211038159807	1.1919095626150755	0.3509827013577354	PLA2G4A	0.26962435	False
1119	3.3959211038159807	1.1919095626150755	0.3509827013577354	LINC01036	0.26962435	False
1120	3.4004940635139	1.3764483555955251	0.4047789320864664	LINC01037	0.26962546	False
1121	3.5091186595557438	1.6529558814330458	0.47104587840934137	BRINP3	0.2696271	False
1122	3.643130633921544	2.0203689232034474	0.5545694421143167	LINC01351	0.2696303	False
1123	3.643130633921544	2.0203689232034474	0.5545694421143167	LINC01720	0.2696303	False
1124	4.198011479129972	3.2408936463563416	0.7720068566911135	RGS18	0.2696447	False
1125	4.198011479129972	3.2408936463563416	0.7720068566911135	RGS21	0.2696447	False
1126	4.198011479129972	3.2408936463563416	0.7720068566911135	RGS1	0.2696447	False
1127	4.198011479129972	3.2408936463563416	0.7720068566911135	RGS13	0.2696447	False
1128	4.198011479129972	3.2408936463563416	0.7720068566911135	RGS2	0.2696447	False
1129	4.082019255215195	2.817998352204076	0.6903442085932829	LINC01032	0.26963952	False
1130	4.082019255215195	2.817998352204076	0.6903442085932829	UCHL5	0.26963952	False
1131	4.082019255215195	2.817998352204076	0.6903442085932829	TROVE2	0.26963952	False
1132	4.082019255215195	2.817998352204076	0.6903442085932829	GLRX2	0.26963952	False
1133	4.252942184403996	3.3503048336283245	0.7877616690662428	CDC73	0.26964656	False
1134	4.252942184403996	3.3503048336283245	0.7877616690662428	MIR1278	0.26964656	False
1135	4.252942184403996	3.3503048336283245	0.7877616690662428	B3GALT2	0.26964656	False
1136	4.252942184403996	3.3503048336283245	0.7877616690662428	LINC01031	0.26964656	False
1137	4.7566839737425894	3.5446822088845447	0.7452002757491509	KCNT2	0.2696549	False
1138	4.7566839737425894	3.5446822088845447	0.7452002757491509	MIR4735	0.2696549	False
1139	4.7566839737425894	3.5446822088845447	0.7452002757491509	CFH	0.2696549	False
1140	4.7566839737425894	3.5446822088845447	0.7452002757491509	CFHR3	0.2696549	False
1141	4.414247721308882	2.7129714028423964	0.6145942806395026	CFHR2	0.26964194	False
1142	4.7566839737425894	3.5446822088845447	0.7452002757491509	CFHR1	0.2696549	False
1143	4.414247721308882	2.7129714028423964	0.6145942806395026	CFHR4	0.26964194	False
1144	4.414247721308882	2.7129714028423964	0.6145942806395026	CFHR5	0.26964194	False
1145	4.414247721308882	2.7129714028423964	0.6145942806395026	F13B	0.26964194	False
1146	4.414247721308882	2.7129714028423964	0.6145942806395026	ASPM	0.26964194	False
1147	4.740321983888226	3.4687330487931187	0.7317505141175891	ZBTB41	0.26965335	False
1148	4.740321983888226	3.4687330487931187	0.7317505141175891	CRB1	0.26965335	False
1149	4.740321983888226	3.4687330487931187	0.7317505141175891	DENND1B	0.26965335	False
1150	4.210057670449625	2.255525028211174	0.5357468245726641	C1orf53	0.26963606	False
1151	4.210057670449625	2.255525028211174	0.5357468245726641	LHX9	0.26963606	False
1152	3.863189268380755	1.9630807272082993	0.5081502848632418	NEK7	0.26963127	False
1153	3.863189268380755	1.9630807272082993	0.5081502848632418	ATP6V1G3	0.26963127	False
1154	3.863189268380755	1.9630807272082993	0.5081502848632418	PTPRC	0.26963127	False
1155	3.438324541975553	1.2047521256006815	0.3503892988846448	MIR181A1HG	0.2696244	False
1156	3.863189268380755	1.9630807272082993	0.5081502848632418	MIR181B1	0.26963127	False
1157	3.863189268380755	1.9630807272082993	0.5081502848632418	MIR181A1	0.26963127	False
1158	3.438324541975553	1.2047521256006815	0.3503892988846448	LINC01222	0.2696244	False
1159	3.438324541975553	1.2047521256006815	0.3503892988846448	LINC01221	0.2696244	False
1160	2.9795640026846715	0.5103645982512109	0.17128834882934482	LINC02608	0.26961988	False
1161	2.9795640026846715	0.5103645982512109	0.17128834882934482	PPP2R5A	0.26961988	False
1162	2.9795640026846715	0.5103645982512109	0.17128834882934482	SNORA16B	0.26961988	False
1163	2.9795640026846715	0.5103645982512109	0.17128834882934482	TMEM206	0.26961988	False
1164	2.9795640026846715	0.5103645982512109	0.17128834882934482	NENF	0.26961988	False
1165	2.9795640026846715	0.5103645982512109	0.17128834882934482	LINC01740	0.26961988	False
1166	2.9795640026846715	0.5103645982512109	0.17128834882934482	ATF3	0.26961988	False
1167	2.9795640026846715	0.5103645982512109	0.17128834882934482	FAM71A	0.26961988	False
1168	2.9795640026846715	0.5103645982512109	0.17128834882934482	BATF3	0.26961988	False
1169	2.9795640026846715	0.5103645982512109	0.17128834882934482	NSL1	0.26961988	False
1170	2.9795640026846715	0.5103645982512109	0.17128834882934482	TATDN3	0.26961988	False
1171	2.9795640026846715	0.5103645982512109	0.17128834882934482	SPATA45	0.26961988	False
1172	2.9795640026846715	0.5103645982512109	0.17128834882934482	FLVCR1-DT	0.26961988	False
1173	2.9795640026846715	0.5103645982512109	0.17128834882934482	FLVCR1	0.26961988	False
1174	3.084696027788207	0.6747666195842337	0.21874655185005565	MIR215	0.2696208	False
1175	3.084696027788207	0.6747666195842337	0.21874655185005565	MIR194-1	0.2696208	False
1176	3.084696027788207	0.6747666195842337	0.21874655185005565	RAB3GAP2	0.2696208	False
1177	3.084696027788207	0.6747666195842337	0.21874655185005565	MIR664A	0.2696208	False
1178	3.084696027788207	0.6747666195842337	0.21874655185005565	SNORA36B	0.2696208	False
1179	3.084696027788207	0.6747666195842337	0.21874655185005565	MARK1	0.2696208	False
1180	3.084696027788207	0.6747666195842337	0.21874655185005565	C1orf115	0.2696208	False
1181	3.084696027788207	0.6747666195842337	0.21874655185005565	MARC2	0.2696208	False
1182	3.084696027788207	0.6747666195842337	0.21874655185005565	MARC1	0.2696208	False
1183	3.084696027788207	0.6747666195842337	0.21874655185005565	LINC01352	0.2696208	False
1184	3.084696027788207	0.6747666195842337	0.21874655185005565	HLX-AS1	0.2696208	False
1185	3.084696027788207	0.6747666195842337	0.21874655185005565	HLX	0.2696208	False
1186	3.2920733849572326	0.8998687148152233	0.2733440630233441	C1orf140	0.26962256	False
1187	3.2920733849572326	0.8998687148152233	0.2733440630233441	DUSP10	0.26962256	False
1188	3.2920733849572326	0.8998687148152233	0.2733440630233441	LINC01655	0.26962256	False
1189	3.4212607048113077	1.0852058453095201	0.31719472409202804	HHIPL2	0.2696242	False
1190	3.4212607048113077	1.0852058453095201	0.31719472409202804	TAF1A	0.2696242	False
1191	3.4212607048113077	1.0852058453095201	0.31719472409202804	TAF1A-AS1	0.2696242	False
1192	3.4212607048113077	1.0852058453095201	0.31719472409202804	MIA3	0.2696242	False
1193	3.4212607048113077	1.0852058453095201	0.31719472409202804	AIDA	0.2696242	False
1194	3.4212607048113077	1.0852058453095201	0.31719472409202804	BROX	0.2696242	False
1195	3.4212607048113077	1.0852058453095201	0.31719472409202804	FAM177B	0.2696242	False
1196	3.4212607048113077	1.0852058453095201	0.31719472409202804	DISP1	0.2696242	False
1197	3.800854404698659	1.242515910589144	0.3269043689369242	FBXO28	0.2696269	False
1198	3.800854404698659	1.242515910589144	0.3269043689369242	DEGS1	0.2696269	False
1199	3.800854404698659	1.242515910589144	0.3269043689369242	LOC101927143	0.2696269	False
1200	3.800854404698659	1.242515910589144	0.3269043689369242	LOC101927164	0.2696269	False
1201	3.800854404698659	1.242515910589144	0.3269043689369242	NVL	0.2696269	False
1202	3.800854404698659	1.242515910589144	0.3269043689369242	MIR320B2	0.2696269	False
1203	3.800854404698659	1.242515910589144	0.3269043689369242	CNIH4	0.2696269	False
1204	3.800854404698659	1.242515910589144	0.3269043689369242	WDR26	0.2696269	False
1205	3.800854404698659	1.242515910589144	0.3269043689369242	MIR4742	0.2696269	False
1206	3.800854404698659	1.242515910589144	0.3269043689369242	CNIH3	0.2696269	False
1207	3.748336735256683	1.1570695841367409	0.30868880409099786	DNAH14	0.269626	False
1208	3.748336735256683	1.1570695841367409	0.30868880409099786	LBR	0.269626	False
1209	3.748336735256683	1.1570695841367409	0.30868880409099786	ENAH	0.269626	False
1210	3.748336735256683	1.1570695841367409	0.30868880409099786	SRP9	0.269626	False
1211	3.748336735256683	1.1570695841367409	0.30868880409099786	EPHX1	0.269626	False
1212	3.748336735256683	1.1570695841367409	0.30868880409099786	TMEM63A	0.269626	False
1213	3.748336735256683	1.1570695841367409	0.30868880409099786	LEFTY1	0.269626	False
1214	3.748336735256683	1.1570695841367409	0.30868880409099786	PYCR2	0.269626	False
1215	3.748336735256683	1.1570695841367409	0.30868880409099786	MIR6741	0.269626	False
1216	3.748336735256683	1.1570695841367409	0.30868880409099786	LEFTY2	0.269626	False
1217	3.748336735256683	1.1570695841367409	0.30868880409099786	SDE2	0.269626	False
1218	3.748336735256683	1.1570695841367409	0.30868880409099786	H3F3AP4	0.269626	False
1219	3.748336735256683	1.1570695841367409	0.30868880409099786	H3F3A	0.269626	False
1220	3.748336735256683	1.1570695841367409	0.30868880409099786	ACBD3	0.269626	False
1221	3.748336735256683	1.1570695841367409	0.30868880409099786	MIXL1	0.269626	False
1222	3.748336735256683	1.1570695841367409	0.30868880409099786	LIN9	0.269626	False
1223	3.748336735256683	1.1570695841367409	0.30868880409099786	PARP1	0.269626	False
1224	3.748336735256683	1.1570695841367409	0.30868880409099786	STUM	0.269626	False
1225	3.748336735256683	1.1570695841367409	0.30868880409099786	ITPKB	0.269626	False
1226	3.748336735256683	1.1570695841367409	0.30868880409099786	ITPKB-IT1	0.269626	False
1227	3.748336735256683	1.1570695841367409	0.30868880409099786	PSEN2	0.269626	False
1228	3.748336735256683	1.1570695841367409	0.30868880409099786	COQ8A	0.269626	False
1229	3.748336735256683	1.1570695841367409	0.30868880409099786	CDC42BPA	0.269626	False
1230	3.7385568033814702	1.1788463708633892	0.31532124101929915	ZNF678	0.26962593	False
1231	3.7385568033814702	1.1788463708633892	0.31532124101929915	SNAP47	0.26962593	False
1232	3.7385568033814702	1.1788463708633892	0.31532124101929915	JMJD4	0.26962593	False
1233	3.7385568033814702	1.1788463708633892	0.31532124101929915	PRSS38	0.26962593	False
1234	3.7385568033814702	1.1788463708633892	0.31532124101929915	WNT9A	0.26962593	False
1235	3.7385568033814702	1.1788463708633892	0.31532124101929915	MIR5008	0.26962593	False
1236	3.7385568033814702	1.1788463708633892	0.31532124101929915	WNT3A	0.26962593	False
1237	3.7385568033814702	1.1788463708633892	0.31532124101929915	ARF1	0.26962593	False
1238	3.7385568033814702	1.1788463708633892	0.31532124101929915	MIR3620	0.26962593	False
1239	3.299004127311272	0.821757545964063	0.2490926092395663	RAB4A	0.26962203	False
1240	3.299004127311272	0.821757545964063	0.2490926092395663	SPHAR	0.26962203	False
1241	3.299004127311272	0.821757545964063	0.2490926092395663	CCSAP	0.26962203	False
1242	3.299004127311272	0.821757545964063	0.2490926092395663	ACTA1	0.26962203	False
1243	3.299004127311272	0.821757545964063	0.2490926092395663	NUP133	0.26962203	False
1244	3.299004127311272	0.821757545964063	0.2490926092395663	LOC101927478	0.26962203	False
1245	3.299004127311272	0.821757545964063	0.2490926092395663	ABCB10	0.26962203	False
1246	3.299004127311272	0.821757545964063	0.2490926092395663	TAF5L	0.26962203	False
1247	3.299004127311272	0.821757545964063	0.2490926092395663	URB2	0.26962203	False
1248	3.162628616164801	0.6835901294255787	0.21614619115618525	LINC01736	0.26962107	False
1249	3.162628616164801	0.6835901294255787	0.21614619115618525	GALNT2	0.26962107	False
1250	3.162628616164801	0.6835901294255787	0.21614619115618525	PGBD5	0.26962107	False
1251	3.162628616164801	0.6835901294255787	0.21614619115618525	COG2	0.26962107	False
1252	3.162628616164801	0.6835901294255787	0.21614619115618525	AGT	0.26962107	False
1253	3.162628616164801	0.6835901294255787	0.21614619115618525	CAPN9	0.26962107	False
1254	3.162628616164801	0.6835901294255787	0.21614619115618525	C1orf198	0.26962107	False
1255	3.162628616164801	0.6835901294255787	0.21614619115618525	LOC101927604	0.26962107	False
1256	3.163249186057123	0.5749525217523983	0.18176011054919644	DISC1	0.2696206	False
1257	3.163249186057123	0.5749525217523983	0.18176011054919644	DISC1-IT1	0.2696206	False
1258	3.1695898201845756	0.6130920282013119	0.19342945396184089	SIPA1L2	0.26962078	False
1259	3.1695898201845756	0.6130920282013119	0.19342945396184089	LINC01744	0.26962078	False
1260	3.1695898201845756	0.6130920282013119	0.19342945396184089	MAP10	0.26962078	False
1261	3.5892587836799437	0.9561068117998126	0.26638001588159355	NTPCR	0.2696243	False
1262	3.5892587836799437	0.9561068117998126	0.26638001588159355	PCNX2	0.2696243	False
1263	3.8467591487678847	1.2653905542253638	0.3289497744174256	MAP3K21	0.26962736	False
1264	3.8467591487678847	1.2653905542253638	0.3289497744174256	KCNK1	0.26962736	False
1265	3.8467591487678847	1.2653905542253638	0.3289497744174256	MIR4427	0.26962736	False
1266	4.096821754685146	1.5076008460301615	0.36799278472539393	SLC35F3	0.26963052	False
1267	4.748749796753473	2.3856206304257777	0.5023681458342424	MIR4671	0.2696429	False
1268	4.748749796753473	2.3856206304257777	0.5023681458342424	COA6-AS1	0.2696429	False
1269	4.748749796753473	2.3856206304257777	0.5023681458342424	COA6	0.2696429	False
1270	4.748749796753473	2.3856206304257777	0.5023681458342424	TARBP1	0.2696429	False
1271	4.748749796753473	2.3856206304257777	0.5023681458342424	LINC01354	0.2696429	False
1272	4.748749796753473	2.3856206304257777	0.5023681458342424	IRF2BP2	0.2696429	False
1273	4.748749796753473	2.3856206304257777	0.5023681458342424	LINC00184	0.2696429	False
1274	4.748749796753473	2.3856206304257777	0.5023681458342424	LOC101927787	0.2696429	False
1275	4.748749796753473	2.3856206304257777	0.5023681458342424	LINC01132	0.2696429	False
1276	4.354743539161358	1.787484725267764	0.4104684257966658	LOC101927851	0.26963443	False
1277	4.452735151603251	1.9457277555327979	0.43697361044081395	TOMM20	0.26963618	False
1278	4.452735151603251	1.9457277555327979	0.43697361044081395	SNORA14B	0.26963618	False
1279	4.452735151603251	1.9457277555327979	0.43697361044081395	RBM34	0.26963618	False
1280	4.452735151603251	1.9457277555327979	0.43697361044081395	ARID4B	0.26963618	False
1281	4.452735151603251	1.9457277555327979	0.43697361044081395	MIR4753	0.26963618	False
1282	4.452735151603251	1.9457277555327979	0.43697361044081395	GGPS1	0.26963618	False
1283	4.452735151603251	1.9457277555327979	0.43697361044081395	TBCE	0.26963618	False
1284	4.452735151603251	1.9457277555327979	0.43697361044081395	B3GALNT2	0.26963618	False
1285	4.452735151603251	1.9457277555327979	0.43697361044081395	GNG4	0.26963618	False
1286	4.452735151603251	1.9457277555327979	0.43697361044081395	LYST	0.26963618	False
1287	4.452735151603251	1.9457277555327979	0.43697361044081395	MIR1537	0.26963618	False
1288	3.888866274238989	1.2897211450813404	0.3316445087414906	NID1	0.26962778	False
1289	3.5286530136983596	0.9748727807710384	0.2762733476447094	GPR137B	0.26962408	False
1290	3.5286530136983596	0.9748727807710384	0.2762733476447094	ERO1B	0.26962408	False
1291	3.5286530136983596	0.9748727807710384	0.2762733476447094	EDARADD	0.26962408	False
1292	3.5286530136983596	0.9748727807710384	0.2762733476447094	LGALS8	0.26962408	False
1293	3.5286530136983596	0.9748727807710384	0.2762733476447094	LGALS8-AS1	0.26962408	False
1294	3.5286530136983596	0.9748727807710384	0.2762733476447094	HEATR1	0.26962408	False
1295	3.5286530136983596	0.9748727807710384	0.2762733476447094	ACTN2	0.26962408	False
1296	3.175046105462638	0.641010795063774	0.20189023206967632	MTR	0.2696211	False
1297	3.175046105462638	0.641010795063774	0.20189023206967632	MT1HL1	0.2696211	False
1298	3.175046105462638	0.641010795063774	0.20189023206967632	RYR2	0.2696211	False
1299	3.175379111124508	0.7566310412913662	0.2382805374768047	CEP170	0.26962155	False
1300	3.175379111124508	0.7566310412913662	0.2382805374768047	SDCCAG8	0.26962155	False
1301	3.175379111124508	0.7566310412913662	0.2382805374768047	MIR4677	0.26962155	False
1302	3.175379111124508	0.7566310412913662	0.2382805374768047	AKT3	0.26962155	False
1303	3.218520465808477	0.7579989411186233	0.23551161136650334	LOC339529	0.2696217	False
1304	3.218520465808477	0.7579989411186233	0.23551161136650334	ZBTB18	0.2696217	False
1305	3.44765894931547	1.046931212354975	0.30366437856703965	C1orf100	0.26962394	False
1306	3.44765894931547	1.046931212354975	0.30366437856703965	ADSS	0.26962394	False
1307	3.44765894931547	1.046931212354975	0.30366437856703965	CATSPERE	0.26962394	False
1308	3.44765894931547	1.046931212354975	0.30366437856703965	DESI2	0.26962394	False
1309	3.44765894931547	1.046931212354975	0.30366437856703965	COX20	0.26962394	False
1310	3.44765894931547	1.046931212354975	0.30366437856703965	HNRNPU	0.26962394	False
1311	3.1843563169665186	0.7174408818229817	0.2253016969239266	EFCAB2	0.26962122	False
1312	3.107643721046189	0.6480395475443859	0.20853083741730316	KIF26B	0.2696208	False
1313	3.107643721046189	0.6480395475443859	0.20853083741730316	SMYD3	0.2696208	False
1314	3.0239925149322255	0.611629754747938	0.20225901741745747	LINC01743	0.26962036	False
1315	3.0239925149322255	0.611629754747938	0.20225901741745747	TFB2M	0.26962036	False
1316	3.0239925149322255	0.611629754747938	0.20225901741745747	CNST	0.26962036	False
1317	3.0239925149322255	0.611629754747938	0.20225901741745747	SCCPDH	0.26962036	False
1318	3.0239925149322255	0.611629754747938	0.20225901741745747	LINC01341	0.26962036	False
1319	3.0239925149322255	0.611629754747938	0.20225901741745747	AHCTF1	0.26962036	False
1320	3.0239925149322255	0.611629754747938	0.20225901741745747	ZNF695	0.26962036	False
1321	3.0239925149322255	0.611629754747938	0.20225901741745747	ZNF670-ZNF695	0.26962036	False
1322	3.0239925149322255	0.611629754747938	0.20225901741745747	ZNF670	0.26962036	False
1323	3.0239925149322255	0.611629754747938	0.20225901741745747	ZNF669	0.26962036	False
1324	2.9311253103747603	0.5423235010505302	0.18502228448949906	MIR4757	0.26961994	False
1325	2.9311253103747603	0.5423235010505302	0.18502228448949906	OSR1	0.26961994	False
1326	2.9311253103747603	0.5423235010505302	0.18502228448949906	LINC00954	0.26961994	False
1327	3.168589775014756	0.7049550723588552	0.22248227836800752	TTC32	0.26962125	False
1328	3.168589775014756	0.7049550723588552	0.22248227836800752	WDR35	0.26962125	False
1329	3.168589775014756	0.7049550723588552	0.22248227836800752	LOC101928222	0.26962125	False
1330	3.168589775014756	0.7049550723588552	0.22248227836800752	MATN3	0.26962125	False
1331	3.168589775014756	0.7049550723588552	0.22248227836800752	LAPTM4A	0.26962125	False
1332	3.5817232109511656	1.1612669806017542	0.3242201901730332	SDC1	0.26962528	False
1333	3.5817232109511656	1.1612669806017542	0.3242201901730332	PUM2	0.26962528	False
1334	3.5817232109511656	1.1612669806017542	0.3242201901730332	RHOB	0.26962528	False
1335	3.5817232109511656	1.1612669806017542	0.3242201901730332	HS1BP3	0.26962528	False
1336	3.5817232109511656	1.1612669806017542	0.3242201901730332	HS1BP3-IT1	0.26962528	False
1337	3.5817232109511656	1.1612669806017542	0.3242201901730332	GDF7	0.26962528	False
1338	3.5817232109511656	1.1612669806017542	0.3242201901730332	LDAH	0.26962528	False
1339	3.2486059001604084	0.768088005459371	0.23643619111245368	APOB	0.2696218	False
1340	3.2448594017438803	0.7918045743154968	0.24401814571378913	TDRD15	0.2696219	False
1341	3.2448594017438803	0.7918045743154968	0.24401814571378913	LINC01822	0.2696219	False
1342	2.7731396048783914	0.3908959521386998	0.14095790614040923	ABHD1	0.26961917	False
1343	2.7731396048783914	0.3908959521386998	0.14095790614040923	PREB	0.26961917	False
1344	2.7731396048783914	0.3908959521386998	0.14095790614040923	PRR30	0.26961917	False
1345	2.7731396048783914	0.3908959521386998	0.14095790614040923	TCF23	0.26961917	False
1346	2.7731396048783914	0.3908959521386998	0.14095790614040923	SLC5A6	0.26961917	False
1347	2.7731396048783914	0.3908959521386998	0.14095790614040923	ATRAID	0.26961917	False
1348	2.7731396048783914	0.3908959521386998	0.14095790614040923	CAD	0.26961917	False
1349	2.7731396048783914	0.3908959521386998	0.14095790614040923	SLC30A3	0.26961917	False
1350	2.7731396048783914	0.3908959521386998	0.14095790614040923	DNAJC5G	0.26961917	False
1351	2.7731396048783914	0.3908959521386998	0.14095790614040923	TRIM54	0.26961917	False
1352	2.7731396048783914	0.3908959521386998	0.14095790614040923	UCN	0.26961917	False
1353	2.7731396048783914	0.3908959521386998	0.14095790614040923	MPV17	0.26961917	False
1354	2.7731396048783914	0.3908959521386998	0.14095790614040923	GTF3C2	0.26961917	False
1355	2.7731396048783914	0.3908959521386998	0.14095790614040923	GTF3C2-AS1	0.26961917	False
1356	2.7731396048783914	0.3908959521386998	0.14095790614040923	EIF2B4	0.26961917	False
1357	2.7731396048783914	0.3908959521386998	0.14095790614040923	SNX17	0.26961917	False
1358	2.7731396048783914	0.3908959521386998	0.14095790614040923	ZNF513	0.26961917	False
1359	2.7731396048783914	0.3908959521386998	0.14095790614040923	PPM1G	0.26961917	False
1360	2.7731396048783914	0.3908959521386998	0.14095790614040923	NRBP1	0.26961917	False
1361	2.7731396048783914	0.3908959521386998	0.14095790614040923	KRTCAP3	0.26961917	False
1362	2.7731396048783914	0.3908959521386998	0.14095790614040923	IFT172	0.26961917	False
1363	2.7731396048783914	0.3908959521386998	0.14095790614040923	FNDC4	0.26961917	False
1364	2.7731396048783914	0.3908959521386998	0.14095790614040923	GCKR	0.26961917	False
1365	2.7731396048783914	0.3908959521386998	0.14095790614040923	C2orf16	0.26961917	False
1366	2.7731396048783914	0.3908959521386998	0.14095790614040923	ZNF512	0.26961917	False
1367	2.7731396048783914	0.3908959521386998	0.14095790614040923	CCDC121	0.26961917	False
1368	2.7731396048783914	0.3908959521386998	0.14095790614040923	GPN1	0.26961917	False
1369	2.7731396048783914	0.3908959521386998	0.14095790614040923	SUPT7L	0.26961917	False
1370	2.7731396048783914	0.3908959521386998	0.14095790614040923	SLC4A1AP	0.26961917	False
1371	2.7731396048783914	0.3908959521386998	0.14095790614040923	LINC01460	0.26961917	False
1372	2.7731396048783914	0.3908959521386998	0.14095790614040923	MRPL33	0.26961917	False
1373	2.7731396048783914	0.3908959521386998	0.14095790614040923	RBKS	0.26961917	False
1374	3.0159568865454407	0.6678399329669827	0.22143550391794387	ATL2	0.26962072	False
1375	3.0159568865454407	0.6678399329669827	0.22143550391794387	LINC02613	0.26962072	False
1376	3.0159568865454407	0.6678399329669827	0.22143550391794387	HNRNPLL	0.26962072	False
1377	3.0159568865454407	0.6678399329669827	0.22143550391794387	GALM	0.26962072	False
1378	3.0159568865454407	0.6678399329669827	0.22143550391794387	SRSF7	0.26962072	False
1379	3.0159568865454407	0.6678399329669827	0.22143550391794387	GEMIN6	0.26962072	False
1380	3.0159568865454407	0.6678399329669827	0.22143550391794387	DHX57	0.26962072	False
1381	2.8836014715759437	0.5561004892849934	0.19284928751998237	MORN2	0.2696201	False
1382	2.8836014715759437	0.5561004892849934	0.19284928751998237	ARHGEF33	0.2696201	False
1383	2.8836014715759437	0.5561004892849934	0.19284928751998237	LOC375196	0.2696201	False
1384	2.8836014715759437	0.5561004892849934	0.19284928751998237	SOS1	0.2696201	False
1385	2.8869248928461415	0.5803813423096343	0.2010379084498634	LINC01913	0.2696202	False
1386	2.9512777637949505	0.5266995042342206	0.17846490448833766	LINC01914	0.26961994	False
1387	2.9512777637949505	0.5266995042342206	0.17846490448833766	C2orf91	0.26961994	False
1388	2.9512777637949505	0.5266995042342206	0.17846490448833766	PKDCC	0.26961994	False
1389	3.124876271676565	0.6411267285073957	0.20516867637879854	LOC102723824	0.26962072	False
1390	3.124876271676565	0.6411267285073957	0.20516867637879854	EML4	0.26962072	False
1391	3.124876271676565	0.6411267285073957	0.20516867637879854	COX7A2L	0.26962072	False
1392	3.124876271676565	0.6411267285073957	0.20516867637879854	KCNG3	0.26962072	False
1393	3.124876271676565	0.6411267285073957	0.20516867637879854	MTA3	0.26962072	False
1394	3.124876271676565	0.6411267285073957	0.20516867637879854	OXER1	0.26962072	False
1395	3.124876271676565	0.6411267285073957	0.20516867637879854	HAAO	0.26962072	False
1396	3.078525457567837	0.541584119040879	0.17592322249910936	LINC01819	0.26962012	False
1397	3.1985784064617953	0.6196130128641378	0.1937151240727413	ZFP36L2	0.26962084	False
1398	3.1985784064617953	0.6196130128641378	0.1937151240727413	LINC01126	0.26962084	False
1399	3.1985784064617953	0.6196130128641378	0.1937151240727413	THADA	0.26962084	False
1400	3.1985784064617953	0.6196130128641378	0.1937151240727413	PLEKHH2	0.26962084	False
1401	3.1985784064617953	0.6196130128641378	0.1937151240727413	C1GALT1C1L	0.26962084	False
1402	3.1985784064617953	0.6196130128641378	0.1937151240727413	DYNC2LI1	0.26962084	False
1403	3.1985784064617953	0.6196130128641378	0.1937151240727413	ABCG5	0.26962084	False
1404	3.1985784064617953	0.6196130128641378	0.1937151240727413	ABCG8	0.26962084	False
1405	3.128121850113107	0.5230005467072268	0.16719315032063603	LRPPRC	0.2696203	False
1406	3.154660730996933	0.5654216534360172	0.17923374386358598	PPM1B	0.26962048	False
1407	3.154660730996933	0.5654216534360172	0.17923374386358598	SLC3A1	0.26962048	False
1408	3.154660730996933	0.5654216534360172	0.17923374386358598	PREPL	0.26962048	False
1409	3.154660730996933	0.5654216534360172	0.17923374386358598	CAMKMT	0.26962048	False
1410	2.9880557188619057	0.44253825654714235	0.1481024111276268	SIX3-AS1	0.26961958	False
1411	2.9880557188619057	0.44253825654714235	0.1481024111276268	SIX3	0.26961958	False
1412	2.9880557188619057	0.44253825654714235	0.1481024111276268	SIX2	0.26961958	False
1413	2.923827788904822	0.4612561821950364	0.15775764357442168	LINC01121	0.26961958	False
1414	2.923827788904822	0.4612561821950364	0.15775764357442168	SRBD1	0.26961958	False
1415	2.8888202013293993	0.40747968508989785	0.14105401398895673	PRKCE	0.2696192	False
1416	2.896473800501074	0.4738800554176644	0.16360584906229284	EPAS1	0.26961946	False
1417	2.896473800501074	0.4738800554176644	0.16360584906229284	LINC02583	0.26961946	False
1418	2.896473800501074	0.4738800554176644	0.16360584906229284	TMEM247	0.26961946	False
1419	2.896473800501074	0.4738800554176644	0.16360584906229284	ATP6V1E2	0.26961946	False
1420	2.896473800501074	0.4738800554176644	0.16360584906229284	RHOQ	0.26961946	False
1421	2.896473800501074	0.4738800554176644	0.16360584906229284	LOC100506142	0.26961946	False
1422	2.896473800501074	0.4738800554176644	0.16360584906229284	PIGF	0.26961946	False
1423	2.896473800501074	0.4738800554176644	0.16360584906229284	CRIPT	0.26961946	False
1424	2.896473800501074	0.4738800554176644	0.16360584906229284	SOCS5	0.26961946	False
1425	2.896473800501074	0.4738800554176644	0.16360584906229284	LINC01118	0.26961946	False
1426	2.896473800501074	0.4738800554176644	0.16360584906229284	LINC01119	0.26961946	False
1427	2.948103595646658	0.5745131221585104	0.19487548639975544	PSME4	0.26962	False
1428	2.948103595646658	0.5745131221585104	0.19487548639975544	ACYP2	0.26962	False
1429	3.1672901767397588	0.7805384705984769	0.24643730982739384	TSPYL6	0.26962146	False
1430	3.1672901767397588	0.7805384705984769	0.24643730982739384	C2orf73	0.26962146	False
1431	3.1672901767397588	0.7805384705984769	0.24643730982739384	SPTBN1	0.26962146	False
1432	3.085859412939693	0.6705432026688075	0.21729544769832065	EML6	0.2696208	False
1433	3.085859412939693	0.6705432026688075	0.21729544769832065	RTN4	0.2696208	False
1434	3.2053359454078456	0.8276934785289529	0.2582236285450065	CLHC1	0.26962188	False
1435	3.2053359454078456	0.8276934785289529	0.2582236285450065	RPS27A	0.26962188	False
1436	3.2053359454078456	0.8276934785289529	0.2582236285450065	MTIF2	0.26962188	False
1437	3.2053359454078456	0.8276934785289529	0.2582236285450065	CCDC88A	0.26962188	False
1438	3.2053359454078456	0.8276934785289529	0.2582236285450065	CFAP36	0.26962188	False
1439	3.2053359454078456	0.8276934785289529	0.2582236285450065	PPP4R3B	0.26962188	False
1440	3.2053359454078456	0.8276934785289529	0.2582236285450065	PNPT1	0.26962188	False
1441	3.1708738572068955	0.6826375445996051	0.21528372787459765	C2orf74	0.26962098	False
1442	3.1708738572068955	0.6826375445996051	0.21528372787459765	LOC339803	0.26962098	False
1443	3.1708738572068955	0.6826375445996051	0.21528372787459765	USP34	0.26962098	False
1444	3.1708738572068955	0.6826375445996051	0.21528372787459765	SNORA70B	0.26962098	False
1445	3.1708738572068955	0.6826375445996051	0.21528372787459765	XPO1	0.26962098	False
1446	3.1708738572068955	0.6826375445996051	0.21528372787459765	FAM161A	0.26962098	False
1447	3.1708738572068955	0.6826375445996051	0.21528372787459765	CCT4	0.26962098	False
1448	3.3952040012031235	0.6808414486513396	0.2005303505798405	COMMD1	0.26962155	False
1449	3.8246749338418184	0.9882613710912501	0.2583909451615955	B3GNT2	0.26962483	False
1450	3.8246749338418184	0.9882613710912501	0.2583909451615955	MIR5192	0.26962483	False
1451	3.8246749338418184	0.9882613710912501	0.2583909451615955	TMEM17	0.26962483	False
1452	3.7007343396317975	0.7645343382246198	0.20658990029008317	EHBP1	0.26962292	False
1453	3.7007343396317975	0.7645343382246198	0.20658990029008317	LOC100132215	0.26962292	False
1454	3.7007343396317975	0.7645343382246198	0.20658990029008317	OTX1	0.26962292	False
1455	3.9345301607134613	0.9443370067842082	0.2400126490866621	WDPCP	0.2696251	False
1456	3.9345301607134613	0.9443370067842082	0.2400126490866621	MDH1	0.2696251	False
1457	3.9345301607134613	0.9443370067842082	0.2400126490866621	UGP2	0.2696251	False
1458	3.6933260235620327	0.7399828623677022	0.20035676721927323	VPS54	0.26962274	False
1459	3.6933260235620327	0.7399828623677022	0.20035676721927323	PELI1	0.26962274	False
1460	3.6013958418575847	0.809133113639004	0.22467208526060178	LOC100507006	0.2696229	False
1461	3.6013958418575847	0.809133113639004	0.22467208526060178	LINC00309	0.2696229	False
1462	3.6013958418575847	0.809133113639004	0.22467208526060178	MIR4433B	0.2696229	False
1463	3.6013958418575847	0.809133113639004	0.22467208526060178	LGALSL	0.2696229	False
1464	3.6013958418575847	0.809133113639004	0.22467208526060178	AFTPH	0.2696229	False
1465	3.6013958418575847	0.809133113639004	0.22467208526060178	LINC02579	0.2696229	False
1466	3.6013958418575847	0.809133113639004	0.22467208526060178	SERTAD2	0.2696229	False
1467	3.6013958418575847	0.809133113639004	0.22467208526060178	LINC01800	0.2696229	False
1468	3.1940932592434015	0.5433480922481938	0.17011027798759357	LINC02245	0.2696204	False
1469	3.1940932592434015	0.5433480922481938	0.17011027798759357	SLC1A4	0.2696204	False
1470	3.1940932592434015	0.5433480922481938	0.17011027798759357	CEP68	0.2696204	False
1471	3.1940932592434015	0.5433480922481938	0.17011027798759357	RAB1A	0.2696204	False
1472	2.919687781139694	0.4853345185946262	0.16622822540469614	ACTR2	0.26961955	False
1473	2.919687781139694	0.4853345185946262	0.16622822540469614	SPRED2	0.26961955	False
1474	2.8601315285200943	0.5435532688151592	0.1900448505235029	MIR3126	0.2696199	False
1475	2.8601315285200943	0.5435532688151592	0.1900448505235029	GFPT1	0.2696199	False
1476	2.8601315285200943	0.5435532688151592	0.1900448505235029	NFU1	0.2696199	False
1477	2.8601315285200943	0.5435532688151592	0.1900448505235029	AAK1	0.2696199	False
1478	2.8601315285200943	0.5435532688151592	0.1900448505235029	SNORA36C	0.2696199	False
1479	2.8601315285200943	0.5435532688151592	0.1900448505235029	ANXA4	0.2696199	False
1480	2.8601315285200943	0.5435532688151592	0.1900448505235029	GMCL1	0.2696199	False
1481	2.8704044134143083	0.44465097824900424	0.15490882614693927	TCF7L1	0.26961946	False
1482	2.8704044134143083	0.44465097824900424	0.15490882614693927	TGOLN2	0.26961946	False
1483	2.8704044134143083	0.44465097824900424	0.15490882614693927	RETSAT	0.26961946	False
1484	2.8704044134143083	0.44465097824900424	0.15490882614693927	ELMOD3	0.26961946	False
1485	2.8704044134143083	0.44465097824900424	0.15490882614693927	CAPG	0.26961946	False
1486	2.8704044134143083	0.44465097824900424	0.15490882614693927	SH2D6	0.26961946	False
1487	2.8704044134143083	0.44465097824900424	0.15490882614693927	MAT2A	0.26961946	False
1488	2.8704044134143083	0.44465097824900424	0.15490882614693927	GGCX	0.26961946	False
1489	2.8704044134143083	0.44465097824900424	0.15490882614693927	VAMP8	0.26961946	False
1490	2.8704044134143083	0.44465097824900424	0.15490882614693927	VAMP5	0.26961946	False
1491	2.8704044134143083	0.44465097824900424	0.15490882614693927	RNF181	0.26961946	False
1492	2.8704044134143083	0.44465097824900424	0.15490882614693927	TMEM150A	0.26961946	False
1493	2.8704044134143083	0.44465097824900424	0.15490882614693927	USP39	0.26961946	False
1494	2.8704044134143083	0.44465097824900424	0.15490882614693927	C2orf68	0.26961946	False
1495	2.8704044134143083	0.44465097824900424	0.15490882614693927	SFTPB	0.26961946	False
1496	2.8704044134143083	0.44465097824900424	0.15490882614693927	GNLY	0.26961946	False
1497	2.8704044134143083	0.44465097824900424	0.15490882614693927	ATOH8	0.26961946	False
1498	2.8704044134143083	0.44465097824900424	0.15490882614693927	MIR6071	0.26961946	False
1499	2.8704044134143083	0.44465097824900424	0.15490882614693927	LOC284950	0.26961946	False
1500	2.8704044134143083	0.44465097824900424	0.15490882614693927	ST3GAL5	0.26961946	False
1501	2.8704044134143083	0.44465097824900424	0.15490882614693927	ST3GAL5-AS1	0.26961946	False
1502	3.1971476423937673	1.083306604803338	0.3388353388623132	LINC01876	0.26962292	False
1503	3.5141464828944944	1.5180421349226212	0.4319803236182279	NR4A2	0.26962662	False
1504	3.5141464828944944	1.5180421349226212	0.4319803236182279	GPD2	0.26962662	False
1505	3.053428540903473	0.8604058728051099	0.2817835299825049	GALNT5	0.2696214	False
1506	3.053428540903473	0.8604058728051099	0.2817835299825049	ERMN	0.2696214	False
1507	3.053428540903473	0.8604058728051099	0.2817835299825049	CYTIP	0.2696214	False
1508	3.053428540903473	0.8604058728051099	0.2817835299825049	ACVR1C	0.2696214	False
1509	3.053428540903473	0.8604058728051099	0.2817835299825049	ACVR1	0.2696214	False
1510	3.11131414725473	0.9949943729884428	0.3197987493054589	TANK	0.26962253	False
1511	3.11131414725473	0.9949943729884428	0.3197987493054589	LOC101929512	0.26962253	False
1512	3.11131414725473	0.9949943729884428	0.3197987493054589	LINC01806	0.26962253	False
1513	3.11131414725473	0.9949943729884428	0.3197987493054589	PSMD14	0.26962253	False
1514	3.11131414725473	0.9949943729884428	0.3197987493054589	TBR1	0.26962253	False
1515	3.219285799929162	0.9777320483249314	0.3037108567205949	SLC4A10	0.2696225	False
1516	3.219285799929162	0.9777320483249314	0.3037108567205949	DPP4	0.2696225	False
1517	3.5479428857693427	1.4559119470031718	0.41035382864892683	GCG	0.26962626	False
1518	3.5479428857693427	1.4559119470031718	0.41035382864892683	LOC101929532	0.26962626	False
1519	3.5479428857693427	1.4559119470031718	0.41035382864892683	FAP	0.26962626	False
1520	3.5479428857693427	1.4559119470031718	0.41035382864892683	IFIH1	0.26962626	False
1521	3.5479428857693427	1.4559119470031718	0.41035382864892683	GCA	0.26962626	False
1522	3.5479428857693427	1.4559119470031718	0.41035382864892683	KCNH7	0.26962626	False
1523	3.5479428857693427	1.4559119470031718	0.41035382864892683	LOC101929570	0.26962626	False
1524	3.6344698950962364	1.4765196519902097	0.4062544730339865	FIGN	0.26962712	False
1525	3.6150967668006224	1.5353220435131858	0.4246973573744619	GRB14	0.26962736	False
1526	3.6150967668006224	1.5353220435131858	0.4246973573744619	COBLL1	0.26962736	False
1527	3.6150967668006224	1.5353220435131858	0.4246973573744619	SNORA70F	0.26962736	False
1528	3.6150967668006224	1.5353220435131858	0.4246973573744619	LOC101929633	0.26962736	False
1529	3.3106995866025004	1.0898157520326668	0.3291798979414666	SLC38A11	0.26962337	False
1530	3.3106995866025004	1.0898157520326668	0.3291798979414666	SCN3A	0.26962337	False
1531	3.023871149879216	0.6955382221194895	0.23001582661591638	HNRNPA3	0.26962066	False
1532	3.023871149879216	0.6955382221194895	0.23001582661591638	NFE2L2	0.26962066	False
1533	3.023871149879216	0.6955382221194895	0.23001582661591638	MIR3128	0.26962066	False
1534	3.023871149879216	0.6955382221194895	0.23001582661591638	LOC100130691	0.26962066	False
1535	3.023871149879216	0.6955382221194895	0.23001582661591638	MIR6512	0.26962066	False
1536	3.023871149879216	0.6955382221194895	0.23001582661591638	AGPS	0.26962066	False
1537	3.023871149879216	0.6955382221194895	0.23001582661591638	TTC30B	0.26962066	False
1538	3.023871149879216	0.6955382221194895	0.23001582661591638	TTC30A	0.26962066	False
1539	3.0336708076385235	0.662178180630498	0.2182762147307447	PDE11A	0.26962048	False
1540	3.2463234999255874	0.8881278981223276	0.27357960417151445	RBM45	0.26962215	False
1541	3.2463234999255874	0.8881278981223276	0.27357960417151445	OSBPL6	0.26962215	False
1542	3.2463234999255874	0.8881278981223276	0.27357960417151445	PRKRA-AS1	0.26962215	False
1543	3.2463234999255874	0.8881278981223276	0.27357960417151445	PRKRA	0.26962215	False
1544	3.2463234999255874	0.8881278981223276	0.27357960417151445	PJVK	0.26962215	False
1545	3.2463234999255874	0.8881278981223276	0.27357960417151445	FKBP7	0.26962215	False
1546	3.2463234999255874	0.8881278981223276	0.27357960417151445	PLEKHA3	0.26962215	False
1547	3.2463234999255874	0.8881278981223276	0.27357960417151445	TTN-AS1	0.26962215	False
1548	3.2463234999255874	0.8881278981223276	0.27357960417151445	TTN	0.26962215	False
1549	3.2463234999255874	0.8881278981223276	0.27357960417151445	LOC101927055	0.26962215	False
1550	3.086436116364434	0.7094534105369662	0.22986168635579715	CCDC141	0.26962084	False
1551	3.147796769352075	0.8473496851602232	0.2691881805745156	SESTD1	0.26962164	False
1552	3.147796769352075	0.8473496851602232	0.2691881805745156	ZNF385B	0.26962164	False
1553	3.147796769352075	0.8473496851602232	0.2691881805745156	MIR1258	0.26962164	False
1554	3.0125732208462974	0.7331976487640454	0.2433791961272477	CWC22	0.26962087	False
1555	3.421323303813284	1.6818286311887793	0.4915725530277345	ZC3H15	0.26962683	False
1556	3.421323303813284	1.6818286311887793	0.4915725530277345	ITGAV	0.26962683	False
1557	3.421323303813284	1.6818286311887793	0.4915725530277345	FAM171B	0.26962683	False
1558	3.421323303813284	1.6818286311887793	0.4915725530277345	ZSWIM2	0.26962683	False
1559	3.5927080715022455	1.6391363384606625	0.45623977953078676	CALCRL	0.26962763	False
1560	3.5927080715022455	1.6391363384606625	0.45623977953078676	TFPI	0.26962763	False
1561	3.5327323132543977	1.3015628103893668	0.3684295029957565	LINC01090	0.2696256	False
1562	3.6082300567663848	1.3930598338199807	0.3860784406492112	GULP1	0.26962635	False
1563	3.6082300567663848	1.3930598338199807	0.3860784406492112	MIR561	0.26962635	False
1564	3.6082300567663848	1.3930598338199807	0.3860784406492112	DIRC1	0.26962635	False
1565	3.667920225814152	1.2409273330022683	0.33831906273992784	COL3A1	0.26962593	False
1566	3.667920225814152	1.2409273330022683	0.33831906273992784	MIR1245A	0.26962593	False
1567	3.667920225814152	1.2409273330022683	0.33831906273992784	COL5A2	0.26962593	False
1568	3.970921006104322	1.6317706571190904	0.4109300221814136	MIR3129	0.26962963	False
1569	3.970921006104322	1.6317706571190904	0.4109300221814136	WDR75	0.26962963	False
1570	3.970921006104322	1.6317706571190904	0.4109300221814136	SLC40A1	0.26962963	False
1571	3.970921006104322	1.6317706571190904	0.4109300221814136	ASNSD1	0.26962963	False
1572	3.970921006104322	1.6317706571190904	0.4109300221814136	ANKAR	0.26962963	False
1573	3.970921006104322	1.6317706571190904	0.4109300221814136	OSGEPL1	0.26962963	False
1574	3.970921006104322	1.6317706571190904	0.4109300221814136	OSGEPL1-AS1	0.26962963	False
1575	3.970921006104322	1.6317706571190904	0.4109300221814136	ORMDL1	0.26962963	False
1576	3.970921006104322	1.6317706571190904	0.4109300221814136	PMS1	0.26962963	False
1577	3.8916742362032397	1.4098812614983043	0.3622814182087861	C2orf88	0.26962778	False
1578	3.8916742362032397	1.4098812614983043	0.3622814182087861	MSTN	0.26962778	False
1579	3.913169522528286	1.5784348722169577	0.4033648077676778	HIBCH	0.26962903	False
1580	3.913169522528286	1.5784348722169577	0.4033648077676778	INPP1	0.26962903	False
1581	3.913169522528286	1.5784348722169577	0.4033648077676778	MFSD6	0.26962903	False
1582	3.913169522528286	1.5784348722169577	0.4033648077676778	NEMP2	0.26962903	False
1583	3.913169522528286	1.5784348722169577	0.4033648077676778	NAB1	0.26962903	False
1584	3.9229828386876635	1.5614276776764973	0.3980205221083338	GLS	0.26962897	False
1585	3.9229828386876635	1.5614276776764973	0.3980205221083338	STAT1	0.26962897	False
1586	3.9229828386876635	1.5614276776764973	0.3980205221083338	STAT4	0.26962897	False
1587	4.037614623045338	1.924114119291223	0.47654724359007195	MYO1B	0.26963222	False
1588	4.037614623045338	1.924114119291223	0.47654724359007195	NABP1	0.26963222	False
1589	4.037614623045338	1.924114119291223	0.47654724359007195	CAVIN2	0.26963222	False
1590	3.5570768799816928	1.3268617352562009	0.37302025793241494	TMEFF2	0.26962546	False
1591	3.4541536831435997	1.4212048999661404	0.4114480797139033	PCGEM1	0.26962557	False
1592	3.049486693176394	0.9702238030167003	0.3181597103498424	PGAP1	0.26962227	False
1593	3.049486693176394	0.9702238030167003	0.3181597103498424	ANKRD44	0.26962227	False
1594	3.124180425905818	1.0631101720762521	0.3402844993397	ANKRD44-IT1	0.26962292	False
1595	3.124180425905818	1.0631101720762521	0.3402844993397	SF3B1	0.26962292	False
1596	3.124180425905818	1.0631101720762521	0.3402844993397	COQ10B	0.26962292	False
1597	3.124180425905818	1.0631101720762521	0.3402844993397	HSPD1	0.26962292	False
1598	3.124180425905818	1.0631101720762521	0.3402844993397	HSPE1	0.26962292	False
1599	3.124180425905818	1.0631101720762521	0.3402844993397	HSPE1-MOB4	0.26962292	False
1600	3.124180425905818	1.0631101720762521	0.3402844993397	MOB4	0.26962292	False
1601	3.124180425905818	1.0631101720762521	0.3402844993397	RFTN2	0.26962292	False
1602	3.124180425905818	1.0631101720762521	0.3402844993397	MARS2	0.26962292	False
1603	3.124180425905818	1.0631101720762521	0.3402844993397	BOLL	0.26962292	False
1604	2.9767179215314212	0.7092083411124408	0.23825177924402624	PLCL1	0.26962078	False
1605	2.9467840406513446	0.6360919170572428	0.21585969934757884	LINC01923	0.26962036	False
1606	2.97847874539956	0.5833069736930887	0.195840569483345	SATB2	0.26962006	False
1607	2.97847874539956	0.5833069736930887	0.195840569483345	SATB2-AS1	0.26962006	False
1608	2.97847874539956	0.5833069736930887	0.195840569483345	LINC01877	0.26962006	False
1609	2.97847874539956	0.5833069736930887	0.195840569483345	FTCDNL1	0.26962006	False
1610	2.9197516622275828	0.4999510605998766	0.17123067933059968	C2orf69	0.26961973	False
1611	2.9197516622275828	0.4999510605998766	0.17123067933059968	TYW5	0.26961973	False
1612	2.9197516622275828	0.4999510605998766	0.17123067933059968	MAIP1	0.26961973	False
1613	3.012917005057967	0.6195826971354352	0.2056421388625389	SPATS2L	0.26962045	False
1614	3.012917005057967	0.6195826971354352	0.2056421388625389	KCTD18	0.26962045	False
1615	3.012917005057967	0.6195826971354352	0.2056421388625389	SGO2	0.26962045	False
1616	3.012917005057967	0.6195826971354352	0.2056421388625389	AOX1	0.26962045	False
1617	3.012917005057967	0.6195826971354352	0.2056421388625389	LINC01792	0.26962045	False
1618	3.012917005057967	0.6195826971354352	0.2056421388625389	LOC101927795	0.26962045	False
1619	3.012917005057967	0.6195826971354352	0.2056421388625389	BZW1	0.26962045	False
1620	3.012917005057967	0.6195826971354352	0.2056421388625389	CLK1	0.26962045	False
1621	3.012917005057967	0.6195826971354352	0.2056421388625389	PPIL3	0.26962045	False
1622	2.8720854160124083	0.46456950918138196	0.16175337494885106	NIF3L1	0.2696195	False
1623	2.8720854160124083	0.46456950918138196	0.16175337494885106	ORC2	0.2696195	False
1624	2.8720854160124083	0.46456950918138196	0.16175337494885106	FAM126B	0.2696195	False
1625	2.8720854160124083	0.46456950918138196	0.16175337494885106	NDUFB3	0.2696195	False
1626	2.856310509874384	0.474818082912643	0.1662347567854325	CFLAR	0.26961946	False
1627	2.856310509874384	0.474818082912643	0.1662347567854325	CFLAR-AS1	0.26961946	False
1628	2.856310509874384	0.474818082912643	0.1662347567854325	CASP10	0.26961946	False
1629	2.856310509874384	0.474818082912643	0.1662347567854325	CASP8	0.26961946	False
1630	2.856310509874384	0.474818082912643	0.1662347567854325	ALS2CR12	0.26961946	False
1631	2.856310509874384	0.474818082912643	0.1662347567854325	TRAK2	0.26961946	False
1632	2.856310509874384	0.474818082912643	0.1662347567854325	STRADB	0.26961946	False
1633	2.856310509874384	0.474818082912643	0.1662347567854325	C2CD6	0.26961946	False
1634	2.856310509874384	0.474818082912643	0.1662347567854325	TMEM237	0.26961946	False
1635	2.856310509874384	0.474818082912643	0.1662347567854325	MPP4	0.26961946	False
1636	2.856310509874384	0.474818082912643	0.1662347567854325	ALS2	0.26961946	False
1637	2.856310509874384	0.474818082912643	0.1662347567854325	CDK15	0.26961946	False
1638	2.9466441529342324	0.679915895173868	0.23074245137364685	MIR2355	0.26962054	False
1639	2.9466441529342324	0.679915895173868	0.23074245137364685	MIR7845	0.26962054	False
1640	2.9466441529342324	0.679915895173868	0.23074245137364685	MYOSLID-AS1	0.26962054	False
1641	2.9466441529342324	0.679915895173868	0.23074245137364685	MIR1302-4	0.26962054	False
1642	2.9466441529342324	0.679915895173868	0.23074245137364685	CREB1	0.26962054	False
1643	2.9466441529342324	0.679915895173868	0.23074245137364685	METTL21A	0.26962054	False
1644	2.9466441529342324	0.679915895173868	0.23074245137364685	CCNYL1	0.26962054	False
1645	2.9466441529342324	0.679915895173868	0.23074245137364685	MIR4775	0.26962054	False
1646	2.9466441529342324	0.679915895173868	0.23074245137364685	FZD5	0.26962054	False
1647	3.0905824426185817	0.6983851172668333	0.22597200697066896	PLEKHM3	0.26962084	False
1648	3.336026375171107	0.9518782175095971	0.28533294118838454	CRYGD	0.26962283	False
1649	3.336026375171107	0.9518782175095971	0.28533294118838454	CRYGC	0.26962283	False
1650	3.336026375171107	0.9518782175095971	0.28533294118838454	CRYGB	0.26962283	False
1651	3.336026375171107	0.9518782175095971	0.28533294118838454	CRYGA	0.26962283	False
1652	3.336026375171107	0.9518782175095971	0.28533294118838454	C2orf80	0.26962283	False
1653	3.336026375171107	0.9518782175095971	0.28533294118838454	IDH1	0.26962283	False
1654	3.336026375171107	0.9518782175095971	0.28533294118838454	IDH1-AS1	0.26962283	False
1655	3.336026375171107	0.9518782175095971	0.28533294118838454	PIKFYVE	0.26962283	False
1656	3.336026375171107	0.9518782175095971	0.28533294118838454	PTH2R	0.26962283	False
1657	3.7975864946181948	1.487182801805098	0.3916126213090027	MAP2	0.26962793	False
1658	3.8006540835508753	1.55865352823814	0.4101013914904671	UNC80	0.26962852	False
1659	3.8006540835508753	1.55865352823814	0.4101013914904671	RPE	0.26962852	False
1660	3.8006540835508753	1.55865352823814	0.4101013914904671	KANSL1L	0.26962852	False
1661	3.8006540835508753	1.55865352823814	0.4101013914904671	LOC101928020	0.26962852	False
1662	4.088575163426719	2.25049879580432	0.5504359601690998	ACADL	0.26963532	False
1663	4.088575163426719	2.25049879580432	0.5504359601690998	MYL1	0.26963532	False
1664	4.088575163426719	2.25049879580432	0.5504359601690998	LANCL1-AS1	0.26963532	False
1665	4.088575163426719	2.25049879580432	0.5504359601690998	LANCL1	0.26963532	False
1666	4.088575163426719	2.25049879580432	0.5504359601690998	CPS1	0.26963532	False
1667	4.088575163426719	2.25049879580432	0.5504359601690998	CPS1-IT1	0.26963532	False
1668	3.3638815475328445	1.2601648527935898	0.374616298162409	ERBB4	0.2696247	False
1669	3.2343054432220515	1.2490115357515996	0.38617612271873747	MIR548F2	0.26962394	False
1670	3.2343054432220515	1.2490115357515996	0.38617612271873747	LINC01878	0.26962394	False
1671	3.135796359726319	0.9877591602636482	0.3149946766153706	MIR4776-1	0.2696224	False
1672	3.135796359726319	0.9877591602636482	0.3149946766153706	IKZF2	0.2696224	False
1673	2.7615959819740934	0.3735866698510581	0.13527926325559186	CXCR2	0.26961887	False
1674	2.7615959819740934	0.3735866698510581	0.13527926325559186	CXCR1	0.26961887	False
1675	2.7615959819740934	0.3735866698510581	0.13527926325559186	ARPC2	0.26961887	False
1676	2.7615959819740934	0.3735866698510581	0.13527926325559186	GPBAR1	0.26961887	False
1677	2.7615959819740934	0.3735866698510581	0.13527926325559186	AAMP	0.26961887	False
1678	2.7615959819740934	0.3735866698510581	0.13527926325559186	PNKD	0.26961887	False
1679	2.7615959819740934	0.3735866698510581	0.13527926325559186	TMBIM1	0.26961887	False
1680	2.7615959819740934	0.3735866698510581	0.13527926325559186	MIR6513	0.26961887	False
1681	2.7615959819740934	0.3735866698510581	0.13527926325559186	CATIP-AS2	0.26961887	False
1682	2.7615959819740934	0.3735866698510581	0.13527926325559186	MIR6810	0.26961887	False
1683	2.7615959819740934	0.3735866698510581	0.13527926325559186	CATIP	0.26961887	False
1684	2.7615959819740934	0.3735866698510581	0.13527926325559186	CATIP-AS1	0.26961887	False
1685	2.7615959819740934	0.3735866698510581	0.13527926325559186	SLC11A1	0.26961887	False
1686	2.7615959819740934	0.3735866698510581	0.13527926325559186	CTDSP1	0.26961887	False
1687	2.7615959819740934	0.3735866698510581	0.13527926325559186	MIR26B	0.26961887	False
1688	2.7615959819740934	0.3735866698510581	0.13527926325559186	VIL1	0.26961887	False
1689	2.7615959819740934	0.3735866698510581	0.13527926325559186	USP37	0.26961887	False
1690	2.7615959819740934	0.3735866698510581	0.13527926325559186	CNOT9	0.26961887	False
1691	2.7615959819740934	0.3735866698510581	0.13527926325559186	PLCD4	0.26961887	False
1692	2.7615959819740934	0.3735866698510581	0.13527926325559186	ZNF142	0.26961887	False
1693	2.7615959819740934	0.3735866698510581	0.13527926325559186	BCS1L	0.26961887	False
1694	2.7615959819740934	0.3735866698510581	0.13527926325559186	RNF25	0.26961887	False
1695	2.7615959819740934	0.3735866698510581	0.13527926325559186	STK36	0.26961887	False
1696	2.7615959819740934	0.3735866698510581	0.13527926325559186	TTLL4	0.26961887	False
1697	2.7615959819740934	0.3735866698510581	0.13527926325559186	CYP27A1	0.26961887	False
1698	2.7615959819740934	0.3735866698510581	0.13527926325559186	PRKAG3	0.26961887	False
1699	2.7615959819740934	0.3735866698510581	0.13527926325559186	WNT6	0.26961887	False
1700	2.7615959819740934	0.3735866698510581	0.13527926325559186	WNT10A	0.26961887	False
1701	2.785178643656345	0.4207250956956152	0.15105856733961345	SLC23A3	0.26961908	False
1702	2.785178643656345	0.4207250956956152	0.15105856733961345	CNPPD1	0.26961908	False
1703	2.785178643656345	0.4207250956956152	0.15105856733961345	RETREG2	0.26961908	False
1704	2.785178643656345	0.4207250956956152	0.15105856733961345	ZFAND2B	0.26961908	False
1705	2.785178643656345	0.4207250956956152	0.15105856733961345	ABCB6	0.26961908	False
1706	2.785178643656345	0.4207250956956152	0.15105856733961345	ATG9A	0.26961908	False
1707	2.785178643656345	0.4207250956956152	0.15105856733961345	ANKZF1	0.26961908	False
1708	2.785178643656345	0.4207250956956152	0.15105856733961345	GLB1L	0.26961908	False
1709	2.785178643656345	0.4207250956956152	0.15105856733961345	STK16	0.26961908	False
1710	2.785178643656345	0.4207250956956152	0.15105856733961345	TUBA4A	0.26961908	False
1711	2.785178643656345	0.4207250956956152	0.15105856733961345	TUBA4B	0.26961908	False
1712	2.785178643656345	0.4207250956956152	0.15105856733961345	DNAJB2	0.26961908	False
1713	2.785178643656345	0.4207250956956152	0.15105856733961345	PTPRN	0.26961908	False
1714	2.785178643656345	0.4207250956956152	0.15105856733961345	MIR153-1	0.26961908	False
1715	2.785178643656345	0.4207250956956152	0.15105856733961345	RESP18	0.26961908	False
1716	2.785178643656345	0.4207250956956152	0.15105856733961345	DNPEP	0.26961908	False
1717	2.785178643656345	0.4207250956956152	0.15105856733961345	DES	0.26961908	False
1718	2.785178643656345	0.4207250956956152	0.15105856733961345	SPEG	0.26961908	False
1719	2.785178643656345	0.4207250956956152	0.15105856733961345	LOC100996693	0.26961908	False
1720	2.785178643656345	0.4207250956956152	0.15105856733961345	GMPPA	0.26961908	False
1721	2.785178643656345	0.4207250956956152	0.15105856733961345	ASIC4	0.26961908	False
1722	2.785178643656345	0.4207250956956152	0.15105856733961345	CHPF	0.26961908	False
1723	2.785178643656345	0.4207250956956152	0.15105856733961345	TMEM198	0.26961908	False
1724	2.785178643656345	0.4207250956956152	0.15105856733961345	MIR3132	0.26961908	False
1725	2.785178643656345	0.4207250956956152	0.15105856733961345	OBSL1	0.26961908	False
1726	2.785178643656345	0.4207250956956152	0.15105856733961345	INHA	0.26961908	False
1727	2.785178643656345	0.4207250956956152	0.15105856733961345	STK11IP	0.26961908	False
1728	2.785178643656345	0.4207250956956152	0.15105856733961345	SLC4A3	0.26961908	False
1729	2.670863264728002	0.2170679263279835	0.08127257175409519	MAP4	0.2696181	False
1730	2.823373987275537	0.27661599591269315	0.09797355828854203	CDC25A	0.26961848	False
1731	2.823373987275537	0.27661599591269315	0.09797355828854203	MIR4443	0.26961848	False
1732	2.823373987275537	0.27661599591269315	0.09797355828854203	CAMP	0.26961848	False
1733	2.823373987275537	0.27661599591269315	0.09797355828854203	ZNF589	0.26961848	False
1734	2.823373987275537	0.27661599591269315	0.09797355828854203	NME6	0.26961848	False
1735	2.823373987275537	0.27661599591269315	0.09797355828854203	SPINK8	0.26961848	False
1736	2.823373987275537	0.27661599591269315	0.09797355828854203	MIR2115	0.26961848	False
1737	2.823373987275537	0.27661599591269315	0.09797355828854203	FBXW12	0.26961848	False
1738	2.823373987275537	0.27661599591269315	0.09797355828854203	PLXNB1	0.26961848	False
1739	2.823373987275537	0.27661599591269315	0.09797355828854203	CCDC51	0.26961848	False
1740	2.823373987275537	0.27661599591269315	0.09797355828854203	TMA7	0.26961848	False
1741	2.823373987275537	0.27661599591269315	0.09797355828854203	ATRIP	0.26961848	False
1742	2.823373987275537	0.27661599591269315	0.09797355828854203	TREX1	0.26961848	False
1743	2.823373987275537	0.27661599591269315	0.09797355828854203	SHISA5	0.26961848	False
1744	2.823373987275537	0.27661599591269315	0.09797355828854203	PFKFB4	0.26961848	False
1745	2.823373987275537	0.27661599591269315	0.09797355828854203	MIR6823	0.26961848	False
1746	2.823373987275537	0.27661599591269315	0.09797355828854203	UCN2	0.26961848	False
1747	2.823373987275537	0.27661599591269315	0.09797355828854203	COL7A1	0.26961848	False
1748	2.823373987275537	0.27661599591269315	0.09797355828854203	MIR711	0.26961848	False
1749	2.823373987275537	0.27661599591269315	0.09797355828854203	UQCRC1	0.26961848	False
1750	2.823373987275537	0.27661599591269315	0.09797355828854203	TMEM89	0.26961848	False
1751	2.823373987275537	0.27661599591269315	0.09797355828854203	SLC26A6	0.26961848	False
1752	2.823373987275537	0.27661599591269315	0.09797355828854203	MIR6824	0.26961848	False
1753	2.823373987275537	0.27661599591269315	0.09797355828854203	CELSR3	0.26961848	False
1754	2.823373987275537	0.27661599591269315	0.09797355828854203	MIR4793	0.26961848	False
1755	2.823373987275537	0.27661599591269315	0.09797355828854203	LINC02585	0.26961848	False
1756	2.823373987275537	0.27661599591269315	0.09797355828854203	NCKIPSD	0.26961848	False
1757	2.823373987275537	0.27661599591269315	0.09797355828854203	IP6K2	0.26961848	False
1758	2.823373987275537	0.27661599591269315	0.09797355828854203	PRKAR2A	0.26961848	False
1759	2.823373987275537	0.27661599591269315	0.09797355828854203	PRKAR2A-AS1	0.26961848	False
1760	2.823373987275537	0.27661599591269315	0.09797355828854203	SLC25A20	0.26961848	False
1761	2.870136167374287	0.2611615605689348	0.09099274227391645	ARIH2OS	0.2696184	False
1762	2.870136167374287	0.2611615605689348	0.09099274227391645	ARIH2	0.2696184	False
1763	2.870136167374287	0.2611615605689348	0.09099274227391645	P4HTM	0.2696184	False
1764	2.870136167374287	0.2611615605689348	0.09099274227391645	WDR6	0.2696184	False
1765	2.870136167374287	0.2611615605689348	0.09099274227391645	DALRD3	0.2696184	False
1766	2.870136167374287	0.2611615605689348	0.09099274227391645	MIR425	0.2696184	False
1767	2.870136167374287	0.2611615605689348	0.09099274227391645	NDUFAF3	0.2696184	False
1768	2.870136167374287	0.2611615605689348	0.09099274227391645	MIR191	0.2696184	False
1769	2.870136167374287	0.2611615605689348	0.09099274227391645	IMPDH2	0.2696184	False
1770	2.870136167374287	0.2611615605689348	0.09099274227391645	QRICH1	0.2696184	False
1771	2.870136167374287	0.2611615605689348	0.09099274227391645	QARS	0.2696184	False
1772	2.870136167374287	0.2611615605689348	0.09099274227391645	MIR6890	0.2696184	False
1773	3.0085095535404633	0.3207574323548817	0.10661672387824365	USP19	0.2696189	False
1774	3.0085095535404633	0.3207574323548817	0.10661672387824365	LAMB2	0.2696189	False
1775	3.0085095535404633	0.3207574323548817	0.10661672387824365	CCDC71	0.2696189	False
1776	3.0085095535404633	0.3207574323548817	0.10661672387824365	KLHDC8B	0.2696189	False
1777	3.0085095535404633	0.3207574323548817	0.10661672387824365	C3orf84	0.2696189	False
1778	3.0085095535404633	0.3207574323548817	0.10661672387824365	CCDC36	0.2696189	False
1779	3.0085095535404633	0.3207574323548817	0.10661672387824365	C3orf62	0.2696189	False
1780	3.0085095535404633	0.3207574323548817	0.10661672387824365	MIR4271	0.2696189	False
1781	3.0085095535404633	0.3207574323548817	0.10661672387824365	USP4	0.2696189	False
1782	3.0085095535404633	0.3207574323548817	0.10661672387824365	GPX1	0.2696189	False
1783	3.0085095535404633	0.3207574323548817	0.10661672387824365	RHOA	0.2696189	False
1784	3.0085095535404633	0.3207574323548817	0.10661672387824365	TCTA	0.2696189	False
1785	3.0085095535404633	0.3207574323548817	0.10661672387824365	AMT	0.2696189	False
1786	3.0085095535404633	0.3207574323548817	0.10661672387824365	NICN1	0.2696189	False
1787	3.0085095535404633	0.3207574323548817	0.10661672387824365	DAG1	0.2696189	False
1788	3.0085095535404633	0.3207574323548817	0.10661672387824365	BSN-DT	0.2696189	False
1789	3.0085095535404633	0.3207574323548817	0.10661672387824365	BSN	0.2696189	False
1790	3.0085095535404633	0.3207574323548817	0.10661672387824365	APEH	0.2696189	False
1791	3.0085095535404633	0.3207574323548817	0.10661672387824365	MST1	0.2696189	False
1792	3.0085095535404633	0.3207574323548817	0.10661672387824365	RNF123	0.2696189	False
1793	3.0085095535404633	0.3207574323548817	0.10661672387824365	AMIGO3	0.2696189	False
1794	3.0085095535404633	0.3207574323548817	0.10661672387824365	GMPPB	0.2696189	False
1795	3.0085095535404633	0.3207574323548817	0.10661672387824365	IP6K1	0.2696189	False
1796	3.0085095535404633	0.3207574323548817	0.10661672387824365	CDHR4	0.2696189	False
1797	3.0085095535404633	0.3207574323548817	0.10661672387824365	INKA1	0.2696189	False
1798	3.0085095535404633	0.3207574323548817	0.10661672387824365	UBA7	0.2696189	False
1799	3.0085095535404633	0.3207574323548817	0.10661672387824365	MIR5193	0.2696189	False
1800	3.0085095535404633	0.3207574323548817	0.10661672387824365	TRAIP	0.2696189	False
1801	3.0085095535404633	0.3207574323548817	0.10661672387824365	CAMKV	0.2696189	False
1802	3.027476309284524	0.2960991571390388	0.09780395513945911	MST1R	0.26961872	False
1803	3.027476309284524	0.2960991571390388	0.09780395513945911	MON1A	0.26961872	False
1804	3.027476309284524	0.2960991571390388	0.09780395513945911	RBM6	0.26961872	False
1805	3.027476309284524	0.2960991571390388	0.09780395513945911	RBM5	0.26961872	False
1806	3.027476309284524	0.2960991571390388	0.09780395513945911	RBM5-AS1	0.26961872	False
1807	3.1365376889642063	0.36464430099979256	0.11625694863568203	SEMA3F-AS1	0.26961932	False
1808	3.1365376889642063	0.36464430099979256	0.11625694863568203	SEMA3F	0.26961932	False
1809	3.1365376889642063	0.36464430099979256	0.11625694863568203	GNAT1	0.26961932	False
1810	3.1365376889642063	0.36464430099979256	0.11625694863568203	SLC38A3	0.26961932	False
1811	3.1365376889642063	0.36464430099979256	0.11625694863568203	GNAI2	0.26961932	False
1812	3.1365376889642063	0.36464430099979256	0.11625694863568203	MIR5787	0.26961932	False
1813	3.1365376889642063	0.36464430099979256	0.11625694863568203	SEMA3B-AS1	0.26961932	False
1814	3.1365376889642063	0.36464430099979256	0.11625694863568203	SEMA3B	0.26961932	False
1815	3.1365376889642063	0.36464430099979256	0.11625694863568203	MIR6872	0.26961932	False
1816	3.1365376889642063	0.36464430099979256	0.11625694863568203	LSMEM2	0.26961932	False
1817	3.1365376889642063	0.36464430099979256	0.11625694863568203	IFRD2	0.26961932	False
1818	3.1365376889642063	0.36464430099979256	0.11625694863568203	HYAL3	0.26961932	False
1819	3.1365376889642063	0.36464430099979256	0.11625694863568203	NAA80	0.26961932	False
1820	3.1365376889642063	0.36464430099979256	0.11625694863568203	HYAL1	0.26961932	False
1821	3.1365376889642063	0.36464430099979256	0.11625694863568203	HYAL2	0.26961932	False
1822	3.1365376889642063	0.36464430099979256	0.11625694863568203	TUSC2	0.26961932	False
1823	3.1365376889642063	0.36464430099979256	0.11625694863568203	RASSF1	0.26961932	False
1824	3.1365376889642063	0.36464430099979256	0.11625694863568203	RASSF1-AS1	0.26961932	False
1825	3.1365376889642063	0.36464430099979256	0.11625694863568203	ZMYND10	0.26961932	False
1826	3.1365376889642063	0.36464430099979256	0.11625694863568203	NPRL2	0.26961932	False
1827	3.1365376889642063	0.36464430099979256	0.11625694863568203	CYB561D2	0.26961932	False
1828	3.1365376889642063	0.36464430099979256	0.11625694863568203	TMEM115	0.26961932	False
1829	3.1365376889642063	0.36464430099979256	0.11625694863568203	CACNA2D2	0.26961932	False
1830	3.1365376889642063	0.36464430099979256	0.11625694863568203	C3orf18	0.26961932	False
1831	3.1365376889642063	0.36464430099979256	0.11625694863568203	HEMK1	0.26961932	False
1832	3.1365376889642063	0.36464430099979256	0.11625694863568203	CISH	0.26961932	False
1833	3.1365376889642063	0.36464430099979256	0.11625694863568203	MAPKAPK3	0.26961932	False
1834	3.1365376889642063	0.36464430099979256	0.11625694863568203	MIR4787	0.26961932	False
1835	3.0832948027821194	0.3176342780453954	0.10301780996056152	DOCK3	0.26961887	False
1836	3.076870488264527	0.35734226478592207	0.11613822101023069	MANF	0.26961923	False
1837	3.076870488264527	0.35734226478592207	0.11613822101023069	RBM15B	0.26961923	False
1838	3.076870488264527	0.35734226478592207	0.11613822101023069	DCAF1	0.26961923	False
1839	3.076870488264527	0.35734226478592207	0.11613822101023069	RAD54L2	0.26961923	False
1840	3.076870488264527	0.35734226478592207	0.11613822101023069	TEX264	0.26961923	False
1841	3.076870488264527	0.35734226478592207	0.11613822101023069	GRM2	0.26961923	False
1842	3.076870488264527	0.35734226478592207	0.11613822101023069	IQCF6	0.26961923	False
1843	3.076870488264527	0.35734226478592207	0.11613822101023069	IQCF3	0.26961923	False
1844	3.076870488264527	0.35734226478592207	0.11613822101023069	IQCF2	0.26961923	False
1845	3.076870488264527	0.35734226478592207	0.11613822101023069	IQCF5-AS1	0.26961923	False
1846	3.076870488264527	0.35734226478592207	0.11613822101023069	IQCF5	0.26961923	False
1847	2.94476093355756	0.31178647919843094	0.10587836711816272	IQCF1	0.26961875	False
1848	2.94476093355756	0.31178647919843094	0.10587836711816272	RRP9	0.26961875	False
1849	2.94476093355756	0.31178647919843094	0.10587836711816272	PARP3	0.26961875	False
1850	2.94476093355756	0.31178647919843094	0.10587836711816272	GPR62	0.26961875	False
1851	2.94476093355756	0.31178647919843094	0.10587836711816272	PCBP4	0.26961875	False
1852	2.94476093355756	0.31178647919843094	0.10587836711816272	ABHD14B	0.26961875	False
1853	2.94476093355756	0.31178647919843094	0.10587836711816272	ABHD14A	0.26961875	False
1854	2.94476093355756	0.31178647919843094	0.10587836711816272	ABHD14A-ACY1	0.26961875	False
1855	2.94476093355756	0.31178647919843094	0.10587836711816272	ACY1	0.26961875	False
1856	2.94476093355756	0.31178647919843094	0.10587836711816272	RPL29	0.26961875	False
1857	2.94476093355756	0.31178647919843094	0.10587836711816272	DUSP7	0.26961875	False
1858	2.94476093355756	0.31178647919843094	0.10587836711816272	POC1A	0.26961875	False
1859	2.944268850323331	0.37154731710689526	0.12619340691869665	ALAS1	0.26961905	False
1860	2.944268850323331	0.37154731710689526	0.12619340691869665	TLR9	0.26961905	False
1861	2.944268850323331	0.37154731710689526	0.12619340691869665	TWF2	0.26961905	False
1862	2.944268850323331	0.37154731710689526	0.12619340691869665	LOC101929054	0.26961905	False
1863	2.944268850323331	0.37154731710689526	0.12619340691869665	PPM1M	0.26961905	False
1864	2.944268850323331	0.37154731710689526	0.12619340691869665	WDR82	0.26961905	False
1865	2.944268850323331	0.37154731710689526	0.12619340691869665	MIRLET7G	0.26961905	False
1866	2.944268850323331	0.37154731710689526	0.12619340691869665	GLYCTK	0.26961905	False
1867	2.944268850323331	0.37154731710689526	0.12619340691869665	GLYCTK-AS1	0.26961905	False
1868	2.944268850323331	0.37154731710689526	0.12619340691869665	MIR135A1	0.26961905	False
1869	2.944268850323331	0.37154731710689526	0.12619340691869665	DNAH1	0.26961905	False
1870	2.944268850323331	0.37154731710689526	0.12619340691869665	BAP1	0.26961905	False
1871	2.944268850323331	0.37154731710689526	0.12619340691869665	PHF7	0.26961905	False
1872	2.944268850323331	0.37154731710689526	0.12619340691869665	SEMA3G	0.26961905	False
1873	2.944268850323331	0.37154731710689526	0.12619340691869665	TNNC1	0.26961905	False
1874	2.944268850323331	0.37154731710689526	0.12619340691869665	NISCH	0.26961905	False
1875	2.944268850323331	0.37154731710689526	0.12619340691869665	STAB1	0.26961905	False
1876	2.944268850323331	0.37154731710689526	0.12619340691869665	NT5DC2	0.26961905	False
1877	2.944268850323331	0.37154731710689526	0.12619340691869665	SMIM4	0.26961905	False
1878	2.944268850323331	0.37154731710689526	0.12619340691869665	PBRM1	0.26961905	False
1879	2.944268850323331	0.37154731710689526	0.12619340691869665	GNL3	0.26961905	False
1880	2.944268850323331	0.37154731710689526	0.12619340691869665	SNORD136	0.26961905	False
1881	2.944268850323331	0.37154731710689526	0.12619340691869665	SNORD19	0.26961905	False
1882	2.944268850323331	0.37154731710689526	0.12619340691869665	SNORD19B	0.26961905	False
1883	2.944268850323331	0.37154731710689526	0.12619340691869665	SNORD69	0.26961905	False
1884	2.944268850323331	0.37154731710689526	0.12619340691869665	GLT8D1	0.26961905	False
1885	2.944268850323331	0.37154731710689526	0.12619340691869665	SPCS1	0.26961905	False
1886	2.944268850323331	0.37154731710689526	0.12619340691869665	NEK4	0.26961905	False
1887	2.944268850323331	0.37154731710689526	0.12619340691869665	ITIH1	0.26961905	False
1888	2.944268850323331	0.37154731710689526	0.12619340691869665	ITIH3	0.26961905	False
1889	2.944268850323331	0.37154731710689526	0.12619340691869665	ITIH4	0.26961905	False
1890	2.944268850323331	0.37154731710689526	0.12619340691869665	ITIH4-AS1	0.26961905	False
1891	2.944268850323331	0.37154731710689526	0.12619340691869665	MUSTN1	0.26961905	False
1892	2.944268850323331	0.37154731710689526	0.12619340691869665	TMEM110-MUSTN1	0.26961905	False
1893	2.944268850323331	0.37154731710689526	0.12619340691869665	STIMATE	0.26961905	False
1894	2.944268850323331	0.37154731710689526	0.12619340691869665	MIR8064	0.26961905	False
1895	3.5932591144531583	1.5613781079874243	0.4345297843139384	MIR3923	0.26962736	False
1896	3.475587636692123	1.5028940885516944	0.43241438445847047	LINC02027	0.26962635	False
1897	3.587044669071272	1.9443559679933613	0.5420495553786282	GBE1	0.26962942	False
1898	3.1161293470078033	0.9571423623447248	0.30715745585586823	CRYBG3	0.26962188	False
1899	3.1161293470078033	0.9571423623447248	0.30715745585586823	RIOX2	0.26962188	False
1900	3.1161293470078033	0.9571423623447248	0.30715745585586823	GABRR3	0.26962188	False
1901	3.1161293470078033	0.9571423623447248	0.30715745585586823	OR5AC2	0.26962188	False
1902	3.3304925200821107	1.158803718046598	0.3479376431741779	OR5H1	0.2696236	False
1903	3.3304925200821107	1.158803718046598	0.3479376431741779	OR5H14	0.2696236	False
1904	3.3304925200821107	1.158803718046598	0.3479376431741779	OR5H15	0.2696236	False
1905	3.3304925200821107	1.158803718046598	0.3479376431741779	OR5H6	0.2696236	False
1906	3.3304925200821107	1.158803718046598	0.3479376431741779	OR5H2	0.2696236	False
1907	3.3304925200821107	1.158803718046598	0.3479376431741779	OR5K4	0.2696236	False
1908	3.3304925200821107	1.158803718046598	0.3479376431741779	OR5K3	0.2696236	False
1909	3.3304925200821107	1.158803718046598	0.3479376431741779	OR5K1	0.2696236	False
1910	3.3304925200821107	1.158803718046598	0.3479376431741779	OR5K2	0.2696236	False
1911	3.3304925200821107	1.158803718046598	0.3479376431741779	CLDND1	0.2696236	False
1912	3.3304925200821107	1.158803718046598	0.3479376431741779	GPR15	0.2696236	False
1913	3.3304925200821107	1.158803718046598	0.3479376431741779	CPOX	0.2696236	False
1914	3.3304925200821107	1.158803718046598	0.3479376431741779	ST3GAL6-AS1	0.2696236	False
1915	3.3304925200821107	1.158803718046598	0.3479376431741779	ST3GAL6	0.2696236	False
1916	3.244662174663116	0.8848895513353069	0.27272162823150686	DCBLD2	0.2696222	False
1917	3.256399694872089	0.8614293865471049	0.26453429162999037	COL8A1	0.2696222	False
1918	3.3415719776563404	0.8442815121298567	0.25265998092371056	CMSS1	0.26962245	False
1919	3.3415719776563404	0.8442815121298567	0.25265998092371056	FILIP1L	0.26962245	False
1920	3.3415719776563404	0.8442815121298567	0.25265998092371056	MIR3921	0.26962245	False
1921	3.5525412849580356	1.0866404440874777	0.30587693623392015	TMEM30CP	0.26962444	False
1922	3.5525412849580356	1.0866404440874777	0.30587693623392015	TBC1D23	0.26962444	False
1923	3.5525412849580356	1.0866404440874777	0.30587693623392015	NIT2	0.26962444	False
1924	3.5525412849580356	1.0866404440874777	0.30587693623392015	TOMM70	0.26962444	False
1925	3.5525412849580356	1.0866404440874777	0.30587693623392015	LNP1	0.26962444	False
1926	3.5525412849580356	1.0866404440874777	0.30587693623392015	TMEM45A	0.26962444	False
1927	3.5525412849580356	1.0866404440874777	0.30587693623392015	ADGRG7	0.26962444	False
1928	3.5525412849580356	1.0866404440874777	0.30587693623392015	TFG	0.26962444	False
1929	3.508901318476065	0.9890029010904303	0.28185543317586365	ABI3BP	0.26962382	False
1930	3.5625318615120234	1.169235243904409	0.3282034489393051	IMPG2	0.269625	False
1931	3.5625318615120234	1.169235243904409	0.3282034489393051	SENP7	0.269625	False
1932	3.5625318615120234	1.169235243904409	0.3282034489393051	TRMT10C	0.269625	False
1933	3.5625318615120234	1.169235243904409	0.3282034489393051	PCNP	0.269625	False
1934	3.5625318615120234	1.169235243904409	0.3282034489393051	ZBTB11	0.269625	False
1935	3.5625318615120234	1.169235243904409	0.3282034489393051	ZBTB11-AS1	0.269625	False
1936	3.5625318615120234	1.169235243904409	0.3282034489393051	RPL24	0.269625	False
1937	3.5625318615120234	1.169235243904409	0.3282034489393051	CEP97	0.269625	False
1938	3.5625318615120234	1.169235243904409	0.3282034489393051	NXPE3	0.269625	False
1939	3.5625318615120234	1.169235243904409	0.3282034489393051	NFKBIZ	0.269625	False
1940	3.4033447731608053	0.9811921664988605	0.2883023119598879	LINC02085	0.2696232	False
1941	3.4033447731608053	0.9811921664988605	0.2883023119598879	ZPLD1	0.2696232	False
1942	3.595804465253108	1.5799148778940222	0.43937730573534184	MIR548AB	0.26962742	False
1943	3.5067706336290745	1.8926108677201992	0.5397019267728899	ALCAM	0.26962858	False
1944	3.5067706336290745	1.8926108677201992	0.5397019267728899	CBLB	0.26962858	False
1945	2.911283970144086	0.6359057997306926	0.21842795352568103	CD200R1	0.2696204	False
1946	2.911283970144086	0.6359057997306926	0.21842795352568103	GTPBP8	0.2696204	False
1947	2.911283970144086	0.6359057997306926	0.21842795352568103	NEPRO	0.2696204	False
1948	3.00314504662684	0.7336180430798005	0.24428325361900416	LINC02044	0.2696209	False
1949	3.00314504662684	0.7336180430798005	0.24428325361900416	BOC	0.2696209	False
1950	3.00314504662684	0.7336180430798005	0.24428325361900416	CFAP44	0.2696209	False
1951	3.00314504662684	0.7336180430798005	0.24428325361900416	CFAP44-AS1	0.2696209	False
1952	3.00314504662684	0.7336180430798005	0.24428325361900416	MIR8076	0.2696209	False
1953	3.00314504662684	0.7336180430798005	0.24428325361900416	SPICE1	0.2696209	False
1954	3.00314504662684	0.7336180430798005	0.24428325361900416	SIDT1	0.2696209	False
1955	3.00314504662684	0.7336180430798005	0.24428325361900416	MIR4446	0.2696209	False
1956	3.00314504662684	0.7336180430798005	0.24428325361900416	USF3	0.2696209	False
1957	3.00314504662684	0.7336180430798005	0.24428325361900416	NAA50	0.2696209	False
1958	3.00314504662684	0.7336180430798005	0.24428325361900416	ATP6V1A	0.2696209	False
1959	2.9155763079371706	0.6373628382114079	0.21860612479127842	GRAMD1C	0.26962036	False
1960	2.9155763079371706	0.6373628382114079	0.21860612479127842	ZDHHC23	0.26962036	False
1961	2.9155763079371706	0.6373628382114079	0.21860612479127842	CCDC191	0.26962036	False
1962	2.9155763079371706	0.6373628382114079	0.21860612479127842	QTRT2	0.26962036	False
1963	2.9903938456513086	0.7544799045314525	0.25230118287884806	DRD3	0.269621	False
1964	2.9903938456513086	0.7544799045314525	0.25230118287884806	ZNF80	0.269621	False
1965	2.9903938456513086	0.7544799045314525	0.25230118287884806	TIGIT	0.269621	False
1966	2.9903938456513086	0.7544799045314525	0.25230118287884806	MIR568	0.269621	False
1967	2.9903938456513086	0.7544799045314525	0.25230118287884806	ZBTB20-AS1	0.269621	False
1968	2.9903938456513086	0.7544799045314525	0.25230118287884806	ZBTB20-AS5	0.269621	False
1969	2.9903938456513086	0.7544799045314525	0.25230118287884806	MIR4796	0.269621	False
1970	2.9903938456513086	0.7544799045314525	0.25230118287884806	ZBTB20-AS3	0.269621	False
1971	2.9652194168709354	0.6933123115175591	0.23381484269692962	GPR156	0.2696207	False
1972	2.9652194168709354	0.6933123115175591	0.23381484269692962	LRRC58	0.2696207	False
1973	2.9652194168709354	0.6933123115175591	0.23381484269692962	FSTL1	0.2696207	False
1974	2.9652194168709354	0.6933123115175591	0.23381484269692962	NDUFB4	0.2696207	False
1975	2.9652194168709354	0.6933123115175591	0.23381484269692962	HGD	0.2696207	False
1976	2.9652194168709354	0.6933123115175591	0.23381484269692962	RABL3	0.2696207	False
1977	2.9652194168709354	0.6933123115175591	0.23381484269692962	GTF2E1	0.2696207	False
1978	3.0101172263177776	0.6597060755332589	0.2191629182296882	DIPK2A	0.2696205	False
1979	3.3331065283481647	1.134788766343447	0.34045979529668097	PLOD2	0.26962355	False
1980	3.636168956403306	1.6433652276434623	0.4519496336245571	PLSCR4	0.2696277	False
1981	3.636168956403306	1.6433652276434623	0.4519496336245571	PLSCR2	0.2696277	False
1982	3.636168956403306	1.6433652276434623	0.4519496336245571	PLSCR1	0.2696277	False
1983	3.636168956403306	1.6433652276434623	0.4519496336245571	PLSCR5	0.2696277	False
1984	3.509156425594332	1.2330653285624524	0.35138511340474454	ZIC4	0.269625	False
1985	3.509156425594332	1.2330653285624524	0.35138511340474454	LOC440982	0.269625	False
1986	3.509156425594332	1.2330653285624524	0.35138511340474454	ZIC1	0.269625	False
1987	3.498138363481252	1.0154311545241153	0.29027758453601754	LINC02032	0.269624	False
1988	3.5798785566839775	1.1052987252139657	0.30875313441855917	AGTR1	0.26962474	False
1989	3.5798785566839775	1.1052987252139657	0.30875313441855917	CPB1	0.26962474	False
1990	3.5798785566839775	1.1052987252139657	0.30875313441855917	CPA3	0.26962474	False
1991	3.510088160839533	0.9531983239277841	0.2715596532765721	GYG1	0.26962352	False
1992	3.510088160839533	0.9531983239277841	0.2715596532765721	HLTF	0.26962352	False
1993	3.510088160839533	0.9531983239277841	0.2715596532765721	HLTF-AS1	0.26962352	False
1994	3.6411137522458352	1.141793307450221	0.3135835310681969	HPS3	0.26962507	False
1995	3.6411137522458352	1.141793307450221	0.3135835310681969	CP	0.26962507	False
1996	3.6411137522458352	1.141793307450221	0.3135835310681969	TM4SF18	0.26962507	False
1997	3.6411137522458352	1.141793307450221	0.3135835310681969	TM4SF1	0.26962507	False
1998	3.6411137522458352	1.141793307450221	0.3135835310681969	TM4SF1-AS1	0.26962507	False
1999	3.6411137522458352	1.141793307450221	0.3135835310681969	TM4SF4	0.26962507	False
2000	3.6411137522458352	1.141793307450221	0.3135835310681969	WWTR1	0.26962507	False
2001	3.6411137522458352	1.141793307450221	0.3135835310681969	WWTR1-AS1	0.26962507	False
2002	3.6411137522458352	1.141793307450221	0.3135835310681969	COMMD2	0.26962507	False
2003	3.4435850567060777	0.8749789519048351	0.25408954258321303	ANKUB1	0.26962292	False
2004	3.4435850567060777	0.8749789519048351	0.25408954258321303	RNF13	0.26962292	False
2005	3.4435850567060777	0.8749789519048351	0.25408954258321303	PFN2	0.26962292	False
2006	3.4343458745501563	0.9093050845036624	0.26476805706785916	LINC01213	0.26962304	False
2007	3.4343458745501563	0.9093050845036624	0.26476805706785916	LINC01214	0.26962304	False
2008	3.4343458745501563	0.9093050845036624	0.26476805706785916	TSC22D2	0.26962304	False
2009	3.4343458745501563	0.9093050845036624	0.26476805706785916	SERP1	0.26962304	False
2010	3.4343458745501563	0.9093050845036624	0.26476805706785916	EIF2A	0.26962304	False
2011	3.4343458745501563	0.9093050845036624	0.26476805706785916	SELENOT	0.26962304	False
2012	3.4343458745501563	0.9093050845036624	0.26476805706785916	ERICH6	0.26962304	False
2013	3.4343458745501563	0.9093050845036624	0.26476805706785916	ERICH6-AS1	0.26962304	False
2014	3.4343458745501563	0.9093050845036624	0.26476805706785916	SIAH2	0.26962304	False
2015	3.1633264915936508	0.6664470688040548	0.21067919184918082	CLRN1-AS1	0.26962093	False
2016	3.1633264915936508	0.6664470688040548	0.21067919184918082	CLRN1	0.26962093	False
2017	3.1633264915936508	0.6664470688040548	0.21067919184918082	MED12L	0.26962093	False
2018	3.0283103471524475	0.6636072553051401	0.21913449390322134	GPR171	0.26962075	False
2019	3.0283103471524475	0.6636072553051401	0.21913449390322134	P2RY14	0.26962075	False
2020	3.0283103471524475	0.6636072553051401	0.21913449390322134	GPR87	0.26962075	False
2021	3.0283103471524475	0.6636072553051401	0.21913449390322134	P2RY13	0.26962075	False
2022	3.0283103471524475	0.6636072553051401	0.21913449390322134	P2RY12	0.26962075	False
2023	3.0283103471524475	0.6636072553051401	0.21913449390322134	IGSF10	0.26962075	False
2024	3.0283103471524475	0.6636072553051401	0.21913449390322134	MIR5186	0.26962075	False
2025	3.0283103471524475	0.6636072553051401	0.21913449390322134	AADACL2	0.26962075	False
2026	2.9279743320447236	0.5985097777149962	0.20441086903143463	AADACL2-AS1	0.26962012	False
2027	3.0283103471524475	0.6636072553051401	0.21913449390322134	AADAC	0.26962075	False
2028	3.0283103471524475	0.6636072553051401	0.21913449390322134	SUCNR1	0.26962075	False
2029	3.588912940694547	1.7555671374334672	0.48916403558502586	MIR1263	0.26962826	False
2030	3.588912940694547	1.7555671374334672	0.48916403558502586	LINC01324	0.26962826	False
2031	3.5116262021247904	1.52755378958129	0.4349989724581188	SI	0.26962668	False
2032	3.7979008936228835	2.09206786468808	0.5508484616333472	SLITRK3	0.26963162	False
2033	3.7979008936228835	2.09206786468808	0.5508484616333472	LINC01322	0.26963162	False
2034	3.7979008936228835	2.09206786468808	0.5508484616333472	BCHE	0.26963162	False
2035	3.2505480983089465	1.2762106589210869	0.39261399010985815	ZBBX	0.26962417	False
2036	3.2505480983089465	1.2762106589210869	0.39261399010985815	LINC01327	0.26962417	False
2037	3.2505480983089465	1.2762106589210869	0.39261399010985815	SERPINI2	0.26962417	False
2038	3.2505480983089465	1.2762106589210869	0.39261399010985815	WDR49	0.26962417	False
2039	3.2505480983089465	1.2762106589210869	0.39261399010985815	PDCD10	0.26962417	False
2040	3.2505480983089465	1.2762106589210869	0.39261399010985815	SERPINI1	0.26962417	False
2041	3.1457001669243003	0.9671026671818276	0.3074363785050149	LRRC77P	0.26962227	False
2042	3.1457001669243003	0.9671026671818276	0.3074363785050149	GOLIM4	0.26962227	False
2043	3.1361846122709176	1.0120842668243628	0.3227119547951326	MIR551B	0.2696225	False
2044	3.0826216324696163	0.7854229866869132	0.2547905907147217	LINC02082	0.26962137	False
2045	3.0826216324696163	0.7854229866869132	0.2547905907147217	MECOM	0.26962137	False
2046	3.174205107538421	0.846292608011377	0.2666156027540616	LOC105374205	0.26962173	False
2047	3.174205107538421	0.846292608011377	0.2666156027540616	TERC	0.26962173	False
2048	3.174205107538421	0.846292608011377	0.2666156027540616	ACTRT3	0.26962173	False
2049	3.174205107538421	0.846292608011377	0.2666156027540616	MYNN	0.26962173	False
2050	3.174205107538421	0.846292608011377	0.2666156027540616	LRRC34	0.26962173	False
2051	3.174205107538421	0.846292608011377	0.2666156027540616	LRRIQ4	0.26962173	False
2052	3.174205107538421	0.846292608011377	0.2666156027540616	LRRC31	0.26962173	False
2053	3.2125559739596796	0.7161191412439747	0.22291258021609264	SAMD7	0.26962122	False
2054	3.2125559739596796	0.7161191412439747	0.22291258021609264	LOC100128164	0.26962122	False
2055	3.2125559739596796	0.7161191412439747	0.22291258021609264	SEC62	0.26962122	False
2056	3.2125559739596796	0.7161191412439747	0.22291258021609264	GPR160	0.26962122	False
2057	3.2125559739596796	0.7161191412439747	0.22291258021609264	PHC3	0.26962122	False
2058	3.307171546947583	0.7989191880158294	0.24157174088934305	PRKCI	0.26962203	False
2059	3.307171546947583	0.7989191880158294	0.24157174088934305	SKIL	0.26962203	False
2060	3.307171546947583	0.7989191880158294	0.24157174088934305	CLDN11	0.26962203	False
2061	3.307171546947583	0.7989191880158294	0.24157174088934305	SLC7A14	0.26962203	False
2062	3.307171546947583	0.7989191880158294	0.24157174088934305	RPL22L1	0.26962203	False
2063	3.3760781808082987	0.7846343103573777	0.23240999418133174	EIF5A2	0.2696222	False
2064	3.3760781808082987	0.7846343103573777	0.23240999418133174	SLC2A2	0.2696222	False
2065	3.3760781808082987	0.7846343103573777	0.23240999418133174	TNIK	0.2696222	False
2066	3.529404922013529	0.97180370460943	0.2753449168011629	MIR569	0.26962352	False
2067	3.529404922013529	0.97180370460943	0.2753449168011629	PLD1	0.26962352	False
2068	3.4850395611018565	0.9269105492019483	0.2659684439590376	TMEM212	0.2696233	False
2069	3.4850395611018565	0.9269105492019483	0.2659684439590376	TMEM212-AS1	0.2696233	False
2070	3.4850395611018565	0.9269105492019483	0.2659684439590376	FNDC3B	0.2696233	False
2071	3.6385166056601688	1.1943689631234553	0.3282571147993291	GHSR	0.26962543	False
2072	3.6385166056601688	1.1943689631234553	0.3282571147993291	TNFSF10	0.26962543	False
2073	3.6385166056601688	1.1943689631234553	0.3282571147993291	NCEH1	0.26962543	False
2074	3.6385166056601688	1.1943689631234553	0.3282571147993291	ECT2	0.26962543	False
2075	3.239813053382817	0.8159646765766059	0.25185548151447346	SPATA16	0.2696218	False
2076	2.775510944354875	0.307729107120802	0.11087295755280435	TRA2B	0.26961857	False
2077	2.775510944354875	0.307729107120802	0.11087295755280435	ETV5	0.26961857	False
2078	2.9034093947041124	0.41779495312396575	0.14389805098999597	DGKG	0.2696192	False
2079	2.9034093947041124	0.41779495312396575	0.14389805098999597	LINC02052	0.2696192	False
2080	2.9034093947041124	0.41779495312396575	0.14389805098999597	CRYGS	0.2696192	False
2081	2.9034093947041124	0.41779495312396575	0.14389805098999597	TBCCD1	0.2696192	False
2082	2.9034093947041124	0.41779495312396575	0.14389805098999597	DNAJB11	0.2696192	False
2083	2.9034093947041124	0.41779495312396575	0.14389805098999597	AHSG	0.2696192	False
2084	2.9034093947041124	0.41779495312396575	0.14389805098999597	FETUB	0.2696192	False
2085	2.9034093947041124	0.41779495312396575	0.14389805098999597	HRG	0.2696192	False
2086	2.9034093947041124	0.41779495312396575	0.14389805098999597	KNG1	0.2696192	False
2087	2.9034093947041124	0.41779495312396575	0.14389805098999597	EIF4A2	0.2696192	False
2088	2.9034093947041124	0.41779495312396575	0.14389805098999597	SNORD2	0.2696192	False
2089	2.9034093947041124	0.41779495312396575	0.14389805098999597	MIR1248	0.2696192	False
2090	2.9034093947041124	0.41779495312396575	0.14389805098999597	SNORA81	0.2696192	False
2091	2.9034093947041124	0.41779495312396575	0.14389805098999597	SNORA63	0.2696192	False
2092	2.9034093947041124	0.41779495312396575	0.14389805098999597	SNORA4	0.2696192	False
2093	2.9034093947041124	0.41779495312396575	0.14389805098999597	RFC4	0.2696192	False
2094	2.9034093947041124	0.41779495312396575	0.14389805098999597	LINC02043	0.2696192	False
2095	2.9034093947041124	0.41779495312396575	0.14389805098999597	ADIPOQ	0.2696192	False
2096	2.9034093947041124	0.41779495312396575	0.14389805098999597	ADIPOQ-AS1	0.2696192	False
2097	2.9026653103085525	0.40643309779926456	0.14002065493250437	ST6GAL1	0.2696192	False
2098	3.0458323597854555	0.5482235144724248	0.17999136187227355	RPL39L	0.26962012	False
2099	3.0458323597854555	0.5482235144724248	0.17999136187227355	LOC101929106	0.26962012	False
2100	3.0458323597854555	0.5482235144724248	0.17999136187227355	RTP1	0.26962012	False
2101	3.0458323597854555	0.5482235144724248	0.17999136187227355	MASP1	0.26962012	False
2102	3.0458323597854555	0.5482235144724248	0.17999136187227355	RTP4	0.26962012	False
2103	3.0458323597854555	0.5482235144724248	0.17999136187227355	SST	0.26962012	False
2104	3.0458323597854555	0.5482235144724248	0.17999136187227355	RTP2	0.26962012	False
2105	3.0458323597854555	0.5482235144724248	0.17999136187227355	LOC100131635	0.26962012	False
2106	3.0458323597854555	0.5482235144724248	0.17999136187227355	BCL6	0.26962012	False
2107	3.194925636717202	0.6882644671278813	0.21542425251408215	LPP-AS2	0.26962125	False
2108	3.194925636717202	0.6882644671278813	0.21542425251408215	LPP	0.26962125	False
2109	3.194925636717202	0.6882644671278813	0.21542425251408215	FLJ42393	0.26962125	False
2110	3.194925636717202	0.6882644671278813	0.21542425251408215	LPP-AS1	0.26962125	False
2111	3.194925636717202	0.6882644671278813	0.21542425251408215	MIR28	0.26962125	False
2112	3.175423338016771	0.6533254219924854	0.2057443535703569	TPRG1-AS1	0.269621	False
2113	3.175423338016771	0.6533254219924854	0.2057443535703569	TPRG1	0.269621	False
2114	3.26761401051097	0.8372227728721358	0.256218381418072	TPRG1-AS2	0.26962212	False
2115	3.26761401051097	0.8372227728721358	0.256218381418072	TP63	0.26962212	False
2116	3.26761401051097	0.8372227728721358	0.256218381418072	MIR944	0.26962212	False
2117	3.2324454086916825	0.8028170697244729	0.2483621432757342	P3H2	0.2696219	False
2118	3.3826342399432336	1.0761966712950295	0.3181534256902366	P3H2-AS1	0.2696237	False
2119	3.3826342399432336	1.0761966712950295	0.3181534256902366	CLDN1	0.2696237	False
2120	3.3826342399432336	1.0761966712950295	0.3181534256902366	CLDN16	0.2696237	False
2121	3.3826342399432336	1.0761966712950295	0.3181534256902366	TMEM207	0.2696237	False
2122	3.3826342399432336	1.0761966712950295	0.3181534256902366	IL1RAP	0.2696237	False
2123	3.3826342399432336	1.0761966712950295	0.3181534256902366	GMNC	0.2696237	False
2124	3.1063302815787566	0.7481367669545443	0.24084263395659022	LINC02616	0.2696211	False
2125	3.418211896823245	0.9514760706675053	0.2783549116869468	MIR4801	0.26962298	False
2126	3.418211896823245	0.9514760706675053	0.2783549116869468	NWD2	0.26962298	False
2127	3.418211896823245	0.9514760706675053	0.2783549116869468	C4orf19	0.26962298	False
2128	3.418211896823245	0.9514760706675053	0.2783549116869468	RELL1	0.26962298	False
2129	3.418211896823245	0.9514760706675053	0.2783549116869468	PGM2	0.26962298	False
2130	3.3916968749081113	0.7854427731922603	0.23157811625295663	TBC1D1	0.2696221	False
2131	3.3916968749081113	0.7854427731922603	0.23157811625295663	PTTG2	0.2696221	False
2132	3.552444606452422	0.8604395476461354	0.2422105459669352	LINC01258	0.26962298	False
2133	3.552444606452422	0.8604395476461354	0.2422105459669352	KLF3-AS1	0.26962298	False
2134	3.552444606452422	0.8604395476461354	0.2422105459669352	KLF3	0.26962298	False
2135	3.552444606452422	0.8604395476461354	0.2422105459669352	TLR10	0.26962298	False
2136	3.552444606452422	0.8604395476461354	0.2422105459669352	TLR1	0.26962298	False
2137	3.552444606452422	0.8604395476461354	0.2422105459669352	TLR6	0.26962298	False
2138	3.396568420858109	0.6606159212929253	0.19449510194940436	FAM114A1	0.26962137	False
2139	3.552444606452422	0.8604395476461354	0.2422105459669352	MIR574	0.26962298	False
2140	3.396568420858109	0.6606159212929253	0.19449510194940436	TMEM156	0.26962137	False
2141	3.396568420858109	0.6606159212929253	0.19449510194940436	KLHL5	0.26962137	False
2142	3.433994685418282	0.7043628331879078	0.20511471266360218	WDR19	0.26962173	False
2143	3.433994685418282	0.7043628331879078	0.20511471266360218	RFC1	0.26962173	False
2144	3.433994685418282	0.7043628331879078	0.20511471266360218	KLB	0.26962173	False
2145	3.433994685418282	0.7043628331879078	0.20511471266360218	MIR5591	0.26962173	False
2146	3.433994685418282	0.7043628331879078	0.20511471266360218	RPL9	0.26962173	False
2147	3.433994685418282	0.7043628331879078	0.20511471266360218	LIAS	0.26962173	False
2148	3.433994685418282	0.7043628331879078	0.20511471266360218	UGDH	0.26962173	False
2149	3.433994685418282	0.7043628331879078	0.20511471266360218	UGDH-AS1	0.26962173	False
2150	3.433994685418282	0.7043628331879078	0.20511471266360218	SMIM14	0.26962173	False
2151	3.433994685418282	0.7043628331879078	0.20511471266360218	UBE2K	0.26962173	False
2152	3.1151659643559	0.4940352885530761	0.15859035897473414	PDS5A	0.2696199	False
2153	3.1151659643559	0.4940352885530761	0.15859035897473414	N4BP2	0.2696199	False
2154	2.947686615013323	0.4540123144739601	0.1540232642647828	RHOH	0.26961938	False
2155	2.947686615013323	0.4540123144739601	0.1540232642647828	LINC02265	0.26961938	False
2156	2.947686615013323	0.4540123144739601	0.1540232642647828	CHRNA9	0.26961938	False
2157	2.947686615013323	0.4540123144739601	0.1540232642647828	RBM47	0.26961938	False
2158	2.947686615013323	0.4540123144739601	0.1540232642647828	MIR4802	0.26961938	False
2159	2.947686615013323	0.4540123144739601	0.1540232642647828	NSUN7	0.26961938	False
2160	3.4325823208424087	1.4869291933188387	0.4331809274581136	TEC	0.26962584	False
2161	3.4325823208424087	1.4869291933188387	0.4331809274581136	SLAIN2	0.26962584	False
2162	3.4325823208424087	1.4869291933188387	0.4331809274581136	SLC10A4	0.26962584	False
2163	3.4325823208424087	1.4869291933188387	0.4331809274581136	ZAR1	0.26962584	False
2164	3.4325823208424087	1.4869291933188387	0.4331809274581136	FRYL	0.26962584	False
2165	3.4325823208424087	1.4869291933188387	0.4331809274581136	OCIAD1	0.26962584	False
2166	3.4325823208424087	1.4869291933188387	0.4331809274581136	OCIAD2	0.26962584	False
2167	3.4325823208424087	1.4869291933188387	0.4331809274581136	CWH43	0.26962584	False
2168	3.359624934409197	1.1625314500998576	0.3460301291948511	LOC101927237	0.26962405	False
2169	3.359624934409197	1.1625314500998576	0.3460301291948511	CENPC	0.26962405	False
2170	3.359624934409197	1.1625314500998576	0.3460301291948511	STAP1	0.26962405	False
2171	3.359624934409197	1.1625314500998576	0.3460301291948511	UBA6	0.26962405	False
2172	3.625717731326155	1.229173206162838	0.3390151405176407	UBA6-AS1	0.2696257	False
2173	3.359624934409197	1.1625314500998576	0.3460301291948511	GNRHR	0.26962405	False
2174	3.359624934409197	1.1625314500998576	0.3460301291948511	TMPRSS11D	0.26962405	False
2175	3.625717731326155	1.229173206162838	0.3390151405176407	TMPRSS11A	0.2696257	False
2176	3.625717731326155	1.229173206162838	0.3390151405176407	TMPRSS11F	0.2696257	False
2177	3.625717731326155	1.229173206162838	0.3390151405176407	LOC550113	0.2696257	False
2178	4.0756058318224095	1.8203339584061509	0.44664131751725056	TMPRSS11B	0.26963216	False
2179	4.0756058318224095	1.8203339584061509	0.44664131751725056	YTHDC1	0.26963216	False
2180	4.0756058318224095	1.8203339584061509	0.44664131751725056	TMPRSS11E	0.26963216	False
2181	4.0756058318224095	1.8203339584061509	0.44664131751725056	UGT2B17	0.26963216	False
2182	4.0756058318224095	1.8203339584061509	0.44664131751725056	UGT2B15	0.26963216	False
2183	4.0756058318224095	1.8203339584061509	0.44664131751725056	UGT2B10	0.26963216	False
2184	4.063651084351267	1.640468317373281	0.40369320183284635	UGT2A3	0.2696308	False
2185	4.063651084351267	1.640468317373281	0.40369320183284635	UGT2B11	0.2696308	False
2186	4.063651084351267	1.640468317373281	0.40369320183284635	UGT2B7	0.2696308	False
2187	4.460718291577005	2.2120130558189413	0.49588718928872877	UGT2B28	0.26963848	False
2188	4.460718291577005	2.2120130558189413	0.49588718928872877	UGT2B4	0.26963848	False
2189	4.460718291577005	2.2120130558189413	0.49588718928872877	UGT2A1	0.26963848	False
2190	4.460718291577005	2.2120130558189413	0.49588718928872877	UGT2A2	0.26963848	False
2191	4.460718291577005	2.2120130558189413	0.49588718928872877	SULT1B1	0.26963848	False
2192	4.460718291577005	2.2120130558189413	0.49588718928872877	SULT1E1	0.26963848	False
2193	4.010918950961134	1.510050665994307	0.37648496129109127	CSN1S1	0.2696296	False
2194	4.010918950961134	1.510050665994307	0.37648496129109127	CSN2	0.2696296	False
2195	4.010918950961134	1.510050665994307	0.37648496129109127	STATH	0.2696296	False
2196	4.010918950961134	1.510050665994307	0.37648496129109127	HTN3	0.2696296	False
2197	4.010918950961134	1.510050665994307	0.37648496129109127	HTN1	0.2696296	False
2198	3.9482804842133112	1.5456348222515996	0.3914703700589714	CSN1S2BP	0.26962942	False
2199	3.9482804842133112	1.5456348222515996	0.3914703700589714	PRR27	0.26962942	False
2200	3.9482804842133112	1.5456348222515996	0.3914703700589714	ODAM	0.26962942	False
2201	3.9482804842133112	1.5456348222515996	0.3914703700589714	FDCSP	0.26962942	False
2202	3.9482804842133112	1.5456348222515996	0.3914703700589714	CSN3	0.26962942	False
2203	3.9482804842133112	1.5456348222515996	0.3914703700589714	CABS1	0.26962942	False
2204	3.9482804842133112	1.5456348222515996	0.3914703700589714	SMR3A	0.26962942	False
2205	3.9482804842133112	1.5456348222515996	0.3914703700589714	SMR3B	0.26962942	False
2206	3.9482804842133112	1.5456348222515996	0.3914703700589714	OPRPN	0.26962942	False
2207	3.9482804842133112	1.5456348222515996	0.3914703700589714	MUC7	0.26962942	False
2208	3.9482804842133112	1.5456348222515996	0.3914703700589714	AMTN	0.26962942	False
2209	3.9482804842133112	1.5456348222515996	0.3914703700589714	AMBN	0.26962942	False
2210	3.9482804842133112	1.5456348222515996	0.3914703700589714	ENAM	0.26962942	False
2211	3.9482804842133112	1.5456348222515996	0.3914703700589714	JCHAIN	0.26962942	False
2212	3.9482804842133112	1.5456348222515996	0.3914703700589714	UTP3	0.26962942	False
2213	3.9482804842133112	1.5456348222515996	0.3914703700589714	RUFY3	0.26962942	False
2214	3.9482804842133112	1.5456348222515996	0.3914703700589714	GRSF1	0.26962942	False
2215	3.6278886020650076	1.1006714429192312	0.3033917420432163	MOB1B	0.269625	False
2216	3.6278886020650076	1.1006714429192312	0.3033917420432163	DCK	0.269625	False
2217	3.327804077265378	0.9822966348712237	0.29517862592392324	SLC4A4	0.26962298	False
2218	3.327804077265378	0.9822966348712237	0.29517862592392324	GC	0.26962298	False
2219	3.112122842690518	0.7282649874461029	0.23400907491700979	NPFFR2	0.269621	False
2220	3.1603301778139326	1.0738421437700296	0.3397879599127294	ADH4	0.2696228	False
2221	3.1603301778139326	1.0738421437700296	0.3397879599127294	ADH6	0.2696228	False
2222	3.1603301778139326	1.0738421437700296	0.3397879599127294	ADH1A	0.2696228	False
2223	3.1603301778139326	1.0738421437700296	0.3397879599127294	ADH1B	0.2696228	False
2224	3.1603301778139326	1.0738421437700296	0.3397879599127294	ADH1C	0.2696228	False
2225	3.1603301778139326	1.0738421437700296	0.3397879599127294	ADH7	0.2696228	False
2226	3.1603301778139326	1.0738421437700296	0.3397879599127294	C4orf17	0.2696228	False
2227	3.1603301778139326	1.0738421437700296	0.3397879599127294	TRMT10A	0.2696228	False
2228	3.1603301778139326	1.0738421437700296	0.3397879599127294	MTTP	0.2696228	False
2229	3.1603301778139326	1.0738421437700296	0.3397879599127294	DAPP1	0.2696228	False
2230	3.1603301778139326	1.0738421437700296	0.3397879599127294	LAMTOR3	0.2696228	False
2231	3.025302320688371	0.8249095397518055	0.27267011766417687	DNAJB14	0.2696214	False
2232	3.025302320688371	0.8249095397518055	0.27267011766417687	H2AFZ	0.2696214	False
2233	3.025302320688371	0.8249095397518055	0.27267011766417687	LOC256880	0.2696214	False
2234	3.043064316404414	0.8485707109216976	0.2788540177567923	DDIT4L	0.26962146	False
2235	3.043064316404414	0.8485707109216976	0.2788540177567923	LOC101929353	0.26962146	False
2236	3.043064316404414	0.8485707109216976	0.2788540177567923	EMCN	0.26962146	False
2237	3.043064316404414	0.8485707109216976	0.2788540177567923	LINC01216	0.26962146	False
2238	3.0202423708977597	0.8248446008323659	0.27310543312031704	PPP3CA	0.2696214	False
2239	3.1472432971068254	1.064953465816359	0.3383765935081478	MIR8066	0.2696227	False
2240	3.1472432971068254	1.064953465816359	0.3383765935081478	MIR1255A	0.2696227	False
2241	3.1472432971068254	1.064953465816359	0.3383765935081478	FLJ20021	0.2696227	False
2242	3.0914447445530153	1.0062941322248316	0.3255093379876435	BANK1	0.26962247	False
2243	3.0968535429192725	0.9076402106842226	0.2930846415903248	PGRMC2	0.26962173	False
2244	3.0968535429192725	0.9076402106842226	0.2930846415903248	LINC02615	0.26962173	False
2245	3.0968535429192725	0.9076402106842226	0.2930846415903248	JADE1	0.26962173	False
2246	3.1440465361374326	0.7629008019243052	0.2426493352294825	MGARP	0.2696214	False
2247	3.1440465361374326	0.7629008019243052	0.2426493352294825	NDUFC1	0.2696214	False
2248	3.1440465361374326	0.7629008019243052	0.2426493352294825	NAA15	0.2696214	False
2249	3.1440465361374326	0.7629008019243052	0.2426493352294825	RAB33B	0.2696214	False
2250	3.1440465361374326	0.7629008019243052	0.2426493352294825	SETD7	0.2696214	False
2251	3.1440465361374326	0.7629008019243052	0.2426493352294825	MGST2	0.2696214	False
2252	2.949394216517155	0.5861721099931145	0.19874322215404164	MAML3	0.2696203	False
2253	3.0613755037624455	0.7298075168975096	0.23839202868141218	PDGFC	0.26962098	False
2254	3.0613755037624455	0.7298075168975096	0.23839202868141218	GLRB	0.26962098	False
2255	3.1071297172320653	0.8671402937459332	0.27908081498393655	GRIA2	0.26962176	False
2256	3.1071297172320653	0.8671402937459332	0.27908081498393655	LINC02433	0.26962176	False
2257	3.3830768134147076	1.1529768692010944	0.3408071802062743	FAM198B	0.2696242	False
2258	3.3830768134147076	1.1529768692010944	0.3408071802062743	TMEM144	0.2696242	False
2259	3.3830768134147076	1.1529768692010944	0.3408071802062743	RXFP1	0.2696242	False
2260	3.3830768134147076	1.1529768692010944	0.3408071802062743	C4orf46	0.2696242	False
2261	3.3830768134147076	1.1529768692010944	0.3408071802062743	ETFDH	0.2696242	False
2262	3.3830768134147076	1.1529768692010944	0.3408071802062743	PPID	0.2696242	False
2263	3.3301659343788703	1.03971930151208	0.31221246088027277	FNIP2	0.26962322	False
2264	3.3301659343788703	1.03971930151208	0.31221246088027277	C4orf45	0.26962322	False
2265	3.466239306450768	1.291445628015343	0.37257832302920535	RAPGEF2	0.26962498	False
2266	3.466239306450768	1.291445628015343	0.37257832302920535	MIR3688-1	0.26962498	False
2267	3.1263308118678794	0.9095349561898745	0.29092729174314647	NEK1	0.2696219	False
2268	3.1263308118678794	0.9095349561898745	0.29092729174314647	CLCN3	0.2696219	False
2269	3.1263308118678794	0.9095349561898745	0.29092729174314647	HPF1	0.2696219	False
2270	2.9408128302544236	0.4268330095686248	0.1451411681754998	STOX2	0.2696194	False
2271	2.9408128302544236	0.4268330095686248	0.1451411681754998	ENPP6	0.2696194	False
2272	3.3024374737982014	0.6550267778273876	0.19834645864590067	LINC02363	0.26962137	False
2273	3.3024374737982014	0.6550267778273876	0.19834645864590067	LINC02362	0.26962137	False
2274	3.3024374737982014	0.6550267778273876	0.19834645864590067	IRF2	0.26962137	False
2275	3.3024374737982014	0.6550267778273876	0.19834645864590067	LINC02365	0.26962137	False
2276	3.3024374737982014	0.6550267778273876	0.19834645864590067	CASP3	0.26962137	False
2277	3.3024374737982014	0.6550267778273876	0.19834645864590067	PRIMPOL	0.26962137	False
2278	3.3024374737982014	0.6550267778273876	0.19834645864590067	CENPU	0.26962137	False
2279	3.3024374737982014	0.6550267778273876	0.19834645864590067	ACSL1	0.26962137	False
2280	3.3024374737982014	0.6550267778273876	0.19834645864590067	MIR3945HG	0.26962137	False
2281	3.3024374737982014	0.6550267778273876	0.19834645864590067	MIR3945	0.26962137	False
2282	3.3024374737982014	0.6550267778273876	0.19834645864590067	LINC01093	0.26962137	False
2283	3.1641189556340854	0.5415578048514865	0.1711559560323038	MIR4455	0.2696204	False
2284	3.1641189556340854	0.5415578048514865	0.1711559560323038	HELT	0.2696204	False
2285	3.3211244611890405	0.6794800500371705	0.20459337130469982	SLC25A4	0.2696215	False
2286	3.3211244611890405	0.6794800500371705	0.20459337130469982	CFAP97	0.2696215	False
2287	3.3211244611890405	0.6794800500371705	0.20459337130469982	SNX25	0.2696215	False
2288	3.3211244611890405	0.6794800500371705	0.20459337130469982	LRP2BP	0.2696215	False
2289	3.3211244611890405	0.6794800500371705	0.20459337130469982	ANKRD37	0.2696215	False
2290	3.3211244611890405	0.6794800500371705	0.20459337130469982	UFSP2	0.2696215	False
2291	3.3211244611890405	0.6794800500371705	0.20459337130469982	C4orf47	0.2696215	False
2292	3.3211244611890405	0.6794800500371705	0.20459337130469982	CCDC110	0.2696215	False
2293	3.3211244611890405	0.6794800500371705	0.20459337130469982	LOC105377590	0.2696215	False
2294	3.3211244611890405	0.6794800500371705	0.20459337130469982	PDLIM3	0.2696215	False
2295	2.9465807223761153	0.4441796860511807	0.15074410915611886	SORBS2	0.26961946	False
2296	2.9465807223761153	0.4441796860511807	0.15074410915611886	TLR3	0.26961946	False
2297	2.924883672138002	0.5564238530684849	0.19023794292022417	RAI14	0.2696199	False
2298	2.924883672138002	0.5564238530684849	0.19023794292022417	TTC23L	0.2696199	False
2299	2.88640733971211	0.4894051847538617	0.16955513451634824	RAD1	0.2696195	False
2300	2.88640733971211	0.4894051847538617	0.16955513451634824	BRIX1	0.2696195	False
2301	2.88640733971211	0.4894051847538617	0.16955513451634824	DNAJC21	0.2696195	False
2302	2.88640733971211	0.4894051847538617	0.16955513451634824	AGXT2	0.2696195	False
2303	2.88640733971211	0.4894051847538617	0.16955513451634824	PRLR	0.2696195	False
2304	3.0513538508048255	0.6393391478143676	0.20952638699891704	SPEF2	0.26962054	False
2305	3.0513538508048255	0.6393391478143676	0.20952638699891704	IL7R	0.26962054	False
2306	3.0297946512584923	0.8140453336041061	0.2686800352182199	PTGER4	0.2696211	False
2307	3.0297946512584923	0.8140453336041061	0.2686800352182199	TTC33	0.2696211	False
2308	3.0297946512584923	0.8140453336041061	0.2686800352182199	PRKAA1	0.2696211	False
2309	3.0297946512584923	0.8140453336041061	0.2686800352182199	RPL37	0.2696211	False
2310	3.0297946512584923	0.8140453336041061	0.2686800352182199	SNORD72	0.2696211	False
2311	3.0297946512584923	0.8140453336041061	0.2686800352182199	CARD6	0.2696211	False
2312	3.1072459135758175	0.7036102286969766	0.22644175847905848	C7	0.26962107	False
2313	3.1072459135758175	0.7036102286969766	0.22644175847905848	MROH2B	0.26962107	False
2314	3.4027704945870707	0.9236073780506466	0.27142805532135283	C6	0.2696229	False
2315	3.4027704945870707	0.9236073780506466	0.27142805532135283	PLCXD3	0.2696229	False
2316	3.4027704945870707	0.9236073780506466	0.27142805532135283	OXCT1	0.2696229	False
2317	3.4027704945870707	0.9236073780506466	0.27142805532135283	OXCT1-AS1	0.2696229	False
2318	3.4466028512440507	0.8606356680041851	0.24970549411967752	C5orf51	0.26962283	False
2319	3.4466028512440507	0.8606356680041851	0.24970549411967752	FBXO4	0.26962283	False
2320	3.6571383230049377	1.104702796264872	0.30206754535802677	GHR	0.26962528	False
2321	3.6571383230049377	1.104702796264872	0.30206754535802677	CCDC152	0.26962528	False
2322	3.6571383230049377	1.104702796264872	0.30206754535802677	SELENOP	0.26962528	False
2323	3.51411519011108	0.9659823453520309	0.2748863634494282	LOC648987	0.2696237	False
2324	3.51411519011108	0.9659823453520309	0.2748863634494282	ANXA2R	0.2696237	False
2325	3.51411519011108	0.9659823453520309	0.2748863634494282	LOC153684	0.2696237	False
2326	3.51411519011108	0.9659823453520309	0.2748863634494282	LOC100506639	0.2696237	False
2327	3.6191797557225334	1.212048583145697	0.33489593359634706	ZNF131	0.26962554	False
2328	3.6191797557225334	1.212048583145697	0.33489593359634706	NIM1K	0.26962554	False
2329	3.6191797557225334	1.212048583145697	0.33489593359634706	HMGCS1	0.26962554	False
2330	3.6191797557225334	1.212048583145697	0.33489593359634706	CCL28	0.26962554	False
2331	3.6191797557225334	1.212048583145697	0.33489593359634706	TMEM267	0.26962554	False
2332	3.6191797557225334	1.212048583145697	0.33489593359634706	C5orf34	0.26962554	False
2333	3.6191797557225334	1.212048583145697	0.33489593359634706	PAIP1	0.26962554	False
2334	3.6191797557225334	1.212048583145697	0.33489593359634706	NNT-AS1	0.26962554	False
2335	3.6191797557225334	1.212048583145697	0.33489593359634706	NNT	0.26962554	False
2336	3.52979804279922	1.2561373120950934	0.3558666237740175	FGF10	0.26962537	False
2337	3.52979804279922	1.2561373120950934	0.3558666237740175	FGF10-AS1	0.26962537	False
2338	3.52979804279922	1.2561373120950934	0.3558666237740175	LINC02224	0.26962537	False
2339	3.52979804279922	1.2561373120950934	0.3558666237740175	MRPS30-DT	0.26962537	False
2340	3.52979804279922	1.2561373120950934	0.3558666237740175	MRPS30	0.26962537	False
2341	3.4101261703269756	1.4226617153426948	0.4171874130998164	HCN1	0.26962584	False
2342	2.9294034567878002	0.5472820148099737	0.1868237075851917	GZMA	0.26961982	False
2343	2.9294034567878002	0.5472820148099737	0.1868237075851917	CDC20B	0.26961982	False
2344	2.9294034567878002	0.5472820148099737	0.1868237075851917	GPX8	0.26961982	False
2345	2.9294034567878002	0.5472820148099737	0.1868237075851917	MIR449A	0.26961982	False
2346	2.9294034567878002	0.5472820148099737	0.1868237075851917	MIR449B	0.26961982	False
2347	2.9294034567878002	0.5472820148099737	0.1868237075851917	MIR449C	0.26961982	False
2348	2.9294034567878002	0.5472820148099737	0.1868237075851917	MCIDAS	0.26961982	False
2349	2.9294034567878002	0.5472820148099737	0.1868237075851917	CCNO	0.26961982	False
2350	2.9294034567878002	0.5472820148099737	0.1868237075851917	DHX29	0.26961982	False
2351	2.9294034567878002	0.5472820148099737	0.1868237075851917	MTREX	0.26961982	False
2352	2.9294034567878002	0.5472820148099737	0.1868237075851917	PLPP1	0.26961982	False
2353	2.9294034567878002	0.5472820148099737	0.1868237075851917	MIR5687	0.26961982	False
2354	2.9294034567878002	0.5472820148099737	0.1868237075851917	SLC38A9	0.26961982	False
2355	2.9294034567878002	0.5472820148099737	0.1868237075851917	DDX4	0.26961982	False
2356	2.966980865694103	0.5775236059210535	0.19465026303293875	CD180	0.26962018	False
2357	2.966980865694103	0.5775236059210535	0.19465026303293875	LOC101928858	0.26962018	False
2358	3.038790369462093	0.6666220835402615	0.2193708688297122	LINC02219	0.26962063	False
2359	3.038790369462093	0.6666220835402615	0.2193708688297122	PIK3R1	0.26962063	False
2360	2.9639318858537993	0.5729576482789481	0.1933099917084971	SERINC5	0.2696202	False
2361	2.9639318858537993	0.5729576482789481	0.1933099917084971	SPZ1	0.2696202	False
2362	2.9639318858537993	0.5729576482789481	0.1933099917084971	ZFYVE16	0.2696202	False
2363	2.9639318858537993	0.5729576482789481	0.1933099917084971	FAM151B	0.2696202	False
2364	2.9639318858537993	0.5729576482789481	0.1933099917084971	ANKRD34B	0.2696202	False
2365	2.9639318858537993	0.5729576482789481	0.1933099917084971	LINC01337	0.2696202	False
2366	2.9639318858537993	0.5729576482789481	0.1933099917084971	DHFR	0.2696202	False
2367	2.9639318858537993	0.5729576482789481	0.1933099917084971	MSH3	0.2696202	False
2368	2.988015439446934	0.5609648895279196	0.187738283451357	RASGRF2-AS1	0.2696201	False
2369	2.988015439446934	0.5609648895279196	0.187738283451357	RASGRF2	0.2696201	False
2370	3.182967453378865	0.7711604960887595	0.24227721690026627	CKMT2-AS1	0.26962155	False
2371	3.182967453378865	0.7711604960887595	0.24227721690026627	CKMT2	0.26962155	False
2372	3.182967453378865	0.7711604960887595	0.24227721690026627	ZCCHC9	0.26962155	False
2373	3.182967453378865	0.7711604960887595	0.24227721690026627	ACOT12	0.26962155	False
2374	3.182967453378865	0.7711604960887595	0.24227721690026627	SSBP2	0.26962155	False
2375	3.0335483488155655	0.6491003308175195	0.21397395267194527	ATG10	0.2696206	False
2376	3.0780482645126246	0.7908186068559195	0.2569220944237328	RPS23	0.26962128	False
2377	3.0780482645126246	0.7908186068559195	0.2569220944237328	ATP6AP1L	0.26962128	False
2378	3.0780482645126246	0.7908186068559195	0.2569220944237328	LINC01338	0.26962128	False
2379	3.0302351040815023	0.7823372475284861	0.25817707889224034	TMEM167A	0.26962137	False
2380	3.0302351040815023	0.7823372475284861	0.25817707889224034	SCARNA18	0.26962137	False
2381	3.0302351040815023	0.7823372475284861	0.25817707889224034	XRCC4	0.26962137	False
2382	3.135366524554402	1.0776300350614678	0.34370145455789114	MEF2C	0.26962292	False
2383	3.135366524554402	1.0776300350614678	0.34370145455789114	MEF2C-AS1	0.26962292	False
2384	3.2887621069853754	1.2332542604055694	0.3749904128930823	MIR3660	0.2696242	False
2385	3.5583936629139257	1.6762584531243105	0.47107167219706736	LINC01339	0.26962778	False
2386	3.5583936629139257	1.6762584531243105	0.47107167219706736	CETN3	0.26962778	False
2387	3.5583936629139257	1.6762584531243105	0.47107167219706736	LOC731157	0.26962778	False
2388	3.5583936629139257	1.6762584531243105	0.47107167219706736	MBLAC2	0.26962778	False
2389	3.5583936629139257	1.6762584531243105	0.47107167219706736	POLR3G	0.26962778	False
2390	3.5583936629139257	1.6762584531243105	0.47107167219706736	LYSMD3	0.26962778	False
2391	3.3339095931948806	1.3012866618526484	0.3903185210867183	ADGRV1	0.2696246	False
2392	3.428563935549851	1.567086139128211	0.4570677894845475	LUCAT1	0.26962683	False
2393	3.428563935549851	1.567086139128211	0.4570677894845475	ARRDC3	0.26962683	False
2394	3.428563935549851	1.567086139128211	0.4570677894845475	ARRDC3-AS1	0.26962683	False
2395	3.141377834258853	0.8423375425818184	0.26814270266873247	FAM172A	0.26962164	False
2396	3.368085228983388	1.1126563408719188	0.3303527865913771	KIAA0825	0.2696238	False
2397	3.368085228983388	1.1126563408719188	0.3303527865913771	SLF1	0.2696238	False
2398	3.524685716928182	1.1394092117091505	0.32326547761034513	MCTP1	0.26962456	False
2399	4.066025666736114	1.7396540603644324	0.42785122450072727	FAM81B	0.26963148	False
2400	4.066025666736114	1.7396540603644324	0.42785122450072727	TTC37	0.26963148	False
2401	4.066025666736114	1.7396540603644324	0.42785122450072727	ARSK	0.26963148	False
2402	4.066025666736114	1.7396540603644324	0.42785122450072727	GPR150	0.26963148	False
2403	4.066025666736114	1.7396540603644324	0.42785122450072727	RFESD	0.26963148	False
2404	4.066025666736114	1.7396540603644324	0.42785122450072727	SPATA9	0.26963148	False
2405	4.066025666736114	1.7396540603644324	0.42785122450072727	RHOBTB3	0.26963148	False
2406	4.066025666736114	1.7396540603644324	0.42785122450072727	GLRX	0.26963148	False
2407	4.066025666736114	1.7396540603644324	0.42785122450072727	LINC01554	0.26963148	False
2408	3.7641546927193152	1.2890318217697605	0.34244921556040864	ELL2	0.26962683	False
2409	3.7641546927193152	1.2890318217697605	0.34244921556040864	LOC101929710	0.26962683	False
2410	3.7641546927193152	1.2890318217697605	0.34244921556040864	MIR583	0.26962683	False
2411	3.870994908775819	1.4290201745256847	0.3691609542771537	PCSK1	0.2696281	False
2412	3.870994908775819	1.4290201745256847	0.3691609542771537	CAST	0.2696281	False
2413	3.870994908775819	1.4290201745256847	0.3691609542771537	ERAP1	0.2696281	False
2414	3.35950177037594	0.9358265631278395	0.27856111622858803	ERAP2	0.269623	False
2415	3.35950177037594	0.9358265631278395	0.27856111622858803	LNPEP	0.269623	False
2416	3.35950177037594	0.9358265631278395	0.27856111622858803	LIX1	0.269623	False
2417	3.0682633254609346	0.7709096001669146	0.25125275062599245	RIOK2	0.26962113	False
2418	3.0682633254609346	0.7709096001669146	0.25125275062599245	LINC01340	0.26962113	False
2419	3.0344470051382646	0.835644282196894	0.2753860195224658	FER	0.2696214	False
2420	3.2318000788978574	1.0112296726658558	0.31289982300226815	PJA2	0.26962283	False
2421	3.2318000788978574	1.0112296726658558	0.31289982300226815	MAN2A1	0.26962283	False
2422	3.2318000788978574	1.0112296726658558	0.31289982300226815	LINC01848	0.26962283	False
2423	3.2096498322183367	0.8762310907985262	0.27299896767645915	TMEM232	0.26962197	False
2424	3.2096498322183367	0.8762310907985262	0.27299896767645915	MIR548F3	0.26962197	False
2425	3.2096498322183367	0.8762310907985262	0.27299896767645915	SLC25A46	0.26962197	False
2426	3.002064354852201	0.6372805710125176	0.21228078271622944	TSLP	0.2696204	False
2427	3.002064354852201	0.6372805710125176	0.21228078271622944	WDR36	0.2696204	False
2428	3.021833373910774	0.7010118674935257	0.23198230370534806	HINT1	0.26962078	False
2429	3.021833373910774	0.7010118674935257	0.23198230370534806	LYRM7	0.26962078	False
2430	3.021833373910774	0.7010118674935257	0.23198230370534806	CDC42SE2	0.26962078	False
2431	3.021833373910774	0.7010118674935257	0.23198230370534806	RAPGEF6	0.26962078	False
2432	3.021833373910774	0.7010118674935257	0.23198230370534806	FNIP1	0.26962078	False
2433	2.9494139780428053	0.5247048785641465	0.177901400912304	MEIKIN	0.2696199	False
2434	2.9494139780428053	0.5247048785641465	0.177901400912304	ACSL6	0.2696199	False
2435	2.9494139780428053	0.5247048785641465	0.177901400912304	IL3	0.2696199	False
2436	2.9494139780428053	0.5247048785641465	0.177901400912304	CSF2	0.2696199	False
2437	3.0202038202203023	0.5383042336899394	0.17823440593180692	P4HA2-AS1	0.2696201	False
2438	3.0202038202203023	0.5383042336899394	0.17823440593180692	P4HA2	0.2696201	False
2439	3.0202038202203023	0.5383042336899394	0.17823440593180692	PDLIM4	0.2696201	False
2440	3.0202038202203023	0.5383042336899394	0.17823440593180692	SLC22A4	0.2696201	False
2441	3.0202038202203023	0.5383042336899394	0.17823440593180692	MIR3936HG	0.2696201	False
2442	3.0202038202203023	0.5383042336899394	0.17823440593180692	MIR3936	0.2696201	False
2443	3.0202038202203023	0.5383042336899394	0.17823440593180692	SLC22A5	0.2696201	False
2444	3.0202038202203023	0.5383042336899394	0.17823440593180692	C5orf56	0.2696201	False
2445	3.0202038202203023	0.5383042336899394	0.17823440593180692	IRF1	0.2696201	False
2446	3.0202038202203023	0.5383042336899394	0.17823440593180692	IL5	0.2696201	False
2447	3.0202038202203023	0.5383042336899394	0.17823440593180692	RAD50	0.2696201	False
2448	3.0202038202203023	0.5383042336899394	0.17823440593180692	TH2LCRR	0.2696201	False
2449	3.0202038202203023	0.5383042336899394	0.17823440593180692	IL13	0.2696201	False
2450	3.0202038202203023	0.5383042336899394	0.17823440593180692	IL4	0.2696201	False
2451	3.0202038202203023	0.5383042336899394	0.17823440593180692	KIF3A	0.2696201	False
2452	3.0202038202203023	0.5383042336899394	0.17823440593180692	CCNI2	0.2696201	False
2453	3.0202038202203023	0.5383042336899394	0.17823440593180692	SEPT8	0.2696201	False
2454	3.0202038202203023	0.5383042336899394	0.17823440593180692	SOWAHA	0.2696201	False
2455	3.0202038202203023	0.5383042336899394	0.17823440593180692	SHROOM1	0.2696201	False
2456	3.0202038202203023	0.5383042336899394	0.17823440593180692	GDF9	0.2696201	False
2457	3.0202038202203023	0.5383042336899394	0.17823440593180692	UQCRQ	0.2696201	False
2458	3.0202038202203023	0.5383042336899394	0.17823440593180692	LEAP2	0.2696201	False
2459	2.7772029692797586	0.3488691836357985	0.12561890056104702	AFF4	0.26961893	False
2460	2.7772029692797586	0.3488691836357985	0.12561890056104702	ZCCHC10	0.26961893	False
2461	2.7772029692797586	0.3488691836357985	0.12561890056104702	HSPA4	0.26961893	False
2462	2.7786475695943196	0.34347323152750453	0.12361165744299532	MATR3	0.2696189	False
2463	2.7786475695943196	0.34347323152750453	0.12361165744299532	SNHG4	0.2696189	False
2464	2.7786475695943196	0.34347323152750453	0.12361165744299532	SNORA74A	0.2696189	False
2465	2.7786475695943196	0.34347323152750453	0.12361165744299532	PAIP2	0.2696189	False
2466	2.7786475695943196	0.34347323152750453	0.12361165744299532	SLC23A1	0.2696189	False
2467	2.7786475695943196	0.34347323152750453	0.12361165744299532	MZB1	0.2696189	False
2468	2.7786475695943196	0.34347323152750453	0.12361165744299532	PROB1	0.2696189	False
2469	2.7786475695943196	0.34347323152750453	0.12361165744299532	SPATA24	0.2696189	False
2470	2.7786475695943196	0.34347323152750453	0.12361165744299532	DNAJC18	0.2696189	False
2471	2.7786475695943196	0.34347323152750453	0.12361165744299532	ECSCR	0.2696189	False
2472	2.7786475695943196	0.34347323152750453	0.12361165744299532	TMEM173	0.2696189	False
2473	2.7786475695943196	0.34347323152750453	0.12361165744299532	UBE2D2	0.2696189	False
2474	2.7786475695943196	0.34347323152750453	0.12361165744299532	CXXC5	0.2696189	False
2475	2.7786475695943196	0.34347323152750453	0.12361165744299532	PSD2-AS1	0.2696189	False
2476	2.7786475695943196	0.34347323152750453	0.12361165744299532	PSD2	0.2696189	False
2477	2.777075868489605	0.32534644519135647	0.11715432368374788	NRG2	0.26961878	False
2478	2.777075868489605	0.32534644519135647	0.11715432368374788	MALINC1	0.26961878	False
2479	2.9240646815906968	0.42068092706475796	0.1438685435767812	PURA	0.2696194	False
2480	2.9240646815906968	0.42068092706475796	0.1438685435767812	IGIP	0.2696194	False
2481	2.9240646815906968	0.42068092706475796	0.1438685435767812	LOC101929719	0.2696194	False
2482	2.9240646815906968	0.42068092706475796	0.1438685435767812	CYSTM1	0.2696194	False
2483	2.9240646815906968	0.42068092706475796	0.1438685435767812	PFDN1	0.2696194	False
2484	2.9240646815906968	0.42068092706475796	0.1438685435767812	HBEGF	0.2696194	False
2485	2.9240646815906968	0.42068092706475796	0.1438685435767812	SLC4A9	0.2696194	False
2486	2.9240646815906968	0.42068092706475796	0.1438685435767812	ANKHD1	0.2696194	False
2487	2.9240646815906968	0.42068092706475796	0.1438685435767812	ANKHD1-EIF4EBP3	0.2696194	False
2488	2.9240646815906968	0.42068092706475796	0.1438685435767812	SRA1	0.2696194	False
2489	2.9240646815906968	0.42068092706475796	0.1438685435767812	EIF4EBP3	0.2696194	False
2490	2.9240646815906968	0.42068092706475796	0.1438685435767812	APBB3	0.2696194	False
2491	2.9240646815906968	0.42068092706475796	0.1438685435767812	MIR6831	0.2696194	False
2492	2.9240646815906968	0.42068092706475796	0.1438685435767812	SLC35A4	0.2696194	False
2493	2.9240646815906968	0.42068092706475796	0.1438685435767812	CD14	0.2696194	False
2494	2.9240646815906968	0.42068092706475796	0.1438685435767812	NDUFA2	0.2696194	False
2495	2.9240646815906968	0.42068092706475796	0.1438685435767812	TMCO6	0.2696194	False
2496	2.9240646815906968	0.42068092706475796	0.1438685435767812	IK	0.2696194	False
2497	2.9240646815906968	0.42068092706475796	0.1438685435767812	MIR3655	0.2696194	False
2498	2.9240646815906968	0.42068092706475796	0.1438685435767812	WDR55	0.2696194	False
2499	2.9240646815906968	0.42068092706475796	0.1438685435767812	DND1	0.2696194	False
2500	2.9240646815906968	0.42068092706475796	0.1438685435767812	HARS	0.2696194	False
2501	2.9240646815906968	0.42068092706475796	0.1438685435767812	HARS2	0.2696194	False
2502	2.9240646815906968	0.42068092706475796	0.1438685435767812	ZMAT2	0.2696194	False
2503	2.9240646815906968	0.42068092706475796	0.1438685435767812	VTRNA1-1	0.2696194	False
2504	2.9240646815906968	0.42068092706475796	0.1438685435767812	VTRNA1-2	0.2696194	False
2505	2.9240646815906968	0.42068092706475796	0.1438685435767812	VTRNA1-3	0.2696194	False
2506	2.85440198662841	0.3720510976601387	0.13034292275686146	PCDHA1	0.269619	False
2507	2.85440198662841	0.3720510976601387	0.13034292275686146	PCDHA2	0.269619	False
2508	2.85440198662841	0.3720510976601387	0.13034292275686146	PCDHA3	0.269619	False
2509	2.85440198662841	0.3720510976601387	0.13034292275686146	PCDHA4	0.269619	False
2510	2.85440198662841	0.3720510976601387	0.13034292275686146	PCDHA5	0.269619	False
2511	2.85440198662841	0.3720510976601387	0.13034292275686146	PCDHA6	0.269619	False
2512	2.85440198662841	0.3720510976601387	0.13034292275686146	PCDHA7	0.269619	False
2513	2.85440198662841	0.3720510976601387	0.13034292275686146	PCDHA8	0.269619	False
2514	2.85440198662841	0.3720510976601387	0.13034292275686146	PCDHA9	0.269619	False
2515	2.85440198662841	0.3720510976601387	0.13034292275686146	PCDHA10	0.269619	False
2516	2.85440198662841	0.3720510976601387	0.13034292275686146	PCDHA11	0.269619	False
2517	2.85440198662841	0.3720510976601387	0.13034292275686146	PCDHA12	0.269619	False
2518	2.85440198662841	0.3720510976601387	0.13034292275686146	PCDHA13	0.269619	False
2519	2.85440198662841	0.3720510976601387	0.13034292275686146	PCDHAC1	0.269619	False
2520	2.85440198662841	0.3720510976601387	0.13034292275686146	PCDHAC2	0.269619	False
2521	2.85440198662841	0.3720510976601387	0.13034292275686146	LOC101926905	0.269619	False
2522	2.85440198662841	0.3720510976601387	0.13034292275686146	PCDHB1	0.269619	False
2523	2.85440198662841	0.3720510976601387	0.13034292275686146	PCDHB2	0.269619	False
2524	2.841240237654372	0.42169541285607537	0.1484194850077909	PCDHB3	0.26961935	False
2525	2.841240237654372	0.42169541285607537	0.1484194850077909	PCDHB4	0.26961935	False
2526	2.841240237654372	0.42169541285607537	0.1484194850077909	PCDHB5	0.26961935	False
2527	2.841240237654372	0.42169541285607537	0.1484194850077909	PCDHB6	0.26961935	False
2528	2.841240237654372	0.42169541285607537	0.1484194850077909	PCDHB7	0.26961935	False
2529	2.841240237654372	0.42169541285607537	0.1484194850077909	PCDHB8	0.26961935	False
2530	2.841240237654372	0.42169541285607537	0.1484194850077909	PCDHB16	0.26961935	False
2531	2.841240237654372	0.42169541285607537	0.1484194850077909	PCDHB9	0.26961935	False
2532	2.841240237654372	0.42169541285607537	0.1484194850077909	PCDHB10	0.26961935	False
2533	2.841240237654372	0.42169541285607537	0.1484194850077909	PCDHB11	0.26961935	False
2534	2.841240237654372	0.42169541285607537	0.1484194850077909	PCDHB12	0.26961935	False
2535	2.841240237654372	0.42169541285607537	0.1484194850077909	PCDHB13	0.26961935	False
2536	2.841240237654372	0.42169541285607537	0.1484194850077909	PCDHB14	0.26961935	False
2537	2.841240237654372	0.42169541285607537	0.1484194850077909	PCDHB15	0.26961935	False
2538	2.841240237654372	0.42169541285607537	0.1484194850077909	SLC25A2	0.26961935	False
2539	2.841240237654372	0.42169541285607537	0.1484194850077909	TAF7	0.26961935	False
2540	2.841240237654372	0.42169541285607537	0.1484194850077909	PCDHGA1	0.26961935	False
2541	2.841240237654372	0.42169541285607537	0.1484194850077909	PCDHGA2	0.26961935	False
2542	2.841240237654372	0.42169541285607537	0.1484194850077909	PCDHGA3	0.26961935	False
2543	2.841240237654372	0.42169541285607537	0.1484194850077909	PCDHGB1	0.26961935	False
2544	2.841240237654372	0.42169541285607537	0.1484194850077909	PCDHGA4	0.26961935	False
2545	2.841240237654372	0.42169541285607537	0.1484194850077909	PCDHGB2	0.26961935	False
2546	2.841240237654372	0.42169541285607537	0.1484194850077909	PCDHGA5	0.26961935	False
2547	2.841240237654372	0.42169541285607537	0.1484194850077909	PCDHGB3	0.26961935	False
2548	2.841240237654372	0.42169541285607537	0.1484194850077909	PCDHGA6	0.26961935	False
2549	2.841240237654372	0.42169541285607537	0.1484194850077909	PCDHGA7	0.26961935	False
2550	2.841240237654372	0.42169541285607537	0.1484194850077909	PCDHGB4	0.26961935	False
2551	2.841240237654372	0.42169541285607537	0.1484194850077909	PCDHGA8	0.26961935	False
2552	2.841240237654372	0.42169541285607537	0.1484194850077909	PCDHGB5	0.26961935	False
2553	2.841240237654372	0.42169541285607537	0.1484194850077909	PCDHGA9	0.26961935	False
2554	2.841240237654372	0.42169541285607537	0.1484194850077909	PCDHGB6	0.26961935	False
2555	2.841240237654372	0.42169541285607537	0.1484194850077909	PCDHGA10	0.26961935	False
2556	2.841240237654372	0.42169541285607537	0.1484194850077909	PCDHGB7	0.26961935	False
2557	2.841240237654372	0.42169541285607537	0.1484194850077909	PCDHGA11	0.26961935	False
2558	2.841240237654372	0.42169541285607537	0.1484194850077909	PCDHGA12	0.26961935	False
2559	2.841240237654372	0.42169541285607537	0.1484194850077909	PCDHGC3	0.26961935	False
2560	2.841240237654372	0.42169541285607537	0.1484194850077909	PCDHGC4	0.26961935	False
2561	2.841240237654372	0.42169541285607537	0.1484194850077909	PCDHGC5	0.26961935	False
2562	2.841240237654372	0.42169541285607537	0.1484194850077909	DIAPH1	0.26961935	False
2563	2.841240237654372	0.42169541285607537	0.1484194850077909	LOC100505658	0.26961935	False
2564	2.841240237654372	0.42169541285607537	0.1484194850077909	HDAC3	0.26961935	False
2565	2.841240237654372	0.42169541285607537	0.1484194850077909	RELL2	0.26961935	False
2566	2.841240237654372	0.42169541285607537	0.1484194850077909	FCHSD1	0.26961935	False
2567	2.841240237654372	0.42169541285607537	0.1484194850077909	ARAP3	0.26961935	False
2568	2.841240237654372	0.42169541285607537	0.1484194850077909	PCDH1	0.26961935	False
2569	2.7699096630292415	0.3827969422199371	0.13819834896756197	DELE1	0.26961905	False
2570	2.7699096630292415	0.3827969422199371	0.13819834896756197	PCDH12	0.26961905	False
2571	2.7699096630292415	0.3827969422199371	0.13819834896756197	RNF14	0.26961905	False
2572	2.7699096630292415	0.3827969422199371	0.13819834896756197	GNPDA1	0.26961905	False
2573	2.7874673626342115	0.41465025581580334	0.14875519669724516	PDGFRB	0.2696191	False
2574	2.7874673626342115	0.41465025581580334	0.14875519669724516	CDX1	0.2696191	False
2575	2.7874673626342115	0.41465025581580334	0.14875519669724516	SLC6A7	0.2696191	False
2576	2.7874673626342115	0.41465025581580334	0.14875519669724516	CAMK2A	0.2696191	False
2577	2.7874673626342115	0.41465025581580334	0.14875519669724516	ARSI	0.2696191	False
2578	2.7874673626342115	0.41465025581580334	0.14875519669724516	TCOF1	0.2696191	False
2579	2.7874673626342115	0.41465025581580334	0.14875519669724516	CD74	0.2696191	False
2580	2.7874673626342115	0.41465025581580334	0.14875519669724516	RPS14	0.2696191	False
2581	2.7874673626342115	0.41465025581580334	0.14875519669724516	NDST1-AS1	0.2696191	False
2582	2.7874673626342115	0.41465025581580334	0.14875519669724516	NDST1	0.2696191	False
2583	2.7874673626342115	0.41465025581580334	0.14875519669724516	SYNPO	0.2696191	False
2584	2.7874673626342115	0.41465025581580334	0.14875519669724516	MYOZ3	0.2696191	False
2585	2.7874673626342115	0.41465025581580334	0.14875519669724516	RBM22	0.2696191	False
2586	2.7874673626342115	0.41465025581580334	0.14875519669724516	DCTN4	0.2696191	False
2587	2.7874673626342115	0.41465025581580334	0.14875519669724516	SMIM3	0.2696191	False
2588	2.7874673626342115	0.41465025581580334	0.14875519669724516	IRGM	0.2696191	False
2589	2.8532557702871375	0.4464727494668927	0.15647834803886576	GMDS	0.2696193	False
2590	2.8532557702871375	0.4464727494668927	0.15647834803886576	GMDS-DT	0.2696193	False
2591	2.8532557702871375	0.4464727494668927	0.15647834803886576	LINC01600	0.2696193	False
2592	2.8532557702871375	0.4464727494668927	0.15647834803886576	MYLK4	0.2696193	False
2593	2.8532557702871375	0.4464727494668927	0.15647834803886576	WRNIP1	0.2696193	False
2594	2.8532557702871375	0.4464727494668927	0.15647834803886576	SERPINB1	0.2696193	False
2595	2.8532557702871375	0.4464727494668927	0.15647834803886576	MIR4645	0.2696193	False
2596	2.8532557702871375	0.4464727494668927	0.15647834803886576	SERPINB9P1	0.2696193	False
2597	2.8010001982214763	0.40430691082985015	0.14434376373360094	SERPINB9	0.26961917	False
2598	2.8010001982214763	0.40430691082985015	0.14434376373360094	SERPINB6	0.26961917	False
2599	2.8010001982214763	0.40430691082985015	0.14434376373360094	LINC01011	0.26961917	False
2600	2.8010001982214763	0.40430691082985015	0.14434376373360094	NQO2	0.26961917	False
2601	2.8010001982214763	0.40430691082985015	0.14434376373360094	RIPK1	0.26961917	False
2602	2.8010001982214763	0.40430691082985015	0.14434376373360094	BPHL	0.26961917	False
2603	2.8010001982214763	0.40430691082985015	0.14434376373360094	TUBB2A	0.26961917	False
2604	2.8010001982214763	0.40430691082985015	0.14434376373360094	LINC02525	0.26961917	False
2605	2.8010001982214763	0.40430691082985015	0.14434376373360094	TUBB2B	0.26961917	False
2606	2.8010001982214763	0.40430691082985015	0.14434376373360094	PSMG4	0.26961917	False
2607	2.8010001982214763	0.40430691082985015	0.14434376373360094	SLC22A23	0.26961917	False
2608	2.8010001982214763	0.40430691082985015	0.14434376373360094	PXDC1	0.26961917	False
2609	2.8010001982214763	0.40430691082985015	0.14434376373360094	FAM50B	0.26961917	False
2610	3.1445298928252328	0.7156021725037928	0.22757047854324997	NRSN1	0.26962128	False
2611	3.1445298928252328	0.7156021725037928	0.22757047854324997	DCDC2	0.26962128	False
2612	3.1445298928252328	0.7156021725037928	0.22757047854324997	KAAG1	0.26962128	False
2613	3.1445298928252328	0.7156021725037928	0.22757047854324997	MRS2	0.26962128	False
2614	3.1445298928252328	0.7156021725037928	0.22757047854324997	GPLD1	0.26962128	False
2615	3.1445298928252328	0.7156021725037928	0.22757047854324997	ALDH5A1	0.26962128	False
2616	3.1445298928252328	0.7156021725037928	0.22757047854324997	KIAA0319	0.26962128	False
2617	3.1445298928252328	0.7156021725037928	0.22757047854324997	TDP2	0.26962128	False
2618	3.1445298928252328	0.7156021725037928	0.22757047854324997	ACOT13	0.26962128	False
2619	3.1445298928252328	0.7156021725037928	0.22757047854324997	C6orf62	0.26962128	False
2620	3.1445298928252328	0.7156021725037928	0.22757047854324997	GMNN	0.26962128	False
2621	3.1445298928252328	0.7156021725037928	0.22757047854324997	ARMH2	0.26962128	False
2622	3.575253839485123	0.859855844599464	0.24050204075112408	RIPOR2	0.26962328	False
2623	4.09098614430873	1.2241254221615936	0.2992250227648812	LOC101928663	0.26962763	False
2624	4.09098614430873	1.2241254221615936	0.2992250227648812	CARMIL1	0.26962763	False
2625	4.09098614430873	1.2241254221615936	0.2992250227648812	SCGN	0.26962763	False
2626	4.09098614430873	1.2241254221615936	0.2992250227648812	HIST1H2AA	0.26962763	False
2627	4.09098614430873	1.2241254221615936	0.2992250227648812	HIST1H2BA	0.26962763	False
2628	4.09098614430873	1.2241254221615936	0.2992250227648812	SLC17A4	0.26962763	False
2629	4.09098614430873	1.2241254221615936	0.2992250227648812	SLC17A1	0.26962763	False
2630	4.09098614430873	1.2241254221615936	0.2992250227648812	SLC17A3	0.26962763	False
2631	4.308693613658059	1.272924438196682	0.29543164409779776	SLC17A2	0.26962927	False
2632	4.308693613658059	1.272924438196682	0.29543164409779776	TRIM38	0.26962927	False
2633	4.308693613658059	1.272924438196682	0.29543164409779776	HIST1H1A	0.26962927	False
2634	4.308693613658059	1.272924438196682	0.29543164409779776	HIST1H3A	0.26962927	False
2635	4.308693613658059	1.272924438196682	0.29543164409779776	HIST1H4A	0.26962927	False
2636	4.308693613658059	1.272924438196682	0.29543164409779776	HIST1H4B	0.26962927	False
2637	4.308693613658059	1.272924438196682	0.29543164409779776	HIST1H3B	0.26962927	False
2638	4.308693613658059	1.272924438196682	0.29543164409779776	HIST1H2AB	0.26962927	False
2639	4.308693613658059	1.272924438196682	0.29543164409779776	HIST1H2BB	0.26962927	False
2640	4.308693613658059	1.272924438196682	0.29543164409779776	HIST1H3C	0.26962927	False
2641	4.308693613658059	1.272924438196682	0.29543164409779776	HIST1H1C	0.26962927	False
2642	4.308693613658059	1.272924438196682	0.29543164409779776	HFE	0.26962927	False
2643	4.902323565753548	1.8278839545333028	0.37286073226631955	HIST1H4C	0.2696378	False
2644	4.902323565753548	1.8278839545333028	0.37286073226631955	HIST1H1T	0.2696378	False
2645	4.902323565753548	1.8278839545333028	0.37286073226631955	HIST1H2BC	0.2696378	False
2646	4.902323565753548	1.8278839545333028	0.37286073226631955	HIST1H1E	0.2696378	False
2647	4.902323565753548	1.8278839545333028	0.37286073226631955	HIST1H2BD	0.2696378	False
2648	4.902323565753548	1.8278839545333028	0.37286073226631955	HIST1H2BE	0.2696378	False
2649	4.902323565753548	1.8278839545333028	0.37286073226631955	HIST1H4D	0.2696378	False
2650	4.902323565753548	1.8278839545333028	0.37286073226631955	HIST1H3D	0.2696378	False
2651	4.902323565753548	1.8278839545333028	0.37286073226631955	HIST1H2AD	0.2696378	False
2652	4.902323565753548	1.8278839545333028	0.37286073226631955	HIST1H2BF	0.2696378	False
2653	4.902323565753548	1.8278839545333028	0.37286073226631955	HIST1H4E	0.2696378	False
2654	4.902323565753548	1.8278839545333028	0.37286073226631955	HIST1H2BG	0.2696378	False
2655	4.902323565753548	1.8278839545333028	0.37286073226631955	HIST1H2AE	0.2696378	False
2656	4.902323565753548	1.8278839545333028	0.37286073226631955	HIST1H3E	0.2696378	False
2657	4.902323565753548	1.8278839545333028	0.37286073226631955	HIST1H1D	0.2696378	False
2658	4.902323565753548	1.8278839545333028	0.37286073226631955	HIST1H4F	0.2696378	False
2659	4.902323565753548	1.8278839545333028	0.37286073226631955	HIST1H4G	0.2696378	False
2660	4.902323565753548	1.8278839545333028	0.37286073226631955	HIST1H3F	0.2696378	False
2661	4.902323565753548	1.8278839545333028	0.37286073226631955	HIST1H2BH	0.2696378	False
2662	4.902323565753548	1.8278839545333028	0.37286073226631955	HIST1H3G	0.2696378	False
2663	4.902323565753548	1.8278839545333028	0.37286073226631955	HIST1H2BI	0.2696378	False
2664	4.902323565753548	1.8278839545333028	0.37286073226631955	HIST1H4H	0.2696378	False
2665	4.902323565753548	1.8278839545333028	0.37286073226631955	BTN3A2	0.2696378	False
2666	4.902323565753548	1.8278839545333028	0.37286073226631955	BTN2A2	0.2696378	False
2667	4.902323565753548	1.8278839545333028	0.37286073226631955	BTN3A1	0.2696378	False
2668	4.902323565753548	1.8278839545333028	0.37286073226631955	BTN3A3	0.2696378	False
2669	4.902323565753548	1.8278839545333028	0.37286073226631955	BTN2A1	0.2696378	False
2670	4.902323565753548	1.8278839545333028	0.37286073226631955	BTN1A1	0.2696378	False
2671	4.902323565753548	1.8278839545333028	0.37286073226631955	HCG11	0.2696378	False
2672	4.902323565753548	1.8278839545333028	0.37286073226631955	HMGN4	0.2696378	False
2673	4.902323565753548	1.8278839545333028	0.37286073226631955	ABT1	0.2696378	False
2674	4.902323565753548	1.8278839545333028	0.37286073226631955	ZNF322	0.2696378	False
2675	4.528460672777842	1.3907853642928174	0.3071209986769486	LINC00240	0.2696315	False
2676	4.5636086457030505	1.4941964205015388	0.32741554688490365	HIST1H2BJ	0.2696325	False
2677	4.5636086457030505	1.4941964205015388	0.32741554688490365	HIST1H2AG	0.2696325	False
2678	4.5636086457030505	1.4941964205015388	0.32741554688490365	HIST1H4I	0.2696325	False
2679	4.5636086457030505	1.4941964205015388	0.32741554688490365	HIST1H2BK	0.2696325	False
2680	4.5636086457030505	1.4941964205015388	0.32741554688490365	HIST1H2AH	0.2696325	False
2681	4.5636086457030505	1.4941964205015388	0.32741554688490365	MIR3143	0.2696325	False
2682	4.5636086457030505	1.4941964205015388	0.32741554688490365	PRSS16	0.2696325	False
2683	4.5636086457030505	1.4941964205015388	0.32741554688490365	POM121L2	0.2696325	False
2684	4.5636086457030505	1.4941964205015388	0.32741554688490365	ZNF391	0.2696325	False
2685	4.5636086457030505	1.4941964205015388	0.32741554688490365	ZNF184	0.2696325	False
2686	4.5636086457030505	1.4941964205015388	0.32741554688490365	LINC01012	0.2696325	False
2687	4.5636086457030505	1.4941964205015388	0.32741554688490365	HIST1H2BL	0.2696325	False
2688	4.5636086457030505	1.4941964205015388	0.32741554688490365	HIST1H2AI	0.2696325	False
2689	4.5636086457030505	1.4941964205015388	0.32741554688490365	HIST1H3H	0.2696325	False
2690	4.5636086457030505	1.4941964205015388	0.32741554688490365	HIST1H2AJ	0.2696325	False
2691	4.5636086457030505	1.4941964205015388	0.32741554688490365	HIST1H2BM	0.2696325	False
2692	4.5636086457030505	1.4941964205015388	0.32741554688490365	HIST1H4J	0.2696325	False
2693	4.5636086457030505	1.4941964205015388	0.32741554688490365	HIST1H4K	0.2696325	False
2694	4.5636086457030505	1.4941964205015388	0.32741554688490365	HIST1H2BN	0.2696325	False
2695	4.5636086457030505	1.4941964205015388	0.32741554688490365	HIST1H2AK	0.2696325	False
2696	4.5636086457030505	1.4941964205015388	0.32741554688490365	HIST1H2AL	0.2696325	False
2697	4.5636086457030505	1.4941964205015388	0.32741554688490365	HIST1H1B	0.2696325	False
2698	4.5636086457030505	1.4941964205015388	0.32741554688490365	HIST1H3I	0.2696325	False
2699	4.5636086457030505	1.4941964205015388	0.32741554688490365	HIST1H4L	0.2696325	False
2700	4.5636086457030505	1.4941964205015388	0.32741554688490365	HIST1H3J	0.2696325	False
2701	4.5636086457030505	1.4941964205015388	0.32741554688490365	HIST1H2AM	0.2696325	False
2702	4.5636086457030505	1.4941964205015388	0.32741554688490365	HIST1H2BO	0.2696325	False
2703	4.3845555778917324	1.1416725738304256	0.2603850158923945	OR2B2	0.2696286	False
2704	4.3845555778917324	1.1416725738304256	0.2603850158923945	OR2B6	0.2696286	False
2705	4.3845555778917324	1.1416725738304256	0.2603850158923945	ZNF165	0.2696286	False
2706	4.135370960011297	1.0375642673420107	0.250899925877309	ZSCAN16-AS1	0.26962635	False
2707	4.135370960011297	1.0375642673420107	0.250899925877309	ZSCAN16	0.26962635	False
2708	4.135370960011297	1.0375642673420107	0.250899925877309	ZKSCAN8	0.26962635	False
2709	4.135370960011297	1.0375642673420107	0.250899925877309	ZSCAN9	0.26962635	False
2710	4.135370960011297	1.0375642673420107	0.250899925877309	ZKSCAN4	0.26962635	False
2711	4.135370960011297	1.0375642673420107	0.250899925877309	NKAPL	0.26962635	False
2712	4.135370960011297	1.0375642673420107	0.250899925877309	ZSCAN26	0.26962635	False
2713	4.135370960011297	1.0375642673420107	0.250899925877309	PGBD1	0.26962635	False
2714	4.135370960011297	1.0375642673420107	0.250899925877309	ZSCAN31	0.26962635	False
2715	4.135370960011297	1.0375642673420107	0.250899925877309	ZKSCAN3	0.26962635	False
2716	4.135370960011297	1.0375642673420107	0.250899925877309	ZSCAN12	0.26962635	False
2717	4.135370960011297	1.0375642673420107	0.250899925877309	ZSCAN23	0.26962635	False
2718	4.135370960011297	1.0375642673420107	0.250899925877309	GPX6	0.26962635	False
2719	4.135370960011297	1.0375642673420107	0.250899925877309	GPX5	0.26962635	False
2720	4.135370960011297	1.0375642673420107	0.250899925877309	ZBED9	0.26962635	False
2721	4.135370960011297	1.0375642673420107	0.250899925877309	LINC00533	0.26962635	False
2722	4.135370960011297	1.0375642673420107	0.250899925877309	LINC01623	0.26962635	False
2723	4.135370960011297	1.0375642673420107	0.250899925877309	HCG14	0.26962635	False
2724	4.090497618838721	0.849810006855411	0.2077522311568218	TRIM27	0.269625	False
2725	4.090497618838721	0.849810006855411	0.2077522311568218	ZNF311	0.269625	False
2726	4.090497618838721	0.849810006855411	0.2077522311568218	LOC100129636	0.269625	False
2727	4.090497618838721	0.849810006855411	0.2077522311568218	OR2W1	0.269625	False
2728	4.090497618838721	0.849810006855411	0.2077522311568218	OR2B3	0.269625	False
2729	3.807647174415987	0.7600593805410314	0.19961392054598873	OR2J3	0.2696234	False
2730	3.807647174415987	0.7600593805410314	0.19961392054598873	OR2J2	0.2696234	False
2731	3.807647174415987	0.7600593805410314	0.19961392054598873	LOC101929006	0.2696234	False
2732	3.807647174415987	0.7600593805410314	0.19961392054598873	OR14J1	0.2696234	False
2733	3.807647174415987	0.7600593805410314	0.19961392054598873	OR5V1	0.2696234	False
2734	3.807647174415987	0.7600593805410314	0.19961392054598873	OR12D3	0.2696234	False
2735	3.807647174415987	0.7600593805410314	0.19961392054598873	OR12D2	0.2696234	False
2736	3.807647174415987	0.7600593805410314	0.19961392054598873	OR11A1	0.2696234	False
2737	3.807647174415987	0.7600593805410314	0.19961392054598873	OR10C1	0.2696234	False
2738	3.807647174415987	0.7600593805410314	0.19961392054598873	OR2H1	0.2696234	False
2739	3.807647174415987	0.7600593805410314	0.19961392054598873	MAS1L	0.2696234	False
2740	3.807647174415987	0.7600593805410314	0.19961392054598873	LINC01015	0.2696234	False
2741	3.807647174415987	0.7600593805410314	0.19961392054598873	UBD	0.2696234	False
2742	3.807647174415987	0.7600593805410314	0.19961392054598873	GABBR1	0.2696234	False
2743	3.807647174415987	0.7600593805410314	0.19961392054598873	SNORD32B	0.2696234	False
2744	3.807647174415987	0.7600593805410314	0.19961392054598873	OR2H2	0.2696234	False
2745	3.807647174415987	0.7600593805410314	0.19961392054598873	MOG	0.2696234	False
2746	3.807647174415987	0.7600593805410314	0.19961392054598873	ZFP57	0.2696234	False
2747	3.807647174415987	0.7600593805410314	0.19961392054598873	HLA-F	0.2696234	False
2748	3.807647174415987	0.7600593805410314	0.19961392054598873	HLA-F-AS1	0.2696234	False
2749	3.807647174415987	0.7600593805410314	0.19961392054598873	HLA-G	0.2696234	False
2750	3.878902401021377	0.705504699048968	0.1818825600930813	HLA-A	0.26962328	False
2751	3.878902401021377	0.705504699048968	0.1818825600930813	HCG9	0.26962328	False
2752	3.878902401021377	0.705504699048968	0.1818825600930813	ZNRD1ASP	0.26962328	False
2753	3.878902401021377	0.705504699048968	0.1818825600930813	ZNRD1	0.26962328	False
2754	3.878902401021377	0.705504699048968	0.1818825600930813	PPP1R11	0.26962328	False
2755	3.878902401021377	0.705504699048968	0.1818825600930813	RNF39	0.26962328	False
2756	4.037348415023678	0.8505649014955471	0.21067413907862068	TRIM31	0.2696248	False
2757	4.037348415023678	0.8505649014955471	0.21067413907862068	TRIM31-AS1	0.2696248	False
2758	4.037348415023678	0.8505649014955471	0.21067413907862068	TRIM40	0.2696248	False
2759	4.037348415023678	0.8505649014955471	0.21067413907862068	TRIM10	0.2696248	False
2760	4.037348415023678	0.8505649014955471	0.21067413907862068	TRIM15	0.2696248	False
2761	4.037348415023678	0.8505649014955471	0.21067413907862068	TRIM26	0.2696248	False
2762	4.037348415023678	0.8505649014955471	0.21067413907862068	HCG17	0.2696248	False
2763	4.037348415023678	0.8505649014955471	0.21067413907862068	HCG18	0.2696248	False
2764	4.037348415023678	0.8505649014955471	0.21067413907862068	TRIM39	0.2696248	False
2765	4.037348415023678	0.8505649014955471	0.21067413907862068	TRIM39-RPP21	0.2696248	False
2766	4.037348415023678	0.8505649014955471	0.21067413907862068	RPP21	0.2696248	False
2767	4.037348415023678	0.8505649014955471	0.21067413907862068	HLA-E	0.2696248	False
2768	4.037348415023678	0.8505649014955471	0.21067413907862068	GNL1	0.2696248	False
2769	4.037348415023678	0.8505649014955471	0.21067413907862068	PRR3	0.2696248	False
2770	4.037348415023678	0.8505649014955471	0.21067413907862068	ABCF1	0.2696248	False
2771	4.037348415023678	0.8505649014955471	0.21067413907862068	MIR877	0.2696248	False
2772	4.037348415023678	0.8505649014955471	0.21067413907862068	PPP1R10	0.2696248	False
2773	4.037348415023678	0.8505649014955471	0.21067413907862068	MRPS18B	0.2696248	False
2774	4.037348415023678	0.8505649014955471	0.21067413907862068	ATAT1	0.2696248	False
2775	4.037348415023678	0.8505649014955471	0.21067413907862068	C6orf136	0.2696248	False
2776	4.037348415023678	0.8505649014955471	0.21067413907862068	DHX16	0.2696248	False
2777	4.037348415023678	0.8505649014955471	0.21067413907862068	PPP1R18	0.2696248	False
2778	4.037348415023678	0.8505649014955471	0.21067413907862068	NRM	0.2696248	False
2779	4.037348415023678	0.8505649014955471	0.21067413907862068	MDC1	0.2696248	False
2780	4.037348415023678	0.8505649014955471	0.21067413907862068	MDC1-AS1	0.2696248	False
2781	4.037348415023678	0.8505649014955471	0.21067413907862068	TUBB	0.2696248	False
2782	4.037348415023678	0.8505649014955471	0.21067413907862068	FLOT1	0.2696248	False
2783	4.037348415023678	0.8505649014955471	0.21067413907862068	IER3	0.2696248	False
2784	4.037348415023678	0.8505649014955471	0.21067413907862068	LINC00243	0.2696248	False
2785	4.037348415023678	0.8505649014955471	0.21067413907862068	LINC02570	0.2696248	False
2786	3.860254439734361	0.6898124020943462	0.17869609707432002	DDR1	0.26962307	False
2787	4.037348415023678	0.8505649014955471	0.21067413907862068	MIR4640	0.2696248	False
2788	3.860254439734361	0.6898124020943462	0.17869609707432002	GTF2H4	0.26962307	False
2789	3.860254439734361	0.6898124020943462	0.17869609707432002	VARS2	0.26962307	False
2790	3.860254439734361	0.6898124020943462	0.17869609707432002	SFTA2	0.26962307	False
2791	3.860254439734361	0.6898124020943462	0.17869609707432002	MUCL3	0.26962307	False
2792	3.860254439734361	0.6898124020943462	0.17869609707432002	MUC21	0.26962307	False
2793	3.860254439734361	0.6898124020943462	0.17869609707432002	MUC22	0.26962307	False
2794	3.860254439734361	0.6898124020943462	0.17869609707432002	HCG22	0.26962307	False
2795	3.8520886769855043	0.7428296520535242	0.19283814946722203	C6orf15	0.26962334	False
2796	3.8520886769855043	0.7428296520535242	0.19283814946722203	PSORS1C1	0.26962334	False
2797	3.8520886769855043	0.7428296520535242	0.19283814946722203	CDSN	0.26962334	False
2798	3.8520886769855043	0.7428296520535242	0.19283814946722203	PSORS1C2	0.26962334	False
2799	3.8520886769855043	0.7428296520535242	0.19283814946722203	CCHCR1	0.26962334	False
2800	3.8520886769855043	0.7428296520535242	0.19283814946722203	TCF19	0.26962334	False
2801	3.8520886769855043	0.7428296520535242	0.19283814946722203	POU5F1	0.26962334	False
2802	3.8520886769855043	0.7428296520535242	0.19283814946722203	PSORS1C3	0.26962334	False
2803	3.8520886769855043	0.7428296520535242	0.19283814946722203	HCG27	0.26962334	False
2804	3.8520886769855043	0.7428296520535242	0.19283814946722203	HLA-C	0.26962334	False
2805	3.8520886769855043	0.7428296520535242	0.19283814946722203	HLA-B	0.26962334	False
2806	3.8520886769855043	0.7428296520535242	0.19283814946722203	MIR6891	0.26962334	False
2807	3.8520886769855043	0.7428296520535242	0.19283814946722203	MICA	0.26962334	False
2808	3.8520886769855043	0.7428296520535242	0.19283814946722203	HCP5	0.26962334	False
2809	3.8520886769855043	0.7428296520535242	0.19283814946722203	MICB	0.26962334	False
2810	3.8520886769855043	0.7428296520535242	0.19283814946722203	MCCD1	0.26962334	False
2811	3.8520886769855043	0.7428296520535242	0.19283814946722203	DDX39B	0.26962334	False
2812	3.8520886769855043	0.7428296520535242	0.19283814946722203	ATP6V1G2-DDX39B	0.26962334	False
2813	3.8520886769855043	0.7428296520535242	0.19283814946722203	SNORD117	0.26962334	False
2814	3.8520886769855043	0.7428296520535242	0.19283814946722203	SNORD84	0.26962334	False
2815	3.8520886769855043	0.7428296520535242	0.19283814946722203	ATP6V1G2	0.26962334	False
2816	3.8520886769855043	0.7428296520535242	0.19283814946722203	DDX39B-AS1	0.26962334	False
2817	3.8520886769855043	0.7428296520535242	0.19283814946722203	NFKBIL1	0.26962334	False
2818	3.8520886769855043	0.7428296520535242	0.19283814946722203	LTA	0.26962334	False
2819	3.8520886769855043	0.7428296520535242	0.19283814946722203	TNF	0.26962334	False
2820	3.8520886769855043	0.7428296520535242	0.19283814946722203	LTB	0.26962334	False
2821	3.8520886769855043	0.7428296520535242	0.19283814946722203	LST1	0.26962334	False
2822	3.8520886769855043	0.7428296520535242	0.19283814946722203	NCR3	0.26962334	False
2823	3.8520886769855043	0.7428296520535242	0.19283814946722203	AIF1	0.26962334	False
2824	3.8520886769855043	0.7428296520535242	0.19283814946722203	PRRC2A	0.26962334	False
2825	3.8520886769855043	0.7428296520535242	0.19283814946722203	SNORA38	0.26962334	False
2826	3.8520886769855043	0.7428296520535242	0.19283814946722203	MIR6832	0.26962334	False
2827	3.8520886769855043	0.7428296520535242	0.19283814946722203	BAG6	0.26962334	False
2828	3.8520886769855043	0.7428296520535242	0.19283814946722203	APOM	0.26962334	False
2829	3.8520886769855043	0.7428296520535242	0.19283814946722203	C6orf47	0.26962334	False
2830	3.8520886769855043	0.7428296520535242	0.19283814946722203	GPANK1	0.26962334	False
2831	3.8520886769855043	0.7428296520535242	0.19283814946722203	CSNK2B	0.26962334	False
2832	3.8520886769855043	0.7428296520535242	0.19283814946722203	LY6G5B	0.26962334	False
2833	3.8520886769855043	0.7428296520535242	0.19283814946722203	LY6G5C	0.26962334	False
2834	3.8520886769855043	0.7428296520535242	0.19283814946722203	ABHD16A	0.26962334	False
2835	3.8520886769855043	0.7428296520535242	0.19283814946722203	MIR4646	0.26962334	False
2836	3.8520886769855043	0.7428296520535242	0.19283814946722203	LY6G6F	0.26962334	False
2837	3.8520886769855043	0.7428296520535242	0.19283814946722203	LY6G6E	0.26962334	False
2838	3.8520886769855043	0.7428296520535242	0.19283814946722203	LY6G6D	0.26962334	False
2839	3.8520886769855043	0.7428296520535242	0.19283814946722203	MPIG6B	0.26962334	False
2840	3.8520886769855043	0.7428296520535242	0.19283814946722203	LY6G6C	0.26962334	False
2841	3.8520886769855043	0.7428296520535242	0.19283814946722203	DDAH2	0.26962334	False
2842	3.8520886769855043	0.7428296520535242	0.19283814946722203	CLIC1	0.26962334	False
2843	3.8520886769855043	0.7428296520535242	0.19283814946722203	MSH5	0.26962334	False
2844	3.8520886769855043	0.7428296520535242	0.19283814946722203	MSH5-SAPCD1	0.26962334	False
2845	3.8520886769855043	0.7428296520535242	0.19283814946722203	SAPCD1	0.26962334	False
2846	3.8520886769855043	0.7428296520535242	0.19283814946722203	SAPCD1-AS1	0.26962334	False
2847	3.8520886769855043	0.7428296520535242	0.19283814946722203	VWA7	0.26962334	False
2848	3.8520886769855043	0.7428296520535242	0.19283814946722203	VARS	0.26962334	False
2849	3.8520886769855043	0.7428296520535242	0.19283814946722203	LSM2	0.26962334	False
2850	3.8520886769855043	0.7428296520535242	0.19283814946722203	HSPA1L	0.26962334	False
2851	3.8520886769855043	0.7428296520535242	0.19283814946722203	HSPA1A	0.26962334	False
2852	3.8520886769855043	0.7428296520535242	0.19283814946722203	HSPA1B	0.26962334	False
2853	3.8520886769855043	0.7428296520535242	0.19283814946722203	C6orf48	0.26962334	False
2854	3.8520886769855043	0.7428296520535242	0.19283814946722203	SNORD48	0.26962334	False
2855	3.8520886769855043	0.7428296520535242	0.19283814946722203	SNORD52	0.26962334	False
2856	3.8520886769855043	0.7428296520535242	0.19283814946722203	NEU1	0.26962334	False
2857	3.8520886769855043	0.7428296520535242	0.19283814946722203	SLC44A4	0.26962334	False
2858	3.8520886769855043	0.7428296520535242	0.19283814946722203	EHMT2	0.26962334	False
2859	3.5214227857009197	0.5536290319061227	0.15721742761311913	C2	0.26962116	False
2860	3.5214227857009197	0.5536290319061227	0.15721742761311913	ZBTB12	0.26962116	False
2861	3.5214227857009197	0.5536290319061227	0.15721742761311913	CFB	0.26962116	False
2862	3.5214227857009197	0.5536290319061227	0.15721742761311913	C2-AS1	0.26962116	False
2863	3.5214227857009197	0.5536290319061227	0.15721742761311913	NELFE	0.26962116	False
2864	3.5214227857009197	0.5536290319061227	0.15721742761311913	MIR1236	0.26962116	False
2865	3.5214227857009197	0.5536290319061227	0.15721742761311913	SKIV2L	0.26962116	False
2866	3.5214227857009197	0.5536290319061227	0.15721742761311913	DXO	0.26962116	False
2867	3.5214227857009197	0.5536290319061227	0.15721742761311913	STK19	0.26962116	False
2868	3.5214227857009197	0.5536290319061227	0.15721742761311913	C4B	0.26962116	False
2869	3.5214227857009197	0.5536290319061227	0.15721742761311913	C4A	0.26962116	False
2870	3.5214227857009197	0.5536290319061227	0.15721742761311913	CYP21A2	0.26962116	False
2871	3.5214227857009197	0.5536290319061227	0.15721742761311913	TNXB	0.26962116	False
2872	3.5214227857009197	0.5536290319061227	0.15721742761311913	ATF6B	0.26962116	False
2873	3.3562314515084486	0.5342626239189292	0.15918527420950257	FKBPL	0.26962078	False
2874	3.3562314515084486	0.5342626239189292	0.15918527420950257	PRRT1	0.26962078	False
2875	3.3562314515084486	0.5342626239189292	0.15918527420950257	LOC100507547	0.26962078	False
2876	3.3562314515084486	0.5342626239189292	0.15918527420950257	PPT2	0.26962078	False
2877	3.3562314515084486	0.5342626239189292	0.15918527420950257	PPT2-EGFL8	0.26962078	False
2878	3.3562314515084486	0.5342626239189292	0.15918527420950257	EGFL8	0.26962078	False
2879	3.3562314515084486	0.5342626239189292	0.15918527420950257	AGPAT1	0.26962078	False
2880	3.3562314515084486	0.5342626239189292	0.15918527420950257	MIR6721	0.26962078	False
2881	3.3562314515084486	0.5342626239189292	0.15918527420950257	RNF5	0.26962078	False
2882	3.3562314515084486	0.5342626239189292	0.15918527420950257	MIR6833	0.26962078	False
2883	3.3562314515084486	0.5342626239189292	0.15918527420950257	AGER	0.26962078	False
2884	3.3562314515084486	0.5342626239189292	0.15918527420950257	PBX2	0.26962078	False
2885	3.3562314515084486	0.5342626239189292	0.15918527420950257	GPSM3	0.26962078	False
2886	3.3562314515084486	0.5342626239189292	0.15918527420950257	NOTCH4	0.26962078	False
2887	3.3562314515084486	0.5342626239189292	0.15918527420950257	TSBP1	0.26962078	False
2888	3.3562314515084486	0.5342626239189292	0.15918527420950257	HCG23	0.26962078	False
2889	3.3562314515084486	0.5342626239189292	0.15918527420950257	BTNL2	0.26962078	False
2890	3.3562314515084486	0.5342626239189292	0.15918527420950257	HLA-DRA	0.26962078	False
2891	3.3562314515084486	0.5342626239189292	0.15918527420950257	HLA-DRB5	0.26962078	False
2892	3.3562314515084486	0.5342626239189292	0.15918527420950257	HLA-DRB1	0.26962078	False
2893	3.3562314515084486	0.5342626239189292	0.15918527420950257	HLA-DQA1	0.26962078	False
2894	3.3562314515084486	0.5342626239189292	0.15918527420950257	HLA-DQB1	0.26962078	False
2895	3.3562314515084486	0.5342626239189292	0.15918527420950257	HLA-DQB1-AS1	0.26962078	False
2896	3.3562314515084486	0.5342626239189292	0.15918527420950257	HLA-DQA2	0.26962078	False
2897	3.3562314515084486	0.5342626239189292	0.15918527420950257	MIR3135B	0.26962078	False
2898	3.3562314515084486	0.5342626239189292	0.15918527420950257	HLA-DQB2	0.26962078	False
2899	3.3562314515084486	0.5342626239189292	0.15918527420950257	HLA-DOB	0.26962078	False
2900	3.3562314515084486	0.5342626239189292	0.15918527420950257	TAP2	0.26962078	False
2901	3.3562314515084486	0.5342626239189292	0.15918527420950257	PSMB8	0.26962078	False
2902	3.3562314515084486	0.5342626239189292	0.15918527420950257	PSMB8-AS1	0.26962078	False
2903	3.3562314515084486	0.5342626239189292	0.15918527420950257	PSMB9	0.26962078	False
2904	3.3562314515084486	0.5342626239189292	0.15918527420950257	TAP1	0.26962078	False
2905	3.121693231197755	0.3828732428728852	0.12264922095691685	HLA-DMB	0.2696195	False
2906	3.121693231197755	0.3828732428728852	0.12264922095691685	HLA-DMA	0.2696195	False
2907	3.121693231197755	0.3828732428728852	0.12264922095691685	BRD2	0.2696195	False
2908	3.121693231197755	0.3828732428728852	0.12264922095691685	HLA-DOA	0.2696195	False
2909	3.121693231197755	0.3828732428728852	0.12264922095691685	HLA-DPA1	0.2696195	False
2910	3.121693231197755	0.3828732428728852	0.12264922095691685	HLA-DPB1	0.2696195	False
2911	2.839988223892009	0.3245339351549566	0.1142729862133742	COL11A2	0.26961887	False
2912	2.839988223892009	0.3245339351549566	0.1142729862133742	RXRB	0.26961887	False
2913	2.839988223892009	0.3245339351549566	0.1142729862133742	SLC39A7	0.26961887	False
2914	2.839988223892009	0.3245339351549566	0.1142729862133742	HSD17B8	0.26961887	False
2915	2.839988223892009	0.3245339351549566	0.1142729862133742	MIR219A1	0.26961887	False
2916	2.839988223892009	0.3245339351549566	0.1142729862133742	RING1	0.26961887	False
2917	2.839988223892009	0.3245339351549566	0.1142729862133742	HCG25	0.26961887	False
2918	2.839988223892009	0.3245339351549566	0.1142729862133742	VPS52	0.26961887	False
2919	2.839988223892009	0.3245339351549566	0.1142729862133742	RPS18	0.26961887	False
2920	2.839988223892009	0.3245339351549566	0.1142729862133742	B3GALT4	0.26961887	False
2921	2.839988223892009	0.3245339351549566	0.1142729862133742	WDR46	0.26961887	False
2922	2.839988223892009	0.3245339351549566	0.1142729862133742	MIR6873	0.26961887	False
2923	2.839988223892009	0.3245339351549566	0.1142729862133742	PFDN6	0.26961887	False
2924	2.839988223892009	0.3245339351549566	0.1142729862133742	MIR6834	0.26961887	False
2925	2.839988223892009	0.3245339351549566	0.1142729862133742	RGL2	0.26961887	False
2926	2.839988223892009	0.3245339351549566	0.1142729862133742	TAPBP	0.26961887	False
2927	2.839988223892009	0.3245339351549566	0.1142729862133742	ZBTB22	0.26961887	False
2928	2.839988223892009	0.3245339351549566	0.1142729862133742	DAXX	0.26961887	False
2929	2.839988223892009	0.3245339351549566	0.1142729862133742	KIFC1	0.26961887	False
2930	2.839988223892009	0.3245339351549566	0.1142729862133742	PHF1	0.26961887	False
2931	2.839988223892009	0.3245339351549566	0.1142729862133742	CUTA	0.26961887	False
2932	2.839988223892009	0.3245339351549566	0.1142729862133742	SYNGAP1	0.26961887	False
2933	2.839988223892009	0.3245339351549566	0.1142729862133742	MIR5004	0.26961887	False
2934	2.839988223892009	0.3245339351549566	0.1142729862133742	ZBTB9	0.26961887	False
2935	2.839988223892009	0.3245339351549566	0.1142729862133742	BAK1	0.26961887	False
2936	2.839988223892009	0.3245339351549566	0.1142729862133742	LINC00336	0.26961887	False
2937	2.839988223892009	0.3245339351549566	0.1142729862133742	ITPR3	0.26961887	False
2938	2.839988223892009	0.3245339351549566	0.1142729862133742	UQCC2	0.26961887	False
2939	2.839988223892009	0.3245339351549566	0.1142729862133742	MIR3934	0.26961887	False
2940	2.839988223892009	0.3245339351549566	0.1142729862133742	IP6K3	0.26961887	False
2941	2.839988223892009	0.3245339351549566	0.1142729862133742	LEMD2	0.26961887	False
2942	2.839988223892009	0.3245339351549566	0.1142729862133742	MLN	0.26961887	False
2943	2.839988223892009	0.3245339351549566	0.1142729862133742	LINC01016	0.26961887	False
2944	2.839988223892009	0.3245339351549566	0.1142729862133742	MIR7159	0.26961887	False
2945	2.775328910790584	0.2535730649069899	0.09136685166255006	MIR1275	0.2696184	False
2946	2.775328910790584	0.2535730649069899	0.09136685166255006	GRM4	0.2696184	False
2947	2.6950386902474843	0.2165026411373572	0.08033377847999498	ANKS1A	0.26961815	False
2948	2.748628830831399	0.2568282023566493	0.09343866275278956	TCP11	0.2696184	False
2949	2.748628830831399	0.2568282023566493	0.09343866275278956	SCUBE3	0.2696184	False
2950	2.748628830831399	0.2568282023566493	0.09343866275278956	ZNF76	0.2696184	False
2951	2.748628830831399	0.2568282023566493	0.09343866275278956	DEF6	0.2696184	False
2952	2.748628830831399	0.2568282023566493	0.09343866275278956	PPARD	0.2696184	False
2953	2.748628830831399	0.2568282023566493	0.09343866275278956	FANCE	0.2696184	False
2954	2.748628830831399	0.2568282023566493	0.09343866275278956	RPL10A	0.2696184	False
2955	2.748628830831399	0.2568282023566493	0.09343866275278956	MIR7111	0.2696184	False
2956	2.748628830831399	0.2568282023566493	0.09343866275278956	TEAD3	0.2696184	False
2957	2.748628830831399	0.2568282023566493	0.09343866275278956	TULP1	0.2696184	False
2958	2.748628830831399	0.2568282023566493	0.09343866275278956	FKBP5	0.2696184	False
2959	2.748628830831399	0.2568282023566493	0.09343866275278956	MIR5690	0.2696184	False
2960	2.748628830831399	0.2568282023566493	0.09343866275278956	LOC285847	0.2696184	False
2961	2.748628830831399	0.2568282023566493	0.09343866275278956	ARMC12	0.2696184	False
2962	2.748628830831399	0.2568282023566493	0.09343866275278956	CLPSL2	0.2696184	False
2963	2.748628830831399	0.2568282023566493	0.09343866275278956	CLPSL1	0.2696184	False
2964	2.748628830831399	0.2568282023566493	0.09343866275278956	CLPS	0.2696184	False
2965	2.748628830831399	0.2568282023566493	0.09343866275278956	LHFPL5	0.2696184	False
2966	2.707813113392421	0.23640049381606537	0.08730310546428238	SRPK1	0.2696183	False
2967	2.707813113392421	0.23640049381606537	0.08730310546428238	SLC26A8	0.2696183	False
2968	2.707813113392421	0.23640049381606537	0.08730310546428238	MAPK14	0.2696183	False
2969	2.8006406740499608	0.30932454604215875	0.11044778036264452	MAPK13	0.26961863	False
2970	2.8006406740499608	0.30932454604215875	0.11044778036264452	BRPF3	0.26961863	False
2971	2.8006406740499608	0.30932454604215875	0.11044778036264452	PNPLA1	0.26961863	False
2972	2.8006406740499608	0.30932454604215875	0.11044778036264452	C6orf222	0.26961863	False
2973	2.8006406740499608	0.30932454604215875	0.11044778036264452	ETV7	0.26961863	False
2974	2.8006406740499608	0.30932454604215875	0.11044778036264452	PXT1	0.26961863	False
2975	2.8006406740499608	0.30932454604215875	0.11044778036264452	KCTD20	0.26961863	False
2976	2.8006406740499608	0.30932454604215875	0.11044778036264452	STK38	0.26961863	False
2977	2.8006406740499608	0.30932454604215875	0.11044778036264452	SRSF3	0.26961863	False
2978	2.8006406740499608	0.30932454604215875	0.11044778036264452	MIR3925	0.26961863	False
2979	2.8006406740499608	0.30932454604215875	0.11044778036264452	PANDAR	0.26961863	False
2980	2.8006406740499608	0.30932454604215875	0.11044778036264452	CDKN1A	0.26961863	False
2981	2.8006406740499608	0.30932454604215875	0.11044778036264452	RAB44	0.26961863	False
2982	2.8006406740499608	0.30932454604215875	0.11044778036264452	CPNE5	0.26961863	False
2983	2.8006406740499608	0.30932454604215875	0.11044778036264452	PPIL1	0.26961863	False
2984	2.6972237702583755	0.25235360957092473	0.09356050185882464	C6orf89	0.26961824	False
2985	2.6972237702583755	0.25235360957092473	0.09356050185882464	PI16	0.26961824	False
2986	2.6972237702583755	0.25235360957092473	0.09356050185882464	MTCH1	0.26961824	False
2987	2.6972237702583755	0.25235360957092473	0.09356050185882464	FGD2	0.26961824	False
2988	2.7713096052191006	0.29579096499818525	0.10673328033834023	SRF	0.26961857	False
2989	2.7713096052191006	0.29579096499818525	0.10673328033834023	CUL9	0.26961857	False
2990	2.7713096052191006	0.29579096499818525	0.10673328033834023	DNPH1	0.26961857	False
2991	2.7713096052191006	0.29579096499818525	0.10673328033834023	TTBK1	0.26961857	False
2992	2.7713096052191006	0.29579096499818525	0.10673328033834023	SLC22A7	0.26961857	False
2993	2.7713096052191006	0.29579096499818525	0.10673328033834023	CRIP3	0.26961857	False
2994	2.7713096052191006	0.29579096499818525	0.10673328033834023	ZNF318	0.26961857	False
2995	2.7713096052191006	0.29579096499818525	0.10673328033834023	ABCC10	0.26961857	False
2996	2.7713096052191006	0.29579096499818525	0.10673328033834023	MIR6780B	0.26961857	False
2997	2.7713096052191006	0.29579096499818525	0.10673328033834023	DLK2	0.26961857	False
2998	2.7713096052191006	0.29579096499818525	0.10673328033834023	TJAP1	0.26961857	False
2999	2.7713096052191006	0.29579096499818525	0.10673328033834023	LRRC73	0.26961857	False
3000	2.7713096052191006	0.29579096499818525	0.10673328033834023	POLR1C	0.26961857	False
3001	2.7713096052191006	0.29579096499818525	0.10673328033834023	YIPF3	0.26961857	False
3002	2.7713096052191006	0.29579096499818525	0.10673328033834023	XPO5	0.26961857	False
3003	2.7713096052191006	0.29579096499818525	0.10673328033834023	POLH	0.26961857	False
3004	2.7713096052191006	0.29579096499818525	0.10673328033834023	GTPBP2	0.26961857	False
3005	2.7713096052191006	0.29579096499818525	0.10673328033834023	MAD2L1BP	0.26961857	False
3006	2.7713096052191006	0.29579096499818525	0.10673328033834023	RSPH9	0.26961857	False
3007	2.7713096052191006	0.29579096499818525	0.10673328033834023	MRPS18A	0.26961857	False
3008	2.7713096052191006	0.29579096499818525	0.10673328033834023	VEGFA	0.26961857	False
3009	3.0446423455000184	0.703649533042788	0.23111073590721815	MIR206	0.26962075	False
3010	3.0446423455000184	0.703649533042788	0.23111073590721815	LINCMD1	0.26962075	False
3011	3.0446423455000184	0.703649533042788	0.23111073590721815	MIR133B	0.26962075	False
3012	3.0446423455000184	0.703649533042788	0.23111073590721815	IL17A	0.26962075	False
3013	3.0446423455000184	0.703649533042788	0.23111073590721815	IL17F	0.26962075	False
3014	3.0446423455000184	0.703649533042788	0.23111073590721815	MCM3	0.26962075	False
3015	3.0446423455000184	0.703649533042788	0.23111073590721815	PAQR8	0.26962075	False
3016	3.0446423455000184	0.703649533042788	0.23111073590721815	EFHC1	0.26962075	False
3017	3.0446423455000184	0.703649533042788	0.23111073590721815	TRAM2	0.26962075	False
3018	3.0446423455000184	0.703649533042788	0.23111073590721815	TRAM2-AS1	0.26962075	False
3019	3.0446423455000184	0.703649533042788	0.23111073590721815	TMEM14A	0.26962075	False
3020	3.0446423455000184	0.703649533042788	0.23111073590721815	GSTA2	0.26962075	False
3021	3.0446423455000184	0.703649533042788	0.23111073590721815	GSTA1	0.26962075	False
3022	3.0446423455000184	0.703649533042788	0.23111073590721815	GSTA5	0.26962075	False
3023	3.130590308499386	0.7616122952440391	0.24328072989183613	GSTA3	0.26962128	False
3024	3.130590308499386	0.7616122952440391	0.24328072989183613	GSTA4	0.26962128	False
3025	3.130590308499386	0.7616122952440391	0.24328072989183613	RN7SK	0.26962128	False
3026	3.130590308499386	0.7616122952440391	0.24328072989183613	ICK	0.26962128	False
3027	3.130590308499386	0.7616122952440391	0.24328072989183613	FBXO9	0.26962128	False
3028	3.3848741585654274	1.052465990296322	0.31093208816435786	GCM1	0.2696236	False
3029	3.3848741585654274	1.052465990296322	0.31093208816435786	ELOVL5	0.2696236	False
3030	3.3848741585654274	1.052465990296322	0.31093208816435786	MIR5685	0.2696236	False
3031	3.3848741585654274	1.052465990296322	0.31093208816435786	GCLC	0.2696236	False
3032	3.3848741585654274	1.052465990296322	0.31093208816435786	LOC101927136	0.2696236	False
3033	3.3848741585654274	1.052465990296322	0.31093208816435786	LINC01564	0.2696236	False
3034	3.3848741585654274	1.052465990296322	0.31093208816435786	KLHL31	0.2696236	False
3035	3.2860101730966704	0.8691574684624191	0.2645023669063515	LRRC1	0.26962227	False
3036	3.2860101730966704	0.8691574684624191	0.2645023669063515	LOC101927189	0.26962227	False
3037	3.2860101730966704	0.8691574684624191	0.2645023669063515	MLIP-IT1	0.26962227	False
3038	3.2860101730966704	0.8691574684624191	0.2645023669063515	MLIP	0.26962227	False
3039	3.4046189680176204	1.0586232707974166	0.3109373708899391	TINAG	0.26962352	False
3040	3.214830983129693	0.8230022977419204	0.2560017313696266	FAM83B	0.26962173	False
3041	3.2127563557457743	0.9453185540422396	0.2942391047959825	HCRTR2	0.26962227	False
3042	3.2127563557457743	0.9453185540422396	0.2942391047959825	GFRAL	0.26962227	False
3043	3.2127563557457743	0.9453185540422396	0.2942391047959825	HMGCLL1	0.26962227	False
3044	3.2127563557457743	0.9453185540422396	0.2942391047959825	BMP5	0.26962227	False
3045	3.2127563557457743	0.9453185540422396	0.2942391047959825	COL21A1	0.26962227	False
3046	3.262652014504347	1.1999262499022896	0.3677763502107898	DST	0.269624	False
3047	3.262652014504347	1.1999262499022896	0.3677763502107898	LOC101930010	0.269624	False
3048	3.262652014504347	1.1999262499022896	0.3677763502107898	BEND6	0.269624	False
3049	3.262652014504347	1.1999262499022896	0.3677763502107898	KIAA1586	0.269624	False
3050	3.262652014504347	1.1999262499022896	0.3677763502107898	ZNF451	0.269624	False
3051	3.6332345531167736	2.0172167790526125	0.5552123733168125	KHDRBS2	0.2696303	False
3052	3.6768386889136706	2.060310735517324	0.5603484160807846	LGSN	0.26963094	False
3053	3.6768386889136706	2.060310735517324	0.5603484160807846	PTP4A1	0.26963094	False
3054	3.6768386889136706	2.060310735517324	0.5603484160807846	PHF3	0.26963094	False
3055	3.0766933221063426	0.7731102097013601	0.2512795812785394	IRAK1BP1	0.26962125	False
3056	3.0766933221063426	0.7731102097013601	0.2512795812785394	PHIP	0.26962125	False
3057	3.4874400758937325	1.2266213668751862	0.35172543188741034	HMGN3	0.26962507	False
3058	3.4874400758937325	1.2266213668751862	0.35172543188741034	HMGN3-AS1	0.26962507	False
3059	3.4874400758937325	1.2266213668751862	0.35172543188741034	LCA5	0.26962507	False
3060	3.4874400758937325	1.2266213668751862	0.35172543188741034	SH3BGRL2	0.26962507	False
3061	3.4874400758937325	1.2266213668751862	0.35172543188741034	LINC01621	0.26962507	False
3062	3.3771201739069956	1.0182836844269307	0.3015242668278745	ELOVL4	0.2696234	False
3063	3.3771201739069956	1.0182836844269307	0.3015242668278745	TTK	0.2696234	False
3064	3.5858918420793353	1.3112113458892558	0.36565836439978333	BCKDHB	0.26962584	False
3065	3.5128323101063303	1.2707018724549668	0.36173143500166216	TENT5A	0.2696254	False
3066	3.5128323101063303	1.2707018724549668	0.36173143500166216	LINC01526	0.2696254	False
3067	3.285588920464916	1.2909835525574553	0.3929230295720559	SIM1	0.26962435	False
3068	3.285588920464916	1.2909835525574553	0.3929230295720559	ASCC3	0.26962435	False
3069	2.8296971475411588	0.3783758975011485	0.13371604018823532	SEC63	0.26961902	False
3070	2.8296971475411588	0.3783758975011485	0.13371604018823532	OSTM1	0.26961902	False
3071	2.9880990518718726	0.5002768135597704	0.16742310240565006	NR2E1	0.26961982	False
3072	2.9880990518718726	0.5002768135597704	0.16742310240565006	SNX3	0.26961982	False
3073	2.9880990518718726	0.5002768135597704	0.16742310240565006	AFG1L	0.26961982	False
3074	2.9880990518718726	0.5002768135597704	0.16742310240565006	FOXO3	0.26961982	False
3075	2.9880990518718726	0.5002768135597704	0.16742310240565006	LINC00222	0.26961982	False
3076	2.935208937138811	0.44242385440264187	0.1507299357141876	ARMC2	0.26961955	False
3077	2.935208937138811	0.44242385440264187	0.1507299357141876	ARMC2-AS1	0.26961955	False
3078	2.935208937138811	0.44242385440264187	0.1507299357141876	SESN1	0.26961955	False
3079	2.935208937138811	0.44242385440264187	0.1507299357141876	CEP57L1	0.26961955	False
3080	2.9928796465395062	0.5416363847014494	0.18097499688225427	CD164	0.2696201	False
3081	2.9928796465395062	0.5416363847014494	0.18097499688225427	PPIL6	0.2696201	False
3082	2.9928796465395062	0.5416363847014494	0.18097499688225427	SMPD2	0.2696201	False
3083	2.9928796465395062	0.5416363847014494	0.18097499688225427	MICAL1	0.2696201	False
3084	2.9928796465395062	0.5416363847014494	0.18097499688225427	ZBTB24	0.2696201	False
3085	2.9928796465395062	0.5416363847014494	0.18097499688225427	AK9	0.2696201	False
3086	2.9928796465395062	0.5416363847014494	0.18097499688225427	FIG4	0.2696201	False
3087	2.9147624466934103	0.4781988222838799	0.16406099331572022	GPR6	0.26961967	False
3088	2.9147624466934103	0.4781988222838799	0.16406099331572022	WASF1	0.26961967	False
3089	2.9619541293391762	0.5833290126322547	0.19694059636311712	CDC40	0.2696202	False
3090	2.9619541293391762	0.5833290126322547	0.19694059636311712	METTL24	0.2696202	False
3091	2.9619541293391762	0.5833290126322547	0.19694059636311712	DDO	0.2696202	False
3092	2.9619541293391762	0.5833290126322547	0.19694059636311712	SLC22A16	0.2696202	False
3093	2.9619541293391762	0.5833290126322547	0.19694059636311712	CDK19	0.2696202	False
3094	2.9619541293391762	0.5833290126322547	0.19694059636311712	AMD1	0.2696202	False
3095	2.868282158690436	0.5167032517794917	0.1801438014785134	GTF3C6	0.26961973	False
3096	2.868282158690436	0.5167032517794917	0.1801438014785134	RPF2	0.26961973	False
3097	2.868282158690436	0.5167032517794917	0.1801438014785134	SLC16A10	0.26961973	False
3098	3.159245570156997	0.9835644127497039	0.31132888878303505	NT5DC1	0.26962256	False
3099	3.159245570156997	0.9835644127497039	0.31132888878303505	COL10A1	0.26962256	False
3100	3.159245570156997	0.9835644127497039	0.31132888878303505	TSPYL4	0.26962256	False
3101	3.159245570156997	0.9835644127497039	0.31132888878303505	DSE	0.26962256	False
3102	3.159245570156997	0.9835644127497039	0.31132888878303505	TSPYL1	0.26962256	False
3103	3.159245570156997	0.9835644127497039	0.31132888878303505	CALHM6	0.26962256	False
3104	3.159245570156997	0.9835644127497039	0.31132888878303505	TRAPPC3L	0.26962256	False
3105	3.159245570156997	0.9835644127497039	0.31132888878303505	CALHM5	0.26962256	False
3106	3.159245570156997	0.9835644127497039	0.31132888878303505	CALHM4	0.26962256	False
3107	3.159245570156997	0.9835644127497039	0.31132888878303505	RWDD1	0.26962256	False
3108	3.159245570156997	0.9835644127497039	0.31132888878303505	RSPH4A	0.26962256	False
3109	3.159245570156997	0.9835644127497039	0.31132888878303505	ZUP1	0.26962256	False
3110	3.159245570156997	0.9835644127497039	0.31132888878303505	KPNA5	0.26962256	False
3111	3.159245570156997	0.9835644127497039	0.31132888878303505	FAM162B	0.26962256	False
3112	3.159245570156997	0.9835644127497039	0.31132888878303505	GPRC6A	0.26962256	False
3113	3.2269193211111893	1.0181359910761687	0.3155133084410594	TPD52L1	0.269623	False
3114	3.2269193211111893	1.0181359910761687	0.3155133084410594	HDDC2	0.269623	False
3115	3.2269193211111893	1.0181359910761687	0.3155133084410594	LINC02523	0.269623	False
3116	3.2269193211111893	1.0181359910761687	0.3155133084410594	HEY2	0.269623	False
3117	3.102216445369676	0.793819630572711	0.25588789323760913	NCOA7	0.2696214	False
3118	3.2269193211111893	1.0181359910761687	0.3155133084410594	NCOA7-AS1	0.269623	False
3119	3.102216445369676	0.793819630572711	0.25588789323760913	HINT3	0.2696214	False
3120	3.102216445369676	0.793819630572711	0.25588789323760913	TRMT11	0.2696214	False
3121	3.1336744454737273	0.8849264531488072	0.2823925932787923	CENPW	0.26962188	False
3122	3.1336744454737273	0.8849264531488072	0.2823925932787923	MIR588	0.26962188	False
3123	3.10290334920239	0.9579720552854606	0.30873409432224497	RSPO3	0.2696219	False
3124	3.10290334920239	0.9579720552854606	0.30873409432224497	RNF146	0.2696219	False
3125	3.10290334920239	0.9579720552854606	0.30873409432224497	ECHDC1	0.2696219	False
3126	3.10290334920239	0.9579720552854606	0.30873409432224497	SOGA3	0.2696219	False
3127	3.10290334920239	0.9579720552854606	0.30873409432224497	KIAA0408	0.2696219	False
3128	3.10290334920239	0.9579720552854606	0.30873409432224497	C6orf58	0.2696219	False
3129	3.0190360675373973	0.6791166708403645	0.22494486837791056	EPB41L2	0.26962054	False
3130	3.230991533090907	0.8802793058584074	0.2724486575847799	AKAP7	0.26962215	False
3131	3.230991533090907	0.8802793058584074	0.2724486575847799	ARG1	0.26962215	False
3132	3.230991533090907	0.8802793058584074	0.2724486575847799	MED23	0.26962215	False
3133	3.230991533090907	0.8802793058584074	0.2724486575847799	ENPP3	0.26962215	False
3134	3.230991533090907	0.8802793058584074	0.2724486575847799	OR2A4	0.26962215	False
3135	3.230991533090907	0.8802793058584074	0.2724486575847799	CTAGE9	0.26962215	False
3136	3.230991533090907	0.8802793058584074	0.2724486575847799	MIR548H5	0.26962215	False
3137	3.230991533090907	0.8802793058584074	0.2724486575847799	ENPP1	0.26962215	False
3138	3.1812487311256863	0.7006967202903579	0.2202583889259159	CTGF	0.26962116	False
3139	3.3079655174669305	0.7994843583370173	0.24168461071178915	MIR548AJ1	0.2696221	False
3140	3.3079655174669305	0.7994843583370173	0.24168461071178915	LINC01013	0.2696221	False
3141	3.3079655174669305	0.7994843583370173	0.24168461071178915	MOXD1	0.2696221	False
3142	3.3079655174669305	0.7994843583370173	0.24168461071178915	STX7	0.2696221	False
3143	3.3079655174669305	0.7994843583370173	0.24168461071178915	TAAR9	0.2696221	False
3144	3.3079655174669305	0.7994843583370173	0.24168461071178915	TAAR8	0.2696221	False
3145	3.3079655174669305	0.7994843583370173	0.24168461071178915	TAAR6	0.2696221	False
3146	3.3079655174669305	0.7994843583370173	0.24168461071178915	TAAR5	0.2696221	False
3147	3.3079655174669305	0.7994843583370173	0.24168461071178915	TAAR2	0.2696221	False
3148	3.3079655174669305	0.7994843583370173	0.24168461071178915	TAAR1	0.2696221	False
3149	3.3079655174669305	0.7994843583370173	0.24168461071178915	VNN1	0.2696221	False
3150	3.3079655174669305	0.7994843583370173	0.24168461071178915	VNN3	0.2696221	False
3151	3.3079655174669305	0.7994843583370173	0.24168461071178915	VNN2	0.2696221	False
3152	3.3079655174669305	0.7994843583370173	0.24168461071178915	SLC18B1	0.2696221	False
3153	3.3079655174669305	0.7994843583370173	0.24168461071178915	RPS12	0.2696221	False
3154	3.3079655174669305	0.7994843583370173	0.24168461071178915	SNORD101	0.2696221	False
3155	3.3079655174669305	0.7994843583370173	0.24168461071178915	SNORD100	0.2696221	False
3156	3.3079655174669305	0.7994843583370173	0.24168461071178915	SNORA33	0.2696221	False
3157	3.268721896460135	0.695728610439365	0.21284423468169772	LINC00326	0.2696215	False
3158	3.3658883111271622	0.8419553597901072	0.25014358230685163	EYA4	0.26962262	False
3159	3.3658883111271622	0.8419553597901072	0.25014358230685163	TARID	0.26962262	False
3160	3.3658883111271622	0.8419553597901072	0.25014358230685163	LINC01312	0.26962262	False
3161	3.3658883111271622	0.8419553597901072	0.25014358230685163	TCF21	0.26962262	False
3162	3.359477238960112	0.7780542295661274	0.23159979193874972	TBPL1	0.26962242	False
3163	3.359477238960112	0.7780542295661274	0.23159979193874972	SLC2A12	0.26962242	False
3164	3.4235614598248993	0.9570794005455805	0.27955665811079994	SGK1	0.26962367	False
3165	3.4235614598248993	0.9570794005455805	0.27955665811079994	LOC101928231	0.26962367	False
3166	3.4235614598248993	0.9570794005455805	0.27955665811079994	LINC01010	0.26962367	False
3167	3.4235614598248993	0.9570794005455805	0.27955665811079994	LOC101928304	0.26962367	False
3168	3.2738151267475954	0.7173670505861535	0.21912265134495515	ALDH8A1	0.26962164	False
3169	3.2738151267475954	0.7173670505861535	0.21912265134495515	HBS1L	0.26962164	False
3170	3.279823644805771	0.754458219980021	0.23003011798358433	MYB	0.26962188	False
3171	3.279823644805771	0.754458219980021	0.23003011798358433	MIR548A2	0.26962188	False
3172	3.279823644805771	0.754458219980021	0.23003011798358433	AHI1	0.26962188	False
3173	3.279823644805771	0.754458219980021	0.23003011798358433	LINC00271	0.26962188	False
3174	3.185533231326726	0.6104881229899861	0.19164393483213707	PDE7B	0.26962078	False
3175	3.1985284704585615	0.6729018927207185	0.21037858469468212	MTFR2	0.2696211	False
3176	3.1985284704585615	0.6729018927207185	0.21037858469468212	BCLAF1	0.2696211	False
3177	3.1985284704585615	0.6729018927207185	0.21037858469468212	MAP7	0.2696211	False
3178	3.1985284704585615	0.6729018927207185	0.21037858469468212	MAP3K5	0.2696211	False
3179	3.1985284704585615	0.6729018927207185	0.21037858469468212	LOC101928461	0.2696211	False
3180	3.1175084372361015	0.564155767333011	0.1809636697673788	PEX7	0.26962054	False
3181	3.1175084372361015	0.564155767333011	0.1809636697673788	SLC35D3	0.26962054	False
3182	3.1175084372361015	0.564155767333011	0.1809636697673788	NHEG1	0.26962054	False
3183	3.1175084372361015	0.564155767333011	0.1809636697673788	IL20RA	0.26962054	False
3184	3.07661566191925	0.6482925713994077	0.21071613832811042	IL22RA2	0.2696208	False
3185	3.07661566191925	0.6482925713994077	0.21071613832811042	IFNGR1	0.2696208	False
3186	3.07661566191925	0.6482925713994077	0.21071613832811042	OLIG3	0.2696208	False
3187	3.07661566191925	0.6482925713994077	0.21071613832811042	LOC102723649	0.2696208	False
3188	3.07661566191925	0.6482925713994077	0.21071613832811042	LINC02539	0.2696208	False
3189	3.07661566191925	0.6482925713994077	0.21071613832811042	LOC100130476	0.2696208	False
3190	3.07661566191925	0.6482925713994077	0.21071613832811042	TNFAIP3	0.2696208	False
3191	3.0839618818270855	0.5639468047768325	0.18286438885642892	PERP	0.2696204	False
3192	3.1372220942204527	0.6323152344895643	0.20155258872314044	ARFGEF3	0.26962072	False
3193	3.1372220942204527	0.6323152344895643	0.20155258872314044	PBOV1	0.26962072	False
3194	3.1372220942204527	0.6323152344895643	0.20155258872314044	HEBP2	0.26962072	False
3195	3.1372220942204527	0.6323152344895643	0.20155258872314044	NHSL1	0.26962072	False
3196	3.1372220942204527	0.6323152344895643	0.20155258872314044	MIR3145	0.26962072	False
3197	3.1372220942204527	0.6323152344895643	0.20155258872314044	FLJ46906	0.26962072	False
3198	3.1372220942204527	0.6323152344895643	0.20155258872314044	GVQW2	0.26962072	False
3199	3.1372220942204527	0.6323152344895643	0.20155258872314044	CCDC28A	0.26962072	False
3200	3.166578184749203	0.6413405865161448	0.20253426541146333	ECT2L	0.26962093	False
3201	3.166578184749203	0.6413405865161448	0.20253426541146333	REPS1	0.26962093	False
3202	3.166578184749203	0.6413405865161448	0.20253426541146333	ABRACL	0.26962093	False
3203	3.26481130951547	0.823493668522898	0.2522331585052958	HECA	0.26962215	False
3204	3.26481130951547	0.823493668522898	0.2522331585052958	TXLNB	0.26962215	False
3205	3.26481130951547	0.823493668522898	0.2522331585052958	CITED2	0.26962215	False
3206	3.26481130951547	0.823493668522898	0.2522331585052958	LINC01625	0.26962215	False
3207	3.26481130951547	0.823493668522898	0.2522331585052958	FILNC1	0.26962215	False
3208	3.3294801292409	0.8130401382359775	0.24419432063748206	LOC100507477	0.26962215	False
3209	3.4871289335848084	1.0871472720053807	0.31175998728781756	MIR3668	0.26962408	False
3210	3.4871289335848084	1.0871472720053807	0.31175998728781756	MIR4465	0.26962408	False
3211	3.2628334677322606	0.8846328487956994	0.2711241188201181	NMBR	0.2696222	False
3212	3.3197670939109694	1.0563429425658228	0.31819790746867144	VTA1	0.2696233	False
3213	3.3197670939109694	1.0563429425658228	0.31819790746867144	ADGRG6	0.2696233	False
3214	3.3197670939109694	1.0563429425658228	0.31819790746867144	LOC153910	0.2696233	False
3215	3.1429090878960575	0.7886651889117048	0.2509347763029497	HIVEP2	0.26962158	False
3216	3.1429090878960575	0.7886651889117048	0.2509347763029497	LINC01277	0.26962158	False
3217	3.1429090878960575	0.7886651889117048	0.2509347763029497	AIG1	0.26962158	False
3218	3.000719996324666	0.7347411652843914	0.24485495687178915	ADAT2	0.2696208	False
3219	3.000719996324666	0.7347411652843914	0.24485495687178915	PEX3	0.2696208	False
3220	3.000719996324666	0.7347411652843914	0.24485495687178915	FUCA2	0.2696208	False
3221	3.000719996324666	0.7347411652843914	0.24485495687178915	PHACTR2	0.2696208	False
3222	3.000719996324666	0.7347411652843914	0.24485495687178915	PHACTR2-AS1	0.2696208	False
3223	3.000719996324666	0.7347411652843914	0.24485495687178915	LTV1	0.2696208	False
3224	2.977089432877143	0.6701264967578183	0.22509451323744387	ZC2HC1B	0.26962054	False
3225	2.977089432877143	0.6701264967578183	0.22509451323744387	PLAGL1	0.26962054	False
3226	2.977089432877143	0.6701264967578183	0.22509451323744387	HYMAI	0.26962054	False
3227	2.977089432877143	0.6701264967578183	0.22509451323744387	SF3B5	0.26962054	False
3228	3.0250688771139362	0.7886732767293132	0.2607125023486229	STX11	0.26962125	False
3229	3.0250688771139362	0.7886732767293132	0.2607125023486229	UTRN	0.26962125	False
3230	2.9370845235110803	0.5611053609423894	0.19104161165631928	AKAP12	0.26962	False
3231	2.9370845235110803	0.5611053609423894	0.19104161165631928	ZBTB2	0.26962	False
3232	2.9370845235110803	0.5611053609423894	0.19104161165631928	RMND1	0.26962	False
3233	2.9370845235110803	0.5611053609423894	0.19104161165631928	ARMT1	0.26962	False
3234	2.9370845235110803	0.5611053609423894	0.19104161165631928	CCDC170	0.26962	False
3235	3.301113920302008	1.4272322821163834	0.4323486909490875	TMEM106B	0.26962498	False
3236	3.301113920302008	1.4272322821163834	0.4323486909490875	VWDE	0.26962498	False
3237	3.301113920302008	1.4272322821163834	0.4323486909490875	SCIN	0.26962498	False
3238	3.301113920302008	1.4272322821163834	0.4323486909490875	ARL4A	0.26962498	False
3239	3.1365505438292285	0.9164365684936454	0.292179754697918	DGKB	0.26962215	False
3240	3.25306407508191	1.1484825501197196	0.35304639675466626	AGMO	0.26962343	False
3241	3.25306407508191	1.1484825501197196	0.35304639675466626	MEOX2	0.26962343	False
3242	3.25306407508191	1.1484825501197196	0.35304639675466626	LOC105375166	0.26962343	False
3243	3.25306407508191	1.1484825501197196	0.35304639675466626	LINC02587	0.26962343	False
3244	3.1341013298956995	0.9105284469598932	0.29052297648276576	ISPD	0.26962215	False
3245	3.218119013495945	1.0511131020286377	0.3266234398481056	ISPD-AS1	0.26962316	False
3246	3.218119013495945	1.0511131020286377	0.3266234398481056	SOSTDC1	0.26962316	False
3247	3.218119013495945	1.0511131020286377	0.3266234398481056	LRRC72	0.26962316	False
3248	3.218119013495945	1.0511131020286377	0.3266234398481056	ANKMY2	0.26962316	False
3249	3.218119013495945	1.0511131020286377	0.3266234398481056	BZW2	0.26962316	False
3250	3.218119013495945	1.0511131020286377	0.3266234398481056	TSPAN13	0.26962316	False
3251	3.218119013495945	1.0511131020286377	0.3266234398481056	AGR2	0.26962316	False
3252	3.218119013495945	1.0511131020286377	0.3266234398481056	AGR3	0.26962316	False
3253	3.201127854527674	1.107027790251855	0.34582429711018114	AHR	0.26962307	False
3254	3.201127854527674	1.107027790251855	0.34582429711018114	KCCAT333	0.26962307	False
3255	3.201127854527674	1.107027790251855	0.34582429711018114	LOC101927630	0.26962307	False
3256	2.8561983804578746	0.5424100069965991	0.18990627916736158	FGL2	0.26961973	False
3257	2.8561983804578746	0.5424100069965991	0.18990627916736158	GSAP	0.26961973	False
3258	2.8561983804578746	0.5424100069965991	0.18990627916736158	LOC101927243	0.26961973	False
3259	2.8561983804578746	0.5424100069965991	0.18990627916736158	PTPN12	0.26961973	False
3260	2.8561983804578746	0.5424100069965991	0.18990627916736158	APTR	0.26961973	False
3261	2.8561983804578746	0.5424100069965991	0.18990627916736158	RSBN1L	0.26961973	False
3262	2.8561983804578746	0.5424100069965991	0.18990627916736158	TMEM60	0.26961973	False
3263	3.4607439007020777	1.6189572717986604	0.4678061475367259	DMTF1	0.26962686	False
3264	3.4607439007020777	1.6189572717986604	0.4678061475367259	TMEM243	0.26962686	False
3265	3.4607439007020777	1.6189572717986604	0.4678061475367259	TP53TG1	0.26962686	False
3266	3.4607439007020777	1.6189572717986604	0.4678061475367259	CROT	0.26962686	False
3267	3.4607439007020777	1.6189572717986604	0.4678061475367259	ABCB4	0.26962686	False
3268	3.4607439007020777	1.6189572717986604	0.4678061475367259	ABCB1	0.26962686	False
3269	3.4607439007020777	1.6189572717986604	0.4678061475367259	RUNDC3B	0.26962686	False
3270	3.4607439007020777	1.6189572717986604	0.4678061475367259	SLC25A40	0.26962686	False
3271	3.1889443344418136	1.0919014286447057	0.34240216012921715	DBF4	0.2696232	False
3272	3.1889443344418136	1.0919014286447057	0.34240216012921715	ADAM22	0.2696232	False
3273	3.086949482492117	0.8889110689369302	0.28795776347441415	CYP51A1	0.26962164	False
3274	3.086949482492117	0.8889110689369302	0.28795776347441415	CYP51A1-AS1	0.26962164	False
3275	3.086949482492117	0.8889110689369302	0.28795776347441415	LRRD1	0.26962164	False
3276	3.086949482492117	0.8889110689369302	0.28795776347441415	KRIT1	0.26962164	False
3277	3.086949482492117	0.8889110689369302	0.28795776347441415	MIR1285-1	0.26962164	False
3278	3.086949482492117	0.8889110689369302	0.28795776347441415	ANKIB1	0.26962164	False
3279	3.086949482492117	0.8889110689369302	0.28795776347441415	GATAD1	0.26962164	False
3280	3.086949482492117	0.8889110689369302	0.28795776347441415	ERVW-1	0.26962164	False
3281	3.086949482492117	0.8889110689369302	0.28795776347441415	PEX1	0.26962164	False
3282	3.086949482492117	0.8889110689369302	0.28795776347441415	RBM48	0.26962164	False
3283	3.086949482492117	0.8889110689369302	0.28795776347441415	FAM133B	0.26962164	False
3284	3.086949482492117	0.8889110689369302	0.28795776347441415	CDK6	0.26962164	False
3285	3.023681276113525	0.7269041167900104	0.24040368359337572	LOC101927497	0.2696207	False
3286	3.023681276113525	0.7269041167900104	0.24040368359337572	SAMD9	0.2696207	False
3287	3.086642949986051	0.8494571797642723	0.2752042246312004	SAMD9L	0.26962158	False
3288	3.086642949986051	0.8494571797642723	0.2752042246312004	HEPACAM2	0.26962158	False
3289	3.086642949986051	0.8494571797642723	0.2752042246312004	VPS50	0.26962158	False
3290	3.086642949986051	0.8494571797642723	0.2752042246312004	CALCR	0.26962158	False
3291	3.086642949986051	0.8494571797642723	0.2752042246312004	MIR653	0.26962158	False
3292	3.086642949986051	0.8494571797642723	0.2752042246312004	MIR489	0.26962158	False
3293	3.088533846903638	0.752565078005499	0.2436641834959884	GNGT1	0.26962128	False
3294	3.086642949986051	0.8494571797642723	0.2752042246312004	MIR4652	0.26962158	False
3295	3.086642949986051	0.8494571797642723	0.2752042246312004	TFPI2	0.26962158	False
3296	3.086642949986051	0.8494571797642723	0.2752042246312004	LOC105375401	0.26962158	False
3297	3.088533846903638	0.752565078005499	0.2436641834959884	GNG11	0.26962128	False
3298	3.088533846903638	0.752565078005499	0.2436641834959884	BET1	0.26962128	False
3299	3.2625202938932056	0.9790513636061047	0.30009050531844833	COL1A2	0.26962268	False
3300	3.2625202938932056	0.9790513636061047	0.30009050531844833	CASD1	0.26962268	False
3301	3.2625202938932056	0.9790513636061047	0.30009050531844833	SGCE	0.26962268	False
3302	3.2625202938932056	0.9790513636061047	0.30009050531844833	PEG10	0.26962268	False
3303	3.082016296577037	0.7501669259328848	0.24340134955354994	PPP1R9A	0.26962122	False
3304	3.158493500912967	0.8939234233787879	0.28302208730852163	PON1	0.26962212	False
3305	3.158493500912967	0.8939234233787879	0.28302208730852163	PON3	0.26962212	False
3306	3.158493500912967	0.8939234233787879	0.28302208730852163	PON2	0.26962212	False
3307	3.158493500912967	0.8939234233787879	0.28302208730852163	ASB4	0.26962212	False
3308	3.158493500912967	0.8939234233787879	0.28302208730852163	PDK4	0.26962212	False
3309	2.807105267446883	0.27599125175575456	0.09831881082492286	KPNA7	0.26961848	False
3310	2.807105267446883	0.27599125175575456	0.09831881082492286	ARPC1A	0.26961848	False
3311	2.807105267446883	0.27599125175575456	0.09831881082492286	ARPC1B	0.26961848	False
3312	2.807105267446883	0.27599125175575456	0.09831881082492286	PDAP1	0.26961848	False
3313	2.807105267446883	0.27599125175575456	0.09831881082492286	BUD31	0.26961848	False
3314	2.807105267446883	0.27599125175575456	0.09831881082492286	PTCD1	0.26961848	False
3315	2.807105267446883	0.27599125175575456	0.09831881082492286	ATP5MF-PTCD1	0.26961848	False
3316	2.807105267446883	0.27599125175575456	0.09831881082492286	CPSF4	0.26961848	False
3317	2.807105267446883	0.27599125175575456	0.09831881082492286	ATP5MF	0.26961848	False
3318	2.807105267446883	0.27599125175575456	0.09831881082492286	ZNF789	0.26961848	False
3319	2.807105267446883	0.27599125175575456	0.09831881082492286	ZNF394	0.26961848	False
3320	2.807105267446883	0.27599125175575456	0.09831881082492286	ZKSCAN5	0.26961848	False
3321	2.807105267446883	0.27599125175575456	0.09831881082492286	FAM200A	0.26961848	False
3322	2.807105267446883	0.27599125175575456	0.09831881082492286	ZNF655	0.26961848	False
3323	2.807105267446883	0.27599125175575456	0.09831881082492286	TMEM225B	0.26961848	False
3324	2.807105267446883	0.27599125175575456	0.09831881082492286	ZSCAN25	0.26961848	False
3325	2.807105267446883	0.27599125175575456	0.09831881082492286	CYP3A5	0.26961848	False
3326	2.807105267446883	0.27599125175575456	0.09831881082492286	CYP3A7-CYP3A51P	0.26961848	False
3327	2.807105267446883	0.27599125175575456	0.09831881082492286	CYP3A7	0.26961848	False
3328	2.807105267446883	0.27599125175575456	0.09831881082492286	CYP3A4	0.26961848	False
3329	2.807105267446883	0.27599125175575456	0.09831881082492286	CYP3A43	0.26961848	False
3330	2.807105267446883	0.27599125175575456	0.09831881082492286	OR2AE1	0.26961848	False
3331	2.7426805386055766	0.22826597463515422	0.08322732867430793	TRIM4	0.2696182	False
3332	2.7426805386055766	0.22826597463515422	0.08322732867430793	GJC3	0.2696182	False
3333	2.7426805386055766	0.22826597463515422	0.08322732867430793	AZGP1	0.2696182	False
3334	2.7426805386055766	0.22826597463515422	0.08322732867430793	ZKSCAN1	0.2696182	False
3335	2.7426805386055766	0.22826597463515422	0.08322732867430793	ZSCAN21	0.2696182	False
3336	2.7426805386055766	0.22826597463515422	0.08322732867430793	ZNF3	0.2696182	False
3337	2.7426805386055766	0.22826597463515422	0.08322732867430793	COPS6	0.2696182	False
3338	2.7426805386055766	0.22826597463515422	0.08322732867430793	MCM7	0.2696182	False
3339	2.7426805386055766	0.22826597463515422	0.08322732867430793	MIR25	0.2696182	False
3340	2.7426805386055766	0.22826597463515422	0.08322732867430793	MIR93	0.2696182	False
3341	2.7426805386055766	0.22826597463515422	0.08322732867430793	MIR106B	0.2696182	False
3342	2.897202481556668	0.29072676856574475	0.10034741113763548	AP4M1	0.26961866	False
3343	2.897202481556668	0.29072676856574475	0.10034741113763548	TAF6	0.26961866	False
3344	2.897202481556668	0.29072676856574475	0.10034741113763548	CNPY4	0.26961866	False
3345	2.897202481556668	0.29072676856574475	0.10034741113763548	MBLAC1	0.26961866	False
3346	2.897202481556668	0.29072676856574475	0.10034741113763548	LAMTOR4	0.26961866	False
3347	2.897202481556668	0.29072676856574475	0.10034741113763548	C7orf43	0.26961866	False
3348	2.897202481556668	0.29072676856574475	0.10034741113763548	MIR4658	0.26961866	False
3349	2.897202481556668	0.29072676856574475	0.10034741113763548	GAL3ST4	0.26961866	False
3350	2.897202481556668	0.29072676856574475	0.10034741113763548	GPC2	0.26961866	False
3351	2.897202481556668	0.29072676856574475	0.10034741113763548	STAG3	0.26961866	False
3352	2.897202481556668	0.29072676856574475	0.10034741113763548	CASTOR3	0.26961866	False
3353	2.897202481556668	0.29072676856574475	0.10034741113763548	PVRIG	0.26961866	False
3354	2.897202481556668	0.29072676856574475	0.10034741113763548	SPDYE3	0.26961866	False
3355	2.897202481556668	0.29072676856574475	0.10034741113763548	STAG3L5P-PVRIG2P-PILRB	0.26961866	False
3356	2.897202481556668	0.29072676856574475	0.10034741113763548	MIR6840	0.26961866	False
3357	2.897202481556668	0.29072676856574475	0.10034741113763548	PILRB	0.26961866	False
3358	2.897202481556668	0.29072676856574475	0.10034741113763548	PILRA	0.26961866	False
3359	2.897202481556668	0.29072676856574475	0.10034741113763548	ZCWPW1	0.26961866	False
3360	2.897202481556668	0.29072676856574475	0.10034741113763548	MEPCE	0.26961866	False
3361	2.897202481556668	0.29072676856574475	0.10034741113763548	PPP1R35	0.26961866	False
3362	2.897202481556668	0.29072676856574475	0.10034741113763548	C7orf61	0.26961866	False
3363	2.897202481556668	0.29072676856574475	0.10034741113763548	TSC22D4	0.26961866	False
3364	2.897202481556668	0.29072676856574475	0.10034741113763548	NYAP1	0.26961866	False
3365	2.897202481556668	0.29072676856574475	0.10034741113763548	AGFG2	0.26961866	False
3366	2.897202481556668	0.29072676856574475	0.10034741113763548	SAP25	0.26961866	False
3367	2.897202481556668	0.29072676856574475	0.10034741113763548	LRCH4	0.26961866	False
3368	2.897202481556668	0.29072676856574475	0.10034741113763548	FBXO24	0.26961866	False
3369	2.897202481556668	0.29072676856574475	0.10034741113763548	PCOLCE-AS1	0.26961866	False
3370	2.897202481556668	0.29072676856574475	0.10034741113763548	PCOLCE	0.26961866	False
3371	2.897202481556668	0.29072676856574475	0.10034741113763548	MOSPD3	0.26961866	False
3372	2.897202481556668	0.29072676856574475	0.10034741113763548	TFR2	0.26961866	False
3373	2.897202481556668	0.29072676856574475	0.10034741113763548	ACTL6B	0.26961866	False
3374	2.897202481556668	0.29072676856574475	0.10034741113763548	GNB2	0.26961866	False
3375	2.897202481556668	0.29072676856574475	0.10034741113763548	GIGYF1	0.26961866	False
3376	2.897202481556668	0.29072676856574475	0.10034741113763548	POP7	0.26961866	False
3377	2.897202481556668	0.29072676856574475	0.10034741113763548	EPO	0.26961866	False
3378	2.897202481556668	0.29072676856574475	0.10034741113763548	ZAN	0.26961866	False
3379	2.897202481556668	0.29072676856574475	0.10034741113763548	EPHB4	0.26961866	False
3380	2.897202481556668	0.29072676856574475	0.10034741113763548	SLC12A9	0.26961866	False
3381	2.897202481556668	0.29072676856574475	0.10034741113763548	TRIP6	0.26961866	False
3382	2.897202481556668	0.29072676856574475	0.10034741113763548	MIR6875	0.26961866	False
3383	2.897202481556668	0.29072676856574475	0.10034741113763548	SRRT	0.26961866	False
3384	2.897202481556668	0.29072676856574475	0.10034741113763548	UFSP1	0.26961866	False
3385	2.897202481556668	0.29072676856574475	0.10034741113763548	ACHE	0.26961866	False
3386	2.8527029791132508	0.4744085966084508	0.1663014341422669	SRPK2	0.2696195	False
3387	2.8527029791132508	0.4744085966084508	0.1663014341422669	PUS7	0.2696195	False
3388	2.8527029791132508	0.4744085966084508	0.1663014341422669	RINT1	0.2696195	False
3389	2.8527029791132508	0.4744085966084508	0.1663014341422669	EFCAB10	0.2696195	False
3390	2.8527029791132508	0.4744085966084508	0.1663014341422669	ATXN7L1	0.2696195	False
3391	2.95021159310497	0.48509908110729194	0.16442857259493926	CDHR3	0.26961973	False
3392	2.95021159310497	0.48509908110729194	0.16442857259493926	SYPL1	0.26961973	False
3393	3.1999272514397816	0.68800463093731	0.21500633510582087	NAMPT	0.26962113	False
3394	3.1999272514397816	0.68800463093731	0.21500633510582087	CCDC71L	0.26962113	False
3395	3.050483602581892	0.5874020272255015	0.192560296579969	PIK3CG	0.26962036	False
3396	3.050483602581892	0.5874020272255015	0.192560296579969	PRKAR2B	0.26962036	False
3397	3.152776249912236	0.74155182897708	0.23520598044270433	HBP1	0.2696215	False
3398	3.152776249912236	0.74155182897708	0.23520598044270433	COG5	0.2696215	False
3399	3.152776249912236	0.74155182897708	0.23520598044270433	GPR22	0.2696215	False
3400	3.152776249912236	0.74155182897708	0.23520598044270433	DUS4L	0.2696215	False
3401	3.152776249912236	0.74155182897708	0.23520598044270433	BCAP29	0.2696215	False
3402	3.152776249912236	0.74155182897708	0.23520598044270433	SLC26A4-AS1	0.2696215	False
3403	3.152776249912236	0.74155182897708	0.23520598044270433	SLC26A4	0.2696215	False
3404	3.152776249912236	0.74155182897708	0.23520598044270433	CBLL1	0.2696215	False
3405	3.152776249912236	0.74155182897708	0.23520598044270433	SLC26A3	0.2696215	False
3406	2.9346400825613608	0.5955096412072468	0.20292425117000534	DLD	0.26962024	False
3407	2.9346400825613608	0.5955096412072468	0.20292425117000534	LAMB1	0.26962024	False
3408	2.9346400825613608	0.5955096412072468	0.20292425117000534	LAMB4	0.26962024	False
3409	3.224729463881629	1.1314612078746409	0.350870118113007	ZNF277	0.26962322	False
3410	3.224729463881629	1.1314612078746409	0.350870118113007	IFRD1	0.26962322	False
3411	3.224729463881629	1.1314612078746409	0.350870118113007	LSMEM1	0.26962322	False
3412	3.224729463881629	1.1314612078746409	0.350870118113007	LOC101928012	0.26962322	False
3413	3.224729463881629	1.1314612078746409	0.350870118113007	TMEM168	0.26962322	False
3414	3.179536274184373	0.9152031833205331	0.2878417179106738	PPP1R3A	0.26962227	False
3415	3.179536274184373	0.9152031833205331	0.2878417179106738	FOXP2	0.26962227	False
3416	3.302872935292883	1.1483294358701877	0.3476759349715521	MIR3666	0.26962376	False
3417	3.2570630321664713	0.9702072432772435	0.29787794515966104	MDFIC	0.26962292	False
3418	3.2570630321664713	0.9702072432772435	0.29787794515966104	LINC01392	0.26962292	False
3419	3.2570630321664713	0.9702072432772435	0.29787794515966104	LINC01393	0.26962292	False
3420	3.27498696841387	1.0236448599051042	0.3125645597304078	TFEC	0.26962292	False
3421	3.577445120742054	1.4176080372625188	0.3962626929042787	TES	0.26962632	False
3422	3.577445120742054	1.4176080372625188	0.3962626929042787	LOC102724434	0.26962632	False
3423	3.577445120742054	1.4176080372625188	0.3962626929042787	CAV2	0.26962632	False
3424	3.577445120742054	1.4176080372625188	0.3962626929042787	CAV1	0.26962632	False
3425	3.577445120742054	1.4176080372625188	0.3962626929042787	LINC01510	0.26962632	False
3426	3.577445120742054	1.4176080372625188	0.3962626929042787	MET	0.26962632	False
3427	3.2188076304791746	0.9523598047423159	0.295873476788217	CAPZA2	0.26962236	False
3428	3.2188076304791746	0.9523598047423159	0.295873476788217	ST7-AS1	0.26962236	False
3429	3.2188076304791746	0.9523598047423159	0.295873476788217	ST7	0.26962236	False
3430	3.2188076304791746	0.9523598047423159	0.295873476788217	ST7-OT4	0.26962236	False
3431	3.2188076304791746	0.9523598047423159	0.295873476788217	MIR6132	0.26962236	False
3432	3.2188076304791746	0.9523598047423159	0.295873476788217	ST7-AS2	0.26962236	False
3433	3.161122085175164	1.2304274857714168	0.38923757217154	LINC02476	0.2696233	False
3434	3.4467538262586723	1.740179728193774	0.5048749681327479	KCND2	0.269627	False
3435	3.4467538262586723	1.740179728193774	0.5048749681327479	TSPAN12	0.269627	False
3436	3.3404495406588715	1.3047935721307153	0.39060418552927983	ING3	0.26962426	False
3437	3.3404495406588715	1.3047935721307153	0.39060418552927983	CPED1	0.26962426	False
3438	3.4248876874305303	1.3177861260793644	0.3847676906065242	WNT16	0.26962507	False
3439	3.4248876874305303	1.3177861260793644	0.3847676906065242	FAM3C	0.26962507	False
3440	3.423464790879612	1.1349822012976343	0.33153026849328754	PTPRZ1	0.2696241	False
3441	3.423464790879612	1.1349822012976343	0.33153026849328754	AASS	0.2696241	False
3442	3.474453060858718	1.2574514215609829	0.3619134866798866	FEZF1	0.269625	False
3443	3.474453060858718	1.2574514215609829	0.3619134866798866	FEZF1-AS1	0.269625	False
3444	3.474453060858718	1.2574514215609829	0.3619134866798866	CADPS2	0.269625	False
3445	3.474453060858718	1.2574514215609829	0.3619134866798866	RNF133	0.269625	False
3446	3.474453060858718	1.2574514215609829	0.3619134866798866	RNF148	0.269625	False
3447	3.4392327508306106	1.1776195204592412	0.34240762570513256	TAS2R16	0.2696244	False
3448	3.589015361011652	1.5215577248244672	0.4239485128298751	SLC13A1	0.2696271	False
3449	3.589015361011652	1.5215577248244672	0.4239485128298751	IQUB	0.2696271	False
3450	3.589015361011652	1.5215577248244672	0.4239485128298751	NDUFA5	0.2696271	False
3451	3.589015361011652	1.5215577248244672	0.4239485128298751	ASB15	0.2696271	False
3452	3.589015361011652	1.5215577248244672	0.4239485128298751	LOC102724555	0.2696271	False
3453	3.589015361011652	1.5215577248244672	0.4239485128298751	LMOD2	0.2696271	False
3454	3.589015361011652	1.5215577248244672	0.4239485128298751	WASL	0.2696271	False
3455	3.589015361011652	1.5215577248244672	0.4239485128298751	HYAL4	0.2696271	False
3456	3.257610084537147	1.1136925090714453	0.34187409793387924	SPAM1	0.2696234	False
3457	3.257610084537147	1.1136925090714453	0.34187409793387924	LOC105375483	0.2696234	False
3458	3.257610084537147	1.1136925090714453	0.34187409793387924	TMEM229A	0.2696234	False
3459	3.268603440700211	1.300188893796089	0.3977811678242492	LOC101928211	0.26962402	False
3460	3.268603440700211	1.300188893796089	0.3977811678242492	GPR37	0.26962402	False
3461	3.268603440700211	1.300188893796089	0.3977811678242492	C7orf77	0.26962402	False
3462	3.3314235477884195	1.4908953538246121	0.4475250091854426	LINC01111	0.2696252	False
3463	3.3314235477884195	1.4908953538246121	0.4475250091854426	ZFHX4-AS1	0.2696252	False
3464	3.3314235477884195	1.4908953538246121	0.4475250091854426	ZFHX4	0.2696252	False
3465	3.278513732210753	1.2750355041843755	0.38890656203675533	MIR3149	0.26962394	False
3466	3.278513732210753	1.2750355041843755	0.38890656203675533	PEX2	0.26962394	False
3467	3.5312118387764553	1.7674096662049377	0.5005108010787976	LOC102724874	0.2696277	False
3468	3.4223921174532266	1.428499197136826	0.41739787496934855	PKIA-AS1	0.26962522	False
3469	3.4223921174532266	1.428499197136826	0.41739787496934855	PKIA	0.26962522	False
3470	3.4223921174532266	1.428499197136826	0.41739787496934855	ZC2HC1A	0.26962522	False
3471	3.4223921174532266	1.428499197136826	0.41739787496934855	IL7	0.26962522	False
3472	3.18974506570406	0.9138674640577572	0.28650172513270833	STMN2	0.26962197	False
3473	3.18974506570406	0.9138674640577572	0.28650172513270833	HEY1	0.26962197	False
3474	3.18974506570406	0.9138674640577572	0.28650172513270833	LINC01607	0.26962197	False
3475	3.18974506570406	0.9138674640577572	0.28650172513270833	LOC101927040	0.26962197	False
3476	3.107298754248544	0.7598027473920713	0.24452194896072	MRPS28	0.269621	False
3477	3.107298754248544	0.7598027473920713	0.24452194896072	TPD52	0.269621	False
3478	3.0573541529941894	0.7453743828321623	0.24379720030215907	MIR5708	0.269621	False
3479	3.0573541529941894	0.7453743828321623	0.24379720030215907	ZBTB10	0.269621	False
3480	3.0573541529941894	0.7453743828321623	0.24379720030215907	ZNF704	0.269621	False
3481	3.050173937066237	0.739766069194956	0.2425324209236699	PAG1	0.269621	False
3482	3.1359937666745976	0.9296635954376308	0.2964494398289077	FABP5	0.2696221	False
3483	3.1359937666745976	0.9296635954376308	0.2964494398289077	PMP2	0.2696221	False
3484	3.1359937666745976	0.9296635954376308	0.2964494398289077	FABP9	0.2696221	False
3485	3.1359937666745976	0.9296635954376308	0.2964494398289077	FABP4	0.2696221	False
3486	3.1359937666745976	0.9296635954376308	0.2964494398289077	FABP12	0.2696221	False
3487	3.1359937666745976	0.9296635954376308	0.2964494398289077	IMPA1	0.2696221	False
3488	3.1359937666745976	0.9296635954376308	0.2964494398289077	SLC10A5	0.2696221	False
3489	3.1359937666745976	0.9296635954376308	0.2964494398289077	ZFAND1	0.2696221	False
3490	3.1359937666745976	0.9296635954376308	0.2964494398289077	CHMP4C	0.2696221	False
3491	3.1359937666745976	0.9296635954376308	0.2964494398289077	SNX16	0.2696221	False
3492	2.880606820214092	0.45988306965991294	0.15964798334599986	RGS22	0.26961946	False
3493	3.0893307528077774	0.6752135536362335	0.21856305059681846	FBXO43	0.26962084	False
3494	3.0893307528077774	0.6752135536362335	0.21856305059681846	POLR2K	0.26962084	False
3495	3.0893307528077774	0.6752135536362335	0.21856305059681846	SPAG1	0.26962084	False
3496	3.0893307528077774	0.6752135536362335	0.21856305059681846	RNF19A	0.26962084	False
3497	3.0893307528077774	0.6752135536362335	0.21856305059681846	MIR4471	0.26962084	False
3498	3.0893307528077774	0.6752135536362335	0.21856305059681846	ANKRD46	0.26962084	False
3499	3.0893307528077774	0.6752135536362335	0.21856305059681846	SNX31	0.26962084	False
3500	3.0893307528077774	0.6752135536362335	0.21856305059681846	PABPC1	0.26962084	False
3501	3.0893307528077774	0.6752135536362335	0.21856305059681846	MIR7705	0.26962084	False
3502	3.002582976735599	0.5433040154440407	0.18094554576963584	YWHAZ	0.26962006	False
3503	3.002582976735599	0.5433040154440407	0.18094554576963584	FLJ42969	0.26962006	False
3504	3.0023099198968692	0.5847925332146416	0.19478086833711342	ZNF706	0.26962012	False
3505	3.0023099198968692	0.5847925332146416	0.19478086833711342	GRHL2	0.26962012	False
3506	3.0560482101109505	0.5948977654025549	0.19466242824126032	NCALD	0.26962036	False
3507	3.2351884845515224	0.7904802993923933	0.24433825205766133	MIR5680	0.26962164	False
3508	3.2351884845515224	0.7904802993923933	0.24433825205766133	RRM2B	0.26962164	False
3509	3.2351884845515224	0.7904802993923933	0.24433825205766133	UBR5-AS1	0.26962164	False
3510	3.2351884845515224	0.7904802993923933	0.24433825205766133	UBR5	0.26962164	False
3511	3.2351884845515224	0.7904802993923933	0.24433825205766133	ODF1	0.26962164	False
3512	3.2351884845515224	0.7904802993923933	0.24433825205766133	KLF10	0.26962164	False
3513	3.2351884845515224	0.7904802993923933	0.24433825205766133	AZIN1	0.26962164	False
3514	2.9710509846148025	0.5785060560637825	0.19471428092600906	AZIN1-AS1	0.26962006	False
3515	2.9710509846148025	0.5785060560637825	0.19471428092600906	ATP6V1C1	0.26962006	False
3516	2.91474511391298	0.6204231343400403	0.21285673707061684	BAALC-AS2	0.2696202	False
3517	2.91474511391298	0.6204231343400403	0.21285673707061684	BAALC	0.2696202	False
3518	2.91474511391298	0.6204231343400403	0.21285673707061684	MIR3151	0.2696202	False
3519	2.91474511391298	0.6204231343400403	0.21285673707061684	BAALC-AS1	0.2696202	False
3520	2.91474511391298	0.6204231343400403	0.21285673707061684	FZD6	0.2696202	False
3521	2.91474511391298	0.6204231343400403	0.21285673707061684	CTHRC1	0.2696202	False
3522	2.91474511391298	0.6204231343400403	0.21285673707061684	SLC25A32	0.2696202	False
3523	2.91474511391298	0.6204231343400403	0.21285673707061684	DCAF13	0.2696202	False
3524	3.4131314301634	1.6093269969538089	0.471510409101581	NUDCD1	0.2696266	False
3525	3.4131314301634	1.6093269969538089	0.471510409101581	ENY2	0.2696266	False
3526	3.4131314301634	1.6093269969538089	0.471510409101581	PKHD1L1	0.2696266	False
3527	3.4131314301634	1.6093269969538089	0.471510409101581	EBAG9	0.2696266	False
3528	3.4131314301634	1.6093269969538089	0.471510409101581	SYBU	0.2696266	False
3529	3.4131314301634	1.6093269969538089	0.471510409101581	LOC100132813	0.2696266	False
3530	2.933052676227941	0.5543967714347372	0.1890169842253636	SMILR	0.26962006	False
3531	2.933052676227941	0.5543967714347372	0.1890169842253636	LINC01151	0.26962006	False
3532	3.0796006571903725	0.5672144001297107	0.18418440027454736	ZHX2	0.26962048	False
3533	3.0796006571903725	0.5672144001297107	0.18418440027454736	DERL1	0.26962048	False
3534	3.0796006571903725	0.5672144001297107	0.18418440027454736	TBC1D31	0.26962048	False
3535	3.355611056077027	0.7712124012017859	0.22982770896678167	FAM83A	0.2696222	False
3536	3.355611056077027	0.7712124012017859	0.22982770896678167	FAM83A-AS1	0.2696222	False
3537	3.355611056077027	0.7712124012017859	0.22982770896678167	MIR4663	0.2696222	False
3538	3.355611056077027	0.7712124012017859	0.22982770896678167	C8orf76	0.2696222	False
3539	3.355611056077027	0.7712124012017859	0.22982770896678167	ZHX1-C8orf76	0.2696222	False
3540	3.355611056077027	0.7712124012017859	0.22982770896678167	ZHX1	0.2696222	False
3541	3.355611056077027	0.7712124012017859	0.22982770896678167	ATAD2	0.2696222	False
3542	3.355611056077027	0.7712124012017859	0.22982770896678167	MIR548AA1	0.2696222	False
3543	3.355611056077027	0.7712124012017859	0.22982770896678167	WDYHV1	0.2696222	False
3544	3.355611056077027	0.7712124012017859	0.22982770896678167	FBXO32	0.2696222	False
3545	3.355611056077027	0.7712124012017859	0.22982770896678167	KLHL38	0.2696222	False
3546	3.355611056077027	0.7712124012017859	0.22982770896678167	ANXA13	0.2696222	False
3547	3.355611056077027	0.7712124012017859	0.22982770896678167	FAM91A1	0.2696222	False
3548	3.255491071434863	0.6506840309412343	0.19987277392668265	FER1L6	0.26962125	False
3549	3.255491071434863	0.6506840309412343	0.19987277392668265	FER1L6-AS1	0.26962125	False
3550	3.255491071434863	0.6506840309412343	0.19987277392668265	FER1L6-AS2	0.26962125	False
3551	3.3983348778399134	0.7775895991515213	0.22881488349546683	LOC101927588	0.26962227	False
3552	3.3983348778399134	0.7775895991515213	0.22881488349546683	TMEM65	0.26962227	False
3553	3.3983348778399134	0.7775895991515213	0.22881488349546683	TRMT12	0.26962227	False
3554	3.3983348778399134	0.7775895991515213	0.22881488349546683	RNF139-AS1	0.26962227	False
3555	3.3983348778399134	0.7775895991515213	0.22881488349546683	RNF139	0.26962227	False
3556	3.3983348778399134	0.7775895991515213	0.22881488349546683	TATDN1	0.26962227	False
3557	3.3983348778399134	0.7775895991515213	0.22881488349546683	NDUFB9	0.26962227	False
3558	3.3983348778399134	0.7775895991515213	0.22881488349546683	MTSS1	0.26962227	False
3559	3.3983348778399134	0.7775895991515213	0.22881488349546683	MIR4662B	0.26962227	False
3560	3.135853033784625	0.5793441547207216	0.18474850335110185	LINC00964	0.26962054	False
3561	3.135853033784625	0.5793441547207216	0.18474850335110185	ZNF572	0.26962054	False
3562	3.135853033784625	0.5793441547207216	0.18474850335110185	LOC105375744	0.26962054	False
3563	3.135853033784625	0.5793441547207216	0.18474850335110185	SQLE	0.26962054	False
3564	3.135853033784625	0.5793441547207216	0.18474850335110185	WASHC5	0.26962054	False
3565	3.135853033784625	0.5793441547207216	0.18474850335110185	NSMCE2	0.26962054	False
3566	3.103786452178483	0.6181833411665327	0.19917070671297077	TRIB1	0.26962063	False
3567	2.833106097680046	0.4204024035766537	0.14838921984634104	LINC00861	0.2696193	False
3568	3.085769998298471	0.507974588110007	0.16461842210861793	MAF1	0.2696201	False
3569	3.085769998298471	0.507974588110007	0.16461842210861793	WDR97	0.2696201	False
3570	3.085769998298471	0.507974588110007	0.16461842210861793	HGH1	0.2696201	False
3571	3.085769998298471	0.507974588110007	0.16461842210861793	MROH1	0.2696201	False
3572	3.085769998298471	0.507974588110007	0.16461842210861793	BOP1	0.2696201	False
3573	3.085769998298471	0.507974588110007	0.16461842210861793	MIR7112	0.2696201	False
3574	3.085769998298471	0.507974588110007	0.16461842210861793	SCX	0.2696201	False
3575	3.085769998298471	0.507974588110007	0.16461842210861793	HSF1	0.2696201	False
3576	3.085769998298471	0.507974588110007	0.16461842210861793	DGAT1	0.2696201	False
3577	3.085769998298471	0.507974588110007	0.16461842210861793	MIR6848	0.2696201	False
3578	3.085769998298471	0.507974588110007	0.16461842210861793	SCRT1	0.2696201	False
3579	3.085769998298471	0.507974588110007	0.16461842210861793	TMEM249	0.2696201	False
3580	3.085769998298471	0.507974588110007	0.16461842210861793	SLC52A2	0.2696201	False
3581	3.085769998298471	0.507974588110007	0.16461842210861793	FBXL6	0.2696201	False
3582	3.085769998298471	0.507974588110007	0.16461842210861793	ADCK5	0.2696201	False
3583	3.085769998298471	0.507974588110007	0.16461842210861793	CPSF1	0.2696201	False
3584	3.085769998298471	0.507974588110007	0.16461842210861793	MIR939	0.2696201	False
3585	3.085769998298471	0.507974588110007	0.16461842210861793	MIR1234	0.2696201	False
3586	3.085769998298471	0.507974588110007	0.16461842210861793	MIR6849	0.2696201	False
3587	3.085769998298471	0.507974588110007	0.16461842210861793	SLC39A4	0.2696201	False
3588	3.085769998298471	0.507974588110007	0.16461842210861793	VPS28	0.2696201	False
3589	3.085769998298471	0.507974588110007	0.16461842210861793	TONSL	0.2696201	False
3590	3.085769998298471	0.507974588110007	0.16461842210861793	MIR6893	0.2696201	False
3591	3.085769998298471	0.507974588110007	0.16461842210861793	TONSL-AS1	0.2696201	False
3592	3.085769998298471	0.507974588110007	0.16461842210861793	CYHR1	0.2696201	False
3593	3.085769998298471	0.507974588110007	0.16461842210861793	KIFC2	0.2696201	False
3594	3.085769998298471	0.507974588110007	0.16461842210861793	FOXH1	0.2696201	False
3595	3.085769998298471	0.507974588110007	0.16461842210861793	PPP1R16A	0.2696201	False
3596	3.085769998298471	0.507974588110007	0.16461842210861793	GPT	0.2696201	False
3597	3.085769998298471	0.507974588110007	0.16461842210861793	MFSD3	0.2696201	False
3598	3.085769998298471	0.507974588110007	0.16461842210861793	RECQL4	0.2696201	False
3599	3.085769998298471	0.507974588110007	0.16461842210861793	LRRC14	0.2696201	False
3600	3.085769998298471	0.507974588110007	0.16461842210861793	LRRC24	0.2696201	False
3601	3.085769998298471	0.507974588110007	0.16461842210861793	C8orf82	0.2696201	False
3602	3.085769998298471	0.507974588110007	0.16461842210861793	ARHGAP39	0.2696201	False
3603	3.085769998298471	0.507974588110007	0.16461842210861793	ZNF251	0.2696201	False
3604	3.085769998298471	0.507974588110007	0.16461842210861793	ZNF34	0.2696201	False
3605	3.085769998298471	0.507974588110007	0.16461842210861793	RPL8	0.2696201	False
3606	3.085769998298471	0.507974588110007	0.16461842210861793	MIR6850	0.2696201	False
3607	3.085769998298471	0.507974588110007	0.16461842210861793	ZNF517	0.2696201	False
3608	3.085769998298471	0.507974588110007	0.16461842210861793	ZNF7	0.2696201	False
3609	3.085769998298471	0.507974588110007	0.16461842210861793	COMMD5	0.2696201	False
3610	3.085769998298471	0.507974588110007	0.16461842210861793	ZNF250	0.2696201	False
3611	3.085769998298471	0.507974588110007	0.16461842210861793	ZNF16	0.2696201	False
3612	3.085769998298471	0.507974588110007	0.16461842210861793	ZNF252P-AS1	0.2696201	False
3613	3.085769998298471	0.507974588110007	0.16461842210861793	C8orf33	0.2696201	False
3614	3.291425179721527	0.9270867253510748	0.2816672640966767	SLC1A1	0.2696228	False
3615	3.291425179721527	0.9270867253510748	0.2816672640966767	SPATA6L	0.2696228	False
3616	3.291425179721527	0.9270867253510748	0.2816672640966767	PLPP6	0.2696228	False
3617	3.291425179721527	0.9270867253510748	0.2816672640966767	CDC37L1-DT	0.2696228	False
3618	3.291425179721527	0.9270867253510748	0.2816672640966767	CDC37L1	0.2696228	False
3619	3.291425179721527	0.9270867253510748	0.2816672640966767	AK3	0.2696228	False
3620	3.291425179721527	0.9270867253510748	0.2816672640966767	RCL1	0.2696228	False
3621	3.291425179721527	0.9270867253510748	0.2816672640966767	MIR101-2	0.2696228	False
3622	3.159735449493755	0.7676444983258889	0.24294581321638145	JAK2	0.26962155	False
3623	3.2767419055356544	0.8947720060647754	0.27306758721313007	INSL6	0.26962253	False
3624	3.2767419055356544	0.8947720060647754	0.27306758721313007	INSL4	0.26962253	False
3625	3.2767419055356544	0.8947720060647754	0.27306758721313007	RLN2	0.26962253	False
3626	3.2767419055356544	0.8947720060647754	0.27306758721313007	RLN1	0.26962253	False
3627	3.2767419055356544	0.8947720060647754	0.27306758721313007	PLGRKT	0.26962253	False
3628	3.2767419055356544	0.8947720060647754	0.27306758721313007	CD274	0.26962253	False
3629	3.2767419055356544	0.8947720060647754	0.27306758721313007	PDCD1LG2	0.26962253	False
3630	3.2767419055356544	0.8947720060647754	0.27306758721313007	RIC1	0.26962253	False
3631	3.2767419055356544	0.8947720060647754	0.27306758721313007	ERMP1	0.26962253	False
3632	3.0903282687047926	0.7301097483486554	0.23625637306636565	MLANA	0.2696211	False
3633	3.0903282687047926	0.7301097483486554	0.23625637306636565	KIAA2026	0.2696211	False
3634	3.0903282687047926	0.7301097483486554	0.23625637306636565	MIR4665	0.2696211	False
3635	3.0903282687047926	0.7301097483486554	0.23625637306636565	RANBP6	0.2696211	False
3636	3.1081362959814753	0.8127023112918974	0.2614757635765987	IL33	0.26962164	False
3637	3.1081362959814753	0.8127023112918974	0.2614757635765987	TPD52L3	0.26962164	False
3638	3.1081362959814753	0.8127023112918974	0.2614757635765987	UHRF2	0.26962164	False
3639	3.1081362959814753	0.8127023112918974	0.2614757635765987	GLDC	0.26962164	False
3640	3.116023968165761	0.6897263160553836	0.2213482062724277	ACO1	0.26962098	False
3641	3.116023968165761	0.6897263160553836	0.2213482062724277	DDX58	0.26962098	False
3642	3.116023968165761	0.6897263160553836	0.2213482062724277	TOPORS	0.26962098	False
3643	3.116023968165761	0.6897263160553836	0.2213482062724277	SMIM27	0.26962098	False
3644	3.116023968165761	0.6897263160553836	0.2213482062724277	NDUFB6	0.26962098	False
3645	3.116023968165761	0.6897263160553836	0.2213482062724277	TAF1L	0.26962098	False
3646	3.116023968165761	0.6897263160553836	0.2213482062724277	TMEM215	0.26962098	False
3647	3.1713430958091635	0.5740913310943425	0.1810246680193598	APTX	0.26962048	False
3648	3.1713430958091635	0.5740913310943425	0.1810246680193598	DNAJA1	0.26962048	False
3649	3.1713430958091635	0.5740913310943425	0.1810246680193598	SMU1	0.26962048	False
3650	3.368395265987723	0.6377937733891633	0.18934647599979376	B4GALT1	0.26962122	False
3651	3.368395265987723	0.6377937733891633	0.18934647599979376	B4GALT1-AS1	0.26962122	False
3652	3.368395265987723	0.6377937733891633	0.18934647599979376	SPINK4	0.26962122	False
3653	3.368395265987723	0.6377937733891633	0.18934647599979376	BAG1	0.26962122	False
3654	3.368395265987723	0.6377937733891633	0.18934647599979376	CHMP5	0.26962122	False
3655	3.368395265987723	0.6377937733891633	0.18934647599979376	NFX1	0.26962122	False
3656	3.368395265987723	0.6377937733891633	0.18934647599979376	AQP7	0.26962122	False
3657	3.368395265987723	0.6377937733891633	0.18934647599979376	AQP3	0.26962122	False
3658	3.368395265987723	0.6377937733891633	0.18934647599979376	NOL6	0.26962122	False
3659	3.368395265987723	0.6377937733891633	0.18934647599979376	MIR6851	0.26962122	False
3660	3.368395265987723	0.6377937733891633	0.18934647599979376	ANKRD18B	0.26962122	False
3661	3.368395265987723	0.6377937733891633	0.18934647599979376	PTENP1-AS	0.26962122	False
3662	3.368395265987723	0.6377937733891633	0.18934647599979376	LINC01251	0.26962122	False
3663	3.368395265987723	0.6377937733891633	0.18934647599979376	PRSS3	0.26962122	False
3664	3.320548586075254	0.516411814882042	0.15552002974677706	UBE2R2	0.26962045	False
3665	3.320548586075254	0.516411814882042	0.15552002974677706	UBAP2	0.26962045	False
3666	3.320548586075254	0.516411814882042	0.15552002974677706	SNORD121B	0.26962045	False
3667	3.320548586075254	0.516411814882042	0.15552002974677706	SNORD121A	0.26962045	False
3668	3.320548586075254	0.516411814882042	0.15552002974677706	DCAF12	0.26962045	False
3669	3.4285964521134917	0.5610684243715991	0.16364376274896375	UBAP1	0.26962084	False
3670	3.4285964521134917	0.5610684243715991	0.16364376274896375	KIF24	0.26962084	False
3671	3.4285964521134917	0.5610684243715991	0.16364376274896375	NUDT2	0.26962084	False
3672	3.4285964521134917	0.5610684243715991	0.16364376274896375	MYORG	0.26962084	False
3673	3.4285964521134917	0.5610684243715991	0.16364376274896375	C9orf24	0.26962084	False
3674	3.4285964521134917	0.5610684243715991	0.16364376274896375	FAM219A	0.26962084	False
3675	3.4285964521134917	0.5610684243715991	0.16364376274896375	DNAI1	0.26962084	False
3676	3.4285964521134917	0.5610684243715991	0.16364376274896375	ENHO	0.26962084	False
3677	3.4285964521134917	0.5610684243715991	0.16364376274896375	CNTFR	0.26962084	False
3678	3.4285964521134917	0.5610684243715991	0.16364376274896375	CNTFR-AS1	0.26962084	False
3679	3.4285964521134917	0.5610684243715991	0.16364376274896375	RPP25L	0.26962084	False
3680	3.4285964521134917	0.5610684243715991	0.16364376274896375	DCTN3	0.26962084	False
3681	3.4285964521134917	0.5610684243715991	0.16364376274896375	ARID3C	0.26962084	False
3682	3.4285964521134917	0.5610684243715991	0.16364376274896375	SIGMAR1	0.26962084	False
3683	3.4285964521134917	0.5610684243715991	0.16364376274896375	GALT	0.26962084	False
3684	3.4285964521134917	0.5610684243715991	0.16364376274896375	IL11RA	0.26962084	False
3685	3.4285964521134917	0.5610684243715991	0.16364376274896375	CCL27	0.26962084	False
3686	3.4285964521134917	0.5610684243715991	0.16364376274896375	LOC730098	0.26962084	False
3687	3.4285964521134917	0.5610684243715991	0.16364376274896375	CCL19	0.26962084	False
3688	3.4285964521134917	0.5610684243715991	0.16364376274896375	CCL21	0.26962084	False
3689	3.4285964521134917	0.5610684243715991	0.16364376274896375	FAM205A	0.26962084	False
3690	3.4285964521134917	0.5610684243715991	0.16364376274896375	FAM205C	0.26962084	False
3691	3.286523707899121	0.4499708835678242	0.1369139320329029	PHF24	0.26962	False
3692	3.286523707899121	0.4499708835678242	0.1369139320329029	DNAJB5-DT	0.26962	False
3693	3.286523707899121	0.4499708835678242	0.1369139320329029	DNAJB5	0.26962	False
3694	3.286523707899121	0.4499708835678242	0.1369139320329029	C9orf131	0.26962	False
3695	3.286523707899121	0.4499708835678242	0.1369139320329029	VCP	0.26962	False
3696	3.286523707899121	0.4499708835678242	0.1369139320329029	FANCG	0.26962	False
3697	3.286523707899121	0.4499708835678242	0.1369139320329029	PIGO	0.26962	False
3698	3.286523707899121	0.4499708835678242	0.1369139320329029	STOML2	0.26962	False
3699	3.262752202234563	0.47746451608323487	0.1463379645430117	FAM214B	0.26962012	False
3700	3.262752202234563	0.47746451608323487	0.1463379645430117	UNC13B	0.26962012	False
3701	3.262752202234563	0.47746451608323487	0.1463379645430117	RUSC2	0.26962012	False
3702	3.262752202234563	0.47746451608323487	0.1463379645430117	FAM166B	0.26962012	False
3703	3.262752202234563	0.47746451608323487	0.1463379645430117	TESK1	0.26962012	False
3704	3.262752202234563	0.47746451608323487	0.1463379645430117	MIR4667	0.26962012	False
3705	3.262752202234563	0.47746451608323487	0.1463379645430117	CD72	0.26962012	False
3706	3.262752202234563	0.47746451608323487	0.1463379645430117	LOC101926948	0.26962012	False
3707	3.262752202234563	0.47746451608323487	0.1463379645430117	SIT1	0.26962012	False
3708	3.262752202234563	0.47746451608323487	0.1463379645430117	RMRP	0.26962012	False
3709	3.262752202234563	0.47746451608323487	0.1463379645430117	CCDC107	0.26962012	False
3710	3.262752202234563	0.47746451608323487	0.1463379645430117	ARHGEF39	0.26962012	False
3711	3.262752202234563	0.47746451608323487	0.1463379645430117	CA9	0.26962012	False
3712	3.262752202234563	0.47746451608323487	0.1463379645430117	TPM2	0.26962012	False
3713	3.262752202234563	0.47746451608323487	0.1463379645430117	TLN1	0.26962012	False
3714	3.262752202234563	0.47746451608323487	0.1463379645430117	MIR6852	0.26962012	False
3715	3.262752202234563	0.47746451608323487	0.1463379645430117	CREB3	0.26962012	False
3716	3.262752202234563	0.47746451608323487	0.1463379645430117	MIR6853	0.26962012	False
3717	3.262752202234563	0.47746451608323487	0.1463379645430117	GBA2	0.26962012	False
3718	3.262752202234563	0.47746451608323487	0.1463379645430117	RGP1	0.26962012	False
3719	3.262752202234563	0.47746451608323487	0.1463379645430117	MSMP	0.26962012	False
3720	3.262752202234563	0.47746451608323487	0.1463379645430117	NPR2	0.26962012	False
3721	3.262752202234563	0.47746451608323487	0.1463379645430117	SPAG8	0.26962012	False
3722	3.262752202234563	0.47746451608323487	0.1463379645430117	HINT2	0.26962012	False
3723	3.262752202234563	0.47746451608323487	0.1463379645430117	TMEM8B	0.26962012	False
3724	3.262752202234563	0.47746451608323487	0.1463379645430117	FAM221B	0.26962012	False
3725	3.262752202234563	0.47746451608323487	0.1463379645430117	LINC00950	0.26962012	False
3726	3.262752202234563	0.47746451608323487	0.1463379645430117	OR13J1	0.26962012	False
3727	3.012145642428866	0.34357318694466454	0.11406260776541395	HRCT1	0.26961893	False
3728	3.012145642428866	0.34357318694466454	0.11406260776541395	SPAAR	0.26961893	False
3729	3.012145642428866	0.34357318694466454	0.11406260776541395	OR2S2	0.26961893	False
3730	3.012145642428866	0.34357318694466454	0.11406260776541395	RECK	0.26961893	False
3731	2.864476014909134	0.3341818136194038	0.11666420381250935	GLIPR2	0.26961887	False
3732	2.864476014909134	0.3341818136194038	0.11666420381250935	CCIN	0.26961887	False
3733	2.864476014909134	0.3341818136194038	0.11666420381250935	CLTA	0.26961887	False
3734	2.864476014909134	0.3341818136194038	0.11666420381250935	GNE	0.26961887	False
3735	2.864476014909134	0.3341818136194038	0.11666420381250935	RNF38	0.26961887	False
3736	2.864476014909134	0.3341818136194038	0.11666420381250935	MELK	0.26961887	False
3737	2.864476014909134	0.3341818136194038	0.11666420381250935	MIR4475	0.26961887	False
3738	2.712326624401903	0.2722418309077389	0.10037206745620879	PAX5	0.26961845	False
3739	2.864476014909134	0.3341818136194038	0.11666420381250935	MIR4540	0.26961887	False
3740	2.864476014909134	0.3341818136194038	0.11666420381250935	MIR4476	0.26961887	False
3741	2.712326624401903	0.2722418309077389	0.10037206745620879	EBLN3P	0.26961845	False
3742	3.308245783533974	0.9815577809772742	0.2967003799605067	PIP5K1B	0.26962292	False
3743	3.308245783533974	0.9815577809772742	0.2967003799605067	PRKACG	0.26962292	False
3744	3.308245783533974	0.9815577809772742	0.2967003799605067	FXN	0.26962292	False
3745	3.308245783533974	0.9815577809772742	0.2967003799605067	TJP2	0.26962292	False
3746	3.308245783533974	0.9815577809772742	0.2967003799605067	BANCR	0.26962292	False
3747	3.308245783533974	0.9815577809772742	0.2967003799605067	FAM189A2	0.26962292	False
3748	3.308245783533974	0.9815577809772742	0.2967003799605067	APBA1	0.26962292	False
3749	3.308245783533974	0.9815577809772742	0.2967003799605067	PTAR1	0.26962292	False
3750	3.308245783533974	0.9815577809772742	0.2967003799605067	C9orf135-DT	0.26962292	False
3751	3.298641853746464	0.8814094802236616	0.26720375212076825	C9orf135	0.26962242	False
3752	3.298641853746464	0.8814094802236616	0.26720375212076825	MAMDC2	0.26962242	False
3753	3.298641853746464	0.8814094802236616	0.26720375212076825	MAMDC2-AS1	0.26962242	False
3754	3.298641853746464	0.8814094802236616	0.26720375212076825	SMC5-AS1	0.26962242	False
3755	3.298641853746464	0.8814094802236616	0.26720375212076825	SMC5	0.26962242	False
3756	3.298641853746464	0.8814094802236616	0.26720375212076825	KLF9	0.26962242	False
3757	3.3249413979188946	0.8692143231677442	0.2614224490427987	TRPM3	0.26962245	False
3758	3.298641853746464	0.8814094802236616	0.26720375212076825	MIR204	0.26962242	False
3759	3.3249413979188946	0.8692143231677442	0.2614224490427987	CEMIP2	0.26962245	False
3760	3.202689167711136	0.7591786341354102	0.23704411960714	ABHD17B	0.2696214	False
3761	3.202689167711136	0.7591786341354102	0.23704411960714	C9orf85	0.2696214	False
3762	3.202689167711136	0.7591786341354102	0.23704411960714	C9orf57	0.2696214	False
3763	3.277140735514869	0.9645491814771722	0.29432644470352065	GDA	0.26962268	False
3764	3.277140735514869	0.9645491814771722	0.29432644470352065	LINC01504	0.26962268	False
3765	3.277140735514869	0.9645491814771722	0.29432644470352065	ZFAND5	0.26962268	False
3766	3.277140735514869	0.9645491814771722	0.29432644470352065	TMC1	0.26962268	False
3767	3.277140735514869	0.9645491814771722	0.29432644470352065	LINC01474	0.26962268	False
3768	3.0796906028691193	0.7029574887683232	0.22825588002685396	ALDH1A1	0.26962084	False
3769	3.0673718296044026	0.7809571121385065	0.25460138369961693	ANXA1	0.26962113	False
3770	2.8522845716527008	0.4624256856095129	0.16212466673392598	STX17-AS1	0.26961946	False
3771	2.8522845716527008	0.4624256856095129	0.16212466673392598	STX17	0.26961946	False
3772	2.8522845716527008	0.4624256856095129	0.16212466673392598	ERP44	0.26961946	False
3773	2.8522845716527008	0.4624256856095129	0.16212466673392598	INVS	0.26961946	False
3774	3.0308952019192676	0.6665748526184767	0.219926724024103	TEX10	0.26962063	False
3775	3.0308952019192676	0.6665748526184767	0.219926724024103	MSANTD3	0.26962063	False
3776	3.0308952019192676	0.6665748526184767	0.219926724024103	MSANTD3-TMEFF1	0.26962063	False
3777	3.0308952019192676	0.6665748526184767	0.219926724024103	TMEFF1	0.26962063	False
3778	3.0308952019192676	0.6665748526184767	0.219926724024103	CAVIN4	0.26962063	False
3779	3.227548405921534	0.8769724725591301	0.27171473894865905	PLPPR1	0.26962227	False
3780	3.5930637270312555	1.4170516215507867	0.394385329402887	BAAT	0.26962662	False
3781	3.5930637270312555	1.4170516215507867	0.394385329402887	MRPL50	0.26962662	False
3782	3.5930637270312555	1.4170516215507867	0.394385329402887	ZNF189	0.26962662	False
3783	3.5930637270312555	1.4170516215507867	0.394385329402887	ALDOB	0.26962662	False
3784	3.5930637270312555	1.4170516215507867	0.394385329402887	TMEM246-AS1	0.26962662	False
3785	3.5930637270312555	1.4170516215507867	0.394385329402887	TMEM246	0.26962662	False
3786	3.5930637270312555	1.4170516215507867	0.394385329402887	RNF20	0.26962662	False
3787	3.5930637270312555	1.4170516215507867	0.394385329402887	GRIN3A	0.26962662	False
3788	3.5930637270312555	1.4170516215507867	0.394385329402887	PPP3R2	0.26962662	False
3789	3.4841417284193086	1.2418222809305095	0.3564212875731383	LINC00587	0.2696249	False
3790	3.3491690878814375	0.9627268586607167	0.28745244966706135	CYLC2	0.26962292	False
3791	3.3363393811485693	1.0486918100109706	0.3143240810381669	LINC01492	0.2696232	False
3792	3.1484017642698796	0.8189915876927497	0.26012931290637725	SMC2-AS1	0.26962146	False
3793	3.1484017642698796	0.8189915876927497	0.26012931290637725	SMC2	0.26962146	False
3794	2.852929850855183	0.41801029733235867	0.14651965494596986	PALM2	0.26961926	False
3795	2.852929850855183	0.41801029733235867	0.14651965494596986	PALM2-AKAP2	0.26961926	False
3796	2.852929850855183	0.41801029733235867	0.14651965494596986	AKAP2	0.26961926	False
3797	3.004350521580481	0.5417806969547116	0.18033205282241843	C9orf152	0.26961994	False
3798	3.004350521580481	0.5417806969547116	0.18033205282241843	TXN	0.26961994	False
3799	3.004350521580481	0.5417806969547116	0.18033205282241843	TXNDC8	0.26961994	False
3800	3.004350521580481	0.5417806969547116	0.18033205282241843	SVEP1	0.26961994	False
3801	3.004350521580481	0.5417806969547116	0.18033205282241843	MUSK	0.26961994	False
3802	3.0348208840902124	0.48705938468683974	0.160490323247809	LPAR1	0.26961985	False
3803	3.2320155689433063	0.6249518745723275	0.19336289112513552	MIR7702	0.26962093	False
3804	3.2320155689433063	0.6249518745723275	0.19336289112513552	OR2K2	0.26962093	False
3805	3.2320155689433063	0.6249518745723275	0.19336289112513552	ECPAS	0.26962093	False
3806	3.2320155689433063	0.6249518745723275	0.19336289112513552	ZNF483	0.26962093	False
3807	3.2320155689433063	0.6249518745723275	0.19336289112513552	PTGR1	0.26962093	False
3808	3.2320155689433063	0.6249518745723275	0.19336289112513552	DNAJC25	0.26962093	False
3809	3.2320155689433063	0.6249518745723275	0.19336289112513552	DNAJC25-GNG10	0.26962093	False
3810	3.2320155689433063	0.6249518745723275	0.19336289112513552	GNG10	0.26962093	False
3811	3.2320155689433063	0.6249518745723275	0.19336289112513552	C9orf84	0.26962093	False
3812	3.096779610584006	0.47863012408547223	0.15455737387627974	UGCG	0.26961997	False
3813	3.096779610584006	0.47863012408547223	0.15455737387627974	MIR4668	0.26961997	False
3814	3.096779610584006	0.47863012408547223	0.15455737387627974	SUSD1	0.26961997	False
3815	3.1292682539324628	0.5290415850096193	0.16906239480900614	PTBP3	0.26962012	False
3816	3.1292682539324628	0.5290415850096193	0.16906239480900614	HSDL2	0.26962012	False
3817	3.1292682539324628	0.5290415850096193	0.16906239480900614	KIAA1958	0.26962012	False
3818	3.1292682539324628	0.5290415850096193	0.16906239480900614	INIP	0.26962012	False
3819	3.1292682539324628	0.5290415850096193	0.16906239480900614	SNX30	0.26962012	False
3820	3.1292682539324628	0.5290415850096193	0.16906239480900614	SLC46A2	0.26962012	False
3821	2.9543494103003987	0.40018925697339686	0.1354576596722544	ZNF883	0.26961926	False
3822	2.9543494103003987	0.40018925697339686	0.1354576596722544	ZFP37	0.26961926	False
3823	2.909428822285124	0.40712560551721705	0.13993317258658777	FAM225B	0.2696191	False
3824	2.909428822285124	0.40712560551721705	0.13993317258658777	FAM225A	0.2696191	False
3825	2.909428822285124	0.40712560551721705	0.13993317258658777	SLC31A2	0.2696191	False
3826	2.909428822285124	0.40712560551721705	0.13993317258658777	FKBP15	0.2696191	False
3827	2.909428822285124	0.40712560551721705	0.13993317258658777	SLC31A1	0.2696191	False
3828	2.909428822285124	0.40712560551721705	0.13993317258658777	CDC26	0.2696191	False
3829	2.909428822285124	0.40712560551721705	0.13993317258658777	PRPF4	0.2696191	False
3830	2.909428822285124	0.40712560551721705	0.13993317258658777	RNF183	0.2696191	False
3831	2.909428822285124	0.40712560551721705	0.13993317258658777	WDR31	0.2696191	False
3832	2.909428822285124	0.40712560551721705	0.13993317258658777	BSPRY	0.2696191	False
3833	2.909428822285124	0.40712560551721705	0.13993317258658777	HDHD3	0.2696191	False
3834	2.909428822285124	0.40712560551721705	0.13993317258658777	ALAD	0.2696191	False
3835	2.909428822285124	0.40712560551721705	0.13993317258658777	POLE3	0.2696191	False
3836	2.909428822285124	0.40712560551721705	0.13993317258658777	C9orf43	0.2696191	False
3837	2.909428822285124	0.40712560551721705	0.13993317258658777	RGS3	0.2696191	False
3838	2.757705293677184	0.23976740562375487	0.08694453543440235	GARNL3	0.2696183	False
3839	2.757705293677184	0.23976740562375487	0.08694453543440235	SLC2A8	0.2696183	False
3840	2.757705293677184	0.23976740562375487	0.08694453543440235	ZNF79	0.2696183	False
3841	2.757705293677184	0.23976740562375487	0.08694453543440235	RPL12	0.2696183	False
3842	2.757705293677184	0.23976740562375487	0.08694453543440235	SNORA65	0.2696183	False
3843	2.757705293677184	0.23976740562375487	0.08694453543440235	LRSAM1	0.2696183	False
3844	2.757705293677184	0.23976740562375487	0.08694453543440235	FAM129B	0.2696183	False
3845	2.757705293677184	0.23976740562375487	0.08694453543440235	STXBP1	0.2696183	False
3846	2.757705293677184	0.23976740562375487	0.08694453543440235	MIR3911	0.2696183	False
3847	2.757705293677184	0.23976740562375487	0.08694453543440235	CFAP157	0.2696183	False
3848	2.757705293677184	0.23976740562375487	0.08694453543440235	PTRH1	0.2696183	False
3849	2.757705293677184	0.23976740562375487	0.08694453543440235	TTC16	0.2696183	False
3850	2.757705293677184	0.23976740562375487	0.08694453543440235	TOR2A	0.2696183	False
3851	2.757705293677184	0.23976740562375487	0.08694453543440235	SH2D3C	0.2696183	False
3852	2.757705293677184	0.23976740562375487	0.08694453543440235	CDK9	0.2696183	False
3853	2.757705293677184	0.23976740562375487	0.08694453543440235	MIR3960	0.2696183	False
3854	2.757705293677184	0.23976740562375487	0.08694453543440235	FPGS	0.2696183	False
3855	2.757705293677184	0.23976740562375487	0.08694453543440235	ENG	0.2696183	False
3856	2.757705293677184	0.23976740562375487	0.08694453543440235	AK1	0.2696183	False
3857	2.757705293677184	0.23976740562375487	0.08694453543440235	MIR4672	0.2696183	False
3858	2.7436673399035487	0.2046765805587451	0.07459963443160728	ST6GALNAC6	0.26961806	False
3859	2.7436673399035487	0.2046765805587451	0.07459963443160728	ST6GALNAC4	0.26961806	False
3860	2.7436673399035487	0.2046765805587451	0.07459963443160728	PIP5KL1	0.26961806	False
3861	2.7436673399035487	0.2046765805587451	0.07459963443160728	DPM2	0.26961806	False
3862	2.7436673399035487	0.2046765805587451	0.07459963443160728	FAM102A	0.26961806	False
3863	2.7436673399035487	0.2046765805587451	0.07459963443160728	NAIF1	0.26961806	False
3864	2.7436673399035487	0.2046765805587451	0.07459963443160728	SLC25A25	0.26961806	False
3865	2.860196444832233	0.24917299964032136	0.08711744261151153	SLC25A25-AS1	0.2696184	False
3866	2.860196444832233	0.24917299964032136	0.08711744261151153	PTGES2	0.2696184	False
3867	2.860196444832233	0.24917299964032136	0.08711744261151153	PTGES2-AS1	0.2696184	False
3868	2.860196444832233	0.24917299964032136	0.08711744261151153	LCN2	0.2696184	False
3869	2.860196444832233	0.24917299964032136	0.08711744261151153	C9orf16	0.2696184	False
3870	2.860196444832233	0.24917299964032136	0.08711744261151153	CIZ1	0.2696184	False
3871	2.860196444832233	0.24917299964032136	0.08711744261151153	DNM1	0.2696184	False
3872	2.860196444832233	0.24917299964032136	0.08711744261151153	MIR199B	0.2696184	False
3873	2.860196444832233	0.24917299964032136	0.08711744261151153	MIR3154	0.2696184	False
3874	2.860196444832233	0.24917299964032136	0.08711744261151153	GOLGA2	0.2696184	False
3875	2.860196444832233	0.24917299964032136	0.08711744261151153	SWI5	0.2696184	False
3876	2.860196444832233	0.24917299964032136	0.08711744261151153	TRUB2	0.2696184	False
3877	2.860196444832233	0.24917299964032136	0.08711744261151153	COQ4	0.2696184	False
3878	2.860196444832233	0.24917299964032136	0.08711744261151153	SLC27A4	0.2696184	False
3879	2.860196444832233	0.24917299964032136	0.08711744261151153	URM1	0.2696184	False
3880	2.860196444832233	0.24917299964032136	0.08711744261151153	MIR219A2	0.2696184	False
3881	2.860196444832233	0.24917299964032136	0.08711744261151153	CERCAM	0.2696184	False
3882	2.860196444832233	0.24917299964032136	0.08711744261151153	ODF2	0.2696184	False
3883	2.860196444832233	0.24917299964032136	0.08711744261151153	GLE1	0.2696184	False
3884	2.860196444832233	0.24917299964032136	0.08711744261151153	SPTAN1	0.2696184	False
3885	2.860196444832233	0.24917299964032136	0.08711744261151153	WDR34	0.2696184	False
3886	2.860196444832233	0.24917299964032136	0.08711744261151153	SET	0.2696184	False
3887	2.860196444832233	0.24917299964032136	0.08711744261151153	PKN3	0.2696184	False
3888	2.860196444832233	0.24917299964032136	0.08711744261151153	ZDHHC12	0.2696184	False
3889	2.860196444832233	0.24917299964032136	0.08711744261151153	LOC100506100	0.2696184	False
3890	2.860196444832233	0.24917299964032136	0.08711744261151153	ZER1	0.2696184	False
3891	2.860196444832233	0.24917299964032136	0.08711744261151153	TBC1D13	0.2696184	False
3892	2.860196444832233	0.24917299964032136	0.08711744261151153	ENDOG	0.2696184	False
3893	2.860196444832233	0.24917299964032136	0.08711744261151153	SPOUT1	0.2696184	False
3894	2.860196444832233	0.24917299964032136	0.08711744261151153	KYAT1	0.2696184	False
3895	2.678945056715532	0.17913102283466678	0.06686625482878954	LRRC8A	0.26961794	False
3896	2.678945056715532	0.17913102283466678	0.06686625482878954	PHYHD1	0.26961794	False
3897	2.678945056715532	0.17913102283466678	0.06686625482878954	NUP188	0.26961794	False
3898	2.678945056715532	0.17913102283466678	0.06686625482878954	DOLK	0.26961794	False
3899	2.678945056715532	0.17913102283466678	0.06686625482878954	SH3GLB2	0.26961794	False
3900	2.678945056715532	0.17913102283466678	0.06686625482878954	MIGA2	0.26961794	False
3901	2.678945056715532	0.17913102283466678	0.06686625482878954	DOLPP1	0.26961794	False
3902	2.678945056715532	0.17913102283466678	0.06686625482878954	CRAT	0.26961794	False
3903	2.6955261912274473	0.2006472056892667	0.07443711967714142	PTPA	0.26961806	False
3904	2.6955261912274473	0.2006472056892667	0.07443711967714142	IER5L	0.26961806	False
3905	2.6955261912274473	0.2006472056892667	0.07443711967714142	LOC101929331	0.26961806	False
3906	2.6955261912274473	0.2006472056892667	0.07443711967714142	C9orf106	0.26961806	False
3907	2.6955261912274473	0.2006472056892667	0.07443711967714142	LINC01503	0.26961806	False
3908	2.6955261912274473	0.2006472056892667	0.07443711967714142	LINC00963	0.26961806	False
3909	2.6955261912274473	0.2006472056892667	0.07443711967714142	NTMT1	0.26961806	False
3910	2.6955261912274473	0.2006472056892667	0.07443711967714142	C9orf50	0.26961806	False
3911	2.6955261912274473	0.2006472056892667	0.07443711967714142	ASB6	0.26961806	False
3912	2.6955261912274473	0.2006472056892667	0.07443711967714142	PRRX2	0.26961806	False
3913	2.6955261912274473	0.2006472056892667	0.07443711967714142	PRRX2-AS1	0.26961806	False
3914	2.6955261912274473	0.2006472056892667	0.07443711967714142	PTGES	0.26961806	False
3915	2.6955261912274473	0.2006472056892667	0.07443711967714142	TOR1B	0.26961806	False
3916	2.6955261912274473	0.2006472056892667	0.07443711967714142	TOR1A	0.26961806	False
3917	2.6955261912274473	0.2006472056892667	0.07443711967714142	C9orf78	0.26961806	False
3918	2.6955261912274473	0.2006472056892667	0.07443711967714142	USP20	0.26961806	False
3919	2.6955261912274473	0.2006472056892667	0.07443711967714142	MIR6855	0.26961806	False
3920	2.7856915963696336	0.2691943911260082	0.096634671073003	TMEM250	0.26961836	False
3921	2.7856915963696336	0.2691943911260082	0.096634671073003	LHX3	0.26961836	False
3922	2.7856915963696336	0.2691943911260082	0.096634671073003	QSOX2	0.26961836	False
3923	2.7856915963696336	0.2691943911260082	0.096634671073003	CCDC187	0.26961836	False
3924	2.7856915963696336	0.2691943911260082	0.096634671073003	DKFZP434A062	0.26961836	False
3925	2.7856915963696336	0.2691943911260082	0.096634671073003	GPSM1	0.26961836	False
3926	2.7856915963696336	0.2691943911260082	0.096634671073003	DNLZ	0.26961836	False
3927	2.7856915963696336	0.2691943911260082	0.096634671073003	CARD9	0.26961836	False
3928	2.7856915963696336	0.2691943911260082	0.096634671073003	SNAPC4	0.26961836	False
3929	2.7856915963696336	0.2691943911260082	0.096634671073003	ENTR1	0.26961836	False
3930	2.7856915963696336	0.2691943911260082	0.096634671073003	PMPCA	0.26961836	False
3931	2.7856915963696336	0.2691943911260082	0.096634671073003	INPP5E	0.26961836	False
3932	2.7856915963696336	0.2691943911260082	0.096634671073003	SEC16A	0.26961836	False
3933	2.7856915963696336	0.2691943911260082	0.096634671073003	C9orf163	0.26961836	False
3934	2.7856915963696336	0.2691943911260082	0.096634671073003	NOTCH1	0.26961836	False
3935	2.7856915963696336	0.2691943911260082	0.096634671073003	MIR4673	0.26961836	False
3936	2.7856915963696336	0.2691943911260082	0.096634671073003	MIR4674	0.26961836	False
3937	2.7856915963696336	0.2691943911260082	0.096634671073003	NALT1	0.26961836	False
3938	2.7856915963696336	0.2691943911260082	0.096634671073003	LINC01451	0.26961836	False
3939	2.7856915963696336	0.2691943911260082	0.096634671073003	HSPC324	0.26961836	False
3940	2.7856915963696336	0.2691943911260082	0.096634671073003	EGFL7	0.26961836	False
3941	2.7856915963696336	0.2691943911260082	0.096634671073003	MIR126	0.26961836	False
3942	2.7856915963696336	0.2691943911260082	0.096634671073003	AGPAT2	0.26961836	False
3943	2.7856915963696336	0.2691943911260082	0.096634671073003	DIPK1B	0.26961836	False
3944	2.7856915963696336	0.2691943911260082	0.096634671073003	SNHG7	0.26961836	False
3945	2.7856915963696336	0.2691943911260082	0.096634671073003	SNORA17B	0.26961836	False
3946	2.7856915963696336	0.2691943911260082	0.096634671073003	SNORA17A	0.26961836	False
3947	2.7856915963696336	0.2691943911260082	0.096634671073003	LCN10	0.26961836	False
3948	2.7856915963696336	0.2691943911260082	0.096634671073003	LCN6	0.26961836	False
3949	2.7856915963696336	0.2691943911260082	0.096634671073003	MIR6722	0.26961836	False
3950	2.7856915963696336	0.2691943911260082	0.096634671073003	LCN8	0.26961836	False
3951	2.7856915963696336	0.2691943911260082	0.096634671073003	LCN15	0.26961836	False
3952	2.7856915963696336	0.2691943911260082	0.096634671073003	TMEM141	0.26961836	False
3953	2.7856915963696336	0.2691943911260082	0.096634671073003	CCDC183	0.26961836	False
3954	2.7856915963696336	0.2691943911260082	0.096634671073003	RABL6	0.26961836	False
3955	2.7856915963696336	0.2691943911260082	0.096634671073003	CCDC183-AS1	0.26961836	False
3956	2.7856915963696336	0.2691943911260082	0.096634671073003	MIR4292	0.26961836	False
3957	2.7856915963696336	0.2691943911260082	0.096634671073003	AJM1	0.26961836	False
3958	2.7856915963696336	0.2691943911260082	0.096634671073003	PHPT1	0.26961836	False
3959	2.7856915963696336	0.2691943911260082	0.096634671073003	MAMDC4	0.26961836	False
3960	2.7856915963696336	0.2691943911260082	0.096634671073003	EDF1	0.26961836	False
3961	2.7856915963696336	0.2691943911260082	0.096634671073003	TRAF2	0.26961836	False
3962	2.7856915963696336	0.2691943911260082	0.096634671073003	MIR4479	0.26961836	False
3963	2.7856915963696336	0.2691943911260082	0.096634671073003	FBXW5	0.26961836	False
3964	2.7856915963696336	0.2691943911260082	0.096634671073003	C8G	0.26961836	False
3965	2.7856915963696336	0.2691943911260082	0.096634671073003	LCN12	0.26961836	False
3966	2.7856915963696336	0.2691943911260082	0.096634671073003	PTGDS	0.26961836	False
3967	2.7856915963696336	0.2691943911260082	0.096634671073003	LCNL1	0.26961836	False
3968	2.7856915963696336	0.2691943911260082	0.096634671073003	PAXX	0.26961836	False
3969	2.7856915963696336	0.2691943911260082	0.096634671073003	CLIC3	0.26961836	False
3970	2.7856915963696336	0.2691943911260082	0.096634671073003	ABCA2	0.26961836	False
3971	2.7856915963696336	0.2691943911260082	0.096634671073003	C9orf139	0.26961836	False
3972	2.7856915963696336	0.2691943911260082	0.096634671073003	FUT7	0.26961836	False
3973	2.7856915963696336	0.2691943911260082	0.096634671073003	NPDC1	0.26961836	False
3974	2.7856915963696336	0.2691943911260082	0.096634671073003	ENTPD2	0.26961836	False
3975	2.7856915963696336	0.2691943911260082	0.096634671073003	SAPCD2	0.26961836	False
3976	2.7856915963696336	0.2691943911260082	0.096634671073003	UAP1L1	0.26961836	False
3977	2.7856915963696336	0.2691943911260082	0.096634671073003	MAN1B1-DT	0.26961836	False
3978	2.7856915963696336	0.2691943911260082	0.096634671073003	MAN1B1	0.26961836	False
3979	2.839014167764062	0.32059068253641054	0.11292324151693119	DPP7	0.2696187	False
3980	2.839014167764062	0.32059068253641054	0.11292324151693119	GRIN1	0.2696187	False
3981	2.839014167764062	0.32059068253641054	0.11292324151693119	LRRC26	0.2696187	False
3982	2.839014167764062	0.32059068253641054	0.11292324151693119	MIR3621	0.2696187	False
3983	2.839014167764062	0.32059068253641054	0.11292324151693119	TMEM210	0.2696187	False
3984	2.839014167764062	0.32059068253641054	0.11292324151693119	ANAPC2	0.2696187	False
3985	2.839014167764062	0.32059068253641054	0.11292324151693119	SSNA1	0.2696187	False
3986	2.839014167764062	0.32059068253641054	0.11292324151693119	TPRN	0.2696187	False
3987	2.839014167764062	0.32059068253641054	0.11292324151693119	TMEM203	0.2696187	False
3988	2.839014167764062	0.32059068253641054	0.11292324151693119	NDOR1	0.2696187	False
3989	2.839014167764062	0.32059068253641054	0.11292324151693119	RNF208	0.2696187	False
3990	2.839014167764062	0.32059068253641054	0.11292324151693119	CYSRT1	0.2696187	False
3991	2.839014167764062	0.32059068253641054	0.11292324151693119	RNF224	0.2696187	False
3992	2.839014167764062	0.32059068253641054	0.11292324151693119	SLC34A3	0.2696187	False
3993	2.839014167764062	0.32059068253641054	0.11292324151693119	TUBB4B	0.2696187	False
3994	2.839014167764062	0.32059068253641054	0.11292324151693119	FAM166A	0.2696187	False
3995	2.839014167764062	0.32059068253641054	0.11292324151693119	STPG3-AS1	0.2696187	False
3996	2.839014167764062	0.32059068253641054	0.11292324151693119	STPG3	0.2696187	False
3997	2.839014167764062	0.32059068253641054	0.11292324151693119	NELFB	0.2696187	False
3998	2.839014167764062	0.32059068253641054	0.11292324151693119	TOR4A	0.2696187	False
3999	2.839014167764062	0.32059068253641054	0.11292324151693119	NRARP	0.2696187	False
4000	2.839014167764062	0.32059068253641054	0.11292324151693119	EXD3	0.2696187	False
4001	2.839014167764062	0.32059068253641054	0.11292324151693119	NOXA1	0.2696187	False
4002	2.839014167764062	0.32059068253641054	0.11292324151693119	ENTPD8	0.2696187	False
4003	2.839014167764062	0.32059068253641054	0.11292324151693119	NSMF	0.2696187	False
4004	2.839014167764062	0.32059068253641054	0.11292324151693119	MIR7114	0.2696187	False
4005	2.839014167764062	0.32059068253641054	0.11292324151693119	PNPLA7	0.2696187	False
4006	2.839014167764062	0.32059068253641054	0.11292324151693119	MRPL41	0.2696187	False
4007	2.839014167764062	0.32059068253641054	0.11292324151693119	DPH7	0.2696187	False
4008	2.839014167764062	0.32059068253641054	0.11292324151693119	ZMYND19	0.2696187	False
4009	2.839014167764062	0.32059068253641054	0.11292324151693119	ARRDC1	0.2696187	False
4010	2.839014167764062	0.32059068253641054	0.11292324151693119	ARRDC1-AS1	0.2696187	False
4011	2.839014167764062	0.32059068253641054	0.11292324151693119	EHMT1	0.2696187	False
4012	2.839014167764062	0.32059068253641054	0.11292324151693119	MIR602	0.2696187	False
4013	2.839014167764062	0.32059068253641054	0.11292324151693119	LOC100133077	0.2696187	False
4014	2.839014167764062	0.32059068253641054	0.11292324151693119	CACNA1B	0.2696187	False
4015	2.9723974880631805	0.5100602192440804	0.17159892689064157	NUDT13	0.26961982	False
4016	2.9723974880631805	0.5100602192440804	0.17159892689064157	ECD	0.26961982	False
4017	2.9723974880631805	0.5100602192440804	0.17159892689064157	FAM149B1	0.26961982	False
4018	2.9723974880631805	0.5100602192440804	0.17159892689064157	DNAJC9	0.26961982	False
4019	2.9723974880631805	0.5100602192440804	0.17159892689064157	DNAJC9-AS1	0.26961982	False
4020	2.9723974880631805	0.5100602192440804	0.17159892689064157	MRPS16	0.26961982	False
4021	2.9723974880631805	0.5100602192440804	0.17159892689064157	CFAP70	0.26961982	False
4022	2.9723974880631805	0.5100602192440804	0.17159892689064157	ANXA7	0.26961982	False
4023	2.9723974880631805	0.5100602192440804	0.17159892689064157	MSS51	0.26961982	False
4024	2.9723974880631805	0.5100602192440804	0.17159892689064157	PPP3CB	0.26961982	False
4025	2.9723974880631805	0.5100602192440804	0.17159892689064157	PPP3CB-AS1	0.26961982	False
4026	2.9723974880631805	0.5100602192440804	0.17159892689064157	USP54	0.26961982	False
4027	2.9723974880631805	0.5100602192440804	0.17159892689064157	MYOZ1	0.26961982	False
4028	2.9723974880631805	0.5100602192440804	0.17159892689064157	SYNPO2L	0.26961982	False
4029	2.9723974880631805	0.5100602192440804	0.17159892689064157	AGAP5	0.26961982	False
4030	2.9723974880631805	0.5100602192440804	0.17159892689064157	BMS1P4	0.26961982	False
4031	2.9723974880631805	0.5100602192440804	0.17159892689064157	SEC24C	0.26961982	False
4032	2.9723974880631805	0.5100602192440804	0.17159892689064157	FUT11	0.26961982	False
4033	2.9723974880631805	0.5100602192440804	0.17159892689064157	CHCHD1	0.26961982	False
4034	2.9723974880631805	0.5100602192440804	0.17159892689064157	ZSWIM8	0.26961982	False
4035	2.9723974880631805	0.5100602192440804	0.17159892689064157	ZSWIM8-AS1	0.26961982	False
4036	2.9723974880631805	0.5100602192440804	0.17159892689064157	NDST2	0.26961982	False
4037	2.9723974880631805	0.5100602192440804	0.17159892689064157	CAMK2G	0.26961982	False
4038	2.7776771259440887	0.38786590489129963	0.1396367854523301	PLAU	0.26961908	False
4039	2.7776771259440887	0.38786590489129963	0.1396367854523301	C10orf55	0.26961908	False
4040	2.7776771259440887	0.38786590489129963	0.1396367854523301	VCL	0.26961908	False
4041	2.90449722638189	0.505456093841043	0.17402533190595806	AP3M1	0.26961973	False
4042	2.90449722638189	0.505456093841043	0.17402533190595806	ADK	0.26961973	False
4043	2.90449722638189	0.505456093841043	0.17402533190595806	LOC102723439	0.26961973	False
4044	2.975727654266447	0.6224869818773364	0.20918815637743135	FOLH1	0.26962027	False
4045	2.975727654266447	0.6224869818773364	0.20918815637743135	OR4C13	0.26962027	False
4046	2.975727654266447	0.6224869818773364	0.20918815637743135	OR4C12	0.26962027	False
4047	3.1479504237306317	0.976355581344942	0.31015595861508655	TRIM48	0.26962203	False
4048	3.1479504237306317	0.976355581344942	0.31015595861508655	OR4A16	0.26962203	False
4049	3.1479504237306317	0.976355581344942	0.31015595861508655	OR4A15	0.26962203	False
4050	3.1479504237306317	0.976355581344942	0.31015595861508655	OR4C15	0.26962203	False
4051	3.1479504237306317	0.976355581344942	0.31015595861508655	OR4C16	0.26962203	False
4052	3.1479504237306317	0.976355581344942	0.31015595861508655	OR4C11	0.26962203	False
4053	3.1479504237306317	0.976355581344942	0.31015595861508655	OR4P4	0.26962203	False
4054	3.1479504237306317	0.976355581344942	0.31015595861508655	OR4S2	0.26962203	False
4055	3.1479504237306317	0.976355581344942	0.31015595861508655	OR4C6	0.26962203	False
4056	3.1479504237306317	0.976355581344942	0.31015595861508655	OR5D13	0.26962203	False
4057	3.1479504237306317	0.976355581344942	0.31015595861508655	OR5D14	0.26962203	False
4058	3.1479504237306317	0.976355581344942	0.31015595861508655	OR5L1	0.26962203	False
4059	3.1479504237306317	0.976355581344942	0.31015595861508655	OR5D18	0.26962203	False
4060	3.1479504237306317	0.976355581344942	0.31015595861508655	OR5L2	0.26962203	False
4061	3.1479504237306317	0.976355581344942	0.31015595861508655	OR5D16	0.26962203	False
4062	3.1479504237306317	0.976355581344942	0.31015595861508655	TRIM51	0.26962203	False
4063	3.2247857814281486	0.9557005396389315	0.2963609381878644	OR5W2	0.2696223	False
4064	3.2247857814281486	0.9557005396389315	0.2963609381878644	OR5I1	0.2696223	False
4065	3.2247857814281486	0.9557005396389315	0.2963609381878644	OR10AG1	0.2696223	False
4066	3.2247857814281486	0.9557005396389315	0.2963609381878644	OR5F1	0.2696223	False
4067	3.2247857814281486	0.9557005396389315	0.2963609381878644	OR5AS1	0.2696223	False
4068	3.2247857814281486	0.9557005396389315	0.2963609381878644	OR8I2	0.2696223	False
4069	3.2247857814281486	0.9557005396389315	0.2963609381878644	OR8H2	0.2696223	False
4070	3.2247857814281486	0.9557005396389315	0.2963609381878644	OR8H3	0.2696223	False
4071	3.2247857814281486	0.9557005396389315	0.2963609381878644	OR8J3	0.2696223	False
4072	3.2247857814281486	0.9557005396389315	0.2963609381878644	OR8K5	0.2696223	False
4073	3.2247857814281486	0.9557005396389315	0.2963609381878644	OR5J2	0.2696223	False
4074	3.2247857814281486	0.9557005396389315	0.2963609381878644	OR5T2	0.2696223	False
4075	3.2247857814281486	0.9557005396389315	0.2963609381878644	OR5T3	0.2696223	False
4076	3.2247857814281486	0.9557005396389315	0.2963609381878644	OR5T1	0.2696223	False
4077	3.2247857814281486	0.9557005396389315	0.2963609381878644	OR8H1	0.2696223	False
4078	3.2247857814281486	0.9557005396389315	0.2963609381878644	OR8K3	0.2696223	False
4079	3.2247857814281486	0.9557005396389315	0.2963609381878644	OR8K1	0.2696223	False
4080	3.2247857814281486	0.9557005396389315	0.2963609381878644	OR8J1	0.2696223	False
4081	3.2247857814281486	0.9557005396389315	0.2963609381878644	OR8U1	0.2696223	False
4082	3.2247857814281486	0.9557005396389315	0.2963609381878644	OR5R1	0.2696223	False
4083	3.2247857814281486	0.9557005396389315	0.2963609381878644	OR5M9	0.2696223	False
4084	3.2247857814281486	0.9557005396389315	0.2963609381878644	OR5M3	0.2696223	False
4085	3.2247857814281486	0.9557005396389315	0.2963609381878644	OR5M8	0.2696223	False
4086	3.2247857814281486	0.9557005396389315	0.2963609381878644	OR5M11	0.2696223	False
4087	3.2247857814281486	0.9557005396389315	0.2963609381878644	OR5M10	0.2696223	False
4088	3.2247857814281486	0.9557005396389315	0.2963609381878644	OR5M1	0.2696223	False
4089	3.2247857814281486	0.9557005396389315	0.2963609381878644	OR5AP2	0.2696223	False
4090	3.2247857814281486	0.9557005396389315	0.2963609381878644	OR5AR1	0.2696223	False
4091	3.2247857814281486	0.9557005396389315	0.2963609381878644	OR9G1	0.2696223	False
4092	3.2247857814281486	0.9557005396389315	0.2963609381878644	OR9G4	0.2696223	False
4093	3.2247857814281486	0.9557005396389315	0.2963609381878644	MIR6128	0.2696223	False
4094	3.2247857814281486	0.9557005396389315	0.2963609381878644	LOC101927120	0.2696223	False
4095	3.317503519818951	0.9056953379531595	0.2730050872719456	OR5AK2	0.26962256	False
4096	3.317503519818951	0.9056953379531595	0.2730050872719456	LRRC55	0.26962256	False
4097	3.317503519818951	0.9056953379531595	0.2730050872719456	APLNR	0.26962256	False
4098	3.317503519818951	0.9056953379531595	0.2730050872719456	TNKS1BP1	0.26962256	False
4099	3.317503519818951	0.9056953379531595	0.2730050872719456	SSRP1	0.26962256	False
4100	3.317503519818951	0.9056953379531595	0.2730050872719456	P2RX3	0.26962256	False
4101	3.317503519818951	0.9056953379531595	0.2730050872719456	PRG3	0.26962256	False
4102	3.317503519818951	0.9056953379531595	0.2730050872719456	PRG2	0.26962256	False
4103	3.317503519818951	0.9056953379531595	0.2730050872719456	SLC43A3	0.26962256	False
4104	3.317503519818951	0.9056953379531595	0.2730050872719456	RTN4RL2	0.26962256	False
4105	3.317503519818951	0.9056953379531595	0.2730050872719456	SLC43A1	0.26962256	False
4106	3.317503519818951	0.9056953379531595	0.2730050872719456	TIMM10	0.26962256	False
4107	3.317503519818951	0.9056953379531595	0.2730050872719456	SMTNL1	0.26962256	False
4108	3.317503519818951	0.9056953379531595	0.2730050872719456	UBE2L6	0.26962256	False
4109	3.317503519818951	0.9056953379531595	0.2730050872719456	SERPING1	0.26962256	False
4110	3.317503519818951	0.9056953379531595	0.2730050872719456	MIR130A	0.26962256	False
4111	3.317503519818951	0.9056953379531595	0.2730050872719456	YPEL4	0.26962256	False
4112	3.317503519818951	0.9056953379531595	0.2730050872719456	CLP1	0.26962256	False
4113	3.317503519818951	0.9056953379531595	0.2730050872719456	ZDHHC5	0.26962256	False
4114	3.317503519818951	0.9056953379531595	0.2730050872719456	MED19	0.26962256	False
4115	3.317503519818951	0.9056953379531595	0.2730050872719456	TMX2	0.26962256	False
4116	3.317503519818951	0.9056953379531595	0.2730050872719456	TMX2-CTNND1	0.26962256	False
4117	3.317503519818951	0.9056953379531595	0.2730050872719456	SELENOH	0.26962256	False
4118	3.317503519818951	0.9056953379531595	0.2730050872719456	CTNND1	0.26962256	False
4119	3.317503519818951	0.9056953379531595	0.2730050872719456	BTBD18	0.26962256	False
4120	3.141653248776733	0.6531421086507384	0.20789758032814495	OR9Q1	0.2696209	False
4121	3.141653248776733	0.6531421086507384	0.20789758032814495	OR6Q1	0.2696209	False
4122	3.217985864006941	0.6873308435737365	0.2135903862293206	OR9I1	0.26962116	False
4123	3.217985864006941	0.6873308435737365	0.2135903862293206	OR9Q2	0.26962116	False
4124	3.217985864006941	0.6873308435737365	0.2135903862293206	OR1S2	0.26962116	False
4125	3.217985864006941	0.6873308435737365	0.2135903862293206	OR1S1	0.26962116	False
4126	3.217985864006941	0.6873308435737365	0.2135903862293206	OR10Q1	0.26962116	False
4127	3.217985864006941	0.6873308435737365	0.2135903862293206	OR10W1	0.26962116	False
4128	3.217985864006941	0.6873308435737365	0.2135903862293206	OR5B17	0.26962116	False
4129	3.217985864006941	0.6873308435737365	0.2135903862293206	OR5B3	0.26962116	False
4130	3.217985864006941	0.6873308435737365	0.2135903862293206	OR5B2	0.26962116	False
4131	3.217985864006941	0.6873308435737365	0.2135903862293206	OR5B12	0.26962116	False
4132	3.217985864006941	0.6873308435737365	0.2135903862293206	OR5B21	0.26962116	False
4133	3.217985864006941	0.6873308435737365	0.2135903862293206	LPXN	0.26962116	False
4134	3.217985864006941	0.6873308435737365	0.2135903862293206	ZFP91	0.26962116	False
4135	3.217985864006941	0.6873308435737365	0.2135903862293206	ZFP91-CNTF	0.26962116	False
4136	3.217985864006941	0.6873308435737365	0.2135903862293206	CNTF	0.26962116	False
4137	3.217985864006941	0.6873308435737365	0.2135903862293206	GLYAT	0.26962116	False
4138	2.9866723386863807	0.4743164622973259	0.15881101390115768	GLYATL2	0.26961973	False
4139	2.9866723386863807	0.4743164622973259	0.15881101390115768	GLYATL1	0.26961973	False
4140	2.9866723386863807	0.4743164622973259	0.15881101390115768	LOC283194	0.26961973	False
4141	2.934825986422791	0.456233705280417	0.15545511297469206	FAM111B	0.2696195	False
4142	2.934825986422791	0.456233705280417	0.15545511297469206	FAM111A-DT	0.2696195	False
4143	2.934825986422791	0.456233705280417	0.15545511297469206	FAM111A	0.2696195	False
4144	2.934825986422791	0.456233705280417	0.15545511297469206	DTX4	0.2696195	False
4145	2.934825986422791	0.456233705280417	0.15545511297469206	MPEG1	0.2696195	False
4146	2.934825986422791	0.456233705280417	0.15545511297469206	OR5AN1	0.2696195	False
4147	2.934825986422791	0.456233705280417	0.15545511297469206	OR5A2	0.2696195	False
4148	2.934825986422791	0.456233705280417	0.15545511297469206	OR5A1	0.2696195	False
4149	2.934825986422791	0.456233705280417	0.15545511297469206	OR4D6	0.2696195	False
4150	2.934825986422791	0.456233705280417	0.15545511297469206	OR4D10	0.2696195	False
4151	2.934825986422791	0.456233705280417	0.15545511297469206	OR4D11	0.2696195	False
4152	2.934825986422791	0.456233705280417	0.15545511297469206	OR4D9	0.2696195	False
4153	2.934825986422791	0.456233705280417	0.15545511297469206	OSBP	0.2696195	False
4154	2.934825986422791	0.456233705280417	0.15545511297469206	MIR3162	0.2696195	False
4155	2.934825986422791	0.456233705280417	0.15545511297469206	PATL1	0.2696195	False
4156	2.934825986422791	0.456233705280417	0.15545511297469206	OR10V1	0.2696195	False
4157	2.934825986422791	0.456233705280417	0.15545511297469206	STX3	0.2696195	False
4158	2.934825986422791	0.456233705280417	0.15545511297469206	MRPL16	0.2696195	False
4159	2.934825986422791	0.456233705280417	0.15545511297469206	GIF	0.2696195	False
4160	2.934825986422791	0.456233705280417	0.15545511297469206	TCN1	0.2696195	False
4161	2.8205816687450804	0.33399152682827493	0.11841228727011929	OOSP2	0.26961872	False
4162	2.8205816687450804	0.33399152682827493	0.11841228727011929	MS4A3	0.26961872	False
4163	2.8205816687450804	0.33399152682827493	0.11841228727011929	MS4A2	0.26961872	False
4164	2.6883139907878895	0.229602732496509	0.08540770657121684	RAB3IL1	0.2696182	False
4165	2.6883139907878895	0.229602732496509	0.08540770657121684	BEST1	0.2696182	False
4166	2.6883139907878895	0.229602732496509	0.08540770657121684	FTH1	0.2696182	False
4167	2.799213741014628	0.27709238509888656	0.09898936299106949	INCENP	0.2696185	False
4168	2.799213741014628	0.27709238509888656	0.09898936299106949	SCGB1D1	0.26961848	False
4169	2.799213741014628	0.27709238509888656	0.09898936299106949	SCGB2A1	0.26961848	False
4170	2.799213741014628	0.27709238509888656	0.09898936299106949	SCGB1D2	0.26961848	False
4171	2.799213741014628	0.27709238509888656	0.09898936299106949	SCGB2A2	0.26961848	False
4172	2.799213741014628	0.27709238509888656	0.09898936299106949	SCGB1D4	0.26961848	False
4173	2.799213741014628	0.27709238509888656	0.09898936299106949	ASRGL1	0.26961848	False
4174	2.799213741014628	0.27709238509888656	0.09898936299106949	SCGB1A1	0.2696185	False
4175	2.799213741014628	0.27709238509888656	0.09898936299106949	AHNAK	0.2696185	False
4176	2.799213741014628	0.27709238509888656	0.09898936299106949	EEF1G	0.2696185	False
4177	2.799213741014628	0.27709238509888656	0.09898936299106949	MIR6747	0.2696185	False
4178	2.799213741014628	0.27709238509888656	0.09898936299106949	TUT1	0.2696185	False
4179	2.799213741014628	0.27709238509888656	0.09898936299106949	MTA2	0.2696185	False
4180	2.799213741014628	0.27709238509888656	0.09898936299106949	EML3	0.26961848	False
4181	2.799213741014628	0.27709238509888656	0.09898936299106949	ROM1	0.26961848	False
4182	2.799213741014628	0.27709238509888656	0.09898936299106949	B3GAT3	0.26961848	False
4183	2.799213741014628	0.27709238509888656	0.09898936299106949	GANAB	0.26961848	False
4184	2.799213741014628	0.27709238509888656	0.09898936299106949	INTS5	0.26961848	False
4185	2.799213741014628	0.27709238509888656	0.09898936299106949	C11orf98	0.26961848	False
4186	2.799213741014628	0.27709238509888656	0.09898936299106949	LBHD1	0.2696185	False
4187	2.799213741014628	0.27709238509888656	0.09898936299106949	CSKMT	0.2696185	False
4188	2.799213741014628	0.27709238509888656	0.09898936299106949	SNORA57	0.2696185	False
4189	2.799213741014628	0.27709238509888656	0.09898936299106949	UQCC3	0.2696185	False
4190	2.799213741014628	0.27709238509888656	0.09898936299106949	UBXN1	0.2696185	False
4191	2.799213741014628	0.27709238509888656	0.09898936299106949	LRRN4CL	0.2696185	False
4192	2.799213741014628	0.27709238509888656	0.09898936299106949	BSCL2	0.26961848	False
4193	2.799213741014628	0.27709238509888656	0.09898936299106949	HNRNPUL2-BSCL2	0.26961848	False
4194	2.799213741014628	0.27709238509888656	0.09898936299106949	GNG3	0.26961848	False
4195	2.799213741014628	0.27709238509888656	0.09898936299106949	HNRNPUL2	0.26961848	False
4196	2.799213741014628	0.27709238509888656	0.09898936299106949	TTC9C	0.26961848	False
4197	2.799213741014628	0.27709238509888656	0.09898936299106949	ZBTB3	0.26961848	False
4198	2.799213741014628	0.27709238509888656	0.09898936299106949	POLR2G	0.2696185	False
4199	2.799213741014628	0.27709238509888656	0.09898936299106949	TAF6L	0.2696185	False
4200	2.799213741014628	0.27709238509888656	0.09898936299106949	TMEM223	0.2696185	False
4201	2.799213741014628	0.27709238509888656	0.09898936299106949	TMEM179B	0.2696185	False
4202	2.799213741014628	0.27709238509888656	0.09898936299106949	MIR6748	0.2696185	False
4203	2.799213741014628	0.27709238509888656	0.09898936299106949	NXF1	0.2696185	False
4204	2.799213741014628	0.27709238509888656	0.09898936299106949	MIR6514	0.26961848	False
4205	2.799213741014628	0.27709238509888656	0.09898936299106949	STX5	0.26961848	False
4206	2.799213741014628	0.27709238509888656	0.09898936299106949	LOC105369332	0.26961848	False
4207	2.799213741014628	0.27709238509888656	0.09898936299106949	WDR74	0.26961848	False
4208	2.799213741014628	0.27709238509888656	0.09898936299106949	SNHG1	0.26961848	False
4209	2.799213741014628	0.27709238509888656	0.09898936299106949	SNORD22	0.26961848	False
4210	2.799213741014628	0.27709238509888656	0.09898936299106949	SNORD30	0.2696185	False
4211	2.799213741014628	0.27709238509888656	0.09898936299106949	SNORD28	0.2696185	False
4212	2.799213741014628	0.27709238509888656	0.09898936299106949	SNORD27	0.2696185	False
4213	2.799213741014628	0.27709238509888656	0.09898936299106949	SNORD26	0.2696185	False
4214	2.799213741014628	0.27709238509888656	0.09898936299106949	SNORD25	0.2696185	False
4215	2.799213741014628	0.27709238509888656	0.09898936299106949	SLC3A2	0.2696185	False
4216	2.9430963695296093	0.2641896974227598	0.08976590102789764	CHRM1	0.2696184	False
4217	2.9430963695296093	0.2641896974227598	0.08976590102789764	SLC22A6	0.2696184	False
4218	2.9430963695296093	0.2641896974227598	0.08976590102789764	SLC22A8	0.2696184	False
4219	2.9430963695296093	0.2641896974227598	0.08976590102789764	SLC22A24	0.2696184	False
4220	3.0707450820097426	0.30233471628224934	0.09845646844914173	SLC22A10	0.26961866	False
4221	3.0707450820097426	0.30233471628224934	0.09845646844914173	SLC22A25	0.26961866	False
4222	3.0707450820097426	0.30233471628224934	0.09845646844914173	SLC22A9	0.26961866	False
4223	3.0707450820097426	0.30233471628224934	0.09845646844914173	HRASLS5	0.26961866	False
4224	3.0707450820097426	0.30233471628224934	0.09845646844914173	LGALS12	0.26961866	False
4225	3.0707450820097426	0.30233471628224934	0.09845646844914173	RARRES3	0.26961866	False
4226	3.0707450820097426	0.30233471628224934	0.09845646844914173	HRASLS2	0.26961866	False
4227	3.0707450820097426	0.30233471628224934	0.09845646844914173	PLA2G16	0.26961866	False
4228	3.0707450820097426	0.30233471628224934	0.09845646844914173	ATL3	0.26961866	False
4229	3.0707450820097426	0.30233471628224934	0.09845646844914173	RTN3	0.26961866	False
4230	3.0707450820097426	0.30233471628224934	0.09845646844914173	C11orf95	0.26961866	False
4231	3.0707450820097426	0.30233471628224934	0.09845646844914173	SPINDOC	0.26961866	False
4232	3.262530648564038	0.32291081470470034	0.09897556513279822	MARK2	0.269619	False
4233	3.262530648564038	0.32291081470470034	0.09897556513279822	RCOR2	0.269619	False
4234	3.262530648564038	0.32291081470470034	0.09897556513279822	NAA40	0.269619	False
4235	3.262530648564038	0.32291081470470034	0.09897556513279822	COX8A	0.269619	False
4236	3.262530648564038	0.32291081470470034	0.09897556513279822	OTUB1	0.269619	False
4237	3.262530648564038	0.32291081470470034	0.09897556513279822	MACROD1	0.269619	False
4238	3.475075996926686	0.43196827567095636	0.12430469896283815	FLRT1	0.26962012	False
4239	3.475075996926686	0.43196827567095636	0.12430469896283815	STIP1	0.26962012	False
4240	3.475075996926686	0.43196827567095636	0.12430469896283815	FERMT3	0.26962012	False
4241	3.475075996926686	0.43196827567095636	0.12430469896283815	TRPT1	0.26962012	False
4242	3.475075996926686	0.43196827567095636	0.12430469896283815	NUDT22	0.26962012	False
4243	3.475075996926686	0.43196827567095636	0.12430469896283815	DNAJC4	0.26962012	False
4244	3.475075996926686	0.43196827567095636	0.12430469896283815	VEGFB	0.26962012	False
4245	3.475075996926686	0.43196827567095636	0.12430469896283815	FKBP2	0.26962012	False
4246	3.475075996926686	0.43196827567095636	0.12430469896283815	PPP1R14B	0.26962012	False
4247	3.475075996926686	0.43196827567095636	0.12430469896283815	LOC105369340	0.26962012	False
4248	3.475075996926686	0.43196827567095636	0.12430469896283815	PLCB3	0.26962012	False
4249	3.475075996926686	0.43196827567095636	0.12430469896283815	BAD	0.26962012	False
4250	3.475075996926686	0.43196827567095636	0.12430469896283815	GPR137	0.26962012	False
4251	3.475075996926686	0.43196827567095636	0.12430469896283815	KCNK4	0.26962012	False
4252	3.475075996926686	0.43196827567095636	0.12430469896283815	KCNK4-TEX40	0.26962012	False
4253	3.475075996926686	0.43196827567095636	0.12430469896283815	CATSPERZ	0.26962012	False
4254	3.475075996926686	0.43196827567095636	0.12430469896283815	ESRRA	0.26962012	False
4255	3.475075996926686	0.43196827567095636	0.12430469896283815	TRMT112	0.26962012	False
4256	3.475075996926686	0.43196827567095636	0.12430469896283815	PRDX5	0.26962012	False
4257	3.475075996926686	0.43196827567095636	0.12430469896283815	CCDC88B	0.26962012	False
4258	3.475075996926686	0.43196827567095636	0.12430469896283815	MIR7155	0.26962012	False
4259	3.475075996926686	0.43196827567095636	0.12430469896283815	RPS6KA4	0.26962012	False
4260	3.475075996926686	0.43196827567095636	0.12430469896283815	MIR1237	0.26962012	False
4261	3.475075996926686	0.43196827567095636	0.12430469896283815	LOC100996455	0.26962012	False
4262	3.475075996926686	0.43196827567095636	0.12430469896283815	SLC22A11	0.26962012	False
4263	3.475075996926686	0.43196827567095636	0.12430469896283815	SLC22A12	0.26962012	False
4264	3.475075996926686	0.43196827567095636	0.12430469896283815	NRXN2	0.26962012	False
4265	3.475075996926686	0.43196827567095636	0.12430469896283815	RASGRP2	0.26962012	False
4266	3.475075996926686	0.43196827567095636	0.12430469896283815	PYGM	0.26962012	False
4267	3.475075996926686	0.43196827567095636	0.12430469896283815	SF1	0.26962012	False
4268	3.475075996926686	0.43196827567095636	0.12430469896283815	MAP4K2	0.26962012	False
4269	3.475075996926686	0.43196827567095636	0.12430469896283815	MEN1	0.26962012	False
4270	3.475075996926686	0.43196827567095636	0.12430469896283815	CDC42BPG	0.26962012	False
4271	3.475075996926686	0.43196827567095636	0.12430469896283815	EHD1	0.26962012	False
4272	3.475075996926686	0.43196827567095636	0.12430469896283815	MIR194-2HG	0.26962012	False
4273	3.475075996926686	0.43196827567095636	0.12430469896283815	MIR192	0.26962012	False
4274	3.475075996926686	0.43196827567095636	0.12430469896283815	MIR194-2	0.26962012	False
4275	3.564704175762201	0.4170885813860497	0.11700510359933816	ATG2A	0.2696202	False
4276	3.475075996926686	0.43196827567095636	0.12430469896283815	MIR6750	0.26962012	False
4277	3.564704175762201	0.4170885813860497	0.11700510359933816	MIR6749	0.2696202	False
4278	3.564704175762201	0.4170885813860497	0.11700510359933816	PPP2R5B	0.2696202	False
4279	3.564704175762201	0.4170885813860497	0.11700510359933816	GPHA2	0.2696202	False
4280	3.564704175762201	0.4170885813860497	0.11700510359933816	MAJIN	0.2696202	False
4281	3.564704175762201	0.4170885813860497	0.11700510359933816	BATF2	0.2696202	False
4282	3.564704175762201	0.4170885813860497	0.11700510359933816	ARL2	0.2696202	False
4283	3.564704175762201	0.4170885813860497	0.11700510359933816	ARL2-SNX15	0.2696202	False
4284	3.564704175762201	0.4170885813860497	0.11700510359933816	MIR6879	0.2696202	False
4285	3.564704175762201	0.4170885813860497	0.11700510359933816	SNX15	0.2696202	False
4286	3.564704175762201	0.4170885813860497	0.11700510359933816	SAC3D1	0.2696202	False
4287	3.564704175762201	0.4170885813860497	0.11700510359933816	NAALADL1	0.2696202	False
4288	3.564704175762201	0.4170885813860497	0.11700510359933816	CDCA5	0.2696202	False
4289	3.564704175762201	0.4170885813860497	0.11700510359933816	ZFPL1	0.2696202	False
4290	3.564704175762201	0.4170885813860497	0.11700510359933816	TMEM262	0.2696202	False
4291	3.564704175762201	0.4170885813860497	0.11700510359933816	VPS51	0.2696202	False
4292	3.7597663178596474	0.5448784076896788	0.14492347705265526	TM7SF2	0.26962167	False
4293	3.7597663178596474	0.5448784076896788	0.14492347705265526	ZNHIT2	0.26962167	False
4294	3.7597663178596474	0.5448784076896788	0.14492347705265526	FAU	0.26962167	False
4295	3.7597663178596474	0.5448784076896788	0.14492347705265526	SYVN1	0.26962167	False
4296	3.7597663178596474	0.5448784076896788	0.14492347705265526	MRPL49	0.26962167	False
4297	3.7597663178596474	0.5448784076896788	0.14492347705265526	MIR6751	0.26962167	False
4298	3.7597663178596474	0.5448784076896788	0.14492347705265526	SPDYC	0.26962167	False
4299	3.7597663178596474	0.5448784076896788	0.14492347705265526	CAPN1	0.26962167	False
4300	3.7597663178596474	0.5448784076896788	0.14492347705265526	POLA2	0.26962167	False
4301	3.7597663178596474	0.5448784076896788	0.14492347705265526	CDC42EP2	0.26962167	False
4302	3.7597663178596474	0.5448784076896788	0.14492347705265526	DPF2	0.26962167	False
4303	3.7597663178596474	0.5448784076896788	0.14492347705265526	TIGD3	0.26962167	False
4304	3.7597663178596474	0.5448784076896788	0.14492347705265526	SLC25A45	0.26962167	False
4305	3.7597663178596474	0.5448784076896788	0.14492347705265526	FRMD8	0.26962167	False
4306	3.7597663178596474	0.5448784076896788	0.14492347705265526	NEAT1	0.26962167	False
4307	3.7597663178596474	0.5448784076896788	0.14492347705265526	MIR612	0.26962167	False
4308	3.7597663178596474	0.5448784076896788	0.14492347705265526	MALAT1	0.26962167	False
4309	3.7597663178596474	0.5448784076896788	0.14492347705265526	SCYL1	0.26962167	False
4310	3.7597663178596474	0.5448784076896788	0.14492347705265526	LTBP3	0.26962167	False
4311	3.7597663178596474	0.5448784076896788	0.14492347705265526	SSSCA1-AS1	0.26962167	False
4312	3.7597663178596474	0.5448784076896788	0.14492347705265526	SSSCA1	0.26962167	False
4313	3.7597663178596474	0.5448784076896788	0.14492347705265526	FAM89B	0.26962167	False
4314	3.7597663178596474	0.5448784076896788	0.14492347705265526	EHBP1L1	0.26962167	False
4315	3.7597663178596474	0.5448784076896788	0.14492347705265526	SIPA1	0.26962167	False
4316	3.7597663178596474	0.5448784076896788	0.14492347705265526	KCNK7	0.26962167	False
4317	3.7597663178596474	0.5448784076896788	0.14492347705265526	MAP3K11	0.26962167	False
4318	3.7597663178596474	0.5448784076896788	0.14492347705265526	PCNX3	0.26962167	False
4319	3.7597663178596474	0.5448784076896788	0.14492347705265526	MIR4690	0.26962167	False
4320	3.7597663178596474	0.5448784076896788	0.14492347705265526	MIR4489	0.26962167	False
4321	3.7597663178596474	0.5448784076896788	0.14492347705265526	RELA	0.26962167	False
4322	3.7597663178596474	0.5448784076896788	0.14492347705265526	KAT5	0.26962167	False
4323	3.7597663178596474	0.5448784076896788	0.14492347705265526	RNASEH2C	0.26962167	False
4324	3.7597663178596474	0.5448784076896788	0.14492347705265526	AP5B1	0.26962167	False
4325	3.7597663178596474	0.5448784076896788	0.14492347705265526	OVOL1	0.26962167	False
4326	3.7597663178596474	0.5448784076896788	0.14492347705265526	OVOL1-AS1	0.26962167	False
4327	3.7597663178596474	0.5448784076896788	0.14492347705265526	CFL1	0.26962167	False
4328	3.7597663178596474	0.5448784076896788	0.14492347705265526	SNX32	0.26962167	False
4329	3.7597663178596474	0.5448784076896788	0.14492347705265526	MUS81	0.26962167	False
4330	3.7597663178596474	0.5448784076896788	0.14492347705265526	EFEMP2	0.26962167	False
4331	3.7597663178596474	0.5448784076896788	0.14492347705265526	CTSW	0.26962167	False
4332	3.7597663178596474	0.5448784076896788	0.14492347705265526	FIBP	0.26962167	False
4333	3.7597663178596474	0.5448784076896788	0.14492347705265526	CCDC85B	0.26962167	False
4334	3.5412127928282824	0.3984819824875162	0.11252698038777222	FOSL1	0.26962	False
4335	3.5412127928282824	0.3984819824875162	0.11252698038777222	C11orf68	0.26962	False
4336	3.5412127928282824	0.3984819824875162	0.11252698038777222	DRAP1	0.26962	False
4337	3.5412127928282824	0.3984819824875162	0.11252698038777222	TSGA10IP	0.26962	False
4338	3.5412127928282824	0.3984819824875162	0.11252698038777222	SART1	0.26962	False
4339	3.5412127928282824	0.3984819824875162	0.11252698038777222	EIF1AD	0.26962	False
4340	3.5412127928282824	0.3984819824875162	0.11252698038777222	BANF1	0.26962	False
4341	3.5412127928282824	0.3984819824875162	0.11252698038777222	CST6	0.26962	False
4342	3.5412127928282824	0.3984819824875162	0.11252698038777222	CATSPER1	0.26962	False
4343	3.5412127928282824	0.3984819824875162	0.11252698038777222	GAL3ST3	0.26962	False
4344	3.5412127928282824	0.3984819824875162	0.11252698038777222	SF3B2	0.26962	False
4345	3.5412127928282824	0.3984819824875162	0.11252698038777222	PACS1	0.26962	False
4346	3.5533158717033935	0.41779484786039295	0.11757886519109541	KLC2	0.26962024	False
4347	3.5533158717033935	0.41779484786039295	0.11757886519109541	RAB1B	0.26962024	False
4348	3.5533158717033935	0.41779484786039295	0.11757886519109541	CNIH2	0.26962024	False
4349	3.5533158717033935	0.41779484786039295	0.11757886519109541	YIF1A	0.26962024	False
4350	3.5533158717033935	0.41779484786039295	0.11757886519109541	TMEM151A	0.26962024	False
4351	3.5533158717033935	0.41779484786039295	0.11757886519109541	CD248	0.26962024	False
4352	3.5533158717033935	0.41779484786039295	0.11757886519109541	RIN1	0.26962024	False
4353	3.5533158717033935	0.41779484786039295	0.11757886519109541	BRMS1	0.26962024	False
4354	3.5533158717033935	0.41779484786039295	0.11757886519109541	B4GAT1	0.26962024	False
4355	3.5533158717033935	0.41779484786039295	0.11757886519109541	SLC29A2	0.26962024	False
4356	3.5533158717033935	0.41779484786039295	0.11757886519109541	NPAS4	0.26962024	False
4357	3.5533158717033935	0.41779484786039295	0.11757886519109541	MRPL11	0.26962024	False
4358	3.5533158717033935	0.41779484786039295	0.11757886519109541	PELI3	0.26962024	False
4359	3.5533158717033935	0.41779484786039295	0.11757886519109541	LOC101928069	0.26962024	False
4360	3.5533158717033935	0.41779484786039295	0.11757886519109541	DPP3	0.26962024	False
4361	3.5533158717033935	0.41779484786039295	0.11757886519109541	BBS1	0.26962024	False
4362	3.5533158717033935	0.41779484786039295	0.11757886519109541	ZDHHC24	0.26962024	False
4363	3.5533158717033935	0.41779484786039295	0.11757886519109541	ACTN3	0.26962024	False
4364	3.5533158717033935	0.41779484786039295	0.11757886519109541	CTSF	0.26962024	False
4365	3.5533158717033935	0.41779484786039295	0.11757886519109541	CCDC87	0.26962024	False
4366	3.5533158717033935	0.41779484786039295	0.11757886519109541	CCS	0.26962024	False
4367	3.5533158717033935	0.41779484786039295	0.11757886519109541	RBM14	0.26962024	False
4368	3.5533158717033935	0.41779484786039295	0.11757886519109541	RBM14-RBM4	0.26962024	False
4369	3.5533158717033935	0.41779484786039295	0.11757886519109541	RBM4	0.26962024	False
4370	3.5533158717033935	0.41779484786039295	0.11757886519109541	RBM4B	0.26962024	False
4371	3.5533158717033935	0.41779484786039295	0.11757886519109541	SPTBN2	0.26962024	False
4372	3.5533158717033935	0.41779484786039295	0.11757886519109541	C11orf80	0.26962024	False
4373	3.5533158717033935	0.41779484786039295	0.11757886519109541	RCE1	0.26962024	False
4374	3.2731775471040323	0.30017383621894095	0.09170716586532922	PC	0.26961896	False
4375	3.5533158717033935	0.41779484786039295	0.11757886519109541	LRFN4	0.26962024	False
4376	3.2731775471040323	0.30017383621894095	0.09170716586532922	MIR3163	0.26961896	False
4377	3.2731775471040323	0.30017383621894095	0.09170716586532922	C11orf86	0.26961896	False
4378	3.2731775471040323	0.30017383621894095	0.09170716586532922	SYT12	0.26961896	False
4379	3.2731775471040323	0.30017383621894095	0.09170716586532922	RHOD	0.26961896	False
4380	3.0907669484265945	0.29299455117768647	0.09479671423522894	KDM2A	0.26961875	False
4381	3.0907669484265945	0.29299455117768647	0.09479671423522894	GRK2	0.26961875	False
4382	3.0907669484265945	0.29299455117768647	0.09479671423522894	ANKRD13D	0.26961875	False
4383	3.0907669484265945	0.29299455117768647	0.09479671423522894	SSH3	0.26961875	False
4384	3.0907669484265945	0.29299455117768647	0.09479671423522894	LOC100130987	0.26961875	False
4385	3.0907669484265945	0.29299455117768647	0.09479671423522894	POLD4	0.26961875	False
4386	3.0907669484265945	0.29299455117768647	0.09479671423522894	CLCF1	0.26961875	False
4387	3.0907669484265945	0.29299455117768647	0.09479671423522894	RAD9A	0.26961875	False
4388	3.0907669484265945	0.29299455117768647	0.09479671423522894	PPP1CA	0.26961875	False
4389	3.0907669484265945	0.29299455117768647	0.09479671423522894	TBC1D10C	0.26961875	False
4390	3.0907669484265945	0.29299455117768647	0.09479671423522894	CARNS1	0.26961875	False
4391	3.0907669484265945	0.29299455117768647	0.09479671423522894	RPS6KB2	0.26961875	False
4392	3.0907669484265945	0.29299455117768647	0.09479671423522894	PTPRCAP	0.26961875	False
4393	3.0907669484265945	0.29299455117768647	0.09479671423522894	CORO1B	0.26961875	False
4394	3.0907669484265945	0.29299455117768647	0.09479671423522894	GPR152	0.26961875	False
4395	3.0907669484265945	0.29299455117768647	0.09479671423522894	CABP4	0.26961875	False
4396	3.0907669484265945	0.29299455117768647	0.09479671423522894	TMEM134	0.26961875	False
4397	3.0907669484265945	0.29299455117768647	0.09479671423522894	AIP	0.26961875	False
4398	3.0907669484265945	0.29299455117768647	0.09479671423522894	MIR6752	0.26961875	False
4399	3.0907669484265945	0.29299455117768647	0.09479671423522894	PITPNM1	0.26961875	False
4400	3.0907669484265945	0.29299455117768647	0.09479671423522894	CDK2AP2	0.26961875	False
4401	3.0907669484265945	0.29299455117768647	0.09479671423522894	CABP2	0.26961875	False
4402	3.0907669484265945	0.29299455117768647	0.09479671423522894	GSTP1	0.26961875	False
4403	3.0907669484265945	0.29299455117768647	0.09479671423522894	C11orf72	0.26961875	False
4404	3.0907669484265945	0.29299455117768647	0.09479671423522894	NDUFV1	0.26961875	False
4405	3.0907669484265945	0.29299455117768647	0.09479671423522894	NUDT8	0.26961875	False
4406	3.0907669484265945	0.29299455117768647	0.09479671423522894	TBX10	0.26961875	False
4407	3.0907669484265945	0.29299455117768647	0.09479671423522894	ACY3	0.26961875	False
4408	3.0907669484265945	0.29299455117768647	0.09479671423522894	ALDH3B2	0.26961875	False
4409	3.0907669484265945	0.29299455117768647	0.09479671423522894	UNC93B1	0.26961875	False
4410	3.0907669484265945	0.29299455117768647	0.09479671423522894	ALDH3B1	0.26961875	False
4411	3.0907669484265945	0.29299455117768647	0.09479671423522894	NDUFS8	0.26961875	False
4412	3.0907669484265945	0.29299455117768647	0.09479671423522894	MIR7113	0.26961875	False
4413	3.0907669484265945	0.29299455117768647	0.09479671423522894	MIR4691	0.26961875	False
4414	3.0907669484265945	0.29299455117768647	0.09479671423522894	TCIRG1	0.26961875	False
4415	3.0907669484265945	0.29299455117768647	0.09479671423522894	MIR6753	0.26961875	False
4416	3.0907669484265945	0.29299455117768647	0.09479671423522894	CHKA	0.26961875	False
4417	2.7695154309509897	0.24271875804753176	0.08763943155362293	KMT5B	0.2696183	False
4418	2.7695154309509897	0.24271875804753176	0.08763943155362293	C11orf24	0.2696183	False
4419	2.7695154309509897	0.24271875804753176	0.08763943155362293	LRP5	0.2696183	False
4420	2.7695154309509897	0.24271875804753176	0.08763943155362293	PPP6R3	0.2696183	False
4421	2.7695154309509897	0.24271875804753176	0.08763943155362293	GAL	0.2696183	False
4422	2.7695154309509897	0.24271875804753176	0.08763943155362293	TESMIN	0.2696183	False
4423	2.7695154309509897	0.24271875804753176	0.08763943155362293	CPT1A	0.2696183	False
4424	2.7695154309509897	0.24271875804753176	0.08763943155362293	MRPL21	0.2696183	False
4425	2.7695154309509897	0.24271875804753176	0.08763943155362293	IGHMBP2	0.2696183	False
4426	2.7695154309509897	0.24271875804753176	0.08763943155362293	MRGPRD	0.2696183	False
4427	2.7695154309509897	0.24271875804753176	0.08763943155362293	MRGPRF	0.2696183	False
4428	2.7695154309509897	0.24271875804753176	0.08763943155362293	MRGPRF-AS1	0.2696183	False
4429	2.7695154309509897	0.24271875804753176	0.08763943155362293	TPCN2	0.2696183	False
4430	2.7695154309509897	0.24271875804753176	0.08763943155362293	MIR3164	0.2696183	False
4431	3.0359870053194453	0.6249753011487215	0.20585572337881658	C11orf53	0.2696206	False
4432	3.0359870053194453	0.6249753011487215	0.20585572337881658	COLCA1	0.2696206	False
4433	3.0359870053194453	0.6249753011487215	0.20585572337881658	COLCA2	0.2696206	False
4434	3.0359870053194453	0.6249753011487215	0.20585572337881658	MIR4491	0.2696206	False
4435	3.0359870053194453	0.6249753011487215	0.20585572337881658	POU2AF1	0.2696206	False
4436	3.0359870053194453	0.6249753011487215	0.20585572337881658	LOC100132078	0.2696206	False
4437	3.0359870053194453	0.6249753011487215	0.20585572337881658	BTG4	0.2696206	False
4438	3.0359870053194453	0.6249753011487215	0.20585572337881658	MIR34B	0.2696206	False
4439	3.0359870053194453	0.6249753011487215	0.20585572337881658	MIR34C	0.2696206	False
4440	3.0359870053194453	0.6249753011487215	0.20585572337881658	C11orf88	0.2696206	False
4441	3.0359870053194453	0.6249753011487215	0.20585572337881658	LAYN	0.2696206	False
4442	3.0359870053194453	0.6249753011487215	0.20585572337881658	SIK2	0.2696206	False
4443	3.0359870053194453	0.6249753011487215	0.20585572337881658	PPP2R1B	0.2696206	False
4444	3.0359870053194453	0.6249753011487215	0.20585572337881658	ALG9	0.2696206	False
4445	3.0359870053194453	0.6249753011487215	0.20585572337881658	FDXACB1	0.2696206	False
4446	3.0359870053194453	0.6249753011487215	0.20585572337881658	C11orf1	0.2696206	False
4447	2.8810134848424447	0.4477852245109916	0.15542628553003107	CRYAB	0.26961935	False
4448	2.8810134848424447	0.4477852245109916	0.15542628553003107	HSPB2	0.26961935	False
4449	2.8810134848424447	0.4477852245109916	0.15542628553003107	HSPB2-C11orf52	0.26961935	False
4450	2.8810134848424447	0.4477852245109916	0.15542628553003107	C11orf52	0.26961935	False
4451	2.8810134848424447	0.4477852245109916	0.15542628553003107	DIXDC1	0.26961935	False
4452	2.8810134848424447	0.4477852245109916	0.15542628553003107	DLAT	0.26961935	False
4453	2.8810134848424447	0.4477852245109916	0.15542628553003107	PIH1D2	0.26961935	False
4454	2.8810134848424447	0.4477852245109916	0.15542628553003107	NKAPD1	0.26961935	False
4455	2.8810134848424447	0.4477852245109916	0.15542628553003107	TIMM8B	0.26961935	False
4456	2.8810134848424447	0.4477852245109916	0.15542628553003107	SDHD	0.26961935	False
4457	2.8810134848424447	0.4477852245109916	0.15542628553003107	BCO2	0.26961935	False
4458	2.831770233167981	0.4188185821505872	0.14789991689475565	IL18	0.26961917	False
4459	2.831770233167981	0.4188185821505872	0.14789991689475565	TEX12	0.26961917	False
4460	2.831770233167981	0.4188185821505872	0.14789991689475565	PTS	0.26961917	False
4461	2.831770233167981	0.4188185821505872	0.14789991689475565	PLET1	0.26961917	False
4462	2.831770233167981	0.4188185821505872	0.14789991689475565	LOC100132686	0.26961917	False
4463	2.831770233167981	0.4188185821505872	0.14789991689475565	LOC283140	0.26961917	False
4464	2.831770233167981	0.4188185821505872	0.14789991689475565	LOC101928823	0.26961917	False
4465	2.831770233167981	0.4188185821505872	0.14789991689475565	LOC387810	0.26961917	False
4466	2.7824040088239084	0.30633686833390755	0.1100979107859296	ANO2	0.26961863	False
4467	2.7824040088239084	0.30633686833390755	0.1100979107859296	VWF	0.26961863	False
4468	3.3198006299474185	0.5692505129535234	0.17147129493813595	CD9	0.26962072	False
4469	3.3198006299474185	0.5692505129535234	0.17147129493813595	PLEKHG6	0.26962072	False
4470	3.3198006299474185	0.5692505129535234	0.17147129493813595	TNFRSF1A	0.26962072	False
4471	3.3198006299474185	0.5692505129535234	0.17147129493813595	SCNN1A	0.26962072	False
4472	3.3198006299474185	0.5692505129535234	0.17147129493813595	LTBR	0.26962072	False
4473	3.3198006299474185	0.5692505129535234	0.17147129493813595	CD27-AS1	0.26962072	False
4474	3.3198006299474185	0.5692505129535234	0.17147129493813595	CD27	0.26962072	False
4475	3.3198006299474185	0.5692505129535234	0.17147129493813595	TAPBPL	0.26962072	False
4476	3.3198006299474185	0.5692505129535234	0.17147129493813595	VAMP1	0.26962072	False
4477	3.3198006299474185	0.5692505129535234	0.17147129493813595	MRPL51	0.26962072	False
4478	3.3198006299474185	0.5692505129535234	0.17147129493813595	NCAPD2	0.26962072	False
4479	3.3198006299474185	0.5692505129535234	0.17147129493813595	SCARNA10	0.26962072	False
4480	3.3198006299474185	0.5692505129535234	0.17147129493813595	GAPDH	0.26962072	False
4481	3.3198006299474185	0.5692505129535234	0.17147129493813595	IFFO1	0.26962072	False
4482	3.3198006299474185	0.5692505129535234	0.17147129493813595	NOP2	0.26962072	False
4483	3.3198006299474185	0.5692505129535234	0.17147129493813595	CHD4	0.26962072	False
4484	3.3198006299474185	0.5692505129535234	0.17147129493813595	SCARNA11	0.26962072	False
4485	3.3198006299474185	0.5692505129535234	0.17147129493813595	LPAR5	0.26962072	False
4486	3.3198006299474185	0.5692505129535234	0.17147129493813595	ACRBP	0.26962072	False
4487	3.3198006299474185	0.5692505129535234	0.17147129493813595	ING4	0.26962072	False
4488	3.3198006299474185	0.5692505129535234	0.17147129493813595	ZNF384	0.26962072	False
4489	3.3198006299474185	0.5692505129535234	0.17147129493813595	PIANP	0.26962072	False
4490	3.3198006299474185	0.5692505129535234	0.17147129493813595	COPS7A	0.26962072	False
4491	3.3198006299474185	0.5692505129535234	0.17147129493813595	MLF2	0.26962072	False
4492	3.3198006299474185	0.5692505129535234	0.17147129493813595	PTMS	0.26962072	False
4493	3.3198006299474185	0.5692505129535234	0.17147129493813595	LAG3	0.26962072	False
4494	3.3198006299474185	0.5692505129535234	0.17147129493813595	CD4	0.26962072	False
4495	3.3198006299474185	0.5692505129535234	0.17147129493813595	GPR162	0.26962072	False
4496	3.3198006299474185	0.5692505129535234	0.17147129493813595	P3H3	0.26962072	False
4497	3.3198006299474185	0.5692505129535234	0.17147129493813595	GNB3	0.26962072	False
4498	3.3198006299474185	0.5692505129535234	0.17147129493813595	CDCA3	0.26962072	False
4499	3.3198006299474185	0.5692505129535234	0.17147129493813595	USP5	0.26962072	False
4500	3.3198006299474185	0.5692505129535234	0.17147129493813595	TPI1	0.26962072	False
4501	3.3198006299474185	0.5692505129535234	0.17147129493813595	SPSB2	0.26962072	False
4502	3.0985781611454812	0.42826296059927943	0.1382127344630091	LRRC23	0.26961973	False
4503	3.3198006299474185	0.5692505129535234	0.17147129493813595	LOC105369632	0.26962072	False
4504	3.0985781611454812	0.42826296059927943	0.1382127344630091	ENO2	0.26961973	False
4505	3.0985781611454812	0.42826296059927943	0.1382127344630091	ATN1	0.26961973	False
4506	3.0985781611454812	0.42826296059927943	0.1382127344630091	C12orf57	0.26961973	False
4507	3.0985781611454812	0.42826296059927943	0.1382127344630091	RNU7-1	0.26961973	False
4508	3.0985781611454812	0.42826296059927943	0.1382127344630091	PTPN6	0.26961973	False
4509	3.0985781611454812	0.42826296059927943	0.1382127344630091	MIR200CHG	0.26961973	False
4510	3.0985781611454812	0.42826296059927943	0.1382127344630091	MIR200C	0.26961973	False
4511	3.0985781611454812	0.42826296059927943	0.1382127344630091	MIR141	0.26961973	False
4512	3.0985781611454812	0.42826296059927943	0.1382127344630091	PHB2	0.26961973	False
4513	3.0985781611454812	0.42826296059927943	0.1382127344630091	SCARNA12	0.26961973	False
4514	3.0985781611454812	0.42826296059927943	0.1382127344630091	EMG1	0.26961973	False
4515	3.0985781611454812	0.42826296059927943	0.1382127344630091	LPCAT3	0.26961973	False
4516	3.0985781611454812	0.42826296059927943	0.1382127344630091	C1S	0.26961973	False
4517	3.0985781611454812	0.42826296059927943	0.1382127344630091	C1R	0.26961973	False
4518	3.0985781611454812	0.42826296059927943	0.1382127344630091	C1RL	0.26961973	False
4519	3.179344996930564	0.48853450264257964	0.15365885209507799	C1RL-AS1	0.2696201	False
4520	3.179344996930564	0.48853450264257964	0.15365885209507799	RBP5	0.2696201	False
4521	3.179344996930564	0.48853450264257964	0.15365885209507799	CLSTN3	0.2696201	False
4522	3.179344996930564	0.48853450264257964	0.15365885209507799	PEX5	0.2696201	False
4523	3.179344996930564	0.48853450264257964	0.15365885209507799	ACSM4	0.2696201	False
4524	3.179344996930564	0.48853450264257964	0.15365885209507799	CD163L1	0.2696201	False
4525	3.179344996930564	0.48853450264257964	0.15365885209507799	CD163	0.2696201	False
4526	3.179344996930564	0.48853450264257964	0.15365885209507799	APOBEC1	0.2696201	False
4527	3.179344996930564	0.48853450264257964	0.15365885209507799	GDF3	0.2696201	False
4528	3.179344996930564	0.48853450264257964	0.15365885209507799	DPPA3	0.2696201	False
4529	3.179344996930564	0.48853450264257964	0.15365885209507799	CLEC4C	0.2696201	False
4530	3.179344996930564	0.48853450264257964	0.15365885209507799	NANOGNB	0.2696201	False
4531	3.179344996930564	0.48853450264257964	0.15365885209507799	NANOG	0.2696201	False
4532	3.179344996930564	0.48853450264257964	0.15365885209507799	SLC2A14	0.2696201	False
4533	2.972561418243816	0.4228573895110956	0.14225354164790277	SLC2A3	0.2696195	False
4534	2.972561418243816	0.4228573895110956	0.14225354164790277	FOXJ2	0.2696195	False
4535	2.972561418243816	0.4228573895110956	0.14225354164790277	C3AR1	0.2696195	False
4536	2.972561418243816	0.4228573895110956	0.14225354164790277	NECAP1	0.2696195	False
4537	2.9148300533577465	0.4866566247573342	0.16695883322484917	CLEC4A	0.26961973	False
4538	2.9148300533577465	0.4866566247573342	0.16695883322484917	ZNF705A	0.26961973	False
4539	2.9148300533577465	0.4866566247573342	0.16695883322484917	FAM66C	0.26961973	False
4540	2.9148300533577465	0.4866566247573342	0.16695883322484917	FAM90A1	0.26961973	False
4541	2.9148300533577465	0.4866566247573342	0.16695883322484917	LINC02449	0.26961973	False
4542	2.9148300533577465	0.4866566247573342	0.16695883322484917	LINC00937	0.26961973	False
4543	2.9148300533577465	0.4866566247573342	0.16695883322484917	CLEC6A	0.26961973	False
4544	2.9148300533577465	0.4866566247573342	0.16695883322484917	CLEC4D	0.26961973	False
4545	2.9148300533577465	0.4866566247573342	0.16695883322484917	CLEC4E	0.26961973	False
4546	2.9148300533577465	0.4866566247573342	0.16695883322484917	AICDA	0.26961973	False
4547	2.9148300533577465	0.4866566247573342	0.16695883322484917	MFAP5	0.26961973	False
4548	2.9148300533577465	0.4866566247573342	0.16695883322484917	RIMKLB	0.26961973	False
4549	2.9148300533577465	0.4866566247573342	0.16695883322484917	A2ML1	0.26961973	False
4550	2.804913041460461	0.46598394345175015	0.16613133332972127	PHC1	0.26961955	False
4551	2.804913041460461	0.46598394345175015	0.16613133332972127	M6PR	0.26961955	False
4552	2.804913041460461	0.46598394345175015	0.16613133332972127	KLRG1	0.26961955	False
4553	2.804913041460461	0.46598394345175015	0.16613133332972127	LINC00612	0.26961955	False
4554	2.804913041460461	0.46598394345175015	0.16613133332972127	A2M-AS1	0.26961955	False
4555	2.804913041460461	0.46598394345175015	0.16613133332972127	A2M	0.26961955	False
4556	3.0712794851632297	0.7958982992518383	0.25914225751732217	SLCO1B3	0.26962128	False
4557	3.0712794851632297	0.7958982992518383	0.25914225751732217	SLCO1B7	0.26962128	False
4558	3.4089382354848268	1.2526449141739897	0.36745896453469645	SLCO1B1	0.26962483	False
4559	3.4089382354848268	1.2526449141739897	0.36745896453469645	SLCO1A2	0.26962483	False
4560	3.4089382354848268	1.2526449141739897	0.36745896453469645	IAPP	0.26962483	False
4561	3.4089382354848268	1.2526449141739897	0.36745896453469645	PYROXD1	0.26962483	False
4562	3.4089382354848268	1.2526449141739897	0.36745896453469645	RECQL	0.26962483	False
4563	3.4089382354848268	1.2526449141739897	0.36745896453469645	GOLT1B	0.26962483	False
4564	3.4089382354848268	1.2526449141739897	0.36745896453469645	SPX	0.26962483	False
4565	3.4089382354848268	1.2526449141739897	0.36745896453469645	GYS2	0.26962483	False
4566	3.4089382354848268	1.2526449141739897	0.36745896453469645	LDHB	0.26962483	False
4567	3.4089382354848268	1.2526449141739897	0.36745896453469645	KCNJ8	0.26962483	False
4568	3.147268370659697	0.8915536640952332	0.2832785638513423	ABCC9	0.26962197	False
4569	3.147268370659697	0.8915536640952332	0.2832785638513423	CMAS	0.26962197	False
4570	3.147268370659697	0.8915536640952332	0.2832785638513423	ST8SIA1	0.26962197	False
4571	3.2032254076369764	1.0361419141053163	0.3234683115446688	C2CD5	0.2696228	False
4572	3.2032254076369764	1.0361419141053163	0.3234683115446688	LOC105369691	0.2696228	False
4573	3.2032254076369764	1.0361419141053163	0.3234683115446688	ETNK1	0.2696228	False
4574	3.0168246622063686	0.7250337526723225	0.24033009334459157	BHLHE41	0.26962075	False
4575	3.0168246622063686	0.7250337526723225	0.24033009334459157	SSPN	0.26962075	False
4576	3.0168246622063686	0.7250337526723225	0.24033009334459157	ITPR2	0.26962075	False
4577	2.8945400384827233	0.5482837670206026	0.18941999755788663	NELL2	0.2696198	False
4578	2.8945400384827233	0.5482837670206026	0.18941999755788663	DBX2	0.2696198	False
4579	3.2152026777669733	0.8247751088956724	0.25652352014974567	ANO6	0.2696217	False
4580	3.2152026777669733	0.8247751088956724	0.25652352014974567	LINC00938	0.2696217	False
4581	3.138683725818479	0.6354789287501077	0.20246669759132643	ARID2	0.2696207	False
4582	3.138683725818479	0.6354789287501077	0.20246669759132643	SCAF11	0.2696207	False
4583	3.3215370030263416	0.7658190248361869	0.23056164183582137	SLC38A1	0.2696219	False
4584	3.3215370030263416	0.7658190248361869	0.23056164183582137	SLC38A2	0.2696219	False
4585	3.3215370030263416	0.7658190248361869	0.23056164183582137	LOC100288798	0.2696219	False
4586	3.3215370030263416	0.7658190248361869	0.23056164183582137	SLC38A4	0.2696219	False
4587	3.126435428023415	0.5278770202804163	0.16884309061650732	AMIGO2	0.2696202	False
4588	3.126435428023415	0.5278770202804163	0.16884309061650732	PCED1B	0.2696202	False
4589	3.023605349067354	0.46945993281158	0.15526494982435032	MIR4698	0.26961973	False
4590	3.023605349067354	0.46945993281158	0.15526494982435032	PCED1B-AS1	0.26961973	False
4591	3.023605349067354	0.46945993281158	0.15526494982435032	MIR4494	0.26961973	False
4592	3.023605349067354	0.46945993281158	0.15526494982435032	RPAP3	0.26961973	False
4593	3.023605349067354	0.46945993281158	0.15526494982435032	ENDOU	0.26961973	False
4594	3.023605349067354	0.46945993281158	0.15526494982435032	RAPGEF3	0.26961973	False
4595	3.023605349067354	0.46945993281158	0.15526494982435032	SLC48A1	0.26961973	False
4596	3.023605349067354	0.46945993281158	0.15526494982435032	HDAC7	0.26961973	False
4597	2.9537335956570825	0.36997246507523607	0.12525586790197057	VDR	0.26961908	False
4598	2.9537335956570825	0.36997246507523607	0.12525586790197057	TMEM106C	0.26961908	False
4599	2.9537335956570825	0.36997246507523607	0.12525586790197057	COL2A1	0.26961908	False
4600	2.9537335956570825	0.36997246507523607	0.12525586790197057	SENP1	0.26961908	False
4601	2.879954388002781	0.363279860797775	0.1261408383101879	PFKM	0.26961902	False
4602	2.879954388002781	0.363279860797775	0.1261408383101879	MIR6505	0.26961902	False
4603	2.879954388002781	0.363279860797775	0.1261408383101879	ASB8	0.26961902	False
4604	2.879954388002781	0.363279860797775	0.1261408383101879	CCDC184	0.26961902	False
4605	2.879954388002781	0.363279860797775	0.1261408383101879	OR10AD1	0.26961902	False
4606	2.879954388002781	0.363279860797775	0.1261408383101879	H1FNT	0.26961902	False
4607	2.879954388002781	0.363279860797775	0.1261408383101879	ZNF641	0.26961902	False
4608	2.879954388002781	0.363279860797775	0.1261408383101879	ANP32D	0.26961902	False
4609	2.879954388002781	0.363279860797775	0.1261408383101879	C12orf54	0.26961902	False
4610	2.879954388002781	0.363279860797775	0.1261408383101879	OR8S1	0.26961902	False
4611	2.879954388002781	0.363279860797775	0.1261408383101879	LALBA	0.26961902	False
4612	2.879954388002781	0.363279860797775	0.1261408383101879	KANSL2	0.26961902	False
4613	2.879954388002781	0.363279860797775	0.1261408383101879	SNORA2C	0.26961902	False
4614	2.879954388002781	0.363279860797775	0.1261408383101879	SNORA2A	0.26961902	False
4615	2.879954388002781	0.363279860797775	0.1261408383101879	SNORA2B	0.26961902	False
4616	2.879954388002781	0.363279860797775	0.1261408383101879	CCNT1	0.26961902	False
4617	2.879954388002781	0.363279860797775	0.1261408383101879	TEX49	0.26961902	False
4618	2.879954388002781	0.363279860797775	0.1261408383101879	ADCY6	0.26961902	False
4619	2.879954388002781	0.363279860797775	0.1261408383101879	MIR4701	0.26961902	False
4620	2.879954388002781	0.363279860797775	0.1261408383101879	LOC100506125	0.26961902	False
4621	2.879954388002781	0.363279860797775	0.1261408383101879	CACNB3	0.26961902	False
4622	2.879954388002781	0.363279860797775	0.1261408383101879	DDX23	0.26961902	False
4623	2.879954388002781	0.363279860797775	0.1261408383101879	RND1	0.26961902	False
4624	2.8556224184422963	0.31433442163431863	0.11007562470593849	ARF3	0.26961872	False
4625	2.8556224184422963	0.31433442163431863	0.11007562470593849	CCDC65	0.26961872	False
4626	2.8556224184422963	0.31433442163431863	0.11007562470593849	FKBP11	0.26961872	False
4627	2.8556224184422963	0.31433442163431863	0.11007562470593849	WNT10B	0.26961872	False
4628	2.8556224184422963	0.31433442163431863	0.11007562470593849	WNT1	0.26961872	False
4629	2.8556224184422963	0.31433442163431863	0.11007562470593849	DDN	0.26961872	False
4630	2.8556224184422963	0.31433442163431863	0.11007562470593849	PRKAG1	0.26961872	False
4631	2.8556224184422963	0.31433442163431863	0.11007562470593849	KMT2D	0.26961872	False
4632	2.8556224184422963	0.31433442163431863	0.11007562470593849	RHEBL1	0.26961872	False
4633	2.8556224184422963	0.31433442163431863	0.11007562470593849	DHH	0.26961872	False
4634	2.8556224184422963	0.31433442163431863	0.11007562470593849	LMBR1L	0.26961872	False
4635	2.839621122533106	0.3433791283520697	0.12092427599839646	TUBA1B	0.26961887	False
4636	2.839621122533106	0.3433791283520697	0.12092427599839646	TUBA1A	0.26961887	False
4637	2.839621122533106	0.3433791283520697	0.12092427599839646	TUBA1C	0.26961887	False
4638	2.839621122533106	0.3433791283520697	0.12092427599839646	LOC101927267	0.26961887	False
4639	2.839621122533106	0.3433791283520697	0.12092427599839646	PRPH	0.26961887	False
4640	2.839621122533106	0.3433791283520697	0.12092427599839646	TROAP	0.26961887	False
4641	2.839621122533106	0.3433791283520697	0.12092427599839646	C1QL4	0.26961887	False
4642	2.839621122533106	0.3433791283520697	0.12092427599839646	DNAJC22	0.26961887	False
4643	2.839621122533106	0.3433791283520697	0.12092427599839646	SPATS2	0.26961887	False
4644	2.839621122533106	0.3433791283520697	0.12092427599839646	KCNH3	0.26961887	False
4645	2.839621122533106	0.3433791283520697	0.12092427599839646	MCRS1	0.26961887	False
4646	2.839621122533106	0.3433791283520697	0.12092427599839646	PRPF40B	0.26961887	False
4647	2.839621122533106	0.3433791283520697	0.12092427599839646	FAM186B	0.26961887	False
4648	2.839621122533106	0.3433791283520697	0.12092427599839646	FMNL3	0.26961887	False
4649	2.839621122533106	0.3433791283520697	0.12092427599839646	TMBIM6	0.26961887	False
4650	2.839621122533106	0.3433791283520697	0.12092427599839646	NCKAP5L	0.26961887	False
4651	2.839621122533106	0.3433791283520697	0.12092427599839646	BCDIN3D-AS1	0.26961887	False
4652	2.839621122533106	0.3433791283520697	0.12092427599839646	BCDIN3D	0.26961887	False
4653	2.7254618299605076	0.25964162275287644	0.09526518401347	FAIM2	0.26961845	False
4654	2.7254618299605076	0.25964162275287644	0.09526518401347	LINC02396	0.26961845	False
4655	2.7254618299605076	0.25964162275287644	0.09526518401347	LINC02395	0.26961845	False
4656	2.7254618299605076	0.25964162275287644	0.09526518401347	AQP2	0.26961845	False
4657	2.7254618299605076	0.25964162275287644	0.09526518401347	LOC101927318	0.26961845	False
4658	2.7254618299605076	0.25964162275287644	0.09526518401347	AQP5	0.26961845	False
4659	2.7254618299605076	0.25964162275287644	0.09526518401347	AQP6	0.26961845	False
4660	2.7254618299605076	0.25964162275287644	0.09526518401347	RACGAP1	0.26961845	False
4661	2.7254618299605076	0.25964162275287644	0.09526518401347	ASIC1	0.26961845	False
4662	2.7254618299605076	0.25964162275287644	0.09526518401347	SMARCD1	0.26961845	False
4663	2.76229505906242	0.2881190038897648	0.10430420998818221	GPD1	0.26961857	False
4664	2.76229505906242	0.2881190038897648	0.10430420998818221	COX14	0.26961857	False
4665	2.76229505906242	0.2881190038897648	0.10430420998818221	CERS5	0.26961857	False
4666	2.76229505906242	0.2881190038897648	0.10430420998818221	LIMA1	0.26961857	False
4667	2.76229505906242	0.2881190038897648	0.10430420998818221	MIR1293	0.26961857	False
4668	2.76229505906242	0.2881190038897648	0.10430420998818221	FAM186A	0.26961857	False
4669	2.76229505906242	0.2881190038897648	0.10430420998818221	LARP4	0.26961857	False
4670	2.76229505906242	0.2881190038897648	0.10430420998818221	DIP2B	0.26961857	False
4671	2.76229505906242	0.2881190038897648	0.10430420998818221	ATF1	0.26961857	False
4672	2.76229505906242	0.2881190038897648	0.10430420998818221	TMPRSS12	0.26961857	False
4673	2.7134851192955916	0.2315040128846518	0.08531611662007169	METTL7A	0.26961827	False
4674	2.7134851192955916	0.2315040128846518	0.08531611662007169	HIGD1C	0.26961827	False
4675	2.7134851192955916	0.2315040128846518	0.08531611662007169	SLC11A2	0.26961827	False
4676	2.7134851192955916	0.2315040128846518	0.08531611662007169	LETMD1	0.26961827	False
4677	2.7134851192955916	0.2315040128846518	0.08531611662007169	CSRNP2	0.26961827	False
4678	2.7134851192955916	0.2315040128846518	0.08531611662007169	TFCP2	0.26961827	False
4679	2.690441170014966	0.24049945881739976	0.08939034292880002	POU6F1	0.26961827	False
4680	2.690441170014966	0.24049945881739976	0.08939034292880002	DAZAP2	0.26961827	False
4681	2.690441170014966	0.24049945881739976	0.08939034292880002	SMAGP	0.26961827	False
4682	2.690441170014966	0.24049945881739976	0.08939034292880002	BIN2	0.26961827	False
4683	2.690441170014966	0.24049945881739976	0.08939034292880002	CELA1	0.26961827	False
4684	2.690441170014966	0.24049945881739976	0.08939034292880002	GALNT6	0.26961827	False
4685	2.690441170014966	0.24049945881739976	0.08939034292880002	SLC4A8	0.26961827	False
4686	2.690441170014966	0.24049945881739976	0.08939034292880002	SCN8A	0.26961827	False
4687	2.690441170014966	0.24049945881739976	0.08939034292880002	ANKRD33	0.26961827	False
4688	2.669892584954334	0.21307050857847834	0.07980489918553137	ACVRL1	0.2696181	False
4689	2.669892584954334	0.21307050857847834	0.07980489918553137	ACVR1B	0.2696181	False
4690	2.669892584954334	0.21307050857847834	0.07980489918553137	GRASP	0.2696181	False
4691	2.669892584954334	0.21307050857847834	0.07980489918553137	NR4A1	0.2696181	False
4692	2.669892584954334	0.21307050857847834	0.07980489918553137	ATG101	0.2696181	False
4693	2.669892584954334	0.21307050857847834	0.07980489918553137	OR7E47P	0.2696181	False
4694	2.79427062574387	0.2708536256755945	0.09693178004313374	KRT8	0.26961848	False
4695	2.79427062574387	0.2708536256755945	0.09693178004313374	KRT18	0.26961848	False
4696	2.79427062574387	0.2708536256755945	0.09693178004313374	EIF4B	0.26961848	False
4697	2.79427062574387	0.2708536256755945	0.09693178004313374	LOC283335	0.26961848	False
4698	2.79427062574387	0.2708536256755945	0.09693178004313374	TNS2	0.26961848	False
4699	2.79427062574387	0.2708536256755945	0.09693178004313374	MIR6757	0.26961848	False
4700	2.79427062574387	0.2708536256755945	0.09693178004313374	SPRYD3	0.26961848	False
4701	2.79427062574387	0.2708536256755945	0.09693178004313374	IGFBP6	0.26961848	False
4702	2.9368904485868192	0.36777649897485043	0.12522649564671984	SOAT2	0.26961905	False
4703	2.9368904485868192	0.36777649897485043	0.12522649564671984	CSAD	0.26961905	False
4704	2.9368904485868192	0.36777649897485043	0.12522649564671984	ZNF740	0.26961905	False
4705	2.9368904485868192	0.36777649897485043	0.12522649564671984	ITGB7	0.26961905	False
4706	2.9368904485868192	0.36777649897485043	0.12522649564671984	RARG	0.26961905	False
4707	2.9368904485868192	0.36777649897485043	0.12522649564671984	MFSD5	0.26961905	False
4708	2.9368904485868192	0.36777649897485043	0.12522649564671984	ESPL1	0.26961905	False
4709	2.9368904485868192	0.36777649897485043	0.12522649564671984	PFDN5	0.26961905	False
4710	2.9368904485868192	0.36777649897485043	0.12522649564671984	C12orf10	0.26961905	False
4711	2.9368904485868192	0.36777649897485043	0.12522649564671984	AAAS	0.26961905	False
4712	2.9368904485868192	0.36777649897485043	0.12522649564671984	SP7	0.26961905	False
4713	2.9368904485868192	0.36777649897485043	0.12522649564671984	SP1	0.26961905	False
4714	2.9368904485868192	0.36777649897485043	0.12522649564671984	AMHR2	0.26961905	False
4715	2.9368904485868192	0.36777649897485043	0.12522649564671984	PRR13	0.26961905	False
4716	2.9368904485868192	0.36777649897485043	0.12522649564671984	PCBP2	0.26961905	False
4717	2.9368904485868192	0.36777649897485043	0.12522649564671984	PCBP2-OT1	0.26961905	False
4718	2.9368904485868192	0.36777649897485043	0.12522649564671984	MAP3K12	0.26961905	False
4719	2.9368904485868192	0.36777649897485043	0.12522649564671984	TARBP2	0.26961905	False
4720	2.9368904485868192	0.36777649897485043	0.12522649564671984	NPFF	0.26961905	False
4721	2.9368904485868192	0.36777649897485043	0.12522649564671984	ATF7	0.26961905	False
4722	2.9368904485868192	0.36777649897485043	0.12522649564671984	LOC100652999	0.26961905	False
4723	2.9368904485868192	0.36777649897485043	0.12522649564671984	ATP5MC2	0.26961905	False
4724	2.9368904485868192	0.36777649897485043	0.12522649564671984	CALCOCO1	0.26961905	False
4725	2.9368904485868192	0.36777649897485043	0.12522649564671984	CISTR	0.26961905	False
4726	3.097835750464036	0.3471428458124513	0.11205979715369077	HOXC13-AS	0.26961914	False
4727	3.097835750464036	0.3471428458124513	0.11205979715369077	HOXC13	0.26961914	False
4728	3.097835750464036	0.3471428458124513	0.11205979715369077	HOXC12	0.26961914	False
4729	3.097835750464036	0.3471428458124513	0.11205979715369077	HOTAIR	0.26961914	False
4730	3.097835750464036	0.3471428458124513	0.11205979715369077	HOXC11	0.26961914	False
4731	3.097835750464036	0.3471428458124513	0.11205979715369077	HOXC-AS3	0.26961914	False
4732	3.097835750464036	0.3471428458124513	0.11205979715369077	HOXC10	0.26961914	False
4733	3.097835750464036	0.3471428458124513	0.11205979715369077	HOXC5	0.26961914	False
4734	3.097835750464036	0.3471428458124513	0.11205979715369077	HOXC6	0.26961914	False
4735	3.097835750464036	0.3471428458124513	0.11205979715369077	MIR196A2	0.26961914	False
4736	3.097835750464036	0.3471428458124513	0.11205979715369077	HOXC9	0.26961914	False
4737	3.097835750464036	0.3471428458124513	0.11205979715369077	HOXC-AS2	0.26961914	False
4738	3.097835750464036	0.3471428458124513	0.11205979715369077	HOXC-AS1	0.26961914	False
4739	3.097835750464036	0.3471428458124513	0.11205979715369077	HOXC8	0.26961914	False
4740	3.097835750464036	0.3471428458124513	0.11205979715369077	HOXC4	0.26961914	False
4741	3.097835750464036	0.3471428458124513	0.11205979715369077	MIR615	0.26961914	False
4742	3.097835750464036	0.3471428458124513	0.11205979715369077	FLJ12825	0.26961914	False
4743	3.2511101991148563	0.4330938754239737	0.13321414805991116	SMUG1	0.2696198	False
4744	3.2511101991148563	0.4330938754239737	0.13321414805991116	LINC02381	0.2696198	False
4745	3.2511101991148563	0.4330938754239737	0.13321414805991116	CBX5	0.2696198	False
4746	3.2511101991148563	0.4330938754239737	0.13321414805991116	MIR3198-2	0.2696198	False
4747	3.2511101991148563	0.4330938754239737	0.13321414805991116	HNRNPA1	0.2696198	False
4748	3.2511101991148563	0.4330938754239737	0.13321414805991116	NFE2	0.2696198	False
4749	3.2511101991148563	0.4330938754239737	0.13321414805991116	COPZ1	0.2696198	False
4750	3.2511101991148563	0.4330938754239737	0.13321414805991116	MIR148B	0.2696198	False
4751	3.2511101991148563	0.4330938754239737	0.13321414805991116	LOC102724050	0.2696198	False
4752	3.2511101991148563	0.4330938754239737	0.13321414805991116	GPR84	0.2696198	False
4753	3.2511101991148563	0.4330938754239737	0.13321414805991116	ZNF385A	0.2696198	False
4754	3.2511101991148563	0.4330938754239737	0.13321414805991116	ITGA5	0.2696198	False
4755	3.2511101991148563	0.4330938754239737	0.13321414805991116	GTSF1	0.2696198	False
4756	3.2511101991148563	0.4330938754239737	0.13321414805991116	NCKAP1L	0.2696198	False
4757	3.2511101991148563	0.4330938754239737	0.13321414805991116	PDE1B	0.2696198	False
4758	3.2511101991148563	0.4330938754239737	0.13321414805991116	PPP1R1A	0.2696198	False
4759	3.2511101991148563	0.4330938754239737	0.13321414805991116	LACRT	0.2696198	False
4760	3.2511101991148563	0.4330938754239737	0.13321414805991116	DCD	0.2696198	False
4761	3.2511101991148563	0.4330938754239737	0.13321414805991116	MUCL1	0.2696198	False
4762	3.523308178385339	0.4449343562397227	0.12628312191629718	TESPA1	0.26962036	False
4763	3.523308178385339	0.4449343562397227	0.12628312191629718	NEUROD4	0.26962036	False
4764	3.832445059167636	0.6116087592364265	0.15958709121566927	OR9K2	0.2696222	False
4765	3.832445059167636	0.6116087592364265	0.15958709121566927	OR10A7	0.2696222	False
4766	3.832445059167636	0.6116087592364265	0.15958709121566927	OR6C74	0.2696222	False
4767	3.832445059167636	0.6116087592364265	0.15958709121566927	OR6C6	0.2696222	False
4768	3.832445059167636	0.6116087592364265	0.15958709121566927	OR6C1	0.2696222	False
4769	3.832445059167636	0.6116087592364265	0.15958709121566927	OR6C3	0.2696222	False
4770	3.832445059167636	0.6116087592364265	0.15958709121566927	OR6C75	0.2696222	False
4771	3.832445059167636	0.6116087592364265	0.15958709121566927	OR6C65	0.2696222	False
4772	3.832445059167636	0.6116087592364265	0.15958709121566927	OR6C76	0.2696222	False
4773	3.832445059167636	0.6116087592364265	0.15958709121566927	OR6C2	0.2696222	False
4774	3.832445059167636	0.6116087592364265	0.15958709121566927	OR6C70	0.2696222	False
4775	3.832445059167636	0.6116087592364265	0.15958709121566927	OR6C68	0.2696222	False
4776	3.832445059167636	0.6116087592364265	0.15958709121566927	OR6C4	0.2696222	False
4777	3.832445059167636	0.6116087592364265	0.15958709121566927	OR2AP1	0.2696222	False
4778	3.832445059167636	0.6116087592364265	0.15958709121566927	OR10P1	0.2696222	False
4779	3.832445059167636	0.6116087592364265	0.15958709121566927	METTL7B	0.2696222	False
4780	3.832445059167636	0.6116087592364265	0.15958709121566927	ITGA7	0.2696222	False
4781	3.832445059167636	0.6116087592364265	0.15958709121566927	BLOC1S1-RDH5	0.2696222	False
4782	3.832445059167636	0.6116087592364265	0.15958709121566927	BLOC1S1	0.2696222	False
4783	3.832445059167636	0.6116087592364265	0.15958709121566927	RDH5	0.2696222	False
4784	3.832445059167636	0.6116087592364265	0.15958709121566927	CD63	0.2696222	False
4785	3.832445059167636	0.6116087592364265	0.15958709121566927	GDF11	0.2696222	False
4786	3.832445059167636	0.6116087592364265	0.15958709121566927	SARNP	0.2696222	False
4787	3.832445059167636	0.6116087592364265	0.15958709121566927	DNAJC14	0.2696222	False
4788	3.832445059167636	0.6116087592364265	0.15958709121566927	ORMDL2	0.2696222	False
4789	3.832445059167636	0.6116087592364265	0.15958709121566927	MMP19	0.2696222	False
4790	3.892565003744607	0.6084606786041115	0.15631355623317236	PYM1	0.26962215	False
4791	3.892565003744607	0.6084606786041115	0.15631355623317236	DGKA	0.26962215	False
4792	3.892565003744607	0.6084606786041115	0.15631355623317236	PMEL	0.26962215	False
4793	3.892565003744607	0.6084606786041115	0.15631355623317236	CDK2	0.26962215	False
4794	3.892565003744607	0.6084606786041115	0.15631355623317236	RAB5B	0.26962215	False
4795	3.892565003744607	0.6084606786041115	0.15631355623317236	SUOX	0.26962215	False
4796	3.892565003744607	0.6084606786041115	0.15631355623317236	IKZF4	0.26962215	False
4797	3.892565003744607	0.6084606786041115	0.15631355623317236	RPS26	0.26962215	False
4798	3.892565003744607	0.6084606786041115	0.15631355623317236	ERBB3	0.26962215	False
4799	4.096758838889876	0.813065393264717	0.19846552487942842	PA2G4	0.26962453	False
4800	4.096758838889876	0.813065393264717	0.19846552487942842	RPL41	0.26962453	False
4801	4.096758838889876	0.813065393264717	0.19846552487942842	ZC3H10	0.26962453	False
4802	4.096758838889876	0.813065393264717	0.19846552487942842	ESYT1	0.26962453	False
4803	4.096758838889876	0.813065393264717	0.19846552487942842	MYL6B	0.26962453	False
4804	4.096758838889876	0.813065393264717	0.19846552487942842	MYL6	0.26962453	False
4805	4.096758838889876	0.813065393264717	0.19846552487942842	SMARCC2	0.26962453	False
4806	4.096758838889876	0.813065393264717	0.19846552487942842	RNF41	0.26962453	False
4807	4.096758838889876	0.813065393264717	0.19846552487942842	NABP2	0.26962453	False
4808	4.096758838889876	0.813065393264717	0.19846552487942842	SLC39A5	0.26962453	False
4809	4.096758838889876	0.813065393264717	0.19846552487942842	ANKRD52	0.26962453	False
4810	4.096758838889876	0.813065393264717	0.19846552487942842	COQ10A	0.26962453	False
4811	4.096758838889876	0.813065393264717	0.19846552487942842	CS	0.26962453	False
4812	4.096758838889876	0.813065393264717	0.19846552487942842	CNPY2	0.26962453	False
4813	4.096758838889876	0.813065393264717	0.19846552487942842	PAN2	0.26962453	False
4814	4.096758838889876	0.813065393264717	0.19846552487942842	IL23A	0.26962453	False
4815	4.096758838889876	0.813065393264717	0.19846552487942842	STAT2	0.26962453	False
4816	4.096758838889876	0.813065393264717	0.19846552487942842	APOF	0.26962453	False
4817	4.096758838889876	0.813065393264717	0.19846552487942842	TIMELESS	0.26962453	False
4818	4.096758838889876	0.813065393264717	0.19846552487942842	MIP	0.26962453	False
4819	4.096758838889876	0.813065393264717	0.19846552487942842	SPRYD4	0.26962453	False
4820	4.096758838889876	0.813065393264717	0.19846552487942842	GLS2	0.26962453	False
4821	4.096758838889876	0.813065393264717	0.19846552487942842	RBMS2	0.26962453	False
4822	4.096758838889876	0.813065393264717	0.19846552487942842	BAZ2A	0.26962453	False
4823	4.096758838889876	0.813065393264717	0.19846552487942842	ATP5F1B	0.26962453	False
4824	4.096758838889876	0.813065393264717	0.19846552487942842	SNORD59A	0.26962453	False
4825	4.096758838889876	0.813065393264717	0.19846552487942842	PTGES3	0.26962453	False
4826	4.096758838889876	0.813065393264717	0.19846552487942842	NACA	0.26962453	False
4827	4.096758838889876	0.813065393264717	0.19846552487942842	PRIM1	0.26962453	False
4828	4.096758838889876	0.813065393264717	0.19846552487942842	HSD17B6	0.26962453	False
4829	3.9091561500363596	0.712355764782597	0.18222750318530287	SDR9C7	0.2696233	False
4830	3.9091561500363596	0.712355764782597	0.18222750318530287	RDH16	0.2696233	False
4831	3.9091561500363596	0.712355764782597	0.18222750318530287	GPR182	0.2696233	False
4832	3.9091561500363596	0.712355764782597	0.18222750318530287	ZBTB39	0.2696233	False
4833	3.9091561500363596	0.712355764782597	0.18222750318530287	TAC3	0.2696233	False
4834	3.9091561500363596	0.712355764782597	0.18222750318530287	MYO1A	0.2696233	False
4835	3.9091561500363596	0.712355764782597	0.18222750318530287	NEMP1	0.2696233	False
4836	3.9091561500363596	0.712355764782597	0.18222750318530287	NAB2	0.2696233	False
4837	3.9091561500363596	0.712355764782597	0.18222750318530287	STAT6	0.2696233	False
4838	3.9742250749731243	0.8534484107310807	0.21474586734040274	LRP1	0.2696245	False
4839	3.9742250749731243	0.8534484107310807	0.21474586734040274	LRP1-AS	0.2696245	False
4840	3.9742250749731243	0.8534484107310807	0.21474586734040274	MIR1228	0.2696245	False
4841	3.9742250749731243	0.8534484107310807	0.21474586734040274	NXPH4	0.2696245	False
4842	3.9742250749731243	0.8534484107310807	0.21474586734040274	SHMT2	0.2696245	False
4843	3.9742250749731243	0.8534484107310807	0.21474586734040274	NDUFA4L2	0.2696245	False
4844	3.9742250749731243	0.8534484107310807	0.21474586734040274	STAC3	0.2696245	False
4845	3.9742250749731243	0.8534484107310807	0.21474586734040274	R3HDM2	0.2696245	False
4846	3.9742250749731243	0.8534484107310807	0.21474586734040274	INHBC	0.2696245	False
4847	3.9742250749731243	0.8534484107310807	0.21474586734040274	INHBE	0.2696245	False
4848	3.9742250749731243	0.8534484107310807	0.21474586734040274	GLI1	0.2696245	False
4849	3.9742250749731243	0.8534484107310807	0.21474586734040274	ARHGAP9	0.2696245	False
4850	3.9742250749731243	0.8534484107310807	0.21474586734040274	MARS	0.2696245	False
4851	3.9742250749731243	0.8534484107310807	0.21474586734040274	MIR6758	0.2696245	False
4852	3.9742250749731243	0.8534484107310807	0.21474586734040274	DDIT3	0.2696245	False
4853	3.9742250749731243	0.8534484107310807	0.21474586734040274	MIR616	0.2696245	False
4854	3.9742250749731243	0.8534484107310807	0.21474586734040274	MBD6	0.2696245	False
4855	3.9742250749731243	0.8534484107310807	0.21474586734040274	DCTN2	0.2696245	False
4856	3.9742250749731243	0.8534484107310807	0.21474586734040274	KIF5A	0.2696245	False
4857	3.9742250749731243	0.8534484107310807	0.21474586734040274	PIP4K2C	0.2696245	False
4858	3.9742250749731243	0.8534484107310807	0.21474586734040274	DTX3	0.2696245	False
4859	3.9742250749731243	0.8534484107310807	0.21474586734040274	ARHGEF25	0.2696245	False
4860	3.9742250749731243	0.8534484107310807	0.21474586734040274	SLC26A10	0.2696245	False
4861	3.9742250749731243	0.8534484107310807	0.21474586734040274	B4GALNT1	0.2696245	False
4862	3.9742250749731243	0.8534484107310807	0.21474586734040274	OS9	0.2696245	False
4863	3.9742250749731243	0.8534484107310807	0.21474586734040274	AGAP2	0.2696245	False
4864	3.9742250749731243	0.8534484107310807	0.21474586734040274	AGAP2-AS1	0.2696245	False
4865	3.9742250749731243	0.8534484107310807	0.21474586734040274	TSPAN31	0.2696245	False
4866	3.9742250749731243	0.8534484107310807	0.21474586734040274	CDK4	0.2696245	False
4867	3.9742250749731243	0.8534484107310807	0.21474586734040274	MARCH9	0.2696245	False
4868	3.9742250749731243	0.8534484107310807	0.21474586734040274	CYP27B1	0.2696245	False
4869	3.9742250749731243	0.8534484107310807	0.21474586734040274	METTL1	0.2696245	False
4870	3.9742250749731243	0.8534484107310807	0.21474586734040274	EEF1AKMT3	0.2696245	False
4871	3.9742250749731243	0.8534484107310807	0.21474586734040274	TSFM	0.2696245	False
4872	3.9742250749731243	0.8534484107310807	0.21474586734040274	AVIL	0.2696245	False
4873	3.9742250749731243	0.8534484107310807	0.21474586734040274	CTDSP2	0.2696245	False
4874	3.9742250749731243	0.8534484107310807	0.21474586734040274	MIR26A2	0.2696245	False
4875	3.336371441476102	0.567343818210118	0.17004815805494056	GIHCG	0.2696208	False
4876	3.336371441476102	0.567343818210118	0.17004815805494056	ATP23	0.2696208	False
4877	3.336371441476102	0.567343818210118	0.17004815805494056	LINC02403	0.2696208	False
4878	3.0356520709472243	0.5303221263743187	0.17469792781912608	LOC100506869	0.26961997	False
4879	3.0356520709472243	0.5303221263743187	0.17469792781912608	LINC02388	0.26961997	False
4880	3.0631674583144477	0.7094933477704068	0.23162081649979915	IFNG	0.26962098	False
4881	3.0631674583144477	0.7094933477704068	0.23162081649979915	IL26	0.26962098	False
4882	3.0631674583144477	0.7094933477704068	0.23162081649979915	IL22	0.26962098	False
4883	3.0631674583144477	0.7094933477704068	0.23162081649979915	MDM1	0.26962098	False
4884	3.0631674583144477	0.7094933477704068	0.23162081649979915	LINC02384	0.26962098	False
4885	3.0631674583144477	0.7094933477704068	0.23162081649979915	RAP1B	0.26962098	False
4886	3.0631674583144477	0.7094933477704068	0.23162081649979915	SNORA70G	0.26962098	False
4887	3.0631674583144477	0.7094933477704068	0.23162081649979915	LOC100507250	0.26962098	False
4888	3.0631674583144477	0.7094933477704068	0.23162081649979915	NUP107	0.26962098	False
4889	3.0631674583144477	0.7094933477704068	0.23162081649979915	SLC35E3	0.26962098	False
4890	3.0631674583144477	0.7094933477704068	0.23162081649979915	MDM2	0.26962098	False
4891	3.017339784215884	0.5982715317925069	0.19827781243668574	CPM	0.26962036	False
4892	3.1587249167185942	0.7447423559704013	0.23577309693180515	CPSF6	0.26962125	False
4893	3.1587249167185942	0.7447423559704013	0.23577309693180515	LYZ	0.26962125	False
4894	3.1587249167185942	0.7447423559704013	0.23577309693180515	YEATS4	0.26962125	False
4895	3.1587249167185942	0.7447423559704013	0.23577309693180515	FRS2	0.26962125	False
4896	3.1587249167185942	0.7447423559704013	0.23577309693180515	MIR3913-1	0.26962125	False
4897	3.1587249167185942	0.7447423559704013	0.23577309693180515	CCT2	0.26962125	False
4898	3.1587249167185942	0.7447423559704013	0.23577309693180515	LRRC10	0.26962125	False
4899	3.1587249167185942	0.7447423559704013	0.23577309693180515	BEST3	0.26962125	False
4900	3.1587249167185942	0.7447423559704013	0.23577309693180515	LOC101928002	0.26962125	False
4901	3.1587249167185942	0.7447423559704013	0.23577309693180515	RAB3IP	0.26962125	False
4902	2.981080156508357	0.5995466166491297	0.20111724112489457	MYRFL	0.26962024	False
4903	2.981080156508357	0.5995466166491297	0.20111724112489457	LINC01481	0.26962024	False
4904	2.993264767794393	0.6829940095003137	0.22817694473569153	CNOT2	0.2696207	False
4905	2.993264767794393	0.6829940095003137	0.22817694473569153	KCNMB4	0.2696207	False
4906	2.993264767794393	0.6829940095003137	0.22817694473569153	PTPRB	0.2696207	False
4907	2.9742002589764116	0.6958456525100963	0.23396059172880837	PTPRR	0.26962054	False
4908	3.179034059272178	1.1247457239931313	0.3538010927289768	LINC02444	0.26962316	False
4909	3.3591700445306394	1.285975113345489	0.38282525037376375	LOC100507377	0.26962474	False
4910	3.3591700445306394	1.285975113345489	0.38282525037376375	ATXN7L3B	0.26962474	False
4911	3.246463256072355	1.0392149853317791	0.32010680650334694	KCNC2	0.26962313	False
4912	3.434868988637916	1.3115672583828295	0.38183909276345546	CAPS2	0.26962528	False
4913	3.434868988637916	1.3115672583828295	0.38183909276345546	GLIPR1L1	0.26962528	False
4914	3.434868988637916	1.3115672583828295	0.38183909276345546	GLIPR1L2	0.26962528	False
4915	3.434868988637916	1.3115672583828295	0.38183909276345546	GLIPR1	0.26962528	False
4916	3.434868988637916	1.3115672583828295	0.38183909276345546	KRR1	0.26962528	False
4917	3.263510040860719	1.0375746651924216	0.3179321197733381	PHLDA1	0.26962328	False
4918	3.263510040860719	1.0375746651924216	0.3179321197733381	NAP1L1	0.26962328	False
4919	3.2620854367110086	1.0988338297471352	0.33685010741319893	BBS10	0.2696235	False
4920	3.2620854367110086	1.0988338297471352	0.33685010741319893	OSBPL8	0.2696235	False
4921	3.2620854367110086	1.0988338297471352	0.33685010741319893	ZDHHC17	0.2696235	False
4922	3.2620854367110086	1.0988338297471352	0.33685010741319893	CSRP2	0.2696235	False
4923	3.0661622856361235	0.7964332021321092	0.2597492004461455	E2F7	0.2696214	False
4924	3.246212647054146	1.1894994126397653	0.36642683088527955	OTOGL	0.26962364	False
4925	3.246212647054146	1.1894994126397653	0.36642683088527955	PTPRQ	0.26962364	False
4926	3.246212647054146	1.1894994126397653	0.36642683088527955	MYF6	0.26962364	False
4927	3.246212647054146	1.1894994126397653	0.36642683088527955	MYF5	0.26962364	False
4928	3.246212647054146	1.1894994126397653	0.36642683088527955	LINC01490	0.26962364	False
4929	3.246212647054146	1.1894994126397653	0.36642683088527955	MIR617	0.26962364	False
4930	3.387863995084665	1.2573163804522294	0.3711236290112077	C12orf50	0.26962474	False
4931	3.387863995084665	1.2573163804522294	0.3711236290112077	C12orf29	0.26962474	False
4932	3.387863995084665	1.2573163804522294	0.3711236290112077	CEP290	0.26962474	False
4933	3.5969940793458077	1.6665868800638646	0.4633276684088871	TMTC3	0.26962802	False
4934	3.5969940793458077	1.6665868800638646	0.4633276684088871	KITLG	0.26962802	False
4935	3.5380837425456093	1.4826801093611812	0.4190630344702951	LINC02458	0.26962668	False
4936	3.7239506327139735	1.890055120308355	0.507540326583466	DUSP6	0.2696301	False
4937	3.7239506327139735	1.890055120308355	0.507540326583466	POC1B	0.2696301	False
4938	3.7239506327139735	1.890055120308355	0.507540326583466	GALNT4	0.2696301	False
4939	3.7239506327139735	1.890055120308355	0.507540326583466	POC1B-GALNT4	0.2696301	False
4940	3.7239506327139735	1.890055120308355	0.507540326583466	ATP2B1	0.2696301	False
4941	3.7239506327139735	1.890055120308355	0.507540326583466	ATP2B1-AS1	0.2696301	False
4942	3.5093677119782782	1.3188824788465061	0.37581769341094046	LINC02399	0.26962557	False
4943	3.413072361040809	1.2642898541421759	0.3704257397451232	LINC02392	0.26962498	False
4944	3.3430987527410245	0.9781907707657582	0.29260002264777085	CCER1	0.2696231	False
4945	3.3430987527410245	0.9781907707657582	0.29260002264777085	LINC00615	0.2696231	False
4946	3.3430987527410245	0.9781907707657582	0.29260002264777085	EPYC	0.2696231	False
4947	3.3430987527410245	0.9781907707657582	0.29260002264777085	KERA	0.2696231	False
4948	3.350204849929014	0.9976154050591081	0.2977774344396421	LUM	0.26962316	False
4949	3.350204849929014	0.9976154050591081	0.2977774344396421	DCN	0.26962316	False
4950	3.2295738597551753	0.7825878127364977	0.24231921817568322	LINC01619	0.26962173	False
4951	3.2490194760207656	0.8732783247955935	0.26878211449355194	BTG1	0.26962224	False
4952	3.2490194760207656	0.8732783247955935	0.26878211449355194	LOC101928617	0.26962224	False
4953	3.2490194760207656	0.8732783247955935	0.26878211449355194	CLLU1OS	0.26962224	False
4954	3.2490194760207656	0.8732783247955935	0.26878211449355194	CLLU1	0.26962224	False
4955	3.2490194760207656	0.8732783247955935	0.26878211449355194	C12orf74	0.26962224	False
4956	3.2490194760207656	0.8732783247955935	0.26878211449355194	PLEKHG7	0.26962224	False
4957	3.110529104697335	0.6408104679216644	0.20601333289373527	EEA1	0.2696208	False
4958	3.110529104697335	0.6408104679216644	0.20601333289373527	LOC643339	0.2696208	False
4959	3.1016615531614824	0.62025994368654	0.19997666832937247	LINC02412	0.26962066	False
4960	3.1016615531614824	0.62025994368654	0.19997666832937247	NUDT4	0.26962066	False
4961	3.1016615531614824	0.62025994368654	0.19997666832937247	UBE2N	0.26962066	False
4962	3.1016615531614824	0.62025994368654	0.19997666832937247	MRPL42	0.26962066	False
4963	3.1016615531614824	0.62025994368654	0.19997666832937247	SOCS2-AS1	0.26962066	False
4964	3.1016615531614824	0.62025994368654	0.19997666832937247	SOCS2	0.26962066	False
4965	3.1016615531614824	0.62025994368654	0.19997666832937247	CRADD	0.26962066	False
4966	3.1016615531614824	0.62025994368654	0.19997666832937247	LOC101928731	0.26962066	False
4967	2.950675126491188	0.4685973194348568	0.15881020422336087	LOC105369911	0.26961964	False
4968	2.852434558343807	0.4356370330417165	0.15272463719366028	PLXNC1	0.26961923	False
4969	2.852434558343807	0.4356370330417165	0.15272463719366028	CEP83	0.26961923	False
4970	2.852434558343807	0.4356370330417165	0.15272463719366028	CEP83-DT	0.26961923	False
4971	2.852434558343807	0.4356370330417165	0.15272463719366028	MIR5700	0.26961923	False
4972	2.852434558343807	0.4356370330417165	0.15272463719366028	TMCC3	0.26961923	False
4973	2.852434558343807	0.4356370330417165	0.15272463719366028	MIR7844	0.26961923	False
4974	2.852434558343807	0.4356370330417165	0.15272463719366028	MIR492	0.26961923	False
4975	2.9444831333969033	0.5339033055179794	0.18132326840739676	PARPBP	0.26961982	False
4976	2.9444831333969033	0.5339033055179794	0.18132326840739676	PMCH	0.26961982	False
4977	2.9444831333969033	0.5339033055179794	0.18132326840739676	IGF1	0.26961982	False
4978	2.9444831333969033	0.5339033055179794	0.18132326840739676	LINC00485	0.26961982	False
4979	2.8287067486067183	0.4080886864391348	0.14426687624658838	PAH	0.26961917	False
4980	2.8287067486067183	0.4080886864391348	0.14426687624658838	ASCL1	0.26961917	False
4981	2.8079298195644893	0.37576685548197736	0.13382344988246853	HSP90B1	0.269619	False
4982	2.8079298195644893	0.37576685548197736	0.13382344988246853	MIR3652	0.269619	False
4983	2.8079298195644893	0.37576685548197736	0.13382344988246853	C12orf73	0.269619	False
4984	2.8079298195644893	0.37576685548197736	0.13382344988246853	TDG	0.269619	False
4985	2.8079298195644893	0.37576685548197736	0.13382344988246853	GLT8D2	0.269619	False
4986	2.8079298195644893	0.37576685548197736	0.13382344988246853	HCFC2	0.269619	False
4987	2.862178407074195	0.43429234466102856	0.15173489660449757	NFYB	0.26961935	False
4988	2.862178407074195	0.43429234466102856	0.15173489660449757	TXNRD1	0.26961935	False
4989	2.862178407074195	0.43429234466102856	0.15173489660449757	EID3	0.26961935	False
4990	2.862178407074195	0.43429234466102856	0.15173489660449757	CHST11	0.26961935	False
4991	2.862178407074195	0.43429234466102856	0.15173489660449757	MIR3922	0.26961935	False
4992	2.6648549366784247	0.21031004692735075	0.07891988566908227	SPPL3	0.26961806	False
4993	2.6648549366784247	0.21031004692735075	0.07891988566908227	HNF1A-AS1	0.26961806	False
4994	2.6648549366784247	0.21031004692735075	0.07891988566908227	HNF1A	0.26961806	False
4995	2.6648549366784247	0.21031004692735075	0.07891988566908227	C12orf43	0.26961806	False
4996	2.6648549366784247	0.21031004692735075	0.07891988566908227	OASL	0.26961806	False
4997	2.787639199831043	0.2618464730329046	0.09393126379080009	P2RX7	0.26961845	False
4998	2.787639199831043	0.2618464730329046	0.09393126379080009	P2RX4	0.26961845	False
4999	2.787639199831043	0.2618464730329046	0.09393126379080009	CAMKK2	0.26961845	False
5000	2.787639199831043	0.2618464730329046	0.09393126379080009	ANAPC5	0.26961845	False
5001	2.787639199831043	0.2618464730329046	0.09393126379080009	RNF34	0.26961845	False
5002	2.787639199831043	0.2618464730329046	0.09393126379080009	KDM2B	0.26961845	False
5003	2.787639199831043	0.2618464730329046	0.09393126379080009	MIR7107	0.26961845	False
5004	2.787639199831043	0.2618464730329046	0.09393126379080009	ORAI1	0.26961845	False
5005	2.787639199831043	0.2618464730329046	0.09393126379080009	MORN3	0.26961845	False
5006	2.787639199831043	0.2618464730329046	0.09393126379080009	TMEM120B	0.26961845	False
5007	2.787639199831043	0.2618464730329046	0.09393126379080009	RHOF	0.26961845	False
5008	2.787639199831043	0.2618464730329046	0.09393126379080009	LINC01089	0.26961845	False
5009	2.787639199831043	0.2618464730329046	0.09393126379080009	SETD1B	0.26961845	False
5010	2.787639199831043	0.2618464730329046	0.09393126379080009	HPD	0.26961845	False
5011	2.664803669091912	0.19008167655675037	0.07133046188784509	PSMD9	0.26961797	False
5012	2.664803669091912	0.19008167655675037	0.07133046188784509	WDR66	0.26961797	False
5013	2.664803669091912	0.19008167655675037	0.07133046188784509	BCL7A	0.26961797	False
5014	2.664803669091912	0.19008167655675037	0.07133046188784509	LOC100506691	0.26961797	False
5015	2.664803669091912	0.19008167655675037	0.07133046188784509	MLXIP	0.26961797	False
5016	2.6566461208427565	0.1988894208608726	0.07486485283097463	LRRC43	0.26961806	False
5017	2.6566461208427565	0.1988894208608726	0.07486485283097463	IL31	0.26961806	False
5018	2.6566461208427565	0.1988894208608726	0.07486485283097463	B3GNT4	0.26961806	False
5019	2.6566461208427565	0.1988894208608726	0.07486485283097463	DIABLO	0.26961806	False
5020	2.6566461208427565	0.1988894208608726	0.07486485283097463	VPS33A	0.26961806	False
5021	2.6566461208427565	0.1988894208608726	0.07486485283097463	CLIP1	0.26961806	False
5022	2.6566461208427565	0.1988894208608726	0.07486485283097463	CLIP1-AS1	0.26961806	False
5023	2.6566461208427565	0.1988894208608726	0.07486485283097463	ZCCHC8	0.26961806	False
5024	2.6566461208427565	0.1988894208608726	0.07486485283097463	RSRC2	0.26961806	False
5025	2.6566461208427565	0.1988894208608726	0.07486485283097463	KNTC1	0.26961806	False
5026	2.6566461208427565	0.1988894208608726	0.07486485283097463	HCAR2	0.26961806	False
5027	2.6566461208427565	0.1988894208608726	0.07486485283097463	HCAR3	0.26961806	False
5028	2.6566461208427565	0.1988894208608726	0.07486485283097463	HCAR1	0.26961806	False
5029	2.6566461208427565	0.1988894208608726	0.07486485283097463	DENR	0.26961806	False
5030	2.6566461208427565	0.1988894208608726	0.07486485283097463	CCDC62	0.26961806	False
5031	2.6566461208427565	0.1988894208608726	0.07486485283097463	HIP1R	0.26961806	False
5032	2.6566461208427565	0.1988894208608726	0.07486485283097463	VPS37B	0.26961806	False
5033	3.137695647389217	0.8763940099021538	0.27931135087349057	COL4A1	0.269622	False
5034	3.137695647389217	0.8763940099021538	0.27931135087349057	COL4A2	0.269622	False
5035	3.137695647389217	0.8763940099021538	0.27931135087349057	MIR8073	0.269622	False
5036	3.137695647389217	0.8763940099021538	0.27931135087349057	COL4A2-AS2	0.269622	False
5037	3.137695647389217	0.8763940099021538	0.27931135087349057	COL4A2-AS1	0.269622	False
5038	3.137695647389217	0.8763940099021538	0.27931135087349057	RAB20	0.269622	False
5039	3.137695647389217	0.8763940099021538	0.27931135087349057	NAXD	0.269622	False
5040	3.137695647389217	0.8763940099021538	0.27931135087349057	CARS2	0.269622	False
5041	3.137695647389217	0.8763940099021538	0.27931135087349057	ING1	0.269622	False
5042	3.137695647389217	0.8763940099021538	0.27931135087349057	LINC00567	0.269622	False
5043	3.137695647389217	0.8763940099021538	0.27931135087349057	LINC00346	0.269622	False
5044	3.137695647389217	0.8763940099021538	0.27931135087349057	ANKRD10	0.269622	False
5045	3.137695647389217	0.8763940099021538	0.27931135087349057	LINC00431	0.269622	False
5046	3.137695647389217	0.8763940099021538	0.27931135087349057	LINC00368	0.269622	False
5047	3.5379929296605552	1.1666850669367501	0.3297590159539084	OR4K5	0.26962483	False
5048	3.5379929296605552	1.1666850669367501	0.3297590159539084	OR4K1	0.26962483	False
5049	3.5379929296605552	1.1666850669367501	0.3297590159539084	OR4K15	0.26962483	False
5050	3.5379929296605552	1.1666850669367501	0.3297590159539084	OR4K14	0.26962483	False
5051	3.5379929296605552	1.1666850669367501	0.3297590159539084	OR4K13	0.26962483	False
5052	3.5379929296605552	1.1666850669367501	0.3297590159539084	OR4L1	0.26962483	False
5053	3.5379929296605552	1.1666850669367501	0.3297590159539084	OR4K17	0.26962483	False
5054	3.5379929296605552	1.1666850669367501	0.3297590159539084	OR4N5	0.26962483	False
5055	3.5379929296605552	1.1666850669367501	0.3297590159539084	OR11G2	0.26962483	False
5056	3.5379929296605552	1.1666850669367501	0.3297590159539084	OR11H6	0.26962483	False
5057	3.5379929296605552	1.1666850669367501	0.3297590159539084	OR11H4	0.26962483	False
5058	3.5379929296605552	1.1666850669367501	0.3297590159539084	TTC5	0.26962483	False
5059	3.5379929296605552	1.1666850669367501	0.3297590159539084	CCNB1IP1	0.26962483	False
5060	3.5379929296605552	1.1666850669367501	0.3297590159539084	SNORD126	0.26962483	False
5061	3.5379929296605552	1.1666850669367501	0.3297590159539084	RPPH1	0.26962483	False
5062	3.5379929296605552	1.1666850669367501	0.3297590159539084	PARP2	0.26962483	False
5063	3.5379929296605552	1.1666850669367501	0.3297590159539084	TEP1	0.26962483	False
5064	3.5379929296605552	1.1666850669367501	0.3297590159539084	KLHL33	0.26962483	False
5065	3.5379929296605552	1.1666850669367501	0.3297590159539084	OSGEP	0.26962483	False
5066	3.5379929296605552	1.1666850669367501	0.3297590159539084	APEX1	0.26962483	False
5067	3.5379929296605552	1.1666850669367501	0.3297590159539084	PIP4P1	0.26962483	False
5068	3.5379929296605552	1.1666850669367501	0.3297590159539084	PNP	0.26962483	False
5069	3.5379929296605552	1.1666850669367501	0.3297590159539084	RNASE10	0.26962483	False
5070	3.5379929296605552	1.1666850669367501	0.3297590159539084	RNASE9	0.26962483	False
5071	3.5379929296605552	1.1666850669367501	0.3297590159539084	RNASE11	0.26962483	False
5072	3.5379929296605552	1.1666850669367501	0.3297590159539084	LOC254028	0.26962483	False
5073	3.5379929296605552	1.1666850669367501	0.3297590159539084	RNASE12	0.26962483	False
5074	3.5379929296605552	1.1666850669367501	0.3297590159539084	OR6S1	0.26962483	False
5075	3.5379929296605552	1.1666850669367501	0.3297590159539084	RNASE4	0.26962483	False
5076	3.5379929296605552	1.1666850669367501	0.3297590159539084	ANG	0.26962483	False
5077	3.5379929296605552	1.1666850669367501	0.3297590159539084	EDDM3A	0.26962483	False
5078	3.5379929296605552	1.1666850669367501	0.3297590159539084	EDDM3B	0.26962483	False
5079	3.5379929296605552	1.1666850669367501	0.3297590159539084	RNASE6	0.26962483	False
5080	3.5379929296605552	1.1666850669367501	0.3297590159539084	RNASE1	0.26962483	False
5081	3.5379929296605552	1.1666850669367501	0.3297590159539084	RNASE3	0.26962483	False
5082	3.5276360431968166	0.9979413337836912	0.2828923736926489	ECRP	0.26962397	False
5083	3.5276360431968166	0.9979413337836912	0.2828923736926489	RNASE2	0.26962397	False
5084	3.5276360431968166	0.9979413337836912	0.2828923736926489	METTL17	0.26962397	False
5085	3.5276360431968166	0.9979413337836912	0.2828923736926489	LOC101929718	0.26962397	False
5086	3.5276360431968166	0.9979413337836912	0.2828923736926489	SLC39A2	0.26962397	False
5087	3.5276360431968166	0.9979413337836912	0.2828923736926489	NDRG2	0.26962397	False
5088	3.5276360431968166	0.9979413337836912	0.2828923736926489	MIR6717	0.26962397	False
5089	3.5276360431968166	0.9979413337836912	0.2828923736926489	TPPP2	0.26962397	False
5090	3.5276360431968166	0.9979413337836912	0.2828923736926489	RNASE13	0.26962397	False
5091	3.5276360431968166	0.9979413337836912	0.2828923736926489	RNASE7	0.26962397	False
5092	3.5276360431968166	0.9979413337836912	0.2828923736926489	RNASE8	0.26962397	False
5093	3.5276360431968166	0.9979413337836912	0.2828923736926489	ARHGEF40	0.26962397	False
5094	3.5276360431968166	0.9979413337836912	0.2828923736926489	ZNF219	0.26962397	False
5095	3.5276360431968166	0.9979413337836912	0.2828923736926489	TMEM253	0.26962397	False
5096	3.5276360431968166	0.9979413337836912	0.2828923736926489	OR5AU1	0.26962397	False
5097	3.5276360431968166	0.9979413337836912	0.2828923736926489	LINC00641	0.26962397	False
5098	3.5276360431968166	0.9979413337836912	0.2828923736926489	HNRNPC	0.26962397	False
5099	3.5276360431968166	0.9979413337836912	0.2828923736926489	RPGRIP1	0.26962397	False
5100	3.5276360431968166	0.9979413337836912	0.2828923736926489	SUPT16H	0.26962397	False
5101	3.5276360431968166	0.9979413337836912	0.2828923736926489	CHD8	0.26962397	False
5102	3.5276360431968166	0.9979413337836912	0.2828923736926489	SNORD9	0.26962397	False
5103	3.5276360431968166	0.9979413337836912	0.2828923736926489	SNORD8	0.26962397	False
5104	3.5276360431968166	0.9979413337836912	0.2828923736926489	RAB2B	0.26962397	False
5105	3.5276360431968166	0.9979413337836912	0.2828923736926489	TOX4	0.26962397	False
5106	3.5276360431968166	0.9979413337836912	0.2828923736926489	METTL3	0.26962397	False
5107	3.5276360431968166	0.9979413337836912	0.2828923736926489	SALL2	0.26962397	False
5108	3.5276360431968166	0.9979413337836912	0.2828923736926489	OR10G3	0.26962397	False
5109	3.5276360431968166	0.9979413337836912	0.2828923736926489	OR10G2	0.26962397	False
5110	3.5276360431968166	0.9979413337836912	0.2828923736926489	OR4E2	0.26962397	False
5111	3.579172389593003	0.9003766012395532	0.25155999857887185	DAD1	0.26962352	False
5112	3.579172389593003	0.9003766012395532	0.25155999857887185	ABHD4	0.26962352	False
5113	3.579172389593003	0.9003766012395532	0.25155999857887185	OXA1L	0.26962352	False
5114	3.579172389593003	0.9003766012395532	0.25155999857887185	SLC7A7	0.26962352	False
5115	3.579172389593003	0.9003766012395532	0.25155999857887185	MRPL52	0.26962352	False
5116	3.579172389593003	0.9003766012395532	0.25155999857887185	MMP14	0.26962352	False
5117	3.579172389593003	0.9003766012395532	0.25155999857887185	LRP10	0.26962352	False
5118	3.579172389593003	0.9003766012395532	0.25155999857887185	REM2	0.26962352	False
5119	3.705095935085849	0.9205996067341676	0.24846849389686232	RBM23	0.26962426	False
5120	3.705095935085849	0.9205996067341676	0.24846849389686232	PRMT5-AS1	0.26962426	False
5121	3.705095935085849	0.9205996067341676	0.24846849389686232	PRMT5	0.26962426	False
5122	3.705095935085849	0.9205996067341676	0.24846849389686232	LOC101926933	0.26962426	False
5123	3.705095935085849	0.9205996067341676	0.24846849389686232	HAUS4	0.26962426	False
5124	3.705095935085849	0.9205996067341676	0.24846849389686232	MIR4707	0.26962426	False
5125	3.705095935085849	0.9205996067341676	0.24846849389686232	AJUBA	0.26962426	False
5126	3.705095935085849	0.9205996067341676	0.24846849389686232	C14orf93	0.26962426	False
5127	3.705095935085849	0.9205996067341676	0.24846849389686232	PSMB5	0.26962426	False
5128	3.705095935085849	0.9205996067341676	0.24846849389686232	PSMB11	0.26962426	False
5129	3.705095935085849	0.9205996067341676	0.24846849389686232	CDH24	0.26962426	False
5130	3.705095935085849	0.9205996067341676	0.24846849389686232	ACIN1	0.26962426	False
5131	3.705095935085849	0.9205996067341676	0.24846849389686232	C14orf119	0.26962426	False
5132	3.823897712928359	1.0592591327525365	0.2770103209537346	CEBPE	0.26962546	False
5133	3.823897712928359	1.0592591327525365	0.2770103209537346	SLC7A8	0.26962546	False
5134	3.823897712928359	1.0592591327525365	0.2770103209537346	RNF212B	0.26962546	False
5135	3.823897712928359	1.0592591327525365	0.2770103209537346	HOMEZ	0.26962546	False
5136	3.823897712928359	1.0592591327525365	0.2770103209537346	PPP1R3E	0.26962546	False
5137	3.823897712928359	1.0592591327525365	0.2770103209537346	BCL2L2-PABPN1	0.26962546	False
5138	3.823897712928359	1.0592591327525365	0.2770103209537346	BCL2L2	0.26962546	False
5139	3.823897712928359	1.0592591327525365	0.2770103209537346	PABPN1	0.26962546	False
5140	3.823897712928359	1.0592591327525365	0.2770103209537346	SLC22A17	0.26962546	False
5141	3.823897712928359	1.0592591327525365	0.2770103209537346	EFS	0.26962546	False
5142	3.823897712928359	1.0592591327525365	0.2770103209537346	IL25	0.26962546	False
5143	3.823897712928359	1.0592591327525365	0.2770103209537346	CMTM5	0.26962546	False
5144	3.823897712928359	1.0592591327525365	0.2770103209537346	MYH6	0.26962546	False
5145	3.823897712928359	1.0592591327525365	0.2770103209537346	MIR208A	0.26962546	False
5146	3.823897712928359	1.0592591327525365	0.2770103209537346	MYH7	0.26962546	False
5147	3.823897712928359	1.0592591327525365	0.2770103209537346	MIR208B	0.26962546	False
5148	3.823897712928359	1.0592591327525365	0.2770103209537346	NGDN	0.26962546	False
5149	3.823897712928359	1.0592591327525365	0.2770103209537346	THTPA	0.26962546	False
5150	3.823897712928359	1.0592591327525365	0.2770103209537346	ZFHX2	0.26962546	False
5151	3.823897712928359	1.0592591327525365	0.2770103209537346	AP1G2	0.26962546	False
5152	3.823897712928359	1.0592591327525365	0.2770103209537346	LOC102724814	0.26962546	False
5153	3.823897712928359	1.0592591327525365	0.2770103209537346	JPH4	0.26962546	False
5154	3.823897712928359	1.0592591327525365	0.2770103209537346	DHRS2	0.26962546	False
5155	3.8561060310503184	1.0977596992427452	0.2846808906195299	DHRS4-AS1	0.26962563	False
5156	3.8561060310503184	1.0977596992427452	0.2846808906195299	DHRS4	0.26962563	False
5157	3.8561060310503184	1.0977596992427452	0.2846808906195299	DHRS4L2	0.26962563	False
5158	3.8561060310503184	1.0977596992427452	0.2846808906195299	CARMIL3	0.26962563	False
5159	3.8561060310503184	1.0977596992427452	0.2846808906195299	CPNE6	0.26962563	False
5160	3.8561060310503184	1.0977596992427452	0.2846808906195299	NRL	0.26962563	False
5161	3.8561060310503184	1.0977596992427452	0.2846808906195299	PCK2	0.26962563	False
5162	3.9880893528328025	1.3635935239856067	0.341916492672619	DCAF11	0.26962832	False
5163	3.9880893528328025	1.3635935239856067	0.341916492672619	FITM1	0.26962832	False
5164	3.9880893528328025	1.3635935239856067	0.341916492672619	PSME1	0.26962832	False
5165	3.9880893528328025	1.3635935239856067	0.341916492672619	EMC9	0.26962832	False
5166	3.9880893528328025	1.3635935239856067	0.341916492672619	PSME2	0.26962832	False
5167	3.9880893528328025	1.3635935239856067	0.341916492672619	MIR7703	0.26962832	False
5168	3.9880893528328025	1.3635935239856067	0.341916492672619	RNF31	0.26962832	False
5169	3.9880893528328025	1.3635935239856067	0.341916492672619	IRF9	0.26962832	False
5170	3.9880893528328025	1.3635935239856067	0.341916492672619	REC8	0.26962832	False
5171	3.9880893528328025	1.3635935239856067	0.341916492672619	IPO4	0.26962832	False
5172	3.9880893528328025	1.3635935239856067	0.341916492672619	TM9SF1	0.26962832	False
5173	3.9880893528328025	1.3635935239856067	0.341916492672619	TSSK4	0.26962832	False
5174	3.9880893528328025	1.3635935239856067	0.341916492672619	CHMP4A	0.26962832	False
5175	3.9880893528328025	1.3635935239856067	0.341916492672619	MDP1	0.26962832	False
5176	3.9880893528328025	1.3635935239856067	0.341916492672619	NEDD8-MDP1	0.26962832	False
5177	3.9880893528328025	1.3635935239856067	0.341916492672619	NEDD8	0.26962832	False
5178	3.9880893528328025	1.3635935239856067	0.341916492672619	GMPR2	0.26962832	False
5179	3.9880893528328025	1.3635935239856067	0.341916492672619	TINF2	0.26962832	False
5180	3.9880893528328025	1.3635935239856067	0.341916492672619	TGM1	0.26962832	False
5181	3.9880893528328025	1.3635935239856067	0.341916492672619	RABGGTA	0.26962832	False
5182	3.9880893528328025	1.3635935239856067	0.341916492672619	DHRS1	0.26962832	False
5183	3.9880893528328025	1.3635935239856067	0.341916492672619	NOP9	0.26962832	False
5184	3.9880893528328025	1.3635935239856067	0.341916492672619	CIDEB	0.26962832	False
5185	3.9880893528328025	1.3635935239856067	0.341916492672619	LTB4R2	0.26962832	False
5186	3.9880893528328025	1.3635935239856067	0.341916492672619	LTB4R	0.26962832	False
5187	3.9880893528328025	1.3635935239856067	0.341916492672619	ADCY4	0.26962832	False
5188	3.9880893528328025	1.3635935239856067	0.341916492672619	RIPK3	0.26962832	False
5189	3.9880893528328025	1.3635935239856067	0.341916492672619	NFATC4	0.26962832	False
5190	3.9880893528328025	1.3635935239856067	0.341916492672619	NYNRIN	0.26962832	False
5191	3.9880893528328025	1.3635935239856067	0.341916492672619	CBLN3	0.26962832	False
5192	3.9880893528328025	1.3635935239856067	0.341916492672619	KHNYN	0.26962832	False
5193	3.9880893528328025	1.3635935239856067	0.341916492672619	SDR39U1	0.26962832	False
5194	3.9880893528328025	1.3635935239856067	0.341916492672619	CMA1	0.26962832	False
5195	3.9880893528328025	1.3635935239856067	0.341916492672619	CTSG	0.26962832	False
5196	3.9880893528328025	1.3635935239856067	0.341916492672619	GZMH	0.26962832	False
5197	3.9880893528328025	1.3635935239856067	0.341916492672619	GZMB	0.26962832	False
5198	3.3627359390505758	0.8862732446565411	0.26355719292867485	STXBP6	0.26962265	False
5199	3.387217821722726	1.082982613535121	0.3197262976681908	RPS29	0.26962394	False
5200	3.387217821722726	1.082982613535121	0.3197262976681908	RN7SL1	0.26962394	False
5201	3.387217821722726	1.082982613535121	0.3197262976681908	LRR1	0.26962394	False
5202	3.387217821722726	1.082982613535121	0.3197262976681908	RPL36AL	0.26962394	False
5203	3.387217821722726	1.082982613535121	0.3197262976681908	MGAT2	0.26962394	False
5204	3.387217821722726	1.082982613535121	0.3197262976681908	DNAAF2	0.26962394	False
5205	3.387217821722726	1.082982613535121	0.3197262976681908	POLE2	0.26962394	False
5206	3.387217821722726	1.082982613535121	0.3197262976681908	KLHDC1	0.26962394	False
5207	3.387217821722726	1.082982613535121	0.3197262976681908	KLHDC2	0.26962394	False
5208	3.387217821722726	1.082982613535121	0.3197262976681908	NEMF	0.26962394	False
5209	3.387217821722726	1.082982613535121	0.3197262976681908	RN7SL2	0.26962394	False
5210	3.387217821722726	1.082982613535121	0.3197262976681908	ARF6	0.26962394	False
5211	3.2630814577668117	0.8471300637695485	0.2596104555567263	LINC01599	0.26962227	False
5212	3.2630814577668117	0.8471300637695485	0.2596104555567263	MIR6076	0.26962227	False
5213	3.2630814577668117	0.8471300637695485	0.2596104555567263	LINC01588	0.26962227	False
5214	3.2597868571419375	0.854271071977857	0.2620634751337242	VCPKMT	0.26962233	False
5215	3.2597868571419375	0.854271071977857	0.2620634751337242	SOS2	0.26962233	False
5216	3.2597868571419375	0.854271071977857	0.2620634751337242	L2HGDH	0.26962233	False
5217	3.2597868571419375	0.854271071977857	0.2620634751337242	MIR4504	0.26962233	False
5218	3.2597868571419375	0.854271071977857	0.2620634751337242	DMAC2L	0.26962233	False
5219	3.2597868571419375	0.854271071977857	0.2620634751337242	CDKL1	0.26962233	False
5220	3.2597868571419375	0.854271071977857	0.2620634751337242	MAP4K5	0.26962233	False
5221	3.2597868571419375	0.854271071977857	0.2620634751337242	ATL1	0.26962233	False
5222	3.2597868571419375	0.854271071977857	0.2620634751337242	SAV1	0.26962233	False
5223	3.2597868571419375	0.854271071977857	0.2620634751337242	NIN	0.26962233	False
5224	3.2597868571419375	0.854271071977857	0.2620634751337242	LOC105370489	0.26962233	False
5225	3.1047742198634736	0.6775476207358092	0.21822766254661927	PYGL	0.269621	False
5226	3.1047742198634736	0.6775476207358092	0.21822766254661927	ABHD12B	0.269621	False
5227	3.1047742198634736	0.6775476207358092	0.21822766254661927	TRIM9	0.269621	False
5228	3.0406294688470545	0.6706726381095617	0.22057032761833595	TMX1	0.26962072	False
5229	3.0406294688470545	0.6706726381095617	0.22057032761833595	LINC00640	0.26962072	False
5230	3.0406294688470545	0.6706726381095617	0.22057032761833595	FRMD6-AS2	0.26962072	False
5231	3.0406294688470545	0.6706726381095617	0.22057032761833595	FRMD6	0.26962072	False
5232	3.0406294688470545	0.6706726381095617	0.22057032761833595	FRMD6-AS1	0.26962072	False
5233	2.974467864178579	0.5712511929275302	0.19205155981245922	GNG2	0.26962012	False
5234	2.974467864178579	0.5712511929275302	0.19205155981245922	LOC102723604	0.26962012	False
5235	2.974467864178579	0.5712511929275302	0.19205155981245922	RTRAF	0.26962012	False
5236	2.974467864178579	0.5712511929275302	0.19205155981245922	NID2	0.26962012	False
5237	2.972995038563898	0.5352989016551435	0.18005374873202581	ZFP36L1	0.2696201	False
5238	2.7937894682434976	0.3648721415343209	0.13060115863480656	GPR176	0.26961893	False
5239	2.7937894682434976	0.3648721415343209	0.13060115863480656	EIF2AK4	0.26961893	False
5240	2.7937894682434976	0.3648721415343209	0.13060115863480656	SRP14	0.26961893	False
5241	2.7937894682434976	0.3648721415343209	0.13060115863480656	SRP14-AS1	0.26961893	False
5242	2.7937894682434976	0.3648721415343209	0.13060115863480656	BMF	0.26961893	False
5243	3.0326212186169554	0.481032506303985	0.15861938291237132	BUB1B	0.2696198	False
5244	3.0326212186169554	0.481032506303985	0.15861938291237132	BUB1B-PAK6	0.2696198	False
5245	3.0326212186169554	0.481032506303985	0.15861938291237132	PAK6	0.2696198	False
5246	3.0326212186169554	0.481032506303985	0.15861938291237132	C15orf56	0.2696198	False
5247	3.0326212186169554	0.481032506303985	0.15861938291237132	PLCB2	0.2696198	False
5248	3.0326212186169554	0.481032506303985	0.15861938291237132	ANKRD63	0.2696198	False
5249	3.0326212186169554	0.481032506303985	0.15861938291237132	CCDC9B	0.2696198	False
5250	3.0326212186169554	0.481032506303985	0.15861938291237132	PHGR1	0.2696198	False
5251	3.0326212186169554	0.481032506303985	0.15861938291237132	DISP2	0.2696198	False
5252	3.0326212186169554	0.481032506303985	0.15861938291237132	KNSTRN	0.2696198	False
5253	3.0326212186169554	0.481032506303985	0.15861938291237132	IVD	0.2696198	False
5254	3.0326212186169554	0.481032506303985	0.15861938291237132	BAHD1	0.2696198	False
5255	3.0326212186169554	0.481032506303985	0.15861938291237132	CHST14	0.2696198	False
5256	3.0326212186169554	0.481032506303985	0.15861938291237132	CCDC32	0.2696198	False
5257	3.0326212186169554	0.481032506303985	0.15861938291237132	RPUSD2	0.2696198	False
5258	3.0326212186169554	0.481032506303985	0.15861938291237132	KNL1	0.2696198	False
5259	3.0326212186169554	0.481032506303985	0.15861938291237132	RAD51-AS1	0.2696198	False
5260	3.0326212186169554	0.481032506303985	0.15861938291237132	RAD51	0.2696198	False
5261	3.0326212186169554	0.481032506303985	0.15861938291237132	RMDN3	0.2696198	False
5262	3.0326212186169554	0.481032506303985	0.15861938291237132	GCHFR	0.2696198	False
5263	3.0326212186169554	0.481032506303985	0.15861938291237132	DNAJC17	0.2696198	False
5264	3.0326212186169554	0.481032506303985	0.15861938291237132	C15orf62	0.2696198	False
5265	3.0326212186169554	0.481032506303985	0.15861938291237132	ZFYVE19	0.2696198	False
5266	3.0326212186169554	0.481032506303985	0.15861938291237132	PPP1R14D	0.2696198	False
5267	3.0326212186169554	0.481032506303985	0.15861938291237132	SPINT1	0.2696198	False
5268	3.0326212186169554	0.481032506303985	0.15861938291237132	RHOV	0.2696198	False
5269	2.8635638152805076	0.3509880932107803	0.1225703758854064	VPS18	0.26961893	False
5270	2.8635638152805076	0.3509880932107803	0.1225703758854064	DLL4	0.26961893	False
5271	2.8635638152805076	0.3509880932107803	0.1225703758854064	CHAC1	0.26961893	False
5272	2.8635638152805076	0.3509880932107803	0.1225703758854064	INO80	0.26961893	False
5273	2.799664924930471	0.32468033472523533	0.11597114062973043	EXD1	0.26961875	False
5274	2.799664924930471	0.32468033472523533	0.11597114062973043	CHP1	0.26961875	False
5275	2.799664924930471	0.32468033472523533	0.11597114062973043	OIP5-AS1	0.26961875	False
5276	2.799664924930471	0.32468033472523533	0.11597114062973043	OIP5	0.26961875	False
5277	2.799664924930471	0.32468033472523533	0.11597114062973043	NUSAP1	0.26961875	False
5278	2.799664924930471	0.32468033472523533	0.11597114062973043	NDUFAF1	0.26961875	False
5279	2.799664924930471	0.32468033472523533	0.11597114062973043	RTF1	0.26961875	False
5280	2.799664924930471	0.32468033472523533	0.11597114062973043	ITPKA	0.26961875	False
5281	2.799664924930471	0.32468033472523533	0.11597114062973043	LTK	0.26961875	False
5282	2.799664924930471	0.32468033472523533	0.11597114062973043	RPAP1	0.26961875	False
5283	2.799664924930471	0.32468033472523533	0.11597114062973043	TYRO3	0.26961875	False
5284	2.799664924930471	0.32468033472523533	0.11597114062973043	MGA	0.26961875	False
5285	2.799664924930471	0.32468033472523533	0.11597114062973043	MIR626	0.26961875	False
5286	2.799664924930471	0.32468033472523533	0.11597114062973043	MAPKBP1	0.26961875	False
5287	2.799664924930471	0.32468033472523533	0.11597114062973043	JMJD7	0.26961875	False
5288	2.799664924930471	0.32468033472523533	0.11597114062973043	JMJD7-PLA2G4B	0.26961875	False
5289	2.799664924930471	0.32468033472523533	0.11597114062973043	PLA2G4B	0.26961875	False
5290	2.799664924930471	0.32468033472523533	0.11597114062973043	SPTBN5	0.26961875	False
5291	2.799664924930471	0.32468033472523533	0.11597114062973043	MIR4310	0.26961875	False
5292	2.745854741760639	0.2772763176724215	0.1009799657117449	EHD4	0.26961845	False
5293	2.745854741760639	0.2772763176724215	0.1009799657117449	EHD4-AS1	0.26961845	False
5294	2.745854741760639	0.2772763176724215	0.1009799657117449	PLA2G4E-AS1	0.26961845	False
5295	2.745854741760639	0.2772763176724215	0.1009799657117449	PLA2G4E	0.26961845	False
5296	2.745854741760639	0.2772763176724215	0.1009799657117449	PLA2G4D	0.26961845	False
5297	2.796952077451798	0.2875581313087606	0.10281124715255917	TTBK2	0.26961848	False
5298	2.796952077451798	0.2875581313087606	0.10281124715255917	UBR1	0.26961848	False
5299	2.8143022906672783	0.3582895426432062	0.1273102551319229	TMEM62	0.2696188	False
5300	2.8143022906672783	0.3582895426432062	0.1273102551319229	EPB42	0.2696188	False
5301	2.8143022906672783	0.3582895426432062	0.1273102551319229	CCNDBP1	0.2696188	False
5302	2.8143022906672783	0.3582895426432062	0.1273102551319229	TGM5	0.2696188	False
5303	2.8143022906672783	0.3582895426432062	0.1273102551319229	TGM7	0.2696188	False
5304	2.8143022906672783	0.3582895426432062	0.1273102551319229	LCMT2	0.2696188	False
5305	2.8143022906672783	0.3582895426432062	0.1273102551319229	ADAL	0.2696188	False
5306	2.8143022906672783	0.3582895426432062	0.1273102551319229	ZSCAN29	0.2696188	False
5307	2.8143022906672783	0.3582895426432062	0.1273102551319229	TUBGCP4	0.2696188	False
5308	2.8143022906672783	0.3582895426432062	0.1273102551319229	TP53BP1	0.2696188	False
5309	2.8143022906672783	0.3582895426432062	0.1273102551319229	MAP1A	0.2696188	False
5310	2.8143022906672783	0.3582895426432062	0.1273102551319229	PPIP5K1	0.2696188	False
5311	2.8143022906672783	0.3582895426432062	0.1273102551319229	CKMT1B	0.2696188	False
5312	2.8143022906672783	0.3582895426432062	0.1273102551319229	STRC	0.2696188	False
5313	2.8143022906672783	0.3582895426432062	0.1273102551319229	CATSPER2	0.2696188	False
5314	2.8143022906672783	0.3582895426432062	0.1273102551319229	CKMT1A	0.2696188	False
5315	2.8143022906672783	0.3582895426432062	0.1273102551319229	PDIA3	0.2696188	False
5316	2.8143022906672783	0.3582895426432062	0.1273102551319229	ELL3	0.2696188	False
5317	2.8143022906672783	0.3582895426432062	0.1273102551319229	SERF2	0.2696188	False
5318	2.8143022906672783	0.3582895426432062	0.1273102551319229	SERF2-C15ORF63	0.2696188	False
5319	2.8143022906672783	0.3582895426432062	0.1273102551319229	MIR1282	0.2696188	False
5320	2.8143022906672783	0.3582895426432062	0.1273102551319229	SERINC4	0.2696188	False
5321	2.8143022906672783	0.3582895426432062	0.1273102551319229	HYPK	0.2696188	False
5322	2.8143022906672783	0.3582895426432062	0.1273102551319229	MFAP1	0.2696188	False
5323	2.8143022906672783	0.3582895426432062	0.1273102551319229	WDR76	0.2696188	False
5324	2.879780899296934	0.3787990986205026	0.13153747172674912	FRMD5	0.26961905	False
5325	3.059802593391869	0.5349671190184729	0.1748371349752496	CASC4	0.26962006	False
5326	3.059802593391869	0.5349671190184729	0.1748371349752496	CTDSPL2	0.26962006	False
5327	3.059802593391869	0.5349671190184729	0.1748371349752496	EIF3J-DT	0.26962006	False
5328	3.059802593391869	0.5349671190184729	0.1748371349752496	EIF3J	0.26962006	False
5329	3.059802593391869	0.5349671190184729	0.1748371349752496	SPG11	0.26962006	False
5330	3.059802593391869	0.5349671190184729	0.1748371349752496	PATL2	0.26962006	False
5331	3.059802593391869	0.5349671190184729	0.1748371349752496	B2M	0.26962006	False
5332	3.059802593391869	0.5349671190184729	0.1748371349752496	TRIM69	0.26962006	False
5333	3.059802593391869	0.5349671190184729	0.1748371349752496	LOC100419583	0.26962006	False
5334	2.9953677976118254	0.4900014559924849	0.16358640711272845	TERB2	0.26961973	False
5335	2.9953677976118254	0.4900014559924849	0.16358640711272845	SORD	0.26961973	False
5336	2.9953677976118254	0.4900014559924849	0.16358640711272845	DUOX2	0.26961973	False
5337	3.144211367837883	0.6737819544257764	0.21429283072947558	DUOXA2	0.269621	False
5338	3.144211367837883	0.6737819544257764	0.21429283072947558	DUOXA1	0.269621	False
5339	3.144211367837883	0.6737819544257764	0.21429283072947558	DUOX1	0.269621	False
5340	3.144211367837883	0.6737819544257764	0.21429283072947558	SHF	0.269621	False
5341	3.144211367837883	0.6737819544257764	0.21429283072947558	LOC101928414	0.269621	False
5342	3.144211367837883	0.6737819544257764	0.21429283072947558	SLC28A2	0.269621	False
5343	3.144211367837883	0.6737819544257764	0.21429283072947558	GATM	0.269621	False
5344	3.144211367837883	0.6737819544257764	0.21429283072947558	SPATA5L1	0.269621	False
5345	3.144211367837883	0.6737819544257764	0.21429283072947558	C15orf48	0.269621	False
5346	3.144211367837883	0.6737819544257764	0.21429283072947558	MIR147B	0.269621	False
5347	3.144211367837883	0.6737819544257764	0.21429283072947558	HMGN2P46	0.269621	False
5348	3.144211367837883	0.6737819544257764	0.21429283072947558	SLC30A4	0.269621	False
5349	3.144211367837883	0.6737819544257764	0.21429283072947558	BLOC1S6	0.269621	False
5350	3.144211367837883	0.6737819544257764	0.21429283072947558	SQOR	0.269621	False
5351	3.0480599840304943	0.6300724862586241	0.20671262690357886	SHC4	0.26962063	False
5352	3.0480599840304943	0.6300724862586241	0.20671262690357886	SECISBP2L	0.26962063	False
5353	3.3704350579241926	0.8983666021500962	0.2665432167393217	COPS2	0.26962292	False
5354	3.3704350579241926	0.8983666021500962	0.2665432167393217	GALK2	0.26962292	False
5355	3.3704350579241926	0.8983666021500962	0.2665432167393217	MIR4716	0.26962292	False
5356	3.3704350579241926	0.8983666021500962	0.2665432167393217	FAM227B	0.26962292	False
5357	3.3704350579241926	0.8983666021500962	0.2665432167393217	FGF7	0.26962292	False
5358	3.3704350579241926	0.8983666021500962	0.2665432167393217	DTWD1	0.26962292	False
5359	3.5666620415158965	0.9323198636843671	0.2613984315957545	ATP8B4	0.26962388	False
5360	3.9661955388574412	1.3116444871895936	0.3307059559568373	SLC27A2	0.26962802	False
5361	3.9661955388574412	1.3116444871895936	0.3307059559568373	HDC	0.26962802	False
5362	3.9661955388574412	1.3116444871895936	0.3307059559568373	GABPB1	0.26962802	False
5363	3.9661955388574412	1.3116444871895936	0.3307059559568373	GABPB1-IT1	0.26962802	False
5364	3.9661955388574412	1.3116444871895936	0.3307059559568373	GABPB1-AS1	0.26962802	False
5365	3.9661955388574412	1.3116444871895936	0.3307059559568373	MIR4712	0.26962802	False
5366	3.9661955388574412	1.3116444871895936	0.3307059559568373	USP8	0.26962802	False
5367	3.9661955388574412	1.3116444871895936	0.3307059559568373	USP50	0.26962802	False
5368	3.9661955388574412	1.3116444871895936	0.3307059559568373	TRPM7	0.26962802	False
5369	3.9661955388574412	1.3116444871895936	0.3307059559568373	SPPL2A	0.26962802	False
5370	3.9768741867973043	1.1910234608779873	0.29948733727409016	AP4E1	0.26962727	False
5371	3.9768741867973043	1.1910234608779873	0.29948733727409016	TNFAIP8L3	0.26962727	False
5372	4.072240800665709	1.301163097832706	0.31952017612023303	CYP19A1	0.2696285	False
5373	4.072240800665709	1.301163097832706	0.31952017612023303	MIR4713	0.2696285	False
5374	4.072240800665709	1.301163097832706	0.31952017612023303	MIR7973-1	0.2696285	False
5375	4.072240800665709	1.301163097832706	0.31952017612023303	GLDN	0.2696285	False
5376	4.072240800665709	1.301163097832706	0.31952017612023303	DMXL2	0.2696285	False
5377	4.072240800665709	1.301163097832706	0.31952017612023303	SCG3	0.2696285	False
5378	4.072240800665709	1.301163097832706	0.31952017612023303	LYSMD2	0.2696285	False
5379	4.072240800665709	1.301163097832706	0.31952017612023303	TMOD2	0.2696285	False
5380	4.110198658996156	1.3142015865044423	0.3197416221301121	TMOD3	0.26962888	False
5381	4.110198658996156	1.3142015865044423	0.3197416221301121	LEO1	0.26962888	False
5382	4.110198658996156	1.3142015865044423	0.3197416221301121	MAPK6	0.26962888	False
5383	4.290227264119413	1.6024333016057724	0.37350778943750856	BCL2L10	0.26963207	False
5384	4.290227264119413	1.6024333016057724	0.37350778943750856	GNB5	0.26963207	False
5385	4.290227264119413	1.6024333016057724	0.37350778943750856	CERNA1	0.26963207	False
5386	4.290227264119413	1.6024333016057724	0.37350778943750856	MYO5C	0.26963207	False
5387	4.290227264119413	1.6024333016057724	0.37350778943750856	MIR1266	0.26963207	False
5388	4.290227264119413	1.6024333016057724	0.37350778943750856	MYO5A	0.26963207	False
5389	4.290227264119413	1.6024333016057724	0.37350778943750856	ARPP19	0.26963207	False
5390	4.290227264119413	1.6024333016057724	0.37350778943750856	FAM214A	0.26963207	False
5391	4.290227264119413	1.6024333016057724	0.37350778943750856	ONECUT1	0.26963207	False
5392	3.7585147695717027	1.1595723633021422	0.30851877254543286	WDR72	0.2696261	False
5393	3.5086613701577587	0.8597628825130496	0.2450401426098274	UNC13C	0.2696234	False
5394	3.1069149886351437	0.6921231053954648	0.2227686009843198	RSL24D1	0.269621	False
5395	3.1069149886351437	0.6921231053954648	0.2227686009843198	RAB27A	0.269621	False
5396	3.1069149886351437	0.6921231053954648	0.2227686009843198	PIGBOS1	0.269621	False
5397	3.1069149886351437	0.6921231053954648	0.2227686009843198	PIGB	0.269621	False
5398	3.1069149886351437	0.6921231053954648	0.2227686009843198	CCPG1	0.269621	False
5399	3.1069149886351437	0.6921231053954648	0.2227686009843198	DNAAF4-CCPG1	0.269621	False
5400	3.1069149886351437	0.6921231053954648	0.2227686009843198	MIR628	0.269621	False
5401	3.1069149886351437	0.6921231053954648	0.2227686009843198	C15orf65	0.269621	False
5402	3.1069149886351437	0.6921231053954648	0.2227686009843198	DNAAF4	0.269621	False
5403	3.1069149886351437	0.6921231053954648	0.2227686009843198	PYGO1	0.269621	False
5404	3.1069149886351437	0.6921231053954648	0.2227686009843198	PRTG	0.269621	False
5405	3.3348698797126963	0.7677521358482836	0.23021951786449507	NEDD4	0.26962203	False
5406	3.3348698797126963	0.7677521358482836	0.23021951786449507	RFX7	0.26962203	False
5407	3.54379095487257	1.0137394682106284	0.286060741482727	TEX9	0.26962417	False
5408	3.54379095487257	1.0137394682106284	0.286060741482727	MNS1	0.26962417	False
5409	3.560611661374401	0.921147608630513	0.2587048788900918	ZNF280D	0.2696238	False
5410	3.560611661374401	0.921147608630513	0.2587048788900918	LOC145783	0.2696238	False
5411	3.560611661374401	0.921147608630513	0.2587048788900918	TCF12	0.2696238	False
5412	3.794860158519463	1.1210992966582474	0.2954257205344916	LINC00926	0.26962593	False
5413	3.794860158519463	1.1210992966582474	0.2954257205344916	LINC01413	0.26962593	False
5414	3.794860158519463	1.1210992966582474	0.2954257205344916	CGNL1	0.26962593	False
5415	3.794860158519463	1.1210992966582474	0.2954257205344916	GCOM1	0.26962593	False
5416	3.794860158519463	1.1210992966582474	0.2954257205344916	MYZAP	0.26962593	False
5417	3.794860158519463	1.1210992966582474	0.2954257205344916	POLR2M	0.26962593	False
5418	3.8036323830946195	1.060301308710625	0.2787601960229312	ALDH1A2	0.26962563	False
5419	4.03656637893172	1.32979712775714	0.3294376960324066	AQP9	0.26962858	False
5420	4.03656637893172	1.32979712775714	0.3294376960324066	LIPC	0.26962858	False
5421	4.03656637893172	1.32979712775714	0.3294376960324066	LIPC-AS1	0.26962858	False
5422	4.03656637893172	1.32979712775714	0.3294376960324066	ADAM10	0.26962858	False
5423	4.03656637893172	1.32979712775714	0.3294376960324066	LOC101928725	0.26962858	False
5424	4.03656637893172	1.32979712775714	0.3294376960324066	MINDY2	0.26962858	False
5425	3.7309125360507913	0.9901846965083967	0.26540013654582134	RNF111	0.26962498	False
5426	3.7309125360507913	0.9901846965083967	0.26540013654582134	SLTM	0.26962498	False
5427	3.550434307222854	0.8885712920105783	0.25027115420862917	CCNB2	0.2696236	False
5428	3.550434307222854	0.8885712920105783	0.25027115420862917	MYO1E	0.2696236	False
5429	3.550434307222854	0.8885712920105783	0.25027115420862917	MIR2116	0.2696236	False
5430	3.550434307222854	0.8885712920105783	0.25027115420862917	LDHAL6B	0.2696236	False
5431	3.550434307222854	0.8885712920105783	0.25027115420862917	FAM81A	0.2696236	False
5432	3.550434307222854	0.8885712920105783	0.25027115420862917	GCNT3	0.2696236	False
5433	3.550434307222854	0.8885712920105783	0.25027115420862917	GTF2A2	0.2696236	False
5434	3.550434307222854	0.8885712920105783	0.25027115420862917	BNIP2	0.2696236	False
5435	3.3622144197702144	0.693096748257993	0.2061429349010292	FOXB1	0.2696218	False
5436	3.2747381608963693	0.6806538450662534	0.20784985291158153	ANXA2	0.2696215	False
5437	3.2747381608963693	0.6806538450662534	0.20784985291158153	ICE2	0.2696215	False
5438	3.2747381608963693	0.6806538450662534	0.20784985291158153	RORA-AS1	0.2696215	False
5439	3.265391538335467	0.6212460106180955	0.19025161403302207	RORA	0.26962113	False
5440	3.2747381608963693	0.6806538450662534	0.20784985291158153	RORA-AS2	0.2696215	False
5441	3.2147605653450158	0.6005731740632915	0.1868173886843845	VPS13C	0.26962084	False
5442	3.2147605653450158	0.6005731740632915	0.1868173886843845	C2CD4A	0.26962084	False
5443	3.3490418646250473	0.724984986342508	0.21647534299296553	C2CD4B	0.269622	False
5444	3.3490418646250473	0.724984986342508	0.21647534299296553	MIR8067	0.269622	False
5445	3.3490418646250473	0.724984986342508	0.21647534299296553	MIR6085	0.269622	False
5446	3.3490418646250473	0.724984986342508	0.21647534299296553	TLN2	0.269622	False
5447	3.3490418646250473	0.724984986342508	0.21647534299296553	MGC15885	0.269622	False
5448	3.3490418646250473	0.724984986342508	0.21647534299296553	MIR190A	0.269622	False
5449	3.4475115734319672	0.718087754862998	0.20829161543557867	TPM1	0.26962218	False
5450	3.708229087697624	0.8985060484379569	0.24230057722669554	LACTB	0.26962405	False
5451	3.708229087697624	0.8985060484379569	0.24230057722669554	RPS27L	0.26962405	False
5452	3.708229087697624	0.8985060484379569	0.24230057722669554	RAB8B	0.26962405	False
5453	3.708229087697624	0.8985060484379569	0.24230057722669554	APH1B	0.26962405	False
5454	3.708229087697624	0.8985060484379569	0.24230057722669554	CA12	0.26962405	False
5455	3.708229087697624	0.8985060484379569	0.24230057722669554	LINC02568	0.26962405	False
5456	3.708229087697624	0.8985060484379569	0.24230057722669554	USP3	0.26962405	False
5457	3.708229087697624	0.8985060484379569	0.24230057722669554	USP3-AS1	0.26962405	False
5458	3.708229087697624	0.8985060484379569	0.24230057722669554	FBXL22	0.26962405	False
5459	3.708229087697624	0.8985060484379569	0.24230057722669554	HERC1	0.26962405	False
5460	3.708229087697624	0.8985060484379569	0.24230057722669554	MIR422A	0.26962405	False
5461	3.5262285703585765	0.7067029062561478	0.20041324382562198	DAPK2	0.2696222	False
5462	3.5262285703585765	0.7067029062561478	0.20041324382562198	LOC101928988	0.2696222	False
5463	3.5262285703585765	0.7067029062561478	0.20041324382562198	CIAO2A	0.2696222	False
5464	3.5262285703585765	0.7067029062561478	0.20041324382562198	SNX1	0.2696222	False
5465	3.601353054280639	0.7482540619300713	0.20777026041384133	SNX22	0.2696227	False
5466	3.601353054280639	0.7482540619300713	0.20777026041384133	PPIB	0.2696227	False
5467	3.601353054280639	0.7482540619300713	0.20777026041384133	CSNK1G1	0.2696227	False
5468	3.601353054280639	0.7482540619300713	0.20777026041384133	PCLAF	0.2696227	False
5469	3.601353054280639	0.7482540619300713	0.20777026041384133	TRIP4	0.2696227	False
5470	3.601353054280639	0.7482540619300713	0.20777026041384133	ZNF609	0.2696227	False
5471	3.601353054280639	0.7482540619300713	0.20777026041384133	OAZ2	0.2696227	False
5472	3.601353054280639	0.7482540619300713	0.20777026041384133	RBPMS2	0.2696227	False
5473	3.601353054280639	0.7482540619300713	0.20777026041384133	MIR1272	0.2696227	False
5474	3.601353054280639	0.7482540619300713	0.20777026041384133	PIF1	0.2696227	False
5475	3.3731310342076046	0.5681423648818437	0.16843175053687418	PLEKHO2	0.269621	False
5476	3.3731310342076046	0.5681423648818437	0.16843175053687418	ANKDD1A	0.269621	False
5477	3.3731310342076046	0.5681423648818437	0.16843175053687418	SPG21	0.269621	False
5478	3.3731310342076046	0.5681423648818437	0.16843175053687418	MTFMT	0.269621	False
5479	3.3731310342076046	0.5681423648818437	0.16843175053687418	SLC51B	0.269621	False
5480	3.3731310342076046	0.5681423648818437	0.16843175053687418	RASL12	0.269621	False
5481	3.3731310342076046	0.5681423648818437	0.16843175053687418	KBTBD13	0.269621	False
5482	3.3731310342076046	0.5681423648818437	0.16843175053687418	UBAP1L	0.269621	False
5483	3.239177818712225	0.5267083043786627	0.1626055542045117	PDCD7	0.26962054	False
5484	3.239177818712225	0.5267083043786627	0.1626055542045117	CLPX	0.26962054	False
5485	3.239177818712225	0.5267083043786627	0.1626055542045117	CILP	0.26962054	False
5486	3.239177818712225	0.5267083043786627	0.1626055542045117	PARP16	0.26962054	False
5487	3.239177818712225	0.5267083043786627	0.1626055542045117	RNU5A-1	0.26962054	False
5488	3.239177818712225	0.5267083043786627	0.1626055542045117	RNU5B-1	0.26962054	False
5489	3.239177818712225	0.5267083043786627	0.1626055542045117	IGDCC3	0.26962054	False
5490	3.239177818712225	0.5267083043786627	0.1626055542045117	IGDCC4	0.26962054	False
5491	3.239177818712225	0.5267083043786627	0.1626055542045117	DPP8	0.26962054	False
5492	3.239177818712225	0.5267083043786627	0.1626055542045117	HACD3	0.26962054	False
5493	3.239177818712225	0.5267083043786627	0.1626055542045117	INTS14	0.26962054	False
5494	3.239177818712225	0.5267083043786627	0.1626055542045117	SLC24A1	0.26962054	False
5495	3.239177818712225	0.5267083043786627	0.1626055542045117	DENND4A	0.26962054	False
5496	3.239177818712225	0.5267083043786627	0.1626055542045117	MIR4511	0.26962054	False
5497	3.239177818712225	0.5267083043786627	0.1626055542045117	RAB11A	0.26962054	False
5498	3.020099199114596	0.37796529708900245	0.12514996103432985	MEGF11	0.26961923	False
5499	3.020099199114596	0.37796529708900245	0.12514996103432985	MIR4311	0.26961923	False
5500	2.8011904217564694	0.30845681681162673	0.11011633283331405	DIS3L	0.2696187	False
5501	2.8011904217564694	0.30845681681162673	0.11011633283331405	TIPIN	0.2696187	False
5502	2.8011904217564694	0.30845681681162673	0.11011633283331405	SCARNA14	0.2696187	False
5503	2.8011904217564694	0.30845681681162673	0.11011633283331405	MAP2K1	0.2696187	False
5504	2.8011904217564694	0.30845681681162673	0.11011633283331405	SNAPC5	0.2696187	False
5505	2.8011904217564694	0.30845681681162673	0.11011633283331405	MIR4512	0.2696187	False
5506	2.8011904217564694	0.30845681681162673	0.11011633283331405	RPL4	0.2696187	False
5507	2.8011904217564694	0.30845681681162673	0.11011633283331405	SNORD18C	0.2696187	False
5508	2.8011904217564694	0.30845681681162673	0.11011633283331405	SNORD18B	0.2696187	False
5509	2.8011904217564694	0.30845681681162673	0.11011633283331405	SNORD16	0.2696187	False
5510	2.8011904217564694	0.30845681681162673	0.11011633283331405	SNORD18A	0.2696187	False
5511	2.8011904217564694	0.30845681681162673	0.11011633283331405	ZWILCH	0.2696187	False
5512	2.8011904217564694	0.30845681681162673	0.11011633283331405	LCTL	0.2696187	False
5513	2.8011904217564694	0.30845681681162673	0.11011633283331405	LINC01169	0.2696187	False
5514	2.8011904217564694	0.30845681681162673	0.11011633283331405	SMAD6	0.2696187	False
5515	2.769963827225727	0.27449928505393917	0.09909850892488566	SMAD3	0.26961845	False
5516	2.788540573513631	0.30233715028633834	0.10842128429402265	C15orf39	0.2696187	False
5517	2.788540573513631	0.30233715028633834	0.10842128429402265	GOLGA6D	0.2696187	False
5518	2.788540573513631	0.30233715028633834	0.10842128429402265	GOLGA6C	0.2696187	False
5519	2.788540573513631	0.30233715028633834	0.10842128429402265	COMMD4	0.2696187	False
5520	2.788540573513631	0.30233715028633834	0.10842128429402265	NEIL1	0.2696187	False
5521	2.788540573513631	0.30233715028633834	0.10842128429402265	MIR631	0.2696187	False
5522	2.788540573513631	0.30233715028633834	0.10842128429402265	MAN2C1	0.2696187	False
5523	2.788540573513631	0.30233715028633834	0.10842128429402265	SIN3A	0.2696187	False
5524	2.788540573513631	0.30233715028633834	0.10842128429402265	PTPN9	0.2696187	False
5525	2.788540573513631	0.30233715028633834	0.10842128429402265	SNUPN	0.2696187	False
5526	2.788540573513631	0.30233715028633834	0.10842128429402265	IMP3	0.2696187	False
5527	2.788540573513631	0.30233715028633834	0.10842128429402265	SNX33	0.2696187	False
5528	2.788540573513631	0.30233715028633834	0.10842128429402265	CSPG4	0.2696187	False
5529	2.788540573513631	0.30233715028633834	0.10842128429402265	ODF3L1	0.2696187	False
5530	2.788540573513631	0.30233715028633834	0.10842128429402265	DNM1P35	0.2696187	False
5531	2.788540573513631	0.30233715028633834	0.10842128429402265	MIR4313	0.2696187	False
5532	2.896069251257763	0.34434739414422894	0.11890164366569579	MFGE8	0.26961896	False
5533	2.896069251257763	0.34434739414422894	0.11890164366569579	ABHD2	0.26961896	False
5534	3.416752299852468	0.6326234610852908	0.1851534456017215	RLBP1	0.26962158	False
5535	3.416752299852468	0.6326234610852908	0.1851534456017215	FANCI	0.26962158	False
5536	3.416752299852468	0.6326234610852908	0.1851534456017215	POLG	0.26962158	False
5537	3.416752299852468	0.6326234610852908	0.1851534456017215	MIR6766	0.26962158	False
5538	3.416752299852468	0.6326234610852908	0.1851534456017215	MIR9-3HG	0.26962158	False
5539	3.416752299852468	0.6326234610852908	0.1851534456017215	MIR9-3	0.26962158	False
5540	3.416752299852468	0.6326234610852908	0.1851534456017215	RHCG	0.26962158	False
5541	3.416752299852468	0.6326234610852908	0.1851534456017215	LINC00928	0.26962158	False
5542	3.416752299852468	0.6326234610852908	0.1851534456017215	TICRR	0.26962158	False
5543	3.416752299852468	0.6326234610852908	0.1851534456017215	KIF7	0.26962158	False
5544	3.416752299852468	0.6326234610852908	0.1851534456017215	PLIN1	0.26962158	False
5545	3.416752299852468	0.6326234610852908	0.1851534456017215	PEX11A	0.26962158	False
5546	3.416752299852468	0.6326234610852908	0.1851534456017215	WDR93	0.26962158	False
5547	3.416752299852468	0.6326234610852908	0.1851534456017215	MESP1	0.26962158	False
5548	3.416752299852468	0.6326234610852908	0.1851534456017215	MESP2	0.26962158	False
5549	3.416752299852468	0.6326234610852908	0.1851534456017215	ANPEP	0.26962158	False
5550	3.416752299852468	0.6326234610852908	0.1851534456017215	AP3S2	0.26962158	False
5551	3.4933066827232917	0.6133351511922163	0.17557437891885175	C15orf38-AP3S2	0.26962164	False
5552	3.416752299852468	0.6326234610852908	0.1851534456017215	MIR5094	0.26962158	False
5553	3.416752299852468	0.6326234610852908	0.1851534456017215	MIR5009	0.26962158	False
5554	3.4933066827232917	0.6133351511922163	0.17557437891885175	ARPIN	0.26962164	False
5555	3.4933066827232917	0.6133351511922163	0.17557437891885175	ZNF710	0.26962164	False
5556	3.4933066827232917	0.6133351511922163	0.17557437891885175	MIR3174	0.26962164	False
5557	3.4933066827232917	0.6133351511922163	0.17557437891885175	IDH2	0.26962164	False
5558	3.8456620101454764	0.8534581446272181	0.221927497106001	SEMA4B	0.26962456	False
5559	3.8456620101454764	0.8534581446272181	0.221927497106001	CIB1	0.26962456	False
5560	3.8456620101454764	0.8534581446272181	0.221927497106001	GDPGP1	0.26962456	False
5561	3.8456620101454764	0.8534581446272181	0.221927497106001	TTLL13P	0.26962456	False
5562	3.8456620101454764	0.8534581446272181	0.221927497106001	NGRN	0.26962456	False
5563	3.8456620101454764	0.8534581446272181	0.221927497106001	ZNF774	0.26962456	False
5564	3.8456620101454764	0.8534581446272181	0.221927497106001	IQGAP1	0.26962456	False
5565	3.8456620101454764	0.8534581446272181	0.221927497106001	CRTC3	0.26962456	False
5566	3.8456620101454764	0.8534581446272181	0.221927497106001	CRTC3-AS1	0.26962456	False
5567	3.8456620101454764	0.8534581446272181	0.221927497106001	LINC01585	0.26962456	False
5568	3.8456620101454764	0.8534581446272181	0.221927497106001	BLM	0.26962456	False
5569	3.8456620101454764	0.8534581446272181	0.221927497106001	FURIN	0.26962456	False
5570	3.8456620101454764	0.8534581446272181	0.221927497106001	FES	0.26962456	False
5571	3.500323826746977	0.5993192763337964	0.17121823751112003	MAN2A2	0.26962164	False
5572	3.500323826746977	0.5993192763337964	0.17121823751112003	HDDC3	0.26962164	False
5573	3.500323826746977	0.5993192763337964	0.17121823751112003	UNC45A	0.26962164	False
5574	3.500323826746977	0.5993192763337964	0.17121823751112003	RCCD1	0.26962164	False
5575	3.500323826746977	0.5993192763337964	0.17121823751112003	PRC1	0.26962164	False
5576	3.500323826746977	0.5993192763337964	0.17121823751112003	PRC1-AS1	0.26962164	False
5577	3.500323826746977	0.5993192763337964	0.17121823751112003	VPS33B	0.26962164	False
5578	3.500323826746977	0.5993192763337964	0.17121823751112003	VPS33B-DT	0.26962164	False
5579	3.500323826746977	0.5993192763337964	0.17121823751112003	SV2B	0.26962164	False
5580	3.51810534009876	0.6429359188978248	0.1827506162393012	CRAT37	0.269622	False
5581	3.1277726833628337	0.4328665699985856	0.13839451066923056	SLCO3A1	0.26961973	False
5582	2.8387476672046152	0.3782565010393136	0.13324766600752228	ST8SIA2	0.2696191	False
5583	2.8387476672046152	0.3782565010393136	0.13324766600752228	LOC104613533	0.2696191	False
5584	2.8387476672046152	0.3782565010393136	0.13324766600752228	C15orf32	0.2696191	False
5585	2.8387476672046152	0.3782565010393136	0.13324766600752228	LINC00930	0.2696191	False
5586	2.8387476672046152	0.3782565010393136	0.13324766600752228	FAM174B	0.2696191	False
5587	2.8387476672046152	0.3782565010393136	0.13324766600752228	LINC01578	0.2696191	False
5588	3.26135190348516	0.41696351976340534	0.1278499015447637	LMF1	0.26961967	False
5589	3.26135190348516	0.41696351976340534	0.1278499015447637	LMF1-AS1	0.26961967	False
5590	3.26135190348516	0.41696351976340534	0.1278499015447637	SOX8	0.26961967	False
5591	3.26135190348516	0.41696351976340534	0.1278499015447637	SSTR5-AS1	0.26961967	False
5592	3.26135190348516	0.41696351976340534	0.1278499015447637	SSTR5	0.26961967	False
5593	3.26135190348516	0.41696351976340534	0.1278499015447637	C1QTNF8	0.26961967	False
5594	3.26135190348516	0.41696351976340534	0.1278499015447637	CACNA1H	0.26961967	False
5595	3.26135190348516	0.41696351976340534	0.1278499015447637	TPSG1	0.26961967	False
5596	3.26135190348516	0.41696351976340534	0.1278499015447637	TPSB2	0.26961967	False
5597	3.26135190348516	0.41696351976340534	0.1278499015447637	TPSAB1	0.26961967	False
5598	3.26135190348516	0.41696351976340534	0.1278499015447637	TPSD1	0.26961967	False
5599	3.26135190348516	0.41696351976340534	0.1278499015447637	UBE2I	0.26961967	False
5600	3.26135190348516	0.41696351976340534	0.1278499015447637	BAIAP3	0.26961967	False
5601	3.26135190348516	0.41696351976340534	0.1278499015447637	TSR3	0.26961967	False
5602	3.26135190348516	0.41696351976340534	0.1278499015447637	GNPTG	0.26961967	False
5603	3.26135190348516	0.41696351976340534	0.1278499015447637	UNKL	0.26961967	False
5604	3.26135190348516	0.41696351976340534	0.1278499015447637	C16orf91	0.26961967	False
5605	3.26135190348516	0.41696351976340534	0.1278499015447637	CCDC154	0.26961967	False
5606	3.26135190348516	0.41696351976340534	0.1278499015447637	CLCN7	0.26961967	False
5607	3.26135190348516	0.41696351976340534	0.1278499015447637	PTX4	0.26961967	False
5608	3.26135190348516	0.41696351976340534	0.1278499015447637	TELO2	0.26961967	False
5609	3.26135190348516	0.41696351976340534	0.1278499015447637	IFT140	0.26961967	False
5610	3.26135190348516	0.41696351976340534	0.1278499015447637	TMEM204	0.26961967	False
5611	3.26135190348516	0.41696351976340534	0.1278499015447637	LOC105371046	0.26961967	False
5612	3.26135190348516	0.41696351976340534	0.1278499015447637	CRAMP1	0.26961967	False
5613	3.26135190348516	0.41696351976340534	0.1278499015447637	JPT2	0.26961967	False
5614	3.26135190348516	0.41696351976340534	0.1278499015447637	MAPK8IP3	0.26961967	False
5615	3.26135190348516	0.41696351976340534	0.1278499015447637	MIR3177	0.26961967	False
5616	3.26135190348516	0.41696351976340534	0.1278499015447637	NME3	0.26961967	False
5617	3.26135190348516	0.41696351976340534	0.1278499015447637	MRPS34	0.26961967	False
5618	3.26135190348516	0.41696351976340534	0.1278499015447637	EME2	0.26961967	False
5619	3.26135190348516	0.41696351976340534	0.1278499015447637	SPSB3	0.26961967	False
5620	3.26135190348516	0.41696351976340534	0.1278499015447637	NUBP2	0.26961967	False
5621	3.26135190348516	0.41696351976340534	0.1278499015447637	IGFALS	0.26961967	False
5622	3.26135190348516	0.41696351976340534	0.1278499015447637	HAGH	0.26961967	False
5623	3.26135190348516	0.41696351976340534	0.1278499015447637	FAHD1	0.26961967	False
5624	3.26135190348516	0.41696351976340534	0.1278499015447637	MEIOB	0.26961967	False
5625	3.26135190348516	0.41696351976340534	0.1278499015447637	LINC00254	0.26961967	False
5626	3.3934258708313423	0.3943937809738351	0.1162228956771683	HS3ST6	0.26961958	False
5627	3.3934258708313423	0.3943937809738351	0.1162228956771683	MSRB1	0.26961958	False
5628	3.3934258708313423	0.3943937809738351	0.1162228956771683	RPL3L	0.26961958	False
5629	3.3934258708313423	0.3943937809738351	0.1162228956771683	NDUFB10	0.26961958	False
5630	3.3934258708313423	0.3943937809738351	0.1162228956771683	RPS2	0.26961958	False
5631	3.3934258708313423	0.3943937809738351	0.1162228956771683	SNORA10	0.26961958	False
5632	3.3934258708313423	0.3943937809738351	0.1162228956771683	SNORA64	0.26961958	False
5633	3.3934258708313423	0.3943937809738351	0.1162228956771683	SNHG9	0.26961958	False
5634	3.3934258708313423	0.3943937809738351	0.1162228956771683	SNORA78	0.26961958	False
5635	3.3934258708313423	0.3943937809738351	0.1162228956771683	RNF151	0.26961958	False
5636	3.3934258708313423	0.3943937809738351	0.1162228956771683	TBL3	0.26961958	False
5637	3.3934258708313423	0.3943937809738351	0.1162228956771683	NOXO1	0.26961958	False
5638	3.3934258708313423	0.3943937809738351	0.1162228956771683	GFER	0.26961958	False
5639	3.3934258708313423	0.3943937809738351	0.1162228956771683	SYNGR3	0.26961958	False
5640	3.3934258708313423	0.3943937809738351	0.1162228956771683	ZNF598	0.26961958	False
5641	3.3934258708313423	0.3943937809738351	0.1162228956771683	NPW	0.26961958	False
5642	3.3934258708313423	0.3943937809738351	0.1162228956771683	SLC9A3R2	0.26961958	False
5643	3.3934258708313423	0.3943937809738351	0.1162228956771683	NTHL1	0.26961958	False
5644	3.3934258708313423	0.3943937809738351	0.1162228956771683	TSC2	0.26961958	False
5645	3.3934258708313423	0.3943937809738351	0.1162228956771683	PKD1	0.26961958	False
5646	3.3934258708313423	0.3943937809738351	0.1162228956771683	MIR1225	0.26961958	False
5647	3.3934258708313423	0.3943937809738351	0.1162228956771683	LOC105371049	0.26961958	False
5648	3.3934258708313423	0.3943937809738351	0.1162228956771683	MIR4516	0.26961958	False
5649	3.3934258708313423	0.3943937809738351	0.1162228956771683	MIR3180-5	0.26961958	False
5650	3.3934258708313423	0.3943937809738351	0.1162228956771683	RAB26	0.26961958	False
5651	3.3934258708313423	0.3943937809738351	0.1162228956771683	SNHG19	0.26961958	False
5652	3.3934258708313423	0.3943937809738351	0.1162228956771683	SNORD60	0.26961958	False
5653	3.3934258708313423	0.3943937809738351	0.1162228956771683	TRAF7	0.26961958	False
5654	3.3934258708313423	0.3943937809738351	0.1162228956771683	CASKIN1	0.26961958	False
5655	3.3934258708313423	0.3943937809738351	0.1162228956771683	MLST8	0.26961958	False
5656	3.3934258708313423	0.3943937809738351	0.1162228956771683	BRICD5	0.26961958	False
5657	3.3934258708313423	0.3943937809738351	0.1162228956771683	PGP	0.26961958	False
5658	3.3934258708313423	0.3943937809738351	0.1162228956771683	E4F1	0.26961958	False
5659	3.3934258708313423	0.3943937809738351	0.1162228956771683	DNASE1L2	0.26961958	False
5660	3.3934258708313423	0.3943937809738351	0.1162228956771683	ECI1	0.26961958	False
5661	3.3934258708313423	0.3943937809738351	0.1162228956771683	RNPS1	0.26961958	False
5662	3.3934258708313423	0.3943937809738351	0.1162228956771683	LOC106660606	0.26961958	False
5663	3.3934258708313423	0.3943937809738351	0.1162228956771683	MIR3677	0.26961958	False
5664	3.3934258708313423	0.3943937809738351	0.1162228956771683	MIR940	0.26961958	False
5665	3.3934258708313423	0.3943937809738351	0.1162228956771683	MIR4717	0.26961958	False
5666	3.3934258708313423	0.3943937809738351	0.1162228956771683	ABCA3	0.26961958	False
5667	3.3934258708313423	0.3943937809738351	0.1162228956771683	CCNF	0.26961958	False
5668	3.3934258708313423	0.3943937809738351	0.1162228956771683	TEDC2	0.26961958	False
5669	3.3934258708313423	0.3943937809738351	0.1162228956771683	MIR6768	0.26961958	False
5670	3.3934258708313423	0.3943937809738351	0.1162228956771683	LOC729652	0.26961958	False
5671	3.3934258708313423	0.3943937809738351	0.1162228956771683	NTN3	0.26961958	False
5672	3.3934258708313423	0.3943937809738351	0.1162228956771683	TBC1D24	0.26961958	False
5673	3.3934258708313423	0.3943937809738351	0.1162228956771683	ATP6V0C	0.26961958	False
5674	3.3934258708313423	0.3943937809738351	0.1162228956771683	AMDHD2	0.26961958	False
5675	3.3934258708313423	0.3943937809738351	0.1162228956771683	CEMP1	0.26961958	False
5676	3.3934258708313423	0.3943937809738351	0.1162228956771683	MIR3178	0.26961958	False
5677	3.3934258708313423	0.3943937809738351	0.1162228956771683	PDPK1	0.26961958	False
5678	3.3934258708313423	0.3943937809738351	0.1162228956771683	ERVK13-1	0.26961958	False
5679	3.3934258708313423	0.3943937809738351	0.1162228956771683	KCTD5	0.26961958	False
5680	3.3934258708313423	0.3943937809738351	0.1162228956771683	PRSS27	0.26961958	False
5681	3.3934258708313423	0.3943937809738351	0.1162228956771683	SRRM2-AS1	0.26961958	False
5682	3.3934258708313423	0.3943937809738351	0.1162228956771683	SRRM2	0.26961958	False
5683	3.3934258708313423	0.3943937809738351	0.1162228956771683	ELOB	0.26961958	False
5684	3.3934258708313423	0.3943937809738351	0.1162228956771683	PRSS33	0.26961958	False
5685	3.3934258708313423	0.3943937809738351	0.1162228956771683	PRSS21	0.26961958	False
5686	3.3934258708313423	0.3943937809738351	0.1162228956771683	ZG16B	0.26961958	False
5687	3.3934258708313423	0.3943937809738351	0.1162228956771683	PRSS22	0.26961958	False
5688	3.3934258708313423	0.3943937809738351	0.1162228956771683	FLYWCH2	0.26961958	False
5689	3.128029643916896	0.31375207031240643	0.1003034197334295	FLYWCH1	0.2696188	False
5690	3.128029643916896	0.31375207031240643	0.1003034197334295	KREMEN2	0.2696188	False
5691	3.128029643916896	0.31375207031240643	0.1003034197334295	PKMYT1	0.2696188	False
5692	3.128029643916896	0.31375207031240643	0.1003034197334295	PAQR4	0.2696188	False
5693	3.128029643916896	0.31375207031240643	0.1003034197334295	LOC101929613	0.2696188	False
5694	3.128029643916896	0.31375207031240643	0.1003034197334295	LINC00514	0.2696188	False
5695	3.128029643916896	0.31375207031240643	0.1003034197334295	CLDN9	0.2696188	False
5696	3.128029643916896	0.31375207031240643	0.1003034197334295	CLDN6	0.2696188	False
5697	3.128029643916896	0.31375207031240643	0.1003034197334295	TNFRSF12A	0.2696188	False
5698	3.128029643916896	0.31375207031240643	0.1003034197334295	HCFC1R1	0.2696188	False
5699	3.128029643916896	0.31375207031240643	0.1003034197334295	THOC6	0.2696188	False
5700	3.128029643916896	0.31375207031240643	0.1003034197334295	BICDL2	0.2696188	False
5701	3.128029643916896	0.31375207031240643	0.1003034197334295	LOC100128770	0.2696188	False
5702	3.128029643916896	0.31375207031240643	0.1003034197334295	MMP25	0.2696188	False
5703	3.128029643916896	0.31375207031240643	0.1003034197334295	MMP25-AS1	0.2696188	False
5704	3.128029643916896	0.31375207031240643	0.1003034197334295	IL32	0.2696188	False
5705	3.128029643916896	0.31375207031240643	0.1003034197334295	ZSCAN10	0.2696188	False
5706	3.128029643916896	0.31375207031240643	0.1003034197334295	ZNF205-AS1	0.2696188	False
5707	3.128029643916896	0.31375207031240643	0.1003034197334295	ZNF205	0.2696188	False
5708	3.128029643916896	0.31375207031240643	0.1003034197334295	ZNF213-AS1	0.2696188	False
5709	3.128029643916896	0.31375207031240643	0.1003034197334295	ZNF213	0.2696188	False
5710	3.128029643916896	0.31375207031240643	0.1003034197334295	OR1F1	0.2696188	False
5711	3.128029643916896	0.31375207031240643	0.1003034197334295	ZNF200	0.2696188	False
5712	3.128029643916896	0.31375207031240643	0.1003034197334295	MEFV	0.2696188	False
5713	3.128029643916896	0.31375207031240643	0.1003034197334295	LINC00921	0.2696188	False
5714	3.128029643916896	0.31375207031240643	0.1003034197334295	ZNF263	0.2696188	False
5715	3.128029643916896	0.31375207031240643	0.1003034197334295	TIGD7	0.2696188	False
5716	3.128029643916896	0.31375207031240643	0.1003034197334295	ZNF75A	0.2696188	False
5717	3.128029643916896	0.31375207031240643	0.1003034197334295	OR2C1	0.2696188	False
5718	3.128029643916896	0.31375207031240643	0.1003034197334295	NAA60	0.2696188	False
5719	3.128029643916896	0.31375207031240643	0.1003034197334295	MTRNR2L4	0.2696188	False
5720	3.128029643916896	0.31375207031240643	0.1003034197334295	ZSCAN32	0.2696188	False
5721	3.128029643916896	0.31375207031240643	0.1003034197334295	ZNF174	0.2696188	False
5722	3.128029643916896	0.31375207031240643	0.1003034197334295	ZNF597	0.2696188	False
5723	3.128029643916896	0.31375207031240643	0.1003034197334295	CLUAP1	0.2696188	False
5724	3.128029643916896	0.31375207031240643	0.1003034197334295	MIR6126	0.2696188	False
5725	3.128029643916896	0.31375207031240643	0.1003034197334295	C16orf90	0.2696188	False
5726	3.128029643916896	0.31375207031240643	0.1003034197334295	NLRC3	0.2696188	False
5727	3.128029643916896	0.31375207031240643	0.1003034197334295	SLX4	0.2696188	False
5728	3.128029643916896	0.31375207031240643	0.1003034197334295	DNASE1	0.2696188	False
5729	3.128029643916896	0.31375207031240643	0.1003034197334295	TRAP1	0.2696188	False
5730	3.128029643916896	0.31375207031240643	0.1003034197334295	CREBBP	0.2696188	False
5731	2.8984059646479463	0.2608071038796825	0.08998294478439679	LOC102724927	0.26961845	False
5732	2.8984059646479463	0.2608071038796825	0.08998294478439679	ADCY9	0.26961845	False
5733	2.8262842348865163	0.2953855892413566	0.10451375894725508	SRL	0.26961857	False
5734	2.8262842348865163	0.2953855892413566	0.10451375894725508	LINC01569	0.26961857	False
5735	2.8262842348865163	0.2953855892413566	0.10451375894725508	TFAP4	0.26961857	False
5736	2.8262842348865163	0.2953855892413566	0.10451375894725508	GLIS2	0.26961857	False
5737	2.8262842348865163	0.2953855892413566	0.10451375894725508	GLIS2-AS1	0.26961857	False
5738	2.8262842348865163	0.2953855892413566	0.10451375894725508	PAM16	0.26961857	False
5739	2.8262842348865163	0.2953855892413566	0.10451375894725508	CORO7-PAM16	0.26961857	False
5740	2.8262842348865163	0.2953855892413566	0.10451375894725508	CORO7	0.26961857	False
5741	2.8262842348865163	0.2953855892413566	0.10451375894725508	VASN	0.26961857	False
5742	2.8262842348865163	0.2953855892413566	0.10451375894725508	DNAJA3	0.26961857	False
5743	2.8262842348865163	0.2953855892413566	0.10451375894725508	NMRAL1	0.26961857	False
5744	2.8262842348865163	0.2953855892413566	0.10451375894725508	HMOX2	0.26961857	False
5745	2.8262842348865163	0.2953855892413566	0.10451375894725508	CDIP1	0.26961857	False
5746	2.8262842348865163	0.2953855892413566	0.10451375894725508	C16orf96	0.26961857	False
5747	2.8262842348865163	0.2953855892413566	0.10451375894725508	UBALD1	0.26961857	False
5748	2.8262842348865163	0.2953855892413566	0.10451375894725508	MGRN1	0.26961857	False
5749	2.8262842348865163	0.2953855892413566	0.10451375894725508	MIR6769A	0.26961857	False
5750	2.8262842348865163	0.2953855892413566	0.10451375894725508	NUDT16L1	0.26961857	False
5751	2.8262842348865163	0.2953855892413566	0.10451375894725508	ANKS3	0.26961857	False
5752	2.8262842348865163	0.2953855892413566	0.10451375894725508	ZNF500	0.26961857	False
5753	2.8262842348865163	0.2953855892413566	0.10451375894725508	C16orf71	0.26961857	False
5754	2.8262842348865163	0.2953855892413566	0.10451375894725508	SEPT12	0.26961857	False
5755	2.8262842348865163	0.2953855892413566	0.10451375894725508	SMIM22	0.26961857	False
5756	2.8262842348865163	0.2953855892413566	0.10451375894725508	ROGDI	0.26961857	False
5757	2.8262842348865163	0.2953855892413566	0.10451375894725508	GLYR1	0.26961857	False
5758	2.8262842348865163	0.2953855892413566	0.10451375894725508	UBN1	0.26961857	False
5759	2.731125839738354	0.22946871638807464	0.08401982546877375	SNX29P2	0.26961818	False
5760	2.731125839738354	0.22946871638807464	0.08401982546877375	NPIPB11	0.26961818	False
5761	2.731125839738354	0.22946871638807464	0.08401982546877375	BOLA2-SMG1P6	0.26961818	False
5762	2.861495138038597	0.2698030674091136	0.09428744568619091	BOLA2	0.26961845	False
5763	2.861495138038597	0.2698030674091136	0.09428744568619091	SLX1A	0.26961845	False
5764	2.861495138038597	0.2698030674091136	0.09428744568619091	SLX1A-SULT1A3	0.26961845	False
5765	2.861495138038597	0.2698030674091136	0.09428744568619091	SULT1A4	0.26961845	False
5766	2.861495138038597	0.2698030674091136	0.09428744568619091	LOC388242	0.26961845	False
5767	2.731125839738354	0.22946871638807464	0.08401982546877375	SPN	0.26961818	False
5768	2.731125839738354	0.22946871638807464	0.08401982546877375	QPRT	0.26961818	False
5769	2.731125839738354	0.22946871638807464	0.08401982546877375	C16orf54	0.26961818	False
5770	2.731125839738354	0.22946871638807464	0.08401982546877375	ZG16	0.26961818	False
5771	2.731125839738354	0.22946871638807464	0.08401982546877375	KIF22	0.26961818	False
5772	2.731125839738354	0.22946871638807464	0.08401982546877375	MAZ	0.26961818	False
5773	2.731125839738354	0.22946871638807464	0.08401982546877375	PRRT2	0.26961818	False
5774	2.731125839738354	0.22946871638807464	0.08401982546877375	PAGR1	0.26961818	False
5775	2.731125839738354	0.22946871638807464	0.08401982546877375	MVP	0.26961818	False
5776	2.731125839738354	0.22946871638807464	0.08401982546877375	CDIPT	0.26961818	False
5777	2.731125839738354	0.22946871638807464	0.08401982546877375	CDIPTOSP	0.26961818	False
5778	2.731125839738354	0.22946871638807464	0.08401982546877375	SEZ6L2	0.26961818	False
5779	2.861495138038597	0.2698030674091136	0.09428744568619091	ASPHD1	0.26961845	False
5780	2.861495138038597	0.2698030674091136	0.09428744568619091	KCTD13	0.26961845	False
5781	2.861495138038597	0.2698030674091136	0.09428744568619091	TMEM219	0.26961845	False
5782	2.861495138038597	0.2698030674091136	0.09428744568619091	TAOK2	0.26961845	False
5783	2.861495138038597	0.2698030674091136	0.09428744568619091	HIRIP3	0.26961845	False
5784	2.861495138038597	0.2698030674091136	0.09428744568619091	INO80E	0.26961845	False
5785	2.861495138038597	0.2698030674091136	0.09428744568619091	DOC2A	0.26961845	False
5786	2.861495138038597	0.2698030674091136	0.09428744568619091	C16orf92	0.26961845	False
5787	2.861495138038597	0.2698030674091136	0.09428744568619091	FAM57B	0.26961845	False
5788	2.861495138038597	0.2698030674091136	0.09428744568619091	ALDOA	0.26961845	False
5789	2.861495138038597	0.2698030674091136	0.09428744568619091	PPP4C	0.26961845	False
5790	2.861495138038597	0.2698030674091136	0.09428744568619091	TBX6	0.26961845	False
5791	2.861495138038597	0.2698030674091136	0.09428744568619091	YPEL3	0.26961845	False
5792	2.861495138038597	0.2698030674091136	0.09428744568619091	LOC101928595	0.26961845	False
5793	3.183307430810016	0.4137757824322866	0.12998297884379903	GDPD3	0.26961955	False
5794	3.183307430810016	0.4137757824322866	0.12998297884379903	MAPK3	0.26961955	False
5795	3.183307430810016	0.4137757824322866	0.12998297884379903	CORO1A	0.26961955	False
5796	3.183307430810016	0.4137757824322866	0.12998297884379903	NPIPB13	0.26961955	False
5797	3.183307430810016	0.4137757824322866	0.12998297884379903	CD2BP2	0.26961955	False
5798	3.183307430810016	0.4137757824322866	0.12998297884379903	TBC1D10B	0.26961955	False
5799	3.183307430810016	0.4137757824322866	0.12998297884379903	MYLPF	0.26961955	False
5800	3.183307430810016	0.4137757824322866	0.12998297884379903	SEPT1	0.26961955	False
5801	3.183307430810016	0.4137757824322866	0.12998297884379903	ZNF48	0.26961955	False
5802	3.183307430810016	0.4137757824322866	0.12998297884379903	ZNF771	0.26961955	False
5803	3.183307430810016	0.4137757824322866	0.12998297884379903	DCTPP1	0.26961955	False
5804	3.183307430810016	0.4137757824322866	0.12998297884379903	SEPHS2	0.26961955	False
5805	3.183307430810016	0.4137757824322866	0.12998297884379903	ITGAL	0.26961955	False
5806	3.183307430810016	0.4137757824322866	0.12998297884379903	MIR4518	0.26961955	False
5807	3.183307430810016	0.4137757824322866	0.12998297884379903	ZNF768	0.26961955	False
5808	3.183307430810016	0.4137757824322866	0.12998297884379903	ZNF747	0.26961955	False
5809	3.183307430810016	0.4137757824322866	0.12998297884379903	ZNF764	0.26961955	False
5810	3.183307430810016	0.4137757824322866	0.12998297884379903	ZNF688	0.26961955	False
5811	3.183307430810016	0.4137757824322866	0.12998297884379903	ZNF785	0.26961955	False
5812	3.183307430810016	0.4137757824322866	0.12998297884379903	ZNF689	0.26961955	False
5813	3.183307430810016	0.4137757824322866	0.12998297884379903	PRR14	0.26961955	False
5814	3.183307430810016	0.4137757824322866	0.12998297884379903	FBRS	0.26961955	False
5815	3.183307430810016	0.4137757824322866	0.12998297884379903	LOC730183	0.26961955	False
5816	3.183307430810016	0.4137757824322866	0.12998297884379903	SRCAP	0.26961955	False
5817	3.183307430810016	0.4137757824322866	0.12998297884379903	SNORA30	0.26961955	False
5818	3.183307430810016	0.4137757824322866	0.12998297884379903	TMEM265	0.26961955	False
5819	3.183307430810016	0.4137757824322866	0.12998297884379903	PHKG2	0.26961955	False
5820	3.183307430810016	0.4137757824322866	0.12998297884379903	CCDC189	0.26961955	False
5821	3.183307430810016	0.4137757824322866	0.12998297884379903	RNF40	0.26961955	False
5822	3.183307430810016	0.4137757824322866	0.12998297884379903	ZNF629	0.26961955	False
5823	3.183307430810016	0.4137757824322866	0.12998297884379903	BCL7C	0.26961955	False
5824	3.183307430810016	0.4137757824322866	0.12998297884379903	MIR762HG	0.26961955	False
5825	3.183307430810016	0.4137757824322866	0.12998297884379903	MIR4519	0.26961955	False
5826	3.183307430810016	0.4137757824322866	0.12998297884379903	MIR762	0.26961955	False
5827	3.183307430810016	0.4137757824322866	0.12998297884379903	CTF1	0.26961955	False
5828	3.183307430810016	0.4137757824322866	0.12998297884379903	FBXL19-AS1	0.26961955	False
5829	3.183307430810016	0.4137757824322866	0.12998297884379903	FBXL19	0.26961955	False
5830	3.183307430810016	0.4137757824322866	0.12998297884379903	ORAI3	0.26961955	False
5831	3.183307430810016	0.4137757824322866	0.12998297884379903	SETD1A	0.26961955	False
5832	3.183307430810016	0.4137757824322866	0.12998297884379903	HSD3B7	0.26961955	False
5833	3.183307430810016	0.4137757824322866	0.12998297884379903	STX1B	0.26961955	False
5834	3.183307430810016	0.4137757824322866	0.12998297884379903	STX4	0.26961955	False
5835	3.183307430810016	0.4137757824322866	0.12998297884379903	ZNF668	0.26961955	False
5836	3.183307430810016	0.4137757824322866	0.12998297884379903	ZNF646	0.26961955	False
5837	3.183307430810016	0.4137757824322866	0.12998297884379903	PRSS53	0.26961955	False
5838	3.183307430810016	0.4137757824322866	0.12998297884379903	VKORC1	0.26961955	False
5839	3.298108620862039	0.5085059228351031	0.1541810720297602	BCKDK	0.26962036	False
5840	3.298108620862039	0.5085059228351031	0.1541810720297602	KAT8	0.26962036	False
5841	3.298108620862039	0.5085059228351031	0.1541810720297602	PRSS8	0.26962036	False
5842	3.298108620862039	0.5085059228351031	0.1541810720297602	PRSS36	0.26962036	False
5843	3.298108620862039	0.5085059228351031	0.1541810720297602	FUS	0.26962036	False
5844	3.298108620862039	0.5085059228351031	0.1541810720297602	PYCARD	0.26962036	False
5845	3.298108620862039	0.5085059228351031	0.1541810720297602	PYCARD-AS1	0.26962036	False
5846	3.298108620862039	0.5085059228351031	0.1541810720297602	TRIM72	0.26962036	False
5847	3.298108620862039	0.5085059228351031	0.1541810720297602	PYDC1	0.26962036	False
5848	3.298108620862039	0.5085059228351031	0.1541810720297602	ITGAM	0.26962036	False
5849	3.298108620862039	0.5085059228351031	0.1541810720297602	ITGAX	0.26962036	False
5850	3.298108620862039	0.5085059228351031	0.1541810720297602	ITGAD	0.26962036	False
5851	3.298108620862039	0.5085059228351031	0.1541810720297602	COX6A2	0.26962036	False
5852	3.298108620862039	0.5085059228351031	0.1541810720297602	ZNF843	0.26962036	False
5853	3.298108620862039	0.5085059228351031	0.1541810720297602	ARMC5	0.26962036	False
5854	3.298108620862039	0.5085059228351031	0.1541810720297602	TGFB1I1	0.26962036	False
5855	3.298108620862039	0.5085059228351031	0.1541810720297602	SLC5A2	0.26962036	False
5856	3.298108620862039	0.5085059228351031	0.1541810720297602	C16orf58	0.26962036	False
5857	3.298108620862039	0.5085059228351031	0.1541810720297602	AHSP	0.26962036	False
5858	3.298108620862039	0.5085059228351031	0.1541810720297602	ZNF720	0.26962036	False
5859	3.298108620862039	0.5085059228351031	0.1541810720297602	ZNF267	0.26962036	False
5860	3.3511970588502913	0.620342092336312	0.18511059822579792	TP53TG3D	0.26962116	False
5861	3.1071486700906803	0.472680318527683	0.15212671446258416	MIR4522	0.26961988	False
5862	3.1071486700906803	0.472680318527683	0.15212671446258416	WSB1	0.26961988	False
5863	3.1071486700906803	0.472680318527683	0.15212671446258416	KSR1	0.26961988	False
5864	3.1071486700906803	0.472680318527683	0.15212671446258416	LGALS9	0.26961988	False
5865	3.1071486700906803	0.472680318527683	0.15212671446258416	NOS2	0.26961988	False
5866	3.1071486700906803	0.472680318527683	0.15212671446258416	LYRM9	0.26961988	False
5867	3.100187782856227	0.45278917706048644	0.14605217773077225	NLK	0.26961982	False
5868	3.100187782856227	0.45278917706048644	0.14605217773077225	TMEM97	0.26961982	False
5869	3.100187782856227	0.45278917706048644	0.14605217773077225	IFT20	0.26961982	False
5870	3.100187782856227	0.45278917706048644	0.14605217773077225	TNFAIP1	0.26961982	False
5871	3.100187782856227	0.45278917706048644	0.14605217773077225	POLDIP2	0.26961982	False
5872	3.100187782856227	0.45278917706048644	0.14605217773077225	TMEM199	0.26961982	False
5873	3.100187782856227	0.45278917706048644	0.14605217773077225	MIR4723	0.26961982	False
5874	3.100187782856227	0.45278917706048644	0.14605217773077225	SEBOX	0.26961982	False
5875	3.100187782856227	0.45278917706048644	0.14605217773077225	SARM1	0.26961982	False
5876	3.100187782856227	0.45278917706048644	0.14605217773077225	VTN	0.26961982	False
5877	3.100187782856227	0.45278917706048644	0.14605217773077225	SLC46A1	0.26961982	False
5878	3.100187782856227	0.45278917706048644	0.14605217773077225	SGK494	0.26961982	False
5879	3.100187782856227	0.45278917706048644	0.14605217773077225	SLC13A2	0.26961982	False
5880	3.100187782856227	0.45278917706048644	0.14605217773077225	FOXN1	0.26961982	False
5881	3.100187782856227	0.45278917706048644	0.14605217773077225	UNC119	0.26961982	False
5882	3.100187782856227	0.45278917706048644	0.14605217773077225	PIGS	0.26961982	False
5883	3.100187782856227	0.45278917706048644	0.14605217773077225	ALDOC	0.26961982	False
5884	3.100187782856227	0.45278917706048644	0.14605217773077225	SPAG5	0.26961982	False
5885	3.100187782856227	0.45278917706048644	0.14605217773077225	SPAG5-AS1	0.26961982	False
5886	3.100187782856227	0.45278917706048644	0.14605217773077225	KIAA0100	0.26961982	False
5887	3.100187782856227	0.45278917706048644	0.14605217773077225	SDF2	0.26961982	False
5888	3.100187782856227	0.45278917706048644	0.14605217773077225	SUPT6H	0.26961982	False
5889	3.100187782856227	0.45278917706048644	0.14605217773077225	PROCA1	0.26961982	False
5890	3.100187782856227	0.45278917706048644	0.14605217773077225	RAB34	0.26961982	False
5891	3.100187782856227	0.45278917706048644	0.14605217773077225	RPL23A	0.26961982	False
5892	3.100187782856227	0.45278917706048644	0.14605217773077225	SNORD42B	0.26961982	False
5893	3.100187782856227	0.45278917706048644	0.14605217773077225	SNORD4A	0.26961982	False
5894	3.100187782856227	0.45278917706048644	0.14605217773077225	SNORD42A	0.26961982	False
5895	3.100187782856227	0.45278917706048644	0.14605217773077225	SNORD4B	0.26961982	False
5896	3.100187782856227	0.45278917706048644	0.14605217773077225	TLCD1	0.26961982	False
5897	3.100187782856227	0.45278917706048644	0.14605217773077225	NEK8	0.26961982	False
5898	3.100187782856227	0.45278917706048644	0.14605217773077225	TRAF4	0.26961982	False
5899	3.100187782856227	0.45278917706048644	0.14605217773077225	FAM222B	0.26961982	False
5900	3.100187782856227	0.45278917706048644	0.14605217773077225	ERAL1	0.26961982	False
5901	3.100187782856227	0.45278917706048644	0.14605217773077225	MIR144	0.26961982	False
5902	3.100187782856227	0.45278917706048644	0.14605217773077225	MIR451A	0.26961982	False
5903	3.100187782856227	0.45278917706048644	0.14605217773077225	MIR4732	0.26961982	False
5904	3.100187782856227	0.45278917706048644	0.14605217773077225	FLOT2	0.26961982	False
5905	2.946109435302529	0.3603937583750082	0.12232870716087307	DHRS13	0.26961908	False
5906	2.946109435302529	0.3603937583750082	0.12232870716087307	PHF12	0.26961908	False
5907	2.946109435302529	0.3603937583750082	0.12232870716087307	LOC101927018	0.26961908	False
5908	2.946109435302529	0.3603937583750082	0.12232870716087307	PIPOX	0.26961908	False
5909	2.946109435302529	0.3603937583750082	0.12232870716087307	SEZ6	0.26961908	False
5910	2.946109435302529	0.3603937583750082	0.12232870716087307	MYO18A	0.26961908	False
5911	2.946109435302529	0.3603937583750082	0.12232870716087307	TIAF1	0.26961908	False
5912	2.946109435302529	0.3603937583750082	0.12232870716087307	CRYBA1	0.26961908	False
5913	2.946109435302529	0.3603937583750082	0.12232870716087307	NUFIP2	0.26961908	False
5914	2.946109435302529	0.3603937583750082	0.12232870716087307	TAOK1	0.26961908	False
5915	2.946109435302529	0.3603937583750082	0.12232870716087307	MIR4523	0.26961908	False
5916	2.946109435302529	0.3603937583750082	0.12232870716087307	ABHD15	0.26961908	False
5917	2.946109435302529	0.3603937583750082	0.12232870716087307	TP53I13	0.26961908	False
5918	2.946109435302529	0.3603937583750082	0.12232870716087307	GIT1	0.26961908	False
5919	2.946109435302529	0.3603937583750082	0.12232870716087307	ANKRD13B	0.26961908	False
5920	2.946109435302529	0.3603937583750082	0.12232870716087307	CORO6	0.26961908	False
5921	2.808568168604083	0.2759622787661976	0.0982572834980739	SSH2	0.26961845	False
5922	2.808568168604083	0.2759622787661976	0.0982572834980739	EFCAB5	0.26961845	False
5923	2.7586541143805814	0.2955270222678629	0.10712724756877305	NSRP1	0.2696186	False
5924	2.7586541143805814	0.2955270222678629	0.10712724756877305	MIR3184	0.2696186	False
5925	2.7586541143805814	0.2955270222678629	0.10712724756877305	MIR423	0.2696186	False
5926	2.7586541143805814	0.2955270222678629	0.10712724756877305	SLC6A4	0.2696186	False
5927	2.7586541143805814	0.2955270222678629	0.10712724756877305	BLMH	0.2696186	False
5928	2.7586541143805814	0.2955270222678629	0.10712724756877305	TMIGD1	0.2696186	False
5929	2.7586541143805814	0.2955270222678629	0.10712724756877305	CPD	0.2696186	False
5930	2.7586541143805814	0.2955270222678629	0.10712724756877305	GOSR1	0.2696186	False
5931	2.7586541143805814	0.2955270222678629	0.10712724756877305	TBC1D29P	0.2696186	False
5932	2.7586541143805814	0.2955270222678629	0.10712724756877305	SMURF2P1-LRRC37BP1	0.2696186	False
5933	2.7586541143805814	0.2955270222678629	0.10712724756877305	CRLF3	0.2696186	False
5934	2.7586541143805814	0.2955270222678629	0.10712724756877305	ATAD5	0.2696186	False
5935	2.8368465812328236	0.31847371943348324	0.11226328612211466	ARL5C	0.26961875	False
5936	2.8368465812328236	0.31847371943348324	0.11226328612211466	CACNB1	0.26961875	False
5937	2.8368465812328236	0.31847371943348324	0.11226328612211466	RPL19	0.26961875	False
5938	2.8368465812328236	0.31847371943348324	0.11226328612211466	STAC2	0.26961875	False
5939	2.8368465812328236	0.31847371943348324	0.11226328612211466	FBXL20	0.26961875	False
5940	2.8368465812328236	0.31847371943348324	0.11226328612211466	MED1	0.26961875	False
5941	2.8368465812328236	0.31847371943348324	0.11226328612211466	CDK12	0.26961875	False
5942	2.8368465812328236	0.31847371943348324	0.11226328612211466	NEUROD2	0.26961875	False
5943	2.8368465812328236	0.31847371943348324	0.11226328612211466	PPP1R1B	0.26961875	False
5944	2.8368465812328236	0.31847371943348324	0.11226328612211466	STARD3	0.26961875	False
5945	2.8368465812328236	0.31847371943348324	0.11226328612211466	TCAP	0.26961875	False
5946	2.8368465812328236	0.31847371943348324	0.11226328612211466	PNMT	0.26961875	False
5947	2.8368465812328236	0.31847371943348324	0.11226328612211466	PGAP3	0.26961875	False
5948	2.8368465812328236	0.31847371943348324	0.11226328612211466	ERBB2	0.26961875	False
5949	2.8368465812328236	0.31847371943348324	0.11226328612211466	MIR4728	0.26961875	False
5950	2.8368465812328236	0.31847371943348324	0.11226328612211466	MIEN1	0.26961875	False
5951	2.8368465812328236	0.31847371943348324	0.11226328612211466	GRB7	0.26961875	False
5952	2.8368465812328236	0.31847371943348324	0.11226328612211466	IKZF3	0.26961875	False
5953	2.8368465812328236	0.31847371943348324	0.11226328612211466	ZPBP2	0.26961875	False
5954	3.072191231843678	0.4144081573874231	0.13489009183153264	GSDMB	0.2696195	False
5955	3.072191231843678	0.4144081573874231	0.13489009183153264	ORMDL3	0.2696195	False
5956	3.072191231843678	0.4144081573874231	0.13489009183153264	LRRC3C	0.2696195	False
5957	3.072191231843678	0.4144081573874231	0.13489009183153264	GSDMA	0.2696195	False
5958	3.072191231843678	0.4144081573874231	0.13489009183153264	PSMD3	0.2696195	False
5959	3.072191231843678	0.4144081573874231	0.13489009183153264	CSF3	0.2696195	False
5960	3.072191231843678	0.4144081573874231	0.13489009183153264	MED24	0.2696195	False
5961	3.072191231843678	0.4144081573874231	0.13489009183153264	MIR6884	0.2696195	False
5962	3.072191231843678	0.4144081573874231	0.13489009183153264	SNORD124	0.2696195	False
5963	3.072191231843678	0.4144081573874231	0.13489009183153264	THRA	0.2696195	False
5964	3.072191231843678	0.4144081573874231	0.13489009183153264	NR1D1	0.2696195	False
5965	3.3571417730926365	0.6092893874838622	0.18149051445110045	MSL1	0.2696213	False
5966	3.3571417730926365	0.6092893874838622	0.18149051445110045	CASC3	0.2696213	False
5967	3.3571417730926365	0.6092893874838622	0.18149051445110045	RAPGEFL1	0.2696213	False
5968	3.3571417730926365	0.6092893874838622	0.18149051445110045	MIR6867	0.2696213	False
5969	3.3571417730926365	0.6092893874838622	0.18149051445110045	WIPF2	0.2696213	False
5970	3.3571417730926365	0.6092893874838622	0.18149051445110045	CDC6	0.2696213	False
5971	3.3571417730926365	0.6092893874838622	0.18149051445110045	RARA	0.2696213	False
5972	3.3571417730926365	0.6092893874838622	0.18149051445110045	RARA-AS1	0.2696213	False
5973	3.3571417730926365	0.6092893874838622	0.18149051445110045	GJD3	0.2696213	False
5974	3.3571417730926365	0.6092893874838622	0.18149051445110045	TOP2A	0.2696213	False
5975	3.3571417730926365	0.6092893874838622	0.18149051445110045	IGFBP4	0.2696213	False
5976	3.3571417730926365	0.6092893874838622	0.18149051445110045	TNS4	0.2696213	False
5977	3.3571417730926365	0.6092893874838622	0.18149051445110045	CCR7	0.2696213	False
5978	3.3571417730926365	0.6092893874838622	0.18149051445110045	SMARCE1	0.2696213	False
5979	3.3571417730926365	0.6092893874838622	0.18149051445110045	KRT222	0.2696213	False
5980	3.3571417730926365	0.6092893874838622	0.18149051445110045	KRT24	0.2696213	False
5981	3.3571417730926365	0.6092893874838622	0.18149051445110045	KRT25	0.2696213	False
5982	3.3571417730926365	0.6092893874838622	0.18149051445110045	KRT26	0.2696213	False
5983	3.3571417730926365	0.6092893874838622	0.18149051445110045	KRT27	0.2696213	False
5984	3.3571417730926365	0.6092893874838622	0.18149051445110045	KRT28	0.2696213	False
5985	3.3571417730926365	0.6092893874838622	0.18149051445110045	KRT10	0.2696213	False
5986	3.3571417730926365	0.6092893874838622	0.18149051445110045	TMEM99	0.2696213	False
5987	3.3571417730926365	0.6092893874838622	0.18149051445110045	KRT12	0.2696213	False
5988	3.3571417730926365	0.6092893874838622	0.18149051445110045	KRT20	0.2696213	False
5989	3.3546823839433135	0.5826455745782119	0.17368129315817138	KRT23	0.26962113	False
5990	3.3546823839433135	0.5826455745782119	0.17368129315817138	KRT39	0.26962113	False
5991	3.3546823839433135	0.5826455745782119	0.17368129315817138	KRT40	0.26962113	False
5992	3.3546823839433135	0.5826455745782119	0.17368129315817138	KRTAP3-3	0.26962113	False
5993	3.3546823839433135	0.5826455745782119	0.17368129315817138	KRTAP3-2	0.26962113	False
5994	3.3546823839433135	0.5826455745782119	0.17368129315817138	KRTAP3-1	0.26962113	False
5995	3.3546823839433135	0.5826455745782119	0.17368129315817138	KRTAP1-5	0.26962113	False
5996	3.3546823839433135	0.5826455745782119	0.17368129315817138	KRTAP1-4	0.26962113	False
5997	3.3546823839433135	0.5826455745782119	0.17368129315817138	KRTAP1-3	0.26962113	False
5998	3.3546823839433135	0.5826455745782119	0.17368129315817138	KRTAP1-1	0.26962113	False
5999	3.3546823839433135	0.5826455745782119	0.17368129315817138	KRTAP2-1	0.26962113	False
6000	3.3546823839433135	0.5826455745782119	0.17368129315817138	KRTAP2-2	0.26962113	False
6001	3.3546823839433135	0.5826455745782119	0.17368129315817138	KRTAP2-3	0.26962113	False
6002	3.3546823839433135	0.5826455745782119	0.17368129315817138	KRTAP2-4	0.26962113	False
6003	3.3546823839433135	0.5826455745782119	0.17368129315817138	KRTAP4-7	0.26962113	False
6004	3.3546823839433135	0.5826455745782119	0.17368129315817138	KRTAP4-8	0.26962113	False
6005	3.5693380550975373	0.7902414691483914	0.22139720501391313	KRTAP4-9	0.2696232	False
6006	3.5693380550975373	0.7902414691483914	0.22139720501391313	KRTAP4-11	0.2696232	False
6007	3.5693380550975373	0.7902414691483914	0.22139720501391313	KRTAP4-12	0.2696232	False
6008	3.5693380550975373	0.7902414691483914	0.22139720501391313	KRTAP4-6	0.2696232	False
6009	3.5693380550975373	0.7902414691483914	0.22139720501391313	KRTAP4-5	0.2696232	False
6010	3.5693380550975373	0.7902414691483914	0.22139720501391313	KRTAP4-4	0.2696232	False
6011	3.5693380550975373	0.7902414691483914	0.22139720501391313	KRTAP4-3	0.2696232	False
6012	3.5693380550975373	0.7902414691483914	0.22139720501391313	KRTAP4-2	0.2696232	False
6013	3.5693380550975373	0.7902414691483914	0.22139720501391313	KRTAP4-1	0.2696232	False
6014	3.5693380550975373	0.7902414691483914	0.22139720501391313	KRTAP9-1	0.2696232	False
6015	3.5693380550975373	0.7902414691483914	0.22139720501391313	KRTAP9-2	0.2696232	False
6016	3.5693380550975373	0.7902414691483914	0.22139720501391313	KRTAP9-3	0.2696232	False
6017	3.5693380550975373	0.7902414691483914	0.22139720501391313	KRTAP9-8	0.2696232	False
6018	3.5693380550975373	0.7902414691483914	0.22139720501391313	KRTAP9-4	0.2696232	False
6019	3.5693380550975373	0.7902414691483914	0.22139720501391313	KRTAP9-9	0.2696232	False
6020	3.5693380550975373	0.7902414691483914	0.22139720501391313	KRTAP9-6	0.2696232	False
6021	3.5693380550975373	0.7902414691483914	0.22139720501391313	KRTAP9-7	0.2696232	False
6022	3.5693380550975373	0.7902414691483914	0.22139720501391313	KRTAP29-1	0.2696232	False
6023	3.5693380550975373	0.7902414691483914	0.22139720501391313	KRTAP16-1	0.2696232	False
6024	3.5693380550975373	0.7902414691483914	0.22139720501391313	KRTAP17-1	0.2696232	False
6025	3.5693380550975373	0.7902414691483914	0.22139720501391313	KRT33A	0.2696232	False
6026	3.5693380550975373	0.7902414691483914	0.22139720501391313	KRT33B	0.2696232	False
6027	3.5693380550975373	0.7902414691483914	0.22139720501391313	KRT34	0.2696232	False
6028	3.5693380550975373	0.7902414691483914	0.22139720501391313	KRT31	0.2696232	False
6029	3.5693380550975373	0.7902414691483914	0.22139720501391313	LOC100505782	0.2696232	False
6030	3.5693380550975373	0.7902414691483914	0.22139720501391313	KRT37	0.2696232	False
6031	3.5693380550975373	0.7902414691483914	0.22139720501391313	KRT38	0.2696232	False
6032	3.5693380550975373	0.7902414691483914	0.22139720501391313	KRT32	0.2696232	False
6033	3.5693380550975373	0.7902414691483914	0.22139720501391313	KRT35	0.2696232	False
6034	3.5693380550975373	0.7902414691483914	0.22139720501391313	KRT36	0.2696232	False
6035	3.5693380550975373	0.7902414691483914	0.22139720501391313	KRT13	0.2696232	False
6036	3.5693380550975373	0.7902414691483914	0.22139720501391313	KRT15	0.2696232	False
6037	3.5693380550975373	0.7902414691483914	0.22139720501391313	MIR6510	0.2696232	False
6038	3.5693380550975373	0.7902414691483914	0.22139720501391313	KRT19	0.2696232	False
6039	3.5693380550975373	0.7902414691483914	0.22139720501391313	LINC00974	0.2696232	False
6040	3.5693380550975373	0.7902414691483914	0.22139720501391313	KRT9	0.2696232	False
6041	3.5693380550975373	0.7902414691483914	0.22139720501391313	KRT14	0.2696232	False
6042	3.5693380550975373	0.7902414691483914	0.22139720501391313	KRT16	0.2696232	False
6043	3.5693380550975373	0.7902414691483914	0.22139720501391313	KRT17	0.2696232	False
6044	3.5693380550975373	0.7902414691483914	0.22139720501391313	EIF1	0.2696232	False
6045	3.5693380550975373	0.7902414691483914	0.22139720501391313	GAST	0.2696232	False
6046	3.5693380550975373	0.7902414691483914	0.22139720501391313	HAP1	0.2696232	False
6047	3.5693380550975373	0.7902414691483914	0.22139720501391313	JUP	0.2696232	False
6048	3.5693380550975373	0.7902414691483914	0.22139720501391313	P3H4	0.2696232	False
6049	3.5693380550975373	0.7902414691483914	0.22139720501391313	FKBP10	0.2696232	False
6050	3.5693380550975373	0.7902414691483914	0.22139720501391313	NT5C3B	0.2696232	False
6051	3.5693380550975373	0.7902414691483914	0.22139720501391313	KLHL10	0.2696232	False
6052	3.5693380550975373	0.7902414691483914	0.22139720501391313	KLHL11	0.2696232	False
6053	3.480800014058409	0.6598015213364459	0.18955456178798274	ACLY	0.26962203	False
6054	3.480800014058409	0.6598015213364459	0.18955456178798274	TTC25	0.26962203	False
6055	3.480800014058409	0.6598015213364459	0.18955456178798274	CNP	0.26962203	False
6056	3.480800014058409	0.6598015213364459	0.18955456178798274	DNAJC7	0.26962203	False
6057	3.480800014058409	0.6598015213364459	0.18955456178798274	NKIRAS2	0.26962203	False
6058	3.480800014058409	0.6598015213364459	0.18955456178798274	ZNF385C	0.26962203	False
6059	3.575203529452123	0.7751939501630201	0.21682512443754876	DHX58	0.26962298	False
6060	3.575203529452123	0.7751939501630201	0.21682512443754876	KAT2A	0.26962298	False
6061	3.575203529452123	0.7751939501630201	0.21682512443754876	RAB5C	0.26962298	False
6062	3.575203529452123	0.7751939501630201	0.21682512443754876	HSPB9	0.26962298	False
6063	3.575203529452123	0.7751939501630201	0.21682512443754876	KCNH4	0.26962298	False
6064	3.575203529452123	0.7751939501630201	0.21682512443754876	HCRT	0.26962298	False
6065	3.575203529452123	0.7751939501630201	0.21682512443754876	GHDC	0.26962298	False
6066	3.575203529452123	0.7751939501630201	0.21682512443754876	STAT5B	0.26962298	False
6067	3.575203529452123	0.7751939501630201	0.21682512443754876	STAT5A	0.26962298	False
6068	3.575203529452123	0.7751939501630201	0.21682512443754876	STAT3	0.26962298	False
6069	3.575203529452123	0.7751939501630201	0.21682512443754876	CAVIN1	0.26962298	False
6070	3.575203529452123	0.7751939501630201	0.21682512443754876	ATP6V0A1	0.26962298	False
6071	3.575203529452123	0.7751939501630201	0.21682512443754876	MIR548AT	0.26962298	False
6072	3.575203529452123	0.7751939501630201	0.21682512443754876	MIR5010	0.26962298	False
6073	3.575203529452123	0.7751939501630201	0.21682512443754876	NAGLU	0.26962298	False
6074	3.575203529452123	0.7751939501630201	0.21682512443754876	HSD17B1	0.26962298	False
6075	3.575203529452123	0.7751939501630201	0.21682512443754876	COASY	0.26962298	False
6076	3.575203529452123	0.7751939501630201	0.21682512443754876	MLX	0.26962298	False
6077	3.575203529452123	0.7751939501630201	0.21682512443754876	PSMC3IP	0.26962298	False
6078	3.575203529452123	0.7751939501630201	0.21682512443754876	RETREG3	0.26962298	False
6079	3.575203529452123	0.7751939501630201	0.21682512443754876	TUBG1	0.26962298	False
6080	3.575203529452123	0.7751939501630201	0.21682512443754876	TUBG2	0.26962298	False
6081	3.575203529452123	0.7751939501630201	0.21682512443754876	PLEKHH3	0.26962298	False
6082	3.575203529452123	0.7751939501630201	0.21682512443754876	CCR10	0.26962298	False
6083	3.575203529452123	0.7751939501630201	0.21682512443754876	CNTNAP1	0.26962298	False
6084	3.575203529452123	0.7751939501630201	0.21682512443754876	EZH1	0.26962298	False
6085	3.575203529452123	0.7751939501630201	0.21682512443754876	MIR6780A	0.26962298	False
6086	3.575203529452123	0.7751939501630201	0.21682512443754876	RAMP2-AS1	0.26962298	False
6087	3.575203529452123	0.7751939501630201	0.21682512443754876	RAMP2	0.26962298	False
6088	3.575203529452123	0.7751939501630201	0.21682512443754876	VPS25	0.26962298	False
6089	3.575203529452123	0.7751939501630201	0.21682512443754876	WNK4	0.26962298	False
6090	3.575203529452123	0.7751939501630201	0.21682512443754876	COA3	0.26962298	False
6091	3.575203529452123	0.7751939501630201	0.21682512443754876	CNTD1	0.26962298	False
6092	3.575203529452123	0.7751939501630201	0.21682512443754876	BECN1	0.26962298	False
6093	3.575203529452123	0.7751939501630201	0.21682512443754876	MIR6781	0.26962298	False
6094	3.575203529452123	0.7751939501630201	0.21682512443754876	PSME3	0.26962298	False
6095	3.575203529452123	0.7751939501630201	0.21682512443754876	AOC2	0.26962298	False
6096	3.575203529452123	0.7751939501630201	0.21682512443754876	AOC3	0.26962298	False
6097	3.575203529452123	0.7751939501630201	0.21682512443754876	LINC00671	0.26962298	False
6098	3.393947523440831	0.597722149136135	0.17611413995292302	G6PC	0.2696213	False
6099	3.393947523440831	0.597722149136135	0.17611413995292302	AARSD1	0.2696213	False
6100	3.393947523440831	0.597722149136135	0.17611413995292302	PTGES3L-AARSD1	0.2696213	False
6101	3.393947523440831	0.597722149136135	0.17611413995292302	PTGES3L	0.2696213	False
6102	3.393947523440831	0.597722149136135	0.17611413995292302	RUNDC1	0.2696213	False
6103	3.393947523440831	0.597722149136135	0.17611413995292302	RPL27	0.2696213	False
6104	3.393947523440831	0.597722149136135	0.17611413995292302	IFI35	0.2696213	False
6105	3.393947523440831	0.597722149136135	0.17611413995292302	VAT1	0.2696213	False
6106	3.393947523440831	0.597722149136135	0.17611413995292302	RND2	0.2696213	False
6107	3.393947523440831	0.597722149136135	0.17611413995292302	BRCA1	0.2696213	False
6108	3.2149379954258355	0.48559541407985773	0.1510434772834672	LOC101929767	0.26962018	False
6109	3.2149379954258355	0.48559541407985773	0.1510434772834672	NBR1	0.26962018	False
6110	3.2149379954258355	0.48559541407985773	0.1510434772834672	TMEM106A	0.26962018	False
6111	3.2149379954258355	0.48559541407985773	0.1510434772834672	CCDC200	0.26962018	False
6112	3.2149379954258355	0.48559541407985773	0.1510434772834672	RNU2-1	0.26962018	False
6113	3.2149379954258355	0.48559541407985773	0.1510434772834672	LINC00910	0.26962018	False
6114	3.2149379954258355	0.48559541407985773	0.1510434772834672	ARL4D	0.26962018	False
6115	3.2149379954258355	0.48559541407985773	0.1510434772834672	MIR2117	0.26962018	False
6116	3.2149379954258355	0.48559541407985773	0.1510434772834672	DHX8	0.26962018	False
6117	3.2149379954258355	0.48559541407985773	0.1510434772834672	ETV4	0.26962018	False
6118	3.2149379954258355	0.48559541407985773	0.1510434772834672	MEOX1	0.26962018	False
6119	3.2149379954258355	0.48559541407985773	0.1510434772834672	SOST	0.26962018	False
6120	3.2149379954258355	0.48559541407985773	0.1510434772834672	DUSP3	0.26962018	False
6121	3.2149379954258355	0.48559541407985773	0.1510434772834672	CFAP97D1	0.26962018	False
6122	3.2149379954258355	0.48559541407985773	0.1510434772834672	MPP3	0.26962018	False
6123	3.2149379954258355	0.48559541407985773	0.1510434772834672	CD300LG	0.26962018	False
6124	3.1018337948378996	0.41206170326502994	0.13284454632958956	MPP2	0.26961955	False
6125	3.1018337948378996	0.41206170326502994	0.13284454632958956	FAM215A	0.26961955	False
6126	3.1018337948378996	0.41206170326502994	0.13284454632958956	PPY	0.26961955	False
6127	3.1018337948378996	0.41206170326502994	0.13284454632958956	PYY	0.26961955	False
6128	3.1018337948378996	0.41206170326502994	0.13284454632958956	NAGS	0.26961955	False
6129	3.1018337948378996	0.41206170326502994	0.13284454632958956	TMEM101	0.26961955	False
6130	3.1018337948378996	0.41206170326502994	0.13284454632958956	LSM12	0.26961955	False
6131	3.1018337948378996	0.41206170326502994	0.13284454632958956	G6PC3	0.26961955	False
6132	3.1018337948378996	0.41206170326502994	0.13284454632958956	HDAC5	0.26961955	False
6133	3.014012508453363	0.3775456316472153	0.12526345879067116	C17orf53	0.2696191	False
6134	3.014012508453363	0.3775456316472153	0.12526345879067116	ASB16	0.2696191	False
6135	3.014012508453363	0.3775456316472153	0.12526345879067116	ASB16-AS1	0.2696191	False
6136	3.014012508453363	0.3775456316472153	0.12526345879067116	TMUB2	0.2696191	False
6137	3.014012508453363	0.3775456316472153	0.12526345879067116	ATXN7L3	0.2696191	False
6138	3.014012508453363	0.3775456316472153	0.12526345879067116	UBTF	0.2696191	False
6139	3.014012508453363	0.3775456316472153	0.12526345879067116	MIR6782	0.2696191	False
6140	3.014012508453363	0.3775456316472153	0.12526345879067116	SLC4A1	0.2696191	False
6141	3.014012508453363	0.3775456316472153	0.12526345879067116	RUNDC3A-AS1	0.2696191	False
6142	3.014012508453363	0.3775456316472153	0.12526345879067116	RUNDC3A	0.2696191	False
6143	3.014012508453363	0.3775456316472153	0.12526345879067116	SLC25A39	0.2696191	False
6144	3.014012508453363	0.3775456316472153	0.12526345879067116	GRN	0.2696191	False
6145	3.014012508453363	0.3775456316472153	0.12526345879067116	FAM171A2	0.2696191	False
6146	3.014012508453363	0.3775456316472153	0.12526345879067116	ITGA2B	0.2696191	False
6147	3.014012508453363	0.3775456316472153	0.12526345879067116	GPATCH8	0.2696191	False
6148	3.014012508453363	0.3775456316472153	0.12526345879067116	FZD2	0.2696191	False
6149	3.014012508453363	0.3775456316472153	0.12526345879067116	LINC01180	0.2696191	False
6150	3.014012508453363	0.3775456316472153	0.12526345879067116	MEIOC	0.2696191	False
6151	3.014012508453363	0.3775456316472153	0.12526345879067116	CCDC43	0.2696191	False
6152	3.014012508453363	0.3775456316472153	0.12526345879067116	DBF4B	0.2696191	False
6153	3.014012508453363	0.3775456316472153	0.12526345879067116	ADAM11	0.2696191	False
6154	3.014012508453363	0.3775456316472153	0.12526345879067116	GJC1	0.2696191	False
6155	3.014012508453363	0.3775456316472153	0.12526345879067116	HIGD1B	0.2696191	False
6156	3.014012508453363	0.3775456316472153	0.12526345879067116	EFTUD2	0.2696191	False
6157	3.148730371799271	0.48262286260036863	0.1532753858262512	CCDC103	0.26961982	False
6158	3.148730371799271	0.48262286260036863	0.1532753858262512	GFAP	0.26961982	False
6159	3.148730371799271	0.48262286260036863	0.1532753858262512	KIF18B	0.26961982	False
6160	3.148730371799271	0.48262286260036863	0.1532753858262512	MIR6783	0.26961982	False
6161	3.148730371799271	0.48262286260036863	0.1532753858262512	C1QL1	0.26961982	False
6162	3.148730371799271	0.48262286260036863	0.1532753858262512	DCAKD	0.26961982	False
6163	3.148730371799271	0.48262286260036863	0.1532753858262512	NMT1	0.26961982	False
6164	3.150627166908053	0.5592354878344438	0.17749973519820297	PLCD3	0.26962036	False
6165	3.150627166908053	0.5592354878344438	0.17749973519820297	MIR6784	0.26962036	False
6166	3.150627166908053	0.5592354878344438	0.17749973519820297	ACBD4	0.26962036	False
6167	3.150627166908053	0.5592354878344438	0.17749973519820297	HEXIM1	0.26962036	False
6168	3.150627166908053	0.5592354878344438	0.17749973519820297	HEXIM2	0.26962036	False
6169	3.150627166908053	0.5592354878344438	0.17749973519820297	FMNL1	0.26962036	False
6170	3.150627166908053	0.5592354878344438	0.17749973519820297	MAP3K14-AS1	0.26962036	False
6171	3.150627166908053	0.5592354878344438	0.17749973519820297	SPATA32	0.26962036	False
6172	3.150627166908053	0.5592354878344438	0.17749973519820297	MAP3K14	0.26962036	False
6173	3.150627166908053	0.5592354878344438	0.17749973519820297	ARHGAP27	0.26962036	False
6174	3.150627166908053	0.5592354878344438	0.17749973519820297	PLEKHM1	0.26962036	False
6175	3.150627166908053	0.5592354878344438	0.17749973519820297	LINC02210-CRHR1	0.26962036	False
6176	3.150627166908053	0.5592354878344438	0.17749973519820297	LINC02210	0.26962036	False
6177	3.150627166908053	0.5592354878344438	0.17749973519820297	CRHR1	0.26962036	False
6178	3.150627166908053	0.5592354878344438	0.17749973519820297	MAPT-AS1	0.26962036	False
6179	3.150627166908053	0.5592354878344438	0.17749973519820297	SPPL2C	0.26962036	False
6180	3.2241846509817838	0.5857524995999527	0.18167461327675122	MAPT	0.26962072	False
6181	3.150627166908053	0.5592354878344438	0.17749973519820297	MAPT-IT1	0.26962036	False
6182	3.2241846509817838	0.5857524995999527	0.18167461327675122	STH	0.26962072	False
6183	3.2241846509817838	0.5857524995999527	0.18167461327675122	KANSL1	0.26962072	False
6184	3.3504398612630575	0.730808694036337	0.21812320898093507	KANSL1-AS1	0.26962188	False
6185	3.3504398612630575	0.730808694036337	0.21812320898093507	ARL17B	0.26962188	False
6186	3.3504398612630575	0.730808694036337	0.21812320898093507	LRRC37A	0.26962188	False
6187	3.3504398612630575	0.730808694036337	0.21812320898093507	ARL17A	0.26962188	False
6188	3.3504398612630575	0.730808694036337	0.21812320898093507	LRRC37A2	0.26962188	False
6189	3.3504398612630575	0.730808694036337	0.21812320898093507	NSF	0.26962188	False
6190	3.3504398612630575	0.730808694036337	0.21812320898093507	NSFP1	0.26962188	False
6191	3.3504398612630575	0.730808694036337	0.21812320898093507	WNT3	0.26962188	False
6192	3.3504398612630575	0.730808694036337	0.21812320898093507	WNT9B	0.26962188	False
6193	3.347155747556024	0.6831744170136926	0.2041059539916906	GOSR2	0.26962155	False
6194	3.347155747556024	0.6831744170136926	0.2041059539916906	MIR5089	0.26962155	False
6195	3.347155747556024	0.6831744170136926	0.2041059539916906	RPRML	0.26962155	False
6196	3.553195697009364	0.8914355456522494	0.25088276066599663	CDC27	0.26962343	False
6197	3.553195697009364	0.8914355456522494	0.25088276066599663	MYL4	0.26962343	False
6198	3.553195697009364	0.8914355456522494	0.25088276066599663	ITGB3	0.26962343	False
6199	3.553195697009364	0.8914355456522494	0.25088276066599663	THCAT158	0.26962343	False
6200	3.553195697009364	0.8914355456522494	0.25088276066599663	EFCAB13	0.26962343	False
6201	3.553195697009364	0.8914355456522494	0.25088276066599663	NPEPPS	0.26962343	False
6202	3.553195697009364	0.8914355456522494	0.25088276066599663	KPNB1	0.26962343	False
6203	3.553195697009364	0.8914355456522494	0.25088276066599663	TBKBP1	0.26962343	False
6204	3.553195697009364	0.8914355456522494	0.25088276066599663	TBX21	0.26962343	False
6205	3.553195697009364	0.8914355456522494	0.25088276066599663	OSBPL7	0.26962343	False
6206	3.553195697009364	0.8914355456522494	0.25088276066599663	MRPL10	0.26962343	False
6207	3.553195697009364	0.8914355456522494	0.25088276066599663	LRRC46	0.26962343	False
6208	3.553195697009364	0.8914355456522494	0.25088276066599663	SCRN2	0.26962343	False
6209	3.553195697009364	0.8914355456522494	0.25088276066599663	SP6	0.26962343	False
6210	3.553195697009364	0.8914355456522494	0.25088276066599663	LOC102724532	0.26962343	False
6211	3.599131447879277	0.8737985399278498	0.24278039093090634	SP2	0.26962352	False
6212	3.599131447879277	0.8737985399278498	0.24278039093090634	SP2-AS1	0.26962352	False
6213	3.599131447879277	0.8737985399278498	0.24278039093090634	PNPO	0.26962352	False
6214	3.599131447879277	0.8737985399278498	0.24278039093090634	CDK5RAP3	0.26962352	False
6215	3.599131447879277	0.8737985399278498	0.24278039093090634	PRR15L	0.26962352	False
6216	3.599131447879277	0.8737985399278498	0.24278039093090634	COPZ2	0.26962352	False
6217	3.599131447879277	0.8737985399278498	0.24278039093090634	MIR152	0.26962352	False
6218	3.599131447879277	0.8737985399278498	0.24278039093090634	NFE2L1	0.26962352	False
6219	3.599131447879277	0.8737985399278498	0.24278039093090634	CBX1	0.26962352	False
6220	3.602506170821974	0.8739796672429244	0.24260323946745965	SNX11	0.26962352	False
6221	3.602506170821974	0.8739796672429244	0.24260323946745965	SKAP1	0.26962352	False
6222	3.602506170821974	0.8739796672429244	0.24260323946745965	MIR1203	0.26962352	False
6223	3.602506170821974	0.8739796672429244	0.24260323946745965	THRA1/BTR	0.26962352	False
6224	3.602506170821974	0.8739796672429244	0.24260323946745965	LOC101927166	0.26962352	False
6225	3.602506170821974	0.8739796672429244	0.24260323946745965	HOXB1	0.26962352	False
6226	3.602506170821974	0.8739796672429244	0.24260323946745965	HOXB2	0.26962352	False
6227	3.602506170821974	0.8739796672429244	0.24260323946745965	HOXB-AS1	0.26962352	False
6228	3.602506170821974	0.8739796672429244	0.24260323946745965	HOXB3	0.26962352	False
6229	3.602506170821974	0.8739796672429244	0.24260323946745965	HOXB-AS3	0.26962352	False
6230	3.602506170821974	0.8739796672429244	0.24260323946745965	HOXB6	0.26962352	False
6231	3.602506170821974	0.8739796672429244	0.24260323946745965	HOXB4	0.26962352	False
6232	3.602506170821974	0.8739796672429244	0.24260323946745965	MIR10A	0.26962352	False
6233	3.602506170821974	0.8739796672429244	0.24260323946745965	HOXB5	0.26962352	False
6234	3.602506170821974	0.8739796672429244	0.24260323946745965	HOXB7	0.26962352	False
6235	3.602506170821974	0.8739796672429244	0.24260323946745965	HOXB8	0.26962352	False
6236	3.602506170821974	0.8739796672429244	0.24260323946745965	HOXB9	0.26962352	False
6237	3.602506170821974	0.8739796672429244	0.24260323946745965	MIR196A1	0.26962352	False
6238	3.602506170821974	0.8739796672429244	0.24260323946745965	PRAC1	0.26962352	False
6239	3.602506170821974	0.8739796672429244	0.24260323946745965	PRAC2	0.26962352	False
6240	3.602506170821974	0.8739796672429244	0.24260323946745965	MIR3185	0.26962352	False
6241	3.602506170821974	0.8739796672429244	0.24260323946745965	HOXB13	0.26962352	False
6242	3.602506170821974	0.8739796672429244	0.24260323946745965	TTLL6	0.26962352	False
6243	3.602506170821974	0.8739796672429244	0.24260323946745965	CALCOCO2	0.26962352	False
6244	3.602506170821974	0.8739796672429244	0.24260323946745965	ATP5MC1	0.26962352	False
6245	3.809138124493068	1.0207793979020252	0.2679817230407925	UBE2Z	0.26962528	False
6246	3.809138124493068	1.0207793979020252	0.2679817230407925	SNF8	0.26962528	False
6247	3.809138124493068	1.0207793979020252	0.2679817230407925	GIP	0.26962528	False
6248	3.809138124493068	1.0207793979020252	0.2679817230407925	IGF2BP1	0.26962528	False
6249	3.9303617332785152	1.1450699157293496	0.2913395746844371	B4GALNT2	0.26962674	False
6250	3.9303617332785152	1.1450699157293496	0.2913395746844371	GNGT2	0.26962674	False
6251	3.9303617332785152	1.1450699157293496	0.2913395746844371	ABI3	0.26962674	False
6252	3.9303617332785152	1.1450699157293496	0.2913395746844371	PHOSPHO1	0.26962674	False
6253	3.9303617332785152	1.1450699157293496	0.2913395746844371	FLJ40194	0.26962674	False
6254	3.9303617332785152	1.1450699157293496	0.2913395746844371	MIR6129	0.26962674	False
6255	3.9303617332785152	1.1450699157293496	0.2913395746844371	ZNF652	0.26962674	False
6256	3.9303617332785152	1.1450699157293496	0.2913395746844371	LOC102724596	0.26962674	False
6257	3.9303617332785152	1.1450699157293496	0.2913395746844371	PHB	0.26962674	False
6258	3.9303617332785152	1.1450699157293496	0.2913395746844371	LINC02075	0.26962674	False
6259	3.9303617332785152	1.1450699157293496	0.2913395746844371	NGFR	0.26962674	False
6260	3.9303617332785152	1.1450699157293496	0.2913395746844371	LOC100288866	0.26962674	False
6261	3.9303617332785152	1.1450699157293496	0.2913395746844371	MIR6165	0.26962674	False
6262	3.9303617332785152	1.1450699157293496	0.2913395746844371	NXPH3	0.26962674	False
6263	3.9303617332785152	1.1450699157293496	0.2913395746844371	SPOP	0.26962674	False
6264	3.9303617332785152	1.1450699157293496	0.2913395746844371	SLC35B1	0.26962674	False
6265	3.9303617332785152	1.1450699157293496	0.2913395746844371	FAM117A	0.26962674	False
6266	3.9303617332785152	1.1450699157293496	0.2913395746844371	KAT7	0.26962674	False
6267	3.9303617332785152	1.1450699157293496	0.2913395746844371	TAC4	0.26962674	False
6268	3.9303617332785152	1.1450699157293496	0.2913395746844371	FLJ45513	0.26962674	False
6269	4.499539581523331	1.78257444982021	0.3961681895498994	DLX4	0.26963523	False
6270	4.499539581523331	1.78257444982021	0.3961681895498994	DLX3	0.26963523	False
6271	4.499539581523331	1.78257444982021	0.3961681895498994	PICART1	0.26963523	False
6272	4.499539581523331	1.78257444982021	0.3961681895498994	ITGA3	0.26963523	False
6273	4.499539581523331	1.78257444982021	0.3961681895498994	PDK2	0.26963523	False
6274	4.941156628231065	2.5230833391886995	0.5106260596503219	SAMD14	0.26964658	False
6275	4.941156628231065	2.5230833391886995	0.5106260596503219	PPP1R9B	0.26964658	False
6276	4.941156628231065	2.5230833391886995	0.5106260596503219	SGCA	0.26964658	False
6277	4.941156628231065	2.5230833391886995	0.5106260596503219	COL1A1	0.26964658	False
6278	4.941156628231065	2.5230833391886995	0.5106260596503219	LINC01969	0.26964658	False
6279	4.941156628231065	2.5230833391886995	0.5106260596503219	TMEM92	0.26964658	False
6280	4.941156628231065	2.5230833391886995	0.5106260596503219	TMEM92-AS1	0.26964658	False
6281	4.941156628231065	2.5230833391886995	0.5106260596503219	XYLT2	0.26964658	False
6282	4.941156628231065	2.5230833391886995	0.5106260596503219	MRPL27	0.26964658	False
6283	4.941156628231065	2.5230833391886995	0.5106260596503219	EME1	0.26964658	False
6284	4.941156628231065	2.5230833391886995	0.5106260596503219	LRRC59	0.26964658	False
6285	4.941156628231065	2.5230833391886995	0.5106260596503219	ACSF2	0.26964658	False
6286	4.941156628231065	2.5230833391886995	0.5106260596503219	CHAD	0.26964658	False
6287	4.941156628231065	2.5230833391886995	0.5106260596503219	RSAD1	0.26964658	False
6288	4.941156628231065	2.5230833391886995	0.5106260596503219	MYCBPAP	0.26964658	False
6289	4.941156628231065	2.5230833391886995	0.5106260596503219	EPN3	0.26964658	False
6290	4.941156628231065	2.5230833391886995	0.5106260596503219	SPATA20	0.26964658	False
6291	4.941156628231065	2.5230833391886995	0.5106260596503219	CACNA1G-AS1	0.26964658	False
6292	4.941156628231065	2.5230833391886995	0.5106260596503219	CACNA1G	0.26964658	False
6293	4.941156628231065	2.5230833391886995	0.5106260596503219	ABCC3	0.26964658	False
6294	4.941156628231065	2.5230833391886995	0.5106260596503219	ANKRD40	0.26964658	False
6295	4.941156628231065	2.5230833391886995	0.5106260596503219	LUC7L3	0.26964658	False
6296	4.941156628231065	2.5230833391886995	0.5106260596503219	ANKRD40CL	0.26964658	False
6297	4.941156628231065	2.5230833391886995	0.5106260596503219	MIR8059	0.26964658	False
6298	4.941156628231065	2.5230833391886995	0.5106260596503219	WFIKKN2	0.26964658	False
6299	4.941156628231065	2.5230833391886995	0.5106260596503219	TOB1	0.26964658	False
6300	4.750614834756321	2.147593075925384	0.4520663431211516	TOB1-AS1	0.269641	False
6301	4.750614834756321	2.147593075925384	0.4520663431211516	SPAG9	0.269641	False
6302	5.058998000009274	2.616359700429153	0.5171695463062758	NME1	0.26964915	False
6303	5.058998000009274	2.616359700429153	0.5171695463062758	NME1-NME2	0.26964915	False
6304	5.058998000009274	2.616359700429153	0.5171695463062758	NME2	0.26964915	False
6305	5.058998000009274	2.616359700429153	0.5171695463062758	MBTD1	0.26964915	False
6306	5.058998000009274	2.616359700429153	0.5171695463062758	UTP18	0.26964915	False
6307	5.058998000009274	2.616359700429153	0.5171695463062758	LINC02071	0.26964915	False
6308	5.058998000009274	2.616359700429153	0.5171695463062758	LINC02072	0.26964915	False
6309	4.610852943734141	1.7969259517998282	0.38971660422216187	CA10	0.2696362	False
6310	4.780180164563819	1.8537417953160953	0.38779747446720875	C17orf112	0.26963776	False
6311	4.282552453054501	1.678719723976688	0.3919904641866914	KIF2B	0.26963255	False
6312	4.599919369509252	1.9717051622542858	0.4286390703549744	TOM1L1	0.26963773	False
6313	4.599919369509252	1.9717051622542858	0.4286390703549744	COX11	0.26963773	False
6314	4.599919369509252	1.9717051622542858	0.4286390703549744	STXBP4	0.26963773	False
6315	5.050623242483994	2.5951318318379184	0.5138240781867512	HLF	0.26964846	False
6316	5.050623242483994	2.5951318318379184	0.5138240781867512	MMD	0.26964846	False
6317	5.050623242483994	2.5951318318379184	0.5138240781867512	TMEM100	0.26964846	False
6318	5.050623242483994	2.5951318318379184	0.5138240781867512	PCTP	0.26964846	False
6319	4.654855630175893	1.8405347149888212	0.39540103092719825	ANKFN1	0.26963767	False
6320	4.654855630175893	1.8405347149888212	0.39540103092719825	NOG	0.26963767	False
6321	4.654855630175893	1.8405347149888212	0.39540103092719825	C17orf67	0.26963767	False
6322	4.654855630175893	1.8405347149888212	0.39540103092719825	DGKE	0.26963767	False
6323	4.899329079740138	2.0250136546930717	0.41332468624468865	TRIM25	0.269642	False
6324	4.654855630175893	1.8405347149888212	0.39540103092719825	MIR3614	0.26963767	False
6325	4.899329079740138	2.0250136546930717	0.41332468624468865	COIL	0.269642	False
6326	4.899329079740138	2.0250136546930717	0.41332468624468865	SCPEP1	0.269642	False
6327	4.899329079740138	2.0250136546930717	0.41332468624468865	AKAP1	0.269642	False
6328	4.921720989671812	2.1193106521964125	0.4306035747747114	MSI2	0.26964325	False
6329	4.921720989671812	2.1193106521964125	0.4306035747747114	LOC101927557	0.26964325	False
6330	4.921720989671812	2.1193106521964125	0.4306035747747114	LOC101927539	0.26964325	False
6331	4.921720989671812	2.1193106521964125	0.4306035747747114	CCDC182	0.26964325	False
6332	4.921720989671812	2.1193106521964125	0.4306035747747114	MRPS23	0.26964325	False
6333	5.445370080436139	2.853120308157093	0.5239534257566156	CUEDC1	0.269658	False
6334	5.445370080436139	2.853120308157093	0.5239534257566156	VEZF1	0.269658	False
6335	5.445370080436139	2.853120308157093	0.5239534257566156	SRSF1	0.269658	False
6336	5.445370080436139	2.853120308157093	0.5239534257566156	LOC101927666	0.269658	False
6337	5.445370080436139	2.853120308157093	0.5239534257566156	DYNLL2	0.269658	False
6338	5.719345448366014	3.388791907552014	0.5925139403006638	OR4D1	0.26966876	False
6339	5.719345448366014	3.388791907552014	0.5925139403006638	OR4D2	0.26966876	False
6340	5.719345448366014	3.388791907552014	0.5925139403006638	EPX	0.26966876	False
6341	5.719345448366014	3.388791907552014	0.5925139403006638	MKS1	0.26966876	False
6342	5.719345448366014	3.388791907552014	0.5925139403006638	LPO	0.26966876	False
6343	5.719345448366014	3.388791907552014	0.5925139403006638	MPO	0.26966876	False
6344	5.719345448366014	3.388791907552014	0.5925139403006638	TSPOAP1	0.26966876	False
6345	5.719345448366014	3.388791907552014	0.5925139403006638	TSPOAP1-AS1	0.26966876	False
6346	5.719345448366014	3.388791907552014	0.5925139403006638	MIR142	0.26966876	False
6347	5.719345448366014	3.388791907552014	0.5925139403006638	MIR4736	0.26966876	False
6348	5.719345448366014	3.388791907552014	0.5925139403006638	SUPT4H1	0.26966876	False
6349	5.719345448366014	3.388791907552014	0.5925139403006638	RNF43	0.26966876	False
6350	5.719345448366014	3.388791907552014	0.5925139403006638	HSF5	0.26966876	False
6351	5.719345448366014	3.388791907552014	0.5925139403006638	MTMR4	0.26966876	False
6352	5.719345448366014	3.388791907552014	0.5925139403006638	SEPT4-AS1	0.26966876	False
6353	5.719345448366014	3.388791907552014	0.5925139403006638	SEPT4	0.26966876	False
6354	5.719345448366014	3.388791907552014	0.5925139403006638	C17orf47	0.26966876	False
6355	5.719345448366014	3.388791907552014	0.5925139403006638	TEX14	0.26966876	False
6356	5.719345448366014	3.388791907552014	0.5925139403006638	RAD51C	0.26966876	False
6357	5.71592281087775	3.3434329538600998	0.5849331883029181	PPM1E	0.26966828	False
6358	5.71592281087775	3.3434329538600998	0.5849331883029181	TRIM37	0.26966828	False
6359	6.228486170739675	4.338401475746618	0.6965418814169742	SKA2	0.26969454	False
6360	6.228486170739675	4.338401475746618	0.6965418814169742	MIR454	0.26969454	False
6361	6.228486170739675	4.338401475746618	0.6965418814169742	MIR301A	0.26969454	False
6362	6.228486170739675	4.338401475746618	0.6965418814169742	PRR11	0.26969454	False
6363	6.228486170739675	4.338401475746618	0.6965418814169742	SMG8	0.26969454	False
6364	6.228486170739675	4.338401475746618	0.6965418814169742	GDPD1	0.26969454	False
6365	6.228486170739675	4.338401475746618	0.6965418814169742	YPEL2	0.26969454	False
6366	6.228486170739675	4.338401475746618	0.6965418814169742	MIR4729	0.26969454	False
6367	6.228486170739675	4.338401475746618	0.6965418814169742	LINC01476	0.26969454	False
6368	6.228486170739675	4.338401475746618	0.6965418814169742	DHX40	0.26969454	False
6369	6.228486170739675	4.338401475746618	0.6965418814169742	CLTC	0.26969454	False
6370	6.228486170739675	4.338401475746618	0.6965418814169742	PTRH2	0.26969454	False
6371	6.228486170739675	4.338401475746618	0.6965418814169742	VMP1	0.26969454	False
6372	6.228486170739675	4.338401475746618	0.6965418814169742	MIR21	0.26969454	False
6373	6.228486170739675	4.338401475746618	0.6965418814169742	TUBD1	0.26969454	False
6374	5.512200732722054	3.0283951727495353	0.5493985650362996	RPS6KB1	0.2696604	False
6375	5.512200732722054	3.0283951727495353	0.5493985650362996	RNFT1-DT	0.2696604	False
6376	5.512200732722054	3.0283951727495353	0.5493985650362996	RNFT1	0.2696604	False
6377	5.512200732722054	3.0283951727495353	0.5493985650362996	TBC1D3P1-DHX40P1	0.2696604	False
6378	5.512200732722054	3.0283951727495353	0.5493985650362996	MIR4737	0.2696604	False
6379	5.512200732722054	3.0283951727495353	0.5493985650362996	HEATR6	0.2696604	False
6380	5.512200732722054	3.0283951727495353	0.5493985650362996	WFDC21P	0.2696604	False
6381	5.454190330141984	3.03041197190065	0.55561170191539	CA4	0.2696596	False
6382	5.454190330141984	3.03041197190065	0.55561170191539	USP32	0.2696596	False
6383	5.454190330141984	3.03041197190065	0.55561170191539	SCARNA20	0.2696596	False
6384	5.454190330141984	3.03041197190065	0.55561170191539	C17orf64	0.2696596	False
6385	5.454190330141984	3.03041197190065	0.55561170191539	APPBP2	0.2696596	False
6386	5.454190330141984	3.03041197190065	0.55561170191539	LINC01999	0.2696596	False
6387	5.454190330141984	3.03041197190065	0.55561170191539	PPM1D	0.2696596	False
6388	5.034349958585801	2.1975721713933902	0.4365155758879167	BCAS3	0.26964456	False
6389	4.34131437586303	1.4798513503922273	0.34087633888482005	TBX2-AS1	0.269632	False
6390	4.34131437586303	1.4798513503922273	0.34087633888482005	TBX2	0.269632	False
6391	4.34131437586303	1.4798513503922273	0.34087633888482005	C17orf82	0.269632	False
6392	4.34131437586303	1.4798513503922273	0.34087633888482005	TBX4	0.269632	False
6393	4.34131437586303	1.4798513503922273	0.34087633888482005	NACA2	0.269632	False
6394	4.34131437586303	1.4798513503922273	0.34087633888482005	BRIP1	0.269632	False
6395	4.340956946784406	1.3223804398659844	0.30462878486863293	INTS2	0.26963055	False
6396	4.340956946784406	1.3223804398659844	0.30462878486863293	MED13	0.26963055	False
6397	3.920011419307794	1.0155318544535148	0.25906349391013767	TBC1D3P2	0.26962584	False
6398	3.920011419307794	1.0155318544535148	0.25906349391013767	EFCAB3	0.26962584	False
6399	3.920011419307794	1.0155318544535148	0.25906349391013767	METTL2A	0.26962584	False
6400	3.920011419307794	1.0155318544535148	0.25906349391013767	TLK2	0.26962584	False
6401	3.920011419307794	1.0155318544535148	0.25906349391013767	MRC2	0.26962584	False
6402	3.920011419307794	1.0155318544535148	0.25906349391013767	MARCH10	0.26962584	False
6403	4.135846504835466	1.0923525976243265	0.264118263660702	MIR633	0.26962736	False
6404	4.135846504835466	1.0923525976243265	0.264118263660702	TANC2	0.26962736	False
6405	4.419739798548138	1.3404374068254115	0.3032842357067578	CYB561	0.26963055	False
6406	4.419739798548138	1.3404374068254115	0.3032842357067578	ACE	0.26963055	False
6407	4.419739798548138	1.3404374068254115	0.3032842357067578	KCNH6	0.26963055	False
6408	4.419739798548138	1.3404374068254115	0.3032842357067578	DCAF7	0.26963055	False
6409	4.419739798548138	1.3404374068254115	0.3032842357067578	TACO1	0.26963055	False
6410	4.419739798548138	1.3404374068254115	0.3032842357067578	MAP3K3	0.26963055	False
6411	4.419739798548138	1.3404374068254115	0.3032842357067578	LIMD2	0.26963055	False
6412	4.419739798548138	1.3404374068254115	0.3032842357067578	LOC729683	0.26963055	False
6413	4.419739798548138	1.3404374068254115	0.3032842357067578	STRADA	0.26963055	False
6414	4.419739798548138	1.3404374068254115	0.3032842357067578	CCDC47	0.26963055	False
6415	4.419739798548138	1.3404374068254115	0.3032842357067578	DDX42	0.26963055	False
6416	4.419739798548138	1.3404374068254115	0.3032842357067578	FTSJ3	0.26963055	False
6417	4.419739798548138	1.3404374068254115	0.3032842357067578	PSMC5	0.26963055	False
6418	4.419739798548138	1.3404374068254115	0.3032842357067578	SMARCD2	0.26963055	False
6419	4.419739798548138	1.3404374068254115	0.3032842357067578	CSH2	0.26963055	False
6420	4.419739798548138	1.3404374068254115	0.3032842357067578	GH2	0.26963055	False
6421	4.419739798548138	1.3404374068254115	0.3032842357067578	CSH1	0.26963055	False
6422	4.34106199701356	1.2263320084206375	0.2824958522279328	CSHL1	0.26962936	False
6423	4.34106199701356	1.2263320084206375	0.2824958522279328	GH1	0.26962936	False
6424	4.34106199701356	1.2263320084206375	0.2824958522279328	CD79B	0.26962936	False
6425	4.34106199701356	1.2263320084206375	0.2824958522279328	SCN4A	0.26962936	False
6426	4.34106199701356	1.2263320084206375	0.2824958522279328	PRR29-AS1	0.26962936	False
6427	4.34106199701356	1.2263320084206375	0.2824958522279328	PRR29	0.26962936	False
6428	4.34106199701356	1.2263320084206375	0.2824958522279328	ICAM2	0.26962936	False
6429	4.34106199701356	1.2263320084206375	0.2824958522279328	ERN1	0.26962936	False
6430	4.518680186720903	1.3862058928173915	0.3067722953465595	SNHG25	0.2696317	False
6431	4.518680186720903	1.3862058928173915	0.3067722953465595	SNORD104	0.2696317	False
6432	4.518680186720903	1.3862058928173915	0.3067722953465595	SNORA50C	0.2696317	False
6433	4.518680186720903	1.3862058928173915	0.3067722953465595	TEX2	0.2696317	False
6434	4.518680186720903	1.3862058928173915	0.3067722953465595	PECAM1	0.2696317	False
6435	4.518680186720903	1.3862058928173915	0.3067722953465595	MILR1	0.2696317	False
6436	4.518680186720903	1.3862058928173915	0.3067722953465595	POLG2	0.2696317	False
6437	4.518680186720903	1.3862058928173915	0.3067722953465595	DDX5	0.2696317	False
6438	4.518680186720903	1.3862058928173915	0.3067722953465595	MIR3064	0.2696317	False
6439	4.518680186720903	1.3862058928173915	0.3067722953465595	MIR5047	0.2696317	False
6440	4.518680186720903	1.3862058928173915	0.3067722953465595	CEP95	0.2696317	False
6441	4.518680186720903	1.3862058928173915	0.3067722953465595	SMURF2	0.2696317	False
6442	4.518680186720903	1.3862058928173915	0.3067722953465595	ARHGAP27P1	0.2696317	False
6443	4.518680186720903	1.3862058928173915	0.3067722953465595	MIR6080	0.2696317	False
6444	4.360680755355369	1.2480952707289146	0.2862156944637885	LRRC37A3	0.2696296	False
6445	4.360680755355369	1.2480952707289146	0.2862156944637885	GNA13	0.2696296	False
6446	4.3320723451562895	1.3342322166156995	0.3079893663612314	LOC100507002	0.26963055	False
6447	4.3320723451562895	1.3342322166156995	0.3079893663612314	RGS9	0.26963055	False
6448	4.3320723451562895	1.3342322166156995	0.3079893663612314	LINC02563	0.26963055	False
6449	4.3320723451562895	1.3342322166156995	0.3079893663612314	AXIN2	0.26963055	False
6450	4.569378197749895	1.5524795216224037	0.3397572830340227	CEP112	0.2696341	False
6451	4.522631375206531	1.7028183674491066	0.3765105369374362	APOH	0.26963517	False
6452	4.522631375206531	1.7028183674491066	0.3765105369374362	PRKCA	0.26963517	False
6453	4.522631375206531	1.7028183674491066	0.3765105369374362	PRKCA-AS1	0.26963517	False
6454	4.522631375206531	1.7028183674491066	0.3765105369374362	MIR634	0.26963517	False
6455	4.522631375206531	1.7028183674491066	0.3765105369374362	CACNG5	0.26963517	False
6456	4.902017029285738	2.1362657421569975	0.4357932111199271	CACNG4	0.2696424	False
6457	4.902017029285738	2.1362657421569975	0.4357932111199271	CACNG1	0.2696424	False
6458	4.902017029285738	2.1362657421569975	0.4357932111199271	HELZ	0.2696424	False
6459	5.185982864630181	2.7156890346736353	0.5236594692966258	PSMD12	0.2696518	False
6460	5.185982864630181	2.7156890346736353	0.5236594692966258	PITPNC1	0.2696518	False
6461	5.185982864630181	2.7156890346736353	0.5236594692966258	MIR548AA2	0.2696518	False
6462	5.185982864630181	2.7156890346736353	0.5236594692966258	NOL11	0.2696518	False
6463	5.185982864630181	2.7156890346736353	0.5236594692966258	SNORA38B	0.2696518	False
6464	5.534823079939019	3.1915983060322626	0.5766396251400011	BPTF	0.26966247	False
6465	5.534823079939019	3.1915983060322626	0.5766396251400011	C17orf58	0.26966247	False
6466	5.534823079939019	3.1915983060322626	0.5766396251400011	KPNA2	0.26966247	False
6467	6.0728980732117	4.210905253391864	0.6933930394726506	AMZ2	0.26968732	False
6468	6.0728980732117	4.210905253391864	0.6933930394726506	ARSG	0.26968732	False
6469	6.0728980732117	4.210905253391864	0.6933930394726506	SLC16A6	0.26968732	False
6470	6.0728980732117	4.210905253391864	0.6933930394726506	PRKAR1A	0.26968732	False
6471	6.0728980732117	4.210905253391864	0.6933930394726506	WIPI1	0.26968732	False
6472	6.0728980732117	4.210905253391864	0.6933930394726506	MIR635	0.26968732	False
6473	6.0728980732117	4.210905253391864	0.6933930394726506	FAM20A	0.26968732	False
6474	6.0728980732117	4.210905253391864	0.6933930394726506	LINC01482	0.26968732	False
6475	5.4988863308685865	3.2584559271347486	0.5925665182135259	ABCA8	0.2696624	False
6476	5.4988863308685865	3.2584559271347486	0.5925665182135259	ABCA9-AS1	0.2696624	False
6477	5.4988863308685865	3.2584559271347486	0.5925665182135259	ABCA9	0.2696624	False
6478	5.4988863308685865	3.2584559271347486	0.5925665182135259	ABCA6	0.2696624	False
6479	5.4988863308685865	3.2584559271347486	0.5925665182135259	MIR4524B	0.2696624	False
6480	5.555475225517383	3.506997332226745	0.6312686475710343	ABCA10	0.2696673	False
6481	5.555475225517383	3.506997332226745	0.6312686475710343	PRO1804	0.2696673	False
6482	5.555475225517383	3.506997332226745	0.6312686475710343	ABCA5	0.2696673	False
6483	5.555475225517383	3.506997332226745	0.6312686475710343	MAP2K6	0.2696673	False
6484	4.71530127272084	2.155250385434409	0.4570758602219236	LINC01483	0.26964098	False
6485	4.71530127272084	2.155250385434409	0.4570758602219236	LINC01497	0.26964098	False
6486	4.71530127272084	2.155250385434409	0.4570758602219236	LINC01028	0.26964098	False
6487	4.71530127272084	2.155250385434409	0.4570758602219236	KCNJ16	0.26964098	False
6488	4.312332335583788	1.7223150639689924	0.39939293401788145	KCNJ2-AS1	0.26963356	False
6489	4.312332335583788	1.7223150639689924	0.39939293401788145	KCNJ2	0.26963356	False
6490	3.9149981887470386	1.1417265535640848	0.29162888423442274	CASC17	0.2696269	False
6491	3.0537305694719845	0.45207149702242855	0.1480390907900547	SSTR2	0.2696198	False
6492	3.0537305694719845	0.45207149702242855	0.1480390907900547	COG1	0.2696198	False
6493	3.0537305694719845	0.45207149702242855	0.1480390907900547	FAM104A	0.2696198	False
6494	3.0537305694719845	0.45207149702242855	0.1480390907900547	C17orf80	0.2696198	False
6495	3.0537305694719845	0.45207149702242855	0.1480390907900547	CPSF4L	0.2696198	False
6496	3.0537305694719845	0.45207149702242855	0.1480390907900547	CDC42EP4	0.2696198	False
6497	3.0537305694719845	0.45207149702242855	0.1480390907900547	SDK2	0.2696198	False
6498	3.0537305694719845	0.45207149702242855	0.1480390907900547	LOC100134391	0.2696198	False
6499	3.0537305694719845	0.45207149702242855	0.1480390907900547	LINC00469	0.2696198	False
6500	3.0537305694719845	0.45207149702242855	0.1480390907900547	LINC02092	0.2696198	False
6501	3.113552338617281	0.4434071596468115	0.14241198201399988	RPL38	0.26961973	False
6502	3.113552338617281	0.4434071596468115	0.14241198201399988	MGC16275	0.26961973	False
6503	3.113552338617281	0.4434071596468115	0.14241198201399988	TTYH2	0.26961973	False
6504	3.113552338617281	0.4434071596468115	0.14241198201399988	DNAI2	0.26961973	False
6505	3.113552338617281	0.4434071596468115	0.14241198201399988	KIF19	0.26961973	False
6506	3.113552338617281	0.4434071596468115	0.14241198201399988	BTBD17	0.26961973	False
6507	3.113552338617281	0.4434071596468115	0.14241198201399988	GPR142	0.26961973	False
6508	3.113552338617281	0.4434071596468115	0.14241198201399988	GPRC5C	0.26961973	False
6509	3.113552338617281	0.4434071596468115	0.14241198201399988	CD300A	0.26961973	False
6510	3.113552338617281	0.4434071596468115	0.14241198201399988	CD300LB	0.26961973	False
6511	3.113552338617281	0.4434071596468115	0.14241198201399988	CD300C	0.26961973	False
6512	3.113552338617281	0.4434071596468115	0.14241198201399988	CD300LD	0.26961973	False
6513	3.113552338617281	0.4434071596468115	0.14241198201399988	C17orf77	0.26961973	False
6514	3.113552338617281	0.4434071596468115	0.14241198201399988	CD300E	0.26961973	False
6515	3.113552338617281	0.4434071596468115	0.14241198201399988	RAB37	0.26961973	False
6516	3.113552338617281	0.4434071596468115	0.14241198201399988	CD300LF	0.26961973	False
6517	3.113552338617281	0.4434071596468115	0.14241198201399988	MIR3615	0.26961973	False
6518	3.113552338617281	0.4434071596468115	0.14241198201399988	SLC9A3R1	0.26961973	False
6519	3.113552338617281	0.4434071596468115	0.14241198201399988	NAT9	0.26961973	False
6520	3.113552338617281	0.4434071596468115	0.14241198201399988	TMEM104	0.26961973	False
6521	3.113552338617281	0.4434071596468115	0.14241198201399988	GRIN2C	0.26961973	False
6522	3.113552338617281	0.4434071596468115	0.14241198201399988	FDXR	0.26961973	False
6523	3.113552338617281	0.4434071596468115	0.14241198201399988	FADS6	0.26961973	False
6524	3.0035857307515537	0.35223336192844085	0.11727095328832363	USH1G	0.269619	False
6525	3.0035857307515537	0.35223336192844085	0.11727095328832363	OTOP2	0.269619	False
6526	3.0035857307515537	0.35223336192844085	0.11727095328832363	OTOP3	0.269619	False
6527	3.0035857307515537	0.35223336192844085	0.11727095328832363	HID1	0.269619	False
6528	3.0035857307515537	0.35223336192844085	0.11727095328832363	HID1-AS1	0.269619	False
6529	3.0035857307515537	0.35223336192844085	0.11727095328832363	CDR2L	0.269619	False
6530	3.0035857307515537	0.35223336192844085	0.11727095328832363	MRPL58	0.269619	False
6531	3.0035857307515537	0.35223336192844085	0.11727095328832363	KCTD2	0.269619	False
6532	3.0035857307515537	0.35223336192844085	0.11727095328832363	ATP5PD	0.269619	False
6533	3.0035857307515537	0.35223336192844085	0.11727095328832363	SLC16A5	0.269619	False
6534	3.167459588543746	0.41361724324584687	0.130583273971937	ARMC7	0.26961958	False
6535	3.167459588543746	0.41361724324584687	0.130583273971937	NT5C	0.26961958	False
6536	3.167459588543746	0.41361724324584687	0.130583273971937	JPT1	0.26961958	False
6537	3.167459588543746	0.41361724324584687	0.130583273971937	SUMO2	0.26961958	False
6538	3.167459588543746	0.41361724324584687	0.130583273971937	NUP85	0.26961958	False
6539	3.167459588543746	0.41361724324584687	0.130583273971937	GGA3	0.26961958	False
6540	3.167459588543746	0.41361724324584687	0.130583273971937	MRPS7	0.26961958	False
6541	3.167459588543746	0.41361724324584687	0.130583273971937	MIF4GD	0.26961958	False
6542	3.167459588543746	0.41361724324584687	0.130583273971937	LOC100287042	0.26961958	False
6543	3.167459588543746	0.41361724324584687	0.130583273971937	SLC25A19	0.26961958	False
6544	3.167459588543746	0.41361724324584687	0.130583273971937	GRB2	0.26961958	False
6545	3.167459588543746	0.41361724324584687	0.130583273971937	MIR3678	0.26961958	False
6546	3.167459588543746	0.41361724324584687	0.130583273971937	TMEM94	0.26961958	False
6547	3.167459588543746	0.41361724324584687	0.130583273971937	MIR6785	0.26961958	False
6548	3.167459588543746	0.41361724324584687	0.130583273971937	CASKIN2	0.26961958	False
6549	3.167459588543746	0.41361724324584687	0.130583273971937	TSEN54	0.26961958	False
6550	3.167459588543746	0.41361724324584687	0.130583273971937	LLGL2	0.26961958	False
6551	3.167459588543746	0.41361724324584687	0.130583273971937	MYO15B	0.26961958	False
6552	3.167459588543746	0.41361724324584687	0.130583273971937	RECQL5	0.26961958	False
6553	3.167459588543746	0.41361724324584687	0.130583273971937	SMIM5	0.26961958	False
6554	3.167459588543746	0.41361724324584687	0.130583273971937	SMIM6	0.26961958	False
6555	3.167459588543746	0.41361724324584687	0.130583273971937	SAP30BP	0.26961958	False
6556	3.167459588543746	0.41361724324584687	0.130583273971937	ITGB4	0.26961958	False
6557	3.167459588543746	0.41361724324584687	0.130583273971937	GALK1	0.26961958	False
6558	3.167459588543746	0.41361724324584687	0.130583273971937	H3F3B	0.26961958	False
6559	3.167459588543746	0.41361724324584687	0.130583273971937	MIR4738	0.26961958	False
6560	3.167459588543746	0.41361724324584687	0.130583273971937	UNK	0.26961958	False
6561	3.167459588543746	0.41361724324584687	0.130583273971937	UNC13D	0.26961958	False
6562	3.167459588543746	0.41361724324584687	0.130583273971937	WBP2	0.26961958	False
6563	3.167459588543746	0.41361724324584687	0.130583273971937	TRIM47	0.26961958	False
6564	3.167459588543746	0.41361724324584687	0.130583273971937	TRIM65	0.26961958	False
6565	2.8380185374054725	0.24781421281881527	0.08731944825327603	MRPL38	0.2696183	False
6566	2.8380185374054725	0.24781421281881527	0.08731944825327603	FBF1	0.2696183	False
6567	2.8380185374054725	0.24781421281881527	0.08731944825327603	ACOX1	0.2696183	False
6568	2.8380185374054725	0.24781421281881527	0.08731944825327603	TEN1	0.2696183	False
6569	2.8380185374054725	0.24781421281881527	0.08731944825327603	TEN1-CDK3	0.2696183	False
6570	2.8380185374054725	0.24781421281881527	0.08731944825327603	CDK3	0.2696183	False
6571	2.8380185374054725	0.24781421281881527	0.08731944825327603	EVPL	0.2696183	False
6572	2.8380185374054725	0.24781421281881527	0.08731944825327603	SRP68	0.2696183	False
6573	2.8380185374054725	0.24781421281881527	0.08731944825327603	ZACN	0.2696183	False
6574	2.8380185374054725	0.24781421281881527	0.08731944825327603	GALR2	0.2696183	False
6575	2.8380185374054725	0.24781421281881527	0.08731944825327603	EXOC7	0.2696183	False
6576	2.8380185374054725	0.24781421281881527	0.08731944825327603	MIR6868	0.2696183	False
6577	3.096895944096186	0.8807231827312239	0.2843890135896247	ADCYAP1	0.2696218	False
6578	3.096895944096186	0.8807231827312239	0.2843890135896247	LINC00470	0.2696218	False
6579	3.271596387746034	0.7331043162729448	0.22408152760494301	ROCK1	0.26962164	False
6580	3.271596387746034	0.7331043162729448	0.22408152760494301	GREB1L	0.26962164	False
6581	3.271596387746034	0.7331043162729448	0.22408152760494301	ESCO1	0.26962164	False
6582	3.271596387746034	0.7331043162729448	0.22408152760494301	SNRPD1	0.26962164	False
6583	3.271596387746034	0.7331043162729448	0.22408152760494301	ABHD3	0.26962164	False
6584	3.271596387746034	0.7331043162729448	0.22408152760494301	MIR320C1	0.26962164	False
6585	3.271596387746034	0.7331043162729448	0.22408152760494301	MIB1	0.26962164	False
6586	3.271596387746034	0.7331043162729448	0.22408152760494301	MIR133A1HG	0.26962164	False
6587	3.271596387746034	0.7331043162729448	0.22408152760494301	MIR133A1	0.26962164	False
6588	3.271596387746034	0.7331043162729448	0.22408152760494301	MIR1-2	0.26962164	False
6589	3.1240814099303833	0.5978395449315091	0.19136490586678767	GATA6-AS1	0.26962054	False
6590	3.1240814099303833	0.5978395449315091	0.19136490586678767	GATA6	0.26962054	False
6591	3.1240814099303833	0.5978395449315091	0.19136490586678767	CTAGE1	0.26962054	False
6592	3.25015398294005	1.0470636486905118	0.32215816671656605	DSCAS	0.26962307	False
6593	3.25015398294005	1.0470636486905118	0.32215816671656605	DSC1	0.26962307	False
6594	3.25015398294005	1.0470636486905118	0.32215816671656605	DSG1	0.26962307	False
6595	3.25015398294005	1.0470636486905118	0.32215816671656605	DSG1-AS1	0.26962307	False
6596	3.25015398294005	1.0470636486905118	0.32215816671656605	DSG4	0.26962307	False
6597	3.25015398294005	1.0470636486905118	0.32215816671656605	DSG3	0.26962307	False
6598	3.25015398294005	1.0470636486905118	0.32215816671656605	DSG2	0.26962307	False
6599	3.25015398294005	1.0470636486905118	0.32215816671656605	DSG2-AS1	0.26962307	False
6600	3.25015398294005	1.0470636486905118	0.32215816671656605	TTR	0.26962307	False
6601	3.25015398294005	1.0470636486905118	0.32215816671656605	B4GALT6	0.26962307	False
6602	3.25015398294005	1.0470636486905118	0.32215816671656605	SLC25A52	0.26962307	False
6603	3.188269964201253	0.8768679903132414	0.2750294047113166	TRAPPC8	0.26962215	False
6604	3.188269964201253	0.8768679903132414	0.2750294047113166	RNF125	0.26962215	False
6605	3.188269964201253	0.8768679903132414	0.2750294047113166	RNF138	0.26962215	False
6606	3.2733142465077902	0.9918941854894576	0.3030244305286859	GAREM1	0.26962292	False
6607	3.2733142465077902	0.9918941854894576	0.3030244305286859	MEP1B	0.26962292	False
6608	3.2733142465077902	0.9918941854894576	0.3030244305286859	KLHL14	0.26962292	False
6609	3.1407853400295003	0.7549047780299505	0.24035541952155823	CCDC178	0.26962128	False
6610	3.1732216524792918	0.8252444735153792	0.26006518418610997	ASXL3	0.2696218	False
6611	3.0266384670898274	0.6226524005735761	0.20572407551942226	NOL4	0.26962048	False
6612	3.0283610522710736	0.7041757604855267	0.2325270165383486	DTNA	0.2696209	False
6613	2.932670636284852	0.5049627534529681	0.17218529322906237	BOD1L2	0.26961973	False
6614	2.932670636284852	0.5049627534529681	0.17218529322906237	ST8SIA3	0.26961973	False
6615	2.932670636284852	0.5049627534529681	0.17218529322906237	ONECUT2	0.26961973	False
6616	2.932670636284852	0.5049627534529681	0.17218529322906237	FECH	0.26961973	False
6617	2.932670636284852	0.5049627534529681	0.17218529322906237	NARS	0.26961973	False
6618	2.932670636284852	0.5049627534529681	0.17218529322906237	LOC100505549	0.26961973	False
6619	2.932670636284852	0.5049627534529681	0.17218529322906237	ATP8B1	0.26961973	False
6620	2.8727669527350863	0.46304531847020486	0.16118443510684063	NEDD4L	0.2696194	False
6621	3.0226842807434635	0.6000795184177617	0.19852537105534732	MIR122	0.26962036	False
6622	3.0226842807434635	0.6000795184177617	0.19852537105534732	ALPK2	0.26962036	False
6623	3.0226842807434635	0.6000795184177617	0.19852537105534732	SNORA108	0.26962036	False
6624	3.0226842807434635	0.6000795184177617	0.19852537105534732	LOC101927322	0.26962036	False
6625	3.0226842807434635	0.6000795184177617	0.19852537105534732	MALT1	0.26962036	False
6626	3.038603940924048	0.7685900825896427	0.2529418435348676	RELCH	0.269621	False
6627	3.038603940924048	0.7685900825896427	0.2529418435348676	TNFRSF11A	0.269621	False
6628	3.038603940924048	0.7685900825896427	0.2529418435348676	ZCCHC2	0.269621	False
6629	2.932206725524482	0.6389626197410483	0.2179118594125581	PHLPP1	0.26962015	False
6630	2.9944268180347087	0.7116014261361467	0.23764194932076596	BCL2	0.26962078	False
6631	2.9944268180347087	0.7116014261361467	0.23764194932076596	KDSR	0.26962078	False
6632	2.9944268180347087	0.7116014261361467	0.23764194932076596	VPS4B	0.26962078	False
6633	2.9944268180347087	0.7116014261361467	0.23764194932076596	SERPINB5	0.26962078	False
6634	2.9944268180347087	0.7116014261361467	0.23764194932076596	SERPINB12	0.26962078	False
6635	2.9944268180347087	0.7116014261361467	0.23764194932076596	SERPINB13	0.26962078	False
6636	2.9944268180347087	0.7116014261361467	0.23764194932076596	SERPINB4	0.26962078	False
6637	2.9944268180347087	0.7116014261361467	0.23764194932076596	SERPINB3	0.26962078	False
6638	2.9944268180347087	0.7116014261361467	0.23764194932076596	SERPINB11	0.26962078	False
6639	2.9944268180347087	0.7116014261361467	0.23764194932076596	SERPINB7	0.26962078	False
6640	3.47589053409857	1.935539910971331	0.556847199871123	DSEL	0.26962888	False
6641	3.47589053409857	1.935539910971331	0.556847199871123	LOC643542	0.26962888	False
6642	4.62608149087779	0.8292825919475387	0.1792624262202921	R3HDM4	0.26962674	False
6643	4.62608149087779	0.8292825919475387	0.1792624262202921	KISS1R	0.26962674	False
6644	4.62608149087779	0.8292825919475387	0.1792624262202921	ARID3A	0.26962674	False
6645	4.62608149087779	0.8292825919475387	0.1792624262202921	WDR18	0.26962674	False
6646	4.62608149087779	0.8292825919475387	0.1792624262202921	GRIN3B	0.26962674	False
6647	4.62608149087779	0.8292825919475387	0.1792624262202921	TMEM259	0.26962674	False
6648	4.62608149087779	0.8292825919475387	0.1792624262202921	CNN2	0.26962674	False
6649	4.62608149087779	0.8292825919475387	0.1792624262202921	ABCA7	0.26962674	False
6650	4.62608149087779	0.8292825919475387	0.1792624262202921	ARHGAP45	0.26962674	False
6651	4.62608149087779	0.8292825919475387	0.1792624262202921	POLR2E	0.26962674	False
6652	4.62608149087779	0.8292825919475387	0.1792624262202921	GPX4	0.26962674	False
6653	4.62608149087779	0.8292825919475387	0.1792624262202921	SBNO2	0.26962674	False
6654	4.62608149087779	0.8292825919475387	0.1792624262202921	STK11	0.26962674	False
6655	4.62608149087779	0.8292825919475387	0.1792624262202921	CBARP	0.26962674	False
6656	4.62608149087779	0.8292825919475387	0.1792624262202921	ATP5F1D	0.26962674	False
6657	4.62608149087779	0.8292825919475387	0.1792624262202921	MIDN	0.26962674	False
6658	4.62608149087779	0.8292825919475387	0.1792624262202921	CIRBP	0.26962674	False
6659	4.62608149087779	0.8292825919475387	0.1792624262202921	CIRBP-AS1	0.26962674	False
6660	4.62608149087779	0.8292825919475387	0.1792624262202921	C19orf24	0.26962674	False
6661	4.62608149087779	0.8292825919475387	0.1792624262202921	MUM1	0.26962674	False
6662	4.62608149087779	0.8292825919475387	0.1792624262202921	EFNA2	0.26962674	False
6663	4.62608149087779	0.8292825919475387	0.1792624262202921	NDUFS7	0.26962674	False
6664	4.62608149087779	0.8292825919475387	0.1792624262202921	GAMT	0.26962674	False
6665	4.62608149087779	0.8292825919475387	0.1792624262202921	DAZAP1	0.26962674	False
6666	4.62608149087779	0.8292825919475387	0.1792624262202921	RPS15	0.26962674	False
6667	4.62608149087779	0.8292825919475387	0.1792624262202921	APC2	0.26962674	False
6668	4.62608149087779	0.8292825919475387	0.1792624262202921	C19orf25	0.26962674	False
6669	4.62608149087779	0.8292825919475387	0.1792624262202921	PCSK4	0.26962674	False
6670	4.62608149087779	0.8292825919475387	0.1792624262202921	REEP6	0.26962674	False
6671	4.62608149087779	0.8292825919475387	0.1792624262202921	ADAMTSL5	0.26962674	False
6672	4.62608149087779	0.8292825919475387	0.1792624262202921	PLK5	0.26962674	False
6673	4.62608149087779	0.8292825919475387	0.1792624262202921	MEX3D	0.26962674	False
6674	4.62608149087779	0.8292825919475387	0.1792624262202921	MBD3	0.26962674	False
6675	4.62608149087779	0.8292825919475387	0.1792624262202921	UQCR11	0.26962674	False
6676	4.62608149087779	0.8292825919475387	0.1792624262202921	TCF3	0.26962674	False
6677	4.62608149087779	0.8292825919475387	0.1792624262202921	ONECUT3	0.26962674	False
6678	4.62608149087779	0.8292825919475387	0.1792624262202921	ATP8B3	0.26962674	False
6679	4.62608149087779	0.8292825919475387	0.1792624262202921	REXO1	0.26962674	False
6680	4.62608149087779	0.8292825919475387	0.1792624262202921	MIR1909	0.26962674	False
6681	4.62608149087779	0.8292825919475387	0.1792624262202921	LOC100288123	0.26962674	False
6682	4.62608149087779	0.8292825919475387	0.1792624262202921	KLF16	0.26962674	False
6683	4.62608149087779	0.8292825919475387	0.1792624262202921	ABHD17A	0.26962674	False
6684	4.484999958451344	0.6866609940462768	0.15310167233164892	SCAMP4	0.26962486	False
6685	4.484999958451344	0.6866609940462768	0.15310167233164892	ADAT3	0.26962486	False
6686	4.484999958451344	0.6866609940462768	0.15310167233164892	CSNK1G2	0.26962486	False
6687	4.484999958451344	0.6866609940462768	0.15310167233164892	CSNK1G2-AS1	0.26962486	False
6688	4.484999958451344	0.6866609940462768	0.15310167233164892	BTBD2	0.26962486	False
6689	4.484999958451344	0.6866609940462768	0.15310167233164892	MKNK2	0.26962486	False
6690	4.484999958451344	0.6866609940462768	0.15310167233164892	MOB3A	0.26962486	False
6691	4.484999958451344	0.6866609940462768	0.15310167233164892	IZUMO4	0.26962486	False
6692	4.484999958451344	0.6866609940462768	0.15310167233164892	AP3D1	0.26962486	False
6693	4.484999958451344	0.6866609940462768	0.15310167233164892	DOT1L	0.26962486	False
6694	4.484999958451344	0.6866609940462768	0.15310167233164892	PLEKHJ1	0.26962486	False
6695	4.484999958451344	0.6866609940462768	0.15310167233164892	MIR1227	0.26962486	False
6696	4.484999958451344	0.6866609940462768	0.15310167233164892	MIR6789	0.26962486	False
6697	4.484999958451344	0.6866609940462768	0.15310167233164892	SF3A2	0.26962486	False
6698	4.484999958451344	0.6866609940462768	0.15310167233164892	AMH	0.26962486	False
6699	4.484999958451344	0.6866609940462768	0.15310167233164892	MIR4321	0.26962486	False
6700	4.484999958451344	0.6866609940462768	0.15310167233164892	JSRP1	0.26962486	False
6701	4.484999958451344	0.6866609940462768	0.15310167233164892	OAZ1	0.26962486	False
6702	4.484999958451344	0.6866609940462768	0.15310167233164892	SPPL2B	0.26962486	False
6703	4.484999958451344	0.6866609940462768	0.15310167233164892	PEAK3	0.26962486	False
6704	4.484999958451344	0.6866609940462768	0.15310167233164892	LSM7	0.26962486	False
6705	4.484999958451344	0.6866609940462768	0.15310167233164892	TMPRSS9	0.26962486	False
6706	4.484999958451344	0.6866609940462768	0.15310167233164892	TIMM13	0.26962486	False
6707	4.484999958451344	0.6866609940462768	0.15310167233164892	LMNB2	0.26962486	False
6708	4.484999958451344	0.6866609940462768	0.15310167233164892	MIR7108	0.26962486	False
6709	4.484999958451344	0.6866609940462768	0.15310167233164892	LINC01775	0.26962486	False
6710	4.484999958451344	0.6866609940462768	0.15310167233164892	GADD45B	0.26962486	False
6711	4.484999958451344	0.6866609940462768	0.15310167233164892	GNG7	0.26962486	False
6712	4.484999958451344	0.6866609940462768	0.15310167233164892	MIR7850	0.26962486	False
6713	4.484999958451344	0.6866609940462768	0.15310167233164892	DIRAS1	0.26962486	False
6714	4.484999958451344	0.6866609940462768	0.15310167233164892	SLC39A3	0.26962486	False
6715	4.484999958451344	0.6866609940462768	0.15310167233164892	SGTA	0.26962486	False
6716	4.484999958451344	0.6866609940462768	0.15310167233164892	THOP1	0.26962486	False
6717	4.484999958451344	0.6866609940462768	0.15310167233164892	ZNF554	0.26962486	False
6718	4.484999958451344	0.6866609940462768	0.15310167233164892	ZNF555	0.26962486	False
6719	4.484999958451344	0.6866609940462768	0.15310167233164892	ZNF556	0.26962486	False
6720	4.172635581835545	0.5626521363855985	0.13484334429657707	ZNF57	0.269623	False
6721	4.172635581835545	0.5626521363855985	0.13484334429657707	ZNF77	0.269623	False
6722	4.172635581835545	0.5626521363855985	0.13484334429657707	TLE6	0.269623	False
6723	4.172635581835545	0.5626521363855985	0.13484334429657707	TLE2	0.269623	False
6724	4.172635581835545	0.5626521363855985	0.13484334429657707	AES	0.269623	False
6725	4.172635581835545	0.5626521363855985	0.13484334429657707	GNA11	0.269623	False
6726	4.172635581835545	0.5626521363855985	0.13484334429657707	GNA15	0.269623	False
6727	4.172635581835545	0.5626521363855985	0.13484334429657707	LOC100996351	0.269623	False
6728	4.172635581835545	0.5626521363855985	0.13484334429657707	S1PR4	0.269623	False
6729	4.172635581835545	0.5626521363855985	0.13484334429657707	NCLN	0.269623	False
6730	4.172635581835545	0.5626521363855985	0.13484334429657707	CELF5	0.269623	False
6731	4.172635581835545	0.5626521363855985	0.13484334429657707	NFIC	0.269623	False
6732	4.172635581835545	0.5626521363855985	0.13484334429657707	SMIM24	0.269623	False
6733	4.172635581835545	0.5626521363855985	0.13484334429657707	DOHH	0.269623	False
6734	4.172635581835545	0.5626521363855985	0.13484334429657707	FZR1	0.269623	False
6735	4.172635581835545	0.5626521363855985	0.13484334429657707	MFSD12	0.269623	False
6736	4.172635581835545	0.5626521363855985	0.13484334429657707	C19orf71	0.269623	False
6737	4.172635581835545	0.5626521363855985	0.13484334429657707	HMG20B	0.269623	False
6738	4.172635581835545	0.5626521363855985	0.13484334429657707	GIPC3	0.269623	False
6739	4.172635581835545	0.5626521363855985	0.13484334429657707	TBXA2R	0.269623	False
6740	4.172635581835545	0.5626521363855985	0.13484334429657707	CACTIN-AS1	0.269623	False
6741	4.172635581835545	0.5626521363855985	0.13484334429657707	CACTIN	0.269623	False
6742	4.172635581835545	0.5626521363855985	0.13484334429657707	PIP5K1C	0.269623	False
6743	4.172635581835545	0.5626521363855985	0.13484334429657707	TJP3	0.269623	False
6744	4.172635581835545	0.5626521363855985	0.13484334429657707	APBA3	0.269623	False
6745	4.172635581835545	0.5626521363855985	0.13484334429657707	MRPL54	0.269623	False
6746	4.172635581835545	0.5626521363855985	0.13484334429657707	RAX2	0.269623	False
6747	4.172635581835545	0.5626521363855985	0.13484334429657707	MATK	0.269623	False
6748	4.172635581835545	0.5626521363855985	0.13484334429657707	ZFR2	0.269623	False
6749	3.9228403639013387	0.4493948178508191	0.11455852804672569	ATCAY	0.26962137	False
6750	3.9228403639013387	0.4493948178508191	0.11455852804672569	NMRK2	0.26962137	False
6751	3.9228403639013387	0.4493948178508191	0.11455852804672569	DAPK3	0.26962137	False
6752	3.9228403639013387	0.4493948178508191	0.11455852804672569	MIR637	0.26962137	False
6753	3.9228403639013387	0.4493948178508191	0.11455852804672569	EEF2	0.26962137	False
6754	3.9228403639013387	0.4493948178508191	0.11455852804672569	SNORD37	0.26962137	False
6755	3.9228403639013387	0.4493948178508191	0.11455852804672569	PIAS4	0.26962137	False
6756	3.9228403639013387	0.4493948178508191	0.11455852804672569	ZBTB7A	0.26962137	False
6757	3.9228403639013387	0.4493948178508191	0.11455852804672569	MAP2K2	0.26962137	False
6758	3.697103153095164	0.4717740283524336	0.12760640123267072	CREB3L3	0.26962098	False
6759	3.697103153095164	0.4717740283524336	0.12760640123267072	SIRT6	0.26962098	False
6760	3.697103153095164	0.4717740283524336	0.12760640123267072	ANKRD24	0.26962098	False
6761	3.697103153095164	0.4717740283524336	0.12760640123267072	EBI3	0.26962098	False
6762	3.697103153095164	0.4717740283524336	0.12760640123267072	YJU2	0.26962098	False
6763	3.697103153095164	0.4717740283524336	0.12760640123267072	SHD	0.26962098	False
6764	3.697103153095164	0.4717740283524336	0.12760640123267072	TMIGD2	0.26962098	False
6765	3.697103153095164	0.4717740283524336	0.12760640123267072	FSD1	0.26962098	False
6766	3.697103153095164	0.4717740283524336	0.12760640123267072	STAP2	0.26962098	False
6767	3.697103153095164	0.4717740283524336	0.12760640123267072	MPND	0.26962098	False
6768	3.697103153095164	0.4717740283524336	0.12760640123267072	SH3GL1	0.26962098	False
6769	3.697103153095164	0.4717740283524336	0.12760640123267072	CHAF1A	0.26962098	False
6770	3.697103153095164	0.4717740283524336	0.12760640123267072	UBXN6	0.26962098	False
6771	3.697103153095164	0.4717740283524336	0.12760640123267072	MIR4746	0.26962098	False
6772	3.697103153095164	0.4717740283524336	0.12760640123267072	HDGFL2	0.26962098	False
6773	3.697103153095164	0.4717740283524336	0.12760640123267072	PLIN4	0.26962098	False
6774	3.697103153095164	0.4717740283524336	0.12760640123267072	PLIN5	0.26962098	False
6775	3.697103153095164	0.4717740283524336	0.12760640123267072	LRG1	0.26962098	False
6776	3.697103153095164	0.4717740283524336	0.12760640123267072	SEMA6B	0.26962098	False
6777	3.697103153095164	0.4717740283524336	0.12760640123267072	TNFAIP8L1	0.26962098	False
6778	3.697103153095164	0.4717740283524336	0.12760640123267072	MYDGF	0.26962098	False
6779	3.697103153095164	0.4717740283524336	0.12760640123267072	DPP9	0.26962098	False
6780	3.697103153095164	0.4717740283524336	0.12760640123267072	DPP9-AS1	0.26962098	False
6781	3.697103153095164	0.4717740283524336	0.12760640123267072	MIR7-3HG	0.26962098	False
6782	3.697103153095164	0.4717740283524336	0.12760640123267072	MIR7-3	0.26962098	False
6783	3.697103153095164	0.4717740283524336	0.12760640123267072	FEM1A	0.26962098	False
6784	3.697103153095164	0.4717740283524336	0.12760640123267072	TICAM1	0.26962098	False
6785	3.697103153095164	0.4717740283524336	0.12760640123267072	PLIN3	0.26962098	False
6786	3.4404720502181436	0.35064777208021825	0.10191850622881397	ARRDC5	0.2696195	False
6787	3.4404720502181436	0.35064777208021825	0.10191850622881397	UHRF1	0.2696195	False
6788	3.4404720502181436	0.35064777208021825	0.10191850622881397	MIR4747	0.2696195	False
6789	3.4404720502181436	0.35064777208021825	0.10191850622881397	KDM4B	0.2696195	False
6790	3.159512665874193	0.31388958280620954	0.09934746779037225	PTPRS	0.269619	False
6791	3.159512665874193	0.31388958280620954	0.09934746779037225	ZNRF4	0.269619	False
6792	3.159512665874193	0.31388958280620954	0.09934746779037225	TINCR	0.269619	False
6793	3.159512665874193	0.31388958280620954	0.09934746779037225	SAFB2	0.269619	False
6794	3.159512665874193	0.31388958280620954	0.09934746779037225	SAFB	0.269619	False
6795	3.159512665874193	0.31388958280620954	0.09934746779037225	RPL36	0.269619	False
6796	3.159512665874193	0.31388958280620954	0.09934746779037225	C19orf70	0.269619	False
6797	3.159512665874193	0.31388958280620954	0.09934746779037225	HSD11B1L	0.269619	False
6798	3.159512665874193	0.31388958280620954	0.09934746779037225	LONP1	0.269619	False
6799	3.159512665874193	0.31388958280620954	0.09934746779037225	CATSPERD	0.269619	False
6800	3.159512665874193	0.31388958280620954	0.09934746779037225	PRR22	0.269619	False
6801	3.159512665874193	0.31388958280620954	0.09934746779037225	DUS3L	0.269619	False
6802	3.159512665874193	0.31388958280620954	0.09934746779037225	NRTN	0.269619	False
6803	3.159512665874193	0.31388958280620954	0.09934746779037225	FUT6	0.269619	False
6804	3.159512665874193	0.31388958280620954	0.09934746779037225	FUT3	0.269619	False
6805	3.159512665874193	0.31388958280620954	0.09934746779037225	LOC101928844	0.269619	False
6806	3.1097292952052555	0.27621473526324825	0.08882275884564315	FUT5	0.26961878	False
6807	3.1097292952052555	0.27621473526324825	0.08882275884564315	NDUFA11	0.26961878	False
6808	3.1097292952052555	0.27621473526324825	0.08882275884564315	CAPS	0.26961878	False
6809	3.1097292952052555	0.27621473526324825	0.08882275884564315	VMAC	0.26961878	False
6810	3.1097292952052555	0.27621473526324825	0.08882275884564315	RANBP3	0.26961878	False
6811	3.1097292952052555	0.27621473526324825	0.08882275884564315	LOC100128568	0.26961878	False
6812	3.1097292952052555	0.27621473526324825	0.08882275884564315	RFX2	0.26961878	False
6813	2.983294224439335	0.2869236387407794	0.09617678215922613	ACSBG2	0.26961872	False
6814	2.983294224439335	0.2869236387407794	0.09617678215922613	MLLT1	0.26961872	False
6815	2.983294224439335	0.2869236387407794	0.09617678215922613	ACER1	0.26961872	False
6816	2.983294224439335	0.2869236387407794	0.09617678215922613	CLPP	0.26961872	False
6817	2.983294224439335	0.2869236387407794	0.09617678215922613	ALKBH7	0.26961872	False
6818	2.983294224439335	0.2869236387407794	0.09617678215922613	PSPN	0.26961872	False
6819	2.983294224439335	0.2869236387407794	0.09617678215922613	GTF2F1	0.26961872	False
6820	2.983294224439335	0.2869236387407794	0.09617678215922613	MIR6885	0.26961872	False
6821	2.983294224439335	0.2869236387407794	0.09617678215922613	MIR6790	0.26961872	False
6822	2.983294224439335	0.2869236387407794	0.09617678215922613	KHSRP	0.26961872	False
6823	2.983294224439335	0.2869236387407794	0.09617678215922613	MIR3940	0.26961872	False
6824	2.983294224439335	0.2869236387407794	0.09617678215922613	SLC25A41	0.26961872	False
6825	2.983294224439335	0.2869236387407794	0.09617678215922613	SLC25A23	0.26961872	False
6826	2.983294224439335	0.2869236387407794	0.09617678215922613	CRB3	0.26961872	False
6827	2.983294224439335	0.2869236387407794	0.09617678215922613	DENND1C	0.26961872	False
6828	2.983294224439335	0.2869236387407794	0.09617678215922613	TUBB4A	0.26961872	False
6829	2.983294224439335	0.2869236387407794	0.09617678215922613	TNFSF9	0.26961872	False
6830	2.983294224439335	0.2869236387407794	0.09617678215922613	CD70	0.26961872	False
6831	2.983294224439335	0.2869236387407794	0.09617678215922613	TNFSF14	0.26961872	False
6832	2.983294224439335	0.2869236387407794	0.09617678215922613	C3	0.26961872	False
6833	2.983294224439335	0.2869236387407794	0.09617678215922613	GPR108	0.26961872	False
6834	2.983294224439335	0.2869236387407794	0.09617678215922613	MIR6791	0.26961872	False
6835	2.983294224439335	0.2869236387407794	0.09617678215922613	TRIP10	0.26961872	False
6836	2.983294224439335	0.2869236387407794	0.09617678215922613	SH2D3A	0.26961872	False
6837	2.983294224439335	0.2869236387407794	0.09617678215922613	VAV1	0.26961872	False
6838	2.9006449908355334	0.24248029141697947	0.08359530110823138	ADGRE1	0.26961827	False
6839	2.9006449908355334	0.24248029141697947	0.08359530110823138	MBD3L5	0.26961827	False
6840	2.9006449908355334	0.24248029141697947	0.08359530110823138	MBD3L4	0.26961827	False
6841	2.9006449908355334	0.24248029141697947	0.08359530110823138	MBD3L2	0.26961827	False
6842	2.9006449908355334	0.24248029141697947	0.08359530110823138	MBD3L3	0.26961827	False
6843	2.9006449908355334	0.24248029141697947	0.08359530110823138	ZNF557	0.26961827	False
6844	2.8297630956928184	0.25744490071100473	0.0909775454711603	INSR	0.2696183	False
6845	2.8297630956928184	0.25744490071100473	0.0909775454711603	ARHGEF18	0.2696183	False
6846	2.8297630956928184	0.25744490071100473	0.0909775454711603	PEX11G	0.2696183	False
6847	2.8297630956928184	0.25744490071100473	0.0909775454711603	TEX45	0.2696183	False
6848	2.8297630956928184	0.25744490071100473	0.0909775454711603	ZNF358	0.2696183	False
6849	2.8297630956928184	0.25744490071100473	0.0909775454711603	MCOLN1	0.2696183	False
6850	2.8297630956928184	0.25744490071100473	0.0909775454711603	PNPLA6	0.2696183	False
6851	2.8297630956928184	0.25744490071100473	0.0909775454711603	CAMSAP3	0.2696183	False
6852	2.8297630956928184	0.25744490071100473	0.0909775454711603	MIR6792	0.2696183	False
6853	2.8297630956928184	0.25744490071100473	0.0909775454711603	XAB2	0.2696183	False
6854	2.8297630956928184	0.25744490071100473	0.0909775454711603	PET100	0.2696183	False
6855	2.8297630956928184	0.25744490071100473	0.0909775454711603	STXBP2	0.2696183	False
6856	2.8297630956928184	0.25744490071100473	0.0909775454711603	PCP2	0.2696183	False
6857	2.8297630956928184	0.25744490071100473	0.0909775454711603	RETN	0.2696183	False
6858	2.8297630956928184	0.25744490071100473	0.0909775454711603	MCEMP1	0.2696183	False
6859	2.8297630956928184	0.25744490071100473	0.0909775454711603	TRAPPC5	0.2696183	False
6860	2.8297630956928184	0.25744490071100473	0.0909775454711603	FCER2	0.2696183	False
6861	2.8297630956928184	0.25744490071100473	0.0909775454711603	CLEC4G	0.2696183	False
6862	2.8297630956928184	0.25744490071100473	0.0909775454711603	CD209	0.2696183	False
6863	2.8297630956928184	0.25744490071100473	0.0909775454711603	CLEC4M	0.2696183	False
6864	2.8297630956928184	0.25744490071100473	0.0909775454711603	EVI5L	0.2696183	False
6865	2.8297630956928184	0.25744490071100473	0.0909775454711603	PRR36	0.2696183	False
6866	2.8361016818126923	0.2250409143555871	0.07934867631817501	LRRC8E	0.26961818	False
6867	2.8361016818126923	0.2250409143555871	0.07934867631817501	MAP2K7	0.26961818	False
6868	2.8361016818126923	0.2250409143555871	0.07934867631817501	TGFBR3L	0.26961818	False
6869	2.8361016818126923	0.2250409143555871	0.07934867631817501	SNAPC2	0.26961818	False
6870	2.8361016818126923	0.2250409143555871	0.07934867631817501	CTXN1	0.26961818	False
6871	2.8361016818126923	0.2250409143555871	0.07934867631817501	TIMM44	0.26961818	False
6872	2.8361016818126923	0.2250409143555871	0.07934867631817501	ELAVL1	0.26961818	False
6873	2.8361016818126923	0.2250409143555871	0.07934867631817501	CCL25	0.26961818	False
6874	2.8361016818126923	0.2250409143555871	0.07934867631817501	FBN3	0.26961818	False
6875	2.8877880970891208	0.2632631133208422	0.09116427676470111	CERS4	0.26961845	False
6876	2.8877880970891208	0.2632631133208422	0.09116427676470111	CD320	0.26961845	False
6877	2.8877880970891208	0.2632631133208422	0.09116427676470111	NDUFA7	0.26961845	False
6878	2.8877880970891208	0.2632631133208422	0.09116427676470111	RPS28	0.26961845	False
6879	2.8877880970891208	0.2632631133208422	0.09116427676470111	KANK3	0.26961845	False
6880	2.8877880970891208	0.2632631133208422	0.09116427676470111	ANGPTL4	0.26961845	False
6881	2.8877880970891208	0.2632631133208422	0.09116427676470111	RAB11B-AS1	0.26961845	False
6882	2.8877880970891208	0.2632631133208422	0.09116427676470111	MIR4999	0.26961845	False
6883	2.8877880970891208	0.2632631133208422	0.09116427676470111	RAB11B	0.26961845	False
6884	2.8877880970891208	0.2632631133208422	0.09116427676470111	MARCH2	0.26961845	False
6885	2.8877880970891208	0.2632631133208422	0.09116427676470111	HNRNPM	0.26961845	False
6886	2.8877880970891208	0.2632631133208422	0.09116427676470111	PRAM1	0.26961845	False
6887	2.8877880970891208	0.2632631133208422	0.09116427676470111	ZNF414	0.26961845	False
6888	2.8877880970891208	0.2632631133208422	0.09116427676470111	MYO1F	0.26961845	False
6889	2.8877880970891208	0.2632631133208422	0.09116427676470111	ADAMTS10	0.26961845	False
6890	2.8877880970891208	0.2632631133208422	0.09116427676470111	ACTL9	0.26961845	False
6891	2.8877880970891208	0.2632631133208422	0.09116427676470111	OR2Z1	0.26961845	False
6892	2.8877880970891208	0.2632631133208422	0.09116427676470111	ZNF558	0.26961845	False
6893	2.8877880970891208	0.2632631133208422	0.09116427676470111	MBD3L1	0.26961845	False
6894	2.9573418256563233	0.2370191029464018	0.08014599492360006	MUC16	0.2696182	False
6895	2.9573418256563233	0.2370191029464018	0.08014599492360006	OR1M1	0.2696182	False
6896	2.961524365505379	0.26150688535144795	0.08830144651091609	OR7G2	0.26961845	False
6897	2.961524365505379	0.26150688535144795	0.08830144651091609	OR7G1	0.26961845	False
6898	2.961524365505379	0.26150688535144795	0.08830144651091609	OR7G3	0.26961845	False
6899	2.961524365505379	0.26150688535144795	0.08830144651091609	ZNF317	0.26961845	False
6900	2.961524365505379	0.26150688535144795	0.08830144651091609	OR7D2	0.26961845	False
6901	2.961524365505379	0.26150688535144795	0.08830144651091609	OR7D4	0.26961845	False
6902	2.961524365505379	0.26150688535144795	0.08830144651091609	OR7E24	0.26961845	False
6903	2.961524365505379	0.26150688535144795	0.08830144651091609	ZNF699	0.26961845	False
6904	2.961524365505379	0.26150688535144795	0.08830144651091609	ZNF559	0.26961845	False
6905	2.961524365505379	0.26150688535144795	0.08830144651091609	ZNF559-ZNF177	0.26961845	False
6906	2.961524365505379	0.26150688535144795	0.08830144651091609	ZNF177	0.26961845	False
6907	2.961524365505379	0.26150688535144795	0.08830144651091609	ZNF266	0.26961845	False
6908	2.961524365505379	0.26150688535144795	0.08830144651091609	ZNF560	0.26961845	False
6909	2.961524365505379	0.26150688535144795	0.08830144651091609	ZNF426	0.26961845	False
6910	2.961524365505379	0.26150688535144795	0.08830144651091609	ZNF426-DT	0.26961845	False
6911	2.961524365505379	0.26150688535144795	0.08830144651091609	ZNF121	0.26961845	False
6912	2.961524365505379	0.26150688535144795	0.08830144651091609	ZNF561	0.26961845	False
6913	2.961524365505379	0.26150688535144795	0.08830144651091609	ZNF561-AS1	0.26961845	False
6914	2.961524365505379	0.26150688535144795	0.08830144651091609	ZNF562	0.26961845	False
6915	2.961524365505379	0.26150688535144795	0.08830144651091609	ZNF846	0.26961845	False
6916	2.961524365505379	0.26150688535144795	0.08830144651091609	FBXL12	0.26961845	False
6917	2.961524365505379	0.26150688535144795	0.08830144651091609	UBL5	0.26961845	False
6918	2.961524365505379	0.26150688535144795	0.08830144651091609	PIN1	0.26961845	False
6919	3.1254194915644278	0.26368135446422564	0.08436670826937219	OLFM2	0.26961845	False
6920	3.1254194915644278	0.26368135446422564	0.08436670826937219	COL5A3	0.26961845	False
6921	3.1254194915644278	0.26368135446422564	0.08436670826937219	RDH8	0.26961845	False
6922	3.1254194915644278	0.26368135446422564	0.08436670826937219	MIR5589	0.26961845	False
6923	3.1254194915644278	0.26368135446422564	0.08436670826937219	C19orf66	0.26961845	False
6924	3.1254194915644278	0.26368135446422564	0.08436670826937219	ANGPTL6	0.26961845	False
6925	3.2902797385435307	0.34768930605523807	0.10567165520374434	PPAN-P2RY11	0.2696192	False
6926	3.2902797385435307	0.34768930605523807	0.10567165520374434	PPAN	0.2696192	False
6927	3.2902797385435307	0.34768930605523807	0.10567165520374434	SNORD105	0.2696192	False
6928	3.2902797385435307	0.34768930605523807	0.10567165520374434	SNORD105B	0.2696192	False
6929	3.2902797385435307	0.34768930605523807	0.10567165520374434	P2RY11	0.2696192	False
6930	3.2902797385435307	0.34768930605523807	0.10567165520374434	EIF3G	0.2696192	False
6931	3.2902797385435307	0.34768930605523807	0.10567165520374434	DNMT1	0.2696192	False
6932	3.2902797385435307	0.34768930605523807	0.10567165520374434	S1PR2	0.2696192	False
6933	3.2902797385435307	0.34768930605523807	0.10567165520374434	MIR4322	0.2696192	False
6934	3.2902797385435307	0.34768930605523807	0.10567165520374434	MRPL4	0.2696192	False
6935	3.2902797385435307	0.34768930605523807	0.10567165520374434	ICAM1	0.2696192	False
6936	3.2902797385435307	0.34768930605523807	0.10567165520374434	ICAM4	0.2696192	False
6937	3.2902797385435307	0.34768930605523807	0.10567165520374434	ICAM5	0.2696192	False
6938	3.2902797385435307	0.34768930605523807	0.10567165520374434	ZGLP1	0.2696192	False
6939	3.2902797385435307	0.34768930605523807	0.10567165520374434	FDX2	0.2696192	False
6940	3.2902797385435307	0.34768930605523807	0.10567165520374434	RAVER1	0.2696192	False
6941	3.2902797385435307	0.34768930605523807	0.10567165520374434	ICAM3	0.2696192	False
6942	3.2902797385435307	0.34768930605523807	0.10567165520374434	TYK2	0.2696192	False
6943	3.2902797385435307	0.34768930605523807	0.10567165520374434	CDC37	0.2696192	False
6944	3.2902797385435307	0.34768930605523807	0.10567165520374434	MIR1181	0.2696192	False
6945	3.2902797385435307	0.34768930605523807	0.10567165520374434	PDE4A	0.2696192	False
6946	3.2902797385435307	0.34768930605523807	0.10567165520374434	KEAP1	0.2696192	False
6947	3.2902797385435307	0.34768930605523807	0.10567165520374434	S1PR5	0.2696192	False
6948	3.2902797385435307	0.34768930605523807	0.10567165520374434	ATG4D	0.2696192	False
6949	3.2902797385435307	0.34768930605523807	0.10567165520374434	MIR1238	0.2696192	False
6950	3.2902797385435307	0.34768930605523807	0.10567165520374434	KRI1	0.2696192	False
6951	3.2902797385435307	0.34768930605523807	0.10567165520374434	CDKN2D	0.2696192	False
6952	3.2902797385435307	0.34768930605523807	0.10567165520374434	AP1M2	0.2696192	False
6953	3.2902797385435307	0.34768930605523807	0.10567165520374434	SLC44A2	0.2696192	False
6954	3.2902797385435307	0.34768930605523807	0.10567165520374434	ILF3-DT	0.2696192	False
6955	3.2902797385435307	0.34768930605523807	0.10567165520374434	ILF3	0.2696192	False
6956	3.2902797385435307	0.34768930605523807	0.10567165520374434	QTRT1	0.2696192	False
6957	3.2902797385435307	0.34768930605523807	0.10567165520374434	DNM2	0.2696192	False
6958	3.2902797385435307	0.34768930605523807	0.10567165520374434	MIR638	0.2696192	False
6959	3.2902797385435307	0.34768930605523807	0.10567165520374434	MIR4748	0.2696192	False
6960	3.2902797385435307	0.34768930605523807	0.10567165520374434	MIR199A1	0.2696192	False
6961	3.2902797385435307	0.34768930605523807	0.10567165520374434	MIR6793	0.2696192	False
6962	3.2902797385435307	0.34768930605523807	0.10567165520374434	TMED1	0.2696192	False
6963	3.2902797385435307	0.34768930605523807	0.10567165520374434	C19orf38	0.2696192	False
6964	3.267610708791427	0.2937122657042544	0.08988594171087416	CARM1	0.26961875	False
6965	3.267610708791427	0.2937122657042544	0.08988594171087416	YIPF2	0.26961875	False
6966	3.267610708791427	0.2937122657042544	0.08988594171087416	TIMM29	0.26961875	False
6967	3.267610708791427	0.2937122657042544	0.08988594171087416	SMARCA4	0.26961875	False
6968	3.267610708791427	0.2937122657042544	0.08988594171087416	LDLR	0.26961875	False
6969	3.38941601858912	0.35754123428699686	0.10548756255534167	MIR6886	0.2696194	False
6970	3.38941601858912	0.35754123428699686	0.10548756255534167	SPC24	0.2696194	False
6971	3.38941601858912	0.35754123428699686	0.10548756255534167	KANK2	0.2696194	False
6972	3.38941601858912	0.35754123428699686	0.10548756255534167	DOCK6	0.2696194	False
6973	3.38941601858912	0.35754123428699686	0.10548756255534167	LOC105372273	0.2696194	False
6974	3.38941601858912	0.35754123428699686	0.10548756255534167	ANGPTL8	0.2696194	False
6975	3.38941601858912	0.35754123428699686	0.10548756255534167	TSPAN16	0.2696194	False
6976	3.38941601858912	0.35754123428699686	0.10548756255534167	RAB3D	0.2696194	False
6977	3.38941601858912	0.35754123428699686	0.10548756255534167	TMEM205	0.2696194	False
6978	3.38941601858912	0.35754123428699686	0.10548756255534167	CCDC159	0.2696194	False
6979	3.38941601858912	0.35754123428699686	0.10548756255534167	PLPPR2	0.2696194	False
6980	3.38941601858912	0.35754123428699686	0.10548756255534167	SWSAP1	0.2696194	False
6981	3.38941601858912	0.35754123428699686	0.10548756255534167	EPOR	0.2696194	False
6982	3.38941601858912	0.35754123428699686	0.10548756255534167	RGL3	0.2696194	False
6983	3.38941601858912	0.35754123428699686	0.10548756255534167	CCDC151	0.2696194	False
6984	3.38941601858912	0.35754123428699686	0.10548756255534167	PRKCSH	0.2696194	False
6985	3.38941601858912	0.35754123428699686	0.10548756255534167	ELAVL3	0.2696194	False
6986	3.38941601858912	0.35754123428699686	0.10548756255534167	ZNF653	0.2696194	False
6987	3.38941601858912	0.35754123428699686	0.10548756255534167	MIR7974	0.2696194	False
6988	3.38941601858912	0.35754123428699686	0.10548756255534167	ECSIT	0.2696194	False
6989	3.38941601858912	0.35754123428699686	0.10548756255534167	CNN1	0.2696194	False
6990	3.38941601858912	0.35754123428699686	0.10548756255534167	ELOF1	0.2696194	False
6991	3.38941601858912	0.35754123428699686	0.10548756255534167	ZNF627	0.2696194	False
6992	3.38941601858912	0.35754123428699686	0.10548756255534167	ACP5	0.2696194	False
6993	3.38941601858912	0.35754123428699686	0.10548756255534167	ZNF833P	0.2696194	False
6994	3.38941601858912	0.35754123428699686	0.10548756255534167	ZNF823	0.2696194	False
6995	3.38941601858912	0.35754123428699686	0.10548756255534167	ZNF441	0.2696194	False
6996	3.38941601858912	0.35754123428699686	0.10548756255534167	ZNF491	0.2696194	False
6997	3.38941601858912	0.35754123428699686	0.10548756255534167	ZNF440	0.2696194	False
6998	3.38941601858912	0.35754123428699686	0.10548756255534167	ZNF439	0.2696194	False
6999	3.2650320133589323	0.28717198270879035	0.08795380306650025	ZNF69	0.26961875	False
7000	3.2650320133589323	0.28717198270879035	0.08795380306650025	ZNF700	0.26961875	False
7001	3.2650320133589323	0.28717198270879035	0.08795380306650025	ZNF763	0.26961875	False
7002	3.2650320133589323	0.28717198270879035	0.08795380306650025	ZNF433-AS1	0.26961875	False
7003	3.2650320133589323	0.28717198270879035	0.08795380306650025	ZNF433	0.26961875	False
7004	3.2650320133589323	0.28717198270879035	0.08795380306650025	ZNF878	0.26961875	False
7005	3.2650320133589323	0.28717198270879035	0.08795380306650025	ZNF844	0.26961875	False
7006	3.2650320133589323	0.28717198270879035	0.08795380306650025	ZNF788P	0.26961875	False
7007	3.2650320133589323	0.28717198270879035	0.08795380306650025	ZNF20	0.26961875	False
7008	3.277177121072776	0.31664990468975646	0.0966227619049476	ZNF625-ZNF20	0.26961908	False
7009	3.277177121072776	0.31664990468975646	0.0966227619049476	ZNF625	0.26961908	False
7010	3.277177121072776	0.31664990468975646	0.0966227619049476	ZNF136	0.26961908	False
7011	3.277177121072776	0.31664990468975646	0.0966227619049476	LOC100289333	0.26961908	False
7012	3.277177121072776	0.31664990468975646	0.0966227619049476	ZNF44	0.26961908	False
7013	3.277177121072776	0.31664990468975646	0.0966227619049476	ZNF563	0.26961908	False
7014	3.277177121072776	0.31664990468975646	0.0966227619049476	ZNF442	0.26961908	False
7015	3.277177121072776	0.31664990468975646	0.0966227619049476	ZNF799	0.26961908	False
7016	3.277177121072776	0.31664990468975646	0.0966227619049476	ZNF443	0.26961908	False
7017	3.277177121072776	0.31664990468975646	0.0966227619049476	ZNF709	0.26961908	False
7018	3.277177121072776	0.31664990468975646	0.0966227619049476	ZNF564	0.26961908	False
7019	3.277177121072776	0.31664990468975646	0.0966227619049476	ZNF490	0.26961908	False
7020	3.277177121072776	0.31664990468975646	0.0966227619049476	ZNF791	0.26961908	False
7021	3.277177121072776	0.31664990468975646	0.0966227619049476	MAN2B1	0.26961908	False
7022	3.277177121072776	0.31664990468975646	0.0966227619049476	WDR83	0.26961908	False
7023	3.277177121072776	0.31664990468975646	0.0966227619049476	WDR83OS	0.26961908	False
7024	3.277177121072776	0.31664990468975646	0.0966227619049476	DHPS	0.26961908	False
7025	3.277177121072776	0.31664990468975646	0.0966227619049476	FBXW9	0.26961908	False
7026	3.277177121072776	0.31664990468975646	0.0966227619049476	TNPO2	0.26961908	False
7027	3.277177121072776	0.31664990468975646	0.0966227619049476	SNORD41	0.26961908	False
7028	3.277177121072776	0.31664990468975646	0.0966227619049476	TRIR	0.26961908	False
7029	3.277177121072776	0.31664990468975646	0.0966227619049476	ASNA1	0.26961908	False
7030	3.277177121072776	0.31664990468975646	0.0966227619049476	BEST2	0.26961908	False
7031	3.277177121072776	0.31664990468975646	0.0966227619049476	HOOK2	0.26961908	False
7032	3.277177121072776	0.31664990468975646	0.0966227619049476	MIR5684	0.26961908	False
7033	3.277177121072776	0.31664990468975646	0.0966227619049476	JUNB	0.26961908	False
7034	3.277177121072776	0.31664990468975646	0.0966227619049476	PRDX2	0.26961908	False
7035	3.277177121072776	0.31664990468975646	0.0966227619049476	RNASEH2A	0.26961908	False
7036	3.277177121072776	0.31664990468975646	0.0966227619049476	RTBDN	0.26961908	False
7037	3.277177121072776	0.31664990468975646	0.0966227619049476	MAST1	0.26961908	False
7038	3.277177121072776	0.31664990468975646	0.0966227619049476	MIR6794	0.26961908	False
7039	3.277177121072776	0.31664990468975646	0.0966227619049476	DNASE2	0.26961908	False
7040	3.277177121072776	0.31664990468975646	0.0966227619049476	KLF1	0.26961908	False
7041	3.065320779658272	0.24148236923267952	0.07877882498796764	GCDH	0.26961836	False
7042	3.065320779658272	0.24148236923267952	0.07877882498796764	SYCE2	0.26961836	False
7043	3.065320779658272	0.24148236923267952	0.07877882498796764	MIR5695	0.26961836	False
7044	3.065320779658272	0.24148236923267952	0.07877882498796764	FARSA	0.26961836	False
7045	3.065320779658272	0.24148236923267952	0.07877882498796764	CALR	0.26961836	False
7046	3.065320779658272	0.24148236923267952	0.07877882498796764	MIR6515	0.26961836	False
7047	3.065320779658272	0.24148236923267952	0.07877882498796764	RAD23A	0.26961836	False
7048	3.065320779658272	0.24148236923267952	0.07877882498796764	GADD45GIP1	0.26961836	False
7049	3.065320779658272	0.24148236923267952	0.07877882498796764	DAND5	0.26961836	False
7050	3.065320779658272	0.24148236923267952	0.07877882498796764	NFIX	0.26961836	False
7051	3.065320779658272	0.24148236923267952	0.07877882498796764	LYL1	0.26961836	False
7052	2.8898390169268153	0.24603006140247224	0.08513625152175835	TRMT1	0.2696183	False
7053	2.8898390169268153	0.24603006140247224	0.08513625152175835	NACC1	0.2696183	False
7054	2.8898390169268153	0.24603006140247224	0.08513625152175835	STX10	0.2696183	False
7055	2.8898390169268153	0.24603006140247224	0.08513625152175835	IER2	0.2696183	False
7056	2.8898390169268153	0.24603006140247224	0.08513625152175835	CACNA1A	0.2696183	False
7057	2.8898390169268153	0.24603006140247224	0.08513625152175835	CCDC130	0.2696183	False
7058	2.8898390169268153	0.24603006140247224	0.08513625152175835	MRI1	0.2696183	False
7059	2.8898390169268153	0.24603006140247224	0.08513625152175835	C19orf53	0.2696183	False
7060	2.8898390169268153	0.24603006140247224	0.08513625152175835	ZSWIM4	0.2696183	False
7061	2.8898390169268153	0.24603006140247224	0.08513625152175835	LOC284454	0.2696183	False
7062	2.8898390169268153	0.24603006140247224	0.08513625152175835	MIR24-2	0.2696183	False
7063	2.8898390169268153	0.24603006140247224	0.08513625152175835	MIR27A	0.2696183	False
7064	2.8898390169268153	0.24603006140247224	0.08513625152175835	MIR23A	0.2696183	False
7065	2.8898390169268153	0.24603006140247224	0.08513625152175835	NANOS3	0.2696183	False
7066	2.8898390169268153	0.24603006140247224	0.08513625152175835	MIR181C	0.2696183	False
7067	2.8898390169268153	0.24603006140247224	0.08513625152175835	MIR181D	0.2696183	False
7068	2.7824819602402076	0.20055665678316056	0.07207833137787775	C19orf57	0.26961806	False
7069	2.7824819602402076	0.20055665678316056	0.07207833137787775	CC2D1A	0.26961806	False
7070	2.7824819602402076	0.20055665678316056	0.07207833137787775	PODNL1	0.26961806	False
7071	2.7824819602402076	0.20055665678316056	0.07207833137787775	DCAF15	0.26961806	False
7072	2.7824819602402076	0.20055665678316056	0.07207833137787775	RFX1	0.26961806	False
7073	2.7824819602402076	0.20055665678316056	0.07207833137787775	RLN3	0.26961806	False
7074	2.7824819602402076	0.20055665678316056	0.07207833137787775	IL27RA	0.26961806	False
7075	2.7824819602402076	0.20055665678316056	0.07207833137787775	PALM3	0.26961806	False
7076	2.7824819602402076	0.20055665678316056	0.07207833137787775	MISP3	0.26961806	False
7077	2.7824819602402076	0.20055665678316056	0.07207833137787775	MIR1199	0.26961806	False
7078	2.7824819602402076	0.20055665678316056	0.07207833137787775	C19orf67	0.26961806	False
7079	2.7824819602402076	0.20055665678316056	0.07207833137787775	SAMD1	0.26961806	False
7080	2.7824819602402076	0.20055665678316056	0.07207833137787775	PRKACA	0.26961806	False
7081	2.674356159764254	0.21570542609662868	0.08065695562241165	ASF1B	0.2696182	False
7082	2.674356159764254	0.21570542609662868	0.08065695562241165	LOC100507373	0.2696182	False
7083	2.674356159764254	0.21570542609662868	0.08065695562241165	ADGRL1	0.2696182	False
7084	2.674356159764254	0.21570542609662868	0.08065695562241165	LINC01841	0.2696182	False
7085	2.674356159764254	0.21570542609662868	0.08065695562241165	LINC01842	0.2696182	False
7086	2.674356159764254	0.21570542609662868	0.08065695562241165	ADGRE5	0.2696182	False
7087	2.674356159764254	0.21570542609662868	0.08065695562241165	DDX39A	0.2696182	False
7088	2.674356159764254	0.21570542609662868	0.08065695562241165	PKN1	0.2696182	False
7089	2.674356159764254	0.21570542609662868	0.08065695562241165	PTGER1	0.2696182	False
7090	2.674356159764254	0.21570542609662868	0.08065695562241165	GIPC1	0.2696182	False
7091	2.674356159764254	0.21570542609662868	0.08065695562241165	DNAJB1	0.2696182	False
7092	2.674356159764254	0.21570542609662868	0.08065695562241165	TECR	0.2696182	False
7093	2.674356159764254	0.21570542609662868	0.08065695562241165	MIR639	0.2696182	False
7094	2.674356159764254	0.21570542609662868	0.08065695562241165	NDUFB7	0.2696182	False
7095	2.674356159764254	0.21570542609662868	0.08065695562241165	CLEC17A	0.2696182	False
7096	2.674356159764254	0.21570542609662868	0.08065695562241165	ADGRE3	0.2696182	False
7097	2.674356159764254	0.21570542609662868	0.08065695562241165	ZNF333	0.2696182	False
7098	2.674356159764254	0.21570542609662868	0.08065695562241165	ADGRE2	0.2696182	False
7099	2.674356159764254	0.21570542609662868	0.08065695562241165	OR7C1	0.2696182	False
7100	2.674356159764254	0.21570542609662868	0.08065695562241165	OR7A5	0.2696182	False
7101	2.674356159764254	0.21570542609662868	0.08065695562241165	OR7A10	0.2696182	False
7102	2.674356159764254	0.21570542609662868	0.08065695562241165	OR7A17	0.2696182	False
7103	2.6326222941653317	0.17790820352250716	0.06757832443978169	OR7C2	0.26961794	False
7104	2.6326222941653317	0.17790820352250716	0.06757832443978169	SLC1A6	0.26961794	False
7105	2.6326222941653317	0.17790820352250716	0.06757832443978169	CCDC105	0.26961794	False
7106	2.6326222941653317	0.17790820352250716	0.06757832443978169	CASP14	0.26961794	False
7107	2.6326222941653317	0.17790820352250716	0.06757832443978169	OR1I1	0.26961794	False
7108	2.710627395473951	0.18856327816509505	0.06956444049814707	CYP4F11	0.26961797	False
7109	2.710627395473951	0.18856327816509505	0.06956444049814707	OR10H4	0.26961797	False
7110	2.710627395473951	0.18856327816509505	0.06956444049814707	LINC00661	0.26961797	False
7111	2.710627395473951	0.18856327816509505	0.06956444049814707	LINC00905	0.26961797	False
7112	2.710627395473951	0.18856327816509505	0.06956444049814707	TPM4	0.26961797	False
7113	2.795540352530441	0.22862051610681303	0.08178043858314277	RAB8A	0.26961824	False
7114	2.795540352530441	0.22862051610681303	0.08178043858314277	HSH2D	0.26961824	False
7115	2.795540352530441	0.22862051610681303	0.08178043858314277	CIB3	0.26961824	False
7116	2.795540352530441	0.22862051610681303	0.08178043858314277	FAM32A	0.26961824	False
7117	2.795540352530441	0.22862051610681303	0.08178043858314277	AP1M1	0.26961824	False
7118	2.795540352530441	0.22862051610681303	0.08178043858314277	KLF2	0.26961824	False
7119	2.795540352530441	0.22862051610681303	0.08178043858314277	EPS15L1	0.26961824	False
7120	2.795540352530441	0.22862051610681303	0.08178043858314277	CALR3	0.26961824	False
7121	2.795540352530441	0.22862051610681303	0.08178043858314277	MED26	0.26961824	False
7122	2.795540352530441	0.22862051610681303	0.08178043858314277	C19orf44	0.26961824	False
7123	2.795540352530441	0.22862051610681303	0.08178043858314277	CHERP	0.26961824	False
7124	2.795540352530441	0.22862051610681303	0.08178043858314277	SLC35E1	0.26961824	False
7125	2.795540352530441	0.22862051610681303	0.08178043858314277	SMIM7	0.26961824	False
7126	2.795540352530441	0.22862051610681303	0.08178043858314277	TMEM38A	0.26961824	False
7127	2.795540352530441	0.22862051610681303	0.08178043858314277	NWD1	0.26961824	False
7128	2.795540352530441	0.22862051610681303	0.08178043858314277	SIN3B	0.26961824	False
7129	2.795540352530441	0.22862051610681303	0.08178043858314277	F2RL3	0.26961824	False
7130	2.911162777379828	0.23066006886221177	0.0792329685768433	CPAMD8	0.2696183	False
7131	2.911162777379828	0.23066006886221177	0.0792329685768433	HAUS8	0.2696183	False
7132	2.911162777379828	0.23066006886221177	0.0792329685768433	MYO9B	0.2696183	False
7133	3.0687127467609527	0.2955304725765252	0.0963043780778959	USE1	0.26961872	False
7134	3.0687127467609527	0.2955304725765252	0.0963043780778959	OCEL1	0.26961872	False
7135	3.0687127467609527	0.2955304725765252	0.0963043780778959	NR2F6	0.26961872	False
7136	3.0687127467609527	0.2955304725765252	0.0963043780778959	USHBP1	0.26961872	False
7137	3.0687127467609527	0.2955304725765252	0.0963043780778959	BABAM1	0.26961872	False
7138	3.0687127467609527	0.2955304725765252	0.0963043780778959	ANKLE1	0.26961872	False
7139	3.0687127467609527	0.2955304725765252	0.0963043780778959	ABHD8	0.26961872	False
7140	3.0687127467609527	0.2955304725765252	0.0963043780778959	MRPL34	0.26961872	False
7141	3.0687127467609527	0.2955304725765252	0.0963043780778959	DDA1	0.26961872	False
7142	3.0687127467609527	0.2955304725765252	0.0963043780778959	ANO8	0.26961872	False
7143	3.0687127467609527	0.2955304725765252	0.0963043780778959	GTPBP3	0.26961872	False
7144	3.0687127467609527	0.2955304725765252	0.0963043780778959	PLVAP	0.26961872	False
7145	3.0687127467609527	0.2955304725765252	0.0963043780778959	BST2	0.26961872	False
7146	3.0687127467609527	0.2955304725765252	0.0963043780778959	BISPR	0.26961872	False
7147	3.0687127467609527	0.2955304725765252	0.0963043780778959	MVB12A	0.26961872	False
7148	3.0687127467609527	0.2955304725765252	0.0963043780778959	TMEM221	0.26961872	False
7149	3.0687127467609527	0.2955304725765252	0.0963043780778959	NXNL1	0.26961872	False
7150	3.0687127467609527	0.2955304725765252	0.0963043780778959	SLC27A1	0.26961872	False
7151	3.0687127467609527	0.2955304725765252	0.0963043780778959	PGLS	0.26961872	False
7152	3.0687127467609527	0.2955304725765252	0.0963043780778959	FAM129C	0.26961872	False
7153	3.0687127467609527	0.2955304725765252	0.0963043780778959	COLGALT1	0.26961872	False
7154	3.0687127467609527	0.2955304725765252	0.0963043780778959	UNC13A	0.26961872	False
7155	3.0687127467609527	0.2955304725765252	0.0963043780778959	MAP1S	0.26961872	False
7156	3.0687127467609527	0.2955304725765252	0.0963043780778959	FCHO1	0.26961872	False
7157	3.0687127467609527	0.2955304725765252	0.0963043780778959	B3GNT3	0.26961872	False
7158	3.0687127467609527	0.2955304725765252	0.0963043780778959	INSL3	0.26961872	False
7159	3.0687127467609527	0.2955304725765252	0.0963043780778959	JAK3	0.26961872	False
7160	3.0687127467609527	0.2955304725765252	0.0963043780778959	RPL18A	0.26961872	False
7161	3.0687127467609527	0.2955304725765252	0.0963043780778959	SNORA68	0.26961872	False
7162	3.0687127467609527	0.2955304725765252	0.0963043780778959	SLC5A5	0.26961872	False
7163	3.0123021786617543	0.27223252697348577	0.09037357835541845	CCDC124	0.26961854	False
7164	3.0123021786617543	0.27223252697348577	0.09037357835541845	KCNN1	0.26961854	False
7165	3.0123021786617543	0.27223252697348577	0.09037357835541845	ARRDC2	0.26961854	False
7166	3.0123021786617543	0.27223252697348577	0.09037357835541845	IL12RB1	0.26961854	False
7167	3.0123021786617543	0.27223252697348577	0.09037357835541845	MAST3	0.26961854	False
7168	3.1789757322672525	0.3652018976357007	0.11488036663156215	PIK3R2	0.2696193	False
7169	3.1789757322672525	0.3652018976357007	0.11488036663156215	IFI30	0.2696193	False
7170	3.1789757322672525	0.3652018976357007	0.11488036663156215	MPV17L2	0.2696193	False
7171	3.1789757322672525	0.3652018976357007	0.11488036663156215	RAB3A	0.2696193	False
7172	3.1789757322672525	0.3652018976357007	0.11488036663156215	LOC102725254	0.2696193	False
7173	3.1789757322672525	0.3652018976357007	0.11488036663156215	PDE4C	0.2696193	False
7174	3.1789757322672525	0.3652018976357007	0.11488036663156215	LOC729966	0.2696193	False
7175	3.1789757322672525	0.3652018976357007	0.11488036663156215	IQCN	0.2696193	False
7176	3.1789757322672525	0.3652018976357007	0.11488036663156215	JUND	0.2696193	False
7177	3.1789757322672525	0.3652018976357007	0.11488036663156215	MIR3188	0.2696193	False
7178	3.1789757322672525	0.3652018976357007	0.11488036663156215	LSM4	0.2696193	False
7179	3.1789757322672525	0.3652018976357007	0.11488036663156215	PGPEP1	0.2696193	False
7180	3.1789757322672525	0.3652018976357007	0.11488036663156215	GDF15	0.2696193	False
7181	3.1789757322672525	0.3652018976357007	0.11488036663156215	MIR3189	0.2696193	False
7182	3.1789757322672525	0.3652018976357007	0.11488036663156215	LRRC25	0.2696193	False
7183	3.1789757322672525	0.3652018976357007	0.11488036663156215	SSBP4	0.2696193	False
7184	3.1789757322672525	0.3652018976357007	0.11488036663156215	ISYNA1	0.2696193	False
7185	3.1789757322672525	0.3652018976357007	0.11488036663156215	ELL	0.2696193	False
7186	3.1789757322672525	0.3652018976357007	0.11488036663156215	FKBP8	0.2696193	False
7187	3.1789757322672525	0.3652018976357007	0.11488036663156215	KXD1	0.2696193	False
7188	3.1789757322672525	0.3652018976357007	0.11488036663156215	UBA52	0.2696193	False
7189	3.1789757322672525	0.3652018976357007	0.11488036663156215	CRLF1	0.2696193	False
7190	3.1789757322672525	0.3652018976357007	0.11488036663156215	REX1BD	0.2696193	False
7191	3.1789757322672525	0.3652018976357007	0.11488036663156215	TMEM59L	0.2696193	False
7192	3.1789757322672525	0.3652018976357007	0.11488036663156215	KLHL26	0.2696193	False
7193	3.1789757322672525	0.3652018976357007	0.11488036663156215	CRTC1	0.2696193	False
7194	3.1789757322672525	0.3652018976357007	0.11488036663156215	COMP	0.2696193	False
7195	3.1789757322672525	0.3652018976357007	0.11488036663156215	UPF1	0.2696193	False
7196	3.1789757322672525	0.3652018976357007	0.11488036663156215	GDF1	0.2696193	False
7197	3.1789757322672525	0.3652018976357007	0.11488036663156215	CERS1	0.2696193	False
7198	2.9423565814008823	0.3028424487004012	0.10292513511608957	COPE	0.2696187	False
7199	2.9423565814008823	0.3028424487004012	0.10292513511608957	HOMER3	0.2696187	False
7200	2.9423565814008823	0.3028424487004012	0.10292513511608957	DDX49	0.2696187	False
7201	2.9423565814008823	0.3028424487004012	0.10292513511608957	HOMER3-AS1	0.2696187	False
7202	2.9423565814008823	0.3028424487004012	0.10292513511608957	SUGP2	0.2696187	False
7203	2.9423565814008823	0.3028424487004012	0.10292513511608957	ARMC6	0.2696187	False
7204	2.9423565814008823	0.3028424487004012	0.10292513511608957	SLC25A42	0.2696187	False
7205	2.856006291899531	0.32711917953444947	0.1145372755173037	TMEM161A	0.26961887	False
7206	2.856006291899531	0.32711917953444947	0.1145372755173037	BORCS8-MEF2B	0.26961887	False
7207	2.856006291899531	0.32711917953444947	0.1145372755173037	MEF2B	0.26961887	False
7208	2.856006291899531	0.32711917953444947	0.1145372755173037	BORCS8	0.26961887	False
7209	2.856006291899531	0.32711917953444947	0.1145372755173037	RFXANK	0.26961887	False
7210	2.856006291899531	0.32711917953444947	0.1145372755173037	NR2C2AP	0.26961887	False
7211	2.856006291899531	0.32711917953444947	0.1145372755173037	NCAN	0.26961887	False
7212	2.856006291899531	0.32711917953444947	0.1145372755173037	HAPLN4	0.26961887	False
7213	2.856006291899531	0.32711917953444947	0.1145372755173037	TM6SF2	0.26961887	False
7214	2.856006291899531	0.32711917953444947	0.1145372755173037	SUGP1	0.26961887	False
7215	2.856006291899531	0.32711917953444947	0.1145372755173037	MAU2	0.26961887	False
7216	2.856006291899531	0.32711917953444947	0.1145372755173037	GATAD2A	0.26961887	False
7217	2.856006291899531	0.32711917953444947	0.1145372755173037	MIR640	0.26961887	False
7218	2.856006291899531	0.32711917953444947	0.1145372755173037	TSSK6	0.26961887	False
7219	2.856006291899531	0.32711917953444947	0.1145372755173037	NDUFA13	0.26961887	False
7220	2.856006291899531	0.32711917953444947	0.1145372755173037	YJEFN3	0.26961887	False
7221	2.856006291899531	0.32711917953444947	0.1145372755173037	CILP2	0.26961887	False
7222	2.856006291899531	0.32711917953444947	0.1145372755173037	PBX4	0.26961887	False
7223	2.856006291899531	0.32711917953444947	0.1145372755173037	LPAR2	0.26961887	False
7224	2.856006291899531	0.32711917953444947	0.1145372755173037	GMIP	0.26961887	False
7225	2.856006291899531	0.32711917953444947	0.1145372755173037	ATP13A1	0.26961887	False
7226	2.856006291899531	0.32711917953444947	0.1145372755173037	ZNF101	0.26961887	False
7227	2.856006291899531	0.32711917953444947	0.1145372755173037	ZNF14	0.26961887	False
7228	2.856006291899531	0.32711917953444947	0.1145372755173037	LINC00663	0.26961887	False
7229	2.856006291899531	0.32711917953444947	0.1145372755173037	ZNF506	0.26961887	False
7230	2.856006291899531	0.32711917953444947	0.1145372755173037	ZNF253	0.26961887	False
7231	2.7309693644409374	0.26353127969815904	0.09649734014944071	FXYD3	0.2696184	False
7232	2.7309693644409374	0.26353127969815904	0.09649734014944071	MIR6887	0.2696184	False
7233	2.7309693644409374	0.26353127969815904	0.09649734014944071	LGI4	0.2696184	False
7234	2.7309693644409374	0.26353127969815904	0.09649734014944071	FXYD1	0.2696184	False
7235	2.7309693644409374	0.26353127969815904	0.09649734014944071	FXYD7	0.2696184	False
7236	2.7309693644409374	0.26353127969815904	0.09649734014944071	FXYD5	0.2696184	False
7237	2.7309693644409374	0.26353127969815904	0.09649734014944071	FAM187B	0.2696184	False
7238	2.7309693644409374	0.26353127969815904	0.09649734014944071	LSR	0.2696184	False
7239	2.7309693644409374	0.26353127969815904	0.09649734014944071	USF2	0.2696184	False
7240	2.7309693644409374	0.26353127969815904	0.09649734014944071	HAMP	0.2696184	False
7241	2.7309693644409374	0.26353127969815904	0.09649734014944071	MAG	0.2696184	False
7242	2.7309693644409374	0.26353127969815904	0.09649734014944071	CD22	0.2696184	False
7243	2.7309693644409374	0.26353127969815904	0.09649734014944071	MIR5196	0.2696184	False
7244	2.7309693644409374	0.26353127969815904	0.09649734014944071	FFAR1	0.2696184	False
7245	2.7309693644409374	0.26353127969815904	0.09649734014944071	FFAR3	0.2696184	False
7246	2.7309693644409374	0.26353127969815904	0.09649734014944071	LINC01531	0.2696184	False
7247	2.7309693644409374	0.26353127969815904	0.09649734014944071	FFAR2	0.2696184	False
7248	2.7309693644409374	0.26353127969815904	0.09649734014944071	KRTDAP	0.2696184	False
7249	2.7309693644409374	0.26353127969815904	0.09649734014944071	DMKN	0.2696184	False
7250	2.7309693644409374	0.26353127969815904	0.09649734014944071	SBSN	0.2696184	False
7251	2.7309693644409374	0.26353127969815904	0.09649734014944071	GAPDHS	0.2696184	False
7252	2.7309693644409374	0.26353127969815904	0.09649734014944071	TMEM147-AS1	0.2696184	False
7253	2.7309693644409374	0.26353127969815904	0.09649734014944071	TMEM147	0.2696184	False
7254	2.7309693644409374	0.26353127969815904	0.09649734014944071	ATP4A	0.2696184	False
7255	2.7309693644409374	0.26353127969815904	0.09649734014944071	LINC01766	0.2696184	False
7256	2.7309693644409374	0.26353127969815904	0.09649734014944071	HAUS5	0.2696184	False
7257	2.7309693644409374	0.26353127969815904	0.09649734014944071	RBM42	0.2696184	False
7258	2.7309693644409374	0.26353127969815904	0.09649734014944071	ETV2	0.2696184	False
7259	2.7309693644409374	0.26353127969815904	0.09649734014944071	COX6B1	0.2696184	False
7260	2.7309693644409374	0.26353127969815904	0.09649734014944071	UPK1A	0.2696184	False
7261	2.7309693644409374	0.26353127969815904	0.09649734014944071	UPK1A-AS1	0.2696184	False
7262	2.7309693644409374	0.26353127969815904	0.09649734014944071	ZBTB32	0.2696184	False
7263	2.7309693644409374	0.26353127969815904	0.09649734014944071	KMT2B	0.2696184	False
7264	2.7309693644409374	0.26353127969815904	0.09649734014944071	IGFLR1	0.2696184	False
7265	2.7309693644409374	0.26353127969815904	0.09649734014944071	U2AF1L4	0.2696184	False
7266	2.7309693644409374	0.26353127969815904	0.09649734014944071	PSENEN	0.2696184	False
7267	2.7309693644409374	0.26353127969815904	0.09649734014944071	LIN37	0.2696184	False
7268	2.7309693644409374	0.26353127969815904	0.09649734014944071	HSPB6	0.2696184	False
7269	2.7309693644409374	0.26353127969815904	0.09649734014944071	PROSER3	0.2696184	False
7270	2.7309693644409374	0.26353127969815904	0.09649734014944071	ARHGAP33	0.2696184	False
7271	2.7309693644409374	0.26353127969815904	0.09649734014944071	LINC01529	0.2696184	False
7272	2.7309693644409374	0.26353127969815904	0.09649734014944071	PRODH2	0.2696184	False
7273	2.7309693644409374	0.26353127969815904	0.09649734014944071	NPHS1	0.2696184	False
7274	2.7309693644409374	0.26353127969815904	0.09649734014944071	KIRREL2	0.2696184	False
7275	2.7309693644409374	0.26353127969815904	0.09649734014944071	APLP1	0.2696184	False
7276	2.643930228509468	0.20397992858538425	0.07715026909026233	NFKBID	0.26961806	False
7277	2.643930228509468	0.20397992858538425	0.07715026909026233	HCST	0.26961806	False
7278	2.643930228509468	0.20397992858538425	0.07715026909026233	TYROBP	0.26961806	False
7279	2.643930228509468	0.20397992858538425	0.07715026909026233	LRFN3	0.26961806	False
7280	2.643930228509468	0.20397992858538425	0.07715026909026233	SDHAF1	0.26961806	False
7281	2.643930228509468	0.20397992858538425	0.07715026909026233	SYNE4	0.26961806	False
7282	2.643930228509468	0.20397992858538425	0.07715026909026233	ALKBH6	0.26961806	False
7283	2.643930228509468	0.20397992858538425	0.07715026909026233	LOC101927572	0.26961806	False
7284	2.643930228509468	0.20397992858538425	0.07715026909026233	CLIP3	0.26961806	False
7285	2.643930228509468	0.20397992858538425	0.07715026909026233	THAP8	0.26961806	False
7286	2.643930228509468	0.20397992858538425	0.07715026909026233	WDR62	0.26961806	False
7287	2.6854614059182014	0.24484409755853664	0.09117394017242285	OVOL3	0.26961824	False
7288	2.6854614059182014	0.24484409755853664	0.09117394017242285	POLR2I	0.26961824	False
7289	2.6854614059182014	0.24484409755853664	0.09117394017242285	TBCB	0.26961824	False
7290	2.6854614059182014	0.24484409755853664	0.09117394017242285	CAPNS1	0.26961824	False
7291	2.6854614059182014	0.24484409755853664	0.09117394017242285	COX7A1	0.26961824	False
7292	2.6854614059182014	0.24484409755853664	0.09117394017242285	ZNF565	0.26961824	False
7293	2.6854614059182014	0.24484409755853664	0.09117394017242285	ZNF146	0.26961824	False
7294	2.6854614059182014	0.24484409755853664	0.09117394017242285	LOC100134317	0.26961824	False
7295	2.6854614059182014	0.24484409755853664	0.09117394017242285	LINC00665	0.26961824	False
7296	2.6854614059182014	0.24484409755853664	0.09117394017242285	ZFP14	0.26961824	False
7297	2.6854614059182014	0.24484409755853664	0.09117394017242285	ZFP82	0.26961824	False
7298	2.6854614059182014	0.24484409755853664	0.09117394017242285	ZNF566	0.26961824	False
7299	2.6854614059182014	0.24484409755853664	0.09117394017242285	LOC728752	0.26961824	False
7300	2.6854614059182014	0.24484409755853664	0.09117394017242285	ZNF260	0.26961824	False
7301	2.6854614059182014	0.24484409755853664	0.09117394017242285	ZNF529	0.26961824	False
7302	2.6854614059182014	0.24484409755853664	0.09117394017242285	ZNF529-AS1	0.26961824	False
7303	2.6854614059182014	0.24484409755853664	0.09117394017242285	ZNF382	0.26961824	False
7304	2.6854614059182014	0.24484409755853664	0.09117394017242285	ZNF461	0.26961824	False
7305	2.6854614059182014	0.24484409755853664	0.09117394017242285	LINC01534	0.26961824	False
7306	2.6854614059182014	0.24484409755853664	0.09117394017242285	ZNF567	0.26961824	False
7307	2.6854614059182014	0.24484409755853664	0.09117394017242285	ZNF850	0.26961824	False
7308	2.6854614059182014	0.24484409755853664	0.09117394017242285	LOC728485	0.26961824	False
7309	2.6854614059182014	0.24484409755853664	0.09117394017242285	ZNF790-AS1	0.26961824	False
7310	2.6854614059182014	0.24484409755853664	0.09117394017242285	ZNF790	0.26961824	False
7311	2.6657734959731063	0.203555091914482	0.07635873498703867	WDR87	0.269618	False
7312	2.6657734959731063	0.203555091914482	0.07635873498703867	SIPA1L3	0.269618	False
7313	2.6882413808679466	0.24698866228543107	0.0918774125133385	DPF1	0.2696182	False
7314	2.6882413808679466	0.24698866228543107	0.0918774125133385	SPINT2	0.2696182	False
7315	2.6882413808679466	0.24698866228543107	0.0918774125133385	PPP1R14A	0.2696182	False
7316	2.6882413808679466	0.24698866228543107	0.0918774125133385	C19orf33	0.2696182	False
7317	2.6882413808679466	0.24698866228543107	0.0918774125133385	YIF1B	0.2696182	False
7318	2.6882413808679466	0.24698866228543107	0.0918774125133385	KCNK6	0.2696182	False
7319	2.6882413808679466	0.24698866228543107	0.0918774125133385	CATSPERG	0.2696182	False
7320	2.6882413808679466	0.24698866228543107	0.0918774125133385	PSMD8	0.2696182	False
7321	2.6882413808679466	0.24698866228543107	0.0918774125133385	GGN	0.2696182	False
7322	2.6882413808679466	0.24698866228543107	0.0918774125133385	SPRED3	0.2696182	False
7323	2.6882413808679466	0.24698866228543107	0.0918774125133385	FAM98C	0.2696182	False
7324	2.6882413808679466	0.24698866228543107	0.0918774125133385	RASGRP4	0.2696182	False
7325	2.6882413808679466	0.24698866228543107	0.0918774125133385	RYR1	0.2696182	False
7326	2.6882413808679466	0.24698866228543107	0.0918774125133385	MAP4K1	0.2696182	False
7327	2.6882413808679466	0.24698866228543107	0.0918774125133385	LOC105372397	0.2696182	False
7328	2.6882413808679466	0.24698866228543107	0.0918774125133385	EIF3K	0.2696182	False
7329	2.6882413808679466	0.24698866228543107	0.0918774125133385	ACTN4	0.2696182	False
7330	2.6882413808679466	0.24698866228543107	0.0918774125133385	CAPN12	0.2696182	False
7331	2.6882413808679466	0.24698866228543107	0.0918774125133385	LGALS7	0.2696182	False
7332	2.6882413808679466	0.24698866228543107	0.0918774125133385	LGALS7B	0.2696182	False
7333	2.6882413808679466	0.24698866228543107	0.0918774125133385	LGALS4	0.2696182	False
7334	2.6882413808679466	0.24698866228543107	0.0918774125133385	ECH1	0.2696182	False
7335	2.6882413808679466	0.24698866228543107	0.0918774125133385	HNRNPL	0.2696182	False
7336	2.6882413808679466	0.24698866228543107	0.0918774125133385	RINL	0.2696182	False
7337	2.6882413808679466	0.24698866228543107	0.0918774125133385	SIRT2	0.2696182	False
7338	2.706489396531778	0.2226299355878645	0.0822578266418309	NFKBIB	0.26961815	False
7339	2.706489396531778	0.2226299355878645	0.0822578266418309	CCER2	0.26961815	False
7340	2.706489396531778	0.2226299355878645	0.0822578266418309	SARS2	0.26961815	False
7341	2.706489396531778	0.2226299355878645	0.0822578266418309	MRPS12	0.26961815	False
7342	2.706489396531778	0.2226299355878645	0.0822578266418309	FBXO17	0.26961815	False
7343	2.706489396531778	0.2226299355878645	0.0822578266418309	FBXO27	0.26961815	False
7344	2.706489396531778	0.2226299355878645	0.0822578266418309	ACP7	0.26961815	False
7345	2.8000358902509057	0.25777728778815306	0.09206213701962733	PAK4	0.26961836	False
7346	2.8000358902509057	0.25777728778815306	0.09206213701962733	NCCRP1	0.26961836	False
7347	2.8000358902509057	0.25777728778815306	0.09206213701962733	SYCN	0.26961836	False
7348	2.8000358902509057	0.25777728778815306	0.09206213701962733	IFNL3	0.26961836	False
7349	2.8000358902509057	0.25777728778815306	0.09206213701962733	IFNL4	0.26961836	False
7350	2.8000358902509057	0.25777728778815306	0.09206213701962733	IFNL2	0.26961836	False
7351	2.8000358902509057	0.25777728778815306	0.09206213701962733	IFNL1	0.26961836	False
7352	2.8000358902509057	0.25777728778815306	0.09206213701962733	LRFN1	0.26961836	False
7353	2.8000358902509057	0.25777728778815306	0.09206213701962733	GMFG	0.26961836	False
7354	2.8000358902509057	0.25777728778815306	0.09206213701962733	SAMD4B	0.26961836	False
7355	2.8000358902509057	0.25777728778815306	0.09206213701962733	PAF1	0.26961836	False
7356	2.8000358902509057	0.25777728778815306	0.09206213701962733	MED29	0.26961836	False
7357	2.8000358902509057	0.25777728778815306	0.09206213701962733	ZFP36	0.26961836	False
7358	2.8000358902509057	0.25777728778815306	0.09206213701962733	MIR4530	0.26961836	False
7359	2.8000358902509057	0.25777728778815306	0.09206213701962733	PLEKHG2	0.26961836	False
7360	2.8000358902509057	0.25777728778815306	0.09206213701962733	RPS16	0.26961836	False
7361	2.8000358902509057	0.25777728778815306	0.09206213701962733	SUPT5H	0.26961836	False
7362	2.8000358902509057	0.25777728778815306	0.09206213701962733	TIMM50	0.26961836	False
7363	2.8000358902509057	0.25777728778815306	0.09206213701962733	DLL3	0.26961836	False
7364	2.8000358902509057	0.25777728778815306	0.09206213701962733	SELENOV	0.26961836	False
7365	2.8000358902509057	0.25777728778815306	0.09206213701962733	EID2B	0.26961836	False
7366	2.8000358902509057	0.25777728778815306	0.09206213701962733	EID2	0.26961836	False
7367	2.8000358902509057	0.25777728778815306	0.09206213701962733	LGALS13	0.26961836	False
7368	2.8000358902509057	0.25777728778815306	0.09206213701962733	LGALS16	0.26961836	False
7369	2.8000358902509057	0.25777728778815306	0.09206213701962733	LGALS17A	0.26961836	False
7370	2.8000358902509057	0.25777728778815306	0.09206213701962733	LGALS14	0.26961836	False
7371	2.8000358902509057	0.25777728778815306	0.09206213701962733	CLC	0.26961836	False
7372	2.8000358902509057	0.25777728778815306	0.09206213701962733	LEUTX	0.26961836	False
7373	2.8000358902509057	0.25777728778815306	0.09206213701962733	DYRK1B	0.26961836	False
7374	2.8000358902509057	0.25777728778815306	0.09206213701962733	MIR6719	0.26961836	False
7375	2.8000358902509057	0.25777728778815306	0.09206213701962733	FBL	0.26961836	False
7376	2.789802903323664	0.23555821276009156	0.08443543179321254	FCGBP	0.2696183	False
7377	2.789802903323664	0.23555821276009156	0.08443543179321254	PSMC4	0.2696183	False
7378	2.789802903323664	0.23555821276009156	0.08443543179321254	ZNF546	0.2696183	False
7379	2.789802903323664	0.23555821276009156	0.08443543179321254	ZNF780B	0.2696183	False
7380	2.789802903323664	0.23555821276009156	0.08443543179321254	ZNF780A	0.2696183	False
7381	2.9207627106651084	0.2973908148888602	0.10181957397735304	MAP3K10	0.26961857	False
7382	2.9207627106651084	0.2973908148888602	0.10181957397735304	TTC9B	0.26961857	False
7383	2.9207627106651084	0.2973908148888602	0.10181957397735304	CNTD2	0.26961857	False
7384	2.9207627106651084	0.2973908148888602	0.10181957397735304	AKT2	0.26961857	False
7385	2.9207627106651084	0.2973908148888602	0.10181957397735304	MIR641	0.26961857	False
7386	2.9207627106651084	0.2973908148888602	0.10181957397735304	C19orf47	0.26961857	False
7387	2.9207627106651084	0.2973908148888602	0.10181957397735304	PLD3	0.26961857	False
7388	2.9207627106651084	0.2973908148888602	0.10181957397735304	MIR6796	0.26961857	False
7389	2.9207627106651084	0.2973908148888602	0.10181957397735304	HIPK4	0.26961857	False
7390	2.9207627106651084	0.2973908148888602	0.10181957397735304	PRX	0.26961857	False
7391	2.9207627106651084	0.2973908148888602	0.10181957397735304	SERTAD1	0.26961857	False
7392	2.9207627106651084	0.2973908148888602	0.10181957397735304	SERTAD3	0.26961857	False
7393	2.9207627106651084	0.2973908148888602	0.10181957397735304	BLVRB	0.26961857	False
7394	2.9207627106651084	0.2973908148888602	0.10181957397735304	SPTBN4	0.26961857	False
7395	2.9207627106651084	0.2973908148888602	0.10181957397735304	SHKBP1	0.26961857	False
7396	2.9207627106651084	0.2973908148888602	0.10181957397735304	LTBP4	0.26961857	False
7397	2.9207627106651084	0.2973908148888602	0.10181957397735304	NUMBL	0.26961857	False
7398	2.9207627106651084	0.2973908148888602	0.10181957397735304	COQ8B	0.26961857	False
7399	2.9207627106651084	0.2973908148888602	0.10181957397735304	ITPKC	0.26961857	False
7400	2.9207627106651084	0.2973908148888602	0.10181957397735304	C19orf54	0.26961857	False
7401	2.9207627106651084	0.2973908148888602	0.10181957397735304	SNRPA	0.26961857	False
7402	2.9207627106651084	0.2973908148888602	0.10181957397735304	MIA	0.26961857	False
7403	2.9207627106651084	0.2973908148888602	0.10181957397735304	MIA-RAB4B	0.26961857	False
7404	2.9207627106651084	0.2973908148888602	0.10181957397735304	RAB4B	0.26961857	False
7405	2.9207627106651084	0.2973908148888602	0.10181957397735304	RAB4B-EGLN2	0.26961857	False
7406	2.9207627106651084	0.2973908148888602	0.10181957397735304	EGLN2	0.26961857	False
7407	2.9207627106651084	0.2973908148888602	0.10181957397735304	CYP2G1P	0.26961857	False
7408	2.9207627106651084	0.2973908148888602	0.10181957397735304	CYP2A6	0.26961857	False
7409	2.9207627106651084	0.2973908148888602	0.10181957397735304	CYP2A7	0.26961857	False
7410	2.7725184501708915	0.2339106410292923	0.08436756877663865	CYP2B6	0.26961824	False
7411	2.7725184501708915	0.2339106410292923	0.08436756877663865	CYP2A13	0.26961824	False
7412	2.7059913859033022	0.2484342814202633	0.09180896979734178	CYP2F1	0.26961833	False
7413	2.7059913859033022	0.2484342814202633	0.09180896979734178	CYP2S1	0.26961833	False
7414	2.7059913859033022	0.2484342814202633	0.09180896979734178	AXL	0.26961833	False
7415	2.7059913859033022	0.2484342814202633	0.09180896979734178	HNRNPUL1	0.26961833	False
7416	2.7059913859033022	0.2484342814202633	0.09180896979734178	TGFB1	0.26961833	False
7417	2.7059913859033022	0.2484342814202633	0.09180896979734178	CCDC97	0.26961833	False
7418	2.7059913859033022	0.2484342814202633	0.09180896979734178	BCKDHA	0.26961833	False
7419	2.7059913859033022	0.2484342814202633	0.09180896979734178	TMEM91	0.26961833	False
7420	2.7059913859033022	0.2484342814202633	0.09180896979734178	B9D2	0.26961833	False
7421	2.7059913859033022	0.2484342814202633	0.09180896979734178	EXOSC5	0.26961833	False
7422	2.7059913859033022	0.2484342814202633	0.09180896979734178	B3GNT8	0.26961833	False
7423	2.7059913859033022	0.2484342814202633	0.09180896979734178	DMAC2	0.26961833	False
7424	2.7059913859033022	0.2484342814202633	0.09180896979734178	ERICH4	0.26961833	False
7425	2.7059913859033022	0.2484342814202633	0.09180896979734178	PCAT19	0.26961833	False
7426	2.7059913859033022	0.2484342814202633	0.09180896979734178	LINC01480	0.26961833	False
7427	2.7059913859033022	0.2484342814202633	0.09180896979734178	CEACAM21	0.26961833	False
7428	2.7059913859033022	0.2484342814202633	0.09180896979734178	CEACAM4	0.26961833	False
7429	2.7059913859033022	0.2484342814202633	0.09180896979734178	CEACAM7	0.26961833	False
7430	2.7059913859033022	0.2484342814202633	0.09180896979734178	CEACAM5	0.26961833	False
7431	2.7059913859033022	0.2484342814202633	0.09180896979734178	CEACAM6	0.26961833	False
7432	2.7059913859033022	0.2484342814202633	0.09180896979734178	CEACAM3	0.26961833	False
7433	2.7059913859033022	0.2484342814202633	0.09180896979734178	LYPD4	0.26961833	False
7434	2.7059913859033022	0.2484342814202633	0.09180896979734178	DMRTC2	0.26961833	False
7435	2.7059913859033022	0.2484342814202633	0.09180896979734178	RPS19	0.26961833	False
7436	2.7059913859033022	0.2484342814202633	0.09180896979734178	MIR6797	0.26961833	False
7437	2.7059913859033022	0.2484342814202633	0.09180896979734178	CD79A	0.26961833	False
7438	2.843180414984259	0.24520187859052056	0.08624211017290581	ARHGEF1	0.2696184	False
7439	2.843180414984259	0.24520187859052056	0.08624211017290581	RABAC1	0.2696184	False
7440	2.843180414984259	0.24520187859052056	0.08624211017290581	ATP1A3	0.2696184	False
7441	2.843180414984259	0.24520187859052056	0.08624211017290581	GRIK5	0.2696184	False
7442	2.843180414984259	0.24520187859052056	0.08624211017290581	ZNF574	0.2696184	False
7443	2.843180414984259	0.24520187859052056	0.08624211017290581	POU2F2	0.2696184	False
7444	2.861682483536521	0.2875111872843634	0.10046928299643211	LOC100505622	0.26961854	False
7445	2.861682483536521	0.2875111872843634	0.10046928299643211	MIR4323	0.26961854	False
7446	2.861682483536521	0.2875111872843634	0.10046928299643211	DEDD2	0.26961854	False
7447	2.861682483536521	0.2875111872843634	0.10046928299643211	ZNF526	0.26961854	False
7448	2.861682483536521	0.2875111872843634	0.10046928299643211	GSK3A	0.26961854	False
7449	2.861682483536521	0.2875111872843634	0.10046928299643211	ERF	0.26961854	False
7450	2.861682483536521	0.2875111872843634	0.10046928299643211	CIC	0.26961854	False
7451	2.861682483536521	0.2875111872843634	0.10046928299643211	PAFAH1B3	0.26961854	False
7452	2.861682483536521	0.2875111872843634	0.10046928299643211	PRR19	0.26961854	False
7453	2.861682483536521	0.2875111872843634	0.10046928299643211	TMEM145	0.26961854	False
7454	2.861682483536521	0.2875111872843634	0.10046928299643211	MEGF8	0.26961854	False
7455	2.861682483536521	0.2875111872843634	0.10046928299643211	MIR8077	0.26961854	False
7456	2.861682483536521	0.2875111872843634	0.10046928299643211	CNFN	0.26961854	False
7457	2.861682483536521	0.2875111872843634	0.10046928299643211	LOC101930071	0.26961854	False
7458	2.861682483536521	0.2875111872843634	0.10046928299643211	LIPE-AS1	0.26961854	False
7459	2.861682483536521	0.2875111872843634	0.10046928299643211	LIPE	0.26961854	False
7460	2.861682483536521	0.2875111872843634	0.10046928299643211	CXCL17	0.26961854	False
7461	2.861682483536521	0.2875111872843634	0.10046928299643211	CEACAM1	0.26961854	False
7462	2.861682483536521	0.2875111872843634	0.10046928299643211	CEACAM8	0.26961854	False
7463	2.861682483536521	0.2875111872843634	0.10046928299643211	PSG3	0.26961854	False
7464	2.861682483536521	0.2875111872843634	0.10046928299643211	PSG8	0.26961854	False
7465	2.861682483536521	0.2875111872843634	0.10046928299643211	PSG8-AS1	0.26961854	False
7466	2.861682483536521	0.2875111872843634	0.10046928299643211	PSG1	0.26961854	False
7467	3.06023700023034	0.280276970785384	0.09158668781675665	PSG6	0.26961863	False
7468	3.06023700023034	0.280276970785384	0.09158668781675665	PSG7	0.26961863	False
7469	3.06023700023034	0.280276970785384	0.09158668781675665	PSG11	0.26961863	False
7470	3.06023700023034	0.280276970785384	0.09158668781675665	PSG2	0.26961863	False
7471	3.1665208127108713	0.35233424117402207	0.11126856951632896	PSG5	0.2696192	False
7472	3.1665208127108713	0.35233424117402207	0.11126856951632896	PSG4	0.2696192	False
7473	3.1665208127108713	0.35233424117402207	0.11126856951632896	LOC284344	0.2696192	False
7474	3.1665208127108713	0.35233424117402207	0.11126856951632896	PSG9	0.2696192	False
7475	3.1665208127108713	0.35233424117402207	0.11126856951632896	CD177	0.2696192	False
7476	3.1665208127108713	0.35233424117402207	0.11126856951632896	TEX101	0.2696192	False
7477	3.1665208127108713	0.35233424117402207	0.11126856951632896	LYPD3	0.2696192	False
7478	3.1665208127108713	0.35233424117402207	0.11126856951632896	PHLDB3	0.2696192	False
7479	3.1665208127108713	0.35233424117402207	0.11126856951632896	ETHE1	0.2696192	False
7480	3.1665208127108713	0.35233424117402207	0.11126856951632896	ZNF575	0.2696192	False
7481	3.1665208127108713	0.35233424117402207	0.11126856951632896	XRCC1	0.2696192	False
7482	3.1665208127108713	0.35233424117402207	0.11126856951632896	PINLYP	0.2696192	False
7483	3.1665208127108713	0.35233424117402207	0.11126856951632896	IRGQ	0.2696192	False
7484	3.1665208127108713	0.35233424117402207	0.11126856951632896	ZNF576	0.2696192	False
7485	3.1665208127108713	0.35233424117402207	0.11126856951632896	ZNF428	0.2696192	False
7486	3.1665208127108713	0.35233424117402207	0.11126856951632896	SRRM5	0.2696192	False
7487	3.1665208127108713	0.35233424117402207	0.11126856951632896	CADM4	0.2696192	False
7488	3.1665208127108713	0.35233424117402207	0.11126856951632896	PLAUR	0.2696192	False
7489	3.1665208127108713	0.35233424117402207	0.11126856951632896	IRGC	0.2696192	False
7490	3.1665208127108713	0.35233424117402207	0.11126856951632896	SMG9	0.2696192	False
7491	3.1665208127108713	0.35233424117402207	0.11126856951632896	KCNN4	0.2696192	False
7492	3.1665208127108713	0.35233424117402207	0.11126856951632896	LYPD5	0.2696192	False
7493	3.1665208127108713	0.35233424117402207	0.11126856951632896	ZNF283	0.2696192	False
7494	3.1665208127108713	0.35233424117402207	0.11126856951632896	ZNF404	0.2696192	False
7495	3.2757224727806658	0.34081665604057276	0.10404320233858622	LOC100505715	0.26961923	False
7496	3.2757224727806658	0.34081665604057276	0.10404320233858622	ZNF45	0.26961923	False
7497	3.2757224727806658	0.34081665604057276	0.10404320233858622	ZNF221	0.26961923	False
7498	3.2757224727806658	0.34081665604057276	0.10404320233858622	ZNF155	0.26961923	False
7499	3.2757224727806658	0.34081665604057276	0.10404320233858622	LOC101928063	0.26961923	False
7500	3.2757224727806658	0.34081665604057276	0.10404320233858622	ZNF230	0.26961923	False
7501	3.2757224727806658	0.34081665604057276	0.10404320233858622	ZNF222	0.26961923	False
7502	3.2757224727806658	0.34081665604057276	0.10404320233858622	ZNF284	0.26961923	False
7503	3.2757224727806658	0.34081665604057276	0.10404320233858622	ZNF223	0.26961923	False
7504	3.2757224727806658	0.34081665604057276	0.10404320233858622	ZNF224	0.26961923	False
7505	3.614613414652463	0.5004427790299893	0.13844987599541286	LOC100379224	0.26962098	False
7506	3.614613414652463	0.5004427790299893	0.13844987599541286	ZNF225	0.26962098	False
7507	3.614613414652463	0.5004427790299893	0.13844987599541286	ZNF234	0.26962098	False
7508	3.614613414652463	0.5004427790299893	0.13844987599541286	ZNF226	0.26962098	False
7509	3.614613414652463	0.5004427790299893	0.13844987599541286	ZNF227	0.26962098	False
7510	3.614613414652463	0.5004427790299893	0.13844987599541286	ZNF235	0.26962098	False
7511	3.614613414652463	0.5004427790299893	0.13844987599541286	ZNF233	0.26962098	False
7512	3.614613414652463	0.5004427790299893	0.13844987599541286	ZNF112	0.26962098	False
7513	3.614613414652463	0.5004427790299893	0.13844987599541286	ZNF285	0.26962098	False
7514	3.614613414652463	0.5004427790299893	0.13844987599541286	ZNF229	0.26962098	False
7515	3.614613414652463	0.5004427790299893	0.13844987599541286	ZNF180	0.26962098	False
7516	3.614613414652463	0.5004427790299893	0.13844987599541286	CEACAM20	0.26962098	False
7517	3.614613414652463	0.5004427790299893	0.13844987599541286	IGSF23	0.26962098	False
7518	3.614613414652463	0.5004427790299893	0.13844987599541286	PVR	0.26962098	False
7519	3.614613414652463	0.5004427790299893	0.13844987599541286	CEACAM19	0.26962098	False
7520	3.614613414652463	0.5004427790299893	0.13844987599541286	CEACAM16	0.26962098	False
7521	3.614613414652463	0.5004427790299893	0.13844987599541286	BCL3	0.26962098	False
7522	3.614613414652463	0.5004427790299893	0.13844987599541286	MIR8085	0.26962098	False
7523	3.614613414652463	0.5004427790299893	0.13844987599541286	CBLC	0.26962098	False
7524	3.614613414652463	0.5004427790299893	0.13844987599541286	BCAM	0.26962098	False
7525	3.614613414652463	0.5004427790299893	0.13844987599541286	NECTIN2	0.26962098	False
7526	3.553305464111417	0.40687731687324624	0.11450670959272424	TOMM40	0.2696201	False
7527	3.553305464111417	0.40687731687324624	0.11450670959272424	APOE	0.2696201	False
7528	3.553305464111417	0.40687731687324624	0.11450670959272424	APOC1	0.2696201	False
7529	3.553305464111417	0.40687731687324624	0.11450670959272424	APOC4	0.2696201	False
7530	3.553305464111417	0.40687731687324624	0.11450670959272424	APOC4-APOC2	0.2696201	False
7531	3.553305464111417	0.40687731687324624	0.11450670959272424	APOC2	0.2696201	False
7532	3.553305464111417	0.40687731687324624	0.11450670959272424	CLPTM1	0.2696201	False
7533	3.553305464111417	0.40687731687324624	0.11450670959272424	RELB	0.2696201	False
7534	3.553305464111417	0.40687731687324624	0.11450670959272424	CLASRP	0.2696201	False
7535	3.553305464111417	0.40687731687324624	0.11450670959272424	ZNF296	0.2696201	False
7536	3.553305464111417	0.40687731687324624	0.11450670959272424	GEMIN7-AS1	0.2696201	False
7537	3.553305464111417	0.40687731687324624	0.11450670959272424	GEMIN7	0.2696201	False
7538	3.553305464111417	0.40687731687324624	0.11450670959272424	MARK4	0.2696201	False
7539	3.553305464111417	0.40687731687324624	0.11450670959272424	PPP1R37	0.2696201	False
7540	3.6159047069882657	0.45992514697132386	0.12719504086555464	NKPD1	0.26962063	False
7541	3.6159047069882657	0.45992514697132386	0.12719504086555464	TRAPPC6A	0.26962063	False
7542	3.6159047069882657	0.45992514697132386	0.12719504086555464	BLOC1S3	0.26962063	False
7543	3.6159047069882657	0.45992514697132386	0.12719504086555464	EXOC3L2	0.26962063	False
7544	3.6159047069882657	0.45992514697132386	0.12719504086555464	CKM	0.26962063	False
7545	3.6159047069882657	0.45992514697132386	0.12719504086555464	KLC3	0.26962063	False
7546	3.6159047069882657	0.45992514697132386	0.12719504086555464	ERCC2	0.26962063	False
7547	3.6159047069882657	0.45992514697132386	0.12719504086555464	PPP1R13L	0.26962063	False
7548	3.6159047069882657	0.45992514697132386	0.12719504086555464	CD3EAP	0.26962063	False
7549	3.6159047069882657	0.45992514697132386	0.12719504086555464	ERCC1	0.26962063	False
7550	3.6159047069882657	0.45992514697132386	0.12719504086555464	MIR6088	0.26962063	False
7551	3.6159047069882657	0.45992514697132386	0.12719504086555464	FOSB	0.26962063	False
7552	3.6159047069882657	0.45992514697132386	0.12719504086555464	RTN2	0.26962063	False
7553	3.6159047069882657	0.45992514697132386	0.12719504086555464	PPM1N	0.26962063	False
7554	3.6159047069882657	0.45992514697132386	0.12719504086555464	VASP	0.26962063	False
7555	3.6159047069882657	0.45992514697132386	0.12719504086555464	OPA3	0.26962063	False
7556	3.6159047069882657	0.45992514697132386	0.12719504086555464	GPR4	0.26962063	False
7557	3.6159047069882657	0.45992514697132386	0.12719504086555464	EML2	0.26962063	False
7558	3.6159047069882657	0.45992514697132386	0.12719504086555464	MIR330	0.26962063	False
7559	3.6159047069882657	0.45992514697132386	0.12719504086555464	EML2-AS1	0.26962063	False
7560	3.6159047069882657	0.45992514697132386	0.12719504086555464	GIPR	0.26962063	False
7561	3.6159047069882657	0.45992514697132386	0.12719504086555464	MIR642A	0.26962063	False
7562	3.6159047069882657	0.45992514697132386	0.12719504086555464	SNRPD2	0.26962063	False
7563	3.6159047069882657	0.45992514697132386	0.12719504086555464	QPCTL	0.26962063	False
7564	3.6159047069882657	0.45992514697132386	0.12719504086555464	FBXO46	0.26962063	False
7565	3.6159047069882657	0.45992514697132386	0.12719504086555464	BHMG1	0.26962063	False
7566	3.6159047069882657	0.45992514697132386	0.12719504086555464	SIX5	0.26962063	False
7567	3.6159047069882657	0.45992514697132386	0.12719504086555464	DMPK	0.26962063	False
7568	3.6159047069882657	0.45992514697132386	0.12719504086555464	DMWD	0.26962063	False
7569	3.6159047069882657	0.45992514697132386	0.12719504086555464	RSPH6A	0.26962063	False
7570	3.6159047069882657	0.45992514697132386	0.12719504086555464	SYMPK	0.26962063	False
7571	3.6159047069882657	0.45992514697132386	0.12719504086555464	FOXA3	0.26962063	False
7572	3.6159047069882657	0.45992514697132386	0.12719504086555464	IRF2BP1	0.26962063	False
7573	3.5556857411484493	0.36125771568538434	0.10160001248274035	MYPOP	0.26961973	False
7574	3.5556857411484493	0.36125771568538434	0.10160001248274035	NANOS2	0.26961973	False
7575	3.5556857411484493	0.36125771568538434	0.10160001248274035	NOVA2	0.26961973	False
7576	3.5556857411484493	0.36125771568538434	0.10160001248274035	CCDC61	0.26961973	False
7577	3.5556857411484493	0.36125771568538434	0.10160001248274035	MIR769	0.26961973	False
7578	3.5556857411484493	0.36125771568538434	0.10160001248274035	PGLYRP1	0.26961973	False
7579	3.5556857411484493	0.36125771568538434	0.10160001248274035	IGFL4	0.26961973	False
7580	3.5556857411484493	0.36125771568538434	0.10160001248274035	LOC400706	0.26961973	False
7581	3.4860333850703147	0.34826995971345664	0.09990436729751281	IGFL3	0.26961946	False
7582	3.4860333850703147	0.34826995971345664	0.09990436729751281	IGFL2	0.26961946	False
7583	3.4860333850703147	0.34826995971345664	0.09990436729751281	IGFL2-AS1	0.26961946	False
7584	3.4860333850703147	0.34826995971345664	0.09990436729751281	LOC93429	0.26961946	False
7585	3.4860333850703147	0.34826995971345664	0.09990436729751281	IGFL1	0.26961946	False
7586	3.4860333850703147	0.34826995971345664	0.09990436729751281	HIF3A	0.26961946	False
7587	3.4860333850703147	0.34826995971345664	0.09990436729751281	PPP5C	0.26961946	False
7588	3.4860333850703147	0.34826995971345664	0.09990436729751281	CCDC8	0.26961946	False
7589	3.4860333850703147	0.34826995971345664	0.09990436729751281	PNMA8A	0.26961946	False
7590	3.4860333850703147	0.34826995971345664	0.09990436729751281	PPP5D1	0.26961946	False
7591	3.4860333850703147	0.34826995971345664	0.09990436729751281	PNMA8B	0.26961946	False
7592	3.4860333850703147	0.34826995971345664	0.09990436729751281	CALM3	0.26961946	False
7593	3.4860333850703147	0.34826995971345664	0.09990436729751281	PTGIR	0.26961946	False
7594	3.4860333850703147	0.34826995971345664	0.09990436729751281	GNG8	0.26961946	False
7595	3.4860333850703147	0.34826995971345664	0.09990436729751281	DACT3	0.26961946	False
7596	3.4860333850703147	0.34826995971345664	0.09990436729751281	DACT3-AS1	0.26961946	False
7597	3.4860333850703147	0.34826995971345664	0.09990436729751281	PRKD2	0.26961946	False
7598	3.4860333850703147	0.34826995971345664	0.09990436729751281	MIR320E	0.26961946	False
7599	3.4860333850703147	0.34826995971345664	0.09990436729751281	STRN4	0.26961946	False
7600	3.4860333850703147	0.34826995971345664	0.09990436729751281	FKRP	0.26961946	False
7601	3.4860333850703147	0.34826995971345664	0.09990436729751281	SLC1A5	0.26961946	False
7602	3.4860333850703147	0.34826995971345664	0.09990436729751281	AP2S1	0.26961946	False
7603	3.668420694233423	0.341147401357949	0.09299571390331975	ARHGAP35	0.26961973	False
7604	3.668420694233423	0.341147401357949	0.09299571390331975	NPAS1	0.26961973	False
7605	3.668420694233423	0.341147401357949	0.09299571390331975	TMEM160	0.26961973	False
7606	3.668420694233423	0.341147401357949	0.09299571390331975	ZC3H4	0.26961973	False
7607	3.6839134987549973	0.3903095101512286	0.1059496946068729	SAE1	0.2696201	False
7608	3.6839134987549973	0.3903095101512286	0.1059496946068729	BBC3	0.2696201	False
7609	3.6839134987549973	0.3903095101512286	0.1059496946068729	MIR3190	0.2696201	False
7610	3.6839134987549973	0.3903095101512286	0.1059496946068729	CCDC9	0.2696201	False
7611	3.6839134987549973	0.3903095101512286	0.1059496946068729	INAFM1	0.2696201	False
7612	3.6839134987549973	0.3903095101512286	0.1059496946068729	C5AR1	0.2696201	False
7613	3.6839134987549973	0.3903095101512286	0.1059496946068729	C5AR2	0.2696201	False
7614	3.6839134987549973	0.3903095101512286	0.1059496946068729	DHX34	0.2696201	False
7615	3.6839134987549973	0.3903095101512286	0.1059496946068729	MEIS3	0.2696201	False
7616	3.6839134987549973	0.3903095101512286	0.1059496946068729	SLC8A2	0.2696201	False
7617	3.6839134987549973	0.3903095101512286	0.1059496946068729	KPTN	0.2696201	False
7618	3.6839134987549973	0.3903095101512286	0.1059496946068729	NAPA-AS1	0.2696201	False
7619	3.6839134987549973	0.3903095101512286	0.1059496946068729	NAPA	0.2696201	False
7620	3.6839134987549973	0.3903095101512286	0.1059496946068729	ZNF541	0.2696201	False
7621	3.6839134987549973	0.3903095101512286	0.1059496946068729	BICRA	0.2696201	False
7622	3.6839134987549973	0.3903095101512286	0.1059496946068729	EHD2	0.2696201	False
7623	3.6839134987549973	0.3903095101512286	0.1059496946068729	NOP53	0.2696201	False
7624	3.6839134987549973	0.3903095101512286	0.1059496946068729	SNORD23	0.2696201	False
7625	3.6839134987549973	0.3903095101512286	0.1059496946068729	NOP53-AS1	0.2696201	False
7626	3.6839134987549973	0.3903095101512286	0.1059496946068729	SELENOW	0.2696201	False
7627	3.6839134987549973	0.3903095101512286	0.1059496946068729	TPRX1	0.2696201	False
7628	3.6839134987549973	0.3903095101512286	0.1059496946068729	CRX	0.2696201	False
7629	3.6839134987549973	0.3903095101512286	0.1059496946068729	SULT2A1	0.2696201	False
7630	3.720805362218949	0.3658613076860842	0.09832852623817394	BSPH1	0.26962	False
7631	3.720805362218949	0.3658613076860842	0.09832852623817394	ELSPBP1	0.26962	False
7632	3.720805362218949	0.3658613076860842	0.09832852623817394	CABP5	0.26962	False
7633	3.720805362218949	0.3658613076860842	0.09832852623817394	PLA2G4C	0.26962	False
7634	3.720805362218949	0.3658613076860842	0.09832852623817394	PLA2G4C-AS1	0.26962	False
7635	3.8386980505849038	0.4650991600264439	0.12116065236117662	LIG1	0.2696211	False
7636	3.8386980505849038	0.4650991600264439	0.12116065236117662	ZSWIM9	0.2696211	False
7637	3.8386980505849038	0.4650991600264439	0.12116065236117662	ZNF114	0.2696211	False
7638	3.8386980505849038	0.4650991600264439	0.12116065236117662	CARD8	0.2696211	False
7639	3.8386980505849038	0.4650991600264439	0.12116065236117662	CARD8-AS1	0.2696211	False
7640	3.8386980505849038	0.4650991600264439	0.12116065236117662	CCDC114	0.2696211	False
7641	3.8386980505849038	0.4650991600264439	0.12116065236117662	EMP3	0.2696211	False
7642	3.8386980505849038	0.4650991600264439	0.12116065236117662	TMEM143	0.2696211	False
7643	3.8386980505849038	0.4650991600264439	0.12116065236117662	SYNGR4	0.2696211	False
7644	3.8386980505849038	0.4650991600264439	0.12116065236117662	KDELR1	0.2696211	False
7645	3.8386980505849038	0.4650991600264439	0.12116065236117662	GRIN2D	0.2696211	False
7646	3.8386980505849038	0.4650991600264439	0.12116065236117662	GRWD1	0.2696211	False
7647	3.8386980505849038	0.4650991600264439	0.12116065236117662	KCNJ14	0.2696211	False
7648	3.8386980505849038	0.4650991600264439	0.12116065236117662	CYTH2	0.2696211	False
7649	3.8386980505849038	0.4650991600264439	0.12116065236117662	LMTK3	0.2696211	False
7650	3.8386980505849038	0.4650991600264439	0.12116065236117662	SULT2B1	0.2696211	False
7651	3.8386980505849038	0.4650991600264439	0.12116065236117662	FAM83E	0.2696211	False
7652	3.8386980505849038	0.4650991600264439	0.12116065236117662	SPACA4	0.2696211	False
7653	3.8386980505849038	0.4650991600264439	0.12116065236117662	RPL18	0.2696211	False
7654	3.8386980505849038	0.4650991600264439	0.12116065236117662	SPHK2	0.2696211	False
7655	3.8386980505849038	0.4650991600264439	0.12116065236117662	DBP	0.2696211	False
7656	3.8386980505849038	0.4650991600264439	0.12116065236117662	CA11	0.2696211	False
7657	3.8386980505849038	0.4650991600264439	0.12116065236117662	NTN5	0.2696211	False
7658	3.8386980505849038	0.4650991600264439	0.12116065236117662	FUT2	0.2696211	False
7659	3.8386980505849038	0.4650991600264439	0.12116065236117662	MAMSTR	0.2696211	False
7660	3.8386980505849038	0.4650991600264439	0.12116065236117662	RASIP1	0.2696211	False
7661	3.8386980505849038	0.4650991600264439	0.12116065236117662	IZUMO1	0.2696211	False
7662	3.8386980505849038	0.4650991600264439	0.12116065236117662	FUT1	0.2696211	False
7663	3.8386980505849038	0.4650991600264439	0.12116065236117662	FGF21	0.2696211	False
7664	3.8386980505849038	0.4650991600264439	0.12116065236117662	BCAT2	0.2696211	False
7665	3.8386980505849038	0.4650991600264439	0.12116065236117662	HSD17B14	0.2696211	False
7666	3.8386980505849038	0.4650991600264439	0.12116065236117662	PLEKHA4	0.2696211	False
7667	3.8386980505849038	0.4650991600264439	0.12116065236117662	PPP1R15A	0.2696211	False
7668	3.8386980505849038	0.4650991600264439	0.12116065236117662	TULP2	0.2696211	False
7669	3.5569726403897373	0.36344070859953354	0.10217697613769426	NUCB1	0.26961964	False
7670	3.5569726403897373	0.36344070859953354	0.10217697613769426	NUCB1-AS1	0.26961964	False
7671	3.5569726403897373	0.36344070859953354	0.10217697613769426	DHDH	0.26961964	False
7672	3.5569726403897373	0.36344070859953354	0.10217697613769426	BAX	0.26961964	False
7673	3.5569726403897373	0.36344070859953354	0.10217697613769426	FTL	0.26961964	False
7674	3.5569726403897373	0.36344070859953354	0.10217697613769426	GYS1	0.26961964	False
7675	3.5569726403897373	0.36344070859953354	0.10217697613769426	RUVBL2	0.26961964	False
7676	3.5569726403897373	0.36344070859953354	0.10217697613769426	MIR6798	0.26961964	False
7677	3.5569726403897373	0.36344070859953354	0.10217697613769426	LHB	0.26961964	False
7678	3.5569726403897373	0.36344070859953354	0.10217697613769426	LOC101059948	0.26961964	False
7679	3.5569726403897373	0.36344070859953354	0.10217697613769426	CGB3	0.26961964	False
7680	3.5569726403897373	0.36344070859953354	0.10217697613769426	CGB2	0.26961964	False
7681	3.5569726403897373	0.36344070859953354	0.10217697613769426	CGB1	0.26961964	False
7682	3.5569726403897373	0.36344070859953354	0.10217697613769426	CGB5	0.26961964	False
7683	3.5569726403897373	0.36344070859953354	0.10217697613769426	CGB8	0.26961964	False
7684	3.5569726403897373	0.36344070859953354	0.10217697613769426	CGB7	0.26961964	False
7685	3.5569726403897373	0.36344070859953354	0.10217697613769426	NTF4	0.26961964	False
7686	3.5569726403897373	0.36344070859953354	0.10217697613769426	KCNA7	0.26961964	False
7687	3.5569726403897373	0.36344070859953354	0.10217697613769426	SNRNP70	0.26961964	False
7688	3.614173707866889	0.42412810739891427	0.1173513344075644	LIN7B	0.2696202	False
7689	3.614173707866889	0.42412810739891427	0.1173513344075644	C19orf73	0.2696202	False
7690	3.614173707866889	0.42412810739891427	0.1173513344075644	PPFIA3	0.2696202	False
7691	3.614173707866889	0.42412810739891427	0.1173513344075644	HRC	0.2696202	False
7692	3.614173707866889	0.42412810739891427	0.1173513344075644	TRPM4	0.2696202	False
7693	3.614173707866889	0.42412810739891427	0.1173513344075644	SLC6A16	0.2696202	False
7694	3.614173707866889	0.42412810739891427	0.1173513344075644	MIR4324	0.2696202	False
7695	3.614173707866889	0.42412810739891427	0.1173513344075644	CD37	0.2696202	False
7696	3.614173707866889	0.42412810739891427	0.1173513344075644	TEAD2	0.2696202	False
7697	3.614173707866889	0.42412810739891427	0.1173513344075644	DKKL1	0.2696202	False
7698	3.614173707866889	0.42412810739891427	0.1173513344075644	LOC101928295	0.2696202	False
7699	3.614173707866889	0.42412810739891427	0.1173513344075644	CCDC155	0.2696202	False
7700	3.614173707866889	0.42412810739891427	0.1173513344075644	PTH2	0.2696202	False
7701	3.614173707866889	0.42412810739891427	0.1173513344075644	GFY	0.2696202	False
7702	3.614173707866889	0.42412810739891427	0.1173513344075644	SLC17A7	0.2696202	False
7703	3.614173707866889	0.42412810739891427	0.1173513344075644	PIH1D1	0.2696202	False
7704	3.614173707866889	0.42412810739891427	0.1173513344075644	ALDH16A1	0.2696202	False
7705	3.614173707866889	0.42412810739891427	0.1173513344075644	FLT3LG	0.2696202	False
7706	3.614173707866889	0.42412810739891427	0.1173513344075644	RPL13A	0.2696202	False
7707	3.614173707866889	0.42412810739891427	0.1173513344075644	SNORD32A	0.2696202	False
7708	3.614173707866889	0.42412810739891427	0.1173513344075644	SNORD33	0.2696202	False
7709	3.614173707866889	0.42412810739891427	0.1173513344075644	SNORD34	0.2696202	False
7710	3.614173707866889	0.42412810739891427	0.1173513344075644	SNORD35A	0.2696202	False
7711	3.614173707866889	0.42412810739891427	0.1173513344075644	RPS11	0.2696202	False
7712	3.614173707866889	0.42412810739891427	0.1173513344075644	SNORD35B	0.2696202	False
7713	3.614173707866889	0.42412810739891427	0.1173513344075644	MIR150	0.2696202	False
7714	3.614173707866889	0.42412810739891427	0.1173513344075644	FCGRT	0.2696202	False
7715	3.614173707866889	0.42412810739891427	0.1173513344075644	RCN3	0.2696202	False
7716	3.614173707866889	0.42412810739891427	0.1173513344075644	NOSIP	0.2696202	False
7717	3.614173707866889	0.42412810739891427	0.1173513344075644	PRRG2	0.2696202	False
7718	3.614173707866889	0.42412810739891427	0.1173513344075644	PRR12	0.2696202	False
7719	3.614173707866889	0.42412810739891427	0.1173513344075644	RRAS	0.2696202	False
7720	3.614173707866889	0.42412810739891427	0.1173513344075644	SCAF1	0.2696202	False
7721	3.614173707866889	0.42412810739891427	0.1173513344075644	IRF3	0.2696202	False
7722	3.614173707866889	0.42412810739891427	0.1173513344075644	BCL2L12	0.2696202	False
7723	3.614173707866889	0.42412810739891427	0.1173513344075644	PRMT1	0.2696202	False
7724	3.614173707866889	0.42412810739891427	0.1173513344075644	MIR5088	0.2696202	False
7725	3.614173707866889	0.42412810739891427	0.1173513344075644	ADM5	0.2696202	False
7726	3.614173707866889	0.42412810739891427	0.1173513344075644	CPT1C	0.2696202	False
7727	3.614173707866889	0.42412810739891427	0.1173513344075644	TSKS	0.2696202	False
7728	3.614173707866889	0.42412810739891427	0.1173513344075644	AP2A1	0.2696202	False
7729	3.614173707866889	0.42412810739891427	0.1173513344075644	MIR6799	0.2696202	False
7730	3.614173707866889	0.42412810739891427	0.1173513344075644	FUZ	0.2696202	False
7731	3.614173707866889	0.42412810739891427	0.1173513344075644	MED25	0.2696202	False
7732	3.614173707866889	0.42412810739891427	0.1173513344075644	MIR6800	0.2696202	False
7733	3.614173707866889	0.42412810739891427	0.1173513344075644	PTOV1-AS1	0.2696202	False
7734	3.614173707866889	0.42412810739891427	0.1173513344075644	PTOV1	0.2696202	False
7735	3.614173707866889	0.42412810739891427	0.1173513344075644	MIR4749	0.2696202	False
7736	3.614173707866889	0.42412810739891427	0.1173513344075644	PTOV1-AS2	0.2696202	False
7737	3.614173707866889	0.42412810739891427	0.1173513344075644	PNKP	0.2696202	False
7738	3.614173707866889	0.42412810739891427	0.1173513344075644	AKT1S1	0.2696202	False
7739	3.614173707866889	0.42412810739891427	0.1173513344075644	TBC1D17	0.2696202	False
7740	3.614173707866889	0.42412810739891427	0.1173513344075644	MIR4750	0.2696202	False
7741	3.1677435555517124	0.28968101687867265	0.0914471174192698	IL4I1	0.26961875	False
7742	3.1677435555517124	0.28968101687867265	0.0914471174192698	NUP62	0.26961875	False
7743	3.1677435555517124	0.28968101687867265	0.0914471174192698	ATF5	0.26961875	False
7744	3.1677435555517124	0.28968101687867265	0.0914471174192698	MIR4751	0.26961875	False
7745	3.1677435555517124	0.28968101687867265	0.0914471174192698	SIGLEC11	0.26961875	False
7746	3.1677435555517124	0.28968101687867265	0.0914471174192698	VRK3	0.26961875	False
7747	3.1677435555517124	0.28968101687867265	0.0914471174192698	ZNF473	0.26961875	False
7748	3.1677435555517124	0.28968101687867265	0.0914471174192698	LOC400710	0.26961875	False
7749	2.8447264604878635	0.2513018655070642	0.08833955355551709	IZUMO2	0.26961836	False
7750	2.8447264604878635	0.2513018655070642	0.08833955355551709	MYH14	0.26961836	False
7751	2.8447264604878635	0.2513018655070642	0.08833955355551709	KCNC3	0.26961836	False
7752	2.8447264604878635	0.2513018655070642	0.08833955355551709	NR1H2	0.26961836	False
7753	2.8447264604878635	0.2513018655070642	0.08833955355551709	NAPSA	0.26961836	False
7754	2.8447264604878635	0.2513018655070642	0.08833955355551709	POLD1	0.26961836	False
7755	2.8447264604878635	0.2513018655070642	0.08833955355551709	SPIB	0.26961836	False
7756	2.8447264604878635	0.2513018655070642	0.08833955355551709	MYBPC2	0.26961836	False
7757	2.8447264604878635	0.2513018655070642	0.08833955355551709	FAM71E1	0.26961836	False
7758	2.8447264604878635	0.2513018655070642	0.08833955355551709	EMC10	0.26961836	False
7759	2.8447264604878635	0.2513018655070642	0.08833955355551709	JOSD2	0.26961836	False
7760	2.8447264604878635	0.2513018655070642	0.08833955355551709	ASPDH	0.26961836	False
7761	2.8447264604878635	0.2513018655070642	0.08833955355551709	LRRC4B	0.26961836	False
7762	2.8447264604878635	0.2513018655070642	0.08833955355551709	SYT3	0.26961836	False
7763	2.8447264604878635	0.2513018655070642	0.08833955355551709	C19orf81	0.26961836	False
7764	2.8447264604878635	0.2513018655070642	0.08833955355551709	SHANK1	0.26961836	False
7765	2.8447264604878635	0.2513018655070642	0.08833955355551709	CLEC11A	0.26961836	False
7766	2.8447264604878635	0.2513018655070642	0.08833955355551709	GPR32	0.26961836	False
7767	2.8447264604878635	0.2513018655070642	0.08833955355551709	LOC105372440	0.26961836	False
7768	2.8447264604878635	0.2513018655070642	0.08833955355551709	ACP4	0.26961836	False
7769	2.8447264604878635	0.2513018655070642	0.08833955355551709	C19orf48	0.26961836	False
7770	2.8447264604878635	0.2513018655070642	0.08833955355551709	SNORD88B	0.26961836	False
7771	2.8447264604878635	0.2513018655070642	0.08833955355551709	SNORD88A	0.26961836	False
7772	2.8447264604878635	0.2513018655070642	0.08833955355551709	SNORD88C	0.26961836	False
7773	2.8447264604878635	0.2513018655070642	0.08833955355551709	LINC01869	0.26961836	False
7774	2.8447264604878635	0.2513018655070642	0.08833955355551709	KLK1	0.26961836	False
7775	2.8447264604878635	0.2513018655070642	0.08833955355551709	KLK15	0.26961836	False
7776	2.8447264604878635	0.2513018655070642	0.08833955355551709	LOC105372441	0.26961836	False
7777	2.8447264604878635	0.2513018655070642	0.08833955355551709	KLK3	0.26961836	False
7778	2.8447264604878635	0.2513018655070642	0.08833955355551709	KLK2	0.26961836	False
7779	3.1897322820087504	1.0079893087894096	0.3160106302572275	NRIP1	0.26962256	False
7780	3.1897322820087504	1.0079893087894096	0.3160106302572275	USP25	0.26962256	False
7781	3.0935190389089984	0.8436124906879675	0.27270318368090185	MIR99AHG	0.2696215	False
7782	3.3580381369727483	1.1526735394109562	0.34325802519029297	MIR99A	0.26962394	False
7783	3.3580381369727483	1.1526735394109562	0.34325802519029297	MIRLET7C	0.26962394	False
7784	3.3580381369727483	1.1526735394109562	0.34325802519029297	MIR125B2	0.26962394	False
7785	2.7501260437107446	0.23129976297049748	0.08410514983466166	IL2RB	0.26961824	False
7786	2.7501260437107446	0.23129976297049748	0.08410514983466166	C1QTNF6	0.26961824	False
7787	2.7501260437107446	0.23129976297049748	0.08410514983466166	SSTR3	0.26961824	False
7788	2.7501260437107446	0.23129976297049748	0.08410514983466166	RAC2	0.26961824	False
7789	2.7501260437107446	0.23129976297049748	0.08410514983466166	CYTH4	0.26961824	False
7790	2.7501260437107446	0.23129976297049748	0.08410514983466166	ELFN2	0.26961824	False
7791	2.7501260437107446	0.23129976297049748	0.08410514983466166	LOC100506271	0.26961824	False
7792	2.7501260437107446	0.23129976297049748	0.08410514983466166	MFNG	0.26961824	False
7793	2.7501260437107446	0.23129976297049748	0.08410514983466166	CARD10	0.26961824	False
7794	2.7501260437107446	0.23129976297049748	0.08410514983466166	CDC42EP1	0.26961824	False
7795	2.7501260437107446	0.23129976297049748	0.08410514983466166	LGALS2	0.26961824	False
7796	2.7501260437107446	0.23129976297049748	0.08410514983466166	GGA1	0.26961824	False
7797	2.7501260437107446	0.23129976297049748	0.08410514983466166	SH3BP1	0.26961824	False
7798	2.7501260437107446	0.23129976297049748	0.08410514983466166	LOC101927051	0.26961824	False
7799	2.7501260437107446	0.23129976297049748	0.08410514983466166	PDXP	0.26961824	False
7800	2.7501260437107446	0.23129976297049748	0.08410514983466166	LGALS1	0.26961824	False
7801	2.7501260437107446	0.23129976297049748	0.08410514983466166	NOL12	0.26961824	False
7802	2.7501260437107446	0.23129976297049748	0.08410514983466166	TRIOBP	0.26961824	False
7803	2.7501260437107446	0.23129976297049748	0.08410514983466166	H1F0	0.26961824	False
7804	2.7501260437107446	0.23129976297049748	0.08410514983466166	GCAT	0.26961824	False
7805	2.7501260437107446	0.23129976297049748	0.08410514983466166	GALR3	0.26961824	False
7806	2.7501260437107446	0.23129976297049748	0.08410514983466166	ANKRD54	0.26961824	False
7807	2.7501260437107446	0.23129976297049748	0.08410514983466166	MIR658	0.26961824	False
7808	2.7501260437107446	0.23129976297049748	0.08410514983466166	MIR659	0.26961824	False
7809	2.7501260437107446	0.23129976297049748	0.08410514983466166	EIF3L	0.26961824	False
7810	2.64419568510285	0.20241979639608595	0.07655250234939119	PLA2G6	0.269618	False
7811	2.64419568510285	0.20241979639608595	0.07655250234939119	MAFF	0.269618	False
7812	2.64419568510285	0.20241979639608595	0.07655250234939119	TMEM184B	0.269618	False
7813	2.64419568510285	0.20241979639608595	0.07655250234939119	CSNK1E	0.269618	False
7814	2.64419568510285	0.20241979639608595	0.07655250234939119	TPTEP2-CSNK1E	0.269618	False
7815	2.64419568510285	0.20241979639608595	0.07655250234939119	KCNJ4	0.269618	False
7816	2.64419568510285	0.20241979639608595	0.07655250234939119	KDELR3	0.269618	False
7817	2.64419568510285	0.20241979639608595	0.07655250234939119	DDX17	0.269618	False
7818	2.64419568510285	0.20241979639608595	0.07655250234939119	DMC1	0.269618	False
7819	2.64419568510285	0.20241979639608595	0.07655250234939119	FAM227A	0.269618	False
7820	2.64419568510285	0.20241979639608595	0.07655250234939119	CBY1	0.269618	False
7821	2.64419568510285	0.20241979639608595	0.07655250234939119	TOMM22	0.269618	False
7822	2.64419568510285	0.20241979639608595	0.07655250234939119	JOSD1	0.269618	False
7823	2.64419568510285	0.20241979639608595	0.07655250234939119	GTPBP1	0.269618	False
7824	2.64419568510285	0.20241979639608595	0.07655250234939119	SUN2	0.269618	False
7825	2.64419568510285	0.20241979639608595	0.07655250234939119	DNAL4	0.269618	False
7826	2.64419568510285	0.20241979639608595	0.07655250234939119	NPTXR	0.269618	False
7827	2.64419568510285	0.20241979639608595	0.07655250234939119	CBX6	0.269618	False
